9.9356 	INFO 	Loaded monitor calibration from ['2025_08_12 09:11']
9.9483 	WARNING 	User requested fullscreen with size [1024  768], but screen is actually [1920, 1080]. Using actual size
10.7626 	INFO 	Using renderer 'AMD Radeon(TM) Graphics' for graphics
10.7626 	INFO 	OpenGL version supported by driver is 4..
10.8630 	EXP 	Created window1 = Window(allowGUI=False, allowStencil=False, autoLog=True, backendConf=UNKNOWN, backgroundFit=<method-wrapper '__getattribute__' of attributeSetter object at 0x0000015E634AA230>, backgroundImage=<method-wrapper '__getattribute__' of attributeSetter object at 0x0000015E634AA1D0>, bitsMode=UNKNOWN, blendMode='avg', bpc=(8, 8, 8), color=array([0, 0, 0]), colorSpace='rgb', depthBits=8, fullscr=True, gamma=None, gammaErrorPolicy='raise', infoMsg=UNKNOWN, lms=UNKNOWN, monitor=<psychopy.monitors.calibTools.Monitor object at 0x0000015E63563A90>, multiSample=False, name='window1', numSamples=2, pos=[np.float64(0.0), np.float64(0.0)], screen=0, size=array([1920, 1080]), stencilBits=0, stereo=False, title='PsychoPy', units='height', useFBO=True, useRetina=False, viewOri=0.0, viewPos=None, viewScale=None, waitBlanking=True, winType='pyglet')
10.8633 	EXP 	window1: backgroundImage = ''
10.8634 	EXP 	window1: backgroundFit = 'none'
11.3719 	EXP 	window1: Attempting to measure frame rate of screen (0) ...
11.3720 	EXP 	window1: recordFrameIntervals = False
11.5887 	EXP 	window1: recordFrameIntervals = True
11.7728 	EXP 	Screen (0) actual frame rate measured at 59.79Hz
11.7729 	EXP 	window1: recordFrameIntervals = False
11.8430 	INFO 	keyboard.Keyboard is using ptb backend.
11.8433 	INFO 	keyboard.Keyboard is using ptb backend.
11.8434 	INFO 	keyboard.Keyboard is using ptb backend.
11.8435 	EXP 	cueing_task_exp: status = STARTED
12.0992 	EXP 	Created welcome_text = TextStim(__class__=<class 'psychopy.visual.text.TextStim'>, alignHoriz=method-wrapper(...), alignText='center', alignVert=method-wrapper(...), anchorHoriz='center', anchorVert='center', antialias=True, autoDraw=False, autoLog=True, bold=False, color=array([1., 1., 1.]), colorSpace='rgb', contrast=1.0, depth=0.0, draggable=False, flipHoriz=False, flipVert=False, font='Arial', fontFiles=[], height=np.float64(0.05), italic=False, languageStyle='LTR', name='welcome_text', opacity=1, ori=0.0, pos=array([0., 0.]), rgb=UNKNOWN, text=str(...), units='height', win=Window(...), wrapWidth=1)
12.1075 	EXP 	Created fixation = ShapeStim(__class__=<class 'psychopy.visual.shape.ShapeStim'>, anchor=('center', 'center'), autoDraw=False, autoLog=True, closeShape=True, color=method-wrapper(...), colorSpace='rgb', contrast=None, depth=0.0, draggable=False, fillColor=array([1, 1, 1]), fillColorSpace='rgb', fillRGB=array([1, 1, 1]), interpolate=True, lineColor=array([1., 1., 1.]), lineColorSpace='rgb', lineRGB=array([1, 1, 1]), lineWidth=1.0, name='fixation', opacity=1, ori=0.0, pos=array([0., 0.]), size=array([0.05, 0.05]), units='height', vertices=ndarray(...), win=Window(...), windingRule=None)
12.1103 	EXP 	Created cue_text = TextStim(__class__=<class 'psychopy.visual.text.TextStim'>, alignHoriz=method-wrapper(...), alignText='center', alignVert=method-wrapper(...), anchorHoriz='center', anchorVert='center', antialias=True, autoDraw=False, autoLog=True, bold=False, color=array([1., 1., 1.]), colorSpace='rgb', contrast=1.0, depth=-1.0, draggable=False, flipHoriz=False, flipVert=False, font='Arial', fontFiles=[], height=0.1, italic=False, languageStyle='LTR', name='cue_text', opacity=1, ori=0.0, pos=array([0., 0.]), rgb=UNKNOWN, text='', units='height', win=Window(...), wrapWidth=1)
12.1114 	EXP 	Created target = Rect(__class__=<class 'psychopy.visual.rect.Rect'>, anchor=('center', 'center'), autoDraw=False, autoLog=True, closeShape=True, color=method-wrapper(...), colorSpace='rgb', contrast=None, depth=-2.0, draggable=False, fillColor=array([1., 1., 1.]), fillColorSpace='rgb', fillRGB=array([1., 1., 1.]), interpolate=True, lineColor=array([1., 1., 1.]), lineColorSpace='rgb', lineRGB=array([1., 1., 1.]), lineWidth=1.0, name='target', opacity=1, ori=0.0, pos=array([0., 0.]), size=array([0.15, 0.15]), units='height', vertices=ndarray(...), win=Window(...))
12.1175 	EXP 	Created text = TextStim(__class__=<class 'psychopy.visual.text.TextStim'>, alignHoriz=method-wrapper(...), alignText='center', alignVert=method-wrapper(...), anchorHoriz='center', anchorVert='center', antialias=True, autoDraw=False, autoLog=True, bold=False, color=array([1., 1., 1.]), colorSpace='rgb', contrast=1.0, depth=0.0, draggable=False, flipHoriz=False, flipVert=False, font='Arial', fontFiles=[], height=np.float64(0.05), italic=False, languageStyle='LTR', name='text', opacity=1, ori=0.0, pos=array([0., 0.]), rgb=UNKNOWN, text=str(...), units='height', win=Window(...), wrapWidth=1)
0.0184 	INFO 	Keyboard events cleared
0.0183 	EXP 	welcome_text: autoDraw = True
15.6394 	EXP 	Device response: <KeyPress from None: t=15.479996199996094, value=space, duration=None>
15.6396 	EXP 	Device response: <KeyPress from None: t=15.479996199996094, value=space, duration=0.13303959999757353>
15.6512 	EXP 	Imported conditions_file.xlsx as conditions, 10 conditions, 4 params
15.6572 	EXP 	New trial (rep=0, index=0): <Trial 0 (0 in rep 0) data={'cue_arrow': '←', 'target_x': -0.5, 'condition': 'valid', 'corr_Ans': 'left', 'thisN': 0, 'thisTrialN': 0, 'thisRepN': 0}>
15.6719 	DATA 	Keypress: space
15.6811 	EXP 	welcome_text: autoDraw = False
15.6811 	EXP 	cue_text: height = np.float64(0.1)
15.6811 	EXP 	cue_text: height = np.float64(0.1)
15.6811 	EXP 	cue_text: height = np.float64(0.1)
15.6811 	EXP 	cue_text: text = '←'
15.6811 	EXP 	fixation: autoDraw = True
16.1542 	EXP 	fixation: autoDraw = False
16.1542 	EXP 	cue_text: autoDraw = True
16.4544 	EXP 	cue_text: autoDraw = False
16.7552 	INFO 	Keyboard events cleared
16.7550 	EXP 	target: autoDraw = True
17.2379 	EXP 	Device response: <KeyPress from None: t=17.232333000007202, value=left, duration=None>
17.2383 	EXP 	New trial (rep=0, index=1): <Trial 1 (1 in rep 0) data={'cue_arrow': '→', 'target_x': 0.5, 'condition': 'valid', 'corr_Ans': 'right', 'thisN': 1, 'thisTrialN': 1, 'thisRepN': 0}>
17.2454 	DATA 	Keypress: left
17.2541 	EXP 	fixation: autoDraw = False
17.2541 	EXP 	cue_text: autoDraw = False
17.2541 	EXP 	target: autoDraw = False
17.2541 	EXP 	cue_text: height = np.float64(0.1)
17.2541 	EXP 	cue_text: height = np.float64(0.1)
17.2541 	EXP 	cue_text: height = np.float64(0.1)
17.2541 	EXP 	cue_text: text = '→'
17.2541 	EXP 	fixation: autoDraw = True
17.4061 	EXP 	Device response: <KeyPress from None: t=17.232333000007202, value=left, duration=0.16682980000041425>
17.7388 	EXP 	fixation: autoDraw = False
17.7388 	EXP 	cue_text: autoDraw = True
18.0381 	EXP 	cue_text: autoDraw = False
18.3389 	INFO 	Keyboard events cleared
18.3387 	EXP 	target: autoDraw = True
18.7716 	EXP 	Device response: <KeyPress from None: t=18.76183420000598, value=right, duration=None>
18.7721 	EXP 	New trial (rep=0, index=2): <Trial 2 (2 in rep 0) data={'cue_arrow': '←', 'target_x': -0.5, 'condition': 'valid', 'corr_Ans': 'left', 'thisN': 2, 'thisTrialN': 2, 'thisRepN': 0}>
18.7754 	DATA 	Keypress: right
18.7885 	EXP 	fixation: autoDraw = False
18.7885 	EXP 	cue_text: autoDraw = False
18.7885 	EXP 	target: autoDraw = False
18.7885 	EXP 	cue_text: height = np.float64(0.1)
18.7885 	EXP 	cue_text: height = np.float64(0.1)
18.7885 	EXP 	cue_text: height = np.float64(0.1)
18.7885 	EXP 	cue_text: text = '←'
18.7885 	EXP 	fixation: autoDraw = True
18.9217 	EXP 	Device response: <KeyPress from None: t=18.76183420000598, value=right, duration=0.1542948999995133>
19.2717 	EXP 	fixation: autoDraw = False
19.2717 	EXP 	cue_text: autoDraw = True
19.5720 	EXP 	cue_text: autoDraw = False
19.8728 	INFO 	Keyboard events cleared
19.8726 	EXP 	target: autoDraw = True
20.0876 	EXP 	Device response: <KeyPress from None: t=20.074102900005528, value=left, duration=None>
20.0881 	EXP 	New trial (rep=0, index=3): <Trial 3 (3 in rep 0) data={'cue_arrow': '→', 'target_x': 0.5, 'condition': 'valid', 'corr_Ans': 'right', 'thisN': 3, 'thisTrialN': 3, 'thisRepN': 0}>
20.0910 	DATA 	Keypress: left
20.1060 	EXP 	fixation: autoDraw = False
20.1060 	EXP 	cue_text: autoDraw = False
20.1060 	EXP 	target: autoDraw = False
20.1060 	EXP 	cue_text: height = np.float64(0.1)
20.1060 	EXP 	cue_text: height = np.float64(0.1)
20.1060 	EXP 	cue_text: height = np.float64(0.1)
20.1060 	EXP 	cue_text: text = '→'
20.1060 	EXP 	fixation: autoDraw = True
20.2555 	EXP 	Device response: <KeyPress from None: t=20.074102900005528, value=left, duration=0.16847049999341834>
20.5887 	EXP 	fixation: autoDraw = False
20.5887 	EXP 	cue_text: autoDraw = True
20.8888 	EXP 	cue_text: autoDraw = False
21.1887 	INFO 	Keyboard events cleared
21.1885 	EXP 	target: autoDraw = True
21.5403 	DATA 	Keypress: right
21.5547 	EXP 	Device response: <KeyPress from None: t=21.53926410000713, value=right, duration=None>
21.5550 	EXP 	New trial (rep=0, index=4): <Trial 4 (4 in rep 0) data={'cue_arrow': '←', 'target_x': -0.5, 'condition': 'valid', 'corr_Ans': 'left', 'thisN': 4, 'thisTrialN': 4, 'thisRepN': 0}>
21.5718 	EXP 	fixation: autoDraw = False
21.5718 	EXP 	cue_text: autoDraw = False
21.5718 	EXP 	target: autoDraw = False
21.5718 	EXP 	cue_text: height = np.float64(0.1)
21.5718 	EXP 	cue_text: height = np.float64(0.1)
21.5718 	EXP 	cue_text: height = np.float64(0.1)
21.5718 	EXP 	cue_text: text = '←'
21.5718 	EXP 	fixation: autoDraw = True
21.6888 	EXP 	Device response: <KeyPress from None: t=21.53926410000713, value=right, duration=0.139449299997068>
22.0553 	EXP 	fixation: autoDraw = False
22.0553 	EXP 	cue_text: autoDraw = True
22.3544 	EXP 	cue_text: autoDraw = False
22.6563 	INFO 	Keyboard events cleared
22.6561 	EXP 	target: autoDraw = True
22.9727 	EXP 	Device response: <KeyPress from None: t=22.9633759999997, value=left, duration=None>
22.9731 	EXP 	New trial (rep=0, index=5): <Trial 5 (5 in rep 0) data={'cue_arrow': '←', 'target_x': 0.5, 'condition': 'invalid', 'corr_Ans': 'right', 'thisN': 5, 'thisTrialN': 5, 'thisRepN': 0}>
22.9744 	DATA 	Keypress: left
22.9877 	EXP 	fixation: autoDraw = False
22.9877 	EXP 	cue_text: autoDraw = False
22.9877 	EXP 	target: autoDraw = False
22.9877 	EXP 	cue_text: text = '←'
22.9877 	EXP 	fixation: autoDraw = True
23.1213 	EXP 	Device response: <KeyPress from None: t=22.9633759999997, value=left, duration=0.14757549999922048>
23.4890 	EXP 	fixation: autoDraw = False
23.4890 	EXP 	cue_text: autoDraw = True
23.7723 	EXP 	cue_text: autoDraw = False
24.0887 	INFO 	Keyboard events cleared
24.0885 	EXP 	target: autoDraw = True
24.7722 	EXP 	Device response: <KeyPress from None: t=24.771524800002226, value=right, duration=None>
24.7727 	EXP 	New trial (rep=0, index=6): <Trial 6 (6 in rep 0) data={'cue_arrow': '←', 'target_x': -0.5, 'condition': 'valid', 'corr_Ans': 'left', 'thisN': 6, 'thisTrialN': 6, 'thisRepN': 0}>
24.7744 	DATA 	Keypress: right
24.7872 	EXP 	fixation: autoDraw = False
24.7872 	EXP 	cue_text: autoDraw = False
24.7872 	EXP 	target: autoDraw = False
24.7872 	EXP 	cue_text: text = '←'
24.7872 	EXP 	fixation: autoDraw = True
24.9222 	EXP 	Device response: <KeyPress from None: t=24.771524800002226, value=right, duration=0.14943940000375733>
25.2722 	EXP 	fixation: autoDraw = False
25.2722 	EXP 	cue_text: autoDraw = True
25.5717 	EXP 	cue_text: autoDraw = False
25.8706 	INFO 	Keyboard events cleared
25.8704 	EXP 	target: autoDraw = True
26.3551 	EXP 	Device response: <KeyPress from None: t=26.34146700000565, value=left, duration=None>
26.3555 	EXP 	New trial (rep=0, index=7): <Trial 7 (7 in rep 0) data={'cue_arrow': '→', 'target_x': 0.5, 'condition': 'valid', 'corr_Ans': 'right', 'thisN': 7, 'thisTrialN': 7, 'thisRepN': 0}>
26.3584 	DATA 	Keypress: left
26.3727 	EXP 	fixation: autoDraw = False
26.3727 	EXP 	cue_text: autoDraw = False
26.3727 	EXP 	target: autoDraw = False
26.3727 	EXP 	cue_text: height = np.float64(0.1)
26.3727 	EXP 	cue_text: height = np.float64(0.1)
26.3727 	EXP 	cue_text: height = np.float64(0.1)
26.3727 	EXP 	cue_text: text = '→'
26.3727 	EXP 	fixation: autoDraw = True
26.5057 	EXP 	Device response: <KeyPress from None: t=26.34146700000565, value=left, duration=0.15029809999396093>
26.8554 	EXP 	fixation: autoDraw = False
26.8554 	EXP 	cue_text: autoDraw = True
27.1549 	EXP 	cue_text: autoDraw = False
27.4725 	INFO 	Keyboard events cleared
27.4723 	EXP 	target: autoDraw = True
27.8891 	EXP 	Device response: <KeyPress from None: t=27.882111600003554, value=right, duration=None>
27.8895 	EXP 	New trial (rep=0, index=8): <Trial 8 (8 in rep 0) data={'cue_arrow': '→', 'target_x': 0.5, 'condition': 'valid', 'corr_Ans': 'right', 'thisN': 8, 'thisTrialN': 8, 'thisRepN': 0}>
27.8909 	DATA 	Keypress: right
27.9045 	EXP 	fixation: autoDraw = False
27.9045 	EXP 	cue_text: autoDraw = False
27.9045 	EXP 	target: autoDraw = False
27.9045 	EXP 	cue_text: text = '→'
27.9045 	EXP 	fixation: autoDraw = True
28.0217 	EXP 	Device response: <KeyPress from None: t=27.882111600003554, value=right, duration=0.12822839998989366>
28.3889 	EXP 	fixation: autoDraw = False
28.3889 	EXP 	cue_text: autoDraw = True
28.7056 	EXP 	cue_text: autoDraw = False
29.0052 	INFO 	Keyboard events cleared
29.0050 	EXP 	target: autoDraw = True
29.4551 	EXP 	Device response: <KeyPress from None: t=29.44425479999336, value=right, duration=None>
29.4555 	EXP 	New trial (rep=0, index=9): <Trial 9 (9 in rep 0) data={'cue_arrow': '→', 'target_x': -0.5, 'condition': 'invalid', 'corr_Ans': 'left', 'thisN': 9, 'thisTrialN': 9, 'thisRepN': 0}>
29.4567 	DATA 	Keypress: right
29.4706 	EXP 	fixation: autoDraw = False
29.4706 	EXP 	cue_text: autoDraw = False
29.4706 	EXP 	target: autoDraw = False
29.4706 	EXP 	cue_text: text = '→'
29.4706 	EXP 	fixation: autoDraw = True
29.6051 	EXP 	Device response: <KeyPress from None: t=29.44425479999336, value=right, duration=0.14533220000157598>
29.9537 	EXP 	fixation: autoDraw = False
29.9537 	EXP 	cue_text: autoDraw = True
30.2545 	EXP 	cue_text: autoDraw = False
30.5550 	INFO 	Keyboard events cleared
30.5548 	EXP 	target: autoDraw = True
30.8745 	DATA 	Keypress: right
30.8877 	EXP 	Device response: <KeyPress from None: t=30.87389339999936, value=right, duration=None>
30.8880 	EXP 	New trial (rep=1, index=0): <Trial 10 (0 in rep 1) data={'cue_arrow': '←', 'target_x': -0.5, 'condition': 'valid', 'corr_Ans': 'left', 'thisN': 10, 'thisTrialN': 0, 'thisRepN': 1}>
30.9053 	EXP 	fixation: autoDraw = False
30.9053 	EXP 	cue_text: autoDraw = False
30.9053 	EXP 	target: autoDraw = False
30.9053 	EXP 	cue_text: height = np.float64(0.1)
30.9053 	EXP 	cue_text: height = np.float64(0.1)
30.9053 	EXP 	cue_text: height = np.float64(0.1)
30.9053 	EXP 	cue_text: text = '←'
30.9053 	EXP 	fixation: autoDraw = True
31.0216 	EXP 	Device response: <KeyPress from None: t=30.87389339999936, value=right, duration=0.13999609999882523>
31.3879 	EXP 	fixation: autoDraw = False
31.3879 	EXP 	cue_text: autoDraw = True
31.6878 	EXP 	cue_text: autoDraw = False
31.9880 	INFO 	Keyboard events cleared
31.9878 	EXP 	target: autoDraw = True
33.1211 	EXP 	Device response: <KeyPress from None: t=33.110807499993825, value=left, duration=None>
33.1213 	EXP 	New trial (rep=1, index=1): <Trial 11 (1 in rep 1) data={'cue_arrow': '→', 'target_x': 0.5, 'condition': 'valid', 'corr_Ans': 'right', 'thisN': 11, 'thisTrialN': 1, 'thisRepN': 1}>
33.1235 	DATA 	Keypress: left
33.1368 	EXP 	fixation: autoDraw = False
33.1368 	EXP 	cue_text: autoDraw = False
33.1368 	EXP 	target: autoDraw = False
33.1368 	EXP 	cue_text: height = np.float64(0.1)
33.1368 	EXP 	cue_text: height = np.float64(0.1)
33.1368 	EXP 	cue_text: height = np.float64(0.1)
33.1368 	EXP 	cue_text: text = '→'
33.1368 	EXP 	fixation: autoDraw = True
33.2711 	EXP 	Device response: <KeyPress from None: t=33.110807499993825, value=left, duration=0.15680470000370406>
33.6369 	EXP 	fixation: autoDraw = False
33.6369 	EXP 	cue_text: autoDraw = True
33.9367 	EXP 	cue_text: autoDraw = False
34.2380 	INFO 	Keyboard events cleared
34.2379 	EXP 	target: autoDraw = True
34.5210 	EXP 	Device response: <KeyPress from None: t=34.51656499999808, value=right, duration=None>
34.5212 	EXP 	New trial (rep=1, index=2): <Trial 12 (2 in rep 1) data={'cue_arrow': '→', 'target_x': -0.5, 'condition': 'invalid', 'corr_Ans': 'left', 'thisN': 12, 'thisTrialN': 2, 'thisRepN': 1}>
34.5220 	DATA 	Keypress: right
34.5368 	EXP 	fixation: autoDraw = False
34.5368 	EXP 	cue_text: autoDraw = False
34.5368 	EXP 	target: autoDraw = False
34.5368 	EXP 	cue_text: text = '→'
34.5368 	EXP 	fixation: autoDraw = True
34.6882 	EXP 	Device response: <KeyPress from None: t=34.51656499999808, value=right, duration=0.15770720000728033>
35.0208 	EXP 	fixation: autoDraw = False
35.0208 	EXP 	cue_text: autoDraw = True
35.3207 	EXP 	cue_text: autoDraw = False
35.6212 	INFO 	Keyboard events cleared
35.6211 	EXP 	target: autoDraw = True
35.7211 	EXP 	Device response: <KeyPress from None: t=35.719301000004634, value=right, duration=None>
35.7213 	EXP 	New trial (rep=1, index=3): <Trial 13 (3 in rep 1) data={'cue_arrow': '←', 'target_x': 0.5, 'condition': 'invalid', 'corr_Ans': 'right', 'thisN': 13, 'thisTrialN': 3, 'thisRepN': 1}>
35.7235 	DATA 	Keypress: right
35.7367 	EXP 	fixation: autoDraw = False
35.7367 	EXP 	cue_text: autoDraw = False
35.7367 	EXP 	target: autoDraw = False
35.7367 	EXP 	cue_text: height = np.float64(0.1)
35.7367 	EXP 	cue_text: height = np.float64(0.1)
35.7367 	EXP 	cue_text: height = np.float64(0.1)
35.7367 	EXP 	cue_text: text = '←'
35.7367 	EXP 	fixation: autoDraw = True
35.8712 	EXP 	Device response: <KeyPress from None: t=35.719301000004634, value=right, duration=0.13982229999965057>
36.2210 	EXP 	fixation: autoDraw = False
36.2210 	EXP 	cue_text: autoDraw = True
36.5223 	EXP 	cue_text: autoDraw = False
36.8213 	INFO 	Keyboard events cleared
36.8211 	EXP 	target: autoDraw = True
37.9564 	EXP 	Device response: <KeyPress from None: t=37.948156800004654, value=right, duration=None>
37.9569 	EXP 	New trial (rep=1, index=4): <Trial 14 (4 in rep 1) data={'cue_arrow': '←', 'target_x': -0.5, 'condition': 'valid', 'corr_Ans': 'left', 'thisN': 14, 'thisTrialN': 4, 'thisRepN': 1}>
37.9583 	DATA 	Keypress: right
37.9711 	EXP 	fixation: autoDraw = False
37.9711 	EXP 	cue_text: autoDraw = False
37.9711 	EXP 	target: autoDraw = False
37.9711 	EXP 	cue_text: text = '←'
37.9711 	EXP 	fixation: autoDraw = True
38.0879 	EXP 	Device response: <KeyPress from None: t=37.948156800004654, value=right, duration=0.13744039999437518>
38.4725 	EXP 	fixation: autoDraw = False
38.4725 	EXP 	cue_text: autoDraw = True
38.7554 	EXP 	cue_text: autoDraw = False
39.0724 	INFO 	Keyboard events cleared
39.0722 	EXP 	target: autoDraw = True
40.0235 	DATA 	Keypress: left
40.0383 	EXP 	Device response: <KeyPress from None: t=40.02269990000059, value=left, duration=None>
40.0387 	EXP 	New trial (rep=1, index=5): <Trial 15 (5 in rep 1) data={'cue_arrow': '←', 'target_x': -0.5, 'condition': 'valid', 'corr_Ans': 'left', 'thisN': 15, 'thisTrialN': 5, 'thisRepN': 1}>
40.0558 	EXP 	fixation: autoDraw = False
40.0558 	EXP 	cue_text: autoDraw = False
40.0558 	EXP 	target: autoDraw = False
40.0558 	EXP 	cue_text: text = '←'
40.0558 	EXP 	fixation: autoDraw = True
40.2228 	EXP 	Device response: <KeyPress from None: t=40.02269990000059, value=left, duration=0.18468370000482537>
40.5382 	EXP 	fixation: autoDraw = False
40.5382 	EXP 	cue_text: autoDraw = True
40.8391 	EXP 	cue_text: autoDraw = False
41.1396 	INFO 	Keyboard events cleared
41.1394 	EXP 	target: autoDraw = True
41.9725 	EXP 	Device response: <KeyPress from None: t=41.97051329999522, value=left, duration=None>
41.9730 	EXP 	New trial (rep=1, index=6): <Trial 16 (6 in rep 1) data={'cue_arrow': '→', 'target_x': 0.5, 'condition': 'valid', 'corr_Ans': 'right', 'thisN': 16, 'thisTrialN': 6, 'thisRepN': 1}>
41.9766 	DATA 	Keypress: left
41.9883 	EXP 	fixation: autoDraw = False
41.9883 	EXP 	cue_text: autoDraw = False
41.9883 	EXP 	target: autoDraw = False
41.9883 	EXP 	cue_text: height = np.float64(0.1)
41.9883 	EXP 	cue_text: height = np.float64(0.1)
41.9883 	EXP 	cue_text: height = np.float64(0.1)
41.9883 	EXP 	cue_text: text = '→'
41.9883 	EXP 	fixation: autoDraw = True
42.1723 	EXP 	Device response: <KeyPress from None: t=41.97051329999522, value=left, duration=0.19642960000783205>
42.4893 	EXP 	fixation: autoDraw = False
42.4893 	EXP 	cue_text: autoDraw = True
42.7892 	EXP 	cue_text: autoDraw = False
43.0731 	INFO 	Keyboard events cleared
43.0729 	EXP 	target: autoDraw = True
43.6565 	EXP 	Device response: <KeyPress from None: t=43.64965140000277, value=right, duration=None>
43.6570 	EXP 	New trial (rep=1, index=7): <Trial 17 (7 in rep 1) data={'cue_arrow': '←', 'target_x': -0.5, 'condition': 'valid', 'corr_Ans': 'left', 'thisN': 17, 'thisTrialN': 7, 'thisRepN': 1}>
43.6602 	DATA 	Keypress: right
43.6704 	EXP 	fixation: autoDraw = False
43.6704 	EXP 	cue_text: autoDraw = False
43.6704 	EXP 	target: autoDraw = False
43.6704 	EXP 	cue_text: height = np.float64(0.1)
43.6704 	EXP 	cue_text: height = np.float64(0.1)
43.6704 	EXP 	cue_text: height = np.float64(0.1)
43.6704 	EXP 	cue_text: text = '←'
43.6704 	EXP 	fixation: autoDraw = True
43.8556 	EXP 	Device response: <KeyPress from None: t=43.64965140000277, value=right, duration=0.19410890000290237>
44.1725 	EXP 	fixation: autoDraw = False
44.1725 	EXP 	cue_text: autoDraw = True
44.4726 	EXP 	cue_text: autoDraw = False
44.7726 	INFO 	Keyboard events cleared
44.7723 	EXP 	target: autoDraw = True
45.2884 	EXP 	Device response: <KeyPress from None: t=45.276542100007646, value=left, duration=None>
45.2888 	EXP 	New trial (rep=1, index=8): <Trial 18 (8 in rep 1) data={'cue_arrow': '→', 'target_x': 0.5, 'condition': 'valid', 'corr_Ans': 'right', 'thisN': 18, 'thisTrialN': 8, 'thisRepN': 1}>
45.2917 	DATA 	Keypress: left
45.3050 	EXP 	fixation: autoDraw = False
45.3050 	EXP 	cue_text: autoDraw = False
45.3050 	EXP 	target: autoDraw = False
45.3050 	EXP 	cue_text: height = np.float64(0.1)
45.3050 	EXP 	cue_text: height = np.float64(0.1)
45.3050 	EXP 	cue_text: height = np.float64(0.1)
45.3050 	EXP 	cue_text: text = '→'
45.3050 	EXP 	fixation: autoDraw = True
45.4555 	EXP 	Device response: <KeyPress from None: t=45.276542100007646, value=left, duration=0.16220909998810384>
45.7888 	EXP 	fixation: autoDraw = False
45.7888 	EXP 	cue_text: autoDraw = True
46.0893 	EXP 	cue_text: autoDraw = False
46.3892 	INFO 	Keyboard events cleared
46.3890 	EXP 	target: autoDraw = True
47.1552 	EXP 	Device response: <KeyPress from None: t=47.14969010000641, value=right, duration=None>
47.1556 	EXP 	New trial (rep=1, index=9): <Trial 19 (9 in rep 1) data={'cue_arrow': '→', 'target_x': 0.5, 'condition': 'valid', 'corr_Ans': 'right', 'thisN': 19, 'thisTrialN': 9, 'thisRepN': 1}>
47.1567 	DATA 	Keypress: right
47.1706 	EXP 	fixation: autoDraw = False
47.1706 	EXP 	cue_text: autoDraw = False
47.1706 	EXP 	target: autoDraw = False
47.1706 	EXP 	cue_text: text = '→'
47.1706 	EXP 	fixation: autoDraw = True
47.3226 	EXP 	Device response: <KeyPress from None: t=47.14969010000641, value=right, duration=0.16903939998883288>
47.6559 	EXP 	fixation: autoDraw = False
47.6559 	EXP 	cue_text: autoDraw = True
47.9555 	EXP 	cue_text: autoDraw = False
48.2727 	INFO 	Keyboard events cleared
48.2725 	EXP 	target: autoDraw = True
48.8890 	EXP 	Device response: <KeyPress from None: t=48.87633290000667, value=right, duration=None>
48.8894 	EXP 	New trial (rep=2, index=0): <Trial 20 (0 in rep 2) data={'cue_arrow': '→', 'target_x': 0.5, 'condition': 'valid', 'corr_Ans': 'right', 'thisN': 20, 'thisTrialN': 0, 'thisRepN': 2}>
48.8909 	DATA 	Keypress: right
48.9050 	EXP 	fixation: autoDraw = False
48.9050 	EXP 	cue_text: autoDraw = False
48.9050 	EXP 	target: autoDraw = False
48.9050 	EXP 	cue_text: text = '→'
48.9050 	EXP 	fixation: autoDraw = True
49.0552 	EXP 	Device response: <KeyPress from None: t=48.87633290000667, value=right, duration=0.17822899999737274>
49.3887 	EXP 	fixation: autoDraw = False
49.3887 	EXP 	cue_text: autoDraw = True
49.6887 	EXP 	cue_text: autoDraw = False
49.9884 	INFO 	Keyboard events cleared
49.9882 	EXP 	target: autoDraw = True
50.6056 	EXP 	Device response: <KeyPress from None: t=50.59947070000635, value=right, duration=None>
50.6059 	EXP 	New trial (rep=2, index=1): <Trial 21 (1 in rep 2) data={'cue_arrow': '→', 'target_x': -0.5, 'condition': 'invalid', 'corr_Ans': 'left', 'thisN': 21, 'thisTrialN': 1, 'thisRepN': 2}>
50.6072 	DATA 	Keypress: right
50.6210 	EXP 	fixation: autoDraw = False
50.6210 	EXP 	cue_text: autoDraw = False
50.6210 	EXP 	target: autoDraw = False
50.6210 	EXP 	cue_text: text = '→'
50.6210 	EXP 	fixation: autoDraw = True
50.7722 	EXP 	Device response: <KeyPress from None: t=50.59947070000635, value=right, duration=0.16744619999371935>
51.1223 	EXP 	fixation: autoDraw = False
51.1223 	EXP 	cue_text: autoDraw = True
51.4057 	EXP 	cue_text: autoDraw = False
51.7060 	INFO 	Keyboard events cleared
51.7058 	EXP 	target: autoDraw = True
52.5886 	EXP 	Device response: <KeyPress from None: t=52.57891860000382, value=left, duration=None>
52.5889 	EXP 	New trial (rep=2, index=2): <Trial 22 (2 in rep 2) data={'cue_arrow': '→', 'target_x': 0.5, 'condition': 'valid', 'corr_Ans': 'right', 'thisN': 22, 'thisTrialN': 2, 'thisRepN': 2}>
52.5901 	DATA 	Keypress: left
52.6048 	EXP 	fixation: autoDraw = False
52.6048 	EXP 	cue_text: autoDraw = False
52.6048 	EXP 	target: autoDraw = False
52.6048 	EXP 	cue_text: text = '→'
52.6048 	EXP 	fixation: autoDraw = True
52.7381 	EXP 	Device response: <KeyPress from None: t=52.57891860000382, value=left, duration=0.1442864999989979>
53.0892 	EXP 	fixation: autoDraw = False
53.0892 	EXP 	cue_text: autoDraw = True
53.3887 	EXP 	cue_text: autoDraw = False
53.6894 	INFO 	Keyboard events cleared
53.6891 	EXP 	target: autoDraw = True
54.6550 	EXP 	Device response: <KeyPress from None: t=54.650852899998426, value=right, duration=None>
54.6554 	EXP 	New trial (rep=2, index=3): <Trial 23 (3 in rep 2) data={'cue_arrow': '←', 'target_x': -0.5, 'condition': 'valid', 'corr_Ans': 'left', 'thisN': 23, 'thisTrialN': 3, 'thisRepN': 2}>
54.6587 	DATA 	Keypress: right
54.6716 	EXP 	fixation: autoDraw = False
54.6716 	EXP 	cue_text: autoDraw = False
54.6716 	EXP 	target: autoDraw = False
54.6716 	EXP 	cue_text: height = np.float64(0.1)
54.6716 	EXP 	cue_text: height = np.float64(0.1)
54.6716 	EXP 	cue_text: height = np.float64(0.1)
54.6716 	EXP 	cue_text: text = '←'
54.6716 	EXP 	fixation: autoDraw = True
54.8215 	EXP 	Device response: <KeyPress from None: t=54.650852899998426, value=right, duration=0.169459700002335>
55.1561 	EXP 	fixation: autoDraw = False
55.1561 	EXP 	cue_text: autoDraw = True
55.4560 	EXP 	cue_text: autoDraw = False
55.7569 	INFO 	Keyboard events cleared
55.7567 	EXP 	target: autoDraw = True
56.2904 	DATA 	Keypress: left
56.3059 	EXP 	Device response: <KeyPress from None: t=56.28927949999343, value=left, duration=None>
56.3063 	EXP 	New trial (rep=2, index=4): <Trial 24 (4 in rep 2) data={'cue_arrow': '→', 'target_x': 0.5, 'condition': 'valid', 'corr_Ans': 'right', 'thisN': 24, 'thisTrialN': 4, 'thisRepN': 2}>
56.3226 	EXP 	fixation: autoDraw = False
56.3226 	EXP 	cue_text: autoDraw = False
56.3226 	EXP 	target: autoDraw = False
56.3226 	EXP 	cue_text: height = np.float64(0.1)
56.3226 	EXP 	cue_text: height = np.float64(0.1)
56.3226 	EXP 	cue_text: height = np.float64(0.1)
56.3226 	EXP 	cue_text: text = '→'
56.3226 	EXP 	fixation: autoDraw = True
56.4898 	EXP 	Device response: <KeyPress from None: t=56.28927949999343, value=left, duration=0.18901690001075622>
56.8050 	EXP 	fixation: autoDraw = False
56.8050 	EXP 	cue_text: autoDraw = True
57.1060 	EXP 	cue_text: autoDraw = False
57.4051 	INFO 	Keyboard events cleared
57.4049 	EXP 	target: autoDraw = True
58.0718 	EXP 	Device response: <KeyPress from None: t=58.06893090000085, value=right, duration=None>
58.0722 	EXP 	New trial (rep=2, index=5): <Trial 25 (5 in rep 2) data={'cue_arrow': '→', 'target_x': 0.5, 'condition': 'valid', 'corr_Ans': 'right', 'thisN': 25, 'thisTrialN': 5, 'thisRepN': 2}>
58.0733 	DATA 	Keypress: right
58.0884 	EXP 	fixation: autoDraw = False
58.0884 	EXP 	cue_text: autoDraw = False
58.0884 	EXP 	target: autoDraw = False
58.0884 	EXP 	cue_text: text = '→'
58.0884 	EXP 	fixation: autoDraw = True
58.2397 	EXP 	Device response: <KeyPress from None: t=58.06893090000085, value=right, duration=0.16487490000145044>
58.5891 	EXP 	fixation: autoDraw = False
58.5891 	EXP 	cue_text: autoDraw = True
58.8717 	EXP 	cue_text: autoDraw = False
59.1729 	INFO 	Keyboard events cleared
59.1727 	EXP 	target: autoDraw = True
59.8723 	EXP 	Device response: <KeyPress from None: t=59.86519789999875, value=right, duration=None>
59.8726 	EXP 	New trial (rep=2, index=6): <Trial 26 (6 in rep 2) data={'cue_arrow': '←', 'target_x': -0.5, 'condition': 'valid', 'corr_Ans': 'left', 'thisN': 26, 'thisTrialN': 6, 'thisRepN': 2}>
59.8755 	DATA 	Keypress: right
59.8880 	EXP 	fixation: autoDraw = False
59.8880 	EXP 	cue_text: autoDraw = False
59.8880 	EXP 	target: autoDraw = False
59.8880 	EXP 	cue_text: height = np.float64(0.1)
59.8880 	EXP 	cue_text: height = np.float64(0.1)
59.8880 	EXP 	cue_text: height = np.float64(0.1)
59.8880 	EXP 	cue_text: text = '←'
59.8880 	EXP 	fixation: autoDraw = True
60.0219 	EXP 	Device response: <KeyPress from None: t=59.86519789999875, value=right, duration=0.14359130000229925>
60.3726 	EXP 	fixation: autoDraw = False
60.3726 	EXP 	cue_text: autoDraw = True
60.6729 	EXP 	cue_text: autoDraw = False
60.9730 	INFO 	Keyboard events cleared
60.9727 	EXP 	target: autoDraw = True
61.5395 	EXP 	Device response: <KeyPress from None: t=61.53112309999415, value=left, duration=None>
61.5398 	EXP 	New trial (rep=2, index=7): <Trial 27 (7 in rep 2) data={'cue_arrow': '←', 'target_x': -0.5, 'condition': 'valid', 'corr_Ans': 'left', 'thisN': 27, 'thisTrialN': 7, 'thisRepN': 2}>
61.5409 	DATA 	Keypress: left
61.5551 	EXP 	fixation: autoDraw = False
61.5551 	EXP 	cue_text: autoDraw = False
61.5551 	EXP 	target: autoDraw = False
61.5551 	EXP 	cue_text: text = '←'
61.5551 	EXP 	fixation: autoDraw = True
61.7067 	EXP 	Device response: <KeyPress from None: t=61.53112309999415, value=left, duration=0.17037740000523627>
62.0389 	EXP 	fixation: autoDraw = False
62.0389 	EXP 	cue_text: autoDraw = True
62.3395 	EXP 	cue_text: autoDraw = False
62.6398 	INFO 	Keyboard events cleared
62.6396 	EXP 	target: autoDraw = True
63.0720 	EXP 	Device response: <KeyPress from None: t=63.07026560000668, value=left, duration=None>
63.0723 	EXP 	New trial (rep=2, index=8): <Trial 28 (8 in rep 2) data={'cue_arrow': '←', 'target_x': -0.5, 'condition': 'valid', 'corr_Ans': 'left', 'thisN': 28, 'thisTrialN': 8, 'thisRepN': 2}>
63.0734 	DATA 	Keypress: left
63.0885 	EXP 	fixation: autoDraw = False
63.0885 	EXP 	cue_text: autoDraw = False
63.0885 	EXP 	target: autoDraw = False
63.0885 	EXP 	cue_text: text = '←'
63.0885 	EXP 	fixation: autoDraw = True
63.2566 	EXP 	Device response: <KeyPress from None: t=63.07026560000668, value=left, duration=0.1704390999948373>
63.5728 	EXP 	fixation: autoDraw = False
63.5728 	EXP 	cue_text: autoDraw = True
63.8729 	EXP 	cue_text: autoDraw = False
64.1735 	INFO 	Keyboard events cleared
64.1733 	EXP 	target: autoDraw = True
64.7059 	EXP 	Device response: <KeyPress from None: t=64.6917417999939, value=left, duration=None>
64.7062 	EXP 	New trial (rep=2, index=9): <Trial 29 (9 in rep 2) data={'cue_arrow': '←', 'target_x': 0.5, 'condition': 'invalid', 'corr_Ans': 'right', 'thisN': 29, 'thisTrialN': 9, 'thisRepN': 2}>
64.7074 	DATA 	Keypress: left
64.7210 	EXP 	fixation: autoDraw = False
64.7210 	EXP 	cue_text: autoDraw = False
64.7210 	EXP 	target: autoDraw = False
64.7210 	EXP 	cue_text: text = '←'
64.7210 	EXP 	fixation: autoDraw = True
64.8722 	EXP 	Device response: <KeyPress from None: t=64.6917417999939, value=left, duration=0.17486650000500958>
65.2062 	EXP 	fixation: autoDraw = False
65.2062 	EXP 	cue_text: autoDraw = True
65.5073 	EXP 	cue_text: autoDraw = False
65.8230 	INFO 	Keyboard events cleared
65.8228 	EXP 	target: autoDraw = True
67.1903 	EXP 	Device response: <KeyPress from None: t=67.18269080000755, value=right, duration=None>
67.1908 	EXP 	New trial (rep=3, index=0): <Trial 30 (0 in rep 3) data={'cue_arrow': '←', 'target_x': -0.5, 'condition': 'valid', 'corr_Ans': 'left', 'thisN': 30, 'thisTrialN': 0, 'thisRepN': 3}>
67.1921 	DATA 	Keypress: right
67.2052 	EXP 	fixation: autoDraw = False
67.2052 	EXP 	cue_text: autoDraw = False
67.2052 	EXP 	target: autoDraw = False
67.2052 	EXP 	cue_text: text = '←'
67.2052 	EXP 	fixation: autoDraw = True
67.3556 	EXP 	Device response: <KeyPress from None: t=67.18269080000755, value=right, duration=0.17030549999617506>
67.7061 	EXP 	fixation: autoDraw = False
67.7061 	EXP 	cue_text: autoDraw = True
68.0060 	EXP 	cue_text: autoDraw = False
68.3058 	INFO 	Keyboard events cleared
68.3056 	EXP 	target: autoDraw = True
68.9729 	EXP 	Device response: <KeyPress from None: t=68.96918240000377, value=left, duration=None>
68.9733 	EXP 	New trial (rep=3, index=1): <Trial 31 (1 in rep 3) data={'cue_arrow': '←', 'target_x': -0.5, 'condition': 'valid', 'corr_Ans': 'left', 'thisN': 31, 'thisTrialN': 1, 'thisRepN': 3}>
68.9746 	DATA 	Keypress: left
68.9880 	EXP 	fixation: autoDraw = False
68.9880 	EXP 	cue_text: autoDraw = False
68.9880 	EXP 	target: autoDraw = False
68.9880 	EXP 	cue_text: text = '←'
68.9880 	EXP 	fixation: autoDraw = True
69.1569 	EXP 	Device response: <KeyPress from None: t=68.96918240000377, value=left, duration=0.17999989999225363>
69.4730 	EXP 	fixation: autoDraw = False
69.4730 	EXP 	cue_text: autoDraw = True
69.7731 	EXP 	cue_text: autoDraw = False
70.0730 	INFO 	Keyboard events cleared
70.0728 	EXP 	target: autoDraw = True
70.4050 	EXP 	Device response: <KeyPress from None: t=70.4030519999942, value=left, duration=None>
70.4054 	EXP 	New trial (rep=3, index=2): <Trial 32 (2 in rep 3) data={'cue_arrow': '→', 'target_x': -0.5, 'condition': 'invalid', 'corr_Ans': 'left', 'thisN': 32, 'thisTrialN': 2, 'thisRepN': 3}>
70.4088 	DATA 	Keypress: left
70.4219 	EXP 	fixation: autoDraw = False
70.4219 	EXP 	cue_text: autoDraw = False
70.4219 	EXP 	target: autoDraw = False
70.4219 	EXP 	cue_text: height = np.float64(0.1)
70.4219 	EXP 	cue_text: height = np.float64(0.1)
70.4219 	EXP 	cue_text: height = np.float64(0.1)
70.4219 	EXP 	cue_text: text = '→'
70.4219 	EXP 	fixation: autoDraw = True
70.5896 	EXP 	Device response: <KeyPress from None: t=70.4030519999942, value=left, duration=0.18340370000805706>
70.9065 	EXP 	fixation: autoDraw = False
70.9065 	EXP 	cue_text: autoDraw = True
71.2066 	EXP 	cue_text: autoDraw = False
71.5050 	INFO 	Keyboard events cleared
71.5048 	EXP 	target: autoDraw = True
72.9061 	EXP 	Device response: <KeyPress from None: t=72.89579029999732, value=left, duration=None>
72.9064 	EXP 	New trial (rep=3, index=3): <Trial 33 (3 in rep 3) data={'cue_arrow': '→', 'target_x': 0.5, 'condition': 'valid', 'corr_Ans': 'right', 'thisN': 33, 'thisTrialN': 3, 'thisRepN': 3}>
72.9076 	DATA 	Keypress: left
72.9217 	EXP 	fixation: autoDraw = False
72.9217 	EXP 	cue_text: autoDraw = False
72.9217 	EXP 	target: autoDraw = False
72.9217 	EXP 	cue_text: text = '→'
72.9217 	EXP 	fixation: autoDraw = True
73.0555 	EXP 	Device response: <KeyPress from None: t=72.89579029999732, value=left, duration=0.14562460000161082>
73.4057 	EXP 	fixation: autoDraw = False
73.4057 	EXP 	cue_text: autoDraw = True
73.7232 	EXP 	cue_text: autoDraw = False
74.0069 	INFO 	Keyboard events cleared
74.0067 	EXP 	target: autoDraw = True
74.3561 	EXP 	Device response: <KeyPress from None: t=74.34562360000564, value=right, duration=None>
74.3564 	EXP 	New trial (rep=3, index=4): <Trial 34 (4 in rep 3) data={'cue_arrow': '←', 'target_x': -0.5, 'condition': 'valid', 'corr_Ans': 'left', 'thisN': 34, 'thisTrialN': 4, 'thisRepN': 3}>
74.3593 	DATA 	Keypress: right
74.3733 	EXP 	fixation: autoDraw = False
74.3733 	EXP 	cue_text: autoDraw = False
74.3733 	EXP 	target: autoDraw = False
74.3733 	EXP 	cue_text: height = np.float64(0.1)
74.3733 	EXP 	cue_text: height = np.float64(0.1)
74.3733 	EXP 	cue_text: height = np.float64(0.1)
74.3733 	EXP 	cue_text: text = '←'
74.3733 	EXP 	fixation: autoDraw = True
74.5396 	EXP 	Device response: <KeyPress from None: t=74.34562360000564, value=right, duration=0.17881059998762794>
74.8572 	EXP 	fixation: autoDraw = False
74.8572 	EXP 	cue_text: autoDraw = True
75.1560 	EXP 	cue_text: autoDraw = False
75.4550 	INFO 	Keyboard events cleared
75.4548 	EXP 	target: autoDraw = True
75.7083 	DATA 	Keypress: left
75.7214 	EXP 	Device response: <KeyPress from None: t=75.70779909999692, value=left, duration=None>
75.7219 	EXP 	New trial (rep=3, index=5): <Trial 35 (5 in rep 3) data={'cue_arrow': '←', 'target_x': 0.5, 'condition': 'invalid', 'corr_Ans': 'right', 'thisN': 35, 'thisTrialN': 5, 'thisRepN': 3}>
75.7388 	EXP 	fixation: autoDraw = False
75.7388 	EXP 	cue_text: autoDraw = False
75.7388 	EXP 	target: autoDraw = False
75.7388 	EXP 	cue_text: text = '←'
75.7388 	EXP 	fixation: autoDraw = True
75.9385 	EXP 	Device response: <KeyPress from None: t=75.70779909999692, value=left, duration=0.22733510000398383>
76.2232 	EXP 	fixation: autoDraw = False
76.2232 	EXP 	cue_text: autoDraw = True
76.5227 	EXP 	cue_text: autoDraw = False
76.8233 	INFO 	Keyboard events cleared
76.8231 	EXP 	target: autoDraw = True
78.4234 	EXP 	Device response: <KeyPress from None: t=78.41468539999914, value=right, duration=None>
78.4238 	EXP 	New trial (rep=3, index=6): <Trial 36 (6 in rep 3) data={'cue_arrow': '→', 'target_x': 0.5, 'condition': 'valid', 'corr_Ans': 'right', 'thisN': 36, 'thisTrialN': 6, 'thisRepN': 3}>
78.4269 	DATA 	Keypress: right
78.4380 	EXP 	fixation: autoDraw = False
78.4380 	EXP 	cue_text: autoDraw = False
78.4380 	EXP 	target: autoDraw = False
78.4380 	EXP 	cue_text: height = np.float64(0.1)
78.4380 	EXP 	cue_text: height = np.float64(0.1)
78.4380 	EXP 	cue_text: height = np.float64(0.1)
78.4380 	EXP 	cue_text: text = '→'
78.4380 	EXP 	fixation: autoDraw = True
78.5565 	EXP 	Device response: <KeyPress from None: t=78.41468539999914, value=right, duration=0.1324256000079913>
78.9230 	EXP 	fixation: autoDraw = False
78.9230 	EXP 	cue_text: autoDraw = True
79.2233 	EXP 	cue_text: autoDraw = False
79.5233 	INFO 	Keyboard events cleared
79.5230 	EXP 	target: autoDraw = True
80.0224 	EXP 	Device response: <KeyPress from None: t=80.01447399999597, value=right, duration=None>
80.0228 	EXP 	New trial (rep=3, index=7): <Trial 37 (7 in rep 3) data={'cue_arrow': '→', 'target_x': 0.5, 'condition': 'valid', 'corr_Ans': 'right', 'thisN': 37, 'thisTrialN': 7, 'thisRepN': 3}>
80.0240 	DATA 	Keypress: right
80.0393 	EXP 	fixation: autoDraw = False
80.0393 	EXP 	cue_text: autoDraw = False
80.0393 	EXP 	target: autoDraw = False
80.0393 	EXP 	cue_text: text = '→'
80.0393 	EXP 	fixation: autoDraw = True
80.1732 	EXP 	Device response: <KeyPress from None: t=80.01447399999597, value=right, duration=0.1486323999997694>
80.5228 	EXP 	fixation: autoDraw = False
80.5228 	EXP 	cue_text: autoDraw = True
80.8225 	EXP 	cue_text: autoDraw = False
81.1226 	INFO 	Keyboard events cleared
81.1224 	EXP 	target: autoDraw = True
81.5070 	EXP 	Device response: <KeyPress from None: t=81.49180909999995, value=right, duration=None>
81.5074 	EXP 	New trial (rep=3, index=8): <Trial 38 (8 in rep 3) data={'cue_arrow': '←', 'target_x': -0.5, 'condition': 'valid', 'corr_Ans': 'left', 'thisN': 38, 'thisTrialN': 8, 'thisRepN': 3}>
81.5110 	DATA 	Keypress: right
81.5220 	EXP 	fixation: autoDraw = False
81.5220 	EXP 	cue_text: autoDraw = False
81.5220 	EXP 	target: autoDraw = False
81.5220 	EXP 	cue_text: height = np.float64(0.1)
81.5220 	EXP 	cue_text: height = np.float64(0.1)
81.5220 	EXP 	cue_text: height = np.float64(0.1)
81.5220 	EXP 	cue_text: text = '←'
81.5220 	EXP 	fixation: autoDraw = True
81.6732 	EXP 	Device response: <KeyPress from None: t=81.49180909999995, value=right, duration=0.1673869999940507>
82.0063 	EXP 	fixation: autoDraw = False
82.0063 	EXP 	cue_text: autoDraw = True
82.3229 	EXP 	cue_text: autoDraw = False
82.6067 	INFO 	Keyboard events cleared
82.6064 	EXP 	target: autoDraw = True
82.8893 	EXP 	Device response: <KeyPress from None: t=82.88426360000449, value=left, duration=None>
82.8897 	EXP 	New trial (rep=3, index=9): <Trial 39 (9 in rep 3) data={'cue_arrow': '→', 'target_x': 0.5, 'condition': 'valid', 'corr_Ans': 'right', 'thisN': 39, 'thisTrialN': 9, 'thisRepN': 3}>
82.8938 	DATA 	Keypress: left
82.9057 	EXP 	fixation: autoDraw = False
82.9057 	EXP 	cue_text: autoDraw = False
82.9057 	EXP 	target: autoDraw = False
82.9057 	EXP 	cue_text: height = np.float64(0.1)
82.9057 	EXP 	cue_text: height = np.float64(0.1)
82.9057 	EXP 	cue_text: height = np.float64(0.1)
82.9057 	EXP 	cue_text: text = '→'
82.9057 	EXP 	fixation: autoDraw = True
83.0899 	EXP 	Device response: <KeyPress from None: t=82.88426360000449, value=left, duration=0.2047307000029832>
83.3899 	EXP 	fixation: autoDraw = False
83.3899 	EXP 	cue_text: autoDraw = True
83.7045 	EXP 	cue_text: autoDraw = False
83.9891 	INFO 	Keyboard events cleared
83.9889 	EXP 	target: autoDraw = True
84.5392 	EXP 	Device response: <KeyPress from None: t=84.53399179999542, value=right, duration=None>
84.5396 	EXP 	New trial (rep=4, index=0): <Trial 40 (0 in rep 4) data={'cue_arrow': '←', 'target_x': -0.5, 'condition': 'valid', 'corr_Ans': 'left', 'thisN': 40, 'thisTrialN': 0, 'thisRepN': 4}>
84.5426 	DATA 	Keypress: right
84.5556 	EXP 	fixation: autoDraw = False
84.5556 	EXP 	cue_text: autoDraw = False
84.5556 	EXP 	target: autoDraw = False
84.5556 	EXP 	cue_text: height = np.float64(0.1)
84.5556 	EXP 	cue_text: height = np.float64(0.1)
84.5556 	EXP 	cue_text: height = np.float64(0.1)
84.5556 	EXP 	cue_text: text = '←'
84.5556 	EXP 	fixation: autoDraw = True
84.7051 	EXP 	Device response: <KeyPress from None: t=84.53399179999542, value=right, duration=0.16473360000236426>
85.0397 	EXP 	fixation: autoDraw = False
85.0397 	EXP 	cue_text: autoDraw = True
85.3393 	EXP 	cue_text: autoDraw = False
85.6381 	INFO 	Keyboard events cleared
85.6380 	EXP 	target: autoDraw = True
86.1722 	EXP 	Device response: <KeyPress from None: t=86.15825259999838, value=left, duration=None>
86.1726 	EXP 	New trial (rep=4, index=1): <Trial 41 (1 in rep 4) data={'cue_arrow': '←', 'target_x': -0.5, 'condition': 'valid', 'corr_Ans': 'left', 'thisN': 41, 'thisTrialN': 1, 'thisRepN': 4}>
86.1740 	DATA 	Keypress: left
86.1885 	EXP 	fixation: autoDraw = False
86.1885 	EXP 	cue_text: autoDraw = False
86.1885 	EXP 	target: autoDraw = False
86.1885 	EXP 	cue_text: text = '←'
86.1885 	EXP 	fixation: autoDraw = True
86.3236 	EXP 	Device response: <KeyPress from None: t=86.15825259999838, value=left, duration=0.16026570000394713>
86.6720 	EXP 	fixation: autoDraw = False
86.6720 	EXP 	cue_text: autoDraw = True
86.9721 	EXP 	cue_text: autoDraw = False
87.2879 	INFO 	Keyboard events cleared
87.2878 	EXP 	target: autoDraw = True
88.2726 	EXP 	Device response: <KeyPress from None: t=88.26968100000522, value=left, duration=None>
88.2729 	EXP 	New trial (rep=4, index=2): <Trial 42 (2 in rep 4) data={'cue_arrow': '←', 'target_x': -0.5, 'condition': 'valid', 'corr_Ans': 'left', 'thisN': 42, 'thisTrialN': 2, 'thisRepN': 4}>
88.2739 	DATA 	Keypress: left
88.2900 	EXP 	fixation: autoDraw = False
88.2900 	EXP 	cue_text: autoDraw = False
88.2900 	EXP 	target: autoDraw = False
88.2900 	EXP 	cue_text: text = '←'
88.2900 	EXP 	fixation: autoDraw = True
88.4407 	EXP 	Device response: <KeyPress from None: t=88.26968100000522, value=left, duration=0.15513309999369085>
88.7721 	EXP 	fixation: autoDraw = False
88.7721 	EXP 	cue_text: autoDraw = True
89.0733 	EXP 	cue_text: autoDraw = False
89.3739 	INFO 	Keyboard events cleared
89.3737 	EXP 	target: autoDraw = True
89.9393 	EXP 	Device response: <KeyPress from None: t=89.93384880000667, value=left, duration=None>
89.9397 	EXP 	New trial (rep=4, index=3): <Trial 43 (3 in rep 4) data={'cue_arrow': '←', 'target_x': 0.5, 'condition': 'invalid', 'corr_Ans': 'right', 'thisN': 43, 'thisTrialN': 3, 'thisRepN': 4}>
89.9409 	DATA 	Keypress: left
89.9555 	EXP 	fixation: autoDraw = False
89.9555 	EXP 	cue_text: autoDraw = False
89.9555 	EXP 	target: autoDraw = False
89.9555 	EXP 	cue_text: text = '←'
89.9555 	EXP 	fixation: autoDraw = True
90.1063 	EXP 	Device response: <KeyPress from None: t=89.93384880000667, value=left, duration=0.16378619999159127>
90.4382 	EXP 	fixation: autoDraw = False
90.4382 	EXP 	cue_text: autoDraw = True
90.7385 	EXP 	cue_text: autoDraw = False
91.0554 	INFO 	Keyboard events cleared
91.0552 	EXP 	target: autoDraw = True
92.3557 	EXP 	Device response: <KeyPress from None: t=92.34512139999424, value=right, duration=None>
92.3562 	EXP 	New trial (rep=4, index=4): <Trial 44 (4 in rep 4) data={'cue_arrow': '→', 'target_x': 0.5, 'condition': 'valid', 'corr_Ans': 'right', 'thisN': 44, 'thisTrialN': 4, 'thisRepN': 4}>
92.3599 	DATA 	Keypress: right
92.3733 	EXP 	fixation: autoDraw = False
92.3733 	EXP 	cue_text: autoDraw = False
92.3733 	EXP 	target: autoDraw = False
92.3733 	EXP 	cue_text: height = np.float64(0.1)
92.3733 	EXP 	cue_text: height = np.float64(0.1)
92.3733 	EXP 	cue_text: height = np.float64(0.1)
92.3733 	EXP 	cue_text: text = '→'
92.3733 	EXP 	fixation: autoDraw = True
92.5064 	EXP 	Device response: <KeyPress from None: t=92.34512139999424, value=right, duration=0.14972700001089834>
92.8568 	EXP 	fixation: autoDraw = False
92.8568 	EXP 	cue_text: autoDraw = True
93.1565 	EXP 	cue_text: autoDraw = False
93.4738 	INFO 	Keyboard events cleared
93.4736 	EXP 	target: autoDraw = True
93.9903 	EXP 	Device response: <KeyPress from None: t=93.98217839999415, value=right, duration=None>
93.9907 	EXP 	New trial (rep=4, index=5): <Trial 45 (5 in rep 4) data={'cue_arrow': '←', 'target_x': -0.5, 'condition': 'valid', 'corr_Ans': 'left', 'thisN': 45, 'thisTrialN': 5, 'thisRepN': 4}>
93.9938 	DATA 	Keypress: right
94.0058 	EXP 	fixation: autoDraw = False
94.0058 	EXP 	cue_text: autoDraw = False
94.0058 	EXP 	target: autoDraw = False
94.0058 	EXP 	cue_text: height = np.float64(0.1)
94.0058 	EXP 	cue_text: height = np.float64(0.1)
94.0058 	EXP 	cue_text: height = np.float64(0.1)
94.0058 	EXP 	cue_text: text = '←'
94.0058 	EXP 	fixation: autoDraw = True
94.1732 	EXP 	Device response: <KeyPress from None: t=93.98217839999415, value=right, duration=0.18388930000946857>
94.5067 	EXP 	fixation: autoDraw = False
94.5067 	EXP 	cue_text: autoDraw = True
94.7900 	EXP 	cue_text: autoDraw = False
95.0902 	INFO 	Keyboard events cleared
95.0900 	EXP 	target: autoDraw = True
95.5560 	EXP 	Device response: <KeyPress from None: t=95.55059959999926, value=left, duration=None>
95.5564 	EXP 	New trial (rep=4, index=6): <Trial 46 (6 in rep 4) data={'cue_arrow': '→', 'target_x': -0.5, 'condition': 'invalid', 'corr_Ans': 'left', 'thisN': 46, 'thisTrialN': 6, 'thisRepN': 4}>
95.5598 	DATA 	Keypress: left
95.5734 	EXP 	fixation: autoDraw = False
95.5734 	EXP 	cue_text: autoDraw = False
95.5734 	EXP 	target: autoDraw = False
95.5734 	EXP 	cue_text: height = np.float64(0.1)
95.5734 	EXP 	cue_text: height = np.float64(0.1)
95.5734 	EXP 	cue_text: height = np.float64(0.1)
95.5734 	EXP 	cue_text: text = '→'
95.5734 	EXP 	fixation: autoDraw = True
95.7395 	EXP 	Device response: <KeyPress from None: t=95.55059959999926, value=left, duration=0.1739094000076875>
96.0553 	EXP 	fixation: autoDraw = False
96.0553 	EXP 	cue_text: autoDraw = True
96.3569 	EXP 	cue_text: autoDraw = False
96.6551 	INFO 	Keyboard events cleared
96.6549 	EXP 	target: autoDraw = True
98.1389 	EXP 	Device response: <KeyPress from None: t=98.12950510000519, value=left, duration=None>
98.1393 	EXP 	New trial (rep=4, index=7): <Trial 47 (7 in rep 4) data={'cue_arrow': '→', 'target_x': 0.5, 'condition': 'valid', 'corr_Ans': 'right', 'thisN': 47, 'thisTrialN': 7, 'thisRepN': 4}>
98.1405 	DATA 	Keypress: left
98.1556 	EXP 	fixation: autoDraw = False
98.1556 	EXP 	cue_text: autoDraw = False
98.1556 	EXP 	target: autoDraw = False
98.1556 	EXP 	cue_text: text = '→'
98.1556 	EXP 	fixation: autoDraw = True
98.2727 	EXP 	Device response: <KeyPress from None: t=98.12950510000519, value=left, duration=0.12987229999271221>
98.6402 	EXP 	fixation: autoDraw = False
98.6402 	EXP 	cue_text: autoDraw = True
98.9384 	EXP 	cue_text: autoDraw = False
99.2403 	INFO 	Keyboard events cleared
99.2401 	EXP 	target: autoDraw = True
99.5401 	EXP 	Device response: <KeyPress from None: t=99.53582410000672, value=right, duration=None>
99.5405 	EXP 	New trial (rep=4, index=8): <Trial 48 (8 in rep 4) data={'cue_arrow': '→', 'target_x': 0.5, 'condition': 'valid', 'corr_Ans': 'right', 'thisN': 48, 'thisTrialN': 8, 'thisRepN': 4}>
99.5418 	DATA 	Keypress: right
99.5553 	EXP 	fixation: autoDraw = False
99.5553 	EXP 	cue_text: autoDraw = False
99.5553 	EXP 	target: autoDraw = False
99.5553 	EXP 	cue_text: text = '→'
99.5553 	EXP 	fixation: autoDraw = True
99.6735 	EXP 	Device response: <KeyPress from None: t=99.53582410000672, value=right, duration=0.1302026999910595>
100.0558 	EXP 	fixation: autoDraw = False
100.0558 	EXP 	cue_text: autoDraw = True
100.3397 	EXP 	cue_text: autoDraw = False
100.6401 	INFO 	Keyboard events cleared
100.6399 	EXP 	target: autoDraw = True
101.0724 	EXP 	Device response: <KeyPress from None: t=101.05930730000546, value=right, duration=None>
101.0729 	EXP 	New trial (rep=4, index=9): <Trial 49 (9 in rep 4) data={'cue_arrow': '→', 'target_x': 0.5, 'condition': 'valid', 'corr_Ans': 'right', 'thisN': 49, 'thisTrialN': 9, 'thisRepN': 4}>
101.0742 	DATA 	Keypress: right
101.0884 	EXP 	fixation: autoDraw = False
101.0884 	EXP 	cue_text: autoDraw = False
101.0884 	EXP 	target: autoDraw = False
101.0884 	EXP 	cue_text: text = '→'
101.0884 	EXP 	fixation: autoDraw = True
101.2232 	EXP 	Device response: <KeyPress from None: t=101.05930730000546, value=right, duration=0.1541867999912938>
101.5726 	EXP 	fixation: autoDraw = False
101.5726 	EXP 	cue_text: autoDraw = True
101.8734 	EXP 	cue_text: autoDraw = False
102.1734 	INFO 	Keyboard events cleared
102.1732 	EXP 	target: autoDraw = True
102.3069 	EXP 	Device response: <KeyPress from None: t=102.29715519999445, value=right, duration=None>
102.3073 	EXP 	New trial (rep=5, index=0): <Trial 50 (0 in rep 5) data={'cue_arrow': '←', 'target_x': -0.5, 'condition': 'valid', 'corr_Ans': 'left', 'thisN': 50, 'thisTrialN': 0, 'thisRepN': 5}>
102.3101 	DATA 	Keypress: right
102.3234 	EXP 	fixation: autoDraw = False
102.3234 	EXP 	cue_text: autoDraw = False
102.3234 	EXP 	target: autoDraw = False
102.3234 	EXP 	cue_text: height = np.float64(0.1)
102.3234 	EXP 	cue_text: height = np.float64(0.1)
102.3234 	EXP 	cue_text: height = np.float64(0.1)
102.3234 	EXP 	cue_text: text = '←'
102.3234 	EXP 	fixation: autoDraw = True
102.4905 	EXP 	Device response: <KeyPress from None: t=102.29715519999445, value=right, duration=0.18136339999909978>
102.8086 	EXP 	fixation: autoDraw = False
102.8086 	EXP 	cue_text: autoDraw = True
103.1058 	EXP 	cue_text: autoDraw = False
103.4062 	INFO 	Keyboard events cleared
103.4060 	EXP 	target: autoDraw = True
104.2236 	DATA 	Keypress: left
104.2391 	EXP 	Device response: <KeyPress from None: t=104.22279780000099, value=left, duration=None>
104.2394 	EXP 	New trial (rep=5, index=1): <Trial 51 (1 in rep 5) data={'cue_arrow': '←', 'target_x': -0.5, 'condition': 'valid', 'corr_Ans': 'left', 'thisN': 51, 'thisTrialN': 1, 'thisRepN': 5}>
104.2566 	EXP 	fixation: autoDraw = False
104.2566 	EXP 	cue_text: autoDraw = False
104.2566 	EXP 	target: autoDraw = False
104.2566 	EXP 	cue_text: text = '←'
104.2566 	EXP 	fixation: autoDraw = True
104.3740 	EXP 	Device response: <KeyPress from None: t=104.22279780000099, value=left, duration=0.14234580000629649>
104.7396 	EXP 	fixation: autoDraw = False
104.7396 	EXP 	cue_text: autoDraw = True
105.0402 	EXP 	cue_text: autoDraw = False
105.3406 	INFO 	Keyboard events cleared
105.3404 	EXP 	target: autoDraw = True
105.6729 	EXP 	Device response: <KeyPress from None: t=105.65699020000466, value=left, duration=None>
105.6733 	EXP 	New trial (rep=5, index=2): <Trial 52 (2 in rep 5) data={'cue_arrow': '←', 'target_x': -0.5, 'condition': 'valid', 'corr_Ans': 'left', 'thisN': 52, 'thisTrialN': 2, 'thisRepN': 5}>
105.6750 	DATA 	Keypress: left
105.6892 	EXP 	fixation: autoDraw = False
105.6892 	EXP 	cue_text: autoDraw = False
105.6892 	EXP 	target: autoDraw = False
105.6892 	EXP 	cue_text: text = '←'
105.6892 	EXP 	fixation: autoDraw = True
105.8233 	EXP 	Device response: <KeyPress from None: t=105.65699020000466, value=left, duration=0.15998789999866858>
106.1731 	EXP 	fixation: autoDraw = False
106.1731 	EXP 	cue_text: autoDraw = True
106.4888 	EXP 	cue_text: autoDraw = False
106.7733 	INFO 	Keyboard events cleared
106.7730 	EXP 	target: autoDraw = True
107.0722 	EXP 	Device response: <KeyPress from None: t=107.06799140000658, value=left, duration=None>
107.0727 	EXP 	New trial (rep=5, index=3): <Trial 53 (3 in rep 5) data={'cue_arrow': '→', 'target_x': 0.5, 'condition': 'valid', 'corr_Ans': 'right', 'thisN': 53, 'thisTrialN': 3, 'thisRepN': 5}>
107.0759 	DATA 	Keypress: left
107.0889 	EXP 	fixation: autoDraw = False
107.0889 	EXP 	cue_text: autoDraw = False
107.0889 	EXP 	target: autoDraw = False
107.0889 	EXP 	cue_text: height = np.float64(0.1)
107.0889 	EXP 	cue_text: height = np.float64(0.1)
107.0889 	EXP 	cue_text: height = np.float64(0.1)
107.0889 	EXP 	cue_text: text = '→'
107.0889 	EXP 	fixation: autoDraw = True
107.2070 	EXP 	Device response: <KeyPress from None: t=107.06799140000658, value=left, duration=0.1281645999988541>
107.5731 	EXP 	fixation: autoDraw = False
107.5731 	EXP 	cue_text: autoDraw = True
107.8733 	EXP 	cue_text: autoDraw = False
108.1729 	INFO 	Keyboard events cleared
108.1727 	EXP 	target: autoDraw = True
108.6896 	EXP 	Device response: <KeyPress from None: t=108.68638159999682, value=right, duration=None>
108.6901 	EXP 	New trial (rep=5, index=4): <Trial 54 (4 in rep 5) data={'cue_arrow': '→', 'target_x': 0.5, 'condition': 'valid', 'corr_Ans': 'right', 'thisN': 54, 'thisTrialN': 4, 'thisRepN': 5}>
108.6916 	DATA 	Keypress: right
108.7053 	EXP 	fixation: autoDraw = False
108.7053 	EXP 	cue_text: autoDraw = False
108.7053 	EXP 	target: autoDraw = False
108.7053 	EXP 	cue_text: text = '→'
108.7053 	EXP 	fixation: autoDraw = True
108.8231 	EXP 	Device response: <KeyPress from None: t=108.68638159999682, value=right, duration=0.1300177000084659>
109.1903 	EXP 	fixation: autoDraw = False
109.1903 	EXP 	cue_text: autoDraw = True
109.4896 	EXP 	cue_text: autoDraw = False
109.7891 	INFO 	Keyboard events cleared
109.7889 	EXP 	target: autoDraw = True
110.0406 	EXP 	Device response: <KeyPress from None: t=110.02735180000309, value=right, duration=None>
110.0411 	EXP 	New trial (rep=5, index=5): <Trial 55 (5 in rep 5) data={'cue_arrow': '→', 'target_x': 0.5, 'condition': 'valid', 'corr_Ans': 'right', 'thisN': 55, 'thisTrialN': 5, 'thisRepN': 5}>
110.0426 	DATA 	Keypress: right
110.0562 	EXP 	fixation: autoDraw = False
110.0562 	EXP 	cue_text: autoDraw = False
110.0562 	EXP 	target: autoDraw = False
110.0562 	EXP 	cue_text: text = '→'
110.0562 	EXP 	fixation: autoDraw = True
110.1906 	EXP 	Device response: <KeyPress from None: t=110.02735180000309, value=right, duration=0.1506760999909602>
110.5405 	EXP 	fixation: autoDraw = False
110.5405 	EXP 	cue_text: autoDraw = True
110.8408 	EXP 	cue_text: autoDraw = False
111.1413 	INFO 	Keyboard events cleared
111.1411 	EXP 	target: autoDraw = True
111.3740 	EXP 	Device response: <KeyPress from None: t=111.36783719999949, value=right, duration=None>
111.3744 	EXP 	New trial (rep=5, index=6): <Trial 56 (6 in rep 5) data={'cue_arrow': '→', 'target_x': -0.5, 'condition': 'invalid', 'corr_Ans': 'left', 'thisN': 56, 'thisTrialN': 6, 'thisRepN': 5}>
111.3756 	DATA 	Keypress: right
111.3886 	EXP 	fixation: autoDraw = False
111.3886 	EXP 	cue_text: autoDraw = False
111.3886 	EXP 	target: autoDraw = False
111.3886 	EXP 	cue_text: text = '→'
111.3886 	EXP 	fixation: autoDraw = True
111.5397 	EXP 	Device response: <KeyPress from None: t=111.36783719999949, value=right, duration=0.15721109999867622>
111.8721 	EXP 	fixation: autoDraw = False
111.8721 	EXP 	cue_text: autoDraw = True
112.1735 	EXP 	cue_text: autoDraw = False
112.4906 	INFO 	Keyboard events cleared
112.4904 	EXP 	target: autoDraw = True
113.7566 	EXP 	Device response: <KeyPress from None: t=113.74838889999955, value=left, duration=None>
113.7569 	EXP 	New trial (rep=5, index=7): <Trial 57 (7 in rep 5) data={'cue_arrow': '←', 'target_x': -0.5, 'condition': 'valid', 'corr_Ans': 'left', 'thisN': 57, 'thisTrialN': 7, 'thisRepN': 5}>
113.7599 	DATA 	Keypress: left
113.7736 	EXP 	fixation: autoDraw = False
113.7736 	EXP 	cue_text: autoDraw = False
113.7736 	EXP 	target: autoDraw = False
113.7736 	EXP 	cue_text: height = np.float64(0.1)
113.7736 	EXP 	cue_text: height = np.float64(0.1)
113.7736 	EXP 	cue_text: height = np.float64(0.1)
113.7736 	EXP 	cue_text: text = '←'
113.7736 	EXP 	fixation: autoDraw = True
113.9232 	EXP 	Device response: <KeyPress from None: t=113.74838889999955, value=left, duration=0.15965719999803696>
114.2571 	EXP 	fixation: autoDraw = False
114.2571 	EXP 	cue_text: autoDraw = True
114.5568 	EXP 	cue_text: autoDraw = False
114.8568 	INFO 	Keyboard events cleared
114.8566 	EXP 	target: autoDraw = True
115.2235 	EXP 	Device response: <KeyPress from None: t=115.21273640000436, value=left, duration=None>
115.2238 	EXP 	New trial (rep=5, index=8): <Trial 58 (8 in rep 5) data={'cue_arrow': '→', 'target_x': 0.5, 'condition': 'valid', 'corr_Ans': 'right', 'thisN': 58, 'thisTrialN': 8, 'thisRepN': 5}>
115.2267 	DATA 	Keypress: left
115.2389 	EXP 	fixation: autoDraw = False
115.2389 	EXP 	cue_text: autoDraw = False
115.2389 	EXP 	target: autoDraw = False
115.2389 	EXP 	cue_text: height = np.float64(0.1)
115.2389 	EXP 	cue_text: height = np.float64(0.1)
115.2389 	EXP 	cue_text: height = np.float64(0.1)
115.2389 	EXP 	cue_text: text = '→'
115.2389 	EXP 	fixation: autoDraw = True
115.3734 	EXP 	Device response: <KeyPress from None: t=115.21273640000436, value=left, duration=0.15245259999937844>
115.7225 	EXP 	fixation: autoDraw = False
115.7225 	EXP 	cue_text: autoDraw = True
116.0237 	EXP 	cue_text: autoDraw = False
116.3404 	INFO 	Keyboard events cleared
116.3402 	EXP 	target: autoDraw = True
116.8057 	EXP 	Device response: <KeyPress from None: t=116.80089919999591, value=right, duration=None>
116.8061 	EXP 	New trial (rep=5, index=9): <Trial 59 (9 in rep 5) data={'cue_arrow': '←', 'target_x': 0.5, 'condition': 'invalid', 'corr_Ans': 'right', 'thisN': 59, 'thisTrialN': 9, 'thisRepN': 5}>
116.8094 	DATA 	Keypress: right
116.8225 	EXP 	fixation: autoDraw = False
116.8225 	EXP 	cue_text: autoDraw = False
116.8225 	EXP 	target: autoDraw = False
116.8225 	EXP 	cue_text: height = np.float64(0.1)
116.8225 	EXP 	cue_text: height = np.float64(0.1)
116.8225 	EXP 	cue_text: height = np.float64(0.1)
116.8225 	EXP 	cue_text: text = '←'
116.8225 	EXP 	fixation: autoDraw = True
116.9735 	EXP 	Device response: <KeyPress from None: t=116.80089919999591, value=right, duration=0.17185120000794996>
117.3070 	EXP 	fixation: autoDraw = False
117.3070 	EXP 	cue_text: autoDraw = True
117.6057 	EXP 	cue_text: autoDraw = False
117.9071 	INFO 	Keyboard events cleared
117.9069 	EXP 	target: autoDraw = True
119.1735 	EXP 	Device response: <KeyPress from None: t=119.15761120000388, value=right, duration=None>
119.1738 	EXP 	New trial (rep=6, index=0): <Trial 60 (0 in rep 6) data={'cue_arrow': '←', 'target_x': -0.5, 'condition': 'valid', 'corr_Ans': 'left', 'thisN': 60, 'thisTrialN': 0, 'thisRepN': 6}>
119.1750 	DATA 	Keypress: right
119.1904 	EXP 	fixation: autoDraw = False
119.1904 	EXP 	cue_text: autoDraw = False
119.1904 	EXP 	target: autoDraw = False
119.1904 	EXP 	cue_text: text = '←'
119.1904 	EXP 	fixation: autoDraw = True
119.3727 	EXP 	Device response: <KeyPress from None: t=119.15761120000388, value=right, duration=0.21235339999839198>
119.6736 	EXP 	fixation: autoDraw = False
119.6736 	EXP 	cue_text: autoDraw = True
119.9737 	EXP 	cue_text: autoDraw = False
120.2747 	INFO 	Keyboard events cleared
120.2745 	EXP 	target: autoDraw = True
120.6727 	EXP 	Device response: <KeyPress from None: t=120.66241479999735, value=left, duration=None>
120.6731 	EXP 	New trial (rep=6, index=1): <Trial 61 (1 in rep 6) data={'cue_arrow': '→', 'target_x': 0.5, 'condition': 'valid', 'corr_Ans': 'right', 'thisN': 61, 'thisTrialN': 1, 'thisRepN': 6}>
120.6760 	DATA 	Keypress: left
120.6895 	EXP 	fixation: autoDraw = False
120.6895 	EXP 	cue_text: autoDraw = False
120.6895 	EXP 	target: autoDraw = False
120.6895 	EXP 	cue_text: height = np.float64(0.1)
120.6895 	EXP 	cue_text: height = np.float64(0.1)
120.6895 	EXP 	cue_text: height = np.float64(0.1)
120.6895 	EXP 	cue_text: text = '→'
120.6895 	EXP 	fixation: autoDraw = True
120.8075 	EXP 	Device response: <KeyPress from None: t=120.66241479999735, value=left, duration=0.14242650000960566>
121.1739 	EXP 	fixation: autoDraw = False
121.1739 	EXP 	cue_text: autoDraw = True
121.4732 	EXP 	cue_text: autoDraw = False
121.7733 	INFO 	Keyboard events cleared
121.7731 	EXP 	target: autoDraw = True
122.0403 	EXP 	Device response: <KeyPress from None: t=122.02590839999903, value=right, duration=None>
122.0406 	EXP 	New trial (rep=6, index=2): <Trial 62 (2 in rep 6) data={'cue_arrow': '←', 'target_x': 0.5, 'condition': 'invalid', 'corr_Ans': 'right', 'thisN': 62, 'thisTrialN': 2, 'thisRepN': 6}>
122.0436 	DATA 	Keypress: right
122.0572 	EXP 	fixation: autoDraw = False
122.0572 	EXP 	cue_text: autoDraw = False
122.0572 	EXP 	target: autoDraw = False
122.0572 	EXP 	cue_text: height = np.float64(0.1)
122.0572 	EXP 	cue_text: height = np.float64(0.1)
122.0572 	EXP 	cue_text: height = np.float64(0.1)
122.0572 	EXP 	cue_text: text = '←'
122.0572 	EXP 	fixation: autoDraw = True
122.1903 	EXP 	Device response: <KeyPress from None: t=122.02590839999903, value=right, duration=0.16011900000739843>
122.5407 	EXP 	fixation: autoDraw = False
122.5407 	EXP 	cue_text: autoDraw = True
122.8405 	EXP 	cue_text: autoDraw = False
123.1408 	INFO 	Keyboard events cleared
123.1405 	EXP 	target: autoDraw = True
124.9403 	EXP 	Device response: <KeyPress from None: t=124.93775800000003, value=right, duration=None>
124.9407 	EXP 	New trial (rep=6, index=3): <Trial 63 (3 in rep 6) data={'cue_arrow': '→', 'target_x': 0.5, 'condition': 'valid', 'corr_Ans': 'right', 'thisN': 63, 'thisTrialN': 3, 'thisRepN': 6}>
124.9437 	DATA 	Keypress: right
124.9558 	EXP 	fixation: autoDraw = False
124.9558 	EXP 	cue_text: autoDraw = False
124.9558 	EXP 	target: autoDraw = False
124.9558 	EXP 	cue_text: height = np.float64(0.1)
124.9558 	EXP 	cue_text: height = np.float64(0.1)
124.9558 	EXP 	cue_text: height = np.float64(0.1)
124.9558 	EXP 	cue_text: text = '→'
124.9558 	EXP 	fixation: autoDraw = True
125.0901 	EXP 	Device response: <KeyPress from None: t=124.93775800000003, value=right, duration=0.13698549999389797>
125.4407 	EXP 	fixation: autoDraw = False
125.4407 	EXP 	cue_text: autoDraw = True
125.7405 	EXP 	cue_text: autoDraw = False
126.0568 	INFO 	Keyboard events cleared
126.0566 	EXP 	target: autoDraw = True
127.3238 	EXP 	Device response: <KeyPress from None: t=127.3220086000074, value=right, duration=None>
127.3241 	EXP 	New trial (rep=6, index=4): <Trial 64 (4 in rep 6) data={'cue_arrow': '←', 'target_x': -0.5, 'condition': 'valid', 'corr_Ans': 'left', 'thisN': 64, 'thisTrialN': 4, 'thisRepN': 6}>
127.3273 	DATA 	Keypress: right
127.3396 	EXP 	fixation: autoDraw = False
127.3396 	EXP 	cue_text: autoDraw = False
127.3396 	EXP 	target: autoDraw = False
127.3396 	EXP 	cue_text: height = np.float64(0.1)
127.3396 	EXP 	cue_text: height = np.float64(0.1)
127.3396 	EXP 	cue_text: height = np.float64(0.1)
127.3396 	EXP 	cue_text: text = '←'
127.3396 	EXP 	fixation: autoDraw = True
127.4735 	EXP 	Device response: <KeyPress from None: t=127.3220086000074, value=right, duration=0.1400792999920668>
127.8236 	EXP 	fixation: autoDraw = False
127.8236 	EXP 	cue_text: autoDraw = True
128.1405 	EXP 	cue_text: autoDraw = False
128.4245 	INFO 	Keyboard events cleared
128.4243 	EXP 	target: autoDraw = True
128.8913 	EXP 	Device response: <KeyPress from None: t=128.88101559999632, value=left, duration=None>
128.8917 	EXP 	New trial (rep=6, index=5): <Trial 65 (5 in rep 6) data={'cue_arrow': '→', 'target_x': 0.5, 'condition': 'valid', 'corr_Ans': 'right', 'thisN': 65, 'thisTrialN': 5, 'thisRepN': 6}>
128.8947 	DATA 	Keypress: left
128.9054 	EXP 	fixation: autoDraw = False
128.9054 	EXP 	cue_text: autoDraw = False
128.9054 	EXP 	target: autoDraw = False
128.9054 	EXP 	cue_text: height = np.float64(0.1)
128.9054 	EXP 	cue_text: height = np.float64(0.1)
128.9054 	EXP 	cue_text: height = np.float64(0.1)
128.9054 	EXP 	cue_text: text = '→'
128.9054 	EXP 	fixation: autoDraw = True
129.0404 	EXP 	Device response: <KeyPress from None: t=128.88101559999632, value=left, duration=0.1434510999970371>
129.4068 	EXP 	fixation: autoDraw = False
129.4068 	EXP 	cue_text: autoDraw = True
129.6909 	EXP 	cue_text: autoDraw = False
129.9910 	INFO 	Keyboard events cleared
129.9908 	EXP 	target: autoDraw = True
130.6257 	DATA 	Keypress: right
130.6401 	EXP 	Device response: <KeyPress from None: t=130.62509709999722, value=right, duration=None>
130.6404 	EXP 	New trial (rep=6, index=6): <Trial 66 (6 in rep 6) data={'cue_arrow': '←', 'target_x': -0.5, 'condition': 'valid', 'corr_Ans': 'left', 'thisN': 66, 'thisTrialN': 6, 'thisRepN': 6}>
130.6567 	EXP 	fixation: autoDraw = False
130.6567 	EXP 	cue_text: autoDraw = False
130.6567 	EXP 	target: autoDraw = False
130.6567 	EXP 	cue_text: height = np.float64(0.1)
130.6567 	EXP 	cue_text: height = np.float64(0.1)
130.6567 	EXP 	cue_text: height = np.float64(0.1)
130.6567 	EXP 	cue_text: text = '←'
130.6567 	EXP 	fixation: autoDraw = True
130.7570 	EXP 	Device response: <KeyPress from None: t=130.62509709999722, value=right, duration=0.12008950000745244>
131.1410 	EXP 	fixation: autoDraw = False
131.1410 	EXP 	cue_text: autoDraw = True
131.4403 	EXP 	cue_text: autoDraw = False
131.7407 	INFO 	Keyboard events cleared
131.7405 	EXP 	target: autoDraw = True
132.7067 	EXP 	Device response: <KeyPress from None: t=132.70013240000117, value=left, duration=None>
132.7070 	EXP 	New trial (rep=6, index=7): <Trial 67 (7 in rep 6) data={'cue_arrow': '→', 'target_x': -0.5, 'condition': 'invalid', 'corr_Ans': 'left', 'thisN': 67, 'thisTrialN': 7, 'thisRepN': 6}>
132.7109 	DATA 	Keypress: left
132.7227 	EXP 	fixation: autoDraw = False
132.7227 	EXP 	cue_text: autoDraw = False
132.7227 	EXP 	target: autoDraw = False
132.7227 	EXP 	cue_text: height = np.float64(0.1)
132.7227 	EXP 	cue_text: height = np.float64(0.1)
132.7227 	EXP 	cue_text: height = np.float64(0.1)
132.7227 	EXP 	cue_text: text = '→'
132.7227 	EXP 	fixation: autoDraw = True
132.8567 	EXP 	Device response: <KeyPress from None: t=132.70013240000117, value=left, duration=0.14236369999707676>
133.2076 	EXP 	fixation: autoDraw = False
133.2076 	EXP 	cue_text: autoDraw = True
133.5071 	EXP 	cue_text: autoDraw = False
133.8057 	INFO 	Keyboard events cleared
133.8055 	EXP 	target: autoDraw = True
135.3080 	EXP 	Device response: <KeyPress from None: t=135.3027679999941, value=left, duration=None>
135.3085 	EXP 	New trial (rep=6, index=8): <Trial 68 (8 in rep 6) data={'cue_arrow': '→', 'target_x': 0.5, 'condition': 'valid', 'corr_Ans': 'right', 'thisN': 68, 'thisTrialN': 8, 'thisRepN': 6}>
135.3099 	DATA 	Keypress: left
135.3227 	EXP 	fixation: autoDraw = False
135.3227 	EXP 	cue_text: autoDraw = False
135.3227 	EXP 	target: autoDraw = False
135.3227 	EXP 	cue_text: text = '→'
135.3227 	EXP 	fixation: autoDraw = True
135.4403 	EXP 	Device response: <KeyPress from None: t=135.3027679999941, value=left, duration=0.12099970001145266>
135.8283 	EXP 	fixation: autoDraw = False
135.8283 	EXP 	cue_text: autoDraw = True
136.1069 	EXP 	cue_text: autoDraw = False
136.4238 	INFO 	Keyboard events cleared
136.4236 	EXP 	target: autoDraw = True
136.7425 	DATA 	Keypress: right
136.7566 	EXP 	Device response: <KeyPress from None: t=136.74186789999658, value=right, duration=None>
136.7568 	EXP 	New trial (rep=6, index=9): <Trial 69 (9 in rep 6) data={'cue_arrow': '←', 'target_x': -0.5, 'condition': 'valid', 'corr_Ans': 'left', 'thisN': 69, 'thisTrialN': 9, 'thisRepN': 6}>
136.7738 	EXP 	fixation: autoDraw = False
136.7738 	EXP 	cue_text: autoDraw = False
136.7738 	EXP 	target: autoDraw = False
136.7738 	EXP 	cue_text: height = np.float64(0.1)
136.7738 	EXP 	cue_text: height = np.float64(0.1)
136.7738 	EXP 	cue_text: height = np.float64(0.1)
136.7738 	EXP 	cue_text: text = '←'
136.7738 	EXP 	fixation: autoDraw = True
136.9235 	EXP 	Device response: <KeyPress from None: t=136.74186789999658, value=right, duration=0.1719472999975551>
137.2572 	EXP 	fixation: autoDraw = False
137.2572 	EXP 	cue_text: autoDraw = True
137.5573 	EXP 	cue_text: autoDraw = False
137.8577 	INFO 	Keyboard events cleared
137.8574 	EXP 	target: autoDraw = True
138.3071 	EXP 	Device response: <KeyPress from None: t=138.30202980000468, value=left, duration=None>
138.3075 	EXP 	New trial (rep=7, index=0): <Trial 70 (0 in rep 7) data={'cue_arrow': '→', 'target_x': -0.5, 'condition': 'invalid', 'corr_Ans': 'left', 'thisN': 70, 'thisTrialN': 0, 'thisRepN': 7}>
138.3107 	DATA 	Keypress: left
138.3230 	EXP 	fixation: autoDraw = False
138.3230 	EXP 	cue_text: autoDraw = False
138.3230 	EXP 	target: autoDraw = False
138.3230 	EXP 	cue_text: height = np.float64(0.1)
138.3230 	EXP 	cue_text: height = np.float64(0.1)
138.3230 	EXP 	cue_text: height = np.float64(0.1)
138.3230 	EXP 	cue_text: text = '→'
138.3230 	EXP 	fixation: autoDraw = True
138.4738 	EXP 	Device response: <KeyPress from None: t=138.30202980000468, value=left, duration=0.16384839999955148>
138.8078 	EXP 	fixation: autoDraw = False
138.8078 	EXP 	cue_text: autoDraw = True
139.1071 	EXP 	cue_text: autoDraw = False
139.4076 	INFO 	Keyboard events cleared
139.4074 	EXP 	target: autoDraw = True
140.8902 	EXP 	Device response: <KeyPress from None: t=140.88407780000125, value=left, duration=None>
140.8905 	EXP 	New trial (rep=7, index=1): <Trial 71 (1 in rep 7) data={'cue_arrow': '→', 'target_x': 0.5, 'condition': 'valid', 'corr_Ans': 'right', 'thisN': 71, 'thisTrialN': 1, 'thisRepN': 7}>
140.8917 	DATA 	Keypress: left
140.9057 	EXP 	fixation: autoDraw = False
140.9057 	EXP 	cue_text: autoDraw = False
140.9057 	EXP 	target: autoDraw = False
140.9057 	EXP 	cue_text: text = '→'
140.9057 	EXP 	fixation: autoDraw = True
141.0236 	EXP 	Device response: <KeyPress from None: t=140.88407780000125, value=left, duration=0.13370520000171382>
141.3904 	EXP 	fixation: autoDraw = False
141.3904 	EXP 	cue_text: autoDraw = True
141.6900 	EXP 	cue_text: autoDraw = False
141.9911 	INFO 	Keyboard events cleared
141.9909 	EXP 	target: autoDraw = True
142.3405 	EXP 	Device response: <KeyPress from None: t=142.33304120000685, value=right, duration=None>
142.3408 	EXP 	New trial (rep=7, index=2): <Trial 72 (2 in rep 7) data={'cue_arrow': '←', 'target_x': -0.5, 'condition': 'valid', 'corr_Ans': 'left', 'thisN': 72, 'thisTrialN': 2, 'thisRepN': 7}>
142.3438 	DATA 	Keypress: right
142.3559 	EXP 	fixation: autoDraw = False
142.3559 	EXP 	cue_text: autoDraw = False
142.3559 	EXP 	target: autoDraw = False
142.3559 	EXP 	cue_text: height = np.float64(0.1)
142.3559 	EXP 	cue_text: height = np.float64(0.1)
142.3559 	EXP 	cue_text: height = np.float64(0.1)
142.3559 	EXP 	cue_text: text = '←'
142.3559 	EXP 	fixation: autoDraw = True
142.4910 	EXP 	Device response: <KeyPress from None: t=142.33304120000685, value=right, duration=0.14990099999704398>
142.8410 	EXP 	fixation: autoDraw = False
142.8410 	EXP 	cue_text: autoDraw = True
143.1399 	EXP 	cue_text: autoDraw = False
143.4408 	INFO 	Keyboard events cleared
143.4406 	EXP 	target: autoDraw = True
143.8898 	EXP 	Device response: <KeyPress from None: t=143.88294840000162, value=left, duration=None>
143.8903 	EXP 	New trial (rep=7, index=3): <Trial 73 (3 in rep 7) data={'cue_arrow': '←', 'target_x': -0.5, 'condition': 'valid', 'corr_Ans': 'left', 'thisN': 73, 'thisTrialN': 3, 'thisRepN': 7}>
143.8916 	DATA 	Keypress: left
143.9065 	EXP 	fixation: autoDraw = False
143.9065 	EXP 	cue_text: autoDraw = False
143.9065 	EXP 	target: autoDraw = False
143.9065 	EXP 	cue_text: text = '←'
143.9065 	EXP 	fixation: autoDraw = True
144.0748 	EXP 	Device response: <KeyPress from None: t=143.88294840000162, value=left, duration=0.185163799993461>
144.3911 	EXP 	fixation: autoDraw = False
144.3911 	EXP 	cue_text: autoDraw = True
144.6904 	EXP 	cue_text: autoDraw = False
144.9892 	INFO 	Keyboard events cleared
144.9890 	EXP 	target: autoDraw = True
145.4416 	EXP 	Device response: <KeyPress from None: t=145.43474500000593, value=left, duration=None>
145.4421 	EXP 	New trial (rep=7, index=4): <Trial 74 (4 in rep 7) data={'cue_arrow': '→', 'target_x': 0.5, 'condition': 'valid', 'corr_Ans': 'right', 'thisN': 74, 'thisTrialN': 4, 'thisRepN': 7}>
145.4452 	DATA 	Keypress: left
145.4559 	EXP 	fixation: autoDraw = False
145.4559 	EXP 	cue_text: autoDraw = False
145.4559 	EXP 	target: autoDraw = False
145.4559 	EXP 	cue_text: height = np.float64(0.1)
145.4559 	EXP 	cue_text: height = np.float64(0.1)
145.4559 	EXP 	cue_text: height = np.float64(0.1)
145.4559 	EXP 	cue_text: text = '→'
145.4559 	EXP 	fixation: autoDraw = True
145.6068 	EXP 	Device response: <KeyPress from None: t=145.43474500000593, value=left, duration=0.15886549999413546>
145.9410 	EXP 	fixation: autoDraw = False
145.9410 	EXP 	cue_text: autoDraw = True
146.2407 	EXP 	cue_text: autoDraw = False
146.5578 	INFO 	Keyboard events cleared
146.5576 	EXP 	target: autoDraw = True
147.0071 	EXP 	Device response: <KeyPress from None: t=146.99877760000527, value=right, duration=None>
147.0074 	EXP 	New trial (rep=7, index=5): <Trial 75 (5 in rep 7) data={'cue_arrow': '→', 'target_x': 0.5, 'condition': 'valid', 'corr_Ans': 'right', 'thisN': 75, 'thisTrialN': 5, 'thisRepN': 7}>
147.0086 	DATA 	Keypress: right
147.0232 	EXP 	fixation: autoDraw = False
147.0232 	EXP 	cue_text: autoDraw = False
147.0232 	EXP 	target: autoDraw = False
147.0232 	EXP 	cue_text: text = '→'
147.0232 	EXP 	fixation: autoDraw = True
147.1567 	EXP 	Device response: <KeyPress from None: t=146.99877760000527, value=right, duration=0.14975919999415055>
147.5073 	EXP 	fixation: autoDraw = False
147.5073 	EXP 	cue_text: autoDraw = True
147.8073 	EXP 	cue_text: autoDraw = False
148.1074 	INFO 	Keyboard events cleared
148.1072 	EXP 	target: autoDraw = True
148.5264 	DATA 	Keypress: right
148.5399 	EXP 	Device response: <KeyPress from None: t=148.5257086000056, value=right, duration=None>
148.5403 	EXP 	New trial (rep=7, index=6): <Trial 76 (6 in rep 7) data={'cue_arrow': '←', 'target_x': -0.5, 'condition': 'valid', 'corr_Ans': 'left', 'thisN': 76, 'thisTrialN': 6, 'thisRepN': 7}>
148.5574 	EXP 	fixation: autoDraw = False
148.5574 	EXP 	cue_text: autoDraw = False
148.5574 	EXP 	target: autoDraw = False
148.5574 	EXP 	cue_text: height = np.float64(0.1)
148.5574 	EXP 	cue_text: height = np.float64(0.1)
148.5574 	EXP 	cue_text: height = np.float64(0.1)
148.5574 	EXP 	cue_text: text = '←'
148.5574 	EXP 	fixation: autoDraw = True
148.7242 	EXP 	Device response: <KeyPress from None: t=148.5257086000056, value=right, duration=0.19760639999003615>
149.0411 	EXP 	fixation: autoDraw = False
149.0411 	EXP 	cue_text: autoDraw = True
149.3397 	EXP 	cue_text: autoDraw = False
149.6408 	INFO 	Keyboard events cleared
149.6406 	EXP 	target: autoDraw = True
149.9585 	DATA 	Keypress: left
149.9733 	EXP 	Device response: <KeyPress from None: t=149.95741679999628, value=left, duration=None>
149.9737 	EXP 	New trial (rep=7, index=7): <Trial 77 (7 in rep 7) data={'cue_arrow': '→', 'target_x': 0.5, 'condition': 'valid', 'corr_Ans': 'right', 'thisN': 77, 'thisTrialN': 7, 'thisRepN': 7}>
149.9904 	EXP 	fixation: autoDraw = False
149.9904 	EXP 	cue_text: autoDraw = False
149.9904 	EXP 	target: autoDraw = False
149.9904 	EXP 	cue_text: height = np.float64(0.1)
149.9904 	EXP 	cue_text: height = np.float64(0.1)
149.9904 	EXP 	cue_text: height = np.float64(0.1)
149.9904 	EXP 	cue_text: text = '→'
149.9904 	EXP 	fixation: autoDraw = True
150.1415 	EXP 	Device response: <KeyPress from None: t=149.95741679999628, value=left, duration=0.17851550001068972>
150.4731 	EXP 	fixation: autoDraw = False
150.4731 	EXP 	cue_text: autoDraw = True
150.7741 	EXP 	cue_text: autoDraw = False
151.0743 	INFO 	Keyboard events cleared
151.0741 	EXP 	target: autoDraw = True
151.5075 	EXP 	Device response: <KeyPress from None: t=151.49245760000485, value=right, duration=None>
151.5078 	EXP 	New trial (rep=7, index=8): <Trial 78 (8 in rep 7) data={'cue_arrow': '←', 'target_x': -0.5, 'condition': 'valid', 'corr_Ans': 'left', 'thisN': 78, 'thisTrialN': 8, 'thisRepN': 7}>
151.5107 	DATA 	Keypress: right
151.5232 	EXP 	fixation: autoDraw = False
151.5232 	EXP 	cue_text: autoDraw = False
151.5232 	EXP 	target: autoDraw = False
151.5232 	EXP 	cue_text: height = np.float64(0.1)
151.5232 	EXP 	cue_text: height = np.float64(0.1)
151.5232 	EXP 	cue_text: height = np.float64(0.1)
151.5232 	EXP 	cue_text: text = '←'
151.5232 	EXP 	fixation: autoDraw = True
151.6570 	EXP 	Device response: <KeyPress from None: t=151.49245760000485, value=right, duration=0.16119679999246728>
152.0068 	EXP 	fixation: autoDraw = False
152.0068 	EXP 	cue_text: autoDraw = True
152.3076 	EXP 	cue_text: autoDraw = False
152.6080 	INFO 	Keyboard events cleared
152.6078 	EXP 	target: autoDraw = True
153.0240 	EXP 	Device response: <KeyPress from None: t=153.01192370000354, value=left, duration=None>
153.0244 	EXP 	New trial (rep=7, index=9): <Trial 79 (9 in rep 7) data={'cue_arrow': '←', 'target_x': 0.5, 'condition': 'invalid', 'corr_Ans': 'right', 'thisN': 79, 'thisTrialN': 9, 'thisRepN': 7}>
153.0256 	DATA 	Keypress: left
153.0402 	EXP 	fixation: autoDraw = False
153.0402 	EXP 	cue_text: autoDraw = False
153.0402 	EXP 	target: autoDraw = False
153.0402 	EXP 	cue_text: text = '←'
153.0402 	EXP 	fixation: autoDraw = True
153.1911 	EXP 	Device response: <KeyPress from None: t=153.01192370000354, value=left, duration=0.1744819000014104>
153.5240 	EXP 	fixation: autoDraw = False
153.5240 	EXP 	cue_text: autoDraw = True
153.8241 	EXP 	cue_text: autoDraw = False
154.1245 	INFO 	Keyboard events cleared
154.1243 	EXP 	target: autoDraw = True
155.7237 	EXP 	Device response: <KeyPress from None: t=155.72087410000677, value=right, duration=None>
155.7242 	EXP 	New trial (rep=8, index=0): <Trial 80 (0 in rep 8) data={'cue_arrow': '←', 'target_x': -0.5, 'condition': 'valid', 'corr_Ans': 'left', 'thisN': 80, 'thisTrialN': 0, 'thisRepN': 8}>
155.7258 	DATA 	Keypress: right
155.7398 	EXP 	fixation: autoDraw = False
155.7398 	EXP 	cue_text: autoDraw = False
155.7398 	EXP 	target: autoDraw = False
155.7398 	EXP 	cue_text: text = '←'
155.7398 	EXP 	fixation: autoDraw = True
155.9074 	EXP 	Device response: <KeyPress from None: t=155.72087410000677, value=right, duration=0.16846019998774864>
156.2245 	EXP 	fixation: autoDraw = False
156.2245 	EXP 	cue_text: autoDraw = True
156.5246 	EXP 	cue_text: autoDraw = False
156.8235 	INFO 	Keyboard events cleared
156.8233 	EXP 	target: autoDraw = True
157.1906 	EXP 	Device response: <KeyPress from None: t=157.18139739999606, value=left, duration=None>
157.1909 	EXP 	New trial (rep=8, index=1): <Trial 81 (1 in rep 8) data={'cue_arrow': '→', 'target_x': 0.5, 'condition': 'valid', 'corr_Ans': 'right', 'thisN': 81, 'thisTrialN': 1, 'thisRepN': 8}>
157.1938 	DATA 	Keypress: left
157.2061 	EXP 	fixation: autoDraw = False
157.2061 	EXP 	cue_text: autoDraw = False
157.2061 	EXP 	target: autoDraw = False
157.2061 	EXP 	cue_text: height = np.float64(0.1)
157.2061 	EXP 	cue_text: height = np.float64(0.1)
157.2061 	EXP 	cue_text: height = np.float64(0.1)
157.2061 	EXP 	cue_text: text = '→'
157.2061 	EXP 	fixation: autoDraw = True
157.3579 	EXP 	Device response: <KeyPress from None: t=157.18139739999606, value=left, duration=0.16744570000446402>
157.6911 	EXP 	fixation: autoDraw = False
157.6911 	EXP 	cue_text: autoDraw = True
157.9904 	EXP 	cue_text: autoDraw = False
158.2910 	INFO 	Keyboard events cleared
158.2908 	EXP 	target: autoDraw = True
158.6749 	EXP 	Device response: <KeyPress from None: t=158.66405239999585, value=right, duration=None>
158.6754 	EXP 	New trial (rep=8, index=2): <Trial 82 (2 in rep 8) data={'cue_arrow': '→', 'target_x': 0.5, 'condition': 'valid', 'corr_Ans': 'right', 'thisN': 82, 'thisTrialN': 2, 'thisRepN': 8}>
158.6768 	DATA 	Keypress: right
158.6900 	EXP 	fixation: autoDraw = False
158.6900 	EXP 	cue_text: autoDraw = False
158.6900 	EXP 	target: autoDraw = False
158.6900 	EXP 	cue_text: text = '→'
158.6900 	EXP 	fixation: autoDraw = True
158.8737 	EXP 	Device response: <KeyPress from None: t=158.66405239999585, value=right, duration=0.20095270000456367>
159.1748 	EXP 	fixation: autoDraw = False
159.1748 	EXP 	cue_text: autoDraw = True
159.4912 	EXP 	cue_text: autoDraw = False
159.7748 	INFO 	Keyboard events cleared
159.7746 	EXP 	target: autoDraw = True
160.1245 	EXP 	Device response: <KeyPress from None: t=160.12351510000008, value=right, duration=None>
160.1248 	EXP 	New trial (rep=8, index=3): <Trial 83 (3 in rep 8) data={'cue_arrow': '→', 'target_x': 0.5, 'condition': 'valid', 'corr_Ans': 'right', 'thisN': 83, 'thisTrialN': 3, 'thisRepN': 8}>
160.1264 	DATA 	Keypress: right
160.1394 	EXP 	fixation: autoDraw = False
160.1394 	EXP 	cue_text: autoDraw = False
160.1394 	EXP 	target: autoDraw = False
160.1394 	EXP 	cue_text: text = '→'
160.1394 	EXP 	fixation: autoDraw = True
160.2908 	EXP 	Device response: <KeyPress from None: t=160.12351510000008, value=right, duration=0.15919029999349732>
160.6411 	EXP 	fixation: autoDraw = False
160.6411 	EXP 	cue_text: autoDraw = True
160.9246 	EXP 	cue_text: autoDraw = False
161.2242 	INFO 	Keyboard events cleared
161.2240 	EXP 	target: autoDraw = True
161.4413 	EXP 	Device response: <KeyPress from None: t=161.4334380999935, value=right, duration=None>
161.4416 	EXP 	New trial (rep=8, index=4): <Trial 84 (4 in rep 8) data={'cue_arrow': '→', 'target_x': -0.5, 'condition': 'invalid', 'corr_Ans': 'left', 'thisN': 84, 'thisTrialN': 4, 'thisRepN': 8}>
161.4429 	DATA 	Keypress: right
161.4561 	EXP 	fixation: autoDraw = False
161.4561 	EXP 	cue_text: autoDraw = False
161.4561 	EXP 	target: autoDraw = False
161.4561 	EXP 	cue_text: text = '→'
161.4561 	EXP 	fixation: autoDraw = True
161.6075 	EXP 	Device response: <KeyPress from None: t=161.4334380999935, value=right, duration=0.1681115000101272>
161.9412 	EXP 	fixation: autoDraw = False
161.9412 	EXP 	cue_text: autoDraw = True
162.2412 	EXP 	cue_text: autoDraw = False
162.5413 	INFO 	Keyboard events cleared
162.5411 	EXP 	target: autoDraw = True
163.9409 	EXP 	Device response: <KeyPress from None: t=163.93743550000363, value=left, duration=None>
163.9413 	EXP 	New trial (rep=8, index=5): <Trial 85 (5 in rep 8) data={'cue_arrow': '←', 'target_x': 0.5, 'condition': 'invalid', 'corr_Ans': 'right', 'thisN': 85, 'thisTrialN': 5, 'thisRepN': 8}>
163.9444 	DATA 	Keypress: left
163.9569 	EXP 	fixation: autoDraw = False
163.9569 	EXP 	cue_text: autoDraw = False
163.9569 	EXP 	target: autoDraw = False
163.9569 	EXP 	cue_text: height = np.float64(0.1)
163.9569 	EXP 	cue_text: height = np.float64(0.1)
163.9569 	EXP 	cue_text: height = np.float64(0.1)
163.9569 	EXP 	cue_text: text = '←'
163.9569 	EXP 	fixation: autoDraw = True
164.1249 	EXP 	Device response: <KeyPress from None: t=163.93743550000363, value=left, duration=0.1858451000007335>
164.4413 	EXP 	fixation: autoDraw = False
164.4413 	EXP 	cue_text: autoDraw = True
164.7396 	EXP 	cue_text: autoDraw = False
165.0416 	INFO 	Keyboard events cleared
165.0414 	EXP 	target: autoDraw = True
166.6589 	EXP 	Device response: <KeyPress from None: t=166.64717799999926, value=right, duration=None>
166.6594 	EXP 	New trial (rep=8, index=6): <Trial 86 (6 in rep 8) data={'cue_arrow': '←', 'target_x': -0.5, 'condition': 'valid', 'corr_Ans': 'left', 'thisN': 86, 'thisTrialN': 6, 'thisRepN': 8}>
166.6611 	DATA 	Keypress: right
166.6727 	EXP 	fixation: autoDraw = False
166.6727 	EXP 	cue_text: autoDraw = False
166.6727 	EXP 	target: autoDraw = False
166.6727 	EXP 	cue_text: text = '←'
166.6727 	EXP 	fixation: autoDraw = True
166.8079 	EXP 	Device response: <KeyPress from None: t=166.64717799999926, value=right, duration=0.15170309999666642>
167.1745 	EXP 	fixation: autoDraw = False
167.1745 	EXP 	cue_text: autoDraw = True
167.4744 	EXP 	cue_text: autoDraw = False
167.7749 	INFO 	Keyboard events cleared
167.7747 	EXP 	target: autoDraw = True
168.4907 	EXP 	Device response: <KeyPress from None: t=168.47920370000065, value=left, duration=None>
168.4912 	EXP 	New trial (rep=8, index=7): <Trial 87 (7 in rep 8) data={'cue_arrow': '→', 'target_x': 0.5, 'condition': 'valid', 'corr_Ans': 'right', 'thisN': 87, 'thisTrialN': 7, 'thisRepN': 8}>
168.4943 	DATA 	Keypress: left
168.5073 	EXP 	fixation: autoDraw = False
168.5073 	EXP 	cue_text: autoDraw = False
168.5073 	EXP 	target: autoDraw = False
168.5073 	EXP 	cue_text: height = np.float64(0.1)
168.5073 	EXP 	cue_text: height = np.float64(0.1)
168.5073 	EXP 	cue_text: height = np.float64(0.1)
168.5073 	EXP 	cue_text: text = '→'
168.5073 	EXP 	fixation: autoDraw = True
168.6241 	EXP 	Device response: <KeyPress from None: t=168.47920370000065, value=left, duration=0.13574729999527335>
168.9911 	EXP 	fixation: autoDraw = False
168.9911 	EXP 	cue_text: autoDraw = True
169.2910 	EXP 	cue_text: autoDraw = False
169.5905 	INFO 	Keyboard events cleared
169.5903 	EXP 	target: autoDraw = True
169.9405 	EXP 	Device response: <KeyPress from None: t=169.93710470000224, value=right, duration=None>
169.9410 	EXP 	New trial (rep=8, index=8): <Trial 88 (8 in rep 8) data={'cue_arrow': '←', 'target_x': -0.5, 'condition': 'valid', 'corr_Ans': 'left', 'thisN': 88, 'thisTrialN': 8, 'thisRepN': 8}>
169.9440 	DATA 	Keypress: right
169.9561 	EXP 	fixation: autoDraw = False
169.9561 	EXP 	cue_text: autoDraw = False
169.9561 	EXP 	target: autoDraw = False
169.9561 	EXP 	cue_text: height = np.float64(0.1)
169.9561 	EXP 	cue_text: height = np.float64(0.1)
169.9561 	EXP 	cue_text: height = np.float64(0.1)
169.9561 	EXP 	cue_text: text = '←'
169.9561 	EXP 	fixation: autoDraw = True
170.1071 	EXP 	Device response: <KeyPress from None: t=169.93710470000224, value=right, duration=0.16443069999513682>
170.4404 	EXP 	fixation: autoDraw = False
170.4404 	EXP 	cue_text: autoDraw = True
170.7414 	EXP 	cue_text: autoDraw = False
171.0413 	INFO 	Keyboard events cleared
171.0411 	EXP 	target: autoDraw = True
171.3577 	EXP 	Device response: <KeyPress from None: t=171.34552519999852, value=left, duration=None>
171.3581 	EXP 	New trial (rep=8, index=9): <Trial 89 (9 in rep 8) data={'cue_arrow': '←', 'target_x': -0.5, 'condition': 'valid', 'corr_Ans': 'left', 'thisN': 89, 'thisTrialN': 9, 'thisRepN': 8}>
171.3597 	DATA 	Keypress: left
171.3736 	EXP 	fixation: autoDraw = False
171.3736 	EXP 	cue_text: autoDraw = False
171.3736 	EXP 	target: autoDraw = False
171.3736 	EXP 	cue_text: text = '←'
171.3736 	EXP 	fixation: autoDraw = True
171.5255 	EXP 	Device response: <KeyPress from None: t=171.34552519999852, value=left, duration=0.17588160000741482>
171.8584 	EXP 	fixation: autoDraw = False
171.8584 	EXP 	cue_text: autoDraw = True
172.1581 	EXP 	cue_text: autoDraw = False
172.4573 	INFO 	Keyboard events cleared
172.4571 	EXP 	target: autoDraw = True
172.8417 	EXP 	Device response: <KeyPress from None: t=172.840896099995, value=left, duration=None>
172.8420 	EXP 	New trial (rep=9, index=0): <Trial 90 (0 in rep 9) data={'cue_arrow': '→', 'target_x': 0.5, 'condition': 'valid', 'corr_Ans': 'right', 'thisN': 90, 'thisTrialN': 0, 'thisRepN': 9}>
172.8451 	DATA 	Keypress: left
172.8573 	EXP 	fixation: autoDraw = False
172.8573 	EXP 	cue_text: autoDraw = False
172.8573 	EXP 	target: autoDraw = False
172.8573 	EXP 	cue_text: height = np.float64(0.1)
172.8573 	EXP 	cue_text: height = np.float64(0.1)
172.8573 	EXP 	cue_text: height = np.float64(0.1)
172.8573 	EXP 	cue_text: text = '→'
172.8573 	EXP 	fixation: autoDraw = True
173.0243 	EXP 	Device response: <KeyPress from None: t=172.840896099995, value=left, duration=0.18042470001091715>
173.3412 	EXP 	fixation: autoDraw = False
173.3412 	EXP 	cue_text: autoDraw = True
173.6417 	EXP 	cue_text: autoDraw = False
173.9415 	INFO 	Keyboard events cleared
173.9413 	EXP 	target: autoDraw = True
174.4734 	EXP 	Device response: <KeyPress from None: t=174.4691038000019, value=right, duration=None>
174.4739 	EXP 	New trial (rep=9, index=1): <Trial 91 (1 in rep 9) data={'cue_arrow': '→', 'target_x': 0.5, 'condition': 'valid', 'corr_Ans': 'right', 'thisN': 91, 'thisTrialN': 1, 'thisRepN': 9}>
174.4750 	DATA 	Keypress: right
174.4910 	EXP 	fixation: autoDraw = False
174.4910 	EXP 	cue_text: autoDraw = False
174.4910 	EXP 	target: autoDraw = False
174.4910 	EXP 	cue_text: text = '→'
174.4910 	EXP 	fixation: autoDraw = True
174.6577 	EXP 	Device response: <KeyPress from None: t=174.4691038000019, value=right, duration=0.1717923999967752>
174.9752 	EXP 	fixation: autoDraw = False
174.9752 	EXP 	cue_text: autoDraw = True
175.2746 	EXP 	cue_text: autoDraw = False
175.5750 	INFO 	Keyboard events cleared
175.5747 	EXP 	target: autoDraw = True
176.1752 	EXP 	Device response: <KeyPress from None: t=176.1672932000074, value=right, duration=None>
176.1757 	EXP 	New trial (rep=9, index=2): <Trial 92 (2 in rep 9) data={'cue_arrow': '→', 'target_x': 0.5, 'condition': 'valid', 'corr_Ans': 'right', 'thisN': 92, 'thisTrialN': 2, 'thisRepN': 9}>
176.1771 	DATA 	Keypress: right
176.1905 	EXP 	fixation: autoDraw = False
176.1905 	EXP 	cue_text: autoDraw = False
176.1905 	EXP 	target: autoDraw = False
176.1905 	EXP 	cue_text: text = '→'
176.1905 	EXP 	fixation: autoDraw = True
176.3915 	EXP 	Device response: <KeyPress from None: t=176.1672932000074, value=right, duration=0.2145118999906117>
176.6749 	EXP 	fixation: autoDraw = False
176.6749 	EXP 	cue_text: autoDraw = True
176.9749 	EXP 	cue_text: autoDraw = False
177.2919 	INFO 	Keyboard events cleared
177.2917 	EXP 	target: autoDraw = True
177.6758 	EXP 	Device response: <KeyPress from None: t=177.65983150000102, value=right, duration=None>
177.6764 	EXP 	New trial (rep=9, index=3): <Trial 93 (3 in rep 9) data={'cue_arrow': '←', 'target_x': -0.5, 'condition': 'valid', 'corr_Ans': 'left', 'thisN': 93, 'thisTrialN': 3, 'thisRepN': 9}>
177.6801 	DATA 	Keypress: right
177.6894 	EXP 	fixation: autoDraw = False
177.6894 	EXP 	cue_text: autoDraw = False
177.6894 	EXP 	target: autoDraw = False
177.6894 	EXP 	cue_text: height = np.float64(0.1)
177.6894 	EXP 	cue_text: height = np.float64(0.1)
177.6894 	EXP 	cue_text: height = np.float64(0.1)
177.6894 	EXP 	cue_text: text = '←'
177.6894 	EXP 	fixation: autoDraw = True
177.8416 	EXP 	Device response: <KeyPress from None: t=177.65983150000102, value=right, duration=0.17836390000593383>
178.1919 	EXP 	fixation: autoDraw = False
178.1919 	EXP 	cue_text: autoDraw = True
178.4916 	EXP 	cue_text: autoDraw = False
178.7906 	INFO 	Keyboard events cleared
178.7904 	EXP 	target: autoDraw = True
179.1751 	EXP 	Device response: <KeyPress from None: t=179.16589760000352, value=left, duration=None>
179.1756 	EXP 	New trial (rep=9, index=4): <Trial 94 (4 in rep 9) data={'cue_arrow': '←', 'target_x': -0.5, 'condition': 'valid', 'corr_Ans': 'left', 'thisN': 94, 'thisTrialN': 4, 'thisRepN': 9}>
179.1770 	DATA 	Keypress: left
179.1904 	EXP 	fixation: autoDraw = False
179.1904 	EXP 	cue_text: autoDraw = False
179.1904 	EXP 	target: autoDraw = False
179.1904 	EXP 	cue_text: text = '←'
179.1904 	EXP 	fixation: autoDraw = True
179.3744 	EXP 	Device response: <KeyPress from None: t=179.16589760000352, value=left, duration=0.19215499999700114>
179.6905 	EXP 	fixation: autoDraw = False
179.6905 	EXP 	cue_text: autoDraw = True
179.9740 	EXP 	cue_text: autoDraw = False
180.2750 	INFO 	Keyboard events cleared
180.2748 	EXP 	target: autoDraw = True
180.5578 	EXP 	Device response: <KeyPress from None: t=180.5513132000051, value=left, duration=None>
180.5581 	EXP 	New trial (rep=9, index=5): <Trial 95 (5 in rep 9) data={'cue_arrow': '←', 'target_x': 0.5, 'condition': 'invalid', 'corr_Ans': 'right', 'thisN': 95, 'thisTrialN': 5, 'thisRepN': 9}>
180.5593 	DATA 	Keypress: left
180.5734 	EXP 	fixation: autoDraw = False
180.5734 	EXP 	cue_text: autoDraw = False
180.5734 	EXP 	target: autoDraw = False
180.5734 	EXP 	cue_text: text = '←'
180.5734 	EXP 	fixation: autoDraw = True
180.7578 	EXP 	Device response: <KeyPress from None: t=180.5513132000051, value=left, duration=0.19348219998937566>
181.0574 	EXP 	fixation: autoDraw = False
181.0574 	EXP 	cue_text: autoDraw = True
181.3584 	EXP 	cue_text: autoDraw = False
181.6575 	INFO 	Keyboard events cleared
181.6573 	EXP 	target: autoDraw = True
182.8913 	EXP 	Device response: <KeyPress from None: t=182.8904712999938, value=right, duration=None>
182.8916 	EXP 	New trial (rep=9, index=6): <Trial 96 (6 in rep 9) data={'cue_arrow': '←', 'target_x': -0.5, 'condition': 'valid', 'corr_Ans': 'left', 'thisN': 96, 'thisTrialN': 6, 'thisRepN': 9}>
182.8928 	DATA 	Keypress: right
182.9072 	EXP 	fixation: autoDraw = False
182.9072 	EXP 	cue_text: autoDraw = False
182.9072 	EXP 	target: autoDraw = False
182.9072 	EXP 	cue_text: text = '←'
182.9072 	EXP 	fixation: autoDraw = True
183.0580 	EXP 	Device response: <KeyPress from None: t=182.8904712999938, value=right, duration=0.15935120001086034>
183.4080 	EXP 	fixation: autoDraw = False
183.4080 	EXP 	cue_text: autoDraw = True
183.6918 	EXP 	cue_text: autoDraw = False
183.9915 	INFO 	Keyboard events cleared
183.9913 	EXP 	target: autoDraw = True
184.4762 	DATA 	Keypress: left
184.4907 	EXP 	Device response: <KeyPress from None: t=184.47558379999828, value=left, duration=None>
184.4911 	EXP 	New trial (rep=9, index=7): <Trial 97 (7 in rep 9) data={'cue_arrow': '→', 'target_x': -0.5, 'condition': 'invalid', 'corr_Ans': 'left', 'thisN': 97, 'thisTrialN': 7, 'thisRepN': 9}>
184.5074 	EXP 	fixation: autoDraw = False
184.5074 	EXP 	cue_text: autoDraw = False
184.5074 	EXP 	target: autoDraw = False
184.5074 	EXP 	cue_text: height = np.float64(0.1)
184.5074 	EXP 	cue_text: height = np.float64(0.1)
184.5074 	EXP 	cue_text: height = np.float64(0.1)
184.5074 	EXP 	cue_text: text = '→'
184.5074 	EXP 	fixation: autoDraw = True
184.6412 	EXP 	Device response: <KeyPress from None: t=184.47558379999828, value=left, duration=0.14948229999572504>
184.9921 	EXP 	fixation: autoDraw = False
184.9921 	EXP 	cue_text: autoDraw = True
185.2916 	EXP 	cue_text: autoDraw = False
185.5901 	INFO 	Keyboard events cleared
185.5899 	EXP 	target: autoDraw = True
186.7580 	EXP 	Device response: <KeyPress from None: t=186.75476999999955, value=left, duration=None>
186.7584 	EXP 	New trial (rep=9, index=8): <Trial 98 (8 in rep 9) data={'cue_arrow': '→', 'target_x': 0.5, 'condition': 'valid', 'corr_Ans': 'right', 'thisN': 98, 'thisTrialN': 8, 'thisRepN': 9}>
186.7596 	DATA 	Keypress: left
186.7734 	EXP 	fixation: autoDraw = False
186.7734 	EXP 	cue_text: autoDraw = False
186.7734 	EXP 	target: autoDraw = False
186.7734 	EXP 	cue_text: text = '→'
186.7734 	EXP 	fixation: autoDraw = True
186.9247 	EXP 	Device response: <KeyPress from None: t=186.75476999999955, value=left, duration=0.15722180000739172>
187.2584 	EXP 	fixation: autoDraw = False
187.2584 	EXP 	cue_text: autoDraw = True
187.5578 	EXP 	cue_text: autoDraw = False
187.8582 	INFO 	Keyboard events cleared
187.8580 	EXP 	target: autoDraw = True
188.3090 	EXP 	Device response: <KeyPress from None: t=188.30504989999463, value=right, duration=None>
188.3094 	EXP 	New trial (rep=9, index=9): <Trial 99 (9 in rep 9) data={'cue_arrow': '←', 'target_x': -0.5, 'condition': 'valid', 'corr_Ans': 'left', 'thisN': 99, 'thisTrialN': 9, 'thisRepN': 9}>
188.3126 	DATA 	Keypress: right
188.3226 	EXP 	fixation: autoDraw = False
188.3226 	EXP 	cue_text: autoDraw = False
188.3226 	EXP 	target: autoDraw = False
188.3226 	EXP 	cue_text: height = np.float64(0.1)
188.3226 	EXP 	cue_text: height = np.float64(0.1)
188.3226 	EXP 	cue_text: height = np.float64(0.1)
188.3226 	EXP 	cue_text: text = '←'
188.3226 	EXP 	fixation: autoDraw = True
188.4413 	EXP 	Device response: <KeyPress from None: t=188.30504989999463, value=right, duration=0.12977220000175294>
188.8251 	EXP 	fixation: autoDraw = False
188.8251 	EXP 	cue_text: autoDraw = True
189.1081 	EXP 	cue_text: autoDraw = False
189.4086 	INFO 	Keyboard events cleared
189.4084 	EXP 	target: autoDraw = True
189.8087 	EXP 	Device response: <KeyPress from None: t=189.8028473000013, value=left, duration=None>
189.8091 	EXP 	New trial (rep=10, index=0): <Trial 100 (0 in rep 10) data={'cue_arrow': '←', 'target_x': -0.5, 'condition': 'valid', 'corr_Ans': 'left', 'thisN': 100, 'thisTrialN': 0, 'thisRepN': 10}>
189.8104 	DATA 	Keypress: left
189.8231 	EXP 	fixation: autoDraw = False
189.8231 	EXP 	cue_text: autoDraw = False
189.8231 	EXP 	target: autoDraw = False
189.8231 	EXP 	cue_text: text = '←'
189.8231 	EXP 	fixation: autoDraw = True
189.9750 	EXP 	Device response: <KeyPress from None: t=189.8028473000013, value=left, duration=0.1701751999935368>
190.3073 	EXP 	fixation: autoDraw = False
190.3073 	EXP 	cue_text: autoDraw = True
190.6068 	EXP 	cue_text: autoDraw = False
190.9089 	INFO 	Keyboard events cleared
190.9087 	EXP 	target: autoDraw = True
191.2579 	EXP 	Device response: <KeyPress from None: t=191.2557575999963, value=left, duration=None>
191.2582 	EXP 	New trial (rep=10, index=1): <Trial 101 (1 in rep 10) data={'cue_arrow': '→', 'target_x': 0.5, 'condition': 'valid', 'corr_Ans': 'right', 'thisN': 101, 'thisTrialN': 1, 'thisRepN': 10}>
191.2611 	DATA 	Keypress: left
191.2737 	EXP 	fixation: autoDraw = False
191.2737 	EXP 	cue_text: autoDraw = False
191.2737 	EXP 	target: autoDraw = False
191.2737 	EXP 	cue_text: height = np.float64(0.1)
191.2737 	EXP 	cue_text: height = np.float64(0.1)
191.2737 	EXP 	cue_text: height = np.float64(0.1)
191.2737 	EXP 	cue_text: text = '→'
191.2737 	EXP 	fixation: autoDraw = True
191.4085 	EXP 	Device response: <KeyPress from None: t=191.2557575999963, value=left, duration=0.1473627000086708>
191.7749 	EXP 	fixation: autoDraw = False
191.7749 	EXP 	cue_text: autoDraw = True
192.0585 	EXP 	cue_text: autoDraw = False
192.3582 	INFO 	Keyboard events cleared
192.3580 	EXP 	target: autoDraw = True
192.6417 	EXP 	Device response: <KeyPress from None: t=192.63497470000584, value=right, duration=None>
192.6421 	EXP 	New trial (rep=10, index=2): <Trial 102 (2 in rep 10) data={'cue_arrow': '←', 'target_x': -0.5, 'condition': 'valid', 'corr_Ans': 'left', 'thisN': 102, 'thisTrialN': 2, 'thisRepN': 10}>
192.6452 	DATA 	Keypress: right
192.6575 	EXP 	fixation: autoDraw = False
192.6575 	EXP 	cue_text: autoDraw = False
192.6575 	EXP 	target: autoDraw = False
192.6575 	EXP 	cue_text: height = np.float64(0.1)
192.6575 	EXP 	cue_text: height = np.float64(0.1)
192.6575 	EXP 	cue_text: height = np.float64(0.1)
192.6575 	EXP 	cue_text: text = '←'
192.6575 	EXP 	fixation: autoDraw = True
192.7920 	EXP 	Device response: <KeyPress from None: t=192.63497470000584, value=right, duration=0.15451239999674726>
193.1418 	EXP 	fixation: autoDraw = False
193.1418 	EXP 	cue_text: autoDraw = True
193.4415 	EXP 	cue_text: autoDraw = False
193.7420 	INFO 	Keyboard events cleared
193.7418 	EXP 	target: autoDraw = True
194.0407 	EXP 	Device response: <KeyPress from None: t=194.03419700000086, value=left, duration=None>
194.0411 	EXP 	New trial (rep=10, index=3): <Trial 103 (3 in rep 10) data={'cue_arrow': '→', 'target_x': 0.5, 'condition': 'valid', 'corr_Ans': 'right', 'thisN': 103, 'thisTrialN': 3, 'thisRepN': 10}>
194.0440 	DATA 	Keypress: left
194.0583 	EXP 	fixation: autoDraw = False
194.0583 	EXP 	cue_text: autoDraw = False
194.0583 	EXP 	target: autoDraw = False
194.0583 	EXP 	cue_text: height = np.float64(0.1)
194.0583 	EXP 	cue_text: height = np.float64(0.1)
194.0583 	EXP 	cue_text: height = np.float64(0.1)
194.0583 	EXP 	cue_text: text = '→'
194.0583 	EXP 	fixation: autoDraw = True
194.1917 	EXP 	Device response: <KeyPress from None: t=194.03419700000086, value=left, duration=0.1542464999947697>
194.5421 	EXP 	fixation: autoDraw = False
194.5421 	EXP 	cue_text: autoDraw = True
194.8585 	EXP 	cue_text: autoDraw = False
195.1423 	INFO 	Keyboard events cleared
195.1421 	EXP 	target: autoDraw = True
195.4257 	EXP 	Device response: <KeyPress from None: t=195.4175111999939, value=right, duration=None>
195.4261 	EXP 	New trial (rep=10, index=4): <Trial 104 (4 in rep 10) data={'cue_arrow': '→', 'target_x': 0.5, 'condition': 'valid', 'corr_Ans': 'right', 'thisN': 104, 'thisTrialN': 4, 'thisRepN': 10}>
195.4274 	DATA 	Keypress: right
195.4400 	EXP 	fixation: autoDraw = False
195.4400 	EXP 	cue_text: autoDraw = False
195.4400 	EXP 	target: autoDraw = False
195.4400 	EXP 	cue_text: text = '→'
195.4400 	EXP 	fixation: autoDraw = True
195.5585 	EXP 	Device response: <KeyPress from None: t=195.4175111999939, value=right, duration=0.1352237000101013>
195.9419 	EXP 	fixation: autoDraw = False
195.9419 	EXP 	cue_text: autoDraw = True
196.2247 	EXP 	cue_text: autoDraw = False
196.5415 	INFO 	Keyboard events cleared
196.5412 	EXP 	target: autoDraw = True
196.6754 	EXP 	Device response: <KeyPress from None: t=196.6709439999977, value=right, duration=None>
196.6758 	EXP 	New trial (rep=10, index=5): <Trial 105 (5 in rep 10) data={'cue_arrow': '→', 'target_x': 0.5, 'condition': 'valid', 'corr_Ans': 'right', 'thisN': 105, 'thisTrialN': 5, 'thisRepN': 10}>
196.6770 	DATA 	Keypress: right
196.6901 	EXP 	fixation: autoDraw = False
196.6901 	EXP 	cue_text: autoDraw = False
196.6901 	EXP 	target: autoDraw = False
196.6901 	EXP 	cue_text: text = '→'
196.6901 	EXP 	fixation: autoDraw = True
196.8406 	EXP 	Device response: <KeyPress from None: t=196.6709439999977, value=right, duration=0.1621266000001924>
197.1750 	EXP 	fixation: autoDraw = False
197.1750 	EXP 	cue_text: autoDraw = True
197.4921 	EXP 	cue_text: autoDraw = False
197.7757 	INFO 	Keyboard events cleared
197.7755 	EXP 	target: autoDraw = True
197.9747 	EXP 	Device response: <KeyPress from None: t=197.96328379999613, value=right, duration=None>
197.9751 	EXP 	New trial (rep=10, index=6): <Trial 106 (6 in rep 10) data={'cue_arrow': '←', 'target_x': -0.5, 'condition': 'valid', 'corr_Ans': 'left', 'thisN': 106, 'thisTrialN': 6, 'thisRepN': 10}>
197.9781 	DATA 	Keypress: right
197.9913 	EXP 	fixation: autoDraw = False
197.9913 	EXP 	cue_text: autoDraw = False
197.9913 	EXP 	target: autoDraw = False
197.9913 	EXP 	cue_text: height = np.float64(0.1)
197.9913 	EXP 	cue_text: height = np.float64(0.1)
197.9913 	EXP 	cue_text: height = np.float64(0.1)
197.9913 	EXP 	cue_text: text = '←'
197.9913 	EXP 	fixation: autoDraw = True
198.1423 	EXP 	Device response: <KeyPress from None: t=197.96328379999613, value=right, duration=0.16436920000705868>
198.4752 	EXP 	fixation: autoDraw = False
198.4752 	EXP 	cue_text: autoDraw = True
198.7743 	EXP 	cue_text: autoDraw = False
199.0757 	INFO 	Keyboard events cleared
199.0755 	EXP 	target: autoDraw = True
199.3924 	EXP 	Device response: <KeyPress from None: t=199.3819683000038, value=left, duration=None>
199.3929 	EXP 	New trial (rep=10, index=7): <Trial 107 (7 in rep 10) data={'cue_arrow': '←', 'target_x': -0.5, 'condition': 'valid', 'corr_Ans': 'left', 'thisN': 107, 'thisTrialN': 7, 'thisRepN': 10}>
199.3944 	DATA 	Keypress: left
199.4066 	EXP 	fixation: autoDraw = False
199.4066 	EXP 	cue_text: autoDraw = False
199.4066 	EXP 	target: autoDraw = False
199.4066 	EXP 	cue_text: text = '←'
199.4066 	EXP 	fixation: autoDraw = True
199.5586 	EXP 	Device response: <KeyPress from None: t=199.3819683000038, value=left, duration=0.17235300000174902>
199.9083 	EXP 	fixation: autoDraw = False
199.9083 	EXP 	cue_text: autoDraw = True
200.2083 	EXP 	cue_text: autoDraw = False
200.5078 	INFO 	Keyboard events cleared
200.5076 	EXP 	target: autoDraw = True
200.7413 	EXP 	Device response: <KeyPress from None: t=200.7284304000059, value=left, duration=None>
200.7417 	EXP 	New trial (rep=10, index=8): <Trial 108 (8 in rep 10) data={'cue_arrow': '←', 'target_x': 0.5, 'condition': 'invalid', 'corr_Ans': 'right', 'thisN': 108, 'thisTrialN': 8, 'thisRepN': 10}>
200.7428 	DATA 	Keypress: left
200.7582 	EXP 	fixation: autoDraw = False
200.7582 	EXP 	cue_text: autoDraw = False
200.7582 	EXP 	target: autoDraw = False
200.7582 	EXP 	cue_text: text = '←'
200.7582 	EXP 	fixation: autoDraw = True
200.8921 	EXP 	Device response: <KeyPress from None: t=200.7284304000059, value=left, duration=0.15631459999713115>
201.2423 	EXP 	fixation: autoDraw = False
201.2423 	EXP 	cue_text: autoDraw = True
201.5422 	EXP 	cue_text: autoDraw = False
201.8421 	INFO 	Keyboard events cleared
201.8419 	EXP 	target: autoDraw = True
203.3757 	EXP 	Device response: <KeyPress from None: t=203.36832850000064, value=right, duration=None>
203.3760 	EXP 	New trial (rep=10, index=9): <Trial 109 (9 in rep 10) data={'cue_arrow': '→', 'target_x': -0.5, 'condition': 'invalid', 'corr_Ans': 'left', 'thisN': 109, 'thisTrialN': 9, 'thisRepN': 10}>
203.3794 	DATA 	Keypress: right
203.3900 	EXP 	fixation: autoDraw = False
203.3900 	EXP 	cue_text: autoDraw = False
203.3900 	EXP 	target: autoDraw = False
203.3900 	EXP 	cue_text: height = np.float64(0.1)
203.3900 	EXP 	cue_text: height = np.float64(0.1)
203.3900 	EXP 	cue_text: height = np.float64(0.1)
203.3900 	EXP 	cue_text: text = '→'
203.3900 	EXP 	fixation: autoDraw = True
203.5258 	EXP 	Device response: <KeyPress from None: t=203.36832850000064, value=right, duration=0.1549386999977287>
203.8750 	EXP 	fixation: autoDraw = False
203.8750 	EXP 	cue_text: autoDraw = True
204.1918 	EXP 	cue_text: autoDraw = False
204.4923 	INFO 	Keyboard events cleared
204.4922 	EXP 	target: autoDraw = True
205.6763 	DATA 	Keypress: left
205.6915 	EXP 	Device response: <KeyPress from None: t=205.67564729999867, value=left, duration=None>
205.6919 	EXP 	New trial (rep=11, index=0): <Trial 110 (0 in rep 11) data={'cue_arrow': '→', 'target_x': 0.5, 'condition': 'valid', 'corr_Ans': 'right', 'thisN': 110, 'thisTrialN': 0, 'thisRepN': 11}>
205.7070 	EXP 	fixation: autoDraw = False
205.7070 	EXP 	cue_text: autoDraw = False
205.7070 	EXP 	target: autoDraw = False
205.7070 	EXP 	cue_text: text = '→'
205.7070 	EXP 	fixation: autoDraw = True
205.8082 	EXP 	Device response: <KeyPress from None: t=205.67564729999867, value=left, duration=0.12988079999922775>
206.1905 	EXP 	fixation: autoDraw = False
206.1905 	EXP 	cue_text: autoDraw = True
206.4922 	EXP 	cue_text: autoDraw = False
206.7919 	INFO 	Keyboard events cleared
206.7917 	EXP 	target: autoDraw = True
207.1920 	EXP 	Device response: <KeyPress from None: t=207.1843130000052, value=right, duration=None>
207.1923 	EXP 	New trial (rep=11, index=1): <Trial 111 (1 in rep 11) data={'cue_arrow': '→', 'target_x': 0.5, 'condition': 'valid', 'corr_Ans': 'right', 'thisN': 111, 'thisTrialN': 1, 'thisRepN': 11}>
207.1940 	DATA 	Keypress: right
207.2070 	EXP 	fixation: autoDraw = False
207.2070 	EXP 	cue_text: autoDraw = False
207.2070 	EXP 	target: autoDraw = False
207.2070 	EXP 	cue_text: text = '→'
207.2070 	EXP 	fixation: autoDraw = True
207.3080 	EXP 	Device response: <KeyPress from None: t=207.1843130000052, value=right, duration=0.11994229999254458>
207.6921 	EXP 	fixation: autoDraw = False
207.6921 	EXP 	cue_text: autoDraw = True
207.9918 	EXP 	cue_text: autoDraw = False
208.2918 	INFO 	Keyboard events cleared
208.2916 	EXP 	target: autoDraw = True
208.6080 	EXP 	Device response: <KeyPress from None: t=208.59833019999496, value=right, duration=None>
208.6083 	EXP 	New trial (rep=11, index=2): <Trial 112 (2 in rep 11) data={'cue_arrow': '←', 'target_x': 0.5, 'condition': 'invalid', 'corr_Ans': 'right', 'thisN': 112, 'thisTrialN': 2, 'thisRepN': 11}>
208.6115 	DATA 	Keypress: right
208.6239 	EXP 	fixation: autoDraw = False
208.6239 	EXP 	cue_text: autoDraw = False
208.6239 	EXP 	target: autoDraw = False
208.6239 	EXP 	cue_text: height = np.float64(0.1)
208.6239 	EXP 	cue_text: height = np.float64(0.1)
208.6239 	EXP 	cue_text: height = np.float64(0.1)
208.6239 	EXP 	cue_text: text = '←'
208.6239 	EXP 	fixation: autoDraw = True
208.7591 	EXP 	Device response: <KeyPress from None: t=208.59833019999496, value=right, duration=0.15910580000490882>
209.1083 	EXP 	fixation: autoDraw = False
209.1083 	EXP 	cue_text: autoDraw = True
209.4084 	EXP 	cue_text: autoDraw = False
209.7086 	INFO 	Keyboard events cleared
209.7084 	EXP 	target: autoDraw = True
211.3415 	EXP 	Device response: <KeyPress from None: t=211.33221760000743, value=right, duration=None>
211.3418 	EXP 	New trial (rep=11, index=3): <Trial 113 (3 in rep 11) data={'cue_arrow': '→', 'target_x': 0.5, 'condition': 'valid', 'corr_Ans': 'right', 'thisN': 113, 'thisTrialN': 3, 'thisRepN': 11}>
211.3448 	DATA 	Keypress: right
211.3584 	EXP 	fixation: autoDraw = False
211.3584 	EXP 	cue_text: autoDraw = False
211.3584 	EXP 	target: autoDraw = False
211.3584 	EXP 	cue_text: height = np.float64(0.1)
211.3584 	EXP 	cue_text: height = np.float64(0.1)
211.3584 	EXP 	cue_text: height = np.float64(0.1)
211.3584 	EXP 	cue_text: text = '→'
211.3584 	EXP 	fixation: autoDraw = True
211.4594 	EXP 	Device response: <KeyPress from None: t=211.33221760000743, value=right, duration=0.1228147999936482>
211.8424 	EXP 	fixation: autoDraw = False
211.8424 	EXP 	cue_text: autoDraw = True
212.1577 	EXP 	cue_text: autoDraw = False
212.4422 	INFO 	Keyboard events cleared
212.4420 	EXP 	target: autoDraw = True
213.0920 	EXP 	Device response: <KeyPress from None: t=213.08819169999333, value=right, duration=None>
213.0923 	EXP 	New trial (rep=11, index=4): <Trial 114 (4 in rep 11) data={'cue_arrow': '←', 'target_x': -0.5, 'condition': 'valid', 'corr_Ans': 'left', 'thisN': 114, 'thisTrialN': 4, 'thisRepN': 11}>
213.0954 	DATA 	Keypress: right
213.1074 	EXP 	fixation: autoDraw = False
213.1074 	EXP 	cue_text: autoDraw = False
213.1074 	EXP 	target: autoDraw = False
213.1074 	EXP 	cue_text: height = np.float64(0.1)
213.1074 	EXP 	cue_text: height = np.float64(0.1)
213.1074 	EXP 	cue_text: height = np.float64(0.1)
213.1074 	EXP 	cue_text: text = '←'
213.1074 	EXP 	fixation: autoDraw = True
213.2244 	EXP 	Device response: <KeyPress from None: t=213.08819169999333, value=right, duration=0.1295869000023231>
213.6087 	EXP 	fixation: autoDraw = False
213.6087 	EXP 	cue_text: autoDraw = True
213.8917 	EXP 	cue_text: autoDraw = False
214.1921 	INFO 	Keyboard events cleared
214.1919 	EXP 	target: autoDraw = True
214.5418 	EXP 	Device response: <KeyPress from None: t=214.53435159999935, value=left, duration=None>
214.5422 	EXP 	New trial (rep=11, index=5): <Trial 115 (5 in rep 11) data={'cue_arrow': '←', 'target_x': -0.5, 'condition': 'valid', 'corr_Ans': 'left', 'thisN': 115, 'thisTrialN': 5, 'thisRepN': 11}>
214.5435 	DATA 	Keypress: left
214.5577 	EXP 	fixation: autoDraw = False
214.5577 	EXP 	cue_text: autoDraw = False
214.5577 	EXP 	target: autoDraw = False
214.5577 	EXP 	cue_text: text = '←'
214.5577 	EXP 	fixation: autoDraw = True
214.6918 	EXP 	Device response: <KeyPress from None: t=214.53435159999935, value=left, duration=0.15437000000383705>
215.0421 	EXP 	fixation: autoDraw = False
215.0421 	EXP 	cue_text: autoDraw = True
215.3415 	EXP 	cue_text: autoDraw = False
215.6412 	INFO 	Keyboard events cleared
215.6411 	EXP 	target: autoDraw = True
216.0249 	EXP 	Device response: <KeyPress from None: t=216.02073190000374, value=left, duration=None>
216.0252 	EXP 	New trial (rep=11, index=6): <Trial 116 (6 in rep 11) data={'cue_arrow': '→', 'target_x': -0.5, 'condition': 'invalid', 'corr_Ans': 'left', 'thisN': 116, 'thisTrialN': 6, 'thisRepN': 11}>
216.0281 	DATA 	Keypress: left
216.0404 	EXP 	fixation: autoDraw = False
216.0404 	EXP 	cue_text: autoDraw = False
216.0404 	EXP 	target: autoDraw = False
216.0404 	EXP 	cue_text: height = np.float64(0.1)
216.0404 	EXP 	cue_text: height = np.float64(0.1)
216.0404 	EXP 	cue_text: height = np.float64(0.1)
216.0404 	EXP 	cue_text: text = '→'
216.0404 	EXP 	fixation: autoDraw = True
216.1915 	EXP 	Device response: <KeyPress from None: t=216.02073190000374, value=left, duration=0.1652062999928603>
216.5236 	EXP 	fixation: autoDraw = False
216.5236 	EXP 	cue_text: autoDraw = True
216.8256 	EXP 	cue_text: autoDraw = False
217.1252 	INFO 	Keyboard events cleared
217.1250 	EXP 	target: autoDraw = True
217.2090 	EXP 	Device response: <KeyPress from None: t=217.20415140000114, value=right, duration=None>
217.2094 	EXP 	New trial (rep=11, index=7): <Trial 117 (7 in rep 11) data={'cue_arrow': '←', 'target_x': -0.5, 'condition': 'valid', 'corr_Ans': 'left', 'thisN': 117, 'thisTrialN': 7, 'thisRepN': 11}>
217.2126 	DATA 	Keypress: right
217.2247 	EXP 	fixation: autoDraw = False
217.2247 	EXP 	cue_text: autoDraw = False
217.2247 	EXP 	target: autoDraw = False
217.2247 	EXP 	cue_text: height = np.float64(0.1)
217.2247 	EXP 	cue_text: height = np.float64(0.1)
217.2247 	EXP 	cue_text: height = np.float64(0.1)
217.2247 	EXP 	cue_text: text = '←'
217.2247 	EXP 	fixation: autoDraw = True
217.3248 	EXP 	Device response: <KeyPress from None: t=217.20415140000114, value=right, duration=0.11373120000644121>
217.7079 	EXP 	fixation: autoDraw = False
217.7079 	EXP 	cue_text: autoDraw = True
218.0084 	EXP 	cue_text: autoDraw = False
218.3254 	INFO 	Keyboard events cleared
218.3252 	EXP 	target: autoDraw = True
218.6596 	EXP 	Device response: <KeyPress from None: t=218.64881880000758, value=left, duration=None>
218.6601 	EXP 	New trial (rep=11, index=8): <Trial 118 (8 in rep 11) data={'cue_arrow': '→', 'target_x': 0.5, 'condition': 'valid', 'corr_Ans': 'right', 'thisN': 118, 'thisTrialN': 8, 'thisRepN': 11}>
218.6639 	DATA 	Keypress: left
218.6735 	EXP 	fixation: autoDraw = False
218.6735 	EXP 	cue_text: autoDraw = False
218.6735 	EXP 	target: autoDraw = False
218.6735 	EXP 	cue_text: height = np.float64(0.1)
218.6735 	EXP 	cue_text: height = np.float64(0.1)
218.6735 	EXP 	cue_text: height = np.float64(0.1)
218.6735 	EXP 	cue_text: text = '→'
218.6735 	EXP 	fixation: autoDraw = True
218.8244 	EXP 	Device response: <KeyPress from None: t=218.64881880000758, value=left, duration=0.15918749998672865>
219.1746 	EXP 	fixation: autoDraw = False
219.1746 	EXP 	cue_text: autoDraw = True
219.4750 	EXP 	cue_text: autoDraw = False
219.7758 	INFO 	Keyboard events cleared
219.7756 	EXP 	target: autoDraw = True
220.3262 	EXP 	Device response: <KeyPress from None: t=220.31574239999463, value=right, duration=None>
220.3266 	EXP 	New trial (rep=11, index=9): <Trial 119 (9 in rep 11) data={'cue_arrow': '←', 'target_x': -0.5, 'condition': 'valid', 'corr_Ans': 'left', 'thisN': 119, 'thisTrialN': 9, 'thisRepN': 11}>
220.3304 	DATA 	Keypress: right
220.3405 	EXP 	fixation: autoDraw = False
220.3405 	EXP 	cue_text: autoDraw = False
220.3405 	EXP 	target: autoDraw = False
220.3405 	EXP 	cue_text: height = np.float64(0.1)
220.3405 	EXP 	cue_text: height = np.float64(0.1)
220.3405 	EXP 	cue_text: height = np.float64(0.1)
220.3405 	EXP 	cue_text: text = '←'
220.3405 	EXP 	fixation: autoDraw = True
220.5086 	EXP 	Device response: <KeyPress from None: t=220.31574239999463, value=right, duration=0.18989610001153778>
220.8257 	EXP 	fixation: autoDraw = False
220.8257 	EXP 	cue_text: autoDraw = True
221.1422 	EXP 	cue_text: autoDraw = False
221.4258 	INFO 	Keyboard events cleared
221.4256 	EXP 	target: autoDraw = True
221.8766 	DATA 	Keypress: left
221.8911 	EXP 	Device response: <KeyPress from None: t=221.87558459999855, value=left, duration=None>
221.8915 	EXP 	New trial (rep=12, index=0): <Trial 120 (0 in rep 12) data={'cue_arrow': '←', 'target_x': -0.5, 'condition': 'valid', 'corr_Ans': 'left', 'thisN': 120, 'thisTrialN': 0, 'thisRepN': 12}>
221.9089 	EXP 	fixation: autoDraw = False
221.9089 	EXP 	cue_text: autoDraw = False
221.9089 	EXP 	target: autoDraw = False
221.9089 	EXP 	cue_text: text = '←'
221.9089 	EXP 	fixation: autoDraw = True
222.0756 	EXP 	Device response: <KeyPress from None: t=221.87558459999855, value=left, duration=0.19664710000506602>
222.3921 	EXP 	fixation: autoDraw = False
222.3921 	EXP 	cue_text: autoDraw = True
222.6913 	EXP 	cue_text: autoDraw = False
222.9926 	INFO 	Keyboard events cleared
222.9923 	EXP 	target: autoDraw = True
223.3749 	EXP 	Device response: <KeyPress from None: t=223.37352999999712, value=left, duration=None>
223.3752 	EXP 	New trial (rep=12, index=1): <Trial 121 (1 in rep 12) data={'cue_arrow': '←', 'target_x': -0.5, 'condition': 'valid', 'corr_Ans': 'left', 'thisN': 121, 'thisTrialN': 1, 'thisRepN': 12}>
223.3764 	DATA 	Keypress: left
223.3914 	EXP 	fixation: autoDraw = False
223.3914 	EXP 	cue_text: autoDraw = False
223.3914 	EXP 	target: autoDraw = False
223.3914 	EXP 	cue_text: text = '←'
223.3914 	EXP 	fixation: autoDraw = True
223.5250 	EXP 	Device response: <KeyPress from None: t=223.37352999999712, value=left, duration=0.1454297000018414>
223.8757 	EXP 	fixation: autoDraw = False
223.8757 	EXP 	cue_text: autoDraw = True
224.1758 	EXP 	cue_text: autoDraw = False
224.4756 	INFO 	Keyboard events cleared
224.4754 	EXP 	target: autoDraw = True
224.8251 	EXP 	Device response: <KeyPress from None: t=224.8095936000027, value=left, duration=None>
224.8256 	EXP 	New trial (rep=12, index=2): <Trial 122 (2 in rep 12) data={'cue_arrow': '←', 'target_x': -0.5, 'condition': 'valid', 'corr_Ans': 'left', 'thisN': 122, 'thisTrialN': 2, 'thisRepN': 12}>
224.8268 	DATA 	Keypress: left
224.8405 	EXP 	fixation: autoDraw = False
224.8405 	EXP 	cue_text: autoDraw = False
224.8405 	EXP 	target: autoDraw = False
224.8405 	EXP 	cue_text: text = '←'
224.8405 	EXP 	fixation: autoDraw = True
224.9909 	EXP 	Device response: <KeyPress from None: t=224.8095936000027, value=left, duration=0.17490679999173153>
225.3423 	EXP 	fixation: autoDraw = False
225.3423 	EXP 	cue_text: autoDraw = True
225.6250 	EXP 	cue_text: autoDraw = False
225.9257 	INFO 	Keyboard events cleared
225.9255 	EXP 	target: autoDraw = True
226.2086 	EXP 	Device response: <KeyPress from None: t=226.20167379999475, value=left, duration=None>
226.2090 	EXP 	New trial (rep=12, index=3): <Trial 123 (3 in rep 12) data={'cue_arrow': '→', 'target_x': -0.5, 'condition': 'invalid', 'corr_Ans': 'left', 'thisN': 123, 'thisTrialN': 3, 'thisRepN': 12}>
226.2119 	DATA 	Keypress: left
226.2255 	EXP 	fixation: autoDraw = False
226.2255 	EXP 	cue_text: autoDraw = False
226.2255 	EXP 	target: autoDraw = False
226.2255 	EXP 	cue_text: height = np.float64(0.1)
226.2255 	EXP 	cue_text: height = np.float64(0.1)
226.2255 	EXP 	cue_text: height = np.float64(0.1)
226.2255 	EXP 	cue_text: text = '→'
226.2255 	EXP 	fixation: autoDraw = True
226.4093 	EXP 	Device response: <KeyPress from None: t=226.20167379999475, value=left, duration=0.19570110000495333>
226.7089 	EXP 	fixation: autoDraw = False
226.7089 	EXP 	cue_text: autoDraw = True
227.0076 	EXP 	cue_text: autoDraw = False
227.3259 	INFO 	Keyboard events cleared
227.3257 	EXP 	target: autoDraw = True
228.9261 	EXP 	Device response: <KeyPress from None: t=228.92216990000452, value=left, duration=None>
228.9266 	EXP 	New trial (rep=12, index=4): <Trial 124 (4 in rep 12) data={'cue_arrow': '←', 'target_x': 0.5, 'condition': 'invalid', 'corr_Ans': 'right', 'thisN': 124, 'thisTrialN': 4, 'thisRepN': 12}>
228.9296 	DATA 	Keypress: left
228.9413 	EXP 	fixation: autoDraw = False
228.9413 	EXP 	cue_text: autoDraw = False
228.9413 	EXP 	target: autoDraw = False
228.9413 	EXP 	cue_text: height = np.float64(0.1)
228.9413 	EXP 	cue_text: height = np.float64(0.1)
228.9413 	EXP 	cue_text: height = np.float64(0.1)
228.9413 	EXP 	cue_text: text = '←'
228.9413 	EXP 	fixation: autoDraw = True
229.1258 	EXP 	Device response: <KeyPress from None: t=228.92216990000452, value=left, duration=0.1943847999937134>
229.4261 	EXP 	fixation: autoDraw = False
229.4261 	EXP 	cue_text: autoDraw = True
229.7421 	EXP 	cue_text: autoDraw = False
230.0248 	INFO 	Keyboard events cleared
230.0247 	EXP 	target: autoDraw = True
231.1916 	EXP 	Device response: <KeyPress from None: t=231.1833207000018, value=right, duration=None>
231.1920 	EXP 	New trial (rep=12, index=5): <Trial 125 (5 in rep 12) data={'cue_arrow': '→', 'target_x': 0.5, 'condition': 'valid', 'corr_Ans': 'right', 'thisN': 125, 'thisTrialN': 5, 'thisRepN': 12}>
231.1952 	DATA 	Keypress: right
231.2082 	EXP 	fixation: autoDraw = False
231.2082 	EXP 	cue_text: autoDraw = False
231.2082 	EXP 	target: autoDraw = False
231.2082 	EXP 	cue_text: height = np.float64(0.1)
231.2082 	EXP 	cue_text: height = np.float64(0.1)
231.2082 	EXP 	cue_text: height = np.float64(0.1)
231.2082 	EXP 	cue_text: text = '→'
231.2082 	EXP 	fixation: autoDraw = True
231.3431 	EXP 	Device response: <KeyPress from None: t=231.1833207000018, value=right, duration=0.14667089999420568>
231.6922 	EXP 	fixation: autoDraw = False
231.6922 	EXP 	cue_text: autoDraw = True
231.9925 	EXP 	cue_text: autoDraw = False
232.2926 	INFO 	Keyboard events cleared
232.2924 	EXP 	target: autoDraw = True
233.2603 	DATA 	Keypress: right
233.2751 	EXP 	Device response: <KeyPress from None: t=233.25925430000643, value=right, duration=None>
233.2754 	EXP 	New trial (rep=12, index=6): <Trial 126 (6 in rep 12) data={'cue_arrow': '→', 'target_x': 0.5, 'condition': 'valid', 'corr_Ans': 'right', 'thisN': 126, 'thisTrialN': 6, 'thisRepN': 12}>
233.2927 	EXP 	fixation: autoDraw = False
233.2927 	EXP 	cue_text: autoDraw = False
233.2927 	EXP 	target: autoDraw = False
233.2927 	EXP 	cue_text: text = '→'
233.2927 	EXP 	fixation: autoDraw = True
233.4082 	EXP 	Device response: <KeyPress from None: t=233.25925430000643, value=right, duration=0.13960619999852497>
233.7761 	EXP 	fixation: autoDraw = False
233.7761 	EXP 	cue_text: autoDraw = True
234.0741 	EXP 	cue_text: autoDraw = False
234.3762 	INFO 	Keyboard events cleared
234.3760 	EXP 	target: autoDraw = True
234.8753 	EXP 	Device response: <KeyPress from None: t=234.86404280000716, value=right, duration=None>
234.8757 	EXP 	New trial (rep=12, index=7): <Trial 127 (7 in rep 12) data={'cue_arrow': '←', 'target_x': -0.5, 'condition': 'valid', 'corr_Ans': 'left', 'thisN': 127, 'thisTrialN': 7, 'thisRepN': 12}>
234.8785 	DATA 	Keypress: right
234.8908 	EXP 	fixation: autoDraw = False
234.8908 	EXP 	cue_text: autoDraw = False
234.8908 	EXP 	target: autoDraw = False
234.8908 	EXP 	cue_text: height = np.float64(0.1)
234.8908 	EXP 	cue_text: height = np.float64(0.1)
234.8908 	EXP 	cue_text: height = np.float64(0.1)
234.8908 	EXP 	cue_text: text = '←'
234.8908 	EXP 	fixation: autoDraw = True
235.0087 	EXP 	Device response: <KeyPress from None: t=234.86404280000716, value=right, duration=0.12914859999727923>
235.3748 	EXP 	fixation: autoDraw = False
235.3748 	EXP 	cue_text: autoDraw = True
235.6756 	EXP 	cue_text: autoDraw = False
235.9765 	INFO 	Keyboard events cleared
235.9762 	EXP 	target: autoDraw = True
236.5752 	EXP 	Device response: <KeyPress from None: t=236.5649351000029, value=left, duration=None>
236.5755 	EXP 	New trial (rep=12, index=8): <Trial 128 (8 in rep 12) data={'cue_arrow': '→', 'target_x': 0.5, 'condition': 'valid', 'corr_Ans': 'right', 'thisN': 128, 'thisTrialN': 8, 'thisRepN': 12}>
236.5784 	DATA 	Keypress: left
236.5908 	EXP 	fixation: autoDraw = False
236.5908 	EXP 	cue_text: autoDraw = False
236.5908 	EXP 	target: autoDraw = False
236.5908 	EXP 	cue_text: height = np.float64(0.1)
236.5908 	EXP 	cue_text: height = np.float64(0.1)
236.5908 	EXP 	cue_text: height = np.float64(0.1)
236.5908 	EXP 	cue_text: text = '→'
236.5908 	EXP 	fixation: autoDraw = True
236.6916 	EXP 	Device response: <KeyPress from None: t=236.5649351000029, value=left, duration=0.11490649999177549>
237.0759 	EXP 	fixation: autoDraw = False
237.0759 	EXP 	cue_text: autoDraw = True
237.3757 	EXP 	cue_text: autoDraw = False
237.6761 	INFO 	Keyboard events cleared
237.6758 	EXP 	target: autoDraw = True
238.1755 	EXP 	Device response: <KeyPress from None: t=238.16174100000353, value=right, duration=None>
238.1759 	EXP 	New trial (rep=12, index=9): <Trial 129 (9 in rep 12) data={'cue_arrow': '→', 'target_x': 0.5, 'condition': 'valid', 'corr_Ans': 'right', 'thisN': 129, 'thisTrialN': 9, 'thisRepN': 12}>
238.1772 	DATA 	Keypress: right
238.1916 	EXP 	fixation: autoDraw = False
238.1916 	EXP 	cue_text: autoDraw = False
238.1916 	EXP 	target: autoDraw = False
238.1916 	EXP 	cue_text: text = '→'
238.1916 	EXP 	fixation: autoDraw = True
238.3266 	EXP 	Device response: <KeyPress from None: t=238.16174100000353, value=right, duration=0.14978349999000784>
238.6756 	EXP 	fixation: autoDraw = False
238.6756 	EXP 	cue_text: autoDraw = True
238.9752 	EXP 	cue_text: autoDraw = False
239.2758 	INFO 	Keyboard events cleared
239.2755 	EXP 	target: autoDraw = True
239.7252 	EXP 	Device response: <KeyPress from None: t=239.7237690000038, value=right, duration=None>
239.7255 	EXP 	New trial (rep=13, index=0): <Trial 130 (0 in rep 13) data={'cue_arrow': '←', 'target_x': -0.5, 'condition': 'valid', 'corr_Ans': 'left', 'thisN': 130, 'thisTrialN': 0, 'thisRepN': 13}>
239.7289 	DATA 	Keypress: right
239.7416 	EXP 	fixation: autoDraw = False
239.7416 	EXP 	cue_text: autoDraw = False
239.7416 	EXP 	target: autoDraw = False
239.7416 	EXP 	cue_text: height = np.float64(0.1)
239.7416 	EXP 	cue_text: height = np.float64(0.1)
239.7416 	EXP 	cue_text: height = np.float64(0.1)
239.7416 	EXP 	cue_text: text = '←'
239.7416 	EXP 	fixation: autoDraw = True
239.8923 	EXP 	Device response: <KeyPress from None: t=239.7237690000038, value=right, duration=0.1604992999928072>
240.2245 	EXP 	fixation: autoDraw = False
240.2245 	EXP 	cue_text: autoDraw = True
240.5256 	EXP 	cue_text: autoDraw = False
240.8261 	INFO 	Keyboard events cleared
240.8259 	EXP 	target: autoDraw = True
241.3416 	EXP 	Device response: <KeyPress from None: t=241.33227230000193, value=left, duration=None>
241.3419 	EXP 	New trial (rep=13, index=1): <Trial 131 (1 in rep 13) data={'cue_arrow': '→', 'target_x': 0.5, 'condition': 'valid', 'corr_Ans': 'right', 'thisN': 131, 'thisTrialN': 1, 'thisRepN': 13}>
241.3448 	DATA 	Keypress: left
241.3585 	EXP 	fixation: autoDraw = False
241.3585 	EXP 	cue_text: autoDraw = False
241.3585 	EXP 	target: autoDraw = False
241.3585 	EXP 	cue_text: height = np.float64(0.1)
241.3585 	EXP 	cue_text: height = np.float64(0.1)
241.3585 	EXP 	cue_text: height = np.float64(0.1)
241.3585 	EXP 	cue_text: text = '→'
241.3585 	EXP 	fixation: autoDraw = True
241.4755 	EXP 	Device response: <KeyPress from None: t=241.33227230000193, value=left, duration=0.1311412999930326>
241.8428 	EXP 	fixation: autoDraw = False
241.8428 	EXP 	cue_text: autoDraw = True
242.1422 	EXP 	cue_text: autoDraw = False
242.4418 	INFO 	Keyboard events cleared
242.4416 	EXP 	target: autoDraw = True
242.8273 	DATA 	Keypress: right
242.8422 	EXP 	Device response: <KeyPress from None: t=242.82616909999342, value=right, duration=None>
242.8426 	EXP 	New trial (rep=13, index=2): <Trial 132 (2 in rep 13) data={'cue_arrow': '→', 'target_x': 0.5, 'condition': 'valid', 'corr_Ans': 'right', 'thisN': 132, 'thisTrialN': 2, 'thisRepN': 13}>
242.8575 	EXP 	fixation: autoDraw = False
242.8575 	EXP 	cue_text: autoDraw = False
242.8575 	EXP 	target: autoDraw = False
242.8575 	EXP 	cue_text: text = '→'
242.8575 	EXP 	fixation: autoDraw = True
242.9923 	EXP 	Device response: <KeyPress from None: t=242.82616909999342, value=right, duration=0.15010780000011437>
243.3428 	EXP 	fixation: autoDraw = False
243.3428 	EXP 	cue_text: autoDraw = True
243.6424 	EXP 	cue_text: autoDraw = False
243.9418 	INFO 	Keyboard events cleared
243.9416 	EXP 	target: autoDraw = True
244.3914 	EXP 	Device response: <KeyPress from None: t=244.38424739999755, value=right, duration=None>
244.3919 	EXP 	New trial (rep=13, index=3): <Trial 133 (3 in rep 13) data={'cue_arrow': '←', 'target_x': -0.5, 'condition': 'valid', 'corr_Ans': 'left', 'thisN': 133, 'thisTrialN': 3, 'thisRepN': 13}>
244.3955 	DATA 	Keypress: right
244.4076 	EXP 	fixation: autoDraw = False
244.4076 	EXP 	cue_text: autoDraw = False
244.4076 	EXP 	target: autoDraw = False
244.4076 	EXP 	cue_text: height = np.float64(0.1)
244.4076 	EXP 	cue_text: height = np.float64(0.1)
244.4076 	EXP 	cue_text: height = np.float64(0.1)
244.4076 	EXP 	cue_text: text = '←'
244.4076 	EXP 	fixation: autoDraw = True
244.5425 	EXP 	Device response: <KeyPress from None: t=244.38424739999755, value=right, duration=0.15035940000962>
244.8930 	EXP 	fixation: autoDraw = False
244.8930 	EXP 	cue_text: autoDraw = True
245.1924 	EXP 	cue_text: autoDraw = False
245.4909 	INFO 	Keyboard events cleared
245.4908 	EXP 	target: autoDraw = True
246.0258 	EXP 	Device response: <KeyPress from None: t=246.0119008000038, value=left, duration=None>
246.0261 	EXP 	New trial (rep=13, index=4): <Trial 134 (4 in rep 13) data={'cue_arrow': '→', 'target_x': 0.5, 'condition': 'valid', 'corr_Ans': 'right', 'thisN': 134, 'thisTrialN': 4, 'thisRepN': 13}>
246.0290 	DATA 	Keypress: left
246.0428 	EXP 	fixation: autoDraw = False
246.0428 	EXP 	cue_text: autoDraw = False
246.0428 	EXP 	target: autoDraw = False
246.0428 	EXP 	cue_text: height = np.float64(0.1)
246.0428 	EXP 	cue_text: height = np.float64(0.1)
246.0428 	EXP 	cue_text: height = np.float64(0.1)
246.0428 	EXP 	cue_text: text = '→'
246.0428 	EXP 	fixation: autoDraw = True
246.2269 	EXP 	Device response: <KeyPress from None: t=246.0119008000038, value=left, duration=0.21094999999331776>
246.5259 	EXP 	fixation: autoDraw = False
246.5259 	EXP 	cue_text: autoDraw = True
246.8423 	EXP 	cue_text: autoDraw = False
247.1254 	INFO 	Keyboard events cleared
247.1252 	EXP 	target: autoDraw = True
247.4582 	EXP 	Device response: <KeyPress from None: t=247.4445057999983, value=right, duration=None>
247.4586 	EXP 	New trial (rep=13, index=5): <Trial 135 (5 in rep 13) data={'cue_arrow': '←', 'target_x': 0.5, 'condition': 'invalid', 'corr_Ans': 'right', 'thisN': 135, 'thisTrialN': 5, 'thisRepN': 13}>
247.4617 	DATA 	Keypress: right
247.4743 	EXP 	fixation: autoDraw = False
247.4743 	EXP 	cue_text: autoDraw = False
247.4743 	EXP 	target: autoDraw = False
247.4743 	EXP 	cue_text: height = np.float64(0.1)
247.4743 	EXP 	cue_text: height = np.float64(0.1)
247.4743 	EXP 	cue_text: height = np.float64(0.1)
247.4743 	EXP 	cue_text: text = '←'
247.4743 	EXP 	fixation: autoDraw = True
247.6262 	EXP 	Device response: <KeyPress from None: t=247.4445057999983, value=right, duration=0.1783791000052588>
247.9595 	EXP 	fixation: autoDraw = False
247.9595 	EXP 	cue_text: autoDraw = True
248.2591 	EXP 	cue_text: autoDraw = False
248.5585 	INFO 	Keyboard events cleared
248.5583 	EXP 	target: autoDraw = True
250.0253 	EXP 	Device response: <KeyPress from None: t=250.0173858000053, value=right, duration=None>
250.0256 	EXP 	New trial (rep=13, index=6): <Trial 136 (6 in rep 13) data={'cue_arrow': '→', 'target_x': 0.5, 'condition': 'valid', 'corr_Ans': 'right', 'thisN': 136, 'thisTrialN': 6, 'thisRepN': 13}>
250.0285 	DATA 	Keypress: right
250.0425 	EXP 	fixation: autoDraw = False
250.0425 	EXP 	cue_text: autoDraw = False
250.0425 	EXP 	target: autoDraw = False
250.0425 	EXP 	cue_text: height = np.float64(0.1)
250.0425 	EXP 	cue_text: height = np.float64(0.1)
250.0425 	EXP 	cue_text: height = np.float64(0.1)
250.0425 	EXP 	cue_text: text = '→'
250.0425 	EXP 	fixation: autoDraw = True
250.2089 	EXP 	Device response: <KeyPress from None: t=250.0173858000053, value=right, duration=0.18133779999334365>
250.5256 	EXP 	fixation: autoDraw = False
250.5256 	EXP 	cue_text: autoDraw = True
250.8250 	EXP 	cue_text: autoDraw = False
251.1264 	INFO 	Keyboard events cleared
251.1262 	EXP 	target: autoDraw = True
251.6090 	EXP 	Device response: <KeyPress from None: t=251.59792499999458, value=right, duration=None>
251.6093 	EXP 	New trial (rep=13, index=7): <Trial 137 (7 in rep 13) data={'cue_arrow': '←', 'target_x': -0.5, 'condition': 'valid', 'corr_Ans': 'left', 'thisN': 137, 'thisTrialN': 7, 'thisRepN': 13}>
251.6122 	DATA 	Keypress: right
251.6244 	EXP 	fixation: autoDraw = False
251.6244 	EXP 	cue_text: autoDraw = False
251.6244 	EXP 	target: autoDraw = False
251.6244 	EXP 	cue_text: height = np.float64(0.1)
251.6244 	EXP 	cue_text: height = np.float64(0.1)
251.6244 	EXP 	cue_text: height = np.float64(0.1)
251.6244 	EXP 	cue_text: text = '←'
251.6244 	EXP 	fixation: autoDraw = True
251.7916 	EXP 	Device response: <KeyPress from None: t=251.59792499999458, value=right, duration=0.17975700000533834>
252.1096 	EXP 	fixation: autoDraw = False
252.1096 	EXP 	cue_text: autoDraw = True
252.4089 	EXP 	cue_text: autoDraw = False
252.7098 	INFO 	Keyboard events cleared
252.7096 	EXP 	target: autoDraw = True
253.2095 	EXP 	Device response: <KeyPress from None: t=253.19323669999721, value=left, duration=None>
253.2100 	EXP 	New trial (rep=13, index=8): <Trial 138 (8 in rep 13) data={'cue_arrow': '←', 'target_x': -0.5, 'condition': 'valid', 'corr_Ans': 'left', 'thisN': 138, 'thisTrialN': 8, 'thisRepN': 13}>
253.2116 	DATA 	Keypress: left
253.2261 	EXP 	fixation: autoDraw = False
253.2261 	EXP 	cue_text: autoDraw = False
253.2261 	EXP 	target: autoDraw = False
253.2261 	EXP 	cue_text: text = '←'
253.2261 	EXP 	fixation: autoDraw = True
253.4092 	EXP 	Device response: <KeyPress from None: t=253.19323669999721, value=left, duration=0.20818290000897832>
253.7094 	EXP 	fixation: autoDraw = False
253.7094 	EXP 	cue_text: autoDraw = True
254.0095 	EXP 	cue_text: autoDraw = False
254.3261 	INFO 	Keyboard events cleared
254.3259 	EXP 	target: autoDraw = True
255.1259 	EXP 	Device response: <KeyPress from None: t=255.12265249999473, value=left, duration=None>
255.1263 	EXP 	New trial (rep=13, index=9): <Trial 139 (9 in rep 13) data={'cue_arrow': '→', 'target_x': -0.5, 'condition': 'invalid', 'corr_Ans': 'left', 'thisN': 139, 'thisTrialN': 9, 'thisRepN': 13}>
255.1294 	DATA 	Keypress: left
255.1414 	EXP 	fixation: autoDraw = False
255.1414 	EXP 	cue_text: autoDraw = False
255.1414 	EXP 	target: autoDraw = False
255.1414 	EXP 	cue_text: height = np.float64(0.1)
255.1414 	EXP 	cue_text: height = np.float64(0.1)
255.1414 	EXP 	cue_text: height = np.float64(0.1)
255.1414 	EXP 	cue_text: text = '→'
255.1414 	EXP 	fixation: autoDraw = True
255.2925 	EXP 	Device response: <KeyPress from None: t=255.12265249999473, value=left, duration=0.153359800009639>
255.6432 	EXP 	fixation: autoDraw = False
255.6432 	EXP 	cue_text: autoDraw = True
255.9262 	EXP 	cue_text: autoDraw = False
256.2264 	INFO 	Keyboard events cleared
256.2262 	EXP 	target: autoDraw = True
256.8760 	EXP 	Device response: <KeyPress from None: t=256.8739446999971, value=left, duration=None>
256.8765 	EXP 	New trial (rep=14, index=0): <Trial 140 (0 in rep 14) data={'cue_arrow': '→', 'target_x': -0.5, 'condition': 'invalid', 'corr_Ans': 'left', 'thisN': 140, 'thisTrialN': 0, 'thisRepN': 14}>
256.8779 	DATA 	Keypress: left
256.8913 	EXP 	fixation: autoDraw = False
256.8913 	EXP 	cue_text: autoDraw = False
256.8913 	EXP 	target: autoDraw = False
256.8913 	EXP 	cue_text: text = '→'
256.8913 	EXP 	fixation: autoDraw = True
257.0251 	EXP 	Device response: <KeyPress from None: t=256.8739446999971, value=left, duration=0.13790549999976065>
257.3928 	EXP 	fixation: autoDraw = False
257.3928 	EXP 	cue_text: autoDraw = True
257.6761 	EXP 	cue_text: autoDraw = False
257.9764 	INFO 	Keyboard events cleared
257.9762 	EXP 	target: autoDraw = True
259.9093 	EXP 	Device response: <KeyPress from None: t=259.9074685999949, value=left, duration=None>
259.9098 	EXP 	New trial (rep=14, index=1): <Trial 141 (1 in rep 14) data={'cue_arrow': '←', 'target_x': -0.5, 'condition': 'valid', 'corr_Ans': 'left', 'thisN': 141, 'thisTrialN': 1, 'thisRepN': 14}>
259.9131 	DATA 	Keypress: left
259.9260 	EXP 	fixation: autoDraw = False
259.9260 	EXP 	cue_text: autoDraw = False
259.9260 	EXP 	target: autoDraw = False
259.9260 	EXP 	cue_text: height = np.float64(0.1)
259.9260 	EXP 	cue_text: height = np.float64(0.1)
259.9260 	EXP 	cue_text: height = np.float64(0.1)
259.9260 	EXP 	cue_text: text = '←'
259.9260 	EXP 	fixation: autoDraw = True
260.0263 	EXP 	Device response: <KeyPress from None: t=259.9074685999949, value=left, duration=0.11238830001093447>
260.4100 	EXP 	fixation: autoDraw = False
260.4100 	EXP 	cue_text: autoDraw = True
260.7091 	EXP 	cue_text: autoDraw = False
261.0095 	INFO 	Keyboard events cleared
261.0093 	EXP 	target: autoDraw = True
261.6931 	EXP 	Device response: <KeyPress from None: t=261.68573349999497, value=left, duration=None>
261.6935 	EXP 	New trial (rep=14, index=2): <Trial 142 (2 in rep 14) data={'cue_arrow': '←', 'target_x': 0.5, 'condition': 'invalid', 'corr_Ans': 'right', 'thisN': 142, 'thisTrialN': 2, 'thisRepN': 14}>
261.6948 	DATA 	Keypress: left
261.7094 	EXP 	fixation: autoDraw = False
261.7094 	EXP 	cue_text: autoDraw = False
261.7094 	EXP 	target: autoDraw = False
261.7094 	EXP 	cue_text: text = '←'
261.7094 	EXP 	fixation: autoDraw = True
261.8438 	EXP 	Device response: <KeyPress from None: t=261.68573349999497, value=left, duration=0.15425180000602268>
262.2094 	EXP 	fixation: autoDraw = False
262.2094 	EXP 	cue_text: autoDraw = True
262.4930 	EXP 	cue_text: autoDraw = False
262.7930 	INFO 	Keyboard events cleared
262.7928 	EXP 	target: autoDraw = True
264.2424 	EXP 	Device response: <KeyPress from None: t=264.23186149999674, value=right, duration=None>
264.2428 	EXP 	New trial (rep=14, index=3): <Trial 143 (3 in rep 14) data={'cue_arrow': '→', 'target_x': 0.5, 'condition': 'valid', 'corr_Ans': 'right', 'thisN': 143, 'thisTrialN': 3, 'thisRepN': 14}>
264.2461 	DATA 	Keypress: right
264.2590 	EXP 	fixation: autoDraw = False
264.2590 	EXP 	cue_text: autoDraw = False
264.2590 	EXP 	target: autoDraw = False
264.2590 	EXP 	cue_text: height = np.float64(0.1)
264.2590 	EXP 	cue_text: height = np.float64(0.1)
264.2590 	EXP 	cue_text: height = np.float64(0.1)
264.2590 	EXP 	cue_text: text = '→'
264.2590 	EXP 	fixation: autoDraw = True
264.3764 	EXP 	Device response: <KeyPress from None: t=264.23186149999674, value=right, duration=0.1357925000047544>
264.7423 	EXP 	fixation: autoDraw = False
264.7423 	EXP 	cue_text: autoDraw = True
265.0413 	EXP 	cue_text: autoDraw = False
265.3428 	INFO 	Keyboard events cleared
265.3426 	EXP 	target: autoDraw = True
265.6094 	EXP 	Device response: <KeyPress from None: t=265.6047242000059, value=right, duration=None>
265.6098 	EXP 	New trial (rep=14, index=4): <Trial 144 (4 in rep 14) data={'cue_arrow': '→', 'target_x': 0.5, 'condition': 'valid', 'corr_Ans': 'right', 'thisN': 144, 'thisTrialN': 4, 'thisRepN': 14}>
265.6110 	DATA 	Keypress: right
265.6254 	EXP 	fixation: autoDraw = False
265.6254 	EXP 	cue_text: autoDraw = False
265.6254 	EXP 	target: autoDraw = False
265.6254 	EXP 	cue_text: text = '→'
265.6254 	EXP 	fixation: autoDraw = True
265.7257 	EXP 	Device response: <KeyPress from None: t=265.6047242000059, value=right, duration=0.11619049998989794>
266.1092 	EXP 	fixation: autoDraw = False
266.1092 	EXP 	cue_text: autoDraw = True
266.4097 	EXP 	cue_text: autoDraw = False
266.7098 	INFO 	Keyboard events cleared
266.7096 	EXP 	target: autoDraw = True
267.0252 	EXP 	Device response: <KeyPress from None: t=267.02000699999917, value=right, duration=None>
267.0255 	EXP 	New trial (rep=14, index=5): <Trial 145 (5 in rep 14) data={'cue_arrow': '→', 'target_x': 0.5, 'condition': 'valid', 'corr_Ans': 'right', 'thisN': 145, 'thisTrialN': 5, 'thisRepN': 14}>
267.0267 	DATA 	Keypress: right
267.0413 	EXP 	fixation: autoDraw = False
267.0413 	EXP 	cue_text: autoDraw = False
267.0413 	EXP 	target: autoDraw = False
267.0413 	EXP 	cue_text: text = '→'
267.0413 	EXP 	fixation: autoDraw = True
267.1772 	EXP 	Device response: <KeyPress from None: t=267.02000699999917, value=right, duration=0.14042850000259932>
267.5264 	EXP 	fixation: autoDraw = False
267.5264 	EXP 	cue_text: autoDraw = True
267.8253 	EXP 	cue_text: autoDraw = False
268.1261 	INFO 	Keyboard events cleared
268.1258 	EXP 	target: autoDraw = True
268.5105 	DATA 	Keypress: right
268.5252 	EXP 	Device response: <KeyPress from None: t=268.5090693999955, value=right, duration=None>
268.5256 	EXP 	New trial (rep=14, index=6): <Trial 146 (6 in rep 14) data={'cue_arrow': '←', 'target_x': -0.5, 'condition': 'valid', 'corr_Ans': 'left', 'thisN': 146, 'thisTrialN': 6, 'thisRepN': 14}>
268.5412 	EXP 	fixation: autoDraw = False
268.5412 	EXP 	cue_text: autoDraw = False
268.5412 	EXP 	target: autoDraw = False
268.5412 	EXP 	cue_text: height = np.float64(0.1)
268.5412 	EXP 	cue_text: height = np.float64(0.1)
268.5412 	EXP 	cue_text: height = np.float64(0.1)
268.5412 	EXP 	cue_text: text = '←'
268.5412 	EXP 	fixation: autoDraw = True
268.6254 	EXP 	Device response: <KeyPress from None: t=268.5090693999955, value=right, duration=0.10894130000087898>
269.0262 	EXP 	fixation: autoDraw = False
269.0262 	EXP 	cue_text: autoDraw = True
269.3266 	EXP 	cue_text: autoDraw = False
269.6252 	INFO 	Keyboard events cleared
269.6250 	EXP 	target: autoDraw = True
269.9594 	EXP 	Device response: <KeyPress from None: t=269.9536580999993, value=left, duration=None>
269.9597 	EXP 	New trial (rep=14, index=7): <Trial 147 (7 in rep 14) data={'cue_arrow': '→', 'target_x': 0.5, 'condition': 'valid', 'corr_Ans': 'right', 'thisN': 147, 'thisTrialN': 7, 'thisRepN': 14}>
269.9627 	DATA 	Keypress: left
269.9758 	EXP 	fixation: autoDraw = False
269.9758 	EXP 	cue_text: autoDraw = False
269.9758 	EXP 	target: autoDraw = False
269.9758 	EXP 	cue_text: height = np.float64(0.1)
269.9758 	EXP 	cue_text: height = np.float64(0.1)
269.9758 	EXP 	cue_text: height = np.float64(0.1)
269.9758 	EXP 	cue_text: text = '→'
269.9758 	EXP 	fixation: autoDraw = True
270.1259 	EXP 	Device response: <KeyPress from None: t=269.9536580999993, value=left, duration=0.16512330000114162>
270.4589 	EXP 	fixation: autoDraw = False
270.4589 	EXP 	cue_text: autoDraw = True
270.7584 	EXP 	cue_text: autoDraw = False
271.0604 	INFO 	Keyboard events cleared
271.0602 	EXP 	target: autoDraw = True
271.7747 	EXP 	Device response: <KeyPress from None: t=271.7700174000056, value=right, duration=None>
271.7751 	EXP 	New trial (rep=14, index=8): <Trial 148 (8 in rep 14) data={'cue_arrow': '←', 'target_x': -0.5, 'condition': 'valid', 'corr_Ans': 'left', 'thisN': 148, 'thisTrialN': 8, 'thisRepN': 14}>
271.7782 	DATA 	Keypress: right
271.7914 	EXP 	fixation: autoDraw = False
271.7914 	EXP 	cue_text: autoDraw = False
271.7914 	EXP 	target: autoDraw = False
271.7914 	EXP 	cue_text: height = np.float64(0.1)
271.7914 	EXP 	cue_text: height = np.float64(0.1)
271.7914 	EXP 	cue_text: height = np.float64(0.1)
271.7914 	EXP 	cue_text: text = '←'
271.7914 	EXP 	fixation: autoDraw = True
271.9103 	EXP 	Device response: <KeyPress from None: t=271.7700174000056, value=right, duration=0.1326163999910932>
272.2762 	EXP 	fixation: autoDraw = False
272.2762 	EXP 	cue_text: autoDraw = True
272.5755 	EXP 	cue_text: autoDraw = False
272.8775 	INFO 	Keyboard events cleared
272.8773 	EXP 	target: autoDraw = True
273.3586 	EXP 	Device response: <KeyPress from None: t=273.34545930000604, value=left, duration=None>
273.3590 	EXP 	New trial (rep=14, index=9): <Trial 149 (9 in rep 14) data={'cue_arrow': '←', 'target_x': -0.5, 'condition': 'valid', 'corr_Ans': 'left', 'thisN': 149, 'thisTrialN': 9, 'thisRepN': 14}>
273.3603 	DATA 	Keypress: left
273.3755 	EXP 	fixation: autoDraw = False
273.3755 	EXP 	cue_text: autoDraw = False
273.3755 	EXP 	target: autoDraw = False
273.3755 	EXP 	cue_text: text = '←'
273.3755 	EXP 	fixation: autoDraw = True
273.5266 	EXP 	Device response: <KeyPress from None: t=273.34545930000604, value=left, duration=0.1801052999944659>
273.8596 	EXP 	fixation: autoDraw = False
273.8596 	EXP 	cue_text: autoDraw = True
274.1592 	EXP 	cue_text: autoDraw = False
274.4591 	INFO 	Keyboard events cleared
274.4590 	EXP 	target: autoDraw = True
274.9089 	EXP 	Device response: <KeyPress from None: t=274.90494530000433, value=left, duration=None>
274.9092 	EXP 	New trial (rep=15, index=0): <Trial 150 (0 in rep 15) data={'cue_arrow': '→', 'target_x': 0.5, 'condition': 'valid', 'corr_Ans': 'right', 'thisN': 150, 'thisTrialN': 0, 'thisRepN': 15}>
274.9122 	DATA 	Keypress: left
274.9252 	EXP 	fixation: autoDraw = False
274.9252 	EXP 	cue_text: autoDraw = False
274.9252 	EXP 	target: autoDraw = False
274.9252 	EXP 	cue_text: height = np.float64(0.1)
274.9252 	EXP 	cue_text: height = np.float64(0.1)
274.9252 	EXP 	cue_text: height = np.float64(0.1)
274.9252 	EXP 	cue_text: text = '→'
274.9252 	EXP 	fixation: autoDraw = True
275.0602 	EXP 	Device response: <KeyPress from None: t=274.90494530000433, value=left, duration=0.1504605999944033>
275.4101 	EXP 	fixation: autoDraw = False
275.4101 	EXP 	cue_text: autoDraw = True
275.7098 	EXP 	cue_text: autoDraw = False
276.0092 	INFO 	Keyboard events cleared
276.0090 	EXP 	target: autoDraw = True
276.4924 	EXP 	Device response: <KeyPress from None: t=276.4827107000019, value=right, duration=None>
276.4929 	EXP 	New trial (rep=15, index=1): <Trial 151 (1 in rep 15) data={'cue_arrow': '←', 'target_x': -0.5, 'condition': 'valid', 'corr_Ans': 'left', 'thisN': 151, 'thisTrialN': 1, 'thisRepN': 15}>
276.4961 	DATA 	Keypress: right
276.5092 	EXP 	fixation: autoDraw = False
276.5092 	EXP 	cue_text: autoDraw = False
276.5092 	EXP 	target: autoDraw = False
276.5092 	EXP 	cue_text: height = np.float64(0.1)
276.5092 	EXP 	cue_text: height = np.float64(0.1)
276.5092 	EXP 	cue_text: height = np.float64(0.1)
276.5092 	EXP 	cue_text: text = '←'
276.5092 	EXP 	fixation: autoDraw = True
276.6589 	EXP 	Device response: <KeyPress from None: t=276.4827107000019, value=right, duration=0.1696207999921171>
276.9932 	EXP 	fixation: autoDraw = False
276.9932 	EXP 	cue_text: autoDraw = True
277.2929 	EXP 	cue_text: autoDraw = False
277.5928 	INFO 	Keyboard events cleared
277.5926 	EXP 	target: autoDraw = True
277.9594 	EXP 	Device response: <KeyPress from None: t=277.94501650000166, value=left, duration=None>
277.9597 	EXP 	New trial (rep=15, index=2): <Trial 152 (2 in rep 15) data={'cue_arrow': '←', 'target_x': -0.5, 'condition': 'valid', 'corr_Ans': 'left', 'thisN': 152, 'thisTrialN': 2, 'thisRepN': 15}>
277.9610 	DATA 	Keypress: left
277.9763 	EXP 	fixation: autoDraw = False
277.9763 	EXP 	cue_text: autoDraw = False
277.9763 	EXP 	target: autoDraw = False
277.9763 	EXP 	cue_text: text = '←'
277.9763 	EXP 	fixation: autoDraw = True
278.1106 	EXP 	Device response: <KeyPress from None: t=277.94501650000166, value=left, duration=0.1604092000052333>
278.4599 	EXP 	fixation: autoDraw = False
278.4599 	EXP 	cue_text: autoDraw = True
278.7600 	EXP 	cue_text: autoDraw = False
279.0589 	INFO 	Keyboard events cleared
279.0587 	EXP 	target: autoDraw = True
279.3928 	EXP 	Device response: <KeyPress from None: t=279.37990430000355, value=left, duration=None>
279.3934 	EXP 	New trial (rep=15, index=3): <Trial 153 (3 in rep 15) data={'cue_arrow': '→', 'target_x': 0.5, 'condition': 'valid', 'corr_Ans': 'right', 'thisN': 153, 'thisTrialN': 3, 'thisRepN': 15}>
279.3963 	DATA 	Keypress: left
279.4085 	EXP 	fixation: autoDraw = False
279.4085 	EXP 	cue_text: autoDraw = False
279.4085 	EXP 	target: autoDraw = False
279.4085 	EXP 	cue_text: height = np.float64(0.1)
279.4085 	EXP 	cue_text: height = np.float64(0.1)
279.4085 	EXP 	cue_text: height = np.float64(0.1)
279.4085 	EXP 	cue_text: text = '→'
279.4085 	EXP 	fixation: autoDraw = True
279.5261 	EXP 	Device response: <KeyPress from None: t=279.37990430000355, value=left, duration=0.1349871999991592>
279.8935 	EXP 	fixation: autoDraw = False
279.8935 	EXP 	cue_text: autoDraw = True
280.1934 	EXP 	cue_text: autoDraw = False
280.4935 	INFO 	Keyboard events cleared
280.4932 	EXP 	target: autoDraw = True
281.2595 	EXP 	Device response: <KeyPress from None: t=281.245371099998, value=right, duration=None>
281.2601 	EXP 	New trial (rep=15, index=4): <Trial 154 (4 in rep 15) data={'cue_arrow': '→', 'target_x': 0.5, 'condition': 'valid', 'corr_Ans': 'right', 'thisN': 154, 'thisTrialN': 4, 'thisRepN': 15}>
281.2613 	DATA 	Keypress: right
281.2765 	EXP 	fixation: autoDraw = False
281.2765 	EXP 	cue_text: autoDraw = False
281.2765 	EXP 	target: autoDraw = False
281.2765 	EXP 	cue_text: text = '→'
281.2765 	EXP 	fixation: autoDraw = True
281.3773 	EXP 	Device response: <KeyPress from None: t=281.245371099998, value=right, duration=0.12402319999819156>
281.7604 	EXP 	fixation: autoDraw = False
281.7604 	EXP 	cue_text: autoDraw = True
282.0590 	EXP 	cue_text: autoDraw = False
282.3767 	INFO 	Keyboard events cleared
282.3765 	EXP 	target: autoDraw = True
282.7931 	EXP 	Device response: <KeyPress from None: t=282.7821496999968, value=right, duration=None>
282.7935 	EXP 	New trial (rep=15, index=5): <Trial 155 (5 in rep 15) data={'cue_arrow': '←', 'target_x': -0.5, 'condition': 'valid', 'corr_Ans': 'left', 'thisN': 155, 'thisTrialN': 5, 'thisRepN': 15}>
282.7965 	DATA 	Keypress: right
282.8096 	EXP 	fixation: autoDraw = False
282.8096 	EXP 	cue_text: autoDraw = False
282.8096 	EXP 	target: autoDraw = False
282.8096 	EXP 	cue_text: height = np.float64(0.1)
282.8096 	EXP 	cue_text: height = np.float64(0.1)
282.8096 	EXP 	cue_text: height = np.float64(0.1)
282.8096 	EXP 	cue_text: text = '←'
282.8096 	EXP 	fixation: autoDraw = True
282.8771 	EXP 	Device response: <KeyPress from None: t=282.7821496999968, value=right, duration=0.08480280000367202>
283.2934 	EXP 	fixation: autoDraw = False
283.2934 	EXP 	cue_text: autoDraw = True
283.5934 	EXP 	cue_text: autoDraw = False
283.9103 	INFO 	Keyboard events cleared
283.9101 	EXP 	target: autoDraw = True
284.7756 	EXP 	Device response: <KeyPress from None: t=284.76316050000605, value=left, duration=None>
284.7760 	EXP 	New trial (rep=15, index=6): <Trial 156 (6 in rep 15) data={'cue_arrow': '→', 'target_x': -0.5, 'condition': 'invalid', 'corr_Ans': 'left', 'thisN': 156, 'thisTrialN': 6, 'thisRepN': 15}>
284.7789 	DATA 	Keypress: left
284.7926 	EXP 	fixation: autoDraw = False
284.7926 	EXP 	cue_text: autoDraw = False
284.7926 	EXP 	target: autoDraw = False
284.7926 	EXP 	cue_text: height = np.float64(0.1)
284.7926 	EXP 	cue_text: height = np.float64(0.1)
284.7926 	EXP 	cue_text: height = np.float64(0.1)
284.7926 	EXP 	cue_text: text = '→'
284.7926 	EXP 	fixation: autoDraw = True
284.9092 	EXP 	Device response: <KeyPress from None: t=284.76316050000605, value=left, duration=0.13999199999670964>
285.2763 	EXP 	fixation: autoDraw = False
285.2763 	EXP 	cue_text: autoDraw = True
285.5764 	EXP 	cue_text: autoDraw = False
285.8751 	INFO 	Keyboard events cleared
285.8750 	EXP 	target: autoDraw = True
287.7590 	EXP 	Device response: <KeyPress from None: t=287.75158470000315, value=left, duration=None>
287.7593 	EXP 	New trial (rep=15, index=7): <Trial 157 (7 in rep 15) data={'cue_arrow': '→', 'target_x': 0.5, 'condition': 'valid', 'corr_Ans': 'right', 'thisN': 157, 'thisTrialN': 7, 'thisRepN': 15}>
287.7605 	DATA 	Keypress: left
287.7764 	EXP 	fixation: autoDraw = False
287.7764 	EXP 	cue_text: autoDraw = False
287.7764 	EXP 	target: autoDraw = False
287.7764 	EXP 	cue_text: text = '→'
287.7764 	EXP 	fixation: autoDraw = True
287.8772 	EXP 	Device response: <KeyPress from None: t=287.75158470000315, value=left, duration=0.11908750000293367>
288.2590 	EXP 	fixation: autoDraw = False
288.2590 	EXP 	cue_text: autoDraw = True
288.5599 	EXP 	cue_text: autoDraw = False
288.8602 	INFO 	Keyboard events cleared
288.8599 	EXP 	target: autoDraw = True
289.2611 	DATA 	Keypress: right
289.2763 	EXP 	Device response: <KeyPress from None: t=289.2599159999954, value=right, duration=None>
289.2766 	EXP 	New trial (rep=15, index=8): <Trial 158 (8 in rep 15) data={'cue_arrow': '←', 'target_x': 0.5, 'condition': 'invalid', 'corr_Ans': 'right', 'thisN': 158, 'thisTrialN': 8, 'thisRepN': 15}>
289.2931 	EXP 	fixation: autoDraw = False
289.2931 	EXP 	cue_text: autoDraw = False
289.2931 	EXP 	target: autoDraw = False
289.2931 	EXP 	cue_text: height = np.float64(0.1)
289.2931 	EXP 	cue_text: height = np.float64(0.1)
289.2931 	EXP 	cue_text: height = np.float64(0.1)
289.2931 	EXP 	cue_text: text = '←'
289.2931 	EXP 	fixation: autoDraw = True
289.4100 	EXP 	Device response: <KeyPress from None: t=289.2599159999954, value=right, duration=0.14465640000707936>
289.7780 	EXP 	fixation: autoDraw = False
289.7780 	EXP 	cue_text: autoDraw = True
290.0762 	EXP 	cue_text: autoDraw = False
290.3766 	INFO 	Keyboard events cleared
290.3764 	EXP 	target: autoDraw = True
291.8607 	EXP 	Device response: <KeyPress from None: t=291.8529153999989, value=right, duration=None>
291.8611 	EXP 	New trial (rep=15, index=9): <Trial 159 (9 in rep 15) data={'cue_arrow': '←', 'target_x': -0.5, 'condition': 'valid', 'corr_Ans': 'left', 'thisN': 159, 'thisTrialN': 9, 'thisRepN': 15}>
291.8624 	DATA 	Keypress: right
291.8751 	EXP 	fixation: autoDraw = False
291.8751 	EXP 	cue_text: autoDraw = False
291.8751 	EXP 	target: autoDraw = False
291.8751 	EXP 	cue_text: text = '←'
291.8751 	EXP 	fixation: autoDraw = True
292.0268 	EXP 	Device response: <KeyPress from None: t=291.8529153999989, value=right, duration=0.16852609999477863>
292.3768 	EXP 	fixation: autoDraw = False
292.3768 	EXP 	cue_text: autoDraw = True
292.6751 	EXP 	cue_text: autoDraw = False
292.9772 	INFO 	Keyboard events cleared
292.9770 	EXP 	target: autoDraw = True
293.3940 	EXP 	Device response: <KeyPress from None: t=293.3860469000065, value=left, duration=None>
293.3944 	EXP 	New trial (rep=16, index=0): <Trial 160 (0 in rep 16) data={'cue_arrow': '←', 'target_x': -0.5, 'condition': 'valid', 'corr_Ans': 'left', 'thisN': 160, 'thisTrialN': 0, 'thisRepN': 16}>
293.3957 	DATA 	Keypress: left
293.4084 	EXP 	fixation: autoDraw = False
293.4084 	EXP 	cue_text: autoDraw = False
293.4084 	EXP 	target: autoDraw = False
293.4084 	EXP 	cue_text: text = '←'
293.4084 	EXP 	fixation: autoDraw = True
293.5430 	EXP 	Device response: <KeyPress from None: t=293.3860469000065, value=left, duration=0.14230329998827074>
293.8931 	EXP 	fixation: autoDraw = False
293.8931 	EXP 	cue_text: autoDraw = True
294.1924 	EXP 	cue_text: autoDraw = False
294.4938 	INFO 	Keyboard events cleared
294.4936 	EXP 	target: autoDraw = True
294.9769 	EXP 	Device response: <KeyPress from None: t=294.96265230000427, value=left, duration=None>
294.9772 	EXP 	New trial (rep=16, index=1): <Trial 161 (1 in rep 16) data={'cue_arrow': '←', 'target_x': -0.5, 'condition': 'valid', 'corr_Ans': 'left', 'thisN': 161, 'thisTrialN': 1, 'thisRepN': 16}>
294.9784 	DATA 	Keypress: left
294.9931 	EXP 	fixation: autoDraw = False
294.9931 	EXP 	cue_text: autoDraw = False
294.9931 	EXP 	target: autoDraw = False
294.9931 	EXP 	cue_text: text = '←'
294.9931 	EXP 	fixation: autoDraw = True
295.1274 	EXP 	Device response: <KeyPress from None: t=294.96265230000427, value=left, duration=0.14854860000195913>
295.4768 	EXP 	fixation: autoDraw = False
295.4768 	EXP 	cue_text: autoDraw = True
295.7770 	EXP 	cue_text: autoDraw = False
296.0775 	INFO 	Keyboard events cleared
296.0773 	EXP 	target: autoDraw = True
296.6430 	EXP 	Device response: <KeyPress from None: t=296.6410321000003, value=left, duration=None>
296.6434 	EXP 	New trial (rep=16, index=2): <Trial 162 (2 in rep 16) data={'cue_arrow': '→', 'target_x': -0.5, 'condition': 'invalid', 'corr_Ans': 'left', 'thisN': 162, 'thisTrialN': 2, 'thisRepN': 16}>
296.6466 	DATA 	Keypress: left
296.6605 	EXP 	fixation: autoDraw = False
296.6605 	EXP 	cue_text: autoDraw = False
296.6605 	EXP 	target: autoDraw = False
296.6605 	EXP 	cue_text: height = np.float64(0.1)
296.6605 	EXP 	cue_text: height = np.float64(0.1)
296.6605 	EXP 	cue_text: height = np.float64(0.1)
296.6605 	EXP 	cue_text: text = '→'
296.6605 	EXP 	fixation: autoDraw = True
296.8109 	EXP 	Device response: <KeyPress from None: t=296.6410321000003, value=left, duration=0.15863540000282228>
297.1431 	EXP 	fixation: autoDraw = False
297.1431 	EXP 	cue_text: autoDraw = True
297.4427 	EXP 	cue_text: autoDraw = False
297.7436 	INFO 	Keyboard events cleared
297.7433 	EXP 	target: autoDraw = True
299.1954 	DATA 	Keypress: left
299.2094 	EXP 	Device response: <KeyPress from None: t=299.1942601000046, value=left, duration=None>
299.2097 	EXP 	New trial (rep=16, index=3): <Trial 163 (3 in rep 16) data={'cue_arrow': '←', 'target_x': 0.5, 'condition': 'invalid', 'corr_Ans': 'right', 'thisN': 163, 'thisTrialN': 3, 'thisRepN': 16}>
299.2265 	EXP 	fixation: autoDraw = False
299.2265 	EXP 	cue_text: autoDraw = False
299.2265 	EXP 	target: autoDraw = False
299.2265 	EXP 	cue_text: height = np.float64(0.1)
299.2265 	EXP 	cue_text: height = np.float64(0.1)
299.2265 	EXP 	cue_text: height = np.float64(0.1)
299.2265 	EXP 	cue_text: text = '←'
299.2265 	EXP 	fixation: autoDraw = True
299.3431 	EXP 	Device response: <KeyPress from None: t=299.1942601000046, value=left, duration=0.13268509999033995>
299.7099 	EXP 	fixation: autoDraw = False
299.7099 	EXP 	cue_text: autoDraw = True
300.0104 	EXP 	cue_text: autoDraw = False
300.3098 	INFO 	Keyboard events cleared
300.3096 	EXP 	target: autoDraw = True
302.0284 	DATA 	Keypress: right
302.0422 	EXP 	Device response: <KeyPress from None: t=302.0278418999951, value=right, duration=None>
302.0427 	EXP 	New trial (rep=16, index=4): <Trial 164 (4 in rep 16) data={'cue_arrow': '←', 'target_x': -0.5, 'condition': 'valid', 'corr_Ans': 'left', 'thisN': 164, 'thisTrialN': 4, 'thisRepN': 16}>
302.0601 	EXP 	fixation: autoDraw = False
302.0601 	EXP 	cue_text: autoDraw = False
302.0601 	EXP 	target: autoDraw = False
302.0601 	EXP 	cue_text: text = '←'
302.0601 	EXP 	fixation: autoDraw = True
302.1774 	EXP 	Device response: <KeyPress from None: t=302.0278418999951, value=right, duration=0.13973700000497047>
302.5432 	EXP 	fixation: autoDraw = False
302.5432 	EXP 	cue_text: autoDraw = True
302.8431 	EXP 	cue_text: autoDraw = False
303.1439 	INFO 	Keyboard events cleared
303.1437 	EXP 	target: autoDraw = True
303.4600 	EXP 	Device response: <KeyPress from None: t=303.4475278000027, value=left, duration=None>
303.4604 	EXP 	New trial (rep=16, index=5): <Trial 165 (5 in rep 16) data={'cue_arrow': '→', 'target_x': 0.5, 'condition': 'valid', 'corr_Ans': 'right', 'thisN': 165, 'thisTrialN': 5, 'thisRepN': 16}>
303.4633 	DATA 	Keypress: left
303.4769 	EXP 	fixation: autoDraw = False
303.4769 	EXP 	cue_text: autoDraw = False
303.4769 	EXP 	target: autoDraw = False
303.4769 	EXP 	cue_text: height = np.float64(0.1)
303.4769 	EXP 	cue_text: height = np.float64(0.1)
303.4769 	EXP 	cue_text: height = np.float64(0.1)
303.4769 	EXP 	cue_text: text = '→'
303.4769 	EXP 	fixation: autoDraw = True
303.6106 	EXP 	Device response: <KeyPress from None: t=303.4475278000027, value=left, duration=0.15944649999437388>
303.9602 	EXP 	fixation: autoDraw = False
303.9602 	EXP 	cue_text: autoDraw = True
304.2601 	EXP 	cue_text: autoDraw = False
304.5607 	INFO 	Keyboard events cleared
304.5604 	EXP 	target: autoDraw = True
305.1106 	EXP 	Device response: <KeyPress from None: t=305.10283580000396, value=right, duration=None>
305.1111 	EXP 	New trial (rep=16, index=6): <Trial 166 (6 in rep 16) data={'cue_arrow': '→', 'target_x': 0.5, 'condition': 'valid', 'corr_Ans': 'right', 'thisN': 166, 'thisTrialN': 6, 'thisRepN': 16}>
305.1126 	DATA 	Keypress: right
305.1260 	EXP 	fixation: autoDraw = False
305.1260 	EXP 	cue_text: autoDraw = False
305.1260 	EXP 	target: autoDraw = False
305.1260 	EXP 	cue_text: text = '→'
305.1260 	EXP 	fixation: autoDraw = True
305.1931 	EXP 	Device response: <KeyPress from None: t=305.10283580000396, value=right, duration=0.08946709999872837>
305.6092 	EXP 	fixation: autoDraw = False
305.6092 	EXP 	cue_text: autoDraw = True
305.9105 	EXP 	cue_text: autoDraw = False
306.2111 	INFO 	Keyboard events cleared
306.2108 	EXP 	target: autoDraw = True
306.4603 	EXP 	Device response: <KeyPress from None: t=306.4468457000039, value=right, duration=None>
306.4606 	EXP 	New trial (rep=16, index=7): <Trial 167 (7 in rep 16) data={'cue_arrow': '→', 'target_x': 0.5, 'condition': 'valid', 'corr_Ans': 'right', 'thisN': 167, 'thisTrialN': 7, 'thisRepN': 16}>
306.4617 	DATA 	Keypress: right
306.4766 	EXP 	fixation: autoDraw = False
306.4766 	EXP 	cue_text: autoDraw = False
306.4766 	EXP 	target: autoDraw = False
306.4766 	EXP 	cue_text: text = '→'
306.4766 	EXP 	fixation: autoDraw = True
306.5770 	EXP 	Device response: <KeyPress from None: t=306.4468457000039, value=right, duration=0.12456080000265501>
306.9600 	EXP 	fixation: autoDraw = False
306.9600 	EXP 	cue_text: autoDraw = True
307.2605 	EXP 	cue_text: autoDraw = False
307.5607 	INFO 	Keyboard events cleared
307.5605 	EXP 	target: autoDraw = True
308.1110 	EXP 	Device response: <KeyPress from None: t=308.09943430000567, value=right, duration=None>
308.1114 	EXP 	New trial (rep=16, index=8): <Trial 168 (8 in rep 16) data={'cue_arrow': '→', 'target_x': 0.5, 'condition': 'valid', 'corr_Ans': 'right', 'thisN': 168, 'thisTrialN': 8, 'thisRepN': 16}>
308.1127 	DATA 	Keypress: right
308.1260 	EXP 	fixation: autoDraw = False
308.1260 	EXP 	cue_text: autoDraw = False
308.1260 	EXP 	target: autoDraw = False
308.1260 	EXP 	cue_text: text = '→'
308.1260 	EXP 	fixation: autoDraw = True
308.2432 	EXP 	Device response: <KeyPress from None: t=308.09943430000567, value=right, duration=0.13456739998946432>
308.6104 	EXP 	fixation: autoDraw = False
308.6104 	EXP 	cue_text: autoDraw = True
308.9256 	EXP 	cue_text: autoDraw = False
309.2106 	INFO 	Keyboard events cleared
309.2104 	EXP 	target: autoDraw = True
309.5763 	EXP 	Device response: <KeyPress from None: t=309.57421140000224, value=right, duration=None>
309.5766 	EXP 	New trial (rep=16, index=9): <Trial 169 (9 in rep 16) data={'cue_arrow': '←', 'target_x': -0.5, 'condition': 'valid', 'corr_Ans': 'left', 'thisN': 169, 'thisTrialN': 9, 'thisRepN': 16}>
309.5799 	DATA 	Keypress: right
309.5921 	EXP 	fixation: autoDraw = False
309.5921 	EXP 	cue_text: autoDraw = False
309.5921 	EXP 	target: autoDraw = False
309.5921 	EXP 	cue_text: height = np.float64(0.1)
309.5921 	EXP 	cue_text: height = np.float64(0.1)
309.5921 	EXP 	cue_text: height = np.float64(0.1)
309.5921 	EXP 	cue_text: text = '←'
309.5921 	EXP 	fixation: autoDraw = True
309.7266 	EXP 	Device response: <KeyPress from None: t=309.57421140000224, value=right, duration=0.15012589999241754>
310.0767 	EXP 	fixation: autoDraw = False
310.0767 	EXP 	cue_text: autoDraw = True
310.3771 	EXP 	cue_text: autoDraw = False
310.6769 	INFO 	Keyboard events cleared
310.6767 	EXP 	target: autoDraw = True
311.0600 	EXP 	Device response: <KeyPress from None: t=311.04790839999623, value=left, duration=None>
311.0604 	EXP 	New trial (rep=17, index=0): <Trial 170 (0 in rep 17) data={'cue_arrow': '→', 'target_x': 0.5, 'condition': 'valid', 'corr_Ans': 'right', 'thisN': 170, 'thisTrialN': 0, 'thisRepN': 17}>
311.0634 	DATA 	Keypress: left
311.0771 	EXP 	fixation: autoDraw = False
311.0771 	EXP 	cue_text: autoDraw = False
311.0771 	EXP 	target: autoDraw = False
311.0771 	EXP 	cue_text: height = np.float64(0.1)
311.0771 	EXP 	cue_text: height = np.float64(0.1)
311.0771 	EXP 	cue_text: height = np.float64(0.1)
311.0771 	EXP 	cue_text: text = '→'
311.0771 	EXP 	fixation: autoDraw = True
311.2269 	EXP 	Device response: <KeyPress from None: t=311.04790839999623, value=left, duration=0.16847610000695568>
311.5768 	EXP 	fixation: autoDraw = False
311.5768 	EXP 	cue_text: autoDraw = True
311.8606 	EXP 	cue_text: autoDraw = False
312.1607 	INFO 	Keyboard events cleared
312.1604 	EXP 	target: autoDraw = True
312.6281 	EXP 	Device response: <KeyPress from None: t=312.61386130000756, value=right, duration=None>
312.6286 	EXP 	New trial (rep=17, index=1): <Trial 171 (1 in rep 17) data={'cue_arrow': '→', 'target_x': 0.5, 'condition': 'valid', 'corr_Ans': 'right', 'thisN': 171, 'thisTrialN': 1, 'thisRepN': 17}>
312.6300 	DATA 	Keypress: right
312.6421 	EXP 	fixation: autoDraw = False
312.6421 	EXP 	cue_text: autoDraw = False
312.6421 	EXP 	target: autoDraw = False
312.6421 	EXP 	cue_text: text = '→'
312.6421 	EXP 	fixation: autoDraw = True
312.7601 	EXP 	Device response: <KeyPress from None: t=312.61386130000756, value=right, duration=0.14067739999154583>
313.1438 	EXP 	fixation: autoDraw = False
313.1438 	EXP 	cue_text: autoDraw = True
313.4269 	EXP 	cue_text: autoDraw = False
313.7424 	INFO 	Keyboard events cleared
313.7421 	EXP 	target: autoDraw = True
314.0122 	DATA 	Keypress: right
314.0265 	EXP 	Device response: <KeyPress from None: t=314.0109075999935, value=right, duration=None>
314.0268 	EXP 	New trial (rep=17, index=2): <Trial 172 (2 in rep 17) data={'cue_arrow': '←', 'target_x': -0.5, 'condition': 'valid', 'corr_Ans': 'left', 'thisN': 172, 'thisTrialN': 2, 'thisRepN': 17}>
314.0434 	EXP 	fixation: autoDraw = False
314.0434 	EXP 	cue_text: autoDraw = False
314.0434 	EXP 	target: autoDraw = False
314.0434 	EXP 	cue_text: height = np.float64(0.1)
314.0434 	EXP 	cue_text: height = np.float64(0.1)
314.0434 	EXP 	cue_text: height = np.float64(0.1)
314.0434 	EXP 	cue_text: text = '←'
314.0434 	EXP 	fixation: autoDraw = True
314.1927 	EXP 	Device response: <KeyPress from None: t=314.0109075999935, value=right, duration=0.17744000001403037>
314.5261 	EXP 	fixation: autoDraw = False
314.5261 	EXP 	cue_text: autoDraw = True
314.8272 	EXP 	cue_text: autoDraw = False
315.1272 	INFO 	Keyboard events cleared
315.1270 	EXP 	target: autoDraw = True
315.4606 	EXP 	Device response: <KeyPress from None: t=315.4571731000033, value=left, duration=None>
315.4609 	EXP 	New trial (rep=17, index=3): <Trial 173 (3 in rep 17) data={'cue_arrow': '←', 'target_x': -0.5, 'condition': 'valid', 'corr_Ans': 'left', 'thisN': 173, 'thisTrialN': 3, 'thisRepN': 17}>
315.4621 	DATA 	Keypress: left
315.4761 	EXP 	fixation: autoDraw = False
315.4761 	EXP 	cue_text: autoDraw = False
315.4761 	EXP 	target: autoDraw = False
315.4761 	EXP 	cue_text: text = '←'
315.4761 	EXP 	fixation: autoDraw = True
315.6437 	EXP 	Device response: <KeyPress from None: t=315.4571731000033, value=left, duration=0.17853029999241699>
315.9770 	EXP 	fixation: autoDraw = False
315.9770 	EXP 	cue_text: autoDraw = True
316.2771 	EXP 	cue_text: autoDraw = False
316.5607 	INFO 	Keyboard events cleared
316.5605 	EXP 	target: autoDraw = True
316.8598 	EXP 	Device response: <KeyPress from None: t=316.8544775000046, value=left, duration=None>
316.8603 	EXP 	New trial (rep=17, index=4): <Trial 174 (4 in rep 17) data={'cue_arrow': '→', 'target_x': -0.5, 'condition': 'invalid', 'corr_Ans': 'left', 'thisN': 174, 'thisTrialN': 4, 'thisRepN': 17}>
316.8631 	DATA 	Keypress: left
316.8754 	EXP 	fixation: autoDraw = False
316.8754 	EXP 	cue_text: autoDraw = False
316.8754 	EXP 	target: autoDraw = False
316.8754 	EXP 	cue_text: height = np.float64(0.1)
316.8754 	EXP 	cue_text: height = np.float64(0.1)
316.8754 	EXP 	cue_text: height = np.float64(0.1)
316.8754 	EXP 	cue_text: text = '→'
316.8754 	EXP 	fixation: autoDraw = True
317.0105 	EXP 	Device response: <KeyPress from None: t=316.8544775000046, value=left, duration=0.15534219999972265>
317.3604 	EXP 	fixation: autoDraw = False
317.3604 	EXP 	cue_text: autoDraw = True
317.6603 	EXP 	cue_text: autoDraw = False
317.9427 	EXP 	Device response: <KeyPress from None: t=317.93661659999634, value=right, duration=None>
317.9435 	DATA 	Keypress: right
317.9776 	INFO 	Keyboard events cleared
317.9774 	EXP 	target: autoDraw = True
318.1112 	EXP 	Device response: <KeyPress from None: t=317.93661659999634, value=right, duration=0.1597265000018524>
319.6613 	DATA 	Keypress: left
319.6760 	EXP 	Device response: <KeyPress from None: t=319.65976510000473, value=left, duration=None>
319.6764 	EXP 	New trial (rep=17, index=5): <Trial 175 (5 in rep 17) data={'cue_arrow': '←', 'target_x': 0.5, 'condition': 'invalid', 'corr_Ans': 'right', 'thisN': 175, 'thisTrialN': 5, 'thisRepN': 17}>
319.6919 	EXP 	fixation: autoDraw = False
319.6919 	EXP 	cue_text: autoDraw = False
319.6919 	EXP 	target: autoDraw = False
319.6919 	EXP 	cue_text: height = np.float64(0.1)
319.6919 	EXP 	cue_text: height = np.float64(0.1)
319.6919 	EXP 	cue_text: height = np.float64(0.1)
319.6919 	EXP 	cue_text: text = '←'
319.6919 	EXP 	fixation: autoDraw = True
319.7933 	EXP 	Device response: <KeyPress from None: t=319.65976510000473, value=left, duration=0.11900109999987762>
320.1769 	EXP 	fixation: autoDraw = False
320.1769 	EXP 	cue_text: autoDraw = True
320.4774 	EXP 	cue_text: autoDraw = False
320.7765 	INFO 	Keyboard events cleared
320.7763 	EXP 	target: autoDraw = True
322.4432 	EXP 	Device response: <KeyPress from None: t=322.44116109999595, value=right, duration=None>
322.4435 	EXP 	New trial (rep=17, index=6): <Trial 176 (6 in rep 17) data={'cue_arrow': '←', 'target_x': -0.5, 'condition': 'valid', 'corr_Ans': 'left', 'thisN': 176, 'thisTrialN': 6, 'thisRepN': 17}>
322.4447 	DATA 	Keypress: right
322.4595 	EXP 	fixation: autoDraw = False
322.4595 	EXP 	cue_text: autoDraw = False
322.4595 	EXP 	target: autoDraw = False
322.4595 	EXP 	cue_text: text = '←'
322.4595 	EXP 	fixation: autoDraw = True
322.6110 	EXP 	Device response: <KeyPress from None: t=322.44116109999595, value=right, duration=0.16900229999737348>
322.9432 	EXP 	fixation: autoDraw = False
322.9432 	EXP 	cue_text: autoDraw = True
323.2440 	EXP 	cue_text: autoDraw = False
323.5443 	INFO 	Keyboard events cleared
323.5441 	EXP 	target: autoDraw = True
323.9782 	DATA 	Keypress: left
323.9937 	EXP 	Device response: <KeyPress from None: t=323.9768027999962, value=left, duration=None>
323.9941 	EXP 	New trial (rep=17, index=7): <Trial 177 (7 in rep 17) data={'cue_arrow': '→', 'target_x': 0.5, 'condition': 'valid', 'corr_Ans': 'right', 'thisN': 177, 'thisTrialN': 7, 'thisRepN': 17}>
324.0101 	EXP 	fixation: autoDraw = False
324.0101 	EXP 	cue_text: autoDraw = False
324.0101 	EXP 	target: autoDraw = False
324.0101 	EXP 	cue_text: height = np.float64(0.1)
324.0101 	EXP 	cue_text: height = np.float64(0.1)
324.0101 	EXP 	cue_text: height = np.float64(0.1)
324.0101 	EXP 	cue_text: text = '→'
324.0101 	EXP 	fixation: autoDraw = True
324.1610 	EXP 	Device response: <KeyPress from None: t=323.9768027999962, value=left, duration=0.16927810000197496>
324.4921 	EXP 	fixation: autoDraw = False
324.4921 	EXP 	cue_text: autoDraw = True
324.7941 	EXP 	cue_text: autoDraw = False
325.0942 	INFO 	Keyboard events cleared
325.0940 	EXP 	target: autoDraw = True
325.3930 	EXP 	Device response: <KeyPress from None: t=325.3902204000042, value=right, duration=None>
325.3934 	EXP 	New trial (rep=17, index=8): <Trial 178 (8 in rep 17) data={'cue_arrow': '←', 'target_x': -0.5, 'condition': 'valid', 'corr_Ans': 'left', 'thisN': 178, 'thisTrialN': 8, 'thisRepN': 17}>
325.3964 	DATA 	Keypress: right
325.4097 	EXP 	fixation: autoDraw = False
325.4097 	EXP 	cue_text: autoDraw = False
325.4097 	EXP 	target: autoDraw = False
325.4097 	EXP 	cue_text: height = np.float64(0.1)
325.4097 	EXP 	cue_text: height = np.float64(0.1)
325.4097 	EXP 	cue_text: height = np.float64(0.1)
325.4097 	EXP 	cue_text: text = '←'
325.4097 	EXP 	fixation: autoDraw = True
325.5601 	EXP 	Device response: <KeyPress from None: t=325.3902204000042, value=right, duration=0.15481239999644458>
325.8940 	EXP 	fixation: autoDraw = False
325.8940 	EXP 	cue_text: autoDraw = True
326.1938 	EXP 	cue_text: autoDraw = False
326.4926 	INFO 	Keyboard events cleared
326.4924 	EXP 	target: autoDraw = True
326.9102 	EXP 	Device response: <KeyPress from None: t=326.89520879999327, value=left, duration=None>
326.9106 	EXP 	New trial (rep=17, index=9): <Trial 179 (9 in rep 17) data={'cue_arrow': '→', 'target_x': 0.5, 'condition': 'valid', 'corr_Ans': 'right', 'thisN': 179, 'thisTrialN': 9, 'thisRepN': 17}>
326.9138 	DATA 	Keypress: left
326.9257 	EXP 	fixation: autoDraw = False
326.9257 	EXP 	cue_text: autoDraw = False
326.9257 	EXP 	target: autoDraw = False
326.9257 	EXP 	cue_text: height = np.float64(0.1)
326.9257 	EXP 	cue_text: height = np.float64(0.1)
326.9257 	EXP 	cue_text: height = np.float64(0.1)
326.9257 	EXP 	cue_text: text = '→'
326.9257 	EXP 	fixation: autoDraw = True
327.1096 	EXP 	Device response: <KeyPress from None: t=326.89520879999327, value=left, duration=0.20003880000149366>
327.4108 	EXP 	fixation: autoDraw = False
327.4108 	EXP 	cue_text: autoDraw = True
327.7104 	EXP 	cue_text: autoDraw = False
328.0098 	INFO 	Keyboard events cleared
328.0096 	EXP 	target: autoDraw = True
328.2618 	DATA 	Keypress: right
328.2770 	EXP 	Device response: <KeyPress from None: t=328.2612514000066, value=right, duration=None>
328.2774 	EXP 	New trial (rep=18, index=0): <Trial 180 (0 in rep 18) data={'cue_arrow': '←', 'target_x': 0.5, 'condition': 'invalid', 'corr_Ans': 'right', 'thisN': 180, 'thisTrialN': 0, 'thisRepN': 18}>
328.2938 	EXP 	fixation: autoDraw = False
328.2938 	EXP 	cue_text: autoDraw = False
328.2938 	EXP 	target: autoDraw = False
328.2938 	EXP 	cue_text: height = np.float64(0.1)
328.2938 	EXP 	cue_text: height = np.float64(0.1)
328.2938 	EXP 	cue_text: height = np.float64(0.1)
328.2938 	EXP 	cue_text: text = '←'
328.2938 	EXP 	fixation: autoDraw = True
328.4105 	EXP 	Device response: <KeyPress from None: t=328.2612514000066, value=right, duration=0.14824019999650773>
328.7774 	EXP 	fixation: autoDraw = False
328.7774 	EXP 	cue_text: autoDraw = True
329.0756 	EXP 	cue_text: autoDraw = False
329.3764 	INFO 	Keyboard events cleared
329.3762 	EXP 	target: autoDraw = True
331.2765 	EXP 	Device response: <KeyPress from None: t=331.2688347999938, value=right, duration=None>
331.2769 	EXP 	New trial (rep=18, index=1): <Trial 181 (1 in rep 18) data={'cue_arrow': '←', 'target_x': -0.5, 'condition': 'valid', 'corr_Ans': 'left', 'thisN': 181, 'thisTrialN': 1, 'thisRepN': 18}>
331.2782 	DATA 	Keypress: right
331.2926 	EXP 	fixation: autoDraw = False
331.2926 	EXP 	cue_text: autoDraw = False
331.2926 	EXP 	target: autoDraw = False
331.2926 	EXP 	cue_text: text = '←'
331.2926 	EXP 	fixation: autoDraw = True
331.4440 	EXP 	Device response: <KeyPress from None: t=331.2688347999938, value=right, duration=0.15957520001393277>
331.7775 	EXP 	fixation: autoDraw = False
331.7775 	EXP 	cue_text: autoDraw = True
332.0771 	EXP 	cue_text: autoDraw = False
332.3773 	INFO 	Keyboard events cleared
332.3771 	EXP 	target: autoDraw = True
333.3763 	EXP 	Device response: <KeyPress from None: t=333.3695990999986, value=left, duration=None>
333.3767 	EXP 	New trial (rep=18, index=2): <Trial 182 (2 in rep 18) data={'cue_arrow': '→', 'target_x': 0.5, 'condition': 'valid', 'corr_Ans': 'right', 'thisN': 182, 'thisTrialN': 2, 'thisRepN': 18}>
333.3810 	DATA 	Keypress: left
333.3934 	EXP 	fixation: autoDraw = False
333.3934 	EXP 	cue_text: autoDraw = False
333.3934 	EXP 	target: autoDraw = False
333.3934 	EXP 	cue_text: height = np.float64(0.1)
333.3934 	EXP 	cue_text: height = np.float64(0.1)
333.3934 	EXP 	cue_text: height = np.float64(0.1)
333.3934 	EXP 	cue_text: text = '→'
333.3934 	EXP 	fixation: autoDraw = True
333.5279 	EXP 	Device response: <KeyPress from None: t=333.3695990999986, value=left, duration=0.1487286000046879>
333.8773 	EXP 	fixation: autoDraw = False
333.8773 	EXP 	cue_text: autoDraw = True
334.1767 	EXP 	cue_text: autoDraw = False
334.4777 	INFO 	Keyboard events cleared
334.4775 	EXP 	target: autoDraw = True
334.8607 	EXP 	Device response: <KeyPress from None: t=334.8570854999998, value=right, duration=None>
334.8611 	EXP 	New trial (rep=18, index=3): <Trial 183 (3 in rep 18) data={'cue_arrow': '←', 'target_x': -0.5, 'condition': 'valid', 'corr_Ans': 'left', 'thisN': 183, 'thisTrialN': 3, 'thisRepN': 18}>
334.8642 	DATA 	Keypress: right
334.8766 	EXP 	fixation: autoDraw = False
334.8766 	EXP 	cue_text: autoDraw = False
334.8766 	EXP 	target: autoDraw = False
334.8766 	EXP 	cue_text: height = np.float64(0.1)
334.8766 	EXP 	cue_text: height = np.float64(0.1)
334.8766 	EXP 	cue_text: height = np.float64(0.1)
334.8766 	EXP 	cue_text: text = '←'
334.8766 	EXP 	fixation: autoDraw = True
335.0433 	EXP 	Device response: <KeyPress from None: t=334.8570854999998, value=right, duration=0.17555159999756142>
335.3604 	EXP 	fixation: autoDraw = False
335.3604 	EXP 	cue_text: autoDraw = True
335.6611 	EXP 	cue_text: autoDraw = False
335.9609 	INFO 	Keyboard events cleared
335.9607 	EXP 	target: autoDraw = True
336.3596 	EXP 	Device response: <KeyPress from None: t=336.35681810000096, value=left, duration=None>
336.3600 	EXP 	New trial (rep=18, index=4): <Trial 184 (4 in rep 18) data={'cue_arrow': '→', 'target_x': 0.5, 'condition': 'valid', 'corr_Ans': 'right', 'thisN': 184, 'thisTrialN': 4, 'thisRepN': 18}>
336.3630 	DATA 	Keypress: left
336.3765 	EXP 	fixation: autoDraw = False
336.3765 	EXP 	cue_text: autoDraw = False
336.3765 	EXP 	target: autoDraw = False
336.3765 	EXP 	cue_text: height = np.float64(0.1)
336.3765 	EXP 	cue_text: height = np.float64(0.1)
336.3765 	EXP 	cue_text: height = np.float64(0.1)
336.3765 	EXP 	cue_text: text = '→'
336.3765 	EXP 	fixation: autoDraw = True
336.5438 	EXP 	Device response: <KeyPress from None: t=336.35681810000096, value=left, duration=0.18490989999554586>
336.8599 	EXP 	fixation: autoDraw = False
336.8599 	EXP 	cue_text: autoDraw = True
337.1605 	EXP 	cue_text: autoDraw = False
337.4607 	INFO 	Keyboard events cleared
337.4605 	EXP 	target: autoDraw = True
337.8764 	EXP 	Device response: <KeyPress from None: t=337.87530879999395, value=right, duration=None>
337.8768 	EXP 	New trial (rep=18, index=5): <Trial 185 (5 in rep 18) data={'cue_arrow': '→', 'target_x': 0.5, 'condition': 'valid', 'corr_Ans': 'right', 'thisN': 185, 'thisTrialN': 5, 'thisRepN': 18}>
337.8785 	DATA 	Keypress: right
337.8930 	EXP 	fixation: autoDraw = False
337.8930 	EXP 	cue_text: autoDraw = False
337.8930 	EXP 	target: autoDraw = False
337.8930 	EXP 	cue_text: text = '→'
337.8930 	EXP 	fixation: autoDraw = True
338.0604 	EXP 	Device response: <KeyPress from None: t=337.87530879999395, value=right, duration=0.1714137000089977>
338.3772 	EXP 	fixation: autoDraw = False
338.3772 	EXP 	cue_text: autoDraw = True
338.6774 	EXP 	cue_text: autoDraw = False
338.9759 	INFO 	Keyboard events cleared
338.9758 	EXP 	target: autoDraw = True
339.5598 	EXP 	Device response: <KeyPress from None: t=339.54763329999696, value=right, duration=None>
339.5602 	EXP 	New trial (rep=18, index=6): <Trial 186 (6 in rep 18) data={'cue_arrow': '←', 'target_x': -0.5, 'condition': 'valid', 'corr_Ans': 'left', 'thisN': 186, 'thisTrialN': 6, 'thisRepN': 18}>
339.5631 	DATA 	Keypress: right
339.5769 	EXP 	fixation: autoDraw = False
339.5769 	EXP 	cue_text: autoDraw = False
339.5769 	EXP 	target: autoDraw = False
339.5769 	EXP 	cue_text: height = np.float64(0.1)
339.5769 	EXP 	cue_text: height = np.float64(0.1)
339.5769 	EXP 	cue_text: height = np.float64(0.1)
339.5769 	EXP 	cue_text: text = '←'
339.5769 	EXP 	fixation: autoDraw = True
339.6932 	EXP 	Device response: <KeyPress from None: t=339.54763329999696, value=right, duration=0.13028830000257585>
340.0611 	EXP 	fixation: autoDraw = False
340.0611 	EXP 	cue_text: autoDraw = True
340.3590 	EXP 	cue_text: autoDraw = False
340.6614 	INFO 	Keyboard events cleared
340.6611 	EXP 	target: autoDraw = True
340.9932 	EXP 	Device response: <KeyPress from None: t=340.9833144000004, value=left, duration=None>
340.9936 	EXP 	New trial (rep=18, index=7): <Trial 187 (7 in rep 18) data={'cue_arrow': '←', 'target_x': -0.5, 'condition': 'valid', 'corr_Ans': 'left', 'thisN': 187, 'thisTrialN': 7, 'thisRepN': 18}>
340.9948 	DATA 	Keypress: left
341.0107 	EXP 	fixation: autoDraw = False
341.0107 	EXP 	cue_text: autoDraw = False
341.0107 	EXP 	target: autoDraw = False
341.0107 	EXP 	cue_text: text = '←'
341.0107 	EXP 	fixation: autoDraw = True
341.1618 	EXP 	Device response: <KeyPress from None: t=340.9833144000004, value=left, duration=0.16224170000350568>
341.4944 	EXP 	fixation: autoDraw = False
341.4944 	EXP 	cue_text: autoDraw = True
341.7948 	EXP 	cue_text: autoDraw = False
342.0942 	INFO 	Keyboard events cleared
342.0940 	EXP 	target: autoDraw = True
342.3777 	EXP 	Device response: <KeyPress from None: t=342.37700570000743, value=left, duration=None>
342.3782 	EXP 	New trial (rep=18, index=8): <Trial 188 (8 in rep 18) data={'cue_arrow': '→', 'target_x': 0.5, 'condition': 'valid', 'corr_Ans': 'right', 'thisN': 188, 'thisTrialN': 8, 'thisRepN': 18}>
342.3818 	DATA 	Keypress: left
342.3921 	EXP 	fixation: autoDraw = False
342.3921 	EXP 	cue_text: autoDraw = False
342.3921 	EXP 	target: autoDraw = False
342.3921 	EXP 	cue_text: height = np.float64(0.1)
342.3921 	EXP 	cue_text: height = np.float64(0.1)
342.3921 	EXP 	cue_text: height = np.float64(0.1)
342.3921 	EXP 	cue_text: text = '→'
342.3921 	EXP 	fixation: autoDraw = True
342.5275 	EXP 	Device response: <KeyPress from None: t=342.37700570000743, value=left, duration=0.14701839999179356>
342.8776 	EXP 	fixation: autoDraw = False
342.8776 	EXP 	cue_text: autoDraw = True
343.1938 	EXP 	cue_text: autoDraw = False
343.4780 	INFO 	Keyboard events cleared
343.4778 	EXP 	target: autoDraw = True
343.8610 	EXP 	Device response: <KeyPress from None: t=343.85696499999904, value=right, duration=None>
343.8615 	EXP 	New trial (rep=18, index=9): <Trial 189 (9 in rep 18) data={'cue_arrow': '→', 'target_x': -0.5, 'condition': 'invalid', 'corr_Ans': 'left', 'thisN': 189, 'thisTrialN': 9, 'thisRepN': 18}>
343.8630 	DATA 	Keypress: right
343.8759 	EXP 	fixation: autoDraw = False
343.8759 	EXP 	cue_text: autoDraw = False
343.8759 	EXP 	target: autoDraw = False
343.8759 	EXP 	cue_text: text = '→'
343.8759 	EXP 	fixation: autoDraw = True
344.0765 	EXP 	Device response: <KeyPress from None: t=343.85696499999904, value=right, duration=0.20672460000787396>
344.3611 	EXP 	fixation: autoDraw = False
344.3611 	EXP 	cue_text: autoDraw = True
344.6611 	EXP 	cue_text: autoDraw = False
344.9612 	INFO 	Keyboard events cleared
344.9610 	EXP 	target: autoDraw = True
346.4774 	EXP 	Device response: <KeyPress from None: t=346.474470000001, value=left, duration=None>
346.4777 	EXP 	New trial (rep=19, index=0): <Trial 190 (0 in rep 19) data={'cue_arrow': '←', 'target_x': -0.5, 'condition': 'valid', 'corr_Ans': 'left', 'thisN': 190, 'thisTrialN': 0, 'thisRepN': 19}>
346.4807 	DATA 	Keypress: left
346.4927 	EXP 	fixation: autoDraw = False
346.4927 	EXP 	cue_text: autoDraw = False
346.4927 	EXP 	target: autoDraw = False
346.4927 	EXP 	cue_text: height = np.float64(0.1)
346.4927 	EXP 	cue_text: height = np.float64(0.1)
346.4927 	EXP 	cue_text: height = np.float64(0.1)
346.4927 	EXP 	cue_text: text = '←'
346.4927 	EXP 	fixation: autoDraw = True
346.6446 	EXP 	Device response: <KeyPress from None: t=346.474470000001, value=left, duration=0.1595244000054663>
346.9780 	EXP 	fixation: autoDraw = False
346.9780 	EXP 	cue_text: autoDraw = True
347.2778 	EXP 	cue_text: autoDraw = False
347.5939 	INFO 	Keyboard events cleared
347.5937 	EXP 	target: autoDraw = True
348.4100 	EXP 	Device response: <KeyPress from None: t=348.39942699999665, value=left, duration=None>
348.4103 	EXP 	New trial (rep=19, index=1): <Trial 191 (1 in rep 19) data={'cue_arrow': '→', 'target_x': 0.5, 'condition': 'valid', 'corr_Ans': 'right', 'thisN': 191, 'thisTrialN': 1, 'thisRepN': 19}>
348.4149 	DATA 	Keypress: left
348.4270 	EXP 	fixation: autoDraw = False
348.4270 	EXP 	cue_text: autoDraw = False
348.4270 	EXP 	target: autoDraw = False
348.4270 	EXP 	cue_text: height = np.float64(0.1)
348.4270 	EXP 	cue_text: height = np.float64(0.1)
348.4270 	EXP 	cue_text: height = np.float64(0.1)
348.4270 	EXP 	cue_text: text = '→'
348.4270 	EXP 	fixation: autoDraw = True
348.5624 	EXP 	Device response: <KeyPress from None: t=348.39942699999665, value=left, duration=0.154267300007632>
348.9109 	EXP 	fixation: autoDraw = False
348.9109 	EXP 	cue_text: autoDraw = True
349.2112 	EXP 	cue_text: autoDraw = False
349.5095 	INFO 	Keyboard events cleared
349.5094 	EXP 	target: autoDraw = True
349.9433 	EXP 	Device response: <KeyPress from None: t=349.9372513999988, value=right, duration=None>
349.9438 	EXP 	New trial (rep=19, index=2): <Trial 192 (2 in rep 19) data={'cue_arrow': '←', 'target_x': -0.5, 'condition': 'valid', 'corr_Ans': 'left', 'thisN': 192, 'thisTrialN': 2, 'thisRepN': 19}>
349.9474 	DATA 	Keypress: right
349.9605 	EXP 	fixation: autoDraw = False
349.9605 	EXP 	cue_text: autoDraw = False
349.9605 	EXP 	target: autoDraw = False
349.9605 	EXP 	cue_text: height = np.float64(0.1)
349.9605 	EXP 	cue_text: height = np.float64(0.1)
349.9605 	EXP 	cue_text: height = np.float64(0.1)
349.9605 	EXP 	cue_text: text = '←'
349.9605 	EXP 	fixation: autoDraw = True
350.0781 	EXP 	Device response: <KeyPress from None: t=349.9372513999988, value=right, duration=0.13371789999655448>
350.4445 	EXP 	fixation: autoDraw = False
350.4445 	EXP 	cue_text: autoDraw = True
350.7439 	EXP 	cue_text: autoDraw = False
351.0429 	INFO 	Keyboard events cleared
351.0427 	EXP 	target: autoDraw = True
352.8273 	EXP 	Device response: <KeyPress from None: t=352.8167511000065, value=left, duration=None>
352.8276 	EXP 	New trial (rep=19, index=3): <Trial 193 (3 in rep 19) data={'cue_arrow': '→', 'target_x': 0.5, 'condition': 'valid', 'corr_Ans': 'right', 'thisN': 193, 'thisTrialN': 3, 'thisRepN': 19}>
352.8309 	DATA 	Keypress: left
352.8431 	EXP 	fixation: autoDraw = False
352.8431 	EXP 	cue_text: autoDraw = False
352.8431 	EXP 	target: autoDraw = False
352.8431 	EXP 	cue_text: height = np.float64(0.1)
352.8431 	EXP 	cue_text: height = np.float64(0.1)
352.8431 	EXP 	cue_text: height = np.float64(0.1)
352.8431 	EXP 	cue_text: text = '→'
352.8431 	EXP 	fixation: autoDraw = True
352.9773 	EXP 	Device response: <KeyPress from None: t=352.8167511000065, value=left, duration=0.14985349999915343>
353.3277 	EXP 	fixation: autoDraw = False
353.3277 	EXP 	cue_text: autoDraw = True
353.6282 	EXP 	cue_text: autoDraw = False
353.9281 	INFO 	Keyboard events cleared
353.9279 	EXP 	target: autoDraw = True
354.2774 	EXP 	Device response: <KeyPress from None: t=354.2704273999989, value=right, duration=None>
354.2778 	EXP 	New trial (rep=19, index=4): <Trial 194 (4 in rep 19) data={'cue_arrow': '→', 'target_x': -0.5, 'condition': 'invalid', 'corr_Ans': 'left', 'thisN': 194, 'thisTrialN': 4, 'thisRepN': 19}>
354.2790 	DATA 	Keypress: right
354.2928 	EXP 	fixation: autoDraw = False
354.2928 	EXP 	cue_text: autoDraw = False
354.2928 	EXP 	target: autoDraw = False
354.2928 	EXP 	cue_text: text = '→'
354.2928 	EXP 	fixation: autoDraw = True
354.4114 	EXP 	Device response: <KeyPress from None: t=354.2704273999989, value=right, duration=0.1294599999964703>
354.7760 	EXP 	fixation: autoDraw = False
354.7760 	EXP 	cue_text: autoDraw = True
355.0761 	EXP 	cue_text: autoDraw = False
355.3781 	INFO 	Keyboard events cleared
355.3779 	EXP 	target: autoDraw = True
355.7785 	EXP 	Device response: <KeyPress from None: t=355.7716497999936, value=left, duration=None>
355.7790 	EXP 	New trial (rep=19, index=5): <Trial 195 (5 in rep 19) data={'cue_arrow': '→', 'target_x': 0.5, 'condition': 'valid', 'corr_Ans': 'right', 'thisN': 195, 'thisTrialN': 5, 'thisRepN': 19}>
355.7804 	DATA 	Keypress: left
355.7930 	EXP 	fixation: autoDraw = False
355.7930 	EXP 	cue_text: autoDraw = False
355.7930 	EXP 	target: autoDraw = False
355.7930 	EXP 	cue_text: text = '→'
355.7930 	EXP 	fixation: autoDraw = True
355.8933 	EXP 	Device response: <KeyPress from None: t=355.7716497999936, value=left, duration=0.11194310001155827>
356.2950 	EXP 	fixation: autoDraw = False
356.2950 	EXP 	cue_text: autoDraw = True
356.5773 	EXP 	cue_text: autoDraw = False
356.8783 	INFO 	Keyboard events cleared
356.8781 	EXP 	target: autoDraw = True
357.5601 	EXP 	Device response: <KeyPress from None: t=357.54934130000765, value=right, duration=None>
357.5604 	EXP 	New trial (rep=19, index=6): <Trial 196 (6 in rep 19) data={'cue_arrow': '←', 'target_x': 0.5, 'condition': 'invalid', 'corr_Ans': 'right', 'thisN': 196, 'thisTrialN': 6, 'thisRepN': 19}>
357.5634 	DATA 	Keypress: right
357.5774 	EXP 	fixation: autoDraw = False
357.5774 	EXP 	cue_text: autoDraw = False
357.5774 	EXP 	target: autoDraw = False
357.5774 	EXP 	cue_text: height = np.float64(0.1)
357.5774 	EXP 	cue_text: height = np.float64(0.1)
357.5774 	EXP 	cue_text: height = np.float64(0.1)
357.5774 	EXP 	cue_text: text = '←'
357.5774 	EXP 	fixation: autoDraw = True
357.6783 	EXP 	Device response: <KeyPress from None: t=357.54934130000765, value=right, duration=0.12007299999822862>
358.0612 	EXP 	fixation: autoDraw = False
358.0612 	EXP 	cue_text: autoDraw = True
358.3612 	EXP 	cue_text: autoDraw = False
358.6615 	INFO 	Keyboard events cleared
358.6613 	EXP 	target: autoDraw = True
360.2936 	EXP 	Device response: <KeyPress from None: t=360.2899546999979, value=right, duration=None>
360.2939 	EXP 	New trial (rep=19, index=7): <Trial 197 (7 in rep 19) data={'cue_arrow': '→', 'target_x': 0.5, 'condition': 'valid', 'corr_Ans': 'right', 'thisN': 197, 'thisTrialN': 7, 'thisRepN': 19}>
360.2968 	DATA 	Keypress: right
360.3104 	EXP 	fixation: autoDraw = False
360.3104 	EXP 	cue_text: autoDraw = False
360.3104 	EXP 	target: autoDraw = False
360.3104 	EXP 	cue_text: height = np.float64(0.1)
360.3104 	EXP 	cue_text: height = np.float64(0.1)
360.3104 	EXP 	cue_text: height = np.float64(0.1)
360.3104 	EXP 	cue_text: text = '→'
360.3104 	EXP 	fixation: autoDraw = True
360.4608 	EXP 	Device response: <KeyPress from None: t=360.2899546999979, value=right, duration=0.15862360000028275>
360.7956 	EXP 	fixation: autoDraw = False
360.7956 	EXP 	cue_text: autoDraw = True
361.0947 	EXP 	cue_text: autoDraw = False
361.3951 	INFO 	Keyboard events cleared
361.3949 	EXP 	target: autoDraw = True
362.5792 	EXP 	Device response: <KeyPress from None: t=362.5757511999982, value=right, duration=None>
362.5795 	EXP 	New trial (rep=19, index=8): <Trial 198 (8 in rep 19) data={'cue_arrow': '←', 'target_x': -0.5, 'condition': 'valid', 'corr_Ans': 'left', 'thisN': 198, 'thisTrialN': 8, 'thisRepN': 19}>
362.5827 	DATA 	Keypress: right
362.5925 	EXP 	fixation: autoDraw = False
362.5925 	EXP 	cue_text: autoDraw = False
362.5925 	EXP 	target: autoDraw = False
362.5925 	EXP 	cue_text: height = np.float64(0.1)
362.5925 	EXP 	cue_text: height = np.float64(0.1)
362.5925 	EXP 	cue_text: height = np.float64(0.1)
362.5925 	EXP 	cue_text: text = '←'
362.5925 	EXP 	fixation: autoDraw = True
362.7439 	EXP 	Device response: <KeyPress from None: t=362.5757511999982, value=right, duration=0.15206279999983963>
363.0950 	EXP 	fixation: autoDraw = False
363.0950 	EXP 	cue_text: autoDraw = True
363.3939 	EXP 	cue_text: autoDraw = False
363.6944 	INFO 	Keyboard events cleared
363.6943 	EXP 	target: autoDraw = True
364.8269 	EXP 	Device response: <KeyPress from None: t=364.8184024999937, value=left, duration=None>
364.8273 	EXP 	New trial (rep=19, index=9): <Trial 199 (9 in rep 19) data={'cue_arrow': '←', 'target_x': -0.5, 'condition': 'valid', 'corr_Ans': 'left', 'thisN': 199, 'thisTrialN': 9, 'thisRepN': 19}>
364.8285 	DATA 	Keypress: left
364.8437 	EXP 	fixation: autoDraw = False
364.8437 	EXP 	cue_text: autoDraw = False
364.8437 	EXP 	target: autoDraw = False
364.8437 	EXP 	cue_text: text = '←'
364.8437 	EXP 	fixation: autoDraw = True
364.9784 	EXP 	Device response: <KeyPress from None: t=364.8184024999937, value=left, duration=0.15573130000848323>
365.3274 	EXP 	fixation: autoDraw = False
365.3274 	EXP 	cue_text: autoDraw = True
365.6281 	EXP 	cue_text: autoDraw = False
365.9279 	INFO 	Keyboard events cleared
365.9277 	EXP 	target: autoDraw = True
366.2620 	EXP 	Device response: <KeyPress from None: t=366.2529211999936, value=left, duration=None>
366.2625 	EXP 	New trial (rep=20, index=0): <Trial 200 (0 in rep 20) data={'cue_arrow': '→', 'target_x': -0.5, 'condition': 'invalid', 'corr_Ans': 'left', 'thisN': 200, 'thisTrialN': 0, 'thisRepN': 20}>
366.2657 	DATA 	Keypress: left
366.2759 	EXP 	fixation: autoDraw = False
366.2759 	EXP 	cue_text: autoDraw = False
366.2759 	EXP 	target: autoDraw = False
366.2759 	EXP 	cue_text: height = np.float64(0.1)
366.2759 	EXP 	cue_text: height = np.float64(0.1)
366.2759 	EXP 	cue_text: height = np.float64(0.1)
366.2759 	EXP 	cue_text: text = '→'
366.2759 	EXP 	fixation: autoDraw = True
366.4102 	EXP 	Device response: <KeyPress from None: t=366.2529211999936, value=left, duration=0.15283560000534635>
366.7785 	EXP 	fixation: autoDraw = False
366.7785 	EXP 	cue_text: autoDraw = True
367.0611 	EXP 	cue_text: autoDraw = False
367.3612 	INFO 	Keyboard events cleared
367.3609 	EXP 	target: autoDraw = True
369.0444 	EXP 	Device response: <KeyPress from None: t=369.04124229999434, value=left, duration=None>
369.0448 	EXP 	New trial (rep=20, index=1): <Trial 201 (1 in rep 20) data={'cue_arrow': '←', 'target_x': -0.5, 'condition': 'valid', 'corr_Ans': 'left', 'thisN': 201, 'thisTrialN': 1, 'thisRepN': 20}>
369.0485 	DATA 	Keypress: left
369.0602 	EXP 	fixation: autoDraw = False
369.0602 	EXP 	cue_text: autoDraw = False
369.0602 	EXP 	target: autoDraw = False
369.0602 	EXP 	cue_text: height = np.float64(0.1)
369.0602 	EXP 	cue_text: height = np.float64(0.1)
369.0602 	EXP 	cue_text: height = np.float64(0.1)
369.0602 	EXP 	cue_text: text = '←'
369.0602 	EXP 	fixation: autoDraw = True
369.1941 	EXP 	Device response: <KeyPress from None: t=369.04124229999434, value=left, duration=0.1393174000113504>
369.5444 	EXP 	fixation: autoDraw = False
369.5444 	EXP 	cue_text: autoDraw = True
369.8445 	EXP 	cue_text: autoDraw = False
370.1434 	INFO 	Keyboard events cleared
370.1432 	EXP 	target: autoDraw = True
370.6941 	EXP 	Device response: <KeyPress from None: t=370.69212989999505, value=left, duration=None>
370.6944 	EXP 	New trial (rep=20, index=2): <Trial 202 (2 in rep 20) data={'cue_arrow': '→', 'target_x': 0.5, 'condition': 'valid', 'corr_Ans': 'right', 'thisN': 202, 'thisTrialN': 2, 'thisRepN': 20}>
370.6975 	DATA 	Keypress: left
370.7106 	EXP 	fixation: autoDraw = False
370.7106 	EXP 	cue_text: autoDraw = False
370.7106 	EXP 	target: autoDraw = False
370.7106 	EXP 	cue_text: height = np.float64(0.1)
370.7106 	EXP 	cue_text: height = np.float64(0.1)
370.7106 	EXP 	cue_text: height = np.float64(0.1)
370.7106 	EXP 	cue_text: text = '→'
370.7106 	EXP 	fixation: autoDraw = True
370.8948 	EXP 	Device response: <KeyPress from None: t=370.69212989999505, value=left, duration=0.19544070000119973>
371.1950 	EXP 	fixation: autoDraw = False
371.1950 	EXP 	cue_text: autoDraw = True
371.4939 	EXP 	cue_text: autoDraw = False
371.7944 	INFO 	Keyboard events cleared
371.7942 	EXP 	target: autoDraw = True
372.0790 	DATA 	Keypress: right
372.0936 	EXP 	Device response: <KeyPress from None: t=372.0778200000059, value=right, duration=None>
372.0939 	EXP 	New trial (rep=20, index=3): <Trial 203 (3 in rep 20) data={'cue_arrow': '→', 'target_x': 0.5, 'condition': 'valid', 'corr_Ans': 'right', 'thisN': 203, 'thisTrialN': 3, 'thisRepN': 20}>
372.1108 	EXP 	fixation: autoDraw = False
372.1108 	EXP 	cue_text: autoDraw = False
372.1108 	EXP 	target: autoDraw = False
372.1108 	EXP 	cue_text: text = '→'
372.1108 	EXP 	fixation: autoDraw = True
372.2278 	EXP 	Device response: <KeyPress from None: t=372.0778200000059, value=right, duration=0.139148699992802>
372.5953 	EXP 	fixation: autoDraw = False
372.5953 	EXP 	cue_text: autoDraw = True
372.8945 	EXP 	cue_text: autoDraw = False
373.1950 	INFO 	Keyboard events cleared
373.1948 	EXP 	target: autoDraw = True
373.6294 	DATA 	Keypress: right
373.6446 	EXP 	Device response: <KeyPress from None: t=373.6287600000069, value=right, duration=None>
373.6450 	EXP 	New trial (rep=20, index=4): <Trial 204 (4 in rep 20) data={'cue_arrow': '→', 'target_x': 0.5, 'condition': 'valid', 'corr_Ans': 'right', 'thisN': 204, 'thisTrialN': 4, 'thisRepN': 20}>
373.6597 	EXP 	fixation: autoDraw = False
373.6597 	EXP 	cue_text: autoDraw = False
373.6597 	EXP 	target: autoDraw = False
373.6597 	EXP 	cue_text: text = '→'
373.6597 	EXP 	fixation: autoDraw = True
373.8270 	EXP 	Device response: <KeyPress from None: t=373.6287600000069, value=right, duration=0.18177439999999478>
374.1449 	EXP 	fixation: autoDraw = False
374.1449 	EXP 	cue_text: autoDraw = True
374.4450 	EXP 	cue_text: autoDraw = False
374.7440 	INFO 	Keyboard events cleared
374.7438 	EXP 	target: autoDraw = True
375.1770 	EXP 	Device response: <KeyPress from None: t=375.1718552999955, value=right, duration=None>
375.1773 	EXP 	New trial (rep=20, index=5): <Trial 205 (5 in rep 20) data={'cue_arrow': '→', 'target_x': 0.5, 'condition': 'valid', 'corr_Ans': 'right', 'thisN': 205, 'thisTrialN': 5, 'thisRepN': 20}>
375.1787 	DATA 	Keypress: right
375.1930 	EXP 	fixation: autoDraw = False
375.1930 	EXP 	cue_text: autoDraw = False
375.1930 	EXP 	target: autoDraw = False
375.1930 	EXP 	cue_text: text = '→'
375.1930 	EXP 	fixation: autoDraw = True
375.3452 	EXP 	Device response: <KeyPress from None: t=375.1718552999955, value=right, duration=0.15927680001186673>
375.6786 	EXP 	fixation: autoDraw = False
375.6786 	EXP 	cue_text: autoDraw = True
375.9780 	EXP 	cue_text: autoDraw = False
376.2776 	INFO 	Keyboard events cleared
376.2774 	EXP 	target: autoDraw = True
376.6280 	EXP 	Device response: <KeyPress from None: t=376.6258792000008, value=right, duration=None>
376.6284 	EXP 	New trial (rep=20, index=6): <Trial 206 (6 in rep 20) data={'cue_arrow': '←', 'target_x': -0.5, 'condition': 'valid', 'corr_Ans': 'left', 'thisN': 206, 'thisTrialN': 6, 'thisRepN': 20}>
376.6318 	DATA 	Keypress: right
376.6437 	EXP 	fixation: autoDraw = False
376.6437 	EXP 	cue_text: autoDraw = False
376.6437 	EXP 	target: autoDraw = False
376.6437 	EXP 	cue_text: height = np.float64(0.1)
376.6437 	EXP 	cue_text: height = np.float64(0.1)
376.6437 	EXP 	cue_text: height = np.float64(0.1)
376.6437 	EXP 	cue_text: text = '←'
376.6437 	EXP 	fixation: autoDraw = True
376.7950 	EXP 	Device response: <KeyPress from None: t=376.6258792000008, value=right, duration=0.16571479999402072>
377.1283 	EXP 	fixation: autoDraw = False
377.1283 	EXP 	cue_text: autoDraw = True
377.4280 	EXP 	cue_text: autoDraw = False
377.7284 	INFO 	Keyboard events cleared
377.7282 	EXP 	target: autoDraw = True
378.2110 	EXP 	Device response: <KeyPress from None: t=378.2017254999955, value=left, duration=None>
378.2114 	EXP 	New trial (rep=20, index=7): <Trial 207 (7 in rep 20) data={'cue_arrow': '←', 'target_x': 0.5, 'condition': 'invalid', 'corr_Ans': 'right', 'thisN': 207, 'thisTrialN': 7, 'thisRepN': 20}>
378.2127 	DATA 	Keypress: left
378.2273 	EXP 	fixation: autoDraw = False
378.2273 	EXP 	cue_text: autoDraw = False
378.2273 	EXP 	target: autoDraw = False
378.2273 	EXP 	cue_text: text = '←'
378.2273 	EXP 	fixation: autoDraw = True
378.3448 	EXP 	Device response: <KeyPress from None: t=378.2017254999955, value=left, duration=0.13987330000963993>
378.7107 	EXP 	fixation: autoDraw = False
378.7107 	EXP 	cue_text: autoDraw = True
379.0116 	EXP 	cue_text: autoDraw = False
379.3118 	INFO 	Keyboard events cleared
379.3116 	EXP 	target: autoDraw = True
380.9279 	EXP 	Device response: <KeyPress from None: t=380.9225987999962, value=right, duration=None>
380.9282 	EXP 	New trial (rep=20, index=8): <Trial 208 (8 in rep 20) data={'cue_arrow': '←', 'target_x': -0.5, 'condition': 'valid', 'corr_Ans': 'left', 'thisN': 208, 'thisTrialN': 8, 'thisRepN': 20}>
380.9294 	DATA 	Keypress: right
380.9434 	EXP 	fixation: autoDraw = False
380.9434 	EXP 	cue_text: autoDraw = False
380.9434 	EXP 	target: autoDraw = False
380.9434 	EXP 	cue_text: text = '←'
380.9434 	EXP 	fixation: autoDraw = True
381.0614 	EXP 	Device response: <KeyPress from None: t=380.9225987999962, value=right, duration=0.1325076000066474>
381.4282 	EXP 	fixation: autoDraw = False
381.4282 	EXP 	cue_text: autoDraw = True
381.7281 	EXP 	cue_text: autoDraw = False
382.0452 	INFO 	Keyboard events cleared
382.0450 	EXP 	target: autoDraw = True
382.3780 	EXP 	Device response: <KeyPress from None: t=382.37493160000304, value=left, duration=None>
382.3784 	EXP 	New trial (rep=20, index=9): <Trial 209 (9 in rep 20) data={'cue_arrow': '←', 'target_x': -0.5, 'condition': 'valid', 'corr_Ans': 'left', 'thisN': 209, 'thisTrialN': 9, 'thisRepN': 20}>
382.3797 	DATA 	Keypress: left
382.3933 	EXP 	fixation: autoDraw = False
382.3933 	EXP 	cue_text: autoDraw = False
382.3933 	EXP 	target: autoDraw = False
382.3933 	EXP 	cue_text: text = '←'
382.3933 	EXP 	fixation: autoDraw = True
382.5290 	EXP 	Device response: <KeyPress from None: t=382.37493160000304, value=left, duration=0.15128989999357145>
382.8766 	EXP 	fixation: autoDraw = False
382.8766 	EXP 	cue_text: autoDraw = True
383.1779 	EXP 	cue_text: autoDraw = False
383.4787 	INFO 	Keyboard events cleared
383.4785 	EXP 	target: autoDraw = True
383.7946 	EXP 	Device response: <KeyPress from None: t=383.7917468999949, value=left, duration=None>
383.7949 	EXP 	New trial (rep=21, index=0): <Trial 210 (0 in rep 21) data={'cue_arrow': '→', 'target_x': 0.5, 'condition': 'valid', 'corr_Ans': 'right', 'thisN': 210, 'thisTrialN': 0, 'thisRepN': 21}>
383.7979 	DATA 	Keypress: left
383.8103 	EXP 	fixation: autoDraw = False
383.8103 	EXP 	cue_text: autoDraw = False
383.8103 	EXP 	target: autoDraw = False
383.8103 	EXP 	cue_text: height = np.float64(0.1)
383.8103 	EXP 	cue_text: height = np.float64(0.1)
383.8103 	EXP 	cue_text: height = np.float64(0.1)
383.8103 	EXP 	cue_text: text = '→'
383.8103 	EXP 	fixation: autoDraw = True
383.9275 	EXP 	Device response: <KeyPress from None: t=383.7917468999949, value=left, duration=0.13062630000058562>
384.2947 	EXP 	fixation: autoDraw = False
384.2947 	EXP 	cue_text: autoDraw = True
384.5953 	EXP 	cue_text: autoDraw = False
384.8944 	INFO 	Keyboard events cleared
384.8942 	EXP 	target: autoDraw = True
385.2778 	EXP 	Device response: <KeyPress from None: t=385.26794540000265, value=right, duration=None>
385.2781 	EXP 	New trial (rep=21, index=1): <Trial 211 (1 in rep 21) data={'cue_arrow': '→', 'target_x': 0.5, 'condition': 'valid', 'corr_Ans': 'right', 'thisN': 211, 'thisTrialN': 1, 'thisRepN': 21}>
385.2793 	DATA 	Keypress: right
385.2933 	EXP 	fixation: autoDraw = False
385.2933 	EXP 	cue_text: autoDraw = False
385.2933 	EXP 	target: autoDraw = False
385.2933 	EXP 	cue_text: text = '→'
385.2933 	EXP 	fixation: autoDraw = True
385.4279 	EXP 	Device response: <KeyPress from None: t=385.26794540000265, value=right, duration=0.14427180000348017>
385.7784 	EXP 	fixation: autoDraw = False
385.7784 	EXP 	cue_text: autoDraw = True
386.0785 	EXP 	cue_text: autoDraw = False
386.3774 	INFO 	Keyboard events cleared
386.3772 	EXP 	target: autoDraw = True
386.7449 	EXP 	Device response: <KeyPress from None: t=386.7385398000042, value=right, duration=None>
386.7453 	EXP 	New trial (rep=21, index=2): <Trial 212 (2 in rep 21) data={'cue_arrow': '→', 'target_x': 0.5, 'condition': 'valid', 'corr_Ans': 'right', 'thisN': 212, 'thisTrialN': 2, 'thisRepN': 21}>
386.7465 	DATA 	Keypress: right
386.7602 	EXP 	fixation: autoDraw = False
386.7602 	EXP 	cue_text: autoDraw = False
386.7602 	EXP 	target: autoDraw = False
386.7602 	EXP 	cue_text: text = '→'
386.7602 	EXP 	fixation: autoDraw = True
386.8621 	EXP 	Device response: <KeyPress from None: t=386.7385398000042, value=right, duration=0.11886390000290703>
387.2441 	EXP 	fixation: autoDraw = False
387.2441 	EXP 	cue_text: autoDraw = True
387.5444 	EXP 	cue_text: autoDraw = False
387.8452 	INFO 	Keyboard events cleared
387.8449 	EXP 	target: autoDraw = True
388.2452 	EXP 	Device response: <KeyPress from None: t=388.23863490000076, value=right, duration=None>
388.2456 	EXP 	New trial (rep=21, index=3): <Trial 213 (3 in rep 21) data={'cue_arrow': '←', 'target_x': -0.5, 'condition': 'valid', 'corr_Ans': 'left', 'thisN': 213, 'thisTrialN': 3, 'thisRepN': 21}>
388.2488 	DATA 	Keypress: right
388.2596 	EXP 	fixation: autoDraw = False
388.2596 	EXP 	cue_text: autoDraw = False
388.2596 	EXP 	target: autoDraw = False
388.2596 	EXP 	cue_text: height = np.float64(0.1)
388.2596 	EXP 	cue_text: height = np.float64(0.1)
388.2596 	EXP 	cue_text: height = np.float64(0.1)
388.2596 	EXP 	cue_text: text = '←'
388.2596 	EXP 	fixation: autoDraw = True
388.3955 	EXP 	Device response: <KeyPress from None: t=388.23863490000076, value=right, duration=0.14050599999609403>
388.7448 	EXP 	fixation: autoDraw = False
388.7448 	EXP 	cue_text: autoDraw = True
389.0452 	EXP 	cue_text: autoDraw = False
389.3451 	INFO 	Keyboard events cleared
389.3449 	EXP 	target: autoDraw = True
390.0456 	DATA 	Keypress: left
390.0617 	EXP 	Device response: <KeyPress from None: t=390.04465539999364, value=left, duration=None>
390.0621 	EXP 	New trial (rep=21, index=4): <Trial 214 (4 in rep 21) data={'cue_arrow': '→', 'target_x': 0.5, 'condition': 'valid', 'corr_Ans': 'right', 'thisN': 214, 'thisTrialN': 4, 'thisRepN': 21}>
390.0782 	EXP 	fixation: autoDraw = False
390.0782 	EXP 	cue_text: autoDraw = False
390.0782 	EXP 	target: autoDraw = False
390.0782 	EXP 	cue_text: height = np.float64(0.1)
390.0782 	EXP 	cue_text: height = np.float64(0.1)
390.0782 	EXP 	cue_text: height = np.float64(0.1)
390.0782 	EXP 	cue_text: text = '→'
390.0782 	EXP 	fixation: autoDraw = True
390.2117 	EXP 	Device response: <KeyPress from None: t=390.04465539999364, value=left, duration=0.15159670000139158>
390.5785 	EXP 	fixation: autoDraw = False
390.5785 	EXP 	cue_text: autoDraw = True
390.8614 	EXP 	cue_text: autoDraw = False
391.1620 	INFO 	Keyboard events cleared
391.1618 	EXP 	target: autoDraw = True
391.6118 	EXP 	Device response: <KeyPress from None: t=391.5999410000077, value=right, duration=None>
391.6122 	EXP 	New trial (rep=21, index=5): <Trial 215 (5 in rep 21) data={'cue_arrow': '←', 'target_x': -0.5, 'condition': 'valid', 'corr_Ans': 'left', 'thisN': 215, 'thisTrialN': 5, 'thisRepN': 21}>
391.6195 	DATA 	Keypress: right
391.6279 	EXP 	fixation: autoDraw = False
391.6279 	EXP 	cue_text: autoDraw = False
391.6279 	EXP 	target: autoDraw = False
391.6279 	EXP 	cue_text: height = np.float64(0.1)
391.6279 	EXP 	cue_text: height = np.float64(0.1)
391.6279 	EXP 	cue_text: height = np.float64(0.1)
391.6279 	EXP 	cue_text: text = '←'
391.6279 	EXP 	fixation: autoDraw = True
391.7276 	EXP 	Device response: <KeyPress from None: t=391.5999410000077, value=right, duration=0.12564099999144673>
392.1273 	EXP 	fixation: autoDraw = False
392.1273 	EXP 	cue_text: autoDraw = True
392.4267 	EXP 	cue_text: autoDraw = False
392.7271 	INFO 	Keyboard events cleared
392.7270 	EXP 	target: autoDraw = True
393.0441 	EXP 	Device response: <KeyPress from None: t=393.0297184999945, value=left, duration=None>
393.0443 	EXP 	New trial (rep=21, index=6): <Trial 216 (6 in rep 21) data={'cue_arrow': '→', 'target_x': -0.5, 'condition': 'invalid', 'corr_Ans': 'left', 'thisN': 216, 'thisTrialN': 6, 'thisRepN': 21}>
393.0468 	DATA 	Keypress: left
393.0602 	EXP 	fixation: autoDraw = False
393.0602 	EXP 	cue_text: autoDraw = False
393.0602 	EXP 	target: autoDraw = False
393.0602 	EXP 	cue_text: height = np.float64(0.1)
393.0602 	EXP 	cue_text: height = np.float64(0.1)
393.0602 	EXP 	cue_text: height = np.float64(0.1)
393.0602 	EXP 	cue_text: text = '→'
393.0602 	EXP 	fixation: autoDraw = True
393.2099 	EXP 	Device response: <KeyPress from None: t=393.0297184999945, value=left, duration=0.16612420001183636>
393.5439 	EXP 	fixation: autoDraw = False
393.5439 	EXP 	cue_text: autoDraw = True
393.8434 	EXP 	cue_text: autoDraw = False
394.1432 	INFO 	Keyboard events cleared
394.1431 	EXP 	target: autoDraw = True
395.4604 	EXP 	Device response: <KeyPress from None: t=395.453001700007, value=left, duration=None>
395.4607 	EXP 	New trial (rep=21, index=7): <Trial 217 (7 in rep 21) data={'cue_arrow': '←', 'target_x': 0.5, 'condition': 'invalid', 'corr_Ans': 'right', 'thisN': 217, 'thisTrialN': 7, 'thisRepN': 21}>
395.4642 	DATA 	Keypress: left
395.4775 	EXP 	fixation: autoDraw = False
395.4775 	EXP 	cue_text: autoDraw = False
395.4775 	EXP 	target: autoDraw = False
395.4775 	EXP 	cue_text: height = np.float64(0.1)
395.4775 	EXP 	cue_text: height = np.float64(0.1)
395.4775 	EXP 	cue_text: height = np.float64(0.1)
395.4775 	EXP 	cue_text: text = '←'
395.4775 	EXP 	fixation: autoDraw = True
395.6110 	EXP 	Device response: <KeyPress from None: t=395.453001700007, value=left, duration=0.15155299998878036>
395.9606 	EXP 	fixation: autoDraw = False
395.9606 	EXP 	cue_text: autoDraw = True
396.2608 	EXP 	cue_text: autoDraw = False
396.5610 	INFO 	Keyboard events cleared
396.5609 	EXP 	target: autoDraw = True
398.0622 	DATA 	Keypress: right
398.0783 	EXP 	Device response: <KeyPress from None: t=398.06163620000007, value=right, duration=None>
398.0787 	EXP 	New trial (rep=21, index=8): <Trial 218 (8 in rep 21) data={'cue_arrow': '←', 'target_x': -0.5, 'condition': 'valid', 'corr_Ans': 'left', 'thisN': 218, 'thisTrialN': 8, 'thisRepN': 21}>
398.0951 	EXP 	fixation: autoDraw = False
398.0951 	EXP 	cue_text: autoDraw = False
398.0951 	EXP 	target: autoDraw = False
398.0951 	EXP 	cue_text: text = '←'
398.0951 	EXP 	fixation: autoDraw = True
398.2114 	EXP 	Device response: <KeyPress from None: t=398.06163620000007, value=right, duration=0.13630430000193883>
398.5784 	EXP 	fixation: autoDraw = False
398.5784 	EXP 	cue_text: autoDraw = True
398.8769 	EXP 	cue_text: autoDraw = False
399.1784 	INFO 	Keyboard events cleared
399.1781 	EXP 	target: autoDraw = True
399.4614 	EXP 	Device response: <KeyPress from None: t=399.4563898000051, value=left, duration=None>
399.4617 	EXP 	New trial (rep=21, index=9): <Trial 219 (9 in rep 21) data={'cue_arrow': '←', 'target_x': -0.5, 'condition': 'valid', 'corr_Ans': 'left', 'thisN': 219, 'thisTrialN': 9, 'thisRepN': 21}>
399.4629 	DATA 	Keypress: left
399.4776 	EXP 	fixation: autoDraw = False
399.4776 	EXP 	cue_text: autoDraw = False
399.4776 	EXP 	target: autoDraw = False
399.4776 	EXP 	cue_text: text = '←'
399.4776 	EXP 	fixation: autoDraw = True
399.6127 	EXP 	Device response: <KeyPress from None: t=399.4563898000051, value=left, duration=0.14040589999058284>
399.9610 	EXP 	fixation: autoDraw = False
399.9610 	EXP 	cue_text: autoDraw = True
400.2618 	EXP 	cue_text: autoDraw = False
400.5622 	INFO 	Keyboard events cleared
400.5620 	EXP 	target: autoDraw = True
400.8449 	EXP 	Device response: <KeyPress from None: t=400.83139580000716, value=left, duration=None>
400.8452 	EXP 	New trial (rep=22, index=0): <Trial 220 (0 in rep 22) data={'cue_arrow': '→', 'target_x': 0.5, 'condition': 'valid', 'corr_Ans': 'right', 'thisN': 220, 'thisTrialN': 0, 'thisRepN': 22}>
400.8489 	DATA 	Keypress: left
400.8612 	EXP 	fixation: autoDraw = False
400.8612 	EXP 	cue_text: autoDraw = False
400.8612 	EXP 	target: autoDraw = False
400.8612 	EXP 	cue_text: height = np.float64(0.1)
400.8612 	EXP 	cue_text: height = np.float64(0.1)
400.8612 	EXP 	cue_text: height = np.float64(0.1)
400.8612 	EXP 	cue_text: text = '→'
400.8612 	EXP 	fixation: autoDraw = True
400.9777 	EXP 	Device response: <KeyPress from None: t=400.83139580000716, value=left, duration=0.1422679999959655>
401.3457 	EXP 	fixation: autoDraw = False
401.3457 	EXP 	cue_text: autoDraw = True
401.6448 	EXP 	cue_text: autoDraw = False
401.9436 	INFO 	Keyboard events cleared
401.9434 	EXP 	target: autoDraw = True
402.2282 	EXP 	Device response: <KeyPress from None: t=402.21420810000564, value=right, duration=None>
402.2287 	EXP 	New trial (rep=22, index=1): <Trial 221 (1 in rep 22) data={'cue_arrow': '→', 'target_x': 0.5, 'condition': 'valid', 'corr_Ans': 'right', 'thisN': 221, 'thisTrialN': 1, 'thisRepN': 22}>
402.2300 	DATA 	Keypress: right
402.2448 	EXP 	fixation: autoDraw = False
402.2448 	EXP 	cue_text: autoDraw = False
402.2448 	EXP 	target: autoDraw = False
402.2448 	EXP 	cue_text: text = '→'
402.2448 	EXP 	fixation: autoDraw = True
402.3292 	EXP 	Device response: <KeyPress from None: t=402.21420810000564, value=right, duration=0.11002049999660812>
402.7285 	EXP 	fixation: autoDraw = False
402.7285 	EXP 	cue_text: autoDraw = True
403.0269 	EXP 	cue_text: autoDraw = False
403.3293 	INFO 	Keyboard events cleared
403.3291 	EXP 	target: autoDraw = True
403.3457 	EXP 	Device response: <KeyPress from None: t=403.3373933999974, value=right, duration=None>
403.3461 	EXP 	New trial (rep=22, index=2): <Trial 222 (2 in rep 22) data={'cue_arrow': '→', 'target_x': 0.5, 'condition': 'valid', 'corr_Ans': 'right', 'thisN': 222, 'thisTrialN': 2, 'thisRepN': 22}>
403.3477 	DATA 	Keypress: right
403.3605 	EXP 	fixation: autoDraw = False
403.3605 	EXP 	cue_text: autoDraw = False
403.3605 	EXP 	target: autoDraw = False
403.3605 	EXP 	cue_text: text = '→'
403.3605 	EXP 	fixation: autoDraw = True
403.5283 	EXP 	Device response: <KeyPress from None: t=403.3373933999974, value=right, duration=0.1739506000012625>
403.8624 	EXP 	fixation: autoDraw = False
403.8624 	EXP 	cue_text: autoDraw = True
404.1439 	EXP 	cue_text: autoDraw = False
404.4459 	INFO 	Keyboard events cleared
404.4457 	EXP 	target: autoDraw = True
404.7950 	EXP 	Device response: <KeyPress from None: t=404.78088350000326, value=right, duration=None>
404.7954 	EXP 	New trial (rep=22, index=3): <Trial 223 (3 in rep 22) data={'cue_arrow': '←', 'target_x': -0.5, 'condition': 'valid', 'corr_Ans': 'left', 'thisN': 223, 'thisTrialN': 3, 'thisRepN': 22}>
404.7989 	DATA 	Keypress: right
404.8113 	EXP 	fixation: autoDraw = False
404.8113 	EXP 	cue_text: autoDraw = False
404.8113 	EXP 	target: autoDraw = False
404.8113 	EXP 	cue_text: height = np.float64(0.1)
404.8113 	EXP 	cue_text: height = np.float64(0.1)
404.8113 	EXP 	cue_text: height = np.float64(0.1)
404.8113 	EXP 	cue_text: text = '←'
404.8113 	EXP 	fixation: autoDraw = True
404.9284 	EXP 	Device response: <KeyPress from None: t=404.78088350000326, value=right, duration=0.14498389999789651>
405.2952 	EXP 	fixation: autoDraw = False
405.2952 	EXP 	cue_text: autoDraw = True
405.5955 	EXP 	cue_text: autoDraw = False
405.8938 	INFO 	Keyboard events cleared
405.8936 	EXP 	target: autoDraw = True
406.1791 	EXP 	Device response: <KeyPress from None: t=406.1753297999967, value=left, duration=None>
406.1794 	EXP 	New trial (rep=22, index=4): <Trial 224 (4 in rep 22) data={'cue_arrow': '→', 'target_x': -0.5, 'condition': 'invalid', 'corr_Ans': 'left', 'thisN': 224, 'thisTrialN': 4, 'thisRepN': 22}>
406.1823 	DATA 	Keypress: left
406.1944 	EXP 	fixation: autoDraw = False
406.1944 	EXP 	cue_text: autoDraw = False
406.1944 	EXP 	target: autoDraw = False
406.1944 	EXP 	cue_text: height = np.float64(0.1)
406.1944 	EXP 	cue_text: height = np.float64(0.1)
406.1944 	EXP 	cue_text: height = np.float64(0.1)
406.1944 	EXP 	cue_text: text = '→'
406.1944 	EXP 	fixation: autoDraw = True
406.2956 	EXP 	Device response: <KeyPress from None: t=406.1753297999967, value=left, duration=0.10968819999834523>
406.6785 	EXP 	fixation: autoDraw = False
406.6785 	EXP 	cue_text: autoDraw = True
406.9945 	EXP 	cue_text: autoDraw = False
407.2792 	INFO 	Keyboard events cleared
407.2790 	EXP 	target: autoDraw = True
408.7785 	EXP 	Device response: <KeyPress from None: t=408.7745647999982, value=left, duration=None>
408.7788 	EXP 	New trial (rep=22, index=5): <Trial 225 (5 in rep 22) data={'cue_arrow': '←', 'target_x': -0.5, 'condition': 'valid', 'corr_Ans': 'left', 'thisN': 225, 'thisTrialN': 5, 'thisRepN': 22}>
408.7819 	DATA 	Keypress: left
408.7939 	EXP 	fixation: autoDraw = False
408.7939 	EXP 	cue_text: autoDraw = False
408.7939 	EXP 	target: autoDraw = False
408.7939 	EXP 	cue_text: height = np.float64(0.1)
408.7939 	EXP 	cue_text: height = np.float64(0.1)
408.7939 	EXP 	cue_text: height = np.float64(0.1)
408.7939 	EXP 	cue_text: text = '←'
408.7939 	EXP 	fixation: autoDraw = True
408.9456 	EXP 	Device response: <KeyPress from None: t=408.7745647999982, value=left, duration=0.15548119999584742>
409.2786 	EXP 	fixation: autoDraw = False
409.2786 	EXP 	cue_text: autoDraw = True
409.5773 	EXP 	cue_text: autoDraw = False
409.8773 	INFO 	Keyboard events cleared
409.8772 	EXP 	target: autoDraw = True
411.4966 	DATA 	Keypress: left
411.5109 	EXP 	Device response: <KeyPress from None: t=411.4954646999977, value=left, duration=None>
411.5112 	EXP 	New trial (rep=22, index=6): <Trial 226 (6 in rep 22) data={'cue_arrow': '←', 'target_x': -0.5, 'condition': 'valid', 'corr_Ans': 'left', 'thisN': 226, 'thisTrialN': 6, 'thisRepN': 22}>
411.5272 	EXP 	fixation: autoDraw = False
411.5272 	EXP 	cue_text: autoDraw = False
411.5272 	EXP 	target: autoDraw = False
411.5272 	EXP 	cue_text: text = '←'
411.5272 	EXP 	fixation: autoDraw = True
411.6285 	EXP 	Device response: <KeyPress from None: t=411.4954646999977, value=left, duration=0.12941029999637976>
412.0127 	EXP 	fixation: autoDraw = False
412.0127 	EXP 	cue_text: autoDraw = True
412.3112 	EXP 	cue_text: autoDraw = False
412.6124 	INFO 	Keyboard events cleared
412.6122 	EXP 	target: autoDraw = True
412.9443 	EXP 	Device response: <KeyPress from None: t=412.9408720000065, value=left, duration=None>
412.9447 	EXP 	New trial (rep=22, index=7): <Trial 227 (7 in rep 22) data={'cue_arrow': '←', 'target_x': -0.5, 'condition': 'valid', 'corr_Ans': 'left', 'thisN': 227, 'thisTrialN': 7, 'thisRepN': 22}>
412.9459 	DATA 	Keypress: left
412.9610 	EXP 	fixation: autoDraw = False
412.9610 	EXP 	cue_text: autoDraw = False
412.9610 	EXP 	target: autoDraw = False
412.9610 	EXP 	cue_text: text = '←'
412.9610 	EXP 	fixation: autoDraw = True
413.1126 	EXP 	Device response: <KeyPress from None: t=412.9408720000065, value=left, duration=0.1606127999984892>
413.4460 	EXP 	fixation: autoDraw = False
413.4460 	EXP 	cue_text: autoDraw = True
413.7446 	EXP 	cue_text: autoDraw = False
414.0443 	INFO 	Keyboard events cleared
414.0441 	EXP 	target: autoDraw = True
414.3619 	EXP 	Device response: <KeyPress from None: t=414.3506572000042, value=left, duration=None>
414.3622 	EXP 	New trial (rep=22, index=8): <Trial 228 (8 in rep 22) data={'cue_arrow': '←', 'target_x': 0.5, 'condition': 'invalid', 'corr_Ans': 'right', 'thisN': 228, 'thisTrialN': 8, 'thisRepN': 22}>
414.3634 	DATA 	Keypress: left
414.3772 	EXP 	fixation: autoDraw = False
414.3772 	EXP 	cue_text: autoDraw = False
414.3772 	EXP 	target: autoDraw = False
414.3772 	EXP 	cue_text: text = '←'
414.3772 	EXP 	fixation: autoDraw = True
414.4954 	EXP 	Device response: <KeyPress from None: t=414.3506572000042, value=left, duration=0.14241790000232868>
414.8624 	EXP 	fixation: autoDraw = False
414.8624 	EXP 	cue_text: autoDraw = True
415.1789 	EXP 	cue_text: autoDraw = False
415.4629 	INFO 	Keyboard events cleared
415.4627 	EXP 	target: autoDraw = True
416.7112 	EXP 	Device response: <KeyPress from None: t=416.69896199999494, value=right, duration=None>
416.7115 	EXP 	New trial (rep=22, index=9): <Trial 229 (9 in rep 22) data={'cue_arrow': '→', 'target_x': 0.5, 'condition': 'valid', 'corr_Ans': 'right', 'thisN': 229, 'thisTrialN': 9, 'thisRepN': 22}>
416.7145 	DATA 	Keypress: right
416.7279 	EXP 	fixation: autoDraw = False
416.7279 	EXP 	cue_text: autoDraw = False
416.7279 	EXP 	target: autoDraw = False
416.7279 	EXP 	cue_text: height = np.float64(0.1)
416.7279 	EXP 	cue_text: height = np.float64(0.1)
416.7279 	EXP 	cue_text: height = np.float64(0.1)
416.7279 	EXP 	cue_text: text = '→'
416.7279 	EXP 	fixation: autoDraw = True
416.8450 	EXP 	Device response: <KeyPress from None: t=416.69896199999494, value=right, duration=0.13053660000150558>
417.2121 	EXP 	fixation: autoDraw = False
417.2121 	EXP 	cue_text: autoDraw = True
417.5119 	EXP 	cue_text: autoDraw = False
417.8126 	INFO 	Keyboard events cleared
417.8124 	EXP 	target: autoDraw = True
418.1950 	EXP 	Device response: <KeyPress from None: t=418.18476160000137, value=right, duration=None>
418.1953 	EXP 	New trial (rep=23, index=0): <Trial 230 (0 in rep 23) data={'cue_arrow': '←', 'target_x': -0.5, 'condition': 'valid', 'corr_Ans': 'left', 'thisN': 230, 'thisTrialN': 0, 'thisRepN': 23}>
418.1998 	DATA 	Keypress: right
418.2098 	EXP 	fixation: autoDraw = False
418.2098 	EXP 	cue_text: autoDraw = False
418.2098 	EXP 	target: autoDraw = False
418.2098 	EXP 	cue_text: height = np.float64(0.1)
418.2098 	EXP 	cue_text: height = np.float64(0.1)
418.2098 	EXP 	cue_text: height = np.float64(0.1)
418.2098 	EXP 	cue_text: text = '←'
418.2098 	EXP 	fixation: autoDraw = True
418.3290 	EXP 	Device response: <KeyPress from None: t=418.18476160000137, value=right, duration=0.13469089999853168>
418.6955 	EXP 	fixation: autoDraw = False
418.6955 	EXP 	cue_text: autoDraw = True
418.9954 	EXP 	cue_text: autoDraw = False
419.2939 	INFO 	Keyboard events cleared
419.2937 	EXP 	target: autoDraw = True
419.5790 	EXP 	Device response: <KeyPress from None: t=419.5677018999995, value=left, duration=None>
419.5794 	EXP 	New trial (rep=23, index=1): <Trial 231 (1 in rep 23) data={'cue_arrow': '→', 'target_x': 0.5, 'condition': 'valid', 'corr_Ans': 'right', 'thisN': 231, 'thisTrialN': 1, 'thisRepN': 23}>
419.5825 	DATA 	Keypress: left
419.5946 	EXP 	fixation: autoDraw = False
419.5946 	EXP 	cue_text: autoDraw = False
419.5946 	EXP 	target: autoDraw = False
419.5946 	EXP 	cue_text: height = np.float64(0.1)
419.5946 	EXP 	cue_text: height = np.float64(0.1)
419.5946 	EXP 	cue_text: height = np.float64(0.1)
419.5946 	EXP 	cue_text: text = '→'
419.5946 	EXP 	fixation: autoDraw = True
419.7613 	EXP 	Device response: <KeyPress from None: t=419.5677018999995, value=left, duration=0.18521169999439735>
420.0790 	EXP 	fixation: autoDraw = False
420.0790 	EXP 	cue_text: autoDraw = True
420.3790 	EXP 	cue_text: autoDraw = False
420.6792 	INFO 	Keyboard events cleared
420.6790 	EXP 	target: autoDraw = True
421.2948 	EXP 	Device response: <KeyPress from None: t=421.28462029999355, value=right, duration=None>
421.2952 	EXP 	New trial (rep=23, index=2): <Trial 232 (2 in rep 23) data={'cue_arrow': '←', 'target_x': -0.5, 'condition': 'valid', 'corr_Ans': 'left', 'thisN': 232, 'thisTrialN': 2, 'thisRepN': 23}>
421.2981 	DATA 	Keypress: right
421.3105 	EXP 	fixation: autoDraw = False
421.3105 	EXP 	cue_text: autoDraw = False
421.3105 	EXP 	target: autoDraw = False
421.3105 	EXP 	cue_text: height = np.float64(0.1)
421.3105 	EXP 	cue_text: height = np.float64(0.1)
421.3105 	EXP 	cue_text: height = np.float64(0.1)
421.3105 	EXP 	cue_text: text = '←'
421.3105 	EXP 	fixation: autoDraw = True
421.4286 	EXP 	Device response: <KeyPress from None: t=421.28462029999355, value=right, duration=0.13501280000491533>
421.7953 	EXP 	fixation: autoDraw = False
421.7953 	EXP 	cue_text: autoDraw = True
422.0957 	EXP 	cue_text: autoDraw = False
422.3943 	INFO 	Keyboard events cleared
422.3941 	EXP 	target: autoDraw = True
423.3616 	EXP 	Device response: <KeyPress from None: t=423.35865059999924, value=left, duration=None>
423.3620 	EXP 	New trial (rep=23, index=3): <Trial 233 (3 in rep 23) data={'cue_arrow': '←', 'target_x': -0.5, 'condition': 'valid', 'corr_Ans': 'left', 'thisN': 233, 'thisTrialN': 3, 'thisRepN': 23}>
423.3632 	DATA 	Keypress: left
423.3772 	EXP 	fixation: autoDraw = False
423.3772 	EXP 	cue_text: autoDraw = False
423.3772 	EXP 	target: autoDraw = False
423.3772 	EXP 	cue_text: text = '←'
423.3772 	EXP 	fixation: autoDraw = True
423.4962 	EXP 	Device response: <KeyPress from None: t=423.35865059999924, value=left, duration=0.13211279999813996>
423.8625 	EXP 	fixation: autoDraw = False
423.8625 	EXP 	cue_text: autoDraw = True
424.1621 	EXP 	cue_text: autoDraw = False
424.4625 	INFO 	Keyboard events cleared
424.4622 	EXP 	target: autoDraw = True
424.9799 	DATA 	Keypress: left
424.9946 	EXP 	Device response: <KeyPress from None: t=424.9787400000059, value=left, duration=None>
424.9950 	EXP 	New trial (rep=23, index=4): <Trial 234 (4 in rep 23) data={'cue_arrow': '→', 'target_x': 0.5, 'condition': 'valid', 'corr_Ans': 'right', 'thisN': 234, 'thisTrialN': 4, 'thisRepN': 23}>
425.0104 	EXP 	fixation: autoDraw = False
425.0104 	EXP 	cue_text: autoDraw = False
425.0104 	EXP 	target: autoDraw = False
425.0104 	EXP 	cue_text: height = np.float64(0.1)
425.0104 	EXP 	cue_text: height = np.float64(0.1)
425.0104 	EXP 	cue_text: height = np.float64(0.1)
425.0104 	EXP 	cue_text: text = '→'
425.0104 	EXP 	fixation: autoDraw = True
425.1453 	EXP 	Device response: <KeyPress from None: t=424.9787400000059, value=left, duration=0.16337519999069627>
425.4952 	EXP 	fixation: autoDraw = False
425.4952 	EXP 	cue_text: autoDraw = True
425.7958 	EXP 	cue_text: autoDraw = False
426.0943 	INFO 	Keyboard events cleared
426.0940 	EXP 	target: autoDraw = True
426.4454 	EXP 	Device response: <KeyPress from None: t=426.43848440000147, value=right, duration=None>
426.4457 	EXP 	New trial (rep=23, index=5): <Trial 235 (5 in rep 23) data={'cue_arrow': '→', 'target_x': 0.5, 'condition': 'valid', 'corr_Ans': 'right', 'thisN': 235, 'thisTrialN': 5, 'thisRepN': 23}>
426.4469 	DATA 	Keypress: right
426.4625 	EXP 	fixation: autoDraw = False
426.4625 	EXP 	cue_text: autoDraw = False
426.4625 	EXP 	target: autoDraw = False
426.4625 	EXP 	cue_text: text = '→'
426.4625 	EXP 	fixation: autoDraw = True
426.6122 	EXP 	Device response: <KeyPress from None: t=426.43848440000147, value=right, duration=0.16389989999879617>
426.9458 	EXP 	fixation: autoDraw = False
426.9458 	EXP 	cue_text: autoDraw = True
427.2451 	EXP 	cue_text: autoDraw = False
427.5460 	INFO 	Keyboard events cleared
427.5458 	EXP 	target: autoDraw = True
428.1282 	EXP 	Device response: <KeyPress from None: t=428.1204319999961, value=right, duration=None>
428.1286 	EXP 	New trial (rep=23, index=6): <Trial 236 (6 in rep 23) data={'cue_arrow': '←', 'target_x': 0.5, 'condition': 'invalid', 'corr_Ans': 'right', 'thisN': 236, 'thisTrialN': 6, 'thisRepN': 23}>
428.1315 	DATA 	Keypress: right
428.1446 	EXP 	fixation: autoDraw = False
428.1446 	EXP 	cue_text: autoDraw = False
428.1446 	EXP 	target: autoDraw = False
428.1446 	EXP 	cue_text: height = np.float64(0.1)
428.1446 	EXP 	cue_text: height = np.float64(0.1)
428.1446 	EXP 	cue_text: height = np.float64(0.1)
428.1446 	EXP 	cue_text: text = '←'
428.1446 	EXP 	fixation: autoDraw = True
428.2626 	EXP 	Device response: <KeyPress from None: t=428.1204319999961, value=right, duration=0.1326184000063222>
428.6292 	EXP 	fixation: autoDraw = False
428.6292 	EXP 	cue_text: autoDraw = True
428.9291 	EXP 	cue_text: autoDraw = False
429.2284 	INFO 	Keyboard events cleared
429.2282 	EXP 	target: autoDraw = True
430.5789 	EXP 	Device response: <KeyPress from None: t=430.56475760000467, value=right, duration=None>
430.5792 	EXP 	New trial (rep=23, index=7): <Trial 237 (7 in rep 23) data={'cue_arrow': '→', 'target_x': 0.5, 'condition': 'valid', 'corr_Ans': 'right', 'thisN': 237, 'thisTrialN': 7, 'thisRepN': 23}>
430.5821 	DATA 	Keypress: right
430.5956 	EXP 	fixation: autoDraw = False
430.5956 	EXP 	cue_text: autoDraw = False
430.5956 	EXP 	target: autoDraw = False
430.5956 	EXP 	cue_text: height = np.float64(0.1)
430.5956 	EXP 	cue_text: height = np.float64(0.1)
430.5956 	EXP 	cue_text: height = np.float64(0.1)
430.5956 	EXP 	cue_text: text = '→'
430.5956 	EXP 	fixation: autoDraw = True
430.7780 	EXP 	Device response: <KeyPress from None: t=430.56475760000467, value=right, duration=0.2007199999934528>
431.0789 	EXP 	fixation: autoDraw = False
431.0789 	EXP 	cue_text: autoDraw = True
431.3957 	EXP 	cue_text: autoDraw = False
431.6798 	INFO 	Keyboard events cleared
431.6796 	EXP 	target: autoDraw = True
432.7621 	EXP 	Device response: <KeyPress from None: t=432.7512205999956, value=right, duration=None>
432.7625 	EXP 	New trial (rep=23, index=8): <Trial 238 (8 in rep 23) data={'cue_arrow': '→', 'target_x': -0.5, 'condition': 'invalid', 'corr_Ans': 'left', 'thisN': 238, 'thisTrialN': 8, 'thisRepN': 23}>
432.7637 	DATA 	Keypress: right
432.7787 	EXP 	fixation: autoDraw = False
432.7787 	EXP 	cue_text: autoDraw = False
432.7787 	EXP 	target: autoDraw = False
432.7787 	EXP 	cue_text: text = '→'
432.7787 	EXP 	fixation: autoDraw = True
432.8801 	EXP 	Device response: <KeyPress from None: t=432.7512205999956, value=right, duration=0.1235441000026185>
433.2630 	EXP 	fixation: autoDraw = False
433.2630 	EXP 	cue_text: autoDraw = True
433.5615 	EXP 	cue_text: autoDraw = False
433.8624 	INFO 	Keyboard events cleared
433.8622 	EXP 	target: autoDraw = True
435.1621 	EXP 	Device response: <KeyPress from None: t=435.15180469999905, value=left, duration=None>
435.1624 	EXP 	New trial (rep=23, index=9): <Trial 239 (9 in rep 23) data={'cue_arrow': '←', 'target_x': -0.5, 'condition': 'valid', 'corr_Ans': 'left', 'thisN': 239, 'thisTrialN': 9, 'thisRepN': 23}>
435.1657 	DATA 	Keypress: left
435.1775 	EXP 	fixation: autoDraw = False
435.1775 	EXP 	cue_text: autoDraw = False
435.1775 	EXP 	target: autoDraw = False
435.1775 	EXP 	cue_text: height = np.float64(0.1)
435.1775 	EXP 	cue_text: height = np.float64(0.1)
435.1775 	EXP 	cue_text: height = np.float64(0.1)
435.1775 	EXP 	cue_text: text = '←'
435.1775 	EXP 	fixation: autoDraw = True
435.2783 	EXP 	Device response: <KeyPress from None: t=435.15180469999905, value=left, duration=0.12341250000463333>
435.6623 	EXP 	fixation: autoDraw = False
435.6623 	EXP 	cue_text: autoDraw = True
435.9620 	EXP 	cue_text: autoDraw = False
436.2625 	INFO 	Keyboard events cleared
436.2623 	EXP 	target: autoDraw = True
437.3290 	EXP 	Device response: <KeyPress from None: t=437.3252586000017, value=left, duration=None>
437.3294 	EXP 	New trial (rep=24, index=0): <Trial 240 (0 in rep 24) data={'cue_arrow': '→', 'target_x': 0.5, 'condition': 'valid', 'corr_Ans': 'right', 'thisN': 240, 'thisTrialN': 0, 'thisRepN': 24}>
437.3326 	DATA 	Keypress: left
437.3442 	EXP 	fixation: autoDraw = False
437.3442 	EXP 	cue_text: autoDraw = False
437.3442 	EXP 	target: autoDraw = False
437.3442 	EXP 	cue_text: height = np.float64(0.1)
437.3442 	EXP 	cue_text: height = np.float64(0.1)
437.3442 	EXP 	cue_text: height = np.float64(0.1)
437.3442 	EXP 	cue_text: text = '→'
437.3442 	EXP 	fixation: autoDraw = True
437.4788 	EXP 	Device response: <KeyPress from None: t=437.3252586000017, value=left, duration=0.14417109999340028>
437.8292 	EXP 	fixation: autoDraw = False
437.8292 	EXP 	cue_text: autoDraw = True
438.1291 	EXP 	cue_text: autoDraw = False
438.4452 	INFO 	Keyboard events cleared
438.4450 	EXP 	target: autoDraw = True
438.7118 	EXP 	Device response: <KeyPress from None: t=438.70069189999776, value=right, duration=None>
438.7122 	EXP 	New trial (rep=24, index=1): <Trial 241 (1 in rep 24) data={'cue_arrow': '←', 'target_x': -0.5, 'condition': 'valid', 'corr_Ans': 'left', 'thisN': 241, 'thisTrialN': 1, 'thisRepN': 24}>
438.7154 	DATA 	Keypress: right
438.7277 	EXP 	fixation: autoDraw = False
438.7277 	EXP 	cue_text: autoDraw = False
438.7277 	EXP 	target: autoDraw = False
438.7277 	EXP 	cue_text: height = np.float64(0.1)
438.7277 	EXP 	cue_text: height = np.float64(0.1)
438.7277 	EXP 	cue_text: height = np.float64(0.1)
438.7277 	EXP 	cue_text: text = '←'
438.7277 	EXP 	fixation: autoDraw = True
438.8289 	EXP 	Device response: <KeyPress from None: t=438.70069189999776, value=right, duration=0.1224177999974927>
439.2126 	EXP 	fixation: autoDraw = False
439.2126 	EXP 	cue_text: autoDraw = True
439.5128 	EXP 	cue_text: autoDraw = False
439.8134 	INFO 	Keyboard events cleared
439.8132 	EXP 	target: autoDraw = True
440.2131 	EXP 	Device response: <KeyPress from None: t=440.21239040000364, value=left, duration=None>
440.2135 	EXP 	New trial (rep=24, index=2): <Trial 242 (2 in rep 24) data={'cue_arrow': '←', 'target_x': -0.5, 'condition': 'valid', 'corr_Ans': 'left', 'thisN': 242, 'thisTrialN': 2, 'thisRepN': 24}>
440.2150 	DATA 	Keypress: left
440.2284 	EXP 	fixation: autoDraw = False
440.2284 	EXP 	cue_text: autoDraw = False
440.2284 	EXP 	target: autoDraw = False
440.2284 	EXP 	cue_text: text = '←'
440.2284 	EXP 	fixation: autoDraw = True
440.3618 	EXP 	Device response: <KeyPress from None: t=440.21239040000364, value=left, duration=0.14095899999665562>
440.7123 	EXP 	fixation: autoDraw = False
440.7123 	EXP 	cue_text: autoDraw = True
441.0127 	EXP 	cue_text: autoDraw = False
441.3299 	INFO 	Keyboard events cleared
441.3297 	EXP 	target: autoDraw = True
441.6783 	EXP 	Device response: <KeyPress from None: t=441.6706201000052, value=left, duration=None>
441.6787 	EXP 	New trial (rep=24, index=3): <Trial 243 (3 in rep 24) data={'cue_arrow': '→', 'target_x': 0.5, 'condition': 'valid', 'corr_Ans': 'right', 'thisN': 243, 'thisTrialN': 3, 'thisRepN': 24}>
441.6834 	DATA 	Keypress: left
441.6957 	EXP 	fixation: autoDraw = False
441.6957 	EXP 	cue_text: autoDraw = False
441.6957 	EXP 	target: autoDraw = False
441.6957 	EXP 	cue_text: height = np.float64(0.1)
441.6957 	EXP 	cue_text: height = np.float64(0.1)
441.6957 	EXP 	cue_text: height = np.float64(0.1)
441.6957 	EXP 	cue_text: text = '→'
441.6957 	EXP 	fixation: autoDraw = True
441.7957 	EXP 	Device response: <KeyPress from None: t=441.6706201000052, value=left, duration=0.12219879998883698>
442.1784 	EXP 	fixation: autoDraw = False
442.1784 	EXP 	cue_text: autoDraw = True
442.4788 	EXP 	cue_text: autoDraw = False
442.7794 	INFO 	Keyboard events cleared
442.7792 	EXP 	target: autoDraw = True
443.1956 	EXP 	Device response: <KeyPress from None: t=443.1812055000046, value=right, duration=None>
443.1959 	EXP 	New trial (rep=24, index=4): <Trial 244 (4 in rep 24) data={'cue_arrow': '→', 'target_x': 0.5, 'condition': 'valid', 'corr_Ans': 'right', 'thisN': 244, 'thisTrialN': 4, 'thisRepN': 24}>
443.1971 	DATA 	Keypress: right
443.2124 	EXP 	fixation: autoDraw = False
443.2124 	EXP 	cue_text: autoDraw = False
443.2124 	EXP 	target: autoDraw = False
443.2124 	EXP 	cue_text: text = '→'
443.2124 	EXP 	fixation: autoDraw = True
443.2956 	EXP 	Device response: <KeyPress from None: t=443.1812055000046, value=right, duration=0.09880469999916386>
443.6953 	EXP 	fixation: autoDraw = False
443.6953 	EXP 	cue_text: autoDraw = True
443.9951 	EXP 	cue_text: autoDraw = False
444.3131 	INFO 	Keyboard events cleared
444.3129 	EXP 	target: autoDraw = True
444.6294 	EXP 	Device response: <KeyPress from None: t=444.6190392999997, value=right, duration=None>
444.6297 	EXP 	New trial (rep=24, index=5): <Trial 245 (5 in rep 24) data={'cue_arrow': '→', 'target_x': -0.5, 'condition': 'invalid', 'corr_Ans': 'left', 'thisN': 245, 'thisTrialN': 5, 'thisRepN': 24}>
444.6317 	DATA 	Keypress: right
444.6448 	EXP 	fixation: autoDraw = False
444.6448 	EXP 	cue_text: autoDraw = False
444.6448 	EXP 	target: autoDraw = False
444.6448 	EXP 	cue_text: text = '→'
444.6448 	EXP 	fixation: autoDraw = True
444.7617 	EXP 	Device response: <KeyPress from None: t=444.6190392999997, value=right, duration=0.12848840000515338>
445.1270 	EXP 	fixation: autoDraw = False
445.1270 	EXP 	cue_text: autoDraw = True
445.4289 	EXP 	cue_text: autoDraw = False
445.7298 	INFO 	Keyboard events cleared
445.7296 	EXP 	target: autoDraw = True
447.1128 	EXP 	Device response: <KeyPress from None: t=447.1085407000064, value=left, duration=None>
447.1132 	EXP 	New trial (rep=24, index=6): <Trial 246 (6 in rep 24) data={'cue_arrow': '←', 'target_x': -0.5, 'condition': 'valid', 'corr_Ans': 'left', 'thisN': 246, 'thisTrialN': 6, 'thisRepN': 24}>
447.1163 	DATA 	Keypress: left
447.1286 	EXP 	fixation: autoDraw = False
447.1286 	EXP 	cue_text: autoDraw = False
447.1286 	EXP 	target: autoDraw = False
447.1286 	EXP 	cue_text: height = np.float64(0.1)
447.1286 	EXP 	cue_text: height = np.float64(0.1)
447.1286 	EXP 	cue_text: height = np.float64(0.1)
447.1286 	EXP 	cue_text: text = '←'
447.1286 	EXP 	fixation: autoDraw = True
447.2626 	EXP 	Device response: <KeyPress from None: t=447.1085407000064, value=left, duration=0.1387986999907298>
447.6121 	EXP 	fixation: autoDraw = False
447.6121 	EXP 	cue_text: autoDraw = True
447.9286 	EXP 	cue_text: autoDraw = False
448.2294 	INFO 	Keyboard events cleared
448.2292 	EXP 	target: autoDraw = True
448.8475 	DATA 	Keypress: left
448.8619 	EXP 	Device response: <KeyPress from None: t=448.8469699999987, value=left, duration=None>
448.8624 	EXP 	New trial (rep=24, index=7): <Trial 247 (7 in rep 24) data={'cue_arrow': '←', 'target_x': 0.5, 'condition': 'invalid', 'corr_Ans': 'right', 'thisN': 247, 'thisTrialN': 7, 'thisRepN': 24}>
448.8786 	EXP 	fixation: autoDraw = False
448.8786 	EXP 	cue_text: autoDraw = False
448.8786 	EXP 	target: autoDraw = False
448.8786 	EXP 	cue_text: text = '←'
448.8786 	EXP 	fixation: autoDraw = True
448.9949 	EXP 	Device response: <KeyPress from None: t=448.8469699999987, value=left, duration=0.1398300000000745>
449.3620 	EXP 	fixation: autoDraw = False
449.3620 	EXP 	cue_text: autoDraw = True
449.6627 	EXP 	cue_text: autoDraw = False
449.9632 	INFO 	Keyboard events cleared
449.9630 	EXP 	target: autoDraw = True
451.4307 	DATA 	Keypress: right
451.4454 	EXP 	Device response: <KeyPress from None: t=451.429149699994, value=right, duration=None>
451.4458 	EXP 	New trial (rep=24, index=8): <Trial 248 (8 in rep 24) data={'cue_arrow': '←', 'target_x': -0.5, 'condition': 'valid', 'corr_Ans': 'left', 'thisN': 248, 'thisTrialN': 8, 'thisRepN': 24}>
451.4624 	EXP 	fixation: autoDraw = False
451.4624 	EXP 	cue_text: autoDraw = False
451.4624 	EXP 	target: autoDraw = False
451.4624 	EXP 	cue_text: text = '←'
451.4624 	EXP 	fixation: autoDraw = True
451.5786 	EXP 	Device response: <KeyPress from None: t=451.429149699994, value=right, duration=0.14399160000903066>
451.9460 	EXP 	fixation: autoDraw = False
451.9460 	EXP 	cue_text: autoDraw = True
452.2453 	EXP 	cue_text: autoDraw = False
452.5460 	INFO 	Keyboard events cleared
452.5458 	EXP 	target: autoDraw = True
452.8797 	EXP 	Device response: <KeyPress from None: t=452.8688531999942, value=left, duration=None>
452.8802 	EXP 	New trial (rep=24, index=9): <Trial 249 (9 in rep 24) data={'cue_arrow': '→', 'target_x': 0.5, 'condition': 'valid', 'corr_Ans': 'right', 'thisN': 249, 'thisTrialN': 9, 'thisRepN': 24}>
452.8835 	DATA 	Keypress: left
452.8946 	EXP 	fixation: autoDraw = False
452.8946 	EXP 	cue_text: autoDraw = False
452.8946 	EXP 	target: autoDraw = False
452.8946 	EXP 	cue_text: height = np.float64(0.1)
452.8946 	EXP 	cue_text: height = np.float64(0.1)
452.8946 	EXP 	cue_text: height = np.float64(0.1)
452.8946 	EXP 	cue_text: text = '→'
452.8946 	EXP 	fixation: autoDraw = True
452.9789 	EXP 	Device response: <KeyPress from None: t=452.8688531999942, value=left, duration=0.1008328000025358>
453.3796 	EXP 	fixation: autoDraw = False
453.3796 	EXP 	cue_text: autoDraw = True
453.6796 	EXP 	cue_text: autoDraw = False
453.9793 	INFO 	Keyboard events cleared
453.9791 	EXP 	target: autoDraw = True
454.4291 	EXP 	Device response: <KeyPress from None: t=454.4285203000036, value=right, duration=None>
454.4294 	EXP 	New trial (rep=25, index=0): <Trial 250 (0 in rep 25) data={'cue_arrow': '→', 'target_x': 0.5, 'condition': 'valid', 'corr_Ans': 'right', 'thisN': 250, 'thisTrialN': 0, 'thisRepN': 25}>
454.4305 	DATA 	Keypress: right
454.4448 	EXP 	fixation: autoDraw = False
454.4448 	EXP 	cue_text: autoDraw = False
454.4448 	EXP 	target: autoDraw = False
454.4448 	EXP 	cue_text: text = '→'
454.4448 	EXP 	fixation: autoDraw = True
454.5795 	EXP 	Device response: <KeyPress from None: t=454.4285203000036, value=right, duration=0.1357065999909537>
454.9296 	EXP 	fixation: autoDraw = False
454.9296 	EXP 	cue_text: autoDraw = True
455.2298 	EXP 	cue_text: autoDraw = False
455.5295 	INFO 	Keyboard events cleared
455.5293 	EXP 	target: autoDraw = True
456.0132 	EXP 	Device response: <KeyPress from None: t=456.0095864000032, value=right, duration=None>
456.0136 	EXP 	New trial (rep=25, index=1): <Trial 251 (1 in rep 25) data={'cue_arrow': '←', 'target_x': -0.5, 'condition': 'valid', 'corr_Ans': 'left', 'thisN': 251, 'thisTrialN': 1, 'thisRepN': 25}>
456.0168 	DATA 	Keypress: right
456.0275 	EXP 	fixation: autoDraw = False
456.0275 	EXP 	cue_text: autoDraw = False
456.0275 	EXP 	target: autoDraw = False
456.0275 	EXP 	cue_text: height = np.float64(0.1)
456.0275 	EXP 	cue_text: height = np.float64(0.1)
456.0275 	EXP 	cue_text: height = np.float64(0.1)
456.0275 	EXP 	cue_text: text = '←'
456.0275 	EXP 	fixation: autoDraw = True
456.1957 	EXP 	Device response: <KeyPress from None: t=456.0095864000032, value=right, duration=0.1829901000019163>
456.5118 	EXP 	fixation: autoDraw = False
456.5118 	EXP 	cue_text: autoDraw = True
456.8126 	EXP 	cue_text: autoDraw = False
457.1132 	INFO 	Keyboard events cleared
457.1130 	EXP 	target: autoDraw = True
457.4794 	EXP 	Device response: <KeyPress from None: t=457.4763088000036, value=left, duration=None>
457.4798 	EXP 	New trial (rep=25, index=2): <Trial 252 (2 in rep 25) data={'cue_arrow': '→', 'target_x': -0.5, 'condition': 'invalid', 'corr_Ans': 'left', 'thisN': 252, 'thisTrialN': 2, 'thisRepN': 25}>
457.4830 	DATA 	Keypress: left
457.4948 	EXP 	fixation: autoDraw = False
457.4948 	EXP 	cue_text: autoDraw = False
457.4948 	EXP 	target: autoDraw = False
457.4948 	EXP 	cue_text: height = np.float64(0.1)
457.4948 	EXP 	cue_text: height = np.float64(0.1)
457.4948 	EXP 	cue_text: height = np.float64(0.1)
457.4948 	EXP 	cue_text: text = '→'
457.4948 	EXP 	fixation: autoDraw = True
457.6461 	EXP 	Device response: <KeyPress from None: t=457.4763088000036, value=left, duration=0.16823319999093655>
457.9796 	EXP 	fixation: autoDraw = False
457.9796 	EXP 	cue_text: autoDraw = True
458.2801 	EXP 	cue_text: autoDraw = False
458.5795 	INFO 	Keyboard events cleared
458.5793 	EXP 	target: autoDraw = True
459.8456 	EXP 	Device response: <KeyPress from None: t=459.8340831999958, value=left, duration=None>
459.8459 	EXP 	New trial (rep=25, index=3): <Trial 253 (3 in rep 25) data={'cue_arrow': '→', 'target_x': 0.5, 'condition': 'valid', 'corr_Ans': 'right', 'thisN': 253, 'thisTrialN': 3, 'thisRepN': 25}>
459.8471 	DATA 	Keypress: left
459.8613 	EXP 	fixation: autoDraw = False
459.8613 	EXP 	cue_text: autoDraw = False
459.8613 	EXP 	target: autoDraw = False
459.8613 	EXP 	cue_text: text = '→'
459.8613 	EXP 	fixation: autoDraw = True
459.9787 	EXP 	Device response: <KeyPress from None: t=459.8340831999958, value=left, duration=0.13170779999927618>
460.3462 	EXP 	fixation: autoDraw = False
460.3462 	EXP 	cue_text: autoDraw = True
460.6463 	EXP 	cue_text: autoDraw = False
460.9467 	INFO 	Keyboard events cleared
460.9464 	EXP 	target: autoDraw = True
461.2460 	EXP 	Device response: <KeyPress from None: t=461.23225820000516, value=right, duration=None>
461.2467 	EXP 	New trial (rep=25, index=4): <Trial 254 (4 in rep 25) data={'cue_arrow': '←', 'target_x': -0.5, 'condition': 'valid', 'corr_Ans': 'left', 'thisN': 254, 'thisTrialN': 4, 'thisRepN': 25}>
461.2508 	DATA 	Keypress: right
461.2618 	EXP 	fixation: autoDraw = False
461.2618 	EXP 	cue_text: autoDraw = False
461.2618 	EXP 	target: autoDraw = False
461.2618 	EXP 	cue_text: height = np.float64(0.1)
461.2618 	EXP 	cue_text: height = np.float64(0.1)
461.2618 	EXP 	cue_text: height = np.float64(0.1)
461.2618 	EXP 	cue_text: text = '←'
461.2618 	EXP 	fixation: autoDraw = True
461.3636 	EXP 	Device response: <KeyPress from None: t=461.23225820000516, value=right, duration=0.11960089999774937>
461.7464 	EXP 	fixation: autoDraw = False
461.7464 	EXP 	cue_text: autoDraw = True
462.0459 	EXP 	cue_text: autoDraw = False
462.3457 	INFO 	Keyboard events cleared
462.3455 	EXP 	target: autoDraw = True
462.6469 	EXP 	Device response: <KeyPress from None: t=462.63094109999656, value=left, duration=None>
462.6474 	EXP 	New trial (rep=25, index=5): <Trial 255 (5 in rep 25) data={'cue_arrow': '←', 'target_x': -0.5, 'condition': 'valid', 'corr_Ans': 'left', 'thisN': 255, 'thisTrialN': 5, 'thisRepN': 25}>
462.6486 	DATA 	Keypress: left
462.6625 	EXP 	fixation: autoDraw = False
462.6625 	EXP 	cue_text: autoDraw = False
462.6625 	EXP 	target: autoDraw = False
462.6625 	EXP 	cue_text: text = '←'
462.6625 	EXP 	fixation: autoDraw = True
462.7968 	EXP 	Device response: <KeyPress from None: t=462.63094109999656, value=left, duration=0.15991159999975935>
463.1465 	EXP 	fixation: autoDraw = False
463.1465 	EXP 	cue_text: autoDraw = True
463.4631 	EXP 	cue_text: autoDraw = False
463.7464 	INFO 	Keyboard events cleared
463.7462 	EXP 	target: autoDraw = True
464.1463 	EXP 	Device response: <KeyPress from None: t=464.1358828999946, value=left, duration=None>
464.1467 	EXP 	New trial (rep=25, index=6): <Trial 256 (6 in rep 25) data={'cue_arrow': '←', 'target_x': 0.5, 'condition': 'invalid', 'corr_Ans': 'right', 'thisN': 256, 'thisTrialN': 6, 'thisRepN': 25}>
464.1479 	DATA 	Keypress: left
464.1630 	EXP 	fixation: autoDraw = False
464.1630 	EXP 	cue_text: autoDraw = False
464.1630 	EXP 	target: autoDraw = False
464.1630 	EXP 	cue_text: text = '←'
464.1630 	EXP 	fixation: autoDraw = True
464.2804 	EXP 	Device response: <KeyPress from None: t=464.1358828999946, value=left, duration=0.1411219000001438>
464.6459 	EXP 	fixation: autoDraw = False
464.6459 	EXP 	cue_text: autoDraw = True
464.9458 	EXP 	cue_text: autoDraw = False
465.2464 	INFO 	Keyboard events cleared
465.2461 	EXP 	target: autoDraw = True
466.2629 	EXP 	Device response: <KeyPress from None: t=466.2500175000023, value=right, duration=None>
466.2632 	EXP 	New trial (rep=25, index=7): <Trial 257 (7 in rep 25) data={'cue_arrow': '→', 'target_x': 0.5, 'condition': 'valid', 'corr_Ans': 'right', 'thisN': 257, 'thisTrialN': 7, 'thisRepN': 25}>
466.2663 	DATA 	Keypress: right
466.2801 	EXP 	fixation: autoDraw = False
466.2801 	EXP 	cue_text: autoDraw = False
466.2801 	EXP 	target: autoDraw = False
466.2801 	EXP 	cue_text: height = np.float64(0.1)
466.2801 	EXP 	cue_text: height = np.float64(0.1)
466.2801 	EXP 	cue_text: height = np.float64(0.1)
466.2801 	EXP 	cue_text: text = '→'
466.2801 	EXP 	fixation: autoDraw = True
466.3793 	EXP 	Device response: <KeyPress from None: t=466.2500175000023, value=right, duration=0.12727189999714028>
466.7629 	EXP 	fixation: autoDraw = False
466.7629 	EXP 	cue_text: autoDraw = True
467.0629 	EXP 	cue_text: autoDraw = False
467.3634 	INFO 	Keyboard events cleared
467.3632 	EXP 	target: autoDraw = True
467.7622 	EXP 	Device response: <KeyPress from None: t=467.7535996999941, value=right, duration=None>
467.7625 	EXP 	New trial (rep=25, index=8): <Trial 258 (8 in rep 25) data={'cue_arrow': '→', 'target_x': 0.5, 'condition': 'valid', 'corr_Ans': 'right', 'thisN': 258, 'thisTrialN': 8, 'thisRepN': 25}>
467.7636 	DATA 	Keypress: right
467.7798 	EXP 	fixation: autoDraw = False
467.7798 	EXP 	cue_text: autoDraw = False
467.7798 	EXP 	target: autoDraw = False
467.7798 	EXP 	cue_text: text = '→'
467.7798 	EXP 	fixation: autoDraw = True
467.8958 	EXP 	Device response: <KeyPress from None: t=467.7535996999941, value=right, duration=0.1398100000078557>
468.2622 	EXP 	fixation: autoDraw = False
468.2622 	EXP 	cue_text: autoDraw = True
468.5631 	EXP 	cue_text: autoDraw = False
468.8634 	INFO 	Keyboard events cleared
468.8632 	EXP 	target: autoDraw = True
469.2294 	EXP 	Device response: <KeyPress from None: t=469.21588869999687, value=right, duration=None>
469.2297 	EXP 	New trial (rep=25, index=9): <Trial 259 (9 in rep 25) data={'cue_arrow': '←', 'target_x': -0.5, 'condition': 'valid', 'corr_Ans': 'left', 'thisN': 259, 'thisTrialN': 9, 'thisRepN': 25}>
469.2327 	DATA 	Keypress: right
469.2461 	EXP 	fixation: autoDraw = False
469.2461 	EXP 	cue_text: autoDraw = False
469.2461 	EXP 	target: autoDraw = False
469.2461 	EXP 	cue_text: height = np.float64(0.1)
469.2461 	EXP 	cue_text: height = np.float64(0.1)
469.2461 	EXP 	cue_text: height = np.float64(0.1)
469.2461 	EXP 	cue_text: text = '←'
469.2461 	EXP 	fixation: autoDraw = True
469.3802 	EXP 	Device response: <KeyPress from None: t=469.21588869999687, value=right, duration=0.146163900004467>
469.7299 	EXP 	fixation: autoDraw = False
469.7299 	EXP 	cue_text: autoDraw = True
470.0293 	EXP 	cue_text: autoDraw = False
470.3302 	INFO 	Keyboard events cleared
470.3300 	EXP 	target: autoDraw = True
470.6804 	DATA 	Keypress: left
470.6957 	EXP 	Device response: <KeyPress from None: t=470.67919450000045, value=left, duration=None>
470.6960 	EXP 	New trial (rep=26, index=0): <Trial 260 (0 in rep 26) data={'cue_arrow': '→', 'target_x': -0.5, 'condition': 'invalid', 'corr_Ans': 'left', 'thisN': 260, 'thisTrialN': 0, 'thisRepN': 26}>
470.7127 	EXP 	fixation: autoDraw = False
470.7127 	EXP 	cue_text: autoDraw = False
470.7127 	EXP 	target: autoDraw = False
470.7127 	EXP 	cue_text: height = np.float64(0.1)
470.7127 	EXP 	cue_text: height = np.float64(0.1)
470.7127 	EXP 	cue_text: height = np.float64(0.1)
470.7127 	EXP 	cue_text: text = '→'
470.7127 	EXP 	fixation: autoDraw = True
470.8635 	EXP 	Device response: <KeyPress from None: t=470.67919450000045, value=left, duration=0.1732384000060847>
471.1963 	EXP 	fixation: autoDraw = False
471.1963 	EXP 	cue_text: autoDraw = True
471.4963 	EXP 	cue_text: autoDraw = False
471.7964 	INFO 	Keyboard events cleared
471.7961 	EXP 	target: autoDraw = True
472.9295 	EXP 	Device response: <KeyPress from None: t=472.91899049999483, value=left, duration=None>
472.9298 	EXP 	New trial (rep=26, index=1): <Trial 261 (1 in rep 26) data={'cue_arrow': '←', 'target_x': -0.5, 'condition': 'valid', 'corr_Ans': 'left', 'thisN': 261, 'thisTrialN': 1, 'thisRepN': 26}>
472.9327 	DATA 	Keypress: left
472.9465 	EXP 	fixation: autoDraw = False
472.9465 	EXP 	cue_text: autoDraw = False
472.9465 	EXP 	target: autoDraw = False
472.9465 	EXP 	cue_text: height = np.float64(0.1)
472.9465 	EXP 	cue_text: height = np.float64(0.1)
472.9465 	EXP 	cue_text: height = np.float64(0.1)
472.9465 	EXP 	cue_text: text = '←'
472.9465 	EXP 	fixation: autoDraw = True
473.0471 	EXP 	Device response: <KeyPress from None: t=472.91899049999483, value=left, duration=0.11950410000281408>
473.4295 	EXP 	fixation: autoDraw = False
473.4295 	EXP 	cue_text: autoDraw = True
473.7449 	EXP 	cue_text: autoDraw = False
474.0303 	INFO 	Keyboard events cleared
474.0301 	EXP 	target: autoDraw = True
474.3148 	DATA 	Keypress: left
474.3294 	EXP 	Device response: <KeyPress from None: t=474.3136477999942, value=left, duration=None>
474.3297 	EXP 	New trial (rep=26, index=2): <Trial 262 (2 in rep 26) data={'cue_arrow': '←', 'target_x': 0.5, 'condition': 'invalid', 'corr_Ans': 'right', 'thisN': 262, 'thisTrialN': 2, 'thisRepN': 26}>
474.3464 	EXP 	fixation: autoDraw = False
474.3464 	EXP 	cue_text: autoDraw = False
474.3464 	EXP 	target: autoDraw = False
474.3464 	EXP 	cue_text: text = '←'
474.3464 	EXP 	fixation: autoDraw = True
474.4807 	EXP 	Device response: <KeyPress from None: t=474.3136477999942, value=left, duration=0.1574731000000611>
474.8457 	EXP 	fixation: autoDraw = False
474.8457 	EXP 	cue_text: autoDraw = True
475.1299 	EXP 	cue_text: autoDraw = False
475.4302 	INFO 	Keyboard events cleared
475.4300 	EXP 	target: autoDraw = True
476.6144 	DATA 	Keypress: right
476.6290 	EXP 	Device response: <KeyPress from None: t=476.61357020000287, value=right, duration=None>
476.6294 	EXP 	New trial (rep=26, index=3): <Trial 263 (3 in rep 26) data={'cue_arrow': '←', 'target_x': -0.5, 'condition': 'valid', 'corr_Ans': 'left', 'thisN': 263, 'thisTrialN': 3, 'thisRepN': 26}>
476.6460 	EXP 	fixation: autoDraw = False
476.6460 	EXP 	cue_text: autoDraw = False
476.6460 	EXP 	target: autoDraw = False
476.6460 	EXP 	cue_text: text = '←'
476.6460 	EXP 	fixation: autoDraw = True
476.7637 	EXP 	Device response: <KeyPress from None: t=476.61357020000287, value=right, duration=0.144754599998123>
477.1301 	EXP 	fixation: autoDraw = False
477.1301 	EXP 	cue_text: autoDraw = True
477.4303 	EXP 	cue_text: autoDraw = False
477.7305 	INFO 	Keyboard events cleared
477.7303 	EXP 	target: autoDraw = True
478.0473 	EXP 	Device response: <KeyPress from None: t=478.0433392999985, value=left, duration=None>
478.0476 	EXP 	New trial (rep=26, index=4): <Trial 264 (4 in rep 26) data={'cue_arrow': '←', 'target_x': -0.5, 'condition': 'valid', 'corr_Ans': 'left', 'thisN': 264, 'thisTrialN': 4, 'thisRepN': 26}>
478.0489 	DATA 	Keypress: left
478.0619 	EXP 	fixation: autoDraw = False
478.0619 	EXP 	cue_text: autoDraw = False
478.0619 	EXP 	target: autoDraw = False
478.0619 	EXP 	cue_text: text = '←'
478.0619 	EXP 	fixation: autoDraw = True
478.1796 	EXP 	Device response: <KeyPress from None: t=478.0433392999985, value=left, duration=0.1301404999976512>
478.5629 	EXP 	fixation: autoDraw = False
478.5629 	EXP 	cue_text: autoDraw = True
478.8461 	EXP 	cue_text: autoDraw = False
479.1635 	INFO 	Keyboard events cleared
479.1633 	EXP 	target: autoDraw = True
479.4464 	EXP 	Device response: <KeyPress from None: t=479.442177799996, value=left, duration=None>
479.4467 	EXP 	New trial (rep=26, index=5): <Trial 265 (5 in rep 26) data={'cue_arrow': '→', 'target_x': 0.5, 'condition': 'valid', 'corr_Ans': 'right', 'thisN': 265, 'thisTrialN': 5, 'thisRepN': 26}>
479.4498 	DATA 	Keypress: left
479.4618 	EXP 	fixation: autoDraw = False
479.4618 	EXP 	cue_text: autoDraw = False
479.4618 	EXP 	target: autoDraw = False
479.4618 	EXP 	cue_text: height = np.float64(0.1)
479.4618 	EXP 	cue_text: height = np.float64(0.1)
479.4618 	EXP 	cue_text: height = np.float64(0.1)
479.4618 	EXP 	cue_text: text = '→'
479.4618 	EXP 	fixation: autoDraw = True
479.5973 	EXP 	Device response: <KeyPress from None: t=479.442177799996, value=left, duration=0.13929469999857247>
479.9467 	EXP 	fixation: autoDraw = False
479.9467 	EXP 	cue_text: autoDraw = True
480.2465 	EXP 	cue_text: autoDraw = False
480.5455 	INFO 	Keyboard events cleared
480.5453 	EXP 	target: autoDraw = True
480.9641 	DATA 	Keypress: right
480.9797 	EXP 	Device response: <KeyPress from None: t=480.9633593000035, value=right, duration=None>
480.9800 	EXP 	New trial (rep=26, index=6): <Trial 266 (6 in rep 26) data={'cue_arrow': '→', 'target_x': 0.5, 'condition': 'valid', 'corr_Ans': 'right', 'thisN': 266, 'thisTrialN': 6, 'thisRepN': 26}>
480.9957 	EXP 	fixation: autoDraw = False
480.9957 	EXP 	cue_text: autoDraw = False
480.9957 	EXP 	target: autoDraw = False
480.9957 	EXP 	cue_text: text = '→'
480.9957 	EXP 	fixation: autoDraw = True
481.0971 	EXP 	Device response: <KeyPress from None: t=480.9633593000035, value=right, duration=0.11916829999245238>
481.4805 	EXP 	fixation: autoDraw = False
481.4805 	EXP 	cue_text: autoDraw = True
481.7801 	EXP 	cue_text: autoDraw = False
482.0788 	INFO 	Keyboard events cleared
482.0786 	EXP 	target: autoDraw = True
482.4296 	EXP 	Device response: <KeyPress from None: t=482.41630680000526, value=right, duration=None>
482.4299 	EXP 	New trial (rep=26, index=7): <Trial 267 (7 in rep 26) data={'cue_arrow': '←', 'target_x': -0.5, 'condition': 'valid', 'corr_Ans': 'left', 'thisN': 267, 'thisTrialN': 7, 'thisRepN': 26}>
482.4328 	DATA 	Keypress: right
482.4464 	EXP 	fixation: autoDraw = False
482.4464 	EXP 	cue_text: autoDraw = False
482.4464 	EXP 	target: autoDraw = False
482.4464 	EXP 	cue_text: height = np.float64(0.1)
482.4464 	EXP 	cue_text: height = np.float64(0.1)
482.4464 	EXP 	cue_text: height = np.float64(0.1)
482.4464 	EXP 	cue_text: text = '←'
482.4464 	EXP 	fixation: autoDraw = True
482.5695 	EXP 	Device response: <KeyPress from None: t=482.41630680000526, value=right, duration=0.13147819999721833>
482.9300 	EXP 	fixation: autoDraw = False
482.9300 	EXP 	cue_text: autoDraw = True
483.2301 	EXP 	cue_text: autoDraw = False
483.5305 	INFO 	Keyboard events cleared
483.5303 	EXP 	target: autoDraw = True
483.9646 	DATA 	Keypress: left
483.9796 	EXP 	Device response: <KeyPress from None: t=483.9633976000041, value=left, duration=None>
483.9800 	EXP 	New trial (rep=26, index=8): <Trial 268 (8 in rep 26) data={'cue_arrow': '→', 'target_x': 0.5, 'condition': 'valid', 'corr_Ans': 'right', 'thisN': 268, 'thisTrialN': 8, 'thisRepN': 26}>
483.9968 	EXP 	fixation: autoDraw = False
483.9968 	EXP 	cue_text: autoDraw = False
483.9968 	EXP 	target: autoDraw = False
483.9968 	EXP 	cue_text: height = np.float64(0.1)
483.9968 	EXP 	cue_text: height = np.float64(0.1)
483.9968 	EXP 	cue_text: height = np.float64(0.1)
483.9968 	EXP 	cue_text: text = '→'
483.9968 	EXP 	fixation: autoDraw = True
484.1301 	EXP 	Device response: <KeyPress from None: t=483.9633976000041, value=left, duration=0.14972760000091512>
484.4791 	EXP 	fixation: autoDraw = False
484.4791 	EXP 	cue_text: autoDraw = True
484.7798 	EXP 	cue_text: autoDraw = False
485.0797 	INFO 	Keyboard events cleared
485.0795 	EXP 	target: autoDraw = True
485.4295 	EXP 	Device response: <KeyPress from None: t=485.41569999999774, value=right, duration=None>
485.4298 	EXP 	New trial (rep=26, index=9): <Trial 269 (9 in rep 26) data={'cue_arrow': '→', 'target_x': 0.5, 'condition': 'valid', 'corr_Ans': 'right', 'thisN': 269, 'thisTrialN': 9, 'thisRepN': 26}>
485.4310 	DATA 	Keypress: right
485.4465 	EXP 	fixation: autoDraw = False
485.4465 	EXP 	cue_text: autoDraw = False
485.4465 	EXP 	target: autoDraw = False
485.4465 	EXP 	cue_text: text = '→'
485.4465 	EXP 	fixation: autoDraw = True
485.5632 	EXP 	Device response: <KeyPress from None: t=485.41569999999774, value=right, duration=0.14568539999891073>
485.9300 	EXP 	fixation: autoDraw = False
485.9300 	EXP 	cue_text: autoDraw = True
486.2302 	EXP 	cue_text: autoDraw = False
486.5301 	INFO 	Keyboard events cleared
486.5299 	EXP 	target: autoDraw = True
487.6954 	EXP 	Device response: <KeyPress from None: t=487.6907479000074, value=right, duration=None>
487.6958 	EXP 	New trial (rep=27, index=0): <Trial 270 (0 in rep 27) data={'cue_arrow': '→', 'target_x': 0.5, 'condition': 'valid', 'corr_Ans': 'right', 'thisN': 270, 'thisTrialN': 0, 'thisRepN': 27}>
487.6973 	DATA 	Keypress: right
487.7120 	EXP 	fixation: autoDraw = False
487.7120 	EXP 	cue_text: autoDraw = False
487.7120 	EXP 	target: autoDraw = False
487.7120 	EXP 	cue_text: text = '→'
487.7120 	EXP 	fixation: autoDraw = True
487.8132 	EXP 	Device response: <KeyPress from None: t=487.6907479000074, value=right, duration=0.105784199986374>
488.1972 	EXP 	fixation: autoDraw = False
488.1972 	EXP 	cue_text: autoDraw = True
488.4966 	EXP 	cue_text: autoDraw = False
488.7970 	INFO 	Keyboard events cleared
488.7968 	EXP 	target: autoDraw = True
489.1634 	EXP 	Device response: <KeyPress from None: t=489.1557157000061, value=right, duration=None>
489.1637 	EXP 	New trial (rep=27, index=1): <Trial 271 (1 in rep 27) data={'cue_arrow': '→', 'target_x': 0.5, 'condition': 'valid', 'corr_Ans': 'right', 'thisN': 271, 'thisTrialN': 1, 'thisRepN': 27}>
489.1648 	DATA 	Keypress: right
489.1802 	EXP 	fixation: autoDraw = False
489.1802 	EXP 	cue_text: autoDraw = False
489.1802 	EXP 	target: autoDraw = False
489.1802 	EXP 	cue_text: text = '→'
489.1802 	EXP 	fixation: autoDraw = True
489.3132 	EXP 	Device response: <KeyPress from None: t=489.1557157000061, value=right, duration=0.15297070000087842>
489.6640 	EXP 	fixation: autoDraw = False
489.6640 	EXP 	cue_text: autoDraw = True
489.9636 	EXP 	cue_text: autoDraw = False
490.2635 	INFO 	Keyboard events cleared
490.2633 	EXP 	target: autoDraw = True
490.6961 	EXP 	Device response: <KeyPress from None: t=490.69474869999976, value=right, duration=None>
490.6965 	EXP 	New trial (rep=27, index=2): <Trial 272 (2 in rep 27) data={'cue_arrow': '→', 'target_x': 0.5, 'condition': 'valid', 'corr_Ans': 'right', 'thisN': 272, 'thisTrialN': 2, 'thisRepN': 27}>
490.6977 	DATA 	Keypress: right
490.7125 	EXP 	fixation: autoDraw = False
490.7125 	EXP 	cue_text: autoDraw = False
490.7125 	EXP 	target: autoDraw = False
490.7125 	EXP 	cue_text: text = '→'
490.7125 	EXP 	fixation: autoDraw = True
490.8790 	EXP 	Device response: <KeyPress from None: t=490.69474869999976, value=right, duration=0.1722256000066409>
491.1968 	EXP 	fixation: autoDraw = False
491.1968 	EXP 	cue_text: autoDraw = True
491.4966 	EXP 	cue_text: autoDraw = False
491.7971 	INFO 	Keyboard events cleared
491.7969 	EXP 	target: autoDraw = True
492.1309 	EXP 	Device response: <KeyPress from None: t=492.11479770000733, value=right, duration=None>
492.1314 	EXP 	New trial (rep=27, index=3): <Trial 273 (3 in rep 27) data={'cue_arrow': '←', 'target_x': -0.5, 'condition': 'valid', 'corr_Ans': 'left', 'thisN': 273, 'thisTrialN': 3, 'thisRepN': 27}>
492.1347 	DATA 	Keypress: right
492.1460 	EXP 	fixation: autoDraw = False
492.1460 	EXP 	cue_text: autoDraw = False
492.1460 	EXP 	target: autoDraw = False
492.1460 	EXP 	cue_text: height = np.float64(0.1)
492.1460 	EXP 	cue_text: height = np.float64(0.1)
492.1460 	EXP 	cue_text: height = np.float64(0.1)
492.1460 	EXP 	cue_text: text = '←'
492.1460 	EXP 	fixation: autoDraw = True
492.2975 	EXP 	Device response: <KeyPress from None: t=492.11479770000733, value=right, duration=0.17537959999754094>
492.6466 	EXP 	fixation: autoDraw = False
492.6466 	EXP 	cue_text: autoDraw = True
492.9304 	EXP 	cue_text: autoDraw = False
493.2305 	INFO 	Keyboard events cleared
493.2302 	EXP 	target: autoDraw = True
493.9980 	EXP 	Device response: <KeyPress from None: t=493.9885835000023, value=left, duration=None>
493.9984 	EXP 	New trial (rep=27, index=4): <Trial 274 (4 in rep 27) data={'cue_arrow': '→', 'target_x': -0.5, 'condition': 'invalid', 'corr_Ans': 'left', 'thisN': 274, 'thisTrialN': 4, 'thisRepN': 27}>
494.0016 	DATA 	Keypress: left
494.0115 	EXP 	fixation: autoDraw = False
494.0115 	EXP 	cue_text: autoDraw = False
494.0115 	EXP 	target: autoDraw = False
494.0115 	EXP 	cue_text: height = np.float64(0.1)
494.0115 	EXP 	cue_text: height = np.float64(0.1)
494.0115 	EXP 	cue_text: height = np.float64(0.1)
494.0115 	EXP 	cue_text: text = '→'
494.0115 	EXP 	fixation: autoDraw = True
494.1298 	EXP 	Device response: <KeyPress from None: t=493.9885835000023, value=left, duration=0.1319523999991361>
494.5123 	EXP 	fixation: autoDraw = False
494.5123 	EXP 	cue_text: autoDraw = True
494.8125 	EXP 	cue_text: autoDraw = False
495.1137 	INFO 	Keyboard events cleared
495.1135 	EXP 	target: autoDraw = True
496.7132 	EXP 	Device response: <KeyPress from None: t=496.7017436000024, value=left, duration=None>
496.7135 	EXP 	New trial (rep=27, index=5): <Trial 275 (5 in rep 27) data={'cue_arrow': '←', 'target_x': -0.5, 'condition': 'valid', 'corr_Ans': 'left', 'thisN': 275, 'thisTrialN': 5, 'thisRepN': 27}>
496.7167 	DATA 	Keypress: left
496.7304 	EXP 	fixation: autoDraw = False
496.7304 	EXP 	cue_text: autoDraw = False
496.7304 	EXP 	target: autoDraw = False
496.7304 	EXP 	cue_text: height = np.float64(0.1)
496.7304 	EXP 	cue_text: height = np.float64(0.1)
496.7304 	EXP 	cue_text: height = np.float64(0.1)
496.7304 	EXP 	cue_text: text = '←'
496.7304 	EXP 	fixation: autoDraw = True
496.8475 	EXP 	Device response: <KeyPress from None: t=496.7017436000024, value=left, duration=0.13607069999852683>
497.2130 	EXP 	fixation: autoDraw = False
497.2130 	EXP 	cue_text: autoDraw = True
497.5134 	EXP 	cue_text: autoDraw = False
497.8138 	INFO 	Keyboard events cleared
497.8135 	EXP 	target: autoDraw = True
498.1628 	EXP 	Device response: <KeyPress from None: t=498.1600252000062, value=left, duration=None>
498.1632 	EXP 	New trial (rep=27, index=6): <Trial 276 (6 in rep 27) data={'cue_arrow': '←', 'target_x': -0.5, 'condition': 'valid', 'corr_Ans': 'left', 'thisN': 276, 'thisTrialN': 6, 'thisRepN': 27}>
498.1644 	DATA 	Keypress: left
498.1797 	EXP 	fixation: autoDraw = False
498.1797 	EXP 	cue_text: autoDraw = False
498.1797 	EXP 	target: autoDraw = False
498.1797 	EXP 	cue_text: text = '←'
498.1797 	EXP 	fixation: autoDraw = True
498.2968 	EXP 	Device response: <KeyPress from None: t=498.1600252000062, value=left, duration=0.12946009999723174>
498.6633 	EXP 	fixation: autoDraw = False
498.6633 	EXP 	cue_text: autoDraw = True
498.9632 	EXP 	cue_text: autoDraw = False
499.2639 	INFO 	Keyboard events cleared
499.2636 	EXP 	target: autoDraw = True
499.7795 	EXP 	Device response: <KeyPress from None: t=499.77118330000667, value=left, duration=None>
499.7798 	EXP 	New trial (rep=27, index=7): <Trial 277 (7 in rep 27) data={'cue_arrow': '←', 'target_x': 0.5, 'condition': 'invalid', 'corr_Ans': 'right', 'thisN': 277, 'thisTrialN': 7, 'thisRepN': 27}>
499.7811 	DATA 	Keypress: left
499.7954 	EXP 	fixation: autoDraw = False
499.7954 	EXP 	cue_text: autoDraw = False
499.7954 	EXP 	target: autoDraw = False
499.7954 	EXP 	cue_text: text = '←'
499.7954 	EXP 	fixation: autoDraw = True
499.9301 	EXP 	Device response: <KeyPress from None: t=499.77118330000667, value=left, duration=0.15403749998949934>
500.2789 	EXP 	fixation: autoDraw = False
500.2789 	EXP 	cue_text: autoDraw = True
500.5801 	EXP 	cue_text: autoDraw = False
500.8806 	INFO 	Keyboard events cleared
500.8804 	EXP 	target: autoDraw = True
502.6959 	EXP 	Device response: <KeyPress from None: t=502.6882823000051, value=right, duration=None>
502.6962 	EXP 	New trial (rep=27, index=8): <Trial 278 (8 in rep 27) data={'cue_arrow': '→', 'target_x': 0.5, 'condition': 'valid', 'corr_Ans': 'right', 'thisN': 278, 'thisTrialN': 8, 'thisRepN': 27}>
502.6993 	DATA 	Keypress: right
502.7117 	EXP 	fixation: autoDraw = False
502.7117 	EXP 	cue_text: autoDraw = False
502.7117 	EXP 	target: autoDraw = False
502.7117 	EXP 	cue_text: height = np.float64(0.1)
502.7117 	EXP 	cue_text: height = np.float64(0.1)
502.7117 	EXP 	cue_text: height = np.float64(0.1)
502.7117 	EXP 	cue_text: text = '→'
502.7117 	EXP 	fixation: autoDraw = True
502.8295 	EXP 	Device response: <KeyPress from None: t=502.6882823000051, value=right, duration=0.1316886999993585>
503.1972 	EXP 	fixation: autoDraw = False
503.1972 	EXP 	cue_text: autoDraw = True
503.4974 	EXP 	cue_text: autoDraw = False
503.7968 	INFO 	Keyboard events cleared
503.7966 	EXP 	target: autoDraw = True
504.3478 	EXP 	Device response: <KeyPress from None: t=504.34000620000006, value=right, duration=None>
504.3482 	EXP 	New trial (rep=27, index=9): <Trial 279 (9 in rep 27) data={'cue_arrow': '←', 'target_x': -0.5, 'condition': 'valid', 'corr_Ans': 'left', 'thisN': 279, 'thisTrialN': 9, 'thisRepN': 27}>
504.3512 	DATA 	Keypress: right
504.3627 	EXP 	fixation: autoDraw = False
504.3627 	EXP 	cue_text: autoDraw = False
504.3627 	EXP 	target: autoDraw = False
504.3627 	EXP 	cue_text: height = np.float64(0.1)
504.3627 	EXP 	cue_text: height = np.float64(0.1)
504.3627 	EXP 	cue_text: height = np.float64(0.1)
504.3627 	EXP 	cue_text: text = '←'
504.3627 	EXP 	fixation: autoDraw = True
504.4640 	EXP 	Device response: <KeyPress from None: t=504.34000620000006, value=right, duration=0.12143660000583623>
504.8465 	EXP 	fixation: autoDraw = False
504.8465 	EXP 	cue_text: autoDraw = True
505.1636 	EXP 	cue_text: autoDraw = False
505.4476 	INFO 	Keyboard events cleared
505.4473 	EXP 	target: autoDraw = True
505.9136 	EXP 	Device response: <KeyPress from None: t=505.9102639000048, value=left, duration=None>
505.9139 	EXP 	New trial (rep=28, index=0): <Trial 280 (0 in rep 28) data={'cue_arrow': '→', 'target_x': -0.5, 'condition': 'invalid', 'corr_Ans': 'left', 'thisN': 280, 'thisTrialN': 0, 'thisRepN': 28}>
505.9171 	DATA 	Keypress: left
505.9292 	EXP 	fixation: autoDraw = False
505.9292 	EXP 	cue_text: autoDraw = False
505.9292 	EXP 	target: autoDraw = False
505.9292 	EXP 	cue_text: height = np.float64(0.1)
505.9292 	EXP 	cue_text: height = np.float64(0.1)
505.9292 	EXP 	cue_text: height = np.float64(0.1)
505.9292 	EXP 	cue_text: text = '→'
505.9292 	EXP 	fixation: autoDraw = True
506.0969 	EXP 	Device response: <KeyPress from None: t=505.9102639000048, value=left, duration=0.18584009999176487>
506.4140 	EXP 	fixation: autoDraw = False
506.4140 	EXP 	cue_text: autoDraw = True
506.7128 	EXP 	cue_text: autoDraw = False
507.0300 	INFO 	Keyboard events cleared
507.0299 	EXP 	target: autoDraw = True
507.6297 	EXP 	Device response: <KeyPress from None: t=507.6153328999935, value=right, duration=None>
507.6300 	EXP 	New trial (rep=28, index=1): <Trial 281 (1 in rep 28) data={'cue_arrow': '←', 'target_x': -0.5, 'condition': 'valid', 'corr_Ans': 'left', 'thisN': 281, 'thisTrialN': 1, 'thisRepN': 28}>
507.6335 	DATA 	Keypress: right
507.6458 	EXP 	fixation: autoDraw = False
507.6458 	EXP 	cue_text: autoDraw = False
507.6458 	EXP 	target: autoDraw = False
507.6458 	EXP 	cue_text: height = np.float64(0.1)
507.6458 	EXP 	cue_text: height = np.float64(0.1)
507.6458 	EXP 	cue_text: height = np.float64(0.1)
507.6458 	EXP 	cue_text: text = '←'
507.6458 	EXP 	fixation: autoDraw = True
507.7300 	EXP 	Device response: <KeyPress from None: t=507.6153328999935, value=right, duration=0.09943790000397712>
508.1301 	EXP 	fixation: autoDraw = False
508.1301 	EXP 	cue_text: autoDraw = True
508.4304 	EXP 	cue_text: autoDraw = False
508.7307 	INFO 	Keyboard events cleared
508.7305 	EXP 	target: autoDraw = True
509.6306 	EXP 	Device response: <KeyPress from None: t=509.6189710000035, value=left, duration=None>
509.6309 	EXP 	New trial (rep=28, index=2): <Trial 282 (2 in rep 28) data={'cue_arrow': '→', 'target_x': 0.5, 'condition': 'valid', 'corr_Ans': 'right', 'thisN': 282, 'thisTrialN': 2, 'thisRepN': 28}>
509.6338 	DATA 	Keypress: left
509.6464 	EXP 	fixation: autoDraw = False
509.6464 	EXP 	cue_text: autoDraw = False
509.6464 	EXP 	target: autoDraw = False
509.6464 	EXP 	cue_text: height = np.float64(0.1)
509.6464 	EXP 	cue_text: height = np.float64(0.1)
509.6464 	EXP 	cue_text: height = np.float64(0.1)
509.6464 	EXP 	cue_text: text = '→'
509.6464 	EXP 	fixation: autoDraw = True
509.7809 	EXP 	Device response: <KeyPress from None: t=509.6189710000035, value=left, duration=0.1504440999997314>
510.1293 	EXP 	fixation: autoDraw = False
510.1293 	EXP 	cue_text: autoDraw = True
510.4473 	EXP 	cue_text: autoDraw = False
510.7304 	INFO 	Keyboard events cleared
510.7302 	EXP 	target: autoDraw = True
511.1625 	EXP 	Device response: <KeyPress from None: t=511.1582000000053, value=right, duration=None>
511.1628 	EXP 	New trial (rep=28, index=3): <Trial 283 (3 in rep 28) data={'cue_arrow': '→', 'target_x': 0.5, 'condition': 'valid', 'corr_Ans': 'right', 'thisN': 283, 'thisTrialN': 3, 'thisRepN': 28}>
511.1640 	DATA 	Keypress: right
511.1789 	EXP 	fixation: autoDraw = False
511.1789 	EXP 	cue_text: autoDraw = False
511.1789 	EXP 	target: autoDraw = False
511.1789 	EXP 	cue_text: text = '→'
511.1789 	EXP 	fixation: autoDraw = True
511.2644 	EXP 	Device response: <KeyPress from None: t=511.1582000000053, value=right, duration=0.09766109999327455>
511.6642 	EXP 	fixation: autoDraw = False
511.6642 	EXP 	cue_text: autoDraw = True
511.9629 	EXP 	cue_text: autoDraw = False
512.2646 	INFO 	Keyboard events cleared
512.2644 	EXP 	target: autoDraw = True
513.1301 	EXP 	Device response: <KeyPress from None: t=513.1174836999999, value=right, duration=None>
513.1304 	EXP 	New trial (rep=28, index=4): <Trial 284 (4 in rep 28) data={'cue_arrow': '←', 'target_x': -0.5, 'condition': 'valid', 'corr_Ans': 'left', 'thisN': 284, 'thisTrialN': 4, 'thisRepN': 28}>
513.1333 	DATA 	Keypress: right
513.1467 	EXP 	fixation: autoDraw = False
513.1467 	EXP 	cue_text: autoDraw = False
513.1467 	EXP 	target: autoDraw = False
513.1467 	EXP 	cue_text: height = np.float64(0.1)
513.1467 	EXP 	cue_text: height = np.float64(0.1)
513.1467 	EXP 	cue_text: height = np.float64(0.1)
513.1467 	EXP 	cue_text: text = '←'
513.1467 	EXP 	fixation: autoDraw = True
513.2799 	EXP 	Device response: <KeyPress from None: t=513.1174836999999, value=right, duration=0.15746760000183713>
513.6462 	EXP 	fixation: autoDraw = False
513.6462 	EXP 	cue_text: autoDraw = True
513.9462 	EXP 	cue_text: autoDraw = False
514.2456 	INFO 	Keyboard events cleared
514.2454 	EXP 	target: autoDraw = True
514.7956 	EXP 	Device response: <KeyPress from None: t=514.7937629999942, value=left, duration=None>
514.7958 	EXP 	New trial (rep=28, index=5): <Trial 285 (5 in rep 28) data={'cue_arrow': '←', 'target_x': -0.5, 'condition': 'valid', 'corr_Ans': 'left', 'thisN': 285, 'thisTrialN': 5, 'thisRepN': 28}>
514.7966 	DATA 	Keypress: left
514.8122 	EXP 	fixation: autoDraw = False
514.8122 	EXP 	cue_text: autoDraw = False
514.8122 	EXP 	target: autoDraw = False
514.8122 	EXP 	cue_text: text = '←'
514.8122 	EXP 	fixation: autoDraw = True
514.9471 	EXP 	Device response: <KeyPress from None: t=514.7937629999942, value=left, duration=0.14492190000601113>
515.2956 	EXP 	fixation: autoDraw = False
515.2956 	EXP 	cue_text: autoDraw = True
515.5972 	EXP 	cue_text: autoDraw = False
515.8976 	INFO 	Keyboard events cleared
515.8974 	EXP 	target: autoDraw = True
516.4631 	EXP 	Device response: <KeyPress from None: t=516.4548422999942, value=left, duration=None>
516.4635 	EXP 	New trial (rep=28, index=6): <Trial 286 (6 in rep 28) data={'cue_arrow': '→', 'target_x': 0.5, 'condition': 'valid', 'corr_Ans': 'right', 'thisN': 286, 'thisTrialN': 6, 'thisRepN': 28}>
516.4664 	DATA 	Keypress: left
516.4811 	EXP 	fixation: autoDraw = False
516.4811 	EXP 	cue_text: autoDraw = False
516.4811 	EXP 	target: autoDraw = False
516.4811 	EXP 	cue_text: height = np.float64(0.1)
516.4811 	EXP 	cue_text: height = np.float64(0.1)
516.4811 	EXP 	cue_text: height = np.float64(0.1)
516.4811 	EXP 	cue_text: text = '→'
516.4811 	EXP 	fixation: autoDraw = True
516.5805 	EXP 	Device response: <KeyPress from None: t=516.4548422999942, value=left, duration=0.12478320000809617>
516.9641 	EXP 	fixation: autoDraw = False
516.9641 	EXP 	cue_text: autoDraw = True
517.2641 	EXP 	cue_text: autoDraw = False
517.5642 	INFO 	Keyboard events cleared
517.5640 	EXP 	target: autoDraw = True
517.8640 	EXP 	Device response: <KeyPress from None: t=517.8584478999983, value=right, duration=None>
517.8644 	EXP 	New trial (rep=28, index=7): <Trial 287 (7 in rep 28) data={'cue_arrow': '←', 'target_x': -0.5, 'condition': 'valid', 'corr_Ans': 'left', 'thisN': 287, 'thisTrialN': 7, 'thisRepN': 28}>
517.8675 	DATA 	Keypress: right
517.8796 	EXP 	fixation: autoDraw = False
517.8796 	EXP 	cue_text: autoDraw = False
517.8796 	EXP 	target: autoDraw = False
517.8796 	EXP 	cue_text: height = np.float64(0.1)
517.8796 	EXP 	cue_text: height = np.float64(0.1)
517.8796 	EXP 	cue_text: height = np.float64(0.1)
517.8796 	EXP 	cue_text: text = '←'
517.8796 	EXP 	fixation: autoDraw = True
518.0312 	EXP 	Device response: <KeyPress from None: t=517.8584478999983, value=right, duration=0.16479130000516307>
518.3807 	EXP 	fixation: autoDraw = False
518.3807 	EXP 	cue_text: autoDraw = True
518.6629 	EXP 	cue_text: autoDraw = False
518.9793 	INFO 	Keyboard events cleared
518.9791 	EXP 	target: autoDraw = True
519.3138 	EXP 	Device response: <KeyPress from None: t=519.3093068000017, value=left, duration=None>
519.3141 	EXP 	New trial (rep=28, index=8): <Trial 288 (8 in rep 28) data={'cue_arrow': '←', 'target_x': 0.5, 'condition': 'invalid', 'corr_Ans': 'right', 'thisN': 288, 'thisTrialN': 8, 'thisRepN': 28}>
519.3153 	DATA 	Keypress: left
519.3290 	EXP 	fixation: autoDraw = False
519.3290 	EXP 	cue_text: autoDraw = False
519.3290 	EXP 	target: autoDraw = False
519.3290 	EXP 	cue_text: text = '←'
519.3290 	EXP 	fixation: autoDraw = True
519.4307 	EXP 	Device response: <KeyPress from None: t=519.3093068000017, value=left, duration=0.11861140000110026>
519.8140 	EXP 	fixation: autoDraw = False
519.8140 	EXP 	cue_text: autoDraw = True
520.1138 	EXP 	cue_text: autoDraw = False
520.4145 	INFO 	Keyboard events cleared
520.4137 	EXP 	target: autoDraw = True
522.0815 	EXP 	Device response: <KeyPress from None: t=522.0677274000045, value=right, duration=None>
522.0819 	EXP 	New trial (rep=28, index=9): <Trial 289 (9 in rep 28) data={'cue_arrow': '→', 'target_x': 0.5, 'condition': 'valid', 'corr_Ans': 'right', 'thisN': 289, 'thisTrialN': 9, 'thisRepN': 28}>
522.0851 	DATA 	Keypress: right
522.0950 	EXP 	fixation: autoDraw = False
522.0950 	EXP 	cue_text: autoDraw = False
522.0950 	EXP 	target: autoDraw = False
522.0950 	EXP 	cue_text: height = np.float64(0.1)
522.0950 	EXP 	cue_text: height = np.float64(0.1)
522.0950 	EXP 	cue_text: height = np.float64(0.1)
522.0950 	EXP 	cue_text: text = '→'
522.0950 	EXP 	fixation: autoDraw = True
522.1807 	EXP 	Device response: <KeyPress from None: t=522.0677274000045, value=right, duration=0.11235260000103153>
522.5974 	EXP 	fixation: autoDraw = False
522.5974 	EXP 	cue_text: autoDraw = True
522.8970 	EXP 	cue_text: autoDraw = False
523.1977 	INFO 	Keyboard events cleared
523.1975 	EXP 	target: autoDraw = True
523.6297 	EXP 	Device response: <KeyPress from None: t=523.6196749999945, value=right, duration=None>
523.6301 	EXP 	New trial (rep=29, index=0): <Trial 290 (0 in rep 29) data={'cue_arrow': '→', 'target_x': 0.5, 'condition': 'valid', 'corr_Ans': 'right', 'thisN': 290, 'thisTrialN': 0, 'thisRepN': 29}>
523.6313 	DATA 	Keypress: right
523.6472 	EXP 	fixation: autoDraw = False
523.6472 	EXP 	cue_text: autoDraw = False
523.6472 	EXP 	target: autoDraw = False
523.6472 	EXP 	cue_text: text = '→'
523.6472 	EXP 	fixation: autoDraw = True
523.7638 	EXP 	Device response: <KeyPress from None: t=523.6196749999945, value=right, duration=0.14091780000308063>
524.1308 	EXP 	fixation: autoDraw = False
524.1308 	EXP 	cue_text: autoDraw = True
524.4298 	EXP 	cue_text: autoDraw = False
524.7306 	INFO 	Keyboard events cleared
524.7304 	EXP 	target: autoDraw = True
525.3810 	EXP 	Device response: <KeyPress from None: t=525.369116899994, value=right, duration=None>
525.3815 	EXP 	New trial (rep=29, index=1): <Trial 291 (1 in rep 29) data={'cue_arrow': '→', 'target_x': 0.5, 'condition': 'valid', 'corr_Ans': 'right', 'thisN': 291, 'thisTrialN': 1, 'thisRepN': 29}>
525.3828 	DATA 	Keypress: right
525.3964 	EXP 	fixation: autoDraw = False
525.3964 	EXP 	cue_text: autoDraw = False
525.3964 	EXP 	target: autoDraw = False
525.3964 	EXP 	cue_text: text = '→'
525.3964 	EXP 	fixation: autoDraw = True
525.5130 	EXP 	Device response: <KeyPress from None: t=525.369116899994, value=right, duration=0.13003730001219083>
525.8813 	EXP 	fixation: autoDraw = False
525.8813 	EXP 	cue_text: autoDraw = True
526.1809 	EXP 	cue_text: autoDraw = False
526.4809 	INFO 	Keyboard events cleared
526.4806 	EXP 	target: autoDraw = True
526.9306 	EXP 	Device response: <KeyPress from None: t=526.9217170000047, value=right, duration=None>
526.9309 	EXP 	New trial (rep=29, index=2): <Trial 292 (2 in rep 29) data={'cue_arrow': '→', 'target_x': 0.5, 'condition': 'valid', 'corr_Ans': 'right', 'thisN': 292, 'thisTrialN': 2, 'thisRepN': 29}>
526.9321 	DATA 	Keypress: right
526.9471 	EXP 	fixation: autoDraw = False
526.9471 	EXP 	cue_text: autoDraw = False
526.9471 	EXP 	target: autoDraw = False
526.9471 	EXP 	cue_text: text = '→'
526.9471 	EXP 	fixation: autoDraw = True
527.0804 	EXP 	Device response: <KeyPress from None: t=526.9217170000047, value=right, duration=0.14207799998985138>
527.4304 	EXP 	fixation: autoDraw = False
527.4304 	EXP 	cue_text: autoDraw = True
527.7298 	EXP 	cue_text: autoDraw = False
528.0310 	INFO 	Keyboard events cleared
528.0308 	EXP 	target: autoDraw = True
528.3479 	EXP 	Device response: <KeyPress from None: t=528.338125299997, value=right, duration=None>
528.3484 	EXP 	New trial (rep=29, index=3): <Trial 293 (3 in rep 29) data={'cue_arrow': '←', 'target_x': -0.5, 'condition': 'valid', 'corr_Ans': 'left', 'thisN': 293, 'thisTrialN': 3, 'thisRepN': 29}>
528.3517 	DATA 	Keypress: right
528.3624 	EXP 	fixation: autoDraw = False
528.3624 	EXP 	cue_text: autoDraw = False
528.3624 	EXP 	target: autoDraw = False
528.3624 	EXP 	cue_text: height = np.float64(0.1)
528.3624 	EXP 	cue_text: height = np.float64(0.1)
528.3624 	EXP 	cue_text: height = np.float64(0.1)
528.3624 	EXP 	cue_text: text = '←'
528.3624 	EXP 	fixation: autoDraw = True
528.4980 	EXP 	Device response: <KeyPress from None: t=528.338125299997, value=right, duration=0.14973109999846201>
528.8642 	EXP 	fixation: autoDraw = False
528.8642 	EXP 	cue_text: autoDraw = True
529.1641 	EXP 	cue_text: autoDraw = False
529.4646 	INFO 	Keyboard events cleared
529.4644 	EXP 	target: autoDraw = True
529.9128 	EXP 	Device response: <KeyPress from None: t=529.910318299997, value=left, duration=None>
529.9131 	EXP 	New trial (rep=29, index=4): <Trial 294 (4 in rep 29) data={'cue_arrow': '→', 'target_x': 0.5, 'condition': 'valid', 'corr_Ans': 'right', 'thisN': 294, 'thisTrialN': 4, 'thisRepN': 29}>
529.9166 	DATA 	Keypress: left
529.9299 	EXP 	fixation: autoDraw = False
529.9299 	EXP 	cue_text: autoDraw = False
529.9299 	EXP 	target: autoDraw = False
529.9299 	EXP 	cue_text: height = np.float64(0.1)
529.9299 	EXP 	cue_text: height = np.float64(0.1)
529.9299 	EXP 	cue_text: height = np.float64(0.1)
529.9299 	EXP 	cue_text: text = '→'
529.9299 	EXP 	fixation: autoDraw = True
530.0802 	EXP 	Device response: <KeyPress from None: t=529.910318299997, value=left, duration=0.16211230000772048>
530.4140 	EXP 	fixation: autoDraw = False
530.4140 	EXP 	cue_text: autoDraw = True
530.7143 	EXP 	cue_text: autoDraw = False
531.0148 	INFO 	Keyboard events cleared
531.0146 	EXP 	target: autoDraw = True
531.6310 	EXP 	Device response: <KeyPress from None: t=531.6242858000041, value=right, duration=None>
531.6315 	EXP 	New trial (rep=29, index=5): <Trial 295 (5 in rep 29) data={'cue_arrow': '←', 'target_x': 0.5, 'condition': 'invalid', 'corr_Ans': 'right', 'thisN': 295, 'thisTrialN': 5, 'thisRepN': 29}>
531.6346 	DATA 	Keypress: right
531.6478 	EXP 	fixation: autoDraw = False
531.6478 	EXP 	cue_text: autoDraw = False
531.6478 	EXP 	target: autoDraw = False
531.6478 	EXP 	cue_text: height = np.float64(0.1)
531.6478 	EXP 	cue_text: height = np.float64(0.1)
531.6478 	EXP 	cue_text: height = np.float64(0.1)
531.6478 	EXP 	cue_text: text = '←'
531.6478 	EXP 	fixation: autoDraw = True
531.7977 	EXP 	Device response: <KeyPress from None: t=531.6242858000041, value=right, duration=0.16647419999935664>
532.1311 	EXP 	fixation: autoDraw = False
532.1311 	EXP 	cue_text: autoDraw = True
532.4312 	EXP 	cue_text: autoDraw = False
532.7299 	INFO 	Keyboard events cleared
532.7297 	EXP 	target: autoDraw = True
533.7135 	EXP 	Device response: <KeyPress from None: t=533.7019373999938, value=right, duration=None>
533.7138 	EXP 	New trial (rep=29, index=6): <Trial 296 (6 in rep 29) data={'cue_arrow': '←', 'target_x': -0.5, 'condition': 'valid', 'corr_Ans': 'left', 'thisN': 296, 'thisTrialN': 6, 'thisRepN': 29}>
533.7149 	DATA 	Keypress: right
533.7306 	EXP 	fixation: autoDraw = False
533.7306 	EXP 	cue_text: autoDraw = False
533.7306 	EXP 	target: autoDraw = False
533.7306 	EXP 	cue_text: text = '←'
533.7306 	EXP 	fixation: autoDraw = True
533.8807 	EXP 	Device response: <KeyPress from None: t=533.7019373999938, value=right, duration=0.16531190001114737>
534.2143 	EXP 	fixation: autoDraw = False
534.2143 	EXP 	cue_text: autoDraw = True
534.5144 	EXP 	cue_text: autoDraw = False
534.8128 	INFO 	Keyboard events cleared
534.8126 	EXP 	target: autoDraw = True
535.3143 	EXP 	Device response: <KeyPress from None: t=535.3101621999958, value=left, duration=None>
535.3147 	EXP 	New trial (rep=29, index=7): <Trial 297 (7 in rep 29) data={'cue_arrow': '←', 'target_x': -0.5, 'condition': 'valid', 'corr_Ans': 'left', 'thisN': 297, 'thisTrialN': 7, 'thisRepN': 29}>
535.3159 	DATA 	Keypress: left
535.3293 	EXP 	fixation: autoDraw = False
535.3293 	EXP 	cue_text: autoDraw = False
535.3293 	EXP 	target: autoDraw = False
535.3293 	EXP 	cue_text: text = '←'
535.3293 	EXP 	fixation: autoDraw = True
535.4805 	EXP 	Device response: <KeyPress from None: t=535.3101621999958, value=left, duration=0.15864270000020042>
535.8145 	EXP 	fixation: autoDraw = False
535.8145 	EXP 	cue_text: autoDraw = True
536.1125 	EXP 	cue_text: autoDraw = False
536.4145 	INFO 	Keyboard events cleared
536.4143 	EXP 	target: autoDraw = True
536.8646 	EXP 	Device response: <KeyPress from None: t=536.8583881999948, value=left, duration=None>
536.8649 	EXP 	New trial (rep=29, index=8): <Trial 298 (8 in rep 29) data={'cue_arrow': '→', 'target_x': -0.5, 'condition': 'invalid', 'corr_Ans': 'left', 'thisN': 298, 'thisTrialN': 8, 'thisRepN': 29}>
536.8682 	DATA 	Keypress: left
536.8792 	EXP 	fixation: autoDraw = False
536.8792 	EXP 	cue_text: autoDraw = False
536.8792 	EXP 	target: autoDraw = False
536.8792 	EXP 	cue_text: height = np.float64(0.1)
536.8792 	EXP 	cue_text: height = np.float64(0.1)
536.8792 	EXP 	cue_text: height = np.float64(0.1)
536.8792 	EXP 	cue_text: text = '→'
536.8792 	EXP 	fixation: autoDraw = True
536.9814 	EXP 	Device response: <KeyPress from None: t=536.8583881999948, value=left, duration=0.11931470000126865>
537.3630 	EXP 	fixation: autoDraw = False
537.3630 	EXP 	cue_text: autoDraw = True
537.6814 	EXP 	cue_text: autoDraw = False
537.9648 	INFO 	Keyboard events cleared
537.9645 	EXP 	target: autoDraw = True
538.8335 	DATA 	Keypress: left
538.8485 	EXP 	Device response: <KeyPress from None: t=538.8329413000029, value=left, duration=None>
538.8490 	EXP 	New trial (rep=29, index=9): <Trial 299 (9 in rep 29) data={'cue_arrow': '←', 'target_x': -0.5, 'condition': 'valid', 'corr_Ans': 'left', 'thisN': 299, 'thisTrialN': 9, 'thisRepN': 29}>
538.8637 	EXP 	fixation: autoDraw = False
538.8637 	EXP 	cue_text: autoDraw = False
538.8637 	EXP 	target: autoDraw = False
538.8637 	EXP 	cue_text: height = np.float64(0.1)
538.8637 	EXP 	cue_text: height = np.float64(0.1)
538.8637 	EXP 	cue_text: height = np.float64(0.1)
538.8637 	EXP 	cue_text: text = '←'
538.8637 	EXP 	fixation: autoDraw = True
538.9977 	EXP 	Device response: <KeyPress from None: t=538.8329413000029, value=left, duration=0.16148949999478646>
539.3643 	EXP 	fixation: autoDraw = False
539.3643 	EXP 	cue_text: autoDraw = True
539.6642 	EXP 	cue_text: autoDraw = False
539.9642 	INFO 	Keyboard events cleared
539.9640 	EXP 	target: autoDraw = True
540.6144 	EXP 	Device response: <KeyPress from None: t=540.6134926999948, value=left, duration=None>
540.6147 	EXP 	New trial (rep=30, index=0): <Trial 300 (0 in rep 30) data={'cue_arrow': '←', 'target_x': -0.5, 'condition': 'valid', 'corr_Ans': 'left', 'thisN': 300, 'thisTrialN': 0, 'thisRepN': 30}>
540.6166 	DATA 	Keypress: left
540.6300 	EXP 	fixation: autoDraw = False
540.6300 	EXP 	cue_text: autoDraw = False
540.6300 	EXP 	target: autoDraw = False
540.6300 	EXP 	cue_text: text = '←'
540.6300 	EXP 	fixation: autoDraw = True
540.7481 	EXP 	Device response: <KeyPress from None: t=540.6134926999948, value=left, duration=0.12847840000176802>
541.1144 	EXP 	fixation: autoDraw = False
541.1144 	EXP 	cue_text: autoDraw = True
541.4312 	EXP 	cue_text: autoDraw = False
541.7151 	INFO 	Keyboard events cleared
541.7149 	EXP 	target: autoDraw = True
542.1140 	EXP 	Device response: <KeyPress from None: t=542.1037479999941, value=left, duration=None>
542.1143 	EXP 	New trial (rep=30, index=1): <Trial 301 (1 in rep 30) data={'cue_arrow': '→', 'target_x': 0.5, 'condition': 'valid', 'corr_Ans': 'right', 'thisN': 301, 'thisTrialN': 1, 'thisRepN': 30}>
542.1173 	DATA 	Keypress: left
542.1301 	EXP 	fixation: autoDraw = False
542.1301 	EXP 	cue_text: autoDraw = False
542.1301 	EXP 	target: autoDraw = False
542.1301 	EXP 	cue_text: height = np.float64(0.1)
542.1301 	EXP 	cue_text: height = np.float64(0.1)
542.1301 	EXP 	cue_text: height = np.float64(0.1)
542.1301 	EXP 	cue_text: text = '→'
542.1301 	EXP 	fixation: autoDraw = True
542.2633 	EXP 	Device response: <KeyPress from None: t=542.1037479999941, value=left, duration=0.14372720000392292>
542.6137 	EXP 	fixation: autoDraw = False
542.6137 	EXP 	cue_text: autoDraw = True
542.9134 	EXP 	cue_text: autoDraw = False
543.2146 	INFO 	Keyboard events cleared
543.2144 	EXP 	target: autoDraw = True
543.6311 	EXP 	Device response: <KeyPress from None: t=543.6220500000054, value=right, duration=None>
543.6316 	EXP 	New trial (rep=30, index=2): <Trial 302 (2 in rep 30) data={'cue_arrow': '→', 'target_x': -0.5, 'condition': 'invalid', 'corr_Ans': 'left', 'thisN': 302, 'thisTrialN': 2, 'thisRepN': 30}>
543.6328 	DATA 	Keypress: right
543.6472 	EXP 	fixation: autoDraw = False
543.6472 	EXP 	cue_text: autoDraw = False
543.6472 	EXP 	target: autoDraw = False
543.6472 	EXP 	cue_text: text = '→'
543.6472 	EXP 	fixation: autoDraw = True
543.7814 	EXP 	Device response: <KeyPress from None: t=543.6220500000054, value=right, duration=0.15292029999545775>
544.1309 	EXP 	fixation: autoDraw = False
544.1309 	EXP 	cue_text: autoDraw = True
544.4306 	EXP 	cue_text: autoDraw = False
544.7314 	INFO 	Keyboard events cleared
544.7311 	EXP 	target: autoDraw = True
545.7334 	DATA 	Keypress: left
545.7475 	EXP 	Device response: <KeyPress from None: t=545.7327974999935, value=left, duration=None>
545.7478 	EXP 	New trial (rep=30, index=3): <Trial 303 (3 in rep 30) data={'cue_arrow': '←', 'target_x': -0.5, 'condition': 'valid', 'corr_Ans': 'left', 'thisN': 303, 'thisTrialN': 3, 'thisRepN': 30}>
545.7639 	EXP 	fixation: autoDraw = False
545.7639 	EXP 	cue_text: autoDraw = False
545.7639 	EXP 	target: autoDraw = False
545.7639 	EXP 	cue_text: height = np.float64(0.1)
545.7639 	EXP 	cue_text: height = np.float64(0.1)
545.7639 	EXP 	cue_text: height = np.float64(0.1)
545.7639 	EXP 	cue_text: text = '←'
545.7639 	EXP 	fixation: autoDraw = True
545.8642 	EXP 	Device response: <KeyPress from None: t=545.7327974999935, value=left, duration=0.12201220000861213>
546.2476 	EXP 	fixation: autoDraw = False
546.2476 	EXP 	cue_text: autoDraw = True
546.5479 	EXP 	cue_text: autoDraw = False
546.8482 	INFO 	Keyboard events cleared
546.8480 	EXP 	target: autoDraw = True
547.2142 	EXP 	Device response: <KeyPress from None: t=547.2024936999951, value=left, duration=None>
547.2145 	EXP 	New trial (rep=30, index=4): <Trial 304 (4 in rep 30) data={'cue_arrow': '←', 'target_x': -0.5, 'condition': 'valid', 'corr_Ans': 'left', 'thisN': 304, 'thisTrialN': 4, 'thisRepN': 30}>
547.2157 	DATA 	Keypress: left
547.2312 	EXP 	fixation: autoDraw = False
547.2312 	EXP 	cue_text: autoDraw = False
547.2312 	EXP 	target: autoDraw = False
547.2312 	EXP 	cue_text: text = '←'
547.2312 	EXP 	fixation: autoDraw = True
547.3645 	EXP 	Device response: <KeyPress from None: t=547.2024936999951, value=left, duration=0.1508973000018159>
547.7128 	EXP 	fixation: autoDraw = False
547.7128 	EXP 	cue_text: autoDraw = True
548.0146 	EXP 	cue_text: autoDraw = False
548.3151 	INFO 	Keyboard events cleared
548.3149 	EXP 	target: autoDraw = True
548.7302 	EXP 	Device response: <KeyPress from None: t=548.7187107000063, value=left, duration=None>
548.7305 	EXP 	New trial (rep=30, index=5): <Trial 305 (5 in rep 30) data={'cue_arrow': '←', 'target_x': 0.5, 'condition': 'invalid', 'corr_Ans': 'right', 'thisN': 305, 'thisTrialN': 5, 'thisRepN': 30}>
548.7317 	DATA 	Keypress: left
548.7480 	EXP 	fixation: autoDraw = False
548.7480 	EXP 	cue_text: autoDraw = False
548.7480 	EXP 	target: autoDraw = False
548.7480 	EXP 	cue_text: text = '←'
548.7480 	EXP 	fixation: autoDraw = True
548.8814 	EXP 	Device response: <KeyPress from None: t=548.7187107000063, value=left, duration=0.1617950999934692>
549.2314 	EXP 	fixation: autoDraw = False
549.2314 	EXP 	cue_text: autoDraw = True
549.5315 	EXP 	cue_text: autoDraw = False
549.8315 	INFO 	Keyboard events cleared
549.8312 	EXP 	target: autoDraw = True
550.9477 	EXP 	Device response: <KeyPress from None: t=550.9401951000036, value=right, duration=None>
550.9480 	EXP 	New trial (rep=30, index=6): <Trial 306 (6 in rep 30) data={'cue_arrow': '→', 'target_x': 0.5, 'condition': 'valid', 'corr_Ans': 'right', 'thisN': 306, 'thisTrialN': 6, 'thisRepN': 30}>
550.9518 	DATA 	Keypress: right
550.9636 	EXP 	fixation: autoDraw = False
550.9636 	EXP 	cue_text: autoDraw = False
550.9636 	EXP 	target: autoDraw = False
550.9636 	EXP 	cue_text: height = np.float64(0.1)
550.9636 	EXP 	cue_text: height = np.float64(0.1)
550.9636 	EXP 	cue_text: height = np.float64(0.1)
550.9636 	EXP 	cue_text: text = '→'
550.9636 	EXP 	fixation: autoDraw = True
551.0652 	EXP 	Device response: <KeyPress from None: t=550.9401951000036, value=right, duration=0.10898900000029244>
551.4470 	EXP 	fixation: autoDraw = False
551.4470 	EXP 	cue_text: autoDraw = True
551.7477 	EXP 	cue_text: autoDraw = False
552.0479 	INFO 	Keyboard events cleared
552.0477 	EXP 	target: autoDraw = True
552.3643 	EXP 	Device response: <KeyPress from None: t=552.3553841999965, value=right, duration=None>
552.3647 	EXP 	New trial (rep=30, index=7): <Trial 307 (7 in rep 30) data={'cue_arrow': '←', 'target_x': -0.5, 'condition': 'valid', 'corr_Ans': 'left', 'thisN': 307, 'thisTrialN': 7, 'thisRepN': 30}>
552.3676 	DATA 	Keypress: right
552.3800 	EXP 	fixation: autoDraw = False
552.3800 	EXP 	cue_text: autoDraw = False
552.3800 	EXP 	target: autoDraw = False
552.3800 	EXP 	cue_text: height = np.float64(0.1)
552.3800 	EXP 	cue_text: height = np.float64(0.1)
552.3800 	EXP 	cue_text: height = np.float64(0.1)
552.3800 	EXP 	cue_text: text = '←'
552.3800 	EXP 	fixation: autoDraw = True
552.4653 	EXP 	Device response: <KeyPress from None: t=552.3553841999965, value=right, duration=0.10190300000249408>
552.8638 	EXP 	fixation: autoDraw = False
552.8638 	EXP 	cue_text: autoDraw = True
553.1646 	EXP 	cue_text: autoDraw = False
553.4816 	INFO 	Keyboard events cleared
553.4813 	EXP 	target: autoDraw = True
553.5637 	EXP 	Device response: <KeyPress from None: t=553.549333899995, value=left, duration=None>
553.5640 	EXP 	New trial (rep=30, index=8): <Trial 308 (8 in rep 30) data={'cue_arrow': '→', 'target_x': 0.5, 'condition': 'valid', 'corr_Ans': 'right', 'thisN': 308, 'thisTrialN': 8, 'thisRepN': 30}>
553.5672 	DATA 	Keypress: left
553.5802 	EXP 	fixation: autoDraw = False
553.5802 	EXP 	cue_text: autoDraw = False
553.5802 	EXP 	target: autoDraw = False
553.5802 	EXP 	cue_text: height = np.float64(0.1)
553.5802 	EXP 	cue_text: height = np.float64(0.1)
553.5802 	EXP 	cue_text: height = np.float64(0.1)
553.5802 	EXP 	cue_text: text = '→'
553.5802 	EXP 	fixation: autoDraw = True
553.6976 	EXP 	Device response: <KeyPress from None: t=553.549333899995, value=left, duration=0.13704890001099557>
554.0647 	EXP 	fixation: autoDraw = False
554.0647 	EXP 	cue_text: autoDraw = True
554.3648 	EXP 	cue_text: autoDraw = False
554.6646 	INFO 	Keyboard events cleared
554.6644 	EXP 	target: autoDraw = True
554.8812 	EXP 	Device response: <KeyPress from None: t=554.8799443000025, value=right, duration=None>
554.8815 	EXP 	New trial (rep=30, index=9): <Trial 309 (9 in rep 30) data={'cue_arrow': '→', 'target_x': 0.5, 'condition': 'valid', 'corr_Ans': 'right', 'thisN': 309, 'thisTrialN': 9, 'thisRepN': 30}>
554.8826 	DATA 	Keypress: right
554.8970 	EXP 	fixation: autoDraw = False
554.8970 	EXP 	cue_text: autoDraw = False
554.8970 	EXP 	target: autoDraw = False
554.8970 	EXP 	cue_text: text = '→'
554.8970 	EXP 	fixation: autoDraw = True
555.0154 	EXP 	Device response: <KeyPress from None: t=554.8799443000025, value=right, duration=0.11888739999267273>
555.3816 	EXP 	fixation: autoDraw = False
555.3816 	EXP 	cue_text: autoDraw = True
555.6974 	EXP 	cue_text: autoDraw = False
555.9820 	INFO 	Keyboard events cleared
555.9817 	EXP 	target: autoDraw = True
556.4500 	DATA 	Keypress: right
556.4642 	EXP 	Device response: <KeyPress from None: t=556.4489840000024, value=right, duration=None>
556.4645 	EXP 	New trial (rep=31, index=0): <Trial 310 (0 in rep 31) data={'cue_arrow': '→', 'target_x': 0.5, 'condition': 'valid', 'corr_Ans': 'right', 'thisN': 310, 'thisTrialN': 0, 'thisRepN': 31}>
556.4808 	EXP 	fixation: autoDraw = False
556.4808 	EXP 	cue_text: autoDraw = False
556.4808 	EXP 	target: autoDraw = False
556.4808 	EXP 	cue_text: text = '→'
556.4808 	EXP 	fixation: autoDraw = True
556.5817 	EXP 	Device response: <KeyPress from None: t=556.4489840000024, value=right, duration=0.11942930000077467>
556.9629 	EXP 	fixation: autoDraw = False
556.9629 	EXP 	cue_text: autoDraw = True
557.2644 	EXP 	cue_text: autoDraw = False
557.5654 	INFO 	Keyboard events cleared
557.5652 	EXP 	target: autoDraw = True
558.0973 	EXP 	Device response: <KeyPress from None: t=558.0919275000051, value=right, duration=None>
558.0977 	EXP 	New trial (rep=31, index=1): <Trial 311 (1 in rep 31) data={'cue_arrow': '→', 'target_x': 0.5, 'condition': 'valid', 'corr_Ans': 'right', 'thisN': 311, 'thisTrialN': 1, 'thisRepN': 31}>
558.0989 	DATA 	Keypress: right
558.1129 	EXP 	fixation: autoDraw = False
558.1129 	EXP 	cue_text: autoDraw = False
558.1129 	EXP 	target: autoDraw = False
558.1129 	EXP 	cue_text: text = '→'
558.1129 	EXP 	fixation: autoDraw = True
558.2315 	EXP 	Device response: <KeyPress from None: t=558.0919275000051, value=right, duration=0.13638219999847934>
558.5981 	EXP 	fixation: autoDraw = False
558.5981 	EXP 	cue_text: autoDraw = True
558.8970 	EXP 	cue_text: autoDraw = False
559.1985 	INFO 	Keyboard events cleared
559.1983 	EXP 	target: autoDraw = True
559.6145 	DATA 	Keypress: right
559.6302 	EXP 	Device response: <KeyPress from None: t=559.6129657999991, value=right, duration=None>
559.6306 	EXP 	New trial (rep=31, index=2): <Trial 312 (2 in rep 31) data={'cue_arrow': '←', 'target_x': -0.5, 'condition': 'valid', 'corr_Ans': 'left', 'thisN': 312, 'thisTrialN': 2, 'thisRepN': 31}>
559.6478 	EXP 	fixation: autoDraw = False
559.6478 	EXP 	cue_text: autoDraw = False
559.6478 	EXP 	target: autoDraw = False
559.6478 	EXP 	cue_text: height = np.float64(0.1)
559.6478 	EXP 	cue_text: height = np.float64(0.1)
559.6478 	EXP 	cue_text: height = np.float64(0.1)
559.6478 	EXP 	cue_text: text = '←'
559.6478 	EXP 	fixation: autoDraw = True
559.7812 	EXP 	Device response: <KeyPress from None: t=559.6129657999991, value=right, duration=0.15859780000755563>
560.1314 	EXP 	fixation: autoDraw = False
560.1314 	EXP 	cue_text: autoDraw = True
560.4309 	EXP 	cue_text: autoDraw = False
560.7316 	INFO 	Keyboard events cleared
560.7314 	EXP 	target: autoDraw = True
561.0155 	EXP 	Device response: <KeyPress from None: t=561.0115431000013, value=left, duration=None>
561.0160 	EXP 	New trial (rep=31, index=3): <Trial 313 (3 in rep 31) data={'cue_arrow': '←', 'target_x': 0.5, 'condition': 'invalid', 'corr_Ans': 'right', 'thisN': 313, 'thisTrialN': 3, 'thisRepN': 31}>
561.0173 	DATA 	Keypress: left
561.0304 	EXP 	fixation: autoDraw = False
561.0304 	EXP 	cue_text: autoDraw = False
561.0304 	EXP 	target: autoDraw = False
561.0304 	EXP 	cue_text: text = '←'
561.0304 	EXP 	fixation: autoDraw = True
561.2144 	EXP 	Device response: <KeyPress from None: t=561.0115431000013, value=left, duration=0.1890999000024749>
561.5306 	EXP 	fixation: autoDraw = False
561.5306 	EXP 	cue_text: autoDraw = True
561.8316 	EXP 	cue_text: autoDraw = False
562.1320 	INFO 	Keyboard events cleared
562.1318 	EXP 	target: autoDraw = True
563.1137 	EXP 	Device response: <KeyPress from None: t=563.1044664999936, value=right, duration=None>
563.1141 	EXP 	New trial (rep=31, index=4): <Trial 314 (4 in rep 31) data={'cue_arrow': '→', 'target_x': 0.5, 'condition': 'valid', 'corr_Ans': 'right', 'thisN': 314, 'thisTrialN': 4, 'thisRepN': 31}>
563.1171 	DATA 	Keypress: right
563.1302 	EXP 	fixation: autoDraw = False
563.1302 	EXP 	cue_text: autoDraw = False
563.1302 	EXP 	target: autoDraw = False
563.1302 	EXP 	cue_text: height = np.float64(0.1)
563.1302 	EXP 	cue_text: height = np.float64(0.1)
563.1302 	EXP 	cue_text: height = np.float64(0.1)
563.1302 	EXP 	cue_text: text = '→'
563.1302 	EXP 	fixation: autoDraw = True
563.2801 	EXP 	Device response: <KeyPress from None: t=563.1044664999936, value=right, duration=0.1702664000040386>
563.6147 	EXP 	fixation: autoDraw = False
563.6147 	EXP 	cue_text: autoDraw = True
563.9145 	EXP 	cue_text: autoDraw = False
564.2148 	INFO 	Keyboard events cleared
564.2146 	EXP 	target: autoDraw = True
564.4641 	EXP 	Device response: <KeyPress from None: t=564.4580966000067, value=right, duration=None>
564.4643 	EXP 	New trial (rep=31, index=5): <Trial 315 (5 in rep 31) data={'cue_arrow': '←', 'target_x': -0.5, 'condition': 'valid', 'corr_Ans': 'left', 'thisN': 315, 'thisTrialN': 5, 'thisRepN': 31}>
564.4674 	DATA 	Keypress: right
564.4803 	EXP 	fixation: autoDraw = False
564.4803 	EXP 	cue_text: autoDraw = False
564.4803 	EXP 	target: autoDraw = False
564.4803 	EXP 	cue_text: height = np.float64(0.1)
564.4803 	EXP 	cue_text: height = np.float64(0.1)
564.4803 	EXP 	cue_text: height = np.float64(0.1)
564.4803 	EXP 	cue_text: text = '←'
564.4803 	EXP 	fixation: autoDraw = True
564.6477 	EXP 	Device response: <KeyPress from None: t=564.4580966000067, value=right, duration=0.18007839999336284>
564.9650 	EXP 	fixation: autoDraw = False
564.9650 	EXP 	cue_text: autoDraw = True
565.2643 	EXP 	cue_text: autoDraw = False
565.5640 	INFO 	Keyboard events cleared
565.5638 	EXP 	target: autoDraw = True
565.9477 	EXP 	Device response: <KeyPress from None: t=565.9342986999982, value=left, duration=None>
565.9481 	EXP 	New trial (rep=31, index=6): <Trial 316 (6 in rep 31) data={'cue_arrow': '→', 'target_x': -0.5, 'condition': 'invalid', 'corr_Ans': 'left', 'thisN': 316, 'thisTrialN': 6, 'thisRepN': 31}>
565.9527 	DATA 	Keypress: left
565.9636 	EXP 	fixation: autoDraw = False
565.9636 	EXP 	cue_text: autoDraw = False
565.9636 	EXP 	target: autoDraw = False
565.9636 	EXP 	cue_text: height = np.float64(0.1)
565.9636 	EXP 	cue_text: height = np.float64(0.1)
565.9636 	EXP 	cue_text: height = np.float64(0.1)
565.9636 	EXP 	cue_text: text = '→'
565.9636 	EXP 	fixation: autoDraw = True
566.1150 	EXP 	Device response: <KeyPress from None: t=565.9342986999982, value=left, duration=0.17402960000617895>
566.4479 	EXP 	fixation: autoDraw = False
566.4479 	EXP 	cue_text: autoDraw = True
566.7480 	EXP 	cue_text: autoDraw = False
567.0473 	INFO 	Keyboard events cleared
567.0471 	EXP 	target: autoDraw = True
568.4135 	EXP 	Device response: <KeyPress from None: t=568.409210400001, value=left, duration=None>
568.4140 	EXP 	New trial (rep=31, index=7): <Trial 317 (7 in rep 31) data={'cue_arrow': '←', 'target_x': -0.5, 'condition': 'valid', 'corr_Ans': 'left', 'thisN': 317, 'thisTrialN': 7, 'thisRepN': 31}>
568.4169 	DATA 	Keypress: left
568.4306 	EXP 	fixation: autoDraw = False
568.4306 	EXP 	cue_text: autoDraw = False
568.4306 	EXP 	target: autoDraw = False
568.4306 	EXP 	cue_text: height = np.float64(0.1)
568.4306 	EXP 	cue_text: height = np.float64(0.1)
568.4306 	EXP 	cue_text: height = np.float64(0.1)
568.4306 	EXP 	cue_text: text = '←'
568.4306 	EXP 	fixation: autoDraw = True
568.5808 	EXP 	Device response: <KeyPress from None: t=568.409210400001, value=left, duration=0.16085800000291783>
568.9148 	EXP 	fixation: autoDraw = False
568.9148 	EXP 	cue_text: autoDraw = True
569.2151 	EXP 	cue_text: autoDraw = False
569.5152 	INFO 	Keyboard events cleared
569.5149 	EXP 	target: autoDraw = True
570.0479 	EXP 	Device response: <KeyPress from None: t=570.0360096000077, value=left, duration=None>
570.0482 	EXP 	New trial (rep=31, index=8): <Trial 318 (8 in rep 31) data={'cue_arrow': '→', 'target_x': 0.5, 'condition': 'valid', 'corr_Ans': 'right', 'thisN': 318, 'thisTrialN': 8, 'thisRepN': 31}>
570.0511 	DATA 	Keypress: left
570.0631 	EXP 	fixation: autoDraw = False
570.0631 	EXP 	cue_text: autoDraw = False
570.0631 	EXP 	target: autoDraw = False
570.0631 	EXP 	cue_text: height = np.float64(0.1)
570.0631 	EXP 	cue_text: height = np.float64(0.1)
570.0631 	EXP 	cue_text: height = np.float64(0.1)
570.0631 	EXP 	cue_text: text = '→'
570.0631 	EXP 	fixation: autoDraw = True
570.2147 	EXP 	Device response: <KeyPress from None: t=570.0360096000077, value=left, duration=0.1778003999934299>
570.5478 	EXP 	fixation: autoDraw = False
570.5478 	EXP 	cue_text: autoDraw = True
570.8480 	EXP 	cue_text: autoDraw = False
571.1480 	INFO 	Keyboard events cleared
571.1478 	EXP 	target: autoDraw = True
571.6813 	EXP 	Device response: <KeyPress from None: t=571.6779128000053, value=right, duration=None>
571.6816 	EXP 	New trial (rep=31, index=9): <Trial 319 (9 in rep 31) data={'cue_arrow': '←', 'target_x': -0.5, 'condition': 'valid', 'corr_Ans': 'left', 'thisN': 319, 'thisTrialN': 9, 'thisRepN': 31}>
571.6845 	DATA 	Keypress: right
571.6975 	EXP 	fixation: autoDraw = False
571.6975 	EXP 	cue_text: autoDraw = False
571.6975 	EXP 	target: autoDraw = False
571.6975 	EXP 	cue_text: height = np.float64(0.1)
571.6975 	EXP 	cue_text: height = np.float64(0.1)
571.6975 	EXP 	cue_text: height = np.float64(0.1)
571.6975 	EXP 	cue_text: text = '←'
571.6975 	EXP 	fixation: autoDraw = True
571.8153 	EXP 	Device response: <KeyPress from None: t=571.6779128000053, value=right, duration=0.12790589999349322>
572.1820 	EXP 	fixation: autoDraw = False
572.1820 	EXP 	cue_text: autoDraw = True
572.4816 	EXP 	cue_text: autoDraw = False
572.7816 	INFO 	Keyboard events cleared
572.7813 	EXP 	target: autoDraw = True
573.1489 	EXP 	Device response: <KeyPress from None: t=573.1462079000048, value=left, duration=None>
573.1493 	EXP 	New trial (rep=32, index=0): <Trial 320 (0 in rep 32) data={'cue_arrow': '←', 'target_x': 0.5, 'condition': 'invalid', 'corr_Ans': 'right', 'thisN': 320, 'thisTrialN': 0, 'thisRepN': 32}>
573.1504 	DATA 	Keypress: left
573.1634 	EXP 	fixation: autoDraw = False
573.1634 	EXP 	cue_text: autoDraw = False
573.1634 	EXP 	target: autoDraw = False
573.1634 	EXP 	cue_text: text = '←'
573.1634 	EXP 	fixation: autoDraw = True
573.3325 	EXP 	Device response: <KeyPress from None: t=573.1462079000048, value=left, duration=0.16942720000224654>
573.6647 	EXP 	fixation: autoDraw = False
573.6647 	EXP 	cue_text: autoDraw = True
573.9484 	EXP 	cue_text: autoDraw = False
574.2647 	INFO 	Keyboard events cleared
574.2645 	EXP 	target: autoDraw = True
575.5995 	DATA 	Keypress: right
575.6145 	EXP 	Device response: <KeyPress from None: t=575.5984767000045, value=right, duration=None>
575.6148 	EXP 	New trial (rep=32, index=1): <Trial 321 (1 in rep 32) data={'cue_arrow': '→', 'target_x': 0.5, 'condition': 'valid', 'corr_Ans': 'right', 'thisN': 321, 'thisTrialN': 1, 'thisRepN': 32}>
575.6300 	EXP 	fixation: autoDraw = False
575.6300 	EXP 	cue_text: autoDraw = False
575.6300 	EXP 	target: autoDraw = False
575.6300 	EXP 	cue_text: height = np.float64(0.1)
575.6300 	EXP 	cue_text: height = np.float64(0.1)
575.6300 	EXP 	cue_text: height = np.float64(0.1)
575.6300 	EXP 	cue_text: text = '→'
575.6300 	EXP 	fixation: autoDraw = True
575.7148 	EXP 	Device response: <KeyPress from None: t=575.5984767000045, value=right, duration=0.10777459999371786>
576.1155 	EXP 	fixation: autoDraw = False
576.1155 	EXP 	cue_text: autoDraw = True
576.4141 	EXP 	cue_text: autoDraw = False
576.7135 	INFO 	Keyboard events cleared
576.7133 	EXP 	target: autoDraw = True
577.0650 	EXP 	Device response: <KeyPress from None: t=577.0608552000049, value=right, duration=None>
577.0653 	EXP 	New trial (rep=32, index=2): <Trial 322 (2 in rep 32) data={'cue_arrow': '→', 'target_x': 0.5, 'condition': 'valid', 'corr_Ans': 'right', 'thisN': 322, 'thisTrialN': 2, 'thisRepN': 32}>
577.0665 	DATA 	Keypress: right
577.0800 	EXP 	fixation: autoDraw = False
577.0800 	EXP 	cue_text: autoDraw = False
577.0800 	EXP 	target: autoDraw = False
577.0800 	EXP 	cue_text: text = '→'
577.0800 	EXP 	fixation: autoDraw = True
577.2492 	EXP 	Device response: <KeyPress from None: t=577.0608552000049, value=right, duration=0.17558070000086445>
577.5647 	EXP 	fixation: autoDraw = False
577.5647 	EXP 	cue_text: autoDraw = True
577.8652 	EXP 	cue_text: autoDraw = False
578.1658 	INFO 	Keyboard events cleared
578.1656 	EXP 	target: autoDraw = True
578.7311 	EXP 	Device response: <KeyPress from None: t=578.7274949999992, value=right, duration=None>
578.7314 	EXP 	New trial (rep=32, index=3): <Trial 323 (3 in rep 32) data={'cue_arrow': '←', 'target_x': -0.5, 'condition': 'valid', 'corr_Ans': 'left', 'thisN': 323, 'thisTrialN': 3, 'thisRepN': 32}>
578.7345 	DATA 	Keypress: right
578.7467 	EXP 	fixation: autoDraw = False
578.7467 	EXP 	cue_text: autoDraw = False
578.7467 	EXP 	target: autoDraw = False
578.7467 	EXP 	cue_text: height = np.float64(0.1)
578.7467 	EXP 	cue_text: height = np.float64(0.1)
578.7467 	EXP 	cue_text: height = np.float64(0.1)
578.7467 	EXP 	cue_text: text = '←'
578.7467 	EXP 	fixation: autoDraw = True
578.8647 	EXP 	Device response: <KeyPress from None: t=578.7274949999992, value=right, duration=0.13426380000601057>
579.2318 	EXP 	fixation: autoDraw = False
579.2318 	EXP 	cue_text: autoDraw = True
579.5314 	EXP 	cue_text: autoDraw = False
579.8318 	INFO 	Keyboard events cleared
579.8315 	EXP 	target: autoDraw = True
580.2146 	EXP 	Device response: <KeyPress from None: t=580.2098941000004, value=left, duration=None>
580.2150 	EXP 	New trial (rep=32, index=4): <Trial 324 (4 in rep 32) data={'cue_arrow': '←', 'target_x': -0.5, 'condition': 'valid', 'corr_Ans': 'left', 'thisN': 324, 'thisTrialN': 4, 'thisRepN': 32}>
580.2168 	DATA 	Keypress: left
580.2301 	EXP 	fixation: autoDraw = False
580.2301 	EXP 	cue_text: autoDraw = False
580.2301 	EXP 	target: autoDraw = False
580.2301 	EXP 	cue_text: text = '←'
580.2301 	EXP 	fixation: autoDraw = True
580.3980 	EXP 	Device response: <KeyPress from None: t=580.2098941000004, value=left, duration=0.18218489999708254>
580.7156 	EXP 	fixation: autoDraw = False
580.7156 	EXP 	cue_text: autoDraw = True
581.0147 	EXP 	cue_text: autoDraw = False
581.3147 	INFO 	Keyboard events cleared
581.3145 	EXP 	target: autoDraw = True
581.6483 	EXP 	Device response: <KeyPress from None: t=581.6372590999963, value=left, duration=None>
581.6486 	EXP 	New trial (rep=32, index=5): <Trial 325 (5 in rep 32) data={'cue_arrow': '→', 'target_x': 0.5, 'condition': 'valid', 'corr_Ans': 'right', 'thisN': 325, 'thisTrialN': 5, 'thisRepN': 32}>
581.6515 	DATA 	Keypress: left
581.6645 	EXP 	fixation: autoDraw = False
581.6645 	EXP 	cue_text: autoDraw = False
581.6645 	EXP 	target: autoDraw = False
581.6645 	EXP 	cue_text: height = np.float64(0.1)
581.6645 	EXP 	cue_text: height = np.float64(0.1)
581.6645 	EXP 	cue_text: height = np.float64(0.1)
581.6645 	EXP 	cue_text: text = '→'
581.6645 	EXP 	fixation: autoDraw = True
581.8313 	EXP 	Device response: <KeyPress from None: t=581.6372590999963, value=left, duration=0.19012159999692813>
582.1480 	EXP 	fixation: autoDraw = False
582.1480 	EXP 	cue_text: autoDraw = True
582.4479 	EXP 	cue_text: autoDraw = False
582.7487 	INFO 	Keyboard events cleared
582.7485 	EXP 	target: autoDraw = True
583.0146 	EXP 	Device response: <KeyPress from None: t=583.0036432000052, value=right, duration=None>
583.0149 	EXP 	New trial (rep=32, index=6): <Trial 326 (6 in rep 32) data={'cue_arrow': '→', 'target_x': 0.5, 'condition': 'valid', 'corr_Ans': 'right', 'thisN': 326, 'thisTrialN': 6, 'thisRepN': 32}>
583.0161 	DATA 	Keypress: right
583.0308 	EXP 	fixation: autoDraw = False
583.0308 	EXP 	cue_text: autoDraw = False
583.0308 	EXP 	target: autoDraw = False
583.0308 	EXP 	cue_text: text = '→'
583.0308 	EXP 	fixation: autoDraw = True
583.1648 	EXP 	Device response: <KeyPress from None: t=583.0036432000052, value=right, duration=0.15385109999624547>
583.5319 	EXP 	fixation: autoDraw = False
583.5319 	EXP 	cue_text: autoDraw = True
583.8320 	EXP 	cue_text: autoDraw = False
584.1154 	INFO 	Keyboard events cleared
584.1152 	EXP 	target: autoDraw = True
584.4654 	EXP 	Device response: <KeyPress from None: t=584.4555781999952, value=right, duration=None>
584.4657 	EXP 	New trial (rep=32, index=7): <Trial 327 (7 in rep 32) data={'cue_arrow': '→', 'target_x': -0.5, 'condition': 'invalid', 'corr_Ans': 'left', 'thisN': 327, 'thisTrialN': 7, 'thisRepN': 32}>
584.4669 	DATA 	Keypress: right
584.4802 	EXP 	fixation: autoDraw = False
584.4802 	EXP 	cue_text: autoDraw = False
584.4802 	EXP 	target: autoDraw = False
584.4802 	EXP 	cue_text: text = '→'
584.4802 	EXP 	fixation: autoDraw = True
584.6140 	EXP 	Device response: <KeyPress from None: t=584.4555781999952, value=right, duration=0.1419478000025265>
584.9648 	EXP 	fixation: autoDraw = False
584.9648 	EXP 	cue_text: autoDraw = True
585.2801 	EXP 	cue_text: autoDraw = False
585.5654 	INFO 	Keyboard events cleared
585.5651 	EXP 	target: autoDraw = True
586.6653 	EXP 	Device response: <KeyPress from None: t=586.6645178000035, value=left, duration=None>
586.6656 	EXP 	New trial (rep=32, index=8): <Trial 328 (8 in rep 32) data={'cue_arrow': '←', 'target_x': -0.5, 'condition': 'valid', 'corr_Ans': 'left', 'thisN': 328, 'thisTrialN': 8, 'thisRepN': 32}>
586.6689 	DATA 	Keypress: left
586.6804 	EXP 	fixation: autoDraw = False
586.6804 	EXP 	cue_text: autoDraw = False
586.6804 	EXP 	target: autoDraw = False
586.6804 	EXP 	cue_text: height = np.float64(0.1)
586.6804 	EXP 	cue_text: height = np.float64(0.1)
586.6804 	EXP 	cue_text: height = np.float64(0.1)
586.6804 	EXP 	cue_text: text = '←'
586.6804 	EXP 	fixation: autoDraw = True
586.8157 	EXP 	Device response: <KeyPress from None: t=586.6645178000035, value=left, duration=0.13920219999272376>
587.1653 	EXP 	fixation: autoDraw = False
587.1653 	EXP 	cue_text: autoDraw = True
587.4819 	EXP 	cue_text: autoDraw = False
587.7636 	INFO 	Keyboard events cleared
587.7634 	EXP 	target: autoDraw = True
588.7993 	EXP 	Device response: <KeyPress from None: t=588.7888185000047, value=left, duration=None>
588.7997 	EXP 	New trial (rep=32, index=9): <Trial 329 (9 in rep 32) data={'cue_arrow': '←', 'target_x': -0.5, 'condition': 'valid', 'corr_Ans': 'left', 'thisN': 329, 'thisTrialN': 9, 'thisRepN': 32}>
588.8011 	DATA 	Keypress: left
588.8143 	EXP 	fixation: autoDraw = False
588.8143 	EXP 	cue_text: autoDraw = False
588.8143 	EXP 	target: autoDraw = False
588.8143 	EXP 	cue_text: text = '←'
588.8143 	EXP 	fixation: autoDraw = True
588.9323 	EXP 	Device response: <KeyPress from None: t=588.7888185000047, value=left, duration=0.13993459999619517>
589.3150 	EXP 	fixation: autoDraw = False
589.3150 	EXP 	cue_text: autoDraw = True
589.5986 	EXP 	cue_text: autoDraw = False
589.9155 	INFO 	Keyboard events cleared
589.9153 	EXP 	target: autoDraw = True
590.3653 	EXP 	Device response: <KeyPress from None: t=590.3575840999983, value=left, duration=None>
590.3658 	EXP 	New trial (rep=33, index=0): <Trial 330 (0 in rep 33) data={'cue_arrow': '→', 'target_x': 0.5, 'condition': 'valid', 'corr_Ans': 'right', 'thisN': 330, 'thisTrialN': 0, 'thisRepN': 33}>
590.3689 	DATA 	Keypress: left
590.3810 	EXP 	fixation: autoDraw = False
590.3810 	EXP 	cue_text: autoDraw = False
590.3810 	EXP 	target: autoDraw = False
590.3810 	EXP 	cue_text: height = np.float64(0.1)
590.3810 	EXP 	cue_text: height = np.float64(0.1)
590.3810 	EXP 	cue_text: height = np.float64(0.1)
590.3810 	EXP 	cue_text: text = '→'
590.3810 	EXP 	fixation: autoDraw = True
590.5158 	EXP 	Device response: <KeyPress from None: t=590.3575840999983, value=left, duration=0.14851159999670926>
590.8648 	EXP 	fixation: autoDraw = False
590.8648 	EXP 	cue_text: autoDraw = True
591.1653 	EXP 	cue_text: autoDraw = False
591.4650 	INFO 	Keyboard events cleared
591.4648 	EXP 	target: autoDraw = True
592.3323 	EXP 	Device response: <KeyPress from None: t=592.3256352000026, value=right, duration=None>
592.3327 	EXP 	New trial (rep=33, index=1): <Trial 331 (1 in rep 33) data={'cue_arrow': '←', 'target_x': -0.5, 'condition': 'valid', 'corr_Ans': 'left', 'thisN': 331, 'thisTrialN': 1, 'thisRepN': 33}>
592.3360 	DATA 	Keypress: right
592.3474 	EXP 	fixation: autoDraw = False
592.3474 	EXP 	cue_text: autoDraw = False
592.3474 	EXP 	target: autoDraw = False
592.3474 	EXP 	cue_text: height = np.float64(0.1)
592.3474 	EXP 	cue_text: height = np.float64(0.1)
592.3474 	EXP 	cue_text: height = np.float64(0.1)
592.3474 	EXP 	cue_text: text = '←'
592.3474 	EXP 	fixation: autoDraw = True
592.4475 	EXP 	Device response: <KeyPress from None: t=592.3256352000026, value=right, duration=0.11422119999770075>
592.8487 	EXP 	fixation: autoDraw = False
592.8487 	EXP 	cue_text: autoDraw = True
593.1321 	EXP 	cue_text: autoDraw = False
593.4316 	INFO 	Keyboard events cleared
593.4314 	EXP 	target: autoDraw = True
593.9151 	EXP 	Device response: <KeyPress from None: t=593.9130898000003, value=left, duration=None>
593.9154 	EXP 	New trial (rep=33, index=2): <Trial 332 (2 in rep 33) data={'cue_arrow': '→', 'target_x': 0.5, 'condition': 'valid', 'corr_Ans': 'right', 'thisN': 332, 'thisTrialN': 2, 'thisRepN': 33}>
593.9188 	DATA 	Keypress: left
593.9311 	EXP 	fixation: autoDraw = False
593.9311 	EXP 	cue_text: autoDraw = False
593.9311 	EXP 	target: autoDraw = False
593.9311 	EXP 	cue_text: height = np.float64(0.1)
593.9311 	EXP 	cue_text: height = np.float64(0.1)
593.9311 	EXP 	cue_text: height = np.float64(0.1)
593.9311 	EXP 	cue_text: text = '→'
593.9311 	EXP 	fixation: autoDraw = True
594.0480 	EXP 	Device response: <KeyPress from None: t=593.9130898000003, value=left, duration=0.11948360000678804>
594.4151 	EXP 	fixation: autoDraw = False
594.4151 	EXP 	cue_text: autoDraw = True
594.7320 	EXP 	cue_text: autoDraw = False
595.0156 	INFO 	Keyboard events cleared
595.0154 	EXP 	target: autoDraw = True
595.5315 	EXP 	Device response: <KeyPress from None: t=595.5168331000023, value=right, duration=None>
595.5319 	EXP 	New trial (rep=33, index=3): <Trial 333 (3 in rep 33) data={'cue_arrow': '→', 'target_x': -0.5, 'condition': 'invalid', 'corr_Ans': 'left', 'thisN': 333, 'thisTrialN': 3, 'thisRepN': 33}>
595.5334 	DATA 	Keypress: right
595.5480 	EXP 	fixation: autoDraw = False
595.5480 	EXP 	cue_text: autoDraw = False
595.5480 	EXP 	target: autoDraw = False
595.5480 	EXP 	cue_text: text = '→'
595.5480 	EXP 	fixation: autoDraw = True
595.6482 	EXP 	Device response: <KeyPress from None: t=595.5168331000023, value=right, duration=0.11478139999962877>
596.0491 	EXP 	fixation: autoDraw = False
596.0491 	EXP 	cue_text: autoDraw = True
596.3322 	EXP 	cue_text: autoDraw = False
596.6320 	INFO 	Keyboard events cleared
596.6318 	EXP 	target: autoDraw = True
598.2994 	EXP 	Device response: <KeyPress from None: t=598.2899915000016, value=left, duration=None>
598.2997 	EXP 	New trial (rep=33, index=4): <Trial 334 (4 in rep 33) data={'cue_arrow': '→', 'target_x': 0.5, 'condition': 'valid', 'corr_Ans': 'right', 'thisN': 334, 'thisTrialN': 4, 'thisRepN': 33}>
598.3010 	DATA 	Keypress: left
598.3138 	EXP 	fixation: autoDraw = False
598.3138 	EXP 	cue_text: autoDraw = False
598.3138 	EXP 	target: autoDraw = False
598.3138 	EXP 	cue_text: text = '→'
598.3138 	EXP 	fixation: autoDraw = True
598.4983 	EXP 	Device response: <KeyPress from None: t=598.2899915000016, value=left, duration=0.1937264000007417>
598.8148 	EXP 	fixation: autoDraw = False
598.8148 	EXP 	cue_text: autoDraw = True
599.1148 	EXP 	cue_text: autoDraw = False
599.4154 	INFO 	Keyboard events cleared
599.4152 	EXP 	target: autoDraw = True
599.7648 	EXP 	Device response: <KeyPress from None: t=599.7592408000055, value=right, duration=None>
599.7652 	EXP 	New trial (rep=33, index=5): <Trial 335 (5 in rep 33) data={'cue_arrow': '←', 'target_x': -0.5, 'condition': 'valid', 'corr_Ans': 'left', 'thisN': 335, 'thisTrialN': 5, 'thisRepN': 33}>
599.7683 	DATA 	Keypress: right
599.7804 	EXP 	fixation: autoDraw = False
599.7804 	EXP 	cue_text: autoDraw = False
599.7804 	EXP 	target: autoDraw = False
599.7804 	EXP 	cue_text: height = np.float64(0.1)
599.7804 	EXP 	cue_text: height = np.float64(0.1)
599.7804 	EXP 	cue_text: height = np.float64(0.1)
599.7804 	EXP 	cue_text: text = '←'
599.7804 	EXP 	fixation: autoDraw = True
599.9150 	EXP 	Device response: <KeyPress from None: t=599.7592408000055, value=right, duration=0.14592919999267906>
600.2656 	EXP 	fixation: autoDraw = False
600.2656 	EXP 	cue_text: autoDraw = True
600.5651 	EXP 	cue_text: autoDraw = False
600.8826 	INFO 	Keyboard events cleared
600.8824 	EXP 	target: autoDraw = True
601.3650 	EXP 	Device response: <KeyPress from None: t=601.3583316000004, value=left, duration=None>
601.3654 	EXP 	New trial (rep=33, index=6): <Trial 336 (6 in rep 33) data={'cue_arrow': '←', 'target_x': -0.5, 'condition': 'valid', 'corr_Ans': 'left', 'thisN': 336, 'thisTrialN': 6, 'thisRepN': 33}>
601.3665 	DATA 	Keypress: left
601.3819 	EXP 	fixation: autoDraw = False
601.3819 	EXP 	cue_text: autoDraw = False
601.3819 	EXP 	target: autoDraw = False
601.3819 	EXP 	cue_text: text = '←'
601.3819 	EXP 	fixation: autoDraw = True
601.5497 	EXP 	Device response: <KeyPress from None: t=601.3583316000004, value=left, duration=0.18173490000481252>
601.8657 	EXP 	fixation: autoDraw = False
601.8657 	EXP 	cue_text: autoDraw = True
602.1823 	EXP 	cue_text: autoDraw = False
602.4657 	INFO 	Keyboard events cleared
602.4655 	EXP 	target: autoDraw = True
603.0325 	EXP 	Device response: <KeyPress from None: t=603.0260282999952, value=left, duration=None>
603.0329 	EXP 	New trial (rep=33, index=7): <Trial 337 (7 in rep 33) data={'cue_arrow': '→', 'target_x': 0.5, 'condition': 'valid', 'corr_Ans': 'right', 'thisN': 337, 'thisTrialN': 7, 'thisRepN': 33}>
603.0364 	DATA 	Keypress: left
603.0467 	EXP 	fixation: autoDraw = False
603.0467 	EXP 	cue_text: autoDraw = False
603.0467 	EXP 	target: autoDraw = False
603.0467 	EXP 	cue_text: height = np.float64(0.1)
603.0467 	EXP 	cue_text: height = np.float64(0.1)
603.0467 	EXP 	cue_text: height = np.float64(0.1)
603.0467 	EXP 	cue_text: text = '→'
603.0467 	EXP 	fixation: autoDraw = True
603.2150 	EXP 	Device response: <KeyPress from None: t=603.0260282999952, value=left, duration=0.1851911999983713>
603.5484 	EXP 	fixation: autoDraw = False
603.5484 	EXP 	cue_text: autoDraw = True
603.8489 	EXP 	cue_text: autoDraw = False
604.1490 	INFO 	Keyboard events cleared
604.1488 	EXP 	target: autoDraw = True
604.4810 	EXP 	Device response: <KeyPress from None: t=604.4755861000012, value=right, duration=None>
604.4814 	EXP 	New trial (rep=33, index=8): <Trial 338 (8 in rep 33) data={'cue_arrow': '←', 'target_x': -0.5, 'condition': 'valid', 'corr_Ans': 'left', 'thisN': 338, 'thisTrialN': 8, 'thisRepN': 33}>
604.4845 	DATA 	Keypress: right
604.4978 	EXP 	fixation: autoDraw = False
604.4978 	EXP 	cue_text: autoDraw = False
604.4978 	EXP 	target: autoDraw = False
604.4978 	EXP 	cue_text: height = np.float64(0.1)
604.4978 	EXP 	cue_text: height = np.float64(0.1)
604.4978 	EXP 	cue_text: height = np.float64(0.1)
604.4978 	EXP 	cue_text: text = '←'
604.4978 	EXP 	fixation: autoDraw = True
604.6819 	EXP 	Device response: <KeyPress from None: t=604.4755861000012, value=right, duration=0.19569229999615345>
604.9822 	EXP 	fixation: autoDraw = False
604.9822 	EXP 	cue_text: autoDraw = True
605.2813 	EXP 	cue_text: autoDraw = False
605.5825 	INFO 	Keyboard events cleared
605.5823 	EXP 	target: autoDraw = True
605.8644 	EXP 	Device response: <KeyPress from None: t=605.8496065000072, value=left, duration=None>
605.8648 	EXP 	New trial (rep=33, index=9): <Trial 339 (9 in rep 33) data={'cue_arrow': '←', 'target_x': 0.5, 'condition': 'invalid', 'corr_Ans': 'right', 'thisN': 339, 'thisTrialN': 9, 'thisRepN': 33}>
605.8659 	DATA 	Keypress: left
605.8811 	EXP 	fixation: autoDraw = False
605.8811 	EXP 	cue_text: autoDraw = False
605.8811 	EXP 	target: autoDraw = False
605.8811 	EXP 	cue_text: text = '←'
605.8811 	EXP 	fixation: autoDraw = True
606.0308 	EXP 	Device response: <KeyPress from None: t=605.8496065000072, value=left, duration=0.17465459999220911>
606.3653 	EXP 	fixation: autoDraw = False
606.3653 	EXP 	cue_text: autoDraw = True
606.6655 	EXP 	cue_text: autoDraw = False
606.9658 	INFO 	Keyboard events cleared
606.9655 	EXP 	target: autoDraw = True
608.0979 	EXP 	Device response: <KeyPress from None: t=608.0847847999976, value=right, duration=None>
608.0983 	EXP 	New trial (rep=34, index=0): <Trial 340 (0 in rep 34) data={'cue_arrow': '→', 'target_x': 0.5, 'condition': 'valid', 'corr_Ans': 'right', 'thisN': 340, 'thisTrialN': 0, 'thisRepN': 34}>
608.1017 	DATA 	Keypress: right
608.1138 	EXP 	fixation: autoDraw = False
608.1138 	EXP 	cue_text: autoDraw = False
608.1138 	EXP 	target: autoDraw = False
608.1138 	EXP 	cue_text: height = np.float64(0.1)
608.1138 	EXP 	cue_text: height = np.float64(0.1)
608.1138 	EXP 	cue_text: height = np.float64(0.1)
608.1138 	EXP 	cue_text: text = '→'
608.1138 	EXP 	fixation: autoDraw = True
608.2325 	EXP 	Device response: <KeyPress from None: t=608.0847847999976, value=right, duration=0.1391834999958519>
608.5985 	EXP 	fixation: autoDraw = False
608.5985 	EXP 	cue_text: autoDraw = True
608.8987 	EXP 	cue_text: autoDraw = False
609.1979 	INFO 	Keyboard events cleared
609.1978 	EXP 	target: autoDraw = True
609.4984 	EXP 	Device response: <KeyPress from None: t=609.4896486000071, value=right, duration=None>
609.4987 	EXP 	New trial (rep=34, index=1): <Trial 341 (1 in rep 34) data={'cue_arrow': '→', 'target_x': 0.5, 'condition': 'valid', 'corr_Ans': 'right', 'thisN': 341, 'thisTrialN': 1, 'thisRepN': 34}>
609.4999 	DATA 	Keypress: right
609.5140 	EXP 	fixation: autoDraw = False
609.5140 	EXP 	cue_text: autoDraw = False
609.5140 	EXP 	target: autoDraw = False
609.5140 	EXP 	cue_text: text = '→'
609.5140 	EXP 	fixation: autoDraw = True
609.6479 	EXP 	Device response: <KeyPress from None: t=609.4896486000071, value=right, duration=0.15020849999564234>
609.9991 	EXP 	fixation: autoDraw = False
609.9991 	EXP 	cue_text: autoDraw = True
610.2981 	EXP 	cue_text: autoDraw = False
610.6159 	INFO 	Keyboard events cleared
610.6157 	EXP 	target: autoDraw = True
610.8645 	EXP 	Device response: <KeyPress from None: t=610.8545838999999, value=right, duration=None>
610.8649 	EXP 	New trial (rep=34, index=2): <Trial 342 (2 in rep 34) data={'cue_arrow': '→', 'target_x': 0.5, 'condition': 'valid', 'corr_Ans': 'right', 'thisN': 342, 'thisTrialN': 2, 'thisRepN': 34}>
610.8661 	DATA 	Keypress: right
610.8806 	EXP 	fixation: autoDraw = False
610.8806 	EXP 	cue_text: autoDraw = False
610.8806 	EXP 	target: autoDraw = False
610.8806 	EXP 	cue_text: text = '→'
610.8806 	EXP 	fixation: autoDraw = True
611.0317 	EXP 	Device response: <KeyPress from None: t=610.8545838999999, value=right, duration=0.16836009999678936>
611.3647 	EXP 	fixation: autoDraw = False
611.3647 	EXP 	cue_text: autoDraw = True
611.6656 	EXP 	cue_text: autoDraw = False
611.9656 	INFO 	Keyboard events cleared
611.9654 	EXP 	target: autoDraw = True
612.2329 	EXP 	Device response: <KeyPress from None: t=612.2256692999945, value=right, duration=None>
612.2333 	EXP 	New trial (rep=34, index=3): <Trial 343 (3 in rep 34) data={'cue_arrow': '→', 'target_x': -0.5, 'condition': 'invalid', 'corr_Ans': 'left', 'thisN': 343, 'thisTrialN': 3, 'thisRepN': 34}>
612.2348 	DATA 	Keypress: right
612.2474 	EXP 	fixation: autoDraw = False
612.2474 	EXP 	cue_text: autoDraw = False
612.2474 	EXP 	target: autoDraw = False
612.2474 	EXP 	cue_text: text = '→'
612.2474 	EXP 	fixation: autoDraw = True
612.3822 	EXP 	Device response: <KeyPress from None: t=612.2256692999945, value=right, duration=0.14790870000433642>
612.7490 	EXP 	fixation: autoDraw = False
612.7490 	EXP 	cue_text: autoDraw = True
613.0329 	EXP 	cue_text: autoDraw = False
613.3482 	INFO 	Keyboard events cleared
613.3481 	EXP 	target: autoDraw = True
613.8980 	EXP 	Device response: <KeyPress from None: t=613.8933961000002, value=left, duration=None>
613.8983 	EXP 	New trial (rep=34, index=4): <Trial 344 (4 in rep 34) data={'cue_arrow': '←', 'target_x': 0.5, 'condition': 'invalid', 'corr_Ans': 'right', 'thisN': 344, 'thisTrialN': 4, 'thisRepN': 34}>
613.9014 	DATA 	Keypress: left
613.9139 	EXP 	fixation: autoDraw = False
613.9139 	EXP 	cue_text: autoDraw = False
613.9139 	EXP 	target: autoDraw = False
613.9139 	EXP 	cue_text: height = np.float64(0.1)
613.9139 	EXP 	cue_text: height = np.float64(0.1)
613.9139 	EXP 	cue_text: height = np.float64(0.1)
613.9139 	EXP 	cue_text: text = '←'
613.9139 	EXP 	fixation: autoDraw = True
613.9980 	EXP 	Device response: <KeyPress from None: t=613.8933961000002, value=left, duration=0.10108829999808222>
614.3989 	EXP 	fixation: autoDraw = False
614.3989 	EXP 	cue_text: autoDraw = True
614.6986 	EXP 	cue_text: autoDraw = False
614.9990 	INFO 	Keyboard events cleared
614.9987 	EXP 	target: autoDraw = True
615.7993 	EXP 	Device response: <KeyPress from None: t=615.7965552999958, value=right, duration=None>
615.7997 	EXP 	New trial (rep=34, index=5): <Trial 345 (5 in rep 34) data={'cue_arrow': '→', 'target_x': 0.5, 'condition': 'valid', 'corr_Ans': 'right', 'thisN': 345, 'thisTrialN': 5, 'thisRepN': 34}>
615.8027 	DATA 	Keypress: right
615.8147 	EXP 	fixation: autoDraw = False
615.8147 	EXP 	cue_text: autoDraw = False
615.8147 	EXP 	target: autoDraw = False
615.8147 	EXP 	cue_text: height = np.float64(0.1)
615.8147 	EXP 	cue_text: height = np.float64(0.1)
615.8147 	EXP 	cue_text: height = np.float64(0.1)
615.8147 	EXP 	cue_text: text = '→'
615.8147 	EXP 	fixation: autoDraw = True
615.9479 	EXP 	Device response: <KeyPress from None: t=615.7965552999958, value=right, duration=0.1417550000041956>
616.2991 	EXP 	fixation: autoDraw = False
616.2991 	EXP 	cue_text: autoDraw = True
616.5993 	EXP 	cue_text: autoDraw = False
616.8989 	INFO 	Keyboard events cleared
616.8987 	EXP 	target: autoDraw = True
617.8159 	EXP 	Device response: <KeyPress from None: t=617.8079378999973, value=right, duration=None>
617.8165 	EXP 	New trial (rep=34, index=6): <Trial 346 (6 in rep 34) data={'cue_arrow': '←', 'target_x': -0.5, 'condition': 'valid', 'corr_Ans': 'left', 'thisN': 346, 'thisTrialN': 6, 'thisRepN': 34}>
617.8200 	DATA 	Keypress: right
617.8303 	EXP 	fixation: autoDraw = False
617.8303 	EXP 	cue_text: autoDraw = False
617.8303 	EXP 	target: autoDraw = False
617.8303 	EXP 	cue_text: height = np.float64(0.1)
617.8303 	EXP 	cue_text: height = np.float64(0.1)
617.8303 	EXP 	cue_text: height = np.float64(0.1)
617.8303 	EXP 	cue_text: text = '←'
617.8303 	EXP 	fixation: autoDraw = True
617.9499 	EXP 	Device response: <KeyPress from None: t=617.8079378999973, value=right, duration=0.13510660000611097>
618.3149 	EXP 	fixation: autoDraw = False
618.3149 	EXP 	cue_text: autoDraw = True
618.6148 	EXP 	cue_text: autoDraw = False
618.9164 	INFO 	Keyboard events cleared
618.9162 	EXP 	target: autoDraw = True
619.4150 	EXP 	Device response: <KeyPress from None: t=619.4139239000069, value=left, duration=None>
619.4153 	EXP 	New trial (rep=34, index=7): <Trial 347 (7 in rep 34) data={'cue_arrow': '←', 'target_x': -0.5, 'condition': 'valid', 'corr_Ans': 'left', 'thisN': 347, 'thisTrialN': 7, 'thisRepN': 34}>
619.4165 	DATA 	Keypress: left
619.4310 	EXP 	fixation: autoDraw = False
619.4310 	EXP 	cue_text: autoDraw = False
619.4310 	EXP 	target: autoDraw = False
619.4310 	EXP 	cue_text: text = '←'
619.4310 	EXP 	fixation: autoDraw = True
619.5653 	EXP 	Device response: <KeyPress from None: t=619.4139239000069, value=left, duration=0.14293769998766948>
619.9158 	EXP 	fixation: autoDraw = False
619.9158 	EXP 	cue_text: autoDraw = True
620.2147 	EXP 	cue_text: autoDraw = False
620.5160 	INFO 	Keyboard events cleared
620.5157 	EXP 	target: autoDraw = True
621.2650 	EXP 	Device response: <KeyPress from None: t=621.255201699998, value=left, duration=None>
621.2653 	EXP 	New trial (rep=34, index=8): <Trial 348 (8 in rep 34) data={'cue_arrow': '←', 'target_x': -0.5, 'condition': 'valid', 'corr_Ans': 'left', 'thisN': 348, 'thisTrialN': 8, 'thisRepN': 34}>
621.2664 	DATA 	Keypress: left
621.2814 	EXP 	fixation: autoDraw = False
621.2814 	EXP 	cue_text: autoDraw = False
621.2814 	EXP 	target: autoDraw = False
621.2814 	EXP 	cue_text: text = '←'
621.2814 	EXP 	fixation: autoDraw = True
621.4321 	EXP 	Device response: <KeyPress from None: t=621.255201699998, value=left, duration=0.16566310000780504>
621.7653 	EXP 	fixation: autoDraw = False
621.7653 	EXP 	cue_text: autoDraw = True
622.0649 	EXP 	cue_text: autoDraw = False
622.3660 	INFO 	Keyboard events cleared
622.3658 	EXP 	target: autoDraw = True
622.7320 	EXP 	Device response: <KeyPress from None: t=622.7243332999933, value=left, duration=None>
622.7324 	EXP 	New trial (rep=34, index=9): <Trial 349 (9 in rep 34) data={'cue_arrow': '←', 'target_x': -0.5, 'condition': 'valid', 'corr_Ans': 'left', 'thisN': 349, 'thisTrialN': 9, 'thisRepN': 34}>
622.7340 	DATA 	Keypress: left
622.7483 	EXP 	fixation: autoDraw = False
622.7483 	EXP 	cue_text: autoDraw = False
622.7483 	EXP 	target: autoDraw = False
622.7483 	EXP 	cue_text: text = '←'
622.7483 	EXP 	fixation: autoDraw = True
622.8984 	EXP 	Device response: <KeyPress from None: t=622.7243332999933, value=left, duration=0.16788990001077764>
623.2309 	EXP 	fixation: autoDraw = False
623.2309 	EXP 	cue_text: autoDraw = True
623.5323 	EXP 	cue_text: autoDraw = False
623.8319 	INFO 	Keyboard events cleared
623.8317 	EXP 	target: autoDraw = True
624.3658 	EXP 	Device response: <KeyPress from None: t=624.3508692000032, value=left, duration=None>
624.3661 	EXP 	New trial (rep=35, index=0): <Trial 350 (0 in rep 35) data={'cue_arrow': '←', 'target_x': -0.5, 'condition': 'valid', 'corr_Ans': 'left', 'thisN': 350, 'thisTrialN': 0, 'thisRepN': 35}>
624.3673 	DATA 	Keypress: left
624.3818 	EXP 	fixation: autoDraw = False
624.3818 	EXP 	cue_text: autoDraw = False
624.3818 	EXP 	target: autoDraw = False
624.3818 	EXP 	cue_text: text = '←'
624.3818 	EXP 	fixation: autoDraw = True
624.4988 	EXP 	Device response: <KeyPress from None: t=624.3508692000032, value=left, duration=0.13761750000412576>
624.8658 	EXP 	fixation: autoDraw = False
624.8658 	EXP 	cue_text: autoDraw = True
625.1816 	EXP 	cue_text: autoDraw = False
625.4660 	INFO 	Keyboard events cleared
625.4658 	EXP 	target: autoDraw = True
625.8990 	EXP 	Device response: <KeyPress from None: t=625.8905916000076, value=left, duration=None>
625.8994 	EXP 	New trial (rep=35, index=1): <Trial 351 (1 in rep 35) data={'cue_arrow': '←', 'target_x': -0.5, 'condition': 'valid', 'corr_Ans': 'left', 'thisN': 351, 'thisTrialN': 1, 'thisRepN': 35}>
625.9008 	DATA 	Keypress: left
625.9150 	EXP 	fixation: autoDraw = False
625.9150 	EXP 	cue_text: autoDraw = False
625.9150 	EXP 	target: autoDraw = False
625.9150 	EXP 	cue_text: text = '←'
625.9150 	EXP 	fixation: autoDraw = True
626.0652 	EXP 	Device response: <KeyPress from None: t=625.8905916000076, value=left, duration=0.16531989999930374>
626.3994 	EXP 	fixation: autoDraw = False
626.3994 	EXP 	cue_text: autoDraw = True
626.6990 	EXP 	cue_text: autoDraw = False
627.0160 	INFO 	Keyboard events cleared
627.0158 	EXP 	target: autoDraw = True
627.3325 	EXP 	Device response: <KeyPress from None: t=627.3301539999957, value=left, duration=None>
627.3329 	EXP 	New trial (rep=35, index=2): <Trial 352 (2 in rep 35) data={'cue_arrow': '←', 'target_x': -0.5, 'condition': 'valid', 'corr_Ans': 'left', 'thisN': 352, 'thisTrialN': 2, 'thisRepN': 35}>
627.3341 	DATA 	Keypress: left
627.3475 	EXP 	fixation: autoDraw = False
627.3475 	EXP 	cue_text: autoDraw = False
627.3475 	EXP 	target: autoDraw = False
627.3475 	EXP 	cue_text: text = '←'
627.3475 	EXP 	fixation: autoDraw = True
627.5146 	EXP 	Device response: <KeyPress from None: t=627.3301539999957, value=left, duration=0.1818667000043206>
627.8320 	EXP 	fixation: autoDraw = False
627.8320 	EXP 	cue_text: autoDraw = True
628.1328 	EXP 	cue_text: autoDraw = False
628.4328 	INFO 	Keyboard events cleared
628.4326 	EXP 	target: autoDraw = True
628.7152 	EXP 	Device response: <KeyPress from None: t=628.704333200003, value=left, duration=None>
628.7155 	EXP 	New trial (rep=35, index=3): <Trial 353 (3 in rep 35) data={'cue_arrow': '→', 'target_x': 0.5, 'condition': 'valid', 'corr_Ans': 'right', 'thisN': 353, 'thisTrialN': 3, 'thisRepN': 35}>
628.7193 	DATA 	Keypress: left
628.7331 	EXP 	fixation: autoDraw = False
628.7331 	EXP 	cue_text: autoDraw = False
628.7331 	EXP 	target: autoDraw = False
628.7331 	EXP 	cue_text: height = np.float64(0.1)
628.7331 	EXP 	cue_text: height = np.float64(0.1)
628.7331 	EXP 	cue_text: height = np.float64(0.1)
628.7331 	EXP 	cue_text: text = '→'
628.7331 	EXP 	fixation: autoDraw = True
628.8663 	EXP 	Device response: <KeyPress from None: t=628.704333200003, value=left, duration=0.1523523999931058>
629.2160 	EXP 	fixation: autoDraw = False
629.2160 	EXP 	cue_text: autoDraw = True
629.5145 	EXP 	cue_text: autoDraw = False
629.8147 	INFO 	Keyboard events cleared
629.8145 	EXP 	target: autoDraw = True
630.1843 	DATA 	Keypress: right
630.1990 	EXP 	Device response: <KeyPress from None: t=630.1832120000036, value=right, duration=None>
630.1993 	EXP 	New trial (rep=35, index=4): <Trial 354 (4 in rep 35) data={'cue_arrow': '→', 'target_x': 0.5, 'condition': 'valid', 'corr_Ans': 'right', 'thisN': 354, 'thisTrialN': 4, 'thisRepN': 35}>
630.2157 	EXP 	fixation: autoDraw = False
630.2157 	EXP 	cue_text: autoDraw = False
630.2157 	EXP 	target: autoDraw = False
630.2157 	EXP 	cue_text: text = '→'
630.2157 	EXP 	fixation: autoDraw = True
630.2988 	EXP 	Device response: <KeyPress from None: t=630.1832120000036, value=right, duration=0.1131362000014633>
630.7160 	EXP 	fixation: autoDraw = False
630.7160 	EXP 	cue_text: autoDraw = True
630.9991 	EXP 	cue_text: autoDraw = False
631.2996 	INFO 	Keyboard events cleared
631.2994 	EXP 	target: autoDraw = True
631.6483 	EXP 	Device response: <KeyPress from None: t=631.6438619999972, value=right, duration=None>
631.6488 	EXP 	New trial (rep=35, index=5): <Trial 355 (5 in rep 35) data={'cue_arrow': '←', 'target_x': 0.5, 'condition': 'invalid', 'corr_Ans': 'right', 'thisN': 355, 'thisTrialN': 5, 'thisRepN': 35}>
631.6517 	DATA 	Keypress: right
631.6645 	EXP 	fixation: autoDraw = False
631.6645 	EXP 	cue_text: autoDraw = False
631.6645 	EXP 	target: autoDraw = False
631.6645 	EXP 	cue_text: height = np.float64(0.1)
631.6645 	EXP 	cue_text: height = np.float64(0.1)
631.6645 	EXP 	cue_text: height = np.float64(0.1)
631.6645 	EXP 	cue_text: text = '←'
631.6645 	EXP 	fixation: autoDraw = True
631.8659 	EXP 	Device response: <KeyPress from None: t=631.6438619999972, value=right, duration=0.2052731000003405>
632.1498 	EXP 	fixation: autoDraw = False
632.1498 	EXP 	cue_text: autoDraw = True
632.4492 	EXP 	cue_text: autoDraw = False
632.7495 	INFO 	Keyboard events cleared
632.7493 	EXP 	target: autoDraw = True
634.1990 	EXP 	Device response: <KeyPress from None: t=634.1835857999977, value=right, duration=None>
634.1993 	EXP 	New trial (rep=35, index=6): <Trial 356 (6 in rep 35) data={'cue_arrow': '→', 'target_x': -0.5, 'condition': 'invalid', 'corr_Ans': 'left', 'thisN': 356, 'thisTrialN': 6, 'thisRepN': 35}>
634.2023 	DATA 	Keypress: right
634.2153 	EXP 	fixation: autoDraw = False
634.2153 	EXP 	cue_text: autoDraw = False
634.2153 	EXP 	target: autoDraw = False
634.2153 	EXP 	cue_text: height = np.float64(0.1)
634.2153 	EXP 	cue_text: height = np.float64(0.1)
634.2153 	EXP 	cue_text: height = np.float64(0.1)
634.2153 	EXP 	cue_text: text = '→'
634.2153 	EXP 	fixation: autoDraw = True
634.3822 	EXP 	Device response: <KeyPress from None: t=634.1835857999977, value=right, duration=0.1817526000086218>
634.6995 	EXP 	fixation: autoDraw = False
634.6995 	EXP 	cue_text: autoDraw = True
634.9991 	EXP 	cue_text: autoDraw = False
635.2986 	INFO 	Keyboard events cleared
635.2984 	EXP 	target: autoDraw = True
636.7494 	EXP 	Device response: <KeyPress from None: t=636.7434196999966, value=left, duration=None>
636.7498 	EXP 	New trial (rep=35, index=7): <Trial 357 (7 in rep 35) data={'cue_arrow': '←', 'target_x': -0.5, 'condition': 'valid', 'corr_Ans': 'left', 'thisN': 357, 'thisTrialN': 7, 'thisRepN': 35}>
636.7529 	DATA 	Keypress: left
636.7655 	EXP 	fixation: autoDraw = False
636.7655 	EXP 	cue_text: autoDraw = False
636.7655 	EXP 	target: autoDraw = False
636.7655 	EXP 	cue_text: height = np.float64(0.1)
636.7655 	EXP 	cue_text: height = np.float64(0.1)
636.7655 	EXP 	cue_text: height = np.float64(0.1)
636.7655 	EXP 	cue_text: text = '←'
636.7655 	EXP 	fixation: autoDraw = True
636.8989 	EXP 	Device response: <KeyPress from None: t=636.7434196999966, value=left, duration=0.1484783000050811>
637.2646 	EXP 	fixation: autoDraw = False
637.2646 	EXP 	cue_text: autoDraw = True
637.5491 	EXP 	cue_text: autoDraw = False
637.8500 	INFO 	Keyboard events cleared
637.8497 	EXP 	target: autoDraw = True
638.5499 	EXP 	Device response: <KeyPress from None: t=638.5393777999998, value=left, duration=None>
638.5502 	EXP 	New trial (rep=35, index=8): <Trial 358 (8 in rep 35) data={'cue_arrow': '→', 'target_x': 0.5, 'condition': 'valid', 'corr_Ans': 'right', 'thisN': 358, 'thisTrialN': 8, 'thisRepN': 35}>
638.5549 	DATA 	Keypress: left
638.5635 	EXP 	fixation: autoDraw = False
638.5635 	EXP 	cue_text: autoDraw = False
638.5635 	EXP 	target: autoDraw = False
638.5635 	EXP 	cue_text: height = np.float64(0.1)
638.5635 	EXP 	cue_text: height = np.float64(0.1)
638.5635 	EXP 	cue_text: height = np.float64(0.1)
638.5635 	EXP 	cue_text: text = '→'
638.5635 	EXP 	fixation: autoDraw = True
638.6984 	EXP 	Device response: <KeyPress from None: t=638.5393777999998, value=left, duration=0.14381839999987278>
639.0661 	EXP 	fixation: autoDraw = False
639.0661 	EXP 	cue_text: autoDraw = True
639.3656 	EXP 	cue_text: autoDraw = False
639.6500 	INFO 	Keyboard events cleared
639.6498 	EXP 	target: autoDraw = True
640.1318 	EXP 	Device response: <KeyPress from None: t=640.1189578000049, value=right, duration=None>
640.1322 	EXP 	New trial (rep=35, index=9): <Trial 359 (9 in rep 35) data={'cue_arrow': '→', 'target_x': 0.5, 'condition': 'valid', 'corr_Ans': 'right', 'thisN': 359, 'thisTrialN': 9, 'thisRepN': 35}>
640.1334 	DATA 	Keypress: right
640.1494 	EXP 	fixation: autoDraw = False
640.1494 	EXP 	cue_text: autoDraw = False
640.1494 	EXP 	target: autoDraw = False
640.1494 	EXP 	cue_text: text = '→'
640.1494 	EXP 	fixation: autoDraw = True
640.2490 	EXP 	Device response: <KeyPress from None: t=640.1189578000049, value=right, duration=0.12481449999904726>
640.6329 	EXP 	fixation: autoDraw = False
640.6329 	EXP 	cue_text: autoDraw = True
640.9325 	EXP 	cue_text: autoDraw = False
641.2331 	INFO 	Keyboard events cleared
641.2329 	EXP 	target: autoDraw = True
641.6483 	EXP 	Device response: <KeyPress from None: t=641.6456572000025, value=right, duration=None>
641.6487 	EXP 	New trial (rep=36, index=0): <Trial 360 (0 in rep 36) data={'cue_arrow': '←', 'target_x': -0.5, 'condition': 'valid', 'corr_Ans': 'left', 'thisN': 360, 'thisTrialN': 0, 'thisRepN': 36}>
641.6517 	DATA 	Keypress: right
641.6649 	EXP 	fixation: autoDraw = False
641.6649 	EXP 	cue_text: autoDraw = False
641.6649 	EXP 	target: autoDraw = False
641.6649 	EXP 	cue_text: height = np.float64(0.1)
641.6649 	EXP 	cue_text: height = np.float64(0.1)
641.6649 	EXP 	cue_text: height = np.float64(0.1)
641.6649 	EXP 	cue_text: text = '←'
641.6649 	EXP 	fixation: autoDraw = True
641.8001 	EXP 	Device response: <KeyPress from None: t=641.6456572000025, value=right, duration=0.1432277999992948>
642.1497 	EXP 	fixation: autoDraw = False
642.1497 	EXP 	cue_text: autoDraw = True
642.4496 	EXP 	cue_text: autoDraw = False
642.7487 	INFO 	Keyboard events cleared
642.7485 	EXP 	target: autoDraw = True
643.0336 	EXP 	Device response: <KeyPress from None: t=643.0231853000005, value=left, duration=None>
643.0339 	EXP 	New trial (rep=36, index=1): <Trial 361 (1 in rep 36) data={'cue_arrow': '→', 'target_x': -0.5, 'condition': 'invalid', 'corr_Ans': 'left', 'thisN': 361, 'thisTrialN': 1, 'thisRepN': 36}>
643.0376 	DATA 	Keypress: left
643.0478 	EXP 	fixation: autoDraw = False
643.0478 	EXP 	cue_text: autoDraw = False
643.0478 	EXP 	target: autoDraw = False
643.0478 	EXP 	cue_text: height = np.float64(0.1)
643.0478 	EXP 	cue_text: height = np.float64(0.1)
643.0478 	EXP 	cue_text: height = np.float64(0.1)
643.0478 	EXP 	cue_text: text = '→'
643.0478 	EXP 	fixation: autoDraw = True
643.1672 	EXP 	Device response: <KeyPress from None: t=643.0231853000005, value=left, duration=0.14081690000602975>
643.5497 	EXP 	fixation: autoDraw = False
643.5497 	EXP 	cue_text: autoDraw = True
643.8492 	EXP 	cue_text: autoDraw = False
644.1330 	INFO 	Keyboard events cleared
644.1328 	EXP 	target: autoDraw = True
645.1990 	EXP 	Device response: <KeyPress from None: t=645.1953556999943, value=left, duration=None>
645.1994 	EXP 	New trial (rep=36, index=2): <Trial 362 (2 in rep 36) data={'cue_arrow': '→', 'target_x': 0.5, 'condition': 'valid', 'corr_Ans': 'right', 'thisN': 362, 'thisTrialN': 2, 'thisRepN': 36}>
645.2007 	DATA 	Keypress: left
645.2151 	EXP 	fixation: autoDraw = False
645.2151 	EXP 	cue_text: autoDraw = False
645.2151 	EXP 	target: autoDraw = False
645.2151 	EXP 	cue_text: text = '→'
645.2151 	EXP 	fixation: autoDraw = True
645.3654 	EXP 	Device response: <KeyPress from None: t=645.1953556999943, value=left, duration=0.16196810000110418>
645.6992 	EXP 	fixation: autoDraw = False
645.6992 	EXP 	cue_text: autoDraw = True
645.9985 	EXP 	cue_text: autoDraw = False
646.2998 	INFO 	Keyboard events cleared
646.2996 	EXP 	target: autoDraw = True
646.7825 	EXP 	Device response: <KeyPress from None: t=646.7690002000018, value=right, duration=None>
646.7828 	EXP 	New trial (rep=36, index=3): <Trial 363 (3 in rep 36) data={'cue_arrow': '→', 'target_x': 0.5, 'condition': 'valid', 'corr_Ans': 'right', 'thisN': 363, 'thisTrialN': 3, 'thisRepN': 36}>
646.7840 	DATA 	Keypress: right
646.7997 	EXP 	fixation: autoDraw = False
646.7997 	EXP 	cue_text: autoDraw = False
646.7997 	EXP 	target: autoDraw = False
646.7997 	EXP 	cue_text: text = '→'
646.7997 	EXP 	fixation: autoDraw = True
646.9483 	EXP 	Device response: <KeyPress from None: t=646.7690002000018, value=right, duration=0.16906420000304934>
647.2994 	EXP 	fixation: autoDraw = False
647.2994 	EXP 	cue_text: autoDraw = True
647.5813 	EXP 	cue_text: autoDraw = False
647.8838 	INFO 	Keyboard events cleared
647.8837 	EXP 	target: autoDraw = True
648.3492 	EXP 	Device response: <KeyPress from None: t=648.3481846000068, value=right, duration=None>
648.3495 	EXP 	New trial (rep=36, index=4): <Trial 364 (4 in rep 36) data={'cue_arrow': '←', 'target_x': -0.5, 'condition': 'valid', 'corr_Ans': 'left', 'thisN': 364, 'thisTrialN': 4, 'thisRepN': 36}>
648.3531 	DATA 	Keypress: right
648.3659 	EXP 	fixation: autoDraw = False
648.3659 	EXP 	cue_text: autoDraw = False
648.3659 	EXP 	target: autoDraw = False
648.3659 	EXP 	cue_text: height = np.float64(0.1)
648.3659 	EXP 	cue_text: height = np.float64(0.1)
648.3659 	EXP 	cue_text: height = np.float64(0.1)
648.3659 	EXP 	cue_text: text = '←'
648.3659 	EXP 	fixation: autoDraw = True
648.5164 	EXP 	Device response: <KeyPress from None: t=648.3481846000068, value=right, duration=0.15966949998983182>
648.8482 	EXP 	fixation: autoDraw = False
648.8482 	EXP 	cue_text: autoDraw = True
649.1498 	EXP 	cue_text: autoDraw = False
649.4498 	INFO 	Keyboard events cleared
649.4496 	EXP 	target: autoDraw = True
649.8827 	EXP 	Device response: <KeyPress from None: t=649.8730113000056, value=left, duration=None>
649.8830 	EXP 	New trial (rep=36, index=5): <Trial 365 (5 in rep 36) data={'cue_arrow': '←', 'target_x': -0.5, 'condition': 'valid', 'corr_Ans': 'left', 'thisN': 365, 'thisTrialN': 5, 'thisRepN': 36}>
649.8842 	DATA 	Keypress: left
649.8999 	EXP 	fixation: autoDraw = False
649.8999 	EXP 	cue_text: autoDraw = False
649.8999 	EXP 	target: autoDraw = False
649.8999 	EXP 	cue_text: text = '←'
649.8999 	EXP 	fixation: autoDraw = True
650.0494 	EXP 	Device response: <KeyPress from None: t=649.8730113000056, value=left, duration=0.1659603000007337>
650.3812 	EXP 	fixation: autoDraw = False
650.3812 	EXP 	cue_text: autoDraw = True
650.6831 	EXP 	cue_text: autoDraw = False
650.9828 	INFO 	Keyboard events cleared
650.9825 	EXP 	target: autoDraw = True
651.3338 	DATA 	Keypress: left
651.3486 	EXP 	Device response: <KeyPress from None: t=651.3325769999938, value=left, duration=None>
651.3490 	EXP 	New trial (rep=36, index=6): <Trial 366 (6 in rep 36) data={'cue_arrow': '→', 'target_x': 0.5, 'condition': 'valid', 'corr_Ans': 'right', 'thisN': 366, 'thisTrialN': 6, 'thisRepN': 36}>
651.3642 	EXP 	fixation: autoDraw = False
651.3642 	EXP 	cue_text: autoDraw = False
651.3642 	EXP 	target: autoDraw = False
651.3642 	EXP 	cue_text: height = np.float64(0.1)
651.3642 	EXP 	cue_text: height = np.float64(0.1)
651.3642 	EXP 	cue_text: height = np.float64(0.1)
651.3642 	EXP 	cue_text: text = '→'
651.3642 	EXP 	fixation: autoDraw = True
651.4662 	EXP 	Device response: <KeyPress from None: t=651.3325769999938, value=left, duration=0.11776980001013726>
651.8497 	EXP 	fixation: autoDraw = False
651.8497 	EXP 	cue_text: autoDraw = True
652.1498 	EXP 	cue_text: autoDraw = False
652.4503 	INFO 	Keyboard events cleared
652.4501 	EXP 	target: autoDraw = True
652.5820 	EXP 	Device response: <KeyPress from None: t=652.5750740999938, value=right, duration=None>
652.5824 	EXP 	New trial (rep=36, index=7): <Trial 367 (7 in rep 36) data={'cue_arrow': '→', 'target_x': 0.5, 'condition': 'valid', 'corr_Ans': 'right', 'thisN': 367, 'thisTrialN': 7, 'thisRepN': 36}>
652.5837 	DATA 	Keypress: right
652.5990 	EXP 	fixation: autoDraw = False
652.5990 	EXP 	cue_text: autoDraw = False
652.5990 	EXP 	target: autoDraw = False
652.5990 	EXP 	cue_text: text = '→'
652.5990 	EXP 	fixation: autoDraw = True
652.7162 	EXP 	Device response: <KeyPress from None: t=652.5750740999938, value=right, duration=0.13531789999979082>
653.0825 	EXP 	fixation: autoDraw = False
653.0825 	EXP 	cue_text: autoDraw = True
653.3826 	EXP 	cue_text: autoDraw = False
653.6829 	INFO 	Keyboard events cleared
653.6827 	EXP 	target: autoDraw = True
654.0504 	EXP 	Device response: <KeyPress from None: t=654.0380984000076, value=right, duration=None>
654.0508 	EXP 	New trial (rep=36, index=8): <Trial 368 (8 in rep 36) data={'cue_arrow': '←', 'target_x': -0.5, 'condition': 'valid', 'corr_Ans': 'left', 'thisN': 368, 'thisTrialN': 8, 'thisRepN': 36}>
654.0539 	DATA 	Keypress: right
654.0645 	EXP 	fixation: autoDraw = False
654.0645 	EXP 	cue_text: autoDraw = False
654.0645 	EXP 	target: autoDraw = False
654.0645 	EXP 	cue_text: height = np.float64(0.1)
654.0645 	EXP 	cue_text: height = np.float64(0.1)
654.0645 	EXP 	cue_text: height = np.float64(0.1)
654.0645 	EXP 	cue_text: text = '←'
654.0645 	EXP 	fixation: autoDraw = True
654.1655 	EXP 	Device response: <KeyPress from None: t=654.0380984000076, value=right, duration=0.11907879999489523>
654.5663 	EXP 	fixation: autoDraw = False
654.5663 	EXP 	cue_text: autoDraw = True
654.8488 	EXP 	cue_text: autoDraw = False
655.1499 	INFO 	Keyboard events cleared
655.1497 	EXP 	target: autoDraw = True
655.4818 	EXP 	Device response: <KeyPress from None: t=655.4795106999954, value=left, duration=None>
655.4821 	EXP 	New trial (rep=36, index=9): <Trial 369 (9 in rep 36) data={'cue_arrow': '←', 'target_x': 0.5, 'condition': 'invalid', 'corr_Ans': 'right', 'thisN': 369, 'thisTrialN': 9, 'thisRepN': 36}>
655.4833 	DATA 	Keypress: left
655.4987 	EXP 	fixation: autoDraw = False
655.4987 	EXP 	cue_text: autoDraw = False
655.4987 	EXP 	target: autoDraw = False
655.4987 	EXP 	cue_text: text = '←'
655.4987 	EXP 	fixation: autoDraw = True
655.6329 	EXP 	Device response: <KeyPress from None: t=655.4795106999954, value=left, duration=0.14477320000878535>
655.9827 	EXP 	fixation: autoDraw = False
655.9827 	EXP 	cue_text: autoDraw = True
656.2828 	EXP 	cue_text: autoDraw = False
656.5815 	INFO 	Keyboard events cleared
656.5813 	EXP 	target: autoDraw = True
657.8168 	EXP 	Device response: <KeyPress from None: t=657.8047484999988, value=right, duration=None>
657.8172 	EXP 	New trial (rep=37, index=0): <Trial 370 (0 in rep 37) data={'cue_arrow': '←', 'target_x': 0.5, 'condition': 'invalid', 'corr_Ans': 'right', 'thisN': 370, 'thisTrialN': 0, 'thisRepN': 37}>
657.8185 	DATA 	Keypress: right
657.8315 	EXP 	fixation: autoDraw = False
657.8315 	EXP 	cue_text: autoDraw = False
657.8315 	EXP 	target: autoDraw = False
657.8315 	EXP 	cue_text: text = '←'
657.8315 	EXP 	fixation: autoDraw = True
657.9502 	EXP 	Device response: <KeyPress from None: t=657.8047484999988, value=right, duration=0.13993119999940973>
658.3315 	EXP 	fixation: autoDraw = False
658.3315 	EXP 	cue_text: autoDraw = True
658.6322 	EXP 	cue_text: autoDraw = False
658.9170 	INFO 	Keyboard events cleared
658.9168 	EXP 	target: autoDraw = True
660.1834 	EXP 	Device response: <KeyPress from None: t=660.182435900002, value=right, duration=None>
660.1837 	EXP 	New trial (rep=37, index=1): <Trial 371 (1 in rep 37) data={'cue_arrow': '←', 'target_x': -0.5, 'condition': 'valid', 'corr_Ans': 'left', 'thisN': 371, 'thisTrialN': 1, 'thisRepN': 37}>
660.1849 	DATA 	Keypress: right
660.1980 	EXP 	fixation: autoDraw = False
660.1980 	EXP 	cue_text: autoDraw = False
660.1980 	EXP 	target: autoDraw = False
660.1980 	EXP 	cue_text: text = '←'
660.1980 	EXP 	fixation: autoDraw = True
660.3490 	EXP 	Device response: <KeyPress from None: t=660.182435900002, value=right, duration=0.1595043999986956>
660.6832 	EXP 	fixation: autoDraw = False
660.6832 	EXP 	cue_text: autoDraw = True
660.9997 	EXP 	cue_text: autoDraw = False
661.2861 	INFO 	Keyboard events cleared
661.2859 	EXP 	target: autoDraw = True
661.8827 	EXP 	Device response: <KeyPress from None: t=661.8764038999943, value=left, duration=None>
661.8831 	EXP 	New trial (rep=37, index=2): <Trial 372 (2 in rep 37) data={'cue_arrow': '→', 'target_x': 0.5, 'condition': 'valid', 'corr_Ans': 'right', 'thisN': 372, 'thisTrialN': 2, 'thisRepN': 37}>
661.8860 	DATA 	Keypress: left
661.8993 	EXP 	fixation: autoDraw = False
661.8993 	EXP 	cue_text: autoDraw = False
661.8993 	EXP 	target: autoDraw = False
661.8993 	EXP 	cue_text: height = np.float64(0.1)
661.8993 	EXP 	cue_text: height = np.float64(0.1)
661.8993 	EXP 	cue_text: height = np.float64(0.1)
661.8993 	EXP 	cue_text: text = '→'
661.8993 	EXP 	fixation: autoDraw = True
662.0319 	EXP 	Device response: <KeyPress from None: t=661.8764038999943, value=left, duration=0.14982099999906495>
662.3849 	EXP 	fixation: autoDraw = False
662.3849 	EXP 	cue_text: autoDraw = True
662.6833 	EXP 	cue_text: autoDraw = False
662.9835 	INFO 	Keyboard events cleared
662.9833 	EXP 	target: autoDraw = True
663.3159 	EXP 	Device response: <KeyPress from None: t=663.300670800003, value=right, duration=None>
663.3162 	EXP 	New trial (rep=37, index=3): <Trial 373 (3 in rep 37) data={'cue_arrow': '→', 'target_x': 0.5, 'condition': 'valid', 'corr_Ans': 'right', 'thisN': 373, 'thisTrialN': 3, 'thisRepN': 37}>
663.3175 	DATA 	Keypress: right
663.3315 	EXP 	fixation: autoDraw = False
663.3315 	EXP 	cue_text: autoDraw = False
663.3315 	EXP 	target: autoDraw = False
663.3315 	EXP 	cue_text: text = '→'
663.3315 	EXP 	fixation: autoDraw = True
663.4346 	EXP 	Device response: <KeyPress from None: t=663.300670800003, value=right, duration=0.13069130000076257>
663.8147 	EXP 	fixation: autoDraw = False
663.8147 	EXP 	cue_text: autoDraw = True
664.1163 	EXP 	cue_text: autoDraw = False
664.4158 	INFO 	Keyboard events cleared
664.4156 	EXP 	target: autoDraw = True
664.8501 	EXP 	Device response: <KeyPress from None: t=664.8407947999949, value=right, duration=None>
664.8506 	EXP 	New trial (rep=37, index=4): <Trial 374 (4 in rep 37) data={'cue_arrow': '→', 'target_x': 0.5, 'condition': 'valid', 'corr_Ans': 'right', 'thisN': 374, 'thisTrialN': 4, 'thisRepN': 37}>
664.8522 	DATA 	Keypress: right
664.8660 	EXP 	fixation: autoDraw = False
664.8660 	EXP 	cue_text: autoDraw = False
664.8660 	EXP 	target: autoDraw = False
664.8660 	EXP 	cue_text: text = '→'
664.8660 	EXP 	fixation: autoDraw = True
664.9999 	EXP 	Device response: <KeyPress from None: t=664.8407947999949, value=right, duration=0.14771679999830667>
665.3658 	EXP 	fixation: autoDraw = False
665.3658 	EXP 	cue_text: autoDraw = True
665.6500 	EXP 	cue_text: autoDraw = False
665.9501 	INFO 	Keyboard events cleared
665.9499 	EXP 	target: autoDraw = True
666.2669 	EXP 	Device response: <KeyPress from None: t=666.2615732999984, value=right, duration=None>
666.2673 	EXP 	New trial (rep=37, index=5): <Trial 375 (5 in rep 37) data={'cue_arrow': '→', 'target_x': -0.5, 'condition': 'invalid', 'corr_Ans': 'left', 'thisN': 375, 'thisTrialN': 5, 'thisRepN': 37}>
666.2687 	DATA 	Keypress: right
666.2819 	EXP 	fixation: autoDraw = False
666.2819 	EXP 	cue_text: autoDraw = False
666.2819 	EXP 	target: autoDraw = False
666.2819 	EXP 	cue_text: text = '→'
666.2819 	EXP 	fixation: autoDraw = True
666.4325 	EXP 	Device response: <KeyPress from None: t=666.2615732999984, value=right, duration=0.160258400006569>
666.7823 	EXP 	fixation: autoDraw = False
666.7823 	EXP 	cue_text: autoDraw = True
667.0816 	EXP 	cue_text: autoDraw = False
667.3671 	INFO 	Keyboard events cleared
667.3669 	EXP 	target: autoDraw = True
668.4838 	EXP 	Device response: <KeyPress from None: t=668.4740219999949, value=left, duration=None>
668.4841 	EXP 	New trial (rep=37, index=6): <Trial 376 (6 in rep 37) data={'cue_arrow': '←', 'target_x': -0.5, 'condition': 'valid', 'corr_Ans': 'left', 'thisN': 376, 'thisTrialN': 6, 'thisRepN': 37}>
668.4877 	DATA 	Keypress: left
668.4985 	EXP 	fixation: autoDraw = False
668.4985 	EXP 	cue_text: autoDraw = False
668.4985 	EXP 	target: autoDraw = False
668.4985 	EXP 	cue_text: height = np.float64(0.1)
668.4985 	EXP 	cue_text: height = np.float64(0.1)
668.4985 	EXP 	cue_text: height = np.float64(0.1)
668.4985 	EXP 	cue_text: text = '←'
668.4985 	EXP 	fixation: autoDraw = True
668.6167 	EXP 	Device response: <KeyPress from None: t=668.4740219999949, value=left, duration=0.14130149999982677>
668.9832 	EXP 	fixation: autoDraw = False
668.9832 	EXP 	cue_text: autoDraw = True
669.2821 	EXP 	cue_text: autoDraw = False
669.5832 	INFO 	Keyboard events cleared
669.5830 	EXP 	target: autoDraw = True
670.2328 	EXP 	Device response: <KeyPress from None: t=670.220630900003, value=left, duration=None>
670.2331 	EXP 	New trial (rep=37, index=7): <Trial 377 (7 in rep 37) data={'cue_arrow': '←', 'target_x': -0.5, 'condition': 'valid', 'corr_Ans': 'left', 'thisN': 377, 'thisTrialN': 7, 'thisRepN': 37}>
670.2343 	DATA 	Keypress: left
670.2489 	EXP 	fixation: autoDraw = False
670.2489 	EXP 	cue_text: autoDraw = False
670.2489 	EXP 	target: autoDraw = False
670.2489 	EXP 	cue_text: text = '←'
670.2489 	EXP 	fixation: autoDraw = True
670.3501 	EXP 	Device response: <KeyPress from None: t=670.220630900003, value=left, duration=0.12757899999269284>
670.7335 	EXP 	fixation: autoDraw = False
670.7335 	EXP 	cue_text: autoDraw = True
671.0330 	EXP 	cue_text: autoDraw = False
671.3335 	INFO 	Keyboard events cleared
671.3333 	EXP 	target: autoDraw = True
671.7338 	EXP 	Device response: <KeyPress from None: t=671.7309285999945, value=left, duration=None>
671.7341 	EXP 	New trial (rep=37, index=8): <Trial 378 (8 in rep 37) data={'cue_arrow': '←', 'target_x': -0.5, 'condition': 'valid', 'corr_Ans': 'left', 'thisN': 378, 'thisTrialN': 8, 'thisRepN': 37}>
671.7354 	DATA 	Keypress: left
671.7488 	EXP 	fixation: autoDraw = False
671.7488 	EXP 	cue_text: autoDraw = False
671.7488 	EXP 	target: autoDraw = False
671.7488 	EXP 	cue_text: text = '←'
671.7488 	EXP 	fixation: autoDraw = True
671.9002 	EXP 	Device response: <KeyPress from None: t=671.7309285999945, value=left, duration=0.16584200000215787>
672.2335 	EXP 	fixation: autoDraw = False
672.2335 	EXP 	cue_text: autoDraw = True
672.5317 	EXP 	cue_text: autoDraw = False
672.8336 	INFO 	Keyboard events cleared
672.8334 	EXP 	target: autoDraw = True
673.3496 	EXP 	Device response: <KeyPress from None: t=673.3362437000033, value=left, duration=None>
673.3499 	EXP 	New trial (rep=37, index=9): <Trial 379 (9 in rep 37) data={'cue_arrow': '→', 'target_x': 0.5, 'condition': 'valid', 'corr_Ans': 'right', 'thisN': 379, 'thisTrialN': 9, 'thisRepN': 37}>
673.3532 	DATA 	Keypress: left
673.3666 	EXP 	fixation: autoDraw = False
673.3666 	EXP 	cue_text: autoDraw = False
673.3666 	EXP 	target: autoDraw = False
673.3666 	EXP 	cue_text: height = np.float64(0.1)
673.3666 	EXP 	cue_text: height = np.float64(0.1)
673.3666 	EXP 	cue_text: height = np.float64(0.1)
673.3666 	EXP 	cue_text: text = '→'
673.3666 	EXP 	fixation: autoDraw = True
673.5171 	EXP 	Device response: <KeyPress from None: t=673.3362437000033, value=left, duration=0.1751263000041945>
673.8482 	EXP 	fixation: autoDraw = False
673.8482 	EXP 	cue_text: autoDraw = True
674.1500 	EXP 	cue_text: autoDraw = False
674.4502 	INFO 	Keyboard events cleared
674.4500 	EXP 	target: autoDraw = True
674.8827 	EXP 	Device response: <KeyPress from None: t=674.8814356000075, value=right, duration=None>
674.8830 	EXP 	New trial (rep=38, index=0): <Trial 380 (0 in rep 38) data={'cue_arrow': '←', 'target_x': -0.5, 'condition': 'valid', 'corr_Ans': 'left', 'thisN': 380, 'thisTrialN': 0, 'thisRepN': 38}>
674.8859 	DATA 	Keypress: right
674.8984 	EXP 	fixation: autoDraw = False
674.8984 	EXP 	cue_text: autoDraw = False
674.8984 	EXP 	target: autoDraw = False
674.8984 	EXP 	cue_text: height = np.float64(0.1)
674.8984 	EXP 	cue_text: height = np.float64(0.1)
674.8984 	EXP 	cue_text: height = np.float64(0.1)
674.8984 	EXP 	cue_text: text = '←'
674.8984 	EXP 	fixation: autoDraw = True
675.0338 	EXP 	Device response: <KeyPress from None: t=674.8814356000075, value=right, duration=0.14490529999602586>
675.3821 	EXP 	fixation: autoDraw = False
675.3821 	EXP 	cue_text: autoDraw = True
675.6832 	EXP 	cue_text: autoDraw = False
675.9831 	INFO 	Keyboard events cleared
675.9829 	EXP 	target: autoDraw = True
676.4830 	EXP 	Device response: <KeyPress from None: t=676.4733256000036, value=left, duration=None>
676.4833 	EXP 	New trial (rep=38, index=1): <Trial 381 (1 in rep 38) data={'cue_arrow': '→', 'target_x': -0.5, 'condition': 'invalid', 'corr_Ans': 'left', 'thisN': 381, 'thisTrialN': 1, 'thisRepN': 38}>
676.4863 	DATA 	Keypress: left
676.4983 	EXP 	fixation: autoDraw = False
676.4983 	EXP 	cue_text: autoDraw = False
676.4983 	EXP 	target: autoDraw = False
676.4983 	EXP 	cue_text: height = np.float64(0.1)
676.4983 	EXP 	cue_text: height = np.float64(0.1)
676.4983 	EXP 	cue_text: height = np.float64(0.1)
676.4983 	EXP 	cue_text: text = '→'
676.4983 	EXP 	fixation: autoDraw = True
676.6675 	EXP 	Device response: <KeyPress from None: t=676.4733256000036, value=left, duration=0.1865067999897292>
676.9831 	EXP 	fixation: autoDraw = False
676.9831 	EXP 	cue_text: autoDraw = True
677.2836 	EXP 	cue_text: autoDraw = False
677.5816 	INFO 	Keyboard events cleared
677.5814 	EXP 	target: autoDraw = True
678.4992 	EXP 	Device response: <KeyPress from None: t=678.485119200006, value=left, duration=None>
678.4996 	EXP 	New trial (rep=38, index=2): <Trial 382 (2 in rep 38) data={'cue_arrow': '→', 'target_x': 0.5, 'condition': 'valid', 'corr_Ans': 'right', 'thisN': 382, 'thisTrialN': 2, 'thisRepN': 38}>
678.5008 	DATA 	Keypress: left
678.5165 	EXP 	fixation: autoDraw = False
678.5165 	EXP 	cue_text: autoDraw = False
678.5165 	EXP 	target: autoDraw = False
678.5165 	EXP 	cue_text: text = '→'
678.5165 	EXP 	fixation: autoDraw = True
678.6831 	EXP 	Device response: <KeyPress from None: t=678.485119200006, value=left, duration=0.18239769998763222>
679.0002 	EXP 	fixation: autoDraw = False
679.0002 	EXP 	cue_text: autoDraw = True
679.3002 	EXP 	cue_text: autoDraw = False
679.6168 	INFO 	Keyboard events cleared
679.6166 	EXP 	target: autoDraw = True
681.1840 	EXP 	Device response: <KeyPress from None: t=681.178611299998, value=right, duration=None>
681.1845 	EXP 	New trial (rep=38, index=3): <Trial 383 (3 in rep 38) data={'cue_arrow': '→', 'target_x': 0.5, 'condition': 'valid', 'corr_Ans': 'right', 'thisN': 383, 'thisTrialN': 3, 'thisRepN': 38}>
681.1859 	DATA 	Keypress: right
681.1984 	EXP 	fixation: autoDraw = False
681.1984 	EXP 	cue_text: autoDraw = False
681.1984 	EXP 	target: autoDraw = False
681.1984 	EXP 	cue_text: text = '→'
681.1984 	EXP 	fixation: autoDraw = True
681.3164 	EXP 	Device response: <KeyPress from None: t=681.178611299998, value=right, duration=0.13067969999974594>
681.6994 	EXP 	fixation: autoDraw = False
681.6994 	EXP 	cue_text: autoDraw = True
681.9993 	EXP 	cue_text: autoDraw = False
682.2840 	INFO 	Keyboard events cleared
682.2838 	EXP 	target: autoDraw = True
682.9998 	EXP 	Device response: <KeyPress from None: t=682.9896105999942, value=right, duration=None>
683.0002 	EXP 	New trial (rep=38, index=4): <Trial 384 (4 in rep 38) data={'cue_arrow': '→', 'target_x': 0.5, 'condition': 'valid', 'corr_Ans': 'right', 'thisN': 384, 'thisTrialN': 4, 'thisRepN': 38}>
683.0013 	DATA 	Keypress: right
683.0148 	EXP 	fixation: autoDraw = False
683.0148 	EXP 	cue_text: autoDraw = False
683.0148 	EXP 	target: autoDraw = False
683.0148 	EXP 	cue_text: text = '→'
683.0148 	EXP 	fixation: autoDraw = True
683.1842 	EXP 	Device response: <KeyPress from None: t=682.9896105999942, value=right, duration=0.1878953000123147>
683.5002 	EXP 	fixation: autoDraw = False
683.5002 	EXP 	cue_text: autoDraw = True
683.8002 	EXP 	cue_text: autoDraw = False
684.1000 	INFO 	Keyboard events cleared
684.0998 	EXP 	target: autoDraw = True
684.9998 	EXP 	Device response: <KeyPress from None: t=684.9893900000025, value=right, duration=None>
685.0001 	EXP 	New trial (rep=38, index=5): <Trial 385 (5 in rep 38) data={'cue_arrow': '→', 'target_x': 0.5, 'condition': 'valid', 'corr_Ans': 'right', 'thisN': 385, 'thisTrialN': 5, 'thisRepN': 38}>
685.0013 	DATA 	Keypress: right
685.0152 	EXP 	fixation: autoDraw = False
685.0152 	EXP 	cue_text: autoDraw = False
685.0152 	EXP 	target: autoDraw = False
685.0152 	EXP 	cue_text: text = '→'
685.0152 	EXP 	fixation: autoDraw = True
685.1324 	EXP 	Device response: <KeyPress from None: t=684.9893900000025, value=right, duration=0.12821049999911338>
685.4985 	EXP 	fixation: autoDraw = False
685.4985 	EXP 	cue_text: autoDraw = True
685.8001 	EXP 	cue_text: autoDraw = False
686.1004 	INFO 	Keyboard events cleared
686.1001 	EXP 	target: autoDraw = True
686.4331 	EXP 	Device response: <KeyPress from None: t=686.4234113999992, value=right, duration=None>
686.4335 	EXP 	New trial (rep=38, index=6): <Trial 386 (6 in rep 38) data={'cue_arrow': '←', 'target_x': -0.5, 'condition': 'valid', 'corr_Ans': 'left', 'thisN': 386, 'thisTrialN': 6, 'thisRepN': 38}>
686.4364 	DATA 	Keypress: right
686.4500 	EXP 	fixation: autoDraw = False
686.4500 	EXP 	cue_text: autoDraw = False
686.4500 	EXP 	target: autoDraw = False
686.4500 	EXP 	cue_text: height = np.float64(0.1)
686.4500 	EXP 	cue_text: height = np.float64(0.1)
686.4500 	EXP 	cue_text: height = np.float64(0.1)
686.4500 	EXP 	cue_text: text = '←'
686.4500 	EXP 	fixation: autoDraw = True
686.6156 	EXP 	Device response: <KeyPress from None: t=686.4234113999992, value=right, duration=0.17635120000340976>
686.9340 	EXP 	fixation: autoDraw = False
686.9340 	EXP 	cue_text: autoDraw = True
687.2334 	EXP 	cue_text: autoDraw = False
687.5330 	INFO 	Keyboard events cleared
687.5328 	EXP 	target: autoDraw = True
687.8995 	EXP 	Device response: <KeyPress from None: t=687.8882082000055, value=left, duration=None>
687.8998 	EXP 	New trial (rep=38, index=7): <Trial 387 (7 in rep 38) data={'cue_arrow': '←', 'target_x': -0.5, 'condition': 'valid', 'corr_Ans': 'left', 'thisN': 387, 'thisTrialN': 7, 'thisRepN': 38}>
687.9010 	DATA 	Keypress: left
687.9158 	EXP 	fixation: autoDraw = False
687.9158 	EXP 	cue_text: autoDraw = False
687.9158 	EXP 	target: autoDraw = False
687.9158 	EXP 	cue_text: text = '←'
687.9158 	EXP 	fixation: autoDraw = True
688.0506 	EXP 	Device response: <KeyPress from None: t=687.8882082000055, value=left, duration=0.14631179999560118>
688.4007 	EXP 	fixation: autoDraw = False
688.4007 	EXP 	cue_text: autoDraw = True
688.6992 	EXP 	cue_text: autoDraw = False
689.0003 	INFO 	Keyboard events cleared
689.0001 	EXP 	target: autoDraw = True
689.4001 	EXP 	Device response: <KeyPress from None: t=689.3881604000053, value=left, duration=None>
689.4004 	EXP 	New trial (rep=38, index=8): <Trial 388 (8 in rep 38) data={'cue_arrow': '←', 'target_x': 0.5, 'condition': 'invalid', 'corr_Ans': 'right', 'thisN': 388, 'thisTrialN': 8, 'thisRepN': 38}>
689.4016 	DATA 	Keypress: left
689.4156 	EXP 	fixation: autoDraw = False
689.4156 	EXP 	cue_text: autoDraw = False
689.4156 	EXP 	target: autoDraw = False
689.4156 	EXP 	cue_text: text = '←'
689.4156 	EXP 	fixation: autoDraw = True
689.5505 	EXP 	Device response: <KeyPress from None: t=689.3881604000053, value=left, duration=0.151643499993952>
689.9004 	EXP 	fixation: autoDraw = False
689.9004 	EXP 	cue_text: autoDraw = True
690.1997 	EXP 	cue_text: autoDraw = False
690.5005 	INFO 	Keyboard events cleared
690.5003 	EXP 	target: autoDraw = True
691.2326 	EXP 	Device response: <KeyPress from None: t=691.2185342000012, value=right, duration=None>
691.2330 	EXP 	New trial (rep=38, index=9): <Trial 389 (9 in rep 38) data={'cue_arrow': '←', 'target_x': -0.5, 'condition': 'valid', 'corr_Ans': 'left', 'thisN': 389, 'thisTrialN': 9, 'thisRepN': 38}>
691.2342 	DATA 	Keypress: right
691.2503 	EXP 	fixation: autoDraw = False
691.2503 	EXP 	cue_text: autoDraw = False
691.2503 	EXP 	target: autoDraw = False
691.2503 	EXP 	cue_text: text = '←'
691.2503 	EXP 	fixation: autoDraw = True
691.3504 	EXP 	Device response: <KeyPress from None: t=691.2185342000012, value=right, duration=0.11982459999853745>
691.7337 	EXP 	fixation: autoDraw = False
691.7337 	EXP 	cue_text: autoDraw = True
692.0338 	EXP 	cue_text: autoDraw = False
692.3340 	INFO 	Keyboard events cleared
692.3338 	EXP 	target: autoDraw = True
692.6832 	EXP 	Device response: <KeyPress from None: t=692.6693426999991, value=left, duration=None>
692.6836 	EXP 	New trial (rep=39, index=0): <Trial 390 (0 in rep 39) data={'cue_arrow': '→', 'target_x': 0.5, 'condition': 'valid', 'corr_Ans': 'right', 'thisN': 390, 'thisTrialN': 0, 'thisRepN': 39}>
692.6865 	DATA 	Keypress: left
692.6987 	EXP 	fixation: autoDraw = False
692.6987 	EXP 	cue_text: autoDraw = False
692.6987 	EXP 	target: autoDraw = False
692.6987 	EXP 	cue_text: height = np.float64(0.1)
692.6987 	EXP 	cue_text: height = np.float64(0.1)
692.6987 	EXP 	cue_text: height = np.float64(0.1)
692.6987 	EXP 	cue_text: text = '→'
692.6987 	EXP 	fixation: autoDraw = True
692.8337 	EXP 	Device response: <KeyPress from None: t=692.6693426999991, value=left, duration=0.15626499999780208>
693.1819 	EXP 	fixation: autoDraw = False
693.1819 	EXP 	cue_text: autoDraw = True
693.4826 	EXP 	cue_text: autoDraw = False
693.7837 	INFO 	Keyboard events cleared
693.7835 	EXP 	target: autoDraw = True
694.1665 	EXP 	Device response: <KeyPress from None: t=694.1529037, value=right, duration=None>
694.1670 	EXP 	New trial (rep=39, index=1): <Trial 391 (1 in rep 39) data={'cue_arrow': '→', 'target_x': 0.5, 'condition': 'valid', 'corr_Ans': 'right', 'thisN': 391, 'thisTrialN': 1, 'thisRepN': 39}>
694.1687 	DATA 	Keypress: right
694.1838 	EXP 	fixation: autoDraw = False
694.1838 	EXP 	cue_text: autoDraw = False
694.1838 	EXP 	target: autoDraw = False
694.1838 	EXP 	cue_text: text = '→'
694.1838 	EXP 	fixation: autoDraw = True
694.3169 	EXP 	Device response: <KeyPress from None: t=694.1529037, value=right, duration=0.16273530000762548>
694.6672 	EXP 	fixation: autoDraw = False
694.6672 	EXP 	cue_text: autoDraw = True
694.9670 	EXP 	cue_text: autoDraw = False
695.2674 	INFO 	Keyboard events cleared
695.2671 	EXP 	target: autoDraw = True
695.7169 	EXP 	Device response: <KeyPress from None: t=695.7148739999975, value=right, duration=None>
695.7175 	EXP 	New trial (rep=39, index=2): <Trial 392 (2 in rep 39) data={'cue_arrow': '←', 'target_x': 0.5, 'condition': 'invalid', 'corr_Ans': 'right', 'thisN': 392, 'thisTrialN': 2, 'thisRepN': 39}>
695.7205 	DATA 	Keypress: right
695.7320 	EXP 	fixation: autoDraw = False
695.7320 	EXP 	cue_text: autoDraw = False
695.7320 	EXP 	target: autoDraw = False
695.7320 	EXP 	cue_text: height = np.float64(0.1)
695.7320 	EXP 	cue_text: height = np.float64(0.1)
695.7320 	EXP 	cue_text: height = np.float64(0.1)
695.7320 	EXP 	cue_text: text = '←'
695.7320 	EXP 	fixation: autoDraw = True
695.8993 	EXP 	Device response: <KeyPress from None: t=695.7148739999975, value=right, duration=0.16961650000303052>
696.2171 	EXP 	fixation: autoDraw = False
696.2171 	EXP 	cue_text: autoDraw = True
696.5333 	EXP 	cue_text: autoDraw = False
696.8177 	INFO 	Keyboard events cleared
696.8175 	EXP 	target: autoDraw = True
698.1825 	EXP 	Device response: <KeyPress from None: t=698.1780890999944, value=right, duration=None>
698.1828 	EXP 	New trial (rep=39, index=3): <Trial 393 (3 in rep 39) data={'cue_arrow': '→', 'target_x': 0.5, 'condition': 'valid', 'corr_Ans': 'right', 'thisN': 393, 'thisTrialN': 3, 'thisRepN': 39}>
698.1860 	DATA 	Keypress: right
698.1986 	EXP 	fixation: autoDraw = False
698.1986 	EXP 	cue_text: autoDraw = False
698.1986 	EXP 	target: autoDraw = False
698.1986 	EXP 	cue_text: height = np.float64(0.1)
698.1986 	EXP 	cue_text: height = np.float64(0.1)
698.1986 	EXP 	cue_text: height = np.float64(0.1)
698.1986 	EXP 	cue_text: text = '→'
698.1986 	EXP 	fixation: autoDraw = True
698.3504 	EXP 	Device response: <KeyPress from None: t=698.1780890999944, value=right, duration=0.15745080000488088>
698.6833 	EXP 	fixation: autoDraw = False
698.6833 	EXP 	cue_text: autoDraw = True
698.9840 	EXP 	cue_text: autoDraw = False
699.2841 	INFO 	Keyboard events cleared
699.2839 	EXP 	target: autoDraw = True
700.1333 	EXP 	Device response: <KeyPress from None: t=700.1230324000062, value=right, duration=None>
700.1336 	EXP 	New trial (rep=39, index=4): <Trial 394 (4 in rep 39) data={'cue_arrow': '←', 'target_x': -0.5, 'condition': 'valid', 'corr_Ans': 'left', 'thisN': 394, 'thisTrialN': 4, 'thisRepN': 39}>
700.1365 	DATA 	Keypress: right
700.1502 	EXP 	fixation: autoDraw = False
700.1502 	EXP 	cue_text: autoDraw = False
700.1502 	EXP 	target: autoDraw = False
700.1502 	EXP 	cue_text: height = np.float64(0.1)
700.1502 	EXP 	cue_text: height = np.float64(0.1)
700.1502 	EXP 	cue_text: height = np.float64(0.1)
700.1502 	EXP 	cue_text: text = '←'
700.1502 	EXP 	fixation: autoDraw = True
700.2672 	EXP 	Device response: <KeyPress from None: t=700.1230324000062, value=right, duration=0.13972159998957068>
700.6336 	EXP 	fixation: autoDraw = False
700.6336 	EXP 	cue_text: autoDraw = True
700.9336 	EXP 	cue_text: autoDraw = False
701.2342 	INFO 	Keyboard events cleared
701.2340 	EXP 	target: autoDraw = True
701.5495 	EXP 	Device response: <KeyPress from None: t=701.540341800006, value=left, duration=None>
701.5498 	EXP 	New trial (rep=39, index=5): <Trial 395 (5 in rep 39) data={'cue_arrow': '←', 'target_x': -0.5, 'condition': 'valid', 'corr_Ans': 'left', 'thisN': 395, 'thisTrialN': 5, 'thisRepN': 39}>
701.5510 	DATA 	Keypress: left
701.5653 	EXP 	fixation: autoDraw = False
701.5653 	EXP 	cue_text: autoDraw = False
701.5653 	EXP 	target: autoDraw = False
701.5653 	EXP 	cue_text: text = '←'
701.5653 	EXP 	fixation: autoDraw = True
701.6832 	EXP 	Device response: <KeyPress from None: t=701.540341800006, value=left, duration=0.14067519998934586>
702.0499 	EXP 	fixation: autoDraw = False
702.0499 	EXP 	cue_text: autoDraw = True
702.3503 	EXP 	cue_text: autoDraw = False
702.6506 	INFO 	Keyboard events cleared
702.6504 	EXP 	target: autoDraw = True
703.1027 	DATA 	Keypress: left
703.1166 	EXP 	Device response: <KeyPress from None: t=703.1020184999943, value=left, duration=None>
703.1170 	EXP 	New trial (rep=39, index=6): <Trial 396 (6 in rep 39) data={'cue_arrow': '→', 'target_x': -0.5, 'condition': 'invalid', 'corr_Ans': 'left', 'thisN': 396, 'thisTrialN': 6, 'thisRepN': 39}>
703.1322 	EXP 	fixation: autoDraw = False
703.1322 	EXP 	cue_text: autoDraw = False
703.1322 	EXP 	target: autoDraw = False
703.1322 	EXP 	cue_text: height = np.float64(0.1)
703.1322 	EXP 	cue_text: height = np.float64(0.1)
703.1322 	EXP 	cue_text: height = np.float64(0.1)
703.1322 	EXP 	cue_text: text = '→'
703.1322 	EXP 	fixation: autoDraw = True
703.2836 	EXP 	Device response: <KeyPress from None: t=703.1020184999943, value=left, duration=0.1721801000094274>
703.6170 	EXP 	fixation: autoDraw = False
703.6170 	EXP 	cue_text: autoDraw = True
703.9173 	EXP 	cue_text: autoDraw = False
704.2174 	INFO 	Keyboard events cleared
704.2172 	EXP 	target: autoDraw = True
705.4672 	EXP 	Device response: <KeyPress from None: t=705.4626661000075, value=left, duration=None>
705.4677 	EXP 	New trial (rep=39, index=7): <Trial 397 (7 in rep 39) data={'cue_arrow': '←', 'target_x': -0.5, 'condition': 'valid', 'corr_Ans': 'left', 'thisN': 397, 'thisTrialN': 7, 'thisRepN': 39}>
705.4719 	DATA 	Keypress: left
705.4817 	EXP 	fixation: autoDraw = False
705.4817 	EXP 	cue_text: autoDraw = False
705.4817 	EXP 	target: autoDraw = False
705.4817 	EXP 	cue_text: height = np.float64(0.1)
705.4817 	EXP 	cue_text: height = np.float64(0.1)
705.4817 	EXP 	cue_text: height = np.float64(0.1)
705.4817 	EXP 	cue_text: text = '←'
705.4817 	EXP 	fixation: autoDraw = True
705.6172 	EXP 	Device response: <KeyPress from None: t=705.4626661000075, value=left, duration=0.141915499989409>
705.9820 	EXP 	fixation: autoDraw = False
705.9820 	EXP 	cue_text: autoDraw = True
706.2823 	EXP 	cue_text: autoDraw = False
706.5826 	INFO 	Keyboard events cleared
706.5824 	EXP 	target: autoDraw = True
707.1160 	EXP 	Device response: <KeyPress from None: t=707.1034040999948, value=left, duration=None>
707.1164 	EXP 	New trial (rep=39, index=8): <Trial 398 (8 in rep 39) data={'cue_arrow': '→', 'target_x': 0.5, 'condition': 'valid', 'corr_Ans': 'right', 'thisN': 398, 'thisTrialN': 8, 'thisRepN': 39}>
707.1214 	DATA 	Keypress: left
707.1318 	EXP 	fixation: autoDraw = False
707.1318 	EXP 	cue_text: autoDraw = False
707.1318 	EXP 	target: autoDraw = False
707.1318 	EXP 	cue_text: height = np.float64(0.1)
707.1318 	EXP 	cue_text: height = np.float64(0.1)
707.1318 	EXP 	cue_text: height = np.float64(0.1)
707.1318 	EXP 	cue_text: text = '→'
707.1318 	EXP 	fixation: autoDraw = True
707.2656 	EXP 	Device response: <KeyPress from None: t=707.1034040999948, value=left, duration=0.15391079999972135>
707.6156 	EXP 	fixation: autoDraw = False
707.6156 	EXP 	cue_text: autoDraw = True
707.9151 	EXP 	cue_text: autoDraw = False
708.2153 	INFO 	Keyboard events cleared
708.2151 	EXP 	target: autoDraw = True
709.0155 	EXP 	Device response: <KeyPress from None: t=709.0003157000028, value=right, duration=None>
709.0159 	EXP 	New trial (rep=39, index=9): <Trial 399 (9 in rep 39) data={'cue_arrow': '←', 'target_x': -0.5, 'condition': 'valid', 'corr_Ans': 'left', 'thisN': 399, 'thisTrialN': 9, 'thisRepN': 39}>
709.0182 	DATA 	Keypress: right
709.0325 	EXP 	fixation: autoDraw = False
709.0325 	EXP 	cue_text: autoDraw = False
709.0325 	EXP 	target: autoDraw = False
709.0325 	EXP 	cue_text: height = np.float64(0.1)
709.0325 	EXP 	cue_text: height = np.float64(0.1)
709.0325 	EXP 	cue_text: height = np.float64(0.1)
709.0325 	EXP 	cue_text: text = '←'
709.0325 	EXP 	fixation: autoDraw = True
709.1489 	EXP 	Device response: <KeyPress from None: t=709.0003157000028, value=right, duration=0.13283560000127181>
709.5151 	EXP 	fixation: autoDraw = False
709.5151 	EXP 	cue_text: autoDraw = True
709.8158 	EXP 	cue_text: autoDraw = False
710.1159 	INFO 	Keyboard events cleared
710.1158 	EXP 	target: autoDraw = True
710.5666 	EXP 	Device response: <KeyPress from None: t=710.559992800001, value=left, duration=None>
710.5682 	DATA 	Keypress: left
710.5826 	EXP 	fixation: autoDraw = False
710.5826 	EXP 	cue_text: autoDraw = False
710.5826 	EXP 	target: autoDraw = False
710.5826 	EXP 	text: autoDraw = True
710.7330 	EXP 	Device response: <KeyPress from None: t=710.559992800001, value=left, duration=0.16461839999828953>
710.7826 	EXP 	text: autoDraw = False
710.7826 	EXP 	text: autoDraw = False
710.7829 	EXP 	cueing_task_exp: status = STOPPED
710.8906 	INFO 	saved data to 'C:\\Users\\Pooja\\OneDrive\\Desktop\\Solo_project_2\\data\\01_cueing_task_exp_2025-11-14_19h53.20.016.csv'
710.8975 	INFO 	saved data to C:\Users\Pooja\OneDrive\Desktop\Solo_project_2\data\01_cueing_task_exp_2025-11-14_19h53.20.016.psydat
711.1753 	WARNING 	Stopping key buffers but this could be dangerous ifother keyboards rely on the same.
711.2259 	WARNING 	Stopping key buffers but this could be dangerous ifother keyboards rely on the same.
711.2259 	WARNING 	Stopping key buffers but this could be dangerous ifother keyboards rely on the same.
