cue_arrow,target_x,condition,corr_Ans,thisN,thisTrialN,thisRepN,key_resp.keys,key_resp.corr,key_resp.rt,key_resp.duration,trials.thisRepN,trials.thisTrialN,trials.thisN,trials.thisIndex,thisRow.t,notes,welcome.started,welcome_text.started,start_key.started,welcome.stopped,start_key.keys,start_key.rt,start_key.duration,trial.started,fixation.started,fixation.stopped,cue_text.started,cue_text.stopped,target.started,key_resp.started,trial.stopped,trials.key_resp.keys,trials.key_resp.corr,trials.key_resp.rt,trials.key_resp.duration,thankyou.started,text.started,text.stopped,thankyou.stopped,participant,session,date,expName,expVersion,psychopyVersion,frameRate,expStart,
,,,,,,,,,,,,,,,,,0.006260299996938556,0.01832319999812171,0.01832319999812171,15.639704899993376,space,15.461616100001265,None,,,,,,,,,,,,,,,,,01,001,2025-11-14_19h53.20.016,cueing_task_exp,,2025.1.1,59.7863713364382,2025-11-14 19h53.27.332117 +0530,
←,-0.5,valid,left,0,0,0,left,1,0.47728010000719223,None,0,0,0,5,15.681149600000936,,,,,,,,,15.669023800001014,15.681149600000936,16.154232700006105,16.154232700006105,16.45441690000007,16.754950200003805,16.754950200003805,17.238098000001628,left,1,0.47728010000719223,None,,,,,01,001,2025-11-14_19h53.20.016,cueing_task_exp,,2025.1.1,59.7863713364382,2025-11-14 19h53.27.332117 +0530,
→,0.5,valid,right,1,1,0,right,1,0.42302339999878313,None,0,1,1,7,17.254133499998716,,,,,,,,,17.244435999993584,17.254133499998716,17.73879709999892,17.73879709999892,18.038090500005637,18.338712500000838,18.338712500000838,18.77182599999651,right,1,0.42302339999878313,None,,,,,01,001,2025-11-14_19h53.20.016,cueing_task_exp,,2025.1.1,59.7863713364382,2025-11-14 19h53.27.332117 +0530,
←,-0.5,valid,left,2,2,0,left,1,0.2013848000060534,None,0,2,2,6,18.788537400003406,,,,,,,,,18.774490499999956,18.788537400003406,19.271657599994796,19.271657599994796,19.57201059999352,19.872618900000816,19.872618900000816,20.087901899998542,left,1,0.2013848000060534,None,,,,,01,001,2025-11-14_19h53.20.016,cueing_task_exp,,2025.1.1,59.7863713364382,2025-11-14 19h53.27.332117 +0530,
→,0.5,valid,right,3,3,0,right,1,0.3506793000124162,None,0,3,3,2,20.105975200000103,,,,,,,,,20.09007730000303,20.105975200000103,20.588723599998048,20.588723599998048,20.88876220000384,21.188487699997495,21.188487699997495,21.55487659999926,right,1,0.3506793000124162,None,,,,,01,001,2025-11-14_19h53.20.016,cueing_task_exp,,2025.1.1,59.7863713364382,2025-11-14 19h53.27.332117 +0530,
←,-0.5,valid,left,4,4,0,left,1,0.307169799998519,None,0,4,4,1,21.57180239999434,,,,,,,,,21.557079200007138,21.57180239999434,22.055267599993385,22.055267599993385,22.354403399993316,22.65610700000252,22.65610700000252,22.972930699994322,left,1,0.307169799998519,None,,,,,01,001,2025-11-14_19h53.20.016,cueing_task_exp,,2025.1.1,59.7863713364382,2025-11-14 19h53.27.332117 +0530,
←,0.5,invalid,right,5,5,0,right,1,0.6828900999971665,None,0,5,5,9,22.987741899996763,,,,,,,,,22.97349519999989,22.987741899996763,23.48899579999852,23.48899579999852,23.772259100005613,24.088537200004794,24.088537200004794,24.772382399998605,right,1,0.6828900999971665,None,,,,,01,001,2025-11-14_19h53.20.016,cueing_task_exp,,2025.1.1,59.7863713364382,2025-11-14 19h53.27.332117 +0530,
←,-0.5,valid,left,6,6,0,left,1,0.47099050000542775,None,0,6,6,4,24.78723089999403,,,,,,,,,24.773108099994715,24.78723089999403,25.27221969999664,25.27221969999664,25.571706999995513,25.870381100001396,25.870381100001396,26.35528200000408,left,1,0.47099050000542775,None,,,,,01,001,2025-11-14_19h53.20.016,cueing_task_exp,,2025.1.1,59.7863713364382,2025-11-14 19h53.27.332117 +0530,
→,0.5,valid,right,7,7,0,right,1,0.4097634000063408,None,0,7,7,3,26.372668500000145,,,,,,,,,26.357478499994613,26.372668500000145,26.855380399996648,26.855380399996648,27.15493790000619,27.47225010000693,27.47225010000693,27.88933089999773,right,1,0.4097634000063408,None,,,,,01,001,2025-11-14_19h53.20.016,cueing_task_exp,,2025.1.1,59.7863713364382,2025-11-14 19h53.27.332117 +0530,
→,0.5,valid,right,8,8,0,right,1,0.4392066000000341,None,0,8,8,0,27.90450509999937,,,,,,,,,27.88989720000245,27.90450509999937,28.388889399997424,28.388889399997424,28.705638900006306,29.004951099996106,29.004951099996106,29.455343299996457,right,1,0.4392066000000341,None,,,,,01,001,2025-11-14_19h53.20.016,cueing_task_exp,,2025.1.1,59.7863713364382,2025-11-14 19h53.27.332117 +0530,
→,-0.5,invalid,left,9,9,0,right,0,0.3189628999971319,None,0,9,9,8,29.47057489999861,,,,,,,,,29.455813599997782,29.47057489999861,29.95370379999804,29.95370379999804,30.254495300003327,30.55483209999511,30.55483209999511,30.887839300004998,right,0,0.3189628999971319,None,,,,,01,001,2025-11-14_19h53.20.016,cueing_task_exp,,2025.1.1,59.7863713364382,2025-11-14 19h53.27.332117 +0530,
←,-0.5,valid,left,10,0,1,left,1,1.1229434999986552,None,1,0,10,5,30.905263799999375,,,,,,,,,30.89001560000179,30.905263799999375,31.387866300006863,31.387866300006863,31.68775270000333,31.987766599995666,31.987766599995666,33.12120069999946,left,1,1.1229434999986552,None,,,,,01,001,2025-11-14_19h53.20.016,cueing_task_exp,,2025.1.1,59.7863713364382,2025-11-14 19h53.27.332117 +0530,
→,0.5,valid,right,11,1,1,right,1,0.27865140000358224,None,1,1,11,7,33.136817000005976,,,,,,,,,33.12284140000702,33.136817000005976,33.636886399996,33.636886399996,33.93672169999627,34.237850200006505,34.237850200006505,34.52108570000564,right,1,0.27865140000358224,None,,,,,01,001,2025-11-14_19h53.20.016,cueing_task_exp,,2025.1.1,59.7863713364382,2025-11-14 19h53.27.332117 +0530,
→,-0.5,invalid,left,12,2,1,right,0,0.09818100000848062,None,1,2,12,8,34.53682999999728,,,,,,,,,34.521408400003565,34.53682999999728,35.02080240000214,35.02080240000214,35.32071509999514,35.62105940000038,35.62105940000038,35.721203900000546,right,0,0.09818100000848062,None,,,,,01,001,2025-11-14_19h53.20.016,cueing_task_exp,,2025.1.1,59.7863713364382,2025-11-14 19h53.27.332117 +0530,
←,0.5,invalid,right,13,3,1,right,1,1.126968399999896,None,1,3,13,9,35.73674019999453,,,,,,,,,35.722808599995915,35.73674019999453,36.221028100000694,36.221028100000694,36.522288299995125,36.821111900004325,36.821111900004325,37.95662359999551,right,1,1.126968399999896,None,,,,,01,001,2025-11-14_19h53.20.016,cueing_task_exp,,2025.1.1,59.7863713364382,2025-11-14 19h53.27.332117 +0530,
←,-0.5,valid,left,14,4,1,left,1,0.9504443000041647,None,1,4,14,6,37.971136399995885,,,,,,,,,37.95740389999992,37.971136399995885,38.47247540000535,38.47247540000535,38.755353400003514,39.07217579999997,39.07217579999997,40.03853989999334,left,1,0.9504443000041647,None,,,,,01,001,2025-11-14_19h53.20.016,cueing_task_exp,,2025.1.1,59.7863713364382,2025-11-14 19h53.27.332117 +0530,
←,-0.5,valid,left,15,5,1,left,1,0.8310549000016181,None,1,5,15,4,40.05583630000183,,,,,,,,,40.039031099993736,40.05583630000183,40.538164400000824,40.538164400000824,40.83913009999378,41.139360800007125,41.139360800007125,41.97275390000141,left,1,0.8310549000016181,None,,,,,01,001,2025-11-14_19h53.20.016,cueing_task_exp,,2025.1.1,59.7863713364382,2025-11-14 19h53.27.332117 +0530,
→,0.5,valid,right,16,6,1,right,1,0.5766448000067612,None,1,6,16,0,41.988286899999366,,,,,,,,,41.97571430000244,41.988286899999366,42.489303700000164,42.489303700000164,42.78919080000196,43.07290549999743,43.07290549999743,43.65673190000234,right,1,0.5766448000067612,None,,,,,01,001,2025-11-14_19h53.20.016,cueing_task_exp,,2025.1.1,59.7863713364382,2025-11-14 19h53.27.332117 +0530,
←,-0.5,valid,left,17,7,1,left,1,0.5040960000042105,None,1,7,17,1,43.670369900006335,,,,,,,,,43.65931210000417,43.670369900006335,44.17245290000574,44.17245290000574,44.47262440000486,44.77232319999894,44.77232319999894,45.2885563000018,left,1,0.5040960000042105,None,,,,,01,001,2025-11-14_19h53.20.016,cueing_task_exp,,2025.1.1,59.7863713364382,2025-11-14 19h53.27.332117 +0530,
→,0.5,valid,right,18,8,1,right,1,0.7606299000035506,None,1,8,18,2,45.305012500000885,,,,,,,,,45.290769100000034,45.305012500000885,45.788848700001836,45.788848700001836,46.08932040000218,46.38896470000327,46.38896470000327,47.15540659999533,right,1,0.7606299000035506,None,,,,,01,001,2025-11-14_19h53.20.016,cueing_task_exp,,2025.1.1,59.7863713364382,2025-11-14 19h53.27.332117 +0530,
→,0.5,valid,right,19,9,1,right,1,0.603727900001104,None,1,9,19,3,47.1706273000018,,,,,,,,,47.15587430000596,47.1706273000018,47.655859000005876,47.655859000005876,47.95550480000384,48.27250510000158,48.27250510000158,48.889214199996786,right,1,0.603727900001104,None,,,,,01,001,2025-11-14_19h53.20.016,cueing_task_exp,,2025.1.1,59.7863713364382,2025-11-14 19h53.27.332117 +0530,
→,0.5,valid,right,20,0,2,right,1,0.6112177000031807,None,2,0,20,0,48.9049543000001,,,,,,,,,48.889704700006405,48.9049543000001,49.38871990000189,49.38871990000189,49.688662200002,49.98817460000282,49.98817460000282,50.60575560000143,right,1,0.6112177000031807,None,,,,,01,001,2025-11-14_19h53.20.016,cueing_task_exp,,2025.1.1,59.7863713364382,2025-11-14 19h53.27.332117 +0530,
→,-0.5,invalid,left,21,1,2,left,1,0.8730591000057757,None,2,1,21,8,50.62096719999681,,,,,,,,,50.6062743000075,50.62096719999681,51.1223214000056,51.1223214000056,51.40574050000578,51.70575930000632,51.70575930000632,52.58877420000499,left,1,0.8730591000057757,None,,,,,01,001,2025-11-14_19h53.20.016,cueing_task_exp,,2025.1.1,59.7863713364382,2025-11-14 19h53.27.332117 +0530,
→,0.5,valid,right,22,2,2,right,1,0.9616171999950893,None,2,2,22,2,52.60483529999328,,,,,,,,,52.58924620000471,52.60483529999328,53.08921619999455,53.08921619999455,53.38865330000408,53.68913420000172,53.68913420000172,54.65521019999869,right,1,0.9616171999950893,None,,,,,01,001,2025-11-14_19h53.20.016,cueing_task_exp,,2025.1.1,59.7863713364382,2025-11-14 19h53.27.332117 +0530,
←,-0.5,valid,left,23,3,2,left,1,0.5324706999963382,None,2,3,23,5,54.67163870000513,,,,,,,,,54.657469600002514,54.67163870000513,55.15609859999677,55.15609859999677,55.456039800003055,55.75671010000224,55.75671010000224,56.30607590000727,left,1,0.5324706999963382,None,,,,,01,001,2025-11-14_19h53.20.016,cueing_task_exp,,2025.1.1,59.7863713364382,2025-11-14 19h53.27.332117 +0530,
→,0.5,valid,right,24,4,2,right,1,0.6639394999947399,None,2,4,24,3,56.32263629999943,,,,,,,,,56.308587399995304,56.32263629999943,56.804985099995974,56.804985099995974,57.10597200000484,57.404890200006776,57.404890200006776,58.07201499999792,right,1,0.6639394999947399,None,,,,,01,001,2025-11-14_19h53.20.016,cueing_task_exp,,2025.1.1,59.7863713364382,2025-11-14 19h53.27.332117 +0530,
→,0.5,valid,right,25,5,2,right,1,0.6923977999977069,None,2,5,25,7,58.088426200003596,,,,,,,,,58.07247709999501,58.088426200003596,58.58914450000157,58.58914450000157,58.87169109999377,59.17269770000712,59.17269770000712,59.87245779999648,right,1,0.6923977999977069,None,,,,,01,001,2025-11-14_19h53.20.016,cueing_task_exp,,2025.1.1,59.7863713364382,2025-11-14 19h53.27.332117 +0530,
←,-0.5,valid,left,26,6,2,left,1,0.5582820999989053,None,2,6,26,1,59.88800019999326,,,,,,,,,59.87459520000266,59.88800019999326,60.37255129999539,60.37255129999539,60.67292060000182,60.97274159999506,60.97274159999506,61.53961249999702,left,1,0.5582820999989053,None,,,,,01,001,2025-11-14_19h53.20.016,cueing_task_exp,,2025.1.1,59.7863713364382,2025-11-14 19h53.27.332117 +0530,
←,-0.5,valid,left,27,7,2,left,1,0.4305451000109315,None,2,7,27,4,61.555062900006305,,,,,,,,,61.54007210000418,61.555062900006305,62.03893789999711,62.03893789999711,62.33952550000686,62.63962200000242,62.63962200000242,63.072124500002246,left,1,0.4305451000109315,None,,,,,01,001,2025-11-14_19h53.20.016,cueing_task_exp,,2025.1.1,59.7863713364382,2025-11-14 19h53.27.332117 +0530,
←,-0.5,valid,left,28,8,2,left,1,0.5183461999986321,None,2,8,28,6,63.08849080000073,,,,,,,,,63.07257340000069,63.08849080000073,63.57282620000478,63.57282620000478,63.87294430000475,64.1732958000066,64.1732958000066,64.7060644000012,left,1,0.5183461999986321,None,,,,,01,001,2025-11-14_19h53.20.016,cueing_task_exp,,2025.1.1,59.7863713364382,2025-11-14 19h53.27.332117 +0530,
←,0.5,invalid,right,29,9,2,right,1,1.3598136000073282,None,2,9,29,9,64.72104059999401,,,,,,,,,64.70652779999364,64.72104059999401,65.20622680000088,65.20622680000088,65.50732420000713,65.82277840000461,65.82277840000461,67.19052139999985,right,1,1.3598136000073282,None,,,,,01,001,2025-11-14_19h53.20.016,cueing_task_exp,,2025.1.1,59.7863713364382,2025-11-14 19h53.27.332117 +0530,
←,-0.5,valid,left,30,0,3,left,1,0.6634896000032313,None,3,0,30,1,67.20520510000642,,,,,,,,,67.19116339999891,67.20520510000642,67.70608780000475,67.70608780000475,68.00601749999623,68.30559030000586,68.30559030000586,68.9731380000012,left,1,0.6634896000032313,None,,,,,01,001,2025-11-14_19h53.20.016,cueing_task_exp,,2025.1.1,59.7863713364382,2025-11-14 19h53.27.332117 +0530,
←,-0.5,valid,left,31,1,3,left,1,0.33013930000015534,None,3,1,31,5,68.98802720000094,,,,,,,,,68.97366770000372,68.98802720000094,69.4730203999934,69.4730203999934,69.77313489999506,70.07281589999911,70.07281589999911,70.40518400000292,left,1,0.33013930000015534,None,,,,,01,001,2025-11-14_19h53.20.016,cueing_task_exp,,2025.1.1,59.7863713364382,2025-11-14 19h53.27.332117 +0530,
→,-0.5,invalid,left,32,2,3,left,1,1.3908782999933464,None,3,2,32,8,70.4219288000022,,,,,,,,,70.4076422000071,70.4219288000022,70.90651000000071,70.90651000000071,71.2065808000043,71.5048220000026,71.5048220000026,72.90622069999517,left,1,1.3908782999933464,None,,,,,01,001,2025-11-14_19h53.20.016,cueing_task_exp,,2025.1.1,59.7863713364382,2025-11-14 19h53.27.332117 +0530,
→,0.5,valid,right,33,3,3,right,1,0.33882160000212025,None,3,3,33,2,72.9217295999988,,,,,,,,,72.90669610000623,72.9217295999988,73.4057310000062,73.4057310000062,73.7231693000067,74.00670379999792,74.00670379999792,74.35623499999929,right,1,0.33882160000212025,None,,,,,01,001,2025-11-14_19h53.20.016,cueing_task_exp,,2025.1.1,59.7863713364382,2025-11-14 19h53.27.332117 +0530,
←,-0.5,valid,left,34,4,3,left,1,0.252930100003141,None,3,4,34,4,74.3733074000047,,,,,,,,,74.35841220000293,74.3733074000047,74.85720909999509,74.85720909999509,75.15595289999328,75.45478319999529,75.45478319999529,75.72164639999392,left,1,0.252930100003141,None,,,,,01,001,2025-11-14_19h53.20.016,cueing_task_exp,,2025.1.1,59.7863713364382,2025-11-14 19h53.27.332117 +0530,
←,0.5,invalid,right,35,5,3,right,1,1.5914908999984618,None,3,5,35,9,75.73878519999562,,,,,,,,,75.72231670000474,75.73878519999562,76.22317880000628,76.22317880000628,76.52274800000305,76.82309669999813,76.82309669999813,78.42359649999707,right,1,1.5914908999984618,None,,,,,01,001,2025-11-14_19h53.20.016,cueing_task_exp,,2025.1.1,59.7863713364382,2025-11-14 19h53.27.332117 +0530,
→,0.5,valid,right,36,6,3,right,1,0.49133099999744445,None,3,6,36,3,78.43795639999735,,,,,,,,,78.42600399999355,78.43795639999735,78.92295380000724,78.92295380000724,79.22334399999818,79.52304129999538,79.52304129999538,80.02258580000489,right,1,0.49133099999744445,None,,,,,01,001,2025-11-14_19h53.20.016,cueing_task_exp,,2025.1.1,59.7863713364382,2025-11-14 19h53.27.332117 +0530,
→,0.5,valid,right,37,7,3,right,1,0.36934289999771863,None,3,7,37,0,80.0392858999985,,,,,,,,,80.02306029999454,80.0392858999985,80.52277959999628,80.52277959999628,80.8224615999934,81.12236490000214,81.12236490000214,81.50721009999688,right,1,0.36934289999771863,None,,,,,01,001,2025-11-14_19h53.20.016,cueing_task_exp,,2025.1.1,59.7863713364382,2025-11-14 19h53.27.332117 +0530,
←,-0.5,valid,left,38,8,3,left,1,0.2777332999976352,None,3,8,38,6,81.52202689999831,,,,,,,,,81.50998570000229,81.52202689999831,82.00626130000455,82.00626130000455,82.32293540000683,82.6064267000038,82.6064267000038,82.8894508999947,left,1,0.2777332999976352,None,,,,,01,001,2025-11-14_19h53.20.016,cueing_task_exp,,2025.1.1,59.7863713364382,2025-11-14 19h53.27.332117 +0530,
→,0.5,valid,right,39,9,3,right,1,0.5449732999986736,None,3,9,39,7,82.9056566000072,,,,,,,,,82.89254139999684,82.9056566000072,83.38992630000575,83.38992630000575,83.70453329999873,83.98893269999826,83.98893269999826,84.53938430000562,right,1,0.5449732999986736,None,,,,,01,001,2025-11-14_19h53.20.016,cueing_task_exp,,2025.1.1,59.7863713364382,2025-11-14 19h53.27.332117 +0530,
←,-0.5,valid,left,40,0,4,left,1,0.5201973999937763,None,4,0,40,4,84.55563750000147,,,,,,,,,84.54160179999599,84.55563750000147,85.0396699999983,85.0396699999983,85.33927749999566,85.63798929999757,85.63798929999757,86.17237559999921,left,1,0.5201973999937763,None,,,,,01,001,2025-11-14_19h53.20.016,cueing_task_exp,,2025.1.1,59.7863713364382,2025-11-14 19h53.27.332117 +0530,
←,-0.5,valid,left,41,1,4,left,1,0.9818597999983467,None,4,1,41,6,86.18851110000105,,,,,,,,,86.17299679999996,86.18851110000105,86.67201160000695,86.67201160000695,86.97212279999803,87.28776099999959,87.28776099999959,88.27275220000593,left,1,0.9818597999983467,None,,,,,01,001,2025-11-14_19h53.20.016,cueing_task_exp,,2025.1.1,59.7863713364382,2025-11-14 19h53.27.332117 +0530,
←,-0.5,valid,left,42,2,4,left,1,0.5600337000068976,None,4,2,42,1,88.28998230000434,,,,,,,,,88.27316199999768,88.28998230000434,88.77212750000763,88.77212750000763,89.07325750000018,89.37371539999731,89.37371539999731,89.93951660000312,left,1,0.5600337000068976,None,,,,,01,001,2025-11-14_19h53.20.016,cueing_task_exp,,2025.1.1,59.7863713364382,2025-11-14 19h53.27.332117 +0530,
←,0.5,invalid,right,43,3,4,right,1,1.2898256999906152,None,4,3,43,9,89.95553540000401,,,,,,,,,89.94003050000174,89.95553540000401,90.4382168000011,90.4382168000011,90.73854469999787,91.05522080000082,91.05522080000082,92.3559443999984,right,1,1.2898256999906152,None,,,,,01,001,2025-11-14_19h53.20.016,cueing_task_exp,,2025.1.1,59.7863713364382,2025-11-14 19h53.27.332117 +0530,
→,0.5,valid,right,44,4,4,right,1,0.5084425999957602,None,4,4,44,0,92.37325259999488,,,,,,,,,92.35904900000605,92.37325259999488,92.85679829999572,92.85679829999572,93.15647139999783,93.47364300000481,93.47364300000481,93.99049110000487,right,1,0.5084425999957602,None,,,,,01,001,2025-11-14_19h53.20.016,cueing_task_exp,,2025.1.1,59.7863713364382,2025-11-14 19h53.27.332117 +0530,
←,-0.5,valid,left,45,5,4,left,1,0.4604763999959687,None,4,5,45,5,94.00576949999959,,,,,,,,,93.99291319999611,94.00576949999959,94.5067321999959,94.5067321999959,94.7899885999941,95.09001040000294,95.09001040000294,95.55621450000035,left,1,0.4604763999959687,None,,,,,01,001,2025-11-14_19h53.20.016,cueing_task_exp,,2025.1.1,59.7863713364382,2025-11-14 19h53.27.332117 +0530,
→,-0.5,invalid,left,46,6,4,left,1,1.4745171000104165,None,4,6,46,8,95.57338549999986,,,,,,,,,95.55840039999748,95.57338549999986,96.05526629999804,96.05526629999804,96.3569298999937,96.65488550000009,96.65488550000009,98.13908979999542,left,1,1.4745171000104165,None,,,,,01,001,2025-11-14_19h53.20.016,cueing_task_exp,,2025.1.1,59.7863713364382,2025-11-14 19h53.27.332117 +0530,
→,0.5,valid,right,47,7,4,right,1,0.29561260000627954,None,4,7,47,3,98.15562710000086,,,,,,,,,98.13962580000225,98.15562710000086,98.64015520000248,98.64015520000248,98.93842099999893,99.24011460000474,99.24011460000474,99.5402885999938,right,1,0.29561260000627954,None,,,,,01,001,2025-11-14_19h53.20.016,cueing_task_exp,,2025.1.1,59.7863713364382,2025-11-14 19h53.27.332117 +0530,
→,0.5,valid,right,48,8,4,right,1,0.4193319000041811,None,4,8,48,2,99.5553496000066,,,,,,,,,99.54080909999902,99.5553496000066,100.05579650000436,100.05579650000436,100.33973979999428,100.63987359999737,100.63987359999737,101.0726954999991,right,1,0.4193319000041811,None,,,,,01,001,2025-11-14_19h53.20.016,cueing_task_exp,,2025.1.1,59.7863713364382,2025-11-14 19h53.27.332117 +0530,
→,0.5,valid,right,49,9,4,right,1,0.12388459999056067,None,4,9,49,7,101.08844659999886,,,,,,,,,101.07332270000188,101.08844659999886,101.57261190000281,101.57261190000281,101.87335979999625,102.17317419999745,102.17317419999745,102.30707350000739,right,1,0.12388459999056067,None,,,,,01,001,2025-11-14_19h53.20.016,cueing_task_exp,,2025.1.1,59.7863713364382,2025-11-14 19h53.27.332117 +0530,
←,-0.5,valid,left,50,0,5,left,1,0.8167331000004197,None,5,0,50,5,102.32338630000595,,,,,,,,,102.30925869999919,102.32338630000595,102.80856350000249,102.80856350000249,103.1057884000038,103.40597520000301,103.40597520000301,104.23928069999965,left,1,0.8167331000004197,None,,,,,01,001,2025-11-14_19h53.20.016,cueing_task_exp,,2025.1.1,59.7863713364382,2025-11-14 19h53.27.332117 +0530,
←,-0.5,valid,left,51,1,5,left,1,0.3165315000078408,None,5,1,51,6,104.2566211999947,,,,,,,,,104.23974970000563,104.2566211999947,104.73959359999571,104.73959359999571,105.04016109999793,105.34035820000281,105.34035820000281,105.67307429999346,left,1,0.3165315000078408,None,,,,,01,001,2025-11-14_19h53.20.016,cueing_task_exp,,2025.1.1,59.7863713364382,2025-11-14 19h53.27.332117 +0530,
←,-0.5,valid,left,52,2,5,left,1,0.2948470000119414,None,5,2,52,4,105.68922489999386,,,,,,,,,105.67371259999345,105.68922489999386,106.17308320000302,106.17308320000302,106.48884419999376,106.77303379999648,106.77303379999648,107.07240560000355,left,1,0.2948470000119414,None,,,,,01,001,2025-11-14_19h53.20.016,cueing_task_exp,,2025.1.1,59.7863713364382,2025-11-14 19h53.27.332117 +0530,
→,0.5,valid,right,53,3,5,right,1,0.513628399989102,None,5,3,53,7,107.0889196000062,,,,,,,,,107.07500460000301,107.0889196000062,107.57309590000659,107.57309590000659,107.87325330000021,108.17266579999705,108.17266579999705,108.68981019999774,right,1,0.513628399989102,None,,,,,01,001,2025-11-14_19h53.20.016,cueing_task_exp,,2025.1.1,59.7863713364382,2025-11-14 19h53.27.332117 +0530,
→,0.5,valid,right,54,4,5,right,1,0.2383138000004692,None,5,4,54,0,108.70529019999958,,,,,,,,,108.69039649999468,108.70529019999958,109.19033179999678,109.19033179999678,109.48964889999479,109.78894810000202,109.78894810000202,110.0408868999948,right,1,0.2383138000004692,None,,,,,01,001,2025-11-14_19h53.20.016,cueing_task_exp,,2025.1.1,59.7863713364382,2025-11-14 19h53.27.332117 +0530,
→,0.5,valid,right,55,5,5,right,1,0.226666300004581,None,5,5,55,2,110.056227699999,,,,,,,,,110.0415828999976,110.056227699999,110.54049210000085,110.54049210000085,110.84081530000549,111.14107120000699,111.14107120000699,111.37419950000185,right,1,0.226666300004581,None,,,,,01,001,2025-11-14_19h53.20.016,cueing_task_exp,,2025.1.1,59.7863713364382,2025-11-14 19h53.27.332117 +0530,
→,-0.5,invalid,left,56,6,5,left,1,1.2579302999947686,None,5,6,56,8,111.38862840000365,,,,,,,,,111.37472140000318,111.38862840000365,111.87214049999602,111.87214049999602,112.17347170000721,112.49035940000613,112.49035940000613,113.75674070000241,left,1,1.2579302999947686,None,,,,,01,001,2025-11-14_19h53.20.016,cueing_task_exp,,2025.1.1,59.7863713364382,2025-11-14 19h53.27.332117 +0530,
←,-0.5,valid,left,57,7,5,left,1,0.3560676000051899,None,5,7,57,1,113.77362589999393,,,,,,,,,113.75893710000673,113.77362589999393,114.25705670000752,114.25705670000752,114.55681720000575,114.85657020000508,114.85657020000508,115.22364169999491,left,1,0.3560676000051899,None,,,,,01,001,2025-11-14_19h53.20.016,cueing_task_exp,,2025.1.1,59.7863713364382,2025-11-14 19h53.27.332117 +0530,
→,0.5,valid,right,58,8,5,right,1,0.46064049999404233,None,5,8,58,3,115.2388559999963,,,,,,,,,115.2257818000071,115.2388559999963,115.72247819999757,115.72247819999757,116.02374069999496,116.3401584999956,116.3401584999956,116.80588679999346,right,1,0.46064049999404233,None,,,,,01,001,2025-11-14_19h53.20.016,cueing_task_exp,,2025.1.1,59.7863713364382,2025-11-14 19h53.27.332117 +0530,
←,0.5,invalid,right,59,9,5,right,1,1.2506181000062497,None,5,9,59,9,116.82252339999832,,,,,,,,,116.80847089999588,116.82252339999832,117.30699800000002,117.30699800000002,117.60573890000524,117.90689080000448,117.90689080000448,119.17368730000453,right,1,1.2506181000062497,None,,,,,01,001,2025-11-14_19h53.20.016,cueing_task_exp,,2025.1.1,59.7863713364382,2025-11-14 19h53.27.332117 +0530,
←,-0.5,valid,left,60,0,6,left,1,0.387810799991712,None,6,0,60,6,119.19043560000136,,,,,,,,,119.17414240000653,119.19043560000136,119.67359819999547,119.67359819999547,119.97373230000085,120.27450220000173,120.27450220000173,120.67290330000105,left,1,0.387810799991712,None,,,,,01,001,2025-11-14_19h53.20.016,cueing_task_exp,,2025.1.1,59.7863713364382,2025-11-14 19h53.27.332117 +0530,
→,0.5,valid,right,61,1,6,right,1,0.2526990000042133,None,6,1,61,7,120.68948749999981,,,,,,,,,120.67509200000495,120.68948749999981,121.17394310000236,121.17394310000236,121.47323990000586,121.7731219999987,121.7731219999987,122.0404736000055,right,1,0.2526990000042133,None,,,,,01,001,2025-11-14_19h53.20.016,cueing_task_exp,,2025.1.1,59.7863713364382,2025-11-14 19h53.27.332117 +0530,
←,0.5,invalid,right,62,2,6,right,1,1.7971103000018047,None,6,2,62,9,122.05721129999438,,,,,,,,,122.04270700000052,122.05721129999438,122.54065500000434,122.54065500000434,122.84046269999817,123.14054809999652,123.14054809999652,124.94050140000763,right,1,1.7971103000018047,None,,,,,01,001,2025-11-14_19h53.20.016,cueing_task_exp,,2025.1.1,59.7863713364382,2025-11-14 19h53.27.332117 +0530,
→,0.5,valid,right,63,3,6,right,1,1.2653563000058057,None,6,3,63,0,124.95578129999922,,,,,,,,,124.94279499999539,124.95578129999922,125.44066510000266,125.44066510000266,125.74053890000505,126.05655350000598,126.05655350000598,127.32394089999434,right,1,1.2653563000058057,None,,,,,01,001,2025-11-14_19h53.20.016,cueing_task_exp,,2025.1.1,59.7863713364382,2025-11-14 19h53.27.332117 +0530,
←,-0.5,valid,left,64,4,6,left,1,0.456618600001093,None,6,4,64,5,127.3396453000023,,,,,,,,,127.32638929999666,127.3396453000023,127.82364940000116,127.82364940000116,128.1405248999945,128.42429749999428,128.42429749999428,128.89144320000196,left,1,0.456618600001093,None,,,,,01,001,2025-11-14_19h53.20.016,cueing_task_exp,,2025.1.1,59.7863713364382,2025-11-14 19h53.27.332117 +0530,
→,0.5,valid,right,65,5,6,right,1,0.6342405000032159,None,6,5,65,2,128.90539210000134,,,,,,,,,128.89383559999987,128.90539210000134,129.4067509000015,129.4067509000015,129.6908781999955,129.9907574999961,129.9907574999961,130.64025690000562,right,1,0.6342405000032159,None,,,,,01,001,2025-11-14_19h53.20.016,cueing_task_exp,,2025.1.1,59.7863713364382,2025-11-14 19h53.27.332117 +0530,
←,-0.5,valid,left,66,6,6,left,1,0.9595157000003383,None,6,6,66,1,130.65671080000175,,,,,,,,,130.6424646999949,130.65671080000175,131.1410431999975,131.1410431999975,131.44027839999762,131.74051790000522,131.74051790000522,132.70681750000222,left,1,0.9595157000003383,None,,,,,01,001,2025-11-14_19h53.20.016,cueing_task_exp,,2025.1.1,59.7863713364382,2025-11-14 19h53.27.332117 +0530,
→,-0.5,invalid,left,67,7,6,left,1,1.4971737999876495,None,6,7,67,8,132.72272229999362,,,,,,,,,132.7099051999976,132.72272229999362,133.2076010000019,133.2076010000019,133.5071300999989,133.80551869999908,133.80551869999908,135.30821879999712,left,1,1.4971737999876495,None,,,,,01,001,2025-11-14_19h53.20.016,cueing_task_exp,,2025.1.1,59.7863713364382,2025-11-14 19h53.27.332117 +0530,
→,0.5,valid,right,68,8,6,right,1,0.31819379999069497,None,6,8,68,3,135.32268250000197,,,,,,,,,135.30894580000313,135.32268250000197,135.82829710000078,135.82829710000078,136.10692770000605,136.4235711999936,136.4235711999936,136.7566977999959,right,1,0.31819379999069497,None,,,,,01,001,2025-11-14_19h53.20.016,cueing_task_exp,,2025.1.1,59.7863713364382,2025-11-14 19h53.27.332117 +0530,
←,-0.5,valid,left,69,9,6,left,1,0.44449220001115464,None,6,9,69,4,136.77377830000478,,,,,,,,,136.75890800000343,136.77377830000478,137.2572164000012,137.2572164000012,137.55725939999684,137.85743550000188,137.85743550000188,138.30731040000683,left,1,0.44449220001115464,None,,,,,01,001,2025-11-14_19h53.20.016,cueing_task_exp,,2025.1.1,59.7863713364382,2025-11-14 19h53.27.332117 +0530,
→,-0.5,invalid,left,70,0,7,left,1,1.4765569000010146,None,7,0,70,8,138.32297170000675,,,,,,,,,138.30978890000551,138.32297170000675,138.80782410000393,138.80782410000393,139.10709849999694,139.40741850000632,139.40741850000632,140.89037930000632,left,1,1.4765569000010146,None,,,,,01,001,2025-11-14_19h53.20.016,cueing_task_exp,,2025.1.1,59.7863713364382,2025-11-14 19h53.27.332117 +0530,
→,0.5,valid,right,71,1,7,right,1,0.342042100004619,None,7,1,71,2,140.90566370000306,,,,,,,,,140.89083230000688,140.90566370000306,141.39044370000192,141.39044370000192,141.69000089999463,141.99089499999536,141.99089499999536,142.34066509999684,right,1,0.342042100004619,None,,,,,01,001,2025-11-14_19h53.20.016,cueing_task_exp,,2025.1.1,59.7863713364382,2025-11-14 19h53.27.332117 +0530,
←,-0.5,valid,left,72,2,7,left,1,0.44223559999954887,None,7,2,72,4,142.35588689999713,,,,,,,,,142.34285760000057,142.35588689999713,142.8409806999989,142.8409806999989,143.1398504999961,143.44060980000359,143.44060980000359,143.89002439999604,left,1,0.44223559999954887,None,,,,,01,001,2025-11-14_19h53.20.016,cueing_task_exp,,2025.1.1,59.7863713364382,2025-11-14 19h53.27.332117 +0530,
←,-0.5,valid,left,73,3,7,left,1,0.4456572000053711,None,7,3,73,5,143.90647279999394,,,,,,,,,143.89063939999323,143.90647279999394,144.3911037999933,144.3911037999933,144.69039610000618,144.98900260000664,144.98900260000664,145.4418469999946,left,1,0.4456572000053711,None,,,,,01,001,2025-11-14_19h53.20.016,cueing_task_exp,,2025.1.1,59.7863713364382,2025-11-14 19h53.27.332117 +0530,
→,0.5,valid,right,74,4,7,right,1,0.44109490000118967,None,7,4,74,3,145.45585729999584,,,,,,,,,145.44435079999676,145.45585729999584,145.94101939999382,145.94101939999382,146.24072549999983,146.557581999994,146.557581999994,147.0071980000066,right,1,0.44109490000118967,None,,,,,01,001,2025-11-14_19h53.20.016,cueing_task_exp,,2025.1.1,59.7863713364382,2025-11-14 19h53.27.332117 +0530,
→,0.5,valid,right,75,5,7,right,1,0.4183744000038132,None,7,5,75,7,147.02322390000336,,,,,,,,,147.00767000000633,147.02322390000336,147.5072824999952,147.5072824999952,147.80734420000226,148.10723369999323,148.10723369999323,148.54007550000097,right,1,0.4183744000038132,None,,,,,01,001,2025-11-14_19h53.20.016,cueing_task_exp,,2025.1.1,59.7863713364382,2025-11-14 19h53.27.332117 +0530,
←,-0.5,valid,left,76,6,7,left,1,0.3166893000015989,None,7,6,76,1,148.55739050000557,,,,,,,,,148.54243570000108,148.55739050000557,149.04108939999423,149.04108939999423,149.339724999998,149.64062590000685,149.64062590000685,149.97358710000117,left,1,0.3166893000015989,None,,,,,01,001,2025-11-14_19h53.20.016,cueing_task_exp,,2025.1.1,59.7863713364382,2025-11-14 19h53.27.332117 +0530,
→,0.5,valid,right,77,7,7,right,1,0.4182944000058342,None,7,7,77,0,149.9904225000064,,,,,,,,,149.97603059999528,149.9904225000064,150.4730727999995,150.4730727999995,150.77413950000482,151.0740528000024,151.0740528000024,151.50765850000607,right,1,0.4182944000058342,None,,,,,01,001,2025-11-14_19h53.20.016,cueing_task_exp,,2025.1.1,59.7863713364382,2025-11-14 19h53.27.332117 +0530,
←,-0.5,valid,left,78,8,7,left,1,0.40399710000201594,None,7,8,78,6,151.5231902999949,,,,,,,,,151.50982510000176,151.5231902999949,152.00680109999666,152.00680109999666,152.30758189999324,152.6078267999983,152.6078267999983,153.02417750000313,left,1,0.40399710000201594,None,,,,,01,001,2025-11-14_19h53.20.016,cueing_task_exp,,2025.1.1,59.7863713364382,2025-11-14 19h53.27.332117 +0530,
←,0.5,invalid,right,79,9,7,right,1,1.59645620000083,None,7,9,79,9,153.0401683999953,,,,,,,,,153.02468089999456,153.0401683999953,153.5240163999988,153.5240163999988,153.82410070000333,154.1243162000028,154.1243162000028,155.72392150000087,right,1,1.59645620000083,None,,,,,01,001,2025-11-14_19h53.20.016,cueing_task_exp,,2025.1.1,59.7863713364382,2025-11-14 19h53.27.332117 +0530,
←,-0.5,valid,left,80,0,8,left,1,0.3580084999994142,None,8,0,80,1,155.73978319999878,,,,,,,,,155.72476850000385,155.73978319999878,156.2245263000077,156.2245263000077,156.52457609999692,156.82329580000078,156.82329580000078,157.1907482999959,left,1,0.3580084999994142,None,,,,,01,001,2025-11-14_19h53.20.016,cueing_task_exp,,2025.1.1,59.7863713364382,2025-11-14 19h53.27.332117 +0530,
→,0.5,valid,right,81,1,8,right,1,0.37313749999157153,None,8,1,81,2,157.206104900004,,,,,,,,,157.19291959999828,157.206104900004,157.69110169999476,157.69110169999476,157.99038020000444,158.29080869999598,158.29080869999598,158.67514150000352,right,1,0.37313749999157153,None,,,,,01,001,2025-11-14_19h53.20.016,cueing_task_exp,,2025.1.1,59.7863713364382,2025-11-14 19h53.27.332117 +0530,
→,0.5,valid,right,82,2,8,right,1,0.3488454000034835,None,8,2,82,0,158.69000790000428,,,,,,,,,158.67585270000563,158.69000790000428,159.1748285000067,159.1748285000067,159.49118610000005,159.77457130000403,159.77457130000403,160.12463010000647,right,1,0.3488454000034835,None,,,,,01,001,2025-11-14_19h53.20.016,cueing_task_exp,,2025.1.1,59.7863713364382,2025-11-14 19h53.27.332117 +0530,
→,0.5,valid,right,83,3,8,right,1,0.20931529998779297,None,8,3,83,3,160.13939379999647,,,,,,,,,160.12528350000503,160.13939379999647,160.64108669999405,160.64108669999405,160.92462449999584,161.2240249000024,161.2240249000024,161.44143279999844,right,1,0.20931529998779297,None,,,,,01,001,2025-11-14_19h53.20.016,cueing_task_exp,,2025.1.1,59.7863713364382,2025-11-14 19h53.27.332117 +0530,
→,-0.5,invalid,left,84,4,8,left,1,1.3962616000062553,None,8,4,84,8,161.45610619999934,,,,,,,,,161.44195330000366,161.45610619999934,161.94117879999976,161.94117879999976,162.24121550000564,162.54106200000388,162.54106200000388,163.94111240000348,left,1,1.3962616000062553,None,,,,,01,001,2025-11-14_19h53.20.016,cueing_task_exp,,2025.1.1,59.7863713364382,2025-11-14 19h53.27.332117 +0530,
←,0.5,invalid,right,85,5,8,right,1,1.6056494999938877,None,8,5,85,9,163.95687870000256,,,,,,,,,163.94354700000258,163.95687870000256,164.44126920000417,164.44126920000417,164.73958480000147,165.0414446000068,165.0414446000068,166.6591260999994,right,1,1.6056494999938877,None,,,,,01,001,2025-11-14_19h53.20.016,cueing_task_exp,,2025.1.1,59.7863713364382,2025-11-14 19h53.27.332117 +0530,
←,-0.5,valid,left,86,6,8,left,1,0.7043834000069182,None,8,6,86,4,166.6727353000024,,,,,,,,,166.6601393000019,166.6727353000024,167.17453780000506,167.17453780000506,167.47441799999797,167.77471840000362,167.77471840000362,168.4909417000017,left,1,0.7043834000069182,None,,,,,01,001,2025-11-14_19h53.20.016,cueing_task_exp,,2025.1.1,59.7863713364382,2025-11-14 19h53.27.332117 +0530,
→,0.5,valid,right,87,7,8,right,1,0.3467014000052586,None,8,7,87,7,168.50733209999453,,,,,,,,,168.49336439999752,168.50733209999453,168.99109739999403,168.99109739999403,169.29102849999617,169.5903124000033,169.5903124000033,169.94076589999895,right,1,0.3467014000052586,None,,,,,01,001,2025-11-14_19h53.20.016,cueing_task_exp,,2025.1.1,59.7863713364382,2025-11-14 19h53.27.332117 +0530,
←,-0.5,valid,left,88,8,8,left,1,0.30434990000503603,None,8,8,88,6,169.95606179999595,,,,,,,,,169.94308450000244,169.95606179999595,170.44039960000373,170.44039960000373,170.7413927000016,171.04107560000557,171.04107560000557,171.35786910000024,left,1,0.30434990000503603,None,,,,,01,001,2025-11-14_19h53.20.016,cueing_task_exp,,2025.1.1,59.7863713364382,2025-11-14 19h53.27.332117 +0530,
←,-0.5,valid,left,89,9,8,left,1,0.3837314999982482,None,8,9,89,5,171.37361870000314,,,,,,,,,171.35854790000303,171.37361870000314,171.85838269999658,171.85838269999658,172.15805300000648,172.4570789999998,172.4570789999998,172.84181090000493,left,1,0.3837314999982482,None,,,,,01,001,2025-11-14_19h53.20.016,cueing_task_exp,,2025.1.1,59.7863713364382,2025-11-14 19h53.27.332117 +0530,
→,0.5,valid,right,90,0,9,right,1,0.527717400007532,None,9,0,90,2,172.85732730000746,,,,,,,,,172.84424210000725,172.85732730000746,173.34120900000562,173.34120900000562,173.64171700000588,173.94128909999563,173.94128909999563,174.47363560000667,right,1,0.527717400007532,None,,,,,01,001,2025-11-14_19h53.20.016,cueing_task_exp,,2025.1.1,59.7863713364382,2025-11-14 19h53.27.332117 +0530,
→,0.5,valid,right,91,1,9,right,1,0.5924534000077983,None,9,1,91,0,174.49096039999858,,,,,,,,,174.47416410000005,174.49096039999858,174.9752417999989,174.9752417999989,175.27464620000683,175.574738299998,175.574738299998,176.1754774000001,right,1,0.5924534000077983,None,,,,,01,001,2025-11-14_19h53.20.016,cueing_task_exp,,2025.1.1,59.7863713364382,2025-11-14 19h53.27.332117 +0530,
→,0.5,valid,right,92,2,9,right,1,0.36805429999367334,None,9,2,92,3,176.19049809999706,,,,,,,,,176.17616820000694,176.19049809999706,176.6748743000062,176.6748743000062,176.9749085999938,177.29167150000285,177.29167150000285,177.6761162000039,right,1,0.36805429999367334,None,,,,,01,001,2025-11-14_19h53.20.016,cueing_task_exp,,2025.1.1,59.7863713364382,2025-11-14 19h53.27.332117 +0530,
←,-0.5,valid,left,93,3,9,left,1,0.3754354999982752,None,9,3,93,6,177.68935679999413,,,,,,,,,177.6790880000044,177.68935679999413,178.1919038000051,178.1919038000051,178.4916050000029,178.79037440000684,178.79037440000684,179.17531160000362,left,1,0.3754354999982752,None,,,,,01,001,2025-11-14_19h53.20.016,cueing_task_exp,,2025.1.1,59.7863713364382,2025-11-14 19h53.27.332117 +0530,
←,-0.5,valid,left,94,4,9,left,1,0.27640500001143664,None,9,4,94,1,179.19044940000458,,,,,,,,,179.1760873000021,179.19044940000458,179.69052360000205,179.69052360000205,179.97396030000527,180.27480970000033,180.27480970000033,180.55798440000217,left,1,0.27640500001143664,None,,,,,01,001,2025-11-14_19h53.20.016,cueing_task_exp,,2025.1.1,59.7863713364382,2025-11-14 19h53.27.332117 +0530,
←,0.5,invalid,right,95,5,9,right,1,1.2331125999917276,None,9,5,95,9,180.57340219999605,,,,,,,,,180.55844049999723,180.57340219999605,181.0574426999956,181.0574426999956,181.35841070000606,181.65727270000207,181.65727270000207,182.89142260000517,right,1,1.2331125999917276,None,,,,,01,001,2025-11-14_19h53.20.016,cueing_task_exp,,2025.1.1,59.7863713364382,2025-11-14 19h53.27.332117 +0530,
←,-0.5,valid,left,96,6,9,left,1,0.48419750000175554,None,9,6,96,5,182.90720030000375,,,,,,,,,182.89195619999373,182.90720030000375,183.40799310000148,183.40799310000148,183.69182399999409,183.99128740000015,183.99128740000015,184.4909168000013,left,1,0.48419750000175554,None,,,,,01,001,2025-11-14_19h53.20.016,cueing_task_exp,,2025.1.1,59.7863713364382,2025-11-14 19h53.27.332117 +0530,
→,-0.5,invalid,left,97,7,9,left,1,1.164795899996534,None,9,7,97,8,184.50736020000477,,,,,,,,,184.49446450000687,184.50736020000477,184.99206030000641,184.99206030000641,185.29157600000326,185.58988420000242,185.58988420000242,186.75820779999776,left,1,1.164795899996534,None,,,,,01,001,2025-11-14_19h53.20.016,cueing_task_exp,,2025.1.1,59.7863713364382,2025-11-14 19h53.27.332117 +0530,
→,0.5,valid,right,98,8,9,right,1,0.4469463999994332,None,9,8,98,7,186.77338090000558,,,,,,,,,186.75867969999672,186.77338090000558,187.2584116000071,187.2584116000071,187.5577798000013,187.85800140000356,187.85800140000356,188.3092128999997,right,1,0.4469463999994332,None,,,,,01,001,2025-11-14_19h53.20.016,cueing_task_exp,,2025.1.1,59.7863713364382,2025-11-14 19h53.27.332117 +0530,
←,-0.5,valid,left,99,9,9,left,1,0.39435869999579154,None,9,9,99,4,188.32263710000552,,,,,,,,,188.3117179999972,188.32263710000552,188.82514139999694,188.82514139999694,189.10814650000248,189.4083918999968,189.4083918999968,189.80889729999762,left,1,0.39435869999579154,None,,,,,01,001,2025-11-14_19h53.20.016,cueing_task_exp,,2025.1.1,59.7863713364382,2025-11-14 19h53.27.332117 +0530,
←,-0.5,valid,left,100,0,10,left,1,0.34692229999927804,None,10,0,100,4,189.82314249999763,,,,,,,,,189.80945529999735,189.82314249999763,190.30730250000488,190.30730250000488,190.60683269999572,190.9087378999975,190.9087378999975,191.2580536000023,left,1,0.34692229999927804,None,,,,,01,001,2025-11-14_19h53.20.016,cueing_task_exp,,2025.1.1,59.7863713364382,2025-11-14 19h53.27.332117 +0530,
→,0.5,valid,right,101,1,10,right,1,0.27684880000015255,None,10,1,101,2,191.2737041000073,,,,,,,,,191.26023080000596,191.2737041000073,191.77490299999772,191.77490299999772,192.05848730000434,192.35802850000618,192.35802850000618,192.64190139999846,right,1,0.27684880000015255,None,,,,,01,001,2025-11-14_19h53.20.016,cueing_task_exp,,2025.1.1,59.7863713364382,2025-11-14 19h53.27.332117 +0530,
←,-0.5,valid,left,102,2,10,left,1,0.2923142999934498,None,10,2,102,1,192.6574724999955,,,,,,,,,192.64429710000695,192.6574724999955,193.14177849999396,193.14177849999396,193.44151129999955,193.74178520000714,193.74178520000714,194.04085390000546,left,1,0.2923142999934498,None,,,,,01,001,2025-11-14_19h53.20.016,cueing_task_exp,,2025.1.1,59.7863713364382,2025-11-14 19h53.27.332117 +0530,
→,0.5,valid,right,103,3,10,right,1,0.275296799998614,None,10,3,103,7,194.0583168000012,,,,,,,,,194.0430997999938,194.0583168000012,194.54205970000476,194.54205970000476,194.85848389999592,195.1421171999973,195.1421171999973,195.42594380000082,right,1,0.275296799998614,None,,,,,01,001,2025-11-14_19h53.20.016,cueing_task_exp,,2025.1.1,59.7863713364382,2025-11-14 19h53.27.332117 +0530,
→,0.5,valid,right,104,4,10,right,1,0.1296035999985179,None,10,4,104,0,195.4399548999936,,,,,,,,,195.42648460000055,195.4399548999936,195.94189849999384,195.94189849999384,196.22470380000595,196.54124279999814,196.54124279999814,196.67555299999367,right,1,0.1296035999985179,None,,,,,01,001,2025-11-14_19h53.20.016,cueing_task_exp,,2025.1.1,59.7863713364382,2025-11-14 19h53.27.332117 +0530,
→,0.5,valid,right,105,5,10,right,1,0.18772780000290368,None,10,5,105,3,196.69013909999921,,,,,,,,,196.6760937000072,196.69013909999921,197.17497249999724,197.17497249999724,197.49213189999864,197.77545640000608,197.77545640000608,197.97489810000116,right,1,0.18772780000290368,None,,,,,01,001,2025-11-14_19h53.20.016,cueing_task_exp,,2025.1.1,59.7863713364382,2025-11-14 19h53.27.332117 +0530,
←,-0.5,valid,left,106,6,10,left,1,0.3064026000065496,None,10,6,106,5,197.991322700007,,,,,,,,,197.9772238000005,197.991322700007,198.47522259999823,198.47522259999823,198.77434390000417,199.0754648000002,199.0754648000002,199.39265409999643,left,1,0.3064026000065496,None,,,,,01,001,2025-11-14_19h53.20.016,cueing_task_exp,,2025.1.1,59.7863713364382,2025-11-14 19h53.27.332117 +0530,
←,-0.5,valid,left,107,7,10,left,1,0.2207061000081012,None,10,7,107,6,199.40655569999944,,,,,,,,,199.39342880000186,199.40655569999944,199.9082849999977,199.9082849999977,200.20832710000104,200.50763720000396,200.50763720000396,200.74150240000745,left,1,0.2207061000081012,None,,,,,01,001,2025-11-14_19h53.20.016,cueing_task_exp,,2025.1.1,59.7863713364382,2025-11-14 19h53.27.332117 +0530,
←,0.5,invalid,right,108,8,10,right,1,1.5263719000067795,None,10,8,108,9,200.7582376000064,,,,,,,,,200.74197259999346,200.7582376000064,201.2423187999957,201.2423187999957,201.54215890000341,201.8418556999968,201.8418556999968,203.37586539999756,right,1,1.5263719000067795,None,,,,,01,001,2025-11-14_19h53.20.016,cueing_task_exp,,2025.1.1,59.7863713364382,2025-11-14 19h53.27.332117 +0530,
→,-0.5,invalid,left,109,9,10,left,1,1.1834057999949437,None,10,9,109,8,203.39004909999494,,,,,,,,,203.37839919999533,203.39004909999494,203.8750124000071,203.8750124000071,204.1918466000061,204.4921589000005,204.4921589000005,205.6917143000028,left,1,1.1834057999949437,None,,,,,01,001,2025-11-14_19h53.20.016,cueing_task_exp,,2025.1.1,59.7863713364382,2025-11-14 19h53.27.332117 +0530,
→,0.5,valid,right,110,0,11,right,1,0.39248480000242125,None,11,0,110,7,205.706972400003,,,,,,,,,205.6921779999975,205.706972400003,206.19046870000602,206.19046870000602,206.49218349999865,206.7917321999994,206.7917321999994,207.1921153000003,right,1,0.39248480000242125,None,,,,,01,001,2025-11-14_19h53.20.016,cueing_task_exp,,2025.1.1,59.7863713364382,2025-11-14 19h53.27.332117 +0530,
→,0.5,valid,right,111,1,11,right,1,0.30666679999558255,None,11,1,111,2,207.20704579999438,,,,,,,,,207.19262650000746,207.20704579999438,207.69205830000283,207.69205830000283,207.99176869999792,208.29156329999387,208.29156329999387,208.60812930000247,right,1,0.30666679999558255,None,,,,,01,001,2025-11-14_19h53.20.016,cueing_task_exp,,2025.1.1,59.7863713364382,2025-11-14 19h53.27.332117 +0530,
←,0.5,invalid,right,112,2,11,right,1,1.6237513000087347,None,11,2,112,9,208.62385679999716,,,,,,,,,208.61053879999963,208.62385679999716,209.1083329999965,209.1083329999965,209.40843939999468,209.70836299999792,209.70836299999792,211.34166540000297,right,1,1.6237513000087347,None,,,,,01,001,2025-11-14_19h53.20.016,cueing_task_exp,,2025.1.1,59.7863713364382,2025-11-14 19h53.27.332117 +0530,
→,0.5,valid,right,113,3,11,right,1,0.646135899994988,None,11,3,113,3,211.35842580000462,,,,,,,,,211.3438285000011,211.35842580000462,211.84242970000196,211.84242970000196,212.15771280000627,212.44195860000036,212.44195860000036,213.09215130000666,right,1,0.646135899994988,None,,,,,01,001,2025-11-14_19h53.20.016,cueing_task_exp,,2025.1.1,59.7863713364382,2025-11-14 19h53.27.332117 +0530,
←,-0.5,valid,left,114,4,11,left,1,0.3423303000017768,None,11,4,114,4,213.10744979999436,,,,,,,,,213.0945464999968,213.10744979999436,213.6087467000034,213.6087467000034,213.8916637999937,214.1919207000028,214.1919207000028,214.5420107999962,left,1,0.3423303000017768,None,,,,,01,001,2025-11-14_19h53.20.016,cueing_task_exp,,2025.1.1,59.7863713364382,2025-11-14 19h53.27.332117 +0530,
←,-0.5,valid,left,115,5,11,left,1,0.3795938999974169,None,11,5,115,5,214.55765590000374,,,,,,,,,214.54258039999695,214.55765590000374,215.0421107000002,215.0421107000002,215.34151369999745,215.64106690000335,215.64106690000335,216.02500569999393,left,1,0.3795938999974169,None,,,,,01,001,2025-11-14_19h53.20.016,cueing_task_exp,,2025.1.1,59.7863713364382,2025-11-14 19h53.27.332117 +0530,
→,-0.5,invalid,left,116,6,11,right,0,0.07903490000171587,None,11,6,116,8,216.04039500000363,,,,,,,,,216.02719629999774,216.04039500000363,216.52364040000248,216.52364040000248,216.8255782000051,217.125019900006,217.125019900006,217.2091788999969,right,0,0.07903490000171587,None,,,,,01,001,2025-11-14_19h53.20.016,cueing_task_exp,,2025.1.1,59.7863713364382,2025-11-14 19h53.27.332117 +0530,
←,-0.5,valid,left,117,7,11,left,1,0.3235181000054581,None,11,7,117,1,217.2247051000013,,,,,,,,,217.21168199999374,217.2247051000013,217.70794389999355,217.70794389999355,218.0084155999939,218.3251964999945,218.3251964999945,218.65985949999595,left,1,0.3235181000054581,None,,,,,01,001,2025-11-14_19h53.20.016,cueing_task_exp,,2025.1.1,59.7863713364382,2025-11-14 19h53.27.332117 +0530,
→,0.5,valid,right,118,8,11,right,1,0.540021799999522,None,11,8,118,0,218.6735103999963,,,,,,,,,218.66277690000425,218.6735103999963,219.17463609999686,219.17463609999686,219.4750059000071,219.77562149999721,219.77562149999721,220.3263941000041,right,1,0.540021799999522,None,,,,,01,001,2025-11-14_19h53.20.016,cueing_task_exp,,2025.1.1,59.7863713364382,2025-11-14 19h53.27.332117 +0530,
←,-0.5,valid,left,119,9,11,left,1,0.4498706000013044,None,11,9,119,6,220.34054950000427,,,,,,,,,220.32952090000617,220.34054950000427,220.82570279999345,220.82570279999345,221.1421638000029,221.42561380000552,221.42561380000552,221.8912954999978,left,1,0.4498706000013044,None,,,,,01,001,2025-11-14_19h53.20.016,cueing_task_exp,,2025.1.1,59.7863713364382,2025-11-14 19h53.27.332117 +0530,
←,-0.5,valid,left,120,0,12,left,1,0.38110459999006707,None,12,0,120,5,221.90890399999626,,,,,,,,,221.89176670000597,221.90890399999626,222.39211570000043,222.39211570000043,222.69129350000003,222.9923070000077,222.9923070000077,223.37505119999696,left,1,0.38110459999006707,None,,,,,01,001,2025-11-14_19h53.20.016,cueing_task_exp,,2025.1.1,59.7863713364382,2025-11-14 19h53.27.332117 +0530,
←,-0.5,valid,left,121,1,12,left,1,0.33411769999656826,None,12,1,121,4,223.39136470000085,,,,,,,,,223.37551339999482,223.39136470000085,223.87567480000143,223.87567480000143,224.17577529999835,224.47536929999478,224.47536929999478,224.82540390000213,left,1,0.33411769999656826,None,,,,,01,001,2025-11-14_19h53.20.016,cueing_task_exp,,2025.1.1,59.7863713364382,2025-11-14 19h53.27.332117 +0530,
←,-0.5,valid,left,122,2,12,left,1,0.2761039999895729,None,12,2,122,1,224.8405175999942,,,,,,,,,224.82594890000473,224.8405175999942,225.3422836999962,225.3422836999962,225.62501820000762,225.92546860000584,225.92546860000584,226.20879610000702,left,1,0.2761039999895729,None,,,,,01,001,2025-11-14_19h53.20.016,cueing_task_exp,,2025.1.1,59.7863713364382,2025-11-14 19h53.27.332117 +0530,
→,-0.5,invalid,left,123,3,12,left,1,1.5963635000080103,None,12,3,123,8,226.22552770000766,,,,,,,,,226.21099059999688,226.22552770000766,226.70894460000272,226.70894460000272,227.00757260000682,227.32570689999557,227.32570689999557,228.92634039999393,left,1,1.5963635000080103,None,,,,,01,001,2025-11-14_19h53.20.016,cueing_task_exp,,2025.1.1,59.7863713364382,2025-11-14 19h53.27.332117 +0530,
←,0.5,invalid,right,124,4,12,right,1,1.1585799000022234,None,12,4,124,9,228.94128640000417,,,,,,,,,228.9287495000026,228.94128640000417,229.42613760000677,229.42613760000677,229.74213349999627,230.02466700000514,230.02466700000514,231.19184860000678,right,1,1.1585799000022234,None,,,,,01,001,2025-11-14_19h53.20.016,cueing_task_exp,,2025.1.1,59.7863713364382,2025-11-14 19h53.27.332117 +0530,
→,0.5,valid,right,125,5,12,right,1,0.9667947999987518,None,12,5,125,2,231.20821749999595,,,,,,,,,231.19431720000284,231.20821749999595,231.6921747000015,231.6921747000015,231.9924597000063,232.29236039999523,232.29236039999523,233.2752410999965,right,1,0.9667947999987518,None,,,,,01,001,2025-11-14_19h53.20.016,cueing_task_exp,,2025.1.1,59.7863713364382,2025-11-14 19h53.27.332117 +0530,
→,0.5,valid,right,126,6,12,right,1,0.4879458000068553,None,12,6,126,3,233.29267640000035,,,,,,,,,233.27569860000222,233.29267640000035,233.77605990000302,233.77605990000302,234.0740908000007,234.37599850000697,234.37599850000697,234.87548790000437,right,1,0.4879458000068553,None,,,,,01,001,2025-11-14_19h53.20.016,cueing_task_exp,,2025.1.1,59.7863713364382,2025-11-14 19h53.27.332117 +0530,
←,-0.5,valid,left,127,7,12,left,1,0.5885949000075925,None,12,7,127,6,234.89082139999664,,,,,,,,,234.87762260000454,234.89082139999664,235.37481599999592,235.37481599999592,235.67561330000171,235.97624079999514,235.97624079999514,236.57534910000686,left,1,0.5885949000075925,None,,,,,01,001,2025-11-14_19h53.20.016,cueing_task_exp,,2025.1.1,59.7863713364382,2025-11-14 19h53.27.332117 +0530,
→,0.5,valid,right,128,8,12,right,1,0.4858042999985628,None,12,8,128,0,236.59080829999584,,,,,,,,,236.5774900999968,236.59080829999584,237.0758965999994,237.0758965999994,237.37572939999518,237.6758370000025,237.6758370000025,238.17565950000426,right,1,0.4858042999985628,None,,,,,01,001,2025-11-14_19h53.20.016,cueing_task_exp,,2025.1.1,59.7863713364382,2025-11-14 19h53.27.332117 +0530,
→,0.5,valid,right,129,9,12,right,1,0.4481214999977965,None,12,9,129,7,238.19163129999652,,,,,,,,,238.17631130000518,238.19163129999652,238.6756158000062,238.6756158000062,238.97515129999374,239.27554940000118,239.27554940000118,239.7253808999958,right,1,0.4481214999977965,None,,,,,01,001,2025-11-14_19h53.20.016,cueing_task_exp,,2025.1.1,59.7863713364382,2025-11-14 19h53.27.332117 +0530,
←,-0.5,valid,left,130,0,13,left,1,0.5062943000084488,None,13,0,130,4,239.74164170000586,,,,,,,,,239.72798660000262,239.74164170000586,240.22451040000306,240.22451040000306,240.5256495000067,240.82587869999406,240.82587869999406,241.34173539999756,left,1,0.5062943000084488,None,,,,,01,001,2025-11-14_19h53.20.016,cueing_task_exp,,2025.1.1,59.7863713364382,2025-11-14 19h53.27.332117 +0530,
→,0.5,valid,right,131,1,13,right,1,0.38447949998953845,None,13,1,131,2,241.35854610000388,,,,,,,,,241.34388670000772,241.35854610000388,241.842813700001,241.842813700001,242.1422492999991,242.4416024999955,242.4416024999955,242.84237670000584,right,1,0.38447949998953845,None,,,,,01,001,2025-11-14_19h53.20.016,cueing_task_exp,,2025.1.1,59.7863713364382,2025-11-14 19h53.27.332117 +0530,
→,0.5,valid,right,132,2,13,right,1,0.4425755999982357,None,13,2,132,7,242.85751460000756,,,,,,,,,242.84293420000176,242.85751460000756,243.34276549999777,243.34276549999777,243.64244330000656,243.94157490000362,243.94157490000362,244.3916251000046,right,1,0.4425755999982357,None,,,,,01,001,2025-11-14_19h53.20.016,cueing_task_exp,,2025.1.1,59.7863713364382,2025-11-14 19h53.27.332117 +0530,
←,-0.5,valid,left,133,3,13,left,1,0.5210552000062307,None,13,3,133,6,244.40760520000185,,,,,,,,,244.3945834000042,244.40760520000185,244.89300929999445,244.89300929999445,245.19242049999593,245.49076420000347,245.49076420000347,246.0259659000003,left,1,0.5210552000062307,None,,,,,01,001,2025-11-14_19h53.20.016,cueing_task_exp,,2025.1.1,59.7863713364382,2025-11-14 19h53.27.332117 +0530,
→,0.5,valid,right,134,4,13,right,1,0.3191783999936888,None,13,4,134,3,246.04279479999968,,,,,,,,,246.02814169999328,246.04279479999968,246.52593360000174,246.52593360000174,246.8423371999961,247.1252278000029,247.1252278000029,247.45841469999868,right,1,0.3191783999936888,None,,,,,01,001,2025-11-14_19h53.20.016,cueing_task_exp,,2025.1.1,59.7863713364382,2025-11-14 19h53.27.332117 +0530,
←,0.5,invalid,right,135,5,13,right,1,1.4590387000062037,None,13,5,135,9,247.4743182999955,,,,,,,,,247.46071179999853,247.4743182999955,247.95951099999365,247.95951099999365,248.2590876000031,248.55825940000068,248.55825940000068,250.02541800000472,right,1,1.4590387000062037,None,,,,,01,001,2025-11-14_19h53.20.016,cueing_task_exp,,2025.1.1,59.7863713364382,2025-11-14 19h53.27.332117 +0530,
→,0.5,valid,right,136,6,13,right,1,0.47164829999383073,None,13,6,136,0,250.04249649999838,,,,,,,,,250.02760980000312,250.04249649999838,250.52558780000254,250.52558780000254,250.82502059999388,251.12617590000445,251.12617590000445,251.6091654000047,right,1,0.47164829999383073,None,,,,,01,001,2025-11-14_19h53.20.016,cueing_task_exp,,2025.1.1,59.7863713364382,2025-11-14 19h53.27.332117 +0530,
←,-0.5,valid,left,137,7,13,left,1,0.48357869999017566,None,13,7,137,1,251.62443349999376,,,,,,,,,251.61137309999322,251.62443349999376,252.10959389999334,252.10959389999334,252.4088502999948,252.7095599000022,252.7095599000022,253.2097003999952,left,1,0.48357869999017566,None,,,,,01,001,2025-11-14_19h53.20.016,cueing_task_exp,,2025.1.1,59.7863713364382,2025-11-14 19h53.27.332117 +0530,
←,-0.5,valid,left,138,8,13,left,1,0.7966683999984525,None,13,8,138,5,253.22609009999724,,,,,,,,,253.21060930000385,253.22609009999724,253.7094478999934,253.7094478999934,254.0094509000046,254.32588489999762,254.32588489999762,255.12610480000149,left,1,0.7966683999984525,None,,,,,01,001,2025-11-14_19h53.20.016,cueing_task_exp,,2025.1.1,59.7863713364382,2025-11-14 19h53.27.332117 +0530,
→,-0.5,invalid,left,139,9,13,left,1,0.6476627999945777,None,13,9,139,8,255.14141769999696,,,,,,,,,255.12854540000262,255.14141769999696,255.64319459999388,255.64319459999388,255.92617210000753,256.2261842000007,256.2261842000007,256.8762545000063,left,1,0.6476627999945777,None,,,,,01,001,2025-11-14_19h53.20.016,cueing_task_exp,,2025.1.1,59.7863713364382,2025-11-14 19h53.27.332117 +0530,
→,-0.5,invalid,left,140,0,14,left,1,1.9311708999885013,None,14,0,140,8,256.8913165999984,,,,,,,,,256.87693460000446,256.8913165999984,257.3928486999939,257.3928486999939,257.6761196000007,257.9761997000023,257.9761997000023,259.90950310000335,left,1,1.9311708999885013,None,,,,,01,001,2025-11-14_19h53.20.016,cueing_task_exp,,2025.1.1,59.7863713364382,2025-11-14 19h53.27.332117 +0530,
←,-0.5,valid,left,141,1,14,left,1,0.6763420999923255,None,14,1,141,5,259.92598539999744,,,,,,,,,259.9121821000008,259.92598539999744,260.4099831000058,260.4099831000058,260.7091461999953,261.0092852999951,261.0092852999951,261.6933005000028,left,1,0.6763420999923255,None,,,,,01,001,2025-11-14_19h53.20.016,cueing_task_exp,,2025.1.1,59.7863713364382,2025-11-14 19h53.27.332117 +0530,
←,0.5,invalid,right,142,2,14,right,1,1.4389607999910368,None,14,2,142,9,261.70939350000117,,,,,,,,,261.6938949000032,261.70939350000117,262.20937749999575,262.20937749999575,262.49304600000323,262.79279989999486,262.79279989999486,264.2426814000064,right,1,1.4389607999910368,None,,,,,01,001,2025-11-14_19h53.20.016,cueing_task_exp,,2025.1.1,59.7863713364382,2025-11-14 19h53.27.332117 +0530,
→,0.5,valid,right,143,3,14,right,1,0.26201570000557695,None,14,3,143,3,264.2589938000019,,,,,,,,,264.2452028999978,264.2589938000019,264.7422785999952,264.7422785999952,265.0412737000006,265.3426210000034,265.3426210000034,265.6095881999936,right,1,0.26201570000557695,None,,,,,01,001,2025-11-14_19h53.20.016,cueing_task_exp,,2025.1.1,59.7863713364382,2025-11-14 19h53.27.332117 +0530,
→,0.5,valid,right,144,4,14,right,1,0.3103491999936523,None,14,4,144,2,265.6254356999998,,,,,,,,,265.61010580000584,265.6254356999998,266.1092323000048,266.1092323000048,266.4096936999995,266.7095577,266.7095577,267.02530470000056,right,1,0.3103491999936523,None,,,,,01,001,2025-11-14_19h53.20.016,cueing_task_exp,,2025.1.1,59.7863713364382,2025-11-14 19h53.27.332117 +0530,
→,0.5,valid,right,145,5,14,right,1,0.3831357999879401,None,14,5,145,0,267.04131050000433,,,,,,,,,267.0257585999934,267.04131050000433,267.5264344000025,267.5264344000025,267.825287700005,268.12583600000653,268.12583600000653,268.5254355999932,right,1,0.3831357999879401,None,,,,,01,001,2025-11-14_19h53.20.016,cueing_task_exp,,2025.1.1,59.7863713364382,2025-11-14 19h53.27.332117 +0530,
←,-0.5,valid,left,146,6,14,left,1,0.3285385000053793,None,14,6,146,1,268.54124449999654,,,,,,,,,268.52784369999426,268.54124449999654,269.0261601999955,269.0261601999955,269.32663710000634,269.62503670000297,269.62503670000297,269.95957839999755,left,1,0.3285385000053793,None,,,,,01,001,2025-11-14_19h53.20.016,cueing_task_exp,,2025.1.1,59.7863713364382,2025-11-14 19h53.27.332117 +0530,
→,0.5,valid,right,147,7,14,right,1,0.709701200001291,None,14,7,147,7,269.975818299994,,,,,,,,,269.96175109999604,269.975818299994,270.4588720000029,270.4588720000029,270.7584091000026,271.06021739999414,271.06021739999414,271.77494509999815,right,1,0.709701200001291,None,,,,,01,001,2025-11-14_19h53.20.016,cueing_task_exp,,2025.1.1,59.7863713364382,2025-11-14 19h53.27.332117 +0530,
←,-0.5,valid,left,148,8,14,left,1,0.4680724000063492,None,14,8,148,4,271.7913575999992,,,,,,,,,271.7772794000048,271.7913575999992,272.2761974000023,272.2761974000023,272.57549149999977,272.8772917000024,272.8772917000024,273.35884289999376,left,1,0.4680724000063492,None,,,,,01,001,2025-11-14_19h53.20.016,cueing_task_exp,,2025.1.1,59.7863713364382,2025-11-14 19h53.27.332117 +0530,
←,-0.5,valid,left,149,9,14,left,1,0.44590820001030806,None,14,9,149,6,273.3755028000014,,,,,,,,,273.35931189999974,273.3755028000014,273.859606500002,273.859606500002,274.15922729999875,274.4589500000002,274.4589500000002,274.90902550000465,left,1,0.44590820001030806,None,,,,,01,001,2025-11-14_19h53.20.016,cueing_task_exp,,2025.1.1,59.7863713364382,2025-11-14 19h53.27.332117 +0530,
→,0.5,valid,right,150,0,15,right,1,0.473596700001508,None,15,0,150,0,274.9252020999993,,,,,,,,,274.91127149999375,274.9252020999993,275.41012270000647,275.41012270000647,275.7098182000045,276.0090330999956,276.0090330999956,276.4926475999964,right,1,0.473596700001508,None,,,,,01,001,2025-11-14_19h53.20.016,cueing_task_exp,,2025.1.1,59.7863713364382,2025-11-14 19h53.27.332117 +0530,
←,-0.5,valid,left,151,1,15,left,1,0.35235099999408703,None,15,1,151,5,276.50918850000016,,,,,,,,,276.4951504000055,276.50918850000016,276.99317729999893,276.99317729999893,277.29291390000435,277.5925661999936,277.5925661999936,277.9595354000048,left,1,0.35235099999408703,None,,,,,01,001,2025-11-14_19h53.20.016,cueing_task_exp,,2025.1.1,59.7863713364382,2025-11-14 19h53.27.332117 +0530,
←,-0.5,valid,left,152,2,15,left,1,0.3211165000102483,None,15,2,152,6,277.9762757999997,,,,,,,,,277.9599870999955,277.9762757999997,278.4598534999968,278.4598534999968,278.76001410000026,279.058700900001,279.058700900001,279.39316570000665,left,1,0.3211165000102483,None,,,,,01,001,2025-11-14_19h53.20.016,cueing_task_exp,,2025.1.1,59.7863713364382,2025-11-14 19h53.27.332117 +0530,
→,0.5,valid,right,153,3,15,right,1,0.7520406999974512,None,15,3,153,3,279.4084942000045,,,,,,,,,279.395483100001,279.4084942000045,279.89349930000026,279.89349930000026,280.19337209999503,280.49323279999953,280.49323279999953,281.2597214999987,right,1,0.7520406999974512,None,,,,,01,001,2025-11-14_19h53.20.016,cueing_task_exp,,2025.1.1,59.7863713364382,2025-11-14 19h53.27.332117 +0530,
→,0.5,valid,right,154,4,15,right,1,0.40559639999992214,None,15,4,154,2,281.276497800005,,,,,,,,,281.26044670000556,281.276497800005,281.76039460000175,281.76039460000175,282.0589942999941,282.3764557999966,282.3764557999966,282.7933273999952,right,1,0.40559639999992214,None,,,,,01,001,2025-11-14_19h53.20.016,cueing_task_exp,,2025.1.1,59.7863713364382,2025-11-14 19h53.27.332117 +0530,
←,-0.5,valid,left,155,5,15,left,1,0.8529691000003368,None,15,5,155,4,282.8095917000028,,,,,,,,,282.7955920999957,282.8095917000028,283.2933542999963,283.2933542999963,283.59342040000774,283.9100952000008,283.9100952000008,284.7757937999995,left,1,0.8529691000003368,None,,,,,01,001,2025-11-14_19h53.20.016,cueing_task_exp,,2025.1.1,59.7863713364382,2025-11-14 19h53.27.332117 +0530,
→,-0.5,invalid,left,156,6,15,left,1,1.8765408000035677,None,15,6,156,8,284.79255820000253,,,,,,,,,284.7780591000046,284.79255820000253,285.27629819999856,285.27629819999856,285.5764305000048,285.8749592999957,285.8749592999957,287.75912750000134,left,1,1.8765408000035677,None,,,,,01,001,2025-11-14_19h53.20.016,cueing_task_exp,,2025.1.1,59.7863713364382,2025-11-14 19h53.27.332117 +0530,
→,0.5,valid,right,157,7,15,right,1,0.3998676999908639,None,15,7,157,7,287.7764152000018,,,,,,,,,287.7595857999986,287.7764152000018,288.2589619000064,288.2589619000064,288.5598506999959,288.859947200006,288.859947200006,289.27648939999926,right,1,0.3998676999908639,None,,,,,01,001,2025-11-14_19h53.20.016,cueing_task_exp,,2025.1.1,59.7863713364382,2025-11-14 19h53.27.332117 +0530,
←,0.5,invalid,right,158,8,15,right,1,1.47640980000142,None,15,8,158,9,289.293073599998,,,,,,,,,289.2786508999998,289.293073599998,289.77796829999716,289.77796829999716,290.07624759999453,290.3764078999957,290.3764078999957,291.86091679999663,right,1,1.47640980000142,None,,,,,01,001,2025-11-14_19h53.20.016,cueing_task_exp,,2025.1.1,59.7863713364382,2025-11-14 19h53.27.332117 +0530,
←,-0.5,valid,left,159,9,15,left,1,0.4089306000096258,None,15,9,159,1,291.8751098000066,,,,,,,,,291.8614524000004,291.8751098000066,292.3767960999976,292.3767960999976,292.67509849999624,292.9770133999991,292.9770133999991,293.3942207999935,left,1,0.4089306000096258,None,,,,,01,001,2025-11-14_19h53.20.016,cueing_task_exp,,2025.1.1,59.7863713364382,2025-11-14 19h53.27.332117 +0530,
←,-0.5,valid,left,160,0,16,left,1,0.46897570000146516,None,16,0,160,5,293.40844769999967,,,,,,,,,293.3947390999965,293.40844769999967,293.89308280000114,293.89308280000114,294.1924238000065,294.4935763999965,294.4935763999965,294.9770314000052,left,1,0.46897570000146516,None,,,,,01,001,2025-11-14_19h53.20.016,cueing_task_exp,,2025.1.1,59.7863713364382,2025-11-14 19h53.27.332117 +0530,
←,-0.5,valid,left,161,1,16,left,1,0.5636164000025019,None,16,1,161,4,294.9930953000003,,,,,,,,,294.9775088000024,294.9930953000003,295.47684230000596,295.47684230000596,295.7769824999996,296.0773205000005,296.0773205000005,296.64313130000664,left,1,0.5636164000025019,None,,,,,01,001,2025-11-14_19h53.20.016,cueing_task_exp,,2025.1.1,59.7863713364382,2025-11-14 19h53.27.332117 +0530,
→,-0.5,invalid,left,162,2,16,left,1,1.4508128000015859,None,16,2,162,8,296.6605259000062,,,,,,,,,296.6457056999934,296.6605259000062,297.14306220000435,297.14306220000435,297.4427161000058,297.7433136000036,297.7433136000036,299.2095103000029,left,1,1.4508128000015859,None,,,,,01,001,2025-11-14_19h53.20.016,cueing_task_exp,,2025.1.1,59.7863713364382,2025-11-14 19h53.27.332117 +0530,
←,0.5,invalid,right,163,3,16,right,1,1.7181391999911284,None,16,3,163,9,299.2264690000011,,,,,,,,,299.21211789999506,299.2264690000011,299.7099034999992,299.7099034999992,300.0104105000064,300.30960259999847,300.30960259999847,302.0424289000075,right,1,1.7181391999911284,None,,,,,01,001,2025-11-14_19h53.20.016,cueing_task_exp,,2025.1.1,59.7863713364382,2025-11-14 19h53.27.332117 +0530,
←,-0.5,valid,left,164,4,16,left,1,0.3037211000046227,None,16,4,164,1,302.0600734000036,,,,,,,,,302.04297589999624,302.0600734000036,302.54317429999355,302.54317429999355,302.84310820000246,303.143708699994,303.143708699994,303.46016669999517,left,1,0.3037211000046227,None,,,,,01,001,2025-11-14_19h53.20.016,cueing_task_exp,,2025.1.1,59.7863713364382,2025-11-14 19h53.27.332117 +0530,
→,0.5,valid,right,165,5,16,right,1,0.5423034999985248,None,16,5,165,7,303.47688040000503,,,,,,,,,303.46246059999976,303.47688040000503,303.9602201999951,303.9602201999951,304.26010569999926,304.56043139999383,304.56043139999383,305.1108260000037,right,1,0.5423034999985248,None,,,,,01,001,2025-11-14_19h53.20.016,cueing_task_exp,,2025.1.1,59.7863713364382,2025-11-14 19h53.27.332117 +0530,
→,0.5,valid,right,166,6,16,right,1,0.23591319999832194,None,16,6,166,0,305.12601589999394,,,,,,,,,305.11160410000593,305.12601589999394,305.60918860000675,305.60918860000675,305.9104959999968,306.2108365000022,306.2108365000022,306.46044179999444,right,1,0.23591319999832194,None,,,,,01,001,2025-11-14_19h53.20.016,cueing_task_exp,,2025.1.1,59.7863713364382,2025-11-14 19h53.27.332117 +0530,
→,0.5,valid,right,167,7,16,right,1,0.5388463999988744,None,16,7,167,2,306.47662830000627,,,,,,,,,306.4608944000065,306.47662830000627,306.95997989999887,306.95997989999887,307.2604554999998,307.5604878000013,307.5604878000013,308.11119619999954,right,1,0.5388463999988744,None,,,,,01,001,2025-11-14_19h53.20.016,cueing_task_exp,,2025.1.1,59.7863713364382,2025-11-14 19h53.27.332117 +0530,
→,0.5,valid,right,168,8,16,right,1,0.36369130000821315,None,16,8,168,3,308.1260135000048,,,,,,,,,308.11172369999986,308.1260135000048,308.610365600005,308.610365600005,308.9255623000063,309.21042259999376,309.21042259999376,309.57642929999565,right,1,0.36369130000821315,None,,,,,01,001,2025-11-14_19h53.20.016,cueing_task_exp,,2025.1.1,59.7863713364382,2025-11-14 19h53.27.332117 +0530,
←,-0.5,valid,left,169,9,16,left,1,0.37108789999911096,None,16,9,169,6,309.5920788000076,,,,,,,,,309.5789489000017,309.5920788000076,310.0766753000062,310.0766753000062,310.3771043000015,310.6767198000016,310.6767198000016,311.06024920000345,left,1,0.37108789999911096,None,,,,,01,001,2025-11-14_19h53.20.016,cueing_task_exp,,2025.1.1,59.7863713364382,2025-11-14 19h53.27.332117 +0530,
→,0.5,valid,right,170,0,17,right,1,0.45331609999993816,None,17,0,170,3,311.0771126000036,,,,,,,,,311.0624622000032,311.0771126000036,311.576787900005,311.576787900005,311.86059399999795,312.1604471000028,312.1604471000028,312.628326200007,right,1,0.45331609999993816,None,,,,,01,001,2025-11-14_19h53.20.016,cueing_task_exp,,2025.1.1,59.7863713364382,2025-11-14 19h53.27.332117 +0530,
→,0.5,valid,right,171,1,17,right,1,0.26866759998665657,None,17,1,171,7,312.64206600000034,,,,,,,,,312.6290330000047,312.64206600000034,313.143819799996,313.143819799996,313.42689610000525,313.7421458000026,313.7421458000026,314.0266821999976,right,1,0.26866759998665657,None,,,,,01,001,2025-11-14_19h53.20.016,cueing_task_exp,,2025.1.1,59.7863713364382,2025-11-14 19h53.27.332117 +0530,
←,-0.5,valid,left,172,2,17,left,1,0.33010200000717305,None,17,2,172,5,314.0434130000067,,,,,,,,,314.02924590000475,314.0434130000067,314.5260707999987,314.5260707999987,314.82718779999414,315.1269726000028,315.1269726000028,315.4607701000059,left,1,0.33010200000717305,None,,,,,01,001,2025-11-14_19h53.20.016,cueing_task_exp,,2025.1.1,59.7863713364382,2025-11-14 19h53.27.332117 +0530,
←,-0.5,valid,left,173,3,17,left,1,0.2938608000113163,None,17,3,173,1,315.47605149999436,,,,,,,,,315.46122329999343,315.47605149999436,315.9769579999993,315.9769579999993,316.2770829000074,316.5605152000062,316.5605152000062,316.86003470000287,left,1,0.2938608000113163,None,,,,,01,001,2025-11-14_19h53.20.016,cueing_task_exp,,2025.1.1,59.7863713364382,2025-11-14 19h53.27.332117 +0530,
→,-0.5,invalid,left,174,4,17,left,1,1.6823183000087738,None,17,4,174,8,316.875446200007,,,,,,,,,316.8622542999947,316.875446200007,317.3604276999977,317.3604276999977,317.6602964000049,317.9773509999941,317.9773509999941,319.67617570000584,left,1,1.6823183000087738,None,,,,,01,001,2025-11-14_19h53.20.016,cueing_task_exp,,2025.1.1,59.7863713364382,2025-11-14 19h53.27.332117 +0530,
←,0.5,invalid,right,175,5,17,right,1,1.6647382999944966,None,17,5,175,9,319.6918682999967,,,,,,,,,319.6795082000026,319.6918682999967,320.17694000000483,320.17694000000483,320.47742429999926,320.7763358999946,320.7763358999946,322.4433435999963,right,1,1.6647382999944966,None,,,,,01,001,2025-11-14_19h53.20.016,cueing_task_exp,,2025.1.1,59.7863713364382,2025-11-14 19h53.27.332117 +0530,
←,-0.5,valid,left,176,6,17,left,1,0.4326262999966275,None,17,6,176,4,322.45952099999704,,,,,,,,,322.44380439999804,322.45952099999704,322.9431615000067,322.9431615000067,323.2440467999986,323.5440774000017,323.5440774000017,323.99387350000325,left,1,0.4326262999966275,None,,,,,01,001,2025-11-14_19h53.20.016,cueing_task_exp,,2025.1.1,59.7863713364382,2025-11-14 19h53.27.332117 +0530,
→,0.5,valid,right,177,7,17,right,1,0.2961136000085389,None,17,7,177,0,324.0101491999958,,,,,,,,,323.99679210000613,324.0101491999958,324.492058799995,324.492058799995,324.7941327000008,325.0940058999986,325.0940058999986,325.3931733000063,right,1,0.2961136000085389,None,,,,,01,001,2025-11-14_19h53.20.016,cueing_task_exp,,2025.1.1,59.7863713364382,2025-11-14 19h53.27.332117 +0530,
←,-0.5,valid,left,178,8,17,left,1,0.40274639999552164,None,17,8,178,6,325.40965820000565,,,,,,,,,325.39545749999525,325.40965820000565,325.8939585000044,325.8939585000044,326.1938181000005,326.49237740000535,326.49237740000535,326.9104163000011,left,1,0.40274639999552164,None,,,,,01,001,2025-11-14_19h53.20.016,cueing_task_exp,,2025.1.1,59.7863713364382,2025-11-14 19h53.27.332117 +0530,
→,0.5,valid,right,179,9,17,right,1,0.25154730000940617,None,17,9,179,2,326.92573370000173,,,,,,,,,326.91288659999555,326.92573370000173,327.4108156000002,327.4108156000002,327.7104481999995,328.0096287000051,328.0096287000051,328.2772055999958,right,1,0.25154730000940617,None,,,,,01,001,2025-11-14_19h53.20.016,cueing_task_exp,,2025.1.1,59.7863713364382,2025-11-14 19h53.27.332117 +0530,
←,0.5,invalid,right,180,0,18,right,1,1.8925118999904953,None,18,0,180,9,328.2937679000024,,,,,,,,,328.28042530000675,328.2937679000024,328.77736330000334,328.77736330000334,329.07562920000055,329.37622370000463,329.37622370000463,331.2767148999992,right,1,1.8925118999904953,None,,,,,01,001,2025-11-14_19h53.20.016,cueing_task_exp,,2025.1.1,59.7863713364382,2025-11-14 19h53.27.332117 +0530,
←,-0.5,valid,left,181,1,18,left,1,0.9924127999984194,None,18,1,181,5,331.29259310000634,,,,,,,,,331.27732079999987,331.29259310000634,331.7775072000077,331.7775072000077,332.0770634999935,332.377078599995,332.377078599995,333.37648099999933,left,1,0.9924127999984194,None,,,,,01,001,2025-11-14_19h53.20.016,cueing_task_exp,,2025.1.1,59.7863713364382,2025-11-14 19h53.27.332117 +0530,
→,0.5,valid,right,182,2,18,right,1,0.37946809999994,None,18,2,182,0,333.39337940000405,,,,,,,,,333.3800781000027,333.39337940000405,333.8773383999942,333.8773383999942,334.1766704000038,334.47751729999436,334.47751729999436,334.860883500005,right,1,0.37946809999994,None,,,,,01,001,2025-11-14_19h53.20.016,cueing_task_exp,,2025.1.1,59.7863713364382,2025-11-14 19h53.27.332117 +0530,
←,-0.5,valid,left,183,3,18,left,1,0.39600090000021737,None,18,3,183,6,334.8765615000011,,,,,,,,,334.86331080000673,334.8765615000011,335.3603664999973,335.3603664999973,335.661119299999,335.9607168000075,335.9607168000075,336.35976500000106,left,1,0.39600090000021737,None,,,,,01,001,2025-11-14_19h53.20.016,cueing_task_exp,,2025.1.1,59.7863713364382,2025-11-14 19h53.27.332117 +0530,
→,0.5,valid,right,184,4,18,right,1,0.414679099994828,None,18,4,184,7,336.3765005000023,,,,,,,,,336.36206060000404,336.3765005000023,336.8598775999999,336.8598775999999,337.1604689999949,337.46053199999733,337.46053199999733,337.87659169999824,right,1,0.414679099994828,None,,,,,01,001,2025-11-14_19h53.20.016,cueing_task_exp,,2025.1.1,59.7863713364382,2025-11-14 19h53.27.332117 +0530,
→,0.5,valid,right,185,5,18,right,1,0.5717921999894315,None,18,5,185,3,337.89298420000705,,,,,,,,,337.8772855999996,337.89298420000705,338.37721210000745,338.37721210000745,338.67740570000024,338.9757505000016,338.9757505000016,339.5599740000034,right,1,0.5717921999894315,None,,,,,01,001,2025-11-14_19h53.20.016,cueing_task_exp,,2025.1.1,59.7863713364382,2025-11-14 19h53.27.332117 +0530,
←,-0.5,valid,left,186,6,18,left,1,0.32207070000004023,None,18,6,186,4,339.57688219999545,,,,,,,,,339.56219349999446,339.57688219999545,340.0610543000075,340.0610543000075,340.3590033000073,340.6611450000055,340.6611450000055,340.99341450000065,left,1,0.32207070000004023,None,,,,,01,001,2025-11-14_19h53.20.016,cueing_task_exp,,2025.1.1,59.7863713364382,2025-11-14 19h53.27.332117 +0530,
←,-0.5,valid,left,187,7,18,left,1,0.28294890001416206,None,18,7,187,1,341.0106758000038,,,,,,,,,340.99394860000757,341.0106758000038,341.49437580000085,341.49437580000085,341.7948458000028,342.09396159999596,342.09396159999596,342.37796260000323,left,1,0.28294890001416206,None,,,,,01,001,2025-11-14_19h53.20.016,cueing_task_exp,,2025.1.1,59.7863713364382,2025-11-14 19h53.27.332117 +0530,
→,0.5,valid,right,188,8,18,right,1,0.3790809999918565,None,18,8,188,2,342.39207370000076,,,,,,,,,342.3809451999987,342.39207370000076,342.8776438000059,342.8776438000059,343.19381630000134,343.4777863000054,343.4777863000054,343.8612831000064,right,1,0.3790809999918565,None,,,,,01,001,2025-11-14_19h53.20.016,cueing_task_exp,,2025.1.1,59.7863713364382,2025-11-14 19h53.27.332117 +0530,
→,-0.5,invalid,left,189,9,18,left,1,1.513381600001594,None,18,9,189,8,343.8759335000068,,,,,,,,,343.8618015999964,343.8759335000068,344.36112519999733,344.36112519999733,344.66113389999373,344.96099000000686,344.96099000000686,346.4775468000007,left,1,1.513381600001594,None,,,,,01,001,2025-11-14_19h53.20.016,cueing_task_exp,,2025.1.1,59.7863713364382,2025-11-14 19h53.27.332117 +0530,
←,-0.5,valid,left,190,0,19,left,1,0.8056137999956263,None,19,0,190,6,346.49268100000336,,,,,,,,,346.4797727999976,346.49268100000336,346.9779535999987,346.9779535999987,347.2777961999964,347.59371650000685,347.59371650000685,348.4101712999982,left,1,0.8056137999956263,None,,,,,01,001,2025-11-14_19h53.20.016,cueing_task_exp,,2025.1.1,59.7863713364382,2025-11-14 19h53.27.332117 +0530,
→,0.5,valid,right,191,1,19,right,1,0.4277957000012975,None,19,1,191,0,348.42697689999477,,,,,,,,,348.41360749999876,348.42697689999477,348.91092569999455,348.91092569999455,349.2112108000001,349.50938030000543,349.50938030000543,349.94351270000334,right,1,0.4277957000012975,None,,,,,01,001,2025-11-14_19h53.20.016,cueing_task_exp,,2025.1.1,59.7863713364382,2025-11-14 19h53.27.332117 +0530,
←,-0.5,valid,left,192,2,19,left,1,1.7739466000057291,None,19,2,192,1,349.96050190000096,,,,,,,,,349.9464563999936,349.96050190000096,350.4444691999961,350.4444691999961,350.7438882999995,351.0427073000028,351.0427073000028,352.82742600000347,left,1,1.7739466000057291,None,,,,,01,001,2025-11-14_19h53.20.016,cueing_task_exp,,2025.1.1,59.7863713364382,2025-11-14 19h53.27.332117 +0530,
→,0.5,valid,right,193,3,19,right,1,0.3424702000047546,None,19,3,193,2,352.84309320000466,,,,,,,,,352.8295916000061,352.84309320000466,353.32773720000114,353.32773720000114,353.6281889999955,353.9278573000047,353.9278573000047,354.27762360000634,right,1,0.3424702000047546,None,,,,,01,001,2025-11-14_19h53.20.016,cueing_task_exp,,2025.1.1,59.7863713364382,2025-11-14 19h53.27.332117 +0530,
→,-0.5,invalid,left,194,4,19,left,1,0.39368899998953566,None,19,4,194,8,354.2928353000025,,,,,,,,,354.27808099999675,354.2928353000025,354.7760286999983,354.7760286999983,355.07606010000745,355.3778617000062,355.3778617000062,355.77869900000223,left,1,0.39368899998953566,None,,,,,01,001,2025-11-14_19h53.20.016,cueing_task_exp,,2025.1.1,59.7863713364382,2025-11-14 19h53.27.332117 +0530,
→,0.5,valid,right,195,5,19,right,1,0.6711723000044003,None,19,5,195,7,355.79300910000165,,,,,,,,,355.7794881000009,355.79300910000165,356.295000099999,356.295000099999,356.5773257999972,356.8780726999976,356.8780726999976,357.5602707000071,right,1,0.6711723000044003,None,,,,,01,001,2025-11-14_19h53.20.016,cueing_task_exp,,2025.1.1,59.7863713364382,2025-11-14 19h53.27.332117 +0530,
←,0.5,invalid,right,196,6,19,right,1,1.6285253999958513,None,19,6,196,9,357.5773749999935,,,,,,,,,357.56252819999645,357.5773749999935,358.06124830000044,358.06124830000044,358.36120559999836,358.66132939999807,358.66132939999807,360.29376030000276,right,1,1.6285253999958513,None,,,,,01,001,2025-11-14_19h53.20.016,cueing_task_exp,,2025.1.1,59.7863713364382,2025-11-14 19h53.27.332117 +0530,
→,0.5,valid,right,197,7,19,right,1,1.1807999000011478,None,19,7,197,3,360.310375999994,,,,,,,,,360.2959084000031,360.310375999994,360.7956094999972,360.7956094999972,361.09472039999673,361.39485320000676,361.39485320000676,362.5793093999964,right,1,1.1807999000011478,None,,,,,01,001,2025-11-14_19h53.20.016,cueing_task_exp,,2025.1.1,59.7863713364382,2025-11-14 19h53.27.332117 +0530,
←,-0.5,valid,left,198,8,19,left,1,1.1240724999952363,None,19,8,198,5,362.5924651999958,,,,,,,,,362.5818438999995,362.5924651999958,363.0950320999982,363.0950320999982,363.3938974000048,363.6942571999971,363.6942571999971,364.8271384999971,left,1,1.1240724999952363,None,,,,,01,001,2025-11-14_19h53.20.016,cueing_task_exp,,2025.1.1,59.7863713364382,2025-11-14 19h53.27.332117 +0530,
←,-0.5,valid,left,199,9,19,left,1,0.3251294999936363,None,19,9,199,4,364.8437101000018,,,,,,,,,364.82759780000197,364.8437101000018,365.32742919999873,365.32742919999873,365.6280933999951,365.9276930000051,365.9276930000051,366.2622107000061,left,1,0.3251294999936363,None,,,,,01,001,2025-11-14_19h53.20.016,cueing_task_exp,,2025.1.1,59.7863713364382,2025-11-14 19h53.27.332117 +0530,
→,-0.5,invalid,left,200,0,20,left,1,1.6802103999943938,None,20,0,200,8,366.27588139999716,,,,,,,,,366.2648276999971,366.27588139999716,366.7784740000061,366.7784740000061,367.06109420000575,367.3609318999952,367.3609318999952,369.0446219000005,left,1,1.6802103999943938,None,,,,,01,001,2025-11-14_19h53.20.016,cueing_task_exp,,2025.1.1,59.7863713364382,2025-11-14 19h53.27.332117 +0530,
←,-0.5,valid,left,201,1,20,left,1,0.5488712999940617,None,20,1,201,6,369.06016730000556,,,,,,,,,369.0473415000015,369.06016730000556,369.5444151999982,369.5444151999982,369.8445467999991,370.14317049999954,370.14317049999954,370.69420840000384,left,1,0.5488712999940617,None,,,,,01,001,2025-11-14_19h53.20.016,cueing_task_exp,,2025.1.1,59.7863713364382,2025-11-14 19h53.27.332117 +0530,
→,0.5,valid,right,202,2,20,right,1,0.28352640000230167,None,20,2,202,3,370.71058630000334,,,,,,,,,370.69659619999584,370.71058630000334,371.19496049999725,371.19496049999725,371.4939458000008,371.79419210000196,371.79419210000196,372.09370519999356,right,1,0.28352640000230167,None,,,,,01,001,2025-11-14_19h53.20.016,cueing_task_exp,,2025.1.1,59.7863713364382,2025-11-14 19h53.27.332117 +0530,
→,0.5,valid,right,203,3,20,right,1,0.4338280000083614,None,20,3,203,7,372.1107992000034,,,,,,,,,372.09415340000123,372.1107992000034,372.5953407000052,372.5953407000052,372.8945079999976,373.1948338999937,373.1948338999937,373.64476029999787,right,1,0.4338280000083614,None,,,,,01,001,2025-11-14_19h53.20.016,cueing_task_exp,,2025.1.1,59.7863713364382,2025-11-14 19h53.27.332117 +0530,
→,0.5,valid,right,204,4,20,right,1,0.42798649999895133,None,20,4,204,0,373.6596628999978,,,,,,,,,373.64535809999506,373.6596628999978,374.1448919999966,374.1448919999966,374.44501460000174,374.7437710999948,374.7437710999948,375.1771996000025,right,1,0.42798649999895133,None,,,,,01,001,2025-11-14_19h53.20.016,cueing_task_exp,,2025.1.1,59.7863713364382,2025-11-14 19h53.27.332117 +0530,
→,0.5,valid,right,205,5,20,right,1,0.348376099995221,None,20,5,205,2,375.19296770000074,,,,,,,,,375.177646199998,375.19296770000074,375.67859340000723,375.67859340000723,375.9780063000071,376.2774078000075,376.2774078000075,376.6282280000014,right,1,0.348376099995221,None,,,,,01,001,2025-11-14_19h53.20.016,cueing_task_exp,,2025.1.1,59.7863713364382,2025-11-14 19h53.27.332117 +0530,
←,-0.5,valid,left,206,6,20,left,1,0.4734357999986969,None,20,6,206,4,376.6437042000034,,,,,,,,,376.6309368000075,376.6437042000034,377.1283487000037,377.1283487000037,377.42803809999896,377.7281972000055,377.7281972000055,378.2111825000029,left,1,0.4734357999986969,None,,,,,01,001,2025-11-14_19h53.20.016,cueing_task_exp,,2025.1.1,59.7863713364382,2025-11-14 19h53.27.332117 +0530,
←,0.5,invalid,right,207,7,20,right,1,1.6109221999940928,None,20,7,207,9,378.22726830000465,,,,,,,,,378.2118175000069,378.22726830000465,378.7107191999967,378.7107191999967,379.01161729999876,379.3115773000027,379.3115773000027,380.9280773000064,right,1,1.6109221999940928,None,,,,,01,001,2025-11-14_19h53.20.016,cueing_task_exp,,2025.1.1,59.7863713364382,2025-11-14 19h53.27.332117 +0530,
←,-0.5,valid,left,208,8,20,left,1,0.3298410999996122,None,20,8,208,1,380.94339749999926,,,,,,,,,380.92852659999335,380.94339749999926,381.42821569999796,381.42821569999796,381.72810340000433,382.04499520000536,382.04499520000536,382.3782082999969,left,1,0.3298410999996122,None,,,,,01,001,2025-11-14_19h53.20.016,cueing_task_exp,,2025.1.1,59.7863713364382,2025-11-14 19h53.27.332117 +0530,
←,-0.5,valid,left,209,9,20,left,1,0.3131787999882363,None,20,9,209,5,382.39334090000193,,,,,,,,,382.37874290000764,382.39334090000193,382.87661140000273,382.87661140000273,383.1778519000072,383.4784667000058,383.4784667000058,383.79477760000736,left,1,0.3131787999882363,None,,,,,01,001,2025-11-14_19h53.20.016,cueing_task_exp,,2025.1.1,59.7863713364382,2025-11-14 19h53.27.332117 +0530,
→,0.5,valid,right,210,0,21,right,1,0.37366860000474844,None,21,0,210,7,383.8102798000036,,,,,,,,,383.7969868999935,383.8102798000036,384.29468279999855,384.29468279999855,384.59528959999443,384.8941945999977,384.8941945999977,385.2779601000075,right,1,0.37366860000474844,None,,,,,01,001,2025-11-14_19h53.20.016,cueing_task_exp,,2025.1.1,59.7863713364382,2025-11-14 19h53.27.332117 +0530,
→,0.5,valid,right,211,1,21,right,1,0.36123439999937546,None,21,1,211,0,385.2933247000037,,,,,,,,,385.2784141000011,385.2933247000037,385.77836009999737,385.77836009999737,386.0784535999992,386.37720160000026,386.37720160000026,386.7450699000037,right,1,0.36123439999937546,None,,,,,01,001,2025-11-14_19h53.20.016,cueing_task_exp,,2025.1.1,59.7863713364382,2025-11-14 19h53.27.332117 +0530,
→,0.5,valid,right,212,2,21,right,1,0.3935894000023836,None,21,2,212,3,386.76016649999656,,,,,,,,,386.7456042999984,386.76016649999656,387.24411169999803,387.24411169999803,387.54444779999903,387.844943899996,387.844943899996,388.2454262999963,right,1,0.3935894000023836,None,,,,,01,001,2025-11-14_19h53.20.016,cueing_task_exp,,2025.1.1,59.7863713364382,2025-11-14 19h53.27.332117 +0530,
←,-0.5,valid,left,213,3,21,left,1,0.6996889999863924,None,21,3,213,4,388.25964580000436,,,,,,,,,388.2478529000073,388.25964580000436,388.74484480000683,388.74484480000683,389.0451696999953,389.3448658999987,389.3448658999987,390.0618802999961,left,1,0.6996889999863924,None,,,,,01,001,2025-11-14_19h53.20.016,cueing_task_exp,,2025.1.1,59.7863713364382,2025-11-14 19h53.27.332117 +0530,
→,0.5,valid,right,214,4,21,right,1,0.43802400000276975,None,21,4,214,2,390.07822399999714,,,,,,,,,390.0639968000032,390.07822399999714,390.5785199999955,390.5785199999955,390.86144120000245,391.16181839999626,391.16181839999626,391.61203289999685,right,1,0.43802400000276975,None,,,,,01,001,2025-11-14_19h53.20.016,cueing_task_exp,,2025.1.1,59.7863713364382,2025-11-14 19h53.27.332117 +0530,
←,-0.5,valid,left,215,5,21,left,1,0.3026547999907052,None,21,5,215,1,391.6279276999994,,,,,,,,,391.6178215999971,391.6279276999994,392.1272895000002,392.1272895000002,392.4267198000016,392.7270048000064,392.7270048000064,393.0441972999979,left,1,0.3026547999907052,None,,,,,01,001,2025-11-14_19h53.20.016,cueing_task_exp,,2025.1.1,59.7863713364382,2025-11-14 19h53.27.332117 +0530,
→,-0.5,invalid,left,216,6,21,left,1,1.3098538000049302,None,21,6,216,8,393.06022230000235,,,,,,,,,393.0460213000042,393.06022230000235,393.54389159999846,393.54389159999846,393.84340329999395,394.1430989999935,394.1430989999935,395.4605508999957,left,1,1.3098538000049302,None,,,,,01,001,2025-11-14_19h53.20.016,cueing_task_exp,,2025.1.1,59.7863713364382,2025-11-14 19h53.27.332117 +0530,
←,0.5,invalid,right,217,7,21,right,1,1.5006973999988986,None,21,7,217,9,395.477492799997,,,,,,,,,395.46322010000586,395.477492799997,395.9606094000046,395.9606094000046,396.26080050000746,396.5608707000065,396.5608707000065,398.07845899999666,right,1,1.5006973999988986,None,,,,,01,001,2025-11-14_19h53.20.016,cueing_task_exp,,2025.1.1,59.7863713364382,2025-11-14 19h53.27.332117 +0530,
←,-0.5,valid,left,218,8,21,left,1,0.2781484000006458,None,21,8,218,5,398.0950632000022,,,,,,,,,398.07909699999436,398.0950632000022,398.57844159999513,398.57844159999513,398.8769336999976,399.17814380000345,399.17814380000345,399.46157250000397,left,1,0.2781484000006458,None,,,,,01,001,2025-11-14_19h53.20.016,cueing_task_exp,,2025.1.1,59.7863713364382,2025-11-14 19h53.27.332117 +0530,
←,-0.5,valid,left,219,9,21,left,1,0.26930920001177583,None,21,9,219,6,399.47758720000274,,,,,,,,,399.46204790000047,399.47758720000274,399.96098269999493,399.96098269999493,400.2617830999952,400.56199000000197,400.56199000000197,400.84507219999796,left,1,0.26930920001177583,None,,,,,01,001,2025-11-14_19h53.20.016,cueing_task_exp,,2025.1.1,59.7863713364382,2025-11-14 19h53.27.332117 +0530,
→,0.5,valid,right,220,0,22,right,1,0.2706866000080481,None,22,0,220,7,400.86120080000546,,,,,,,,,400.8475691000058,400.86120080000546,401.3456645999977,401.3456645999977,401.6447695999959,401.94343189999927,401.94343189999927,402.2284435000038,right,1,0.2706866000080481,None,,,,,01,001,2025-11-14_19h53.20.016,cueing_task_exp,,2025.1.1,59.7863713364382,2025-11-14 19h53.27.332117 +0530,
→,0.5,valid,right,221,1,22,right,1,0.008213499997509643,None,22,1,221,3,402.244752700004,,,,,,,,,402.229093300004,402.244752700004,402.72849439999845,402.72849439999845,403.02694569999585,403.3290827000019,403.3290827000019,403.3458784999966,right,1,0.008213499997509643,None,,,,,01,001,2025-11-14_19h53.20.016,cueing_task_exp,,2025.1.1,59.7863713364382,2025-11-14 19h53.27.332117 +0530,
→,0.5,valid,right,222,2,22,right,1,0.3350801000051433,None,22,2,222,0,403.3604941999947,,,,,,,,,403.3466800000024,403.3604941999947,403.8624356999935,403.8624356999935,404.1438519999938,404.4457037999964,404.4457037999964,404.79524229999515,right,1,0.3350801000051433,None,,,,,01,001,2025-11-14_19h53.20.016,cueing_task_exp,,2025.1.1,59.7863713364382,2025-11-14 19h53.27.332117 +0530,
←,-0.5,valid,left,223,3,22,left,1,0.281644899994717,None,22,3,223,1,404.8113053999987,,,,,,,,,404.79763359999924,404.8113053999987,405.2952215999976,405.2952215999976,405.59547840000596,405.8935866999964,405.8935866999964,406.1792548999947,left,1,0.281644899994717,None,,,,,01,001,2025-11-14_19h53.20.016,cueing_task_exp,,2025.1.1,59.7863713364382,2025-11-14 19h53.27.332117 +0530,
→,-0.5,invalid,left,224,4,22,left,1,1.4954675000044517,None,22,4,224,8,406.19437409999955,,,,,,,,,406.18143070000224,406.19437409999955,406.6784938000055,406.6784938000055,406.9944617000001,407.27899599999364,407.27899599999364,408.7786468999984,left,1,1.4954675000044517,None,,,,,01,001,2025-11-14_19h53.20.016,cueing_task_exp,,2025.1.1,59.7863713364382,2025-11-14 19h53.27.332117 +0530,
←,-0.5,valid,left,225,5,22,left,1,1.618224599995301,None,22,5,225,6,408.7938553999993,,,,,,,,,408.7810185999988,408.7938553999993,409.2785608999984,409.2785608999984,409.5773029999982,409.8771559000015,409.8771559000015,411.51104700000724,left,1,1.618224599995301,None,,,,,01,001,2025-11-14_19h53.20.016,cueing_task_exp,,2025.1.1,59.7863713364382,2025-11-14 19h53.27.332117 +0530,
←,-0.5,valid,left,226,6,22,left,1,0.32857589999912307,None,22,6,226,5,411.5271816000022,,,,,,,,,411.5115222000022,411.5271816000022,412.0126663999981,412.0126663999981,412.3111508000002,412.6121975999995,412.6121975999995,412.9445122000034,left,1,0.32857589999912307,None,,,,,01,001,2025-11-14_19h53.20.016,cueing_task_exp,,2025.1.1,59.7863713364382,2025-11-14 19h53.27.332117 +0530,
←,-0.5,valid,left,227,7,22,left,1,0.30648280000605155,None,22,7,227,4,412.9610188999941,,,,,,,,,412.94497120000597,412.9610188999941,413.44603500000085,413.44603500000085,413.7445522000053,414.04408589999366,414.04408589999366,414.3620596999972,left,1,0.30648280000605155,None,,,,,01,001,2025-11-14_19h53.20.016,cueing_task_exp,,2025.1.1,59.7863713364382,2025-11-14 19h53.27.332117 +0530,
←,0.5,invalid,right,228,8,22,right,1,1.2361728999967454,None,22,8,228,9,414.3772023000056,,,,,,,,,414.36251960000664,414.3772023000056,414.86235569999553,414.86235569999553,415.17891529999906,415.46269060000486,415.46269060000486,416.711384299997,right,1,1.2361728999967454,None,,,,,01,001,2025-11-14_19h53.20.016,cueing_task_exp,,2025.1.1,59.7863713364382,2025-11-14 19h53.27.332117 +0530,
→,0.5,valid,right,229,9,22,right,1,0.372262300006696,None,22,9,229,2,416.72791109999525,,,,,,,,,416.713571100001,416.72791109999525,417.2121240999986,417.2121240999986,417.5119146999932,417.8124026000005,417.8124026000005,418.19513330000336,right,1,0.372262300006696,None,,,,,01,001,2025-11-14_19h53.20.016,cueing_task_exp,,2025.1.1,59.7863713364382,2025-11-14 19h53.27.332117 +0530,
←,-0.5,valid,left,230,0,23,left,1,0.27392320000217296,None,23,0,230,6,418.20984569999564,,,,,,,,,418.1985612999997,418.20984569999564,418.69554020000214,418.69554020000214,418.99543840000115,419.2936822000047,419.2936822000047,419.5792094000062,left,1,0.27392320000217296,None,,,,,01,001,2025-11-14_19h53.20.016,cueing_task_exp,,2025.1.1,59.7863713364382,2025-11-14 19h53.27.332117 +0530,
→,0.5,valid,right,231,1,23,right,1,0.6055518999928609,None,23,1,231,3,419.59455579999485,,,,,,,,,419.5816141999967,419.59455579999485,420.07898489999934,420.07898489999934,420.3790133000002,420.67896220000694,420.67896220000694,421.295005699998,right,1,0.6055518999928609,None,,,,,01,001,2025-11-14_19h53.20.016,cueing_task_exp,,2025.1.1,59.7863713364382,2025-11-14 19h53.27.332117 +0530,
←,-0.5,valid,left,232,2,23,left,1,0.9644837999949232,None,23,2,232,1,421.31053810000594,,,,,,,,,421.2972152000002,421.31053810000594,421.79529589999584,421.79529589999584,422.0957303000032,422.39407959999517,422.39407959999517,423.36178360000486,left,1,0.9644837999949232,None,,,,,01,001,2025-11-14_19h53.20.016,cueing_task_exp,,2025.1.1,59.7863713364382,2025-11-14 19h53.27.332117 +0530,
←,-0.5,valid,left,233,3,23,left,1,0.5164037000067765,None,23,3,233,5,423.3772317999974,,,,,,,,,423.362332699995,423.3772317999974,423.8624944000039,423.8624944000039,424.16213450000214,424.462240199995,424.462240199995,424.9947975999967,left,1,0.5164037000067765,None,,,,,01,001,2025-11-14_19h53.20.016,cueing_task_exp,,2025.1.1,59.7863713364382,2025-11-14 19h53.27.332117 +0530,
→,0.5,valid,right,234,4,23,right,1,0.3443531999946572,None,23,4,234,2,425.0104355000076,,,,,,,,,424.99889560000156,425.0104355000076,425.49522470000375,425.49522470000375,425.79575459999614,426.09403239999665,426.09403239999665,426.4455871999962,right,1,0.3443531999946572,None,,,,,01,001,2025-11-14_19h53.20.016,cueing_task_exp,,2025.1.1,59.7863713364382,2025-11-14 19h53.27.332117 +0530,
→,0.5,valid,right,235,5,23,right,1,0.5745060999906855,None,23,5,235,0,426.4624523999955,,,,,,,,,426.4460465000011,426.4624523999955,426.94577890000073,426.94577890000073,427.24514369999815,427.5458284000051,427.5458284000051,428.1284278999956,right,1,0.5745060999906855,None,,,,,01,001,2025-11-14_19h53.20.016,cueing_task_exp,,2025.1.1,59.7863713364382,2025-11-14 19h53.27.332117 +0530,
←,0.5,invalid,right,236,6,23,right,1,1.336471700007678,None,23,6,236,9,428.1445740000054,,,,,,,,,428.13057870000193,428.1445740000054,428.62920440000016,428.62920440000016,428.9291424999974,429.22820080000383,429.22820080000383,430.57907530000375,right,1,1.336471700007678,None,,,,,01,001,2025-11-14_19h53.20.016,cueing_task_exp,,2025.1.1,59.7863713364382,2025-11-14 19h53.27.332117 +0530,
→,0.5,valid,right,237,7,23,right,1,1.0715320000017527,None,23,7,237,7,430.59563049999997,,,,,,,,,430.58125160000054,430.59563049999997,431.07887850000407,431.07887850000407,431.39565839999705,431.67958880000515,431.67958880000515,432.7623311000061,right,1,1.0715320000017527,None,,,,,01,001,2025-11-14_19h53.20.016,cueing_task_exp,,2025.1.1,59.7863713364382,2025-11-14 19h53.27.332117 +0530,
→,-0.5,invalid,left,238,8,23,left,1,1.2895215000025928,None,23,8,238,8,432.7787157999992,,,,,,,,,432.7628043000004,432.7787157999992,433.26295770000434,433.26295770000434,433.56148940000276,433.8621826000017,433.8621826000017,435.1622558999952,left,1,1.2895215000025928,None,,,,,01,001,2025-11-14_19h53.20.016,cueing_task_exp,,2025.1.1,59.7863713364382,2025-11-14 19h53.27.332117 +0530,
←,-0.5,valid,left,239,9,23,left,1,1.0628293000045232,None,23,9,239,4,435.1775153000053,,,,,,,,,435.164841100006,435.1775153000053,435.66231620000326,435.66231620000326,435.96202010000707,436.26232999999775,436.26232999999775,437.329230000003,left,1,1.0628293000045232,None,,,,,01,001,2025-11-14_19h53.20.016,cueing_task_exp,,2025.1.1,59.7863713364382,2025-11-14 19h53.27.332117 +0530,
→,0.5,valid,right,240,0,24,right,1,0.2555846000032034,None,24,0,240,0,437.34418030000234,,,,,,,,,437.33164150000084,437.34418030000234,437.82918070000596,437.82918070000596,438.12910839999677,438.4450077999936,438.4450077999936,438.7120059000008,right,1,0.2555846000032034,None,,,,,01,001,2025-11-14_19h53.20.016,cueing_task_exp,,2025.1.1,59.7863713364382,2025-11-14 19h53.27.332117 +0530,
←,-0.5,valid,left,241,1,24,left,1,0.3991066000016872,None,24,1,241,4,438.7276945000049,,,,,,,,,438.7142701999983,438.7276945000049,439.2125500999973,439.2125500999973,439.5128279000055,439.8131844000018,439.8131844000018,440.21333779999986,left,1,0.3991066000016872,None,,,,,01,001,2025-11-14_19h53.20.016,cueing_task_exp,,2025.1.1,59.7863713364382,2025-11-14 19h53.27.332117 +0530,
←,-0.5,valid,left,242,2,24,left,1,0.340856700000586,None,24,2,242,6,440.2283693000063,,,,,,,,,440.21393450000323,440.2283693000063,440.71234569999797,440.71234569999797,441.01270680000016,441.32966610000585,441.32966610000585,441.67846189999545,left,1,0.340856700000586,None,,,,,01,001,2025-11-14_19h53.20.016,cueing_task_exp,,2025.1.1,59.7863713364382,2025-11-14 19h53.27.332117 +0530,
→,0.5,valid,right,243,3,24,right,1,0.40194440000050236,None,24,3,243,7,441.69567640000605,,,,,,,,,441.68197099999816,441.69567640000605,442.1783671000012,442.1783671000012,442.4787900999945,442.7791620000062,442.7791620000062,443.1957720000064,right,1,0.40194440000050236,None,,,,,01,001,2025-11-14_19h53.20.016,cueing_task_exp,,2025.1.1,59.7863713364382,2025-11-14 19h53.27.332117 +0530,
→,0.5,valid,right,244,4,24,right,1,0.30601539999770466,None,24,4,244,2,443.2124397000007,,,,,,,,,443.19622179999715,443.2124397000007,443.69527650000236,443.69527650000236,443.9950583000027,444.31293850000657,444.31293850000657,444.6295644000056,right,1,0.30601539999770466,None,,,,,01,001,2025-11-14_19h53.20.016,cueing_task_exp,,2025.1.1,59.7863713364382,2025-11-14 19h53.27.332117 +0530,
→,-0.5,invalid,left,245,5,24,left,1,1.3788258000131464,None,24,5,245,8,444.64481149999483,,,,,,,,,444.63008240000636,444.64481149999483,445.12698109999474,445.12698109999474,445.42886489999364,445.7296245000034,445.7296245000034,447.1130148999946,left,1,1.3788258000131464,None,,,,,01,001,2025-11-14_19h53.20.016,cueing_task_exp,,2025.1.1,59.7863713364382,2025-11-14 19h53.27.332117 +0530,
←,-0.5,valid,left,246,6,24,left,1,0.6177152000018395,None,24,6,246,5,447.1285920999944,,,,,,,,,447.1154386999988,447.1285920999944,447.6121045000036,447.6121045000036,447.9286382999999,448.22915070000454,448.22915070000454,448.8621337000077,left,1,0.6177152000018395,None,,,,,01,001,2025-11-14_19h53.20.016,cueing_task_exp,,2025.1.1,59.7863713364382,2025-11-14 19h53.27.332117 +0530,
←,0.5,invalid,right,247,7,24,right,1,1.4660497000004398,None,24,7,247,9,448.87860949999595,,,,,,,,,448.8628235000069,448.87860949999595,449.361976900007,449.361976900007,449.6626983000024,449.9630036000017,449.9630036000017,451.44560599999386,right,1,1.4660497000004398,None,,,,,01,001,2025-11-14_19h53.20.016,cueing_task_exp,,2025.1.1,59.7863713364382,2025-11-14 19h53.27.332117 +0530,
←,-0.5,valid,left,248,8,24,left,1,0.3229618999903323,None,24,8,248,1,451.46241340000415,,,,,,,,,451.4462050000002,451.46241340000415,451.94600450000144,451.94600450000144,452.24528790000477,452.5457921000052,452.5457921000052,452.87993549999373,left,1,0.3229618999903323,None,,,,,01,001,2025-11-14_19h53.20.016,cueing_task_exp,,2025.1.1,59.7863713364382,2025-11-14 19h53.27.332117 +0530,
→,0.5,valid,right,249,9,24,right,1,0.44934000000648666,None,24,9,249,3,452.8945673999988,,,,,,,,,452.8826270999998,452.8945673999988,453.37960709999606,453.37960709999606,453.67957439999736,453.97908299999835,453.97908299999835,454.4292138000019,right,1,0.44934000000648666,None,,,,,01,001,2025-11-14_19h53.20.016,cueing_task_exp,,2025.1.1,59.7863713364382,2025-11-14 19h53.27.332117 +0530,
→,0.5,valid,right,250,0,25,right,1,0.4801588999980595,None,25,0,250,3,454.44484830000147,,,,,,,,,454.42968380000093,454.44484830000147,454.92959660000633,454.92959660000633,455.2297613999981,455.5293260000035,455.5293260000035,456.01339000000735,right,1,0.4801588999980595,None,,,,,01,001,2025-11-14_19h53.20.016,cueing_task_exp,,2025.1.1,59.7863713364382,2025-11-14 19h53.27.332117 +0530,
←,-0.5,valid,left,251,1,25,left,1,0.3632558999961475,None,25,1,251,6,456.02752679999685,,,,,,,,,456.01587040000595,456.02752679999685,456.5118122999993,456.5118122999993,456.8125580000051,457.1129538999958,457.1129538999958,457.47954670000763,left,1,0.3632558999961475,None,,,,,01,001,2025-11-14_19h53.20.016,cueing_task_exp,,2025.1.1,59.7863713364382,2025-11-14 19h53.27.332117 +0530,
→,-0.5,invalid,left,252,2,25,left,1,1.2547096999915084,None,25,2,252,8,457.49484569999913,,,,,,,,,457.48198989999946,457.49484569999913,457.97960550000425,457.97960550000425,458.2801471999992,458.57927380000183,458.57927380000183,459.8457858000038,left,1,1.2547096999915084,None,,,,,01,001,2025-11-14_19h53.20.016,cueing_task_exp,,2025.1.1,59.7863713364382,2025-11-14 19h53.27.332117 +0530,
→,0.5,valid,right,253,3,25,right,1,0.2857183000014629,None,25,3,253,2,459.86129440000514,,,,,,,,,459.8462456999987,459.86129440000514,460.3461890000035,460.3461890000035,460.6462821000023,460.94643989999895,460.94643989999895,461.2463260000077,right,1,0.2857183000014629,None,,,,,01,001,2025-11-14_19h53.20.016,cueing_task_exp,,2025.1.1,59.7863713364382,2025-11-14 19h53.27.332117 +0530,
←,-0.5,valid,left,254,4,25,left,1,0.285373199993046,None,25,4,254,4,461.26178190000064,,,,,,,,,461.24975319999794,461.26178190000064,461.7463607999962,461.7463607999962,462.0458682000026,462.3454819000035,462.3454819000035,462.64720439999655,left,1,0.285373199993046,None,,,,,01,001,2025-11-14_19h53.20.016,cueing_task_exp,,2025.1.1,59.7863713364382,2025-11-14 19h53.27.332117 +0530,
←,-0.5,valid,left,255,5,25,left,1,0.3895979999942938,None,25,5,255,5,462.66247389999626,,,,,,,,,462.64770780000254,462.66247389999626,463.1465295999951,463.1465295999951,463.4631298000022,463.74617549999675,463.74617549999675,464.1464834000071,left,1,0.3895979999942938,None,,,,,01,001,2025-11-14_19h53.20.016,cueing_task_exp,,2025.1.1,59.7863713364382,2025-11-14 19h53.27.332117 +0530,
←,0.5,invalid,right,256,6,25,right,1,1.0037659000081476,None,25,6,256,9,464.16298330000427,,,,,,,,,464.1470429000037,464.16298330000427,464.64590390000376,464.64590390000376,464.9457734000025,465.2461483999941,465.2461483999941,466.26303679999546,right,1,1.0037659000081476,None,,,,,01,001,2025-11-14_19h53.20.016,cueing_task_exp,,2025.1.1,59.7863713364382,2025-11-14 19h53.27.332117 +0530,
→,0.5,valid,right,257,7,25,right,1,0.3903079999872716,None,25,7,257,7,466.2800977000006,,,,,,,,,466.2651973000029,466.2800977000006,466.7629333999939,466.7629333999939,467.0628660999937,467.36319230000663,467.36319230000663,467.76231380000536,right,1,0.3903079999872716,None,,,,,01,001,2025-11-14_19h53.20.016,cueing_task_exp,,2025.1.1,59.7863713364382,2025-11-14 19h53.27.332117 +0530,
→,0.5,valid,right,258,8,25,right,1,0.35263449999911245,None,25,8,258,0,467.779827499995,,,,,,,,,467.7627691999951,467.779827499995,468.2622335000051,468.2622335000051,468.56306929999846,468.8631555000029,468.8631555000029,469.229568499999,right,1,0.35263449999911245,None,,,,,01,001,2025-11-14_19h53.20.016,cueing_task_exp,,2025.1.1,59.7863713364382,2025-11-14 19h53.27.332117 +0530,
←,-0.5,valid,left,259,9,25,left,1,0.3491123999992851,None,25,9,259,1,469.2461154000048,,,,,,,,,469.2317098000058,469.2461154000048,469.7298895999993,469.7298895999993,470.02926120000484,470.3299866000016,470.3299866000016,470.69589210000413,left,1,0.3491123999992851,None,,,,,01,001,2025-11-14_19h53.20.016,cueing_task_exp,,2025.1.1,59.7863713364382,2025-11-14 19h53.27.332117 +0530,
→,-0.5,invalid,left,260,0,26,left,1,1.1227821999927983,None,26,0,260,8,470.7126830000052,,,,,,,,,470.69806589999644,470.7126830000052,471.1962779000023,471.1962779000023,471.49631509999745,471.79610530000355,471.79610530000355,472.92960889999813,left,1,1.1227821999927983,None,,,,,01,001,2025-11-14_19h53.20.016,cueing_task_exp,,2025.1.1,59.7863713364382,2025-11-14 19h53.27.332117 +0530,
←,-0.5,valid,left,261,1,26,left,1,0.2834601999929873,None,26,1,261,6,472.94649459999346,,,,,,,,,472.9317433999968,472.94649459999346,473.4295264999964,473.4295264999964,473.74487500000396,474.0300881000003,474.0300881000003,474.3295553000062,left,1,0.2834601999929873,None,,,,,01,001,2025-11-14_19h53.20.016,cueing_task_exp,,2025.1.1,59.7863713364382,2025-11-14 19h53.27.332117 +0530,
←,0.5,invalid,right,262,2,26,right,1,1.1835035999974934,None,26,2,262,9,474.34639629999583,,,,,,,,,474.33002949999354,474.34639629999583,474.84571609999693,474.84571609999693,475.1298852000036,475.42996930000663,475.42996930000663,476.6292220000032,right,1,1.1835035999974934,None,,,,,01,001,2025-11-14_19h53.20.016,cueing_task_exp,,2025.1.1,59.7863713364382,2025-11-14 19h53.27.332117 +0530,
←,-0.5,valid,left,263,3,26,left,1,0.3129754999972647,None,26,3,263,5,476.6459720999992,,,,,,,,,476.62979999999516,476.6459720999992,477.13012040000467,477.13012040000467,477.43026100000134,477.7302758000005,477.7302758000005,478.0474341999943,left,1,0.3129754999972647,None,,,,,01,001,2025-11-14_19h53.20.016,cueing_task_exp,,2025.1.1,59.7863713364382,2025-11-14 19h53.27.332117 +0530,
←,-0.5,valid,left,264,4,26,left,1,0.2787793000024976,None,26,4,264,1,478.0618676000013,,,,,,,,,478.04796989999886,478.0618676000013,478.5628854999959,478.5628854999959,478.84608230000595,479.16330139999627,479.16330139999627,479.44649980000395,left,1,0.2787793000024976,None,,,,,01,001,2025-11-14_19h53.20.016,cueing_task_exp,,2025.1.1,59.7863713364382,2025-11-14 19h53.27.332117 +0530,
→,0.5,valid,right,265,5,26,right,1,0.41797670000232756,None,26,5,265,2,479.46183879999444,,,,,,,,,479.44886839999526,479.46183879999444,479.9467427000054,479.9467427000054,480.2464867999952,480.54531139999744,480.54531139999744,480.97980559999996,right,1,0.41797670000232756,None,,,,,01,001,2025-11-14_19h53.20.016,cueing_task_exp,,2025.1.1,59.7863713364382,2025-11-14 19h53.27.332117 +0530,
→,0.5,valid,right,266,6,26,right,1,0.33766340000147466,None,26,6,266,7,480.99567849999585,,,,,,,,,480.9803785999975,480.99567849999585,481.48049469999387,481.48049469999387,481.78010010000435,482.0785525999963,482.0785525999963,482.42974530000356,right,1,0.33766340000147466,None,,,,,01,001,2025-11-14_19h53.20.016,cueing_task_exp,,2025.1.1,59.7863713364382,2025-11-14 19h53.27.332117 +0530,
←,-0.5,valid,left,267,7,26,left,1,0.4330056000035256,None,26,7,267,4,482.4463900999981,,,,,,,,,482.4319037999958,482.4463900999981,482.930013300007,482.930013300007,483.23008619999746,483.5302933000057,483.5302933000057,483.9798757999961,left,1,0.4330056000035256,None,,,,,01,001,2025-11-14_19h53.20.016,cueing_task_exp,,2025.1.1,59.7863713364382,2025-11-14 19h53.27.332117 +0530,
→,0.5,valid,right,268,8,26,right,1,0.3360874999925727,None,26,8,268,0,483.99684479999996,,,,,,,,,483.9821634999971,483.99684479999996,484.4791402999981,484.4791402999981,484.7797828000039,485.07951290000346,485.07951290000346,485.4296389999945,right,1,0.3360874999925727,None,,,,,01,001,2025-11-14_19h53.20.016,cueing_task_exp,,2025.1.1,59.7863713364382,2025-11-14 19h53.27.332117 +0530,
→,0.5,valid,right,269,9,26,right,1,1.1607605000026524,None,26,9,269,3,485.446511999995,,,,,,,,,485.430119800003,485.446511999995,485.9299702999997,485.9299702999997,486.23021049999807,486.5298870999977,486.5298870999977,487.69558600000164,right,1,1.1607605000026524,None,,,,,01,001,2025-11-14_19h53.20.016,cueing_task_exp,,2025.1.1,59.7863713364382,2025-11-14 19h53.27.332117 +0530,
→,0.5,valid,right,270,0,27,right,1,0.35880400000314694,None,27,0,270,3,487.71202079999784,,,,,,,,,487.6962793999992,487.71202079999784,488.1972131999937,488.1972131999937,488.49655870000424,488.7968136999989,488.7968136999989,489.16349180000543,right,1,0.35880400000314694,None,,,,,01,001,2025-11-14_19h53.20.016,cueing_task_exp,,2025.1.1,59.7863713364382,2025-11-14 19h53.27.332117 +0530,
→,0.5,valid,right,271,1,27,right,1,0.43140119999588933,None,27,1,271,2,489.18019549999735,,,,,,,,,489.16397799999686,489.18019549999735,489.66396999999415,489.66396999999415,489.9635522000026,490.2632500000036,490.2632500000036,490.69623370000045,right,1,0.43140119999588933,None,,,,,01,001,2025-11-14_19h53.20.016,cueing_task_exp,,2025.1.1,59.7863713364382,2025-11-14 19h53.27.332117 +0530,
→,0.5,valid,right,272,2,27,right,1,0.31777720000536647,None,27,2,272,0,490.712520400004,,,,,,,,,490.6967735000071,490.712520400004,491.1968454000016,491.1968454000016,491.4966119000019,491.79692170000635,491.79692170000635,492.13110280000546,right,1,0.31777720000536647,None,,,,,01,001,2025-11-14_19h53.20.016,cueing_task_exp,,2025.1.1,59.7863713364382,2025-11-14 19h53.27.332117 +0530,
←,-0.5,valid,left,273,3,27,left,1,0.758237400004873,None,27,3,273,5,492.1460422999953,,,,,,,,,492.1337838000036,492.1460422999953,492.64657110000553,492.64657110000553,492.93037669999467,493.2302461000072,493.2302461000072,493.99822290000156,left,1,0.758237400004873,None,,,,,01,001,2025-11-14_19h53.20.016,cueing_task_exp,,2025.1.1,59.7863713364382,2025-11-14 19h53.27.332117 +0530,
→,-0.5,invalid,left,274,4,27,left,1,1.5881563000002643,None,27,4,274,8,494.01147719999426,,,,,,,,,494.00071520000347,494.01147719999426,494.5122505000036,494.5122505000036,494.8125405000028,495.11348670000734,495.11348670000734,496.71339360000275,left,1,1.5881563000002643,None,,,,,01,001,2025-11-14_19h53.20.016,cueing_task_exp,,2025.1.1,59.7863713364382,2025-11-14 19h53.27.332117 +0530,
←,-0.5,valid,left,275,5,27,left,1,0.3463874000008218,None,27,5,275,4,496.7304284999991,,,,,,,,,496.71579109999584,496.7304284999991,497.21304830000736,497.21304830000736,497.51344080000126,497.8135387999937,497.8135387999937,498.1629638000013,left,1,0.3463874000008218,None,,,,,01,001,2025-11-14_19h53.20.016,cueing_task_exp,,2025.1.1,59.7863713364382,2025-11-14 19h53.27.332117 +0530,
←,-0.5,valid,left,276,6,27,left,1,0.5074332000076538,None,27,6,276,1,498.1796835999994,,,,,,,,,498.16349950000586,498.1796835999994,498.6632627000072,498.6632627000072,498.96317109999654,499.2636499000073,499.2636499000073,499.77967240000726,left,1,0.5074332000076538,None,,,,,01,001,2025-11-14_19h53.20.016,cueing_task_exp,,2025.1.1,59.7863713364382,2025-11-14 19h53.27.332117 +0530,
←,0.5,invalid,right,277,7,27,right,1,1.8077942000090843,None,27,7,277,9,499.79544620000524,,,,,,,,,499.7801215000072,499.79544620000524,500.2788994000002,500.2788994000002,500.58014659999753,500.88038800000504,500.88038800000504,502.69607720000204,right,1,1.8077942000090843,None,,,,,01,001,2025-11-14_19h53.20.016,cueing_task_exp,,2025.1.1,59.7863713364382,2025-11-14 19h53.27.332117 +0530,
→,0.5,valid,right,278,8,27,right,1,0.543309800006682,None,27,8,278,7,502.71173290000297,,,,,,,,,502.69839600000705,502.71173290000297,503.19722580000234,503.19722580000234,503.4973713999934,503.7965961000009,503.7965961000009,504.34797139999864,right,1,0.543309800006682,None,,,,,01,001,2025-11-14_19h53.20.016,cueing_task_exp,,2025.1.1,59.7863713364382,2025-11-14 19h53.27.332117 +0530,
←,-0.5,valid,left,279,9,27,left,1,0.46282179999980144,None,27,9,279,6,504.3627007000032,,,,,,,,,504.3503297999996,504.3627007000032,504.8465426000039,504.8465426000039,505.1636068999942,505.4473424000025,505.4473424000025,505.9137292999949,left,1,0.46282179999980144,None,,,,,01,001,2025-11-14_19h53.20.016,cueing_task_exp,,2025.1.1,59.7863713364382,2025-11-14 19h53.27.332117 +0530,
→,-0.5,invalid,left,280,0,28,right,0,0.5853958999941824,None,28,0,280,8,505.92919480000273,,,,,,,,,505.9162578999967,505.92919480000273,506.41395770000236,506.41395770000236,506.71276450000005,507.0298574000044,507.0298574000044,507.62982940000074,right,0,0.5853958999941824,None,,,,,01,001,2025-11-14_19h53.20.016,cueing_task_exp,,2025.1.1,59.7863713364382,2025-11-14 19h53.27.332117 +0530,
←,-0.5,valid,left,281,1,28,left,1,0.8883475000038743,None,28,1,281,6,507.6457916000072,,,,,,,,,507.63246130000334,507.6457916000072,508.1300564999983,508.1300564999983,508.4303649000067,508.7305267000047,508.7305267000047,509.63079599999764,left,1,0.8883475000038743,None,,,,,01,001,2025-11-14_19h53.20.016,cueing_task_exp,,2025.1.1,59.7863713364382,2025-11-14 19h53.27.332117 +0530,
→,0.5,valid,right,282,2,28,right,1,0.42792100000951905,None,28,2,282,3,509.64635939999425,,,,,,,,,509.632924000005,509.64635939999425,510.1292539999995,510.1292539999995,510.4473066000064,510.7301710000029,510.7301710000029,511.1626995999977,right,1,0.42792100000951905,None,,,,,01,001,2025-11-14_19h53.20.016,cueing_task_exp,,2025.1.1,59.7863713364382,2025-11-14 19h53.27.332117 +0530,
→,0.5,valid,right,283,3,28,right,1,0.8530023000057554,None,28,3,283,7,511.1788772,,,,,,,,,511.16315680000116,511.1788772,511.66416440000467,511.66416440000467,511.9629391000053,512.2643776000041,512.2643776000041,513.130273799994,right,1,0.8530023000057554,None,,,,,01,001,2025-11-14_19h53.20.016,cueing_task_exp,,2025.1.1,59.7863713364382,2025-11-14 19h53.27.332117 +0530,
←,-0.5,valid,left,284,4,28,left,1,0.5482451999996556,None,28,4,284,1,513.1467329000006,,,,,,,,,513.1324307000032,513.1467329000006,513.6462107999978,513.6462107999978,513.9461913999985,514.2454387000034,514.2454387000034,514.7957024000061,left,1,0.5482451999996556,None,,,,,01,001,2025-11-14_19h53.20.016,cueing_task_exp,,2025.1.1,59.7863713364382,2025-11-14 19h53.27.332117 +0530,
←,-0.5,valid,left,285,5,28,left,1,0.5573256999923615,None,28,5,285,4,514.8122151999996,,,,,,,,,514.7960272000055,514.8122151999996,515.2956093999965,515.2956093999965,515.5971632000001,515.897415600004,515.897415600004,516.4633209000021,left,1,0.5573256999923615,None,,,,,01,001,2025-11-14_19h53.20.016,cueing_task_exp,,2025.1.1,59.7863713364382,2025-11-14 19h53.27.332117 +0530,
→,0.5,valid,right,286,6,28,right,1,0.29431719999411143,None,28,6,286,0,516.4810661999945,,,,,,,,,516.4655098000076,516.4810661999945,516.964112600006,516.964112600006,517.2640608000074,517.564030900001,517.564030900001,517.8641897000052,right,1,0.29431719999411143,None,,,,,01,001,2025-11-14_19h53.20.016,cueing_task_exp,,2025.1.1,59.7863713364382,2025-11-14 19h53.27.332117 +0530,
←,-0.5,valid,left,287,7,28,left,1,0.3300872999971034,None,28,7,287,5,517.8795703000069,,,,,,,,,517.8665527999983,517.8795703000069,518.3806573000038,518.3806573000038,518.6629194999987,518.9791235000012,518.9791235000012,519.3139287999948,left,1,0.3300872999971034,None,,,,,01,001,2025-11-14_19h53.20.016,cueing_task_exp,,2025.1.1,59.7863713364382,2025-11-14 19h53.27.332117 +0530,
←,0.5,invalid,right,288,8,28,right,1,1.6539194000069983,None,28,8,288,9,519.3290058999992,,,,,,,,,519.3144120999932,519.3290058999992,519.8140440999996,519.8140440999996,520.1138176999957,520.4137102999957,520.4137102999957,522.0817317000037,right,1,1.6539194000069983,None,,,,,01,001,2025-11-14_19h53.20.016,cueing_task_exp,,2025.1.1,59.7863713364382,2025-11-14 19h53.27.332117 +0530,
→,0.5,valid,right,289,9,28,right,1,0.42210830000112765,None,28,9,289,2,522.0950030999957,,,,,,,,,522.0841823999945,522.0950030999957,522.5974420999992,522.5974420999992,522.8970031000063,523.1974673000077,523.1974673000077,523.6299049999943,right,1,0.42210830000112765,None,,,,,01,001,2025-11-14_19h53.20.016,cueing_task_exp,,2025.1.1,59.7863713364382,2025-11-14 19h53.27.332117 +0530,
→,0.5,valid,right,290,0,29,right,1,0.6386231999931624,None,29,0,290,7,523.6472322000045,,,,,,,,,523.6304432000034,523.6472322000045,524.1308066000056,524.1308066000056,524.4298094999976,524.7303928000038,524.7303928000038,525.3813100999978,right,1,0.6386231999931624,None,,,,,01,001,2025-11-14_19h53.20.016,cueing_task_exp,,2025.1.1,59.7863713364382,2025-11-14 19h53.27.332117 +0530,
→,0.5,valid,right,291,1,29,right,1,0.4409680000098888,None,29,1,291,2,525.3964420999982,,,,,,,,,525.3818312000076,525.3964420999982,525.8813089000032,525.8813089000032,526.1808885000064,526.4806478999963,526.4806478999963,526.9307395000069,right,1,0.4409680000098888,None,,,,,01,001,2025-11-14_19h53.20.016,cueing_task_exp,,2025.1.1,59.7863713364382,2025-11-14 19h53.27.332117 +0530,
→,0.5,valid,right,292,2,29,right,1,0.3072134999965783,None,29,2,292,3,526.9470836999972,,,,,,,,,526.9311929999967,526.9470836999972,527.4304076999979,527.4304076999979,527.7298302999989,528.0308126000018,528.0308126000018,528.3481510999991,right,1,0.3072134999965783,None,,,,,01,001,2025-11-14_19h53.20.016,cueing_task_exp,,2025.1.1,59.7863713364382,2025-11-14 19h53.27.332117 +0530,
←,-0.5,valid,left,293,3,29,left,1,0.44585920000099577,None,29,3,293,6,528.3623943999992,,,,,,,,,528.3507594999974,528.3623943999992,528.8642050000053,528.8642050000053,529.1640512000013,529.4643575999944,529.4643575999944,529.9129512000072,left,1,0.44585920000099577,None,,,,,01,001,2025-11-14_19h53.20.016,cueing_task_exp,,2025.1.1,59.7863713364382,2025-11-14 19h53.27.332117 +0530,
→,0.5,valid,right,294,4,29,right,1,0.6095709000073839,None,29,4,294,0,529.9299237999949,,,,,,,,,529.9154160000035,529.9299237999949,530.4140150000021,530.4140150000021,530.7142859000014,531.0146162000019,531.0146162000019,531.631235199995,right,1,0.6095709000073839,None,,,,,01,001,2025-11-14_19h53.20.016,cueing_task_exp,,2025.1.1,59.7863713364382,2025-11-14 19h53.27.332117 +0530,
←,0.5,invalid,right,295,5,29,right,1,0.9721806999878027,None,29,5,295,9,531.6477566999965,,,,,,,,,531.6337392999994,531.6477566999965,532.1311375000078,532.1311375000078,532.4311549999984,532.7296547000005,532.7296547000005,533.7136122999946,right,1,0.9721806999878027,None,,,,,01,001,2025-11-14_19h53.20.016,cueing_task_exp,,2025.1.1,59.7863713364382,2025-11-14 19h53.27.332117 +0530,
←,-0.5,valid,left,296,6,29,left,1,0.49745809999876656,None,29,6,296,4,533.7305901999935,,,,,,,,,533.7140685000049,533.7305901999935,534.2142561999935,534.2142561999935,534.5144485000055,534.8126211000053,534.8126211000053,535.3144791999948,left,1,0.49745809999876656,None,,,,,01,001,2025-11-14_19h53.20.016,cueing_task_exp,,2025.1.1,59.7863713364382,2025-11-14 19h53.27.332117 +0530,
←,-0.5,valid,left,297,7,29,left,1,0.44397719998960383,None,29,7,297,1,535.3293299999932,,,,,,,,,535.3150078000035,535.3293299999932,535.8144808999932,535.8144808999932,536.1125346000044,536.4143086999975,536.4143086999975,536.8647679999995,left,1,0.44397719998960383,None,,,,,01,001,2025-11-14_19h53.20.016,cueing_task_exp,,2025.1.1,59.7863713364382,2025-11-14 19h53.27.332117 +0530,
→,-0.5,invalid,left,298,8,29,left,1,0.8683124000090174,None,29,8,298,8,536.8792303999944,,,,,,,,,536.8672752999992,536.8792303999944,537.3630372000043,537.3630372000043,537.6814050999965,537.9645288000029,537.9645288000029,538.8487541000068,left,1,0.8683124000090174,None,,,,,01,001,2025-11-14_19h53.20.016,cueing_task_exp,,2025.1.1,59.7863713364382,2025-11-14 19h53.27.332117 +0530,
←,-0.5,valid,left,299,9,29,left,1,0.6493699999991804,None,29,9,299,5,538.8637100000051,,,,,,,,,538.8513762000075,538.8637100000051,539.364324299997,539.364324299997,539.6641720000043,539.9640251999954,539.9640251999954,540.6145316000038,left,1,0.6493699999991804,None,,,,,01,001,2025-11-14_19h53.20.016,cueing_task_exp,,2025.1.1,59.7863713364382,2025-11-14 19h53.27.332117 +0530,
←,-0.5,valid,left,300,0,30,left,1,0.38878909999039024,None,30,0,300,5,540.6300244000013,,,,,,,,,540.6150520999945,540.6300244000013,541.1143947999954,541.1143947999954,541.4311591000005,541.714856999999,541.714856999999,542.1141635999957,left,1,0.38878909999039024,None,,,,,01,001,2025-11-14_19h53.20.016,cueing_task_exp,,2025.1.1,59.7863713364382,2025-11-14 19h53.27.332117 +0530,
→,0.5,valid,right,301,1,30,right,1,0.4075481000036234,None,30,1,301,7,542.1301453000051,,,,,,,,,542.1164223999949,542.1301453000051,542.613724099996,542.613724099996,542.913438500007,543.2143998999964,543.2143998999964,543.6313560999988,right,1,0.4075481000036234,None,,,,,01,001,2025-11-14_19h53.20.016,cueing_task_exp,,2025.1.1,59.7863713364382,2025-11-14 19h53.27.332117 +0530,
→,-0.5,invalid,left,302,2,30,left,1,1.0015618999896105,None,30,2,302,8,543.6471709000034,,,,,,,,,543.6319898000074,543.6471709000034,544.1308754000056,544.1308754000056,544.4305657000077,544.731136500006,544.731136500006,545.7476590000006,left,1,1.0015618999896105,None,,,,,01,001,2025-11-14_19h53.20.016,cueing_task_exp,,2025.1.1,59.7863713364382,2025-11-14 19h53.27.332117 +0530,
←,-0.5,valid,left,303,3,30,left,1,0.3544279999914579,None,30,3,303,4,545.7639424999943,,,,,,,,,545.7502108000044,545.7639424999943,546.2476056000014,546.2476056000014,546.5478631000005,546.847967099995,546.847967099995,547.2143861000077,left,1,0.3544279999914579,None,,,,,01,001,2025-11-14_19h53.20.016,cueing_task_exp,,2025.1.1,59.7863713364382,2025-11-14 19h53.27.332117 +0530,
←,-0.5,valid,left,304,4,30,left,1,0.40370580001035705,None,30,4,304,1,547.2311921000073,,,,,,,,,547.2148460000026,547.2311921000073,547.7128492000047,547.7128492000047,548.0146035999933,548.314907299995,548.314907299995,548.7303996999981,left,1,0.40370580001035705,None,,,,,01,001,2025-11-14_19h53.20.016,cueing_task_exp,,2025.1.1,59.7863713364382,2025-11-14 19h53.27.332117 +0530,
←,0.5,invalid,right,305,5,30,right,1,1.1088585999968927,None,30,5,305,9,548.7480252999958,,,,,,,,,548.7308470999997,548.7480252999958,549.2313643999951,549.2313643999951,549.5315180000034,549.8312386000034,549.8312386000034,550.9478313,right,1,1.1088585999968927,None,,,,,01,001,2025-11-14_19h53.20.016,cueing_task_exp,,2025.1.1,59.7863713364382,2025-11-14 19h53.27.332117 +0530,
→,0.5,valid,right,306,6,30,right,1,0.3076075999997556,None,30,6,306,2,550.9635983000044,,,,,,,,,550.9508649000054,550.9635983000044,551.4469683000061,551.4469683000061,551.7476547999977,552.0476754999981,552.0476754999981,552.3645038999966,right,1,0.3076075999997556,None,,,,,01,001,2025-11-14_19h53.20.016,cueing_task_exp,,2025.1.1,59.7863713364382,2025-11-14 19h53.27.332117 +0530,
←,-0.5,valid,left,307,7,30,left,1,0.06789479999861214,None,30,7,307,6,552.3799533999991,,,,,,,,,552.3666462999972,552.3799533999991,552.8637834999972,552.8637834999972,553.1645809000038,553.4813393000077,553.4813393000077,553.5638135000045,left,1,0.06789479999861214,None,,,,,01,001,2025-11-14_19h53.20.016,cueing_task_exp,,2025.1.1,59.7863713364382,2025-11-14 19h53.27.332117 +0530,
→,0.5,valid,right,308,8,30,right,1,0.21543840000231285,None,30,8,308,3,553.5801668000058,,,,,,,,,553.5659623999964,553.5801668000058,554.0647394999978,554.0647394999978,554.3647533000039,554.6644087000022,554.6644087000022,554.8813096999947,right,1,0.21543840000231285,None,,,,,01,001,2025-11-14_19h53.20.016,cueing_task_exp,,2025.1.1,59.7863713364382,2025-11-14 19h53.27.332117 +0530,
→,0.5,valid,right,309,9,30,right,1,0.46714380000776146,None,30,9,309,0,554.8969652999949,,,,,,,,,554.8817842999997,554.8969652999949,555.3816382999939,555.3816382999939,555.6973803000001,555.9817379000015,555.9817379000015,556.4643483999971,right,1,0.46714380000776146,None,,,,,01,001,2025-11-14_19h53.20.016,cueing_task_exp,,2025.1.1,59.7863713364382,2025-11-14 19h53.27.332117 +0530,
→,0.5,valid,right,310,0,31,right,1,0.5266762000101153,None,31,0,310,7,556.4808393999992,,,,,,,,,556.4648212000029,556.4808393999992,556.9628799000056,556.9628799000056,557.2644469999941,557.5651509000018,557.5651509000018,558.0974866000033,right,1,0.5266762000101153,None,,,,,01,001,2025-11-14_19h53.20.016,cueing_task_exp,,2025.1.1,59.7863713364382,2025-11-14 19h53.27.332117 +0530,
→,0.5,valid,right,311,1,31,right,1,0.41460299999744166,None,31,1,311,2,558.1129497000074,,,,,,,,,558.0980063000025,558.1129497000074,558.5981318999984,558.5981318999984,558.8969731999969,559.1982550999965,559.1982550999965,559.6303828999953,right,1,0.41460299999744166,None,,,,,01,001,2025-11-14_19h53.20.016,cueing_task_exp,,2025.1.1,59.7863713364382,2025-11-14 19h53.27.332117 +0530,
←,-0.5,valid,left,312,2,31,left,1,0.28003379999427125,None,31,2,312,5,559.6477519000036,,,,,,,,,559.6326551999955,559.6477519000036,560.1314214000013,560.1314214000013,560.4308775999962,560.7314065999963,560.7314065999963,561.015748699996,left,1,0.28003379999427125,None,,,,,01,001,2025-11-14_19h53.20.016,cueing_task_exp,,2025.1.1,59.7863713364382,2025-11-14 19h53.27.332117 +0530,
←,0.5,invalid,right,313,3,31,right,1,0.9725698999973247,None,31,3,313,9,561.0303954999981,,,,,,,,,561.0162999000022,561.0303954999981,561.5305998999975,561.5305998999975,561.8315971999982,562.1317968999938,562.1317968999938,563.1139217000018,right,1,0.9725698999973247,None,,,,,01,001,2025-11-14_19h53.20.016,cueing_task_exp,,2025.1.1,59.7863713364382,2025-11-14 19h53.27.332117 +0530,
→,0.5,valid,right,314,4,31,right,1,0.24336750000657048,None,31,4,314,0,563.1301622000028,,,,,,,,,563.1160437000071,563.1301622000028,563.6146537000022,563.6146537000022,563.9145312000037,564.2146308999945,564.2146308999945,564.4641968000069,right,1,0.24336750000657048,None,,,,,01,001,2025-11-14_19h53.20.016,cueing_task_exp,,2025.1.1,59.7863713364382,2025-11-14 19h53.27.332117 +0530,
←,-0.5,valid,left,315,5,31,left,1,0.37041279999539256,None,31,5,315,6,564.480261100005,,,,,,,,,564.4664795999997,564.480261100005,564.9650376000063,564.9650376000063,565.2643218000012,565.5638017000019,565.5638017000019,565.9478854000045,left,1,0.37041279999539256,None,,,,,01,001,2025-11-14_19h53.20.016,cueing_task_exp,,2025.1.1,59.7863713364382,2025-11-14 19h53.27.332117 +0530,
→,-0.5,invalid,left,316,6,31,left,1,1.3619980000075884,None,31,6,316,8,565.9636260999978,,,,,,,,,565.9514012,565.9636260999978,566.4479273000034,566.4479273000034,566.7480376000021,567.0471200000029,567.0471200000029,568.413744999998,left,1,1.3619980000075884,None,,,,,01,001,2025-11-14_19h53.20.016,cueing_task_exp,,2025.1.1,59.7863713364382,2025-11-14 19h53.27.332117 +0530,
←,-0.5,valid,left,317,7,31,left,1,0.5209632000041893,None,31,7,317,1,568.4305812999955,,,,,,,,,568.4160004000005,568.4305812999955,568.914846300002,568.914846300002,569.2150798000075,569.5149487000017,569.5149487000017,570.0480668999953,left,1,0.5209632000041893,None,,,,,01,001,2025-11-14_19h53.20.016,cueing_task_exp,,2025.1.1,59.7863713364382,2025-11-14 19h53.27.332117 +0530,
→,0.5,valid,right,318,8,31,right,1,0.5300308000005316,None,31,8,318,3,570.063089999996,,,,,,,,,570.0502271000005,570.063089999996,570.5478043000039,570.5478043000039,570.8480344999989,571.147784700006,571.147784700006,571.6814534000005,right,1,0.5300308000005316,None,,,,,01,001,2025-11-14_19h53.20.016,cueing_task_exp,,2025.1.1,59.7863713364382,2025-11-14 19h53.27.332117 +0530,
←,-0.5,valid,left,319,9,31,left,1,0.36477539999759756,None,31,9,319,4,571.6974866999954,,,,,,,,,571.6835890999937,571.6974866999954,572.1819822999969,572.1819822999969,572.4815506000014,572.781333100007,572.781333100007,573.1490728000063,left,1,0.36477539999759756,None,,,,,01,001,2025-11-14_19h53.20.016,cueing_task_exp,,2025.1.1,59.7863713364382,2025-11-14 19h53.27.332117 +0530,
←,0.5,invalid,right,320,0,32,right,1,1.3338913000043249,None,32,0,320,9,573.1634431999992,,,,,,,,,573.1495566999947,573.1634431999992,573.664651900006,573.664651900006,573.9484364999953,574.2644873999961,574.2644873999961,575.6146550999983,right,1,1.3338913000043249,None,,,,,01,001,2025-11-14_19h53.20.016,cueing_task_exp,,2025.1.1,59.7863713364382,2025-11-14 19h53.27.332117 +0530,
→,0.5,valid,right,321,1,32,right,1,0.34745320001093205,None,32,1,321,7,575.6299824000016,,,,,,,,,575.6172203000024,575.6299824000016,576.1154527000035,576.1154527000035,576.4141254999995,576.7132913999958,576.7132913999958,577.0651593000075,right,1,0.34745320001093205,None,,,,,01,001,2025-11-14_19h53.20.016,cueing_task_exp,,2025.1.1,59.7863713364382,2025-11-14 19h53.27.332117 +0530,
→,0.5,valid,right,322,2,32,right,1,0.5618047000025399,None,32,2,322,0,577.0800183999963,,,,,,,,,577.0656467999943,577.0800183999963,577.5646502000018,577.5646502000018,577.8651873000053,578.1655921000056,578.1655921000056,578.7312692999985,right,1,0.5618047000025399,None,,,,,01,001,2025-11-14_19h53.20.016,cueing_task_exp,,2025.1.1,59.7863713364382,2025-11-14 19h53.27.332117 +0530,
←,-0.5,valid,left,323,3,32,left,1,0.3782491000019945,None,32,3,323,6,578.746670499997,,,,,,,,,578.7336282000033,578.746670499997,579.2317937000043,579.2317937000043,579.531375999999,579.8315432999952,579.8315432999952,580.2147835000069,left,1,0.3782491000019945,None,,,,,01,001,2025-11-14_19h53.20.016,cueing_task_exp,,2025.1.1,59.7863713364382,2025-11-14 19h53.27.332117 +0530,
←,-0.5,valid,left,324,4,32,left,1,0.3226622999936808,None,32,4,324,4,580.2301380999997,,,,,,,,,580.2155246000038,580.2301380999997,580.7155881999934,580.7155881999934,581.0146882999979,581.3144972000009,581.3144972000009,581.6483964999934,left,1,0.3226622999936808,None,,,,,01,001,2025-11-14_19h53.20.016,cueing_task_exp,,2025.1.1,59.7863713364382,2025-11-14 19h53.27.332117 +0530,
→,0.5,valid,right,325,5,32,right,1,0.25501610001083463,None,32,5,325,3,581.6645451000077,,,,,,,,,581.6505794999975,581.6645451000077,582.1480346000026,582.1480346000026,582.4478878999944,582.748525300005,582.748525300005,583.0147436999978,right,1,0.25501610001083463,None,,,,,01,001,2025-11-14_19h53.20.016,cueing_task_exp,,2025.1.1,59.7863713364382,2025-11-14 19h53.27.332117 +0530,
→,0.5,valid,right,326,6,32,right,1,0.3403088999912143,None,32,6,326,2,583.0308084999997,,,,,,,,,583.0152074999933,583.0308084999997,583.5319351999933,583.5319351999933,583.8319682000001,584.1151730999991,584.1151730999991,584.4655755999993,right,1,0.3403088999912143,None,,,,,01,001,2025-11-14_19h53.20.016,cueing_task_exp,,2025.1.1,59.7863713364382,2025-11-14 19h53.27.332117 +0530,
→,-0.5,invalid,left,327,7,32,left,1,1.0992829000024358,None,32,7,327,8,584.4802229000052,,,,,,,,,584.4660595000023,584.4802229000052,584.9647728999989,584.9647728999989,585.2801025999943,585.5651355000009,585.5651355000009,586.665459900003,left,1,1.0992829000024358,None,,,,,01,001,2025-11-14_19h53.20.016,cueing_task_exp,,2025.1.1,59.7863713364382,2025-11-14 19h53.27.332117 +0530,
←,-0.5,valid,left,328,8,32,left,1,1.0253674999985378,None,32,8,328,5,586.6803583000001,,,,,,,,,586.6679320999974,586.6803583000001,587.1653462999966,587.1653462999966,587.4818932000053,587.7633601999987,587.7633601999987,588.7994801000023,left,1,1.0253674999985378,None,,,,,01,001,2025-11-14_19h53.20.016,cueing_task_exp,,2025.1.1,59.7863713364382,2025-11-14 19h53.27.332117 +0530,
←,-0.5,valid,left,329,9,32,left,1,0.44220199999108445,None,32,9,329,1,588.8143489000067,,,,,,,,,588.8001628000056,588.8143489000067,589.3150409999944,589.3150409999944,589.5986491999938,589.9152809999941,589.9152809999941,590.3655572999996,left,1,0.44220199999108445,None,,,,,01,001,2025-11-14_19h53.20.016,cueing_task_exp,,2025.1.1,59.7863713364382,2025-11-14 19h53.27.332117 +0530,
→,0.5,valid,right,330,0,33,right,1,0.8607783000043128,None,33,0,330,0,590.3810001999955,,,,,,,,,590.367963800003,590.3810001999955,590.8648261000053,590.8648261000053,591.1653308999958,591.4647673,591.4647673,592.3324743999983,right,1,0.8607783000043128,None,,,,,01,001,2025-11-14_19h53.20.016,cueing_task_exp,,2025.1.1,59.7863713364382,2025-11-14 19h53.27.332117 +0530,
←,-0.5,valid,left,331,1,33,left,1,0.48162459999730345,None,33,1,331,5,592.3473624000035,,,,,,,,,592.3351149999944,592.3473624000035,592.8487023000052,592.8487023000052,593.1321306000027,593.431370499995,593.431370499995,593.9152266000019,left,1,0.48162459999730345,None,,,,,01,001,2025-11-14_19h53.20.016,cueing_task_exp,,2025.1.1,59.7863713364382,2025-11-14 19h53.27.332117 +0530,
→,0.5,valid,right,332,2,33,right,1,0.5013764000032097,None,33,2,332,3,593.9310808000009,,,,,,,,,593.9178616999998,593.9310808000009,594.415144300001,594.415144300001,594.7319675000035,595.0153570999973,595.0153570999973,595.5316566999973,right,1,0.5013764000032097,None,,,,,01,001,2025-11-14_19h53.20.016,cueing_task_exp,,2025.1.1,59.7863713364382,2025-11-14 19h53.27.332117 +0530,
→,-0.5,invalid,left,333,3,33,left,1,1.6580810000014026,None,33,3,333,8,595.5479966999992,,,,,,,,,595.5322910999967,595.5479966999992,596.0491376999998,596.0491376999998,596.3321537000011,596.6318135000038,596.6318135000038,598.2995266000071,left,1,1.6580810000014026,None,,,,,01,001,2025-11-14_19h53.20.016,cueing_task_exp,,2025.1.1,59.7863713364382,2025-11-14 19h53.27.332117 +0530,
→,0.5,valid,right,334,4,33,right,1,0.3439193000085652,None,33,4,334,2,598.3138369999942,,,,,,,,,598.300058199995,598.3138369999942,598.8148232999956,598.8148232999956,599.1148073999939,599.4152235999936,599.4152235999936,599.7649860999954,right,1,0.3439193000085652,None,,,,,01,001,2025-11-14_19h53.20.016,cueing_task_exp,,2025.1.1,59.7863713364382,2025-11-14 19h53.27.332117 +0530,
←,-0.5,valid,left,335,5,33,left,1,0.4758177000039723,None,33,5,335,1,599.7803963000042,,,,,,,,,599.7673873000022,599.7803963000042,600.2655653999973,600.2655653999973,600.565110399999,600.8824126999971,600.8824126999971,601.3652226999984,left,1,0.4758177000039723,None,,,,,01,001,2025-11-14_19h53.20.016,cueing_task_exp,,2025.1.1,59.7863713364382,2025-11-14 19h53.27.332117 +0530,
←,-0.5,valid,left,336,6,33,left,1,0.5604325999884168,None,33,6,336,6,601.381936100006,,,,,,,,,601.3656828999956,601.381936100006,601.8657332000002,601.8657332000002,602.1822738000046,602.4654930999968,602.4654930999968,603.0326900999935,left,1,0.5604325999884168,None,,,,,01,001,2025-11-14_19h53.20.016,cueing_task_exp,,2025.1.1,59.7863713364382,2025-11-14 19h53.27.332117 +0530,
→,0.5,valid,right,337,7,33,right,1,0.326702699996531,None,33,7,337,7,603.0466856999992,,,,,,,,,603.0350709000049,603.0466856999992,603.5483978999982,603.5483978999982,603.8488748999953,604.1487832999992,604.1487832999992,604.4812399000075,right,1,0.326702699996531,None,,,,,01,001,2025-11-14_19h53.20.016,cueing_task_exp,,2025.1.1,59.7863713364382,2025-11-14 19h53.27.332117 +0530,
←,-0.5,valid,left,338,8,33,left,1,0.26724680000916123,None,33,8,338,4,604.4978056999971,,,,,,,,,604.483625199995,604.4978056999971,604.9822428000043,604.9822428000043,605.2813090999989,605.5822587000002,605.5822587000002,605.8646065000066,left,1,0.26724680000916123,None,,,,,01,001,2025-11-14_19h53.20.016,cueing_task_exp,,2025.1.1,59.7863713364382,2025-11-14 19h53.27.332117 +0530,
←,0.5,invalid,right,339,9,33,right,1,1.1191378999938024,None,33,9,339,9,605.8811294000043,,,,,,,,,605.8650557000074,605.8811294000043,606.3653424000076,606.3653424000076,606.6655436000001,606.9655499000073,606.9655499000073,608.0981058000034,right,1,1.1191378999938024,None,,,,,01,001,2025-11-14_19h53.20.016,cueing_task_exp,,2025.1.1,59.7863713364382,2025-11-14 19h53.27.332117 +0530,
→,0.5,valid,right,340,0,34,right,1,0.2917889000091236,None,34,0,340,7,608.1138424999954,,,,,,,,,608.1007834000047,608.1138424999954,608.5985115999938,608.5985115999938,608.8986907999933,609.1977831999975,609.1977831999975,609.4985700999969,right,1,0.2917889000091236,None,,,,,01,001,2025-11-14_19h53.20.016,cueing_task_exp,,2025.1.1,59.7863713364382,2025-11-14 19h53.27.332117 +0530,
→,0.5,valid,right,341,1,34,right,1,0.23876320000272244,None,34,1,341,2,609.5139773999981,,,,,,,,,609.4990191999968,609.5139773999981,609.9991307000018,609.9991307000018,610.2980793000024,610.6157186000055,610.6157186000055,610.8646863000031,right,1,0.23876320000272244,None,,,,,01,001,2025-11-14_19h53.20.016,cueing_task_exp,,2025.1.1,59.7863713364382,2025-11-14 19h53.27.332117 +0530,
→,0.5,valid,right,342,2,34,right,1,0.26016669999808073,None,34,2,342,0,610.8805561000045,,,,,,,,,610.8652015999978,610.8805561000045,611.3647242000006,611.3647242000006,611.665574300001,611.9654052999977,611.9654052999977,612.2330833000015,right,1,0.26016669999808073,None,,,,,01,001,2025-11-14_19h53.20.016,cueing_task_exp,,2025.1.1,59.7863713364382,2025-11-14 19h53.27.332117 +0530,
→,-0.5,invalid,left,343,3,34,left,1,0.5452363999938825,None,34,3,343,8,612.2474229000072,,,,,,,,,612.233843199996,612.2474229000072,612.7489750999957,612.7489750999957,613.032938999997,613.3480886000034,613.3480886000034,613.8981247000047,left,1,0.5452363999938825,None,,,,,01,001,2025-11-14_19h53.20.016,cueing_task_exp,,2025.1.1,59.7863713364382,2025-11-14 19h53.27.332117 +0530,
←,0.5,invalid,right,344,4,34,right,1,0.7977255000005243,None,34,4,344,9,613.9138507000025,,,,,,,,,613.9003871000023,613.9138507000025,614.3989101000043,614.3989101000043,614.6986013999995,614.9987249999976,614.9987249999976,615.7994993000029,right,1,0.7977255000005243,None,,,,,01,001,2025-11-14_19h53.20.016,cueing_task_exp,,2025.1.1,59.7863713364382,2025-11-14 19h53.27.332117 +0530,
→,0.5,valid,right,345,5,34,right,1,0.9091623999993317,None,34,5,345,3,615.8147175000049,,,,,,,,,615.8018506999942,615.8147175000049,616.2991024000075,616.2991024000075,616.599323500006,616.8986691000027,616.8986691000027,617.8161948000052,right,1,0.9091623999993317,None,,,,,01,001,2025-11-14_19h53.20.016,cueing_task_exp,,2025.1.1,59.7863713364382,2025-11-14 19h53.27.332117 +0530,
←,-0.5,valid,left,346,6,34,left,1,0.4976502000063192,None,34,6,346,1,617.8302747999987,,,,,,,,,617.8191545000009,617.8302747999987,618.3149154999992,618.3149154999992,618.6148133999959,618.9161739999981,618.9161739999981,619.4151152999984,left,1,0.4976502000063192,None,,,,,01,001,2025-11-14_19h53.20.016,cueing_task_exp,,2025.1.1,59.7863713364382,2025-11-14 19h53.27.332117 +0530,
←,-0.5,valid,left,347,7,34,left,1,0.7393663999973796,None,34,7,347,4,619.4310469000047,,,,,,,,,619.4156340000045,619.4310469000047,619.9157837999956,619.9157837999956,620.2147041999997,620.5157354999974,620.5157354999974,621.2651085999969,left,1,0.7393663999973796,None,,,,,01,001,2025-11-14_19h53.20.016,cueing_task_exp,,2025.1.1,59.7863713364382,2025-11-14 19h53.27.332117 +0530,
←,-0.5,valid,left,348,8,34,left,1,0.35847239999566227,None,34,8,348,5,621.2814459000074,,,,,,,,,621.2655677000002,621.2814459000074,621.7653484000039,621.7653484000039,622.0649169999961,622.3657603000029,622.3657603000029,622.7322278000065,left,1,0.35847239999566227,None,,,,,01,001,2025-11-14_19h53.20.016,cueing_task_exp,,2025.1.1,59.7863713364382,2025-11-14 19h53.27.332117 +0530,
←,-0.5,valid,left,349,9,34,left,1,0.5190448000066681,None,34,9,349,6,622.7482737999962,,,,,,,,,622.7328453999944,622.7482737999962,623.230945400006,623.230945400006,623.5322961000056,623.8317290999985,623.8317290999985,624.3659809999954,left,1,0.5190448000066681,None,,,,,01,001,2025-11-14_19h53.20.016,cueing_task_exp,,2025.1.1,59.7863713364382,2025-11-14 19h53.27.332117 +0530,
←,-0.5,valid,left,350,0,35,left,1,0.4246644000086235,None,35,0,350,6,624.3818195000058,,,,,,,,,624.3664370000042,624.3818195000058,624.8658241999947,624.8658241999947,625.1815575999935,625.4658259999997,625.4658259999997,625.8991744999948,left,1,0.4246644000086235,None,,,,,01,001,2025-11-14_19h53.20.016,cueing_task_exp,,2025.1.1,59.7863713364382,2025-11-14 19h53.27.332117 +0530,
←,-0.5,valid,left,351,1,35,left,1,0.3142653999966569,None,35,1,351,4,625.9150197999988,,,,,,,,,625.899746199997,625.9150197999988,626.3994131000072,626.3994131000072,626.6989593000035,627.0157910999988,627.0157910999988,627.3326614999969,left,1,0.3142653999966569,None,,,,,01,001,2025-11-14_19h53.20.016,cueing_task_exp,,2025.1.1,59.7863713364382,2025-11-14 19h53.27.332117 +0530,
←,-0.5,valid,left,352,2,35,left,1,0.27168050000909716,None,35,2,352,1,627.3475427999947,,,,,,,,,627.3332209000073,627.3475427999947,627.8320340000064,627.8320340000064,628.1327820000006,628.4325531000068,628.4325531000068,628.7153026000015,left,1,0.27168050000909716,None,,,,,01,001,2025-11-14_19h53.20.016,cueing_task_exp,,2025.1.1,59.7863713364382,2025-11-14 19h53.27.332117 +0530,
→,0.5,valid,right,353,3,35,right,1,0.36866200000804383,None,35,3,353,3,628.7331129999948,,,,,,,,,628.7184256000037,628.7331129999948,629.2160248,629.2160248,629.5144597000035,629.8144592000026,629.8144592000026,630.1991658000043,right,1,0.36866200000804383,None,,,,,01,001,2025-11-14_19h53.20.016,cueing_task_exp,,2025.1.1,59.7863713364382,2025-11-14 19h53.27.332117 +0530,
→,0.5,valid,right,354,4,35,right,1,0.3443358999938937,None,35,4,354,7,630.2157486000069,,,,,,,,,630.1996202000009,630.2157486000069,630.7159700000047,630.7159700000047,630.9990889000037,631.2994263,631.2994263,631.6485571999947,right,1,0.3443358999938937,None,,,,,01,001,2025-11-14_19h53.20.016,cueing_task_exp,,2025.1.1,59.7863713364382,2025-11-14 19h53.27.332117 +0530,
←,0.5,invalid,right,355,5,35,right,1,1.4342028999963077,None,35,5,355,9,631.6644613999961,,,,,,,,,631.6508515000023,631.6644613999961,632.1497762000072,632.1497762000072,632.449179400006,632.7492830999981,632.7492830999981,634.199163199999,right,1,1.4342028999963077,None,,,,,01,001,2025-11-14_19h53.20.016,cueing_task_exp,,2025.1.1,59.7863713364382,2025-11-14 19h53.27.332117 +0530,
→,-0.5,invalid,left,356,6,35,left,1,1.44492110000283,None,35,6,356,8,634.2152728999936,,,,,,,,,634.2013701999967,634.2152728999936,634.6995042000053,634.6995042000053,634.9990726999968,635.2984264999977,635.2984264999977,636.7495746000059,left,1,1.44492110000283,None,,,,,01,001,2025-11-14_19h53.20.016,cueing_task_exp,,2025.1.1,59.7863713364382,2025-11-14 19h53.27.332117 +0530,
←,-0.5,valid,left,357,7,35,left,1,0.6895357000030344,None,35,7,357,5,636.7654519000062,,,,,,,,,636.7520040999952,636.7654519000062,637.2645801000035,637.2645801000035,637.5490510999953,637.8497413000005,637.8497413000005,638.5500471999985,left,1,0.6895357000030344,None,,,,,01,001,2025-11-14_19h53.20.016,cueing_task_exp,,2025.1.1,59.7863713364382,2025-11-14 19h53.27.332117 +0530,
→,0.5,valid,right,358,8,35,right,1,0.46908320000511594,None,35,8,358,2,638.5634780999972,,,,,,,,,638.5536360999977,638.5634780999972,639.066098700001,639.066098700001,639.3656136000063,639.6497736000019,639.6497736000019,640.1319680000015,right,1,0.46908320000511594,None,,,,,01,001,2025-11-14_19h53.20.016,cueing_task_exp,,2025.1.1,59.7863713364382,2025-11-14 19h53.27.332117 +0530,
→,0.5,valid,right,359,9,35,right,1,0.4126972000085516,None,35,9,359,0,640.1494173999963,,,,,,,,,640.132489399999,640.1494173999963,640.6328972000047,640.6328972000047,640.9324768999941,641.2328607999953,641.2328607999953,641.6485160000011,right,1,0.4126972000085516,None,,,,,01,001,2025-11-14_19h53.20.016,cueing_task_exp,,2025.1.1,59.7863713364382,2025-11-14 19h53.27.332117 +0530,
←,-0.5,valid,left,360,0,36,left,1,0.2745645999966655,None,36,0,360,6,641.6648815999943,,,,,,,,,641.650781400007,641.6648815999943,642.1496948999993,642.1496948999993,642.4496130000043,642.7485315999947,642.7485315999947,643.0337361999991,left,1,0.2745645999966655,None,,,,,01,001,2025-11-14_19h53.20.016,cueing_task_exp,,2025.1.1,59.7863713364382,2025-11-14 19h53.27.332117 +0530,
→,-0.5,invalid,left,361,1,36,left,1,1.0624843999976292,None,36,1,361,8,643.0477762999944,,,,,,,,,643.0367326999985,643.0477762999944,643.5496676000039,643.5496676000039,643.849195799994,644.1327737999964,644.1327737999964,645.1992385000049,left,1,1.0624843999976292,None,,,,,01,001,2025-11-14_19h53.20.016,cueing_task_exp,,2025.1.1,59.7863713364382,2025-11-14 19h53.27.332117 +0530,
→,0.5,valid,right,362,2,36,right,1,0.46934959999634884,None,36,2,362,0,645.2151496000006,,,,,,,,,645.1997822999983,645.2151496000006,645.6991752000031,645.6991752000031,645.9984760999941,646.2995504999999,646.2995504999999,646.7826727000065,right,1,0.46934959999634884,None,,,,,01,001,2025-11-14_19h53.20.016,cueing_task_exp,,2025.1.1,59.7863713364382,2025-11-14 19h53.27.332117 +0530,
→,0.5,valid,right,363,3,36,right,1,0.4644354000047315,None,36,3,363,7,646.7996846000024,,,,,,,,,646.7831441000017,646.7996846000024,647.2993996000005,647.2993996000005,647.5813266000041,647.8836696000071,647.8836696000071,648.3493521000055,right,1,0.4644354000047315,None,,,,,01,001,2025-11-14_19h53.20.016,cueing_task_exp,,2025.1.1,59.7863713364382,2025-11-14 19h53.27.332117 +0530,
←,-0.5,valid,left,364,4,36,left,1,0.4232916000037221,None,36,4,364,5,648.3659116000053,,,,,,,,,648.3521998000069,648.3659116000053,648.8482211999944,648.8482211999944,649.1497746999958,649.449620600004,649.449620600004,649.8828481999954,left,1,0.4232916000037221,None,,,,,01,001,2025-11-14_19h53.20.016,cueing_task_exp,,2025.1.1,59.7863713364382,2025-11-14 19h53.27.332117 +0530,
←,-0.5,valid,left,365,5,36,left,1,0.3499357999971835,None,36,5,365,4,649.8999446999951,,,,,,,,,649.8832991999952,649.8999446999951,650.3812217999948,650.3812217999948,650.683125800002,650.9825364999997,650.9825364999997,651.3488919999945,left,1,0.3499357999971835,None,,,,,01,001,2025-11-14_19h53.20.016,cueing_task_exp,,2025.1.1,59.7863713364382,2025-11-14 19h53.27.332117 +0530,
→,0.5,valid,right,366,6,36,right,1,0.12489529998856597,None,36,6,366,3,651.3642426000006,,,,,,,,,651.351018100002,651.3642426000006,651.8496773999941,651.8496773999941,652.1497948000033,652.4500779999944,652.4500779999944,652.5821856999974,right,1,0.12489529998856597,None,,,,,01,001,2025-11-14_19h53.20.016,cueing_task_exp,,2025.1.1,59.7863713364382,2025-11-14 19h53.27.332117 +0530,
→,0.5,valid,right,367,7,36,right,1,0.35531390001415275,None,36,7,367,2,652.5990212000033,,,,,,,,,652.5827193000005,652.5990212000033,653.082516800001,653.082516800001,653.3826221000054,653.6826850999933,653.6826850999933,654.0505983000039,right,1,0.35531390001415275,None,,,,,01,001,2025-11-14_19h53.20.016,cueing_task_exp,,2025.1.1,59.7863713364382,2025-11-14 19h53.27.332117 +0530,
←,-0.5,valid,left,368,8,36,left,1,0.3296892999933334,None,36,8,368,1,654.0644777999987,,,,,,,,,654.0530139000039,654.0644777999987,654.5662559000048,654.5662559000048,654.848828400005,655.1497237000003,655.1497237000003,655.4819266999984,left,1,0.3296892999933334,None,,,,,01,001,2025-11-14_19h53.20.016,cueing_task_exp,,2025.1.1,59.7863713364382,2025-11-14 19h53.27.332117 +0530,
←,0.5,invalid,right,369,9,36,right,1,1.223356899994542,None,36,9,369,9,655.4986651999934,,,,,,,,,655.4824012000026,655.4986651999934,655.9827127000026,655.9827127000026,656.2828405000037,656.5813102999964,656.5813102999964,657.817031300001,right,1,1.223356899994542,None,,,,,01,001,2025-11-14_19h53.20.016,cueing_task_exp,,2025.1.1,59.7863713364382,2025-11-14 19h53.27.332117 +0530,
←,0.5,invalid,right,370,0,37,right,1,1.2655590000067605,None,37,0,370,9,657.8315204999963,,,,,,,,,657.8175804000057,657.8315204999963,658.331514599995,658.331514599995,658.6322283000045,658.9167758999974,658.9167758999974,660.1835137000016,right,1,1.2655590000067605,None,,,,,01,001,2025-11-14_19h53.20.016,cueing_task_exp,,2025.1.1,59.7863713364382,2025-11-14 19h53.27.332117 +0530,
←,-0.5,valid,left,371,1,37,left,1,0.590430699987337,None,37,1,371,5,660.1980286000035,,,,,,,,,660.1840457999933,660.1980286000035,660.683180699998,660.683180699998,660.9996749999991,661.2858838999964,661.2858838999964,661.882923600002,left,1,0.590430699987337,None,,,,,01,001,2025-11-14_19h53.20.016,cueing_task_exp,,2025.1.1,59.7863713364382,2025-11-14 19h53.27.332117 +0530,
→,0.5,valid,right,372,2,37,right,1,0.31726750000962056,None,37,2,372,3,661.8992866000044,,,,,,,,,661.8851060000015,661.8992866000044,662.3848844000022,662.3848844000022,662.6832557000016,662.9833067,662.9833067,663.3160439000058,right,1,0.31726750000962056,None,,,,,01,001,2025-11-14_19h53.20.016,cueing_task_exp,,2025.1.1,59.7863713364382,2025-11-14 19h53.27.332117 +0530,
→,0.5,valid,right,373,3,37,right,1,0.4251184999884572,None,37,3,373,0,663.3314886000007,,,,,,,,,663.3165341999993,663.3314886000007,663.8147457000014,663.8147457000014,664.1163101999991,664.415585900002,664.415585900002,664.8503441000066,right,1,0.4251184999884572,None,,,,,01,001,2025-11-14_19h53.20.016,cueing_task_exp,,2025.1.1,59.7863713364382,2025-11-14 19h53.27.332117 +0530,
→,0.5,valid,right,374,4,37,right,1,0.31155939999734983,None,37,4,374,2,664.8660023999983,,,,,,,,,664.8510231999971,664.8660023999983,665.365770000004,665.365770000004,665.6500019999949,665.9499160999985,665.9499160999985,666.2670725000062,right,1,0.31155939999734983,None,,,,,01,001,2025-11-14_19h53.20.016,cueing_task_exp,,2025.1.1,59.7863713364382,2025-11-14 19h53.27.332117 +0530,
→,-0.5,invalid,left,375,5,37,left,1,1.1070633999916026,None,37,5,375,8,666.2819445000059,,,,,,,,,666.2677471000061,666.2819445000059,666.7823452000011,666.7823452000011,667.0815640999936,667.3668612000038,667.3668612000038,668.4839117999945,left,1,1.1070633999916026,None,,,,,01,001,2025-11-14_19h53.20.016,cueing_task_exp,,2025.1.1,59.7863713364382,2025-11-14 19h53.27.332117 +0530,
←,-0.5,valid,left,376,6,37,left,1,0.6375062000006437,None,37,6,376,4,668.4985027000075,,,,,,,,,668.4867419000075,668.4985027000075,668.983172399996,668.983172399996,669.2821371000027,669.5830237000046,669.5830237000046,670.2329712000064,left,1,0.6375062000006437,None,,,,,01,001,2025-11-14_19h53.20.016,cueing_task_exp,,2025.1.1,59.7863713364382,2025-11-14 19h53.27.332117 +0530,
←,-0.5,valid,left,377,7,37,left,1,0.397537699987879,None,37,7,377,6,670.2489388999966,,,,,,,,,670.2334383999987,670.2489388999966,670.7334621000045,670.7334621000045,671.0329569000023,671.3332901999966,671.3332901999966,671.7339280000015,left,1,0.397537699987879,None,,,,,01,001,2025-11-14_19h53.20.016,cueing_task_exp,,2025.1.1,59.7863713364382,2025-11-14 19h53.27.332117 +0530,
←,-0.5,valid,left,378,8,37,left,1,0.5027534999971977,None,37,8,378,1,671.7488240999955,,,,,,,,,671.734449399999,671.7488240999955,672.2335289000039,672.2335289000039,672.5316587999987,672.8333916999982,672.8333916999982,673.3497723000037,left,1,0.5027534999971977,None,,,,,01,001,2025-11-14_19h53.20.016,cueing_task_exp,,2025.1.1,59.7863713364382,2025-11-14 19h53.27.332117 +0530,
→,0.5,valid,right,379,9,37,right,1,0.4313274000014644,None,37,9,379,7,673.3666331999993,,,,,,,,,673.3522820000071,673.3666331999993,673.8481884000066,673.8481884000066,674.1500483999989,674.4500053999946,674.4500053999946,674.8828566000011,right,1,0.4313274000014644,None,,,,,01,001,2025-11-14_19h53.20.016,cueing_task_exp,,2025.1.1,59.7863713364382,2025-11-14 19h53.27.332117 +0530,
←,-0.5,valid,left,380,0,38,left,1,0.4902959000028204,None,38,0,380,6,674.8984192000062,,,,,,,,,674.8849959999934,674.8984192000062,675.3821080000052,675.3821080000052,675.6832286999997,675.9829322000005,675.9829322000005,676.4831466000032,left,1,0.4902959000028204,None,,,,,01,001,2025-11-14_19h53.20.016,cueing_task_exp,,2025.1.1,59.7863713364382,2025-11-14 19h53.27.332117 +0530,
→,-0.5,invalid,left,381,1,38,left,1,0.9035901000024751,None,38,1,381,8,676.4983378000034,,,,,,,,,676.4853009000071,676.4983378000034,676.9830943999987,676.9830943999987,677.2835824000067,677.5814324999956,677.5814324999956,678.4993902999995,left,1,0.9035901000024751,None,,,,,01,001,2025-11-14_19h53.20.016,cueing_task_exp,,2025.1.1,59.7863713364382,2025-11-14 19h53.27.332117 +0530,
→,0.5,valid,right,382,2,38,right,1,1.561936300000525,None,38,2,382,2,678.5165108999936,,,,,,,,,678.4999326999969,678.5165108999936,679.0002146000043,679.0002146000043,679.3002397999953,679.6165788999933,679.6165788999933,681.1842218999955,right,1,1.561936300000525,None,,,,,01,001,2025-11-14_19h53.20.016,cueing_task_exp,,2025.1.1,59.7863713364382,2025-11-14 19h53.27.332117 +0530,
→,0.5,valid,right,383,3,38,right,1,0.7057293999969261,None,38,3,383,3,681.1984030000021,,,,,,,,,681.1850053999951,681.1984030000021,681.6994028000045,681.6994028000045,681.9993049000041,682.2837824000017,682.2837824000017,682.9999894000066,right,1,0.7057293999969261,None,,,,,01,001,2025-11-14_19h53.20.016,cueing_task_exp,,2025.1.1,59.7863713364382,2025-11-14 19h53.27.332117 +0530,
→,0.5,valid,right,384,4,38,right,1,0.8894624999957159,None,38,4,384,0,683.0148412999988,,,,,,,,,683.0004683000006,683.0148412999988,683.5002481999982,683.5002481999982,683.8002312000026,684.0998193999985,684.0998193999985,684.9999690999975,right,1,0.8894624999957159,None,,,,,01,001,2025-11-14_19h53.20.016,cueing_task_exp,,2025.1.1,59.7863713364382,2025-11-14 19h53.27.332117 +0530,
→,0.5,valid,right,385,5,38,right,1,0.32317659999534953,None,38,5,385,7,685.0152374000027,,,,,,,,,685.0004400000034,685.0152374000027,685.4984973999963,685.4984973999963,685.800059000001,686.1001374000043,686.1001374000043,686.4333014000003,right,1,0.32317659999534953,None,,,,,01,001,2025-11-14_19h53.20.016,cueing_task_exp,,2025.1.1,59.7863713364382,2025-11-14 19h53.27.332117 +0530,
←,-0.5,valid,left,386,6,38,left,1,0.3553078000113601,None,38,6,386,1,686.4500377999939,,,,,,,,,686.4355396000028,686.4500377999939,686.9339850999968,686.9339850999968,687.2333825999958,687.5328022000031,687.5328022000031,687.8996858000028,left,1,0.3553078000113601,None,,,,,01,001,2025-11-14_19h53.20.016,cueing_task_exp,,2025.1.1,59.7863713364382,2025-11-14 19h53.27.332117 +0530,
←,-0.5,valid,left,387,7,38,left,1,0.3880053000029875,None,38,7,387,5,687.9158393999969,,,,,,,,,687.900141200007,687.9158393999969,688.4006550000049,688.4006550000049,688.6992137000052,689.0000519000023,689.0000519000023,689.400243600001,left,1,0.3880053000029875,None,,,,,01,001,2025-11-14_19h53.20.016,cueing_task_exp,,2025.1.1,59.7863713364382,2025-11-14 19h53.27.332117 +0530,
←,0.5,invalid,right,388,8,38,right,1,0.7181433999940054,None,38,8,388,9,689.4156293999986,,,,,,,,,689.4007094999979,689.4156293999986,689.9004387000023,689.9004387000023,690.1996575999947,690.5002882999979,690.5002882999979,691.2328379999963,right,1,0.7181433999940054,None,,,,,01,001,2025-11-14_19h53.20.016,cueing_task_exp,,2025.1.1,59.7863713364382,2025-11-14 19h53.27.332117 +0530,
←,-0.5,valid,left,389,9,38,left,1,0.3354565000045113,None,38,9,389,4,691.2503288000007,,,,,,,,,691.2332911999983,691.2503288000007,691.7336953000049,691.7336953000049,692.0337533999991,692.3337865000067,692.3337865000067,692.6834018999944,left,1,0.3354565000045113,None,,,,,01,001,2025-11-14_19h53.20.016,cueing_task_exp,,2025.1.1,59.7863713364382,2025-11-14 19h53.27.332117 +0530,
→,0.5,valid,right,390,0,39,right,1,0.369306399996276,None,39,0,390,0,692.6987350999989,,,,,,,,,692.6855719000014,692.6987350999989,693.1819360999943,693.1819360999943,693.482617200003,693.7835001000058,693.7835001000058,694.1667311000056,right,1,0.369306399996276,None,,,,,01,001,2025-11-14_19h53.20.016,cueing_task_exp,,2025.1.1,59.7863713364382,2025-11-14 19h53.27.332117 +0530,
→,0.5,valid,right,391,1,39,right,1,0.4476241999946069,None,39,1,391,2,694.1838103000046,,,,,,,,,694.1674304000044,694.1838103000046,694.6671670000069,694.6671670000069,694.9670209000033,695.2671466000029,695.2671466000029,695.7170621999976,right,1,0.4476241999946069,None,,,,,01,001,2025-11-14_19h53.20.016,cueing_task_exp,,2025.1.1,59.7863713364382,2025-11-14 19h53.27.332117 +0530,
←,0.5,invalid,right,392,2,39,right,1,1.3604790999961551,None,39,2,392,9,695.7319871999935,,,,,,,,,695.7196005000005,695.7319871999935,696.2170662999997,696.2170662999997,696.533256900002,696.8175106999988,696.8175106999988,698.1826303999987,right,1,1.3604790999961551,None,,,,,01,001,2025-11-14_19h53.20.016,cueing_task_exp,,2025.1.1,59.7863713364382,2025-11-14 19h53.27.332117 +0530,
→,0.5,valid,right,393,3,39,right,1,0.8390645000035875,None,39,3,393,7,698.1985655000026,,,,,,,,,698.1850420999981,698.1985655000026,698.6832828000042,698.6832828000042,698.9839994000067,699.2838686000032,699.2838686000032,700.1334153000062,right,1,0.8390645000035875,None,,,,,01,001,2025-11-14_19h53.20.016,cueing_task_exp,,2025.1.1,59.7863713364382,2025-11-14 19h53.27.332117 +0530,
←,-0.5,valid,left,394,4,39,left,1,0.30622900000889786,None,39,4,394,4,700.1502289000055,,,,,,,,,700.1355394999991,700.1502289000055,700.6335970000073,700.6335970000073,700.9336382000038,701.2340128000069,701.2340128000069,701.549681000004,left,1,0.30622900000889786,None,,,,,01,001,2025-11-14_19h53.20.016,cueing_task_exp,,2025.1.1,59.7863713364382,2025-11-14 19h53.27.332117 +0530,
←,-0.5,valid,left,395,5,39,left,1,0.4515411999891512,None,39,5,395,1,701.5652947000053,,,,,,,,,701.5501402999944,701.5652947000053,702.0498802000075,702.0498802000075,702.3502555000014,702.6503774000012,702.6503774000012,703.1167954999983,left,1,0.4515411999891512,None,,,,,01,001,2025-11-14_19h53.20.016,cueing_task_exp,,2025.1.1,59.7863713364382,2025-11-14 19h53.27.332117 +0530,
→,-0.5,invalid,left,396,6,39,left,1,1.2453842000104487,None,39,6,396,8,703.1321711000055,,,,,,,,,703.1194636,703.1321711000055,703.6169850000006,703.6169850000006,703.9173480000027,704.2171821999946,704.2171821999946,705.4674203000031,left,1,1.2453842000104487,None,,,,,01,001,2025-11-14_19h53.20.016,cueing_task_exp,,2025.1.1,59.7863713364382,2025-11-14 19h53.27.332117 +0530,
←,-0.5,valid,left,397,7,39,left,1,0.5209028999961447,None,39,7,397,5,705.4817398000014,,,,,,,,,705.4707817000017,705.4817398000014,705.9820023000066,705.9820023000066,706.2823281000019,706.5824238000059,706.5824238000059,707.1161832999933,left,1,0.5209028999961447,None,,,,,01,001,2025-11-14_19h53.20.016,cueing_task_exp,,2025.1.1,59.7863713364382,2025-11-14 19h53.27.332117 +0530,
→,0.5,valid,right,398,8,39,right,1,0.785124400004861,None,39,8,398,3,707.1318319999991,,,,,,,,,707.1199194999936,707.1318319999991,707.6156177999947,707.6156177999947,707.9151270000002,708.2151408000063,708.2151408000063,709.0156952999969,right,1,0.785124400004861,None,,,,,01,001,2025-11-14_19h53.20.016,cueing_task_exp,,2025.1.1,59.7863713364382,2025-11-14 19h53.27.332117 +0530,
←,-0.5,valid,left,399,9,39,left,1,0.44412970000121277,None,39,9,399,6,709.0324690999987,,,,,,,,,709.0175530999986,709.0324690999987,709.5151213000063,709.5151213000063,709.8157812999998,710.115816000005,710.115816000005,710.5666499000072,left,1,0.44412970000121277,None,,,,,01,001,2025-11-14_19h53.20.016,cueing_task_exp,,2025.1.1,59.7863713364382,2025-11-14 19h53.27.332117 +0530,
,,,,,,,,,,,,,,,,,,,,,,,,,,,,,,,,,,,,710.566757499997,710.5825833999988,710.7826423999941,710.7655981999997,01,001,2025-11-14_19h53.20.016,cueing_task_exp,,2025.1.1,59.7863713364382,2025-11-14 19h53.27.332117 +0530,
