delay,freq,conditions,thisN,thisTrialN,thisRepN,key_resp.keys,key_resp.rt,key_resp.duration,textbox.text,button.numClicks,button.timesOn,button.timesOff,trials.thisRepN,trials.thisTrialN,trials.thisN,trials.thisIndex,thisRow.t,notes,trial.started,polygon.started,polygon_2.started,key_resp.started,polygon.stopped,trial.stopped,trials.key_resp.keys,trials.key_resp.rt,trials.key_resp.duration,beep.started,sound_1.started,sound_1.stopped,beep.stopped,response.started,text.started,textbox.started,button.started,response.stopped,trials.textbox.text,trials.button.numClicks,trials.button.timesOn,trials.button.timesOff,participant,session,date,expName,expVersion,psychopyVersion,frameRate,expStart,
0.4,400,unexp,0,0,0,space,0.4152337999548763,None,500,1,[4.42646759992931],[4.426494200015441],0,0,0,1,0.05437100003473461,,0.043122799950651824,0.05437100003473461,1.0005238000303507,1.0005238000303507,1.0675402999622747,1.572190299979411,space,0.4152337999548763,None,1.5729401999851689,1.9842353666356454,2.3183798999525607,2.2819933999562636,2.28358859999571,2.3183798999525607,2.3183798999525607,2.3183798999525607,6.745532499975525,500,1,[4.42646759992931],[4.426494200015441],01,001,2025-11-05_18h31.52.568,intentional_binding_exp,,2025.1.1,60.157938622099465,2025-11-05 18h32.02.820104 +0530,
0.7,1000,exp,1,1,0,space,0.7339837000472471,None,200,1,[2.789090200094506],[2.7890959000214934],0,1,1,5,6.752898599952459,,6.74580509995576,6.752898599952459,7.752180199953727,7.752180199953727,7.752180199953727,8.503072499996051,space,0.7339837000472471,None,8.504215199965984,9.202941166648332,9.514118999941275,9.498772899969481,9.499512100010179,9.514118999941275,9.514118999941275,9.514118999941275,12.303487199940719,200,1,[2.789090200094506],[2.7890959000214934],01,001,2025-11-05_18h31.52.568,intentional_binding_exp,,2025.1.1,60.157938622099465,2025-11-05 18h32.02.820104 +0530,
0.1,400,unexp,2,2,0,space,0.8124984999885783,None,400,1,[5.061089499969967],[5.061096799909137],0,2,2,0,12.31923080002889,,12.303693099995144,12.31923080002889,13.303144700010307,13.303144700010307,13.319763800012879,14.120104799978435,space,0.8124984999885783,None,14.121223199996166,14.219369366710696,14.54112269997131,14.522687299991958,14.523249899968505,14.54112269997131,14.54112269997131,14.54112269997131,19.602522099972703,400,1,[5.061089499969967],[5.061096799909137],01,001,2025-11-05_18h31.52.568,intentional_binding_exp,,2025.1.1,60.157938622099465,2025-11-05 18h32.02.820104 +0530,
0.1,1000,exp,3,3,0,space,0.43485750001855195,None,550,1,[6.998041299986653],[6.9980472000315785],0,3,3,6,19.618586299940944,,19.6027423000196,19.618586299940944,20.60259240004234,20.60259240004234,20.61956070002634,21.05315769999288,space,0.43485750001855195,None,21.05401459999848,21.16923786671056,21.487211099942215,21.47038529999554,21.47101159999147,21.487211099942215,21.487211099942215,21.487211099942215,28.48555209999904,550,1,[6.998041299986653],[6.9980472000315785],01,001,2025-11-05_18h31.52.568,intentional_binding_exp,,2025.1.1,60.157938622099465,2025-11-05 18h32.02.820104 +0530,
0.4,1000,exp,4,4,0,space,0.3233132999157533,None,150,1,[6.722118300036527],[6.722126599983312],0,4,4,7,28.501097799977288,,28.485755800036713,28.501097799977288,29.485345499939285,29.485345499939285,29.501368499943055,29.819282799959183,space,0.3233132999157533,None,29.820005999994464,30.218917166643465,30.52994239993859,30.514937600004487,30.51551419997122,30.52994239993859,30.52994239993859,30.52994239993859,37.25237649993505,150,1,[6.722118300036527],[6.722126599983312],01,001,2025-11-05_18h31.52.568,intentional_binding_exp,,2025.1.1,60.157938622099465,2025-11-05 18h32.02.820104 +0530,
0.1,400,unexp,5,5,0,space,0.43777409999165684,None,500,1,[10.704637299990281],[10.70464410004206],0,5,5,3,37.26810989994556,,37.25259299995378,37.26810989994556,38.251777500030585,38.251777500030585,38.26815080002416,38.70198909996543,space,0.43777409999165684,None,38.702503200038336,38.80150436662758,39.11497310001869,39.102197399945,39.10258750000503,39.11497310001869,39.11497310001869,39.11497310001869,49.81989040004555,500,1,[10.704637299990281],[10.70464410004206],01,001,2025-11-05_18h31.52.568,intentional_binding_exp,,2025.1.1,60.157938622099465,2025-11-05 18h32.02.820104 +0530,
0.7,400,unexp,6,6,0,space,0.5394000000087544,None,450,1,[7.083151399972849],[7.0831574000185356],0,6,6,2,49.836175499949604,,49.82010380004067,49.836175499949604,50.819333799998276,50.819333799998276,50.837241300032474,51.370498699950986,space,0.5394000000087544,None,51.371222499990836,52.07041796663931,52.38347779994365,52.36437940003816,52.36491649993695,52.38347779994365,52.38347779994365,52.38347779994365,59.466944199986756,450,1,[7.083151399972849],[7.0831574000185356],01,001,2025-11-05_18h31.52.568,intentional_binding_exp,,2025.1.1,60.157938622099465,2025-11-05 18h32.02.820104 +0530,
0.4,1000,exp,7,7,0,space,0.2920965999364853,None,200,1,[3.4953525000019],[3.4953586999326944],0,7,7,13,59.481721599935554,,59.46716400003061,59.481721599935554,60.48217269999441,60.48217269999441,60.48217269999441,60.783934699953534,space,0.2920965999364853,None,60.784826099989004,61.19932816661118,61.51356059999671,61.495507000014186,61.496124999946915,61.51356059999671,61.51356059999671,61.51356059999671,65.00929730001371,200,1,[3.4953525000019],[3.4953586999326944],01,001,2025-11-05_18h31.52.568,intentional_binding_exp,,2025.1.1,60.157938622099465,2025-11-05 18h32.02.820104 +0530,
0.7,1000,exp,8,8,0,space,0.5095130000263453,None,250,1,[4.1545187999727204],[4.154524699901231],0,8,8,14,65.02561350003816,,65.00950599997304,65.02561350003816,66.01009520003572,66.01009520003572,66.02623970003333,66.52724700002,space,0.5095130000263453,None,66.52805209998041,67.22640236671238,67.54363219998777,67.52551319997292,67.52606599999126,67.54363219998777,67.54363219998777,67.54363219998777,71.69846730004065,250,1,[4.1545187999727204],[4.154524699901231],01,001,2025-11-05_18h31.52.568,intentional_binding_exp,,2025.1.1,60.157938622099465,2025-11-05 18h32.02.820104 +0530,
0.7,1000,exp,9,9,0,space,0.6554740000283346,None,100,1,[3.0008866999996826],[3.0008989000925794],0,9,9,8,71.71402109996416,,71.69867249997333,71.71402109996416,72.71454650000669,72.71454650000669,72.71454650000669,73.38117349997628,space,0.6554740000283346,None,73.38229959993623,74.08054606669272,74.39342229999602,74.37476010003593,74.37532480002847,74.39342229999602,74.39342229999602,74.39342229999602,77.39466550003272,100,1,[3.0008866999996826],[3.0008989000925794],01,001,2025-11-05_18h31.52.568,intentional_binding_exp,,2025.1.1,60.157938622099465,2025-11-05 18h32.02.820104 +0530,
0.7,1000,exp,10,10,0,space,0.48127760004717857,None,330,1,[4.442511599976569],[4.442517600022256],0,10,10,11,77.41052559996024,,77.39487209997606,77.41052559996024,78.40995500003919,78.40995500003919,78.40995500003919,78.8940979000181,space,0.48127760004717857,None,78.89490219997242,79.59445296664877,79.91420749993995,79.89700939995237,79.89763240003958,79.91420749993995,79.91420749993995,79.91420749993995,84.35701219993643,330,1,[4.442511599976569],[4.442517600022256],01,001,2025-11-05_18h31.52.568,intentional_binding_exp,,2025.1.1,60.157938622099465,2025-11-05 18h32.02.820104 +0530,
0.1,1000,exp,11,11,0,space,0.2320686000166461,None,150,1,[3.570499600027688],[3.5705212000757456],0,11,11,15,84.37221269996371,,84.35722130001523,84.37221269996371,85.35652999999002,85.35652999999002,85.37256469996646,85.59002220002003,space,0.2320686000166461,None,85.5909616999561,85.68971146661012,86.00375459995121,85.98723510000855,85.98796549998224,86.00375459995121,86.00375459995121,86.00375459995121,89.5748613999458,150,1,[3.570499600027688],[3.5705212000757456],01,001,2025-11-05_18h31.52.568,intentional_binding_exp,,2025.1.1,60.157938622099465,2025-11-05 18h32.02.820104 +0530,
0.4,1000,exp,12,12,0,space,0.39469570002984256,None,140,1,[3.008765000035055],[3.0087707000784576],0,12,12,4,89.58922790002543,,89.57527659996413,89.58922790002543,90.58985220000613,90.58985220000613,90.58985220000613,90.99095969996415,space,0.39469570002984256,None,90.9922399999341,91.39008436660903,91.70247290004045,91.68481480004266,91.68535299994983,91.70247290004045,91.70247290004045,91.70247290004045,94.71168109995779,140,1,[3.008765000035055],[3.0087707000784576],01,001,2025-11-05_18h31.52.568,intentional_binding_exp,,2025.1.1,60.157938622099465,2025-11-05 18h32.02.820104 +0530,
0.1,1000,exp,13,13,0,space,1.8402553000487387,None,200,1,[3.2674671000568196],[3.267474199994467],0,13,13,9,94.72580230003223,,94.71188069996424,94.72580230003223,95.7266682999907,95.7266682999907,95.7266682999907,97.57801569998264,space,1.8402553000487387,None,97.5792682999745,97.6933336666009,98.01363900001161,97.99697450001258,97.99753309995867,98.01363900001161,98.01363900001161,98.01363900001161,101.28142420004588,200,1,[3.2674671000568196],[3.267474199994467],01,001,2025-11-05_18h31.52.568,intentional_binding_exp,,2025.1.1,60.157938622099465,2025-11-05 18h32.02.820104 +0530,
0.4,1000,exp,14,14,0,space,0.4527859999798238,None,180,1,[5.261865600012243],[5.261877199984156],0,14,14,10,101.29882000002544,,101.28165060002357,101.29882000002544,102.28253229998518,102.28253229998518,102.29873929999303,102.74926549999509,space,0.4527859999798238,None,102.7502118999837,103.14892246661863,103.4650633999845,103.44795910001267,103.44857030001003,103.4650633999845,103.4650633999845,103.4650633999845,108.72744439996313,180,1,[5.261865600012243],[5.261877199984156],01,001,2025-11-05_18h31.52.568,intentional_binding_exp,,2025.1.1,60.157938622099465,2025-11-05 18h32.02.820104 +0530,
0.1,1000,exp,15,15,0,space,0.13983380002900958,None,100,1,[3.924415900022723],[3.924430700019002],0,15,15,12,108.74244539998472,,108.72778900002595,108.74244539998472,109.74250329995994,109.74250329995994,109.74250329995994,109.89359059999697,space,0.13983380002900958,None,109.89483120001387,110.00913266669183,110.32314580003731,110.3048341999529,110.30546790000517,110.32314580003731,110.32314580003731,110.32314580003731,114.24801949993707,100,1,[3.924415900022723],[3.924430700019002],01,001,2025-11-05_18h31.52.568,intentional_binding_exp,,2025.1.1,60.157938622099465,2025-11-05 18h32.02.820104 +0530,
0.4,1000,exp,16,0,1,space,0.2656166000524536,None,400,1,[7.33434549998492],[7.3343538999324664],1,0,16,10,114.26372829999309,,114.24823989998549,114.26372829999309,115.2478830999462,115.2478830999462,115.26479559997097,115.51544139999896,space,0.2656166000524536,None,115.51624859997537,115.93136956665354,116.24568069993984,116.2270338999806,116.22783320001327,116.24568069993984,116.24568069993984,116.24568069993984,123.58037879993208,400,1,[7.33434549998492],[7.3343538999324664],01,001,2025-11-05_18h31.52.568,intentional_binding_exp,,2025.1.1,60.157938622099465,2025-11-05 18h32.02.820104 +0530,
0.1,400,unexp,17,1,1,space,0.3397157998988405,None,560,1,[9.80847370007541],[9.808483300032094],1,1,17,3,123.59692090004683,,123.58065839996561,123.59692090004683,124.58142319996841,124.58142319996841,124.59746319998521,124.93111330003012,space,0.3397157998988405,None,124.9320432000095,125.03104976663987,125.34611209994182,125.32833049993496,125.32894709997345,125.34611209994182,125.34611209994182,125.34611209994182,135.155046400032,560,1,[9.80847370007541],[9.808483300032094],01,001,2025-11-05_18h31.52.568,intentional_binding_exp,,2025.1.1,60.157938622099465,2025-11-05 18h32.02.820104 +0530,
0.7,1000,exp,18,2,1,space,0.43153940001502633,None,400,1,[4.437785199959762],[4.437803899985738],1,2,18,11,135.1690905999858,,135.15536770003382,135.1690905999858,136.1694056999404,136.1694056999404,136.1694056999404,136.60467000002973,space,0.43153940001502633,None,136.6054441999877,137.32012216659885,137.63560060004238,137.61839379998855,137.61908999993466,137.63560060004238,137.63560060004238,137.63560060004238,142.07373249996454,400,1,[4.437785199959762],[4.437803899985738],01,001,2025-11-05_18h31.52.568,intentional_binding_exp,,2025.1.1,60.157938622099465,2025-11-05 18h32.02.820104 +0530,
0.7,1000,exp,19,3,1,space,0.6234741999069229,None,600,1,[8.207434799987823],[8.20744739996735],1,3,19,14,142.08926879998762,,142.07394639996346,142.08926879998762,143.07339769997634,143.07339769997634,143.0897954000393,143.70746790000703,space,0.6234741999069229,None,143.7084112999728,144.40757926664472,144.72626939998008,144.7096629999578,144.71030949999113,144.72626939998008,144.72626939998008,144.72626939998008,152.93406480003614,600,1,[8.207434799987823],[8.20744739996735],01,001,2025-11-05_18h31.52.568,intentional_binding_exp,,2025.1.1,60.157938622099465,2025-11-05 18h32.02.820104 +0530,
0.7,1000,exp,20,4,1,space,0.2622337000211701,None,200,1,[2.653530800016597],[2.6535389999626204],1,4,20,8,152.94954770000186,,152.93426789995283,152.94954770000186,153.9330286999466,153.9330286999466,153.94995060004294,154.2001323000295,space,0.2622337000211701,None,154.20087089994922,154.8992677666868,155.21382109995466,155.1994184999494,155.1997978000436,155.21382109995466,155.21382109995466,155.21382109995466,157.86768160003703,200,1,[2.653530800016597],[2.6535389999626204],01,001,2025-11-05_18h31.52.568,intentional_binding_exp,,2025.1.1,60.157938622099465,2025-11-05 18h32.02.820104 +0530,
0.1,1000,exp,21,5,1,space,0.2764822000171989,None,150,1,[2.657438400085084],[2.657444900018163],1,5,21,9,157.8829240000341,,157.86794469994493,157.8829240000341,158.86663239996415,158.86663239996415,158.88332180003636,159.15092789998744,space,0.2764822000171989,None,159.1516857999377,159.26648546668392,159.58583959995303,159.56834550003987,159.56888489995617,159.58583959995303,159.58583959995303,159.58583959995303,162.24361220002174,150,1,[2.657438400085084],[2.657444900018163],01,001,2025-11-05_18h31.52.568,intentional_binding_exp,,2025.1.1,60.157938622099465,2025-11-05 18h32.02.820104 +0530,
0.1,400,unexp,22,6,1,space,0.2902807999635115,None,650,1,[2.4352532000048086],[2.4352657000999898],1,6,22,0,162.25929830002133,,162.243826800026,162.25929830002133,163.2429025999736,163.2429025999736,163.26004359999206,163.5441581000341,space,0.2902807999635115,None,163.54476580000482,163.66040836665005,163.97774170001503,163.96287419996224,163.96344389999285,163.97774170001503,163.97774170001503,163.97774170001503,166.41345039999578,650,1,[2.4352532000048086],[2.4352657000999898],01,001,2025-11-05_18h31.52.568,intentional_binding_exp,,2025.1.1,60.157938622099465,2025-11-05 18h32.02.820104 +0530,
0.7,400,unexp,23,7,1,space,0.3252257000422105,None,750,1,[2.6217122999951243],[2.621724499971606],1,7,23,2,166.42915520002134,,166.4136514000129,166.42915520002134,167.41349359997548,167.41349359997548,167.42979129997548,167.74811549996957,space,0.3252257000422105,None,167.7489104999695,168.46367206663516,168.78174310002942,168.7636406000238,168.76418990001548,168.78174310002942,168.78174310002942,168.78174310002942,171.40392489999067,750,1,[2.6217122999951243],[2.621724499971606],01,001,2025-11-05_18h31.52.568,intentional_binding_exp,,2025.1.1,60.157938622099465,2025-11-05 18h32.02.820104 +0530,
0.7,1000,exp,24,8,1,space,0.69083569990471,None,250,1,[3.41854969994165],[3.418556999997236],1,8,24,5,171.41895670001395,,171.4041990999831,171.41895670001395,172.40313999995124,172.40313999995124,172.41991429997142,173.10407380003016,space,0.69083569990471,None,173.10492780001368,173.80317406665225,174.12207449995913,174.10407590004615,174.10462739993818,174.12207449995913,174.12207449995913,174.12207449995913,177.5409279000014,250,1,[3.41854969994165],[3.418556999997236],01,001,2025-11-05_18h31.52.568,intentional_binding_exp,,2025.1.1,60.157938622099465,2025-11-05 18h32.02.820104 +0530,
0.1,1000,exp,25,9,1,space,0.7787849999731407,None,200,1,[3.039081599912606],[3.039087599958293],1,9,25,12,177.55726150004193,,177.54113699996378,177.55726150004193,178.54110939998645,178.54110939998645,178.55767609993927,179.32558840001002,space,0.7787849999731407,None,179.3263998000184,179.42476096662384,179.73790069995448,179.72149839997292,179.72211830003653,179.73790069995448,179.73790069995448,179.73790069995448,182.7773294999497,200,1,[3.039081599912606],[3.039087599958293],01,001,2025-11-05_18h31.52.568,intentional_binding_exp,,2025.1.1,60.157938622099465,2025-11-05 18h32.02.820104 +0530,
0.4,1000,exp,26,10,1,space,0.28919839998707175,None,100,1,[1.7697954999748617],[1.7698015000205487],1,10,26,7,182.79275419993792,,182.77753279998433,182.79275419993792,183.7934478999814,183.7934478999814,183.7934478999814,184.0945111999754,space,0.28919839998707175,None,184.09518519998528,184.51005436660878,184.8273814000422,184.8126013999572,184.8130903999554,184.8273814000422,184.8273814000422,184.8273814000422,186.597482400015,100,1,[1.7697954999748617],[1.7698015000205487],01,001,2025-11-05_18h31.52.568,intentional_binding_exp,,2025.1.1,60.157938622099465,2025-11-05 18h32.02.820104 +0530,
0.1,1000,exp,27,11,1,space,0.5342785000102594,None,100,1,[1.7203436000272632],[1.7203496999572963],1,11,27,6,186.6126853999449,,186.59769069997128,186.6126853999449,187.6135959000094,187.6135959000094,187.6135959000094,188.1637501999503,space,0.5342785000102594,None,188.16447019996122,188.26348966668982,188.5758297999855,188.560358799994,188.560848299996,188.5758297999855,188.5758297999855,188.5758297999855,190.29647980001755,100,1,[1.7203436000272632],[1.7203496999572963],01,001,2025-11-05_18h31.52.568,intentional_binding_exp,,2025.1.1,60.157938622099465,2025-11-05 18h32.02.820104 +0530,
0.4,1000,exp,28,12,1,space,0.4393469999777153,None,210,1,[4.171631500008516],[4.171637199935503],1,12,28,13,190.31268930004444,,190.29670179996174,190.31268930004444,191.29659879999235,191.29659879999235,191.31297289999202,191.7467966999393,space,0.4393469999777153,None,191.74754140002187,192.14719446661573,192.4639059000183,192.4407752000261,192.4414764000103,192.4639059000183,192.4639059000183,192.4639059000183,196.63583759998437,210,1,[4.171631500008516],[4.171637199935503],01,001,2025-11-05_18h31.52.568,intentional_binding_exp,,2025.1.1,60.157938622099465,2025-11-05 18h32.02.820104 +0530,
0.4,400,unexp,29,13,1,space,0.3576777999987826,None,450,1,[5.220588100026362],[5.2205976999830455],1,13,29,1,196.6514787999913,,196.6360514999833,196.6514787999913,197.6353835000191,197.6353835000191,197.6514209000161,198.00355319993105,space,0.3576777999987826,None,198.00427140004467,198.41848946659982,198.73185480001848,198.71781399997417,198.71839930000715,198.73185480001848,198.73185480001848,198.73185480001848,203.9527342999354,450,1,[5.220588100026362],[5.2205976999830455],01,001,2025-11-05_18h31.52.568,intentional_binding_exp,,2025.1.1,60.157938622099465,2025-11-05 18h32.02.820104 +0530,
0.1,1000,exp,30,14,1,space,0.30402250005863607,None,170,1,[3.8528364000376314],[3.852842399966903],1,14,30,15,203.96845109993592,,203.95293589995708,203.96845109993592,204.9520491999574,204.9520491999574,204.9690795999486,205.26990890002344,space,0.30402250005863607,None,205.27071169996634,205.36945406668045,205.68331290001515,205.6655634000199,205.66611530003138,205.68331290001515,205.68331290001515,205.68331290001515,209.53651110001374,170,1,[3.8528364000376314],[3.852842399966903],01,001,2025-11-05_18h31.52.568,intentional_binding_exp,,2025.1.1,60.157938622099465,2025-11-05 18h32.02.820104 +0530,
0.4,1000,exp,31,15,1,space,0.4684403999708593,None,400,1,[5.530526999966241],[5.530532900011167],1,15,31,4,209.55216189997736,,209.5367957999697,209.55216189997736,210.53619210002944,210.53619210002944,210.55271129996981,211.0199477999704,space,0.4684403999708593,None,211.02099759993143,211.41954946663853,211.7327862000093,211.7153844999848,211.71634659997653,211.7327862000093,211.7327862000093,211.7327862000093,217.26362320000771,400,1,[5.530526999966241],[5.530532900011167],01,001,2025-11-05_18h31.52.568,intentional_binding_exp,,2025.1.1,60.157938622099465,2025-11-05 18h32.02.820104 +0530,
0.1,400,unexp,32,0,2,space,0.25858649995643646,None,500,1,[6.972449900000356],[6.972462499979883],2,0,32,0,217.27886800002307,,217.26383860001806,217.27886800002307,218.26303959998768,218.26303959998768,218.27997379994486,218.52966460003518,space,0.25858649995643646,None,218.5306044999743,218.62968096667126,218.94201390002854,218.9263111000182,218.92697999998927,218.94201390002854,218.94201390002854,218.94201390002854,225.9148833999643,500,1,[6.972449900000356],[6.972462499979883],01,001,2025-11-05_18h31.52.568,intentional_binding_exp,,2025.1.1,60.157938622099465,2025-11-05 18h32.02.820104 +0530,
0.4,1000,exp,33,1,2,space,0.2786283000605181,None,350,1,[4.487450600019656],[4.487456399947405],2,1,33,13,225.93026309995912,,225.91508930001874,225.93026309995912,226.93006689997856,226.93006689997856,226.93006689997856,227.21426139993127,space,0.2786283000605181,None,227.21490310004447,227.61351816665072,227.92781240004115,227.91001440002583,227.910590399988,227.92781240004115,227.92781240004115,227.92781240004115,232.41560609999578,350,1,[4.487450600019656],[4.487456399947405],01,001,2025-11-05_18h31.52.568,intentional_binding_exp,,2025.1.1,60.157938622099465,2025-11-05 18h32.02.820104 +0530,
0.1,1000,exp,34,2,2,space,0.270954699954018,None,200,1,[3.5201206000056118],[3.520133199985139],2,2,34,15,232.43125449994113,,232.41582939994987,232.43125449994113,233.41512629995123,233.41512629995123,233.43150369997602,233.69859219994396,space,0.270954699954018,None,233.69967320002615,233.7989494666147,234.1121725999983,234.09464319993276,234.09547479997855,234.1121725999983,234.1121725999983,234.1121725999983,237.63277070003096,200,1,[3.5201206000056118],[3.520133199985139],01,001,2025-11-05_18h31.52.568,intentional_binding_exp,,2025.1.1,60.157938622099465,2025-11-05 18h32.02.820104 +0530,
0.7,1000,exp,35,3,2,space,0.8412495000520721,None,190,1,[4.509566600085236],[4.509588800021447],2,3,35,11,237.6483846999472,,237.63299089996144,237.6483846999472,238.63268529996276,238.63268529996276,238.649199699983,239.48336099996231,space,0.8412495000520721,None,239.48442709993105,240.18266066670574,240.49460540001746,240.47513629996683,240.47568429994863,240.49460540001746,240.49460540001746,240.49460540001746,245.00488529994618,190,1,[4.509566600085236],[4.509588800021447],01,001,2025-11-05_18h31.52.568,intentional_binding_exp,,2025.1.1,60.157938622099465,2025-11-05 18h32.02.820104 +0530,
0.4,400,unexp,36,4,2,space,0.8289597999537364,None,560,1,[9.732657200074755],[9.7326669000322],2,4,36,1,245.0202416999964,,245.00519169995096,245.0202416999964,246.00360209995415,246.00360209995415,246.02045780001208,246.83799499995075,space,0.8289597999537364,None,246.8388817999512,247.2373399666433,247.55556110001635,247.53874989994802,247.53932500001974,247.55556110001635,247.55556110001635,247.55556110001635,257.2886379000265,560,1,[9.732657200074755],[9.7326669000322],01,001,2025-11-05_18h31.52.568,intentional_binding_exp,,2025.1.1,60.157938622099465,2025-11-05 18h32.02.820104 +0530,
0.4,1000,exp,37,5,2,space,0.34215459995903075,None,180,1,[7.631619799998589],[7.6316275000572205],2,5,37,10,257.303852400044,,257.2889384999871,257.303852400044,258.3038400999503,258.3038400999503,258.3038400999503,258.6557128999848,space,0.34215459995903075,None,258.656913899933,259.07109416666594,259.3880511999596,259.37058550002985,259.3711545999395,259.3880511999596,259.3880511999596,259.3880511999596,267.0199951999821,180,1,[7.631619799998589],[7.6316275000572205],01,001,2025-11-05_18h31.52.568,intentional_binding_exp,,2025.1.1,60.157938622099465,2025-11-05 18h32.02.820104 +0530,
0.7,1000,exp,38,6,2,space,0.26447849988471717,None,380,1,[5.300173399969935],[5.300187700078823],2,6,38,14,267.0356053999858,,267.02019970002584,267.0356053999858,268.0192269999534,268.0192269999534,268.03633130004164,268.28724480001256,space,0.26447849988471717,None,268.2881476000184,269.0032112666561,269.3164155000122,269.2989807999693,269.2995997000253,269.3164155000122,269.3164155000122,269.3164155000122,274.61700550001115,380,1,[5.300173399969935],[5.300187700078823],01,001,2025-11-05_18h31.52.568,intentional_binding_exp,,2025.1.1,60.157938622099465,2025-11-05 18h32.02.820104 +0530,
0.1,400,unexp,39,7,2,space,0.4225352000212297,None,650,1,[6.81990240002051],[6.819908899953589],2,7,39,3,274.6325045999838,,274.6172741999617,274.6325045999838,275.61557729996275,275.61557729996275,275.63253890001215,276.0505511999363,space,0.4225352000212297,None,276.05160619993694,276.1497701666706,276.46486509998795,276.44969309994485,276.45025739993434,276.46486509998795,276.46486509998795,276.46486509998795,283.2850822999608,650,1,[6.81990240002051],[6.819908899953589],01,001,2025-11-05_18h31.52.568,intentional_binding_exp,,2025.1.1,60.157938622099465,2025-11-05 18h32.02.820104 +0530,
0.1,1000,exp,40,8,2,space,0.28808159998152405,None,250,1,[2.8353719000006095],[2.8353777000447735],2,8,40,9,283.30015090003144,,283.2853271999629,283.30015090003144,284.30145949998405,284.30145949998405,284.30145949998405,284.60158539994154,space,0.28808159998152405,None,284.6025800999487,284.7013911666038,285.01647140004206,285.00202779995743,285.00260549993254,285.01647140004206,285.01647140004206,285.01647140004206,287.85213959997054,250,1,[2.8353719000006095],[2.8353777000447735],01,001,2025-11-05_18h31.52.568,intentional_binding_exp,,2025.1.1,60.157938622099465,2025-11-05 18h32.02.820104 +0530,
0.1,1000,exp,41,9,2,space,0.23917199997231364,None,600,1,[4.357457800069824],[4.35746960004326],2,9,41,12,287.8677591000451,,287.85236030002125,287.8677591000451,288.85156830004416,288.85156830004416,288.86881469993386,289.1023668999551,space,0.23917199997231364,None,289.1033395000268,289.20204616670185,289.5228250999935,289.5020757999737,289.5027633999707,289.5228250999935,289.5228250999935,289.5228250999935,293.8807618999854,600,1,[4.357457800069824],[4.35746960004326],01,001,2025-11-05_18h31.52.568,intentional_binding_exp,,2025.1.1,60.157938622099465,2025-11-05 18h32.02.820104 +0530,
0.1,1000,exp,42,10,2,space,0.24883769999723881,None,200,1,[2.4185321000404656],[2.4185442000161856],2,10,42,6,293.895892099943,,293.8811013000086,293.895892099943,294.8797173999483,294.8797173999483,294.8965632999316,295.1303353999974,space,0.24883769999723881,None,295.1311255999608,295.2296370666629,295.5538550999481,295.5305043000262,295.5312503000023,295.5538550999481,295.5538550999481,295.5538550999481,297.97280670003965,200,1,[2.4185321000404656],[2.4185442000161856],01,001,2025-11-05_18h31.52.568,intentional_binding_exp,,2025.1.1,60.157938622099465,2025-11-05 18h32.02.820104 +0530,
0.4,1000,exp,43,11,2,space,0.8213422000408173,None,390,1,[8.051378400065005],[8.0513845999958],2,11,43,4,297.98759209993295,,297.97300520003773,297.98759209993295,298.9729113000212,298.9729113000212,298.98897990002297,299.8057586000068,space,0.8213422000408173,None,299.8065050999867,300.208484866602,300.5277335999999,300.5096848999383,300.51020869996864,300.5277335999999,300.5277335999999,300.5277335999999,308.5794756000396,390,1,[8.051378400065005],[8.0513845999958],01,001,2025-11-05_18h31.52.568,intentional_binding_exp,,2025.1.1,60.157938622099465,2025-11-05 18h32.02.820104 +0530,
0.7,400,unexp,44,12,2,space,0.6512151000788435,None,700,1,[3.7792353000259027],[3.7792415000731125],2,12,44,2,308.59460680000484,,308.5797432999825,308.59460680000484,309.5951832999708,309.5951832999708,309.5951832999708,310.26203139999416,space,0.6512151000788435,None,310.2627461999655,310.9615484666467,311.281970800017,311.26386730000377,311.26442030002363,311.281970800017,311.281970800017,311.281970800017,315.0615070000058,700,1,[3.7792353000259027],[3.7792415000731125],01,001,2025-11-05_18h31.52.568,intentional_binding_exp,,2025.1.1,60.157938622099465,2025-11-05 18h32.02.820104 +0530,
0.4,1000,exp,45,13,2,space,0.715387100004591,None,300,1,[2.8791080999653786],[2.8791208000620827],2,13,45,7,315.07658520003315,,315.061706700013,315.07658520003315,316.0605882999953,316.0605882999953,316.07744190003723,316.7776790999342,space,0.715387100004591,None,316.77851540001575,317.17711966665615,317.4893895999994,317.47246049996465,317.47306390001904,317.4893895999994,317.4893895999994,317.4893895999994,320.36907040001824,300,1,[2.8791080999653786],[2.8791208000620827],01,001,2025-11-05_18h31.52.568,intentional_binding_exp,,2025.1.1,60.157938622099465,2025-11-05 18h32.02.820104 +0530,
0.7,1000,exp,46,14,2,space,0.3609577000606805,None,500,1,[7.008796299924143],[7.008806099998765],2,14,46,8,320.38503150001634,,320.3693550999742,320.38503150001634,321.36891750001814,321.36891750001814,321.38512979994994,321.73679550003726,space,0.3609577000606805,None,321.73759759997483,322.45176156663024,322.7692966000177,322.7516425999347,322.7524478000123,322.7692966000177,322.7692966000177,322.7692966000177,329.7784202999901,500,1,[7.008796299924143],[7.008806099998765],01,001,2025-11-05_18h31.52.568,intentional_binding_exp,,2025.1.1,60.157938622099465,2025-11-05 18h32.02.820104 +0530,
0.7,1000,exp,47,15,2,space,3.9727531999815255,None,200,1,[4.9735239000292495],[4.973536400008015],2,15,47,5,329.79372049996164,,329.77862610004377,329.79372049996164,330.77704449999146,330.77704449999146,330.79391869995743,334.7616020999849,space,3.9727531999815255,None,334.76260969997384,335.47795526666255,335.78964219999034,335.7728809999535,335.77344979997724,335.78964219999034,335.78964219999034,335.78964219999034,340.7636138999369,200,1,[4.9735239000292495],[4.973536400008015],01,001,2025-11-05_18h31.52.568,intentional_binding_exp,,2025.1.1,60.157938622099465,2025-11-05 18h32.02.820104 +0530,
0.7,1000,exp,48,0,3,space,0.6921512999106199,None,400,1,[2.4408466999884695],[2.4408611999824643],3,0,48,11,340.7797448999481,,340.763831499964,340.7797448999481,341.7638027999783,341.7638027999783,341.7796365999384,342.46311150002293,space,0.6921512999106199,None,342.46372769994196,343.1639061666249,343.48007589997724,343.46166649996303,343.46228939993307,343.48007589997724,343.48007589997724,343.48007589997724,345.9212325999979,400,1,[2.4408466999884695],[2.4408611999824643],01,001,2025-11-05_18h31.52.568,intentional_binding_exp,,2025.1.1,60.157938622099465,2025-11-05 18h32.02.820104 +0530,
0.7,1000,exp,49,1,3,space,0.42835880001075566,None,450,1,[1.8980846999911591],[1.8980910000391304],3,1,49,5,345.9366707999725,,345.9214420999633,345.9366707999725,346.92061229993124,346.92061229993124,346.93730039999355,347.35500710003544,space,0.42835880001075566,None,347.35601690004114,348.0546310666871,348.37471190001816,348.3562137000263,348.35678349994123,348.37471190001816,348.37471190001816,348.37471190001816,350.27314790000673,450,1,[1.8980846999911591],[1.8980910000391304],01,001,2025-11-05_18h31.52.568,intentional_binding_exp,,2025.1.1,60.157938622099465,2025-11-05 18h32.02.820104 +0530,
0.1,1000,exp,50,2,3,space,0.2978960999753326,None,100,1,[2.939597100019455],[2.939603100065142],3,2,50,12,350.28904269996565,,350.2734388000099,350.28904269996565,351.2732430000324,351.2732430000324,351.2892293999903,351.5730790999951,space,0.2978960999753326,None,351.57381740002893,351.6726789666029,351.99385229998734,351.97588010004256,351.97646819998045,351.99385229998734,351.99385229998734,351.99385229998734,354.93376519996673,100,1,[2.939597100019455],[2.939603100065142],01,001,2025-11-05_18h31.52.568,intentional_binding_exp,,2025.1.1,60.157938622099465,2025-11-05 18h32.02.820104 +0530,
0.4,1000,exp,51,3,3,space,0.26787390001118183,None,250,1,[2.2990516999270767],[2.2990578999742866],3,3,51,13,354.9504031999968,,354.93397519993596,354.9504031999968,355.9335972999688,355.9335972999688,355.95052469999064,356.21699600003194,space,0.26787390001118183,None,356.217804600019,356.6171995666266,356.93232070002705,356.9149057000177,356.9155515000457,356.93232070002705,356.93232070002705,356.93232070002705,359.23178120004013,250,1,[2.2990516999270767],[2.2990578999742866],01,001,2025-11-05_18h31.52.568,intentional_binding_exp,,2025.1.1,60.157938622099465,2025-11-05 18h32.02.820104 +0530,
0.4,1000,exp,52,4,3,space,0.25471570005174726,None,250,1,[4.16221969993785],[4.162234199931845],3,4,52,7,359.24732149997726,,359.23199410003144,359.24732149997726,360.2474114999641,360.2474114999641,360.2474114999641,360.5145362999756,space,0.25471570005174726,None,360.51557149994187,360.9149329666436,361.2317408999661,361.2138156000292,361.2144359999802,361.2317408999661,361.2317408999661,361.2317408999661,365.39428629993927,250,1,[4.16221969993785],[4.162234199931845],01,001,2025-11-05_18h31.52.568,intentional_binding_exp,,2025.1.1,60.157938622099465,2025-11-05 18h32.02.820104 +0530,
0.1,400,unexp,53,5,3,space,0.23132089991122484,None,600,1,[4.06073419994209],[4.060739999986254],3,5,53,3,365.4093273000326,,365.3944837000454,365.4093273000326,366.40969759994186,366.40969759994186,366.40969759994186,366.64385330001824,space,0.23132089991122484,None,366.644574200036,366.743046666674,367.05813539994415,367.03743160003796,367.03805880004074,367.05813539994415,367.05813539994415,367.05813539994415,371.1191797000356,600,1,[4.06073419994209],[4.060739999986254],01,001,2025-11-05_18h31.52.568,intentional_binding_exp,,2025.1.1,60.157938622099465,2025-11-05 18h32.02.820104 +0530,
0.4,400,unexp,54,6,3,space,0.29622769996058196,None,500,1,[2.4849439000245184],[2.484949800069444],3,6,54,1,371.13457350002136,,371.11937670002226,371.13457350002136,372.11849469994195,372.11849469994195,372.13476729998365,372.41892149997875,space,0.29622769996058196,None,372.4197101999307,372.818524366656,373.13483480003197,373.11725340003613,373.11789210001007,373.13483480003197,373.13483480003197,373.13483480003197,375.6200761999935,500,1,[2.4849439000245184],[2.484949800069444],01,001,2025-11-05_18h31.52.568,intentional_binding_exp,,2025.1.1,60.157938622099465,2025-11-05 18h32.02.820104 +0530,
0.4,1000,exp,55,7,3,space,0.4228828999912366,None,250,1,[3.2195648999186233],[3.219570399960503],3,7,55,10,375.6359043000266,,375.6202806000365,375.6359043000266,376.6196103999391,376.6196103999391,376.63629529997706,377.05482469999697,space,0.4228828999912366,None,377.0556126999436,377.4694132666957,377.7862306999741,377.7678131000139,377.76834870001767,377.7862306999741,377.7862306999741,377.7862306999741,381.00611199997365,250,1,[3.2195648999186233],[3.219570399960503],01,001,2025-11-05_18h31.52.568,intentional_binding_exp,,2025.1.1,60.157938622099465,2025-11-05 18h32.02.820104 +0530,
0.7,400,unexp,56,8,3,space,0.9484720000764355,None,700,1,[2.125505500007421],[2.1255114000523463],3,8,56,2,381.0221461999463,,381.00633320002817,381.0221461999463,382.0061454999959,382.0061454999959,382.0230501999613,382.95733200001996,space,0.9484720000764355,None,382.9581478999462,383.6723872667101,383.98483540001325,383.96687799994834,383.9674500999972,383.98483540001325,383.98483540001325,383.98483540001325,386.11074919998646,700,1,[2.125505500007421],[2.1255114000523463],01,001,2025-11-05_18h31.52.568,intentional_binding_exp,,2025.1.1,60.157938622099465,2025-11-05 18h32.02.820104 +0530,
0.1,1000,exp,57,9,3,space,0.6913144999416545,None,230,1,[5.293419699999504],[5.293430799967609],3,9,57,15,386.1270334000001,,386.1109578999458,386.1270334000001,387.1107801999897,387.1107801999897,387.1277039999841,387.81153870001435,space,0.6913144999416545,None,387.8125747999875,387.92734656663765,388.2475759999361,388.22949289996177,388.2301151000429,388.2475759999361,388.2475759999361,388.2475759999361,393.5414834000403,230,1,[5.293419699999504],[5.293430799967609],01,001,2025-11-05_18h31.52.568,intentional_binding_exp,,2025.1.1,60.157938622099465,2025-11-05 18h32.02.820104 +0530,
0.1,1000,exp,58,10,3,space,0.36296639998909086,None,320,1,[4.386692699976265],[4.386707299971022],3,10,58,9,393.5567550000269,,393.54178129998036,393.5567550000269,394.5410114999395,394.5410114999395,394.5583950999426,394.90854820003733,space,0.36296639998909086,None,394.90934469993226,395.02382696670634,395.33496819995344,395.3164603000041,395.3170061999699,395.33496819995344,395.33496819995344,395.33496819995344,399.72202869993635,320,1,[4.386692699976265],[4.386707299971022],01,001,2025-11-05_18h31.52.568,intentional_binding_exp,,2025.1.1,60.157938622099465,2025-11-05 18h32.02.820104 +0530,
0.7,1000,exp,59,11,3,space,0.7057835999876261,None,500,1,[7.204151700017974],[7.204169200034812],3,11,59,8,399.73777889995836,,399.7222308999626,399.73777889995836,400.7212904000189,400.7212904000189,400.7377128000371,401.4392965999432,space,0.7057835999876261,None,401.4400649999734,402.1385191666816,402.45192150003277,402.43680160003714,402.4373473000014,402.45192150003277,402.45192150003277,402.45192150003277,409.65655850002076,500,1,[7.204151700017974],[7.204169200034812],01,001,2025-11-05_18h31.52.568,intentional_binding_exp,,2025.1.1,60.157938622099465,2025-11-05 18h32.02.820104 +0530,
0.7,1000,exp,60,12,3,space,0.39187589997891337,None,300,1,[7.171577499946579],[7.171585600008257],3,12,60,14,409.67151070002,,409.65681930002756,409.67151070002,410.6725803000154,410.6725803000154,410.6725803000154,411.0728311999701,space,0.39187589997891337,None,411.0735852000071,411.7727755666167,412.0840704999864,412.06671399995685,412.0673552999506,412.0840704999864,412.0840704999864,412.0840704999864,419.2560123000294,300,1,[7.171577499946579],[7.171585600008257],01,001,2025-11-05_18h31.52.568,intentional_binding_exp,,2025.1.1,60.157938622099465,2025-11-05 18h32.02.820104 +0530,
0.1,1000,exp,61,13,3,space,0.6840799999190494,None,150,1,[6.925213500042446],[6.925221899989992],3,13,61,6,419.27075879997574,,419.2562821999891,419.27075879997574,420.27151430002414,420.27151430002414,420.27151430002414,420.97183019993827,space,0.6840799999190494,None,420.9725827999646,421.0711967666323,421.3875871000346,421.3700203000335,421.3706474000355,421.3875871000346,421.3875871000346,421.3875871000346,428.3131703999825,150,1,[6.925213500042446],[6.925221899989992],01,001,2025-11-05_18h31.52.568,intentional_binding_exp,,2025.1.1,60.157938622099465,2025-11-05 18h32.02.820104 +0530,
0.1,400,unexp,62,14,3,space,2.3338205999461934,None,500,1,[4.325696900021285],[4.3257058999734],3,14,62,0,428.32860969996545,,428.3134324999992,428.32860969996545,429.31235140003264,429.31235140003264,429.3292025999399,431.66376739996485,space,2.3338205999461934,None,431.66449320001993,431.780095266706,432.0992330999579,432.08243399998173,432.08307689998765,432.0992330999579,432.0992330999579,432.0992330999579,436.42539150000084,500,1,[4.325696900021285],[4.3257058999734],01,001,2025-11-05_18h31.52.568,intentional_binding_exp,,2025.1.1,60.157938622099465,2025-11-05 18h32.02.820104 +0530,
0.4,1000,exp,63,15,3,space,13.61067369999364,None,100,1,[4.505179299972951],[4.505194199969992],3,15,63,4,436.44156990002375,,436.4259353999514,436.44156990002375,437.42442199995276,437.42442199995276,437.44140639994293,451.0436576999491,space,13.61067369999364,None,451.04441339999903,451.4429543666231,451.76099239999894,451.7441795000341,451.7447147000348,451.76099239999894,451.76099239999894,451.76099239999894,456.2665974999545,100,1,[4.505179299972951],[4.505194199969992],01,001,2025-11-05_18h31.52.568,intentional_binding_exp,,2025.1.1,60.157938622099465,2025-11-05 18h32.02.820104 +0530,
0.7,400,unexp,64,0,4,space,0.30822809995152056,None,800,1,[3.116533499909565],[3.1165424999780953],4,0,64,2,456.2821098000277,,456.2668707999401,456.2821098000277,457.2658213999821,457.2658213999821,457.28224470000714,457.5832604999887,space,0.30822809995152056,None,457.584023399977,458.2829282666246,458.6073084999807,458.58426619996317,458.58505690004677,458.6073084999807,458.6073084999807,458.6073084999807,461.7241912999889,800,1,[3.116533499909565],[3.1165424999780953],01,001,2025-11-05_18h31.52.568,intentional_binding_exp,,2025.1.1,60.157938622099465,2025-11-05 18h32.02.820104 +0530,
0.4,1000,exp,65,1,4,space,0.783421800006181,None,300,1,[2.2120723999105394],[2.2120832999935374],4,1,65,4,461.7403876000317,,461.72444549994543,461.7403876000317,462.72409949998837,462.72409949998837,462.7407647999935,463.52526779996697,space,0.783421800006181,None,463.52590589993633,463.9411179666097,464.26243989996146,464.2440268000355,464.24467429996,464.26243989996146,464.26243989996146,464.26243989996146,466.4749160000356,300,1,[2.2120723999105394],[2.2120832999935374],01,001,2025-11-05_18h31.52.568,intentional_binding_exp,,2025.1.1,60.157938622099465,2025-11-05 18h32.02.820104 +0530,
0.1,400,unexp,66,2,4,space,1.624269700027071,None,590,1,[4.880482000065967],[4.8804901000112295],4,2,66,0,466.4917362999404,,466.4751900000265,466.4917362999404,467.4748628999805,467.4748628999805,467.49285050004255,469.10929029993713,space,1.624269700027071,None,469.1104508000426,469.2088121666495,469.52496900002006,469.50587140000425,469.5066492999904,469.52496900002006,469.52496900002006,469.52496900002006,474.4057960000355,590,1,[4.880482000065967],[4.8804901000112295],01,001,2025-11-05_18h31.52.568,intentional_binding_exp,,2025.1.1,60.157938622099465,2025-11-05 18h32.02.820104 +0530,
0.7,1000,exp,67,3,4,space,0.5761428000405431,None,550,1,[6.7719634000677615],[6.771980800083838],4,3,67,11,474.42142989998683,,474.4061068999581,474.42142989998683,475.4054457000457,475.4054457000457,475.4215841999976,475.9892198999878,space,0.5761428000405431,None,475.990008499939,476.6886274666215,477.004771500011,476.98380769998766,476.9849447000306,477.004771500011,477.004771500011,477.004771500011,483.7773279999383,550,1,[6.7719634000677615],[6.771980800083838],01,001,2025-11-05_18h31.52.568,intentional_binding_exp,,2025.1.1,60.157938622099465,2025-11-05 18h32.02.820104 +0530,
0.1,1000,exp,68,4,4,space,4.959374999976717,None,200,1,[5.669053200050257],[5.669068600051105],4,4,68,9,483.7924830999691,,483.7777596999658,483.7924830999691,484.77628959994763,484.77628959994763,484.79272379993927,489.7434820999624,space,4.959374999976717,None,489.74423419998493,489.84376136662127,490.15583750000224,490.1368462999817,490.1374105999712,490.15583750000224,490.15583750000224,490.15583750000224,495.8254503000062,200,1,[5.669053200050257],[5.669068600051105],01,001,2025-11-05_18h31.52.568,intentional_binding_exp,,2025.1.1,60.157938622099465,2025-11-05 18h32.02.820104 +0530,
0.1,1000,exp,69,5,4,space,0.6929130000062287,None,300,1,[4.324854700011201],[4.324868499999866],4,5,69,15,495.8400212000124,,495.8258356000297,495.8400212000124,496.8400305999676,496.8400305999676,496.8400305999676,497.54050919995643,space,0.6929130000062287,None,497.5410745999543,497.639951366644,497.94997509999666,497.9358494000044,497.9362425999716,497.94997509999666,497.94997509999666,497.94997509999666,502.2752695999807,300,1,[4.324854700011201],[4.324868499999866],01,001,2025-11-05_18h31.52.568,intentional_binding_exp,,2025.1.1,60.157938622099465,2025-11-05 18h32.02.820104 +0530,
0.7,1000,exp,70,6,4,space,0.32789130008313805,None,400,1,[2.7241463999962434],[2.724151600035839],4,6,70,14,502.29051229998004,,502.2755269999616,502.29051229998004,503.29042770003434,503.29042770003434,503.29042770003434,503.62422060000245,space,0.32789130008313805,None,503.6248029000126,504.3238761666619,504.6339676999487,504.6243494999362,504.6246918999823,504.6339676999487,504.6339676999487,504.6339676999487,507.35836529999506,400,1,[2.7241463999962434],[2.724151600035839],01,001,2025-11-05_18h31.52.568,intentional_binding_exp,,2025.1.1,60.157938622099465,2025-11-05 18h32.02.820104 +0530,
0.7,1000,exp,71,7,4,space,0.45578049996402115,None,560,1,[3.9291305999504402],[3.9291373000014573],4,7,71,5,507.37387110001873,,507.3585685000289,507.37387110001873,508.3739080999512,508.3739080999512,508.3739080999512,508.8409349999856,space,0.45578049996402115,None,508.8414480999345,509.54101406661016,509.8459609999554,509.8364510999527,509.83679740002844,509.8459609999554,509.8459609999554,509.8459609999554,513.7753873999463,560,1,[3.9291305999504402],[3.9291373000014573],01,001,2025-11-05_18h31.52.568,intentional_binding_exp,,2025.1.1,60.157938622099465,2025-11-05 18h32.02.820104 +0530,
0.7,1000,exp,72,8,4,space,0.33417210006155074,None,450,1,[4.307017599930987],[4.3070282000117],4,8,72,8,513.7913485999452,,513.7756028999574,513.7913485999452,514.7911191999447,514.7911191999447,514.7911191999447,515.141643299954,space,0.33417210006155074,None,515.1421542000026,515.841308266685,516.151809199946,516.140820199973,516.1411794000305,516.151809199946,516.151809199946,516.151809199946,520.4592416000087,450,1,[4.307017599930987],[4.3070282000117],01,001,2025-11-05_18h31.52.568,intentional_binding_exp,,2025.1.1,60.157938622099465,2025-11-05 18h32.02.820104 +0530,
0.4,1000,exp,73,9,4,space,0.2700906000100076,None,210,1,[6.814495099941269],[6.814505600021221],4,9,73,7,520.4747196999379,,520.4595363000408,520.4747196999379,521.4579699999886,521.4579699999886,521.4747266999912,521.7417411999777,space,0.2700906000100076,None,521.7425323999487,522.1415645667041,522.4447861999506,522.4345749999629,522.4349034000188,522.4447861999506,522.4447861999506,522.4447861999506,529.259628299973,210,1,[6.814495099941269],[6.814505600021221],01,001,2025-11-05_18h31.52.568,intentional_binding_exp,,2025.1.1,60.157938622099465,2025-11-05 18h32.02.820104 +0530,
0.4,400,unexp,74,10,4,space,0.5551122000906616,None,650,1,[2.4196941000409424],[2.4197006999747828],4,10,74,1,529.2748405999737,,529.2598375999369,529.2748405999737,530.2584780999459,530.2584780999459,530.2758215999929,530.8253642999334,space,0.5551122000906616,None,530.8259231999982,531.2250647666554,531.5396712999791,531.5286660999991,531.5291545999935,531.5396712999791,531.5396712999791,531.5396712999791,533.9596411000239,650,1,[2.4196941000409424],[2.4197006999747828],01,001,2025-11-05_18h31.52.568,intentional_binding_exp,,2025.1.1,60.157938622099465,2025-11-05 18h32.02.820104 +0530,
0.1,400,unexp,75,11,4,space,0.3138883999781683,None,400,1,[3.606321800034493],[3.6063265999546275],4,11,75,3,533.975431800005,,533.9598437999375,533.975431800005,534.9593668000307,534.9593668000307,534.9754874999635,535.2759745999938,space,0.3138883999781683,None,535.276503299945,535.3754482666884,535.6878278999357,535.6765038999729,535.6769933999749,535.6878278999357,535.6878278999357,535.6878278999357,539.2943922999548,400,1,[3.606321800034493],[3.6063265999546275],01,001,2025-11-05_18h31.52.568,intentional_binding_exp,,2025.1.1,60.157938622099465,2025-11-05 18h32.02.820104 +0530,
0.1,1000,exp,76,12,4,space,0.32523880002554506,None,195,1,[6.609575100010261],[6.609585399972275],4,12,76,6,539.30906530004,,539.2945913999574,539.30906530004,540.3093520000111,540.3093520000111,540.3093520000111,540.6428980999626,space,0.32523880002554506,None,540.6437082999619,540.7427673666427,541.0510005999822,541.0399859999306,541.0403341000201,541.0510005999822,541.0510005999822,541.0510005999822,547.6609893999994,195,1,[6.609575100010261],[6.609585399972275],01,001,2025-11-05_18h31.52.568,intentional_binding_exp,,2025.1.1,60.157938622099465,2025-11-05 18h32.02.820104 +0530,
0.1,1000,exp,77,13,4,space,0.41679399996064603,None,199,1,[3.856645099935122],[3.8566573000280187],4,13,77,12,547.6760283999611,,547.6612620999804,547.6760283999611,548.6596264999826,548.6596264999826,548.6761794999475,549.0939390000422,space,0.41679399996064603,None,549.0947407999774,549.2106392667085,549.5208699000068,549.5098388999468,549.5101939999731,549.5208699000068,549.5208699000068,549.5208699000068,553.3780006000306,199,1,[3.856645099935122],[3.8566573000280187],01,001,2025-11-05_18h31.52.568,intentional_binding_exp,,2025.1.1,60.157938622099465,2025-11-05 18h32.02.820104 +0530,
0.4,1000,exp,78,14,4,space,0.43673419998958707,None,280,1,[4.59580739994999],[4.595818100031465],4,14,78,13,553.393407399999,,553.3782727000071,553.393407399999,554.3933955000248,554.3933955000248,554.3933955000248,554.844085299992,space,0.43673419998958707,None,554.8447088999674,555.243521266679,555.5486899999669,555.5386718999362,555.5390085999388,555.5486899999669,555.5486899999669,555.5486899999669,560.1448781000217,280,1,[4.59580739994999],[4.595818100031465],01,001,2025-11-05_18h31.52.568,intentional_binding_exp,,2025.1.1,60.157938622099465,2025-11-05 18h32.02.820104 +0530,
0.4,1000,exp,79,15,4,space,0.31453329999931157,None,390,1,[2.7099444000050426],[2.7099551999708638],4,15,79,10,560.1603149999864,,560.1451667000074,560.1603149999864,561.1606558000203,561.1606558000203,561.1606558000203,561.4772291999543,space,0.31453329999931157,None,561.4780115999747,561.8771203666149,562.1848740000278,562.174908899935,562.1752497999696,562.1848740000278,562.1848740000278,562.1848740000278,564.8951893999474,390,1,[2.7099444000050426],[2.7099551999708638],01,001,2025-11-05_18h31.52.568,intentional_binding_exp,,2025.1.1,60.157938622099465,2025-11-05 18h32.02.820104 +0530,
0.7,1000,exp,80,0,5,space,0.39845710003282875,None,500,1,[2.6794798000482842],[2.679486600100063],5,0,80,8,564.9103813000256,,564.8955284999683,564.9103813000256,565.8944104999537,565.8944104999537,565.9114734999603,566.2943528000033,space,0.39845710003282875,None,566.2948245999869,566.9940299667107,567.298813899979,567.2881452000001,567.2884812999982,567.298813899979,567.298813899979,567.298813899979,569.9786776000401,500,1,[2.6794798000482842],[2.679486600100063],01,001,2025-11-05_18h31.52.568,intentional_binding_exp,,2025.1.1,60.157938622099465,2025-11-05 18h32.02.820104 +0530,
0.7,1000,exp,81,1,5,space,0.36428850004449487,None,200,1,[3.7769350999733433],[3.776945799938403],5,1,81,11,569.9939237999497,,569.9789082999341,569.9939237999497,570.9780319000129,570.9780319000129,570.995069299941,571.3447651000461,space,0.36428850004449487,None,571.3455038999673,572.0444146666598,572.3523816999514,572.3414595000213,572.3418710000115,572.3523816999514,572.3523816999514,572.3523816999514,576.1297064999817,200,1,[3.7769350999733433],[3.776945799938403],01,001,2025-11-05_18h31.52.568,intentional_binding_exp,,2025.1.1,60.157938622099465,2025-11-05 18h32.02.820104 +0530,
0.4,400,unexp,82,2,5,space,0.5043897000141442,None,550,1,[4.983507900033146],[4.983518699998967],5,2,82,1,576.144514100044,,576.1300163000124,576.144514100044,577.1453835000284,577.1453835000284,577.1453835000284,577.6621180999791,space,0.5043897000141442,None,577.66291059996,578.062380566673,578.3789574999828,578.361763700028,578.3622400000459,578.3789574999828,578.3789574999828,578.3789574999828,583.3628534999443,550,1,[4.983507900033146],[4.983518699998967],01,001,2025-11-05_18h31.52.568,intentional_binding_exp,,2025.1.1,60.157938622099465,2025-11-05 18h32.02.820104 +0530,
0.1,1000,exp,83,3,5,space,0.6279884999385104,None,100,1,[2.208146700053476],[2.2081520999781787],5,3,83,9,583.378182800021,,583.3630706999684,583.378182800021,584.3620754999574,584.3620754999574,584.3786844999995,584.996034199954,space,0.6279884999385104,None,584.9968480999814,585.0953300666918,585.4041765000438,585.3934726000298,585.3938066000119,585.4041765000438,585.4041765000438,585.4041765000438,587.6125604000408,100,1,[2.208146700053476],[2.2081520999781787],01,001,2025-11-05_18h31.52.568,intentional_binding_exp,,2025.1.1,60.157938622099465,2025-11-05 18h32.02.820104 +0530,
0.4,1000,exp,84,4,5,space,0.2916731000877917,None,210,1,[7.106114899972454],[7.106126599945128],5,4,84,4,587.6286085000029,,587.6127574000275,587.6286085000029,588.6117998999543,588.6117998999543,588.6285652000224,588.9123102000449,space,0.2916731000877917,None,588.912764800014,589.3121335666549,589.6240265000379,589.6130176000297,589.6133990000235,589.6240265000379,589.6240265000379,589.6240265000379,596.7304379999405,210,1,[7.106114899972454],[7.106126599945128],01,001,2025-11-05_18h31.52.568,intentional_binding_exp,,2025.1.1,60.157938622099465,2025-11-05 18h32.02.820104 +0530,
0.4,1000,exp,85,5,5,space,0.3656978999497369,None,300,1,[5.244093299959786],[5.244104199926369],5,5,85,10,596.7456191999372,,596.7306471000193,596.7456191999372,597.7288609000389,597.7288609000389,597.7460832999786,598.0961501999991,space,0.3656978999497369,None,598.0966114000184,598.4965257666229,598.803793399944,598.7931352000451,598.7934849000303,598.803793399944,598.803793399944,598.803793399944,604.0482566000428,300,1,[5.244093299959786],[5.244104199926369],01,001,2025-11-05_18h31.52.568,intentional_binding_exp,,2025.1.1,60.157938622099465,2025-11-05 18h32.02.820104 +0530,
0.7,400,unexp,86,6,5,space,0.25232249998953193,None,700,1,[6.53817249997519],[6.538181799929589],5,6,86,2,604.0625478000147,,604.0484655000037,604.0625478000147,605.0626198999817,605.0626198999817,605.0626198999817,605.330432799994,space,0.25232249998953193,None,605.3312290000031,606.03050596669,606.3448636999819,606.3338913000189,606.3342372999759,606.3448636999819,606.3448636999819,606.3448636999819,612.883403899963,700,1,[6.53817249997519],[6.538181799929589],01,001,2025-11-05_18h31.52.568,intentional_binding_exp,,2025.1.1,60.157938622099465,2025-11-05 18h32.02.820104 +0530,
0.1,400,unexp,87,7,5,space,0.6296776999952272,None,490,1,[4.081279900041409],[4.081290500005707],5,7,87,3,612.8974574999884,,612.8836706000147,612.8974574999884,613.8976635000436,613.8976635000436,613.8976635000436,614.5314347000094,space,0.6296776999952272,None,614.5318991999375,614.6318451666195,614.9343288999517,614.9244660999393,614.9247972000157,614.9343288999517,614.9343288999517,614.9343288999517,619.0159685999388,490,1,[4.081279900041409],[4.081290500005707],01,001,2025-11-05_18h31.52.568,intentional_binding_exp,,2025.1.1,60.157938622099465,2025-11-05 18h32.02.820104 +0530,
0.1,1000,exp,88,8,5,space,0.24712620000354946,None,150,1,[5.10971529991366],[5.109720799955539],5,8,88,12,619.0312676000176,,619.0161828999408,619.0312676000176,620.0147885000333,620.0147885000333,620.0313896000152,620.2652719999896,space,0.24712620000354946,None,620.2660753999371,620.364883366685,620.6783253999893,620.666705199983,620.6672231999692,620.6783253999893,620.6783253999893,620.6783253999893,625.7882964999881,150,1,[5.10971529991366],[5.109720799955539],01,001,2025-11-05_18h31.52.568,intentional_binding_exp,,2025.1.1,60.157938622099465,2025-11-05 18h32.02.820104 +0530,
0.1,400,unexp,89,9,5,space,0.23608449997846037,None,500,1,[2.5286850000265986],[2.5286959999939427],5,9,89,0,625.8029765000101,,625.788505799952,625.8029765000101,626.8031178000383,626.8031178000383,626.8031178000383,627.0535169999348,space,0.23608449997846037,None,627.0539710000157,627.1528049666124,627.4588259999873,627.44687720004,627.4472792999586,627.4588259999873,627.4588259999873,627.4588259999873,629.9878900999902,500,1,[2.5286850000265986],[2.5286959999939427],01,001,2025-11-05_18h31.52.568,intentional_binding_exp,,2025.1.1,60.157938622099465,2025-11-05 18h32.02.820104 +0530,
0.7,1000,exp,90,10,5,space,0.31953470001462847,None,600,1,[2.023288100026548],[2.023298800108023],5,10,90,14,630.0032649999484,,629.9881936999736,630.0032649999484,631.0034562000073,631.0034562000073,631.0034562000073,631.3370211999863,space,0.31953470001462847,None,631.337495499989,632.0376030665977,632.3472379000159,632.3367189000128,632.3372531000059,632.3472379000159,632.3472379000159,632.3472379000159,634.3708964999532,600,1,[2.023288100026548],[2.023298800108023],01,001,2025-11-05_18h31.52.568,intentional_binding_exp,,2025.1.1,60.157938622099465,2025-11-05 18h32.02.820104 +0530,
0.7,1000,exp,91,11,5,space,0.2676004000240937,None,550,1,[2.5671580999623984],[2.5671684000408277],5,11,91,5,634.3872801000252,,634.3712413000176,634.3872801000252,635.3707569999387,635.3707569999387,635.3869687999832,635.6538941999897,space,0.2676004000240937,None,635.6546983999433,636.3550338666575,636.6704968999838,636.6579342000186,636.6582890000427,636.6704968999838,636.6704968999838,636.6704968999838,639.2380551999668,550,1,[2.5671580999623984],[2.5671684000408277],01,001,2025-11-05_18h31.52.568,intentional_binding_exp,,2025.1.1,60.157938622099465,2025-11-05 18h32.02.820104 +0530,
0.1,1000,exp,92,12,5,space,0.24445530003868043,None,100,1,[3.1257690999191254],[3.125774299958721],5,12,92,6,639.2535559999524,,639.2383179999888,639.2535559999524,640.2378956000321,640.2378956000321,640.25462589995,640.4877018999541,space,0.24445530003868043,None,640.4885089000454,640.5872644666272,640.8963283000048,640.8851961999899,640.885686499998,640.8963283000048,640.8963283000048,640.8963283000048,644.0223836000077,100,1,[3.1257690999191254],[3.125774299958721],01,001,2025-11-05_18h31.52.568,intentional_binding_exp,,2025.1.1,60.157938622099465,2025-11-05 18h32.02.820104 +0530,
0.1,1000,exp,93,13,5,space,1.2892650000285357,None,200,1,[1.8032599999569356],[1.803270399919711],5,13,93,15,644.0374979999615,,644.0226001000265,644.0374979999615,645.0381576999789,645.0381576999789,645.0381576999789,646.3378281999612,space,1.2892650000285357,None,646.3383422000334,646.4377206667016,646.7513886999805,646.738711199956,646.7391644000309,646.7513886999805,646.7513886999805,646.7513886999805,648.55501859996,200,1,[1.8032599999569356],[1.803270399919711],01,001,2025-11-05_18h31.52.568,intentional_binding_exp,,2025.1.1,60.157938622099465,2025-11-05 18h32.02.820104 +0530,
0.4,1000,exp,94,14,5,space,0.554211699985899,None,220,1,[8.173796499962918],[8.173801700002514],5,14,94,7,648.5708564999513,,648.5553010000149,648.5708564999513,649.554443400004,649.554443400004,649.5712228999473,650.1223277000245,space,0.554211699985899,None,650.1228774000192,650.538347066675,650.8489038000116,650.8390813999576,650.8400628999807,650.8489038000116,650.8489038000116,650.8489038000116,659.0229554999387,220,1,[8.173796499962918],[8.173801700002514],01,001,2025-11-05_18h31.52.568,intentional_binding_exp,,2025.1.1,60.157938622099465,2025-11-05 18h32.02.820104 +0530,
0.4,1000,exp,95,15,5,space,0.3895516999764368,None,320,1,[2.3950650000479072],[2.3950704999733716],5,15,95,13,659.0392529999372,,659.0231684000464,659.0392529999372,660.0218924999936,660.0218924999936,660.0391340999631,660.4222475000424,space,0.3895516999764368,None,660.4227987999329,660.821753166678,661.1274352000328,661.1170951999957,661.1174405999482,661.1274352000328,661.1274352000328,661.1274352000328,663.5227855000412,320,1,[2.3950650000479072],[2.3950704999733716],01,001,2025-11-05_18h31.52.568,intentional_binding_exp,,2025.1.1,60.157938622099465,2025-11-05 18h32.02.820104 +0530,
0.7,1000,exp,96,0,6,space,0.2442724999273196,None,500,1,[2.0403646000195295],[2.040369800059125],6,0,96,14,663.5383205999387,,663.522991899983,663.5383205999387,664.5386932999827,664.5386932999827,664.5386932999827,664.7888742999639,space,0.2442724999273196,None,664.7896084999666,665.4886522666241,665.7992049000459,665.7896561999805,665.7900375999743,665.7992049000459,665.7992049000459,665.7992049000459,667.8398042999906,500,1,[2.0403646000195295],[2.040369800059125],01,001,2025-11-05_18h31.52.568,intentional_binding_exp,,2025.1.1,60.157938622099465,2025-11-05 18h32.02.820104 +0530,
0.7,1000,exp,97,1,6,space,0.7385459000943229,None,400,1,[3.3904712999938056],[3.3904822999611497],6,1,97,11,667.8552273999667,,667.8400017999811,667.8552273999667,668.855861100019,668.855861100019,668.855861100019,669.6058438000036,space,0.7385459000943229,None,669.6066317999503,670.3061824666258,670.616185599938,670.6058271999937,670.6061581999529,670.616185599938,670.616185599938,670.616185599938,674.0070361000253,400,1,[3.3904712999938056],[3.3904822999611497],01,001,2025-11-05_18h31.52.568,intentional_binding_exp,,2025.1.1,60.157938622099465,2025-11-05 18h32.02.820104 +0530,
0.4,1000,exp,98,2,6,space,1.8183343999553472,None,250,1,[3.806173599907197],[3.806179399951361],6,2,98,13,674.0228592000203,,674.0073525999906,674.0228592000203,675.0064800999826,675.0064800999826,675.0227171999868,676.8394478999544,space,1.8183343999553472,None,676.8402520000236,677.2391796666818,677.5510920999805,677.539404500043,677.5399604999693,677.5510920999805,677.5510920999805,677.5510920999805,681.3575357999653,250,1,[3.806173599907197],[3.806179399951361],01,001,2025-11-05_18h31.52.568,intentional_binding_exp,,2025.1.1,60.157938622099465,2025-11-05 18h32.02.820104 +0530,
0.4,1000,exp,99,3,6,space,0.8468147000530735,None,200,1,[6.697065300075337],[6.697071000002325],6,3,99,7,681.3724749999819,,681.3577460999368,681.3724749999819,682.3737520000432,682.3737520000432,682.3737520000432,683.2234572999878,space,0.8468147000530735,None,683.2239458999829,683.6233107667106,683.927336600027,683.916803500033,683.917149099987,683.927336600027,683.927336600027,683.927336600027,690.6246551999357,200,1,[6.697065300075337],[6.697071000002325],01,001,2025-11-05_18h31.52.568,intentional_binding_exp,,2025.1.1,60.157938622099465,2025-11-05 18h32.02.820104 +0530,
0.4,1000,exp,100,4,6,space,0.7755221999250352,None,130,1,[4.358310299925506],[4.35831539996434],6,4,100,4,690.6400299000088,,690.6248548999429,690.6400299000088,691.6238665999845,691.6238665999845,691.6407806000207,692.4074925000314,space,0.7755221999250352,None,692.4080996999983,692.807056966649,693.1163320000051,693.1062100999989,693.1065637000138,693.1163320000051,693.1163320000051,693.1163320000051,697.4749067999655,130,1,[4.358310299925506],[4.35831539996434],01,001,2025-11-05_18h31.52.568,intentional_binding_exp,,2025.1.1,60.157938622099465,2025-11-05 18h32.02.820104 +0530,
0.1,1000,exp,101,5,6,space,0.26389520009979606,None,100,1,[2.224871400045231],[2.2248769000871107],6,5,101,6,697.4903561000247,,697.4751154000405,697.4903561000247,698.4743822000455,698.4743822000455,698.4912675999803,698.7409523000242,space,0.26389520009979606,None,698.7417442000005,698.8400434666003,699.1492107999511,699.1387972999364,699.1391316000372,699.1492107999511,699.1492107999511,699.1492107999511,701.3743824999547,100,1,[2.224871400045231],[2.2248769000871107],01,001,2025-11-05_18h31.52.568,intentional_binding_exp,,2025.1.1,60.157938622099465,2025-11-05 18h32.02.820104 +0530,
0.1,1000,exp,102,6,6,space,0.3329258000012487,None,240,1,[5.505711099947803],[5.5057163999881595],6,6,102,9,701.3910295999376,,701.3745980999665,701.3910295999376,702.3738370999927,702.3738370999927,702.3910326999612,702.7078362000175,space,0.3329258000012487,None,702.7083124000346,702.8084091667008,703.1194202000042,703.1093305000104,703.1096688000252,703.1194202000042,703.1194202000042,703.1194202000042,708.6253892999375,240,1,[5.505711099947803],[5.5057163999881595],01,001,2025-11-05_18h31.52.568,intentional_binding_exp,,2025.1.1,60.157938622099465,2025-11-05 18h32.02.820104 +0530,
0.4,1000,exp,103,7,6,space,0.2738351000007242,None,400,1,[2.792633199947886],[2.792638899991289],6,7,103,10,708.6412226000102,,708.6256120000035,708.6412226000102,709.6248018000042,709.6248018000042,709.6411914000055,709.9083609000081,space,0.2738351000007242,None,709.9092008000007,710.3081598666652,710.6164089000085,710.606604999979,710.6069443000015,710.6164089000085,710.6164089000085,710.6164089000085,713.4092922999989,400,1,[2.792633199947886],[2.792638899991289],01,001,2025-11-05_18h31.52.568,intentional_binding_exp,,2025.1.1,60.157938622099465,2025-11-05 18h32.02.820104 +0530,
0.1,1000,exp,104,8,6,space,1.6315794999245554,None,150,1,[4.880286599975079],[4.880297699943185],6,8,104,15,713.4245612999657,,713.4094946000259,713.4245612999657,714.4246446000179,714.4246446000179,714.4246446000179,716.0589520999929,space,1.6315794999245554,None,716.0594366999576,716.1580805666201,716.4620640999638,716.4514287000056,716.4517593999626,716.4620640999638,716.4620640999638,716.4620640999638,721.342694299994,150,1,[4.880286599975079],[4.880297699943185],01,001,2025-11-05_18h31.52.568,intentional_binding_exp,,2025.1.1,60.157938622099465,2025-11-05 18h32.02.820104 +0530,
0.1,400,unexp,105,9,6,space,0.26846460008528084,None,200,1,[8.489206800004467],[8.489212499931455],6,9,105,3,721.3588858000003,,721.3429044999648,721.3588858000003,722.3585118999472,722.3585118999472,722.3585118999472,722.6428425000049,space,0.26846460008528084,None,722.6433360000374,722.7421261666498,723.0539073999971,723.0436404999346,723.0439774999395,723.0539073999971,723.0539073999971,723.0539073999971,731.5434897999512,200,1,[8.489206800004467],[8.489212499931455],01,001,2025-11-05_18h31.52.568,intentional_binding_exp,,2025.1.1,60.157938622099465,2025-11-05 18h32.02.820104 +0530,
0.7,1000,exp,106,10,6,space,0.37122650002129376,None,350,1,[4.788987100007944],[4.788992299931124],6,10,106,8,731.5591595999431,,731.5437015999341,731.5591595999431,732.5596519999672,732.5596519999672,732.5596519999672,732.9429418999935,space,0.37122650002129376,None,732.9434328000061,733.6431009666451,733.9547896999866,733.9451460000128,733.9455139000202,733.9547896999866,733.9547896999866,733.9547896999866,738.7440253000241,350,1,[4.788987100007944],[4.788992299931124],01,001,2025-11-05_18h31.52.568,intentional_binding_exp,,2025.1.1,60.157938622099465,2025-11-05 18h32.02.820104 +0530,
0.7,400,unexp,107,11,6,space,0.8169910999713466,None,500,1,[6.242036700015888],[6.242047000094317],6,11,107,2,738.7590540000238,,738.7442382000154,738.7590540000238,739.75931210001,739.75931210001,739.75931210001,740.5768360999646,space,0.8169910999713466,None,740.577298499993,741.2760404666808,741.5847566999728,741.5747846999438,741.5751397999702,741.5847566999728,741.5847566999728,741.5847566999728,747.8271765999962,500,1,[6.242036700015888],[6.242047000094317],01,001,2025-11-05_18h31.52.568,intentional_binding_exp,,2025.1.1,60.157938622099465,2025-11-05 18h32.02.820104 +0530,
0.7,1000,exp,108,12,6,space,0.45110349997412413,None,550,1,[2.2198653999948874],[2.2198699999134988],6,12,108,5,747.843197499984,,747.8275367999449,747.843197499984,748.8266090999823,748.8266090999823,748.8433732000412,749.2937204999616,space,0.45110349997412413,None,749.2942495000316,749.9937938666592,750.3075363000389,750.2965801999671,750.296942899935,750.3075363000389,750.3075363000389,750.3075363000389,752.5276801999426,550,1,[2.2198653999948874],[2.2198699999134988],01,001,2025-11-05_18h31.52.568,intentional_binding_exp,,2025.1.1,60.157938622099465,2025-11-05 18h32.02.820104 +0530,
0.1,1000,exp,109,13,6,space,0.467206500004977,None,220,1,[3.826007799943909],[3.82601269998122],6,13,109,12,752.5440002999967,,752.5278858999955,752.5440002999967,753.5440533999354,753.5440533999354,753.5440533999354,754.027471599984,space,0.467206500004977,None,754.0283388999524,754.1270408667081,754.435138199944,754.4220197999384,754.4223520000232,754.435138199944,754.435138199944,754.435138199944,758.2613908000058,220,1,[3.826007799943909],[3.82601269998122],01,001,2025-11-05_18h31.52.568,intentional_binding_exp,,2025.1.1,60.157938622099465,2025-11-05 18h32.02.820104 +0530,
0.4,400,unexp,110,14,6,space,1.0913556000450626,None,450,1,[7.12025060004089],[7.120256399968639],6,14,110,1,758.277261500014,,758.2615874999901,758.277261500014,759.260546799982,759.260546799982,759.2778174999403,760.360943299951,space,1.0913556000450626,None,760.3614089000039,760.7605895666095,761.0748230000027,761.0647054000292,761.0650644999696,761.0748230000027,761.0748230000027,761.0748230000027,768.1953511999454,450,1,[7.12025060004089],[7.120256399968639],01,001,2025-11-05_18h31.52.568,intentional_binding_exp,,2025.1.1,60.157938622099465,2025-11-05 18h32.02.820104 +0530,
0.1,400,unexp,111,15,6,space,0.4584026000229642,None,560,1,[3.1182043999433517],[3.118211599998176],6,15,111,0,768.2109096000204,,768.1955601000227,768.2109096000204,769.1949392999522,769.1949392999522,769.2111331999768,769.6625677000266,space,0.4584026000229642,None,769.6633403999731,769.7787028666974,770.0944669999881,770.0782331000082,770.0788210999453,770.0944669999881,770.0944669999881,770.0944669999881,773.2129742000252,560,1,[3.1182043999433517],[3.118211599998176],01,001,2025-11-05_18h31.52.568,intentional_binding_exp,,2025.1.1,60.157938622099465,2025-11-05 18h32.02.820104 +0530,
0.7,400,unexp,112,0,7,space,0.36591589997988194,None,600,1,[2.5870793000794947],[2.587091700057499],7,0,112,2,773.2283204999985,,773.21324740001,773.2283204999985,774.2281666999916,774.2281666999916,774.2281666999916,774.5954901999794,space,0.36591589997988194,None,774.5960883999942,775.2949009666374,775.6088127000257,775.5977387999883,775.5980744999833,775.6088127000257,775.6088127000257,775.6088127000257,778.1962657000404,600,1,[2.5870793000794947],[2.587091700057499],01,001,2025-11-05_18h31.52.568,intentional_binding_exp,,2025.1.1,60.157938622099465,2025-11-05 18h32.02.820104 +0530,
0.1,400,unexp,113,1,7,space,0.758060000021942,None,400,1,[7.56074179999996],[7.560746899922378],7,1,113,0,778.2115979000228,,778.1964833999518,778.2115979000228,779.1947034000186,779.1947034000186,779.2116700999904,779.9626236000331,space,0.758060000021942,None,779.963393199956,780.0788790666886,780.3855441999622,780.3758917000378,780.3762328999583,780.3855441999622,780.3855441999622,780.3855441999622,787.9465218000114,400,1,[7.56074179999996],[7.560746899922378],01,001,2025-11-05_18h31.52.568,intentional_binding_exp,,2025.1.1,60.157938622099465,2025-11-05 18h32.02.820104 +0530,
0.4,1000,exp,114,2,7,space,0.45790779998060316,None,200,1,[4.557583600049838],[4.5575887999730185],7,2,114,4,787.9623768000165,,787.9467326999875,787.9623768000165,788.9627832999686,788.9627832999686,788.9627832999686,789.4292208999395,space,0.45790779998060316,None,789.429702399997,789.829388166607,790.1397904999321,790.1298185000196,790.1301509999903,790.1397904999321,790.1397904999321,790.1397904999321,794.6976427999325,200,1,[4.557583600049838],[4.5575887999730185],01,001,2025-11-05_18h31.52.568,intentional_binding_exp,,2025.1.1,60.157938622099465,2025-11-05 18h32.02.820104 +0530,
0.1,1000,exp,115,3,7,space,0.4776733999606222,None,300,1,[5.677664099959657],[5.677669099997729],7,3,115,9,794.7124461999629,,794.6978461999679,794.7124461999629,795.7125900000101,795.7125900000101,795.7125900000101,796.1970812999643,space,0.4776733999606222,None,796.1976230000146,796.3124334666102,796.6194040999981,796.6089094999479,796.6092628999613,796.6194040999981,796.6194040999981,796.6194040999981,802.2973140999675,300,1,[5.677664099959657],[5.677669099997729],01,001,2025-11-05_18h31.52.568,intentional_binding_exp,,2025.1.1,60.157938622099465,2025-11-05 18h32.02.820104 +0530,
0.7,1000,exp,116,4,7,space,2.1837020000675693,None,250,1,[2.2440940000815317],[2.2441047000465915],7,4,116,5,802.3130320999771,,802.2975143999793,802.3130320999771,803.3136987999314,803.3136987999314,803.3136987999314,805.514098500018,space,2.1837020000675693,None,805.5146679000463,806.213356766679,806.5201096000383,806.5089324000292,806.5092826000182,806.5201096000383,806.5201096000383,806.5201096000383,808.7645825999789,250,1,[2.2440940000815317],[2.2441047000465915],01,001,2025-11-05_18h31.52.568,intentional_binding_exp,,2025.1.1,60.157938622099465,2025-11-05 18h32.02.820104 +0530,
0.1,1000,exp,117,5,7,space,0.28523370006587356,None,120,1,[5.32573390007019],[5.325740300002508],7,5,117,6,808.780450399965,,808.7649001999525,808.780450399965,809.7804608000442,809.7804608000442,809.7804608000442,810.0813472999725,space,0.28523370006587356,None,810.0820571000222,810.1968338667104,810.5059951000148,810.4956555999815,810.4960013999371,810.5059951000148,810.5059951000148,810.5059951000148,815.8320104000159,120,1,[5.32573390007019],[5.325740300002508],01,001,2025-11-05_18h31.52.568,intentional_binding_exp,,2025.1.1,60.157938622099465,2025-11-05 18h32.02.820104 +0530,
0.1,1000,exp,118,6,7,space,1.3686982999788597,None,300,1,[5.0286601999541745],[5.0286733999382704],7,6,118,12,815.8468896000413,,815.8322247000178,815.8468896000413,816.8477353999624,816.8477353999624,816.8477353999624,818.2320069000125,space,1.3686982999788597,None,818.2328322000103,818.3473118666482,818.653275199933,818.6404863999924,818.6409080999438,818.653275199933,818.653275199933,818.653275199933,823.6823679000372,300,1,[5.0286601999541745],[5.0286733999382704],01,001,2025-11-05_18h31.52.568,intentional_binding_exp,,2025.1.1,60.157938622099465,2025-11-05 18h32.02.820104 +0530,
0.4,1000,exp,119,7,7,space,0.6099065000889823,None,400,1,[3.7941255000187084],[3.794135899981484],7,7,119,13,823.6977626000298,,823.6826897000428,823.6977626000298,824.6975228999509,824.6975228999509,824.6975228999509,825.3144164000405,space,0.6099065000889823,None,825.3148754000431,825.7153497666043,826.0208614999428,826.0092149999691,826.0095775999362,826.0208614999428,826.0208614999428,826.0208614999428,829.8153005000204,400,1,[3.7941255000187084],[3.794135899981484],01,001,2025-11-05_18h31.52.568,intentional_binding_exp,,2025.1.1,60.157938622099465,2025-11-05 18h32.02.820104 +0530,
0.1,1000,exp,120,8,7,space,0.2736456000711769,None,100,1,[3.2045825999230146],[3.2045878999633715],7,8,120,15,829.8310537999496,,829.8155149000231,829.8310537999496,830.8149964000331,830.8149964000331,830.8311794999754,831.0985307999654,space,0.2736456000711769,None,831.0990716000088,831.1985266666782,831.5113190000411,831.5012245000107,831.501591200009,831.5113190000411,831.5113190000411,831.5113190000411,834.7161464999663,100,1,[3.2045825999230146],[3.2045878999633715],01,001,2025-11-05_18h31.52.568,intentional_binding_exp,,2025.1.1,60.157938622099465,2025-11-05 18h32.02.820104 +0530,
0.7,1000,exp,121,9,7,space,0.3939491000492126,None,250,1,[9.240540399914607],[9.24055609991774],7,9,121,14,834.7311116999481,,834.716333599994,834.7311116999481,835.7315153999953,835.7315153999953,835.7315153999953,836.1316123999422,space,0.3939491000492126,None,836.1320698999334,836.8319194666731,837.1423765999498,837.1319430000149,837.1322759999894,837.1423765999498,837.1423765999498,837.1423765999498,846.3834586000303,250,1,[9.240540399914607],[9.24055609991774],01,001,2025-11-05_18h31.52.568,intentional_binding_exp,,2025.1.1,60.157938622099465,2025-11-05 18h32.02.820104 +0530,
0.4,1000,exp,122,10,7,space,0.37287810002453625,None,450,1,[2.776430300087668],[2.776435700012371],7,10,122,7,846.3985318000196,,846.3837998999516,846.3985318000196,847.3994181000162,847.3994181000162,847.3994181000162,847.7826389999827,space,0.37287810002453625,None,847.7833479000255,848.1824995666432,848.4903364999918,848.4805549000157,848.4809307999676,848.4903364999918,848.4903364999918,848.4903364999918,851.2670249999501,450,1,[2.776430300087668],[2.776435700012371],01,001,2025-11-05_18h31.52.568,intentional_binding_exp,,2025.1.1,60.157938622099465,2025-11-05 18h32.02.820104 +0530,
0.7,1000,exp,123,11,7,space,1.0132429000223055,None,600,1,[3.142517299973406],[3.1425230000168085],7,11,123,8,851.2822026000358,,851.2672255999641,851.2822026000358,852.2830324999522,852.2830324999522,852.2830324999522,853.2997537000338,space,1.0132429000223055,None,853.300282399985,853.9994060666688,854.3077407999663,854.296043499955,854.2964688999346,854.3077407999663,854.3077407999663,854.3077407999663,857.4505107000005,600,1,[3.142517299973406],[3.1425230000168085],01,001,2025-11-05_18h31.52.568,intentional_binding_exp,,2025.1.1,60.157938622099465,2025-11-05 18h32.02.820104 +0530,
0.4,400,unexp,124,12,7,space,0.4119375000009313,None,540,1,[3.8436750000109896],[3.843682200065814],7,12,124,1,857.4664017000468,,857.4507114000153,857.4664017000468,858.4499443999957,858.4499443999957,858.4670257000253,858.8663821000373,space,0.4119375000009313,None,858.8668903999496,859.2668011666431,859.5734802000225,859.5625364000443,859.5628774999641,859.5734802000225,859.5734802000225,859.5734802000225,863.4175018999958,540,1,[3.8436750000109896],[3.843682200065814],01,001,2025-11-05_18h31.52.568,intentional_binding_exp,,2025.1.1,60.157938622099465,2025-11-05 18h32.02.820104 +0530,
0.4,1000,exp,125,13,7,space,0.3242836999706924,None,380,1,[5.945957400021143],[5.945967900101095],7,13,125,10,863.4333464000374,,863.4177833000431,863.4333464000374,864.4330002999632,864.4330002999632,864.4330002999632,864.7672401999589,space,0.3242836999706924,None,864.7677347999997,865.1663549666448,865.4718971999828,865.4608677999349,865.4611992000137,865.4718971999828,865.4718971999828,865.4718971999828,871.41816380003,380,1,[5.945957400021143],[5.945967900101095],01,001,2025-11-05_18h31.52.568,intentional_binding_exp,,2025.1.1,60.157938622099465,2025-11-05 18h32.02.820104 +0530,
0.1,400,unexp,126,14,7,space,0.43050110002513975,None,450,1,[2.382350000087172],[2.3823569000232965],7,14,126,3,871.4334288999671,,871.4183720999863,871.4334288999671,872.4342420999892,872.4342420999892,872.4342420999892,872.8672869999427,space,0.43050110002513975,None,872.8680812999373,872.9671687666016,873.2755758999847,873.2635363000445,873.2638818999985,873.2755758999847,873.2755758999847,873.2755758999847,875.6582718000282,450,1,[2.382350000087172],[2.3823569000232965],01,001,2025-11-05_18h31.52.568,intentional_binding_exp,,2025.1.1,60.157938622099465,2025-11-05 18h32.02.820104 +0530,
0.7,1000,exp,127,15,7,space,0.44206869998015463,None,300,1,[3.4011861999752],[3.401196999941021],7,15,127,11,875.6708641999867,,875.6585024000378,875.6708641999867,876.6709787000436,876.6709787000436,876.6709787000436,877.1215442999965,space,0.44206869998015463,None,877.1220625999849,877.8211623666032,878.1214321999578,878.111135300016,878.1114837999921,878.1214321999578,878.1214321999578,878.1214321999578,881.5230192999588,300,1,[3.4011861999752],[3.401196999941021],01,001,2025-11-05_18h31.52.568,intentional_binding_exp,,2025.1.1,60.157938622099465,2025-11-05 18h32.02.820104 +0530,
0.4,1000,exp,128,0,8,space,0.2755464999936521,None,400,1,[4.8055681000696495],[4.805575800011866],8,0,128,13,881.5389316999353,,881.5232834999915,881.5389316999353,882.5382338999771,882.5382338999771,882.5382338999771,882.8220871000085,space,0.2755464999936521,None,882.8225528999465,883.2217502666792,883.5336943999864,883.5230727000162,883.5234274000395,883.5336943999864,883.5336943999864,883.5336943999864,888.3396419000346,400,1,[4.8055681000696495],[4.805575800011866],01,001,2025-11-05_18h31.52.568,intentional_binding_exp,,2025.1.1,60.157938622099465,2025-11-05 18h32.02.820104 +0530,
0.7,1000,exp,129,1,8,space,0.32554940006230026,None,500,1,[2.861044100020081],[2.8610543000977486],8,1,129,5,888.3551719000097,,888.3399740000023,888.3551719000097,889.3554583999794,889.3554583999794,889.3554583999794,889.6889668999938,space,0.32554940006230026,None,889.6894726000028,890.3890840666757,890.6960155999986,890.6848564000102,890.6851928000106,890.6960155999986,890.6960155999986,890.6960155999986,893.5574484999524,500,1,[2.861044100020081],[2.8610543000977486],01,001,2025-11-05_18h31.52.568,intentional_binding_exp,,2025.1.1,60.157938622099465,2025-11-05 18h32.02.820104 +0530,
0.1,1000,exp,130,2,8,space,0.7901322999969125,None,100,1,[1.6416406000498682],[1.6416563000530005],8,2,130,9,893.5721117999637,,893.5577189000323,893.5721117999637,894.555978499935,894.555978499935,894.572065699962,895.3557232000167,space,0.7901322999969125,None,895.3565439999802,895.4557702666536,895.7658337999601,895.7564029999776,895.756741899997,895.7658337999601,895.7658337999601,895.7658337999601,897.4079227999318,100,1,[1.6416406000498682],[1.6416563000530005],01,001,2025-11-05_18h31.52.568,intentional_binding_exp,,2025.1.1,60.157938622099465,2025-11-05 18h32.02.820104 +0530,
0.1,1000,exp,131,3,8,space,0.37418129993602633,None,150,1,[1.6913460000650957],[1.6913508999859914],8,3,131,6,897.4223440999631,,897.408249799977,897.4223440999631,898.4227778000059,898.4227778000059,898.4227778000059,898.8058424999472,space,0.37418129993602633,None,898.8063963999739,898.9066661666768,899.2150788999861,899.2053005000344,899.2056360000279,899.2150788999861,899.2150788999861,899.2150788999861,900.9066881999606,150,1,[1.6913460000650957],[1.6913508999859914],01,001,2025-11-05_18h31.52.568,intentional_binding_exp,,2025.1.1,60.157938622099465,2025-11-05 18h32.02.820104 +0530,
0.1,400,unexp,132,4,8,space,0.29253109998535365,None,300,1,[6.126519999932498],[6.126525399973616],8,4,132,3,900.9233706999803,,900.9068899999838,900.9233706999803,901.9058682000032,901.9058682000032,901.9232619999675,902.2063843000215,space,0.29253109998535365,None,902.2070209999802,902.3064934666656,902.6138178999536,902.6034953999333,902.603834199952,902.6138178999536,902.6138178999536,902.6138178999536,908.7406105999835,300,1,[6.126519999932498],[6.126525399973616],01,001,2025-11-05_18h31.52.568,intentional_binding_exp,,2025.1.1,60.157938622099465,2025-11-05 18h32.02.820104 +0530,
0.7,400,unexp,133,5,8,space,0.2842196000274271,None,500,1,[2.79119969997555],[2.7912051999010146],8,5,133,2,908.7564290999435,,908.7408119000029,908.7564290999435,909.7566784999799,909.7566784999799,909.7566784999799,910.0566255999729,space,0.2842196000274271,None,910.0574229999911,910.7565854666211,911.0653990999563,911.0557104999898,911.0562382999342,911.0653990999563,911.0653990999563,911.0653990999563,913.85686109995,500,1,[2.79119969997555],[2.7912051999010146],01,001,2025-11-05_18h31.52.568,intentional_binding_exp,,2025.1.1,60.157938622099465,2025-11-05 18h32.02.820104 +0530,
0.1,1000,exp,134,6,8,space,1.0182130999164656,None,200,1,[1.7067634999984875],[1.7067693000426516],8,6,134,15,913.8737167000072,,913.8570698000258,913.8737167000072,914.8573380999733,914.8573380999733,914.8733298999723,915.8913195999339,space,1.0182130999164656,None,915.8921024999581,916.007548366619,916.3177824999439,916.304797800025,916.3052609999431,916.3177824999439,916.3177824999439,916.3177824999439,918.0248090999667,200,1,[1.7067634999984875],[1.7067693000426516],01,001,2025-11-05_18h31.52.568,intentional_binding_exp,,2025.1.1,60.157938622099465,2025-11-05 18h32.02.820104 +0530,
0.7,1000,exp,135,7,8,space,0.6520564999664202,None,400,1,[4.906992899952456],[4.907004000036977],8,7,135,11,918.0409767000237,,918.0250127000036,918.0409767000237,919.0409119999968,919.0409119999968,919.0409119999968,919.7077820999548,space,0.6520564999664202,None,919.7085831000004,920.4076597666756,920.7176413999405,920.7082237999421,920.7085550000193,920.7176413999405,920.7176413999405,920.7176413999405,925.6250428999774,400,1,[4.906992899952456],[4.907004000036977],01,001,2025-11-05_18h31.52.568,intentional_binding_exp,,2025.1.1,60.157938622099465,2025-11-05 18h32.02.820104 +0530,
0.1,400,unexp,136,8,8,space,0.33500520000234246,None,500,1,[2.4747658000560477],[2.4747709000948817],8,8,136,0,925.6406202999642,,925.6254361999454,925.6406202999642,926.6237389999442,926.6237389999442,926.6410785999615,926.9752299999818,space,0.33500520000234246,None,926.9758098999737,927.0905045666188,927.4002464000368,927.3898556999629,927.3901914999587,927.4002464000368,927.4002464000368,927.4002464000368,929.8752708999673,500,1,[2.4747658000560477],[2.4747709000948817],01,001,2025-11-05_18h31.52.568,intentional_binding_exp,,2025.1.1,60.157938622099465,2025-11-05 18h32.02.820104 +0530,
0.4,1000,exp,137,9,8,space,0.35396129998844117,None,530,1,[4.727562399930321],[4.727574700023979],8,9,137,7,929.8913187000435,,929.8754706999753,929.8913187000435,930.8751613999484,930.8751613999484,930.8914339999901,931.241628699936,space,0.35396129998844117,None,931.2421976999613,931.6414863666907,931.9482407999458,931.9378767999588,931.9383114000084,931.9482407999458,931.9482407999458,931.9482407999458,936.676251100027,530,1,[4.727562399930321],[4.727574700023979],01,001,2025-11-05_18h31.52.568,intentional_binding_exp,,2025.1.1,60.157938622099465,2025-11-05 18h32.02.820104 +0530,
0.4,400,unexp,138,10,8,space,0.7436475999420509,None,600,1,[2.9101154000964016],[2.910120900021866],8,10,138,1,936.69160130003,,936.6765713000204,936.69160130003,937.6911104000174,937.6911104000174,937.6911104000174,938.4414379999507,space,0.7436475999420509,None,938.4419164999854,938.8416890666742,939.1493263000157,939.138304800028,939.1387407999719,939.1493263000157,939.1493263000157,939.1493263000157,942.0596851999871,600,1,[2.9101154000964016],[2.910120900021866],01,001,2025-11-05_18h31.52.568,intentional_binding_exp,,2025.1.1,60.157938622099465,2025-11-05 18h32.02.820104 +0530,
0.4,1000,exp,139,11,8,space,0.3261269999202341,None,500,1,[1.7415220000548288],[1.7415459000039846],8,11,139,4,942.075923299999,,942.0598926999373,942.075923299999,943.0748351999791,943.0748351999791,943.0748351999791,943.4095368999988,space,0.3261269999202341,None,943.4104312999407,943.8095212666706,944.1179650999838,944.1073988999706,944.1077300999314,944.1179650999838,944.1179650999838,944.1179650999838,945.8600145999808,500,1,[1.7415220000548288],[1.7415459000039846],01,001,2025-11-05_18h31.52.568,intentional_binding_exp,,2025.1.1,60.157938622099465,2025-11-05 18h32.02.820104 +0530,
0.1,1000,exp,140,12,8,space,0.39454280002973974,None,450,1,[6.790071800001897],[6.790076800039969],8,12,140,12,945.8749937999528,,945.8602588999784,945.8749937999528,946.8759322999977,946.8759322999977,946.8759322999977,947.2756168999476,space,0.39454280002973974,None,947.2761362999445,947.3751395666661,947.6864318000153,947.6769959999947,947.6773313999875,947.6864318000153,947.6864318000153,947.6864318000153,954.4767748999875,450,1,[6.790071800001897],[6.790076800039969],01,001,2025-11-05_18h31.52.568,intentional_binding_exp,,2025.1.1,60.157938622099465,2025-11-05 18h32.02.820104 +0530,
0.7,1000,exp,141,13,8,space,1.4478357000043616,None,600,1,[4.062800999963656],[4.0628060000017285],8,13,141,8,954.4923921000445,,954.476997599937,954.4923921000445,955.4762799999444,955.4762799999444,955.4936150000431,956.9261124000186,space,1.4478357000043616,None,956.9268845999613,957.6262363666358,957.930962100043,957.9206081000157,957.9209375999635,957.930962100043,957.930962100043,957.930962100043,961.9940047999844,600,1,[4.062800999963656],[4.0628060000017285],01,001,2025-11-05_18h31.52.568,intentional_binding_exp,,2025.1.1,60.157938622099465,2025-11-05 18h32.02.820104 +0530,
0.7,1000,exp,142,14,8,space,1.7271370999515057,None,500,1,[4.690130600007251],[4.690135600045323],8,14,142,14,962.0092122999486,,961.9941997999558,962.0092122999486,963.0094664000208,963.0094664000208,963.0094664000208,964.7431561000412,space,1.7271370999515057,None,964.7440283999313,965.4434188666676,965.7536669999827,965.74136059999,965.741905999952,965.7536669999827,965.7536669999827,965.7536669999827,970.4440530999564,500,1,[4.690130600007251],[4.690135600045323],01,001,2025-11-05_18h31.52.568,intentional_binding_exp,,2025.1.1,60.157938622099465,2025-11-05 18h32.02.820104 +0530,
0.4,1000,exp,143,15,8,space,1.1028198999119923,None,200,1,[6.887816399917938],[6.887827200000174],8,15,143,10,970.4599063999485,,970.444252199959,970.4599063999485,971.4432925999863,971.4432925999863,971.459860199946,972.5603675999446,space,1.1028198999119923,None,972.5608360000188,972.9598022666216,973.2735463000135,973.2633428999688,973.2636777999578,973.2735463000135,973.2735463000135,973.2735463000135,980.1617050999776,200,1,[6.887816399917938],[6.887827200000174],01,001,2025-11-05_18h31.52.568,intentional_binding_exp,,2025.1.1,60.157938622099465,2025-11-05 18h32.02.820104 +0530,
0.4,1000,exp,144,0,9,space,0.3205228999722749,None,500,1,[7.49010699999053],[7.490111899911426],9,0,144,10,980.1769646999892,,980.1619183999719,980.1769646999892,981.1782412000466,981.1782412000466,981.1782412000466,981.5115456000203,space,0.3205228999722749,None,981.5121233999962,981.9108118666957,982.2217915999936,982.2119490000186,982.2123104999773,982.2217915999936,982.2217915999936,982.2217915999936,989.7121392999543,500,1,[7.49010699999053],[7.490111899911426],01,001,2025-11-05_18h31.52.568,intentional_binding_exp,,2025.1.1,60.157938622099465,2025-11-05 18h32.02.820104 +0530,
0.4,1000,exp,145,1,9,space,0.33484679996035993,None,350,1,[3.496263699955307],[3.4962696000002325],9,1,145,7,989.7279778999509,,989.7123417999828,989.7279778999509,990.7275830999715,990.7275830999715,990.7275830999715,991.0782135999762,space,0.33484679996035993,None,991.0790132000111,991.4783533666671,991.78197859996,991.7722231999505,991.7725426999386,991.78197859996,991.78197859996,991.78197859996,995.2784819999943,350,1,[3.496263699955307],[3.4962696000002325],01,001,2025-11-05_18h31.52.568,intentional_binding_exp,,2025.1.1,60.157938622099465,2025-11-05 18h32.02.820104 +0530,
0.1,1000,exp,146,2,9,space,0.4059481000294909,None,100,1,[4.826919999904931],[4.826924899942242],9,2,146,9,995.2948794999393,,995.2786983000115,995.2948794999393,996.2781249999534,996.2781249999534,996.2947556000436,996.6956235000398,space,0.4059481000294909,None,996.69645389996,996.7948729666571,997.1023843999719,997.090519499965,997.0909920999547,997.1023843999719,997.1023843999719,997.1023843999719,1001.9295593999559,100,1,[4.826919999904931],[4.826924899942242],01,001,2025-11-05_18h31.52.568,intentional_binding_exp,,2025.1.1,60.157938622099465,2025-11-05 18h32.02.820104 +0530,
0.1,1000,exp,147,3,9,space,0.6012811000691727,None,110,1,[3.0419950999785215],[3.0420002000173554],9,3,147,12,1001.9447807000251,,1001.9297595999669,1001.9447807000251,1002.9287134000333,1002.9287134000333,1002.9455271000043,1003.5459620000329,space,0.6012811000691727,None,1003.5465636999579,1003.645306466675,1003.9539688000223,1003.9431490999414,1003.9437068999978,1003.9539688000223,1003.9539688000223,1003.9539688000223,1006.9962214999832,110,1,[3.0419950999785215],[3.0420002000173554],01,001,2025-11-05_18h31.52.568,intentional_binding_exp,,2025.1.1,60.157938622099465,2025-11-05 18h32.02.820104 +0530,
0.1,1000,exp,148,4,9,space,0.5990574000170454,None,350,1,[2.3617768000112846],[2.361782200052403],9,4,148,6,1007.0120235999348,,1006.9964166999562,1007.0120235999348,1007.9951485999627,1007.9951485999627,1008.0124299000017,1008.5954611999914,space,0.5990574000170454,None,1008.5959465999622,1008.6961182666166,1009.0015083999606,1008.9918761999579,1008.9922120999545,1009.0015083999606,1009.0015083999606,1009.0015083999606,1011.3635281999595,350,1,[2.3617768000112846],[2.361782200052403],01,001,2025-11-05_18h31.52.568,intentional_binding_exp,,2025.1.1,60.157938622099465,2025-11-05 18h32.02.820104 +0530,
0.7,1000,exp,149,5,9,space,0.3224614999489859,None,400,1,[3.8911624000174925],[3.8911726999795064],9,5,149,8,1011.3787366999313,,1011.3637726999586,1011.3787366999313,1012.3788025999675,1012.3788025999675,1012.3788025999675,1012.7135566000361,space,0.3224614999489859,None,1012.7143583999714,1013.4127635666557,1013.7225235999795,1013.7123281999957,1013.7126630999846,1013.7225235999795,1013.7225235999795,1013.7225235999795,1017.6140384000028,400,1,[3.8911624000174925],[3.8911726999795064],01,001,2025-11-05_18h31.52.568,intentional_binding_exp,,2025.1.1,60.157938622099465,2025-11-05 18h32.02.820104 +0530,
0.7,1000,exp,150,6,9,space,0.8851712999166921,None,350,1,[4.854667200008407],[4.854683000012301],9,6,150,11,1017.6294534000335,,1017.6143201999366,1017.6294534000335,1018.6123877000064,1018.6123877000064,1018.6295396999922,1019.5128289000131,space,0.8851712999166921,None,1019.5133770999964,1020.2127053666084,1020.5261853999691,1020.5157026000088,1020.5160469999537,1020.5261853999691,1020.5261853999691,1020.5261853999691,1025.3813758000033,350,1,[4.854667200008407],[4.854683000012301],01,001,2025-11-05_18h31.52.568,intentional_binding_exp,,2025.1.1,60.157938622099465,2025-11-05 18h32.02.820104 +0530,
0.1,400,unexp,151,7,9,space,2.269299400039017,None,300,1,[7.975911100045778],[7.975921800010838],9,7,151,3,1025.3961578999879,,1025.3817220999626,1025.3961578999879,1026.3964384000283,1026.3964384000283,1026.3964384000283,1028.6810518000275,space,2.269299400039017,None,1028.68160120002,1028.796703666627,1029.1055253000231,1029.096334300004,1029.0966703000013,1029.1055253000231,1029.1055253000231,1029.1055253000231,1037.0818036999553,300,1,[7.975911100045778],[7.975921800010838],01,001,2025-11-05_18h31.52.568,intentional_binding_exp,,2025.1.1,60.157938622099465,2025-11-05 18h32.02.820104 +0530,
0.7,1000,exp,152,8,9,space,0.24297120003029704,None,200,1,[6.841866999980994],[6.841872400022112],9,8,152,5,1037.0965428999625,,1037.0821494000265,1037.0965428999625,1038.0974473999813,1038.0974473999813,1038.0974473999813,1038.3469116999768,space,0.24297120003029704,None,1038.3473627000349,1039.0473466666338,1039.356267599971,1039.3459509999957,1039.3462870999938,1039.356267599971,1039.356267599971,1039.356267599971,1046.1983981999801,200,1,[6.841866999980994],[6.841872400022112],01,001,2025-11-05_18h31.52.568,intentional_binding_exp,,2025.1.1,60.157938622099465,2025-11-05 18h32.02.820104 +0530,
0.1,400,unexp,153,9,9,space,0.2820804000366479,None,600,1,[2.463241899968125],[2.4632518999278545],9,9,153,0,1046.213937500026,,1046.198618000024,1046.213937500026,1047.197446199949,1047.197446199949,1047.2148685000138,1047.481055399985,space,0.2820804000366479,None,1047.4815285999794,1047.5809487666158,1047.885257499991,1047.874614099972,1047.8749508999754,1047.885257499991,1047.885257499991,1047.885257499991,1050.3488426000113,600,1,[2.463241899968125],[2.4632518999278545],01,001,2025-11-05_18h31.52.568,intentional_binding_exp,,2025.1.1,60.157938622099465,2025-11-05 18h32.02.820104 +0530,
0.4,1000,exp,154,10,9,space,0.2280645000282675,None,300,1,[1.8933543999446556],[1.893359599984251],9,10,154,13,1050.3640712000197,,1050.3490514999721,1050.3640712000197,1051.3477157000452,1051.3477157000452,1051.3653613999486,1051.58170780004,space,0.2280645000282675,None,1051.5822127000429,1051.982062066618,1052.288727200008,1052.2778235999867,1052.278255800018,1052.288727200008,1052.288727200008,1052.288727200008,1054.1823328000028,300,1,[1.8933543999446556],[1.893359599984251],01,001,2025-11-05_18h31.52.568,intentional_binding_exp,,2025.1.1,60.157938622099465,2025-11-05 18h32.02.820104 +0530,
0.4,1000,exp,155,11,9,space,0.5107874000677839,None,300,1,[7.107287099934183],[7.107292199973017],9,11,155,4,1054.197830399964,,1054.182536700042,1054.197830399964,1055.1816052999347,1055.1816052999347,1055.1981137000257,1055.6995117999613,space,0.5107874000677839,None,1055.7002903999528,1056.115005266682,1056.4249732999597,1056.414233700023,1056.414574299939,1056.4249732999597,1056.4249732999597,1056.4249732999597,1063.5325142999645,300,1,[7.107287099934183],[7.107292199973017],01,001,2025-11-05_18h31.52.568,intentional_binding_exp,,2025.1.1,60.157938622099465,2025-11-05 18h32.02.820104 +0530,
0.4,400,unexp,156,12,9,space,0.27478519990108907,None,500,1,[5.229594700038433],[5.229600100079551],9,12,156,1,1063.5483389999717,,1063.532723100041,1063.5483389999717,1064.531911100028,1064.531911100028,1064.549124400015,1064.8161717000185,space,0.27478519990108907,None,1064.8166369999526,1065.232211866711,1065.5366431999719,1065.5255010999972,1065.5258287999313,1065.5366431999719,1065.5366431999719,1065.5366431999719,1070.7665080999723,500,1,[5.229594700038433],[5.229600100079551],01,001,2025-11-05_18h31.52.568,intentional_binding_exp,,2025.1.1,60.157938622099465,2025-11-05 18h32.02.820104 +0530,
0.1,1000,exp,157,13,9,space,0.3023874000646174,None,210,1,[3.126588699989952],[3.1265941000310704],9,13,157,15,1070.7821166999638,,1070.7667120000115,1070.7821166999638,1071.765573499957,1071.765573499957,1071.782630700036,1072.0829543999862,space,0.3023874000646174,None,1072.0835622999584,1072.1829209667087,1072.490021900041,1072.4794542000163,1072.4797975999536,1072.490021900041,1072.490021900041,1072.490021900041,1075.6168702000286,210,1,[3.126588699989952],[3.1265941000310704],01,001,2025-11-05_18h31.52.568,intentional_binding_exp,,2025.1.1,60.157938622099465,2025-11-05 18h32.02.820104 +0530,
0.7,400,unexp,158,14,9,space,0.7528421999886632,None,100,1,[6.1920708999969065],[6.192108300048858],9,14,158,2,1075.6325489999726,,1075.6170731999446,1075.6325489999726,1076.6165266999742,1076.6165266999742,1076.6332983999746,1077.38352579996,space,0.7528421999886632,None,1077.3840482999803,1078.0830807666682,1078.3918074000394,1078.3801652999828,1078.3807298999745,1078.3918074000394,1078.3918074000394,1078.3918074000394,1084.5841764999786,100,1,[6.1920708999969065],[6.192108300048858],01,001,2025-11-05_18h31.52.568,intentional_binding_exp,,2025.1.1,60.157938622099465,2025-11-05 18h32.02.820104 +0530,
0.7,1000,exp,159,15,9,space,1.2722809000406414,None,120,1,[6.280373799963854],[6.280380100011826],9,15,159,14,1084.5997350999387,,1084.5843768999912,1084.5997350999387,1085.5830872999504,1085.5830872999504,1085.599670000025,1086.866649899981,space,1.2722809000406414,None,1086.8672576999525,1087.5663009666061,1087.8702222999418,1087.8607675000094,1087.8611043000128,1087.8702222999418,1087.8702222999418,1087.8702222999418,1094.1508299999405,120,1,[6.280373799963854],[6.280380100011826],01,001,2025-11-05_18h31.52.568,intentional_binding_exp,,2025.1.1,60.157938622099465,2025-11-05 18h32.02.820104 +0530,
0.1,400,unexp,160,0,10,space,0.9202683999901637,None,99,1,[10.819010199978948],[10.81901559990365],10,0,160,3,1094.1669622999616,,1094.1510412000353,1094.1669622999616,1095.150446799933,1095.150446799933,1095.1669272000436,1096.0841551999329,space,0.9202683999901637,None,1096.0849378999555,1096.1843367666627,1096.4994905999629,1096.4892218000023,1096.4895668999525,1096.4994905999629,1096.4994905999629,1096.4994905999629,1107.3187504999805,99,1,[10.819010199978948],[10.81901559990365],01,001,2025-11-05_18h31.52.568,intentional_binding_exp,,2025.1.1,60.157938622099465,2025-11-05 18h32.02.820104 +0530,
0.4,1000,exp,161,1,10,space,0.7519194000633433,None,300,1,[10.243557000067085],[10.24356249999255],10,1,161,10,1107.3344243000029,,1107.3189573000418,1107.3344243000029,1108.3340754000237,1108.3340754000237,1108.3340754000237,1109.101262500044,space,0.7519194000633433,None,1109.1017309000017,1109.501255766667,1109.8088597999886,1109.7989313999424,1109.799281799933,1109.8088597999886,1109.8088597999886,1109.8088597999886,1120.052688100026,300,1,[10.243557000067085],[10.24356249999255],01,001,2025-11-05_18h31.52.568,intentional_binding_exp,,2025.1.1,60.157938622099465,2025-11-05 18h32.02.820104 +0530,
0.4,1000,exp,162,2,10,space,3.0679473999189213,None,350,1,[13.773474399931729],[13.77347999997437],10,2,162,13,1120.0681599000236,,1120.0529062999412,1120.0681599000236,1121.0683094999986,1121.0683094999986,1121.0683094999986,1124.1519272000296,space,3.0679473999189213,None,1124.1524390999693,1124.5520013666867,1124.8634923000354,1124.8533474999713,1124.853690000018,1124.8634923000354,1124.8634923000354,1124.8634923000354,1138.6372505000327,350,1,[13.773474399931729],[13.77347999997437],01,001,2025-11-05_18h31.52.568,intentional_binding_exp,,2025.1.1,60.157938622099465,2025-11-05 18h32.02.820104 +0530,
0.7,1000,exp,163,3,10,space,0.2579000999685377,None,200,1,[5.574873800040223],[5.57487949996721],10,3,163,8,1138.6527430999558,,1138.637458799989,1138.6527430999558,1139.6369058999699,1139.6369058999699,1139.6532250000164,1139.902840900002,space,0.2579000999685377,None,1139.9034133999376,1140.6031018666147,1140.9120408999734,1140.9025556000415,1140.9028862999985,1140.9120408999734,1140.9120408999734,1140.9120408999734,1146.4871853999794,200,1,[5.574873800040223],[5.57487949996721],01,001,2025-11-05_18h31.52.568,intentional_binding_exp,,2025.1.1,60.157938622099465,2025-11-05 18h32.02.820104 +0530,
0.1,1000,exp,164,4,10,space,1.4964783999603242,None,390,1,[11.090932499966584],[11.090938600013033],10,4,164,15,1146.5034438000293,,1146.4873797999462,1146.5034438000293,1147.486897900002,1147.486897900002,1147.503254899988,1148.9872842000332,space,1.4964783999603242,None,1148.9880872999784,1149.086900666651,1149.397371900035,1149.3851911999518,1149.3855353000108,1149.397371900035,1149.397371900035,1149.397371900035,1160.4885856999317,390,1,[11.090932499966584],[11.090938600013033],01,001,2025-11-05_18h31.52.568,intentional_binding_exp,,2025.1.1,60.157938622099465,2025-11-05 18h32.02.820104 +0530,
0.7,400,unexp,165,5,10,space,0.2394639999838546,None,700,1,[7.840199999976903],[7.840205000014976],10,5,165,2,1160.5038029999705,,1160.4887883999618,1160.5038029999705,1161.488261600025,1161.488261600025,1161.5038872000296,1161.7375505999662,space,0.2394639999838546,None,1161.7383205000078,1162.4375903666407,1162.7495225999737,1162.736749200034,1162.7370924999705,1162.7495225999737,1162.7495225999737,1162.7495225999737,1170.5899921000237,700,1,[7.840199999976903],[7.840205000014976],01,001,2025-11-05_18h31.52.568,intentional_binding_exp,,2025.1.1,60.157938622099465,2025-11-05 18h32.02.820104 +0530,
0.7,1000,exp,166,6,10,space,0.3205415999982506,None,550,1,[9.357412899960764],[9.357422899920493],10,6,166,5,1170.6042624999536,,1170.5901921000332,1170.6042624999536,1171.604502400034,1171.604502400034,1171.604502400034,1171.938789900043,space,0.3205415999982506,None,1171.9395476999925,1172.6379555666974,1172.9486450999975,1172.9336556999478,1172.9340950000333,1172.9486450999975,1172.9486450999975,1172.9486450999975,1182.3064211000456,550,1,[9.357412899960764],[9.357422899920493],01,001,2025-11-05_18h31.52.568,intentional_binding_exp,,2025.1.1,60.157938622099465,2025-11-05 18h32.02.820104 +0530,
0.4,1000,exp,167,7,10,space,0.22394659998826683,None,400,1,[5.775831899954937],[5.775842300034128],10,7,167,4,1182.3216085999738,,1182.3066956000403,1182.3216085999738,1183.321818599943,1183.321818599943,1183.321818599943,1183.5562942000106,space,0.22394659998826683,None,1183.5571080000373,1183.9721813667022,1184.2807826999342,1184.2705445999745,1184.2710432000458,1184.2807826999342,1184.2807826999342,1184.2807826999342,1190.0569545000326,400,1,[5.775831899954937],[5.775842300034128],01,001,2025-11-05_18h31.52.568,intentional_binding_exp,,2025.1.1,60.157938622099465,2025-11-05 18h32.02.820104 +0530,
0.7,1000,exp,168,8,10,space,0.9214942998951301,None,350,1,[7.784996900008991],[7.785164700006135],10,8,168,14,1190.0721562999533,,1190.0571809000103,1190.0721562999533,1191.0556851000292,1191.0556851000292,1191.072192599997,1191.9896596999606,space,0.9214942998951301,None,1191.9903021999635,1192.6892511665976,1192.9984446000308,1192.988890800043,1192.989235199988,1192.9984446000308,1192.9984446000308,1192.9984446000308,1200.7842327000108,350,1,[7.784996900008991],[7.785164700006135],01,001,2025-11-05_18h31.52.568,intentional_binding_exp,,2025.1.1,60.157938622099465,2025-11-05 18h32.02.820104 +0530,
0.1,1000,exp,169,9,10,space,0.5645422000670806,None,100,1,[4.025130799971521],[4.025140800047666],10,9,169,9,1200.7980371000012,,1200.7847646999871,1200.7980371000012,1201.7980169999646,1201.7980169999646,1201.7980169999646,1202.3653606999433,space,0.5645422000670806,None,1202.3661766999867,1202.46456206666,1202.7829662000295,1202.762229199987,1202.7628834999632,1202.7829662000295,1202.7829662000295,1202.7829662000295,1206.808491999982,100,1,[4.025130799971521],[4.025140800047666],01,001,2025-11-05_18h31.52.568,intentional_binding_exp,,2025.1.1,60.157938622099465,2025-11-05 18h32.02.820104 +0530,
0.4,400,unexp,170,10,10,space,1.3180162999778986,None,100,1,[10.873473500018008],[10.873483299976215],10,10,170,1,1206.8229702999815,,1206.808805800043,1206.8229702999815,1207.8070747000165,1207.8070747000165,1207.8231114000082,1209.1414867000422,space,1.3180162999778986,None,1209.1425116999308,1209.540991866674,1209.85631990002,1209.8372379000066,1209.837918599951,1209.85631990002,1209.85631990002,1209.85631990002,1220.7301903000334,100,1,[10.873473500018008],[10.873483299976215],01,001,2025-11-05_18h31.52.568,intentional_binding_exp,,2025.1.1,60.157938622099465,2025-11-05 18h32.02.820104 +0530,
0.1,1000,exp,171,11,10,space,2.754249299992807,None,150,1,[4.658688399940729],[4.658702100045048],10,11,171,6,1220.7454624000238,,1220.7304847999476,1220.7454624000238,1221.7291939000133,1221.7291939000133,1221.7457540000323,1224.496837100014,space,2.754249299992807,None,1224.4979425999336,1224.6130341666906,1224.9328862000257,1224.9112749999622,1224.9120876999805,1224.9328862000257,1224.9328862000257,1224.9328862000257,1229.5920623999555,150,1,[4.658688399940729],[4.658702100045048],01,001,2025-11-05_18h31.52.568,intentional_binding_exp,,2025.1.1,60.157938622099465,2025-11-05 18h32.02.820104 +0530,
0.1,1000,exp,172,12,10,space,0.2856893000425771,None,200,1,[6.171378999948502],[6.171390599920414],10,12,172,12,1229.6070243000286,,1229.592275199946,1229.6070243000286,1230.6073483999353,1230.6073483999353,1230.6073483999353,1230.9078112000134,space,0.2856893000425771,None,1230.9084383000154,1231.0073476666041,1231.3196451000404,1231.3030516,1231.3036435999675,1231.3196451000404,1231.3196451000404,1231.3196451000404,1237.4914211999858,200,1,[6.171378999948502],[6.171390599920414],01,001,2025-11-05_18h31.52.568,intentional_binding_exp,,2025.1.1,60.157938622099465,2025-11-05 18h32.02.820104 +0530,
0.7,1000,exp,173,13,10,space,0.7093841000460088,None,400,1,[3.663368600071408],[3.6633734999923036],10,13,173,11,1237.5070321999956,,1237.491673899931,1237.5070321999956,1238.4909372000257,1238.4909372000257,1238.507038999931,1239.2076747999527,space,0.7093841000460088,None,1239.2083697000053,1239.9068989667032,1240.2122623999603,1240.2015952999936,1240.201954399934,1240.2122623999603,1240.2122623999603,1240.2122623999603,1243.8758811999578,400,1,[3.663368600071408],[3.6633734999923036],01,001,2025-11-05_18h31.52.568,intentional_binding_exp,,2025.1.1,60.157938622099465,2025-11-05 18h32.02.820104 +0530,
0.4,1000,exp,174,14,10,space,0.548128700000234,None,500,1,[3.7419018000364304],[3.7419083999702707],10,14,174,7,1243.8908921999391,,1243.8760678999824,1243.8908921999391,1244.8916901999619,1244.8916901999619,1244.8916901999619,1245.4410684999311,space,0.548128700000234,None,1245.4415550000267,1245.8407107666756,1246.1502910000272,1246.1401700000279,1246.140518900007,1246.1502910000272,1246.1502910000272,1246.1502910000272,1249.8924806000432,500,1,[3.7419018000364304],[3.7419083999702707],01,001,2025-11-05_18h31.52.568,intentional_binding_exp,,2025.1.1,60.157938622099465,2025-11-05 18h32.02.820104 +0530,
0.1,400,unexp,175,15,10,space,1.1123292000265792,None,550,1,[2.8915975999552757],[2.8916078999172896],10,15,175,0,1249.9074364999542,,1249.892698599957,1249.9074364999542,1250.908657199936,1250.908657199936,1250.908657199936,1252.0256155999377,space,1.1123292000265792,None,1252.0260926999617,1252.1413281666503,1252.4505195999518,1252.4396428000182,1252.439982400043,1252.4505195999518,1252.4505195999518,1252.4505195999518,1255.3425011000363,550,1,[2.8915975999552757],[2.8916078999172896],01,001,2025-11-05_18h31.52.568,intentional_binding_exp,,2025.1.1,60.157938622099465,2025-11-05 18h32.02.820104 +0530,
0.4,1000,exp,176,0,11,space,0.30920440005138516,None,330,1,[5.190398699953221],[5.190408999915235],11,0,176,7,1255.3583863000385,,1255.3427774000447,1255.3583863000385,1256.3581019999692,1256.3581019999692,1256.3581019999692,1256.6755753000034,space,0.30920440005138516,None,1256.6761410000036,1257.075017566622,1257.3853624999756,1257.3715778000187,1257.3720588999568,1257.3853624999756,1257.3853624999756,1257.3853624999756,1262.5761429000413,330,1,[5.190398699953221],[5.190408999915235],01,001,2025-11-05_18h31.52.568,intentional_binding_exp,,2025.1.1,60.157938622099465,2025-11-05 18h32.02.820104 +0530,
0.1,400,unexp,177,1,11,space,0.6955196000635624,None,400,1,[10.409240199951455],[10.409251099918038],11,1,177,0,1262.5917239999399,,1262.5764797000447,1262.5917239999399,1263.5761626999592,1263.5761626999592,1263.592623100034,1264.2764869999373,space,0.6955196000635624,None,1264.2769873000216,1264.3757221666785,1264.6849229999352,1264.6726134000346,1264.6729701999575,1264.6849229999352,1264.6849229999352,1264.6849229999352,1275.0946005999576,400,1,[10.409240199951455],[10.409251099918038],01,001,2025-11-05_18h31.52.568,intentional_binding_exp,,2025.1.1,60.157938622099465,2025-11-05 18h32.02.820104 +0530,
0.4,1000,exp,178,2,11,space,0.22055880003608763,None,250,1,[2.1257067000260577],[2.125717000104487],11,2,178,4,1275.1106885999907,,1275.0949467000319,1275.1106885999907,1276.1102534999372,1276.1102534999372,1276.1102534999372,1276.3443760999944,space,0.22055880003608763,None,1276.3449836999644,1276.7611793666767,1277.0691040999955,1277.0591133999405,1277.0596088999882,1277.0691040999955,1277.0691040999955,1277.0691040999955,1279.1951860999689,250,1,[2.1257067000260577],[2.125717000104487],01,001,2025-11-05_18h31.52.568,intentional_binding_exp,,2025.1.1,60.157938622099465,2025-11-05 18h32.02.820104 +0530,
0.7,1000,exp,179,3,11,space,0.23076569999102503,None,580,1,[2.7938181000063196],[2.793824200052768],11,3,179,8,1279.2112086999696,,1279.195476999972,1279.2112086999696,1280.2109135999344,1280.2109135999344,1280.2109135999344,1280.4444443000248,space,0.23076569999102503,None,1280.4451135999989,1281.144094466643,1281.452162600006,1281.4424608999398,1281.442804499995,1281.452162600006,1281.452162600006,1281.452162600006,1284.2462422000244,580,1,[2.7938181000063196],[2.793824200052768],01,001,2025-11-05_18h31.52.568,intentional_binding_exp,,2025.1.1,60.157938622099465,2025-11-05 18h32.02.820104 +0530,
0.4,1000,exp,180,4,11,space,0.25982030003797263,None,220,1,[5.324709700071253],[5.324715199996717],11,4,180,10,1284.260399300023,,1284.2464449999388,1284.260399300023,1285.2604273000034,1285.2604273000034,1285.2604273000034,1285.5276972999563,space,0.25982030003797263,None,1285.5281712999567,1285.928086366683,1286.2372527000261,1286.2270590999397,1286.2274070000276,1286.2372527000261,1286.2372527000261,1286.2372527000261,1291.5622534999857,220,1,[5.324709700071253],[5.324715199996717],01,001,2025-11-05_18h31.52.568,intentional_binding_exp,,2025.1.1,60.157938622099465,2025-11-05 18h32.02.820104 +0530,
0.1,1000,exp,181,5,11,space,0.20566990005318075,None,500,1,[2.1083231999073178],[2.1083339999895543],11,5,181,6,1291.577555899974,,1291.56246679998,1291.577555899974,1292.5776830000104,1292.5776830000104,1292.5776830000104,1292.7948747000191,space,0.20566990005318075,None,1292.7954071999993,1292.8940496666512,1293.2035027999664,1293.1923848999431,1293.1927543999627,1293.2035027999664,1293.2035027999664,1293.2035027999664,1295.3122319999384,500,1,[2.1083231999073178],[2.1083339999895543],01,001,2025-11-05_18h31.52.568,intentional_binding_exp,,2025.1.1,60.157938622099465,2025-11-05 18h32.02.820104 +0530,
0.7,400,unexp,182,6,11,space,0.2545889000175521,None,600,1,[3.012118700076826],[3.0121253000106663],11,6,182,2,1295.3277836999623,,1295.312492499943,1295.3277836999623,1296.3119475999847,1296.3119475999847,1296.3282589999726,1296.5781253000023,space,0.2545889000175521,None,1296.5786266999785,1297.278684366673,1297.5833066999912,1297.5731398999924,1297.573498200043,1297.5833066999912,1297.5833066999912,1297.5833066999912,1300.5956820000429,600,1,[3.012118700076826],[3.0121253000106663],01,001,2025-11-05_18h31.52.568,intentional_binding_exp,,2025.1.1,60.157938622099465,2025-11-05 18h32.02.820104 +0530,
0.4,1000,exp,183,7,11,space,0.30703500006347895,None,280,1,[4.256710699992254],[4.256721499958076],11,7,183,13,1300.6113047000254,,1300.5959009999642,1300.6113047000254,1301.5952243999345,1301.5952243999345,1301.611695599975,1301.9121962999925,space,0.30703500006347895,None,1301.9129822000396,1302.3122735666732,1302.62274469994,1302.609334000037,1302.6097834999673,1302.62274469994,1302.62274469994,1302.62274469994,1306.879786000005,280,1,[4.256710699992254],[4.256721499958076],01,001,2025-11-05_18h31.52.568,intentional_binding_exp,,2025.1.1,60.157938622099465,2025-11-05 18h32.02.820104 +0530,
0.1,1000,exp,184,8,11,space,0.3830227000871673,None,150,1,[2.7254114999668673],[2.7254216000437737],11,8,184,12,1306.8950155000202,,1306.880004900042,1306.8950155000202,1307.8950663999422,1307.8950663999422,1307.8950663999422,1308.2793460999383,space,0.3830227000871673,None,1308.2798562999815,1308.378661466708,1308.687511099968,1308.6775350000244,1308.677862499957,1308.687511099968,1308.687511099968,1308.687511099968,1311.4132699000183,150,1,[2.7254114999668673],[2.7254216000437737],01,001,2025-11-05_18h31.52.568,intentional_binding_exp,,2025.1.1,60.157938622099465,2025-11-05 18h32.02.820104 +0530,
0.7,1000,exp,185,9,11,space,0.38766339991707355,None,540,1,[2.0612099000718445],[2.06122100003995],11,9,185,5,1311.428524899995,,1311.4134781999746,1311.428524899995,1312.4288832000457,1312.4288832000457,1312.4288832000457,1312.8294467999367,space,0.38766339991707355,None,1312.8302272999426,1313.5298107666351,1313.8363370000152,1313.8249986999435,1313.8253290000139,1313.8363370000152,1313.8363370000152,1313.8363370000152,1315.8978938999353,540,1,[2.0612099000718445],[2.06122100003995],01,001,2025-11-05_18h31.52.568,intentional_binding_exp,,2025.1.1,60.157938622099465,2025-11-05 18h32.02.820104 +0530,
0.1,1000,exp,186,10,11,space,0.2684124999213964,None,100,1,[2.3552627000026405],[2.3552738999715075],11,10,186,15,1315.9123303999659,,1315.8980940999463,1315.9123303999659,1316.9121661999961,1316.9121661999961,1316.9121661999961,1317.1959713000106,space,0.2684124999213964,None,1317.1968601000262,1317.295865666649,1317.6086780999321,1317.5980841999408,1317.5984233999625,1317.6086780999321,1317.6086780999321,1317.6086780999321,1319.9642653999617,100,1,[2.3552627000026405],[2.3552738999715075],01,001,2025-11-05_18h31.52.568,intentional_binding_exp,,2025.1.1,60.157938622099465,2025-11-05 18h32.02.820104 +0530,
0.1,400,unexp,187,11,11,space,0.2973281000740826,None,100,1,[2.162060200003907],[2.162072699982673],11,11,187,3,1319.9794240000192,,1319.964479599963,1319.9794240000192,1320.9799351999536,1320.9799351999536,1320.9799351999536,1321.2799029999878,space,0.2973281000740826,None,1321.2805474000052,1321.3791557666302,1321.6852955999784,1321.6739488999592,1321.6743444999447,1321.6852955999784,1321.6852955999784,1321.6852955999784,1323.8477205999661,100,1,[2.162060200003907],[2.162072699982673],01,001,2025-11-05_18h31.52.568,intentional_binding_exp,,2025.1.1,60.157938622099465,2025-11-05 18h32.02.820104 +0530,
0.1,1000,exp,188,12,11,space,1.1612347000045702,None,210,1,[2.8438167000422254],[2.8438272000057623],11,12,188,9,1323.863162499969,,1323.8479522999842,1323.863162499969,1324.8626908999868,1324.8626908999868,1324.8626908999868,1326.0295571000315,space,1.1612347000045702,None,1326.0300398999825,1326.1303343666407,1326.436670999974,1326.4257319000317,1326.4260612999788,1326.436670999974,1326.436670999974,1326.436670999974,1329.280935699935,210,1,[2.8438167000422254],[2.8438272000057623],01,001,2025-11-05_18h31.52.568,intentional_binding_exp,,2025.1.1,60.157938622099465,2025-11-05 18h32.02.820104 +0530,
0.4,400,unexp,189,13,11,space,0.32780389999970794,None,300,1,[3.751932100043632],[3.751943100010976],11,13,189,1,1329.2964274999686,,1329.2812379000243,1329.2964274999686,1330.2968803000404,1330.2968803000404,1330.2968803000404,1330.6301568000345,space,0.32780389999970794,None,1330.6306846999796,1331.031014466604,1331.3458051999332,1331.3328421999468,1331.3333478999557,1331.3458051999332,1331.3458051999332,1331.3458051999332,1335.0980270999717,300,1,[3.751932100043632],[3.751943100010976],01,001,2025-11-05_18h31.52.568,intentional_binding_exp,,2025.1.1,60.157938622099465,2025-11-05 18h32.02.820104 +0530,
0.7,1000,exp,190,14,11,space,0.5444428999908268,None,200,1,[4.341831599944271],[4.341842300025746],11,14,190,11,1335.1135697000427,,1335.0982313000131,1335.1135697000427,1336.097024000017,1336.097024000017,1336.1134808999486,1336.6483828999335,space,0.5444428999908268,None,1336.64914949995,1337.3634820666086,1337.6726607000455,1337.6626698999899,1337.6630049999803,1337.6726607000455,1337.6726607000455,1337.6726607000455,1342.0147824999876,200,1,[4.341831599944271],[4.341842300025746],01,001,2025-11-05_18h31.52.568,intentional_binding_exp,,2025.1.1,60.157938622099465,2025-11-05 18h32.02.820104 +0530,
0.7,1000,exp,191,15,11,space,0.3338667000643909,None,500,1,[2.124117000028491],[2.1241220000665635],11,15,191,14,1342.0308288999368,,1342.0149950999767,1342.0308288999368,1343.0142534000333,1343.0142534000333,1343.0315220999764,1343.3652743999846,space,0.3338667000643909,None,1343.3660219999729,1344.0808039666774,1344.3902008000296,1344.3795445000287,1344.3799122000346,1344.3902008000296,1344.3902008000296,1344.3902008000296,1346.514557300019,500,1,[2.124117000028491],[2.1241220000665635],01,001,2025-11-05_18h31.52.568,intentional_binding_exp,,2025.1.1,60.157938622099465,2025-11-05 18h32.02.820104 +0530,
0.7,1000,exp,192,0,12,space,0.5212879000464454,None,400,1,[1.5135726000880823],[1.5135832000523806],12,0,192,8,1346.5305120999692,,1346.514755900018,1346.5305120999692,1347.5150508999359,1347.5150508999359,1347.5308604999445,1348.0485031999415,space,0.5212879000464454,None,1348.0493693000171,1348.7477910667114,1349.0517740999348,1349.0404243000085,1349.0407577999867,1349.0517740999348,1349.0517740999348,1349.0517740999348,1350.565742900013,400,1,[1.5135726000880823],[1.5135832000523806],01,001,2025-11-05_18h31.52.568,intentional_binding_exp,,2025.1.1,60.157938622099465,2025-11-05 18h32.02.820104 +0530,
0.4,1000,exp,193,1,12,space,0.43118389998562634,None,390,1,[3.1033390999073163],[3.1033448999514803],12,1,193,7,1350.5812816999387,,1350.5659426000202,1350.5812816999387,1351.5648221999872,1351.5648221999872,1351.5819148999872,1351.99889659998,space,0.43118389998562634,None,1351.9994064000202,1352.3981423666157,1352.713087299955,1352.7007775999373,1352.7013465999626,1352.713087299955,1352.713087299955,1352.713087299955,1355.81669649994,390,1,[3.1033390999073163],[3.1033448999514803],01,001,2025-11-05_18h31.52.568,intentional_binding_exp,,2025.1.1,60.157938622099465,2025-11-05 18h32.02.820104 +0530,
0.4,1000,exp,194,2,12,space,0.4206742000533268,None,450,1,[6.124856399954297],[6.124861899996176],12,2,194,10,1355.8323756000027,,1355.8169104999397,1355.8323756000027,1356.8159800999565,1356.8159800999565,1356.8326248000376,1357.2509174000006,space,0.4206742000533268,None,1357.2516868000384,1357.666668766706,1357.9755113000283,1357.965097200009,1357.96544239996,1357.9755113000283,1357.9755113000283,1357.9755113000283,1364.1006253999658,450,1,[6.124856399954297],[6.124861899996176],01,001,2025-11-05_18h31.52.568,intentional_binding_exp,,2025.1.1,60.157938622099465,2025-11-05 18h32.02.820104 +0530,
0.7,400,unexp,195,3,12,space,0.27795949997380376,None,750,1,[3.260353000019677],[3.2603606999618933],12,3,195,2,1364.1163024000125,,1364.100830600015,1364.1163024000125,1365.0995598000009,1365.0995598000009,1365.1166394000174,1365.3833853999386,space,0.27795949997380376,None,1365.3841567999916,1366.0838557666323,1366.39050400001,1366.3797294000397,1366.380166899995,1366.39050400001,1366.39050400001,1366.39050400001,1369.6511643000413,750,1,[3.260353000019677],[3.2603606999618933],01,001,2025-11-05_18h31.52.568,intentional_binding_exp,,2025.1.1,60.157938622099465,2025-11-05 18h32.02.820104 +0530,
0.1,1000,exp,196,4,12,space,0.3059915999183431,None,420,1,[5.686597299994901],[5.686607899959199],12,4,196,6,1369.6663032999495,,1369.6513858999824,1369.6663032999495,1370.6666941000149,1370.6666941000149,1370.6666941000149,1370.984374199994,space,0.3059915999183431,None,1370.9851479999488,1371.1009002666144,1371.4146374999546,1371.4028761000372,1371.4034026999725,1371.4146374999546,1371.4146374999546,1371.4146374999546,1377.1016171999509,420,1,[5.686597299994901],[5.686607899959199],01,001,2025-11-05_18h31.52.568,intentional_binding_exp,,2025.1.1,60.157938622099465,2025-11-05 18h32.02.820104 +0530,
0.7,1000,exp,197,5,12,space,0.8150109000271186,None,450,1,[3.2557186000049114],[3.255732799996622],12,5,197,5,1377.117416699999,,1377.1018680999987,1377.117416699999,1378.1009595999494,1378.1009595999494,1378.1172960000113,1378.9179816000396,space,0.8150109000271186,None,1378.91846169997,1379.6182759666738,1379.9292134999996,1379.9195315999677,1379.9198725000024,1379.9292134999996,1379.9292134999996,1379.9292134999996,1383.185335499933,450,1,[3.2557186000049114],[3.255732799996622],01,001,2025-11-05_18h31.52.568,intentional_binding_exp,,2025.1.1,60.157938622099465,2025-11-05 18h32.02.820104 +0530,
0.7,1000,exp,198,6,12,space,0.4846287000691518,None,600,1,[4.908901399932802],[4.908912000013515],12,6,198,14,1383.2008396999445,,1383.185561500024,1383.2008396999445,1384.1851623000111,1384.1851623000111,1384.2009206999792,1384.6850038999692,space,0.4846287000691518,None,1384.6857960999478,1385.384643566624,1385.6939203999937,1385.6842594000045,1385.6845914999722,1385.6939203999937,1385.6939203999937,1385.6939203999937,1390.6031774999574,600,1,[4.908901399932802],[4.908912000013515],01,001,2025-11-05_18h31.52.568,intentional_binding_exp,,2025.1.1,60.157938622099465,2025-11-05 18h32.02.820104 +0530,
0.1,400,unexp,199,7,12,space,10.415634899982251,None,400,1,[4.921307599986903],[4.92132219998166],12,7,199,0,1390.617849900038,,1390.6033945999807,1390.617849900038,1391.6101905000396,1391.6101905000396,1391.6273936999496,1402.0295435000444,space,10.415634899982251,None,1402.0303379000397,1402.1337942666762,1402.4610158000141,1402.4345959000057,1402.4353746999986,1402.4610158000141,1402.4610158000141,1402.4610158000141,1407.3828322000336,400,1,[4.921307599986903],[4.92132219998166],01,001,2025-11-05_18h31.52.568,intentional_binding_exp,,2025.1.1,60.157938622099465,2025-11-05 18h32.02.820104 +0530,
0.4,1000,exp,200,8,12,space,0.6043645000318065,None,450,1,[10.28581079992],[10.285821400000714],12,8,200,13,1407.3985186000355,,1407.3833453999832,1407.3985186000355,1408.3819020999363,1408.3819020999363,1408.3988176999846,1409.000392499962,space,0.6043645000318065,None,1409.0011233999394,1409.3995311667134,1409.7160087999655,1409.7017205000157,1409.7021790000144,1409.7160087999655,1409.7160087999655,1409.7160087999655,1420.0022117999615,450,1,[10.28581079992],[10.285821400000714],01,001,2025-11-05_18h31.52.568,intentional_binding_exp,,2025.1.1,60.157938622099465,2025-11-05 18h32.02.820104 +0530,
0.4,400,unexp,201,9,12,space,0.24323770008049905,None,200,1,[3.195574300014414],[3.1955796000547707],12,9,201,1,1420.0183615999995,,1420.0025594999315,1420.0183615999995,1421.0017329000402,1421.0017329000402,1421.0182986999862,1421.252035500016,space,0.24323770008049905,None,1421.2527840000112,1421.6516949666586,1421.9566588000162,1421.946127800038,1421.946461500018,1421.9566588000162,1421.9566588000162,1421.9566588000162,1425.152491100016,200,1,[3.195574300014414],[3.1955796000547707],01,001,2025-11-05_18h31.52.568,intentional_binding_exp,,2025.1.1,60.157938622099465,2025-11-05 18h32.02.820104 +0530,
0.1,1000,exp,202,10,12,space,0.2830253998981789,None,120,1,[2.323894100030884],[2.3239001999609172],12,10,202,15,1425.1685037999414,,1425.1526972999563,1425.1685037999414,1426.1531040000264,1426.1531040000264,1426.168990300037,1426.452332100016,space,0.2830253998981789,None,1426.4528461999726,1426.5517460666053,1426.8623232999817,1426.8527258000104,1426.8531136999372,1426.8623232999817,1426.8623232999817,1426.8623232999817,1429.1864911000011,120,1,[2.323894100030884],[2.3239001999609172],01,001,2025-11-05_18h31.52.568,intentional_binding_exp,,2025.1.1,60.157938622099465,2025-11-05 18h32.02.820104 +0530,
0.1,1000,exp,203,11,12,space,0.19979139999486506,None,90,1,[4.2073625000193715],[4.207373199984431],12,11,203,12,1429.2020593000343,,1429.1867183999857,1429.2020593000343,1430.202214299934,1430.202214299934,1430.202214299934,1430.4025893999496,space,0.19979139999486506,None,1430.4031186000211,1430.5020599666207,1430.8137869000202,1430.8030035999836,1430.8033367999597,1430.8137869000202,1430.8137869000202,1430.8137869000202,1435.0215215999633,90,1,[4.2073625000193715],[4.207373199984431],01,001,2025-11-05_18h31.52.568,intentional_binding_exp,,2025.1.1,60.157938622099465,2025-11-05 18h32.02.820104 +0530,
0.1,1000,exp,204,12,12,space,0.42464209999889135,None,100,1,[2.294883899972774],[2.29489190003369],12,12,204,9,1435.0356034999713,,1435.0217207999667,1435.0356034999713,1436.0356631999603,1436.0356631999603,1436.0356631999603,1436.4693527999334,space,0.42464209999889135,None,1436.4698895999463,1436.5691728667045,1436.8749239000026,1436.8642429000465,1436.8645728999982,1436.8749239000026,1436.8749239000026,1436.8749239000026,1439.1700530999806,100,1,[2.294883899972774],[2.29489190003369],01,001,2025-11-05_18h31.52.568,intentional_binding_exp,,2025.1.1,60.157938622099465,2025-11-05 18h32.02.820104 +0530,
0.1,400,unexp,205,13,12,space,1.0765265000518411,None,399,1,[10.373618999961764],[10.373629400040954],12,13,205,3,1439.1864295999985,,1439.1702614999376,1439.1864295999985,1440.169435299933,1440.169435299933,1440.1861168999458,1441.2529121999396,space,1.0765265000518411,None,1441.253615799942,1441.3534009666803,1441.6642386999447,1441.6541600000346,1441.6545235000085,1441.6642386999447,1441.6642386999447,1441.6642386999447,1452.0383784000296,399,1,[10.373618999961764],[10.373629400040954],01,001,2025-11-05_18h31.52.568,intentional_binding_exp,,2025.1.1,60.157938622099465,2025-11-05 18h32.02.820104 +0530,
0.7,1000,exp,206,14,12,space,0.831012099981308,None,600,1,[2.476055599981919],[2.476065899943933],12,14,206,11,1452.0532800999936,,1452.0386099000461,1452.0532800999936,1453.053384799976,1453.053384799976,1453.053384799976,1453.8875438999385,space,0.831012099981308,None,1453.8883223000448,1454.5866554666466,1454.8949009999633,1454.8853126999456,1454.885652899975,1454.8949009999633,1454.8949009999633,1454.8949009999633,1457.3713390999474,600,1,[2.476055599981919],[2.476065899943933],01,001,2025-11-05_18h31.52.568,intentional_binding_exp,,2025.1.1,60.157938622099465,2025-11-05 18h32.02.820104 +0530,
0.4,1000,exp,207,15,12,space,0.3247771000023931,None,245,1,[8.143598700058647],[8.143604299984872],12,15,207,4,1457.38689850003,,1457.3716922999592,1457.38689850003,1458.3875787999714,1458.3875787999714,1458.3875787999714,1458.7205477999523,space,0.3247771000023931,None,1458.720996499993,1459.1204350666997,1459.4277450999944,1459.4169568000361,1459.4174105999991,1459.4277450999944,1459.4277450999944,1459.4277450999944,1467.5716096999822,245,1,[8.143598700058647],[8.143604299984872],01,001,2025-11-05_18h31.52.568,intentional_binding_exp,,2025.1.1,60.157938622099465,2025-11-05 18h32.02.820104 +0530,
0.1,400,unexp,208,0,13,space,0.28471539996098727,None,555,1,[2.49311340006534],[2.4931186999892816],13,0,208,3,1467.587469900027,,1467.5718172999332,1467.587469900027,1468.571462300024,1468.571462300024,1468.5878611999797,1468.871265499969,space,0.28471539996098727,None,1468.8717821999453,1468.971129366608,1469.278917199932,1469.267764499993,1469.2682878000196,1469.278917199932,1469.278917199932,1469.278917199932,1471.772273599985,555,1,[2.49311340006534],[2.4931186999892816],01,001,2025-11-05_18h31.52.568,intentional_binding_exp,,2025.1.1,60.157938622099465,2025-11-05 18h32.02.820104 +0530,
0.1,1000,exp,209,1,13,space,0.2777189000044018,None,210,1,[4.658843499957584],[4.658848699997179],13,1,209,9,1471.7885786000406,,1471.7724803000456,1471.7885786000406,1472.7719518999802,1472.7719518999802,1472.7881609000033,1473.0561481999466,space,0.2777189000044018,None,1473.0568950000452,1473.1710659666608,1473.4799202999566,1473.4686483000405,1473.4691455999855,1473.4799202999566,1473.4799202999566,1473.4799202999566,1478.1390093000373,210,1,[4.658843499957584],[4.658848699997179],01,001,2025-11-05_18h31.52.568,intentional_binding_exp,,2025.1.1,60.157938622099465,2025-11-05 18h32.02.820104 +0530,
0.1,1000,exp,210,2,13,space,0.5917416999582201,None,100,1,[2.95916169998236],[2.959172200062312],13,2,210,15,1478.1547485999763,,1478.1392160999821,1478.1547485999763,1479.1383454999886,1479.1383454999886,1479.1549213000108,1479.739232199965,space,0.5917416999582201,None,1479.740131599945,1479.8546058666582,1480.163508699974,1480.1527137999656,1480.1530486999545,1480.163508699974,1480.163508699974,1480.163508699974,1483.1230641000438,100,1,[2.95916169998236],[2.959172200062312],01,001,2025-11-05_18h31.52.568,intentional_binding_exp,,2025.1.1,60.157938622099465,2025-11-05 18h32.02.820104 +0530,
0.4,1000,exp,211,3,13,space,0.7218537000007927,None,280,1,[3.5618780999211594],[3.5618838999653235],13,3,211,7,1483.138355199946,,1483.1232685999712,1483.138355199946,1484.1384422000265,1484.1384422000265,1484.1384422000265,1484.8718829000136,space,0.7218537000007927,None,1484.872357300017,1485.2717431666717,1485.577874199953,1485.567765799933,1485.5680904999608,1485.577874199953,1485.577874199953,1485.577874199953,1489.1400212999433,280,1,[3.5618780999211594],[3.5618838999653235],01,001,2025-11-05_18h31.52.568,intentional_binding_exp,,2025.1.1,60.157938622099465,2025-11-05 18h32.02.820104 +0530,
0.1,400,unexp,212,4,13,space,0.16710079996846616,None,450,1,[4.573195600067265],[4.573206200031564],13,4,212,0,1489.155369499931,,1489.14029869996,1489.155369499931,1490.1566086999374,1490.1566086999374,1490.1566086999374,1490.3397369999439,space,0.16710079996846616,None,1490.3402914999751,1490.4388777666647,1490.7500372999348,1490.7404061999405,1490.7407447999576,1490.7500372999348,1490.7500372999348,1490.7500372999348,1495.3234905999852,450,1,[4.573195600067265],[4.573206200031564],01,001,2025-11-05_18h31.52.568,intentional_binding_exp,,2025.1.1,60.157938622099465,2025-11-05 18h32.02.820104 +0530,
0.4,1000,exp,213,5,13,space,0.34858029999304563,None,350,1,[7.773482799995691],[7.773493699962273],13,5,213,4,1495.3391072000377,,1495.323696800042,1495.3391072000377,1496.338884799974,1496.338884799974,1496.338884799974,1496.6905054999515,space,0.34858029999304563,None,1496.6910984000424,1497.1065764666457,1497.4178311999422,1497.4070149000036,1497.407350399997,1497.4178311999422,1497.4178311999422,1497.4178311999422,1505.191673399997,350,1,[7.773482799995691],[7.773493699962273],01,001,2025-11-05_18h31.52.568,intentional_binding_exp,,2025.1.1,60.157938622099465,2025-11-05 18h32.02.820104 +0530,
0.7,1000,exp,214,6,13,space,0.7623048999812454,None,500,1,[1.943767899996601],[1.9437733000377193],13,6,214,14,1505.206210799981,,1505.1918783000438,1505.206210799981,1506.2073947000317,1506.2073947000317,1506.2073947000317,1506.9734841999598,space,0.7623048999812454,None,1506.9740279000252,1507.6735890666644,1507.9798400000436,1507.9694877000293,1507.9698267999338,1507.9798400000436,1507.9798400000436,1507.9798400000436,1509.92386119999,500,1,[1.943767899996601],[1.9437733000377193],01,001,2025-11-05_18h31.52.568,intentional_binding_exp,,2025.1.1,60.157938622099465,2025-11-05 18h32.02.820104 +0530,
0.1,1000,exp,215,7,13,space,0.26803779997862875,None,450,1,[5.62422889994923],[5.624233999988064],13,7,215,6,1509.9398233999964,,1509.9240735999774,1509.9398233999964,1510.923785299994,1510.923785299994,1510.9407666999614,1511.2071365000447,space,0.26803779997862875,None,1511.2076307999669,1511.3065701666676,1511.6174232999329,1511.6051176999463,1511.605539400014,1511.6174232999329,1511.6174232999329,1511.6174232999329,1517.2419160000281,450,1,[5.62422889994923],[5.624233999988064],01,001,2025-11-05_18h31.52.568,intentional_binding_exp,,2025.1.1,60.157938622099465,2025-11-05 18h32.02.820104 +0530,
0.1,1000,exp,216,8,13,space,0.448130700038746,None,450,1,[3.243128399946727],[3.243133299984038],13,8,216,12,1517.2570968000218,,1517.2421288000187,1517.2570968000218,1518.2575561000267,1518.2575561000267,1518.2575561000267,1518.7081196999643,space,0.448130700038746,None,1518.7090252999915,1518.8236745666402,1519.1316300999606,1519.1210747000296,1519.1214195999783,1519.1316300999606,1519.1316300999606,1519.1316300999606,1522.3750186000252,450,1,[3.243128399946727],[3.243133299984038],01,001,2025-11-05_18h31.52.568,intentional_binding_exp,,2025.1.1,60.157938622099465,2025-11-05 18h32.02.820104 +0530,
0.4,1000,exp,217,9,13,space,0.3627042000880465,None,350,1,[5.910001499927603],[5.910012899897993],13,9,217,13,1522.3908430000301,,1522.375217600027,1522.3908430000301,1523.3909660000354,1523.3909660000354,1523.3909660000354,1523.7575482999673,space,0.3627042000880465,None,1523.7580315000378,1524.1577371666829,1524.4649062999524,1524.4526236000238,1524.4530184000032,1524.4649062999524,1524.4649062999524,1524.4649062999524,1530.3752932000207,350,1,[5.910001499927603],[5.910012899897993],01,001,2025-11-05_18h31.52.568,intentional_binding_exp,,2025.1.1,60.157938622099465,2025-11-05 18h32.02.820104 +0530,
0.7,1000,exp,218,10,13,space,2.6084311000304297,None,250,1,[5.7854622000595555],[5.785467500099912],13,10,218,8,1530.3911097999662,,1530.3755420999369,1530.3911097999662,1531.3745067999698,1531.3745067999698,1531.3911305000074,1533.9916665999917,space,2.6084311000304297,None,1533.9922178999986,1534.692462766605,1535.0074080999475,1534.9941222999478,1534.9944489999907,1535.0074080999475,1535.0074080999475,1535.0074080999475,1540.7932348999893,250,1,[5.7854622000595555],[5.785467500099912],01,001,2025-11-05_18h31.52.568,intentional_binding_exp,,2025.1.1,60.157938622099465,2025-11-05 18h32.02.820104 +0530,
0.7,1000,exp,219,11,13,space,6.11191019997932,None,650,1,[1.9940192999783903],[1.9940297999419272],13,11,219,5,1540.807982899947,,1540.7934508000035,1540.807982899947,1541.8094055999536,1541.8094055999536,1541.8094055999536,1547.9257126000011,space,6.11191019997932,None,1547.9265039999736,1548.6257247666983,1548.9327053000452,1548.9216990999412,1548.9221917999675,1548.9327053000452,1548.9327053000452,1548.9327053000452,1550.9270789000439,650,1,[1.9940192999783903],[1.9940297999419272],01,001,2025-11-05_18h31.52.568,intentional_binding_exp,,2025.1.1,60.157938622099465,2025-11-05 18h32.02.820104 +0530,
0.4,1000,exp,220,12,13,space,7.244964199955575,None,340,1,[4.576376999961212],[4.5763875000411645],13,12,220,10,1550.9421277999645,,1550.9273027000017,1550.9421277999645,1551.9252565000206,1551.9252565000206,1551.942249899963,1559.1768311000196,space,7.244964199955575,None,1559.1776213999838,1559.575948466609,1559.884883599938,1559.8743689999683,1559.874709900003,1559.884883599938,1559.884883599938,1559.884883599938,1564.4615503000095,340,1,[4.576376999961212],[4.5763875000411645],01,001,2025-11-05_18h31.52.568,intentional_binding_exp,,2025.1.1,60.157938622099465,2025-11-05 18h32.02.820104 +0530,
0.7,400,unexp,221,13,13,space,4.051377299940214,None,500,1,[12.01979749999009],[12.019803300034255],13,13,221,2,1564.4770567000378,,1564.4617526000366,1564.4770567000378,1565.4770621999633,1565.4770621999633,1565.4770621999633,1569.5439993999898,space,4.051377299940214,None,1569.544476400013,1570.2443961667052,1570.558677699999,1570.5478705000132,1570.548223300022,1570.558677699999,1570.558677699999,1570.558677699999,1582.5787450999487,500,1,[12.01979749999009],[12.019803300034255],01,001,2025-11-05_18h31.52.568,intentional_binding_exp,,2025.1.1,60.157938622099465,2025-11-05 18h32.02.820104 +0530,
0.7,1000,exp,222,14,13,space,3.642790300073102,None,230,1,[4.572281300090253],[4.572286700014956],13,14,222,11,1582.593779799994,,1582.5789463999681,1582.593779799994,1583.593815500033,1583.593815500033,1583.593815500033,1587.2446492000017,space,3.642790300073102,None,1587.245126200025,1587.9440784666842,1588.2566094000358,1588.2466806999873,1588.247013599961,1588.2566094000358,1588.2566094000358,1588.2566094000358,1592.8291485999944,230,1,[4.572281300090253],[4.572286700014956],01,001,2025-11-05_18h31.52.568,intentional_binding_exp,,2025.1.1,60.157938622099465,2025-11-05 18h32.02.820104 +0530,
0.4,400,unexp,223,15,13,space,2.3920186000177637,None,450,1,[4.474404799984768],[4.474410100025125],13,15,223,1,1592.8446085000178,,1592.8293526000343,1592.8446085000178,1593.8446177999722,1593.8446177999722,1593.8446177999722,1596.2451379999984,space,2.3920186000177637,None,1596.2459142999724,1596.6453130666089,1596.955378200044,1596.9458104999503,1596.94615470001,1596.955378200044,1596.955378200044,1596.955378200044,1601.4300333999563,450,1,[4.474404799984768],[4.474410100025125],01,001,2025-11-05_18h31.52.568,intentional_binding_exp,,2025.1.1,60.157938622099465,2025-11-05 18h32.02.820104 +0530,
0.7,1000,exp,224,0,14,space,7.338204299914651,None,400,1,[5.671674399985932],[5.671684899949469],14,0,224,5,1601.4449364000466,,1601.4302379,1601.4449364000466,1602.4451095999684,1602.4451095999684,1602.4451095999684,1609.7962471999926,space,7.338204299914651,None,1609.7968864999712,1610.4959301666279,1610.8094507999485,1610.7996107999934,1610.8001393999439,1610.8094507999485,1610.8094507999485,1610.8094507999485,1616.481580200023,400,1,[5.671674399985932],[5.671684899949469],01,001,2025-11-05_18h31.52.568,intentional_binding_exp,,2025.1.1,60.157938622099465,2025-11-05 18h32.02.820104 +0530,
0.4,400,unexp,225,1,14,space,0.2837005000328645,None,650,1,[4.460056800046004],[4.460061899968423],14,1,225,1,1616.4957376000239,,1616.4818357999902,1616.4957376000239,1617.4966841000132,1617.4966841000132,1617.4966841000132,1617.796249600011,space,0.2837005000328645,None,1617.7967193999793,1618.1959924667065,1618.503446299932,1618.4904870999744,1618.4910101999994,1618.503446299932,1618.503446299932,1618.503446299932,1622.963763399981,650,1,[4.460056800046004],[4.460061899968423],01,001,2025-11-05_18h31.52.568,intentional_binding_exp,,2025.1.1,60.157938622099465,2025-11-05 18h32.02.820104 +0530,
0.7,400,unexp,226,2,14,space,0.2483853999292478,None,550,1,[5.453892399906181],[5.453899699961767],14,2,226,2,1622.9802870999556,,1622.963976799976,1622.9802870999556,1623.9629464999307,1623.9629464999307,1623.9798233000329,1624.2132796000224,space,0.2483853999292478,None,1624.2140540999826,1624.9131941666749,1625.2275221999735,1625.2169809000334,1625.2173679999541,1625.2275221999735,1625.2275221999735,1625.2275221999735,1630.681696100044,550,1,[5.453892399906181],[5.453899699961767],01,001,2025-11-05_18h31.52.568,intentional_binding_exp,,2025.1.1,60.157938622099465,2025-11-05 18h32.02.820104 +0530,
0.4,1000,exp,227,3,14,space,0.4035557999741286,None,300,1,[7.8955543000483885],[7.895560399978422],14,3,227,10,1630.6967345000012,,1630.6819111999357,1630.6967345000012,1631.696788799949,1631.696788799949,1631.696788799949,1632.1141007000115,space,0.4035557999741286,None,1632.1146805000026,1632.513586466612,1632.8194747000234,1632.809399300022,1632.809758999967,1632.8194747000234,1632.8194747000234,1632.8194747000234,1640.7152828000253,300,1,[7.8955543000483885],[7.895560399978422],01,001,2025-11-05_18h31.52.568,intentional_binding_exp,,2025.1.1,60.157938622099465,2025-11-05 18h32.02.820104 +0530,
0.1,400,unexp,228,4,14,space,0.27731280005536973,None,400,1,[6.644123799982481],[6.644128999905661],14,4,228,3,1640.730928999954,,1640.7154882999603,1640.730928999954,1641.7305716000265,1641.7305716000265,1641.7305716000265,1642.014464500011,space,0.27731280005536973,None,1642.0152576999972,1642.1145446666671,1642.4213740000268,1642.4111941000447,1642.4115363999736,1642.4213740000268,1642.4213740000268,1642.4213740000268,1649.0657724000048,400,1,[6.644123799982481],[6.644128999905661],01,001,2025-11-05_18h31.52.568,intentional_binding_exp,,2025.1.1,60.157938622099465,2025-11-05 18h32.02.820104 +0530,
0.1,1000,exp,229,5,14,space,0.32523610000498593,None,500,1,[4.038840400055051],[4.038847799994983],14,5,229,15,1649.0809695000062,,1649.0659792999504,1649.0809695000062,1650.0645550999325,1650.0645550999325,1650.0812390999636,1650.3983060999308,space,0.32523610000498593,None,1650.3991169999354,1650.4975733666836,1650.8111726000207,1650.8009820999578,1650.8013246000046,1650.8111726000207,1650.8111726000207,1650.8111726000207,1654.850338499993,500,1,[4.038840400055051],[4.038847799994983],01,001,2025-11-05_18h31.52.568,intentional_binding_exp,,2025.1.1,60.157938622099465,2025-11-05 18h32.02.820104 +0530,
0.1,1000,exp,230,6,14,space,0.2372036000015214,None,100,1,[1.309070400078781],[1.309075600001961],14,6,230,12,1654.8650787000079,,1654.8505451999372,1654.8650787000079,1655.8647155000363,1655.8647155000363,1655.8647155000363,1656.1160562000005,space,0.2372036000015214,None,1656.116848399979,1656.215322166627,1656.5231966000283,1656.510865099961,1656.5111949000275,1656.5231966000283,1656.5231966000283,1656.5231966000283,1657.8325401999755,100,1,[1.309070400078781],[1.309075600001961],01,001,2025-11-05_18h31.52.568,intentional_binding_exp,,2025.1.1,60.157938622099465,2025-11-05 18h32.02.820104 +0530,
0.7,1000,exp,231,7,14,space,0.3088289999868721,None,600,1,[1.6285984999267384],[1.6286035999655724],14,7,231,14,1657.8484259999823,,1657.832737299963,1657.8484259999823,1658.8489860999398,1658.8489860999398,1658.8489860999398,1659.165829799953,space,0.3088289999868721,None,1659.1664902999764,1659.8651994666473,1660.1708204000024,1660.1604653999675,1660.1607986999443,1660.1708204000024,1660.1708204000024,1660.1708204000024,1661.7996742000105,600,1,[1.6285984999267384],[1.6286035999655724],01,001,2025-11-05_18h31.52.568,intentional_binding_exp,,2025.1.1,60.157938622099465,2025-11-05 18h32.02.820104 +0530,
0.7,1000,exp,232,8,14,space,0.23039559996686876,None,550,1,[1.3735355000244454],[1.3735409000655636],14,8,232,11,1661.814981500036,,1661.7998772000428,1661.814981500036,1662.8160193000222,1662.8160193000222,1662.8160193000222,1663.049354000017,space,0.23039559996686876,None,1663.04999520001,1663.7490401666767,1664.059539000038,1664.048888099962,1664.0492222999455,1664.059539000038,1664.059539000038,1664.059539000038,1665.4333463000366,550,1,[1.3735355000244454],[1.3735409000655636],01,001,2025-11-05_18h31.52.568,intentional_binding_exp,,2025.1.1,60.157938622099465,2025-11-05 18h32.02.820104 +0530,
0.1,1000,exp,233,9,14,space,0.2676801000488922,None,120,1,[2.1094927999656647],[2.109502699924633],14,9,233,6,1665.4483600000385,,1665.433552099974,1665.4483600000385,1666.4326030999655,1666.4326030999655,1666.449732500012,1666.7159175999695,space,0.2676801000488922,None,1666.7164748000214,1666.8154118667046,1667.1235389999347,1667.113609699998,1667.1139622000046,1667.1235389999347,1667.1235389999347,1667.1235389999347,1669.233459900017,120,1,[2.1094927999656647],[2.109502699924633],01,001,2025-11-05_18h31.52.568,intentional_binding_exp,,2025.1.1,60.157938622099465,2025-11-05 18h32.02.820104 +0530,
0.7,1000,exp,234,10,14,space,1.1113050000276417,None,150,1,[3.8080930000869557],[3.80809780000709],14,10,234,8,1669.2489034000318,,1669.2336914000334,1669.2489034000318,1670.2493734000018,1670.2493734000018,1670.2493734000018,1671.3662560000084,space,1.1113050000276417,None,1671.3669190999353,1672.0657165666964,1672.375440099975,1672.3645969999488,1672.3649256000062,1672.375440099975,1672.375440099975,1672.375440099975,1676.1837926999433,150,1,[3.8080930000869557],[3.80809780000709],01,001,2025-11-05_18h31.52.568,intentional_binding_exp,,2025.1.1,60.157938622099465,2025-11-05 18h32.02.820104 +0530,
0.4,1000,exp,235,11,14,space,0.21438979997765273,None,250,1,[1.9594357000896707],[1.9594409000128508],14,11,235,7,1676.1991021999856,,1676.183990899939,1676.1991021999856,1677.1993113999488,1677.1993113999488,1677.1993113999488,1677.416051200009,space,0.21438979997765273,None,1677.4165308999363,1677.8169274666036,1678.1244010999799,1678.112948199967,1678.1133973000105,1678.1244010999799,1678.1244010999799,1678.1244010999799,1680.0841018999927,250,1,[1.9594357000896707],[1.9594409000128508],01,001,2025-11-05_18h31.52.568,intentional_binding_exp,,2025.1.1,60.157938622099465,2025-11-05 18h32.02.820104 +0530,
0.4,1000,exp,236,12,14,space,0.31035060004796833,None,200,1,[4.15366020007059],[4.153670600033365],14,12,236,13,1680.0995395999635,,1680.0843038000166,1680.0995395999635,1681.0832666000351,1681.0832666000351,1681.1000057000201,1681.4000020000385,space,0.31035060004796833,None,1681.4007181000197,1681.8000145666922,1682.1135514000198,1682.1025840999791,1682.1029244000092,1682.1135514000198,1682.1135514000198,1682.1135514000198,1686.267545199953,200,1,[4.15366020007059],[4.153670600033365],01,001,2025-11-05_18h31.52.568,intentional_binding_exp,,2025.1.1,60.157938622099465,2025-11-05 18h32.02.820104 +0530,
0.1,400,unexp,237,13,14,space,0.29495170002337545,None,490,1,[4.563073199940845],[4.563078399980441],14,13,237,0,1686.2839028999442,,1686.2677900999552,1686.2839028999442,1687.2672570999712,1687.2672570999712,1687.2838197000092,1687.5667404000415,space,0.29495170002337545,None,1687.5675162000116,1687.6666021666645,1687.971304000006,1687.9607213999843,1687.9610537999542,1687.971304000006,1687.971304000006,1687.971304000006,1692.5346333000343,490,1,[4.563073199940845],[4.563078399980441],01,001,2025-11-05_18h31.52.568,intentional_binding_exp,,2025.1.1,60.157938622099465,2025-11-05 18h32.02.820104 +0530,
0.1,1000,exp,238,14,14,space,0.394156499998644,None,380,1,[5.4501239999663085],[5.450129700009711],14,14,238,9,1692.549937200034,,1692.5348315000301,1692.549937200034,1693.5339979999699,1693.5339979999699,1693.5506880000466,1693.9342999999644,space,0.394156499998644,None,1693.9350995999994,1694.0348603666682,1694.3509778999723,1694.336312099942,1694.336627200013,1694.3509778999723,1694.3509778999723,1694.3509778999723,1699.8013921999373,380,1,[5.4501239999663085],[5.450129700009711],01,001,2025-11-05_18h31.52.568,intentional_binding_exp,,2025.1.1,60.157938622099465,2025-11-05 18h32.02.820104 +0530,
0.4,1000,exp,239,15,14,space,0.3108339000027627,None,400,1,[5.593600300024264],[5.593610499985516],14,15,239,4,1699.8173685999354,,1699.8016334000276,1699.8173685999354,1700.801613699994,1700.801613699994,1700.8178499999922,1701.1179596999427,space,0.3108339000027627,None,1701.1185207000235,1701.5173149665973,1701.8250431999331,1701.8146990999812,1701.8150490999687,1701.8250431999331,1701.8250431999331,1701.8250431999331,1707.4190066000447,400,1,[5.593600300024264],[5.593610499985516],01,001,2025-11-05_18h31.52.568,intentional_binding_exp,,2025.1.1,60.157938622099465,2025-11-05 18h32.02.820104 +0530,
0.1,1000,exp,240,0,15,space,0.7156044999137521,None,350,1,[5.92758760007564],[5.927592899999581],15,0,240,6,1707.4343771999702,,1707.4192206000444,1707.4343771999702,1708.4344143000199,1708.4344143000199,1708.4344143000199,1709.1516104999464,space,0.7156044999137521,None,1709.152111100033,1709.25122426666,1709.5580986000132,1709.5470456000185,1709.5474564000033,1709.5580986000132,1709.5580986000132,1709.5580986000132,1715.4859306999715,350,1,[5.92758760007564],[5.927592899999581],01,001,2025-11-05_18h31.52.568,intentional_binding_exp,,2025.1.1,60.157938622099465,2025-11-05 18h32.02.820104 +0530,
0.7,400,unexp,241,1,15,space,0.31857460003811866,None,600,1,[1.8228848000289872],[1.8228904999559745],15,1,241,2,1715.501742499997,,1715.4861499000108,1715.501742499997,1716.501544800005,1716.501544800005,1716.501544800005,1716.8356894999743,space,0.31857460003811866,None,1716.8362411999842,1717.534999766682,1717.8466053999728,1717.8370301999385,1717.8373904000036,1717.8466053999728,1717.8466053999728,1717.8466053999728,1719.669741599937,600,1,[1.8228848000289872],[1.8228904999559745],01,001,2025-11-05_18h31.52.568,intentional_binding_exp,,2025.1.1,60.157938622099465,2025-11-05 18h32.02.820104 +0530,
0.1,1000,exp,242,2,15,space,0.3139015999622643,None,200,1,[1.7889499999582767],[1.788964599953033],15,2,242,15,1719.6854749999475,,1719.6699456999777,1719.6854749999475,1720.685308599961,1720.685308599961,1720.685308599961,1721.0022403999465,space,0.3139015999622643,None,1721.0028095999733,1721.1024490666498,1721.4139813999645,1721.4038072000258,1721.4041438000277,1721.4139813999645,1721.4139813999645,1721.4139813999645,1723.2034451999934,200,1,[1.7889499999582767],[1.788964599953033],01,001,2025-11-05_18h31.52.568,intentional_binding_exp,,2025.1.1,60.157938622099465,2025-11-05 18h32.02.820104 +0530,
0.4,1000,exp,243,3,15,space,0.240971100050956,None,380,1,[4.74438689998351],[4.744397000060417],15,3,243,7,1723.219320000033,,1723.203709000023,1723.219320000033,1724.2184948000358,1724.2184948000358,1724.2184948000358,1724.468995400006,space,0.240971100050956,None,1724.4697791000362,1724.8688122666829,1725.1752121000318,1725.1653275999706,1725.1656930999598,1725.1752121000318,1725.1752121000318,1725.1752121000318,1729.919974999968,380,1,[4.74438689998351],[4.744397000060417],01,001,2025-11-05_18h31.52.568,intentional_binding_exp,,2025.1.1,60.157938622099465,2025-11-05 18h32.02.820104 +0530,
0.4,400,unexp,244,4,15,space,0.27520120004191995,None,410,1,[4.558627599966712],[4.558633100008592],15,4,244,1,1729.9357974999584,,1729.9203126999782,1729.9357974999584,1730.9364952000324,1730.9364952000324,1730.9364952000324,1731.2192451000446,space,0.27520120004191995,None,1731.2197265999857,1731.6201242666614,1731.9282339999918,1731.9156970999902,1731.9162214000244,1731.9282339999918,1731.9282339999918,1731.9282339999918,1736.4871132000117,410,1,[4.558627599966712],[4.558633100008592],01,001,2025-11-05_18h31.52.568,intentional_binding_exp,,2025.1.1,60.157938622099465,2025-11-05 18h32.02.820104 +0530,
0.7,1000,exp,245,5,15,space,0.23672139993868768,None,500,1,[2.8380463999928907],[2.838051800034009],15,5,245,11,1736.502637699945,,1736.4873340999475,1736.502637699945,1737.4869130000006,1737.4869130000006,1737.5026858999627,1737.7365045000333,space,0.23672139993868768,None,1737.737302799942,1738.4368245666303,1738.7490738999331,1738.7391027000267,1738.7394755999558,1738.7490738999331,1738.7490738999331,1738.7490738999331,1741.5873817999382,500,1,[2.8380463999928907],[2.838051800034009],01,001,2025-11-05_18h31.52.568,intentional_binding_exp,,2025.1.1,60.157938622099465,2025-11-05 18h32.02.820104 +0530,
0.4,1000,exp,246,6,15,space,0.29636690008919686,None,350,1,[2.889783599996008],[2.889788900036365],15,6,246,4,1741.6030852999538,,1741.5875775000313,1741.6030852999538,1742.5863113999367,1742.5863113999367,1742.603255199967,1742.8869975999696,space,0.29636690008919686,None,1742.8874947000295,1743.2869417666845,1743.5973319000332,1743.5864724999992,1743.586846799939,1743.5973319000332,1743.5973319000332,1743.5973319000332,1746.487373400014,350,1,[2.889783599996008],[2.889788900036365],01,001,2025-11-05_18h31.52.568,intentional_binding_exp,,2025.1.1,60.157938622099465,2025-11-05 18h32.02.820104 +0530,
0.4,1000,exp,247,7,15,space,0.8567876999732107,None,420,1,[4.513704599929042],[4.513716100016609],15,7,247,13,1746.503245000029,,1746.4875776999397,1746.503245000029,1747.4881191999884,1747.4881191999884,1747.5042492999928,1748.3538454000372,space,0.8567876999732107,None,1748.3546655999962,1748.7538820666416,1749.0581075999653,1749.0481339000398,1749.048653600039,1749.0581075999653,1749.0581075999653,1749.0581075999653,1753.5722006999422,420,1,[4.513704599929042],[4.513716100016609],01,001,2025-11-05_18h31.52.568,intentional_binding_exp,,2025.1.1,60.157938622099465,2025-11-05 18h32.02.820104 +0530,
0.7,1000,exp,248,8,15,space,1.6654247000114992,None,500,1,[1.6277652999851853],[1.6277705000247806],15,8,248,5,1753.5869347000262,,1753.5724306999473,1753.5869347000262,1754.587593400036,1754.587593400036,1754.587593400036,1756.2541245999746,space,1.6654247000114992,None,1756.2546056000283,1756.953669066603,1757.2600387999555,1757.2495258999988,1757.2498627000023,1757.2600387999555,1757.2600387999555,1757.2600387999555,1758.8880639999406,500,1,[1.6277652999851853],[1.6277705000247806],01,001,2025-11-05_18h31.52.568,intentional_binding_exp,,2025.1.1,60.157938622099465,2025-11-05 18h32.02.820104 +0530,
0.1,1000,exp,249,9,15,space,0.5680587999522686,None,100,1,[1.9939426999771968],[1.993948300019838],15,9,249,12,1758.904528599931,,1758.8882676999783,1758.904528599931,1759.8872266999679,1759.8872266999679,1759.9043986999895,1760.4715308999876,space,0.5680587999522686,None,1760.4722646999871,1760.5712732666327,1760.8774982000468,1760.8670552000403,1760.8673932999372,1760.8774982000468,1760.8774982000468,1760.8774982000468,1762.871678299969,100,1,[1.9939426999771968],[1.993948300019838],01,001,2025-11-05_18h31.52.568,intentional_binding_exp,,2025.1.1,60.157938622099465,2025-11-05 18h32.02.820104 +0530,
0.7,1000,exp,250,10,15,space,0.5290244000498205,None,300,1,[1.696906799916178],[1.696917499997653],15,10,250,14,1762.8875114000402,,1762.8718745999504,1762.8875114000402,1763.8710326999426,1763.8710326999426,1763.8875036999816,1764.404332099948,space,0.5290244000498205,None,1764.4050792999333,1765.1045701666192,1765.408092299942,1765.397314999951,1765.3976858999813,1765.408092299942,1765.408092299942,1765.408092299942,1767.10539599997,300,1,[1.696906799916178],[1.696917499997653],01,001,2025-11-05_18h31.52.568,intentional_binding_exp,,2025.1.1,60.157938622099465,2025-11-05 18h32.02.820104 +0530,
0.1,400,unexp,251,11,15,space,0.27218239998910576,None,95,1,[2.0253952000057325],[2.0254023999441415],15,11,251,3,1767.1210872000083,,1767.1057244000258,1767.1210872000083,1768.1043085999554,1768.1043085999554,1768.1213486000197,1768.3883971000323,space,0.27218239998910576,None,1768.3890515000094,1768.4878919666555,1768.79784689995,1768.7886549000395,1768.78899130004,1768.79784689995,1768.79784689995,1768.79784689995,1770.823517999961,95,1,[2.0253952000057325],[2.0254023999441415],01,001,2025-11-05_18h31.52.568,intentional_binding_exp,,2025.1.1,60.157938622099465,2025-11-05 18h32.02.820104 +0530,
0.1,1000,exp,252,12,15,space,2.303009400027804,None,150,1,[13.743356500053778],[13.743367100018077],15,12,252,9,1770.838519699988,,1770.8237170999637,1770.838519699988,1771.8383214999922,1771.8383214999922,1771.8383214999922,1774.155674800044,space,2.303009400027804,None,1774.1564529000316,1774.271659266615,1774.580677299993,1774.570478299982,1774.5708155999891,1774.580677299993,1774.580677299993,1774.580677299993,1788.3243479999946,150,1,[13.743356500053778],[13.743367100018077],01,001,2025-11-05_18h31.52.568,intentional_binding_exp,,2025.1.1,60.157938622099465,2025-11-05 18h32.02.820104 +0530,
0.7,1000,exp,253,13,15,space,0.3915641999337822,None,300,1,[3.346133299986832],[3.3461446000728756],15,13,253,8,1788.3386750000063,,1788.3245701999404,1788.3386750000063,1789.3222490999615,1789.3222490999615,1789.3392170999432,1789.7235258000437,space,0.3915641999337822,None,1789.7243309000041,1790.4228203666319,1790.7285433999496,1790.718422499951,1790.7187480999855,1790.7285433999496,1790.7285433999496,1790.7285433999496,1794.0750191999832,300,1,[3.346133299986832],[3.3461446000728756],01,001,2025-11-05_18h31.52.568,intentional_binding_exp,,2025.1.1,60.157938622099465,2025-11-05 18h32.02.820104 +0530,
0.4,1000,exp,254,14,15,space,0.38808269996661693,None,320,1,[1.8406584999756888],[1.8406636000145227],15,14,254,10,1794.0892661999678,,1794.0752298999578,1794.0892661999678,1795.089266099967,1795.089266099967,1795.089266099967,1795.4897888000123,space,0.38808269996661693,None,1795.490306199994,1795.8891640667027,1796.1998755999375,1796.1896830999758,1796.190018299967,1796.1998755999375,1796.1998755999375,1796.1998755999375,1798.0407907000044,320,1,[1.8406584999756888],[1.8406636000145227],01,001,2025-11-05_18h31.52.568,intentional_binding_exp,,2025.1.1,60.157938622099465,2025-11-05 18h32.02.820104 +0530,
0.1,400,unexp,255,15,15,space,0.6598012999165803,None,400,1,[3.5095893000252545],[3.5095947000663728],15,15,255,0,1798.0561281000264,,1798.0409873999888,1798.0561281000264,1799.0569715000456,1799.0569715000456,1799.0569715000456,1799.7235574999359,space,0.6598012999165803,None,1799.7240878000157,1799.8234013666554,1800.1307786999969,1800.12005389994,1800.120409199968,1800.1307786999969,1800.1307786999969,1800.1307786999969,1803.6406313999323,400,1,[3.5095893000252545],[3.5095947000663728],01,001,2025-11-05_18h31.52.568,intentional_binding_exp,,2025.1.1,60.157938622099465,2025-11-05 18h32.02.820104 +0530,
0.7,1000,exp,256,0,16,space,0.3375612999079749,None,450,1,[3.3263110999250785],[3.3263168999692425],16,0,256,14,1803.6563425000058,,1803.6408378999913,1803.6563425000058,1804.6407516000327,1804.6407516000327,1804.6564021999948,1804.9904602000024,space,0.3375612999079749,None,1804.9911652000155,1805.6900933666077,1805.9988473999547,1805.9874365000287,1805.9877711000154,1805.9988473999547,1805.9988473999547,1805.9988473999547,1809.325441199937,450,1,[3.3263110999250785],[3.3263168999692425],01,001,2025-11-05_18h31.52.568,intentional_binding_exp,,2025.1.1,60.157938622099465,2025-11-05 18h32.02.820104 +0530,
0.4,1000,exp,257,1,16,space,0.25062559999059886,None,360,1,[5.23026680003386],[5.230272900080308],16,1,257,7,1809.3400753999595,,1809.3256477999967,1809.3400753999595,1810.3401521999622,1810.3401521999622,1810.3401521999622,1810.6077308999375,space,0.25062559999059886,None,1810.6083149999613,1811.0070912666308,1811.3115945999743,1811.2998919000383,1811.3002327999566,1811.3115945999743,1811.3115945999743,1811.3115945999743,1816.542138400022,360,1,[5.23026680003386],[5.230272900080308],01,001,2025-11-05_18h31.52.568,intentional_binding_exp,,2025.1.1,60.157938622099465,2025-11-05 18h32.02.820104 +0530,
0.1,400,unexp,258,2,16,space,0.520260600023903,None,280,1,[9.980682599940337],[9.98069349990692],16,2,258,3,1816.557016500039,,1816.5423464999767,1816.557016500039,1817.5575445999857,1817.5575445999857,1817.5575445999857,1818.0913538000314,space,0.520260600023903,None,1818.0918906000443,1818.1909593666826,1818.4942659999942,1818.4845063999528,1818.4848357000155,1818.4942659999942,1818.4942659999942,1818.4942659999942,1828.475408899947,280,1,[9.980682599940337],[9.98069349990692],01,001,2025-11-05_18h31.52.568,intentional_binding_exp,,2025.1.1,60.157938622099465,2025-11-05 18h32.02.820104 +0530,
0.7,1000,exp,259,3,16,space,3.3285448999376968,None,190,1,[11.88167999999132],[11.881690599955618],16,3,259,5,1828.491240000003,,1828.4757400000235,1828.491240000003,1829.474276099936,1829.474276099936,1829.49156939995,1832.8083745000185,space,3.3285448999376968,None,1832.8091678000055,1833.5084852666516,1833.8115307999542,1833.8017931999639,1833.8021289999597,1833.8115307999542,1833.8115307999542,1833.8115307999542,1845.6937517999904,190,1,[11.88167999999132],[11.881690599955618],01,001,2025-11-05_18h31.52.568,intentional_binding_exp,,2025.1.1,60.157938622099465,2025-11-05 18h32.02.820104 +0530,
0.4,1000,exp,260,4,16,space,0.34621889994014055,None,500,1,[3.1282075999770314],[3.1282130999024957],16,4,260,10,1845.7086098999716,,1845.694124700036,1845.7086098999716,1846.7091629999923,1846.7091629999923,1846.7091629999923,1847.059483799967,space,0.34621889994014055,None,1847.060204999987,1847.4593702667082,1847.7649187999777,1847.7538302999455,1847.754168299958,1847.7649187999777,1847.7649187999777,1847.7649187999777,1850.893388699973,500,1,[3.1282075999770314],[3.1282130999024957],01,001,2025-11-05_18h31.52.568,intentional_binding_exp,,2025.1.1,60.157938622099465,2025-11-05 18h32.02.820104 +0530,
0.1,1000,exp,261,5,16,space,0.25625650002621114,None,99,1,[2.210674799978733],[2.210684899939224],16,5,261,6,1850.9102219999768,,1850.8936057999963,1850.9102219999768,1851.8932861000067,1851.8932861000067,1851.909559899941,1852.1592704999493,space,0.25625650002621114,None,1852.1598196999403,1852.2599334666195,1852.565892499988,1852.5552718000254,1852.5557732000016,1852.565892499988,1852.565892499988,1852.565892499988,1854.7768948000157,99,1,[2.210674799978733],[2.210684899939224],01,001,2025-11-05_18h31.52.568,intentional_binding_exp,,2025.1.1,60.157938622099465,2025-11-05 18h32.02.820104 +0530,
0.7,1000,exp,262,6,16,space,0.34920930000953376,None,350,1,[2.5162266000406817],[2.5162321000825614],16,6,262,8,1854.7929476000136,,1854.7770882999757,1854.7929476000136,1855.776292799972,1855.776292799972,1855.7928943999577,1856.1263051000424,space,0.34920930000953376,None,1856.126776500023,1856.8275123666428,1857.1445505999727,1857.1325017999625,1857.133012300008,1857.1445505999727,1857.1445505999727,1857.1445505999727,1859.6610493999906,350,1,[2.5162266000406817],[2.5162321000825614],01,001,2025-11-05_18h31.52.568,intentional_binding_exp,,2025.1.1,60.157938622099465,2025-11-05 18h32.02.820104 +0530,
0.1,1000,exp,263,7,16,space,0.3102097000228241,None,200,1,[2.688811599975452],[2.68881700001657],16,7,263,15,1859.676027199952,,1859.6612594999606,1859.676027199952,1860.6763268000213,1860.6763268000213,1860.6763268000213,1860.9934893000172,space,0.3102097000228241,None,1860.9942510999972,1861.0932254666152,1861.4053291999735,1861.394942899933,1861.3952752000187,1861.4053291999735,1861.4053291999735,1861.4053291999735,1864.0943888999755,200,1,[2.688811599975452],[2.68881700001657],01,001,2025-11-05_18h31.52.568,intentional_binding_exp,,2025.1.1,60.157938622099465,2025-11-05 18h32.02.820104 +0530,
0.4,1000,exp,264,8,16,space,0.334705000044778,None,320,1,[6.231865999987349],[6.23187819996383],16,8,264,13,1864.1105961999856,,1864.094591800007,1864.1105961999856,1865.0936408999842,1865.0936408999842,1865.1117731999839,1865.4439131999388,space,0.334705000044778,None,1865.4444164000452,1865.843233466676,1866.1466654000105,1866.137067200034,1866.1374094999628,1866.1466654000105,1866.1466654000105,1866.1466654000105,1872.378855100018,320,1,[6.231865999987349],[6.23187819996383],01,001,2025-11-05_18h31.52.568,intentional_binding_exp,,2025.1.1,60.157938622099465,2025-11-05 18h32.02.820104 +0530,
0.1,400,unexp,265,9,16,space,0.6307180000003427,None,300,1,[5.820826499955729],[5.8208317999960855],16,9,265,0,1872.3934633999597,,1872.3790793999797,1872.3934633999597,1873.3771880000131,1873.3771880000131,1873.3941403999925,1874.0109364000382,space,0.6307180000003427,None,1874.011441700044,1874.1115340666768,1874.4242898999946,1874.4144672999391,1874.4148082999745,1874.4242898999946,1874.4242898999946,1874.4242898999946,1880.2453838000074,300,1,[5.820826499955729],[5.8208317999960855],01,001,2025-11-05_18h31.52.568,intentional_binding_exp,,2025.1.1,60.157938622099465,2025-11-05 18h32.02.820104 +0530,
0.1,1000,exp,266,10,16,space,1.790033599943854,None,110,1,[7.027603300055489],[7.027609199983999],16,10,266,12,1880.2613901000004,,1880.245595299988,1880.2613901000004,1881.2613130999962,1881.2613130999962,1881.2613130999962,1883.0616153000155,space,1.790033599943854,None,1883.0623055000324,1883.161556466661,1883.468934500008,1883.4582889999729,1883.4586462000152,1883.468934500008,1883.468934500008,1883.468934500008,1890.4968197999988,110,1,[7.027603300055489],[7.027609199983999],01,001,2025-11-05_18h31.52.568,intentional_binding_exp,,2025.1.1,60.157938622099465,2025-11-05 18h32.02.820104 +0530,
0.7,400,unexp,267,11,16,space,0.307905700057745,None,400,1,[3.0560897999675944],[3.0560954000102356],16,11,267,2,1890.5112913999474,,1890.497029399965,1890.5112913999474,1891.5118389000418,1891.5118389000418,1891.5118389000418,1891.8291169999866,space,0.307905700057745,None,1891.8296318999492,1892.528610966696,1892.8397407999728,1892.8276978000067,1892.8281322999392,1892.8397407999728,1892.8397407999728,1892.8397407999728,1895.8961033000378,400,1,[3.0560897999675944],[3.0560954000102356],01,001,2025-11-05_18h31.52.568,intentional_binding_exp,,2025.1.1,60.157938622099465,2025-11-05 18h32.02.820104 +0530,
0.7,1000,exp,268,12,16,space,0.3353317000437528,None,500,1,[5.958960099960677],[5.958964899997227],16,12,268,11,1895.9115337999538,,1895.8963060999522,1895.9115337999538,1896.9120754000032,1896.9120754000032,1896.9120754000032,1897.2627725999337,space,0.3353317000437528,None,1897.2632960999617,1897.9621135666423,1898.2708848000038,1898.2580821999582,1898.25855639996,1898.2708848000038,1898.2708848000038,1898.2708848000038,1904.2300747999689,500,1,[5.958960099960677],[5.958964899997227],01,001,2025-11-05_18h31.52.568,intentional_binding_exp,,2025.1.1,60.157938622099465,2025-11-05 18h32.02.820104 +0530,
0.4,400,unexp,269,13,16,space,0.8476923999842256,None,500,1,[7.728119799983688],[7.728129900060594],16,13,269,1,1904.2458103999961,,1904.2302653000224,1904.2458103999961,1905.2456198999425,1905.2456198999425,1905.2456198999425,1906.0957750999369,space,0.8476923999842256,None,1906.0965417999541,1906.4961910666354,1906.802014100016,1906.791702299961,1906.7920305000152,1906.802014100016,1906.802014100016,1906.802014100016,1914.530525799957,500,1,[7.728119799983688],[7.728129900060594],01,001,2025-11-05_18h31.52.568,intentional_binding_exp,,2025.1.1,60.157938622099465,2025-11-05 18h32.02.820104 +0530,
0.1,1000,exp,270,14,16,space,0.2526490999152884,None,140,1,[4.259942500037141],[4.259953600005247],16,14,270,9,1914.5461807999527,,1914.5308398000197,1914.5461807999527,1915.5465428000316,1915.5465428000316,1915.5465428000316,1915.8134418999543,space,0.2526490999152884,None,1915.8140600000042,1915.912837566637,1916.2214330999414,1916.211061400012,1916.2113903999561,1916.2214330999414,1916.2214330999414,1916.2214330999414,1920.4816597999306,140,1,[4.259942500037141],[4.259953600005247],01,001,2025-11-05_18h31.52.568,intentional_binding_exp,,2025.1.1,60.157938622099465,2025-11-05 18h32.02.820104 +0530,
0.4,1000,exp,271,15,16,space,0.3727103000273928,None,200,1,[2.4578815000131726],[2.457892099977471],16,15,271,4,1920.497284000041,,1920.4818808999844,1920.497284000041,1921.497202300001,1921.497202300001,1921.497202300001,1921.8808335999493,space,0.3727103000273928,None,1921.8816865000408,1922.280031366685,1922.5896025999682,1922.5792894000188,1922.5797870999668,1922.5896025999682,1922.5896025999682,1922.5896025999682,1925.0478640999645,200,1,[2.4578815000131726],[2.457892099977471],01,001,2025-11-05_18h31.52.568,intentional_binding_exp,,2025.1.1,60.157938622099465,2025-11-05 18h32.02.820104 +0530,
0.1,1000,exp,272,0,17,space,0.6390128000639379,None,120,1,[4.195090499939397],[4.195100599899888],17,0,272,12,1925.063372900011,,1925.0481442000018,1925.063372900011,1926.0636203000322,1926.0636203000322,1926.0636203000322,1926.7139559999341,space,0.6390128000639379,None,1926.714472200023,1926.8132124666047,1927.1191453000065,1927.1088212999748,1927.1091616000049,1927.1191453000065,1927.1191453000065,1927.1191453000065,1931.3146175999427,120,1,[4.195090499939397],[4.195100599899888],01,001,2025-11-05_18h31.52.568,intentional_binding_exp,,2025.1.1,60.157938622099465,2025-11-05 18h32.02.820104 +0530,
0.1,400,unexp,273,1,17,space,0.5370113999815658,None,330,1,[6.935976000037044],[6.935985999996774],17,1,273,3,1931.3305064999731,,1931.3148510999745,1931.3305064999731,1932.3141215000069,1932.3141215000069,1932.3306305999868,1932.864369799965,space,0.5370113999815658,None,1932.8651267000241,1932.9642351666155,1933.2704005000414,1933.260562999989,1933.2610159999458,1933.2704005000414,1933.2704005000414,1933.2704005000414,1940.2067218000302,330,1,[6.935976000037044],[6.935985999996774],01,001,2025-11-05_18h31.52.568,intentional_binding_exp,,2025.1.1,60.157938622099465,2025-11-05 18h32.02.820104 +0530,
0.4,1000,exp,274,2,17,space,0.8107462000334635,None,350,1,[7.642009899951518],[7.642016400001012],17,2,274,4,1940.2229449000442,,1940.206939399941,1940.2229449000442,1941.2073978999397,1941.2073978999397,1941.222558700014,1942.0237465000246,space,0.8107462000334635,None,1942.02429630002,1942.4230124666976,1942.7315134999808,1942.7223199999426,1942.7226546000456,1942.7315134999808,1942.7315134999808,1942.7315134999808,1950.373784699943,350,1,[7.642009899951518],[7.642016400001012],01,001,2025-11-05_18h31.52.568,intentional_binding_exp,,2025.1.1,60.157938622099465,2025-11-05 18h32.02.820104 +0530,
0.4,1000,exp,275,3,17,space,0.6032725999830291,None,500,1,[4.023804700002074],[4.023816000088118],17,3,275,7,1950.3895759000443,,1950.3740143999457,1950.3895759000443,1951.3737855999498,1951.3737855999498,1951.3902520999545,1951.9903516999912,space,0.6032725999830291,None,1951.991162099992,1952.3905587666125,1952.70158480003,1952.6890956000425,1952.6895465999842,1952.70158480003,1952.70158480003,1952.70158480003,1956.7257426000433,500,1,[4.023804700002074],[4.023816000088118],01,001,2025-11-05_18h31.52.568,intentional_binding_exp,,2025.1.1,60.157938622099465,2025-11-05 18h32.02.820104 +0530,
0.7,1000,exp,276,4,17,space,0.30913650000002235,None,400,1,[2.0289783000480384],[2.0289887000108138],17,4,276,11,1956.7400328000076,,1956.7259388000239,1956.7400328000076,1957.7404520999407,1957.7404520999407,1957.7404520999407,1958.057382900035,space,0.30913650000002235,None,1958.0579923000187,1958.7569600666795,1959.062824600027,1959.0528659999836,1959.0531975999475,1959.062824600027,1959.062824600027,1959.062824600027,1961.0921666999348,400,1,[2.0289783000480384],[2.0289887000108138],01,001,2025-11-05_18h31.52.568,intentional_binding_exp,,2025.1.1,60.157938622099465,2025-11-05 18h32.02.820104 +0530,
0.1,1000,exp,277,5,17,space,0.3765802000416443,None,550,1,[8.01767920004204],[8.017684599966742],17,5,277,15,1961.1068816999905,,1961.0923695999663,1961.1068816999905,1962.1070327999769,1962.1070327999769,1962.1070327999769,1962.4912056999747,space,0.3765802000416443,None,1962.4918689000187,1962.5904446666284,1962.8907371000387,1962.881188099971,1962.88169379998,1962.8907371000387,1962.8907371000387,1962.8907371000387,1970.908679699991,550,1,[8.01767920004204],[8.017684599966742],01,001,2025-11-05_18h31.52.568,intentional_binding_exp,,2025.1.1,60.157938622099465,2025-11-05 18h32.02.820104 +0530,
0.7,1000,exp,278,6,17,space,0.22054950008168817,None,500,1,[2.0909638999728486],[2.090969300013967],17,6,278,14,1970.9249595999718,,1970.9089134000242,1970.9249595999718,1971.9249792000046,1971.9249792000046,1971.9249792000046,1972.1585124999983,space,0.22054950008168817,None,1972.1591040999629,1972.8576617666442,1973.1680549000157,1973.1568963000318,1973.1572304000147,1973.1680549000157,1973.1680549000157,1973.1680549000157,1975.2592701000394,500,1,[2.0909638999728486],[2.090969300013967],01,001,2025-11-05_18h31.52.568,intentional_binding_exp,,2025.1.1,60.157938622099465,2025-11-05 18h32.02.820104 +0530,
0.4,1000,exp,279,7,17,space,1.4179865999612957,None,200,1,[2.1053747000405565],[2.1053864000132307],17,7,279,13,1975.2741563000018,,1975.259474099963,1975.2741563000018,1976.2753331999993,1976.2753331999993,1976.2753331999993,1977.7090758000268,space,1.4179865999612957,None,1977.7095628000097,1978.1247398666494,1978.4367379000178,1978.426415599999,1978.426755500026,1978.4367379000178,1978.4367379000178,1978.4367379000178,1980.5424674999667,200,1,[2.1053747000405565],[2.1053864000132307],01,001,2025-11-05_18h31.52.568,intentional_binding_exp,,2025.1.1,60.157938622099465,2025-11-05 18h32.02.820104 +0530,
0.4,1000,exp,280,8,17,space,0.48239989997819066,None,190,1,[4.1418028000043705],[4.141808500047773],17,8,280,10,1980.558048099978,,1980.542689600028,1980.558048099978,1981.5419922999572,1981.5419922999572,1981.5586812000256,1982.0253585999599,space,0.48239989997819066,None,1982.0258346999763,1982.4248876666572,1982.7344827000052,1982.7245897999965,1982.7249275000067,1982.7344827000052,1982.7344827000052,1982.7344827000052,1986.876555099967,190,1,[4.1418028000043705],[4.141808500047773],01,001,2025-11-05_18h31.52.568,intentional_binding_exp,,2025.1.1,60.157938622099465,2025-11-05 18h32.02.820104 +0530,
0.1,1000,exp,281,9,17,space,0.25352040003053844,None,95,1,[3.1434120000340044],[3.14342310000211],17,9,281,6,1986.8917281000176,,1986.8767694999697,1986.8917281000176,1987.892413499998,1987.892413499998,1987.892413499998,1988.159050700022,space,0.25352040003053844,None,1988.1596135,1988.2583765666388,1988.5670010000467,1988.5574156999355,1988.5577496000333,1988.5670010000467,1988.5670010000467,1988.5670010000467,1991.7107810999732,95,1,[3.1434120000340044],[3.14342310000211],01,001,2025-11-05_18h31.52.568,intentional_binding_exp,,2025.1.1,60.157938622099465,2025-11-05 18h32.02.820104 +0530,
0.1,1000,exp,282,10,17,space,0.2710728000383824,None,90,1,[3.578041399945505],[3.5780463999835774],17,10,282,9,1991.7253919999348,,1991.7109964999836,1991.7253919999348,1992.7260788000422,1992.7260788000422,1992.7260788000422,1993.0090200999985,space,0.2710728000383824,None,1993.0098081999458,1993.1090099666656,1993.415435199975,1993.4051282999571,1993.405464099953,1993.415435199975,1993.415435199975,1993.415435199975,1996.9937527000438,90,1,[3.578041399945505],[3.5780463999835774],01,001,2025-11-05_18h31.52.568,intentional_binding_exp,,2025.1.1,60.157938622099465,2025-11-05 18h32.02.820104 +0530,
0.7,1000,exp,283,11,17,space,0.2434520999668166,None,250,1,[1.745403099921532],[1.7454149998957291],17,11,283,8,1997.0089612000156,,1996.9939630000154,1997.0089612000156,1997.9929852000205,1997.9929852000205,1998.0091422999976,1998.2434062999673,space,0.2434520999668166,None,1998.2439944000216,1998.9437462665994,1999.2482519999612,1999.2373974999646,1999.2377322999528,1999.2482519999612,1999.2482519999612,1999.2482519999612,2000.9940226000035,250,1,[1.745403099921532],[1.7454149998957291],01,001,2025-11-05_18h31.52.568,intentional_binding_exp,,2025.1.1,60.157938622099465,2025-11-05 18h32.02.820104 +0530,
0.1,400,unexp,284,12,17,space,0.2488445999333635,None,300,1,[3.4225068000378087],[3.4225121999625117],17,12,284,0,2001.0090937999776,,2000.994242100045,2001.0090937999776,2001.9928361999337,2001.9928361999337,2002.0100825999398,2002.2432333999313,space,0.2488445999333635,None,2002.243718600017,2002.3433691666617,2002.6549259000458,2002.6445132000372,2002.6448578999843,2002.6549259000458,2002.6549259000458,2002.6549259000458,2006.0776715000393,300,1,[3.4225068000378087],[3.4225121999625117],01,001,2025-11-05_18h31.52.568,intentional_binding_exp,,2025.1.1,60.157938622099465,2025-11-05 18h32.02.820104 +0530,
0.7,400,unexp,285,13,17,space,0.6874437999213114,None,400,1,[4.355739999911748],[4.355750299990177],17,13,285,2,2006.0930718999589,,2006.0778734999476,2006.0930718999589,2007.0928726999555,2007.0928726999555,2007.0928726999555,2007.7942987999413,space,0.6874437999213114,None,2007.7949056000216,2008.4938642666132,2008.8046953999437,2008.7948298000265,2008.795184699935,2008.8046953999437,2008.8046953999437,2008.8046953999437,2013.1608169999672,400,1,[4.355739999911748],[4.355750299990177],01,001,2025-11-05_18h31.52.568,intentional_binding_exp,,2025.1.1,60.157938622099465,2025-11-05 18h32.02.820104 +0530,
0.7,1000,exp,286,14,17,space,0.31836480007041246,None,400,1,[3.211614500032738],[3.2116197999566793],17,14,286,5,2013.176559100044,,2013.1612449999666,2013.176559100044,2014.1599238000344,2014.1599238000344,2014.1768670999445,2014.4937848999398,space,0.31836480007041246,None,2014.494475399959,2015.1937324666108,2015.500622099964,2015.488642500015,2015.488982400042,2015.500622099964,2015.500622099964,2015.500622099964,2018.7125497999368,400,1,[3.211614500032738],[3.2116197999566793],01,001,2025-11-05_18h31.52.568,intentional_binding_exp,,2025.1.1,60.157938622099465,2025-11-05 18h32.02.820104 +0530,
0.4,400,unexp,287,15,17,space,0.300780100049451,None,550,1,[2.5470471000298858],[2.547052500071004],17,15,287,1,2018.727459399961,,2018.7127475000452,2018.727459399961,2019.7268336999696,2019.7268336999696,2019.7268336999696,2020.0451554999454,space,0.300780100049451,None,2020.045977300033,2020.4442181667002,2020.747387100011,2020.7378176000202,2020.7381609999575,2020.747387100011,2020.747387100011,2020.747387100011,2023.29470269999,550,1,[2.5470471000298858],[2.547052500071004],01,001,2025-11-05_18h31.52.568,intentional_binding_exp,,2025.1.1,60.157938622099465,2025-11-05 18h32.02.820104 +0530,
0.7,1000,exp,288,0,18,space,0.28371180000249296,None,350,1,[7.105580499977805],[7.105585200013593],18,0,288,8,2023.3110759999836,,2023.2949094999349,2023.3110759999836,2024.2937734000152,2024.2937734000152,2024.310668900027,2024.5781082999893,space,0.28371180000249296,None,2024.5786028000293,2025.2778863666501,2025.5894332999596,2025.5798110000324,2025.5801506999414,2025.5894332999596,2025.5894332999596,2025.5894332999596,2032.695267300005,350,1,[7.105580499977805],[7.105585200013593],01,001,2025-11-05_18h31.52.568,intentional_binding_exp,,2025.1.1,60.157938622099465,2025-11-05 18h32.02.820104 +0530,
0.4,1000,exp,289,1,18,space,0.3217689999146387,None,150,1,[2.3679382998961955],[2.3679435999365523],18,1,289,4,2032.7110274999868,,2032.6954828000162,2032.7110274999868,2033.6948035999667,2033.6948035999667,2033.711058899993,2034.028809600044,space,0.3217689999146387,None,2034.0296059999382,2034.428908166654,2034.7436502999626,2034.7340267000254,2034.7343670999398,2034.7436502999626,2034.7436502999626,2034.7436502999626,2037.1118227000115,150,1,[2.3679382998961955],[2.3679435999365523],01,001,2025-11-05_18h31.52.568,intentional_binding_exp,,2025.1.1,60.157938622099465,2025-11-05 18h32.02.820104 +0530,
0.1,1000,exp,290,2,18,space,0.30491320008877665,None,100,1,[2.5069797999458387],[2.5069909000303596],18,2,290,9,2037.1278473000275,,2037.112043299945,2037.1278473000275,2038.1114127000328,2038.1114127000328,2038.1285489000147,2038.428495900007,space,0.30491320008877665,None,2038.4290364999324,2038.5283795666803,2038.839371399954,2038.8295921999961,2038.8299491000362,2038.839371399954,2038.839371399954,2038.839371399954,2041.3466490999563,100,1,[2.5069797999458387],[2.5069909000303596],01,001,2025-11-05_18h31.52.568,intentional_binding_exp,,2025.1.1,60.157938622099465,2025-11-05 18h32.02.820104 +0530,
0.1,400,unexp,291,3,18,space,0.22929559997282922,None,350,1,[4.739311399986036],[4.739316799910739],18,3,291,0,2041.3619608000154,,2041.3468499999726,2041.3619608000154,2042.3619061999489,2042.3619061999489,2042.3619061999489,2042.5957158999518,space,0.22929559997282922,None,2042.5964933999348,2042.6950667666426,2043.0067984999623,2042.9972217000322,2042.9977475999622,2043.0067984999623,2043.0067984999623,2043.0067984999623,2047.74635999999,350,1,[4.739311399986036],[4.739316799910739],01,001,2025-11-05_18h31.52.568,intentional_binding_exp,,2025.1.1,60.157938622099465,2025-11-05 18h32.02.820104 +0530,
0.4,1000,exp,292,4,18,space,0.26429140008985996,None,150,1,[6.928536600084044],[6.928542600013316],18,4,292,10,2047.761800599983,,2047.746564400033,2047.761800599983,2048.745878100046,2048.745878100046,2048.7620359000284,2049.012976399972,space,0.26429140008985996,None,2049.013792700018,2049.412407466622,2049.7184017000254,2049.708426999976,2049.708821999957,2049.7184017000254,2049.7184017000254,2049.7184017000254,2056.6471911999397,150,1,[6.928536600084044],[6.928542600013316],01,001,2025-11-05_18h31.52.568,intentional_binding_exp,,2025.1.1,60.157938622099465,2025-11-05 18h32.02.820104 +0530,
0.4,1000,exp,293,5,18,space,0.36419150000438094,None,110,1,[7.70799879997503],[7.708007500041276],18,5,293,13,2056.662407899974,,2056.6474113999866,2056.662407899974,2057.647103299969,2057.647103299969,2057.663141899975,2058.012906100019,space,0.36419150000438094,None,2058.013385899947,2058.4124438666663,2058.7226045000134,2058.7118967999704,2058.712264599977,2058.7226045000134,2058.7226045000134,2058.7226045000134,2066.4310071000364,110,1,[7.70799879997503],[7.708007500041276],01,001,2025-11-05_18h31.52.568,intentional_binding_exp,,2025.1.1,60.157938622099465,2025-11-05 18h32.02.820104 +0530,
0.1,1000,exp,294,6,18,space,0.3617472000187263,None,220,1,[6.845537299988791],[6.845547699951567],18,6,294,6,2066.446488799993,,2066.431364799966,2066.446488799993,2067.447031299933,2067.447031299933,2067.447031299933,2067.813098600018,space,0.3617472000187263,None,2067.813566899975,2067.91328786669,2068.2195993999485,2068.2099396999693,2068.210373800015,2068.2195993999485,2068.2195993999485,2068.2195993999485,2075.065487899934,220,1,[6.845537299988791],[6.845547699951567],01,001,2025-11-05_18h31.52.568,intentional_binding_exp,,2025.1.1,60.157938622099465,2025-11-05 18h32.02.820104 +0530,
0.7,1000,exp,295,7,18,space,0.2859539999626577,None,500,1,[1.6514703000430018],[1.6514763999730349],18,7,295,11,2075.079891399946,,2075.0656822000165,2075.079891399946,2076.0806991000427,2076.0806991000427,2076.0806991000427,2076.3815052999416,space,0.2859539999626577,None,2076.3822907999856,2077.0817519666784,2077.396525899996,2077.3868864999386,2077.387214599992,2077.396525899996,2077.396525899996,2077.396525899996,2079.048261699965,500,1,[1.6514703000430018],[1.6514763999730349],01,001,2025-11-05_18h31.52.568,intentional_binding_exp,,2025.1.1,60.157938622099465,2025-11-05 18h32.02.820104 +0530,
0.1,1000,exp,296,8,18,space,0.3438399999868125,None,150,1,[2.240177300060168],[2.2401825999841094],18,8,296,12,2079.0635875000153,,2079.0485265000025,2079.0635875000153,2080.064380099997,2080.064380099997,2080.064380099997,2080.414163099951,space,0.3438399999868125,None,2080.414947799989,2080.5139601666638,2080.824320200016,2080.8137445000466,2080.8140808999306,2080.824320200016,2080.824320200016,2080.824320200016,2083.0647470999975,150,1,[2.240177300060168],[2.2401825999841094],01,001,2025-11-05_18h31.52.568,intentional_binding_exp,,2025.1.1,60.157938622099465,2025-11-05 18h32.02.820104 +0530,
0.4,1000,exp,297,9,18,space,0.37667349993716925,None,540,1,[4.6418332000030205],[4.641838099923916],18,9,297,7,2083.080956800026,,2083.064953999943,2083.080956800026,2084.063697500038,2084.063697500038,2084.080776699935,2084.4481756000314,space,0.37667349993716925,None,2084.448743399931,2084.847849666669,2085.156350299949,2085.1456441000337,2085.145975399995,2085.156350299949,2085.156350299949,2085.156350299949,2089.798430399969,540,1,[4.6418332000030205],[4.641838099923916],01,001,2025-11-05_18h31.52.568,intentional_binding_exp,,2025.1.1,60.157938622099465,2025-11-05 18h32.02.820104 +0530,
0.7,1000,exp,298,10,18,space,0.5170116999652237,None,600,1,[2.3566864000167698],[2.3566919000586495],18,10,298,14,2089.814648899948,,2089.79863450001,2089.814648899948,2090.797863399959,2090.797863399959,2090.8142803999363,2091.331427199999,space,0.5170116999652237,None,2091.331897599972,2092.031261066619,2092.3422403000295,2092.3307637999533,2092.331280699931,2092.3422403000295,2092.3422403000295,2092.3422403000295,2094.699174999958,600,1,[2.3566864000167698],[2.3566919000586495],01,001,2025-11-05_18h31.52.568,intentional_binding_exp,,2025.1.1,60.157938622099465,2025-11-05 18h32.02.820104 +0530,
0.4,400,unexp,299,11,18,space,0.31480179994832724,None,450,1,[6.021767699974589],[6.02177330001723],18,11,299,1,2094.714741999982,,2094.6993805000093,2094.714741999982,2095.714500300004,2095.714500300004,2095.714500300004,2096.0313988999696,space,0.31480179994832724,None,2096.031964999973,2096.4311710666557,2096.7444631999824,2096.733843600028,2096.7342729000375,2096.7444631999824,2096.7444631999824,2096.7444631999824,2102.7664751999546,450,1,[6.021767699974589],[6.02177330001723],01,001,2025-11-05_18h31.52.568,intentional_binding_exp,,2025.1.1,60.157938622099465,2025-11-05 18h32.02.820104 +0530,
0.1,400,unexp,300,12,18,space,0.28192820004187524,None,300,1,[3.7269970999332145],[3.727002599975094],18,12,300,3,2102.7817632999504,,2102.766687699943,2102.7817632999504,2103.765387399937,2103.765387399937,2103.7819391000085,2104.0490143999923,space,0.28192820004187524,None,2104.049575199955,2104.14865136665,2104.456043299986,2104.4462104999693,2104.4465563000413,2104.456043299986,2104.456043299986,2104.456043299986,2108.1832987000234,300,1,[3.7269970999332145],[3.727002599975094],01,001,2025-11-05_18h31.52.568,intentional_binding_exp,,2025.1.1,60.157938622099465,2025-11-05 18h32.02.820104 +0530,
0.7,1000,exp,301,13,18,space,0.23806010000407696,None,400,1,[2.020031400024891],[2.0200418999884278],18,13,301,5,2108.1985594000435,,2108.183502699947,2108.1985594000435,2109.182095899945,2109.182095899945,2109.198676400003,2109.433171199984,space,0.23806010000407696,None,2109.433638599934,2110.1322708666016,2110.446331299958,2110.4357974999584,2110.4361505999696,2110.446331299958,2110.446331299958,2110.446331299958,2112.466729799984,400,1,[2.020031400024891],[2.0200418999884278],01,001,2025-11-05_18h31.52.568,intentional_binding_exp,,2025.1.1,60.157938622099465,2025-11-05 18h32.02.820104 +0530,
0.1,1000,exp,302,14,18,space,0.23792330001015216,None,200,1,[3.30880190001335],[3.3088069999357685],18,14,302,15,2112.481994700036,,2112.466934200027,2112.481994700036,2113.465461999993,2113.465461999993,2113.4821680999594,2113.716006099945,space,0.23792330001015216,None,2113.7167896999745,2113.8157653666026,2114.1244394000387,2114.1145249999827,2114.1148577999556,2114.1244394000387,2114.1244394000387,2114.1244394000387,2117.4334882999538,200,1,[3.30880190001335],[3.3088069999357685],01,001,2025-11-05_18h31.52.568,intentional_binding_exp,,2025.1.1,60.157938622099465,2025-11-05 18h32.02.820104 +0530,
0.7,400,unexp,303,15,18,space,0.2944649000419304,None,300,1,[2.061314000049606],[2.0613195000914857],18,15,303,2,2117.4499290999956,,2117.4336897999747,2117.4499290999956,2118.4495100999484,2118.4495100999484,2118.4495100999484,2118.7497662999667,space,0.2944649000419304,None,2118.750448100036,2119.4494881666656,2119.755485599977,2119.7448867999483,2119.7452179000247,2119.755485599977,2119.755485599977,2119.755485599977,2121.8170775999315,300,1,[2.061314000049606],[2.0613195000914857],01,001,2025-11-05_18h31.52.568,intentional_binding_exp,,2025.1.1,60.157938622099465,2025-11-05 18h32.02.820104 +0530,
0.7,1000,exp,304,0,19,space,0.4713342000031844,None,280,1,[3.0396833999548107],[3.0396890999982134],19,0,304,8,2121.8330168999964,,2121.817296199966,2121.8330168999964,2122.8327360999538,2122.8327360999538,2122.8327360999538,2123.3166871999856,space,0.4713342000031844,None,2123.3172057999764,2124.016312666649,2124.3277059999527,2124.316543499939,2124.3169082000386,2124.3277059999527,2124.3277059999527,2124.3277059999527,2127.3676354000345,280,1,[3.0396833999548107],[3.0396890999982134],01,001,2025-11-05_18h31.52.568,intentional_binding_exp,,2025.1.1,60.157938622099465,2025-11-05 18h32.02.820104 +0530,
0.7,400,unexp,305,1,19,space,0.24826819996815175,None,,1,[1.9894183999858797],[1.9894285999471322],19,1,305,2,2127.3834731000243,,2127.3678516999353,2127.3834731000243,2128.367416699999,2128.367416699999,2128.3828757000156,2128.6168230000185,space,0.24826819996815175,None,2128.6172840000363,2129.3166326666874,2129.627785300021,2129.6172592999646,2129.617597799981,2129.627785300021,2129.627785300021,2129.627785300021,2131.6175724000204,,1,[1.9894183999858797],[1.9894285999471322],01,001,2025-11-05_18h31.52.568,intentional_binding_exp,,2025.1.1,60.157938622099465,2025-11-05 18h32.02.820104 +0530,
0.7,1000,exp,306,2,19,space,1.4085610000183806,None,480,1,[2.7160423999885097],[2.716052900068462],19,2,306,5,2131.6332178999437,,2131.617900399957,2131.6332178999437,2132.6166359999916,2132.6166359999916,2132.633379100007,2134.0340023000026,space,1.4085610000183806,None,2134.0345013999613,2134.7344714666874,2135.0516781000188,2135.0418757000007,2135.0423649000004,2135.0516781000188,2135.0516781000188,2135.0516781000188,2137.768095699954,480,1,[2.7160423999885097],[2.716052900068462],01,001,2025-11-05_18h31.52.568,intentional_binding_exp,,2025.1.1,60.157938622099465,2025-11-05 18h32.02.820104 +0530,
0.1,400,unexp,307,3,19,space,0.7688402999192476,None,100,1,[2.1098917999770492],[2.109897300018929],19,3,307,0,2137.78380189999,,2137.7684211999876,2137.78380189999,2138.7674329000292,2138.7674329000292,2138.7844326000195,2139.5508297999622,space,0.7688402999192476,None,2139.5512956000166,2139.6506024666055,2139.958136399975,2139.94822999998,2139.948563999962,2139.958136399975,2139.958136399975,2139.958136399975,2142.068300300045,100,1,[2.1098917999770492],[2.109897300018929],01,001,2025-11-05_18h31.52.568,intentional_binding_exp,,2025.1.1,60.157938622099465,2025-11-05 18h32.02.820104 +0530,
0.4,1000,exp,308,4,19,space,0.14527830004226416,None,450,1,[4.679291000007652],[4.679301199968904],19,4,308,7,2142.083936900017,,2142.0685229999945,2142.083936900017,2143.0850844000233,2143.0850844000233,2143.0850844000233,2143.2343934000237,space,0.14527830004226416,None,2143.2351855000015,2143.634244466612,2143.938869699952,2143.9292032000376,2143.9295348000014,2143.938869699952,2143.938869699952,2143.938869699952,2148.618537100032,450,1,[4.679291000007652],[4.679301199968904],01,001,2025-11-05_18h31.52.568,intentional_binding_exp,,2025.1.1,60.157938622099465,2025-11-05 18h32.02.820104 +0530,
0.7,1000,exp,309,5,19,space,0.32990439992863685,None,420,1,[7.043765400070697],[7.043775700032711],19,5,309,11,2148.6344354000175,,2148.618866899982,2148.6344354000175,2149.6186694999924,2149.6186694999924,2149.6345606000395,2149.95190320001,space,0.32990439992863685,None,2149.9523832999403,2150.6510910666007,2150.958497100044,2150.949018500047,2150.9493752999697,2150.958497100044,2150.958497100044,2150.958497100044,2158.002646400011,420,1,[7.043765400070697],[7.043775700032711],01,001,2025-11-05_18h31.52.568,intentional_binding_exp,,2025.1.1,60.157938622099465,2025-11-05 18h32.02.820104 +0530,
0.4,1000,exp,310,6,19,space,0.39116689993534237,None,200,1,[3.019999500014819],[3.020009999978356],19,6,310,10,2158.018461699947,,2158.0029836000176,2158.018461699947,2159.01849269995,2159.01849269995,2159.01849269995,2159.4188333000056,space,0.39116689993534237,None,2159.419616100029,2159.8180952666485,2160.132755000028,2160.1215132999932,2160.1218483999837,2160.132755000028,2160.132755000028,2160.132755000028,2163.153141799965,200,1,[3.019999500014819],[3.020009999978356],01,001,2025-11-05_18h31.52.568,intentional_binding_exp,,2025.1.1,60.157938622099465,2025-11-05 18h32.02.820104 +0530,
0.4,400,unexp,311,7,19,space,0.3363415999338031,None,400,1,[5.408811500063166],[5.408819200005382],19,7,311,1,2163.169197399984,,2163.1534530000063,2163.169197399984,2164.1519494999666,2164.1519494999666,2164.168990800041,2164.502838799963,space,0.3363415999338031,None,2164.5037133999867,2164.918896666674,2165.227113000001,2165.21609110001,2165.216426400002,2165.227113000001,2165.227113000001,2165.227113000001,2170.636214399943,400,1,[5.408811500063166],[5.408819200005382],01,001,2025-11-05_18h31.52.568,intentional_binding_exp,,2025.1.1,60.157938622099465,2025-11-05 18h32.02.820104 +0530,
0.4,1000,exp,312,8,19,space,0.26527080009691417,None,250,1,[2.00978490000125],[2.009795399964787],19,8,312,4,2170.651908300002,,2170.636423800024,2170.651908300002,2171.635787899955,2171.635787899955,2171.653185299947,2171.902886600001,space,0.26527080009691417,None,2171.9033808000386,2172.3026057666325,2172.6106580999913,2172.5996469999664,2172.600004000007,2172.6106580999913,2172.6106580999913,2172.6106580999913,2174.620813400019,250,1,[2.00978490000125],[2.009795399964787],01,001,2025-11-05_18h31.52.568,intentional_binding_exp,,2025.1.1,60.157938622099465,2025-11-05 18h32.02.820104 +0530,
0.1,1000,exp,313,9,19,space,0.2824334999313578,None,99,1,[2.15433910000138],[2.1543497000820935],19,9,313,9,2174.6366125999484,,2174.6210215999745,2174.6366125999484,2175.636677799979,2175.636677799979,2175.636677799979,2175.9363252000185,space,0.2824334999313578,None,2175.9370695999824,2176.0361745666637,2176.349302300019,2176.338571500033,2176.338919600006,2176.349302300019,2176.349302300019,2176.349302300019,2178.5040274999337,99,1,[2.15433910000138],[2.1543497000820935],01,001,2025-11-05_18h31.52.568,intentional_binding_exp,,2025.1.1,60.157938622099465,2025-11-05 18h32.02.820104 +0530,
0.7,1000,exp,314,10,19,space,0.2701353000011295,None,300,1,[2.8433507001027465],[2.843358700047247],19,10,314,14,2178.519443099969,,2178.5043176999316,2178.519443099969,2179.519950899994,2179.519950899994,2179.519950899994,2179.803394199931,space,0.2701353000011295,None,2179.804200500017,2180.5025430666906,2180.810732300044,2180.800685300026,2180.801039999933,2180.810732300044,2180.810732300044,2180.810732300044,2183.6544038000284,300,1,[2.8433507001027465],[2.843358700047247],01,001,2025-11-05_18h31.52.568,intentional_binding_exp,,2025.1.1,60.157938622099465,2025-11-05 18h32.02.820104 +0530,
0.1,1000,exp,315,11,19,space,0.3091600000625476,None,390,1,[5.238546699983999],[5.23855780006852],19,11,315,15,2183.6696897000074,,2183.6546393999597,2183.6696897000074,2184.6693731000414,2184.6693731000414,2184.6693731000414,2184.9868586999364,space,0.3091600000625476,None,2184.987389600021,2185.086829966695,2185.3988189999945,2185.388355999952,2185.3887059999397,2185.3988189999945,2185.3988189999945,2185.3988189999945,2190.637718999991,390,1,[5.238546699983999],[5.23855780006852],01,001,2025-11-05_18h31.52.568,intentional_binding_exp,,2025.1.1,60.157938622099465,2025-11-05 18h32.02.820104 +0530,
0.1,400,unexp,316,12,19,space,0.2809601000044495,None,400,1,[2.3300448999507353],[2.3300548000261188],19,12,316,3,2190.653523499961,,2190.637941999943,2190.653523499961,2191.6531279999763,2191.6531279999763,2191.6531279999763,2191.937607,space,0.2809601000044495,None,2191.9384656000184,2192.037160866607,2192.341845799936,2192.331880099955,2192.3322227000026,2192.341845799936,2192.341845799936,2192.341845799936,2194.6722105999943,400,1,[2.3300448999507353],[2.3300548000261188],01,001,2025-11-05_18h31.52.568,intentional_binding_exp,,2025.1.1,60.157938622099465,2025-11-05 18h32.02.820104 +0530,
0.1,1000,exp,317,13,19,space,0.015576299978420138,None,100,1,[1.9597188000334427],[1.959729199996218],19,13,317,6,2194.68686919997,,2194.6724351999583,2194.68686919997,2195.687628799933,2195.687628799933,2195.687628799933,2195.703873499995,space,0.015576299978420138,None,2195.7044522999786,2195.8048339666025,2196.1113991000457,2196.100393599947,2196.100952900015,2196.1113991000457,2196.1113991000457,2196.1113991000457,2198.071600800031,100,1,[1.9597188000334427],[1.959729199996218],01,001,2025-11-05_18h31.52.568,intentional_binding_exp,,2025.1.1,60.157938622099465,2025-11-05 18h32.02.820104 +0530,
0.1,1000,exp,318,14,19,space,0.31244380003772676,None,110,1,[4.158071600017138],[4.15808179997839],19,14,318,12,2198.087188399979,,2198.0718333999394,2198.087188399979,2199.086988099967,2199.086988099967,2199.086988099967,2199.4043923999416,space,0.31244380003772676,None,2199.404964699992,2199.5040545666748,2199.8138191000326,2199.8036703999387,2199.8040184000274,2199.8138191000326,2199.8138191000326,2199.8138191000326,2203.972283100011,110,1,[4.158071600017138],[4.15808179997839],01,001,2025-11-05_18h31.52.568,intentional_binding_exp,,2025.1.1,60.157938622099465,2025-11-05 18h32.02.820104 +0530,
0.4,1000,exp,319,15,19,space,0.3646814998937771,None,290,1,[2.5114735999377444],[2.51147879997734],19,15,319,13,2203.987845399999,,2203.9724886999466,2203.987845399999,2204.987772900029,2204.987772900029,2204.987772900029,2205.355316299945,space,0.3646814998937771,None,2205.3558810999384,2205.754771066659,2206.060967999976,2206.050724299974,2206.0513752000406,2206.060967999976,2206.060967999976,2206.060967999976,2208.5726817999966,290,1,[2.5114735999377444],[2.51147879997734],01,001,2025-11-05_18h31.52.568,intentional_binding_exp,,2025.1.1,60.157938622099465,2025-11-05 18h32.02.820104 +0530,
0.1,1000,exp,320,0,20,space,1.7864095999393612,None,250,1,[6.254990000044927],[6.255000800010748],20,0,320,15,2208.58780400001,,2208.572891399963,2208.58780400001,2209.5714271999896,2209.5714271999896,2209.588514199946,2211.3719363999553,space,1.7864095999393612,None,2211.372489099973,2211.471113266602,2211.784390200046,2211.7738649999956,2211.774228299968,2211.784390200046,2211.784390200046,2211.784390200046,2218.0397766999668,250,1,[6.254990000044927],[6.255000800010748],01,001,2025-11-05_18h31.52.568,intentional_binding_exp,,2025.1.1,60.157938622099465,2025-11-05 18h32.02.820104 +0530,
0.4,1000,exp,321,1,20,space,0.3621056000702083,None,400,1,[6.024542200029828],[6.024547699955292],20,1,321,4,2218.0555909000104,,2218.0400140000274,2218.0555909000104,2219.054929099977,2219.054929099977,2219.054929099977,2219.422634599963,space,0.3621056000702083,None,2219.423351799953,2219.8223174666678,2220.131067499984,2220.121368999942,2220.121736399946,2220.131067499984,2220.131067499984,2220.131067499984,2226.1558463999536,400,1,[6.024542200029828],[6.024547699955292],01,001,2025-11-05_18h31.52.568,intentional_binding_exp,,2025.1.1,60.157938622099465,2025-11-05 18h32.02.820104 +0530,
0.1,400,unexp,322,2,20,space,1.1218511998886243,None,450,1,[4.81297019997146],[4.812976000015624],20,2,322,0,2226.1725431999657,,2226.156070600031,2226.1725431999657,2227.1552039999515,2227.1552039999515,2227.1722169000423,2228.2894392999588,space,1.1218511998886243,None,2228.2902215999784,2228.3894099667127,2228.6939864000306,2228.6836280999705,2228.6839591999305,2228.6939864000306,2228.6939864000306,2228.6939864000306,2233.5072125999723,450,1,[4.81297019997146],[4.812976000015624],01,001,2025-11-05_18h31.52.568,intentional_binding_exp,,2025.1.1,60.157938622099465,2025-11-05 18h32.02.820104 +0530,
0.7,1000,exp,323,3,20,space,0.86358649993781,None,500,1,[2.195722799981013],[2.1957336999475956],20,3,323,14,2233.522746499977,,2233.507420500042,2233.522746499977,2234.523388899979,2234.523388899979,2234.523388899979,2235.389505399973,space,0.86358649993781,None,2235.3899929999607,2236.0897054667043,2236.3950155000202,2236.3841098999837,2236.3844504000153,2236.3950155000202,2236.3950155000202,2236.3950155000202,2238.591147499974,500,1,[2.195722799981013],[2.1957336999475956],01,001,2025-11-05_18h31.52.568,intentional_binding_exp,,2025.1.1,60.157938622099465,2025-11-05 18h32.02.820104 +0530,
0.1,1000,exp,324,4,20,space,2.972650699899532,None,200,1,[5.786344699910842],[5.786355099990033],20,4,324,6,2238.6058141000103,,2238.591392499977,2238.6058141000103,2239.6068864000263,2239.6068864000263,2239.6068864000263,2242.590419200016,space,2.972650699899532,None,2242.590956000029,2242.6911128666875,2243.004432799993,2242.9925766999368,2242.992930199951,2243.004432799993,2243.004432799993,2243.004432799993,2248.7911707999883,200,1,[5.786344699910842],[5.786355099990033],01,001,2025-11-05_18h31.52.568,intentional_binding_exp,,2025.1.1,60.157938622099465,2025-11-05 18h32.02.820104 +0530,
0.7,1000,exp,325,5,20,space,0.3304838000331074,None,200,1,[3.8058768999762833],[3.8058874999405816],20,5,325,11,2248.8067062000046,,2248.7914526000386,2248.8067062000046,2249.790062599932,2249.790062599932,2249.8068800999317,2250.1237139999866,space,0.3304838000331074,None,2250.124514300027,2250.823523466654,2251.1354698999785,2251.1249926999444,2251.125326700043,2251.1354698999785,2251.1354698999785,2251.1354698999785,2254.9417306999676,200,1,[3.8058768999762833],[3.8058874999405816],01,001,2025-11-05_18h31.52.568,intentional_binding_exp,,2025.1.1,60.157938622099465,2025-11-05 18h32.02.820104 +0530,
0.4,400,unexp,326,6,20,space,0.3505116000305861,None,600,1,[7.459982700063847],[7.459987900103442],20,6,326,1,2254.9566664999584,,2254.9421323999995,2254.9566664999584,2255.956952700042,2255.956952700042,2255.956952700042,2256.323989599943,space,0.3505116000305861,None,2256.324513599975,2256.7240517666255,2257.03121809999,2257.020565100014,2257.020995000028,2257.03121809999,2257.03121809999,2257.03121809999,2264.4914473999524,600,1,[7.459982700063847],[7.459987900103442],01,001,2025-11-05_18h31.52.568,intentional_binding_exp,,2025.1.1,60.157938622099465,2025-11-05 18h32.02.820104 +0530,
0.1,1000,exp,327,7,20,space,0.3121105999452993,None,550,1,[1.9233023999258876],[1.9233080999692902],20,7,327,9,2264.5075460999506,,2264.4916427000426,2264.5075460999506,2265.492303399951,2265.492303399951,2265.507998300018,2265.8079786000308,space,0.3121105999452993,None,2265.8085836999817,2265.9073592665995,2266.217979499954,2266.2069632000057,2266.207304300042,2266.217979499954,2266.217979499954,2266.217979499954,2268.141543900012,550,1,[1.9233023999258876],[1.9233080999692902],01,001,2025-11-05_18h31.52.568,intentional_binding_exp,,2025.1.1,60.157938622099465,2025-11-05 18h32.02.820104 +0530,
0.7,400,unexp,328,8,20,space,0.5074132999870926,None,650,1,[3.125692799920216],[3.125703199999407],20,8,328,2,2268.1578712000046,,2268.1417557999957,2268.1578712000046,2269.1410670999903,2269.1410670999903,2269.1577118999558,2269.658326999983,space,0.5074132999870926,None,2269.65897879994,2270.3579269666848,2270.6674777000444,2270.657747099991,2270.6580974999815,2270.6674777000444,2270.6674777000444,2270.6674777000444,2273.7934626999777,650,1,[3.125692799920216],[3.125703199999407],01,001,2025-11-05_18h31.52.568,intentional_binding_exp,,2025.1.1,60.157938622099465,2025-11-05 18h32.02.820104 +0530,
0.1,1000,exp,329,9,20,space,0.33430510002654046,None,101,1,[3.976403799955733],[3.9764089999953285],20,9,329,12,2273.8090359999333,,2273.793660199968,2273.8090359999333,2274.8088070999365,2274.8088070999365,2274.8088070999365,2275.1583953000372,space,0.33430510002654046,None,2275.159229299985,2275.258783266709,2275.565718799946,2275.556266700034,2275.556608099956,2275.565718799946,2275.565718799946,2275.565718799946,2279.542366800015,101,1,[3.976403799955733],[3.9764089999953285],01,001,2025-11-05_18h31.52.568,intentional_binding_exp,,2025.1.1,60.157938622099465,2025-11-05 18h32.02.820104 +0530,
0.4,1000,exp,330,10,20,space,0.268836300005205,None,500,1,[2.364658399950713],[2.3646690999157727],20,10,330,10,2279.5582893999526,,2279.542565700016,2279.5582893999526,2280.542650499963,2280.542650499963,2280.558576700045,2280.825788600021,space,0.268836300005205,None,2280.826350599993,2281.225525566672,2281.5285454000114,2281.518656600034,2281.51898719999,2281.5285454000114,2281.5285454000114,2281.5285454000114,2283.8936086000176,500,1,[2.364658399950713],[2.3646690999157727],01,001,2025-11-05_18h31.52.568,intentional_binding_exp,,2025.1.1,60.157938622099465,2025-11-05 18h32.02.820104 +0530,
0.4,1000,exp,331,11,20,space,0.47469529998488724,None,260,1,[7.378073999891058],[7.378086499986239],20,11,331,7,2283.9086589999497,,2283.893863299978,2283.9086589999497,2284.908668100019,2284.908668100019,2284.908668100019,2285.392301099957,space,0.47469529998488724,None,2285.3927472999785,2285.792588066605,2286.098795500002,2286.0884805000387,2286.0888780000387,2286.098795500002,2286.098795500002,2286.098795500002,2293.4772830000147,260,1,[7.378073999891058],[7.378086499986239],01,001,2025-11-05_18h31.52.568,intentional_binding_exp,,2025.1.1,60.157938622099465,2025-11-05 18h32.02.820104 +0530,
0.7,1000,exp,332,12,20,space,0.21841999993193895,None,600,1,[3.3212878999765962],[3.32129920006264],20,12,332,8,2293.492827499984,,2293.477649700013,2293.492827499984,2294.492887999979,2294.492887999979,2294.492887999979,2294.7263314999873,space,0.21841999993193895,None,2294.726826200029,2295.4260738666094,2295.7390718000242,2295.7290316999424,2295.729383299942,2295.7390718000242,2295.7390718000242,2295.7390718000242,2299.0607638999354,600,1,[3.3212878999765962],[3.32129920006264],01,001,2025-11-05_18h31.52.568,intentional_binding_exp,,2025.1.1,60.157938622099465,2025-11-05 18h32.02.820104 +0530,
0.7,1000,exp,333,13,20,space,0.2646575999679044,None,550,1,[1.6130474000237882],[1.6130582999903709],20,13,333,5,2299.076232500025,,2299.061092399992,2299.076232500025,2300.076208899962,2300.076208899962,2300.076208899962,2300.3430924999993,space,0.2646575999679044,None,2300.3435498999897,2301.0431941666798,2301.3474421999417,2301.3362265999895,2301.3366103000008,2301.3474421999417,2301.3474421999417,2301.3474421999417,2302.9607783999527,550,1,[1.6130474000237882],[1.6130582999903709],01,001,2025-11-05_18h31.52.568,intentional_binding_exp,,2025.1.1,60.157938622099465,2025-11-05 18h32.02.820104 +0530,
0.1,400,unexp,334,14,20,space,0.3165564000373706,None,300,1,[8.295291400048882],[8.295302600017749],20,14,334,3,2302.9767872999655,,2302.960981899989,2302.9767872999655,2303.9761879999423,2303.9761879999423,2303.9761879999423,2304.2933668999467,space,0.3165564000373706,None,2304.293840099941,2304.3936814666417,2304.699309599935,2304.688215299975,2304.6885465999367,2304.699309599935,2304.699309599935,2304.699309599935,2312.9949282000307,300,1,[8.295291400048882],[8.295302600017749],01,001,2025-11-05_18h31.52.568,intentional_binding_exp,,2025.1.1,60.157938622099465,2025-11-05 18h32.02.820104 +0530,
0.4,1000,exp,335,15,20,space,0.2726107999915257,None,450,1,[7.090586700011045],[7.090591799933463],20,15,335,13,2313.0101303999545,,2312.9951354999794,2313.0101303999545,2313.994261399959,2313.994261399959,2314.010514499969,2314.2776527999667,space,0.2726107999915257,None,2314.278136900044,2314.6771681666764,2314.9875764999306,2314.978106900002,2314.978470799979,2314.9875764999306,2314.9875764999306,2314.9875764999306,2322.0784110999666,450,1,[7.090586700011045],[7.090591799933463],01,001,2025-11-05_18h31.52.568,intentional_binding_exp,,2025.1.1,60.157938622099465,2025-11-05 18h32.02.820104 +0530,
0.4,1000,exp,336,0,21,space,0.22613910003565252,None,200,1,[2.4399221000494435],[2.4399272000882775],21,0,336,4,2322.094501500018,,2322.0786129999906,2322.094501500018,2323.0773808000376,2323.0773808000376,2323.0940812999615,2323.311051000026,space,0.22613910003565252,None,2323.3118420999963,2323.7115291666164,2324.021666000015,2324.011930800043,2324.012266500038,2324.021666000015,2324.021666000015,2324.021666000015,2326.4618401000043,200,1,[2.4399221000494435],[2.4399272000882775],01,001,2025-11-05_18h31.52.568,intentional_binding_exp,,2025.1.1,60.157938622099465,2025-11-05 18h32.02.820104 +0530,
0.1,1000,exp,337,1,21,space,0.2433711999328807,None,100,1,[1.572714800015092],[1.5727249999763444],21,1,337,6,2326.477651700028,,2326.462037499994,2326.477651700028,2327.461246700026,2327.461246700026,2327.4780227999436,2327.7112037999323,space,0.2433711999328807,None,2327.7116735000163,2327.8111618667067,2328.1226562999655,2328.1125726000173,2328.112914999947,2328.1226562999655,2328.1226562999655,2328.1226562999655,2329.695742700016,100,1,[1.572714800015092],[1.5727249999763444],01,001,2025-11-05_18h31.52.568,intentional_binding_exp,,2025.1.1,60.157938622099465,2025-11-05 18h32.02.820104 +0530,
0.7,1000,exp,338,2,21,space,0.2544568999437615,None,550,1,[2.286777100060135],[2.286782400100492],21,2,338,11,2329.7114241999807,,2329.6959607999306,2329.7114241999807,2330.6946245,2330.6946245,2330.711201100028,2330.9627185999416,space,0.2544568999437615,None,2330.963269599946,2331.6781242666225,2331.994420300005,2331.9798388000345,2331.9802840999328,2331.994420300005,2331.994420300005,2331.994420300005,2334.2814500000095,550,1,[2.286777100060135],[2.286782400100492],01,001,2025-11-05_18h31.52.568,intentional_binding_exp,,2025.1.1,60.157938622099465,2025-11-05 18h32.02.820104 +0530,
0.7,1000,exp,339,3,21,space,0.29751359997317195,None,270,1,[5.9234586000675336],[5.923464399995282],21,3,339,8,2334.2965986999916,,2334.281656499952,2334.2965986999916,2335.2976779999444,2335.2976779999444,2335.2976779999444,2335.5973345999373,space,0.29751359997317195,None,2335.597783299978,2336.2971566667006,2336.608931099996,2336.5985980000114,2336.5989378000377,2336.608931099996,2336.608931099996,2336.608931099996,2342.5326477999333,270,1,[5.9234586000675336],[5.923464399995282],01,001,2025-11-05_18h31.52.568,intentional_binding_exp,,2025.1.1,60.157938622099465,2025-11-05 18h32.02.820104 +0530,
0.1,400,unexp,340,4,21,space,0.23798119998537004,None,660,1,[6.881460399948992],[6.881465399987064],21,4,340,3,2342.547409699997,,2342.5328538999893,2342.547409699997,2343.548035099986,2343.548035099986,2343.548035099986,2343.798464599997,space,0.23798119998537004,None,2343.7993329999736,2343.8977654666564,2344.20115800004,2344.1911967999768,2344.191542100045,2344.20115800004,2344.20115800004,2344.20115800004,2351.08298940002,660,1,[6.881460399948992],[6.881465399987064],01,001,2025-11-05_18h31.52.568,intentional_binding_exp,,2025.1.1,60.157938622099465,2025-11-05 18h32.02.820104 +0530,
0.1,400,unexp,341,5,21,space,0.22555799991823733,None,300,1,[3.106823300011456],[3.1068339999765158],21,5,341,0,2351.098405699944,,2351.083194899955,2351.098405699944,2352.098939099931,2352.098939099931,2352.098939099931,2352.3321903999895,space,0.22555799991823733,None,2352.3327642999357,2352.4314231667126,2352.7423184999498,2352.7329458999448,2352.7332918000175,2352.7423184999498,2352.7423184999498,2352.7423184999498,2355.8495109999785,300,1,[3.106823300011456],[3.1068339999765158],01,001,2025-11-05_18h31.52.568,intentional_binding_exp,,2025.1.1,60.157938622099465,2025-11-05 18h32.02.820104 +0530,
0.1,1000,exp,342,6,21,space,0.2765527000883594,None,400,1,[3.1213605999946594],[3.121365800034255],21,6,342,12,2355.864749799948,,2355.8498199000023,2355.864749799948,2356.864822900039,2356.864822900039,2356.864822900039,2357.1485701999627,space,0.2765527000883594,None,2357.1490336999996,2357.2479283667094,2357.560978699941,2357.5503381999442,2357.550674499944,2357.560978699941,2357.560978699941,2357.560978699941,2360.682598699932,400,1,[3.1213605999946594],[3.121365800034255],01,001,2025-11-05_18h31.52.568,intentional_binding_exp,,2025.1.1,60.157938622099465,2025-11-05 18h32.02.820104 +0530,
0.1,1000,exp,343,7,21,space,0.36691460001748055,None,300,1,[2.6203618000727147],[2.6203778000781313],21,7,343,9,2360.6984193000244,,2360.6828088000184,2360.6984193000244,2361.6986557999626,2361.6986557999626,2361.6986557999626,2362.0824009999633,space,0.36691460001748055,None,2362.0829112000065,2362.1825228667044,2362.495716699981,2362.4852050000336,2362.4855750999413,2362.495716699981,2362.495716699981,2362.495716699981,2365.1165555999614,300,1,[2.6203618000727147],[2.6203778000781313],01,001,2025-11-05_18h31.52.568,intentional_binding_exp,,2025.1.1,60.157938622099465,2025-11-05 18h32.02.820104 +0530,
0.4,400,unexp,344,8,21,space,0.24252400000113994,None,100,1,[2.3241218000184745],[2.324127500061877],21,8,344,1,2365.1328701999737,,2365.116873199935,2365.1328701999737,2366.1322353000287,2366.1322353000287,2366.1487870999845,2366.3826410999754,space,0.24252400000113994,None,2366.3832183999475,2366.7824816666002,2367.0922723000403,2367.081874000025,2367.082216699957,2367.0922723000403,2367.0922723000403,2367.0922723000403,2369.416655499954,100,1,[2.3241218000184745],[2.324127500061877],01,001,2025-11-05_18h31.52.568,intentional_binding_exp,,2025.1.1,60.157938622099465,2025-11-05 18h32.02.820104 +0530,
0.7,1000,exp,345,9,21,space,0.24336439999751747,None,500,1,[3.8084221000317484],[3.80843500001356],21,9,345,14,2369.4323108999524,,2369.416861900012,2369.4323108999524,2370.415655000019,2370.415655000019,2370.433146000025,2370.666207400034,space,0.24336439999751747,None,2370.666743900045,2371.3655857666786,2371.674991499982,2371.6645190999843,2371.6648529999657,2371.674991499982,2371.674991499982,2371.674991499982,2375.48385389999,500,1,[3.8084221000317484],[3.80843500001356],01,001,2025-11-05_18h31.52.568,intentional_binding_exp,,2025.1.1,60.157938622099465,2025-11-05 18h32.02.820104 +0530,
0.4,1000,exp,346,10,21,space,0.4314944000216201,None,400,1,[9.436338200001046],[9.436343200039119],21,10,346,7,2375.499267600011,,2375.4841528999386,2375.499267600011,2376.4836352999555,2376.4836352999555,2376.499902199954,2376.916722599999,space,0.4314944000216201,None,2376.917215000023,2377.3166146666667,2377.6232811999507,2377.613641700009,2377.613993200008,2377.6232811999507,2377.6232811999507,2377.6232811999507,2387.0599043000257,400,1,[9.436338200001046],[9.436343200039119],01,001,2025-11-05_18h31.52.568,intentional_binding_exp,,2025.1.1,60.157938622099465,2025-11-05 18h32.02.820104 +0530,
0.7,1000,exp,347,11,21,space,0.355447500012815,None,500,1,[2.6218883999390528],[2.6218942999839783],21,11,347,5,2387.075429599965,,2387.060109599959,2387.075429599965,2388.059507000027,2388.059507000027,2388.0758532999316,2388.4255044000456,space,0.355447500012815,None,2388.425971699995,2389.125198166647,2389.4371602999745,2389.425847799983,2389.4262440999737,2389.4371602999745,2389.4371602999745,2389.4371602999745,2392.0593326999806,500,1,[2.6218883999390528],[2.6218942999839783],01,001,2025-11-05_18h31.52.568,intentional_binding_exp,,2025.1.1,60.157938622099465,2025-11-05 18h32.02.820104 +0530,
0.4,1000,exp,348,12,21,space,0.3416323000565171,None,600,1,[1.5417424000333995],[1.5417473000707105],21,12,348,13,2392.0750761999516,,2392.059541299939,2392.0750761999516,2393.059085799963,2393.059085799963,2393.075622800039,2393.408922499977,space,0.3416323000565171,None,2393.4094181000255,2393.8085502666113,2394.1181582999416,2394.1077728000237,2394.1081610999536,2394.1181582999416,2394.1181582999416,2394.1181582999416,2395.660166400019,600,1,[1.5417424000333995],[1.5417473000707105],01,001,2025-11-05_18h31.52.568,intentional_binding_exp,,2025.1.1,60.157938622099465,2025-11-05 18h32.02.820104 +0530,
0.4,1000,exp,349,13,21,space,0.3336959999287501,None,100,1,[3.9531575000146404],[3.9531680000945926],21,13,349,10,2395.6754385000095,,2395.6603882999625,2395.6754385000095,2396.675755799981,2396.675755799981,2396.675755799981,2397.0257911999943,space,0.3336959999287501,None,2397.0265293000266,2397.4270060666063,2397.740413899999,2397.7290382999927,2397.7293732999824,2397.740413899999,2397.740413899999,2397.740413899999,2401.693969600019,100,1,[3.9531575000146404],[3.9531680000945926],01,001,2025-11-05_18h31.52.568,intentional_binding_exp,,2025.1.1,60.157938622099465,2025-11-05 18h32.02.820104 +0530,
0.7,400,unexp,350,14,21,space,0.43952519993763417,None,700,1,[2.107826799969189],[2.1078317000065],21,14,350,2,2401.709105600021,,2401.694204499945,2401.709105600021,2402.6924169999547,2402.6924169999547,2402.7093048000243,2403.1430455000373,space,0.43952519993763417,None,2403.143539199955,2403.842957566671,2404.1514526000246,2404.1405314999865,2404.140873300028,2404.1514526000246,2404.1514526000246,2404.1514526000246,2406.259540500003,700,1,[2.107826799969189],[2.1078317000065],01,001,2025-11-05_18h31.52.568,intentional_binding_exp,,2025.1.1,60.157938622099465,2025-11-05 18h32.02.820104 +0530,
0.1,1000,exp,351,15,21,space,0.24477710004430264,None,250,1,[2.123157300055027],[2.1231625000946224],21,15,351,15,2406.2761362999445,,2406.259749799967,2406.2761362999445,2407.259071800043,2407.259071800043,2407.2760194999864,2407.509426799952,space,0.24477710004430264,None,2407.5098767000018,2407.609993966708,2407.9208669000072,2407.907825000002,2407.9083932000212,2407.9208669000072,2407.9208669000072,2407.9208669000072,2410.044282399933,250,1,[2.123157300055027],[2.1231625000946224],01,001,2025-11-05_18h31.52.568,intentional_binding_exp,,2025.1.1,60.157938622099465,2025-11-05 18h32.02.820104 +0530,
0.7,1000,exp,352,0,22,space,0.25418409996200353,None,500,1,[1.8451564999995753],[1.8451617000391707],22,0,352,14,2410.059353400022,,2410.044475600007,2410.059353400022,2411.0436654000077,2411.0436654000077,2411.0597882999573,2411.310357899987,space,0.25418409996200353,None,2411.311175400042,2412.010630266687,2412.3152919999557,2412.3043344999896,2412.304659000016,2412.3152919999557,2412.3152919999557,2412.3152919999557,2414.1606904999353,500,1,[1.8451564999995753],[1.8451617000391707],01,001,2025-11-05_18h31.52.568,intentional_binding_exp,,2025.1.1,60.157938622099465,2025-11-05 18h32.02.820104 +0530,
0.7,400,unexp,353,1,22,space,1.0610455999849364,None,650,1,[4.643915700027719],[4.643921099952422],22,1,353,2,2414.1763140000403,,2414.1609730999917,2414.1763140000403,2415.177281799959,2415.177281799959,2415.177281799959,2416.243430600036,space,1.0610455999849364,None,2416.243893899955,2416.944341966712,2417.2504347999347,2417.238597400021,2417.238951300038,2417.2504347999347,2417.2504347999347,2417.2504347999347,2421.8946257999633,650,1,[4.643915700027719],[4.643921099952422],01,001,2025-11-05_18h31.52.568,intentional_binding_exp,,2025.1.1,60.157938622099465,2025-11-05 18h32.02.820104 +0530,
0.4,1000,exp,354,2,22,space,0.2880684999981895,None,400,1,[1.8464579000137746],[1.8464636000571772],22,2,354,7,2421.9112680000253,,2421.8948560999706,2421.9112680000253,2422.89417939994,2422.89417939994,2422.9113029999426,2423.1942277000053,space,0.2880684999981895,None,2423.194821799989,2423.593889766668,2423.898190899985,2423.8872881999705,2423.8876186000416,2423.898190899985,2423.898190899985,2423.898190899985,2425.744914800045,400,1,[1.8464579000137746],[1.8464636000571772],01,001,2025-11-05_18h31.52.568,intentional_binding_exp,,2025.1.1,60.157938622099465,2025-11-05 18h32.02.820104 +0530,
0.7,1000,exp,355,3,22,space,0.302263299934566,None,500,1,[2.1731869999784976],[2.173198699951172],22,3,355,8,2425.7601988000097,,2425.745142300031,2425.7601988000097,2426.76096330001,2426.76096330001,2426.76096330001,2427.077936699963,space,0.302263299934566,None,2427.078710700036,2427.7770854666055,2428.0889480999904,2428.0786395999603,2428.0789938999806,2428.0889480999904,2428.0889480999904,2428.0889480999904,2430.2624969999306,500,1,[2.1731869999784976],[2.173198699951172],01,001,2025-11-05_18h31.52.568,intentional_binding_exp,,2025.1.1,60.157938622099465,2025-11-05 18h32.02.820104 +0530,
0.1,1000,exp,356,4,22,space,0.22662310011219233,None,350,1,[2.5905997999943793],[2.5906052000354975],22,4,356,12,2430.277184800012,,2430.262701699976,2430.277184800012,2431.2772936000256,2431.2772936000256,2431.2772936000256,2431.511923199985,space,0.22662310011219233,None,2431.5126670999452,2431.6276346666896,2431.9373707999475,2431.9274473999394,2431.92778379994,2431.9373707999475,2431.9373707999475,2431.9373707999475,2434.5282282000408,350,1,[2.5905997999943793],[2.5906052000354975],01,001,2025-11-05_18h31.52.568,intentional_binding_exp,,2025.1.1,60.157938622099465,2025-11-05 18h32.02.820104 +0530,
0.1,1000,exp,357,5,22,space,1.0304351999657229,None,111,1,[5.060576900024898],[5.060581900062971],22,5,357,15,2434.5441545000067,,2434.5284456999507,2434.5441545000067,2435.5285188000416,2435.5285188000416,2435.544244799996,2436.561707500019,space,1.0304351999657229,None,2436.5623313999968,2436.661192766686,2436.9683012999594,2436.957847099984,2436.9582887999713,2436.9683012999594,2436.9683012999594,2436.9683012999594,2442.029138999991,111,1,[5.060576900024898],[5.060581900062971],01,001,2025-11-05_18h31.52.568,intentional_binding_exp,,2025.1.1,60.157938622099465,2025-11-05 18h32.02.820104 +0530,
0.7,1000,exp,358,6,22,space,0.432814099942334,None,310,1,[5.214339599944651],[5.214344599982724],22,6,358,11,2442.0449342000065,,2442.029338799999,2442.0449342000065,2443.0448835999705,2443.0448835999705,2443.0448835999705,2443.479031899944,space,0.432814099942334,None,2443.4795615000185,2444.1783745666658,2444.481692399946,2444.4710354999406,2444.4713591999607,2444.481692399946,2444.481692399946,2444.481692399946,2449.6962865999667,310,1,[5.214339599944651],[5.214344599982724],01,001,2025-11-05_18h31.52.568,intentional_binding_exp,,2025.1.1,60.157938622099465,2025-11-05 18h32.02.820104 +0530,
0.7,1000,exp,359,7,22,space,0.22166889999061823,None,500,1,[3.0854054000228643],[3.085410700063221],22,7,359,5,2449.7117208000273,,2449.6965274999384,2449.7117208000273,2450.7124296999536,2450.7124296999536,2450.7124296999536,2450.946543899947,space,0.22166889999061823,None,2450.947156499955,2451.6462604666053,2451.9609573000344,2451.9516064999625,2451.952117500012,2451.9609573000344,2451.9609573000344,2451.9609573000344,2455.0466122999787,500,1,[3.0854054000228643],[3.085410700063221],01,001,2025-11-05_18h31.52.568,intentional_binding_exp,,2025.1.1,60.157938622099465,2025-11-05 18h32.02.820104 +0530,
0.4,1000,exp,360,8,22,space,0.6864430999848992,None,150,1,[5.226095100049861],[5.226101899985224],22,8,360,10,2455.061967800022,,2455.0468147000065,2455.061967800022,2456.062021699967,2456.062021699967,2456.062021699967,2456.7635372999357,space,0.6864430999848992,None,2456.7640794999897,2457.179366366651,2457.48723790003,2457.477584599983,2457.477919899975,2457.48723790003,2457.48723790003,2457.48723790003,2462.713604499935,150,1,[5.226095100049861],[5.226101899985224],01,001,2025-11-05_18h31.52.568,intentional_binding_exp,,2025.1.1,60.157938622099465,2025-11-05 18h32.02.820104 +0530,
0.1,1000,exp,361,9,22,space,0.2985959999496117,None,110,1,[3.5887290000682697],[3.588734499993734],22,9,361,9,2462.729631299968,,2462.7138065999607,2462.729631299968,2463.729911900009,2463.729911900009,2463.729911900009,2464.029784000013,space,0.2985959999496117,None,2464.0302459000377,2464.1292263667024,2464.441748399986,2464.4310348000145,2464.431375499931,2464.441748399986,2464.441748399986,2464.441748399986,2468.0307838999433,110,1,[3.5887290000682697],[3.588734499993734],01,001,2025-11-05_18h31.52.568,intentional_binding_exp,,2025.1.1,60.157938622099465,2025-11-05 18h32.02.820104 +0530,
0.4,400,unexp,362,10,22,space,1.5204225999768823,None,550,1,[1.9879414000315592],[1.9879466000711545],22,10,362,1,2468.0460375000257,,2468.031073799939,2468.0460375000257,2469.0291562000057,2469.0291562000057,2469.046218000003,2470.564653999987,space,1.5204225999768823,None,2470.5652821999975,2470.9796684666694,2471.292673500022,2471.278570699971,2471.2790049000178,2471.292673500022,2471.292673500022,2471.292673500022,2473.2808525,550,1,[1.9879414000315592],[1.9879466000711545],01,001,2025-11-05_18h31.52.568,intentional_binding_exp,,2025.1.1,60.157938622099465,2025-11-05 18h32.02.820104 +0530,
0.4,1000,exp,363,11,22,space,0.3720224000280723,None,450,1,[2.6555965000297874],[2.655603300081566],22,11,363,4,2473.2966720999684,,2473.281050299993,2473.2966720999684,2474.27999109996,2474.27999109996,2474.2972934000427,2474.6631920000073,space,0.3720224000280723,None,2474.6636512000114,2475.0633777666994,2475.375335299992,2475.3645573999966,2475.364893699996,2475.375335299992,2475.375335299992,2475.375335299992,2478.031231299974,450,1,[2.6555965000297874],[2.655603300081566],01,001,2025-11-05_18h31.52.568,intentional_binding_exp,,2025.1.1,60.157938622099465,2025-11-05 18h32.02.820104 +0530,
0.1,400,unexp,364,12,22,space,0.22147019999101758,None,580,1,[3.605131300049834],[3.6051482999464497],22,12,364,3,2478.047032900038,,2478.0314790999983,2478.047032900038,2479.0477942000143,2479.0477942000143,2479.0477942000143,2479.281050999998,space,0.22147019999101758,None,2479.281523499987,2479.3801202666405,2479.6932546999305,2479.683214599965,2479.6835468999343,2479.6932546999305,2479.6932546999305,2479.6932546999305,2483.298791100038,580,1,[3.605131300049834],[3.6051482999464497],01,001,2025-11-05_18h31.52.568,intentional_binding_exp,,2025.1.1,60.157938622099465,2025-11-05 18h32.02.820104 +0530,
0.1,400,unexp,365,13,22,space,0.5639102999120951,None,300,1,[3.821619499940425],[3.8216305000241846],22,13,365,0,2483.314170800033,,2483.2990080999443,2483.314170800033,2484.296997600002,2484.296997600002,2484.3134870999493,2484.8651563000167,space,0.5639102999120951,None,2484.8658492999384,2484.980847466683,2485.2932574000442,2485.281585799996,2485.281957100029,2485.2932574000442,2485.2932574000442,2485.2932574000442,2489.115323700011,300,1,[3.821619499940425],[3.8216305000241846],01,001,2025-11-05_18h31.52.568,intentional_binding_exp,,2025.1.1,60.157938622099465,2025-11-05 18h32.02.820104 +0530,
0.4,1000,exp,366,14,22,space,0.30132789991330355,None,450,1,[3.2043316999915987],[3.204342400073074],22,14,366,13,2489.1305275999475,,2489.115668399958,2489.1305275999475,2490.114851900027,2490.114851900027,2490.1305926999776,2490.4314804000314,space,0.30132789991330355,None,2490.4320348999463,2490.8313369666616,2491.1438654999947,2491.1330389999785,2491.133393099997,2491.1438654999947,2491.1438654999947,2491.1438654999947,2494.3486036999384,450,1,[3.2043316999915987],[3.204342400073074],01,001,2025-11-05_18h31.52.568,intentional_binding_exp,,2025.1.1,60.157938622099465,2025-11-05 18h32.02.820104 +0530,
0.1,1000,exp,367,15,22,space,0.3414714999962598,None,220,1,[8.01130509993527],[8.011316400021315],22,15,367,6,2494.3641153000062,,2494.34887300001,2494.3641153000062,2495.3476235000417,2495.3476235000417,2495.3645383999683,2495.6979399999836,space,0.3414714999962598,None,2495.6987146999454,2495.7978312665987,2496.103847499937,2496.0945013000164,2496.094944900018,2496.103847499937,2496.103847499937,2496.103847499937,2504.1155527000083,220,1,[8.01130509993527],[8.011316400021315],01,001,2025-11-05_18h31.52.568,intentional_binding_exp,,2025.1.1,60.157938622099465,2025-11-05 18h32.02.820104 +0530,
0.4,1000,exp,368,0,23,space,0.28714200004469603,None,320,1,[2.191668799961917],[2.1916791999246925],23,0,368,4,2504.131240500021,,2504.115893900045,2504.131240500021,2505.1151781999506,2505.1151781999506,2505.1313838999486,2505.415003199945,space,0.28714200004469603,None,2505.415762400022,2505.815226866693,2506.124127599993,2506.114276999957,2506.114618899999,2506.124127599993,2506.124127599993,2506.124127599993,2508.3161874000216,320,1,[2.191668799961917],[2.1916791999246925],01,001,2025-11-05_18h31.52.568,intentional_binding_exp,,2025.1.1,60.157938622099465,2025-11-05 18h32.02.820104 +0530,
0.4,1000,exp,369,1,23,space,0.28940060001332313,None,250,1,[2.880616500042379],[2.8806270000059158],23,1,369,13,2508.3316656999523,,2508.3164610000094,2508.3316656999523,2509.331753800041,2509.331753800041,2509.331753800041,2509.632373200031,space,0.28940060001332313,None,2509.632849799935,2510.0316788666573,2510.3355487999506,2510.3250004999572,2510.3253269999987,2510.3355487999506,2510.3355487999506,2510.3355487999506,2513.216539399931,250,1,[2.880616500042379],[2.8806270000059158],01,001,2025-11-05_18h31.52.568,intentional_binding_exp,,2025.1.1,60.157938622099465,2025-11-05 18h32.02.820104 +0530,
0.4,1000,exp,370,2,23,space,0.24809780006762594,None,400,1,[2.907363999984227],[2.9073696000268683],23,2,370,7,2513.2320137999486,,2513.2168675999856,2513.2320137999486,2514.215461899992,2514.215461899992,2514.232256499934,2514.465796899982,space,0.24809780006762594,None,2514.4662635000423,2514.865212066627,2515.1751056000357,2515.164857800002,2515.1651955000125,2515.1751056000357,2515.1751056000357,2515.1751056000357,2518.0827325000428,400,1,[2.907363999984227],[2.9073696000268683],01,001,2025-11-05_18h31.52.568,intentional_binding_exp,,2025.1.1,60.157938622099465,2025-11-05 18h32.02.820104 +0530,
0.1,1000,exp,371,3,23,space,0.6273160999407992,None,100,1,[3.3770686999196187],[3.377075899974443],23,3,371,6,2518.099145299988,,2518.0829848999856,2518.099145299988,2519.0824084000196,2519.0824084000196,2519.1004017000087,2519.7160614000168,space,0.6273160999407992,None,2519.7167665000306,2519.8156755666173,2520.123497399967,2520.113143799943,2520.1134800999425,2520.123497399967,2520.123497399967,2520.123497399967,2523.500912699965,100,1,[3.3770686999196187],[3.377075899974443],01,001,2025-11-05_18h31.52.568,intentional_binding_exp,,2025.1.1,60.157938622099465,2025-11-05 18h32.02.820104 +0530,
0.7,400,unexp,372,4,23,space,0.36126719997264445,None,450,1,[2.2077920000301674],[2.2078020001063123],23,4,372,2,2523.5162276999326,,2523.5012365999864,2523.5162276999326,2524.515788299963,2524.515788299963,2524.515788299963,2524.8831339000026,space,0.36126719997264445,None,2524.8836250000168,2525.582438966671,2525.892029299983,2525.8801649999805,2525.8807434999617,2525.892029299983,2525.892029299983,2525.892029299983,2528.1002355000237,450,1,[2.2077920000301674],[2.2078020001063123],01,001,2025-11-05_18h31.52.568,intentional_binding_exp,,2025.1.1,60.157938622099465,2025-11-05 18h32.02.820104 +0530,
0.4,400,unexp,373,5,23,space,0.35423260007519275,None,500,1,[5.090717000071891],[5.090722200111486],23,5,373,1,2528.1161469999934,,2528.1005914999405,2528.1161469999934,2529.099746700027,2529.099746700027,2529.1162973999744,2529.4669780000113,space,0.35423260007519275,None,2529.4677349999547,2529.8662094666547,2530.1767191999825,2530.1670987999532,2530.167441800004,2530.1767191999825,2530.1767191999825,2530.1767191999825,2535.2677017999813,500,1,[5.090717000071891],[5.090722200111486],01,001,2025-11-05_18h31.52.568,intentional_binding_exp,,2025.1.1,60.157938622099465,2025-11-05 18h32.02.820104 +0530,
0.1,1000,exp,374,6,23,space,1.1644854999613017,None,120,1,[3.091734300018288],[3.0917397999437526],23,6,374,15,2535.2834976000013,,2535.267905100016,2535.2834976000013,2536.2667960999534,2536.2667960999534,2536.283027300029,2537.4341853000224,space,1.1644854999613017,None,2537.434647399932,2537.549801266698,2537.859453800018,2537.8482209999347,2537.8485549000325,2537.859453800018,2537.859453800018,2537.859453800018,2540.9514402999775,120,1,[3.091734300018288],[3.0917397999437526],01,001,2025-11-05_18h31.52.568,intentional_binding_exp,,2025.1.1,60.157938622099465,2025-11-05 18h32.02.820104 +0530,
0.1,400,unexp,375,7,23,space,0.29339500004425645,None,500,1,[5.861976400017738],[5.861985800089315],23,7,375,0,2540.9667609999888,,2540.9516431000084,2540.9667609999888,2541.950726100011,2541.950726100011,2541.9669152999995,2542.2510615999345,space,0.29339500004425645,None,2542.251667100005,2542.350469566711,2542.6565619000467,2542.6463536999654,2542.6467859999975,2542.6565619000467,2542.6565619000467,2542.6565619000467,2548.5188290999504,500,1,[5.861976400017738],[5.861985800089315],01,001,2025-11-05_18h31.52.568,intentional_binding_exp,,2025.1.1,60.157938622099465,2025-11-05 18h32.02.820104 +0530,
0.7,1000,exp,376,8,23,space,0.8459064000053331,None,600,1,[1.7231574000325054],[1.7231625999556854],23,8,376,5,2548.5341702000005,,2548.519056699937,2548.5341702000005,2549.534699599957,2549.534699599957,2549.534699599957,2550.384416999994,space,0.8459064000053331,None,2550.384911500034,2551.0845604666433,2551.395388899953,2551.3853592999512,2551.385702700005,2551.395388899953,2551.395388899953,2551.395388899953,2553.1188061999856,600,1,[1.7231574000325054],[1.7231625999556854],01,001,2025-11-05_18h31.52.568,intentional_binding_exp,,2025.1.1,60.157938622099465,2025-11-05 18h32.02.820104 +0530,
0.1,1000,exp,377,9,23,space,0.2919184999773279,None,120,1,[2.619767599971965],[2.6197784000542015],23,9,377,12,2553.1338823999977,,2553.119009600021,2553.1338823999977,2554.134208900039,2554.134208900039,2554.134208900039,2554.4353292000014,space,0.2919184999773279,None,2554.4359328999417,2554.534432366669,2554.848706000019,2554.8362960999366,2554.836797200027,2554.848706000019,2554.848706000019,2554.848706000019,2557.468846600037,120,1,[2.619767599971965],[2.6197784000542015],01,001,2025-11-05_18h31.52.568,intentional_binding_exp,,2025.1.1,60.157938622099465,2025-11-05 18h32.02.820104 +0530,
0.1,400,unexp,378,10,23,space,0.3108166999882087,None,290,1,[7.9941402999684215],[7.994145900011063],23,10,378,3,2557.484410300036,,2557.46911429998,2557.484410300036,2558.4680211000377,2558.4680211000377,2558.4855549000204,2558.784903599997,space,0.3108166999882087,None,2558.785372299957,2558.8853662666556,2559.1920650999527,2559.1779123999877,2559.178363599931,2559.1920650999527,2559.1920650999527,2559.1920650999527,2567.1864867999684,290,1,[7.9941402999684215],[7.994145900011063],01,001,2025-11-05_18h31.52.568,intentional_binding_exp,,2025.1.1,60.157938622099465,2025-11-05 18h32.02.820104 +0530,
0.7,1000,exp,379,11,23,space,0.28966999996919185,None,500,1,[3.2835978000657633],[3.2836102000437677],23,11,379,8,2567.2019778999966,,2567.1866953000426,2567.2019778999966,2568.1853994999547,2568.1853994999547,2568.202383899945,2568.486526899971,space,0.28966999996919185,None,2568.487319399952,2569.185895066654,2569.486427500029,2569.4759258000413,2569.4762568000006,2569.486427500029,2569.486427500029,2569.486427500029,2572.770378199988,500,1,[3.2835978000657633],[3.2836102000437677],01,001,2025-11-05_18h31.52.568,intentional_binding_exp,,2025.1.1,60.157938622099465,2025-11-05 18h32.02.820104 +0530,
0.4,1000,exp,380,12,23,space,0.6461547999642789,None,400,1,[2.276480700005777],[2.2764908000826836],23,12,380,10,2572.785175899975,,2572.7706071999855,2572.785175899975,2573.785312199965,2573.785312199965,2573.785312199965,2574.435774200014,space,0.6461547999642789,None,2574.43626899994,2574.8358499666833,2575.143323599943,2575.1304534999654,2575.1307852000464,2575.143323599943,2575.143323599943,2575.143323599943,2577.420180200017,400,1,[2.276480700005777],[2.2764908000826836],01,001,2025-11-05_18h31.52.568,intentional_binding_exp,,2025.1.1,60.157938622099465,2025-11-05 18h32.02.820104 +0530,
0.1,1000,exp,381,13,23,space,1.7316295999335125,None,160,1,[5.134040199918672],[5.134051400003955],23,13,381,9,2577.4357739000116,,2577.4204437000444,2577.4357739000116,2578.420010300004,2578.420010300004,2578.4364987999434,2580.153138899943,space,1.7316295999335125,None,2580.1537617000286,2580.2539170666755,2580.5699799000286,2580.5536875999533,2580.5542634000303,2580.5699799000286,2580.5699799000286,2580.5699799000286,2585.704408699996,160,1,[5.134040199918672],[5.134051400003955],01,001,2025-11-05_18h31.52.568,intentional_binding_exp,,2025.1.1,60.157938622099465,2025-11-05 18h32.02.820104 +0530,
0.7,1000,exp,382,14,23,space,0.29332019994035363,None,400,1,[3.187393800006248],[3.1873992999317124],23,14,382,14,2585.719698300003,,2585.7046273000306,2585.719698300003,2586.7031124000205,2586.7031124000205,2586.7199694999726,2587.00448350003,space,0.29332019994035363,None,2587.004958100035,2587.7195186666836,2588.0334698000224,2588.023060300038,2588.0233968000393,2588.0334698000224,2588.0334698000224,2588.0334698000224,2591.2211188999936,400,1,[3.187393800006248],[3.1873992999317124],01,001,2025-11-05_18h31.52.568,intentional_binding_exp,,2025.1.1,60.157938622099465,2025-11-05 18h32.02.820104 +0530,
0.7,1000,exp,383,15,23,space,0.2902069999836385,None,320,1,[2.0601807000348344],[2.0601865000789985],23,15,383,11,2591.236235199962,,2591.2213251999347,2591.236235199962,2592.220021300018,2592.220021300018,2592.2379152999492,2592.521387799992,space,0.2902069999836385,None,2592.5221656999784,2593.2205016666016,2593.527364199981,2593.5174958000425,2593.5178358999547,2593.527364199981,2593.527364199981,2593.527364199981,2595.587795099942,320,1,[2.0601807000348344],[2.0601865000789985],01,001,2025-11-05_18h31.52.568,intentional_binding_exp,,2025.1.1,60.157938622099465,2025-11-05 18h32.02.820104 +0530,
0.4,1000,exp,384,0,24,space,0.3176858000224456,None,100,1,[4.824704800033942],[4.824710699962452],24,0,384,7,2595.603468999965,,2595.5881369999843,2595.603468999965,2596.5869556999533,2596.5869556999533,2596.604363500024,2596.9213822999736,space,0.3176858000224456,None,2596.921944499947,2597.32115186664,2597.629749799962,2597.6187204000307,2597.6190498999786,2597.629749799962,2597.629749799962,2597.629749799962,2602.454746800009,100,1,[4.824704800033942],[4.824710699962452],01,001,2025-11-05_18h31.52.568,intentional_binding_exp,,2025.1.1,60.157938622099465,2025-11-05 18h32.02.820104 +0530,
0.7,1000,exp,385,1,24,space,0.2882102000294253,None,400,1,[2.2281586000462994],[2.228169300011359],24,1,385,5,2602.470774299931,,2602.4549521999434,2602.470774299931,2603.4710221999558,2603.4710221999558,2603.4710221999558,2603.7714286999544,space,0.2882102000294253,None,2603.772197699989,2604.4872437666095,2604.7944205999374,2604.7839354999596,2604.7843596000457,2604.7944205999374,2604.7944205999374,2604.7944205999374,2607.022879099939,400,1,[2.2281586000462994],[2.228169300011359],01,001,2025-11-05_18h31.52.568,intentional_binding_exp,,2025.1.1,60.157938622099465,2025-11-05 18h32.02.820104 +0530,
0.7,1000,exp,386,2,24,space,0.30938899994362146,None,650,1,[1.9243183000944555],[1.924328300054185],24,2,386,14,2607.038505299948,,2607.023077199934,2607.038505299948,2608.0373015999794,2608.0373015999794,2608.0373015999794,2608.3550616999855,space,0.30938899994362146,None,2608.35584069998,2609.0713356666424,2609.3818717999384,2609.371855900041,2609.3722012999933,2609.3818717999384,2609.3818717999384,2609.3818717999384,2611.3065188999753,650,1,[1.9243183000944555],[1.924328300054185],01,001,2025-11-05_18h31.52.568,intentional_binding_exp,,2025.1.1,60.157938622099465,2025-11-05 18h32.02.820104 +0530,
0.4,1000,exp,387,3,24,space,0.60792430001311,None,200,1,[2.5598799000727013],[2.5598909000400454],24,3,387,13,2611.3210407999577,,2611.3067321999697,2611.3210407999577,2612.3207337999484,2612.3207337999484,2612.3207337999484,2612.9383015999338,space,0.60792430001311,None,2612.938856199966,2613.3387064666645,2613.653845899971,2613.640567900031,2613.6409127999796,2613.653845899971,2613.653845899971,2613.653845899971,2616.2141030000057,200,1,[2.5598799000727013],[2.5598909000400454],01,001,2025-11-05_18h31.52.568,intentional_binding_exp,,2025.1.1,60.157938622099465,2025-11-05 18h32.02.820104 +0530,
0.7,400,unexp,388,4,24,space,1.228632100042887,None,500,1,[6.220306200091727],[6.2203166000545025],24,4,388,2,2616.229591500014,,2616.214344499982,2616.229591500014,2617.2128143999726,2617.2128143999726,2617.2301128000254,2618.4474288999336,space,1.228632100042887,None,2618.4482012999943,2619.1632242666715,2619.4793855999596,2619.4638849999756,2619.4643412999576,2619.4793855999596,2619.4793855999596,2619.4793855999596,2625.7000556000276,500,1,[6.220306200091727],[6.2203166000545025],01,001,2025-11-05_18h31.52.568,intentional_binding_exp,,2025.1.1,60.157938622099465,2025-11-05 18h32.02.820104 +0530,
0.1,1000,exp,389,5,24,space,1.0607490000547841,None,220,1,[9.690581200062297],[9.690586799988523],24,5,389,9,2625.7153101000004,,2625.7002694000257,2625.7153101000004,2626.7155930999434,2626.7155930999434,2626.7155930999434,2627.7827659000177,space,1.0607490000547841,None,2627.7833604000043,2627.8822009666515,2628.193907000008,2628.1830789999804,2628.183419900015,2628.193907000008,2628.193907000008,2628.193907000008,2637.8847631999524,220,1,[9.690581200062297],[9.690586799988523],01,001,2025-11-05_18h31.52.568,intentional_binding_exp,,2025.1.1,60.157938622099465,2025-11-05 18h32.02.820104 +0530,
0.4,400,unexp,390,6,24,space,0.5736884000943974,None,350,1,[5.253328600083478],[5.253340900060721],24,6,390,1,2637.9000959999394,,2637.8849701000145,2637.9000959999394,2638.9001553000417,2638.9001553000417,2638.9001553000417,2639.483867599978,space,0.5736884000943974,None,2639.4847492999397,2639.8843736666645,2640.197836600011,2640.1868756000185,2640.1872078999877,2640.197836600011,2640.197836600011,2640.197836600011,2645.4514799000463,350,1,[5.253328600083478],[5.253340900060721],01,001,2025-11-05_18h31.52.568,intentional_binding_exp,,2025.1.1,60.157938622099465,2025-11-05 18h32.02.820104 +0530,
0.1,1000,exp,391,7,24,space,0.270046400022693,None,200,1,[4.128179099992849],[4.128184500033967],24,7,391,15,2645.46668339998,,2645.4516954999417,2645.46668339998,2646.4665783999953,2646.4665783999953,2646.4665783999953,2646.7500367000466,space,0.270046400022693,None,2646.7505028999876,2646.850621266702,2647.155381300021,2647.1440678000217,2647.144520699978,2647.155381300021,2647.155381300021,2647.155381300021,2651.2838245000457,200,1,[4.128179099992849],[4.128184500033967],01,001,2025-11-05_18h31.52.568,intentional_binding_exp,,2025.1.1,60.157938622099465,2025-11-05 18h32.02.820104 +0530,
0.4,1000,exp,392,8,24,space,0.2746842000633478,None,100,1,[1.2419532999629155],[1.2419607000192627],24,8,392,4,2651.3003694999497,,2651.284043599968,2651.3003694999497,2652.2833391999593,2652.2833391999593,2652.3007551999763,2652.5675140999956,space,0.2746842000633478,None,2652.568264500005,2652.9674309666193,2653.276260799961,2653.265772999963,2653.2661071999464,2653.276260799961,2653.276260799961,2653.276260799961,2654.5184911999386,100,1,[1.2419532999629155],[1.2419607000192627],01,001,2025-11-05_18h31.52.568,intentional_binding_exp,,2025.1.1,60.157938622099465,2025-11-05 18h32.02.820104 +0530,
0.7,1000,exp,393,9,24,space,0.2096097000176087,None,400,1,[1.4416869999840856],[1.4417004000861198],24,9,393,11,2654.5335627000313,,2654.518738899962,2654.5335627000313,2655.533876499976,2655.533876499976,2655.533876499976,2655.7515431999927,space,0.2096097000176087,None,2655.752353399992,2656.4673591666547,2656.776423400035,2656.7661884999834,2656.766520199948,2656.776423400035,2656.776423400035,2656.776423400035,2658.218563799979,400,1,[1.4416869999840856],[1.4417004000861198],01,001,2025-11-05_18h31.52.568,intentional_binding_exp,,2025.1.1,60.157938622099465,2025-11-05 18h32.02.820104 +0530,
0.1,1000,exp,394,10,24,space,0.22590119997039437,None,500,1,[8.62876310001593],[8.628768400056288],24,10,394,12,2658.2340191999683,,2658.218901299988,2658.2340191999683,2659.217172499979,2659.217172499979,2659.2345057999482,2659.4518296000315,space,0.22590119997039437,None,2659.4523493000306,2659.5671188666643,2659.8733490000013,2659.863337800023,2659.863669899991,2659.8733490000013,2659.8733490000013,2659.8733490000013,2668.5023562000133,500,1,[8.62876310001593],[8.628768400056288],01,001,2025-11-05_18h31.52.568,intentional_binding_exp,,2025.1.1,60.157938622099465,2025-11-05 18h32.02.820104 +0530,
0.1,1000,exp,395,11,24,space,0.26866429997608066,None,99,1,[3.609082799986936],[3.6090878000250086],24,11,395,6,2668.518304600031,,2668.5025599999353,2668.518304600031,2669.5185358000454,2669.5185358000454,2669.5185358000454,2669.801852299948,space,0.26866429997608066,None,2669.802358999965,2669.9023872666917,2670.2095782000106,2670.198891100008,2670.1992386999773,2670.2095782000106,2670.2095782000106,2670.2095782000106,2673.818916399963,99,1,[3.609082799986936],[3.6090878000250086],01,001,2025-11-05_18h31.52.568,intentional_binding_exp,,2025.1.1,60.157938622099465,2025-11-05 18h32.02.820104 +0530,
0.1,400,unexp,396,12,24,space,0.2544950000010431,None,200,1,[2.0253131000790745],[2.0253190000075847],24,12,396,0,2673.834827100043,,2673.8191263999324,2673.834827100043,2674.8179064999567,2674.8179064999567,2674.834875599947,2675.0851884000003,space,0.2544950000010431,None,2675.0856997999363,2675.1845469666337,2675.4947183999466,2675.4842401000205,2675.4846005999716,2675.4947183999466,2675.4947183999466,2675.4947183999466,2677.5202954999404,200,1,[2.0253131000790745],[2.0253190000075847],01,001,2025-11-05_18h31.52.568,intentional_binding_exp,,2025.1.1,60.157938622099465,2025-11-05 18h32.02.820104 +0530,
0.1,400,unexp,397,13,24,space,0.382642799988389,None,350,1,[3.9238819999154657],[3.923887399956584],24,13,397,3,2677.5353942000074,,2677.520502600004,2677.5353942000074,2678.5353374000406,2678.5353374000406,2678.5353374000406,2678.918857599958,space,0.382642799988389,None,2678.9193969999906,2679.019090766615,2679.3290066999616,2679.318061799975,2679.318395399954,2679.3290066999616,2679.3290066999616,2679.3290066999616,2683.253141299938,350,1,[3.9238819999154657],[3.923887399956584],01,001,2025-11-05_18h31.52.568,intentional_binding_exp,,2025.1.1,60.157938622099465,2025-11-05 18h32.02.820104 +0530,
0.4,1000,exp,398,14,24,space,0.3917866999981925,None,400,1,[3.257751500001177],[3.257756400038488],24,14,398,10,2683.2688037999906,,2683.2533402999397,2683.2688037999906,2684.2689793000463,2684.2689793000463,2684.2689793000463,2684.6691346999723,space,0.3917866999981925,None,2684.6698180999374,2685.068826966632,2685.378505800036,2685.3677446999354,2685.368083999958,2685.378505800036,2685.378505800036,2685.378505800036,2688.6364983000094,400,1,[3.257751500001177],[3.257756400038488],01,001,2025-11-05_18h31.52.568,intentional_binding_exp,,2025.1.1,60.157938622099465,2025-11-05 18h32.02.820104 +0530,
0.7,1000,exp,399,15,24,space,0.2211220000172034,None,450,1,[1.7752815000712872],[1.775294200051576],24,15,399,8,2688.652901399997,,2688.6366994000273,2688.652901399997,2689.635807899991,2689.635807899991,2689.6528582000174,2689.869810699951,space,0.2211220000172034,None,2689.8704669999424,2690.569864866619,2690.879036099999,2690.8687225000467,2690.869055200019,2690.879036099999,2690.879036099999,2690.879036099999,2692.654733299976,450,1,[1.7752815000712872],[1.775294200051576],01,001,2025-11-05_18h31.52.568,intentional_binding_exp,,2025.1.1,60.157938622099465,2025-11-05 18h32.02.820104 +0530,
