cue_arrow,target_x,condition,corr_Ans,thisN,thisTrialN,thisRepN,key_resp.keys,key_resp.corr,key_resp.rt,key_resp.duration,trials.thisRepN,trials.thisTrialN,trials.thisN,trials.thisIndex,thisRow.t,notes,welcome.started,welcome_text.started,start_key.started,welcome.stopped,start_key.keys,start_key.rt,start_key.duration,trial.started,fixation.started,fixation.stopped,cue_text.started,cue_text.stopped,target.started,key_resp.started,trial.stopped,trials.key_resp.keys,trials.key_resp.corr,trials.key_resp.rt,trials.key_resp.duration,thankyou.started,text.started,thankyou.stopped,participant,session,date,expName,expVersion,psychopyVersion,frameRate,expStart,
,,,,,,,,,,,,,,,,,0.008833699990645982,0.019335699995281175,0.019335699995281175,6.643253699992783,space,6.6106902999890735,None,,,,,,,,,,,,,,,,02,001,2025-11-14_20h16.24.165,cueing_task_exp,,2025.1.1,59.704664904256454,2025-11-14 20h16.34.643965 +0530,
→,0.5,valid,right,0,0,0,right,1,1.99616569999489,None,0,0,0,2,6.683475700003328,,,,,,,,,6.672239499996067,6.683475700003328,7.145222599996487,7.145222599996487,7.444953600002918,7.744816199992783,7.744816199992783,9.744908399996348,right,1,1.99616569999489,None,,,,02,001,2025-11-14_20h16.24.165,cueing_task_exp,,2025.1.1,59.704664904256454,2025-11-14 20h16.34.643965 +0530,
←,-0.5,valid,left,1,1,0,left,1,0.5186806999990949,None,0,1,1,5,9.760196699993685,,,,,,,,,9.750290900003165,9.760196699993685,10.245412199990824,10.245412199990824,10.545296700001927,10.845566399992094,10.845566399992094,11.378330299994559,left,1,0.5186806999990949,None,,,,02,001,2025-11-14_20h16.24.165,cueing_task_exp,,2025.1.1,59.704664904256454,2025-11-14 20h16.34.643965 +0530,
←,-0.5,valid,left,2,2,0,left,1,0.0015438999980688095,None,0,2,2,6,11.395003600002383,,,,,,,,,11.378786799992668,11.395003600002383,11.876801099992008,11.876801099992008,12.17764329999045,12.478653600002872,12.478653600002872,12.494635199996992,left,1,0.0015438999980688095,None,,,,02,001,2025-11-14_20h16.24.165,cueing_task_exp,,2025.1.1,59.704664904256454,2025-11-14 20h16.34.643965 +0530,
→,0.5,valid,right,3,3,0,right,1,0.22894890001043677,None,0,3,3,3,12.511363800003892,,,,,,,,,12.497269699990284,12.511363800003892,12.993964799999958,12.993964799999958,13.295404399992549,13.59488039999269,13.59488039999269,13.829338299998199,right,1,0.22894890001043677,None,,,,02,001,2025-11-14_20h16.24.165,cueing_task_exp,,2025.1.1,59.704664904256454,2025-11-14 20h16.34.643965 +0530,
→,-0.5,invalid,left,4,4,0,right,0,0.19686579999688547,None,0,4,4,8,13.843591999990167,,,,,,,,,13.830074899989995,13.843591999990167,14.345740799995838,14.345740799995838,14.645120799992583,14.94475959999545,14.94475959999545,15.145645700002206,right,0,0.19686579999688547,None,,,,02,001,2025-11-14_20h16.24.165,cueing_task_exp,,2025.1.1,59.704664904256454,2025-11-14 20h16.34.643965 +0530,
→,0.5,valid,right,5,5,0,right,1,0.9582770999986678,None,0,5,5,0,15.16023850000056,,,,,,,,,15.146179699993809,15.16023850000056,15.662017599999672,15.662017599999672,15.944940799992764,16.24469289999979,16.24469289999979,17.211643399990862,right,1,0.9582770999986678,None,,,,02,001,2025-11-14_20h16.24.165,cueing_task_exp,,2025.1.1,59.704664904256454,2025-11-14 20h16.34.643965 +0530,
←,-0.5,valid,left,6,6,0,left,1,0.6409792000049492,None,0,6,6,1,17.22786420000193,,,,,,,,,17.21386689999781,17.22786420000193,17.712346000000252,17.712346000000252,18.011678399998345,18.311792699998477,18.311792699998477,18.96138609999616,left,1,0.6409792000049492,None,,,,02,001,2025-11-14_20h16.24.165,cueing_task_exp,,2025.1.1,59.704664904256454,2025-11-14 20h16.34.643965 +0530,
←,-0.5,valid,left,7,7,0,left,1,0.513155699998606,None,0,7,7,4,18.977433599997312,,,,,,,,,18.962015099998098,18.977433599997312,19.462654599992675,19.462654599992675,19.7624111000041,20.062201699998695,20.062201699998695,20.579148999997415,left,1,0.513155699998606,None,,,,02,001,2025-11-14_20h16.24.165,cueing_task_exp,,2025.1.1,59.704664904256454,2025-11-14 20h16.34.643965 +0530,
→,0.5,valid,right,8,8,0,right,1,0.32526330000837334,None,0,8,8,7,20.594592900000862,,,,,,,,,20.581662500000675,20.594592900000862,21.077743599991663,21.077743599991663,21.37823699999717,21.695326000000932,21.695326000000932,22.02861120000307,right,1,0.32526330000837334,None,,,,02,001,2025-11-14_20h16.24.165,cueing_task_exp,,2025.1.1,59.704664904256454,2025-11-14 20h16.34.643965 +0530,
←,0.5,invalid,right,9,9,0,right,1,0.6128726999886567,None,0,9,9,9,22.04433489999792,,,,,,,,,22.030797699990217,22.04433489999792,22.52966600000218,22.52966600000218,22.82877120000194,23.128661299997475,23.128661299997475,23.745540599993546,right,1,0.6128726999886567,None,,,,02,001,2025-11-14_20h16.24.165,cueing_task_exp,,2025.1.1,59.704664904256454,2025-11-14 20h16.34.643965 +0530,
→,0.5,valid,right,10,0,1,right,1,1.0005263000057312,None,1,0,10,7,23.76106119999895,,,,,,,,,23.74778890000016,23.76106119999895,24.245874699990964,24.245874699990964,24.545360499992967,24.844443299996783,24.844443299996783,25.861883199992008,right,1,1.0005263000057312,None,,,,02,001,2025-11-14_20h16.24.165,cueing_task_exp,,2025.1.1,59.704664904256454,2025-11-14 20h16.34.643965 +0530,
←,-0.5,valid,left,11,1,1,left,1,0.4823967999982415,None,1,1,11,6,25.87896109999565,,,,,,,,,25.864033499994548,25.87896109999565,26.36110280000139,26.36110280000139,26.662515799995163,26.961768900000607,26.961768900000607,27.445172099993215,left,1,0.4823967999982415,None,,,,02,001,2025-11-14_20h16.24.165,cueing_task_exp,,2025.1.1,59.704664904256454,2025-11-14 20h16.34.643965 +0530,
←,-0.5,valid,left,12,2,1,left,1,0.4187992000079248,None,1,2,12,5,27.460560599996825,,,,,,,,,27.445697499992093,27.460560599996825,27.961292799998773,27.961292799998773,28.260313699996914,28.56008440000005,28.56008440000005,28.993885399991996,left,1,0.4187992000079248,None,,,,02,001,2025-11-14_20h16.24.165,cueing_task_exp,,2025.1.1,59.704664904256454,2025-11-14 20h16.34.643965 +0530,
→,0.5,valid,right,13,3,1,right,1,0.45233729999745265,None,1,3,13,2,29.07467239999096,,,,,,,,,29.06741730000067,29.07467239999096,29.49426599999424,29.49426599999424,29.793471800003317,30.09348100000352,30.09348100000352,30.5604178999929,right,1,0.45233729999745265,None,,,,02,001,2025-11-14_20h16.24.165,cueing_task_exp,,2025.1.1,59.704664904256454,2025-11-14 20h16.34.643965 +0530,
←,-0.5,valid,left,14,4,1,left,1,0.31825719999324065,None,1,4,14,1,30.577760799991665,,,,,,,,,30.56214359999285,30.577760799991665,31.060103900003014,31.060103900003014,31.359927700003027,31.66192549999687,31.66192549999687,31.9956053999922,left,1,0.31825719999324065,None,,,,02,001,2025-11-14_20h16.24.165,cueing_task_exp,,2025.1.1,59.704664904256454,2025-11-14 20h16.34.643965 +0530,
→,0.5,valid,right,15,5,1,right,1,0.4805125999992015,None,1,5,15,0,32.01136889999907,,,,,,,,,31.997402599998168,32.01136889999907,32.494045799991,32.494045799991,32.79525619999913,33.0953726000007,33.0953726000007,33.578609399992274,right,1,0.4805125999992015,None,,,,02,001,2025-11-14_20h16.24.165,cueing_task_exp,,2025.1.1,59.704664904256454,2025-11-14 20h16.34.643965 +0530,
←,0.5,invalid,right,16,6,1,right,1,0.4975124000047799,None,1,6,16,9,33.593948299996555,,,,,,,,,33.58090000000084,33.593948299996555,34.07907140000316,34.07907140000316,34.37904780000099,34.67811690000235,34.67811690000235,35.17962379999517,right,1,0.4975124000047799,None,,,,02,001,2025-11-14_20h16.24.165,cueing_task_exp,,2025.1.1,59.704664904256454,2025-11-14 20h16.34.643965 +0530,
→,-0.5,invalid,left,17,7,1,right,0,2.030023400002392,None,1,7,17,8,35.195154300003196,,,,,,,,,35.182090899994364,35.195154300003196,35.67823530000169,35.67823530000169,35.99455699999817,36.27840640000068,36.27840640000068,38.31217069999548,right,0,2.030023400002392,None,,,,02,001,2025-11-14_20h16.24.165,cueing_task_exp,,2025.1.1,59.704664904256454,2025-11-14 20h16.34.643965 +0530,
→,0.5,valid,right,18,8,1,right,1,0.7539799999940442,None,1,8,18,3,38.32739799999399,,,,,,,,,38.31263400000171,38.32739799999399,38.812064600002486,38.812064600002486,39.1121945999912,39.412569399995846,39.412569399995846,40.178849699994316,right,1,0.7539799999940442,None,,,,02,001,2025-11-14_20h16.24.165,cueing_task_exp,,2025.1.1,59.704664904256454,2025-11-14 20h16.34.643965 +0530,
←,-0.5,valid,left,19,9,1,left,1,0.663230600010138,None,1,9,19,4,40.19419639999978,,,,,,,,,40.18105210000067,40.19419639999978,40.67913950000366,40.67913950000366,40.97906859999057,41.278868099994725,41.278868099994725,41.945196599990595,left,1,0.663230600010138,None,,,,02,001,2025-11-14_20h16.24.165,cueing_task_exp,,2025.1.1,59.704664904256454,2025-11-14 20h16.34.643965 +0530,
→,0.5,valid,right,20,0,2,right,1,0.5889847000071313,None,2,0,20,7,41.96123249999073,,,,,,,,,41.9476738999947,41.96123249999073,42.44493810000131,42.44493810000131,42.74472479999531,43.04632700000366,43.04632700000366,43.64710380000179,right,1,0.5889847000071313,None,,,,02,001,2025-11-14_20h16.24.165,cueing_task_exp,,2025.1.1,59.704664904256454,2025-11-14 20h16.34.643965 +0530,
←,0.5,invalid,right,21,1,2,left,0,1.280452500010142,None,2,1,21,9,43.66054470000381,,,,,,,,,43.64959580000141,43.66054470000381,44.162966399992,44.162966399992,44.4618560999952,44.762000100003206,44.762000100003206,46.04617619999044,left,0,1.280452500010142,None,,,,02,001,2025-11-14_20h16.24.165,cueing_task_exp,,2025.1.1,59.704664904256454,2025-11-14 20h16.34.643965 +0530,
←,-0.5,valid,left,22,2,2,left,1,0.3796396000107052,None,2,2,22,4,46.06140979999327,,,,,,,,,46.046720500002266,46.06140979999327,46.56257500000356,46.56257500000356,46.84585739999602,47.14601309999125,47.14601309999125,47.529492899993784,left,1,0.3796396000107052,None,,,,02,001,2025-11-14_20h16.24.165,cueing_task_exp,,2025.1.1,59.704664904256454,2025-11-14 20h16.34.643965 +0530,
←,-0.5,valid,left,23,3,2,left,1,0.4359926000033738,None,2,3,23,1,47.54409290000331,,,,,,,,,47.53001339999901,47.54409290000331,48.04537700000219,48.04537700000219,48.32856670000183,48.64559200000076,48.64559200000076,49.09502339999017,left,1,0.4359926000033738,None,,,,02,001,2025-11-14_20h16.24.165,cueing_task_exp,,2025.1.1,59.704664904256454,2025-11-14 20h16.34.643965 +0530,
→,-0.5,invalid,left,24,4,2,left,1,0.763049500004854,None,2,4,24,8,49.11085989999992,,,,,,,,,49.097448400003486,49.11085989999992,49.61272759998974,49.61272759998974,49.89580109999224,50.19588349999685,50.19588349999685,50.962799000000814,left,1,0.763049500004854,None,,,,02,001,2025-11-14_20h16.24.165,cueing_task_exp,,2025.1.1,59.704664904256454,2025-11-14 20h16.34.643965 +0530,
←,-0.5,valid,left,25,5,2,left,1,0.6699661999882665,None,2,5,25,5,50.978263900004094,,,,,,,,,50.96507930000371,50.978263900004094,51.46202619999531,51.46202619999531,51.779292099992745,52.07935909999651,52.07935909999651,52.7622979000007,left,1,0.6699661999882665,None,,,,02,001,2025-11-14_20h16.24.165,cueing_task_exp,,2025.1.1,59.704664904256454,2025-11-14 20h16.34.643965 +0530,
→,0.5,valid,right,26,6,2,right,1,0.4288472000043839,None,2,6,26,3,52.77814880000369,,,,,,,,,52.76470079999126,52.77814880000369,53.2618158999976,53.2618158999976,53.57784790000005,53.86260069999844,53.86260069999844,54.29650749999564,right,1,0.4288472000043839,None,,,,02,001,2025-11-14_20h16.24.165,cueing_task_exp,,2025.1.1,59.704664904256454,2025-11-14 20h16.34.643965 +0530,
→,0.5,valid,right,27,7,2,right,1,0.6742835000040941,None,2,7,27,0,54.31173309999576,,,,,,,,,54.2970234999957,54.31173309999576,54.7954250999901,54.7954250999901,55.1119589000009,55.39640189999773,55.39640189999773,56.07919999999285,right,1,0.6742835000040941,None,,,,02,001,2025-11-14_20h16.24.165,cueing_task_exp,,2025.1.1,59.704664904256454,2025-11-14 20h16.34.643965 +0530,
→,0.5,valid,right,28,8,2,right,1,0.48141380000743084,None,2,8,28,2,56.09497900000133,,,,,,,,,56.079729499993846,56.09497900000133,56.57897159999993,56.57897159999993,56.87942739999562,57.17977409999003,57.17977409999003,57.66296699999657,right,1,0.48141380000743084,None,,,,02,001,2025-11-14_20h16.24.165,cueing_task_exp,,2025.1.1,59.704664904256454,2025-11-14 20h16.34.643965 +0530,
←,-0.5,valid,left,29,9,2,left,1,0.4435477999941213,None,2,9,29,6,57.67777739999292,,,,,,,,,57.66516550000233,57.67777739999292,58.17783459999191,58.17783459999191,58.462660599994706,58.762870299993665,58.762870299993665,59.21174649999011,left,1,0.4435477999941213,None,,,,02,001,2025-11-14_20h16.24.165,cueing_task_exp,,2025.1.1,59.704664904256454,2025-11-14 20h16.34.643965 +0530,
→,0.5,valid,right,30,0,3,right,1,0.5225055999908363,None,3,0,30,0,59.229089699991164,,,,,,,,,59.21402869999292,59.229089699991164,59.71254459999909,59.71254459999909,60.01266229999601,60.312537499994505,60.312537499994505,60.84696019999683,right,1,0.5225055999908363,None,,,,02,001,2025-11-14_20h16.24.165,cueing_task_exp,,2025.1.1,59.704664904256454,2025-11-14 20h16.34.643965 +0530,
←,0.5,invalid,right,31,1,3,left,0,1.1461644999944838,None,3,1,31,9,60.861609300001874,,,,,,,,,60.850019599994994,60.861609300001874,61.34602689999156,61.34602689999156,61.64568669999426,61.946374399994966,61.946374399994966,63.0967224999913,left,0,1.1461644999944838,None,,,,02,001,2025-11-14_20h16.24.165,cueing_task_exp,,2025.1.1,59.704664904256454,2025-11-14 20h16.34.643965 +0530,
→,0.5,valid,right,32,2,3,right,1,0.588460999992094,None,3,2,32,3,63.11198849999346,,,,,,,,,63.09913859999506,63.11198849999346,63.59573800000362,63.59573800000362,63.91296839999268,64.19616409999435,64.19616409999435,64.79584259999683,right,1,0.588460999992094,None,,,,02,001,2025-11-14_20h16.24.165,cueing_task_exp,,2025.1.1,59.704664904256454,2025-11-14 20h16.34.643965 +0530,
←,-0.5,valid,left,33,3,3,left,1,0.31183429999509826,None,3,3,33,6,64.81195889999799,,,,,,,,,64.79803609999362,64.81195889999799,65.29617619999044,65.29617619999044,65.59624610000174,65.8946777999954,65.8946777999954,66.21157489999314,left,1,0.31183429999509826,None,,,,02,001,2025-11-14_20h16.24.165,cueing_task_exp,,2025.1.1,59.704664904256454,2025-11-14 20h16.34.643965 +0530,
←,-0.5,valid,left,34,4,3,left,1,0.48407659999793395,None,3,4,34,4,66.22928829999,,,,,,,,,66.2120472999959,66.22928829999,66.71333509999386,66.71333509999386,67.01286329999857,67.31266389999655,67.31266389999655,67.81265500000154,left,1,0.48407659999793395,None,,,,02,001,2025-11-14_20h16.24.165,cueing_task_exp,,2025.1.1,59.704664904256454,2025-11-14 20h16.34.643965 +0530,
→,0.5,valid,right,35,5,3,right,1,0.4432472000044072,None,3,5,35,7,67.82848909999302,,,,,,,,,67.81500819999201,67.82848909999302,68.31265269999858,68.31265269999858,68.61279099999228,68.9121060000034,68.9121060000034,69.36278029999812,right,1,0.4432472000044072,None,,,,02,001,2025-11-14_20h16.24.165,cueing_task_exp,,2025.1.1,59.704664904256454,2025-11-14 20h16.34.643965 +0530,
←,-0.5,valid,left,36,6,3,left,1,0.6159329999936745,None,3,6,36,5,69.37805820000358,,,,,,,,,69.3653542999964,69.37805820000358,69.86347599999863,69.86347599999863,70.16248529999575,70.46255719999317,70.46255719999317,71.07942959999491,left,1,0.6159329999936745,None,,,,02,001,2025-11-14_20h16.24.165,cueing_task_exp,,2025.1.1,59.704664904256454,2025-11-14 20h16.34.643965 +0530,
←,-0.5,valid,left,37,7,3,left,1,0.5700503999978537,None,3,7,37,1,71.09533889999148,,,,,,,,,71.07994959999633,71.09533889999148,71.57897380000213,71.57897380000213,71.87977089999185,72.18002459999116,72.18002459999116,72.76278289999755,left,1,0.5700503999978537,None,,,,02,001,2025-11-14_20h16.24.165,cueing_task_exp,,2025.1.1,59.704664904256454,2025-11-14 20h16.34.643965 +0530,
→,-0.5,invalid,left,38,8,3,right,0,1.075687900010962,None,3,8,38,8,72.77988229999028,,,,,,,,,72.76501010000356,72.77988229999028,73.27944079998997,73.27944079998997,73.56251370000246,73.86324910000258,73.86324910000258,74.9461367999902,right,0,1.075687900010962,None,,,,02,001,2025-11-14_20h16.24.165,cueing_task_exp,,2025.1.1,59.704664904256454,2025-11-14 20h16.34.643965 +0530,
→,0.5,valid,right,39,9,3,right,1,0.7252159000054235,None,3,9,39,2,74.96254880000197,,,,,,,,,74.94659920000413,74.96254880000197,75.44642269999895,75.44642269999895,75.7631512999942,76.04612040000211,76.04612040000211,76.77930949999427,right,1,0.7252159000054235,None,,,,02,001,2025-11-14_20h16.24.165,cueing_task_exp,,2025.1.1,59.704664904256454,2025-11-14 20h16.34.643965 +0530,
←,-0.5,valid,left,40,0,4,left,1,0.7462343000079272,None,4,0,40,4,76.79548519999662,,,,,,,,,76.78151839999191,76.79548519999662,77.27838789999078,77.27838789999078,77.57875600000261,77.87891829998989,77.87891829998989,78.6300695999962,left,1,0.7462343000079272,None,,,,02,001,2025-11-14_20h16.24.165,cueing_task_exp,,2025.1.1,59.704664904256454,2025-11-14 20h16.34.643965 +0530,
→,-0.5,invalid,left,41,1,4,right,0,0.8395738000108395,None,4,1,41,8,78.6453640999971,,,,,,,,,78.63225179999426,78.6453640999971,79.13007069999003,79.13007069999003,79.42980879999232,79.73020179999003,79.73020179999003,80.57938499999,right,0,0.8395738000108395,None,,,,02,001,2025-11-14_20h16.24.165,cueing_task_exp,,2025.1.1,59.704664904256454,2025-11-14 20h16.34.643965 +0530,
←,0.5,invalid,right,42,2,4,left,0,1.068679100004374,None,4,2,42,9,80.59509780000371,,,,,,,,,80.58195479999995,80.59509780000371,81.07986959999835,81.07986959999835,81.37967449999996,81.67871229999582,81.67871229999582,82.76240819999657,left,0,1.068679100004374,None,,,,02,001,2025-11-14_20h16.24.165,cueing_task_exp,,2025.1.1,59.704664904256454,2025-11-14 20h16.34.643965 +0530,
←,-0.5,valid,left,43,3,4,left,1,0.5902465999970445,None,4,3,43,6,82.77808449999429,,,,,,,,,82.76303560000088,82.77808449999429,83.26283009999315,83.26283009999315,83.56285970000317,83.8615984999924,83.8615984999924,84.46309330000076,left,1,0.5902465999970445,None,,,,02,001,2025-11-14_20h16.24.165,cueing_task_exp,,2025.1.1,59.704664904256454,2025-11-14 20h16.34.643965 +0530,
→,0.5,valid,right,44,4,4,right,1,0.7000229000113904,None,4,4,44,3,84.47932839998975,,,,,,,,,84.46550930000376,84.47932839998975,84.96227129999897,84.96227129999897,85.26289820000238,85.56317599999602,85.56317599999602,86.27922889999172,right,1,0.7000229000113904,None,,,,02,001,2025-11-14_20h16.24.165,cueing_task_exp,,2025.1.1,59.704664904256454,2025-11-14 20h16.34.643965 +0530,
←,-0.5,valid,left,45,5,4,left,1,0.33147040000767447,None,4,5,45,1,86.2969005999912,,,,,,,,,86.28138849999232,86.2969005999912,86.78026139999565,86.78026139999565,87.07967469999858,87.3799108999956,87.3799108999956,87.712824000002,left,1,0.33147040000767447,None,,,,02,001,2025-11-14_20h16.24.165,cueing_task_exp,,2025.1.1,59.704664904256454,2025-11-14 20h16.34.643965 +0530,
→,0.5,valid,right,46,6,4,right,1,0.39673589999438263,None,4,6,46,2,87.72810419999587,,,,,,,,,87.71525339999062,87.72810419999587,88.21306110000296,88.21306110000296,88.51238790000207,88.82972329999029,88.82972329999029,89.22949759999756,right,1,0.39673589999438263,None,,,,02,001,2025-11-14_20h16.24.165,cueing_task_exp,,2025.1.1,59.704664904256454,2025-11-14 20h16.34.643965 +0530,
→,0.5,valid,right,47,7,4,right,1,0.32177510000474285,None,4,7,47,7,89.24555500000133,,,,,,,,,89.23005040000135,89.24555500000133,89.72976709999784,89.72976709999784,90.02980069999467,90.33040730000357,90.33040730000357,90.6638055999938,right,1,0.32177510000474285,None,,,,02,001,2025-11-14_20h16.24.165,cueing_task_exp,,2025.1.1,59.704664904256454,2025-11-14 20h16.34.643965 +0530,
→,0.5,valid,right,48,8,4,right,1,0.13815359999716748,None,4,8,48,0,90.67886699999508,,,,,,,,,90.66432480000367,90.67886699999508,91.16321559999778,91.16321559999778,91.46271199999319,91.77992780000204,91.77992780000204,91.92944969999371,right,1,0.13815359999716748,None,,,,02,001,2025-11-14_20h16.24.165,cueing_task_exp,,2025.1.1,59.704664904256454,2025-11-14 20h16.34.643965 +0530,
←,-0.5,valid,left,49,9,4,left,1,0.4347445000021253,None,4,9,49,5,91.9451326999988,,,,,,,,,91.93166449999262,91.9451326999988,92.42850090000138,92.42850090000138,92.7300830000022,93.02992459999223,93.02992459999223,93.47984279999218,left,1,0.4347445000021253,None,,,,02,001,2025-11-14_20h16.24.165,cueing_task_exp,,2025.1.1,59.704664904256454,2025-11-14 20h16.34.643965 +0530,
→,0.5,valid,right,50,0,5,right,1,0.49888349999673665,None,5,0,50,3,93.49556650000159,,,,,,,,,93.48218759999145,93.49556650000159,93.9786194999906,93.9786194999906,94.28006910000113,94.58000899999752,94.58000899999752,95.09594600000128,right,1,0.49888349999673665,None,,,,02,001,2025-11-14_20h16.24.165,cueing_task_exp,,2025.1.1,59.704664904256454,2025-11-14 20h16.34.643965 +0530,
←,-0.5,valid,left,51,1,5,left,1,0.38179530001070816,None,5,1,51,1,95.11372789999587,,,,,,,,,95.09815170000365,95.11372789999587,95.59675299999071,95.59675299999071,95.89644729999418,96.19567000000097,96.19567000000097,96.58037609999883,left,1,0.38179530001070816,None,,,,02,001,2025-11-14_20h16.24.165,cueing_task_exp,,2025.1.1,59.704664904256454,2025-11-14 20h16.34.643965 +0530,
→,0.5,valid,right,52,2,5,right,1,0.364933300006669,None,5,2,52,0,96.59488879999844,,,,,,,,,96.58278850000352,96.59488879999844,97.09652179999102,97.09652179999102,97.38013099999807,97.68006339999556,97.68006339999556,98.04660679999506,right,1,0.364933300006669,None,,,,02,001,2025-11-14_20h16.24.165,cueing_task_exp,,2025.1.1,59.704664904256454,2025-11-14 20h16.34.643965 +0530,
←,-0.5,valid,left,53,3,5,left,1,1.0272872999921674,None,5,3,53,4,98.06250689999433,,,,,,,,,98.04917600000044,98.06250689999433,98.54689879999205,98.54689879999205,98.84682849999808,99.14692250000371,99.14692250000371,100.18028239998966,left,1,1.0272872999921674,None,,,,02,001,2025-11-14_20h16.24.165,cueing_task_exp,,2025.1.1,59.704664904256454,2025-11-14 20h16.34.643965 +0530,
→,-0.5,invalid,left,54,4,5,right,0,2.586667999989004,None,5,4,54,8,100.19617100000323,,,,,,,,,100.18269539999892,100.19617100000323,100.67954709999321,100.67954709999321,100.98003310000058,101.280179399997,101.280179399997,103.87993090000236,right,0,2.586667999989004,None,,,,02,001,2025-11-14_20h16.24.165,cueing_task_exp,,2025.1.1,59.704664904256454,2025-11-14 20h16.34.643965 +0530,
←,0.5,invalid,right,55,5,5,right,1,1.5035956000065198,None,5,5,55,9,103.89571739999519,,,,,,,,,103.88237749999098,103.89571739999519,104.38032869999006,104.38032869999006,104.6796875,104.97896419999597,104.97896419999597,106.49636959999043,right,1,1.5035956000065198,None,,,,02,001,2025-11-14_20h16.24.165,cueing_task_exp,,2025.1.1,59.704664904256454,2025-11-14 20h16.34.643965 +0530,
←,-0.5,valid,left,56,6,5,left,1,0.6582362000044668,None,5,6,56,6,106.51188740000362,,,,,,,,,106.49683469999582,106.51188740000362,106.99699279999186,106.99699279999186,107.29672939999728,107.59704680000141,107.59704680000141,108.26329010000336,left,1,0.6582362000044668,None,,,,02,001,2025-11-14_20h16.24.165,cueing_task_exp,,2025.1.1,59.704664904256454,2025-11-14 20h16.34.643965 +0530,
→,0.5,valid,right,57,7,5,right,1,0.7445906999928411,None,5,7,57,2,108.27820159999828,,,,,,,,,108.26715699999477,108.27820159999828,108.76343949999136,108.76343949999136,109.06371210000361,109.36181580000266,109.36181580000266,110.11411749999388,right,1,0.7445906999928411,None,,,,02,001,2025-11-14_20h16.24.165,cueing_task_exp,,2025.1.1,59.704664904256454,2025-11-14 20h16.34.643965 +0530,
←,-0.5,valid,left,58,8,5,left,1,0.3644186000019545,None,5,8,58,5,110.12873909999325,,,,,,,,,110.11652199999662,110.12873909999325,110.61372069999925,110.61372069999925,110.9303224000032,111.21371840000211,111.21371840000211,111.58168639999349,left,1,0.3644186000019545,None,,,,02,001,2025-11-14_20h16.24.165,cueing_task_exp,,2025.1.1,59.704664904256454,2025-11-14 20h16.34.643965 +0530,
→,0.5,valid,right,59,9,5,right,1,0.5646451999928104,None,5,9,59,7,111.59483479999471,,,,,,,,,111.58409979999124,111.59483479999471,112.09688739999547,112.09688739999547,112.39524399999937,112.69697520000045,112.69697520000045,113.26341729999695,right,1,0.5646451999928104,None,,,,02,001,2025-11-14_20h16.24.165,cueing_task_exp,,2025.1.1,59.704664904256454,2025-11-14 20h16.34.643965 +0530,
→,0.5,valid,right,60,0,6,right,1,1.0964438000082737,None,6,0,60,0,113.27925389999291,,,,,,,,,113.26389829999243,113.27925389999291,113.78010779999022,113.78010779999022,114.06360969999514,114.36353390000295,114.36353390000295,115.46380539999518,right,1,1.0964438000082737,None,,,,02,001,2025-11-14_20h16.24.165,cueing_task_exp,,2025.1.1,59.704664904256454,2025-11-14 20h16.34.643965 +0530,
←,0.5,invalid,right,61,1,6,right,1,1.0058178000035696,None,6,1,61,9,115.47937499999534,,,,,,,,,115.46660919999704,115.47937499999534,115.9799908999994,115.9799908999994,116.26336040000024,116.56389150000177,116.56389150000177,117.58015629999863,right,1,1.0058178000035696,None,,,,02,001,2025-11-14_20h16.24.165,cueing_task_exp,,2025.1.1,59.704664904256454,2025-11-14 20h16.34.643965 +0530,
←,-0.5,valid,left,62,2,6,left,1,0.6494590000074822,None,6,2,62,5,117.59536110000045,,,,,,,,,117.58060879999539,117.59536110000045,118.08013799999026,118.08013799999026,118.39710469999409,118.68028059999051,118.68028059999051,119.33049480000045,left,1,0.6494590000074822,None,,,,02,001,2025-11-14_20h16.24.165,cueing_task_exp,,2025.1.1,59.704664904256454,2025-11-14 20h16.34.643965 +0530,
←,-0.5,valid,left,63,3,6,left,1,1.1650410000002012,None,6,3,63,6,119.34620319999522,,,,,,,,,119.33100439999544,119.34620319999522,119.84714080000413,119.84714080000413,120.14556069999526,120.43090249999659,120.43090249999659,121.59694209998997,left,1,1.1650410000002012,None,,,,02,001,2025-11-14_20h16.24.165,cueing_task_exp,,2025.1.1,59.704664904256454,2025-11-14 20h16.34.643965 +0530,
→,0.5,valid,right,64,4,6,right,1,1.3472698999976274,None,6,4,64,3,121.6132329999964,,,,,,,,,121.59940969999298,121.6132329999964,122.09647619999305,122.09647619999305,122.39779149999958,122.69716739999421,122.69716739999421,124.0463890999963,right,1,1.3472698999976274,None,,,,02,001,2025-11-14_20h16.24.165,cueing_task_exp,,2025.1.1,59.704664904256454,2025-11-14 20h16.34.643965 +0530,
←,-0.5,valid,left,65,5,6,left,1,0.934408799992525,None,6,5,65,1,124.06268419999105,,,,,,,,,124.04862699999649,124.06268419999105,124.54697080000187,124.54697080000187,124.84698429999116,125.14664799999446,125.14664799999446,126.09630809999362,left,1,0.934408799992525,None,,,,02,001,2025-11-14_20h16.24.165,cueing_task_exp,,2025.1.1,59.704664904256454,2025-11-14 20h16.34.643965 +0530,
→,0.5,valid,right,66,6,6,right,1,0.40177589999802876,None,6,6,66,2,126.1134849999944,,,,,,,,,126.09846629999811,126.1134849999944,126.59745040000416,126.59745040000416,126.8972489000007,127.19735790000414,127.19735790000414,127.61380520000239,right,1,0.40177589999802876,None,,,,02,001,2025-11-14_20h16.24.165,cueing_task_exp,,2025.1.1,59.704664904256454,2025-11-14 20h16.34.643965 +0530,
←,-0.5,valid,left,67,7,6,left,1,0.3803067000117153,None,6,7,67,4,127.63096779999614,,,,,,,,,127.61636869999347,127.63096779999614,128.11417919999803,128.11417919999803,128.41317059998983,128.71401250000054,128.71401250000054,129.0978172000032,left,1,0.3803067000117153,None,,,,02,001,2025-11-14_20h16.24.165,cueing_task_exp,,2025.1.1,59.704664904256454,2025-11-14 20h16.34.643965 +0530,
→,0.5,valid,right,68,8,6,right,1,0.3253772000025492,None,6,8,68,7,129.11184139999386,,,,,,,,,129.10110230000282,129.11184139999386,129.6139925000025,129.6139925000025,129.89747779999743,130.21371409999847,130.21371409999847,130.547336299991,right,1,0.3253772000025492,None,,,,02,001,2025-11-14_20h16.24.165,cueing_task_exp,,2025.1.1,59.704664904256454,2025-11-14 20h16.34.643965 +0530,
→,-0.5,invalid,left,69,9,6,left,1,0.4922772999998415,None,6,9,69,8,130.56302960000176,,,,,,,,,130.54793559999962,130.56302960000176,131.04574539999885,131.04574539999885,131.3474661999935,131.6474767000036,131.6474767000036,132.1474884999916,left,1,0.4922772999998415,None,,,,02,001,2025-11-14_20h16.24.165,cueing_task_exp,,2025.1.1,59.704664904256454,2025-11-14 20h16.34.643965 +0530,
←,0.5,invalid,right,70,0,7,right,1,0.6937512999866158,None,7,0,70,9,132.16304849999142,,,,,,,,,132.1503490000032,132.16304849999142,132.66444389999378,132.66444389999378,132.94754729999113,133.24680549999175,133.24680549999175,133.94659419999516,right,1,0.6937512999866158,None,,,,02,001,2025-11-14_20h16.24.165,cueing_task_exp,,2025.1.1,59.704664904256454,2025-11-14 20h16.34.643965 +0530,
←,-0.5,valid,left,71,1,7,left,1,1.2809636000019964,None,7,1,71,4,133.96364699999685,,,,,,,,,133.947061999992,133.96364699999685,134.4473949999956,134.4473949999956,134.74740039999597,135.04566139999952,135.04566139999952,136.33040049999545,left,1,1.2809636000019964,None,,,,02,001,2025-11-14_20h16.24.165,cueing_task_exp,,2025.1.1,59.704664904256454,2025-11-14 20h16.34.643965 +0530,
←,-0.5,valid,left,72,2,7,left,1,0.5860247999953572,None,7,2,72,1,136.34634219999134,,,,,,,,,136.33093559999543,136.34634219999134,136.83013940000092,136.83013940000092,137.13013299999875,137.44585989999177,137.44585989999177,138.04671310000413,left,1,0.5860247999953572,None,,,,02,001,2025-11-14_20h16.24.165,cueing_task_exp,,2025.1.1,59.704664904256454,2025-11-14 20h16.34.643965 +0530,
→,0.5,valid,right,73,3,7,right,1,0.33270649999030866,None,7,3,73,3,138.06336539999756,,,,,,,,,138.048913599996,138.06336539999756,138.54563459999918,138.54563459999918,138.8475230999902,139.14785890000348,139.14785890000348,139.49731989999418,right,1,0.33270649999030866,None,,,,02,001,2025-11-14_20h16.24.165,cueing_task_exp,,2025.1.1,59.704664904256454,2025-11-14 20h16.34.643965 +0530,
←,-0.5,valid,left,74,4,7,left,1,0.321121500004665,None,7,4,74,5,139.51307699999597,,,,,,,,,139.49949659999402,139.51307699999597,140.00076509999053,140.00076509999053,140.29664819999016,140.59787830000278,140.59787830000278,140.93122519999451,left,1,0.321121500004665,None,,,,02,001,2025-11-14_20h16.24.165,cueing_task_exp,,2025.1.1,59.704664904256454,2025-11-14 20h16.34.643965 +0530,
←,-0.5,valid,left,75,5,7,left,1,0.4525932000105968,None,7,5,75,6,140.94653010000184,,,,,,,,,140.93191109999316,140.94653010000184,141.43082870000217,141.43082870000217,141.72977340000216,142.04696179999155,142.04696179999155,142.51325609999185,left,1,0.4525932000105968,None,,,,02,001,2025-11-14_20h16.24.165,cueing_task_exp,,2025.1.1,59.704664904256454,2025-11-14 20h16.34.643965 +0530,
→,0.5,valid,right,76,6,7,right,1,0.353620800000499,None,7,6,76,7,142.53047060000245,,,,,,,,,142.51635369998985,142.53047060000245,143.01393559999997,143.01393559999997,143.31394459999865,143.613188599993,143.613188599993,143.9807712000038,right,1,0.353620800000499,None,,,,02,001,2025-11-14_20h16.24.165,cueing_task_exp,,2025.1.1,59.704664904256454,2025-11-14 20h16.34.643965 +0530,
→,-0.5,invalid,left,77,7,7,left,1,0.4397430999961216,None,7,7,77,8,143.99774979999347,,,,,,,,,143.9812447000004,143.99774979999347,144.47996349999448,144.47996349999448,144.78074259999266,145.07916619999742,145.07916619999742,145.53036019999126,left,1,0.4397430999961216,None,,,,02,001,2025-11-14_20h16.24.165,cueing_task_exp,,2025.1.1,59.704664904256454,2025-11-14 20h16.34.643965 +0530,
→,0.5,valid,right,78,8,7,right,1,0.39005830000678543,None,7,8,78,2,145.54712200000358,,,,,,,,,145.53085369999462,145.54712200000358,146.04768989999138,146.04768989999138,146.3298294999986,146.6310453999904,146.6310453999904,147.03188629999931,right,1,0.39005830000678543,None,,,,02,001,2025-11-14_20h16.24.165,cueing_task_exp,,2025.1.1,59.704664904256454,2025-11-14 20h16.34.643965 +0530,
→,0.5,valid,right,79,9,7,right,1,0.8677828999934718,None,7,9,79,0,147.04582659999141,,,,,,,,,147.03260619999492,147.04582659999141,147.53102209999633,147.53102209999633,147.84770420000132,148.1465962999937,148.1465962999937,149.03000309999334,right,1,0.8677828999934718,None,,,,02,001,2025-11-14_20h16.24.165,cueing_task_exp,,2025.1.1,59.704664904256454,2025-11-14 20h16.34.643965 +0530,
→,0.5,valid,right,80,0,8,right,1,0.618294900006731,None,8,0,80,0,149.04716010000266,,,,,,,,,149.0304504999949,149.04716010000266,149.54774159999215,149.54774159999215,149.83090790000279,150.13075799999933,150.13075799999933,150.7634487000032,right,1,0.618294900006731,None,,,,02,001,2025-11-14_20h16.24.165,cueing_task_exp,,2025.1.1,59.704664904256454,2025-11-14 20h16.34.643965 +0530,
→,0.5,valid,right,81,1,8,right,1,0.4434322000015527,None,8,1,81,2,150.77946099999826,,,,,,,,,150.76390079999692,150.77946099999826,151.26366820000112,151.26366820000112,151.56435220000276,151.8644501999952,151.8644501999952,152.31379549999838,right,1,0.4434322000015527,None,,,,02,001,2025-11-14_20h16.24.165,cueing_task_exp,,2025.1.1,59.704664904256454,2025-11-14 20h16.34.643965 +0530,
→,0.5,valid,right,82,2,8,right,1,0.3963993999932427,None,8,2,82,7,152.32998090000183,,,,,,,,,152.31429709999065,152.32998090000183,152.83008169999812,152.83008169999812,153.1145131999947,153.41395829999237,153.41395829999237,153.81504229998973,right,1,0.3963993999932427,None,,,,02,001,2025-11-14_20h16.24.165,cueing_task_exp,,2025.1.1,59.704664904256454,2025-11-14 20h16.34.643965 +0530,
←,-0.5,valid,left,83,3,8,left,1,0.5060016000061296,None,8,3,83,6,153.8291021999903,,,,,,,,,153.81777939999301,153.8291021999903,154.31450359999144,154.31450359999144,154.63088949999656,154.91421190000256,154.91421190000256,155.43148610000208,left,1,0.5060016000061296,None,,,,02,001,2025-11-14_20h16.24.165,cueing_task_exp,,2025.1.1,59.704664904256454,2025-11-14 20h16.34.643965 +0530,
←,0.5,invalid,right,84,4,8,right,1,0.4334789999993518,None,8,4,84,9,155.44609460000356,,,,,,,,,155.43204559999867,155.44609460000356,155.9474932000012,155.9474932000012,156.23095589999866,156.53152299999783,156.53152299999783,156.98027739999816,right,1,0.4334789999993518,None,,,,02,001,2025-11-14_20h16.24.165,cueing_task_exp,,2025.1.1,59.704664904256454,2025-11-14 20h16.34.643965 +0530,
←,-0.5,valid,left,85,5,8,left,1,1.2656852000072831,None,8,5,85,5,156.9967469999974,,,,,,,,,156.9809024999995,156.9967469999974,157.48100200000044,157.48100200000044,157.78125549999822,158.07931299999473,158.07931299999473,159.34720469999593,left,1,1.2656852000072831,None,,,,02,001,2025-11-14_20h16.24.165,cueing_task_exp,,2025.1.1,59.704664904256454,2025-11-14 20h16.34.643965 +0530,
←,-0.5,valid,left,86,6,8,left,1,0.8340848999941954,None,8,6,86,4,159.36278660000244,,,,,,,,,159.34769239999878,159.36278660000244,159.86426600000414,159.86426600000414,160.14783410000382,160.44764709999436,160.44764709999436,161.2965908999904,left,1,0.8340848999941954,None,,,,02,001,2025-11-14_20h16.24.165,cueing_task_exp,,2025.1.1,59.704664904256454,2025-11-14 20h16.34.643965 +0530,
→,-0.5,invalid,left,87,7,8,left,1,0.4016025000018999,None,8,7,87,8,161.31445689999964,,,,,,,,,161.29894229999627,161.31445689999964,161.79795989999548,161.79795989999548,162.0974786000006,162.3979643999919,162.3979643999919,162.81372819999524,left,1,0.4016025000018999,None,,,,02,001,2025-11-14_20h16.24.165,cueing_task_exp,,2025.1.1,59.704664904256454,2025-11-14 20h16.34.643965 +0530,
←,-0.5,valid,left,88,8,8,left,1,0.8887060999986716,None,8,8,88,1,162.83071290000225,,,,,,,,,162.81589699999313,162.83071290000225,163.31460469999,163.31460469999,163.6146657999925,163.91469229999348,163.91469229999348,164.8142799999914,left,1,0.8887060999986716,None,,,,02,001,2025-11-14_20h16.24.165,cueing_task_exp,,2025.1.1,59.704664904256454,2025-11-14 20h16.34.643965 +0530,
→,0.5,valid,right,89,9,8,right,1,0.6860693999915384,None,8,9,89,3,164.82957539999916,,,,,,,,,164.81647579999117,164.82957539999916,165.31464779999806,165.31464779999806,165.6146512999985,165.91469659999711,165.91469659999711,166.61433419999958,right,1,0.6860693999915384,None,,,,02,001,2025-11-14_20h16.24.165,cueing_task_exp,,2025.1.1,59.704664904256454,2025-11-14 20h16.34.643965 +0530,
←,0.5,invalid,right,90,0,9,right,1,0.9355264000041643,None,9,0,90,9,166.63043989999278,,,,,,,,,166.61648169999535,166.63043989999278,167.11451089999173,167.11451089999173,167.4141776000033,167.71451039999374,167.71451039999374,168.66437869999208,right,1,0.9355264000041643,None,,,,02,001,2025-11-14_20h16.24.165,cueing_task_exp,,2025.1.1,59.704664904256454,2025-11-14 20h16.34.643965 +0530,
→,0.5,valid,right,91,1,9,right,1,0.7852646000101231,None,9,1,91,2,168.68154419999337,,,,,,,,,168.66662439999345,168.68154419999337,169.1644656999997,169.1644656999997,169.4648898000014,169.76470489999338,169.76470489999338,170.5641004999925,right,1,0.7852646000101231,None,,,,02,001,2025-11-14_20h16.24.165,cueing_task_exp,,2025.1.1,59.704664904256454,2025-11-14 20h16.34.643965 +0530,
←,-0.5,valid,left,92,2,9,left,1,0.4880318000068655,None,9,2,92,5,170.58077079999202,,,,,,,,,170.56628030000138,170.58077079999202,171.06402009999147,171.06402009999147,171.3648339999927,171.6648523999902,171.6648523999902,172.1648217000038,left,1,0.4880318000068655,None,,,,02,001,2025-11-14_20h16.24.165,cueing_task_exp,,2025.1.1,59.704664904256454,2025-11-14 20h16.34.643965 +0530,
←,-0.5,valid,left,93,3,9,left,1,0.4576849000004586,None,9,3,93,4,172.1807792999898,,,,,,,,,172.16530469999998,172.1807792999898,172.66483949999383,172.66483949999383,172.9646853000013,173.26548030000413,173.26548030000413,173.73125389999768,left,1,0.4576849000004586,None,,,,02,001,2025-11-14_20h16.24.165,cueing_task_exp,,2025.1.1,59.704664904256454,2025-11-14 20h16.34.643965 +0530,
←,-0.5,valid,left,94,4,9,left,1,0.5019443000055617,None,9,4,94,6,173.74792799999705,,,,,,,,,173.7317020999908,173.74792799999705,174.2315449000016,174.2315449000016,174.53083789999073,174.8311032999918,174.8311032999918,175.34788560000015,left,1,0.5019443000055617,None,,,,02,001,2025-11-14_20h16.24.165,cueing_task_exp,,2025.1.1,59.704664904256454,2025-11-14 20h16.34.643965 +0530,
→,0.5,valid,right,95,5,9,right,1,0.450927199999569,None,9,5,95,3,175.36320819999673,,,,,,,,,175.35007449999102,175.36320819999673,175.8465021000011,175.8465021000011,176.14825440000277,176.4481819999928,176.4481819999928,176.91483529999095,right,1,0.450927199999569,None,,,,02,001,2025-11-14_20h16.24.165,cueing_task_exp,,2025.1.1,59.704664904256454,2025-11-14 20h16.34.643965 +0530,
←,-0.5,valid,left,96,6,9,left,1,0.4880396000080509,None,9,6,96,1,176.9300319000031,,,,,,,,,176.91734499999438,176.9300319000031,177.41386000000057,177.41386000000057,177.7149422999937,178.03146749999723,178.03146749999723,178.5305714999995,left,1,0.4880396000080509,None,,,,02,001,2025-11-14_20h16.24.165,cueing_task_exp,,2025.1.1,59.704664904256454,2025-11-14 20h16.34.643965 +0530,
→,-0.5,invalid,left,97,7,9,left,1,0.8686881000030553,None,9,7,97,8,178.54773439999553,,,,,,,,,178.53270100000373,178.54773439999553,179.03143350000028,179.03143350000028,179.33110539999325,179.63197089999449,179.63197089999449,180.51447819999885,left,1,0.8686881000030553,None,,,,02,001,2025-11-14_20h16.24.165,cueing_task_exp,,2025.1.1,59.704664904256454,2025-11-14 20h16.34.643965 +0530,
→,0.5,valid,right,98,8,9,right,1,0.6064861000049859,None,9,8,98,0,180.52981140000338,,,,,,,,,180.51493779999146,180.52981140000338,181.0148121999955,181.0148121999955,181.3149071999942,181.61490899999626,181.61490899999626,182.23090819999925,right,1,0.6064861000049859,None,,,,02,001,2025-11-14_20h16.24.165,cueing_task_exp,,2025.1.1,59.704664904256454,2025-11-14 20h16.34.643965 +0530,
→,0.5,valid,right,99,9,9,right,1,0.5585101000033319,None,9,9,99,7,182.24793440000212,,,,,,,,,182.23136439999507,182.24793440000212,182.73197729999083,182.73197729999083,183.03090610000072,183.3319407999952,183.3319407999952,183.89743119999184,right,1,0.5585101000033319,None,,,,02,001,2025-11-14_20h16.24.165,cueing_task_exp,,2025.1.1,59.704664904256454,2025-11-14 20h16.34.643965 +0530,
←,-0.5,valid,left,100,0,10,left,1,0.5574285999900894,None,10,0,100,4,183.9134791999968,,,,,,,,,183.89992029999848,183.9134791999968,184.39653199999884,184.39653199999884,184.69712699999218,184.99801290000323,184.99801290000323,185.56588529999135,left,1,0.5574285999900894,None,,,,02,001,2025-11-14_20h16.24.165,cueing_task_exp,,2025.1.1,59.704664904256454,2025-11-14 20h16.34.643965 +0530,
←,-0.5,valid,left,101,1,10,left,1,0.6399283000064315,None,10,1,101,6,185.57999009999912,,,,,,,,,185.5665963999927,185.57999009999912,186.0817027000012,186.0817027000012,186.38171590000275,186.681540199992,186.681540199992,187.33115759999782,left,1,0.6399283000064315,None,,,,02,001,2025-11-14_20h16.24.165,cueing_task_exp,,2025.1.1,59.704664904256454,2025-11-14 20h16.34.643965 +0530,
→,0.5,valid,right,102,2,10,right,1,0.38408060000801925,None,10,2,102,7,187.3474234000023,,,,,,,,,187.33371690000058,187.3474234000023,187.8474172999995,187.8474172999995,188.14796799999021,188.43169519999356,188.43169519999356,188.83145640000293,right,1,0.38408060000801925,None,,,,02,001,2025-11-14_20h16.24.165,cueing_task_exp,,2025.1.1,59.704664904256454,2025-11-14 20h16.34.643965 +0530,
→,0.5,valid,right,103,3,10,right,1,0.48436459999356885,None,10,3,103,3,188.84769319999032,,,,,,,,,188.83192979999876,188.84769319999032,189.33189439999114,189.33189439999114,189.63178579999658,189.93167069999618,189.93167069999618,190.43201069999486,right,1,0.48436459999356885,None,,,,02,001,2025-11-14_20h16.24.165,cueing_task_exp,,2025.1.1,59.704664904256454,2025-11-14 20h16.34.643965 +0530,
→,-0.5,invalid,left,104,4,10,left,1,0.6213310000021011,None,10,4,104,8,190.44814029999543,,,,,,,,,190.43281410000054,190.44814029999543,190.93119669999578,190.93119669999578,191.23068759999296,191.5309852999926,191.5309852999926,192.16519379999954,left,1,0.6213310000021011,None,,,,02,001,2025-11-14_20h16.24.165,cueing_task_exp,,2025.1.1,59.704664904256454,2025-11-14 20h16.34.643965 +0530,
←,0.5,invalid,right,105,5,10,right,1,0.6456867000088096,None,10,5,105,9,192.18037580000237,,,,,,,,,192.16770439999527,192.18037580000237,192.66433790000156,192.66433790000156,192.9817866999947,193.2646645999921,193.2646645999921,193.91420319999452,right,1,0.6456867000088096,None,,,,02,001,2025-11-14_20h16.24.165,cueing_task_exp,,2025.1.1,59.704664904256454,2025-11-14 20h16.34.643965 +0530,
←,-0.5,valid,left,106,6,10,left,1,0.5969848999957321,None,10,6,106,1,193.93078189999505,,,,,,,,,193.91465459999745,193.93078189999505,194.4148589999968,194.4148589999968,194.7131309999968,195.01510049999342,195.01510049999342,195.61409000000276,left,1,0.5969848999957321,None,,,,02,001,2025-11-14_20h16.24.165,cueing_task_exp,,2025.1.1,59.704664904256454,2025-11-14 20h16.34.643965 +0530,
→,0.5,valid,right,107,7,10,right,1,0.7195606999885058,None,10,7,107,0,195.6301020999963,,,,,,,,,195.61628229999042,195.6301020999963,196.11476899999252,196.11476899999252,196.41363640000054,196.71442849999585,196.71442849999585,197.44814049999695,right,1,0.7195606999885058,None,,,,02,001,2025-11-14_20h16.24.165,cueing_task_exp,,2025.1.1,59.704664904256454,2025-11-14 20h16.34.643965 +0530,
→,0.5,valid,right,108,8,10,right,1,0.4458244999987073,None,10,8,108,2,197.46484159999818,,,,,,,,,197.44861530000344,197.46484159999818,197.94743810000364,197.94743810000364,198.26494219999586,198.5478643999959,198.5478643999959,198.99899729999015,right,1,0.4458244999987073,None,,,,02,001,2025-11-14_20h16.24.165,cueing_task_exp,,2025.1.1,59.704664904256454,2025-11-14 20h16.34.643965 +0530,
←,-0.5,valid,left,109,9,10,left,1,0.4893968000105815,None,10,9,109,5,199.0128177000006,,,,,,,,,199.00168859999394,199.0128177000006,199.49825019999116,199.49825019999116,199.79835949999688,200.09781969999312,200.09781969999312,200.5991015999898,left,1,0.4893968000105815,None,,,,02,001,2025-11-14_20h16.24.165,cueing_task_exp,,2025.1.1,59.704664904256454,2025-11-14 20h16.34.643965 +0530,
←,-0.5,valid,left,110,0,11,left,1,0.7864762999961386,None,11,0,110,5,200.61420739999448,,,,,,,,,200.59986790000403,200.61420739999448,201.1143821000005,201.1143821000005,201.39848309999797,201.69801949999237,201.69801949999237,202.49816879999707,left,1,0.7864762999961386,None,,,,02,001,2025-11-14_20h16.24.165,cueing_task_exp,,2025.1.1,59.704664904256454,2025-11-14 20h16.34.643965 +0530,
→,0.5,valid,right,111,1,11,right,1,0.6587636999902315,None,11,1,111,2,202.51422959999763,,,,,,,,,202.50122510000074,202.51422959999763,202.99799439999333,202.99799439999333,203.2986433999904,203.59897140000248,203.59897140000248,204.26504899999418,right,1,0.6587636999902315,None,,,,02,001,2025-11-14_20h16.24.165,cueing_task_exp,,2025.1.1,59.704664904256454,2025-11-14 20h16.34.643965 +0530,
←,0.5,invalid,right,112,2,11,right,1,1.2170354000118095,None,11,2,112,9,204.28149329998996,,,,,,,,,204.26723909999419,204.28149329998996,204.76504489999206,204.76504489999206,205.08170059999975,205.36509249999654,205.36509249999654,206.59836029999133,right,1,1.2170354000118095,None,,,,02,001,2025-11-14_20h16.24.165,cueing_task_exp,,2025.1.1,59.704664904256454,2025-11-14 20h16.34.643965 +0530,
→,0.5,valid,right,113,3,11,right,1,0.7564082000026247,None,11,3,113,7,206.61561759999313,,,,,,,,,206.60095120000187,206.61561759999313,207.0987374999968,207.0987374999968,207.39743339999404,207.69880859999103,207.69880859999103,208.4647169999953,right,1,0.7564082000026247,None,,,,02,001,2025-11-14_20h16.24.165,cueing_task_exp,,2025.1.1,59.704664904256454,2025-11-14 20h16.34.643965 +0530,
→,0.5,valid,right,114,4,11,right,1,0.4301336999924388,None,11,4,114,3,208.48197579999396,,,,,,,,,208.4651698999951,208.48197579999396,208.96560179999506,208.96560179999506,209.2654157999932,209.5648602000001,209.5648602000001,209.9984559000004,right,1,0.4301336999924388,None,,,,02,001,2025-11-14_20h16.24.165,cueing_task_exp,,2025.1.1,59.704664904256454,2025-11-14 20h16.34.643965 +0530,
→,-0.5,invalid,left,115,5,11,left,1,0.5370499999989988,None,11,5,115,8,210.01373389999208,,,,,,,,,209.9989821999916,210.01373389999208,210.49913460000244,210.49913460000244,210.79851389999385,211.09892969999055,211.09892969999055,211.64871850000054,left,1,0.5370499999989988,None,,,,02,001,2025-11-14_20h16.24.165,cueing_task_exp,,2025.1.1,59.704664904256454,2025-11-14 20h16.34.643965 +0530,
→,0.5,valid,right,116,6,11,right,1,1.0155917000083718,None,11,6,116,0,211.66484830000263,,,,,,,,,211.6492423000018,211.66484830000263,212.14859419999993,212.14859419999993,212.46520459999738,212.74867200000153,212.74867200000153,213.76556739999796,right,1,1.0155917000083718,None,,,,02,001,2025-11-14_20h16.24.165,cueing_task_exp,,2025.1.1,59.704664904256454,2025-11-14 20h16.34.643965 +0530,
←,-0.5,valid,left,117,7,11,left,1,0.6235760999988997,None,11,7,117,4,213.78062379999028,,,,,,,,,213.76800619999995,213.78062379999028,214.28176779999922,214.28176779999922,214.56498860000283,214.88222189999942,214.88222189999942,215.51448460000393,left,1,0.6235760999988997,None,,,,02,001,2025-11-14_20h16.24.165,cueing_task_exp,,2025.1.1,59.704664904256454,2025-11-14 20h16.34.643965 +0530,
←,-0.5,valid,left,118,8,11,left,1,0.4132384999975329,None,11,8,118,1,215.5321857999952,,,,,,,,,215.51493710000068,215.5321857999952,216.01542729999346,216.01542729999346,216.3149807000009,216.6153173999919,216.6153173999919,217.03193089998967,left,1,0.4132384999975329,None,,,,02,001,2025-11-14_20h16.24.165,cueing_task_exp,,2025.1.1,59.704664904256454,2025-11-14 20h16.34.643965 +0530,
←,-0.5,valid,left,119,9,11,left,1,0.5856861999927787,None,11,9,119,6,217.0470304999908,,,,,,,,,217.03245820000302,217.0470304999908,217.5487995000003,217.5487995000003,217.83215210000344,218.1321389999939,218.1321389999939,218.7320347999921,left,1,0.5856861999927787,None,,,,02,001,2025-11-14_20h16.24.165,cueing_task_exp,,2025.1.1,59.704664904256454,2025-11-14 20h16.34.643965 +0530,
←,0.5,invalid,right,120,0,12,right,1,0.5761760999885155,None,12,0,120,9,218.74896050000098,,,,,,,,,218.73248350000358,218.74896050000098,219.2323100999929,219.2323100999929,219.54868449999776,219.83236889999534,219.83236889999534,220.4153035999916,right,1,0.5761760999885155,None,,,,02,001,2025-11-14_20h16.24.165,cueing_task_exp,,2025.1.1,59.704664904256454,2025-11-14 20h16.34.643965 +0530,
→,-0.5,invalid,left,121,1,12,left,1,1.1621255000063684,None,12,1,121,8,220.43155969999498,,,,,,,,,220.41747299999406,220.43155969999498,220.93222930000047,220.93222930000047,221.21432780000032,221.51459009999235,221.51459009999235,222.68220290000318,left,1,1.1621255000063684,None,,,,02,001,2025-11-14_20h16.24.165,cueing_task_exp,,2025.1.1,59.704664904256454,2025-11-14 20h16.34.643965 +0530,
←,-0.5,valid,left,122,2,12,left,1,0.7750802000082331,None,12,2,122,1,222.69831690000137,,,,,,,,,222.6847357999941,222.69831690000137,223.18142870000156,223.18142870000156,223.48122829999193,223.78224279999267,223.78224279999267,224.56516469999042,left,1,0.7750802000082331,None,,,,02,001,2025-11-14_20h16.24.165,cueing_task_exp,,2025.1.1,59.704664904256454,2025-11-14 20h16.34.643965 +0530,
→,0.5,valid,right,123,3,12,right,1,0.39277880000008736,None,12,3,123,2,224.58050650000223,,,,,,,,,224.56740539999737,224.58050650000223,225.06536459999916,225.06536459999916,225.3657547000039,225.66470290000143,225.66470290000143,226.06545929999265,right,1,0.39277880000008736,None,,,,02,001,2025-11-14_20h16.24.165,cueing_task_exp,,2025.1.1,59.704664904256454,2025-11-14 20h16.34.643965 +0530,
←,-0.5,valid,left,124,4,12,left,1,0.42164749999938067,None,12,4,124,5,226.08097100000305,,,,,,,,,226.06782050000038,226.08097100000305,226.56588389999524,226.56588389999524,226.865510299991,227.16555989999324,227.16555989999324,227.59926760000235,left,1,0.42164749999938067,None,,,,02,001,2025-11-14_20h16.24.165,cueing_task_exp,,2025.1.1,59.704664904256454,2025-11-14 20h16.34.643965 +0530,
←,-0.5,valid,left,125,5,12,left,1,0.44646029999421444,None,12,5,125,4,227.6140713999921,,,,,,,,,227.59981639999023,227.6140713999921,228.09830440000223,228.09830440000223,228.39919509999163,228.71521999999823,228.71521999999823,229.16531199999736,left,1,0.44646029999421444,None,,,,02,001,2025-11-14_20h16.24.165,cueing_task_exp,,2025.1.1,59.704664904256454,2025-11-14 20h16.34.643965 +0530,
→,0.5,valid,right,126,6,12,right,1,0.30872820000513457,None,12,6,126,3,229.17999710000004,,,,,,,,,229.1688492999965,229.17999710000004,229.6655946999963,229.6655946999963,229.9654373999947,230.26463750000403,230.26463750000403,230.5834562999953,right,1,0.30872820000513457,None,,,,02,001,2025-11-14_20h16.24.165,cueing_task_exp,,2025.1.1,59.704664904256454,2025-11-14 20h16.34.643965 +0530,
→,0.5,valid,right,127,7,12,right,1,0.3533121999935247,None,12,7,127,7,230.59798369999044,,,,,,,,,230.5839563999907,230.59798369999044,231.09724390000338,231.09724390000338,231.39897429999837,231.6988069999934,231.6988069999934,232.06546199999866,right,1,0.3533121999935247,None,,,,02,001,2025-11-14_20h16.24.165,cueing_task_exp,,2025.1.1,59.704664904256454,2025-11-14 20h16.34.643965 +0530,
←,-0.5,valid,left,128,8,12,left,1,0.4553594000026351,None,12,8,128,6,232.08238159999019,,,,,,,,,232.06803929999296,232.08238159999019,232.56648209999548,232.56648209999548,232.8658623999945,233.16615769999044,233.16615769999044,233.63285569999425,left,1,0.4553594000026351,None,,,,02,001,2025-11-14_20h16.24.165,cueing_task_exp,,2025.1.1,59.704664904256454,2025-11-14 20h16.34.643965 +0530,
→,0.5,valid,right,129,9,12,right,1,0.42636420000053477,None,12,9,129,0,233.6478594999935,,,,,,,,,233.63530969999556,233.6478594999935,234.1324295999948,234.1324295999948,234.4315263000026,234.73228660000314,234.73228660000314,235.16580879999674,right,1,0.42636420000053477,None,,,,02,001,2025-11-14_20h16.24.165,cueing_task_exp,,2025.1.1,59.704664904256454,2025-11-14 20h16.34.643965 +0530,
←,0.5,invalid,right,130,0,13,right,1,1.2525840000016615,None,13,0,130,9,235.18226879999565,,,,,,,,,235.1679823000013,235.18226879999565,235.66589190000377,235.66589190000377,235.9640184000018,236.26555359999475,236.26555359999475,237.531696799997,right,1,1.2525840000016615,None,,,,02,001,2025-11-14_20h16.24.165,cueing_task_exp,,2025.1.1,59.704664904256454,2025-11-14 20h16.34.643965 +0530,
←,-0.5,valid,left,131,1,13,left,1,0.8994861999963177,None,13,1,131,4,237.54916929999308,,,,,,,,,237.5321721999935,237.54916929999308,238.03074980000383,238.03074980000383,238.33212809999532,238.63091419999546,238.63091419999546,239.53235829999903,left,1,0.8994861999963177,None,,,,02,001,2025-11-14_20h16.24.165,cueing_task_exp,,2025.1.1,59.704664904256454,2025-11-14 20h16.34.643965 +0530,
←,-0.5,valid,left,132,2,13,left,1,1.07629939999606,None,13,2,132,6,239.54752149998967,,,,,,,,,239.53282169999147,239.54752149998967,240.03210549999494,240.03210549999494,240.33230899999035,240.63255519999075,240.63255519999075,241.71505929999694,left,1,1.07629939999606,None,,,,02,001,2025-11-14_20h16.24.165,cueing_task_exp,,2025.1.1,59.704664904256454,2025-11-14 20h16.34.643965 +0530,
→,0.5,valid,right,133,3,13,right,1,0.27130570000736043,None,13,3,133,2,241.73066879999533,,,,,,,,,241.7175647999975,241.73066879999533,242.2163173000008,242.2163173000008,242.51555969999754,242.8162711000041,242.8162711000041,243.09939259999373,right,1,0.27130570000736043,None,,,,02,001,2025-11-14_20h16.24.165,cueing_task_exp,,2025.1.1,59.704664904256454,2025-11-14 20h16.34.643965 +0530,
→,0.5,valid,right,134,4,13,right,1,0.35872989999188576,None,13,4,134,3,243.11473549999937,,,,,,,,,243.09986429999117,243.11473549999937,243.5993443999905,243.5993443999905,243.89823459999752,244.19902759999968,244.19902759999968,244.56514150000294,right,1,0.35872989999188576,None,,,,02,001,2025-11-14_20h16.24.165,cueing_task_exp,,2025.1.1,59.704664904256454,2025-11-14 20h16.34.643965 +0530,
→,0.5,valid,right,135,5,13,right,1,0.37020920000213664,None,13,5,135,7,244.58167659999162,,,,,,,,,244.56566219999513,244.58167659999162,245.06601509999018,245.06601509999018,245.37015069999325,245.66581609999412,245.66581609999412,246.0484451999946,right,1,0.37020920000213664,None,,,,02,001,2025-11-14_20h16.24.165,cueing_task_exp,,2025.1.1,59.704664904256454,2025-11-14 20h16.34.643965 +0530,
→,-0.5,invalid,left,136,6,13,right,0,0.21526170001015998,None,13,6,136,8,246.0655529999931,,,,,,,,,246.04890939999314,246.0655529999931,246.5490102999902,246.5490102999902,246.84943219998968,247.14976139999635,247.14976139999635,247.36597600000096,right,0,0.21526170001015998,None,,,,02,001,2025-11-14_20h16.24.165,cueing_task_exp,,2025.1.1,59.704664904256454,2025-11-14 20h16.34.643965 +0530,
←,-0.5,valid,left,137,7,13,left,1,1.6326404999999795,None,13,7,137,1,247.38141929999983,,,,,,,,,247.36840059999668,247.38141929999983,247.86453869999968,247.86453869999968,248.16626729999552,248.46601059999375,248.46601059999375,250.11575640000228,left,1,1.6326404999999795,None,,,,02,001,2025-11-14_20h16.24.165,cueing_task_exp,,2025.1.1,59.704664904256454,2025-11-14 20h16.34.643965 +0530,
←,-0.5,valid,left,138,8,13,left,1,0.3928779999987455,None,13,8,138,5,250.13262279999617,,,,,,,,,250.11621459999878,250.13262279999617,250.6161046999914,250.6161046999914,250.91504209999403,251.21587109999382,251.21587109999382,251.61689699999988,left,1,0.3928779999987455,None,,,,02,001,2025-11-14_20h16.24.165,cueing_task_exp,,2025.1.1,59.704664904256454,2025-11-14 20h16.34.643965 +0530,
→,0.5,valid,right,139,9,13,right,1,0.4505596999952104,None,13,9,139,0,251.63053179999406,,,,,,,,,251.61980079999194,251.63053179999406,252.13289539999096,252.13289539999096,252.43176150000363,252.71650260000024,252.71650260000024,253.18251089999103,right,1,0.4505596999952104,None,,,,02,001,2025-11-14_20h16.24.165,cueing_task_exp,,2025.1.1,59.704664904256454,2025-11-14 20h16.34.643965 +0530,
←,-0.5,valid,left,140,0,14,left,1,0.3860329000017373,None,14,0,140,4,253.1987872000027,,,,,,,,,253.18483240000205,253.1987872000027,253.68229430000065,253.68229430000065,253.9810781999986,254.28283080000256,254.28283080000256,254.68278400000418,left,1,0.3860329000017373,None,,,,02,001,2025-11-14_20h16.24.165,cueing_task_exp,,2025.1.1,59.704664904256454,2025-11-14 20h16.34.643965 +0530,
←,-0.5,valid,left,141,1,14,left,1,0.5178347999899415,None,14,1,141,1,254.69805530000303,,,,,,,,,254.68350379999902,254.69805530000303,255.1976469999936,255.1976469999936,255.48106269999698,255.78274319999036,255.78274319999036,256.3156294999935,left,1,0.5178347999899415,None,,,,02,001,2025-11-14_20h16.24.165,cueing_task_exp,,2025.1.1,59.704664904256454,2025-11-14 20h16.34.643965 +0530,
→,0.5,valid,right,142,2,14,right,1,0.6975153000093997,None,14,2,142,7,256.3329529999901,,,,,,,,,256.3184617999941,256.3329529999901,256.8164228999958,256.8164228999958,257.11621300000115,257.41655639999954,257.41655639999954,258.115793799996,right,1,0.6975153000093997,None,,,,02,001,2025-11-14_20h16.24.165,cueing_task_exp,,2025.1.1,59.704664904256454,2025-11-14 20h16.34.643965 +0530,
→,0.5,valid,right,143,3,14,right,1,0.3149361000105273,None,14,3,143,3,258.13126690000354,,,,,,,,,258.1163133999944,258.13126690000354,258.61539099999936,258.61539099999936,258.91624330000195,259.21459779998986,259.21459779998986,259.5330920999986,right,1,0.3149361000105273,None,,,,02,001,2025-11-14_20h16.24.165,cueing_task_exp,,2025.1.1,59.704664904256454,2025-11-14 20h16.34.643965 +0530,
←,-0.5,valid,left,144,4,14,left,1,0.3746210999961477,None,14,4,144,5,259.5479942999955,,,,,,,,,259.5354776000022,259.5479942999955,260.033216900003,260.033216900003,260.3492814999918,260.6484269999928,260.6484269999928,261.03216479999537,left,1,0.3746210999961477,None,,,,02,001,2025-11-14_20h16.24.165,cueing_task_exp,,2025.1.1,59.704664904256454,2025-11-14 20h16.34.643965 +0530,
←,-0.5,valid,left,145,5,14,left,1,0.34629689999565016,None,14,5,145,6,261.04868089999945,,,,,,,,,261.0327142000024,261.04868089999945,261.5324524000025,261.5324524000025,261.8342128999939,262.13183019999997,262.13183019999997,262.48173210000095,left,1,0.34629689999565016,None,,,,02,001,2025-11-14_20h16.24.165,cueing_task_exp,,2025.1.1,59.704664904256454,2025-11-14 20h16.34.643965 +0530,
→,0.5,valid,right,146,6,14,right,1,0.9140519999928074,None,14,6,146,0,262.4985144999955,,,,,,,,,262.4841480000032,262.4985144999955,262.9826699999976,262.9826699999976,263.2825995000021,263.58306679999805,263.58306679999805,264.5005087000027,right,1,0.9140519999928074,None,,,,02,001,2025-11-14_20h16.24.165,cueing_task_exp,,2025.1.1,59.704664904256454,2025-11-14 20h16.34.643965 +0530,
→,0.5,valid,right,147,7,14,right,1,0.5707688000111375,None,14,7,147,2,264.51491579999856,,,,,,,,,264.5010320000001,264.51491579999856,264.99960779999674,264.99960779999674,265.3144275999948,265.61594770000374,265.61594770000374,266.19884009999805,right,1,0.5707688000111375,None,,,,02,001,2025-11-14_20h16.24.165,cueing_task_exp,,2025.1.1,59.704664904256454,2025-11-14 20h16.34.643965 +0530,
→,-0.5,invalid,left,148,8,14,left,1,0.9858611000090605,None,14,8,148,8,266.2162692999991,,,,,,,,,266.19931100000395,266.2162692999991,266.70009800000116,266.70009800000116,266.99946739998995,267.3001376000029,267.3001376000029,268.2994253999932,left,1,0.9858611000090605,None,,,,02,001,2025-11-14_20h16.24.165,cueing_task_exp,,2025.1.1,59.704664904256454,2025-11-14 20h16.34.643965 +0530,
←,0.5,invalid,right,149,9,14,right,1,0.8582485999941127,None,14,9,149,9,268.31632199999876,,,,,,,,,268.30162869999185,268.31632199999876,268.79971579999255,268.79971579999255,269.0998006000009,269.399182299996,269.399182299996,270.2672450999962,right,1,0.8582485999941127,None,,,,02,001,2025-11-14_20h16.24.165,cueing_task_exp,,2025.1.1,59.704664904256454,2025-11-14 20h16.34.643965 +0530,
←,-0.5,valid,left,150,0,15,left,1,0.9865559000027133,None,15,0,150,6,270.28131069999654,,,,,,,,,270.2677588999941,270.28131069999654,270.76642050000373,270.76642050000373,271.08303019999585,271.38317429999006,271.38317429999006,272.3841539999994,left,1,0.9865559000027133,None,,,,02,001,2025-11-14_20h16.24.165,cueing_task_exp,,2025.1.1,59.704664904256454,2025-11-14 20h16.34.643965 +0530,
←,-0.5,valid,left,151,1,15,left,1,0.45880180000676773,None,15,1,151,4,272.39781680000306,,,,,,,,,272.384891099995,272.39781680000306,272.8985892999917,272.8985892999917,273.1831882999977,273.50000909999653,273.50000909999653,273.96569919999456,left,1,0.45880180000676773,None,,,,02,001,2025-11-14_20h16.24.165,cueing_task_exp,,2025.1.1,59.704664904256454,2025-11-14 20h16.34.643965 +0530,
→,-0.5,invalid,left,152,2,15,left,1,0.9729310999973677,None,15,2,152,8,273.98202529999253,,,,,,,,,273.9679158999934,273.98202529999253,274.4659287999966,274.4659287999966,274.766647299999,275.06513570000243,275.06513570000243,276.04965410000295,left,1,0.9729310999973677,None,,,,02,001,2025-11-14_20h16.24.165,cueing_task_exp,,2025.1.1,59.704664904256454,2025-11-14 20h16.34.643965 +0530,
→,0.5,valid,right,153,3,15,right,1,0.6966326000110712,None,15,3,153,7,276.06481100000383,,,,,,,,,276.050110199998,276.06481100000383,276.54911419999553,276.54911419999553,276.850042799997,277.14992009999696,277.14992009999696,277.8491282000032,right,1,0.6966326000110712,None,,,,02,001,2025-11-14_20h16.24.165,cueing_task_exp,,2025.1.1,59.704664904256454,2025-11-14 20h16.34.643965 +0530,
←,0.5,invalid,right,154,4,15,right,1,1.0382231999974465,None,15,4,154,9,277.86453520000214,,,,,,,,,277.8517819999979,277.86453520000214,278.36636319999525,278.36636319999525,278.6493216999952,278.9493201000005,278.9493201000005,279.99961630000325,right,1,1.0382231999974465,None,,,,02,001,2025-11-14_20h16.24.165,cueing_task_exp,,2025.1.1,59.704664904256454,2025-11-14 20h16.34.643965 +0530,
→,0.5,valid,right,155,5,15,right,1,0.8380237000092166,None,15,5,155,2,280.01616299999296,,,,,,,,,280.00183369999286,280.01616299999296,280.49969939999573,280.49969939999573,280.79942889999074,281.1003392999992,281.1003392999992,281.94925059999514,right,1,0.8380237000092166,None,,,,02,001,2025-11-14_20h16.24.165,cueing_task_exp,,2025.1.1,59.704664904256454,2025-11-14 20h16.34.643965 +0530,
→,0.5,valid,right,156,6,15,right,1,0.7665627999958815,None,15,6,156,3,281.9660670000012,,,,,,,,,281.9497297999915,281.9660670000012,282.44992600000114,282.44992600000114,282.7498298999999,283.05007489999116,283.05007489999116,283.83253620000323,right,1,0.7665627999958815,None,,,,02,001,2025-11-14_20h16.24.165,cueing_task_exp,,2025.1.1,59.704664904256454,2025-11-14 20h16.34.643965 +0530,
→,0.5,valid,right,157,7,15,right,1,0.5334566999954404,None,15,7,157,0,283.84899269999005,,,,,,,,,283.8329827999987,283.84899269999005,284.33333159999165,284.33333159999165,284.6321750999923,284.9330002999923,284.9330002999923,285.4829935000016,right,1,0.5334566999954404,None,,,,02,001,2025-11-14_20h16.24.165,cueing_task_exp,,2025.1.1,59.704664904256454,2025-11-14 20h16.34.643965 +0530,
←,-0.5,valid,left,158,8,15,left,1,0.6809831999999005,None,15,8,158,5,285.5000385000021,,,,,,,,,285.48515490000136,285.5000385000021,285.98288109998975,285.98288109998975,286.2829323000042,286.5830966999929,286.5830966999929,287.26660719999927,left,1,0.6809831999999005,None,,,,02,001,2025-11-14_20h16.24.165,cueing_task_exp,,2025.1.1,59.704664904256454,2025-11-14 20h16.34.643965 +0530,
←,-0.5,valid,left,159,9,15,left,1,0.990777099999832,None,15,9,159,1,287.28222249999817,,,,,,,,,287.26716289999604,287.28222249999817,287.7648801000032,287.7648801000032,288.0668383000011,288.366829999999,288.366829999999,289.3661818999972,left,1,0.990777099999832,None,,,,02,001,2025-11-14_20h16.24.165,cueing_task_exp,,2025.1.1,59.704664904256454,2025-11-14 20h16.34.643965 +0530,
←,-0.5,valid,left,160,0,16,left,1,0.4104749999969499,None,16,0,160,5,289.38185059999523,,,,,,,,,289.36677059999784,289.38185059999523,289.8668026999949,289.8668026999949,290.16615730000194,290.46720169999753,290.46720169999753,290.88271609999356,left,1,0.4104749999969499,None,,,,02,001,2025-11-14_20h16.24.165,cueing_task_exp,,2025.1.1,59.704664904256454,2025-11-14 20h16.34.643965 +0530,
→,0.5,valid,right,161,1,16,right,1,0.4951677000062773,None,16,1,161,0,290.89880539999285,,,,,,,,,290.8849237999966,290.89880539999285,291.38302779999503,291.38302779999503,291.6831424999982,291.98331709999184,291.98331709999184,292.48298539999814,right,1,0.4951677000062773,None,,,,02,001,2025-11-14_20h16.24.165,cueing_task_exp,,2025.1.1,59.704664904256454,2025-11-14 20h16.34.643965 +0530,
→,0.5,valid,right,162,2,16,right,1,0.5174322999955621,None,16,2,162,3,292.49920459999703,,,,,,,,,292.4835160999937,292.49920459999703,292.9828913999954,292.9828913999954,293.3001682000031,293.58394099998986,293.58394099998986,294.1162219999969,right,1,0.5174322999955621,None,,,,02,001,2025-11-14_20h16.24.165,cueing_task_exp,,2025.1.1,59.704664904256454,2025-11-14 20h16.34.643965 +0530,
→,0.5,valid,right,163,3,16,right,1,0.319044899995788,None,16,3,163,2,294.13289449999866,,,,,,,,,294.11667319999833,294.13289449999866,294.61640289999195,294.61640289999195,294.9170008999936,295.2169561999908,295.2169561999908,295.5499895999965,right,1,0.319044899995788,None,,,,02,001,2025-11-14_20h16.24.165,cueing_task_exp,,2025.1.1,59.704664904256454,2025-11-14 20h16.34.643965 +0530,
←,-0.5,valid,left,164,4,16,left,1,0.6181164000008721,None,16,4,164,4,295.5668922999903,,,,,,,,,295.5522609999898,295.5668922999903,296.05024939999566,296.05024939999566,296.36699029999727,296.64990489999764,296.64990489999764,297.2825954,left,1,0.6181164000008721,None,,,,02,001,2025-11-14_20h16.24.165,cueing_task_exp,,2025.1.1,59.704664904256454,2025-11-14 20h16.34.643965 +0530,
←,-0.5,valid,left,165,5,16,left,1,0.32265539999934845,None,16,5,165,6,297.299543000001,,,,,,,,,297.28304759999446,297.299543000001,297.78332930000033,297.78332930000033,298.0830747,298.38364410000213,298.38364410000213,298.71607850000146,left,1,0.32265539999934845,None,,,,02,001,2025-11-14_20h16.24.165,cueing_task_exp,,2025.1.1,59.704664904256454,2025-11-14 20h16.34.643965 +0530,
←,-0.5,valid,left,166,6,16,left,1,0.4092584999889368,None,16,6,166,1,298.73423809999076,,,,,,,,,298.7166118000023,298.73423809999076,299.2169361999986,299.2169361999986,299.5170497999934,299.8166717999993,299.8166717999993,300.2326985999971,left,1,0.4092584999889368,None,,,,02,001,2025-11-14_20h16.24.165,cueing_task_exp,,2025.1.1,59.704664904256454,2025-11-14 20h16.34.643965 +0530,
→,-0.5,invalid,left,167,7,16,left,1,0.8175339000008535,None,16,7,167,8,300.2484128999931,,,,,,,,,300.2353465999913,300.2484128999931,300.7319936999993,300.7319936999993,301.0333447000012,301.33290969999507,301.33290969999507,302.167182899997,left,1,0.8175339000008535,None,,,,02,001,2025-11-14_20h16.24.165,cueing_task_exp,,2025.1.1,59.704664904256454,2025-11-14 20h16.34.643965 +0530,
←,0.5,invalid,right,168,8,16,right,1,1.0555776999972295,None,16,8,168,9,302.182905499998,,,,,,,,,302.16931209999893,302.182905499998,302.66741969999566,302.66741969999566,302.96658059999754,303.2669795999973,303.2669795999973,304.33257509999385,right,1,1.0555776999972295,None,,,,02,001,2025-11-14_20h16.24.165,cueing_task_exp,,2025.1.1,59.704664904256454,2025-11-14 20h16.34.643965 +0530,
→,0.5,valid,right,169,9,16,right,1,0.5134356000053231,None,16,9,169,7,304.3490262999985,,,,,,,,,304.3348781999957,304.3490262999985,304.8336486999906,304.8336486999906,305.13196099999186,305.4340639000002,305.4340639000002,305.9496549000032,right,1,0.5134356000053231,None,,,,02,001,2025-11-14_20h16.24.165,cueing_task_exp,,2025.1.1,59.704664904256454,2025-11-14 20h16.34.643965 +0530,
→,0.5,valid,right,170,0,17,right,1,0.5036017000093125,None,17,0,170,2,305.9653882999992,,,,,,,,,305.95010380000167,305.9653882999992,306.46610459999647,306.46610459999647,306.7501390999969,307.049849899995,307.049849899995,307.5679237000004,right,1,0.5036017000093125,None,,,,02,001,2025-11-14_20h16.24.165,cueing_task_exp,,2025.1.1,59.704664904256454,2025-11-14 20h16.34.643965 +0530,
←,-0.5,valid,left,171,1,17,left,1,0.5629400999896461,None,17,1,171,5,307.5815631000005,,,,,,,,,307.5705017,307.5815631000005,308.0672751999955,308.0672751999955,308.36653210000077,308.68330029999197,308.68330029999197,309.25000929999806,left,1,0.5629400999896461,None,,,,02,001,2025-11-14_20h16.24.165,cueing_task_exp,,2025.1.1,59.704664904256454,2025-11-14 20h16.34.643965 +0530,
→,0.5,valid,right,172,2,17,right,1,0.5310297999967588,None,17,2,172,3,309.2651973000029,,,,,,,,,309.25220719999925,309.2651973000029,309.7503030999942,309.7503030999942,310.05022299999837,310.34967919999326,310.34967919999326,310.88250379999226,right,1,0.5310297999967588,None,,,,02,001,2025-11-14_20h16.24.165,cueing_task_exp,,2025.1.1,59.704664904256454,2025-11-14 20h16.34.643965 +0530,
←,-0.5,valid,left,173,3,17,left,1,0.8128302999975858,None,17,3,173,1,310.89888149999024,,,,,,,,,310.8846343999903,310.89888149999024,311.38334659999236,311.38334659999236,311.6827029999986,311.9838940999907,311.9838940999907,312.79944409999007,left,1,0.8128302999975858,None,,,,02,001,2025-11-14_20h16.24.165,cueing_task_exp,,2025.1.1,59.704664904256454,2025-11-14 20h16.34.643965 +0530,
←,-0.5,valid,left,174,4,17,left,1,0.689979000002495,None,17,4,174,4,312.8153409999941,,,,,,,,,312.7998973999929,312.8153409999941,313.3015075000003,313.3015075000003,313.6002557000029,313.8993657999963,313.8993657999963,314.6011292000039,left,1,0.689979000002495,None,,,,02,001,2025-11-14_20h16.24.165,cueing_task_exp,,2025.1.1,59.704664904256454,2025-11-14 20h16.34.643965 +0530,
→,0.5,valid,right,175,5,17,right,1,0.6090293000015663,None,17,5,175,7,314.6160655999993,,,,,,,,,314.6036507999961,314.6160655999993,315.1005401000002,315.1005401000002,315.4007033999951,315.7004910999967,315.7004910999967,316.31636060000164,right,1,0.6090293000015663,None,,,,02,001,2025-11-14_20h16.24.165,cueing_task_exp,,2025.1.1,59.704664904256454,2025-11-14 20h16.34.643965 +0530,
→,-0.5,invalid,left,176,6,17,left,1,1.0363534999924013,None,17,6,176,8,316.33283980000124,,,,,,,,,316.31682710000314,316.33283980000124,316.81730439999956,316.81730439999956,317.11621949999244,317.41732839999895,317.41732839999895,318.46736870000314,left,1,1.0363534999924013,None,,,,02,001,2025-11-14_20h16.24.165,cueing_task_exp,,2025.1.1,59.704664904256454,2025-11-14 20h16.34.643965 +0530,
←,-0.5,valid,left,177,7,17,left,1,0.4977704999910202,None,17,7,177,6,318.48376999999164,,,,,,,,,318.46952549999696,318.48376999999164,318.96678479999537,318.96678479999537,319.2673197999975,319.56690890000027,319.56690890000027,320.06760409999697,left,1,0.4977704999910202,None,,,,02,001,2025-11-14_20h16.24.165,cueing_task_exp,,2025.1.1,59.704664904256454,2025-11-14 20h16.34.643965 +0530,
→,0.5,valid,right,178,8,17,right,1,0.4339250000048196,None,17,8,178,0,320.0826334000012,,,,,,,,,320.0697810999991,320.0826334000012,320.56660170000396,320.56660170000396,320.8836275999929,321.1670099000039,321.1670099000039,321.6182134999981,right,1,0.4339250000048196,None,,,,02,001,2025-11-14_20h16.24.165,cueing_task_exp,,2025.1.1,59.704664904256454,2025-11-14 20h16.34.643965 +0530,
←,0.5,invalid,right,179,9,17,right,1,1.0687171000026865,None,17,9,179,9,321.63392579999345,,,,,,,,,321.6205828999955,321.63392579999345,322.13403899999685,322.13403899999685,322.4173421000014,322.733965499996,322.733965499996,323.81705469998997,right,1,1.0687171000026865,None,,,,02,001,2025-11-14_20h16.24.165,cueing_task_exp,,2025.1.1,59.704664904256454,2025-11-14 20h16.34.643965 +0530,
→,0.5,valid,right,180,0,18,right,1,1.6195413000095868,None,18,0,180,0,323.83192810000037,,,,,,,,,323.8191869000002,323.83192810000037,324.31730830000015,324.31730830000015,324.61731819999113,324.9172077999974,324.9172077999974,326.549803300004,right,1,1.6195413000095868,None,,,,02,001,2025-11-14_20h16.24.165,cueing_task_exp,,2025.1.1,59.704664904256454,2025-11-14 20h16.34.643965 +0530,
←,0.5,invalid,right,181,1,18,right,1,0.6318523999943864,None,18,1,181,9,326.5657713999972,,,,,,,,,326.55224889999954,326.5657713999972,327.0498169999919,327.0498169999919,327.3507641000033,327.6499976999912,327.6499976999912,328.28505679999944,right,1,0.6318523999943864,None,,,,02,001,2025-11-14_20h16.24.165,cueing_task_exp,,2025.1.1,59.704664904256454,2025-11-14 20h16.34.643965 +0530,
←,-0.5,valid,left,182,2,18,left,1,0.5252489999984391,None,18,2,182,4,328.2994498999906,,,,,,,,,328.2855782999977,328.2994498999906,328.8003353999957,328.8003353999957,329.10085469999467,329.400452899994,329.400452899994,329.9333767999924,left,1,0.5252489999984391,None,,,,02,001,2025-11-14_20h16.24.165,cueing_task_exp,,2025.1.1,59.704664904256454,2025-11-14 20h16.34.643965 +0530,
←,-0.5,valid,left,183,3,18,left,1,0.5445423000055598,None,18,3,183,5,329.95040220000374,,,,,,,,,329.9338285999984,329.95040220000374,330.4347357999941,330.4347357999941,330.73444339999696,331.0344883999933,331.0344883999933,331.58448540000245,left,1,0.5445423000055598,None,,,,02,001,2025-11-14_20h16.24.165,cueing_task_exp,,2025.1.1,59.704664904256454,2025-11-14 20h16.34.643965 +0530,
→,0.5,valid,right,184,4,18,right,1,0.6307142000005115,None,18,4,184,2,331.59894129999157,,,,,,,,,331.5870691000018,331.59894129999157,332.0828853999992,332.0828853999992,332.3839122999925,332.68312109999533,332.68312109999533,333.31727279999177,right,1,0.6307142000005115,None,,,,02,001,2025-11-14_20h16.24.165,cueing_task_exp,,2025.1.1,59.704664904256454,2025-11-14 20h16.34.643965 +0530,
←,-0.5,valid,left,185,5,18,left,1,0.383074299999862,None,18,5,185,1,333.3326945000008,,,,,,,,,333.3196465999936,333.3326945000008,333.8174161999923,333.8174161999923,334.1175127000024,334.41742779999913,334.41742779999913,334.81722420000006,left,1,0.383074299999862,None,,,,02,001,2025-11-14_20h16.24.165,cueing_task_exp,,2025.1.1,59.704664904256454,2025-11-14 20h16.34.643965 +0530,
→,-0.5,invalid,left,186,6,18,left,1,1.2165311999997357,None,18,6,186,8,334.8341977999953,,,,,,,,,334.81938889999583,334.8341977999953,335.31755449999764,335.31755449999764,335.6338076999964,335.91716689999157,335.91716689999157,337.14992399999755,left,1,1.2165311999997357,None,,,,02,001,2025-11-14_20h16.24.165,cueing_task_exp,,2025.1.1,59.704664904256454,2025-11-14 20h16.34.643965 +0530,
→,0.5,valid,right,187,7,18,right,1,0.6112670000002254,None,18,7,187,7,337.1670761999994,,,,,,,,,337.1503889000014,337.1670761999994,337.65095309999015,337.65095309999015,337.95133719999285,338.2500327000016,338.2500327000016,338.8684935999918,right,1,0.6112670000002254,None,,,,02,001,2025-11-14_20h16.24.165,cueing_task_exp,,2025.1.1,59.704664904256454,2025-11-14 20h16.34.643965 +0530,
→,0.5,valid,right,188,8,18,right,1,0.2960851999960141,None,18,8,188,3,338.8823010999913,,,,,,,,,338.8692279999959,338.8823010999913,339.3840572999907,339.3840572999907,339.66779289999977,339.9676236999949,339.9676236999949,340.2684084999928,right,1,0.2960851999960141,None,,,,02,001,2025-11-14_20h16.24.165,cueing_task_exp,,2025.1.1,59.704664904256454,2025-11-14 20h16.34.643965 +0530,
←,-0.5,valid,left,189,9,18,left,1,0.7141605999931926,None,18,9,189,6,340.2835966999992,,,,,,,,,340.2708048999921,340.2835966999992,340.76755910000065,340.76755910000065,341.0828593999904,341.3676656000025,341.3676656000025,342.08456529999967,left,1,0.7141605999931926,None,,,,02,001,2025-11-14_20h16.24.165,cueing_task_exp,,2025.1.1,59.704664904256454,2025-11-14 20h16.34.643965 +0530,
←,-0.5,valid,left,190,0,19,left,1,0.4711957999970764,None,19,0,190,6,342.0993541999924,,,,,,,,,342.0852741999988,342.0993541999924,342.6013648999942,342.6013648999942,342.90123719999974,343.18442979999236,343.18442979999236,343.66734780000115,left,1,0.4711957999970764,None,,,,02,001,2025-11-14_20h16.24.165,cueing_task_exp,,2025.1.1,59.704664904256454,2025-11-14 20h16.34.643965 +0530,
→,0.5,valid,right,191,1,19,right,1,0.5048569000064163,None,19,1,191,0,343.6837959999975,,,,,,,,,343.6697848999902,343.6837959999975,344.1669946000038,344.1669946000038,344.4676802000031,344.76658999999927,344.76658999999927,345.2849722999963,right,1,0.5048569000064163,None,,,,02,001,2025-11-14_20h16.24.165,cueing_task_exp,,2025.1.1,59.704664904256454,2025-11-14 20h16.34.643965 +0530,
←,-0.5,valid,left,192,2,19,left,1,0.31479699999908917,None,19,2,192,4,345.2999034999957,,,,,,,,,345.2873696000024,345.2999034999957,345.8007363999932,345.8007363999932,346.08370339999965,346.4005860000034,346.4005860000034,346.7177223999897,left,1,0.31479699999908917,None,,,,02,001,2025-11-14_20h16.24.165,cueing_task_exp,,2025.1.1,59.704664904256454,2025-11-14 20h16.34.643965 +0530,
←,-0.5,valid,left,193,3,19,left,1,0.3825930999882985,None,19,3,193,1,346.7327565000014,,,,,,,,,346.71832669999276,346.7327565000014,347.21685309999157,347.21685309999157,347.5176242000016,347.8181748999923,347.8181748999923,348.2168134999956,left,1,0.3825930999882985,None,,,,02,001,2025-11-14_20h16.24.165,cueing_task_exp,,2025.1.1,59.704664904256454,2025-11-14 20h16.34.643965 +0530,
←,0.5,invalid,right,194,4,19,right,1,1.036157499998808,None,19,4,194,9,348.23408680000284,,,,,,,,,348.2172827000031,348.23408680000284,348.71776189999946,348.71776189999946,349.01751759999024,349.3175415000005,349.3175415000005,350.3674198999943,right,1,1.036157499998808,None,,,,02,001,2025-11-14_20h16.24.165,cueing_task_exp,,2025.1.1,59.704664904256454,2025-11-14 20h16.34.643965 +0530,
→,0.5,valid,right,195,5,19,right,1,0.9447113999922294,None,19,5,195,2,350.38411359999736,,,,,,,,,350.36961369999335,350.38411359999736,350.8674013999989,350.8674013999989,351.16670980000345,351.46766349999234,351.46766349999234,352.41753429999517,right,1,0.9447113999922294,None,,,,02,001,2025-11-14_20h16.24.165,cueing_task_exp,,2025.1.1,59.704664904256454,2025-11-14 20h16.34.643965 +0530,
→,-0.5,invalid,left,196,6,19,left,1,1.2493786999984877,None,19,6,196,8,352.43340969999554,,,,,,,,,352.4179836999974,352.43340969999554,352.9173235999915,352.9173235999915,353.2178162999917,353.5176550000033,353.5176550000033,354.78367649999564,left,1,1.2493786999984877,None,,,,02,001,2025-11-14_20h16.24.165,cueing_task_exp,,2025.1.1,59.704664904256454,2025-11-14 20h16.34.643965 +0530,
→,0.5,valid,right,197,7,19,right,1,0.7905478000029689,None,19,7,197,7,354.80030829999305,,,,,,,,,354.78416009999637,354.80030829999305,355.2842396999913,355.2842396999913,355.58346389999497,355.88401989999693,355.88401989999693,356.6843391000002,right,1,0.7905478000029689,None,,,,02,001,2025-11-14_20h16.24.165,cueing_task_exp,,2025.1.1,59.704664904256454,2025-11-14 20h16.34.643965 +0530,
→,0.5,valid,right,198,8,19,right,1,0.493841200004681,None,19,8,198,3,356.7009653999994,,,,,,,,,356.6849174999952,356.7009653999994,357.18465379999543,357.18465379999543,357.48367220000364,357.7846997000015,357.7846997000015,358.28467799999635,right,1,0.493841200004681,None,,,,02,001,2025-11-14_20h16.24.165,cueing_task_exp,,2025.1.1,59.704664904256454,2025-11-14 20h16.34.643965 +0530,
←,-0.5,valid,left,199,9,19,left,1,0.9887559000053443,None,19,9,199,5,358.29986289999215,,,,,,,,,358.2870946000039,358.29986289999215,358.80081309999514,358.80081309999514,359.10026140000264,359.38428379999823,359.38428379999823,360.3840848999971,left,1,0.9887559000053443,None,,,,02,001,2025-11-14_20h16.24.165,cueing_task_exp,,2025.1.1,59.704664904256454,2025-11-14 20h16.34.643965 +0530,
←,-0.5,valid,left,200,0,20,left,1,0.5372521999961464,None,20,0,200,1,360.4000262999907,,,,,,,,,360.38469890000124,360.4000262999907,360.88475969999854,360.88475969999854,361.18398519999755,361.4828931999946,361.4828931999946,362.03440239999327,left,1,0.5372521999961464,None,,,,02,001,2025-11-14_20h16.24.165,cueing_task_exp,,2025.1.1,59.704664904256454,2025-11-14 20h16.34.643965 +0530,
→,-0.5,invalid,left,201,1,20,left,1,0.7533089000062319,None,20,1,201,8,362.05083729999023,,,,,,,,,362.0365448999946,362.05083729999023,362.53369250000105,362.53369250000105,362.8343046999944,363.1345422000013,363.1345422000013,363.9001450999931,left,1,0.7533089000062319,None,,,,02,001,2025-11-14_20h16.24.165,cueing_task_exp,,2025.1.1,59.704664904256454,2025-11-14 20h16.34.643965 +0530,
→,0.5,valid,right,202,2,20,right,1,0.807004300004337,None,20,2,202,0,363.91700659999333,,,,,,,,,363.90077179999207,363.91700659999333,364.40148169999884,364.40148169999884,364.7014293999964,364.9995490000001,364.9995490000001,365.81875759999093,right,1,0.807004300004337,None,,,,02,001,2025-11-14_20h16.24.165,cueing_task_exp,,2025.1.1,59.704664904256454,2025-11-14 20h16.34.643965 +0530,
←,-0.5,valid,left,203,3,20,left,1,0.3959812000102829,None,20,3,203,5,365.8329953999928,,,,,,,,,365.8212189999904,365.8329953999928,366.31710179999936,366.31710179999936,366.6176040999999,366.91764949999924,366.91764949999924,367.31845299999986,left,1,0.3959812000102829,None,,,,02,001,2025-11-14_20h16.24.165,cueing_task_exp,,2025.1.1,59.704664904256454,2025-11-14 20h16.34.643965 +0530,
→,0.5,valid,right,204,4,20,right,1,0.8507347000122536,None,20,4,204,7,367.33253149999655,,,,,,,,,367.32147929999337,367.33253149999655,367.8177977000014,367.8177977000014,368.13416410000355,368.41766249999637,368.41766249999637,369.2846181999921,right,1,0.8507347000122536,None,,,,02,001,2025-11-14_20h16.24.165,cueing_task_exp,,2025.1.1,59.704664904256454,2025-11-14 20h16.34.643965 +0530,
←,0.5,invalid,right,205,5,20,right,1,0.8759711000020616,None,20,5,205,9,369.30078979999234,,,,,,,,,369.28678070000024,369.30078979999234,369.78416819999984,369.78416819999984,370.0838528000022,370.3836835999973,370.3836835999973,371.26894919999177,right,1,0.8759711000020616,None,,,,02,001,2025-11-14_20h16.24.165,cueing_task_exp,,2025.1.1,59.704664904256454,2025-11-14 20h16.34.643965 +0530,
→,0.5,valid,right,206,6,20,right,1,1.106602900006692,None,20,6,206,3,371.2826616999955,,,,,,,,,371.2715920999908,371.2826616999955,371.78380249999464,371.78380249999464,372.0843904999929,372.3845672000025,372.3845672000025,373.50140529999044,right,1,1.106602900006692,None,,,,02,001,2025-11-14_20h16.24.165,cueing_task_exp,,2025.1.1,59.704664904256454,2025-11-14 20h16.34.643965 +0530,
→,0.5,valid,right,207,7,20,right,1,0.4972202999924775,None,20,7,207,2,373.5165042000008,,,,,,,,,373.50185429998965,373.5165042000008,374.0003214000026,374.0003214000026,374.30184849999205,374.6010222000041,374.6010222000041,375.10197979999066,right,1,0.4972202999924775,None,,,,02,001,2025-11-14_20h16.24.165,cueing_task_exp,,2025.1.1,59.704664904256454,2025-11-14 20h16.34.643965 +0530,
←,-0.5,valid,left,208,8,20,left,1,0.4933884000056423,None,20,8,208,6,375.11624519999896,,,,,,,,,375.1053696000017,375.11624519999896,375.6183044999925,375.6183044999925,375.9013524000038,376.1997921000002,376.1997921000002,376.7013833999954,left,1,0.4933884000056423,None,,,,02,001,2025-11-14_20h16.24.165,cueing_task_exp,,2025.1.1,59.704664904256454,2025-11-14 20h16.34.643965 +0530,
←,-0.5,valid,left,209,9,20,left,1,0.33169229999475647,None,20,9,209,4,376.7165776000038,,,,,,,,,376.70188690000214,376.7165776000038,377.2180040999956,377.2180040999956,377.5015898999991,377.80088429999887,377.80088429999887,378.1340136999934,left,1,0.33169229999475647,None,,,,02,001,2025-11-14_20h16.24.165,cueing_task_exp,,2025.1.1,59.704664904256454,2025-11-14 20h16.34.643965 +0530,
→,0.5,valid,right,210,0,21,right,1,0.4432743999932427,None,21,0,210,2,378.151758299995,,,,,,,,,378.1373720999982,378.151758299995,378.6338728999981,378.6338728999981,378.9351747999899,379.2340831000038,379.2340831000038,379.6846757000021,right,1,0.4432743999932427,None,,,,02,001,2025-11-14_20h16.24.165,cueing_task_exp,,2025.1.1,59.704664904256454,2025-11-14 20h16.34.643965 +0530,
→,0.5,valid,right,211,1,21,right,1,0.48141750000650063,None,21,1,211,7,379.7013227999996,,,,,,,,,379.6851231999899,379.7013227999996,380.1840067000012,380.1840067000012,380.48455779999495,380.78438630000164,380.78438630000164,381.2686148999928,right,1,0.48141750000650063,None,,,,02,001,2025-11-14_20h16.24.165,cueing_task_exp,,2025.1.1,59.704664904256454,2025-11-14 20h16.34.643965 +0530,
←,-0.5,valid,left,212,2,21,left,1,0.5524699000088731,None,21,2,212,5,381.2826322000037,,,,,,,,,381.2719470000011,381.2826322000037,381.7682492000022,381.7682492000022,382.06787050000275,382.36832239999785,382.36832239999785,382.93490359999123,left,1,0.5524699000088731,None,,,,02,001,2025-11-14_20h16.24.165,cueing_task_exp,,2025.1.1,59.704664904256454,2025-11-14 20h16.34.643965 +0530,
←,-0.5,valid,left,213,3,21,left,1,0.5359544999955688,None,21,3,213,6,382.9513835999969,,,,,,,,,382.9353556999995,382.9513835999969,383.4353165999928,383.4353165999928,383.73462380000274,384.03480329999,384.03480329999,384.5848391999898,left,1,0.5359544999955688,None,,,,02,001,2025-11-14_20h16.24.165,cueing_task_exp,,2025.1.1,59.704664904256454,2025-11-14 20h16.34.643965 +0530,
←,-0.5,valid,left,214,4,21,left,1,0.4349652000091737,None,21,4,214,4,384.59984689998964,,,,,,,,,384.5852834999969,384.59984689998964,385.0851333000028,385.0851333000028,385.3839453999972,385.6845495000016,385.6845495000016,386.1341734000016,left,1,0.4349652000091737,None,,,,02,001,2025-11-14_20h16.24.165,cueing_task_exp,,2025.1.1,59.704664904256454,2025-11-14 20h16.34.643965 +0530,
←,-0.5,valid,left,215,5,21,left,1,0.4138716999877943,None,21,5,215,1,386.15135129999544,,,,,,,,,386.13461979999556,386.15135129999544,386.63477930000226,386.63477930000226,386.93419259999064,387.23548299999675,387.23548299999675,387.65111310000066,left,1,0.4138716999877943,None,,,,02,001,2025-11-14_20h16.24.165,cueing_task_exp,,2025.1.1,59.704664904256454,2025-11-14 20h16.34.643965 +0530,
←,0.5,invalid,right,216,6,21,right,1,0.8724137999961386,None,21,6,216,9,387.6666356999922,,,,,,,,,387.651552299998,387.6666356999922,388.1517041999905,388.1517041999905,388.451513299995,388.751887099992,388.751887099992,389.63456679999945,right,1,0.8724137999961386,None,,,,02,001,2025-11-14_20h16.24.165,cueing_task_exp,,2025.1.1,59.704664904256454,2025-11-14 20h16.34.643965 +0530,
→,-0.5,invalid,left,217,7,21,left,1,1.2801896000019042,None,21,7,217,8,389.6503425999981,,,,,,,,,389.637321599992,389.6503425999981,390.13512289999926,390.13512289999926,390.4348450999969,390.73487020000175,390.73487020000175,392.01869139999326,left,1,1.2801896000019042,None,,,,02,001,2025-11-14_20h16.24.165,cueing_task_exp,,2025.1.1,59.704664904256454,2025-11-14 20h16.34.643965 +0530,
→,0.5,valid,right,218,8,21,right,1,1.5165945000044303,None,21,8,218,0,392.0341636999947,,,,,,,,,392.01927389999037,392.0341636999947,392.5168874999945,392.5168874999945,392.81794680000166,393.11793199999374,393.11793199999374,394.6361112000013,right,1,1.5165945000044303,None,,,,02,001,2025-11-14_20h16.24.165,cueing_task_exp,,2025.1.1,59.704664904256454,2025-11-14 20h16.34.643965 +0530,
→,0.5,valid,right,219,9,21,right,1,0.3581741000089096,None,21,9,219,3,394.65090890000283,,,,,,,,,394.63664640000206,394.65090890000283,395.15180029999465,395.15180029999465,395.45236759999534,395.7515451999934,395.7515451999934,396.11894129999564,right,1,0.3581741000089096,None,,,,02,001,2025-11-14_20h16.24.165,cueing_task_exp,,2025.1.1,59.704664904256454,2025-11-14 20h16.34.643965 +0530,
←,-0.5,valid,left,220,0,22,left,1,0.36912950000260025,None,22,0,220,4,396.1338393999904,,,,,,,,,396.12168389999715,396.1338393999904,396.61887999999453,396.61887999999453,396.9187436999928,397.2189606000029,397.2189606000029,397.6024330999935,left,1,0.36912950000260025,None,,,,02,001,2025-11-14_20h16.24.165,cueing_task_exp,,2025.1.1,59.704664904256454,2025-11-14 20h16.34.643965 +0530,
→,0.5,valid,right,221,1,22,right,1,0.3057671999995364,None,22,1,221,3,397.61685150000267,,,,,,,,,397.6050164999906,397.61685150000267,398.11871949999477,398.11871949999477,398.41683770000236,398.7016156000027,398.7016156000027,399.01849799999036,right,1,0.3057671999995364,None,,,,02,001,2025-11-14_20h16.24.165,cueing_task_exp,,2025.1.1,59.704664904256454,2025-11-14 20h16.34.643965 +0530,
→,0.5,valid,right,222,2,22,right,1,0.4354714000073727,None,22,2,222,2,399.03493139999046,,,,,,,,,399.0189432999905,399.03493139999046,399.5168482000008,399.5168482000008,399.81876189999457,400.12021979999554,400.12021979999554,400.5685117999965,right,1,0.4354714000073727,None,,,,02,001,2025-11-14_20h16.24.165,cueing_task_exp,,2025.1.1,59.704664904256454,2025-11-14 20h16.34.643965 +0530,
→,0.5,valid,right,223,3,22,right,1,0.39011790000949986,None,22,3,223,7,400.5842665999953,,,,,,,,,400.56903559999773,400.5842665999953,401.0856441999931,401.0856441999931,401.3686755999952,401.6850043000013,401.6850043000013,402.0852278999955,right,1,0.39011790000949986,None,,,,02,001,2025-11-14_20h16.24.165,cueing_task_exp,,2025.1.1,59.704664904256454,2025-11-14 20h16.34.643965 +0530,
→,-0.5,invalid,left,224,4,22,left,1,1.4532154999906197,None,22,4,224,8,402.1003755999991,,,,,,,,,402.08574840000074,402.1003755999991,402.58497939999506,402.58497939999506,402.8850933999929,403.1849504999991,403.1849504999991,404.65214189999097,left,1,1.4532154999906197,None,,,,02,001,2025-11-14_20h16.24.165,cueing_task_exp,,2025.1.1,59.704664904256454,2025-11-14 20h16.34.643965 +0530,
←,-0.5,valid,left,225,5,22,left,1,0.4068057999975281,None,22,5,225,5,404.667953199998,,,,,,,,,404.6543449000019,404.667953199998,405.1520216999925,405.1520216999925,405.4505599999975,405.7520450000011,405.7520450000011,406.1686278999987,left,1,0.4068057999975281,None,,,,02,001,2025-11-14_20h16.24.165,cueing_task_exp,,2025.1.1,59.704664904256454,2025-11-14 20h16.34.643965 +0530,
→,0.5,valid,right,226,6,22,right,1,0.5371638000069652,None,22,6,226,0,406.18455540000286,,,,,,,,,406.1708040999947,406.18455540000286,406.66890579999017,406.66890579999017,406.968297600004,407.2686760999932,407.2686760999932,407.8193947999971,right,1,0.5371638000069652,None,,,,02,001,2025-11-14_20h16.24.165,cueing_task_exp,,2025.1.1,59.704664904256454,2025-11-14 20h16.34.643965 +0530,
←,-0.5,valid,left,227,7,22,right,0,0.9739678000041749,None,22,7,227,1,407.83358799999405,,,,,,,,,407.82231459999457,407.83358799999405,408.3180799999973,408.3180799999973,408.61888159999216,408.91921579999325,408.91921579999325,409.90203729999484,right,0,0.9739678000041749,None,,,,02,001,2025-11-14_20h16.24.165,cueing_task_exp,,2025.1.1,59.704664904256454,2025-11-14 20h16.34.643965 +0530,
←,-0.5,valid,left,228,8,22,left,1,1.6064230000047246,None,22,8,228,6,409.91849029999867,,,,,,,,,409.90248019999126,409.91849029999867,410.4017776999972,410.4017776999972,410.7011543999979,411.00199829999474,411.00199829999474,412.6188583000039,left,1,1.6064230000047246,None,,,,02,001,2025-11-14_20h16.24.165,cueing_task_exp,,2025.1.1,59.704664904256454,2025-11-14 20h16.34.643965 +0530,
←,0.5,invalid,right,229,9,22,right,1,1.2266104000009364,None,22,9,229,9,412.6351311999897,,,,,,,,,412.6193132999906,412.6351311999897,413.11792190000415,413.11792190000415,413.4188934999984,413.7179654999927,413.7179654999927,414.9521042999986,right,1,1.2266104000009364,None,,,,02,001,2025-11-14_20h16.24.165,cueing_task_exp,,2025.1.1,59.704664904256454,2025-11-14 20h16.34.643965 +0530,
←,-0.5,valid,left,230,0,23,left,1,0.8103567000071052,None,23,0,230,1,414.96723329999077,,,,,,,,,414.95257259999926,414.96723329999077,415.4520113999897,415.4520113999897,415.7520167000039,416.0527710000024,416.0527710000024,416.8686591000005,left,1,0.8103567000071052,None,,,,02,001,2025-11-14_20h16.24.165,cueing_task_exp,,2025.1.1,59.704664904256454,2025-11-14 20h16.34.643965 +0530,
→,0.5,valid,right,231,1,23,right,1,0.39689639999414794,None,23,1,231,0,416.8852992000029,,,,,,,,,416.8709946000017,416.8852992000029,417.3689710999897,417.3689710999897,417.6686611000041,417.9681492999953,417.9681492999953,418.3681301000033,right,1,0.39689639999414794,None,,,,02,001,2025-11-14_20h16.24.165,cueing_task_exp,,2025.1.1,59.704664904256454,2025-11-14 20h16.34.643965 +0530,
←,-0.5,valid,left,232,2,23,left,1,0.8753642000083346,None,23,2,232,4,418.38500529999146,,,,,,,,,418.3707302999974,418.38500529999146,418.86739139999554,418.86739139999554,419.1691054999974,419.46886149999045,419.46886149999045,420.35292930000287,left,1,0.8753642000083346,None,,,,02,001,2025-11-14_20h16.24.165,cueing_task_exp,,2025.1.1,59.704664904256454,2025-11-14 20h16.34.643965 +0530,
→,0.5,valid,right,233,3,23,right,1,0.47347469998931047,None,23,3,233,3,420.36707049999677,,,,,,,,,420.3556604000041,420.36707049999677,420.8525529999897,420.8525529999897,421.168969499995,421.45232589999796,421.45232589999796,421.93480299999646,right,1,0.47347469998931047,None,,,,02,001,2025-11-14_20h16.24.165,cueing_task_exp,,2025.1.1,59.704664904256454,2025-11-14 20h16.34.643965 +0530,
→,0.5,valid,right,234,4,23,right,1,0.62658250000095,None,23,4,234,7,421.9521098999976,,,,,,,,,421.9352641000005,421.9521098999976,422.4361363999924,422.4361363999924,422.7348803999921,423.0341194999928,423.0341194999928,423.6680823999923,right,1,0.62658250000095,None,,,,02,001,2025-11-14_20h16.24.165,cueing_task_exp,,2025.1.1,59.704664904256454,2025-11-14 20h16.34.643965 +0530,
←,-0.5,valid,left,235,5,23,left,1,0.5343145000078948,None,23,5,235,5,423.68398349999916,,,,,,,,,423.6706145999924,423.68398349999916,424.1691531999968,424.1691531999968,424.469139599998,424.767340099992,424.767340099992,425.3181721000001,left,1,0.5343145000078948,None,,,,02,001,2025-11-14_20h16.24.165,cueing_task_exp,,2025.1.1,59.704664904256454,2025-11-14 20h16.34.643965 +0530,
→,0.5,valid,right,236,6,23,right,1,0.6584977000020444,None,23,6,236,2,425.335401999997,,,,,,,,,425.32033459999366,425.335401999997,425.81886129999475,425.81886129999475,426.119228399999,426.4191964999918,426.4191964999918,427.0862056000042,right,1,0.6584977000020444,None,,,,02,001,2025-11-14_20h16.24.165,cueing_task_exp,,2025.1.1,59.704664904256454,2025-11-14 20h16.34.643965 +0530,
→,-0.5,invalid,left,237,7,23,left,1,1.2935300000099232,None,23,7,237,8,427.1014182999934,,,,,,,,,427.0867306,427.1014182999934,427.60246549999283,427.60246549999283,427.8860768000013,428.18567500000063,428.18567500000063,429.4846963000018,left,1,1.2935300000099232,None,,,,02,001,2025-11-14_20h16.24.165,cueing_task_exp,,2025.1.1,59.704664904256454,2025-11-14 20h16.34.643965 +0530,
←,0.5,invalid,right,238,8,23,right,1,0.8449718999909237,None,23,8,238,9,429.5014916999935,,,,,,,,,429.4869261999993,429.5014916999935,429.98595339999883,429.98595339999883,430.28625869999814,430.5857791000017,430.5857791000017,431.4350212999998,right,1,0.8449718999909237,None,,,,02,001,2025-11-14_20h16.24.165,cueing_task_exp,,2025.1.1,59.704664904256454,2025-11-14 20h16.34.643965 +0530,
←,-0.5,valid,left,239,9,23,left,1,0.7231646999862278,None,23,9,239,6,431.4514768999943,,,,,,,,,431.4354919000034,431.4514768999943,431.9415991999995,431.9415991999995,432.23451779999596,432.5343309000018,432.5343309000018,433.2685730999947,left,1,0.7231646999862278,None,,,,02,001,2025-11-14_20h16.24.165,cueing_task_exp,,2025.1.1,59.704664904256454,2025-11-14 20h16.34.643965 +0530,
→,-0.5,invalid,left,240,0,24,left,1,1.2197241999965627,None,24,0,240,8,433.28592429999844,,,,,,,,,433.2711128999945,433.28592429999844,433.76819799999066,433.76819799999066,434.06966130000365,434.36934170000313,434.36934170000313,435.60272090000217,left,1,1.2197241999965627,None,,,,02,001,2025-11-14_20h16.24.165,cueing_task_exp,,2025.1.1,59.704664904256454,2025-11-14 20h16.34.643965 +0530,
→,0.5,valid,right,241,1,24,right,1,1.0852156999899307,None,24,1,241,7,435.61864539999806,,,,,,,,,435.603179800004,435.61864539999806,436.11941259999,436.11941259999,436.41921969999385,436.70237919999636,436.70237919999636,437.8015125999955,right,1,1.0852156999899307,None,,,,02,001,2025-11-14_20h16.24.165,cueing_task_exp,,2025.1.1,59.704664904256454,2025-11-14 20h16.34.643965 +0530,
←,-0.5,valid,left,242,2,24,left,1,0.8168809000053443,None,24,2,242,6,437.8180460000003,,,,,,,,,437.804077599998,437.8180460000003,438.3023470999906,438.3023470999906,438.6009511000011,438.9026248000009,438.9026248000009,439.73477470000216,left,1,0.8168809000053443,None,,,,02,001,2025-11-14_20h16.24.165,cueing_task_exp,,2025.1.1,59.704664904256454,2025-11-14 20h16.34.643965 +0530,
→,0.5,valid,right,243,3,24,right,1,0.2965612999978475,None,24,3,243,2,439.75091899999825,,,,,,,,,439.7369361000019,439.75091899999825,440.234269499997,440.234269499997,440.5362075000012,440.8360410000023,440.8360410000023,441.13578399999824,right,1,0.2965612999978475,None,,,,02,001,2025-11-14_20h16.24.165,cueing_task_exp,,2025.1.1,59.704664904256454,2025-11-14 20h16.34.643965 +0530,
←,0.5,invalid,right,244,4,24,right,1,1.3424425999983214,None,24,4,244,9,441.15084529999876,,,,,,,,,441.13792320000357,441.15084529999876,441.63603460000013,441.63603460000013,441.93547379999654,442.2365046999912,442.2365046999912,443.5858778999973,right,1,1.3424425999983214,None,,,,02,001,2025-11-14_20h16.24.165,cueing_task_exp,,2025.1.1,59.704664904256454,2025-11-14 20h16.34.643965 +0530,
←,-0.5,valid,left,245,5,24,left,1,0.46372990000236314,None,24,5,245,4,443.601001899995,,,,,,,,,443.5863485000009,443.601001899995,444.08546950000164,444.08546950000164,444.3853761999926,444.6859506999899,444.6859506999899,445.15210269999807,left,1,0.46372990000236314,None,,,,02,001,2025-11-14_20h16.24.165,cueing_task_exp,,2025.1.1,59.704664904256454,2025-11-14 20h16.34.643965 +0530,
←,-0.5,valid,left,246,6,24,left,1,0.2851704999920912,None,24,6,246,5,445.16763559999526,,,,,,,,,445.1525687999965,445.16763559999526,445.65250299999025,445.65250299999025,445.952604399994,446.2522920999909,446.2522920999909,446.5540364999906,left,1,0.2851704999920912,None,,,,02,001,2025-11-14_20h16.24.165,cueing_task_exp,,2025.1.1,59.704664904256454,2025-11-14 20h16.34.643965 +0530,
←,-0.5,valid,left,247,7,24,left,1,0.2422392000007676,None,24,7,247,1,446.56884130000253,,,,,,,,,446.55455059999076,446.56884130000253,447.06944359999034,447.06944359999034,447.3676503000024,447.6696615999972,447.6696615999972,447.9192189000023,left,1,0.2422392000007676,None,,,,02,001,2025-11-14_20h16.24.165,cueing_task_exp,,2025.1.1,59.704664904256454,2025-11-14 20h16.34.643965 +0530,
→,0.5,valid,right,248,8,24,right,1,0.4175124999892432,None,24,8,248,3,447.93632490000164,,,,,,,,,447.9218292000005,447.93632490000164,448.4359221999912,448.4359221999912,448.71955680000247,449.0199494999979,449.0199494999979,449.45195249999233,right,1,0.4175124999892432,None,,,,02,001,2025-11-14_20h16.24.165,cueing_task_exp,,2025.1.1,59.704664904256454,2025-11-14 20h16.34.643965 +0530,
→,0.5,valid,right,249,9,24,right,1,0.3376683999958914,None,24,9,249,0,449.469694799991,,,,,,,,,449.4524173999962,449.469694799991,449.95287819999794,449.95287819999794,450.2526448999997,450.55283089999284,450.55283089999284,450.90261949998967,right,1,0.3376683999958914,None,,,,02,001,2025-11-14_20h16.24.165,cueing_task_exp,,2025.1.1,59.704664904256454,2025-11-14 20h16.34.643965 +0530,
→,0.5,valid,right,250,0,25,right,1,0.09137399999599438,None,25,0,250,3,450.9197223999945,,,,,,,,,450.90306349999446,450.9197223999945,451.40297460000147,451.40297460000147,451.71963490000053,452.0201334000012,452.0201334000012,452.1189810999931,right,1,0.09137399999599438,None,,,,02,001,2025-11-14_20h16.24.165,cueing_task_exp,,2025.1.1,59.704664904256454,2025-11-14 20h16.34.643965 +0530,
←,-0.5,valid,left,251,1,25,left,1,0.5222363000066252,None,25,1,251,5,452.1349168000015,,,,,,,,,452.1213327000005,452.1349168000015,452.6195643999963,452.6195643999963,452.91867469999124,453.21986959999776,453.21986959999776,453.7520971999911,left,1,0.5222363000066252,None,,,,02,001,2025-11-14_20h16.24.165,cueing_task_exp,,2025.1.1,59.704664904256454,2025-11-14 20h16.34.643965 +0530,
→,-0.5,invalid,left,252,2,25,left,1,1.4490065999998478,None,25,2,252,8,453.7685235999961,,,,,,,,,453.75422859999526,453.7685235999961,454.2531100999913,454.2531100999913,454.5512902999908,454.85107429999334,454.85107429999334,456.30294049999793,left,1,1.4490065999998478,None,,,,02,001,2025-11-14_20h16.24.165,cueing_task_exp,,2025.1.1,59.704664904256454,2025-11-14 20h16.34.643965 +0530,
→,0.5,valid,right,253,3,25,right,1,0.28904469999542926,None,25,3,253,0,456.3180674000032,,,,,,,,,456.30363129999023,456.3180674000032,456.8023906000017,456.8023906000017,457.1027345999901,457.4020235999924,457.4020235999924,457.7022533999989,right,1,0.28904469999542926,None,,,,02,001,2025-11-14_20h16.24.165,cueing_task_exp,,2025.1.1,59.704664904256454,2025-11-14 20h16.34.643965 +0530,
→,0.5,valid,right,254,4,25,right,1,0.26877819999936037,None,25,4,254,2,457.71926469999016,,,,,,,,,457.7027592999948,457.71926469999016,458.2026352999965,458.2026352999965,458.5019118999917,458.8196028999955,458.8196028999955,459.1026267999987,right,1,0.26877819999936037,None,,,,02,001,2025-11-14_20h16.24.165,cueing_task_exp,,2025.1.1,59.704664904256454,2025-11-14 20h16.34.643965 +0530,
←,0.5,invalid,right,255,5,25,right,1,1.3864763000019593,None,25,5,255,9,459.11937339999713,,,,,,,,,459.10500070000126,459.11937339999713,459.6024613999907,459.6024613999907,459.9188933999976,460.20257310000306,460.20257310000306,461.6027474000002,right,1,1.3864763000019593,None,,,,02,001,2025-11-14_20h16.24.165,cueing_task_exp,,2025.1.1,59.704664904256454,2025-11-14 20h16.34.643965 +0530,
←,-0.5,valid,left,256,6,25,left,1,0.6168952000007266,None,25,6,256,1,461.61945050000213,,,,,,,,,461.60321359999944,461.61945050000213,462.10271289999946,462.10271289999946,462.40321279999625,462.7030470000027,462.7030470000027,463.33620659999724,left,1,0.6168952000007266,None,,,,02,001,2025-11-14_20h16.24.165,cueing_task_exp,,2025.1.1,59.704664904256454,2025-11-14 20h16.34.643965 +0530,
←,-0.5,valid,left,257,7,25,left,1,0.3752327999973204,None,25,7,257,4,463.35204019999946,,,,,,,,,463.33665699999256,463.35204019999946,463.83530540000356,463.83530540000356,464.1360155000002,464.4358465999976,464.4358465999976,464.8206038999924,left,1,0.3752327999973204,None,,,,02,001,2025-11-14_20h16.24.165,cueing_task_exp,,2025.1.1,59.704664904256454,2025-11-14 20h16.34.643965 +0530,
→,0.5,valid,right,258,8,25,right,1,0.5572321999934502,None,25,8,258,7,464.83509680000134,,,,,,,,,464.82303169999796,464.83509680000134,465.3359802999912,465.3359802999912,465.6365439999936,465.93657639999583,465.93657639999583,466.5037185999972,right,1,0.5572321999934502,None,,,,02,001,2025-11-14_20h16.24.165,cueing_task_exp,,2025.1.1,59.704664904256454,2025-11-14 20h16.34.643965 +0530,
←,-0.5,valid,left,259,9,25,left,1,0.29116450001311023,None,25,9,259,6,466.51804559999437,,,,,,,,,466.50613569999405,466.51804559999437,467.01987469999585,467.01987469999585,467.30288419999124,467.6192818999989,467.6192818999989,467.9196299000032,left,1,0.29116450001311023,None,,,,02,001,2025-11-14_20h16.24.165,cueing_task_exp,,2025.1.1,59.704664904256454,2025-11-14 20h16.34.643965 +0530,
←,-0.5,valid,left,260,0,26,left,1,0.2684432999958517,None,26,0,260,5,467.9349933999911,,,,,,,,,467.92006930000207,467.9349933999911,468.4186305000039,468.4186305000039,468.72018409999146,469.0199140999903,469.0199140999903,469.30219390000275,left,1,0.2684432999958517,None,,,,02,001,2025-11-14_20h16.24.165,cueing_task_exp,,2025.1.1,59.704664904256454,2025-11-14 20h16.34.643965 +0530,
←,-0.5,valid,left,261,1,26,left,1,0.2415603999979794,None,26,1,261,1,469.3186851999926,,,,,,,,,469.30268819999765,469.3186851999926,469.8030704999983,469.8030704999983,470.1028015999909,470.4025787999999,470.4025787999999,470.653006499997,left,1,0.2415603999979794,None,,,,02,001,2025-11-14_20h16.24.165,cueing_task_exp,,2025.1.1,59.704664904256454,2025-11-14 20h16.34.643965 +0530,
→,0.5,valid,right,262,2,26,right,1,0.8442968000017572,None,26,2,262,7,470.6686991000024,,,,,,,,,470.65521169999556,470.6686991000024,471.1529531999986,471.1529531999986,471.45327270000416,471.75215780000144,471.75215780000144,472.6023945999914,right,1,0.8442968000017572,None,,,,02,001,2025-11-14_20h16.24.165,cueing_task_exp,,2025.1.1,59.704664904256454,2025-11-14 20h16.34.643965 +0530,
←,-0.5,valid,left,263,3,26,left,1,0.4681482000014512,None,26,3,263,4,472.6195776999957,,,,,,,,,472.605487599998,472.6195776999957,473.1030147999991,473.1030147999991,473.4027262000018,473.7015195999993,473.7015195999993,474.18577329999243,left,1,0.4681482000014512,None,,,,02,001,2025-11-14_20h16.24.165,cueing_task_exp,,2025.1.1,59.704664904256454,2025-11-14 20h16.34.643965 +0530,
←,-0.5,valid,left,264,4,26,left,1,0.4492047999956412,None,26,4,264,6,474.2033487000008,,,,,,,,,474.18622000000323,474.2033487000008,474.68659349999507,474.68659349999507,474.9866161999962,475.286683600003,475.286683600003,475.7524628999963,left,1,0.4492047999956412,None,,,,02,001,2025-11-14_20h16.24.165,cueing_task_exp,,2025.1.1,59.704664904256454,2025-11-14 20h16.34.643965 +0530,
→,-0.5,invalid,left,265,5,26,left,1,0.5505990000092424,None,26,5,265,8,475.7691307999921,,,,,,,,,475.7547379000025,475.7691307999921,476.2531089999975,476.2531089999975,476.5527560999908,476.8528699000017,476.8528699000017,477.4192375999992,left,1,0.5505990000092424,None,,,,02,001,2025-11-14_20h16.24.165,cueing_task_exp,,2025.1.1,59.704664904256454,2025-11-14 20h16.34.643965 +0530,
→,0.5,valid,right,266,6,26,right,1,0.9841059000027599,None,26,6,266,0,477.43539379999856,,,,,,,,,477.41968500000075,477.43539379999856,477.9201415999996,477.9201415999996,478.21965210000053,478.520105299991,478.520105299991,479.5198481999978,right,1,0.9841059000027599,None,,,,02,001,2025-11-14_20h16.24.165,cueing_task_exp,,2025.1.1,59.704664904256454,2025-11-14 20h16.34.643965 +0530,
←,0.5,invalid,right,267,7,26,right,1,1.1257794999983162,None,26,7,267,9,479.5364382999978,,,,,,,,,479.5220207999955,479.5364382999978,480.0202241999941,480.0202241999941,480.31947489999584,480.61978429999726,480.61978429999726,481.75412129999313,right,1,1.1257794999983162,None,,,,02,001,2025-11-14_20h16.24.165,cueing_task_exp,,2025.1.1,59.704664904256454,2025-11-14 20h16.34.643965 +0530,
→,0.5,valid,right,268,8,26,right,1,0.3297228000010364,None,26,8,268,2,481.76831319999474,,,,,,,,,481.756524299999,481.76831319999474,482.25279549999686,482.25279549999686,482.5534946999978,482.8533782000013,482.8533782000013,483.186489899992,right,1,0.3297228000010364,None,,,,02,001,2025-11-14_20h16.24.165,cueing_task_exp,,2025.1.1,59.704664904256454,2025-11-14 20h16.34.643965 +0530,
→,0.5,valid,right,269,9,26,right,1,0.012681899999734014,None,26,9,269,3,483.2023792999971,,,,,,,,,483.18694489999325,483.2023792999971,483.6869614000025,483.6869614000025,484.0030296999903,484.3029746999964,484.3029746999964,484.3199472999986,right,1,0.012681899999734014,None,,,,02,001,2025-11-14_20h16.24.165,cueing_task_exp,,2025.1.1,59.704664904256454,2025-11-14 20h16.34.643965 +0530,
→,-0.5,invalid,left,270,0,27,left,1,1.4749968000105582,None,27,0,270,8,484.3364561999915,,,,,,,,,484.3206222000008,484.3364561999915,484.8201646999951,484.8201646999951,485.1199767999933,485.42016819999844,485.42016819999844,486.90256509999745,left,1,1.4749968000105582,None,,,,02,001,2025-11-14_20h16.24.165,cueing_task_exp,,2025.1.1,59.704664904256454,2025-11-14 20h16.34.643965 +0530,
→,0.5,valid,right,271,1,27,right,1,0.5791655000066385,None,27,1,271,2,486.9201835999993,,,,,,,,,486.90301660000114,486.9201835999993,487.4035028999933,487.4035028999933,487.70251269999426,488.003023199999,488.003023199999,488.58732629999577,right,1,0.5791655000066385,None,,,,02,001,2025-11-14_20h16.24.165,cueing_task_exp,,2025.1.1,59.704664904256454,2025-11-14 20h16.34.643965 +0530,
←,0.5,invalid,right,272,2,27,right,1,0.8150499000039417,None,27,2,272,9,488.6029286999983,,,,,,,,,488.5898712999915,488.6029286999983,489.0855758999969,489.0855758999969,489.38680520000344,489.68662900000345,489.68662900000345,490.5032202000002,right,1,0.8150499000039417,None,,,,02,001,2025-11-14_20h16.24.165,cueing_task_exp,,2025.1.1,59.704664904256454,2025-11-14 20h16.34.643965 +0530,
→,0.5,valid,right,273,3,27,right,1,1.0081570000038482,None,27,3,273,7,490.5185377000016,,,,,,,,,490.5056099999929,490.5185377000016,491.00258909999684,491.00258909999684,491.30199859999993,491.6031190999929,491.6031190999929,492.6195740999974,right,1,1.0081570000038482,None,,,,02,001,2025-11-14_20h16.24.165,cueing_task_exp,,2025.1.1,59.704664904256454,2025-11-14 20h16.34.643965 +0530,
→,0.5,valid,right,274,4,27,right,1,0.3413613000011537,None,27,4,274,3,492.63648469999316,,,,,,,,,492.62003439999535,492.63648469999316,493.11947799999325,493.11947799999325,493.4194878999988,493.719210700001,493.719210700001,494.07015669999237,right,1,0.3413613000011537,None,,,,02,001,2025-11-14_20h16.24.165,cueing_task_exp,,2025.1.1,59.704664904256454,2025-11-14 20h16.34.643965 +0530,
←,-0.5,valid,left,275,5,27,left,1,0.5626058999914676,None,27,5,275,1,494.0854576999991,,,,,,,,,494.0723227999988,494.0854576999991,494.5703472000023,494.5703472000023,494.8700310999993,495.1703415999946,495.1703415999946,495.7367873000039,left,1,0.5626058999914676,None,,,,02,001,2025-11-14_20h16.24.165,cueing_task_exp,,2025.1.1,59.704664904256454,2025-11-14 20h16.34.643965 +0530,
←,-0.5,valid,left,276,6,27,left,1,0.4115574000024935,None,27,6,276,4,495.7520339000039,,,,,,,,,495.7372380000015,495.7520339000039,496.2371615000011,496.2371615000011,496.53614599999855,496.8365197999956,496.8365197999956,497.2532929000008,left,1,0.4115574000024935,None,,,,02,001,2025-11-14_20h16.24.165,cueing_task_exp,,2025.1.1,59.704664904256454,2025-11-14 20h16.34.643965 +0530,
←,-0.5,valid,left,277,7,27,left,1,0.1662254000111716,None,27,7,277,6,497.26894609999727,,,,,,,,,497.2537416999985,497.26894609999727,497.753515599994,497.753515599994,498.0533209999994,498.3526275999902,498.3526275999902,498.5207897999935,left,1,0.1662254000111716,None,,,,02,001,2025-11-14_20h16.24.165,cueing_task_exp,,2025.1.1,59.704664904256454,2025-11-14 20h16.34.643965 +0530,
→,0.5,valid,right,278,8,27,right,1,0.8832015000079991,None,27,8,278,0,498.5348673999979,,,,,,,,,498.5238416999928,498.5348673999979,499.0203057999897,499.0203057999897,499.32017619999533,499.6207333999919,499.6207333999919,500.51940629999444,right,1,0.8832015000079991,None,,,,02,001,2025-11-14_20h16.24.165,cueing_task_exp,,2025.1.1,59.704664904256454,2025-11-14 20h16.34.643965 +0530,
←,-0.5,valid,left,279,9,27,left,1,0.7718124999955762,None,27,9,279,5,500.53679319999355,,,,,,,,,500.52159999999276,500.53679319999355,501.02050600000075,501.02050600000075,501.32004379999125,501.61928250000346,501.61928250000346,502.4037757999904,left,1,0.7718124999955762,None,,,,02,001,2025-11-14_20h16.24.165,cueing_task_exp,,2025.1.1,59.704664904256454,2025-11-14 20h16.34.643965 +0530,
←,-0.5,valid,left,280,0,28,left,1,0.4562360000127228,None,28,0,280,4,502.42017739999574,,,,,,,,,502.40421900000365,502.42017739999574,502.90348369999265,502.90348369999265,503.20322860000306,503.51982610000414,503.51982610000414,503.9864430000016,left,1,0.4562360000127228,None,,,,02,001,2025-11-14_20h16.24.165,cueing_task_exp,,2025.1.1,59.704664904256454,2025-11-14 20h16.34.643965 +0530,
→,0.5,valid,right,281,1,28,right,1,0.5908067999989726,None,28,1,281,3,504.00256189999345,,,,,,,,,503.98861939999915,504.00256189999345,504.4860970000009,504.4860970000009,504.7874340999988,505.0873525999923,505.0873525999923,505.6878466999915,right,1,0.5908067999989726,None,,,,02,001,2025-11-14_20h16.24.165,cueing_task_exp,,2025.1.1,59.704664904256454,2025-11-14 20h16.34.643965 +0530,
←,-0.5,valid,left,282,2,28,left,1,0.30400420000660233,None,28,2,282,6,505.70165049999196,,,,,,,,,505.69045870000264,505.70165049999196,506.187202599991,506.187202599991,506.50378469999123,506.8039435999963,506.8039435999963,507.1206269999966,left,1,0.30400420000660233,None,,,,02,001,2025-11-14_20h16.24.165,cueing_task_exp,,2025.1.1,59.704664904256454,2025-11-14 20h16.34.643965 +0530,
←,-0.5,valid,left,283,3,28,left,1,1.886286499997368,None,28,3,283,1,507.13668899999175,,,,,,,,,507.12107059999835,507.13668899999175,507.6205818000017,507.6205818000017,507.9371689999971,508.21879759999865,508.21879759999865,510.1201846999902,left,1,1.886286499997368,None,,,,02,001,2025-11-14_20h16.24.165,cueing_task_exp,,2025.1.1,59.704664904256454,2025-11-14 20h16.34.643965 +0530,
←,0.5,invalid,right,284,4,28,right,1,0.9610610000090674,None,28,4,284,9,510.1365209999931,,,,,,,,,510.12067340000067,510.1365209999931,510.6193685999897,510.6193685999897,510.92033710000396,511.2186256999994,511.2186256999994,512.1864845999953,right,1,0.9610610000090674,None,,,,02,001,2025-11-14_20h16.24.165,cueing_task_exp,,2025.1.1,59.704664904256454,2025-11-14 20h16.34.643965 +0530,
→,-0.5,invalid,left,285,5,28,left,1,0.925382500005071,None,28,5,285,8,512.2027567000041,,,,,,,,,512.1887469999929,512.2027567000041,512.687729199999,512.687729199999,512.9866898000037,513.2862855999992,513.2862855999992,514.2213959999935,left,1,0.925382500005071,None,,,,02,001,2025-11-14_20h16.24.165,cueing_task_exp,,2025.1.1,59.704664904256454,2025-11-14 20h16.34.643965 +0530,
→,0.5,valid,right,286,6,28,right,1,1.3223979999893345,None,28,6,286,7,514.235526199991,,,,,,,,,514.2221434999956,514.235526199991,514.7364089000039,514.7364089000039,515.0374267000007,515.3204331000015,515.3204331000015,516.653707599995,right,1,1.3223979999893345,None,,,,02,001,2025-11-14_20h16.24.165,cueing_task_exp,,2025.1.1,59.704664904256454,2025-11-14 20h16.34.643965 +0530,
→,0.5,valid,right,287,7,28,right,1,0.383470100001432,None,28,7,287,0,516.6704702999996,,,,,,,,,516.6541552999988,516.6704702999996,517.1539236999961,517.1539236999961,517.4530143000011,517.7534748999897,517.7534748999897,518.1533392999991,right,1,0.383470100001432,None,,,,02,001,2025-11-14_20h16.24.165,cueing_task_exp,,2025.1.1,59.704664904256454,2025-11-14 20h16.34.643965 +0530,
←,-0.5,valid,left,288,8,28,left,1,0.6502043000073172,None,28,8,288,5,518.1711170999915,,,,,,,,,518.155877600002,518.1711170999915,518.6541440000001,518.6541440000001,518.9539045999991,519.254019400003,519.254019400003,519.9204315999959,left,1,0.6502043000073172,None,,,,02,001,2025-11-14_20h16.24.165,cueing_task_exp,,2025.1.1,59.704664904256454,2025-11-14 20h16.34.643965 +0530,
→,0.5,valid,right,289,9,28,right,1,0.40748870000243187,None,28,9,289,2,519.9368818999938,,,,,,,,,519.9227671999979,519.9368818999938,520.4209237000032,520.4209237000032,520.720276299995,521.0371654999908,521.0371654999908,521.4539417999913,right,1,0.40748870000243187,None,,,,02,001,2025-11-14_20h16.24.165,cueing_task_exp,,2025.1.1,59.704664904256454,2025-11-14 20h16.34.643965 +0530,
→,0.5,valid,right,290,0,29,right,1,1.7167740000004414,None,29,0,290,0,521.4696896999958,,,,,,,,,521.4545512999903,521.4696896999958,521.9545500999957,521.9545500999957,522.2535193999938,522.5545519000007,522.5545519000007,524.2864902000001,right,1,1.7167740000004414,None,,,,02,001,2025-11-14_20h16.24.165,cueing_task_exp,,2025.1.1,59.704664904256454,2025-11-14 20h16.34.643965 +0530,
←,-0.5,valid,left,291,1,29,left,1,0.4967117999913171,None,29,1,291,4,524.3031742000021,,,,,,,,,524.2887809999957,524.3031742000021,524.7875387999957,524.7875387999957,525.0874783999898,525.387559499999,525.387559499999,525.8878456999955,left,1,0.4967117999913171,None,,,,02,001,2025-11-14_20h16.24.165,cueing_task_exp,,2025.1.1,59.704664904256454,2025-11-14 20h16.34.643965 +0530,
←,0.5,invalid,right,292,2,29,right,1,0.4835486999945715,None,29,2,292,9,525.9026296999946,,,,,,,,,525.888357399992,525.9026296999946,526.3872995999991,526.3872995999991,526.6876400000037,526.9877456999966,526.9877456999966,527.4866401999898,right,1,0.4835486999945715,None,,,,02,001,2025-11-14_20h16.24.165,cueing_task_exp,,2025.1.1,59.704664904256454,2025-11-14 20h16.34.643965 +0530,
→,0.5,valid,right,293,3,29,right,1,0.6070880000042962,None,29,3,293,3,527.5042149999936,,,,,,,,,527.4892260999914,527.5042149999936,527.9873611999938,527.9873611999938,528.287059299997,528.6041643999924,528.6041643999924,529.2208639000019,right,1,0.6070880000042962,None,,,,02,001,2025-11-14_20h16.24.165,cueing_task_exp,,2025.1.1,59.704664904256454,2025-11-14 20h16.34.643965 +0530,
←,-0.5,valid,left,294,4,29,left,1,0.5151742000016384,None,29,4,294,1,529.236076000001,,,,,,,,,529.2231854999991,529.236076000001,529.7375850999961,529.7375850999961,530.0209297999972,530.3204714000021,530.3204714000021,530.8371646000014,left,1,0.5151742000016384,None,,,,02,001,2025-11-14_20h16.24.165,cueing_task_exp,,2025.1.1,59.704664904256454,2025-11-14 20h16.34.643965 +0530,
←,-0.5,valid,left,295,5,29,left,1,1.275160600009258,None,29,5,295,6,530.8535351000028,,,,,,,,,530.8376217999903,530.8535351000028,531.3542928999959,531.3542928999959,531.637195599993,531.9370531000022,531.9370531000022,533.2221032999951,left,1,1.275160600009258,None,,,,02,001,2025-11-14_20h16.24.165,cueing_task_exp,,2025.1.1,59.704664904256454,2025-11-14 20h16.34.643965 +0530,
←,-0.5,valid,left,296,6,29,left,1,0.7230106999923009,None,29,6,296,5,533.2360075000033,,,,,,,,,533.2230355999927,533.2360075000033,533.7377115999989,533.7377115999989,534.0371217999927,534.3363307999971,534.3363307999971,535.0710435999936,left,1,0.7230106999923009,None,,,,02,001,2025-11-14_20h16.24.165,cueing_task_exp,,2025.1.1,59.704664904256454,2025-11-14 20h16.34.643965 +0530,
→,0.5,valid,right,297,7,29,right,1,0.5149849000008544,None,29,7,297,2,535.0879057999991,,,,,,,,,535.0739013999992,535.0879057999991,535.5710419999959,535.5710419999959,535.8698737999948,536.1711677999992,536.1711677999992,536.6873320000013,right,1,0.5149849000008544,None,,,,02,001,2025-11-14_20h16.24.165,cueing_task_exp,,2025.1.1,59.704664904256454,2025-11-14 20h16.34.643965 +0530,
→,0.5,valid,right,298,8,29,right,1,0.9688057000021217,None,29,8,298,7,536.7022655999899,,,,,,,,,536.6878311999899,536.7022655999899,537.1868462999992,537.1868462999992,537.4878143999958,537.7872950000019,537.7872950000019,538.7708404000005,right,1,0.9688057000021217,None,,,,02,001,2025-11-14_20h16.24.165,cueing_task_exp,,2025.1.1,59.704664904256454,2025-11-14 20h16.34.643965 +0530,
→,-0.5,invalid,left,299,9,29,left,1,0.9399429000040982,None,29,9,299,8,538.7861096999986,,,,,,,,,538.7715523999941,538.7861096999986,539.2712155999907,539.2712155999907,539.5711857999995,539.8709426999994,539.8709426999994,540.8203189999913,left,1,0.9399429000040982,None,,,,02,001,2025-11-14_20h16.24.165,cueing_task_exp,,2025.1.1,59.704664904256454,2025-11-14 20h16.34.643965 +0530,
→,-0.5,invalid,left,300,0,30,left,1,1.6646755000110716,None,30,0,300,8,540.8366363999958,,,,,,,,,540.8208233999903,540.8366363999958,541.3206207999901,541.3206207999901,541.621152199994,541.921211199995,541.921211199995,543.5875486000004,left,1,1.6646755000110716,None,,,,02,001,2025-11-14_20h16.24.165,cueing_task_exp,,2025.1.1,59.704664904256454,2025-11-14 20h16.34.643965 +0530,
→,0.5,valid,right,301,1,30,right,1,0.3945073999930173,None,30,1,301,3,543.6028622000013,,,,,,,,,543.5880113000021,543.6028622000013,544.0867583999934,544.0867583999934,544.3871477999928,544.6882656999951,544.6882656999951,545.0873878999992,right,1,0.3945073999930173,None,,,,02,001,2025-11-14_20h16.24.165,cueing_task_exp,,2025.1.1,59.704664904256454,2025-11-14 20h16.34.643965 +0530,
←,-0.5,valid,left,302,2,30,left,1,0.3797892000002321,None,30,2,302,5,545.1043506999995,,,,,,,,,545.0897175999999,545.1043506999995,545.5872101999994,545.5872101999994,545.8868493999908,546.2045437999914,546.2045437999914,546.5872997999977,left,1,0.3797892000002321,None,,,,02,001,2025-11-14_20h16.24.165,cueing_task_exp,,2025.1.1,59.704664904256454,2025-11-14 20h16.34.643965 +0530,
→,0.5,valid,right,303,3,30,right,1,0.34179460001178086,None,30,3,303,7,546.6026323999977,,,,,,,,,546.5906340999936,546.6026323999977,547.0865340000018,547.0865340000018,547.3869626999949,547.6863059000025,547.6863059000025,548.0385520999989,right,1,0.34179460001178086,None,,,,02,001,2025-11-14_20h16.24.165,cueing_task_exp,,2025.1.1,59.704664904256454,2025-11-14 20h16.34.643965 +0530,
→,0.5,valid,right,304,4,30,right,1,0.5641968999989331,None,30,4,304,2,548.053485299999,,,,,,,,,548.0390675999952,548.053485299999,548.5542061000015,548.5542061000015,548.8376656999899,549.1368629999924,549.1368629999924,549.7041576999909,right,1,0.5641968999989331,None,,,,02,001,2025-11-14_20h16.24.165,cueing_task_exp,,2025.1.1,59.704664904256454,2025-11-14 20h16.34.643965 +0530,
←,-0.5,valid,left,305,5,30,left,1,0.3222907000017585,None,30,5,305,4,549.7196473999938,,,,,,,,,549.7063656999962,549.7196473999938,550.2045829999988,550.2045829999988,550.5045811000018,550.8040239999973,550.8040239999973,551.1376419000007,left,1,0.3222907000017585,None,,,,02,001,2025-11-14_20h16.24.165,cueing_task_exp,,2025.1.1,59.704664904256454,2025-11-14 20h16.34.643965 +0530,
←,-0.5,valid,left,306,6,30,left,1,0.2470982999948319,None,30,6,306,6,551.1541290000023,,,,,,,,,551.138146199999,551.1541290000023,551.6369121000025,551.6369121000025,551.9380676000001,552.2381489999971,552.2381489999971,552.4890280999971,left,1,0.2470982999948319,None,,,,02,001,2025-11-14_20h16.24.165,cueing_task_exp,,2025.1.1,59.704664904256454,2025-11-14 20h16.34.643965 +0530,
←,0.5,invalid,right,307,7,30,right,1,0.8192404000001261,None,30,7,307,9,552.5028785000031,,,,,,,,,552.4895074999949,552.5028785000031,553.0046846000041,553.0046846000041,553.3044236999995,553.6047630999965,553.6047630999965,554.4370603999996,right,1,0.8192404000001261,None,,,,02,001,2025-11-14_20h16.24.165,cueing_task_exp,,2025.1.1,59.704664904256454,2025-11-14 20h16.34.643965 +0530,
←,-0.5,valid,left,308,8,30,left,1,0.8028017999895383,None,30,8,308,1,554.4546690999996,,,,,,,,,554.4378186999966,554.4546690999996,554.9366900000023,554.9366900000023,555.2378592000023,555.536798599991,555.536798599991,556.3545493999991,left,1,0.8028017999895383,None,,,,02,001,2025-11-14_20h16.24.165,cueing_task_exp,,2025.1.1,59.704664904256454,2025-11-14 20h16.34.643965 +0530,
→,0.5,valid,right,309,9,30,right,1,0.3990676999965217,None,30,9,309,0,556.3709420999949,,,,,,,,,556.3568620000005,556.3709420999949,556.8541985999909,556.8541985999909,557.1544625999959,557.4547141999938,557.4547141999938,557.8547927999898,right,1,0.3990676999965217,None,,,,02,001,2025-11-14_20h16.24.165,cueing_task_exp,,2025.1.1,59.704664904256454,2025-11-14 20h16.34.643965 +0530,
←,-0.5,valid,left,310,0,31,left,1,4.859568599989871,None,31,0,310,5,557.8692274999921,,,,,,,,,557.8573127999989,557.8692274999921,558.3546533999906,558.3546533999906,558.6536240999994,558.9545695999986,558.9545695999986,563.8218656999961,left,1,4.859568599989871,None,,,,02,001,2025-11-14_20h16.24.165,cueing_task_exp,,2025.1.1,59.704664904256454,2025-11-14 20h16.34.643965 +0530,
←,0.5,invalid,right,311,1,31,right,1,0.933680700007244,None,31,1,311,9,563.8370538000017,,,,,,,,,563.8223292999901,563.8370538000017,564.3208358999982,564.3208358999982,564.6216294999904,564.9215899999981,564.9215899999981,565.8711429999967,right,1,0.933680700007244,None,,,,02,001,2025-11-14_20h16.24.165,cueing_task_exp,,2025.1.1,59.704664904256454,2025-11-14 20h16.34.643965 +0530,
→,0.5,valid,right,312,2,31,right,1,2.0448827000072924,None,31,2,312,0,565.8868335000006,,,,,,,,,565.8733030000003,565.8868335000006,566.3719455999963,566.3719455999963,566.6715911999927,566.9710537999927,566.9710537999927,569.0219748999953,right,1,2.0448827000072924,None,,,,02,001,2025-11-14_20h16.24.165,cueing_task_exp,,2025.1.1,59.704664904256454,2025-11-14 20h16.34.643965 +0530,
←,-0.5,valid,left,313,3,31,left,1,1.346311399989645,None,31,3,313,1,569.0374894999986,,,,,,,,,569.0246133999899,569.0374894999986,569.5213309999963,569.5213309999963,569.8210836999933,570.1214760000003,570.1214760000003,571.4718130999972,left,1,1.346311399989645,None,,,,02,001,2025-11-14_20h16.24.165,cueing_task_exp,,2025.1.1,59.704664904256454,2025-11-14 20h16.34.643965 +0530,
→,0.5,valid,right,314,4,31,right,1,0.4864759000047343,None,31,4,314,3,571.4874065999902,,,,,,,,,571.4741888999997,571.4874065999902,571.9716136999923,571.9716136999923,572.2709911999991,572.5706563999993,572.5706563999993,573.0720711000031,right,1,0.4864759000047343,None,,,,02,001,2025-11-14_20h16.24.165,cueing_task_exp,,2025.1.1,59.704664904256454,2025-11-14 20h16.34.643965 +0530,
→,-0.5,invalid,left,315,5,31,left,1,0.7821338000067044,None,31,5,315,8,573.0873682999954,,,,,,,,,573.0727879999904,573.0873682999954,573.5868075000035,573.5868075000035,573.8877199999988,574.1869314999931,574.1869314999931,574.9718031999946,left,1,0.7821338000067044,None,,,,02,001,2025-11-14_20h16.24.165,cueing_task_exp,,2025.1.1,59.704664904256454,2025-11-14 20h16.34.643965 +0530,
←,-0.5,valid,left,316,6,31,left,1,1.774730000004638,None,31,6,316,6,574.9865140000038,,,,,,,,,574.9744232999947,574.9865140000038,575.4716600999964,575.4716600999964,575.7714005000016,576.0716874999925,576.0716874999925,577.8548630000005,left,1,1.774730000004638,None,,,,02,001,2025-11-14_20h16.24.165,cueing_task_exp,,2025.1.1,59.704664904256454,2025-11-14 20h16.34.643965 +0530,
→,0.5,valid,right,317,7,31,right,1,0.42211299999326,None,31,7,317,7,577.8699603999994,,,,,,,,,577.8570563999965,577.8699603999994,578.3554297999945,578.3554297999945,578.6715371000028,578.9546610999969,578.9546610999969,579.3881873999926,right,1,0.42211299999326,None,,,,02,001,2025-11-14_20h16.24.165,cueing_task_exp,,2025.1.1,59.704664904256454,2025-11-14 20h16.34.643965 +0530,
→,0.5,valid,right,318,8,31,right,1,0.3776259000005666,None,31,8,318,2,579.4047690000007,,,,,,,,,579.3886581999977,579.4047690000007,579.9036176999944,579.9036176999944,580.2034960000019,580.5031195999909,580.5031195999909,580.8878567999927,right,1,0.3776259000005666,None,,,,02,001,2025-11-14_20h16.24.165,cueing_task_exp,,2025.1.1,59.704664904256454,2025-11-14 20h16.34.643965 +0530,
←,-0.5,valid,left,319,9,31,left,1,0.650583499998902,None,31,9,319,4,580.9033043999952,,,,,,,,,580.8900600999914,580.9033043999952,581.3864754999959,581.3864754999959,581.68710309999,581.9865011999937,581.9865011999937,582.6541593000002,left,1,0.650583499998902,None,,,,02,001,2025-11-14_20h16.24.165,cueing_task_exp,,2025.1.1,59.704664904256454,2025-11-14 20h16.34.643965 +0530,
←,-0.5,valid,left,320,0,32,left,1,0.2161169000028167,None,32,0,320,1,582.6698251999915,,,,,,,,,582.654710200004,582.6698251999915,583.1539445999952,583.1539445999952,583.4537940000009,583.7552507999935,583.7552507999935,583.9872899000038,left,1,0.2161169000028167,None,,,,02,001,2025-11-14_20h16.24.165,cueing_task_exp,,2025.1.1,59.704664904256454,2025-11-14 20h16.34.643965 +0530,
←,-0.5,valid,left,321,1,32,left,1,0.7252159000054235,None,32,1,321,5,584.0048256000009,,,,,,,,,583.9879645000037,584.0048256000009,584.4875071999995,584.4875071999995,584.7868935000006,585.0886392999964,585.0886392999964,585.8227156999928,left,1,0.7252159000054235,None,,,,02,001,2025-11-14_20h16.24.165,cueing_task_exp,,2025.1.1,59.704664904256454,2025-11-14 20h16.34.643965 +0530,
←,-0.5,valid,left,322,2,32,left,1,0.5329891000001226,None,32,2,322,6,585.8375450000021,,,,,,,,,585.8232272000023,585.8375450000021,586.3386212999903,586.3386212999903,586.6383073000034,586.9220352999982,586.9220352999982,587.4714677000011,left,1,0.5329891000001226,None,,,,02,001,2025-11-14_20h16.24.165,cueing_task_exp,,2025.1.1,59.704664904256454,2025-11-14 20h16.34.643965 +0530,
→,0.5,valid,right,323,3,32,right,1,0.5221692999912193,None,32,3,323,3,587.4883913999947,,,,,,,,,587.4736627999955,587.4883913999947,587.9710704000026,587.9710704000026,588.271029399999,588.571975999992,588.571975999992,589.1049396000017,right,1,0.5221692999912193,None,,,,02,001,2025-11-14_20h16.24.165,cueing_task_exp,,2025.1.1,59.704664904256454,2025-11-14 20h16.34.643965 +0530,
→,0.5,valid,right,324,4,32,right,1,0.33891099999891594,None,32,4,324,7,589.1216029999923,,,,,,,,,589.1054088999954,589.1216029999923,589.605024199991,589.605024199991,589.9050348000019,590.2051790999976,590.2051790999976,590.5550272999972,right,1,0.33891099999891594,None,,,,02,001,2025-11-14_20h16.24.165,cueing_task_exp,,2025.1.1,59.704664904256454,2025-11-14 20h16.34.643965 +0530,
→,0.5,valid,right,325,5,32,right,1,0.9353751000016928,None,32,5,325,0,590.5702721999987,,,,,,,,,590.5554758999933,590.5702721999987,591.0550056999928,591.0550056999928,591.3719459999993,591.655324899999,591.655324899999,592.6048443999898,right,1,0.9353751000016928,None,,,,02,001,2025-11-14_20h16.24.165,cueing_task_exp,,2025.1.1,59.704664904256454,2025-11-14 20h16.34.643965 +0530,
←,0.5,invalid,right,326,6,32,right,1,1.4990113000094425,None,32,6,326,9,592.6216619999905,,,,,,,,,592.6070942999941,592.6216619999905,593.1051503999915,593.1051503999915,593.4053131999972,593.705492299996,593.705492299996,595.221031299996,right,1,1.4990113000094425,None,,,,02,001,2025-11-14_20h16.24.165,cueing_task_exp,,2025.1.1,59.704664904256454,2025-11-14 20h16.34.643965 +0530,
→,0.5,valid,right,327,7,32,right,1,0.3803610999893863,None,32,7,327,2,595.2384979999915,,,,,,,,,595.2238388999976,595.2384979999915,595.7218135000003,595.7218135000003,596.02192069999,596.3219880999968,596.3219880999968,596.7053968999971,right,1,0.3803610999893863,None,,,,02,001,2025-11-14_20h16.24.165,cueing_task_exp,,2025.1.1,59.704664904256454,2025-11-14 20h16.34.643965 +0530,
→,-0.5,invalid,left,328,8,32,left,1,1.0939841999934288,None,32,8,328,8,596.7202488000039,,,,,,,,,596.7058442999987,596.7202488000039,597.205017500004,597.205017500004,597.5218496000016,597.8051220999914,597.8051220999914,598.9061974999931,left,1,1.0939841999934288,None,,,,02,001,2025-11-14_20h16.24.165,cueing_task_exp,,2025.1.1,59.704664904256454,2025-11-14 20h16.34.643965 +0530,
←,-0.5,valid,left,329,9,32,left,1,1.1603935999883106,None,32,9,329,4,598.9201160999946,,,,,,,,,598.9085671999928,598.9201160999946,599.4224982000014,599.4224982000014,599.7049797999935,600.0053891999996,600.0053891999996,601.1724920999986,left,1,1.1603935999883106,None,,,,02,001,2025-11-14_20h16.24.165,cueing_task_exp,,2025.1.1,59.704664904256454,2025-11-14 20h16.34.643965 +0530,
←,0.5,invalid,right,330,0,33,right,1,1.1524864000093658,None,33,0,330,9,601.1873440999916,,,,,,,,,601.173006099998,601.1873440999916,601.6713978999906,601.6713978999906,601.9720915999933,602.2720757999923,602.2720757999923,603.4378656999907,right,1,1.1524864000093658,None,,,,02,001,2025-11-14_20h16.24.165,cueing_task_exp,,2025.1.1,59.704664904256454,2025-11-14 20h16.34.643965 +0530,
←,-0.5,valid,left,331,1,33,left,1,0.5631426000036299,None,33,1,331,4,603.4551925999986,,,,,,,,,603.4384236999904,603.4551925999986,603.9390996000002,603.9390996000002,604.2384584999963,604.5383640999935,604.5383640999935,605.1054348000034,left,1,0.5631426000036299,None,,,,02,001,2025-11-14_20h16.24.165,cueing_task_exp,,2025.1.1,59.704664904256454,2025-11-14 20h16.34.643965 +0530,
→,0.5,valid,right,332,2,33,right,1,1.0785149000003003,None,33,2,332,7,605.1210815999948,,,,,,,,,605.1081146999932,605.1210815999948,605.6211572000029,605.6211572000029,605.9055243000039,606.2055215,606.2055215,607.2880348000035,right,1,1.0785149000003003,None,,,,02,001,2025-11-14_20h16.24.165,cueing_task_exp,,2025.1.1,59.704664904256454,2025-11-14 20h16.34.643965 +0530,
←,-0.5,valid,left,333,3,33,left,1,0.999584799996228,None,33,3,333,6,607.30448169999,,,,,,,,,607.2902020000038,607.30448169999,607.7890268999909,607.7890268999909,608.0892008999945,608.3889601999981,608.3889601999981,609.4047109999956,left,1,0.999584799996228,None,,,,02,001,2025-11-14_20h16.24.165,cueing_task_exp,,2025.1.1,59.704664904256454,2025-11-14 20h16.34.643965 +0530,
→,0.5,valid,right,334,4,33,right,1,0.8860493000101997,None,33,4,334,3,609.4226351999969,,,,,,,,,609.4073212999938,609.4226351999969,609.9055919999955,609.9055919999955,610.2050548999978,610.5056010999979,610.5056010999979,611.4049072999915,right,1,0.8860493000101997,None,,,,02,001,2025-11-14_20h16.24.165,cueing_task_exp,,2025.1.1,59.704664904256454,2025-11-14 20h16.34.643965 +0530,
→,-0.5,invalid,left,335,5,33,left,1,0.48988290000124834,None,33,5,335,8,611.4220917999919,,,,,,,,,611.4053635000018,611.4220917999919,611.9056492999953,611.9056492999953,612.2043311000016,612.5056732999947,612.5056732999947,613.006234799992,left,1,0.48988290000124834,None,,,,02,001,2025-11-14_20h16.24.165,cueing_task_exp,,2025.1.1,59.704664904256454,2025-11-14 20h16.34.643965 +0530,
→,0.5,valid,right,336,6,33,right,1,0.3807416999916313,None,33,6,336,0,613.0212727999897,,,,,,,,,613.0067774999916,613.0212727999897,613.5046242999961,613.5046242999961,613.8222857999936,614.1226966999966,614.1226966999966,614.5056492000003,right,1,0.3807416999916313,None,,,,02,001,2025-11-14_20h16.24.165,cueing_task_exp,,2025.1.1,59.704664904256454,2025-11-14 20h16.34.643965 +0530,
←,-0.5,valid,left,337,7,33,left,1,1.2510511000000406,None,33,7,337,1,614.5217240999918,,,,,,,,,614.5087700000004,614.5217240999918,615.0057121999998,615.0057121999998,615.3047016999917,615.605685100003,615.605685100003,616.8726207,left,1,1.2510511000000406,None,,,,02,001,2025-11-14_20h16.24.165,cueing_task_exp,,2025.1.1,59.704664904256454,2025-11-14 20h16.34.643965 +0530,
→,0.5,valid,right,338,8,33,right,1,0.6430104000028223,None,33,8,338,2,616.8882506999944,,,,,,,,,616.8747297999944,616.8882506999944,617.3887909999903,617.3887909999903,617.6720979999955,617.972443199993,617.972443199993,618.6219623999932,right,1,0.6430104000028223,None,,,,02,001,2025-11-14_20h16.24.165,cueing_task_exp,,2025.1.1,59.704664904256454,2025-11-14 20h16.34.643965 +0530,
←,-0.5,valid,left,339,9,33,left,1,0.28999380000459496,None,33,9,339,5,618.6385986999958,,,,,,,,,618.6242380999902,618.6385986999958,619.1216223999945,619.1216223999945,619.4213639999944,619.7224242999946,619.7224242999946,620.0236050999956,left,1,0.28999380000459496,None,,,,02,001,2025-11-14_20h16.24.165,cueing_task_exp,,2025.1.1,59.704664904256454,2025-11-14 20h16.34.643965 +0530,
→,-0.5,invalid,left,340,0,34,left,1,1.1555994999944232,None,34,0,340,8,620.0370785999985,,,,,,,,,620.0267330999923,620.0370785999985,620.537284399994,620.537284399994,620.8389809999935,621.1390950999921,621.1390950999921,622.3057662999927,left,1,1.1555994999944232,None,,,,02,001,2025-11-14_20h16.24.165,cueing_task_exp,,2025.1.1,59.704664904256454,2025-11-14 20h16.34.643965 +0530,
→,0.5,valid,right,341,1,34,right,1,1.5649819999962347,None,34,1,341,0,622.3222669999959,,,,,,,,,622.3062381999916,622.3222669999959,622.8058797999984,622.8058797999984,623.1055406999949,623.4227303999942,623.4227303999942,624.989062099994,right,1,1.5649819999962347,None,,,,02,001,2025-11-14_20h16.24.165,cueing_task_exp,,2025.1.1,59.704664904256454,2025-11-14 20h16.34.643965 +0530,
←,0.5,invalid,right,342,2,34,left,0,0.4428097999916645,None,34,2,342,9,625.0043057000003,,,,,,,,,624.9912154999911,625.0043057000003,625.48830859999,625.48830859999,625.7875322999898,626.0892383000028,626.0892383000028,626.5395255999902,left,0,0.4428097999916645,None,,,,02,001,2025-11-14_20h16.24.165,cueing_task_exp,,2025.1.1,59.704664904256454,2025-11-14 20h16.34.643965 +0530,
←,-0.5,valid,left,343,3,34,left,1,1.1534897000092315,None,34,3,343,4,626.5549231000041,,,,,,,,,626.5399768999923,626.5549231000041,627.0558940999908,627.0558940999908,627.3556602000026,627.6392353999981,627.6392353999981,628.8063938999985,left,1,1.1534897000092315,None,,,,02,001,2025-11-14_20h16.24.165,cueing_task_exp,,2025.1.1,59.704664904256454,2025-11-14 20h16.34.643965 +0530,
→,0.5,valid,right,344,4,34,right,1,1.3217028000071878,None,34,4,344,3,628.8213633999985,,,,,,,,,628.8093446999992,628.8213633999985,629.3047974999936,629.3047974999936,629.6057320999971,629.9057039999898,629.9057039999898,631.24049869999,right,1,1.3217028000071878,None,,,,02,001,2025-11-14_20h16.24.165,cueing_task_exp,,2025.1.1,59.704664904256454,2025-11-14 20h16.34.643965 +0530,
←,-0.5,valid,left,345,5,34,left,1,0.8644462999945972,None,34,5,345,1,631.2540986999957,,,,,,,,,631.2432539000001,631.2540986999957,631.755341600001,631.755341600001,632.0559027999989,632.3561139999947,632.3561139999947,633.2227951999957,left,1,0.8644462999945972,None,,,,02,001,2025-11-14_20h16.24.165,cueing_task_exp,,2025.1.1,59.704664904256454,2025-11-14 20h16.34.643965 +0530,
→,0.5,valid,right,346,6,34,right,1,0.27862670000467915,None,34,6,346,7,633.2383784999984,,,,,,,,,633.2256191999913,633.2383784999984,633.7394092000031,633.7394092000031,634.0226090999931,634.3219812000025,634.3219812000025,634.6051194000029,right,1,0.27862670000467915,None,,,,02,001,2025-11-14_20h16.24.165,cueing_task_exp,,2025.1.1,59.704664904256454,2025-11-14 20h16.34.643965 +0530,
←,-0.5,valid,left,347,7,34,left,1,0.45324109999637585,None,34,7,347,5,634.6214653999923,,,,,,,,,634.6073012999987,634.6214653999923,635.1061068999988,635.1061068999988,635.4054593999899,635.7058664999931,635.7058664999931,636.1717347999947,left,1,0.45324109999637585,None,,,,02,001,2025-11-14_20h16.24.165,cueing_task_exp,,2025.1.1,59.704664904256454,2025-11-14 20h16.34.643965 +0530,
←,-0.5,valid,left,348,8,34,left,1,0.42578630000934936,None,34,8,348,6,636.189452999999,,,,,,,,,636.1722121999919,636.189452999999,636.6723280000006,636.6723280000006,636.9717799999926,637.2728350999969,637.2728350999969,637.7069630000042,left,1,0.42578630000934936,None,,,,02,001,2025-11-14_20h16.24.165,cueing_task_exp,,2025.1.1,59.704664904256454,2025-11-14 20h16.34.643965 +0530,
→,0.5,valid,right,349,9,34,right,1,0.27015309999114834,None,34,9,349,2,637.7205491999921,,,,,,,,,637.7101238000032,637.7205491999921,638.2225276999961,638.2225276999961,638.5061865000025,638.8223992999992,638.8223992999992,639.1062014999916,right,1,0.27015309999114834,None,,,,02,001,2025-11-14_20h16.24.165,cueing_task_exp,,2025.1.1,59.704664904256454,2025-11-14 20h16.34.643965 +0530,
←,-0.5,valid,left,350,0,35,left,1,0.2895535999996355,None,35,0,350,6,639.1221673999971,,,,,,,,,639.1083450000006,639.1221673999971,639.6050354999898,639.6050354999898,639.9062119000009,640.2232164000015,640.2232164000015,640.5232713000005,left,1,0.2895535999996355,None,,,,02,001,2025-11-14_20h16.24.165,cueing_task_exp,,2025.1.1,59.704664904256454,2025-11-14 20h16.34.643965 +0530,
→,0.5,valid,right,351,1,35,right,1,0.31334829999832436,None,35,1,351,3,640.5376589999942,,,,,,,,,640.5258692999923,640.5376589999942,641.0228064999974,641.0228064999974,641.3225168999925,641.6228477999975,641.6228477999975,641.9399051999935,right,1,0.31334829999832436,None,,,,02,001,2025-11-14_20h16.24.165,cueing_task_exp,,2025.1.1,59.704664904256454,2025-11-14 20h16.34.643965 +0530,
→,0.5,valid,right,352,2,35,right,1,0.37746360000164714,None,35,2,352,2,641.9544682999986,,,,,,,,,641.9405473999941,641.9544682999986,642.4551795000007,642.4551795000007,642.73953359999,643.0378034000023,643.0378034000023,643.4230929999903,right,1,0.37746360000164714,None,,,,02,001,2025-11-14_20h16.24.165,cueing_task_exp,,2025.1.1,59.704664904256454,2025-11-14 20h16.34.643965 +0530,
←,-0.5,valid,left,353,3,35,left,1,0.5471169999946142,None,35,3,353,5,643.4389966000017,,,,,,,,,643.4255257999903,643.4389966000017,643.921743400002,643.921743400002,644.2221886999905,644.5233157999901,644.5233157999901,645.0728812000016,left,1,0.5471169999946142,None,,,,02,001,2025-11-14_20h16.24.165,cueing_task_exp,,2025.1.1,59.704664904256454,2025-11-14 20h16.34.643965 +0530,
←,0.5,invalid,right,354,4,35,right,1,1.0611435000027996,None,35,4,354,9,645.0886465999938,,,,,,,,,645.0734939999966,645.0886465999938,645.5713854999922,645.5713854999922,645.8729240999965,646.1728654999897,646.1728654999897,647.2384291999915,right,1,1.0611435000027996,None,,,,02,001,2025-11-14_20h16.24.165,cueing_task_exp,,2025.1.1,59.704664904256454,2025-11-14 20h16.34.643965 +0530,
→,0.5,valid,right,355,5,35,right,1,2.679525100000319,None,35,5,355,7,647.2550956999912,,,,,,,,,647.2410347999976,647.2550956999912,647.7386366999999,647.7386366999999,648.0390950000001,648.339652900002,648.339652900002,651.0226752000017,right,1,2.679525100000319,None,,,,02,001,2025-11-14_20h16.24.165,cueing_task_exp,,2025.1.1,59.704664904256454,2025-11-14 20h16.34.643965 +0530,
←,-0.5,valid,left,356,6,35,left,1,1.2813306000025477,None,35,6,356,1,651.0386703999975,,,,,,,,,651.0251846000028,651.0386703999975,651.5228856000031,651.5228856000031,651.8230563999969,652.1220960999926,652.1220960999926,653.4057097999903,left,1,1.2813306000025477,None,,,,02,001,2025-11-14_20h16.24.165,cueing_task_exp,,2025.1.1,59.704664904256454,2025-11-14 20h16.34.643965 +0530,
←,-0.5,valid,left,357,7,35,left,1,0.4869509999989532,None,35,7,357,4,653.4213248000015,,,,,,,,,653.4061626000039,653.4213248000015,653.906367100004,653.906367100004,654.2050146999973,654.5068621999962,654.5068621999962,655.0069829999993,left,1,0.4869509999989532,None,,,,02,001,2025-11-14_20h16.24.165,cueing_task_exp,,2025.1.1,59.704664904256454,2025-11-14 20h16.34.643965 +0530,
→,0.5,valid,right,358,8,35,right,1,0.722592899997835,None,35,8,358,0,655.0211108999938,,,,,,,,,655.0094105000026,655.0211108999938,655.5066525000002,655.5066525000002,655.8062095999921,656.1063980999897,656.1063980999897,656.8389866999933,right,1,0.722592899997835,None,,,,02,001,2025-11-14_20h16.24.165,cueing_task_exp,,2025.1.1,59.704664904256454,2025-11-14 20h16.34.643965 +0530,
→,-0.5,invalid,left,359,9,35,left,1,1.1961409999930765,None,35,9,359,8,656.8554728000017,,,,,,,,,656.8394610999967,656.8554728000017,657.339607499991,657.339607499991,657.6398557999928,657.9395079999958,657.9395079999958,659.1394643999956,left,1,1.1961409999930765,None,,,,02,001,2025-11-14_20h16.24.165,cueing_task_exp,,2025.1.1,59.704664904256454,2025-11-14 20h16.34.643965 +0530,
→,-0.5,invalid,left,360,0,36,left,1,0.9893827999912901,None,36,0,360,8,659.1548233999929,,,,,,,,,659.1401295999967,659.1548233999929,659.639643100003,659.639643100003,659.9564431000035,660.2380376999936,660.2380376999936,661.2395407000004,left,1,0.9893827999912901,None,,,,02,001,2025-11-14_20h16.24.165,cueing_task_exp,,2025.1.1,59.704664904256454,2025-11-14 20h16.34.643965 +0530,
←,0.5,invalid,right,361,1,36,right,1,1.0681158999941545,None,36,1,361,9,661.2548686999944,,,,,,,,,661.2418103999953,661.2548686999944,661.739848600002,661.739848600002,662.0397093999927,662.3389904999931,662.3389904999931,663.4228644999966,right,1,1.0681158999941545,None,,,,02,001,2025-11-14_20h16.24.165,cueing_task_exp,,2025.1.1,59.704664904256454,2025-11-14 20h16.34.643965 +0530,
→,0.5,valid,right,362,2,36,right,1,0.5352473000093596,None,36,2,362,2,663.4394365999906,,,,,,,,,663.4250770999934,663.4394365999906,663.9229064999963,663.9229064999963,664.2221894999966,664.5232413999911,664.5232413999911,665.0730225000007,right,1,0.5352473000093596,None,,,,02,001,2025-11-14_20h16.24.165,cueing_task_exp,,2025.1.1,59.704664904256454,2025-11-14 20h16.34.643965 +0530,
←,-0.5,valid,left,363,3,36,left,1,0.6394481000024825,None,36,3,363,4,665.0881540999981,,,,,,,,,665.0759699999908,665.0881540999981,665.5732810999907,665.5732810999907,665.8733756000001,666.1713843000034,666.1713843000034,666.8233190000028,left,1,0.6394481000024825,None,,,,02,001,2025-11-14_20h16.24.165,cueing_task_exp,,2025.1.1,59.704664904256454,2025-11-14 20h16.34.643965 +0530,
←,-0.5,valid,left,364,4,36,left,1,0.6012743000028422,None,36,4,364,1,666.8399161999987,,,,,,,,,666.8239135999902,666.8399161999987,667.3231285999937,667.3231285999937,667.6234306999977,667.9223462999944,667.9223462999944,668.5401630999986,left,1,0.6012743000028422,None,,,,02,001,2025-11-14_20h16.24.165,cueing_task_exp,,2025.1.1,59.704664904256454,2025-11-14 20h16.34.643965 +0530,
→,0.5,valid,right,365,5,36,right,1,0.532719900002121,None,36,5,365,3,668.5554661999922,,,,,,,,,668.5426272999903,668.5554661999922,669.0392526999931,669.0392526999931,669.3400199000025,669.6400763999991,669.6400763999991,670.1889276000002,right,1,0.532719900002121,None,,,,02,001,2025-11-14_20h16.24.165,cueing_task_exp,,2025.1.1,59.704664904256454,2025-11-14 20h16.34.643965 +0530,
→,0.5,valid,right,366,6,36,right,1,0.6133241000061389,None,36,6,366,0,670.2067972999939,,,,,,,,,670.1894059999904,670.2067972999939,670.6884696999914,670.6884696999914,670.9900361999898,671.2897020999953,671.2897020999953,671.9058904999983,right,1,0.6133241000061389,None,,,,02,001,2025-11-14_20h16.24.165,cueing_task_exp,,2025.1.1,59.704664904256454,2025-11-14 20h16.34.643965 +0530,
←,-0.5,valid,left,367,7,36,left,1,0.5505478000122821,None,36,7,367,5,671.9221819999948,,,,,,,,,671.9082822999917,671.9221819999948,672.4056119000015,672.4056119000015,672.7065370999917,673.0067600000039,673.0067600000039,673.5728447000001,left,1,0.5505478000122821,None,,,,02,001,2025-11-14_20h16.24.165,cueing_task_exp,,2025.1.1,59.704664904256454,2025-11-14 20h16.34.643965 +0530,
←,-0.5,valid,left,368,8,36,left,1,1.0188410999980988,None,36,8,368,6,673.589562299996,,,,,,,,,673.5734669999947,673.589562299996,674.0716105000029,674.0716105000029,674.3733377000026,674.6734897999995,674.6734897999995,675.7064226999937,left,1,1.0188410999980988,None,,,,02,001,2025-11-14_20h16.24.165,cueing_task_exp,,2025.1.1,59.704664904256454,2025-11-14 20h16.34.643965 +0530,
→,0.5,valid,right,369,9,36,right,1,0.560046999991755,None,36,9,369,7,675.7234430999961,,,,,,,,,675.7086082000023,675.7234430999961,676.2065425999899,676.2065425999899,676.5050087999989,676.806311399996,676.806311399996,677.3733077999932,right,1,0.560046999991755,None,,,,02,001,2025-11-14_20h16.24.165,cueing_task_exp,,2025.1.1,59.704664904256454,2025-11-14 20h16.34.643965 +0530,
←,-0.5,valid,left,370,0,37,left,1,0.43646260000241455,None,37,0,370,6,677.3886111000029,,,,,,,,,677.3754552000028,677.3886111000029,677.873288200004,677.873288200004,678.1902473999944,678.4899098000024,678.4899098000024,678.9391307000042,left,1,0.43646260000241455,None,,,,02,001,2025-11-14_20h16.24.165,cueing_task_exp,,2025.1.1,59.704664904256454,2025-11-14 20h16.34.643965 +0530,
→,0.5,valid,right,371,1,37,right,1,0.43557469999359455,None,37,1,371,0,678.9560299000004,,,,,,,,,678.9413323999906,678.9560299000004,679.4401454999897,679.4401454999897,679.7400168000022,680.0402864999924,680.0402864999924,680.4899310999899,right,1,0.43557469999359455,None,,,,02,001,2025-11-14_20h16.24.165,cueing_task_exp,,2025.1.1,59.704664904256454,2025-11-14 20h16.34.643965 +0530,
←,-0.5,valid,left,372,2,37,left,1,0.8802792999922531,None,37,2,372,1,680.5053196999943,,,,,,,,,680.4920693000022,680.5053196999943,680.9898848000012,680.9898848000012,681.2897510000039,681.5903557999991,681.5903557999991,682.4737998999917,left,1,0.8802792999922531,None,,,,02,001,2025-11-14_20h16.24.165,cueing_task_exp,,2025.1.1,59.704664904256454,2025-11-14 20h16.34.643965 +0530,
→,0.5,valid,right,373,3,37,right,1,0.46892290000687353,None,37,3,373,2,682.4884385000041,,,,,,,,,682.4774661999982,682.4884385000041,682.9733791000035,682.9733791000035,683.2736302999983,683.5736161999957,683.5736161999957,684.0564374999958,right,1,0.46892290000687353,None,,,,02,001,2025-11-14_20h16.24.165,cueing_task_exp,,2025.1.1,59.704664904256454,2025-11-14 20h16.34.643965 +0530,
←,-0.5,valid,left,374,4,37,left,1,0.4167775999958394,None,37,4,374,4,684.0723560999904,,,,,,,,,684.0586054000014,684.0723560999904,684.5564463999908,684.5564463999908,684.8568537999963,685.1563739999983,685.1563739999983,685.5904826000042,left,1,0.4167775999958394,None,,,,02,001,2025-11-14_20h16.24.165,cueing_task_exp,,2025.1.1,59.704664904256454,2025-11-14 20h16.34.643965 +0530,
→,-0.5,invalid,left,375,5,37,left,1,0.826315699989209,None,37,5,375,8,685.6069928999932,,,,,,,,,685.5928491999948,685.6069928999932,686.0898154000024,686.0898154000024,686.4069262999983,686.6901114999928,686.6901114999928,687.5235085000022,left,1,0.826315699989209,None,,,,02,001,2025-11-14_20h16.24.165,cueing_task_exp,,2025.1.1,59.704664904256454,2025-11-14 20h16.34.643965 +0530,
→,0.5,valid,right,376,6,37,right,1,0.29181580001022667,None,37,6,376,7,687.5386628999986,,,,,,,,,687.5239536000008,687.5386628999986,688.0230644999974,688.0230644999974,688.3236395999993,688.6236070000014,688.6236070000014,688.9235890999989,right,1,0.29181580001022667,None,,,,02,001,2025-11-14_20h16.24.165,cueing_task_exp,,2025.1.1,59.704664904256454,2025-11-14 20h16.34.643965 +0530,
←,-0.5,valid,left,377,7,37,left,1,0.4497573000116972,None,37,7,377,5,688.939624599996,,,,,,,,,688.9257253999967,688.939624599996,689.423450000002,689.423450000002,689.7230527999927,690.0238239000028,690.0238239000028,690.4895375999913,left,1,0.4497573000116972,None,,,,02,001,2025-11-14_20h16.24.165,cueing_task_exp,,2025.1.1,59.704664904256454,2025-11-14 20h16.34.643965 +0530,
←,0.5,invalid,right,378,8,37,right,1,0.4755240000085905,None,37,8,378,9,690.5057686999935,,,,,,,,,690.4899883000035,690.5057686999935,690.9886366999999,690.9886366999999,691.2899225000001,691.5898579999921,691.5898579999921,692.0730623999989,right,1,0.4755240000085905,None,,,,02,001,2025-11-14_20h16.24.165,cueing_task_exp,,2025.1.1,59.704664904256454,2025-11-14 20h16.34.643965 +0530,
→,0.5,valid,right,379,9,37,right,1,0.8341113000060432,None,37,9,379,3,692.0897048999905,,,,,,,,,692.0757225999987,692.0897048999905,692.5738476999977,692.5738476999977,692.8738357999973,693.172959699994,693.172959699994,694.023586299998,right,1,0.8341113000060432,None,,,,02,001,2025-11-14_20h16.24.165,cueing_task_exp,,2025.1.1,59.704664904256454,2025-11-14 20h16.34.643965 +0530,
→,0.5,valid,right,380,0,38,right,1,0.5835396999900695,None,38,0,380,0,694.0395569999964,,,,,,,,,694.0241925000009,694.0395569999964,694.5398168999964,694.5398168999964,694.8233170000021,695.1239136999939,695.1239136999939,695.7236489999923,right,1,0.5835396999900695,None,,,,02,001,2025-11-14_20h16.24.165,cueing_task_exp,,2025.1.1,59.704664904256454,2025-11-14 20h16.34.643965 +0530,
→,0.5,valid,right,381,1,38,right,1,0.6357789000030607,None,38,1,381,7,695.7407564000023,,,,,,,,,695.724258000002,695.7407564000023,696.2237221999967,696.2237221999967,696.5239747000014,696.8408316999994,696.8408316999994,697.4910901999974,right,1,0.6357789000030607,None,,,,02,001,2025-11-14_20h16.24.165,cueing_task_exp,,2025.1.1,59.704664904256454,2025-11-14 20h16.34.643965 +0530,
←,-0.5,valid,left,382,2,38,left,1,0.46906650000892114,None,38,2,382,4,697.5049391999928,,,,,,,,,697.4940647999902,697.5049391999928,697.9894869999989,697.9894869999989,698.2905728999904,698.590412599995,698.590412599995,699.0739781000011,left,1,0.46906650000892114,None,,,,02,001,2025-11-14_20h16.24.165,cueing_task_exp,,2025.1.1,59.704664904256454,2025-11-14 20h16.34.643965 +0530,
←,0.5,invalid,right,383,3,38,right,1,0.36100649999571033,None,38,3,383,9,699.088822699996,,,,,,,,,699.0745835999987,699.088822699996,699.5738137000008,699.5738137000008,699.8730095999927,700.1735862999922,700.1735862999922,700.5407333999901,right,1,0.36100649999571033,None,,,,02,001,2025-11-14_20h16.24.165,cueing_task_exp,,2025.1.1,59.704664904256454,2025-11-14 20h16.34.643965 +0530,
→,0.5,valid,right,384,4,38,right,1,0.4938333000027342,None,38,4,384,2,700.5569993999961,,,,,,,,,700.542999199999,700.5569993999961,701.0404825000005,701.0404825000005,701.3403061999998,701.6402671999967,701.6402671999967,702.1394504999917,right,1,0.4938333000027342,None,,,,02,001,2025-11-14_20h16.24.165,cueing_task_exp,,2025.1.1,59.704664904256454,2025-11-14 20h16.34.643965 +0530,
←,-0.5,valid,left,385,5,38,left,1,0.47481580000021495,None,38,5,385,5,702.1554391999962,,,,,,,,,702.142048099995,702.1554391999962,702.6405128999904,702.6405128999904,702.9403337999975,703.2406794999988,703.2406794999988,703.7234253999923,left,1,0.47481580000021495,None,,,,02,001,2025-11-14_20h16.24.165,cueing_task_exp,,2025.1.1,59.704664904256454,2025-11-14 20h16.34.643965 +0530,
←,-0.5,valid,left,386,6,38,left,1,0.5340901000017766,None,38,6,386,6,703.7403839999897,,,,,,,,,703.7241078999941,703.7403839999897,704.223510900003,704.223510900003,704.5240918999916,704.8238188999967,704.8238188999967,705.3728693000012,left,1,0.5340901000017766,None,,,,02,001,2025-11-14_20h16.24.165,cueing_task_exp,,2025.1.1,59.704664904256454,2025-11-14 20h16.34.643965 +0530,
→,-0.5,invalid,left,387,7,38,left,1,0.9196013000037055,None,38,7,387,8,705.3907723000011,,,,,,,,,705.3751641999988,705.3907723000011,705.8739248999918,705.8739248999918,706.1740663999954,706.4728521999932,706.4728521999932,707.4062615000003,left,1,0.9196013000037055,None,,,,02,001,2025-11-14_20h16.24.165,cueing_task_exp,,2025.1.1,59.704664904256454,2025-11-14 20h16.34.643965 +0530,
→,0.5,valid,right,388,8,38,right,1,0.4652432000002591,None,38,8,388,3,707.4239296000014,,,,,,,,,707.4067920999951,707.4239296000014,707.9069022999902,707.9069022999902,708.2065194000024,708.5074968999979,708.5074968999979,708.973994,right,1,0.4652432000002591,None,,,,02,001,2025-11-14_20h16.24.165,cueing_task_exp,,2025.1.1,59.704664904256454,2025-11-14 20h16.34.643965 +0530,
←,-0.5,valid,left,389,9,38,left,1,0.5651481999957468,None,38,9,389,1,708.9897053000022,,,,,,,,,708.9766859999945,708.9897053000022,709.4740057000017,709.4740057000017,709.78992499999,710.0727888999972,710.0727888999972,710.6415377999947,left,1,0.5651481999957468,None,,,,02,001,2025-11-14_20h16.24.165,cueing_task_exp,,2025.1.1,59.704664904256454,2025-11-14 20h16.34.643965 +0530,
←,-0.5,valid,left,390,0,39,left,1,0.8165162999939639,None,39,0,390,1,710.6554707000032,,,,,,,,,710.642019299994,710.6554707000032,711.1569817999989,711.1569817999989,711.4575292999943,711.7403396000009,711.7403396000009,712.5731388999993,left,1,0.8165162999939639,None,,,,02,001,2025-11-14_20h16.24.165,cueing_task_exp,,2025.1.1,59.704664904256454,2025-11-14 20h16.34.643965 +0530,
→,0.5,valid,right,391,1,39,right,1,0.3558744000038132,None,39,1,391,0,712.5904699999955,,,,,,,,,712.5753292000009,712.5904699999955,713.0745946999959,713.0745946999959,713.3729743000004,713.673925199997,713.673925199997,714.0406685999915,right,1,0.3558744000038132,None,,,,02,001,2025-11-14_20h16.24.165,cueing_task_exp,,2025.1.1,59.704664904256454,2025-11-14 20h16.34.643965 +0530,
←,0.5,invalid,right,392,2,39,right,1,0.5162072000093758,None,39,2,392,9,714.0568421999924,,,,,,,,,714.0428506000026,714.0568421999924,714.5406290999963,714.5406290999963,714.8403154999978,715.1573647999903,715.1573647999903,715.6743806000013,right,1,0.5162072000093758,None,,,,02,001,2025-11-14_20h16.24.165,cueing_task_exp,,2025.1.1,59.704664904256454,2025-11-14 20h16.34.643965 +0530,
←,-0.5,valid,left,393,3,39,left,1,0.6028362999932142,None,39,3,393,6,715.6891049999977,,,,,,,,,715.6749687999982,715.6891049999977,716.1932566000032,716.1932566000032,716.474149200003,716.7730969999975,716.7730969999975,717.3912743999972,left,1,0.6028362999932142,None,,,,02,001,2025-11-14_20h16.24.165,cueing_task_exp,,2025.1.1,59.704664904256454,2025-11-14 20h16.34.643965 +0530,
→,0.5,valid,right,394,4,39,right,1,0.39102989999810234,None,39,4,394,7,717.4069724000001,,,,,,,,,717.3935511000018,717.4069724000001,717.9075640999945,717.9075640999945,718.1903664999991,718.4901113999949,718.4901113999949,718.8918514999968,right,1,0.39102989999810234,None,,,,02,001,2025-11-14_20h16.24.165,cueing_task_exp,,2025.1.1,59.704664904256454,2025-11-14 20h16.34.643965 +0530,
→,-0.5,invalid,left,395,5,39,left,1,0.4133125999942422,None,39,5,395,8,718.9057071999996,,,,,,,,,718.8924050999922,718.9057071999996,719.4072902999906,719.4072902999906,719.7064220000029,720.0073352999898,720.0073352999898,720.4250749999919,left,1,0.4133125999942422,None,,,,02,001,2025-11-14_20h16.24.165,cueing_task_exp,,2025.1.1,59.704664904256454,2025-11-14 20h16.34.643965 +0530,
←,-0.5,valid,left,396,6,39,left,1,0.6809464000107255,None,39,6,396,4,720.4389848999999,,,,,,,,,720.4275059999927,720.4389848999999,720.9392321999912,720.9392321999912,721.2410715000005,721.5412845999963,721.5412845999963,722.224277699992,left,1,0.6809464000107255,None,,,,02,001,2025-11-14_20h16.24.165,cueing_task_exp,,2025.1.1,59.704664904256454,2025-11-14 20h16.34.643965 +0530,
→,0.5,valid,right,397,7,39,right,1,0.4573982000001706,None,39,7,397,2,722.2402912999969,,,,,,,,,722.2267084999912,722.2402912999969,722.7240295999945,722.7240295999945,723.0397130999918,723.32436649999,723.32436649999,723.7902443999919,right,1,0.4573982000001706,None,,,,02,001,2025-11-14_20h16.24.165,cueing_task_exp,,2025.1.1,59.704664904256454,2025-11-14 20h16.34.643965 +0530,
→,0.5,valid,right,398,8,39,right,1,0.429723199995351,None,39,8,398,3,723.8071568000014,,,,,,,,,723.7909556999948,723.8071568000014,724.2910304999969,724.2910304999969,724.5908579999959,724.889053699997,724.889053699997,725.3233383999905,right,1,0.429723199995351,None,,,,02,001,2025-11-14_20h16.24.165,cueing_task_exp,,2025.1.1,59.704664904256454,2025-11-14 20h16.34.643965 +0530,
←,-0.5,valid,left,399,9,39,left,1,0.4753371000115294,None,39,9,399,5,725.3399208999908,,,,,,,,,725.3257867999928,725.3399208999908,725.8243852000014,725.8243852000014,726.1240878999961,726.4229482999945,726.4229482999945,726.906677299994,left,1,0.4753371000115294,None,,,,02,001,2025-11-14_20h16.24.165,cueing_task_exp,,2025.1.1,59.704664904256454,2025-11-14 20h16.34.643965 +0530,
,,,,,,,,,,,,,,,,,,,,,,,,,,,,,,,,,,,,726.9068363999977,726.9233409000008,727.1076738999982,02,001,2025-11-14_20h16.24.165,cueing_task_exp,,2025.1.1,59.704664904256454,2025-11-14 20h16.34.643965 +0530,
