13.0867 	INFO 	Loaded monitor calibration from ['2025_08_12 09:11']
13.1044 	WARNING 	User requested fullscreen with size [1024  768], but screen is actually [1920, 1080]. Using actual size
13.5320 	INFO 	Using renderer 'AMD Radeon(TM) Graphics' for graphics
13.5320 	INFO 	OpenGL version supported by driver is 4..
13.5796 	EXP 	Created window1 = Window(allowGUI=False, allowStencil=False, autoLog=True, backendConf=UNKNOWN, backgroundFit=<method-wrapper '__getattribute__' of attributeSetter object at 0x000001B6C1E7E230>, backgroundImage=<method-wrapper '__getattribute__' of attributeSetter object at 0x000001B6C1E7E1D0>, bitsMode=UNKNOWN, blendMode='avg', bpc=(8, 8, 8), color=array([0, 0, 0]), colorSpace='rgb', depthBits=8, fullscr=True, gamma=None, gammaErrorPolicy='raise', infoMsg=UNKNOWN, lms=UNKNOWN, monitor=<psychopy.monitors.calibTools.Monitor object at 0x000001B6C1F33A90>, multiSample=False, name='window1', numSamples=2, pos=[np.float64(0.0), np.float64(0.0)], screen=0, size=array([1920, 1080]), stencilBits=0, stereo=False, title='PsychoPy', units='height', useFBO=True, useRetina=False, viewOri=0.0, viewPos=None, viewScale=None, waitBlanking=True, winType='pyglet')
13.5797 	EXP 	window1: backgroundImage = ''
13.5797 	EXP 	window1: backgroundFit = 'none'
14.0566 	EXP 	window1: Attempting to measure frame rate of screen (0) ...
14.0567 	EXP 	window1: recordFrameIntervals = False
14.2360 	EXP 	window1: recordFrameIntervals = True
14.4184 	EXP 	Screen (0) actual frame rate measured at 59.70Hz
14.4185 	EXP 	window1: recordFrameIntervals = False
14.4682 	INFO 	keyboard.Keyboard is using ptb backend.
14.4685 	INFO 	keyboard.Keyboard is using ptb backend.
14.4685 	INFO 	keyboard.Keyboard is using ptb backend.
14.4686 	EXP 	cueing_task_exp: status = STARTED
14.5706 	EXP 	Created welcome_text = TextStim(__class__=<class 'psychopy.visual.text.TextStim'>, alignHoriz=method-wrapper(...), alignText='center', alignVert=method-wrapper(...), anchorHoriz='center', anchorVert='center', antialias=True, autoDraw=False, autoLog=True, bold=False, color=array([1., 1., 1.]), colorSpace='rgb', contrast=1.0, depth=0.0, draggable=False, flipHoriz=False, flipVert=False, font='Arial', fontFiles=[], height=np.float64(0.05), italic=False, languageStyle='LTR', name='welcome_text', opacity=1, ori=0.0, pos=array([0., 0.]), rgb=UNKNOWN, text=str(...), units='height', win=Window(...), wrapWidth=1)
14.5752 	EXP 	Created fixation = ShapeStim(__class__=<class 'psychopy.visual.shape.ShapeStim'>, anchor=('center', 'center'), autoDraw=False, autoLog=True, closeShape=True, color=method-wrapper(...), colorSpace='rgb', contrast=None, depth=0.0, draggable=False, fillColor=array([1, 1, 1]), fillColorSpace='rgb', fillRGB=array([1, 1, 1]), interpolate=True, lineColor=array([1., 1., 1.]), lineColorSpace='rgb', lineRGB=array([1, 1, 1]), lineWidth=1.0, name='fixation', opacity=1, ori=0.0, pos=array([0., 0.]), size=array([0.05, 0.05]), units='height', vertices=ndarray(...), win=Window(...), windingRule=None)
14.5767 	EXP 	Created cue_text = TextStim(__class__=<class 'psychopy.visual.text.TextStim'>, alignHoriz=method-wrapper(...), alignText='center', alignVert=method-wrapper(...), anchorHoriz='center', anchorVert='center', antialias=True, autoDraw=False, autoLog=True, bold=False, color=array([1., 1., 1.]), colorSpace='rgb', contrast=1.0, depth=-1.0, draggable=False, flipHoriz=False, flipVert=False, font='Arial', fontFiles=[], height=0.1, italic=False, languageStyle='LTR', name='cue_text', opacity=1, ori=0.0, pos=array([0., 0.]), rgb=UNKNOWN, text='', units='height', win=Window(...), wrapWidth=1)
14.5777 	EXP 	Created target = Rect(__class__=<class 'psychopy.visual.rect.Rect'>, anchor=('center', 'center'), autoDraw=False, autoLog=True, closeShape=True, color=method-wrapper(...), colorSpace='rgb', contrast=None, depth=-2.0, draggable=False, fillColor=array([1., 1., 1.]), fillColorSpace='rgb', fillRGB=array([1., 1., 1.]), interpolate=True, lineColor=array([1., 1., 1.]), lineColorSpace='rgb', lineRGB=array([1., 1., 1.]), lineWidth=1.0, name='target', opacity=1, ori=0.0, pos=array([0., 0.]), size=array([0.15, 0.15]), units='height', vertices=ndarray(...), win=Window(...))
14.5821 	EXP 	Created text = TextStim(__class__=<class 'psychopy.visual.text.TextStim'>, alignHoriz=method-wrapper(...), alignText='center', alignVert=method-wrapper(...), anchorHoriz='center', anchorVert='center', antialias=True, autoDraw=False, autoLog=True, bold=False, color=array([1., 1., 1.]), colorSpace='rgb', contrast=1.0, depth=0.0, draggable=False, flipHoriz=False, flipVert=False, font='Arial', fontFiles=[], height=np.float64(0.05), italic=False, languageStyle='LTR', name='text', opacity=1, ori=0.0, pos=array([0., 0.]), rgb=UNKNOWN, text=str(...), units='height', win=Window(...), wrapWidth=1)
0.0195 	INFO 	Keyboard events cleared
0.0193 	EXP 	welcome_text: autoDraw = True
6.6431 	EXP 	Device response: <KeyPress from None: t=6.630118799992488, value=space, duration=None>
6.6538 	EXP 	Imported conditions_file.xlsx as conditions, 10 conditions, 4 params
6.6586 	EXP 	New trial (rep=0, index=0): <Trial 0 (0 in rep 0) data={'cue_arrow': '→', 'target_x': 0.5, 'condition': 'valid', 'corr_Ans': 'right', 'thisN': 0, 'thisTrialN': 0, 'thisRepN': 0}>
6.6746 	DATA 	Keypress: space
6.6835 	EXP 	welcome_text: autoDraw = False
6.6835 	EXP 	cue_text: height = np.float64(0.1)
6.6835 	EXP 	cue_text: height = np.float64(0.1)
6.6835 	EXP 	cue_text: height = np.float64(0.1)
6.6835 	EXP 	cue_text: text = '→'
6.6835 	EXP 	fixation: autoDraw = True
6.7124 	EXP 	Device response: <KeyPress from None: t=6.630118799992488, value=space, duration=0.07717550000234041>
7.1452 	EXP 	fixation: autoDraw = False
7.1452 	EXP 	cue_text: autoDraw = True
7.4450 	EXP 	cue_text: autoDraw = False
7.6285 	EXP 	Device response: <KeyPress from None: t=7.621662599995034, value=right, duration=None>
7.6292 	DATA 	Keypress: right
7.7113 	EXP 	Device response: <KeyPress from None: t=7.621662599995034, value=right, duration=0.08764959999825805>
7.7450 	INFO 	Keyboard events cleared
7.7448 	EXP 	target: autoDraw = True
9.7448 	EXP 	Device response: <KeyPress from None: t=9.741077899991069, value=right, duration=None>
9.7451 	EXP 	New trial (rep=0, index=1): <Trial 1 (1 in rep 0) data={'cue_arrow': '←', 'target_x': -0.5, 'condition': 'valid', 'corr_Ans': 'left', 'thisN': 1, 'thisTrialN': 1, 'thisRepN': 0}>
9.7512 	DATA 	Keypress: right
9.7602 	EXP 	fixation: autoDraw = False
9.7602 	EXP 	cue_text: autoDraw = False
9.7602 	EXP 	target: autoDraw = False
9.7602 	EXP 	cue_text: height = np.float64(0.1)
9.7602 	EXP 	cue_text: height = np.float64(0.1)
9.7602 	EXP 	cue_text: height = np.float64(0.1)
9.7602 	EXP 	cue_text: text = '←'
9.7602 	EXP 	fixation: autoDraw = True
9.8946 	EXP 	Device response: <KeyPress from None: t=9.741077899991069, value=right, duration=0.14890210000157822>
10.2454 	EXP 	fixation: autoDraw = False
10.2454 	EXP 	cue_text: autoDraw = True
10.5453 	EXP 	cue_text: autoDraw = False
10.8458 	INFO 	Keyboard events cleared
10.8456 	EXP 	target: autoDraw = True
11.3781 	EXP 	Device response: <KeyPress from None: t=11.36434339999687, value=left, duration=None>
11.3785 	EXP 	New trial (rep=0, index=2): <Trial 2 (2 in rep 0) data={'cue_arrow': '←', 'target_x': -0.5, 'condition': 'valid', 'corr_Ans': 'left', 'thisN': 2, 'thisTrialN': 2, 'thisRepN': 0}>
11.3797 	DATA 	Keypress: left
11.3950 	EXP 	fixation: autoDraw = False
11.3950 	EXP 	cue_text: autoDraw = False
11.3950 	EXP 	target: autoDraw = False
11.3950 	EXP 	cue_text: text = '←'
11.3950 	EXP 	fixation: autoDraw = True
11.5614 	EXP 	Device response: <KeyPress from None: t=11.36434339999687, value=left, duration=0.19043279999459628>
11.8768 	EXP 	fixation: autoDraw = False
11.8768 	EXP 	cue_text: autoDraw = True
12.1776 	EXP 	cue_text: autoDraw = False
12.4790 	INFO 	Keyboard events cleared
12.4787 	EXP 	target: autoDraw = True
12.4945 	EXP 	Device response: <KeyPress from None: t=12.480395299993688, value=left, duration=None>
12.4948 	EXP 	New trial (rep=0, index=3): <Trial 3 (3 in rep 0) data={'cue_arrow': '→', 'target_x': 0.5, 'condition': 'valid', 'corr_Ans': 'right', 'thisN': 3, 'thisTrialN': 3, 'thisRepN': 0}>
12.4982 	DATA 	Keypress: left
12.5114 	EXP 	fixation: autoDraw = False
12.5114 	EXP 	cue_text: autoDraw = False
12.5114 	EXP 	target: autoDraw = False
12.5114 	EXP 	cue_text: height = np.float64(0.1)
12.5114 	EXP 	cue_text: height = np.float64(0.1)
12.5114 	EXP 	cue_text: height = np.float64(0.1)
12.5114 	EXP 	cue_text: text = '→'
12.5114 	EXP 	fixation: autoDraw = True
12.7120 	EXP 	Device response: <KeyPress from None: t=12.480395299993688, value=left, duration=0.2196576999995159>
12.9940 	EXP 	fixation: autoDraw = False
12.9940 	EXP 	cue_text: autoDraw = True
13.2954 	EXP 	cue_text: autoDraw = False
13.5951 	INFO 	Keyboard events cleared
13.5949 	EXP 	target: autoDraw = True
13.8291 	EXP 	Device response: <KeyPress from None: t=13.823932200000854, value=right, duration=None>
13.8296 	EXP 	New trial (rep=0, index=4): <Trial 4 (4 in rep 0) data={'cue_arrow': '→', 'target_x': -0.5, 'condition': 'invalid', 'corr_Ans': 'left', 'thisN': 4, 'thisTrialN': 4, 'thisRepN': 0}>
13.8312 	DATA 	Keypress: right
13.8436 	EXP 	fixation: autoDraw = False
13.8436 	EXP 	cue_text: autoDraw = False
13.8436 	EXP 	target: autoDraw = False
13.8436 	EXP 	cue_text: text = '→'
13.8436 	EXP 	fixation: autoDraw = True
13.9779 	EXP 	Device response: <KeyPress from None: t=13.823932200000854, value=right, duration=0.14612819999456406>
14.3457 	EXP 	fixation: autoDraw = False
14.3457 	EXP 	cue_text: autoDraw = True
14.6451 	EXP 	cue_text: autoDraw = False
14.9450 	INFO 	Keyboard events cleared
14.9448 	EXP 	target: autoDraw = True
15.1455 	EXP 	Device response: <KeyPress from None: t=15.1417175999959, value=right, duration=None>
15.1458 	EXP 	New trial (rep=0, index=5): <Trial 5 (5 in rep 0) data={'cue_arrow': '→', 'target_x': 0.5, 'condition': 'valid', 'corr_Ans': 'right', 'thisN': 5, 'thisTrialN': 5, 'thisRepN': 0}>
15.1471 	DATA 	Keypress: right
15.1602 	EXP 	fixation: autoDraw = False
15.1602 	EXP 	cue_text: autoDraw = False
15.1602 	EXP 	target: autoDraw = False
15.1602 	EXP 	cue_text: text = '→'
15.1602 	EXP 	fixation: autoDraw = True
15.2945 	EXP 	Device response: <KeyPress from None: t=15.1417175999959, value=right, duration=0.13746270000410732>
15.6620 	EXP 	fixation: autoDraw = False
15.6620 	EXP 	cue_text: autoDraw = True
15.9449 	EXP 	cue_text: autoDraw = False
16.2449 	INFO 	Keyboard events cleared
16.2447 	EXP 	target: autoDraw = True
17.2115 	EXP 	Device response: <KeyPress from None: t=17.203055599995423, value=right, duration=None>
17.2119 	EXP 	New trial (rep=0, index=6): <Trial 6 (6 in rep 0) data={'cue_arrow': '←', 'target_x': -0.5, 'condition': 'valid', 'corr_Ans': 'left', 'thisN': 6, 'thisTrialN': 6, 'thisRepN': 0}>
17.2148 	DATA 	Keypress: right
17.2279 	EXP 	fixation: autoDraw = False
17.2279 	EXP 	cue_text: autoDraw = False
17.2279 	EXP 	target: autoDraw = False
17.2279 	EXP 	cue_text: height = np.float64(0.1)
17.2279 	EXP 	cue_text: height = np.float64(0.1)
17.2279 	EXP 	cue_text: height = np.float64(0.1)
17.2279 	EXP 	cue_text: text = '←'
17.2279 	EXP 	fixation: autoDraw = True
17.3611 	EXP 	Device response: <KeyPress from None: t=17.203055599995423, value=right, duration=0.15550290000101086>
17.7123 	EXP 	fixation: autoDraw = False
17.7123 	EXP 	cue_text: autoDraw = True
18.0117 	EXP 	cue_text: autoDraw = False
18.3120 	INFO 	Keyboard events cleared
18.3118 	EXP 	target: autoDraw = True
18.9612 	EXP 	Device response: <KeyPress from None: t=18.952867500003777, value=left, duration=None>
18.9616 	EXP 	New trial (rep=0, index=7): <Trial 7 (7 in rep 0) data={'cue_arrow': '←', 'target_x': -0.5, 'condition': 'valid', 'corr_Ans': 'left', 'thisN': 7, 'thisTrialN': 7, 'thisRepN': 0}>
18.9629 	DATA 	Keypress: left
18.9774 	EXP 	fixation: autoDraw = False
18.9774 	EXP 	cue_text: autoDraw = False
18.9774 	EXP 	target: autoDraw = False
18.9774 	EXP 	cue_text: text = '←'
18.9774 	EXP 	fixation: autoDraw = True
19.1450 	EXP 	Device response: <KeyPress from None: t=18.952867500003777, value=left, duration=0.18399479999789037>
19.4627 	EXP 	fixation: autoDraw = False
19.4627 	EXP 	cue_text: autoDraw = True
19.7624 	EXP 	cue_text: autoDraw = False
20.0624 	INFO 	Keyboard events cleared
20.0622 	EXP 	target: autoDraw = True
20.5790 	EXP 	Device response: <KeyPress from None: t=20.57545150000078, value=left, duration=None>
20.5793 	EXP 	New trial (rep=0, index=8): <Trial 8 (8 in rep 0) data={'cue_arrow': '→', 'target_x': 0.5, 'condition': 'valid', 'corr_Ans': 'right', 'thisN': 8, 'thisTrialN': 8, 'thisRepN': 0}>
20.5826 	DATA 	Keypress: left
20.5946 	EXP 	fixation: autoDraw = False
20.5946 	EXP 	cue_text: autoDraw = False
20.5946 	EXP 	target: autoDraw = False
20.5946 	EXP 	cue_text: height = np.float64(0.1)
20.5946 	EXP 	cue_text: height = np.float64(0.1)
20.5946 	EXP 	cue_text: height = np.float64(0.1)
20.5946 	EXP 	cue_text: text = '→'
20.5946 	EXP 	fixation: autoDraw = True
20.7444 	EXP 	Device response: <KeyPress from None: t=20.57545150000078, value=left, duration=0.15996619999350514>
21.0777 	EXP 	fixation: autoDraw = False
21.0777 	EXP 	cue_text: autoDraw = True
21.3782 	EXP 	cue_text: autoDraw = False
21.6955 	INFO 	Keyboard events cleared
21.6953 	EXP 	target: autoDraw = True
22.0284 	EXP 	Device response: <KeyPress from None: t=22.020688000004156, value=right, duration=None>
22.0288 	EXP 	New trial (rep=0, index=9): <Trial 9 (9 in rep 0) data={'cue_arrow': '←', 'target_x': 0.5, 'condition': 'invalid', 'corr_Ans': 'right', 'thisN': 9, 'thisTrialN': 9, 'thisRepN': 0}>
22.0317 	DATA 	Keypress: right
22.0443 	EXP 	fixation: autoDraw = False
22.0443 	EXP 	cue_text: autoDraw = False
22.0443 	EXP 	target: autoDraw = False
22.0443 	EXP 	cue_text: height = np.float64(0.1)
22.0443 	EXP 	cue_text: height = np.float64(0.1)
22.0443 	EXP 	cue_text: height = np.float64(0.1)
22.0443 	EXP 	cue_text: text = '←'
22.0443 	EXP 	fixation: autoDraw = True
22.1954 	EXP 	Device response: <KeyPress from None: t=22.020688000004156, value=right, duration=0.16480400000000373>
22.5297 	EXP 	fixation: autoDraw = False
22.5297 	EXP 	cue_text: autoDraw = True
22.8288 	EXP 	cue_text: autoDraw = False
23.1289 	INFO 	Keyboard events cleared
23.1287 	EXP 	target: autoDraw = True
23.7453 	EXP 	Device response: <KeyPress from None: t=23.741631999990204, value=right, duration=None>
23.7457 	EXP 	New trial (rep=1, index=0): <Trial 10 (0 in rep 1) data={'cue_arrow': '→', 'target_x': 0.5, 'condition': 'valid', 'corr_Ans': 'right', 'thisN': 10, 'thisTrialN': 0, 'thisRepN': 1}>
23.7487 	DATA 	Keypress: right
23.7611 	EXP 	fixation: autoDraw = False
23.7611 	EXP 	cue_text: autoDraw = False
23.7611 	EXP 	target: autoDraw = False
23.7611 	EXP 	cue_text: height = np.float64(0.1)
23.7611 	EXP 	cue_text: height = np.float64(0.1)
23.7611 	EXP 	cue_text: height = np.float64(0.1)
23.7611 	EXP 	cue_text: text = '→'
23.7611 	EXP 	fixation: autoDraw = True
23.8789 	EXP 	Device response: <KeyPress from None: t=23.741631999990204, value=right, duration=0.1288679000135744>
24.2459 	EXP 	fixation: autoDraw = False
24.2459 	EXP 	cue_text: autoDraw = True
24.5454 	EXP 	cue_text: autoDraw = False
24.8446 	INFO 	Keyboard events cleared
24.8444 	EXP 	target: autoDraw = True
25.8467 	DATA 	Keypress: right
25.8617 	EXP 	Device response: <KeyPress from None: t=25.845039899999392, value=right, duration=None>
25.8621 	EXP 	New trial (rep=1, index=1): <Trial 11 (1 in rep 1) data={'cue_arrow': '←', 'target_x': -0.5, 'condition': 'valid', 'corr_Ans': 'left', 'thisN': 11, 'thisTrialN': 1, 'thisRepN': 1}>
25.8790 	EXP 	fixation: autoDraw = False
25.8790 	EXP 	cue_text: autoDraw = False
25.8790 	EXP 	target: autoDraw = False
25.8790 	EXP 	cue_text: height = np.float64(0.1)
25.8790 	EXP 	cue_text: height = np.float64(0.1)
25.8790 	EXP 	cue_text: height = np.float64(0.1)
25.8790 	EXP 	cue_text: text = '←'
25.8790 	EXP 	fixation: autoDraw = True
26.0109 	EXP 	Device response: <KeyPress from None: t=25.845039899999392, value=right, duration=0.16098549999878742>
26.3611 	EXP 	fixation: autoDraw = False
26.3611 	EXP 	cue_text: autoDraw = True
26.6625 	EXP 	cue_text: autoDraw = False
26.9620 	INFO 	Keyboard events cleared
26.9618 	EXP 	target: autoDraw = True
27.4450 	EXP 	Device response: <KeyPress from None: t=27.444270699998015, value=left, duration=None>
27.4454 	EXP 	New trial (rep=1, index=2): <Trial 12 (2 in rep 1) data={'cue_arrow': '←', 'target_x': -0.5, 'condition': 'valid', 'corr_Ans': 'left', 'thisN': 12, 'thisTrialN': 2, 'thisRepN': 1}>
27.4468 	DATA 	Keypress: left
27.4606 	EXP 	fixation: autoDraw = False
27.4606 	EXP 	cue_text: autoDraw = False
27.4606 	EXP 	target: autoDraw = False
27.4606 	EXP 	cue_text: text = '←'
27.4606 	EXP 	fixation: autoDraw = True
27.6111 	EXP 	Device response: <KeyPress from None: t=27.444270699998015, value=left, duration=0.15550399999483489>
27.9613 	EXP 	fixation: autoDraw = False
27.9613 	EXP 	cue_text: autoDraw = True
28.2603 	EXP 	cue_text: autoDraw = False
28.5602 	INFO 	Keyboard events cleared
28.5601 	EXP 	target: autoDraw = True
28.9938 	EXP 	Device response: <KeyPress from None: t=28.978945700000622, value=left, duration=None>
28.9940 	EXP 	New trial (rep=1, index=3): <Trial 13 (3 in rep 1) data={'cue_arrow': '→', 'target_x': 0.5, 'condition': 'valid', 'corr_Ans': 'right', 'thisN': 13, 'thisTrialN': 3, 'thisRepN': 1}>
29.0682 	DATA 	Keypress: left
29.0747 	EXP 	fixation: autoDraw = False
29.0747 	EXP 	cue_text: autoDraw = False
29.0747 	EXP 	target: autoDraw = False
29.0747 	EXP 	cue_text: height = np.float64(0.1)
29.0747 	EXP 	cue_text: height = np.float64(0.1)
29.0747 	EXP 	cue_text: height = np.float64(0.1)
29.0747 	EXP 	cue_text: text = '→'
29.0747 	EXP 	fixation: autoDraw = True
29.1604 	EXP 	Device response: <KeyPress from None: t=28.978945700000622, value=left, duration=0.1801021999999648>
29.4943 	EXP 	fixation: autoDraw = False
29.4943 	EXP 	cue_text: autoDraw = True
29.7935 	EXP 	cue_text: autoDraw = False
30.0936 	INFO 	Keyboard events cleared
30.0935 	EXP 	target: autoDraw = True
30.5603 	EXP 	Device response: <KeyPress from None: t=30.545881199999712, value=right, duration=None>
30.5606 	EXP 	New trial (rep=1, index=4): <Trial 14 (4 in rep 1) data={'cue_arrow': '←', 'target_x': -0.5, 'condition': 'valid', 'corr_Ans': 'left', 'thisN': 14, 'thisTrialN': 4, 'thisRepN': 1}>
30.5628 	DATA 	Keypress: right
30.5778 	EXP 	fixation: autoDraw = False
30.5778 	EXP 	cue_text: autoDraw = False
30.5778 	EXP 	target: autoDraw = False
30.5778 	EXP 	cue_text: height = np.float64(0.1)
30.5778 	EXP 	cue_text: height = np.float64(0.1)
30.5778 	EXP 	cue_text: height = np.float64(0.1)
30.5778 	EXP 	cue_text: text = '←'
30.5778 	EXP 	fixation: autoDraw = True
30.6602 	EXP 	Device response: <KeyPress from None: t=30.545881199999712, value=right, duration=0.1078646999958437>
31.0601 	EXP 	fixation: autoDraw = False
31.0601 	EXP 	cue_text: autoDraw = True
31.3599 	EXP 	cue_text: autoDraw = False
31.6621 	INFO 	Keyboard events cleared
31.6619 	EXP 	target: autoDraw = True
31.9955 	EXP 	Device response: <KeyPress from None: t=31.98025229999621, value=left, duration=None>
31.9957 	EXP 	New trial (rep=1, index=5): <Trial 15 (5 in rep 1) data={'cue_arrow': '→', 'target_x': 0.5, 'condition': 'valid', 'corr_Ans': 'right', 'thisN': 15, 'thisTrialN': 5, 'thisRepN': 1}>
31.9982 	DATA 	Keypress: left
32.0114 	EXP 	fixation: autoDraw = False
32.0114 	EXP 	cue_text: autoDraw = False
32.0114 	EXP 	target: autoDraw = False
32.0114 	EXP 	cue_text: height = np.float64(0.1)
32.0114 	EXP 	cue_text: height = np.float64(0.1)
32.0114 	EXP 	cue_text: height = np.float64(0.1)
32.0114 	EXP 	cue_text: text = '→'
32.0114 	EXP 	fixation: autoDraw = True
32.1617 	EXP 	Device response: <KeyPress from None: t=31.98025229999621, value=left, duration=0.16534870000032242>
32.4940 	EXP 	fixation: autoDraw = False
32.4940 	EXP 	cue_text: autoDraw = True
32.7953 	EXP 	cue_text: autoDraw = False
33.0956 	INFO 	Keyboard events cleared
33.0954 	EXP 	target: autoDraw = True
33.5785 	EXP 	Device response: <KeyPress from None: t=33.575984800001606, value=right, duration=None>
33.5788 	EXP 	New trial (rep=1, index=6): <Trial 16 (6 in rep 1) data={'cue_arrow': '←', 'target_x': 0.5, 'condition': 'invalid', 'corr_Ans': 'right', 'thisN': 16, 'thisTrialN': 6, 'thisRepN': 1}>
33.5819 	DATA 	Keypress: right
33.5939 	EXP 	fixation: autoDraw = False
33.5939 	EXP 	cue_text: autoDraw = False
33.5939 	EXP 	target: autoDraw = False
33.5939 	EXP 	cue_text: height = np.float64(0.1)
33.5939 	EXP 	cue_text: height = np.float64(0.1)
33.5939 	EXP 	cue_text: height = np.float64(0.1)
33.5939 	EXP 	cue_text: text = '←'
33.5939 	EXP 	fixation: autoDraw = True
33.7619 	EXP 	Device response: <KeyPress from None: t=33.575984800001606, value=right, duration=0.17056220000085887>
34.0791 	EXP 	fixation: autoDraw = False
34.0791 	EXP 	cue_text: autoDraw = True
34.3790 	EXP 	cue_text: autoDraw = False
34.6783 	INFO 	Keyboard events cleared
34.6781 	EXP 	target: autoDraw = True
35.1794 	EXP 	Device response: <KeyPress from None: t=35.175722300002235, value=right, duration=None>
35.1798 	EXP 	New trial (rep=1, index=7): <Trial 17 (7 in rep 1) data={'cue_arrow': '→', 'target_x': -0.5, 'condition': 'invalid', 'corr_Ans': 'left', 'thisN': 17, 'thisTrialN': 7, 'thisRepN': 1}>
35.1830 	DATA 	Keypress: right
35.1952 	EXP 	fixation: autoDraw = False
35.1952 	EXP 	cue_text: autoDraw = False
35.1952 	EXP 	target: autoDraw = False
35.1952 	EXP 	cue_text: height = np.float64(0.1)
35.1952 	EXP 	cue_text: height = np.float64(0.1)
35.1952 	EXP 	cue_text: height = np.float64(0.1)
35.1952 	EXP 	cue_text: text = '→'
35.1952 	EXP 	fixation: autoDraw = True
35.3621 	EXP 	Device response: <KeyPress from None: t=35.175722300002235, value=right, duration=0.17990859999554232>
35.6782 	EXP 	fixation: autoDraw = False
35.6782 	EXP 	cue_text: autoDraw = True
35.9946 	EXP 	cue_text: autoDraw = False
36.2786 	INFO 	Keyboard events cleared
36.2784 	EXP 	target: autoDraw = True
38.3120 	EXP 	Device response: <KeyPress from None: t=38.30852779999259, value=right, duration=None>
38.3123 	EXP 	New trial (rep=1, index=8): <Trial 18 (8 in rep 1) data={'cue_arrow': '→', 'target_x': 0.5, 'condition': 'valid', 'corr_Ans': 'right', 'thisN': 18, 'thisTrialN': 8, 'thisRepN': 1}>
38.3135 	DATA 	Keypress: right
38.3274 	EXP 	fixation: autoDraw = False
38.3274 	EXP 	cue_text: autoDraw = False
38.3274 	EXP 	target: autoDraw = False
38.3274 	EXP 	cue_text: text = '→'
38.3274 	EXP 	fixation: autoDraw = True
38.4617 	EXP 	Device response: <KeyPress from None: t=38.30852779999259, value=right, duration=0.14838179999787826>
38.8121 	EXP 	fixation: autoDraw = False
38.8121 	EXP 	cue_text: autoDraw = True
39.1122 	EXP 	cue_text: autoDraw = False
39.4128 	INFO 	Keyboard events cleared
39.4126 	EXP 	target: autoDraw = True
40.1787 	EXP 	Device response: <KeyPress from None: t=40.16664889999083, value=right, duration=None>
40.1790 	EXP 	New trial (rep=1, index=9): <Trial 19 (9 in rep 1) data={'cue_arrow': '←', 'target_x': -0.5, 'condition': 'valid', 'corr_Ans': 'left', 'thisN': 19, 'thisTrialN': 9, 'thisRepN': 1}>
40.1819 	DATA 	Keypress: right
40.1942 	EXP 	fixation: autoDraw = False
40.1942 	EXP 	cue_text: autoDraw = False
40.1942 	EXP 	target: autoDraw = False
40.1942 	EXP 	cue_text: height = np.float64(0.1)
40.1942 	EXP 	cue_text: height = np.float64(0.1)
40.1942 	EXP 	cue_text: height = np.float64(0.1)
40.1942 	EXP 	cue_text: text = '←'
40.1942 	EXP 	fixation: autoDraw = True
40.3458 	EXP 	Device response: <KeyPress from None: t=40.16664889999083, value=right, duration=0.1706420000118669>
40.6791 	EXP 	fixation: autoDraw = False
40.6791 	EXP 	cue_text: autoDraw = True
40.9791 	EXP 	cue_text: autoDraw = False
41.2791 	INFO 	Keyboard events cleared
41.2789 	EXP 	target: autoDraw = True
41.9450 	EXP 	Device response: <KeyPress from None: t=41.94219560000056, value=left, duration=None>
41.9454 	EXP 	New trial (rep=2, index=0): <Trial 20 (0 in rep 2) data={'cue_arrow': '→', 'target_x': 0.5, 'condition': 'valid', 'corr_Ans': 'right', 'thisN': 20, 'thisTrialN': 0, 'thisRepN': 2}>
41.9486 	DATA 	Keypress: left
41.9612 	EXP 	fixation: autoDraw = False
41.9612 	EXP 	cue_text: autoDraw = False
41.9612 	EXP 	target: autoDraw = False
41.9612 	EXP 	cue_text: height = np.float64(0.1)
41.9612 	EXP 	cue_text: height = np.float64(0.1)
41.9612 	EXP 	cue_text: height = np.float64(0.1)
41.9612 	EXP 	cue_text: text = '→'
41.9612 	EXP 	fixation: autoDraw = True
42.1451 	EXP 	Device response: <KeyPress from None: t=41.94219560000056, value=left, duration=0.19043989999045152>
42.4449 	EXP 	fixation: autoDraw = False
42.4449 	EXP 	cue_text: autoDraw = True
42.7447 	EXP 	cue_text: autoDraw = False
43.0466 	INFO 	Keyboard events cleared
43.0463 	EXP 	target: autoDraw = True
43.6469 	EXP 	Device response: <KeyPress from None: t=43.635413800002425, value=right, duration=None>
43.6473 	EXP 	New trial (rep=2, index=1): <Trial 21 (1 in rep 2) data={'cue_arrow': '←', 'target_x': 0.5, 'condition': 'invalid', 'corr_Ans': 'right', 'thisN': 21, 'thisTrialN': 1, 'thisRepN': 2}>
43.6505 	DATA 	Keypress: right
43.6605 	EXP 	fixation: autoDraw = False
43.6605 	EXP 	cue_text: autoDraw = False
43.6605 	EXP 	target: autoDraw = False
43.6605 	EXP 	cue_text: height = np.float64(0.1)
43.6605 	EXP 	cue_text: height = np.float64(0.1)
43.6605 	EXP 	cue_text: height = np.float64(0.1)
43.6605 	EXP 	cue_text: text = '←'
43.6605 	EXP 	fixation: autoDraw = True
43.7615 	EXP 	Device response: <KeyPress from None: t=43.635413800002425, value=right, duration=0.11247909998928662>
44.1630 	EXP 	fixation: autoDraw = False
44.1630 	EXP 	cue_text: autoDraw = True
44.4619 	EXP 	cue_text: autoDraw = False
44.7622 	INFO 	Keyboard events cleared
44.7620 	EXP 	target: autoDraw = True
46.0459 	EXP 	Device response: <KeyPress from None: t=46.04255050000211, value=left, duration=None>
46.0464 	EXP 	New trial (rep=2, index=2): <Trial 22 (2 in rep 2) data={'cue_arrow': '←', 'target_x': -0.5, 'condition': 'valid', 'corr_Ans': 'left', 'thisN': 22, 'thisTrialN': 2, 'thisRepN': 2}>
46.0477 	DATA 	Keypress: left
46.0614 	EXP 	fixation: autoDraw = False
46.0614 	EXP 	cue_text: autoDraw = False
46.0614 	EXP 	target: autoDraw = False
46.0614 	EXP 	cue_text: text = '←'
46.0614 	EXP 	fixation: autoDraw = True
46.1792 	EXP 	Device response: <KeyPress from None: t=46.04255050000211, value=left, duration=0.13334819998999592>
46.5626 	EXP 	fixation: autoDraw = False
46.5626 	EXP 	cue_text: autoDraw = True
46.8459 	EXP 	cue_text: autoDraw = False
47.1462 	INFO 	Keyboard events cleared
47.1460 	EXP 	target: autoDraw = True
47.5293 	EXP 	Device response: <KeyPress from None: t=47.52575010000146, value=left, duration=None>
47.5297 	EXP 	New trial (rep=2, index=3): <Trial 23 (3 in rep 2) data={'cue_arrow': '←', 'target_x': -0.5, 'condition': 'valid', 'corr_Ans': 'left', 'thisN': 23, 'thisTrialN': 3, 'thisRepN': 2}>
47.5310 	DATA 	Keypress: left
47.5441 	EXP 	fixation: autoDraw = False
47.5441 	EXP 	cue_text: autoDraw = False
47.5441 	EXP 	target: autoDraw = False
47.5441 	EXP 	cue_text: text = '←'
47.5441 	EXP 	fixation: autoDraw = True
47.7115 	EXP 	Device response: <KeyPress from None: t=47.52575010000146, value=left, duration=0.17042969999602064>
48.0454 	EXP 	fixation: autoDraw = False
48.0454 	EXP 	cue_text: autoDraw = True
48.3286 	EXP 	cue_text: autoDraw = False
48.6458 	INFO 	Keyboard events cleared
48.6456 	EXP 	target: autoDraw = True
49.0948 	EXP 	Device response: <KeyPress from None: t=49.08168339999975, value=left, duration=None>
49.0953 	EXP 	New trial (rep=2, index=4): <Trial 24 (4 in rep 2) data={'cue_arrow': '→', 'target_x': -0.5, 'condition': 'invalid', 'corr_Ans': 'left', 'thisN': 24, 'thisTrialN': 4, 'thisRepN': 2}>
49.0984 	DATA 	Keypress: left
49.1109 	EXP 	fixation: autoDraw = False
49.1109 	EXP 	cue_text: autoDraw = False
49.1109 	EXP 	target: autoDraw = False
49.1109 	EXP 	cue_text: height = np.float64(0.1)
49.1109 	EXP 	cue_text: height = np.float64(0.1)
49.1109 	EXP 	cue_text: height = np.float64(0.1)
49.1109 	EXP 	cue_text: text = '→'
49.1109 	EXP 	fixation: autoDraw = True
49.2631 	EXP 	Device response: <KeyPress from None: t=49.08168339999975, value=left, duration=0.17758069999399595>
49.6127 	EXP 	fixation: autoDraw = False
49.6127 	EXP 	cue_text: autoDraw = True
49.8958 	EXP 	cue_text: autoDraw = False
50.1961 	INFO 	Keyboard events cleared
50.1959 	EXP 	target: autoDraw = True
50.9626 	EXP 	Device response: <KeyPress from None: t=50.95903349999571, value=left, duration=None>
50.9630 	EXP 	New trial (rep=2, index=5): <Trial 25 (5 in rep 2) data={'cue_arrow': '←', 'target_x': -0.5, 'condition': 'valid', 'corr_Ans': 'left', 'thisN': 25, 'thisTrialN': 5, 'thisRepN': 2}>
50.9660 	DATA 	Keypress: left
50.9783 	EXP 	fixation: autoDraw = False
50.9783 	EXP 	cue_text: autoDraw = False
50.9783 	EXP 	target: autoDraw = False
50.9783 	EXP 	cue_text: height = np.float64(0.1)
50.9783 	EXP 	cue_text: height = np.float64(0.1)
50.9783 	EXP 	cue_text: height = np.float64(0.1)
50.9783 	EXP 	cue_text: text = '←'
50.9783 	EXP 	fixation: autoDraw = True
51.1116 	EXP 	Device response: <KeyPress from None: t=50.95903349999571, value=left, duration=0.15008370000577997>
51.4620 	EXP 	fixation: autoDraw = False
51.4620 	EXP 	cue_text: autoDraw = True
51.7793 	EXP 	cue_text: autoDraw = False
52.0796 	INFO 	Keyboard events cleared
52.0794 	EXP 	target: autoDraw = True
52.7621 	EXP 	Device response: <KeyPress from None: t=52.74942359999113, value=left, duration=None>
52.7626 	EXP 	New trial (rep=2, index=6): <Trial 26 (6 in rep 2) data={'cue_arrow': '→', 'target_x': 0.5, 'condition': 'valid', 'corr_Ans': 'right', 'thisN': 26, 'thisTrialN': 6, 'thisRepN': 2}>
52.7656 	DATA 	Keypress: left
52.7781 	EXP 	fixation: autoDraw = False
52.7781 	EXP 	cue_text: autoDraw = False
52.7781 	EXP 	target: autoDraw = False
52.7781 	EXP 	cue_text: height = np.float64(0.1)
52.7781 	EXP 	cue_text: height = np.float64(0.1)
52.7781 	EXP 	cue_text: height = np.float64(0.1)
52.7781 	EXP 	cue_text: text = '→'
52.7781 	EXP 	fixation: autoDraw = True
52.8787 	EXP 	Device response: <KeyPress from None: t=52.74942359999113, value=left, duration=0.11963230000401381>
53.2618 	EXP 	fixation: autoDraw = False
53.2618 	EXP 	cue_text: autoDraw = True
53.5778 	EXP 	cue_text: autoDraw = False
53.8628 	INFO 	Keyboard events cleared
53.8626 	EXP 	target: autoDraw = True
54.2963 	EXP 	Device response: <KeyPress from None: t=54.29154910000216, value=right, duration=None>
54.2967 	EXP 	New trial (rep=2, index=7): <Trial 27 (7 in rep 2) data={'cue_arrow': '→', 'target_x': 0.5, 'condition': 'valid', 'corr_Ans': 'right', 'thisN': 27, 'thisTrialN': 7, 'thisRepN': 2}>
54.2980 	DATA 	Keypress: right
54.3117 	EXP 	fixation: autoDraw = False
54.3117 	EXP 	cue_text: autoDraw = False
54.3117 	EXP 	target: autoDraw = False
54.3117 	EXP 	cue_text: text = '→'
54.3117 	EXP 	fixation: autoDraw = True
54.4448 	EXP 	Device response: <KeyPress from None: t=54.29154910000216, value=right, duration=0.1474576999899>
54.7954 	EXP 	fixation: autoDraw = False
54.7954 	EXP 	cue_text: autoDraw = True
55.1120 	EXP 	cue_text: autoDraw = False
55.3966 	INFO 	Keyboard events cleared
55.3964 	EXP 	target: autoDraw = True
56.0790 	EXP 	Device response: <KeyPress from None: t=56.07078189999447, value=right, duration=None>
56.0794 	EXP 	New trial (rep=2, index=8): <Trial 28 (8 in rep 2) data={'cue_arrow': '→', 'target_x': 0.5, 'condition': 'valid', 'corr_Ans': 'right', 'thisN': 28, 'thisTrialN': 8, 'thisRepN': 2}>
56.0807 	DATA 	Keypress: right
56.0950 	EXP 	fixation: autoDraw = False
56.0950 	EXP 	cue_text: autoDraw = False
56.0950 	EXP 	target: autoDraw = False
56.0950 	EXP 	cue_text: text = '→'
56.0950 	EXP 	fixation: autoDraw = True
56.2120 	EXP 	Device response: <KeyPress from None: t=56.07078189999447, value=right, duration=0.1396019000094384>
56.5790 	EXP 	fixation: autoDraw = False
56.5790 	EXP 	cue_text: autoDraw = True
56.8794 	EXP 	cue_text: autoDraw = False
57.1800 	INFO 	Keyboard events cleared
57.1798 	EXP 	target: autoDraw = True
57.6628 	EXP 	Device response: <KeyPress from None: t=57.66128810000373, value=right, duration=None>
57.6631 	EXP 	New trial (rep=2, index=9): <Trial 29 (9 in rep 2) data={'cue_arrow': '←', 'target_x': -0.5, 'condition': 'valid', 'corr_Ans': 'left', 'thisN': 29, 'thisTrialN': 9, 'thisRepN': 2}>
57.6661 	DATA 	Keypress: right
57.6778 	EXP 	fixation: autoDraw = False
57.6778 	EXP 	cue_text: autoDraw = False
57.6778 	EXP 	target: autoDraw = False
57.6778 	EXP 	cue_text: height = np.float64(0.1)
57.6778 	EXP 	cue_text: height = np.float64(0.1)
57.6778 	EXP 	cue_text: height = np.float64(0.1)
57.6778 	EXP 	cue_text: text = '←'
57.6778 	EXP 	fixation: autoDraw = True
57.7623 	EXP 	Device response: <KeyPress from None: t=57.66128810000373, value=right, duration=0.08669559999543708>
58.1778 	EXP 	fixation: autoDraw = False
58.1778 	EXP 	cue_text: autoDraw = True
58.4627 	EXP 	cue_text: autoDraw = False
58.7631 	INFO 	Keyboard events cleared
58.7629 	EXP 	target: autoDraw = True
59.2115 	EXP 	Device response: <KeyPress from None: t=59.206514399993466, value=left, duration=None>
59.2120 	EXP 	New trial (rep=3, index=0): <Trial 30 (0 in rep 3) data={'cue_arrow': '→', 'target_x': 0.5, 'condition': 'valid', 'corr_Ans': 'right', 'thisN': 30, 'thisTrialN': 0, 'thisRepN': 3}>
59.2150 	DATA 	Keypress: left
59.2291 	EXP 	fixation: autoDraw = False
59.2291 	EXP 	cue_text: autoDraw = False
59.2291 	EXP 	target: autoDraw = False
59.2291 	EXP 	cue_text: height = np.float64(0.1)
59.2291 	EXP 	cue_text: height = np.float64(0.1)
59.2291 	EXP 	cue_text: height = np.float64(0.1)
59.2291 	EXP 	cue_text: text = '→'
59.2291 	EXP 	fixation: autoDraw = True
59.3790 	EXP 	Device response: <KeyPress from None: t=59.206514399993466, value=left, duration=0.15803849999792874>
59.7125 	EXP 	fixation: autoDraw = False
59.7125 	EXP 	cue_text: autoDraw = True
60.0127 	EXP 	cue_text: autoDraw = False
60.3128 	INFO 	Keyboard events cleared
60.3125 	EXP 	target: autoDraw = True
60.8467 	EXP 	Device response: <KeyPress from None: t=60.83514159999322, value=right, duration=None>
60.8472 	EXP 	New trial (rep=3, index=1): <Trial 31 (1 in rep 3) data={'cue_arrow': '←', 'target_x': 0.5, 'condition': 'invalid', 'corr_Ans': 'right', 'thisN': 31, 'thisTrialN': 1, 'thisRepN': 3}>
60.8509 	DATA 	Keypress: right
60.8616 	EXP 	fixation: autoDraw = False
60.8616 	EXP 	cue_text: autoDraw = False
60.8616 	EXP 	target: autoDraw = False
60.8616 	EXP 	cue_text: height = np.float64(0.1)
60.8616 	EXP 	cue_text: height = np.float64(0.1)
60.8616 	EXP 	cue_text: height = np.float64(0.1)
60.8616 	EXP 	cue_text: text = '←'
60.8616 	EXP 	fixation: autoDraw = True
61.0124 	EXP 	Device response: <KeyPress from None: t=60.83514159999322, value=right, duration=0.1674563999986276>
61.3460 	EXP 	fixation: autoDraw = False
61.3460 	EXP 	cue_text: autoDraw = True
61.6457 	EXP 	cue_text: autoDraw = False
61.9466 	INFO 	Keyboard events cleared
61.9464 	EXP 	target: autoDraw = True
63.0966 	EXP 	Device response: <KeyPress from None: t=63.092619399991236, value=left, duration=None>
63.0969 	EXP 	New trial (rep=3, index=2): <Trial 32 (2 in rep 3) data={'cue_arrow': '→', 'target_x': 0.5, 'condition': 'valid', 'corr_Ans': 'right', 'thisN': 32, 'thisTrialN': 2, 'thisRepN': 3}>
63.1000 	DATA 	Keypress: left
63.1120 	EXP 	fixation: autoDraw = False
63.1120 	EXP 	cue_text: autoDraw = False
63.1120 	EXP 	target: autoDraw = False
63.1120 	EXP 	cue_text: height = np.float64(0.1)
63.1120 	EXP 	cue_text: height = np.float64(0.1)
63.1120 	EXP 	cue_text: height = np.float64(0.1)
63.1120 	EXP 	cue_text: text = '→'
63.1120 	EXP 	fixation: autoDraw = True
63.2793 	EXP 	Device response: <KeyPress from None: t=63.092619399991236, value=left, duration=0.1711626000032993>
63.5957 	EXP 	fixation: autoDraw = False
63.5957 	EXP 	cue_text: autoDraw = True
63.9130 	EXP 	cue_text: autoDraw = False
64.1964 	INFO 	Keyboard events cleared
64.1962 	EXP 	target: autoDraw = True
64.7957 	EXP 	Device response: <KeyPress from None: t=64.78472379999585, value=right, duration=None>
64.7960 	EXP 	New trial (rep=3, index=3): <Trial 33 (3 in rep 3) data={'cue_arrow': '←', 'target_x': -0.5, 'condition': 'valid', 'corr_Ans': 'left', 'thisN': 33, 'thisTrialN': 3, 'thisRepN': 3}>
64.7990 	DATA 	Keypress: right
64.8120 	EXP 	fixation: autoDraw = False
64.8120 	EXP 	cue_text: autoDraw = False
64.8120 	EXP 	target: autoDraw = False
64.8120 	EXP 	cue_text: height = np.float64(0.1)
64.8120 	EXP 	cue_text: height = np.float64(0.1)
64.8120 	EXP 	cue_text: height = np.float64(0.1)
64.8120 	EXP 	cue_text: text = '←'
64.8120 	EXP 	fixation: autoDraw = True
64.9296 	EXP 	Device response: <KeyPress from None: t=64.78472379999585, value=right, duration=0.1376382000016747>
65.2962 	EXP 	fixation: autoDraw = False
65.2962 	EXP 	cue_text: autoDraw = True
65.5962 	EXP 	cue_text: autoDraw = False
65.8949 	INFO 	Keyboard events cleared
65.8947 	EXP 	target: autoDraw = True
66.2114 	EXP 	Device response: <KeyPress from None: t=66.20660079999652, value=left, duration=None>
66.2117 	EXP 	New trial (rep=3, index=4): <Trial 34 (4 in rep 3) data={'cue_arrow': '←', 'target_x': -0.5, 'condition': 'valid', 'corr_Ans': 'left', 'thisN': 34, 'thisTrialN': 4, 'thisRepN': 3}>
66.2129 	DATA 	Keypress: left
66.2293 	EXP 	fixation: autoDraw = False
66.2293 	EXP 	cue_text: autoDraw = False
66.2293 	EXP 	target: autoDraw = False
66.2293 	EXP 	cue_text: text = '←'
66.2293 	EXP 	fixation: autoDraw = True
66.3624 	EXP 	Device response: <KeyPress from None: t=66.20660079999652, value=left, duration=0.14986510000017006>
66.7133 	EXP 	fixation: autoDraw = False
66.7133 	EXP 	cue_text: autoDraw = True
67.0129 	EXP 	cue_text: autoDraw = False
67.3129 	INFO 	Keyboard events cleared
67.3127 	EXP 	target: autoDraw = True
67.8125 	EXP 	Device response: <KeyPress from None: t=67.79684049999923, value=left, duration=None>
67.8128 	EXP 	New trial (rep=3, index=5): <Trial 35 (5 in rep 3) data={'cue_arrow': '→', 'target_x': 0.5, 'condition': 'valid', 'corr_Ans': 'right', 'thisN': 35, 'thisTrialN': 5, 'thisRepN': 3}>
67.8160 	DATA 	Keypress: left
67.8285 	EXP 	fixation: autoDraw = False
67.8285 	EXP 	cue_text: autoDraw = False
67.8285 	EXP 	target: autoDraw = False
67.8285 	EXP 	cue_text: height = np.float64(0.1)
67.8285 	EXP 	cue_text: height = np.float64(0.1)
67.8285 	EXP 	cue_text: height = np.float64(0.1)
67.8285 	EXP 	cue_text: text = '→'
67.8285 	EXP 	fixation: autoDraw = True
67.9122 	EXP 	Device response: <KeyPress from None: t=67.79684049999923, value=left, duration=0.10004340000159573>
68.3127 	EXP 	fixation: autoDraw = False
68.3127 	EXP 	cue_text: autoDraw = True
68.6128 	EXP 	cue_text: autoDraw = False
68.9123 	INFO 	Keyboard events cleared
68.9121 	EXP 	target: autoDraw = True
69.3626 	EXP 	Device response: <KeyPress from None: t=69.355441599997, value=right, duration=None>
69.3630 	EXP 	New trial (rep=3, index=6): <Trial 36 (6 in rep 3) data={'cue_arrow': '←', 'target_x': -0.5, 'condition': 'valid', 'corr_Ans': 'left', 'thisN': 36, 'thisTrialN': 6, 'thisRepN': 3}>
69.3663 	DATA 	Keypress: right
69.3781 	EXP 	fixation: autoDraw = False
69.3781 	EXP 	cue_text: autoDraw = False
69.3781 	EXP 	target: autoDraw = False
69.3781 	EXP 	cue_text: height = np.float64(0.1)
69.3781 	EXP 	cue_text: height = np.float64(0.1)
69.3781 	EXP 	cue_text: height = np.float64(0.1)
69.3781 	EXP 	cue_text: text = '←'
69.3781 	EXP 	fixation: autoDraw = True
69.5300 	EXP 	Device response: <KeyPress from None: t=69.355441599997, value=right, duration=0.17134909999731462>
69.8635 	EXP 	fixation: autoDraw = False
69.8635 	EXP 	cue_text: autoDraw = True
70.1625 	EXP 	cue_text: autoDraw = False
70.4628 	INFO 	Keyboard events cleared
70.4626 	EXP 	target: autoDraw = True
71.0793 	EXP 	Device response: <KeyPress from None: t=71.0785906999954, value=left, duration=None>
71.0796 	EXP 	New trial (rep=3, index=7): <Trial 37 (7 in rep 3) data={'cue_arrow': '←', 'target_x': -0.5, 'condition': 'valid', 'corr_Ans': 'left', 'thisN': 37, 'thisTrialN': 7, 'thisRepN': 3}>
71.0808 	DATA 	Keypress: left
71.0953 	EXP 	fixation: autoDraw = False
71.0953 	EXP 	cue_text: autoDraw = False
71.0953 	EXP 	target: autoDraw = False
71.0953 	EXP 	cue_text: text = '←'
71.0953 	EXP 	fixation: autoDraw = True
71.2132 	EXP 	Device response: <KeyPress from None: t=71.0785906999954, value=left, duration=0.1300663000001805>
71.5790 	EXP 	fixation: autoDraw = False
71.5790 	EXP 	cue_text: autoDraw = True
71.8798 	EXP 	cue_text: autoDraw = False
72.1802 	INFO 	Keyboard events cleared
72.1800 	EXP 	target: autoDraw = True
72.7626 	EXP 	Device response: <KeyPress from None: t=72.75017220000154, value=left, duration=None>
72.7630 	EXP 	New trial (rep=3, index=8): <Trial 38 (8 in rep 3) data={'cue_arrow': '→', 'target_x': -0.5, 'condition': 'invalid', 'corr_Ans': 'left', 'thisN': 38, 'thisTrialN': 8, 'thisRepN': 3}>
72.7659 	DATA 	Keypress: left
72.7799 	EXP 	fixation: autoDraw = False
72.7799 	EXP 	cue_text: autoDraw = False
72.7799 	EXP 	target: autoDraw = False
72.7799 	EXP 	cue_text: height = np.float64(0.1)
72.7799 	EXP 	cue_text: height = np.float64(0.1)
72.7799 	EXP 	cue_text: height = np.float64(0.1)
72.7799 	EXP 	cue_text: text = '→'
72.7799 	EXP 	fixation: autoDraw = True
72.8959 	EXP 	Device response: <KeyPress from None: t=72.75017220000154, value=left, duration=0.13904329999058973>
73.2794 	EXP 	fixation: autoDraw = False
73.2794 	EXP 	cue_text: autoDraw = True
73.5625 	EXP 	cue_text: autoDraw = False
73.8635 	INFO 	Keyboard events cleared
73.8632 	EXP 	target: autoDraw = True
74.9460 	EXP 	Device response: <KeyPress from None: t=74.93903470000078, value=right, duration=None>
74.9463 	EXP 	New trial (rep=3, index=9): <Trial 39 (9 in rep 3) data={'cue_arrow': '→', 'target_x': 0.5, 'condition': 'valid', 'corr_Ans': 'right', 'thisN': 39, 'thisTrialN': 9, 'thisRepN': 3}>
74.9475 	DATA 	Keypress: right
74.9625 	EXP 	fixation: autoDraw = False
74.9625 	EXP 	cue_text: autoDraw = False
74.9625 	EXP 	target: autoDraw = False
74.9625 	EXP 	cue_text: text = '→'
74.9625 	EXP 	fixation: autoDraw = True
75.0797 	EXP 	Device response: <KeyPress from None: t=74.93903470000078, value=right, duration=0.1314286999986507>
75.4464 	EXP 	fixation: autoDraw = False
75.4464 	EXP 	cue_text: autoDraw = True
75.7632 	EXP 	cue_text: autoDraw = False
76.0463 	INFO 	Keyboard events cleared
76.0461 	EXP 	target: autoDraw = True
76.7792 	EXP 	Device response: <KeyPress from None: t=76.77143500000238, value=right, duration=None>
76.7795 	EXP 	New trial (rep=4, index=0): <Trial 40 (0 in rep 4) data={'cue_arrow': '←', 'target_x': -0.5, 'condition': 'valid', 'corr_Ans': 'left', 'thisN': 40, 'thisTrialN': 0, 'thisRepN': 4}>
76.7824 	DATA 	Keypress: right
76.7955 	EXP 	fixation: autoDraw = False
76.7955 	EXP 	cue_text: autoDraw = False
76.7955 	EXP 	target: autoDraw = False
76.7955 	EXP 	cue_text: height = np.float64(0.1)
76.7955 	EXP 	cue_text: height = np.float64(0.1)
76.7955 	EXP 	cue_text: height = np.float64(0.1)
76.7955 	EXP 	cue_text: text = '←'
76.7955 	EXP 	fixation: autoDraw = True
76.9467 	EXP 	Device response: <KeyPress from None: t=76.77143500000238, value=right, duration=0.16289779999351595>
77.2784 	EXP 	fixation: autoDraw = False
77.2784 	EXP 	cue_text: autoDraw = True
77.5788 	EXP 	cue_text: autoDraw = False
77.8791 	INFO 	Keyboard events cleared
77.8789 	EXP 	target: autoDraw = True
78.6299 	EXP 	Device response: <KeyPress from None: t=78.6252525000018, value=left, duration=None>
78.6303 	EXP 	New trial (rep=4, index=1): <Trial 41 (1 in rep 4) data={'cue_arrow': '→', 'target_x': -0.5, 'condition': 'invalid', 'corr_Ans': 'left', 'thisN': 41, 'thisTrialN': 1, 'thisRepN': 4}>
78.6331 	DATA 	Keypress: left
78.6454 	EXP 	fixation: autoDraw = False
78.6454 	EXP 	cue_text: autoDraw = False
78.6454 	EXP 	target: autoDraw = False
78.6454 	EXP 	cue_text: height = np.float64(0.1)
78.6454 	EXP 	cue_text: height = np.float64(0.1)
78.6454 	EXP 	cue_text: height = np.float64(0.1)
78.6454 	EXP 	cue_text: text = '→'
78.6454 	EXP 	fixation: autoDraw = True
78.8127 	EXP 	Device response: <KeyPress from None: t=78.6252525000018, value=left, duration=0.1843376999895554>
79.1301 	EXP 	fixation: autoDraw = False
79.1301 	EXP 	cue_text: autoDraw = True
79.4298 	EXP 	cue_text: autoDraw = False
79.7304 	INFO 	Keyboard events cleared
79.7302 	EXP 	target: autoDraw = True
80.5792 	EXP 	Device response: <KeyPress from None: t=80.56987330000266, value=right, duration=None>
80.5796 	EXP 	New trial (rep=4, index=2): <Trial 42 (2 in rep 4) data={'cue_arrow': '←', 'target_x': 0.5, 'condition': 'invalid', 'corr_Ans': 'right', 'thisN': 42, 'thisTrialN': 2, 'thisRepN': 4}>
80.5830 	DATA 	Keypress: right
80.5951 	EXP 	fixation: autoDraw = False
80.5951 	EXP 	cue_text: autoDraw = False
80.5951 	EXP 	target: autoDraw = False
80.5951 	EXP 	cue_text: height = np.float64(0.1)
80.5951 	EXP 	cue_text: height = np.float64(0.1)
80.5951 	EXP 	cue_text: height = np.float64(0.1)
80.5951 	EXP 	cue_text: text = '←'
80.5951 	EXP 	fixation: autoDraw = True
80.6963 	EXP 	Device response: <KeyPress from None: t=80.56987330000266, value=right, duration=0.1211464999942109>
81.0799 	EXP 	fixation: autoDraw = False
81.0799 	EXP 	cue_text: autoDraw = True
81.3797 	EXP 	cue_text: autoDraw = False
81.6789 	INFO 	Keyboard events cleared
81.6787 	EXP 	target: autoDraw = True
82.7622 	EXP 	Device response: <KeyPress from None: t=82.74746400000004, value=left, duration=None>
82.7626 	EXP 	New trial (rep=4, index=3): <Trial 43 (3 in rep 4) data={'cue_arrow': '←', 'target_x': -0.5, 'condition': 'valid', 'corr_Ans': 'left', 'thisN': 43, 'thisTrialN': 3, 'thisRepN': 4}>
82.7642 	DATA 	Keypress: left
82.7781 	EXP 	fixation: autoDraw = False
82.7781 	EXP 	cue_text: autoDraw = False
82.7781 	EXP 	target: autoDraw = False
82.7781 	EXP 	cue_text: text = '←'
82.7781 	EXP 	fixation: autoDraw = True
82.9198 	EXP 	Device response: <KeyPress from None: t=82.74746400000004, value=left, duration=0.1624080000037793>
83.2628 	EXP 	fixation: autoDraw = False
83.2628 	EXP 	cue_text: autoDraw = True
83.5629 	EXP 	cue_text: autoDraw = False
83.8618 	INFO 	Keyboard events cleared
83.8616 	EXP 	target: autoDraw = True
84.4629 	EXP 	Device response: <KeyPress from None: t=84.4519341999985, value=left, duration=None>
84.4633 	EXP 	New trial (rep=4, index=4): <Trial 44 (4 in rep 4) data={'cue_arrow': '→', 'target_x': 0.5, 'condition': 'valid', 'corr_Ans': 'right', 'thisN': 44, 'thisTrialN': 4, 'thisRepN': 4}>
84.4664 	DATA 	Keypress: left
84.4793 	EXP 	fixation: autoDraw = False
84.4793 	EXP 	cue_text: autoDraw = False
84.4793 	EXP 	target: autoDraw = False
84.4793 	EXP 	cue_text: height = np.float64(0.1)
84.4793 	EXP 	cue_text: height = np.float64(0.1)
84.4793 	EXP 	cue_text: height = np.float64(0.1)
84.4793 	EXP 	cue_text: text = '→'
84.4793 	EXP 	fixation: autoDraw = True
84.5951 	EXP 	Device response: <KeyPress from None: t=84.4519341999985, value=left, duration=0.13881099999707658>
84.9623 	EXP 	fixation: autoDraw = False
84.9623 	EXP 	cue_text: autoDraw = True
85.2629 	EXP 	cue_text: autoDraw = False
85.5634 	INFO 	Keyboard events cleared
85.5632 	EXP 	target: autoDraw = True
86.2647 	DATA 	Keypress: right
86.2791 	EXP 	Device response: <KeyPress from None: t=86.26329770000302, value=right, duration=None>
86.2794 	EXP 	New trial (rep=4, index=5): <Trial 45 (5 in rep 4) data={'cue_arrow': '←', 'target_x': -0.5, 'condition': 'valid', 'corr_Ans': 'left', 'thisN': 45, 'thisTrialN': 5, 'thisRepN': 4}>
86.2969 	EXP 	fixation: autoDraw = False
86.2969 	EXP 	cue_text: autoDraw = False
86.2969 	EXP 	target: autoDraw = False
86.2969 	EXP 	cue_text: height = np.float64(0.1)
86.2969 	EXP 	cue_text: height = np.float64(0.1)
86.2969 	EXP 	cue_text: height = np.float64(0.1)
86.2969 	EXP 	cue_text: text = '←'
86.2969 	EXP 	fixation: autoDraw = True
86.4305 	EXP 	Device response: <KeyPress from None: t=86.26329770000302, value=right, duration=0.15102579999074806>
86.7803 	EXP 	fixation: autoDraw = False
86.7803 	EXP 	cue_text: autoDraw = True
87.0797 	EXP 	cue_text: autoDraw = False
87.3801 	INFO 	Keyboard events cleared
87.3799 	EXP 	target: autoDraw = True
87.7127 	EXP 	Device response: <KeyPress from None: t=87.71146910000243, value=left, duration=None>
87.7130 	EXP 	New trial (rep=4, index=6): <Trial 46 (6 in rep 4) data={'cue_arrow': '→', 'target_x': 0.5, 'condition': 'valid', 'corr_Ans': 'right', 'thisN': 46, 'thisTrialN': 6, 'thisRepN': 4}>
87.7162 	DATA 	Keypress: left
87.7281 	EXP 	fixation: autoDraw = False
87.7281 	EXP 	cue_text: autoDraw = False
87.7281 	EXP 	target: autoDraw = False
87.7281 	EXP 	cue_text: height = np.float64(0.1)
87.7281 	EXP 	cue_text: height = np.float64(0.1)
87.7281 	EXP 	cue_text: height = np.float64(0.1)
87.7281 	EXP 	cue_text: text = '→'
87.7281 	EXP 	fixation: autoDraw = True
87.8468 	EXP 	Device response: <KeyPress from None: t=87.71146910000243, value=left, duration=0.12738819999503903>
88.2131 	EXP 	fixation: autoDraw = False
88.2131 	EXP 	cue_text: autoDraw = True
88.5124 	EXP 	cue_text: autoDraw = False
88.8299 	INFO 	Keyboard events cleared
88.8297 	EXP 	target: autoDraw = True
89.2294 	EXP 	Device response: <KeyPress from None: t=89.22655969999323, value=right, duration=None>
89.2297 	EXP 	New trial (rep=4, index=7): <Trial 47 (7 in rep 4) data={'cue_arrow': '→', 'target_x': 0.5, 'condition': 'valid', 'corr_Ans': 'right', 'thisN': 47, 'thisTrialN': 7, 'thisRepN': 4}>
89.2310 	DATA 	Keypress: right
89.2456 	EXP 	fixation: autoDraw = False
89.2456 	EXP 	cue_text: autoDraw = False
89.2456 	EXP 	target: autoDraw = False
89.2456 	EXP 	cue_text: text = '→'
89.2456 	EXP 	fixation: autoDraw = True
89.4145 	EXP 	Device response: <KeyPress from None: t=89.22655969999323, value=right, duration=0.17958670000371058>
89.7298 	EXP 	fixation: autoDraw = False
89.7298 	EXP 	cue_text: autoDraw = True
90.0298 	EXP 	cue_text: autoDraw = False
90.3306 	INFO 	Keyboard events cleared
90.3304 	EXP 	target: autoDraw = True
90.6636 	EXP 	Device response: <KeyPress from None: t=90.65228059999936, value=right, duration=None>
90.6640 	EXP 	New trial (rep=4, index=8): <Trial 48 (8 in rep 4) data={'cue_arrow': '→', 'target_x': 0.5, 'condition': 'valid', 'corr_Ans': 'right', 'thisN': 48, 'thisTrialN': 8, 'thisRepN': 4}>
90.6653 	DATA 	Keypress: right
90.6789 	EXP 	fixation: autoDraw = False
90.6789 	EXP 	cue_text: autoDraw = False
90.6789 	EXP 	target: autoDraw = False
90.6789 	EXP 	cue_text: text = '→'
90.6789 	EXP 	fixation: autoDraw = True
90.7964 	EXP 	Device response: <KeyPress from None: t=90.65228059999936, value=right, duration=0.12999269999272656>
91.1632 	EXP 	fixation: autoDraw = False
91.1632 	EXP 	cue_text: autoDraw = True
91.4627 	EXP 	cue_text: autoDraw = False
91.7802 	INFO 	Keyboard events cleared
91.7799 	EXP 	target: autoDraw = True
91.9292 	EXP 	Device response: <KeyPress from None: t=91.91820059999009, value=right, duration=None>
91.9296 	EXP 	New trial (rep=4, index=9): <Trial 49 (9 in rep 4) data={'cue_arrow': '←', 'target_x': -0.5, 'condition': 'valid', 'corr_Ans': 'left', 'thisN': 49, 'thisTrialN': 9, 'thisRepN': 4}>
91.9325 	DATA 	Keypress: right
91.9451 	EXP 	fixation: autoDraw = False
91.9451 	EXP 	cue_text: autoDraw = False
91.9451 	EXP 	target: autoDraw = False
91.9451 	EXP 	cue_text: height = np.float64(0.1)
91.9451 	EXP 	cue_text: height = np.float64(0.1)
91.9451 	EXP 	cue_text: height = np.float64(0.1)
91.9451 	EXP 	cue_text: text = '←'
91.9451 	EXP 	fixation: autoDraw = True
92.0966 	EXP 	Device response: <KeyPress from None: t=91.91820059999009, value=right, duration=0.16994840001279954>
92.4285 	EXP 	fixation: autoDraw = False
92.4285 	EXP 	cue_text: autoDraw = True
92.7301 	EXP 	cue_text: autoDraw = False
93.0301 	INFO 	Keyboard events cleared
93.0299 	EXP 	target: autoDraw = True
93.4797 	EXP 	Device response: <KeyPress from None: t=93.46476699999766, value=left, duration=None>
93.4801 	EXP 	New trial (rep=5, index=0): <Trial 50 (0 in rep 5) data={'cue_arrow': '→', 'target_x': 0.5, 'condition': 'valid', 'corr_Ans': 'right', 'thisN': 50, 'thisTrialN': 0, 'thisRepN': 5}>
93.4831 	DATA 	Keypress: left
93.4956 	EXP 	fixation: autoDraw = False
93.4956 	EXP 	cue_text: autoDraw = False
93.4956 	EXP 	target: autoDraw = False
93.4956 	EXP 	cue_text: height = np.float64(0.1)
93.4956 	EXP 	cue_text: height = np.float64(0.1)
93.4956 	EXP 	cue_text: height = np.float64(0.1)
93.4956 	EXP 	cue_text: text = '→'
93.4956 	EXP 	fixation: autoDraw = True
93.6640 	EXP 	Device response: <KeyPress from None: t=93.46476699999766, value=left, duration=0.18357979999564122>
93.9786 	EXP 	fixation: autoDraw = False
93.9786 	EXP 	cue_text: autoDraw = True
94.2801 	EXP 	cue_text: autoDraw = False
94.5802 	INFO 	Keyboard events cleared
94.5800 	EXP 	target: autoDraw = True
95.0805 	DATA 	Keypress: right
95.0957 	EXP 	Device response: <KeyPress from None: t=95.07899379999435, value=right, duration=None>
95.0961 	EXP 	New trial (rep=5, index=1): <Trial 51 (1 in rep 5) data={'cue_arrow': '←', 'target_x': -0.5, 'condition': 'valid', 'corr_Ans': 'left', 'thisN': 51, 'thisTrialN': 1, 'thisRepN': 5}>
95.1137 	EXP 	fixation: autoDraw = False
95.1137 	EXP 	cue_text: autoDraw = False
95.1137 	EXP 	target: autoDraw = False
95.1137 	EXP 	cue_text: height = np.float64(0.1)
95.1137 	EXP 	cue_text: height = np.float64(0.1)
95.1137 	EXP 	cue_text: height = np.float64(0.1)
95.1137 	EXP 	cue_text: text = '←'
95.1137 	EXP 	fixation: autoDraw = True
95.2296 	EXP 	Device response: <KeyPress from None: t=95.07899379999435, value=right, duration=0.14027469999564346>
95.5968 	EXP 	fixation: autoDraw = False
95.5968 	EXP 	cue_text: autoDraw = True
95.8964 	EXP 	cue_text: autoDraw = False
96.1959 	INFO 	Keyboard events cleared
96.1957 	EXP 	target: autoDraw = True
96.5802 	EXP 	Device response: <KeyPress from None: t=96.57755390000239, value=left, duration=None>
96.5806 	EXP 	New trial (rep=5, index=2): <Trial 52 (2 in rep 5) data={'cue_arrow': '→', 'target_x': 0.5, 'condition': 'valid', 'corr_Ans': 'right', 'thisN': 52, 'thisTrialN': 2, 'thisRepN': 5}>
96.5839 	DATA 	Keypress: left
96.5949 	EXP 	fixation: autoDraw = False
96.5949 	EXP 	cue_text: autoDraw = False
96.5949 	EXP 	target: autoDraw = False
96.5949 	EXP 	cue_text: height = np.float64(0.1)
96.5949 	EXP 	cue_text: height = np.float64(0.1)
96.5949 	EXP 	cue_text: height = np.float64(0.1)
96.5949 	EXP 	cue_text: text = '→'
96.5949 	EXP 	fixation: autoDraw = True
96.7465 	EXP 	Device response: <KeyPress from None: t=96.57755390000239, value=left, duration=0.15829680000024382>
97.0965 	EXP 	fixation: autoDraw = False
97.0965 	EXP 	cue_text: autoDraw = True
97.3801 	EXP 	cue_text: autoDraw = False
97.6803 	INFO 	Keyboard events cleared
97.6801 	EXP 	target: autoDraw = True
98.0465 	EXP 	Device response: <KeyPress from None: t=98.04509430000326, value=right, duration=None>
98.0468 	EXP 	New trial (rep=5, index=3): <Trial 53 (3 in rep 5) data={'cue_arrow': '←', 'target_x': -0.5, 'condition': 'valid', 'corr_Ans': 'left', 'thisN': 53, 'thisTrialN': 3, 'thisRepN': 5}>
98.0501 	DATA 	Keypress: right
98.0625 	EXP 	fixation: autoDraw = False
98.0625 	EXP 	cue_text: autoDraw = False
98.0625 	EXP 	target: autoDraw = False
98.0625 	EXP 	cue_text: height = np.float64(0.1)
98.0625 	EXP 	cue_text: height = np.float64(0.1)
98.0625 	EXP 	cue_text: height = np.float64(0.1)
98.0625 	EXP 	cue_text: text = '←'
98.0625 	EXP 	fixation: autoDraw = True
98.1968 	EXP 	Device response: <KeyPress from None: t=98.04509430000326, value=right, duration=0.14177379998727702>
98.5469 	EXP 	fixation: autoDraw = False
98.5469 	EXP 	cue_text: autoDraw = True
98.8468 	EXP 	cue_text: autoDraw = False
99.1471 	INFO 	Keyboard events cleared
99.1469 	EXP 	target: autoDraw = True
100.1801 	EXP 	Device response: <KeyPress from None: t=100.17431109999598, value=left, duration=None>
100.1805 	EXP 	New trial (rep=5, index=4): <Trial 54 (4 in rep 5) data={'cue_arrow': '→', 'target_x': -0.5, 'condition': 'invalid', 'corr_Ans': 'left', 'thisN': 54, 'thisTrialN': 4, 'thisRepN': 5}>
100.1836 	DATA 	Keypress: left
100.1962 	EXP 	fixation: autoDraw = False
100.1962 	EXP 	cue_text: autoDraw = False
100.1962 	EXP 	target: autoDraw = False
100.1962 	EXP 	cue_text: height = np.float64(0.1)
100.1962 	EXP 	cue_text: height = np.float64(0.1)
100.1962 	EXP 	cue_text: height = np.float64(0.1)
100.1962 	EXP 	cue_text: text = '→'
100.1962 	EXP 	fixation: autoDraw = True
100.3459 	EXP 	Device response: <KeyPress from None: t=100.17431109999598, value=left, duration=0.16027540000504814>
100.6795 	EXP 	fixation: autoDraw = False
100.6795 	EXP 	cue_text: autoDraw = True
100.9800 	EXP 	cue_text: autoDraw = False
101.2804 	INFO 	Keyboard events cleared
101.2802 	EXP 	target: autoDraw = True
103.8798 	EXP 	Device response: <KeyPress from None: t=103.86694349999016, value=right, duration=None>
103.8801 	EXP 	New trial (rep=5, index=5): <Trial 55 (5 in rep 5) data={'cue_arrow': '←', 'target_x': 0.5, 'condition': 'invalid', 'corr_Ans': 'right', 'thisN': 55, 'thisTrialN': 5, 'thisRepN': 5}>
103.8834 	DATA 	Keypress: right
103.8957 	EXP 	fixation: autoDraw = False
103.8957 	EXP 	cue_text: autoDraw = False
103.8957 	EXP 	target: autoDraw = False
103.8957 	EXP 	cue_text: height = np.float64(0.1)
103.8957 	EXP 	cue_text: height = np.float64(0.1)
103.8957 	EXP 	cue_text: height = np.float64(0.1)
103.8957 	EXP 	cue_text: text = '←'
103.8957 	EXP 	fixation: autoDraw = True
103.9789 	EXP 	Device response: <KeyPress from None: t=103.86694349999016, value=right, duration=0.10602330000256188>
104.3803 	EXP 	fixation: autoDraw = False
104.3803 	EXP 	cue_text: autoDraw = True
104.6797 	EXP 	cue_text: autoDraw = False
104.9792 	INFO 	Keyboard events cleared
104.9790 	EXP 	target: autoDraw = True
106.4962 	EXP 	Device response: <KeyPress from None: t=106.48265669999819, value=right, duration=None>
106.4965 	EXP 	New trial (rep=5, index=6): <Trial 56 (6 in rep 5) data={'cue_arrow': '←', 'target_x': -0.5, 'condition': 'valid', 'corr_Ans': 'left', 'thisN': 56, 'thisTrialN': 6, 'thisRepN': 5}>
106.4977 	DATA 	Keypress: right
106.5119 	EXP 	fixation: autoDraw = False
106.5119 	EXP 	cue_text: autoDraw = False
106.5119 	EXP 	target: autoDraw = False
106.5119 	EXP 	cue_text: text = '←'
106.5119 	EXP 	fixation: autoDraw = True
106.6643 	EXP 	Device response: <KeyPress from None: t=106.48265669999819, value=right, duration=0.16479369999433402>
106.9970 	EXP 	fixation: autoDraw = False
106.9970 	EXP 	cue_text: autoDraw = True
107.2967 	EXP 	cue_text: autoDraw = False
107.5973 	INFO 	Keyboard events cleared
107.5970 	EXP 	target: autoDraw = True
108.2631 	EXP 	Device response: <KeyPress from None: t=108.25537990000157, value=left, duration=None>
108.2635 	EXP 	New trial (rep=5, index=7): <Trial 57 (7 in rep 5) data={'cue_arrow': '→', 'target_x': 0.5, 'condition': 'valid', 'corr_Ans': 'right', 'thisN': 57, 'thisTrialN': 7, 'thisRepN': 5}>
108.2682 	DATA 	Keypress: left
108.2782 	EXP 	fixation: autoDraw = False
108.2782 	EXP 	cue_text: autoDraw = False
108.2782 	EXP 	target: autoDraw = False
108.2782 	EXP 	cue_text: height = np.float64(0.1)
108.2782 	EXP 	cue_text: height = np.float64(0.1)
108.2782 	EXP 	cue_text: height = np.float64(0.1)
108.2782 	EXP 	cue_text: text = '→'
108.2782 	EXP 	fixation: autoDraw = True
108.4145 	EXP 	Device response: <KeyPress from None: t=108.25537990000157, value=left, duration=0.15366959999664687>
108.7634 	EXP 	fixation: autoDraw = False
108.7634 	EXP 	cue_text: autoDraw = True
109.0637 	EXP 	cue_text: autoDraw = False
109.3620 	INFO 	Keyboard events cleared
109.3618 	EXP 	target: autoDraw = True
110.1139 	EXP 	Device response: <KeyPress from None: t=110.10648689999653, value=right, duration=None>
110.1143 	EXP 	New trial (rep=5, index=8): <Trial 58 (8 in rep 5) data={'cue_arrow': '←', 'target_x': -0.5, 'condition': 'valid', 'corr_Ans': 'left', 'thisN': 58, 'thisTrialN': 8, 'thisRepN': 5}>
110.1174 	DATA 	Keypress: right
110.1287 	EXP 	fixation: autoDraw = False
110.1287 	EXP 	cue_text: autoDraw = False
110.1287 	EXP 	target: autoDraw = False
110.1287 	EXP 	cue_text: height = np.float64(0.1)
110.1287 	EXP 	cue_text: height = np.float64(0.1)
110.1287 	EXP 	cue_text: height = np.float64(0.1)
110.1287 	EXP 	cue_text: text = '←'
110.1287 	EXP 	fixation: autoDraw = True
110.2129 	EXP 	Device response: <KeyPress from None: t=110.10648689999653, value=right, duration=0.09392509999452159>
110.6137 	EXP 	fixation: autoDraw = False
110.6137 	EXP 	cue_text: autoDraw = True
110.9303 	EXP 	cue_text: autoDraw = False
111.2139 	INFO 	Keyboard events cleared
111.2137 	EXP 	target: autoDraw = True
111.5815 	EXP 	Device response: <KeyPress from None: t=111.57823879999341, value=left, duration=None>
111.5819 	EXP 	New trial (rep=5, index=9): <Trial 59 (9 in rep 5) data={'cue_arrow': '→', 'target_x': 0.5, 'condition': 'valid', 'corr_Ans': 'right', 'thisN': 59, 'thisTrialN': 9, 'thisRepN': 5}>
111.5853 	DATA 	Keypress: left
111.5948 	EXP 	fixation: autoDraw = False
111.5948 	EXP 	cue_text: autoDraw = False
111.5948 	EXP 	target: autoDraw = False
111.5948 	EXP 	cue_text: height = np.float64(0.1)
111.5948 	EXP 	cue_text: height = np.float64(0.1)
111.5948 	EXP 	cue_text: height = np.float64(0.1)
111.5948 	EXP 	cue_text: text = '→'
111.5948 	EXP 	fixation: autoDraw = True
111.7632 	EXP 	Device response: <KeyPress from None: t=111.57823879999341, value=left, duration=0.17740329999651294>
112.0969 	EXP 	fixation: autoDraw = False
112.0969 	EXP 	cue_text: autoDraw = True
112.3952 	EXP 	cue_text: autoDraw = False
112.6972 	INFO 	Keyboard events cleared
112.6970 	EXP 	target: autoDraw = True
113.2633 	EXP 	Device response: <KeyPress from None: t=113.2617215999926, value=right, duration=None>
113.2636 	EXP 	New trial (rep=6, index=0): <Trial 60 (0 in rep 6) data={'cue_arrow': '→', 'target_x': 0.5, 'condition': 'valid', 'corr_Ans': 'right', 'thisN': 60, 'thisTrialN': 0, 'thisRepN': 6}>
113.2648 	DATA 	Keypress: right
113.2793 	EXP 	fixation: autoDraw = False
113.2793 	EXP 	cue_text: autoDraw = False
113.2793 	EXP 	target: autoDraw = False
113.2793 	EXP 	cue_text: text = '→'
113.2793 	EXP 	fixation: autoDraw = True
113.4306 	EXP 	Device response: <KeyPress from None: t=113.2617215999926, value=right, duration=0.16506379999918863>
113.7801 	EXP 	fixation: autoDraw = False
113.7801 	EXP 	cue_text: autoDraw = True
114.0636 	EXP 	cue_text: autoDraw = False
114.3638 	INFO 	Keyboard events cleared
114.3635 	EXP 	target: autoDraw = True
115.4636 	EXP 	Device response: <KeyPress from None: t=115.46008119999897, value=right, duration=None>
115.4640 	EXP 	New trial (rep=6, index=1): <Trial 61 (1 in rep 6) data={'cue_arrow': '←', 'target_x': 0.5, 'condition': 'invalid', 'corr_Ans': 'right', 'thisN': 61, 'thisTrialN': 1, 'thisRepN': 6}>
115.4676 	DATA 	Keypress: right
115.4794 	EXP 	fixation: autoDraw = False
115.4794 	EXP 	cue_text: autoDraw = False
115.4794 	EXP 	target: autoDraw = False
115.4794 	EXP 	cue_text: height = np.float64(0.1)
115.4794 	EXP 	cue_text: height = np.float64(0.1)
115.4794 	EXP 	cue_text: height = np.float64(0.1)
115.4794 	EXP 	cue_text: text = '←'
115.4794 	EXP 	fixation: autoDraw = True
115.6474 	EXP 	Device response: <KeyPress from None: t=115.46008119999897, value=right, duration=0.17837009999493603>
115.9800 	EXP 	fixation: autoDraw = False
115.9800 	EXP 	cue_text: autoDraw = True
116.2634 	EXP 	cue_text: autoDraw = False
116.5641 	INFO 	Keyboard events cleared
116.5639 	EXP 	target: autoDraw = True
117.5800 	EXP 	Device response: <KeyPress from None: t=117.56980610000028, value=right, duration=None>
117.5803 	EXP 	New trial (rep=6, index=2): <Trial 62 (2 in rep 6) data={'cue_arrow': '←', 'target_x': -0.5, 'condition': 'valid', 'corr_Ans': 'left', 'thisN': 62, 'thisTrialN': 2, 'thisRepN': 6}>
117.5815 	DATA 	Keypress: right
117.5954 	EXP 	fixation: autoDraw = False
117.5954 	EXP 	cue_text: autoDraw = False
117.5954 	EXP 	target: autoDraw = False
117.5954 	EXP 	cue_text: text = '←'
117.5954 	EXP 	fixation: autoDraw = True
117.7299 	EXP 	Device response: <KeyPress from None: t=117.56980610000028, value=right, duration=0.15454679999675136>
118.0801 	EXP 	fixation: autoDraw = False
118.0801 	EXP 	cue_text: autoDraw = True
118.3971 	EXP 	cue_text: autoDraw = False
118.6805 	INFO 	Keyboard events cleared
118.6803 	EXP 	target: autoDraw = True
119.3303 	EXP 	Device response: <KeyPress from None: t=119.32984120000037, value=left, duration=None>
119.3307 	EXP 	New trial (rep=6, index=3): <Trial 63 (3 in rep 6) data={'cue_arrow': '←', 'target_x': -0.5, 'condition': 'valid', 'corr_Ans': 'left', 'thisN': 63, 'thisTrialN': 3, 'thisRepN': 6}>
119.3320 	DATA 	Keypress: left
119.3462 	EXP 	fixation: autoDraw = False
119.3462 	EXP 	cue_text: autoDraw = False
119.3462 	EXP 	target: autoDraw = False
119.3462 	EXP 	cue_text: text = '←'
119.3462 	EXP 	fixation: autoDraw = True
119.5135 	EXP 	Device response: <KeyPress from None: t=119.32984120000037, value=left, duration=0.16916889999993145>
119.8471 	EXP 	fixation: autoDraw = False
119.8471 	EXP 	cue_text: autoDraw = True
120.1456 	EXP 	cue_text: autoDraw = False
120.4311 	INFO 	Keyboard events cleared
120.4309 	EXP 	target: autoDraw = True
121.5968 	EXP 	Device response: <KeyPress from None: t=121.59604269999545, value=left, duration=None>
121.5971 	EXP 	New trial (rep=6, index=4): <Trial 64 (4 in rep 6) data={'cue_arrow': '→', 'target_x': 0.5, 'condition': 'valid', 'corr_Ans': 'right', 'thisN': 64, 'thisTrialN': 4, 'thisRepN': 6}>
121.6003 	DATA 	Keypress: left
121.6132 	EXP 	fixation: autoDraw = False
121.6132 	EXP 	cue_text: autoDraw = False
121.6132 	EXP 	target: autoDraw = False
121.6132 	EXP 	cue_text: height = np.float64(0.1)
121.6132 	EXP 	cue_text: height = np.float64(0.1)
121.6132 	EXP 	cue_text: height = np.float64(0.1)
121.6132 	EXP 	cue_text: text = '→'
121.6132 	EXP 	fixation: autoDraw = True
121.7307 	EXP 	Device response: <KeyPress from None: t=121.59604269999545, value=left, duration=0.1294142999977339>
122.0965 	EXP 	fixation: autoDraw = False
122.0965 	EXP 	cue_text: autoDraw = True
122.3978 	EXP 	cue_text: autoDraw = False
122.6973 	INFO 	Keyboard events cleared
122.6972 	EXP 	target: autoDraw = True
124.0463 	EXP 	Device response: <KeyPress from None: t=124.04451829999743, value=right, duration=None>
124.0466 	EXP 	New trial (rep=6, index=5): <Trial 65 (5 in rep 6) data={'cue_arrow': '←', 'target_x': -0.5, 'condition': 'valid', 'corr_Ans': 'left', 'thisN': 65, 'thisTrialN': 5, 'thisRepN': 6}>
124.0495 	DATA 	Keypress: right
124.0627 	EXP 	fixation: autoDraw = False
124.0627 	EXP 	cue_text: autoDraw = False
124.0627 	EXP 	target: autoDraw = False
124.0627 	EXP 	cue_text: height = np.float64(0.1)
124.0627 	EXP 	cue_text: height = np.float64(0.1)
124.0627 	EXP 	cue_text: height = np.float64(0.1)
124.0627 	EXP 	cue_text: text = '←'
124.0627 	EXP 	fixation: autoDraw = True
124.1970 	EXP 	Device response: <KeyPress from None: t=124.04451829999743, value=right, duration=0.13825200000428595>
124.5470 	EXP 	fixation: autoDraw = False
124.5470 	EXP 	cue_text: autoDraw = True
124.8470 	EXP 	cue_text: autoDraw = False
125.1469 	INFO 	Keyboard events cleared
125.1466 	EXP 	target: autoDraw = True
126.0818 	DATA 	Keypress: left
126.0961 	EXP 	Device response: <KeyPress from None: t=126.08114929999283, value=left, duration=None>
126.0965 	EXP 	New trial (rep=6, index=6): <Trial 66 (6 in rep 6) data={'cue_arrow': '→', 'target_x': 0.5, 'condition': 'valid', 'corr_Ans': 'right', 'thisN': 66, 'thisTrialN': 6, 'thisRepN': 6}>
126.1135 	EXP 	fixation: autoDraw = False
126.1135 	EXP 	cue_text: autoDraw = False
126.1135 	EXP 	target: autoDraw = False
126.1135 	EXP 	cue_text: height = np.float64(0.1)
126.1135 	EXP 	cue_text: height = np.float64(0.1)
126.1135 	EXP 	cue_text: height = np.float64(0.1)
126.1135 	EXP 	cue_text: text = '→'
126.1135 	EXP 	fixation: autoDraw = True
126.2300 	EXP 	Device response: <KeyPress from None: t=126.08114929999283, value=left, duration=0.14164590000291355>
126.5975 	EXP 	fixation: autoDraw = False
126.5975 	EXP 	cue_text: autoDraw = True
126.8972 	EXP 	cue_text: autoDraw = False
127.1976 	INFO 	Keyboard events cleared
127.1974 	EXP 	target: autoDraw = True
127.6136 	EXP 	Device response: <KeyPress from None: t=127.59923419999541, value=right, duration=None>
127.6140 	EXP 	New trial (rep=6, index=7): <Trial 67 (7 in rep 6) data={'cue_arrow': '←', 'target_x': -0.5, 'condition': 'valid', 'corr_Ans': 'left', 'thisN': 67, 'thisTrialN': 7, 'thisRepN': 6}>
127.6173 	DATA 	Keypress: right
127.6310 	EXP 	fixation: autoDraw = False
127.6310 	EXP 	cue_text: autoDraw = False
127.6310 	EXP 	target: autoDraw = False
127.6310 	EXP 	cue_text: height = np.float64(0.1)
127.6310 	EXP 	cue_text: height = np.float64(0.1)
127.6310 	EXP 	cue_text: height = np.float64(0.1)
127.6310 	EXP 	cue_text: text = '←'
127.6310 	EXP 	fixation: autoDraw = True
127.8128 	EXP 	Device response: <KeyPress from None: t=127.59923419999541, value=right, duration=0.20178889999806415>
128.1142 	EXP 	fixation: autoDraw = False
128.1142 	EXP 	cue_text: autoDraw = True
128.4132 	EXP 	cue_text: autoDraw = False
128.7142 	INFO 	Keyboard events cleared
128.7140 	EXP 	target: autoDraw = True
129.0976 	EXP 	Device response: <KeyPress from None: t=129.09441750000406, value=left, duration=None>
129.0980 	EXP 	New trial (rep=6, index=8): <Trial 68 (8 in rep 6) data={'cue_arrow': '→', 'target_x': 0.5, 'condition': 'valid', 'corr_Ans': 'right', 'thisN': 68, 'thisTrialN': 8, 'thisRepN': 6}>
129.1026 	DATA 	Keypress: left
129.1118 	EXP 	fixation: autoDraw = False
129.1118 	EXP 	cue_text: autoDraw = False
129.1118 	EXP 	target: autoDraw = False
129.1118 	EXP 	cue_text: height = np.float64(0.1)
129.1118 	EXP 	cue_text: height = np.float64(0.1)
129.1118 	EXP 	cue_text: height = np.float64(0.1)
129.1118 	EXP 	cue_text: text = '→'
129.1118 	EXP 	fixation: autoDraw = True
129.2313 	EXP 	Device response: <KeyPress from None: t=129.09441750000406, value=left, duration=0.1294723999890266>
129.6140 	EXP 	fixation: autoDraw = False
129.6140 	EXP 	cue_text: autoDraw = True
129.8975 	EXP 	cue_text: autoDraw = False
130.2139 	INFO 	Keyboard events cleared
130.2137 	EXP 	target: autoDraw = True
130.5471 	EXP 	Device response: <KeyPress from None: t=130.53916610000306, value=right, duration=None>
130.5476 	EXP 	New trial (rep=6, index=9): <Trial 69 (9 in rep 6) data={'cue_arrow': '→', 'target_x': -0.5, 'condition': 'invalid', 'corr_Ans': 'left', 'thisN': 69, 'thisTrialN': 9, 'thisRepN': 6}>
130.5488 	DATA 	Keypress: right
130.5630 	EXP 	fixation: autoDraw = False
130.5630 	EXP 	cue_text: autoDraw = False
130.5630 	EXP 	target: autoDraw = False
130.5630 	EXP 	cue_text: text = '→'
130.5630 	EXP 	fixation: autoDraw = True
130.7317 	EXP 	Device response: <KeyPress from None: t=130.53916610000306, value=right, duration=0.18925949999538716>
131.0457 	EXP 	fixation: autoDraw = False
131.0457 	EXP 	cue_text: autoDraw = True
131.3475 	EXP 	cue_text: autoDraw = False
131.6477 	INFO 	Keyboard events cleared
131.6475 	EXP 	target: autoDraw = True
132.1473 	EXP 	Device response: <KeyPress from None: t=132.1398521999945, value=left, duration=None>
132.1477 	EXP 	New trial (rep=7, index=0): <Trial 70 (0 in rep 7) data={'cue_arrow': '←', 'target_x': 0.5, 'condition': 'invalid', 'corr_Ans': 'right', 'thisN': 70, 'thisTrialN': 0, 'thisRepN': 7}>
132.1513 	DATA 	Keypress: left
132.1630 	EXP 	fixation: autoDraw = False
132.1630 	EXP 	cue_text: autoDraw = False
132.1630 	EXP 	target: autoDraw = False
132.1630 	EXP 	cue_text: height = np.float64(0.1)
132.1630 	EXP 	cue_text: height = np.float64(0.1)
132.1630 	EXP 	cue_text: height = np.float64(0.1)
132.1630 	EXP 	cue_text: text = '←'
132.1630 	EXP 	fixation: autoDraw = True
132.3313 	EXP 	Device response: <KeyPress from None: t=132.1398521999945, value=left, duration=0.18051890000060666>
132.6644 	EXP 	fixation: autoDraw = False
132.6644 	EXP 	cue_text: autoDraw = True
132.9475 	EXP 	cue_text: autoDraw = False
133.2470 	INFO 	Keyboard events cleared
133.2468 	EXP 	target: autoDraw = True
133.9464 	EXP 	Device response: <KeyPress from None: t=133.94065969999065, value=right, duration=None>
133.9468 	EXP 	New trial (rep=7, index=1): <Trial 71 (1 in rep 7) data={'cue_arrow': '←', 'target_x': -0.5, 'condition': 'valid', 'corr_Ans': 'left', 'thisN': 71, 'thisTrialN': 1, 'thisRepN': 7}>
133.9480 	DATA 	Keypress: right
133.9636 	EXP 	fixation: autoDraw = False
133.9636 	EXP 	cue_text: autoDraw = False
133.9636 	EXP 	target: autoDraw = False
133.9636 	EXP 	cue_text: text = '←'
133.9636 	EXP 	fixation: autoDraw = True
134.1129 	EXP 	Device response: <KeyPress from None: t=133.94065969999065, value=right, duration=0.1660662000067532>
134.4474 	EXP 	fixation: autoDraw = False
134.4474 	EXP 	cue_text: autoDraw = True
134.7474 	EXP 	cue_text: autoDraw = False
135.0459 	INFO 	Keyboard events cleared
135.0457 	EXP 	target: autoDraw = True
136.3302 	EXP 	Device response: <KeyPress from None: t=136.3267094000039, value=left, duration=None>
136.3306 	EXP 	New trial (rep=7, index=2): <Trial 72 (2 in rep 7) data={'cue_arrow': '←', 'target_x': -0.5, 'condition': 'valid', 'corr_Ans': 'left', 'thisN': 72, 'thisTrialN': 2, 'thisRepN': 7}>
136.3319 	DATA 	Keypress: left
136.3463 	EXP 	fixation: autoDraw = False
136.3463 	EXP 	cue_text: autoDraw = False
136.3463 	EXP 	target: autoDraw = False
136.3463 	EXP 	cue_text: text = '←'
136.3463 	EXP 	fixation: autoDraw = True
136.4648 	EXP 	Device response: <KeyPress from None: t=136.3267094000039, value=left, duration=0.13584809999156278>
136.8301 	EXP 	fixation: autoDraw = False
136.8301 	EXP 	cue_text: autoDraw = True
137.1301 	EXP 	cue_text: autoDraw = False
137.4460 	INFO 	Keyboard events cleared
137.4459 	EXP 	target: autoDraw = True
138.0466 	EXP 	Device response: <KeyPress from None: t=138.03196979999484, value=left, duration=None>
138.0469 	EXP 	New trial (rep=7, index=3): <Trial 73 (3 in rep 7) data={'cue_arrow': '→', 'target_x': 0.5, 'condition': 'valid', 'corr_Ans': 'right', 'thisN': 73, 'thisTrialN': 3, 'thisRepN': 7}>
138.0498 	DATA 	Keypress: left
138.0634 	EXP 	fixation: autoDraw = False
138.0634 	EXP 	cue_text: autoDraw = False
138.0634 	EXP 	target: autoDraw = False
138.0634 	EXP 	cue_text: height = np.float64(0.1)
138.0634 	EXP 	cue_text: height = np.float64(0.1)
138.0634 	EXP 	cue_text: height = np.float64(0.1)
138.0634 	EXP 	cue_text: text = '→'
138.0634 	EXP 	fixation: autoDraw = True
138.1977 	EXP 	Device response: <KeyPress from None: t=138.03196979999484, value=left, duration=0.16139010000915732>
138.5456 	EXP 	fixation: autoDraw = False
138.5456 	EXP 	cue_text: autoDraw = True
138.8475 	EXP 	cue_text: autoDraw = False
139.1481 	INFO 	Keyboard events cleared
139.1479 	EXP 	target: autoDraw = True
139.4818 	DATA 	Keypress: right
139.4972 	EXP 	Device response: <KeyPress from None: t=139.4806644999917, value=right, duration=None>
139.4975 	EXP 	New trial (rep=7, index=4): <Trial 74 (4 in rep 7) data={'cue_arrow': '←', 'target_x': -0.5, 'condition': 'valid', 'corr_Ans': 'left', 'thisN': 74, 'thisTrialN': 4, 'thisRepN': 7}>
139.5131 	EXP 	fixation: autoDraw = False
139.5131 	EXP 	cue_text: autoDraw = False
139.5131 	EXP 	target: autoDraw = False
139.5131 	EXP 	cue_text: height = np.float64(0.1)
139.5131 	EXP 	cue_text: height = np.float64(0.1)
139.5131 	EXP 	cue_text: height = np.float64(0.1)
139.5131 	EXP 	cue_text: text = '←'
139.5131 	EXP 	fixation: autoDraw = True
139.6646 	EXP 	Device response: <KeyPress from None: t=139.4806644999917, value=right, duration=0.17130830000678543>
140.0008 	EXP 	fixation: autoDraw = False
140.0008 	EXP 	cue_text: autoDraw = True
140.2966 	EXP 	cue_text: autoDraw = False
140.5981 	INFO 	Keyboard events cleared
140.5979 	EXP 	target: autoDraw = True
140.9310 	EXP 	Device response: <KeyPress from None: t=140.91909759999544, value=left, duration=None>
140.9315 	EXP 	New trial (rep=7, index=5): <Trial 75 (5 in rep 7) data={'cue_arrow': '←', 'target_x': -0.5, 'condition': 'valid', 'corr_Ans': 'left', 'thisN': 75, 'thisTrialN': 5, 'thisRepN': 7}>
140.9329 	DATA 	Keypress: left
140.9465 	EXP 	fixation: autoDraw = False
140.9465 	EXP 	cue_text: autoDraw = False
140.9465 	EXP 	target: autoDraw = False
140.9465 	EXP 	cue_text: text = '←'
140.9465 	EXP 	fixation: autoDraw = True
141.1137 	EXP 	Device response: <KeyPress from None: t=140.91909759999544, value=left, duration=0.17887400000472553>
141.4308 	EXP 	fixation: autoDraw = False
141.4308 	EXP 	cue_text: autoDraw = True
141.7298 	EXP 	cue_text: autoDraw = False
142.0472 	INFO 	Keyboard events cleared
142.0470 	EXP 	target: autoDraw = True
142.5131 	EXP 	Device response: <KeyPress from None: t=142.49964080000063, value=left, duration=None>
142.5135 	EXP 	New trial (rep=7, index=6): <Trial 76 (6 in rep 7) data={'cue_arrow': '→', 'target_x': 0.5, 'condition': 'valid', 'corr_Ans': 'right', 'thisN': 76, 'thisTrialN': 6, 'thisRepN': 7}>
142.5172 	DATA 	Keypress: left
142.5305 	EXP 	fixation: autoDraw = False
142.5305 	EXP 	cue_text: autoDraw = False
142.5305 	EXP 	target: autoDraw = False
142.5305 	EXP 	cue_text: height = np.float64(0.1)
142.5305 	EXP 	cue_text: height = np.float64(0.1)
142.5305 	EXP 	cue_text: height = np.float64(0.1)
142.5305 	EXP 	cue_text: text = '→'
142.5305 	EXP 	fixation: autoDraw = True
142.6812 	EXP 	Device response: <KeyPress from None: t=142.49964080000063, value=left, duration=0.1781250999920303>
143.0139 	EXP 	fixation: autoDraw = False
143.0139 	EXP 	cue_text: autoDraw = True
143.3139 	EXP 	cue_text: autoDraw = False
143.6134 	INFO 	Keyboard events cleared
143.6132 	EXP 	target: autoDraw = True
143.9806 	EXP 	Device response: <KeyPress from None: t=143.96689549999428, value=right, duration=None>
143.9809 	EXP 	New trial (rep=7, index=7): <Trial 77 (7 in rep 7) data={'cue_arrow': '→', 'target_x': -0.5, 'condition': 'invalid', 'corr_Ans': 'left', 'thisN': 77, 'thisTrialN': 7, 'thisRepN': 7}>
143.9821 	DATA 	Keypress: right
143.9977 	EXP 	fixation: autoDraw = False
143.9977 	EXP 	cue_text: autoDraw = False
143.9977 	EXP 	target: autoDraw = False
143.9977 	EXP 	cue_text: text = '→'
143.9977 	EXP 	fixation: autoDraw = True
144.1131 	EXP 	Device response: <KeyPress from None: t=143.96689549999428, value=right, duration=0.13073260000965092>
144.4800 	EXP 	fixation: autoDraw = False
144.4800 	EXP 	cue_text: autoDraw = True
144.7807 	EXP 	cue_text: autoDraw = False
145.0794 	INFO 	Keyboard events cleared
145.0792 	EXP 	target: autoDraw = True
145.5301 	EXP 	Device response: <KeyPress from None: t=145.51900129999558, value=left, duration=None>
145.5305 	EXP 	New trial (rep=7, index=8): <Trial 78 (8 in rep 7) data={'cue_arrow': '→', 'target_x': 0.5, 'condition': 'valid', 'corr_Ans': 'right', 'thisN': 78, 'thisTrialN': 8, 'thisRepN': 7}>
145.5318 	DATA 	Keypress: left
145.5471 	EXP 	fixation: autoDraw = False
145.5471 	EXP 	cue_text: autoDraw = False
145.5471 	EXP 	target: autoDraw = False
145.5471 	EXP 	cue_text: text = '→'
145.5471 	EXP 	fixation: autoDraw = True
145.6648 	EXP 	Device response: <KeyPress from None: t=145.51900129999558, value=left, duration=0.1297826000081841>
146.0477 	EXP 	fixation: autoDraw = False
146.0477 	EXP 	cue_text: autoDraw = True
146.3298 	EXP 	cue_text: autoDraw = False
146.6313 	INFO 	Keyboard events cleared
146.6310 	EXP 	target: autoDraw = True
147.0317 	EXP 	Device response: <KeyPress from None: t=147.0211993999983, value=right, duration=None>
147.0321 	EXP 	New trial (rep=7, index=9): <Trial 79 (9 in rep 7) data={'cue_arrow': '→', 'target_x': 0.5, 'condition': 'valid', 'corr_Ans': 'right', 'thisN': 79, 'thisTrialN': 9, 'thisRepN': 7}>
147.0336 	DATA 	Keypress: right
147.0458 	EXP 	fixation: autoDraw = False
147.0458 	EXP 	cue_text: autoDraw = False
147.0458 	EXP 	target: autoDraw = False
147.0458 	EXP 	cue_text: text = '→'
147.0458 	EXP 	fixation: autoDraw = True
147.1978 	EXP 	Device response: <KeyPress from None: t=147.0211993999983, value=right, duration=0.17219519999343902>
147.5310 	EXP 	fixation: autoDraw = False
147.5310 	EXP 	cue_text: autoDraw = True
147.8477 	EXP 	cue_text: autoDraw = False
148.1468 	INFO 	Keyboard events cleared
148.1466 	EXP 	target: autoDraw = True
149.0151 	DATA 	Keypress: right
149.0298 	EXP 	Device response: <KeyPress from None: t=149.0144816999964, value=right, duration=None>
149.0302 	EXP 	New trial (rep=8, index=0): <Trial 80 (0 in rep 8) data={'cue_arrow': '→', 'target_x': 0.5, 'condition': 'valid', 'corr_Ans': 'right', 'thisN': 80, 'thisTrialN': 0, 'thisRepN': 8}>
149.0472 	EXP 	fixation: autoDraw = False
149.0472 	EXP 	cue_text: autoDraw = False
149.0472 	EXP 	target: autoDraw = False
149.0472 	EXP 	cue_text: text = '→'
149.0472 	EXP 	fixation: autoDraw = True
149.1807 	EXP 	Device response: <KeyPress from None: t=149.0144816999964, value=right, duration=0.16164900000148918>
149.5477 	EXP 	fixation: autoDraw = False
149.5477 	EXP 	cue_text: autoDraw = True
149.8309 	EXP 	cue_text: autoDraw = False
150.1310 	INFO 	Keyboard events cleared
150.1308 	EXP 	target: autoDraw = True
150.7633 	EXP 	Device response: <KeyPress from None: t=150.7491516000009, value=right, duration=None>
150.7636 	EXP 	New trial (rep=8, index=1): <Trial 81 (1 in rep 8) data={'cue_arrow': '→', 'target_x': 0.5, 'condition': 'valid', 'corr_Ans': 'right', 'thisN': 81, 'thisTrialN': 1, 'thisRepN': 8}>
150.7648 	DATA 	Keypress: right
150.7795 	EXP 	fixation: autoDraw = False
150.7795 	EXP 	cue_text: autoDraw = False
150.7795 	EXP 	target: autoDraw = False
150.7795 	EXP 	cue_text: text = '→'
150.7795 	EXP 	fixation: autoDraw = True
150.9478 	EXP 	Device response: <KeyPress from None: t=150.7491516000009, value=right, duration=0.19609199999831617>
151.2637 	EXP 	fixation: autoDraw = False
151.2637 	EXP 	cue_text: autoDraw = True
151.5644 	EXP 	cue_text: autoDraw = False
151.8647 	INFO 	Keyboard events cleared
151.8645 	EXP 	target: autoDraw = True
152.3136 	EXP 	Device response: <KeyPress from None: t=152.30798080000386, value=right, duration=None>
152.3140 	EXP 	New trial (rep=8, index=2): <Trial 82 (2 in rep 8) data={'cue_arrow': '→', 'target_x': 0.5, 'condition': 'valid', 'corr_Ans': 'right', 'thisN': 82, 'thisTrialN': 2, 'thisRepN': 8}>
152.3155 	DATA 	Keypress: right
152.3300 	EXP 	fixation: autoDraw = False
152.3300 	EXP 	cue_text: autoDraw = False
152.3300 	EXP 	target: autoDraw = False
152.3300 	EXP 	cue_text: text = '→'
152.3300 	EXP 	fixation: autoDraw = True
152.4967 	EXP 	Device response: <KeyPress from None: t=152.30798080000386, value=right, duration=0.18096739999600686>
152.8301 	EXP 	fixation: autoDraw = False
152.8301 	EXP 	cue_text: autoDraw = True
153.1145 	EXP 	cue_text: autoDraw = False
153.4142 	INFO 	Keyboard events cleared
153.4140 	EXP 	target: autoDraw = True
153.8148 	EXP 	Device response: <KeyPress from None: t=153.81047179999587, value=right, duration=None>
153.8153 	EXP 	New trial (rep=8, index=3): <Trial 83 (3 in rep 8) data={'cue_arrow': '←', 'target_x': -0.5, 'condition': 'valid', 'corr_Ans': 'left', 'thisN': 83, 'thisTrialN': 3, 'thisRepN': 8}>
153.8190 	DATA 	Keypress: right
153.8291 	EXP 	fixation: autoDraw = False
153.8291 	EXP 	cue_text: autoDraw = False
153.8291 	EXP 	target: autoDraw = False
153.8291 	EXP 	cue_text: height = np.float64(0.1)
153.8291 	EXP 	cue_text: height = np.float64(0.1)
153.8291 	EXP 	cue_text: height = np.float64(0.1)
153.8291 	EXP 	cue_text: text = '←'
153.8291 	EXP 	fixation: autoDraw = True
154.0141 	EXP 	Device response: <KeyPress from None: t=153.81047179999587, value=right, duration=0.19553339999401942>
154.3145 	EXP 	fixation: autoDraw = False
154.3145 	EXP 	cue_text: autoDraw = True
154.6309 	EXP 	cue_text: autoDraw = False
154.9144 	INFO 	Keyboard events cleared
154.9142 	EXP 	target: autoDraw = True
155.4313 	EXP 	Device response: <KeyPress from None: t=155.4203250999999, value=left, duration=None>
155.4317 	EXP 	New trial (rep=8, index=4): <Trial 84 (4 in rep 8) data={'cue_arrow': '←', 'target_x': 0.5, 'condition': 'invalid', 'corr_Ans': 'right', 'thisN': 84, 'thisTrialN': 4, 'thisRepN': 8}>
155.4330 	DATA 	Keypress: left
155.4461 	EXP 	fixation: autoDraw = False
155.4461 	EXP 	cue_text: autoDraw = False
155.4461 	EXP 	target: autoDraw = False
155.4461 	EXP 	cue_text: text = '←'
155.4461 	EXP 	fixation: autoDraw = True
155.6137 	EXP 	Device response: <KeyPress from None: t=155.4203250999999, value=left, duration=0.19087959999160375>
155.9475 	EXP 	fixation: autoDraw = False
155.9475 	EXP 	cue_text: autoDraw = True
156.2310 	EXP 	cue_text: autoDraw = False
156.5317 	INFO 	Keyboard events cleared
156.5315 	EXP 	target: autoDraw = True
156.9657 	DATA 	Keypress: right
156.9801 	EXP 	Device response: <KeyPress from None: t=156.9651021000027, value=right, duration=None>
156.9805 	EXP 	New trial (rep=8, index=5): <Trial 85 (5 in rep 8) data={'cue_arrow': '←', 'target_x': -0.5, 'condition': 'valid', 'corr_Ans': 'left', 'thisN': 85, 'thisTrialN': 5, 'thisRepN': 8}>
156.9967 	EXP 	fixation: autoDraw = False
156.9967 	EXP 	cue_text: autoDraw = False
156.9967 	EXP 	target: autoDraw = False
156.9967 	EXP 	cue_text: text = '←'
156.9967 	EXP 	fixation: autoDraw = True
157.1645 	EXP 	Device response: <KeyPress from None: t=156.9651021000027, value=right, duration=0.18553679999604356>
157.4810 	EXP 	fixation: autoDraw = False
157.4810 	EXP 	cue_text: autoDraw = True
157.7813 	EXP 	cue_text: autoDraw = False
158.0795 	INFO 	Keyboard events cleared
158.0793 	EXP 	target: autoDraw = True
159.3471 	EXP 	Device response: <KeyPress from None: t=159.34506839999813, value=left, duration=None>
159.3474 	EXP 	New trial (rep=8, index=6): <Trial 86 (6 in rep 8) data={'cue_arrow': '←', 'target_x': -0.5, 'condition': 'valid', 'corr_Ans': 'left', 'thisN': 86, 'thisTrialN': 6, 'thisRepN': 8}>
159.3486 	DATA 	Keypress: left
159.3628 	EXP 	fixation: autoDraw = False
159.3628 	EXP 	cue_text: autoDraw = False
159.3628 	EXP 	target: autoDraw = False
159.3628 	EXP 	cue_text: text = '←'
159.3628 	EXP 	fixation: autoDraw = True
159.4808 	EXP 	Device response: <KeyPress from None: t=159.34506839999813, value=left, duration=0.1223176999919815>
159.8643 	EXP 	fixation: autoDraw = False
159.8643 	EXP 	cue_text: autoDraw = True
160.1478 	EXP 	cue_text: autoDraw = False
160.4479 	INFO 	Keyboard events cleared
160.4476 	EXP 	target: autoDraw = True
161.2830 	DATA 	Keypress: left
161.2964 	EXP 	Device response: <KeyPress from None: t=161.2818324999971, value=left, duration=None>
161.2968 	EXP 	New trial (rep=8, index=7): <Trial 87 (7 in rep 8) data={'cue_arrow': '→', 'target_x': -0.5, 'condition': 'invalid', 'corr_Ans': 'left', 'thisN': 87, 'thisTrialN': 7, 'thisRepN': 8}>
161.3145 	EXP 	fixation: autoDraw = False
161.3145 	EXP 	cue_text: autoDraw = False
161.3145 	EXP 	target: autoDraw = False
161.3145 	EXP 	cue_text: height = np.float64(0.1)
161.3145 	EXP 	cue_text: height = np.float64(0.1)
161.3145 	EXP 	cue_text: height = np.float64(0.1)
161.3145 	EXP 	cue_text: text = '→'
161.3145 	EXP 	fixation: autoDraw = True
161.4318 	EXP 	Device response: <KeyPress from None: t=161.2818324999971, value=left, duration=0.14716259999840986>
161.7980 	EXP 	fixation: autoDraw = False
161.7980 	EXP 	cue_text: autoDraw = True
162.0975 	EXP 	cue_text: autoDraw = False
162.3982 	INFO 	Keyboard events cleared
162.3980 	EXP 	target: autoDraw = True
162.8003 	DATA 	Keypress: left
162.8136 	EXP 	Device response: <KeyPress from None: t=162.7996673000016, value=left, duration=None>
162.8139 	EXP 	New trial (rep=8, index=8): <Trial 88 (8 in rep 8) data={'cue_arrow': '←', 'target_x': -0.5, 'condition': 'valid', 'corr_Ans': 'left', 'thisN': 88, 'thisTrialN': 8, 'thisRepN': 8}>
162.8307 	EXP 	fixation: autoDraw = False
162.8307 	EXP 	cue_text: autoDraw = False
162.8307 	EXP 	target: autoDraw = False
162.8307 	EXP 	cue_text: height = np.float64(0.1)
162.8307 	EXP 	cue_text: height = np.float64(0.1)
162.8307 	EXP 	cue_text: height = np.float64(0.1)
162.8307 	EXP 	cue_text: text = '←'
162.8307 	EXP 	fixation: autoDraw = True
163.0137 	EXP 	Device response: <KeyPress from None: t=162.7996673000016, value=left, duration=0.19813889999932144>
163.3146 	EXP 	fixation: autoDraw = False
163.3146 	EXP 	cue_text: autoDraw = True
163.6147 	EXP 	cue_text: autoDraw = False
163.9149 	INFO 	Keyboard events cleared
163.9147 	EXP 	target: autoDraw = True
164.8141 	EXP 	Device response: <KeyPress from None: t=164.8034970000008, value=left, duration=None>
164.8144 	EXP 	New trial (rep=8, index=9): <Trial 89 (9 in rep 8) data={'cue_arrow': '→', 'target_x': 0.5, 'condition': 'valid', 'corr_Ans': 'right', 'thisN': 89, 'thisTrialN': 9, 'thisRepN': 8}>
164.8174 	DATA 	Keypress: left
164.8296 	EXP 	fixation: autoDraw = False
164.8296 	EXP 	cue_text: autoDraw = False
164.8296 	EXP 	target: autoDraw = False
164.8296 	EXP 	cue_text: height = np.float64(0.1)
164.8296 	EXP 	cue_text: height = np.float64(0.1)
164.8296 	EXP 	cue_text: height = np.float64(0.1)
164.8296 	EXP 	cue_text: text = '→'
164.8296 	EXP 	fixation: autoDraw = True
164.9474 	EXP 	Device response: <KeyPress from None: t=164.8034970000008, value=left, duration=0.13164579999283887>
165.3146 	EXP 	fixation: autoDraw = False
165.3146 	EXP 	cue_text: autoDraw = True
165.6147 	EXP 	cue_text: autoDraw = False
165.9149 	INFO 	Keyboard events cleared
165.9147 	EXP 	target: autoDraw = True
166.6142 	EXP 	Device response: <KeyPress from None: t=166.6008659999934, value=right, duration=None>
166.6145 	EXP 	New trial (rep=9, index=0): <Trial 90 (0 in rep 9) data={'cue_arrow': '←', 'target_x': 0.5, 'condition': 'invalid', 'corr_Ans': 'right', 'thisN': 90, 'thisTrialN': 0, 'thisRepN': 9}>
166.6177 	DATA 	Keypress: right
166.6304 	EXP 	fixation: autoDraw = False
166.6304 	EXP 	cue_text: autoDraw = False
166.6304 	EXP 	target: autoDraw = False
166.6304 	EXP 	cue_text: height = np.float64(0.1)
166.6304 	EXP 	cue_text: height = np.float64(0.1)
166.6304 	EXP 	cue_text: height = np.float64(0.1)
166.6304 	EXP 	cue_text: text = '←'
166.6304 	EXP 	fixation: autoDraw = True
166.7146 	EXP 	Device response: <KeyPress from None: t=166.6008659999934, value=right, duration=0.11040950000460725>
167.1145 	EXP 	fixation: autoDraw = False
167.1145 	EXP 	cue_text: autoDraw = True
167.4142 	EXP 	cue_text: autoDraw = False
167.7147 	INFO 	Keyboard events cleared
167.7145 	EXP 	target: autoDraw = True
168.6642 	EXP 	Device response: <KeyPress from None: t=168.6501339999959, value=right, duration=None>
168.6646 	EXP 	New trial (rep=9, index=1): <Trial 91 (1 in rep 9) data={'cue_arrow': '→', 'target_x': 0.5, 'condition': 'valid', 'corr_Ans': 'right', 'thisN': 91, 'thisTrialN': 1, 'thisRepN': 9}>
168.6675 	DATA 	Keypress: right
168.6815 	EXP 	fixation: autoDraw = False
168.6815 	EXP 	cue_text: autoDraw = False
168.6815 	EXP 	target: autoDraw = False
168.6815 	EXP 	cue_text: height = np.float64(0.1)
168.6815 	EXP 	cue_text: height = np.float64(0.1)
168.6815 	EXP 	cue_text: height = np.float64(0.1)
168.6815 	EXP 	cue_text: text = '→'
168.6815 	EXP 	fixation: autoDraw = True
168.7808 	EXP 	Device response: <KeyPress from None: t=168.6501339999959, value=right, duration=0.11735480000788812>
169.1645 	EXP 	fixation: autoDraw = False
169.1645 	EXP 	cue_text: autoDraw = True
169.4649 	EXP 	cue_text: autoDraw = False
169.7649 	INFO 	Keyboard events cleared
169.7647 	EXP 	target: autoDraw = True
170.5639 	EXP 	Device response: <KeyPress from None: t=170.55006890000368, value=right, duration=None>
170.5643 	EXP 	New trial (rep=9, index=2): <Trial 92 (2 in rep 9) data={'cue_arrow': '←', 'target_x': -0.5, 'condition': 'valid', 'corr_Ans': 'left', 'thisN': 92, 'thisTrialN': 2, 'thisRepN': 9}>
170.5672 	DATA 	Keypress: right
170.5808 	EXP 	fixation: autoDraw = False
170.5808 	EXP 	cue_text: autoDraw = False
170.5808 	EXP 	target: autoDraw = False
170.5808 	EXP 	cue_text: height = np.float64(0.1)
170.5808 	EXP 	cue_text: height = np.float64(0.1)
170.5808 	EXP 	cue_text: height = np.float64(0.1)
170.5808 	EXP 	cue_text: text = '←'
170.5808 	EXP 	fixation: autoDraw = True
170.7650 	EXP 	Device response: <KeyPress from None: t=170.55006890000368, value=right, duration=0.2089257999905385>
171.0640 	EXP 	fixation: autoDraw = False
171.0640 	EXP 	cue_text: autoDraw = True
171.3648 	EXP 	cue_text: autoDraw = False
171.6651 	INFO 	Keyboard events cleared
171.6649 	EXP 	target: autoDraw = True
172.1646 	EXP 	Device response: <KeyPress from None: t=172.1529881000024, value=left, duration=None>
172.1650 	EXP 	New trial (rep=9, index=3): <Trial 93 (3 in rep 9) data={'cue_arrow': '←', 'target_x': -0.5, 'condition': 'valid', 'corr_Ans': 'left', 'thisN': 93, 'thisTrialN': 3, 'thisRepN': 9}>
172.1662 	DATA 	Keypress: left
172.1808 	EXP 	fixation: autoDraw = False
172.1808 	EXP 	cue_text: autoDraw = False
172.1808 	EXP 	target: autoDraw = False
172.1808 	EXP 	cue_text: text = '←'
172.1808 	EXP 	fixation: autoDraw = True
172.3137 	EXP 	Device response: <KeyPress from None: t=172.1529881000024, value=left, duration=0.15539719999651425>
172.6648 	EXP 	fixation: autoDraw = False
172.6648 	EXP 	cue_text: autoDraw = True
172.9647 	EXP 	cue_text: autoDraw = False
173.2657 	INFO 	Keyboard events cleared
173.2655 	EXP 	target: autoDraw = True
173.7311 	EXP 	Device response: <KeyPress from None: t=173.72326159999648, value=left, duration=None>
173.7314 	EXP 	New trial (rep=9, index=4): <Trial 94 (4 in rep 9) data={'cue_arrow': '←', 'target_x': -0.5, 'condition': 'valid', 'corr_Ans': 'left', 'thisN': 94, 'thisTrialN': 4, 'thisRepN': 9}>
173.7326 	DATA 	Keypress: left
173.7479 	EXP 	fixation: autoDraw = False
173.7479 	EXP 	cue_text: autoDraw = False
173.7479 	EXP 	target: autoDraw = False
173.7479 	EXP 	cue_text: text = '←'
173.7479 	EXP 	fixation: autoDraw = True
173.8982 	EXP 	Device response: <KeyPress from None: t=173.72326159999648, value=left, duration=0.1699159999989206>
174.2315 	EXP 	fixation: autoDraw = False
174.2315 	EXP 	cue_text: autoDraw = True
174.5308 	EXP 	cue_text: autoDraw = False
174.8313 	INFO 	Keyboard events cleared
174.8311 	EXP 	target: autoDraw = True
175.3477 	EXP 	Device response: <KeyPress from None: t=175.3331421000039, value=left, duration=None>
175.3481 	EXP 	New trial (rep=9, index=5): <Trial 95 (5 in rep 9) data={'cue_arrow': '→', 'target_x': 0.5, 'condition': 'valid', 'corr_Ans': 'right', 'thisN': 95, 'thisTrialN': 5, 'thisRepN': 9}>
175.3510 	DATA 	Keypress: left
175.3632 	EXP 	fixation: autoDraw = False
175.3632 	EXP 	cue_text: autoDraw = False
175.3632 	EXP 	target: autoDraw = False
175.3632 	EXP 	cue_text: height = np.float64(0.1)
175.3632 	EXP 	cue_text: height = np.float64(0.1)
175.3632 	EXP 	cue_text: height = np.float64(0.1)
175.3632 	EXP 	cue_text: text = '→'
175.3632 	EXP 	fixation: autoDraw = True
175.4810 	EXP 	Device response: <KeyPress from None: t=175.3331421000039, value=left, duration=0.1386276999983238>
175.8465 	EXP 	fixation: autoDraw = False
175.8465 	EXP 	cue_text: autoDraw = True
176.1483 	EXP 	cue_text: autoDraw = False
176.4484 	INFO 	Keyboard events cleared
176.4482 	EXP 	target: autoDraw = True
176.9146 	EXP 	Device response: <KeyPress from None: t=176.89920569999958, value=right, duration=None>
176.9151 	EXP 	New trial (rep=9, index=6): <Trial 96 (6 in rep 9) data={'cue_arrow': '←', 'target_x': -0.5, 'condition': 'valid', 'corr_Ans': 'left', 'thisN': 96, 'thisTrialN': 6, 'thisRepN': 9}>
176.9183 	DATA 	Keypress: right
176.9300 	EXP 	fixation: autoDraw = False
176.9300 	EXP 	cue_text: autoDraw = False
176.9300 	EXP 	target: autoDraw = False
176.9300 	EXP 	cue_text: height = np.float64(0.1)
176.9300 	EXP 	cue_text: height = np.float64(0.1)
176.9300 	EXP 	cue_text: height = np.float64(0.1)
176.9300 	EXP 	cue_text: text = '←'
176.9300 	EXP 	fixation: autoDraw = True
177.1146 	EXP 	Device response: <KeyPress from None: t=176.89920569999958, value=right, duration=0.21357459999853745>
177.4139 	EXP 	fixation: autoDraw = False
177.4139 	EXP 	cue_text: autoDraw = True
177.7149 	EXP 	cue_text: autoDraw = False
178.0317 	INFO 	Keyboard events cleared
178.0315 	EXP 	target: autoDraw = True
178.5304 	EXP 	Device response: <KeyPress from None: t=178.5196036999987, value=left, duration=None>
178.5307 	EXP 	New trial (rep=9, index=7): <Trial 97 (7 in rep 9) data={'cue_arrow': '→', 'target_x': -0.5, 'condition': 'invalid', 'corr_Ans': 'left', 'thisN': 97, 'thisTrialN': 7, 'thisRepN': 9}>
178.5336 	DATA 	Keypress: left
178.5477 	EXP 	fixation: autoDraw = False
178.5477 	EXP 	cue_text: autoDraw = False
178.5477 	EXP 	target: autoDraw = False
178.5477 	EXP 	cue_text: height = np.float64(0.1)
178.5477 	EXP 	cue_text: height = np.float64(0.1)
178.5477 	EXP 	cue_text: height = np.float64(0.1)
178.5477 	EXP 	cue_text: text = '→'
178.5477 	EXP 	fixation: autoDraw = True
178.6658 	EXP 	Device response: <KeyPress from None: t=178.5196036999987, value=left, duration=0.1291785999928834>
179.0314 	EXP 	fixation: autoDraw = False
179.0314 	EXP 	cue_text: autoDraw = True
179.3311 	EXP 	cue_text: autoDraw = False
179.6322 	INFO 	Keyboard events cleared
179.6320 	EXP 	target: autoDraw = True
180.5143 	EXP 	Device response: <KeyPress from None: t=180.5007542999956, value=left, duration=None>
180.5146 	EXP 	New trial (rep=9, index=8): <Trial 98 (8 in rep 9) data={'cue_arrow': '→', 'target_x': 0.5, 'condition': 'valid', 'corr_Ans': 'right', 'thisN': 98, 'thisTrialN': 8, 'thisRepN': 9}>
180.5158 	DATA 	Keypress: left
180.5298 	EXP 	fixation: autoDraw = False
180.5298 	EXP 	cue_text: autoDraw = False
180.5298 	EXP 	target: autoDraw = False
180.5298 	EXP 	cue_text: text = '→'
180.5298 	EXP 	fixation: autoDraw = True
180.6319 	EXP 	Device response: <KeyPress from None: t=180.5007542999956, value=left, duration=0.1174485000083223>
181.0148 	EXP 	fixation: autoDraw = False
181.0148 	EXP 	cue_text: autoDraw = True
181.3149 	EXP 	cue_text: autoDraw = False
181.6151 	INFO 	Keyboard events cleared
181.6149 	EXP 	target: autoDraw = True
182.2308 	EXP 	Device response: <KeyPress from None: t=182.22149100000388, value=right, duration=None>
182.2311 	EXP 	New trial (rep=9, index=9): <Trial 99 (9 in rep 9) data={'cue_arrow': '→', 'target_x': 0.5, 'condition': 'valid', 'corr_Ans': 'right', 'thisN': 99, 'thisTrialN': 9, 'thisRepN': 9}>
182.2323 	DATA 	Keypress: right
182.2479 	EXP 	fixation: autoDraw = False
182.2479 	EXP 	cue_text: autoDraw = False
182.2479 	EXP 	target: autoDraw = False
182.2479 	EXP 	cue_text: text = '→'
182.2479 	EXP 	fixation: autoDraw = True
182.3979 	EXP 	Device response: <KeyPress from None: t=182.22149100000388, value=right, duration=0.1710210999881383>
182.7320 	EXP 	fixation: autoDraw = False
182.7320 	EXP 	cue_text: autoDraw = True
183.0309 	EXP 	cue_text: autoDraw = False
183.3322 	INFO 	Keyboard events cleared
183.3319 	EXP 	target: autoDraw = True
183.8972 	EXP 	Device response: <KeyPress from None: t=183.89054659999965, value=right, duration=None>
183.8976 	EXP 	New trial (rep=10, index=0): <Trial 100 (0 in rep 10) data={'cue_arrow': '←', 'target_x': -0.5, 'condition': 'valid', 'corr_Ans': 'left', 'thisN': 100, 'thisTrialN': 0, 'thisRepN': 10}>
183.9008 	DATA 	Keypress: right
183.9135 	EXP 	fixation: autoDraw = False
183.9135 	EXP 	cue_text: autoDraw = False
183.9135 	EXP 	target: autoDraw = False
183.9135 	EXP 	cue_text: height = np.float64(0.1)
183.9135 	EXP 	cue_text: height = np.float64(0.1)
183.9135 	EXP 	cue_text: height = np.float64(0.1)
183.9135 	EXP 	cue_text: text = '←'
183.9135 	EXP 	fixation: autoDraw = True
184.0147 	EXP 	Device response: <KeyPress from None: t=183.89054659999965, value=right, duration=0.1184266999916872>
184.3965 	EXP 	fixation: autoDraw = False
184.3965 	EXP 	cue_text: autoDraw = True
184.6971 	EXP 	cue_text: autoDraw = False
184.9982 	INFO 	Keyboard events cleared
184.9980 	EXP 	target: autoDraw = True
185.5657 	EXP 	Device response: <KeyPress from None: t=185.5555386999913, value=left, duration=None>
185.5661 	EXP 	New trial (rep=10, index=1): <Trial 101 (1 in rep 10) data={'cue_arrow': '←', 'target_x': -0.5, 'condition': 'valid', 'corr_Ans': 'left', 'thisN': 101, 'thisTrialN': 1, 'thisRepN': 10}>
185.5676 	DATA 	Keypress: left
185.5800 	EXP 	fixation: autoDraw = False
185.5800 	EXP 	cue_text: autoDraw = False
185.5800 	EXP 	target: autoDraw = False
185.5800 	EXP 	cue_text: text = '←'
185.5800 	EXP 	fixation: autoDraw = True
185.7307 	EXP 	Device response: <KeyPress from None: t=185.5555386999913, value=left, duration=0.16418170000542887>
186.0817 	EXP 	fixation: autoDraw = False
186.0817 	EXP 	cue_text: autoDraw = True
186.3817 	EXP 	cue_text: autoDraw = False
186.6818 	INFO 	Keyboard events cleared
186.6815 	EXP 	target: autoDraw = True
187.3310 	EXP 	Device response: <KeyPress from None: t=187.3215676999971, value=left, duration=None>
187.3313 	EXP 	New trial (rep=10, index=2): <Trial 102 (2 in rep 10) data={'cue_arrow': '→', 'target_x': 0.5, 'condition': 'valid', 'corr_Ans': 'right', 'thisN': 102, 'thisTrialN': 2, 'thisRepN': 10}>
187.3346 	DATA 	Keypress: left
187.3474 	EXP 	fixation: autoDraw = False
187.3474 	EXP 	cue_text: autoDraw = False
187.3474 	EXP 	target: autoDraw = False
187.3474 	EXP 	cue_text: height = np.float64(0.1)
187.3474 	EXP 	cue_text: height = np.float64(0.1)
187.3474 	EXP 	cue_text: height = np.float64(0.1)
187.3474 	EXP 	cue_text: text = '→'
187.3474 	EXP 	fixation: autoDraw = True
187.4805 	EXP 	Device response: <KeyPress from None: t=187.3215676999971, value=left, duration=0.14432859999942593>
187.8474 	EXP 	fixation: autoDraw = False
187.8474 	EXP 	cue_text: autoDraw = True
188.1480 	EXP 	cue_text: autoDraw = False
188.4319 	INFO 	Keyboard events cleared
188.4317 	EXP 	target: autoDraw = True
188.8312 	EXP 	Device response: <KeyPress from None: t=188.81587500000023, value=right, duration=None>
188.8316 	EXP 	New trial (rep=10, index=3): <Trial 103 (3 in rep 10) data={'cue_arrow': '→', 'target_x': 0.5, 'condition': 'valid', 'corr_Ans': 'right', 'thisN': 103, 'thisTrialN': 3, 'thisRepN': 10}>
188.8328 	DATA 	Keypress: right
188.8477 	EXP 	fixation: autoDraw = False
188.8477 	EXP 	cue_text: autoDraw = False
188.8477 	EXP 	target: autoDraw = False
188.8477 	EXP 	cue_text: text = '→'
188.8477 	EXP 	fixation: autoDraw = True
188.9473 	EXP 	Device response: <KeyPress from None: t=188.81587500000023, value=right, duration=0.129603399996995>
189.3319 	EXP 	fixation: autoDraw = False
189.3319 	EXP 	cue_text: autoDraw = True
189.6318 	EXP 	cue_text: autoDraw = False
189.9319 	INFO 	Keyboard events cleared
189.9317 	EXP 	target: autoDraw = True
190.4318 	EXP 	Device response: <KeyPress from None: t=190.41612929999246, value=right, duration=None>
190.4323 	EXP 	New trial (rep=10, index=4): <Trial 104 (4 in rep 10) data={'cue_arrow': '→', 'target_x': -0.5, 'condition': 'invalid', 'corr_Ans': 'left', 'thisN': 104, 'thisTrialN': 4, 'thisRepN': 10}>
190.4338 	DATA 	Keypress: right
190.4481 	EXP 	fixation: autoDraw = False
190.4481 	EXP 	cue_text: autoDraw = False
190.4481 	EXP 	target: autoDraw = False
190.4481 	EXP 	cue_text: text = '→'
190.4481 	EXP 	fixation: autoDraw = True
190.6317 	EXP 	Device response: <KeyPress from None: t=190.41612929999246, value=right, duration=0.21462070000416134>
190.9312 	EXP 	fixation: autoDraw = False
190.9312 	EXP 	cue_text: autoDraw = True
191.2307 	EXP 	cue_text: autoDraw = False
191.5312 	INFO 	Keyboard events cleared
191.5310 	EXP 	target: autoDraw = True
192.1650 	EXP 	Device response: <KeyPress from None: t=192.15241169999354, value=left, duration=None>
192.1653 	EXP 	New trial (rep=10, index=5): <Trial 105 (5 in rep 10) data={'cue_arrow': '←', 'target_x': 0.5, 'condition': 'invalid', 'corr_Ans': 'right', 'thisN': 105, 'thisTrialN': 5, 'thisRepN': 10}>
192.1686 	DATA 	Keypress: left
192.1804 	EXP 	fixation: autoDraw = False
192.1804 	EXP 	cue_text: autoDraw = False
192.1804 	EXP 	target: autoDraw = False
192.1804 	EXP 	cue_text: height = np.float64(0.1)
192.1804 	EXP 	cue_text: height = np.float64(0.1)
192.1804 	EXP 	cue_text: height = np.float64(0.1)
192.1804 	EXP 	cue_text: text = '←'
192.1804 	EXP 	fixation: autoDraw = True
192.3139 	EXP 	Device response: <KeyPress from None: t=192.15241169999354, value=left, duration=0.14521080000849906>
192.6643 	EXP 	fixation: autoDraw = False
192.6643 	EXP 	cue_text: autoDraw = True
192.9818 	EXP 	cue_text: autoDraw = False
193.2649 	INFO 	Keyboard events cleared
193.2647 	EXP 	target: autoDraw = True
193.9140 	EXP 	Device response: <KeyPress from None: t=193.9104468000005, value=right, duration=None>
193.9144 	EXP 	New trial (rep=10, index=6): <Trial 106 (6 in rep 10) data={'cue_arrow': '←', 'target_x': -0.5, 'condition': 'valid', 'corr_Ans': 'left', 'thisN': 106, 'thisTrialN': 6, 'thisRepN': 10}>
193.9155 	DATA 	Keypress: right
193.9308 	EXP 	fixation: autoDraw = False
193.9308 	EXP 	cue_text: autoDraw = False
193.9308 	EXP 	target: autoDraw = False
193.9308 	EXP 	cue_text: text = '←'
193.9308 	EXP 	fixation: autoDraw = True
194.0985 	EXP 	Device response: <KeyPress from None: t=193.9104468000005, value=right, duration=0.17340119999425951>
194.4149 	EXP 	fixation: autoDraw = False
194.4149 	EXP 	cue_text: autoDraw = True
194.7131 	EXP 	cue_text: autoDraw = False
195.0153 	INFO 	Keyboard events cleared
195.0151 	EXP 	target: autoDraw = True
195.6140 	EXP 	Device response: <KeyPress from None: t=195.6121803999995, value=left, duration=None>
195.6142 	EXP 	New trial (rep=10, index=7): <Trial 107 (7 in rep 10) data={'cue_arrow': '→', 'target_x': 0.5, 'condition': 'valid', 'corr_Ans': 'right', 'thisN': 107, 'thisTrialN': 7, 'thisRepN': 10}>
195.6172 	DATA 	Keypress: left
195.6301 	EXP 	fixation: autoDraw = False
195.6301 	EXP 	cue_text: autoDraw = False
195.6301 	EXP 	target: autoDraw = False
195.6301 	EXP 	cue_text: height = np.float64(0.1)
195.6301 	EXP 	cue_text: height = np.float64(0.1)
195.6301 	EXP 	cue_text: height = np.float64(0.1)
195.6301 	EXP 	cue_text: text = '→'
195.6301 	EXP 	fixation: autoDraw = True
195.7986 	EXP 	Device response: <KeyPress from None: t=195.6121803999995, value=left, duration=0.18085069999506231>
196.1148 	EXP 	fixation: autoDraw = False
196.1148 	EXP 	cue_text: autoDraw = True
196.4136 	EXP 	cue_text: autoDraw = False
196.7146 	INFO 	Keyboard events cleared
196.7144 	EXP 	target: autoDraw = True
197.4480 	EXP 	Device response: <KeyPress from None: t=197.43407619999198, value=right, duration=None>
197.4483 	EXP 	New trial (rep=10, index=8): <Trial 108 (8 in rep 10) data={'cue_arrow': '→', 'target_x': 0.5, 'condition': 'valid', 'corr_Ans': 'right', 'thisN': 108, 'thisTrialN': 8, 'thisRepN': 10}>
197.4495 	DATA 	Keypress: right
197.4648 	EXP 	fixation: autoDraw = False
197.4648 	EXP 	cue_text: autoDraw = False
197.4648 	EXP 	target: autoDraw = False
197.4648 	EXP 	cue_text: text = '→'
197.4648 	EXP 	fixation: autoDraw = True
197.6327 	EXP 	Device response: <KeyPress from None: t=197.43407619999198, value=right, duration=0.1932578999985708>
197.9474 	EXP 	fixation: autoDraw = False
197.9474 	EXP 	cue_text: autoDraw = True
198.2649 	EXP 	cue_text: autoDraw = False
198.5481 	INFO 	Keyboard events cleared
198.5479 	EXP 	target: autoDraw = True
198.9987 	EXP 	Device response: <KeyPress from None: t=198.99378639999486, value=right, duration=None>
198.9993 	EXP 	New trial (rep=10, index=9): <Trial 109 (9 in rep 10) data={'cue_arrow': '←', 'target_x': -0.5, 'condition': 'valid', 'corr_Ans': 'left', 'thisN': 109, 'thisTrialN': 9, 'thisRepN': 10}>
199.0026 	DATA 	Keypress: right
199.0128 	EXP 	fixation: autoDraw = False
199.0128 	EXP 	cue_text: autoDraw = False
199.0128 	EXP 	target: autoDraw = False
199.0128 	EXP 	cue_text: height = np.float64(0.1)
199.0128 	EXP 	cue_text: height = np.float64(0.1)
199.0128 	EXP 	cue_text: height = np.float64(0.1)
199.0128 	EXP 	cue_text: text = '←'
199.0128 	EXP 	fixation: autoDraw = True
199.1657 	EXP 	Device response: <KeyPress from None: t=198.99378639999486, value=right, duration=0.16045320000557695>
199.4983 	EXP 	fixation: autoDraw = False
199.4983 	EXP 	cue_text: autoDraw = True
199.7984 	EXP 	cue_text: autoDraw = False
200.0980 	INFO 	Keyboard events cleared
200.0978 	EXP 	target: autoDraw = True
200.5989 	EXP 	Device response: <KeyPress from None: t=200.58730790000118, value=left, duration=None>
200.5994 	EXP 	New trial (rep=11, index=0): <Trial 110 (0 in rep 11) data={'cue_arrow': '←', 'target_x': -0.5, 'condition': 'valid', 'corr_Ans': 'left', 'thisN': 110, 'thisTrialN': 0, 'thisRepN': 11}>
200.6008 	DATA 	Keypress: left
200.6142 	EXP 	fixation: autoDraw = False
200.6142 	EXP 	cue_text: autoDraw = False
200.6142 	EXP 	target: autoDraw = False
200.6142 	EXP 	cue_text: text = '←'
200.6142 	EXP 	fixation: autoDraw = True
200.7645 	EXP 	Device response: <KeyPress from None: t=200.58730790000118, value=left, duration=0.16543829999864101>
201.1144 	EXP 	fixation: autoDraw = False
201.1144 	EXP 	cue_text: autoDraw = True
201.3985 	EXP 	cue_text: autoDraw = False
201.6982 	INFO 	Keyboard events cleared
201.6980 	EXP 	target: autoDraw = True
202.4980 	EXP 	Device response: <KeyPress from None: t=202.48456559999613, value=left, duration=None>
202.4983 	EXP 	New trial (rep=11, index=1): <Trial 111 (1 in rep 11) data={'cue_arrow': '→', 'target_x': 0.5, 'condition': 'valid', 'corr_Ans': 'right', 'thisN': 111, 'thisTrialN': 1, 'thisRepN': 11}>
202.5021 	DATA 	Keypress: left
202.5142 	EXP 	fixation: autoDraw = False
202.5142 	EXP 	cue_text: autoDraw = False
202.5142 	EXP 	target: autoDraw = False
202.5142 	EXP 	cue_text: height = np.float64(0.1)
202.5142 	EXP 	cue_text: height = np.float64(0.1)
202.5142 	EXP 	cue_text: height = np.float64(0.1)
202.5142 	EXP 	cue_text: text = '→'
202.5142 	EXP 	fixation: autoDraw = True
202.6309 	EXP 	Device response: <KeyPress from None: t=202.48456559999613, value=left, duration=0.13602970000647474>
202.9980 	EXP 	fixation: autoDraw = False
202.9980 	EXP 	cue_text: autoDraw = True
203.2986 	EXP 	cue_text: autoDraw = False
203.5992 	INFO 	Keyboard events cleared
203.5990 	EXP 	target: autoDraw = True
204.2649 	EXP 	Device response: <KeyPress from None: t=204.2578322999907, value=right, duration=None>
204.2652 	EXP 	New trial (rep=11, index=2): <Trial 112 (2 in rep 11) data={'cue_arrow': '←', 'target_x': 0.5, 'condition': 'invalid', 'corr_Ans': 'right', 'thisN': 112, 'thisTrialN': 2, 'thisRepN': 11}>
204.2683 	DATA 	Keypress: right
204.2815 	EXP 	fixation: autoDraw = False
204.2815 	EXP 	cue_text: autoDraw = False
204.2815 	EXP 	target: autoDraw = False
204.2815 	EXP 	cue_text: height = np.float64(0.1)
204.2815 	EXP 	cue_text: height = np.float64(0.1)
204.2815 	EXP 	cue_text: height = np.float64(0.1)
204.2815 	EXP 	cue_text: text = '←'
204.2815 	EXP 	fixation: autoDraw = True
204.4309 	EXP 	Device response: <KeyPress from None: t=204.2578322999907, value=right, duration=0.16519140001037158>
204.7650 	EXP 	fixation: autoDraw = False
204.7650 	EXP 	cue_text: autoDraw = True
205.0817 	EXP 	cue_text: autoDraw = False
205.3653 	INFO 	Keyboard events cleared
205.3651 	EXP 	target: autoDraw = True
206.5829 	DATA 	Keypress: right
206.5982 	EXP 	Device response: <KeyPress from None: t=206.58224360000168, value=right, duration=None>
206.5985 	EXP 	New trial (rep=11, index=3): <Trial 113 (3 in rep 11) data={'cue_arrow': '→', 'target_x': 0.5, 'condition': 'valid', 'corr_Ans': 'right', 'thisN': 113, 'thisTrialN': 3, 'thisRepN': 11}>
206.6156 	EXP 	fixation: autoDraw = False
206.6156 	EXP 	cue_text: autoDraw = False
206.6156 	EXP 	target: autoDraw = False
206.6156 	EXP 	cue_text: height = np.float64(0.1)
206.6156 	EXP 	cue_text: height = np.float64(0.1)
206.6156 	EXP 	cue_text: height = np.float64(0.1)
206.6156 	EXP 	cue_text: text = '→'
206.6156 	EXP 	fixation: autoDraw = True
206.7486 	EXP 	Device response: <KeyPress from None: t=206.58224360000168, value=right, duration=0.160708399998839>
207.0987 	EXP 	fixation: autoDraw = False
207.0987 	EXP 	cue_text: autoDraw = True
207.3974 	EXP 	cue_text: autoDraw = False
207.6990 	INFO 	Keyboard events cleared
207.6988 	EXP 	target: autoDraw = True
208.4646 	EXP 	Device response: <KeyPress from None: t=208.45531419999315, value=right, duration=None>
208.4649 	EXP 	New trial (rep=11, index=4): <Trial 114 (4 in rep 11) data={'cue_arrow': '→', 'target_x': 0.5, 'condition': 'valid', 'corr_Ans': 'right', 'thisN': 114, 'thisTrialN': 4, 'thisRepN': 11}>
208.4660 	DATA 	Keypress: right
208.4820 	EXP 	fixation: autoDraw = False
208.4820 	EXP 	cue_text: autoDraw = False
208.4820 	EXP 	target: autoDraw = False
208.4820 	EXP 	cue_text: text = '→'
208.4820 	EXP 	fixation: autoDraw = True
208.6326 	EXP 	Device response: <KeyPress from None: t=208.45531419999315, value=right, duration=0.1639320999966003>
208.9656 	EXP 	fixation: autoDraw = False
208.9656 	EXP 	cue_text: autoDraw = True
209.2654 	EXP 	cue_text: autoDraw = False
209.5651 	INFO 	Keyboard events cleared
209.5649 	EXP 	target: autoDraw = True
209.9983 	EXP 	Device response: <KeyPress from None: t=209.99508749999222, value=right, duration=None>
209.9986 	EXP 	New trial (rep=11, index=5): <Trial 115 (5 in rep 11) data={'cue_arrow': '→', 'target_x': -0.5, 'condition': 'invalid', 'corr_Ans': 'left', 'thisN': 115, 'thisTrialN': 5, 'thisRepN': 11}>
209.9999 	DATA 	Keypress: right
210.0137 	EXP 	fixation: autoDraw = False
210.0137 	EXP 	cue_text: autoDraw = False
210.0137 	EXP 	target: autoDraw = False
210.0137 	EXP 	cue_text: text = '→'
210.0137 	EXP 	fixation: autoDraw = True
210.1654 	EXP 	Device response: <KeyPress from None: t=209.99508749999222, value=right, duration=0.15973340001073666>
210.4991 	EXP 	fixation: autoDraw = False
210.4991 	EXP 	cue_text: autoDraw = True
210.7985 	EXP 	cue_text: autoDraw = False
211.0991 	INFO 	Keyboard events cleared
211.0989 	EXP 	target: autoDraw = True
211.6486 	EXP 	Device response: <KeyPress from None: t=211.63607680000132, value=left, duration=None>
211.6489 	EXP 	New trial (rep=11, index=6): <Trial 116 (6 in rep 11) data={'cue_arrow': '→', 'target_x': 0.5, 'condition': 'valid', 'corr_Ans': 'right', 'thisN': 116, 'thisTrialN': 6, 'thisRepN': 11}>
211.6502 	DATA 	Keypress: left
211.6648 	EXP 	fixation: autoDraw = False
211.6648 	EXP 	cue_text: autoDraw = False
211.6648 	EXP 	target: autoDraw = False
211.6648 	EXP 	cue_text: text = '→'
211.6648 	EXP 	fixation: autoDraw = True
211.8149 	EXP 	Device response: <KeyPress from None: t=211.63607680000132, value=left, duration=0.16279950000171084>
212.1486 	EXP 	fixation: autoDraw = False
212.1486 	EXP 	cue_text: autoDraw = True
212.4652 	EXP 	cue_text: autoDraw = False
212.7489 	INFO 	Keyboard events cleared
212.7487 	EXP 	target: autoDraw = True
213.7654 	EXP 	Device response: <KeyPress from None: t=213.76436359999934, value=right, duration=None>
213.7658 	EXP 	New trial (rep=11, index=7): <Trial 117 (7 in rep 11) data={'cue_arrow': '←', 'target_x': -0.5, 'condition': 'valid', 'corr_Ans': 'left', 'thisN': 117, 'thisTrialN': 7, 'thisRepN': 11}>
213.7689 	DATA 	Keypress: right
213.7806 	EXP 	fixation: autoDraw = False
213.7806 	EXP 	cue_text: autoDraw = False
213.7806 	EXP 	target: autoDraw = False
213.7806 	EXP 	cue_text: height = np.float64(0.1)
213.7806 	EXP 	cue_text: height = np.float64(0.1)
213.7806 	EXP 	cue_text: height = np.float64(0.1)
213.7806 	EXP 	cue_text: text = '←'
213.7806 	EXP 	fixation: autoDraw = True
213.9154 	EXP 	Device response: <KeyPress from None: t=213.76436359999934, value=right, duration=0.15013539999199566>
214.2818 	EXP 	fixation: autoDraw = False
214.2818 	EXP 	cue_text: autoDraw = True
214.5650 	EXP 	cue_text: autoDraw = False
214.8824 	INFO 	Keyboard events cleared
214.8822 	EXP 	target: autoDraw = True
215.5143 	EXP 	Device response: <KeyPress from None: t=215.50589400000172, value=left, duration=None>
215.5146 	EXP 	New trial (rep=11, index=8): <Trial 118 (8 in rep 11) data={'cue_arrow': '←', 'target_x': -0.5, 'condition': 'valid', 'corr_Ans': 'left', 'thisN': 118, 'thisTrialN': 8, 'thisRepN': 11}>
215.5158 	DATA 	Keypress: left
215.5322 	EXP 	fixation: autoDraw = False
215.5322 	EXP 	cue_text: autoDraw = False
215.5322 	EXP 	target: autoDraw = False
215.5322 	EXP 	cue_text: text = '←'
215.5322 	EXP 	fixation: autoDraw = True
215.6980 	EXP 	Device response: <KeyPress from None: t=215.50589400000172, value=left, duration=0.18268859999079723>
216.0154 	EXP 	fixation: autoDraw = False
216.0154 	EXP 	cue_text: autoDraw = True
216.3150 	EXP 	cue_text: autoDraw = False
216.6155 	INFO 	Keyboard events cleared
216.6153 	EXP 	target: autoDraw = True
217.0317 	EXP 	Device response: <KeyPress from None: t=217.02865209999436, value=left, duration=None>
217.0321 	EXP 	New trial (rep=11, index=9): <Trial 119 (9 in rep 11) data={'cue_arrow': '←', 'target_x': -0.5, 'condition': 'valid', 'corr_Ans': 'left', 'thisN': 119, 'thisTrialN': 9, 'thisRepN': 11}>
217.0334 	DATA 	Keypress: left
217.0470 	EXP 	fixation: autoDraw = False
217.0470 	EXP 	cue_text: autoDraw = False
217.0470 	EXP 	target: autoDraw = False
217.0470 	EXP 	cue_text: text = '←'
217.0470 	EXP 	fixation: autoDraw = True
217.1655 	EXP 	Device response: <KeyPress from None: t=217.02865209999436, value=left, duration=0.12811540000257082>
217.5488 	EXP 	fixation: autoDraw = False
217.5488 	EXP 	cue_text: autoDraw = True
217.8322 	EXP 	cue_text: autoDraw = False
218.1324 	INFO 	Keyboard events cleared
218.1321 	EXP 	target: autoDraw = True
218.7319 	EXP 	Device response: <KeyPress from None: t=218.71792199999618, value=left, duration=None>
218.7322 	EXP 	New trial (rep=12, index=0): <Trial 120 (0 in rep 12) data={'cue_arrow': '←', 'target_x': 0.5, 'condition': 'invalid', 'corr_Ans': 'right', 'thisN': 120, 'thisTrialN': 0, 'thisRepN': 12}>
218.7334 	DATA 	Keypress: left
218.7490 	EXP 	fixation: autoDraw = False
218.7490 	EXP 	cue_text: autoDraw = False
218.7490 	EXP 	target: autoDraw = False
218.7490 	EXP 	cue_text: text = '←'
218.7490 	EXP 	fixation: autoDraw = True
218.8650 	EXP 	Device response: <KeyPress from None: t=218.71792199999618, value=left, duration=0.13601489999564365>
219.2323 	EXP 	fixation: autoDraw = False
219.2323 	EXP 	cue_text: autoDraw = True
219.5487 	EXP 	cue_text: autoDraw = False
219.8326 	INFO 	Keyboard events cleared
219.8324 	EXP 	target: autoDraw = True
220.4151 	EXP 	Device response: <KeyPress from None: t=220.40864149999106, value=right, duration=None>
220.4155 	EXP 	New trial (rep=12, index=1): <Trial 121 (1 in rep 12) data={'cue_arrow': '→', 'target_x': -0.5, 'condition': 'invalid', 'corr_Ans': 'left', 'thisN': 121, 'thisTrialN': 1, 'thisRepN': 12}>
220.4184 	DATA 	Keypress: right
220.4316 	EXP 	fixation: autoDraw = False
220.4316 	EXP 	cue_text: autoDraw = False
220.4316 	EXP 	target: autoDraw = False
220.4316 	EXP 	cue_text: height = np.float64(0.1)
220.4316 	EXP 	cue_text: height = np.float64(0.1)
220.4316 	EXP 	cue_text: height = np.float64(0.1)
220.4316 	EXP 	cue_text: text = '→'
220.4316 	EXP 	fixation: autoDraw = True
220.6156 	EXP 	Device response: <KeyPress from None: t=220.40864149999106, value=right, duration=0.19859540001198184>
220.9322 	EXP 	fixation: autoDraw = False
220.9322 	EXP 	cue_text: autoDraw = True
221.2143 	EXP 	cue_text: autoDraw = False
221.5148 	INFO 	Keyboard events cleared
221.5146 	EXP 	target: autoDraw = True
222.6820 	EXP 	Device response: <KeyPress from None: t=222.67679650000355, value=left, duration=None>
222.6824 	EXP 	New trial (rep=12, index=2): <Trial 122 (2 in rep 12) data={'cue_arrow': '←', 'target_x': -0.5, 'condition': 'valid', 'corr_Ans': 'left', 'thisN': 122, 'thisTrialN': 2, 'thisRepN': 12}>
222.6857 	DATA 	Keypress: left
222.6983 	EXP 	fixation: autoDraw = False
222.6983 	EXP 	cue_text: autoDraw = False
222.6983 	EXP 	target: autoDraw = False
222.6983 	EXP 	cue_text: height = np.float64(0.1)
222.6983 	EXP 	cue_text: height = np.float64(0.1)
222.6983 	EXP 	cue_text: height = np.float64(0.1)
222.6983 	EXP 	cue_text: text = '←'
222.6983 	EXP 	fixation: autoDraw = True
222.7980 	EXP 	Device response: <KeyPress from None: t=222.67679650000355, value=left, duration=0.11876179999671876>
223.1814 	EXP 	fixation: autoDraw = False
223.1814 	EXP 	cue_text: autoDraw = True
223.4812 	EXP 	cue_text: autoDraw = False
223.7825 	INFO 	Keyboard events cleared
223.7822 	EXP 	target: autoDraw = True
224.5650 	EXP 	Device response: <KeyPress from None: t=224.5574224000011, value=left, duration=None>
224.5654 	EXP 	New trial (rep=12, index=3): <Trial 123 (3 in rep 12) data={'cue_arrow': '→', 'target_x': 0.5, 'condition': 'valid', 'corr_Ans': 'right', 'thisN': 123, 'thisTrialN': 3, 'thisRepN': 12}>
224.5683 	DATA 	Keypress: left
224.5805 	EXP 	fixation: autoDraw = False
224.5805 	EXP 	cue_text: autoDraw = False
224.5805 	EXP 	target: autoDraw = False
224.5805 	EXP 	cue_text: height = np.float64(0.1)
224.5805 	EXP 	cue_text: height = np.float64(0.1)
224.5805 	EXP 	cue_text: height = np.float64(0.1)
224.5805 	EXP 	cue_text: text = '→'
224.5805 	EXP 	fixation: autoDraw = True
224.7812 	EXP 	Device response: <KeyPress from None: t=224.5574224000011, value=left, duration=0.21393909999460448>
225.0654 	EXP 	fixation: autoDraw = False
225.0654 	EXP 	cue_text: autoDraw = True
225.3658 	EXP 	cue_text: autoDraw = False
225.6649 	INFO 	Keyboard events cleared
225.6647 	EXP 	target: autoDraw = True
226.0653 	EXP 	Device response: <KeyPress from None: t=226.05757829999493, value=right, duration=None>
226.0656 	EXP 	New trial (rep=12, index=4): <Trial 124 (4 in rep 12) data={'cue_arrow': '←', 'target_x': -0.5, 'condition': 'valid', 'corr_Ans': 'left', 'thisN': 124, 'thisTrialN': 4, 'thisRepN': 12}>
226.0687 	DATA 	Keypress: right
226.0810 	EXP 	fixation: autoDraw = False
226.0810 	EXP 	cue_text: autoDraw = False
226.0810 	EXP 	target: autoDraw = False
226.0810 	EXP 	cue_text: height = np.float64(0.1)
226.0810 	EXP 	cue_text: height = np.float64(0.1)
226.0810 	EXP 	cue_text: height = np.float64(0.1)
226.0810 	EXP 	cue_text: text = '←'
226.0810 	EXP 	fixation: autoDraw = True
226.2812 	EXP 	Device response: <KeyPress from None: t=226.05757829999493, value=right, duration=0.20950949999678414>
226.5659 	EXP 	fixation: autoDraw = False
226.5659 	EXP 	cue_text: autoDraw = True
226.8655 	EXP 	cue_text: autoDraw = False
227.1657 	INFO 	Keyboard events cleared
227.1656 	EXP 	target: autoDraw = True
227.5991 	EXP 	Device response: <KeyPress from None: t=227.58728549999068, value=left, duration=None>
227.5995 	EXP 	New trial (rep=12, index=5): <Trial 125 (5 in rep 12) data={'cue_arrow': '←', 'target_x': -0.5, 'condition': 'valid', 'corr_Ans': 'left', 'thisN': 125, 'thisTrialN': 5, 'thisRepN': 12}>
227.6008 	DATA 	Keypress: left
227.6141 	EXP 	fixation: autoDraw = False
227.6141 	EXP 	cue_text: autoDraw = False
227.6141 	EXP 	target: autoDraw = False
227.6141 	EXP 	cue_text: text = '←'
227.6141 	EXP 	fixation: autoDraw = True
227.7811 	EXP 	Device response: <KeyPress from None: t=227.58728549999068, value=left, duration=0.18535840000549797>
228.0983 	EXP 	fixation: autoDraw = False
228.0983 	EXP 	cue_text: autoDraw = True
228.3992 	EXP 	cue_text: autoDraw = False
228.7154 	INFO 	Keyboard events cleared
228.7152 	EXP 	target: autoDraw = True
229.1651 	EXP 	Device response: <KeyPress from None: t=229.1617760999943, value=left, duration=None>
229.1655 	EXP 	New trial (rep=12, index=6): <Trial 126 (6 in rep 12) data={'cue_arrow': '→', 'target_x': 0.5, 'condition': 'valid', 'corr_Ans': 'right', 'thisN': 126, 'thisTrialN': 6, 'thisRepN': 12}>
229.1700 	DATA 	Keypress: left
229.1800 	EXP 	fixation: autoDraw = False
229.1800 	EXP 	cue_text: autoDraw = False
229.1800 	EXP 	target: autoDraw = False
229.1800 	EXP 	cue_text: height = np.float64(0.1)
229.1800 	EXP 	cue_text: height = np.float64(0.1)
229.1800 	EXP 	cue_text: height = np.float64(0.1)
229.1800 	EXP 	cue_text: text = '→'
229.1800 	EXP 	fixation: autoDraw = True
229.3321 	EXP 	Device response: <KeyPress from None: t=229.1617760999943, value=left, duration=0.16854980000061914>
229.6656 	EXP 	fixation: autoDraw = False
229.6656 	EXP 	cue_text: autoDraw = True
229.9654 	EXP 	cue_text: autoDraw = False
230.2648 	INFO 	Keyboard events cleared
230.2646 	EXP 	target: autoDraw = True
230.5833 	EXP 	Device response: <KeyPress from None: t=230.57345820000046, value=right, duration=None>
230.5837 	EXP 	New trial (rep=12, index=7): <Trial 127 (7 in rep 12) data={'cue_arrow': '→', 'target_x': 0.5, 'condition': 'valid', 'corr_Ans': 'right', 'thisN': 127, 'thisTrialN': 7, 'thisRepN': 12}>
230.5849 	DATA 	Keypress: right
230.5980 	EXP 	fixation: autoDraw = False
230.5980 	EXP 	cue_text: autoDraw = False
230.5980 	EXP 	target: autoDraw = False
230.5980 	EXP 	cue_text: text = '→'
230.5980 	EXP 	fixation: autoDraw = True
230.7487 	EXP 	Device response: <KeyPress from None: t=230.57345820000046, value=right, duration=0.16345179999188986>
231.0972 	EXP 	fixation: autoDraw = False
231.0972 	EXP 	cue_text: autoDraw = True
231.3990 	EXP 	cue_text: autoDraw = False
231.6990 	INFO 	Keyboard events cleared
231.6988 	EXP 	target: autoDraw = True
232.0653 	EXP 	Device response: <KeyPress from None: t=232.05221349999192, value=right, duration=None>
232.0656 	EXP 	New trial (rep=12, index=8): <Trial 128 (8 in rep 12) data={'cue_arrow': '←', 'target_x': -0.5, 'condition': 'valid', 'corr_Ans': 'left', 'thisN': 128, 'thisTrialN': 8, 'thisRepN': 12}>
232.0690 	DATA 	Keypress: right
232.0824 	EXP 	fixation: autoDraw = False
232.0824 	EXP 	cue_text: autoDraw = False
232.0824 	EXP 	target: autoDraw = False
232.0824 	EXP 	cue_text: height = np.float64(0.1)
232.0824 	EXP 	cue_text: height = np.float64(0.1)
232.0824 	EXP 	cue_text: height = np.float64(0.1)
232.0824 	EXP 	cue_text: text = '←'
232.0824 	EXP 	fixation: autoDraw = True
232.1993 	EXP 	Device response: <KeyPress from None: t=232.05221349999192, value=right, duration=0.14244500000495464>
232.5665 	EXP 	fixation: autoDraw = False
232.5665 	EXP 	cue_text: autoDraw = True
232.8659 	EXP 	cue_text: autoDraw = False
233.1664 	INFO 	Keyboard events cleared
233.1662 	EXP 	target: autoDraw = True
233.6327 	EXP 	Device response: <KeyPress from None: t=233.62161669999477, value=left, duration=None>
233.6330 	EXP 	New trial (rep=12, index=9): <Trial 129 (9 in rep 12) data={'cue_arrow': '→', 'target_x': 0.5, 'condition': 'valid', 'corr_Ans': 'right', 'thisN': 129, 'thisTrialN': 9, 'thisRepN': 12}>
233.6362 	DATA 	Keypress: left
233.6479 	EXP 	fixation: autoDraw = False
233.6479 	EXP 	cue_text: autoDraw = False
233.6479 	EXP 	target: autoDraw = False
233.6479 	EXP 	cue_text: height = np.float64(0.1)
233.6479 	EXP 	cue_text: height = np.float64(0.1)
233.6479 	EXP 	cue_text: height = np.float64(0.1)
233.6479 	EXP 	cue_text: text = '→'
233.6479 	EXP 	fixation: autoDraw = True
233.7980 	EXP 	Device response: <KeyPress from None: t=233.62161669999477, value=left, duration=0.16080130000773352>
234.1324 	EXP 	fixation: autoDraw = False
234.1324 	EXP 	cue_text: autoDraw = True
234.4315 	EXP 	cue_text: autoDraw = False
234.7325 	INFO 	Keyboard events cleared
234.7323 	EXP 	target: autoDraw = True
235.1656 	EXP 	Device response: <KeyPress from None: t=235.1587481000024, value=right, duration=None>
235.1660 	EXP 	New trial (rep=13, index=0): <Trial 130 (0 in rep 13) data={'cue_arrow': '←', 'target_x': 0.5, 'condition': 'invalid', 'corr_Ans': 'right', 'thisN': 130, 'thisTrialN': 0, 'thisRepN': 13}>
235.1689 	DATA 	Keypress: right
235.1823 	EXP 	fixation: autoDraw = False
235.1823 	EXP 	cue_text: autoDraw = False
235.1823 	EXP 	target: autoDraw = False
235.1823 	EXP 	cue_text: height = np.float64(0.1)
235.1823 	EXP 	cue_text: height = np.float64(0.1)
235.1823 	EXP 	cue_text: height = np.float64(0.1)
235.1823 	EXP 	cue_text: text = '←'
235.1823 	EXP 	fixation: autoDraw = True
235.3825 	EXP 	Device response: <KeyPress from None: t=235.1587481000024, value=right, duration=0.21762549999402836>
235.6659 	EXP 	fixation: autoDraw = False
235.6659 	EXP 	cue_text: autoDraw = True
235.9640 	EXP 	cue_text: autoDraw = False
236.2658 	INFO 	Keyboard events cleared
236.2656 	EXP 	target: autoDraw = True
237.5315 	EXP 	Device response: <KeyPress from None: t=237.51823329999752, value=right, duration=None>
237.5319 	EXP 	New trial (rep=13, index=1): <Trial 131 (1 in rep 13) data={'cue_arrow': '←', 'target_x': -0.5, 'condition': 'valid', 'corr_Ans': 'left', 'thisN': 131, 'thisTrialN': 1, 'thisRepN': 13}>
237.5331 	DATA 	Keypress: right
237.5492 	EXP 	fixation: autoDraw = False
237.5492 	EXP 	cue_text: autoDraw = False
237.5492 	EXP 	target: autoDraw = False
237.5492 	EXP 	cue_text: text = '←'
237.5492 	EXP 	fixation: autoDraw = True
237.7320 	EXP 	Device response: <KeyPress from None: t=237.51823329999752, value=right, duration=0.20044749999942724>
238.0307 	EXP 	fixation: autoDraw = False
238.0307 	EXP 	cue_text: autoDraw = True
238.3321 	EXP 	cue_text: autoDraw = False
238.6311 	INFO 	Keyboard events cleared
238.6309 	EXP 	target: autoDraw = True
239.5322 	EXP 	Device response: <KeyPress from None: t=239.5304812999966, value=left, duration=None>
239.5325 	EXP 	New trial (rep=13, index=2): <Trial 132 (2 in rep 13) data={'cue_arrow': '←', 'target_x': -0.5, 'condition': 'valid', 'corr_Ans': 'left', 'thisN': 132, 'thisTrialN': 2, 'thisRepN': 13}>
239.5337 	DATA 	Keypress: left
239.5475 	EXP 	fixation: autoDraw = False
239.5475 	EXP 	cue_text: autoDraw = False
239.5475 	EXP 	target: autoDraw = False
239.5475 	EXP 	cue_text: text = '←'
239.5475 	EXP 	fixation: autoDraw = True
239.6826 	EXP 	Device response: <KeyPress from None: t=239.5304812999966, value=left, duration=0.14965429999574553>
240.0321 	EXP 	fixation: autoDraw = False
240.0321 	EXP 	cue_text: autoDraw = True
240.3323 	EXP 	cue_text: autoDraw = False
240.6328 	INFO 	Keyboard events cleared
240.6326 	EXP 	target: autoDraw = True
241.7149 	EXP 	Device response: <KeyPress from None: t=241.70894899999257, value=left, duration=None>
241.7152 	EXP 	New trial (rep=13, index=3): <Trial 133 (3 in rep 13) data={'cue_arrow': '→', 'target_x': 0.5, 'condition': 'valid', 'corr_Ans': 'right', 'thisN': 133, 'thisTrialN': 3, 'thisRepN': 13}>
241.7185 	DATA 	Keypress: left
241.7307 	EXP 	fixation: autoDraw = False
241.7307 	EXP 	cue_text: autoDraw = False
241.7307 	EXP 	target: autoDraw = False
241.7307 	EXP 	cue_text: height = np.float64(0.1)
241.7307 	EXP 	cue_text: height = np.float64(0.1)
241.7307 	EXP 	cue_text: height = np.float64(0.1)
241.7307 	EXP 	cue_text: text = '→'
241.7307 	EXP 	fixation: autoDraw = True
241.8491 	EXP 	Device response: <KeyPress from None: t=241.70894899999257, value=left, duration=0.1240962000010768>
242.2163 	EXP 	fixation: autoDraw = False
242.2163 	EXP 	cue_text: autoDraw = True
242.5156 	EXP 	cue_text: autoDraw = False
242.8165 	INFO 	Keyboard events cleared
242.8163 	EXP 	target: autoDraw = True
243.0992 	EXP 	Device response: <KeyPress from None: t=243.08767269999953, value=right, duration=None>
243.0995 	EXP 	New trial (rep=13, index=4): <Trial 134 (4 in rep 13) data={'cue_arrow': '→', 'target_x': 0.5, 'condition': 'valid', 'corr_Ans': 'right', 'thisN': 134, 'thisTrialN': 4, 'thisRepN': 13}>
243.1008 	DATA 	Keypress: right
243.1147 	EXP 	fixation: autoDraw = False
243.1147 	EXP 	cue_text: autoDraw = False
243.1147 	EXP 	target: autoDraw = False
243.1147 	EXP 	cue_text: text = '→'
243.1147 	EXP 	fixation: autoDraw = True
243.3155 	EXP 	Device response: <KeyPress from None: t=243.08767269999953, value=right, duration=0.2110335000033956>
243.5993 	EXP 	fixation: autoDraw = False
243.5993 	EXP 	cue_text: autoDraw = True
243.8982 	EXP 	cue_text: autoDraw = False
244.1992 	INFO 	Keyboard events cleared
244.1990 	EXP 	target: autoDraw = True
244.5649 	EXP 	Device response: <KeyPress from None: t=244.5578547999903, value=right, duration=None>
244.5654 	EXP 	New trial (rep=13, index=5): <Trial 135 (5 in rep 13) data={'cue_arrow': '→', 'target_x': 0.5, 'condition': 'valid', 'corr_Ans': 'right', 'thisN': 135, 'thisTrialN': 5, 'thisRepN': 13}>
244.5665 	DATA 	Keypress: right
244.5817 	EXP 	fixation: autoDraw = False
244.5817 	EXP 	cue_text: autoDraw = False
244.5817 	EXP 	target: autoDraw = False
244.5817 	EXP 	cue_text: text = '→'
244.5817 	EXP 	fixation: autoDraw = True
244.7484 	EXP 	Device response: <KeyPress from None: t=244.5578547999903, value=right, duration=0.17432680001365952>
245.0660 	EXP 	fixation: autoDraw = False
245.0660 	EXP 	cue_text: autoDraw = True
245.3702 	EXP 	cue_text: autoDraw = False
245.6660 	INFO 	Keyboard events cleared
245.6658 	EXP 	target: autoDraw = True
246.0483 	EXP 	Device response: <KeyPress from None: t=246.03612499999872, value=right, duration=None>
246.0486 	EXP 	New trial (rep=13, index=6): <Trial 136 (6 in rep 13) data={'cue_arrow': '→', 'target_x': -0.5, 'condition': 'invalid', 'corr_Ans': 'left', 'thisN': 136, 'thisTrialN': 6, 'thisRepN': 13}>
246.0498 	DATA 	Keypress: right
246.0656 	EXP 	fixation: autoDraw = False
246.0656 	EXP 	cue_text: autoDraw = False
246.0656 	EXP 	target: autoDraw = False
246.0656 	EXP 	cue_text: text = '→'
246.0656 	EXP 	fixation: autoDraw = True
246.1988 	EXP 	Device response: <KeyPress from None: t=246.03612499999872, value=right, duration=0.15544010000303388>
246.5490 	EXP 	fixation: autoDraw = False
246.5490 	EXP 	cue_text: autoDraw = True
246.8494 	EXP 	cue_text: autoDraw = False
247.1500 	INFO 	Keyboard events cleared
247.1498 	EXP 	target: autoDraw = True
247.3658 	EXP 	Device response: <KeyPress from None: t=247.36512159999984, value=right, duration=None>
247.3662 	EXP 	New trial (rep=13, index=7): <Trial 137 (7 in rep 13) data={'cue_arrow': '←', 'target_x': -0.5, 'condition': 'valid', 'corr_Ans': 'left', 'thisN': 137, 'thisTrialN': 7, 'thisRepN': 13}>
247.3693 	DATA 	Keypress: right
247.3814 	EXP 	fixation: autoDraw = False
247.3814 	EXP 	cue_text: autoDraw = False
247.3814 	EXP 	target: autoDraw = False
247.3814 	EXP 	cue_text: height = np.float64(0.1)
247.3814 	EXP 	cue_text: height = np.float64(0.1)
247.3814 	EXP 	cue_text: height = np.float64(0.1)
247.3814 	EXP 	cue_text: text = '←'
247.3814 	EXP 	fixation: autoDraw = True
247.5818 	EXP 	Device response: <KeyPress from None: t=247.36512159999984, value=right, duration=0.2046410999901127>
247.8645 	EXP 	fixation: autoDraw = False
247.8645 	EXP 	cue_text: autoDraw = True
248.1663 	EXP 	cue_text: autoDraw = False
248.4662 	INFO 	Keyboard events cleared
248.4660 	EXP 	target: autoDraw = True
250.0994 	DATA 	Keypress: left
250.1156 	EXP 	Device response: <KeyPress from None: t=250.0987473999994, value=left, duration=None>
250.1159 	EXP 	New trial (rep=13, index=8): <Trial 138 (8 in rep 13) data={'cue_arrow': '←', 'target_x': -0.5, 'condition': 'valid', 'corr_Ans': 'left', 'thisN': 138, 'thisTrialN': 8, 'thisRepN': 13}>
250.1326 	EXP 	fixation: autoDraw = False
250.1326 	EXP 	cue_text: autoDraw = False
250.1326 	EXP 	target: autoDraw = False
250.1326 	EXP 	cue_text: text = '←'
250.1326 	EXP 	fixation: autoDraw = True
250.2650 	EXP 	Device response: <KeyPress from None: t=250.0987473999994, value=left, duration=0.15507110000180546>
250.6161 	EXP 	fixation: autoDraw = False
250.6161 	EXP 	cue_text: autoDraw = True
250.9150 	EXP 	cue_text: autoDraw = False
251.2161 	INFO 	Keyboard events cleared
251.2159 	EXP 	target: autoDraw = True
251.6167 	EXP 	Device response: <KeyPress from None: t=251.60884689999511, value=left, duration=None>
251.6171 	EXP 	New trial (rep=13, index=9): <Trial 139 (9 in rep 13) data={'cue_arrow': '→', 'target_x': 0.5, 'condition': 'valid', 'corr_Ans': 'right', 'thisN': 139, 'thisTrialN': 9, 'thisRepN': 13}>
251.6208 	DATA 	Keypress: left
251.6305 	EXP 	fixation: autoDraw = False
251.6305 	EXP 	cue_text: autoDraw = False
251.6305 	EXP 	target: autoDraw = False
251.6305 	EXP 	cue_text: height = np.float64(0.1)
251.6305 	EXP 	cue_text: height = np.float64(0.1)
251.6305 	EXP 	cue_text: height = np.float64(0.1)
251.6305 	EXP 	cue_text: text = '→'
251.6305 	EXP 	fixation: autoDraw = True
251.7999 	EXP 	Device response: <KeyPress from None: t=251.60884689999511, value=left, duration=0.18152260000351816>
252.1329 	EXP 	fixation: autoDraw = False
252.1329 	EXP 	cue_text: autoDraw = True
252.4318 	EXP 	cue_text: autoDraw = False
252.7167 	INFO 	Keyboard events cleared
252.7165 	EXP 	target: autoDraw = True
253.1823 	EXP 	Device response: <KeyPress from None: t=253.1671631999925, value=right, duration=None>
253.1828 	EXP 	New trial (rep=14, index=0): <Trial 140 (0 in rep 14) data={'cue_arrow': '←', 'target_x': -0.5, 'condition': 'valid', 'corr_Ans': 'left', 'thisN': 140, 'thisTrialN': 0, 'thisRepN': 14}>
253.1857 	DATA 	Keypress: right
253.1988 	EXP 	fixation: autoDraw = False
253.1988 	EXP 	cue_text: autoDraw = False
253.1988 	EXP 	target: autoDraw = False
253.1988 	EXP 	cue_text: height = np.float64(0.1)
253.1988 	EXP 	cue_text: height = np.float64(0.1)
253.1988 	EXP 	cue_text: height = np.float64(0.1)
253.1988 	EXP 	cue_text: text = '←'
253.1988 	EXP 	fixation: autoDraw = True
253.3149 	EXP 	Device response: <KeyPress from None: t=253.1671631999925, value=right, duration=0.1421779000083916>
253.6823 	EXP 	fixation: autoDraw = False
253.6823 	EXP 	cue_text: autoDraw = True
253.9811 	EXP 	cue_text: autoDraw = False
254.2830 	INFO 	Keyboard events cleared
254.2828 	EXP 	target: autoDraw = True
254.6826 	EXP 	Device response: <KeyPress from None: t=254.66896139999153, value=left, duration=None>
254.6831 	EXP 	New trial (rep=14, index=1): <Trial 141 (1 in rep 14) data={'cue_arrow': '←', 'target_x': -0.5, 'condition': 'valid', 'corr_Ans': 'left', 'thisN': 141, 'thisTrialN': 1, 'thisRepN': 14}>
254.6850 	DATA 	Keypress: left
254.6981 	EXP 	fixation: autoDraw = False
254.6981 	EXP 	cue_text: autoDraw = False
254.6981 	EXP 	target: autoDraw = False
254.6981 	EXP 	cue_text: text = '←'
254.6981 	EXP 	fixation: autoDraw = True
254.8651 	EXP 	Device response: <KeyPress from None: t=254.66896139999153, value=left, duration=0.18042190000414848>
255.1976 	EXP 	fixation: autoDraw = False
255.1976 	EXP 	cue_text: autoDraw = True
255.4811 	EXP 	cue_text: autoDraw = False
255.7830 	INFO 	Keyboard events cleared
255.7827 	EXP 	target: autoDraw = True
256.3014 	DATA 	Keypress: left
256.3154 	EXP 	Device response: <KeyPress from None: t=256.3006730999914, value=left, duration=None>
256.3159 	EXP 	New trial (rep=14, index=2): <Trial 142 (2 in rep 14) data={'cue_arrow': '→', 'target_x': 0.5, 'condition': 'valid', 'corr_Ans': 'right', 'thisN': 142, 'thisTrialN': 2, 'thisRepN': 14}>
256.3330 	EXP 	fixation: autoDraw = False
256.3330 	EXP 	cue_text: autoDraw = False
256.3330 	EXP 	target: autoDraw = False
256.3330 	EXP 	cue_text: height = np.float64(0.1)
256.3330 	EXP 	cue_text: height = np.float64(0.1)
256.3330 	EXP 	cue_text: height = np.float64(0.1)
256.3330 	EXP 	cue_text: text = '→'
256.3330 	EXP 	fixation: autoDraw = True
256.4658 	EXP 	Device response: <KeyPress from None: t=256.3006730999914, value=left, duration=0.15844020000076853>
256.8164 	EXP 	fixation: autoDraw = False
256.8164 	EXP 	cue_text: autoDraw = True
257.1162 	EXP 	cue_text: autoDraw = False
257.4168 	INFO 	Keyboard events cleared
257.4166 	EXP 	target: autoDraw = True
258.1156 	EXP 	Device response: <KeyPress from None: t=258.11416830000235, value=right, duration=None>
258.1160 	EXP 	New trial (rep=14, index=3): <Trial 143 (3 in rep 14) data={'cue_arrow': '→', 'target_x': 0.5, 'condition': 'valid', 'corr_Ans': 'right', 'thisN': 143, 'thisTrialN': 3, 'thisRepN': 14}>
258.1173 	DATA 	Keypress: right
258.1313 	EXP 	fixation: autoDraw = False
258.1313 	EXP 	cue_text: autoDraw = False
258.1313 	EXP 	target: autoDraw = False
258.1313 	EXP 	cue_text: text = '→'
258.1313 	EXP 	fixation: autoDraw = True
258.2658 	EXP 	Device response: <KeyPress from None: t=258.11416830000235, value=right, duration=0.13640859999577515>
258.6154 	EXP 	fixation: autoDraw = False
258.6154 	EXP 	cue_text: autoDraw = True
258.9162 	EXP 	cue_text: autoDraw = False
259.2148 	INFO 	Keyboard events cleared
259.2146 	EXP 	target: autoDraw = True
259.5329 	EXP 	Device response: <KeyPress from None: t=259.5296069000033, value=right, duration=None>
259.5333 	EXP 	New trial (rep=14, index=4): <Trial 144 (4 in rep 14) data={'cue_arrow': '←', 'target_x': -0.5, 'condition': 'valid', 'corr_Ans': 'left', 'thisN': 144, 'thisTrialN': 4, 'thisRepN': 14}>
259.5364 	DATA 	Keypress: right
259.5480 	EXP 	fixation: autoDraw = False
259.5480 	EXP 	cue_text: autoDraw = False
259.5480 	EXP 	target: autoDraw = False
259.5480 	EXP 	cue_text: height = np.float64(0.1)
259.5480 	EXP 	cue_text: height = np.float64(0.1)
259.5480 	EXP 	cue_text: height = np.float64(0.1)
259.5480 	EXP 	cue_text: text = '←'
259.5480 	EXP 	fixation: autoDraw = True
259.7325 	EXP 	Device response: <KeyPress from None: t=259.5296069000033, value=right, duration=0.18681389999983367>
260.0332 	EXP 	fixation: autoDraw = False
260.0332 	EXP 	cue_text: autoDraw = True
260.3493 	EXP 	cue_text: autoDraw = False
260.6486 	INFO 	Keyboard events cleared
260.6484 	EXP 	target: autoDraw = True
261.0320 	EXP 	Device response: <KeyPress from None: t=261.0231381999911, value=left, duration=None>
261.0323 	EXP 	New trial (rep=14, index=5): <Trial 145 (5 in rep 14) data={'cue_arrow': '←', 'target_x': -0.5, 'condition': 'valid', 'corr_Ans': 'left', 'thisN': 145, 'thisTrialN': 5, 'thisRepN': 14}>
261.0339 	DATA 	Keypress: left
261.0487 	EXP 	fixation: autoDraw = False
261.0487 	EXP 	cue_text: autoDraw = False
261.0487 	EXP 	target: autoDraw = False
261.0487 	EXP 	cue_text: text = '←'
261.0487 	EXP 	fixation: autoDraw = True
261.2009 	EXP 	Device response: <KeyPress from None: t=261.0231381999911, value=left, duration=0.16983660000551026>
261.5325 	EXP 	fixation: autoDraw = False
261.5325 	EXP 	cue_text: autoDraw = True
261.8342 	EXP 	cue_text: autoDraw = False
262.1320 	INFO 	Keyboard events cleared
262.1318 	EXP 	target: autoDraw = True
262.4816 	EXP 	Device response: <KeyPress from None: t=262.47822109999834, value=left, duration=None>
262.4819 	EXP 	New trial (rep=14, index=6): <Trial 146 (6 in rep 14) data={'cue_arrow': '→', 'target_x': 0.5, 'condition': 'valid', 'corr_Ans': 'right', 'thisN': 146, 'thisTrialN': 6, 'thisRepN': 14}>
262.4852 	DATA 	Keypress: left
262.4985 	EXP 	fixation: autoDraw = False
262.4985 	EXP 	cue_text: autoDraw = False
262.4985 	EXP 	target: autoDraw = False
262.4985 	EXP 	cue_text: height = np.float64(0.1)
262.4985 	EXP 	cue_text: height = np.float64(0.1)
262.4985 	EXP 	cue_text: height = np.float64(0.1)
262.4985 	EXP 	cue_text: text = '→'
262.4985 	EXP 	fixation: autoDraw = True
262.6658 	EXP 	Device response: <KeyPress from None: t=262.47822109999834, value=left, duration=0.17943190000369214>
262.9827 	EXP 	fixation: autoDraw = False
262.9827 	EXP 	cue_text: autoDraw = True
263.2826 	EXP 	cue_text: autoDraw = False
263.5833 	INFO 	Keyboard events cleared
263.5831 	EXP 	target: autoDraw = True
264.5003 	EXP 	Device response: <KeyPress from None: t=264.49721679999493, value=right, duration=None>
264.5007 	EXP 	New trial (rep=14, index=7): <Trial 147 (7 in rep 14) data={'cue_arrow': '→', 'target_x': 0.5, 'condition': 'valid', 'corr_Ans': 'right', 'thisN': 147, 'thisTrialN': 7, 'thisRepN': 14}>
264.5021 	DATA 	Keypress: right
264.5149 	EXP 	fixation: autoDraw = False
264.5149 	EXP 	cue_text: autoDraw = False
264.5149 	EXP 	target: autoDraw = False
264.5149 	EXP 	cue_text: text = '→'
264.5149 	EXP 	fixation: autoDraw = True
264.6654 	EXP 	Device response: <KeyPress from None: t=264.49721679999493, value=right, duration=0.15853250000509433>
264.9996 	EXP 	fixation: autoDraw = False
264.9996 	EXP 	cue_text: autoDraw = True
265.3144 	EXP 	cue_text: autoDraw = False
265.6161 	INFO 	Keyboard events cleared
265.6159 	EXP 	target: autoDraw = True
266.1987 	EXP 	Device response: <KeyPress from None: t=266.1867857000034, value=right, duration=None>
266.1990 	EXP 	New trial (rep=14, index=8): <Trial 148 (8 in rep 14) data={'cue_arrow': '→', 'target_x': -0.5, 'condition': 'invalid', 'corr_Ans': 'left', 'thisN': 148, 'thisTrialN': 8, 'thisRepN': 14}>
266.2002 	DATA 	Keypress: right
266.2163 	EXP 	fixation: autoDraw = False
266.2163 	EXP 	cue_text: autoDraw = False
266.2163 	EXP 	target: autoDraw = False
266.2163 	EXP 	cue_text: text = '→'
266.2163 	EXP 	fixation: autoDraw = True
266.3331 	EXP 	Device response: <KeyPress from None: t=266.1867857000034, value=right, duration=0.14434579999942798>
266.7001 	EXP 	fixation: autoDraw = False
266.7001 	EXP 	cue_text: autoDraw = True
266.9995 	EXP 	cue_text: autoDraw = False
267.3004 	INFO 	Keyboard events cleared
267.3001 	EXP 	target: autoDraw = True
268.2993 	EXP 	Device response: <KeyPress from None: t=268.2861483000015, value=left, duration=None>
268.2996 	EXP 	New trial (rep=14, index=9): <Trial 149 (9 in rep 14) data={'cue_arrow': '←', 'target_x': 0.5, 'condition': 'invalid', 'corr_Ans': 'right', 'thisN': 149, 'thisTrialN': 9, 'thisRepN': 14}>
268.3026 	DATA 	Keypress: left
268.3163 	EXP 	fixation: autoDraw = False
268.3163 	EXP 	cue_text: autoDraw = False
268.3163 	EXP 	target: autoDraw = False
268.3163 	EXP 	cue_text: height = np.float64(0.1)
268.3163 	EXP 	cue_text: height = np.float64(0.1)
268.3163 	EXP 	cue_text: height = np.float64(0.1)
268.3163 	EXP 	cue_text: text = '←'
268.3163 	EXP 	fixation: autoDraw = True
268.4822 	EXP 	Device response: <KeyPress from None: t=268.2861483000015, value=left, duration=0.18044969999755267>
268.7997 	EXP 	fixation: autoDraw = False
268.7997 	EXP 	cue_text: autoDraw = True
269.0998 	EXP 	cue_text: autoDraw = False
269.3994 	INFO 	Keyboard events cleared
269.3992 	EXP 	target: autoDraw = True
270.2671 	EXP 	Device response: <KeyPress from None: t=270.25752849999117, value=right, duration=None>
270.2674 	EXP 	New trial (rep=15, index=0): <Trial 150 (0 in rep 15) data={'cue_arrow': '←', 'target_x': -0.5, 'condition': 'valid', 'corr_Ans': 'left', 'thisN': 150, 'thisTrialN': 0, 'thisRepN': 15}>
270.2687 	DATA 	Keypress: right
270.2813 	EXP 	fixation: autoDraw = False
270.2813 	EXP 	cue_text: autoDraw = False
270.2813 	EXP 	target: autoDraw = False
270.2813 	EXP 	cue_text: text = '←'
270.2813 	EXP 	fixation: autoDraw = True
270.4329 	EXP 	Device response: <KeyPress from None: t=270.25752849999117, value=right, duration=0.15803940000478178>
270.7664 	EXP 	fixation: autoDraw = False
270.7664 	EXP 	cue_text: autoDraw = True
271.0830 	EXP 	cue_text: autoDraw = False
271.3834 	INFO 	Keyboard events cleared
271.3832 	EXP 	target: autoDraw = True
272.3839 	EXP 	Device response: <KeyPress from None: t=272.3698277999938, value=left, duration=None>
272.3844 	EXP 	New trial (rep=15, index=1): <Trial 151 (1 in rep 15) data={'cue_arrow': '←', 'target_x': -0.5, 'condition': 'valid', 'corr_Ans': 'left', 'thisN': 151, 'thisTrialN': 1, 'thisRepN': 15}>
272.3858 	DATA 	Keypress: left
272.3978 	EXP 	fixation: autoDraw = False
272.3978 	EXP 	cue_text: autoDraw = False
272.3978 	EXP 	target: autoDraw = False
272.3978 	EXP 	cue_text: text = '←'
272.3978 	EXP 	fixation: autoDraw = True
272.5495 	EXP 	Device response: <KeyPress from None: t=272.3698277999938, value=left, duration=0.17053709999890998>
272.8986 	EXP 	fixation: autoDraw = False
272.8986 	EXP 	cue_text: autoDraw = True
273.1832 	EXP 	cue_text: autoDraw = False
273.5002 	INFO 	Keyboard events cleared
273.5000 	EXP 	target: autoDraw = True
273.9655 	EXP 	Device response: <KeyPress from None: t=273.9588922999974, value=left, duration=None>
273.9659 	EXP 	New trial (rep=15, index=2): <Trial 152 (2 in rep 15) data={'cue_arrow': '→', 'target_x': -0.5, 'condition': 'invalid', 'corr_Ans': 'left', 'thisN': 152, 'thisTrialN': 2, 'thisRepN': 15}>
273.9688 	DATA 	Keypress: left
273.9820 	EXP 	fixation: autoDraw = False
273.9820 	EXP 	cue_text: autoDraw = False
273.9820 	EXP 	target: autoDraw = False
273.9820 	EXP 	cue_text: height = np.float64(0.1)
273.9820 	EXP 	cue_text: height = np.float64(0.1)
273.9820 	EXP 	cue_text: height = np.float64(0.1)
273.9820 	EXP 	cue_text: text = '→'
273.9820 	EXP 	fixation: autoDraw = True
274.1662 	EXP 	Device response: <KeyPress from None: t=273.9588922999974, value=left, duration=0.1984355000022333>
274.4659 	EXP 	fixation: autoDraw = False
274.4659 	EXP 	cue_text: autoDraw = True
274.7666 	EXP 	cue_text: autoDraw = False
275.0653 	INFO 	Keyboard events cleared
275.0651 	EXP 	target: autoDraw = True
276.0495 	EXP 	Device response: <KeyPress from None: t=276.0381539999944, value=left, duration=None>
276.0498 	EXP 	New trial (rep=15, index=3): <Trial 153 (3 in rep 15) data={'cue_arrow': '→', 'target_x': 0.5, 'condition': 'valid', 'corr_Ans': 'right', 'thisN': 153, 'thisTrialN': 3, 'thisRepN': 15}>
276.0510 	DATA 	Keypress: left
276.0648 	EXP 	fixation: autoDraw = False
276.0648 	EXP 	cue_text: autoDraw = False
276.0648 	EXP 	target: autoDraw = False
276.0648 	EXP 	cue_text: text = '→'
276.0648 	EXP 	fixation: autoDraw = True
276.1657 	EXP 	Device response: <KeyPress from None: t=276.0381539999944, value=left, duration=0.12071689999720547>
276.5491 	EXP 	fixation: autoDraw = False
276.5491 	EXP 	cue_text: autoDraw = True
276.8500 	EXP 	cue_text: autoDraw = False
277.1501 	INFO 	Keyboard events cleared
277.1499 	EXP 	target: autoDraw = True
277.8490 	EXP 	Device response: <KeyPress from None: t=277.84665150000365, value=right, duration=None>
277.8493 	EXP 	New trial (rep=15, index=4): <Trial 154 (4 in rep 15) data={'cue_arrow': '←', 'target_x': 0.5, 'condition': 'invalid', 'corr_Ans': 'right', 'thisN': 154, 'thisTrialN': 4, 'thisRepN': 15}>
277.8530 	DATA 	Keypress: right
277.8645 	EXP 	fixation: autoDraw = False
277.8645 	EXP 	cue_text: autoDraw = False
277.8645 	EXP 	target: autoDraw = False
277.8645 	EXP 	cue_text: height = np.float64(0.1)
277.8645 	EXP 	cue_text: height = np.float64(0.1)
277.8645 	EXP 	cue_text: height = np.float64(0.1)
277.8645 	EXP 	cue_text: text = '←'
277.8645 	EXP 	fixation: autoDraw = True
278.0666 	EXP 	Device response: <KeyPress from None: t=277.84665150000365, value=right, duration=0.2101327999989735>
278.3664 	EXP 	fixation: autoDraw = False
278.3664 	EXP 	cue_text: autoDraw = True
278.6493 	EXP 	cue_text: autoDraw = False
278.9495 	INFO 	Keyboard events cleared
278.9493 	EXP 	target: autoDraw = True
279.9994 	EXP 	Device response: <KeyPress from None: t=279.98764120000124, value=right, duration=None>
279.9998 	EXP 	New trial (rep=15, index=5): <Trial 155 (5 in rep 15) data={'cue_arrow': '→', 'target_x': 0.5, 'condition': 'valid', 'corr_Ans': 'right', 'thisN': 155, 'thisTrialN': 5, 'thisRepN': 15}>
280.0027 	DATA 	Keypress: right
280.0162 	EXP 	fixation: autoDraw = False
280.0162 	EXP 	cue_text: autoDraw = False
280.0162 	EXP 	target: autoDraw = False
280.0162 	EXP 	cue_text: height = np.float64(0.1)
280.0162 	EXP 	cue_text: height = np.float64(0.1)
280.0162 	EXP 	cue_text: height = np.float64(0.1)
280.0162 	EXP 	cue_text: text = '→'
280.0162 	EXP 	fixation: autoDraw = True
280.1654 	EXP 	Device response: <KeyPress from None: t=279.98764120000124, value=right, duration=0.16806759999599308>
280.4997 	EXP 	fixation: autoDraw = False
280.4997 	EXP 	cue_text: autoDraw = True
280.7994 	EXP 	cue_text: autoDraw = False
281.1006 	INFO 	Keyboard events cleared
281.1003 	EXP 	target: autoDraw = True
281.9490 	EXP 	Device response: <KeyPress from None: t=281.9384592999995, value=right, duration=None>
281.9494 	EXP 	New trial (rep=15, index=6): <Trial 156 (6 in rep 15) data={'cue_arrow': '→', 'target_x': 0.5, 'condition': 'valid', 'corr_Ans': 'right', 'thisN': 156, 'thisTrialN': 6, 'thisRepN': 15}>
281.9506 	DATA 	Keypress: right
281.9661 	EXP 	fixation: autoDraw = False
281.9661 	EXP 	cue_text: autoDraw = False
281.9661 	EXP 	target: autoDraw = False
281.9661 	EXP 	cue_text: text = '→'
281.9661 	EXP 	fixation: autoDraw = True
282.0826 	EXP 	Device response: <KeyPress from None: t=281.9384592999995, value=right, duration=0.1340275999973528>
282.4499 	EXP 	fixation: autoDraw = False
282.4499 	EXP 	cue_text: autoDraw = True
282.7498 	EXP 	cue_text: autoDraw = False
283.0503 	INFO 	Keyboard events cleared
283.0501 	EXP 	target: autoDraw = True
283.8177 	DATA 	Keypress: right
283.8324 	EXP 	Device response: <KeyPress from None: t=283.8167386999994, value=right, duration=None>
283.8327 	EXP 	New trial (rep=15, index=7): <Trial 157 (7 in rep 15) data={'cue_arrow': '→', 'target_x': 0.5, 'condition': 'valid', 'corr_Ans': 'right', 'thisN': 157, 'thisTrialN': 7, 'thisRepN': 15}>
283.8490 	EXP 	fixation: autoDraw = False
283.8490 	EXP 	cue_text: autoDraw = False
283.8490 	EXP 	target: autoDraw = False
283.8490 	EXP 	cue_text: text = '→'
283.8490 	EXP 	fixation: autoDraw = True
283.9326 	EXP 	Device response: <KeyPress from None: t=283.8167386999994, value=right, duration=0.11238489999959711>
284.3333 	EXP 	fixation: autoDraw = False
284.3333 	EXP 	cue_text: autoDraw = True
284.6322 	EXP 	cue_text: autoDraw = False
284.9332 	INFO 	Keyboard events cleared
284.9330 	EXP 	target: autoDraw = True
285.4678 	DATA 	Keypress: right
285.4828 	EXP 	Device response: <KeyPress from None: t=285.46655509999255, value=right, duration=None>
285.4831 	EXP 	New trial (rep=15, index=8): <Trial 158 (8 in rep 15) data={'cue_arrow': '←', 'target_x': -0.5, 'condition': 'valid', 'corr_Ans': 'left', 'thisN': 158, 'thisTrialN': 8, 'thisRepN': 15}>
285.5000 	EXP 	fixation: autoDraw = False
285.5000 	EXP 	cue_text: autoDraw = False
285.5000 	EXP 	target: autoDraw = False
285.5000 	EXP 	cue_text: height = np.float64(0.1)
285.5000 	EXP 	cue_text: height = np.float64(0.1)
285.5000 	EXP 	cue_text: height = np.float64(0.1)
285.5000 	EXP 	cue_text: text = '←'
285.5000 	EXP 	fixation: autoDraw = True
285.6834 	EXP 	Device response: <KeyPress from None: t=285.46655509999255, value=right, duration=0.2137914000049932>
285.9829 	EXP 	fixation: autoDraw = False
285.9829 	EXP 	cue_text: autoDraw = True
286.2829 	EXP 	cue_text: autoDraw = False
286.5833 	INFO 	Keyboard events cleared
286.5831 	EXP 	target: autoDraw = True
287.2664 	EXP 	Device response: <KeyPress from None: t=287.26417460000084, value=left, duration=None>
287.2668 	EXP 	New trial (rep=15, index=9): <Trial 159 (9 in rep 15) data={'cue_arrow': '←', 'target_x': -0.5, 'condition': 'valid', 'corr_Ans': 'left', 'thisN': 159, 'thisTrialN': 9, 'thisRepN': 15}>
287.2681 	DATA 	Keypress: left
287.2822 	EXP 	fixation: autoDraw = False
287.2822 	EXP 	cue_text: autoDraw = False
287.2822 	EXP 	target: autoDraw = False
287.2822 	EXP 	cue_text: text = '←'
287.2822 	EXP 	fixation: autoDraw = True
287.4164 	EXP 	Device response: <KeyPress from None: t=287.26417460000084, value=left, duration=0.1493993999902159>
287.7649 	EXP 	fixation: autoDraw = False
287.7649 	EXP 	cue_text: autoDraw = True
288.0668 	EXP 	cue_text: autoDraw = False
288.3670 	INFO 	Keyboard events cleared
288.3668 	EXP 	target: autoDraw = True
289.3660 	EXP 	Device response: <KeyPress from None: t=289.3577030000015, value=left, duration=None>
289.3664 	EXP 	New trial (rep=16, index=0): <Trial 160 (0 in rep 16) data={'cue_arrow': '←', 'target_x': -0.5, 'condition': 'valid', 'corr_Ans': 'left', 'thisN': 160, 'thisTrialN': 0, 'thisRepN': 16}>
289.3677 	DATA 	Keypress: left
289.3819 	EXP 	fixation: autoDraw = False
289.3819 	EXP 	cue_text: autoDraw = False
289.3819 	EXP 	target: autoDraw = False
289.3819 	EXP 	cue_text: text = '←'
289.3819 	EXP 	fixation: autoDraw = True
289.4999 	EXP 	Device response: <KeyPress from None: t=289.3577030000015, value=left, duration=0.12739660000079311>
289.8668 	EXP 	fixation: autoDraw = False
289.8668 	EXP 	cue_text: autoDraw = True
290.1662 	EXP 	cue_text: autoDraw = False
290.4674 	INFO 	Keyboard events cleared
290.4672 	EXP 	target: autoDraw = True
290.8826 	EXP 	Device response: <KeyPress from None: t=290.8777747999993, value=left, duration=None>
290.8829 	EXP 	New trial (rep=16, index=1): <Trial 161 (1 in rep 16) data={'cue_arrow': '→', 'target_x': 0.5, 'condition': 'valid', 'corr_Ans': 'right', 'thisN': 161, 'thisTrialN': 1, 'thisRepN': 16}>
290.8858 	DATA 	Keypress: left
290.8988 	EXP 	fixation: autoDraw = False
290.8988 	EXP 	cue_text: autoDraw = False
290.8988 	EXP 	target: autoDraw = False
290.8988 	EXP 	cue_text: height = np.float64(0.1)
290.8988 	EXP 	cue_text: height = np.float64(0.1)
290.8988 	EXP 	cue_text: height = np.float64(0.1)
290.8988 	EXP 	cue_text: text = '→'
290.8988 	EXP 	fixation: autoDraw = True
291.1005 	EXP 	Device response: <KeyPress from None: t=290.8777747999993, value=left, duration=0.2080602999922121>
291.3830 	EXP 	fixation: autoDraw = False
291.3830 	EXP 	cue_text: autoDraw = True
291.6831 	EXP 	cue_text: autoDraw = False
291.9835 	INFO 	Keyboard events cleared
291.9833 	EXP 	target: autoDraw = True
292.4828 	EXP 	Device response: <KeyPress from None: t=292.4785792000039, value=right, duration=None>
292.4832 	EXP 	New trial (rep=16, index=2): <Trial 162 (2 in rep 16) data={'cue_arrow': '→', 'target_x': 0.5, 'condition': 'valid', 'corr_Ans': 'right', 'thisN': 162, 'thisTrialN': 2, 'thisRepN': 16}>
292.4845 	DATA 	Keypress: right
292.4992 	EXP 	fixation: autoDraw = False
292.4992 	EXP 	cue_text: autoDraw = False
292.4992 	EXP 	target: autoDraw = False
292.4992 	EXP 	cue_text: text = '→'
292.4992 	EXP 	fixation: autoDraw = True
292.6503 	EXP 	Device response: <KeyPress from None: t=292.4785792000039, value=right, duration=0.17028999999456573>
292.9829 	EXP 	fixation: autoDraw = False
292.9829 	EXP 	cue_text: autoDraw = True
293.3002 	EXP 	cue_text: autoDraw = False
293.5842 	INFO 	Keyboard events cleared
293.5839 	EXP 	target: autoDraw = True
294.1161 	EXP 	Device response: <KeyPress from None: t=294.10146809999424, value=right, duration=None>
294.1164 	EXP 	New trial (rep=16, index=3): <Trial 163 (3 in rep 16) data={'cue_arrow': '→', 'target_x': 0.5, 'condition': 'valid', 'corr_Ans': 'right', 'thisN': 163, 'thisTrialN': 3, 'thisRepN': 16}>
294.1175 	DATA 	Keypress: right
294.1329 	EXP 	fixation: autoDraw = False
294.1329 	EXP 	cue_text: autoDraw = False
294.1329 	EXP 	target: autoDraw = False
294.1329 	EXP 	cue_text: text = '→'
294.1329 	EXP 	fixation: autoDraw = True
294.2671 	EXP 	Device response: <KeyPress from None: t=294.10146809999424, value=right, duration=0.15501380000205245>
294.6164 	EXP 	fixation: autoDraw = False
294.6164 	EXP 	cue_text: autoDraw = True
294.9170 	EXP 	cue_text: autoDraw = False
295.2172 	INFO 	Keyboard events cleared
295.2170 	EXP 	target: autoDraw = True
295.5499 	EXP 	Device response: <KeyPress from None: t=295.53609609999694, value=right, duration=None>
295.5501 	EXP 	New trial (rep=16, index=4): <Trial 164 (4 in rep 16) data={'cue_arrow': '←', 'target_x': -0.5, 'condition': 'valid', 'corr_Ans': 'left', 'thisN': 164, 'thisTrialN': 4, 'thisRepN': 16}>
295.5532 	DATA 	Keypress: right
295.5669 	EXP 	fixation: autoDraw = False
295.5669 	EXP 	cue_text: autoDraw = False
295.5669 	EXP 	target: autoDraw = False
295.5669 	EXP 	cue_text: height = np.float64(0.1)
295.5669 	EXP 	cue_text: height = np.float64(0.1)
295.5669 	EXP 	cue_text: height = np.float64(0.1)
295.5669 	EXP 	cue_text: text = '←'
295.5669 	EXP 	fixation: autoDraw = True
295.6835 	EXP 	Device response: <KeyPress from None: t=295.53609609999694, value=right, duration=0.13081740000052378>
296.0502 	EXP 	fixation: autoDraw = False
296.0502 	EXP 	cue_text: autoDraw = True
296.3670 	EXP 	cue_text: autoDraw = False
296.6501 	INFO 	Keyboard events cleared
296.6499 	EXP 	target: autoDraw = True
297.2687 	DATA 	Keypress: left
297.2824 	EXP 	Device response: <KeyPress from None: t=297.26812199999404, value=left, duration=None>
297.2827 	EXP 	New trial (rep=16, index=5): <Trial 165 (5 in rep 16) data={'cue_arrow': '←', 'target_x': -0.5, 'condition': 'valid', 'corr_Ans': 'left', 'thisN': 165, 'thisTrialN': 5, 'thisRepN': 16}>
297.2995 	EXP 	fixation: autoDraw = False
297.2995 	EXP 	cue_text: autoDraw = False
297.2995 	EXP 	target: autoDraw = False
297.2995 	EXP 	cue_text: text = '←'
297.2995 	EXP 	fixation: autoDraw = True
297.3830 	EXP 	Device response: <KeyPress from None: t=297.26812199999404, value=left, duration=0.11318790000223089>
297.7833 	EXP 	fixation: autoDraw = False
297.7833 	EXP 	cue_text: autoDraw = True
298.0831 	EXP 	cue_text: autoDraw = False
298.3839 	INFO 	Keyboard events cleared
298.3836 	EXP 	target: autoDraw = True
298.7159 	EXP 	Device response: <KeyPress from None: t=298.70639569999184, value=left, duration=None>
298.7163 	EXP 	New trial (rep=16, index=6): <Trial 166 (6 in rep 16) data={'cue_arrow': '←', 'target_x': -0.5, 'condition': 'valid', 'corr_Ans': 'left', 'thisN': 166, 'thisTrialN': 6, 'thisRepN': 16}>
298.7175 	DATA 	Keypress: left
298.7342 	EXP 	fixation: autoDraw = False
298.7342 	EXP 	cue_text: autoDraw = False
298.7342 	EXP 	target: autoDraw = False
298.7342 	EXP 	cue_text: text = '←'
298.7342 	EXP 	fixation: autoDraw = True
298.8995 	EXP 	Device response: <KeyPress from None: t=298.70639569999184, value=left, duration=0.17939570000453386>
299.2169 	EXP 	fixation: autoDraw = False
299.2169 	EXP 	cue_text: autoDraw = True
299.5170 	EXP 	cue_text: autoDraw = False
299.8169 	INFO 	Keyboard events cleared
299.8167 	EXP 	target: autoDraw = True
300.2325 	EXP 	Device response: <KeyPress from None: t=300.2260261999909, value=left, duration=None>
300.2330 	EXP 	New trial (rep=16, index=7): <Trial 167 (7 in rep 16) data={'cue_arrow': '→', 'target_x': -0.5, 'condition': 'invalid', 'corr_Ans': 'left', 'thisN': 167, 'thisTrialN': 7, 'thisRepN': 16}>
300.2364 	DATA 	Keypress: left
300.2484 	EXP 	fixation: autoDraw = False
300.2484 	EXP 	cue_text: autoDraw = False
300.2484 	EXP 	target: autoDraw = False
300.2484 	EXP 	cue_text: height = np.float64(0.1)
300.2484 	EXP 	cue_text: height = np.float64(0.1)
300.2484 	EXP 	cue_text: height = np.float64(0.1)
300.2484 	EXP 	cue_text: text = '→'
300.2484 	EXP 	fixation: autoDraw = True
300.4824 	EXP 	Device response: <KeyPress from None: t=300.2260261999909, value=left, duration=0.25214820000110194>
300.7320 	EXP 	fixation: autoDraw = False
300.7320 	EXP 	cue_text: autoDraw = True
301.0333 	EXP 	cue_text: autoDraw = False
301.3331 	INFO 	Keyboard events cleared
301.3329 	EXP 	target: autoDraw = True
302.1518 	DATA 	Keypress: left
302.1670 	EXP 	Device response: <KeyPress from None: t=302.1505376999994, value=left, duration=None>
302.1673 	EXP 	New trial (rep=16, index=8): <Trial 168 (8 in rep 16) data={'cue_arrow': '←', 'target_x': 0.5, 'condition': 'invalid', 'corr_Ans': 'right', 'thisN': 168, 'thisTrialN': 8, 'thisRepN': 16}>
302.1829 	EXP 	fixation: autoDraw = False
302.1829 	EXP 	cue_text: autoDraw = False
302.1829 	EXP 	target: autoDraw = False
302.1829 	EXP 	cue_text: height = np.float64(0.1)
302.1829 	EXP 	cue_text: height = np.float64(0.1)
302.1829 	EXP 	cue_text: height = np.float64(0.1)
302.1829 	EXP 	cue_text: text = '←'
302.1829 	EXP 	fixation: autoDraw = True
302.3996 	EXP 	Device response: <KeyPress from None: t=302.1505376999994, value=left, duration=0.24651230000017677>
302.6674 	EXP 	fixation: autoDraw = False
302.6674 	EXP 	cue_text: autoDraw = True
302.9666 	EXP 	cue_text: autoDraw = False
303.2672 	INFO 	Keyboard events cleared
303.2670 	EXP 	target: autoDraw = True
304.3324 	EXP 	Device response: <KeyPress from None: t=304.32265349999943, value=right, duration=None>
304.3328 	EXP 	New trial (rep=16, index=9): <Trial 169 (9 in rep 16) data={'cue_arrow': '→', 'target_x': 0.5, 'condition': 'valid', 'corr_Ans': 'right', 'thisN': 169, 'thisTrialN': 9, 'thisRepN': 16}>
304.3358 	DATA 	Keypress: right
304.3490 	EXP 	fixation: autoDraw = False
304.3490 	EXP 	cue_text: autoDraw = False
304.3490 	EXP 	target: autoDraw = False
304.3490 	EXP 	cue_text: height = np.float64(0.1)
304.3490 	EXP 	cue_text: height = np.float64(0.1)
304.3490 	EXP 	cue_text: height = np.float64(0.1)
304.3490 	EXP 	cue_text: text = '→'
304.3490 	EXP 	fixation: autoDraw = True
304.5002 	EXP 	Device response: <KeyPress from None: t=304.32265349999943, value=right, duration=0.1733055999939097>
304.8336 	EXP 	fixation: autoDraw = False
304.8336 	EXP 	cue_text: autoDraw = True
305.1320 	EXP 	cue_text: autoDraw = False
305.4343 	INFO 	Keyboard events cleared
305.4341 	EXP 	target: autoDraw = True
305.9495 	EXP 	Device response: <KeyPress from None: t=305.94759850000264, value=right, duration=None>
305.9498 	EXP 	New trial (rep=17, index=0): <Trial 170 (0 in rep 17) data={'cue_arrow': '→', 'target_x': 0.5, 'condition': 'valid', 'corr_Ans': 'right', 'thisN': 170, 'thisTrialN': 0, 'thisRepN': 17}>
305.9511 	DATA 	Keypress: right
305.9654 	EXP 	fixation: autoDraw = False
305.9654 	EXP 	cue_text: autoDraw = False
305.9654 	EXP 	target: autoDraw = False
305.9654 	EXP 	cue_text: text = '→'
305.9654 	EXP 	fixation: autoDraw = True
306.1171 	EXP 	Device response: <KeyPress from None: t=305.94759850000264, value=right, duration=0.16615239999373443>
306.4661 	EXP 	fixation: autoDraw = False
306.4661 	EXP 	cue_text: autoDraw = True
306.7501 	EXP 	cue_text: autoDraw = False
307.0501 	INFO 	Keyboard events cleared
307.0498 	EXP 	target: autoDraw = True
307.5677 	EXP 	Device response: <KeyPress from None: t=307.55354900000384, value=right, duration=None>
307.5682 	EXP 	New trial (rep=17, index=1): <Trial 171 (1 in rep 17) data={'cue_arrow': '←', 'target_x': -0.5, 'condition': 'valid', 'corr_Ans': 'left', 'thisN': 171, 'thisTrialN': 1, 'thisRepN': 17}>
307.5714 	DATA 	Keypress: right
307.5816 	EXP 	fixation: autoDraw = False
307.5816 	EXP 	cue_text: autoDraw = False
307.5816 	EXP 	target: autoDraw = False
307.5816 	EXP 	cue_text: height = np.float64(0.1)
307.5816 	EXP 	cue_text: height = np.float64(0.1)
307.5816 	EXP 	cue_text: height = np.float64(0.1)
307.5816 	EXP 	cue_text: text = '←'
307.5816 	EXP 	fixation: autoDraw = True
307.7000 	EXP 	Device response: <KeyPress from None: t=307.55354900000384, value=right, duration=0.13205229998857249>
308.0673 	EXP 	fixation: autoDraw = False
308.0673 	EXP 	cue_text: autoDraw = True
308.3665 	EXP 	cue_text: autoDraw = False
308.6836 	INFO 	Keyboard events cleared
308.6833 	EXP 	target: autoDraw = True
309.2498 	EXP 	Device response: <KeyPress from None: t=309.2463505999913, value=left, duration=None>
309.2502 	EXP 	New trial (rep=17, index=2): <Trial 172 (2 in rep 17) data={'cue_arrow': '→', 'target_x': 0.5, 'condition': 'valid', 'corr_Ans': 'right', 'thisN': 172, 'thisTrialN': 2, 'thisRepN': 17}>
309.2531 	DATA 	Keypress: left
309.2652 	EXP 	fixation: autoDraw = False
309.2652 	EXP 	cue_text: autoDraw = False
309.2652 	EXP 	target: autoDraw = False
309.2652 	EXP 	cue_text: height = np.float64(0.1)
309.2652 	EXP 	cue_text: height = np.float64(0.1)
309.2652 	EXP 	cue_text: height = np.float64(0.1)
309.2652 	EXP 	cue_text: text = '→'
309.2652 	EXP 	fixation: autoDraw = True
309.4000 	EXP 	Device response: <KeyPress from None: t=309.2463505999913, value=left, duration=0.13902990000497084>
309.7503 	EXP 	fixation: autoDraw = False
309.7503 	EXP 	cue_text: autoDraw = True
310.0502 	EXP 	cue_text: autoDraw = False
310.3499 	INFO 	Keyboard events cleared
310.3497 	EXP 	target: autoDraw = True
310.8824 	EXP 	Device response: <KeyPress from None: t=310.8807900999964, value=right, duration=None>
310.8827 	EXP 	New trial (rep=17, index=3): <Trial 173 (3 in rep 17) data={'cue_arrow': '←', 'target_x': -0.5, 'condition': 'valid', 'corr_Ans': 'left', 'thisN': 173, 'thisTrialN': 3, 'thisRepN': 17}>
310.8855 	DATA 	Keypress: right
310.8989 	EXP 	fixation: autoDraw = False
310.8989 	EXP 	cue_text: autoDraw = False
310.8989 	EXP 	target: autoDraw = False
310.8989 	EXP 	cue_text: height = np.float64(0.1)
310.8989 	EXP 	cue_text: height = np.float64(0.1)
310.8989 	EXP 	cue_text: height = np.float64(0.1)
310.8989 	EXP 	cue_text: text = '←'
310.8989 	EXP 	fixation: autoDraw = True
311.0502 	EXP 	Device response: <KeyPress from None: t=310.8807900999964, value=right, duration=0.16624609999416862>
311.3833 	EXP 	fixation: autoDraw = False
311.3833 	EXP 	cue_text: autoDraw = True
311.6827 	EXP 	cue_text: autoDraw = False
311.9841 	INFO 	Keyboard events cleared
311.9839 	EXP 	target: autoDraw = True
312.7993 	EXP 	Device response: <KeyPress from None: t=312.7968205999932, value=left, duration=None>
312.7996 	EXP 	New trial (rep=17, index=4): <Trial 174 (4 in rep 17) data={'cue_arrow': '←', 'target_x': -0.5, 'condition': 'valid', 'corr_Ans': 'left', 'thisN': 174, 'thisTrialN': 4, 'thisRepN': 17}>
312.8008 	DATA 	Keypress: left
312.8153 	EXP 	fixation: autoDraw = False
312.8153 	EXP 	cue_text: autoDraw = False
312.8153 	EXP 	target: autoDraw = False
312.8153 	EXP 	cue_text: text = '←'
312.8153 	EXP 	fixation: autoDraw = True
312.9498 	EXP 	Device response: <KeyPress from None: t=312.7968205999932, value=left, duration=0.14534329999878537>
313.3015 	EXP 	fixation: autoDraw = False
313.3015 	EXP 	cue_text: autoDraw = True
313.6003 	EXP 	cue_text: autoDraw = False
313.8996 	INFO 	Keyboard events cleared
313.8994 	EXP 	target: autoDraw = True
314.6009 	EXP 	Device response: <KeyPress from None: t=314.5894282999943, value=left, duration=None>
314.6014 	EXP 	New trial (rep=17, index=5): <Trial 175 (5 in rep 17) data={'cue_arrow': '→', 'target_x': 0.5, 'condition': 'valid', 'corr_Ans': 'right', 'thisN': 175, 'thisTrialN': 5, 'thisRepN': 17}>
314.6045 	DATA 	Keypress: left
314.6161 	EXP 	fixation: autoDraw = False
314.6161 	EXP 	cue_text: autoDraw = False
314.6161 	EXP 	target: autoDraw = False
314.6161 	EXP 	cue_text: height = np.float64(0.1)
314.6161 	EXP 	cue_text: height = np.float64(0.1)
314.6161 	EXP 	cue_text: height = np.float64(0.1)
314.6161 	EXP 	cue_text: text = '→'
314.6161 	EXP 	fixation: autoDraw = True
314.7162 	EXP 	Device response: <KeyPress from None: t=314.5894282999943, value=left, duration=0.11840500000107568>
315.1005 	EXP 	fixation: autoDraw = False
315.1005 	EXP 	cue_text: autoDraw = True
315.4007 	EXP 	cue_text: autoDraw = False
315.7007 	INFO 	Keyboard events cleared
315.7005 	EXP 	target: autoDraw = True
316.3162 	EXP 	Device response: <KeyPress from None: t=316.3096183000016, value=right, duration=None>
316.3165 	EXP 	New trial (rep=17, index=6): <Trial 176 (6 in rep 17) data={'cue_arrow': '→', 'target_x': -0.5, 'condition': 'invalid', 'corr_Ans': 'left', 'thisN': 176, 'thisTrialN': 6, 'thisRepN': 17}>
316.3177 	DATA 	Keypress: right
316.3328 	EXP 	fixation: autoDraw = False
316.3328 	EXP 	cue_text: autoDraw = False
316.3328 	EXP 	target: autoDraw = False
316.3328 	EXP 	cue_text: text = '→'
316.3328 	EXP 	fixation: autoDraw = True
316.5167 	EXP 	Device response: <KeyPress from None: t=316.3096183000016, value=right, duration=0.19064909999724478>
316.8173 	EXP 	fixation: autoDraw = False
316.8173 	EXP 	cue_text: autoDraw = True
317.1162 	EXP 	cue_text: autoDraw = False
317.4175 	INFO 	Keyboard events cleared
317.4173 	EXP 	target: autoDraw = True
318.4672 	EXP 	Device response: <KeyPress from None: t=318.4537774999917, value=left, duration=None>
318.4675 	EXP 	New trial (rep=17, index=7): <Trial 177 (7 in rep 17) data={'cue_arrow': '←', 'target_x': -0.5, 'condition': 'valid', 'corr_Ans': 'left', 'thisN': 177, 'thisTrialN': 7, 'thisRepN': 17}>
318.4704 	DATA 	Keypress: left
318.4838 	EXP 	fixation: autoDraw = False
318.4838 	EXP 	cue_text: autoDraw = False
318.4838 	EXP 	target: autoDraw = False
318.4838 	EXP 	cue_text: height = np.float64(0.1)
318.4838 	EXP 	cue_text: height = np.float64(0.1)
318.4838 	EXP 	cue_text: height = np.float64(0.1)
318.4838 	EXP 	cue_text: text = '←'
318.4838 	EXP 	fixation: autoDraw = True
318.6332 	EXP 	Device response: <KeyPress from None: t=318.4537774999917, value=left, duration=0.17257140000583604>
318.9668 	EXP 	fixation: autoDraw = False
318.9668 	EXP 	cue_text: autoDraw = True
319.2673 	EXP 	cue_text: autoDraw = False
319.5671 	INFO 	Keyboard events cleared
319.5669 	EXP 	target: autoDraw = True
320.0674 	EXP 	Device response: <KeyPress from None: t=320.06477299999096, value=left, duration=None>
320.0678 	EXP 	New trial (rep=17, index=8): <Trial 178 (8 in rep 17) data={'cue_arrow': '→', 'target_x': 0.5, 'condition': 'valid', 'corr_Ans': 'right', 'thisN': 178, 'thisTrialN': 8, 'thisRepN': 17}>
320.0709 	DATA 	Keypress: left
320.0826 	EXP 	fixation: autoDraw = False
320.0826 	EXP 	cue_text: autoDraw = False
320.0826 	EXP 	target: autoDraw = False
320.0826 	EXP 	cue_text: height = np.float64(0.1)
320.0826 	EXP 	cue_text: height = np.float64(0.1)
320.0826 	EXP 	cue_text: height = np.float64(0.1)
320.0826 	EXP 	cue_text: text = '→'
320.0826 	EXP 	fixation: autoDraw = True
320.2494 	EXP 	Device response: <KeyPress from None: t=320.06477299999096, value=left, duration=0.1714914000040153>
320.5666 	EXP 	fixation: autoDraw = False
320.5666 	EXP 	cue_text: autoDraw = True
320.8836 	EXP 	cue_text: autoDraw = False
321.1672 	INFO 	Keyboard events cleared
321.1670 	EXP 	target: autoDraw = True
321.6016 	DATA 	Keypress: right
321.6181 	EXP 	Device response: <KeyPress from None: t=321.60103119999985, value=right, duration=None>
321.6184 	EXP 	New trial (rep=17, index=9): <Trial 179 (9 in rep 17) data={'cue_arrow': '←', 'target_x': 0.5, 'condition': 'invalid', 'corr_Ans': 'right', 'thisN': 179, 'thisTrialN': 9, 'thisRepN': 17}>
321.6339 	EXP 	fixation: autoDraw = False
321.6339 	EXP 	cue_text: autoDraw = False
321.6339 	EXP 	target: autoDraw = False
321.6339 	EXP 	cue_text: height = np.float64(0.1)
321.6339 	EXP 	cue_text: height = np.float64(0.1)
321.6339 	EXP 	cue_text: height = np.float64(0.1)
321.6339 	EXP 	cue_text: text = '←'
321.6339 	EXP 	fixation: autoDraw = True
321.7996 	EXP 	Device response: <KeyPress from None: t=321.60103119999985, value=right, duration=0.1877729999978328>
322.1340 	EXP 	fixation: autoDraw = False
322.1340 	EXP 	cue_text: autoDraw = True
322.4173 	EXP 	cue_text: autoDraw = False
322.7342 	INFO 	Keyboard events cleared
322.7340 	EXP 	target: autoDraw = True
323.8169 	EXP 	Device response: <KeyPress from None: t=323.80277929999284, value=right, duration=None>
323.8172 	EXP 	New trial (rep=18, index=0): <Trial 180 (0 in rep 18) data={'cue_arrow': '→', 'target_x': 0.5, 'condition': 'valid', 'corr_Ans': 'right', 'thisN': 180, 'thisTrialN': 0, 'thisRepN': 18}>
323.8201 	DATA 	Keypress: right
323.8319 	EXP 	fixation: autoDraw = False
323.8319 	EXP 	cue_text: autoDraw = False
323.8319 	EXP 	target: autoDraw = False
323.8319 	EXP 	cue_text: height = np.float64(0.1)
323.8319 	EXP 	cue_text: height = np.float64(0.1)
323.8319 	EXP 	cue_text: height = np.float64(0.1)
323.8319 	EXP 	cue_text: text = '→'
323.8319 	EXP 	fixation: autoDraw = True
323.9999 	EXP 	Device response: <KeyPress from None: t=323.80277929999284, value=right, duration=0.19453000000794418>
324.3173 	EXP 	fixation: autoDraw = False
324.3173 	EXP 	cue_text: autoDraw = True
324.6173 	EXP 	cue_text: autoDraw = False
324.9174 	INFO 	Keyboard events cleared
324.9172 	EXP 	target: autoDraw = True
326.5375 	DATA 	Keypress: right
326.5496 	EXP 	Device response: <KeyPress from None: t=326.5368460000027, value=right, duration=None>
326.5500 	EXP 	New trial (rep=18, index=1): <Trial 181 (1 in rep 18) data={'cue_arrow': '←', 'target_x': 0.5, 'condition': 'invalid', 'corr_Ans': 'right', 'thisN': 181, 'thisTrialN': 1, 'thisRepN': 18}>
326.5658 	EXP 	fixation: autoDraw = False
326.5658 	EXP 	cue_text: autoDraw = False
326.5658 	EXP 	target: autoDraw = False
326.5658 	EXP 	cue_text: height = np.float64(0.1)
326.5658 	EXP 	cue_text: height = np.float64(0.1)
326.5658 	EXP 	cue_text: height = np.float64(0.1)
326.5658 	EXP 	cue_text: text = '←'
326.5658 	EXP 	fixation: autoDraw = True
326.7003 	EXP 	Device response: <KeyPress from None: t=326.5368460000027, value=right, duration=0.15466849999211263>
327.0498 	EXP 	fixation: autoDraw = False
327.0498 	EXP 	cue_text: autoDraw = True
327.3508 	EXP 	cue_text: autoDraw = False
327.6502 	INFO 	Keyboard events cleared
327.6500 	EXP 	target: autoDraw = True
328.2848 	EXP 	Device response: <KeyPress from None: t=328.2819453999982, value=right, duration=None>
328.2852 	EXP 	New trial (rep=18, index=2): <Trial 182 (2 in rep 18) data={'cue_arrow': '←', 'target_x': -0.5, 'condition': 'valid', 'corr_Ans': 'left', 'thisN': 182, 'thisTrialN': 2, 'thisRepN': 18}>
328.2865 	DATA 	Keypress: right
328.2994 	EXP 	fixation: autoDraw = False
328.2994 	EXP 	cue_text: autoDraw = False
328.2994 	EXP 	target: autoDraw = False
328.2994 	EXP 	cue_text: text = '←'
328.2994 	EXP 	fixation: autoDraw = True
328.4662 	EXP 	Device response: <KeyPress from None: t=328.2819453999982, value=right, duration=0.17624420000356622>
328.8003 	EXP 	fixation: autoDraw = False
328.8003 	EXP 	cue_text: autoDraw = True
329.1009 	EXP 	cue_text: autoDraw = False
329.4007 	INFO 	Keyboard events cleared
329.4005 	EXP 	target: autoDraw = True
329.9332 	EXP 	Device response: <KeyPress from None: t=329.9258170999965, value=left, duration=None>
329.9335 	EXP 	New trial (rep=18, index=3): <Trial 183 (3 in rep 18) data={'cue_arrow': '←', 'target_x': -0.5, 'condition': 'valid', 'corr_Ans': 'left', 'thisN': 183, 'thisTrialN': 3, 'thisRepN': 18}>
329.9347 	DATA 	Keypress: left
329.9504 	EXP 	fixation: autoDraw = False
329.9504 	EXP 	cue_text: autoDraw = False
329.9504 	EXP 	target: autoDraw = False
329.9504 	EXP 	cue_text: text = '←'
329.9504 	EXP 	fixation: autoDraw = True
330.1335 	EXP 	Device response: <KeyPress from None: t=329.9258170999965, value=left, duration=0.19406419999722857>
330.4347 	EXP 	fixation: autoDraw = False
330.4347 	EXP 	cue_text: autoDraw = True
330.7344 	EXP 	cue_text: autoDraw = False
331.0347 	INFO 	Keyboard events cleared
331.0345 	EXP 	target: autoDraw = True
331.5843 	EXP 	Device response: <KeyPress from None: t=331.57912500000384, value=left, duration=None>
331.5847 	EXP 	New trial (rep=18, index=4): <Trial 184 (4 in rep 18) data={'cue_arrow': '→', 'target_x': 0.5, 'condition': 'valid', 'corr_Ans': 'right', 'thisN': 184, 'thisTrialN': 4, 'thisRepN': 18}>
331.5881 	DATA 	Keypress: left
331.5989 	EXP 	fixation: autoDraw = False
331.5989 	EXP 	cue_text: autoDraw = False
331.5989 	EXP 	target: autoDraw = False
331.5989 	EXP 	cue_text: height = np.float64(0.1)
331.5989 	EXP 	cue_text: height = np.float64(0.1)
331.5989 	EXP 	cue_text: height = np.float64(0.1)
331.5989 	EXP 	cue_text: text = '→'
331.5989 	EXP 	fixation: autoDraw = True
331.7673 	EXP 	Device response: <KeyPress from None: t=331.57912500000384, value=left, duration=0.18503079999936745>
332.0829 	EXP 	fixation: autoDraw = False
332.0829 	EXP 	cue_text: autoDraw = True
332.3839 	EXP 	cue_text: autoDraw = False
332.6833 	INFO 	Keyboard events cleared
332.6831 	EXP 	target: autoDraw = True
333.3171 	EXP 	Device response: <KeyPress from None: t=333.3139239000011, value=right, duration=None>
333.3175 	EXP 	New trial (rep=18, index=5): <Trial 185 (5 in rep 18) data={'cue_arrow': '←', 'target_x': -0.5, 'condition': 'valid', 'corr_Ans': 'left', 'thisN': 185, 'thisTrialN': 5, 'thisRepN': 18}>
333.3205 	DATA 	Keypress: right
333.3327 	EXP 	fixation: autoDraw = False
333.3327 	EXP 	cue_text: autoDraw = False
333.3327 	EXP 	target: autoDraw = False
333.3327 	EXP 	cue_text: height = np.float64(0.1)
333.3327 	EXP 	cue_text: height = np.float64(0.1)
333.3327 	EXP 	cue_text: height = np.float64(0.1)
333.3327 	EXP 	cue_text: text = '←'
333.3327 	EXP 	fixation: autoDraw = True
333.5169 	EXP 	Device response: <KeyPress from None: t=333.3139239000011, value=right, duration=0.19036369999230374>
333.8174 	EXP 	fixation: autoDraw = False
333.8174 	EXP 	cue_text: autoDraw = True
334.1175 	EXP 	cue_text: autoDraw = False
334.4176 	INFO 	Keyboard events cleared
334.4174 	EXP 	target: autoDraw = True
334.8018 	DATA 	Keypress: left
334.8171 	EXP 	Device response: <KeyPress from None: t=334.80060010000307, value=left, duration=None>
334.8174 	EXP 	New trial (rep=18, index=6): <Trial 186 (6 in rep 18) data={'cue_arrow': '→', 'target_x': -0.5, 'condition': 'invalid', 'corr_Ans': 'left', 'thisN': 186, 'thisTrialN': 6, 'thisRepN': 18}>
334.8342 	EXP 	fixation: autoDraw = False
334.8342 	EXP 	cue_text: autoDraw = False
334.8342 	EXP 	target: autoDraw = False
334.8342 	EXP 	cue_text: height = np.float64(0.1)
334.8342 	EXP 	cue_text: height = np.float64(0.1)
334.8342 	EXP 	cue_text: height = np.float64(0.1)
334.8342 	EXP 	cue_text: text = '→'
334.8342 	EXP 	fixation: autoDraw = True
334.9839 	EXP 	Device response: <KeyPress from None: t=334.80060010000307, value=left, duration=0.17235879998770542>
335.3176 	EXP 	fixation: autoDraw = False
335.3176 	EXP 	cue_text: autoDraw = True
335.6338 	EXP 	cue_text: autoDraw = False
335.9174 	INFO 	Keyboard events cleared
335.9172 	EXP 	target: autoDraw = True
337.1344 	DATA 	Keypress: left
337.1497 	EXP 	Device response: <KeyPress from None: t=337.1338046000019, value=left, duration=None>
337.1501 	EXP 	New trial (rep=18, index=7): <Trial 187 (7 in rep 18) data={'cue_arrow': '→', 'target_x': 0.5, 'condition': 'valid', 'corr_Ans': 'right', 'thisN': 187, 'thisTrialN': 7, 'thisRepN': 18}>
337.1671 	EXP 	fixation: autoDraw = False
337.1671 	EXP 	cue_text: autoDraw = False
337.1671 	EXP 	target: autoDraw = False
337.1671 	EXP 	cue_text: text = '→'
337.1671 	EXP 	fixation: autoDraw = True
337.2505 	EXP 	Device response: <KeyPress from None: t=337.1338046000019, value=left, duration=0.11423349998949561>
337.6510 	EXP 	fixation: autoDraw = False
337.6510 	EXP 	cue_text: autoDraw = True
337.9513 	EXP 	cue_text: autoDraw = False
338.2502 	INFO 	Keyboard events cleared
338.2500 	EXP 	target: autoDraw = True
338.8683 	EXP 	Device response: <KeyPress from None: t=338.86138760000176, value=right, duration=None>
338.8687 	EXP 	New trial (rep=18, index=8): <Trial 188 (8 in rep 18) data={'cue_arrow': '→', 'target_x': 0.5, 'condition': 'valid', 'corr_Ans': 'right', 'thisN': 188, 'thisTrialN': 8, 'thisRepN': 18}>
338.8702 	DATA 	Keypress: right
338.8823 	EXP 	fixation: autoDraw = False
338.8823 	EXP 	cue_text: autoDraw = False
338.8823 	EXP 	target: autoDraw = False
338.8823 	EXP 	cue_text: text = '→'
338.8823 	EXP 	fixation: autoDraw = True
339.0173 	EXP 	Device response: <KeyPress from None: t=338.86138760000176, value=right, duration=0.14788499999849591>
339.3841 	EXP 	fixation: autoDraw = False
339.3841 	EXP 	cue_text: autoDraw = True
339.6678 	EXP 	cue_text: autoDraw = False
339.9678 	INFO 	Keyboard events cleared
339.9676 	EXP 	target: autoDraw = True
340.2682 	EXP 	Device response: <KeyPress from None: t=340.26380449999124, value=right, duration=None>
340.2686 	EXP 	New trial (rep=18, index=9): <Trial 189 (9 in rep 18) data={'cue_arrow': '←', 'target_x': -0.5, 'condition': 'valid', 'corr_Ans': 'left', 'thisN': 189, 'thisTrialN': 9, 'thisRepN': 18}>
340.2717 	DATA 	Keypress: right
340.2836 	EXP 	fixation: autoDraw = False
340.2836 	EXP 	cue_text: autoDraw = False
340.2836 	EXP 	target: autoDraw = False
340.2836 	EXP 	cue_text: height = np.float64(0.1)
340.2836 	EXP 	cue_text: height = np.float64(0.1)
340.2836 	EXP 	cue_text: height = np.float64(0.1)
340.2836 	EXP 	cue_text: text = '←'
340.2836 	EXP 	fixation: autoDraw = True
340.4341 	EXP 	Device response: <KeyPress from None: t=340.26380449999124, value=right, duration=0.1574347999994643>
340.7676 	EXP 	fixation: autoDraw = False
340.7676 	EXP 	cue_text: autoDraw = True
341.0829 	EXP 	cue_text: autoDraw = False
341.3679 	INFO 	Keyboard events cleared
341.3677 	EXP 	target: autoDraw = True
342.0843 	EXP 	Device response: <KeyPress from None: t=342.08192159999453, value=left, duration=None>
342.0848 	EXP 	New trial (rep=19, index=0): <Trial 190 (0 in rep 19) data={'cue_arrow': '←', 'target_x': -0.5, 'condition': 'valid', 'corr_Ans': 'left', 'thisN': 190, 'thisTrialN': 0, 'thisRepN': 19}>
342.0862 	DATA 	Keypress: left
342.0994 	EXP 	fixation: autoDraw = False
342.0994 	EXP 	cue_text: autoDraw = False
342.0994 	EXP 	target: autoDraw = False
342.0994 	EXP 	cue_text: text = '←'
342.0994 	EXP 	fixation: autoDraw = True
342.2181 	EXP 	Device response: <KeyPress from None: t=342.08192159999453, value=left, duration=0.13326930000039283>
342.6014 	EXP 	fixation: autoDraw = False
342.6014 	EXP 	cue_text: autoDraw = True
342.9012 	EXP 	cue_text: autoDraw = False
343.1846 	INFO 	Keyboard events cleared
343.1844 	EXP 	target: autoDraw = True
343.6672 	EXP 	Device response: <KeyPress from None: t=343.6557218999951, value=left, duration=None>
343.6675 	EXP 	New trial (rep=19, index=1): <Trial 191 (1 in rep 19) data={'cue_arrow': '→', 'target_x': 0.5, 'condition': 'valid', 'corr_Ans': 'right', 'thisN': 191, 'thisTrialN': 1, 'thisRepN': 19}>
343.6707 	DATA 	Keypress: left
343.6838 	EXP 	fixation: autoDraw = False
343.6838 	EXP 	cue_text: autoDraw = False
343.6838 	EXP 	target: autoDraw = False
343.6838 	EXP 	cue_text: height = np.float64(0.1)
343.6838 	EXP 	cue_text: height = np.float64(0.1)
343.6838 	EXP 	cue_text: height = np.float64(0.1)
343.6838 	EXP 	cue_text: text = '→'
343.6838 	EXP 	fixation: autoDraw = True
343.8182 	EXP 	Device response: <KeyPress from None: t=343.6557218999951, value=left, duration=0.15019309999479447>
344.1670 	EXP 	fixation: autoDraw = False
344.1670 	EXP 	cue_text: autoDraw = True
344.4677 	EXP 	cue_text: autoDraw = False
344.7668 	INFO 	Keyboard events cleared
344.7666 	EXP 	target: autoDraw = True
345.2848 	EXP 	Device response: <KeyPress from None: t=345.271530500002, value=right, duration=None>
345.2851 	EXP 	New trial (rep=19, index=2): <Trial 192 (2 in rep 19) data={'cue_arrow': '←', 'target_x': -0.5, 'condition': 'valid', 'corr_Ans': 'left', 'thisN': 192, 'thisTrialN': 2, 'thisRepN': 19}>
345.2883 	DATA 	Keypress: right
345.2999 	EXP 	fixation: autoDraw = False
345.2999 	EXP 	cue_text: autoDraw = False
345.2999 	EXP 	target: autoDraw = False
345.2999 	EXP 	cue_text: height = np.float64(0.1)
345.2999 	EXP 	cue_text: height = np.float64(0.1)
345.2999 	EXP 	cue_text: height = np.float64(0.1)
345.2999 	EXP 	cue_text: text = '←'
345.2999 	EXP 	fixation: autoDraw = True
345.4508 	EXP 	Device response: <KeyPress from None: t=345.271530500002, value=right, duration=0.16700919999857433>
345.8007 	EXP 	fixation: autoDraw = False
345.8007 	EXP 	cue_text: autoDraw = True
346.0837 	EXP 	cue_text: autoDraw = False
346.4008 	INFO 	Keyboard events cleared
346.4006 	EXP 	target: autoDraw = True
346.7175 	EXP 	Device response: <KeyPress from None: t=346.71546049999597, value=left, duration=None>
346.7179 	EXP 	New trial (rep=19, index=3): <Trial 193 (3 in rep 19) data={'cue_arrow': '←', 'target_x': -0.5, 'condition': 'valid', 'corr_Ans': 'left', 'thisN': 193, 'thisTrialN': 3, 'thisRepN': 19}>
346.7192 	DATA 	Keypress: left
346.7328 	EXP 	fixation: autoDraw = False
346.7328 	EXP 	cue_text: autoDraw = False
346.7328 	EXP 	target: autoDraw = False
346.7328 	EXP 	cue_text: text = '←'
346.7328 	EXP 	fixation: autoDraw = True
346.8833 	EXP 	Device response: <KeyPress from None: t=346.71546049999597, value=left, duration=0.16234530000656378>
347.2169 	EXP 	fixation: autoDraw = False
347.2169 	EXP 	cue_text: autoDraw = True
347.5176 	EXP 	cue_text: autoDraw = False
347.8184 	INFO 	Keyboard events cleared
347.8182 	EXP 	target: autoDraw = True
348.2024 	DATA 	Keypress: left
348.2166 	EXP 	Device response: <KeyPress from None: t=348.2008668999915, value=left, duration=None>
348.2170 	EXP 	New trial (rep=19, index=4): <Trial 194 (4 in rep 19) data={'cue_arrow': '←', 'target_x': 0.5, 'condition': 'invalid', 'corr_Ans': 'right', 'thisN': 194, 'thisTrialN': 4, 'thisRepN': 19}>
348.2341 	EXP 	fixation: autoDraw = False
348.2341 	EXP 	cue_text: autoDraw = False
348.2341 	EXP 	target: autoDraw = False
348.2341 	EXP 	cue_text: text = '←'
348.2341 	EXP 	fixation: autoDraw = True
348.4339 	EXP 	Device response: <KeyPress from None: t=348.2008668999915, value=left, duration=0.22478140000021085>
348.7178 	EXP 	fixation: autoDraw = False
348.7178 	EXP 	cue_text: autoDraw = True
349.0175 	EXP 	cue_text: autoDraw = False
349.3177 	INFO 	Keyboard events cleared
349.3175 	EXP 	target: autoDraw = True
350.3673 	EXP 	Device response: <KeyPress from None: t=350.35377669999434, value=right, duration=None>
350.3676 	EXP 	New trial (rep=19, index=5): <Trial 195 (5 in rep 19) data={'cue_arrow': '→', 'target_x': 0.5, 'condition': 'valid', 'corr_Ans': 'right', 'thisN': 195, 'thisTrialN': 5, 'thisRepN': 19}>
350.3705 	DATA 	Keypress: right
350.3841 	EXP 	fixation: autoDraw = False
350.3841 	EXP 	cue_text: autoDraw = False
350.3841 	EXP 	target: autoDraw = False
350.3841 	EXP 	cue_text: height = np.float64(0.1)
350.3841 	EXP 	cue_text: height = np.float64(0.1)
350.3841 	EXP 	cue_text: height = np.float64(0.1)
350.3841 	EXP 	cue_text: text = '→'
350.3841 	EXP 	fixation: autoDraw = True
350.4516 	EXP 	Device response: <KeyPress from None: t=350.35377669999434, value=right, duration=0.09429239999735728>
350.8674 	EXP 	fixation: autoDraw = False
350.8674 	EXP 	cue_text: autoDraw = True
351.1667 	EXP 	cue_text: autoDraw = False
351.4679 	INFO 	Keyboard events cleared
351.4677 	EXP 	target: autoDraw = True
352.4174 	EXP 	Device response: <KeyPress from None: t=352.41247119999025, value=right, duration=None>
352.4177 	EXP 	New trial (rep=19, index=6): <Trial 196 (6 in rep 19) data={'cue_arrow': '→', 'target_x': -0.5, 'condition': 'invalid', 'corr_Ans': 'left', 'thisN': 196, 'thisTrialN': 6, 'thisRepN': 19}>
352.4189 	DATA 	Keypress: right
352.4334 	EXP 	fixation: autoDraw = False
352.4334 	EXP 	cue_text: autoDraw = False
352.4334 	EXP 	target: autoDraw = False
352.4334 	EXP 	cue_text: text = '→'
352.4334 	EXP 	fixation: autoDraw = True
352.5850 	EXP 	Device response: <KeyPress from None: t=352.41247119999025, value=right, duration=0.1608398000098532>
352.9173 	EXP 	fixation: autoDraw = False
352.9173 	EXP 	cue_text: autoDraw = True
353.2178 	EXP 	cue_text: autoDraw = False
353.5179 	INFO 	Keyboard events cleared
353.5177 	EXP 	target: autoDraw = True
354.7681 	EXP 	Device response: <KeyPress from None: t=354.7671335999912, value=left, duration=None>
354.7691 	DATA 	Keypress: left
354.7838 	EXP 	New trial (rep=19, index=7): <Trial 197 (7 in rep 19) data={'cue_arrow': '→', 'target_x': 0.5, 'condition': 'valid', 'corr_Ans': 'right', 'thisN': 197, 'thisTrialN': 7, 'thisRepN': 19}>
354.8003 	EXP 	fixation: autoDraw = False
354.8003 	EXP 	cue_text: autoDraw = False
354.8003 	EXP 	target: autoDraw = False
354.8003 	EXP 	cue_text: text = '→'
354.8003 	EXP 	fixation: autoDraw = True
354.9516 	EXP 	Device response: <KeyPress from None: t=354.7671335999912, value=left, duration=0.17662040000141133>
355.2842 	EXP 	fixation: autoDraw = False
355.2842 	EXP 	cue_text: autoDraw = True
355.5835 	EXP 	cue_text: autoDraw = False
355.8842 	INFO 	Keyboard events cleared
355.8840 	EXP 	target: autoDraw = True
356.6842 	EXP 	Device response: <KeyPress from None: t=356.6746664999955, value=right, duration=None>
356.6845 	EXP 	New trial (rep=19, index=8): <Trial 198 (8 in rep 19) data={'cue_arrow': '→', 'target_x': 0.5, 'condition': 'valid', 'corr_Ans': 'right', 'thisN': 198, 'thisTrialN': 8, 'thisRepN': 19}>
356.6860 	DATA 	Keypress: right
356.7010 	EXP 	fixation: autoDraw = False
356.7010 	EXP 	cue_text: autoDraw = False
356.7010 	EXP 	target: autoDraw = False
356.7010 	EXP 	cue_text: text = '→'
356.7010 	EXP 	fixation: autoDraw = True
356.8349 	EXP 	Device response: <KeyPress from None: t=356.6746664999955, value=right, duration=0.1573779000027571>
357.1847 	EXP 	fixation: autoDraw = False
357.1847 	EXP 	cue_text: autoDraw = True
357.4837 	EXP 	cue_text: autoDraw = False
357.7849 	INFO 	Keyboard events cleared
357.7847 	EXP 	target: autoDraw = True
358.2845 	EXP 	Device response: <KeyPress from None: t=358.2786336999998, value=right, duration=None>
358.2849 	EXP 	New trial (rep=19, index=9): <Trial 199 (9 in rep 19) data={'cue_arrow': '←', 'target_x': -0.5, 'condition': 'valid', 'corr_Ans': 'left', 'thisN': 199, 'thisTrialN': 9, 'thisRepN': 19}>
358.2880 	DATA 	Keypress: right
358.2999 	EXP 	fixation: autoDraw = False
358.2999 	EXP 	cue_text: autoDraw = False
358.2999 	EXP 	target: autoDraw = False
358.2999 	EXP 	cue_text: height = np.float64(0.1)
358.2999 	EXP 	cue_text: height = np.float64(0.1)
358.2999 	EXP 	cue_text: height = np.float64(0.1)
358.2999 	EXP 	cue_text: text = '←'
358.2999 	EXP 	fixation: autoDraw = True
358.4676 	EXP 	Device response: <KeyPress from None: t=358.2786336999998, value=right, duration=0.17693420000432525>
358.8008 	EXP 	fixation: autoDraw = False
358.8008 	EXP 	cue_text: autoDraw = True
359.1003 	EXP 	cue_text: autoDraw = False
359.3845 	INFO 	Keyboard events cleared
359.3843 	EXP 	target: autoDraw = True
360.3839 	EXP 	Device response: <KeyPress from None: t=360.37313439999707, value=left, duration=None>
360.3843 	EXP 	New trial (rep=20, index=0): <Trial 200 (0 in rep 20) data={'cue_arrow': '←', 'target_x': -0.5, 'condition': 'valid', 'corr_Ans': 'left', 'thisN': 200, 'thisTrialN': 0, 'thisRepN': 20}>
360.3858 	DATA 	Keypress: left
360.4000 	EXP 	fixation: autoDraw = False
360.4000 	EXP 	cue_text: autoDraw = False
360.4000 	EXP 	target: autoDraw = False
360.4000 	EXP 	cue_text: text = '←'
360.4000 	EXP 	fixation: autoDraw = True
360.5009 	EXP 	Device response: <KeyPress from None: t=360.37313439999707, value=left, duration=0.11443499999586493>
360.8848 	EXP 	fixation: autoDraw = False
360.8848 	EXP 	cue_text: autoDraw = True
361.1840 	EXP 	cue_text: autoDraw = False
361.4831 	INFO 	Keyboard events cleared
361.4829 	EXP 	target: autoDraw = True
362.0343 	EXP 	Device response: <KeyPress from None: t=362.0202189999982, value=left, duration=None>
362.0346 	EXP 	New trial (rep=20, index=1): <Trial 201 (1 in rep 20) data={'cue_arrow': '→', 'target_x': -0.5, 'condition': 'invalid', 'corr_Ans': 'left', 'thisN': 201, 'thisTrialN': 1, 'thisRepN': 20}>
362.0374 	DATA 	Keypress: left
362.0508 	EXP 	fixation: autoDraw = False
362.0508 	EXP 	cue_text: autoDraw = False
362.0508 	EXP 	target: autoDraw = False
362.0508 	EXP 	cue_text: height = np.float64(0.1)
362.0508 	EXP 	cue_text: height = np.float64(0.1)
362.0508 	EXP 	cue_text: height = np.float64(0.1)
362.0508 	EXP 	cue_text: text = '→'
362.0508 	EXP 	fixation: autoDraw = True
362.1675 	EXP 	Device response: <KeyPress from None: t=362.0202189999982, value=left, duration=0.1432139999960782>
362.5337 	EXP 	fixation: autoDraw = False
362.5337 	EXP 	cue_text: autoDraw = True
362.8343 	EXP 	cue_text: autoDraw = False
363.1348 	INFO 	Keyboard events cleared
363.1345 	EXP 	target: autoDraw = True
363.9000 	EXP 	Device response: <KeyPress from None: t=363.8879462000041, value=left, duration=None>
363.9004 	EXP 	New trial (rep=20, index=2): <Trial 202 (2 in rep 20) data={'cue_arrow': '→', 'target_x': 0.5, 'condition': 'valid', 'corr_Ans': 'right', 'thisN': 202, 'thisTrialN': 2, 'thisRepN': 20}>
363.9020 	DATA 	Keypress: left
363.9170 	EXP 	fixation: autoDraw = False
363.9170 	EXP 	cue_text: autoDraw = False
363.9170 	EXP 	target: autoDraw = False
363.9170 	EXP 	cue_text: text = '→'
363.9170 	EXP 	fixation: autoDraw = True
364.1176 	EXP 	Device response: <KeyPress from None: t=363.8879462000041, value=left, duration=0.2279192999994848>
364.4015 	EXP 	fixation: autoDraw = False
364.4015 	EXP 	cue_text: autoDraw = True
364.7014 	EXP 	cue_text: autoDraw = False
364.9997 	INFO 	Keyboard events cleared
364.9995 	EXP 	target: autoDraw = True
365.8186 	EXP 	Device response: <KeyPress from None: t=365.8066368, value=right, duration=None>
365.8190 	EXP 	New trial (rep=20, index=3): <Trial 203 (3 in rep 20) data={'cue_arrow': '←', 'target_x': -0.5, 'condition': 'valid', 'corr_Ans': 'left', 'thisN': 203, 'thisTrialN': 3, 'thisRepN': 20}>
365.8221 	DATA 	Keypress: right
365.8330 	EXP 	fixation: autoDraw = False
365.8330 	EXP 	cue_text: autoDraw = False
365.8330 	EXP 	target: autoDraw = False
365.8330 	EXP 	cue_text: height = np.float64(0.1)
365.8330 	EXP 	cue_text: height = np.float64(0.1)
365.8330 	EXP 	cue_text: height = np.float64(0.1)
365.8330 	EXP 	cue_text: text = '←'
365.8330 	EXP 	fixation: autoDraw = True
365.9844 	EXP 	Device response: <KeyPress from None: t=365.8066368, value=right, duration=0.16970060000312515>
366.3171 	EXP 	fixation: autoDraw = False
366.3171 	EXP 	cue_text: autoDraw = True
366.6176 	EXP 	cue_text: autoDraw = False
366.9179 	INFO 	Keyboard events cleared
366.9176 	EXP 	target: autoDraw = True
367.3182 	EXP 	Device response: <KeyPress from None: t=367.31376170000294, value=left, duration=None>
367.3187 	EXP 	New trial (rep=20, index=4): <Trial 204 (4 in rep 20) data={'cue_arrow': '→', 'target_x': 0.5, 'condition': 'valid', 'corr_Ans': 'right', 'thisN': 204, 'thisTrialN': 4, 'thisRepN': 20}>
367.3226 	DATA 	Keypress: left
367.3325 	EXP 	fixation: autoDraw = False
367.3325 	EXP 	cue_text: autoDraw = False
367.3325 	EXP 	target: autoDraw = False
367.3325 	EXP 	cue_text: height = np.float64(0.1)
367.3325 	EXP 	cue_text: height = np.float64(0.1)
367.3325 	EXP 	cue_text: height = np.float64(0.1)
367.3325 	EXP 	cue_text: text = '→'
367.3325 	EXP 	fixation: autoDraw = True
367.4512 	EXP 	Device response: <KeyPress from None: t=367.31376170000294, value=left, duration=0.12987299999804236>
367.8178 	EXP 	fixation: autoDraw = False
367.8178 	EXP 	cue_text: autoDraw = True
368.1342 	EXP 	cue_text: autoDraw = False
368.4179 	INFO 	Keyboard events cleared
368.4177 	EXP 	target: autoDraw = True
369.2695 	DATA 	Keypress: right
369.2845 	EXP 	Device response: <KeyPress from None: t=369.2684902000037, value=right, duration=None>
369.2848 	EXP 	New trial (rep=20, index=5): <Trial 205 (5 in rep 20) data={'cue_arrow': '←', 'target_x': 0.5, 'condition': 'invalid', 'corr_Ans': 'right', 'thisN': 205, 'thisTrialN': 5, 'thisRepN': 20}>
369.3008 	EXP 	fixation: autoDraw = False
369.3008 	EXP 	cue_text: autoDraw = False
369.3008 	EXP 	target: autoDraw = False
369.3008 	EXP 	cue_text: height = np.float64(0.1)
369.3008 	EXP 	cue_text: height = np.float64(0.1)
369.3008 	EXP 	cue_text: height = np.float64(0.1)
369.3008 	EXP 	cue_text: text = '←'
369.3008 	EXP 	fixation: autoDraw = True
369.4510 	EXP 	Device response: <KeyPress from None: t=369.2684902000037, value=right, duration=0.16702359999180771>
369.7842 	EXP 	fixation: autoDraw = False
369.7842 	EXP 	cue_text: autoDraw = True
370.0839 	EXP 	cue_text: autoDraw = False
370.3838 	INFO 	Keyboard events cleared
370.3837 	EXP 	target: autoDraw = True
371.2687 	EXP 	Device response: <KeyPress from None: t=371.2597257000016, value=right, duration=None>
371.2692 	EXP 	New trial (rep=20, index=6): <Trial 206 (6 in rep 20) data={'cue_arrow': '→', 'target_x': 0.5, 'condition': 'valid', 'corr_Ans': 'right', 'thisN': 206, 'thisTrialN': 6, 'thisRepN': 20}>
371.2726 	DATA 	Keypress: right
371.2827 	EXP 	fixation: autoDraw = False
371.2827 	EXP 	cue_text: autoDraw = False
371.2827 	EXP 	target: autoDraw = False
371.2827 	EXP 	cue_text: height = np.float64(0.1)
371.2827 	EXP 	cue_text: height = np.float64(0.1)
371.2827 	EXP 	cue_text: height = np.float64(0.1)
371.2827 	EXP 	cue_text: text = '→'
371.2827 	EXP 	fixation: autoDraw = True
371.4519 	EXP 	Device response: <KeyPress from None: t=371.2597257000016, value=right, duration=0.18651479999243747>
371.7838 	EXP 	fixation: autoDraw = False
371.7838 	EXP 	cue_text: autoDraw = True
372.0844 	EXP 	cue_text: autoDraw = False
372.3848 	INFO 	Keyboard events cleared
372.3846 	EXP 	target: autoDraw = True
373.5012 	EXP 	Device response: <KeyPress from None: t=373.4912677999964, value=right, duration=None>
373.5016 	EXP 	New trial (rep=20, index=7): <Trial 207 (7 in rep 20) data={'cue_arrow': '→', 'target_x': 0.5, 'condition': 'valid', 'corr_Ans': 'right', 'thisN': 207, 'thisTrialN': 7, 'thisRepN': 20}>
373.5028 	DATA 	Keypress: right
373.5165 	EXP 	fixation: autoDraw = False
373.5165 	EXP 	cue_text: autoDraw = False
373.5165 	EXP 	target: autoDraw = False
373.5165 	EXP 	cue_text: text = '→'
373.5165 	EXP 	fixation: autoDraw = True
373.6677 	EXP 	Device response: <KeyPress from None: t=373.4912677999964, value=right, duration=0.1640272999939043>
374.0003 	EXP 	fixation: autoDraw = False
374.0003 	EXP 	cue_text: autoDraw = True
374.3018 	EXP 	cue_text: autoDraw = False
374.6012 	INFO 	Keyboard events cleared
374.6010 	EXP 	target: autoDraw = True
375.1018 	EXP 	Device response: <KeyPress from None: t=375.09833909998997, value=right, duration=None>
375.1022 	EXP 	New trial (rep=20, index=8): <Trial 208 (8 in rep 20) data={'cue_arrow': '←', 'target_x': -0.5, 'condition': 'valid', 'corr_Ans': 'left', 'thisN': 208, 'thisTrialN': 8, 'thisRepN': 20}>
375.1066 	DATA 	Keypress: right
375.1162 	EXP 	fixation: autoDraw = False
375.1162 	EXP 	cue_text: autoDraw = False
375.1162 	EXP 	target: autoDraw = False
375.1162 	EXP 	cue_text: height = np.float64(0.1)
375.1162 	EXP 	cue_text: height = np.float64(0.1)
375.1162 	EXP 	cue_text: height = np.float64(0.1)
375.1162 	EXP 	cue_text: text = '←'
375.1162 	EXP 	fixation: autoDraw = True
375.2845 	EXP 	Device response: <KeyPress from None: t=375.09833909998997, value=right, duration=0.17033240001183003>
375.6183 	EXP 	fixation: autoDraw = False
375.6183 	EXP 	cue_text: autoDraw = True
375.9014 	EXP 	cue_text: autoDraw = False
376.2000 	INFO 	Keyboard events cleared
376.1998 	EXP 	target: autoDraw = True
376.7012 	EXP 	Device response: <KeyPress from None: t=376.6932772, value=left, duration=None>
376.7016 	EXP 	New trial (rep=20, index=9): <Trial 209 (9 in rep 20) data={'cue_arrow': '←', 'target_x': -0.5, 'condition': 'valid', 'corr_Ans': 'left', 'thisN': 209, 'thisTrialN': 9, 'thisRepN': 20}>
376.7028 	DATA 	Keypress: left
376.7166 	EXP 	fixation: autoDraw = False
376.7166 	EXP 	cue_text: autoDraw = False
376.7166 	EXP 	target: autoDraw = False
376.7166 	EXP 	cue_text: text = '←'
376.7166 	EXP 	fixation: autoDraw = True
376.8351 	EXP 	Device response: <KeyPress from None: t=376.6932772, value=left, duration=0.13523889999487437>
377.2180 	EXP 	fixation: autoDraw = False
377.2180 	EXP 	cue_text: autoDraw = True
377.5016 	EXP 	cue_text: autoDraw = False
377.8011 	INFO 	Keyboard events cleared
377.8009 	EXP 	target: autoDraw = True
378.1338 	EXP 	Device response: <KeyPress from None: t=378.1326573999977, value=left, duration=None>
378.1342 	EXP 	New trial (rep=21, index=0): <Trial 210 (0 in rep 21) data={'cue_arrow': '→', 'target_x': 0.5, 'condition': 'valid', 'corr_Ans': 'right', 'thisN': 210, 'thisTrialN': 0, 'thisRepN': 21}>
378.1384 	DATA 	Keypress: left
378.1518 	EXP 	fixation: autoDraw = False
378.1518 	EXP 	cue_text: autoDraw = False
378.1518 	EXP 	target: autoDraw = False
378.1518 	EXP 	cue_text: height = np.float64(0.1)
378.1518 	EXP 	cue_text: height = np.float64(0.1)
378.1518 	EXP 	cue_text: height = np.float64(0.1)
378.1518 	EXP 	cue_text: text = '→'
378.1518 	EXP 	fixation: autoDraw = True
378.2839 	EXP 	Device response: <KeyPress from None: t=378.1326573999977, value=left, duration=0.1374696999992011>
378.6339 	EXP 	fixation: autoDraw = False
378.6339 	EXP 	cue_text: autoDraw = True
378.9352 	EXP 	cue_text: autoDraw = False
379.2343 	INFO 	Keyboard events cleared
379.2341 	EXP 	target: autoDraw = True
379.6845 	EXP 	Device response: <KeyPress from None: t=379.6774444999901, value=right, duration=None>
379.6848 	EXP 	New trial (rep=21, index=1): <Trial 211 (1 in rep 21) data={'cue_arrow': '→', 'target_x': 0.5, 'condition': 'valid', 'corr_Ans': 'right', 'thisN': 211, 'thisTrialN': 1, 'thisRepN': 21}>
379.6860 	DATA 	Keypress: right
379.7013 	EXP 	fixation: autoDraw = False
379.7013 	EXP 	cue_text: autoDraw = False
379.7013 	EXP 	target: autoDraw = False
379.7013 	EXP 	cue_text: text = '→'
379.7013 	EXP 	fixation: autoDraw = True
379.8843 	EXP 	Device response: <KeyPress from None: t=379.6774444999901, value=right, duration=0.19159460000810213>
380.1840 	EXP 	fixation: autoDraw = False
380.1840 	EXP 	cue_text: autoDraw = True
380.4846 	EXP 	cue_text: autoDraw = False
380.7846 	INFO 	Keyboard events cleared
380.7844 	EXP 	target: autoDraw = True
381.2684 	EXP 	Device response: <KeyPress from None: t=381.2658977999963, value=right, duration=None>
381.2689 	EXP 	New trial (rep=21, index=2): <Trial 212 (2 in rep 21) data={'cue_arrow': '←', 'target_x': -0.5, 'condition': 'valid', 'corr_Ans': 'left', 'thisN': 212, 'thisTrialN': 2, 'thisRepN': 21}>
381.2731 	DATA 	Keypress: right
381.2826 	EXP 	fixation: autoDraw = False
381.2826 	EXP 	cue_text: autoDraw = False
381.2826 	EXP 	target: autoDraw = False
381.2826 	EXP 	cue_text: height = np.float64(0.1)
381.2826 	EXP 	cue_text: height = np.float64(0.1)
381.2826 	EXP 	cue_text: height = np.float64(0.1)
381.2826 	EXP 	cue_text: text = '←'
381.2826 	EXP 	fixation: autoDraw = True
381.5180 	EXP 	Device response: <KeyPress from None: t=381.2658977999963, value=right, duration=0.23588269999891054>
381.7682 	EXP 	fixation: autoDraw = False
381.7682 	EXP 	cue_text: autoDraw = True
382.0679 	EXP 	cue_text: autoDraw = False
382.3685 	INFO 	Keyboard events cleared
382.3683 	EXP 	target: autoDraw = True
382.9348 	EXP 	Device response: <KeyPress from None: t=382.9208909000008, value=left, duration=None>
382.9351 	EXP 	New trial (rep=21, index=3): <Trial 213 (3 in rep 21) data={'cue_arrow': '←', 'target_x': -0.5, 'condition': 'valid', 'corr_Ans': 'left', 'thisN': 213, 'thisTrialN': 3, 'thisRepN': 21}>
382.9363 	DATA 	Keypress: left
382.9514 	EXP 	fixation: autoDraw = False
382.9514 	EXP 	cue_text: autoDraw = False
382.9514 	EXP 	target: autoDraw = False
382.9514 	EXP 	cue_text: text = '←'
382.9514 	EXP 	fixation: autoDraw = True
383.1179 	EXP 	Device response: <KeyPress from None: t=382.9208909000008, value=left, duration=0.19172010000329465>
383.4353 	EXP 	fixation: autoDraw = False
383.4353 	EXP 	cue_text: autoDraw = True
383.7346 	EXP 	cue_text: autoDraw = False
384.0350 	INFO 	Keyboard events cleared
384.0348 	EXP 	target: autoDraw = True
384.5847 	EXP 	Device response: <KeyPress from None: t=384.57082579999405, value=left, duration=None>
384.5850 	EXP 	New trial (rep=21, index=4): <Trial 214 (4 in rep 21) data={'cue_arrow': '←', 'target_x': -0.5, 'condition': 'valid', 'corr_Ans': 'left', 'thisN': 214, 'thisTrialN': 4, 'thisRepN': 21}>
384.5862 	DATA 	Keypress: left
384.5998 	EXP 	fixation: autoDraw = False
384.5998 	EXP 	cue_text: autoDraw = False
384.5998 	EXP 	target: autoDraw = False
384.5998 	EXP 	cue_text: text = '←'
384.5998 	EXP 	fixation: autoDraw = True
384.7505 	EXP 	Device response: <KeyPress from None: t=384.57082579999405, value=left, duration=0.1633979000034742>
385.0851 	EXP 	fixation: autoDraw = False
385.0851 	EXP 	cue_text: autoDraw = True
385.3839 	EXP 	cue_text: autoDraw = False
385.6848 	INFO 	Keyboard events cleared
385.6845 	EXP 	target: autoDraw = True
386.1340 	EXP 	Device response: <KeyPress from None: t=386.11961110000266, value=left, duration=None>
386.1343 	EXP 	New trial (rep=21, index=5): <Trial 215 (5 in rep 21) data={'cue_arrow': '←', 'target_x': -0.5, 'condition': 'valid', 'corr_Ans': 'left', 'thisN': 215, 'thisTrialN': 5, 'thisRepN': 21}>
386.1355 	DATA 	Keypress: left
386.1514 	EXP 	fixation: autoDraw = False
386.1514 	EXP 	cue_text: autoDraw = False
386.1514 	EXP 	target: autoDraw = False
386.1514 	EXP 	cue_text: text = '←'
386.1514 	EXP 	fixation: autoDraw = True
386.2347 	EXP 	Device response: <KeyPress from None: t=386.11961110000266, value=left, duration=0.1114192999957595>
386.6348 	EXP 	fixation: autoDraw = False
386.6348 	EXP 	cue_text: autoDraw = True
386.9342 	EXP 	cue_text: autoDraw = False
387.2357 	INFO 	Keyboard events cleared
387.2355 	EXP 	target: autoDraw = True
387.6510 	EXP 	Device response: <KeyPress from None: t=387.64944929999183, value=left, duration=None>
387.6513 	EXP 	New trial (rep=21, index=6): <Trial 216 (6 in rep 21) data={'cue_arrow': '←', 'target_x': 0.5, 'condition': 'invalid', 'corr_Ans': 'right', 'thisN': 216, 'thisTrialN': 6, 'thisRepN': 21}>
387.6524 	DATA 	Keypress: left
387.6666 	EXP 	fixation: autoDraw = False
387.6666 	EXP 	cue_text: autoDraw = False
387.6666 	EXP 	target: autoDraw = False
387.6666 	EXP 	cue_text: text = '←'
387.6666 	EXP 	fixation: autoDraw = True
387.8360 	EXP 	Device response: <KeyPress from None: t=387.64944929999183, value=left, duration=0.16940810000232887>
388.1517 	EXP 	fixation: autoDraw = False
388.1517 	EXP 	cue_text: autoDraw = True
388.4515 	EXP 	cue_text: autoDraw = False
388.7521 	INFO 	Keyboard events cleared
388.7519 	EXP 	target: autoDraw = True
389.6344 	EXP 	Device response: <KeyPress from None: t=389.6244033999974, value=right, duration=None>
389.6348 	EXP 	New trial (rep=21, index=7): <Trial 217 (7 in rep 21) data={'cue_arrow': '→', 'target_x': -0.5, 'condition': 'invalid', 'corr_Ans': 'left', 'thisN': 217, 'thisTrialN': 7, 'thisRepN': 21}>
389.6383 	DATA 	Keypress: right
389.6503 	EXP 	fixation: autoDraw = False
389.6503 	EXP 	cue_text: autoDraw = False
389.6503 	EXP 	target: autoDraw = False
389.6503 	EXP 	cue_text: height = np.float64(0.1)
389.6503 	EXP 	cue_text: height = np.float64(0.1)
389.6503 	EXP 	cue_text: height = np.float64(0.1)
389.6503 	EXP 	cue_text: text = '→'
389.6503 	EXP 	fixation: autoDraw = True
389.8019 	EXP 	Device response: <KeyPress from None: t=389.6244033999974, value=right, duration=0.17637899999681395>
390.1351 	EXP 	fixation: autoDraw = False
390.1351 	EXP 	cue_text: autoDraw = True
390.4348 	EXP 	cue_text: autoDraw = False
390.7350 	INFO 	Keyboard events cleared
390.7349 	EXP 	target: autoDraw = True
392.0185 	EXP 	Device response: <KeyPress from None: t=392.0151366999926, value=left, duration=None>
392.0189 	EXP 	New trial (rep=21, index=8): <Trial 218 (8 in rep 21) data={'cue_arrow': '→', 'target_x': 0.5, 'condition': 'valid', 'corr_Ans': 'right', 'thisN': 218, 'thisTrialN': 8, 'thisRepN': 21}>
392.0202 	DATA 	Keypress: left
392.0342 	EXP 	fixation: autoDraw = False
392.0342 	EXP 	cue_text: autoDraw = False
392.0342 	EXP 	target: autoDraw = False
392.0342 	EXP 	cue_text: text = '→'
392.0342 	EXP 	fixation: autoDraw = True
392.1514 	EXP 	Device response: <KeyPress from None: t=392.0151366999926, value=left, duration=0.12149800000770483>
392.5169 	EXP 	fixation: autoDraw = False
392.5169 	EXP 	cue_text: autoDraw = True
392.8179 	EXP 	cue_text: autoDraw = False
393.1181 	INFO 	Keyboard events cleared
393.1179 	EXP 	target: autoDraw = True
394.6358 	EXP 	Device response: <KeyPress from None: t=394.63462569999683, value=right, duration=None>
394.6363 	EXP 	New trial (rep=21, index=9): <Trial 219 (9 in rep 21) data={'cue_arrow': '→', 'target_x': 0.5, 'condition': 'valid', 'corr_Ans': 'right', 'thisN': 219, 'thisTrialN': 9, 'thisRepN': 21}>
394.6376 	DATA 	Keypress: right
394.6509 	EXP 	fixation: autoDraw = False
394.6509 	EXP 	cue_text: autoDraw = False
394.6509 	EXP 	target: autoDraw = False
394.6509 	EXP 	cue_text: text = '→'
394.6509 	EXP 	fixation: autoDraw = True
394.7850 	EXP 	Device response: <KeyPress from None: t=394.63462569999683, value=right, duration=0.14757519999693613>
395.1518 	EXP 	fixation: autoDraw = False
395.1518 	EXP 	cue_text: autoDraw = True
395.4524 	EXP 	cue_text: autoDraw = False
395.7518 	INFO 	Keyboard events cleared
395.7515 	EXP 	target: autoDraw = True
396.1187 	EXP 	Device response: <KeyPress from None: t=396.1098149000027, value=right, duration=None>
396.1192 	EXP 	New trial (rep=22, index=0): <Trial 220 (0 in rep 22) data={'cue_arrow': '←', 'target_x': -0.5, 'condition': 'valid', 'corr_Ans': 'left', 'thisN': 220, 'thisTrialN': 0, 'thisRepN': 22}>
396.1226 	DATA 	Keypress: right
396.1338 	EXP 	fixation: autoDraw = False
396.1338 	EXP 	cue_text: autoDraw = False
396.1338 	EXP 	target: autoDraw = False
396.1338 	EXP 	cue_text: height = np.float64(0.1)
396.1338 	EXP 	cue_text: height = np.float64(0.1)
396.1338 	EXP 	cue_text: height = np.float64(0.1)
396.1338 	EXP 	cue_text: text = '←'
396.1338 	EXP 	fixation: autoDraw = True
396.2339 	EXP 	Device response: <KeyPress from None: t=396.1098149000027, value=right, duration=0.11110189999453723>
396.6189 	EXP 	fixation: autoDraw = False
396.6189 	EXP 	cue_text: autoDraw = True
396.9187 	EXP 	cue_text: autoDraw = False
397.2192 	INFO 	Keyboard events cleared
397.2190 	EXP 	target: autoDraw = True
397.6023 	EXP 	Device response: <KeyPress from None: t=397.5881909000018, value=left, duration=None>
397.6026 	EXP 	New trial (rep=22, index=1): <Trial 221 (1 in rep 22) data={'cue_arrow': '→', 'target_x': 0.5, 'condition': 'valid', 'corr_Ans': 'right', 'thisN': 221, 'thisTrialN': 1, 'thisRepN': 22}>
397.6059 	DATA 	Keypress: left
397.6169 	EXP 	fixation: autoDraw = False
397.6169 	EXP 	cue_text: autoDraw = False
397.6169 	EXP 	target: autoDraw = False
397.6169 	EXP 	cue_text: height = np.float64(0.1)
397.6169 	EXP 	cue_text: height = np.float64(0.1)
397.6169 	EXP 	cue_text: height = np.float64(0.1)
397.6169 	EXP 	cue_text: text = '→'
397.6169 	EXP 	fixation: autoDraw = True
397.7843 	EXP 	Device response: <KeyPress from None: t=397.5881909000018, value=left, duration=0.19322069999179803>
398.1187 	EXP 	fixation: autoDraw = False
398.1187 	EXP 	cue_text: autoDraw = True
398.4168 	EXP 	cue_text: autoDraw = False
398.7018 	INFO 	Keyboard events cleared
398.7016 	EXP 	target: autoDraw = True
399.0183 	EXP 	Device response: <KeyPress from None: t=399.00748629999, value=right, duration=None>
399.0186 	EXP 	New trial (rep=22, index=2): <Trial 222 (2 in rep 22) data={'cue_arrow': '→', 'target_x': 0.5, 'condition': 'valid', 'corr_Ans': 'right', 'thisN': 222, 'thisTrialN': 2, 'thisRepN': 22}>
399.0198 	DATA 	Keypress: right
399.0349 	EXP 	fixation: autoDraw = False
399.0349 	EXP 	cue_text: autoDraw = False
399.0349 	EXP 	target: autoDraw = False
399.0349 	EXP 	cue_text: text = '→'
399.0349 	EXP 	fixation: autoDraw = True
399.2015 	EXP 	Device response: <KeyPress from None: t=399.00748629999, value=right, duration=0.1795441000140272>
399.5168 	EXP 	fixation: autoDraw = False
399.5168 	EXP 	cue_text: autoDraw = True
399.8188 	EXP 	cue_text: autoDraw = False
400.1204 	INFO 	Keyboard events cleared
400.1202 	EXP 	target: autoDraw = True
400.5683 	EXP 	Device response: <KeyPress from None: t=400.5557689999987, value=right, duration=None>
400.5687 	EXP 	New trial (rep=22, index=3): <Trial 223 (3 in rep 22) data={'cue_arrow': '→', 'target_x': 0.5, 'condition': 'valid', 'corr_Ans': 'right', 'thisN': 223, 'thisTrialN': 3, 'thisRepN': 22}>
400.5700 	DATA 	Keypress: right
400.5843 	EXP 	fixation: autoDraw = False
400.5843 	EXP 	cue_text: autoDraw = False
400.5843 	EXP 	target: autoDraw = False
400.5843 	EXP 	cue_text: text = '→'
400.5843 	EXP 	fixation: autoDraw = True
400.7509 	EXP 	Device response: <KeyPress from None: t=400.5557689999987, value=right, duration=0.18027749999600928>
401.0856 	EXP 	fixation: autoDraw = False
401.0856 	EXP 	cue_text: autoDraw = True
401.3687 	EXP 	cue_text: autoDraw = False
401.6852 	INFO 	Keyboard events cleared
401.6850 	EXP 	target: autoDraw = True
402.0851 	EXP 	Device response: <KeyPress from None: t=402.07522260000405, value=right, duration=None>
402.0854 	EXP 	New trial (rep=22, index=4): <Trial 224 (4 in rep 22) data={'cue_arrow': '→', 'target_x': -0.5, 'condition': 'invalid', 'corr_Ans': 'left', 'thisN': 224, 'thisTrialN': 4, 'thisRepN': 22}>
402.0867 	DATA 	Keypress: right
402.1004 	EXP 	fixation: autoDraw = False
402.1004 	EXP 	cue_text: autoDraw = False
402.1004 	EXP 	target: autoDraw = False
402.1004 	EXP 	cue_text: text = '→'
402.1004 	EXP 	fixation: autoDraw = True
402.2690 	EXP 	Device response: <KeyPress from None: t=402.07522260000405, value=right, duration=0.18837669999629725>
402.5850 	EXP 	fixation: autoDraw = False
402.5850 	EXP 	cue_text: autoDraw = True
402.8851 	EXP 	cue_text: autoDraw = False
403.1852 	INFO 	Keyboard events cleared
403.1850 	EXP 	target: autoDraw = True
404.6520 	EXP 	Device response: <KeyPress from None: t=404.6382655999914, value=left, duration=None>
404.6523 	EXP 	New trial (rep=22, index=5): <Trial 225 (5 in rep 22) data={'cue_arrow': '←', 'target_x': -0.5, 'condition': 'valid', 'corr_Ans': 'left', 'thisN': 225, 'thisTrialN': 5, 'thisRepN': 22}>
404.6552 	DATA 	Keypress: left
404.6680 	EXP 	fixation: autoDraw = False
404.6680 	EXP 	cue_text: autoDraw = False
404.6680 	EXP 	target: autoDraw = False
404.6680 	EXP 	cue_text: height = np.float64(0.1)
404.6680 	EXP 	cue_text: height = np.float64(0.1)
404.6680 	EXP 	cue_text: height = np.float64(0.1)
404.6680 	EXP 	cue_text: text = '←'
404.6680 	EXP 	fixation: autoDraw = True
404.8193 	EXP 	Device response: <KeyPress from None: t=404.6382655999914, value=left, duration=0.17599889999837615>
405.1520 	EXP 	fixation: autoDraw = False
405.1520 	EXP 	cue_text: autoDraw = True
405.4506 	EXP 	cue_text: autoDraw = False
405.7523 	INFO 	Keyboard events cleared
405.7520 	EXP 	target: autoDraw = True
406.1685 	EXP 	Device response: <KeyPress from None: t=406.15894709998975, value=left, duration=None>
406.1688 	EXP 	New trial (rep=22, index=6): <Trial 226 (6 in rep 22) data={'cue_arrow': '→', 'target_x': 0.5, 'condition': 'valid', 'corr_Ans': 'right', 'thisN': 226, 'thisTrialN': 6, 'thisRepN': 22}>
406.1717 	DATA 	Keypress: left
406.1846 	EXP 	fixation: autoDraw = False
406.1846 	EXP 	cue_text: autoDraw = False
406.1846 	EXP 	target: autoDraw = False
406.1846 	EXP 	cue_text: height = np.float64(0.1)
406.1846 	EXP 	cue_text: height = np.float64(0.1)
406.1846 	EXP 	cue_text: height = np.float64(0.1)
406.1846 	EXP 	cue_text: text = '→'
406.1846 	EXP 	fixation: autoDraw = True
406.3345 	EXP 	Device response: <KeyPress from None: t=406.15894709998975, value=left, duration=0.16700990000390448>
406.6689 	EXP 	fixation: autoDraw = False
406.6689 	EXP 	cue_text: autoDraw = True
406.9683 	EXP 	cue_text: autoDraw = False
407.2688 	INFO 	Keyboard events cleared
407.2687 	EXP 	target: autoDraw = True
407.8192 	EXP 	Device response: <KeyPress from None: t=407.80591650000133, value=right, duration=None>
407.8196 	EXP 	New trial (rep=22, index=7): <Trial 227 (7 in rep 22) data={'cue_arrow': '←', 'target_x': -0.5, 'condition': 'valid', 'corr_Ans': 'left', 'thisN': 227, 'thisTrialN': 7, 'thisRepN': 22}>
407.8232 	DATA 	Keypress: right
407.8336 	EXP 	fixation: autoDraw = False
407.8336 	EXP 	cue_text: autoDraw = False
407.8336 	EXP 	target: autoDraw = False
407.8336 	EXP 	cue_text: height = np.float64(0.1)
407.8336 	EXP 	cue_text: height = np.float64(0.1)
407.8336 	EXP 	cue_text: height = np.float64(0.1)
407.8336 	EXP 	cue_text: text = '←'
407.8336 	EXP 	fixation: autoDraw = True
408.0023 	EXP 	Device response: <KeyPress from None: t=407.80591650000133, value=right, duration=0.18818489999102894>
408.3181 	EXP 	fixation: autoDraw = False
408.3181 	EXP 	cue_text: autoDraw = True
408.6189 	EXP 	cue_text: autoDraw = False
408.9194 	INFO 	Keyboard events cleared
408.9192 	EXP 	target: autoDraw = True
409.9019 	EXP 	Device response: <KeyPress from None: t=409.8932829999976, value=right, duration=None>
409.9022 	EXP 	New trial (rep=22, index=8): <Trial 228 (8 in rep 22) data={'cue_arrow': '←', 'target_x': -0.5, 'condition': 'valid', 'corr_Ans': 'left', 'thisN': 228, 'thisTrialN': 8, 'thisRepN': 22}>
409.9034 	DATA 	Keypress: right
409.9185 	EXP 	fixation: autoDraw = False
409.9185 	EXP 	cue_text: autoDraw = False
409.9185 	EXP 	target: autoDraw = False
409.9185 	EXP 	cue_text: text = '←'
409.9185 	EXP 	fixation: autoDraw = True
410.0684 	EXP 	Device response: <KeyPress from None: t=409.8932829999976, value=right, duration=0.1688679999933811>
410.4018 	EXP 	fixation: autoDraw = False
410.4018 	EXP 	cue_text: autoDraw = True
410.7012 	EXP 	cue_text: autoDraw = False
411.0022 	INFO 	Keyboard events cleared
411.0020 	EXP 	target: autoDraw = True
412.6187 	EXP 	Device response: <KeyPress from None: t=412.6085172000021, value=left, duration=None>
412.6190 	EXP 	New trial (rep=22, index=9): <Trial 229 (9 in rep 22) data={'cue_arrow': '←', 'target_x': 0.5, 'condition': 'invalid', 'corr_Ans': 'right', 'thisN': 229, 'thisTrialN': 9, 'thisRepN': 22}>
412.6203 	DATA 	Keypress: left
412.6351 	EXP 	fixation: autoDraw = False
412.6351 	EXP 	cue_text: autoDraw = False
412.6351 	EXP 	target: autoDraw = False
412.6351 	EXP 	cue_text: text = '←'
412.6351 	EXP 	fixation: autoDraw = True
412.7022 	EXP 	Device response: <KeyPress from None: t=412.6085172000021, value=left, duration=0.09085739999136422>
413.1179 	EXP 	fixation: autoDraw = False
413.1179 	EXP 	cue_text: autoDraw = True
413.4189 	EXP 	cue_text: autoDraw = False
413.7182 	INFO 	Keyboard events cleared
413.7180 	EXP 	target: autoDraw = True
414.9519 	EXP 	Device response: <KeyPress from None: t=414.94467219999933, value=right, duration=None>
414.9523 	EXP 	New trial (rep=23, index=0): <Trial 230 (0 in rep 23) data={'cue_arrow': '←', 'target_x': -0.5, 'condition': 'valid', 'corr_Ans': 'left', 'thisN': 230, 'thisTrialN': 0, 'thisRepN': 23}>
414.9534 	DATA 	Keypress: right
414.9672 	EXP 	fixation: autoDraw = False
414.9672 	EXP 	cue_text: autoDraw = False
414.9672 	EXP 	target: autoDraw = False
414.9672 	EXP 	cue_text: text = '←'
414.9672 	EXP 	fixation: autoDraw = True
415.1347 	EXP 	Device response: <KeyPress from None: t=414.94467219999933, value=right, duration=0.18518249999033287>
415.4520 	EXP 	fixation: autoDraw = False
415.4520 	EXP 	cue_text: autoDraw = True
415.7520 	EXP 	cue_text: autoDraw = False
416.0530 	INFO 	Keyboard events cleared
416.0528 	EXP 	target: autoDraw = True
416.8685 	EXP 	Device response: <KeyPress from None: t=416.86322199999995, value=left, duration=None>
416.8688 	EXP 	New trial (rep=23, index=1): <Trial 231 (1 in rep 23) data={'cue_arrow': '→', 'target_x': 0.5, 'condition': 'valid', 'corr_Ans': 'right', 'thisN': 231, 'thisTrialN': 1, 'thisRepN': 23}>
416.8719 	DATA 	Keypress: left
416.8853 	EXP 	fixation: autoDraw = False
416.8853 	EXP 	cue_text: autoDraw = False
416.8853 	EXP 	target: autoDraw = False
416.8853 	EXP 	cue_text: height = np.float64(0.1)
416.8853 	EXP 	cue_text: height = np.float64(0.1)
416.8853 	EXP 	cue_text: height = np.float64(0.1)
416.8853 	EXP 	cue_text: text = '→'
416.8853 	EXP 	fixation: autoDraw = True
417.0855 	EXP 	Device response: <KeyPress from None: t=416.86322199999995, value=left, duration=0.20686219999333844>
417.3690 	EXP 	fixation: autoDraw = False
417.3690 	EXP 	cue_text: autoDraw = True
417.6687 	EXP 	cue_text: autoDraw = False
417.9683 	INFO 	Keyboard events cleared
417.9681 	EXP 	target: autoDraw = True
418.3680 	EXP 	Device response: <KeyPress from None: t=418.3651305999956, value=right, duration=None>
418.3683 	EXP 	New trial (rep=23, index=2): <Trial 232 (2 in rep 23) data={'cue_arrow': '←', 'target_x': -0.5, 'condition': 'valid', 'corr_Ans': 'left', 'thisN': 232, 'thisTrialN': 2, 'thisRepN': 23}>
418.3717 	DATA 	Keypress: right
418.3850 	EXP 	fixation: autoDraw = False
418.3850 	EXP 	cue_text: autoDraw = False
418.3850 	EXP 	target: autoDraw = False
418.3850 	EXP 	cue_text: height = np.float64(0.1)
418.3850 	EXP 	cue_text: height = np.float64(0.1)
418.3850 	EXP 	cue_text: height = np.float64(0.1)
418.3850 	EXP 	cue_text: text = '←'
418.3850 	EXP 	fixation: autoDraw = True
418.5354 	EXP 	Device response: <KeyPress from None: t=418.3651305999956, value=right, duration=0.16052780000609346>
418.8674 	EXP 	fixation: autoDraw = False
418.8674 	EXP 	cue_text: autoDraw = True
419.1691 	EXP 	cue_text: autoDraw = False
419.4691 	INFO 	Keyboard events cleared
419.4689 	EXP 	target: autoDraw = True
420.3527 	EXP 	Device response: <KeyPress from None: t=420.34432319999905, value=left, duration=None>
420.3532 	EXP 	New trial (rep=23, index=3): <Trial 233 (3 in rep 23) data={'cue_arrow': '→', 'target_x': 0.5, 'condition': 'valid', 'corr_Ans': 'right', 'thisN': 233, 'thisTrialN': 3, 'thisRepN': 23}>
420.3565 	DATA 	Keypress: left
420.3671 	EXP 	fixation: autoDraw = False
420.3671 	EXP 	cue_text: autoDraw = False
420.3671 	EXP 	target: autoDraw = False
420.3671 	EXP 	cue_text: height = np.float64(0.1)
420.3671 	EXP 	cue_text: height = np.float64(0.1)
420.3671 	EXP 	cue_text: height = np.float64(0.1)
420.3671 	EXP 	cue_text: text = '→'
420.3671 	EXP 	fixation: autoDraw = True
420.5020 	EXP 	Device response: <KeyPress from None: t=420.34432319999905, value=left, duration=0.14995530000305735>
420.8526 	EXP 	fixation: autoDraw = False
420.8526 	EXP 	cue_text: autoDraw = True
421.1690 	EXP 	cue_text: autoDraw = False
421.4525 	INFO 	Keyboard events cleared
421.4523 	EXP 	target: autoDraw = True
421.9346 	EXP 	Device response: <KeyPress from None: t=421.9258984999906, value=right, duration=None>
421.9350 	EXP 	New trial (rep=23, index=4): <Trial 234 (4 in rep 23) data={'cue_arrow': '→', 'target_x': 0.5, 'condition': 'valid', 'corr_Ans': 'right', 'thisN': 234, 'thisTrialN': 4, 'thisRepN': 23}>
421.9361 	DATA 	Keypress: right
421.9521 	EXP 	fixation: autoDraw = False
421.9521 	EXP 	cue_text: autoDraw = False
421.9521 	EXP 	target: autoDraw = False
421.9521 	EXP 	cue_text: text = '→'
421.9521 	EXP 	fixation: autoDraw = True
422.0684 	EXP 	Device response: <KeyPress from None: t=421.9258984999906, value=right, duration=0.13606390000495594>
422.4361 	EXP 	fixation: autoDraw = False
422.4361 	EXP 	cue_text: autoDraw = True
422.7349 	EXP 	cue_text: autoDraw = False
423.0343 	INFO 	Keyboard events cleared
423.0341 	EXP 	target: autoDraw = True
423.6679 	EXP 	Device response: <KeyPress from None: t=423.6607864999969, value=right, duration=None>
423.6683 	EXP 	New trial (rep=23, index=5): <Trial 235 (5 in rep 23) data={'cue_arrow': '←', 'target_x': -0.5, 'condition': 'valid', 'corr_Ans': 'left', 'thisN': 235, 'thisTrialN': 5, 'thisRepN': 23}>
423.6716 	DATA 	Keypress: right
423.6840 	EXP 	fixation: autoDraw = False
423.6840 	EXP 	cue_text: autoDraw = False
423.6840 	EXP 	target: autoDraw = False
423.6840 	EXP 	cue_text: height = np.float64(0.1)
423.6840 	EXP 	cue_text: height = np.float64(0.1)
423.6840 	EXP 	cue_text: height = np.float64(0.1)
423.6840 	EXP 	cue_text: text = '←'
423.6840 	EXP 	fixation: autoDraw = True
423.8025 	EXP 	Device response: <KeyPress from None: t=423.6607864999969, value=right, duration=0.12999909999780357>
424.1692 	EXP 	fixation: autoDraw = False
424.1692 	EXP 	cue_text: autoDraw = True
424.4691 	EXP 	cue_text: autoDraw = False
424.7675 	INFO 	Keyboard events cleared
424.7673 	EXP 	target: autoDraw = True
425.3030 	DATA 	Keypress: left
425.3180 	EXP 	Device response: <KeyPress from None: t=425.3017353000032, value=left, duration=None>
425.3183 	EXP 	New trial (rep=23, index=6): <Trial 236 (6 in rep 23) data={'cue_arrow': '→', 'target_x': 0.5, 'condition': 'valid', 'corr_Ans': 'right', 'thisN': 236, 'thisTrialN': 6, 'thisRepN': 23}>
425.3354 	EXP 	fixation: autoDraw = False
425.3354 	EXP 	cue_text: autoDraw = False
425.3354 	EXP 	target: autoDraw = False
425.3354 	EXP 	cue_text: height = np.float64(0.1)
425.3354 	EXP 	cue_text: height = np.float64(0.1)
425.3354 	EXP 	cue_text: height = np.float64(0.1)
425.3354 	EXP 	cue_text: text = '→'
425.3354 	EXP 	fixation: autoDraw = True
425.5372 	EXP 	Device response: <KeyPress from None: t=425.3017353000032, value=left, duration=0.219420599998557>
425.8189 	EXP 	fixation: autoDraw = False
425.8189 	EXP 	cue_text: autoDraw = True
426.1192 	EXP 	cue_text: autoDraw = False
426.4194 	INFO 	Keyboard events cleared
426.4192 	EXP 	target: autoDraw = True
427.0860 	EXP 	Device response: <KeyPress from None: t=427.07779239999945, value=right, duration=None>
427.0864 	EXP 	New trial (rep=23, index=7): <Trial 237 (7 in rep 23) data={'cue_arrow': '→', 'target_x': -0.5, 'condition': 'invalid', 'corr_Ans': 'left', 'thisN': 237, 'thisTrialN': 7, 'thisRepN': 23}>
427.0877 	DATA 	Keypress: right
427.1014 	EXP 	fixation: autoDraw = False
427.1014 	EXP 	cue_text: autoDraw = False
427.1014 	EXP 	target: autoDraw = False
427.1014 	EXP 	cue_text: text = '→'
427.1014 	EXP 	fixation: autoDraw = True
427.2030 	EXP 	Device response: <KeyPress from None: t=427.07779239999945, value=right, duration=0.11715569999068975>
427.6025 	EXP 	fixation: autoDraw = False
427.6025 	EXP 	cue_text: autoDraw = True
427.8861 	EXP 	cue_text: autoDraw = False
428.1859 	INFO 	Keyboard events cleared
428.1857 	EXP 	target: autoDraw = True
429.4845 	EXP 	Device response: <KeyPress from None: t=429.47929970000405, value=left, duration=None>
429.4849 	EXP 	New trial (rep=23, index=8): <Trial 238 (8 in rep 23) data={'cue_arrow': '←', 'target_x': 0.5, 'condition': 'invalid', 'corr_Ans': 'right', 'thisN': 238, 'thisTrialN': 8, 'thisRepN': 23}>
429.4878 	DATA 	Keypress: left
429.5015 	EXP 	fixation: autoDraw = False
429.5015 	EXP 	cue_text: autoDraw = False
429.5015 	EXP 	target: autoDraw = False
429.5015 	EXP 	cue_text: height = np.float64(0.1)
429.5015 	EXP 	cue_text: height = np.float64(0.1)
429.5015 	EXP 	cue_text: height = np.float64(0.1)
429.5015 	EXP 	cue_text: text = '←'
429.5015 	EXP 	fixation: autoDraw = True
429.6526 	EXP 	Device response: <KeyPress from None: t=429.47929970000405, value=left, duration=0.15818749999743886>
429.9860 	EXP 	fixation: autoDraw = False
429.9860 	EXP 	cue_text: autoDraw = True
430.2863 	EXP 	cue_text: autoDraw = False
430.5860 	INFO 	Keyboard events cleared
430.5858 	EXP 	target: autoDraw = True
431.4348 	EXP 	Device response: <KeyPress from None: t=431.4308466999937, value=right, duration=None>
431.4352 	EXP 	New trial (rep=23, index=9): <Trial 239 (9 in rep 23) data={'cue_arrow': '←', 'target_x': -0.5, 'condition': 'valid', 'corr_Ans': 'left', 'thisN': 239, 'thisTrialN': 9, 'thisRepN': 23}>
431.4363 	DATA 	Keypress: right
431.4515 	EXP 	fixation: autoDraw = False
431.4515 	EXP 	cue_text: autoDraw = False
431.4515 	EXP 	target: autoDraw = False
431.4515 	EXP 	cue_text: text = '←'
431.4515 	EXP 	fixation: autoDraw = True
431.5685 	EXP 	Device response: <KeyPress from None: t=431.4308466999937, value=right, duration=0.13695590000133961>
431.9416 	EXP 	fixation: autoDraw = False
431.9416 	EXP 	cue_text: autoDraw = True
432.2345 	EXP 	cue_text: autoDraw = False
432.5345 	INFO 	Keyboard events cleared
432.5343 	EXP 	target: autoDraw = True
433.2684 	EXP 	Device response: <KeyPress from None: t=433.2575818999903, value=left, duration=None>
433.2687 	EXP 	New trial (rep=24, index=0): <Trial 240 (0 in rep 24) data={'cue_arrow': '→', 'target_x': -0.5, 'condition': 'invalid', 'corr_Ans': 'left', 'thisN': 240, 'thisTrialN': 0, 'thisRepN': 24}>
433.2724 	DATA 	Keypress: left
433.2859 	EXP 	fixation: autoDraw = False
433.2859 	EXP 	cue_text: autoDraw = False
433.2859 	EXP 	target: autoDraw = False
433.2859 	EXP 	cue_text: height = np.float64(0.1)
433.2859 	EXP 	cue_text: height = np.float64(0.1)
433.2859 	EXP 	cue_text: height = np.float64(0.1)
433.2859 	EXP 	cue_text: text = '→'
433.2859 	EXP 	fixation: autoDraw = True
433.3854 	EXP 	Device response: <KeyPress from None: t=433.2575818999903, value=left, duration=0.11734740000974853>
433.7682 	EXP 	fixation: autoDraw = False
433.7682 	EXP 	cue_text: autoDraw = True
434.0697 	EXP 	cue_text: autoDraw = False
434.3696 	INFO 	Keyboard events cleared
434.3693 	EXP 	target: autoDraw = True
435.5898 	DATA 	Keypress: left
435.6026 	EXP 	Device response: <KeyPress from None: t=435.5891630999977, value=left, duration=None>
435.6029 	EXP 	New trial (rep=24, index=1): <Trial 241 (1 in rep 24) data={'cue_arrow': '→', 'target_x': 0.5, 'condition': 'valid', 'corr_Ans': 'right', 'thisN': 241, 'thisTrialN': 1, 'thisRepN': 24}>
435.6186 	EXP 	fixation: autoDraw = False
435.6186 	EXP 	cue_text: autoDraw = False
435.6186 	EXP 	target: autoDraw = False
435.6186 	EXP 	cue_text: text = '→'
435.6186 	EXP 	fixation: autoDraw = True
435.7022 	EXP 	Device response: <KeyPress from None: t=435.5891630999977, value=left, duration=0.099946500005899>
436.1194 	EXP 	fixation: autoDraw = False
436.1194 	EXP 	cue_text: autoDraw = True
436.4192 	EXP 	cue_text: autoDraw = False
436.7026 	INFO 	Keyboard events cleared
436.7024 	EXP 	target: autoDraw = True
437.8013 	EXP 	Device response: <KeyPress from None: t=437.78768929999205, value=right, duration=None>
437.8017 	EXP 	New trial (rep=24, index=2): <Trial 242 (2 in rep 24) data={'cue_arrow': '←', 'target_x': -0.5, 'condition': 'valid', 'corr_Ans': 'left', 'thisN': 242, 'thisTrialN': 2, 'thisRepN': 24}>
437.8050 	DATA 	Keypress: right
437.8180 	EXP 	fixation: autoDraw = False
437.8180 	EXP 	cue_text: autoDraw = False
437.8180 	EXP 	target: autoDraw = False
437.8180 	EXP 	cue_text: height = np.float64(0.1)
437.8180 	EXP 	cue_text: height = np.float64(0.1)
437.8180 	EXP 	cue_text: height = np.float64(0.1)
437.8180 	EXP 	cue_text: text = '←'
437.8180 	EXP 	fixation: autoDraw = True
437.9353 	EXP 	Device response: <KeyPress from None: t=437.78768929999205, value=right, duration=0.1419484000070952>
438.3023 	EXP 	fixation: autoDraw = False
438.3023 	EXP 	cue_text: autoDraw = True
438.6010 	EXP 	cue_text: autoDraw = False
438.9028 	INFO 	Keyboard events cleared
438.9026 	EXP 	target: autoDraw = True
439.7208 	DATA 	Keypress: left
439.7346 	EXP 	Device response: <KeyPress from None: t=439.7196044000011, value=left, duration=None>
439.7349 	EXP 	New trial (rep=24, index=3): <Trial 243 (3 in rep 24) data={'cue_arrow': '→', 'target_x': 0.5, 'condition': 'valid', 'corr_Ans': 'right', 'thisN': 243, 'thisTrialN': 3, 'thisRepN': 24}>
439.7509 	EXP 	fixation: autoDraw = False
439.7509 	EXP 	cue_text: autoDraw = False
439.7509 	EXP 	target: autoDraw = False
439.7509 	EXP 	cue_text: height = np.float64(0.1)
439.7509 	EXP 	cue_text: height = np.float64(0.1)
439.7509 	EXP 	cue_text: height = np.float64(0.1)
439.7509 	EXP 	cue_text: text = '→'
439.7509 	EXP 	fixation: autoDraw = True
439.9016 	EXP 	Device response: <KeyPress from None: t=439.7196044000011, value=left, duration=0.17393079999601468>
440.2343 	EXP 	fixation: autoDraw = False
440.2343 	EXP 	cue_text: autoDraw = True
440.5362 	EXP 	cue_text: autoDraw = False
440.8363 	INFO 	Keyboard events cleared
440.8360 	EXP 	target: autoDraw = True
441.1356 	EXP 	Device response: <KeyPress from None: t=441.1326973999967, value=right, duration=None>
441.1359 	EXP 	New trial (rep=24, index=4): <Trial 244 (4 in rep 24) data={'cue_arrow': '←', 'target_x': 0.5, 'condition': 'invalid', 'corr_Ans': 'right', 'thisN': 244, 'thisTrialN': 4, 'thisRepN': 24}>
441.1388 	DATA 	Keypress: right
441.1508 	EXP 	fixation: autoDraw = False
441.1508 	EXP 	cue_text: autoDraw = False
441.1508 	EXP 	target: autoDraw = False
441.1508 	EXP 	cue_text: height = np.float64(0.1)
441.1508 	EXP 	cue_text: height = np.float64(0.1)
441.1508 	EXP 	cue_text: height = np.float64(0.1)
441.1508 	EXP 	cue_text: text = '←'
441.1508 	EXP 	fixation: autoDraw = True
441.3187 	EXP 	Device response: <KeyPress from None: t=441.1326973999967, value=right, duration=0.18043239999678917>
441.6360 	EXP 	fixation: autoDraw = False
441.6360 	EXP 	cue_text: autoDraw = True
441.9355 	EXP 	cue_text: autoDraw = False
442.2367 	INFO 	Keyboard events cleared
442.2365 	EXP 	target: autoDraw = True
443.5857 	EXP 	Device response: <KeyPress from None: t=443.57904129999224, value=right, duration=None>
443.5860 	EXP 	New trial (rep=24, index=5): <Trial 245 (5 in rep 24) data={'cue_arrow': '←', 'target_x': -0.5, 'condition': 'valid', 'corr_Ans': 'left', 'thisN': 245, 'thisTrialN': 5, 'thisRepN': 24}>
443.5872 	DATA 	Keypress: right
443.6010 	EXP 	fixation: autoDraw = False
443.6010 	EXP 	cue_text: autoDraw = False
443.6010 	EXP 	target: autoDraw = False
443.6010 	EXP 	cue_text: text = '←'
443.6010 	EXP 	fixation: autoDraw = True
443.7188 	EXP 	Device response: <KeyPress from None: t=443.57904129999224, value=right, duration=0.13172530000156257>
444.0855 	EXP 	fixation: autoDraw = False
444.0855 	EXP 	cue_text: autoDraw = True
444.3854 	EXP 	cue_text: autoDraw = False
444.6862 	INFO 	Keyboard events cleared
444.6860 	EXP 	target: autoDraw = True
445.1520 	EXP 	Device response: <KeyPress from None: t=445.14977669999644, value=left, duration=None>
445.1523 	EXP 	New trial (rep=24, index=6): <Trial 246 (6 in rep 24) data={'cue_arrow': '←', 'target_x': -0.5, 'condition': 'valid', 'corr_Ans': 'left', 'thisN': 246, 'thisTrialN': 6, 'thisRepN': 24}>
445.1534 	DATA 	Keypress: left
445.1676 	EXP 	fixation: autoDraw = False
445.1676 	EXP 	cue_text: autoDraw = False
445.1676 	EXP 	target: autoDraw = False
445.1676 	EXP 	cue_text: text = '←'
445.1676 	EXP 	fixation: autoDraw = True
445.2585 	EXP 	Device response: <KeyPress from None: t=445.14977669999644, value=left, duration=0.10753900000418071>
445.6525 	EXP 	fixation: autoDraw = False
445.6525 	EXP 	cue_text: autoDraw = True
445.9526 	EXP 	cue_text: autoDraw = False
446.2525 	INFO 	Keyboard events cleared
446.2523 	EXP 	target: autoDraw = True
446.5538 	EXP 	Device response: <KeyPress from None: t=446.5375590999902, value=left, duration=None>
446.5542 	EXP 	New trial (rep=24, index=7): <Trial 247 (7 in rep 24) data={'cue_arrow': '←', 'target_x': -0.5, 'condition': 'valid', 'corr_Ans': 'left', 'thisN': 247, 'thisTrialN': 7, 'thisRepN': 24}>
446.5555 	DATA 	Keypress: left
446.5688 	EXP 	fixation: autoDraw = False
446.5688 	EXP 	cue_text: autoDraw = False
446.5688 	EXP 	target: autoDraw = False
446.5688 	EXP 	cue_text: text = '←'
446.5688 	EXP 	fixation: autoDraw = True
446.6685 	EXP 	Device response: <KeyPress from None: t=446.5375590999902, value=left, duration=0.12269280001055449>
447.0694 	EXP 	fixation: autoDraw = False
447.0694 	EXP 	cue_text: autoDraw = True
447.3677 	EXP 	cue_text: autoDraw = False
447.6699 	INFO 	Keyboard events cleared
447.6697 	EXP 	target: autoDraw = True
447.9190 	EXP 	Device response: <KeyPress from None: t=447.9119975999929, value=left, duration=None>
447.9194 	EXP 	New trial (rep=24, index=8): <Trial 248 (8 in rep 24) data={'cue_arrow': '→', 'target_x': 0.5, 'condition': 'valid', 'corr_Ans': 'right', 'thisN': 248, 'thisTrialN': 8, 'thisRepN': 24}>
447.9227 	DATA 	Keypress: left
447.9363 	EXP 	fixation: autoDraw = False
447.9363 	EXP 	cue_text: autoDraw = False
447.9363 	EXP 	target: autoDraw = False
447.9363 	EXP 	cue_text: height = np.float64(0.1)
447.9363 	EXP 	cue_text: height = np.float64(0.1)
447.9363 	EXP 	cue_text: height = np.float64(0.1)
447.9363 	EXP 	cue_text: text = '→'
447.9363 	EXP 	fixation: autoDraw = True
448.1025 	EXP 	Device response: <KeyPress from None: t=447.9119975999929, value=left, duration=0.18604169999889564>
448.4359 	EXP 	fixation: autoDraw = False
448.4359 	EXP 	cue_text: autoDraw = True
448.7196 	EXP 	cue_text: autoDraw = False
449.0202 	INFO 	Keyboard events cleared
449.0199 	EXP 	target: autoDraw = True
449.4382 	DATA 	Keypress: right
449.4518 	EXP 	Device response: <KeyPress from None: t=449.43755989999045, value=right, duration=None>
449.4521 	EXP 	New trial (rep=24, index=9): <Trial 249 (9 in rep 24) data={'cue_arrow': '→', 'target_x': 0.5, 'condition': 'valid', 'corr_Ans': 'right', 'thisN': 249, 'thisTrialN': 9, 'thisRepN': 24}>
449.4697 	EXP 	fixation: autoDraw = False
449.4697 	EXP 	cue_text: autoDraw = False
449.4697 	EXP 	target: autoDraw = False
449.4697 	EXP 	cue_text: text = '→'
449.4697 	EXP 	fixation: autoDraw = True
449.6360 	EXP 	Device response: <KeyPress from None: t=449.43755989999045, value=right, duration=0.18258710000372957>
449.9529 	EXP 	fixation: autoDraw = False
449.9529 	EXP 	cue_text: autoDraw = True
450.2526 	EXP 	cue_text: autoDraw = False
450.5530 	INFO 	Keyboard events cleared
450.5528 	EXP 	target: autoDraw = True
450.9024 	EXP 	Device response: <KeyPress from None: t=450.8906019999995, value=right, duration=None>
450.9028 	EXP 	New trial (rep=25, index=0): <Trial 250 (0 in rep 25) data={'cue_arrow': '→', 'target_x': 0.5, 'condition': 'valid', 'corr_Ans': 'right', 'thisN': 250, 'thisTrialN': 0, 'thisRepN': 25}>
450.9039 	DATA 	Keypress: right
450.9197 	EXP 	fixation: autoDraw = False
450.9197 	EXP 	cue_text: autoDraw = False
450.9197 	EXP 	target: autoDraw = False
450.9197 	EXP 	cue_text: text = '→'
450.9197 	EXP 	fixation: autoDraw = True
451.1022 	EXP 	Device response: <KeyPress from None: t=450.8906019999995, value=right, duration=0.19982169999275357>
451.4030 	EXP 	fixation: autoDraw = False
451.4030 	EXP 	cue_text: autoDraw = True
451.7196 	EXP 	cue_text: autoDraw = False
452.0203 	INFO 	Keyboard events cleared
452.0201 	EXP 	target: autoDraw = True
452.1188 	EXP 	Device response: <KeyPress from None: t=452.1116031999991, value=right, duration=None>
452.1192 	EXP 	New trial (rep=25, index=1): <Trial 251 (1 in rep 25) data={'cue_arrow': '←', 'target_x': -0.5, 'condition': 'valid', 'corr_Ans': 'left', 'thisN': 251, 'thisTrialN': 1, 'thisRepN': 25}>
452.1222 	DATA 	Keypress: right
452.1349 	EXP 	fixation: autoDraw = False
452.1349 	EXP 	cue_text: autoDraw = False
452.1349 	EXP 	target: autoDraw = False
452.1349 	EXP 	cue_text: height = np.float64(0.1)
452.1349 	EXP 	cue_text: height = np.float64(0.1)
452.1349 	EXP 	cue_text: height = np.float64(0.1)
452.1349 	EXP 	cue_text: text = '←'
452.1349 	EXP 	fixation: autoDraw = True
452.2689 	EXP 	Device response: <KeyPress from None: t=452.1116031999991, value=right, duration=0.1415160000033211>
452.6196 	EXP 	fixation: autoDraw = False
452.6196 	EXP 	cue_text: autoDraw = True
452.9187 	EXP 	cue_text: autoDraw = False
453.2201 	INFO 	Keyboard events cleared
453.2199 	EXP 	target: autoDraw = True
453.7520 	EXP 	Device response: <KeyPress from None: t=453.74220290000085, value=left, duration=None>
453.7523 	EXP 	New trial (rep=25, index=2): <Trial 252 (2 in rep 25) data={'cue_arrow': '→', 'target_x': -0.5, 'condition': 'invalid', 'corr_Ans': 'left', 'thisN': 252, 'thisTrialN': 2, 'thisRepN': 25}>
453.7551 	DATA 	Keypress: left
453.7685 	EXP 	fixation: autoDraw = False
453.7685 	EXP 	cue_text: autoDraw = False
453.7685 	EXP 	target: autoDraw = False
453.7685 	EXP 	cue_text: height = np.float64(0.1)
453.7685 	EXP 	cue_text: height = np.float64(0.1)
453.7685 	EXP 	cue_text: height = np.float64(0.1)
453.7685 	EXP 	cue_text: text = '→'
453.7685 	EXP 	fixation: autoDraw = True
453.8696 	EXP 	Device response: <KeyPress from None: t=453.74220290000085, value=left, duration=0.12400579999666661>
454.2531 	EXP 	fixation: autoDraw = False
454.2531 	EXP 	cue_text: autoDraw = True
454.5513 	EXP 	cue_text: autoDraw = False
454.8513 	INFO 	Keyboard events cleared
454.8511 	EXP 	target: autoDraw = True
456.3027 	EXP 	Device response: <KeyPress from None: t=456.30016559999785, value=left, duration=None>
456.3032 	EXP 	New trial (rep=25, index=3): <Trial 253 (3 in rep 25) data={'cue_arrow': '→', 'target_x': 0.5, 'condition': 'valid', 'corr_Ans': 'right', 'thisN': 253, 'thisTrialN': 3, 'thisRepN': 25}>
456.3046 	DATA 	Keypress: left
456.3181 	EXP 	fixation: autoDraw = False
456.3181 	EXP 	cue_text: autoDraw = False
456.3181 	EXP 	target: autoDraw = False
456.3181 	EXP 	cue_text: text = '→'
456.3181 	EXP 	fixation: autoDraw = True
456.4190 	EXP 	Device response: <KeyPress from None: t=456.30016559999785, value=left, duration=0.11537460000545252>
456.8024 	EXP 	fixation: autoDraw = False
456.8024 	EXP 	cue_text: autoDraw = True
457.1027 	EXP 	cue_text: autoDraw = False
457.4022 	INFO 	Keyboard events cleared
457.4020 	EXP 	target: autoDraw = True
457.7021 	EXP 	Device response: <KeyPress from None: t=457.6911534999963, value=right, duration=None>
457.7025 	EXP 	New trial (rep=25, index=4): <Trial 254 (4 in rep 25) data={'cue_arrow': '→', 'target_x': 0.5, 'condition': 'valid', 'corr_Ans': 'right', 'thisN': 254, 'thisTrialN': 4, 'thisRepN': 25}>
457.7036 	DATA 	Keypress: right
457.7193 	EXP 	fixation: autoDraw = False
457.7193 	EXP 	cue_text: autoDraw = False
457.7193 	EXP 	target: autoDraw = False
457.7193 	EXP 	cue_text: text = '→'
457.7193 	EXP 	fixation: autoDraw = True
457.8210 	EXP 	Device response: <KeyPress from None: t=457.6911534999963, value=right, duration=0.1184588000032818>
458.2026 	EXP 	fixation: autoDraw = False
458.2026 	EXP 	cue_text: autoDraw = True
458.5019 	EXP 	cue_text: autoDraw = False
458.8199 	INFO 	Keyboard events cleared
458.8196 	EXP 	target: autoDraw = True
459.1025 	EXP 	Device response: <KeyPress from None: t=459.0885288999998, value=right, duration=None>
459.1028 	EXP 	New trial (rep=25, index=5): <Trial 255 (5 in rep 25) data={'cue_arrow': '←', 'target_x': 0.5, 'condition': 'invalid', 'corr_Ans': 'right', 'thisN': 255, 'thisTrialN': 5, 'thisRepN': 25}>
459.1060 	DATA 	Keypress: right
459.1194 	EXP 	fixation: autoDraw = False
459.1194 	EXP 	cue_text: autoDraw = False
459.1194 	EXP 	target: autoDraw = False
459.1194 	EXP 	cue_text: height = np.float64(0.1)
459.1194 	EXP 	cue_text: height = np.float64(0.1)
459.1194 	EXP 	cue_text: height = np.float64(0.1)
459.1194 	EXP 	cue_text: text = '←'
459.1194 	EXP 	fixation: autoDraw = True
459.2698 	EXP 	Device response: <KeyPress from None: t=459.0885288999998, value=right, duration=0.16982229999848641>
459.6025 	EXP 	fixation: autoDraw = False
459.6025 	EXP 	cue_text: autoDraw = True
459.9189 	EXP 	cue_text: autoDraw = False
460.2028 	INFO 	Keyboard events cleared
460.2026 	EXP 	target: autoDraw = True
461.6026 	EXP 	Device response: <KeyPress from None: t=461.5891472999938, value=right, duration=None>
461.6029 	EXP 	New trial (rep=25, index=6): <Trial 256 (6 in rep 25) data={'cue_arrow': '←', 'target_x': -0.5, 'condition': 'valid', 'corr_Ans': 'left', 'thisN': 256, 'thisTrialN': 6, 'thisRepN': 25}>
461.6041 	DATA 	Keypress: right
461.6195 	EXP 	fixation: autoDraw = False
461.6195 	EXP 	cue_text: autoDraw = False
461.6195 	EXP 	target: autoDraw = False
461.6195 	EXP 	cue_text: text = '←'
461.6195 	EXP 	fixation: autoDraw = True
461.7860 	EXP 	Device response: <KeyPress from None: t=461.5891472999938, value=right, duration=0.1930078000004869>
462.1027 	EXP 	fixation: autoDraw = False
462.1027 	EXP 	cue_text: autoDraw = True
462.4032 	EXP 	cue_text: autoDraw = False
462.7033 	INFO 	Keyboard events cleared
462.7030 	EXP 	target: autoDraw = True
463.3360 	EXP 	Device response: <KeyPress from None: t=463.32003609999083, value=left, duration=None>
463.3364 	EXP 	New trial (rep=25, index=7): <Trial 257 (7 in rep 25) data={'cue_arrow': '←', 'target_x': -0.5, 'condition': 'valid', 'corr_Ans': 'left', 'thisN': 257, 'thisTrialN': 7, 'thisRepN': 25}>
463.3375 	DATA 	Keypress: left
463.3520 	EXP 	fixation: autoDraw = False
463.3520 	EXP 	cue_text: autoDraw = False
463.3520 	EXP 	target: autoDraw = False
463.3520 	EXP 	cue_text: text = '←'
463.3520 	EXP 	fixation: autoDraw = True
463.5037 	EXP 	Device response: <KeyPress from None: t=463.32003609999083, value=left, duration=0.17528210001182742>
463.8353 	EXP 	fixation: autoDraw = False
463.8353 	EXP 	cue_text: autoDraw = True
464.1360 	EXP 	cue_text: autoDraw = False
464.4361 	INFO 	Keyboard events cleared
464.4358 	EXP 	target: autoDraw = True
464.8204 	EXP 	Device response: <KeyPress from None: t=464.8111782999913, value=left, duration=None>
464.8208 	EXP 	New trial (rep=25, index=8): <Trial 258 (8 in rep 25) data={'cue_arrow': '→', 'target_x': 0.5, 'condition': 'valid', 'corr_Ans': 'right', 'thisN': 258, 'thisTrialN': 8, 'thisRepN': 25}>
464.8240 	DATA 	Keypress: left
464.8351 	EXP 	fixation: autoDraw = False
464.8351 	EXP 	cue_text: autoDraw = False
464.8351 	EXP 	target: autoDraw = False
464.8351 	EXP 	cue_text: height = np.float64(0.1)
464.8351 	EXP 	cue_text: height = np.float64(0.1)
464.8351 	EXP 	cue_text: height = np.float64(0.1)
464.8351 	EXP 	cue_text: text = '→'
464.8351 	EXP 	fixation: autoDraw = True
465.0019 	EXP 	Device response: <KeyPress from None: t=464.8111782999913, value=left, duration=0.1836496000032639>
465.3360 	EXP 	fixation: autoDraw = False
465.3360 	EXP 	cue_text: autoDraw = True
465.6365 	EXP 	cue_text: autoDraw = False
465.9368 	INFO 	Keyboard events cleared
465.9366 	EXP 	target: autoDraw = True
466.5035 	EXP 	Device response: <KeyPress from None: t=466.49390629999107, value=right, duration=None>
466.5039 	EXP 	New trial (rep=25, index=9): <Trial 259 (9 in rep 25) data={'cue_arrow': '←', 'target_x': -0.5, 'condition': 'valid', 'corr_Ans': 'left', 'thisN': 259, 'thisTrialN': 9, 'thisRepN': 25}>
466.5071 	DATA 	Keypress: right
466.5180 	EXP 	fixation: autoDraw = False
466.5180 	EXP 	cue_text: autoDraw = False
466.5180 	EXP 	target: autoDraw = False
466.5180 	EXP 	cue_text: height = np.float64(0.1)
466.5180 	EXP 	cue_text: height = np.float64(0.1)
466.5180 	EXP 	cue_text: height = np.float64(0.1)
466.5180 	EXP 	cue_text: text = '←'
466.5180 	EXP 	fixation: autoDraw = True
466.6861 	EXP 	Device response: <KeyPress from None: t=466.49390629999107, value=right, duration=0.18131320000975393>
467.0199 	EXP 	fixation: autoDraw = False
467.0199 	EXP 	cue_text: autoDraw = True
467.3029 	EXP 	cue_text: autoDraw = False
467.6195 	INFO 	Keyboard events cleared
467.6193 	EXP 	target: autoDraw = True
467.9195 	EXP 	Device response: <KeyPress from None: t=467.9105428000039, value=left, duration=None>
467.9198 	EXP 	New trial (rep=26, index=0): <Trial 260 (0 in rep 26) data={'cue_arrow': '←', 'target_x': -0.5, 'condition': 'valid', 'corr_Ans': 'left', 'thisN': 260, 'thisTrialN': 0, 'thisRepN': 26}>
467.9210 	DATA 	Keypress: left
467.9350 	EXP 	fixation: autoDraw = False
467.9350 	EXP 	cue_text: autoDraw = False
467.9350 	EXP 	target: autoDraw = False
467.9350 	EXP 	cue_text: text = '←'
467.9350 	EXP 	fixation: autoDraw = True
468.0191 	EXP 	Device response: <KeyPress from None: t=467.9105428000039, value=left, duration=0.10235370000009425>
468.4186 	EXP 	fixation: autoDraw = False
468.4186 	EXP 	cue_text: autoDraw = True
468.7202 	EXP 	cue_text: autoDraw = False
469.0201 	INFO 	Keyboard events cleared
469.0199 	EXP 	target: autoDraw = True
469.3020 	EXP 	Device response: <KeyPress from None: t=469.2884575999924, value=left, duration=None>
469.3024 	EXP 	New trial (rep=26, index=1): <Trial 261 (1 in rep 26) data={'cue_arrow': '←', 'target_x': -0.5, 'condition': 'valid', 'corr_Ans': 'left', 'thisN': 261, 'thisTrialN': 1, 'thisRepN': 26}>
469.3036 	DATA 	Keypress: left
469.3187 	EXP 	fixation: autoDraw = False
469.3187 	EXP 	cue_text: autoDraw = False
469.3187 	EXP 	target: autoDraw = False
469.3187 	EXP 	cue_text: text = '←'
469.3187 	EXP 	fixation: autoDraw = True
469.4203 	EXP 	Device response: <KeyPress from None: t=469.2884575999924, value=left, duration=0.12028950000240002>
469.8031 	EXP 	fixation: autoDraw = False
469.8031 	EXP 	cue_text: autoDraw = True
470.1028 	EXP 	cue_text: autoDraw = False
470.4028 	INFO 	Keyboard events cleared
470.4026 	EXP 	target: autoDraw = True
470.6528 	EXP 	Device response: <KeyPress from None: t=470.6442175999982, value=left, duration=None>
470.6532 	EXP 	New trial (rep=26, index=2): <Trial 262 (2 in rep 26) data={'cue_arrow': '→', 'target_x': 0.5, 'condition': 'valid', 'corr_Ans': 'right', 'thisN': 262, 'thisTrialN': 2, 'thisRepN': 26}>
470.6561 	DATA 	Keypress: left
470.6687 	EXP 	fixation: autoDraw = False
470.6687 	EXP 	cue_text: autoDraw = False
470.6687 	EXP 	target: autoDraw = False
470.6687 	EXP 	cue_text: height = np.float64(0.1)
470.6687 	EXP 	cue_text: height = np.float64(0.1)
470.6687 	EXP 	cue_text: height = np.float64(0.1)
470.6687 	EXP 	cue_text: text = '→'
470.6687 	EXP 	fixation: autoDraw = True
470.7855 	EXP 	Device response: <KeyPress from None: t=470.6442175999982, value=left, duration=0.13867099999333732>
471.1530 	EXP 	fixation: autoDraw = False
471.1530 	EXP 	cue_text: autoDraw = True
471.4533 	EXP 	cue_text: autoDraw = False
471.7523 	INFO 	Keyboard events cleared
471.7522 	EXP 	target: autoDraw = True
472.6022 	EXP 	Device response: <KeyPress from None: t=472.5965368000034, value=right, duration=None>
472.6026 	EXP 	New trial (rep=26, index=3): <Trial 263 (3 in rep 26) data={'cue_arrow': '←', 'target_x': -0.5, 'condition': 'valid', 'corr_Ans': 'left', 'thisN': 263, 'thisTrialN': 3, 'thisRepN': 26}>
472.6065 	DATA 	Keypress: right
472.6196 	EXP 	fixation: autoDraw = False
472.6196 	EXP 	cue_text: autoDraw = False
472.6196 	EXP 	target: autoDraw = False
472.6196 	EXP 	cue_text: height = np.float64(0.1)
472.6196 	EXP 	cue_text: height = np.float64(0.1)
472.6196 	EXP 	cue_text: height = np.float64(0.1)
472.6196 	EXP 	cue_text: text = '←'
472.6196 	EXP 	fixation: autoDraw = True
472.7700 	EXP 	Device response: <KeyPress from None: t=472.5965368000034, value=right, duration=0.17248139998991974>
473.1030 	EXP 	fixation: autoDraw = False
473.1030 	EXP 	cue_text: autoDraw = True
473.4027 	EXP 	cue_text: autoDraw = False
473.7017 	INFO 	Keyboard events cleared
473.7015 	EXP 	target: autoDraw = True
474.1704 	DATA 	Keypress: left
474.1856 	EXP 	Device response: <KeyPress from None: t=474.1697414999944, value=left, duration=None>
474.1859 	EXP 	New trial (rep=26, index=4): <Trial 264 (4 in rep 26) data={'cue_arrow': '←', 'target_x': -0.5, 'condition': 'valid', 'corr_Ans': 'left', 'thisN': 264, 'thisTrialN': 4, 'thisRepN': 26}>
474.2033 	EXP 	fixation: autoDraw = False
474.2033 	EXP 	cue_text: autoDraw = False
474.2033 	EXP 	target: autoDraw = False
474.2033 	EXP 	cue_text: text = '←'
474.2033 	EXP 	fixation: autoDraw = True
474.3204 	EXP 	Device response: <KeyPress from None: t=474.1697414999944, value=left, duration=0.1345813000079943>
474.6866 	EXP 	fixation: autoDraw = False
474.6866 	EXP 	cue_text: autoDraw = True
474.9866 	EXP 	cue_text: autoDraw = False
475.2869 	INFO 	Keyboard events cleared
475.2867 	EXP 	target: autoDraw = True
475.7372 	DATA 	Keypress: left
475.7523 	EXP 	Device response: <KeyPress from None: t=475.735986899992, value=left, duration=None>
475.7527 	EXP 	New trial (rep=26, index=5): <Trial 265 (5 in rep 26) data={'cue_arrow': '→', 'target_x': -0.5, 'condition': 'invalid', 'corr_Ans': 'left', 'thisN': 265, 'thisTrialN': 5, 'thisRepN': 26}>
475.7691 	EXP 	fixation: autoDraw = False
475.7691 	EXP 	cue_text: autoDraw = False
475.7691 	EXP 	target: autoDraw = False
475.7691 	EXP 	cue_text: height = np.float64(0.1)
475.7691 	EXP 	cue_text: height = np.float64(0.1)
475.7691 	EXP 	cue_text: height = np.float64(0.1)
475.7691 	EXP 	cue_text: text = '→'
475.7691 	EXP 	fixation: autoDraw = True
475.9195 	EXP 	Device response: <KeyPress from None: t=475.735986899992, value=left, duration=0.17377990001114085>
476.2531 	EXP 	fixation: autoDraw = False
476.2531 	EXP 	cue_text: autoDraw = True
476.5528 	EXP 	cue_text: autoDraw = False
476.8531 	INFO 	Keyboard events cleared
476.8529 	EXP 	target: autoDraw = True
477.4049 	DATA 	Keypress: left
477.4191 	EXP 	Device response: <KeyPress from None: t=477.40356330000213, value=left, duration=None>
477.4194 	EXP 	New trial (rep=26, index=6): <Trial 266 (6 in rep 26) data={'cue_arrow': '→', 'target_x': 0.5, 'condition': 'valid', 'corr_Ans': 'right', 'thisN': 266, 'thisTrialN': 6, 'thisRepN': 26}>
477.4354 	EXP 	fixation: autoDraw = False
477.4354 	EXP 	cue_text: autoDraw = False
477.4354 	EXP 	target: autoDraw = False
477.4354 	EXP 	cue_text: text = '→'
477.4354 	EXP 	fixation: autoDraw = True
477.6700 	EXP 	Device response: <KeyPress from None: t=477.40356330000213, value=left, duration=0.2511344999948051>
477.9201 	EXP 	fixation: autoDraw = False
477.9201 	EXP 	cue_text: autoDraw = True
478.2197 	EXP 	cue_text: autoDraw = False
478.5203 	INFO 	Keyboard events cleared
478.5201 	EXP 	target: autoDraw = True
479.5197 	EXP 	Device response: <KeyPress from None: t=479.5043076000002, value=right, duration=None>
479.5200 	EXP 	New trial (rep=26, index=7): <Trial 267 (7 in rep 26) data={'cue_arrow': '←', 'target_x': 0.5, 'condition': 'invalid', 'corr_Ans': 'right', 'thisN': 267, 'thisTrialN': 7, 'thisRepN': 26}>
479.5229 	DATA 	Keypress: right
479.5364 	EXP 	fixation: autoDraw = False
479.5364 	EXP 	cue_text: autoDraw = False
479.5364 	EXP 	target: autoDraw = False
479.5364 	EXP 	cue_text: height = np.float64(0.1)
479.5364 	EXP 	cue_text: height = np.float64(0.1)
479.5364 	EXP 	cue_text: height = np.float64(0.1)
479.5364 	EXP 	cue_text: text = '←'
479.5364 	EXP 	fixation: autoDraw = True
479.6863 	EXP 	Device response: <KeyPress from None: t=479.5043076000002, value=right, duration=0.167208999991999>
480.0202 	EXP 	fixation: autoDraw = False
480.0202 	EXP 	cue_text: autoDraw = True
480.3195 	EXP 	cue_text: autoDraw = False
480.6200 	INFO 	Keyboard events cleared
480.6198 	EXP 	target: autoDraw = True
481.7539 	EXP 	Device response: <KeyPress from None: t=481.7456608999928, value=right, duration=None>
481.7543 	EXP 	New trial (rep=26, index=8): <Trial 268 (8 in rep 26) data={'cue_arrow': '→', 'target_x': 0.5, 'condition': 'valid', 'corr_Ans': 'right', 'thisN': 268, 'thisTrialN': 8, 'thisRepN': 26}>
481.7574 	DATA 	Keypress: right
481.7683 	EXP 	fixation: autoDraw = False
481.7683 	EXP 	cue_text: autoDraw = False
481.7683 	EXP 	target: autoDraw = False
481.7683 	EXP 	cue_text: height = np.float64(0.1)
481.7683 	EXP 	cue_text: height = np.float64(0.1)
481.7683 	EXP 	cue_text: height = np.float64(0.1)
481.7683 	EXP 	cue_text: text = '→'
481.7683 	EXP 	fixation: autoDraw = True
481.9034 	EXP 	Device response: <KeyPress from None: t=481.7456608999928, value=right, duration=0.14241660000698175>
482.2528 	EXP 	fixation: autoDraw = False
482.2528 	EXP 	cue_text: autoDraw = True
482.5535 	EXP 	cue_text: autoDraw = False
482.8536 	INFO 	Keyboard events cleared
482.8534 	EXP 	target: autoDraw = True
483.1863 	EXP 	Device response: <KeyPress from None: t=483.1832015999971, value=right, duration=None>
483.1866 	EXP 	New trial (rep=26, index=9): <Trial 269 (9 in rep 26) data={'cue_arrow': '→', 'target_x': 0.5, 'condition': 'valid', 'corr_Ans': 'right', 'thisN': 269, 'thisTrialN': 9, 'thisRepN': 26}>
483.1879 	DATA 	Keypress: right
483.2024 	EXP 	fixation: autoDraw = False
483.2024 	EXP 	cue_text: autoDraw = False
483.2024 	EXP 	target: autoDraw = False
483.2024 	EXP 	cue_text: text = '→'
483.2024 	EXP 	fixation: autoDraw = True
483.3367 	EXP 	Device response: <KeyPress from None: t=483.1832015999971, value=right, duration=0.14759720000438392>
483.6870 	EXP 	fixation: autoDraw = False
483.6870 	EXP 	cue_text: autoDraw = True
484.0030 	EXP 	cue_text: autoDraw = False
484.3032 	INFO 	Keyboard events cleared
484.3030 	EXP 	target: autoDraw = True
484.3197 	EXP 	Device response: <KeyPress from None: t=484.3157537999941, value=right, duration=None>
484.3202 	EXP 	New trial (rep=27, index=0): <Trial 270 (0 in rep 27) data={'cue_arrow': '→', 'target_x': -0.5, 'condition': 'invalid', 'corr_Ans': 'left', 'thisN': 270, 'thisTrialN': 0, 'thisRepN': 27}>
484.3217 	DATA 	Keypress: right
484.3365 	EXP 	fixation: autoDraw = False
484.3365 	EXP 	cue_text: autoDraw = False
484.3365 	EXP 	target: autoDraw = False
484.3365 	EXP 	cue_text: text = '→'
484.3365 	EXP 	fixation: autoDraw = True
484.5364 	EXP 	Device response: <KeyPress from None: t=484.3157537999941, value=right, duration=0.2047988999984227>
484.8202 	EXP 	fixation: autoDraw = False
484.8202 	EXP 	cue_text: autoDraw = True
485.1200 	EXP 	cue_text: autoDraw = False
485.4204 	INFO 	Keyboard events cleared
485.4202 	EXP 	target: autoDraw = True
486.9024 	EXP 	Device response: <KeyPress from None: t=486.89526730000216, value=left, duration=None>
486.9027 	EXP 	New trial (rep=27, index=1): <Trial 271 (1 in rep 27) data={'cue_arrow': '→', 'target_x': 0.5, 'condition': 'valid', 'corr_Ans': 'right', 'thisN': 271, 'thisTrialN': 1, 'thisRepN': 27}>
486.9039 	DATA 	Keypress: left
486.9202 	EXP 	fixation: autoDraw = False
486.9202 	EXP 	cue_text: autoDraw = False
486.9202 	EXP 	target: autoDraw = False
486.9202 	EXP 	cue_text: text = '→'
486.9202 	EXP 	fixation: autoDraw = True
487.0197 	EXP 	Device response: <KeyPress from None: t=486.89526730000216, value=left, duration=0.10942539999086875>
487.4035 	EXP 	fixation: autoDraw = False
487.4035 	EXP 	cue_text: autoDraw = True
487.7025 	EXP 	cue_text: autoDraw = False
488.0032 	INFO 	Keyboard events cleared
488.0030 	EXP 	target: autoDraw = True
488.5871 	EXP 	Device response: <KeyPress from None: t=488.5822685000021, value=right, duration=None>
488.5875 	EXP 	New trial (rep=27, index=2): <Trial 272 (2 in rep 27) data={'cue_arrow': '←', 'target_x': 0.5, 'condition': 'invalid', 'corr_Ans': 'right', 'thisN': 272, 'thisTrialN': 2, 'thisRepN': 27}>
488.5908 	DATA 	Keypress: right
488.6029 	EXP 	fixation: autoDraw = False
488.6029 	EXP 	cue_text: autoDraw = False
488.6029 	EXP 	target: autoDraw = False
488.6029 	EXP 	cue_text: height = np.float64(0.1)
488.6029 	EXP 	cue_text: height = np.float64(0.1)
488.6029 	EXP 	cue_text: height = np.float64(0.1)
488.6029 	EXP 	cue_text: text = '←'
488.6029 	EXP 	fixation: autoDraw = True
488.7376 	EXP 	Device response: <KeyPress from None: t=488.5822685000021, value=right, duration=0.14772189999348484>
489.0856 	EXP 	fixation: autoDraw = False
489.0856 	EXP 	cue_text: autoDraw = True
489.3868 	EXP 	cue_text: autoDraw = False
489.6868 	INFO 	Keyboard events cleared
489.6866 	EXP 	target: autoDraw = True
490.5031 	EXP 	Device response: <KeyPress from None: t=490.50177269999404, value=right, duration=None>
490.5034 	EXP 	New trial (rep=27, index=3): <Trial 273 (3 in rep 27) data={'cue_arrow': '→', 'target_x': 0.5, 'condition': 'valid', 'corr_Ans': 'right', 'thisN': 273, 'thisTrialN': 3, 'thisRepN': 27}>
490.5065 	DATA 	Keypress: right
490.5185 	EXP 	fixation: autoDraw = False
490.5185 	EXP 	cue_text: autoDraw = False
490.5185 	EXP 	target: autoDraw = False
490.5185 	EXP 	cue_text: height = np.float64(0.1)
490.5185 	EXP 	cue_text: height = np.float64(0.1)
490.5185 	EXP 	cue_text: height = np.float64(0.1)
490.5185 	EXP 	cue_text: text = '→'
490.5185 	EXP 	fixation: autoDraw = True
490.7045 	EXP 	Device response: <KeyPress from None: t=490.50177269999404, value=right, duration=0.1928161999967415>
491.0026 	EXP 	fixation: autoDraw = False
491.0026 	EXP 	cue_text: autoDraw = True
491.3020 	EXP 	cue_text: autoDraw = False
491.6033 	INFO 	Keyboard events cleared
491.6031 	EXP 	target: autoDraw = True
492.6194 	EXP 	Device response: <KeyPress from None: t=492.6113753999962, value=right, duration=None>
492.6197 	EXP 	New trial (rep=27, index=4): <Trial 274 (4 in rep 27) data={'cue_arrow': '→', 'target_x': 0.5, 'condition': 'valid', 'corr_Ans': 'right', 'thisN': 274, 'thisTrialN': 4, 'thisRepN': 27}>
492.6209 	DATA 	Keypress: right
492.6365 	EXP 	fixation: autoDraw = False
492.6365 	EXP 	cue_text: autoDraw = False
492.6365 	EXP 	target: autoDraw = False
492.6365 	EXP 	cue_text: text = '→'
492.6365 	EXP 	fixation: autoDraw = True
492.8197 	EXP 	Device response: <KeyPress from None: t=492.6113753999962, value=right, duration=0.19929960000445135>
493.1195 	EXP 	fixation: autoDraw = False
493.1195 	EXP 	cue_text: autoDraw = True
493.4195 	EXP 	cue_text: autoDraw = False
493.7194 	INFO 	Keyboard events cleared
493.7192 	EXP 	target: autoDraw = True
494.0700 	EXP 	Device response: <KeyPress from None: t=494.06065859999217, value=right, duration=None>
494.0703 	EXP 	New trial (rep=27, index=5): <Trial 275 (5 in rep 27) data={'cue_arrow': '←', 'target_x': -0.5, 'condition': 'valid', 'corr_Ans': 'left', 'thisN': 275, 'thisTrialN': 5, 'thisRepN': 27}>
494.0732 	DATA 	Keypress: right
494.0855 	EXP 	fixation: autoDraw = False
494.0855 	EXP 	cue_text: autoDraw = False
494.0855 	EXP 	target: autoDraw = False
494.0855 	EXP 	cue_text: height = np.float64(0.1)
494.0855 	EXP 	cue_text: height = np.float64(0.1)
494.0855 	EXP 	cue_text: height = np.float64(0.1)
494.0855 	EXP 	cue_text: text = '←'
494.0855 	EXP 	fixation: autoDraw = True
494.2375 	EXP 	Device response: <KeyPress from None: t=494.06065859999217, value=right, duration=0.16154010000173002>
494.5703 	EXP 	fixation: autoDraw = False
494.5703 	EXP 	cue_text: autoDraw = True
494.8700 	EXP 	cue_text: autoDraw = False
495.1706 	INFO 	Keyboard events cleared
495.1703 	EXP 	target: autoDraw = True
495.7366 	EXP 	Device response: <KeyPress from None: t=495.73305369999434, value=left, duration=None>
495.7369 	EXP 	New trial (rep=27, index=6): <Trial 276 (6 in rep 27) data={'cue_arrow': '←', 'target_x': -0.5, 'condition': 'valid', 'corr_Ans': 'left', 'thisN': 276, 'thisTrialN': 6, 'thisRepN': 27}>
495.7381 	DATA 	Keypress: left
495.7520 	EXP 	fixation: autoDraw = False
495.7520 	EXP 	cue_text: autoDraw = False
495.7520 	EXP 	target: autoDraw = False
495.7520 	EXP 	cue_text: text = '←'
495.7520 	EXP 	fixation: autoDraw = True
495.9016 	EXP 	Device response: <KeyPress from None: t=495.73305369999434, value=left, duration=0.16507479999563657>
496.2372 	EXP 	fixation: autoDraw = False
496.2372 	EXP 	cue_text: autoDraw = True
496.5361 	EXP 	cue_text: autoDraw = False
496.8367 	INFO 	Keyboard events cleared
496.8365 	EXP 	target: autoDraw = True
497.2531 	EXP 	Device response: <KeyPress from None: t=497.24817489999987, value=left, duration=None>
497.2534 	EXP 	New trial (rep=27, index=7): <Trial 277 (7 in rep 27) data={'cue_arrow': '←', 'target_x': -0.5, 'condition': 'valid', 'corr_Ans': 'left', 'thisN': 277, 'thisTrialN': 7, 'thisRepN': 27}>
497.2547 	DATA 	Keypress: left
497.2689 	EXP 	fixation: autoDraw = False
497.2689 	EXP 	cue_text: autoDraw = False
497.2689 	EXP 	target: autoDraw = False
497.2689 	EXP 	cue_text: text = '←'
497.2689 	EXP 	fixation: autoDraw = True
497.4040 	EXP 	Device response: <KeyPress from None: t=497.24817489999987, value=left, duration=0.15480370000295807>
497.7535 	EXP 	fixation: autoDraw = False
497.7535 	EXP 	cue_text: autoDraw = True
498.0533 	EXP 	cue_text: autoDraw = False
498.3528 	INFO 	Keyboard events cleared
498.3526 	EXP 	target: autoDraw = True
498.5207 	EXP 	Device response: <KeyPress from None: t=498.51893920000293, value=left, duration=None>
498.5209 	EXP 	New trial (rep=27, index=8): <Trial 278 (8 in rep 27) data={'cue_arrow': '→', 'target_x': 0.5, 'condition': 'valid', 'corr_Ans': 'right', 'thisN': 278, 'thisTrialN': 8, 'thisRepN': 27}>
498.5252 	DATA 	Keypress: left
498.5349 	EXP 	fixation: autoDraw = False
498.5349 	EXP 	cue_text: autoDraw = False
498.5349 	EXP 	target: autoDraw = False
498.5349 	EXP 	cue_text: height = np.float64(0.1)
498.5349 	EXP 	cue_text: height = np.float64(0.1)
498.5349 	EXP 	cue_text: height = np.float64(0.1)
498.5349 	EXP 	cue_text: text = '→'
498.5349 	EXP 	fixation: autoDraw = True
498.6862 	EXP 	Device response: <KeyPress from None: t=498.51893920000293, value=left, duration=0.16251270000066143>
499.0203 	EXP 	fixation: autoDraw = False
499.0203 	EXP 	cue_text: autoDraw = True
499.3202 	EXP 	cue_text: autoDraw = False
499.6209 	INFO 	Keyboard events cleared
499.6207 	EXP 	target: autoDraw = True
500.5048 	DATA 	Keypress: right
500.5193 	EXP 	Device response: <KeyPress from None: t=500.504030600001, value=right, duration=None>
500.5196 	EXP 	New trial (rep=27, index=9): <Trial 279 (9 in rep 27) data={'cue_arrow': '←', 'target_x': -0.5, 'condition': 'valid', 'corr_Ans': 'left', 'thisN': 279, 'thisTrialN': 9, 'thisRepN': 27}>
500.5368 	EXP 	fixation: autoDraw = False
500.5368 	EXP 	cue_text: autoDraw = False
500.5368 	EXP 	target: autoDraw = False
500.5368 	EXP 	cue_text: height = np.float64(0.1)
500.5368 	EXP 	cue_text: height = np.float64(0.1)
500.5368 	EXP 	cue_text: height = np.float64(0.1)
500.5368 	EXP 	cue_text: text = '←'
500.5368 	EXP 	fixation: autoDraw = True
500.6370 	EXP 	Device response: <KeyPress from None: t=500.504030600001, value=right, duration=0.12257159998989664>
501.0205 	EXP 	fixation: autoDraw = False
501.0205 	EXP 	cue_text: autoDraw = True
501.3200 	EXP 	cue_text: autoDraw = False
501.6195 	INFO 	Keyboard events cleared
501.6193 	EXP 	target: autoDraw = True
502.4036 	EXP 	Device response: <KeyPress from None: t=502.3911803999945, value=left, duration=None>
502.4039 	EXP 	New trial (rep=28, index=0): <Trial 280 (0 in rep 28) data={'cue_arrow': '←', 'target_x': -0.5, 'condition': 'valid', 'corr_Ans': 'left', 'thisN': 280, 'thisTrialN': 0, 'thisRepN': 28}>
502.4051 	DATA 	Keypress: left
502.4202 	EXP 	fixation: autoDraw = False
502.4202 	EXP 	cue_text: autoDraw = False
502.4202 	EXP 	target: autoDraw = False
502.4202 	EXP 	cue_text: text = '←'
502.4202 	EXP 	fixation: autoDraw = True
502.5533 	EXP 	Device response: <KeyPress from None: t=502.3911803999945, value=left, duration=0.15017269999952987>
502.9035 	EXP 	fixation: autoDraw = False
502.9035 	EXP 	cue_text: autoDraw = True
503.2032 	EXP 	cue_text: autoDraw = False
503.5200 	INFO 	Keyboard events cleared
503.5198 	EXP 	target: autoDraw = True
503.9863 	EXP 	Device response: <KeyPress from None: t=503.9761540000036, value=left, duration=None>
503.9866 	EXP 	New trial (rep=28, index=1): <Trial 281 (1 in rep 28) data={'cue_arrow': '→', 'target_x': 0.5, 'condition': 'valid', 'corr_Ans': 'right', 'thisN': 281, 'thisTrialN': 1, 'thisRepN': 28}>
503.9896 	DATA 	Keypress: left
504.0026 	EXP 	fixation: autoDraw = False
504.0026 	EXP 	cue_text: autoDraw = False
504.0026 	EXP 	target: autoDraw = False
504.0026 	EXP 	cue_text: height = np.float64(0.1)
504.0026 	EXP 	cue_text: height = np.float64(0.1)
504.0026 	EXP 	cue_text: height = np.float64(0.1)
504.0026 	EXP 	cue_text: text = '→'
504.0026 	EXP 	fixation: autoDraw = True
504.1536 	EXP 	Device response: <KeyPress from None: t=503.9761540000036, value=left, duration=0.17084919998887926>
504.4861 	EXP 	fixation: autoDraw = False
504.4861 	EXP 	cue_text: autoDraw = True
504.7874 	EXP 	cue_text: autoDraw = False
505.0876 	INFO 	Keyboard events cleared
505.0874 	EXP 	target: autoDraw = True
505.6876 	EXP 	Device response: <KeyPress from None: t=505.6782558999985, value=right, duration=None>
505.6881 	EXP 	New trial (rep=28, index=2): <Trial 282 (2 in rep 28) data={'cue_arrow': '←', 'target_x': -0.5, 'condition': 'valid', 'corr_Ans': 'left', 'thisN': 282, 'thisTrialN': 2, 'thisRepN': 28}>
505.6914 	DATA 	Keypress: right
505.7017 	EXP 	fixation: autoDraw = False
505.7017 	EXP 	cue_text: autoDraw = False
505.7017 	EXP 	target: autoDraw = False
505.7017 	EXP 	cue_text: height = np.float64(0.1)
505.7017 	EXP 	cue_text: height = np.float64(0.1)
505.7017 	EXP 	cue_text: height = np.float64(0.1)
505.7017 	EXP 	cue_text: text = '←'
505.7017 	EXP 	fixation: autoDraw = True
505.8031 	EXP 	Device response: <KeyPress from None: t=505.6782558999985, value=right, duration=0.12161400000331923>
506.1872 	EXP 	fixation: autoDraw = False
506.1872 	EXP 	cue_text: autoDraw = True
506.5038 	EXP 	cue_text: autoDraw = False
506.8041 	INFO 	Keyboard events cleared
506.8039 	EXP 	target: autoDraw = True
507.1205 	EXP 	Device response: <KeyPress from None: t=507.10802780000085, value=left, duration=None>
507.1208 	EXP 	New trial (rep=28, index=3): <Trial 283 (3 in rep 28) data={'cue_arrow': '←', 'target_x': -0.5, 'condition': 'valid', 'corr_Ans': 'left', 'thisN': 283, 'thisTrialN': 3, 'thisRepN': 28}>
507.1220 	DATA 	Keypress: left
507.1367 	EXP 	fixation: autoDraw = False
507.1367 	EXP 	cue_text: autoDraw = False
507.1367 	EXP 	target: autoDraw = False
507.1367 	EXP 	cue_text: text = '←'
507.1367 	EXP 	fixation: autoDraw = True
507.3529 	EXP 	Device response: <KeyPress from None: t=507.10802780000085, value=left, duration=0.23344929999439046>
507.6206 	EXP 	fixation: autoDraw = False
507.6206 	EXP 	cue_text: autoDraw = True
507.9372 	EXP 	cue_text: autoDraw = False
508.2190 	INFO 	Keyboard events cleared
508.2188 	EXP 	target: autoDraw = True
510.1200 	EXP 	Device response: <KeyPress from None: t=510.1051684999984, value=left, duration=None>
510.1204 	EXP 	New trial (rep=28, index=4): <Trial 284 (4 in rep 28) data={'cue_arrow': '←', 'target_x': 0.5, 'condition': 'invalid', 'corr_Ans': 'right', 'thisN': 284, 'thisTrialN': 4, 'thisRepN': 28}>
510.1215 	DATA 	Keypress: left
510.1365 	EXP 	fixation: autoDraw = False
510.1365 	EXP 	cue_text: autoDraw = False
510.1365 	EXP 	target: autoDraw = False
510.1365 	EXP 	cue_text: text = '←'
510.1365 	EXP 	fixation: autoDraw = True
510.2708 	EXP 	Device response: <KeyPress from None: t=510.1051684999984, value=left, duration=0.16088870000385214>
510.6194 	EXP 	fixation: autoDraw = False
510.6194 	EXP 	cue_text: autoDraw = True
510.9203 	EXP 	cue_text: autoDraw = False
511.2188 	INFO 	Keyboard events cleared
511.2186 	EXP 	target: autoDraw = True
512.1863 	EXP 	Device response: <KeyPress from None: t=512.1797812000004, value=right, duration=None>
512.1866 	EXP 	New trial (rep=28, index=5): <Trial 285 (5 in rep 28) data={'cue_arrow': '→', 'target_x': -0.5, 'condition': 'invalid', 'corr_Ans': 'left', 'thisN': 285, 'thisTrialN': 5, 'thisRepN': 28}>
512.1897 	DATA 	Keypress: right
512.2028 	EXP 	fixation: autoDraw = False
512.2028 	EXP 	cue_text: autoDraw = False
512.2028 	EXP 	target: autoDraw = False
512.2028 	EXP 	cue_text: height = np.float64(0.1)
512.2028 	EXP 	cue_text: height = np.float64(0.1)
512.2028 	EXP 	cue_text: height = np.float64(0.1)
512.2028 	EXP 	cue_text: text = '→'
512.2028 	EXP 	fixation: autoDraw = True
512.3865 	EXP 	Device response: <KeyPress from None: t=512.1797812000004, value=right, duration=0.2047504999936791>
512.6877 	EXP 	fixation: autoDraw = False
512.6877 	EXP 	cue_text: autoDraw = True
512.9867 	EXP 	cue_text: autoDraw = False
513.2865 	INFO 	Keyboard events cleared
513.2863 	EXP 	target: autoDraw = True
514.2212 	EXP 	Device response: <KeyPress from None: t=514.211751099996, value=left, duration=None>
514.2216 	EXP 	New trial (rep=28, index=6): <Trial 286 (6 in rep 28) data={'cue_arrow': '→', 'target_x': 0.5, 'condition': 'valid', 'corr_Ans': 'right', 'thisN': 286, 'thisTrialN': 6, 'thisRepN': 28}>
514.2231 	DATA 	Keypress: left
514.2355 	EXP 	fixation: autoDraw = False
514.2355 	EXP 	cue_text: autoDraw = False
514.2355 	EXP 	target: autoDraw = False
514.2355 	EXP 	cue_text: text = '→'
514.2355 	EXP 	fixation: autoDraw = True
514.3695 	EXP 	Device response: <KeyPress from None: t=514.211751099996, value=left, duration=0.14187680000031833>
514.7364 	EXP 	fixation: autoDraw = False
514.7364 	EXP 	cue_text: autoDraw = True
515.0374 	EXP 	cue_text: autoDraw = False
515.3206 	INFO 	Keyboard events cleared
515.3204 	EXP 	target: autoDraw = True
516.6535 	EXP 	Device response: <KeyPress from None: t=516.6429266999912, value=right, duration=None>
516.6539 	EXP 	New trial (rep=28, index=7): <Trial 287 (7 in rep 28) data={'cue_arrow': '→', 'target_x': 0.5, 'condition': 'valid', 'corr_Ans': 'right', 'thisN': 287, 'thisTrialN': 7, 'thisRepN': 28}>
516.6550 	DATA 	Keypress: right
516.6705 	EXP 	fixation: autoDraw = False
516.6705 	EXP 	cue_text: autoDraw = False
516.6705 	EXP 	target: autoDraw = False
516.6705 	EXP 	cue_text: text = '→'
516.6705 	EXP 	fixation: autoDraw = True
516.8027 	EXP 	Device response: <KeyPress from None: t=516.6429266999912, value=right, duration=0.15410490000795107>
517.1539 	EXP 	fixation: autoDraw = False
517.1539 	EXP 	cue_text: autoDraw = True
517.4530 	EXP 	cue_text: autoDraw = False
517.7536 	INFO 	Keyboard events cleared
517.7535 	EXP 	target: autoDraw = True
518.1377 	DATA 	Keypress: right
518.1531 	EXP 	Device response: <KeyPress from None: t=518.1370221999969, value=right, duration=None>
518.1535 	EXP 	New trial (rep=28, index=8): <Trial 288 (8 in rep 28) data={'cue_arrow': '←', 'target_x': -0.5, 'condition': 'valid', 'corr_Ans': 'left', 'thisN': 288, 'thisTrialN': 8, 'thisRepN': 28}>
518.1711 	EXP 	fixation: autoDraw = False
518.1711 	EXP 	cue_text: autoDraw = False
518.1711 	EXP 	target: autoDraw = False
518.1711 	EXP 	cue_text: height = np.float64(0.1)
518.1711 	EXP 	cue_text: height = np.float64(0.1)
518.1711 	EXP 	cue_text: height = np.float64(0.1)
518.1711 	EXP 	cue_text: text = '←'
518.1711 	EXP 	fixation: autoDraw = True
518.2369 	EXP 	Device response: <KeyPress from None: t=518.1370221999969, value=right, duration=0.08424989999912214>
518.6541 	EXP 	fixation: autoDraw = False
518.6541 	EXP 	cue_text: autoDraw = True
518.9539 	EXP 	cue_text: autoDraw = False
519.2542 	INFO 	Keyboard events cleared
519.2540 	EXP 	target: autoDraw = True
519.9049 	DATA 	Keypress: left
519.9202 	EXP 	Device response: <KeyPress from None: t=519.9043219000014, value=left, duration=None>
519.9206 	EXP 	New trial (rep=28, index=9): <Trial 289 (9 in rep 28) data={'cue_arrow': '→', 'target_x': 0.5, 'condition': 'valid', 'corr_Ans': 'right', 'thisN': 289, 'thisTrialN': 9, 'thisRepN': 28}>
519.9369 	EXP 	fixation: autoDraw = False
519.9369 	EXP 	cue_text: autoDraw = False
519.9369 	EXP 	target: autoDraw = False
519.9369 	EXP 	cue_text: height = np.float64(0.1)
519.9369 	EXP 	cue_text: height = np.float64(0.1)
519.9369 	EXP 	cue_text: height = np.float64(0.1)
519.9369 	EXP 	cue_text: text = '→'
519.9369 	EXP 	fixation: autoDraw = True
520.0382 	EXP 	Device response: <KeyPress from None: t=519.9043219000014, value=left, duration=0.1307395999901928>
520.4209 	EXP 	fixation: autoDraw = False
520.4209 	EXP 	cue_text: autoDraw = True
520.7203 	EXP 	cue_text: autoDraw = False
521.0374 	INFO 	Keyboard events cleared
521.0372 	EXP 	target: autoDraw = True
521.4537 	EXP 	Device response: <KeyPress from None: t=521.4447529000026, value=right, duration=None>
521.4542 	EXP 	New trial (rep=29, index=0): <Trial 290 (0 in rep 29) data={'cue_arrow': '→', 'target_x': 0.5, 'condition': 'valid', 'corr_Ans': 'right', 'thisN': 290, 'thisTrialN': 0, 'thisRepN': 29}>
521.4554 	DATA 	Keypress: right
521.4697 	EXP 	fixation: autoDraw = False
521.4697 	EXP 	cue_text: autoDraw = False
521.4697 	EXP 	target: autoDraw = False
521.4697 	EXP 	cue_text: text = '→'
521.4697 	EXP 	fixation: autoDraw = True
521.6199 	EXP 	Device response: <KeyPress from None: t=521.4447529000026, value=right, duration=0.1628811999980826>
521.9546 	EXP 	fixation: autoDraw = False
521.9546 	EXP 	cue_text: autoDraw = True
522.0034 	EXP 	Device response: <KeyPress from None: t=521.9915599999949, value=right, duration=None>
522.0044 	DATA 	Keypress: right
522.0197 	EXP 	Device response: <KeyPress from None: t=522.0061188999971, value=left, duration=None>
522.0207 	DATA 	Keypress: left
522.1199 	EXP 	Device response: <KeyPress from None: t=522.0061188999971, value=left, duration=0.1077378000045428>
522.1363 	EXP 	Device response: <KeyPress from None: t=521.9915599999949, value=right, duration=0.14212820000830106>
522.2535 	EXP 	cue_text: autoDraw = False
522.5548 	INFO 	Keyboard events cleared
522.5546 	EXP 	target: autoDraw = True
524.2725 	DATA 	Keypress: right
524.2863 	EXP 	Device response: <KeyPress from None: t=524.271421700003, value=right, duration=None>
524.2867 	EXP 	New trial (rep=29, index=1): <Trial 291 (1 in rep 29) data={'cue_arrow': '←', 'target_x': -0.5, 'condition': 'valid', 'corr_Ans': 'left', 'thisN': 291, 'thisTrialN': 1, 'thisRepN': 29}>
524.3032 	EXP 	fixation: autoDraw = False
524.3032 	EXP 	cue_text: autoDraw = False
524.3032 	EXP 	target: autoDraw = False
524.3032 	EXP 	cue_text: height = np.float64(0.1)
524.3032 	EXP 	cue_text: height = np.float64(0.1)
524.3032 	EXP 	cue_text: height = np.float64(0.1)
524.3032 	EXP 	cue_text: text = '←'
524.3032 	EXP 	fixation: autoDraw = True
524.4036 	EXP 	Device response: <KeyPress from None: t=524.271421700003, value=right, duration=0.12170699999842327>
524.7875 	EXP 	fixation: autoDraw = False
524.7875 	EXP 	cue_text: autoDraw = True
525.0875 	EXP 	cue_text: autoDraw = False
525.3878 	INFO 	Keyboard events cleared
525.3876 	EXP 	target: autoDraw = True
525.8877 	EXP 	Device response: <KeyPress from None: t=525.8843693999952, value=left, duration=None>
525.8880 	EXP 	New trial (rep=29, index=2): <Trial 292 (2 in rep 29) data={'cue_arrow': '←', 'target_x': 0.5, 'condition': 'invalid', 'corr_Ans': 'right', 'thisN': 292, 'thisTrialN': 2, 'thisRepN': 29}>
525.8893 	DATA 	Keypress: left
525.9026 	EXP 	fixation: autoDraw = False
525.9026 	EXP 	cue_text: autoDraw = False
525.9026 	EXP 	target: autoDraw = False
525.9026 	EXP 	cue_text: text = '←'
525.9026 	EXP 	fixation: autoDraw = True
526.0196 	EXP 	Device response: <KeyPress from None: t=525.8843693999952, value=left, duration=0.1293327000021236>
526.3873 	EXP 	fixation: autoDraw = False
526.3873 	EXP 	cue_text: autoDraw = True
526.6876 	EXP 	cue_text: autoDraw = False
526.9880 	INFO 	Keyboard events cleared
526.9877 	EXP 	target: autoDraw = True
527.4720 	DATA 	Keypress: right
527.4865 	EXP 	Device response: <KeyPress from None: t=527.4713889999985, value=right, duration=None>
527.4868 	EXP 	New trial (rep=29, index=3): <Trial 293 (3 in rep 29) data={'cue_arrow': '→', 'target_x': 0.5, 'condition': 'valid', 'corr_Ans': 'right', 'thisN': 293, 'thisTrialN': 3, 'thisRepN': 29}>
527.5042 	EXP 	fixation: autoDraw = False
527.5042 	EXP 	cue_text: autoDraw = False
527.5042 	EXP 	target: autoDraw = False
527.5042 	EXP 	cue_text: height = np.float64(0.1)
527.5042 	EXP 	cue_text: height = np.float64(0.1)
527.5042 	EXP 	cue_text: height = np.float64(0.1)
527.5042 	EXP 	cue_text: text = '→'
527.5042 	EXP 	fixation: autoDraw = True
527.6374 	EXP 	Device response: <KeyPress from None: t=527.4713889999985, value=right, duration=0.152006899996195>
527.9874 	EXP 	fixation: autoDraw = False
527.9874 	EXP 	cue_text: autoDraw = True
528.2871 	EXP 	cue_text: autoDraw = False
528.6044 	INFO 	Keyboard events cleared
528.6042 	EXP 	target: autoDraw = True
529.2207 	EXP 	Device response: <KeyPress from None: t=529.2113524000015, value=right, duration=None>
529.2210 	EXP 	New trial (rep=29, index=4): <Trial 294 (4 in rep 29) data={'cue_arrow': '←', 'target_x': -0.5, 'condition': 'valid', 'corr_Ans': 'left', 'thisN': 294, 'thisTrialN': 4, 'thisRepN': 29}>
529.2242 	DATA 	Keypress: right
529.2361 	EXP 	fixation: autoDraw = False
529.2361 	EXP 	cue_text: autoDraw = False
529.2361 	EXP 	target: autoDraw = False
529.2361 	EXP 	cue_text: height = np.float64(0.1)
529.2361 	EXP 	cue_text: height = np.float64(0.1)
529.2361 	EXP 	cue_text: height = np.float64(0.1)
529.2361 	EXP 	cue_text: text = '←'
529.2361 	EXP 	fixation: autoDraw = True
529.3039 	EXP 	Device response: <KeyPress from None: t=529.2113524000015, value=right, duration=0.0905194999941159>
529.7376 	EXP 	fixation: autoDraw = False
529.7376 	EXP 	cue_text: autoDraw = True
530.0209 	EXP 	cue_text: autoDraw = False
530.3207 	INFO 	Keyboard events cleared
530.3205 	EXP 	target: autoDraw = True
530.8370 	EXP 	Device response: <KeyPress from None: t=530.8357356999913, value=left, duration=None>
530.8373 	EXP 	New trial (rep=29, index=5): <Trial 295 (5 in rep 29) data={'cue_arrow': '←', 'target_x': -0.5, 'condition': 'valid', 'corr_Ans': 'left', 'thisN': 295, 'thisTrialN': 5, 'thisRepN': 29}>
530.8385 	DATA 	Keypress: left
530.8535 	EXP 	fixation: autoDraw = False
530.8535 	EXP 	cue_text: autoDraw = False
530.8535 	EXP 	target: autoDraw = False
530.8535 	EXP 	cue_text: text = '←'
530.8535 	EXP 	fixation: autoDraw = True
530.9388 	EXP 	Device response: <KeyPress from None: t=530.8357356999913, value=left, duration=0.10001629999896977>
531.3543 	EXP 	fixation: autoDraw = False
531.3543 	EXP 	cue_text: autoDraw = True
531.6372 	EXP 	cue_text: autoDraw = False
531.9373 	INFO 	Keyboard events cleared
531.9371 	EXP 	target: autoDraw = True
533.2218 	EXP 	Device response: <KeyPress from None: t=533.2123095999996, value=left, duration=None>
533.2224 	EXP 	New trial (rep=29, index=6): <Trial 296 (6 in rep 29) data={'cue_arrow': '←', 'target_x': -0.5, 'condition': 'valid', 'corr_Ans': 'left', 'thisN': 296, 'thisTrialN': 6, 'thisRepN': 29}>
533.2242 	DATA 	Keypress: left
533.2360 	EXP 	fixation: autoDraw = False
533.2360 	EXP 	cue_text: autoDraw = False
533.2360 	EXP 	target: autoDraw = False
533.2360 	EXP 	cue_text: text = '←'
533.2360 	EXP 	fixation: autoDraw = True
533.3535 	EXP 	Device response: <KeyPress from None: t=533.2123095999996, value=left, duration=0.13402270000369754>
533.7377 	EXP 	fixation: autoDraw = False
533.7377 	EXP 	cue_text: autoDraw = True
534.0371 	EXP 	cue_text: autoDraw = False
534.3365 	INFO 	Keyboard events cleared
534.3363 	EXP 	target: autoDraw = True
535.0708 	EXP 	Device response: <KeyPress from None: t=535.0594411999919, value=left, duration=None>
535.0713 	EXP 	New trial (rep=29, index=7): <Trial 297 (7 in rep 29) data={'cue_arrow': '→', 'target_x': 0.5, 'condition': 'valid', 'corr_Ans': 'right', 'thisN': 297, 'thisTrialN': 7, 'thisRepN': 29}>
535.0748 	DATA 	Keypress: left
535.0879 	EXP 	fixation: autoDraw = False
535.0879 	EXP 	cue_text: autoDraw = False
535.0879 	EXP 	target: autoDraw = False
535.0879 	EXP 	cue_text: height = np.float64(0.1)
535.0879 	EXP 	cue_text: height = np.float64(0.1)
535.0879 	EXP 	cue_text: height = np.float64(0.1)
535.0879 	EXP 	cue_text: text = '→'
535.0879 	EXP 	fixation: autoDraw = True
535.2871 	EXP 	Device response: <KeyPress from None: t=535.0594411999919, value=left, duration=0.225360800002818>
535.5710 	EXP 	fixation: autoDraw = False
535.5710 	EXP 	cue_text: autoDraw = True
535.8699 	EXP 	cue_text: autoDraw = False
536.1714 	INFO 	Keyboard events cleared
536.1712 	EXP 	target: autoDraw = True
536.6872 	EXP 	Device response: <KeyPress from None: t=536.6862529999926, value=right, duration=None>
536.6875 	EXP 	New trial (rep=29, index=8): <Trial 298 (8 in rep 29) data={'cue_arrow': '→', 'target_x': 0.5, 'condition': 'valid', 'corr_Ans': 'right', 'thisN': 298, 'thisTrialN': 8, 'thisRepN': 29}>
536.6888 	DATA 	Keypress: right
536.7023 	EXP 	fixation: autoDraw = False
536.7023 	EXP 	cue_text: autoDraw = False
536.7023 	EXP 	target: autoDraw = False
536.7023 	EXP 	cue_text: text = '→'
536.7023 	EXP 	fixation: autoDraw = True
536.8365 	EXP 	Device response: <KeyPress from None: t=536.6862529999926, value=right, duration=0.14322540001012385>
537.1868 	EXP 	fixation: autoDraw = False
537.1868 	EXP 	cue_text: autoDraw = True
537.4878 	EXP 	cue_text: autoDraw = False
537.7875 	INFO 	Keyboard events cleared
537.7873 	EXP 	target: autoDraw = True
538.7706 	EXP 	Device response: <KeyPress from None: t=538.7561959000013, value=right, duration=None>
538.7711 	EXP 	New trial (rep=29, index=9): <Trial 299 (9 in rep 29) data={'cue_arrow': '→', 'target_x': -0.5, 'condition': 'invalid', 'corr_Ans': 'left', 'thisN': 299, 'thisTrialN': 9, 'thisRepN': 29}>
538.7725 	DATA 	Keypress: right
538.7861 	EXP 	fixation: autoDraw = False
538.7861 	EXP 	cue_text: autoDraw = False
538.7861 	EXP 	target: autoDraw = False
538.7861 	EXP 	cue_text: text = '→'
538.7861 	EXP 	fixation: autoDraw = True
538.9040 	EXP 	Device response: <KeyPress from None: t=538.7561959000013, value=right, duration=0.14008879999164492>
539.2712 	EXP 	fixation: autoDraw = False
539.2712 	EXP 	cue_text: autoDraw = True
539.5712 	EXP 	cue_text: autoDraw = False
539.8712 	INFO 	Keyboard events cleared
539.8709 	EXP 	target: autoDraw = True
540.8201 	EXP 	Device response: <KeyPress from None: t=540.8109807000001, value=left, duration=None>
540.8205 	EXP 	New trial (rep=30, index=0): <Trial 300 (0 in rep 30) data={'cue_arrow': '→', 'target_x': -0.5, 'condition': 'invalid', 'corr_Ans': 'left', 'thisN': 300, 'thisTrialN': 0, 'thisRepN': 30}>
540.8217 	DATA 	Keypress: left
540.8366 	EXP 	fixation: autoDraw = False
540.8366 	EXP 	cue_text: autoDraw = False
540.8366 	EXP 	target: autoDraw = False
540.8366 	EXP 	cue_text: text = '→'
540.8366 	EXP 	fixation: autoDraw = True
540.9545 	EXP 	Device response: <KeyPress from None: t=540.8109807000001, value=left, duration=0.13306349999038503>
541.3206 	EXP 	fixation: autoDraw = False
541.3206 	EXP 	cue_text: autoDraw = True
541.6212 	EXP 	cue_text: autoDraw = False
541.9214 	INFO 	Keyboard events cleared
541.9212 	EXP 	target: autoDraw = True
543.5874 	EXP 	Device response: <KeyPress from None: t=543.5859838000033, value=left, duration=None>
543.5877 	EXP 	New trial (rep=30, index=1): <Trial 301 (1 in rep 30) data={'cue_arrow': '→', 'target_x': 0.5, 'condition': 'valid', 'corr_Ans': 'right', 'thisN': 301, 'thisTrialN': 1, 'thisRepN': 30}>
543.5889 	DATA 	Keypress: left
543.6029 	EXP 	fixation: autoDraw = False
543.6029 	EXP 	cue_text: autoDraw = False
543.6029 	EXP 	target: autoDraw = False
543.6029 	EXP 	cue_text: text = '→'
543.6029 	EXP 	fixation: autoDraw = True
543.7535 	EXP 	Device response: <KeyPress from None: t=543.5859838000033, value=left, duration=0.15324039998813532>
544.0868 	EXP 	fixation: autoDraw = False
544.0868 	EXP 	cue_text: autoDraw = True
544.3871 	EXP 	cue_text: autoDraw = False
544.6885 	INFO 	Keyboard events cleared
544.6883 	EXP 	target: autoDraw = True
545.0873 	EXP 	Device response: <KeyPress from None: t=545.0828731999936, value=right, duration=None>
545.0875 	EXP 	New trial (rep=30, index=2): <Trial 302 (2 in rep 30) data={'cue_arrow': '←', 'target_x': -0.5, 'condition': 'valid', 'corr_Ans': 'left', 'thisN': 302, 'thisTrialN': 2, 'thisRepN': 30}>
545.0906 	DATA 	Keypress: right
545.1044 	EXP 	fixation: autoDraw = False
545.1044 	EXP 	cue_text: autoDraw = False
545.1044 	EXP 	target: autoDraw = False
545.1044 	EXP 	cue_text: height = np.float64(0.1)
545.1044 	EXP 	cue_text: height = np.float64(0.1)
545.1044 	EXP 	cue_text: height = np.float64(0.1)
545.1044 	EXP 	cue_text: text = '←'
545.1044 	EXP 	fixation: autoDraw = True
545.2371 	EXP 	Device response: <KeyPress from None: t=545.0828731999936, value=right, duration=0.15025859999877866>
545.5872 	EXP 	fixation: autoDraw = False
545.5872 	EXP 	cue_text: autoDraw = True
545.8868 	EXP 	cue_text: autoDraw = False
546.2048 	INFO 	Keyboard events cleared
546.2045 	EXP 	target: autoDraw = True
546.5871 	EXP 	Device response: <KeyPress from None: t=546.5844320000033, value=left, duration=None>
546.5875 	EXP 	New trial (rep=30, index=3): <Trial 303 (3 in rep 30) data={'cue_arrow': '→', 'target_x': 0.5, 'condition': 'valid', 'corr_Ans': 'right', 'thisN': 303, 'thisTrialN': 3, 'thisRepN': 30}>
546.5918 	DATA 	Keypress: left
546.6026 	EXP 	fixation: autoDraw = False
546.6026 	EXP 	cue_text: autoDraw = False
546.6026 	EXP 	target: autoDraw = False
546.6026 	EXP 	cue_text: height = np.float64(0.1)
546.6026 	EXP 	cue_text: height = np.float64(0.1)
546.6026 	EXP 	cue_text: height = np.float64(0.1)
546.6026 	EXP 	cue_text: text = '→'
546.6026 	EXP 	fixation: autoDraw = True
546.7219 	EXP 	Device response: <KeyPress from None: t=546.5844320000033, value=left, duration=0.1227593999938108>
547.0865 	EXP 	fixation: autoDraw = False
547.0865 	EXP 	cue_text: autoDraw = True
547.3870 	EXP 	cue_text: autoDraw = False
547.6865 	INFO 	Keyboard events cleared
547.6863 	EXP 	target: autoDraw = True
548.0384 	EXP 	Device response: <KeyPress from None: t=548.0281870000035, value=right, duration=None>
548.0387 	EXP 	New trial (rep=30, index=4): <Trial 304 (4 in rep 30) data={'cue_arrow': '→', 'target_x': 0.5, 'condition': 'valid', 'corr_Ans': 'right', 'thisN': 304, 'thisTrialN': 4, 'thisRepN': 30}>
548.0400 	DATA 	Keypress: right
548.0535 	EXP 	fixation: autoDraw = False
548.0535 	EXP 	cue_text: autoDraw = False
548.0535 	EXP 	target: autoDraw = False
548.0535 	EXP 	cue_text: text = '→'
548.0535 	EXP 	fixation: autoDraw = True
548.2207 	EXP 	Device response: <KeyPress from None: t=548.0281870000035, value=right, duration=0.18222009998862632>
548.5542 	EXP 	fixation: autoDraw = False
548.5542 	EXP 	cue_text: autoDraw = True
548.8377 	EXP 	cue_text: autoDraw = False
549.1371 	INFO 	Keyboard events cleared
549.1369 	EXP 	target: autoDraw = True
549.7040 	EXP 	Device response: <KeyPress from None: t=549.7011504999973, value=right, duration=None>
549.7043 	EXP 	New trial (rep=30, index=5): <Trial 305 (5 in rep 30) data={'cue_arrow': '←', 'target_x': -0.5, 'condition': 'valid', 'corr_Ans': 'left', 'thisN': 305, 'thisTrialN': 5, 'thisRepN': 30}>
549.7073 	DATA 	Keypress: right
549.7196 	EXP 	fixation: autoDraw = False
549.7196 	EXP 	cue_text: autoDraw = False
549.7196 	EXP 	target: autoDraw = False
549.7196 	EXP 	cue_text: height = np.float64(0.1)
549.7196 	EXP 	cue_text: height = np.float64(0.1)
549.7196 	EXP 	cue_text: height = np.float64(0.1)
549.7196 	EXP 	cue_text: text = '←'
549.7196 	EXP 	fixation: autoDraw = True
549.9036 	EXP 	Device response: <KeyPress from None: t=549.7011504999973, value=right, duration=0.19145309999294113>
550.2046 	EXP 	fixation: autoDraw = False
550.2046 	EXP 	cue_text: autoDraw = True
550.5046 	EXP 	cue_text: autoDraw = False
550.8042 	INFO 	Keyboard events cleared
550.8040 	EXP 	target: autoDraw = True
551.1375 	EXP 	Device response: <KeyPress from None: t=551.1264117999963, value=left, duration=None>
551.1378 	EXP 	New trial (rep=30, index=6): <Trial 306 (6 in rep 30) data={'cue_arrow': '←', 'target_x': -0.5, 'condition': 'valid', 'corr_Ans': 'left', 'thisN': 306, 'thisTrialN': 6, 'thisRepN': 30}>
551.1390 	DATA 	Keypress: left
551.1541 	EXP 	fixation: autoDraw = False
551.1541 	EXP 	cue_text: autoDraw = False
551.1541 	EXP 	target: autoDraw = False
551.1541 	EXP 	cue_text: text = '←'
551.1541 	EXP 	fixation: autoDraw = True
551.3058 	EXP 	Device response: <KeyPress from None: t=551.1264117999963, value=left, duration=0.16215240000747144>
551.6369 	EXP 	fixation: autoDraw = False
551.6369 	EXP 	cue_text: autoDraw = True
551.9381 	EXP 	cue_text: autoDraw = False
552.2383 	INFO 	Keyboard events cleared
552.2381 	EXP 	target: autoDraw = True
552.4889 	EXP 	Device response: <KeyPress from None: t=552.4853260999953, value=left, duration=None>
552.4892 	EXP 	New trial (rep=30, index=7): <Trial 307 (7 in rep 30) data={'cue_arrow': '←', 'target_x': 0.5, 'condition': 'invalid', 'corr_Ans': 'right', 'thisN': 307, 'thisTrialN': 7, 'thisRepN': 30}>
552.4905 	DATA 	Keypress: left
552.5029 	EXP 	fixation: autoDraw = False
552.5029 	EXP 	cue_text: autoDraw = False
552.5029 	EXP 	target: autoDraw = False
552.5029 	EXP 	cue_text: text = '←'
552.5029 	EXP 	fixation: autoDraw = True
552.6383 	EXP 	Device response: <KeyPress from None: t=552.4853260999953, value=left, duration=0.14485169999534264>
553.0047 	EXP 	fixation: autoDraw = False
553.0047 	EXP 	cue_text: autoDraw = True
553.3044 	EXP 	cue_text: autoDraw = False
553.6050 	INFO 	Keyboard events cleared
553.6048 	EXP 	target: autoDraw = True
554.4369 	EXP 	Device response: <KeyPress from None: t=554.4240916999988, value=right, duration=None>
554.4373 	EXP 	New trial (rep=30, index=8): <Trial 308 (8 in rep 30) data={'cue_arrow': '←', 'target_x': -0.5, 'condition': 'valid', 'corr_Ans': 'left', 'thisN': 308, 'thisTrialN': 8, 'thisRepN': 30}>
554.4389 	DATA 	Keypress: right
554.4547 	EXP 	fixation: autoDraw = False
554.4547 	EXP 	cue_text: autoDraw = False
554.4547 	EXP 	target: autoDraw = False
554.4547 	EXP 	cue_text: text = '←'
554.4547 	EXP 	fixation: autoDraw = True
554.6210 	EXP 	Device response: <KeyPress from None: t=554.4240916999988, value=right, duration=0.18343629999435507>
554.9367 	EXP 	fixation: autoDraw = False
554.9367 	EXP 	cue_text: autoDraw = True
555.2379 	EXP 	cue_text: autoDraw = False
555.5370 	INFO 	Keyboard events cleared
555.5368 	EXP 	target: autoDraw = True
556.3544 	EXP 	Device response: <KeyPress from None: t=556.3396955999924, value=left, duration=None>
556.3548 	EXP 	New trial (rep=30, index=9): <Trial 309 (9 in rep 30) data={'cue_arrow': '→', 'target_x': 0.5, 'condition': 'valid', 'corr_Ans': 'right', 'thisN': 309, 'thisTrialN': 9, 'thisRepN': 30}>
556.3578 	DATA 	Keypress: left
556.3709 	EXP 	fixation: autoDraw = False
556.3709 	EXP 	cue_text: autoDraw = False
556.3709 	EXP 	target: autoDraw = False
556.3709 	EXP 	cue_text: height = np.float64(0.1)
556.3709 	EXP 	cue_text: height = np.float64(0.1)
556.3709 	EXP 	cue_text: height = np.float64(0.1)
556.3709 	EXP 	cue_text: text = '→'
556.3709 	EXP 	fixation: autoDraw = True
556.5051 	EXP 	Device response: <KeyPress from None: t=556.3396955999924, value=left, duration=0.15370890000485815>
556.8542 	EXP 	fixation: autoDraw = False
556.8542 	EXP 	cue_text: autoDraw = True
557.1545 	EXP 	cue_text: autoDraw = False
557.4549 	INFO 	Keyboard events cleared
557.4547 	EXP 	target: autoDraw = True
557.8546 	EXP 	Device response: <KeyPress from None: t=557.8538797999936, value=right, duration=None>
557.8550 	EXP 	New trial (rep=31, index=0): <Trial 310 (0 in rep 31) data={'cue_arrow': '←', 'target_x': -0.5, 'condition': 'valid', 'corr_Ans': 'left', 'thisN': 310, 'thisTrialN': 0, 'thisRepN': 31}>
557.8583 	DATA 	Keypress: right
557.8692 	EXP 	fixation: autoDraw = False
557.8692 	EXP 	cue_text: autoDraw = False
557.8692 	EXP 	target: autoDraw = False
557.8692 	EXP 	cue_text: height = np.float64(0.1)
557.8692 	EXP 	cue_text: height = np.float64(0.1)
557.8692 	EXP 	cue_text: height = np.float64(0.1)
557.8692 	EXP 	cue_text: text = '←'
557.8692 	EXP 	fixation: autoDraw = True
558.0554 	EXP 	Device response: <KeyPress from None: t=557.8538797999936, value=right, duration=0.19001530000241473>
558.3547 	EXP 	fixation: autoDraw = False
558.3547 	EXP 	cue_text: autoDraw = True
558.6536 	EXP 	cue_text: autoDraw = False
558.9548 	INFO 	Keyboard events cleared
558.9546 	EXP 	target: autoDraw = True
563.8217 	EXP 	Device response: <KeyPress from None: t=563.814237899991, value=left, duration=None>
563.8220 	EXP 	New trial (rep=31, index=1): <Trial 311 (1 in rep 31) data={'cue_arrow': '←', 'target_x': 0.5, 'condition': 'invalid', 'corr_Ans': 'right', 'thisN': 311, 'thisTrialN': 1, 'thisRepN': 31}>
563.8232 	DATA 	Keypress: left
563.8371 	EXP 	fixation: autoDraw = False
563.8371 	EXP 	cue_text: autoDraw = False
563.8371 	EXP 	target: autoDraw = False
563.8371 	EXP 	cue_text: text = '←'
563.8371 	EXP 	fixation: autoDraw = True
564.0037 	EXP 	Device response: <KeyPress from None: t=563.814237899991, value=left, duration=0.1750981000077445>
564.3208 	EXP 	fixation: autoDraw = False
564.3208 	EXP 	cue_text: autoDraw = True
564.6216 	EXP 	cue_text: autoDraw = False
564.9218 	INFO 	Keyboard events cleared
564.9216 	EXP 	target: autoDraw = True
565.8710 	EXP 	Device response: <KeyPress from None: t=565.8553716000024, value=right, duration=None>
565.8713 	EXP 	New trial (rep=31, index=2): <Trial 312 (2 in rep 31) data={'cue_arrow': '→', 'target_x': 0.5, 'condition': 'valid', 'corr_Ans': 'right', 'thisN': 312, 'thisTrialN': 2, 'thisRepN': 31}>
565.8742 	DATA 	Keypress: right
565.8868 	EXP 	fixation: autoDraw = False
565.8868 	EXP 	cue_text: autoDraw = False
565.8868 	EXP 	target: autoDraw = False
565.8868 	EXP 	cue_text: height = np.float64(0.1)
565.8868 	EXP 	cue_text: height = np.float64(0.1)
565.8868 	EXP 	cue_text: height = np.float64(0.1)
565.8868 	EXP 	cue_text: text = '→'
565.8868 	EXP 	fixation: autoDraw = True
566.0041 	EXP 	Device response: <KeyPress from None: t=565.8553716000024, value=right, duration=0.1464158999879146>
566.3719 	EXP 	fixation: autoDraw = False
566.3719 	EXP 	cue_text: autoDraw = True
566.6716 	EXP 	cue_text: autoDraw = False
566.9713 	INFO 	Keyboard events cleared
566.9711 	EXP 	target: autoDraw = True
569.0217 	EXP 	Device response: <KeyPress from None: t=569.0160335999972, value=right, duration=None>
569.0222 	EXP 	New trial (rep=31, index=3): <Trial 313 (3 in rep 31) data={'cue_arrow': '←', 'target_x': -0.5, 'condition': 'valid', 'corr_Ans': 'left', 'thisN': 313, 'thisTrialN': 3, 'thisRepN': 31}>
569.0255 	DATA 	Keypress: right
569.0375 	EXP 	fixation: autoDraw = False
569.0375 	EXP 	cue_text: autoDraw = False
569.0375 	EXP 	target: autoDraw = False
569.0375 	EXP 	cue_text: height = np.float64(0.1)
569.0375 	EXP 	cue_text: height = np.float64(0.1)
569.0375 	EXP 	cue_text: height = np.float64(0.1)
569.0375 	EXP 	cue_text: text = '←'
569.0375 	EXP 	fixation: autoDraw = True
569.1869 	EXP 	Device response: <KeyPress from None: t=569.0160335999972, value=right, duration=0.1562201000051573>
569.5213 	EXP 	fixation: autoDraw = False
569.5213 	EXP 	cue_text: autoDraw = True
569.8211 	EXP 	cue_text: autoDraw = False
570.1217 	INFO 	Keyboard events cleared
570.1215 	EXP 	target: autoDraw = True
571.4717 	EXP 	Device response: <KeyPress from None: t=571.4678848999902, value=left, duration=None>
571.4720 	EXP 	New trial (rep=31, index=4): <Trial 314 (4 in rep 31) data={'cue_arrow': '→', 'target_x': 0.5, 'condition': 'valid', 'corr_Ans': 'right', 'thisN': 314, 'thisTrialN': 4, 'thisRepN': 31}>
571.4751 	DATA 	Keypress: left
571.4874 	EXP 	fixation: autoDraw = False
571.4874 	EXP 	cue_text: autoDraw = False
571.4874 	EXP 	target: autoDraw = False
571.4874 	EXP 	cue_text: height = np.float64(0.1)
571.4874 	EXP 	cue_text: height = np.float64(0.1)
571.4874 	EXP 	cue_text: height = np.float64(0.1)
571.4874 	EXP 	cue_text: text = '→'
571.4874 	EXP 	fixation: autoDraw = True
571.5706 	EXP 	Device response: <KeyPress from None: t=571.4678848999902, value=left, duration=0.09165410000423435>
571.9716 	EXP 	fixation: autoDraw = False
571.9716 	EXP 	cue_text: autoDraw = True
572.2710 	EXP 	cue_text: autoDraw = False
572.5709 	INFO 	Keyboard events cleared
572.5707 	EXP 	target: autoDraw = True
573.0579 	DATA 	Keypress: right
573.0719 	EXP 	Device response: <KeyPress from None: t=573.0572476999951, value=right, duration=None>
573.0723 	EXP 	New trial (rep=31, index=5): <Trial 315 (5 in rep 31) data={'cue_arrow': '→', 'target_x': -0.5, 'condition': 'invalid', 'corr_Ans': 'left', 'thisN': 315, 'thisTrialN': 5, 'thisRepN': 31}>
573.0874 	EXP 	fixation: autoDraw = False
573.0874 	EXP 	cue_text: autoDraw = False
573.0874 	EXP 	target: autoDraw = False
573.0874 	EXP 	cue_text: text = '→'
573.0874 	EXP 	fixation: autoDraw = True
573.2393 	EXP 	Device response: <KeyPress from None: t=573.0572476999951, value=right, duration=0.17911900000763126>
573.5868 	EXP 	fixation: autoDraw = False
573.5868 	EXP 	cue_text: autoDraw = True
573.8877 	EXP 	cue_text: autoDraw = False
574.1871 	INFO 	Keyboard events cleared
574.1869 	EXP 	target: autoDraw = True
574.9716 	EXP 	Device response: <KeyPress from None: t=574.9691633000039, value=left, duration=None>
574.9720 	EXP 	New trial (rep=31, index=6): <Trial 316 (6 in rep 31) data={'cue_arrow': '←', 'target_x': -0.5, 'condition': 'valid', 'corr_Ans': 'left', 'thisN': 316, 'thisTrialN': 6, 'thisRepN': 31}>
574.9753 	DATA 	Keypress: left
574.9865 	EXP 	fixation: autoDraw = False
574.9865 	EXP 	cue_text: autoDraw = False
574.9865 	EXP 	target: autoDraw = False
574.9865 	EXP 	cue_text: height = np.float64(0.1)
574.9865 	EXP 	cue_text: height = np.float64(0.1)
574.9865 	EXP 	cue_text: height = np.float64(0.1)
574.9865 	EXP 	cue_text: text = '←'
574.9865 	EXP 	fixation: autoDraw = True
575.0870 	EXP 	Device response: <KeyPress from None: t=574.9691633000039, value=left, duration=0.108733699991717>
575.4717 	EXP 	fixation: autoDraw = False
575.4717 	EXP 	cue_text: autoDraw = True
575.7714 	EXP 	cue_text: autoDraw = False
576.0719 	INFO 	Keyboard events cleared
576.0717 	EXP 	target: autoDraw = True
577.8547 	EXP 	Device response: <KeyPress from None: t=577.8465149999975, value=left, duration=None>
577.8550 	EXP 	New trial (rep=31, index=7): <Trial 317 (7 in rep 31) data={'cue_arrow': '→', 'target_x': 0.5, 'condition': 'valid', 'corr_Ans': 'right', 'thisN': 317, 'thisTrialN': 7, 'thisRepN': 31}>
577.8580 	DATA 	Keypress: left
577.8700 	EXP 	fixation: autoDraw = False
577.8700 	EXP 	cue_text: autoDraw = False
577.8700 	EXP 	target: autoDraw = False
577.8700 	EXP 	cue_text: height = np.float64(0.1)
577.8700 	EXP 	cue_text: height = np.float64(0.1)
577.8700 	EXP 	cue_text: height = np.float64(0.1)
577.8700 	EXP 	cue_text: text = '→'
577.8700 	EXP 	fixation: autoDraw = True
577.9712 	EXP 	Device response: <KeyPress from None: t=577.8465149999975, value=left, duration=0.10842350000166334>
578.3554 	EXP 	fixation: autoDraw = False
578.3554 	EXP 	cue_text: autoDraw = True
578.6715 	EXP 	cue_text: autoDraw = False
578.9549 	INFO 	Keyboard events cleared
578.9547 	EXP 	target: autoDraw = True
579.3880 	EXP 	Device response: <KeyPress from None: t=579.3768741999957, value=right, duration=None>
579.3884 	EXP 	New trial (rep=31, index=8): <Trial 318 (8 in rep 31) data={'cue_arrow': '→', 'target_x': 0.5, 'condition': 'valid', 'corr_Ans': 'right', 'thisN': 318, 'thisTrialN': 8, 'thisRepN': 31}>
579.3895 	DATA 	Keypress: right
579.4048 	EXP 	fixation: autoDraw = False
579.4048 	EXP 	cue_text: autoDraw = False
579.4048 	EXP 	target: autoDraw = False
579.4048 	EXP 	cue_text: text = '→'
579.4048 	EXP 	fixation: autoDraw = True
579.5217 	EXP 	Device response: <KeyPress from None: t=579.3768741999957, value=right, duration=0.14153049999731593>
579.9036 	EXP 	fixation: autoDraw = False
579.9036 	EXP 	cue_text: autoDraw = True
580.2035 	EXP 	cue_text: autoDraw = False
580.5033 	INFO 	Keyboard events cleared
580.5031 	EXP 	target: autoDraw = True
580.8877 	EXP 	Device response: <KeyPress from None: t=580.8808265999978, value=right, duration=None>
580.8880 	EXP 	New trial (rep=31, index=9): <Trial 319 (9 in rep 31) data={'cue_arrow': '←', 'target_x': -0.5, 'condition': 'valid', 'corr_Ans': 'left', 'thisN': 319, 'thisTrialN': 9, 'thisRepN': 31}>
580.8911 	DATA 	Keypress: right
580.9033 	EXP 	fixation: autoDraw = False
580.9033 	EXP 	cue_text: autoDraw = False
580.9033 	EXP 	target: autoDraw = False
580.9033 	EXP 	cue_text: height = np.float64(0.1)
580.9033 	EXP 	cue_text: height = np.float64(0.1)
580.9033 	EXP 	cue_text: height = np.float64(0.1)
580.9033 	EXP 	cue_text: text = '←'
580.9033 	EXP 	fixation: autoDraw = True
580.9711 	EXP 	Device response: <KeyPress from None: t=580.8808265999978, value=right, duration=0.08726250000472646>
581.3865 	EXP 	fixation: autoDraw = False
581.3865 	EXP 	cue_text: autoDraw = True
581.6871 	EXP 	cue_text: autoDraw = False
581.9866 	INFO 	Keyboard events cleared
581.9865 	EXP 	target: autoDraw = True
582.6379 	DATA 	Keypress: left
582.6540 	EXP 	Device response: <KeyPress from None: t=582.6371335000003, value=left, duration=None>
582.6543 	EXP 	New trial (rep=32, index=0): <Trial 320 (0 in rep 32) data={'cue_arrow': '←', 'target_x': -0.5, 'condition': 'valid', 'corr_Ans': 'left', 'thisN': 320, 'thisTrialN': 0, 'thisRepN': 32}>
582.6698 	EXP 	fixation: autoDraw = False
582.6698 	EXP 	cue_text: autoDraw = False
582.6698 	EXP 	target: autoDraw = False
582.6698 	EXP 	cue_text: text = '←'
582.6698 	EXP 	fixation: autoDraw = True
582.8041 	EXP 	Device response: <KeyPress from None: t=582.6371335000003, value=left, duration=0.15091349999420345>
583.1539 	EXP 	fixation: autoDraw = False
583.1539 	EXP 	cue_text: autoDraw = True
583.4538 	EXP 	cue_text: autoDraw = False
583.7555 	INFO 	Keyboard events cleared
583.7553 	EXP 	target: autoDraw = True
583.9728 	DATA 	Keypress: left
583.9871 	EXP 	Device response: <KeyPress from None: t=583.9714641000028, value=left, duration=None>
583.9876 	EXP 	New trial (rep=32, index=1): <Trial 321 (1 in rep 32) data={'cue_arrow': '←', 'target_x': -0.5, 'condition': 'valid', 'corr_Ans': 'left', 'thisN': 321, 'thisTrialN': 1, 'thisRepN': 32}>
584.0048 	EXP 	fixation: autoDraw = False
584.0048 	EXP 	cue_text: autoDraw = False
584.0048 	EXP 	target: autoDraw = False
584.0048 	EXP 	cue_text: text = '←'
584.0048 	EXP 	fixation: autoDraw = True
584.1209 	EXP 	Device response: <KeyPress from None: t=583.9714641000028, value=left, duration=0.1400188999978127>
584.4875 	EXP 	fixation: autoDraw = False
584.4875 	EXP 	cue_text: autoDraw = True
584.7869 	EXP 	cue_text: autoDraw = False
585.0888 	INFO 	Keyboard events cleared
585.0886 	EXP 	target: autoDraw = True
585.8224 	EXP 	Device response: <KeyPress from None: t=585.8139503999992, value=left, duration=None>
585.8229 	EXP 	New trial (rep=32, index=2): <Trial 322 (2 in rep 32) data={'cue_arrow': '←', 'target_x': -0.5, 'condition': 'valid', 'corr_Ans': 'left', 'thisN': 322, 'thisTrialN': 2, 'thisRepN': 32}>
585.8241 	DATA 	Keypress: left
585.8375 	EXP 	fixation: autoDraw = False
585.8375 	EXP 	cue_text: autoDraw = False
585.8375 	EXP 	target: autoDraw = False
585.8375 	EXP 	cue_text: text = '←'
585.8375 	EXP 	fixation: autoDraw = True
585.9381 	EXP 	Device response: <KeyPress from None: t=585.8139503999992, value=left, duration=0.10978659999091178>
586.3386 	EXP 	fixation: autoDraw = False
586.3386 	EXP 	cue_text: autoDraw = True
586.6383 	EXP 	cue_text: autoDraw = False
586.9223 	INFO 	Keyboard events cleared
586.9220 	EXP 	target: autoDraw = True
587.4563 	DATA 	Keypress: left
587.4713 	EXP 	Device response: <KeyPress from None: t=587.4551256999985, value=left, duration=None>
587.4716 	EXP 	New trial (rep=32, index=3): <Trial 323 (3 in rep 32) data={'cue_arrow': '→', 'target_x': 0.5, 'condition': 'valid', 'corr_Ans': 'right', 'thisN': 323, 'thisTrialN': 3, 'thisRepN': 32}>
587.4884 	EXP 	fixation: autoDraw = False
587.4884 	EXP 	cue_text: autoDraw = False
587.4884 	EXP 	target: autoDraw = False
587.4884 	EXP 	cue_text: height = np.float64(0.1)
587.4884 	EXP 	cue_text: height = np.float64(0.1)
587.4884 	EXP 	cue_text: height = np.float64(0.1)
587.4884 	EXP 	cue_text: text = '→'
587.4884 	EXP 	fixation: autoDraw = True
587.6382 	EXP 	Device response: <KeyPress from None: t=587.4551256999985, value=left, duration=0.17992039999808185>
587.9711 	EXP 	fixation: autoDraw = False
587.9711 	EXP 	cue_text: autoDraw = True
588.2710 	EXP 	cue_text: autoDraw = False
588.5722 	INFO 	Keyboard events cleared
588.5720 	EXP 	target: autoDraw = True
589.1048 	EXP 	Device response: <KeyPress from None: t=589.094247999994, value=right, duration=None>
589.1051 	EXP 	New trial (rep=32, index=4): <Trial 324 (4 in rep 32) data={'cue_arrow': '→', 'target_x': 0.5, 'condition': 'valid', 'corr_Ans': 'right', 'thisN': 324, 'thisTrialN': 4, 'thisRepN': 32}>
589.1063 	DATA 	Keypress: right
589.1216 	EXP 	fixation: autoDraw = False
589.1216 	EXP 	cue_text: autoDraw = False
589.1216 	EXP 	target: autoDraw = False
589.1216 	EXP 	cue_text: text = '→'
589.1216 	EXP 	fixation: autoDraw = True
589.2562 	EXP 	Device response: <KeyPress from None: t=589.094247999994, value=right, duration=0.1468001000030199>
589.6050 	EXP 	fixation: autoDraw = False
589.6050 	EXP 	cue_text: autoDraw = True
589.9050 	EXP 	cue_text: autoDraw = False
590.2054 	INFO 	Keyboard events cleared
590.2052 	EXP 	target: autoDraw = True
590.5549 	EXP 	Device response: <KeyPress from None: t=590.5441855999961, value=right, duration=None>
590.5552 	EXP 	New trial (rep=32, index=5): <Trial 325 (5 in rep 32) data={'cue_arrow': '→', 'target_x': 0.5, 'condition': 'valid', 'corr_Ans': 'right', 'thisN': 325, 'thisTrialN': 5, 'thisRepN': 32}>
590.5564 	DATA 	Keypress: right
590.5703 	EXP 	fixation: autoDraw = False
590.5703 	EXP 	cue_text: autoDraw = False
590.5703 	EXP 	target: autoDraw = False
590.5703 	EXP 	cue_text: text = '→'
590.5703 	EXP 	fixation: autoDraw = True
590.7221 	EXP 	Device response: <KeyPress from None: t=590.5441855999961, value=right, duration=0.17690439999569207>
591.0550 	EXP 	fixation: autoDraw = False
591.0550 	EXP 	cue_text: autoDraw = True
591.3719 	EXP 	cue_text: autoDraw = False
591.6555 	INFO 	Keyboard events cleared
591.6553 	EXP 	target: autoDraw = True
592.6047 	EXP 	Device response: <KeyPress from None: t=592.5907974000002, value=right, duration=None>
592.6050 	EXP 	New trial (rep=32, index=6): <Trial 326 (6 in rep 32) data={'cue_arrow': '←', 'target_x': 0.5, 'condition': 'invalid', 'corr_Ans': 'right', 'thisN': 326, 'thisTrialN': 6, 'thisRepN': 32}>
592.6080 	DATA 	Keypress: right
592.6217 	EXP 	fixation: autoDraw = False
592.6217 	EXP 	cue_text: autoDraw = False
592.6217 	EXP 	target: autoDraw = False
592.6217 	EXP 	cue_text: height = np.float64(0.1)
592.6217 	EXP 	cue_text: height = np.float64(0.1)
592.6217 	EXP 	cue_text: height = np.float64(0.1)
592.6217 	EXP 	cue_text: text = '←'
592.6217 	EXP 	fixation: autoDraw = True
592.7553 	EXP 	Device response: <KeyPress from None: t=592.5907974000002, value=right, duration=0.15202909999061376>
593.1052 	EXP 	fixation: autoDraw = False
593.1052 	EXP 	cue_text: autoDraw = True
593.4053 	EXP 	cue_text: autoDraw = False
593.7057 	INFO 	Keyboard events cleared
593.7055 	EXP 	target: autoDraw = True
595.2053 	EXP 	Device response: <KeyPress from None: t=595.204610300003, value=right, duration=None>
595.2062 	DATA 	Keypress: right
595.2213 	EXP 	New trial (rep=32, index=7): <Trial 327 (7 in rep 32) data={'cue_arrow': '→', 'target_x': 0.5, 'condition': 'valid', 'corr_Ans': 'right', 'thisN': 327, 'thisTrialN': 7, 'thisRepN': 32}>
595.2385 	EXP 	fixation: autoDraw = False
595.2385 	EXP 	cue_text: autoDraw = False
595.2385 	EXP 	target: autoDraw = False
595.2385 	EXP 	cue_text: height = np.float64(0.1)
595.2385 	EXP 	cue_text: height = np.float64(0.1)
595.2385 	EXP 	cue_text: height = np.float64(0.1)
595.2385 	EXP 	cue_text: text = '→'
595.2385 	EXP 	fixation: autoDraw = True
595.3046 	EXP 	Device response: <KeyPress from None: t=595.204610300003, value=right, duration=0.08874829999695066>
595.7218 	EXP 	fixation: autoDraw = False
595.7218 	EXP 	cue_text: autoDraw = True
596.0219 	EXP 	cue_text: autoDraw = False
596.3222 	INFO 	Keyboard events cleared
596.3220 	EXP 	target: autoDraw = True
596.7053 	EXP 	Device response: <KeyPress from None: t=596.702431999991, value=right, duration=None>
596.7055 	EXP 	New trial (rep=32, index=8): <Trial 328 (8 in rep 32) data={'cue_arrow': '→', 'target_x': -0.5, 'condition': 'invalid', 'corr_Ans': 'left', 'thisN': 328, 'thisTrialN': 8, 'thisRepN': 32}>
596.7067 	DATA 	Keypress: right
596.7202 	EXP 	fixation: autoDraw = False
596.7202 	EXP 	cue_text: autoDraw = False
596.7202 	EXP 	target: autoDraw = False
596.7202 	EXP 	cue_text: text = '→'
596.7202 	EXP 	fixation: autoDraw = True
596.8382 	EXP 	Device response: <KeyPress from None: t=596.702431999991, value=right, duration=0.1215649000077974>
597.2050 	EXP 	fixation: autoDraw = False
597.2050 	EXP 	cue_text: autoDraw = True
597.5218 	EXP 	cue_text: autoDraw = False
597.8053 	INFO 	Keyboard events cleared
597.8051 	EXP 	target: autoDraw = True
598.9060 	EXP 	Device response: <KeyPress from None: t=598.8992033999966, value=left, duration=None>
598.9064 	EXP 	New trial (rep=32, index=9): <Trial 329 (9 in rep 32) data={'cue_arrow': '←', 'target_x': -0.5, 'condition': 'valid', 'corr_Ans': 'left', 'thisN': 329, 'thisTrialN': 9, 'thisRepN': 32}>
598.9094 	DATA 	Keypress: left
598.9201 	EXP 	fixation: autoDraw = False
598.9201 	EXP 	cue_text: autoDraw = False
598.9201 	EXP 	target: autoDraw = False
598.9201 	EXP 	cue_text: height = np.float64(0.1)
598.9201 	EXP 	cue_text: height = np.float64(0.1)
598.9201 	EXP 	cue_text: height = np.float64(0.1)
598.9201 	EXP 	cue_text: text = '←'
598.9201 	EXP 	fixation: autoDraw = True
599.0387 	EXP 	Device response: <KeyPress from None: t=598.8992033999966, value=left, duration=0.12960640000528656>
599.4225 	EXP 	fixation: autoDraw = False
599.4225 	EXP 	cue_text: autoDraw = True
599.7050 	EXP 	cue_text: autoDraw = False
600.0056 	INFO 	Keyboard events cleared
600.0054 	EXP 	target: autoDraw = True
601.1723 	EXP 	Device response: <KeyPress from None: t=601.1658788999921, value=left, duration=None>
601.1727 	EXP 	New trial (rep=33, index=0): <Trial 330 (0 in rep 33) data={'cue_arrow': '←', 'target_x': 0.5, 'condition': 'invalid', 'corr_Ans': 'right', 'thisN': 330, 'thisTrialN': 0, 'thisRepN': 33}>
601.1739 	DATA 	Keypress: left
601.1873 	EXP 	fixation: autoDraw = False
601.1873 	EXP 	cue_text: autoDraw = False
601.1873 	EXP 	target: autoDraw = False
601.1873 	EXP 	cue_text: text = '←'
601.1873 	EXP 	fixation: autoDraw = True
601.3555 	EXP 	Device response: <KeyPress from None: t=601.1658788999921, value=left, duration=0.1809586000017589>
601.6714 	EXP 	fixation: autoDraw = False
601.6714 	EXP 	cue_text: autoDraw = True
601.9721 	EXP 	cue_text: autoDraw = False
602.2723 	INFO 	Keyboard events cleared
602.2721 	EXP 	target: autoDraw = True
603.4377 	EXP 	Device response: <KeyPress from None: t=603.4246593999997, value=right, duration=None>
603.4381 	EXP 	New trial (rep=33, index=1): <Trial 331 (1 in rep 33) data={'cue_arrow': '←', 'target_x': -0.5, 'condition': 'valid', 'corr_Ans': 'left', 'thisN': 331, 'thisTrialN': 1, 'thisRepN': 33}>
603.4393 	DATA 	Keypress: right
603.4552 	EXP 	fixation: autoDraw = False
603.4552 	EXP 	cue_text: autoDraw = False
603.4552 	EXP 	target: autoDraw = False
603.4552 	EXP 	cue_text: text = '←'
603.4552 	EXP 	fixation: autoDraw = True
603.5711 	EXP 	Device response: <KeyPress from None: t=603.4246593999997, value=right, duration=0.14007539999147411>
603.9391 	EXP 	fixation: autoDraw = False
603.9391 	EXP 	cue_text: autoDraw = True
604.2385 	EXP 	cue_text: autoDraw = False
604.5385 	INFO 	Keyboard events cleared
604.5384 	EXP 	target: autoDraw = True
605.1053 	EXP 	Device response: <KeyPress from None: t=605.101582000003, value=left, duration=None>
605.1056 	EXP 	New trial (rep=33, index=2): <Trial 332 (2 in rep 33) data={'cue_arrow': '→', 'target_x': 0.5, 'condition': 'valid', 'corr_Ans': 'right', 'thisN': 332, 'thisTrialN': 2, 'thisRepN': 33}>
605.1090 	DATA 	Keypress: left
605.1211 	EXP 	fixation: autoDraw = False
605.1211 	EXP 	cue_text: autoDraw = False
605.1211 	EXP 	target: autoDraw = False
605.1211 	EXP 	cue_text: height = np.float64(0.1)
605.1211 	EXP 	cue_text: height = np.float64(0.1)
605.1211 	EXP 	cue_text: height = np.float64(0.1)
605.1211 	EXP 	cue_text: text = '→'
605.1211 	EXP 	fixation: autoDraw = True
605.3050 	EXP 	Device response: <KeyPress from None: t=605.101582000003, value=left, duration=0.20082889999321196>
605.6212 	EXP 	fixation: autoDraw = False
605.6212 	EXP 	cue_text: autoDraw = True
605.9055 	EXP 	cue_text: autoDraw = False
606.2057 	INFO 	Keyboard events cleared
606.2055 	EXP 	target: autoDraw = True
607.2879 	EXP 	Device response: <KeyPress from None: t=607.284133299996, value=right, duration=None>
607.2882 	EXP 	New trial (rep=33, index=3): <Trial 333 (3 in rep 33) data={'cue_arrow': '←', 'target_x': -0.5, 'condition': 'valid', 'corr_Ans': 'left', 'thisN': 333, 'thisTrialN': 3, 'thisRepN': 33}>
607.2911 	DATA 	Keypress: right
607.3045 	EXP 	fixation: autoDraw = False
607.3045 	EXP 	cue_text: autoDraw = False
607.3045 	EXP 	target: autoDraw = False
607.3045 	EXP 	cue_text: height = np.float64(0.1)
607.3045 	EXP 	cue_text: height = np.float64(0.1)
607.3045 	EXP 	cue_text: height = np.float64(0.1)
607.3045 	EXP 	cue_text: text = '←'
607.3045 	EXP 	fixation: autoDraw = True
607.4379 	EXP 	Device response: <KeyPress from None: t=607.284133299996, value=right, duration=0.13978169999609236>
607.7890 	EXP 	fixation: autoDraw = False
607.7890 	EXP 	cue_text: autoDraw = True
608.0892 	EXP 	cue_text: autoDraw = False
608.3892 	INFO 	Keyboard events cleared
608.3890 	EXP 	target: autoDraw = True
609.3903 	DATA 	Keypress: left
609.4046 	EXP 	Device response: <KeyPress from None: t=609.388655799994, value=left, duration=None>
609.4049 	EXP 	New trial (rep=33, index=4): <Trial 334 (4 in rep 33) data={'cue_arrow': '→', 'target_x': 0.5, 'condition': 'valid', 'corr_Ans': 'right', 'thisN': 334, 'thisTrialN': 4, 'thisRepN': 33}>
609.4226 	EXP 	fixation: autoDraw = False
609.4226 	EXP 	cue_text: autoDraw = False
609.4226 	EXP 	target: autoDraw = False
609.4226 	EXP 	cue_text: height = np.float64(0.1)
609.4226 	EXP 	cue_text: height = np.float64(0.1)
609.4226 	EXP 	cue_text: height = np.float64(0.1)
609.4226 	EXP 	cue_text: text = '→'
609.4226 	EXP 	fixation: autoDraw = True
609.5552 	EXP 	Device response: <KeyPress from None: t=609.388655799994, value=left, duration=0.1600866000080714>
609.9056 	EXP 	fixation: autoDraw = False
609.9056 	EXP 	cue_text: autoDraw = True
610.2051 	EXP 	cue_text: autoDraw = False
610.5058 	INFO 	Keyboard events cleared
610.5056 	EXP 	target: autoDraw = True
611.4047 	EXP 	Device response: <KeyPress from None: t=611.391747200003, value=right, duration=None>
611.4051 	EXP 	New trial (rep=33, index=5): <Trial 335 (5 in rep 33) data={'cue_arrow': '→', 'target_x': -0.5, 'condition': 'invalid', 'corr_Ans': 'left', 'thisN': 335, 'thisTrialN': 5, 'thisRepN': 33}>
611.4062 	DATA 	Keypress: right
611.4221 	EXP 	fixation: autoDraw = False
611.4221 	EXP 	cue_text: autoDraw = False
611.4221 	EXP 	target: autoDraw = False
611.4221 	EXP 	cue_text: text = '→'
611.4221 	EXP 	fixation: autoDraw = True
611.5886 	EXP 	Device response: <KeyPress from None: t=611.391747200003, value=right, duration=0.18331670000043232>
611.9056 	EXP 	fixation: autoDraw = False
611.9056 	EXP 	cue_text: autoDraw = True
612.2043 	EXP 	cue_text: autoDraw = False
612.5059 	INFO 	Keyboard events cleared
612.5057 	EXP 	target: autoDraw = True
613.0061 	EXP 	Device response: <KeyPress from None: t=612.9956504000002, value=left, duration=None>
613.0064 	EXP 	New trial (rep=33, index=6): <Trial 336 (6 in rep 33) data={'cue_arrow': '→', 'target_x': 0.5, 'condition': 'valid', 'corr_Ans': 'right', 'thisN': 336, 'thisTrialN': 6, 'thisRepN': 33}>
613.0077 	DATA 	Keypress: left
613.0213 	EXP 	fixation: autoDraw = False
613.0213 	EXP 	cue_text: autoDraw = False
613.0213 	EXP 	target: autoDraw = False
613.0213 	EXP 	cue_text: text = '→'
613.0213 	EXP 	fixation: autoDraw = True
613.2052 	EXP 	Device response: <KeyPress from None: t=612.9956504000002, value=left, duration=0.2001923999923747>
613.5046 	EXP 	fixation: autoDraw = False
613.5046 	EXP 	cue_text: autoDraw = True
613.8223 	EXP 	cue_text: autoDraw = False
614.1229 	INFO 	Keyboard events cleared
614.1227 	EXP 	target: autoDraw = True
614.5054 	EXP 	Device response: <KeyPress from None: t=614.5035305999918, value=right, duration=None>
614.5059 	EXP 	New trial (rep=33, index=7): <Trial 337 (7 in rep 33) data={'cue_arrow': '←', 'target_x': -0.5, 'condition': 'valid', 'corr_Ans': 'left', 'thisN': 337, 'thisTrialN': 7, 'thisRepN': 33}>
614.5097 	DATA 	Keypress: right
614.5217 	EXP 	fixation: autoDraw = False
614.5217 	EXP 	cue_text: autoDraw = False
614.5217 	EXP 	target: autoDraw = False
614.5217 	EXP 	cue_text: height = np.float64(0.1)
614.5217 	EXP 	cue_text: height = np.float64(0.1)
614.5217 	EXP 	cue_text: height = np.float64(0.1)
614.5217 	EXP 	cue_text: text = '←'
614.5217 	EXP 	fixation: autoDraw = True
614.6553 	EXP 	Device response: <KeyPress from None: t=614.5035305999918, value=right, duration=0.1378815000061877>
615.0057 	EXP 	fixation: autoDraw = False
615.0057 	EXP 	cue_text: autoDraw = True
615.3047 	EXP 	cue_text: autoDraw = False
615.6059 	INFO 	Keyboard events cleared
615.6057 	EXP 	target: autoDraw = True
616.8574 	DATA 	Keypress: left
616.8725 	EXP 	Device response: <KeyPress from None: t=616.8568338000041, value=left, duration=None>
616.8728 	EXP 	New trial (rep=33, index=8): <Trial 338 (8 in rep 33) data={'cue_arrow': '→', 'target_x': 0.5, 'condition': 'valid', 'corr_Ans': 'right', 'thisN': 338, 'thisTrialN': 8, 'thisRepN': 33}>
616.8883 	EXP 	fixation: autoDraw = False
616.8883 	EXP 	cue_text: autoDraw = False
616.8883 	EXP 	target: autoDraw = False
616.8883 	EXP 	cue_text: height = np.float64(0.1)
616.8883 	EXP 	cue_text: height = np.float64(0.1)
616.8883 	EXP 	cue_text: height = np.float64(0.1)
616.8883 	EXP 	cue_text: text = '→'
616.8883 	EXP 	fixation: autoDraw = True
617.0553 	EXP 	Device response: <KeyPress from None: t=616.8568338000041, value=left, duration=0.19365909999760333>
617.3888 	EXP 	fixation: autoDraw = False
617.3888 	EXP 	cue_text: autoDraw = True
617.6721 	EXP 	cue_text: autoDraw = False
617.9727 	INFO 	Keyboard events cleared
617.9724 	EXP 	target: autoDraw = True
618.6217 	EXP 	Device response: <KeyPress from None: t=618.615547399997, value=right, duration=None>
618.6222 	EXP 	New trial (rep=33, index=9): <Trial 339 (9 in rep 33) data={'cue_arrow': '←', 'target_x': -0.5, 'condition': 'valid', 'corr_Ans': 'left', 'thisN': 339, 'thisTrialN': 9, 'thisRepN': 33}>
618.6251 	DATA 	Keypress: right
618.6386 	EXP 	fixation: autoDraw = False
618.6386 	EXP 	cue_text: autoDraw = False
618.6386 	EXP 	target: autoDraw = False
618.6386 	EXP 	cue_text: height = np.float64(0.1)
618.6386 	EXP 	cue_text: height = np.float64(0.1)
618.6386 	EXP 	cue_text: height = np.float64(0.1)
618.6386 	EXP 	cue_text: text = '←'
618.6386 	EXP 	fixation: autoDraw = True
618.8389 	EXP 	Device response: <KeyPress from None: t=618.615547399997, value=right, duration=0.21171920000051614>
619.1216 	EXP 	fixation: autoDraw = False
619.1216 	EXP 	cue_text: autoDraw = True
619.4214 	EXP 	cue_text: autoDraw = False
619.7226 	INFO 	Keyboard events cleared
619.7224 	EXP 	target: autoDraw = True
620.0234 	EXP 	Device response: <KeyPress from None: t=620.0125153999979, value=left, duration=None>
620.0239 	EXP 	New trial (rep=34, index=0): <Trial 340 (0 in rep 34) data={'cue_arrow': '→', 'target_x': -0.5, 'condition': 'invalid', 'corr_Ans': 'left', 'thisN': 340, 'thisTrialN': 0, 'thisRepN': 34}>
620.0276 	DATA 	Keypress: left
620.0371 	EXP 	fixation: autoDraw = False
620.0371 	EXP 	cue_text: autoDraw = False
620.0371 	EXP 	target: autoDraw = False
620.0371 	EXP 	cue_text: height = np.float64(0.1)
620.0371 	EXP 	cue_text: height = np.float64(0.1)
620.0371 	EXP 	cue_text: height = np.float64(0.1)
620.0371 	EXP 	cue_text: text = '→'
620.0371 	EXP 	fixation: autoDraw = True
620.1722 	EXP 	Device response: <KeyPress from None: t=620.0125153999979, value=left, duration=0.14862379999249242>
620.5373 	EXP 	fixation: autoDraw = False
620.5373 	EXP 	cue_text: autoDraw = True
620.8390 	EXP 	cue_text: autoDraw = False
621.1393 	INFO 	Keyboard events cleared
621.1391 	EXP 	target: autoDraw = True
622.3056 	EXP 	Device response: <KeyPress from None: t=622.2947928999929, value=left, duration=None>
622.3059 	EXP 	New trial (rep=34, index=1): <Trial 341 (1 in rep 34) data={'cue_arrow': '→', 'target_x': 0.5, 'condition': 'valid', 'corr_Ans': 'right', 'thisN': 341, 'thisTrialN': 1, 'thisRepN': 34}>
622.3071 	DATA 	Keypress: left
622.3223 	EXP 	fixation: autoDraw = False
622.3223 	EXP 	cue_text: autoDraw = False
622.3223 	EXP 	target: autoDraw = False
622.3223 	EXP 	cue_text: text = '→'
622.3223 	EXP 	fixation: autoDraw = True
622.4731 	EXP 	Device response: <KeyPress from None: t=622.2947928999929, value=left, duration=0.1702540999976918>
622.8059 	EXP 	fixation: autoDraw = False
622.8059 	EXP 	cue_text: autoDraw = True
623.1055 	EXP 	cue_text: autoDraw = False
623.4229 	INFO 	Keyboard events cleared
623.4227 	EXP 	target: autoDraw = True
624.9889 	EXP 	Device response: <KeyPress from None: t=624.9878098999907, value=right, duration=None>
624.9892 	EXP 	New trial (rep=34, index=2): <Trial 342 (2 in rep 34) data={'cue_arrow': '←', 'target_x': 0.5, 'condition': 'invalid', 'corr_Ans': 'right', 'thisN': 342, 'thisTrialN': 2, 'thisRepN': 34}>
624.9921 	DATA 	Keypress: right
625.0043 	EXP 	fixation: autoDraw = False
625.0043 	EXP 	cue_text: autoDraw = False
625.0043 	EXP 	target: autoDraw = False
625.0043 	EXP 	cue_text: height = np.float64(0.1)
625.0043 	EXP 	cue_text: height = np.float64(0.1)
625.0043 	EXP 	cue_text: height = np.float64(0.1)
625.0043 	EXP 	cue_text: text = '←'
625.0043 	EXP 	fixation: autoDraw = True
625.1720 	EXP 	Device response: <KeyPress from None: t=624.9878098999907, value=right, duration=0.1689840000035474>
625.4883 	EXP 	fixation: autoDraw = False
625.4883 	EXP 	cue_text: autoDraw = True
625.7875 	EXP 	cue_text: autoDraw = False
626.0894 	INFO 	Keyboard events cleared
626.0892 	EXP 	target: autoDraw = True
626.5394 	EXP 	Device response: <KeyPress from None: t=626.5321430999902, value=left, duration=None>
626.5397 	EXP 	New trial (rep=34, index=3): <Trial 343 (3 in rep 34) data={'cue_arrow': '←', 'target_x': -0.5, 'condition': 'valid', 'corr_Ans': 'left', 'thisN': 343, 'thisTrialN': 3, 'thisRepN': 34}>
626.5409 	DATA 	Keypress: left
626.5549 	EXP 	fixation: autoDraw = False
626.5549 	EXP 	cue_text: autoDraw = False
626.5549 	EXP 	target: autoDraw = False
626.5549 	EXP 	cue_text: text = '←'
626.5549 	EXP 	fixation: autoDraw = True
626.6385 	EXP 	Device response: <KeyPress from None: t=626.5321430999902, value=left, duration=0.09728190000168979>
627.0072 	DATA 	Keypress: right
627.0214 	EXP 	Device response: <KeyPress from None: t=627.0059001999907, value=right, duration=None>
627.0559 	EXP 	fixation: autoDraw = False
627.0559 	EXP 	cue_text: autoDraw = True
627.3216 	EXP 	Device response: <KeyPress from None: t=627.0059001999907, value=right, duration=0.31371970000327565>
627.3557 	EXP 	cue_text: autoDraw = False
627.6394 	INFO 	Keyboard events cleared
627.6392 	EXP 	target: autoDraw = True
628.8062 	EXP 	Device response: <KeyPress from None: t=628.7928197000001, value=left, duration=None>
628.8066 	EXP 	New trial (rep=34, index=4): <Trial 344 (4 in rep 34) data={'cue_arrow': '→', 'target_x': 0.5, 'condition': 'valid', 'corr_Ans': 'right', 'thisN': 344, 'thisTrialN': 4, 'thisRepN': 34}>
628.8102 	DATA 	Keypress: left
628.8214 	EXP 	fixation: autoDraw = False
628.8214 	EXP 	cue_text: autoDraw = False
628.8214 	EXP 	target: autoDraw = False
628.8214 	EXP 	cue_text: height = np.float64(0.1)
628.8214 	EXP 	cue_text: height = np.float64(0.1)
628.8214 	EXP 	cue_text: height = np.float64(0.1)
628.8214 	EXP 	cue_text: text = '→'
628.8214 	EXP 	fixation: autoDraw = True
628.9233 	EXP 	Device response: <KeyPress from None: t=628.7928197000001, value=left, duration=0.12220549999619834>
629.3048 	EXP 	fixation: autoDraw = False
629.3048 	EXP 	cue_text: autoDraw = True
629.6057 	EXP 	cue_text: autoDraw = False
629.9059 	INFO 	Keyboard events cleared
629.9057 	EXP 	target: autoDraw = True
631.2403 	EXP 	Device response: <KeyPress from None: t=631.2274991000013, value=right, duration=None>
631.2408 	EXP 	New trial (rep=34, index=5): <Trial 345 (5 in rep 34) data={'cue_arrow': '←', 'target_x': -0.5, 'condition': 'valid', 'corr_Ans': 'left', 'thisN': 345, 'thisTrialN': 5, 'thisRepN': 34}>
631.2441 	DATA 	Keypress: right
631.2541 	EXP 	fixation: autoDraw = False
631.2541 	EXP 	cue_text: autoDraw = False
631.2541 	EXP 	target: autoDraw = False
631.2541 	EXP 	cue_text: height = np.float64(0.1)
631.2541 	EXP 	cue_text: height = np.float64(0.1)
631.2541 	EXP 	cue_text: height = np.float64(0.1)
631.2541 	EXP 	cue_text: text = '←'
631.2541 	EXP 	fixation: autoDraw = True
631.3381 	EXP 	Device response: <KeyPress from None: t=631.2274991000013, value=right, duration=0.10110739999799989>
631.7553 	EXP 	fixation: autoDraw = False
631.7553 	EXP 	cue_text: autoDraw = True
632.0559 	EXP 	cue_text: autoDraw = False
632.3563 	INFO 	Keyboard events cleared
632.3561 	EXP 	target: autoDraw = True
633.2226 	EXP 	Device response: <KeyPress from None: t=633.2206607999979, value=left, duration=None>
633.2231 	EXP 	New trial (rep=34, index=6): <Trial 346 (6 in rep 34) data={'cue_arrow': '→', 'target_x': 0.5, 'condition': 'valid', 'corr_Ans': 'right', 'thisN': 346, 'thisTrialN': 6, 'thisRepN': 34}>
633.2268 	DATA 	Keypress: left
633.2384 	EXP 	fixation: autoDraw = False
633.2384 	EXP 	cue_text: autoDraw = False
633.2384 	EXP 	target: autoDraw = False
633.2384 	EXP 	cue_text: height = np.float64(0.1)
633.2384 	EXP 	cue_text: height = np.float64(0.1)
633.2384 	EXP 	cue_text: height = np.float64(0.1)
633.2384 	EXP 	cue_text: text = '→'
633.2384 	EXP 	fixation: autoDraw = True
633.3550 	EXP 	Device response: <KeyPress from None: t=633.2206607999979, value=left, duration=0.12460179999470711>
633.7394 	EXP 	fixation: autoDraw = False
633.7394 	EXP 	cue_text: autoDraw = True
634.0226 	EXP 	cue_text: autoDraw = False
634.3222 	INFO 	Keyboard events cleared
634.3220 	EXP 	target: autoDraw = True
634.6049 	EXP 	Device response: <KeyPress from None: t=634.6006877000036, value=right, duration=None>
634.6053 	EXP 	New trial (rep=34, index=7): <Trial 347 (7 in rep 34) data={'cue_arrow': '←', 'target_x': -0.5, 'condition': 'valid', 'corr_Ans': 'left', 'thisN': 347, 'thisTrialN': 7, 'thisRepN': 34}>
634.6082 	DATA 	Keypress: right
634.6215 	EXP 	fixation: autoDraw = False
634.6215 	EXP 	cue_text: autoDraw = False
634.6215 	EXP 	target: autoDraw = False
634.6215 	EXP 	cue_text: height = np.float64(0.1)
634.6215 	EXP 	cue_text: height = np.float64(0.1)
634.6215 	EXP 	cue_text: height = np.float64(0.1)
634.6215 	EXP 	cue_text: text = '←'
634.6215 	EXP 	fixation: autoDraw = True
634.7226 	EXP 	Device response: <KeyPress from None: t=634.6006877000036, value=right, duration=0.12094869998691138>
635.1061 	EXP 	fixation: autoDraw = False
635.1061 	EXP 	cue_text: autoDraw = True
635.4055 	EXP 	cue_text: autoDraw = False
635.7061 	INFO 	Keyboard events cleared
635.7059 	EXP 	target: autoDraw = True
636.1715 	EXP 	Device response: <KeyPress from None: t=636.1592051999905, value=left, duration=None>
636.1719 	EXP 	New trial (rep=34, index=8): <Trial 348 (8 in rep 34) data={'cue_arrow': '←', 'target_x': -0.5, 'condition': 'valid', 'corr_Ans': 'left', 'thisN': 348, 'thisTrialN': 8, 'thisRepN': 34}>
636.1732 	DATA 	Keypress: left
636.1895 	EXP 	fixation: autoDraw = False
636.1895 	EXP 	cue_text: autoDraw = False
636.1895 	EXP 	target: autoDraw = False
636.1895 	EXP 	cue_text: text = '←'
636.1895 	EXP 	fixation: autoDraw = True
636.3058 	EXP 	Device response: <KeyPress from None: t=636.1592051999905, value=left, duration=0.14262389999930747>
636.6723 	EXP 	fixation: autoDraw = False
636.6723 	EXP 	cue_text: autoDraw = True
636.9718 	EXP 	cue_text: autoDraw = False
637.2730 	INFO 	Keyboard events cleared
637.2728 	EXP 	target: autoDraw = True
637.7068 	EXP 	Device response: <KeyPress from None: t=637.6987181000004, value=left, duration=None>
637.7072 	EXP 	New trial (rep=34, index=9): <Trial 349 (9 in rep 34) data={'cue_arrow': '→', 'target_x': 0.5, 'condition': 'valid', 'corr_Ans': 'right', 'thisN': 349, 'thisTrialN': 9, 'thisRepN': 34}>
637.7113 	DATA 	Keypress: left
637.7205 	EXP 	fixation: autoDraw = False
637.7205 	EXP 	cue_text: autoDraw = False
637.7205 	EXP 	target: autoDraw = False
637.7205 	EXP 	cue_text: height = np.float64(0.1)
637.7205 	EXP 	cue_text: height = np.float64(0.1)
637.7205 	EXP 	cue_text: height = np.float64(0.1)
637.7205 	EXP 	cue_text: text = '→'
637.7205 	EXP 	fixation: autoDraw = True
637.9050 	EXP 	Device response: <KeyPress from None: t=637.6987181000004, value=left, duration=0.19097209999745246>
638.2225 	EXP 	fixation: autoDraw = False
638.2225 	EXP 	cue_text: autoDraw = True
638.5062 	EXP 	cue_text: autoDraw = False
638.8226 	INFO 	Keyboard events cleared
638.8224 	EXP 	target: autoDraw = True
639.1060 	EXP 	Device response: <KeyPress from None: t=639.0926479999907, value=right, duration=None>
639.1064 	EXP 	New trial (rep=35, index=0): <Trial 350 (0 in rep 35) data={'cue_arrow': '←', 'target_x': -0.5, 'condition': 'valid', 'corr_Ans': 'left', 'thisN': 350, 'thisTrialN': 0, 'thisRepN': 35}>
639.1092 	DATA 	Keypress: right
639.1222 	EXP 	fixation: autoDraw = False
639.1222 	EXP 	cue_text: autoDraw = False
639.1222 	EXP 	target: autoDraw = False
639.1222 	EXP 	cue_text: height = np.float64(0.1)
639.1222 	EXP 	cue_text: height = np.float64(0.1)
639.1222 	EXP 	cue_text: height = np.float64(0.1)
639.1222 	EXP 	cue_text: text = '←'
639.1222 	EXP 	fixation: autoDraw = True
639.2565 	EXP 	Device response: <KeyPress from None: t=639.0926479999907, value=right, duration=0.1474958000035258>
639.6050 	EXP 	fixation: autoDraw = False
639.6050 	EXP 	cue_text: autoDraw = True
639.9062 	EXP 	cue_text: autoDraw = False
640.2234 	INFO 	Keyboard events cleared
640.2232 	EXP 	target: autoDraw = True
640.5230 	EXP 	Device response: <KeyPress from None: t=640.5128694000014, value=left, duration=None>
640.5235 	EXP 	New trial (rep=35, index=1): <Trial 351 (1 in rep 35) data={'cue_arrow': '→', 'target_x': 0.5, 'condition': 'valid', 'corr_Ans': 'right', 'thisN': 351, 'thisTrialN': 1, 'thisRepN': 35}>
640.5268 	DATA 	Keypress: left
640.5377 	EXP 	fixation: autoDraw = False
640.5377 	EXP 	cue_text: autoDraw = False
640.5377 	EXP 	target: autoDraw = False
640.5377 	EXP 	cue_text: height = np.float64(0.1)
640.5377 	EXP 	cue_text: height = np.float64(0.1)
640.5377 	EXP 	cue_text: height = np.float64(0.1)
640.5377 	EXP 	cue_text: text = '→'
640.5377 	EXP 	fixation: autoDraw = True
640.7048 	EXP 	Device response: <KeyPress from None: t=640.5128694000014, value=left, duration=0.1788862999965204>
641.0228 	EXP 	fixation: autoDraw = False
641.0228 	EXP 	cue_text: autoDraw = True
641.3225 	EXP 	cue_text: autoDraw = False
641.6231 	INFO 	Keyboard events cleared
641.6228 	EXP 	target: autoDraw = True
641.9397 	EXP 	Device response: <KeyPress from None: t=641.9362914999947, value=right, duration=None>
641.9401 	EXP 	New trial (rep=35, index=2): <Trial 352 (2 in rep 35) data={'cue_arrow': '→', 'target_x': 0.5, 'condition': 'valid', 'corr_Ans': 'right', 'thisN': 352, 'thisTrialN': 2, 'thisRepN': 35}>
641.9417 	DATA 	Keypress: right
641.9545 	EXP 	fixation: autoDraw = False
641.9545 	EXP 	cue_text: autoDraw = False
641.9545 	EXP 	target: autoDraw = False
641.9545 	EXP 	cue_text: text = '→'
641.9545 	EXP 	fixation: autoDraw = True
642.0731 	EXP 	Device response: <KeyPress from None: t=641.9362914999947, value=right, duration=0.1344647000078112>
642.4552 	EXP 	fixation: autoDraw = False
642.4552 	EXP 	cue_text: autoDraw = True
642.7395 	EXP 	cue_text: autoDraw = False
643.0380 	INFO 	Keyboard events cleared
643.0378 	EXP 	target: autoDraw = True
643.4229 	EXP 	Device response: <KeyPress from None: t=643.4153556999954, value=right, duration=None>
643.4233 	EXP 	New trial (rep=35, index=3): <Trial 353 (3 in rep 35) data={'cue_arrow': '←', 'target_x': -0.5, 'condition': 'valid', 'corr_Ans': 'left', 'thisN': 353, 'thisTrialN': 3, 'thisRepN': 35}>
643.4264 	DATA 	Keypress: right
643.4390 	EXP 	fixation: autoDraw = False
643.4390 	EXP 	cue_text: autoDraw = False
643.4390 	EXP 	target: autoDraw = False
643.4390 	EXP 	cue_text: height = np.float64(0.1)
643.4390 	EXP 	cue_text: height = np.float64(0.1)
643.4390 	EXP 	cue_text: height = np.float64(0.1)
643.4390 	EXP 	cue_text: text = '←'
643.4390 	EXP 	fixation: autoDraw = True
643.6052 	EXP 	Device response: <KeyPress from None: t=643.4153556999954, value=right, duration=0.18146490000071935>
643.9217 	EXP 	fixation: autoDraw = False
643.9217 	EXP 	cue_text: autoDraw = True
644.2222 	EXP 	cue_text: autoDraw = False
644.5235 	INFO 	Keyboard events cleared
644.5233 	EXP 	target: autoDraw = True
645.0727 	EXP 	Device response: <KeyPress from None: t=645.0705309999903, value=left, duration=None>
645.0731 	EXP 	New trial (rep=35, index=4): <Trial 354 (4 in rep 35) data={'cue_arrow': '←', 'target_x': 0.5, 'condition': 'invalid', 'corr_Ans': 'right', 'thisN': 354, 'thisTrialN': 4, 'thisRepN': 35}>
645.0744 	DATA 	Keypress: left
645.0886 	EXP 	fixation: autoDraw = False
645.0886 	EXP 	cue_text: autoDraw = False
645.0886 	EXP 	target: autoDraw = False
645.0886 	EXP 	cue_text: text = '←'
645.0886 	EXP 	fixation: autoDraw = True
645.2224 	EXP 	Device response: <KeyPress from None: t=645.0705309999903, value=left, duration=0.1363541000027908>
645.5714 	EXP 	fixation: autoDraw = False
645.5714 	EXP 	cue_text: autoDraw = True
645.8729 	EXP 	cue_text: autoDraw = False
646.1731 	INFO 	Keyboard events cleared
646.1729 	EXP 	target: autoDraw = True
647.2382 	EXP 	Device response: <KeyPress from None: t=647.2341068999958, value=right, duration=None>
647.2386 	EXP 	New trial (rep=35, index=5): <Trial 355 (5 in rep 35) data={'cue_arrow': '→', 'target_x': 0.5, 'condition': 'valid', 'corr_Ans': 'right', 'thisN': 355, 'thisTrialN': 5, 'thisRepN': 35}>
647.2419 	DATA 	Keypress: right
647.2551 	EXP 	fixation: autoDraw = False
647.2551 	EXP 	cue_text: autoDraw = False
647.2551 	EXP 	target: autoDraw = False
647.2551 	EXP 	cue_text: height = np.float64(0.1)
647.2551 	EXP 	cue_text: height = np.float64(0.1)
647.2551 	EXP 	cue_text: height = np.float64(0.1)
647.2551 	EXP 	cue_text: text = '→'
647.2551 	EXP 	fixation: autoDraw = True
647.3721 	EXP 	Device response: <KeyPress from None: t=647.2341068999958, value=right, duration=0.1304398000065703>
647.7386 	EXP 	fixation: autoDraw = False
647.7386 	EXP 	cue_text: autoDraw = True
648.0391 	EXP 	cue_text: autoDraw = False
648.3399 	INFO 	Keyboard events cleared
648.3397 	EXP 	target: autoDraw = True
651.0225 	EXP 	Device response: <KeyPress from None: t=651.0192775000032, value=right, duration=None>
651.0229 	EXP 	New trial (rep=35, index=6): <Trial 356 (6 in rep 35) data={'cue_arrow': '←', 'target_x': -0.5, 'condition': 'valid', 'corr_Ans': 'left', 'thisN': 356, 'thisTrialN': 6, 'thisRepN': 35}>
651.0261 	DATA 	Keypress: right
651.0387 	EXP 	fixation: autoDraw = False
651.0387 	EXP 	cue_text: autoDraw = False
651.0387 	EXP 	target: autoDraw = False
651.0387 	EXP 	cue_text: height = np.float64(0.1)
651.0387 	EXP 	cue_text: height = np.float64(0.1)
651.0387 	EXP 	cue_text: height = np.float64(0.1)
651.0387 	EXP 	cue_text: text = '←'
651.0387 	EXP 	fixation: autoDraw = True
651.1230 	EXP 	Device response: <KeyPress from None: t=651.0192775000032, value=right, duration=0.10091949999332428>
651.5229 	EXP 	fixation: autoDraw = False
651.5229 	EXP 	cue_text: autoDraw = True
651.8231 	EXP 	cue_text: autoDraw = False
652.1223 	INFO 	Keyboard events cleared
652.1221 	EXP 	target: autoDraw = True
653.4055 	EXP 	Device response: <KeyPress from None: t=653.4035117000021, value=left, duration=None>
653.4059 	EXP 	New trial (rep=35, index=7): <Trial 357 (7 in rep 35) data={'cue_arrow': '←', 'target_x': -0.5, 'condition': 'valid', 'corr_Ans': 'left', 'thisN': 357, 'thisTrialN': 7, 'thisRepN': 35}>
653.4071 	DATA 	Keypress: left
653.4213 	EXP 	fixation: autoDraw = False
653.4213 	EXP 	cue_text: autoDraw = False
653.4213 	EXP 	target: autoDraw = False
653.4213 	EXP 	cue_text: text = '←'
653.4213 	EXP 	fixation: autoDraw = True
653.5402 	EXP 	Device response: <KeyPress from None: t=653.4035117000021, value=left, duration=0.12063340000167955>
653.9064 	EXP 	fixation: autoDraw = False
653.9064 	EXP 	cue_text: autoDraw = True
654.2050 	EXP 	cue_text: autoDraw = False
654.5071 	INFO 	Keyboard events cleared
654.5069 	EXP 	target: autoDraw = True
655.0068 	EXP 	Device response: <KeyPress from None: t=654.9939073999994, value=left, duration=None>
655.0072 	EXP 	New trial (rep=35, index=8): <Trial 358 (8 in rep 35) data={'cue_arrow': '→', 'target_x': 0.5, 'condition': 'valid', 'corr_Ans': 'right', 'thisN': 358, 'thisTrialN': 8, 'thisRepN': 35}>
655.0103 	DATA 	Keypress: left
655.0211 	EXP 	fixation: autoDraw = False
655.0211 	EXP 	cue_text: autoDraw = False
655.0211 	EXP 	target: autoDraw = False
655.0211 	EXP 	cue_text: height = np.float64(0.1)
655.0211 	EXP 	cue_text: height = np.float64(0.1)
655.0211 	EXP 	cue_text: height = np.float64(0.1)
655.0211 	EXP 	cue_text: text = '→'
655.0211 	EXP 	fixation: autoDraw = True
655.1562 	EXP 	Device response: <KeyPress from None: t=654.9939073999994, value=left, duration=0.15448209999885876>
655.5067 	EXP 	fixation: autoDraw = False
655.5067 	EXP 	cue_text: autoDraw = True
655.8062 	EXP 	cue_text: autoDraw = False
656.1066 	INFO 	Keyboard events cleared
656.1064 	EXP 	target: autoDraw = True
656.8388 	EXP 	Device response: <KeyPress from None: t=656.8290871999925, value=right, duration=None>
656.8392 	EXP 	New trial (rep=35, index=9): <Trial 359 (9 in rep 35) data={'cue_arrow': '→', 'target_x': -0.5, 'condition': 'invalid', 'corr_Ans': 'left', 'thisN': 359, 'thisTrialN': 9, 'thisRepN': 35}>
656.8403 	DATA 	Keypress: right
656.8555 	EXP 	fixation: autoDraw = False
656.8555 	EXP 	cue_text: autoDraw = False
656.8555 	EXP 	target: autoDraw = False
656.8555 	EXP 	cue_text: text = '→'
656.8555 	EXP 	fixation: autoDraw = True
656.9552 	EXP 	Device response: <KeyPress from None: t=656.8290871999925, value=right, duration=0.11984700000903104>
657.3396 	EXP 	fixation: autoDraw = False
657.3396 	EXP 	cue_text: autoDraw = True
657.6399 	EXP 	cue_text: autoDraw = False
657.9397 	INFO 	Keyboard events cleared
657.9395 	EXP 	target: autoDraw = True
659.1393 	EXP 	Device response: <KeyPress from None: t=659.1357509999943, value=left, duration=None>
659.1397 	EXP 	New trial (rep=36, index=0): <Trial 360 (0 in rep 36) data={'cue_arrow': '→', 'target_x': -0.5, 'condition': 'invalid', 'corr_Ans': 'left', 'thisN': 360, 'thisTrialN': 0, 'thisRepN': 36}>
659.1413 	DATA 	Keypress: left
659.1548 	EXP 	fixation: autoDraw = False
659.1548 	EXP 	cue_text: autoDraw = False
659.1548 	EXP 	target: autoDraw = False
659.1548 	EXP 	cue_text: text = '→'
659.1548 	EXP 	fixation: autoDraw = True
659.3225 	EXP 	Device response: <KeyPress from None: t=659.1357509999943, value=left, duration=0.18414739999570884>
659.6396 	EXP 	fixation: autoDraw = False
659.6396 	EXP 	cue_text: autoDraw = True
659.9564 	EXP 	cue_text: autoDraw = False
660.1888 	EXP 	Device response: <KeyPress from None: t=660.1803628999915, value=left, duration=None>
660.1895 	DATA 	Keypress: left
660.2383 	INFO 	Keyboard events cleared
660.2380 	EXP 	target: autoDraw = True
660.2394 	DATA 	Keypress: right
660.3552 	EXP 	Device response: <KeyPress from None: t=660.1803628999915, value=left, duration=0.1677438000042457>
661.2394 	EXP 	Device response: <KeyPress from None: t=661.2274981999944, value=left, duration=None>
661.2397 	EXP 	New trial (rep=36, index=1): <Trial 361 (1 in rep 36) data={'cue_arrow': '←', 'target_x': 0.5, 'condition': 'invalid', 'corr_Ans': 'right', 'thisN': 361, 'thisTrialN': 1, 'thisRepN': 36}>
661.2428 	DATA 	Keypress: left
661.2549 	EXP 	fixation: autoDraw = False
661.2549 	EXP 	cue_text: autoDraw = False
661.2549 	EXP 	target: autoDraw = False
661.2549 	EXP 	cue_text: height = np.float64(0.1)
661.2549 	EXP 	cue_text: height = np.float64(0.1)
661.2549 	EXP 	cue_text: height = np.float64(0.1)
661.2549 	EXP 	cue_text: text = '←'
661.2549 	EXP 	fixation: autoDraw = True
661.3728 	EXP 	Device response: <KeyPress from None: t=661.2274981999944, value=left, duration=0.1380282000027364>
661.7398 	EXP 	fixation: autoDraw = False
661.7398 	EXP 	cue_text: autoDraw = True
662.0397 	EXP 	cue_text: autoDraw = False
662.3392 	INFO 	Keyboard events cleared
662.3390 	EXP 	target: autoDraw = True
663.4085 	DATA 	Keypress: right
663.4227 	EXP 	Device response: <KeyPress from None: t=663.4071969999932, value=right, duration=None>
663.4230 	EXP 	New trial (rep=36, index=2): <Trial 362 (2 in rep 36) data={'cue_arrow': '→', 'target_x': 0.5, 'condition': 'valid', 'corr_Ans': 'right', 'thisN': 362, 'thisTrialN': 2, 'thisRepN': 36}>
663.4394 	EXP 	fixation: autoDraw = False
663.4394 	EXP 	cue_text: autoDraw = False
663.4394 	EXP 	target: autoDraw = False
663.4394 	EXP 	cue_text: height = np.float64(0.1)
663.4394 	EXP 	cue_text: height = np.float64(0.1)
663.4394 	EXP 	cue_text: height = np.float64(0.1)
663.4394 	EXP 	cue_text: text = '→'
663.4394 	EXP 	fixation: autoDraw = True
663.5727 	EXP 	Device response: <KeyPress from None: t=663.4071969999932, value=right, duration=0.15369220000866335>
663.9229 	EXP 	fixation: autoDraw = False
663.9229 	EXP 	cue_text: autoDraw = True
664.2222 	EXP 	cue_text: autoDraw = False
664.5235 	INFO 	Keyboard events cleared
664.5232 	EXP 	target: autoDraw = True
665.0729 	EXP 	Device response: <KeyPress from None: t=665.0585883000022, value=right, duration=None>
665.0733 	EXP 	New trial (rep=36, index=3): <Trial 363 (3 in rep 36) data={'cue_arrow': '←', 'target_x': -0.5, 'condition': 'valid', 'corr_Ans': 'left', 'thisN': 363, 'thisTrialN': 3, 'thisRepN': 36}>
665.0772 	DATA 	Keypress: right
665.0882 	EXP 	fixation: autoDraw = False
665.0882 	EXP 	cue_text: autoDraw = False
665.0882 	EXP 	target: autoDraw = False
665.0882 	EXP 	cue_text: height = np.float64(0.1)
665.0882 	EXP 	cue_text: height = np.float64(0.1)
665.0882 	EXP 	cue_text: height = np.float64(0.1)
665.0882 	EXP 	cue_text: text = '←'
665.0882 	EXP 	fixation: autoDraw = True
665.2240 	EXP 	Device response: <KeyPress from None: t=665.0585883000022, value=right, duration=0.15038789999380242>
665.5733 	EXP 	fixation: autoDraw = False
665.5733 	EXP 	cue_text: autoDraw = True
665.8734 	EXP 	cue_text: autoDraw = False
666.1716 	INFO 	Keyboard events cleared
666.1714 	EXP 	target: autoDraw = True
666.8231 	EXP 	Device response: <KeyPress from None: t=666.810908600004, value=left, duration=None>
666.8235 	EXP 	New trial (rep=36, index=4): <Trial 364 (4 in rep 36) data={'cue_arrow': '←', 'target_x': -0.5, 'condition': 'valid', 'corr_Ans': 'left', 'thisN': 364, 'thisTrialN': 4, 'thisRepN': 36}>
666.8251 	DATA 	Keypress: left
666.8399 	EXP 	fixation: autoDraw = False
666.8399 	EXP 	cue_text: autoDraw = False
666.8399 	EXP 	target: autoDraw = False
666.8399 	EXP 	cue_text: text = '←'
666.8399 	EXP 	fixation: autoDraw = True
666.9565 	EXP 	Device response: <KeyPress from None: t=666.810908600004, value=left, duration=0.13335819999338128>
667.3231 	EXP 	fixation: autoDraw = False
667.3231 	EXP 	cue_text: autoDraw = True
667.6234 	EXP 	cue_text: autoDraw = False
667.9225 	INFO 	Keyboard events cleared
667.9223 	EXP 	target: autoDraw = True
668.5400 	EXP 	Device response: <KeyPress from None: t=668.5237014000013, value=left, duration=None>
668.5404 	EXP 	New trial (rep=36, index=5): <Trial 365 (5 in rep 36) data={'cue_arrow': '→', 'target_x': 0.5, 'condition': 'valid', 'corr_Ans': 'right', 'thisN': 365, 'thisTrialN': 5, 'thisRepN': 36}>
668.5436 	DATA 	Keypress: left
668.5555 	EXP 	fixation: autoDraw = False
668.5555 	EXP 	cue_text: autoDraw = False
668.5555 	EXP 	target: autoDraw = False
668.5555 	EXP 	cue_text: height = np.float64(0.1)
668.5555 	EXP 	cue_text: height = np.float64(0.1)
668.5555 	EXP 	cue_text: height = np.float64(0.1)
668.5555 	EXP 	cue_text: text = '→'
668.5555 	EXP 	fixation: autoDraw = True
668.6556 	EXP 	Device response: <KeyPress from None: t=668.5237014000013, value=left, duration=0.1247051999962423>
669.0393 	EXP 	fixation: autoDraw = False
669.0393 	EXP 	cue_text: autoDraw = True
669.3400 	EXP 	cue_text: autoDraw = False
669.6403 	INFO 	Keyboard events cleared
669.6401 	EXP 	target: autoDraw = True
670.1742 	DATA 	Keypress: right
670.1887 	EXP 	Device response: <KeyPress from None: t=670.1728939000022, value=right, duration=None>
670.1891 	EXP 	New trial (rep=36, index=6): <Trial 366 (6 in rep 36) data={'cue_arrow': '→', 'target_x': 0.5, 'condition': 'valid', 'corr_Ans': 'right', 'thisN': 366, 'thisTrialN': 6, 'thisRepN': 36}>
670.2068 	EXP 	fixation: autoDraw = False
670.2068 	EXP 	cue_text: autoDraw = False
670.2068 	EXP 	target: autoDraw = False
670.2068 	EXP 	cue_text: text = '→'
670.2068 	EXP 	fixation: autoDraw = True
670.3066 	EXP 	Device response: <KeyPress from None: t=670.1728939000022, value=right, duration=0.12501079999492504>
670.6885 	EXP 	fixation: autoDraw = False
670.6885 	EXP 	cue_text: autoDraw = True
670.9900 	EXP 	cue_text: autoDraw = False
671.2899 	INFO 	Keyboard events cleared
671.2897 	EXP 	target: autoDraw = True
671.9057 	EXP 	Device response: <KeyPress from None: t=671.9031221000041, value=right, duration=None>
671.9061 	EXP 	New trial (rep=36, index=7): <Trial 367 (7 in rep 36) data={'cue_arrow': '←', 'target_x': -0.5, 'condition': 'valid', 'corr_Ans': 'left', 'thisN': 367, 'thisTrialN': 7, 'thisRepN': 36}>
671.9092 	DATA 	Keypress: right
671.9222 	EXP 	fixation: autoDraw = False
671.9222 	EXP 	cue_text: autoDraw = False
671.9222 	EXP 	target: autoDraw = False
671.9222 	EXP 	cue_text: height = np.float64(0.1)
671.9222 	EXP 	cue_text: height = np.float64(0.1)
671.9222 	EXP 	cue_text: height = np.float64(0.1)
671.9222 	EXP 	cue_text: text = '←'
671.9222 	EXP 	fixation: autoDraw = True
672.0727 	EXP 	Device response: <KeyPress from None: t=671.9031221000041, value=right, duration=0.16386999998940155>
672.4056 	EXP 	fixation: autoDraw = False
672.4056 	EXP 	cue_text: autoDraw = True
672.7065 	EXP 	cue_text: autoDraw = False
673.0070 	INFO 	Keyboard events cleared
673.0068 	EXP 	target: autoDraw = True
673.5726 	EXP 	Device response: <KeyPress from None: t=673.5574073000025, value=left, duration=None>
673.5731 	EXP 	New trial (rep=36, index=8): <Trial 368 (8 in rep 36) data={'cue_arrow': '←', 'target_x': -0.5, 'condition': 'valid', 'corr_Ans': 'left', 'thisN': 368, 'thisTrialN': 8, 'thisRepN': 36}>
673.5744 	DATA 	Keypress: left
673.5896 	EXP 	fixation: autoDraw = False
673.5896 	EXP 	cue_text: autoDraw = False
673.5896 	EXP 	target: autoDraw = False
673.5896 	EXP 	cue_text: text = '←'
673.5896 	EXP 	fixation: autoDraw = True
673.7242 	EXP 	Device response: <KeyPress from None: t=673.5574073000025, value=left, duration=0.1532186999975238>
674.0716 	EXP 	fixation: autoDraw = False
674.0716 	EXP 	cue_text: autoDraw = True
674.3733 	EXP 	cue_text: autoDraw = False
674.6737 	INFO 	Keyboard events cleared
674.6735 	EXP 	target: autoDraw = True
675.7062 	EXP 	Device response: <KeyPress from None: t=675.6924288000009, value=left, duration=None>
675.7066 	EXP 	New trial (rep=36, index=9): <Trial 369 (9 in rep 36) data={'cue_arrow': '→', 'target_x': 0.5, 'condition': 'valid', 'corr_Ans': 'right', 'thisN': 369, 'thisTrialN': 9, 'thisRepN': 36}>
675.7096 	DATA 	Keypress: left
675.7234 	EXP 	fixation: autoDraw = False
675.7234 	EXP 	cue_text: autoDraw = False
675.7234 	EXP 	target: autoDraw = False
675.7234 	EXP 	cue_text: height = np.float64(0.1)
675.7234 	EXP 	cue_text: height = np.float64(0.1)
675.7234 	EXP 	cue_text: height = np.float64(0.1)
675.7234 	EXP 	cue_text: text = '→'
675.7234 	EXP 	fixation: autoDraw = True
675.8566 	EXP 	Device response: <KeyPress from None: t=675.6924288000009, value=left, duration=0.14836929999000859>
676.2065 	EXP 	fixation: autoDraw = False
676.2065 	EXP 	cue_text: autoDraw = True
676.5050 	EXP 	cue_text: autoDraw = False
676.8065 	INFO 	Keyboard events cleared
676.8063 	EXP 	target: autoDraw = True
677.3732 	EXP 	Device response: <KeyPress from None: t=677.3664485999907, value=right, duration=None>
677.3735 	EXP 	New trial (rep=37, index=0): <Trial 370 (0 in rep 37) data={'cue_arrow': '←', 'target_x': -0.5, 'condition': 'valid', 'corr_Ans': 'left', 'thisN': 370, 'thisTrialN': 0, 'thisRepN': 37}>
677.3764 	DATA 	Keypress: right
677.3886 	EXP 	fixation: autoDraw = False
677.3886 	EXP 	cue_text: autoDraw = False
677.3886 	EXP 	target: autoDraw = False
677.3886 	EXP 	cue_text: height = np.float64(0.1)
677.3886 	EXP 	cue_text: height = np.float64(0.1)
677.3886 	EXP 	cue_text: height = np.float64(0.1)
677.3886 	EXP 	cue_text: text = '←'
677.3886 	EXP 	fixation: autoDraw = True
677.5231 	EXP 	Device response: <KeyPress from None: t=677.3664485999907, value=right, duration=0.15038170000480022>
677.8733 	EXP 	fixation: autoDraw = False
677.8733 	EXP 	cue_text: autoDraw = True
678.1902 	EXP 	cue_text: autoDraw = False
678.4901 	INFO 	Keyboard events cleared
678.4899 	EXP 	target: autoDraw = True
678.9389 	EXP 	Device response: <KeyPress from None: t=678.9264715000027, value=left, duration=None>
678.9393 	EXP 	New trial (rep=37, index=1): <Trial 371 (1 in rep 37) data={'cue_arrow': '→', 'target_x': 0.5, 'condition': 'valid', 'corr_Ans': 'right', 'thisN': 371, 'thisTrialN': 1, 'thisRepN': 37}>
678.9423 	DATA 	Keypress: left
678.9560 	EXP 	fixation: autoDraw = False
678.9560 	EXP 	cue_text: autoDraw = False
678.9560 	EXP 	target: autoDraw = False
678.9560 	EXP 	cue_text: height = np.float64(0.1)
678.9560 	EXP 	cue_text: height = np.float64(0.1)
678.9560 	EXP 	cue_text: height = np.float64(0.1)
678.9560 	EXP 	cue_text: text = '→'
678.9560 	EXP 	fixation: autoDraw = True
679.1223 	EXP 	Device response: <KeyPress from None: t=678.9264715000027, value=left, duration=0.18093609999050386>
679.4401 	EXP 	fixation: autoDraw = False
679.4401 	EXP 	cue_text: autoDraw = True
679.7400 	EXP 	cue_text: autoDraw = False
680.0405 	INFO 	Keyboard events cleared
680.0403 	EXP 	target: autoDraw = True
680.4898 	EXP 	Device response: <KeyPress from None: t=680.4759601999976, value=right, duration=None>
680.4901 	EXP 	New trial (rep=37, index=2): <Trial 372 (2 in rep 37) data={'cue_arrow': '←', 'target_x': -0.5, 'condition': 'valid', 'corr_Ans': 'left', 'thisN': 372, 'thisTrialN': 2, 'thisRepN': 37}>
680.4930 	DATA 	Keypress: right
680.5053 	EXP 	fixation: autoDraw = False
680.5053 	EXP 	cue_text: autoDraw = False
680.5053 	EXP 	target: autoDraw = False
680.5053 	EXP 	cue_text: height = np.float64(0.1)
680.5053 	EXP 	cue_text: height = np.float64(0.1)
680.5053 	EXP 	cue_text: height = np.float64(0.1)
680.5053 	EXP 	cue_text: text = '←'
680.5053 	EXP 	fixation: autoDraw = True
680.6230 	EXP 	Device response: <KeyPress from None: t=680.4759601999976, value=right, duration=0.13322869999683462>
680.9899 	EXP 	fixation: autoDraw = False
680.9899 	EXP 	cue_text: autoDraw = True
681.2898 	EXP 	cue_text: autoDraw = False
681.5906 	INFO 	Keyboard events cleared
681.5904 	EXP 	target: autoDraw = True
682.4736 	EXP 	Device response: <KeyPress from None: t=682.4707348999946, value=left, duration=None>
682.4740 	EXP 	New trial (rep=37, index=3): <Trial 373 (3 in rep 37) data={'cue_arrow': '→', 'target_x': 0.5, 'condition': 'valid', 'corr_Ans': 'right', 'thisN': 373, 'thisTrialN': 3, 'thisRepN': 37}>
682.4784 	DATA 	Keypress: left
682.4884 	EXP 	fixation: autoDraw = False
682.4884 	EXP 	cue_text: autoDraw = False
682.4884 	EXP 	target: autoDraw = False
682.4884 	EXP 	cue_text: height = np.float64(0.1)
682.4884 	EXP 	cue_text: height = np.float64(0.1)
682.4884 	EXP 	cue_text: height = np.float64(0.1)
682.4884 	EXP 	cue_text: text = '→'
682.4884 	EXP 	fixation: autoDraw = True
682.5895 	EXP 	Device response: <KeyPress from None: t=682.4707348999946, value=left, duration=0.1034771999984514>
682.9734 	EXP 	fixation: autoDraw = False
682.9734 	EXP 	cue_text: autoDraw = True
683.2736 	EXP 	cue_text: autoDraw = False
683.5738 	INFO 	Keyboard events cleared
683.5736 	EXP 	target: autoDraw = True
684.0563 	EXP 	Device response: <KeyPress from None: t=684.0426378999982, value=right, duration=None>
684.0566 	EXP 	New trial (rep=37, index=4): <Trial 374 (4 in rep 37) data={'cue_arrow': '←', 'target_x': -0.5, 'condition': 'valid', 'corr_Ans': 'left', 'thisN': 374, 'thisTrialN': 4, 'thisRepN': 37}>
684.0596 	DATA 	Keypress: right
684.0724 	EXP 	fixation: autoDraw = False
684.0724 	EXP 	cue_text: autoDraw = False
684.0724 	EXP 	target: autoDraw = False
684.0724 	EXP 	cue_text: height = np.float64(0.1)
684.0724 	EXP 	cue_text: height = np.float64(0.1)
684.0724 	EXP 	cue_text: height = np.float64(0.1)
684.0724 	EXP 	cue_text: text = '←'
684.0724 	EXP 	fixation: autoDraw = True
684.2243 	EXP 	Device response: <KeyPress from None: t=684.0426378999982, value=right, duration=0.17872630000056233>
684.5564 	EXP 	fixation: autoDraw = False
684.5564 	EXP 	cue_text: autoDraw = True
684.8569 	EXP 	cue_text: autoDraw = False
685.1566 	INFO 	Keyboard events cleared
685.1564 	EXP 	target: autoDraw = True
685.5742 	DATA 	Keypress: left
685.5903 	EXP 	Device response: <KeyPress from None: t=685.573240999991, value=left, duration=None>
685.5906 	EXP 	New trial (rep=37, index=5): <Trial 375 (5 in rep 37) data={'cue_arrow': '→', 'target_x': -0.5, 'condition': 'invalid', 'corr_Ans': 'left', 'thisN': 375, 'thisTrialN': 5, 'thisRepN': 37}>
685.6070 	EXP 	fixation: autoDraw = False
685.6070 	EXP 	cue_text: autoDraw = False
685.6070 	EXP 	target: autoDraw = False
685.6070 	EXP 	cue_text: height = np.float64(0.1)
685.6070 	EXP 	cue_text: height = np.float64(0.1)
685.6070 	EXP 	cue_text: height = np.float64(0.1)
685.6070 	EXP 	cue_text: text = '→'
685.6070 	EXP 	fixation: autoDraw = True
685.7238 	EXP 	Device response: <KeyPress from None: t=685.573240999991, value=left, duration=0.14071880000119563>
686.0898 	EXP 	fixation: autoDraw = False
686.0898 	EXP 	cue_text: autoDraw = True
686.4069 	EXP 	cue_text: autoDraw = False
686.6903 	INFO 	Keyboard events cleared
686.6901 	EXP 	target: autoDraw = True
687.5234 	EXP 	Device response: <KeyPress from None: t=687.5165203999932, value=left, duration=None>
687.5237 	EXP 	New trial (rep=37, index=6): <Trial 376 (6 in rep 37) data={'cue_arrow': '→', 'target_x': 0.5, 'condition': 'valid', 'corr_Ans': 'right', 'thisN': 376, 'thisTrialN': 6, 'thisRepN': 37}>
687.5248 	DATA 	Keypress: left
687.5387 	EXP 	fixation: autoDraw = False
687.5387 	EXP 	cue_text: autoDraw = False
687.5387 	EXP 	target: autoDraw = False
687.5387 	EXP 	cue_text: text = '→'
687.5387 	EXP 	fixation: autoDraw = True
687.6903 	EXP 	Device response: <KeyPress from None: t=687.5165203999932, value=left, duration=0.17074390000198036>
688.0231 	EXP 	fixation: autoDraw = False
688.0231 	EXP 	cue_text: autoDraw = True
688.3236 	EXP 	cue_text: autoDraw = False
688.6238 	INFO 	Keyboard events cleared
688.6236 	EXP 	target: autoDraw = True
688.9234 	EXP 	Device response: <KeyPress from None: t=688.9155192000035, value=right, duration=None>
688.9237 	EXP 	New trial (rep=37, index=7): <Trial 377 (7 in rep 37) data={'cue_arrow': '←', 'target_x': -0.5, 'condition': 'valid', 'corr_Ans': 'left', 'thisN': 377, 'thisTrialN': 7, 'thisRepN': 37}>
688.9266 	DATA 	Keypress: right
688.9396 	EXP 	fixation: autoDraw = False
688.9396 	EXP 	cue_text: autoDraw = False
688.9396 	EXP 	target: autoDraw = False
688.9396 	EXP 	cue_text: height = np.float64(0.1)
688.9396 	EXP 	cue_text: height = np.float64(0.1)
688.9396 	EXP 	cue_text: height = np.float64(0.1)
688.9396 	EXP 	cue_text: text = '←'
688.9396 	EXP 	fixation: autoDraw = True
689.0891 	EXP 	Device response: <KeyPress from None: t=688.9155192000035, value=right, duration=0.17055349999282043>
689.4235 	EXP 	fixation: autoDraw = False
689.4235 	EXP 	cue_text: autoDraw = True
689.7231 	EXP 	cue_text: autoDraw = False
690.0240 	INFO 	Keyboard events cleared
690.0238 	EXP 	target: autoDraw = True
690.4749 	DATA 	Keypress: left
690.4894 	EXP 	Device response: <KeyPress from None: t=690.4736790000024, value=left, duration=None>
690.4897 	EXP 	New trial (rep=37, index=8): <Trial 378 (8 in rep 37) data={'cue_arrow': '←', 'target_x': 0.5, 'condition': 'invalid', 'corr_Ans': 'right', 'thisN': 378, 'thisTrialN': 8, 'thisRepN': 37}>
690.5058 	EXP 	fixation: autoDraw = False
690.5058 	EXP 	cue_text: autoDraw = False
690.5058 	EXP 	target: autoDraw = False
690.5058 	EXP 	cue_text: text = '←'
690.5058 	EXP 	fixation: autoDraw = True
690.6391 	EXP 	Device response: <KeyPress from None: t=690.4736790000024, value=left, duration=0.1509541999985231>
690.9886 	EXP 	fixation: autoDraw = False
690.9886 	EXP 	cue_text: autoDraw = True
691.2899 	EXP 	cue_text: autoDraw = False
691.5901 	INFO 	Keyboard events cleared
691.5899 	EXP 	target: autoDraw = True
692.0729 	EXP 	Device response: <KeyPress from None: t=692.0654756000004, value=right, duration=None>
692.0733 	EXP 	New trial (rep=37, index=9): <Trial 379 (9 in rep 37) data={'cue_arrow': '→', 'target_x': 0.5, 'condition': 'valid', 'corr_Ans': 'right', 'thisN': 379, 'thisTrialN': 9, 'thisRepN': 37}>
692.0766 	DATA 	Keypress: right
692.0897 	EXP 	fixation: autoDraw = False
692.0897 	EXP 	cue_text: autoDraw = False
692.0897 	EXP 	target: autoDraw = False
692.0897 	EXP 	cue_text: height = np.float64(0.1)
692.0897 	EXP 	cue_text: height = np.float64(0.1)
692.0897 	EXP 	cue_text: height = np.float64(0.1)
692.0897 	EXP 	cue_text: text = '→'
692.0897 	EXP 	fixation: autoDraw = True
692.2405 	EXP 	Device response: <KeyPress from None: t=692.0654756000004, value=right, duration=0.1734818999975687>
692.5738 	EXP 	fixation: autoDraw = False
692.5738 	EXP 	cue_text: autoDraw = True
692.8738 	EXP 	cue_text: autoDraw = False
693.1732 	INFO 	Keyboard events cleared
693.1730 	EXP 	target: autoDraw = True
694.0234 	EXP 	Device response: <KeyPress from None: t=694.0071587999992, value=right, duration=None>
694.0238 	EXP 	New trial (rep=38, index=0): <Trial 380 (0 in rep 38) data={'cue_arrow': '→', 'target_x': 0.5, 'condition': 'valid', 'corr_Ans': 'right', 'thisN': 380, 'thisTrialN': 0, 'thisRepN': 38}>
694.0251 	DATA 	Keypress: right
694.0396 	EXP 	fixation: autoDraw = False
694.0396 	EXP 	cue_text: autoDraw = False
694.0396 	EXP 	target: autoDraw = False
694.0396 	EXP 	cue_text: text = '→'
694.0396 	EXP 	fixation: autoDraw = True
694.1560 	EXP 	Device response: <KeyPress from None: t=694.0071587999992, value=right, duration=0.14625079999677837>
694.5398 	EXP 	fixation: autoDraw = False
694.5398 	EXP 	cue_text: autoDraw = True
694.8233 	EXP 	cue_text: autoDraw = False
695.1241 	INFO 	Keyboard events cleared
695.1239 	EXP 	target: autoDraw = True
695.7235 	EXP 	Device response: <KeyPress from None: t=695.7075501999934, value=right, duration=None>
695.7239 	EXP 	New trial (rep=38, index=1): <Trial 381 (1 in rep 38) data={'cue_arrow': '→', 'target_x': 0.5, 'condition': 'valid', 'corr_Ans': 'right', 'thisN': 381, 'thisTrialN': 1, 'thisRepN': 38}>
695.7251 	DATA 	Keypress: right
695.7408 	EXP 	fixation: autoDraw = False
695.7408 	EXP 	cue_text: autoDraw = False
695.7408 	EXP 	target: autoDraw = False
695.7408 	EXP 	cue_text: text = '→'
695.7408 	EXP 	fixation: autoDraw = True
695.8396 	EXP 	Device response: <KeyPress from None: t=695.7075501999934, value=right, duration=0.12941439999849536>
696.2237 	EXP 	fixation: autoDraw = False
696.2237 	EXP 	cue_text: autoDraw = True
696.5240 	EXP 	cue_text: autoDraw = False
696.8410 	INFO 	Keyboard events cleared
696.8408 	EXP 	target: autoDraw = True
697.4909 	EXP 	Device response: <KeyPress from None: t=697.476708999995, value=right, duration=None>
697.4913 	EXP 	New trial (rep=38, index=2): <Trial 382 (2 in rep 38) data={'cue_arrow': '←', 'target_x': -0.5, 'condition': 'valid', 'corr_Ans': 'left', 'thisN': 382, 'thisTrialN': 2, 'thisRepN': 38}>
697.4950 	DATA 	Keypress: right
697.5049 	EXP 	fixation: autoDraw = False
697.5049 	EXP 	cue_text: autoDraw = False
697.5049 	EXP 	target: autoDraw = False
697.5049 	EXP 	cue_text: height = np.float64(0.1)
697.5049 	EXP 	cue_text: height = np.float64(0.1)
697.5049 	EXP 	cue_text: height = np.float64(0.1)
697.5049 	EXP 	cue_text: text = '←'
697.5049 	EXP 	fixation: autoDraw = True
697.6400 	EXP 	Device response: <KeyPress from None: t=697.476708999995, value=right, duration=0.1487963999970816>
697.9895 	EXP 	fixation: autoDraw = False
697.9895 	EXP 	cue_text: autoDraw = True
698.2906 	EXP 	cue_text: autoDraw = False
698.5906 	INFO 	Keyboard events cleared
698.5904 	EXP 	target: autoDraw = True
699.0737 	EXP 	Device response: <KeyPress from None: t=699.0595821000024, value=left, duration=None>
699.0742 	EXP 	New trial (rep=38, index=3): <Trial 383 (3 in rep 38) data={'cue_arrow': '←', 'target_x': 0.5, 'condition': 'invalid', 'corr_Ans': 'right', 'thisN': 383, 'thisTrialN': 3, 'thisRepN': 38}>
699.0755 	DATA 	Keypress: left
699.0888 	EXP 	fixation: autoDraw = False
699.0888 	EXP 	cue_text: autoDraw = False
699.0888 	EXP 	target: autoDraw = False
699.0888 	EXP 	cue_text: text = '←'
699.0888 	EXP 	fixation: autoDraw = True
699.2409 	EXP 	Device response: <KeyPress from None: t=699.0595821000024, value=left, duration=0.1651199999905657>
699.5738 	EXP 	fixation: autoDraw = False
699.5738 	EXP 	cue_text: autoDraw = True
699.8730 	EXP 	cue_text: autoDraw = False
700.1738 	INFO 	Keyboard events cleared
700.1736 	EXP 	target: autoDraw = True
700.5405 	EXP 	Device response: <KeyPress from None: t=700.534687899999, value=right, duration=None>
700.5410 	EXP 	New trial (rep=38, index=4): <Trial 384 (4 in rep 38) data={'cue_arrow': '→', 'target_x': 0.5, 'condition': 'valid', 'corr_Ans': 'right', 'thisN': 384, 'thisTrialN': 4, 'thisRepN': 38}>
700.5439 	DATA 	Keypress: right
700.5570 	EXP 	fixation: autoDraw = False
700.5570 	EXP 	cue_text: autoDraw = False
700.5570 	EXP 	target: autoDraw = False
700.5570 	EXP 	cue_text: height = np.float64(0.1)
700.5570 	EXP 	cue_text: height = np.float64(0.1)
700.5570 	EXP 	cue_text: height = np.float64(0.1)
700.5570 	EXP 	cue_text: text = '→'
700.5570 	EXP 	fixation: autoDraw = True
700.6743 	EXP 	Device response: <KeyPress from None: t=700.534687899999, value=right, duration=0.12307469999359455>
701.0405 	EXP 	fixation: autoDraw = False
701.0405 	EXP 	cue_text: autoDraw = True
701.3403 	EXP 	cue_text: autoDraw = False
701.6405 	INFO 	Keyboard events cleared
701.6403 	EXP 	target: autoDraw = True
702.1392 	EXP 	Device response: <KeyPress from None: t=702.1341995999974, value=right, duration=None>
702.1397 	EXP 	New trial (rep=38, index=5): <Trial 385 (5 in rep 38) data={'cue_arrow': '←', 'target_x': -0.5, 'condition': 'valid', 'corr_Ans': 'left', 'thisN': 385, 'thisTrialN': 5, 'thisRepN': 38}>
702.1431 	DATA 	Keypress: right
702.1554 	EXP 	fixation: autoDraw = False
702.1554 	EXP 	cue_text: autoDraw = False
702.1554 	EXP 	target: autoDraw = False
702.1554 	EXP 	cue_text: height = np.float64(0.1)
702.1554 	EXP 	cue_text: height = np.float64(0.1)
702.1554 	EXP 	cue_text: height = np.float64(0.1)
702.1554 	EXP 	cue_text: text = '←'
702.1554 	EXP 	fixation: autoDraw = True
702.2894 	EXP 	Device response: <KeyPress from None: t=702.1341995999974, value=right, duration=0.13982280000345781>
702.6405 	EXP 	fixation: autoDraw = False
702.6405 	EXP 	cue_text: autoDraw = True
702.9403 	EXP 	cue_text: autoDraw = False
703.2409 	INFO 	Keyboard events cleared
703.2407 	EXP 	target: autoDraw = True
703.7232 	EXP 	Device response: <KeyPress from None: t=703.7155943999969, value=left, duration=None>
703.7237 	EXP 	New trial (rep=38, index=6): <Trial 386 (6 in rep 38) data={'cue_arrow': '←', 'target_x': -0.5, 'condition': 'valid', 'corr_Ans': 'left', 'thisN': 386, 'thisTrialN': 6, 'thisRepN': 38}>
703.7252 	DATA 	Keypress: left
703.7404 	EXP 	fixation: autoDraw = False
703.7404 	EXP 	cue_text: autoDraw = False
703.7404 	EXP 	target: autoDraw = False
703.7404 	EXP 	cue_text: text = '←'
703.7404 	EXP 	fixation: autoDraw = True
703.8745 	EXP 	Device response: <KeyPress from None: t=703.7155943999969, value=left, duration=0.15621329999703448>
704.2235 	EXP 	fixation: autoDraw = False
704.2235 	EXP 	cue_text: autoDraw = True
704.5241 	EXP 	cue_text: autoDraw = False
704.8240 	INFO 	Keyboard events cleared
704.8238 	EXP 	target: autoDraw = True
705.3587 	DATA 	Keypress: left
705.3727 	EXP 	Device response: <KeyPress from None: t=705.358003699992, value=left, duration=None>
705.3730 	EXP 	New trial (rep=38, index=7): <Trial 387 (7 in rep 38) data={'cue_arrow': '→', 'target_x': -0.5, 'condition': 'invalid', 'corr_Ans': 'left', 'thisN': 387, 'thisTrialN': 7, 'thisRepN': 38}>
705.3908 	EXP 	fixation: autoDraw = False
705.3908 	EXP 	cue_text: autoDraw = False
705.3908 	EXP 	target: autoDraw = False
705.3908 	EXP 	cue_text: height = np.float64(0.1)
705.3908 	EXP 	cue_text: height = np.float64(0.1)
705.3908 	EXP 	cue_text: height = np.float64(0.1)
705.3908 	EXP 	cue_text: text = '→'
705.3908 	EXP 	fixation: autoDraw = True
705.5563 	EXP 	Device response: <KeyPress from None: t=705.358003699992, value=left, duration=0.18294450000394136>
705.8739 	EXP 	fixation: autoDraw = False
705.8739 	EXP 	cue_text: autoDraw = True
706.1741 	EXP 	cue_text: autoDraw = False
706.4731 	INFO 	Keyboard events cleared
706.4729 	EXP 	target: autoDraw = True
707.4061 	EXP 	Device response: <KeyPress from None: t=707.3925495000003, value=left, duration=None>
707.4065 	EXP 	New trial (rep=38, index=8): <Trial 388 (8 in rep 38) data={'cue_arrow': '→', 'target_x': 0.5, 'condition': 'valid', 'corr_Ans': 'right', 'thisN': 388, 'thisTrialN': 8, 'thisRepN': 38}>
707.4077 	DATA 	Keypress: left
707.4239 	EXP 	fixation: autoDraw = False
707.4239 	EXP 	cue_text: autoDraw = False
707.4239 	EXP 	target: autoDraw = False
707.4239 	EXP 	cue_text: text = '→'
707.4239 	EXP 	fixation: autoDraw = True
707.5235 	EXP 	Device response: <KeyPress from None: t=707.3925495000003, value=left, duration=0.12321989999327343>
707.9069 	EXP 	fixation: autoDraw = False
707.9069 	EXP 	cue_text: autoDraw = True
708.2065 	EXP 	cue_text: autoDraw = False
708.5077 	INFO 	Keyboard events cleared
708.5075 	EXP 	target: autoDraw = True
708.9738 	EXP 	Device response: <KeyPress from None: t=708.9728378, value=right, duration=None>
708.9742 	EXP 	New trial (rep=38, index=9): <Trial 389 (9 in rep 38) data={'cue_arrow': '←', 'target_x': -0.5, 'condition': 'valid', 'corr_Ans': 'left', 'thisN': 389, 'thisTrialN': 9, 'thisRepN': 38}>
708.9780 	DATA 	Keypress: right
708.9897 	EXP 	fixation: autoDraw = False
708.9897 	EXP 	cue_text: autoDraw = False
708.9897 	EXP 	target: autoDraw = False
708.9897 	EXP 	cue_text: height = np.float64(0.1)
708.9897 	EXP 	cue_text: height = np.float64(0.1)
708.9897 	EXP 	cue_text: height = np.float64(0.1)
708.9897 	EXP 	cue_text: text = '←'
708.9897 	EXP 	fixation: autoDraw = True
709.1068 	EXP 	Device response: <KeyPress from None: t=708.9728378, value=right, duration=0.12105669999436941>
709.4740 	EXP 	fixation: autoDraw = False
709.4740 	EXP 	cue_text: autoDraw = True
709.7899 	EXP 	cue_text: autoDraw = False
710.0730 	INFO 	Keyboard events cleared
710.0728 	EXP 	target: autoDraw = True
710.6414 	EXP 	Device response: <KeyPress from None: t=710.6380333999987, value=left, duration=None>
710.6417 	EXP 	New trial (rep=39, index=0): <Trial 390 (0 in rep 39) data={'cue_arrow': '←', 'target_x': -0.5, 'condition': 'valid', 'corr_Ans': 'left', 'thisN': 390, 'thisTrialN': 0, 'thisRepN': 39}>
710.6429 	DATA 	Keypress: left
710.6555 	EXP 	fixation: autoDraw = False
710.6555 	EXP 	cue_text: autoDraw = False
710.6555 	EXP 	target: autoDraw = False
710.6555 	EXP 	cue_text: text = '←'
710.6555 	EXP 	fixation: autoDraw = True
710.7902 	EXP 	Device response: <KeyPress from None: t=710.6380333999987, value=left, duration=0.14042939999490045>
711.1570 	EXP 	fixation: autoDraw = False
711.1570 	EXP 	cue_text: autoDraw = True
711.4575 	EXP 	cue_text: autoDraw = False
711.7406 	INFO 	Keyboard events cleared
711.7403 	EXP 	target: autoDraw = True
712.5581 	DATA 	Keypress: left
712.5729 	EXP 	Device response: <KeyPress from None: t=712.5569511999929, value=left, duration=None>
712.5733 	EXP 	New trial (rep=39, index=1): <Trial 391 (1 in rep 39) data={'cue_arrow': '→', 'target_x': 0.5, 'condition': 'valid', 'corr_Ans': 'right', 'thisN': 391, 'thisTrialN': 1, 'thisRepN': 39}>
712.5905 	EXP 	fixation: autoDraw = False
712.5905 	EXP 	cue_text: autoDraw = False
712.5905 	EXP 	target: autoDraw = False
712.5905 	EXP 	cue_text: height = np.float64(0.1)
712.5905 	EXP 	cue_text: height = np.float64(0.1)
712.5905 	EXP 	cue_text: height = np.float64(0.1)
712.5905 	EXP 	cue_text: text = '→'
712.5905 	EXP 	fixation: autoDraw = True
712.7075 	EXP 	Device response: <KeyPress from None: t=712.5569511999929, value=left, duration=0.1415947000059532>
713.0746 	EXP 	fixation: autoDraw = False
713.0746 	EXP 	cue_text: autoDraw = True
713.3730 	EXP 	cue_text: autoDraw = False
713.6741 	INFO 	Keyboard events cleared
713.6739 	EXP 	target: autoDraw = True
714.0405 	EXP 	Device response: <KeyPress from None: t=714.0298999999941, value=right, duration=None>
714.0408 	EXP 	New trial (rep=39, index=2): <Trial 392 (2 in rep 39) data={'cue_arrow': '←', 'target_x': 0.5, 'condition': 'invalid', 'corr_Ans': 'right', 'thisN': 392, 'thisTrialN': 2, 'thisRepN': 39}>
714.0437 	DATA 	Keypress: right
714.0568 	EXP 	fixation: autoDraw = False
714.0568 	EXP 	cue_text: autoDraw = False
714.0568 	EXP 	target: autoDraw = False
714.0568 	EXP 	cue_text: height = np.float64(0.1)
714.0568 	EXP 	cue_text: height = np.float64(0.1)
714.0568 	EXP 	cue_text: height = np.float64(0.1)
714.0568 	EXP 	cue_text: text = '←'
714.0568 	EXP 	fixation: autoDraw = True
714.2239 	EXP 	Device response: <KeyPress from None: t=714.0298999999941, value=right, duration=0.18474769999738783>
714.5406 	EXP 	fixation: autoDraw = False
714.5406 	EXP 	cue_text: autoDraw = True
714.8403 	EXP 	cue_text: autoDraw = False
715.1576 	INFO 	Keyboard events cleared
715.1574 	EXP 	target: autoDraw = True
715.6742 	EXP 	Device response: <KeyPress from None: t=715.6736715000006, value=right, duration=None>
715.6746 	EXP 	New trial (rep=39, index=3): <Trial 393 (3 in rep 39) data={'cue_arrow': '←', 'target_x': -0.5, 'condition': 'valid', 'corr_Ans': 'left', 'thisN': 393, 'thisTrialN': 3, 'thisRepN': 39}>
715.6762 	DATA 	Keypress: right
715.6891 	EXP 	fixation: autoDraw = False
715.6891 	EXP 	cue_text: autoDraw = False
715.6891 	EXP 	target: autoDraw = False
715.6891 	EXP 	cue_text: text = '←'
715.6891 	EXP 	fixation: autoDraw = True
715.8575 	EXP 	Device response: <KeyPress from None: t=715.6736715000006, value=right, duration=0.18322330000228249>
716.1933 	EXP 	fixation: autoDraw = False
716.1933 	EXP 	cue_text: autoDraw = True
716.4741 	EXP 	cue_text: autoDraw = False
716.7733 	INFO 	Keyboard events cleared
716.7731 	EXP 	target: autoDraw = True
717.3904 	EXP 	Device response: <KeyPress from None: t=717.3760212999914, value=left, duration=None>
717.3914 	EXP 	New trial (rep=39, index=4): <Trial 394 (4 in rep 39) data={'cue_arrow': '→', 'target_x': 0.5, 'condition': 'valid', 'corr_Ans': 'right', 'thisN': 394, 'thisTrialN': 4, 'thisRepN': 39}>
717.3944 	DATA 	Keypress: left
717.4070 	EXP 	fixation: autoDraw = False
717.4070 	EXP 	cue_text: autoDraw = False
717.4070 	EXP 	target: autoDraw = False
717.4070 	EXP 	cue_text: height = np.float64(0.1)
717.4070 	EXP 	cue_text: height = np.float64(0.1)
717.4070 	EXP 	cue_text: height = np.float64(0.1)
717.4070 	EXP 	cue_text: text = '→'
717.4070 	EXP 	fixation: autoDraw = True
717.5408 	EXP 	Device response: <KeyPress from None: t=717.3760212999914, value=left, duration=0.1543188000068767>
717.9076 	EXP 	fixation: autoDraw = False
717.9076 	EXP 	cue_text: autoDraw = True
718.1904 	EXP 	cue_text: autoDraw = False
718.4903 	INFO 	Keyboard events cleared
718.4901 	EXP 	target: autoDraw = True
718.8917 	EXP 	Device response: <KeyPress from None: t=718.8812424999924, value=right, duration=None>
718.8921 	EXP 	New trial (rep=39, index=5): <Trial 395 (5 in rep 39) data={'cue_arrow': '→', 'target_x': -0.5, 'condition': 'invalid', 'corr_Ans': 'left', 'thisN': 395, 'thisTrialN': 5, 'thisRepN': 39}>
718.8934 	DATA 	Keypress: right
718.9057 	EXP 	fixation: autoDraw = False
718.9057 	EXP 	cue_text: autoDraw = False
718.9057 	EXP 	target: autoDraw = False
718.9057 	EXP 	cue_text: text = '→'
718.9057 	EXP 	fixation: autoDraw = True
719.0569 	EXP 	Device response: <KeyPress from None: t=718.8812424999924, value=right, duration=0.17396310000913218>
719.4073 	EXP 	fixation: autoDraw = False
719.4073 	EXP 	cue_text: autoDraw = True
719.7064 	EXP 	cue_text: autoDraw = False
720.0075 	INFO 	Keyboard events cleared
720.0073 	EXP 	target: autoDraw = True
720.4249 	EXP 	Device response: <KeyPress from None: t=720.420747199998, value=left, duration=None>
720.4253 	EXP 	New trial (rep=39, index=6): <Trial 396 (6 in rep 39) data={'cue_arrow': '←', 'target_x': -0.5, 'condition': 'valid', 'corr_Ans': 'left', 'thisN': 396, 'thisTrialN': 6, 'thisRepN': 39}>
720.4284 	DATA 	Keypress: left
720.4390 	EXP 	fixation: autoDraw = False
720.4390 	EXP 	cue_text: autoDraw = False
720.4390 	EXP 	target: autoDraw = False
720.4390 	EXP 	cue_text: height = np.float64(0.1)
720.4390 	EXP 	cue_text: height = np.float64(0.1)
720.4390 	EXP 	cue_text: height = np.float64(0.1)
720.4390 	EXP 	cue_text: text = '←'
720.4390 	EXP 	fixation: autoDraw = True
720.5403 	EXP 	Device response: <KeyPress from None: t=720.420747199998, value=left, duration=0.1175511000037659>
720.9392 	EXP 	fixation: autoDraw = False
720.9392 	EXP 	cue_text: autoDraw = True
721.2411 	EXP 	cue_text: autoDraw = False
721.5415 	INFO 	Keyboard events cleared
721.5413 	EXP 	target: autoDraw = True
722.2241 	EXP 	Device response: <KeyPress from None: t=722.2223280000035, value=left, duration=None>
722.2245 	EXP 	New trial (rep=39, index=7): <Trial 397 (7 in rep 39) data={'cue_arrow': '→', 'target_x': 0.5, 'condition': 'valid', 'corr_Ans': 'right', 'thisN': 397, 'thisTrialN': 7, 'thisRepN': 39}>
722.2276 	DATA 	Keypress: left
722.2403 	EXP 	fixation: autoDraw = False
722.2403 	EXP 	cue_text: autoDraw = False
722.2403 	EXP 	target: autoDraw = False
722.2403 	EXP 	cue_text: height = np.float64(0.1)
722.2403 	EXP 	cue_text: height = np.float64(0.1)
722.2403 	EXP 	cue_text: height = np.float64(0.1)
722.2403 	EXP 	cue_text: text = '→'
722.2403 	EXP 	fixation: autoDraw = True
722.3250 	EXP 	Device response: <KeyPress from None: t=722.2223280000035, value=left, duration=0.09969920000003185>
722.7240 	EXP 	fixation: autoDraw = False
722.7240 	EXP 	cue_text: autoDraw = True
723.0397 	EXP 	cue_text: autoDraw = False
723.3246 	INFO 	Keyboard events cleared
723.3244 	EXP 	target: autoDraw = True
723.7900 	EXP 	Device response: <KeyPress from None: t=723.7818601000035, value=right, duration=None>
723.7905 	EXP 	New trial (rep=39, index=8): <Trial 398 (8 in rep 39) data={'cue_arrow': '→', 'target_x': 0.5, 'condition': 'valid', 'corr_Ans': 'right', 'thisN': 398, 'thisTrialN': 8, 'thisRepN': 39}>
723.7921 	DATA 	Keypress: right
723.8072 	EXP 	fixation: autoDraw = False
723.8072 	EXP 	cue_text: autoDraw = False
723.8072 	EXP 	target: autoDraw = False
723.8072 	EXP 	cue_text: text = '→'
723.8072 	EXP 	fixation: autoDraw = True
723.9580 	EXP 	Device response: <KeyPress from None: t=723.7818601000035, value=right, duration=0.17491439999139402>
724.2910 	EXP 	fixation: autoDraw = False
724.2910 	EXP 	cue_text: autoDraw = True
724.5909 	EXP 	cue_text: autoDraw = False
724.8892 	INFO 	Keyboard events cleared
724.8891 	EXP 	target: autoDraw = True
725.3231 	EXP 	Device response: <KeyPress from None: t=725.3188618999993, value=right, duration=None>
725.3235 	EXP 	New trial (rep=39, index=9): <Trial 399 (9 in rep 39) data={'cue_arrow': '←', 'target_x': -0.5, 'condition': 'valid', 'corr_Ans': 'left', 'thisN': 399, 'thisTrialN': 9, 'thisRepN': 39}>
725.3267 	DATA 	Keypress: right
725.3399 	EXP 	fixation: autoDraw = False
725.3399 	EXP 	cue_text: autoDraw = False
725.3399 	EXP 	target: autoDraw = False
725.3399 	EXP 	cue_text: height = np.float64(0.1)
725.3399 	EXP 	cue_text: height = np.float64(0.1)
725.3399 	EXP 	cue_text: height = np.float64(0.1)
725.3399 	EXP 	cue_text: text = '←'
725.3399 	EXP 	fixation: autoDraw = True
725.5080 	EXP 	Device response: <KeyPress from None: t=725.3188618999993, value=right, duration=0.18254460000025574>
725.8244 	EXP 	fixation: autoDraw = False
725.8244 	EXP 	cue_text: autoDraw = True
726.1241 	EXP 	cue_text: autoDraw = False
726.4231 	INFO 	Keyboard events cleared
726.4229 	EXP 	target: autoDraw = True
726.9065 	EXP 	Device response: <KeyPress from None: t=726.898382600004, value=left, duration=None>
726.9093 	DATA 	Keypress: left
726.9233 	EXP 	fixation: autoDraw = False
726.9233 	EXP 	cue_text: autoDraw = False
726.9233 	EXP 	target: autoDraw = False
726.9233 	EXP 	text: autoDraw = True
727.0239 	EXP 	Device response: <KeyPress from None: t=726.898382600004, value=left, duration=0.11577719998604152>
727.1243 	EXP 	text: autoDraw = False
727.1246 	EXP 	cueing_task_exp: status = STOPPED
727.2666 	INFO 	saved data to 'C:\\Users\\Pooja\\OneDrive\\Desktop\\Solo_project_2\\data\\02_cueing_task_exp_2025-11-14_20h16.24.165.csv'
727.2761 	INFO 	saved data to C:\Users\Pooja\OneDrive\Desktop\Solo_project_2\data\02_cueing_task_exp_2025-11-14_20h16.24.165.psydat
727.5561 	WARNING 	Stopping key buffers but this could be dangerous ifother keyboards rely on the same.
727.6196 	WARNING 	Stopping key buffers but this could be dangerous ifother keyboards rely on the same.
727.6197 	WARNING 	Stopping key buffers but this could be dangerous ifother keyboards rely on the same.
