18.0639 	INFO 	Loaded monitor calibration from ['2025_08_12 09:11']
18.0727 	WARNING 	User requested fullscreen with size [1024  768], but screen is actually [1920, 1080]. Using actual size
18.4820 	INFO 	Using renderer 'AMD Radeon(TM) Graphics' for graphics
18.4820 	INFO 	OpenGL version supported by driver is 4..
18.5316 	EXP 	Created window1 = Window(allowGUI=False, allowStencil=False, autoLog=True, backendConf=UNKNOWN, backgroundFit=<method-wrapper '__getattribute__' of attributeSetter object at 0x00000176511B6230>, backgroundImage=<method-wrapper '__getattribute__' of attributeSetter object at 0x00000176511B61D0>, bitsMode=UNKNOWN, blendMode='avg', bpc=(8, 8, 8), color=array([0, 0, 0]), colorSpace='rgb', depthBits=8, fullscr=True, gamma=None, gammaErrorPolicy='raise', infoMsg=UNKNOWN, lms=UNKNOWN, monitor=<psychopy.monitors.calibTools.Monitor object at 0x0000017651273A90>, multiSample=False, name='window1', numSamples=2, pos=[np.float64(0.0), np.float64(0.0)], screen=0, size=array([1920, 1080]), stencilBits=0, stereo=False, title='PsychoPy', units='height', useFBO=True, useRetina=False, viewOri=0.0, viewPos=None, viewScale=None, waitBlanking=True, winType='pyglet')
18.5318 	EXP 	window1: backgroundImage = ''
18.5318 	EXP 	window1: backgroundFit = 'none'
19.0237 	EXP 	window1: Attempting to measure frame rate of screen (0) ...
19.0238 	EXP 	window1: recordFrameIntervals = False
19.2240 	EXP 	window1: recordFrameIntervals = True
19.4075 	EXP 	Screen (0) actual frame rate measured at 60.65Hz
19.4075 	EXP 	window1: recordFrameIntervals = False
19.4620 	INFO 	keyboard.Keyboard is using ptb backend.
19.4622 	INFO 	keyboard.Keyboard is using ptb backend.
19.4623 	INFO 	keyboard.Keyboard is using ptb backend.
19.4623 	EXP 	cueing_task_exp: status = STARTED
19.5725 	EXP 	Created welcome_text = TextStim(__class__=<class 'psychopy.visual.text.TextStim'>, alignHoriz=method-wrapper(...), alignText='center', alignVert=method-wrapper(...), anchorHoriz='center', anchorVert='center', antialias=True, autoDraw=False, autoLog=True, bold=False, color=array([1., 1., 1.]), colorSpace='rgb', contrast=1.0, depth=0.0, draggable=False, flipHoriz=False, flipVert=False, font='Arial', fontFiles=[], height=np.float64(0.05), italic=False, languageStyle='LTR', name='welcome_text', opacity=1, ori=0.0, pos=array([0., 0.]), rgb=UNKNOWN, text=str(...), units='height', win=Window(...), wrapWidth=1)
19.5773 	EXP 	Created fixation = ShapeStim(__class__=<class 'psychopy.visual.shape.ShapeStim'>, anchor=('center', 'center'), autoDraw=False, autoLog=True, closeShape=True, color=method-wrapper(...), colorSpace='rgb', contrast=None, depth=0.0, draggable=False, fillColor=array([1, 1, 1]), fillColorSpace='rgb', fillRGB=array([1, 1, 1]), interpolate=True, lineColor=array([1., 1., 1.]), lineColorSpace='rgb', lineRGB=array([1, 1, 1]), lineWidth=1.0, name='fixation', opacity=1, ori=0.0, pos=array([0., 0.]), size=array([0.05, 0.05]), units='height', vertices=ndarray(...), win=Window(...), windingRule=None)
19.5788 	EXP 	Created cue_text = TextStim(__class__=<class 'psychopy.visual.text.TextStim'>, alignHoriz=method-wrapper(...), alignText='center', alignVert=method-wrapper(...), anchorHoriz='center', anchorVert='center', antialias=True, autoDraw=False, autoLog=True, bold=False, color=array([1., 1., 1.]), colorSpace='rgb', contrast=1.0, depth=-1.0, draggable=False, flipHoriz=False, flipVert=False, font='Arial', fontFiles=[], height=0.1, italic=False, languageStyle='LTR', name='cue_text', opacity=1, ori=0.0, pos=array([0., 0.]), rgb=UNKNOWN, text='', units='height', win=Window(...), wrapWidth=1)
19.5799 	EXP 	Created target = Rect(__class__=<class 'psychopy.visual.rect.Rect'>, anchor=('center', 'center'), autoDraw=False, autoLog=True, closeShape=True, color=method-wrapper(...), colorSpace='rgb', contrast=None, depth=-2.0, draggable=False, fillColor=array([1., 1., 1.]), fillColorSpace='rgb', fillRGB=array([1., 1., 1.]), interpolate=True, lineColor=array([1., 1., 1.]), lineColorSpace='rgb', lineRGB=array([1., 1., 1.]), lineWidth=1.0, name='target', opacity=1, ori=0.0, pos=array([0., 0.]), size=array([0.15, 0.15]), units='height', vertices=ndarray(...), win=Window(...))
19.5847 	EXP 	Created text = TextStim(__class__=<class 'psychopy.visual.text.TextStim'>, alignHoriz=method-wrapper(...), alignText='center', alignVert=method-wrapper(...), anchorHoriz='center', anchorVert='center', antialias=True, autoDraw=False, autoLog=True, bold=False, color=array([1., 1., 1.]), colorSpace='rgb', contrast=1.0, depth=0.0, draggable=False, flipHoriz=False, flipVert=False, font='Arial', fontFiles=[], height=np.float64(0.05), italic=False, languageStyle='LTR', name='text', opacity=1, ori=0.0, pos=array([0., 0.]), rgb=UNKNOWN, text=str(...), units='height', win=Window(...), wrapWidth=1)
0.0190 	INFO 	Keyboard events cleared
0.0188 	EXP 	welcome_text: autoDraw = True
4.8029 	EXP 	Device response: <KeyPress from None: t=4.785181999992346, value=space, duration=None>
4.8139 	EXP 	Imported conditions_file.xlsx as conditions, 10 conditions, 4 params
4.8190 	EXP 	New trial (rep=0, index=0): <Trial 0 (0 in rep 0) data={'cue_arrow': '←', 'target_x': -0.5, 'condition': 'valid', 'corr_Ans': 'left', 'thisN': 0, 'thisTrialN': 0, 'thisRepN': 0}>
4.8279 	DATA 	Keypress: space
4.8362 	EXP 	welcome_text: autoDraw = False
4.8362 	EXP 	cue_text: height = np.float64(0.1)
4.8362 	EXP 	cue_text: height = np.float64(0.1)
4.8362 	EXP 	cue_text: height = np.float64(0.1)
4.8362 	EXP 	cue_text: text = '←'
4.8362 	EXP 	fixation: autoDraw = True
4.9526 	EXP 	Device response: <KeyPress from None: t=4.785181999992346, value=space, duration=0.16305889999784995>
5.3184 	EXP 	fixation: autoDraw = False
5.3184 	EXP 	cue_text: autoDraw = True
5.6029 	EXP 	cue_text: autoDraw = False
5.9032 	INFO 	Keyboard events cleared
5.9030 	EXP 	target: autoDraw = True
6.5688 	EXP 	Device response: <KeyPress from None: t=6.555299899991951, value=left, duration=None>
6.5691 	EXP 	New trial (rep=0, index=1): <Trial 1 (1 in rep 0) data={'cue_arrow': '→', 'target_x': 0.5, 'condition': 'valid', 'corr_Ans': 'right', 'thisN': 1, 'thisTrialN': 1, 'thisRepN': 0}>
6.5748 	DATA 	Keypress: left
6.5838 	EXP 	fixation: autoDraw = False
6.5838 	EXP 	cue_text: autoDraw = False
6.5838 	EXP 	target: autoDraw = False
6.5838 	EXP 	cue_text: height = np.float64(0.1)
6.5838 	EXP 	cue_text: height = np.float64(0.1)
6.5838 	EXP 	cue_text: height = np.float64(0.1)
6.5838 	EXP 	cue_text: text = '→'
6.5838 	EXP 	fixation: autoDraw = True
6.6352 	EXP 	Device response: <KeyPress from None: t=6.555299899991951, value=left, duration=0.07484140001179185>
7.0693 	EXP 	fixation: autoDraw = False
7.0693 	EXP 	cue_text: autoDraw = True
7.3695 	EXP 	cue_text: autoDraw = False
7.6687 	INFO 	Keyboard events cleared
7.6685 	EXP 	target: autoDraw = True
8.0191 	EXP 	Device response: <KeyPress from None: t=8.011219099993468, value=right, duration=None>
8.0195 	EXP 	New trial (rep=0, index=2): <Trial 2 (2 in rep 0) data={'cue_arrow': '←', 'target_x': -0.5, 'condition': 'valid', 'corr_Ans': 'left', 'thisN': 2, 'thisTrialN': 2, 'thisRepN': 0}>
8.0225 	DATA 	Keypress: right
8.0357 	EXP 	fixation: autoDraw = False
8.0357 	EXP 	cue_text: autoDraw = False
8.0357 	EXP 	target: autoDraw = False
8.0357 	EXP 	cue_text: height = np.float64(0.1)
8.0357 	EXP 	cue_text: height = np.float64(0.1)
8.0357 	EXP 	cue_text: height = np.float64(0.1)
8.0357 	EXP 	cue_text: text = '←'
8.0357 	EXP 	fixation: autoDraw = True
8.1350 	EXP 	Device response: <KeyPress from None: t=8.011219099993468, value=right, duration=0.10802670000703074>
8.5197 	EXP 	fixation: autoDraw = False
8.5197 	EXP 	cue_text: autoDraw = True
8.8192 	EXP 	cue_text: autoDraw = False
9.1197 	INFO 	Keyboard events cleared
9.1194 	EXP 	target: autoDraw = True
9.4702 	EXP 	Device response: <KeyPress from None: t=9.453916500002379, value=left, duration=None>
9.4706 	EXP 	New trial (rep=0, index=3): <Trial 3 (3 in rep 0) data={'cue_arrow': '→', 'target_x': 0.5, 'condition': 'valid', 'corr_Ans': 'right', 'thisN': 3, 'thisTrialN': 3, 'thisRepN': 0}>
9.4740 	DATA 	Keypress: left
9.4854 	EXP 	fixation: autoDraw = False
9.4854 	EXP 	cue_text: autoDraw = False
9.4854 	EXP 	target: autoDraw = False
9.4854 	EXP 	cue_text: height = np.float64(0.1)
9.4854 	EXP 	cue_text: height = np.float64(0.1)
9.4854 	EXP 	cue_text: height = np.float64(0.1)
9.4854 	EXP 	cue_text: text = '→'
9.4854 	EXP 	fixation: autoDraw = True
9.5529 	EXP 	Device response: <KeyPress from None: t=9.453916500002379, value=left, duration=0.09550349999335594>
9.9860 	EXP 	fixation: autoDraw = False
9.9860 	EXP 	cue_text: autoDraw = True
10.2843 	EXP 	cue_text: autoDraw = False
10.5867 	INFO 	Keyboard events cleared
10.5865 	EXP 	target: autoDraw = True
11.0032 	EXP 	Device response: <KeyPress from None: t=10.99020549999841, value=right, duration=None>
11.0036 	EXP 	New trial (rep=0, index=4): <Trial 4 (4 in rep 0) data={'cue_arrow': '←', 'target_x': -0.5, 'condition': 'valid', 'corr_Ans': 'left', 'thisN': 4, 'thisTrialN': 4, 'thisRepN': 0}>
11.0069 	DATA 	Keypress: right
11.0193 	EXP 	fixation: autoDraw = False
11.0193 	EXP 	cue_text: autoDraw = False
11.0193 	EXP 	target: autoDraw = False
11.0193 	EXP 	cue_text: height = np.float64(0.1)
11.0193 	EXP 	cue_text: height = np.float64(0.1)
11.0193 	EXP 	cue_text: height = np.float64(0.1)
11.0193 	EXP 	cue_text: text = '←'
11.0193 	EXP 	fixation: autoDraw = True
11.1029 	EXP 	Device response: <KeyPress from None: t=10.99020549999841, value=right, duration=0.10371759999543428>
11.5194 	EXP 	fixation: autoDraw = False
11.5194 	EXP 	cue_text: autoDraw = True
11.8027 	EXP 	cue_text: autoDraw = False
12.1032 	INFO 	Keyboard events cleared
12.1030 	EXP 	target: autoDraw = True
12.3869 	EXP 	Device response: <KeyPress from None: t=12.378115699990303, value=left, duration=None>
12.3874 	EXP 	New trial (rep=0, index=5): <Trial 5 (5 in rep 0) data={'cue_arrow': '→', 'target_x': -0.5, 'condition': 'invalid', 'corr_Ans': 'left', 'thisN': 5, 'thisTrialN': 5, 'thisRepN': 0}>
12.3909 	DATA 	Keypress: left
12.4009 	EXP 	fixation: autoDraw = False
12.4009 	EXP 	cue_text: autoDraw = False
12.4009 	EXP 	target: autoDraw = False
12.4009 	EXP 	cue_text: height = np.float64(0.1)
12.4009 	EXP 	cue_text: height = np.float64(0.1)
12.4009 	EXP 	cue_text: height = np.float64(0.1)
12.4009 	EXP 	cue_text: text = '→'
12.4009 	EXP 	fixation: autoDraw = True
12.5021 	EXP 	Device response: <KeyPress from None: t=12.378115699990303, value=left, duration=0.10925350000616163>
12.8861 	EXP 	fixation: autoDraw = False
12.8861 	EXP 	cue_text: autoDraw = True
13.2031 	EXP 	cue_text: autoDraw = False
13.5029 	INFO 	Keyboard events cleared
13.5026 	EXP 	target: autoDraw = True
13.9353 	EXP 	Device response: <KeyPress from None: t=13.932824999996228, value=left, duration=None>
13.9357 	EXP 	New trial (rep=0, index=6): <Trial 6 (6 in rep 0) data={'cue_arrow': '←', 'target_x': 0.5, 'condition': 'invalid', 'corr_Ans': 'right', 'thisN': 6, 'thisTrialN': 6, 'thisRepN': 0}>
13.9388 	DATA 	Keypress: left
13.9510 	EXP 	fixation: autoDraw = False
13.9510 	EXP 	cue_text: autoDraw = False
13.9510 	EXP 	target: autoDraw = False
13.9510 	EXP 	cue_text: height = np.float64(0.1)
13.9510 	EXP 	cue_text: height = np.float64(0.1)
13.9510 	EXP 	cue_text: height = np.float64(0.1)
13.9510 	EXP 	cue_text: text = '←'
13.9510 	EXP 	fixation: autoDraw = True
14.0528 	EXP 	Device response: <KeyPress from None: t=13.932824999996228, value=left, duration=0.10438350000185892>
14.4365 	EXP 	fixation: autoDraw = False
14.4365 	EXP 	cue_text: autoDraw = True
14.7357 	EXP 	cue_text: autoDraw = False
15.0364 	INFO 	Keyboard events cleared
15.0362 	EXP 	target: autoDraw = True
15.5857 	EXP 	Device response: <KeyPress from None: t=15.57394609999028, value=right, duration=None>
15.5861 	EXP 	New trial (rep=0, index=7): <Trial 7 (7 in rep 0) data={'cue_arrow': '←', 'target_x': -0.5, 'condition': 'valid', 'corr_Ans': 'left', 'thisN': 7, 'thisTrialN': 7, 'thisRepN': 0}>
15.5874 	DATA 	Keypress: right
15.6028 	EXP 	fixation: autoDraw = False
15.6028 	EXP 	cue_text: autoDraw = False
15.6028 	EXP 	target: autoDraw = False
15.6028 	EXP 	cue_text: text = '←'
15.6028 	EXP 	fixation: autoDraw = True
15.7030 	EXP 	Device response: <KeyPress from None: t=15.57394609999028, value=right, duration=0.12513360001321416>
16.0866 	EXP 	fixation: autoDraw = False
16.0866 	EXP 	cue_text: autoDraw = True
16.3862 	EXP 	cue_text: autoDraw = False
16.6867 	INFO 	Keyboard events cleared
16.6865 	EXP 	target: autoDraw = True
17.0204 	EXP 	Device response: <KeyPress from None: t=17.008015100000193, value=left, duration=None>
17.0208 	EXP 	New trial (rep=0, index=8): <Trial 8 (8 in rep 0) data={'cue_arrow': '→', 'target_x': 0.5, 'condition': 'valid', 'corr_Ans': 'right', 'thisN': 8, 'thisTrialN': 8, 'thisRepN': 0}>
17.0240 	DATA 	Keypress: left
17.0349 	EXP 	fixation: autoDraw = False
17.0349 	EXP 	cue_text: autoDraw = False
17.0349 	EXP 	target: autoDraw = False
17.0349 	EXP 	cue_text: height = np.float64(0.1)
17.0349 	EXP 	cue_text: height = np.float64(0.1)
17.0349 	EXP 	cue_text: height = np.float64(0.1)
17.0349 	EXP 	cue_text: text = '→'
17.0349 	EXP 	fixation: autoDraw = True
17.1203 	EXP 	Device response: <KeyPress from None: t=17.008015100000193, value=left, duration=0.10954809999384452>
17.5349 	EXP 	fixation: autoDraw = False
17.5349 	EXP 	cue_text: autoDraw = True
17.8365 	EXP 	cue_text: autoDraw = False
18.1195 	INFO 	Keyboard events cleared
18.1193 	EXP 	target: autoDraw = True
18.5524 	EXP 	Device response: <KeyPress from None: t=18.549468600002, value=right, duration=None>
18.5528 	EXP 	New trial (rep=0, index=9): <Trial 9 (9 in rep 0) data={'cue_arrow': '→', 'target_x': 0.5, 'condition': 'valid', 'corr_Ans': 'right', 'thisN': 9, 'thisTrialN': 9, 'thisRepN': 0}>
18.5539 	DATA 	Keypress: right
18.5684 	EXP 	fixation: autoDraw = False
18.5684 	EXP 	cue_text: autoDraw = False
18.5684 	EXP 	target: autoDraw = False
18.5684 	EXP 	cue_text: text = '→'
18.5684 	EXP 	fixation: autoDraw = True
18.6690 	EXP 	Device response: <KeyPress from None: t=18.549468600002, value=right, duration=0.11638769999262877>
19.0686 	EXP 	fixation: autoDraw = False
19.0686 	EXP 	cue_text: autoDraw = True
19.3515 	EXP 	cue_text: autoDraw = False
19.6687 	INFO 	Keyboard events cleared
19.6686 	EXP 	target: autoDraw = True
20.1032 	DATA 	Keypress: right
20.1184 	EXP 	Device response: <KeyPress from None: t=20.102521099994192, value=right, duration=None>
20.1188 	EXP 	New trial (rep=1, index=0): <Trial 10 (0 in rep 1) data={'cue_arrow': '→', 'target_x': 0.5, 'condition': 'valid', 'corr_Ans': 'right', 'thisN': 10, 'thisTrialN': 0, 'thisRepN': 1}>
20.1346 	EXP 	fixation: autoDraw = False
20.1346 	EXP 	cue_text: autoDraw = False
20.1346 	EXP 	target: autoDraw = False
20.1346 	EXP 	cue_text: text = '→'
20.1346 	EXP 	fixation: autoDraw = True
20.2355 	EXP 	Device response: <KeyPress from None: t=20.102521099994192, value=right, duration=0.12478700000792742>
20.6196 	EXP 	fixation: autoDraw = False
20.6196 	EXP 	cue_text: autoDraw = True
20.9198 	EXP 	cue_text: autoDraw = False
21.2181 	INFO 	Keyboard events cleared
21.2180 	EXP 	target: autoDraw = True
21.6362 	EXP 	Device response: <KeyPress from None: t=21.632953599997563, value=right, duration=None>
21.6366 	EXP 	New trial (rep=1, index=1): <Trial 11 (1 in rep 1) data={'cue_arrow': '←', 'target_x': -0.5, 'condition': 'valid', 'corr_Ans': 'left', 'thisN': 11, 'thisTrialN': 1, 'thisRepN': 1}>
21.6415 	DATA 	Keypress: right
21.6513 	EXP 	fixation: autoDraw = False
21.6513 	EXP 	cue_text: autoDraw = False
21.6513 	EXP 	target: autoDraw = False
21.6513 	EXP 	cue_text: height = np.float64(0.1)
21.6513 	EXP 	cue_text: height = np.float64(0.1)
21.6513 	EXP 	cue_text: height = np.float64(0.1)
21.6513 	EXP 	cue_text: text = '←'
21.6513 	EXP 	fixation: autoDraw = True
21.7864 	EXP 	Device response: <KeyPress from None: t=21.632953599997563, value=right, duration=0.14173350000055507>
22.1364 	EXP 	fixation: autoDraw = False
22.1364 	EXP 	cue_text: autoDraw = True
22.4359 	EXP 	cue_text: autoDraw = False
22.7366 	INFO 	Keyboard events cleared
22.7364 	EXP 	target: autoDraw = True
23.0020 	EXP 	Device response: <KeyPress from None: t=22.996787199997925, value=left, duration=None>
23.0023 	EXP 	New trial (rep=1, index=2): <Trial 12 (2 in rep 1) data={'cue_arrow': '→', 'target_x': -0.5, 'condition': 'invalid', 'corr_Ans': 'left', 'thisN': 12, 'thisTrialN': 2, 'thisRepN': 1}>
23.0053 	DATA 	Keypress: left
23.0186 	EXP 	fixation: autoDraw = False
23.0186 	EXP 	cue_text: autoDraw = False
23.0186 	EXP 	target: autoDraw = False
23.0186 	EXP 	cue_text: height = np.float64(0.1)
23.0186 	EXP 	cue_text: height = np.float64(0.1)
23.0186 	EXP 	cue_text: height = np.float64(0.1)
23.0186 	EXP 	cue_text: text = '→'
23.0186 	EXP 	fixation: autoDraw = True
23.1031 	EXP 	Device response: <KeyPress from None: t=22.996787199997925, value=left, duration=0.09745750000001863>
23.5034 	EXP 	fixation: autoDraw = False
23.5034 	EXP 	cue_text: autoDraw = True
23.8027 	EXP 	cue_text: autoDraw = False
24.1030 	INFO 	Keyboard events cleared
24.1028 	EXP 	target: autoDraw = True
24.5357 	EXP 	Device response: <KeyPress from None: t=24.521745899997768, value=left, duration=None>
24.5362 	EXP 	New trial (rep=1, index=3): <Trial 13 (3 in rep 1) data={'cue_arrow': '←', 'target_x': -0.5, 'condition': 'valid', 'corr_Ans': 'left', 'thisN': 13, 'thisTrialN': 3, 'thisRepN': 1}>
24.5393 	DATA 	Keypress: left
24.5527 	EXP 	fixation: autoDraw = False
24.5527 	EXP 	cue_text: autoDraw = False
24.5527 	EXP 	target: autoDraw = False
24.5527 	EXP 	cue_text: height = np.float64(0.1)
24.5527 	EXP 	cue_text: height = np.float64(0.1)
24.5527 	EXP 	cue_text: height = np.float64(0.1)
24.5527 	EXP 	cue_text: text = '←'
24.5527 	EXP 	fixation: autoDraw = True
24.6870 	EXP 	Device response: <KeyPress from None: t=24.521745899997768, value=left, duration=0.15550179999263491>
25.0363 	EXP 	fixation: autoDraw = False
25.0363 	EXP 	cue_text: autoDraw = True
25.3365 	EXP 	cue_text: autoDraw = False
25.6532 	INFO 	Keyboard events cleared
25.6530 	EXP 	target: autoDraw = True
26.1353 	EXP 	Device response: <KeyPress from None: t=26.127249400000437, value=left, duration=None>
26.1358 	EXP 	New trial (rep=1, index=4): <Trial 14 (4 in rep 1) data={'cue_arrow': '→', 'target_x': 0.5, 'condition': 'valid', 'corr_Ans': 'right', 'thisN': 14, 'thisTrialN': 4, 'thisRepN': 1}>
26.2995 	EXP 	Device response: <KeyPress from None: t=26.127249400000437, value=left, duration=0.09157150000100955>
26.3004 	DATA 	Keypress: left
26.3089 	EXP 	fixation: autoDraw = False
26.3089 	EXP 	cue_text: autoDraw = False
26.3089 	EXP 	target: autoDraw = False
26.3089 	EXP 	cue_text: height = np.float64(0.1)
26.3089 	EXP 	cue_text: height = np.float64(0.1)
26.3089 	EXP 	cue_text: height = np.float64(0.1)
26.3089 	EXP 	cue_text: text = '→'
26.3089 	EXP 	fixation: autoDraw = True
26.6362 	EXP 	fixation: autoDraw = False
26.6362 	EXP 	cue_text: autoDraw = True
26.9360 	EXP 	cue_text: autoDraw = False
27.2359 	INFO 	Keyboard events cleared
27.2357 	EXP 	target: autoDraw = True
27.5361 	EXP 	Device response: <KeyPress from None: t=27.521110599991516, value=right, duration=None>
27.5365 	EXP 	New trial (rep=1, index=5): <Trial 15 (5 in rep 1) data={'cue_arrow': '→', 'target_x': 0.5, 'condition': 'valid', 'corr_Ans': 'right', 'thisN': 15, 'thisTrialN': 5, 'thisRepN': 1}>
27.5378 	DATA 	Keypress: right
27.5515 	EXP 	fixation: autoDraw = False
27.5515 	EXP 	cue_text: autoDraw = False
27.5515 	EXP 	target: autoDraw = False
27.5515 	EXP 	cue_text: text = '→'
27.5515 	EXP 	fixation: autoDraw = True
27.6865 	EXP 	Device response: <KeyPress from None: t=27.521110599991516, value=right, duration=0.15680290000454988>
28.0372 	EXP 	fixation: autoDraw = False
28.0372 	EXP 	cue_text: autoDraw = True
28.3362 	EXP 	cue_text: autoDraw = False
28.6370 	INFO 	Keyboard events cleared
28.6368 	EXP 	target: autoDraw = True
29.0522 	EXP 	Device response: <KeyPress from None: t=29.050248100000317, value=right, duration=None>
29.0526 	EXP 	New trial (rep=1, index=6): <Trial 16 (6 in rep 1) data={'cue_arrow': '←', 'target_x': -0.5, 'condition': 'valid', 'corr_Ans': 'left', 'thisN': 16, 'thisTrialN': 6, 'thisRepN': 1}>
29.0556 	DATA 	Keypress: right
29.0680 	EXP 	fixation: autoDraw = False
29.0680 	EXP 	cue_text: autoDraw = False
29.0680 	EXP 	target: autoDraw = False
29.0680 	EXP 	cue_text: height = np.float64(0.1)
29.0680 	EXP 	cue_text: height = np.float64(0.1)
29.0680 	EXP 	cue_text: height = np.float64(0.1)
29.0680 	EXP 	cue_text: text = '←'
29.0680 	EXP 	fixation: autoDraw = True
29.1688 	EXP 	Device response: <KeyPress from None: t=29.050248100000317, value=right, duration=0.11562669998966157>
29.5530 	EXP 	fixation: autoDraw = False
29.5530 	EXP 	cue_text: autoDraw = True
29.8534 	EXP 	cue_text: autoDraw = False
30.1535 	INFO 	Keyboard events cleared
30.1533 	EXP 	target: autoDraw = True
30.4023 	EXP 	Device response: <KeyPress from None: t=30.39948949999234, value=left, duration=None>
30.4026 	EXP 	New trial (rep=1, index=7): <Trial 17 (7 in rep 1) data={'cue_arrow': '←', 'target_x': 0.5, 'condition': 'invalid', 'corr_Ans': 'right', 'thisN': 17, 'thisTrialN': 7, 'thisRepN': 1}>
30.4038 	DATA 	Keypress: left
30.4184 	EXP 	fixation: autoDraw = False
30.4184 	EXP 	cue_text: autoDraw = False
30.4184 	EXP 	target: autoDraw = False
30.4184 	EXP 	cue_text: text = '←'
30.4184 	EXP 	fixation: autoDraw = True
30.5026 	EXP 	Device response: <KeyPress from None: t=30.39948949999234, value=left, duration=0.1011177000036696>
30.9029 	EXP 	fixation: autoDraw = False
30.9029 	EXP 	cue_text: autoDraw = True
31.2019 	EXP 	cue_text: autoDraw = False
31.5015 	INFO 	Keyboard events cleared
31.5014 	EXP 	target: autoDraw = True
31.8025 	EXP 	Device response: <KeyPress from None: t=31.788163699995494, value=right, duration=None>
31.8030 	EXP 	New trial (rep=1, index=8): <Trial 18 (8 in rep 1) data={'cue_arrow': '→', 'target_x': 0.5, 'condition': 'valid', 'corr_Ans': 'right', 'thisN': 18, 'thisTrialN': 8, 'thisRepN': 1}>
31.8070 	DATA 	Keypress: right
31.8189 	EXP 	fixation: autoDraw = False
31.8189 	EXP 	cue_text: autoDraw = False
31.8189 	EXP 	target: autoDraw = False
31.8189 	EXP 	cue_text: height = np.float64(0.1)
31.8189 	EXP 	cue_text: height = np.float64(0.1)
31.8189 	EXP 	cue_text: height = np.float64(0.1)
31.8189 	EXP 	cue_text: text = '→'
31.8189 	EXP 	fixation: autoDraw = True
31.9357 	EXP 	Device response: <KeyPress from None: t=31.788163699995494, value=right, duration=0.13498709999839775>
32.3018 	EXP 	fixation: autoDraw = False
32.3018 	EXP 	cue_text: autoDraw = True
32.6183 	EXP 	cue_text: autoDraw = False
32.9183 	INFO 	Keyboard events cleared
32.9182 	EXP 	target: autoDraw = True
33.3188 	EXP 	Device response: <KeyPress from None: t=33.31316629999492, value=right, duration=None>
33.3190 	EXP 	New trial (rep=1, index=9): <Trial 19 (9 in rep 1) data={'cue_arrow': '←', 'target_x': -0.5, 'condition': 'valid', 'corr_Ans': 'left', 'thisN': 19, 'thisTrialN': 9, 'thisRepN': 1}>
33.3212 	DATA 	Keypress: right
33.3349 	EXP 	fixation: autoDraw = False
33.3349 	EXP 	cue_text: autoDraw = False
33.3349 	EXP 	target: autoDraw = False
33.3349 	EXP 	cue_text: height = np.float64(0.1)
33.3349 	EXP 	cue_text: height = np.float64(0.1)
33.3349 	EXP 	cue_text: height = np.float64(0.1)
33.3349 	EXP 	cue_text: text = '←'
33.3349 	EXP 	fixation: autoDraw = True
33.4352 	EXP 	Device response: <KeyPress from None: t=33.31316629999492, value=right, duration=0.11431940000329632>
33.8182 	EXP 	fixation: autoDraw = False
33.8182 	EXP 	cue_text: autoDraw = True
34.1187 	EXP 	cue_text: autoDraw = False
34.4203 	INFO 	Keyboard events cleared
34.4201 	EXP 	target: autoDraw = True
34.7203 	EXP 	Device response: <KeyPress from None: t=34.70435279999219, value=left, duration=None>
34.7208 	EXP 	New trial (rep=2, index=0): <Trial 20 (0 in rep 2) data={'cue_arrow': '→', 'target_x': 0.5, 'condition': 'valid', 'corr_Ans': 'right', 'thisN': 20, 'thisTrialN': 0, 'thisRepN': 2}>
34.7247 	DATA 	Keypress: left
34.7346 	EXP 	fixation: autoDraw = False
34.7346 	EXP 	cue_text: autoDraw = False
34.7346 	EXP 	target: autoDraw = False
34.7346 	EXP 	cue_text: height = np.float64(0.1)
34.7346 	EXP 	cue_text: height = np.float64(0.1)
34.7346 	EXP 	cue_text: height = np.float64(0.1)
34.7346 	EXP 	cue_text: text = '→'
34.7346 	EXP 	fixation: autoDraw = True
34.8194 	EXP 	Device response: <KeyPress from None: t=34.70435279999219, value=left, duration=0.11051800000132062>
35.2368 	EXP 	fixation: autoDraw = False
35.2368 	EXP 	cue_text: autoDraw = True
35.5202 	EXP 	cue_text: autoDraw = False
35.8198 	INFO 	Keyboard events cleared
35.8195 	EXP 	target: autoDraw = True
36.0523 	EXP 	Device response: <KeyPress from None: t=36.05096209999465, value=right, duration=None>
36.0527 	EXP 	New trial (rep=2, index=1): <Trial 21 (1 in rep 2) data={'cue_arrow': '←', 'target_x': -0.5, 'condition': 'valid', 'corr_Ans': 'left', 'thisN': 21, 'thisTrialN': 1, 'thisRepN': 2}>
36.0577 	DATA 	Keypress: right
36.0687 	EXP 	fixation: autoDraw = False
36.0687 	EXP 	cue_text: autoDraw = False
36.0687 	EXP 	target: autoDraw = False
36.0687 	EXP 	cue_text: height = np.float64(0.1)
36.0687 	EXP 	cue_text: height = np.float64(0.1)
36.0687 	EXP 	cue_text: height = np.float64(0.1)
36.0687 	EXP 	cue_text: text = '←'
36.0687 	EXP 	fixation: autoDraw = True
36.1862 	EXP 	Device response: <KeyPress from None: t=36.05096209999465, value=right, duration=0.1342488000082085>
36.5535 	EXP 	fixation: autoDraw = False
36.5535 	EXP 	cue_text: autoDraw = True
36.8523 	EXP 	cue_text: autoDraw = False
37.1522 	INFO 	Keyboard events cleared
37.1518 	EXP 	target: autoDraw = True
37.4691 	EXP 	Device response: <KeyPress from None: t=37.46545010000409, value=left, duration=None>
37.4696 	EXP 	New trial (rep=2, index=2): <Trial 22 (2 in rep 2) data={'cue_arrow': '→', 'target_x': -0.5, 'condition': 'invalid', 'corr_Ans': 'left', 'thisN': 22, 'thisTrialN': 2, 'thisRepN': 2}>
37.4727 	DATA 	Keypress: left
37.4850 	EXP 	fixation: autoDraw = False
37.4850 	EXP 	cue_text: autoDraw = False
37.4850 	EXP 	target: autoDraw = False
37.4850 	EXP 	cue_text: height = np.float64(0.1)
37.4850 	EXP 	cue_text: height = np.float64(0.1)
37.4850 	EXP 	cue_text: height = np.float64(0.1)
37.4850 	EXP 	cue_text: text = '→'
37.4850 	EXP 	fixation: autoDraw = True
37.5690 	EXP 	Device response: <KeyPress from None: t=37.46545010000409, value=left, duration=0.10100209999654908>
37.9702 	EXP 	fixation: autoDraw = False
37.9702 	EXP 	cue_text: autoDraw = True
38.2695 	EXP 	cue_text: autoDraw = False
38.5704 	INFO 	Keyboard events cleared
38.5702 	EXP 	target: autoDraw = True
38.9873 	EXP 	Device response: <KeyPress from None: t=38.97956079999858, value=left, duration=None>
38.9878 	EXP 	New trial (rep=2, index=3): <Trial 23 (3 in rep 2) data={'cue_arrow': '→', 'target_x': 0.5, 'condition': 'valid', 'corr_Ans': 'right', 'thisN': 23, 'thisTrialN': 3, 'thisRepN': 2}>
38.9891 	DATA 	Keypress: left
39.0021 	EXP 	fixation: autoDraw = False
39.0021 	EXP 	cue_text: autoDraw = False
39.0021 	EXP 	target: autoDraw = False
39.0021 	EXP 	cue_text: text = '→'
39.0021 	EXP 	fixation: autoDraw = True
39.1194 	EXP 	Device response: <KeyPress from None: t=38.97956079999858, value=left, duration=0.12463560000469442>
39.5024 	EXP 	fixation: autoDraw = False
39.5024 	EXP 	cue_text: autoDraw = True
39.8026 	EXP 	cue_text: autoDraw = False
40.0861 	INFO 	Keyboard events cleared
40.0859 	EXP 	target: autoDraw = True
40.3695 	EXP 	Device response: <KeyPress from None: t=40.367100499992375, value=right, duration=None>
40.3698 	EXP 	New trial (rep=2, index=4): <Trial 24 (4 in rep 2) data={'cue_arrow': '←', 'target_x': -0.5, 'condition': 'valid', 'corr_Ans': 'left', 'thisN': 24, 'thisTrialN': 4, 'thisRepN': 2}>
40.3725 	DATA 	Keypress: right
40.3855 	EXP 	fixation: autoDraw = False
40.3855 	EXP 	cue_text: autoDraw = False
40.3855 	EXP 	target: autoDraw = False
40.3855 	EXP 	cue_text: height = np.float64(0.1)
40.3855 	EXP 	cue_text: height = np.float64(0.1)
40.3855 	EXP 	cue_text: height = np.float64(0.1)
40.3855 	EXP 	cue_text: text = '←'
40.3855 	EXP 	fixation: autoDraw = True
40.4869 	EXP 	Device response: <KeyPress from None: t=40.367100499992375, value=right, duration=0.11780990000988822>
40.8698 	EXP 	fixation: autoDraw = False
40.8698 	EXP 	cue_text: autoDraw = True
41.1869 	EXP 	cue_text: autoDraw = False
41.4852 	INFO 	Keyboard events cleared
41.4850 	EXP 	target: autoDraw = True
41.7524 	EXP 	Device response: <KeyPress from None: t=41.74234769999748, value=left, duration=None>
41.7530 	EXP 	New trial (rep=2, index=5): <Trial 25 (5 in rep 2) data={'cue_arrow': '←', 'target_x': -0.5, 'condition': 'valid', 'corr_Ans': 'left', 'thisN': 25, 'thisTrialN': 5, 'thisRepN': 2}>
41.7546 	DATA 	Keypress: left
41.7690 	EXP 	fixation: autoDraw = False
41.7690 	EXP 	cue_text: autoDraw = False
41.7690 	EXP 	target: autoDraw = False
41.7690 	EXP 	cue_text: text = '←'
41.7690 	EXP 	fixation: autoDraw = True
41.8538 	EXP 	Device response: <KeyPress from None: t=41.74234769999748, value=left, duration=0.10072570000193082>
42.2530 	EXP 	fixation: autoDraw = False
42.2530 	EXP 	cue_text: autoDraw = True
42.5534 	EXP 	cue_text: autoDraw = False
42.8526 	INFO 	Keyboard events cleared
42.8524 	EXP 	target: autoDraw = True
43.2199 	EXP 	Device response: <KeyPress from None: t=43.21616840000206, value=left, duration=None>
43.2203 	EXP 	New trial (rep=2, index=6): <Trial 26 (6 in rep 2) data={'cue_arrow': '→', 'target_x': 0.5, 'condition': 'valid', 'corr_Ans': 'right', 'thisN': 26, 'thisTrialN': 6, 'thisRepN': 2}>
43.2235 	DATA 	Keypress: left
43.2354 	EXP 	fixation: autoDraw = False
43.2354 	EXP 	cue_text: autoDraw = False
43.2354 	EXP 	target: autoDraw = False
43.2354 	EXP 	cue_text: height = np.float64(0.1)
43.2354 	EXP 	cue_text: height = np.float64(0.1)
43.2354 	EXP 	cue_text: height = np.float64(0.1)
43.2354 	EXP 	cue_text: text = '→'
43.2354 	EXP 	fixation: autoDraw = True
43.3531 	EXP 	Device response: <KeyPress from None: t=43.21616840000206, value=left, duration=0.1268790999893099>
43.7203 	EXP 	fixation: autoDraw = False
43.7203 	EXP 	cue_text: autoDraw = True
44.0369 	EXP 	cue_text: autoDraw = False
44.3203 	INFO 	Keyboard events cleared
44.3201 	EXP 	target: autoDraw = True
44.5874 	DATA 	Keypress: right
44.6023 	EXP 	Device response: <KeyPress from None: t=44.58637839999574, value=right, duration=None>
44.6027 	EXP 	New trial (rep=2, index=7): <Trial 27 (7 in rep 2) data={'cue_arrow': '←', 'target_x': 0.5, 'condition': 'invalid', 'corr_Ans': 'right', 'thisN': 27, 'thisTrialN': 7, 'thisRepN': 2}>
44.6192 	EXP 	fixation: autoDraw = False
44.6192 	EXP 	cue_text: autoDraw = False
44.6192 	EXP 	target: autoDraw = False
44.6192 	EXP 	cue_text: height = np.float64(0.1)
44.6192 	EXP 	cue_text: height = np.float64(0.1)
44.6192 	EXP 	cue_text: height = np.float64(0.1)
44.6192 	EXP 	cue_text: text = '←'
44.6192 	EXP 	fixation: autoDraw = True
44.7204 	EXP 	Device response: <KeyPress from None: t=44.58637839999574, value=right, duration=0.12021219999587629>
45.1026 	EXP 	fixation: autoDraw = False
45.1026 	EXP 	cue_text: autoDraw = True
45.4037 	EXP 	cue_text: autoDraw = False
45.7038 	INFO 	Keyboard events cleared
45.7036 	EXP 	target: autoDraw = True
46.0857 	EXP 	Device response: <KeyPress from None: t=46.07869349999237, value=right, duration=None>
46.0860 	EXP 	New trial (rep=2, index=8): <Trial 28 (8 in rep 2) data={'cue_arrow': '←', 'target_x': -0.5, 'condition': 'valid', 'corr_Ans': 'left', 'thisN': 28, 'thisTrialN': 8, 'thisRepN': 2}>
46.0873 	DATA 	Keypress: right
46.1024 	EXP 	fixation: autoDraw = False
46.1024 	EXP 	cue_text: autoDraw = False
46.1024 	EXP 	target: autoDraw = False
46.1024 	EXP 	cue_text: text = '←'
46.1024 	EXP 	fixation: autoDraw = True
46.2371 	EXP 	Device response: <KeyPress from None: t=46.07869349999237, value=right, duration=0.14266670000506565>
46.5861 	EXP 	fixation: autoDraw = False
46.5861 	EXP 	cue_text: autoDraw = True
46.8867 	EXP 	cue_text: autoDraw = False
47.1856 	INFO 	Keyboard events cleared
47.1854 	EXP 	target: autoDraw = True
47.5056 	DATA 	Keypress: left
47.5192 	EXP 	Device response: <KeyPress from None: t=47.50500199999078, value=left, duration=None>
47.5197 	EXP 	New trial (rep=2, index=9): <Trial 29 (9 in rep 2) data={'cue_arrow': '→', 'target_x': 0.5, 'condition': 'valid', 'corr_Ans': 'right', 'thisN': 29, 'thisTrialN': 9, 'thisRepN': 2}>
47.5366 	EXP 	fixation: autoDraw = False
47.5366 	EXP 	cue_text: autoDraw = False
47.5366 	EXP 	target: autoDraw = False
47.5366 	EXP 	cue_text: height = np.float64(0.1)
47.5366 	EXP 	cue_text: height = np.float64(0.1)
47.5366 	EXP 	cue_text: height = np.float64(0.1)
47.5366 	EXP 	cue_text: text = '→'
47.5366 	EXP 	fixation: autoDraw = True
47.6021 	EXP 	Device response: <KeyPress from None: t=47.50500199999078, value=left, duration=0.09011250000912696>
48.0204 	EXP 	fixation: autoDraw = False
48.0204 	EXP 	cue_text: autoDraw = True
48.3193 	EXP 	cue_text: autoDraw = False
48.6200 	INFO 	Keyboard events cleared
48.6198 	EXP 	target: autoDraw = True
48.8542 	EXP 	Device response: <KeyPress from None: t=48.846610699998564, value=right, duration=None>
48.8547 	EXP 	New trial (rep=3, index=0): <Trial 30 (0 in rep 3) data={'cue_arrow': '→', 'target_x': 0.5, 'condition': 'valid', 'corr_Ans': 'right', 'thisN': 30, 'thisTrialN': 0, 'thisRepN': 3}>
48.8560 	DATA 	Keypress: right
48.8686 	EXP 	fixation: autoDraw = False
48.8686 	EXP 	cue_text: autoDraw = False
48.8686 	EXP 	target: autoDraw = False
48.8686 	EXP 	cue_text: text = '→'
48.8686 	EXP 	fixation: autoDraw = True
48.9863 	EXP 	Device response: <KeyPress from None: t=48.846610699998564, value=right, duration=0.13710330000321846>
49.3534 	EXP 	fixation: autoDraw = False
49.3534 	EXP 	cue_text: autoDraw = True
49.6533 	EXP 	cue_text: autoDraw = False
49.9699 	INFO 	Keyboard events cleared
49.9696 	EXP 	target: autoDraw = True
50.2531 	EXP 	Device response: <KeyPress from None: t=50.2465666999924, value=right, duration=None>
50.2534 	EXP 	New trial (rep=3, index=1): <Trial 31 (1 in rep 3) data={'cue_arrow': '→', 'target_x': 0.5, 'condition': 'valid', 'corr_Ans': 'right', 'thisN': 31, 'thisTrialN': 1, 'thisRepN': 3}>
50.2546 	DATA 	Keypress: right
50.2699 	EXP 	fixation: autoDraw = False
50.2699 	EXP 	cue_text: autoDraw = False
50.2699 	EXP 	target: autoDraw = False
50.2699 	EXP 	cue_text: text = '→'
50.2699 	EXP 	fixation: autoDraw = True
50.4027 	EXP 	Device response: <KeyPress from None: t=50.2465666999924, value=right, duration=0.14007710000441875>
50.7525 	EXP 	fixation: autoDraw = False
50.7525 	EXP 	cue_text: autoDraw = True
51.0533 	EXP 	cue_text: autoDraw = False
51.3538 	INFO 	Keyboard events cleared
51.3537 	EXP 	target: autoDraw = True
51.6206 	EXP 	Device response: <KeyPress from None: t=51.61025410000002, value=right, duration=None>
51.6210 	EXP 	New trial (rep=3, index=2): <Trial 32 (2 in rep 3) data={'cue_arrow': '←', 'target_x': -0.5, 'condition': 'valid', 'corr_Ans': 'left', 'thisN': 32, 'thisTrialN': 2, 'thisRepN': 3}>
51.6242 	DATA 	Keypress: right
51.6358 	EXP 	fixation: autoDraw = False
51.6358 	EXP 	cue_text: autoDraw = False
51.6358 	EXP 	target: autoDraw = False
51.6358 	EXP 	cue_text: height = np.float64(0.1)
51.6358 	EXP 	cue_text: height = np.float64(0.1)
51.6358 	EXP 	cue_text: height = np.float64(0.1)
51.6358 	EXP 	cue_text: text = '←'
51.6358 	EXP 	fixation: autoDraw = True
51.7534 	EXP 	Device response: <KeyPress from None: t=51.61025410000002, value=right, duration=0.13619389999075793>
52.1187 	EXP 	fixation: autoDraw = False
52.1187 	EXP 	cue_text: autoDraw = True
52.4205 	EXP 	cue_text: autoDraw = False
52.7203 	INFO 	Keyboard events cleared
52.7201 	EXP 	target: autoDraw = True
53.0025 	EXP 	Device response: <KeyPress from None: t=53.00003359999391, value=left, duration=None>
53.0029 	EXP 	New trial (rep=3, index=3): <Trial 33 (3 in rep 3) data={'cue_arrow': '←', 'target_x': -0.5, 'condition': 'valid', 'corr_Ans': 'left', 'thisN': 33, 'thisTrialN': 3, 'thisRepN': 3}>
53.0043 	DATA 	Keypress: left
53.0187 	EXP 	fixation: autoDraw = False
53.0187 	EXP 	cue_text: autoDraw = False
53.0187 	EXP 	target: autoDraw = False
53.0187 	EXP 	cue_text: text = '←'
53.0187 	EXP 	fixation: autoDraw = True
53.0861 	EXP 	Device response: <KeyPress from None: t=53.00003359999391, value=left, duration=0.08309929999813903>
53.5037 	EXP 	fixation: autoDraw = False
53.5037 	EXP 	cue_text: autoDraw = True
53.8035 	EXP 	cue_text: autoDraw = False
54.1041 	INFO 	Keyboard events cleared
54.1039 	EXP 	target: autoDraw = True
54.4541 	EXP 	Device response: <KeyPress from None: t=54.44635109999217, value=left, duration=None>
54.4544 	EXP 	New trial (rep=3, index=4): <Trial 34 (4 in rep 3) data={'cue_arrow': '←', 'target_x': -0.5, 'condition': 'valid', 'corr_Ans': 'left', 'thisN': 34, 'thisTrialN': 4, 'thisRepN': 3}>
54.4558 	DATA 	Keypress: left
54.4688 	EXP 	fixation: autoDraw = False
54.4688 	EXP 	cue_text: autoDraw = False
54.4688 	EXP 	target: autoDraw = False
54.4688 	EXP 	cue_text: text = '←'
54.4688 	EXP 	fixation: autoDraw = True
54.6034 	EXP 	Device response: <KeyPress from None: t=54.44635109999217, value=left, duration=0.15420679999806453>
54.9523 	EXP 	fixation: autoDraw = False
54.9523 	EXP 	cue_text: autoDraw = True
55.2525 	EXP 	cue_text: autoDraw = False
55.5539 	INFO 	Keyboard events cleared
55.5537 	EXP 	target: autoDraw = True
55.8526 	EXP 	Device response: <KeyPress from None: t=55.85085089999484, value=left, duration=None>
55.8529 	EXP 	New trial (rep=3, index=5): <Trial 35 (5 in rep 3) data={'cue_arrow': '←', 'target_x': 0.5, 'condition': 'invalid', 'corr_Ans': 'right', 'thisN': 35, 'thisTrialN': 5, 'thisRepN': 3}>
55.8542 	DATA 	Keypress: left
55.8687 	EXP 	fixation: autoDraw = False
55.8687 	EXP 	cue_text: autoDraw = False
55.8687 	EXP 	target: autoDraw = False
55.8687 	EXP 	cue_text: text = '←'
55.8687 	EXP 	fixation: autoDraw = True
55.9533 	EXP 	Device response: <KeyPress from None: t=55.85085089999484, value=left, duration=0.0989356000063708>
56.3530 	EXP 	fixation: autoDraw = False
56.3530 	EXP 	cue_text: autoDraw = True
56.6534 	EXP 	cue_text: autoDraw = False
56.9537 	INFO 	Keyboard events cleared
56.9534 	EXP 	target: autoDraw = True
57.3202 	EXP 	Device response: <KeyPress from None: t=57.31939399999101, value=right, duration=None>
57.3205 	EXP 	New trial (rep=3, index=6): <Trial 36 (6 in rep 3) data={'cue_arrow': '←', 'target_x': -0.5, 'condition': 'valid', 'corr_Ans': 'left', 'thisN': 36, 'thisTrialN': 6, 'thisRepN': 3}>
57.3218 	DATA 	Keypress: right
57.3353 	EXP 	fixation: autoDraw = False
57.3353 	EXP 	cue_text: autoDraw = False
57.3353 	EXP 	target: autoDraw = False
57.3353 	EXP 	cue_text: text = '←'
57.3353 	EXP 	fixation: autoDraw = True
57.4532 	EXP 	Device response: <KeyPress from None: t=57.31939399999101, value=right, duration=0.13125869999930728>
57.8190 	EXP 	fixation: autoDraw = False
57.8190 	EXP 	cue_text: autoDraw = True
58.1201 	EXP 	cue_text: autoDraw = False
58.4203 	INFO 	Keyboard events cleared
58.4200 	EXP 	target: autoDraw = True
58.7532 	EXP 	Device response: <KeyPress from None: t=58.742705299999216, value=left, duration=None>
58.7536 	EXP 	New trial (rep=3, index=7): <Trial 37 (7 in rep 3) data={'cue_arrow': '→', 'target_x': 0.5, 'condition': 'valid', 'corr_Ans': 'right', 'thisN': 37, 'thisTrialN': 7, 'thisRepN': 3}>
58.7574 	DATA 	Keypress: left
58.7694 	EXP 	fixation: autoDraw = False
58.7694 	EXP 	cue_text: autoDraw = False
58.7694 	EXP 	target: autoDraw = False
58.7694 	EXP 	cue_text: height = np.float64(0.1)
58.7694 	EXP 	cue_text: height = np.float64(0.1)
58.7694 	EXP 	cue_text: height = np.float64(0.1)
58.7694 	EXP 	cue_text: text = '→'
58.7694 	EXP 	fixation: autoDraw = True
58.9029 	EXP 	Device response: <KeyPress from None: t=58.742705299999216, value=left, duration=0.1444026999961352>
59.2528 	EXP 	fixation: autoDraw = False
59.2528 	EXP 	cue_text: autoDraw = True
59.5699 	EXP 	cue_text: autoDraw = False
59.8534 	INFO 	Keyboard events cleared
59.8532 	EXP 	target: autoDraw = True
60.1368 	EXP 	Device response: <KeyPress from None: t=60.13357940000424, value=right, duration=None>
60.1371 	EXP 	New trial (rep=3, index=8): <Trial 38 (8 in rep 3) data={'cue_arrow': '→', 'target_x': 0.5, 'condition': 'valid', 'corr_Ans': 'right', 'thisN': 38, 'thisTrialN': 8, 'thisRepN': 3}>
60.1384 	DATA 	Keypress: right
60.1528 	EXP 	fixation: autoDraw = False
60.1528 	EXP 	cue_text: autoDraw = False
60.1528 	EXP 	target: autoDraw = False
60.1528 	EXP 	cue_text: text = '→'
60.1528 	EXP 	fixation: autoDraw = True
60.2697 	EXP 	Device response: <KeyPress from None: t=60.13357940000424, value=right, duration=0.12324869999429211>
60.6359 	EXP 	fixation: autoDraw = False
60.6359 	EXP 	cue_text: autoDraw = True
60.9371 	EXP 	cue_text: autoDraw = False
61.2373 	INFO 	Keyboard events cleared
61.2371 	EXP 	target: autoDraw = True
61.5363 	EXP 	Device response: <KeyPress from None: t=61.532085700004245, value=right, duration=None>
61.5368 	EXP 	New trial (rep=3, index=9): <Trial 39 (9 in rep 3) data={'cue_arrow': '→', 'target_x': -0.5, 'condition': 'invalid', 'corr_Ans': 'left', 'thisN': 39, 'thisTrialN': 9, 'thisRepN': 3}>
61.5381 	DATA 	Keypress: right
61.5524 	EXP 	fixation: autoDraw = False
61.5524 	EXP 	cue_text: autoDraw = False
61.5524 	EXP 	target: autoDraw = False
61.5524 	EXP 	cue_text: text = '→'
61.5524 	EXP 	fixation: autoDraw = True
61.6850 	EXP 	Device response: <KeyPress from None: t=61.532085700004245, value=right, duration=0.14307439999538474>
62.0373 	EXP 	fixation: autoDraw = False
62.0373 	EXP 	cue_text: autoDraw = True
62.3376 	EXP 	cue_text: autoDraw = False
62.6372 	INFO 	Keyboard events cleared
62.6370 	EXP 	target: autoDraw = True
62.9528 	EXP 	Device response: <KeyPress from None: t=62.940500199998496, value=left, duration=None>
62.9532 	EXP 	New trial (rep=4, index=0): <Trial 40 (0 in rep 4) data={'cue_arrow': '→', 'target_x': -0.5, 'condition': 'invalid', 'corr_Ans': 'left', 'thisN': 40, 'thisTrialN': 0, 'thisRepN': 4}>
62.9546 	DATA 	Keypress: left
62.9698 	EXP 	fixation: autoDraw = False
62.9698 	EXP 	cue_text: autoDraw = False
62.9698 	EXP 	target: autoDraw = False
62.9698 	EXP 	cue_text: text = '→'
62.9698 	EXP 	fixation: autoDraw = True
63.0701 	EXP 	Device response: <KeyPress from None: t=62.940500199998496, value=left, duration=0.12343540000438225>
63.4536 	EXP 	fixation: autoDraw = False
63.4536 	EXP 	cue_text: autoDraw = True
63.7537 	EXP 	cue_text: autoDraw = False
64.0546 	INFO 	Keyboard events cleared
64.0544 	EXP 	target: autoDraw = True
64.4543 	EXP 	Device response: <KeyPress from None: t=64.44037489999027, value=left, duration=None>
64.4548 	EXP 	New trial (rep=4, index=1): <Trial 41 (1 in rep 4) data={'cue_arrow': '←', 'target_x': 0.5, 'condition': 'invalid', 'corr_Ans': 'right', 'thisN': 41, 'thisTrialN': 1, 'thisRepN': 4}>
64.4581 	DATA 	Keypress: left
64.4688 	EXP 	fixation: autoDraw = False
64.4688 	EXP 	cue_text: autoDraw = False
64.4688 	EXP 	target: autoDraw = False
64.4688 	EXP 	cue_text: height = np.float64(0.1)
64.4688 	EXP 	cue_text: height = np.float64(0.1)
64.4688 	EXP 	cue_text: height = np.float64(0.1)
64.4688 	EXP 	cue_text: text = '←'
64.4688 	EXP 	fixation: autoDraw = True
64.5695 	EXP 	Device response: <KeyPress from None: t=64.44037489999027, value=left, duration=0.1279946000140626>
64.9541 	EXP 	fixation: autoDraw = False
64.9541 	EXP 	cue_text: autoDraw = True
65.2689 	EXP 	cue_text: autoDraw = False
65.5707 	INFO 	Keyboard events cleared
65.5704 	EXP 	target: autoDraw = True
65.9031 	EXP 	Device response: <KeyPress from None: t=65.89319639999303, value=right, duration=None>
65.9034 	EXP 	New trial (rep=4, index=2): <Trial 42 (2 in rep 4) data={'cue_arrow': '→', 'target_x': 0.5, 'condition': 'valid', 'corr_Ans': 'right', 'thisN': 42, 'thisTrialN': 2, 'thisRepN': 4}>
65.9067 	DATA 	Keypress: right
65.9188 	EXP 	fixation: autoDraw = False
65.9188 	EXP 	cue_text: autoDraw = False
65.9188 	EXP 	target: autoDraw = False
65.9188 	EXP 	cue_text: height = np.float64(0.1)
65.9188 	EXP 	cue_text: height = np.float64(0.1)
65.9188 	EXP 	cue_text: height = np.float64(0.1)
65.9188 	EXP 	cue_text: text = '→'
65.9188 	EXP 	fixation: autoDraw = True
66.0038 	EXP 	Device response: <KeyPress from None: t=65.89319639999303, value=right, duration=0.1099650000105612>
66.4035 	EXP 	fixation: autoDraw = False
66.4035 	EXP 	cue_text: autoDraw = True
66.7033 	EXP 	cue_text: autoDraw = False
67.0029 	INFO 	Keyboard events cleared
67.0027 	EXP 	target: autoDraw = True
67.3030 	EXP 	Device response: <KeyPress from None: t=67.30206809999072, value=right, duration=None>
67.3033 	EXP 	New trial (rep=4, index=3): <Trial 43 (3 in rep 4) data={'cue_arrow': '→', 'target_x': 0.5, 'condition': 'valid', 'corr_Ans': 'right', 'thisN': 43, 'thisTrialN': 3, 'thisRepN': 4}>
67.3046 	DATA 	Keypress: right
67.3192 	EXP 	fixation: autoDraw = False
67.3192 	EXP 	cue_text: autoDraw = False
67.3192 	EXP 	target: autoDraw = False
67.3192 	EXP 	cue_text: text = '→'
67.3192 	EXP 	fixation: autoDraw = True
67.4542 	EXP 	Device response: <KeyPress from None: t=67.30206809999072, value=right, duration=0.15029320000030566>
67.8042 	EXP 	fixation: autoDraw = False
67.8042 	EXP 	cue_text: autoDraw = True
68.1022 	EXP 	cue_text: autoDraw = False
68.4035 	INFO 	Keyboard events cleared
68.4033 	EXP 	target: autoDraw = True
68.7205 	EXP 	Device response: <KeyPress from None: t=68.71270869999717, value=right, duration=None>
68.7208 	EXP 	New trial (rep=4, index=4): <Trial 44 (4 in rep 4) data={'cue_arrow': '←', 'target_x': -0.5, 'condition': 'valid', 'corr_Ans': 'left', 'thisN': 44, 'thisTrialN': 4, 'thisRepN': 4}>
68.7238 	DATA 	Keypress: right
68.7358 	EXP 	fixation: autoDraw = False
68.7358 	EXP 	cue_text: autoDraw = False
68.7358 	EXP 	target: autoDraw = False
68.7358 	EXP 	cue_text: height = np.float64(0.1)
68.7358 	EXP 	cue_text: height = np.float64(0.1)
68.7358 	EXP 	cue_text: height = np.float64(0.1)
68.7358 	EXP 	cue_text: text = '←'
68.7358 	EXP 	fixation: autoDraw = True
68.8530 	EXP 	Device response: <KeyPress from None: t=68.71270869999717, value=right, duration=0.12368659999629017>
69.2371 	EXP 	fixation: autoDraw = False
69.2371 	EXP 	cue_text: autoDraw = True
69.5202 	EXP 	cue_text: autoDraw = False
69.8210 	INFO 	Keyboard events cleared
69.8207 	EXP 	target: autoDraw = True
70.1703 	EXP 	Device response: <KeyPress from None: t=70.16525069999625, value=left, duration=None>
70.1709 	EXP 	New trial (rep=4, index=5): <Trial 45 (5 in rep 4) data={'cue_arrow': '→', 'target_x': 0.5, 'condition': 'valid', 'corr_Ans': 'right', 'thisN': 45, 'thisTrialN': 5, 'thisRepN': 4}>
70.1752 	DATA 	Keypress: left
70.1851 	EXP 	fixation: autoDraw = False
70.1851 	EXP 	cue_text: autoDraw = False
70.1851 	EXP 	target: autoDraw = False
70.1851 	EXP 	cue_text: height = np.float64(0.1)
70.1851 	EXP 	cue_text: height = np.float64(0.1)
70.1851 	EXP 	cue_text: height = np.float64(0.1)
70.1851 	EXP 	cue_text: text = '→'
70.1851 	EXP 	fixation: autoDraw = True
70.2369 	EXP 	Device response: <KeyPress from None: t=70.16525069999625, value=left, duration=0.06975360000797082>
70.6705 	EXP 	fixation: autoDraw = False
70.6705 	EXP 	cue_text: autoDraw = True
70.9869 	EXP 	cue_text: autoDraw = False
71.2710 	INFO 	Keyboard events cleared
71.2708 	EXP 	target: autoDraw = True
71.5532 	EXP 	Device response: <KeyPress from None: t=71.54404900000372, value=right, duration=None>
71.5536 	EXP 	New trial (rep=4, index=6): <Trial 46 (6 in rep 4) data={'cue_arrow': '←', 'target_x': -0.5, 'condition': 'valid', 'corr_Ans': 'left', 'thisN': 46, 'thisTrialN': 6, 'thisRepN': 4}>
71.5572 	DATA 	Keypress: right
71.5705 	EXP 	fixation: autoDraw = False
71.5705 	EXP 	cue_text: autoDraw = False
71.5705 	EXP 	target: autoDraw = False
71.5705 	EXP 	cue_text: height = np.float64(0.1)
71.5705 	EXP 	cue_text: height = np.float64(0.1)
71.5705 	EXP 	cue_text: height = np.float64(0.1)
71.5705 	EXP 	cue_text: text = '←'
71.5705 	EXP 	fixation: autoDraw = True
71.6544 	EXP 	Device response: <KeyPress from None: t=71.54404900000372, value=right, duration=0.09801539999898523>
72.0705 	EXP 	fixation: autoDraw = False
72.0705 	EXP 	cue_text: autoDraw = True
72.3539 	EXP 	cue_text: autoDraw = False
72.6542 	INFO 	Keyboard events cleared
72.6540 	EXP 	target: autoDraw = True
72.8374 	EXP 	Device response: <KeyPress from None: t=72.83384500000102, value=left, duration=None>
72.8378 	EXP 	New trial (rep=4, index=7): <Trial 47 (7 in rep 4) data={'cue_arrow': '←', 'target_x': -0.5, 'condition': 'valid', 'corr_Ans': 'left', 'thisN': 47, 'thisTrialN': 7, 'thisRepN': 4}>
72.8391 	DATA 	Keypress: left
72.8522 	EXP 	fixation: autoDraw = False
72.8522 	EXP 	cue_text: autoDraw = False
72.8522 	EXP 	target: autoDraw = False
72.8522 	EXP 	cue_text: text = '←'
72.8522 	EXP 	fixation: autoDraw = True
72.9364 	EXP 	Device response: <KeyPress from None: t=72.83384500000102, value=left, duration=0.0968696999916574>
73.3525 	EXP 	fixation: autoDraw = False
73.3525 	EXP 	cue_text: autoDraw = True
73.6367 	EXP 	cue_text: autoDraw = False
73.9372 	INFO 	Keyboard events cleared
73.9370 	EXP 	target: autoDraw = True
74.2862 	EXP 	Device response: <KeyPress from None: t=74.27236930000072, value=left, duration=None>
74.2866 	EXP 	New trial (rep=4, index=8): <Trial 48 (8 in rep 4) data={'cue_arrow': '←', 'target_x': -0.5, 'condition': 'valid', 'corr_Ans': 'left', 'thisN': 48, 'thisTrialN': 8, 'thisRepN': 4}>
74.2878 	DATA 	Keypress: left
74.3035 	EXP 	fixation: autoDraw = False
74.3035 	EXP 	cue_text: autoDraw = False
74.3035 	EXP 	target: autoDraw = False
74.3035 	EXP 	cue_text: text = '←'
74.3035 	EXP 	fixation: autoDraw = True
74.4033 	EXP 	Device response: <KeyPress from None: t=74.27236930000072, value=left, duration=0.11617500000284053>
74.7861 	EXP 	fixation: autoDraw = False
74.7861 	EXP 	cue_text: autoDraw = True
75.0870 	EXP 	cue_text: autoDraw = False
75.3872 	INFO 	Keyboard events cleared
75.3869 	EXP 	target: autoDraw = True
75.7365 	EXP 	Device response: <KeyPress from None: t=75.72704309999244, value=left, duration=None>
75.7369 	EXP 	New trial (rep=4, index=9): <Trial 49 (9 in rep 4) data={'cue_arrow': '→', 'target_x': 0.5, 'condition': 'valid', 'corr_Ans': 'right', 'thisN': 49, 'thisTrialN': 9, 'thisRepN': 4}>
75.7399 	DATA 	Keypress: left
75.7525 	EXP 	fixation: autoDraw = False
75.7525 	EXP 	cue_text: autoDraw = False
75.7525 	EXP 	target: autoDraw = False
75.7525 	EXP 	cue_text: height = np.float64(0.1)
75.7525 	EXP 	cue_text: height = np.float64(0.1)
75.7525 	EXP 	cue_text: height = np.float64(0.1)
75.7525 	EXP 	cue_text: text = '→'
75.7525 	EXP 	fixation: autoDraw = True
75.8697 	EXP 	Device response: <KeyPress from None: t=75.72704309999244, value=left, duration=0.12920850000227802>
76.2359 	EXP 	fixation: autoDraw = False
76.2359 	EXP 	cue_text: autoDraw = True
76.5372 	EXP 	cue_text: autoDraw = False
76.8374 	INFO 	Keyboard events cleared
76.8372 	EXP 	target: autoDraw = True
77.1031 	EXP 	Device response: <KeyPress from None: t=77.09533999999985, value=right, duration=None>
77.1036 	EXP 	New trial (rep=5, index=0): <Trial 50 (0 in rep 5) data={'cue_arrow': '←', 'target_x': -0.5, 'condition': 'valid', 'corr_Ans': 'left', 'thisN': 50, 'thisTrialN': 0, 'thisRepN': 5}>
77.1072 	DATA 	Keypress: right
77.1200 	EXP 	fixation: autoDraw = False
77.1200 	EXP 	cue_text: autoDraw = False
77.1200 	EXP 	target: autoDraw = False
77.1200 	EXP 	cue_text: height = np.float64(0.1)
77.1200 	EXP 	cue_text: height = np.float64(0.1)
77.1200 	EXP 	cue_text: height = np.float64(0.1)
77.1200 	EXP 	cue_text: text = '←'
77.1200 	EXP 	fixation: autoDraw = True
77.2372 	EXP 	Device response: <KeyPress from None: t=77.09533999999985, value=right, duration=0.14021589999902062>
77.6041 	EXP 	fixation: autoDraw = False
77.6041 	EXP 	cue_text: autoDraw = True
77.9035 	EXP 	cue_text: autoDraw = False
78.2029 	INFO 	Keyboard events cleared
78.2027 	EXP 	target: autoDraw = True
78.4555 	DATA 	Keypress: left
78.4697 	EXP 	Device response: <KeyPress from None: t=78.45396630000323, value=left, duration=None>
78.4701 	EXP 	New trial (rep=5, index=1): <Trial 51 (1 in rep 5) data={'cue_arrow': '→', 'target_x': 0.5, 'condition': 'valid', 'corr_Ans': 'right', 'thisN': 51, 'thisTrialN': 1, 'thisRepN': 5}>
78.4863 	EXP 	fixation: autoDraw = False
78.4863 	EXP 	cue_text: autoDraw = False
78.4863 	EXP 	target: autoDraw = False
78.4863 	EXP 	cue_text: height = np.float64(0.1)
78.4863 	EXP 	cue_text: height = np.float64(0.1)
78.4863 	EXP 	cue_text: height = np.float64(0.1)
78.4863 	EXP 	cue_text: text = '→'
78.4863 	EXP 	fixation: autoDraw = True
78.5535 	EXP 	Device response: <KeyPress from None: t=78.45396630000323, value=left, duration=0.08488879998913035>
78.9693 	EXP 	fixation: autoDraw = False
78.9693 	EXP 	cue_text: autoDraw = True
79.2872 	EXP 	cue_text: autoDraw = False
79.5705 	INFO 	Keyboard events cleared
79.5703 	EXP 	target: autoDraw = True
79.8047 	DATA 	Keypress: right
79.8197 	EXP 	Device response: <KeyPress from None: t=79.80324719999044, value=right, duration=None>
79.8201 	EXP 	New trial (rep=5, index=2): <Trial 52 (2 in rep 5) data={'cue_arrow': '→', 'target_x': 0.5, 'condition': 'valid', 'corr_Ans': 'right', 'thisN': 52, 'thisTrialN': 2, 'thisRepN': 5}>
79.8370 	EXP 	fixation: autoDraw = False
79.8370 	EXP 	cue_text: autoDraw = False
79.8370 	EXP 	target: autoDraw = False
79.8370 	EXP 	cue_text: text = '→'
79.8370 	EXP 	fixation: autoDraw = True
79.9378 	EXP 	Device response: <KeyPress from None: t=79.80324719999044, value=right, duration=0.12752600001113024>
80.3209 	EXP 	fixation: autoDraw = False
80.3209 	EXP 	cue_text: autoDraw = True
80.6209 	EXP 	cue_text: autoDraw = False
80.9210 	INFO 	Keyboard events cleared
80.9208 	EXP 	target: autoDraw = True
81.1865 	EXP 	Device response: <KeyPress from None: t=81.17312199999287, value=right, duration=None>
81.1869 	EXP 	New trial (rep=5, index=3): <Trial 53 (3 in rep 5) data={'cue_arrow': '←', 'target_x': -0.5, 'condition': 'valid', 'corr_Ans': 'left', 'thisN': 53, 'thisTrialN': 3, 'thisRepN': 5}>
81.1899 	DATA 	Keypress: right
81.2023 	EXP 	fixation: autoDraw = False
81.2023 	EXP 	cue_text: autoDraw = False
81.2023 	EXP 	target: autoDraw = False
81.2023 	EXP 	cue_text: height = np.float64(0.1)
81.2023 	EXP 	cue_text: height = np.float64(0.1)
81.2023 	EXP 	cue_text: height = np.float64(0.1)
81.2023 	EXP 	cue_text: text = '←'
81.2023 	EXP 	fixation: autoDraw = True
81.3197 	EXP 	Device response: <KeyPress from None: t=81.17312199999287, value=right, duration=0.13890830001037102>
81.6876 	EXP 	fixation: autoDraw = False
81.6876 	EXP 	cue_text: autoDraw = True
81.9872 	EXP 	cue_text: autoDraw = False
82.2875 	INFO 	Keyboard events cleared
82.2873 	EXP 	target: autoDraw = True
82.5873 	DATA 	Keypress: left
82.6030 	EXP 	Device response: <KeyPress from None: t=82.58591169999272, value=left, duration=None>
82.6034 	EXP 	New trial (rep=5, index=4): <Trial 54 (4 in rep 5) data={'cue_arrow': '←', 'target_x': 0.5, 'condition': 'invalid', 'corr_Ans': 'right', 'thisN': 54, 'thisTrialN': 4, 'thisRepN': 5}>
82.6189 	EXP 	fixation: autoDraw = False
82.6189 	EXP 	cue_text: autoDraw = False
82.6189 	EXP 	target: autoDraw = False
82.6189 	EXP 	cue_text: text = '←'
82.6189 	EXP 	fixation: autoDraw = True
82.7045 	EXP 	Device response: <KeyPress from None: t=82.58591169999272, value=left, duration=0.10252729999774601>
83.1041 	EXP 	fixation: autoDraw = False
83.1041 	EXP 	cue_text: autoDraw = True
83.4040 	EXP 	cue_text: autoDraw = False
83.7038 	INFO 	Keyboard events cleared
83.7036 	EXP 	target: autoDraw = True
84.0564 	DATA 	Keypress: right
84.0700 	EXP 	Device response: <KeyPress from None: t=84.05579060000309, value=right, duration=None>
84.0704 	EXP 	New trial (rep=5, index=5): <Trial 55 (5 in rep 5) data={'cue_arrow': '→', 'target_x': 0.5, 'condition': 'valid', 'corr_Ans': 'right', 'thisN': 55, 'thisTrialN': 5, 'thisRepN': 5}>
84.0859 	EXP 	fixation: autoDraw = False
84.0859 	EXP 	cue_text: autoDraw = False
84.0859 	EXP 	target: autoDraw = False
84.0859 	EXP 	cue_text: height = np.float64(0.1)
84.0859 	EXP 	cue_text: height = np.float64(0.1)
84.0859 	EXP 	cue_text: height = np.float64(0.1)
84.0859 	EXP 	cue_text: text = '→'
84.0859 	EXP 	fixation: autoDraw = True
84.1873 	EXP 	Device response: <KeyPress from None: t=84.05579060000309, value=right, duration=0.12967209999624174>
84.5709 	EXP 	fixation: autoDraw = False
84.5709 	EXP 	cue_text: autoDraw = True
84.8704 	EXP 	cue_text: autoDraw = False
85.1699 	INFO 	Keyboard events cleared
85.1697 	EXP 	target: autoDraw = True
85.4373 	EXP 	Device response: <KeyPress from None: t=85.43431319999218, value=right, duration=None>
85.4377 	EXP 	New trial (rep=5, index=6): <Trial 56 (6 in rep 5) data={'cue_arrow': '→', 'target_x': 0.5, 'condition': 'valid', 'corr_Ans': 'right', 'thisN': 56, 'thisTrialN': 6, 'thisRepN': 5}>
85.4390 	DATA 	Keypress: right
85.4526 	EXP 	fixation: autoDraw = False
85.4526 	EXP 	cue_text: autoDraw = False
85.4526 	EXP 	target: autoDraw = False
85.4526 	EXP 	cue_text: text = '→'
85.4526 	EXP 	fixation: autoDraw = True
85.5873 	EXP 	Device response: <KeyPress from None: t=85.43431319999218, value=right, duration=0.140972100009094>
85.9376 	EXP 	fixation: autoDraw = False
85.9376 	EXP 	cue_text: autoDraw = True
86.2377 	EXP 	cue_text: autoDraw = False
86.5366 	INFO 	Keyboard events cleared
86.5364 	EXP 	target: autoDraw = True
86.8214 	EXP 	Device response: <KeyPress from None: t=86.81853109999793, value=right, duration=None>
86.8218 	EXP 	New trial (rep=5, index=7): <Trial 57 (7 in rep 5) data={'cue_arrow': '←', 'target_x': -0.5, 'condition': 'valid', 'corr_Ans': 'left', 'thisN': 57, 'thisTrialN': 7, 'thisRepN': 5}>
86.8251 	DATA 	Keypress: right
86.8354 	EXP 	fixation: autoDraw = False
86.8354 	EXP 	cue_text: autoDraw = False
86.8354 	EXP 	target: autoDraw = False
86.8354 	EXP 	cue_text: height = np.float64(0.1)
86.8354 	EXP 	cue_text: height = np.float64(0.1)
86.8354 	EXP 	cue_text: height = np.float64(0.1)
86.8354 	EXP 	cue_text: text = '←'
86.8354 	EXP 	fixation: autoDraw = True
86.9699 	EXP 	Device response: <KeyPress from None: t=86.81853109999793, value=right, duration=0.14224370000010822>
87.3375 	EXP 	fixation: autoDraw = False
87.3375 	EXP 	cue_text: autoDraw = True
87.6378 	EXP 	cue_text: autoDraw = False
87.9378 	INFO 	Keyboard events cleared
87.9376 	EXP 	target: autoDraw = True
88.3036 	EXP 	Device response: <KeyPress from None: t=88.2982961999951, value=left, duration=None>
88.3041 	EXP 	New trial (rep=5, index=8): <Trial 58 (8 in rep 5) data={'cue_arrow': '→', 'target_x': -0.5, 'condition': 'invalid', 'corr_Ans': 'left', 'thisN': 58, 'thisTrialN': 8, 'thisRepN': 5}>
88.3086 	DATA 	Keypress: left
88.3197 	EXP 	fixation: autoDraw = False
88.3197 	EXP 	cue_text: autoDraw = False
88.3197 	EXP 	target: autoDraw = False
88.3197 	EXP 	cue_text: height = np.float64(0.1)
88.3197 	EXP 	cue_text: height = np.float64(0.1)
88.3197 	EXP 	cue_text: height = np.float64(0.1)
88.3197 	EXP 	cue_text: text = '→'
88.3197 	EXP 	fixation: autoDraw = True
88.4700 	EXP 	Device response: <KeyPress from None: t=88.2982961999951, value=left, duration=0.16943540000647772>
88.8044 	EXP 	fixation: autoDraw = False
88.8044 	EXP 	cue_text: autoDraw = True
89.1029 	EXP 	cue_text: autoDraw = False
89.4041 	INFO 	Keyboard events cleared
89.4039 	EXP 	target: autoDraw = True
89.7532 	EXP 	Device response: <KeyPress from None: t=89.74995139999373, value=left, duration=None>
89.7536 	EXP 	New trial (rep=5, index=9): <Trial 59 (9 in rep 5) data={'cue_arrow': '←', 'target_x': -0.5, 'condition': 'valid', 'corr_Ans': 'left', 'thisN': 59, 'thisTrialN': 9, 'thisRepN': 5}>
89.7571 	DATA 	Keypress: left
89.7694 	EXP 	fixation: autoDraw = False
89.7694 	EXP 	cue_text: autoDraw = False
89.7694 	EXP 	target: autoDraw = False
89.7694 	EXP 	cue_text: height = np.float64(0.1)
89.7694 	EXP 	cue_text: height = np.float64(0.1)
89.7694 	EXP 	cue_text: height = np.float64(0.1)
89.7694 	EXP 	cue_text: text = '←'
89.7694 	EXP 	fixation: autoDraw = True
89.9033 	EXP 	Device response: <KeyPress from None: t=89.74995139999373, value=left, duration=0.13844340000650845>
90.2539 	EXP 	fixation: autoDraw = False
90.2539 	EXP 	cue_text: autoDraw = True
90.5541 	EXP 	cue_text: autoDraw = False
90.8547 	INFO 	Keyboard events cleared
90.8545 	EXP 	target: autoDraw = True
91.1732 	DATA 	Keypress: left
91.1868 	EXP 	Device response: <KeyPress from None: t=91.17209629999707, value=left, duration=None>
91.1872 	EXP 	New trial (rep=6, index=0): <Trial 60 (0 in rep 6) data={'cue_arrow': '→', 'target_x': 0.5, 'condition': 'valid', 'corr_Ans': 'right', 'thisN': 60, 'thisTrialN': 0, 'thisRepN': 6}>
91.2026 	EXP 	fixation: autoDraw = False
91.2026 	EXP 	cue_text: autoDraw = False
91.2026 	EXP 	target: autoDraw = False
91.2026 	EXP 	cue_text: height = np.float64(0.1)
91.2026 	EXP 	cue_text: height = np.float64(0.1)
91.2026 	EXP 	cue_text: height = np.float64(0.1)
91.2026 	EXP 	cue_text: text = '→'
91.2026 	EXP 	fixation: autoDraw = True
91.3031 	EXP 	Device response: <KeyPress from None: t=91.17209629999707, value=left, duration=0.11871029999747407>
91.6876 	EXP 	fixation: autoDraw = False
91.6876 	EXP 	cue_text: autoDraw = True
91.9869 	EXP 	cue_text: autoDraw = False
92.2876 	INFO 	Keyboard events cleared
92.2874 	EXP 	target: autoDraw = True
92.5036 	EXP 	Device response: <KeyPress from None: t=92.49709039999289, value=right, duration=None>
92.5040 	EXP 	New trial (rep=6, index=1): <Trial 61 (1 in rep 6) data={'cue_arrow': '←', 'target_x': -0.5, 'condition': 'valid', 'corr_Ans': 'left', 'thisN': 61, 'thisTrialN': 1, 'thisRepN': 6}>
92.5070 	DATA 	Keypress: right
92.5207 	EXP 	fixation: autoDraw = False
92.5207 	EXP 	cue_text: autoDraw = False
92.5207 	EXP 	target: autoDraw = False
92.5207 	EXP 	cue_text: height = np.float64(0.1)
92.5207 	EXP 	cue_text: height = np.float64(0.1)
92.5207 	EXP 	cue_text: height = np.float64(0.1)
92.5207 	EXP 	cue_text: text = '←'
92.5207 	EXP 	fixation: autoDraw = True
92.6373 	EXP 	Device response: <KeyPress from None: t=92.49709039999289, value=right, duration=0.1296818999981042>
93.0042 	EXP 	fixation: autoDraw = False
93.0042 	EXP 	cue_text: autoDraw = True
93.3029 	EXP 	cue_text: autoDraw = False
93.6045 	INFO 	Keyboard events cleared
93.6043 	EXP 	target: autoDraw = True
93.8533 	EXP 	Device response: <KeyPress from None: t=93.84012189999339, value=left, duration=None>
93.8537 	EXP 	New trial (rep=6, index=2): <Trial 62 (2 in rep 6) data={'cue_arrow': '→', 'target_x': 0.5, 'condition': 'valid', 'corr_Ans': 'right', 'thisN': 62, 'thisTrialN': 2, 'thisRepN': 6}>
93.8570 	DATA 	Keypress: left
93.8712 	EXP 	fixation: autoDraw = False
93.8712 	EXP 	cue_text: autoDraw = False
93.8712 	EXP 	target: autoDraw = False
93.8712 	EXP 	cue_text: height = np.float64(0.1)
93.8712 	EXP 	cue_text: height = np.float64(0.1)
93.8712 	EXP 	cue_text: height = np.float64(0.1)
93.8712 	EXP 	cue_text: text = '→'
93.8712 	EXP 	fixation: autoDraw = True
93.9531 	EXP 	Device response: <KeyPress from None: t=93.84012189999339, value=left, duration=0.10358480000286363>
94.3529 	EXP 	fixation: autoDraw = False
94.3529 	EXP 	cue_text: autoDraw = True
94.6544 	EXP 	cue_text: autoDraw = False
94.9547 	INFO 	Keyboard events cleared
94.9545 	EXP 	target: autoDraw = True
95.2544 	EXP 	Device response: <KeyPress from None: t=95.2513947999978, value=right, duration=None>
95.2548 	EXP 	New trial (rep=6, index=3): <Trial 63 (3 in rep 6) data={'cue_arrow': '←', 'target_x': 0.5, 'condition': 'invalid', 'corr_Ans': 'right', 'thisN': 63, 'thisTrialN': 3, 'thisRepN': 6}>
95.2580 	DATA 	Keypress: right
95.2700 	EXP 	fixation: autoDraw = False
95.2700 	EXP 	cue_text: autoDraw = False
95.2700 	EXP 	target: autoDraw = False
95.2700 	EXP 	cue_text: height = np.float64(0.1)
95.2700 	EXP 	cue_text: height = np.float64(0.1)
95.2700 	EXP 	cue_text: height = np.float64(0.1)
95.2700 	EXP 	cue_text: text = '←'
95.2700 	EXP 	fixation: autoDraw = True
95.4208 	EXP 	Device response: <KeyPress from None: t=95.2513947999978, value=right, duration=0.16859519999707118>
95.7712 	EXP 	fixation: autoDraw = False
95.7712 	EXP 	cue_text: autoDraw = True
96.0542 	EXP 	cue_text: autoDraw = False
96.3541 	INFO 	Keyboard events cleared
96.3539 	EXP 	target: autoDraw = True
96.8530 	EXP 	Device response: <KeyPress from None: t=96.84037649999664, value=right, duration=None>
96.8534 	EXP 	New trial (rep=6, index=4): <Trial 64 (4 in rep 6) data={'cue_arrow': '←', 'target_x': -0.5, 'condition': 'valid', 'corr_Ans': 'left', 'thisN': 64, 'thisTrialN': 4, 'thisRepN': 6}>
96.8547 	DATA 	Keypress: right
96.8712 	EXP 	fixation: autoDraw = False
96.8712 	EXP 	cue_text: autoDraw = False
96.8712 	EXP 	target: autoDraw = False
96.8712 	EXP 	cue_text: text = '←'
96.8712 	EXP 	fixation: autoDraw = True
96.9710 	EXP 	Device response: <KeyPress from None: t=96.84037649999664, value=right, duration=0.12080269999569282>
97.3545 	EXP 	fixation: autoDraw = False
97.3545 	EXP 	cue_text: autoDraw = True
97.6546 	EXP 	cue_text: autoDraw = False
97.9544 	INFO 	Keyboard events cleared
97.9542 	EXP 	target: autoDraw = True
98.2700 	EXP 	Device response: <KeyPress from None: t=98.26269489999686, value=left, duration=None>
98.2703 	EXP 	New trial (rep=6, index=5): <Trial 65 (5 in rep 6) data={'cue_arrow': '←', 'target_x': -0.5, 'condition': 'valid', 'corr_Ans': 'left', 'thisN': 65, 'thisTrialN': 5, 'thisRepN': 6}>
98.2715 	DATA 	Keypress: left
98.2873 	EXP 	fixation: autoDraw = False
98.2873 	EXP 	cue_text: autoDraw = False
98.2873 	EXP 	target: autoDraw = False
98.2873 	EXP 	cue_text: text = '←'
98.2873 	EXP 	fixation: autoDraw = True
98.3878 	EXP 	Device response: <KeyPress from None: t=98.26269489999686, value=left, duration=0.12162859999807552>
98.7699 	EXP 	fixation: autoDraw = False
98.7699 	EXP 	cue_text: autoDraw = True
99.0711 	EXP 	cue_text: autoDraw = False
99.3716 	INFO 	Keyboard events cleared
99.3714 	EXP 	target: autoDraw = True
99.6370 	EXP 	Device response: <KeyPress from None: t=99.62658219999867, value=left, duration=None>
99.6375 	EXP 	New trial (rep=6, index=6): <Trial 66 (6 in rep 6) data={'cue_arrow': '←', 'target_x': -0.5, 'condition': 'valid', 'corr_Ans': 'left', 'thisN': 66, 'thisTrialN': 6, 'thisRepN': 6}>
99.6387 	DATA 	Keypress: left
99.6527 	EXP 	fixation: autoDraw = False
99.6527 	EXP 	cue_text: autoDraw = False
99.6527 	EXP 	target: autoDraw = False
99.6527 	EXP 	cue_text: text = '←'
99.6527 	EXP 	fixation: autoDraw = True
99.7379 	EXP 	Device response: <KeyPress from None: t=99.62658219999867, value=left, duration=0.09893969999393448>
100.1534 	EXP 	fixation: autoDraw = False
100.1534 	EXP 	cue_text: autoDraw = True
100.4375 	EXP 	cue_text: autoDraw = False
100.7384 	INFO 	Keyboard events cleared
100.7381 	EXP 	target: autoDraw = True
101.1212 	EXP 	Device response: <KeyPress from None: t=101.11286609999661, value=left, duration=None>
101.1217 	EXP 	New trial (rep=6, index=7): <Trial 67 (7 in rep 6) data={'cue_arrow': '→', 'target_x': 0.5, 'condition': 'valid', 'corr_Ans': 'right', 'thisN': 67, 'thisTrialN': 7, 'thisRepN': 6}>
101.1255 	DATA 	Keypress: left
101.1361 	EXP 	fixation: autoDraw = False
101.1361 	EXP 	cue_text: autoDraw = False
101.1361 	EXP 	target: autoDraw = False
101.1361 	EXP 	cue_text: height = np.float64(0.1)
101.1361 	EXP 	cue_text: height = np.float64(0.1)
101.1361 	EXP 	cue_text: height = np.float64(0.1)
101.1361 	EXP 	cue_text: text = '→'
101.1361 	EXP 	fixation: autoDraw = True
101.2206 	EXP 	Device response: <KeyPress from None: t=101.11286609999661, value=left, duration=0.09216489999380428>
101.6216 	EXP 	fixation: autoDraw = False
101.6216 	EXP 	cue_text: autoDraw = True
101.9211 	EXP 	cue_text: autoDraw = False
102.2216 	INFO 	Keyboard events cleared
102.2214 	EXP 	target: autoDraw = True
102.4548 	EXP 	Device response: <KeyPress from None: t=102.44300769999973, value=right, duration=None>
102.4552 	EXP 	New trial (rep=6, index=8): <Trial 68 (8 in rep 6) data={'cue_arrow': '→', 'target_x': -0.5, 'condition': 'invalid', 'corr_Ans': 'left', 'thisN': 68, 'thisTrialN': 8, 'thisRepN': 6}>
102.4565 	DATA 	Keypress: right
102.4697 	EXP 	fixation: autoDraw = False
102.4697 	EXP 	cue_text: autoDraw = False
102.4697 	EXP 	target: autoDraw = False
102.4697 	EXP 	cue_text: text = '→'
102.4697 	EXP 	fixation: autoDraw = True
102.6043 	EXP 	Device response: <KeyPress from None: t=102.44300769999973, value=right, duration=0.15408799999568146>
102.9532 	EXP 	fixation: autoDraw = False
102.9532 	EXP 	cue_text: autoDraw = True
103.2547 	EXP 	cue_text: autoDraw = False
103.5716 	INFO 	Keyboard events cleared
103.5714 	EXP 	target: autoDraw = True
103.9383 	EXP 	Device response: <KeyPress from None: t=103.93029489999753, value=left, duration=None>
103.9386 	EXP 	New trial (rep=6, index=9): <Trial 69 (9 in rep 6) data={'cue_arrow': '→', 'target_x': 0.5, 'condition': 'valid', 'corr_Ans': 'right', 'thisN': 69, 'thisTrialN': 9, 'thisRepN': 6}>
103.9404 	DATA 	Keypress: left
103.9531 	EXP 	fixation: autoDraw = False
103.9531 	EXP 	cue_text: autoDraw = False
103.9531 	EXP 	target: autoDraw = False
103.9531 	EXP 	cue_text: text = '→'
103.9531 	EXP 	fixation: autoDraw = True
104.0710 	EXP 	Device response: <KeyPress from None: t=103.93029489999753, value=left, duration=0.1299362999998266>
104.4380 	EXP 	fixation: autoDraw = False
104.4380 	EXP 	cue_text: autoDraw = True
104.7546 	EXP 	cue_text: autoDraw = False
105.0543 	INFO 	Keyboard events cleared
105.0541 	EXP 	target: autoDraw = True
105.3037 	EXP 	Device response: <KeyPress from None: t=105.2934244999924, value=right, duration=None>
105.3042 	EXP 	New trial (rep=7, index=0): <Trial 70 (0 in rep 7) data={'cue_arrow': '←', 'target_x': 0.5, 'condition': 'invalid', 'corr_Ans': 'right', 'thisN': 70, 'thisTrialN': 0, 'thisRepN': 7}>
105.3072 	DATA 	Keypress: right
105.3207 	EXP 	fixation: autoDraw = False
105.3207 	EXP 	cue_text: autoDraw = False
105.3207 	EXP 	target: autoDraw = False
105.3207 	EXP 	cue_text: height = np.float64(0.1)
105.3207 	EXP 	cue_text: height = np.float64(0.1)
105.3207 	EXP 	cue_text: height = np.float64(0.1)
105.3207 	EXP 	cue_text: text = '←'
105.3207 	EXP 	fixation: autoDraw = True
105.4714 	EXP 	Device response: <KeyPress from None: t=105.2934244999924, value=right, duration=0.1645478999998886>
105.8211 	EXP 	fixation: autoDraw = False
105.8211 	EXP 	cue_text: autoDraw = True
106.1042 	EXP 	cue_text: autoDraw = False
106.4048 	INFO 	Keyboard events cleared
106.4046 	EXP 	target: autoDraw = True
106.7204 	EXP 	Device response: <KeyPress from None: t=106.71741969999857, value=right, duration=None>
106.7207 	EXP 	New trial (rep=7, index=1): <Trial 71 (1 in rep 7) data={'cue_arrow': '←', 'target_x': -0.5, 'condition': 'valid', 'corr_Ans': 'left', 'thisN': 71, 'thisTrialN': 1, 'thisRepN': 7}>
106.7219 	DATA 	Keypress: right
106.7369 	EXP 	fixation: autoDraw = False
106.7369 	EXP 	cue_text: autoDraw = False
106.7369 	EXP 	target: autoDraw = False
106.7369 	EXP 	cue_text: text = '←'
106.7369 	EXP 	fixation: autoDraw = True
106.8535 	EXP 	Device response: <KeyPress from None: t=106.71741969999857, value=right, duration=0.12103799999749754>
107.2199 	EXP 	fixation: autoDraw = False
107.2199 	EXP 	cue_text: autoDraw = True
107.5198 	EXP 	cue_text: autoDraw = False
107.8371 	INFO 	Keyboard events cleared
107.8369 	EXP 	target: autoDraw = True
108.1036 	EXP 	Device response: <KeyPress from None: t=108.09638930000074, value=left, duration=None>
108.1040 	EXP 	New trial (rep=7, index=2): <Trial 72 (2 in rep 7) data={'cue_arrow': '→', 'target_x': 0.5, 'condition': 'valid', 'corr_Ans': 'right', 'thisN': 72, 'thisTrialN': 2, 'thisRepN': 7}>
108.1085 	DATA 	Keypress: left
108.1215 	EXP 	fixation: autoDraw = False
108.1215 	EXP 	cue_text: autoDraw = False
108.1215 	EXP 	target: autoDraw = False
108.1215 	EXP 	cue_text: height = np.float64(0.1)
108.1215 	EXP 	cue_text: height = np.float64(0.1)
108.1215 	EXP 	cue_text: height = np.float64(0.1)
108.1215 	EXP 	cue_text: text = '→'
108.1215 	EXP 	fixation: autoDraw = True
108.2536 	EXP 	Device response: <KeyPress from None: t=108.09638930000074, value=left, duration=0.1419063999928767>
108.6044 	EXP 	fixation: autoDraw = False
108.6044 	EXP 	cue_text: autoDraw = True
108.9031 	EXP 	cue_text: autoDraw = False
109.2044 	INFO 	Keyboard events cleared
109.2042 	EXP 	target: autoDraw = True
109.4068 	DATA 	Keypress: right
109.4202 	EXP 	Device response: <KeyPress from None: t=109.40546690000338, value=right, duration=None>
109.4205 	EXP 	New trial (rep=7, index=3): <Trial 73 (3 in rep 7) data={'cue_arrow': '→', 'target_x': 0.5, 'condition': 'valid', 'corr_Ans': 'right', 'thisN': 73, 'thisTrialN': 3, 'thisRepN': 7}>
109.4376 	EXP 	fixation: autoDraw = False
109.4376 	EXP 	cue_text: autoDraw = False
109.4376 	EXP 	target: autoDraw = False
109.4376 	EXP 	cue_text: text = '→'
109.4376 	EXP 	fixation: autoDraw = True
109.5537 	EXP 	Device response: <KeyPress from None: t=109.40546690000338, value=right, duration=0.14342999999644235>
109.9196 	EXP 	fixation: autoDraw = False
109.9196 	EXP 	cue_text: autoDraw = True
110.2197 	EXP 	cue_text: autoDraw = False
110.5206 	INFO 	Keyboard events cleared
110.5204 	EXP 	target: autoDraw = True
110.8036 	EXP 	Device response: <KeyPress from None: t=110.802145499998, value=right, duration=None>
110.8039 	EXP 	New trial (rep=7, index=4): <Trial 74 (4 in rep 7) data={'cue_arrow': '←', 'target_x': -0.5, 'condition': 'valid', 'corr_Ans': 'left', 'thisN': 74, 'thisTrialN': 4, 'thisRepN': 7}>
110.8070 	DATA 	Keypress: right
110.8197 	EXP 	fixation: autoDraw = False
110.8197 	EXP 	cue_text: autoDraw = False
110.8197 	EXP 	target: autoDraw = False
110.8197 	EXP 	cue_text: height = np.float64(0.1)
110.8197 	EXP 	cue_text: height = np.float64(0.1)
110.8197 	EXP 	cue_text: height = np.float64(0.1)
110.8197 	EXP 	cue_text: text = '←'
110.8197 	EXP 	fixation: autoDraw = True
110.9551 	EXP 	Device response: <KeyPress from None: t=110.802145499998, value=right, duration=0.13728439999977127>
111.3032 	EXP 	fixation: autoDraw = False
111.3032 	EXP 	cue_text: autoDraw = True
111.6042 	EXP 	cue_text: autoDraw = False
111.9036 	INFO 	Keyboard events cleared
111.9034 	EXP 	target: autoDraw = True
112.2203 	EXP 	Device response: <KeyPress from None: t=112.20543109999562, value=left, duration=None>
112.2206 	EXP 	New trial (rep=7, index=5): <Trial 75 (5 in rep 7) data={'cue_arrow': '→', 'target_x': 0.5, 'condition': 'valid', 'corr_Ans': 'right', 'thisN': 75, 'thisTrialN': 5, 'thisRepN': 7}>
112.2241 	DATA 	Keypress: left
112.2372 	EXP 	fixation: autoDraw = False
112.2372 	EXP 	cue_text: autoDraw = False
112.2372 	EXP 	target: autoDraw = False
112.2372 	EXP 	cue_text: height = np.float64(0.1)
112.2372 	EXP 	cue_text: height = np.float64(0.1)
112.2372 	EXP 	cue_text: height = np.float64(0.1)
112.2372 	EXP 	cue_text: text = '→'
112.2372 	EXP 	fixation: autoDraw = True
112.3037 	EXP 	Device response: <KeyPress from None: t=112.20543109999562, value=left, duration=0.08613769999647047>
112.7216 	EXP 	fixation: autoDraw = False
112.7216 	EXP 	cue_text: autoDraw = True
113.0210 	EXP 	cue_text: autoDraw = False
113.3214 	INFO 	Keyboard events cleared
113.3211 	EXP 	target: autoDraw = True
113.5729 	DATA 	Keypress: right
113.5872 	EXP 	Device response: <KeyPress from None: t=113.57172729999002, value=right, duration=None>
113.5876 	EXP 	New trial (rep=7, index=6): <Trial 76 (6 in rep 7) data={'cue_arrow': '→', 'target_x': 0.5, 'condition': 'valid', 'corr_Ans': 'right', 'thisN': 76, 'thisTrialN': 6, 'thisRepN': 7}>
113.6044 	EXP 	fixation: autoDraw = False
113.6044 	EXP 	cue_text: autoDraw = False
113.6044 	EXP 	target: autoDraw = False
113.6044 	EXP 	cue_text: text = '→'
113.6044 	EXP 	fixation: autoDraw = True
113.7202 	EXP 	Device response: <KeyPress from None: t=113.57172729999002, value=right, duration=0.14597320000757463>
114.0879 	EXP 	fixation: autoDraw = False
114.0879 	EXP 	cue_text: autoDraw = True
114.3866 	EXP 	cue_text: autoDraw = False
114.6883 	INFO 	Keyboard events cleared
114.6881 	EXP 	target: autoDraw = True
114.9226 	DATA 	Keypress: right
114.9378 	EXP 	Device response: <KeyPress from None: t=114.92189139999391, value=right, duration=None>
114.9381 	EXP 	New trial (rep=7, index=7): <Trial 77 (7 in rep 7) data={'cue_arrow': '→', 'target_x': -0.5, 'condition': 'invalid', 'corr_Ans': 'left', 'thisN': 77, 'thisTrialN': 7, 'thisRepN': 7}>
114.9531 	EXP 	fixation: autoDraw = False
114.9531 	EXP 	cue_text: autoDraw = False
114.9531 	EXP 	target: autoDraw = False
114.9531 	EXP 	cue_text: text = '→'
114.9531 	EXP 	fixation: autoDraw = True
115.0720 	EXP 	Device response: <KeyPress from None: t=114.92189139999391, value=right, duration=0.14033330000529531>
115.4370 	EXP 	fixation: autoDraw = False
115.4370 	EXP 	cue_text: autoDraw = True
115.7378 	EXP 	cue_text: autoDraw = False
116.0382 	INFO 	Keyboard events cleared
116.0380 	EXP 	target: autoDraw = True
116.4223 	EXP 	Device response: <KeyPress from None: t=116.41011139999318, value=left, duration=None>
116.4227 	EXP 	New trial (rep=7, index=8): <Trial 78 (8 in rep 7) data={'cue_arrow': '←', 'target_x': -0.5, 'condition': 'valid', 'corr_Ans': 'left', 'thisN': 78, 'thisTrialN': 8, 'thisRepN': 7}>
116.4260 	DATA 	Keypress: left
116.4363 	EXP 	fixation: autoDraw = False
116.4363 	EXP 	cue_text: autoDraw = False
116.4363 	EXP 	target: autoDraw = False
116.4363 	EXP 	cue_text: height = np.float64(0.1)
116.4363 	EXP 	cue_text: height = np.float64(0.1)
116.4363 	EXP 	cue_text: height = np.float64(0.1)
116.4363 	EXP 	cue_text: text = '←'
116.4363 	EXP 	fixation: autoDraw = True
116.5369 	EXP 	Device response: <KeyPress from None: t=116.41011139999318, value=left, duration=0.11470560000452679>
116.9378 	EXP 	fixation: autoDraw = False
116.9378 	EXP 	cue_text: autoDraw = True
117.2364 	EXP 	cue_text: autoDraw = False
117.5209 	INFO 	Keyboard events cleared
117.5207 	EXP 	target: autoDraw = True
117.8210 	EXP 	Device response: <KeyPress from None: t=117.820160999996, value=left, duration=None>
117.8217 	DATA 	Keypress: left
117.8375 	EXP 	New trial (rep=7, index=9): <Trial 79 (9 in rep 7) data={'cue_arrow': '←', 'target_x': -0.5, 'condition': 'valid', 'corr_Ans': 'left', 'thisN': 79, 'thisTrialN': 9, 'thisRepN': 7}>
117.8549 	EXP 	fixation: autoDraw = False
117.8549 	EXP 	cue_text: autoDraw = False
117.8549 	EXP 	target: autoDraw = False
117.8549 	EXP 	cue_text: text = '←'
117.8549 	EXP 	fixation: autoDraw = True
117.9379 	EXP 	Device response: <KeyPress from None: t=117.820160999996, value=left, duration=0.10903839999809861>
118.3369 	EXP 	fixation: autoDraw = False
118.3369 	EXP 	cue_text: autoDraw = True
118.6380 	EXP 	cue_text: autoDraw = False
118.9382 	INFO 	Keyboard events cleared
118.9380 	EXP 	target: autoDraw = True
119.3206 	EXP 	Device response: <KeyPress from None: t=119.30968900000153, value=left, duration=None>
119.3210 	EXP 	New trial (rep=8, index=0): <Trial 80 (0 in rep 8) data={'cue_arrow': '←', 'target_x': -0.5, 'condition': 'valid', 'corr_Ans': 'left', 'thisN': 80, 'thisTrialN': 0, 'thisRepN': 8}>
119.3223 	DATA 	Keypress: left
119.3380 	EXP 	fixation: autoDraw = False
119.3380 	EXP 	cue_text: autoDraw = False
119.3380 	EXP 	target: autoDraw = False
119.3380 	EXP 	cue_text: text = '←'
119.3380 	EXP 	fixation: autoDraw = True
119.4373 	EXP 	Device response: <KeyPress from None: t=119.30968900000153, value=left, duration=0.11748919999809004>
119.8199 	EXP 	fixation: autoDraw = False
119.8199 	EXP 	cue_text: autoDraw = True
120.1215 	EXP 	cue_text: autoDraw = False
120.4214 	INFO 	Keyboard events cleared
120.4212 	EXP 	target: autoDraw = True
120.7371 	EXP 	Device response: <KeyPress from None: t=120.73393099999521, value=left, duration=None>
120.7374 	EXP 	New trial (rep=8, index=1): <Trial 81 (1 in rep 8) data={'cue_arrow': '→', 'target_x': -0.5, 'condition': 'invalid', 'corr_Ans': 'left', 'thisN': 81, 'thisTrialN': 1, 'thisRepN': 8}>
120.7405 	DATA 	Keypress: left
120.7541 	EXP 	fixation: autoDraw = False
120.7541 	EXP 	cue_text: autoDraw = False
120.7541 	EXP 	target: autoDraw = False
120.7541 	EXP 	cue_text: height = np.float64(0.1)
120.7541 	EXP 	cue_text: height = np.float64(0.1)
120.7541 	EXP 	cue_text: height = np.float64(0.1)
120.7541 	EXP 	cue_text: text = '→'
120.7541 	EXP 	fixation: autoDraw = True
120.9056 	EXP 	Device response: <KeyPress from None: t=120.73393099999521, value=left, duration=0.16076569999859203>
121.2376 	EXP 	fixation: autoDraw = False
121.2376 	EXP 	cue_text: autoDraw = True
121.5378 	EXP 	cue_text: autoDraw = False
121.8370 	INFO 	Keyboard events cleared
121.8368 	EXP 	target: autoDraw = True
122.2050 	EXP 	Device response: <KeyPress from None: t=122.19275229999039, value=left, duration=None>
122.2054 	EXP 	New trial (rep=8, index=2): <Trial 82 (2 in rep 8) data={'cue_arrow': '→', 'target_x': 0.5, 'condition': 'valid', 'corr_Ans': 'right', 'thisN': 82, 'thisTrialN': 2, 'thisRepN': 8}>
122.2067 	DATA 	Keypress: left
122.2199 	EXP 	fixation: autoDraw = False
122.2199 	EXP 	cue_text: autoDraw = False
122.2199 	EXP 	target: autoDraw = False
122.2199 	EXP 	cue_text: text = '→'
122.2199 	EXP 	fixation: autoDraw = True
122.3372 	EXP 	Device response: <KeyPress from None: t=122.19275229999039, value=left, duration=0.14321220001147594>
122.7216 	EXP 	fixation: autoDraw = False
122.7216 	EXP 	cue_text: autoDraw = True
123.0050 	EXP 	cue_text: autoDraw = False
123.3051 	INFO 	Keyboard events cleared
123.3049 	EXP 	target: autoDraw = True
123.6224 	DATA 	Keypress: right
123.6375 	EXP 	Device response: <KeyPress from None: t=123.62183239999285, value=right, duration=None>
123.6379 	EXP 	New trial (rep=8, index=3): <Trial 83 (3 in rep 8) data={'cue_arrow': '←', 'target_x': -0.5, 'condition': 'valid', 'corr_Ans': 'left', 'thisN': 83, 'thisTrialN': 3, 'thisRepN': 8}>
123.6550 	EXP 	fixation: autoDraw = False
123.6550 	EXP 	cue_text: autoDraw = False
123.6550 	EXP 	target: autoDraw = False
123.6550 	EXP 	cue_text: height = np.float64(0.1)
123.6550 	EXP 	cue_text: height = np.float64(0.1)
123.6550 	EXP 	cue_text: height = np.float64(0.1)
123.6550 	EXP 	cue_text: text = '←'
123.6550 	EXP 	fixation: autoDraw = True
123.7706 	EXP 	Device response: <KeyPress from None: t=123.62183239999285, value=right, duration=0.14285420000669546>
124.1382 	EXP 	fixation: autoDraw = False
124.1382 	EXP 	cue_text: autoDraw = True
124.4366 	EXP 	cue_text: autoDraw = False
124.7385 	INFO 	Keyboard events cleared
124.7383 	EXP 	target: autoDraw = True
125.0208 	EXP 	Device response: <KeyPress from None: t=125.0079670999985, value=left, duration=None>
125.0211 	EXP 	New trial (rep=8, index=4): <Trial 84 (4 in rep 8) data={'cue_arrow': '←', 'target_x': -0.5, 'condition': 'valid', 'corr_Ans': 'left', 'thisN': 84, 'thisTrialN': 4, 'thisRepN': 8}>
125.0223 	DATA 	Keypress: left
125.0377 	EXP 	fixation: autoDraw = False
125.0377 	EXP 	cue_text: autoDraw = False
125.0377 	EXP 	target: autoDraw = False
125.0377 	EXP 	cue_text: text = '←'
125.0377 	EXP 	fixation: autoDraw = True
125.1040 	EXP 	Device response: <KeyPress from None: t=125.0079670999985, value=left, duration=0.08133839999209158>
125.5217 	EXP 	fixation: autoDraw = False
125.5217 	EXP 	cue_text: autoDraw = True
125.8212 	EXP 	cue_text: autoDraw = False
126.1224 	INFO 	Keyboard events cleared
126.1221 	EXP 	target: autoDraw = True
126.4058 	EXP 	Device response: <KeyPress from None: t=126.3953302000009, value=left, duration=None>
126.4063 	EXP 	New trial (rep=8, index=5): <Trial 85 (5 in rep 8) data={'cue_arrow': '→', 'target_x': 0.5, 'condition': 'valid', 'corr_Ans': 'right', 'thisN': 85, 'thisTrialN': 5, 'thisRepN': 8}>
126.4102 	DATA 	Keypress: left
126.4192 	EXP 	fixation: autoDraw = False
126.4192 	EXP 	cue_text: autoDraw = False
126.4192 	EXP 	target: autoDraw = False
126.4192 	EXP 	cue_text: height = np.float64(0.1)
126.4192 	EXP 	cue_text: height = np.float64(0.1)
126.4192 	EXP 	cue_text: height = np.float64(0.1)
126.4192 	EXP 	cue_text: text = '→'
126.4192 	EXP 	fixation: autoDraw = True
126.5711 	EXP 	Device response: <KeyPress from None: t=126.3953302000009, value=left, duration=0.1723883999948157>
126.9220 	EXP 	fixation: autoDraw = False
126.9220 	EXP 	cue_text: autoDraw = True
127.2206 	EXP 	cue_text: autoDraw = False
127.5204 	INFO 	Keyboard events cleared
127.5202 	EXP 	target: autoDraw = True
127.8210 	EXP 	Device response: <KeyPress from None: t=127.81027429999085, value=right, duration=None>
127.8214 	EXP 	New trial (rep=8, index=6): <Trial 86 (6 in rep 8) data={'cue_arrow': '←', 'target_x': 0.5, 'condition': 'invalid', 'corr_Ans': 'right', 'thisN': 86, 'thisTrialN': 6, 'thisRepN': 8}>
127.8246 	DATA 	Keypress: right
127.8379 	EXP 	fixation: autoDraw = False
127.8379 	EXP 	cue_text: autoDraw = False
127.8379 	EXP 	target: autoDraw = False
127.8379 	EXP 	cue_text: height = np.float64(0.1)
127.8379 	EXP 	cue_text: height = np.float64(0.1)
127.8379 	EXP 	cue_text: height = np.float64(0.1)
127.8379 	EXP 	cue_text: text = '←'
127.8379 	EXP 	fixation: autoDraw = True
127.9539 	EXP 	Device response: <KeyPress from None: t=127.81027429999085, value=right, duration=0.13409930000489112>
128.3201 	EXP 	fixation: autoDraw = False
128.3201 	EXP 	cue_text: autoDraw = True
128.6204 	EXP 	cue_text: autoDraw = False
128.9217 	INFO 	Keyboard events cleared
128.9215 	EXP 	target: autoDraw = True
129.2891 	DATA 	Keypress: right
129.3037 	EXP 	Device response: <KeyPress from None: t=129.28854449999926, value=right, duration=None>
129.3040 	EXP 	New trial (rep=8, index=7): <Trial 87 (7 in rep 8) data={'cue_arrow': '→', 'target_x': 0.5, 'condition': 'valid', 'corr_Ans': 'right', 'thisN': 87, 'thisTrialN': 7, 'thisRepN': 8}>
129.3205 	EXP 	fixation: autoDraw = False
129.3205 	EXP 	cue_text: autoDraw = False
129.3205 	EXP 	target: autoDraw = False
129.3205 	EXP 	cue_text: height = np.float64(0.1)
129.3205 	EXP 	cue_text: height = np.float64(0.1)
129.3205 	EXP 	cue_text: height = np.float64(0.1)
129.3205 	EXP 	cue_text: text = '→'
129.3205 	EXP 	fixation: autoDraw = True
129.4373 	EXP 	Device response: <KeyPress from None: t=129.28854449999926, value=right, duration=0.14494299999205396>
129.8044 	EXP 	fixation: autoDraw = False
129.8044 	EXP 	cue_text: autoDraw = True
130.1042 	EXP 	cue_text: autoDraw = False
130.4054 	INFO 	Keyboard events cleared
130.4052 	EXP 	target: autoDraw = True
130.7538 	EXP 	Device response: <KeyPress from None: t=130.7494977000024, value=right, duration=None>
130.7542 	EXP 	New trial (rep=8, index=8): <Trial 88 (8 in rep 8) data={'cue_arrow': '→', 'target_x': 0.5, 'condition': 'valid', 'corr_Ans': 'right', 'thisN': 88, 'thisTrialN': 8, 'thisRepN': 8}>
130.7553 	DATA 	Keypress: right
130.7712 	EXP 	fixation: autoDraw = False
130.7712 	EXP 	cue_text: autoDraw = False
130.7712 	EXP 	target: autoDraw = False
130.7712 	EXP 	cue_text: text = '→'
130.7712 	EXP 	fixation: autoDraw = True
130.9057 	EXP 	Device response: <KeyPress from None: t=130.7494977000024, value=right, duration=0.14427449999493547>
131.2547 	EXP 	fixation: autoDraw = False
131.2547 	EXP 	cue_text: autoDraw = True
131.5552 	EXP 	cue_text: autoDraw = False
131.8550 	INFO 	Keyboard events cleared
131.8548 	EXP 	target: autoDraw = True
132.2058 	EXP 	Device response: <KeyPress from None: t=132.19807640000363, value=right, duration=None>
132.2062 	EXP 	New trial (rep=8, index=9): <Trial 89 (9 in rep 8) data={'cue_arrow': '←', 'target_x': -0.5, 'condition': 'valid', 'corr_Ans': 'left', 'thisN': 89, 'thisTrialN': 9, 'thisRepN': 8}>
132.2094 	DATA 	Keypress: right
132.2200 	EXP 	fixation: autoDraw = False
132.2200 	EXP 	cue_text: autoDraw = False
132.2200 	EXP 	target: autoDraw = False
132.2200 	EXP 	cue_text: height = np.float64(0.1)
132.2200 	EXP 	cue_text: height = np.float64(0.1)
132.2200 	EXP 	cue_text: height = np.float64(0.1)
132.2200 	EXP 	cue_text: text = '←'
132.2200 	EXP 	fixation: autoDraw = True
132.3539 	EXP 	Device response: <KeyPress from None: t=132.19807640000363, value=right, duration=0.14322499999252614>
132.7203 	EXP 	fixation: autoDraw = False
132.7203 	EXP 	cue_text: autoDraw = True
133.0203 	EXP 	cue_text: autoDraw = False
133.3217 	INFO 	Keyboard events cleared
133.3215 	EXP 	target: autoDraw = True
133.5541 	EXP 	Device response: <KeyPress from None: t=133.54722349999065, value=left, duration=None>
133.5546 	EXP 	New trial (rep=9, index=0): <Trial 90 (0 in rep 9) data={'cue_arrow': '→', 'target_x': 0.5, 'condition': 'valid', 'corr_Ans': 'right', 'thisN': 90, 'thisTrialN': 0, 'thisRepN': 9}>
133.5578 	DATA 	Keypress: left
133.5700 	EXP 	fixation: autoDraw = False
133.5700 	EXP 	cue_text: autoDraw = False
133.5700 	EXP 	target: autoDraw = False
133.5700 	EXP 	cue_text: height = np.float64(0.1)
133.5700 	EXP 	cue_text: height = np.float64(0.1)
133.5700 	EXP 	cue_text: height = np.float64(0.1)
133.5700 	EXP 	cue_text: text = '→'
133.5700 	EXP 	fixation: autoDraw = True
133.6545 	EXP 	Device response: <KeyPress from None: t=133.54722349999065, value=left, duration=0.09832140000071377>
134.0551 	EXP 	fixation: autoDraw = False
134.0551 	EXP 	cue_text: autoDraw = True
134.3552 	EXP 	cue_text: autoDraw = False
134.6551 	INFO 	Keyboard events cleared
134.6549 	EXP 	target: autoDraw = True
134.9056 	EXP 	Device response: <KeyPress from None: t=134.89581659999385, value=right, duration=None>
134.9059 	EXP 	New trial (rep=9, index=1): <Trial 91 (1 in rep 9) data={'cue_arrow': '←', 'target_x': 0.5, 'condition': 'invalid', 'corr_Ans': 'right', 'thisN': 91, 'thisTrialN': 1, 'thisRepN': 9}>
134.9107 	DATA 	Keypress: right
134.9193 	EXP 	fixation: autoDraw = False
134.9193 	EXP 	cue_text: autoDraw = False
134.9193 	EXP 	target: autoDraw = False
134.9193 	EXP 	cue_text: height = np.float64(0.1)
134.9193 	EXP 	cue_text: height = np.float64(0.1)
134.9193 	EXP 	cue_text: height = np.float64(0.1)
134.9193 	EXP 	cue_text: text = '←'
134.9193 	EXP 	fixation: autoDraw = True
135.0388 	EXP 	Device response: <KeyPress from None: t=134.89581659999385, value=right, duration=0.13961980000021867>
135.4036 	EXP 	fixation: autoDraw = False
135.4036 	EXP 	cue_text: autoDraw = True
135.7216 	EXP 	cue_text: autoDraw = False
136.0048 	INFO 	Keyboard events cleared
136.0046 	EXP 	target: autoDraw = True
136.3554 	EXP 	Device response: <KeyPress from None: t=136.34501809999347, value=right, duration=None>
136.3559 	EXP 	New trial (rep=9, index=2): <Trial 92 (2 in rep 9) data={'cue_arrow': '←', 'target_x': -0.5, 'condition': 'valid', 'corr_Ans': 'left', 'thisN': 92, 'thisTrialN': 2, 'thisRepN': 9}>
136.3574 	DATA 	Keypress: right
136.3703 	EXP 	fixation: autoDraw = False
136.3703 	EXP 	cue_text: autoDraw = False
136.3703 	EXP 	target: autoDraw = False
136.3703 	EXP 	cue_text: text = '←'
136.3703 	EXP 	fixation: autoDraw = True
136.5042 	EXP 	Device response: <KeyPress from None: t=136.34501809999347, value=right, duration=0.1505031999986386>
136.8553 	EXP 	fixation: autoDraw = False
136.8553 	EXP 	cue_text: autoDraw = True
137.1540 	EXP 	cue_text: autoDraw = False
137.4554 	INFO 	Keyboard events cleared
137.4552 	EXP 	target: autoDraw = True
137.7054 	EXP 	Device response: <KeyPress from None: t=137.69048459999613, value=left, duration=None>
137.7061 	EXP 	New trial (rep=9, index=3): <Trial 93 (3 in rep 9) data={'cue_arrow': '←', 'target_x': -0.5, 'condition': 'valid', 'corr_Ans': 'left', 'thisN': 93, 'thisTrialN': 3, 'thisRepN': 9}>
137.7075 	DATA 	Keypress: left
137.7204 	EXP 	fixation: autoDraw = False
137.7204 	EXP 	cue_text: autoDraw = False
137.7204 	EXP 	target: autoDraw = False
137.7204 	EXP 	cue_text: text = '←'
137.7204 	EXP 	fixation: autoDraw = True
137.7876 	EXP 	Device response: <KeyPress from None: t=137.69048459999613, value=left, duration=0.09249569999519736>
138.2212 	EXP 	fixation: autoDraw = False
138.2212 	EXP 	cue_text: autoDraw = True
138.5219 	EXP 	cue_text: autoDraw = False
138.8047 	INFO 	Keyboard events cleared
138.8045 	EXP 	target: autoDraw = True
139.1387 	EXP 	Device response: <KeyPress from None: t=139.1335631999973, value=left, duration=None>
139.1391 	EXP 	New trial (rep=9, index=4): <Trial 94 (4 in rep 9) data={'cue_arrow': '←', 'target_x': -0.5, 'condition': 'valid', 'corr_Ans': 'left', 'thisN': 94, 'thisTrialN': 4, 'thisRepN': 9}>
139.1405 	DATA 	Keypress: left
139.1535 	EXP 	fixation: autoDraw = False
139.1535 	EXP 	cue_text: autoDraw = False
139.1535 	EXP 	target: autoDraw = False
139.1535 	EXP 	cue_text: text = '←'
139.1535 	EXP 	fixation: autoDraw = True
139.2378 	EXP 	Device response: <KeyPress from None: t=139.1335631999973, value=left, duration=0.0988606000028085>
139.6382 	EXP 	fixation: autoDraw = False
139.6382 	EXP 	cue_text: autoDraw = True
139.9379 	EXP 	cue_text: autoDraw = False
140.2545 	INFO 	Keyboard events cleared
140.2542 	EXP 	target: autoDraw = True
140.5042 	EXP 	Device response: <KeyPress from None: t=140.50151339999866, value=left, duration=None>
140.5047 	EXP 	New trial (rep=9, index=5): <Trial 95 (5 in rep 9) data={'cue_arrow': '→', 'target_x': -0.5, 'condition': 'invalid', 'corr_Ans': 'left', 'thisN': 95, 'thisTrialN': 5, 'thisRepN': 9}>
140.5077 	DATA 	Keypress: left
140.5203 	EXP 	fixation: autoDraw = False
140.5203 	EXP 	cue_text: autoDraw = False
140.5203 	EXP 	target: autoDraw = False
140.5203 	EXP 	cue_text: height = np.float64(0.1)
140.5203 	EXP 	cue_text: height = np.float64(0.1)
140.5203 	EXP 	cue_text: height = np.float64(0.1)
140.5203 	EXP 	cue_text: text = '→'
140.5203 	EXP 	fixation: autoDraw = True
140.6209 	EXP 	Device response: <KeyPress from None: t=140.50151339999866, value=left, duration=0.10467129999597091>
141.0051 	EXP 	fixation: autoDraw = False
141.0051 	EXP 	cue_text: autoDraw = True
141.3056 	EXP 	cue_text: autoDraw = False
141.6056 	INFO 	Keyboard events cleared
141.6054 	EXP 	target: autoDraw = True
142.0212 	EXP 	Device response: <KeyPress from None: t=142.01256909999938, value=left, duration=None>
142.0215 	EXP 	New trial (rep=9, index=6): <Trial 96 (6 in rep 9) data={'cue_arrow': '→', 'target_x': 0.5, 'condition': 'valid', 'corr_Ans': 'right', 'thisN': 96, 'thisTrialN': 6, 'thisRepN': 9}>
142.0227 	DATA 	Keypress: left
142.0373 	EXP 	fixation: autoDraw = False
142.0373 	EXP 	cue_text: autoDraw = False
142.0373 	EXP 	target: autoDraw = False
142.0373 	EXP 	cue_text: text = '→'
142.0373 	EXP 	fixation: autoDraw = True
142.1215 	EXP 	Device response: <KeyPress from None: t=142.01256909999938, value=left, duration=0.10361920000286773>
142.5218 	EXP 	fixation: autoDraw = False
142.5218 	EXP 	cue_text: autoDraw = True
142.8217 	EXP 	cue_text: autoDraw = False
143.1222 	INFO 	Keyboard events cleared
143.1220 	EXP 	target: autoDraw = True
143.4375 	EXP 	Device response: <KeyPress from None: t=143.4356778999936, value=right, duration=None>
143.4378 	EXP 	New trial (rep=9, index=7): <Trial 97 (7 in rep 9) data={'cue_arrow': '→', 'target_x': 0.5, 'condition': 'valid', 'corr_Ans': 'right', 'thisN': 97, 'thisTrialN': 7, 'thisRepN': 9}>
143.4390 	DATA 	Keypress: right
143.4535 	EXP 	fixation: autoDraw = False
143.4535 	EXP 	cue_text: autoDraw = False
143.4535 	EXP 	target: autoDraw = False
143.4535 	EXP 	cue_text: text = '→'
143.4535 	EXP 	fixation: autoDraw = True
143.5886 	EXP 	Device response: <KeyPress from None: t=143.4356778999936, value=right, duration=0.14940860000206158>
143.9383 	EXP 	fixation: autoDraw = False
143.9383 	EXP 	cue_text: autoDraw = True
144.2387 	EXP 	cue_text: autoDraw = False
144.5386 	INFO 	Keyboard events cleared
144.5384 	EXP 	target: autoDraw = True
144.8727 	EXP 	Device response: <KeyPress from None: t=144.86555760000192, value=right, duration=None>
144.8732 	EXP 	New trial (rep=9, index=8): <Trial 98 (8 in rep 9) data={'cue_arrow': '→', 'target_x': 0.5, 'condition': 'valid', 'corr_Ans': 'right', 'thisN': 98, 'thisTrialN': 8, 'thisRepN': 9}>
144.8745 	DATA 	Keypress: right
144.8870 	EXP 	fixation: autoDraw = False
144.8870 	EXP 	cue_text: autoDraw = False
144.8870 	EXP 	target: autoDraw = False
144.8870 	EXP 	cue_text: text = '→'
144.8870 	EXP 	fixation: autoDraw = True
145.0386 	EXP 	Device response: <KeyPress from None: t=144.86555760000192, value=right, duration=0.16721999998844694>
145.3884 	EXP 	fixation: autoDraw = False
145.3884 	EXP 	cue_text: autoDraw = True
145.6887 	EXP 	cue_text: autoDraw = False
145.9889 	INFO 	Keyboard events cleared
145.9887 	EXP 	target: autoDraw = True
146.3376 	EXP 	Device response: <KeyPress from None: t=146.32555649999995, value=right, duration=None>
146.3380 	EXP 	New trial (rep=9, index=9): <Trial 99 (9 in rep 9) data={'cue_arrow': '←', 'target_x': -0.5, 'condition': 'valid', 'corr_Ans': 'left', 'thisN': 99, 'thisTrialN': 9, 'thisRepN': 9}>
146.3409 	DATA 	Keypress: right
146.3548 	EXP 	fixation: autoDraw = False
146.3548 	EXP 	cue_text: autoDraw = False
146.3548 	EXP 	target: autoDraw = False
146.3548 	EXP 	cue_text: height = np.float64(0.1)
146.3548 	EXP 	cue_text: height = np.float64(0.1)
146.3548 	EXP 	cue_text: height = np.float64(0.1)
146.3548 	EXP 	cue_text: text = '←'
146.3548 	EXP 	fixation: autoDraw = True
146.4878 	EXP 	Device response: <KeyPress from None: t=146.32555649999995, value=right, duration=0.14652019999630284>
146.8387 	EXP 	fixation: autoDraw = False
146.8387 	EXP 	cue_text: autoDraw = True
147.1387 	EXP 	cue_text: autoDraw = False
147.4388 	INFO 	Keyboard events cleared
147.4386 	EXP 	target: autoDraw = True
147.7878 	EXP 	Device response: <KeyPress from None: t=147.7795688000042, value=left, duration=None>
147.7883 	EXP 	New trial (rep=10, index=0): <Trial 100 (0 in rep 10) data={'cue_arrow': '←', 'target_x': -0.5, 'condition': 'valid', 'corr_Ans': 'left', 'thisN': 100, 'thisTrialN': 0, 'thisRepN': 10}>
147.7895 	DATA 	Keypress: left
147.8054 	EXP 	fixation: autoDraw = False
147.8054 	EXP 	cue_text: autoDraw = False
147.8054 	EXP 	target: autoDraw = False
147.8054 	EXP 	cue_text: text = '←'
147.8054 	EXP 	fixation: autoDraw = True
147.8712 	EXP 	Device response: <KeyPress from None: t=147.7795688000042, value=left, duration=0.08938089999719523>
148.2889 	EXP 	fixation: autoDraw = False
148.2889 	EXP 	cue_text: autoDraw = True
148.5873 	EXP 	cue_text: autoDraw = False
148.8889 	INFO 	Keyboard events cleared
148.8887 	EXP 	target: autoDraw = True
149.2886 	EXP 	Device response: <KeyPress from None: t=149.2853305000026, value=left, duration=None>
149.2889 	EXP 	New trial (rep=10, index=1): <Trial 101 (1 in rep 10) data={'cue_arrow': '→', 'target_x': 0.5, 'condition': 'valid', 'corr_Ans': 'right', 'thisN': 101, 'thisTrialN': 1, 'thisRepN': 10}>
149.2919 	DATA 	Keypress: left
149.3039 	EXP 	fixation: autoDraw = False
149.3039 	EXP 	cue_text: autoDraw = False
149.3039 	EXP 	target: autoDraw = False
149.3039 	EXP 	cue_text: height = np.float64(0.1)
149.3039 	EXP 	cue_text: height = np.float64(0.1)
149.3039 	EXP 	cue_text: height = np.float64(0.1)
149.3039 	EXP 	cue_text: text = '→'
149.3039 	EXP 	fixation: autoDraw = True
149.4059 	EXP 	Device response: <KeyPress from None: t=149.2853305000026, value=left, duration=0.10822809999808669>
149.7887 	EXP 	fixation: autoDraw = False
149.7887 	EXP 	cue_text: autoDraw = True
150.0883 	EXP 	cue_text: autoDraw = False
150.3887 	INFO 	Keyboard events cleared
150.3885 	EXP 	target: autoDraw = True
150.6211 	EXP 	Device response: <KeyPress from None: t=150.61212340000202, value=right, duration=None>
150.6216 	EXP 	New trial (rep=10, index=2): <Trial 102 (2 in rep 10) data={'cue_arrow': '←', 'target_x': 0.5, 'condition': 'invalid', 'corr_Ans': 'right', 'thisN': 102, 'thisTrialN': 2, 'thisRepN': 10}>
150.6252 	DATA 	Keypress: right
150.6386 	EXP 	fixation: autoDraw = False
150.6386 	EXP 	cue_text: autoDraw = False
150.6386 	EXP 	target: autoDraw = False
150.6386 	EXP 	cue_text: height = np.float64(0.1)
150.6386 	EXP 	cue_text: height = np.float64(0.1)
150.6386 	EXP 	cue_text: height = np.float64(0.1)
150.6386 	EXP 	cue_text: text = '←'
150.6386 	EXP 	fixation: autoDraw = True
150.7543 	EXP 	Device response: <KeyPress from None: t=150.61212340000202, value=right, duration=0.13148129999171942>
151.1214 	EXP 	fixation: autoDraw = False
151.1214 	EXP 	cue_text: autoDraw = True
151.4206 	EXP 	cue_text: autoDraw = False
151.7221 	INFO 	Keyboard events cleared
151.7219 	EXP 	target: autoDraw = True
152.3721 	EXP 	Device response: <KeyPress from None: t=152.36764109999058, value=right, duration=None>
152.3725 	EXP 	New trial (rep=10, index=3): <Trial 103 (3 in rep 10) data={'cue_arrow': '→', 'target_x': 0.5, 'condition': 'valid', 'corr_Ans': 'right', 'thisN': 103, 'thisTrialN': 3, 'thisRepN': 10}>
152.3756 	DATA 	Keypress: right
152.3872 	EXP 	fixation: autoDraw = False
152.3872 	EXP 	cue_text: autoDraw = False
152.3872 	EXP 	target: autoDraw = False
152.3872 	EXP 	cue_text: height = np.float64(0.1)
152.3872 	EXP 	cue_text: height = np.float64(0.1)
152.3872 	EXP 	cue_text: height = np.float64(0.1)
152.3872 	EXP 	cue_text: text = '→'
152.3872 	EXP 	fixation: autoDraw = True
152.5049 	EXP 	Device response: <KeyPress from None: t=152.36764109999058, value=right, duration=0.13384310000401456>
152.8718 	EXP 	fixation: autoDraw = False
152.8718 	EXP 	cue_text: autoDraw = True
153.1707 	EXP 	cue_text: autoDraw = False
153.4723 	INFO 	Keyboard events cleared
153.4720 	EXP 	target: autoDraw = True
153.8885 	EXP 	Device response: <KeyPress from None: t=153.88498000000254, value=right, duration=None>
153.8888 	EXP 	New trial (rep=10, index=4): <Trial 104 (4 in rep 10) data={'cue_arrow': '←', 'target_x': -0.5, 'condition': 'valid', 'corr_Ans': 'left', 'thisN': 104, 'thisTrialN': 4, 'thisRepN': 10}>
153.8925 	DATA 	Keypress: right
153.9043 	EXP 	fixation: autoDraw = False
153.9043 	EXP 	cue_text: autoDraw = False
153.9043 	EXP 	target: autoDraw = False
153.9043 	EXP 	cue_text: height = np.float64(0.1)
153.9043 	EXP 	cue_text: height = np.float64(0.1)
153.9043 	EXP 	cue_text: height = np.float64(0.1)
153.9043 	EXP 	cue_text: text = '←'
153.9043 	EXP 	fixation: autoDraw = True
154.0218 	EXP 	Device response: <KeyPress from None: t=153.88498000000254, value=right, duration=0.13398569999844767>
154.3884 	EXP 	fixation: autoDraw = False
154.3884 	EXP 	cue_text: autoDraw = True
154.6881 	EXP 	cue_text: autoDraw = False
154.9890 	INFO 	Keyboard events cleared
154.9888 	EXP 	target: autoDraw = True
155.3210 	EXP 	Device response: <KeyPress from None: t=155.30765970000357, value=left, duration=None>
155.3214 	EXP 	New trial (rep=10, index=5): <Trial 105 (5 in rep 10) data={'cue_arrow': '→', 'target_x': 0.5, 'condition': 'valid', 'corr_Ans': 'right', 'thisN': 105, 'thisTrialN': 5, 'thisRepN': 10}>
155.3245 	DATA 	Keypress: left
155.3382 	EXP 	fixation: autoDraw = False
155.3382 	EXP 	cue_text: autoDraw = False
155.3382 	EXP 	target: autoDraw = False
155.3382 	EXP 	cue_text: height = np.float64(0.1)
155.3382 	EXP 	cue_text: height = np.float64(0.1)
155.3382 	EXP 	cue_text: height = np.float64(0.1)
155.3382 	EXP 	cue_text: text = '→'
155.3382 	EXP 	fixation: autoDraw = True
155.4058 	EXP 	Device response: <KeyPress from None: t=155.30765970000357, value=left, duration=0.08666689999517985>
155.8214 	EXP 	fixation: autoDraw = False
155.8214 	EXP 	cue_text: autoDraw = True
156.1226 	EXP 	cue_text: autoDraw = False
156.4224 	INFO 	Keyboard events cleared
156.4222 	EXP 	target: autoDraw = True
156.7212 	EXP 	Device response: <KeyPress from None: t=156.71818399999756, value=right, duration=None>
156.7216 	EXP 	New trial (rep=10, index=6): <Trial 106 (6 in rep 10) data={'cue_arrow': '←', 'target_x': -0.5, 'condition': 'valid', 'corr_Ans': 'left', 'thisN': 106, 'thisTrialN': 6, 'thisRepN': 10}>
156.7247 	DATA 	Keypress: right
156.7381 	EXP 	fixation: autoDraw = False
156.7381 	EXP 	cue_text: autoDraw = False
156.7381 	EXP 	target: autoDraw = False
156.7381 	EXP 	cue_text: height = np.float64(0.1)
156.7381 	EXP 	cue_text: height = np.float64(0.1)
156.7381 	EXP 	cue_text: height = np.float64(0.1)
156.7381 	EXP 	cue_text: text = '←'
156.7381 	EXP 	fixation: autoDraw = True
156.8724 	EXP 	Device response: <KeyPress from None: t=156.71818399999756, value=right, duration=0.1449430999928154>
157.2219 	EXP 	fixation: autoDraw = False
157.2219 	EXP 	cue_text: autoDraw = True
157.5222 	EXP 	cue_text: autoDraw = False
157.8224 	INFO 	Keyboard events cleared
157.8222 	EXP 	target: autoDraw = True
158.0878 	EXP 	Device response: <KeyPress from None: t=158.08411379999598, value=left, duration=None>
158.0882 	EXP 	New trial (rep=10, index=7): <Trial 107 (7 in rep 10) data={'cue_arrow': '→', 'target_x': 0.5, 'condition': 'valid', 'corr_Ans': 'right', 'thisN': 107, 'thisTrialN': 7, 'thisRepN': 10}>
158.0917 	DATA 	Keypress: left
158.1036 	EXP 	fixation: autoDraw = False
158.1036 	EXP 	cue_text: autoDraw = False
158.1036 	EXP 	target: autoDraw = False
158.1036 	EXP 	cue_text: height = np.float64(0.1)
158.1036 	EXP 	cue_text: height = np.float64(0.1)
158.1036 	EXP 	cue_text: height = np.float64(0.1)
158.1036 	EXP 	cue_text: text = '→'
158.1036 	EXP 	fixation: autoDraw = True
158.1714 	EXP 	Device response: <KeyPress from None: t=158.08411379999598, value=left, duration=0.0791153000027407>
158.5887 	EXP 	fixation: autoDraw = False
158.5887 	EXP 	cue_text: autoDraw = True
158.8875 	EXP 	cue_text: autoDraw = False
159.1892 	INFO 	Keyboard events cleared
159.1890 	EXP 	target: autoDraw = True
159.4225 	EXP 	Device response: <KeyPress from None: t=159.40794540000206, value=right, duration=None>
159.4231 	EXP 	New trial (rep=10, index=8): <Trial 108 (8 in rep 10) data={'cue_arrow': '→', 'target_x': -0.5, 'condition': 'invalid', 'corr_Ans': 'left', 'thisN': 108, 'thisTrialN': 8, 'thisRepN': 10}>
159.4246 	DATA 	Keypress: right
159.4376 	EXP 	fixation: autoDraw = False
159.4376 	EXP 	cue_text: autoDraw = False
159.4376 	EXP 	target: autoDraw = False
159.4376 	EXP 	cue_text: text = '→'
159.4376 	EXP 	fixation: autoDraw = True
159.5225 	EXP 	Device response: <KeyPress from None: t=159.40794540000206, value=right, duration=0.11225689999992028>
159.9386 	EXP 	fixation: autoDraw = False
159.9386 	EXP 	cue_text: autoDraw = True
160.2388 	EXP 	cue_text: autoDraw = False
160.5229 	INFO 	Keyboard events cleared
160.5227 	EXP 	target: autoDraw = True
160.8071 	DATA 	Keypress: left
160.8213 	EXP 	Device response: <KeyPress from None: t=160.80653950000124, value=left, duration=None>
160.8217 	EXP 	New trial (rep=10, index=9): <Trial 109 (9 in rep 10) data={'cue_arrow': '←', 'target_x': -0.5, 'condition': 'valid', 'corr_Ans': 'left', 'thisN': 109, 'thisTrialN': 9, 'thisRepN': 10}>
160.8386 	EXP 	fixation: autoDraw = False
160.8386 	EXP 	cue_text: autoDraw = False
160.8386 	EXP 	target: autoDraw = False
160.8386 	EXP 	cue_text: height = np.float64(0.1)
160.8386 	EXP 	cue_text: height = np.float64(0.1)
160.8386 	EXP 	cue_text: height = np.float64(0.1)
160.8386 	EXP 	cue_text: text = '←'
160.8386 	EXP 	fixation: autoDraw = True
160.9044 	EXP 	Device response: <KeyPress from None: t=160.80653950000124, value=left, duration=0.09100819999002852>
161.3209 	EXP 	fixation: autoDraw = False
161.3209 	EXP 	cue_text: autoDraw = True
161.6218 	EXP 	cue_text: autoDraw = False
161.9222 	INFO 	Keyboard events cleared
161.9220 	EXP 	target: autoDraw = True
162.1557 	EXP 	Device response: <KeyPress from None: t=162.15226819999225, value=left, duration=None>
162.1560 	EXP 	New trial (rep=11, index=0): <Trial 110 (0 in rep 11) data={'cue_arrow': '→', 'target_x': 0.5, 'condition': 'valid', 'corr_Ans': 'right', 'thisN': 110, 'thisTrialN': 0, 'thisRepN': 11}>
162.1601 	DATA 	Keypress: left
162.1700 	EXP 	fixation: autoDraw = False
162.1700 	EXP 	cue_text: autoDraw = False
162.1700 	EXP 	target: autoDraw = False
162.1700 	EXP 	cue_text: height = np.float64(0.1)
162.1700 	EXP 	cue_text: height = np.float64(0.1)
162.1700 	EXP 	cue_text: height = np.float64(0.1)
162.1700 	EXP 	cue_text: text = '→'
162.1700 	EXP 	fixation: autoDraw = True
162.2888 	EXP 	Device response: <KeyPress from None: t=162.15226819999225, value=left, duration=0.1295803000102751>
162.6723 	EXP 	fixation: autoDraw = False
162.6723 	EXP 	cue_text: autoDraw = True
162.9540 	EXP 	cue_text: autoDraw = False
163.2557 	INFO 	Keyboard events cleared
163.2555 	EXP 	target: autoDraw = True
163.5380 	EXP 	Device response: <KeyPress from None: t=163.52806579999742, value=right, duration=None>
163.5384 	EXP 	New trial (rep=11, index=1): <Trial 111 (1 in rep 11) data={'cue_arrow': '→', 'target_x': 0.5, 'condition': 'valid', 'corr_Ans': 'right', 'thisN': 111, 'thisTrialN': 1, 'thisRepN': 11}>
163.5398 	DATA 	Keypress: right
163.5550 	EXP 	fixation: autoDraw = False
163.5550 	EXP 	cue_text: autoDraw = False
163.5550 	EXP 	target: autoDraw = False
163.5550 	EXP 	cue_text: text = '→'
163.5550 	EXP 	fixation: autoDraw = True
163.6712 	EXP 	Device response: <KeyPress from None: t=163.52806579999742, value=right, duration=0.1352130000013858>
164.0387 	EXP 	fixation: autoDraw = False
164.0387 	EXP 	cue_text: autoDraw = True
164.3373 	EXP 	cue_text: autoDraw = False
164.6389 	INFO 	Keyboard events cleared
164.6387 	EXP 	target: autoDraw = True
165.0048 	EXP 	Device response: <KeyPress from None: t=164.9956594999967, value=right, duration=None>
165.0052 	EXP 	New trial (rep=11, index=2): <Trial 112 (2 in rep 11) data={'cue_arrow': '←', 'target_x': -0.5, 'condition': 'valid', 'corr_Ans': 'left', 'thisN': 112, 'thisTrialN': 2, 'thisRepN': 11}>
165.0083 	DATA 	Keypress: right
165.0204 	EXP 	fixation: autoDraw = False
165.0204 	EXP 	cue_text: autoDraw = False
165.0204 	EXP 	target: autoDraw = False
165.0204 	EXP 	cue_text: height = np.float64(0.1)
165.0204 	EXP 	cue_text: height = np.float64(0.1)
165.0204 	EXP 	cue_text: height = np.float64(0.1)
165.0204 	EXP 	cue_text: text = '←'
165.0204 	EXP 	fixation: autoDraw = True
165.1553 	EXP 	Device response: <KeyPress from None: t=164.9956594999967, value=right, duration=0.1574800999951549>
165.5055 	EXP 	fixation: autoDraw = False
165.5055 	EXP 	cue_text: autoDraw = True
165.8051 	EXP 	cue_text: autoDraw = False
166.1043 	INFO 	Keyboard events cleared
166.1041 	EXP 	target: autoDraw = True
166.4885 	EXP 	Device response: <KeyPress from None: t=166.4761676999915, value=left, duration=None>
166.4890 	EXP 	New trial (rep=11, index=3): <Trial 113 (3 in rep 11) data={'cue_arrow': '←', 'target_x': -0.5, 'condition': 'valid', 'corr_Ans': 'left', 'thisN': 113, 'thisTrialN': 3, 'thisRepN': 11}>
166.4902 	DATA 	Keypress: left
166.5057 	EXP 	fixation: autoDraw = False
166.5057 	EXP 	cue_text: autoDraw = False
166.5057 	EXP 	target: autoDraw = False
166.5057 	EXP 	cue_text: text = '←'
166.5057 	EXP 	fixation: autoDraw = True
166.7057 	EXP 	Device response: <KeyPress from None: t=166.4761676999915, value=left, duration=0.2140207000047667>
166.9876 	EXP 	fixation: autoDraw = False
166.9876 	EXP 	cue_text: autoDraw = True
167.2890 	EXP 	cue_text: autoDraw = False
167.5893 	INFO 	Keyboard events cleared
167.5890 	EXP 	target: autoDraw = True
167.9061 	EXP 	Device response: <KeyPress from None: t=167.8998406000028, value=left, duration=None>
167.9065 	EXP 	New trial (rep=11, index=4): <Trial 114 (4 in rep 11) data={'cue_arrow': '←', 'target_x': -0.5, 'condition': 'valid', 'corr_Ans': 'left', 'thisN': 114, 'thisTrialN': 4, 'thisRepN': 11}>
167.9081 	DATA 	Keypress: left
167.9206 	EXP 	fixation: autoDraw = False
167.9206 	EXP 	cue_text: autoDraw = False
167.9206 	EXP 	target: autoDraw = False
167.9206 	EXP 	cue_text: text = '←'
167.9206 	EXP 	fixation: autoDraw = True
168.0712 	EXP 	Device response: <KeyPress from None: t=167.8998406000028, value=left, duration=0.162466099995072>
168.4053 	EXP 	fixation: autoDraw = False
168.4053 	EXP 	cue_text: autoDraw = True
168.7056 	EXP 	cue_text: autoDraw = False
169.0057 	INFO 	Keyboard events cleared
169.0055 	EXP 	target: autoDraw = True
169.2718 	EXP 	Device response: <KeyPress from None: t=169.26286149999942, value=left, duration=None>
169.2721 	EXP 	New trial (rep=11, index=5): <Trial 115 (5 in rep 11) data={'cue_arrow': '←', 'target_x': 0.5, 'condition': 'invalid', 'corr_Ans': 'right', 'thisN': 115, 'thisTrialN': 5, 'thisRepN': 11}>
169.2733 	DATA 	Keypress: left
169.2885 	EXP 	fixation: autoDraw = False
169.2885 	EXP 	cue_text: autoDraw = False
169.2885 	EXP 	target: autoDraw = False
169.2885 	EXP 	cue_text: text = '←'
169.2885 	EXP 	fixation: autoDraw = True
169.3715 	EXP 	Device response: <KeyPress from None: t=169.26286149999942, value=left, duration=0.09475649999512825>
169.7721 	EXP 	fixation: autoDraw = False
169.7721 	EXP 	cue_text: autoDraw = True
170.0874 	EXP 	cue_text: autoDraw = False
170.3723 	INFO 	Keyboard events cleared
170.3721 	EXP 	target: autoDraw = True
170.6732 	EXP 	Device response: <KeyPress from None: t=170.6573156999948, value=right, duration=None>
170.6737 	EXP 	New trial (rep=11, index=6): <Trial 116 (6 in rep 11) data={'cue_arrow': '→', 'target_x': 0.5, 'condition': 'valid', 'corr_Ans': 'right', 'thisN': 116, 'thisTrialN': 6, 'thisRepN': 11}>
170.6769 	DATA 	Keypress: right
170.6867 	EXP 	fixation: autoDraw = False
170.6867 	EXP 	cue_text: autoDraw = False
170.6867 	EXP 	target: autoDraw = False
170.6867 	EXP 	cue_text: height = np.float64(0.1)
170.6867 	EXP 	cue_text: height = np.float64(0.1)
170.6867 	EXP 	cue_text: height = np.float64(0.1)
170.6867 	EXP 	cue_text: text = '→'
170.6867 	EXP 	fixation: autoDraw = True
170.8378 	EXP 	Device response: <KeyPress from None: t=170.6573156999948, value=right, duration=0.17474750000110362>
171.1884 	EXP 	fixation: autoDraw = False
171.1884 	EXP 	cue_text: autoDraw = True
171.4888 	EXP 	cue_text: autoDraw = False
171.7723 	INFO 	Keyboard events cleared
171.7721 	EXP 	target: autoDraw = True
172.0386 	EXP 	Device response: <KeyPress from None: t=172.03531700000167, value=right, duration=None>
172.0391 	EXP 	New trial (rep=11, index=7): <Trial 117 (7 in rep 11) data={'cue_arrow': '←', 'target_x': -0.5, 'condition': 'valid', 'corr_Ans': 'left', 'thisN': 117, 'thisTrialN': 7, 'thisRepN': 11}>
172.0435 	DATA 	Keypress: right
172.0537 	EXP 	fixation: autoDraw = False
172.0537 	EXP 	cue_text: autoDraw = False
172.0537 	EXP 	target: autoDraw = False
172.0537 	EXP 	cue_text: height = np.float64(0.1)
172.0537 	EXP 	cue_text: height = np.float64(0.1)
172.0537 	EXP 	cue_text: height = np.float64(0.1)
172.0537 	EXP 	cue_text: text = '←'
172.0537 	EXP 	fixation: autoDraw = True
172.1887 	EXP 	Device response: <KeyPress from None: t=172.03531700000167, value=right, duration=0.14977279999584425>
172.5389 	EXP 	fixation: autoDraw = False
172.5389 	EXP 	cue_text: autoDraw = True
172.8387 	EXP 	cue_text: autoDraw = False
173.1377 	INFO 	Keyboard events cleared
173.1376 	EXP 	target: autoDraw = True
173.4060 	EXP 	Device response: <KeyPress from None: t=173.39680869999574, value=left, duration=None>
173.4065 	EXP 	New trial (rep=11, index=8): <Trial 118 (8 in rep 11) data={'cue_arrow': '→', 'target_x': 0.5, 'condition': 'valid', 'corr_Ans': 'right', 'thisN': 118, 'thisTrialN': 8, 'thisRepN': 11}>
173.4098 	DATA 	Keypress: left
173.4217 	EXP 	fixation: autoDraw = False
173.4217 	EXP 	cue_text: autoDraw = False
173.4217 	EXP 	target: autoDraw = False
173.4217 	EXP 	cue_text: height = np.float64(0.1)
173.4217 	EXP 	cue_text: height = np.float64(0.1)
173.4217 	EXP 	cue_text: height = np.float64(0.1)
173.4217 	EXP 	cue_text: text = '→'
173.4217 	EXP 	fixation: autoDraw = True
173.5395 	EXP 	Device response: <KeyPress from None: t=173.39680869999574, value=left, duration=0.13901610000175424>
173.9229 	EXP 	fixation: autoDraw = False
173.9229 	EXP 	cue_text: autoDraw = True
174.2225 	EXP 	cue_text: autoDraw = False
174.5227 	INFO 	Keyboard events cleared
174.5225 	EXP 	target: autoDraw = True
174.7382 	EXP 	Device response: <KeyPress from None: t=174.73378270000103, value=right, duration=None>
174.7387 	EXP 	New trial (rep=11, index=9): <Trial 119 (9 in rep 11) data={'cue_arrow': '→', 'target_x': -0.5, 'condition': 'invalid', 'corr_Ans': 'left', 'thisN': 119, 'thisTrialN': 9, 'thisRepN': 11}>
174.7400 	DATA 	Keypress: right
174.7556 	EXP 	fixation: autoDraw = False
174.7556 	EXP 	cue_text: autoDraw = False
174.7556 	EXP 	target: autoDraw = False
174.7556 	EXP 	cue_text: text = '→'
174.7556 	EXP 	fixation: autoDraw = True
174.8878 	EXP 	Device response: <KeyPress from None: t=174.73378270000103, value=right, duration=0.14202369999838993>
175.2385 	EXP 	fixation: autoDraw = False
175.2385 	EXP 	cue_text: autoDraw = True
175.5381 	EXP 	cue_text: autoDraw = False
175.8391 	INFO 	Keyboard events cleared
175.8389 	EXP 	target: autoDraw = True
176.1744 	DATA 	Keypress: left
176.1879 	EXP 	Device response: <KeyPress from None: t=176.17305759999726, value=left, duration=None>
176.1883 	EXP 	New trial (rep=12, index=0): <Trial 120 (0 in rep 12) data={'cue_arrow': '→', 'target_x': 0.5, 'condition': 'valid', 'corr_Ans': 'right', 'thisN': 120, 'thisTrialN': 0, 'thisRepN': 12}>
176.2046 	EXP 	fixation: autoDraw = False
176.2046 	EXP 	cue_text: autoDraw = False
176.2046 	EXP 	target: autoDraw = False
176.2046 	EXP 	cue_text: text = '→'
176.2046 	EXP 	fixation: autoDraw = True
176.3055 	EXP 	Device response: <KeyPress from None: t=176.17305759999726, value=left, duration=0.1291406999953324>
176.6892 	EXP 	fixation: autoDraw = False
176.6892 	EXP 	cue_text: autoDraw = True
176.9888 	EXP 	cue_text: autoDraw = False
177.2879 	INFO 	Keyboard events cleared
177.2877 	EXP 	target: autoDraw = True
177.5388 	EXP 	Device response: <KeyPress from None: t=177.52771519999078, value=right, duration=None>
177.5391 	EXP 	New trial (rep=12, index=1): <Trial 121 (1 in rep 12) data={'cue_arrow': '←', 'target_x': -0.5, 'condition': 'valid', 'corr_Ans': 'left', 'thisN': 121, 'thisTrialN': 1, 'thisRepN': 12}>
177.5428 	DATA 	Keypress: right
177.5565 	EXP 	fixation: autoDraw = False
177.5565 	EXP 	cue_text: autoDraw = False
177.5565 	EXP 	target: autoDraw = False
177.5565 	EXP 	cue_text: height = np.float64(0.1)
177.5565 	EXP 	cue_text: height = np.float64(0.1)
177.5565 	EXP 	cue_text: height = np.float64(0.1)
177.5565 	EXP 	cue_text: text = '←'
177.5565 	EXP 	fixation: autoDraw = True
177.6724 	EXP 	Device response: <KeyPress from None: t=177.52771519999078, value=right, duration=0.14382620000105817>
178.0393 	EXP 	fixation: autoDraw = False
178.0393 	EXP 	cue_text: autoDraw = True
178.3376 	EXP 	cue_text: autoDraw = False
178.6377 	INFO 	Keyboard events cleared
178.6375 	EXP 	target: autoDraw = True
178.9051 	EXP 	Device response: <KeyPress from None: t=178.901443499999, value=left, duration=None>
178.9055 	EXP 	New trial (rep=12, index=2): <Trial 122 (2 in rep 12) data={'cue_arrow': '←', 'target_x': -0.5, 'condition': 'valid', 'corr_Ans': 'left', 'thisN': 122, 'thisTrialN': 2, 'thisRepN': 12}>
178.9067 	DATA 	Keypress: left
178.9214 	EXP 	fixation: autoDraw = False
178.9214 	EXP 	cue_text: autoDraw = False
178.9214 	EXP 	target: autoDraw = False
178.9214 	EXP 	cue_text: text = '←'
178.9214 	EXP 	fixation: autoDraw = True
179.0221 	EXP 	Device response: <KeyPress from None: t=178.901443499999, value=left, duration=0.11871999999857508>
179.4049 	EXP 	fixation: autoDraw = False
179.4049 	EXP 	cue_text: autoDraw = True
179.7227 	EXP 	cue_text: autoDraw = False
180.0059 	INFO 	Keyboard events cleared
180.0056 	EXP 	target: autoDraw = True
180.2552 	EXP 	Device response: <KeyPress from None: t=180.2433849999943, value=left, duration=None>
180.2556 	EXP 	New trial (rep=12, index=3): <Trial 123 (3 in rep 12) data={'cue_arrow': '→', 'target_x': 0.5, 'condition': 'valid', 'corr_Ans': 'right', 'thisN': 123, 'thisTrialN': 3, 'thisRepN': 12}>
180.2587 	DATA 	Keypress: left
180.2720 	EXP 	fixation: autoDraw = False
180.2720 	EXP 	cue_text: autoDraw = False
180.2720 	EXP 	target: autoDraw = False
180.2720 	EXP 	cue_text: height = np.float64(0.1)
180.2720 	EXP 	cue_text: height = np.float64(0.1)
180.2720 	EXP 	cue_text: height = np.float64(0.1)
180.2720 	EXP 	cue_text: text = '→'
180.2720 	EXP 	fixation: autoDraw = True
180.3881 	EXP 	Device response: <KeyPress from None: t=180.2433849999943, value=left, duration=0.1402840000082506>
180.7557 	EXP 	fixation: autoDraw = False
180.7557 	EXP 	cue_text: autoDraw = True
181.0555 	EXP 	cue_text: autoDraw = False
181.3563 	INFO 	Keyboard events cleared
181.3560 	EXP 	target: autoDraw = True
181.6889 	EXP 	Device response: <KeyPress from None: t=181.67865119999624, value=right, duration=None>
181.6892 	EXP 	New trial (rep=12, index=4): <Trial 124 (4 in rep 12) data={'cue_arrow': '←', 'target_x': -0.5, 'condition': 'valid', 'corr_Ans': 'left', 'thisN': 124, 'thisTrialN': 4, 'thisRepN': 12}>
181.6922 	DATA 	Keypress: right
181.7043 	EXP 	fixation: autoDraw = False
181.7043 	EXP 	cue_text: autoDraw = False
181.7043 	EXP 	target: autoDraw = False
181.7043 	EXP 	cue_text: height = np.float64(0.1)
181.7043 	EXP 	cue_text: height = np.float64(0.1)
181.7043 	EXP 	cue_text: height = np.float64(0.1)
181.7043 	EXP 	cue_text: text = '←'
181.7043 	EXP 	fixation: autoDraw = True
181.8224 	EXP 	Device response: <KeyPress from None: t=181.67865119999624, value=right, duration=0.13519390000146814>
182.1893 	EXP 	fixation: autoDraw = False
182.1893 	EXP 	cue_text: autoDraw = True
182.4893 	EXP 	cue_text: autoDraw = False
182.7896 	INFO 	Keyboard events cleared
182.7894 	EXP 	target: autoDraw = True
183.0218 	EXP 	Device response: <KeyPress from None: t=183.01265760000388, value=left, duration=None>
183.0221 	EXP 	New trial (rep=12, index=5): <Trial 125 (5 in rep 12) data={'cue_arrow': '←', 'target_x': -0.5, 'condition': 'valid', 'corr_Ans': 'left', 'thisN': 125, 'thisTrialN': 5, 'thisRepN': 12}>
183.0234 	DATA 	Keypress: left
183.0387 	EXP 	fixation: autoDraw = False
183.0387 	EXP 	cue_text: autoDraw = False
183.0387 	EXP 	target: autoDraw = False
183.0387 	EXP 	cue_text: text = '←'
183.0387 	EXP 	fixation: autoDraw = True
183.1900 	EXP 	Device response: <KeyPress from None: t=183.01265760000388, value=left, duration=0.17451319999236148>
183.5225 	EXP 	fixation: autoDraw = False
183.5225 	EXP 	cue_text: autoDraw = True
183.8221 	EXP 	cue_text: autoDraw = False
184.1222 	INFO 	Keyboard events cleared
184.1220 	EXP 	target: autoDraw = True
184.4229 	DATA 	Keypress: left
184.4381 	EXP 	Device response: <KeyPress from None: t=184.421537000002, value=left, duration=None>
184.4385 	EXP 	New trial (rep=12, index=6): <Trial 126 (6 in rep 12) data={'cue_arrow': '→', 'target_x': -0.5, 'condition': 'invalid', 'corr_Ans': 'left', 'thisN': 126, 'thisTrialN': 6, 'thisRepN': 12}>
184.4543 	EXP 	fixation: autoDraw = False
184.4543 	EXP 	cue_text: autoDraw = False
184.4543 	EXP 	target: autoDraw = False
184.4543 	EXP 	cue_text: height = np.float64(0.1)
184.4543 	EXP 	cue_text: height = np.float64(0.1)
184.4543 	EXP 	cue_text: height = np.float64(0.1)
184.4543 	EXP 	cue_text: text = '→'
184.4543 	EXP 	fixation: autoDraw = True
184.5383 	EXP 	Device response: <KeyPress from None: t=184.421537000002, value=left, duration=0.10395049999351613>
184.9393 	EXP 	fixation: autoDraw = False
184.9393 	EXP 	cue_text: autoDraw = True
185.2393 	EXP 	cue_text: autoDraw = False
185.5393 	INFO 	Keyboard events cleared
185.5391 	EXP 	target: autoDraw = True
185.8721 	EXP 	Device response: <KeyPress from None: t=185.86077569999907, value=left, duration=None>
185.8724 	EXP 	New trial (rep=12, index=7): <Trial 127 (7 in rep 12) data={'cue_arrow': '→', 'target_x': 0.5, 'condition': 'valid', 'corr_Ans': 'right', 'thisN': 127, 'thisTrialN': 7, 'thisRepN': 12}>
185.8737 	DATA 	Keypress: left
185.8877 	EXP 	fixation: autoDraw = False
185.8877 	EXP 	cue_text: autoDraw = False
185.8877 	EXP 	target: autoDraw = False
185.8877 	EXP 	cue_text: text = '→'
185.8877 	EXP 	fixation: autoDraw = True
185.9718 	EXP 	Device response: <KeyPress from None: t=185.86077569999907, value=left, duration=0.10452300000179093>
186.3724 	EXP 	fixation: autoDraw = False
186.3724 	EXP 	cue_text: autoDraw = True
186.6888 	EXP 	cue_text: autoDraw = False
186.9717 	INFO 	Keyboard events cleared
186.9715 	EXP 	target: autoDraw = True
187.2548 	EXP 	Device response: <KeyPress from None: t=187.24927390000084, value=right, duration=None>
187.2551 	EXP 	New trial (rep=12, index=8): <Trial 128 (8 in rep 12) data={'cue_arrow': '→', 'target_x': 0.5, 'condition': 'valid', 'corr_Ans': 'right', 'thisN': 128, 'thisTrialN': 8, 'thisRepN': 12}>
187.2564 	DATA 	Keypress: right
187.2709 	EXP 	fixation: autoDraw = False
187.2709 	EXP 	cue_text: autoDraw = False
187.2709 	EXP 	target: autoDraw = False
187.2709 	EXP 	cue_text: text = '→'
187.2709 	EXP 	fixation: autoDraw = True
187.4057 	EXP 	Device response: <KeyPress from None: t=187.24927390000084, value=right, duration=0.15475790000346024>
187.7561 	EXP 	fixation: autoDraw = False
187.7561 	EXP 	cue_text: autoDraw = True
188.0556 	EXP 	cue_text: autoDraw = False
188.3559 	INFO 	Keyboard events cleared
188.3556 	EXP 	target: autoDraw = True
188.6383 	EXP 	Device response: <KeyPress from None: t=188.6313400999934, value=right, duration=None>
188.6388 	EXP 	New trial (rep=12, index=9): <Trial 129 (9 in rep 12) data={'cue_arrow': '←', 'target_x': 0.5, 'condition': 'invalid', 'corr_Ans': 'right', 'thisN': 129, 'thisTrialN': 9, 'thisRepN': 12}>
188.6424 	DATA 	Keypress: right
188.6545 	EXP 	fixation: autoDraw = False
188.6545 	EXP 	cue_text: autoDraw = False
188.6545 	EXP 	target: autoDraw = False
188.6545 	EXP 	cue_text: height = np.float64(0.1)
188.6545 	EXP 	cue_text: height = np.float64(0.1)
188.6545 	EXP 	cue_text: height = np.float64(0.1)
188.6545 	EXP 	cue_text: text = '←'
188.6545 	EXP 	fixation: autoDraw = True
188.7728 	EXP 	Device response: <KeyPress from None: t=188.6313400999934, value=right, duration=0.1345456999988528>
189.1376 	EXP 	fixation: autoDraw = False
189.1376 	EXP 	cue_text: autoDraw = True
189.2890 	EXP 	Device response: <KeyPress from None: t=189.2798815999995, value=right, duration=None>
189.2902 	DATA 	Keypress: right
189.4397 	EXP 	cue_text: autoDraw = False
189.4551 	EXP 	Device response: <KeyPress from None: t=189.2798815999995, value=right, duration=0.16916869999840856>
189.7396 	INFO 	Keyboard events cleared
189.7394 	EXP 	target: autoDraw = True
190.4068 	DATA 	Keypress: right
190.4217 	EXP 	Device response: <KeyPress from None: t=190.40578069999174, value=right, duration=None>
190.4221 	EXP 	New trial (rep=13, index=0): <Trial 130 (0 in rep 13) data={'cue_arrow': '←', 'target_x': -0.5, 'condition': 'valid', 'corr_Ans': 'left', 'thisN': 130, 'thisTrialN': 0, 'thisRepN': 13}>
190.4381 	EXP 	fixation: autoDraw = False
190.4381 	EXP 	cue_text: autoDraw = False
190.4381 	EXP 	target: autoDraw = False
190.4381 	EXP 	cue_text: text = '←'
190.4381 	EXP 	fixation: autoDraw = True
190.5222 	EXP 	Device response: <KeyPress from None: t=190.40578069999174, value=right, duration=0.10985040001105517>
190.9223 	EXP 	fixation: autoDraw = False
190.9223 	EXP 	cue_text: autoDraw = True
191.2228 	EXP 	cue_text: autoDraw = False
191.5215 	INFO 	Keyboard events cleared
191.5213 	EXP 	target: autoDraw = True
191.8384 	EXP 	Device response: <KeyPress from None: t=191.83616939999047, value=left, duration=None>
191.8387 	EXP 	New trial (rep=13, index=1): <Trial 131 (1 in rep 13) data={'cue_arrow': '→', 'target_x': 0.5, 'condition': 'valid', 'corr_Ans': 'right', 'thisN': 131, 'thisTrialN': 1, 'thisRepN': 13}>
191.8420 	DATA 	Keypress: left
191.8544 	EXP 	fixation: autoDraw = False
191.8544 	EXP 	cue_text: autoDraw = False
191.8544 	EXP 	target: autoDraw = False
191.8544 	EXP 	cue_text: height = np.float64(0.1)
191.8544 	EXP 	cue_text: height = np.float64(0.1)
191.8544 	EXP 	cue_text: height = np.float64(0.1)
191.8544 	EXP 	cue_text: text = '→'
191.8544 	EXP 	fixation: autoDraw = True
191.9554 	EXP 	Device response: <KeyPress from None: t=191.83616939999047, value=left, duration=0.10988780000479892>
192.3393 	EXP 	fixation: autoDraw = False
192.3393 	EXP 	cue_text: autoDraw = True
192.6396 	EXP 	cue_text: autoDraw = False
192.9396 	INFO 	Keyboard events cleared
192.9394 	EXP 	target: autoDraw = True
193.2558 	EXP 	Device response: <KeyPress from None: t=193.2429909999919, value=right, duration=None>
193.2563 	EXP 	New trial (rep=13, index=2): <Trial 132 (2 in rep 13) data={'cue_arrow': '←', 'target_x': -0.5, 'condition': 'valid', 'corr_Ans': 'left', 'thisN': 132, 'thisTrialN': 2, 'thisRepN': 13}>
193.2594 	DATA 	Keypress: right
193.2724 	EXP 	fixation: autoDraw = False
193.2724 	EXP 	cue_text: autoDraw = False
193.2724 	EXP 	target: autoDraw = False
193.2724 	EXP 	cue_text: height = np.float64(0.1)
193.2724 	EXP 	cue_text: height = np.float64(0.1)
193.2724 	EXP 	cue_text: height = np.float64(0.1)
193.2724 	EXP 	cue_text: text = '←'
193.2724 	EXP 	fixation: autoDraw = True
193.3726 	EXP 	Device response: <KeyPress from None: t=193.2429909999919, value=right, duration=0.12637910000921693>
193.7726 	EXP 	fixation: autoDraw = False
193.7726 	EXP 	cue_text: autoDraw = True
194.0561 	EXP 	cue_text: autoDraw = False
194.3564 	INFO 	Keyboard events cleared
194.3561 	EXP 	target: autoDraw = True
194.6218 	EXP 	Device response: <KeyPress from None: t=194.61006120000093, value=left, duration=None>
194.6223 	EXP 	New trial (rep=13, index=3): <Trial 133 (3 in rep 13) data={'cue_arrow': '→', 'target_x': 0.5, 'condition': 'valid', 'corr_Ans': 'right', 'thisN': 133, 'thisTrialN': 3, 'thisRepN': 13}>
194.6253 	DATA 	Keypress: left
194.6382 	EXP 	fixation: autoDraw = False
194.6382 	EXP 	cue_text: autoDraw = False
194.6382 	EXP 	target: autoDraw = False
194.6382 	EXP 	cue_text: height = np.float64(0.1)
194.6382 	EXP 	cue_text: height = np.float64(0.1)
194.6382 	EXP 	cue_text: height = np.float64(0.1)
194.6382 	EXP 	cue_text: text = '→'
194.6382 	EXP 	fixation: autoDraw = True
194.7389 	EXP 	Device response: <KeyPress from None: t=194.61006120000093, value=left, duration=0.11905290000140667>
195.1225 	EXP 	fixation: autoDraw = False
195.1225 	EXP 	cue_text: autoDraw = True
195.4224 	EXP 	cue_text: autoDraw = False
195.7223 	INFO 	Keyboard events cleared
195.7221 	EXP 	target: autoDraw = True
195.9889 	EXP 	Device response: <KeyPress from None: t=195.98779329999525, value=right, duration=None>
195.9892 	EXP 	New trial (rep=13, index=4): <Trial 134 (4 in rep 13) data={'cue_arrow': '→', 'target_x': 0.5, 'condition': 'valid', 'corr_Ans': 'right', 'thisN': 134, 'thisTrialN': 4, 'thisRepN': 13}>
195.9905 	DATA 	Keypress: right
196.0047 	EXP 	fixation: autoDraw = False
196.0047 	EXP 	cue_text: autoDraw = False
196.0047 	EXP 	target: autoDraw = False
196.0047 	EXP 	cue_text: text = '→'
196.0047 	EXP 	fixation: autoDraw = True
196.1230 	EXP 	Device response: <KeyPress from None: t=195.98779329999525, value=right, duration=0.1278982000076212>
196.4893 	EXP 	fixation: autoDraw = False
196.4893 	EXP 	cue_text: autoDraw = True
196.7879 	EXP 	cue_text: autoDraw = False
197.0898 	INFO 	Keyboard events cleared
197.0896 	EXP 	target: autoDraw = True
197.4069 	DATA 	Keypress: right
197.4218 	EXP 	Device response: <KeyPress from None: t=197.40625960000034, value=right, duration=None>
197.4221 	EXP 	New trial (rep=13, index=5): <Trial 135 (5 in rep 13) data={'cue_arrow': '←', 'target_x': -0.5, 'condition': 'valid', 'corr_Ans': 'left', 'thisN': 135, 'thisTrialN': 5, 'thisRepN': 13}>
197.4377 	EXP 	fixation: autoDraw = False
197.4377 	EXP 	cue_text: autoDraw = False
197.4377 	EXP 	target: autoDraw = False
197.4377 	EXP 	cue_text: height = np.float64(0.1)
197.4377 	EXP 	cue_text: height = np.float64(0.1)
197.4377 	EXP 	cue_text: height = np.float64(0.1)
197.4377 	EXP 	cue_text: text = '←'
197.4377 	EXP 	fixation: autoDraw = True
197.5395 	EXP 	Device response: <KeyPress from None: t=197.40625960000034, value=right, duration=0.13077720000001136>
197.9236 	EXP 	fixation: autoDraw = False
197.9236 	EXP 	cue_text: autoDraw = True
198.2224 	EXP 	cue_text: autoDraw = False
198.5232 	INFO 	Keyboard events cleared
198.5230 	EXP 	target: autoDraw = True
198.8407 	DATA 	Keypress: left
198.8553 	EXP 	Device response: <KeyPress from None: t=198.83974719999242, value=left, duration=None>
198.8556 	EXP 	New trial (rep=13, index=6): <Trial 136 (6 in rep 13) data={'cue_arrow': '←', 'target_x': 0.5, 'condition': 'invalid', 'corr_Ans': 'right', 'thisN': 136, 'thisTrialN': 6, 'thisRepN': 13}>
198.8730 	EXP 	fixation: autoDraw = False
198.8730 	EXP 	cue_text: autoDraw = False
198.8730 	EXP 	target: autoDraw = False
198.8730 	EXP 	cue_text: text = '←'
198.8730 	EXP 	fixation: autoDraw = True
198.9881 	EXP 	Device response: <KeyPress from None: t=198.83974719999242, value=left, duration=0.14397280001139734>
199.3566 	EXP 	fixation: autoDraw = False
199.3566 	EXP 	cue_text: autoDraw = True
199.6720 	EXP 	cue_text: autoDraw = False
199.9564 	INFO 	Keyboard events cleared
199.9561 	EXP 	target: autoDraw = True
200.3387 	EXP 	Device response: <KeyPress from None: t=200.32391599999391, value=right, duration=None>
200.3393 	EXP 	New trial (rep=13, index=7): <Trial 137 (7 in rep 13) data={'cue_arrow': '→', 'target_x': -0.5, 'condition': 'invalid', 'corr_Ans': 'left', 'thisN': 137, 'thisTrialN': 7, 'thisRepN': 13}>
200.3434 	DATA 	Keypress: right
200.3571 	EXP 	fixation: autoDraw = False
200.3571 	EXP 	cue_text: autoDraw = False
200.3571 	EXP 	target: autoDraw = False
200.3571 	EXP 	cue_text: height = np.float64(0.1)
200.3571 	EXP 	cue_text: height = np.float64(0.1)
200.3571 	EXP 	cue_text: height = np.float64(0.1)
200.3571 	EXP 	cue_text: text = '→'
200.3571 	EXP 	fixation: autoDraw = True
200.4728 	EXP 	Device response: <KeyPress from None: t=200.32391599999391, value=right, duration=0.13276560000667814>
200.8395 	EXP 	fixation: autoDraw = False
200.8395 	EXP 	cue_text: autoDraw = True
201.1396 	EXP 	cue_text: autoDraw = False
201.4560 	INFO 	Keyboard events cleared
201.4558 	EXP 	target: autoDraw = True
201.7886 	EXP 	Device response: <KeyPress from None: t=201.78037310000218, value=left, duration=None>
201.7890 	EXP 	New trial (rep=13, index=8): <Trial 138 (8 in rep 13) data={'cue_arrow': '←', 'target_x': -0.5, 'condition': 'valid', 'corr_Ans': 'left', 'thisN': 138, 'thisTrialN': 8, 'thisRepN': 13}>
201.7921 	DATA 	Keypress: left
201.8055 	EXP 	fixation: autoDraw = False
201.8055 	EXP 	cue_text: autoDraw = False
201.8055 	EXP 	target: autoDraw = False
201.8055 	EXP 	cue_text: height = np.float64(0.1)
201.8055 	EXP 	cue_text: height = np.float64(0.1)
201.8055 	EXP 	cue_text: height = np.float64(0.1)
201.8055 	EXP 	cue_text: text = '←'
201.8055 	EXP 	fixation: autoDraw = True
201.9057 	EXP 	Device response: <KeyPress from None: t=201.78037310000218, value=left, duration=0.12251539999851957>
202.2897 	EXP 	fixation: autoDraw = False
202.2897 	EXP 	cue_text: autoDraw = True
202.5893 	EXP 	cue_text: autoDraw = False
202.8898 	INFO 	Keyboard events cleared
202.8896 	EXP 	target: autoDraw = True
203.2055 	EXP 	Device response: <KeyPress from None: t=203.19178069999907, value=left, duration=None>
203.2058 	EXP 	New trial (rep=13, index=9): <Trial 139 (9 in rep 13) data={'cue_arrow': '→', 'target_x': 0.5, 'condition': 'valid', 'corr_Ans': 'right', 'thisN': 139, 'thisTrialN': 9, 'thisRepN': 13}>
203.2088 	DATA 	Keypress: left
203.2212 	EXP 	fixation: autoDraw = False
203.2212 	EXP 	cue_text: autoDraw = False
203.2212 	EXP 	target: autoDraw = False
203.2212 	EXP 	cue_text: height = np.float64(0.1)
203.2212 	EXP 	cue_text: height = np.float64(0.1)
203.2212 	EXP 	cue_text: height = np.float64(0.1)
203.2212 	EXP 	cue_text: text = '→'
203.2212 	EXP 	fixation: autoDraw = True
203.3232 	EXP 	Device response: <KeyPress from None: t=203.19178069999907, value=left, duration=0.1307446999999229>
203.7059 	EXP 	fixation: autoDraw = False
203.7059 	EXP 	cue_text: autoDraw = True
204.0051 	EXP 	cue_text: autoDraw = False
204.3054 	INFO 	Keyboard events cleared
204.3052 	EXP 	target: autoDraw = True
204.6057 	EXP 	Device response: <KeyPress from None: t=204.59271679999074, value=right, duration=None>
204.6060 	EXP 	New trial (rep=14, index=0): <Trial 140 (0 in rep 14) data={'cue_arrow': '←', 'target_x': -0.5, 'condition': 'valid', 'corr_Ans': 'left', 'thisN': 140, 'thisTrialN': 0, 'thisRepN': 14}>
204.6095 	DATA 	Keypress: right
204.6229 	EXP 	fixation: autoDraw = False
204.6229 	EXP 	cue_text: autoDraw = False
204.6229 	EXP 	target: autoDraw = False
204.6229 	EXP 	cue_text: height = np.float64(0.1)
204.6229 	EXP 	cue_text: height = np.float64(0.1)
204.6229 	EXP 	cue_text: height = np.float64(0.1)
204.6229 	EXP 	cue_text: text = '←'
204.6229 	EXP 	fixation: autoDraw = True
204.7219 	EXP 	Device response: <KeyPress from None: t=204.59271679999074, value=right, duration=0.1134821000014199>
205.1058 	EXP 	fixation: autoDraw = False
205.1058 	EXP 	cue_text: autoDraw = True
205.4064 	EXP 	cue_text: autoDraw = False
205.7066 	INFO 	Keyboard events cleared
205.7064 	EXP 	target: autoDraw = True
205.9556 	EXP 	Device response: <KeyPress from None: t=205.94374689999677, value=left, duration=None>
205.9559 	EXP 	New trial (rep=14, index=1): <Trial 141 (1 in rep 14) data={'cue_arrow': '←', 'target_x': -0.5, 'condition': 'valid', 'corr_Ans': 'left', 'thisN': 141, 'thisTrialN': 1, 'thisRepN': 14}>
205.9570 	DATA 	Keypress: left
205.9721 	EXP 	fixation: autoDraw = False
205.9721 	EXP 	cue_text: autoDraw = False
205.9721 	EXP 	target: autoDraw = False
205.9721 	EXP 	cue_text: text = '←'
205.9721 	EXP 	fixation: autoDraw = True
206.1051 	EXP 	Device response: <KeyPress from None: t=205.94374689999677, value=left, duration=0.1467856999952346>
206.4564 	EXP 	fixation: autoDraw = False
206.4564 	EXP 	cue_text: autoDraw = True
206.7561 	EXP 	cue_text: autoDraw = False
207.0566 	INFO 	Keyboard events cleared
207.0564 	EXP 	target: autoDraw = True
207.4234 	EXP 	Device response: <KeyPress from None: t=207.41481689999637, value=left, duration=None>
207.4239 	EXP 	New trial (rep=14, index=2): <Trial 142 (2 in rep 14) data={'cue_arrow': '→', 'target_x': 0.5, 'condition': 'valid', 'corr_Ans': 'right', 'thisN': 142, 'thisTrialN': 2, 'thisRepN': 14}>
207.4272 	DATA 	Keypress: left
207.4381 	EXP 	fixation: autoDraw = False
207.4381 	EXP 	cue_text: autoDraw = False
207.4381 	EXP 	target: autoDraw = False
207.4381 	EXP 	cue_text: height = np.float64(0.1)
207.4381 	EXP 	cue_text: height = np.float64(0.1)
207.4381 	EXP 	cue_text: height = np.float64(0.1)
207.4381 	EXP 	cue_text: text = '→'
207.4381 	EXP 	fixation: autoDraw = True
207.5721 	EXP 	Device response: <KeyPress from None: t=207.41481689999637, value=left, duration=0.13997899999958463>
207.9229 	EXP 	fixation: autoDraw = False
207.9229 	EXP 	cue_text: autoDraw = True
208.2388 	EXP 	cue_text: autoDraw = False
208.5398 	INFO 	Keyboard events cleared
208.5395 	EXP 	target: autoDraw = True
208.8552 	EXP 	Device response: <KeyPress from None: t=208.84501150000142, value=right, duration=None>
208.8556 	EXP 	New trial (rep=14, index=3): <Trial 143 (3 in rep 14) data={'cue_arrow': '←', 'target_x': -0.5, 'condition': 'valid', 'corr_Ans': 'left', 'thisN': 143, 'thisTrialN': 3, 'thisRepN': 14}>
208.8603 	DATA 	Keypress: right
208.8723 	EXP 	fixation: autoDraw = False
208.8723 	EXP 	cue_text: autoDraw = False
208.8723 	EXP 	target: autoDraw = False
208.8723 	EXP 	cue_text: height = np.float64(0.1)
208.8723 	EXP 	cue_text: height = np.float64(0.1)
208.8723 	EXP 	cue_text: height = np.float64(0.1)
208.8723 	EXP 	cue_text: text = '←'
208.8723 	EXP 	fixation: autoDraw = True
208.9896 	EXP 	Device response: <KeyPress from None: t=208.84501150000142, value=right, duration=0.1408060999965528>
209.3560 	EXP 	fixation: autoDraw = False
209.3560 	EXP 	cue_text: autoDraw = True
209.6561 	EXP 	cue_text: autoDraw = False
209.9558 	INFO 	Keyboard events cleared
209.9556 	EXP 	target: autoDraw = True
210.3233 	EXP 	Device response: <KeyPress from None: t=210.31385320000118, value=left, duration=None>
210.3236 	EXP 	New trial (rep=14, index=4): <Trial 144 (4 in rep 14) data={'cue_arrow': '←', 'target_x': -0.5, 'condition': 'valid', 'corr_Ans': 'left', 'thisN': 144, 'thisTrialN': 4, 'thisRepN': 14}>
210.3249 	DATA 	Keypress: left
210.3386 	EXP 	fixation: autoDraw = False
210.3386 	EXP 	cue_text: autoDraw = False
210.3386 	EXP 	target: autoDraw = False
210.3386 	EXP 	cue_text: text = '←'
210.3386 	EXP 	fixation: autoDraw = True
210.4222 	EXP 	Device response: <KeyPress from None: t=210.31385320000118, value=left, duration=0.09220040000218432>
210.8216 	EXP 	fixation: autoDraw = False
210.8216 	EXP 	cue_text: autoDraw = True
211.1232 	EXP 	cue_text: autoDraw = False
211.4235 	INFO 	Keyboard events cleared
211.4232 	EXP 	target: autoDraw = True
211.7902 	EXP 	Device response: <KeyPress from None: t=211.78355259999807, value=left, duration=None>
211.7906 	EXP 	New trial (rep=14, index=5): <Trial 145 (5 in rep 14) data={'cue_arrow': '←', 'target_x': 0.5, 'condition': 'invalid', 'corr_Ans': 'right', 'thisN': 145, 'thisTrialN': 5, 'thisRepN': 14}>
211.7919 	DATA 	Keypress: left
211.8048 	EXP 	fixation: autoDraw = False
211.8048 	EXP 	cue_text: autoDraw = False
211.8048 	EXP 	target: autoDraw = False
211.8048 	EXP 	cue_text: text = '←'
211.8048 	EXP 	fixation: autoDraw = True
211.9066 	EXP 	Device response: <KeyPress from None: t=211.78355259999807, value=left, duration=0.12228500000492204>
212.3062 	EXP 	fixation: autoDraw = False
212.3062 	EXP 	cue_text: autoDraw = True
212.6047 	EXP 	cue_text: autoDraw = False
212.8885 	INFO 	Keyboard events cleared
212.8883 	EXP 	target: autoDraw = True
213.2227 	EXP 	Device response: <KeyPress from None: t=213.20749349999824, value=right, duration=None>
213.2230 	EXP 	New trial (rep=14, index=6): <Trial 146 (6 in rep 14) data={'cue_arrow': '→', 'target_x': 0.5, 'condition': 'valid', 'corr_Ans': 'right', 'thisN': 146, 'thisTrialN': 6, 'thisRepN': 14}>
213.2266 	DATA 	Keypress: right
213.2384 	EXP 	fixation: autoDraw = False
213.2384 	EXP 	cue_text: autoDraw = False
213.2384 	EXP 	target: autoDraw = False
213.2384 	EXP 	cue_text: height = np.float64(0.1)
213.2384 	EXP 	cue_text: height = np.float64(0.1)
213.2384 	EXP 	cue_text: height = np.float64(0.1)
213.2384 	EXP 	cue_text: text = '→'
213.2384 	EXP 	fixation: autoDraw = True
213.3720 	EXP 	Device response: <KeyPress from None: t=213.20749349999824, value=right, duration=0.14980600000126287>
213.7214 	EXP 	fixation: autoDraw = False
213.7214 	EXP 	cue_text: autoDraw = True
214.0227 	EXP 	cue_text: autoDraw = False
214.3224 	INFO 	Keyboard events cleared
214.3222 	EXP 	target: autoDraw = True
214.6227 	EXP 	Device response: <KeyPress from None: t=214.61725060000026, value=right, duration=None>
214.6231 	EXP 	New trial (rep=14, index=7): <Trial 147 (7 in rep 14) data={'cue_arrow': '→', 'target_x': 0.5, 'condition': 'valid', 'corr_Ans': 'right', 'thisN': 147, 'thisTrialN': 7, 'thisRepN': 14}>
214.6244 	DATA 	Keypress: right
214.6381 	EXP 	fixation: autoDraw = False
214.6381 	EXP 	cue_text: autoDraw = False
214.6381 	EXP 	target: autoDraw = False
214.6381 	EXP 	cue_text: text = '→'
214.6381 	EXP 	fixation: autoDraw = True
214.8058 	EXP 	Device response: <KeyPress from None: t=214.61725060000026, value=right, duration=0.17259570000169333>
215.1229 	EXP 	fixation: autoDraw = False
215.1229 	EXP 	cue_text: autoDraw = True
215.4219 	EXP 	cue_text: autoDraw = False
215.7232 	INFO 	Keyboard events cleared
215.7230 	EXP 	target: autoDraw = True
215.9908 	DATA 	Keypress: right
216.0052 	EXP 	Device response: <KeyPress from None: t=215.9901916999952, value=right, duration=None>
216.0056 	EXP 	New trial (rep=14, index=8): <Trial 148 (8 in rep 14) data={'cue_arrow': '→', 'target_x': -0.5, 'condition': 'invalid', 'corr_Ans': 'left', 'thisN': 148, 'thisTrialN': 8, 'thisRepN': 14}>
216.0212 	EXP 	fixation: autoDraw = False
216.0212 	EXP 	cue_text: autoDraw = False
216.0212 	EXP 	target: autoDraw = False
216.0212 	EXP 	cue_text: text = '→'
216.0212 	EXP 	fixation: autoDraw = True
216.1569 	EXP 	Device response: <KeyPress from None: t=215.9901916999952, value=right, duration=0.15052819999982603>
216.5060 	EXP 	fixation: autoDraw = False
216.5060 	EXP 	cue_text: autoDraw = True
216.8063 	EXP 	cue_text: autoDraw = False
217.1052 	INFO 	Keyboard events cleared
217.1050 	EXP 	target: autoDraw = True
217.5888 	EXP 	Device response: <KeyPress from None: t=217.580827400001, value=left, duration=None>
217.5892 	EXP 	New trial (rep=14, index=9): <Trial 149 (9 in rep 14) data={'cue_arrow': '→', 'target_x': 0.5, 'condition': 'valid', 'corr_Ans': 'right', 'thisN': 149, 'thisTrialN': 9, 'thisRepN': 14}>
217.5905 	DATA 	Keypress: left
217.6049 	EXP 	fixation: autoDraw = False
217.6049 	EXP 	cue_text: autoDraw = False
217.6049 	EXP 	target: autoDraw = False
217.6049 	EXP 	cue_text: text = '→'
217.6049 	EXP 	fixation: autoDraw = True
217.7227 	EXP 	Device response: <KeyPress from None: t=217.580827400001, value=left, duration=0.13025269999343436>
218.0895 	EXP 	fixation: autoDraw = False
218.0895 	EXP 	cue_text: autoDraw = True
218.3896 	EXP 	cue_text: autoDraw = False
218.6901 	INFO 	Keyboard events cleared
218.6899 	EXP 	target: autoDraw = True
218.9402 	EXP 	Device response: <KeyPress from None: t=218.92994319999707, value=right, duration=None>
218.9408 	EXP 	New trial (rep=15, index=0): <Trial 150 (0 in rep 15) data={'cue_arrow': '←', 'target_x': -0.5, 'condition': 'valid', 'corr_Ans': 'left', 'thisN': 150, 'thisTrialN': 0, 'thisRepN': 15}>
218.9443 	DATA 	Keypress: right
218.9549 	EXP 	fixation: autoDraw = False
218.9549 	EXP 	cue_text: autoDraw = False
218.9549 	EXP 	target: autoDraw = False
218.9549 	EXP 	cue_text: height = np.float64(0.1)
218.9549 	EXP 	cue_text: height = np.float64(0.1)
218.9549 	EXP 	cue_text: height = np.float64(0.1)
218.9549 	EXP 	cue_text: text = '←'
218.9549 	EXP 	fixation: autoDraw = True
219.0889 	EXP 	Device response: <KeyPress from None: t=218.92994319999707, value=right, duration=0.1445081999991089>
219.4396 	EXP 	fixation: autoDraw = False
219.4396 	EXP 	cue_text: autoDraw = True
219.7400 	EXP 	cue_text: autoDraw = False
220.0563 	INFO 	Keyboard events cleared
220.0561 	EXP 	target: autoDraw = True
220.5058 	EXP 	Device response: <KeyPress from None: t=220.49466779999784, value=left, duration=None>
220.5062 	EXP 	New trial (rep=15, index=1): <Trial 151 (1 in rep 15) data={'cue_arrow': '←', 'target_x': 0.5, 'condition': 'invalid', 'corr_Ans': 'right', 'thisN': 151, 'thisTrialN': 1, 'thisRepN': 15}>
220.5073 	DATA 	Keypress: left
220.5228 	EXP 	fixation: autoDraw = False
220.5228 	EXP 	cue_text: autoDraw = False
220.5228 	EXP 	target: autoDraw = False
220.5228 	EXP 	cue_text: text = '←'
220.5228 	EXP 	fixation: autoDraw = True
220.6054 	EXP 	Device response: <KeyPress from None: t=220.49466779999784, value=left, duration=0.10492129999329336>
221.0067 	EXP 	fixation: autoDraw = False
221.0067 	EXP 	cue_text: autoDraw = True
221.3065 	EXP 	cue_text: autoDraw = False
221.6069 	INFO 	Keyboard events cleared
221.6067 	EXP 	target: autoDraw = True
221.8905 	DATA 	Keypress: right
221.9056 	EXP 	Device response: <KeyPress from None: t=221.88950930000283, value=right, duration=None>
221.9059 	EXP 	New trial (rep=15, index=2): <Trial 152 (2 in rep 15) data={'cue_arrow': '←', 'target_x': -0.5, 'condition': 'valid', 'corr_Ans': 'left', 'thisN': 152, 'thisTrialN': 2, 'thisRepN': 15}>
221.9231 	EXP 	fixation: autoDraw = False
221.9231 	EXP 	cue_text: autoDraw = False
221.9231 	EXP 	target: autoDraw = False
221.9231 	EXP 	cue_text: text = '←'
221.9231 	EXP 	fixation: autoDraw = True
222.0391 	EXP 	Device response: <KeyPress from None: t=221.88950930000283, value=right, duration=0.13404749998881016>
222.4067 	EXP 	fixation: autoDraw = False
222.4067 	EXP 	cue_text: autoDraw = True
222.7067 	EXP 	cue_text: autoDraw = False
223.0065 	INFO 	Keyboard events cleared
223.0063 	EXP 	target: autoDraw = True
223.3391 	EXP 	Device response: <KeyPress from None: t=223.32949109999754, value=left, duration=None>
223.3395 	EXP 	New trial (rep=15, index=3): <Trial 153 (3 in rep 15) data={'cue_arrow': '→', 'target_x': 0.5, 'condition': 'valid', 'corr_Ans': 'right', 'thisN': 153, 'thisTrialN': 3, 'thisRepN': 15}>
223.3429 	DATA 	Keypress: left
223.3549 	EXP 	fixation: autoDraw = False
223.3549 	EXP 	cue_text: autoDraw = False
223.3549 	EXP 	target: autoDraw = False
223.3549 	EXP 	cue_text: height = np.float64(0.1)
223.3549 	EXP 	cue_text: height = np.float64(0.1)
223.3549 	EXP 	cue_text: height = np.float64(0.1)
223.3549 	EXP 	cue_text: text = '→'
223.3549 	EXP 	fixation: autoDraw = True
223.4907 	EXP 	Device response: <KeyPress from None: t=223.32949109999754, value=left, duration=0.1586234999995213>
223.8390 	EXP 	fixation: autoDraw = False
223.8390 	EXP 	cue_text: autoDraw = True
224.1397 	EXP 	cue_text: autoDraw = False
224.4385 	INFO 	Keyboard events cleared
224.4383 	EXP 	target: autoDraw = True
224.7224 	EXP 	Device response: <KeyPress from None: t=224.7178106999927, value=right, duration=None>
224.7228 	EXP 	New trial (rep=15, index=4): <Trial 154 (4 in rep 15) data={'cue_arrow': '→', 'target_x': -0.5, 'condition': 'invalid', 'corr_Ans': 'left', 'thisN': 154, 'thisTrialN': 4, 'thisRepN': 15}>
224.7241 	DATA 	Keypress: right
224.7383 	EXP 	fixation: autoDraw = False
224.7383 	EXP 	cue_text: autoDraw = False
224.7383 	EXP 	target: autoDraw = False
224.7383 	EXP 	cue_text: text = '→'
224.7383 	EXP 	fixation: autoDraw = True
224.8725 	EXP 	Device response: <KeyPress from None: t=224.7178106999927, value=right, duration=0.1390118999988772>
225.2234 	EXP 	fixation: autoDraw = False
225.2234 	EXP 	cue_text: autoDraw = True
225.5214 	EXP 	cue_text: autoDraw = False
225.8232 	INFO 	Keyboard events cleared
225.8230 	EXP 	target: autoDraw = True
226.1724 	EXP 	Device response: <KeyPress from None: t=226.16640210000332, value=left, duration=None>
226.1730 	EXP 	New trial (rep=15, index=5): <Trial 155 (5 in rep 15) data={'cue_arrow': '←', 'target_x': -0.5, 'condition': 'valid', 'corr_Ans': 'left', 'thisN': 155, 'thisTrialN': 5, 'thisRepN': 15}>
226.1773 	DATA 	Keypress: left
226.1898 	EXP 	fixation: autoDraw = False
226.1898 	EXP 	cue_text: autoDraw = False
226.1898 	EXP 	target: autoDraw = False
226.1898 	EXP 	cue_text: height = np.float64(0.1)
226.1898 	EXP 	cue_text: height = np.float64(0.1)
226.1898 	EXP 	cue_text: height = np.float64(0.1)
226.1898 	EXP 	cue_text: text = '←'
226.1898 	EXP 	fixation: autoDraw = True
226.2904 	EXP 	Device response: <KeyPress from None: t=226.16640210000332, value=left, duration=0.12121889999252744>
226.6728 	EXP 	fixation: autoDraw = False
226.6728 	EXP 	cue_text: autoDraw = True
226.9723 	EXP 	cue_text: autoDraw = False
227.2725 	INFO 	Keyboard events cleared
227.2724 	EXP 	target: autoDraw = True
227.6061 	EXP 	Device response: <KeyPress from None: t=227.60426340000413, value=left, duration=None>
227.6066 	EXP 	New trial (rep=15, index=6): <Trial 156 (6 in rep 15) data={'cue_arrow': '→', 'target_x': 0.5, 'condition': 'valid', 'corr_Ans': 'right', 'thisN': 156, 'thisTrialN': 6, 'thisRepN': 15}>
227.6102 	DATA 	Keypress: left
227.6218 	EXP 	fixation: autoDraw = False
227.6218 	EXP 	cue_text: autoDraw = False
227.6218 	EXP 	target: autoDraw = False
227.6218 	EXP 	cue_text: height = np.float64(0.1)
227.6218 	EXP 	cue_text: height = np.float64(0.1)
227.6218 	EXP 	cue_text: height = np.float64(0.1)
227.6218 	EXP 	cue_text: text = '→'
227.6218 	EXP 	fixation: autoDraw = True
227.7555 	EXP 	Device response: <KeyPress from None: t=227.60426340000413, value=left, duration=0.14050879998831078>
228.1218 	EXP 	fixation: autoDraw = False
228.1218 	EXP 	cue_text: autoDraw = True
228.4223 	EXP 	cue_text: autoDraw = False
228.7067 	INFO 	Keyboard events cleared
228.7065 	EXP 	target: autoDraw = True
229.0888 	EXP 	Device response: <KeyPress from None: t=229.08580780000193, value=right, duration=None>
229.0894 	EXP 	New trial (rep=15, index=7): <Trial 157 (7 in rep 15) data={'cue_arrow': '→', 'target_x': 0.5, 'condition': 'valid', 'corr_Ans': 'right', 'thisN': 157, 'thisTrialN': 7, 'thisRepN': 15}>
229.0906 	DATA 	Keypress: right
229.1052 	EXP 	fixation: autoDraw = False
229.1052 	EXP 	cue_text: autoDraw = False
229.1052 	EXP 	target: autoDraw = False
229.1052 	EXP 	cue_text: text = '→'
229.1052 	EXP 	fixation: autoDraw = True
229.2391 	EXP 	Device response: <KeyPress from None: t=229.08580780000193, value=right, duration=0.14708969999628607>
229.5901 	EXP 	fixation: autoDraw = False
229.5901 	EXP 	cue_text: autoDraw = True
229.8899 	EXP 	cue_text: autoDraw = False
230.1897 	INFO 	Keyboard events cleared
230.1895 	EXP 	target: autoDraw = True
230.5233 	EXP 	Device response: <KeyPress from None: t=230.52014809999673, value=right, duration=None>
230.5236 	EXP 	New trial (rep=15, index=8): <Trial 158 (8 in rep 15) data={'cue_arrow': '→', 'target_x': 0.5, 'condition': 'valid', 'corr_Ans': 'right', 'thisN': 158, 'thisTrialN': 8, 'thisRepN': 15}>
230.5248 	DATA 	Keypress: right
230.5386 	EXP 	fixation: autoDraw = False
230.5386 	EXP 	cue_text: autoDraw = False
230.5386 	EXP 	target: autoDraw = False
230.5386 	EXP 	cue_text: text = '→'
230.5386 	EXP 	fixation: autoDraw = True
230.6573 	EXP 	Device response: <KeyPress from None: t=230.52014809999673, value=right, duration=0.1333474999992177>
231.0224 	EXP 	fixation: autoDraw = False
231.0224 	EXP 	cue_text: autoDraw = True
231.3235 	EXP 	cue_text: autoDraw = False
231.6236 	INFO 	Keyboard events cleared
231.6234 	EXP 	target: autoDraw = True
231.9916 	DATA 	Keypress: right
232.0059 	EXP 	Device response: <KeyPress from None: t=231.99000569999043, value=right, duration=None>
232.0062 	EXP 	New trial (rep=15, index=9): <Trial 159 (9 in rep 15) data={'cue_arrow': '←', 'target_x': -0.5, 'condition': 'valid', 'corr_Ans': 'left', 'thisN': 159, 'thisTrialN': 9, 'thisRepN': 15}>
232.0229 	EXP 	fixation: autoDraw = False
232.0229 	EXP 	cue_text: autoDraw = False
232.0229 	EXP 	target: autoDraw = False
232.0229 	EXP 	cue_text: height = np.float64(0.1)
232.0229 	EXP 	cue_text: height = np.float64(0.1)
232.0229 	EXP 	cue_text: height = np.float64(0.1)
232.0229 	EXP 	cue_text: text = '←'
232.0229 	EXP 	fixation: autoDraw = True
232.1224 	EXP 	Device response: <KeyPress from None: t=231.99000569999043, value=right, duration=0.1230863000091631>
232.5063 	EXP 	fixation: autoDraw = False
232.5063 	EXP 	cue_text: autoDraw = True
232.8062 	EXP 	cue_text: autoDraw = False
233.1062 	INFO 	Keyboard events cleared
233.1059 	EXP 	target: autoDraw = True
233.4237 	DATA 	Keypress: left
233.4389 	EXP 	Device response: <KeyPress from None: t=233.42212329999893, value=left, duration=None>
233.4393 	EXP 	New trial (rep=16, index=0): <Trial 160 (0 in rep 16) data={'cue_arrow': '→', 'target_x': 0.5, 'condition': 'valid', 'corr_Ans': 'right', 'thisN': 160, 'thisTrialN': 0, 'thisRepN': 16}>
233.4553 	EXP 	fixation: autoDraw = False
233.4553 	EXP 	cue_text: autoDraw = False
233.4553 	EXP 	target: autoDraw = False
233.4553 	EXP 	cue_text: height = np.float64(0.1)
233.4553 	EXP 	cue_text: height = np.float64(0.1)
233.4553 	EXP 	cue_text: height = np.float64(0.1)
233.4553 	EXP 	cue_text: text = '→'
233.4553 	EXP 	fixation: autoDraw = True
233.5557 	EXP 	Device response: <KeyPress from None: t=233.42212329999893, value=left, duration=0.11833889999252278>
233.9400 	EXP 	fixation: autoDraw = False
233.9400 	EXP 	cue_text: autoDraw = True
234.2400 	EXP 	cue_text: autoDraw = False
234.5401 	INFO 	Keyboard events cleared
234.5399 	EXP 	target: autoDraw = True
234.8559 	EXP 	Device response: <KeyPress from None: t=234.84409299999243, value=right, duration=None>
234.8563 	EXP 	New trial (rep=16, index=1): <Trial 161 (1 in rep 16) data={'cue_arrow': '←', 'target_x': -0.5, 'condition': 'valid', 'corr_Ans': 'left', 'thisN': 161, 'thisTrialN': 1, 'thisRepN': 16}>
234.8593 	DATA 	Keypress: right
234.8718 	EXP 	fixation: autoDraw = False
234.8718 	EXP 	cue_text: autoDraw = False
234.8718 	EXP 	target: autoDraw = False
234.8718 	EXP 	cue_text: height = np.float64(0.1)
234.8718 	EXP 	cue_text: height = np.float64(0.1)
234.8718 	EXP 	cue_text: height = np.float64(0.1)
234.8718 	EXP 	cue_text: text = '←'
234.8718 	EXP 	fixation: autoDraw = True
234.9557 	EXP 	Device response: <KeyPress from None: t=234.84409299999243, value=right, duration=0.10384080000221729>
235.3551 	EXP 	fixation: autoDraw = False
235.3551 	EXP 	cue_text: autoDraw = True
235.6733 	EXP 	cue_text: autoDraw = False
235.9565 	INFO 	Keyboard events cleared
235.9563 	EXP 	target: autoDraw = True
236.2394 	EXP 	Device response: <KeyPress from None: t=236.2315721999912, value=left, duration=None>
236.2399 	EXP 	New trial (rep=16, index=2): <Trial 162 (2 in rep 16) data={'cue_arrow': '→', 'target_x': 0.5, 'condition': 'valid', 'corr_Ans': 'right', 'thisN': 162, 'thisTrialN': 2, 'thisRepN': 16}>
236.2432 	DATA 	Keypress: left
236.2557 	EXP 	fixation: autoDraw = False
236.2557 	EXP 	cue_text: autoDraw = False
236.2557 	EXP 	target: autoDraw = False
236.2557 	EXP 	cue_text: height = np.float64(0.1)
236.2557 	EXP 	cue_text: height = np.float64(0.1)
236.2557 	EXP 	cue_text: height = np.float64(0.1)
236.2557 	EXP 	cue_text: text = '→'
236.2557 	EXP 	fixation: autoDraw = True
236.3397 	EXP 	Device response: <KeyPress from None: t=236.2315721999912, value=left, duration=0.09929430000192951>
236.7387 	EXP 	fixation: autoDraw = False
236.7387 	EXP 	cue_text: autoDraw = True
237.0398 	EXP 	cue_text: autoDraw = False
237.3403 	INFO 	Keyboard events cleared
237.3401 	EXP 	target: autoDraw = True
237.5899 	EXP 	Device response: <KeyPress from None: t=237.5816846999951, value=right, duration=None>
237.5902 	EXP 	New trial (rep=16, index=3): <Trial 163 (3 in rep 16) data={'cue_arrow': '←', 'target_x': 0.5, 'condition': 'invalid', 'corr_Ans': 'right', 'thisN': 163, 'thisTrialN': 3, 'thisRepN': 16}>
237.5935 	DATA 	Keypress: right
237.6054 	EXP 	fixation: autoDraw = False
237.6054 	EXP 	cue_text: autoDraw = False
237.6054 	EXP 	target: autoDraw = False
237.6054 	EXP 	cue_text: height = np.float64(0.1)
237.6054 	EXP 	cue_text: height = np.float64(0.1)
237.6054 	EXP 	cue_text: height = np.float64(0.1)
237.6054 	EXP 	cue_text: text = '←'
237.6054 	EXP 	fixation: autoDraw = True
237.7227 	EXP 	Device response: <KeyPress from None: t=237.5816846999951, value=right, duration=0.1324056000012206>
238.1068 	EXP 	fixation: autoDraw = False
238.1068 	EXP 	cue_text: autoDraw = True
238.3898 	EXP 	cue_text: autoDraw = False
238.6892 	INFO 	Keyboard events cleared
238.6891 	EXP 	target: autoDraw = True
239.1228 	EXP 	Device response: <KeyPress from None: t=239.12165610000375, value=right, duration=None>
239.1231 	EXP 	New trial (rep=16, index=4): <Trial 164 (4 in rep 16) data={'cue_arrow': '←', 'target_x': -0.5, 'condition': 'valid', 'corr_Ans': 'left', 'thisN': 164, 'thisTrialN': 4, 'thisRepN': 16}>
239.1243 	DATA 	Keypress: right
239.1385 	EXP 	fixation: autoDraw = False
239.1385 	EXP 	cue_text: autoDraw = False
239.1385 	EXP 	target: autoDraw = False
239.1385 	EXP 	cue_text: text = '←'
239.1385 	EXP 	fixation: autoDraw = True
239.2394 	EXP 	Device response: <KeyPress from None: t=239.12165610000375, value=right, duration=0.11255909998726565>
239.6236 	EXP 	fixation: autoDraw = False
239.6236 	EXP 	cue_text: autoDraw = True
239.9231 	EXP 	cue_text: autoDraw = False
240.2222 	INFO 	Keyboard events cleared
240.2220 	EXP 	target: autoDraw = True
240.5728 	EXP 	Device response: <KeyPress from None: t=240.5600703999953, value=left, duration=None>
240.5732 	EXP 	New trial (rep=16, index=5): <Trial 165 (5 in rep 16) data={'cue_arrow': '←', 'target_x': -0.5, 'condition': 'valid', 'corr_Ans': 'left', 'thisN': 165, 'thisTrialN': 5, 'thisRepN': 16}>
240.5744 	DATA 	Keypress: left
240.5903 	EXP 	fixation: autoDraw = False
240.5903 	EXP 	cue_text: autoDraw = False
240.5903 	EXP 	target: autoDraw = False
240.5903 	EXP 	cue_text: text = '←'
240.5903 	EXP 	fixation: autoDraw = True
240.6740 	EXP 	Device response: <KeyPress from None: t=240.5600703999953, value=left, duration=0.10130409999692347>
241.0720 	EXP 	fixation: autoDraw = False
241.0720 	EXP 	cue_text: autoDraw = True
241.3734 	EXP 	cue_text: autoDraw = False
241.6733 	INFO 	Keyboard events cleared
241.6731 	EXP 	target: autoDraw = True
242.1241 	EXP 	Device response: <KeyPress from None: t=242.11157249999815, value=left, duration=None>
242.1245 	EXP 	New trial (rep=16, index=6): <Trial 166 (6 in rep 16) data={'cue_arrow': '→', 'target_x': 0.5, 'condition': 'valid', 'corr_Ans': 'right', 'thisN': 166, 'thisTrialN': 6, 'thisRepN': 16}>
242.1276 	DATA 	Keypress: left
242.1395 	EXP 	fixation: autoDraw = False
242.1395 	EXP 	cue_text: autoDraw = False
242.1395 	EXP 	target: autoDraw = False
242.1395 	EXP 	cue_text: height = np.float64(0.1)
242.1395 	EXP 	cue_text: height = np.float64(0.1)
242.1395 	EXP 	cue_text: height = np.float64(0.1)
242.1395 	EXP 	cue_text: text = '→'
242.1395 	EXP 	fixation: autoDraw = True
242.2391 	EXP 	Device response: <KeyPress from None: t=242.11157249999815, value=left, duration=0.11865649999526795>
242.6236 	EXP 	fixation: autoDraw = False
242.6236 	EXP 	cue_text: autoDraw = True
242.9405 	EXP 	cue_text: autoDraw = False
243.2397 	INFO 	Keyboard events cleared
243.2395 	EXP 	target: autoDraw = True
243.5558 	EXP 	Device response: <KeyPress from None: t=243.5535385999974, value=right, duration=None>
243.5563 	EXP 	New trial (rep=16, index=7): <Trial 167 (7 in rep 16) data={'cue_arrow': '→', 'target_x': -0.5, 'condition': 'invalid', 'corr_Ans': 'left', 'thisN': 167, 'thisTrialN': 7, 'thisRepN': 16}>
243.5577 	DATA 	Keypress: right
243.5725 	EXP 	fixation: autoDraw = False
243.5725 	EXP 	cue_text: autoDraw = False
243.5725 	EXP 	target: autoDraw = False
243.5725 	EXP 	cue_text: text = '→'
243.5725 	EXP 	fixation: autoDraw = True
243.6728 	EXP 	Device response: <KeyPress from None: t=243.5535385999974, value=right, duration=0.10475250000308733>
244.0570 	EXP 	fixation: autoDraw = False
244.0570 	EXP 	cue_text: autoDraw = True
244.3560 	EXP 	cue_text: autoDraw = False
244.6562 	INFO 	Keyboard events cleared
244.6560 	EXP 	target: autoDraw = True
244.9728 	EXP 	Device response: <KeyPress from None: t=244.969479899999, value=left, duration=None>
244.9732 	EXP 	New trial (rep=16, index=8): <Trial 168 (8 in rep 16) data={'cue_arrow': '→', 'target_x': 0.5, 'condition': 'valid', 'corr_Ans': 'right', 'thisN': 168, 'thisTrialN': 8, 'thisRepN': 16}>
244.9745 	DATA 	Keypress: left
244.9887 	EXP 	fixation: autoDraw = False
244.9887 	EXP 	cue_text: autoDraw = False
244.9887 	EXP 	target: autoDraw = False
244.9887 	EXP 	cue_text: text = '→'
244.9887 	EXP 	fixation: autoDraw = True
245.0563 	EXP 	Device response: <KeyPress from None: t=244.969479899999, value=left, duration=0.08555309999792371>
245.4737 	EXP 	fixation: autoDraw = False
245.4737 	EXP 	cue_text: autoDraw = True
245.7738 	EXP 	cue_text: autoDraw = False
246.0739 	INFO 	Keyboard events cleared
246.0737 	EXP 	target: autoDraw = True
246.3059 	EXP 	Device response: <KeyPress from None: t=246.30171529999643, value=right, duration=None>
246.3063 	EXP 	New trial (rep=16, index=9): <Trial 169 (9 in rep 16) data={'cue_arrow': '←', 'target_x': -0.5, 'condition': 'valid', 'corr_Ans': 'left', 'thisN': 169, 'thisTrialN': 9, 'thisRepN': 16}>
246.3106 	DATA 	Keypress: right
246.3225 	EXP 	fixation: autoDraw = False
246.3225 	EXP 	cue_text: autoDraw = False
246.3225 	EXP 	target: autoDraw = False
246.3225 	EXP 	cue_text: height = np.float64(0.1)
246.3225 	EXP 	cue_text: height = np.float64(0.1)
246.3225 	EXP 	cue_text: height = np.float64(0.1)
246.3225 	EXP 	cue_text: text = '←'
246.3225 	EXP 	fixation: autoDraw = True
246.4229 	EXP 	Device response: <KeyPress from None: t=246.30171529999643, value=right, duration=0.11332200000470039>
246.8057 	EXP 	fixation: autoDraw = False
246.8057 	EXP 	cue_text: autoDraw = True
247.1057 	EXP 	cue_text: autoDraw = False
247.4067 	INFO 	Keyboard events cleared
247.4065 	EXP 	target: autoDraw = True
247.6423 	DATA 	Keypress: left
247.6561 	EXP 	Device response: <KeyPress from None: t=247.6411522999988, value=left, duration=None>
247.6565 	EXP 	New trial (rep=17, index=0): <Trial 170 (0 in rep 17) data={'cue_arrow': '←', 'target_x': -0.5, 'condition': 'valid', 'corr_Ans': 'left', 'thisN': 170, 'thisTrialN': 0, 'thisRepN': 17}>
247.6720 	EXP 	fixation: autoDraw = False
247.6720 	EXP 	cue_text: autoDraw = False
247.6720 	EXP 	target: autoDraw = False
247.6720 	EXP 	cue_text: text = '←'
247.6720 	EXP 	fixation: autoDraw = True
247.7575 	EXP 	Device response: <KeyPress from None: t=247.6411522999988, value=left, duration=0.10912929999176413>
248.1566 	EXP 	fixation: autoDraw = False
248.1566 	EXP 	cue_text: autoDraw = True
248.4566 	EXP 	cue_text: autoDraw = False
248.7568 	INFO 	Keyboard events cleared
248.7566 	EXP 	target: autoDraw = True
249.1745 	EXP 	Device response: <KeyPress from None: t=249.16719069999817, value=left, duration=None>
249.1748 	EXP 	New trial (rep=17, index=1): <Trial 171 (1 in rep 17) data={'cue_arrow': '→', 'target_x': 0.5, 'condition': 'valid', 'corr_Ans': 'right', 'thisN': 171, 'thisTrialN': 1, 'thisRepN': 17}>
249.1783 	DATA 	Keypress: left
249.1881 	EXP 	fixation: autoDraw = False
249.1881 	EXP 	cue_text: autoDraw = False
249.1881 	EXP 	target: autoDraw = False
249.1881 	EXP 	cue_text: height = np.float64(0.1)
249.1881 	EXP 	cue_text: height = np.float64(0.1)
249.1881 	EXP 	cue_text: height = np.float64(0.1)
249.1881 	EXP 	cue_text: text = '→'
249.1881 	EXP 	fixation: autoDraw = True
249.3060 	EXP 	Device response: <KeyPress from None: t=249.16719069999817, value=left, duration=0.12917359999846667>
249.6901 	EXP 	fixation: autoDraw = False
249.6901 	EXP 	cue_text: autoDraw = True
249.9739 	EXP 	cue_text: autoDraw = False
250.2890 	INFO 	Keyboard events cleared
250.2888 	EXP 	target: autoDraw = True
250.5910 	DATA 	Keypress: right
250.6061 	EXP 	Device response: <KeyPress from None: t=250.58989529999963, value=right, duration=None>
250.6066 	EXP 	New trial (rep=17, index=2): <Trial 172 (2 in rep 17) data={'cue_arrow': '←', 'target_x': 0.5, 'condition': 'invalid', 'corr_Ans': 'right', 'thisN': 172, 'thisTrialN': 2, 'thisRepN': 17}>
250.6237 	EXP 	fixation: autoDraw = False
250.6237 	EXP 	cue_text: autoDraw = False
250.6237 	EXP 	target: autoDraw = False
250.6237 	EXP 	cue_text: height = np.float64(0.1)
250.6237 	EXP 	cue_text: height = np.float64(0.1)
250.6237 	EXP 	cue_text: height = np.float64(0.1)
250.6237 	EXP 	cue_text: text = '←'
250.6237 	EXP 	fixation: autoDraw = True
250.7396 	EXP 	Device response: <KeyPress from None: t=250.58989529999963, value=right, duration=0.13440569999511354>
251.1069 	EXP 	fixation: autoDraw = False
251.1069 	EXP 	cue_text: autoDraw = True
251.4058 	EXP 	cue_text: autoDraw = False
251.7073 	INFO 	Keyboard events cleared
251.7070 	EXP 	target: autoDraw = True
252.0734 	EXP 	Device response: <KeyPress from None: t=252.0643907999911, value=right, duration=None>
252.0738 	EXP 	New trial (rep=17, index=3): <Trial 173 (3 in rep 17) data={'cue_arrow': '→', 'target_x': 0.5, 'condition': 'valid', 'corr_Ans': 'right', 'thisN': 173, 'thisTrialN': 3, 'thisRepN': 17}>
252.0767 	DATA 	Keypress: right
252.0890 	EXP 	fixation: autoDraw = False
252.0890 	EXP 	cue_text: autoDraw = False
252.0890 	EXP 	target: autoDraw = False
252.0890 	EXP 	cue_text: height = np.float64(0.1)
252.0890 	EXP 	cue_text: height = np.float64(0.1)
252.0890 	EXP 	cue_text: height = np.float64(0.1)
252.0890 	EXP 	cue_text: text = '→'
252.0890 	EXP 	fixation: autoDraw = True
252.2228 	EXP 	Device response: <KeyPress from None: t=252.0643907999911, value=right, duration=0.15566670001135208>
252.5731 	EXP 	fixation: autoDraw = False
252.5731 	EXP 	cue_text: autoDraw = True
252.8905 	EXP 	cue_text: autoDraw = False
253.1908 	INFO 	Keyboard events cleared
253.1905 	EXP 	target: autoDraw = True
253.5067 	EXP 	Device response: <KeyPress from None: t=253.5051545000024, value=right, duration=None>
253.5070 	EXP 	New trial (rep=17, index=4): <Trial 174 (4 in rep 17) data={'cue_arrow': '→', 'target_x': -0.5, 'condition': 'invalid', 'corr_Ans': 'left', 'thisN': 174, 'thisTrialN': 4, 'thisRepN': 17}>
253.5081 	DATA 	Keypress: right
253.5223 	EXP 	fixation: autoDraw = False
253.5223 	EXP 	cue_text: autoDraw = False
253.5223 	EXP 	target: autoDraw = False
253.5223 	EXP 	cue_text: text = '→'
253.5223 	EXP 	fixation: autoDraw = True
253.6575 	EXP 	Device response: <KeyPress from None: t=253.5051545000024, value=right, duration=0.13870979999774136>
254.0073 	EXP 	fixation: autoDraw = False
254.0073 	EXP 	cue_text: autoDraw = True
254.3073 	EXP 	cue_text: autoDraw = False
254.6079 	INFO 	Keyboard events cleared
254.6076 	EXP 	target: autoDraw = True
255.0064 	EXP 	Device response: <KeyPress from None: t=254.99345589999575, value=left, duration=None>
255.0068 	EXP 	New trial (rep=17, index=5): <Trial 175 (5 in rep 17) data={'cue_arrow': '←', 'target_x': -0.5, 'condition': 'valid', 'corr_Ans': 'left', 'thisN': 175, 'thisTrialN': 5, 'thisRepN': 17}>
255.0103 	DATA 	Keypress: left
255.0240 	EXP 	fixation: autoDraw = False
255.0240 	EXP 	cue_text: autoDraw = False
255.0240 	EXP 	target: autoDraw = False
255.0240 	EXP 	cue_text: height = np.float64(0.1)
255.0240 	EXP 	cue_text: height = np.float64(0.1)
255.0240 	EXP 	cue_text: height = np.float64(0.1)
255.0240 	EXP 	cue_text: text = '←'
255.0240 	EXP 	fixation: autoDraw = True
255.1566 	EXP 	Device response: <KeyPress from None: t=254.99345589999575, value=left, duration=0.16044910000346135>
255.5070 	EXP 	fixation: autoDraw = False
255.5070 	EXP 	cue_text: autoDraw = True
255.8233 	EXP 	cue_text: autoDraw = False
256.1072 	INFO 	Keyboard events cleared
256.1070 	EXP 	target: autoDraw = True
256.3910 	EXP 	Device response: <KeyPress from None: t=256.38281480000296, value=left, duration=None>
256.3915 	EXP 	New trial (rep=17, index=6): <Trial 176 (6 in rep 17) data={'cue_arrow': '←', 'target_x': -0.5, 'condition': 'valid', 'corr_Ans': 'left', 'thisN': 176, 'thisTrialN': 6, 'thisRepN': 17}>
256.3930 	DATA 	Keypress: left
256.4054 	EXP 	fixation: autoDraw = False
256.4054 	EXP 	cue_text: autoDraw = False
256.4054 	EXP 	target: autoDraw = False
256.4054 	EXP 	cue_text: text = '←'
256.4054 	EXP 	fixation: autoDraw = True
256.5575 	EXP 	Device response: <KeyPress from None: t=256.38281480000296, value=left, duration=0.16473769998992793>
256.9057 	EXP 	fixation: autoDraw = False
256.9057 	EXP 	cue_text: autoDraw = True
257.2074 	EXP 	cue_text: autoDraw = False
257.5075 	INFO 	Keyboard events cleared
257.5073 	EXP 	target: autoDraw = True
257.7560 	EXP 	Device response: <KeyPress from None: t=257.74730940000154, value=left, duration=None>
257.7564 	EXP 	New trial (rep=17, index=7): <Trial 177 (7 in rep 17) data={'cue_arrow': '→', 'target_x': 0.5, 'condition': 'valid', 'corr_Ans': 'right', 'thisN': 177, 'thisTrialN': 7, 'thisRepN': 17}>
257.7610 	DATA 	Keypress: left
257.7727 	EXP 	fixation: autoDraw = False
257.7727 	EXP 	cue_text: autoDraw = False
257.7727 	EXP 	target: autoDraw = False
257.7727 	EXP 	cue_text: height = np.float64(0.1)
257.7727 	EXP 	cue_text: height = np.float64(0.1)
257.7727 	EXP 	cue_text: height = np.float64(0.1)
257.7727 	EXP 	cue_text: text = '→'
257.7727 	EXP 	fixation: autoDraw = True
257.9073 	EXP 	Device response: <KeyPress from None: t=257.74730940000154, value=left, duration=0.15498130000196397>
258.2570 	EXP 	fixation: autoDraw = False
258.2570 	EXP 	cue_text: autoDraw = True
258.5568 	EXP 	cue_text: autoDraw = False
258.8560 	INFO 	Keyboard events cleared
258.8558 	EXP 	target: autoDraw = True
259.1394 	EXP 	Device response: <KeyPress from None: t=259.12655479999376, value=right, duration=None>
259.1399 	EXP 	New trial (rep=17, index=8): <Trial 178 (8 in rep 17) data={'cue_arrow': '←', 'target_x': -0.5, 'condition': 'valid', 'corr_Ans': 'left', 'thisN': 178, 'thisTrialN': 8, 'thisRepN': 17}>
259.1434 	DATA 	Keypress: right
259.1556 	EXP 	fixation: autoDraw = False
259.1556 	EXP 	cue_text: autoDraw = False
259.1556 	EXP 	target: autoDraw = False
259.1556 	EXP 	cue_text: height = np.float64(0.1)
259.1556 	EXP 	cue_text: height = np.float64(0.1)
259.1556 	EXP 	cue_text: height = np.float64(0.1)
259.1556 	EXP 	cue_text: text = '←'
259.1556 	EXP 	fixation: autoDraw = True
259.2415 	EXP 	Device response: <KeyPress from None: t=259.12655479999376, value=right, duration=0.1133445000014035>
259.6404 	EXP 	fixation: autoDraw = False
259.6404 	EXP 	cue_text: autoDraw = True
259.9405 	EXP 	cue_text: autoDraw = False
260.2406 	INFO 	Keyboard events cleared
260.2403 	EXP 	target: autoDraw = True
260.5231 	EXP 	Device response: <KeyPress from None: t=260.5146814999898, value=left, duration=None>
260.5235 	EXP 	New trial (rep=17, index=9): <Trial 179 (9 in rep 17) data={'cue_arrow': '→', 'target_x': 0.5, 'condition': 'valid', 'corr_Ans': 'right', 'thisN': 179, 'thisTrialN': 9, 'thisRepN': 17}>
260.5266 	DATA 	Keypress: left
260.5404 	EXP 	fixation: autoDraw = False
260.5404 	EXP 	cue_text: autoDraw = False
260.5404 	EXP 	target: autoDraw = False
260.5404 	EXP 	cue_text: height = np.float64(0.1)
260.5404 	EXP 	cue_text: height = np.float64(0.1)
260.5404 	EXP 	cue_text: height = np.float64(0.1)
260.5404 	EXP 	cue_text: text = '→'
260.5404 	EXP 	fixation: autoDraw = True
260.6738 	EXP 	Device response: <KeyPress from None: t=260.5146814999898, value=left, duration=0.1470862000132911>
261.0235 	EXP 	fixation: autoDraw = False
261.0235 	EXP 	cue_text: autoDraw = True
261.3224 	EXP 	cue_text: autoDraw = False
261.6241 	INFO 	Keyboard events cleared
261.6239 	EXP 	target: autoDraw = True
261.8573 	EXP 	Device response: <KeyPress from None: t=261.8547567999922, value=right, duration=None>
261.8577 	EXP 	New trial (rep=18, index=0): <Trial 180 (0 in rep 18) data={'cue_arrow': '←', 'target_x': -0.5, 'condition': 'valid', 'corr_Ans': 'left', 'thisN': 180, 'thisTrialN': 0, 'thisRepN': 18}>
261.8610 	DATA 	Keypress: right
261.8730 	EXP 	fixation: autoDraw = False
261.8730 	EXP 	cue_text: autoDraw = False
261.8730 	EXP 	target: autoDraw = False
261.8730 	EXP 	cue_text: height = np.float64(0.1)
261.8730 	EXP 	cue_text: height = np.float64(0.1)
261.8730 	EXP 	cue_text: height = np.float64(0.1)
261.8730 	EXP 	cue_text: text = '←'
261.8730 	EXP 	fixation: autoDraw = True
262.0226 	EXP 	Device response: <KeyPress from None: t=261.8547567999922, value=right, duration=0.15968670000438578>
262.3563 	EXP 	fixation: autoDraw = False
262.3563 	EXP 	cue_text: autoDraw = True
262.6573 	EXP 	cue_text: autoDraw = False
262.9575 	INFO 	Keyboard events cleared
262.9573 	EXP 	target: autoDraw = True
263.1905 	EXP 	Device response: <KeyPress from None: t=263.18393800000194, value=left, duration=None>
263.1910 	EXP 	New trial (rep=18, index=1): <Trial 181 (1 in rep 18) data={'cue_arrow': '←', 'target_x': -0.5, 'condition': 'valid', 'corr_Ans': 'left', 'thisN': 181, 'thisTrialN': 1, 'thisRepN': 18}>
263.1923 	DATA 	Keypress: left
263.2063 	EXP 	fixation: autoDraw = False
263.2063 	EXP 	cue_text: autoDraw = False
263.2063 	EXP 	target: autoDraw = False
263.2063 	EXP 	cue_text: text = '←'
263.2063 	EXP 	fixation: autoDraw = True
263.3069 	EXP 	Device response: <KeyPress from None: t=263.18393800000194, value=left, duration=0.11737700000230689>
263.7073 	EXP 	fixation: autoDraw = False
263.7073 	EXP 	cue_text: autoDraw = True
263.9908 	EXP 	cue_text: autoDraw = False
264.2906 	INFO 	Keyboard events cleared
264.2904 	EXP 	target: autoDraw = True
264.5404 	EXP 	Device response: <KeyPress from None: t=264.5370108999923, value=left, duration=None>
264.5407 	EXP 	New trial (rep=18, index=2): <Trial 182 (2 in rep 18) data={'cue_arrow': '→', 'target_x': 0.5, 'condition': 'valid', 'corr_Ans': 'right', 'thisN': 182, 'thisTrialN': 2, 'thisRepN': 18}>
264.5440 	DATA 	Keypress: left
264.5559 	EXP 	fixation: autoDraw = False
264.5559 	EXP 	cue_text: autoDraw = False
264.5559 	EXP 	target: autoDraw = False
264.5559 	EXP 	cue_text: height = np.float64(0.1)
264.5559 	EXP 	cue_text: height = np.float64(0.1)
264.5559 	EXP 	cue_text: height = np.float64(0.1)
264.5559 	EXP 	cue_text: text = '→'
264.5559 	EXP 	fixation: autoDraw = True
264.6908 	EXP 	Device response: <KeyPress from None: t=264.5370108999923, value=left, duration=0.14887499999895226>
265.0390 	EXP 	fixation: autoDraw = False
265.0390 	EXP 	cue_text: autoDraw = True
265.3403 	EXP 	cue_text: autoDraw = False
265.6404 	INFO 	Keyboard events cleared
265.6402 	EXP 	target: autoDraw = True
265.9071 	EXP 	Device response: <KeyPress from None: t=265.90427509999427, value=right, duration=None>
265.9076 	EXP 	New trial (rep=18, index=3): <Trial 183 (3 in rep 18) data={'cue_arrow': '←', 'target_x': 0.5, 'condition': 'invalid', 'corr_Ans': 'right', 'thisN': 183, 'thisTrialN': 3, 'thisRepN': 18}>
265.9115 	DATA 	Keypress: right
265.9221 	EXP 	fixation: autoDraw = False
265.9221 	EXP 	cue_text: autoDraw = False
265.9221 	EXP 	target: autoDraw = False
265.9221 	EXP 	cue_text: height = np.float64(0.1)
265.9221 	EXP 	cue_text: height = np.float64(0.1)
265.9221 	EXP 	cue_text: height = np.float64(0.1)
265.9221 	EXP 	cue_text: text = '←'
265.9221 	EXP 	fixation: autoDraw = True
266.0396 	EXP 	Device response: <KeyPress from None: t=265.90427509999427, value=right, duration=0.1196944999974221>
266.4072 	EXP 	fixation: autoDraw = False
266.4072 	EXP 	cue_text: autoDraw = True
266.7073 	EXP 	cue_text: autoDraw = False
267.0073 	INFO 	Keyboard events cleared
267.0071 	EXP 	target: autoDraw = True
267.3912 	EXP 	Device response: <KeyPress from None: t=267.38351050000347, value=right, duration=None>
267.3916 	EXP 	New trial (rep=18, index=4): <Trial 184 (4 in rep 18) data={'cue_arrow': '→', 'target_x': 0.5, 'condition': 'valid', 'corr_Ans': 'right', 'thisN': 184, 'thisTrialN': 4, 'thisRepN': 18}>
267.3952 	DATA 	Keypress: right
267.4051 	EXP 	fixation: autoDraw = False
267.4051 	EXP 	cue_text: autoDraw = False
267.4051 	EXP 	target: autoDraw = False
267.4051 	EXP 	cue_text: height = np.float64(0.1)
267.4051 	EXP 	cue_text: height = np.float64(0.1)
267.4051 	EXP 	cue_text: height = np.float64(0.1)
267.4051 	EXP 	cue_text: text = '→'
267.4051 	EXP 	fixation: autoDraw = True
267.5407 	EXP 	Device response: <KeyPress from None: t=267.38351050000347, value=right, duration=0.1472893999889493>
267.9074 	EXP 	fixation: autoDraw = False
267.9074 	EXP 	cue_text: autoDraw = True
268.1909 	EXP 	cue_text: autoDraw = False
268.5058 	INFO 	Keyboard events cleared
268.5056 	EXP 	target: autoDraw = True
268.7914 	DATA 	Keypress: right
268.8064 	EXP 	Device response: <KeyPress from None: t=268.7908183999971, value=right, duration=None>
268.8069 	EXP 	New trial (rep=18, index=5): <Trial 185 (5 in rep 18) data={'cue_arrow': '←', 'target_x': -0.5, 'condition': 'valid', 'corr_Ans': 'left', 'thisN': 185, 'thisTrialN': 5, 'thisRepN': 18}>
268.8238 	EXP 	fixation: autoDraw = False
268.8238 	EXP 	cue_text: autoDraw = False
268.8238 	EXP 	target: autoDraw = False
268.8238 	EXP 	cue_text: height = np.float64(0.1)
268.8238 	EXP 	cue_text: height = np.float64(0.1)
268.8238 	EXP 	cue_text: height = np.float64(0.1)
268.8238 	EXP 	cue_text: text = '←'
268.8238 	EXP 	fixation: autoDraw = True
268.9399 	EXP 	Device response: <KeyPress from None: t=268.7908183999971, value=right, duration=0.1400742999976501>
269.3074 	EXP 	fixation: autoDraw = False
269.3074 	EXP 	cue_text: autoDraw = True
269.6057 	EXP 	cue_text: autoDraw = False
269.9076 	INFO 	Keyboard events cleared
269.9074 	EXP 	target: autoDraw = True
270.1909 	EXP 	Device response: <KeyPress from None: t=270.17668109999795, value=left, duration=None>
270.1914 	EXP 	New trial (rep=18, index=6): <Trial 186 (6 in rep 18) data={'cue_arrow': '←', 'target_x': -0.5, 'condition': 'valid', 'corr_Ans': 'left', 'thisN': 186, 'thisTrialN': 6, 'thisRepN': 18}>
270.1929 	DATA 	Keypress: left
270.2068 	EXP 	fixation: autoDraw = False
270.2068 	EXP 	cue_text: autoDraw = False
270.2068 	EXP 	target: autoDraw = False
270.2068 	EXP 	cue_text: text = '←'
270.2068 	EXP 	fixation: autoDraw = True
270.2727 	EXP 	Device response: <KeyPress from None: t=270.17668109999795, value=left, duration=0.09155949999694712>
270.6910 	EXP 	fixation: autoDraw = False
270.6910 	EXP 	cue_text: autoDraw = True
270.9902 	EXP 	cue_text: autoDraw = False
271.2906 	INFO 	Keyboard events cleared
271.2904 	EXP 	target: autoDraw = True
271.5732 	EXP 	Device response: <KeyPress from None: t=271.5701418999961, value=left, duration=None>
271.5735 	EXP 	New trial (rep=18, index=7): <Trial 187 (7 in rep 18) data={'cue_arrow': '→', 'target_x': -0.5, 'condition': 'invalid', 'corr_Ans': 'left', 'thisN': 187, 'thisTrialN': 7, 'thisRepN': 18}>
271.5773 	DATA 	Keypress: left
271.5892 	EXP 	fixation: autoDraw = False
271.5892 	EXP 	cue_text: autoDraw = False
271.5892 	EXP 	target: autoDraw = False
271.5892 	EXP 	cue_text: height = np.float64(0.1)
271.5892 	EXP 	cue_text: height = np.float64(0.1)
271.5892 	EXP 	cue_text: height = np.float64(0.1)
271.5892 	EXP 	cue_text: text = '→'
271.5892 	EXP 	fixation: autoDraw = True
271.6908 	EXP 	Device response: <KeyPress from None: t=271.5701418999961, value=left, duration=0.10502719999931287>
272.0734 	EXP 	fixation: autoDraw = False
272.0734 	EXP 	cue_text: autoDraw = True
272.3741 	EXP 	cue_text: autoDraw = False
272.6728 	INFO 	Keyboard events cleared
272.6726 	EXP 	target: autoDraw = True
273.1064 	EXP 	Device response: <KeyPress from None: t=273.105381100002, value=left, duration=None>
273.1067 	EXP 	New trial (rep=18, index=8): <Trial 188 (8 in rep 18) data={'cue_arrow': '→', 'target_x': 0.5, 'condition': 'valid', 'corr_Ans': 'right', 'thisN': 188, 'thisTrialN': 8, 'thisRepN': 18}>
273.1080 	DATA 	Keypress: left
273.1226 	EXP 	fixation: autoDraw = False
273.1226 	EXP 	cue_text: autoDraw = False
273.1226 	EXP 	target: autoDraw = False
273.1226 	EXP 	cue_text: text = '→'
273.1226 	EXP 	fixation: autoDraw = True
273.2900 	EXP 	Device response: <KeyPress from None: t=273.105381100002, value=left, duration=0.1718745999969542>
273.6076 	EXP 	fixation: autoDraw = False
273.6076 	EXP 	cue_text: autoDraw = True
273.9072 	EXP 	cue_text: autoDraw = False
274.2060 	INFO 	Keyboard events cleared
274.2058 	EXP 	target: autoDraw = True
274.4732 	EXP 	Device response: <KeyPress from None: t=274.4706812999939, value=right, duration=None>
274.4736 	EXP 	New trial (rep=18, index=9): <Trial 189 (9 in rep 18) data={'cue_arrow': '→', 'target_x': 0.5, 'condition': 'valid', 'corr_Ans': 'right', 'thisN': 189, 'thisTrialN': 9, 'thisRepN': 18}>
274.4749 	DATA 	Keypress: right
274.4903 	EXP 	fixation: autoDraw = False
274.4903 	EXP 	cue_text: autoDraw = False
274.4903 	EXP 	target: autoDraw = False
274.4903 	EXP 	cue_text: text = '→'
274.4903 	EXP 	fixation: autoDraw = True
274.6230 	EXP 	Device response: <KeyPress from None: t=274.4706812999939, value=right, duration=0.13650970000890084>
274.9740 	EXP 	fixation: autoDraw = False
274.9740 	EXP 	cue_text: autoDraw = True
275.2744 	EXP 	cue_text: autoDraw = False
275.5741 	INFO 	Keyboard events cleared
275.5739 	EXP 	target: autoDraw = True
275.8917 	DATA 	Keypress: right
275.9067 	EXP 	Device response: <KeyPress from None: t=275.89066849999654, value=right, duration=None>
275.9070 	EXP 	New trial (rep=19, index=0): <Trial 190 (0 in rep 19) data={'cue_arrow': '←', 'target_x': -0.5, 'condition': 'valid', 'corr_Ans': 'left', 'thisN': 190, 'thisTrialN': 0, 'thisRepN': 19}>
275.9224 	EXP 	fixation: autoDraw = False
275.9224 	EXP 	cue_text: autoDraw = False
275.9224 	EXP 	target: autoDraw = False
275.9224 	EXP 	cue_text: height = np.float64(0.1)
275.9224 	EXP 	cue_text: height = np.float64(0.1)
275.9224 	EXP 	cue_text: height = np.float64(0.1)
275.9224 	EXP 	cue_text: text = '←'
275.9224 	EXP 	fixation: autoDraw = True
276.0412 	EXP 	Device response: <KeyPress from None: t=275.89066849999654, value=right, duration=0.1399398000066867>
276.4070 	EXP 	fixation: autoDraw = False
276.4070 	EXP 	cue_text: autoDraw = True
276.7077 	EXP 	cue_text: autoDraw = False
277.0066 	INFO 	Keyboard events cleared
277.0064 	EXP 	target: autoDraw = True
277.3070 	EXP 	Device response: <KeyPress from None: t=277.3032167999918, value=left, duration=None>
277.3075 	EXP 	New trial (rep=19, index=1): <Trial 191 (1 in rep 19) data={'cue_arrow': '→', 'target_x': 0.5, 'condition': 'valid', 'corr_Ans': 'right', 'thisN': 191, 'thisTrialN': 1, 'thisRepN': 19}>
277.3107 	DATA 	Keypress: left
277.3227 	EXP 	fixation: autoDraw = False
277.3227 	EXP 	cue_text: autoDraw = False
277.3227 	EXP 	target: autoDraw = False
277.3227 	EXP 	cue_text: height = np.float64(0.1)
277.3227 	EXP 	cue_text: height = np.float64(0.1)
277.3227 	EXP 	cue_text: height = np.float64(0.1)
277.3227 	EXP 	cue_text: text = '→'
277.3227 	EXP 	fixation: autoDraw = True
277.4079 	EXP 	Device response: <KeyPress from None: t=277.3032167999918, value=left, duration=0.09717290000116918>
277.8072 	EXP 	fixation: autoDraw = False
277.8072 	EXP 	cue_text: autoDraw = True
278.1076 	EXP 	cue_text: autoDraw = False
278.4250 	INFO 	Keyboard events cleared
278.4248 	EXP 	target: autoDraw = True
278.6912 	DATA 	Keypress: right
278.7074 	EXP 	Device response: <KeyPress from None: t=278.6899129999947, value=right, duration=None>
278.7078 	EXP 	New trial (rep=19, index=2): <Trial 192 (2 in rep 19) data={'cue_arrow': '→', 'target_x': 0.5, 'condition': 'valid', 'corr_Ans': 'right', 'thisN': 192, 'thisTrialN': 2, 'thisRepN': 19}>
278.7232 	EXP 	fixation: autoDraw = False
278.7232 	EXP 	cue_text: autoDraw = False
278.7232 	EXP 	target: autoDraw = False
278.7232 	EXP 	cue_text: text = '→'
278.7232 	EXP 	fixation: autoDraw = True
278.8415 	EXP 	Device response: <KeyPress from None: t=278.6899129999947, value=right, duration=0.13761400000657886>
279.2069 	EXP 	fixation: autoDraw = False
279.2069 	EXP 	cue_text: autoDraw = True
279.5224 	EXP 	cue_text: autoDraw = False
279.8080 	INFO 	Keyboard events cleared
279.8078 	EXP 	target: autoDraw = True
280.1567 	EXP 	Device response: <KeyPress from None: t=280.1529845999903, value=right, duration=None>
280.1570 	EXP 	New trial (rep=19, index=3): <Trial 193 (3 in rep 19) data={'cue_arrow': '←', 'target_x': -0.5, 'condition': 'valid', 'corr_Ans': 'left', 'thisN': 193, 'thisTrialN': 3, 'thisRepN': 19}>
280.1606 	DATA 	Keypress: right
280.1724 	EXP 	fixation: autoDraw = False
280.1724 	EXP 	cue_text: autoDraw = False
280.1724 	EXP 	target: autoDraw = False
280.1724 	EXP 	cue_text: height = np.float64(0.1)
280.1724 	EXP 	cue_text: height = np.float64(0.1)
280.1724 	EXP 	cue_text: height = np.float64(0.1)
280.1724 	EXP 	cue_text: text = '←'
280.1724 	EXP 	fixation: autoDraw = True
280.2742 	EXP 	Device response: <KeyPress from None: t=280.1529845999903, value=right, duration=0.12050140000064857>
280.6572 	EXP 	fixation: autoDraw = False
280.6572 	EXP 	cue_text: autoDraw = True
280.9573 	EXP 	cue_text: autoDraw = False
281.2576 	INFO 	Keyboard events cleared
281.2574 	EXP 	target: autoDraw = True
281.5410 	EXP 	Device response: <KeyPress from None: t=281.53383709999616, value=left, duration=None>
281.5414 	EXP 	New trial (rep=19, index=4): <Trial 194 (4 in rep 19) data={'cue_arrow': '→', 'target_x': -0.5, 'condition': 'invalid', 'corr_Ans': 'left', 'thisN': 194, 'thisTrialN': 4, 'thisRepN': 19}>
281.5446 	DATA 	Keypress: left
281.5567 	EXP 	fixation: autoDraw = False
281.5567 	EXP 	cue_text: autoDraw = False
281.5567 	EXP 	target: autoDraw = False
281.5567 	EXP 	cue_text: height = np.float64(0.1)
281.5567 	EXP 	cue_text: height = np.float64(0.1)
281.5567 	EXP 	cue_text: height = np.float64(0.1)
281.5567 	EXP 	cue_text: text = '→'
281.5567 	EXP 	fixation: autoDraw = True
281.6740 	EXP 	Device response: <KeyPress from None: t=281.53383709999616, value=left, duration=0.13463970000157133>
282.0410 	EXP 	fixation: autoDraw = False
282.0410 	EXP 	cue_text: autoDraw = True
282.3573 	EXP 	cue_text: autoDraw = False
282.6408 	INFO 	Keyboard events cleared
282.6406 	EXP 	target: autoDraw = True
283.0418 	DATA 	Keypress: left
283.0565 	EXP 	Device response: <KeyPress from None: t=283.04060720000416, value=left, duration=None>
283.0569 	EXP 	New trial (rep=19, index=5): <Trial 195 (5 in rep 19) data={'cue_arrow': '←', 'target_x': 0.5, 'condition': 'invalid', 'corr_Ans': 'right', 'thisN': 195, 'thisTrialN': 5, 'thisRepN': 19}>
283.0734 	EXP 	fixation: autoDraw = False
283.0734 	EXP 	cue_text: autoDraw = False
283.0734 	EXP 	target: autoDraw = False
283.0734 	EXP 	cue_text: height = np.float64(0.1)
283.0734 	EXP 	cue_text: height = np.float64(0.1)
283.0734 	EXP 	cue_text: height = np.float64(0.1)
283.0734 	EXP 	cue_text: text = '←'
283.0734 	EXP 	fixation: autoDraw = True
283.1903 	EXP 	Device response: <KeyPress from None: t=283.04060720000416, value=left, duration=0.14155899999605026>
283.5578 	EXP 	fixation: autoDraw = False
283.5578 	EXP 	cue_text: autoDraw = True
283.8561 	EXP 	cue_text: autoDraw = False
284.1576 	INFO 	Keyboard events cleared
284.1574 	EXP 	target: autoDraw = True
284.5069 	EXP 	Device response: <KeyPress from None: t=284.50053489999846, value=right, duration=None>
284.5073 	EXP 	New trial (rep=19, index=6): <Trial 196 (6 in rep 19) data={'cue_arrow': '→', 'target_x': 0.5, 'condition': 'valid', 'corr_Ans': 'right', 'thisN': 196, 'thisTrialN': 6, 'thisRepN': 19}>
284.5114 	DATA 	Keypress: right
284.5233 	EXP 	fixation: autoDraw = False
284.5233 	EXP 	cue_text: autoDraw = False
284.5233 	EXP 	target: autoDraw = False
284.5233 	EXP 	cue_text: height = np.float64(0.1)
284.5233 	EXP 	cue_text: height = np.float64(0.1)
284.5233 	EXP 	cue_text: height = np.float64(0.1)
284.5233 	EXP 	cue_text: text = '→'
284.5233 	EXP 	fixation: autoDraw = True
284.6575 	EXP 	Device response: <KeyPress from None: t=284.50053489999846, value=right, duration=0.14222670000162907>
285.0073 	EXP 	fixation: autoDraw = False
285.0073 	EXP 	cue_text: autoDraw = True
285.3074 	EXP 	cue_text: autoDraw = False
285.6062 	INFO 	Keyboard events cleared
285.6061 	EXP 	target: autoDraw = True
285.9408 	EXP 	Device response: <KeyPress from None: t=285.9310908000043, value=right, duration=None>
285.9412 	EXP 	New trial (rep=19, index=7): <Trial 197 (7 in rep 19) data={'cue_arrow': '←', 'target_x': -0.5, 'condition': 'valid', 'corr_Ans': 'left', 'thisN': 197, 'thisTrialN': 7, 'thisRepN': 19}>
285.9443 	DATA 	Keypress: right
285.9576 	EXP 	fixation: autoDraw = False
285.9576 	EXP 	cue_text: autoDraw = False
285.9576 	EXP 	target: autoDraw = False
285.9576 	EXP 	cue_text: height = np.float64(0.1)
285.9576 	EXP 	cue_text: height = np.float64(0.1)
285.9576 	EXP 	cue_text: height = np.float64(0.1)
285.9576 	EXP 	cue_text: text = '←'
285.9576 	EXP 	fixation: autoDraw = True
286.0732 	EXP 	Device response: <KeyPress from None: t=285.9310908000043, value=right, duration=0.140005299996119>
286.4405 	EXP 	fixation: autoDraw = False
286.4405 	EXP 	cue_text: autoDraw = True
286.7407 	EXP 	cue_text: autoDraw = False
287.0407 	INFO 	Keyboard events cleared
287.0405 	EXP 	target: autoDraw = True
287.3911 	EXP 	Device response: <KeyPress from None: t=287.38856359999045, value=left, duration=None>
287.3916 	EXP 	New trial (rep=19, index=8): <Trial 198 (8 in rep 19) data={'cue_arrow': '←', 'target_x': -0.5, 'condition': 'valid', 'corr_Ans': 'left', 'thisN': 198, 'thisTrialN': 8, 'thisRepN': 19}>
287.3929 	DATA 	Keypress: left
287.4063 	EXP 	fixation: autoDraw = False
287.4063 	EXP 	cue_text: autoDraw = False
287.4063 	EXP 	target: autoDraw = False
287.4063 	EXP 	cue_text: text = '←'
287.4063 	EXP 	fixation: autoDraw = True
287.5411 	EXP 	Device response: <KeyPress from None: t=287.38856359999045, value=left, duration=0.15130710000812542>
287.8912 	EXP 	fixation: autoDraw = False
287.8912 	EXP 	cue_text: autoDraw = True
288.1911 	EXP 	cue_text: autoDraw = False
288.4911 	INFO 	Keyboard events cleared
288.4908 	EXP 	target: autoDraw = True
288.8744 	DATA 	Keypress: left
288.8900 	EXP 	Device response: <KeyPress from None: t=288.873001999993, value=left, duration=None>
288.8904 	EXP 	New trial (rep=19, index=9): <Trial 199 (9 in rep 19) data={'cue_arrow': '→', 'target_x': 0.5, 'condition': 'valid', 'corr_Ans': 'right', 'thisN': 199, 'thisTrialN': 9, 'thisRepN': 19}>
288.9061 	EXP 	fixation: autoDraw = False
288.9061 	EXP 	cue_text: autoDraw = False
288.9061 	EXP 	target: autoDraw = False
288.9061 	EXP 	cue_text: height = np.float64(0.1)
288.9061 	EXP 	cue_text: height = np.float64(0.1)
288.9061 	EXP 	cue_text: height = np.float64(0.1)
288.9061 	EXP 	cue_text: text = '→'
288.9061 	EXP 	fixation: autoDraw = True
289.0402 	EXP 	Device response: <KeyPress from None: t=288.873001999993, value=left, duration=0.15466280000691768>
289.3909 	EXP 	fixation: autoDraw = False
289.3909 	EXP 	cue_text: autoDraw = True
289.6903 	EXP 	cue_text: autoDraw = False
289.9897 	INFO 	Keyboard events cleared
289.9895 	EXP 	target: autoDraw = True
290.2734 	EXP 	Device response: <KeyPress from None: t=290.2622601000039, value=right, duration=None>
290.2738 	EXP 	New trial (rep=20, index=0): <Trial 200 (0 in rep 20) data={'cue_arrow': '→', 'target_x': -0.5, 'condition': 'invalid', 'corr_Ans': 'left', 'thisN': 200, 'thisTrialN': 0, 'thisRepN': 20}>
290.2754 	DATA 	Keypress: right
290.2909 	EXP 	fixation: autoDraw = False
290.2909 	EXP 	cue_text: autoDraw = False
290.2909 	EXP 	target: autoDraw = False
290.2909 	EXP 	cue_text: text = '→'
290.2909 	EXP 	fixation: autoDraw = True
290.4402 	EXP 	Device response: <KeyPress from None: t=290.2622601000039, value=right, duration=0.1646030999982031>
290.7745 	EXP 	fixation: autoDraw = False
290.7745 	EXP 	cue_text: autoDraw = True
291.0741 	EXP 	cue_text: autoDraw = False
291.3747 	INFO 	Keyboard events cleared
291.3745 	EXP 	target: autoDraw = True
291.6900 	EXP 	Device response: <KeyPress from None: t=291.67611410000245, value=left, duration=None>
291.6905 	EXP 	New trial (rep=20, index=1): <Trial 201 (1 in rep 20) data={'cue_arrow': '←', 'target_x': -0.5, 'condition': 'valid', 'corr_Ans': 'left', 'thisN': 201, 'thisTrialN': 1, 'thisRepN': 20}>
291.6936 	DATA 	Keypress: left
291.7073 	EXP 	fixation: autoDraw = False
291.7073 	EXP 	cue_text: autoDraw = False
291.7073 	EXP 	target: autoDraw = False
291.7073 	EXP 	cue_text: height = np.float64(0.1)
291.7073 	EXP 	cue_text: height = np.float64(0.1)
291.7073 	EXP 	cue_text: height = np.float64(0.1)
291.7073 	EXP 	cue_text: text = '←'
291.7073 	EXP 	fixation: autoDraw = True
291.8234 	EXP 	Device response: <KeyPress from None: t=291.67611410000245, value=left, duration=0.13606150000123307>
292.1913 	EXP 	fixation: autoDraw = False
292.1913 	EXP 	cue_text: autoDraw = True
292.4906 	EXP 	cue_text: autoDraw = False
292.7897 	INFO 	Keyboard events cleared
292.7895 	EXP 	target: autoDraw = True
293.1741 	EXP 	Device response: <KeyPress from None: t=293.1698247000022, value=left, duration=None>
293.1745 	EXP 	New trial (rep=20, index=2): <Trial 202 (2 in rep 20) data={'cue_arrow': '→', 'target_x': 0.5, 'condition': 'valid', 'corr_Ans': 'right', 'thisN': 202, 'thisTrialN': 2, 'thisRepN': 20}>
293.1784 	DATA 	Keypress: left
293.1905 	EXP 	fixation: autoDraw = False
293.1905 	EXP 	cue_text: autoDraw = False
293.1905 	EXP 	target: autoDraw = False
293.1905 	EXP 	cue_text: height = np.float64(0.1)
293.1905 	EXP 	cue_text: height = np.float64(0.1)
293.1905 	EXP 	cue_text: height = np.float64(0.1)
293.1905 	EXP 	cue_text: text = '→'
293.1905 	EXP 	fixation: autoDraw = True
293.2734 	EXP 	Device response: <KeyPress from None: t=293.1698247000022, value=left, duration=0.09877209999831393>
293.6749 	EXP 	fixation: autoDraw = False
293.6749 	EXP 	cue_text: autoDraw = True
293.9728 	EXP 	cue_text: autoDraw = False
294.2747 	INFO 	Keyboard events cleared
294.2745 	EXP 	target: autoDraw = True
294.5900 	EXP 	Device response: <KeyPress from None: t=294.5858253999904, value=right, duration=None>
294.5903 	EXP 	New trial (rep=20, index=3): <Trial 203 (3 in rep 20) data={'cue_arrow': '←', 'target_x': -0.5, 'condition': 'valid', 'corr_Ans': 'left', 'thisN': 203, 'thisTrialN': 3, 'thisRepN': 20}>
294.5933 	DATA 	Keypress: right
294.6067 	EXP 	fixation: autoDraw = False
294.6067 	EXP 	cue_text: autoDraw = False
294.6067 	EXP 	target: autoDraw = False
294.6067 	EXP 	cue_text: height = np.float64(0.1)
294.6067 	EXP 	cue_text: height = np.float64(0.1)
294.6067 	EXP 	cue_text: height = np.float64(0.1)
294.6067 	EXP 	cue_text: text = '←'
294.6067 	EXP 	fixation: autoDraw = True
294.7569 	EXP 	Device response: <KeyPress from None: t=294.5858253999904, value=right, duration=0.15663000001222827>
295.0908 	EXP 	fixation: autoDraw = False
295.0908 	EXP 	cue_text: autoDraw = True
295.3908 	EXP 	cue_text: autoDraw = False
295.6910 	INFO 	Keyboard events cleared
295.6908 	EXP 	target: autoDraw = True
295.9736 	EXP 	Device response: <KeyPress from None: t=295.9668617999996, value=left, duration=None>
295.9741 	EXP 	New trial (rep=20, index=4): <Trial 204 (4 in rep 20) data={'cue_arrow': '←', 'target_x': -0.5, 'condition': 'valid', 'corr_Ans': 'left', 'thisN': 204, 'thisTrialN': 4, 'thisRepN': 20}>
295.9754 	DATA 	Keypress: left
295.9912 	EXP 	fixation: autoDraw = False
295.9912 	EXP 	cue_text: autoDraw = False
295.9912 	EXP 	target: autoDraw = False
295.9912 	EXP 	cue_text: text = '←'
295.9912 	EXP 	fixation: autoDraw = True
296.1236 	EXP 	Device response: <KeyPress from None: t=295.9668617999996, value=left, duration=0.1410864999925252>
296.4746 	EXP 	fixation: autoDraw = False
296.4746 	EXP 	cue_text: autoDraw = True
296.7895 	EXP 	cue_text: autoDraw = False
297.0748 	INFO 	Keyboard events cleared
297.0746 	EXP 	target: autoDraw = True
297.3236 	EXP 	Device response: <KeyPress from None: t=297.3124900999974, value=left, duration=None>
297.3241 	EXP 	New trial (rep=20, index=5): <Trial 205 (5 in rep 20) data={'cue_arrow': '←', 'target_x': -0.5, 'condition': 'valid', 'corr_Ans': 'left', 'thisN': 205, 'thisTrialN': 5, 'thisRepN': 20}>
297.3254 	DATA 	Keypress: left
297.3396 	EXP 	fixation: autoDraw = False
297.3396 	EXP 	cue_text: autoDraw = False
297.3396 	EXP 	target: autoDraw = False
297.3396 	EXP 	cue_text: text = '←'
297.3396 	EXP 	fixation: autoDraw = True
297.4576 	EXP 	Device response: <KeyPress from None: t=297.3124900999974, value=left, duration=0.14252910000504926>
297.8245 	EXP 	fixation: autoDraw = False
297.8245 	EXP 	cue_text: autoDraw = True
298.1246 	EXP 	cue_text: autoDraw = False
298.4246 	INFO 	Keyboard events cleared
298.4244 	EXP 	target: autoDraw = True
298.6586 	DATA 	Keypress: left
298.6749 	EXP 	Device response: <KeyPress from None: t=298.65707079999265, value=left, duration=None>
298.6753 	EXP 	New trial (rep=20, index=6): <Trial 206 (6 in rep 20) data={'cue_arrow': '←', 'target_x': 0.5, 'condition': 'invalid', 'corr_Ans': 'right', 'thisN': 206, 'thisTrialN': 6, 'thisRepN': 20}>
298.6897 	EXP 	fixation: autoDraw = False
298.6897 	EXP 	cue_text: autoDraw = False
298.6897 	EXP 	target: autoDraw = False
298.6897 	EXP 	cue_text: text = '←'
298.6897 	EXP 	fixation: autoDraw = True
298.8073 	EXP 	Device response: <KeyPress from None: t=298.65707079999265, value=left, duration=0.14364220001152717>
299.1741 	EXP 	fixation: autoDraw = False
299.1741 	EXP 	cue_text: autoDraw = True
299.4913 	EXP 	cue_text: autoDraw = False
299.7732 	INFO 	Keyboard events cleared
299.7730 	EXP 	target: autoDraw = True
300.1423 	DATA 	Keypress: right
300.1587 	EXP 	Device response: <KeyPress from None: t=300.14094539999496, value=right, duration=None>
300.1592 	EXP 	New trial (rep=20, index=7): <Trial 207 (7 in rep 20) data={'cue_arrow': '→', 'target_x': 0.5, 'condition': 'valid', 'corr_Ans': 'right', 'thisN': 207, 'thisTrialN': 7, 'thisRepN': 20}>
300.1729 	EXP 	fixation: autoDraw = False
300.1729 	EXP 	cue_text: autoDraw = False
300.1729 	EXP 	target: autoDraw = False
300.1729 	EXP 	cue_text: height = np.float64(0.1)
300.1729 	EXP 	cue_text: height = np.float64(0.1)
300.1729 	EXP 	cue_text: height = np.float64(0.1)
300.1729 	EXP 	cue_text: text = '→'
300.1729 	EXP 	fixation: autoDraw = True
300.2902 	EXP 	Device response: <KeyPress from None: t=300.14094539999496, value=right, duration=0.13542550000420306>
300.6741 	EXP 	fixation: autoDraw = False
300.6741 	EXP 	cue_text: autoDraw = True
300.9746 	EXP 	cue_text: autoDraw = False
301.2750 	INFO 	Keyboard events cleared
301.2748 	EXP 	target: autoDraw = True
301.6570 	EXP 	Device response: <KeyPress from None: t=301.6501542999904, value=right, duration=None>
301.6573 	EXP 	New trial (rep=20, index=8): <Trial 208 (8 in rep 20) data={'cue_arrow': '→', 'target_x': 0.5, 'condition': 'valid', 'corr_Ans': 'right', 'thisN': 208, 'thisTrialN': 8, 'thisRepN': 20}>
301.6585 	DATA 	Keypress: right
301.6730 	EXP 	fixation: autoDraw = False
301.6730 	EXP 	cue_text: autoDraw = False
301.6730 	EXP 	target: autoDraw = False
301.6730 	EXP 	cue_text: text = '→'
301.6730 	EXP 	fixation: autoDraw = True
301.8071 	EXP 	Device response: <KeyPress from None: t=301.6501542999904, value=right, duration=0.14019990000815596>
302.1578 	EXP 	fixation: autoDraw = False
302.1578 	EXP 	cue_text: autoDraw = True
302.4577 	EXP 	cue_text: autoDraw = False
302.7579 	INFO 	Keyboard events cleared
302.7578 	EXP 	target: autoDraw = True
303.1241 	EXP 	Device response: <KeyPress from None: t=303.1097188999993, value=right, duration=None>
303.1244 	EXP 	New trial (rep=20, index=9): <Trial 209 (9 in rep 20) data={'cue_arrow': '→', 'target_x': 0.5, 'condition': 'valid', 'corr_Ans': 'right', 'thisN': 209, 'thisTrialN': 9, 'thisRepN': 20}>
303.1256 	DATA 	Keypress: right
303.1397 	EXP 	fixation: autoDraw = False
303.1397 	EXP 	cue_text: autoDraw = False
303.1397 	EXP 	target: autoDraw = False
303.1397 	EXP 	cue_text: text = '→'
303.1397 	EXP 	fixation: autoDraw = True
303.2572 	EXP 	Device response: <KeyPress from None: t=303.1097188999993, value=right, duration=0.13710849999915808>
303.6238 	EXP 	fixation: autoDraw = False
303.6238 	EXP 	cue_text: autoDraw = True
303.9248 	EXP 	cue_text: autoDraw = False
304.2250 	INFO 	Keyboard events cleared
304.2247 	EXP 	target: autoDraw = True
304.5239 	EXP 	Device response: <KeyPress from None: t=304.5148665000015, value=right, duration=None>
304.5244 	EXP 	New trial (rep=21, index=0): <Trial 210 (0 in rep 21) data={'cue_arrow': '→', 'target_x': 0.5, 'condition': 'valid', 'corr_Ans': 'right', 'thisN': 210, 'thisTrialN': 0, 'thisRepN': 21}>
304.5256 	DATA 	Keypress: right
304.5413 	EXP 	fixation: autoDraw = False
304.5413 	EXP 	cue_text: autoDraw = False
304.5413 	EXP 	target: autoDraw = False
304.5413 	EXP 	cue_text: text = '→'
304.5413 	EXP 	fixation: autoDraw = True
304.6735 	EXP 	Device response: <KeyPress from None: t=304.5148665000015, value=right, duration=0.14961049999692477>
305.0248 	EXP 	fixation: autoDraw = False
305.0248 	EXP 	cue_text: autoDraw = True
305.3241 	EXP 	cue_text: autoDraw = False
305.6247 	INFO 	Keyboard events cleared
305.6245 	EXP 	target: autoDraw = True
305.9576 	EXP 	Device response: <KeyPress from None: t=305.94385499999044, value=right, duration=None>
305.9580 	EXP 	New trial (rep=21, index=1): <Trial 211 (1 in rep 21) data={'cue_arrow': '←', 'target_x': 0.5, 'condition': 'invalid', 'corr_Ans': 'right', 'thisN': 211, 'thisTrialN': 1, 'thisRepN': 21}>
305.9610 	DATA 	Keypress: right
305.9745 	EXP 	fixation: autoDraw = False
305.9745 	EXP 	cue_text: autoDraw = False
305.9745 	EXP 	target: autoDraw = False
305.9745 	EXP 	cue_text: height = np.float64(0.1)
305.9745 	EXP 	cue_text: height = np.float64(0.1)
305.9745 	EXP 	cue_text: height = np.float64(0.1)
305.9745 	EXP 	cue_text: text = '←'
305.9745 	EXP 	fixation: autoDraw = True
306.0742 	EXP 	Device response: <KeyPress from None: t=305.94385499999044, value=right, duration=0.12111030000960454>
306.4568 	EXP 	fixation: autoDraw = False
306.4568 	EXP 	cue_text: autoDraw = True
306.7580 	EXP 	cue_text: autoDraw = False
307.0584 	INFO 	Keyboard events cleared
307.0582 	EXP 	target: autoDraw = True
307.4912 	EXP 	Device response: <KeyPress from None: t=307.4785486000037, value=right, duration=None>
307.4916 	EXP 	New trial (rep=21, index=2): <Trial 212 (2 in rep 21) data={'cue_arrow': '→', 'target_x': -0.5, 'condition': 'invalid', 'corr_Ans': 'left', 'thisN': 212, 'thisTrialN': 2, 'thisRepN': 21}>
307.4950 	DATA 	Keypress: right
307.5079 	EXP 	fixation: autoDraw = False
307.5079 	EXP 	cue_text: autoDraw = False
307.5079 	EXP 	target: autoDraw = False
307.5079 	EXP 	cue_text: height = np.float64(0.1)
307.5079 	EXP 	cue_text: height = np.float64(0.1)
307.5079 	EXP 	cue_text: height = np.float64(0.1)
307.5079 	EXP 	cue_text: text = '→'
307.5079 	EXP 	fixation: autoDraw = True
307.6254 	EXP 	Device response: <KeyPress from None: t=307.4785486000037, value=right, duration=0.13463259999116417>
308.0078 	EXP 	fixation: autoDraw = False
308.0078 	EXP 	cue_text: autoDraw = True
308.2915 	EXP 	cue_text: autoDraw = False
308.5915 	INFO 	Keyboard events cleared
308.5913 	EXP 	target: autoDraw = True
308.9569 	EXP 	Device response: <KeyPress from None: t=308.9536617999984, value=left, duration=None>
308.9574 	EXP 	New trial (rep=21, index=3): <Trial 213 (3 in rep 21) data={'cue_arrow': '→', 'target_x': 0.5, 'condition': 'valid', 'corr_Ans': 'right', 'thisN': 213, 'thisTrialN': 3, 'thisRepN': 21}>
308.9587 	DATA 	Keypress: left
308.9731 	EXP 	fixation: autoDraw = False
308.9731 	EXP 	cue_text: autoDraw = False
308.9731 	EXP 	target: autoDraw = False
308.9731 	EXP 	cue_text: text = '→'
308.9731 	EXP 	fixation: autoDraw = True
309.1246 	EXP 	Device response: <KeyPress from None: t=308.9536617999984, value=left, duration=0.16897299999254756>
309.4577 	EXP 	fixation: autoDraw = False
309.4577 	EXP 	cue_text: autoDraw = True
309.7578 	EXP 	cue_text: autoDraw = False
310.0585 	INFO 	Keyboard events cleared
310.0583 	EXP 	target: autoDraw = True
310.3906 	EXP 	Device response: <KeyPress from None: t=310.3768696999905, value=right, duration=None>
310.3910 	EXP 	New trial (rep=21, index=4): <Trial 214 (4 in rep 21) data={'cue_arrow': '→', 'target_x': 0.5, 'condition': 'valid', 'corr_Ans': 'right', 'thisN': 214, 'thisTrialN': 4, 'thisRepN': 21}>
310.3922 	DATA 	Keypress: right
310.4065 	EXP 	fixation: autoDraw = False
310.4065 	EXP 	cue_text: autoDraw = False
310.4065 	EXP 	target: autoDraw = False
310.4065 	EXP 	cue_text: text = '→'
310.4065 	EXP 	fixation: autoDraw = True
310.5407 	EXP 	Device response: <KeyPress from None: t=310.3768696999905, value=right, duration=0.14994290001050103>
310.8912 	EXP 	fixation: autoDraw = False
310.8912 	EXP 	cue_text: autoDraw = True
311.1913 	EXP 	cue_text: autoDraw = False
311.4917 	INFO 	Keyboard events cleared
311.4915 	EXP 	target: autoDraw = True
311.8419 	DATA 	Keypress: right
311.8571 	EXP 	Device response: <KeyPress from None: t=311.8406560000003, value=right, duration=None>
311.8574 	EXP 	New trial (rep=21, index=5): <Trial 215 (5 in rep 21) data={'cue_arrow': '→', 'target_x': 0.5, 'condition': 'valid', 'corr_Ans': 'right', 'thisN': 215, 'thisTrialN': 5, 'thisRepN': 21}>
311.8731 	EXP 	fixation: autoDraw = False
311.8731 	EXP 	cue_text: autoDraw = False
311.8731 	EXP 	target: autoDraw = False
311.8731 	EXP 	cue_text: text = '→'
311.8731 	EXP 	fixation: autoDraw = True
311.9923 	EXP 	Device response: <KeyPress from None: t=311.8406560000003, value=right, duration=0.14933929999824613>
312.3569 	EXP 	fixation: autoDraw = False
312.3569 	EXP 	cue_text: autoDraw = True
312.6575 	EXP 	cue_text: autoDraw = False
312.9583 	INFO 	Keyboard events cleared
312.9581 	EXP 	target: autoDraw = True
313.3748 	EXP 	Device response: <KeyPress from None: t=313.3632302000042, value=right, duration=None>
313.3752 	EXP 	New trial (rep=21, index=6): <Trial 216 (6 in rep 21) data={'cue_arrow': '←', 'target_x': -0.5, 'condition': 'valid', 'corr_Ans': 'left', 'thisN': 216, 'thisTrialN': 6, 'thisRepN': 21}>
313.3785 	DATA 	Keypress: right
313.3904 	EXP 	fixation: autoDraw = False
313.3904 	EXP 	cue_text: autoDraw = False
313.3904 	EXP 	target: autoDraw = False
313.3904 	EXP 	cue_text: height = np.float64(0.1)
313.3904 	EXP 	cue_text: height = np.float64(0.1)
313.3904 	EXP 	cue_text: height = np.float64(0.1)
313.3904 	EXP 	cue_text: text = '←'
313.3904 	EXP 	fixation: autoDraw = True
313.5253 	EXP 	Device response: <KeyPress from None: t=313.3632302000042, value=right, duration=0.15249799999583047>
313.8750 	EXP 	fixation: autoDraw = False
313.8750 	EXP 	cue_text: autoDraw = True
314.1743 	EXP 	cue_text: autoDraw = False
314.4749 	INFO 	Keyboard events cleared
314.4746 	EXP 	target: autoDraw = True
314.8242 	EXP 	Device response: <KeyPress from None: t=314.82227879999846, value=left, duration=None>
314.8245 	EXP 	New trial (rep=21, index=7): <Trial 217 (7 in rep 21) data={'cue_arrow': '←', 'target_x': -0.5, 'condition': 'valid', 'corr_Ans': 'left', 'thisN': 217, 'thisTrialN': 7, 'thisRepN': 21}>
314.8257 	DATA 	Keypress: left
314.8401 	EXP 	fixation: autoDraw = False
314.8401 	EXP 	cue_text: autoDraw = False
314.8401 	EXP 	target: autoDraw = False
314.8401 	EXP 	cue_text: text = '←'
314.8401 	EXP 	fixation: autoDraw = True
314.9738 	EXP 	Device response: <KeyPress from None: t=314.82227879999846, value=left, duration=0.14385209999454673>
315.3247 	EXP 	fixation: autoDraw = False
315.3247 	EXP 	cue_text: autoDraw = True
315.6243 	EXP 	cue_text: autoDraw = False
315.9248 	INFO 	Keyboard events cleared
315.9246 	EXP 	target: autoDraw = True
316.2409 	EXP 	Device response: <KeyPress from None: t=316.2276974999986, value=left, duration=None>
316.2414 	EXP 	New trial (rep=21, index=8): <Trial 218 (8 in rep 21) data={'cue_arrow': '←', 'target_x': -0.5, 'condition': 'valid', 'corr_Ans': 'left', 'thisN': 218, 'thisTrialN': 8, 'thisRepN': 21}>
316.2427 	DATA 	Keypress: left
316.2583 	EXP 	fixation: autoDraw = False
316.2583 	EXP 	cue_text: autoDraw = False
316.2583 	EXP 	target: autoDraw = False
316.2583 	EXP 	cue_text: text = '←'
316.2583 	EXP 	fixation: autoDraw = True
316.4411 	EXP 	Device response: <KeyPress from None: t=316.2276974999986, value=left, duration=0.20261239999672398>
316.7582 	EXP 	fixation: autoDraw = False
316.7582 	EXP 	cue_text: autoDraw = True
317.0403 	EXP 	cue_text: autoDraw = False
317.3414 	INFO 	Keyboard events cleared
317.3412 	EXP 	target: autoDraw = True
317.6071 	EXP 	Device response: <KeyPress from None: t=317.6050052999926, value=left, duration=None>
317.6076 	EXP 	New trial (rep=21, index=9): <Trial 219 (9 in rep 21) data={'cue_arrow': '←', 'target_x': -0.5, 'condition': 'valid', 'corr_Ans': 'left', 'thisN': 219, 'thisTrialN': 9, 'thisRepN': 21}>
317.6092 	DATA 	Keypress: left
317.6233 	EXP 	fixation: autoDraw = False
317.6233 	EXP 	cue_text: autoDraw = False
317.6233 	EXP 	target: autoDraw = False
317.6233 	EXP 	cue_text: text = '←'
317.6233 	EXP 	fixation: autoDraw = True
317.7239 	EXP 	Device response: <KeyPress from None: t=317.6050052999926, value=left, duration=0.10896530000900384>
318.1083 	EXP 	fixation: autoDraw = False
318.1083 	EXP 	cue_text: autoDraw = True
318.4081 	EXP 	cue_text: autoDraw = False
318.7075 	INFO 	Keyboard events cleared
318.7073 	EXP 	target: autoDraw = True
319.0073 	EXP 	Device response: <KeyPress from None: t=318.99474629999895, value=left, duration=None>
319.0076 	EXP 	New trial (rep=22, index=0): <Trial 220 (0 in rep 22) data={'cue_arrow': '→', 'target_x': -0.5, 'condition': 'invalid', 'corr_Ans': 'left', 'thisN': 220, 'thisTrialN': 0, 'thisRepN': 22}>
319.0107 	DATA 	Keypress: left
319.0252 	EXP 	fixation: autoDraw = False
319.0252 	EXP 	cue_text: autoDraw = False
319.0252 	EXP 	target: autoDraw = False
319.0252 	EXP 	cue_text: height = np.float64(0.1)
319.0252 	EXP 	cue_text: height = np.float64(0.1)
319.0252 	EXP 	cue_text: height = np.float64(0.1)
319.0252 	EXP 	cue_text: text = '→'
319.0252 	EXP 	fixation: autoDraw = True
319.1404 	EXP 	Device response: <KeyPress from None: t=318.99474629999895, value=left, duration=0.13073059999442194>
319.5076 	EXP 	fixation: autoDraw = False
319.5076 	EXP 	cue_text: autoDraw = True
319.8071 	EXP 	cue_text: autoDraw = False
320.1086 	INFO 	Keyboard events cleared
320.1084 	EXP 	target: autoDraw = True
320.5576 	EXP 	Device response: <KeyPress from None: t=320.55599759999313, value=left, duration=None>
320.5579 	EXP 	New trial (rep=22, index=1): <Trial 221 (1 in rep 22) data={'cue_arrow': '→', 'target_x': 0.5, 'condition': 'valid', 'corr_Ans': 'right', 'thisN': 221, 'thisTrialN': 1, 'thisRepN': 22}>
320.5591 	DATA 	Keypress: left
320.5733 	EXP 	fixation: autoDraw = False
320.5733 	EXP 	cue_text: autoDraw = False
320.5733 	EXP 	target: autoDraw = False
320.5733 	EXP 	cue_text: text = '→'
320.5733 	EXP 	fixation: autoDraw = True
320.6737 	EXP 	Device response: <KeyPress from None: t=320.55599759999313, value=left, duration=0.10858820000430569>
321.0581 	EXP 	fixation: autoDraw = False
321.0581 	EXP 	cue_text: autoDraw = True
321.3583 	EXP 	cue_text: autoDraw = False
321.6582 	INFO 	Keyboard events cleared
321.6580 	EXP 	target: autoDraw = True
322.1240 	EXP 	Device response: <KeyPress from None: t=322.1129776000016, value=right, duration=None>
322.1244 	EXP 	New trial (rep=22, index=2): <Trial 222 (2 in rep 22) data={'cue_arrow': '←', 'target_x': -0.5, 'condition': 'valid', 'corr_Ans': 'left', 'thisN': 222, 'thisTrialN': 2, 'thisRepN': 22}>
322.1278 	DATA 	Keypress: right
322.1399 	EXP 	fixation: autoDraw = False
322.1399 	EXP 	cue_text: autoDraw = False
322.1399 	EXP 	target: autoDraw = False
322.1399 	EXP 	cue_text: height = np.float64(0.1)
322.1399 	EXP 	cue_text: height = np.float64(0.1)
322.1399 	EXP 	cue_text: height = np.float64(0.1)
322.1399 	EXP 	cue_text: text = '←'
322.1399 	EXP 	fixation: autoDraw = True
322.2737 	EXP 	Device response: <KeyPress from None: t=322.1129776000016, value=right, duration=0.14501449999806937>
322.6244 	EXP 	fixation: autoDraw = False
322.6244 	EXP 	cue_text: autoDraw = True
322.9253 	EXP 	cue_text: autoDraw = False
323.2253 	INFO 	Keyboard events cleared
323.2251 	EXP 	target: autoDraw = True
323.4908 	EXP 	Device response: <KeyPress from None: t=323.47991529999126, value=left, duration=None>
323.4913 	EXP 	New trial (rep=22, index=3): <Trial 223 (3 in rep 22) data={'cue_arrow': '←', 'target_x': -0.5, 'condition': 'valid', 'corr_Ans': 'left', 'thisN': 223, 'thisTrialN': 3, 'thisRepN': 22}>
323.4925 	DATA 	Keypress: left
323.5071 	EXP 	fixation: autoDraw = False
323.5071 	EXP 	cue_text: autoDraw = False
323.5071 	EXP 	target: autoDraw = False
323.5071 	EXP 	cue_text: text = '←'
323.5071 	EXP 	fixation: autoDraw = True
323.6244 	EXP 	Device response: <KeyPress from None: t=323.47991529999126, value=left, duration=0.14199200000439305>
323.9911 	EXP 	fixation: autoDraw = False
323.9911 	EXP 	cue_text: autoDraw = True
324.2918 	EXP 	cue_text: autoDraw = False
324.5904 	INFO 	Keyboard events cleared
324.5902 	EXP 	target: autoDraw = True
324.8574 	EXP 	Device response: <KeyPress from None: t=324.85562370000116, value=left, duration=None>
324.8577 	EXP 	New trial (rep=22, index=4): <Trial 224 (4 in rep 22) data={'cue_arrow': '←', 'target_x': -0.5, 'condition': 'valid', 'corr_Ans': 'left', 'thisN': 224, 'thisTrialN': 4, 'thisRepN': 22}>
324.8589 	DATA 	Keypress: left
324.8733 	EXP 	fixation: autoDraw = False
324.8733 	EXP 	cue_text: autoDraw = False
324.8733 	EXP 	target: autoDraw = False
324.8733 	EXP 	cue_text: text = '←'
324.8733 	EXP 	fixation: autoDraw = True
324.9741 	EXP 	Device response: <KeyPress from None: t=324.85562370000116, value=left, duration=0.10895029999664985>
325.3578 	EXP 	fixation: autoDraw = False
325.3578 	EXP 	cue_text: autoDraw = True
325.6583 	EXP 	cue_text: autoDraw = False
325.9752 	INFO 	Keyboard events cleared
325.9750 	EXP 	target: autoDraw = True
326.3418 	EXP 	Device response: <KeyPress from None: t=326.3282208000019, value=left, duration=None>
326.3422 	EXP 	New trial (rep=22, index=5): <Trial 225 (5 in rep 22) data={'cue_arrow': '→', 'target_x': 0.5, 'condition': 'valid', 'corr_Ans': 'right', 'thisN': 225, 'thisTrialN': 5, 'thisRepN': 22}>
326.3457 	DATA 	Keypress: left
326.3573 	EXP 	fixation: autoDraw = False
326.3573 	EXP 	cue_text: autoDraw = False
326.3573 	EXP 	target: autoDraw = False
326.3573 	EXP 	cue_text: height = np.float64(0.1)
326.3573 	EXP 	cue_text: height = np.float64(0.1)
326.3573 	EXP 	cue_text: height = np.float64(0.1)
326.3573 	EXP 	cue_text: text = '→'
326.3573 	EXP 	fixation: autoDraw = True
326.4408 	EXP 	Device response: <KeyPress from None: t=326.3282208000019, value=left, duration=0.10820930000045337>
326.8403 	EXP 	fixation: autoDraw = False
326.8403 	EXP 	cue_text: autoDraw = True
327.1418 	EXP 	cue_text: autoDraw = False
327.4417 	INFO 	Keyboard events cleared
327.4415 	EXP 	target: autoDraw = True
327.7412 	EXP 	Device response: <KeyPress from None: t=327.73603089999233, value=right, duration=None>
327.7416 	EXP 	New trial (rep=22, index=6): <Trial 226 (6 in rep 22) data={'cue_arrow': '→', 'target_x': 0.5, 'condition': 'valid', 'corr_Ans': 'right', 'thisN': 226, 'thisTrialN': 6, 'thisRepN': 22}>
327.7428 	DATA 	Keypress: right
327.7571 	EXP 	fixation: autoDraw = False
327.7571 	EXP 	cue_text: autoDraw = False
327.7571 	EXP 	target: autoDraw = False
327.7571 	EXP 	cue_text: text = '→'
327.7571 	EXP 	fixation: autoDraw = True
327.8921 	EXP 	Device response: <KeyPress from None: t=327.73603089999233, value=right, duration=0.14035790000343695>
328.2414 	EXP 	fixation: autoDraw = False
328.2414 	EXP 	cue_text: autoDraw = True
328.5414 	EXP 	cue_text: autoDraw = False
328.8414 	INFO 	Keyboard events cleared
328.8413 	EXP 	target: autoDraw = True
329.1753 	EXP 	Device response: <KeyPress from None: t=329.16433319999487, value=right, duration=None>
329.1756 	EXP 	New trial (rep=22, index=7): <Trial 227 (7 in rep 22) data={'cue_arrow': '→', 'target_x': 0.5, 'condition': 'valid', 'corr_Ans': 'right', 'thisN': 227, 'thisTrialN': 7, 'thisRepN': 22}>
329.1768 	DATA 	Keypress: right
329.1907 	EXP 	fixation: autoDraw = False
329.1907 	EXP 	cue_text: autoDraw = False
329.1907 	EXP 	target: autoDraw = False
329.1907 	EXP 	cue_text: text = '→'
329.1907 	EXP 	fixation: autoDraw = True
329.3084 	EXP 	Device response: <KeyPress from None: t=329.16433319999487, value=right, duration=0.14093799999682233>
329.6745 	EXP 	fixation: autoDraw = False
329.6745 	EXP 	cue_text: autoDraw = True
329.9752 	EXP 	cue_text: autoDraw = False
330.2800 	INFO 	Keyboard events cleared
330.2798 	EXP 	target: autoDraw = True
330.5578 	EXP 	Device response: <KeyPress from None: t=330.5527987999958, value=right, duration=None>
330.5582 	EXP 	New trial (rep=22, index=8): <Trial 228 (8 in rep 22) data={'cue_arrow': '←', 'target_x': 0.5, 'condition': 'invalid', 'corr_Ans': 'right', 'thisN': 228, 'thisTrialN': 8, 'thisRepN': 22}>
330.5614 	DATA 	Keypress: right
330.5735 	EXP 	fixation: autoDraw = False
330.5735 	EXP 	cue_text: autoDraw = False
330.5735 	EXP 	target: autoDraw = False
330.5735 	EXP 	cue_text: height = np.float64(0.1)
330.5735 	EXP 	cue_text: height = np.float64(0.1)
330.5735 	EXP 	cue_text: height = np.float64(0.1)
330.5735 	EXP 	cue_text: text = '←'
330.5735 	EXP 	fixation: autoDraw = True
330.7076 	EXP 	Device response: <KeyPress from None: t=330.5527987999958, value=right, duration=0.14084680000087246>
331.0580 	EXP 	fixation: autoDraw = False
331.0580 	EXP 	cue_text: autoDraw = True
331.3581 	EXP 	cue_text: autoDraw = False
331.6581 	INFO 	Keyboard events cleared
331.6579 	EXP 	target: autoDraw = True
332.0577 	EXP 	Device response: <KeyPress from None: t=332.05199049999646, value=right, duration=None>
332.0581 	EXP 	New trial (rep=22, index=9): <Trial 229 (9 in rep 22) data={'cue_arrow': '←', 'target_x': -0.5, 'condition': 'valid', 'corr_Ans': 'left', 'thisN': 229, 'thisTrialN': 9, 'thisRepN': 22}>
332.0594 	DATA 	Keypress: right
332.0736 	EXP 	fixation: autoDraw = False
332.0736 	EXP 	cue_text: autoDraw = False
332.0736 	EXP 	target: autoDraw = False
332.0736 	EXP 	cue_text: text = '←'
332.0736 	EXP 	fixation: autoDraw = True
332.2074 	EXP 	Device response: <KeyPress from None: t=332.05199049999646, value=right, duration=0.1512516999937361>
332.5582 	EXP 	fixation: autoDraw = False
332.5582 	EXP 	cue_text: autoDraw = True
332.8586 	EXP 	cue_text: autoDraw = False
333.1589 	INFO 	Keyboard events cleared
333.1586 	EXP 	target: autoDraw = True
333.5581 	EXP 	Device response: <KeyPress from None: t=333.5514506999898, value=left, duration=None>
333.5585 	EXP 	New trial (rep=23, index=0): <Trial 230 (0 in rep 23) data={'cue_arrow': '←', 'target_x': -0.5, 'condition': 'valid', 'corr_Ans': 'left', 'thisN': 230, 'thisTrialN': 0, 'thisRepN': 23}>
333.5598 	DATA 	Keypress: left
333.5735 	EXP 	fixation: autoDraw = False
333.5735 	EXP 	cue_text: autoDraw = False
333.5735 	EXP 	target: autoDraw = False
333.5735 	EXP 	cue_text: text = '←'
333.5735 	EXP 	fixation: autoDraw = True
333.6910 	EXP 	Device response: <KeyPress from None: t=333.5514506999898, value=left, duration=0.13299910000932869>
334.0568 	EXP 	fixation: autoDraw = False
334.0568 	EXP 	cue_text: autoDraw = True
334.3583 	EXP 	cue_text: autoDraw = False
334.6758 	INFO 	Keyboard events cleared
334.6756 	EXP 	target: autoDraw = True
335.0413 	EXP 	Device response: <KeyPress from None: t=335.0364464000013, value=left, duration=None>
335.0417 	EXP 	New trial (rep=23, index=1): <Trial 231 (1 in rep 23) data={'cue_arrow': '→', 'target_x': 0.5, 'condition': 'valid', 'corr_Ans': 'right', 'thisN': 231, 'thisTrialN': 1, 'thisRepN': 23}>
335.0449 	DATA 	Keypress: left
335.0570 	EXP 	fixation: autoDraw = False
335.0570 	EXP 	cue_text: autoDraw = False
335.0570 	EXP 	target: autoDraw = False
335.0570 	EXP 	cue_text: height = np.float64(0.1)
335.0570 	EXP 	cue_text: height = np.float64(0.1)
335.0570 	EXP 	cue_text: height = np.float64(0.1)
335.0570 	EXP 	cue_text: text = '→'
335.0570 	EXP 	fixation: autoDraw = True
335.1924 	EXP 	Device response: <KeyPress from None: t=335.0364464000013, value=left, duration=0.1551030999980867>
335.5419 	EXP 	fixation: autoDraw = False
335.5419 	EXP 	cue_text: autoDraw = True
335.8419 	EXP 	cue_text: autoDraw = False
336.1419 	INFO 	Keyboard events cleared
336.1417 	EXP 	target: autoDraw = True
336.4089 	EXP 	Device response: <KeyPress from None: t=336.3985293000005, value=right, duration=None>
336.4093 	EXP 	New trial (rep=23, index=2): <Trial 232 (2 in rep 23) data={'cue_arrow': '→', 'target_x': -0.5, 'condition': 'invalid', 'corr_Ans': 'left', 'thisN': 232, 'thisTrialN': 2, 'thisRepN': 23}>
336.4104 	DATA 	Keypress: right
336.4241 	EXP 	fixation: autoDraw = False
336.4241 	EXP 	cue_text: autoDraw = False
336.4241 	EXP 	target: autoDraw = False
336.4241 	EXP 	cue_text: text = '→'
336.4241 	EXP 	fixation: autoDraw = True
336.5420 	EXP 	Device response: <KeyPress from None: t=336.3985293000005, value=right, duration=0.1401620999968145>
336.9247 	EXP 	fixation: autoDraw = False
336.9247 	EXP 	cue_text: autoDraw = True
337.2254 	EXP 	cue_text: autoDraw = False
337.5088 	INFO 	Keyboard events cleared
337.5085 	EXP 	target: autoDraw = True
337.9087 	EXP 	Device response: <KeyPress from None: t=337.8954476999934, value=left, duration=None>
337.9091 	EXP 	New trial (rep=23, index=3): <Trial 233 (3 in rep 23) data={'cue_arrow': '→', 'target_x': 0.5, 'condition': 'valid', 'corr_Ans': 'right', 'thisN': 233, 'thisTrialN': 3, 'thisRepN': 23}>
337.9103 	DATA 	Keypress: left
337.9238 	EXP 	fixation: autoDraw = False
337.9238 	EXP 	cue_text: autoDraw = False
337.9238 	EXP 	target: autoDraw = False
337.9238 	EXP 	cue_text: text = '→'
337.9238 	EXP 	fixation: autoDraw = True
338.0417 	EXP 	Device response: <KeyPress from None: t=337.8954476999934, value=left, duration=0.1441317999997409>
338.4088 	EXP 	fixation: autoDraw = False
338.4088 	EXP 	cue_text: autoDraw = True
338.7255 	EXP 	cue_text: autoDraw = False
339.0086 	INFO 	Keyboard events cleared
339.0084 	EXP 	target: autoDraw = True
339.2411 	EXP 	Device response: <KeyPress from None: t=339.23369339999044, value=right, duration=None>
339.2416 	EXP 	New trial (rep=23, index=4): <Trial 234 (4 in rep 23) data={'cue_arrow': '←', 'target_x': -0.5, 'condition': 'valid', 'corr_Ans': 'left', 'thisN': 234, 'thisTrialN': 4, 'thisRepN': 23}>
339.2446 	DATA 	Keypress: right
339.2572 	EXP 	fixation: autoDraw = False
339.2572 	EXP 	cue_text: autoDraw = False
339.2572 	EXP 	target: autoDraw = False
339.2572 	EXP 	cue_text: height = np.float64(0.1)
339.2572 	EXP 	cue_text: height = np.float64(0.1)
339.2572 	EXP 	cue_text: height = np.float64(0.1)
339.2572 	EXP 	cue_text: text = '←'
339.2572 	EXP 	fixation: autoDraw = True
339.3580 	EXP 	Device response: <KeyPress from None: t=339.23369339999044, value=right, duration=0.11944810001295991>
339.7409 	EXP 	fixation: autoDraw = False
339.7409 	EXP 	cue_text: autoDraw = True
340.0419 	EXP 	cue_text: autoDraw = False
340.3421 	INFO 	Keyboard events cleared
340.3419 	EXP 	target: autoDraw = True
340.6095 	DATA 	Keypress: left
340.6243 	EXP 	Device response: <KeyPress from None: t=340.6080249999941, value=left, duration=None>
340.6248 	EXP 	New trial (rep=23, index=5): <Trial 235 (5 in rep 23) data={'cue_arrow': '←', 'target_x': -0.5, 'condition': 'valid', 'corr_Ans': 'left', 'thisN': 235, 'thisTrialN': 5, 'thisRepN': 23}>
340.6407 	EXP 	fixation: autoDraw = False
340.6407 	EXP 	cue_text: autoDraw = False
340.6407 	EXP 	target: autoDraw = False
340.6407 	EXP 	cue_text: text = '←'
340.6407 	EXP 	fixation: autoDraw = True
340.7076 	EXP 	Device response: <KeyPress from None: t=340.6080249999941, value=left, duration=0.0940580000024056>
341.1248 	EXP 	fixation: autoDraw = False
341.1248 	EXP 	cue_text: autoDraw = True
341.4248 	EXP 	cue_text: autoDraw = False
341.7255 	INFO 	Keyboard events cleared
341.7253 	EXP 	target: autoDraw = True
342.1908 	EXP 	Device response: <KeyPress from None: t=342.17964010000287, value=left, duration=None>
342.1912 	EXP 	New trial (rep=23, index=6): <Trial 236 (6 in rep 23) data={'cue_arrow': '→', 'target_x': 0.5, 'condition': 'valid', 'corr_Ans': 'right', 'thisN': 236, 'thisTrialN': 6, 'thisRepN': 23}>
342.1946 	DATA 	Keypress: left
342.2080 	EXP 	fixation: autoDraw = False
342.2080 	EXP 	cue_text: autoDraw = False
342.2080 	EXP 	target: autoDraw = False
342.2080 	EXP 	cue_text: height = np.float64(0.1)
342.2080 	EXP 	cue_text: height = np.float64(0.1)
342.2080 	EXP 	cue_text: height = np.float64(0.1)
342.2080 	EXP 	cue_text: text = '→'
342.2080 	EXP 	fixation: autoDraw = True
342.3094 	EXP 	Device response: <KeyPress from None: t=342.17964010000287, value=left, duration=0.1177962999936426>
342.6921 	EXP 	fixation: autoDraw = False
342.6921 	EXP 	cue_text: autoDraw = True
342.9921 	EXP 	cue_text: autoDraw = False
343.2921 	INFO 	Keyboard events cleared
343.2919 	EXP 	target: autoDraw = True
343.5073 	EXP 	Device response: <KeyPress from None: t=343.5023186000035, value=right, duration=None>
343.5078 	EXP 	New trial (rep=23, index=7): <Trial 237 (7 in rep 23) data={'cue_arrow': '→', 'target_x': 0.5, 'condition': 'valid', 'corr_Ans': 'right', 'thisN': 237, 'thisTrialN': 7, 'thisRepN': 23}>
343.5089 	DATA 	Keypress: right
343.5242 	EXP 	fixation: autoDraw = False
343.5242 	EXP 	cue_text: autoDraw = False
343.5242 	EXP 	target: autoDraw = False
343.5242 	EXP 	cue_text: text = '→'
343.5242 	EXP 	fixation: autoDraw = True
343.6262 	EXP 	Device response: <KeyPress from None: t=343.5023186000035, value=right, duration=0.12006499999552034>
344.0088 	EXP 	fixation: autoDraw = False
344.0088 	EXP 	cue_text: autoDraw = True
344.3087 	EXP 	cue_text: autoDraw = False
344.6085 	INFO 	Keyboard events cleared
344.6083 	EXP 	target: autoDraw = True
344.9090 	EXP 	Device response: <KeyPress from None: t=344.9012478999939, value=right, duration=None>
344.9095 	EXP 	New trial (rep=23, index=8): <Trial 238 (8 in rep 23) data={'cue_arrow': '←', 'target_x': -0.5, 'condition': 'valid', 'corr_Ans': 'left', 'thisN': 238, 'thisTrialN': 8, 'thisRepN': 23}>
344.9127 	DATA 	Keypress: right
344.9253 	EXP 	fixation: autoDraw = False
344.9253 	EXP 	cue_text: autoDraw = False
344.9253 	EXP 	target: autoDraw = False
344.9253 	EXP 	cue_text: height = np.float64(0.1)
344.9253 	EXP 	cue_text: height = np.float64(0.1)
344.9253 	EXP 	cue_text: height = np.float64(0.1)
344.9253 	EXP 	cue_text: text = '←'
344.9253 	EXP 	fixation: autoDraw = True
345.0577 	EXP 	Device response: <KeyPress from None: t=344.9012478999939, value=right, duration=0.15024149999953806>
345.4255 	EXP 	fixation: autoDraw = False
345.4255 	EXP 	cue_text: autoDraw = True
345.7083 	EXP 	cue_text: autoDraw = False
346.0247 	INFO 	Keyboard events cleared
346.0245 	EXP 	target: autoDraw = True
346.3243 	EXP 	Device response: <KeyPress from None: t=346.3091612999997, value=left, duration=None>
346.3246 	EXP 	New trial (rep=23, index=9): <Trial 239 (9 in rep 23) data={'cue_arrow': '←', 'target_x': 0.5, 'condition': 'invalid', 'corr_Ans': 'right', 'thisN': 239, 'thisTrialN': 9, 'thisRepN': 23}>
346.3258 	DATA 	Keypress: left
346.3405 	EXP 	fixation: autoDraw = False
346.3405 	EXP 	cue_text: autoDraw = False
346.3405 	EXP 	target: autoDraw = False
346.3405 	EXP 	cue_text: text = '←'
346.3405 	EXP 	fixation: autoDraw = True
346.4256 	EXP 	Device response: <KeyPress from None: t=346.3091612999997, value=left, duration=0.10002759999770205>
346.8255 	EXP 	fixation: autoDraw = False
346.8255 	EXP 	cue_text: autoDraw = True
347.1255 	EXP 	cue_text: autoDraw = False
347.4253 	INFO 	Keyboard events cleared
347.4251 	EXP 	target: autoDraw = True
347.7752 	EXP 	Device response: <KeyPress from None: t=347.77334329999576, value=right, duration=None>
347.7755 	EXP 	New trial (rep=24, index=0): <Trial 240 (0 in rep 24) data={'cue_arrow': '→', 'target_x': 0.5, 'condition': 'valid', 'corr_Ans': 'right', 'thisN': 240, 'thisTrialN': 0, 'thisRepN': 24}>
347.7784 	DATA 	Keypress: right
347.7907 	EXP 	fixation: autoDraw = False
347.7907 	EXP 	cue_text: autoDraw = False
347.7907 	EXP 	target: autoDraw = False
347.7907 	EXP 	cue_text: height = np.float64(0.1)
347.7907 	EXP 	cue_text: height = np.float64(0.1)
347.7907 	EXP 	cue_text: height = np.float64(0.1)
347.7907 	EXP 	cue_text: text = '→'
347.7907 	EXP 	fixation: autoDraw = True
347.9414 	EXP 	Device response: <KeyPress from None: t=347.77334329999576, value=right, duration=0.16194639999594074>
348.2910 	EXP 	fixation: autoDraw = False
348.2910 	EXP 	cue_text: autoDraw = True
348.5744 	EXP 	cue_text: autoDraw = False
348.8759 	INFO 	Keyboard events cleared
348.8757 	EXP 	target: autoDraw = True
349.2745 	EXP 	Device response: <KeyPress from None: t=349.26810000000114, value=right, duration=None>
349.2748 	EXP 	New trial (rep=24, index=1): <Trial 241 (1 in rep 24) data={'cue_arrow': '←', 'target_x': -0.5, 'condition': 'valid', 'corr_Ans': 'left', 'thisN': 241, 'thisTrialN': 1, 'thisRepN': 24}>
349.2778 	DATA 	Keypress: right
349.2903 	EXP 	fixation: autoDraw = False
349.2903 	EXP 	cue_text: autoDraw = False
349.2903 	EXP 	target: autoDraw = False
349.2903 	EXP 	cue_text: height = np.float64(0.1)
349.2903 	EXP 	cue_text: height = np.float64(0.1)
349.2903 	EXP 	cue_text: height = np.float64(0.1)
349.2903 	EXP 	cue_text: text = '←'
349.2903 	EXP 	fixation: autoDraw = True
349.4255 	EXP 	Device response: <KeyPress from None: t=349.26810000000114, value=right, duration=0.15016900000046007>
349.7739 	EXP 	fixation: autoDraw = False
349.7739 	EXP 	cue_text: autoDraw = True
350.0743 	EXP 	cue_text: autoDraw = False
350.3751 	INFO 	Keyboard events cleared
350.3749 	EXP 	target: autoDraw = True
350.5930 	EXP 	Device response: <KeyPress from None: t=350.58572849999473, value=left, duration=None>
350.5934 	EXP 	New trial (rep=24, index=2): <Trial 242 (2 in rep 24) data={'cue_arrow': '→', 'target_x': 0.5, 'condition': 'valid', 'corr_Ans': 'right', 'thisN': 242, 'thisTrialN': 2, 'thisRepN': 24}>
350.5967 	DATA 	Keypress: left
350.6068 	EXP 	fixation: autoDraw = False
350.6068 	EXP 	cue_text: autoDraw = False
350.6068 	EXP 	target: autoDraw = False
350.6068 	EXP 	cue_text: height = np.float64(0.1)
350.6068 	EXP 	cue_text: height = np.float64(0.1)
350.6068 	EXP 	cue_text: height = np.float64(0.1)
350.6068 	EXP 	cue_text: text = '→'
350.6068 	EXP 	fixation: autoDraw = True
350.7579 	EXP 	Device response: <KeyPress from None: t=350.58572849999473, value=left, duration=0.17077949999656994>
351.1089 	EXP 	fixation: autoDraw = False
351.1089 	EXP 	cue_text: autoDraw = True
351.4084 	EXP 	cue_text: autoDraw = False
351.7090 	INFO 	Keyboard events cleared
351.7088 	EXP 	target: autoDraw = True
352.0420 	EXP 	Device response: <KeyPress from None: t=352.03118269999686, value=right, duration=None>
352.0423 	EXP 	New trial (rep=24, index=3): <Trial 243 (3 in rep 24) data={'cue_arrow': '→', 'target_x': 0.5, 'condition': 'valid', 'corr_Ans': 'right', 'thisN': 243, 'thisTrialN': 3, 'thisRepN': 24}>
352.0435 	DATA 	Keypress: right
352.0585 	EXP 	fixation: autoDraw = False
352.0585 	EXP 	cue_text: autoDraw = False
352.0585 	EXP 	target: autoDraw = False
352.0585 	EXP 	cue_text: text = '→'
352.0585 	EXP 	fixation: autoDraw = True
352.1919 	EXP 	Device response: <KeyPress from None: t=352.03118269999686, value=right, duration=0.14529010000114795>
352.5416 	EXP 	fixation: autoDraw = False
352.5416 	EXP 	cue_text: autoDraw = True
352.8423 	EXP 	cue_text: autoDraw = False
353.1591 	INFO 	Keyboard events cleared
353.1589 	EXP 	target: autoDraw = True
353.5091 	EXP 	Device response: <KeyPress from None: t=353.505903199999, value=right, duration=None>
353.5095 	EXP 	New trial (rep=24, index=4): <Trial 244 (4 in rep 24) data={'cue_arrow': '←', 'target_x': 0.5, 'condition': 'invalid', 'corr_Ans': 'right', 'thisN': 244, 'thisTrialN': 4, 'thisRepN': 24}>
353.5129 	DATA 	Keypress: right
353.5237 	EXP 	fixation: autoDraw = False
353.5237 	EXP 	cue_text: autoDraw = False
353.5237 	EXP 	target: autoDraw = False
353.5237 	EXP 	cue_text: height = np.float64(0.1)
353.5237 	EXP 	cue_text: height = np.float64(0.1)
353.5237 	EXP 	cue_text: height = np.float64(0.1)
353.5237 	EXP 	cue_text: text = '←'
353.5237 	EXP 	fixation: autoDraw = True
353.6579 	EXP 	Device response: <KeyPress from None: t=353.505903199999, value=right, duration=0.13741169999411795>
354.0077 	EXP 	fixation: autoDraw = False
354.0077 	EXP 	cue_text: autoDraw = True
354.3085 	EXP 	cue_text: autoDraw = False
354.6087 	INFO 	Keyboard events cleared
354.6085 	EXP 	target: autoDraw = True
355.0258 	EXP 	Device response: <KeyPress from None: t=355.02115079999203, value=right, duration=None>
355.0262 	EXP 	New trial (rep=24, index=5): <Trial 245 (5 in rep 24) data={'cue_arrow': '→', 'target_x': -0.5, 'condition': 'invalid', 'corr_Ans': 'left', 'thisN': 245, 'thisTrialN': 5, 'thisRepN': 24}>
355.0293 	DATA 	Keypress: right
355.0413 	EXP 	fixation: autoDraw = False
355.0413 	EXP 	cue_text: autoDraw = False
355.0413 	EXP 	target: autoDraw = False
355.0413 	EXP 	cue_text: height = np.float64(0.1)
355.0413 	EXP 	cue_text: height = np.float64(0.1)
355.0413 	EXP 	cue_text: height = np.float64(0.1)
355.0413 	EXP 	cue_text: text = '→'
355.0413 	EXP 	fixation: autoDraw = True
355.1762 	EXP 	Device response: <KeyPress from None: t=355.02115079999203, value=right, duration=0.14665290000266396>
355.5248 	EXP 	fixation: autoDraw = False
355.5248 	EXP 	cue_text: autoDraw = True
355.8423 	EXP 	cue_text: autoDraw = False
356.1254 	INFO 	Keyboard events cleared
356.1252 	EXP 	target: autoDraw = True
356.4434 	DATA 	Keypress: left
356.4580 	EXP 	Device response: <KeyPress from None: t=356.44230609999795, value=left, duration=None>
356.4584 	EXP 	New trial (rep=24, index=6): <Trial 246 (6 in rep 24) data={'cue_arrow': '←', 'target_x': -0.5, 'condition': 'valid', 'corr_Ans': 'left', 'thisN': 246, 'thisTrialN': 6, 'thisRepN': 24}>
356.4757 	EXP 	fixation: autoDraw = False
356.4757 	EXP 	cue_text: autoDraw = False
356.4757 	EXP 	target: autoDraw = False
356.4757 	EXP 	cue_text: height = np.float64(0.1)
356.4757 	EXP 	cue_text: height = np.float64(0.1)
356.4757 	EXP 	cue_text: height = np.float64(0.1)
356.4757 	EXP 	cue_text: text = '←'
356.4757 	EXP 	fixation: autoDraw = True
356.5583 	EXP 	Device response: <KeyPress from None: t=356.44230609999795, value=left, duration=0.09952540000085719>
356.9589 	EXP 	fixation: autoDraw = False
356.9589 	EXP 	cue_text: autoDraw = True
357.2582 	EXP 	cue_text: autoDraw = False
357.5575 	INFO 	Keyboard events cleared
357.5573 	EXP 	target: autoDraw = True
357.8425 	EXP 	Device response: <KeyPress from None: t=357.83867810000083, value=left, duration=None>
357.8429 	EXP 	New trial (rep=24, index=7): <Trial 247 (7 in rep 24) data={'cue_arrow': '←', 'target_x': -0.5, 'condition': 'valid', 'corr_Ans': 'left', 'thisN': 247, 'thisTrialN': 7, 'thisRepN': 24}>
357.8445 	DATA 	Keypress: left
357.8589 	EXP 	fixation: autoDraw = False
357.8589 	EXP 	cue_text: autoDraw = False
357.8589 	EXP 	target: autoDraw = False
357.8589 	EXP 	cue_text: text = '←'
357.8589 	EXP 	fixation: autoDraw = True
357.9751 	EXP 	Device response: <KeyPress from None: t=357.83867810000083, value=left, duration=0.1346147000003839>
358.3420 	EXP 	fixation: autoDraw = False
358.3420 	EXP 	cue_text: autoDraw = True
358.6577 	EXP 	cue_text: autoDraw = False
358.9425 	INFO 	Keyboard events cleared
358.9423 	EXP 	target: autoDraw = True
359.2576 	EXP 	Device response: <KeyPress from None: t=359.25258210000175, value=left, duration=None>
359.2581 	EXP 	New trial (rep=24, index=8): <Trial 248 (8 in rep 24) data={'cue_arrow': '←', 'target_x': -0.5, 'condition': 'valid', 'corr_Ans': 'left', 'thisN': 248, 'thisTrialN': 8, 'thisRepN': 24}>
359.2593 	DATA 	Keypress: left
359.2739 	EXP 	fixation: autoDraw = False
359.2739 	EXP 	cue_text: autoDraw = False
359.2739 	EXP 	target: autoDraw = False
359.2739 	EXP 	cue_text: text = '←'
359.2739 	EXP 	fixation: autoDraw = True
359.3755 	EXP 	Device response: <KeyPress from None: t=359.25258210000175, value=left, duration=0.11440849999780767>
359.7573 	EXP 	fixation: autoDraw = False
359.7573 	EXP 	cue_text: autoDraw = True
360.0584 	EXP 	cue_text: autoDraw = False
360.3591 	INFO 	Keyboard events cleared
360.3589 	EXP 	target: autoDraw = True
360.6429 	EXP 	Device response: <KeyPress from None: t=360.631773400004, value=left, duration=None>
360.6434 	EXP 	New trial (rep=24, index=9): <Trial 249 (9 in rep 24) data={'cue_arrow': '→', 'target_x': 0.5, 'condition': 'valid', 'corr_Ans': 'right', 'thisN': 249, 'thisTrialN': 9, 'thisRepN': 24}>
360.6464 	DATA 	Keypress: left
360.6580 	EXP 	fixation: autoDraw = False
360.6580 	EXP 	cue_text: autoDraw = False
360.6580 	EXP 	target: autoDraw = False
360.6580 	EXP 	cue_text: height = np.float64(0.1)
360.6580 	EXP 	cue_text: height = np.float64(0.1)
360.6580 	EXP 	cue_text: height = np.float64(0.1)
360.6580 	EXP 	cue_text: text = '→'
360.6580 	EXP 	fixation: autoDraw = True
360.8078 	EXP 	Device response: <KeyPress from None: t=360.631773400004, value=left, duration=0.16220419999444857>
361.1594 	EXP 	fixation: autoDraw = False
361.1594 	EXP 	cue_text: autoDraw = True
361.4425 	EXP 	cue_text: autoDraw = False
361.5937 	DATA 	Keypress: right
361.6080 	EXP 	Device response: <KeyPress from None: t=361.5930356000026, value=right, duration=None>
361.7420 	EXP 	Device response: <KeyPress from None: t=361.5930356000026, value=right, duration=0.13416509999660775>
361.7590 	INFO 	Keyboard events cleared
361.7588 	EXP 	target: autoDraw = True
362.6425 	EXP 	Device response: <KeyPress from None: t=362.62783409999975, value=right, duration=None>
362.6428 	EXP 	New trial (rep=25, index=0): <Trial 250 (0 in rep 25) data={'cue_arrow': '←', 'target_x': -0.5, 'condition': 'valid', 'corr_Ans': 'left', 'thisN': 250, 'thisTrialN': 0, 'thisRepN': 25}>
362.6458 	DATA 	Keypress: right
362.6575 	EXP 	fixation: autoDraw = False
362.6575 	EXP 	cue_text: autoDraw = False
362.6575 	EXP 	target: autoDraw = False
362.6575 	EXP 	cue_text: height = np.float64(0.1)
362.6575 	EXP 	cue_text: height = np.float64(0.1)
362.6575 	EXP 	cue_text: height = np.float64(0.1)
362.6575 	EXP 	cue_text: text = '←'
362.6575 	EXP 	fixation: autoDraw = True
362.7750 	EXP 	Device response: <KeyPress from None: t=362.62783409999975, value=right, duration=0.14024549999157898>
363.1425 	EXP 	fixation: autoDraw = False
363.1425 	EXP 	cue_text: autoDraw = True
363.4407 	EXP 	cue_text: autoDraw = False
363.7422 	INFO 	Keyboard events cleared
363.7420 	EXP 	target: autoDraw = True
364.0924 	EXP 	Device response: <KeyPress from None: t=364.08444690000033, value=left, duration=None>
364.0927 	EXP 	New trial (rep=25, index=1): <Trial 251 (1 in rep 25) data={'cue_arrow': '→', 'target_x': 0.5, 'condition': 'valid', 'corr_Ans': 'right', 'thisN': 251, 'thisTrialN': 1, 'thisRepN': 25}>
364.0964 	DATA 	Keypress: left
364.1082 	EXP 	fixation: autoDraw = False
364.1082 	EXP 	cue_text: autoDraw = False
364.1082 	EXP 	target: autoDraw = False
364.1082 	EXP 	cue_text: height = np.float64(0.1)
364.1082 	EXP 	cue_text: height = np.float64(0.1)
364.1082 	EXP 	cue_text: height = np.float64(0.1)
364.1082 	EXP 	cue_text: text = '→'
364.1082 	EXP 	fixation: autoDraw = True
364.2918 	EXP 	Device response: <KeyPress from None: t=364.08444690000033, value=left, duration=0.19408420000399929>
364.5924 	EXP 	fixation: autoDraw = False
364.5924 	EXP 	cue_text: autoDraw = True
364.8922 	EXP 	cue_text: autoDraw = False
365.1912 	INFO 	Keyboard events cleared
365.1910 	EXP 	target: autoDraw = True
365.6099 	EXP 	Device response: <KeyPress from None: t=365.59697659999074, value=right, duration=None>
365.6104 	EXP 	New trial (rep=25, index=2): <Trial 252 (2 in rep 25) data={'cue_arrow': '←', 'target_x': -0.5, 'condition': 'valid', 'corr_Ans': 'left', 'thisN': 252, 'thisTrialN': 2, 'thisRepN': 25}>
365.6141 	DATA 	Keypress: right
365.6239 	EXP 	fixation: autoDraw = False
365.6239 	EXP 	cue_text: autoDraw = False
365.6239 	EXP 	target: autoDraw = False
365.6239 	EXP 	cue_text: height = np.float64(0.1)
365.6239 	EXP 	cue_text: height = np.float64(0.1)
365.6239 	EXP 	cue_text: height = np.float64(0.1)
365.6239 	EXP 	cue_text: text = '←'
365.6239 	EXP 	fixation: autoDraw = True
365.7420 	EXP 	Device response: <KeyPress from None: t=365.59697659999074, value=right, duration=0.13821390000521205>
366.1248 	EXP 	fixation: autoDraw = False
366.1248 	EXP 	cue_text: autoDraw = True
366.4260 	EXP 	cue_text: autoDraw = False
366.7260 	INFO 	Keyboard events cleared
366.7258 	EXP 	target: autoDraw = True
366.9751 	EXP 	Device response: <KeyPress from None: t=366.9654531999986, value=left, duration=None>
366.9754 	EXP 	New trial (rep=25, index=3): <Trial 253 (3 in rep 25) data={'cue_arrow': '←', 'target_x': -0.5, 'condition': 'valid', 'corr_Ans': 'left', 'thisN': 253, 'thisTrialN': 3, 'thisRepN': 25}>
366.9766 	DATA 	Keypress: left
366.9914 	EXP 	fixation: autoDraw = False
366.9914 	EXP 	cue_text: autoDraw = False
366.9914 	EXP 	target: autoDraw = False
366.9914 	EXP 	cue_text: text = '←'
366.9914 	EXP 	fixation: autoDraw = True
367.1415 	EXP 	Device response: <KeyPress from None: t=366.9654531999986, value=left, duration=0.16878049999650102>
367.4747 	EXP 	fixation: autoDraw = False
367.4747 	EXP 	cue_text: autoDraw = True
367.7758 	EXP 	cue_text: autoDraw = False
368.0745 	INFO 	Keyboard events cleared
368.0744 	EXP 	target: autoDraw = True
368.3582 	EXP 	Device response: <KeyPress from None: t=368.3462081000034, value=left, duration=None>
368.3585 	EXP 	New trial (rep=25, index=4): <Trial 254 (4 in rep 25) data={'cue_arrow': '→', 'target_x': -0.5, 'condition': 'invalid', 'corr_Ans': 'left', 'thisN': 254, 'thisTrialN': 4, 'thisRepN': 25}>
368.3614 	DATA 	Keypress: left
368.3741 	EXP 	fixation: autoDraw = False
368.3741 	EXP 	cue_text: autoDraw = False
368.3741 	EXP 	target: autoDraw = False
368.3741 	EXP 	cue_text: height = np.float64(0.1)
368.3741 	EXP 	cue_text: height = np.float64(0.1)
368.3741 	EXP 	cue_text: height = np.float64(0.1)
368.3741 	EXP 	cue_text: text = '→'
368.3741 	EXP 	fixation: autoDraw = True
368.5081 	EXP 	Device response: <KeyPress from None: t=368.3462081000034, value=left, duration=0.14915369999653194>
368.8589 	EXP 	fixation: autoDraw = False
368.8589 	EXP 	cue_text: autoDraw = True
369.1592 	EXP 	cue_text: autoDraw = False
369.4583 	INFO 	Keyboard events cleared
369.4581 	EXP 	target: autoDraw = True
369.8262 	EXP 	Device response: <KeyPress from None: t=369.81761699999333, value=left, duration=None>
369.8266 	EXP 	New trial (rep=25, index=5): <Trial 255 (5 in rep 25) data={'cue_arrow': '→', 'target_x': 0.5, 'condition': 'valid', 'corr_Ans': 'right', 'thisN': 255, 'thisTrialN': 5, 'thisRepN': 25}>
369.8279 	DATA 	Keypress: left
369.8408 	EXP 	fixation: autoDraw = False
369.8408 	EXP 	cue_text: autoDraw = False
369.8408 	EXP 	target: autoDraw = False
369.8408 	EXP 	cue_text: text = '→'
369.8408 	EXP 	fixation: autoDraw = True
369.9439 	EXP 	Device response: <KeyPress from None: t=369.81761699999333, value=left, duration=0.12315050000324845>
370.3419 	EXP 	fixation: autoDraw = False
370.3419 	EXP 	cue_text: autoDraw = True
370.6426 	EXP 	cue_text: autoDraw = False
370.9412 	INFO 	Keyboard events cleared
370.9410 	EXP 	target: autoDraw = True
371.2085 	EXP 	Device response: <KeyPress from None: t=371.19995569999446, value=right, duration=None>
371.2088 	EXP 	New trial (rep=25, index=6): <Trial 256 (6 in rep 25) data={'cue_arrow': '←', 'target_x': 0.5, 'condition': 'invalid', 'corr_Ans': 'right', 'thisN': 256, 'thisTrialN': 6, 'thisRepN': 25}>
371.2118 	DATA 	Keypress: right
371.2253 	EXP 	fixation: autoDraw = False
371.2253 	EXP 	cue_text: autoDraw = False
371.2253 	EXP 	target: autoDraw = False
371.2253 	EXP 	cue_text: height = np.float64(0.1)
371.2253 	EXP 	cue_text: height = np.float64(0.1)
371.2253 	EXP 	cue_text: height = np.float64(0.1)
371.2253 	EXP 	cue_text: text = '←'
371.2253 	EXP 	fixation: autoDraw = True
371.3583 	EXP 	Device response: <KeyPress from None: t=371.19995569999446, value=right, duration=0.14427180000348017>
371.7089 	EXP 	fixation: autoDraw = False
371.7089 	EXP 	cue_text: autoDraw = True
372.0255 	EXP 	cue_text: autoDraw = False
372.3088 	INFO 	Keyboard events cleared
372.3086 	EXP 	target: autoDraw = True
372.5913 	EXP 	Device response: <KeyPress from None: t=372.57868969999254, value=left, duration=None>
372.5918 	EXP 	New trial (rep=25, index=7): <Trial 257 (7 in rep 25) data={'cue_arrow': '→', 'target_x': 0.5, 'condition': 'valid', 'corr_Ans': 'right', 'thisN': 257, 'thisTrialN': 7, 'thisRepN': 25}>
372.5948 	DATA 	Keypress: left
372.6091 	EXP 	fixation: autoDraw = False
372.6091 	EXP 	cue_text: autoDraw = False
372.6091 	EXP 	target: autoDraw = False
372.6091 	EXP 	cue_text: height = np.float64(0.1)
372.6091 	EXP 	cue_text: height = np.float64(0.1)
372.6091 	EXP 	cue_text: height = np.float64(0.1)
372.6091 	EXP 	cue_text: text = '→'
372.6091 	EXP 	fixation: autoDraw = True
372.6748 	EXP 	Device response: <KeyPress from None: t=372.57868969999254, value=left, duration=0.0891639000037685>
373.0917 	EXP 	fixation: autoDraw = False
373.0917 	EXP 	cue_text: autoDraw = True
373.3922 	EXP 	cue_text: autoDraw = False
373.6926 	INFO 	Keyboard events cleared
373.6924 	EXP 	target: autoDraw = True
374.2424 	EXP 	Device response: <KeyPress from None: t=374.240212299992, value=right, duration=None>
374.2428 	EXP 	New trial (rep=25, index=8): <Trial 258 (8 in rep 25) data={'cue_arrow': '←', 'target_x': -0.5, 'condition': 'valid', 'corr_Ans': 'left', 'thisN': 258, 'thisTrialN': 8, 'thisRepN': 25}>
374.2458 	DATA 	Keypress: right
374.2577 	EXP 	fixation: autoDraw = False
374.2577 	EXP 	cue_text: autoDraw = False
374.2577 	EXP 	target: autoDraw = False
374.2577 	EXP 	cue_text: height = np.float64(0.1)
374.2577 	EXP 	cue_text: height = np.float64(0.1)
374.2577 	EXP 	cue_text: height = np.float64(0.1)
374.2577 	EXP 	cue_text: text = '←'
374.2577 	EXP 	fixation: autoDraw = True
374.3590 	EXP 	Device response: <KeyPress from None: t=374.240212299992, value=right, duration=0.10693950000859331>
374.7426 	EXP 	fixation: autoDraw = False
374.7426 	EXP 	cue_text: autoDraw = True
375.0425 	EXP 	cue_text: autoDraw = False
375.3593 	INFO 	Keyboard events cleared
375.3591 	EXP 	target: autoDraw = True
375.7415 	EXP 	Device response: <KeyPress from None: t=375.73056939999515, value=left, duration=None>
375.7419 	EXP 	New trial (rep=25, index=9): <Trial 259 (9 in rep 25) data={'cue_arrow': '→', 'target_x': 0.5, 'condition': 'valid', 'corr_Ans': 'right', 'thisN': 259, 'thisTrialN': 9, 'thisRepN': 25}>
375.7456 	DATA 	Keypress: left
375.7585 	EXP 	fixation: autoDraw = False
375.7585 	EXP 	cue_text: autoDraw = False
375.7585 	EXP 	target: autoDraw = False
375.7585 	EXP 	cue_text: height = np.float64(0.1)
375.7585 	EXP 	cue_text: height = np.float64(0.1)
375.7585 	EXP 	cue_text: height = np.float64(0.1)
375.7585 	EXP 	cue_text: text = '→'
375.7585 	EXP 	fixation: autoDraw = True
375.9087 	EXP 	Device response: <KeyPress from None: t=375.73056939999515, value=left, duration=0.16984539999975823>
376.2425 	EXP 	fixation: autoDraw = False
376.2425 	EXP 	cue_text: autoDraw = True
376.5422 	EXP 	cue_text: autoDraw = False
376.8411 	INFO 	Keyboard events cleared
376.8409 	EXP 	target: autoDraw = True
377.1595 	EXP 	Device response: <KeyPress from None: t=377.15134379999654, value=right, duration=None>
377.1600 	EXP 	New trial (rep=26, index=0): <Trial 260 (0 in rep 26) data={'cue_arrow': '←', 'target_x': 0.5, 'condition': 'invalid', 'corr_Ans': 'right', 'thisN': 260, 'thisTrialN': 0, 'thisRepN': 26}>
377.1631 	DATA 	Keypress: right
377.1744 	EXP 	fixation: autoDraw = False
377.1744 	EXP 	cue_text: autoDraw = False
377.1744 	EXP 	target: autoDraw = False
377.1744 	EXP 	cue_text: height = np.float64(0.1)
377.1744 	EXP 	cue_text: height = np.float64(0.1)
377.1744 	EXP 	cue_text: height = np.float64(0.1)
377.1744 	EXP 	cue_text: text = '←'
377.1744 	EXP 	fixation: autoDraw = True
377.3082 	EXP 	Device response: <KeyPress from None: t=377.15134379999654, value=right, duration=0.14253820000158157>
377.6590 	EXP 	fixation: autoDraw = False
377.6590 	EXP 	cue_text: autoDraw = True
377.9578 	EXP 	cue_text: autoDraw = False
378.2596 	INFO 	Keyboard events cleared
378.2594 	EXP 	target: autoDraw = True
378.7088 	EXP 	Device response: <KeyPress from None: t=378.69944979999855, value=right, duration=None>
378.7091 	EXP 	New trial (rep=26, index=1): <Trial 261 (1 in rep 26) data={'cue_arrow': '→', 'target_x': 0.5, 'condition': 'valid', 'corr_Ans': 'right', 'thisN': 261, 'thisTrialN': 1, 'thisRepN': 26}>
378.7125 	DATA 	Keypress: right
378.7258 	EXP 	fixation: autoDraw = False
378.7258 	EXP 	cue_text: autoDraw = False
378.7258 	EXP 	target: autoDraw = False
378.7258 	EXP 	cue_text: height = np.float64(0.1)
378.7258 	EXP 	cue_text: height = np.float64(0.1)
378.7258 	EXP 	cue_text: height = np.float64(0.1)
378.7258 	EXP 	cue_text: text = '→'
378.7258 	EXP 	fixation: autoDraw = True
378.8430 	EXP 	Device response: <KeyPress from None: t=378.69944979999855, value=right, duration=0.13922300000558607>
379.2079 	EXP 	fixation: autoDraw = False
379.2079 	EXP 	cue_text: autoDraw = True
379.5260 	EXP 	cue_text: autoDraw = False
379.8097 	INFO 	Keyboard events cleared
379.8094 	EXP 	target: autoDraw = True
380.3588 	EXP 	Device response: <KeyPress from None: t=380.3435365000041, value=right, duration=None>
380.3591 	EXP 	New trial (rep=26, index=2): <Trial 262 (2 in rep 26) data={'cue_arrow': '→', 'target_x': -0.5, 'condition': 'invalid', 'corr_Ans': 'left', 'thisN': 262, 'thisTrialN': 2, 'thisRepN': 26}>
380.3602 	DATA 	Keypress: right
380.3758 	EXP 	fixation: autoDraw = False
380.3758 	EXP 	cue_text: autoDraw = False
380.3758 	EXP 	target: autoDraw = False
380.3758 	EXP 	cue_text: text = '→'
380.3758 	EXP 	fixation: autoDraw = True
380.4741 	EXP 	Device response: <KeyPress from None: t=380.3435365000041, value=right, duration=0.12118699999700766>
380.8594 	EXP 	fixation: autoDraw = False
380.8594 	EXP 	cue_text: autoDraw = True
381.1590 	EXP 	cue_text: autoDraw = False
381.4759 	INFO 	Keyboard events cleared
381.4756 	EXP 	target: autoDraw = True
382.1430 	EXP 	Device response: <KeyPress from None: t=382.13492349999433, value=left, duration=None>
382.1434 	EXP 	New trial (rep=26, index=3): <Trial 263 (3 in rep 26) data={'cue_arrow': '←', 'target_x': -0.5, 'condition': 'valid', 'corr_Ans': 'left', 'thisN': 263, 'thisTrialN': 3, 'thisRepN': 26}>
382.1466 	DATA 	Keypress: left
382.1589 	EXP 	fixation: autoDraw = False
382.1589 	EXP 	cue_text: autoDraw = False
382.1589 	EXP 	target: autoDraw = False
382.1589 	EXP 	cue_text: height = np.float64(0.1)
382.1589 	EXP 	cue_text: height = np.float64(0.1)
382.1589 	EXP 	cue_text: height = np.float64(0.1)
382.1589 	EXP 	cue_text: text = '←'
382.1589 	EXP 	fixation: autoDraw = True
382.2760 	EXP 	Device response: <KeyPress from None: t=382.13492349999433, value=left, duration=0.13488990000041667>
382.6427 	EXP 	fixation: autoDraw = False
382.6427 	EXP 	cue_text: autoDraw = True
382.9428 	EXP 	cue_text: autoDraw = False
383.2426 	INFO 	Keyboard events cleared
383.2423 	EXP 	target: autoDraw = True
383.6585 	EXP 	Device response: <KeyPress from None: t=383.653458899993, value=left, duration=None>
383.6589 	EXP 	New trial (rep=26, index=4): <Trial 264 (4 in rep 26) data={'cue_arrow': '→', 'target_x': 0.5, 'condition': 'valid', 'corr_Ans': 'right', 'thisN': 264, 'thisTrialN': 4, 'thisRepN': 26}>
383.6625 	DATA 	Keypress: left
383.6747 	EXP 	fixation: autoDraw = False
383.6747 	EXP 	cue_text: autoDraw = False
383.6747 	EXP 	target: autoDraw = False
383.6747 	EXP 	cue_text: height = np.float64(0.1)
383.6747 	EXP 	cue_text: height = np.float64(0.1)
383.6747 	EXP 	cue_text: height = np.float64(0.1)
383.6747 	EXP 	cue_text: text = '→'
383.6747 	EXP 	fixation: autoDraw = True
383.8251 	EXP 	Device response: <KeyPress from None: t=383.653458899993, value=left, duration=0.1681208000081824>
384.1583 	EXP 	fixation: autoDraw = False
384.1583 	EXP 	cue_text: autoDraw = True
384.4592 	EXP 	cue_text: autoDraw = False
384.7596 	INFO 	Keyboard events cleared
384.7594 	EXP 	target: autoDraw = True
385.1263 	EXP 	Device response: <KeyPress from None: t=385.11281880000024, value=right, duration=None>
385.1267 	EXP 	New trial (rep=26, index=5): <Trial 265 (5 in rep 26) data={'cue_arrow': '←', 'target_x': -0.5, 'condition': 'valid', 'corr_Ans': 'left', 'thisN': 265, 'thisTrialN': 5, 'thisRepN': 26}>
385.1298 	DATA 	Keypress: right
385.1418 	EXP 	fixation: autoDraw = False
385.1418 	EXP 	cue_text: autoDraw = False
385.1418 	EXP 	target: autoDraw = False
385.1418 	EXP 	cue_text: height = np.float64(0.1)
385.1418 	EXP 	cue_text: height = np.float64(0.1)
385.1418 	EXP 	cue_text: height = np.float64(0.1)
385.1418 	EXP 	cue_text: text = '←'
385.1418 	EXP 	fixation: autoDraw = True
385.2428 	EXP 	Device response: <KeyPress from None: t=385.11281880000024, value=right, duration=0.12904679999337532>
385.6429 	EXP 	fixation: autoDraw = False
385.6429 	EXP 	cue_text: autoDraw = True
385.9417 	EXP 	cue_text: autoDraw = False
386.2264 	INFO 	Keyboard events cleared
386.2262 	EXP 	target: autoDraw = True
386.5258 	EXP 	Device response: <KeyPress from None: t=386.52385219999996, value=left, duration=None>
386.5261 	EXP 	New trial (rep=26, index=6): <Trial 266 (6 in rep 26) data={'cue_arrow': '→', 'target_x': 0.5, 'condition': 'valid', 'corr_Ans': 'right', 'thisN': 266, 'thisTrialN': 6, 'thisRepN': 26}>
386.5291 	DATA 	Keypress: left
386.5411 	EXP 	fixation: autoDraw = False
386.5411 	EXP 	cue_text: autoDraw = False
386.5411 	EXP 	target: autoDraw = False
386.5411 	EXP 	cue_text: height = np.float64(0.1)
386.5411 	EXP 	cue_text: height = np.float64(0.1)
386.5411 	EXP 	cue_text: height = np.float64(0.1)
386.5411 	EXP 	cue_text: text = '→'
386.5411 	EXP 	fixation: autoDraw = True
386.6749 	EXP 	Device response: <KeyPress from None: t=386.52385219999996, value=left, duration=0.1399533999938285>
387.0276 	EXP 	fixation: autoDraw = False
387.0276 	EXP 	cue_text: autoDraw = True
387.3259 	EXP 	cue_text: autoDraw = False
387.6258 	INFO 	Keyboard events cleared
387.6256 	EXP 	target: autoDraw = True
387.9078 	EXP 	Device response: <KeyPress from None: t=387.9023343000008, value=right, duration=None>
387.9082 	EXP 	New trial (rep=26, index=7): <Trial 267 (7 in rep 26) data={'cue_arrow': '←', 'target_x': -0.5, 'condition': 'valid', 'corr_Ans': 'left', 'thisN': 267, 'thisTrialN': 7, 'thisRepN': 26}>
387.9119 	DATA 	Keypress: right
387.9256 	EXP 	fixation: autoDraw = False
387.9256 	EXP 	cue_text: autoDraw = False
387.9256 	EXP 	target: autoDraw = False
387.9256 	EXP 	cue_text: height = np.float64(0.1)
387.9256 	EXP 	cue_text: height = np.float64(0.1)
387.9256 	EXP 	cue_text: height = np.float64(0.1)
387.9256 	EXP 	cue_text: text = '←'
387.9256 	EXP 	fixation: autoDraw = True
388.0585 	EXP 	Device response: <KeyPress from None: t=387.9023343000008, value=right, duration=0.13955469999928027>
388.4097 	EXP 	fixation: autoDraw = False
388.4097 	EXP 	cue_text: autoDraw = True
388.7080 	EXP 	cue_text: autoDraw = False
389.0087 	INFO 	Keyboard events cleared
389.0085 	EXP 	target: autoDraw = True
389.3585 	EXP 	Device response: <KeyPress from None: t=389.35185510000156, value=left, duration=None>
389.3589 	EXP 	New trial (rep=26, index=8): <Trial 268 (8 in rep 26) data={'cue_arrow': '←', 'target_x': -0.5, 'condition': 'valid', 'corr_Ans': 'left', 'thisN': 268, 'thisTrialN': 8, 'thisRepN': 26}>
389.3602 	DATA 	Keypress: left
389.3746 	EXP 	fixation: autoDraw = False
389.3746 	EXP 	cue_text: autoDraw = False
389.3746 	EXP 	target: autoDraw = False
389.3746 	EXP 	cue_text: text = '←'
389.3746 	EXP 	fixation: autoDraw = True
389.5085 	EXP 	Device response: <KeyPress from None: t=389.35185510000156, value=left, duration=0.1523700999969151>
389.8582 	EXP 	fixation: autoDraw = False
389.8582 	EXP 	cue_text: autoDraw = True
390.1596 	EXP 	cue_text: autoDraw = False
390.4588 	INFO 	Keyboard events cleared
390.4586 	EXP 	target: autoDraw = True
390.7778 	DATA 	Keypress: left
390.7916 	EXP 	Device response: <KeyPress from None: t=390.77721099999326, value=left, duration=None>
390.7921 	EXP 	New trial (rep=26, index=9): <Trial 269 (9 in rep 26) data={'cue_arrow': '→', 'target_x': 0.5, 'condition': 'valid', 'corr_Ans': 'right', 'thisN': 269, 'thisTrialN': 9, 'thisRepN': 26}>
390.8084 	EXP 	fixation: autoDraw = False
390.8084 	EXP 	cue_text: autoDraw = False
390.8084 	EXP 	target: autoDraw = False
390.8084 	EXP 	cue_text: height = np.float64(0.1)
390.8084 	EXP 	cue_text: height = np.float64(0.1)
390.8084 	EXP 	cue_text: height = np.float64(0.1)
390.8084 	EXP 	cue_text: text = '→'
390.8084 	EXP 	fixation: autoDraw = True
390.9249 	EXP 	Device response: <KeyPress from None: t=390.77721099999326, value=left, duration=0.1400454999966314>
391.2914 	EXP 	fixation: autoDraw = False
391.2914 	EXP 	cue_text: autoDraw = True
391.5925 	EXP 	cue_text: autoDraw = False
391.8930 	INFO 	Keyboard events cleared
391.8927 	EXP 	target: autoDraw = True
392.2423 	EXP 	Device response: <KeyPress from None: t=392.22998799999186, value=right, duration=None>
392.2426 	EXP 	New trial (rep=27, index=0): <Trial 270 (0 in rep 27) data={'cue_arrow': '←', 'target_x': -0.5, 'condition': 'valid', 'corr_Ans': 'left', 'thisN': 270, 'thisTrialN': 0, 'thisRepN': 27}>
392.2460 	DATA 	Keypress: right
392.2589 	EXP 	fixation: autoDraw = False
392.2589 	EXP 	cue_text: autoDraw = False
392.2589 	EXP 	target: autoDraw = False
392.2589 	EXP 	cue_text: height = np.float64(0.1)
392.2589 	EXP 	cue_text: height = np.float64(0.1)
392.2589 	EXP 	cue_text: height = np.float64(0.1)
392.2589 	EXP 	cue_text: text = '←'
392.2589 	EXP 	fixation: autoDraw = True
392.3767 	EXP 	Device response: <KeyPress from None: t=392.22998799999186, value=right, duration=0.1302849000057904>
392.7413 	EXP 	fixation: autoDraw = False
392.7413 	EXP 	cue_text: autoDraw = True
393.0430 	EXP 	cue_text: autoDraw = False
393.3432 	INFO 	Keyboard events cleared
393.3430 	EXP 	target: autoDraw = True
393.6087 	EXP 	Device response: <KeyPress from None: t=393.59384560000035, value=left, duration=None>
393.6090 	EXP 	New trial (rep=27, index=1): <Trial 271 (1 in rep 27) data={'cue_arrow': '←', 'target_x': -0.5, 'condition': 'valid', 'corr_Ans': 'left', 'thisN': 271, 'thisTrialN': 1, 'thisRepN': 27}>
393.6106 	DATA 	Keypress: left
393.6285 	EXP 	fixation: autoDraw = False
393.6285 	EXP 	cue_text: autoDraw = False
393.6285 	EXP 	target: autoDraw = False
393.6285 	EXP 	cue_text: text = '←'
393.6285 	EXP 	fixation: autoDraw = True
393.7420 	EXP 	Device response: <KeyPress from None: t=393.59384560000035, value=left, duration=0.13199660000100266>
394.1095 	EXP 	fixation: autoDraw = False
394.1095 	EXP 	cue_text: autoDraw = True
394.4086 	EXP 	cue_text: autoDraw = False
394.7096 	INFO 	Keyboard events cleared
394.7094 	EXP 	target: autoDraw = True
395.1431 	EXP 	Device response: <KeyPress from None: t=395.1344911999913, value=left, duration=None>
395.1434 	EXP 	New trial (rep=27, index=2): <Trial 272 (2 in rep 27) data={'cue_arrow': '→', 'target_x': 0.5, 'condition': 'valid', 'corr_Ans': 'right', 'thisN': 272, 'thisTrialN': 2, 'thisRepN': 27}>
395.1466 	DATA 	Keypress: left
395.1589 	EXP 	fixation: autoDraw = False
395.1589 	EXP 	cue_text: autoDraw = False
395.1589 	EXP 	target: autoDraw = False
395.1589 	EXP 	cue_text: height = np.float64(0.1)
395.1589 	EXP 	cue_text: height = np.float64(0.1)
395.1589 	EXP 	cue_text: height = np.float64(0.1)
395.1589 	EXP 	cue_text: text = '→'
395.1589 	EXP 	fixation: autoDraw = True
395.2582 	EXP 	Device response: <KeyPress from None: t=395.1344911999913, value=left, duration=0.11924400000134483>
395.6430 	EXP 	fixation: autoDraw = False
395.6430 	EXP 	cue_text: autoDraw = True
395.9433 	EXP 	cue_text: autoDraw = False
396.2425 	INFO 	Keyboard events cleared
396.2423 	EXP 	target: autoDraw = True
396.6435 	DATA 	Keypress: right
396.6585 	EXP 	Device response: <KeyPress from None: t=396.6430060999992, value=right, duration=None>
396.6588 	EXP 	New trial (rep=27, index=3): <Trial 273 (3 in rep 27) data={'cue_arrow': '→', 'target_x': 0.5, 'condition': 'valid', 'corr_Ans': 'right', 'thisN': 273, 'thisTrialN': 3, 'thisRepN': 27}>
396.6758 	EXP 	fixation: autoDraw = False
396.6758 	EXP 	cue_text: autoDraw = False
396.6758 	EXP 	target: autoDraw = False
396.6758 	EXP 	cue_text: text = '→'
396.6758 	EXP 	fixation: autoDraw = True
396.7760 	EXP 	Device response: <KeyPress from None: t=396.6430060999992, value=right, duration=0.13022419999470003>
397.1580 	EXP 	fixation: autoDraw = False
397.1580 	EXP 	cue_text: autoDraw = True
397.4592 	EXP 	cue_text: autoDraw = False
397.7600 	INFO 	Keyboard events cleared
397.7598 	EXP 	target: autoDraw = True
398.2929 	EXP 	Device response: <KeyPress from None: t=398.28952669999853, value=right, duration=None>
398.2933 	EXP 	New trial (rep=27, index=4): <Trial 274 (4 in rep 27) data={'cue_arrow': '←', 'target_x': -0.5, 'condition': 'valid', 'corr_Ans': 'left', 'thisN': 274, 'thisTrialN': 4, 'thisRepN': 27}>
398.2966 	DATA 	Keypress: right
398.3088 	EXP 	fixation: autoDraw = False
398.3088 	EXP 	cue_text: autoDraw = False
398.3088 	EXP 	target: autoDraw = False
398.3088 	EXP 	cue_text: height = np.float64(0.1)
398.3088 	EXP 	cue_text: height = np.float64(0.1)
398.3088 	EXP 	cue_text: height = np.float64(0.1)
398.3088 	EXP 	cue_text: text = '←'
398.3088 	EXP 	fixation: autoDraw = True
398.4266 	EXP 	Device response: <KeyPress from None: t=398.28952669999853, value=right, duration=0.134579899997334>
398.8081 	EXP 	fixation: autoDraw = False
398.8081 	EXP 	cue_text: autoDraw = True
399.0926 	EXP 	cue_text: autoDraw = False
399.3933 	INFO 	Keyboard events cleared
399.3931 	EXP 	target: autoDraw = True
399.6925 	EXP 	Device response: <KeyPress from None: t=399.68634629998996, value=left, duration=None>
399.6928 	EXP 	New trial (rep=27, index=5): <Trial 275 (5 in rep 27) data={'cue_arrow': '→', 'target_x': 0.5, 'condition': 'valid', 'corr_Ans': 'right', 'thisN': 275, 'thisTrialN': 5, 'thisRepN': 27}>
399.6959 	DATA 	Keypress: left
399.7091 	EXP 	fixation: autoDraw = False
399.7091 	EXP 	cue_text: autoDraw = False
399.7091 	EXP 	target: autoDraw = False
399.7091 	EXP 	cue_text: height = np.float64(0.1)
399.7091 	EXP 	cue_text: height = np.float64(0.1)
399.7091 	EXP 	cue_text: height = np.float64(0.1)
399.7091 	EXP 	cue_text: text = '→'
399.7091 	EXP 	fixation: autoDraw = True
399.8587 	EXP 	Device response: <KeyPress from None: t=399.68634629998996, value=left, duration=0.1664844000042649>
400.1918 	EXP 	fixation: autoDraw = False
400.1918 	EXP 	cue_text: autoDraw = True
400.4928 	EXP 	cue_text: autoDraw = False
400.7929 	INFO 	Keyboard events cleared
400.7926 	EXP 	target: autoDraw = True
401.1268 	EXP 	Device response: <KeyPress from None: t=401.11451299999317, value=right, duration=None>
401.1273 	EXP 	New trial (rep=27, index=6): <Trial 276 (6 in rep 27) data={'cue_arrow': '←', 'target_x': -0.5, 'condition': 'valid', 'corr_Ans': 'left', 'thisN': 276, 'thisTrialN': 6, 'thisRepN': 27}>
401.1310 	DATA 	Keypress: right
401.1411 	EXP 	fixation: autoDraw = False
401.1411 	EXP 	cue_text: autoDraw = False
401.1411 	EXP 	target: autoDraw = False
401.1411 	EXP 	cue_text: height = np.float64(0.1)
401.1411 	EXP 	cue_text: height = np.float64(0.1)
401.1411 	EXP 	cue_text: height = np.float64(0.1)
401.1411 	EXP 	cue_text: text = '←'
401.1411 	EXP 	fixation: autoDraw = True
401.2588 	EXP 	Device response: <KeyPress from None: t=401.11451299999317, value=right, duration=0.13005380000686273>
401.6416 	EXP 	fixation: autoDraw = False
401.6416 	EXP 	cue_text: autoDraw = True
401.9260 	EXP 	cue_text: autoDraw = False
402.2262 	INFO 	Keyboard events cleared
402.2260 	EXP 	target: autoDraw = True
402.4756 	EXP 	Device response: <KeyPress from None: t=402.46236350000254, value=left, duration=None>
402.4760 	EXP 	New trial (rep=27, index=7): <Trial 277 (7 in rep 27) data={'cue_arrow': '←', 'target_x': 0.5, 'condition': 'invalid', 'corr_Ans': 'right', 'thisN': 277, 'thisTrialN': 7, 'thisRepN': 27}>
402.4771 	DATA 	Keypress: left
402.4918 	EXP 	fixation: autoDraw = False
402.4918 	EXP 	cue_text: autoDraw = False
402.4918 	EXP 	target: autoDraw = False
402.4918 	EXP 	cue_text: text = '←'
402.4918 	EXP 	fixation: autoDraw = True
402.5770 	EXP 	Device response: <KeyPress from None: t=402.46236350000254, value=left, duration=0.10002339999482501>
402.9927 	EXP 	fixation: autoDraw = False
402.9927 	EXP 	cue_text: autoDraw = True
403.2763 	EXP 	cue_text: autoDraw = False
403.5760 	INFO 	Keyboard events cleared
403.5758 	EXP 	target: autoDraw = True
403.8767 	EXP 	Device response: <KeyPress from None: t=403.8682658000034, value=right, duration=None>
403.8770 	EXP 	New trial (rep=27, index=8): <Trial 278 (8 in rep 27) data={'cue_arrow': '→', 'target_x': 0.5, 'condition': 'valid', 'corr_Ans': 'right', 'thisN': 278, 'thisTrialN': 8, 'thisRepN': 27}>
403.8802 	DATA 	Keypress: right
403.8917 	EXP 	fixation: autoDraw = False
403.8917 	EXP 	cue_text: autoDraw = False
403.8917 	EXP 	target: autoDraw = False
403.8917 	EXP 	cue_text: height = np.float64(0.1)
403.8917 	EXP 	cue_text: height = np.float64(0.1)
403.8917 	EXP 	cue_text: height = np.float64(0.1)
403.8917 	EXP 	cue_text: text = '→'
403.8917 	EXP 	fixation: autoDraw = True
404.0088 	EXP 	Device response: <KeyPress from None: t=403.8682658000034, value=right, duration=0.12639869999838993>
404.3757 	EXP 	fixation: autoDraw = False
404.3757 	EXP 	cue_text: autoDraw = True
404.6758 	EXP 	cue_text: autoDraw = False
404.9767 	INFO 	Keyboard events cleared
404.9765 	EXP 	target: autoDraw = True
405.2281 	DATA 	Keypress: right
405.2423 	EXP 	Device response: <KeyPress from None: t=405.2268999999942, value=right, duration=None>
405.2427 	EXP 	New trial (rep=27, index=9): <Trial 279 (9 in rep 27) data={'cue_arrow': '→', 'target_x': -0.5, 'condition': 'invalid', 'corr_Ans': 'left', 'thisN': 279, 'thisTrialN': 9, 'thisRepN': 27}>
405.2586 	EXP 	fixation: autoDraw = False
405.2586 	EXP 	cue_text: autoDraw = False
405.2586 	EXP 	target: autoDraw = False
405.2586 	EXP 	cue_text: text = '→'
405.2586 	EXP 	fixation: autoDraw = True
405.3770 	EXP 	Device response: <KeyPress from None: t=405.2268999999942, value=right, duration=0.1368683000036981>
405.7430 	EXP 	fixation: autoDraw = False
405.7430 	EXP 	cue_text: autoDraw = True
406.0599 	EXP 	cue_text: autoDraw = False
406.3416 	INFO 	Keyboard events cleared
406.3414 	EXP 	target: autoDraw = True
406.7755 	EXP 	Device response: <KeyPress from None: t=406.7656489999936, value=left, duration=None>
406.7758 	EXP 	New trial (rep=28, index=0): <Trial 280 (0 in rep 28) data={'cue_arrow': '→', 'target_x': 0.5, 'condition': 'valid', 'corr_Ans': 'right', 'thisN': 280, 'thisTrialN': 0, 'thisRepN': 28}>
406.7770 	DATA 	Keypress: left
406.7920 	EXP 	fixation: autoDraw = False
406.7920 	EXP 	cue_text: autoDraw = False
406.7920 	EXP 	target: autoDraw = False
406.7920 	EXP 	cue_text: text = '→'
406.7920 	EXP 	fixation: autoDraw = True
406.9101 	EXP 	Device response: <KeyPress from None: t=406.7656489999936, value=left, duration=0.12921100000676233>
407.2763 	EXP 	fixation: autoDraw = False
407.2763 	EXP 	cue_text: autoDraw = True
407.5750 	EXP 	cue_text: autoDraw = False
407.8762 	INFO 	Keyboard events cleared
407.8760 	EXP 	target: autoDraw = True
408.1258 	EXP 	Device response: <KeyPress from None: t=408.1232705000002, value=right, duration=None>
408.1262 	EXP 	New trial (rep=28, index=1): <Trial 281 (1 in rep 28) data={'cue_arrow': '←', 'target_x': -0.5, 'condition': 'valid', 'corr_Ans': 'left', 'thisN': 281, 'thisTrialN': 1, 'thisRepN': 28}>
408.1295 	DATA 	Keypress: right
408.1416 	EXP 	fixation: autoDraw = False
408.1416 	EXP 	cue_text: autoDraw = False
408.1416 	EXP 	target: autoDraw = False
408.1416 	EXP 	cue_text: height = np.float64(0.1)
408.1416 	EXP 	cue_text: height = np.float64(0.1)
408.1416 	EXP 	cue_text: height = np.float64(0.1)
408.1416 	EXP 	cue_text: text = '←'
408.1416 	EXP 	fixation: autoDraw = True
408.2608 	EXP 	Device response: <KeyPress from None: t=408.1232705000002, value=right, duration=0.13332839999930002>
408.6248 	EXP 	fixation: autoDraw = False
408.6248 	EXP 	cue_text: autoDraw = True
408.9267 	EXP 	cue_text: autoDraw = False
409.2261 	INFO 	Keyboard events cleared
409.2259 	EXP 	target: autoDraw = True
409.5430 	EXP 	Device response: <KeyPress from None: t=409.53354540000146, value=left, duration=None>
409.5436 	EXP 	New trial (rep=28, index=2): <Trial 282 (2 in rep 28) data={'cue_arrow': '←', 'target_x': -0.5, 'condition': 'valid', 'corr_Ans': 'left', 'thisN': 282, 'thisTrialN': 2, 'thisRepN': 28}>
409.5453 	DATA 	Keypress: left
409.5584 	EXP 	fixation: autoDraw = False
409.5584 	EXP 	cue_text: autoDraw = False
409.5584 	EXP 	target: autoDraw = False
409.5584 	EXP 	cue_text: text = '←'
409.5584 	EXP 	fixation: autoDraw = True
409.7256 	EXP 	Device response: <KeyPress from None: t=409.53354540000146, value=left, duration=0.17869210000208113>
410.0431 	EXP 	fixation: autoDraw = False
410.0431 	EXP 	cue_text: autoDraw = True
410.3430 	EXP 	cue_text: autoDraw = False
410.6597 	INFO 	Keyboard events cleared
410.6594 	EXP 	target: autoDraw = True
410.9427 	EXP 	Device response: <KeyPress from None: t=410.92675790000067, value=left, duration=None>
410.9431 	EXP 	New trial (rep=28, index=3): <Trial 283 (3 in rep 28) data={'cue_arrow': '→', 'target_x': -0.5, 'condition': 'invalid', 'corr_Ans': 'left', 'thisN': 283, 'thisTrialN': 3, 'thisRepN': 28}>
410.9471 	DATA 	Keypress: left
410.9588 	EXP 	fixation: autoDraw = False
410.9588 	EXP 	cue_text: autoDraw = False
410.9588 	EXP 	target: autoDraw = False
410.9588 	EXP 	cue_text: height = np.float64(0.1)
410.9588 	EXP 	cue_text: height = np.float64(0.1)
410.9588 	EXP 	cue_text: height = np.float64(0.1)
410.9588 	EXP 	cue_text: text = '→'
410.9588 	EXP 	fixation: autoDraw = True
411.0919 	EXP 	Device response: <KeyPress from None: t=410.92675790000067, value=left, duration=0.16003030000138097>
411.4581 	EXP 	fixation: autoDraw = False
411.4581 	EXP 	cue_text: autoDraw = True
411.7419 	EXP 	cue_text: autoDraw = False
412.0432 	INFO 	Keyboard events cleared
412.0430 	EXP 	target: autoDraw = True
412.4255 	EXP 	Device response: <KeyPress from None: t=412.41819899999246, value=left, duration=None>
412.4260 	EXP 	New trial (rep=28, index=4): <Trial 284 (4 in rep 28) data={'cue_arrow': '←', 'target_x': -0.5, 'condition': 'valid', 'corr_Ans': 'left', 'thisN': 284, 'thisTrialN': 4, 'thisRepN': 28}>
412.4294 	DATA 	Keypress: left
412.4415 	EXP 	fixation: autoDraw = False
412.4415 	EXP 	cue_text: autoDraw = False
412.4415 	EXP 	target: autoDraw = False
412.4415 	EXP 	cue_text: height = np.float64(0.1)
412.4415 	EXP 	cue_text: height = np.float64(0.1)
412.4415 	EXP 	cue_text: height = np.float64(0.1)
412.4415 	EXP 	cue_text: text = '←'
412.4415 	EXP 	fixation: autoDraw = True
412.5933 	EXP 	Device response: <KeyPress from None: t=412.41819899999246, value=left, duration=0.1717378000030294>
412.9249 	EXP 	fixation: autoDraw = False
412.9249 	EXP 	cue_text: autoDraw = True
413.2250 	EXP 	cue_text: autoDraw = False
413.5253 	INFO 	Keyboard events cleared
413.5251 	EXP 	target: autoDraw = True
413.8109 	DATA 	Keypress: left
413.8256 	EXP 	Device response: <KeyPress from None: t=413.8099550999905, value=left, duration=None>
413.8259 	EXP 	New trial (rep=28, index=5): <Trial 285 (5 in rep 28) data={'cue_arrow': '→', 'target_x': 0.5, 'condition': 'valid', 'corr_Ans': 'right', 'thisN': 285, 'thisTrialN': 5, 'thisRepN': 28}>
413.8435 	EXP 	fixation: autoDraw = False
413.8435 	EXP 	cue_text: autoDraw = False
413.8435 	EXP 	target: autoDraw = False
413.8435 	EXP 	cue_text: height = np.float64(0.1)
413.8435 	EXP 	cue_text: height = np.float64(0.1)
413.8435 	EXP 	cue_text: height = np.float64(0.1)
413.8435 	EXP 	cue_text: text = '→'
413.8435 	EXP 	fixation: autoDraw = True
413.9590 	EXP 	Device response: <KeyPress from None: t=413.8099550999905, value=left, duration=0.146242800008622>
414.3249 	EXP 	fixation: autoDraw = False
414.3249 	EXP 	cue_text: autoDraw = True
414.6267 	EXP 	cue_text: autoDraw = False
414.9264 	INFO 	Keyboard events cleared
414.9262 	EXP 	target: autoDraw = True
415.1928 	EXP 	Device response: <KeyPress from None: t=415.1776916999952, value=right, duration=None>
415.1932 	EXP 	New trial (rep=28, index=6): <Trial 286 (6 in rep 28) data={'cue_arrow': '←', 'target_x': -0.5, 'condition': 'valid', 'corr_Ans': 'left', 'thisN': 286, 'thisTrialN': 6, 'thisRepN': 28}>
415.1982 	DATA 	Keypress: right
415.2074 	EXP 	fixation: autoDraw = False
415.2074 	EXP 	cue_text: autoDraw = False
415.2074 	EXP 	target: autoDraw = False
415.2074 	EXP 	cue_text: height = np.float64(0.1)
415.2074 	EXP 	cue_text: height = np.float64(0.1)
415.2074 	EXP 	cue_text: height = np.float64(0.1)
415.2074 	EXP 	cue_text: text = '←'
415.2074 	EXP 	fixation: autoDraw = True
415.3607 	EXP 	Device response: <KeyPress from None: t=415.1776916999952, value=right, duration=0.16540630000235979>
415.6931 	EXP 	fixation: autoDraw = False
415.6931 	EXP 	cue_text: autoDraw = True
415.9928 	EXP 	cue_text: autoDraw = False
416.2918 	INFO 	Keyboard events cleared
416.2916 	EXP 	target: autoDraw = True
416.5755 	EXP 	Device response: <KeyPress from None: t=416.56498559999454, value=left, duration=None>
416.5759 	EXP 	New trial (rep=28, index=7): <Trial 287 (7 in rep 28) data={'cue_arrow': '←', 'target_x': 0.5, 'condition': 'invalid', 'corr_Ans': 'right', 'thisN': 287, 'thisTrialN': 7, 'thisRepN': 28}>
416.5775 	DATA 	Keypress: left
416.5915 	EXP 	fixation: autoDraw = False
416.5915 	EXP 	cue_text: autoDraw = False
416.5915 	EXP 	target: autoDraw = False
416.5915 	EXP 	cue_text: text = '←'
416.5915 	EXP 	fixation: autoDraw = True
416.7422 	EXP 	Device response: <KeyPress from None: t=416.56498559999454, value=left, duration=0.16008420000434853>
417.0764 	EXP 	fixation: autoDraw = False
417.0764 	EXP 	cue_text: autoDraw = True
417.3768 	EXP 	cue_text: autoDraw = False
417.6767 	INFO 	Keyboard events cleared
417.6765 	EXP 	target: autoDraw = True
418.0093 	EXP 	Device response: <KeyPress from None: t=418.0063164000021, value=right, duration=None>
418.0096 	EXP 	New trial (rep=28, index=8): <Trial 288 (8 in rep 28) data={'cue_arrow': '→', 'target_x': 0.5, 'condition': 'valid', 'corr_Ans': 'right', 'thisN': 288, 'thisTrialN': 8, 'thisRepN': 28}>
418.0126 	DATA 	Keypress: right
418.0295 	EXP 	fixation: autoDraw = False
418.0295 	EXP 	cue_text: autoDraw = False
418.0295 	EXP 	target: autoDraw = False
418.0295 	EXP 	cue_text: height = np.float64(0.1)
418.0295 	EXP 	cue_text: height = np.float64(0.1)
418.0295 	EXP 	cue_text: height = np.float64(0.1)
418.0295 	EXP 	cue_text: text = '→'
418.0295 	EXP 	fixation: autoDraw = True
418.1754 	EXP 	Device response: <KeyPress from None: t=418.0063164000021, value=right, duration=0.15475119999609888>
418.5094 	EXP 	fixation: autoDraw = False
418.5094 	EXP 	cue_text: autoDraw = True
418.8095 	EXP 	cue_text: autoDraw = False
419.1106 	INFO 	Keyboard events cleared
419.1104 	EXP 	target: autoDraw = True
419.3936 	EXP 	Device response: <KeyPress from None: t=419.38583869999275, value=right, duration=None>
419.3940 	EXP 	New trial (rep=28, index=9): <Trial 289 (9 in rep 28) data={'cue_arrow': '→', 'target_x': 0.5, 'condition': 'valid', 'corr_Ans': 'right', 'thisN': 289, 'thisTrialN': 9, 'thisRepN': 28}>
419.3953 	DATA 	Keypress: right
419.4086 	EXP 	fixation: autoDraw = False
419.4086 	EXP 	cue_text: autoDraw = False
419.4086 	EXP 	target: autoDraw = False
419.4086 	EXP 	cue_text: text = '→'
419.4086 	EXP 	fixation: autoDraw = True
419.5431 	EXP 	Device response: <KeyPress from None: t=419.38583869999275, value=right, duration=0.14875059999758378>
419.8935 	EXP 	fixation: autoDraw = False
419.8935 	EXP 	cue_text: autoDraw = True
420.1919 	EXP 	cue_text: autoDraw = False
420.4929 	INFO 	Keyboard events cleared
420.4926 	EXP 	target: autoDraw = True
420.8591 	EXP 	Device response: <KeyPress from None: t=420.84458389999054, value=right, duration=None>
420.8594 	EXP 	New trial (rep=29, index=0): <Trial 290 (0 in rep 29) data={'cue_arrow': '←', 'target_x': -0.5, 'condition': 'valid', 'corr_Ans': 'left', 'thisN': 290, 'thisTrialN': 0, 'thisRepN': 29}>
420.8624 	DATA 	Keypress: right
420.8755 	EXP 	fixation: autoDraw = False
420.8755 	EXP 	cue_text: autoDraw = False
420.8755 	EXP 	target: autoDraw = False
420.8755 	EXP 	cue_text: height = np.float64(0.1)
420.8755 	EXP 	cue_text: height = np.float64(0.1)
420.8755 	EXP 	cue_text: height = np.float64(0.1)
420.8755 	EXP 	cue_text: text = '←'
420.8755 	EXP 	fixation: autoDraw = True
420.9935 	EXP 	Device response: <KeyPress from None: t=420.84458389999054, value=right, duration=0.14233300001069438>
421.3600 	EXP 	fixation: autoDraw = False
421.3600 	EXP 	cue_text: autoDraw = True
421.6600 	EXP 	cue_text: autoDraw = False
421.9602 	INFO 	Keyboard events cleared
421.9600 	EXP 	target: autoDraw = True
422.3603 	EXP 	Device response: <KeyPress from None: t=422.3498663999926, value=left, duration=None>
422.3606 	EXP 	New trial (rep=29, index=1): <Trial 291 (1 in rep 29) data={'cue_arrow': '→', 'target_x': 0.5, 'condition': 'valid', 'corr_Ans': 'right', 'thisN': 291, 'thisTrialN': 1, 'thisRepN': 29}>
422.3635 	DATA 	Keypress: left
422.3753 	EXP 	fixation: autoDraw = False
422.3753 	EXP 	cue_text: autoDraw = False
422.3753 	EXP 	target: autoDraw = False
422.3753 	EXP 	cue_text: height = np.float64(0.1)
422.3753 	EXP 	cue_text: height = np.float64(0.1)
422.3753 	EXP 	cue_text: height = np.float64(0.1)
422.3753 	EXP 	cue_text: text = '→'
422.3753 	EXP 	fixation: autoDraw = True
422.5596 	EXP 	Device response: <KeyPress from None: t=422.3498663999926, value=left, duration=0.2067317000037292>
422.8587 	EXP 	fixation: autoDraw = False
422.8587 	EXP 	cue_text: autoDraw = True
423.1601 	EXP 	cue_text: autoDraw = False
423.4603 	INFO 	Keyboard events cleared
423.4601 	EXP 	target: autoDraw = True
423.7593 	EXP 	Device response: <KeyPress from None: t=423.7452297999989, value=right, duration=None>
423.7597 	EXP 	New trial (rep=29, index=2): <Trial 292 (2 in rep 29) data={'cue_arrow': '→', 'target_x': 0.5, 'condition': 'valid', 'corr_Ans': 'right', 'thisN': 292, 'thisTrialN': 2, 'thisRepN': 29}>
423.7608 	DATA 	Keypress: right
423.7769 	EXP 	fixation: autoDraw = False
423.7769 	EXP 	cue_text: autoDraw = False
423.7769 	EXP 	target: autoDraw = False
423.7769 	EXP 	cue_text: text = '→'
423.7769 	EXP 	fixation: autoDraw = True
423.8936 	EXP 	Device response: <KeyPress from None: t=423.7452297999989, value=right, duration=0.13940790000197012>
424.2601 	EXP 	fixation: autoDraw = False
424.2601 	EXP 	cue_text: autoDraw = True
424.5598 	EXP 	cue_text: autoDraw = False
424.8585 	INFO 	Keyboard events cleared
424.8584 	EXP 	target: autoDraw = True
425.3437 	EXP 	Device response: <KeyPress from None: t=425.33899720000045, value=right, duration=None>
425.3440 	EXP 	New trial (rep=29, index=3): <Trial 293 (3 in rep 29) data={'cue_arrow': '←', 'target_x': -0.5, 'condition': 'valid', 'corr_Ans': 'left', 'thisN': 293, 'thisTrialN': 3, 'thisRepN': 29}>
425.3474 	DATA 	Keypress: right
425.3591 	EXP 	fixation: autoDraw = False
425.3591 	EXP 	cue_text: autoDraw = False
425.3591 	EXP 	target: autoDraw = False
425.3591 	EXP 	cue_text: height = np.float64(0.1)
425.3591 	EXP 	cue_text: height = np.float64(0.1)
425.3591 	EXP 	cue_text: height = np.float64(0.1)
425.3591 	EXP 	cue_text: text = '←'
425.3591 	EXP 	fixation: autoDraw = True
425.5089 	EXP 	Device response: <KeyPress from None: t=425.33899720000045, value=right, duration=0.15408659999957308>
425.8437 	EXP 	fixation: autoDraw = False
425.8437 	EXP 	cue_text: autoDraw = True
426.1434 	EXP 	cue_text: autoDraw = False
426.4436 	INFO 	Keyboard events cleared
426.4434 	EXP 	target: autoDraw = True
426.7425 	EXP 	Device response: <KeyPress from None: t=426.73309579999477, value=left, duration=None>
426.7429 	EXP 	New trial (rep=29, index=4): <Trial 294 (4 in rep 29) data={'cue_arrow': '←', 'target_x': -0.5, 'condition': 'valid', 'corr_Ans': 'left', 'thisN': 294, 'thisTrialN': 4, 'thisRepN': 29}>
426.7442 	DATA 	Keypress: left
426.7599 	EXP 	fixation: autoDraw = False
426.7599 	EXP 	cue_text: autoDraw = False
426.7599 	EXP 	target: autoDraw = False
426.7599 	EXP 	cue_text: text = '←'
426.7599 	EXP 	fixation: autoDraw = True
426.9427 	EXP 	Device response: <KeyPress from None: t=426.73309579999477, value=left, duration=0.20581240000319667>
427.2424 	EXP 	fixation: autoDraw = False
427.2424 	EXP 	cue_text: autoDraw = True
427.5434 	EXP 	cue_text: autoDraw = False
427.8427 	INFO 	Keyboard events cleared
427.8425 	EXP 	target: autoDraw = True
428.2433 	EXP 	Device response: <KeyPress from None: t=428.2425014999899, value=left, duration=None>
428.2437 	EXP 	New trial (rep=29, index=5): <Trial 295 (5 in rep 29) data={'cue_arrow': '←', 'target_x': 0.5, 'condition': 'invalid', 'corr_Ans': 'right', 'thisN': 295, 'thisTrialN': 5, 'thisRepN': 29}>
428.2450 	DATA 	Keypress: left
428.2583 	EXP 	fixation: autoDraw = False
428.2583 	EXP 	cue_text: autoDraw = False
428.2583 	EXP 	target: autoDraw = False
428.2583 	EXP 	cue_text: text = '←'
428.2583 	EXP 	fixation: autoDraw = True
428.3929 	EXP 	Device response: <KeyPress from None: t=428.2425014999899, value=left, duration=0.13996070000575855>
428.7428 	EXP 	fixation: autoDraw = False
428.7428 	EXP 	cue_text: autoDraw = True
429.0598 	EXP 	cue_text: autoDraw = False
429.3434 	INFO 	Keyboard events cleared
429.3432 	EXP 	target: autoDraw = True
429.9447 	DATA 	Keypress: right
429.9594 	EXP 	Device response: <KeyPress from None: t=429.94345199999225, value=right, duration=None>
429.9598 	EXP 	New trial (rep=29, index=6): <Trial 296 (6 in rep 29) data={'cue_arrow': '→', 'target_x': 0.5, 'condition': 'valid', 'corr_Ans': 'right', 'thisN': 296, 'thisTrialN': 6, 'thisRepN': 29}>
429.9751 	EXP 	fixation: autoDraw = False
429.9751 	EXP 	cue_text: autoDraw = False
429.9751 	EXP 	target: autoDraw = False
429.9751 	EXP 	cue_text: height = np.float64(0.1)
429.9751 	EXP 	cue_text: height = np.float64(0.1)
429.9751 	EXP 	cue_text: height = np.float64(0.1)
429.9751 	EXP 	cue_text: text = '→'
429.9751 	EXP 	fixation: autoDraw = True
430.0768 	EXP 	Device response: <KeyPress from None: t=429.94345199999225, value=right, duration=0.1299046000058297>
430.4596 	EXP 	fixation: autoDraw = False
430.4596 	EXP 	cue_text: autoDraw = True
430.7586 	EXP 	cue_text: autoDraw = False
431.0604 	INFO 	Keyboard events cleared
431.0602 	EXP 	target: autoDraw = True
431.4094 	EXP 	Device response: <KeyPress from None: t=431.4005180999957, value=right, duration=None>
431.4098 	EXP 	New trial (rep=29, index=7): <Trial 297 (7 in rep 29) data={'cue_arrow': '←', 'target_x': -0.5, 'condition': 'valid', 'corr_Ans': 'left', 'thisN': 297, 'thisTrialN': 7, 'thisRepN': 29}>
431.4130 	DATA 	Keypress: right
431.4250 	EXP 	fixation: autoDraw = False
431.4250 	EXP 	cue_text: autoDraw = False
431.4250 	EXP 	target: autoDraw = False
431.4250 	EXP 	cue_text: height = np.float64(0.1)
431.4250 	EXP 	cue_text: height = np.float64(0.1)
431.4250 	EXP 	cue_text: height = np.float64(0.1)
431.4250 	EXP 	cue_text: text = '←'
431.4250 	EXP 	fixation: autoDraw = True
431.5606 	EXP 	Device response: <KeyPress from None: t=431.4005180999957, value=right, duration=0.15746669999498408>
431.9101 	EXP 	fixation: autoDraw = False
431.9101 	EXP 	cue_text: autoDraw = True
432.2103 	EXP 	cue_text: autoDraw = False
432.5091 	INFO 	Keyboard events cleared
432.5090 	EXP 	target: autoDraw = True
432.8429 	EXP 	Device response: <KeyPress from None: t=432.84159080000245, value=left, duration=None>
432.8432 	EXP 	New trial (rep=29, index=8): <Trial 298 (8 in rep 29) data={'cue_arrow': '→', 'target_x': -0.5, 'condition': 'invalid', 'corr_Ans': 'left', 'thisN': 298, 'thisTrialN': 8, 'thisRepN': 29}>
432.8462 	DATA 	Keypress: left
432.8585 	EXP 	fixation: autoDraw = False
432.8585 	EXP 	cue_text: autoDraw = False
432.8585 	EXP 	target: autoDraw = False
432.8585 	EXP 	cue_text: height = np.float64(0.1)
432.8585 	EXP 	cue_text: height = np.float64(0.1)
432.8585 	EXP 	cue_text: height = np.float64(0.1)
432.8585 	EXP 	cue_text: text = '→'
432.8585 	EXP 	fixation: autoDraw = True
432.9928 	EXP 	Device response: <KeyPress from None: t=432.84159080000245, value=left, duration=0.1498113999987254>
433.3432 	EXP 	fixation: autoDraw = False
433.3432 	EXP 	cue_text: autoDraw = True
433.6433 	EXP 	cue_text: autoDraw = False
433.9437 	INFO 	Keyboard events cleared
433.9435 	EXP 	target: autoDraw = True
434.4423 	EXP 	Device response: <KeyPress from None: t=434.440580399998, value=left, duration=None>
434.4427 	EXP 	New trial (rep=29, index=9): <Trial 299 (9 in rep 29) data={'cue_arrow': '→', 'target_x': 0.5, 'condition': 'valid', 'corr_Ans': 'right', 'thisN': 299, 'thisTrialN': 9, 'thisRepN': 29}>
434.4446 	DATA 	Keypress: left
434.4589 	EXP 	fixation: autoDraw = False
434.4589 	EXP 	cue_text: autoDraw = False
434.4589 	EXP 	target: autoDraw = False
434.4589 	EXP 	cue_text: text = '→'
434.4589 	EXP 	fixation: autoDraw = True
434.6439 	EXP 	Device response: <KeyPress from None: t=434.440580399998, value=left, duration=0.19202859999495558>
434.9428 	EXP 	fixation: autoDraw = False
434.9428 	EXP 	cue_text: autoDraw = True
435.2438 	EXP 	cue_text: autoDraw = False
435.5435 	INFO 	Keyboard events cleared
435.5433 	EXP 	target: autoDraw = True
435.9260 	EXP 	Device response: <KeyPress from None: t=435.9186670999916, value=right, duration=None>
435.9265 	EXP 	New trial (rep=30, index=0): <Trial 300 (0 in rep 30) data={'cue_arrow': '→', 'target_x': -0.5, 'condition': 'invalid', 'corr_Ans': 'left', 'thisN': 300, 'thisTrialN': 0, 'thisRepN': 30}>
435.9278 	DATA 	Keypress: right
435.9432 	EXP 	fixation: autoDraw = False
435.9432 	EXP 	cue_text: autoDraw = False
435.9432 	EXP 	target: autoDraw = False
435.9432 	EXP 	cue_text: text = '→'
435.9432 	EXP 	fixation: autoDraw = True
436.0607 	EXP 	Device response: <KeyPress from None: t=435.9186670999916, value=right, duration=0.13114310000673868>
436.4267 	EXP 	fixation: autoDraw = False
436.4267 	EXP 	cue_text: autoDraw = True
436.7254 	EXP 	cue_text: autoDraw = False
437.0266 	INFO 	Keyboard events cleared
437.0264 	EXP 	target: autoDraw = True
437.4766 	EXP 	Device response: <KeyPress from None: t=437.4616800999938, value=left, duration=None>
437.4774 	EXP 	New trial (rep=30, index=1): <Trial 301 (1 in rep 30) data={'cue_arrow': '←', 'target_x': -0.5, 'condition': 'valid', 'corr_Ans': 'left', 'thisN': 301, 'thisTrialN': 1, 'thisRepN': 30}>
437.4805 	DATA 	Keypress: left
437.4935 	EXP 	fixation: autoDraw = False
437.4935 	EXP 	cue_text: autoDraw = False
437.4935 	EXP 	target: autoDraw = False
437.4935 	EXP 	cue_text: height = np.float64(0.1)
437.4935 	EXP 	cue_text: height = np.float64(0.1)
437.4935 	EXP 	cue_text: height = np.float64(0.1)
437.4935 	EXP 	cue_text: text = '←'
437.4935 	EXP 	fixation: autoDraw = True
437.6435 	EXP 	Device response: <KeyPress from None: t=437.4616800999938, value=left, duration=0.16551430000981782>
437.9770 	EXP 	fixation: autoDraw = False
437.9770 	EXP 	cue_text: autoDraw = True
438.2760 	EXP 	cue_text: autoDraw = False
438.5773 	INFO 	Keyboard events cleared
438.5771 	EXP 	target: autoDraw = True
438.9928 	EXP 	Device response: <KeyPress from None: t=438.9845994999923, value=left, duration=None>
438.9932 	EXP 	New trial (rep=30, index=2): <Trial 302 (2 in rep 30) data={'cue_arrow': '←', 'target_x': -0.5, 'condition': 'valid', 'corr_Ans': 'left', 'thisN': 302, 'thisTrialN': 2, 'thisRepN': 30}>
438.9945 	DATA 	Keypress: left
439.0087 	EXP 	fixation: autoDraw = False
439.0087 	EXP 	cue_text: autoDraw = False
439.0087 	EXP 	target: autoDraw = False
439.0087 	EXP 	cue_text: text = '←'
439.0087 	EXP 	fixation: autoDraw = True
439.1427 	EXP 	Device response: <KeyPress from None: t=438.9845994999923, value=left, duration=0.15684409999812488>
439.4940 	EXP 	fixation: autoDraw = False
439.4940 	EXP 	cue_text: autoDraw = True
439.8101 	EXP 	cue_text: autoDraw = False
440.0938 	INFO 	Keyboard events cleared
440.0936 	EXP 	target: autoDraw = True
440.5257 	EXP 	Device response: <KeyPress from None: t=440.51522669999395, value=left, duration=None>
440.5261 	EXP 	New trial (rep=30, index=3): <Trial 303 (3 in rep 30) data={'cue_arrow': '←', 'target_x': -0.5, 'condition': 'valid', 'corr_Ans': 'left', 'thisN': 303, 'thisTrialN': 3, 'thisRepN': 30}>
440.5274 	DATA 	Keypress: left
440.5439 	EXP 	fixation: autoDraw = False
440.5439 	EXP 	cue_text: autoDraw = False
440.5439 	EXP 	target: autoDraw = False
440.5439 	EXP 	cue_text: text = '←'
440.5439 	EXP 	fixation: autoDraw = True
440.7265 	EXP 	Device response: <KeyPress from None: t=440.51522669999395, value=left, duration=0.2024686000077054>
441.0276 	EXP 	fixation: autoDraw = False
441.0276 	EXP 	cue_text: autoDraw = True
441.3259 	EXP 	cue_text: autoDraw = False
441.6267 	INFO 	Keyboard events cleared
441.6265 	EXP 	target: autoDraw = True
442.0260 	EXP 	Device response: <KeyPress from None: t=442.02116679999745, value=left, duration=None>
442.0263 	EXP 	New trial (rep=30, index=4): <Trial 304 (4 in rep 30) data={'cue_arrow': '←', 'target_x': -0.5, 'condition': 'valid', 'corr_Ans': 'left', 'thisN': 304, 'thisTrialN': 4, 'thisRepN': 30}>
442.0275 	DATA 	Keypress: left
442.0419 	EXP 	fixation: autoDraw = False
442.0419 	EXP 	cue_text: autoDraw = False
442.0419 	EXP 	target: autoDraw = False
442.0419 	EXP 	cue_text: text = '←'
442.0419 	EXP 	fixation: autoDraw = True
442.2261 	EXP 	Device response: <KeyPress from None: t=442.02116679999745, value=left, duration=0.1957929000054719>
442.5272 	EXP 	fixation: autoDraw = False
442.5272 	EXP 	cue_text: autoDraw = True
442.8254 	EXP 	cue_text: autoDraw = False
443.1272 	INFO 	Keyboard events cleared
443.1270 	EXP 	target: autoDraw = True
443.4763 	EXP 	Device response: <KeyPress from None: t=443.46588209999027, value=left, duration=None>
443.4767 	EXP 	New trial (rep=30, index=5): <Trial 305 (5 in rep 30) data={'cue_arrow': '→', 'target_x': 0.5, 'condition': 'valid', 'corr_Ans': 'right', 'thisN': 305, 'thisTrialN': 5, 'thisRepN': 30}>
443.4813 	DATA 	Keypress: left
443.4947 	EXP 	fixation: autoDraw = False
443.4947 	EXP 	cue_text: autoDraw = False
443.4947 	EXP 	target: autoDraw = False
443.4947 	EXP 	cue_text: height = np.float64(0.1)
443.4947 	EXP 	cue_text: height = np.float64(0.1)
443.4947 	EXP 	cue_text: height = np.float64(0.1)
443.4947 	EXP 	cue_text: text = '→'
443.4947 	EXP 	fixation: autoDraw = True
443.6596 	EXP 	Device response: <KeyPress from None: t=443.46588209999027, value=left, duration=0.18296180000470486>
443.9760 	EXP 	fixation: autoDraw = False
443.9760 	EXP 	cue_text: autoDraw = True
444.2773 	EXP 	cue_text: autoDraw = False
444.5756 	INFO 	Keyboard events cleared
444.5754 	EXP 	target: autoDraw = True
444.8450 	DATA 	Keypress: right
444.8598 	EXP 	Device response: <KeyPress from None: t=444.8444266000006, value=right, duration=None>
444.8601 	EXP 	New trial (rep=30, index=6): <Trial 306 (6 in rep 30) data={'cue_arrow': '←', 'target_x': 0.5, 'condition': 'invalid', 'corr_Ans': 'right', 'thisN': 306, 'thisTrialN': 6, 'thisRepN': 30}>
444.8755 	EXP 	fixation: autoDraw = False
444.8755 	EXP 	cue_text: autoDraw = False
444.8755 	EXP 	target: autoDraw = False
444.8755 	EXP 	cue_text: height = np.float64(0.1)
444.8755 	EXP 	cue_text: height = np.float64(0.1)
444.8755 	EXP 	cue_text: height = np.float64(0.1)
444.8755 	EXP 	cue_text: text = '←'
444.8755 	EXP 	fixation: autoDraw = True
444.9933 	EXP 	Device response: <KeyPress from None: t=444.8444266000006, value=right, duration=0.1448571999935666>
445.3604 	EXP 	fixation: autoDraw = False
445.3604 	EXP 	cue_text: autoDraw = True
445.6598 	EXP 	cue_text: autoDraw = False
445.9601 	INFO 	Keyboard events cleared
445.9599 	EXP 	target: autoDraw = True
446.3426 	EXP 	Device response: <KeyPress from None: t=446.3398695999931, value=right, duration=None>
446.3430 	EXP 	New trial (rep=30, index=7): <Trial 307 (7 in rep 30) data={'cue_arrow': '→', 'target_x': 0.5, 'condition': 'valid', 'corr_Ans': 'right', 'thisN': 307, 'thisTrialN': 7, 'thisRepN': 30}>
446.3463 	DATA 	Keypress: right
446.3588 	EXP 	fixation: autoDraw = False
446.3588 	EXP 	cue_text: autoDraw = False
446.3588 	EXP 	target: autoDraw = False
446.3588 	EXP 	cue_text: height = np.float64(0.1)
446.3588 	EXP 	cue_text: height = np.float64(0.1)
446.3588 	EXP 	cue_text: height = np.float64(0.1)
446.3588 	EXP 	cue_text: text = '→'
446.3588 	EXP 	fixation: autoDraw = True
446.4935 	EXP 	Device response: <KeyPress from None: t=446.3398695999931, value=right, duration=0.15062900001066737>
446.8434 	EXP 	fixation: autoDraw = False
446.8434 	EXP 	cue_text: autoDraw = True
447.1438 	EXP 	cue_text: autoDraw = False
447.4425 	INFO 	Keyboard events cleared
447.4423 	EXP 	target: autoDraw = True
447.7763 	EXP 	Device response: <KeyPress from None: t=447.76375919999555, value=right, duration=None>
447.7767 	EXP 	New trial (rep=30, index=8): <Trial 308 (8 in rep 30) data={'cue_arrow': '→', 'target_x': 0.5, 'condition': 'valid', 'corr_Ans': 'right', 'thisN': 308, 'thisTrialN': 8, 'thisRepN': 30}>
447.7779 	DATA 	Keypress: right
447.7936 	EXP 	fixation: autoDraw = False
447.7936 	EXP 	cue_text: autoDraw = False
447.7936 	EXP 	target: autoDraw = False
447.7936 	EXP 	cue_text: text = '→'
447.7936 	EXP 	fixation: autoDraw = True
447.9262 	EXP 	Device response: <KeyPress from None: t=447.76375919999555, value=right, duration=0.15259800000058021>
448.2775 	EXP 	fixation: autoDraw = False
448.2775 	EXP 	cue_text: autoDraw = True
448.5937 	EXP 	cue_text: autoDraw = False
448.8778 	INFO 	Keyboard events cleared
448.8776 	EXP 	target: autoDraw = True
449.2105 	EXP 	Device response: <KeyPress from None: t=449.20976129999326, value=right, duration=None>
449.2114 	DATA 	Keypress: right
449.2264 	EXP 	New trial (rep=30, index=9): <Trial 309 (9 in rep 30) data={'cue_arrow': '→', 'target_x': 0.5, 'condition': 'valid', 'corr_Ans': 'right', 'thisN': 309, 'thisTrialN': 9, 'thisRepN': 30}>
449.2433 	EXP 	fixation: autoDraw = False
449.2433 	EXP 	cue_text: autoDraw = False
449.2433 	EXP 	target: autoDraw = False
449.2433 	EXP 	cue_text: text = '→'
449.2433 	EXP 	fixation: autoDraw = True
449.3774 	EXP 	Device response: <KeyPress from None: t=449.20976129999326, value=right, duration=0.15988230000948533>
449.7272 	EXP 	fixation: autoDraw = False
449.7272 	EXP 	cue_text: autoDraw = True
450.0258 	EXP 	cue_text: autoDraw = False
450.3275 	INFO 	Keyboard events cleared
450.3273 	EXP 	target: autoDraw = True
450.5937 	DATA 	Keypress: right
450.6096 	EXP 	Device response: <KeyPress from None: t=450.59232039999915, value=right, duration=None>
450.6099 	EXP 	New trial (rep=31, index=0): <Trial 310 (0 in rep 31) data={'cue_arrow': '←', 'target_x': -0.5, 'condition': 'valid', 'corr_Ans': 'left', 'thisN': 310, 'thisTrialN': 0, 'thisRepN': 31}>
450.6268 	EXP 	fixation: autoDraw = False
450.6268 	EXP 	cue_text: autoDraw = False
450.6268 	EXP 	target: autoDraw = False
450.6268 	EXP 	cue_text: height = np.float64(0.1)
450.6268 	EXP 	cue_text: height = np.float64(0.1)
450.6268 	EXP 	cue_text: height = np.float64(0.1)
450.6268 	EXP 	cue_text: text = '←'
450.6268 	EXP 	fixation: autoDraw = True
450.7606 	EXP 	Device response: <KeyPress from None: t=450.59232039999915, value=right, duration=0.16482570000516716>
451.1104 	EXP 	fixation: autoDraw = False
451.1104 	EXP 	cue_text: autoDraw = True
451.4101 	EXP 	cue_text: autoDraw = False
451.7107 	INFO 	Keyboard events cleared
451.7104 	EXP 	target: autoDraw = True
452.0109 	EXP 	Device response: <KeyPress from None: t=452.00707619999594, value=left, duration=None>
452.0112 	EXP 	New trial (rep=31, index=1): <Trial 311 (1 in rep 31) data={'cue_arrow': '→', 'target_x': 0.5, 'condition': 'valid', 'corr_Ans': 'right', 'thisN': 311, 'thisTrialN': 1, 'thisRepN': 31}>
452.0144 	DATA 	Keypress: left
452.0265 	EXP 	fixation: autoDraw = False
452.0265 	EXP 	cue_text: autoDraw = False
452.0265 	EXP 	target: autoDraw = False
452.0265 	EXP 	cue_text: height = np.float64(0.1)
452.0265 	EXP 	cue_text: height = np.float64(0.1)
452.0265 	EXP 	cue_text: height = np.float64(0.1)
452.0265 	EXP 	cue_text: text = '→'
452.0265 	EXP 	fixation: autoDraw = True
452.1275 	EXP 	Device response: <KeyPress from None: t=452.00707619999594, value=left, duration=0.11360539999441244>
452.5091 	EXP 	fixation: autoDraw = False
452.5091 	EXP 	cue_text: autoDraw = True
452.8105 	EXP 	cue_text: autoDraw = False
453.1110 	INFO 	Keyboard events cleared
453.1108 	EXP 	target: autoDraw = True
453.3430 	EXP 	Device response: <KeyPress from None: t=453.3305091999937, value=right, duration=None>
453.3434 	EXP 	New trial (rep=31, index=2): <Trial 312 (2 in rep 31) data={'cue_arrow': '←', 'target_x': 0.5, 'condition': 'invalid', 'corr_Ans': 'right', 'thisN': 312, 'thisTrialN': 2, 'thisRepN': 31}>
453.3465 	DATA 	Keypress: right
453.3587 	EXP 	fixation: autoDraw = False
453.3587 	EXP 	cue_text: autoDraw = False
453.3587 	EXP 	target: autoDraw = False
453.3587 	EXP 	cue_text: height = np.float64(0.1)
453.3587 	EXP 	cue_text: height = np.float64(0.1)
453.3587 	EXP 	cue_text: height = np.float64(0.1)
453.3587 	EXP 	cue_text: text = '←'
453.3587 	EXP 	fixation: autoDraw = True
453.4762 	EXP 	Device response: <KeyPress from None: t=453.3305091999937, value=right, duration=0.13635990000329912>
453.8425 	EXP 	fixation: autoDraw = False
453.8425 	EXP 	cue_text: autoDraw = True
454.1441 	EXP 	cue_text: autoDraw = False
454.4449 	INFO 	Keyboard events cleared
454.4446 	EXP 	target: autoDraw = True
454.9605 	EXP 	Device response: <KeyPress from None: t=454.95883659999527, value=right, duration=None>
454.9608 	EXP 	New trial (rep=31, index=3): <Trial 313 (3 in rep 31) data={'cue_arrow': '→', 'target_x': 0.5, 'condition': 'valid', 'corr_Ans': 'right', 'thisN': 313, 'thisTrialN': 3, 'thisRepN': 31}>
454.9638 	DATA 	Keypress: right
454.9759 	EXP 	fixation: autoDraw = False
454.9759 	EXP 	cue_text: autoDraw = False
454.9759 	EXP 	target: autoDraw = False
454.9759 	EXP 	cue_text: height = np.float64(0.1)
454.9759 	EXP 	cue_text: height = np.float64(0.1)
454.9759 	EXP 	cue_text: height = np.float64(0.1)
454.9759 	EXP 	cue_text: text = '→'
454.9759 	EXP 	fixation: autoDraw = True
455.1262 	EXP 	Device response: <KeyPress from None: t=454.95883659999527, value=right, duration=0.1512607000040589>
455.4602 	EXP 	fixation: autoDraw = False
455.4602 	EXP 	cue_text: autoDraw = True
455.7604 	EXP 	cue_text: autoDraw = False
456.0604 	INFO 	Keyboard events cleared
456.0602 	EXP 	target: autoDraw = True
456.3446 	EXP 	Device response: <KeyPress from None: t=456.33199720000266, value=right, duration=None>
456.3451 	EXP 	New trial (rep=31, index=4): <Trial 314 (4 in rep 31) data={'cue_arrow': '→', 'target_x': 0.5, 'condition': 'valid', 'corr_Ans': 'right', 'thisN': 314, 'thisTrialN': 4, 'thisRepN': 31}>
456.3464 	DATA 	Keypress: right
456.3591 	EXP 	fixation: autoDraw = False
456.3591 	EXP 	cue_text: autoDraw = False
456.3591 	EXP 	target: autoDraw = False
456.3591 	EXP 	cue_text: text = '→'
456.3591 	EXP 	fixation: autoDraw = True
456.4765 	EXP 	Device response: <KeyPress from None: t=456.33199720000266, value=right, duration=0.1424947999912547>
456.8441 	EXP 	fixation: autoDraw = False
456.8441 	EXP 	cue_text: autoDraw = True
457.1436 	EXP 	cue_text: autoDraw = False
457.4604 	INFO 	Keyboard events cleared
457.4602 	EXP 	target: autoDraw = True
457.7096 	EXP 	Device response: <KeyPress from None: t=457.6997311000014, value=right, duration=None>
457.7100 	EXP 	New trial (rep=31, index=5): <Trial 315 (5 in rep 31) data={'cue_arrow': '←', 'target_x': -0.5, 'condition': 'valid', 'corr_Ans': 'left', 'thisN': 315, 'thisTrialN': 5, 'thisRepN': 31}>
457.7130 	DATA 	Keypress: right
457.7268 	EXP 	fixation: autoDraw = False
457.7268 	EXP 	cue_text: autoDraw = False
457.7268 	EXP 	target: autoDraw = False
457.7268 	EXP 	cue_text: height = np.float64(0.1)
457.7268 	EXP 	cue_text: height = np.float64(0.1)
457.7268 	EXP 	cue_text: height = np.float64(0.1)
457.7268 	EXP 	cue_text: text = '←'
457.7268 	EXP 	fixation: autoDraw = True
457.8264 	EXP 	Device response: <KeyPress from None: t=457.6997311000014, value=right, duration=0.11208009999245405>
458.2090 	EXP 	fixation: autoDraw = False
458.2090 	EXP 	cue_text: autoDraw = True
458.5108 	EXP 	cue_text: autoDraw = False
458.8108 	INFO 	Keyboard events cleared
458.8106 	EXP 	target: autoDraw = True
459.0601 	EXP 	Device response: <KeyPress from None: t=459.0595031999983, value=left, duration=None>
459.0604 	EXP 	New trial (rep=31, index=6): <Trial 316 (6 in rep 31) data={'cue_arrow': '←', 'target_x': -0.5, 'condition': 'valid', 'corr_Ans': 'left', 'thisN': 316, 'thisTrialN': 6, 'thisRepN': 31}>
459.0616 	DATA 	Keypress: left
459.0758 	EXP 	fixation: autoDraw = False
459.0758 	EXP 	cue_text: autoDraw = False
459.0758 	EXP 	target: autoDraw = False
459.0758 	EXP 	cue_text: text = '←'
459.0758 	EXP 	fixation: autoDraw = True
459.2278 	EXP 	Device response: <KeyPress from None: t=459.0595031999983, value=left, duration=0.15907969999534544>
459.5609 	EXP 	fixation: autoDraw = False
459.5609 	EXP 	cue_text: autoDraw = True
459.8604 	EXP 	cue_text: autoDraw = False
460.1594 	INFO 	Keyboard events cleared
460.1592 	EXP 	target: autoDraw = True
460.4768 	EXP 	Device response: <KeyPress from None: t=460.4675100000022, value=left, duration=None>
460.4771 	EXP 	New trial (rep=31, index=7): <Trial 317 (7 in rep 31) data={'cue_arrow': '→', 'target_x': -0.5, 'condition': 'invalid', 'corr_Ans': 'left', 'thisN': 317, 'thisTrialN': 7, 'thisRepN': 31}>
460.4801 	DATA 	Keypress: left
460.4935 	EXP 	fixation: autoDraw = False
460.4935 	EXP 	cue_text: autoDraw = False
460.4935 	EXP 	target: autoDraw = False
460.4935 	EXP 	cue_text: height = np.float64(0.1)
460.4935 	EXP 	cue_text: height = np.float64(0.1)
460.4935 	EXP 	cue_text: height = np.float64(0.1)
460.4935 	EXP 	cue_text: text = '→'
460.4935 	EXP 	fixation: autoDraw = True
460.6098 	EXP 	Device response: <KeyPress from None: t=460.4675100000022, value=left, duration=0.1292092999938177>
460.9776 	EXP 	fixation: autoDraw = False
460.9776 	EXP 	cue_text: autoDraw = True
461.2935 	EXP 	cue_text: autoDraw = False
461.5776 	INFO 	Keyboard events cleared
461.5774 	EXP 	target: autoDraw = True
462.0603 	EXP 	Device response: <KeyPress from None: t=462.0569650999969, value=left, duration=None>
462.0608 	EXP 	New trial (rep=31, index=8): <Trial 318 (8 in rep 31) data={'cue_arrow': '→', 'target_x': 0.5, 'condition': 'valid', 'corr_Ans': 'right', 'thisN': 318, 'thisTrialN': 8, 'thisRepN': 31}>
462.0620 	DATA 	Keypress: left
462.0758 	EXP 	fixation: autoDraw = False
462.0758 	EXP 	cue_text: autoDraw = False
462.0758 	EXP 	target: autoDraw = False
462.0758 	EXP 	cue_text: text = '→'
462.0758 	EXP 	fixation: autoDraw = True
462.2436 	EXP 	Device response: <KeyPress from None: t=462.0569650999969, value=left, duration=0.18350169999757782>
462.5596 	EXP 	fixation: autoDraw = False
462.5596 	EXP 	cue_text: autoDraw = True
462.8609 	EXP 	cue_text: autoDraw = False
463.1776 	INFO 	Keyboard events cleared
463.1773 	EXP 	target: autoDraw = True
463.4100 	EXP 	Device response: <KeyPress from None: t=463.4045016000018, value=right, duration=None>
463.4102 	EXP 	New trial (rep=31, index=9): <Trial 319 (9 in rep 31) data={'cue_arrow': '←', 'target_x': -0.5, 'condition': 'valid', 'corr_Ans': 'left', 'thisN': 319, 'thisTrialN': 9, 'thisRepN': 31}>
463.4132 	DATA 	Keypress: right
463.4268 	EXP 	fixation: autoDraw = False
463.4268 	EXP 	cue_text: autoDraw = False
463.4268 	EXP 	target: autoDraw = False
463.4268 	EXP 	cue_text: height = np.float64(0.1)
463.4268 	EXP 	cue_text: height = np.float64(0.1)
463.4268 	EXP 	cue_text: height = np.float64(0.1)
463.4268 	EXP 	cue_text: text = '←'
463.4268 	EXP 	fixation: autoDraw = True
463.5611 	EXP 	Device response: <KeyPress from None: t=463.4045016000018, value=right, duration=0.15199919999577105>
463.9108 	EXP 	fixation: autoDraw = False
463.9108 	EXP 	cue_text: autoDraw = True
464.2109 	EXP 	cue_text: autoDraw = False
464.5114 	INFO 	Keyboard events cleared
464.5112 	EXP 	target: autoDraw = True
464.7612 	EXP 	Device response: <KeyPress from None: t=464.75277779999305, value=left, duration=None>
464.7617 	EXP 	New trial (rep=32, index=0): <Trial 320 (0 in rep 32) data={'cue_arrow': '→', 'target_x': 0.5, 'condition': 'valid', 'corr_Ans': 'right', 'thisN': 320, 'thisTrialN': 0, 'thisRepN': 32}>
464.7650 	DATA 	Keypress: left
464.7753 	EXP 	fixation: autoDraw = False
464.7753 	EXP 	cue_text: autoDraw = False
464.7753 	EXP 	target: autoDraw = False
464.7753 	EXP 	cue_text: height = np.float64(0.1)
464.7753 	EXP 	cue_text: height = np.float64(0.1)
464.7753 	EXP 	cue_text: height = np.float64(0.1)
464.7753 	EXP 	cue_text: text = '→'
464.7753 	EXP 	fixation: autoDraw = True
464.9102 	EXP 	Device response: <KeyPress from None: t=464.75277779999305, value=left, duration=0.15137829999730457>
465.2773 	EXP 	fixation: autoDraw = False
465.2773 	EXP 	cue_text: autoDraw = True
465.5771 	EXP 	cue_text: autoDraw = False
465.8602 	INFO 	Keyboard events cleared
465.8600 	EXP 	target: autoDraw = True
466.1784 	DATA 	Keypress: right
466.1930 	EXP 	Device response: <KeyPress from None: t=466.1773608999938, value=right, duration=None>
466.1935 	EXP 	New trial (rep=32, index=1): <Trial 321 (1 in rep 32) data={'cue_arrow': '→', 'target_x': 0.5, 'condition': 'valid', 'corr_Ans': 'right', 'thisN': 321, 'thisTrialN': 1, 'thisRepN': 32}>
466.2106 	EXP 	fixation: autoDraw = False
466.2106 	EXP 	cue_text: autoDraw = False
466.2106 	EXP 	target: autoDraw = False
466.2106 	EXP 	cue_text: text = '→'
466.2106 	EXP 	fixation: autoDraw = True
466.3605 	EXP 	Device response: <KeyPress from None: t=466.1773608999938, value=right, duration=0.17457560000184458>
466.6943 	EXP 	fixation: autoDraw = False
466.6943 	EXP 	cue_text: autoDraw = True
466.9932 	EXP 	cue_text: autoDraw = False
467.2941 	INFO 	Keyboard events cleared
467.2939 	EXP 	target: autoDraw = True
467.5782 	EXP 	Device response: <KeyPress from None: t=467.5681301000004, value=right, duration=None>
467.5788 	EXP 	New trial (rep=32, index=2): <Trial 322 (2 in rep 32) data={'cue_arrow': '→', 'target_x': 0.5, 'condition': 'valid', 'corr_Ans': 'right', 'thisN': 322, 'thisTrialN': 2, 'thisRepN': 32}>
467.5803 	DATA 	Keypress: right
467.5927 	EXP 	fixation: autoDraw = False
467.5927 	EXP 	cue_text: autoDraw = False
467.5927 	EXP 	target: autoDraw = False
467.5927 	EXP 	cue_text: text = '→'
467.5927 	EXP 	fixation: autoDraw = True
467.7113 	EXP 	Device response: <KeyPress from None: t=467.5681301000004, value=right, duration=0.13951329998963047>
468.0928 	EXP 	fixation: autoDraw = False
468.0928 	EXP 	cue_text: autoDraw = True
468.3938 	EXP 	cue_text: autoDraw = False
468.6942 	INFO 	Keyboard events cleared
468.6940 	EXP 	target: autoDraw = True
469.0599 	EXP 	Device response: <KeyPress from None: t=469.05917500000214, value=right, duration=None>
469.0602 	EXP 	New trial (rep=32, index=3): <Trial 323 (3 in rep 32) data={'cue_arrow': '←', 'target_x': -0.5, 'condition': 'valid', 'corr_Ans': 'left', 'thisN': 323, 'thisTrialN': 3, 'thisRepN': 32}>
469.0633 	DATA 	Keypress: right
469.0758 	EXP 	fixation: autoDraw = False
469.0758 	EXP 	cue_text: autoDraw = False
469.0758 	EXP 	target: autoDraw = False
469.0758 	EXP 	cue_text: height = np.float64(0.1)
469.0758 	EXP 	cue_text: height = np.float64(0.1)
469.0758 	EXP 	cue_text: height = np.float64(0.1)
469.0758 	EXP 	cue_text: text = '←'
469.0758 	EXP 	fixation: autoDraw = True
469.2263 	EXP 	Device response: <KeyPress from None: t=469.05917500000214, value=right, duration=0.15207620000001043>
469.5608 	EXP 	fixation: autoDraw = False
469.5608 	EXP 	cue_text: autoDraw = True
469.8606 	EXP 	cue_text: autoDraw = False
470.1610 	INFO 	Keyboard events cleared
470.1608 	EXP 	target: autoDraw = True
470.4435 	EXP 	Device response: <KeyPress from None: t=470.4345273999934, value=left, duration=None>
470.4440 	EXP 	New trial (rep=32, index=4): <Trial 324 (4 in rep 32) data={'cue_arrow': '←', 'target_x': -0.5, 'condition': 'valid', 'corr_Ans': 'left', 'thisN': 324, 'thisTrialN': 4, 'thisRepN': 32}>
470.4451 	DATA 	Keypress: left
470.4608 	EXP 	fixation: autoDraw = False
470.4608 	EXP 	cue_text: autoDraw = False
470.4608 	EXP 	target: autoDraw = False
470.4608 	EXP 	cue_text: text = '←'
470.4608 	EXP 	fixation: autoDraw = True
470.5775 	EXP 	Device response: <KeyPress from None: t=470.4345273999934, value=left, duration=0.1420390999992378>
470.9435 	EXP 	fixation: autoDraw = False
470.9435 	EXP 	cue_text: autoDraw = True
471.2444 	EXP 	cue_text: autoDraw = False
471.5443 	INFO 	Keyboard events cleared
471.5440 	EXP 	target: autoDraw = True
471.8284 	EXP 	Device response: <KeyPress from None: t=471.81871330000286, value=left, duration=None>
471.8287 	EXP 	New trial (rep=32, index=5): <Trial 325 (5 in rep 32) data={'cue_arrow': '←', 'target_x': 0.5, 'condition': 'invalid', 'corr_Ans': 'right', 'thisN': 325, 'thisTrialN': 5, 'thisRepN': 32}>
471.8300 	DATA 	Keypress: left
471.8427 	EXP 	fixation: autoDraw = False
471.8427 	EXP 	cue_text: autoDraw = False
471.8427 	EXP 	target: autoDraw = False
471.8427 	EXP 	cue_text: text = '←'
471.8427 	EXP 	fixation: autoDraw = True
471.9607 	EXP 	Device response: <KeyPress from None: t=471.81871330000286, value=left, duration=0.13882799999555573>
472.3271 	EXP 	fixation: autoDraw = False
472.3271 	EXP 	cue_text: autoDraw = True
472.6444 	EXP 	cue_text: autoDraw = False
472.9443 	INFO 	Keyboard events cleared
472.9441 	EXP 	target: autoDraw = True
473.3270 	EXP 	Device response: <KeyPress from None: t=473.3236540999933, value=right, duration=None>
473.3273 	EXP 	New trial (rep=32, index=6): <Trial 326 (6 in rep 32) data={'cue_arrow': '→', 'target_x': 0.5, 'condition': 'valid', 'corr_Ans': 'right', 'thisN': 326, 'thisTrialN': 6, 'thisRepN': 32}>
473.3305 	DATA 	Keypress: right
473.3427 	EXP 	fixation: autoDraw = False
473.3427 	EXP 	cue_text: autoDraw = False
473.3427 	EXP 	target: autoDraw = False
473.3427 	EXP 	cue_text: height = np.float64(0.1)
473.3427 	EXP 	cue_text: height = np.float64(0.1)
473.3427 	EXP 	cue_text: height = np.float64(0.1)
473.3427 	EXP 	cue_text: text = '→'
473.3427 	EXP 	fixation: autoDraw = True
473.4777 	EXP 	Device response: <KeyPress from None: t=473.3236540999933, value=right, duration=0.14499810000415891>
473.8277 	EXP 	fixation: autoDraw = False
473.8277 	EXP 	cue_text: autoDraw = True
474.1276 	EXP 	cue_text: autoDraw = False
474.4262 	INFO 	Keyboard events cleared
474.4260 	EXP 	target: autoDraw = True
474.7998 	DATA 	Keypress: right
474.8097 	EXP 	Device response: <KeyPress from None: t=474.79924239999673, value=right, duration=None>
474.8101 	EXP 	New trial (rep=32, index=7): <Trial 327 (7 in rep 32) data={'cue_arrow': '→', 'target_x': -0.5, 'condition': 'invalid', 'corr_Ans': 'left', 'thisN': 327, 'thisTrialN': 7, 'thisRepN': 32}>
474.8261 	EXP 	fixation: autoDraw = False
474.8261 	EXP 	cue_text: autoDraw = False
474.8261 	EXP 	target: autoDraw = False
474.8261 	EXP 	cue_text: text = '→'
474.8261 	EXP 	fixation: autoDraw = True
474.9268 	EXP 	Device response: <KeyPress from None: t=474.79924239999673, value=right, duration=0.11443240000517108>
475.3111 	EXP 	fixation: autoDraw = False
475.3111 	EXP 	cue_text: autoDraw = True
475.6106 	EXP 	cue_text: autoDraw = False
475.9098 	INFO 	Keyboard events cleared
475.9096 	EXP 	target: autoDraw = True
476.1106 	EXP 	Device response: <KeyPress from None: t=476.1076020999899, value=right, duration=None>
476.1109 	EXP 	New trial (rep=32, index=8): <Trial 328 (8 in rep 32) data={'cue_arrow': '←', 'target_x': -0.5, 'condition': 'valid', 'corr_Ans': 'left', 'thisN': 328, 'thisTrialN': 8, 'thisRepN': 32}>
476.1139 	DATA 	Keypress: right
476.1260 	EXP 	fixation: autoDraw = False
476.1260 	EXP 	cue_text: autoDraw = False
476.1260 	EXP 	target: autoDraw = False
476.1260 	EXP 	cue_text: height = np.float64(0.1)
476.1260 	EXP 	cue_text: height = np.float64(0.1)
476.1260 	EXP 	cue_text: height = np.float64(0.1)
476.1260 	EXP 	cue_text: text = '←'
476.1260 	EXP 	fixation: autoDraw = True
476.1940 	EXP 	Device response: <KeyPress from None: t=476.1076020999899, value=right, duration=0.06934290000936016>
476.6093 	EXP 	fixation: autoDraw = False
476.6093 	EXP 	cue_text: autoDraw = True
476.9112 	EXP 	cue_text: autoDraw = False
477.2111 	INFO 	Keyboard events cleared
477.2109 	EXP 	target: autoDraw = True
477.6277 	EXP 	Device response: <KeyPress from None: t=477.6219376999943, value=left, duration=None>
477.6281 	EXP 	New trial (rep=32, index=9): <Trial 329 (9 in rep 32) data={'cue_arrow': '←', 'target_x': -0.5, 'condition': 'valid', 'corr_Ans': 'left', 'thisN': 329, 'thisTrialN': 9, 'thisRepN': 32}>
477.6292 	DATA 	Keypress: left
477.6430 	EXP 	fixation: autoDraw = False
477.6430 	EXP 	cue_text: autoDraw = False
477.6430 	EXP 	target: autoDraw = False
477.6430 	EXP 	cue_text: text = '←'
477.6430 	EXP 	fixation: autoDraw = True
477.7599 	EXP 	Device response: <KeyPress from None: t=477.6219376999943, value=left, duration=0.1337099000083981>
478.1430 	EXP 	fixation: autoDraw = False
478.1430 	EXP 	cue_text: autoDraw = True
478.4278 	EXP 	cue_text: autoDraw = False
478.7279 	INFO 	Keyboard events cleared
478.7277 	EXP 	target: autoDraw = True
478.9935 	EXP 	Device response: <KeyPress from None: t=478.9797208999953, value=left, duration=None>
478.9939 	EXP 	New trial (rep=33, index=0): <Trial 330 (0 in rep 33) data={'cue_arrow': '←', 'target_x': -0.5, 'condition': 'valid', 'corr_Ans': 'left', 'thisN': 330, 'thisTrialN': 0, 'thisRepN': 33}>
478.9952 	DATA 	Keypress: left
479.0094 	EXP 	fixation: autoDraw = False
479.0094 	EXP 	cue_text: autoDraw = False
479.0094 	EXP 	target: autoDraw = False
479.0094 	EXP 	cue_text: text = '←'
479.0094 	EXP 	fixation: autoDraw = True
479.1110 	EXP 	Device response: <KeyPress from None: t=478.9797208999953, value=left, duration=0.12053129999549128>
479.4932 	EXP 	fixation: autoDraw = False
479.4932 	EXP 	cue_text: autoDraw = True
479.7941 	EXP 	cue_text: autoDraw = False
480.0948 	INFO 	Keyboard events cleared
480.0946 	EXP 	target: autoDraw = True
480.3945 	EXP 	Device response: <KeyPress from None: t=480.3829123000032, value=left, duration=None>
480.3950 	EXP 	New trial (rep=33, index=1): <Trial 331 (1 in rep 33) data={'cue_arrow': '→', 'target_x': -0.5, 'condition': 'invalid', 'corr_Ans': 'left', 'thisN': 331, 'thisTrialN': 1, 'thisRepN': 33}>
480.3984 	DATA 	Keypress: left
480.4114 	EXP 	fixation: autoDraw = False
480.4114 	EXP 	cue_text: autoDraw = False
480.4114 	EXP 	target: autoDraw = False
480.4114 	EXP 	cue_text: height = np.float64(0.1)
480.4114 	EXP 	cue_text: height = np.float64(0.1)
480.4114 	EXP 	cue_text: height = np.float64(0.1)
480.4114 	EXP 	cue_text: text = '→'
480.4114 	EXP 	fixation: autoDraw = True
480.5598 	EXP 	Device response: <KeyPress from None: t=480.3829123000032, value=left, duration=0.16122679998807143>
480.8933 	EXP 	fixation: autoDraw = False
480.8933 	EXP 	cue_text: autoDraw = True
481.1934 	EXP 	cue_text: autoDraw = False
481.4946 	INFO 	Keyboard events cleared
481.4944 	EXP 	target: autoDraw = True
482.0099 	EXP 	Device response: <KeyPress from None: t=482.00557929999195, value=left, duration=None>
482.0102 	EXP 	New trial (rep=33, index=2): <Trial 332 (2 in rep 33) data={'cue_arrow': '→', 'target_x': 0.5, 'condition': 'valid', 'corr_Ans': 'right', 'thisN': 332, 'thisTrialN': 2, 'thisRepN': 33}>
482.0114 	DATA 	Keypress: left
482.0260 	EXP 	fixation: autoDraw = False
482.0260 	EXP 	cue_text: autoDraw = False
482.0260 	EXP 	target: autoDraw = False
482.0260 	EXP 	cue_text: text = '→'
482.0260 	EXP 	fixation: autoDraw = True
482.1270 	EXP 	Device response: <KeyPress from None: t=482.00557929999195, value=left, duration=0.1201339000108419>
482.5108 	EXP 	fixation: autoDraw = False
482.5108 	EXP 	cue_text: autoDraw = True
482.8105 	EXP 	cue_text: autoDraw = False
483.1111 	INFO 	Keyboard events cleared
483.1109 	EXP 	target: autoDraw = True
483.4934 	EXP 	Device response: <KeyPress from None: t=483.48454469999706, value=right, duration=None>
483.4938 	EXP 	New trial (rep=33, index=3): <Trial 333 (3 in rep 33) data={'cue_arrow': '←', 'target_x': 0.5, 'condition': 'invalid', 'corr_Ans': 'right', 'thisN': 333, 'thisTrialN': 3, 'thisRepN': 33}>
483.4969 	DATA 	Keypress: right
483.5094 	EXP 	fixation: autoDraw = False
483.5094 	EXP 	cue_text: autoDraw = False
483.5094 	EXP 	target: autoDraw = False
483.5094 	EXP 	cue_text: height = np.float64(0.1)
483.5094 	EXP 	cue_text: height = np.float64(0.1)
483.5094 	EXP 	cue_text: height = np.float64(0.1)
483.5094 	EXP 	cue_text: text = '←'
483.5094 	EXP 	fixation: autoDraw = True
483.6110 	EXP 	Device response: <KeyPress from None: t=483.48454469999706, value=right, duration=0.11147299999720417>
483.9944 	EXP 	fixation: autoDraw = False
483.9944 	EXP 	cue_text: autoDraw = True
484.2932 	EXP 	cue_text: autoDraw = False
484.5948 	INFO 	Keyboard events cleared
484.5946 	EXP 	target: autoDraw = True
485.0953 	EXP 	Device response: <KeyPress from None: t=485.0861447999923, value=right, duration=None>
485.0957 	EXP 	New trial (rep=33, index=4): <Trial 334 (4 in rep 33) data={'cue_arrow': '←', 'target_x': -0.5, 'condition': 'valid', 'corr_Ans': 'left', 'thisN': 334, 'thisTrialN': 4, 'thisRepN': 33}>
485.0970 	DATA 	Keypress: right
485.1096 	EXP 	fixation: autoDraw = False
485.1096 	EXP 	cue_text: autoDraw = False
485.1096 	EXP 	target: autoDraw = False
485.1096 	EXP 	cue_text: text = '←'
485.1096 	EXP 	fixation: autoDraw = True
485.2282 	EXP 	Device response: <KeyPress from None: t=485.0861447999923, value=right, duration=0.13877800000773277>
485.5942 	EXP 	fixation: autoDraw = False
485.5942 	EXP 	cue_text: autoDraw = True
485.9111 	EXP 	cue_text: autoDraw = False
486.2110 	INFO 	Keyboard events cleared
486.2108 	EXP 	target: autoDraw = True
486.4770 	EXP 	Device response: <KeyPress from None: t=486.4739208999963, value=left, duration=None>
486.4774 	EXP 	New trial (rep=33, index=5): <Trial 335 (5 in rep 33) data={'cue_arrow': '→', 'target_x': 0.5, 'condition': 'valid', 'corr_Ans': 'right', 'thisN': 335, 'thisTrialN': 5, 'thisRepN': 33}>
486.4820 	DATA 	Keypress: left
486.4940 	EXP 	fixation: autoDraw = False
486.4940 	EXP 	cue_text: autoDraw = False
486.4940 	EXP 	target: autoDraw = False
486.4940 	EXP 	cue_text: height = np.float64(0.1)
486.4940 	EXP 	cue_text: height = np.float64(0.1)
486.4940 	EXP 	cue_text: height = np.float64(0.1)
486.4940 	EXP 	cue_text: text = '→'
486.4940 	EXP 	fixation: autoDraw = True
486.5785 	EXP 	Device response: <KeyPress from None: t=486.4739208999963, value=left, duration=0.08851630000572186>
486.9780 	EXP 	fixation: autoDraw = False
486.9780 	EXP 	cue_text: autoDraw = True
487.2778 	EXP 	cue_text: autoDraw = False
487.5771 	INFO 	Keyboard events cleared
487.5769 	EXP 	target: autoDraw = True
487.8102 	EXP 	Device response: <KeyPress from None: t=487.80127090000315, value=right, duration=None>
487.8106 	EXP 	New trial (rep=33, index=6): <Trial 336 (6 in rep 33) data={'cue_arrow': '→', 'target_x': 0.5, 'condition': 'valid', 'corr_Ans': 'right', 'thisN': 336, 'thisTrialN': 6, 'thisRepN': 33}>
487.8123 	DATA 	Keypress: right
487.8262 	EXP 	fixation: autoDraw = False
487.8262 	EXP 	cue_text: autoDraw = False
487.8262 	EXP 	target: autoDraw = False
487.8262 	EXP 	cue_text: text = '→'
487.8262 	EXP 	fixation: autoDraw = True
487.9436 	EXP 	Device response: <KeyPress from None: t=487.80127090000315, value=right, duration=0.13694549999490846>
488.3113 	EXP 	fixation: autoDraw = False
488.3113 	EXP 	cue_text: autoDraw = True
488.6111 	EXP 	cue_text: autoDraw = False
488.9104 	INFO 	Keyboard events cleared
488.9102 	EXP 	target: autoDraw = True
489.1771 	EXP 	Device response: <KeyPress from None: t=489.16610930000024, value=right, duration=None>
489.1776 	EXP 	New trial (rep=33, index=7): <Trial 337 (7 in rep 33) data={'cue_arrow': '←', 'target_x': -0.5, 'condition': 'valid', 'corr_Ans': 'left', 'thisN': 337, 'thisTrialN': 7, 'thisRepN': 33}>
489.1806 	DATA 	Keypress: right
489.1935 	EXP 	fixation: autoDraw = False
489.1935 	EXP 	cue_text: autoDraw = False
489.1935 	EXP 	target: autoDraw = False
489.1935 	EXP 	cue_text: height = np.float64(0.1)
489.1935 	EXP 	cue_text: height = np.float64(0.1)
489.1935 	EXP 	cue_text: height = np.float64(0.1)
489.1935 	EXP 	cue_text: text = '←'
489.1935 	EXP 	fixation: autoDraw = True
489.3272 	EXP 	Device response: <KeyPress from None: t=489.16610930000024, value=right, duration=0.15329560000100173>
489.6783 	EXP 	fixation: autoDraw = False
489.6783 	EXP 	cue_text: autoDraw = True
489.9764 	EXP 	cue_text: autoDraw = False
490.2779 	INFO 	Keyboard events cleared
490.2777 	EXP 	target: autoDraw = True
490.5108 	EXP 	Device response: <KeyPress from None: t=490.5044979999948, value=left, duration=None>
490.5112 	EXP 	New trial (rep=33, index=8): <Trial 338 (8 in rep 33) data={'cue_arrow': '←', 'target_x': -0.5, 'condition': 'valid', 'corr_Ans': 'left', 'thisN': 338, 'thisTrialN': 8, 'thisRepN': 33}>
490.5125 	DATA 	Keypress: left
490.5262 	EXP 	fixation: autoDraw = False
490.5262 	EXP 	cue_text: autoDraw = False
490.5262 	EXP 	target: autoDraw = False
490.5262 	EXP 	cue_text: text = '←'
490.5262 	EXP 	fixation: autoDraw = True
490.6274 	EXP 	Device response: <KeyPress from None: t=490.5044979999948, value=left, duration=0.12019329999748152>
491.0115 	EXP 	fixation: autoDraw = False
491.0115 	EXP 	cue_text: autoDraw = True
491.3107 	EXP 	cue_text: autoDraw = False
491.6110 	INFO 	Keyboard events cleared
491.6108 	EXP 	target: autoDraw = True
491.8782 	EXP 	Device response: <KeyPress from None: t=491.8693667000043, value=left, duration=None>
491.8785 	EXP 	New trial (rep=33, index=9): <Trial 339 (9 in rep 33) data={'cue_arrow': '→', 'target_x': 0.5, 'condition': 'valid', 'corr_Ans': 'right', 'thisN': 339, 'thisTrialN': 9, 'thisRepN': 33}>
491.8813 	DATA 	Keypress: left
491.8938 	EXP 	fixation: autoDraw = False
491.8938 	EXP 	cue_text: autoDraw = False
491.8938 	EXP 	target: autoDraw = False
491.8938 	EXP 	cue_text: height = np.float64(0.1)
491.8938 	EXP 	cue_text: height = np.float64(0.1)
491.8938 	EXP 	cue_text: height = np.float64(0.1)
491.8938 	EXP 	cue_text: text = '→'
491.8938 	EXP 	fixation: autoDraw = True
492.0109 	EXP 	Device response: <KeyPress from None: t=491.8693667000043, value=left, duration=0.1355040999915218>
492.3936 	EXP 	fixation: autoDraw = False
492.3936 	EXP 	cue_text: autoDraw = True
492.6781 	EXP 	cue_text: autoDraw = False
492.9778 	INFO 	Keyboard events cleared
492.9776 	EXP 	target: autoDraw = True
493.2103 	EXP 	Device response: <KeyPress from None: t=493.20229319999635, value=right, duration=None>
493.2107 	EXP 	New trial (rep=34, index=0): <Trial 340 (0 in rep 34) data={'cue_arrow': '←', 'target_x': -0.5, 'condition': 'valid', 'corr_Ans': 'left', 'thisN': 340, 'thisTrialN': 0, 'thisRepN': 34}>
493.2137 	DATA 	Keypress: right
493.2275 	EXP 	fixation: autoDraw = False
493.2275 	EXP 	cue_text: autoDraw = False
493.2275 	EXP 	target: autoDraw = False
493.2275 	EXP 	cue_text: height = np.float64(0.1)
493.2275 	EXP 	cue_text: height = np.float64(0.1)
493.2275 	EXP 	cue_text: height = np.float64(0.1)
493.2275 	EXP 	cue_text: text = '←'
493.2275 	EXP 	fixation: autoDraw = True
493.3445 	EXP 	Device response: <KeyPress from None: t=493.20229319999635, value=right, duration=0.1356307999958517>
493.7111 	EXP 	fixation: autoDraw = False
493.7111 	EXP 	cue_text: autoDraw = True
494.0113 	EXP 	cue_text: autoDraw = False
494.3113 	INFO 	Keyboard events cleared
494.3111 	EXP 	target: autoDraw = True
494.5782 	EXP 	Device response: <KeyPress from None: t=494.569233599992, value=left, duration=None>
494.5786 	EXP 	New trial (rep=34, index=1): <Trial 341 (1 in rep 34) data={'cue_arrow': '→', 'target_x': 0.5, 'condition': 'valid', 'corr_Ans': 'right', 'thisN': 341, 'thisTrialN': 1, 'thisRepN': 34}>
494.5820 	DATA 	Keypress: left
494.5939 	EXP 	fixation: autoDraw = False
494.5939 	EXP 	cue_text: autoDraw = False
494.5939 	EXP 	target: autoDraw = False
494.5939 	EXP 	cue_text: height = np.float64(0.1)
494.5939 	EXP 	cue_text: height = np.float64(0.1)
494.5939 	EXP 	cue_text: height = np.float64(0.1)
494.5939 	EXP 	cue_text: text = '→'
494.5939 	EXP 	fixation: autoDraw = True
494.7449 	EXP 	Device response: <KeyPress from None: t=494.569233599992, value=left, duration=0.17249580001225695>
495.0941 	EXP 	fixation: autoDraw = False
495.0941 	EXP 	cue_text: autoDraw = True
495.3773 	EXP 	cue_text: autoDraw = False
495.6778 	INFO 	Keyboard events cleared
495.6776 	EXP 	target: autoDraw = True
495.8965 	DATA 	Keypress: right
495.9109 	EXP 	Device response: <KeyPress from None: t=495.89572689999477, value=right, duration=None>
495.9113 	EXP 	New trial (rep=34, index=2): <Trial 342 (2 in rep 34) data={'cue_arrow': '→', 'target_x': -0.5, 'condition': 'invalid', 'corr_Ans': 'left', 'thisN': 342, 'thisTrialN': 2, 'thisRepN': 34}>
495.9266 	EXP 	fixation: autoDraw = False
495.9266 	EXP 	cue_text: autoDraw = False
495.9266 	EXP 	target: autoDraw = False
495.9266 	EXP 	cue_text: text = '→'
495.9266 	EXP 	fixation: autoDraw = True
496.0436 	EXP 	Device response: <KeyPress from None: t=495.89572689999477, value=right, duration=0.1358433999994304>
496.4115 	EXP 	fixation: autoDraw = False
496.4115 	EXP 	cue_text: autoDraw = True
496.7115 	EXP 	cue_text: autoDraw = False
497.0099 	INFO 	Keyboard events cleared
497.0097 	EXP 	target: autoDraw = True
497.4449 	DATA 	Keypress: left
497.4610 	EXP 	Device response: <KeyPress from None: t=497.4442057999986, value=left, duration=None>
497.4613 	EXP 	New trial (rep=34, index=3): <Trial 343 (3 in rep 34) data={'cue_arrow': '←', 'target_x': -0.5, 'condition': 'valid', 'corr_Ans': 'left', 'thisN': 343, 'thisTrialN': 3, 'thisRepN': 34}>
497.4763 	EXP 	fixation: autoDraw = False
497.4763 	EXP 	cue_text: autoDraw = False
497.4763 	EXP 	target: autoDraw = False
497.4763 	EXP 	cue_text: height = np.float64(0.1)
497.4763 	EXP 	cue_text: height = np.float64(0.1)
497.4763 	EXP 	cue_text: height = np.float64(0.1)
497.4763 	EXP 	cue_text: text = '←'
497.4763 	EXP 	fixation: autoDraw = True
497.6277 	EXP 	Device response: <KeyPress from None: t=497.4442057999986, value=left, duration=0.18095549999270588>
497.9617 	EXP 	fixation: autoDraw = False
497.9617 	EXP 	cue_text: autoDraw = True
498.2610 	EXP 	cue_text: autoDraw = False
498.5779 	INFO 	Keyboard events cleared
498.5776 	EXP 	target: autoDraw = True
498.8605 	EXP 	Device response: <KeyPress from None: t=498.85707070000353, value=left, duration=None>
498.8610 	EXP 	New trial (rep=34, index=4): <Trial 344 (4 in rep 34) data={'cue_arrow': '←', 'target_x': -0.5, 'condition': 'valid', 'corr_Ans': 'left', 'thisN': 344, 'thisTrialN': 4, 'thisRepN': 34}>
498.8622 	DATA 	Keypress: left
498.8764 	EXP 	fixation: autoDraw = False
498.8764 	EXP 	cue_text: autoDraw = False
498.8764 	EXP 	target: autoDraw = False
498.8764 	EXP 	cue_text: text = '←'
498.8764 	EXP 	fixation: autoDraw = True
499.0620 	EXP 	Device response: <KeyPress from None: t=498.85707070000353, value=left, duration=0.19290909999108408>
499.3610 	EXP 	fixation: autoDraw = False
499.3610 	EXP 	cue_text: autoDraw = True
499.6609 	EXP 	cue_text: autoDraw = False
499.9612 	INFO 	Keyboard events cleared
499.9610 	EXP 	target: autoDraw = True
500.3273 	EXP 	Device response: <KeyPress from None: t=500.31437979999464, value=left, duration=None>
500.3278 	EXP 	New trial (rep=34, index=5): <Trial 345 (5 in rep 34) data={'cue_arrow': '→', 'target_x': 0.5, 'condition': 'valid', 'corr_Ans': 'right', 'thisN': 345, 'thisTrialN': 5, 'thisRepN': 34}>
500.3312 	DATA 	Keypress: left
500.3429 	EXP 	fixation: autoDraw = False
500.3429 	EXP 	cue_text: autoDraw = False
500.3429 	EXP 	target: autoDraw = False
500.3429 	EXP 	cue_text: height = np.float64(0.1)
500.3429 	EXP 	cue_text: height = np.float64(0.1)
500.3429 	EXP 	cue_text: height = np.float64(0.1)
500.3429 	EXP 	cue_text: text = '→'
500.3429 	EXP 	fixation: autoDraw = True
500.5103 	EXP 	Device response: <KeyPress from None: t=500.31437979999464, value=left, duration=0.17892079999728594>
500.8275 	EXP 	fixation: autoDraw = False
500.8275 	EXP 	cue_text: autoDraw = True
501.1270 	EXP 	cue_text: autoDraw = False
501.4279 	INFO 	Keyboard events cleared
501.4276 	EXP 	target: autoDraw = True
501.6793 	DATA 	Keypress: right
501.6937 	EXP 	Device response: <KeyPress from None: t=501.67821909999475, value=right, duration=None>
501.6942 	EXP 	New trial (rep=34, index=6): <Trial 346 (6 in rep 34) data={'cue_arrow': '→', 'target_x': 0.5, 'condition': 'valid', 'corr_Ans': 'right', 'thisN': 346, 'thisTrialN': 6, 'thisRepN': 34}>
501.7110 	EXP 	fixation: autoDraw = False
501.7110 	EXP 	cue_text: autoDraw = False
501.7110 	EXP 	target: autoDraw = False
501.7110 	EXP 	cue_text: text = '→'
501.7110 	EXP 	fixation: autoDraw = True
501.7947 	EXP 	Device response: <KeyPress from None: t=501.67821909999475, value=right, duration=0.1154510000051232>
502.1935 	EXP 	fixation: autoDraw = False
502.1935 	EXP 	cue_text: autoDraw = True
502.4946 	EXP 	cue_text: autoDraw = False
502.7950 	INFO 	Keyboard events cleared
502.7948 	EXP 	target: autoDraw = True
503.0622 	EXP 	Device response: <KeyPress from None: t=503.0484765000001, value=right, duration=None>
503.0626 	EXP 	New trial (rep=34, index=7): <Trial 347 (7 in rep 34) data={'cue_arrow': '→', 'target_x': 0.5, 'condition': 'valid', 'corr_Ans': 'right', 'thisN': 347, 'thisTrialN': 7, 'thisRepN': 34}>
503.0642 	DATA 	Keypress: right
503.0765 	EXP 	fixation: autoDraw = False
503.0765 	EXP 	cue_text: autoDraw = False
503.0765 	EXP 	target: autoDraw = False
503.0765 	EXP 	cue_text: text = '→'
503.0765 	EXP 	fixation: autoDraw = True
503.1944 	EXP 	Device response: <KeyPress from None: t=503.0484765000001, value=right, duration=0.1426054000039585>
503.5613 	EXP 	fixation: autoDraw = False
503.5613 	EXP 	cue_text: autoDraw = True
503.8776 	EXP 	cue_text: autoDraw = False
504.1611 	INFO 	Keyboard events cleared
504.1609 	EXP 	target: autoDraw = True
504.5439 	EXP 	Device response: <KeyPress from None: t=504.529400799991, value=right, duration=None>
504.5442 	EXP 	New trial (rep=34, index=8): <Trial 348 (8 in rep 34) data={'cue_arrow': '←', 'target_x': 0.5, 'condition': 'invalid', 'corr_Ans': 'right', 'thisN': 348, 'thisTrialN': 8, 'thisRepN': 34}>
504.5472 	DATA 	Keypress: right
504.5612 	EXP 	fixation: autoDraw = False
504.5612 	EXP 	cue_text: autoDraw = False
504.5612 	EXP 	target: autoDraw = False
504.5612 	EXP 	cue_text: height = np.float64(0.1)
504.5612 	EXP 	cue_text: height = np.float64(0.1)
504.5612 	EXP 	cue_text: height = np.float64(0.1)
504.5612 	EXP 	cue_text: text = '←'
504.5612 	EXP 	fixation: autoDraw = True
504.6606 	EXP 	Device response: <KeyPress from None: t=504.529400799991, value=right, duration=0.11629580000590067>
505.0446 	EXP 	fixation: autoDraw = False
505.0446 	EXP 	cue_text: autoDraw = True
505.3432 	EXP 	cue_text: autoDraw = False
505.6448 	INFO 	Keyboard events cleared
505.6446 	EXP 	target: autoDraw = True
505.9781 	EXP 	Device response: <KeyPress from None: t=505.97464000000036, value=right, duration=None>
505.9784 	EXP 	New trial (rep=34, index=9): <Trial 349 (9 in rep 34) data={'cue_arrow': '←', 'target_x': -0.5, 'condition': 'valid', 'corr_Ans': 'left', 'thisN': 349, 'thisTrialN': 9, 'thisRepN': 34}>
505.9798 	DATA 	Keypress: right
505.9931 	EXP 	fixation: autoDraw = False
505.9931 	EXP 	cue_text: autoDraw = False
505.9931 	EXP 	target: autoDraw = False
505.9931 	EXP 	cue_text: text = '←'
505.9931 	EXP 	fixation: autoDraw = True
506.1279 	EXP 	Device response: <KeyPress from None: t=505.97464000000036, value=right, duration=0.1448272999987239>
506.4780 	EXP 	fixation: autoDraw = False
506.4780 	EXP 	cue_text: autoDraw = True
506.7780 	EXP 	cue_text: autoDraw = False
507.0779 	INFO 	Keyboard events cleared
507.0778 	EXP 	target: autoDraw = True
507.4952 	EXP 	Device response: <KeyPress from None: t=507.48922190000303, value=left, duration=None>
507.4957 	EXP 	New trial (rep=35, index=0): <Trial 350 (0 in rep 35) data={'cue_arrow': '←', 'target_x': -0.5, 'condition': 'valid', 'corr_Ans': 'left', 'thisN': 350, 'thisTrialN': 0, 'thisRepN': 35}>
507.4972 	DATA 	Keypress: left
507.5098 	EXP 	fixation: autoDraw = False
507.5098 	EXP 	cue_text: autoDraw = False
507.5098 	EXP 	target: autoDraw = False
507.5098 	EXP 	cue_text: text = '←'
507.5098 	EXP 	fixation: autoDraw = True
507.6117 	EXP 	Device response: <KeyPress from None: t=507.48922190000303, value=left, duration=0.1088988999981666>
508.0100 	EXP 	fixation: autoDraw = False
508.0100 	EXP 	cue_text: autoDraw = True
508.2944 	EXP 	cue_text: autoDraw = False
508.5950 	INFO 	Keyboard events cleared
508.5948 	EXP 	target: autoDraw = True
508.8772 	EXP 	Device response: <KeyPress from None: t=508.87236969999503, value=left, duration=None>
508.8775 	EXP 	New trial (rep=35, index=1): <Trial 351 (1 in rep 35) data={'cue_arrow': '←', 'target_x': -0.5, 'condition': 'valid', 'corr_Ans': 'left', 'thisN': 351, 'thisTrialN': 1, 'thisRepN': 35}>
508.8787 	DATA 	Keypress: left
508.8939 	EXP 	fixation: autoDraw = False
508.8939 	EXP 	cue_text: autoDraw = False
508.8939 	EXP 	target: autoDraw = False
508.8939 	EXP 	cue_text: text = '←'
508.8939 	EXP 	fixation: autoDraw = True
508.9950 	EXP 	Device response: <KeyPress from None: t=508.87236969999503, value=left, duration=0.11504830000922084>
509.3778 	EXP 	fixation: autoDraw = False
509.3778 	EXP 	cue_text: autoDraw = True
509.6780 	EXP 	cue_text: autoDraw = False
509.9778 	INFO 	Keyboard events cleared
509.9776 	EXP 	target: autoDraw = True
510.2135 	DATA 	Keypress: left
510.2268 	EXP 	Device response: <KeyPress from None: t=510.2128236999997, value=left, duration=None>
510.2273 	EXP 	New trial (rep=35, index=2): <Trial 352 (2 in rep 35) data={'cue_arrow': '→', 'target_x': -0.5, 'condition': 'invalid', 'corr_Ans': 'left', 'thisN': 352, 'thisTrialN': 2, 'thisRepN': 35}>
510.2444 	EXP 	fixation: autoDraw = False
510.2444 	EXP 	cue_text: autoDraw = False
510.2444 	EXP 	target: autoDraw = False
510.2444 	EXP 	cue_text: height = np.float64(0.1)
510.2444 	EXP 	cue_text: height = np.float64(0.1)
510.2444 	EXP 	cue_text: height = np.float64(0.1)
510.2444 	EXP 	cue_text: text = '→'
510.2444 	EXP 	fixation: autoDraw = True
510.3939 	EXP 	Device response: <KeyPress from None: t=510.2128236999997, value=left, duration=0.17393829999491572>
510.7280 	EXP 	fixation: autoDraw = False
510.7280 	EXP 	cue_text: autoDraw = True
511.0268 	EXP 	cue_text: autoDraw = False
511.3286 	INFO 	Keyboard events cleared
511.3284 	EXP 	target: autoDraw = True
511.8282 	EXP 	Device response: <KeyPress from None: t=511.8247255000024, value=left, duration=None>
511.8286 	EXP 	New trial (rep=35, index=3): <Trial 353 (3 in rep 35) data={'cue_arrow': '←', 'target_x': -0.5, 'condition': 'valid', 'corr_Ans': 'left', 'thisN': 353, 'thisTrialN': 3, 'thisRepN': 35}>
511.8322 	DATA 	Keypress: left
511.8442 	EXP 	fixation: autoDraw = False
511.8442 	EXP 	cue_text: autoDraw = False
511.8442 	EXP 	target: autoDraw = False
511.8442 	EXP 	cue_text: height = np.float64(0.1)
511.8442 	EXP 	cue_text: height = np.float64(0.1)
511.8442 	EXP 	cue_text: height = np.float64(0.1)
511.8442 	EXP 	cue_text: text = '←'
511.8442 	EXP 	fixation: autoDraw = True
511.9773 	EXP 	Device response: <KeyPress from None: t=511.8247255000024, value=left, duration=0.1422069999971427>
512.3280 	EXP 	fixation: autoDraw = False
512.3280 	EXP 	cue_text: autoDraw = True
512.6447 	EXP 	cue_text: autoDraw = False
512.9286 	INFO 	Keyboard events cleared
512.9284 	EXP 	target: autoDraw = True
513.2771 	EXP 	Device response: <KeyPress from None: t=513.2757275999902, value=left, duration=None>
513.2774 	EXP 	New trial (rep=35, index=4): <Trial 354 (4 in rep 35) data={'cue_arrow': '→', 'target_x': 0.5, 'condition': 'valid', 'corr_Ans': 'right', 'thisN': 354, 'thisTrialN': 4, 'thisRepN': 35}>
513.2806 	DATA 	Keypress: left
513.2935 	EXP 	fixation: autoDraw = False
513.2935 	EXP 	cue_text: autoDraw = False
513.2935 	EXP 	target: autoDraw = False
513.2935 	EXP 	cue_text: height = np.float64(0.1)
513.2935 	EXP 	cue_text: height = np.float64(0.1)
513.2935 	EXP 	cue_text: height = np.float64(0.1)
513.2935 	EXP 	cue_text: text = '→'
513.2935 	EXP 	fixation: autoDraw = True
513.4105 	EXP 	Device response: <KeyPress from None: t=513.2757275999902, value=left, duration=0.12994060000346508>
513.7781 	EXP 	fixation: autoDraw = False
513.7781 	EXP 	cue_text: autoDraw = True
514.0786 	EXP 	cue_text: autoDraw = False
514.3776 	INFO 	Keyboard events cleared
514.3773 	EXP 	target: autoDraw = True
514.7776 	EXP 	Device response: <KeyPress from None: t=514.7723017999961, value=right, duration=None>
514.7780 	EXP 	New trial (rep=35, index=5): <Trial 355 (5 in rep 35) data={'cue_arrow': '→', 'target_x': 0.5, 'condition': 'valid', 'corr_Ans': 'right', 'thisN': 355, 'thisTrialN': 5, 'thisRepN': 35}>
514.7794 	DATA 	Keypress: right
514.7935 	EXP 	fixation: autoDraw = False
514.7935 	EXP 	cue_text: autoDraw = False
514.7935 	EXP 	target: autoDraw = False
514.7935 	EXP 	cue_text: text = '→'
514.7935 	EXP 	fixation: autoDraw = True
514.9117 	EXP 	Device response: <KeyPress from None: t=514.7723017999961, value=right, duration=0.13369170000078157>
515.2780 	EXP 	fixation: autoDraw = False
515.2780 	EXP 	cue_text: autoDraw = True
515.5784 	EXP 	cue_text: autoDraw = False
515.8769 	INFO 	Keyboard events cleared
515.8767 	EXP 	target: autoDraw = True
516.2778 	EXP 	Device response: <KeyPress from None: t=516.2652891000034, value=right, duration=None>
516.2782 	EXP 	New trial (rep=35, index=6): <Trial 356 (6 in rep 35) data={'cue_arrow': '←', 'target_x': 0.5, 'condition': 'invalid', 'corr_Ans': 'right', 'thisN': 356, 'thisTrialN': 6, 'thisRepN': 35}>
516.2816 	DATA 	Keypress: right
516.2946 	EXP 	fixation: autoDraw = False
516.2946 	EXP 	cue_text: autoDraw = False
516.2946 	EXP 	target: autoDraw = False
516.2946 	EXP 	cue_text: height = np.float64(0.1)
516.2946 	EXP 	cue_text: height = np.float64(0.1)
516.2946 	EXP 	cue_text: height = np.float64(0.1)
516.2946 	EXP 	cue_text: text = '←'
516.2946 	EXP 	fixation: autoDraw = True
516.4115 	EXP 	Device response: <KeyPress from None: t=516.2652891000034, value=right, duration=0.1431146999966586>
516.7947 	EXP 	fixation: autoDraw = False
516.7947 	EXP 	cue_text: autoDraw = True
517.0782 	EXP 	cue_text: autoDraw = False
517.3785 	INFO 	Keyboard events cleared
517.3783 	EXP 	target: autoDraw = True
517.7968 	DATA 	Keypress: right
517.8104 	EXP 	Device response: <KeyPress from None: t=517.7958097999945, value=right, duration=None>
517.8107 	EXP 	New trial (rep=35, index=7): <Trial 357 (7 in rep 35) data={'cue_arrow': '→', 'target_x': 0.5, 'condition': 'valid', 'corr_Ans': 'right', 'thisN': 357, 'thisTrialN': 7, 'thisRepN': 35}>
517.8274 	EXP 	fixation: autoDraw = False
517.8274 	EXP 	cue_text: autoDraw = False
517.8274 	EXP 	target: autoDraw = False
517.8274 	EXP 	cue_text: height = np.float64(0.1)
517.8274 	EXP 	cue_text: height = np.float64(0.1)
517.8274 	EXP 	cue_text: height = np.float64(0.1)
517.8274 	EXP 	cue_text: text = '→'
517.8274 	EXP 	fixation: autoDraw = True
517.9288 	EXP 	Device response: <KeyPress from None: t=517.7958097999945, value=right, duration=0.1320737000060035>
518.3103 	EXP 	fixation: autoDraw = False
518.3103 	EXP 	cue_text: autoDraw = True
518.6114 	EXP 	cue_text: autoDraw = False
518.9115 	INFO 	Keyboard events cleared
518.9113 	EXP 	target: autoDraw = True
519.2609 	EXP 	Device response: <KeyPress from None: t=519.2502379999933, value=right, duration=None>
519.2613 	EXP 	New trial (rep=35, index=8): <Trial 358 (8 in rep 35) data={'cue_arrow': '→', 'target_x': 0.5, 'condition': 'valid', 'corr_Ans': 'right', 'thisN': 358, 'thisTrialN': 8, 'thisRepN': 35}>
519.2626 	DATA 	Keypress: right
519.2768 	EXP 	fixation: autoDraw = False
519.2768 	EXP 	cue_text: autoDraw = False
519.2768 	EXP 	target: autoDraw = False
519.2768 	EXP 	cue_text: text = '→'
519.2768 	EXP 	fixation: autoDraw = True
519.4441 	EXP 	Device response: <KeyPress from None: t=519.2502379999933, value=right, duration=0.17762499999662396>
519.7604 	EXP 	fixation: autoDraw = False
519.7604 	EXP 	cue_text: autoDraw = True
520.0786 	EXP 	cue_text: autoDraw = False
520.3625 	INFO 	Keyboard events cleared
520.3623 	EXP 	target: autoDraw = True
520.6942 	EXP 	Device response: <KeyPress from None: t=520.690990499992, value=right, duration=None>
520.6946 	EXP 	New trial (rep=35, index=9): <Trial 359 (9 in rep 35) data={'cue_arrow': '←', 'target_x': -0.5, 'condition': 'valid', 'corr_Ans': 'left', 'thisN': 359, 'thisTrialN': 9, 'thisRepN': 35}>
520.6986 	DATA 	Keypress: right
520.7107 	EXP 	fixation: autoDraw = False
520.7107 	EXP 	cue_text: autoDraw = False
520.7107 	EXP 	target: autoDraw = False
520.7107 	EXP 	cue_text: height = np.float64(0.1)
520.7107 	EXP 	cue_text: height = np.float64(0.1)
520.7107 	EXP 	cue_text: height = np.float64(0.1)
520.7107 	EXP 	cue_text: text = '←'
520.7107 	EXP 	fixation: autoDraw = True
520.8455 	EXP 	Device response: <KeyPress from None: t=520.690990499992, value=right, duration=0.13871230000222567>
521.1942 	EXP 	fixation: autoDraw = False
521.1942 	EXP 	cue_text: autoDraw = True
521.4952 	EXP 	cue_text: autoDraw = False
521.7939 	INFO 	Keyboard events cleared
521.7937 	EXP 	target: autoDraw = True
522.1439 	EXP 	Device response: <KeyPress from None: t=522.1384775999904, value=left, duration=None>
522.1442 	EXP 	New trial (rep=36, index=0): <Trial 360 (0 in rep 36) data={'cue_arrow': '←', 'target_x': -0.5, 'condition': 'valid', 'corr_Ans': 'left', 'thisN': 360, 'thisTrialN': 0, 'thisRepN': 36}>
522.1454 	DATA 	Keypress: left
522.1611 	EXP 	fixation: autoDraw = False
522.1611 	EXP 	cue_text: autoDraw = False
522.1611 	EXP 	target: autoDraw = False
522.1611 	EXP 	cue_text: text = '←'
522.1611 	EXP 	fixation: autoDraw = True
522.3116 	EXP 	Device response: <KeyPress from None: t=522.1384775999904, value=left, duration=0.1649908000108553>
522.6454 	EXP 	fixation: autoDraw = False
522.6454 	EXP 	cue_text: autoDraw = True
522.9452 	EXP 	cue_text: autoDraw = False
523.2456 	INFO 	Keyboard events cleared
523.2453 	EXP 	target: autoDraw = True
523.5609 	EXP 	Device response: <KeyPress from None: t=523.5478064999916, value=left, duration=None>
523.5612 	EXP 	New trial (rep=36, index=1): <Trial 361 (1 in rep 36) data={'cue_arrow': '→', 'target_x': 0.5, 'condition': 'valid', 'corr_Ans': 'right', 'thisN': 361, 'thisTrialN': 1, 'thisRepN': 36}>
523.5642 	DATA 	Keypress: left
523.5768 	EXP 	fixation: autoDraw = False
523.5768 	EXP 	cue_text: autoDraw = False
523.5768 	EXP 	target: autoDraw = False
523.5768 	EXP 	cue_text: height = np.float64(0.1)
523.5768 	EXP 	cue_text: height = np.float64(0.1)
523.5768 	EXP 	cue_text: height = np.float64(0.1)
523.5768 	EXP 	cue_text: text = '→'
523.5768 	EXP 	fixation: autoDraw = True
523.7442 	EXP 	Device response: <KeyPress from None: t=523.5478064999916, value=left, duration=0.18119500001193956>
524.0618 	EXP 	fixation: autoDraw = False
524.0618 	EXP 	cue_text: autoDraw = True
524.3619 	EXP 	cue_text: autoDraw = False
524.6612 	INFO 	Keyboard events cleared
524.6610 	EXP 	target: autoDraw = True
524.9624 	EXP 	Device response: <KeyPress from None: t=524.959108199997, value=right, duration=None>
524.9628 	EXP 	New trial (rep=36, index=2): <Trial 362 (2 in rep 36) data={'cue_arrow': '→', 'target_x': -0.5, 'condition': 'invalid', 'corr_Ans': 'left', 'thisN': 362, 'thisTrialN': 2, 'thisRepN': 36}>
524.9641 	DATA 	Keypress: right
524.9769 	EXP 	fixation: autoDraw = False
524.9769 	EXP 	cue_text: autoDraw = False
524.9769 	EXP 	target: autoDraw = False
524.9769 	EXP 	cue_text: text = '→'
524.9769 	EXP 	fixation: autoDraw = True
525.0785 	EXP 	Device response: <KeyPress from None: t=524.959108199997, value=right, duration=0.11825450000469573>
525.4786 	EXP 	fixation: autoDraw = False
525.4786 	EXP 	cue_text: autoDraw = True
525.7768 	EXP 	cue_text: autoDraw = False
526.0618 	INFO 	Keyboard events cleared
526.0616 	EXP 	target: autoDraw = True
526.3785 	DATA 	Keypress: left
526.3950 	EXP 	Device response: <KeyPress from None: t=526.3773081999971, value=left, duration=None>
526.3954 	EXP 	New trial (rep=36, index=3): <Trial 363 (3 in rep 36) data={'cue_arrow': '←', 'target_x': -0.5, 'condition': 'valid', 'corr_Ans': 'left', 'thisN': 363, 'thisTrialN': 3, 'thisRepN': 36}>
526.4113 	EXP 	fixation: autoDraw = False
526.4113 	EXP 	cue_text: autoDraw = False
526.4113 	EXP 	target: autoDraw = False
526.4113 	EXP 	cue_text: height = np.float64(0.1)
526.4113 	EXP 	cue_text: height = np.float64(0.1)
526.4113 	EXP 	cue_text: height = np.float64(0.1)
526.4113 	EXP 	cue_text: text = '←'
526.4113 	EXP 	fixation: autoDraw = True
526.5278 	EXP 	Device response: <KeyPress from None: t=526.3773081999971, value=left, duration=0.14113519999955315>
526.8953 	EXP 	fixation: autoDraw = False
526.8953 	EXP 	cue_text: autoDraw = True
527.1936 	EXP 	cue_text: autoDraw = False
527.4945 	INFO 	Keyboard events cleared
527.4943 	EXP 	target: autoDraw = True
527.8112 	EXP 	Device response: <KeyPress from None: t=527.8105950000026, value=left, duration=None>
527.8116 	EXP 	New trial (rep=36, index=4): <Trial 364 (4 in rep 36) data={'cue_arrow': '←', 'target_x': -0.5, 'condition': 'valid', 'corr_Ans': 'left', 'thisN': 364, 'thisTrialN': 4, 'thisRepN': 36}>
527.8130 	DATA 	Keypress: left
527.8269 	EXP 	fixation: autoDraw = False
527.8269 	EXP 	cue_text: autoDraw = False
527.8269 	EXP 	target: autoDraw = False
527.8269 	EXP 	cue_text: text = '←'
527.8269 	EXP 	fixation: autoDraw = True
527.9608 	EXP 	Device response: <KeyPress from None: t=527.8105950000026, value=left, duration=0.13881849999597762>
528.3115 	EXP 	fixation: autoDraw = False
528.3115 	EXP 	cue_text: autoDraw = True
528.6120 	EXP 	cue_text: autoDraw = False
528.9108 	INFO 	Keyboard events cleared
528.9106 	EXP 	target: autoDraw = True
529.2115 	EXP 	Device response: <KeyPress from None: t=529.2108699999953, value=left, duration=None>
529.2119 	EXP 	New trial (rep=36, index=5): <Trial 365 (5 in rep 36) data={'cue_arrow': '→', 'target_x': 0.5, 'condition': 'valid', 'corr_Ans': 'right', 'thisN': 365, 'thisTrialN': 5, 'thisRepN': 36}>
529.2150 	DATA 	Keypress: left
529.2268 	EXP 	fixation: autoDraw = False
529.2268 	EXP 	cue_text: autoDraw = False
529.2268 	EXP 	target: autoDraw = False
529.2268 	EXP 	cue_text: height = np.float64(0.1)
529.2268 	EXP 	cue_text: height = np.float64(0.1)
529.2268 	EXP 	cue_text: height = np.float64(0.1)
529.2268 	EXP 	cue_text: text = '→'
529.2268 	EXP 	fixation: autoDraw = True
529.3447 	EXP 	Device response: <KeyPress from None: t=529.2108699999953, value=left, duration=0.13262250000843778>
529.7286 	EXP 	fixation: autoDraw = False
529.7286 	EXP 	cue_text: autoDraw = True
530.0104 	EXP 	cue_text: autoDraw = False
530.3122 	INFO 	Keyboard events cleared
530.3119 	EXP 	target: autoDraw = True
530.5777 	EXP 	Device response: <KeyPress from None: t=530.5707738999918, value=right, duration=None>
530.5781 	EXP 	New trial (rep=36, index=6): <Trial 366 (6 in rep 36) data={'cue_arrow': '→', 'target_x': 0.5, 'condition': 'valid', 'corr_Ans': 'right', 'thisN': 366, 'thisTrialN': 6, 'thisRepN': 36}>
530.5794 	DATA 	Keypress: right
530.5948 	EXP 	fixation: autoDraw = False
530.5948 	EXP 	cue_text: autoDraw = False
530.5948 	EXP 	target: autoDraw = False
530.5948 	EXP 	cue_text: text = '→'
530.5948 	EXP 	fixation: autoDraw = True
530.7444 	EXP 	Device response: <KeyPress from None: t=530.5707738999918, value=right, duration=0.15864639999927022>
531.0783 	EXP 	fixation: autoDraw = False
531.0783 	EXP 	cue_text: autoDraw = True
531.3784 	EXP 	cue_text: autoDraw = False
531.6778 	INFO 	Keyboard events cleared
531.6776 	EXP 	target: autoDraw = True
532.1120 	EXP 	Device response: <KeyPress from None: t=532.1008295999927, value=right, duration=None>
532.1124 	EXP 	New trial (rep=36, index=7): <Trial 367 (7 in rep 36) data={'cue_arrow': '←', 'target_x': 0.5, 'condition': 'invalid', 'corr_Ans': 'right', 'thisN': 367, 'thisTrialN': 7, 'thisRepN': 36}>
532.1153 	DATA 	Keypress: right
532.1273 	EXP 	fixation: autoDraw = False
532.1273 	EXP 	cue_text: autoDraw = False
532.1273 	EXP 	target: autoDraw = False
532.1273 	EXP 	cue_text: height = np.float64(0.1)
532.1273 	EXP 	cue_text: height = np.float64(0.1)
532.1273 	EXP 	cue_text: height = np.float64(0.1)
532.1273 	EXP 	cue_text: text = '←'
532.1273 	EXP 	fixation: autoDraw = True
532.2443 	EXP 	Device response: <KeyPress from None: t=532.1008295999927, value=right, duration=0.12852480000583455>
532.6115 	EXP 	fixation: autoDraw = False
532.6115 	EXP 	cue_text: autoDraw = True
532.9120 	EXP 	cue_text: autoDraw = False
533.2275 	INFO 	Keyboard events cleared
533.2273 	EXP 	target: autoDraw = True
533.5621 	EXP 	Device response: <KeyPress from None: t=533.5611692999955, value=right, duration=None>
533.5624 	EXP 	New trial (rep=36, index=8): <Trial 368 (8 in rep 36) data={'cue_arrow': '→', 'target_x': 0.5, 'condition': 'valid', 'corr_Ans': 'right', 'thisN': 368, 'thisTrialN': 8, 'thisRepN': 36}>
533.5656 	DATA 	Keypress: right
533.5777 	EXP 	fixation: autoDraw = False
533.5777 	EXP 	cue_text: autoDraw = False
533.5777 	EXP 	target: autoDraw = False
533.5777 	EXP 	cue_text: height = np.float64(0.1)
533.5777 	EXP 	cue_text: height = np.float64(0.1)
533.5777 	EXP 	cue_text: height = np.float64(0.1)
533.5777 	EXP 	cue_text: text = '→'
533.5777 	EXP 	fixation: autoDraw = True
533.6776 	EXP 	Device response: <KeyPress from None: t=533.5611692999955, value=right, duration=0.10254010000790004>
534.0778 	EXP 	fixation: autoDraw = False
534.0778 	EXP 	cue_text: autoDraw = True
534.3619 	EXP 	cue_text: autoDraw = False
534.6624 	INFO 	Keyboard events cleared
534.6621 	EXP 	target: autoDraw = True
534.9610 	EXP 	Device response: <KeyPress from None: t=534.9459659999993, value=right, duration=None>
534.9614 	EXP 	New trial (rep=36, index=9): <Trial 369 (9 in rep 36) data={'cue_arrow': '←', 'target_x': -0.5, 'condition': 'valid', 'corr_Ans': 'left', 'thisN': 369, 'thisTrialN': 9, 'thisRepN': 36}>
534.9643 	DATA 	Keypress: right
534.9780 	EXP 	fixation: autoDraw = False
534.9780 	EXP 	cue_text: autoDraw = False
534.9780 	EXP 	target: autoDraw = False
534.9780 	EXP 	cue_text: height = np.float64(0.1)
534.9780 	EXP 	cue_text: height = np.float64(0.1)
534.9780 	EXP 	cue_text: height = np.float64(0.1)
534.9780 	EXP 	cue_text: text = '←'
534.9780 	EXP 	fixation: autoDraw = True
535.0957 	EXP 	Device response: <KeyPress from None: t=534.9459659999993, value=right, duration=0.1340522999962559>
535.4617 	EXP 	fixation: autoDraw = False
535.4617 	EXP 	cue_text: autoDraw = True
535.7619 	EXP 	cue_text: autoDraw = False
536.0610 	INFO 	Keyboard events cleared
536.0608 	EXP 	target: autoDraw = True
536.3447 	EXP 	Device response: <KeyPress from None: t=536.3392766000034, value=left, duration=None>
536.3450 	EXP 	New trial (rep=37, index=0): <Trial 370 (0 in rep 37) data={'cue_arrow': '→', 'target_x': -0.5, 'condition': 'invalid', 'corr_Ans': 'left', 'thisN': 370, 'thisTrialN': 0, 'thisRepN': 37}>
536.3478 	DATA 	Keypress: left
536.3603 	EXP 	fixation: autoDraw = False
536.3603 	EXP 	cue_text: autoDraw = False
536.3603 	EXP 	target: autoDraw = False
536.3603 	EXP 	cue_text: height = np.float64(0.1)
536.3603 	EXP 	cue_text: height = np.float64(0.1)
536.3603 	EXP 	cue_text: height = np.float64(0.1)
536.3603 	EXP 	cue_text: text = '→'
536.3603 	EXP 	fixation: autoDraw = True
536.4792 	EXP 	Device response: <KeyPress from None: t=536.3392766000034, value=left, duration=0.12468699998862576>
536.8613 	EXP 	fixation: autoDraw = False
536.8613 	EXP 	cue_text: autoDraw = True
537.1436 	EXP 	cue_text: autoDraw = False
537.4455 	INFO 	Keyboard events cleared
537.4453 	EXP 	target: autoDraw = True
537.8125 	EXP 	Device response: <KeyPress from None: t=537.8052216999931, value=left, duration=None>
537.8130 	EXP 	New trial (rep=37, index=1): <Trial 371 (1 in rep 37) data={'cue_arrow': '→', 'target_x': 0.5, 'condition': 'valid', 'corr_Ans': 'right', 'thisN': 371, 'thisTrialN': 1, 'thisRepN': 37}>
537.8145 	DATA 	Keypress: left
537.8270 	EXP 	fixation: autoDraw = False
537.8270 	EXP 	cue_text: autoDraw = False
537.8270 	EXP 	target: autoDraw = False
537.8270 	EXP 	cue_text: text = '→'
537.8270 	EXP 	fixation: autoDraw = True
538.0281 	EXP 	Device response: <KeyPress from None: t=537.8052216999931, value=left, duration=0.2136876000004122>
538.3272 	EXP 	fixation: autoDraw = False
538.3272 	EXP 	cue_text: autoDraw = True
538.6119 	EXP 	cue_text: autoDraw = False
538.9112 	INFO 	Keyboard events cleared
538.9110 	EXP 	target: autoDraw = True
539.1944 	EXP 	Device response: <KeyPress from None: t=539.1835158000031, value=right, duration=None>
539.1947 	EXP 	New trial (rep=37, index=2): <Trial 372 (2 in rep 37) data={'cue_arrow': '←', 'target_x': -0.5, 'condition': 'valid', 'corr_Ans': 'left', 'thisN': 372, 'thisTrialN': 2, 'thisRepN': 37}>
539.1977 	DATA 	Keypress: right
539.2118 	EXP 	fixation: autoDraw = False
539.2118 	EXP 	cue_text: autoDraw = False
539.2118 	EXP 	target: autoDraw = False
539.2118 	EXP 	cue_text: height = np.float64(0.1)
539.2118 	EXP 	cue_text: height = np.float64(0.1)
539.2118 	EXP 	cue_text: height = np.float64(0.1)
539.2118 	EXP 	cue_text: text = '←'
539.2118 	EXP 	fixation: autoDraw = True
539.3118 	EXP 	Device response: <KeyPress from None: t=539.1835158000031, value=right, duration=0.12441069999476895>
539.6949 	EXP 	fixation: autoDraw = False
539.6949 	EXP 	cue_text: autoDraw = True
539.9944 	EXP 	cue_text: autoDraw = False
540.2940 	INFO 	Keyboard events cleared
540.2938 	EXP 	target: autoDraw = True
540.5785 	DATA 	Keypress: left
540.5944 	EXP 	Device response: <KeyPress from None: t=540.5771077999962, value=left, duration=None>
540.5947 	EXP 	New trial (rep=37, index=3): <Trial 373 (3 in rep 37) data={'cue_arrow': '→', 'target_x': 0.5, 'condition': 'valid', 'corr_Ans': 'right', 'thisN': 373, 'thisTrialN': 3, 'thisRepN': 37}>
540.6109 	EXP 	fixation: autoDraw = False
540.6109 	EXP 	cue_text: autoDraw = False
540.6109 	EXP 	target: autoDraw = False
540.6109 	EXP 	cue_text: height = np.float64(0.1)
540.6109 	EXP 	cue_text: height = np.float64(0.1)
540.6109 	EXP 	cue_text: height = np.float64(0.1)
540.6109 	EXP 	cue_text: text = '→'
540.6109 	EXP 	fixation: autoDraw = True
540.7951 	EXP 	Device response: <KeyPress from None: t=540.5771077999962, value=left, duration=0.2083513999969>
541.0939 	EXP 	fixation: autoDraw = False
541.0939 	EXP 	cue_text: autoDraw = True
541.3945 	EXP 	cue_text: autoDraw = False
541.6960 	INFO 	Keyboard events cleared
541.6958 	EXP 	target: autoDraw = True
541.9943 	EXP 	Device response: <KeyPress from None: t=541.9914624999947, value=right, duration=None>
541.9947 	EXP 	New trial (rep=37, index=4): <Trial 374 (4 in rep 37) data={'cue_arrow': '→', 'target_x': 0.5, 'condition': 'valid', 'corr_Ans': 'right', 'thisN': 374, 'thisTrialN': 4, 'thisRepN': 37}>
541.9961 	DATA 	Keypress: right
542.0106 	EXP 	fixation: autoDraw = False
542.0106 	EXP 	cue_text: autoDraw = False
542.0106 	EXP 	target: autoDraw = False
542.0106 	EXP 	cue_text: text = '→'
542.0106 	EXP 	fixation: autoDraw = True
542.1447 	EXP 	Device response: <KeyPress from None: t=541.9914624999947, value=right, duration=0.14027659999555908>
542.4952 	EXP 	fixation: autoDraw = False
542.4952 	EXP 	cue_text: autoDraw = True
542.7960 	EXP 	cue_text: autoDraw = False
543.0940 	INFO 	Keyboard events cleared
543.0938 	EXP 	target: autoDraw = True
543.4781 	EXP 	Device response: <KeyPress from None: t=543.472400300001, value=right, duration=None>
543.4785 	EXP 	New trial (rep=37, index=5): <Trial 375 (5 in rep 37) data={'cue_arrow': '→', 'target_x': 0.5, 'condition': 'valid', 'corr_Ans': 'right', 'thisN': 375, 'thisTrialN': 5, 'thisRepN': 37}>
543.4797 	DATA 	Keypress: right
543.4939 	EXP 	fixation: autoDraw = False
543.4939 	EXP 	cue_text: autoDraw = False
543.4939 	EXP 	target: autoDraw = False
543.4939 	EXP 	cue_text: text = '→'
543.4939 	EXP 	fixation: autoDraw = True
543.6449 	EXP 	Device response: <KeyPress from None: t=543.472400300001, value=right, duration=0.1589679999888176>
543.9777 	EXP 	fixation: autoDraw = False
543.9777 	EXP 	cue_text: autoDraw = True
544.2773 	EXP 	cue_text: autoDraw = False
544.5789 	INFO 	Keyboard events cleared
544.5786 	EXP 	target: autoDraw = True
544.9775 	EXP 	Device response: <KeyPress from None: t=544.9763628999935, value=right, duration=None>
544.9778 	EXP 	New trial (rep=37, index=6): <Trial 376 (6 in rep 37) data={'cue_arrow': '←', 'target_x': 0.5, 'condition': 'invalid', 'corr_Ans': 'right', 'thisN': 376, 'thisTrialN': 6, 'thisRepN': 37}>
544.9808 	DATA 	Keypress: right
544.9938 	EXP 	fixation: autoDraw = False
544.9938 	EXP 	cue_text: autoDraw = False
544.9938 	EXP 	target: autoDraw = False
544.9938 	EXP 	cue_text: height = np.float64(0.1)
544.9938 	EXP 	cue_text: height = np.float64(0.1)
544.9938 	EXP 	cue_text: height = np.float64(0.1)
544.9938 	EXP 	cue_text: text = '←'
544.9938 	EXP 	fixation: autoDraw = True
545.1614 	EXP 	Device response: <KeyPress from None: t=544.9763628999935, value=right, duration=0.17557940000551753>
545.4773 	EXP 	fixation: autoDraw = False
545.4773 	EXP 	cue_text: autoDraw = True
545.7789 	EXP 	cue_text: autoDraw = False
546.0792 	INFO 	Keyboard events cleared
546.0789 	EXP 	target: autoDraw = True
546.5130 	DATA 	Keypress: right
546.5279 	EXP 	Device response: <KeyPress from None: t=546.511494099992, value=right, duration=None>
546.5284 	EXP 	New trial (rep=37, index=7): <Trial 377 (7 in rep 37) data={'cue_arrow': '←', 'target_x': -0.5, 'condition': 'valid', 'corr_Ans': 'left', 'thisN': 377, 'thisTrialN': 7, 'thisRepN': 37}>
546.5457 	EXP 	fixation: autoDraw = False
546.5457 	EXP 	cue_text: autoDraw = False
546.5457 	EXP 	target: autoDraw = False
546.5457 	EXP 	cue_text: text = '←'
546.5457 	EXP 	fixation: autoDraw = True
546.6457 	EXP 	Device response: <KeyPress from None: t=546.511494099992, value=right, duration=0.13297170000441838>
547.0275 	EXP 	fixation: autoDraw = False
547.0275 	EXP 	cue_text: autoDraw = True
547.3284 	EXP 	cue_text: autoDraw = False
547.6292 	INFO 	Keyboard events cleared
547.6290 	EXP 	target: autoDraw = True
548.0278 	EXP 	Device response: <KeyPress from None: t=548.0148122999963, value=left, duration=None>
548.0282 	EXP 	New trial (rep=37, index=8): <Trial 378 (8 in rep 37) data={'cue_arrow': '←', 'target_x': -0.5, 'condition': 'valid', 'corr_Ans': 'left', 'thisN': 378, 'thisTrialN': 8, 'thisRepN': 37}>
548.0294 	DATA 	Keypress: left
548.0459 	EXP 	fixation: autoDraw = False
548.0459 	EXP 	cue_text: autoDraw = False
548.0459 	EXP 	target: autoDraw = False
548.0459 	EXP 	cue_text: text = '←'
548.0459 	EXP 	fixation: autoDraw = True
548.1627 	EXP 	Device response: <KeyPress from None: t=548.0148122999963, value=left, duration=0.14647720000357367>
548.5289 	EXP 	fixation: autoDraw = False
548.5289 	EXP 	cue_text: autoDraw = True
548.8287 	EXP 	cue_text: autoDraw = False
549.1287 	INFO 	Keyboard events cleared
549.1285 	EXP 	target: autoDraw = True
549.4279 	EXP 	Device response: <KeyPress from None: t=549.420126099998, value=left, duration=None>
549.4283 	EXP 	New trial (rep=37, index=9): <Trial 379 (9 in rep 37) data={'cue_arrow': '←', 'target_x': -0.5, 'condition': 'valid', 'corr_Ans': 'left', 'thisN': 379, 'thisTrialN': 9, 'thisRepN': 37}>
549.4295 	DATA 	Keypress: left
549.4444 	EXP 	fixation: autoDraw = False
549.4444 	EXP 	cue_text: autoDraw = False
549.4444 	EXP 	target: autoDraw = False
549.4444 	EXP 	cue_text: text = '←'
549.4444 	EXP 	fixation: autoDraw = True
549.5463 	EXP 	Device response: <KeyPress from None: t=549.420126099998, value=left, duration=0.11193159999675117>
549.9288 	EXP 	fixation: autoDraw = False
549.9288 	EXP 	cue_text: autoDraw = True
550.2289 	EXP 	cue_text: autoDraw = False
550.5280 	INFO 	Keyboard events cleared
550.5278 	EXP 	target: autoDraw = True
550.7796 	DATA 	Keypress: left
550.7947 	EXP 	Device response: <KeyPress from None: t=550.7780358000018, value=left, duration=None>
550.7952 	EXP 	New trial (rep=38, index=0): <Trial 380 (0 in rep 38) data={'cue_arrow': '←', 'target_x': -0.5, 'condition': 'valid', 'corr_Ans': 'left', 'thisN': 380, 'thisTrialN': 0, 'thisRepN': 38}>
550.8123 	EXP 	fixation: autoDraw = False
550.8123 	EXP 	cue_text: autoDraw = False
550.8123 	EXP 	target: autoDraw = False
550.8123 	EXP 	cue_text: text = '←'
550.8123 	EXP 	fixation: autoDraw = True
550.8945 	EXP 	Device response: <KeyPress from None: t=550.7780358000018, value=left, duration=0.10936869999568444>
551.2958 	EXP 	fixation: autoDraw = False
551.2958 	EXP 	cue_text: autoDraw = True
551.5958 	EXP 	cue_text: autoDraw = False
551.8951 	INFO 	Keyboard events cleared
551.8949 	EXP 	target: autoDraw = True
552.1784 	EXP 	Device response: <KeyPress from None: t=552.1667978000041, value=left, duration=None>
552.1788 	EXP 	New trial (rep=38, index=1): <Trial 381 (1 in rep 38) data={'cue_arrow': '←', 'target_x': 0.5, 'condition': 'invalid', 'corr_Ans': 'right', 'thisN': 381, 'thisTrialN': 1, 'thisRepN': 38}>
552.1801 	DATA 	Keypress: left
552.1948 	EXP 	fixation: autoDraw = False
552.1948 	EXP 	cue_text: autoDraw = False
552.1948 	EXP 	target: autoDraw = False
552.1948 	EXP 	cue_text: text = '←'
552.1948 	EXP 	fixation: autoDraw = True
552.2947 	EXP 	Device response: <KeyPress from None: t=552.1667978000041, value=left, duration=0.11364429999957792>
552.6783 	EXP 	fixation: autoDraw = False
552.6783 	EXP 	cue_text: autoDraw = True
552.9789 	EXP 	cue_text: autoDraw = False
553.2791 	INFO 	Keyboard events cleared
553.2789 	EXP 	target: autoDraw = True
553.6785 	EXP 	Device response: <KeyPress from None: t=553.6707888999954, value=right, duration=None>
553.6788 	EXP 	New trial (rep=38, index=2): <Trial 382 (2 in rep 38) data={'cue_arrow': '→', 'target_x': 0.5, 'condition': 'valid', 'corr_Ans': 'right', 'thisN': 382, 'thisTrialN': 2, 'thisRepN': 38}>
553.6824 	DATA 	Keypress: right
553.6955 	EXP 	fixation: autoDraw = False
553.6955 	EXP 	cue_text: autoDraw = False
553.6955 	EXP 	target: autoDraw = False
553.6955 	EXP 	cue_text: height = np.float64(0.1)
553.6955 	EXP 	cue_text: height = np.float64(0.1)
553.6955 	EXP 	cue_text: height = np.float64(0.1)
553.6955 	EXP 	cue_text: text = '→'
553.6955 	EXP 	fixation: autoDraw = True
553.8625 	EXP 	Device response: <KeyPress from None: t=553.6707888999954, value=right, duration=0.1757116000080714>
554.1787 	EXP 	fixation: autoDraw = False
554.1787 	EXP 	cue_text: autoDraw = True
554.4954 	EXP 	cue_text: autoDraw = False
554.7786 	INFO 	Keyboard events cleared
554.7785 	EXP 	target: autoDraw = True
555.1951 	EXP 	Device response: <KeyPress from None: t=555.1882170000026, value=right, duration=None>
555.1954 	EXP 	New trial (rep=38, index=3): <Trial 383 (3 in rep 38) data={'cue_arrow': '→', 'target_x': 0.5, 'condition': 'valid', 'corr_Ans': 'right', 'thisN': 383, 'thisTrialN': 3, 'thisRepN': 38}>
555.1966 	DATA 	Keypress: right
555.2120 	EXP 	fixation: autoDraw = False
555.2120 	EXP 	cue_text: autoDraw = False
555.2120 	EXP 	target: autoDraw = False
555.2120 	EXP 	cue_text: text = '→'
555.2120 	EXP 	fixation: autoDraw = True
555.3614 	EXP 	Device response: <KeyPress from None: t=555.1882170000026, value=right, duration=0.15848139999434352>
555.6945 	EXP 	fixation: autoDraw = False
555.6945 	EXP 	cue_text: autoDraw = True
555.9941 	EXP 	cue_text: autoDraw = False
556.2960 	INFO 	Keyboard events cleared
556.2958 	EXP 	target: autoDraw = True
556.5465 	EXP 	Device response: <KeyPress from None: t=556.5378586000006, value=right, duration=None>
556.5468 	EXP 	New trial (rep=38, index=4): <Trial 384 (4 in rep 38) data={'cue_arrow': '←', 'target_x': -0.5, 'condition': 'valid', 'corr_Ans': 'left', 'thisN': 384, 'thisTrialN': 4, 'thisRepN': 38}>
556.5500 	DATA 	Keypress: right
556.5603 	EXP 	fixation: autoDraw = False
556.5603 	EXP 	cue_text: autoDraw = False
556.5603 	EXP 	target: autoDraw = False
556.5603 	EXP 	cue_text: height = np.float64(0.1)
556.5603 	EXP 	cue_text: height = np.float64(0.1)
556.5603 	EXP 	cue_text: height = np.float64(0.1)
556.5603 	EXP 	cue_text: text = '←'
556.5603 	EXP 	fixation: autoDraw = True
556.6945 	EXP 	Device response: <KeyPress from None: t=556.5378586000006, value=right, duration=0.14794599999731872>
557.0623 	EXP 	fixation: autoDraw = False
557.0623 	EXP 	cue_text: autoDraw = True
557.3622 	EXP 	cue_text: autoDraw = False
557.6459 	INFO 	Keyboard events cleared
557.6457 	EXP 	target: autoDraw = True
557.8945 	EXP 	Device response: <KeyPress from None: t=557.8901532000018, value=left, duration=None>
557.8949 	EXP 	New trial (rep=38, index=5): <Trial 385 (5 in rep 38) data={'cue_arrow': '←', 'target_x': -0.5, 'condition': 'valid', 'corr_Ans': 'left', 'thisN': 385, 'thisTrialN': 5, 'thisRepN': 38}>
557.8961 	DATA 	Keypress: left
557.9119 	EXP 	fixation: autoDraw = False
557.9119 	EXP 	cue_text: autoDraw = False
557.9119 	EXP 	target: autoDraw = False
557.9119 	EXP 	cue_text: text = '←'
557.9119 	EXP 	fixation: autoDraw = True
558.0289 	EXP 	Device response: <KeyPress from None: t=557.8901532000018, value=left, duration=0.13303589999850374>
558.3957 	EXP 	fixation: autoDraw = False
558.3957 	EXP 	cue_text: autoDraw = True
558.6958 	EXP 	cue_text: autoDraw = False
558.9955 	INFO 	Keyboard events cleared
558.9953 	EXP 	target: autoDraw = True
559.2797 	DATA 	Keypress: left
559.2946 	EXP 	Device response: <KeyPress from None: t=559.2787093999941, value=left, duration=None>
559.2951 	EXP 	New trial (rep=38, index=6): <Trial 386 (6 in rep 38) data={'cue_arrow': '→', 'target_x': 0.5, 'condition': 'valid', 'corr_Ans': 'right', 'thisN': 386, 'thisTrialN': 6, 'thisRepN': 38}>
559.3107 	EXP 	fixation: autoDraw = False
559.3107 	EXP 	cue_text: autoDraw = False
559.3107 	EXP 	target: autoDraw = False
559.3107 	EXP 	cue_text: height = np.float64(0.1)
559.3107 	EXP 	cue_text: height = np.float64(0.1)
559.3107 	EXP 	cue_text: height = np.float64(0.1)
559.3107 	EXP 	cue_text: text = '→'
559.3107 	EXP 	fixation: autoDraw = True
559.3949 	EXP 	Device response: <KeyPress from None: t=559.2787093999941, value=left, duration=0.10274230000504758>
559.7959 	EXP 	fixation: autoDraw = False
559.7959 	EXP 	cue_text: autoDraw = True
560.0954 	EXP 	cue_text: autoDraw = False
560.3946 	INFO 	Keyboard events cleared
560.3944 	EXP 	target: autoDraw = True
560.6284 	EXP 	Device response: <KeyPress from None: t=560.6207604999945, value=right, duration=None>
560.6289 	EXP 	New trial (rep=38, index=7): <Trial 387 (7 in rep 38) data={'cue_arrow': '→', 'target_x': 0.5, 'condition': 'valid', 'corr_Ans': 'right', 'thisN': 387, 'thisTrialN': 7, 'thisRepN': 38}>
560.6305 	DATA 	Keypress: right
560.6442 	EXP 	fixation: autoDraw = False
560.6442 	EXP 	cue_text: autoDraw = False
560.6442 	EXP 	target: autoDraw = False
560.6442 	EXP 	cue_text: text = '→'
560.6442 	EXP 	fixation: autoDraw = True
560.7797 	EXP 	Device response: <KeyPress from None: t=560.6207604999945, value=right, duration=0.14844790000643115>
561.1293 	EXP 	fixation: autoDraw = False
561.1293 	EXP 	cue_text: autoDraw = True
561.4288 	EXP 	cue_text: autoDraw = False
561.7293 	INFO 	Keyboard events cleared
561.7291 	EXP 	target: autoDraw = True
561.9450 	EXP 	Device response: <KeyPress from None: t=561.9364769999956, value=right, duration=None>
561.9454 	EXP 	New trial (rep=38, index=8): <Trial 388 (8 in rep 38) data={'cue_arrow': '←', 'target_x': -0.5, 'condition': 'valid', 'corr_Ans': 'left', 'thisN': 388, 'thisTrialN': 8, 'thisRepN': 38}>
561.9484 	DATA 	Keypress: right
561.9626 	EXP 	fixation: autoDraw = False
561.9626 	EXP 	cue_text: autoDraw = False
561.9626 	EXP 	target: autoDraw = False
561.9626 	EXP 	cue_text: height = np.float64(0.1)
561.9626 	EXP 	cue_text: height = np.float64(0.1)
561.9626 	EXP 	cue_text: height = np.float64(0.1)
561.9626 	EXP 	cue_text: text = '←'
561.9626 	EXP 	fixation: autoDraw = True
562.0782 	EXP 	Device response: <KeyPress from None: t=561.9364769999956, value=right, duration=0.13934510000399314>
562.4459 	EXP 	fixation: autoDraw = False
562.4459 	EXP 	cue_text: autoDraw = True
562.7456 	EXP 	cue_text: autoDraw = False
563.0628 	INFO 	Keyboard events cleared
563.0625 	EXP 	target: autoDraw = True
563.3130 	EXP 	Device response: <KeyPress from None: t=563.3052892999985, value=left, duration=None>
563.3142 	EXP 	New trial (rep=38, index=9): <Trial 389 (9 in rep 38) data={'cue_arrow': '→', 'target_x': -0.5, 'condition': 'invalid', 'corr_Ans': 'left', 'thisN': 389, 'thisTrialN': 9, 'thisRepN': 38}>
563.3173 	DATA 	Keypress: left
563.3271 	EXP 	fixation: autoDraw = False
563.3271 	EXP 	cue_text: autoDraw = False
563.3271 	EXP 	target: autoDraw = False
563.3271 	EXP 	cue_text: height = np.float64(0.1)
563.3271 	EXP 	cue_text: height = np.float64(0.1)
563.3271 	EXP 	cue_text: height = np.float64(0.1)
563.3271 	EXP 	cue_text: text = '→'
563.3271 	EXP 	fixation: autoDraw = True
563.5113 	EXP 	Device response: <KeyPress from None: t=563.3052892999985, value=left, duration=0.19269090000307187>
563.8293 	EXP 	fixation: autoDraw = False
563.8293 	EXP 	cue_text: autoDraw = True
564.1275 	EXP 	cue_text: autoDraw = False
564.4294 	INFO 	Keyboard events cleared
564.4292 	EXP 	target: autoDraw = True
564.8135 	EXP 	Device response: <KeyPress from None: t=564.8042921000015, value=left, duration=None>
564.8139 	EXP 	New trial (rep=39, index=0): <Trial 390 (0 in rep 39) data={'cue_arrow': '→', 'target_x': 0.5, 'condition': 'valid', 'corr_Ans': 'right', 'thisN': 390, 'thisTrialN': 0, 'thisRepN': 39}>
564.8152 	DATA 	Keypress: left
564.8275 	EXP 	fixation: autoDraw = False
564.8275 	EXP 	cue_text: autoDraw = False
564.8275 	EXP 	target: autoDraw = False
564.8275 	EXP 	cue_text: text = '→'
564.8275 	EXP 	fixation: autoDraw = True
564.9780 	EXP 	Device response: <KeyPress from None: t=564.8042921000015, value=left, duration=0.162753700002213>
565.3293 	EXP 	fixation: autoDraw = False
565.3293 	EXP 	cue_text: autoDraw = True
565.6282 	EXP 	cue_text: autoDraw = False
565.9295 	INFO 	Keyboard events cleared
565.9293 	EXP 	target: autoDraw = True
566.2948 	EXP 	Device response: <KeyPress from None: t=566.2838091000012, value=right, duration=None>
566.2953 	EXP 	New trial (rep=39, index=1): <Trial 391 (1 in rep 39) data={'cue_arrow': '←', 'target_x': -0.5, 'condition': 'valid', 'corr_Ans': 'left', 'thisN': 391, 'thisTrialN': 1, 'thisRepN': 39}>
566.2982 	DATA 	Keypress: right
566.3111 	EXP 	fixation: autoDraw = False
566.3111 	EXP 	cue_text: autoDraw = False
566.3111 	EXP 	target: autoDraw = False
566.3111 	EXP 	cue_text: height = np.float64(0.1)
566.3111 	EXP 	cue_text: height = np.float64(0.1)
566.3111 	EXP 	cue_text: height = np.float64(0.1)
566.3111 	EXP 	cue_text: text = '←'
566.3111 	EXP 	fixation: autoDraw = True
566.4280 	EXP 	Device response: <KeyPress from None: t=566.2838091000012, value=right, duration=0.13825409999117255>
566.7960 	EXP 	fixation: autoDraw = False
566.7960 	EXP 	cue_text: autoDraw = True
567.0953 	EXP 	cue_text: autoDraw = False
567.3947 	INFO 	Keyboard events cleared
567.3945 	EXP 	target: autoDraw = True
567.6954 	EXP 	Device response: <KeyPress from None: t=567.6923589999933, value=left, duration=None>
567.6958 	EXP 	New trial (rep=39, index=2): <Trial 392 (2 in rep 39) data={'cue_arrow': '→', 'target_x': 0.5, 'condition': 'valid', 'corr_Ans': 'right', 'thisN': 392, 'thisTrialN': 2, 'thisRepN': 39}>
567.6992 	DATA 	Keypress: left
567.7111 	EXP 	fixation: autoDraw = False
567.7111 	EXP 	cue_text: autoDraw = False
567.7111 	EXP 	target: autoDraw = False
567.7111 	EXP 	cue_text: height = np.float64(0.1)
567.7111 	EXP 	cue_text: height = np.float64(0.1)
567.7111 	EXP 	cue_text: height = np.float64(0.1)
567.7111 	EXP 	cue_text: text = '→'
567.7111 	EXP 	fixation: autoDraw = True
567.8281 	EXP 	Device response: <KeyPress from None: t=567.6923589999933, value=left, duration=0.12859410000965>
568.1951 	EXP 	fixation: autoDraw = False
568.1951 	EXP 	cue_text: autoDraw = True
568.4944 	EXP 	cue_text: autoDraw = False
568.7961 	INFO 	Keyboard events cleared
568.7958 	EXP 	target: autoDraw = True
569.0125 	EXP 	Device response: <KeyPress from None: t=569.0118590999919, value=right, duration=None>
569.0129 	EXP 	New trial (rep=39, index=3): <Trial 393 (3 in rep 39) data={'cue_arrow': '→', 'target_x': 0.5, 'condition': 'valid', 'corr_Ans': 'right', 'thisN': 393, 'thisTrialN': 3, 'thisRepN': 39}>
569.0141 	DATA 	Keypress: right
569.0279 	EXP 	fixation: autoDraw = False
569.0279 	EXP 	cue_text: autoDraw = False
569.0279 	EXP 	target: autoDraw = False
569.0279 	EXP 	cue_text: text = '→'
569.0279 	EXP 	fixation: autoDraw = True
569.1618 	EXP 	Device response: <KeyPress from None: t=569.0118590999919, value=right, duration=0.13908350000565406>
569.5126 	EXP 	fixation: autoDraw = False
569.5126 	EXP 	cue_text: autoDraw = True
569.8125 	EXP 	cue_text: autoDraw = False
570.1124 	INFO 	Keyboard events cleared
570.1122 	EXP 	target: autoDraw = True
570.3124 	EXP 	Device response: <KeyPress from None: t=570.3088221999933, value=right, duration=None>
570.3129 	EXP 	New trial (rep=39, index=4): <Trial 394 (4 in rep 39) data={'cue_arrow': '→', 'target_x': -0.5, 'condition': 'invalid', 'corr_Ans': 'left', 'thisN': 394, 'thisTrialN': 4, 'thisRepN': 39}>
570.3142 	DATA 	Keypress: right
570.3280 	EXP 	fixation: autoDraw = False
570.3280 	EXP 	cue_text: autoDraw = False
570.3280 	EXP 	target: autoDraw = False
570.3280 	EXP 	cue_text: text = '→'
570.3280 	EXP 	fixation: autoDraw = True
570.4784 	EXP 	Device response: <KeyPress from None: t=570.3088221999933, value=right, duration=0.1605305999983102>
570.8128 	EXP 	fixation: autoDraw = False
570.8128 	EXP 	cue_text: autoDraw = True
571.1123 	EXP 	cue_text: autoDraw = False
571.4127 	INFO 	Keyboard events cleared
571.4124 	EXP 	target: autoDraw = True
571.8466 	EXP 	Device response: <KeyPress from None: t=571.8300697999948, value=left, duration=None>
571.8469 	EXP 	New trial (rep=39, index=5): <Trial 395 (5 in rep 39) data={'cue_arrow': '←', 'target_x': -0.5, 'condition': 'valid', 'corr_Ans': 'left', 'thisN': 395, 'thisTrialN': 5, 'thisRepN': 39}>
571.8502 	DATA 	Keypress: left
571.8609 	EXP 	fixation: autoDraw = False
571.8609 	EXP 	cue_text: autoDraw = False
571.8609 	EXP 	target: autoDraw = False
571.8609 	EXP 	cue_text: height = np.float64(0.1)
571.8609 	EXP 	cue_text: height = np.float64(0.1)
571.8609 	EXP 	cue_text: height = np.float64(0.1)
571.8609 	EXP 	cue_text: text = '←'
571.8609 	EXP 	fixation: autoDraw = True
571.9628 	EXP 	Device response: <KeyPress from None: t=571.8300697999948, value=left, duration=0.13168049999512732>
572.3461 	EXP 	fixation: autoDraw = False
572.3461 	EXP 	cue_text: autoDraw = True
572.6612 	EXP 	cue_text: autoDraw = False
572.9625 	INFO 	Keyboard events cleared
572.9623 	EXP 	target: autoDraw = True
573.2627 	EXP 	Device response: <KeyPress from None: t=573.2578298000008, value=left, duration=None>
573.2631 	EXP 	New trial (rep=39, index=6): <Trial 396 (6 in rep 39) data={'cue_arrow': '←', 'target_x': -0.5, 'condition': 'valid', 'corr_Ans': 'left', 'thisN': 396, 'thisTrialN': 6, 'thisRepN': 39}>
573.2644 	DATA 	Keypress: left
573.2775 	EXP 	fixation: autoDraw = False
573.2775 	EXP 	cue_text: autoDraw = False
573.2775 	EXP 	target: autoDraw = False
573.2775 	EXP 	cue_text: text = '←'
573.2775 	EXP 	fixation: autoDraw = True
573.4118 	EXP 	Device response: <KeyPress from None: t=573.2578298000008, value=left, duration=0.14132169999356847>
573.7611 	EXP 	fixation: autoDraw = False
573.7611 	EXP 	cue_text: autoDraw = True
574.0630 	EXP 	cue_text: autoDraw = False
574.3622 	INFO 	Keyboard events cleared
574.3620 	EXP 	target: autoDraw = True
574.6616 	EXP 	Device response: <KeyPress from None: t=574.6512309999962, value=left, duration=None>
574.6619 	EXP 	New trial (rep=39, index=7): <Trial 397 (7 in rep 39) data={'cue_arrow': '←', 'target_x': -0.5, 'condition': 'valid', 'corr_Ans': 'left', 'thisN': 397, 'thisTrialN': 7, 'thisRepN': 39}>
574.6632 	DATA 	Keypress: left
574.6778 	EXP 	fixation: autoDraw = False
574.6778 	EXP 	cue_text: autoDraw = False
574.6778 	EXP 	target: autoDraw = False
574.6778 	EXP 	cue_text: text = '←'
574.6778 	EXP 	fixation: autoDraw = True
574.7792 	EXP 	Device response: <KeyPress from None: t=574.6512309999962, value=left, duration=0.11726959999941755>
575.1622 	EXP 	fixation: autoDraw = False
575.1622 	EXP 	cue_text: autoDraw = True
575.4627 	EXP 	cue_text: autoDraw = False
575.7616 	INFO 	Keyboard events cleared
575.7614 	EXP 	target: autoDraw = True
576.1131 	EXP 	Device response: <KeyPress from None: t=576.1035534999974, value=left, duration=None>
576.1136 	EXP 	New trial (rep=39, index=8): <Trial 398 (8 in rep 39) data={'cue_arrow': '→', 'target_x': 0.5, 'condition': 'valid', 'corr_Ans': 'right', 'thisN': 398, 'thisTrialN': 8, 'thisRepN': 39}>
576.1174 	DATA 	Keypress: left
576.1277 	EXP 	fixation: autoDraw = False
576.1277 	EXP 	cue_text: autoDraw = False
576.1277 	EXP 	target: autoDraw = False
576.1277 	EXP 	cue_text: height = np.float64(0.1)
576.1277 	EXP 	cue_text: height = np.float64(0.1)
576.1277 	EXP 	cue_text: height = np.float64(0.1)
576.1277 	EXP 	cue_text: text = '→'
576.1277 	EXP 	fixation: autoDraw = True
576.2452 	EXP 	Device response: <KeyPress from None: t=576.1035534999974, value=left, duration=0.13176689999818336>
576.6110 	EXP 	fixation: autoDraw = False
576.6110 	EXP 	cue_text: autoDraw = True
576.9129 	EXP 	cue_text: autoDraw = False
577.2297 	INFO 	Keyboard events cleared
577.2295 	EXP 	target: autoDraw = True
577.4285 	EXP 	Device response: <KeyPress from None: t=577.4225519000029, value=right, duration=None>
577.4288 	EXP 	New trial (rep=39, index=9): <Trial 399 (9 in rep 39) data={'cue_arrow': '←', 'target_x': 0.5, 'condition': 'invalid', 'corr_Ans': 'right', 'thisN': 399, 'thisTrialN': 9, 'thisRepN': 39}>
577.4322 	DATA 	Keypress: right
577.4444 	EXP 	fixation: autoDraw = False
577.4444 	EXP 	cue_text: autoDraw = False
577.4444 	EXP 	target: autoDraw = False
577.4444 	EXP 	cue_text: height = np.float64(0.1)
577.4444 	EXP 	cue_text: height = np.float64(0.1)
577.4444 	EXP 	cue_text: height = np.float64(0.1)
577.4444 	EXP 	cue_text: text = '←'
577.4444 	EXP 	fixation: autoDraw = True
577.5963 	EXP 	Device response: <KeyPress from None: t=577.4225519000029, value=right, duration=0.16181999999389518>
577.9278 	EXP 	fixation: autoDraw = False
577.9278 	EXP 	cue_text: autoDraw = True
578.2290 	EXP 	cue_text: autoDraw = False
578.5297 	INFO 	Keyboard events cleared
578.5295 	EXP 	target: autoDraw = True
578.9313 	DATA 	Keypress: right
578.9446 	EXP 	Device response: <KeyPress from None: t=578.9306495999917, value=right, duration=None>
578.9624 	EXP 	fixation: autoDraw = False
578.9624 	EXP 	cue_text: autoDraw = False
578.9624 	EXP 	target: autoDraw = False
578.9624 	EXP 	text: autoDraw = True
579.0964 	EXP 	Device response: <KeyPress from None: t=578.9306495999917, value=right, duration=0.14928500000678468>
579.1629 	EXP 	text: autoDraw = False
579.1633 	EXP 	cueing_task_exp: status = STOPPED
579.3195 	INFO 	saved data to 'C:\\Users\\Pooja\\OneDrive\\Desktop\\Solo_project_2\\data\\03_cueing_task_exp_2025-11-14_20h52.05.215.csv'
579.3289 	INFO 	saved data to C:\Users\Pooja\OneDrive\Desktop\Solo_project_2\data\03_cueing_task_exp_2025-11-14_20h52.05.215.psydat
579.6123 	WARNING 	Stopping key buffers but this could be dangerous ifother keyboards rely on the same.
579.6841 	WARNING 	Stopping key buffers but this could be dangerous ifother keyboards rely on the same.
579.6842 	WARNING 	Stopping key buffers but this could be dangerous ifother keyboards rely on the same.
