cue_arrow,target_x,condition,corr_Ans,thisN,thisTrialN,thisRepN,key_resp.keys,key_resp.corr,key_resp.rt,key_resp.duration,trials.thisRepN,trials.thisTrialN,trials.thisN,trials.thisIndex,thisRow.t,notes,welcome.started,welcome_text.started,start_key.started,welcome.stopped,start_key.keys,start_key.rt,start_key.duration,trial.started,fixation.started,fixation.stopped,cue_text.started,cue_text.stopped,target.started,key_resp.started,trial.stopped,trials.key_resp.keys,trials.key_resp.corr,trials.key_resp.rt,trials.key_resp.duration,thankyou.started,text.started,thankyou.stopped,participant,session,date,expName,expVersion,psychopyVersion,frameRate,expStart,
,,,,,,,,,,,,,,,,,0.00838879999355413,0.018764199994620867,0.018764199994620867,4.803079199991771,space,4.766336200002115,None,,,,,,,,,,,,,,,,03,001,2025-11-14_20h52.05.215,cueing_task_exp,,2025.1.1,60.64877204026198,2025-11-14 20h52.20.743092 +0530,
←,-0.5,valid,left,0,0,0,left,1,0.6522355999913998,None,0,0,0,6,4.836158599995542,,,,,,,,,4.825842599995667,4.836158599995542,5.318379399992409,5.318379399992409,5.60289300000295,5.9029652000026545,5.9029652000026545,6.5689378999959445,left,1,0.6522355999913998,None,,,,03,001,2025-11-14_20h52.05.215,cueing_task_exp,,2025.1.1,60.64877204026198,2025-11-14 20h52.20.743092 +0530,
→,0.5,valid,right,1,1,0,right,1,0.3425987999944482,None,0,1,1,2,6.583833500000765,,,,,,,,,6.573904099990614,6.583833500000765,7.069334599989816,7.069334599989816,7.369546999994782,7.668528800000786,7.668528800000786,8.019305099995108,right,1,0.3425987999944482,None,,,,03,001,2025-11-14_20h52.05.215,cueing_task_exp,,2025.1.1,60.64877204026198,2025-11-14 20h52.20.743092 +0530,
←,-0.5,valid,left,2,2,0,left,1,0.3343721999990521,None,0,2,2,1,8.035702299996046,,,,,,,,,8.021570999990217,8.035702299996046,8.519652399991173,8.519652399991173,8.819162200001301,9.119446400000015,9.119446400000015,9.470411599992076,left,1,0.3343721999990521,None,,,,03,001,2025-11-14_20h52.05.215,cueing_task_exp,,2025.1.1,60.64877204026198,2025-11-14 20h52.20.743092 +0530,
→,0.5,valid,right,3,3,0,right,1,0.40363100000831764,None,0,3,3,7,9.48536089999834,,,,,,,,,9.473050400003558,9.48536089999834,9.98603249998996,9.98603249998996,10.284331599992584,10.58647719999135,10.58647719999135,11.00338819999888,right,1,0.40363100000831764,None,,,,03,001,2025-11-14_20h52.05.215,cueing_task_exp,,2025.1.1,60.64877204026198,2025-11-14 20h52.20.743092 +0530,
←,-0.5,valid,left,4,4,0,left,1,0.2750627999921562,None,0,4,4,5,11.019257199994172,,,,,,,,,11.005892999994103,11.019257199994172,11.51935269999376,11.51935269999376,11.80270699999528,12.102959399999236,12.102959399999236,12.387139600003138,left,1,0.2750627999921562,None,,,,03,001,2025-11-14_20h52.05.215,cueing_task_exp,,2025.1.1,60.64877204026198,2025-11-14 20h52.20.743092 +0530,
→,-0.5,invalid,left,5,5,0,left,1,0.43009280000114813,None,0,5,5,8,12.400895600003423,,,,,,,,,12.389914899991709,12.400895600003423,12.886128500002087,12.886128500002087,13.203116299991962,13.502637400000822,13.502637400000822,13.935498599996208,left,1,0.43009280000114813,None,,,,03,001,2025-11-14_20h52.05.215,cueing_task_exp,,2025.1.1,60.64877204026198,2025-11-14 20h52.20.743092 +0530,
←,0.5,invalid,right,6,6,0,right,1,0.5376227999950061,None,0,6,6,9,13.95096659999399,,,,,,,,,13.937927299994044,13.95096659999399,14.436490299995057,14.436490299995057,14.735714299997198,15.036226900003385,15.036226900003385,15.585850699993898,right,1,0.5376227999950061,None,,,,03,001,2025-11-14_20h52.05.215,cueing_task_exp,,2025.1.1,60.64877204026198,2025-11-14 20h52.20.743092 +0530,
←,-0.5,valid,left,7,7,0,left,1,0.32144070000504144,None,0,7,7,4,15.602833900004043,,,,,,,,,15.586479499994311,15.602833900004043,16.08655330000329,16.08655330000329,16.386153699990246,16.686476799994125,16.686476799994125,17.02061120000144,left,1,0.32144070000504144,None,,,,03,001,2025-11-14_20h52.05.215,cueing_task_exp,,2025.1.1,60.64877204026198,2025-11-14 20h52.20.743092 +0530,
→,0.5,valid,right,8,8,0,right,1,0.43008869999903254,None,0,8,8,3,17.03485539999383,,,,,,,,,17.02307429999928,17.03485539999383,17.53490569999849,17.53490569999849,17.836514599999646,18.119286400004057,18.119286400004057,18.5526097999973,right,1,0.43008869999903254,None,,,,03,001,2025-11-14_20h52.05.215,cueing_task_exp,,2025.1.1,60.64877204026198,2025-11-14 20h52.20.743092 +0530,
→,0.5,valid,right,9,9,0,right,1,0.4338811999914469,None,0,9,9,0,18.56835190000129,,,,,,,,,18.553094999995665,18.56835190000129,19.06861229999049,19.06861229999049,19.351522800003295,19.66856550000375,19.66856550000375,20.1185928999912,right,1,0.4338811999914469,None,,,,03,001,2025-11-14_20h52.05.215,cueing_task_exp,,2025.1.1,60.64877204026198,2025-11-14 20h52.20.743092 +0530,
→,0.5,valid,right,10,0,1,right,1,0.41491690000111703,None,1,0,10,3,20.134617699994124,,,,,,,,,20.119229100004304,20.134617699994124,20.61957650000113,20.61957650000113,20.91981150000356,21.2179604999983,21.2179604999983,21.636409099999582,right,1,0.41491690000111703,None,,,,03,001,2025-11-14_20h52.05.215,cueing_task_exp,,2025.1.1,60.64877204026198,2025-11-14 20h52.20.743092 +0530,
←,-0.5,valid,left,11,1,1,left,1,0.26034059999801684,None,1,1,11,6,21.651325700004236,,,,,,,,,21.640521699999226,21.651325700004236,22.136352000001352,22.136352000001352,22.435876899995492,22.736350599996513,22.736350599996513,23.002176499998313,left,1,0.26034059999801684,None,,,,03,001,2025-11-14_20h52.05.215,cueing_task_exp,,2025.1.1,60.64877204026198,2025-11-14 20h52.20.743092 +0530,
→,-0.5,invalid,left,12,2,1,left,1,0.4188863000017591,None,1,2,12,8,23.018584399993415,,,,,,,,,23.00440510000044,23.018584399993415,23.503376099994057,23.503376099994057,23.802715300000273,24.10276320000412,24.10276320000412,24.536019499995746,left,1,0.4188863000017591,None,,,,03,001,2025-11-14_20h52.05.215,cueing_task_exp,,2025.1.1,60.64877204026198,2025-11-14 20h52.20.743092 +0530,
←,-0.5,valid,left,13,3,1,left,1,0.47412460000487044,None,1,3,13,1,24.55268549999164,,,,,,,,,24.53834430000279,24.55268549999164,25.03628679999383,25.03628679999383,25.336497399999644,25.653026999993017,25.653026999993017,26.135533699998632,left,1,0.47412460000487044,None,,,,03,001,2025-11-14_20h52.05.215,cueing_task_exp,,2025.1.1,60.64877204026198,2025-11-14 20h52.20.743092 +0530,
→,0.5,valid,right,14,4,1,right,1,0.28530139999929816,None,1,4,14,2,26.308852699992713,,,,,,,,,26.299242799999774,26.308852699992713,26.636247699992964,26.636247699992964,26.936036699989927,27.23571449999872,27.23571449999872,27.536379800003488,right,1,0.28530139999929816,None,,,,03,001,2025-11-14_20h52.05.215,cueing_task_exp,,2025.1.1,60.64877204026198,2025-11-14 20h52.20.743092 +0530,
→,0.5,valid,right,15,5,1,right,1,0.4133929000090575,None,1,5,15,7,27.551508099990315,,,,,,,,,27.536840699991444,27.551508099990315,28.03719089999504,28.03719089999504,28.336240199991153,28.636760099994717,28.636760099994717,29.052385499991942,right,1,0.4133929000090575,None,,,,03,001,2025-11-14_20h52.05.215,cueing_task_exp,,2025.1.1,60.64877204026198,2025-11-14 20h52.20.743092 +0530,
←,-0.5,valid,left,16,6,1,left,1,0.2461371999961557,None,1,6,16,5,29.06802289999905,,,,,,,,,29.05464159999974,29.06802289999905,29.553023699991172,29.553023699991172,29.85336280000047,30.153254299992113,30.153254299992113,30.40244019999227,left,1,0.2461371999961557,None,,,,03,001,2025-11-14_20h52.05.215,cueing_task_exp,,2025.1.1,60.64877204026198,2025-11-14 20h52.20.743092 +0530,
←,0.5,invalid,right,17,7,1,right,1,0.28671770000073593,None,1,7,17,9,30.41835039999569,,,,,,,,,30.402898599990294,30.41835039999569,30.902946899994276,30.902946899994276,31.201895099991816,31.501373799997964,31.501373799997964,31.802756199991563,right,1,0.28671770000073593,None,,,,03,001,2025-11-14_20h52.05.215,cueing_task_exp,,2025.1.1,60.64877204026198,2025-11-14 20h52.20.743092 +0530,
→,0.5,valid,right,18,8,1,right,1,0.3949084000050789,None,1,8,18,0,31.818862100000842,,,,,,,,,31.80593790000421,31.818862100000842,32.30176629999187,32.30176629999187,32.618304899995564,32.918200300002354,32.918200300002354,33.3189155,right,1,0.3949084000050789,None,,,,03,001,2025-11-14_20h52.05.215,cueing_task_exp,,2025.1.1,60.64877204026198,2025-11-14 20h52.20.743092 +0530,
←,-0.5,valid,left,19,9,1,left,1,0.2841613999917172,None,1,9,19,4,33.334853399996064,,,,,,,,,33.32053959999757,33.334853399996064,33.818205599993235,33.818205599993235,34.11866169999121,34.42009309999412,34.42009309999412,34.72054889998981,left,1,0.2841613999917172,None,,,,03,001,2025-11-14_20h52.05.215,cueing_task_exp,,2025.1.1,60.64877204026198,2025-11-14 20h52.20.743092 +0530,
→,0.5,valid,right,20,0,2,right,1,0.23131519999878947,None,2,0,20,2,34.73460179999529,,,,,,,,,34.72382369999832,34.73460179999529,35.2368284999975,35.2368284999975,35.520169800001895,35.81954850000329,35.81954850000329,36.05247690000397,right,1,0.23131519999878947,None,,,,03,001,2025-11-14_20h52.05.215,cueing_task_exp,,2025.1.1,60.64877204026198,2025-11-14 20h52.20.743092 +0530,
←,-0.5,valid,left,21,1,2,left,1,0.3133055000071181,None,2,1,21,5,36.06872179999482,,,,,,,,,36.056059199996525,36.06872179999482,36.55345649999799,36.55345649999799,36.852274499993655,37.15183239999169,37.15183239999169,37.46934219999821,left,1,0.3133055000071181,None,,,,03,001,2025-11-14_20h52.05.215,cueing_task_exp,,2025.1.1,60.64877204026198,2025-11-14 20h52.20.743092 +0530,
→,-0.5,invalid,left,22,2,2,left,1,0.4092830000008689,None,2,2,22,8,37.48503270000219,,,,,,,,,37.47179149999283,37.48503270000219,37.970200299998396,37.970200299998396,38.26949140000215,38.57017859999905,38.57017859999905,38.987512299994705,left,1,0.4092830000008689,None,,,,03,001,2025-11-14_20h52.05.215,cueing_task_exp,,2025.1.1,60.64877204026198,2025-11-14 20h52.20.743092 +0530,
→,0.5,valid,right,23,3,2,right,1,0.2811673999967752,None,2,3,23,0,39.00214480000432,,,,,,,,,38.98814940000011,39.00214480000432,39.5024296999909,39.5024296999909,39.80264919999172,40.08585740000126,40.08585740000126,40.369577999998,right,1,0.2811673999967752,None,,,,03,001,2025-11-14_20h52.05.215,cueing_task_exp,,2025.1.1,60.64877204026198,2025-11-14 20h52.20.743092 +0530,
←,-0.5,valid,left,24,4,2,left,1,0.25727309999638237,None,2,4,24,6,40.38548529999389,,,,,,,,,40.37170750000223,40.38548529999389,40.869838500002516,40.869838500002516,41.18692609999562,41.48497999999381,41.48497999999381,41.752736800001,left,1,0.25727309999638237,None,,,,03,001,2025-11-14_20h52.05.215,cueing_task_exp,,2025.1.1,60.64877204026198,2025-11-14 20h52.20.743092 +0530,
←,-0.5,valid,left,25,5,2,left,1,0.3637192000023788,None,2,5,25,1,41.76902659999905,,,,,,,,,41.753367800003616,41.76902659999905,42.25297889999638,42.25297889999638,42.55338149999443,42.85235400000238,42.85235400000238,43.22008109999297,left,1,0.3637192000023788,None,,,,03,001,2025-11-14_20h52.05.215,cueing_task_exp,,2025.1.1,60.64877204026198,2025-11-14 20h52.20.743092 +0530,
→,0.5,valid,right,26,6,2,right,1,0.26616179999837186,None,2,6,26,3,43.235446399994544,,,,,,,,,43.222597400002996,43.235446399994544,43.720253599996795,43.720253599996795,44.03690759999154,44.32011980000243,44.32011980000243,44.60252699999546,right,1,0.26616179999837186,None,,,,03,001,2025-11-14_20h52.05.215,cueing_task_exp,,2025.1.1,60.64877204026198,2025-11-14 20h52.20.743092 +0530,
←,0.5,invalid,right,27,7,2,right,1,0.37500299999373965,None,2,7,27,9,44.61922389999381,,,,,,,,,44.60475659999065,44.61922389999381,45.102614699993865,45.102614699993865,45.40373449999606,45.70359449999523,45.70359449999523,46.08582279999973,right,1,0.37500299999373965,None,,,,03,001,2025-11-14_20h52.05.215,cueing_task_exp,,2025.1.1,60.64877204026198,2025-11-14 20h52.20.743092 +0530,
←,-0.5,valid,left,28,8,2,left,1,0.31947740000032354,None,2,8,28,4,46.102402099990286,,,,,,,,,46.086341000001994,46.102402099990286,46.58612949999224,46.58612949999224,46.88667059999716,47.18543699999282,47.18543699999282,47.51943479999318,left,1,0.31947740000032354,None,,,,03,001,2025-11-14_20h52.05.215,cueing_task_exp,,2025.1.1,60.64877204026198,2025-11-14 20h52.20.743092 +0530,
→,0.5,valid,right,29,9,2,right,1,0.2266972000070382,None,2,9,29,7,47.536612399999285,,,,,,,,,47.52216259999841,47.536612399999285,48.02038159999938,48.02038159999938,48.319282600001316,48.61983389999659,48.61983389999659,48.85441749999882,right,1,0.2266972000070382,None,,,,03,001,2025-11-14_20h52.05.215,cueing_task_exp,,2025.1.1,60.64877204026198,2025-11-14 20h52.20.743092 +0530,
→,0.5,valid,right,30,0,3,right,1,0.2768321999901673,None,3,0,30,7,48.86856760000228,,,,,,,,,48.855084399998304,48.86856760000228,49.353408599999966,49.353408599999966,49.653267699992284,49.969643599994015,49.969643599994015,50.253235800002585,right,1,0.2768321999901673,None,,,,03,001,2025-11-14_20h52.05.215,cueing_task_exp,,2025.1.1,60.64877204026198,2025-11-14 20h52.20.743092 +0530,
→,0.5,valid,right,31,1,3,right,1,0.2565008000092348,None,3,1,31,0,50.2699050999945,,,,,,,,,50.25370380000095,50.2699050999945,50.752455399997416,50.752455399997416,51.05334739999671,51.353662699999404,51.353662699999404,51.620757500000764,right,1,0.2565008000092348,None,,,,03,001,2025-11-14_20h52.05.215,cueing_task_exp,,2025.1.1,60.64877204026198,2025-11-14 20h52.20.743092 +0530,
←,-0.5,valid,left,32,2,3,left,1,0.279829899998731,None,3,2,32,6,51.63582830000087,,,,,,,,,51.62326169999142,51.63582830000087,52.11873809999088,52.11873809999088,52.42046229999687,52.72010969999246,52.72010969999246,53.0027107999922,left,1,0.279829899998731,None,,,,03,001,2025-11-14_20h52.05.215,cueing_task_exp,,2025.1.1,60.64877204026198,2025-11-14 20h52.20.743092 +0530,
←,-0.5,valid,left,33,3,3,left,1,0.34235500000067987,None,3,3,33,4,53.01868349999131,,,,,,,,,53.003401900001336,53.01868349999131,53.50370839999232,53.50370839999232,53.80354320000333,54.10388569999486,54.10388569999486,54.45423229999142,left,1,0.34235500000067987,None,,,,03,001,2025-11-14_20h52.05.215,cueing_task_exp,,2025.1.1,60.64877204026198,2025-11-14 20h52.20.743092 +0530,
←,-0.5,valid,left,34,4,3,left,1,0.2970893000019714,None,3,4,34,5,54.46880659999442,,,,,,,,,54.454762800000026,54.46880659999442,54.9522627999977,54.9522627999977,55.25254449999193,55.553663500002585,55.553663500002585,55.85275710000133,left,1,0.2970893000019714,None,,,,03,001,2025-11-14_20h52.05.215,cueing_task_exp,,2025.1.1,60.64877204026198,2025-11-14 20h52.20.743092 +0530,
←,0.5,invalid,right,35,5,3,right,1,0.3658545999933267,None,3,5,35,9,55.86874019999232,,,,,,,,,55.853275100002065,55.86874019999232,56.35302139999112,56.35302139999112,56.65344949999417,56.953443399994285,56.953443399994285,57.320332100003725,right,1,0.3658545999933267,None,,,,03,001,2025-11-14_20h52.05.215,cueing_task_exp,,2025.1.1,60.64877204026198,2025-11-14 20h52.20.743092 +0530,
←,-0.5,valid,left,36,6,3,left,1,0.32255670000449754,None,3,6,36,1,57.33533180000086,,,,,,,,,57.320850899996,57.33533180000086,57.81898869998986,57.81898869998986,58.12008280000009,58.42004280000401,58.42004280000401,58.75335610000184,left,1,0.32255670000449754,None,,,,03,001,2025-11-14_20h52.05.215,cueing_task_exp,,2025.1.1,60.64877204026198,2025-11-14 20h52.20.743092 +0530,
→,0.5,valid,right,37,7,3,right,1,0.28030790000048,None,3,7,37,2,58.76941199999419,,,,,,,,,58.75618029999896,58.76941199999419,59.252769600003376,59.252769600003376,59.56987619999563,59.85318369999004,59.85318369999004,60.13694209999812,right,1,0.28030790000048,None,,,,03,001,2025-11-14_20h52.05.215,cueing_task_exp,,2025.1.1,60.64877204026198,2025-11-14 20h52.20.743092 +0530,
→,0.5,valid,right,38,8,3,right,1,0.29490970000915695,None,3,8,38,3,60.15278319999925,,,,,,,,,60.137471499998355,60.15278319999925,60.63593069999479,60.63593069999479,60.93711800000165,61.23707899999863,61.23707899999863,61.53656759999285,right,1,0.29490970000915695,None,,,,03,001,2025-11-14_20h52.05.215,cueing_task_exp,,2025.1.1,60.64877204026198,2025-11-14 20h52.20.743092 +0530,
→,-0.5,invalid,left,39,9,3,left,1,0.30345069999748375,None,3,9,39,8,61.55236010000226,,,,,,,,,61.53715389998979,61.55236010000226,62.037271299996064,62.037271299996064,62.33762069999648,62.636956499991356,62.636956499991356,62.95301539999491,left,1,0.30345069999748375,None,,,,03,001,2025-11-14_20h52.05.215,cueing_task_exp,,2025.1.1,60.64877204026198,2025-11-14 20h52.20.743092 +0530,
→,-0.5,invalid,left,40,0,4,left,1,0.385845299999346,None,4,0,40,8,62.96984579999116,,,,,,,,,62.953479699994205,62.96984579999116,63.45361280000361,63.45361280000361,63.75369189999765,64.0544319999899,64.0544319999899,64.45449570000346,left,1,0.385845299999346,None,,,,03,001,2025-11-14_20h52.05.215,cueing_task_exp,,2025.1.1,60.64877204026198,2025-11-14 20h52.20.743092 +0530,
←,0.5,invalid,right,41,1,4,right,1,0.3226533999986714,None,4,1,41,9,64.4688451999973,,,,,,,,,64.4571614000015,64.4688451999973,64.95406859999639,64.95406859999639,65.26894009999523,65.57044799999858,65.57044799999858,65.90321380000387,right,1,0.3226533999986714,None,,,,03,001,2025-11-14_20h52.05.215,cueing_task_exp,,2025.1.1,60.64877204026198,2025-11-14 20h52.20.743092 +0530,
→,0.5,valid,right,42,2,4,right,1,0.29925929999444634,None,4,2,42,3,65.9187760999921,,,,,,,,,65.90542359999381,65.9187760999921,66.40348979999544,66.40348979999544,66.70327030000044,67.00271369999973,67.00271369999973,67.30315680000058,right,1,0.29925929999444634,None,,,,03,001,2025-11-14_20h52.05.215,cueing_task_exp,,2025.1.1,60.64877204026198,2025-11-14 20h52.20.743092 +0530,
→,0.5,valid,right,43,3,4,right,1,0.3093373000010615,None,4,3,43,7,67.3192027000041,,,,,,,,,67.30368869999074,67.3192027000041,67.8041957999958,67.8041957999958,68.10216929999297,68.40327319999051,68.40327319999051,68.7206395999965,right,1,0.3093373000010615,None,,,,03,001,2025-11-14_20h52.05.215,cueing_task_exp,,2025.1.1,60.64877204026198,2025-11-14 20h52.20.743092 +0530,
←,-0.5,valid,left,44,4,4,left,1,0.34440580000227783,None,4,4,44,1,68.7358222999901,,,,,,,,,68.72288800000388,68.7358222999901,69.2370757000026,69.2370757000026,69.5202261999948,69.82074979999743,69.82074979999743,70.17062239999359,left,1,0.34440580000227783,None,,,,03,001,2025-11-14_20h52.05.215,cueing_task_exp,,2025.1.1,60.64877204026198,2025-11-14 20h52.20.743092 +0530,
→,0.5,valid,right,45,5,4,right,1,0.27315020000969525,None,4,5,45,0,70.18514590000268,,,,,,,,,70.17415779999283,70.18514590000268,70.67052719999629,70.67052719999629,70.98687979999522,71.2708042000013,71.2708042000013,71.55340930000239,right,1,0.27315020000969525,None,,,,03,001,2025-11-14_20h52.05.215,cueing_task_exp,,2025.1.1,60.64877204026198,2025-11-14 20h52.20.743092 +0530,
←,-0.5,valid,left,46,6,4,left,1,0.17977490001067054,None,4,6,46,6,71.57054859999334,,,,,,,,,71.55625399999553,71.57054859999334,72.07045269999071,72.07045269999071,72.35386740000104,72.65397369999846,72.65397369999846,72.83754939999199,left,1,0.17977490001067054,None,,,,03,001,2025-11-14_20h52.05.215,cueing_task_exp,,2025.1.1,60.64877204026198,2025-11-14 20h52.20.743092 +0530,
←,-0.5,valid,left,47,7,4,left,1,0.3352815000107512,None,4,7,47,5,72.85220100000151,,,,,,,,,72.83809389999078,72.85220100000151,73.35250510000333,73.35250510000333,73.63667859999987,73.9369941999903,73.9369941999903,74.28643870000087,left,1,0.3352815000107512,None,,,,03,001,2025-11-14_20h52.05.215,cueing_task_exp,,2025.1.1,60.64877204026198,2025-11-14 20h52.20.743092 +0530,
←,-0.5,valid,left,48,8,4,left,1,0.34000349999405444,None,4,8,48,4,74.303525299998,,,,,,,,,74.28690219999407,74.303525299998,74.78614070000185,74.78614070000185,75.08701489999657,75.38694909999322,75.38694909999322,75.7366456000018,left,1,0.34000349999405444,None,,,,03,001,2025-11-14_20h52.05.215,cueing_task_exp,,2025.1.1,60.64877204026198,2025-11-14 20h52.20.743092 +0530,
→,0.5,valid,right,49,9,4,right,1,0.2580286000011256,None,4,9,49,2,75.75245220000215,,,,,,,,,75.73903939999582,75.75245220000215,76.23588549999113,76.23588549999113,76.537190499992,76.8372159999999,76.8372159999999,77.10332660000131,right,1,0.2580286000011256,None,,,,03,001,2025-11-14_20h52.05.215,cueing_task_exp,,2025.1.1,60.64877204026198,2025-11-14 20h52.20.743092 +0530,
←,-0.5,valid,left,50,0,5,left,1,0.25122570000530686,None,5,0,50,5,77.1200317999901,,,,,,,,,77.10622909999802,77.1200317999901,77.60411669999303,77.60411669999303,77.90352989999519,78.20265029999427,78.20265029999427,78.4698936999921,left,1,0.25122570000530686,None,,,,03,001,2025-11-14_20h52.05.215,cueing_task_exp,,2025.1.1,60.64877204026198,2025-11-14 20h52.20.743092 +0530,
→,0.5,valid,right,51,1,5,right,1,0.23283059999812394,None,5,1,51,3,78.48633319999499,,,,,,,,,78.4722030999983,78.48633319999499,78.96928079999634,78.96928079999634,79.2871521999914,79.57032149999577,79.57032149999577,79.81989329999487,right,1,0.23283059999812394,None,,,,03,001,2025-11-14_20h52.05.215,cueing_task_exp,,2025.1.1,60.64877204026198,2025-11-14 20h52.20.743092 +0530,
→,0.5,valid,right,52,2,5,right,1,0.25226829999883194,None,5,2,52,0,79.8369939999975,,,,,,,,,79.82035979999637,79.8369939999975,80.32091209999635,80.32091209999635,80.62093459999596,80.92075669999758,80.92075669999758,81.18670069999644,right,1,0.25226829999883194,None,,,,03,001,2025-11-14_20h52.05.215,cueing_task_exp,,2025.1.1,60.64877204026198,2025-11-14 20h52.20.743092 +0530,
←,-0.5,valid,left,53,3,5,left,1,0.2985154999914812,None,5,3,53,4,81.20231670000067,,,,,,,,,81.18896929999755,81.20231670000067,81.68762319999223,81.68762319999223,81.9871787000011,82.28730050000013,82.28730050000013,82.60321299999487,left,1,0.2985154999914812,None,,,,03,001,2025-11-14_20h52.05.215,cueing_task_exp,,2025.1.1,60.64877204026198,2025-11-14 20h52.20.743092 +0530,
←,0.5,invalid,right,54,4,5,right,1,0.352085900012753,None,5,4,54,9,82.61891710000054,,,,,,,,,82.60369499999797,82.61891710000054,83.10414830000082,83.10414830000082,83.40401159999601,83.70360919999075,83.70360919999075,84.07017819999601,right,1,0.352085900012753,None,,,,03,001,2025-11-14_20h52.05.215,cueing_task_exp,,2025.1.1,60.64877204026198,2025-11-14 20h52.20.743092 +0530,
→,0.5,valid,right,55,5,5,right,1,0.2645258999982616,None,5,5,55,7,84.0859172999917,,,,,,,,,84.07283920000191,84.0859172999917,84.57088749999821,84.57088749999821,84.87043100000301,85.1696879999945,85.1696879999945,85.43749039999966,right,1,0.2645258999982616,None,,,,03,001,2025-11-14_20h52.05.215,cueing_task_exp,,2025.1.1,60.64877204026198,2025-11-14 20h52.20.743092 +0530,
→,0.5,valid,right,56,6,5,right,1,0.28201070000068285,None,5,6,56,2,85.45257320000383,,,,,,,,,85.43802889999643,85.45257320000383,85.93761880000238,85.93761880000238,86.23774559999583,86.53644739999436,86.53644739999436,86.82161339999584,right,1,0.28201070000068285,None,,,,03,001,2025-11-14_20h52.05.215,cueing_task_exp,,2025.1.1,60.64877204026198,2025-11-14 20h52.20.743092 +0530,
←,-0.5,valid,left,57,7,5,left,1,0.36060620000353083,None,5,7,57,6,86.83542809999199,,,,,,,,,86.82415610000317,86.83542809999199,87.33752970000205,87.33752970000205,87.63775719999103,87.93759489999502,87.93759489999502,88.30382479999389,left,1,0.36060620000353083,None,,,,03,001,2025-11-14_20h52.05.215,cueing_task_exp,,2025.1.1,60.64877204026198,2025-11-14 20h52.20.743092 +0530,
→,-0.5,invalid,left,58,8,5,left,1,0.3459768000029726,None,5,8,58,8,88.31973200000357,,,,,,,,,88.30738220000057,88.31973200000357,88.8043883999926,88.8043883999926,89.10290789999999,89.40387809999811,89.40387809999811,89.75339509999321,left,1,0.3459768000029726,None,,,,03,001,2025-11-14_20h52.05.215,cueing_task_exp,,2025.1.1,60.64877204026198,2025-11-14 20h52.20.743092 +0530,
←,-0.5,valid,left,59,9,5,left,1,0.3175284000026295,None,5,9,59,1,89.76935709999816,,,,,,,,,89.7560467000003,89.76935709999816,90.2539201999898,90.2539201999898,90.5540936000034,90.85447069999645,90.85447069999645,91.18695950000256,left,1,0.3175284000026295,None,,,,03,001,2025-11-14_20h52.05.215,cueing_task_exp,,2025.1.1,60.64877204026198,2025-11-14 20h52.20.743092 +0530,
→,0.5,valid,right,60,0,6,right,1,0.20957789999374654,None,6,0,60,3,91.20259469999291,,,,,,,,,91.18941239999549,91.20259469999291,91.68760199999087,91.68760199999087,91.98686439999437,92.28741259999515,92.28741259999515,92.50382959999843,right,1,0.20957789999374654,None,,,,03,001,2025-11-14_20h52.05.215,cueing_task_exp,,2025.1.1,60.64877204026198,2025-11-14 20h52.20.743092 +0530,
←,-0.5,valid,left,61,1,6,left,1,0.2357381999900099,None,6,1,61,6,92.52073279999604,,,,,,,,,92.5060472000041,92.52073279999604,93.00415789999533,93.00415789999533,93.30293429999438,93.60428919999686,93.60428919999686,93.8535225999949,left,1,0.2357381999900099,None,,,,03,001,2025-11-14_20h52.05.215,cueing_task_exp,,2025.1.1,60.64877204026198,2025-11-14 20h52.20.743092 +0530,
→,0.5,valid,right,62,2,6,right,1,0.296786399994744,None,6,2,62,2,93.87118129999726,,,,,,,,,93.85610720000113,93.87118129999726,94.3529458999983,94.3529458999983,94.65439029999834,94.95451100000355,94.95451100000355,95.25460329999623,right,1,0.296786399994744,None,,,,03,001,2025-11-14_20h52.05.215,cueing_task_exp,,2025.1.1,60.64877204026198,2025-11-14 20h52.20.743092 +0530,
←,0.5,invalid,right,63,3,6,right,1,0.4864025999995647,None,6,3,63,9,95.27000370000314,,,,,,,,,95.2571040999901,95.27000370000314,95.77123610000126,95.77123610000126,96.05419759999495,96.35387510000146,96.35387510000146,96.85318530000222,right,1,0.4864025999995647,None,,,,03,001,2025-11-14_20h52.05.215,cueing_task_exp,,2025.1.1,60.64877204026198,2025-11-14 20h52.20.743092 +0530,
←,-0.5,valid,left,64,4,6,left,1,0.30840949999401346,None,6,4,64,5,96.87115369999083,,,,,,,,,96.85378029999265,96.87115369999083,97.3544705999957,97.3544705999957,97.65464839999913,97.95420229999581,97.95420229999581,98.27014059999783,left,1,0.30840949999401346,None,,,,03,001,2025-11-14_20h52.05.215,cueing_task_exp,,2025.1.1,60.64877204026198,2025-11-14 20h52.20.743092 +0530,
←,-0.5,valid,left,65,5,6,left,1,0.2550602999981493,None,6,5,65,4,98.28729389999353,,,,,,,,,98.27060709999932,98.28729389999353,98.76992120000068,98.76992120000068,99.07113749999553,99.3714278999978,99.3714278999978,99.63722859999689,left,1,0.2550602999981493,None,,,,03,001,2025-11-14_20h52.05.215,cueing_task_exp,,2025.1.1,60.64877204026198,2025-11-14 20h52.20.743092 +0530,
←,-0.5,valid,left,66,6,6,left,1,0.37463089999801014,None,6,6,66,1,99.65267490000406,,,,,,,,,99.63780250000127,99.65267490000406,100.15339789999416,100.15339789999416,100.43751920000068,100.73813729999529,100.73813729999529,101.12141849999898,left,1,0.37463089999801014,None,,,,03,001,2025-11-14_20h52.05.215,cueing_task_exp,,2025.1.1,60.64877204026198,2025-11-14 20h52.20.743092 +0530,
→,0.5,valid,right,67,7,6,right,1,0.2215242000092985,None,6,7,67,7,101.13612830000056,,,,,,,,,101.1242837000027,101.13612830000056,101.6215949000034,101.6215949000034,101.92113419999077,102.22138339999947,102.22138339999947,102.45504089999304,right,1,0.2215242000092985,None,,,,03,001,2025-11-14_20h52.05.215,cueing_task_exp,,2025.1.1,60.64877204026198,2025-11-14 20h52.20.743092 +0530,
→,-0.5,invalid,left,68,8,6,left,1,0.35884420000365935,None,6,8,68,8,102.46972959999403,,,,,,,,,102.4555823999981,102.46972959999403,102.95316429999366,102.95316429999366,103.25473729999794,103.5713562000019,103.5713562000019,103.93841219999013,left,1,0.35884420000365935,None,,,,03,001,2025-11-14_20h52.05.215,cueing_task_exp,,2025.1.1,60.64877204026198,2025-11-14 20h52.20.743092 +0530,
→,0.5,valid,right,69,9,6,right,1,0.23920179999549873,None,6,9,69,0,103.9531047999917,,,,,,,,,103.93943630000285,103.9531047999917,104.43797119999363,104.43797119999363,104.75463919999311,105.05412689999503,105.05412689999503,105.30392809999466,right,1,0.23920179999549873,None,,,,03,001,2025-11-14_20h52.05.215,cueing_task_exp,,2025.1.1,60.64877204026198,2025-11-14 20h52.20.743092 +0530,
←,0.5,invalid,right,70,0,7,right,1,0.31270589999621734,None,7,0,70,9,105.32073890000174,,,,,,,,,105.3063245999947,105.32073890000174,105.82105779999983,105.82105779999983,106.10418840000057,106.40461630000209,106.40461630000209,106.7205271999992,right,1,0.31270589999621734,None,,,,03,001,2025-11-14_20h52.05.215,cueing_task_exp,,2025.1.1,60.64877204026198,2025-11-14 20h52.20.743092 +0530,
←,-0.5,valid,left,71,1,7,left,1,0.25944110000273213,None,7,1,71,1,106.73694689999684,,,,,,,,,106.72101019999536,106.73694689999684,107.21986869999091,107.21986869999091,107.51983910000126,107.83685870000045,107.83685870000045,108.10382910000044,left,1,0.25944110000273213,None,,,,03,001,2025-11-14_20h52.05.215,cueing_task_exp,,2025.1.1,60.64877204026198,2025-11-14 20h52.20.743092 +0530,
→,0.5,valid,right,72,2,7,right,1,0.20118360000196844,None,7,2,72,0,108.12151240000094,,,,,,,,,108.1073916000023,108.12151240000094,108.60444499998994,108.60444499998994,108.90312219999032,109.20417869999073,109.20417869999073,109.42038119999052,right,1,0.20118360000196844,None,,,,03,001,2025-11-14_20h52.05.215,cueing_task_exp,,2025.1.1,60.64877204026198,2025-11-14 20h52.20.743092 +0530,
→,0.5,valid,right,73,3,7,right,1,0.2816450999962399,None,7,3,73,2,109.4376220999984,,,,,,,,,109.42083619999175,109.4376220999984,109.9196399999928,109.9196399999928,110.21966439999233,110.52042169999913,110.52042169999913,110.80374129999836,right,1,0.2816450999962399,None,,,,03,001,2025-11-14_20h52.05.215,cueing_task_exp,,2025.1.1,60.64877204026198,2025-11-14 20h52.20.743092 +0530,
←,-0.5,valid,left,74,4,7,left,1,0.30190639999636915,None,7,4,74,4,110.81969669999671,,,,,,,,,110.8060703999945,110.81969669999671,111.30318760000227,111.30318760000227,111.60423810000066,111.90343150000263,111.90343150000263,112.22047600000224,left,1,0.30190639999636915,None,,,,03,001,2025-11-14_20h52.05.215,cueing_task_exp,,2025.1.1,60.64877204026198,2025-11-14 20h52.20.743092 +0530,
→,0.5,valid,right,75,5,7,right,1,0.2504929999995511,None,7,5,75,7,112.23721259999729,,,,,,,,,112.22316239999782,112.23721259999729,112.7215572999994,112.7215572999994,113.02103580000403,113.32113569999638,113.32113569999638,113.58736099999805,right,1,0.2504929999995511,None,,,,03,001,2025-11-14_20h52.05.215,cueing_task_exp,,2025.1.1,60.64877204026198,2025-11-14 20h52.20.743092 +0530,
→,0.5,valid,right,76,6,7,right,1,0.23369149999052752,None,7,6,76,3,113.60444919999281,,,,,,,,,113.58796289999736,113.60444919999281,114.08794650000345,114.08794650000345,114.38656379999884,114.68810459999077,114.68810459999077,114.93795939999109,right,1,0.23369149999052752,None,,,,03,001,2025-11-14_20h52.05.215,cueing_task_exp,,2025.1.1,60.64877204026198,2025-11-14 20h52.20.743092 +0530,
→,-0.5,invalid,left,77,7,7,left,1,0.3719836999953259,None,7,7,77,8,114.95314959999814,,,,,,,,,114.93844230000104,114.95314959999814,115.43696399999317,115.43696399999317,115.73782100000244,116.03803339999286,116.03803339999286,116.42248759999347,left,1,0.3719836999953259,None,,,,03,001,2025-11-14_20h52.05.215,cueing_task_exp,,2025.1.1,60.64877204026198,2025-11-14 20h52.20.743092 +0530,
←,-0.5,valid,left,78,8,7,left,1,0.2993750000023283,None,7,8,78,6,116.43631679999817,,,,,,,,,116.42507929999556,116.43631679999817,116.9377678000019,116.9377678000019,117.23643740000261,117.52070459999959,117.52070459999959,117.83714519999921,left,1,0.2993750000023283,None,,,,03,001,2025-11-14_20h52.05.215,cueing_task_exp,,2025.1.1,60.64877204026198,2025-11-14 20h52.20.743092 +0530,
←,-0.5,valid,left,79,9,7,left,1,0.37160230000154115,None,7,9,79,5,117.85494759998983,,,,,,,,,117.83793749999313,117.85494759998983,118.33692390000215,118.33692390000215,118.63796720000391,118.9379903999943,118.9379903999943,119.32082330000412,left,1,0.37160230000154115,None,,,,03,001,2025-11-14_20h52.05.215,cueing_task_exp,,2025.1.1,60.64877204026198,2025-11-14 20h52.20.743092 +0530,
←,-0.5,valid,left,80,0,8,left,1,0.31262270000297576,None,8,0,80,6,119.33800269999483,,,,,,,,,119.32140210000216,119.33800269999483,119.81992009999522,119.81992009999522,120.12149789999239,120.4212120000011,120.4212120000011,120.73728869999468,left,1,0.31262270000297576,None,,,,03,001,2025-11-14_20h52.05.215,cueing_task_exp,,2025.1.1,60.64877204026198,2025-11-14 20h52.20.743092 +0530,
→,-0.5,invalid,left,81,1,8,left,1,0.3558858999895165,None,8,1,81,8,120.75412650000362,,,,,,,,,120.73950650000188,120.75412650000362,121.23759259999497,121.23759259999497,121.53784360000282,121.83678430000145,121.83678430000145,122.20519269999932,left,1,0.3558858999895165,None,,,,03,001,2025-11-14_20h52.05.215,cueing_task_exp,,2025.1.1,60.64877204026198,2025-11-14 20h52.20.743092 +0530,
→,0.5,valid,right,82,2,8,right,1,0.31681140000000596,None,8,2,82,2,122.2198844999948,,,,,,,,,122.20571059999929,122.2198844999948,122.72161769999366,122.72161769999366,123.00500029999239,123.30492260000028,123.30492260000028,123.63764010000159,right,1,0.31681140000000596,None,,,,03,001,2025-11-14_20h52.05.215,cueing_task_exp,,2025.1.1,60.64877204026198,2025-11-14 20h52.20.743092 +0530,
←,-0.5,valid,left,83,3,8,left,1,0.26958290000038687,None,8,3,83,5,123.65496430000348,,,,,,,,,123.64004230000137,123.65496430000348,124.13820780000242,124.13820780000242,124.43664379999973,124.73828720000165,124.73828720000165,125.02096429999801,left,1,0.26958290000038687,None,,,,03,001,2025-11-14_20h52.05.215,cueing_task_exp,,2025.1.1,60.64877204026198,2025-11-14 20h52.20.743092 +0530,
←,-0.5,valid,left,84,4,8,left,1,0.27308900000934955,None,8,4,84,4,125.03774649999104,,,,,,,,,125.02141760000086,125.03774649999104,125.52168150000216,125.52168150000216,125.82124150000163,126.12214720000338,126.12214720000338,126.40604709999752,left,1,0.27308900000934955,None,,,,03,001,2025-11-14_20h52.05.215,cueing_task_exp,,2025.1.1,60.64877204026198,2025-11-14 20h52.20.743092 +0530,
→,0.5,valid,right,85,5,8,right,1,0.2900029999873368,None,8,5,85,0,126.4191720999952,,,,,,,,,126.40911249999772,126.4191720999952,126.92201999999816,126.92201999999816,127.2205901999987,127.52020129999437,127.52020129999437,127.82113179999578,right,1,0.2900029999873368,None,,,,03,001,2025-11-14_20h52.05.215,cueing_task_exp,,2025.1.1,60.64877204026198,2025-11-14 20h52.20.743092 +0530,
←,0.5,invalid,right,86,6,8,right,1,0.36697660000936594,None,8,6,86,9,127.83792809999431,,,,,,,,,127.82367089999025,127.83792809999431,128.320129300002,128.320129300002,128.62043429999903,128.92146919999504,128.92146919999504,129.30386610000278,right,1,0.36697660000936594,None,,,,03,001,2025-11-14_20h52.05.215,cueing_task_exp,,2025.1.1,60.64877204026198,2025-11-14 20h52.20.743092 +0530,
→,0.5,valid,right,87,7,8,right,1,0.3442451000009896,None,8,7,87,3,129.32049279999046,,,,,,,,,129.30604100000346,129.32049279999046,129.80438990000403,129.80438990000403,130.1042010999954,130.40515639999649,130.40515639999649,130.75400899999659,right,1,0.3442451000009896,None,,,,03,001,2025-11-14_20h52.05.215,cueing_task_exp,,2025.1.1,60.64877204026198,2025-11-14 20h52.20.743092 +0530,
→,0.5,valid,right,88,8,8,right,1,0.3431725000118604,None,8,8,88,7,130.77115069999127,,,,,,,,,130.7544737999997,130.77115069999127,131.25465429999167,131.25465429999167,131.5551809000026,131.8548077000014,131.8548077000014,132.206005,right,1,0.3431725000118604,None,,,,03,001,2025-11-14_20h52.05.215,cueing_task_exp,,2025.1.1,60.64877204026198,2025-11-14 20h52.20.743092 +0530,
←,-0.5,valid,left,89,9,8,left,1,0.22564029999193735,None,8,9,89,1,132.22004529999685,,,,,,,,,132.20850710000377,132.22004529999685,132.7202713000006,132.7202713000006,133.02032989999861,133.3214852999954,133.3214852999954,133.5543311999936,left,1,0.22564029999193735,None,,,,03,001,2025-11-14_20h52.05.215,cueing_task_exp,,2025.1.1,60.64877204026198,2025-11-14 20h52.20.743092 +0530,
→,0.5,valid,right,90,0,9,right,1,0.2407896999939112,None,9,0,90,2,133.5700257999997,,,,,,,,,133.5568285999907,133.5700257999997,134.0550741999905,134.0550741999905,134.35516179999104,134.65492859999358,134.65492859999358,134.9057707000029,right,1,0.2407896999939112,None,,,,03,001,2025-11-14_20h52.05.215,cueing_task_exp,,2025.1.1,60.64877204026198,2025-11-14 20h52.20.743092 +0530,
←,0.5,invalid,right,91,1,9,right,1,0.34034509999037255,None,9,1,91,9,134.9193138999981,,,,,,,,,134.90974319999805,134.9193138999981,135.40363570000045,135.40363570000045,135.72156279999763,136.00457910000114,136.00457910000114,136.3556499999977,right,1,0.34034509999037255,None,,,,03,001,2025-11-14_20h52.05.215,cueing_task_exp,,2025.1.1,60.64877204026198,2025-11-14 20h52.20.743092 +0530,
←,-0.5,valid,left,92,2,9,left,1,0.23520559999451507,None,9,2,92,6,136.37034459999995,,,,,,,,,136.35641130000295,136.37034459999995,136.85532849999436,136.85532849999436,137.15404310000304,137.45518140000058,137.45518140000058,137.7056290999899,left,1,0.23520559999451507,None,,,,03,001,2025-11-14_20h52.05.215,cueing_task_exp,,2025.1.1,60.64877204026198,2025-11-14 20h52.20.743092 +0530,
←,-0.5,valid,left,93,3,9,left,1,0.3289500999962911,None,9,3,93,1,137.720396299992,,,,,,,,,137.7065322999988,137.720396299992,138.22121550000156,138.22121550000156,138.52187369999592,138.8045204999944,138.8045204999944,139.13890069999616,left,1,0.3289500999962911,None,,,,03,001,2025-11-14_20h52.05.215,cueing_task_exp,,2025.1.1,60.64877204026198,2025-11-14 20h52.20.743092 +0530,
←,-0.5,valid,left,94,4,9,left,1,0.24717339999915566,None,9,4,94,4,139.15345659999002,,,,,,,,,139.13958000000275,139.15345659999002,139.63823339999362,139.63823339999362,139.93787639999937,140.25424769999518,140.25424769999518,140.50448299999698,left,1,0.24717339999915566,None,,,,03,001,2025-11-14_20h52.05.215,cueing_task_exp,,2025.1.1,60.64877204026198,2025-11-14 20h52.20.743092 +0530,
→,-0.5,invalid,left,95,5,9,left,1,0.40711970000120346,None,9,5,95,8,140.52029739999853,,,,,,,,,140.5067238999909,140.52029739999853,141.0051378999924,141.0051378999924,141.30555540000205,141.6053535999963,141.6053535999963,142.02132440000423,left,1,0.40711970000120346,None,,,,03,001,2025-11-14_20h52.05.215,cueing_task_exp,,2025.1.1,60.64877204026198,2025-11-14 20h52.20.743092 +0530,
→,0.5,valid,right,96,6,9,right,1,0.3136177999986103,None,9,6,96,3,142.0373297999904,,,,,,,,,142.02180190000217,142.0373297999904,142.5217968999932,142.5217968999932,142.82171740000194,143.1219637000031,143.1219637000031,143.43766119999054,right,1,0.3136177999986103,None,,,,03,001,2025-11-14_20h52.05.215,cueing_task_exp,,2025.1.1,60.64877204026198,2025-11-14 20h52.20.743092 +0530,
→,0.5,valid,right,97,7,9,right,1,0.3270576000068104,None,9,7,97,0,143.45349849999184,,,,,,,,,143.43814169999678,143.45349849999184,143.93834079999942,143.93834079999942,144.2386669999978,144.53840550000314,144.53840550000314,144.87296900000365,right,1,0.3270576000068104,None,,,,03,001,2025-11-14_20h52.05.215,cueing_task_exp,,2025.1.1,60.64877204026198,2025-11-14 20h52.20.743092 +0530,
→,0.5,valid,right,98,8,9,right,1,0.3367830000061076,None,9,8,98,7,144.88701979999314,,,,,,,,,144.8734900999989,144.88701979999314,145.38842679999652,145.38842679999652,145.68866430000344,145.98868310000398,145.98868310000398,146.33773529999598,right,1,0.3367830000061076,None,,,,03,001,2025-11-14_20h52.05.215,cueing_task_exp,,2025.1.1,60.64877204026198,2025-11-14 20h52.20.743092 +0530,
←,-0.5,valid,left,99,9,9,left,1,0.34087820000422653,None,9,9,99,5,146.35475769999903,,,,,,,,,146.3400130999944,146.35475769999903,146.8386795999977,146.8386795999977,147.13868150000053,147.43859829999565,147.43859829999565,147.78803899999184,left,1,0.34087820000422653,None,,,,03,001,2025-11-14_20h52.05.215,cueing_task_exp,,2025.1.1,60.64877204026198,2025-11-14 20h52.20.743092 +0530,
←,-0.5,valid,left,100,0,10,left,1,0.3965669000026537,None,10,0,100,4,147.805420699995,,,,,,,,,147.78861399999005,147.805420699995,148.2889179999911,148.2889179999911,148.5872509000037,148.88867230000324,148.88867230000324,149.28877410000132,left,1,0.3965669000026537,None,,,,03,001,2025-11-14_20h52.05.215,cueing_task_exp,,2025.1.1,60.64877204026198,2025-11-14 20h52.20.743092 +0530,
→,0.5,valid,right,101,1,10,right,1,0.2235382000071695,None,10,1,101,3,149.30393949999416,,,,,,,,,149.29098759999033,149.30393949999416,149.78871939999226,149.78871939999226,150.0883130000002,150.38850689999526,150.38850689999526,150.62132639999618,right,1,0.2235382000071695,None,,,,03,001,2025-11-14_20h52.05.215,cueing_task_exp,,2025.1.1,60.64877204026198,2025-11-14 20h52.20.743092 +0530,
←,0.5,invalid,right,102,2,10,right,1,0.6456423999916296,None,10,2,102,9,150.63856160000432,,,,,,,,,150.62412320000294,150.63856160000432,151.12143359999754,151.12143359999754,151.42058489999908,151.72189639999124,151.72189639999124,152.37229050000315,right,1,0.6456423999916296,None,,,,03,001,2025-11-14_20h52.05.215,cueing_task_exp,,2025.1.1,60.64877204026198,2025-11-14 20h52.20.743092 +0530,
→,0.5,valid,right,103,3,10,right,1,0.4128388000099221,None,10,3,103,2,152.38719189999392,,,,,,,,,152.37470109999413,152.38719189999392,152.87184629999683,152.87184629999683,153.17069349999656,153.4720462999976,153.4720462999976,153.88865019999503,right,1,0.4128388000099221,None,,,,03,001,2025-11-14_20h52.05.215,cueing_task_exp,,2025.1.1,60.64877204026198,2025-11-14 20h52.20.743092 +0530,
←,-0.5,valid,left,104,4,10,left,1,0.31874050000624266,None,10,4,104,1,153.90432669999427,,,,,,,,,153.8916307000036,153.90432669999427,154.38841259999026,154.38841259999026,154.6881360999978,154.98882279999088,154.98882279999088,155.32118980000087,left,1,0.31874050000624266,None,,,,03,001,2025-11-14_20h52.05.215,cueing_task_exp,,2025.1.1,60.64877204026198,2025-11-14 20h52.20.743092 +0530,
→,0.5,valid,right,105,5,10,right,1,0.29593839999870397,None,10,5,105,0,155.33823529999063,,,,,,,,,155.3235447999905,155.33823529999063,155.8214214999898,155.8214214999898,156.1225959000003,156.42215369999758,156.42215369999758,156.7213871999993,right,1,0.29593839999870397,None,,,,03,001,2025-11-14_20h52.05.215,cueing_task_exp,,2025.1.1,60.64877204026198,2025-11-14 20h52.20.743092 +0530,
←,-0.5,valid,left,106,6,10,left,1,0.261787399998866,None,10,6,106,6,156.73814929999935,,,,,,,,,156.72376759999315,156.73814929999935,157.2219430999976,157.2219430999976,157.52220659999875,157.82223160000285,157.82223160000285,158.08799289999297,left,1,0.261787399998866,None,,,,03,001,2025-11-14_20h52.05.215,cueing_task_exp,,2025.1.1,60.64877204026198,2025-11-14 20h52.20.743092 +0530,
→,0.5,valid,right,107,7,10,right,1,0.21887200001219753,None,10,7,107,7,158.1036036000005,,,,,,,,,158.09075399998983,158.1036036000005,158.58868610000354,158.58868610000354,158.88752309999836,159.18897879999713,159.18897879999713,159.42283820000011,right,1,0.21887200001219753,None,,,,03,001,2025-11-14_20h52.05.215,cueing_task_exp,,2025.1.1,60.64877204026198,2025-11-14 20h52.20.743092 +0530,
→,-0.5,invalid,left,108,8,10,left,1,0.28379290000884794,None,10,8,108,8,159.43755780000356,,,,,,,,,159.42357159999665,159.43755780000356,159.93856280000182,159.93856280000182,160.2387941999914,160.5226524000027,160.5226524000027,160.8214874999976,left,1,0.28379290000884794,None,,,,03,001,2025-11-14_20h52.05.215,cueing_task_exp,,2025.1.1,60.64877204026198,2025-11-14 20h52.20.743092 +0530,
←,-0.5,valid,left,109,9,10,left,1,0.23014089999196585,None,10,9,109,5,160.83862599999702,,,,,,,,,160.82390469999518,160.83862599999702,161.32088299999305,161.32088299999305,161.62180819999776,161.92203259999224,161.92203259999224,162.15585019999708,left,1,0.23014089999196585,None,,,,03,001,2025-11-14_20h52.05.215,cueing_task_exp,,2025.1.1,60.64877204026198,2025-11-14 20h52.20.743092 +0530,
→,0.5,valid,right,110,0,11,right,1,0.27250190000631846,None,11,0,110,0,162.17004389999784,,,,,,,,,162.15878969999903,162.17004389999784,162.67231179999362,162.67231179999362,162.95404399999825,163.25546889999532,163.25546889999532,163.538195599991,right,1,0.27250190000631846,None,,,,03,001,2025-11-14_20h52.05.215,cueing_task_exp,,2025.1.1,60.64877204026198,2025-11-14 20h52.20.743092 +0530,
→,0.5,valid,right,111,1,11,right,1,0.35684690000198316,None,11,1,111,2,163.555022799992,,,,,,,,,163.5388435999921,163.555022799992,164.03868119999242,164.03868119999242,164.3372786999971,164.63871699999436,164.63871699999436,165.00501079999958,right,1,0.35684690000198316,None,,,,03,001,2025-11-14_20h52.05.215,cueing_task_exp,,2025.1.1,60.64877204026198,2025-11-14 20h52.20.743092 +0530,
←,-0.5,valid,left,112,2,11,left,1,0.3719624999939697,None,11,2,112,6,165.02041240000108,,,,,,,,,165.00738049999927,165.02041240000108,165.50554959999863,165.50554959999863,165.80511420000403,166.1041203999921,166.1041203999921,166.48871389999113,left,1,0.3719624999939697,None,,,,03,001,2025-11-14_20h52.05.215,cueing_task_exp,,2025.1.1,60.64877204026198,2025-11-14 20h52.20.743092 +0530,
←,-0.5,valid,left,113,3,11,left,1,0.310698000001139,None,11,3,113,5,166.5056775999983,,,,,,,,,166.48928829999932,166.5056775999983,166.98758610000368,166.98758610000368,167.2890419000032,167.58904589999293,167.58904589999293,167.90627239999594,left,1,0.310698000001139,None,,,,03,001,2025-11-14_20h52.05.215,cueing_task_exp,,2025.1.1,60.64877204026198,2025-11-14 20h52.20.743092 +0530,
←,-0.5,valid,left,114,4,11,left,1,0.25730189999740105,None,11,4,114,1,167.92061259999173,,,,,,,,,167.90707359999942,167.92061259999173,168.40528880000056,168.40528880000056,168.70556159999978,169.00546519999625,169.00546519999625,169.27196159999585,left,1,0.25730189999740105,None,,,,03,001,2025-11-14_20h52.05.215,cueing_task_exp,,2025.1.1,60.64877204026198,2025-11-14 20h52.20.743092 +0530,
←,0.5,invalid,right,115,5,11,right,1,0.2851364999951329,None,11,5,115,9,169.28854429999774,,,,,,,,,169.27241429999413,169.28854429999774,169.77206190000288,169.77206190000288,170.0873769000027,170.3720861000038,170.3720861000038,170.67340829999011,right,1,0.2851364999951329,None,,,,03,001,2025-11-14_20h52.05.215,cueing_task_exp,,2025.1.1,60.64877204026198,2025-11-14 20h52.20.743092 +0530,
→,0.5,valid,right,116,6,11,right,1,0.2631575999985216,None,11,6,116,3,170.6866769999906,,,,,,,,,170.6760157999961,170.6866769999906,171.18835290000425,171.18835290000425,171.48884619999444,171.77205179999874,171.77205179999874,172.03884019999532,right,1,0.2631575999985216,None,,,,03,001,2025-11-14_20h52.05.215,cueing_task_exp,,2025.1.1,60.64877204026198,2025-11-14 20h52.20.743092 +0530,
←,-0.5,valid,left,117,7,11,left,1,0.25917029999254737,None,11,7,117,4,172.05367589999514,,,,,,,,,172.04258349999145,172.05367589999514,172.5389484000043,172.5389484000043,172.83865150000202,173.13755440000386,173.13755440000386,173.406247299994,left,1,0.25917029999254737,None,,,,03,001,2025-11-14_20h52.05.215,cueing_task_exp,,2025.1.1,60.64877204026198,2025-11-14 20h52.20.743092 +0530,
→,0.5,valid,right,118,8,11,right,1,0.211174399999436,None,11,8,118,7,173.4217198999977,,,,,,,,,173.40890149999177,173.4217198999977,173.92291049999767,173.92291049999767,174.22249539999757,174.52250939999067,174.52250939999067,174.73848079999152,right,1,0.211174399999436,None,,,,03,001,2025-11-14_20h52.05.215,cueing_task_exp,,2025.1.1,60.64877204026198,2025-11-14 20h52.20.743092 +0530,
→,-0.5,invalid,left,119,9,11,left,1,0.33409340000071097,None,11,9,119,8,174.75559030000295,,,,,,,,,174.73907149999286,174.75559030000295,175.23849649999465,175.23849649999465,175.53810940000403,175.83886429999257,175.83886429999257,176.18812619999517,left,1,0.33409340000071097,None,,,,03,001,2025-11-14_20h52.05.215,cueing_task_exp,,2025.1.1,60.64877204026198,2025-11-14 20h52.20.743092 +0530,
→,0.5,valid,right,120,0,12,right,1,0.23992519998864736,None,12,0,120,3,176.20457659999374,,,,,,,,,176.18866289999278,176.20457659999374,176.68922929999826,176.68922929999826,176.9888387999963,177.2877021000022,177.2877021000022,177.53892969999288,right,1,0.23992519998864736,None,,,,03,001,2025-11-14_20h52.05.215,cueing_task_exp,,2025.1.1,60.64877204026198,2025-11-14 20h52.20.743092 +0530,
←,-0.5,valid,left,121,1,12,left,1,0.2639004000084242,None,12,1,121,6,177.55654109999887,,,,,,,,,177.54181979999703,177.55654109999887,178.0393133000034,178.0393133000034,178.33760299999267,178.63745680000284,178.63745680000284,178.90528969999286,left,1,0.2639004000084242,None,,,,03,001,2025-11-14_20h52.05.215,cueing_task_exp,,2025.1.1,60.64877204026198,2025-11-14 20h52.20.743092 +0530,
←,-0.5,valid,left,122,2,12,left,1,0.23764289999962784,None,12,2,122,1,178.921405400004,,,,,,,,,178.9058221000014,178.921405400004,179.4049296000012,179.4049296000012,179.72267909999937,180.0056489999988,180.0056489999988,180.25536049999937,left,1,0.23764289999962784,None,,,,03,001,2025-11-14_20h52.05.215,cueing_task_exp,,2025.1.1,60.64877204026198,2025-11-14 20h52.20.743092 +0530,
→,0.5,valid,right,123,3,12,right,1,0.3224749999935739,None,12,3,123,0,180.27195139999094,,,,,,,,,180.25769689999288,180.27195139999094,180.75567339999543,180.75567339999543,181.05547059999662,181.3560468999931,181.3560468999931,181.68908729999384,right,1,0.3224749999935739,None,,,,03,001,2025-11-14_20h52.05.215,cueing_task_exp,,2025.1.1,60.64877204026198,2025-11-14 20h52.20.743092 +0530,
←,-0.5,valid,left,124,4,12,left,1,0.22319240000797436,None,12,4,124,5,181.70428569999058,,,,,,,,,181.69129069999326,181.70428569999058,182.18925759999547,182.18925759999547,182.48925739999686,182.7893683000002,182.7893683000002,183.02192169999762,left,1,0.22319240000797436,None,,,,03,001,2025-11-14_20h52.05.215,cueing_task_exp,,2025.1.1,60.64877204026198,2025-11-14 20h52.20.743092 +0530,
←,-0.5,valid,left,125,5,12,left,1,0.2994469000113895,None,12,5,125,4,183.03872689999116,,,,,,,,,183.0223907000036,183.03872689999116,183.52254740000353,183.52254740000353,183.8220782999997,184.12199379999947,184.12199379999947,184.43834490000154,left,1,0.2994469000113895,None,,,,03,001,2025-11-14_20h52.05.215,cueing_task_exp,,2025.1.1,60.64877204026198,2025-11-14 20h52.20.743092 +0530,
→,-0.5,invalid,left,126,6,12,left,1,0.32162529999914113,None,12,6,126,8,184.45428900000115,,,,,,,,,184.4405465000018,184.45428900000115,184.93931819999125,184.93931819999125,185.23926960000244,185.5390575999918,185.5390575999918,185.8722609999968,left,1,0.32162529999914113,None,,,,03,001,2025-11-14_20h52.05.215,cueing_task_exp,,2025.1.1,60.64877204026198,2025-11-14 20h52.20.743092 +0530,
→,0.5,valid,right,127,7,12,right,1,0.27767409999796655,None,12,7,127,2,185.88768499999424,,,,,,,,,185.87271329999203,185.88768499999424,186.37236249999842,186.37236249999842,186.68876679999812,186.9715070999955,186.9715070999955,187.2549483000039,right,1,0.27767409999796655,None,,,,03,001,2025-11-14_20h52.05.215,cueing_task_exp,,2025.1.1,60.64877204026198,2025-11-14 20h52.20.743092 +0530,
→,0.5,valid,right,128,8,12,right,1,0.2755929999984801,None,12,8,128,7,187.27089230000274,,,,,,,,,187.25540609999734,187.27089230000274,187.75611069999286,187.75611069999286,188.05564360000426,188.35564460000023,188.35564460000023,188.6385689000017,right,1,0.2755929999984801,None,,,,03,001,2025-11-14_20h52.05.215,cueing_task_exp,,2025.1.1,60.64877204026198,2025-11-14 20h52.20.743092 +0530,
←,0.5,invalid,right,129,9,12,right,1,0.6662612999934936,None,12,9,129,9,188.65450249999412,,,,,,,,,188.64136090000102,188.65450249999412,189.13755939999828,189.13755939999828,189.43968419999874,189.73942759999773,189.73942759999773,190.42189399999916,right,1,0.6662612999934936,None,,,,03,001,2025-11-14_20h52.05.215,cueing_task_exp,,2025.1.1,60.64877204026198,2025-11-14 20h52.20.743092 +0530,
←,-0.5,valid,left,130,0,13,left,1,0.31474729999899864,None,13,0,130,5,190.43814169999678,,,,,,,,,190.42235880000226,190.43814169999678,190.92225589998998,190.92225589998998,191.22281009999278,191.52132960000017,191.52132960000017,191.83853179999278,left,1,0.31474729999899864,None,,,,03,001,2025-11-14_20h52.05.215,cueing_task_exp,,2025.1.1,60.64877204026198,2025-11-14 20h52.20.743092 +0530,
→,0.5,valid,right,131,1,13,right,1,0.3034647999884328,None,13,1,131,2,191.8543517999933,,,,,,,,,191.8410017999995,191.8543517999933,192.3392557999905,192.3392557999905,192.63956509999116,192.9394331999938,192.9394331999938,193.25598839999293,right,1,0.3034647999884328,None,,,,03,001,2025-11-14_20h52.05.215,cueing_task_exp,,2025.1.1,60.64877204026198,2025-11-14 20h52.20.743092 +0530,
←,-0.5,valid,left,132,2,13,left,1,0.25384230000781827,None,13,2,132,6,193.2724126999965,,,,,,,,,193.25849229999585,193.2724126999965,193.77256379999744,193.77256379999744,194.0561233999906,194.35611799999606,194.35611799999606,194.62205299999914,left,1,0.25384230000781827,None,,,,03,001,2025-11-14_20h52.05.215,cueing_task_exp,,2025.1.1,60.64877204026198,2025-11-14 20h52.20.743092 +0530,
→,0.5,valid,right,133,3,13,right,1,0.26559359999373555,None,13,3,133,0,194.63821550000284,,,,,,,,,194.62442959999316,194.63821550000284,195.1225487999909,195.1225487999909,195.42242570000235,195.72210800000175,195.72210800000175,195.989038300002,right,1,0.26559359999373555,None,,,,03,001,2025-11-14_20h52.05.215,cueing_task_exp,,2025.1.1,60.64877204026198,2025-11-14 20h52.20.743092 +0530,
→,0.5,valid,right,134,4,13,right,1,0.316588400004548,None,13,4,134,3,196.0046941999899,,,,,,,,,195.98956200000248,196.0046941999899,196.48930849999306,196.48930849999306,196.787885800004,197.0895743000001,197.0895743000001,197.42194739999832,right,1,0.316588400004548,None,,,,03,001,2025-11-14_20h52.05.215,cueing_task_exp,,2025.1.1,60.64877204026198,2025-11-14 20h52.20.743092 +0530,
←,-0.5,valid,left,135,5,13,left,1,0.31667519999609794,None,13,5,135,1,197.43770029999723,,,,,,,,,197.4242402999953,197.43770029999723,197.92357879999327,197.92357879999327,198.22243829999934,198.52297649999673,198.52297649999673,198.85545679999632,left,1,0.31667519999609794,None,,,,03,001,2025-11-14_20h52.05.215,cueing_task_exp,,2025.1.1,60.64877204026198,2025-11-14 20h52.20.743092 +0530,
←,0.5,invalid,right,136,6,13,right,1,0.36767439999675844,None,13,6,136,9,198.8729689000029,,,,,,,,,198.85591070000373,198.8729689000029,199.35656629998994,199.35656629998994,199.6720490000007,199.95614699998987,199.95614699998987,200.33895520000078,right,1,0.36767439999675844,None,,,,03,001,2025-11-14_20h52.05.215,cueing_task_exp,,2025.1.1,60.64877204026198,2025-11-14 20h52.20.743092 +0530,
→,-0.5,invalid,left,137,7,13,left,1,0.3244682000076864,None,13,7,137,8,200.35711289999017,,,,,,,,,200.34249699999054,200.35711289999017,200.83953470000415,200.83953470000415,201.1395649000042,201.4558076999965,201.4558076999965,201.7887950000004,left,1,0.3244682000076864,None,,,,03,001,2025-11-14_20h52.05.215,cueing_task_exp,,2025.1.1,60.64877204026198,2025-11-14 20h52.20.743092 +0530,
←,-0.5,valid,left,138,8,13,left,1,0.30212480000045616,None,13,8,138,4,201.80551900000137,,,,,,,,,201.79117919999408,201.80551900000137,202.28966280000168,202.28966280000168,202.5893228999921,202.8895588000014,202.8895588000014,203.20563019999827,left,1,0.30212480000045616,None,,,,03,001,2025-11-14_20h52.05.215,cueing_task_exp,,2025.1.1,60.64877204026198,2025-11-14 20h52.20.743092 +0530,
→,0.5,valid,right,139,9,13,right,1,0.28745509999862406,None,13,9,139,7,203.22121859999606,,,,,,,,,203.2078407999943,203.22121859999606,203.70585699999356,203.70585699999356,204.00514110000222,204.305177000002,204.305177000002,204.60585919998994,right,1,0.28745509999862406,None,,,,03,001,2025-11-14_20h52.05.215,cueing_task_exp,,2025.1.1,60.64877204026198,2025-11-14 20h52.20.743092 +0530,
←,-0.5,valid,left,140,0,14,left,1,0.23723189999873284,None,14,0,140,4,204.62285279999196,,,,,,,,,204.6086404999951,204.62285279999196,205.1058258999983,205.1058258999983,205.40642830000434,205.70641679999244,205.70641679999244,205.95571519999066,left,1,0.23723189999873284,None,,,,03,001,2025-11-14_20h52.05.215,cueing_task_exp,,2025.1.1,60.64877204026198,2025-11-14 20h52.20.743092 +0530,
←,-0.5,valid,left,141,1,14,left,1,0.3582975000026636,None,14,1,141,6,205.9720540999988,,,,,,,,,205.95616869999503,205.9720540999988,206.4563899999921,206.4563899999921,206.75605260000157,207.05642529999022,207.05642529999022,207.42363150000165,left,1,0.3582975000026636,None,,,,03,001,2025-11-14_20h52.05.215,cueing_task_exp,,2025.1.1,60.64877204026198,2025-11-14 20h52.20.743092 +0530,
→,0.5,valid,right,142,2,14,right,1,0.30537050000566524,None,14,2,142,0,207.43805099999008,,,,,,,,,207.4263299000013,207.43805099999008,207.92293600000266,207.92293600000266,208.23875629999384,208.5395456999977,208.5395456999977,208.8553974999959,right,1,0.30537050000566524,None,,,,03,001,2025-11-14_20h52.05.215,cueing_task_exp,,2025.1.1,60.64877204026198,2025-11-14 20h52.20.743092 +0530,
←,-0.5,valid,left,143,3,14,left,1,0.3581768000003649,None,14,3,143,1,208.87232329999097,,,,,,,,,208.85904070000106,208.87232329999097,209.35604559999774,209.35604559999774,209.65605009999126,209.95558949999395,209.95558949999395,210.32345599999826,left,1,0.3581768000003649,None,,,,03,001,2025-11-14_20h52.05.215,cueing_task_exp,,2025.1.1,60.64877204026198,2025-11-14 20h52.20.743092 +0530,
←,-0.5,valid,left,144,4,14,left,1,0.36020680000365246,None,14,4,144,5,210.33859010000015,,,,,,,,,210.32396989999688,210.33859010000015,210.82156480000413,210.82156480000413,211.12318870000308,211.42324960000406,211.42324960000406,211.79045040000346,left,1,0.36020680000365246,None,,,,03,001,2025-11-14_20h52.05.215,cueing_task_exp,,2025.1.1,60.64877204026198,2025-11-14 20h52.20.743092 +0530,
←,0.5,invalid,right,145,5,14,right,1,0.31910740000603255,None,14,5,145,9,211.80475339999248,,,,,,,,,211.79097299999557,211.80475339999248,212.3062293999974,212.3062293999974,212.60473469999852,212.8883150000038,212.8883150000038,213.22284560000116,right,1,0.31910740000603255,None,,,,03,001,2025-11-14_20h52.05.215,cueing_task_exp,,2025.1.1,60.64877204026198,2025-11-14 20h52.20.743092 +0530,
→,0.5,valid,right,146,6,14,right,1,0.29494740000518505,None,14,6,146,3,213.23841049999464,,,,,,,,,213.2254355999903,213.23841049999464,213.72136499999033,213.72136499999033,214.02269499999238,214.32222249999177,214.32222249999177,214.62289669999154,right,1,0.29494740000518505,None,,,,03,001,2025-11-14_20h52.05.215,cueing_task_exp,,2025.1.1,60.64877204026198,2025-11-14 20h52.20.743092 +0530,
→,0.5,valid,right,147,7,14,right,1,0.26706289999128785,None,14,7,147,2,214.6381105999899,,,,,,,,,214.62341220000235,214.6381105999899,215.12286570000288,215.12286570000288,215.42191979999188,215.72303300000203,215.72303300000203,216.00540369999362,right,1,0.26706289999128785,None,,,,03,001,2025-11-14_20h52.05.215,cueing_task_exp,,2025.1.1,60.64877204026198,2025-11-14 20h52.20.743092 +0530,
→,-0.5,invalid,left,148,8,14,left,1,0.4757385999982944,None,14,8,148,8,216.0211949999939,,,,,,,,,216.00585629999114,216.0211949999939,216.50597359999665,216.50597359999665,216.80627649999224,217.1050172999967,217.1050172999967,217.58896870000171,left,1,0.4757385999982944,None,,,,03,001,2025-11-14_20h52.05.215,cueing_task_exp,,2025.1.1,60.64877204026198,2025-11-14 20h52.20.743092 +0530,
→,0.5,valid,right,149,9,14,right,1,0.23996979999355972,None,14,9,149,7,217.60488559999794,,,,,,,,,217.58962749999773,217.60488559999794,218.08954529999755,218.08954529999755,218.3896289999975,218.6898768999963,218.6898768999963,218.94047459999274,right,1,0.23996979999355972,None,,,,03,001,2025-11-14_20h52.05.215,cueing_task_exp,,2025.1.1,60.64877204026198,2025-11-14 20h52.20.743092 +0530,
←,-0.5,valid,left,150,0,15,left,1,0.43851100000028964,None,15,0,150,6,218.9549232999998,,,,,,,,,218.94332170000416,218.9549232999998,219.43956099999195,219.43956099999195,219.7399565999949,220.05606089999492,220.05606089999492,220.5060089000035,left,1,0.43851100000028964,None,,,,03,001,2025-11-14_20h52.05.215,cueing_task_exp,,2025.1.1,60.64877204026198,2025-11-14 20h52.20.743092 +0530,
←,0.5,invalid,right,151,1,15,right,1,0.2827485000016168,None,15,1,151,9,220.52284969999164,,,,,,,,,220.50647739999113,220.52284969999164,221.0067385000002,221.0067385000002,221.30651870000293,221.6066667999985,221.6066667999985,221.9057751999935,right,1,0.2827485000016168,None,,,,03,001,2025-11-14_20h52.05.215,cueing_task_exp,,2025.1.1,60.64877204026198,2025-11-14 20h52.20.743092 +0530,
←,-0.5,valid,left,152,2,15,left,1,0.32313479999720585,None,15,2,152,5,221.92314539999643,,,,,,,,,221.90622099999746,221.92314539999643,222.4066759999987,222.4066759999987,222.70668449999357,223.00627189999796,223.00627189999796,223.33929789999092,left,1,0.32313479999720585,None,,,,03,001,2025-11-14_20h52.05.215,cueing_task_exp,,2025.1.1,60.64877204026198,2025-11-14 20h52.20.743092 +0530,
→,0.5,valid,right,153,3,15,right,1,0.2794267999997828,None,15,3,153,7,223.35494639999524,,,,,,,,,223.34198499999184,223.35494639999524,223.83898699999554,223.83898699999554,224.13974159999634,224.4383025999996,224.4383025999996,224.72260670000105,right,1,0.2794267999997828,None,,,,03,001,2025-11-14_20h52.05.215,cueing_task_exp,,2025.1.1,60.64877204026198,2025-11-14 20h52.20.743092 +0530,
→,-0.5,invalid,left,154,4,15,left,1,0.34328000000095926,None,15,4,154,8,224.73828589999175,,,,,,,,,224.72319730000163,224.73828589999175,225.2234327000042,225.2234327000042,225.521442199999,225.8230268000043,225.8230268000043,226.1726873000007,left,1,0.34328000000095926,None,,,,03,001,2025-11-14_20h52.05.215,cueing_task_exp,,2025.1.1,60.64877204026198,2025-11-14 20h52.20.743092 +0530,
←,-0.5,valid,left,155,5,15,left,1,0.3318149000115227,None,15,5,155,4,226.18978980000247,,,,,,,,,226.17616489999637,226.18978980000247,226.67282379999233,226.67282379999233,226.97231879999163,227.27236799999082,227.27236799999082,227.60632969999278,left,1,0.3318149000115227,None,,,,03,001,2025-11-14_20h52.05.215,cueing_task_exp,,2025.1.1,60.64877204026198,2025-11-14 20h52.20.743092 +0530,
→,0.5,valid,right,156,6,15,right,1,0.3792136000120081,None,15,6,156,3,227.62184599999455,,,,,,,,,227.60925519999,227.62184599999455,228.12183380000351,228.12183380000351,228.42228579999937,228.7064992999949,228.7064992999949,229.08895249999478,right,1,0.3792136000120081,None,,,,03,001,2025-11-14_20h52.05.215,cueing_task_exp,,2025.1.1,60.64877204026198,2025-11-14 20h52.20.743092 +0530,
→,0.5,valid,right,157,7,15,right,1,0.3305625999928452,None,15,7,157,0,229.10523600000306,,,,,,,,,229.08971859999292,229.10523600000306,229.5901434999978,229.5901434999978,229.88993389999087,230.1895155999955,230.1895155999955,230.5234283000027,right,1,0.3305625999928452,None,,,,03,001,2025-11-14_20h52.05.215,cueing_task_exp,,2025.1.1,60.64877204026198,2025-11-14 20h52.20.743092 +0530,
→,0.5,valid,right,158,8,15,right,1,0.36652259998663794,None,15,8,158,2,230.53860440000426,,,,,,,,,230.52391000000353,230.53860440000426,231.02235489999293,231.02235489999293,231.32346630000393,231.62339539999084,231.62339539999084,232.00602279999293,right,1,0.36652259998663794,None,,,,03,001,2025-11-14_20h52.05.215,cueing_task_exp,,2025.1.1,60.64877204026198,2025-11-14 20h52.20.743092 +0530,
←,-0.5,valid,left,159,9,15,left,1,0.31607240000448655,None,15,9,159,1,232.02292529999977,,,,,,,,,232.00864739999815,232.02292529999977,232.50628610000422,232.50628610000422,232.8061971999996,233.1059466000006,233.1059466000006,233.43909189999977,left,1,0.31607240000448655,None,,,,03,001,2025-11-14_20h52.05.215,cueing_task_exp,,2025.1.1,60.64877204026198,2025-11-14 20h52.20.743092 +0530,
→,0.5,valid,right,160,0,16,right,1,0.3041388999990886,None,16,0,160,3,233.45530109999527,,,,,,,,,233.44133089999377,233.45530109999527,233.94001849999768,233.94001849999768,234.23996120000083,234.53985549999925,234.53985549999925,234.85604990000138,right,1,0.3041388999990886,None,,,,03,001,2025-11-14_20h52.05.215,cueing_task_exp,,2025.1.1,60.64877204026198,2025-11-14 20h52.20.743092 +0530,
←,-0.5,valid,left,161,1,16,left,1,0.2751811999914935,None,16,1,161,1,234.8718407999986,,,,,,,,,234.85840070000268,234.8718407999986,235.35511509999924,235.35511509999924,235.67332349999924,235.9562917000003,235.9562917000003,236.23961399999098,left,1,0.2751811999914935,None,,,,03,001,2025-11-14_20h52.05.215,cueing_task_exp,,2025.1.1,60.64877204026198,2025-11-14 20h52.20.743092 +0530,
→,0.5,valid,right,162,2,16,right,1,0.24145359999965876,None,16,2,162,2,236.25570049999806,,,,,,,,,236.24231729999883,236.25570049999806,236.73872969999502,236.73872969999502,237.03984089998994,237.34013289998984,237.34013289998984,237.59006499999668,right,1,0.24145359999965876,None,,,,03,001,2025-11-14_20h52.05.215,cueing_task_exp,,2025.1.1,60.64877204026198,2025-11-14 20h52.20.743092 +0530,
←,0.5,invalid,right,163,3,16,right,1,0.43249760000617243,None,16,3,163,9,237.60543539999344,,,,,,,,,237.59250820000307,237.60543539999344,238.1068063999992,238.1068063999992,238.38979780000227,238.68908609999926,238.68908609999926,239.1229217999935,right,1,0.43249760000617243,None,,,,03,001,2025-11-14_20h52.05.215,cueing_task_exp,,2025.1.1,60.64877204026198,2025-11-14 20h52.20.743092 +0530,
←,-0.5,valid,left,164,4,16,left,1,0.3380235999939032,None,16,4,164,5,239.1385322999995,,,,,,,,,239.12343389999296,239.1385322999995,239.6236171999917,239.6236171999917,239.92310369999905,240.2219633999921,240.2219633999921,240.57296429999406,left,1,0.3380235999939032,None,,,,03,001,2025-11-14_20h52.05.215,cueing_task_exp,,2025.1.1,60.64877204026198,2025-11-14 20h52.20.743092 +0530,
←,-0.5,valid,left,165,5,16,left,1,0.43835150000813883,None,16,5,165,4,240.59032299999672,,,,,,,,,240.57353680000233,240.59032299999672,241.07196999998996,241.07196999998996,241.37335369999346,241.6731240999943,241.6731240999943,242.12429130000237,left,1,0.43835150000813883,None,,,,03,001,2025-11-14_20h52.05.215,cueing_task_exp,,2025.1.1,60.64877204026198,2025-11-14 20h52.20.743092 +0530,
→,0.5,valid,right,166,6,16,right,1,0.3138939000054961,None,16,6,166,7,242.13948369999707,,,,,,,,,242.1266719999985,242.13948369999707,242.62363950000145,242.62363950000145,242.940497100004,243.2395489999908,243.2395489999908,243.55604850000236,right,1,0.3138939000054961,None,,,,03,001,2025-11-14_20h52.05.215,cueing_task_exp,,2025.1.1,60.64877204026198,2025-11-14 20h52.20.743092 +0530,
→,-0.5,invalid,left,167,7,16,left,1,0.31343249999918044,None,16,7,167,8,243.5724515000038,,,,,,,,,243.55672769999364,243.5724515000038,244.05703979999817,244.05703979999817,244.35603039999842,244.65595129999565,244.65595129999565,244.97298360000423,left,1,0.31343249999918044,None,,,,03,001,2025-11-14_20h52.05.215,cueing_task_exp,,2025.1.1,60.64877204026198,2025-11-14 20h52.20.743092 +0530,
→,0.5,valid,right,168,8,16,right,1,0.22790929999609943,None,16,8,168,0,244.98865449998993,,,,,,,,,244.973568100002,244.98865449998993,245.47369489999255,245.47369489999255,245.7738079999981,246.07371019999846,246.07371019999846,246.30608270000084,right,1,0.22790929999609943,None,,,,03,001,2025-11-14_20h52.05.215,cueing_task_exp,,2025.1.1,60.64877204026198,2025-11-14 20h52.20.743092 +0530,
←,-0.5,valid,left,169,9,16,left,1,0.23460660000273492,None,16,9,169,6,246.3224912000005,,,,,,,,,246.30960880000202,246.3224912000005,246.8057342999964,246.8057342999964,247.10568469999998,247.40645359999326,247.40645359999326,247.6562971999956,left,1,0.23460660000273492,None,,,,03,001,2025-11-14_20h52.05.215,cueing_task_exp,,2025.1.1,60.64877204026198,2025-11-14 20h52.20.743092 +0530,
←,-0.5,valid,left,170,0,17,left,1,0.4105402999994112,None,17,0,170,5,247.6720290999947,,,,,,,,,247.65690319999703,247.6720290999947,248.15659250000317,248.15659250000317,248.4566407999955,248.75655249999545,248.75655249999545,249.1746368000022,left,1,0.4105402999994112,None,,,,03,001,2025-11-14_20h52.05.215,cueing_task_exp,,2025.1.1,60.64877204026198,2025-11-14 20h52.20.743092 +0530,
→,0.5,valid,right,171,1,17,right,1,0.3009894999995595,None,17,1,171,3,249.18812589999288,,,,,,,,,249.17733859999862,249.18812589999288,249.69012250000378,249.69012250000378,249.97390240000095,250.28881929999625,250.28881929999625,250.6063032999955,right,1,0.3009894999995595,None,,,,03,001,2025-11-14_20h52.05.215,cueing_task_exp,,2025.1.1,60.64877204026198,2025-11-14 20h52.20.743092 +0530,
←,0.5,invalid,right,172,2,17,right,1,0.3572616999881575,None,17,2,172,9,250.62372380000306,,,,,,,,,250.609123000002,250.62372380000306,251.1068871000025,251.1068871000025,251.4058301999903,251.70703160000267,251.70703160000267,252.07359309999447,right,1,0.3572616999881575,None,,,,03,001,2025-11-14_20h52.05.215,cueing_task_exp,,2025.1.1,60.64877204026198,2025-11-14 20h52.20.743092 +0530,
→,0.5,valid,right,173,3,17,right,1,0.31451370001013856,None,17,3,173,7,252.08904249999614,,,,,,,,,252.07577409999794,252.08904249999614,252.57312960000127,252.57312960000127,252.89052299999457,253.1905429000035,253.1905429000035,253.5067926999909,right,1,0.31451370001013856,None,,,,03,001,2025-11-14_20h52.05.215,cueing_task_exp,,2025.1.1,60.64877204026198,2025-11-14 20h52.20.743092 +0530,
→,-0.5,invalid,left,174,4,17,left,1,0.38571539999975357,None,17,4,174,8,253.52230810000037,,,,,,,,,253.50726369999757,253.52230810000037,254.0073185999936,254.0073185999936,254.30727209999168,254.60764289999497,254.60764289999497,255.00658380000095,left,1,0.38571539999975357,None,,,,03,001,2025-11-14_20h52.05.215,cueing_task_exp,,2025.1.1,60.64877204026198,2025-11-14 20h52.20.743092 +0530,
←,-0.5,valid,left,175,5,17,left,1,0.2757628000108525,None,17,5,175,4,255.02400829999533,,,,,,,,,255.0094403999974,255.02400829999533,255.5069899999944,255.5069899999944,255.82334970000375,256.10695329999726,256.10695329999726,256.3912311000022,left,1,0.2757628000108525,None,,,,03,001,2025-11-14_20h52.05.215,cueing_task_exp,,2025.1.1,60.64877204026198,2025-11-14 20h52.20.743092 +0530,
←,-0.5,valid,left,176,6,17,left,1,0.2399032000103034,None,17,6,176,1,256.4053677999909,,,,,,,,,256.3920250999945,256.4053677999909,256.90567900000315,256.90567900000315,257.2073512999923,257.50730979999935,257.50730979999935,257.7562190000026,left,1,0.2399032000103034,None,,,,03,001,2025-11-14_20h52.05.215,cueing_task_exp,,2025.1.1,60.64877204026198,2025-11-14 20h52.20.743092 +0530,
→,0.5,valid,right,177,7,17,right,1,0.2706668000028003,None,17,7,177,0,257.77272249999805,,,,,,,,,257.75985370000126,257.77272249999805,258.25696909999533,258.25696909999533,258.5567551999993,258.8558100999944,258.8558100999944,259.13955009999336,right,1,0.2706668000028003,None,,,,03,001,2025-11-14_20h52.05.215,cueing_task_exp,,2025.1.1,60.64877204026198,2025-11-14 20h52.20.743092 +0530,
←,-0.5,valid,left,178,8,17,left,1,0.27424069998960476,None,17,8,178,6,259.15556169999763,,,,,,,,,259.14248470000166,259.15556169999763,259.64036869999836,259.64036869999836,259.94054799999867,260.2403454000014,260.2403454000014,260.52327859999787,left,1,0.27424069998960476,None,,,,03,001,2025-11-14_20h52.05.215,cueing_task_exp,,2025.1.1,60.64877204026198,2025-11-14 20h52.20.743092 +0530,
→,0.5,valid,right,179,9,17,right,1,0.23078199999872595,None,17,9,179,2,260.54035009999643,,,,,,,,,260.5256928000017,260.54035009999643,261.0235068000038,261.0235068000038,261.32240119999915,261.6238799999992,261.6238799999992,261.85750559999724,right,1,0.23078199999872595,None,,,,03,001,2025-11-14_20h52.05.215,cueing_task_exp,,2025.1.1,60.64877204026198,2025-11-14 20h52.20.743092 +0530,
←,-0.5,valid,left,180,0,18,left,1,0.22655930000473745,None,18,0,180,6,261.8729777999979,,,,,,,,,261.85983410000335,261.8729777999979,262.3563148999965,262.3563148999965,262.65729519999877,262.95728390000295,262.95728390000295,263.1907444999961,left,1,0.22655930000473745,None,,,,03,001,2025-11-14_20h52.05.215,cueing_task_exp,,2025.1.1,60.64877204026198,2025-11-14 20h52.20.743092 +0530,
←,-0.5,valid,left,181,1,18,left,1,0.246488099990529,None,18,1,181,5,263.2062586999964,,,,,,,,,263.1913740000018,263.2062586999964,263.70732259999204,263.70732259999204,263.9908471999952,264.29042609999306,264.29042609999306,264.5405720999988,left,1,0.246488099990529,None,,,,03,001,2025-11-14_20h52.05.215,cueing_task_exp,,2025.1.1,60.64877204026198,2025-11-14 20h52.20.743092 +0530,
→,0.5,valid,right,182,2,18,right,1,0.26396729999396484,None,18,2,182,0,264.5558839000005,,,,,,,,,264.5430844999937,264.5558839000005,265.0390228000033,265.0390228000033,265.3402636999963,265.640235999992,265.640235999992,265.90733229999023,right,1,0.26396729999396484,None,,,,03,001,2025-11-14_20h52.05.215,cueing_task_exp,,2025.1.1,60.64877204026198,2025-11-14 20h52.20.743092 +0530,
←,0.5,invalid,right,183,3,18,right,1,0.3763199000095483,None,18,3,183,9,265.92214329999115,,,,,,,,,265.9105092999962,265.92214329999115,266.4071568999934,266.4071568999934,266.7072737999988,267.0071011999971,267.0071011999971,267.3913881999906,right,1,0.3763199000095483,None,,,,03,001,2025-11-14_20h52.05.215,cueing_task_exp,,2025.1.1,60.64877204026198,2025-11-14 20h52.20.743092 +0530,
→,0.5,valid,right,184,4,18,right,1,0.2851405999972485,None,18,4,184,2,267.40508189999673,,,,,,,,,267.39430299999367,267.40508189999673,267.90743540000403,267.90743540000403,268.190852300002,268.5055843000009,268.5055843000009,268.80665579999913,right,1,0.2851405999972485,None,,,,03,001,2025-11-14_20h52.05.215,cueing_task_exp,,2025.1.1,60.64877204026198,2025-11-14 20h52.20.743092 +0530,
←,-0.5,valid,left,185,5,18,left,1,0.2691767000069376,None,18,5,185,1,268.823767599999,,,,,,,,,268.80899629999476,268.823767599999,269.30736619999516,269.30736619999516,269.60573809999914,269.90740379999625,269.90740379999625,270.19118049999815,left,1,0.2691767000069376,None,,,,03,001,2025-11-14_20h52.05.215,cueing_task_exp,,2025.1.1,60.64877204026198,2025-11-14 20h52.20.743092 +0530,
←,-0.5,valid,left,186,6,18,left,1,0.2796304999938002,None,18,6,186,4,270.20678589999443,,,,,,,,,270.1919651999924,270.20678589999443,270.69099509999796,270.69099509999796,270.9901672999986,271.2904181999911,271.2904181999911,271.5733363000036,left,1,0.2796304999938002,None,,,,03,001,2025-11-14_20h52.05.215,cueing_task_exp,,2025.1.1,60.64877204026198,2025-11-14 20h52.20.743092 +0530,
→,-0.5,invalid,left,187,7,18,left,1,0.4326883000030648,None,18,7,187,8,271.5892429999949,,,,,,,,,271.57625289999123,271.5892429999949,272.073366800003,272.073366800003,272.374141399996,272.67259780000313,272.67259780000313,273.1065280999901,left,1,0.4326883000030648,None,,,,03,001,2025-11-14_20h52.05.215,cueing_task_exp,,2025.1.1,60.64877204026198,2025-11-14 20h52.20.743092 +0530,
→,0.5,valid,right,188,8,18,right,1,0.26481749999220483,None,18,8,188,3,273.12262239999836,,,,,,,,,273.1070456000016,273.12262239999836,273.60756969999056,273.60756969999056,273.9072309000039,274.20577040000353,274.20577040000353,274.473367700004,right,1,0.26481749999220483,None,,,,03,001,2025-11-14_20h52.05.215,cueing_task_exp,,2025.1.1,60.64877204026198,2025-11-14 20h52.20.743092 +0530,
→,0.5,valid,right,189,9,18,right,1,0.3166841000056593,None,18,9,189,7,274.490269300004,,,,,,,,,274.4740052999987,274.490269300004,274.974017200002,274.974017200002,275.2743890999991,275.57388509999146,275.57388509999146,275.90689269998984,right,1,0.3166841000056593,None,,,,03,001,2025-11-14_20h52.05.215,cueing_task_exp,,2025.1.1,60.64877204026198,2025-11-14 20h52.20.743092 +0530,
←,-0.5,valid,left,190,0,19,left,1,0.2967577999952482,None,19,0,190,6,275.92240270000184,,,,,,,,,275.9094393999985,275.92240270000184,276.4069734999939,276.4069734999939,276.70769359999395,277.00638039999467,277.00638039999467,277.3072596999991,left,1,0.2967577999952482,None,,,,03,001,2025-11-14_20h52.05.215,cueing_task_exp,,2025.1.1,60.64877204026198,2025-11-14 20h52.20.743092 +0530,
→,0.5,valid,right,191,1,19,right,1,0.26503840000077616,None,19,1,191,2,277.32274000000325,,,,,,,,,277.3097420999984,277.32274000000325,277.80716830000165,277.80716830000165,278.107631699997,278.42477759999747,278.42477759999747,278.70760169999267,right,1,0.26503840000077616,None,,,,03,001,2025-11-14_20h52.05.215,cueing_task_exp,,2025.1.1,60.64877204026198,2025-11-14 20h52.20.743092 +0530,
→,0.5,valid,right,192,2,19,right,1,0.3450540999911027,None,19,2,192,7,278.7232435000042,,,,,,,,,278.7081665000005,278.7232435000042,279.2069049999991,279.2069049999991,279.52238619999844,279.807836699998,279.807836699998,280.1568552999961,right,1,0.3450540999911027,None,,,,03,001,2025-11-14_20h52.05.215,cueing_task_exp,,2025.1.1,60.64877204026198,2025-11-14 20h52.20.743092 +0530,
←,-0.5,valid,left,193,3,19,left,1,0.2763321999955224,None,19,3,193,5,280.1724056999956,,,,,,,,,280.1596217999904,280.1724056999956,280.6572479000024,280.6572479000024,280.9572715999966,281.2574093000003,281.2574093000003,281.54119599999103,left,1,0.2763321999955224,None,,,,03,001,2025-11-14_20h52.05.215,cueing_task_exp,,2025.1.1,60.64877204026198,2025-11-14 20h52.20.743092 +0530,
→,-0.5,invalid,left,194,4,19,left,1,0.3999194000061834,None,19,4,194,8,281.55668909999076,,,,,,,,,281.54369209999277,281.55668909999076,282.04099880000285,282.04099880000285,282.3572899999999,282.64058320000186,282.64058320000186,283.0566675000009,left,1,0.3999194000061834,None,,,,03,001,2025-11-14_20h52.05.215,cueing_task_exp,,2025.1.1,60.64877204026198,2025-11-14 20h52.20.743092 +0530,
←,0.5,invalid,right,195,5,19,right,1,0.3430175999965286,None,19,5,195,9,283.07337919999554,,,,,,,,,283.0590024999983,283.07337919999554,283.5578294000006,283.5578294000006,283.8560945999925,284.15742119999777,284.15742119999777,284.5070803999988,right,1,0.3430175999965286,None,,,,03,001,2025-11-14_20h52.05.215,cueing_task_exp,,2025.1.1,60.64877204026198,2025-11-14 20h52.20.743092 +0530,
→,0.5,valid,right,196,6,19,right,1,0.3249427000118885,None,19,6,196,0,284.5233395999967,,,,,,,,,284.5100761999929,284.5233395999967,285.0073246999964,285.0073246999964,285.3074148000014,285.60607529999106,285.60607529999106,285.9409774999949,right,1,0.3249427000118885,None,,,,03,001,2025-11-14_20h52.05.215,cueing_task_exp,,2025.1.1,60.64877204026198,2025-11-14 20h52.20.743092 +0530,
←,-0.5,valid,left,197,7,19,left,1,0.3479709999955958,None,19,7,197,4,285.957622300004,,,,,,,,,285.9434191999899,285.957622300004,286.44045229999756,286.44045229999756,286.74066769999627,287.04049269999086,287.04049269999086,287.3913726000028,left,1,0.3479709999955958,None,,,,03,001,2025-11-14_20h52.05.215,cueing_task_exp,,2025.1.1,60.64877204026198,2025-11-14 20h52.20.743092 +0530,
←,-0.5,valid,left,198,8,19,left,1,0.38205939999897964,None,19,8,198,1,287.4062791000033,,,,,,,,,287.39192319998983,287.4062791000033,287.89115159999346,287.89115159999346,288.19114029999764,288.49084559999756,288.49084559999756,288.8902090999909,left,1,0.38205939999897964,None,,,,03,001,2025-11-14_20h52.05.215,cueing_task_exp,,2025.1.1,60.64877204026198,2025-11-14 20h52.20.743092 +0530,
→,0.5,valid,right,199,9,19,right,1,0.27270560000033583,None,19,9,199,3,288.9061182000005,,,,,,,,,288.893247,288.9061182000005,289.39086909999605,289.39086909999605,289.69031589999213,289.9894673999952,289.9894673999952,290.27356729999883,right,1,0.27270560000033583,None,,,,03,001,2025-11-14_20h52.05.215,cueing_task_exp,,2025.1.1,60.64877204026198,2025-11-14 20h52.20.743092 +0530,
→,-0.5,invalid,left,200,0,20,left,1,0.3015497000014875,None,20,0,200,8,290.2909087000007,,,,,,,,,290.27416410000296,290.2909087000007,290.7744837999926,290.7744837999926,291.07411439999123,291.3744697999937,291.3744697999937,291.6902066000039,left,1,0.3015497000014875,None,,,,03,001,2025-11-14_20h52.05.215,cueing_task_exp,,2025.1.1,60.64877204026198,2025-11-14 20h52.20.743092 +0530,
←,-0.5,valid,left,201,1,20,left,1,0.380269600005704,None,20,1,201,1,291.70725920000405,,,,,,,,,291.6926613999967,291.70725920000405,292.1912555000017,292.1912555000017,292.4906168000016,292.78947229999176,292.78947229999176,293.17430919999606,left,1,0.380269600005704,None,,,,03,001,2025-11-14_20h52.05.215,cueing_task_exp,,2025.1.1,60.64877204026198,2025-11-14 20h52.20.743092 +0530,
→,0.5,valid,right,202,2,20,right,1,0.31124549999367446,None,20,2,202,0,293.1904524999991,,,,,,,,,293.177371400001,293.1904524999991,293.67487729999993,293.67487729999993,293.97277969999413,294.2744822999957,294.2744822999957,294.5901465999923,right,1,0.31124549999367446,None,,,,03,001,2025-11-14_20h52.05.215,cueing_task_exp,,2025.1.1,60.64877204026198,2025-11-14 20h52.20.743092 +0530,
←,-0.5,valid,left,203,3,20,left,1,0.27598390000639483,None,20,3,203,6,294.6067173999909,,,,,,,,,294.5924010000017,294.6067173999909,295.0908267999912,295.0908267999912,295.3908120999986,295.69078730000183,295.69078730000183,295.9738453000027,left,1,0.27598390000639483,None,,,,03,001,2025-11-14_20h52.05.215,cueing_task_exp,,2025.1.1,60.64877204026198,2025-11-14 20h52.20.743092 +0530,
←,-0.5,valid,left,204,4,20,left,1,0.23776299999735784,None,20,4,204,5,295.9912497999903,,,,,,,,,295.97445130000415,295.9912497999903,296.47462090000045,296.47462090000045,296.789529200003,297.0746317000012,297.0746317000012,297.32385259999137,left,1,0.23776299999735784,None,,,,03,001,2025-11-14_20h52.05.215,cueing_task_exp,,2025.1.1,60.64877204026198,2025-11-14 20h52.20.743092 +0530,
←,-0.5,valid,left,205,5,20,left,1,0.23256279999623075,None,20,5,205,4,297.3396356000012,,,,,,,,,297.3244677000039,297.3396356000012,297.8245461000042,297.8245461000042,298.12461139999505,298.4244066999963,298.4244066999963,298.67512489999353,left,1,0.23256279999623075,None,,,,03,001,2025-11-14_20h52.05.215,cueing_task_exp,,2025.1.1,60.64877204026198,2025-11-14 20h52.20.743092 +0530,
←,0.5,invalid,right,206,6,20,right,1,0.36783639999339357,None,20,6,206,9,298.68974960000196,,,,,,,,,298.67563879999216,298.68974960000196,299.17407389999426,299.17407389999426,299.491322899994,299.7730231000023,299.7730231000023,300.1589199000009,right,1,0.36783639999339357,None,,,,03,001,2025-11-14_20h52.05.215,cueing_task_exp,,2025.1.1,60.64877204026198,2025-11-14 20h52.20.743092 +0530,
→,0.5,valid,right,207,7,20,right,1,0.3752850999881048,None,20,7,207,2,300.1729101999954,,,,,,,,,300.16154069999175,300.1729101999954,300.6741478999902,300.6741478999902,300.97463589999825,301.27477469999576,301.27477469999576,301.65717039999436,right,1,0.3752850999881048,None,,,,03,001,2025-11-14_20h52.05.215,cueing_task_exp,,2025.1.1,60.64877204026198,2025-11-14 20h52.20.743092 +0530,
→,0.5,valid,right,208,8,20,right,1,0.3518894000008004,None,20,8,208,7,301.6730150999938,,,,,,,,,301.6576281000016,301.6730150999938,302.1578376999969,302.1578376999969,302.4576642000029,302.75776149999,302.75776149999,303.1242743999901,right,1,0.3518894000008004,None,,,,03,001,2025-11-14_20h52.05.215,cueing_task_exp,,2025.1.1,60.64877204026198,2025-11-14 20h52.20.743092 +0530,
→,0.5,valid,right,209,9,20,right,1,0.2900227000063751,None,20,9,209,3,303.13973260000057,,,,,,,,,303.1247366000025,303.13973260000057,303.6238142999937,303.6238142999937,303.92482729999756,304.22474779999175,304.22474779999175,304.524113499996,right,1,0.2900227000063751,None,,,,03,001,2025-11-14_20h52.05.215,cueing_task_exp,,2025.1.1,60.64877204026198,2025-11-14 20h52.20.743092 +0530,
→,0.5,valid,right,210,0,21,right,1,0.319288200000301,None,21,0,210,7,304.54127059999155,,,,,,,,,304.52472919999855,304.54127059999155,305.0247711999982,305.0247711999982,305.32406230000197,305.6244702999975,305.6244702999975,305.9577697999921,right,1,0.319288200000301,None,,,,03,001,2025-11-14_20h52.05.215,cueing_task_exp,,2025.1.1,60.64877204026198,2025-11-14 20h52.20.743092 +0530,
←,0.5,invalid,right,211,1,21,right,1,0.42030420000082813,None,21,1,211,9,305.9745324999967,,,,,,,,,305.9600417000038,305.9745324999967,306.45681190000323,306.45681190000323,306.7579623999918,307.0581502999994,307.0581502999994,307.49138769999263,right,1,0.42030420000082813,None,,,,03,001,2025-11-14_20h52.05.215,cueing_task_exp,,2025.1.1,60.64877204026198,2025-11-14 20h52.20.743092 +0530,
→,-0.5,invalid,left,212,2,21,left,1,0.36227270000381395,None,21,2,212,8,307.50791529999697,,,,,,,,,307.4941286999965,307.50791529999697,308.00782689999323,308.00782689999323,308.2915368999966,308.591291299992,308.591291299992,308.957196000003,left,1,0.36227270000381395,None,,,,03,001,2025-11-14_20h52.05.215,cueing_task_exp,,2025.1.1,60.64877204026198,2025-11-14 20h52.20.743092 +0530,
→,0.5,valid,right,213,3,21,right,1,0.31851469998946413,None,21,3,213,0,308.9730625999946,,,,,,,,,308.95777409999573,308.9730625999946,309.45773359999293,309.45773359999293,309.75780969999323,310.05825970000296,310.05825970000296,310.3907573000033,right,1,0.31851469998946413,None,,,,03,001,2025-11-14_20h52.05.215,cueing_task_exp,,2025.1.1,60.64877204026198,2025-11-14 20h52.20.743092 +0530,
→,0.5,valid,right,214,4,21,right,1,0.34909210000478197,None,21,4,214,3,310.4064828999981,,,,,,,,,310.3913229000027,310.4064828999981,310.8912330000021,310.8912330000021,311.19134669999767,311.4914662999945,311.4914662999945,311.8572271000012,right,1,0.34909210000478197,None,,,,03,001,2025-11-14_20h52.05.215,cueing_task_exp,,2025.1.1,60.64877204026198,2025-11-14 20h52.20.743092 +0530,
→,0.5,valid,right,215,5,21,right,1,0.40506590000586584,None,21,5,215,2,311.8731007000024,,,,,,,,,311.85770069999853,311.8731007000024,312.3569484999898,312.3569484999898,312.6574710999994,312.9580722999963,312.9580722999963,313.37502239999594,right,1,0.40506590000586584,None,,,,03,001,2025-11-14_20h52.05.215,cueing_task_exp,,2025.1.1,60.64877204026198,2025-11-14 20h52.20.743092 +0530,
←,-0.5,valid,left,216,6,21,left,1,0.3475341000012122,None,21,6,216,4,313.39038679999067,,,,,,,,,313.3775470999972,313.39038679999067,313.8749931999919,313.8749931999919,314.17430679999234,314.47464649999165,314.47464649999165,314.8243358999898,left,1,0.3475341000012122,None,,,,03,001,2025-11-14_20h52.05.215,cueing_task_exp,,2025.1.1,60.64877204026198,2025-11-14 20h52.20.743092 +0530,
←,-0.5,valid,left,217,7,21,left,1,0.30299749999539927,None,21,7,217,5,314.8400634999998,,,,,,,,,314.82479529999546,314.8400634999998,315.32465129999036,315.32465129999036,315.6242889999994,315.9245988999901,315.9245988999901,316.24114250000275,left,1,0.30299749999539927,None,,,,03,001,2025-11-14_20h52.05.215,cueing_task_exp,,2025.1.1,60.64877204026198,2025-11-14 20h52.20.743092 +0530,
←,-0.5,valid,left,218,8,21,left,1,0.26372789999004453,None,21,8,218,6,316.25825869999244,,,,,,,,,316.24173949999386,316.25825869999244,316.7581746999931,316.7581746999931,317.0402502999932,317.34118069999386,317.34118069999386,317.60731799999485,left,1,0.26372789999004453,None,,,,03,001,2025-11-14_20h52.05.215,cueing_task_exp,,2025.1.1,60.64877204026198,2025-11-14 20h52.20.743092 +0530,
←,-0.5,valid,left,219,9,21,left,1,0.28737309999996796,None,21,9,219,1,317.62325079999573,,,,,,,,,317.60801199999696,317.62325079999573,318.108333199998,318.108333199998,318.4081154000014,318.70728599998984,318.70728599998984,319.0074464999925,left,1,0.28737309999996796,None,,,,03,001,2025-11-14_20h52.05.215,cueing_task_exp,,2025.1.1,60.64877204026198,2025-11-14 20h52.20.743092 +0530,
→,-0.5,invalid,left,220,0,22,left,1,0.4475120999995852,None,22,0,220,8,319.02520679999725,,,,,,,,,319.0097731999995,319.02520679999725,319.50762530000065,319.50762530000065,319.8070597999904,320.10838999999396,320.10838999999396,320.55776100000367,left,1,0.4475120999995852,None,,,,03,001,2025-11-14_20h52.05.215,cueing_task_exp,,2025.1.1,60.64877204026198,2025-11-14 20h52.20.743092 +0530,
→,0.5,valid,right,221,1,22,right,1,0.4548830999992788,None,22,1,221,3,320.5732719999942,,,,,,,,,320.55824169999687,320.5732719999942,321.0580859000038,321.0580859000038,321.3583202000009,321.657999499992,321.657999499992,322.12417349999305,right,1,0.4548830999992788,None,,,,03,001,2025-11-14_20h52.05.215,cueing_task_exp,,2025.1.1,60.64877204026198,2025-11-14 20h52.20.743092 +0530,
←,-0.5,valid,left,222,2,22,left,1,0.2547123999975156,None,22,2,222,1,322.1399337000039,,,,,,,,,322.1268170999974,322.1399337000039,322.62442700000247,322.62442700000247,322.9252886000031,323.22510409999813,323.22510409999813,323.4910452999902,left,1,0.2547123999975156,None,,,,03,001,2025-11-14_20h52.05.215,cueing_task_exp,,2025.1.1,60.64877204026198,2025-11-14 20h52.20.743092 +0530,
←,-0.5,valid,left,223,3,22,left,1,0.26534330000868067,None,22,3,223,5,323.50706580000406,,,,,,,,,323.49159510000027,323.50706580000406,323.9911479000002,323.9911479000002,324.2917782000004,324.59019609999086,324.59019609999086,324.8575361999974,left,1,0.26534330000868067,None,,,,03,001,2025-11-14_20h52.05.215,cueing_task_exp,,2025.1.1,60.64877204026198,2025-11-14 20h52.20.743092 +0530,
←,-0.5,valid,left,224,4,22,left,1,0.353165300010005,None,22,4,224,6,324.87334179999016,,,,,,,,,324.85800929999095,324.87334179999016,325.3577537999954,325.3577537999954,325.6583275000012,325.9749591,325.9749591,326.34200489999785,left,1,0.353165300010005,None,,,,03,001,2025-11-14_20h52.05.215,cueing_task_exp,,2025.1.1,60.64877204026198,2025-11-14 20h52.20.743092 +0530,
→,0.5,valid,right,225,5,22,right,1,0.29441449999285396,None,22,5,225,7,326.35727710000356,,,,,,,,,326.3444593000022,326.35727710000356,326.84028099999705,326.84028099999705,327.14178799999354,327.44152159999066,327.44152159999066,327.7414387000026,right,1,0.29441449999285396,None,,,,03,001,2025-11-14_20h52.05.215,cueing_task_exp,,2025.1.1,60.64877204026198,2025-11-14 20h52.20.743092 +0530,
→,0.5,valid,right,226,6,22,right,1,0.32298379999701865,None,22,6,226,0,327.7570747999998,,,,,,,,,327.7419621000008,327.7570747999998,328.24136980000185,328.24136980000185,328.541384199998,328.84125979999953,328.84125979999953,329.17546729999594,right,1,0.32298379999701865,None,,,,03,001,2025-11-14_20h52.05.215,cueing_task_exp,,2025.1.1,60.64877204026198,2025-11-14 20h52.20.743092 +0530,
→,0.5,valid,right,227,7,22,right,1,0.27288899999985006,None,22,7,227,2,329.1907089000015,,,,,,,,,329.1759258999955,329.1907089000015,329.6745200000005,329.6745200000005,329.9752326000016,330.279821899996,330.279821899996,330.55801609999617,right,1,0.27288899999985006,None,,,,03,001,2025-11-14_20h52.05.215,cueing_task_exp,,2025.1.1,60.64877204026198,2025-11-14 20h52.20.743092 +0530,
←,0.5,invalid,right,228,8,22,right,1,0.39401059999363497,None,22,8,228,9,330.5734759999905,,,,,,,,,330.5605288999941,330.5734759999905,331.0579810999916,331.0579810999916,331.3581234000012,331.6578948999959,331.6578948999959,332.05789319999167,right,1,0.39401059999363497,None,,,,03,001,2025-11-14_20h52.05.215,cueing_task_exp,,2025.1.1,60.64877204026198,2025-11-14 20h52.20.743092 +0530,
←,-0.5,valid,left,229,9,22,left,1,0.3927042999857804,None,22,9,229,4,332.0735786000005,,,,,,,,,332.05843879999884,332.0735786000005,332.5582479000004,332.5582479000004,332.8586471000017,333.1586498999968,333.1586498999968,333.5583026999957,left,1,0.3927042999857804,None,,,,03,001,2025-11-14_20h52.05.215,cueing_task_exp,,2025.1.1,60.64877204026198,2025-11-14 20h52.20.743092 +0530,
←,-0.5,valid,left,230,0,23,left,1,0.36074760000337847,None,23,0,230,4,333.5735174000001,,,,,,,,,333.5588351999904,333.5735174000001,334.05677260000084,334.05677260000084,334.3583338000026,334.6756047999952,334.6756047999952,335.0414848999935,left,1,0.36074760000337847,None,,,,03,001,2025-11-14_20h52.05.215,cueing_task_exp,,2025.1.1,60.64877204026198,2025-11-14 20h52.20.743092 +0530,
→,0.5,valid,right,231,1,23,right,1,0.2567169000103604,None,23,1,231,2,335.05699329999334,,,,,,,,,335.0439323000028,335.05699329999334,335.5419133999967,335.5419133999967,335.8419214000023,336.14171599999827,336.14171599999827,336.4091019000043,right,1,0.2567169000103604,None,,,,03,001,2025-11-14_20h52.05.215,cueing_task_exp,,2025.1.1,60.64877204026198,2025-11-14 20h52.20.743092 +0530,
→,-0.5,invalid,left,232,2,23,left,1,0.38681099998939317,None,23,2,232,8,336.42407579999417,,,,,,,,,336.4095588999917,336.42407579999417,336.92466659999627,336.92466659999627,337.22540840000147,337.508542399999,337.508542399999,337.90892459999304,left,1,0.38681099998939317,None,,,,03,001,2025-11-14_20h52.05.215,cueing_task_exp,,2025.1.1,60.64877204026198,2025-11-14 20h52.20.743092 +0530,
→,0.5,valid,right,233,3,23,right,1,0.2252161999931559,None,23,3,233,7,337.9237773999921,,,,,,,,,337.90941900000325,337.9237773999921,338.40882329999295,338.40882329999295,338.72548759999336,339.0083816999977,339.0083816999977,339.2413256,right,1,0.2252161999931559,None,,,,03,001,2025-11-14_20h52.05.215,cueing_task_exp,,2025.1.1,60.64877204026198,2025-11-14 20h52.20.743092 +0530,
←,-0.5,valid,left,234,4,23,left,1,0.2660316999972565,None,23,4,234,6,339.25720439999714,,,,,,,,,339.24368129999493,339.25720439999714,339.7409115999908,339.7409115999908,340.04185199999483,340.34189779999724,340.34189779999724,340.6245404999936,left,1,0.2660316999972565,None,,,,03,001,2025-11-14_20h52.05.215,cueing_task_exp,,2025.1.1,60.64877204026198,2025-11-14 20h52.20.743092 +0530,
←,-0.5,valid,left,235,5,23,left,1,0.45424600000842474,None,23,5,235,1,340.6406979000021,,,,,,,,,340.6250820999994,340.6406979000021,341.12477319999016,341.12477319999016,341.42483069999435,341.72530389999156,341.72530389999156,342.191015000004,left,1,0.45424600000842474,None,,,,03,001,2025-11-14_20h52.05.215,cueing_task_exp,,2025.1.1,60.64877204026198,2025-11-14 20h52.20.743092 +0530,
→,0.5,valid,right,236,6,23,right,1,0.21034920000238344,None,23,6,236,3,342.2080338999949,,,,,,,,,342.19360709999455,342.2080338999949,342.692146100002,342.692146100002,342.9921212999907,343.29187359999924,343.29187359999924,343.50753239999176,right,1,0.21034920000238344,None,,,,03,001,2025-11-14_20h52.05.215,cueing_task_exp,,2025.1.1,60.64877204026198,2025-11-14 20h52.20.743092 +0530,
→,0.5,valid,right,237,7,23,right,1,0.29282089999469463,None,23,7,237,0,343.52415050000127,,,,,,,,,343.50805760000367,343.52415050000127,344.008814300003,344.008814300003,344.30872960000124,344.6083292999974,344.6083292999974,344.9092319999909,right,1,0.29282089999469463,None,,,,03,001,2025-11-14_20h52.05.215,cueing_task_exp,,2025.1.1,60.64877204026198,2025-11-14 20h52.20.743092 +0530,
←,-0.5,valid,left,238,8,23,left,1,0.2845433000038611,None,23,8,238,5,344.9253181999957,,,,,,,,,344.9117346999992,344.9253181999957,345.42553300000145,345.42553300000145,345.7082730999973,346.0245319999958,346.0245319999958,346.3244210999983,left,1,0.2845433000038611,None,,,,03,001,2025-11-14_20h52.05.215,cueing_task_exp,,2025.1.1,60.64877204026198,2025-11-14 20h52.20.743092 +0530,
←,0.5,invalid,right,239,9,23,right,1,0.3481184999982361,None,23,9,239,9,346.34051069999987,,,,,,,,,346.32490599999437,346.34051069999987,346.82550939999055,346.82550939999055,347.1254830999969,347.42512980000174,347.42512980000174,347.7753217999998,right,1,0.3481184999982361,None,,,,03,001,2025-11-14_20h52.05.215,cueing_task_exp,,2025.1.1,60.64877204026198,2025-11-14 20h52.20.743092 +0530,
→,0.5,valid,right,240,0,24,right,1,0.39228349999757484,None,24,0,240,0,347.79074460000265,,,,,,,,,347.7775365999987,347.79074460000265,348.2909512999904,348.2909512999904,348.5743624000024,348.875718700001,348.875718700001,349.27460429999337,right,1,0.39228349999757484,None,,,,03,001,2025-11-14_20h52.05.215,cueing_task_exp,,2025.1.1,60.64877204026198,2025-11-14 20h52.20.743092 +0530,
←,-0.5,valid,left,241,1,24,left,1,0.21072109999659006,None,24,1,241,4,349.2903374000016,,,,,,,,,349.2768308999948,349.2903374000016,349.77392110000073,349.77392110000073,350.07433350000065,350.3749364999967,350.3749364999967,350.593257200002,left,1,0.21072109999659006,None,,,,03,001,2025-11-14_20h52.05.215,cueing_task_exp,,2025.1.1,60.64877204026198,2025-11-14 20h52.20.743092 +0530,
→,0.5,valid,right,242,2,24,right,1,0.3222871000034502,None,24,2,242,7,350.6068452000036,,,,,,,,,350.5957355999999,350.6068452000036,351.1089249999932,351.1089249999932,351.40844699999434,351.70879779999086,351.70879779999086,352.04209699999774,right,1,0.3222871000034502,None,,,,03,001,2025-11-14_20h52.05.215,cueing_task_exp,,2025.1.1,60.64877204026198,2025-11-14 20h52.20.743092 +0530,
→,0.5,valid,right,243,3,24,right,1,0.34690380000392906,None,24,3,243,3,352.0585216000036,,,,,,,,,352.0426015999983,352.0585216000036,352.54157190000114,352.54157190000114,352.84231680000084,353.1589011000033,353.1589011000033,353.50932709999324,right,1,0.34690380000392906,None,,,,03,001,2025-11-14_20h52.05.215,cueing_task_exp,,2025.1.1,60.64877204026198,2025-11-14 20h52.20.743092 +0530,
←,0.5,invalid,right,244,4,24,right,1,0.412516999989748,None,24,4,244,9,353.52371739999217,,,,,,,,,353.5119226999959,353.52371739999217,354.00765729999694,354.00765729999694,354.3085194000014,354.6085499000037,354.6085499000037,355.02596959999937,right,1,0.412516999989748,None,,,,03,001,2025-11-14_20h52.05.215,cueing_task_exp,,2025.1.1,60.64877204026198,2025-11-14 20h52.20.743092 +0530,
→,-0.5,invalid,left,245,5,24,left,1,0.31702849999419414,None,24,5,245,8,355.04127020000305,,,,,,,,,355.0284154999972,355.04127020000305,355.5247743999935,355.5247743999935,355.84234429999196,356.12518160000036,356.12518160000036,356.4582512999914,left,1,0.31702849999419414,None,,,,03,001,2025-11-14_20h52.05.215,cueing_task_exp,,2025.1.1,60.64877204026198,2025-11-14 20h52.20.743092 +0530,
←,-0.5,valid,left,246,6,24,left,1,0.2812953000102425,None,24,6,246,1,356.47570329999144,,,,,,,,,356.4617462000024,356.47570329999144,356.95894229999976,356.95894229999976,357.2581780000037,357.5572977999982,357.5572977999982,357.8426952000009,left,1,0.2812953000102425,None,,,,03,001,2025-11-14_20h52.05.215,cueing_task_exp,,2025.1.1,60.64877204026198,2025-11-14 20h52.20.743092 +0530,
←,-0.5,valid,left,247,7,24,left,1,0.3102069000015035,None,24,7,247,5,357.858928200003,,,,,,,,,357.84324970000307,357.858928200003,358.34199990000343,358.34199990000343,358.6576548000012,358.94227939999837,358.94227939999837,359.25782659999095,left,1,0.3102069000015035,None,,,,03,001,2025-11-14_20h52.05.215,cueing_task_exp,,2025.1.1,60.64877204026198,2025-11-14 20h52.20.743092 +0530,
←,-0.5,valid,left,248,8,24,left,1,0.27278550001210533,None,24,8,248,6,359.2739225999976,,,,,,,,,359.2583806999901,359.2739225999976,359.7573201999912,359.7573201999912,360.05836969999655,360.3588954000006,360.3588954000006,360.64312110000174,left,1,0.27278550001210533,None,,,,03,001,2025-11-14_20h52.05.215,cueing_task_exp,,2025.1.1,60.64877204026198,2025-11-14 20h52.20.743092 +0530,
→,0.5,valid,right,249,9,24,right,1,0.8689736000087578,None,24,9,249,2,360.65797849999217,,,,,,,,,360.6454930000036,360.65797849999217,361.1593825000018,361.1593825000018,361.4424847999908,361.75876280000375,361.75876280000375,362.64267849999305,right,1,0.8689736000087578,None,,,,03,001,2025-11-14_20h52.05.215,cueing_task_exp,,2025.1.1,60.64877204026198,2025-11-14 20h52.20.743092 +0530,
←,-0.5,valid,left,250,0,25,left,1,0.34231710000312887,None,25,0,250,1,362.6574837999942,,,,,,,,,362.6449044000037,362.6574837999942,363.14254499999515,363.14254499999515,363.44066510000266,363.7420199999906,363.7420199999906,364.0925550999964,left,1,0.34231710000312887,None,,,,03,001,2025-11-14_20h52.05.215,cueing_task_exp,,2025.1.1,60.64877204026198,2025-11-14 20h52.20.743092 +0530,
→,0.5,valid,right,251,1,25,right,1,0.4058919999952195,None,25,1,251,0,364.10816570000316,,,,,,,,,364.0953048999945,364.10816570000316,364.5924335000018,364.5924335000018,364.8922387999919,365.1909857999999,365.1909857999999,365.61010720000195,right,1,0.4058919999952195,None,,,,03,001,2025-11-14_20h52.05.215,cueing_task_exp,,2025.1.1,60.64877204026198,2025-11-14 20h52.20.743092 +0530,
←,-0.5,valid,left,252,2,25,left,1,0.2395503000007011,None,25,2,252,4,365.6239057999919,,,,,,,,,365.61318319999555,365.6239057999919,366.12481759999355,366.12481759999355,366.42596789999516,366.725807099996,366.725807099996,366.97520869999425,left,1,0.2395503000007011,None,,,,03,001,2025-11-14_20h52.05.215,cueing_task_exp,,2025.1.1,60.64877204026198,2025-11-14 20h52.20.743092 +0530,
←,-0.5,valid,left,253,3,25,left,1,0.27177650001249276,None,25,3,253,5,366.9913969999907,,,,,,,,,366.97567960000015,366.9913969999907,367.47470229999453,367.47470229999453,367.7758124999964,368.0743508000014,368.0743508000014,368.3583823999943,left,1,0.27177650001249276,None,,,,03,001,2025-11-14_20h52.05.215,cueing_task_exp,,2025.1.1,60.64877204026198,2025-11-14 20h52.20.743092 +0530,
→,-0.5,invalid,left,254,4,25,left,1,0.3594118999899365,None,25,4,254,8,368.37413549999474,,,,,,,,,368.3605294000008,368.37413549999474,368.8589481999952,368.8589481999952,369.15922169999976,369.4581218999956,369.4581218999956,369.82639299999573,left,1,0.3594118999899365,None,,,,03,001,2025-11-14_20h52.05.215,cueing_task_exp,,2025.1.1,60.64877204026198,2025-11-14 20h52.20.743092 +0530,
→,0.5,valid,right,255,5,25,right,1,0.2588809000008041,None,25,5,255,2,369.8408142999979,,,,,,,,,369.8269161999924,369.8408142999979,370.34193559999403,370.34193559999403,370.642591900003,370.94098400000075,370.94098400000075,371.2086156000005,right,1,0.2588809000008041,None,,,,03,001,2025-11-14_20h52.05.215,cueing_task_exp,,2025.1.1,60.64877204026198,2025-11-14 20h52.20.743092 +0530,
←,0.5,invalid,right,256,6,25,left,0,0.27001239999663085,None,25,6,256,9,371.2252584999951,,,,,,,,,371.2108689000015,371.2252584999951,371.70892769999045,371.70892769999045,372.0255143999966,372.30857589999505,372.30857589999505,372.5915091999923,left,0,0.27001239999663085,None,,,,03,001,2025-11-14_20h52.05.215,cueing_task_exp,,2025.1.1,60.64877204026198,2025-11-14 20h52.20.743092 +0530,
→,0.5,valid,right,257,7,25,right,1,0.5476918999920599,None,25,7,257,7,372.6090736000042,,,,,,,,,372.59389160000137,372.6090736000042,373.09165719999874,373.09165719999874,373.39216679999663,373.6924222999951,373.6924222999951,374.24260080000386,right,1,0.5476918999920599,None,,,,03,001,2025-11-14_20h52.05.215,cueing_task_exp,,2025.1.1,60.64877204026198,2025-11-14 20h52.20.743092 +0530,
←,-0.5,valid,left,258,8,25,left,1,0.3713473999960115,None,25,8,258,6,374.25772100000177,,,,,,,,,374.2449302000023,374.25772100000177,374.74263149999024,374.74263149999024,375.0424716999987,375.3591257999942,375.3591257999942,375.74174119999225,left,1,0.3713473999960115,None,,,,03,001,2025-11-14_20h52.05.215,cueing_task_exp,,2025.1.1,60.64877204026198,2025-11-14 20h52.20.743092 +0530,
→,0.5,valid,right,259,9,25,right,1,0.31032999999297317,None,25,9,259,3,375.7585274000012,,,,,,,,,375.7446834000002,375.7585274000012,376.2424930999987,376.2424930999987,376.54223219999403,376.8409474999935,376.8409474999935,377.1597560999944,right,1,0.31032999999297317,None,,,,03,001,2025-11-14_20h52.05.215,cueing_task_exp,,2025.1.1,60.64877204026198,2025-11-14 20h52.20.743092 +0530,
←,0.5,invalid,right,260,0,26,right,1,0.4399746999988565,None,26,0,260,9,377.1743972999975,,,,,,,,,377.1622384999937,377.1743972999975,377.6590193000011,377.6590193000011,377.9578022999922,378.2593784999917,378.2593784999917,378.7088984000002,right,1,0.4399746999988565,None,,,,03,001,2025-11-14_20h52.05.215,cueing_task_exp,,2025.1.1,60.64877204026198,2025-11-14 20h52.20.743092 +0530,
→,0.5,valid,right,261,1,26,right,1,0.5339960000128485,None,26,1,261,3,378.7257852999901,,,,,,,,,378.71157539999695,378.7257852999901,379.20788479999464,379.20788479999464,379.5260264999961,379.80944660000387,379.80944660000387,380.3589074999909,right,1,0.5339960000128485,None,,,,03,001,2025-11-14_20h52.05.215,cueing_task_exp,,2025.1.1,60.64877204026198,2025-11-14 20h52.20.743092 +0530,
→,-0.5,invalid,left,262,2,26,left,1,0.6591857000021264,None,26,2,262,8,380.37578380000195,,,,,,,,,380.35937219999323,380.37578380000195,380.85940319999645,380.85940319999645,381.15895450000244,381.4756420999911,381.4756420999911,382.14319129999785,left,1,0.6591857000021264,None,,,,03,001,2025-11-14_20h52.05.215,cueing_task_exp,,2025.1.1,60.64877204026198,2025-11-14 20h52.20.743092 +0530,
←,-0.5,valid,left,263,3,26,left,1,0.4110206999903312,None,26,3,263,5,382.1588508999994,,,,,,,,,382.14569979999214,382.1588508999994,382.642709199994,382.642709199994,382.9427948999946,383.2423398999963,383.2423398999963,383.658666599993,left,1,0.4110206999903312,None,,,,03,001,2025-11-14_20h52.05.215,cueing_task_exp,,2025.1.1,60.64877204026198,2025-11-14 20h52.20.743092 +0530,
→,0.5,valid,right,264,4,26,right,1,0.3533012999978382,None,26,4,264,2,383.67466190000414,,,,,,,,,383.66163909999887,383.67466190000414,384.15827829999034,384.15827829999034,384.45916410000063,384.75942089999444,384.75942089999444,385.12649399999646,right,1,0.3533012999978382,None,,,,03,001,2025-11-14_20h52.05.215,cueing_task_exp,,2025.1.1,60.64877204026198,2025-11-14 20h52.20.743092 +0530,
←,-0.5,valid,left,265,5,26,left,1,0.2975473999977112,None,26,5,265,1,385.1418341999961,,,,,,,,,385.12892580000334,385.1418341999961,385.64287379999587,385.64287379999587,385.9417164000042,386.22620710000047,386.22620710000047,386.5259272999974,left,1,0.2975473999977112,None,,,,03,001,2025-11-14_20h52.05.215,cueing_task_exp,,2025.1.1,60.64877204026198,2025-11-14 20h52.20.743092 +0530,
→,0.5,valid,right,266,6,26,right,1,0.27663040001061745,None,26,6,266,0,386.5411144999962,,,,,,,,,386.52814809999836,386.5411144999962,387.0276106999954,387.0276106999954,387.3258996999939,387.62562479999906,387.62562479999906,387.9079450999998,right,1,0.27663040001061745,None,,,,03,001,2025-11-14_20h52.05.215,cueing_task_exp,,2025.1.1,60.64877204026198,2025-11-14 20h52.20.743092 +0530,
←,-0.5,valid,left,267,7,26,left,1,0.34321880000061356,None,26,7,267,4,387.92564590000256,,,,,,,,,387.91097009999794,387.92564590000256,388.4097100999934,388.4097100999934,388.70802900000126,389.0085461999988,389.0085461999988,389.35869559999264,left,1,0.34321880000061356,None,,,,03,001,2025-11-14_20h52.05.215,cueing_task_exp,,2025.1.1,60.64877204026198,2025-11-14 20h52.20.743092 +0530,
←,-0.5,valid,left,268,8,26,left,1,0.318528999996488,None,26,8,268,6,389.37455639999826,,,,,,,,,389.3592166000017,389.37455639999826,389.8582374999969,389.8582374999969,390.15960339999583,390.45859629999904,390.45859629999904,390.7919294000021,left,1,0.318528999996488,None,,,,03,001,2025-11-14_20h52.05.215,cueing_task_exp,,2025.1.1,60.64877204026198,2025-11-14 20h52.20.743092 +0530,
→,0.5,valid,right,269,9,26,right,1,0.3371502999943914,None,26,9,269,7,390.8084131999931,,,,,,,,,390.7941468999925,390.8084131999931,391.29136489999655,391.29136489999655,391.5924756000022,391.8927429000032,391.8927429000032,392.24244439999165,right,1,0.3371502999943914,None,,,,03,001,2025-11-14_20h52.05.215,cueing_task_exp,,2025.1.1,60.64877204026198,2025-11-14 20h52.20.743092 +0530,
←,-0.5,valid,left,270,0,27,left,1,0.2507681999995839,None,27,0,270,5,392.2588757999911,,,,,,,,,392.24507760000415,392.2588757999911,392.7413239000016,392.7413239000016,393.0430098999932,393.34298149999813,393.34298149999813,393.6088729999901,left,1,0.2507681999995839,None,,,,03,001,2025-11-14_20h52.05.215,cueing_task_exp,,2025.1.1,60.64877204026198,2025-11-14 20h52.20.743092 +0530,
←,-0.5,valid,left,271,1,27,left,1,0.4249925999902189,None,27,1,271,6,393.62848849999136,,,,,,,,,393.6093458999967,393.62848849999136,394.1095112999901,394.1095112999901,394.40861040000163,394.7094003999955,394.7094003999955,395.1432478999923,left,1,0.4249925999902189,None,,,,03,001,2025-11-14_20h52.05.215,cueing_task_exp,,2025.1.1,60.64877204026198,2025-11-14 20h52.20.743092 +0530,
→,0.5,valid,right,272,2,27,right,1,0.40059950000431854,None,27,2,272,7,395.1589060999977,,,,,,,,,395.1456727999903,395.1589060999977,395.6429618999973,395.6429618999973,395.9432710999972,396.242310799993,396.242310799993,396.6586619000009,right,1,0.40059950000431854,None,,,,03,001,2025-11-14_20h52.05.215,cueing_task_exp,,2025.1.1,60.64877204026198,2025-11-14 20h52.20.743092 +0530,
→,0.5,valid,right,273,3,27,right,1,0.5296309999976074,None,27,3,273,3,396.67582609999226,,,,,,,,,396.6591453000001,396.67582609999226,397.15796879999107,397.15796879999107,397.45922560000326,397.7597916999948,397.7597916999948,398.29311519999465,right,1,0.5296309999976074,None,,,,03,001,2025-11-14_20h52.05.215,cueing_task_exp,,2025.1.1,60.64877204026198,2025-11-14 20h52.20.743092 +0530,
←,-0.5,valid,left,274,4,27,left,1,0.29318329998932313,None,27,4,274,4,398.30879840000125,,,,,,,,,398.2956345999992,398.30879840000125,398.8080675999954,398.8080675999954,399.0926252999925,399.39306809999107,399.39306809999107,399.6926766999968,left,1,0.29318329998932313,None,,,,03,001,2025-11-14_20h52.05.215,cueing_task_exp,,2025.1.1,60.64877204026198,2025-11-14 20h52.20.743092 +0530,
→,0.5,valid,right,275,5,27,right,1,0.3217766000016127,None,27,5,275,0,399.7090804999898,,,,,,,,,399.69500649999827,399.7090804999898,400.1918173000013,400.1918173000013,400.49277319999237,400.7926398999989,400.7926398999989,401.1270025999984,right,1,0.3217766000016127,None,,,,03,001,2025-11-14_20h52.05.215,cueing_task_exp,,2025.1.1,60.64877204026198,2025-11-14 20h52.20.743092 +0530,
←,-0.5,valid,left,276,6,27,left,1,0.23627220001071692,None,27,6,276,1,401.14106779999565,,,,,,,,,401.13007499999367,401.14106779999565,401.64156150000053,401.64156150000053,401.9259943999932,402.22598519999883,402.22598519999883,402.47580420000304,left,1,0.23627220001071692,None,,,,03,001,2025-11-14_20h52.05.215,cueing_task_exp,,2025.1.1,60.64877204026198,2025-11-14 20h52.20.743092 +0530,
←,0.5,invalid,right,277,7,27,right,1,0.29239240000606515,None,27,7,277,9,402.49175560000003,,,,,,,,,402.476261799995,402.49175560000003,402.99270999999135,402.99270999999135,403.2763239999913,403.5758063999965,403.5758063999965,403.8768426000024,right,1,0.29239240000606515,None,,,,03,001,2025-11-14_20h52.05.215,cueing_task_exp,,2025.1.1,60.64877204026198,2025-11-14 20h52.20.743092 +0530,
→,0.5,valid,right,278,8,27,right,1,0.25029179999546614,None,27,8,278,2,403.89166639999894,,,,,,,,,403.87928609999653,403.89166639999894,404.37573580000026,404.37573580000026,404.6758353000041,404.97651189999306,404.97651189999306,405.2425268999941,right,1,0.25029179999546614,None,,,,03,001,2025-11-14_20h52.05.215,cueing_task_exp,,2025.1.1,60.64877204026198,2025-11-14 20h52.20.743092 +0530,
→,-0.5,invalid,left,279,9,27,left,1,0.4241326999908779,None,27,9,279,8,405.25858719999087,,,,,,,,,405.24297829999705,405.25858719999087,405.74303129999316,405.74303129999316,406.05987499999173,406.34142630000133,406.34142630000133,406.7756912999903,left,1,0.4241326999908779,None,,,,03,001,2025-11-14_20h52.05.215,cueing_task_exp,,2025.1.1,60.64877204026198,2025-11-14 20h52.20.743092 +0530,
→,0.5,valid,right,280,0,28,right,1,0.24719670000195038,None,28,0,280,7,406.79200659999333,,,,,,,,,406.77614309999626,406.79200659999333,407.27632150000136,407.27632150000136,407.57496569999785,407.87599169999885,407.87599169999885,408.12598729999445,right,1,0.24719670000195038,None,,,,03,001,2025-11-14_20h52.05.215,cueing_task_exp,,2025.1.1,60.64877204026198,2025-11-14 20h52.20.743092 +0530,
←,-0.5,valid,left,281,1,28,left,1,0.3075412000034703,None,28,1,281,5,408.14158860000316,,,,,,,,,408.1285241000005,408.14158860000316,408.62477179999405,408.62477179999405,408.9266515999916,409.2259114999906,409.2259114999906,409.5432404000021,left,1,0.3075412000034703,None,,,,03,001,2025-11-14_20h52.05.215,cueing_task_exp,,2025.1.1,60.64877204026198,2025-11-14 20h52.20.743092 +0530,
←,-0.5,valid,left,282,2,28,left,1,0.26722439999866765,None,28,2,282,1,409.55844510000315,,,,,,,,,409.5440213999973,409.55844510000315,410.043122499992,410.043122499992,410.3430263999908,410.6594177999941,410.6594177999941,410.94290949999413,left,1,0.26722439999866765,None,,,,03,001,2025-11-14_20h52.05.215,cueing_task_exp,,2025.1.1,60.64877204026198,2025-11-14 20h52.20.743092 +0530,
→,-0.5,invalid,left,283,3,28,left,1,0.37510720000136644,None,28,3,283,8,410.9587640999962,,,,,,,,,410.9461908999947,410.9587640999962,411.45814679999603,411.45814679999603,411.7419280000031,412.04299449999235,412.04299449999235,412.42572169999767,left,1,0.37510720000136644,None,,,,03,001,2025-11-14_20h52.05.215,cueing_task_exp,,2025.1.1,60.64877204026198,2025-11-14 20h52.20.743092 +0530,
←,-0.5,valid,left,284,4,28,left,1,0.2847658999962732,None,28,4,284,6,412.44150279999303,,,,,,,,,412.42831789999036,412.44150279999303,412.9248959999968,412.9248959999968,413.22503299999516,413.52511419999064,413.52511419999064,413.8257309999899,left,1,0.2847658999962732,None,,,,03,001,2025-11-14_20h52.05.215,cueing_task_exp,,2025.1.1,60.64877204026198,2025-11-14 20h52.20.743092 +0530,
→,0.5,valid,right,285,5,28,right,1,0.25139999999373686,None,28,5,285,2,413.84345319999557,,,,,,,,,413.82792129999143,413.84345319999557,414.3249174999946,414.3249174999946,414.6266967999982,414.92618739999307,414.92618739999307,415.19297969999025,right,1,0.25139999999373686,None,,,,03,001,2025-11-14_20h52.05.215,cueing_task_exp,,2025.1.1,60.64877204026198,2025-11-14 20h52.20.743092 +0530,
←,-0.5,valid,left,286,6,28,left,1,0.2733093999995617,None,28,6,286,4,415.20737779999035,,,,,,,,,415.19685089999984,415.20737779999035,415.69312149999314,415.69312149999314,415.99275819999457,416.29160109999066,416.29160109999066,416.5757014999981,left,1,0.2733093999995617,None,,,,03,001,2025-11-14_20h52.05.215,cueing_task_exp,,2025.1.1,60.64877204026198,2025-11-14 20h52.20.743092 +0530,
←,0.5,invalid,right,287,7,28,right,1,0.3297566000110237,None,28,7,287,9,416.59152950000134,,,,,,,,,416.57632019999437,416.59152950000134,417.07641719999083,417.07641719999083,417.37677649999387,417.67646400000376,417.67646400000376,418.00947109999834,right,1,0.3297566000110237,None,,,,03,001,2025-11-14_20h52.05.215,cueing_task_exp,,2025.1.1,60.64877204026198,2025-11-14 20h52.20.743092 +0530,
→,0.5,valid,right,288,8,28,right,1,0.2753813000017544,None,28,8,288,3,418.0294503000041,,,,,,,,,418.01169339999615,418.0294503000041,418.50935120000213,418.50935120000213,418.8095078999904,419.11035970000376,419.11035970000376,419.3937519000028,right,1,0.2753813000017544,None,,,,03,001,2025-11-14_20h52.05.215,cueing_task_exp,,2025.1.1,60.64877204026198,2025-11-14 20h52.20.743092 +0530,
→,0.5,valid,right,289,9,28,right,1,0.35185929998988286,None,28,9,289,0,419.40859340000316,,,,,,,,,419.3943708000006,419.40859340000316,419.89346749999095,419.89346749999095,420.19191449999926,420.4926276000042,420.4926276000042,420.85928129999957,right,1,0.35185929998988286,None,,,,03,001,2025-11-14_20h52.05.215,cueing_task_exp,,2025.1.1,60.64877204026198,2025-11-14 20h52.20.743092 +0530,
←,-0.5,valid,left,290,0,29,left,1,0.38976869999896735,None,29,0,290,5,420.8755460999964,,,,,,,,,420.8614777000039,420.8755460999964,421.3599567999918,421.3599567999918,421.660006399994,421.9600001999934,421.9600001999934,422.36044519999996,left,1,0.38976869999896735,None,,,,03,001,2025-11-14_20h52.05.215,cueing_task_exp,,2025.1.1,60.64877204026198,2025-11-14 20h52.20.743092 +0530,
→,0.5,valid,right,291,1,29,right,1,0.28504879999672994,None,29,1,291,0,422.37525859999005,,,,,,,,,422.3626155999955,422.37525859999005,422.8586571999913,422.8586571999913,423.16006589999597,423.4600869999995,423.4600869999995,423.75947930000257,right,1,0.28504879999672994,None,,,,03,001,2025-11-14_20h52.05.215,cueing_task_exp,,2025.1.1,60.64877204026198,2025-11-14 20h52.20.743092 +0530,
→,0.5,valid,right,292,2,29,right,1,0.48055480000039097,None,29,2,292,2,423.7768888999999,,,,,,,,,423.75995929999044,423.7768888999999,424.26006499999494,424.26006499999494,424.5597650999989,424.8583627999906,424.8583627999906,425.34381019999273,right,1,0.48055480000039097,None,,,,03,001,2025-11-14_20h52.05.215,cueing_task_exp,,2025.1.1,60.64877204026198,2025-11-14 20h52.20.743092 +0530,
←,-0.5,valid,left,293,3,29,left,1,0.2896022999921115,None,29,3,293,1,425.3591168999992,,,,,,,,,425.34651380000287,425.3591168999992,425.8436509000021,425.8436509000021,426.1433645999932,426.44339649999165,426.44339649999165,426.74270029999025,left,1,0.2896022999921115,None,,,,03,001,2025-11-14_20h52.05.215,cueing_task_exp,,2025.1.1,60.64877204026198,2025-11-14 20h52.20.743092 +0530,
←,-0.5,valid,left,294,4,29,left,1,0.39988729999458883,None,29,4,294,4,426.7598546999943,,,,,,,,,426.7433066999947,426.7598546999943,427.24236059999384,427.24236059999384,427.5433589000022,427.84254499999224,427.84254499999224,428.24354680000397,left,1,0.39988729999458883,None,,,,03,001,2025-11-14_20h52.05.215,cueing_task_exp,,2025.1.1,60.64877204026198,2025-11-14 20h52.20.743092 +0530,
←,0.5,invalid,right,295,5,29,right,1,0.6001905000011902,None,29,5,295,9,428.2583072999987,,,,,,,,,428.2440838999901,428.2583072999987,428.7427622999967,428.7427622999967,429.0598114000022,429.34316659999604,429.34316659999604,429.95957429999544,right,1,0.6001905000011902,None,,,,03,001,2025-11-14_20h52.05.215,cueing_task_exp,,2025.1.1,60.64877204026198,2025-11-14 20h52.20.743092 +0530,
→,0.5,valid,right,296,6,29,right,1,0.3402540999959456,None,29,6,296,7,429.9750808999961,,,,,,,,,429.96227519999957,429.9750808999961,430.45962779999536,430.45962779999536,430.7586375999963,431.06016379999346,431.06016379999346,431.40961550000065,right,1,0.3402540999959456,None,,,,03,001,2025-11-14_20h52.05.215,cueing_task_exp,,2025.1.1,60.64877204026198,2025-11-14 20h52.20.743092 +0530,
←,-0.5,valid,left,297,7,29,left,1,0.33253150001110043,None,29,7,297,6,431.42498919999343,,,,,,,,,431.41182959999423,431.42498919999343,431.91014949999226,431.91014949999226,432.2102593000018,432.50898489999236,432.50898489999236,432.84298839999246,left,1,0.33253150001110043,None,,,,03,001,2025-11-14_20h52.05.215,cueing_task_exp,,2025.1.1,60.64877204026198,2025-11-14 20h52.20.743092 +0530,
→,-0.5,invalid,left,298,8,29,left,1,0.4970099000056507,None,29,8,298,8,432.85853009999846,,,,,,,,,432.8452547999914,432.85853009999846,433.3432422999904,433.3432422999904,433.64332459999423,433.9434753999958,433.9434753999958,434.4424886999914,left,1,0.4970099000056507,None,,,,03,001,2025-11-14_20h52.05.215,cueing_task_exp,,2025.1.1,60.64877204026198,2025-11-14 20h52.20.743092 +0530,
→,0.5,valid,right,299,9,29,right,1,0.3752673999988474,None,29,9,299,3,434.4588526000007,,,,,,,,,434.44365239999024,434.4588526000007,434.94277280000097,434.94277280000097,435.24375759999384,435.54330199999094,435.54330199999094,435.9261831999902,right,1,0.3752673999988474,None,,,,03,001,2025-11-14_20h52.05.215,cueing_task_exp,,2025.1.1,60.64877204026198,2025-11-14 20h52.20.743092 +0530,
→,-0.5,invalid,left,300,0,30,left,1,0.43522179999854416,None,30,0,300,8,435.9431557999924,,,,,,,,,435.92682429999695,435.9431557999924,436.4266975999926,436.4266975999926,436.72539359999064,437.02635980000196,437.02635980000196,437.4769585000031,left,1,0.43522179999854416,None,,,,03,001,2025-11-14_20h52.05.215,cueing_task_exp,,2025.1.1,60.64877204026198,2025-11-14 20h52.20.743092 +0530,
←,-0.5,valid,left,301,1,30,left,1,0.40743859999929555,None,30,1,301,5,437.4934665999899,,,,,,,,,437.47958449998987,437.4934665999899,437.9769529999903,437.9769529999903,438.27603870000166,438.57706450000114,438.57706450000114,438.9930209000013,left,1,0.40743859999929555,None,,,,03,001,2025-11-14_20h52.05.215,cueing_task_exp,,2025.1.1,60.64877204026198,2025-11-14 20h52.20.743092 +0530,
←,-0.5,valid,left,302,2,30,left,1,0.42150489999039564,None,30,2,302,6,439.00865269999485,,,,,,,,,438.99359719999484,439.00865269999485,439.4940390999982,439.4940390999982,439.8101311999926,440.0936250999948,440.0936250999948,440.5259248999937,left,1,0.42150489999039564,None,,,,03,001,2025-11-14_20h52.05.215,cueing_task_exp,,2025.1.1,60.64877204026198,2025-11-14 20h52.20.743092 +0530,
←,-0.5,valid,left,303,3,30,left,1,0.39455670000461396,None,30,3,303,4,440.54393079999136,,,,,,,,,440.5265134999936,440.54393079999136,441.0276053999987,441.0276053999987,441.3259016999946,441.6265083000035,441.6265083000035,442.02617699999246,left,1,0.39455670000461396,None,,,,03,001,2025-11-14_20h52.05.215,cueing_task_exp,,2025.1.1,60.64877204026198,2025-11-14 20h52.20.743092 +0530,
←,-0.5,valid,left,304,4,30,left,1,0.33883069999865256,None,30,4,304,1,442.0419234000001,,,,,,,,,442.0266278999916,442.0419234000001,442.52715989999706,442.52715989999706,442.8253812999901,443.12695609999355,443.12695609999355,443.47644990000117,left,1,0.33883069999865256,None,,,,03,001,2025-11-14_20h52.05.215,cueing_task_exp,,2025.1.1,60.64877204026198,2025-11-14 20h52.20.743092 +0530,
→,0.5,valid,right,305,5,30,right,1,0.2689527000038652,None,30,5,305,2,443.4947142000019,,,,,,,,,443.4800632999977,443.4947142000019,443.9760057999956,443.9760057999956,444.27726919999986,444.57539080000424,444.57539080000424,444.85992350000015,right,1,0.2689527000038652,None,,,,03,001,2025-11-14_20h52.05.215,cueing_task_exp,,2025.1.1,60.64877204026198,2025-11-14 20h52.20.743092 +0530,
←,0.5,invalid,right,306,6,30,right,1,0.37989729999389965,None,30,6,306,9,444.8754962999956,,,,,,,,,444.8621065999905,444.8754962999956,445.36040140000114,445.36040140000114,445.6598471000034,445.9598755999905,445.9598755999905,446.3427733999997,right,1,0.37989729999389965,None,,,,03,001,2025-11-14_20h52.05.215,cueing_task_exp,,2025.1.1,60.64877204026198,2025-11-14 20h52.20.743092 +0530,
→,0.5,valid,right,307,7,30,right,1,0.321343399991747,None,30,7,307,0,446.35876829999324,,,,,,,,,446.345347399998,446.35876829999324,446.8433828999987,446.8433828999987,447.143823099992,447.4423293,447.4423293,447.77645199999097,right,1,0.321343399991747,None,,,,03,001,2025-11-14_20h52.05.215,cueing_task_exp,,2025.1.1,60.64877204026198,2025-11-14 20h52.20.743092 +0530,
→,0.5,valid,right,308,8,30,right,1,0.33210939999844413,None,30,8,308,3,447.79355309999664,,,,,,,,,447.7770348999911,447.79355309999664,448.27750229999947,448.27750229999947,448.5937475999963,448.877559200002,448.877559200002,449.2260763999948,right,1,0.33210939999844413,None,,,,03,001,2025-11-14_20h52.05.215,cueing_task_exp,,2025.1.1,60.64877204026198,2025-11-14 20h52.20.743092 +0530,
→,0.5,valid,right,309,9,30,right,1,0.26491830000304617,None,30,9,309,7,449.24334129999625,,,,,,,,,449.22686090000207,449.24334129999625,449.7272079999966,449.7272079999966,450.0257547999936,450.32730459999584,450.32730459999584,450.60972480000055,right,1,0.26491830000304617,None,,,,03,001,2025-11-14_20h52.05.215,cueing_task_exp,,2025.1.1,60.64877204026198,2025-11-14 20h52.20.743092 +0530,
←,-0.5,valid,left,310,0,31,left,1,0.29653330000292044,None,31,0,310,1,450.6268252000009,,,,,,,,,450.6119122999953,450.6268252000009,451.1104171999905,451.1104171999905,451.4100848999951,451.71044539999275,451.71044539999275,452.0110627999966,left,1,0.29653330000292044,None,,,,03,001,2025-11-14_20h52.05.215,cueing_task_exp,,2025.1.1,60.64877204026198,2025-11-14 20h52.20.743092 +0530,
→,0.5,valid,right,311,1,31,right,1,0.21965939999790862,None,31,1,311,2,452.02646389999427,,,,,,,,,452.0134959999996,452.02646389999427,452.5090916999907,452.5090916999907,452.8104880000028,453.1107534999901,453.1107534999901,453.3432046999951,right,1,0.21965939999790862,None,,,,03,001,2025-11-14_20h52.05.215,cueing_task_exp,,2025.1.1,60.64877204026198,2025-11-14 20h52.20.743092 +0530,
←,0.5,invalid,right,312,2,31,right,1,0.5140823999972781,None,31,2,312,9,453.35866579999856,,,,,,,,,453.34562860000005,453.35866579999856,453.84251410000434,453.84251410000434,454.1440831999935,454.4446416999999,454.4446416999999,454.96064659999683,right,1,0.5140823999972781,None,,,,03,001,2025-11-14_20h52.05.215,cueing_task_exp,,2025.1.1,60.64877204026198,2025-11-14 20h52.20.743092 +0530,
→,0.5,valid,right,313,3,31,right,1,0.2717051000072388,None,31,3,313,3,454.97588389999873,,,,,,,,,454.9628947000019,454.97588389999873,455.4602403000026,455.4602403000026,455.7604363999999,456.0601939999906,456.0601939999906,456.3448830999987,right,1,0.2717051000072388,None,,,,03,001,2025-11-14_20h52.05.215,cueing_task_exp,,2025.1.1,60.64877204026198,2025-11-14 20h52.20.743092 +0530,
→,0.5,valid,right,314,4,31,right,1,0.23948040000686888,None,31,4,314,0,456.35907969999244,,,,,,,,,456.34540160000324,456.35907969999244,456.84406049999234,456.84406049999234,457.1436040999979,457.46015389999957,457.46015389999957,457.7097825999954,right,1,0.23948040000686888,None,,,,03,001,2025-11-14_20h52.05.215,cueing_task_exp,,2025.1.1,60.64877204026198,2025-11-14 20h52.20.743092 +0530,
←,-0.5,valid,left,315,5,31,left,1,0.2487872000056086,None,31,5,315,4,457.72676299999875,,,,,,,,,457.71215289999964,457.72676299999875,458.20898319999105,458.20898319999105,458.5108348999929,458.8106198000023,458.8106198000023,459.0602523999987,left,1,0.2487872000056086,None,,,,03,001,2025-11-14_20h52.05.215,cueing_task_exp,,2025.1.1,60.64877204026198,2025-11-14 20h52.20.743092 +0530,
←,-0.5,valid,left,316,6,31,left,1,0.30825060000643134,None,31,6,316,5,459.0757642999961,,,,,,,,,459.0607030999963,459.0757642999961,459.5609326999984,459.5609326999984,459.86041059999843,460.1591738999996,460.1591738999996,460.4769279000029,left,1,0.30825060000643134,None,,,,03,001,2025-11-14_20h52.05.215,cueing_task_exp,,2025.1.1,60.64877204026198,2025-11-14 20h52.20.743092 +0530,
→,-0.5,invalid,left,317,7,31,left,1,0.4795155000028899,None,31,7,317,8,460.4934987000015,,,,,,,,,460.4791716999898,460.4934987000015,460.97757619999174,460.97757619999174,461.2934979999991,461.5773516999907,461.5773516999907,462.06055729999207,left,1,0.4795155000028899,None,,,,03,001,2025-11-14_20h52.05.215,cueing_task_exp,,2025.1.1,60.64877204026198,2025-11-14 20h52.20.743092 +0530,
→,0.5,valid,right,318,8,31,right,1,0.22706740000285208,None,31,8,318,7,462.07576100000006,,,,,,,,,462.06109180000203,462.07576100000006,462.55957909999415,462.55957909999415,462.8608591999946,463.1773405999993,463.1773405999993,463.4100960999931,right,1,0.22706740000285208,None,,,,03,001,2025-11-14_20h52.05.215,cueing_task_exp,,2025.1.1,60.64877204026198,2025-11-14 20h52.20.743092 +0530,
←,-0.5,valid,left,319,9,31,left,1,0.2415220999973826,None,31,9,319,6,463.4268044999917,,,,,,,,,463.412253699993,463.4268044999917,463.91084050000063,463.91084050000063,464.21085059999314,464.51115809999465,464.51115809999465,464.76145759999054,left,1,0.2415220999973826,None,,,,03,001,2025-11-14_20h52.05.215,cueing_task_exp,,2025.1.1,60.64877204026198,2025-11-14 20h52.20.743092 +0530,
→,0.5,valid,right,320,0,32,right,1,0.31727369999862276,None,32,0,320,7,464.77532749999955,,,,,,,,,464.76413599999796,464.77532749999955,465.27731589999166,465.27731589999166,465.5771337999904,465.85999979999906,465.85999979999906,466.1932394000032,right,1,0.31727369999862276,None,,,,03,001,2025-11-14_20h52.05.215,cueing_task_exp,,2025.1.1,60.64877204026198,2025-11-14 20h52.20.743092 +0530,
→,0.5,valid,right,321,1,32,right,1,0.27411680000659544,None,32,1,321,3,466.2105937000015,,,,,,,,,466.19381499999145,466.2105937000015,466.6943154999899,466.6943154999899,466.99321499999496,467.2939189000026,467.2939189000026,467.578506299993,right,1,0.27411680000659544,None,,,,03,001,2025-11-14_20h52.05.215,cueing_task_exp,,2025.1.1,60.64877204026198,2025-11-14 20h52.20.743092 +0530,
→,0.5,valid,right,322,2,32,right,1,0.36508870001125615,None,32,2,322,2,467.5927159999992,,,,,,,,,467.5792131999915,467.5927159999992,468.0927967000025,468.0927967000025,468.3937663999968,468.6939914999966,468.6939914999966,469.0600725999975,right,1,0.36508870001125615,None,,,,03,001,2025-11-14_20h52.05.215,cueing_task_exp,,2025.1.1,60.64877204026198,2025-11-14 20h52.20.743092 +0530,
←,-0.5,valid,left,323,3,32,left,1,0.27366789999359753,None,32,3,323,4,469.0758055000042,,,,,,,,,469.06225180000183,469.0758055000042,469.5607952999999,469.5607952999999,469.8605651999969,470.16076050000265,470.16076050000265,470.4437576999917,left,1,0.27366789999359753,None,,,,03,001,2025-11-14_20h52.05.215,cueing_task_exp,,2025.1.1,60.64877204026198,2025-11-14 20h52.20.743092 +0530,
←,-0.5,valid,left,324,4,32,left,1,0.27457460000005085,None,32,4,324,6,470.4607890000043,,,,,,,,,470.44426599999133,470.4607890000043,470.94353389999014,470.94353389999014,471.2444045000011,471.5440432000032,471.5440432000032,471.82853869999235,left,1,0.27457460000005085,None,,,,03,001,2025-11-14_20h52.05.215,cueing_task_exp,,2025.1.1,60.64877204026198,2025-11-14 20h52.20.743092 +0530,
←,0.5,invalid,right,325,5,32,right,1,0.3794877999898745,None,32,5,325,9,471.8426979999931,,,,,,,,,471.82905980000214,471.8426979999931,472.32714269999997,472.32714269999997,472.64444069999445,472.9440723000007,472.9440723000007,473.3271290999983,right,1,0.3794877999898745,None,,,,03,001,2025-11-14_20h52.05.215,cueing_task_exp,,2025.1.1,60.64877204026198,2025-11-14 20h52.20.743092 +0530,
→,0.5,valid,right,326,6,32,right,1,0.37311610000324436,None,32,6,326,0,473.3427004999976,,,,,,,,,473.329513699995,473.3427004999976,473.8276921999932,473.8276921999932,474.12758859999303,474.426037199999,474.426037199999,474.8099050000019,right,1,0.37311610000324436,None,,,,03,001,2025-11-14_20h52.05.215,cueing_task_exp,,2025.1.1,60.64877204026198,2025-11-14 20h52.20.743092 +0530,
→,-0.5,invalid,left,327,7,32,right,0,0.19788529998913873,None,32,7,327,8,474.826098599995,,,,,,,,,474.8104272999917,474.826098599995,475.3110549999983,475.3110549999983,475.6106058000005,475.9096461000008,475.9096461000008,476.1107566999999,right,0,0.19788529998913873,None,,,,03,001,2025-11-14_20h52.05.215,cueing_task_exp,,2025.1.1,60.64877204026198,2025-11-14 20h52.20.743092 +0530,
←,-0.5,valid,left,328,8,32,left,1,0.4109288000036031,None,32,8,328,5,476.12597619999724,,,,,,,,,476.11299009999493,476.12597619999724,476.6093484000012,476.6093484000012,476.9111544999905,477.2109122999973,477.2109122999973,477.62785570000415,left,1,0.4109288000036031,None,,,,03,001,2025-11-14_20h52.05.215,cueing_task_exp,,2025.1.1,60.64877204026198,2025-11-14 20h52.20.743092 +0530,
←,-0.5,valid,left,329,9,32,left,1,0.2519043999927817,None,32,9,329,1,477.643035599991,,,,,,,,,477.6283617000008,477.643035599991,478.1430318999919,478.1430318999919,478.4277529999963,478.72771969999303,478.72771969999303,478.9936721999984,left,1,0.2519043999927817,None,,,,03,001,2025-11-14_20h52.05.215,cueing_task_exp,,2025.1.1,60.64877204026198,2025-11-14 20h52.20.743092 +0530,
←,-0.5,valid,left,330,0,33,left,1,0.28826840000692755,None,33,0,330,6,479.0093996999931,,,,,,,,,478.9942779999983,479.0093996999931,479.4931504999986,479.4931504999986,479.794134900003,480.09455219999654,480.09455219999654,480.39472129999194,left,1,0.28826840000692755,None,,,,03,001,2025-11-14_20h52.05.215,cueing_task_exp,,2025.1.1,60.64877204026198,2025-11-14 20h52.20.743092 +0530,
→,-0.5,invalid,left,331,1,33,left,1,0.5111164999980247,None,33,1,331,8,480.4114039999986,,,,,,,,,480.3975180999987,480.4114039999986,480.89327149999735,480.89327149999735,481.19344390000333,481.4943656999967,481.4943656999967,482.01005479999003,left,1,0.5111164999980247,None,,,,03,001,2025-11-14_20h52.05.215,cueing_task_exp,,2025.1.1,60.64877204026198,2025-11-14 20h52.20.743092 +0530,
→,0.5,valid,right,332,2,33,right,1,0.37354889999551233,None,33,2,332,3,482.02597809999133,,,,,,,,,482.01051870000083,482.02597809999133,482.5108218999958,482.5108218999958,482.81049969999003,483.11090339999646,483.11090339999646,483.49367039999925,right,1,0.37354889999551233,None,,,,03,001,2025-11-14_20h52.05.215,cueing_task_exp,,2025.1.1,60.64877204026198,2025-11-14 20h52.20.743092 +0530,
←,0.5,invalid,right,333,3,33,right,1,0.49146140000084415,None,33,3,333,9,483.5093644000008,,,,,,,,,483.49592990000383,483.5093644000008,483.9944445000001,483.9944445000001,484.2931577999989,484.5945881999942,484.5945881999942,485.09546409999894,right,1,0.49146140000084415,None,,,,03,001,2025-11-14_20h52.05.215,cueing_task_exp,,2025.1.1,60.64877204026198,2025-11-14 20h52.20.743092 +0530,
←,-0.5,valid,left,334,4,33,left,1,0.2630520999955479,None,33,4,334,5,485.1096316000039,,,,,,,,,485.0959848999919,485.1096316000039,485.59420779999346,485.59420779999346,485.9110803999938,486.21077199999127,486.21077199999127,486.4771737999981,left,1,0.2630520999955479,None,,,,03,001,2025-11-14_20h52.05.215,cueing_task_exp,,2025.1.1,60.64877204026198,2025-11-14 20h52.20.743092 +0530,
→,0.5,valid,right,335,5,33,right,1,0.22425310000835452,None,33,5,335,7,486.4939561999927,,,,,,,,,486.48065319999296,486.4939561999927,486.97796389998985,486.97796389998985,487.2777874000021,487.57693290000316,487.57693290000316,487.81034270000237,right,1,0.22425310000835452,None,,,,03,001,2025-11-14_20h52.05.215,cueing_task_exp,,2025.1.1,60.64877204026198,2025-11-14 20h52.20.743092 +0530,
→,0.5,valid,right,336,6,33,right,1,0.2558448000054341,None,33,6,336,0,487.82622979998996,,,,,,,,,487.81093059999694,487.82622979998996,488.3113209000003,488.3113209000003,488.61110349999217,488.9101793000009,488.9101793000009,489.17735159999575,right,1,0.2558448000054341,None,,,,03,001,2025-11-14_20h52.05.215,cueing_task_exp,,2025.1.1,60.64877204026198,2025-11-14 20h52.20.743092 +0530,
←,-0.5,valid,left,337,7,33,left,1,0.22670469999138732,None,33,7,337,1,489.1934700999991,,,,,,,,,489.1796570000006,489.1934700999991,489.67825650000304,489.67825650000304,489.9763685999933,490.27769789999,490.27769789999,490.5109739000036,left,1,0.22670469999138732,None,,,,03,001,2025-11-14_20h52.05.215,cueing_task_exp,,2025.1.1,60.64877204026198,2025-11-14 20h52.20.743092 +0530,
←,-0.5,valid,left,338,8,33,left,1,0.2584449000132736,None,33,8,338,4,490.52621389999695,,,,,,,,,490.5114908999967,490.52621389999695,491.01149199999054,491.01149199999054,491.31069859999116,491.6108280999906,491.6108280999906,491.8783345999982,left,1,0.2584449000132736,None,,,,03,001,2025-11-14_20h52.05.215,cueing_task_exp,,2025.1.1,60.64877204026198,2025-11-14 20h52.20.743092 +0530,
→,0.5,valid,right,339,9,33,right,1,0.2246106999955373,None,33,9,339,2,491.89379159999953,,,,,,,,,491.88047299999744,491.89379159999953,492.39360369999486,492.39360369999486,492.67812850000337,492.97759110000334,492.97759110000334,493.210499599998,right,1,0.2246106999955373,None,,,,03,001,2025-11-14_20h52.05.215,cueing_task_exp,,2025.1.1,60.64877204026198,2025-11-14 20h52.20.743092 +0530,
←,-0.5,valid,left,340,0,34,left,1,0.2580598999920767,None,34,0,340,5,493.2275002999959,,,,,,,,,493.2127918000042,493.2275002999959,493.71111519999977,493.71111519999977,494.01126909999584,494.3110794999957,494.3110794999957,494.57838219999394,left,1,0.2580598999920767,None,,,,03,001,2025-11-14_20h52.05.215,cueing_task_exp,,2025.1.1,60.64877204026198,2025-11-14 20h52.20.743092 +0530,
→,0.5,valid,right,341,1,34,right,1,0.21802220000245143,None,34,1,341,0,494.5939112999913,,,,,,,,,494.58104019999155,494.5939112999913,495.09408500000427,495.09408500000427,495.3773019999935,495.677609499995,495.677609499995,495.91104350000387,right,1,0.21802220000245143,None,,,,03,001,2025-11-14_20h52.05.215,cueing_task_exp,,2025.1.1,60.64877204026198,2025-11-14 20h52.20.743092 +0530,
→,-0.5,invalid,left,342,2,34,left,1,0.4344016999966698,None,34,2,342,8,495.9265557000035,,,,,,,,,495.9116245999903,495.9265557000035,496.4114558000001,496.4114558000001,496.71145109999634,497.0097264999931,497.0097264999931,497.4611370999919,left,1,0.4344016999966698,None,,,,03,001,2025-11-14_20h52.05.215,cueing_task_exp,,2025.1.1,60.64877204026198,2025-11-14 20h52.20.743092 +0530,
←,-0.5,valid,left,343,3,34,left,1,0.2793320000055246,None,34,3,343,1,497.4763127999904,,,,,,,,,497.4633621999965,497.4763127999904,497.961650199999,497.961650199999,498.2609955999942,498.5776404999924,498.5776404999924,498.86073939999915,left,1,0.2793320000055246,None,,,,03,001,2025-11-14_20h52.05.215,cueing_task_exp,,2025.1.1,60.64877204026198,2025-11-14 20h52.20.743092 +0530,
←,-0.5,valid,left,344,4,34,left,1,0.35327379999216646,None,34,4,344,4,498.87639079999644,,,,,,,,,498.8613209000032,498.87639079999644,499.36096839999664,499.36096839999664,499.6609291999921,499.9609988000011,499.9609988000011,500.32752510000137,left,1,0.35327379999216646,None,,,,03,001,2025-11-14_20h52.05.215,cueing_task_exp,,2025.1.1,60.64877204026198,2025-11-14 20h52.20.743092 +0530,
→,0.5,valid,right,345,5,34,right,1,0.25046939999447204,None,34,5,345,2,500.3429046999954,,,,,,,,,500.330014799998,500.3429046999954,500.8275292000035,500.8275292000035,501.1270278000011,501.42764870000246,501.42764870000246,501.69395089999307,right,1,0.25046939999447204,None,,,,03,001,2025-11-14_20h52.05.215,cueing_task_exp,,2025.1.1,60.64877204026198,2025-11-14 20h52.20.743092 +0530,
→,0.5,valid,right,346,6,34,right,1,0.2536041999992449,None,34,6,346,3,501.7110271999991,,,,,,,,,501.69449290000193,501.7110271999991,502.19353489999776,502.19353489999776,502.4945762999996,502.7947736999922,502.7947736999922,503.06236999999965,right,1,0.2536041999992449,None,,,,03,001,2025-11-14_20h52.05.215,cueing_task_exp,,2025.1.1,60.64877204026198,2025-11-14 20h52.20.743092 +0530,
→,0.5,valid,right,347,7,34,right,1,0.36842719999549445,None,34,7,347,7,503.0765334000025,,,,,,,,,503.0630821999948,503.0765334000025,503.56127910000214,503.56127910000214,503.8775600999943,504.1608780999959,504.1608780999959,504.54401929999585,right,1,0.36842719999549445,None,,,,03,001,2025-11-14_20h52.05.215,cueing_task_exp,,2025.1.1,60.64877204026198,2025-11-14 20h52.20.743092 +0530,
←,0.5,invalid,right,348,8,34,right,1,0.32998290000250563,None,34,8,348,9,504.5612092999945,,,,,,,,,504.5462598000013,504.5612092999945,505.0446147000039,505.0446147000039,505.3431669999991,505.6445621000021,505.6445621000021,505.97823900000367,right,1,0.32998290000250563,None,,,,03,001,2025-11-14_20h52.05.215,cueing_task_exp,,2025.1.1,60.64877204026198,2025-11-14 20h52.20.743092 +0530,
←,-0.5,valid,left,349,9,34,left,1,0.41137860000890214,None,34,9,349,6,505.9931188999908,,,,,,,,,505.97877159999916,505.9931188999908,506.4780305000022,506.4780305000022,506.7779764000006,507.0777720000042,507.0777720000042,507.49541540000064,left,1,0.41137860000890214,None,,,,03,001,2025-11-14_20h52.05.215,cueing_task_exp,,2025.1.1,60.64877204026198,2025-11-14 20h52.20.743092 +0530,
←,-0.5,valid,left,350,0,35,left,1,0.27744360000360757,None,35,0,350,6,507.5098297999939,,,,,,,,,507.4961287000042,507.5098297999939,508.0100173999963,508.0100173999963,508.2944060000009,508.5948281000019,508.5948281000019,508.87737869999546,left,1,0.27744360000360757,None,,,,03,001,2025-11-14_20h52.05.215,cueing_task_exp,,2025.1.1,60.64877204026198,2025-11-14 20h52.20.743092 +0530,
←,-0.5,valid,left,351,1,35,left,1,0.23511350000626408,None,35,1,351,5,508.89393399999244,,,,,,,,,508.87784410000313,508.89393399999244,509.3778052999987,509.3778052999987,509.6779905000003,509.9776143999916,509.9776143999916,510.22705839999253,left,1,0.23511350000626408,None,,,,03,001,2025-11-14_20h52.05.215,cueing_task_exp,,2025.1.1,60.64877204026198,2025-11-14 20h52.20.743092 +0530,
→,-0.5,invalid,left,352,2,35,left,1,0.49627840000903234,None,35,2,352,8,510.2444017999951,,,,,,,,,510.2293551999901,510.2444017999951,510.7280038000026,510.7280038000026,511.026833099997,511.3283519999968,511.3283519999968,511.82841010000266,left,1,0.49627840000903234,None,,,,03,001,2025-11-14_20h52.05.215,cueing_task_exp,,2025.1.1,60.64877204026198,2025-11-14 20h52.20.743092 +0530,
←,-0.5,valid,left,353,3,35,left,1,0.3472140999947442,None,35,3,353,4,511.8442326999939,,,,,,,,,511.8312659999938,511.8442326999939,512.3280076999945,512.3280076999945,512.6446548999957,512.9284162999975,512.9284162999975,513.2772349000006,left,1,0.3472140999947442,None,,,,03,001,2025-11-14_20h52.05.215,cueing_task_exp,,2025.1.1,60.64877204026198,2025-11-14 20h52.20.743092 +0530,
→,0.5,valid,right,354,4,35,right,1,0.3948701000044821,None,35,4,354,2,513.2935217999911,,,,,,,,,513.2794377999962,513.2935217999911,513.7780570000032,513.7780570000032,514.0786033999902,514.3773339999898,514.3773339999898,514.7778154999978,right,1,0.3948701000044821,None,,,,03,001,2025-11-14_20h52.05.215,cueing_task_exp,,2025.1.1,60.64877204026198,2025-11-14 20h52.20.743092 +0530,
→,0.5,valid,right,355,5,35,right,1,0.3885327000025427,None,35,5,355,3,514.7935193000012,,,,,,,,,514.7783401999914,514.7935193000012,515.2780428999977,515.2780428999977,515.5784382999991,515.8766659999965,515.8766659999965,516.2779977000027,right,1,0.3885327000025427,None,,,,03,001,2025-11-14_20h52.05.215,cueing_task_exp,,2025.1.1,60.64877204026198,2025-11-14 20h52.20.743092 +0530,
←,0.5,invalid,right,356,6,35,right,1,0.4173945999937132,None,35,6,356,9,516.2945987999992,,,,,,,,,516.2807264000003,516.2945987999992,516.7947134999995,516.7947134999995,517.078156100004,517.3783134999976,517.3783134999976,517.8105286999926,right,1,0.4173945999937132,None,,,,03,001,2025-11-14_20h52.05.215,cueing_task_exp,,2025.1.1,60.64877204026198,2025-11-14 20h52.20.743092 +0530,
→,0.5,valid,right,357,7,35,right,1,0.3388102000026265,None,35,7,357,0,517.8274305999948,,,,,,,,,517.8128206999972,517.8274305999948,518.3102549000032,518.3102549000032,518.611373199994,518.911334199991,518.911334199991,519.2611030999979,right,1,0.3388102000026265,None,,,,03,001,2025-11-14_20h52.05.215,cueing_task_exp,,2025.1.1,60.64877204026198,2025-11-14 20h52.20.743092 +0530,
→,0.5,valid,right,358,8,35,right,1,0.3286103999998886,None,35,8,358,7,519.2768448999996,,,,,,,,,519.2616674000019,519.2768448999996,519.7603885999997,519.7603885999997,520.0785614999913,520.3622842000041,520.3622842000041,520.6943758999987,right,1,0.3286103999998886,None,,,,03,001,2025-11-14_20h52.05.215,cueing_task_exp,,2025.1.1,60.64877204026198,2025-11-14 20h52.20.743092 +0530,
←,-0.5,valid,left,359,9,35,left,1,0.34466129999782424,None,35,9,359,1,520.7107483,,,,,,,,,520.6975929000037,520.7107483,521.1942264999961,521.1942264999961,521.4952188000025,521.7937109999912,521.7937109999912,522.1440745,left,1,0.34466129999782424,None,,,,03,001,2025-11-14_20h52.05.215,cueing_task_exp,,2025.1.1,60.64877204026198,2025-11-14 20h52.20.743092 +0530,
←,-0.5,valid,left,360,0,36,left,1,0.302376199993887,None,36,0,360,6,522.1610950000031,,,,,,,,,522.1445320999919,522.1610950000031,522.6453680999984,522.6453680999984,522.9451755999908,523.2453341999935,523.2453341999935,523.5610601999942,left,1,0.302376199993887,None,,,,03,001,2025-11-14_20h52.05.215,cueing_task_exp,,2025.1.1,60.64877204026198,2025-11-14 20h52.20.743092 +0530,
→,0.5,valid,right,361,1,36,right,1,0.298053999998956,None,36,1,361,2,523.5767790999962,,,,,,,,,523.5632662999997,523.5767790999962,524.0618136999983,524.0618136999983,524.3619429999962,524.6609666000004,524.6609666000004,524.9625961999991,right,1,0.298053999998956,None,,,,03,001,2025-11-14_20h52.05.215,cueing_task_exp,,2025.1.1,60.64877204026198,2025-11-14 20h52.20.743092 +0530,
→,-0.5,invalid,left,362,2,36,left,1,0.3156546999962302,None,36,2,362,8,524.9768643999996,,,,,,,,,524.9631339000043,524.9768643999996,525.4786044999928,525.4786044999928,525.7768244000035,526.0615594999981,526.0615594999981,526.3952163999929,left,1,0.3156546999962302,None,,,,03,001,2025-11-14_20h52.05.215,cueing_task_exp,,2025.1.1,60.64877204026198,2025-11-14 20h52.20.743092 +0530,
←,-0.5,valid,left,363,3,36,left,1,0.3162097000022186,None,36,3,363,1,526.4113268999936,,,,,,,,,526.3978806999949,526.4113268999936,526.8952790999901,526.8952790999901,527.1935918999952,527.4942787999898,527.4942787999898,527.8114019999921,left,1,0.3162097000022186,None,,,,03,001,2025-11-14_20h52.05.215,cueing_task_exp,,2025.1.1,60.64877204026198,2025-11-14 20h52.20.743092 +0530,
←,-0.5,valid,left,364,4,36,left,1,0.3001876999915112,None,36,4,364,4,527.8269189999992,,,,,,,,,527.8119148999976,527.8269189999992,528.311504199999,528.311504199999,528.6120162000007,528.9105935999978,528.9105935999978,529.2116745999956,left,1,0.3001876999915112,None,,,,03,001,2025-11-14_20h52.05.215,cueing_task_exp,,2025.1.1,60.64877204026198,2025-11-14 20h52.20.743092 +0530,
→,0.5,valid,right,365,5,36,right,1,0.25872529999469407,None,36,5,365,3,529.2267922000028,,,,,,,,,529.2141158000013,529.2267922000028,529.7286267000018,529.7286267000018,530.0103873999906,530.3119498000015,530.3119498000015,530.5778560000035,right,1,0.25872529999469407,None,,,,03,001,2025-11-14_20h52.05.215,cueing_task_exp,,2025.1.1,60.64877204026198,2025-11-14 20h52.20.743092 +0530,
→,0.5,valid,right,366,6,36,right,1,0.4231831999932183,None,36,6,366,0,530.5948228999914,,,,,,,,,530.5784596000012,530.5948228999914,531.078265899996,531.078265899996,531.3783570999949,531.6775608000025,531.6775608000025,532.1121962000034,right,1,0.4231831999932183,None,,,,03,001,2025-11-14_20h52.05.215,cueing_task_exp,,2025.1.1,60.64877204026198,2025-11-14 20h52.20.743092 +0530,
←,0.5,invalid,right,367,7,36,right,1,0.3337942999933148,None,36,7,367,9,532.1273223000026,,,,,,,,,532.1144242000009,532.1273223000026,532.6114587999909,532.6114587999909,532.9120328999998,533.2272808999987,533.2272808999987,533.5622353999934,right,1,0.3337942999933148,None,,,,03,001,2025-11-14_20h52.05.215,cueing_task_exp,,2025.1.1,60.64877204026198,2025-11-14 20h52.20.743092 +0530,
→,0.5,valid,right,368,8,36,right,1,0.28372910000325646,None,36,8,368,7,533.5777246999933,,,,,,,,,533.5646455999959,533.5777246999933,534.0778131999978,534.0778131999978,534.361888600004,534.6621398999996,534.6621398999996,534.9611756999948,right,1,0.28372910000325646,None,,,,03,001,2025-11-14_20h52.05.215,cueing_task_exp,,2025.1.1,60.64877204026198,2025-11-14 20h52.20.743092 +0530,
←,-0.5,valid,left,369,9,36,left,1,0.2783996000071056,None,36,9,369,5,534.9779916999978,,,,,,,,,534.9634090000036,534.9779916999978,535.4617498000007,535.4617498000007,535.761871900002,536.0608033000026,536.0608033000026,536.3448616999958,left,1,0.2783996000071056,None,,,,03,001,2025-11-14_20h52.05.215,cueing_task_exp,,2025.1.1,60.64877204026198,2025-11-14 20h52.20.743092 +0530,
→,-0.5,invalid,left,370,0,37,left,1,0.35985839999921154,None,37,0,370,8,536.3603002000018,,,,,,,,,536.3469516000041,536.3603002000018,536.8613057000039,536.8613057000039,537.1435524999979,537.4452677999943,537.4452677999943,537.812717199995,left,1,0.35985839999921154,None,,,,03,001,2025-11-14_20h52.05.215,cueing_task_exp,,2025.1.1,60.64877204026198,2025-11-14 20h52.20.743092 +0530,
→,0.5,valid,right,371,1,37,right,1,0.2724665999994613,None,37,1,371,7,537.827011100002,,,,,,,,,537.813464699997,537.827011100002,538.3271811000013,538.3271811000013,538.6118609999976,538.9109557999909,538.9109557999909,539.1945429000043,right,1,0.2724665999994613,None,,,,03,001,2025-11-14_20h52.05.215,cueing_task_exp,,2025.1.1,60.64877204026198,2025-11-14 20h52.20.743092 +0530,
←,-0.5,valid,left,372,2,37,left,1,0.2832406999950763,None,37,2,372,4,539.2118052000005,,,,,,,,,539.1967868999927,539.2118052000005,539.6948994999984,539.6948994999984,539.9944104000024,540.2937824999972,540.2937824999972,540.5945320000028,left,1,0.2832406999950763,None,,,,03,001,2025-11-14_20h52.05.215,cueing_task_exp,,2025.1.1,60.64877204026198,2025-11-14 20h52.20.743092 +0530,
→,0.5,valid,right,373,3,37,right,1,0.2955385999957798,None,37,3,373,2,540.6109252000024,,,,,,,,,540.5966954000032,540.6109252000024,541.0939212999947,541.0939212999947,541.3944670999917,541.6958292999916,541.6958292999916,541.9944551999943,right,1,0.2955385999957798,None,,,,03,001,2025-11-14_20h52.05.215,cueing_task_exp,,2025.1.1,60.64877204026198,2025-11-14 20h52.20.743092 +0530,
→,0.5,valid,right,374,4,37,right,1,0.37852359999669716,None,37,4,374,3,542.0105590000021,,,,,,,,,541.9950878999953,542.0105590000021,542.4952270999929,542.4952270999929,542.7960439000017,543.0937827000016,543.0937827000016,543.4782421999989,right,1,0.37852359999669716,None,,,,03,001,2025-11-14_20h52.05.215,cueing_task_exp,,2025.1.1,60.64877204026198,2025-11-14 20h52.20.743092 +0530,
→,0.5,valid,right,375,5,37,right,1,0.3976224999933038,None,37,5,375,0,543.4938873999927,,,,,,,,,543.4787885999976,543.4938873999927,543.9776603999926,543.9776603999926,544.2773226999998,544.5786447999999,544.5786447999999,544.9776539000013,right,1,0.3976224999933038,None,,,,03,001,2025-11-14_20h52.05.215,cueing_task_exp,,2025.1.1,60.64877204026198,2025-11-14 20h52.20.743092 +0530,
←,0.5,invalid,right,376,6,37,right,1,0.4324750999949174,None,37,6,376,9,544.9937888999993,,,,,,,,,544.9798676999926,544.9937888999993,545.4772628999926,545.4772628999926,545.7789121999958,546.0789172999939,546.0789172999939,546.5281276000023,right,1,0.4324750999949174,None,,,,03,001,2025-11-14_20h52.05.215,cueing_task_exp,,2025.1.1,60.64877204026198,2025-11-14 20h52.20.743092 +0530,
←,-0.5,valid,left,377,7,37,left,1,0.3857430000061868,None,37,7,377,1,546.5457479000033,,,,,,,,,546.5287347999983,546.5457479000033,547.0274718000001,547.0274718000001,547.3283867999999,547.6289723999944,547.6289723999944,548.0280114999914,left,1,0.3857430000061868,None,,,,03,001,2025-11-14_20h52.05.215,cueing_task_exp,,2025.1.1,60.64877204026198,2025-11-14 20h52.20.743092 +0530,
←,-0.5,valid,left,378,8,37,left,1,0.2914992000005441,None,37,8,378,5,548.0459218000033,,,,,,,,,548.0285024000041,548.0459218000033,548.5289148000011,548.5289148000011,548.8287105999916,549.1285241000005,549.1285241000005,549.4280905999913,left,1,0.2914992000005441,None,,,,03,001,2025-11-14_20h52.05.215,cueing_task_exp,,2025.1.1,60.64877204026198,2025-11-14 20h52.20.743092 +0530,
←,-0.5,valid,left,379,9,37,left,1,0.2501092000020435,None,37,9,379,6,549.4444072000042,,,,,,,,,549.4286166999955,549.4444072000042,549.9287913000007,549.9287913000007,550.2289108999976,550.5278416999936,550.5278416999936,550.7949369999988,left,1,0.2501092000020435,None,,,,03,001,2025-11-14_20h52.05.215,cueing_task_exp,,2025.1.1,60.64877204026198,2025-11-14 20h52.20.743092 +0530,
←,-0.5,valid,left,380,0,38,left,1,0.2718091000133427,None,38,0,380,1,550.8122551999986,,,,,,,,,550.7955457999924,550.8122551999986,551.2957529999985,551.2957529999985,551.5958420999959,551.8948897999944,551.8948897999944,552.178570899996,left,1,0.2718091000133427,None,,,,03,001,2025-11-14_20h52.05.215,cueing_task_exp,,2025.1.1,60.64877204026198,2025-11-14 20h52.20.743092 +0530,
←,0.5,invalid,right,381,1,38,right,1,0.3917795000015758,None,38,1,381,9,552.194837499992,,,,,,,,,552.1791843999963,552.194837499992,552.6783331000042,552.6783331000042,552.9788597000006,553.2789152000041,553.2789152000041,553.6786248999997,right,1,0.3917795000015758,None,,,,03,001,2025-11-14_20h52.05.215,cueing_task_exp,,2025.1.1,60.64877204026198,2025-11-14 20h52.20.743092 +0530,
→,0.5,valid,right,382,2,38,right,1,0.4096838000114076,None,38,2,382,0,553.6955259999959,,,,,,,,,553.681459200001,553.6955259999959,554.1787313999957,554.1787313999957,554.4953587999917,554.7784541000001,554.7784541000001,555.1952578999917,right,1,0.4096838000114076,None,,,,03,001,2025-11-14_20h52.05.215,cueing_task_exp,,2025.1.1,60.64877204026198,2025-11-14 20h52.20.743092 +0530,
→,0.5,valid,right,383,3,38,right,1,0.24200870000640862,None,38,3,383,2,555.2119702999917,,,,,,,,,555.1957206999941,555.2119702999917,555.6945011999924,555.6945011999924,555.9940609000041,556.2957540999923,556.2957540999923,556.5466723999998,right,1,0.24200870000640862,None,,,,03,001,2025-11-14_20h52.05.215,cueing_task_exp,,2025.1.1,60.64877204026198,2025-11-14 20h52.20.743092 +0530,
←,-0.5,valid,left,384,4,38,left,1,0.24434210000617895,None,38,4,384,5,556.5602757000015,,,,,,,,,556.5490888999921,556.5602757000015,557.0622760999977,557.0622760999977,557.3622398000007,557.6457145000022,557.6457145000022,557.89471339999,left,1,0.24434210000617895,None,,,,03,001,2025-11-14_20h52.05.215,cueing_task_exp,,2025.1.1,60.64877204026198,2025-11-14 20h52.20.743092 +0530,
←,-0.5,valid,left,385,5,38,left,1,0.28327649999118876,None,38,5,385,6,557.9119267999922,,,,,,,,,557.895171600001,557.9119267999922,558.3956675999943,558.3956675999943,558.6958099999902,558.9953346999973,558.9953346999973,559.2948210000031,left,1,0.28327649999118876,None,,,,03,001,2025-11-14_20h52.05.215,cueing_task_exp,,2025.1.1,60.64877204026198,2025-11-14 20h52.20.743092 +0530,
→,0.5,valid,right,386,6,38,right,1,0.2263082999998005,None,38,6,386,3,559.3107133000012,,,,,,,,,559.2971767999989,559.3107133000012,559.7958594999945,559.7958594999945,560.0954420999915,560.3943671000015,560.3943671000015,560.6286993999965,right,1,0.2263082999998005,None,,,,03,001,2025-11-14_20h52.05.215,cueing_task_exp,,2025.1.1,60.64877204026198,2025-11-14 20h52.20.743092 +0530,
→,0.5,valid,right,387,7,38,right,1,0.2072825999930501,None,38,7,387,7,560.6442180000013,,,,,,,,,560.6293938000017,560.6442180000013,561.1293296999938,561.1293296999938,561.4287970000005,561.7290969000023,561.7290969000023,561.9451639000035,right,1,0.2072825999930501,None,,,,03,001,2025-11-14_20h52.05.215,cueing_task_exp,,2025.1.1,60.64877204026198,2025-11-14 20h52.20.743092 +0530,
←,-0.5,valid,left,388,8,38,left,1,0.2426566000067396,None,38,8,388,4,561.9626045000041,,,,,,,,,561.9474729999929,561.9626045000041,562.4459350999969,562.4459350999969,562.7455917000043,563.0625160999916,563.0625160999916,563.313905899995,left,1,0.2426566000067396,None,,,,03,001,2025-11-14_20h52.05.215,cueing_task_exp,,2025.1.1,60.64877204026198,2025-11-14 20h52.20.743092 +0530,
→,-0.5,invalid,left,389,9,38,left,1,0.3749794000032125,None,38,9,389,8,563.3271261999907,,,,,,,,,563.316411199994,563.3271261999907,563.829253399992,563.829253399992,564.1275403000036,564.4292189999978,564.4292189999978,564.8136821999942,left,1,0.3749794000032125,None,,,,03,001,2025-11-14_20h52.05.215,cueing_task_exp,,2025.1.1,60.64877204026198,2025-11-14 20h52.20.743092 +0530,
→,0.5,valid,right,390,0,39,right,1,0.3544107000052463,None,39,0,390,0,564.8275042000023,,,,,,,,,564.8142274999991,564.8275042000023,565.329312899994,565.329312899994,565.6282087,565.9293015000003,565.9293015000003,566.2949790999992,right,1,0.3544107000052463,None,,,,03,001,2025-11-14_20h52.05.215,cueing_task_exp,,2025.1.1,60.64877204026198,2025-11-14 20h52.20.743092 +0530,
←,-0.5,valid,left,391,1,39,left,1,0.2977495999948587,None,39,1,391,6,566.3110535000014,,,,,,,,,566.2973027999979,566.3110535000014,566.7960469999962,566.7960469999962,567.095333499994,567.394521299997,567.394521299997,567.6955631000019,left,1,0.2977495999948587,None,,,,03,001,2025-11-14_20h52.05.215,cueing_task_exp,,2025.1.1,60.64877204026198,2025-11-14 20h52.20.743092 +0530,
→,0.5,valid,right,392,2,39,right,1,0.21592089999467134,None,39,2,392,2,567.7111120999907,,,,,,,,,567.6982355999935,567.7111120999907,568.1950839999918,568.1950839999918,568.4943946999992,568.7958412000007,568.7958412000007,569.0127337000013,right,1,0.21592089999467134,None,,,,03,001,2025-11-14_20h52.05.215,cueing_task_exp,,2025.1.1,60.64877204026198,2025-11-14 20h52.20.743092 +0530,
→,0.5,valid,right,393,3,39,right,1,0.19658399999025278,None,39,3,393,3,569.0278749999998,,,,,,,,,569.0132551999995,569.0278749999998,569.5125778999936,569.5125778999936,569.8125180999923,570.1121607999958,570.1121607999958,570.3125806000025,right,1,0.19658399999025278,None,,,,03,001,2025-11-14_20h52.05.215,cueing_task_exp,,2025.1.1,60.64877204026198,2025-11-14 20h52.20.743092 +0530,
→,-0.5,invalid,left,394,4,39,left,1,0.4175373000034597,None,39,4,394,8,570.3280029000016,,,,,,,,,570.3132005999942,570.3280029000016,570.8127606999915,570.8127606999915,571.1122617999936,571.4124397999985,571.4124397999985,571.8467206999921,left,1,0.4175373000034597,None,,,,03,001,2025-11-14_20h52.05.215,cueing_task_exp,,2025.1.1,60.64877204026198,2025-11-14 20h52.20.743092 +0530,
←,-0.5,valid,left,395,5,39,left,1,0.2954373999964446,None,39,5,395,4,571.860881200002,,,,,,,,,571.8492553999968,571.860881200002,572.3461473999923,572.3461473999923,572.6611502000014,572.9622877999936,572.9622877999936,573.2629011999961,left,1,0.2954373999964446,None,,,,03,001,2025-11-14_20h52.05.215,cueing_task_exp,,2025.1.1,60.64877204026198,2025-11-14 20h52.20.743092 +0530,
←,-0.5,valid,left,396,6,39,left,1,0.2891315000015311,None,39,6,396,5,573.277500199998,,,,,,,,,573.2634223999921,573.277500199998,573.7610649999988,573.7610649999988,574.0629677999968,574.3620177999983,574.3620177999983,574.6617323999963,left,1,0.2891315000015311,None,,,,03,001,2025-11-14_20h52.05.215,cueing_task_exp,,2025.1.1,60.64877204026198,2025-11-14 20h52.20.743092 +0530,
←,-0.5,valid,left,397,7,39,left,1,0.3420685000019148,None,39,7,397,1,574.677758699996,,,,,,,,,574.6621977000032,574.677758699996,575.162192799995,575.162192799995,575.4627055000019,575.761397299997,575.761397299997,576.1133471999929,left,1,0.3420685000019148,None,,,,03,001,2025-11-14_20h52.05.215,cueing_task_exp,,2025.1.1,60.64877204026198,2025-11-14 20h52.20.743092 +0530,
→,0.5,valid,right,398,8,39,right,1,0.19293000000470784,None,39,8,398,7,576.1276986000012,,,,,,,,,576.116245199999,576.1276986000012,576.6110048999981,576.6110048999981,576.9128842999926,577.2295275999932,577.2295275999932,577.428665200001,right,1,0.19293000000470784,None,,,,03,001,2025-11-14_20h52.05.215,cueing_task_exp,,2025.1.1,60.64877204026198,2025-11-14 20h52.20.743092 +0530,
←,0.5,invalid,right,399,9,39,right,1,0.4010260999930324,None,39,9,399,9,577.4444044999982,,,,,,,,,577.4313070999924,577.4444044999982,577.9277925999922,577.9277925999922,578.2289538999903,578.5295268999907,578.5295268999907,578.9448023000004,right,1,0.4010260999930324,None,,,,03,001,2025-11-14_20h52.05.215,cueing_task_exp,,2025.1.1,60.64877204026198,2025-11-14 20h52.20.743092 +0530,
,,,,,,,,,,,,,,,,,,,,,,,,,,,,,,,,,,,,578.9449764000019,578.9624153000041,579.1463516999938,03,001,2025-11-14_20h52.05.215,cueing_task_exp,,2025.1.1,60.64877204026198,2025-11-14 20h52.20.743092 +0530,
