cue_arrow,target_x,condition,corr_Ans,thisN,thisTrialN,thisRepN,key_resp.keys,key_resp.corr,key_resp.rt,key_resp.duration,trials.thisRepN,trials.thisTrialN,trials.thisN,trials.thisIndex,thisRow.t,notes,welcome.started,welcome_text.started,start_key.started,welcome.stopped,start_key.keys,start_key.rt,start_key.duration,trial.started,fixation.started,fixation.stopped,cue_text.started,cue_text.stopped,target.started,key_resp.started,trial.stopped,trials.key_resp.keys,trials.key_resp.corr,trials.key_resp.rt,trials.key_resp.duration,thankyou.started,text.started,thankyou.stopped,participant,session,date,expName,expVersion,psychopyVersion,frameRate,expStart,
,,,,,,,,,,,,,,,,,0.00685469999734778,0.01705700000457,0.01705700000457,1.825130099998205,space,1.7021024999994552,None,,,,,,,,,,,,,,,,04,001,2025-11-14_23h25.46.410,cueing_task_exp,,2025.1.1,60.10677367408955,2025-11-14 23h25.53.150921 +0530,
←,-0.5,valid,left,0,0,0,left,1,0.3135254999942845,None,0,0,0,6,1.860569900003611,,,,,,,,,1.8492429000034463,1.860569900003611,2.330463200007216,2.330463200007216,2.630283000005875,2.9300044999981765,2.9300044999981765,3.2464695000089705,left,1,0.3135254999942845,None,,,,04,001,2025-11-14_23h25.46.410,cueing_task_exp,,2025.1.1,60.10677367408955,2025-11-14 23h25.53.150921 +0530,
→,-0.5,invalid,left,1,1,0,left,1,1.741508100007195,None,0,1,1,8,3.261411900006351,,,,,,,,,3.2516505000094185,3.261411900006351,3.7639868999976898,3.7639868999976898,4.046607500000391,4.345644700006233,4.345644700006233,6.096530700000585,left,1,1.741508100007195,None,,,,04,001,2025-11-14_23h25.46.410,cueing_task_exp,,2025.1.1,60.10677367408955,2025-11-14 23h25.53.150921 +0530,
→,0.5,valid,right,2,2,0,right,1,0.26728869999351446,None,0,2,2,3,6.114190000007511,,,,,,,,,6.097011400008341,6.114190000007511,6.595879200001946,6.595879200001946,6.914219099999173,7.197332199997618,7.197332199997618,7.479687200000626,right,1,0.26728869999351446,None,,,,04,001,2025-11-14_23h25.46.410,cueing_task_exp,,2025.1.1,60.10677367408955,2025-11-14 23h25.53.150921 +0530,
→,0.5,valid,right,3,3,0,right,1,0.2638896999997087,None,0,3,3,2,7.497145400004229,,,,,,,,,7.480135500009055,7.497145400004229,7.980690099997446,7.980690099997446,8.278642000004766,8.580452100010007,8.580452100010007,8.846329500011052,right,1,0.2638896999997087,None,,,,04,001,2025-11-14_23h25.46.410,cueing_task_exp,,2025.1.1,60.10677367408955,2025-11-14 23h25.53.150921 +0530,
←,0.5,invalid,right,4,4,0,right,1,0.7624459999933606,None,0,4,4,9,8.862204300006852,,,,,,,,,8.848662800010061,8.862204300006852,9.347598000007565,9.347598000007565,9.646761900003185,9.946901200004504,9.946901200004504,10.713924199997564,right,1,0.7624459999933606,None,,,,04,001,2025-11-14_23h25.46.410,cueing_task_exp,,2025.1.1,60.10677367408955,2025-11-14 23h25.53.150921 +0530,
←,-0.5,valid,left,5,5,0,left,1,0.49739030000637285,None,0,5,5,1,10.729010100010782,,,,,,,,,10.714468999998644,10.729010100010782,11.212561100008315,11.212561100008315,11.529235800000606,11.814004100000602,11.814004100000602,12.31356070000038,left,1,0.49739030000637285,None,,,,04,001,2025-11-14_23h25.46.410,cueing_task_exp,,2025.1.1,60.10677367408955,2025-11-14 23h25.53.150921 +0530,
←,-0.5,valid,left,6,6,0,left,1,0.45029400000930764,None,0,6,6,5,12.329219400009606,,,,,,,,,12.314018600009149,12.329219400009606,12.81422559999919,12.81422559999919,13.113651300009224,13.41377420000208,13.41377420000208,13.880015200003982,left,1,0.45029400000930764,None,,,,04,001,2025-11-14_23h25.46.410,cueing_task_exp,,2025.1.1,60.10677367408955,2025-11-14 23h25.53.150921 +0530,
→,0.5,valid,right,7,7,0,right,1,0.37701410001318436,None,0,7,7,7,13.896640500010108,,,,,,,,,13.882383800009848,13.896640500010108,14.380833200004417,14.380833200004417,14.679268599997158,14.980215000003227,14.980215000003227,15.363398500005133,right,1,0.37701410001318436,None,,,,04,001,2025-11-14_23h25.46.410,cueing_task_exp,,2025.1.1,60.10677367408955,2025-11-14 23h25.53.150921 +0530,
→,0.5,valid,right,8,8,0,right,1,0.45548789999156725,None,0,8,8,0,15.378969500001404,,,,,,,,,15.363993999999366,15.378969500001404,15.863939300004859,15.863939300004859,16.16416690000915,16.464210100006312,16.464210100006312,16.929646200005664,right,1,0.45548789999156725,None,,,,04,001,2025-11-14_23h25.46.410,cueing_task_exp,,2025.1.1,60.10677367408955,2025-11-14 23h25.53.150921 +0530,
←,-0.5,valid,left,9,9,0,left,1,0.4194560000032652,None,0,9,9,4,16.945718100003432,,,,,,,,,16.9320238000073,16.945718100003432,17.430582000000868,17.430582000000868,17.730264600002556,18.03054880000127,18.03054880000127,18.463721799998893,left,1,0.4194560000032652,None,,,,04,001,2025-11-14_23h25.46.410,cueing_task_exp,,2025.1.1,60.10677367408955,2025-11-14 23h25.53.150921 +0530,
→,0.5,valid,right,10,0,1,right,1,0.2517796000029193,None,1,0,10,3,18.47889730001043,,,,,,,,,18.466012900011265,18.47889730001043,18.980180099999416,18.980180099999416,19.262432100003934,19.56418549999944,19.56418549999944,19.830554200001643,right,1,0.2517796000029193,None,,,,04,001,2025-11-14_23h25.46.410,cueing_task_exp,,2025.1.1,60.10677367408955,2025-11-14 23h25.53.150921 +0530,
←,-0.5,valid,left,11,1,1,left,1,0.3934093000134453,None,1,1,11,6,19.845796100009466,,,,,,,,,19.833983900010935,19.845796100009466,20.330730000001495,20.330730000001495,20.63085929999943,20.929384600007324,20.929384600007324,21.33028259999992,left,1,0.3934093000134453,None,,,,04,001,2025-11-14_23h25.46.410,cueing_task_exp,,2025.1.1,60.10677367408955,2025-11-14 23h25.53.150921 +0530,
←,-0.5,valid,left,12,2,1,left,1,0.5458485999988625,None,1,2,12,4,21.346207700000377,,,,,,,,,21.3309772000066,21.346207700000377,21.82987349999894,21.82987349999894,22.12968160001037,22.429600500006927,22.429600500006927,22.97963050000544,left,1,0.5458485999988625,None,,,,04,001,2025-11-14_23h25.46.410,cueing_task_exp,,2025.1.1,60.10677367408955,2025-11-14 23h25.53.150921 +0530,
→,0.5,valid,right,13,3,1,right,1,0.417411100002937,None,1,3,13,7,22.995511600005557,,,,,,,,,22.98151890000736,22.995511600005557,23.47976000000199,23.47976000000199,23.780994400003692,24.080716700002085,24.080716700002085,24.513056800002232,right,1,0.417411100002937,None,,,,04,001,2025-11-14_23h25.46.410,cueing_task_exp,,2025.1.1,60.10677367408955,2025-11-14 23h25.53.150921 +0530,
→,-0.5,invalid,left,14,4,1,left,1,1.5533087000076193,None,1,4,14,8,24.52884910001012,,,,,,,,,24.513534199999413,24.52884910001012,25.012609500001417,25.012609500001417,25.314014400006272,25.614041000008,25.614041000008,27.18022490000294,left,1,1.5533087000076193,None,,,,04,001,2025-11-14_23h25.46.410,cueing_task_exp,,2025.1.1,60.10677367408955,2025-11-14 23h25.53.150921 +0530,
→,0.5,valid,right,15,5,1,right,1,0.3762762999976985,None,1,5,15,2,27.19684170000255,,,,,,,,,27.18073410000943,27.19684170000255,27.680833899998106,27.680833899998106,27.98095870000543,28.279409800001304,28.279409800001304,28.66364510000858,right,1,0.3762762999976985,None,,,,04,001,2025-11-14_23h25.46.410,cueing_task_exp,,2025.1.1,60.10677367408955,2025-11-14 23h25.53.150921 +0530,
←,0.5,invalid,right,16,6,1,right,1,0.8142919000092661,None,1,6,16,9,28.679567200000747,,,,,,,,,28.666447900002822,28.679567200000747,29.162638399997377,29.162638399997377,29.463555299997097,29.781214800008456,29.781214800008456,30.597215500005404,right,1,0.8142919000092661,None,,,,04,001,2025-11-14_23h25.46.410,cueing_task_exp,,2025.1.1,60.10677367408955,2025-11-14 23h25.53.150921 +0530,
←,-0.5,valid,left,17,7,1,left,1,0.6449033999961102,None,1,7,17,1,30.613416599997436,,,,,,,,,30.59773910000513,30.613416599997436,31.09708920000412,31.09708920000412,31.396748700004537,31.696076400010497,31.696076400010497,32.34738140000263,left,1,0.6449033999961102,None,,,,04,001,2025-11-14_23h25.46.410,cueing_task_exp,,2025.1.1,60.10677367408955,2025-11-14 23h25.53.150921 +0530,
→,0.5,valid,right,18,8,1,right,1,0.29093050000665244,None,1,8,18,0,32.363130500001716,,,,,,,,,32.350090799998725,32.363130500001716,32.862549299999955,32.862549299999955,33.162295800007996,33.462349100009305,33.462349100009305,33.76295289999689,right,1,0.29093050000665244,None,,,,04,001,2025-11-14_23h25.46.410,cueing_task_exp,,2025.1.1,60.10677367408955,2025-11-14 23h25.53.150921 +0530,
←,-0.5,valid,left,19,9,1,left,1,0.28123200000845827,None,1,9,19,5,33.77899530000286,,,,,,,,,33.76456120000512,33.77899530000286,34.262527800005046,34.262527800005046,34.562275700009195,34.86247600000934,34.86247600000934,35.146040699997684,left,1,0.28123200000845827,None,,,,04,001,2025-11-14_23h25.46.410,cueing_task_exp,,2025.1.1,60.10677367408955,2025-11-14 23h25.53.150921 +0530,
→,0.5,valid,right,20,0,2,right,1,0.2536173999978928,None,2,0,20,7,35.162399499997264,,,,,,,,,35.14763639999728,35.162399499997264,35.6456060000055,35.6456060000055,35.945816899999045,36.24577410001075,36.24577410001075,36.51275270000042,right,1,0.2536173999978928,None,,,,04,001,2025-11-14_23h25.46.410,cueing_task_exp,,2025.1.1,60.10677367408955,2025-11-14 23h25.53.150921 +0530,
←,-0.5,valid,left,21,1,2,left,1,0.370462500010035,None,2,1,21,5,36.52877060000901,,,,,,,,,36.51446930000384,36.52877060000901,37.01303810000536,37.01303810000536,37.312281799997436,37.613063700002385,37.613063700002385,37.997457200006465,left,1,0.370462500010035,None,,,,04,001,2025-11-14_23h25.46.410,cueing_task_exp,,2025.1.1,60.10677367408955,2025-11-14 23h25.53.150921 +0530,
←,-0.5,valid,left,22,2,2,left,1,0.31443890000809915,None,2,2,22,1,38.013195500010625,,,,,,,,,37.997910100006266,38.013195500010625,38.49634440000227,38.49634440000227,38.79725529999996,39.097586100004264,39.097586100004264,39.41455410000344,left,1,0.31443890000809915,None,,,,04,001,2025-11-14_23h25.46.410,cueing_task_exp,,2025.1.1,60.10677367408955,2025-11-14 23h25.53.150921 +0530,
→,0.5,valid,right,23,3,2,right,1,0.23151009999855887,None,2,3,23,2,39.42995289999817,,,,,,,,,39.41679770000337,39.42995289999817,39.91468129999703,39.91468129999703,40.21446920000017,40.51462870000978,40.51462870000978,40.74746130000858,right,1,0.23151009999855887,None,,,,04,001,2025-11-14_23h25.46.410,cueing_task_exp,,2025.1.1,60.10677367408955,2025-11-14 23h25.53.150921 +0530,
→,-0.5,invalid,left,24,4,2,left,1,1.0317558999959147,None,2,4,24,8,40.76299499999732,,,,,,,,,40.74793800000043,40.76299499999732,41.24793189999764,41.24793189999764,41.546862700008205,41.8470326000097,41.8470326000097,42.880040600008215,left,1,1.0317558999959147,None,,,,04,001,2025-11-14_23h25.46.410,cueing_task_exp,,2025.1.1,60.10677367408955,2025-11-14 23h25.53.150921 +0530,
←,-0.5,valid,left,25,5,2,left,1,0.28916990000288934,None,2,5,25,6,42.89616980000574,,,,,,,,,42.88247219999903,42.89616980000574,43.38131019999855,43.38131019999855,43.68103849999898,43.98052040000039,43.98052040000039,44.28070909999951,left,1,0.28916990000288934,None,,,,04,001,2025-11-14_23h25.46.410,cueing_task_exp,,2025.1.1,60.10677367408955,2025-11-14 23h25.53.150921 +0530,
→,0.5,valid,right,26,6,2,right,1,0.24627369998779614,None,2,6,26,0,44.29681549999805,,,,,,,,,44.2830171000096,44.29681549999805,44.781128100003116,44.781128100003116,45.09803850000026,45.38138190000609,45.38138190000609,45.63076130000991,right,1,0.24627369998779614,None,,,,04,001,2025-11-14_23h25.46.410,cueing_task_exp,,2025.1.1,60.10677367408955,2025-11-14 23h25.53.150921 +0530,
→,0.5,valid,right,27,7,2,right,1,0.29973600000084843,None,2,7,27,3,45.646259400004055,,,,,,,,,45.63130380000803,45.646259400004055,46.12979180000548,46.12979180000548,46.43132760000299,46.73095350000949,46.73095350000949,47.04793549999886,right,1,0.29973600000084843,None,,,,04,001,2025-11-14_23h25.46.410,cueing_task_exp,,2025.1.1,60.10677367408955,2025-11-14 23h25.53.150921 +0530,
←,0.5,invalid,right,28,8,2,right,1,2.113519099992118,None,2,8,28,9,47.0635842000047,,,,,,,,,47.050450299997465,47.0635842000047,47.5476301000017,47.5476301000017,47.84841580000648,48.14789020000899,48.14789020000899,50.26417930000753,right,1,2.113519099992118,None,,,,04,001,2025-11-14_23h25.46.410,cueing_task_exp,,2025.1.1,60.10677367408955,2025-11-14 23h25.53.150921 +0530,
←,-0.5,valid,left,29,9,2,left,1,0.37433710000186693,None,2,9,29,4,50.28021979999903,,,,,,,,,50.26483050000388,50.28021979999903,50.78058590000728,50.78058590000728,51.064131600011024,51.36474650001037,51.36474650001037,51.748715800000355,left,1,0.37433710000186693,None,,,,04,001,2025-11-14_23h25.46.410,cueing_task_exp,,2025.1.1,60.10677367408955,2025-11-14 23h25.53.150921 +0530,
→,0.5,valid,right,30,0,3,right,1,0.3144992000015918,None,3,0,30,3,51.76276140000846,,,,,,,,,51.75155719999748,51.76276140000846,52.24783350000507,52.24783350000507,52.548363699999754,52.84700150000572,52.84700150000572,53.163876899998286,right,1,0.3144992000015918,None,,,,04,001,2025-11-14_23h25.46.410,cueing_task_exp,,2025.1.1,60.10677367408955,2025-11-14 23h25.53.150921 +0530,
→,0.5,valid,right,31,1,3,right,1,0.5875333999865688,None,3,1,31,7,53.17973360000178,,,,,,,,,53.16456640000979,53.17973360000178,53.66431829999783,53.66431829999783,53.96476420000545,54.26483690000896,54.26483690000896,54.86422240000684,right,1,0.5875333999865688,None,,,,04,001,2025-11-14_23h25.46.410,cueing_task_exp,,2025.1.1,60.10677367408955,2025-11-14 23h25.53.150921 +0530,
←,-0.5,valid,left,32,2,3,left,1,1.4162173000077019,None,3,2,32,5,54.87981110000692,,,,,,,,,54.866688200010685,54.87981110000692,55.36328890000004,55.36328890000004,55.68001080000249,55.96484169999894,55.96484169999894,57.39750180000556,left,1,1.4162173000077019,None,,,,04,001,2025-11-14_23h25.46.410,cueing_task_exp,,2025.1.1,60.10677367408955,2025-11-14 23h25.53.150921 +0530,
→,0.5,valid,right,33,3,3,right,1,0.3511125999939395,None,3,3,33,2,57.41329140000744,,,,,,,,,57.40014730000985,57.41329140000744,57.89794910000637,57.89794910000637,58.21370500000194,58.4977668000065,58.4977668000065,58.86430950000067,right,1,0.3511125999939395,None,,,,04,001,2025-11-14_23h25.46.410,cueing_task_exp,,2025.1.1,60.10677367408955,2025-11-14 23h25.53.150921 +0530,
←,-0.5,valid,left,34,4,3,left,1,0.19132150000950787,None,3,4,34,4,58.88088750001043,,,,,,,,,58.86676340000122,58.88088750001043,59.364629200004856,59.364629200004856,59.66475470000296,59.981744700009585,59.981744700009585,60.18213640000613,left,1,0.19132150000950787,None,,,,04,001,2025-11-14_23h25.46.410,cueing_task_exp,,2025.1.1,60.10677367408955,2025-11-14 23h25.53.150921 +0530,
←,-0.5,valid,left,35,5,3,left,1,0.27818870000191964,None,3,5,35,1,60.19656380001106,,,,,,,,,60.18288810001104,60.19656380001106,60.68134989999817,60.68134989999817,60.99811230000341,61.29831860000559,61.29831860000559,61.580846500000916,left,1,0.27818870000191964,None,,,,04,001,2025-11-14_23h25.46.410,cueing_task_exp,,2025.1.1,60.10677367408955,2025-11-14 23h25.53.150921 +0530,
←,0.5,invalid,right,36,6,3,right,1,0.7319453000091016,None,3,6,36,9,61.5965326000005,,,,,,,,,61.581442299997434,61.5965326000005,62.08012620000227,62.08012620000227,62.39784849999705,62.68109150000964,62.68109150000964,63.43087510000623,right,1,0.7319453000091016,None,,,,04,001,2025-11-14_23h25.46.410,cueing_task_exp,,2025.1.1,60.10677367408955,2025-11-14 23h25.53.150921 +0530,
→,-0.5,invalid,left,37,7,3,left,1,1.3766486999957124,None,3,7,37,8,63.446604199998546,,,,,,,,,63.43360640000901,63.446604199998546,63.930554200007464,63.930554200007464,64.23173400000087,64.53175710000505,64.53175710000505,65.91464519999863,left,1,1.3766486999957124,None,,,,04,001,2025-11-14_23h25.46.410,cueing_task_exp,,2025.1.1,60.10677367408955,2025-11-14 23h25.53.150921 +0530,
→,0.5,valid,right,38,8,3,right,1,0.17809309999574907,None,3,8,38,0,65.93012780000572,,,,,,,,,65.91511780000292,65.93012780000572,66.41463700000895,66.41463700000895,66.71458100000746,67.01469730000827,67.01469730000827,67.19877160000033,right,1,0.17809309999574907,None,,,,04,001,2025-11-14_23h25.46.410,cueing_task_exp,,2025.1.1,60.10677367408955,2025-11-14 23h25.53.150921 +0530,
←,-0.5,valid,left,39,9,3,left,1,0.27529150000191294,None,3,9,39,6,67.21310920000542,,,,,,,,,67.20147530001123,67.21310920000542,67.71509810000134,67.71509810000134,67.99833220000437,68.3139019000082,68.3139019000082,68.59803819999797,left,1,0.27529150000191294,None,,,,04,001,2025-11-14_23h25.46.410,cueing_task_exp,,2025.1.1,60.10677367408955,2025-11-14 23h25.53.150921 +0530,
→,0.5,valid,right,40,0,4,right,1,0.295971899991855,None,4,0,40,0,68.61487430000852,,,,,,,,,68.60041810000257,68.61487430000852,69.09819390000484,69.09819390000484,69.41499560000375,69.69863510000869,69.69863510000869,69.99807880001026,right,1,0.295971899991855,None,,,,04,001,2025-11-14_23h25.46.410,cueing_task_exp,,2025.1.1,60.10677367408955,2025-11-14 23h25.53.150921 +0530,
←,0.5,invalid,right,41,1,4,right,1,0.6512110000039684,None,4,1,41,9,70.01361650000035,,,,,,,,,70.00054860000091,70.01361650000035,70.49778859999788,70.49778859999788,70.7983985000028,71.09821779999766,71.09821779999766,71.76523790000647,right,1,0.6512110000039684,None,,,,04,001,2025-11-14_23h25.46.410,cueing_task_exp,,2025.1.1,60.10677367408955,2025-11-14 23h25.53.150921 +0530,
→,0.5,valid,right,42,2,4,right,1,0.39201549999415874,None,4,2,42,3,71.77912980000838,,,,,,,,,71.76877080000122,71.77912980000838,72.26520310000342,72.26520310000342,72.5649670999992,72.86339710000902,72.86339710000902,73.26562030000787,right,1,0.39201549999415874,None,,,,04,001,2025-11-14_23h25.46.410,cueing_task_exp,,2025.1.1,60.10677367408955,2025-11-14 23h25.53.150921 +0530,
→,-0.5,invalid,left,43,3,4,left,1,0.9117839999962598,None,4,3,43,8,73.28052800000296,,,,,,,,,73.26622299999872,73.28052800000296,73.78162340000563,73.78162340000563,74.06528470000194,74.38093490000756,74.38093490000756,75.29741320000903,left,1,0.9117839999962598,None,,,,04,001,2025-11-14_23h25.46.410,cueing_task_exp,,2025.1.1,60.10677367408955,2025-11-14 23h25.53.150921 +0530,
←,-0.5,valid,left,44,4,4,left,1,0.4358503999974346,None,4,4,44,4,75.3143648999976,,,,,,,,,75.29982200000086,75.3143648999976,75.79850260000967,75.79850260000967,76.09873209999932,76.39818820000801,76.39818820000801,76.84769059999962,left,1,0.4358503999974346,None,,,,04,001,2025-11-14_23h25.46.410,cueing_task_exp,,2025.1.1,60.10677367408955,2025-11-14 23h25.53.150921 +0530,
←,-0.5,valid,left,45,5,4,left,1,0.6808514000003925,None,4,5,45,6,76.86469339999894,,,,,,,,,76.84816020001017,76.86469339999894,77.34828320000088,77.34828320000088,77.6485565000039,77.94750210001075,77.94750210001075,78.63163180000265,left,1,0.6808514000003925,None,,,,04,001,2025-11-14_23h25.46.410,cueing_task_exp,,2025.1.1,60.10677367408955,2025-11-14 23h25.53.150921 +0530,
←,-0.5,valid,left,46,6,4,left,1,0.2957267000019783,None,4,6,46,5,78.64704609999899,,,,,,,,,78.63218620000407,78.64704609999899,79.13194930000464,79.13194930000464,79.43156840000302,79.73193609999726,79.73193609999726,80.03119600001082,left,1,0.2957267000019783,None,,,,04,001,2025-11-14_23h25.46.410,cueing_task_exp,,2025.1.1,60.10677367408955,2025-11-14 23h25.53.150921 +0530,
←,-0.5,valid,left,47,7,4,left,1,0.2632698999950662,None,4,7,47,1,80.04699800000526,,,,,,,,,80.0317747000081,80.04699800000526,80.53149150000536,80.53149150000536,80.83156720000261,81.1311898999993,81.1311898999993,81.39792030000535,left,1,0.2632698999950662,None,,,,04,001,2025-11-14_23h25.46.410,cueing_task_exp,,2025.1.1,60.10677367408955,2025-11-14 23h25.53.150921 +0530,
→,0.5,valid,right,48,8,4,right,1,0.2722961999970721,None,4,8,48,2,81.41398969999864,,,,,,,,,81.40114840000751,81.41398969999864,81.89853360000416,81.89853360000416,82.1984264000057,82.4967719999986,82.4967719999986,82.7819787000044,right,1,0.2722961999970721,None,,,,04,001,2025-11-14_23h25.46.410,cueing_task_exp,,2025.1.1,60.10677367408955,2025-11-14 23h25.53.150921 +0530,
→,0.5,valid,right,49,9,4,right,1,0.1514045000076294,None,4,9,49,7,82.7968503000011,,,,,,,,,82.78249160000996,82.7968503000011,83.28199570000288,83.28199570000288,83.5985253000108,83.88195940000878,83.88195940000878,84.04794220000622,right,1,0.1514045000076294,None,,,,04,001,2025-11-14_23h25.46.410,cueing_task_exp,,2025.1.1,60.10677367408955,2025-11-14 23h25.53.150921 +0530,
←,-0.5,valid,left,50,0,5,left,1,0.3107027000078233,None,5,0,50,5,84.06374330000835,,,,,,,,,84.05068830000528,84.06374330000835,84.54741920001106,84.54741920001106,84.84859280000092,85.14691190001031,85.14691190001031,85.4657686999999,left,1,0.3107027000078233,None,,,,04,001,2025-11-14_23h25.46.410,cueing_task_exp,,2025.1.1,60.10677367408955,2025-11-14 23h25.53.150921 +0530,
→,0.5,valid,right,51,1,5,right,1,0.34561889999895357,None,5,1,51,7,85.47985800000606,,,,,,,,,85.468778200011,85.47985800000606,85.96562370000174,85.96562370000174,86.28163490000588,86.56490820000181,86.56490820000181,86.91464080000878,right,1,0.34561889999895357,None,,,,04,001,2025-11-14_23h25.46.410,cueing_task_exp,,2025.1.1,60.10677367408955,2025-11-14 23h25.53.150921 +0530,
→,0.5,valid,right,52,2,5,right,1,0.32011030000285245,None,5,2,52,3,86.93038279999746,,,,,,,,,86.9152436000004,86.93038279999746,87.41467520000879,87.41467520000879,87.71532149999985,88.0140526000032,88.0140526000032,88.34830599999987,right,1,0.32011030000285245,None,,,,04,001,2025-11-14_23h25.46.410,cueing_task_exp,,2025.1.1,60.10677367408955,2025-11-14 23h25.53.150921 +0530,
→,-0.5,invalid,left,53,3,5,left,1,0.43075369999860413,None,5,3,53,8,88.36479960000725,,,,,,,,,88.34887020000315,88.36479960000725,88.8487962000072,88.8487962000072,89.148666100009,89.44822970000678,89.44822970000678,89.88145719999739,left,1,0.43075369999860413,None,,,,04,001,2025-11-14_23h25.46.410,cueing_task_exp,,2025.1.1,60.10677367408955,2025-11-14 23h25.53.150921 +0530,
→,0.5,valid,right,54,4,5,right,1,0.44885069999145344,None,5,4,54,2,89.89704779999738,,,,,,,,,89.8819027999998,89.89704779999738,90.3819352999999,90.3819352999999,90.6824925999972,90.98220150000998,90.98220150000998,91.44817040000635,right,1,0.44885069999145344,None,,,,04,001,2025-11-14_23h25.46.410,cueing_task_exp,,2025.1.1,60.10677367408955,2025-11-14 23h25.53.150921 +0530,
←,-0.5,valid,left,55,5,5,left,1,0.34307540000008885,None,5,5,55,6,91.46536680001009,,,,,,,,,91.45108710000932,91.46536680001009,91.94820670000627,91.94820670000627,92.24875870000687,92.5484848000051,92.5484848000051,92.89839270000812,left,1,0.34307540000008885,None,,,,04,001,2025-11-14_23h25.46.410,cueing_task_exp,,2025.1.1,60.10677367408955,2025-11-14 23h25.53.150921 +0530,
←,-0.5,valid,left,56,6,5,left,1,0.37149170000338927,None,5,6,56,1,92.91379800000868,,,,,,,,,92.89897860000201,92.91379800000868,93.39832249999745,93.39832249999745,93.6971637000097,93.9984192999982,93.9984192999982,94.38120309999795,left,1,0.37149170000338927,None,,,,04,001,2025-11-14_23h25.46.410,cueing_task_exp,,2025.1.1,60.10677367408955,2025-11-14 23h25.53.150921 +0530,
←,-0.5,valid,left,57,7,5,left,1,0.6863425999908941,None,5,7,57,4,94.39883970000665,,,,,,,,,94.38174379999691,94.39883970000665,94.88228859999799,94.88228859999799,95.18260130000999,95.48088909999933,95.48088909999933,96.18227560000378,left,1,0.6863425999908941,None,,,,04,001,2025-11-14_23h25.46.410,cueing_task_exp,,2025.1.1,60.10677367408955,2025-11-14 23h25.53.150921 +0530,
←,0.5,invalid,right,58,8,5,right,1,0.5672649000043748,None,5,8,58,9,96.19838240000536,,,,,,,,,96.18272230000002,96.19838240000536,96.68211870000232,96.68211870000232,96.98093750000407,97.28195570000389,97.28195570000389,97.86468340001011,right,1,0.5672649000043748,None,,,,04,001,2025-11-14_23h25.46.410,cueing_task_exp,,2025.1.1,60.10677367408955,2025-11-14 23h25.53.150921 +0530,
→,0.5,valid,right,59,9,5,right,1,0.7095492000080412,None,5,9,59,0,97.88075019999815,,,,,,,,,97.86723730000085,97.88075019999815,98.36542980000377,98.36542980000377,98.6646225000004,98.96536260000721,98.96536260000721,99.68279140000232,right,1,0.7095492000080412,None,,,,04,001,2025-11-14_23h25.46.410,cueing_task_exp,,2025.1.1,60.10677367408955,2025-11-14 23h25.53.150921 +0530,
←,0.5,invalid,right,60,0,6,right,1,1.7201968000008492,None,6,0,60,9,99.69694190000882,,,,,,,,,99.68550570000662,99.69694190000882,100.1989736000105,100.1989736000105,100.48181630000181,100.78139679999731,100.78139679999731,102.51524020000943,right,1,1.7201968000008492,None,,,,04,001,2025-11-14_23h25.46.410,cueing_task_exp,,2025.1.1,60.10677367408955,2025-11-14 23h25.53.150921 +0530,
←,-0.5,valid,left,61,1,6,left,1,0.6390736000030302,None,6,1,61,1,102.53190670000913,,,,,,,,,102.51568660000339,102.53190670000913,103.01413609999872,103.01413609999872,103.31552679999731,103.61555630000657,103.61555630000657,104.26614249999693,left,1,0.6390736000030302,None,,,,04,001,2025-11-14_23h25.46.410,cueing_task_exp,,2025.1.1,60.10677367408955,2025-11-14 23h25.53.150921 +0530,
→,-0.5,invalid,left,62,2,6,left,1,1.388546000001952,None,6,2,62,8,104.28279080000357,,,,,,,,,104.26858990000619,104.28279080000357,104.76512170000933,104.76512170000933,105.08180759999959,105.38259970000945,105.38259970000945,106.7822065000073,left,1,1.388546000001952,None,,,,04,001,2025-11-14_23h25.46.410,cueing_task_exp,,2025.1.1,60.10677367408955,2025-11-14 23h25.53.150921 +0530,
←,-0.5,valid,left,63,3,6,left,1,0.6301872999902116,None,6,3,63,4,106.79951240000082,,,,,,,,,106.78476670000236,106.79951240000082,107.2812785999995,107.2812785999995,107.58202690001053,107.88254970000708,107.88254970000708,108.51532400000724,left,1,0.6301872999902116,None,,,,04,001,2025-11-14_23h25.46.410,cueing_task_exp,,2025.1.1,60.10677367408955,2025-11-14 23h25.53.150921 +0530,
→,0.5,valid,right,64,4,6,right,1,0.5343566999945324,None,6,4,64,0,108.53167350000876,,,,,,,,,108.51759260000836,108.53167350000876,109.01550259999931,109.01550259999931,109.31469990000187,109.61529139999766,109.61529139999766,110.16496280000138,right,1,0.5343566999945324,None,,,,04,001,2025-11-14_23h25.46.410,cueing_task_exp,,2025.1.1,60.10677367408955,2025-11-14 23h25.53.150921 +0530,
←,-0.5,valid,left,65,5,6,left,1,0.3064372000080766,None,6,5,65,6,110.1825009000022,,,,,,,,,110.16760040000372,110.1825009000022,110.66572940000333,110.66572940000333,110.96575709999888,111.26521680000587,111.26521680000587,111.58206359999895,left,1,0.3064372000080766,None,,,,04,001,2025-11-14_23h25.46.410,cueing_task_exp,,2025.1.1,60.10677367408955,2025-11-14 23h25.53.150921 +0530,
←,-0.5,valid,left,66,6,6,left,1,0.28424330000416376,None,6,6,66,5,111.59907080000266,,,,,,,,,111.58262280000781,111.59907080000266,112.082891500002,112.082891500002,112.38235090000671,112.68252729999949,112.68252729999949,112.98213930000202,left,1,0.28424330000416376,None,,,,04,001,2025-11-14_23h25.46.410,cueing_task_exp,,2025.1.1,60.10677367408955,2025-11-14 23h25.53.150921 +0530,
→,0.5,valid,right,67,7,6,right,1,0.3073073999985354,None,6,7,67,3,112.99754310000571,,,,,,,,,112.98457710001094,112.99754310000571,113.48198160000902,113.48198160000902,113.7826400000049,114.08123760001035,114.08123760001035,114.39858330000425,right,1,0.3073073999985354,None,,,,04,001,2025-11-14_23h25.46.410,cueing_task_exp,,2025.1.1,60.10677367408955,2025-11-14 23h25.53.150921 +0530,
→,0.5,valid,right,68,8,6,right,1,0.43371130000741687,None,6,8,68,7,114.41408030000457,,,,,,,,,114.3991948000039,114.41408030000457,114.89887790000648,114.89887790000648,115.21558930000174,115.49921510000422,115.49921510000422,115.94845090000308,right,1,0.43371130000741687,None,,,,04,001,2025-11-14_23h25.46.410,cueing_task_exp,,2025.1.1,60.10677367408955,2025-11-14 23h25.53.150921 +0530,
→,0.5,valid,right,69,9,6,right,1,0.35535990000062156,None,6,9,69,2,115.96552500000689,,,,,,,,,115.94914700000663,115.96552500000689,116.44818560000567,116.44818560000567,116.74788150000677,117.04923060000874,117.04923060000874,117.41561500000535,right,1,0.35535990000062156,None,,,,04,001,2025-11-14_23h25.46.410,cueing_task_exp,,2025.1.1,60.10677367408955,2025-11-14 23h25.53.150921 +0530,
←,0.5,invalid,right,70,0,7,right,1,0.937988999998197,None,7,0,70,9,117.43126270000357,,,,,,,,,117.41792079999868,117.43126270000357,117.91493250000349,117.91493250000349,118.21584040000744,118.51622700000007,118.51622700000007,119.46685399999842,right,1,0.937988999998197,None,,,,04,001,2025-11-14_23h25.46.410,cueing_task_exp,,2025.1.1,60.10677367408955,2025-11-14 23h25.53.150921 +0530,
←,-0.5,valid,left,71,1,7,left,1,0.43542880000313744,None,7,1,71,6,119.48097370000323,,,,,,,,,119.46767949999776,119.48097370000323,119.98218110000016,119.98218110000016,120.2660123000096,120.58228280000912,120.58228280000912,121.03203670000948,left,1,0.43542880000313744,None,,,,04,001,2025-11-14_23h25.46.410,cueing_task_exp,,2025.1.1,60.10677367408955,2025-11-14 23h25.53.150921 +0530,
→,0.5,valid,right,72,2,7,right,1,0.2788389999914216,None,7,2,72,2,121.04902970000694,,,,,,,,,121.03485740000906,121.04902970000694,121.53109340000083,121.53109340000083,121.83269540000765,122.13323740000487,122.13323740000487,122.41489670000738,right,1,0.2788389999914216,None,,,,04,001,2025-11-14_23h25.46.410,cueing_task_exp,,2025.1.1,60.10677367408955,2025-11-14 23h25.53.150921 +0530,
→,0.5,valid,right,73,3,7,right,1,0.5611139000102412,None,7,3,73,7,122.43115400000534,,,,,,,,,122.41534880000108,122.43115400000534,122.91599290000158,122.91599290000158,123.21613090000756,123.51500020000094,123.51500020000094,124.08159719999821,right,1,0.5611139000102412,None,,,,04,001,2025-11-14_23h25.46.410,cueing_task_exp,,2025.1.1,60.10677367408955,2025-11-14 23h25.53.150921 +0530,
←,-0.5,valid,left,74,4,7,left,1,0.690159699996002,None,7,4,74,1,124.09995319999871,,,,,,,,,124.08398820000002,124.09995319999871,124.58270700000867,124.58270700000867,124.88278280000668,125.1828036000079,125.1828036000079,125.88182530000631,left,1,0.690159699996002,None,,,,04,001,2025-11-14_23h25.46.410,cueing_task_exp,,2025.1.1,60.10677367408955,2025-11-14 23h25.53.150921 +0530,
→,-0.5,invalid,left,75,5,7,left,1,1.2398021000117296,None,7,5,75,8,125.89779100001033,,,,,,,,,125.88454210000054,125.89779100001033,126.38236170000164,126.38236170000164,126.68191470000602,126.98284300000523,126.98284300000523,128.23344490000454,left,1,1.2398021000117296,None,,,,04,001,2025-11-14_23h25.46.410,cueing_task_exp,,2025.1.1,60.10677367408955,2025-11-14 23h25.53.150921 +0530,
→,0.5,valid,right,76,6,7,right,1,0.6565185999934329,None,7,6,76,0,128.24802450000425,,,,,,,,,128.23397870000917,128.24802450000425,128.7325722000096,128.7325722000096,129.049520200002,129.332313100007,129.332313100007,129.99977419999777,right,1,0.6565185999934329,None,,,,04,001,2025-11-14_23h25.46.410,cueing_task_exp,,2025.1.1,60.10677367408955,2025-11-14 23h25.53.150921 +0530,
→,0.5,valid,right,77,7,7,right,1,0.3874424999958137,None,7,7,77,3,130.01453880000918,,,,,,,,,130.00046979999752,130.01453880000918,130.49777180000092,130.49777180000092,130.79919960000552,131.11612020000757,131.11612020000757,131.5169867000077,right,1,0.3874424999958137,None,,,,04,001,2025-11-14_23h25.46.410,cueing_task_exp,,2025.1.1,60.10677367408955,2025-11-14 23h25.53.150921 +0530,
←,-0.5,valid,left,78,8,7,left,1,0.416228999994928,None,7,8,78,4,131.53118420000828,,,,,,,,,131.51965509999718,131.53118420000828,132.01613040000666,132.01613040000666,132.3328637000086,132.6162389000092,132.6162389000092,133.04916930000763,left,1,0.416228999994928,None,,,,04,001,2025-11-14_23h25.46.410,cueing_task_exp,,2025.1.1,60.10677367408955,2025-11-14 23h25.53.150921 +0530,
←,-0.5,valid,left,79,9,7,left,1,0.5664799000078347,None,7,9,79,5,133.06561150000198,,,,,,,,,133.04964800000016,133.06561150000198,133.5493787000014,133.5493787000014,133.84891939999943,134.14784040000814,134.14784040000814,134.7156391000026,left,1,0.5664799000078347,None,,,,04,001,2025-11-14_23h25.46.410,cueing_task_exp,,2025.1.1,60.10677367408955,2025-11-14 23h25.53.150921 +0530,
→,0.5,valid,right,80,0,8,right,1,1.067395599995507,None,8,0,80,7,134.73134410000057,,,,,,,,,134.71810920001008,134.73134410000057,135.21635840000818,135.21635840000818,135.51594500000647,135.81590450000658,135.81590450000658,136.8990565999993,right,1,1.067395599995507,None,,,,04,001,2025-11-14_23h25.46.410,cueing_task_exp,,2025.1.1,60.10677367408955,2025-11-14 23h25.53.150921 +0530,
←,-0.5,valid,left,81,1,8,left,1,0.6928730000072392,None,8,1,81,6,136.91621450000093,,,,,,,,,136.90151080000214,136.91621450000093,137.39907660000608,137.39907660000608,137.69896229999722,137.99965610000072,137.99965610000072,138.70023600000422,left,1,0.6928730000072392,None,,,,04,001,2025-11-14_23h25.46.410,cueing_task_exp,,2025.1.1,60.10677367408955,2025-11-14 23h25.53.150921 +0530,
←,-0.5,valid,left,82,2,8,left,1,0.7835565999994287,None,8,2,82,5,138.7146492000029,,,,,,,,,138.70101280001109,138.7146492000029,139.19961120000517,139.19961120000517,139.51581769999757,139.81599590000405,139.81599590000405,140.6159861000051,left,1,0.7835565999994287,None,,,,04,001,2025-11-14_23h25.46.410,cueing_task_exp,,2025.1.1,60.10677367408955,2025-11-14 23h25.53.150921 +0530,
→,-0.5,invalid,left,83,3,8,left,1,1.7442625999974553,None,8,3,83,8,140.6322807000106,,,,,,,,,140.6182756000053,140.6322807000106,141.1165966999979,141.1165966999979,141.43304000000353,141.73276240000268,141.73276240000268,143.48304669999925,left,1,1.7442625999974553,None,,,,04,001,2025-11-14_23h25.46.410,cueing_task_exp,,2025.1.1,60.10677367408955,2025-11-14 23h25.53.150921 +0530,
←,-0.5,valid,left,84,4,8,left,1,0.9082168999884743,None,8,4,84,1,143.49997550000262,,,,,,,,,143.48555379999743,143.49997550000262,143.9824668000074,143.9824668000074,144.28309920000902,144.58274189999793,144.58274189999793,145.49990960001014,left,1,0.9082168999884743,None,,,,04,001,2025-11-14_23h25.46.410,cueing_task_exp,,2025.1.1,60.10677367408955,2025-11-14 23h25.53.150921 +0530,
←,0.5,invalid,right,85,5,8,right,1,1.4906326000054833,None,8,5,85,9,145.51523930000258,,,,,,,,,145.50052230000438,145.51523930000258,145.99938649999967,145.99938649999967,146.3164312000008,146.59948790000635,146.59948790000635,148.0993765000021,right,1,1.4906326000054833,None,,,,04,001,2025-11-14_23h25.46.410,cueing_task_exp,,2025.1.1,60.10677367408955,2025-11-14 23h25.53.150921 +0530,
→,0.5,valid,right,86,6,8,right,1,0.45524619999923743,None,8,6,86,0,148.11485500000708,,,,,,,,,148.10175240000535,148.11485500000708,148.60001160000684,148.60001160000684,148.91504970000824,149.19952190000913,149.19952190000913,149.66749430001073,right,1,0.45524619999923743,None,,,,04,001,2025-11-14_23h25.46.410,cueing_task_exp,,2025.1.1,60.10677367408955,2025-11-14 23h25.53.150921 +0530,
→,0.5,valid,right,87,7,8,right,1,0.3711248000035994,None,8,7,87,3,149.68267090000154,,,,,,,,,149.66813489999913,149.68267090000154,150.1833328000066,150.1833328000066,150.48275910000666,150.78167500000563,150.78167500000563,151.16593800000555,right,1,0.3711248000035994,None,,,,04,001,2025-11-14_23h25.46.410,cueing_task_exp,,2025.1.1,60.10677367408955,2025-11-14 23h25.53.150921 +0530,
←,-0.5,valid,left,88,8,8,left,1,0.3469131000019843,None,8,8,88,4,151.18366120000428,,,,,,,,,151.16876000000047,151.18366120000428,151.66621260000102,151.66621260000102,151.96481080001104,152.26604660000885,152.26604660000885,152.61581420000584,left,1,0.3469131000019843,None,,,,04,001,2025-11-14_23h25.46.410,cueing_task_exp,,2025.1.1,60.10677367408955,2025-11-14 23h25.53.150921 +0530,
→,0.5,valid,right,89,9,8,right,1,0.29924910000409,None,8,9,89,2,152.63137430000643,,,,,,,,,152.61947230000806,152.63137430000643,153.11637370000244,153.11637370000244,153.41560670000035,153.71494160000293,153.71494160000293,154.0158414000034,right,1,0.29924910000409,None,,,,04,001,2025-11-14_23h25.46.410,cueing_task_exp,,2025.1.1,60.10677367408955,2025-11-14 23h25.53.150921 +0530,
←,-0.5,valid,left,90,0,9,left,1,0.37522669999452773,None,9,0,90,5,154.03167300000496,,,,,,,,,154.01832309999736,154.03167300000496,154.51631610000913,154.51631610000913,154.81495500000892,155.11646020000626,155.11646020000626,155.49930799999856,left,1,0.37522669999452773,None,,,,04,001,2025-11-14_23h25.46.410,cueing_task_exp,,2025.1.1,60.10677367408955,2025-11-14 23h25.53.150921 +0530,
←,0.5,invalid,right,91,1,9,right,1,1.0361740000080317,None,9,1,91,9,155.51628940000955,,,,,,,,,155.4997951999976,155.51628940000955,156.00004250000347,156.00004250000347,156.2999975999992,156.61636759999965,156.61636759999965,157.66605960000015,right,1,1.0361740000080317,None,,,,04,001,2025-11-14_23h25.46.410,cueing_task_exp,,2025.1.1,60.10677367408955,2025-11-14 23h25.53.150921 +0530,
→,0.5,valid,right,92,2,9,right,1,0.2615541999984998,None,9,2,92,0,157.68184279999696,,,,,,,,,157.66849520000687,157.68184279999696,158.16637400000764,158.16637400000764,158.46617340001103,158.78302309999708,158.78302309999708,159.04949699999997,right,1,0.2615541999984998,None,,,,04,001,2025-11-14_23h25.46.410,cueing_task_exp,,2025.1.1,60.10677367408955,2025-11-14 23h25.53.150921 +0530,
→,0.5,valid,right,93,3,9,right,1,0.2728441999934148,None,9,3,93,3,159.06531279999763,,,,,,,,,159.05008200000157,159.06531279999763,159.54910090001067,159.54910090001067,159.84832509999978,160.149708500001,160.149708500001,160.4337940999976,right,1,0.2728441999934148,None,,,,04,001,2025-11-14_23h25.46.410,cueing_task_exp,,2025.1.1,60.10677367408955,2025-11-14 23h25.53.150921 +0530,
←,-0.5,valid,left,94,4,9,left,1,0.439827599999262,None,9,4,94,6,160.44726320001064,,,,,,,,,160.43712930000038,160.44726320001064,160.93339150000247,160.93339150000247,161.25001840000914,161.53338610001083,161.53338610001083,161.98400240000046,left,1,0.439827599999262,None,,,,04,001,2025-11-14_23h25.46.410,cueing_task_exp,,2025.1.1,60.10677367408955,2025-11-14 23h25.53.150921 +0530,
→,0.5,valid,right,95,5,9,right,1,0.5759569000074407,None,9,5,95,2,161.99872299999697,,,,,,,,,161.98657049999747,161.99872299999697,162.48231820001092,162.48231820001092,162.7833951000066,163.09970380000595,163.09970380000595,163.6837388999993,right,1,0.5759569000074407,None,,,,04,001,2025-11-14_23h25.46.410,cueing_task_exp,,2025.1.1,60.10677367408955,2025-11-14 23h25.53.150921 +0530,
→,0.5,valid,right,96,6,9,right,1,0.37756169999192934,None,9,6,96,7,163.69840990001103,,,,,,,,,163.6845120000071,163.69840990001103,164.1834541999997,164.1834541999997,164.4997968000098,164.7829308000073,164.7829308000073,165.16714910000155,right,1,0.37756169999192934,None,,,,04,001,2025-11-14_23h25.46.410,cueing_task_exp,,2025.1.1,60.10677367408955,2025-11-14 23h25.53.150921 +0530,
←,-0.5,valid,left,97,7,9,left,1,0.24970980000216514,None,9,7,97,1,165.18165220000083,,,,,,,,,165.17049400000542,165.18165220000083,165.666590000008,165.666590000008,165.96680520000518,166.28459570000996,166.28459570000996,166.5492130000057,left,1,0.24970980000216514,None,,,,04,001,2025-11-14_23h25.46.410,cueing_task_exp,,2025.1.1,60.10677367408955,2025-11-14 23h25.53.150921 +0530,
←,-0.5,valid,left,98,8,9,left,1,0.3069258000032278,None,9,8,98,4,166.56598330000998,,,,,,,,,166.54967079999915,166.56598330000998,167.0492377000046,167.0492377000046,167.35013220000837,167.64996029999747,167.64996029999747,167.9669445000036,left,1,0.3069258000032278,None,,,,04,001,2025-11-14_23h25.46.410,cueing_task_exp,,2025.1.1,60.10677367408955,2025-11-14 23h25.53.150921 +0530,
→,-0.5,invalid,left,99,9,9,left,1,1.4575996000057785,None,9,9,99,8,167.98282400000608,,,,,,,,,167.96944020000228,167.98282400000608,168.46555560000706,168.46555560000706,168.76644079999824,169.08270240000274,169.08270240000274,170.54952149999735,left,1,1.4575996000057785,None,,,,04,001,2025-11-14_23h25.46.410,cueing_task_exp,,2025.1.1,60.10677367408955,2025-11-14 23h25.53.150921 +0530,
←,-0.5,valid,left,100,0,10,left,1,0.4366712000046391,None,10,0,100,1,170.56617060001008,,,,,,,,,170.5519689000066,170.56617060001008,171.0495293999993,171.0495293999993,171.3499290000036,171.65060910000466,171.65060910000466,172.0991997000092,left,1,0.4366712000046391,None,,,,04,001,2025-11-14_23h25.46.410,cueing_task_exp,,2025.1.1,60.10677367408955,2025-11-14 23h25.53.150921 +0530,
→,0.5,valid,right,101,1,10,right,1,0.27814549999311566,None,10,1,101,7,172.11498860000574,,,,,,,,,172.10145870000997,172.11498860000574,172.6003747000068,172.6003747000068,172.9002776999987,173.2005732000107,173.2005732000107,173.4826871999976,right,1,0.27814549999311566,None,,,,04,001,2025-11-14_23h25.46.410,cueing_task_exp,,2025.1.1,60.10677367408955,2025-11-14 23h25.53.150921 +0530,
→,0.5,valid,right,102,2,10,right,1,0.31874589998915326,None,10,2,102,3,173.49903010000708,,,,,,,,,173.48320770000282,173.49903010000708,173.98370199999772,173.98370199999772,174.28368360000604,174.58358030000818,174.58358030000818,174.91594780000742,right,1,0.31874589998915326,None,,,,04,001,2025-11-14_23h25.46.410,cueing_task_exp,,2025.1.1,60.10677367408955,2025-11-14 23h25.53.150921 +0530,
←,-0.5,valid,left,103,3,10,left,1,0.4415914999990491,None,10,3,103,6,174.93196290000924,,,,,,,,,174.91880729999684,174.93196290000924,175.41547910000372,175.41547910000372,175.71675950000645,176.0156866000034,176.0156866000034,176.46770910000487,left,1,0.4415914999990491,None,,,,04,001,2025-11-14_23h25.46.410,cueing_task_exp,,2025.1.1,60.10677367408955,2025-11-14 23h25.53.150921 +0530,
←,0.5,invalid,right,104,4,10,right,1,0.7602538000064669,None,10,4,104,9,176.48202830000082,,,,,,,,,176.46843900000385,176.48202830000082,176.9833234000107,176.9833234000107,177.26610249999794,177.58337290000054,177.58337290000054,178.349601000009,right,1,0.7602538000064669,None,,,,04,001,2025-11-14_23h25.46.410,cueing_task_exp,,2025.1.1,60.10677367408955,2025-11-14 23h25.53.150921 +0530,
→,-0.5,invalid,left,105,5,10,left,1,1.0136496000050101,None,10,5,105,8,178.36517509999976,,,,,,,,,178.35186490000342,178.36517509999976,178.85037020000163,178.85037020000163,179.16692420000618,179.45034609999857,179.45034609999857,180.4663220000075,left,1,1.0136496000050101,None,,,,04,001,2025-11-14_23h25.46.410,cueing_task_exp,,2025.1.1,60.10677367408955,2025-11-14 23h25.53.150921 +0530,
→,0.5,valid,right,106,6,10,right,1,0.3924822000117274,None,10,6,106,0,180.4821202000021,,,,,,,,,180.46677890000865,180.4821202000021,180.9669397999969,180.9669397999969,181.26700249999703,181.5834490999987,181.5834490999987,181.98373439999705,right,1,0.3924822000117274,None,,,,04,001,2025-11-14_23h25.46.410,cueing_task_exp,,2025.1.1,60.10677367408955,2025-11-14 23h25.53.150921 +0530,
←,-0.5,valid,left,107,7,10,left,1,0.2782361999998102,None,10,7,107,5,181.99761930000386,,,,,,,,,181.9872114000027,181.99761930000386,182.4833276999998,182.4833276999998,182.78371070000867,183.08307730000524,183.08307730000524,183.36755619999894,left,1,0.2782361999998102,None,,,,04,001,2025-11-14_23h25.46.410,cueing_task_exp,,2025.1.1,60.10677367408955,2025-11-14 23h25.53.150921 +0530,
←,-0.5,valid,left,108,8,10,left,1,0.34688789999927394,None,10,8,108,4,183.3821447000082,,,,,,,,,183.36810360000527,183.3821447000082,183.86709919999703,183.86709919999703,184.16638789999706,184.46677559999807,184.46677559999807,184.8166299000004,left,1,0.34688789999927394,None,,,,04,001,2025-11-14_23h25.46.410,cueing_task_exp,,2025.1.1,60.10677367408955,2025-11-14 23h25.53.150921 +0530,
→,0.5,valid,right,109,9,10,right,1,0.37593310000374913,None,10,9,109,2,184.83171830000356,,,,,,,,,184.81965210000635,184.83171830000356,185.31675030000042,185.31675030000042,185.61540219999733,185.916802000007,185.916802000007,186.2995338000037,right,1,0.37593310000374913,None,,,,04,001,2025-11-14_23h25.46.410,cueing_task_exp,,2025.1.1,60.10677367408955,2025-11-14 23h25.53.150921 +0530,
→,0.5,valid,right,110,0,11,right,1,1.6246937999967486,None,11,0,110,7,186.316859700004,,,,,,,,,186.30016470000555,186.316859700004,186.79990440000256,186.79990440000256,187.1003730000084,187.40050509999855,187.40050509999855,189.03343989999848,right,1,1.6246937999967486,None,,,,04,001,2025-11-14_23h25.46.410,cueing_task_exp,,2025.1.1,60.10677367408955,2025-11-14 23h25.53.150921 +0530,
←,0.5,invalid,right,111,1,11,right,1,1.753981500005466,None,11,1,111,9,189.0494364000042,,,,,,,,,189.03577660000883,189.0494364000042,189.53375880001113,189.53375880001113,189.8387580999988,190.1507258000056,190.1507258000056,191.91644060000544,right,1,1.753981500005466,None,,,,04,001,2025-11-14_23h25.46.410,cueing_task_exp,,2025.1.1,60.10677367408955,2025-11-14 23h25.53.150921 +0530,
→,-0.5,invalid,left,112,2,11,left,1,0.8224752999958582,None,11,2,112,8,191.9320357000106,,,,,,,,,191.91905360000965,191.9320357000106,192.41725790000055,192.41725790000055,192.7170044000086,193.0172700999974,193.0172700999974,193.85006090000388,left,1,0.8224752999958582,None,,,,04,001,2025-11-14_23h25.46.410,cueing_task_exp,,2025.1.1,60.10677367408955,2025-11-14 23h25.53.150921 +0530,
←,-0.5,valid,left,113,3,11,left,1,0.6888808999938192,None,11,3,113,6,193.8658223000093,,,,,,,,,193.85262630000943,193.8658223000093,194.35060469999735,194.35060469999735,194.65066140001,194.9490872000024,194.9490872000024,195.64989339999738,left,1,0.6888808999938192,None,,,,04,001,2025-11-14_23h25.46.410,cueing_task_exp,,2025.1.1,60.10677367408955,2025-11-14 23h25.53.150921 +0530,
→,0.5,valid,right,114,4,11,right,1,0.353070299999672,None,11,4,114,0,195.66561120000551,,,,,,,,,195.65237779999734,195.66561120000551,196.15072510000027,196.15072510000027,196.46573160000844,196.7503521000035,196.7503521000035,197.1162045000092,right,1,0.353070299999672,None,,,,04,001,2025-11-14_23h25.46.410,cueing_task_exp,,2025.1.1,60.10677367408955,2025-11-14 23h25.53.150921 +0530,
→,0.5,valid,right,115,5,11,right,1,0.7439367000042694,None,11,5,115,3,197.1335562000022,,,,,,,,,197.11674860000494,197.1335562000022,197.61737439999706,197.61737439999706,197.91738759999862,198.21598280000035,198.21598280000035,198.96783960000903,right,1,0.7439367000042694,None,,,,04,001,2025-11-14_23h25.46.410,cueing_task_exp,,2025.1.1,60.10677367408955,2025-11-14 23h25.53.150921 +0530,
←,-0.5,valid,left,116,6,11,left,1,0.46703479999268893,None,11,6,116,1,198.98188750000554,,,,,,,,,198.97213730000658,198.98188750000554,199.4836529000022,199.4836529000022,199.7824427000014,200.0673969000054,200.0673969000054,200.55074900000182,left,1,0.46703479999268893,None,,,,04,001,2025-11-14_23h25.46.410,cueing_task_exp,,2025.1.1,60.10677367408955,2025-11-14 23h25.53.150921 +0530,
→,0.5,valid,right,117,7,11,right,1,0.34955870000703726,None,11,7,117,2,200.5671766000014,,,,,,,,,200.55304090000573,200.5671766000014,201.0502877000108,201.0502877000108,201.35050970000157,201.65104209999845,201.65104209999845,202.01626730000135,right,1,0.34955870000703726,None,,,,04,001,2025-11-14_23h25.46.410,cueing_task_exp,,2025.1.1,60.10677367408955,2025-11-14 23h25.53.150921 +0530,
←,-0.5,valid,left,118,8,11,left,1,0.3392113000008976,None,11,8,118,5,202.03240019999794,,,,,,,,,202.01857830000517,202.03240019999794,202.51713279999967,202.51713279999967,202.81674470000144,203.11559600000328,203.11559600000328,203.46833309999784,left,1,0.3392113000008976,None,,,,04,001,2025-11-14_23h25.46.410,cueing_task_exp,,2025.1.1,60.10677367408955,2025-11-14 23h25.53.150921 +0530,
←,-0.5,valid,left,119,9,11,left,1,0.7822135000023991,None,11,9,119,4,203.48228029999882,,,,,,,,,203.46895409999706,203.48228029999882,203.98379340000974,203.98379340000974,204.28406330000143,204.58269660000224,204.58269660000224,205.36678880000545,left,1,0.7822135000023991,None,,,,04,001,2025-11-14_23h25.46.410,cueing_task_exp,,2025.1.1,60.10677367408955,2025-11-14 23h25.53.150921 +0530,
←,-0.5,valid,left,120,0,12,left,1,0.295799800005625,None,12,0,120,5,205.38265300000785,,,,,,,,,205.3673060000001,205.38265300000785,205.8670562000043,205.8670562000043,206.16746160000912,206.46701320000284,206.46701320000284,206.76645100000314,left,1,0.295799800005625,None,,,,04,001,2025-11-14_23h25.46.410,cueing_task_exp,,2025.1.1,60.10677367408955,2025-11-14 23h25.53.150921 +0530,
→,0.5,valid,right,121,1,12,right,1,0.27601200000208337,None,12,1,121,0,206.78299970000808,,,,,,,,,206.77000440000847,206.78299970000808,207.26743140000326,207.26743140000326,207.56743809999898,207.8656170000031,207.8656170000031,208.15140919999976,right,1,0.27601200000208337,None,,,,04,001,2025-11-14_23h25.46.410,cueing_task_exp,,2025.1.1,60.10677367408955,2025-11-14 23h25.53.150921 +0530,
←,0.5,invalid,right,122,2,12,right,1,1.4114124000043375,None,12,2,122,9,208.1651339000091,,,,,,,,,208.15465740000946,208.1651339000091,208.6504292000027,208.6504292000027,208.95070139999734,209.25056790000235,209.25056790000235,210.6671064000111,right,1,1.4114124000043375,None,,,,04,001,2025-11-14_23h25.46.410,cueing_task_exp,,2025.1.1,60.10677367408955,2025-11-14 23h25.53.150921 +0530,
→,0.5,valid,right,123,3,12,right,1,0.41632279999612365,None,12,3,123,2,210.68250950000947,,,,,,,,,210.66942780000682,210.68250950000947,211.18426210001053,211.18426210001053,211.46747050000704,211.76711400000204,211.76711400000204,212.2005799000035,right,1,0.41632279999612365,None,,,,04,001,2025-11-14_23h25.46.410,cueing_task_exp,,2025.1.1,60.10677367408955,2025-11-14 23h25.53.150921 +0530,
←,-0.5,valid,left,124,4,12,right,0,0.5535181000013836,None,12,4,124,6,212.21715589999803,,,,,,,,,212.20368479999888,212.21715589999803,212.71818229999917,212.71818229999917,213.00071020000905,213.30049049999798,213.30049049999798,213.86654840000847,right,0,0.5535181000013836,None,,,,04,001,2025-11-14_23h25.46.410,cueing_task_exp,,2025.1.1,60.10677367408955,2025-11-14 23h25.53.150921 +0530,
←,-0.5,valid,left,125,5,12,left,1,2.0554145999922184,None,12,5,125,1,213.88376979999884,,,,,,,,,213.86718840000685,213.88376979999884,214.36605379999673,214.36605379999673,214.66623020000407,214.96753710000485,214.96753710000485,217.0340836000105,left,1,2.0554145999922184,None,,,,04,001,2025-11-14_23h25.46.410,cueing_task_exp,,2025.1.1,60.10677367408955,2025-11-14 23h25.53.150921 +0530,
→,0.5,valid,right,126,6,12,right,1,0.9507546999957412,None,12,6,126,3,217.05102500000794,,,,,,,,,217.0367447000026,217.05102500000794,217.5336105000024,217.5336105000024,217.8507963000011,218.13390529999742,218.13390529999742,219.10040090000257,right,1,0.9507546999957412,None,,,,04,001,2025-11-14_23h25.46.410,cueing_task_exp,,2025.1.1,60.10677367408955,2025-11-14 23h25.53.150921 +0530,
→,0.5,valid,right,127,7,12,right,1,0.27333850000286475,None,12,7,127,7,219.11764050000056,,,,,,,,,219.1008751000045,219.11764050000056,219.60071280000557,219.60071280000557,219.90090700000292,220.20083169999998,220.20083169999998,220.4840325999976,right,1,0.27333850000286475,None,,,,04,001,2025-11-14_23h25.46.410,cueing_task_exp,,2025.1.1,60.10677367408955,2025-11-14 23h25.53.150921 +0530,
←,-0.5,valid,left,128,8,12,left,1,0.5609049000049708,None,12,8,128,4,220.4997699000087,,,,,,,,,220.48647709999932,220.4997699000087,220.9839006000111,220.9839006000111,221.2845604000031,221.5846509999974,221.5846509999974,222.15010990000155,left,1,0.5609049000049708,None,,,,04,001,2025-11-14_23h25.46.410,cueing_task_exp,,2025.1.1,60.10677367408955,2025-11-14 23h25.53.150921 +0530,
→,-0.5,invalid,left,129,9,12,left,1,2.102589000001899,None,12,9,129,8,222.1667146000109,,,,,,,,,222.1523859000008,222.1667146000109,222.65086410001095,222.65086410001095,222.9504780999996,223.2506618000043,223.2506618000043,225.36676750000333,left,1,2.102589000001899,None,,,,04,001,2025-11-14_23h25.46.410,cueing_task_exp,,2025.1.1,60.10677367408955,2025-11-14 23h25.53.150921 +0530,
←,-0.5,valid,left,130,0,13,left,1,0.5365048999956343,None,13,0,130,5,225.383479000011,,,,,,,,,225.36899540000013,225.383479000011,225.86785450000025,225.86785450000025,226.16747680000844,226.46609450000688,226.46609450000688,227.01683619999676,left,1,0.5365048999956343,None,,,,04,001,2025-11-14_23h25.46.410,cueing_task_exp,,2025.1.1,60.10677367408955,2025-11-14 23h25.53.150921 +0530,
→,0.5,valid,right,131,1,13,right,1,0.4717238000012003,None,13,1,131,0,227.03385730000446,,,,,,,,,227.02040839999972,227.03385730000446,227.51782660000026,227.51782660000026,227.8164231999981,228.11798249999993,228.11798249999993,228.60034950000409,right,1,0.4717238000012003,None,,,,04,001,2025-11-14_23h25.46.410,cueing_task_exp,,2025.1.1,60.10677367408955,2025-11-14 23h25.53.150921 +0530,
←,-0.5,valid,left,132,2,13,left,1,0.34773130000394303,None,13,2,132,4,228.61793310000212,,,,,,,,,228.60288210000726,228.61793310000212,229.1011326000007,229.1011326000007,229.40109090000624,229.70113220000349,229.70113220000349,230.05102530001022,left,1,0.34773130000394303,None,,,,04,001,2025-11-14_23h25.46.410,cueing_task_exp,,2025.1.1,60.10677367408955,2025-11-14 23h25.53.150921 +0530,
←,-0.5,valid,left,133,3,13,left,1,0.5189383999968413,None,13,3,133,1,230.06664980000642,,,,,,,,,230.05147520000173,230.06664980000642,230.5512446000066,230.5512446000066,230.86790690000635,231.16786400000274,231.16786400000274,231.70063750000554,left,1,0.5189383999968413,None,,,,04,001,2025-11-14_23h25.46.410,cueing_task_exp,,2025.1.1,60.10677367408955,2025-11-14 23h25.53.150921 +0530,
←,0.5,invalid,right,134,4,13,right,1,0.8304521999962162,None,13,4,134,9,231.71617400000105,,,,,,,,,231.7011743000039,231.71617400000105,232.19985380000435,232.19985380000435,232.50085320000653,232.80087110000022,232.80087110000022,233.63333350000903,right,1,0.8304521999962162,None,,,,04,001,2025-11-14_23h25.46.410,cueing_task_exp,,2025.1.1,60.10677367408955,2025-11-14 23h25.53.150921 +0530,
→,0.5,valid,right,135,5,13,right,1,0.7609548000036739,None,13,5,135,2,233.64928450000298,,,,,,,,,233.63565690000542,233.64928450000298,234.1340135000064,234.1340135000064,234.434256499997,234.73468140000477,234.73468140000477,235.50034779999987,right,1,0.7609548000036739,None,,,,04,001,2025-11-14_23h25.46.410,cueing_task_exp,,2025.1.1,60.10677367408955,2025-11-14 23h25.53.150921 +0530,
←,-0.5,valid,left,136,6,13,left,1,0.8946793999930378,None,13,6,136,6,235.51681450000615,,,,,,,,,235.50282020001032,235.51681450000615,236.00022970000282,236.00022970000282,236.30123920000915,236.59990590000234,236.59990590000234,237.50089720000688,left,1,0.8946793999930378,None,,,,04,001,2025-11-14_23h25.46.410,cueing_task_exp,,2025.1.1,60.10677367408955,2025-11-14 23h25.53.150921 +0530,
→,0.5,valid,right,137,7,13,right,1,0.3894523000053596,None,13,7,137,7,237.51786370000627,,,,,,,,,237.5034037000005,237.51786370000627,238.00129130001005,238.00129130001005,238.3013912000024,238.60147330000473,238.60147330000473,239.0004704000021,right,1,0.3894523000053596,None,,,,04,001,2025-11-14_23h25.46.410,cueing_task_exp,,2025.1.1,60.10677367408955,2025-11-14 23h25.53.150921 +0530,
→,-0.5,invalid,left,138,8,13,left,1,1.2644800999987638,None,13,8,138,8,239.01627259999805,,,,,,,,,239.00100600000587,239.01627259999805,239.50163549999706,239.50163549999706,239.80137690000993,240.10017440000956,240.10017440000956,241.36798019999696,left,1,1.2644800999987638,None,,,,04,001,2025-11-14_23h25.46.410,cueing_task_exp,,2025.1.1,60.10677367408955,2025-11-14 23h25.53.150921 +0530,
→,0.5,valid,right,139,9,13,right,1,0.24280279999948107,None,13,9,139,3,241.3833175000036,,,,,,,,,241.3686105000088,241.3833175000036,241.88464479999675,241.88464479999675,242.1681724000082,242.4669583000068,242.4669583000068,242.71816119999858,right,1,0.24280279999948107,None,,,,04,001,2025-11-14_23h25.46.410,cueing_task_exp,,2025.1.1,60.10677367408955,2025-11-14 23h25.53.150921 +0530,
←,-0.5,valid,left,140,0,14,left,1,0.3329569000052288,None,14,0,140,6,242.73197710000386,,,,,,,,,242.72170190000907,242.73197710000386,243.21818060000078,243.21818060000078,243.51780250000593,243.8164914000081,243.8164914000081,244.1674001000065,left,1,0.3329569000052288,None,,,,04,001,2025-11-14_23h25.46.410,cueing_task_exp,,2025.1.1,60.10677367408955,2025-11-14 23h25.53.150921 +0530,
→,0.5,valid,right,141,1,14,right,1,0.7693918000004487,None,14,1,141,0,244.18423070000426,,,,,,,,,244.16984820000653,244.18423070000426,244.66798820000258,244.66798820000258,244.9676102000085,245.2678203000105,245.2678203000105,246.05150640000647,right,1,0.7693918000004487,None,,,,04,001,2025-11-14_23h25.46.410,cueing_task_exp,,2025.1.1,60.10677367408955,2025-11-14 23h25.53.150921 +0530,
←,-0.5,valid,left,142,2,14,left,1,0.33629849999852013,None,14,2,142,5,246.06879430000845,,,,,,,,,246.05414950000704,246.06879430000845,246.55135480000172,246.55135480000172,246.84956170000078,247.15154079999775,247.15154079999775,247.50133130000904,left,1,0.33629849999852013,None,,,,04,001,2025-11-14_23h25.46.410,cueing_task_exp,,2025.1.1,60.10677367408955,2025-11-14 23h25.53.150921 +0530,
→,0.5,valid,right,143,3,14,right,1,0.5609115999977803,None,14,3,143,2,247.51821270000073,,,,,,,,,247.50377560000925,247.51821270000073,248.01810850000766,248.01810850000766,248.30158490000758,248.60158370000136,248.60158370000136,249.16797840000072,right,1,0.5609115999977803,None,,,,04,001,2025-11-14_23h25.46.410,cueing_task_exp,,2025.1.1,60.10677367408955,2025-11-14 23h25.53.150921 +0530,
→,0.5,valid,right,144,4,14,right,1,0.8285437000013189,None,14,4,144,3,249.18306880000455,,,,,,,,,249.16850130000967,249.18306880000455,249.6682443000027,249.6682443000027,249.96665329999814,250.26826470000378,250.26826470000378,251.10154740000144,right,1,0.8285437000013189,None,,,,04,001,2025-11-14_23h25.46.410,cueing_task_exp,,2025.1.1,60.10677367408955,2025-11-14 23h25.53.150921 +0530,
→,0.5,valid,right,145,5,14,right,1,0.4058054000051925,None,14,5,145,7,251.11658460000763,,,,,,,,,251.10234100000525,251.11658460000763,251.61783060000744,251.61783060000744,251.90096680000715,252.20121189999918,252.20121189999918,252.61751209999784,right,1,0.4058054000051925,None,,,,04,001,2025-11-14_23h25.46.410,cueing_task_exp,,2025.1.1,60.10677367408955,2025-11-14 23h25.53.150921 +0530,
←,-0.5,valid,left,146,6,14,left,1,0.326762000011513,None,14,6,146,1,252.63314610000816,,,,,,,,,252.62035930001002,252.63314610000816,253.11823020000884,253.11823020000884,253.41820480000752,253.71833990000596,253.71833990000596,254.05060600000434,left,1,0.326762000011513,None,,,,04,001,2025-11-14_23h25.46.410,cueing_task_exp,,2025.1.1,60.10677367408955,2025-11-14 23h25.53.150921 +0530,
←,0.5,invalid,right,147,7,14,right,1,1.0587760000053095,None,14,7,147,9,254.066424500008,,,,,,,,,254.05111290000787,254.066424500008,254.55015280000225,254.55015280000225,254.85135060000175,255.15196350000042,255.15196350000042,256.21854729999905,right,1,1.0587760000053095,None,,,,04,001,2025-11-14_23h25.46.410,cueing_task_exp,,2025.1.1,60.10677367408955,2025-11-14 23h25.53.150921 +0530,
←,-0.5,valid,left,148,8,14,left,1,0.3360402999969665,None,14,8,148,4,256.233424799997,,,,,,,,,256.2191329000052,256.233424799997,256.7182274000079,256.7182274000079,257.01831390000007,257.3179664000054,257.3179664000054,257.6686689000053,left,1,0.3360402999969665,None,,,,04,001,2025-11-14_23h25.46.410,cueing_task_exp,,2025.1.1,60.10677367408955,2025-11-14 23h25.53.150921 +0530,
→,-0.5,invalid,left,149,9,14,left,1,1.4306787000095937,None,14,9,149,8,257.6843809999991,,,,,,,,,257.6714928000001,257.6843809999991,258.16789040000003,258.16789040000003,258.468097200006,258.7683990000078,258.7683990000078,260.2015317000041,left,1,1.4306787000095937,None,,,,04,001,2025-11-14_23h25.46.410,cueing_task_exp,,2025.1.1,60.10677367408955,2025-11-14 23h25.53.150921 +0530,
←,-0.5,valid,left,150,0,15,left,1,0.2597708999965107,None,15,0,150,4,260.2169387000031,,,,,,,,,260.20402540000214,260.2169387000031,260.7183567000029,260.7183567000029,261.0015621000057,261.3017996999988,261.3017996999988,261.5677851000073,left,1,0.2597708999965107,None,,,,04,001,2025-11-14_23h25.46.410,cueing_task_exp,,2025.1.1,60.10677367408955,2025-11-14 23h25.53.150921 +0530,
→,-0.5,invalid,left,151,1,15,left,1,1.7928060999984154,None,15,1,151,8,261.5840251000045,,,,,,,,,261.5708888000081,261.5840251000045,262.0682070000039,262.0682070000039,262.3683650000021,262.66676550000557,262.66676550000557,264.46856449999905,left,1,1.7928060999984154,None,,,,04,001,2025-11-14_23h25.46.410,cueing_task_exp,,2025.1.1,60.10677367408955,2025-11-14 23h25.53.150921 +0530,
→,0.5,valid,right,152,2,15,right,1,0.36309269999037497,None,15,2,152,0,264.4838236000069,,,,,,,,,264.4690913000086,264.4838236000069,264.96848070000124,264.96848070000124,265.26854590000585,265.56798710000294,265.56798710000294,265.9342495000019,right,1,0.36309269999037497,None,,,,04,001,2025-11-14_23h25.46.410,cueing_task_exp,,2025.1.1,60.10677367408955,2025-11-14 23h25.53.150921 +0530,
←,-0.5,valid,left,153,3,15,left,1,0.6147314999980154,None,15,3,153,6,265.9502375000011,,,,,,,,,265.9374841000099,265.9502375000011,266.43492590000096,266.43492590000096,266.73510140000144,267.0333757000044,267.0333757000044,267.6517437000002,left,1,0.6147314999980154,None,,,,04,001,2025-11-14_23h25.46.410,cueing_task_exp,,2025.1.1,60.10677367408955,2025-11-14 23h25.53.150921 +0530,
←,-0.5,valid,left,154,4,15,left,1,0.6319122999993851,None,15,4,154,1,267.66684650001116,,,,,,,,,267.65227289999893,267.66684650001116,268.15057670000533,268.15057670000533,268.46806389999983,268.7511579999991,268.7511579999991,269.3857418999978,left,1,0.6319122999993851,None,,,,04,001,2025-11-14_23h25.46.410,cueing_task_exp,,2025.1.1,60.10677367408955,2025-11-14 23h25.53.150921 +0530,
→,0.5,valid,right,155,5,15,right,1,0.599095400000806,None,15,5,155,7,269.40075159999833,,,,,,,,,269.38809870000114,269.40075159999833,269.88487220001116,269.88487220001116,270.1847797000082,270.5015293000033,270.5015293000033,271.10162060000584,right,1,0.599095400000806,None,,,,04,001,2025-11-14_23h25.46.410,cueing_task_exp,,2025.1.1,60.10677367408955,2025-11-14 23h25.53.150921 +0530,
←,-0.5,valid,left,156,6,15,left,1,0.4748190000100294,None,15,6,156,5,271.11724510000204,,,,,,,,,271.10462520000874,271.11724510000204,271.6182278000051,271.6182278000051,271.91851800000586,272.2012192999973,272.2012192999973,272.68623110000044,left,1,0.4748190000100294,None,,,,04,001,2025-11-14_23h25.46.410,cueing_task_exp,,2025.1.1,60.10677367408955,2025-11-14 23h25.53.150921 +0530,
→,0.5,valid,right,157,7,15,right,1,0.36784500000067055,None,15,7,157,3,272.6991987000074,,,,,,,,,272.68903639999917,272.6991987000074,273.2019216000044,273.2019216000044,273.5014111000055,273.7848721000046,273.7848721000046,274.1678599000006,right,1,0.36784500000067055,None,,,,04,001,2025-11-14_23h25.46.410,cueing_task_exp,,2025.1.1,60.10677367408955,2025-11-14 23h25.53.150921 +0530,
←,0.5,invalid,right,158,8,15,right,1,1.1850302999955602,None,15,8,158,9,274.183286200001,,,,,,,,,274.1703026000032,274.183286200001,274.66846450000594,274.66846450000594,274.9675169999973,275.26864210001077,275.26864210001077,276.467997300002,right,1,1.1850302999955602,None,,,,04,001,2025-11-14_23h25.46.410,cueing_task_exp,,2025.1.1,60.10677367408955,2025-11-14 23h25.53.150921 +0530,
→,0.5,valid,right,159,9,15,right,1,0.5995866000012029,None,15,9,159,2,276.4849663000059,,,,,,,,,276.4704447999975,276.4849663000059,276.96847849999904,276.96847849999904,277.26872240001103,277.56683989999874,277.56683989999874,278.169253,right,1,0.5995866000012029,None,,,,04,001,2025-11-14_23h25.46.410,cueing_task_exp,,2025.1.1,60.10677367408955,2025-11-14 23h25.53.150921 +0530,
←,-0.5,valid,left,160,0,16,left,1,0.29446659999666736,None,16,0,160,4,278.1834164000029,,,,,,,,,278.17191099999764,278.1834164000029,278.68582860000606,278.68582860000606,278.96834160000435,279.2685322000034,279.2685322000034,279.5685516000085,left,1,0.29446659999666736,None,,,,04,001,2025-11-14_23h25.46.410,cueing_task_exp,,2025.1.1,60.10677367408955,2025-11-14 23h25.53.150921 +0530,
←,-0.5,valid,left,161,1,16,left,1,0.31990470000891946,None,16,1,161,6,279.58404800000426,,,,,,,,,279.56922450001,279.58404800000426,280.06844580000325,280.06844580000325,280.368140400009,280.6688256000052,280.6688256000052,281.0017660000012,left,1,0.31990470000891946,None,,,,04,001,2025-11-14_23h25.46.410,cueing_task_exp,,2025.1.1,60.10677367408955,2025-11-14 23h25.53.150921 +0530,
→,0.5,valid,right,162,2,16,right,1,0.22990399999252986,None,16,2,162,3,281.0181777999969,,,,,,,,,281.0042192999972,281.0181777999969,281.5006183000078,281.5006183000078,281.8015117000032,282.10198360000504,282.10198360000504,282.33523270000296,right,1,0.22990399999252986,None,,,,04,001,2025-11-14_23h25.46.410,cueing_task_exp,,2025.1.1,60.10677367408955,2025-11-14 23h25.53.150921 +0530,
←,-0.5,valid,left,163,3,16,left,1,0.2476370000076713,None,16,3,163,5,282.3504992000089,,,,,,,,,282.3377540000074,282.3504992000089,282.8516157999984,282.8516157999984,283.1354360999976,283.43485760000476,283.43485760000476,283.6843186000042,left,1,0.2476370000076713,None,,,,04,001,2025-11-14_23h25.46.410,cueing_task_exp,,2025.1.1,60.10677367408955,2025-11-14 23h25.53.150921 +0530,
→,0.5,valid,right,164,4,16,right,1,0.28074349999951664,None,16,4,164,7,283.7003936999972,,,,,,,,,283.68693399999756,283.7003936999972,284.1854314000084,284.1854314000084,284.48545740000554,284.7842595999973,284.7842595999973,285.0685367999977,right,1,0.28074349999951664,None,,,,04,001,2025-11-14_23h25.46.410,cueing_task_exp,,2025.1.1,60.10677367408955,2025-11-14 23h25.53.150921 +0530,
→,0.5,valid,right,165,5,16,right,1,0.4653188000083901,None,16,5,165,2,285.0844095000066,,,,,,,,,285.06913450000866,285.0844095000066,285.5850786000083,285.5850786000083,285.86721820000093,286.1685293000046,286.1685293000046,286.65138619999925,right,1,0.4653188000083901,None,,,,04,001,2025-11-14_23h25.46.410,cueing_task_exp,,2025.1.1,60.10677367408955,2025-11-14 23h25.53.150921 +0530,
→,0.5,valid,right,166,6,16,right,1,0.4574726999999257,None,16,6,166,0,286.6688199000055,,,,,,,,,286.65204139999696,286.6688199000055,287.15229360001103,287.15229360001103,287.45192180000595,287.7521559000015,287.7521559000015,288.21926379999786,right,1,0.4574726999999257,None,,,,04,001,2025-11-14_23h25.46.410,cueing_task_exp,,2025.1.1,60.10677367408955,2025-11-14 23h25.53.150921 +0530,
←,-0.5,valid,left,167,7,16,left,1,0.3057574999984354,None,16,7,167,1,288.2359559000033,,,,,,,,,288.2218073000113,288.2359559000033,288.7171604000032,288.7171604000032,289.01896680000937,289.3190401000029,289.3190401000029,289.6363729000004,left,1,0.3057574999984354,None,,,,04,001,2025-11-14_23h25.46.410,cueing_task_exp,,2025.1.1,60.10677367408955,2025-11-14 23h25.53.150921 +0530,
→,-0.5,invalid,left,168,8,16,left,1,1.514453700001468,None,16,8,168,8,289.65056750000804,,,,,,,,,289.6389158000093,289.65056750000804,290.15231640001,290.15231640001,290.4523457000032,290.751843799997,290.751843799997,292.2693932000111,left,1,1.514453700001468,None,,,,04,001,2025-11-14_23h25.46.410,cueing_task_exp,,2025.1.1,60.10677367408955,2025-11-14 23h25.53.150921 +0530,
←,0.5,invalid,right,169,9,16,right,1,1.3390019000071334,None,16,9,169,9,292.2837137000024,,,,,,,,,292.27212619999773,292.2837137000024,292.7860619999992,292.7860619999992,293.06894840000314,293.36861930000305,293.36861930000305,294.71924040000886,right,1,1.3390019000071334,None,,,,04,001,2025-11-14_23h25.46.410,cueing_task_exp,,2025.1.1,60.10677367408955,2025-11-14 23h25.53.150921 +0530,
←,-0.5,valid,left,170,0,17,left,1,0.45787149999523535,None,17,0,170,5,294.73466010000266,,,,,,,,,294.7197073999996,294.73466010000266,295.2185448000091,295.2185448000091,295.5351276000001,295.81883960000414,295.81883960000414,296.28498070000205,left,1,0.45787149999523535,None,,,,04,001,2025-11-14_23h25.46.410,cueing_task_exp,,2025.1.1,60.10677367408955,2025-11-14 23h25.53.150921 +0530,
→,0.5,valid,right,171,1,17,right,1,0.28858569999283645,None,17,1,171,7,296.30241730000125,,,,,,,,,296.2874440000014,296.30241730000125,296.7857149000047,296.7857149000047,297.0854720000061,297.38568010000745,297.38568010000745,297.6865169000084,right,1,0.28858569999283645,None,,,,04,001,2025-11-14_23h25.46.410,cueing_task_exp,,2025.1.1,60.10677367408955,2025-11-14 23h25.53.150921 +0530,
→,0.5,valid,right,172,2,17,right,1,0.2331460999994306,None,17,2,172,2,297.70053740000003,,,,,,,,,297.6872602000076,297.70053740000003,298.2022888000065,298.2022888000065,298.48592279999866,298.80064539999876,298.80064539999876,299.0352447000041,right,1,0.2331460999994306,None,,,,04,001,2025-11-14_23h25.46.410,cueing_task_exp,,2025.1.1,60.10677367408955,2025-11-14 23h25.53.150921 +0530,
→,-0.5,invalid,left,173,3,17,left,1,0.3541406000003917,None,17,3,173,8,299.05076420000114,,,,,,,,,299.0356993000023,299.05076420000114,299.5360581999994,299.5360581999994,299.8357849000022,300.1524719000008,300.1524719000008,300.5181262999977,left,1,0.3541406000003917,None,,,,04,001,2025-11-14_23h25.46.410,cueing_task_exp,,2025.1.1,60.10677367408955,2025-11-14 23h25.53.150921 +0530,
→,0.5,valid,right,174,4,17,right,1,1.2408216999901924,None,17,4,174,3,300.5351942999987,,,,,,,,,300.5185799000028,300.5351942999987,301.0184972999996,301.0184972999996,301.3184605999995,301.61869280000974,301.61869280000974,302.86999690000084,right,1,1.2408216999901924,None,,,,04,001,2025-11-14_23h25.46.410,cueing_task_exp,,2025.1.1,60.10677367408955,2025-11-14 23h25.53.150921 +0530,
←,-0.5,valid,left,175,5,17,left,1,0.4050398000108544,None,17,5,175,6,302.8837674000097,,,,,,,,,302.8728296000045,302.8837674000097,303.3856158999988,303.3856158999988,303.6852885999979,303.9686178999982,303.9686178999982,304.38502070000686,left,1,0.4050398000108544,None,,,,04,001,2025-11-14_23h25.46.410,cueing_task_exp,,2025.1.1,60.10677367408955,2025-11-14 23h25.53.150921 +0530,
←,-0.5,valid,left,176,6,17,left,1,0.5208364999998594,None,17,6,176,1,304.4014809000073,,,,,,,,,304.38551530000404,304.4014809000073,304.885449399997,304.885449399997,305.2025413000083,305.4860262000002,305.4860262000002,306.0180939999991,left,1,0.5208364999998594,None,,,,04,001,2025-11-14_23h25.46.410,cueing_task_exp,,2025.1.1,60.10677367408955,2025-11-14 23h25.53.150921 +0530,
←,0.5,invalid,right,177,7,17,right,1,0.7391884999960894,None,17,7,177,9,306.03471590000845,,,,,,,,,306.018568200001,306.03471590000845,306.51892170000065,306.51892170000065,306.8175486000109,307.1190712000098,307.1190712000098,307.8689117000031,right,1,0.7391884999960894,None,,,,04,001,2025-11-14_23h25.46.410,cueing_task_exp,,2025.1.1,60.10677367408955,2025-11-14 23h25.53.150921 +0530,
→,0.5,valid,right,178,8,17,right,1,0.5084695000114152,None,17,8,178,0,307.88499910000246,,,,,,,,,307.87165050000476,307.88499910000246,308.3688003999996,308.3688003999996,308.66742050000175,308.96889220000594,308.96889220000594,309.48555209999904,right,1,0.5084695000114152,None,,,,04,001,2025-11-14_23h25.46.410,cueing_task_exp,,2025.1.1,60.10677367408955,2025-11-14 23h25.53.150921 +0530,
←,-0.5,valid,left,179,9,17,left,1,0.30072959999961313,None,17,9,179,4,309.5023602000001,,,,,,,,,309.4882701000024,309.5023602000001,309.98420990000886,309.98420990000886,310.28520769999886,310.585530700002,310.585530700002,310.9019171000109,left,1,0.30072959999961313,None,,,,04,001,2025-11-14_23h25.46.410,cueing_task_exp,,2025.1.1,60.10677367408955,2025-11-14 23h25.53.150921 +0530,
←,-0.5,valid,left,180,0,18,left,1,0.2677265999955125,None,18,0,180,6,310.9172091000073,,,,,,,,,310.90252950000286,310.9172091000073,311.40261869999813,311.40261869999813,311.7023671000061,312.00159169999824,312.00159169999824,312.2851129000046,left,1,0.2677265999955125,None,,,,04,001,2025-11-14_23h25.46.410,cueing_task_exp,,2025.1.1,60.10677367408955,2025-11-14 23h25.53.150921 +0530,
→,0.5,valid,right,181,1,18,right,1,0.3970195000001695,None,18,1,181,2,312.3028682000004,,,,,,,,,312.2875788000092,312.3028682000004,312.7854263000045,312.7854263000045,313.08417620000546,313.3859911000036,313.3859911000036,313.7857977000094,right,1,0.3970195000001695,None,,,,04,001,2025-11-14_23h25.46.410,cueing_task_exp,,2025.1.1,60.10677367408955,2025-11-14 23h25.53.150921 +0530,
→,0.5,valid,right,182,2,18,right,1,0.289593599998625,None,18,2,182,3,313.80118680000305,,,,,,,,,313.78631770001084,313.80118680000305,314.28578020000714,314.28578020000714,314.58596290000423,314.88525380000647,314.88525380000647,315.186280599999,right,1,0.289593599998625,None,,,,04,001,2025-11-14_23h25.46.410,cueing_task_exp,,2025.1.1,60.10677367408955,2025-11-14 23h25.53.150921 +0530,
←,-0.5,valid,left,183,3,18,left,1,0.5412782000057632,None,18,3,183,5,315.2019459000003,,,,,,,,,315.188819700008,315.2019459000003,315.68470199999865,315.68470199999865,315.98606350000773,316.2858874000085,316.2858874000085,316.8365266000037,left,1,0.5412782000057632,None,,,,04,001,2025-11-14_23h25.46.410,cueing_task_exp,,2025.1.1,60.10677367408955,2025-11-14 23h25.53.150921 +0530,
←,0.5,invalid,right,184,4,18,right,1,1.6644836000050418,None,18,4,184,9,316.85110220000206,,,,,,,,,316.8370891000086,316.85110220000206,317.33587080000143,317.33587080000143,317.63576099999773,317.93564409999817,317.93564409999817,319.6017092999973,right,1,1.6644836000050418,None,,,,04,001,2025-11-14_23h25.46.410,cueing_task_exp,,2025.1.1,60.10677367408955,2025-11-14 23h25.53.150921 +0530,
→,-0.5,invalid,left,185,5,18,left,1,1.674312799994368,None,18,5,185,8,319.6179482000007,,,,,,,,,319.60439880000195,319.6179482000007,320.1024919000047,320.1024919000047,320.4027994000062,320.7026600000099,320.7026600000099,322.38682290000725,left,1,1.674312799994368,None,,,,04,001,2025-11-14_23h25.46.410,cueing_task_exp,,2025.1.1,60.10677367408955,2025-11-14 23h25.53.150921 +0530,
←,-0.5,valid,left,186,6,18,left,1,1.3827279999968596,None,18,6,186,1,322.4009151000064,,,,,,,,,322.38948230000096,322.4009151000064,322.8848511999968,322.8848511999968,323.2027892000042,323.5021526000055,323.5021526000055,324.8870258000097,left,1,1.3827279999968596,None,,,,04,001,2025-11-14_23h25.46.410,cueing_task_exp,,2025.1.1,60.10677367408955,2025-11-14 23h25.53.150921 +0530,
←,-0.5,valid,left,187,7,18,left,1,0.6451605999900494,None,18,7,187,4,324.9017324000015,,,,,,,,,324.8881934000092,324.9017324000015,325.4023780999996,325.4023780999996,325.7012929000048,326.001357000001,326.001357000001,326.65192040000693,left,1,0.6451605999900494,None,,,,04,001,2025-11-14_23h25.46.410,cueing_task_exp,,2025.1.1,60.10677367408955,2025-11-14 23h25.53.150921 +0530,
→,0.5,valid,right,188,8,18,right,1,0.40150680000078864,None,18,8,188,7,326.66804930000217,,,,,,,,,326.6547358000098,326.66804930000217,327.15153240000654,327.15153240000654,327.4525571999984,327.7516250000044,327.7516250000044,328.16910690000805,right,1,0.40150680000078864,None,,,,04,001,2025-11-14_23h25.46.410,cueing_task_exp,,2025.1.1,60.10677367408955,2025-11-14 23h25.53.150921 +0530,
→,0.5,valid,right,189,9,18,right,1,0.2600191000092309,None,18,9,189,0,328.1849127000023,,,,,,,,,328.1698269000044,328.1849127000023,328.6695604999986,328.6695604999986,328.985963900006,329.2685468999989,329.2685468999989,329.5369273999968,right,1,0.2600191000092309,None,,,,04,001,2025-11-14_23h25.46.410,cueing_task_exp,,2025.1.1,60.10677367408955,2025-11-14 23h25.53.150921 +0530,
←,-0.5,valid,left,190,0,19,left,1,0.3275820999988355,None,19,0,190,5,329.55232740000065,,,,,,,,,329.5397757000028,329.55232740000065,330.0371363000013,330.0371363000013,330.35294440000143,330.6529892000108,330.6529892000108,330.98539750000054,left,1,0.3275820999988355,None,,,,04,001,2025-11-14_23h25.46.410,cueing_task_exp,,2025.1.1,60.10677367408955,2025-11-14 23h25.53.150921 +0530,
←,-0.5,valid,left,191,1,19,left,1,0.29937389999395236,None,19,1,191,6,331.00129640000523,,,,,,,,,330.98601520000375,331.00129640000523,331.48452740001085,331.48452740001085,331.78578930000367,332.0846062000055,332.0846062000055,332.386178700006,left,1,0.29937389999395236,None,,,,04,001,2025-11-14_23h25.46.410,cueing_task_exp,,2025.1.1,60.10677367408955,2025-11-14 23h25.53.150921 +0530,
→,0.5,valid,right,192,2,19,right,1,0.4247179999947548,None,19,2,192,3,332.40157680000993,,,,,,,,,332.38866500000586,332.40157680000993,332.886018300007,332.886018300007,333.18625490000704,333.485820300004,333.485820300004,333.9201189000014,right,1,0.4247179999947548,None,,,,04,001,2025-11-14_23h25.46.410,cueing_task_exp,,2025.1.1,60.10677367408955,2025-11-14 23h25.53.150921 +0530,
→,0.5,valid,right,193,3,19,right,1,0.3402591000049142,None,19,3,193,0,333.9344962000032,,,,,,,,,333.92086749999726,333.9344962000032,334.4363124000083,334.4363124000083,334.71974830000545,335.0192470000038,335.0192470000038,335.3697205000062,right,1,0.3402591000049142,None,,,,04,001,2025-11-14_23h25.46.410,cueing_task_exp,,2025.1.1,60.10677367408955,2025-11-14 23h25.53.150921 +0530,
←,-0.5,valid,left,194,4,19,left,1,0.5277127000008477,None,19,4,194,1,335.3861782000022,,,,,,,,,335.3720151000016,335.3861782000022,335.8864207000006,335.8864207000006,336.1867057000054,336.46957210000255,336.46957210000255,337.0023879000073,left,1,0.5277127000008477,None,,,,04,001,2025-11-14_23h25.46.410,cueing_task_exp,,2025.1.1,60.10677367408955,2025-11-14 23h25.53.150921 +0530,
→,0.5,valid,right,195,5,19,right,1,0.526043199992273,None,19,5,195,7,337.0182255000109,,,,,,,,,337.00500420000753,337.0182255000109,337.5029043000104,337.5029043000104,337.80137780000223,338.1029624000075,338.1029624000075,338.6369398000097,right,1,0.526043199992273,None,,,,04,001,2025-11-14_23h25.46.410,cueing_task_exp,,2025.1.1,60.10677367408955,2025-11-14 23h25.53.150921 +0530,
→,0.5,valid,right,196,6,19,right,1,0.3692250000021886,None,19,6,196,2,338.6513563000044,,,,,,,,,338.63749360000656,338.6513563000044,339.15194650000194,339.15194650000194,339.4516498000012,339.735963900006,339.735963900006,340.11893769999733,right,1,0.3692250000021886,None,,,,04,001,2025-11-14_23h25.46.410,cueing_task_exp,,2025.1.1,60.10677367408955,2025-11-14 23h25.53.150921 +0530,
→,-0.5,invalid,left,197,7,19,left,1,1.0295783999899868,None,19,7,197,8,340.1364081000065,,,,,,,,,340.1193956000061,340.1364081000065,340.6196026999969,340.6196026999969,340.9187816000049,341.2196382000111,341.2196382000111,342.2530453000072,left,1,1.0295783999899868,None,,,,04,001,2025-11-14_23h25.46.410,cueing_task_exp,,2025.1.1,60.10677367408955,2025-11-14 23h25.53.150921 +0530,
←,-0.5,valid,left,198,8,19,left,1,0.44883649999974295,None,19,8,198,4,342.269114499999,,,,,,,,,342.2555751000036,342.269114499999,342.7530948000058,342.7530948000058,343.0520921999996,343.3529756000062,343.3529756000062,343.8029824999976,left,1,0.44883649999974295,None,,,,04,001,2025-11-14_23h25.46.410,cueing_task_exp,,2025.1.1,60.10677367408955,2025-11-14 23h25.53.150921 +0530,
←,0.5,invalid,right,199,9,19,right,1,1.8187292000075104,None,19,9,199,9,343.81811160000507,,,,,,,,,343.8034925000102,343.81811160000507,344.30843650001043,344.30843650001043,344.6021536000044,344.9197134999995,344.9197134999995,346.7527717000048,right,1,1.8187292000075104,None,,,,04,001,2025-11-14_23h25.46.410,cueing_task_exp,,2025.1.1,60.10677367408955,2025-11-14 23h25.53.150921 +0530,
→,0.5,valid,right,200,0,20,right,1,0.34298849999322556,None,20,0,200,3,346.7691346000065,,,,,,,,,346.75534390000394,346.7691346000065,347.2517118000105,347.2517118000105,347.5532633999974,347.8527430000104,347.8527430000104,348.20278880000114,right,1,0.34298849999322556,None,,,,04,001,2025-11-14_23h25.46.410,cueing_task_exp,,2025.1.1,60.10677367408955,2025-11-14 23h25.53.150921 +0530,
←,-0.5,valid,left,201,1,20,left,1,0.3573142000095686,None,20,1,201,6,348.2189986000012,,,,,,,,,348.2052764999971,348.2189986000012,348.7028771000041,348.7028771000041,349.00217240001075,349.3022367000085,349.3022367000085,349.66942859999835,left,1,0.3573142000095686,None,,,,04,001,2025-11-14_23h25.46.410,cueing_task_exp,,2025.1.1,60.10677367408955,2025-11-14 23h25.53.150921 +0530,
→,0.5,valid,right,202,2,20,left,0,0.28610139999364037,None,20,2,202,2,349.68606069999805,,,,,,,,,349.67230410000775,349.68606069999805,350.1695902000065,350.1695902000065,350.4699071000068,350.7683885000006,350.7683885000006,351.06897890000255,left,0,0.28610139999364037,None,,,,04,001,2025-11-14_23h25.46.410,cueing_task_exp,,2025.1.1,60.10677367408955,2025-11-14 23h25.53.150921 +0530,
←,-0.5,valid,left,203,3,20,left,1,0.4150874999904772,None,20,3,203,5,351.08647560000827,,,,,,,,,351.07160770001065,351.08647560000827,351.5699528999976,351.5699528999976,351.8696817000018,352.16999809999834,352.16999809999834,352.58638720000454,left,1,0.4150874999904772,None,,,,04,001,2025-11-14_23h25.46.410,cueing_task_exp,,2025.1.1,60.10677367408955,2025-11-14 23h25.53.150921 +0530,
→,-0.5,invalid,left,204,4,20,left,1,0.6830422000057297,None,20,4,204,8,352.6014786000014,,,,,,,,,352.5886610000016,352.6014786000014,353.10331920000317,353.10331920000317,353.3853320000053,353.68640030000824,353.68640030000824,354.38590770000883,left,1,0.6830422000057297,None,,,,04,001,2025-11-14_23h25.46.410,cueing_task_exp,,2025.1.1,60.10677367408955,2025-11-14 23h25.53.150921 +0530,
←,-0.5,valid,left,205,5,20,left,1,0.9883675000019139,None,20,5,205,4,354.40346919999865,,,,,,,,,354.3883128000016,354.40346919999865,354.8862053000048,354.8862053000048,355.18607619999966,355.4864896000072,355.4864896000072,356.48601520000375,left,1,0.9883675000019139,None,,,,04,001,2025-11-14_23h25.46.410,cueing_task_exp,,2025.1.1,60.10677367408955,2025-11-14 23h25.53.150921 +0530,
→,0.5,valid,right,206,6,20,right,1,0.6930052999960026,None,20,6,206,0,356.50290950000635,,,,,,,,,356.48825029999716,356.50290950000635,356.9866999000078,356.9866999000078,357.2863215000107,357.5864084000059,357.5864084000059,358.28593790000014,right,1,0.6930052999960026,None,,,,04,001,2025-11-14_23h25.46.410,cueing_task_exp,,2025.1.1,60.10677367408955,2025-11-14 23h25.53.150921 +0530,
→,0.5,valid,right,207,7,20,right,1,0.3534903999970993,None,20,7,207,7,358.30208629999834,,,,,,,,,358.28659699999844,358.30208629999834,358.7867976999987,358.7867976999987,359.1034395000024,359.3867636000068,359.3867636000068,359.75274300000456,right,1,0.3534903999970993,None,,,,04,001,2025-11-14_23h25.46.410,cueing_task_exp,,2025.1.1,60.10677367408955,2025-11-14 23h25.53.150921 +0530,
←,0.5,invalid,right,208,8,20,right,1,1.640850000010687,None,20,8,208,9,359.7690079000022,,,,,,,,,359.755207299997,359.7690079000022,360.25346459999855,360.25346459999855,360.55348460000823,360.8535075000109,360.8535075000109,362.5032213000086,right,1,1.640850000010687,None,,,,04,001,2025-11-14_23h25.46.410,cueing_task_exp,,2025.1.1,60.10677367408955,2025-11-14 23h25.53.150921 +0530,
←,-0.5,valid,left,209,9,20,left,1,0.23422969999955967,None,20,9,209,1,362.520227800007,,,,,,,,,362.5039153999969,362.520227800007,363.0018439999985,363.0018439999985,363.3032513000071,363.6035464000015,363.6035464000015,363.85267540000496,left,1,0.23422969999955967,None,,,,04,001,2025-11-14_23h25.46.410,cueing_task_exp,,2025.1.1,60.10677367408955,2025-11-14 23h25.53.150921 +0530,
→,0.5,valid,right,210,0,21,right,1,0.2395993000100134,None,21,0,210,3,363.86930780000694,,,,,,,,,363.85540330001095,363.86930780000694,364.3534956000076,364.3534956000076,364.65391490000184,364.9534010000061,364.9534010000061,365.2037340000097,right,1,0.2395993000100134,None,,,,04,001,2025-11-14_23h25.46.410,cueing_task_exp,,2025.1.1,60.10677367408955,2025-11-14 23h25.53.150921 +0530,
→,-0.5,invalid,left,211,1,21,left,1,1.1459347999916645,None,21,1,211,8,365.2187144000054,,,,,,,,,365.2044348000054,365.2187144000054,365.70366020000074,365.70366020000074,366.0031224999984,366.30190869999933,366.30190869999933,367.45273360000283,left,1,1.1459347999916645,None,,,,04,001,2025-11-14_23h25.46.410,cueing_task_exp,,2025.1.1,60.10677367408955,2025-11-14 23h25.53.150921 +0530,
←,0.5,invalid,right,212,2,21,right,1,0.5176310000097146,None,21,2,212,9,367.46956560001126,,,,,,,,,367.45518099999754,367.46956560001126,367.9535583000106,367.9535583000106,368.25282010000956,368.5533937,368.5533937,369.0860241000046,right,1,0.5176310000097146,None,,,,04,001,2025-11-14_23h25.46.410,cueing_task_exp,,2025.1.1,60.10677367408955,2025-11-14 23h25.53.150921 +0530,
←,-0.5,valid,left,213,3,21,left,1,0.8433108999888645,None,21,3,213,6,369.1034115000075,,,,,,,,,369.08664990001125,369.1034115000075,369.585293600001,369.585293600001,369.8864944000088,370.1864459000062,370.1864459000062,371.03620790000423,left,1,0.8433108999888645,None,,,,04,001,2025-11-14_23h25.46.410,cueing_task_exp,,2025.1.1,60.10677367408955,2025-11-14 23h25.53.150921 +0530,
→,0.5,valid,right,214,4,21,right,1,0.31801430000632536,None,21,4,214,2,371.0518654000043,,,,,,,,,371.0386583000072,371.0518654000043,371.5364009000041,371.5364009000041,371.83671870001126,372.13665980000223,372.13665980000223,372.4696229999972,right,1,0.31801430000632536,None,,,,04,001,2025-11-14_23h25.46.410,cueing_task_exp,,2025.1.1,60.10677367408955,2025-11-14 23h25.53.150921 +0530,
→,0.5,valid,right,215,5,21,right,1,0.1548169999878155,None,21,5,215,0,372.48653449999983,,,,,,,,,372.4701289000077,372.48653449999983,372.9703051999968,372.9703051999968,373.26875709999877,373.56951149999804,373.56951149999804,373.7363415,right,1,0.1548169999878155,None,,,,04,001,2025-11-14_23h25.46.410,cueing_task_exp,,2025.1.1,60.10677367408955,2025-11-14 23h25.53.150921 +0530,
←,-0.5,valid,left,216,6,21,left,1,0.4545566000015242,None,21,6,216,4,373.75362550000136,,,,,,,,,373.73968880000757,373.75362550000136,374.2368867000041,374.2368867000041,374.53706400000374,374.83610630000476,374.83610630000476,375.30267760000424,left,1,0.4545566000015242,None,,,,04,001,2025-11-14_23h25.46.410,cueing_task_exp,,2025.1.1,60.10677367408955,2025-11-14 23h25.53.150921 +0530,
←,-0.5,valid,left,217,7,21,left,1,0.3703300000051968,None,21,7,217,1,375.32011810000404,,,,,,,,,375.3034558000072,375.32011810000404,375.803802800001,375.803802800001,376.10215640001115,376.40219540000544,376.40219540000544,376.78643880000163,left,1,0.3703300000051968,None,,,,04,001,2025-11-14_23h25.46.410,cueing_task_exp,,2025.1.1,60.10677367408955,2025-11-14 23h25.53.150921 +0530,
→,0.5,valid,right,218,8,21,right,1,0.24371720000635833,None,21,8,218,7,376.8029184000043,,,,,,,,,376.78885500000615,376.8029184000043,377.2871463000047,377.2871463000047,377.5870413000084,377.8870209000015,377.8870209000015,378.1359797000041,right,1,0.24371720000635833,None,,,,04,001,2025-11-14_23h25.46.410,cueing_task_exp,,2025.1.1,60.10677367408955,2025-11-14 23h25.53.150921 +0530,
←,-0.5,valid,left,219,9,21,left,1,0.2856216999934986,None,21,9,219,5,378.1523894999991,,,,,,,,,378.1388539000036,378.1523894999991,378.63714649999747,378.63714649999747,378.9368235000002,379.23568389999855,379.23568389999855,379.5362785000034,left,1,0.2856216999934986,None,,,,04,001,2025-11-14_23h25.46.410,cueing_task_exp,,2025.1.1,60.10677367408955,2025-11-14 23h25.53.150921 +0530,
→,0.5,valid,right,220,0,22,right,1,0.08766309999919031,None,22,0,220,0,379.55276140000205,,,,,,,,,379.53855110000586,379.55276140000205,380.0373830000026,380.0373830000026,380.33567929999845,380.63700139999855,380.63700139999855,380.7364920999971,right,1,0.08766309999919031,None,,,,04,001,2025-11-14_23h25.46.410,cueing_task_exp,,2025.1.1,60.10677367408955,2025-11-14 23h25.53.150921 +0530,
→,0.5,valid,right,221,1,22,right,1,0.2573753000033321,None,22,1,221,2,380.753429999997,,,,,,,,,380.73694430000614,380.753429999997,381.2538274000108,381.2538274000108,381.5371366000036,381.8370439999999,381.8370439999999,382.1029269999999,right,1,0.2573753000033321,None,,,,04,001,2025-11-14_23h25.46.410,cueing_task_exp,,2025.1.1,60.10677367408955,2025-11-14 23h25.53.150921 +0530,
→,0.5,valid,right,222,2,22,right,1,0.257850399997551,None,22,2,222,3,382.11921200000506,,,,,,,,,382.1035586000071,382.11921200000506,382.60322180000367,382.60322180000367,382.9027408000111,383.2023876000021,383.2023876000021,383.4699801000097,right,1,0.257850399997551,None,,,,04,001,2025-11-14_23h25.46.410,cueing_task_exp,,2025.1.1,60.10677367408955,2025-11-14 23h25.53.150921 +0530,
←,0.5,invalid,right,223,3,22,right,1,0.9090927999932319,None,22,3,223,9,383.4866645000002,,,,,,,,,383.472316600004,383.4866645000002,383.97020619999967,383.97020619999967,384.26884319999954,384.57011970000167,384.57011970000167,385.48665679999976,right,1,0.9090927999932319,None,,,,04,001,2025-11-14_23h25.46.410,cueing_task_exp,,2025.1.1,60.10677367408955,2025-11-14 23h25.53.150921 +0530,
←,-0.5,valid,left,224,4,22,left,1,0.43849080000654794,None,22,4,224,6,385.5035920000082,,,,,,,,,385.4873082999984,385.5035920000082,385.9869483000075,385.9869483000075,386.28679890000785,386.58725710000726,386.58725710000726,387.03643760000705,left,1,0.43849080000654794,None,,,,04,001,2025-11-14_23h25.46.410,cueing_task_exp,,2025.1.1,60.10677367408955,2025-11-14 23h25.53.150921 +0530,
←,-0.5,valid,left,225,5,22,left,1,0.3189018999983091,None,22,5,225,1,387.05357980000554,,,,,,,,,387.0368873999978,387.05357980000554,387.5371332000068,387.5371332000068,387.8369410000014,388.1372374000057,388.1372374000057,388.46974660000706,left,1,0.3189018999983091,None,,,,04,001,2025-11-14_23h25.46.410,cueing_task_exp,,2025.1.1,60.10677367408955,2025-11-14 23h25.53.150921 +0530,
←,-0.5,valid,left,226,6,22,left,1,0.2260528000042541,None,22,6,226,4,388.4854791000107,,,,,,,,,388.47036820001085,388.4854791000107,388.9699449000036,388.9699449000036,389.2692483999999,389.56919700000435,389.56919700000435,389.80338199999824,left,1,0.2260528000042541,None,,,,04,001,2025-11-14_23h25.46.410,cueing_task_exp,,2025.1.1,60.10677367408955,2025-11-14 23h25.53.150921 +0530,
→,-0.5,invalid,left,227,7,22,left,1,0.6744354999973439,None,22,7,227,8,389.8189280000079,,,,,,,,,389.8056942000112,389.8189280000079,390.30402180000965,390.30402180000965,390.6038047000038,390.9038791000057,390.9038791000057,391.58747690000746,left,1,0.6744354999973439,None,,,,04,001,2025-11-14_23h25.46.410,cueing_task_exp,,2025.1.1,60.10677367408955,2025-11-14 23h25.53.150921 +0530,
→,0.5,valid,right,228,8,22,right,1,0.7255411000078311,None,22,8,228,7,391.6028909000015,,,,,,,,,391.5880104000098,391.6028909000015,392.087137399998,392.087137399998,392.403327100008,392.6869294000062,392.6869294000062,393.42111330000625,right,1,0.7255411000078311,None,,,,04,001,2025-11-14_23h25.46.410,cueing_task_exp,,2025.1.1,60.10677367408955,2025-11-14 23h25.53.150921 +0530,
←,-0.5,valid,left,229,9,22,left,1,0.29923649999545887,None,22,9,229,5,393.43488570000045,,,,,,,,,393.42422840000654,393.43488570000045,393.91968440001074,393.91968440001074,394.2203257000074,394.52055420000397,394.52055420000397,394.83660860000236,left,1,0.29923649999545887,None,,,,04,001,2025-11-14_23h25.46.410,cueing_task_exp,,2025.1.1,60.10677367408955,2025-11-14 23h25.53.150921 +0530,
←,-0.5,valid,left,230,0,23,left,1,0.4186360000021523,None,23,0,230,4,394.8534787000099,,,,,,,,,394.8372698000021,394.8534787000099,395.3375046000001,395.3375046000001,395.63637120000203,395.937485500006,395.937485500006,396.3704163000075,left,1,0.4186360000021523,None,,,,04,001,2025-11-14_23h25.46.410,cueing_task_exp,,2025.1.1,60.10677367408955,2025-11-14 23h25.53.150921 +0530,
→,-0.5,invalid,left,231,1,23,left,1,0.5694999999977881,None,23,1,231,8,396.3864641000109,,,,,,,,,396.37299840000924,396.3864641000109,396.870216100011,396.870216100011,397.17077720000816,397.47047820000444,397.47047820000444,398.0531392999983,left,1,0.5694999999977881,None,,,,04,001,2025-11-14_23h25.46.410,cueing_task_exp,,2025.1.1,60.10677367408955,2025-11-14 23h25.53.150921 +0530,
←,0.5,invalid,right,232,2,23,right,1,0.5055490999948233,None,23,2,232,9,398.06980250000197,,,,,,,,,398.05587620000006,398.06980250000197,398.5535929000034,398.5535929000034,398.85355040000286,399.15397810000286,399.15397810000286,399.6704558000056,right,1,0.5055490999948233,None,,,,04,001,2025-11-14_23h25.46.410,cueing_task_exp,,2025.1.1,60.10677367408955,2025-11-14 23h25.53.150921 +0530,
←,-0.5,valid,left,233,3,23,left,1,0.4170077000017045,None,23,3,233,5,399.68621359999815,,,,,,,,,399.67093320000276,399.68621359999815,400.17013150001003,400.17013150001003,400.4703015999985,400.770474200006,400.770474200006,401.2036006999988,left,1,0.4170077000017045,None,,,,04,001,2025-11-14_23h25.46.410,cueing_task_exp,,2025.1.1,60.10677367408955,2025-11-14 23h25.53.150921 +0530,
→,0.5,valid,right,234,4,23,right,1,0.6008188000123482,None,23,4,234,7,401.22043120001035,,,,,,,,,401.2058623000048,401.22043120001035,401.7038600000087,401.7038600000087,402.0036936000106,402.30417250000755,402.30417250000755,402.9199319000036,right,1,0.6008188000123482,None,,,,04,001,2025-11-14_23h25.46.410,cueing_task_exp,,2025.1.1,60.10677367408955,2025-11-14 23h25.53.150921 +0530,
←,-0.5,valid,left,235,5,23,left,1,0.4134444999945117,None,23,5,235,6,402.9363486000075,,,,,,,,,402.9227638000011,402.9363486000075,403.420122800002,403.420122800002,403.7208895000076,404.02022459999716,404.02022459999716,404.436889900011,left,1,0.4134444999945117,None,,,,04,001,2025-11-14_23h25.46.410,cueing_task_exp,,2025.1.1,60.10677367408955,2025-11-14 23h25.53.150921 +0530,
→,0.5,valid,right,236,6,23,right,1,0.43363280000630766,None,23,6,236,2,404.45254980000027,,,,,,,,,404.43913710000925,404.45254980000027,404.9377497000096,404.9377497000096,405.23755790000723,405.5361719000066,405.5361719000066,405.9872699999978,right,1,0.43363280000630766,None,,,,04,001,2025-11-14_23h25.46.410,cueing_task_exp,,2025.1.1,60.10677367408955,2025-11-14 23h25.53.150921 +0530,
→,0.5,valid,right,237,7,23,right,1,0.40387290000217035,None,23,7,237,3,406.00386060000164,,,,,,,,,405.9877598000021,406.00386060000164,406.48708390000684,406.48708390000684,406.8038757000031,407.1042845000047,407.1042845000047,407.5203494000016,right,1,0.40387290000217035,None,,,,04,001,2025-11-14_23h25.46.410,cueing_task_exp,,2025.1.1,60.10677367408955,2025-11-14 23h25.53.150921 +0530,
←,-0.5,valid,left,238,8,23,left,1,0.38248040000326,None,23,8,238,1,407.5369600999984,,,,,,,,,407.5233245999989,407.5369600999984,408.0204678000009,408.0204678000009,408.32016170000134,408.63740520000283,408.63740520000283,409.021152500005,left,1,0.38248040000326,None,,,,04,001,2025-11-14_23h25.46.410,cueing_task_exp,,2025.1.1,60.10677367408955,2025-11-14 23h25.53.150921 +0530,
→,0.5,valid,right,239,9,23,right,1,0.4960436999972444,None,23,9,239,0,409.03579320000426,,,,,,,,,409.024974800006,409.03579320000426,409.53746669999964,409.53746669999964,409.82028929999797,410.1376256000076,410.1376256000076,410.63721450000594,right,1,0.4960436999972444,None,,,,04,001,2025-11-14_23h25.46.410,cueing_task_exp,,2025.1.1,60.10677367408955,2025-11-14 23h25.53.150921 +0530,
←,-0.5,valid,left,240,0,24,left,1,0.4597926999995252,None,24,0,240,5,410.6530883000087,,,,,,,,,410.63968439999735,410.6530883000087,411.13721539999824,411.13721539999824,411.436944400004,411.73723020000034,411.73723020000034,412.20451150000736,left,1,0.4597926999995252,None,,,,04,001,2025-11-14_23h25.46.410,cueing_task_exp,,2025.1.1,60.10677367408955,2025-11-14 23h25.53.150921 +0530,
→,0.5,valid,right,241,1,24,right,1,0.2565926999959629,None,24,1,241,7,412.22042710000824,,,,,,,,,412.20684700000857,412.22042710000824,412.70440490001056,412.70440490001056,413.02118110000447,413.3203199999989,413.3203199999989,413.58797610001056,right,1,0.2565926999959629,None,,,,04,001,2025-11-14_23h25.46.410,cueing_task_exp,,2025.1.1,60.10677367408955,2025-11-14 23h25.53.150921 +0530,
←,0.5,invalid,right,242,2,24,right,1,0.9399355999921681,None,24,2,242,9,413.60298390001117,,,,,,,,,413.59063580000657,413.60298390001117,414.1036705000006,414.1036705000006,414.3877932000032,414.703937600003,414.703937600003,415.6544481000019,right,1,0.9399355999921681,None,,,,04,001,2025-11-14_23h25.46.410,cueing_task_exp,,2025.1.1,60.10677367408955,2025-11-14 23h25.53.150921 +0530,
←,-0.5,valid,left,243,3,24,left,1,0.5702032999979565,None,24,3,243,4,415.6692694000085,,,,,,,,,415.65498040000966,415.6692694000085,416.1557496000023,416.1557496000023,416.454433100007,416.754520100003,416.754520100003,417.33686670000316,left,1,0.5702032999979565,None,,,,04,001,2025-11-14_23h25.46.410,cueing_task_exp,,2025.1.1,60.10677367408955,2025-11-14 23h25.53.150921 +0530,
→,0.5,valid,right,244,4,24,right,1,0.4790643000014825,None,24,4,244,2,417.3540110000031,,,,,,,,,417.3391902000003,417.3540110000031,417.8372173000098,417.8372173000098,418.1370775000105,418.4373756999994,418.4373756999994,418.9203215000016,right,1,0.4790643000014825,None,,,,04,001,2025-11-14_23h25.46.410,cueing_task_exp,,2025.1.1,60.10677367408955,2025-11-14 23h25.53.150921 +0530,
→,0.5,valid,right,245,5,24,right,1,0.8336577999871224,None,24,5,245,3,418.9364027999982,,,,,,,,,418.92093300000124,418.9364027999982,419.4206217000028,419.4206217000028,419.7205238000024,420.02095940000436,420.02095940000436,420.87035409999953,right,1,0.8336577999871224,None,,,,04,001,2025-11-14_23h25.46.410,cueing_task_exp,,2025.1.1,60.10677367408955,2025-11-14 23h25.53.150921 +0530,
→,-0.5,invalid,left,246,6,24,left,1,1.4067039999936242,None,24,6,246,8,420.8863538000005,,,,,,,,,420.8709988000046,420.8863538000005,421.3704410000064,421.3704410000064,421.67123350000475,421.97019930000533,421.97019930000533,423.38841749999847,left,1,1.4067039999936242,None,,,,04,001,2025-11-14_23h25.46.410,cueing_task_exp,,2025.1.1,60.10677367408955,2025-11-14 23h25.53.150921 +0530,
←,-0.5,valid,left,247,7,24,left,1,0.33991389999573585,None,24,7,247,6,423.40407920000143,,,,,,,,,423.3909239000059,423.40407920000143,423.88786360000086,423.88786360000086,424.20380030000524,424.4875108999986,424.4875108999986,424.8373458999995,left,1,0.33991389999573585,None,,,,04,001,2025-11-14_23h25.46.410,cueing_task_exp,,2025.1.1,60.10677367408955,2025-11-14 23h25.53.150921 +0530,
→,0.5,valid,right,248,8,24,right,1,0.3259851999901002,None,24,8,248,0,424.8530182000104,,,,,,,,,424.8396233000094,424.8530182000104,425.3378281000041,425.3378281000041,425.63779649999924,425.9366938000021,425.9366938000021,426.27047350000066,right,1,0.3259851999901002,None,,,,04,001,2025-11-14_23h25.46.410,cueing_task_exp,,2025.1.1,60.10677367408955,2025-11-14 23h25.53.150921 +0530,
←,-0.5,valid,left,249,9,24,left,1,0.2654181999969296,None,24,9,249,1,426.28686860000016,,,,,,,,,426.2733581000066,426.28686860000016,426.7712728000042,426.7712728000042,427.0709749000089,427.3713967000076,427.3713967000076,427.65392760001123,left,1,0.2654181999969296,None,,,,04,001,2025-11-14_23h25.46.410,cueing_task_exp,,2025.1.1,60.10677367408955,2025-11-14 23h25.53.150921 +0530,
→,-0.5,invalid,left,250,0,25,left,1,1.443264999994426,None,25,0,250,8,427.6700714000035,,,,,,,,,427.65788510000857,427.6700714000035,428.15462919999845,428.15462919999845,428.4541329000058,428.75306380000256,428.75306380000256,430.2040110000089,left,1,1.443264999994426,None,,,,04,001,2025-11-14_23h25.46.410,cueing_task_exp,,2025.1.1,60.10677367408955,2025-11-14 23h25.53.150921 +0530,
←,-0.5,valid,left,251,1,25,left,1,0.30346039999858476,None,25,1,251,1,430.2201552000042,,,,,,,,,430.2065994000004,430.2201552000042,430.70317239999713,430.70317239999713,431.00308570000925,431.3193809000077,431.3193809000077,431.637249899999,left,1,0.30346039999858476,None,,,,04,001,2025-11-14_23h25.46.410,cueing_task_exp,,2025.1.1,60.10677367408955,2025-11-14 23h25.53.150921 +0530,
←,-0.5,valid,left,252,2,25,left,1,0.31853469999623485,None,25,2,252,6,431.6545408000093,,,,,,,,,431.63795020000543,431.6545408000093,432.1380436000036,432.1380436000036,432.43761449999874,432.73727260000305,432.73727260000305,433.0705134000018,left,1,0.31853469999623485,None,,,,04,001,2025-11-14_23h25.46.410,cueing_task_exp,,2025.1.1,60.10677367408955,2025-11-14 23h25.53.150921 +0530,
←,-0.5,valid,left,253,3,25,left,1,0.4182091999973636,None,25,3,253,5,433.0873356000084,,,,,,,,,433.0711766000022,433.0873356000084,433.58630000000994,433.58630000000994,433.88612660000217,434.1868048000033,434.1868048000033,434.6198752000055,left,1,0.4182091999973636,None,,,,04,001,2025-11-14_23h25.46.410,cueing_task_exp,,2025.1.1,60.10677367408955,2025-11-14 23h25.53.150921 +0530,
→,0.5,valid,right,254,4,25,right,1,0.3887844000128098,None,25,4,254,2,434.63590850000037,,,,,,,,,434.62179350000224,434.63590850000037,435.11949730000924,435.11949730000924,435.419704800006,435.71965700000874,435.71965700000874,436.1200283000071,right,1,0.3887844000128098,None,,,,04,001,2025-11-14_23h25.46.410,cueing_task_exp,,2025.1.1,60.10677367408955,2025-11-14 23h25.53.150921 +0530,
←,-0.5,valid,left,255,5,25,left,1,0.3696754999982659,None,25,5,255,4,436.13608160000877,,,,,,,,,436.12228690000484,436.13608160000877,436.6196285000042,436.6196285000042,436.91943720000563,437.2193096999981,437.2193096999981,437.60331289999885,left,1,0.3696754999982659,None,,,,04,001,2025-11-14_23h25.46.410,cueing_task_exp,,2025.1.1,60.10677367408955,2025-11-14 23h25.53.150921 +0530,
←,0.5,invalid,right,256,6,25,right,1,1.0522366000077454,None,25,6,256,9,437.61936199999764,,,,,,,,,437.6037478000071,437.61936199999764,438.1029746999993,438.1029746999993,438.402585200005,438.7031180000049,438.7031180000049,439.7707686000067,right,1,1.0522366000077454,None,,,,04,001,2025-11-14_23h25.46.410,cueing_task_exp,,2025.1.1,60.10677367408955,2025-11-14 23h25.53.150921 +0530,
→,0.5,valid,right,257,7,25,right,1,0.39668829999573063,None,25,7,257,3,439.78816120000556,,,,,,,,,439.7727196000051,439.78816120000556,440.269440700009,440.269440700009,440.5699498000031,440.870765700005,440.870765700005,441.2705941000022,right,1,0.39668829999573063,None,,,,04,001,2025-11-14_23h25.46.410,cueing_task_exp,,2025.1.1,60.10677367408955,2025-11-14 23h25.53.150921 +0530,
→,0.5,valid,right,258,8,25,right,1,0.37525270000332966,None,25,8,258,7,441.28638830001,,,,,,,,,441.2712260999979,441.28638830001,441.77109400001063,441.77109400001063,442.0704209000105,442.3713323999982,442.3713323999982,442.75404929999786,right,1,0.37525270000332966,None,,,,04,001,2025-11-14_23h25.46.410,cueing_task_exp,,2025.1.1,60.10677367408955,2025-11-14 23h25.53.150921 +0530,
→,0.5,valid,right,259,9,25,right,1,0.6080620000138879,None,25,9,259,0,442.7698040000105,,,,,,,,,442.754723200007,442.7698040000105,443.25323420000495,443.25323420000495,443.5543281999999,443.8531488000008,443.8531488000008,444.47063389999676,right,1,0.6080620000138879,None,,,,04,001,2025-11-14_23h25.46.410,cueing_task_exp,,2025.1.1,60.10677367408955,2025-11-14 23h25.53.150921 +0530,
→,-0.5,invalid,left,260,0,26,left,1,0.4954367999889655,None,26,0,260,8,444.4879156000097,,,,,,,,,444.4712806000025,444.4879156000097,444.970916899998,444.970916899998,445.2715046000085,445.57012170000235,445.57012170000235,446.0713631000108,left,1,0.4954367999889655,None,,,,04,001,2025-11-14_23h25.46.410,cueing_task_exp,,2025.1.1,60.10677367408955,2025-11-14 23h25.53.150921 +0530,
←,-0.5,valid,left,261,1,26,left,1,0.8381355999881634,None,26,1,261,1,446.08728500000143,,,,,,,,,446.0744887000037,446.08728500000143,446.5882786000002,446.5882786000002,446.8713712000026,447.17166410000937,447.17166410000937,448.02065310000035,left,1,0.8381355999881634,None,,,,04,001,2025-11-14_23h25.46.410,cueing_task_exp,,2025.1.1,60.10677367408955,2025-11-14 23h25.53.150921 +0530,
→,0.5,valid,right,262,2,26,right,1,0.6158071999961976,None,26,2,262,3,448.0376663000061,,,,,,,,,448.0233045000059,448.0376663000061,448.5217859999975,448.5217859999975,448.8212637000106,449.1214825000061,449.1214825000061,449.7543270000024,right,1,0.6158071999961976,None,,,,04,001,2025-11-14_23h25.46.410,cueing_task_exp,,2025.1.1,60.10677367408955,2025-11-14 23h25.53.150921 +0530,
←,0.5,invalid,right,263,3,26,right,1,1.4083977999980561,None,26,3,263,9,449.771450500004,,,,,,,,,449.7567112000106,449.771450500004,450.25480419999803,450.25480419999803,450.5545640000055,450.85506090000854,450.85506090000854,452.2720257000037,right,1,1.4083977999980561,None,,,,04,001,2025-11-14_23h25.46.410,cueing_task_exp,,2025.1.1,60.10677367408955,2025-11-14 23h25.53.150921 +0530,
←,-0.5,valid,left,264,4,26,left,1,0.38582909999240655,None,26,4,264,6,452.28658200000064,,,,,,,,,452.2726534000103,452.28658200000064,452.77172900000005,452.77172900000005,453.07172130000254,453.3714699999982,453.3714699999982,453.770912699998,left,1,0.38582909999240655,None,,,,04,001,2025-11-14_23h25.46.410,cueing_task_exp,,2025.1.1,60.10677367408955,2025-11-14 23h25.53.150921 +0530,
→,0.5,valid,right,265,5,26,right,1,0.24983509999583475,None,26,5,265,7,453.7884117000067,,,,,,,,,453.7732001999975,453.7884117000067,454.27176250000775,454.27176250000775,454.5701021999994,454.88796300000104,454.88796300000104,455.15485000000626,right,1,0.24983509999583475,None,,,,04,001,2025-11-14_23h25.46.410,cueing_task_exp,,2025.1.1,60.10677367408955,2025-11-14 23h25.53.150921 +0530,
→,0.5,valid,right,266,6,26,right,1,0.4216257000080077,None,26,6,266,2,455.17166800000996,,,,,,,,,455.1553627000103,455.17166800000996,455.6758878999972,455.6758878999972,455.95451320000575,456.25532110000495,456.25532110000495,456.6878781999985,right,1,0.4216257000080077,None,,,,04,001,2025-11-14_23h25.46.410,cueing_task_exp,,2025.1.1,60.10677367408955,2025-11-14 23h25.53.150921 +0530,
→,0.5,valid,right,267,7,26,right,1,0.2903206999908434,None,26,7,267,0,456.70483670000976,,,,,,,,,456.6884299000085,456.70483670000976,457.18715410000004,457.18715410000004,457.4884890000103,457.78877840000496,457.78877840000496,458.0894229999976,right,1,0.2903206999908434,None,,,,04,001,2025-11-14_23h25.46.410,cueing_task_exp,,2025.1.1,60.10677367408955,2025-11-14 23h25.53.150921 +0530,
←,-0.5,valid,left,268,8,26,left,1,1.135428800000227,None,26,8,268,5,458.10241269999824,,,,,,,,,458.0930722000048,458.10241269999824,458.60463290000916,458.60463290000916,458.9033010999992,459.1874792000017,459.1874792000017,460.3377959000063,left,1,1.135428800000227,None,,,,04,001,2025-11-14_23h25.46.410,cueing_task_exp,,2025.1.1,60.10677367408955,2025-11-14 23h25.53.150921 +0530,
←,-0.5,valid,left,269,9,26,left,1,0.537001999997301,None,26,9,269,4,460.35467700001027,,,,,,,,,460.33839550000266,460.35467700001027,460.83812440000474,460.83812440000474,461.1381306999974,461.4386053000053,461.4386053000053,461.9877508000063,left,1,0.537001999997301,None,,,,04,001,2025-11-14_23h25.46.410,cueing_task_exp,,2025.1.1,60.10677367408955,2025-11-14 23h25.53.150921 +0530,
→,0.5,valid,right,270,0,27,right,1,0.3290372000046773,None,27,0,270,0,462.0046683999972,,,,,,,,,461.99004889999924,462.0046683999972,462.48685610000393,462.48685610000393,462.7881720000005,463.08692440000596,463.08692440000596,463.42091600000276,right,1,0.3290372000046773,None,,,,04,001,2025-11-14_23h25.46.410,cueing_task_exp,,2025.1.1,60.10677367408955,2025-11-14 23h25.53.150921 +0530,
←,-0.5,valid,left,271,1,27,left,1,0.37930400000186637,None,27,1,271,4,463.43765420001,,,,,,,,,463.423297500005,463.43765420001,463.92168330001005,463.92168330001005,464.22060300000885,464.5219138000102,464.5219138000102,464.90498110000044,left,1,0.37930400000186637,None,,,,04,001,2025-11-14_23h25.46.410,cueing_task_exp,,2025.1.1,60.10677367408955,2025-11-14 23h25.53.150921 +0530,
←,-0.5,valid,left,272,2,27,left,1,0.5232091999932891,None,27,2,272,5,464.92062960000476,,,,,,,,,464.90547230000084,464.92062960000476,465.4056896000111,465.4056896000111,465.70423820000724,466.0048695000005,466.0048695000005,466.5389533999987,left,1,0.5232091999932891,None,,,,04,001,2025-11-14_23h25.46.410,cueing_task_exp,,2025.1.1,60.10677367408955,2025-11-14 23h25.53.150921 +0530,
←,0.5,invalid,right,273,3,27,left,0,0.4351260999974329,None,27,3,273,9,466.5539209999988,,,,,,,,,466.53966429999855,466.5539209999988,467.0548126000067,467.0548126000067,467.3386329000059,467.63867339999706,467.63867339999706,468.0879665000102,left,0,0.4351260999974329,None,,,,04,001,2025-11-14_23h25.46.410,cueing_task_exp,,2025.1.1,60.10677367408955,2025-11-14 23h25.53.150921 +0530,
→,0.5,valid,right,274,4,27,right,1,0.5885932999954093,None,27,4,274,7,468.103371300007,,,,,,,,,468.09045689999766,468.103371300007,468.5886443000054,468.5886443000054,468.88864440000907,469.1881078000006,469.1881078000006,469.7877587000112,right,1,0.5885932999954093,None,,,,04,001,2025-11-14_23h25.46.410,cueing_task_exp,,2025.1.1,60.10677367408955,2025-11-14 23h25.53.150921 +0530,
←,-0.5,valid,left,275,5,27,left,1,0.32745369999611285,None,27,5,275,6,469.80499420000706,,,,,,,,,469.7900346000097,469.80499420000706,470.28704530000687,470.28704530000687,470.58794340000895,470.8887403999979,470.8887403999979,471.2210419000039,left,1,0.32745369999611285,None,,,,04,001,2025-11-14_23h25.46.410,cueing_task_exp,,2025.1.1,60.10677367408955,2025-11-14 23h25.53.150921 +0530,
←,-0.5,valid,left,276,6,27,left,1,0.2806023000011919,None,27,6,276,1,471.2368478999997,,,,,,,,,471.2216341000021,471.2368478999997,471.72152669999923,471.72152669999923,472.0220430000045,472.3221951000014,472.3221951000014,472.60515360000136,left,1,0.2806023000011919,None,,,,04,001,2025-11-14_23h25.46.410,cueing_task_exp,,2025.1.1,60.10677367408955,2025-11-14 23h25.53.150921 +0530,
→,0.5,valid,right,277,7,27,right,1,0.4878441000037128,None,27,7,277,2,472.6206991000072,,,,,,,,,472.6075089000078,472.6206991000072,473.10517880000407,473.10517880000407,473.42154490000394,473.72030800000357,473.72030800000357,474.22155329999805,right,1,0.4878441000037128,None,,,,04,001,2025-11-14_23h25.46.410,cueing_task_exp,,2025.1.1,60.10677367408955,2025-11-14 23h25.53.150921 +0530,
→,0.5,valid,right,278,8,27,right,1,0.34068500000284985,None,27,8,278,3,474.2370108000032,,,,,,,,,474.22201199999836,474.2370108000032,474.72175060000154,474.72175060000154,475.022154899998,475.3225980999996,475.3225980999996,475.67235269999946,right,1,0.34068500000284985,None,,,,04,001,2025-11-14_23h25.46.410,cueing_task_exp,,2025.1.1,60.10677367408955,2025-11-14 23h25.53.150921 +0530,
→,-0.5,invalid,left,279,9,27,left,1,0.413869900003192,None,27,9,279,8,475.6883724000072,,,,,,,,,475.6728620000067,475.6883724000072,476.1720312000107,476.1720312000107,476.4717945000011,476.7718145000108,476.7718145000108,477.18894810001075,left,1,0.413869900003192,None,,,,04,001,2025-11-14_23h25.46.410,cueing_task_exp,,2025.1.1,60.10677367408955,2025-11-14 23h25.53.150921 +0530,
←,0.5,invalid,right,280,0,28,right,1,0.7693792000063695,None,28,0,280,9,477.2050301999989,,,,,,,,,477.191556500009,477.2050301999989,477.7055044000008,477.7055044000008,478.00510740000755,478.28858170000603,478.28858170000603,479.0715707000054,right,1,0.7693792000063695,None,,,,04,001,2025-11-14_23h25.46.410,cueing_task_exp,,2025.1.1,60.10677367408955,2025-11-14 23h25.53.150921 +0530,
←,-0.5,valid,left,281,1,28,left,1,1.0796582999901148,None,28,1,281,5,479.0874754999968,,,,,,,,,479.07210440000927,479.0874754999968,479.5714740000112,479.5714740000112,479.8722378000093,480.1887073000107,480.1887073000107,481.2726963000023,left,1,1.0796582999901148,None,,,,04,001,2025-11-14_23h25.46.410,cueing_task_exp,,2025.1.1,60.10677367408955,2025-11-14 23h25.53.150921 +0530,
→,0.5,valid,right,282,2,28,right,1,0.39154329999291804,None,28,2,282,7,481.28783159999875,,,,,,,,,481.27534469999955,481.28783159999875,481.7719969000027,481.7719969000027,482.08848790000775,482.38808479999716,482.38808479999716,482.78791870000714,right,1,0.39154329999291804,None,,,,04,001,2025-11-14_23h25.46.410,cueing_task_exp,,2025.1.1,60.10677367408955,2025-11-14 23h25.53.150921 +0530,
←,-0.5,valid,left,283,3,28,left,1,0.2571085999952629,None,28,3,283,6,482.8039476999984,,,,,,,,,482.7904522000026,482.8039476999984,483.288948100002,483.288948100002,483.58853850000014,483.88860099999874,483.88860099999874,484.15658360000816,left,1,0.2571085999952629,None,,,,04,001,2025-11-14_23h25.46.410,cueing_task_exp,,2025.1.1,60.10677367408955,2025-11-14 23h25.53.150921 +0530,
→,0.5,valid,right,284,4,28,right,1,0.2829159999964759,None,28,4,284,2,484.17064270000265,,,,,,,,,484.1588929999998,484.17064270000265,484.67138810000324,484.67138810000324,484.9709178000048,485.2719142999995,485.2719142999995,485.57110240000475,right,1,0.2829159999964759,None,,,,04,001,2025-11-14_23h25.46.410,cueing_task_exp,,2025.1.1,60.10677367408955,2025-11-14 23h25.53.150921 +0530,
→,0.5,valid,right,285,5,28,right,1,0.30762269999831915,None,28,5,285,0,485.58858310000505,,,,,,,,,485.5717541000049,485.58858310000505,486.07055930000206,486.07055930000206,486.3719473000092,486.6717703000031,486.6717703000031,486.9886508000054,right,1,0.30762269999831915,None,,,,04,001,2025-11-14_23h25.46.410,cueing_task_exp,,2025.1.1,60.10677367408955,2025-11-14 23h25.53.150921 +0530,
→,0.5,valid,right,286,6,28,right,1,0.3612991999980295,None,28,6,286,3,487.0054678000015,,,,,,,,,486.9891107000003,487.0054678000015,487.48900370000047,487.48900370000047,487.78745630000776,488.08904350000375,488.08904350000375,488.4556764000008,right,1,0.3612991999980295,None,,,,04,001,2025-11-14_23h25.46.410,cueing_task_exp,,2025.1.1,60.10677367408955,2025-11-14 23h25.53.150921 +0530,
←,-0.5,valid,left,287,7,28,left,1,0.2861043000011705,None,28,7,287,1,488.47249480000755,,,,,,,,,488.45826340001076,488.47249480000755,488.9556232000032,488.9556232000032,489.2558407000033,489.55537170000025,489.55537170000025,489.85465110000223,left,1,0.2861043000011705,None,,,,04,001,2025-11-14_23h25.46.410,cueing_task_exp,,2025.1.1,60.10677367408955,2025-11-14 23h25.53.150921 +0530,
→,-0.5,invalid,left,288,8,28,left,1,0.7867389000020921,None,28,8,288,8,489.8709761000064,,,,,,,,,489.8580764000071,489.8709761000064,490.3551881000021,490.3551881000021,490.6540612000099,490.95552800000587,490.95552800000587,491.7551194999978,left,1,0.7867389000020921,None,,,,04,001,2025-11-14_23h25.46.410,cueing_task_exp,,2025.1.1,60.10677367408955,2025-11-14 23h25.53.150921 +0530,
←,-0.5,valid,left,289,9,28,left,1,0.5653970999992453,None,28,9,289,4,491.7712249000033,,,,,,,,,491.7575255999982,491.7712249000033,492.25577060000796,492.25577060000796,492.5542320000095,492.8554542000056,492.8554542000056,493.43837590000476,left,1,0.5653970999992453,None,,,,04,001,2025-11-14_23h25.46.410,cueing_task_exp,,2025.1.1,60.10677367408955,2025-11-14 23h25.53.150921 +0530,
←,0.5,invalid,right,290,0,29,right,1,1.2389288999984274,None,29,0,290,9,493.45509570000286,,,,,,,,,493.438834200002,493.45509570000286,493.9388246000017,493.9388246000017,494.2380459999986,494.53881040000124,494.53881040000124,495.7897959000111,right,1,1.2389288999984274,None,,,,04,001,2025-11-14_23h25.46.410,cueing_task_exp,,2025.1.1,60.10677367408955,2025-11-14 23h25.53.150921 +0530,
→,0.5,valid,right,291,1,29,right,1,0.3700989000062691,None,29,1,291,2,495.80475090000255,,,,,,,,,495.7926080000034,495.80475090000255,496.30558349999774,496.30558349999774,496.6045773000078,496.9054434999998,496.9054434999998,497.28878620000614,right,1,0.3700989000062691,None,,,,04,001,2025-11-14_23h25.46.410,cueing_task_exp,,2025.1.1,60.10677367408955,2025-11-14 23h25.53.150921 +0530,
←,-0.5,valid,left,292,2,29,left,1,0.40525319999142084,None,29,2,292,1,497.30576870001096,,,,,,,,,497.2912712999969,497.30576870001096,497.7891706000082,497.7891706000082,498.0884600999998,498.38921970000956,498.38921970000956,498.80583070000284,left,1,0.40525319999142084,None,,,,04,001,2025-11-14_23h25.46.410,cueing_task_exp,,2025.1.1,60.10677367408955,2025-11-14 23h25.53.150921 +0530,
→,0.5,valid,right,293,3,29,right,1,0.31374919999507256,None,29,3,293,7,498.8213892000058,,,,,,,,,498.8089306000038,498.8213892000058,499.3058913999994,499.3058913999994,499.60521130000416,499.92194500000915,499.92194500000915,500.23914750000404,right,1,0.31374919999507256,None,,,,04,001,2025-11-14_23h25.46.410,cueing_task_exp,,2025.1.1,60.10677367408955,2025-11-14 23h25.53.150921 +0530,
←,-0.5,valid,left,294,4,29,left,1,0.2662362999981269,None,29,4,294,5,500.2549863000022,,,,,,,,,500.24165000001085,500.2549863000022,500.73740930001077,500.73740930001077,501.0390869999974,501.3392453999986,501.3392453999986,501.62212179999915,left,1,0.2662362999981269,None,,,,04,001,2025-11-14_23h25.46.410,cueing_task_exp,,2025.1.1,60.10677367408955,2025-11-14 23h25.53.150921 +0530,
→,0.5,valid,right,295,5,29,right,1,0.3343219000089448,None,29,5,295,3,501.63793660000374,,,,,,,,,501.6247865000041,501.63793660000374,502.122008300008,502.122008300008,502.4218658000027,502.7212537000014,502.7212537000014,503.0722489000036,right,1,0.3343219000089448,None,,,,04,001,2025-11-14_23h25.46.410,cueing_task_exp,,2025.1.1,60.10677367408955,2025-11-14 23h25.53.150921 +0530,
←,-0.5,valid,left,296,6,29,left,1,0.3641615999949863,None,29,6,296,6,503.0889221000107,,,,,,,,,503.07491010001104,503.0889221000107,503.57245530000364,503.57245530000364,503.88786480001,504.18865019999794,504.18865019999794,504.55560069999774,left,1,0.3641615999949863,None,,,,04,001,2025-11-14_23h25.46.410,cueing_task_exp,,2025.1.1,60.10677367408955,2025-11-14 23h25.53.150921 +0530,
→,0.5,valid,right,297,7,29,right,1,0.2963234999915585,None,29,7,297,0,504.5710784999974,,,,,,,,,504.55790670000715,504.5710784999974,505.0556312999979,505.0556312999979,505.3546187000029,505.6557152000023,505.6557152000023,505.9550597000052,right,1,0.2963234999915585,None,,,,04,001,2025-11-14_23h25.46.410,cueing_task_exp,,2025.1.1,60.10677367408955,2025-11-14 23h25.53.150921 +0530,
←,-0.5,valid,left,298,8,29,left,1,0.3556727000104729,None,29,8,298,4,505.9708810000011,,,,,,,,,505.95732770000177,505.9708810000011,506.45483980000427,506.45483980000427,506.75576870000805,507.05600470000354,507.05600470000354,507.42224010000064,left,1,0.3556727000104729,None,,,,04,001,2025-11-14_23h25.46.410,cueing_task_exp,,2025.1.1,60.10677367408955,2025-11-14 23h25.53.150921 +0530,
→,-0.5,invalid,left,299,9,29,left,1,1.1412581999902613,None,29,9,299,8,507.43926759999886,,,,,,,,,507.42510239999683,507.43926759999886,507.922638700009,507.922638700009,508.2389892000065,508.5223821999971,508.5223821999971,509.6733272999991,left,1,1.1412581999902613,None,,,,04,001,2025-11-14_23h25.46.410,cueing_task_exp,,2025.1.1,60.10677367408955,2025-11-14 23h25.53.150921 +0530,
→,-0.5,invalid,left,300,0,30,left,1,1.5139838000031887,None,30,0,300,8,509.6883145000029,,,,,,,,,509.673975800004,509.6883145000029,510.1708280000021,510.1708280000021,510.47276650001004,510.7726970000076,510.7726970000076,512.2897798000049,left,1,1.5139838000031887,None,,,,04,001,2025-11-14_23h25.46.410,cueing_task_exp,,2025.1.1,60.10677367408955,2025-11-14 23h25.53.150921 +0530,
→,0.5,valid,right,301,1,30,right,1,0.5428807999996934,None,30,1,301,3,512.3045799000101,,,,,,,,,512.2905570000003,512.3045799000101,512.7895051000087,512.7895051000087,513.088336700006,513.3888274000055,513.3888274000055,513.9385852999985,right,1,0.5428807999996934,None,,,,04,001,2025-11-14_23h25.46.410,cueing_task_exp,,2025.1.1,60.10677367408955,2025-11-14 23h25.53.150921 +0530,
←,-0.5,valid,left,302,2,30,left,1,0.2647103000053903,None,30,2,302,5,513.9550911999977,,,,,,,,,513.9409129999985,513.9550911999977,514.4390339000092,514.4390339000092,514.7393761999992,515.0391297000024,515.0391297000024,515.3051541000023,left,1,0.2647103000053903,None,,,,04,001,2025-11-14_23h25.46.410,cueing_task_exp,,2025.1.1,60.10677367408955,2025-11-14 23h25.53.150921 +0530,
←,-0.5,valid,left,303,3,30,left,1,0.3217062000039732,None,30,3,303,4,515.3212867999973,,,,,,,,,515.3056223000021,515.3212867999973,515.806322400007,515.806322400007,516.1048242999968,516.4059112000105,516.4059112000105,516.7387681000109,left,1,0.3217062000039732,None,,,,04,001,2025-11-14_23h25.46.410,cueing_task_exp,,2025.1.1,60.10677367408955,2025-11-14 23h25.53.150921 +0530,
→,0.5,valid,right,304,4,30,right,1,0.3858457000023918,None,30,4,304,2,516.756077900005,,,,,,,,,516.7420793000056,516.756077900005,517.237850400008,517.237850400008,517.5389370000048,517.8388164000062,517.8388164000062,518.2390270000033,right,1,0.3858457000023918,None,,,,04,001,2025-11-14_23h25.46.410,cueing_task_exp,,2025.1.1,60.10677367408955,2025-11-14 23h25.53.150921 +0530,
←,-0.5,valid,left,305,5,30,left,1,0.7019291000033263,None,30,5,305,6,518.2555313000048,,,,,,,,,518.2414807000023,518.2555313000048,518.7557977000106,518.7557977000106,519.0395822999999,519.3395772000076,519.3395772000076,520.0554072000086,left,1,0.7019291000033263,None,,,,04,001,2025-11-14_23h25.46.410,cueing_task_exp,,2025.1.1,60.10677367408955,2025-11-14 23h25.53.150921 +0530,
←,-0.5,valid,left,306,6,30,left,1,0.2589345000014873,None,30,6,306,1,520.0725272999989,,,,,,,,,520.0558670000028,520.0725272999989,520.5561250000028,520.5561250000028,520.8559257000015,521.1724496000097,521.1724496000097,521.4391537000047,left,1,0.2589345000014873,None,,,,04,001,2025-11-14_23h25.46.410,cueing_task_exp,,2025.1.1,60.10677367408955,2025-11-14 23h25.53.150921 +0530,
→,0.5,valid,right,307,7,30,right,1,0.2462563000008231,None,30,7,307,0,521.4544951999997,,,,,,,,,521.4414932000072,521.4544951999997,521.939547300004,521.939547300004,522.2379434000031,522.539646899997,522.539646899997,522.7894473000051,right,1,0.2462563000008231,None,,,,04,001,2025-11-14_23h25.46.410,cueing_task_exp,,2025.1.1,60.10677367408955,2025-11-14 23h25.53.150921 +0530,
→,0.5,valid,right,308,8,30,right,1,0.25950010000087786,None,30,8,308,7,522.8046807000064,,,,,,,,,522.7899711000064,522.8046807000064,523.2893197000085,523.2893197000085,523.6063488000073,523.8892828000098,523.8892828000098,524.1564169000048,right,1,0.25950010000087786,None,,,,04,001,2025-11-14_23h25.46.410,cueing_task_exp,,2025.1.1,60.10677367408955,2025-11-14 23h25.53.150921 +0530,
←,0.5,invalid,right,309,9,30,right,1,0.41037309999228455,None,30,9,309,9,524.1731530000106,,,,,,,,,524.1587323999993,524.1731530000106,524.6557476000016,524.6557476000016,524.9726048000011,525.2569911000028,525.2569911000028,525.6723346000072,right,1,0.41037309999228455,None,,,,04,001,2025-11-14_23h25.46.410,cueing_task_exp,,2025.1.1,60.10677367408955,2025-11-14 23h25.53.150921 +0530,
←,-0.5,valid,left,310,0,31,left,1,0.4243531999964034,None,31,0,310,4,525.6878512000112,,,,,,,,,525.6729636000091,525.6878512000112,526.1718183000048,526.1718183000048,526.4729802000074,526.7729880999977,526.7729880999977,527.2054534000054,left,1,0.4243531999964034,None,,,,04,001,2025-11-14_23h25.46.410,cueing_task_exp,,2025.1.1,60.10677367408955,2025-11-14 23h25.53.150921 +0530,
←,-0.5,valid,left,311,1,31,left,1,0.5631189999985509,None,31,1,311,5,527.2222917000036,,,,,,,,,527.2058995999978,527.2222917000036,527.7054333999986,527.7054333999986,528.0063546000019,528.3063499999989,528.3063499999989,528.8721214999969,left,1,0.5631189999985509,None,,,,04,001,2025-11-14_23h25.46.410,cueing_task_exp,,2025.1.1,60.10677367408955,2025-11-14 23h25.53.150921 +0530,
→,0.5,valid,right,312,2,31,right,1,0.6169628999923589,None,31,2,312,0,528.8889803000056,,,,,,,,,528.874441500011,528.8889803000056,529.3730808999971,529.3730808999971,529.6727001000108,529.9729495000065,529.9729495000065,530.6069384000002,right,1,0.6169628999923589,None,,,,04,001,2025-11-14_23h25.46.410,cueing_task_exp,,2025.1.1,60.10677367408955,2025-11-14 23h25.53.150921 +0530,
←,0.5,invalid,right,313,3,31,right,1,1.6299848999915412,None,31,3,313,9,530.6233384000079,,,,,,,,,530.6096014000068,530.6233384000079,531.1235916000005,531.1235916000005,531.4217343000055,531.7228871999978,531.7228871999978,533.3561757999996,right,1,1.6299848999915412,None,,,,04,001,2025-11-14_23h25.46.410,cueing_task_exp,,2025.1.1,60.10677367408955,2025-11-14 23h25.53.150921 +0530,
→,0.5,valid,right,314,4,31,right,1,0.5014914000057615,None,31,4,314,3,533.3714334000106,,,,,,,,,533.3584947000054,533.3714334000106,533.8552424000081,533.8552424000081,534.1557586999988,534.4564194999984,534.4564194999984,534.9722248000035,right,1,0.5014914000057615,None,,,,04,001,2025-11-14_23h25.46.410,cueing_task_exp,,2025.1.1,60.10677367408955,2025-11-14 23h25.53.150921 +0530,
←,-0.5,valid,left,315,5,31,left,1,0.40638280000712257,None,31,5,315,6,534.989490500011,,,,,,,,,534.9751634999993,534.989490500011,535.4731218000088,535.4731218000088,535.7715222999977,536.0732169000112,536.0732169000112,536.4893665999989,left,1,0.40638280000712257,None,,,,04,001,2025-11-14_23h25.46.410,cueing_task_exp,,2025.1.1,60.10677367408955,2025-11-14 23h25.53.150921 +0530,
→,0.5,valid,right,316,6,31,right,1,0.42942390000098385,None,31,6,316,7,536.50638050001,,,,,,,,,536.4921508999978,536.50638050001,536.9891976000072,536.9891976000072,537.2897863000107,537.6060160000052,537.6060160000052,538.0395160000044,right,1,0.42942390000098385,None,,,,04,001,2025-11-14_23h25.46.410,cueing_task_exp,,2025.1.1,60.10677367408955,2025-11-14 23h25.53.150921 +0530,
→,0.5,valid,right,317,7,31,right,1,0.5366123999992851,None,31,7,317,2,538.0554650999984,,,,,,,,,538.0402677000093,538.0554650999984,538.5391921999981,538.5391921999981,538.8397562000027,539.1384490000055,539.1384490000055,539.689183800001,right,1,0.5366123999992851,None,,,,04,001,2025-11-14_23h25.46.410,cueing_task_exp,,2025.1.1,60.10677367408955,2025-11-14 23h25.53.150921 +0530,
→,-0.5,invalid,left,318,8,31,left,1,0.7336477000062587,None,31,8,318,8,539.7060691000079,,,,,,,,,539.6896494000102,539.7060691000079,540.1898865000112,540.1898865000112,540.4899366000027,540.7896961000079,540.7896961000079,541.538945799999,left,1,0.7336477000062587,None,,,,04,001,2025-11-14_23h25.46.410,cueing_task_exp,,2025.1.1,60.10677367408955,2025-11-14 23h25.53.150921 +0530,
←,-0.5,valid,left,319,9,31,left,1,1.1513184000068577,None,31,9,319,1,541.5564033999981,,,,,,,,,541.5416808000009,541.5564033999981,542.0398588000098,542.0398588000098,542.3394410000037,542.6384499999986,542.6384499999986,543.8059828999976,left,1,1.1513184000068577,None,,,,04,001,2025-11-14_23h25.46.410,cueing_task_exp,,2025.1.1,60.10677367408955,2025-11-14 23h25.53.150921 +0530,
←,-0.5,valid,left,320,0,32,left,1,0.3543981000111671,None,32,0,320,5,543.8221229000046,,,,,,,,,543.8065454000025,543.8221229000046,544.3063350000011,544.3063350000011,544.6050579000002,544.9068293000018,544.9068293000018,545.2724814000103,left,1,0.3543981000111671,None,,,,04,001,2025-11-14_23h25.46.410,cueing_task_exp,,2025.1.1,60.10677367408955,2025-11-14 23h25.53.150921 +0530,
←,-0.5,valid,left,321,1,32,left,1,0.2770534999872325,None,32,1,321,6,545.2899935000023,,,,,,,,,545.2731229000055,545.2899935000023,545.7731917000056,545.7731917000056,546.0732234000025,546.3734912000073,546.3734912000073,546.6563803000026,left,1,0.2770534999872325,None,,,,04,001,2025-11-14_23h25.46.410,cueing_task_exp,,2025.1.1,60.10677367408955,2025-11-14 23h25.53.150921 +0530,
→,0.5,valid,right,322,2,32,right,1,0.3425705999979982,None,32,2,322,0,546.6716893999983,,,,,,,,,546.6597688000038,546.6716893999983,547.156412700002,547.156412700002,547.4563075000042,547.7561747,547.7561747,548.1061545999983,right,1,0.3425705999979982,None,,,,04,001,2025-11-14_23h25.46.410,cueing_task_exp,,2025.1.1,60.10677367408955,2025-11-14 23h25.53.150921 +0530,
→,-0.5,invalid,left,323,3,32,left,1,0.8505677000066498,None,32,3,323,8,548.1223184999981,,,,,,,,,548.106613099997,548.1223184999981,548.6066420999996,548.6066420999996,548.9067262000026,549.2052678000036,549.2052678000036,550.0726605000091,left,1,0.8505677000066498,None,,,,04,001,2025-11-14_23h25.46.410,cueing_task_exp,,2025.1.1,60.10677367408955,2025-11-14 23h25.53.150921 +0530,
→,0.5,valid,right,324,4,32,right,1,0.37541830001282506,None,32,4,324,2,550.0886173000035,,,,,,,,,550.0732513999974,550.0886173000035,550.5732908000064,550.5732908000064,550.8728317000059,551.1895738000021,551.1895738000021,551.5735624000081,right,1,0.37541830001282506,None,,,,04,001,2025-11-14_23h25.46.410,cueing_task_exp,,2025.1.1,60.10677367408955,2025-11-14 23h25.53.150921 +0530,
←,-0.5,valid,left,325,5,32,left,1,0.6816023999999743,None,32,5,325,4,551.5879136000003,,,,,,,,,551.5770772000105,551.5879136000003,552.0901347000035,552.0901347000035,552.3731148000079,552.6729567000002,552.6729567000002,553.3554679000081,left,1,0.6816023999999743,None,,,,04,001,2025-11-14_23h25.46.410,cueing_task_exp,,2025.1.1,60.10677367408955,2025-11-14 23h25.53.150921 +0530,
→,0.5,valid,right,326,6,32,right,1,0.6337152000050992,None,32,6,326,3,553.3718492000044,,,,,,,,,553.3577193000092,553.3718492000044,553.8563934999984,553.8563934999984,554.1570541999972,554.455083000008,554.455083000008,555.0898794000095,right,1,0.6337152000050992,None,,,,04,001,2025-11-14_23h25.46.410,cueing_task_exp,,2025.1.1,60.10677367408955,2025-11-14 23h25.53.150921 +0530,
→,0.5,valid,right,327,7,32,right,1,0.3353348999953596,None,32,7,327,7,555.1054886000056,,,,,,,,,555.0905844000081,555.1054886000056,555.5896381000057,555.5896381000057,555.9068152999971,556.1884686999983,556.1884686999983,556.5394090000045,right,1,0.3353348999953596,None,,,,04,001,2025-11-14_23h25.46.410,cueing_task_exp,,2025.1.1,60.10677367408955,2025-11-14 23h25.53.150921 +0530,
←,-0.5,valid,left,328,8,32,left,1,0.3815744000021368,None,32,8,328,1,556.5564324000006,,,,,,,,,556.5424811999983,556.5564324000006,557.0395655000029,557.0395655000029,557.3394727999985,557.6399130000063,557.6399130000063,558.0226530000073,left,1,0.3815744000021368,None,,,,04,001,2025-11-14_23h25.46.410,cueing_task_exp,,2025.1.1,60.10677367408955,2025-11-14 23h25.53.150921 +0530,
←,0.5,invalid,right,329,9,32,left,0,0.3042845999880228,None,32,9,329,9,558.0385820000083,,,,,,,,,558.0231033000018,558.0385820000083,558.5234898000053,558.5234898000053,558.8223304999992,559.1235662000108,559.1235662000108,559.4395291999972,left,0,0.3042845999880228,None,,,,04,001,2025-11-14_23h25.46.410,cueing_task_exp,,2025.1.1,60.10677367408955,2025-11-14 23h25.53.150921 +0530,
←,-0.5,valid,left,330,0,33,left,1,0.6220583999966038,None,33,0,330,4,559.4569100000081,,,,,,,,,559.4402059999993,559.4569100000081,559.9400822000025,559.9400822000025,560.2386086000042,560.5400635999977,560.5400635999977,561.1728216000047,left,1,0.6220583999966038,None,,,,04,001,2025-11-14_23h25.46.410,cueing_task_exp,,2025.1.1,60.10677367408955,2025-11-14 23h25.53.150921 +0530,
→,0.5,valid,right,331,1,33,right,1,0.3521850999968592,None,33,1,331,2,561.189712300009,,,,,,,,,561.1756964000087,561.189712300009,561.671937799998,561.671937799998,561.9733253000013,562.2735303000081,562.2735303000081,562.6396811000013,right,1,0.3521850999968592,None,,,,04,001,2025-11-14_23h25.46.410,cueing_task_exp,,2025.1.1,60.10677367408955,2025-11-14 23h25.53.150921 +0530,
→,0.5,valid,right,332,2,33,right,1,0.2802133999939542,None,33,2,332,3,562.6558164000016,,,,,,,,,562.6402812000015,562.6558164000016,563.1403682000091,563.1403682000091,563.4566866000096,563.7403270000068,563.7403270000068,564.0236415999971,right,1,0.2802133999939542,None,,,,04,001,2025-11-14_23h25.46.410,cueing_task_exp,,2025.1.1,60.10677367408955,2025-11-14 23h25.53.150921 +0530,
←,-0.5,valid,left,333,3,33,left,1,0.23390560000552796,None,33,3,333,5,564.0390506999975,,,,,,,,,564.0262960999971,564.0390506999975,564.5227610000002,564.5227610000002,564.8232598000031,565.1236614000081,565.1236614000081,565.3731892000069,left,1,0.23390560000552796,None,,,,04,001,2025-11-14_23h25.46.410,cueing_task_exp,,2025.1.1,60.10677367408955,2025-11-14 23h25.53.150921 +0530,
→,0.5,valid,right,334,4,33,right,1,0.2207374000136042,None,33,4,334,7,565.3893121000001,,,,,,,,,565.3765956999996,565.3893121000001,565.8904212000052,565.8904212000052,566.1733824000112,566.4736575999996,566.4736575999996,566.7068406000035,right,1,0.2207374000136042,None,,,,04,001,2025-11-14_23h25.46.410,cueing_task_exp,,2025.1.1,60.10677367408955,2025-11-14 23h25.53.150921 +0530,
→,0.5,valid,right,335,5,33,right,1,0.5976508000021568,None,33,5,335,0,566.7221800999978,,,,,,,,,566.7075626000005,566.7221800999978,567.2061307999975,567.2061307999975,567.5066549000039,567.8054620000039,567.8054620000039,568.4063983000087,right,1,0.5976508000021568,None,,,,04,001,2025-11-14_23h25.46.410,cueing_task_exp,,2025.1.1,60.10677367408955,2025-11-14 23h25.53.150921 +0530,
←,0.5,invalid,right,336,6,33,right,1,0.717484599997988,None,33,6,336,9,568.4231836000108,,,,,,,,,568.4087700000091,568.4231836000108,568.9053119000018,568.9053119000018,569.2067777000047,569.5069061000104,569.5069061000104,570.240335399998,right,1,0.717484599997988,None,,,,04,001,2025-11-14_23h25.46.410,cueing_task_exp,,2025.1.1,60.10677367408955,2025-11-14 23h25.53.150921 +0530,
←,-0.5,valid,left,337,7,33,left,1,0.4491915999969933,None,33,7,337,6,570.2569527000014,,,,,,,,,570.241070700009,570.2569527000014,570.7403130000021,570.7403130000021,571.0407424000005,571.3570487999968,571.3570487999968,571.823217600002,left,1,0.4491915999969933,None,,,,04,001,2025-11-14_23h25.46.410,cueing_task_exp,,2025.1.1,60.10677367408955,2025-11-14 23h25.53.150921 +0530,
←,-0.5,valid,left,338,8,33,left,1,0.40812809999624733,None,33,8,338,1,571.8401638000068,,,,,,,,,571.8238022000005,571.8401638000068,572.3232941000024,572.3232941000024,572.623857300001,572.923971199998,572.923971199998,573.3410533999995,left,1,0.40812809999624733,None,,,,04,001,2025-11-14_23h25.46.410,cueing_task_exp,,2025.1.1,60.10677367408955,2025-11-14 23h25.53.150921 +0530,
→,-0.5,invalid,left,339,9,33,left,1,0.4935970000078669,None,33,9,339,8,573.3552328000078,,,,,,,,,573.3438565999968,573.3552328000078,573.8401939000032,573.8401939000032,574.1405895000062,574.4442909000063,574.4442909000063,574.9396387000015,left,1,0.4935970000078669,None,,,,04,001,2025-11-14_23h25.46.410,cueing_task_exp,,2025.1.1,60.10677367408955,2025-11-14 23h25.53.150921 +0530,
→,0.5,valid,right,340,0,34,right,1,0.45871099999931175,None,34,0,340,0,574.9557682000013,,,,,,,,,574.9401077000075,574.9557682000013,575.4405896000098,575.4405896000098,575.7399148999975,576.0403151000064,576.0403151000064,576.5079846000008,right,1,0.45871099999931175,None,,,,04,001,2025-11-14_23h25.46.410,cueing_task_exp,,2025.1.1,60.10677367408955,2025-11-14 23h25.53.150921 +0530,
→,-0.5,invalid,left,341,1,34,left,1,1.1029344999988098,None,34,1,341,8,576.5221697000088,,,,,,,,,576.5087894000026,576.5221697000088,577.0224879000016,577.0224879000016,577.3230449999974,577.6073127999989,577.6073127999989,578.7233026000031,left,1,1.1029344999988098,None,,,,04,001,2025-11-14_23h25.46.410,cueing_task_exp,,2025.1.1,60.10677367408955,2025-11-14 23h25.53.150921 +0530,
→,0.5,valid,right,342,2,34,right,1,0.34712339998804964,None,34,2,342,3,578.7401806999987,,,,,,,,,578.7238458000065,578.7401806999987,579.240177700005,579.240177700005,579.5236766000016,579.8233299999993,579.8233299999993,580.1729674000089,right,1,0.34712339998804964,None,,,,04,001,2025-11-14_23h25.46.410,cueing_task_exp,,2025.1.1,60.10677367408955,2025-11-14 23h25.53.150921 +0530,
←,-0.5,valid,left,343,3,34,left,1,0.4769725000078324,None,34,3,343,1,580.1888174000051,,,,,,,,,580.175576300011,580.1888174000051,580.6724445,580.6724445,580.9723236999998,581.2742556000012,581.2742556000012,581.7571089999983,left,1,0.4769725000078324,None,,,,04,001,2025-11-14_23h25.46.410,cueing_task_exp,,2025.1.1,60.10677367408955,2025-11-14 23h25.53.150921 +0530,
→,0.5,valid,right,344,4,34,right,1,0.2955547000019578,None,34,4,344,7,581.772476099999,,,,,,,,,581.7596263000014,581.772476099999,582.2555549000099,582.2555549000099,582.555995600007,582.8570987999992,582.8570987999992,583.1568244000082,right,1,0.2955547000019578,None,,,,04,001,2025-11-14_23h25.46.410,cueing_task_exp,,2025.1.1,60.10677367408955,2025-11-14 23h25.53.150921 +0530,
←,-0.5,valid,left,345,5,34,left,1,0.32129340000392403,None,34,5,345,5,583.1721471000055,,,,,,,,,583.1590538000019,583.1721471000055,583.657366600004,583.657366600004,583.9573611000087,584.2557892000041,584.2557892000041,584.5897964000033,left,1,0.32129340000392403,None,,,,04,001,2025-11-14_23h25.46.410,cueing_task_exp,,2025.1.1,60.10677367408955,2025-11-14 23h25.53.150921 +0530,
←,-0.5,valid,left,346,6,34,left,1,0.3485955000069225,None,34,6,346,6,584.6061444000079,,,,,,,,,584.5902522999968,584.6061444000079,585.0894063000014,585.0894063000014,585.3897115,585.6891214000061,585.6891214000061,586.0401353000052,left,1,0.3485955000069225,None,,,,04,001,2025-11-14_23h25.46.410,cueing_task_exp,,2025.1.1,60.10677367408955,2025-11-14 23h25.53.150921 +0530,
→,0.5,valid,right,347,7,34,right,1,0.3408113999903435,None,34,7,347,2,586.0559506999998,,,,,,,,,586.0426949000102,586.0559506999998,586.5404003000003,586.5404003000003,586.8407636000047,587.1405912000046,587.1405912000046,587.4897367000085,right,1,0.3408113999903435,None,,,,04,001,2025-11-14_23h25.46.410,cueing_task_exp,,2025.1.1,60.10677367408955,2025-11-14 23h25.53.150921 +0530,
←,0.5,invalid,right,348,8,34,right,1,1.1232044999924256,None,34,8,348,9,587.5070531000092,,,,,,,,,587.4921208000014,587.5070531000092,587.9904270999978,587.9904270999978,588.2906635999971,588.5901251000032,588.5901251000032,589.723530400006,right,1,1.1232044999924256,None,,,,04,001,2025-11-14_23h25.46.410,cueing_task_exp,,2025.1.1,60.10677367408955,2025-11-14 23h25.53.150921 +0530,
←,-0.5,valid,left,349,9,34,left,1,0.2681587999977637,None,34,9,349,4,589.7391555000067,,,,,,,,,589.7241270000086,589.7391555000067,590.2241286000062,590.2241286000062,590.5240541000094,590.8407223000104,590.8407223000104,591.1248871999996,left,1,0.2681587999977637,None,,,,04,001,2025-11-14_23h25.46.410,cueing_task_exp,,2025.1.1,60.10677367408955,2025-11-14 23h25.53.150921 +0530,
→,-0.5,invalid,left,350,0,35,left,1,0.5713895999942906,None,35,0,350,8,591.1390129000065,,,,,,,,,591.1274163000053,591.1390129000065,591.6406687999988,591.6406687999988,591.940488200009,592.2239906000032,592.2239906000032,592.8066640000034,left,1,0.5713895999942906,None,,,,04,001,2025-11-14_23h25.46.410,cueing_task_exp,,2025.1.1,60.10677367408955,2025-11-14 23h25.53.150921 +0530,
←,-0.5,valid,left,351,1,35,left,1,0.5347841000038898,None,35,1,351,4,592.8224335999985,,,,,,,,,592.8091266999982,592.8224335999985,593.3075342000084,593.3075342000084,593.6074131000059,593.9075008000073,593.9075008000073,594.4569621999981,left,1,0.5347841000038898,None,,,,04,001,2025-11-14_23h25.46.410,cueing_task_exp,,2025.1.1,60.10677367408955,2025-11-14 23h25.53.150921 +0530,
→,0.5,valid,right,352,2,35,right,1,0.682924999986426,None,35,2,352,2,594.4735858000058,,,,,,,,,594.4595087000052,594.4735858000058,594.9577236000041,594.9577236000041,595.2571538000047,595.5571412999998,595.5571412999998,596.2410495000076,right,1,0.682924999986426,None,,,,04,001,2025-11-14_23h25.46.410,cueing_task_exp,,2025.1.1,60.10677367408955,2025-11-14 23h25.53.150921 +0530,
→,0.5,valid,right,353,3,35,right,1,0.4459244000026956,None,35,3,353,7,596.2556030999986,,,,,,,,,596.2415027000097,596.2556030999986,596.7575556000083,596.7575556000083,597.0391764000087,597.3409114000096,597.3409114000096,597.7906764000072,right,1,0.4459244000026956,None,,,,04,001,2025-11-14_23h25.46.410,cueing_task_exp,,2025.1.1,60.10677367408955,2025-11-14 23h25.53.150921 +0530,
←,0.5,invalid,right,354,4,35,right,1,1.429161699998076,None,35,4,354,9,597.806265200008,,,,,,,,,597.7931686000084,597.806265200008,598.3075007000007,598.3075007000007,598.5909945000021,598.8914951000042,598.8914951000042,600.324237000008,right,1,1.429161699998076,None,,,,04,001,2025-11-14_23h25.46.410,cueing_task_exp,,2025.1.1,60.10677367408955,2025-11-14 23h25.53.150921 +0530,
←,-0.5,valid,left,355,5,35,left,1,0.25421249998908024,None,35,5,355,5,600.3393391999998,,,,,,,,,600.3247036000103,600.3393391999998,600.8240172000078,600.8240172000078,601.1406798000098,601.4240299000085,601.4240299000085,601.6903676000074,left,1,0.25421249998908024,None,,,,04,001,2025-11-14_23h25.46.410,cueing_task_exp,,2025.1.1,60.10677367408955,2025-11-14 23h25.53.150921 +0530,
←,-0.5,valid,left,356,6,35,left,1,0.44213689999014605,None,35,6,356,6,601.70703830001,,,,,,,,,601.6909528000106,601.70703830001,602.1900470999972,602.1900470999972,602.4906037000037,602.7906220000004,602.7906220000004,603.2416738000029,left,1,0.44213689999014605,None,,,,04,001,2025-11-14_23h25.46.410,cueing_task_exp,,2025.1.1,60.10677367408955,2025-11-14 23h25.53.150921 +0530,
→,0.5,valid,right,357,7,35,right,1,0.5725761000066996,None,35,7,357,3,603.2569383000082,,,,,,,,,603.2441685000085,603.2569383000082,603.7391769000096,603.7391769000096,604.0569913000072,604.3405232000077,604.3405232000077,604.9233948000037,right,1,0.5725761000066996,None,,,,04,001,2025-11-14_23h25.46.410,cueing_task_exp,,2025.1.1,60.10677367408955,2025-11-14 23h25.53.150921 +0530,
→,0.5,valid,right,358,8,35,right,1,0.4750207000033697,None,35,8,358,0,604.940649000011,,,,,,,,,604.9239416000055,604.940649000011,605.4238951000007,605.4238951000007,605.7233460999996,606.0244060999976,606.0244060999976,606.5081525999994,right,1,0.4750207000033697,None,,,,04,001,2025-11-14_23h25.46.410,cueing_task_exp,,2025.1.1,60.10677367408955,2025-11-14 23h25.53.150921 +0530,
←,-0.5,valid,left,359,9,35,left,1,0.18460249999770895,None,35,9,359,1,606.5222333999991,,,,,,,,,606.510827200007,606.5222333999991,607.0077614000038,607.0077614000038,607.3076484000048,607.607047700003,607.607047700003,607.8068663000013,left,1,0.18460249999770895,None,,,,04,001,2025-11-14_23h25.46.410,cueing_task_exp,,2025.1.1,60.10677367408955,2025-11-14 23h25.53.150921 +0530,
←,-0.5,valid,left,360,0,36,left,1,0.36943669999891426,None,36,0,360,6,607.8239565000113,,,,,,,,,607.8073198000056,607.8239565000113,608.3076555000007,608.3076555000007,608.6076637000078,608.9076438000047,608.9076438000047,609.2903721000039,left,1,0.36943669999891426,None,,,,04,001,2025-11-14_23h25.46.410,cueing_task_exp,,2025.1.1,60.10677367408955,2025-11-14 23h25.53.150921 +0530,
←,0.5,invalid,right,361,1,36,right,1,1.054428800009191,None,36,1,361,9,609.3057963000028,,,,,,,,,609.290955000004,609.3057963000028,609.7912786000088,609.7912786000088,610.0902629000047,610.3911380000063,610.3911380000063,611.4574827000033,right,1,1.054428800009191,None,,,,04,001,2025-11-14_23h25.46.410,cueing_task_exp,,2025.1.1,60.10677367408955,2025-11-14 23h25.53.150921 +0530,
→,0.5,valid,right,362,2,36,right,1,0.500387199994293,None,36,2,362,7,611.4727744999982,,,,,,,,,611.4599452000111,611.4727744999982,611.9580955999991,611.9580955999991,612.2580428000074,612.5738082000025,612.5738082000025,613.0903249999974,right,1,0.500387199994293,None,,,,04,001,2025-11-14_23h25.46.410,cueing_task_exp,,2025.1.1,60.10677367408955,2025-11-14 23h25.53.150921 +0530,
→,-0.5,invalid,left,363,3,36,left,1,0.808232900002622,None,36,3,363,8,613.1068231000099,,,,,,,,,613.0907941000041,613.1068231000099,613.5900795000052,613.5900795000052,613.8891077000007,614.1909654000046,614.1909654000046,615.0084300000017,left,1,0.808232900002622,None,,,,04,001,2025-11-14_23h25.46.410,cueing_task_exp,,2025.1.1,60.10677367408955,2025-11-14 23h25.53.150921 +0530,
→,0.5,valid,right,364,4,36,right,1,0.48194820000207983,None,36,4,364,0,615.0231645000022,,,,,,,,,615.0091780000075,615.0231645000022,615.5078155000083,615.5078155000083,615.8242270000046,616.1073134000035,616.1073134000035,616.5912504000007,right,1,0.48194820000207983,None,,,,04,001,2025-11-14_23h25.46.410,cueing_task_exp,,2025.1.1,60.10677367408955,2025-11-14 23h25.53.150921 +0530,
←,-0.5,valid,left,365,5,36,left,1,0.5690566999983275,None,36,5,365,4,616.6067666000017,,,,,,,,,616.5937825000001,616.6067666000017,617.0912378000066,617.0912378000066,617.3910375999985,617.6912082000053,617.6912082000053,618.2612219000002,left,1,0.5690566999983275,None,,,,04,001,2025-11-14_23h25.46.410,cueing_task_exp,,2025.1.1,60.10677367408955,2025-11-14 23h25.53.150921 +0530,
→,0.5,valid,right,366,6,36,right,1,0.409138900009566,None,36,6,366,3,618.2726944000024,,,,,,,,,618.2637939999986,618.2726944000024,618.7741219000018,618.7741219000018,619.0740011000016,619.3740823999979,619.3740823999979,619.7917085000081,right,1,0.409138900009566,None,,,,04,001,2025-11-14_23h25.46.410,cueing_task_exp,,2025.1.1,60.10677367408955,2025-11-14 23h25.53.150921 +0530,
←,-0.5,valid,left,367,7,36,left,1,0.3199670000030892,None,36,7,367,1,619.8068013000011,,,,,,,,,619.7948154000042,619.8068013000011,620.2912043999968,620.2912043999968,620.5900525000034,620.9072785000026,620.9072785000026,621.2406472000002,left,1,0.3199670000030892,None,,,,04,001,2025-11-14_23h25.46.410,cueing_task_exp,,2025.1.1,60.10677367408955,2025-11-14 23h25.53.150921 +0530,
→,0.5,valid,right,368,8,36,right,1,0.6753212000039639,None,36,8,368,2,621.2576429000037,,,,,,,,,621.2430926000088,621.2576429000037,621.7397862000071,621.7397862000071,622.0413257000037,622.3413134000002,622.3413134000002,623.0237295999978,right,1,0.6753212000039639,None,,,,04,001,2025-11-14_23h25.46.410,cueing_task_exp,,2025.1.1,60.10677367408955,2025-11-14 23h25.53.150921 +0530,
←,-0.5,valid,left,369,9,36,left,1,0.4303877999918768,None,36,9,369,5,623.0399762000015,,,,,,,,,623.0266980000015,623.0399762000015,623.5248859999992,623.5248859999992,623.823286800005,624.1229767000041,624.1229767000041,624.5570985000086,left,1,0.4303877999918768,None,,,,04,001,2025-11-14_23h25.46.410,cueing_task_exp,,2025.1.1,60.10677367408955,2025-11-14 23h25.53.150921 +0530,
←,-0.5,valid,left,370,0,37,left,1,0.28030349999608006,None,37,0,370,6,624.5725956000097,,,,,,,,,624.5577786000067,624.5725956000097,625.0581704000069,625.0581704000069,625.3575946000055,625.6570951000031,625.6570951000031,625.9405702000076,left,1,0.28030349999608006,None,,,,04,001,2025-11-14_23h25.46.410,cueing_task_exp,,2025.1.1,60.10677367408955,2025-11-14 23h25.53.150921 +0530,
←,0.5,invalid,right,371,1,37,right,1,1.3695486999931745,None,37,1,371,9,625.9568186999968,,,,,,,,,625.9411449000036,625.9568186999968,626.4407662000012,626.4407662000012,626.7399925000063,627.0398934999976,627.0398934999976,628.4239426999993,right,1,1.3695486999931745,None,,,,04,001,2025-11-14_23h25.46.410,cueing_task_exp,,2025.1.1,60.10677367408955,2025-11-14 23h25.53.150921 +0530,
→,0.5,valid,right,372,2,37,right,1,0.500192599996808,None,37,2,372,7,628.4408372000034,,,,,,,,,628.4262509000109,628.4408372000034,628.9244656000083,628.9244656000083,629.2238792999997,629.5246351000096,629.5246351000096,630.0403219,right,1,0.500192599996808,None,,,,04,001,2025-11-14_23h25.46.410,cueing_task_exp,,2025.1.1,60.10677367408955,2025-11-14 23h25.53.150921 +0530,
←,-0.5,valid,left,373,3,37,left,1,0.30101270000159275,None,37,3,373,4,630.0562986000004,,,,,,,,,630.0434116999968,630.0562986000004,630.5413549000077,630.5413549000077,630.8412848000007,631.139858399998,631.139858399998,631.457238300005,left,1,0.30101270000159275,None,,,,04,001,2025-11-14_23h25.46.410,cueing_task_exp,,2025.1.1,60.10677367408955,2025-11-14 23h25.53.150921 +0530,
→,0.5,valid,right,374,4,37,right,1,0.311418400000548,None,37,4,374,3,631.474589999998,,,,,,,,,631.4596203999972,631.474589999998,631.9578458000033,631.9578458000033,632.2565230000037,632.5581934000074,632.5581934000074,632.8740177,right,1,0.311418400000548,None,,,,04,001,2025-11-14_23h25.46.410,cueing_task_exp,,2025.1.1,60.10677367408955,2025-11-14 23h25.53.150921 +0530,
→,0.5,valid,right,375,5,37,right,1,0.6434513999993214,None,37,5,375,2,632.8898056000035,,,,,,,,,632.8745970000018,632.8898056000035,633.374974899998,633.374974899998,633.674079999997,633.9750274999969,633.9750274999969,634.6243901999987,right,1,0.6434513999993214,None,,,,04,001,2025-11-14_23h25.46.410,cueing_task_exp,,2025.1.1,60.10677367408955,2025-11-14 23h25.53.150921 +0530,
←,-0.5,valid,left,376,6,37,left,1,0.4434017000021413,None,37,6,376,5,634.6413630000025,,,,,,,,,634.6271341000102,634.6413630000025,635.1412583000056,635.1412583000056,635.4412804000021,635.7246665999992,635.7246665999992,636.174052900009,left,1,0.4434017000021413,None,,,,04,001,2025-11-14_23h25.46.410,cueing_task_exp,,2025.1.1,60.10677367408955,2025-11-14 23h25.53.150921 +0530,
←,-0.5,valid,left,377,7,37,left,1,0.3743722000072012,None,37,7,377,1,636.1895140999986,,,,,,,,,636.1746615000011,636.1895140999986,636.6742243000044,636.6742243000044,636.9749008000072,637.2744729999977,637.2744729999977,637.6574909000046,left,1,0.3743722000072012,None,,,,04,001,2025-11-14_23h25.46.410,cueing_task_exp,,2025.1.1,60.10677367408955,2025-11-14 23h25.53.150921 +0530,
→,-0.5,invalid,left,378,8,37,left,1,0.8568216999992728,None,37,8,378,8,637.674233400001,,,,,,,,,637.6599189999979,637.674233400001,638.1565801000106,638.1565801000106,638.4579909000022,638.7574932999996,638.7574932999996,639.6257725000032,left,1,0.8568216999992728,None,,,,04,001,2025-11-14_23h25.46.410,cueing_task_exp,,2025.1.1,60.10677367408955,2025-11-14 23h25.53.150921 +0530,
→,0.5,valid,right,379,9,37,right,1,0.8238760999956867,None,37,9,379,0,639.6399605000042,,,,,,,,,639.6262673000019,639.6399605000042,640.1232699000102,640.1232699000102,640.4416497000057,640.7249693000049,640.7249693000049,641.5585589999973,right,1,0.8238760999956867,None,,,,04,001,2025-11-14_23h25.46.410,cueing_task_exp,,2025.1.1,60.10677367408955,2025-11-14 23h25.53.150921 +0530,
→,0.5,valid,right,380,0,38,right,1,0.3632982999988599,None,38,0,380,7,641.5730583999975,,,,,,,,,641.5590942999988,641.5730583999975,642.0573947000084,642.0573947000084,642.3771011000063,642.6581920000026,642.6581920000026,643.0244812000019,right,1,0.3632982999988599,None,,,,04,001,2025-11-14_23h25.46.410,cueing_task_exp,,2025.1.1,60.10677367408955,2025-11-14 23h25.53.150921 +0530,
←,-0.5,valid,left,381,1,38,left,1,0.33091659999627154,None,38,1,381,4,643.0403113000066,,,,,,,,,643.0270470000105,643.0403113000066,643.524918199997,643.524918199997,643.8247368000011,644.1250505000062,644.1250505000062,644.4574952999974,left,1,0.33091659999627154,None,,,,04,001,2025-11-14_23h25.46.410,cueing_task_exp,,2025.1.1,60.10677367408955,2025-11-14 23h25.53.150921 +0530,
→,-0.5,invalid,left,382,2,38,left,1,1.296526799997082,None,38,2,382,8,644.4735834000021,,,,,,,,,644.4601712000003,644.4735834000021,644.9567325000098,644.9567325000098,645.2584405000089,645.558357300004,645.558357300004,646.8577617999981,left,1,1.296526799997082,None,,,,04,001,2025-11-14_23h25.46.410,cueing_task_exp,,2025.1.1,60.10677367408955,2025-11-14 23h25.53.150921 +0530,
←,-0.5,valid,left,383,3,38,left,1,0.4059357999940403,None,38,3,383,1,646.8734550000081,,,,,,,,,646.8600408000057,646.8734550000081,647.3570034000004,647.3570034000004,647.6578554000007,647.958266600006,647.958266600006,648.3755851000024,left,1,0.4059357999940403,None,,,,04,001,2025-11-14_23h25.46.410,cueing_task_exp,,2025.1.1,60.10677367408955,2025-11-14 23h25.53.150921 +0530,
←,0.5,invalid,right,384,4,38,right,1,1.0129565999959596,None,38,4,384,9,648.3905251999968,,,,,,,,,648.3760397000005,648.3905251999968,648.8902289999969,648.8902289999969,649.1749339000089,649.4916870000015,649.4916870000015,650.5082173999981,right,1,1.0129565999959596,None,,,,04,001,2025-11-14_23h25.46.410,cueing_task_exp,,2025.1.1,60.10677367408955,2025-11-14 23h25.53.150921 +0530,
→,0.5,valid,right,385,5,38,right,1,1.1301254999998491,None,38,5,385,3,650.5242431000079,,,,,,,,,650.5107433000085,650.5242431000079,651.008547999998,651.008547999998,651.3067434999975,651.6251319000003,651.6251319000003,652.7581647000043,right,1,1.1301254999998491,None,,,,04,001,2025-11-14_23h25.46.410,cueing_task_exp,,2025.1.1,60.10677367408955,2025-11-14 23h25.53.150921 +0530,
→,0.5,valid,right,386,6,38,right,1,0.915101999999024,None,38,6,386,0,652.7734927999991,,,,,,,,,652.7587215000094,652.7734927999991,653.2572249000077,653.2572249000077,653.5747745999979,653.8585965000093,653.8585965000093,654.7910077999986,right,1,0.915101999999024,None,,,,04,001,2025-11-14_23h25.46.410,cueing_task_exp,,2025.1.1,60.10677367408955,2025-11-14 23h25.53.150921 +0530,
→,0.5,valid,right,387,7,38,right,1,0.3947996999922907,None,38,7,387,2,654.8069335000037,,,,,,,,,654.7917186999985,654.8069335000037,655.2921385000082,655.2921385000082,655.5918951000058,655.8901066000108,655.8901066000108,656.2926599000057,right,1,0.3947996999922907,None,,,,04,001,2025-11-14_23h25.46.410,cueing_task_exp,,2025.1.1,60.10677367408955,2025-11-14 23h25.53.150921 +0530,
←,-0.5,valid,left,388,8,38,left,1,0.4314660000090953,None,38,8,388,6,656.3064274000062,,,,,,,,,656.2953151000111,656.3064274000062,656.8069362000097,656.8069362000097,657.0919788000028,657.3915229999984,657.3915229999984,657.8246491000027,left,1,0.4314660000090953,None,,,,04,001,2025-11-14_23h25.46.410,cueing_task_exp,,2025.1.1,60.10677367408955,2025-11-14 23h25.53.150921 +0530,
←,-0.5,valid,left,389,9,38,left,1,0.29672199999913573,None,38,9,389,5,657.840435200007,,,,,,,,,657.8253607000079,657.840435200007,658.3419366000016,658.3419366000016,658.6250200000068,658.9238261999999,658.9238261999999,659.2253985999996,left,1,0.29672199999913573,None,,,,04,001,2025-11-14_23h25.46.410,cueing_task_exp,,2025.1.1,60.10677367408955,2025-11-14 23h25.53.150921 +0530,
→,0.5,valid,right,390,0,39,right,1,0.3401966000092216,None,39,0,390,3,659.2401293000003,,,,,,,,,659.2286601000087,659.2401293000003,659.7414888000058,659.7414888000058,660.0249360000016,660.3246980000113,660.3246980000113,660.6744916000025,right,1,0.3401966000092216,None,,,,04,001,2025-11-14_23h25.46.410,cueing_task_exp,,2025.1.1,60.10677367408955,2025-11-14 23h25.53.150921 +0530,
→,0.5,valid,right,391,1,39,right,1,0.7177954000071622,None,39,1,391,2,660.690302700008,,,,,,,,,660.6749661000067,660.690302700008,661.1750288000039,661.1750288000039,661.4736055000103,661.7752711000066,661.7752711000066,662.507920700009,right,1,0.7177954000071622,None,,,,04,001,2025-11-14_23h25.46.410,cueing_task_exp,,2025.1.1,60.10677367408955,2025-11-14 23h25.53.150921 +0530,
←,-0.5,valid,left,392,2,39,left,1,0.7308844000071986,None,39,2,392,4,662.5252099000063,,,,,,,,,662.5103098000109,662.5252099000063,663.0087597000093,663.0087597000093,663.3082774000068,663.6086811999994,663.6086811999994,664.3438086000097,left,1,0.7308844000071986,None,,,,04,001,2025-11-14_23h25.46.410,cueing_task_exp,,2025.1.1,60.10677367408955,2025-11-14 23h25.53.150921 +0530,
←,0.5,invalid,right,393,3,39,right,1,0.8864620999956969,None,39,3,393,9,664.3581420999981,,,,,,,,,664.3443575999991,664.3581420999981,664.8581125000055,664.8581125000055,665.1584126000089,665.4588420000073,665.4588420000073,666.3595370999974,right,1,0.8864620999956969,None,,,,04,001,2025-11-14_23h25.46.410,cueing_task_exp,,2025.1.1,60.10677367408955,2025-11-14 23h25.53.150921 +0530,
←,-0.5,valid,left,394,4,39,left,1,0.39235749999352265,None,39,4,394,6,666.3745201999991,,,,,,,,,666.3601447999972,666.3745201999991,666.8738548999972,666.8738548999972,667.1583757000044,667.4742657000024,667.4742657000024,667.8751751000091,left,1,0.39235749999352265,None,,,,04,001,2025-11-14_23h25.46.410,cueing_task_exp,,2025.1.1,60.10677367408955,2025-11-14 23h25.53.150921 +0530,
←,-0.5,valid,left,395,5,39,left,1,0.5134981000010157,None,39,5,395,1,667.8915869000048,,,,,,,,,667.8757539000071,667.8915869000048,668.391910899998,668.391910899998,668.6750702999998,668.9755052999972,668.9755052999972,669.4920112999971,left,1,0.5134981000010157,None,,,,04,001,2025-11-14_23h25.46.410,cueing_task_exp,,2025.1.1,60.10677367408955,2025-11-14 23h25.53.150921 +0530,
→,0.5,valid,right,396,6,39,right,1,0.3414262000005692,None,39,6,396,7,669.5066496000072,,,,,,,,,669.495149800001,669.5066496000072,669.9925751999981,669.9925751999981,670.2916291000001,670.608510200007,670.608510200007,670.9579489000025,right,1,0.3414262000005692,None,,,,04,001,2025-11-14_23h25.46.410,cueing_task_exp,,2025.1.1,60.10677367408955,2025-11-14 23h25.53.150921 +0530,
→,-0.5,invalid,left,397,7,39,left,1,1.0545612999994773,None,39,7,397,8,670.9745993999968,,,,,,,,,670.9584651000041,670.9745993999968,671.4575643999997,671.4575643999997,671.758957099999,672.0585130999971,672.0585130999971,673.1243229000102,left,1,1.0545612999994773,None,,,,04,001,2025-11-14_23h25.46.410,cueing_task_exp,,2025.1.1,60.10677367408955,2025-11-14 23h25.53.150921 +0530,
←,-0.5,valid,left,398,8,39,left,1,0.5445303000014974,None,39,8,398,5,673.1414095000073,,,,,,,,,673.1266178000078,673.1414095000073,673.6252649000089,673.6252649000089,673.9256482000055,674.2255741999979,674.2255741999979,674.776001700011,left,1,0.5445303000014974,None,,,,04,001,2025-11-14_23h25.46.410,cueing_task_exp,,2025.1.1,60.10677367408955,2025-11-14 23h25.53.150921 +0530,
→,0.5,valid,right,399,9,39,right,1,0.3200670999940485,None,39,9,399,0,674.790313000005,,,,,,,,,674.7788051000098,674.790313000005,675.2750958000106,675.2750958000106,675.5754215000052,675.8749783000094,675.8749783000094,676.2091065999994,right,1,0.3200670999940485,None,,,,04,001,2025-11-14_23h25.46.410,cueing_task_exp,,2025.1.1,60.10677367408955,2025-11-14 23h25.53.150921 +0530,
,,,,,,,,,,,,,,,,,,,,,,,,,,,,,,,,,,,,676.2093390000082,676.2252891000098,676.4240552999981,04,001,2025-11-14_23h25.46.410,cueing_task_exp,,2025.1.1,60.10677367408955,2025-11-14 23h25.53.150921 +0530,
