9.8290 	INFO 	Loaded monitor calibration from ['2025_08_12 09:11']
9.8467 	WARNING 	User requested fullscreen with size [1024  768], but screen is actually [1920, 1080]. Using actual size
10.6397 	INFO 	Using renderer 'AMD Radeon(TM) Graphics' for graphics
10.6397 	INFO 	OpenGL version supported by driver is 4..
10.7484 	EXP 	Created window1 = Window(allowGUI=False, allowStencil=False, autoLog=True, backendConf=UNKNOWN, backgroundFit=<method-wrapper '__getattribute__' of attributeSetter object at 0x000001F19077A230>, backgroundImage=<method-wrapper '__getattribute__' of attributeSetter object at 0x000001F19077A1D0>, bitsMode=UNKNOWN, blendMode='avg', bpc=(8, 8, 8), color=array([0, 0, 0]), colorSpace='rgb', depthBits=8, fullscr=True, gamma=None, gammaErrorPolicy='raise', infoMsg=UNKNOWN, lms=UNKNOWN, monitor=<psychopy.monitors.calibTools.Monitor object at 0x000001F190833A90>, multiSample=False, name='window1', numSamples=2, pos=[np.float64(0.0), np.float64(0.0)], screen=0, size=array([1920, 1080]), stencilBits=0, stereo=False, title='PsychoPy', units='height', useFBO=True, useRetina=False, viewOri=0.0, viewPos=None, viewScale=None, waitBlanking=True, winType='pyglet')
10.7488 	EXP 	window1: backgroundImage = ''
10.7488 	EXP 	window1: backgroundFit = 'none'
11.2825 	EXP 	window1: Attempting to measure frame rate of screen (0) ...
11.2826 	EXP 	window1: recordFrameIntervals = False
11.4961 	EXP 	window1: recordFrameIntervals = True
11.6763 	EXP 	Screen (0) actual frame rate measured at 60.11Hz
11.6764 	EXP 	window1: recordFrameIntervals = False
11.7380 	INFO 	keyboard.Keyboard is using ptb backend.
11.7383 	INFO 	keyboard.Keyboard is using ptb backend.
11.7384 	INFO 	keyboard.Keyboard is using ptb backend.
11.7384 	EXP 	cueing_task_exp: status = STARTED
11.8847 	EXP 	Created welcome_text = TextStim(__class__=<class 'psychopy.visual.text.TextStim'>, alignHoriz=method-wrapper(...), alignText='center', alignVert=method-wrapper(...), anchorHoriz='center', anchorVert='center', antialias=True, autoDraw=False, autoLog=True, bold=False, color=array([1., 1., 1.]), colorSpace='rgb', contrast=1.0, depth=0.0, draggable=False, flipHoriz=False, flipVert=False, font='Arial', fontFiles=[], height=np.float64(0.05), italic=False, languageStyle='LTR', name='welcome_text', opacity=1, ori=0.0, pos=array([0., 0.]), rgb=UNKNOWN, text=str(...), units='height', win=Window(...), wrapWidth=1)
11.8904 	EXP 	Created fixation = ShapeStim(__class__=<class 'psychopy.visual.shape.ShapeStim'>, anchor=('center', 'center'), autoDraw=False, autoLog=True, closeShape=True, color=method-wrapper(...), colorSpace='rgb', contrast=None, depth=0.0, draggable=False, fillColor=array([1, 1, 1]), fillColorSpace='rgb', fillRGB=array([1, 1, 1]), interpolate=True, lineColor=array([1., 1., 1.]), lineColorSpace='rgb', lineRGB=array([1, 1, 1]), lineWidth=1.0, name='fixation', opacity=1, ori=0.0, pos=array([0., 0.]), size=array([0.05, 0.05]), units='height', vertices=ndarray(...), win=Window(...), windingRule=None)
11.8917 	EXP 	Created cue_text = TextStim(__class__=<class 'psychopy.visual.text.TextStim'>, alignHoriz=method-wrapper(...), alignText='center', alignVert=method-wrapper(...), anchorHoriz='center', anchorVert='center', antialias=True, autoDraw=False, autoLog=True, bold=False, color=array([1., 1., 1.]), colorSpace='rgb', contrast=1.0, depth=-1.0, draggable=False, flipHoriz=False, flipVert=False, font='Arial', fontFiles=[], height=0.1, italic=False, languageStyle='LTR', name='cue_text', opacity=1, ori=0.0, pos=array([0., 0.]), rgb=UNKNOWN, text='', units='height', win=Window(...), wrapWidth=1)
11.8927 	EXP 	Created target = Rect(__class__=<class 'psychopy.visual.rect.Rect'>, anchor=('center', 'center'), autoDraw=False, autoLog=True, closeShape=True, color=method-wrapper(...), colorSpace='rgb', contrast=None, depth=-2.0, draggable=False, fillColor=array([1., 1., 1.]), fillColorSpace='rgb', fillRGB=array([1., 1., 1.]), interpolate=True, lineColor=array([1., 1., 1.]), lineColorSpace='rgb', lineRGB=array([1., 1., 1.]), lineWidth=1.0, name='target', opacity=1, ori=0.0, pos=array([0., 0.]), size=array([0.15, 0.15]), units='height', vertices=ndarray(...), win=Window(...))
11.8968 	EXP 	Created text = TextStim(__class__=<class 'psychopy.visual.text.TextStim'>, alignHoriz=method-wrapper(...), alignText='center', alignVert=method-wrapper(...), anchorHoriz='center', anchorVert='center', antialias=True, autoDraw=False, autoLog=True, bold=False, color=array([1., 1., 1.]), colorSpace='rgb', contrast=1.0, depth=0.0, draggable=False, flipHoriz=False, flipVert=False, font='Arial', fontFiles=[], height=np.float64(0.05), italic=False, languageStyle='LTR', name='text', opacity=1, ori=0.0, pos=array([0., 0.]), rgb=UNKNOWN, text=str(...), units='height', win=Window(...), wrapWidth=1)
0.0172 	INFO 	Keyboard events cleared
0.0171 	EXP 	welcome_text: autoDraw = True
1.8249 	EXP 	Device response: <KeyPress from None: t=1.7192153000069084, value=space, duration=None>
1.8333 	EXP 	Imported conditions_file.xlsx as conditions, 10 conditions, 4 params
1.8372 	EXP 	New trial (rep=0, index=0): <Trial 0 (0 in rep 0) data={'cue_arrow': '←', 'target_x': -0.5, 'condition': 'valid', 'corr_Ans': 'left', 'thisN': 0, 'thisTrialN': 0, 'thisRepN': 0}>
1.8494 	EXP 	Device response: <KeyPress from None: t=1.7192153000069084, value=space, duration=0.12220640000305139>
1.8523 	DATA 	Keypress: space
1.8606 	EXP 	welcome_text: autoDraw = False
1.8606 	EXP 	cue_text: height = np.float64(0.1)
1.8606 	EXP 	cue_text: height = np.float64(0.1)
1.8606 	EXP 	cue_text: height = np.float64(0.1)
1.8606 	EXP 	cue_text: text = '←'
1.8606 	EXP 	fixation: autoDraw = True
2.3305 	EXP 	fixation: autoDraw = False
2.3305 	EXP 	cue_text: autoDraw = True
2.6303 	EXP 	cue_text: autoDraw = False
2.9303 	INFO 	Keyboard events cleared
2.9300 	EXP 	target: autoDraw = True
3.2463 	EXP 	Device response: <KeyPress from None: t=3.243653199999244, value=left, duration=None>
3.2466 	EXP 	New trial (rep=0, index=1): <Trial 1 (1 in rep 0) data={'cue_arrow': '→', 'target_x': -0.5, 'condition': 'invalid', 'corr_Ans': 'left', 'thisN': 1, 'thisTrialN': 1, 'thisRepN': 0}>
3.2525 	DATA 	Keypress: left
3.2614 	EXP 	fixation: autoDraw = False
3.2614 	EXP 	cue_text: autoDraw = False
3.2614 	EXP 	target: autoDraw = False
3.2614 	EXP 	cue_text: height = np.float64(0.1)
3.2614 	EXP 	cue_text: height = np.float64(0.1)
3.2614 	EXP 	cue_text: height = np.float64(0.1)
3.2614 	EXP 	cue_text: text = '→'
3.2614 	EXP 	fixation: autoDraw = True
3.4293 	EXP 	Device response: <KeyPress from None: t=3.243653199999244, value=left, duration=0.17128570000932086>
3.7640 	EXP 	fixation: autoDraw = False
3.7640 	EXP 	cue_text: autoDraw = True
4.0466 	EXP 	cue_text: autoDraw = False
4.3458 	INFO 	Keyboard events cleared
4.3456 	EXP 	target: autoDraw = True
6.0964 	EXP 	Device response: <KeyPress from None: t=6.087234200007515, value=left, duration=None>
6.0967 	EXP 	New trial (rep=0, index=2): <Trial 2 (2 in rep 0) data={'cue_arrow': '→', 'target_x': 0.5, 'condition': 'valid', 'corr_Ans': 'right', 'thisN': 2, 'thisTrialN': 2, 'thisRepN': 0}>
6.0979 	DATA 	Keypress: left
6.1142 	EXP 	fixation: autoDraw = False
6.1142 	EXP 	cue_text: autoDraw = False
6.1142 	EXP 	target: autoDraw = False
6.1142 	EXP 	cue_text: text = '→'
6.1142 	EXP 	fixation: autoDraw = True
6.2303 	EXP 	Device response: <KeyPress from None: t=6.087234200007515, value=left, duration=0.13518739999562968>
6.5959 	EXP 	fixation: autoDraw = False
6.5959 	EXP 	cue_text: autoDraw = True
6.9142 	EXP 	cue_text: autoDraw = False
7.1975 	INFO 	Keyboard events cleared
7.1973 	EXP 	target: autoDraw = True
7.4795 	EXP 	Device response: <KeyPress from None: t=7.464721600001212, value=right, duration=None>
7.4798 	EXP 	New trial (rep=0, index=3): <Trial 3 (3 in rep 0) data={'cue_arrow': '→', 'target_x': 0.5, 'condition': 'valid', 'corr_Ans': 'right', 'thisN': 3, 'thisTrialN': 3, 'thisRepN': 0}>
7.4810 	DATA 	Keypress: right
7.4971 	EXP 	fixation: autoDraw = False
7.4971 	EXP 	cue_text: autoDraw = False
7.4971 	EXP 	target: autoDraw = False
7.4971 	EXP 	cue_text: text = '→'
7.4971 	EXP 	fixation: autoDraw = True
7.6128 	EXP 	Device response: <KeyPress from None: t=7.464721600001212, value=right, duration=0.1370941000059247>
7.9807 	EXP 	fixation: autoDraw = False
7.9807 	EXP 	cue_text: autoDraw = True
8.2786 	EXP 	cue_text: autoDraw = False
8.5807 	INFO 	Keyboard events cleared
8.5805 	EXP 	target: autoDraw = True
8.8462 	EXP 	Device response: <KeyPress from None: t=8.844442500005243, value=right, duration=None>
8.8465 	EXP 	New trial (rep=0, index=4): <Trial 4 (4 in rep 0) data={'cue_arrow': '←', 'target_x': 0.5, 'condition': 'invalid', 'corr_Ans': 'right', 'thisN': 4, 'thisTrialN': 4, 'thisRepN': 0}>
8.8499 	DATA 	Keypress: right
8.8622 	EXP 	fixation: autoDraw = False
8.8622 	EXP 	cue_text: autoDraw = False
8.8622 	EXP 	target: autoDraw = False
8.8622 	EXP 	cue_text: height = np.float64(0.1)
8.8622 	EXP 	cue_text: height = np.float64(0.1)
8.8622 	EXP 	cue_text: height = np.float64(0.1)
8.8622 	EXP 	cue_text: text = '←'
8.8622 	EXP 	fixation: autoDraw = True
9.0305 	EXP 	Device response: <KeyPress from None: t=8.844442500005243, value=right, duration=0.17496039999241475>
9.3476 	EXP 	fixation: autoDraw = False
9.3476 	EXP 	cue_text: autoDraw = True
9.6468 	EXP 	cue_text: autoDraw = False
9.9471 	INFO 	Keyboard events cleared
9.9469 	EXP 	target: autoDraw = True
10.7138 	EXP 	Device response: <KeyPress from None: t=10.70944690000033, value=right, duration=None>
10.7141 	EXP 	New trial (rep=0, index=5): <Trial 5 (5 in rep 0) data={'cue_arrow': '←', 'target_x': -0.5, 'condition': 'valid', 'corr_Ans': 'left', 'thisN': 5, 'thisTrialN': 5, 'thisRepN': 0}>
10.7154 	DATA 	Keypress: right
10.7290 	EXP 	fixation: autoDraw = False
10.7290 	EXP 	cue_text: autoDraw = False
10.7290 	EXP 	target: autoDraw = False
10.7290 	EXP 	cue_text: text = '←'
10.7290 	EXP 	fixation: autoDraw = True
10.8128 	EXP 	Device response: <KeyPress from None: t=10.70944690000033, value=right, duration=0.09719139999651816>
11.2126 	EXP 	fixation: autoDraw = False
11.2126 	EXP 	cue_text: autoDraw = True
11.5292 	EXP 	cue_text: autoDraw = False
11.8142 	INFO 	Keyboard events cleared
11.8140 	EXP 	target: autoDraw = True
12.3134 	EXP 	Device response: <KeyPress from None: t=12.311495800007833, value=left, duration=None>
12.3137 	EXP 	New trial (rep=0, index=6): <Trial 6 (6 in rep 0) data={'cue_arrow': '←', 'target_x': -0.5, 'condition': 'valid', 'corr_Ans': 'left', 'thisN': 6, 'thisTrialN': 6, 'thisRepN': 0}>
12.3149 	DATA 	Keypress: left
12.3292 	EXP 	fixation: autoDraw = False
12.3292 	EXP 	cue_text: autoDraw = False
12.3292 	EXP 	target: autoDraw = False
12.3292 	EXP 	cue_text: text = '←'
12.3292 	EXP 	fixation: autoDraw = True
12.4813 	EXP 	Device response: <KeyPress from None: t=12.311495800007833, value=left, duration=0.1584997000027215>
12.8142 	EXP 	fixation: autoDraw = False
12.8142 	EXP 	cue_text: autoDraw = True
13.1137 	EXP 	cue_text: autoDraw = False
13.4140 	INFO 	Keyboard events cleared
13.4138 	EXP 	target: autoDraw = True
13.8650 	DATA 	Keypress: left
13.8798 	EXP 	Device response: <KeyPress from None: t=13.864168800006155, value=left, duration=None>
13.8802 	EXP 	New trial (rep=0, index=7): <Trial 7 (7 in rep 0) data={'cue_arrow': '→', 'target_x': 0.5, 'condition': 'valid', 'corr_Ans': 'right', 'thisN': 7, 'thisTrialN': 7, 'thisRepN': 0}>
13.8966 	EXP 	fixation: autoDraw = False
13.8966 	EXP 	cue_text: autoDraw = False
13.8966 	EXP 	target: autoDraw = False
13.8966 	EXP 	cue_text: height = np.float64(0.1)
13.8966 	EXP 	cue_text: height = np.float64(0.1)
13.8966 	EXP 	cue_text: height = np.float64(0.1)
13.8966 	EXP 	cue_text: text = '→'
13.8966 	EXP 	fixation: autoDraw = True
14.0467 	EXP 	Device response: <KeyPress from None: t=13.864168800006155, value=left, duration=0.17023109999718145>
14.3808 	EXP 	fixation: autoDraw = False
14.3808 	EXP 	cue_text: autoDraw = True
14.6793 	EXP 	cue_text: autoDraw = False
14.9804 	INFO 	Keyboard events cleared
14.9802 	EXP 	target: autoDraw = True
15.3632 	EXP 	Device response: <KeyPress from None: t=15.357318200010923, value=right, duration=None>
15.3636 	EXP 	New trial (rep=0, index=8): <Trial 8 (8 in rep 0) data={'cue_arrow': '→', 'target_x': 0.5, 'condition': 'valid', 'corr_Ans': 'right', 'thisN': 8, 'thisTrialN': 8, 'thisRepN': 0}>
15.3649 	DATA 	Keypress: right
15.3790 	EXP 	fixation: autoDraw = False
15.3790 	EXP 	cue_text: autoDraw = False
15.3790 	EXP 	target: autoDraw = False
15.3790 	EXP 	cue_text: text = '→'
15.3790 	EXP 	fixation: autoDraw = True
15.5139 	EXP 	Device response: <KeyPress from None: t=15.357318200010923, value=right, duration=0.15334779999102466>
15.8639 	EXP 	fixation: autoDraw = False
15.8639 	EXP 	cue_text: autoDraw = True
16.1642 	EXP 	cue_text: autoDraw = False
16.4644 	INFO 	Keyboard events cleared
16.4642 	EXP 	target: autoDraw = True
16.9295 	EXP 	Device response: <KeyPress from None: t=16.91980319999857, value=right, duration=None>
16.9298 	EXP 	New trial (rep=0, index=9): <Trial 9 (9 in rep 0) data={'cue_arrow': '←', 'target_x': -0.5, 'condition': 'valid', 'corr_Ans': 'left', 'thisN': 9, 'thisTrialN': 9, 'thisRepN': 0}>
16.9330 	DATA 	Keypress: right
16.9457 	EXP 	fixation: autoDraw = False
16.9457 	EXP 	cue_text: autoDraw = False
16.9457 	EXP 	target: autoDraw = False
16.9457 	EXP 	cue_text: height = np.float64(0.1)
16.9457 	EXP 	cue_text: height = np.float64(0.1)
16.9457 	EXP 	cue_text: height = np.float64(0.1)
16.9457 	EXP 	cue_text: text = '←'
16.9457 	EXP 	fixation: autoDraw = True
17.1131 	EXP 	Device response: <KeyPress from None: t=16.91980319999857, value=right, duration=0.17618930000753608>
17.4306 	EXP 	fixation: autoDraw = False
17.4306 	EXP 	cue_text: autoDraw = True
17.7303 	EXP 	cue_text: autoDraw = False
18.0308 	INFO 	Keyboard events cleared
18.0305 	EXP 	target: autoDraw = True
18.4634 	EXP 	Device response: <KeyPress from None: t=18.450100600006408, value=left, duration=None>
18.4639 	EXP 	New trial (rep=1, index=0): <Trial 10 (0 in rep 1) data={'cue_arrow': '→', 'target_x': 0.5, 'condition': 'valid', 'corr_Ans': 'right', 'thisN': 10, 'thisTrialN': 0, 'thisRepN': 1}>
18.4670 	DATA 	Keypress: left
18.4789 	EXP 	fixation: autoDraw = False
18.4789 	EXP 	cue_text: autoDraw = False
18.4789 	EXP 	target: autoDraw = False
18.4789 	EXP 	cue_text: height = np.float64(0.1)
18.4789 	EXP 	cue_text: height = np.float64(0.1)
18.4789 	EXP 	cue_text: height = np.float64(0.1)
18.4789 	EXP 	cue_text: text = '→'
18.4789 	EXP 	fixation: autoDraw = True
18.6471 	EXP 	Device response: <KeyPress from None: t=18.450100600006408, value=left, duration=0.18901849999383558>
18.9802 	EXP 	fixation: autoDraw = False
18.9802 	EXP 	cue_text: autoDraw = True
19.2624 	EXP 	cue_text: autoDraw = False
19.5644 	INFO 	Keyboard events cleared
19.5642 	EXP 	target: autoDraw = True
19.8304 	EXP 	Device response: <KeyPress from None: t=19.816062600002624, value=right, duration=None>
19.8307 	EXP 	New trial (rep=1, index=1): <Trial 11 (1 in rep 1) data={'cue_arrow': '←', 'target_x': -0.5, 'condition': 'valid', 'corr_Ans': 'left', 'thisN': 11, 'thisTrialN': 1, 'thisRepN': 1}>
19.8351 	DATA 	Keypress: right
19.8458 	EXP 	fixation: autoDraw = False
19.8458 	EXP 	cue_text: autoDraw = False
19.8458 	EXP 	target: autoDraw = False
19.8458 	EXP 	cue_text: height = np.float64(0.1)
19.8458 	EXP 	cue_text: height = np.float64(0.1)
19.8458 	EXP 	cue_text: height = np.float64(0.1)
19.8458 	EXP 	cue_text: text = '←'
19.8458 	EXP 	fixation: autoDraw = True
19.9632 	EXP 	Device response: <KeyPress from None: t=19.816062600002624, value=right, duration=0.13973860000260174>
20.3307 	EXP 	fixation: autoDraw = False
20.3307 	EXP 	cue_text: autoDraw = True
20.6309 	EXP 	cue_text: autoDraw = False
20.9296 	INFO 	Keyboard events cleared
20.9294 	EXP 	target: autoDraw = True
21.3301 	EXP 	Device response: <KeyPress from None: t=21.32287860001088, value=left, duration=None>
21.3305 	EXP 	New trial (rep=1, index=2): <Trial 12 (2 in rep 1) data={'cue_arrow': '←', 'target_x': -0.5, 'condition': 'valid', 'corr_Ans': 'left', 'thisN': 12, 'thisTrialN': 2, 'thisRepN': 1}>
21.3324 	DATA 	Keypress: left
21.3462 	EXP 	fixation: autoDraw = False
21.3462 	EXP 	cue_text: autoDraw = False
21.3462 	EXP 	target: autoDraw = False
21.3462 	EXP 	cue_text: text = '←'
21.3462 	EXP 	fixation: autoDraw = True
21.4803 	EXP 	Device response: <KeyPress from None: t=21.32287860001088, value=left, duration=0.1449065999913728>
21.8299 	EXP 	fixation: autoDraw = False
21.8299 	EXP 	cue_text: autoDraw = True
22.1297 	EXP 	cue_text: autoDraw = False
22.4298 	INFO 	Keyboard events cleared
22.4296 	EXP 	target: autoDraw = True
22.9795 	EXP 	Device response: <KeyPress from None: t=22.975531100004446, value=left, duration=None>
22.9798 	EXP 	New trial (rep=1, index=3): <Trial 13 (3 in rep 1) data={'cue_arrow': '→', 'target_x': 0.5, 'condition': 'valid', 'corr_Ans': 'right', 'thisN': 13, 'thisTrialN': 3, 'thisRepN': 1}>
22.9824 	DATA 	Keypress: left
22.9955 	EXP 	fixation: autoDraw = False
22.9955 	EXP 	cue_text: autoDraw = False
22.9955 	EXP 	target: autoDraw = False
22.9955 	EXP 	cue_text: height = np.float64(0.1)
22.9955 	EXP 	cue_text: height = np.float64(0.1)
22.9955 	EXP 	cue_text: height = np.float64(0.1)
22.9955 	EXP 	cue_text: text = '→'
22.9955 	EXP 	fixation: autoDraw = True
23.1292 	EXP 	Device response: <KeyPress from None: t=22.975531100004446, value=left, duration=0.14991429999645334>
23.4798 	EXP 	fixation: autoDraw = False
23.4798 	EXP 	cue_text: autoDraw = True
23.7810 	EXP 	cue_text: autoDraw = False
24.0809 	INFO 	Keyboard events cleared
24.0807 	EXP 	target: autoDraw = True
24.4988 	DATA 	Keypress: right
24.5129 	EXP 	Device response: <KeyPress from None: t=24.49822850000055, value=right, duration=None>
24.5132 	EXP 	New trial (rep=1, index=4): <Trial 14 (4 in rep 1) data={'cue_arrow': '→', 'target_x': -0.5, 'condition': 'invalid', 'corr_Ans': 'left', 'thisN': 14, 'thisTrialN': 4, 'thisRepN': 1}>
24.5288 	EXP 	fixation: autoDraw = False
24.5288 	EXP 	cue_text: autoDraw = False
24.5288 	EXP 	target: autoDraw = False
24.5288 	EXP 	cue_text: text = '→'
24.5288 	EXP 	fixation: autoDraw = True
24.8235 	EXP 	Device response: <KeyPress from None: t=24.49822850000055, value=right, duration=0.1501979000022402>
25.0126 	EXP 	fixation: autoDraw = False
25.0126 	EXP 	cue_text: autoDraw = True
25.3140 	EXP 	cue_text: autoDraw = False
25.6143 	INFO 	Keyboard events cleared
25.6140 	EXP 	target: autoDraw = True
27.1800 	EXP 	Device response: <KeyPress from None: t=27.16744760000438, value=left, duration=None>
27.1804 	EXP 	New trial (rep=1, index=5): <Trial 15 (5 in rep 1) data={'cue_arrow': '→', 'target_x': 0.5, 'condition': 'valid', 'corr_Ans': 'right', 'thisN': 15, 'thisTrialN': 5, 'thisRepN': 1}>
27.1817 	DATA 	Keypress: left
27.1968 	EXP 	fixation: autoDraw = False
27.1968 	EXP 	cue_text: autoDraw = False
27.1968 	EXP 	target: autoDraw = False
27.1968 	EXP 	cue_text: text = '→'
27.1968 	EXP 	fixation: autoDraw = True
27.3133 	EXP 	Device response: <KeyPress from None: t=27.16744760000438, value=left, duration=0.13810219999868423>
27.6808 	EXP 	fixation: autoDraw = False
27.6808 	EXP 	cue_text: autoDraw = True
27.9810 	EXP 	cue_text: autoDraw = False
28.2796 	INFO 	Keyboard events cleared
28.2794 	EXP 	target: autoDraw = True
28.6634 	EXP 	Device response: <KeyPress from None: t=28.655771799996728, value=right, duration=None>
28.6639 	EXP 	New trial (rep=1, index=6): <Trial 16 (6 in rep 1) data={'cue_arrow': '←', 'target_x': 0.5, 'condition': 'invalid', 'corr_Ans': 'right', 'thisN': 16, 'thisTrialN': 6, 'thisRepN': 1}>
28.6675 	DATA 	Keypress: right
28.6796 	EXP 	fixation: autoDraw = False
28.6796 	EXP 	cue_text: autoDraw = False
28.6796 	EXP 	target: autoDraw = False
28.6796 	EXP 	cue_text: height = np.float64(0.1)
28.6796 	EXP 	cue_text: height = np.float64(0.1)
28.6796 	EXP 	cue_text: height = np.float64(0.1)
28.6796 	EXP 	cue_text: text = '←'
28.6796 	EXP 	fixation: autoDraw = True
28.8302 	EXP 	Device response: <KeyPress from None: t=28.655771799996728, value=right, duration=0.16533830000844318>
29.1626 	EXP 	fixation: autoDraw = False
29.1626 	EXP 	cue_text: autoDraw = True
29.4636 	EXP 	cue_text: autoDraw = False
29.7814 	INFO 	Keyboard events cleared
29.7812 	EXP 	target: autoDraw = True
30.5970 	EXP 	Device response: <KeyPress from None: t=30.595608600007836, value=right, duration=None>
30.5974 	EXP 	New trial (rep=1, index=7): <Trial 17 (7 in rep 1) data={'cue_arrow': '←', 'target_x': -0.5, 'condition': 'valid', 'corr_Ans': 'left', 'thisN': 17, 'thisTrialN': 7, 'thisRepN': 1}>
30.5987 	DATA 	Keypress: right
30.6134 	EXP 	fixation: autoDraw = False
30.6134 	EXP 	cue_text: autoDraw = False
30.6134 	EXP 	target: autoDraw = False
30.6134 	EXP 	cue_text: text = '←'
30.6134 	EXP 	fixation: autoDraw = True
30.7474 	EXP 	Device response: <KeyPress from None: t=30.595608600007836, value=right, duration=0.14197389999753796>
31.0971 	EXP 	fixation: autoDraw = False
31.0971 	EXP 	cue_text: autoDraw = True
31.3967 	EXP 	cue_text: autoDraw = False
31.6963 	INFO 	Keyboard events cleared
31.6961 	EXP 	target: autoDraw = True
32.3472 	EXP 	Device response: <KeyPress from None: t=32.34107070000027, value=left, duration=None>
32.3476 	EXP 	New trial (rep=1, index=8): <Trial 18 (8 in rep 1) data={'cue_arrow': '→', 'target_x': 0.5, 'condition': 'valid', 'corr_Ans': 'right', 'thisN': 18, 'thisTrialN': 8, 'thisRepN': 1}>
32.3512 	DATA 	Keypress: left
32.3631 	EXP 	fixation: autoDraw = False
32.3631 	EXP 	cue_text: autoDraw = False
32.3631 	EXP 	target: autoDraw = False
32.3631 	EXP 	cue_text: height = np.float64(0.1)
32.3631 	EXP 	cue_text: height = np.float64(0.1)
32.3631 	EXP 	cue_text: height = np.float64(0.1)
32.3631 	EXP 	cue_text: text = '→'
32.3631 	EXP 	fixation: autoDraw = True
32.4798 	EXP 	Device response: <KeyPress from None: t=32.34107070000027, value=left, duration=0.12983610000810586>
32.8625 	EXP 	fixation: autoDraw = False
32.8625 	EXP 	cue_text: autoDraw = True
33.1623 	EXP 	cue_text: autoDraw = False
33.4625 	INFO 	Keyboard events cleared
33.4623 	EXP 	target: autoDraw = True
33.7629 	EXP 	Device response: <KeyPress from None: t=33.75333990000945, value=right, duration=None>
33.7631 	EXP 	New trial (rep=1, index=9): <Trial 19 (9 in rep 1) data={'cue_arrow': '←', 'target_x': -0.5, 'condition': 'valid', 'corr_Ans': 'left', 'thisN': 19, 'thisTrialN': 9, 'thisRepN': 1}>
33.7652 	DATA 	Keypress: right
33.7790 	EXP 	fixation: autoDraw = False
33.7790 	EXP 	cue_text: autoDraw = False
33.7790 	EXP 	target: autoDraw = False
33.7790 	EXP 	cue_text: height = np.float64(0.1)
33.7790 	EXP 	cue_text: height = np.float64(0.1)
33.7790 	EXP 	cue_text: height = np.float64(0.1)
33.7790 	EXP 	cue_text: text = '←'
33.7790 	EXP 	fixation: autoDraw = True
33.9127 	EXP 	Device response: <KeyPress from None: t=33.75333990000945, value=right, duration=0.15080699999816716>
34.2625 	EXP 	fixation: autoDraw = False
34.2625 	EXP 	cue_text: autoDraw = True
34.5623 	EXP 	cue_text: autoDraw = False
34.8626 	INFO 	Keyboard events cleared
34.8625 	EXP 	target: autoDraw = True
35.1459 	EXP 	Device response: <KeyPress from None: t=35.14376780000748, value=left, duration=None>
35.1462 	EXP 	New trial (rep=2, index=0): <Trial 20 (0 in rep 2) data={'cue_arrow': '→', 'target_x': 0.5, 'condition': 'valid', 'corr_Ans': 'right', 'thisN': 20, 'thisTrialN': 0, 'thisRepN': 2}>
35.1483 	DATA 	Keypress: left
35.1624 	EXP 	fixation: autoDraw = False
35.1624 	EXP 	cue_text: autoDraw = False
35.1624 	EXP 	target: autoDraw = False
35.1624 	EXP 	cue_text: height = np.float64(0.1)
35.1624 	EXP 	cue_text: height = np.float64(0.1)
35.1624 	EXP 	cue_text: height = np.float64(0.1)
35.1624 	EXP 	cue_text: text = '→'
35.1624 	EXP 	fixation: autoDraw = True
35.3129 	EXP 	Device response: <KeyPress from None: t=35.14376780000748, value=left, duration=0.1603017000015825>
35.6456 	EXP 	fixation: autoDraw = False
35.6456 	EXP 	cue_text: autoDraw = True
35.9458 	EXP 	cue_text: autoDraw = False
36.2459 	INFO 	Keyboard events cleared
36.2458 	EXP 	target: autoDraw = True
36.5126 	EXP 	Device response: <KeyPress from None: t=36.49943820000044, value=right, duration=None>
36.5129 	EXP 	New trial (rep=2, index=1): <Trial 21 (1 in rep 2) data={'cue_arrow': '←', 'target_x': -0.5, 'condition': 'valid', 'corr_Ans': 'left', 'thisN': 21, 'thisTrialN': 1, 'thisRepN': 2}>
36.5151 	DATA 	Keypress: right
36.5288 	EXP 	fixation: autoDraw = False
36.5288 	EXP 	cue_text: autoDraw = False
36.5288 	EXP 	target: autoDraw = False
36.5288 	EXP 	cue_text: height = np.float64(0.1)
36.5288 	EXP 	cue_text: height = np.float64(0.1)
36.5288 	EXP 	cue_text: height = np.float64(0.1)
36.5288 	EXP 	cue_text: text = '←'
36.5288 	EXP 	fixation: autoDraw = True
36.6792 	EXP 	Device response: <KeyPress from None: t=36.49943820000044, value=right, duration=0.16863030000240542>
37.0130 	EXP 	fixation: autoDraw = False
37.0130 	EXP 	cue_text: autoDraw = True
37.3123 	EXP 	cue_text: autoDraw = False
37.6132 	INFO 	Keyboard events cleared
37.6131 	EXP 	target: autoDraw = True
37.9973 	EXP 	Device response: <KeyPress from None: t=37.98360050001065, value=left, duration=None>
37.9976 	EXP 	New trial (rep=2, index=2): <Trial 22 (2 in rep 2) data={'cue_arrow': '←', 'target_x': -0.5, 'condition': 'valid', 'corr_Ans': 'left', 'thisN': 22, 'thisTrialN': 2, 'thisRepN': 2}>
37.9987 	DATA 	Keypress: left
38.0132 	EXP 	fixation: autoDraw = False
38.0132 	EXP 	cue_text: autoDraw = False
38.0132 	EXP 	target: autoDraw = False
38.0132 	EXP 	cue_text: text = '←'
38.0132 	EXP 	fixation: autoDraw = True
38.1135 	EXP 	Device response: <KeyPress from None: t=37.98360050001065, value=left, duration=0.12030909999157302>
38.4963 	EXP 	fixation: autoDraw = False
38.4963 	EXP 	cue_text: autoDraw = True
38.7973 	EXP 	cue_text: autoDraw = False
39.0978 	INFO 	Keyboard events cleared
39.0976 	EXP 	target: autoDraw = True
39.4144 	EXP 	Device response: <KeyPress from None: t=39.412123800007976, value=left, duration=None>
39.4147 	EXP 	New trial (rep=2, index=3): <Trial 23 (3 in rep 2) data={'cue_arrow': '→', 'target_x': 0.5, 'condition': 'valid', 'corr_Ans': 'right', 'thisN': 23, 'thisTrialN': 3, 'thisRepN': 2}>
39.4177 	DATA 	Keypress: left
39.4300 	EXP 	fixation: autoDraw = False
39.4300 	EXP 	cue_text: autoDraw = False
39.4300 	EXP 	target: autoDraw = False
39.4300 	EXP 	cue_text: height = np.float64(0.1)
39.4300 	EXP 	cue_text: height = np.float64(0.1)
39.4300 	EXP 	cue_text: height = np.float64(0.1)
39.4300 	EXP 	cue_text: text = '→'
39.4300 	EXP 	fixation: autoDraw = True
39.5470 	EXP 	Device response: <KeyPress from None: t=39.412123800007976, value=left, duration=0.13229139999020845>
39.9147 	EXP 	fixation: autoDraw = False
39.9147 	EXP 	cue_text: autoDraw = True
40.2145 	EXP 	cue_text: autoDraw = False
40.5148 	INFO 	Keyboard events cleared
40.5146 	EXP 	target: autoDraw = True
40.7473 	EXP 	Device response: <KeyPress from None: t=40.74622729999828, value=right, duration=None>
40.7476 	EXP 	New trial (rep=2, index=4): <Trial 24 (4 in rep 2) data={'cue_arrow': '→', 'target_x': -0.5, 'condition': 'invalid', 'corr_Ans': 'left', 'thisN': 24, 'thisTrialN': 4, 'thisRepN': 2}>
40.7488 	DATA 	Keypress: right
40.7630 	EXP 	fixation: autoDraw = False
40.7630 	EXP 	cue_text: autoDraw = False
40.7630 	EXP 	target: autoDraw = False
40.7630 	EXP 	cue_text: text = '→'
40.7630 	EXP 	fixation: autoDraw = True
40.9145 	EXP 	Device response: <KeyPress from None: t=40.74622729999828, value=right, duration=0.1582059000065783>
41.2479 	EXP 	fixation: autoDraw = False
41.2479 	EXP 	cue_text: autoDraw = True
41.5469 	EXP 	cue_text: autoDraw = False
41.8472 	INFO 	Keyboard events cleared
41.8470 	EXP 	target: autoDraw = True
42.8799 	EXP 	Device response: <KeyPress from None: t=42.878883700002916, value=left, duration=None>
42.8802 	EXP 	New trial (rep=2, index=5): <Trial 25 (5 in rep 2) data={'cue_arrow': '←', 'target_x': -0.5, 'condition': 'valid', 'corr_Ans': 'left', 'thisN': 25, 'thisTrialN': 5, 'thisRepN': 2}>
42.8835 	DATA 	Keypress: left
42.8962 	EXP 	fixation: autoDraw = False
42.8962 	EXP 	cue_text: autoDraw = False
42.8962 	EXP 	target: autoDraw = False
42.8962 	EXP 	cue_text: height = np.float64(0.1)
42.8962 	EXP 	cue_text: height = np.float64(0.1)
42.8962 	EXP 	cue_text: height = np.float64(0.1)
42.8962 	EXP 	cue_text: text = '←'
42.8962 	EXP 	fixation: autoDraw = True
42.9982 	EXP 	Device response: <KeyPress from None: t=42.878883700002916, value=left, duration=0.10397850000299513>
43.3813 	EXP 	fixation: autoDraw = False
43.3813 	EXP 	cue_text: autoDraw = True
43.6810 	EXP 	cue_text: autoDraw = False
43.9807 	INFO 	Keyboard events cleared
43.9805 	EXP 	target: autoDraw = True
44.2805 	EXP 	Device response: <KeyPress from None: t=44.269779900001595, value=left, duration=None>
44.2809 	EXP 	New trial (rep=2, index=6): <Trial 26 (6 in rep 2) data={'cue_arrow': '→', 'target_x': 0.5, 'condition': 'valid', 'corr_Ans': 'right', 'thisN': 26, 'thisTrialN': 6, 'thisRepN': 2}>
44.2839 	DATA 	Keypress: left
44.2968 	EXP 	fixation: autoDraw = False
44.2968 	EXP 	cue_text: autoDraw = False
44.2968 	EXP 	target: autoDraw = False
44.2968 	EXP 	cue_text: height = np.float64(0.1)
44.2968 	EXP 	cue_text: height = np.float64(0.1)
44.2968 	EXP 	cue_text: height = np.float64(0.1)
44.2968 	EXP 	cue_text: text = '→'
44.2968 	EXP 	fixation: autoDraw = True
44.4311 	EXP 	Device response: <KeyPress from None: t=44.269779900001595, value=left, duration=0.1538037999998778>
44.7811 	EXP 	fixation: autoDraw = False
44.7811 	EXP 	cue_text: autoDraw = True
45.0980 	EXP 	cue_text: autoDraw = False
45.3816 	INFO 	Keyboard events cleared
45.3814 	EXP 	target: autoDraw = True
45.6306 	EXP 	Device response: <KeyPress from None: t=45.62775369999872, value=right, duration=None>
45.6310 	EXP 	New trial (rep=2, index=7): <Trial 27 (7 in rep 2) data={'cue_arrow': '→', 'target_x': 0.5, 'condition': 'valid', 'corr_Ans': 'right', 'thisN': 27, 'thisTrialN': 7, 'thisRepN': 2}>
45.6322 	DATA 	Keypress: right
45.6463 	EXP 	fixation: autoDraw = False
45.6463 	EXP 	cue_text: autoDraw = False
45.6463 	EXP 	target: autoDraw = False
45.6463 	EXP 	cue_text: text = '→'
45.6463 	EXP 	fixation: autoDraw = True
45.7647 	EXP 	Device response: <KeyPress from None: t=45.62775369999872, value=right, duration=0.13156150000577327>
46.1298 	EXP 	fixation: autoDraw = False
46.1298 	EXP 	cue_text: autoDraw = True
46.4313 	EXP 	cue_text: autoDraw = False
46.7312 	INFO 	Keyboard events cleared
46.7310 	EXP 	target: autoDraw = True
47.0317 	DATA 	Keypress: right
47.0477 	EXP 	Device response: <KeyPress from None: t=47.03078950000054, value=right, duration=None>
47.0482 	EXP 	New trial (rep=2, index=8): <Trial 28 (8 in rep 2) data={'cue_arrow': '←', 'target_x': 0.5, 'condition': 'invalid', 'corr_Ans': 'right', 'thisN': 28, 'thisTrialN': 8, 'thisRepN': 2}>
47.0636 	EXP 	fixation: autoDraw = False
47.0636 	EXP 	cue_text: autoDraw = False
47.0636 	EXP 	target: autoDraw = False
47.0636 	EXP 	cue_text: height = np.float64(0.1)
47.0636 	EXP 	cue_text: height = np.float64(0.1)
47.0636 	EXP 	cue_text: height = np.float64(0.1)
47.0636 	EXP 	cue_text: text = '←'
47.0636 	EXP 	fixation: autoDraw = True
47.1971 	EXP 	Device response: <KeyPress from None: t=47.03078950000054, value=right, duration=0.1521165000012843>
47.5476 	EXP 	fixation: autoDraw = False
47.5476 	EXP 	cue_text: autoDraw = True
47.8484 	EXP 	cue_text: autoDraw = False
48.1481 	INFO 	Keyboard events cleared
48.1479 	EXP 	target: autoDraw = True
50.2640 	EXP 	Device response: <KeyPress from None: t=50.261501100001624, value=right, duration=None>
50.2644 	EXP 	New trial (rep=2, index=9): <Trial 29 (9 in rep 2) data={'cue_arrow': '←', 'target_x': -0.5, 'condition': 'valid', 'corr_Ans': 'left', 'thisN': 29, 'thisTrialN': 9, 'thisRepN': 2}>
50.2657 	DATA 	Keypress: right
50.2802 	EXP 	fixation: autoDraw = False
50.2802 	EXP 	cue_text: autoDraw = False
50.2802 	EXP 	target: autoDraw = False
50.2802 	EXP 	cue_text: text = '←'
50.2802 	EXP 	fixation: autoDraw = True
50.3979 	EXP 	Device response: <KeyPress from None: t=50.261501100001624, value=right, duration=0.12863560000550933>
50.7806 	EXP 	fixation: autoDraw = False
50.7806 	EXP 	cue_text: autoDraw = True
51.0641 	EXP 	cue_text: autoDraw = False
51.3650 	INFO 	Keyboard events cleared
51.3647 	EXP 	target: autoDraw = True
51.7485 	EXP 	Device response: <KeyPress from None: t=51.73918850001064, value=left, duration=None>
51.7489 	EXP 	New trial (rep=3, index=0): <Trial 30 (0 in rep 3) data={'cue_arrow': '→', 'target_x': 0.5, 'condition': 'valid', 'corr_Ans': 'right', 'thisN': 30, 'thisTrialN': 0, 'thisRepN': 3}>
51.7525 	DATA 	Keypress: left
51.7628 	EXP 	fixation: autoDraw = False
51.7628 	EXP 	cue_text: autoDraw = False
51.7628 	EXP 	target: autoDraw = False
51.7628 	EXP 	cue_text: height = np.float64(0.1)
51.7628 	EXP 	cue_text: height = np.float64(0.1)
51.7628 	EXP 	cue_text: height = np.float64(0.1)
51.7628 	EXP 	cue_text: text = '→'
51.7628 	EXP 	fixation: autoDraw = True
51.9149 	EXP 	Device response: <KeyPress from None: t=51.73918850001064, value=left, duration=0.16379949999100063>
52.2478 	EXP 	fixation: autoDraw = False
52.2478 	EXP 	cue_text: autoDraw = True
52.5484 	EXP 	cue_text: autoDraw = False
52.8472 	INFO 	Keyboard events cleared
52.8470 	EXP 	target: autoDraw = True
53.1637 	EXP 	Device response: <KeyPress from None: t=53.16158290000749, value=right, duration=None>
53.1641 	EXP 	New trial (rep=3, index=1): <Trial 31 (1 in rep 3) data={'cue_arrow': '→', 'target_x': 0.5, 'condition': 'valid', 'corr_Ans': 'right', 'thisN': 31, 'thisTrialN': 1, 'thisRepN': 3}>
53.1655 	DATA 	Keypress: right
53.1797 	EXP 	fixation: autoDraw = False
53.1797 	EXP 	cue_text: autoDraw = False
53.1797 	EXP 	target: autoDraw = False
53.1797 	EXP 	cue_text: text = '→'
53.1797 	EXP 	fixation: autoDraw = True
53.3305 	EXP 	Device response: <KeyPress from None: t=53.16158290000749, value=right, duration=0.15161339999758638>
53.6643 	EXP 	fixation: autoDraw = False
53.6643 	EXP 	cue_text: autoDraw = True
53.9648 	EXP 	cue_text: autoDraw = False
54.2651 	INFO 	Keyboard events cleared
54.2648 	EXP 	target: autoDraw = True
54.8640 	EXP 	Device response: <KeyPress from None: t=54.85246989999723, value=right, duration=None>
54.8645 	EXP 	New trial (rep=3, index=2): <Trial 32 (2 in rep 3) data={'cue_arrow': '←', 'target_x': -0.5, 'condition': 'valid', 'corr_Ans': 'left', 'thisN': 32, 'thisTrialN': 2, 'thisRepN': 3}>
54.8676 	DATA 	Keypress: right
54.8798 	EXP 	fixation: autoDraw = False
54.8798 	EXP 	cue_text: autoDraw = False
54.8798 	EXP 	target: autoDraw = False
54.8798 	EXP 	cue_text: height = np.float64(0.1)
54.8798 	EXP 	cue_text: height = np.float64(0.1)
54.8798 	EXP 	cue_text: height = np.float64(0.1)
54.8798 	EXP 	cue_text: text = '←'
54.8798 	EXP 	fixation: autoDraw = True
55.0479 	EXP 	Device response: <KeyPress from None: t=54.85246989999723, value=right, duration=0.19469700001354795>
55.3633 	EXP 	fixation: autoDraw = False
55.3633 	EXP 	cue_text: autoDraw = True
55.6800 	EXP 	cue_text: autoDraw = False
55.9651 	INFO 	Keyboard events cleared
55.9648 	EXP 	target: autoDraw = True
57.3818 	DATA 	Keypress: left
57.3974 	EXP 	Device response: <KeyPress from None: t=57.38115630000539, value=left, duration=None>
57.3977 	EXP 	New trial (rep=3, index=3): <Trial 33 (3 in rep 3) data={'cue_arrow': '→', 'target_x': 0.5, 'condition': 'valid', 'corr_Ans': 'right', 'thisN': 33, 'thisTrialN': 3, 'thisRepN': 3}>
57.4133 	EXP 	fixation: autoDraw = False
57.4133 	EXP 	cue_text: autoDraw = False
57.4133 	EXP 	target: autoDraw = False
57.4133 	EXP 	cue_text: height = np.float64(0.1)
57.4133 	EXP 	cue_text: height = np.float64(0.1)
57.4133 	EXP 	cue_text: height = np.float64(0.1)
57.4133 	EXP 	cue_text: text = '→'
57.4133 	EXP 	fixation: autoDraw = True
57.5470 	EXP 	Device response: <KeyPress from None: t=57.38115630000539, value=left, duration=0.1648944000044139>
57.8979 	EXP 	fixation: autoDraw = False
57.8979 	EXP 	cue_text: autoDraw = True
58.2137 	EXP 	cue_text: autoDraw = False
58.4980 	INFO 	Keyboard events cleared
58.4978 	EXP 	target: autoDraw = True
58.8641 	EXP 	Device response: <KeyPress from None: t=58.84898870000325, value=right, duration=None>
58.8645 	EXP 	New trial (rep=3, index=4): <Trial 34 (4 in rep 3) data={'cue_arrow': '←', 'target_x': -0.5, 'condition': 'valid', 'corr_Ans': 'left', 'thisN': 34, 'thisTrialN': 4, 'thisRepN': 3}>
58.8677 	DATA 	Keypress: right
58.8809 	EXP 	fixation: autoDraw = False
58.8809 	EXP 	cue_text: autoDraw = False
58.8809 	EXP 	target: autoDraw = False
58.8809 	EXP 	cue_text: height = np.float64(0.1)
58.8809 	EXP 	cue_text: height = np.float64(0.1)
58.8809 	EXP 	cue_text: height = np.float64(0.1)
58.8809 	EXP 	cue_text: text = '←'
58.8809 	EXP 	fixation: autoDraw = True
59.0474 	EXP 	Device response: <KeyPress from None: t=58.84898870000325, value=right, duration=0.18401219999941532>
59.3646 	EXP 	fixation: autoDraw = False
59.3646 	EXP 	cue_text: autoDraw = True
59.6648 	EXP 	cue_text: autoDraw = False
59.9820 	INFO 	Keyboard events cleared
59.9817 	EXP 	target: autoDraw = True
60.1819 	EXP 	Device response: <KeyPress from None: t=60.173166400010814, value=left, duration=None>
60.1824 	EXP 	New trial (rep=3, index=5): <Trial 35 (5 in rep 3) data={'cue_arrow': '←', 'target_x': -0.5, 'condition': 'valid', 'corr_Ans': 'left', 'thisN': 35, 'thisTrialN': 5, 'thisRepN': 3}>
60.1841 	DATA 	Keypress: left
60.1966 	EXP 	fixation: autoDraw = False
60.1966 	EXP 	cue_text: autoDraw = False
60.1966 	EXP 	target: autoDraw = False
60.1966 	EXP 	cue_text: text = '←'
60.1966 	EXP 	fixation: autoDraw = True
60.3138 	EXP 	Device response: <KeyPress from None: t=60.173166400010814, value=left, duration=0.13028990000020713>
60.6813 	EXP 	fixation: autoDraw = False
60.6813 	EXP 	cue_text: autoDraw = True
60.9981 	EXP 	cue_text: autoDraw = False
61.2985 	INFO 	Keyboard events cleared
61.2983 	EXP 	target: autoDraw = True
61.5806 	EXP 	Device response: <KeyPress from None: t=61.57660600000236, value=left, duration=None>
61.5811 	EXP 	New trial (rep=3, index=6): <Trial 36 (6 in rep 3) data={'cue_arrow': '←', 'target_x': 0.5, 'condition': 'invalid', 'corr_Ans': 'right', 'thisN': 36, 'thisTrialN': 6, 'thisRepN': 3}>
61.5824 	DATA 	Keypress: left
61.5965 	EXP 	fixation: autoDraw = False
61.5965 	EXP 	cue_text: autoDraw = False
61.5965 	EXP 	target: autoDraw = False
61.5965 	EXP 	cue_text: text = '←'
61.5965 	EXP 	fixation: autoDraw = True
61.7479 	EXP 	Device response: <KeyPress from None: t=61.57660600000236, value=left, duration=0.1683573000045726>
62.0801 	EXP 	fixation: autoDraw = False
62.0801 	EXP 	cue_text: autoDraw = True
62.3978 	EXP 	cue_text: autoDraw = False
62.6813 	INFO 	Keyboard events cleared
62.6811 	EXP 	target: autoDraw = True
63.4146 	DATA 	Keypress: right
63.4307 	EXP 	Device response: <KeyPress from None: t=63.41313500000979, value=right, duration=None>
63.4311 	EXP 	New trial (rep=3, index=7): <Trial 37 (7 in rep 3) data={'cue_arrow': '→', 'target_x': -0.5, 'condition': 'invalid', 'corr_Ans': 'left', 'thisN': 37, 'thisTrialN': 7, 'thisRepN': 3}>
63.4466 	EXP 	fixation: autoDraw = False
63.4466 	EXP 	cue_text: autoDraw = False
63.4466 	EXP 	target: autoDraw = False
63.4466 	EXP 	cue_text: height = np.float64(0.1)
63.4466 	EXP 	cue_text: height = np.float64(0.1)
63.4466 	EXP 	cue_text: height = np.float64(0.1)
63.4466 	EXP 	cue_text: text = '→'
63.4466 	EXP 	fixation: autoDraw = True
63.5973 	EXP 	Device response: <KeyPress from None: t=63.41313500000979, value=right, duration=0.1708189999917522>
63.9306 	EXP 	fixation: autoDraw = False
63.9306 	EXP 	cue_text: autoDraw = True
64.2317 	EXP 	cue_text: autoDraw = False
64.5320 	INFO 	Keyboard events cleared
64.5318 	EXP 	target: autoDraw = True
65.9145 	EXP 	Device response: <KeyPress from None: t=65.90853210000205, value=left, duration=None>
65.9148 	EXP 	New trial (rep=3, index=8): <Trial 38 (8 in rep 3) data={'cue_arrow': '→', 'target_x': 0.5, 'condition': 'valid', 'corr_Ans': 'right', 'thisN': 38, 'thisTrialN': 8, 'thisRepN': 3}>
65.9160 	DATA 	Keypress: left
65.9301 	EXP 	fixation: autoDraw = False
65.9301 	EXP 	cue_text: autoDraw = False
65.9301 	EXP 	target: autoDraw = False
65.9301 	EXP 	cue_text: text = '→'
65.9301 	EXP 	fixation: autoDraw = True
66.0646 	EXP 	Device response: <KeyPress from None: t=65.90853210000205, value=left, duration=0.1542747000057716>
66.4146 	EXP 	fixation: autoDraw = False
66.4146 	EXP 	cue_text: autoDraw = True
66.7146 	EXP 	cue_text: autoDraw = False
67.0149 	INFO 	Keyboard events cleared
67.0147 	EXP 	target: autoDraw = True
67.1986 	EXP 	Device response: <KeyPress from None: t=67.19289130000107, value=right, duration=None>
67.1990 	EXP 	New trial (rep=3, index=9): <Trial 39 (9 in rep 3) data={'cue_arrow': '←', 'target_x': -0.5, 'condition': 'valid', 'corr_Ans': 'left', 'thisN': 39, 'thisTrialN': 9, 'thisRepN': 3}>
67.2024 	DATA 	Keypress: right
67.2131 	EXP 	fixation: autoDraw = False
67.2131 	EXP 	cue_text: autoDraw = False
67.2131 	EXP 	target: autoDraw = False
67.2131 	EXP 	cue_text: height = np.float64(0.1)
67.2131 	EXP 	cue_text: height = np.float64(0.1)
67.2131 	EXP 	cue_text: height = np.float64(0.1)
67.2131 	EXP 	cue_text: text = '←'
67.2131 	EXP 	fixation: autoDraw = True
67.3481 	EXP 	Device response: <KeyPress from None: t=67.19289130000107, value=right, duration=0.15346909999789204>
67.7151 	EXP 	fixation: autoDraw = False
67.7151 	EXP 	cue_text: autoDraw = True
67.9983 	EXP 	cue_text: autoDraw = False
68.3141 	INFO 	Keyboard events cleared
68.3139 	EXP 	target: autoDraw = True
68.5979 	EXP 	Device response: <KeyPress from None: t=68.58928460000607, value=left, duration=None>
68.5982 	EXP 	New trial (rep=4, index=0): <Trial 40 (0 in rep 4) data={'cue_arrow': '→', 'target_x': 0.5, 'condition': 'valid', 'corr_Ans': 'right', 'thisN': 40, 'thisTrialN': 0, 'thisRepN': 4}>
68.6014 	DATA 	Keypress: left
68.6149 	EXP 	fixation: autoDraw = False
68.6149 	EXP 	cue_text: autoDraw = False
68.6149 	EXP 	target: autoDraw = False
68.6149 	EXP 	cue_text: height = np.float64(0.1)
68.6149 	EXP 	cue_text: height = np.float64(0.1)
68.6149 	EXP 	cue_text: height = np.float64(0.1)
68.6149 	EXP 	cue_text: text = '→'
68.6149 	EXP 	fixation: autoDraw = True
68.7651 	EXP 	Device response: <KeyPress from None: t=68.58928460000607, value=left, duration=0.16024290000495967>
69.0982 	EXP 	fixation: autoDraw = False
69.0982 	EXP 	cue_text: autoDraw = True
69.4150 	EXP 	cue_text: autoDraw = False
69.6989 	INFO 	Keyboard events cleared
69.6986 	EXP 	target: autoDraw = True
69.9979 	EXP 	Device response: <KeyPress from None: t=69.99470440000005, value=right, duration=None>
69.9983 	EXP 	New trial (rep=4, index=1): <Trial 41 (1 in rep 4) data={'cue_arrow': '←', 'target_x': 0.5, 'condition': 'invalid', 'corr_Ans': 'right', 'thisN': 41, 'thisTrialN': 1, 'thisRepN': 4}>
70.0016 	DATA 	Keypress: right
70.0136 	EXP 	fixation: autoDraw = False
70.0136 	EXP 	cue_text: autoDraw = False
70.0136 	EXP 	target: autoDraw = False
70.0136 	EXP 	cue_text: height = np.float64(0.1)
70.0136 	EXP 	cue_text: height = np.float64(0.1)
70.0136 	EXP 	cue_text: height = np.float64(0.1)
70.0136 	EXP 	cue_text: text = '←'
70.0136 	EXP 	fixation: autoDraw = True
70.1475 	EXP 	Device response: <KeyPress from None: t=69.99470440000005, value=right, duration=0.1398920000065118>
70.4978 	EXP 	fixation: autoDraw = False
70.4978 	EXP 	cue_text: autoDraw = True
70.7984 	EXP 	cue_text: autoDraw = False
71.0984 	INFO 	Keyboard events cleared
71.0982 	EXP 	target: autoDraw = True
71.7650 	EXP 	Device response: <KeyPress from None: t=71.74952850000409, value=right, duration=None>
71.7655 	EXP 	New trial (rep=4, index=2): <Trial 42 (2 in rep 4) data={'cue_arrow': '→', 'target_x': 0.5, 'condition': 'valid', 'corr_Ans': 'right', 'thisN': 42, 'thisTrialN': 2, 'thisRepN': 4}>
71.7701 	DATA 	Keypress: right
71.7791 	EXP 	fixation: autoDraw = False
71.7791 	EXP 	cue_text: autoDraw = False
71.7791 	EXP 	target: autoDraw = False
71.7791 	EXP 	cue_text: height = np.float64(0.1)
71.7791 	EXP 	cue_text: height = np.float64(0.1)
71.7791 	EXP 	cue_text: height = np.float64(0.1)
71.7791 	EXP 	cue_text: text = '→'
71.7791 	EXP 	fixation: autoDraw = True
71.8814 	EXP 	Device response: <KeyPress from None: t=71.74952850000409, value=right, duration=0.12378920000628568>
72.2652 	EXP 	fixation: autoDraw = False
72.2652 	EXP 	cue_text: autoDraw = True
72.5650 	EXP 	cue_text: autoDraw = False
72.8636 	INFO 	Keyboard events cleared
72.8634 	EXP 	target: autoDraw = True
73.2654 	EXP 	Device response: <KeyPress from None: t=73.25551200000336, value=right, duration=None>
73.2659 	EXP 	New trial (rep=4, index=3): <Trial 43 (3 in rep 4) data={'cue_arrow': '→', 'target_x': -0.5, 'condition': 'invalid', 'corr_Ans': 'left', 'thisN': 43, 'thisTrialN': 3, 'thisRepN': 4}>
73.2672 	DATA 	Keypress: right
73.2805 	EXP 	fixation: autoDraw = False
73.2805 	EXP 	cue_text: autoDraw = False
73.2805 	EXP 	target: autoDraw = False
73.2805 	EXP 	cue_text: text = '→'
73.2805 	EXP 	fixation: autoDraw = True
73.3984 	EXP 	Device response: <KeyPress from None: t=73.25551200000336, value=right, duration=0.13239640000392683>
73.7816 	EXP 	fixation: autoDraw = False
73.7816 	EXP 	cue_text: autoDraw = True
74.0653 	EXP 	cue_text: autoDraw = False
74.3813 	INFO 	Keyboard events cleared
74.3809 	EXP 	target: autoDraw = True
75.2972 	EXP 	Device response: <KeyPress from None: t=75.29281600000104, value=left, duration=None>
75.2977 	EXP 	New trial (rep=4, index=4): <Trial 44 (4 in rep 4) data={'cue_arrow': '←', 'target_x': -0.5, 'condition': 'valid', 'corr_Ans': 'left', 'thisN': 44, 'thisTrialN': 4, 'thisRepN': 4}>
75.3008 	DATA 	Keypress: left
75.3144 	EXP 	fixation: autoDraw = False
75.3144 	EXP 	cue_text: autoDraw = False
75.3144 	EXP 	target: autoDraw = False
75.3144 	EXP 	cue_text: height = np.float64(0.1)
75.3144 	EXP 	cue_text: height = np.float64(0.1)
75.3144 	EXP 	cue_text: height = np.float64(0.1)
75.3144 	EXP 	cue_text: text = '←'
75.3144 	EXP 	fixation: autoDraw = True
75.4652 	EXP 	Device response: <KeyPress from None: t=75.29281600000104, value=left, duration=0.16285780000907835>
75.7985 	EXP 	fixation: autoDraw = False
75.7985 	EXP 	cue_text: autoDraw = True
76.0987 	EXP 	cue_text: autoDraw = False
76.3984 	INFO 	Keyboard events cleared
76.3982 	EXP 	target: autoDraw = True
76.8476 	EXP 	Device response: <KeyPress from None: t=76.83413940000173, value=left, duration=None>
76.8479 	EXP 	New trial (rep=4, index=5): <Trial 45 (5 in rep 4) data={'cue_arrow': '←', 'target_x': -0.5, 'condition': 'valid', 'corr_Ans': 'left', 'thisN': 45, 'thisTrialN': 5, 'thisRepN': 4}>
76.8491 	DATA 	Keypress: left
76.8647 	EXP 	fixation: autoDraw = False
76.8647 	EXP 	cue_text: autoDraw = False
76.8647 	EXP 	target: autoDraw = False
76.8647 	EXP 	cue_text: text = '←'
76.8647 	EXP 	fixation: autoDraw = True
76.9992 	EXP 	Device response: <KeyPress from None: t=76.83413940000173, value=left, duration=0.15314500000386033>
77.3483 	EXP 	fixation: autoDraw = False
77.3483 	EXP 	cue_text: autoDraw = True
77.6486 	EXP 	cue_text: autoDraw = False
77.9477 	INFO 	Keyboard events cleared
77.9475 	EXP 	target: autoDraw = True
78.6314 	EXP 	Device response: <KeyPress from None: t=78.62844630000473, value=left, duration=None>
78.6318 	EXP 	New trial (rep=4, index=6): <Trial 46 (6 in rep 4) data={'cue_arrow': '←', 'target_x': -0.5, 'condition': 'valid', 'corr_Ans': 'left', 'thisN': 46, 'thisTrialN': 6, 'thisRepN': 4}>
78.6332 	DATA 	Keypress: left
78.6470 	EXP 	fixation: autoDraw = False
78.6470 	EXP 	cue_text: autoDraw = False
78.6470 	EXP 	target: autoDraw = False
78.6470 	EXP 	cue_text: text = '←'
78.6470 	EXP 	fixation: autoDraw = True
78.7810 	EXP 	Device response: <KeyPress from None: t=78.62844630000473, value=left, duration=0.14045269999769516>
79.1319 	EXP 	fixation: autoDraw = False
79.1319 	EXP 	cue_text: autoDraw = True
79.4316 	EXP 	cue_text: autoDraw = False
79.7322 	INFO 	Keyboard events cleared
79.7319 	EXP 	target: autoDraw = True
80.0310 	EXP 	Device response: <KeyPress from None: t=80.0277616000094, value=left, duration=None>
80.0314 	EXP 	New trial (rep=4, index=7): <Trial 47 (7 in rep 4) data={'cue_arrow': '←', 'target_x': -0.5, 'condition': 'valid', 'corr_Ans': 'left', 'thisN': 47, 'thisTrialN': 7, 'thisRepN': 4}>
80.0327 	DATA 	Keypress: left
80.0470 	EXP 	fixation: autoDraw = False
80.0470 	EXP 	cue_text: autoDraw = False
80.0470 	EXP 	target: autoDraw = False
80.0470 	EXP 	cue_text: text = '←'
80.0470 	EXP 	fixation: autoDraw = True
80.1642 	EXP 	Device response: <KeyPress from None: t=80.0277616000094, value=left, duration=0.12311319999571424>
80.5315 	EXP 	fixation: autoDraw = False
80.5315 	EXP 	cue_text: autoDraw = True
80.8316 	EXP 	cue_text: autoDraw = False
81.1314 	INFO 	Keyboard events cleared
81.1312 	EXP 	target: autoDraw = True
81.3978 	EXP 	Device response: <KeyPress from None: t=81.3945578999992, value=left, duration=None>
81.3981 	EXP 	New trial (rep=4, index=8): <Trial 48 (8 in rep 4) data={'cue_arrow': '→', 'target_x': 0.5, 'condition': 'valid', 'corr_Ans': 'right', 'thisN': 48, 'thisTrialN': 8, 'thisRepN': 4}>
81.4021 	DATA 	Keypress: left
81.4140 	EXP 	fixation: autoDraw = False
81.4140 	EXP 	cue_text: autoDraw = False
81.4140 	EXP 	target: autoDraw = False
81.4140 	EXP 	cue_text: height = np.float64(0.1)
81.4140 	EXP 	cue_text: height = np.float64(0.1)
81.4140 	EXP 	cue_text: height = np.float64(0.1)
81.4140 	EXP 	cue_text: text = '→'
81.4140 	EXP 	fixation: autoDraw = True
81.5153 	EXP 	Device response: <KeyPress from None: t=81.3945578999992, value=left, duration=0.10568790000979789>
81.8985 	EXP 	fixation: autoDraw = False
81.8985 	EXP 	cue_text: autoDraw = True
82.1984 	EXP 	cue_text: autoDraw = False
82.4970 	INFO 	Keyboard events cleared
82.4968 	EXP 	target: autoDraw = True
82.7818 	EXP 	Device response: <KeyPress from None: t=82.76916910000728, value=right, duration=None>
82.7822 	EXP 	New trial (rep=4, index=9): <Trial 49 (9 in rep 4) data={'cue_arrow': '→', 'target_x': 0.5, 'condition': 'valid', 'corr_Ans': 'right', 'thisN': 49, 'thisTrialN': 9, 'thisRepN': 4}>
82.7834 	DATA 	Keypress: right
82.7969 	EXP 	fixation: autoDraw = False
82.7969 	EXP 	cue_text: autoDraw = False
82.7969 	EXP 	target: autoDraw = False
82.7969 	EXP 	cue_text: text = '→'
82.7969 	EXP 	fixation: autoDraw = True
82.9315 	EXP 	Device response: <KeyPress from None: t=82.76916910000728, value=right, duration=0.1550676999904681>
83.2820 	EXP 	fixation: autoDraw = False
83.2820 	EXP 	cue_text: autoDraw = True
83.5985 	EXP 	cue_text: autoDraw = False
83.8822 	INFO 	Keyboard events cleared
83.8820 	EXP 	target: autoDraw = True
84.0477 	EXP 	Device response: <KeyPress from None: t=84.03346040000906, value=right, duration=None>
84.0482 	EXP 	New trial (rep=5, index=0): <Trial 50 (0 in rep 5) data={'cue_arrow': '←', 'target_x': -0.5, 'condition': 'valid', 'corr_Ans': 'left', 'thisN': 50, 'thisTrialN': 0, 'thisRepN': 5}>
84.0517 	DATA 	Keypress: right
84.0637 	EXP 	fixation: autoDraw = False
84.0637 	EXP 	cue_text: autoDraw = False
84.0637 	EXP 	target: autoDraw = False
84.0637 	EXP 	cue_text: height = np.float64(0.1)
84.0637 	EXP 	cue_text: height = np.float64(0.1)
84.0637 	EXP 	cue_text: height = np.float64(0.1)
84.0637 	EXP 	cue_text: text = '←'
84.0637 	EXP 	fixation: autoDraw = True
84.1818 	EXP 	Device response: <KeyPress from None: t=84.03346040000906, value=right, duration=0.1464393999922322>
84.5474 	EXP 	fixation: autoDraw = False
84.5474 	EXP 	cue_text: autoDraw = True
84.8486 	EXP 	cue_text: autoDraw = False
85.1471 	INFO 	Keyboard events cleared
85.1469 	EXP 	target: autoDraw = True
85.4656 	EXP 	Device response: <KeyPress from None: t=85.45771460000833, value=left, duration=None>
85.4660 	EXP 	New trial (rep=5, index=1): <Trial 51 (1 in rep 5) data={'cue_arrow': '→', 'target_x': 0.5, 'condition': 'valid', 'corr_Ans': 'right', 'thisN': 51, 'thisTrialN': 1, 'thisRepN': 5}>
85.4699 	DATA 	Keypress: left
85.4799 	EXP 	fixation: autoDraw = False
85.4799 	EXP 	cue_text: autoDraw = False
85.4799 	EXP 	target: autoDraw = False
85.4799 	EXP 	cue_text: height = np.float64(0.1)
85.4799 	EXP 	cue_text: height = np.float64(0.1)
85.4799 	EXP 	cue_text: height = np.float64(0.1)
85.4799 	EXP 	cue_text: text = '→'
85.4799 	EXP 	fixation: autoDraw = True
85.5977 	EXP 	Device response: <KeyPress from None: t=85.45771460000833, value=left, duration=0.13485109999601264>
85.9656 	EXP 	fixation: autoDraw = False
85.9656 	EXP 	cue_text: autoDraw = True
86.2816 	EXP 	cue_text: autoDraw = False
86.5651 	INFO 	Keyboard events cleared
86.5649 	EXP 	target: autoDraw = True
86.9145 	EXP 	Device response: <KeyPress from None: t=86.91063240000221, value=right, duration=None>
86.9149 	EXP 	New trial (rep=5, index=2): <Trial 52 (2 in rep 5) data={'cue_arrow': '→', 'target_x': 0.5, 'condition': 'valid', 'corr_Ans': 'right', 'thisN': 52, 'thisTrialN': 2, 'thisRepN': 5}>
86.9162 	DATA 	Keypress: right
86.9304 	EXP 	fixation: autoDraw = False
86.9304 	EXP 	cue_text: autoDraw = False
86.9304 	EXP 	target: autoDraw = False
86.9304 	EXP 	cue_text: text = '→'
86.9304 	EXP 	fixation: autoDraw = True
87.0484 	EXP 	Device response: <KeyPress from None: t=86.91063240000221, value=right, duration=0.12858699999924283>
87.4147 	EXP 	fixation: autoDraw = False
87.4147 	EXP 	cue_text: autoDraw = True
87.7153 	EXP 	cue_text: autoDraw = False
88.0142 	INFO 	Keyboard events cleared
88.0141 	EXP 	target: autoDraw = True
88.3481 	EXP 	Device response: <KeyPress from None: t=88.33423570000741, value=right, duration=None>
88.3485 	EXP 	New trial (rep=5, index=3): <Trial 53 (3 in rep 5) data={'cue_arrow': '→', 'target_x': -0.5, 'condition': 'invalid', 'corr_Ans': 'left', 'thisN': 53, 'thisTrialN': 3, 'thisRepN': 5}>
88.3497 	DATA 	Keypress: right
88.3648 	EXP 	fixation: autoDraw = False
88.3648 	EXP 	cue_text: autoDraw = False
88.3648 	EXP 	target: autoDraw = False
88.3648 	EXP 	cue_text: text = '→'
88.3648 	EXP 	fixation: autoDraw = True
88.4992 	EXP 	Device response: <KeyPress from None: t=88.33423570000741, value=right, duration=0.14764799999829847>
88.8488 	EXP 	fixation: autoDraw = False
88.8488 	EXP 	cue_text: autoDraw = True
89.1487 	EXP 	cue_text: autoDraw = False
89.4484 	INFO 	Keyboard events cleared
89.4482 	EXP 	target: autoDraw = True
89.8813 	EXP 	Device response: <KeyPress from None: t=89.87908040000184, value=left, duration=None>
89.8816 	EXP 	New trial (rep=5, index=4): <Trial 54 (4 in rep 5) data={'cue_arrow': '→', 'target_x': 0.5, 'condition': 'valid', 'corr_Ans': 'right', 'thisN': 54, 'thisTrialN': 4, 'thisRepN': 5}>
89.8828 	DATA 	Keypress: left
89.8970 	EXP 	fixation: autoDraw = False
89.8970 	EXP 	cue_text: autoDraw = False
89.8970 	EXP 	target: autoDraw = False
89.8970 	EXP 	cue_text: text = '→'
89.8970 	EXP 	fixation: autoDraw = True
90.0316 	EXP 	Device response: <KeyPress from None: t=89.87908040000184, value=left, duration=0.14968770000268705>
90.3819 	EXP 	fixation: autoDraw = False
90.3819 	EXP 	cue_text: autoDraw = True
90.6825 	EXP 	cue_text: autoDraw = False
90.9824 	INFO 	Keyboard events cleared
90.9822 	EXP 	target: autoDraw = True
91.4324 	DATA 	Keypress: right
91.4480 	EXP 	Device response: <KeyPress from None: t=91.43115140000009, value=right, duration=None>
91.4484 	EXP 	New trial (rep=5, index=5): <Trial 55 (5 in rep 5) data={'cue_arrow': '←', 'target_x': -0.5, 'condition': 'valid', 'corr_Ans': 'left', 'thisN': 55, 'thisTrialN': 5, 'thisRepN': 5}>
91.4654 	EXP 	fixation: autoDraw = False
91.4654 	EXP 	cue_text: autoDraw = False
91.4654 	EXP 	target: autoDraw = False
91.4654 	EXP 	cue_text: height = np.float64(0.1)
91.4654 	EXP 	cue_text: height = np.float64(0.1)
91.4654 	EXP 	cue_text: height = np.float64(0.1)
91.4654 	EXP 	cue_text: text = '←'
91.4654 	EXP 	fixation: autoDraw = True
91.5811 	EXP 	Device response: <KeyPress from None: t=91.43115140000009, value=right, duration=0.14018290000967681>
91.9482 	EXP 	fixation: autoDraw = False
91.9482 	EXP 	cue_text: autoDraw = True
92.2488 	EXP 	cue_text: autoDraw = False
92.5487 	INFO 	Keyboard events cleared
92.5485 	EXP 	target: autoDraw = True
92.8982 	EXP 	Device response: <KeyPress from None: t=92.89166470000055, value=left, duration=None>
92.8986 	EXP 	New trial (rep=5, index=6): <Trial 56 (6 in rep 5) data={'cue_arrow': '←', 'target_x': -0.5, 'condition': 'valid', 'corr_Ans': 'left', 'thisN': 56, 'thisTrialN': 6, 'thisRepN': 5}>
92.9000 	DATA 	Keypress: left
92.9138 	EXP 	fixation: autoDraw = False
92.9138 	EXP 	cue_text: autoDraw = False
92.9138 	EXP 	target: autoDraw = False
92.9138 	EXP 	cue_text: text = '←'
92.9138 	EXP 	fixation: autoDraw = True
93.0154 	EXP 	Device response: <KeyPress from None: t=92.89166470000055, value=left, duration=0.1104985999991186>
93.3983 	EXP 	fixation: autoDraw = False
93.3983 	EXP 	cue_text: autoDraw = True
93.6972 	EXP 	cue_text: autoDraw = False
93.9986 	INFO 	Keyboard events cleared
93.9984 	EXP 	target: autoDraw = True
94.3810 	EXP 	Device response: <KeyPress from None: t=94.37001800000144, value=left, duration=None>
94.3814 	EXP 	New trial (rep=5, index=7): <Trial 57 (7 in rep 5) data={'cue_arrow': '←', 'target_x': -0.5, 'condition': 'valid', 'corr_Ans': 'left', 'thisN': 57, 'thisTrialN': 7, 'thisRepN': 5}>
94.3826 	DATA 	Keypress: left
94.3988 	EXP 	fixation: autoDraw = False
94.3988 	EXP 	cue_text: autoDraw = False
94.3988 	EXP 	target: autoDraw = False
94.3988 	EXP 	cue_text: text = '←'
94.3988 	EXP 	fixation: autoDraw = True
94.5318 	EXP 	Device response: <KeyPress from None: t=94.37001800000144, value=left, duration=0.15220830000180285>
94.8823 	EXP 	fixation: autoDraw = False
94.8823 	EXP 	cue_text: autoDraw = True
95.1826 	EXP 	cue_text: autoDraw = False
95.4811 	INFO 	Keyboard events cleared
95.4809 	EXP 	target: autoDraw = True
96.1821 	EXP 	Device response: <KeyPress from None: t=96.16732279999997, value=left, duration=None>
96.1824 	EXP 	New trial (rep=5, index=8): <Trial 58 (8 in rep 5) data={'cue_arrow': '←', 'target_x': 0.5, 'condition': 'invalid', 'corr_Ans': 'right', 'thisN': 58, 'thisTrialN': 8, 'thisRepN': 5}>
96.1836 	DATA 	Keypress: left
96.1984 	EXP 	fixation: autoDraw = False
96.1984 	EXP 	cue_text: autoDraw = False
96.1984 	EXP 	target: autoDraw = False
96.1984 	EXP 	cue_text: text = '←'
96.1984 	EXP 	fixation: autoDraw = True
96.3148 	EXP 	Device response: <KeyPress from None: t=96.16732279999997, value=left, duration=0.1450743000023067>
96.6821 	EXP 	fixation: autoDraw = False
96.6821 	EXP 	cue_text: autoDraw = True
96.9809 	EXP 	cue_text: autoDraw = False
97.2822 	INFO 	Keyboard events cleared
97.2820 	EXP 	target: autoDraw = True
97.8645 	EXP 	Device response: <KeyPress from None: t=97.8493191000016, value=right, duration=None>
97.8649 	EXP 	New trial (rep=5, index=9): <Trial 59 (9 in rep 5) data={'cue_arrow': '→', 'target_x': 0.5, 'condition': 'valid', 'corr_Ans': 'right', 'thisN': 59, 'thisTrialN': 9, 'thisRepN': 5}>
97.8682 	DATA 	Keypress: right
97.8808 	EXP 	fixation: autoDraw = False
97.8808 	EXP 	cue_text: autoDraw = False
97.8808 	EXP 	target: autoDraw = False
97.8808 	EXP 	cue_text: height = np.float64(0.1)
97.8808 	EXP 	cue_text: height = np.float64(0.1)
97.8808 	EXP 	cue_text: height = np.float64(0.1)
97.8808 	EXP 	cue_text: text = '→'
97.8808 	EXP 	fixation: autoDraw = True
97.9657 	EXP 	Device response: <KeyPress from None: t=97.8493191000016, value=right, duration=0.1097169999993639>
98.3654 	EXP 	fixation: autoDraw = False
98.3654 	EXP 	cue_text: autoDraw = True
98.6646 	EXP 	cue_text: autoDraw = False
98.9656 	INFO 	Keyboard events cleared
98.9654 	EXP 	target: autoDraw = True
99.6826 	EXP 	Device response: <KeyPress from None: t=99.67501380000613, value=right, duration=None>
99.6831 	EXP 	New trial (rep=6, index=0): <Trial 60 (0 in rep 6) data={'cue_arrow': '←', 'target_x': 0.5, 'condition': 'invalid', 'corr_Ans': 'right', 'thisN': 60, 'thisTrialN': 0, 'thisRepN': 6}>
99.6865 	DATA 	Keypress: right
99.6969 	EXP 	fixation: autoDraw = False
99.6969 	EXP 	cue_text: autoDraw = False
99.6969 	EXP 	target: autoDraw = False
99.6969 	EXP 	cue_text: height = np.float64(0.1)
99.6969 	EXP 	cue_text: height = np.float64(0.1)
99.6969 	EXP 	cue_text: height = np.float64(0.1)
99.6969 	EXP 	cue_text: text = '←'
99.6969 	EXP 	fixation: autoDraw = True
99.7982 	EXP 	Device response: <KeyPress from None: t=99.67501380000613, value=right, duration=0.10887019999790937>
100.1990 	EXP 	fixation: autoDraw = False
100.1990 	EXP 	cue_text: autoDraw = True
100.4818 	EXP 	cue_text: autoDraw = False
100.7816 	INFO 	Keyboard events cleared
100.7814 	EXP 	target: autoDraw = True
102.5151 	EXP 	Device response: <KeyPress from None: t=102.50166650000028, value=right, duration=None>
102.5154 	EXP 	New trial (rep=6, index=1): <Trial 61 (1 in rep 6) data={'cue_arrow': '←', 'target_x': -0.5, 'condition': 'valid', 'corr_Ans': 'left', 'thisN': 61, 'thisTrialN': 1, 'thisRepN': 6}>
102.5166 	DATA 	Keypress: right
102.5319 	EXP 	fixation: autoDraw = False
102.5319 	EXP 	cue_text: autoDraw = False
102.5319 	EXP 	target: autoDraw = False
102.5319 	EXP 	cue_text: text = '←'
102.5319 	EXP 	fixation: autoDraw = True
102.6144 	EXP 	Device response: <KeyPress from None: t=102.50166650000028, value=right, duration=0.10010209999745712>
103.0141 	EXP 	fixation: autoDraw = False
103.0141 	EXP 	cue_text: autoDraw = True
103.3155 	EXP 	cue_text: autoDraw = False
103.6158 	INFO 	Keyboard events cleared
103.6156 	EXP 	target: autoDraw = True
104.2659 	EXP 	Device response: <KeyPress from None: t=104.25472750001063, value=left, duration=None>
104.2664 	EXP 	New trial (rep=6, index=2): <Trial 62 (2 in rep 6) data={'cue_arrow': '→', 'target_x': -0.5, 'condition': 'invalid', 'corr_Ans': 'left', 'thisN': 62, 'thisTrialN': 2, 'thisRepN': 6}>
104.2695 	DATA 	Keypress: left
104.2828 	EXP 	fixation: autoDraw = False
104.2828 	EXP 	cue_text: autoDraw = False
104.2828 	EXP 	target: autoDraw = False
104.2828 	EXP 	cue_text: height = np.float64(0.1)
104.2828 	EXP 	cue_text: height = np.float64(0.1)
104.2828 	EXP 	cue_text: height = np.float64(0.1)
104.2828 	EXP 	cue_text: text = '→'
104.2828 	EXP 	fixation: autoDraw = True
104.4153 	EXP 	Device response: <KeyPress from None: t=104.25472750001063, value=left, duration=0.15515880000020843>
104.7651 	EXP 	fixation: autoDraw = False
104.7651 	EXP 	cue_text: autoDraw = True
105.0818 	EXP 	cue_text: autoDraw = False
105.3828 	INFO 	Keyboard events cleared
105.3826 	EXP 	target: autoDraw = True
106.7820 	EXP 	Device response: <KeyPress from None: t=106.7712457000016, value=left, duration=None>
106.7825 	EXP 	New trial (rep=6, index=3): <Trial 63 (3 in rep 6) data={'cue_arrow': '←', 'target_x': -0.5, 'condition': 'valid', 'corr_Ans': 'left', 'thisN': 63, 'thisTrialN': 3, 'thisRepN': 6}>
106.7857 	DATA 	Keypress: left
106.7995 	EXP 	fixation: autoDraw = False
106.7995 	EXP 	cue_text: autoDraw = False
106.7995 	EXP 	target: autoDraw = False
106.7995 	EXP 	cue_text: height = np.float64(0.1)
106.7995 	EXP 	cue_text: height = np.float64(0.1)
106.7995 	EXP 	cue_text: height = np.float64(0.1)
106.7995 	EXP 	cue_text: text = '←'
106.7995 	EXP 	fixation: autoDraw = True
106.9315 	EXP 	Device response: <KeyPress from None: t=106.7712457000016, value=left, duration=0.15184310000040568>
107.2813 	EXP 	fixation: autoDraw = False
107.2813 	EXP 	cue_text: autoDraw = True
107.5820 	EXP 	cue_text: autoDraw = False
107.8827 	INFO 	Keyboard events cleared
107.8825 	EXP 	target: autoDraw = True
108.5152 	EXP 	Device response: <KeyPress from None: t=108.51283680000051, value=left, duration=None>
108.5155 	EXP 	New trial (rep=6, index=4): <Trial 64 (4 in rep 6) data={'cue_arrow': '→', 'target_x': 0.5, 'condition': 'valid', 'corr_Ans': 'right', 'thisN': 64, 'thisTrialN': 4, 'thisRepN': 6}>
108.5185 	DATA 	Keypress: left
108.5317 	EXP 	fixation: autoDraw = False
108.5317 	EXP 	cue_text: autoDraw = False
108.5317 	EXP 	target: autoDraw = False
108.5317 	EXP 	cue_text: height = np.float64(0.1)
108.5317 	EXP 	cue_text: height = np.float64(0.1)
108.5317 	EXP 	cue_text: height = np.float64(0.1)
108.5317 	EXP 	cue_text: text = '→'
108.5317 	EXP 	fixation: autoDraw = True
108.6318 	EXP 	Device response: <KeyPress from None: t=108.51283680000051, value=left, duration=0.11207339999964461>
109.0155 	EXP 	fixation: autoDraw = False
109.0155 	EXP 	cue_text: autoDraw = True
109.3147 	EXP 	cue_text: autoDraw = False
109.6155 	INFO 	Keyboard events cleared
109.6153 	EXP 	target: autoDraw = True
110.1647 	EXP 	Device response: <KeyPress from None: t=110.14975630000117, value=right, duration=None>
110.1652 	EXP 	New trial (rep=6, index=5): <Trial 65 (5 in rep 6) data={'cue_arrow': '←', 'target_x': -0.5, 'condition': 'valid', 'corr_Ans': 'left', 'thisN': 65, 'thisTrialN': 5, 'thisRepN': 6}>
110.1685 	DATA 	Keypress: right
110.1825 	EXP 	fixation: autoDraw = False
110.1825 	EXP 	cue_text: autoDraw = False
110.1825 	EXP 	target: autoDraw = False
110.1825 	EXP 	cue_text: height = np.float64(0.1)
110.1825 	EXP 	cue_text: height = np.float64(0.1)
110.1825 	EXP 	cue_text: height = np.float64(0.1)
110.1825 	EXP 	cue_text: text = '←'
110.1825 	EXP 	fixation: autoDraw = True
110.2825 	EXP 	Device response: <KeyPress from None: t=110.14975630000117, value=right, duration=0.12939380000170786>
110.6657 	EXP 	fixation: autoDraw = False
110.6657 	EXP 	cue_text: autoDraw = True
110.9658 	EXP 	cue_text: autoDraw = False
111.2654 	INFO 	Keyboard events cleared
111.2652 	EXP 	target: autoDraw = True
111.5819 	EXP 	Device response: <KeyPress from None: t=111.57175250000728, value=left, duration=None>
111.5823 	EXP 	New trial (rep=6, index=6): <Trial 66 (6 in rep 6) data={'cue_arrow': '←', 'target_x': -0.5, 'condition': 'valid', 'corr_Ans': 'left', 'thisN': 66, 'thisTrialN': 6, 'thisRepN': 6}>
111.5835 	DATA 	Keypress: left
111.5991 	EXP 	fixation: autoDraw = False
111.5991 	EXP 	cue_text: autoDraw = False
111.5991 	EXP 	target: autoDraw = False
111.5991 	EXP 	cue_text: text = '←'
111.5991 	EXP 	fixation: autoDraw = True
111.7159 	EXP 	Device response: <KeyPress from None: t=111.57175250000728, value=left, duration=0.12659790000179783>
112.0829 	EXP 	fixation: autoDraw = False
112.0829 	EXP 	cue_text: autoDraw = True
112.3824 	EXP 	cue_text: autoDraw = False
112.6827 	INFO 	Keyboard events cleared
112.6825 	EXP 	target: autoDraw = True
112.9675 	DATA 	Keypress: left
112.9819 	EXP 	Device response: <KeyPress from None: t=112.9668706000084, value=left, duration=None>
112.9823 	EXP 	New trial (rep=6, index=7): <Trial 67 (7 in rep 6) data={'cue_arrow': '→', 'target_x': 0.5, 'condition': 'valid', 'corr_Ans': 'right', 'thisN': 67, 'thisTrialN': 7, 'thisRepN': 6}>
112.9975 	EXP 	fixation: autoDraw = False
112.9975 	EXP 	cue_text: autoDraw = False
112.9975 	EXP 	target: autoDraw = False
112.9975 	EXP 	cue_text: height = np.float64(0.1)
112.9975 	EXP 	cue_text: height = np.float64(0.1)
112.9975 	EXP 	cue_text: height = np.float64(0.1)
112.9975 	EXP 	cue_text: text = '→'
112.9975 	EXP 	fixation: autoDraw = True
113.1319 	EXP 	Device response: <KeyPress from None: t=112.9668706000084, value=left, duration=0.16232979999040253>
113.4820 	EXP 	fixation: autoDraw = False
113.4820 	EXP 	cue_text: autoDraw = True
113.7826 	EXP 	cue_text: autoDraw = False
114.0814 	INFO 	Keyboard events cleared
114.0812 	EXP 	target: autoDraw = True
114.3984 	EXP 	Device response: <KeyPress from None: t=114.38864210000611, value=right, duration=None>
114.3988 	EXP 	New trial (rep=6, index=8): <Trial 68 (8 in rep 6) data={'cue_arrow': '→', 'target_x': 0.5, 'condition': 'valid', 'corr_Ans': 'right', 'thisN': 68, 'thisTrialN': 8, 'thisRepN': 6}>
114.4002 	DATA 	Keypress: right
114.4141 	EXP 	fixation: autoDraw = False
114.4141 	EXP 	cue_text: autoDraw = False
114.4141 	EXP 	target: autoDraw = False
114.4141 	EXP 	cue_text: text = '→'
114.4141 	EXP 	fixation: autoDraw = True
114.5486 	EXP 	Device response: <KeyPress from None: t=114.38864210000611, value=right, duration=0.15853440000500996>
114.8989 	EXP 	fixation: autoDraw = False
114.8989 	EXP 	cue_text: autoDraw = True
115.2156 	EXP 	cue_text: autoDraw = False
115.4994 	INFO 	Keyboard events cleared
115.4992 	EXP 	target: autoDraw = True
115.9337 	DATA 	Keypress: right
115.9483 	EXP 	Device response: <KeyPress from None: t=115.9330248000042, value=right, duration=None>
115.9487 	EXP 	New trial (rep=6, index=9): <Trial 69 (9 in rep 6) data={'cue_arrow': '→', 'target_x': 0.5, 'condition': 'valid', 'corr_Ans': 'right', 'thisN': 69, 'thisTrialN': 9, 'thisRepN': 6}>
115.9655 	EXP 	fixation: autoDraw = False
115.9655 	EXP 	cue_text: autoDraw = False
115.9655 	EXP 	target: autoDraw = False
115.9655 	EXP 	cue_text: text = '→'
115.9655 	EXP 	fixation: autoDraw = True
116.0481 	EXP 	Device response: <KeyPress from None: t=115.9330248000042, value=right, duration=0.10983089999353979>
116.4482 	EXP 	fixation: autoDraw = False
116.4482 	EXP 	cue_text: autoDraw = True
116.7479 	EXP 	cue_text: autoDraw = False
117.0494 	INFO 	Keyboard events cleared
117.0492 	EXP 	target: autoDraw = True
117.4154 	EXP 	Device response: <KeyPress from None: t=117.40469180000946, value=right, duration=None>
117.4158 	EXP 	New trial (rep=7, index=0): <Trial 70 (0 in rep 7) data={'cue_arrow': '←', 'target_x': 0.5, 'condition': 'invalid', 'corr_Ans': 'right', 'thisN': 70, 'thisTrialN': 0, 'thisRepN': 7}>
117.4189 	DATA 	Keypress: right
117.4313 	EXP 	fixation: autoDraw = False
117.4313 	EXP 	cue_text: autoDraw = False
117.4313 	EXP 	target: autoDraw = False
117.4313 	EXP 	cue_text: height = np.float64(0.1)
117.4313 	EXP 	cue_text: height = np.float64(0.1)
117.4313 	EXP 	cue_text: height = np.float64(0.1)
117.4313 	EXP 	cue_text: text = '←'
117.4313 	EXP 	fixation: autoDraw = True
117.5825 	EXP 	Device response: <KeyPress from None: t=117.40469180000946, value=right, duration=0.17605719999119174>
117.9149 	EXP 	fixation: autoDraw = False
117.9149 	EXP 	cue_text: autoDraw = True
118.2158 	EXP 	cue_text: autoDraw = False
118.5164 	INFO 	Keyboard events cleared
118.5162 	EXP 	target: autoDraw = True
119.4666 	EXP 	Device response: <KeyPress from None: t=119.45431460000691, value=right, duration=None>
119.4672 	EXP 	New trial (rep=7, index=1): <Trial 71 (1 in rep 7) data={'cue_arrow': '←', 'target_x': -0.5, 'condition': 'valid', 'corr_Ans': 'left', 'thisN': 71, 'thisTrialN': 1, 'thisRepN': 7}>
119.4687 	DATA 	Keypress: right
119.4810 	EXP 	fixation: autoDraw = False
119.4810 	EXP 	cue_text: autoDraw = False
119.4810 	EXP 	target: autoDraw = False
119.4810 	EXP 	cue_text: text = '←'
119.4810 	EXP 	fixation: autoDraw = True
119.5982 	EXP 	Device response: <KeyPress from None: t=119.45431460000691, value=right, duration=0.13219599999138154>
119.9822 	EXP 	fixation: autoDraw = False
119.9822 	EXP 	cue_text: autoDraw = True
120.2660 	EXP 	cue_text: autoDraw = False
120.5825 	INFO 	Keyboard events cleared
120.5823 	EXP 	target: autoDraw = True
121.0317 	EXP 	Device response: <KeyPress from None: t=121.01780970000254, value=left, duration=None>
121.0323 	EXP 	New trial (rep=7, index=2): <Trial 72 (2 in rep 7) data={'cue_arrow': '→', 'target_x': 0.5, 'condition': 'valid', 'corr_Ans': 'right', 'thisN': 72, 'thisTrialN': 2, 'thisRepN': 7}>
121.0358 	DATA 	Keypress: left
121.0490 	EXP 	fixation: autoDraw = False
121.0490 	EXP 	cue_text: autoDraw = False
121.0490 	EXP 	target: autoDraw = False
121.0490 	EXP 	cue_text: height = np.float64(0.1)
121.0490 	EXP 	cue_text: height = np.float64(0.1)
121.0490 	EXP 	cue_text: height = np.float64(0.1)
121.0490 	EXP 	cue_text: text = '→'
121.0490 	EXP 	fixation: autoDraw = True
121.1995 	EXP 	Device response: <KeyPress from None: t=121.01780970000254, value=left, duration=0.16560880000179168>
121.5311 	EXP 	fixation: autoDraw = False
121.5311 	EXP 	cue_text: autoDraw = True
121.8327 	EXP 	cue_text: autoDraw = False
122.1334 	INFO 	Keyboard events cleared
122.1332 	EXP 	target: autoDraw = True
122.4148 	EXP 	Device response: <KeyPress from None: t=122.41217830000096, value=right, duration=None>
122.4150 	EXP 	New trial (rep=7, index=3): <Trial 73 (3 in rep 7) data={'cue_arrow': '→', 'target_x': 0.5, 'condition': 'valid', 'corr_Ans': 'right', 'thisN': 73, 'thisTrialN': 3, 'thisRepN': 7}>
122.4162 	DATA 	Keypress: right
122.4312 	EXP 	fixation: autoDraw = False
122.4312 	EXP 	cue_text: autoDraw = False
122.4312 	EXP 	target: autoDraw = False
122.4312 	EXP 	cue_text: text = '→'
122.4312 	EXP 	fixation: autoDraw = True
122.5815 	EXP 	Device response: <KeyPress from None: t=122.41217830000096, value=right, duration=0.16227580000122543>
122.9160 	EXP 	fixation: autoDraw = False
122.9160 	EXP 	cue_text: autoDraw = True
123.2161 	EXP 	cue_text: autoDraw = False
123.5152 	INFO 	Keyboard events cleared
123.5150 	EXP 	target: autoDraw = True
124.0815 	EXP 	Device response: <KeyPress from None: t=124.07620160000806, value=right, duration=None>
124.0817 	EXP 	New trial (rep=7, index=4): <Trial 74 (4 in rep 7) data={'cue_arrow': '←', 'target_x': -0.5, 'condition': 'valid', 'corr_Ans': 'left', 'thisN': 74, 'thisTrialN': 4, 'thisRepN': 7}>
124.0849 	DATA 	Keypress: right
124.1000 	EXP 	fixation: autoDraw = False
124.1000 	EXP 	cue_text: autoDraw = False
124.1000 	EXP 	target: autoDraw = False
124.1000 	EXP 	cue_text: height = np.float64(0.1)
124.1000 	EXP 	cue_text: height = np.float64(0.1)
124.1000 	EXP 	cue_text: height = np.float64(0.1)
124.1000 	EXP 	cue_text: text = '←'
124.1000 	EXP 	fixation: autoDraw = True
124.2496 	EXP 	Device response: <KeyPress from None: t=124.07620160000806, value=right, duration=0.16067289999045897>
124.5827 	EXP 	fixation: autoDraw = False
124.5827 	EXP 	cue_text: autoDraw = True
124.8828 	EXP 	cue_text: autoDraw = False
125.1830 	INFO 	Keyboard events cleared
125.1828 	EXP 	target: autoDraw = True
125.8817 	EXP 	Device response: <KeyPress from None: t=125.87305860000197, value=left, duration=None>
125.8820 	EXP 	New trial (rep=7, index=5): <Trial 75 (5 in rep 7) data={'cue_arrow': '→', 'target_x': -0.5, 'condition': 'invalid', 'corr_Ans': 'left', 'thisN': 75, 'thisTrialN': 5, 'thisRepN': 7}>
125.8855 	DATA 	Keypress: left
125.8978 	EXP 	fixation: autoDraw = False
125.8978 	EXP 	cue_text: autoDraw = False
125.8978 	EXP 	target: autoDraw = False
125.8978 	EXP 	cue_text: height = np.float64(0.1)
125.8978 	EXP 	cue_text: height = np.float64(0.1)
125.8978 	EXP 	cue_text: height = np.float64(0.1)
125.8978 	EXP 	cue_text: text = '→'
125.8978 	EXP 	fixation: autoDraw = True
125.9823 	EXP 	Device response: <KeyPress from None: t=125.87305860000197, value=left, duration=0.0982957000087481>
126.3824 	EXP 	fixation: autoDraw = False
126.3824 	EXP 	cue_text: autoDraw = True
126.6819 	EXP 	cue_text: autoDraw = False
126.9831 	INFO 	Keyboard events cleared
126.9828 	EXP 	target: autoDraw = True
128.2333 	EXP 	Device response: <KeyPress from None: t=128.2227455000102, value=left, duration=None>
128.2336 	EXP 	New trial (rep=7, index=6): <Trial 76 (6 in rep 7) data={'cue_arrow': '→', 'target_x': 0.5, 'condition': 'valid', 'corr_Ans': 'right', 'thisN': 76, 'thisTrialN': 6, 'thisRepN': 7}>
128.2349 	DATA 	Keypress: left
128.2480 	EXP 	fixation: autoDraw = False
128.2480 	EXP 	cue_text: autoDraw = False
128.2480 	EXP 	target: autoDraw = False
128.2480 	EXP 	cue_text: text = '→'
128.2480 	EXP 	fixation: autoDraw = True
128.3993 	EXP 	Device response: <KeyPress from None: t=128.2227455000102, value=left, duration=0.1758133999974234>
128.7326 	EXP 	fixation: autoDraw = False
128.7326 	EXP 	cue_text: autoDraw = True
129.0495 	EXP 	cue_text: autoDraw = False
129.3326 	INFO 	Keyboard events cleared
129.3323 	EXP 	target: autoDraw = True
129.9996 	EXP 	Device response: <KeyPress from None: t=129.98894260000088, value=right, duration=None>
130.0000 	EXP 	New trial (rep=7, index=7): <Trial 77 (7 in rep 7) data={'cue_arrow': '→', 'target_x': 0.5, 'condition': 'valid', 'corr_Ans': 'right', 'thisN': 77, 'thisTrialN': 7, 'thisRepN': 7}>
130.0016 	DATA 	Keypress: right
130.0145 	EXP 	fixation: autoDraw = False
130.0145 	EXP 	cue_text: autoDraw = False
130.0145 	EXP 	target: autoDraw = False
130.0145 	EXP 	cue_text: text = '→'
130.0145 	EXP 	fixation: autoDraw = True
130.1000 	EXP 	Device response: <KeyPress from None: t=129.98894260000088, value=right, duration=0.10917750000953674>
130.4978 	EXP 	fixation: autoDraw = False
130.4978 	EXP 	cue_text: autoDraw = True
130.7992 	EXP 	cue_text: autoDraw = False
131.1163 	INFO 	Keyboard events cleared
131.1161 	EXP 	target: autoDraw = True
131.5168 	EXP 	Device response: <KeyPress from None: t=131.50366349999967, value=right, duration=None>
131.5173 	EXP 	New trial (rep=7, index=8): <Trial 78 (8 in rep 7) data={'cue_arrow': '←', 'target_x': -0.5, 'condition': 'valid', 'corr_Ans': 'left', 'thisN': 78, 'thisTrialN': 8, 'thisRepN': 7}>
131.5206 	DATA 	Keypress: right
131.5312 	EXP 	fixation: autoDraw = False
131.5312 	EXP 	cue_text: autoDraw = False
131.5312 	EXP 	target: autoDraw = False
131.5312 	EXP 	cue_text: height = np.float64(0.1)
131.5312 	EXP 	cue_text: height = np.float64(0.1)
131.5312 	EXP 	cue_text: height = np.float64(0.1)
131.5312 	EXP 	cue_text: text = '←'
131.5312 	EXP 	fixation: autoDraw = True
131.6659 	EXP 	Device response: <KeyPress from None: t=131.50366349999967, value=right, duration=0.1592549000051804>
132.0161 	EXP 	fixation: autoDraw = False
132.0161 	EXP 	cue_text: autoDraw = True
132.3329 	EXP 	cue_text: autoDraw = False
132.6165 	INFO 	Keyboard events cleared
132.6162 	EXP 	target: autoDraw = True
133.0336 	DATA 	Keypress: left
133.0490 	EXP 	Device response: <KeyPress from None: t=133.0325664999982, value=left, duration=None>
133.0494 	EXP 	New trial (rep=7, index=9): <Trial 79 (9 in rep 7) data={'cue_arrow': '←', 'target_x': -0.5, 'condition': 'valid', 'corr_Ans': 'left', 'thisN': 79, 'thisTrialN': 9, 'thisRepN': 7}>
133.0656 	EXP 	fixation: autoDraw = False
133.0656 	EXP 	cue_text: autoDraw = False
133.0656 	EXP 	target: autoDraw = False
133.0656 	EXP 	cue_text: text = '←'
133.0656 	EXP 	fixation: autoDraw = True
133.1661 	EXP 	Device response: <KeyPress from None: t=133.0325664999982, value=left, duration=0.13036210001155268>
133.5494 	EXP 	fixation: autoDraw = False
133.5494 	EXP 	cue_text: autoDraw = True
133.8489 	EXP 	cue_text: autoDraw = False
134.1480 	INFO 	Keyboard events cleared
134.1478 	EXP 	target: autoDraw = True
134.7155 	EXP 	Device response: <KeyPress from None: t=134.71440530000837, value=left, duration=None>
134.7158 	EXP 	New trial (rep=8, index=0): <Trial 80 (0 in rep 8) data={'cue_arrow': '→', 'target_x': 0.5, 'condition': 'valid', 'corr_Ans': 'right', 'thisN': 80, 'thisTrialN': 0, 'thisRepN': 8}>
134.7191 	DATA 	Keypress: left
134.7313 	EXP 	fixation: autoDraw = False
134.7313 	EXP 	cue_text: autoDraw = False
134.7313 	EXP 	target: autoDraw = False
134.7313 	EXP 	cue_text: height = np.float64(0.1)
134.7313 	EXP 	cue_text: height = np.float64(0.1)
134.7313 	EXP 	cue_text: height = np.float64(0.1)
134.7313 	EXP 	cue_text: text = '→'
134.7313 	EXP 	fixation: autoDraw = True
134.8324 	EXP 	Device response: <KeyPress from None: t=134.71440530000837, value=left, duration=0.1120700999890687>
135.2164 	EXP 	fixation: autoDraw = False
135.2164 	EXP 	cue_text: autoDraw = True
135.5159 	EXP 	cue_text: autoDraw = False
135.8161 	INFO 	Keyboard events cleared
135.8159 	EXP 	target: autoDraw = True
136.8989 	EXP 	Device response: <KeyPress from None: t=136.88339709999855, value=right, duration=None>
136.8993 	EXP 	New trial (rep=8, index=1): <Trial 81 (1 in rep 8) data={'cue_arrow': '←', 'target_x': -0.5, 'condition': 'valid', 'corr_Ans': 'left', 'thisN': 81, 'thisTrialN': 1, 'thisRepN': 8}>
136.9025 	DATA 	Keypress: right
136.9162 	EXP 	fixation: autoDraw = False
136.9162 	EXP 	cue_text: autoDraw = False
136.9162 	EXP 	target: autoDraw = False
136.9162 	EXP 	cue_text: height = np.float64(0.1)
136.9162 	EXP 	cue_text: height = np.float64(0.1)
136.9162 	EXP 	cue_text: height = np.float64(0.1)
136.9162 	EXP 	cue_text: text = '←'
136.9162 	EXP 	fixation: autoDraw = True
137.0165 	EXP 	Device response: <KeyPress from None: t=136.88339709999855, value=right, duration=0.12053850000665989>
137.3991 	EXP 	fixation: autoDraw = False
137.3991 	EXP 	cue_text: autoDraw = True
137.6990 	EXP 	cue_text: autoDraw = False
137.9999 	INFO 	Keyboard events cleared
137.9997 	EXP 	target: autoDraw = True
138.7000 	EXP 	Device response: <KeyPress from None: t=138.69262650000746, value=left, duration=None>
138.7005 	EXP 	New trial (rep=8, index=2): <Trial 82 (2 in rep 8) data={'cue_arrow': '←', 'target_x': -0.5, 'condition': 'valid', 'corr_Ans': 'left', 'thisN': 82, 'thisTrialN': 2, 'thisRepN': 8}>
138.7020 	DATA 	Keypress: left
138.7146 	EXP 	fixation: autoDraw = False
138.7146 	EXP 	cue_text: autoDraw = False
138.7146 	EXP 	target: autoDraw = False
138.7146 	EXP 	cue_text: text = '←'
138.7146 	EXP 	fixation: autoDraw = True
138.8157 	EXP 	Device response: <KeyPress from None: t=138.69262650000746, value=left, duration=0.11963479999394622>
139.1996 	EXP 	fixation: autoDraw = False
139.1996 	EXP 	cue_text: autoDraw = True
139.5158 	EXP 	cue_text: autoDraw = False
139.8162 	INFO 	Keyboard events cleared
139.8160 	EXP 	target: autoDraw = True
140.6003 	DATA 	Keypress: left
140.6158 	EXP 	Device response: <KeyPress from None: t=140.599652600009, value=left, duration=None>
140.6162 	EXP 	New trial (rep=8, index=3): <Trial 83 (3 in rep 8) data={'cue_arrow': '→', 'target_x': -0.5, 'condition': 'invalid', 'corr_Ans': 'left', 'thisN': 83, 'thisTrialN': 3, 'thisRepN': 8}>
140.6323 	EXP 	fixation: autoDraw = False
140.6323 	EXP 	cue_text: autoDraw = False
140.6323 	EXP 	target: autoDraw = False
140.6323 	EXP 	cue_text: height = np.float64(0.1)
140.6323 	EXP 	cue_text: height = np.float64(0.1)
140.6323 	EXP 	cue_text: height = np.float64(0.1)
140.6323 	EXP 	cue_text: text = '→'
140.6323 	EXP 	fixation: autoDraw = True
140.7493 	EXP 	Device response: <KeyPress from None: t=140.599652600009, value=left, duration=0.1489517000009073>
141.1166 	EXP 	fixation: autoDraw = False
141.1166 	EXP 	cue_text: autoDraw = True
141.4330 	EXP 	cue_text: autoDraw = False
141.7330 	INFO 	Keyboard events cleared
141.7328 	EXP 	target: autoDraw = True
143.4828 	EXP 	Device response: <KeyPress from None: t=143.47712599999795, value=left, duration=None>
143.4833 	EXP 	New trial (rep=8, index=4): <Trial 84 (4 in rep 8) data={'cue_arrow': '←', 'target_x': -0.5, 'condition': 'valid', 'corr_Ans': 'left', 'thisN': 84, 'thisTrialN': 4, 'thisRepN': 8}>
143.4865 	DATA 	Keypress: left
143.5000 	EXP 	fixation: autoDraw = False
143.5000 	EXP 	cue_text: autoDraw = False
143.5000 	EXP 	target: autoDraw = False
143.5000 	EXP 	cue_text: height = np.float64(0.1)
143.5000 	EXP 	cue_text: height = np.float64(0.1)
143.5000 	EXP 	cue_text: height = np.float64(0.1)
143.5000 	EXP 	cue_text: text = '←'
143.5000 	EXP 	fixation: autoDraw = True
143.6488 	EXP 	Device response: <KeyPress from None: t=143.47712599999795, value=left, duration=0.16472920001251623>
143.9825 	EXP 	fixation: autoDraw = False
143.9825 	EXP 	cue_text: autoDraw = True
144.2831 	EXP 	cue_text: autoDraw = False
144.5830 	INFO 	Keyboard events cleared
144.5827 	EXP 	target: autoDraw = True
145.4997 	EXP 	Device response: <KeyPress from None: t=145.4910577999981, value=left, duration=None>
145.5001 	EXP 	New trial (rep=8, index=5): <Trial 85 (5 in rep 8) data={'cue_arrow': '←', 'target_x': 0.5, 'condition': 'invalid', 'corr_Ans': 'right', 'thisN': 85, 'thisTrialN': 5, 'thisRepN': 8}>
145.5014 	DATA 	Keypress: left
145.5152 	EXP 	fixation: autoDraw = False
145.5152 	EXP 	cue_text: autoDraw = False
145.5152 	EXP 	target: autoDraw = False
145.5152 	EXP 	cue_text: text = '←'
145.5152 	EXP 	fixation: autoDraw = True
145.6153 	EXP 	Device response: <KeyPress from None: t=145.4910577999981, value=left, duration=0.11974210001062602>
145.9994 	EXP 	fixation: autoDraw = False
145.9994 	EXP 	cue_text: autoDraw = True
146.3164 	EXP 	cue_text: autoDraw = False
146.5997 	INFO 	Keyboard events cleared
146.5995 	EXP 	target: autoDraw = True
148.0992 	EXP 	Device response: <KeyPress from None: t=148.09022070000356, value=right, duration=None>
148.0996 	EXP 	New trial (rep=8, index=6): <Trial 86 (6 in rep 8) data={'cue_arrow': '→', 'target_x': 0.5, 'condition': 'valid', 'corr_Ans': 'right', 'thisN': 86, 'thisTrialN': 6, 'thisRepN': 8}>
148.1027 	DATA 	Keypress: right
148.1149 	EXP 	fixation: autoDraw = False
148.1149 	EXP 	cue_text: autoDraw = False
148.1149 	EXP 	target: autoDraw = False
148.1149 	EXP 	cue_text: height = np.float64(0.1)
148.1149 	EXP 	cue_text: height = np.float64(0.1)
148.1149 	EXP 	cue_text: height = np.float64(0.1)
148.1149 	EXP 	cue_text: text = '→'
148.1149 	EXP 	fixation: autoDraw = True
148.2330 	EXP 	Device response: <KeyPress from None: t=148.09022070000356, value=right, duration=0.1404873999999836>
148.6000 	EXP 	fixation: autoDraw = False
148.6000 	EXP 	cue_text: autoDraw = True
148.9150 	EXP 	cue_text: autoDraw = False
149.1997 	INFO 	Keyboard events cleared
149.1995 	EXP 	target: autoDraw = True
149.6673 	EXP 	Device response: <KeyPress from None: t=149.65486730000703, value=right, duration=None>
149.6678 	EXP 	New trial (rep=8, index=7): <Trial 87 (7 in rep 8) data={'cue_arrow': '→', 'target_x': 0.5, 'condition': 'valid', 'corr_Ans': 'right', 'thisN': 87, 'thisTrialN': 7, 'thisRepN': 8}>
149.6692 	DATA 	Keypress: right
149.6827 	EXP 	fixation: autoDraw = False
149.6827 	EXP 	cue_text: autoDraw = False
149.6827 	EXP 	target: autoDraw = False
149.6827 	EXP 	cue_text: text = '→'
149.6827 	EXP 	fixation: autoDraw = True
149.8161 	EXP 	Device response: <KeyPress from None: t=149.65486730000703, value=right, duration=0.14863749999494758>
150.1833 	EXP 	fixation: autoDraw = False
150.1833 	EXP 	cue_text: autoDraw = True
150.4828 	EXP 	cue_text: autoDraw = False
150.7819 	INFO 	Keyboard events cleared
150.7817 	EXP 	target: autoDraw = True
151.1658 	EXP 	Device response: <KeyPress from None: t=151.15288690000307, value=right, duration=None>
151.1662 	EXP 	New trial (rep=8, index=8): <Trial 88 (8 in rep 8) data={'cue_arrow': '←', 'target_x': -0.5, 'condition': 'valid', 'corr_Ans': 'left', 'thisN': 88, 'thisTrialN': 8, 'thisRepN': 8}>
151.1697 	DATA 	Keypress: right
151.1837 	EXP 	fixation: autoDraw = False
151.1837 	EXP 	cue_text: autoDraw = False
151.1837 	EXP 	target: autoDraw = False
151.1837 	EXP 	cue_text: height = np.float64(0.1)
151.1837 	EXP 	cue_text: height = np.float64(0.1)
151.1837 	EXP 	cue_text: height = np.float64(0.1)
151.1837 	EXP 	cue_text: text = '←'
151.1837 	EXP 	fixation: autoDraw = True
151.3156 	EXP 	Device response: <KeyPress from None: t=151.15288690000307, value=right, duration=0.1505814999982249>
151.6662 	EXP 	fixation: autoDraw = False
151.6662 	EXP 	cue_text: autoDraw = True
151.9648 	EXP 	cue_text: autoDraw = False
152.2663 	INFO 	Keyboard events cleared
152.2660 	EXP 	target: autoDraw = True
152.6156 	EXP 	Device response: <KeyPress from None: t=152.61305900001025, value=left, duration=None>
152.6160 	EXP 	New trial (rep=8, index=9): <Trial 89 (9 in rep 8) data={'cue_arrow': '→', 'target_x': 0.5, 'condition': 'valid', 'corr_Ans': 'right', 'thisN': 89, 'thisTrialN': 9, 'thisRepN': 8}>
152.6209 	DATA 	Keypress: left
152.6314 	EXP 	fixation: autoDraw = False
152.6314 	EXP 	cue_text: autoDraw = False
152.6314 	EXP 	target: autoDraw = False
152.6314 	EXP 	cue_text: height = np.float64(0.1)
152.6314 	EXP 	cue_text: height = np.float64(0.1)
152.6314 	EXP 	cue_text: height = np.float64(0.1)
152.6314 	EXP 	cue_text: text = '→'
152.6314 	EXP 	fixation: autoDraw = True
152.7819 	EXP 	Device response: <KeyPress from None: t=152.61305900001025, value=left, duration=0.16170430000056513>
153.1164 	EXP 	fixation: autoDraw = False
153.1164 	EXP 	cue_text: autoDraw = True
153.4156 	EXP 	cue_text: autoDraw = False
153.7152 	INFO 	Keyboard events cleared
153.7149 	EXP 	target: autoDraw = True
154.0157 	EXP 	Device response: <KeyPress from None: t=154.01428680001118, value=right, duration=None>
154.0160 	EXP 	New trial (rep=9, index=0): <Trial 90 (0 in rep 9) data={'cue_arrow': '←', 'target_x': -0.5, 'condition': 'valid', 'corr_Ans': 'left', 'thisN': 90, 'thisTrialN': 0, 'thisRepN': 9}>
154.0192 	DATA 	Keypress: right
154.0317 	EXP 	fixation: autoDraw = False
154.0317 	EXP 	cue_text: autoDraw = False
154.0317 	EXP 	target: autoDraw = False
154.0317 	EXP 	cue_text: height = np.float64(0.1)
154.0317 	EXP 	cue_text: height = np.float64(0.1)
154.0317 	EXP 	cue_text: height = np.float64(0.1)
154.0317 	EXP 	cue_text: text = '←'
154.0317 	EXP 	fixation: autoDraw = True
154.1671 	EXP 	Device response: <KeyPress from None: t=154.01428680001118, value=right, duration=0.14003289998800028>
154.5163 	EXP 	fixation: autoDraw = False
154.5163 	EXP 	cue_text: autoDraw = True
154.8150 	EXP 	cue_text: autoDraw = False
155.1167 	INFO 	Keyboard events cleared
155.1165 	EXP 	target: autoDraw = True
155.4991 	EXP 	Device response: <KeyPress from None: t=155.49178660000325, value=left, duration=None>
155.4995 	EXP 	New trial (rep=9, index=1): <Trial 91 (1 in rep 9) data={'cue_arrow': '←', 'target_x': 0.5, 'condition': 'invalid', 'corr_Ans': 'right', 'thisN': 91, 'thisTrialN': 1, 'thisRepN': 9}>
155.5007 	DATA 	Keypress: left
155.5163 	EXP 	fixation: autoDraw = False
155.5163 	EXP 	cue_text: autoDraw = False
155.5163 	EXP 	target: autoDraw = False
155.5163 	EXP 	cue_text: text = '←'
155.5163 	EXP 	fixation: autoDraw = True
155.6490 	EXP 	Device response: <KeyPress from None: t=155.49178660000325, value=left, duration=0.14346330000262242>
156.0000 	EXP 	fixation: autoDraw = False
156.0000 	EXP 	cue_text: autoDraw = True
156.3000 	EXP 	cue_text: autoDraw = False
156.6166 	INFO 	Keyboard events cleared
156.6164 	EXP 	target: autoDraw = True
157.6659 	EXP 	Device response: <KeyPress from None: t=157.65263140000752, value=right, duration=None>
157.6663 	EXP 	New trial (rep=9, index=2): <Trial 92 (2 in rep 9) data={'cue_arrow': '→', 'target_x': 0.5, 'condition': 'valid', 'corr_Ans': 'right', 'thisN': 92, 'thisTrialN': 2, 'thisRepN': 9}>
157.6694 	DATA 	Keypress: right
157.6818 	EXP 	fixation: autoDraw = False
157.6818 	EXP 	cue_text: autoDraw = False
157.6818 	EXP 	target: autoDraw = False
157.6818 	EXP 	cue_text: height = np.float64(0.1)
157.6818 	EXP 	cue_text: height = np.float64(0.1)
157.6818 	EXP 	cue_text: height = np.float64(0.1)
157.6818 	EXP 	cue_text: text = '→'
157.6818 	EXP 	fixation: autoDraw = True
157.7337 	EXP 	Device response: <KeyPress from None: t=157.65263140000752, value=right, duration=0.0737574999948265>
158.1664 	EXP 	fixation: autoDraw = False
158.1664 	EXP 	cue_text: autoDraw = True
158.4662 	EXP 	cue_text: autoDraw = False
158.7832 	INFO 	Keyboard events cleared
158.7830 	EXP 	target: autoDraw = True
159.0493 	EXP 	Device response: <KeyPress from None: t=159.04467970000405, value=right, duration=None>
159.0497 	EXP 	New trial (rep=9, index=3): <Trial 93 (3 in rep 9) data={'cue_arrow': '→', 'target_x': 0.5, 'condition': 'valid', 'corr_Ans': 'right', 'thisN': 93, 'thisTrialN': 3, 'thisRepN': 9}>
159.0510 	DATA 	Keypress: right
159.0653 	EXP 	fixation: autoDraw = False
159.0653 	EXP 	cue_text: autoDraw = False
159.0653 	EXP 	target: autoDraw = False
159.0653 	EXP 	cue_text: text = '→'
159.0653 	EXP 	fixation: autoDraw = True
159.2328 	EXP 	Device response: <KeyPress from None: t=159.04467970000405, value=right, duration=0.1835443000018131>
159.5491 	EXP 	fixation: autoDraw = False
159.5491 	EXP 	cue_text: autoDraw = True
159.8483 	EXP 	cue_text: autoDraw = False
160.1499 	INFO 	Keyboard events cleared
160.1497 	EXP 	target: autoDraw = True
160.4336 	EXP 	Device response: <KeyPress from None: t=160.4226376000006, value=right, duration=None>
160.4341 	EXP 	New trial (rep=9, index=4): <Trial 94 (4 in rep 9) data={'cue_arrow': '←', 'target_x': -0.5, 'condition': 'valid', 'corr_Ans': 'left', 'thisN': 94, 'thisTrialN': 4, 'thisRepN': 9}>
160.4381 	DATA 	Keypress: right
160.4473 	EXP 	fixation: autoDraw = False
160.4473 	EXP 	cue_text: autoDraw = False
160.4473 	EXP 	target: autoDraw = False
160.4473 	EXP 	cue_text: height = np.float64(0.1)
160.4473 	EXP 	cue_text: height = np.float64(0.1)
160.4473 	EXP 	cue_text: height = np.float64(0.1)
160.4473 	EXP 	cue_text: text = '←'
160.4473 	EXP 	fixation: autoDraw = True
160.5989 	EXP 	Device response: <KeyPress from None: t=160.4226376000006, value=right, duration=0.1660632999992231>
160.9334 	EXP 	fixation: autoDraw = False
160.9334 	EXP 	cue_text: autoDraw = True
161.2500 	EXP 	cue_text: autoDraw = False
161.5336 	INFO 	Keyboard events cleared
161.5334 	EXP 	target: autoDraw = True
161.9838 	EXP 	Device response: <KeyPress from None: t=161.97331010000198, value=left, duration=None>
161.9842 	EXP 	New trial (rep=9, index=5): <Trial 95 (5 in rep 9) data={'cue_arrow': '→', 'target_x': 0.5, 'condition': 'valid', 'corr_Ans': 'right', 'thisN': 95, 'thisTrialN': 5, 'thisRepN': 9}>
161.9875 	DATA 	Keypress: left
161.9987 	EXP 	fixation: autoDraw = False
161.9987 	EXP 	cue_text: autoDraw = False
161.9987 	EXP 	target: autoDraw = False
161.9987 	EXP 	cue_text: height = np.float64(0.1)
161.9987 	EXP 	cue_text: height = np.float64(0.1)
161.9987 	EXP 	cue_text: height = np.float64(0.1)
161.9987 	EXP 	cue_text: text = '→'
161.9987 	EXP 	fixation: autoDraw = True
162.1006 	EXP 	Device response: <KeyPress from None: t=161.97331010000198, value=left, duration=0.12474559999827761>
162.4823 	EXP 	fixation: autoDraw = False
162.4823 	EXP 	cue_text: autoDraw = True
162.7834 	EXP 	cue_text: autoDraw = False
163.0999 	INFO 	Keyboard events cleared
163.0997 	EXP 	target: autoDraw = True
163.6835 	EXP 	Device response: <KeyPress from None: t=163.6757629000058, value=right, duration=None>
163.6840 	EXP 	New trial (rep=9, index=6): <Trial 96 (6 in rep 9) data={'cue_arrow': '→', 'target_x': 0.5, 'condition': 'valid', 'corr_Ans': 'right', 'thisN': 96, 'thisTrialN': 6, 'thisRepN': 9}>
163.6856 	DATA 	Keypress: right
163.6984 	EXP 	fixation: autoDraw = False
163.6984 	EXP 	cue_text: autoDraw = False
163.6984 	EXP 	target: autoDraw = False
163.6984 	EXP 	cue_text: text = '→'
163.6984 	EXP 	fixation: autoDraw = True
163.8330 	EXP 	Device response: <KeyPress from None: t=163.6757629000058, value=right, duration=0.15445420000469312>
164.1835 	EXP 	fixation: autoDraw = False
164.1835 	EXP 	cue_text: autoDraw = True
164.4998 	EXP 	cue_text: autoDraw = False
164.7832 	INFO 	Keyboard events cleared
164.7829 	EXP 	target: autoDraw = True
165.1669 	EXP 	Device response: <KeyPress from None: t=165.1606019000028, value=right, duration=None>
165.1674 	EXP 	New trial (rep=9, index=7): <Trial 97 (7 in rep 9) data={'cue_arrow': '←', 'target_x': -0.5, 'condition': 'valid', 'corr_Ans': 'left', 'thisN': 97, 'thisTrialN': 7, 'thisRepN': 9}>
165.1714 	DATA 	Keypress: right
165.1817 	EXP 	fixation: autoDraw = False
165.1817 	EXP 	cue_text: autoDraw = False
165.1817 	EXP 	target: autoDraw = False
165.1817 	EXP 	cue_text: height = np.float64(0.1)
165.1817 	EXP 	cue_text: height = np.float64(0.1)
165.1817 	EXP 	cue_text: height = np.float64(0.1)
165.1817 	EXP 	cue_text: text = '←'
165.1817 	EXP 	fixation: autoDraw = True
165.3323 	EXP 	Device response: <KeyPress from None: t=165.1606019000028, value=right, duration=0.15902639999694657>
165.6666 	EXP 	fixation: autoDraw = False
165.6666 	EXP 	cue_text: autoDraw = True
165.9668 	EXP 	cue_text: autoDraw = False
166.2848 	INFO 	Keyboard events cleared
166.2846 	EXP 	target: autoDraw = True
166.5490 	EXP 	Device response: <KeyPress from None: t=166.53440200000477, value=left, duration=None>
166.5494 	EXP 	New trial (rep=9, index=8): <Trial 98 (8 in rep 9) data={'cue_arrow': '←', 'target_x': -0.5, 'condition': 'valid', 'corr_Ans': 'left', 'thisN': 98, 'thisTrialN': 8, 'thisRepN': 9}>
166.5506 	DATA 	Keypress: left
166.5660 	EXP 	fixation: autoDraw = False
166.5660 	EXP 	cue_text: autoDraw = False
166.5660 	EXP 	target: autoDraw = False
166.5660 	EXP 	cue_text: text = '←'
166.5660 	EXP 	fixation: autoDraw = True
166.6662 	EXP 	Device response: <KeyPress from None: t=166.53440200000477, value=left, duration=0.1306787999928929>
167.0492 	EXP 	fixation: autoDraw = False
167.0492 	EXP 	cue_text: autoDraw = True
167.3501 	EXP 	cue_text: autoDraw = False
167.6502 	INFO 	Keyboard events cleared
167.6500 	EXP 	target: autoDraw = True
167.9668 	EXP 	Device response: <KeyPress from None: t=167.95698060000723, value=left, duration=None>
167.9671 	EXP 	New trial (rep=9, index=9): <Trial 99 (9 in rep 9) data={'cue_arrow': '→', 'target_x': -0.5, 'condition': 'invalid', 'corr_Ans': 'left', 'thisN': 99, 'thisTrialN': 9, 'thisRepN': 9}>
167.9704 	DATA 	Keypress: left
167.9828 	EXP 	fixation: autoDraw = False
167.9828 	EXP 	cue_text: autoDraw = False
167.9828 	EXP 	target: autoDraw = False
167.9828 	EXP 	cue_text: height = np.float64(0.1)
167.9828 	EXP 	cue_text: height = np.float64(0.1)
167.9828 	EXP 	cue_text: height = np.float64(0.1)
167.9828 	EXP 	cue_text: text = '→'
167.9828 	EXP 	fixation: autoDraw = True
168.0828 	EXP 	Device response: <KeyPress from None: t=167.95698060000723, value=left, duration=0.11875029999646358>
168.4656 	EXP 	fixation: autoDraw = False
168.4656 	EXP 	cue_text: autoDraw = True
168.7664 	EXP 	cue_text: autoDraw = False
169.0829 	INFO 	Keyboard events cleared
169.0827 	EXP 	target: autoDraw = True
170.5493 	EXP 	Device response: <KeyPress from None: t=170.54040100000566, value=left, duration=None>
170.5497 	EXP 	New trial (rep=10, index=0): <Trial 100 (0 in rep 10) data={'cue_arrow': '←', 'target_x': -0.5, 'condition': 'valid', 'corr_Ans': 'left', 'thisN': 100, 'thisTrialN': 0, 'thisRepN': 10}>
170.5529 	DATA 	Keypress: left
170.5662 	EXP 	fixation: autoDraw = False
170.5662 	EXP 	cue_text: autoDraw = False
170.5662 	EXP 	target: autoDraw = False
170.5662 	EXP 	cue_text: height = np.float64(0.1)
170.5662 	EXP 	cue_text: height = np.float64(0.1)
170.5662 	EXP 	cue_text: height = np.float64(0.1)
170.5662 	EXP 	cue_text: text = '←'
170.5662 	EXP 	fixation: autoDraw = True
170.7337 	EXP 	Device response: <KeyPress from None: t=170.54040100000566, value=left, duration=0.1790532000013627>
171.0495 	EXP 	fixation: autoDraw = False
171.0495 	EXP 	cue_text: autoDraw = True
171.3499 	EXP 	cue_text: autoDraw = False
171.6508 	INFO 	Keyboard events cleared
171.6506 	EXP 	target: autoDraw = True
172.0990 	EXP 	Device response: <KeyPress from None: t=172.08737710000423, value=left, duration=None>
172.0994 	EXP 	New trial (rep=10, index=1): <Trial 101 (1 in rep 10) data={'cue_arrow': '→', 'target_x': 0.5, 'condition': 'valid', 'corr_Ans': 'right', 'thisN': 101, 'thisTrialN': 1, 'thisRepN': 10}>
172.1024 	DATA 	Keypress: left
172.1150 	EXP 	fixation: autoDraw = False
172.1150 	EXP 	cue_text: autoDraw = False
172.1150 	EXP 	target: autoDraw = False
172.1150 	EXP 	cue_text: height = np.float64(0.1)
172.1150 	EXP 	cue_text: height = np.float64(0.1)
172.1150 	EXP 	cue_text: height = np.float64(0.1)
172.1150 	EXP 	cue_text: text = '→'
172.1150 	EXP 	fixation: autoDraw = True
172.2831 	EXP 	Device response: <KeyPress from None: t=172.08737710000423, value=left, duration=0.18454299999575596>
172.6004 	EXP 	fixation: autoDraw = False
172.6004 	EXP 	cue_text: autoDraw = True
172.9003 	EXP 	cue_text: autoDraw = False
173.2008 	INFO 	Keyboard events cleared
173.2006 	EXP 	target: autoDraw = True
173.4825 	EXP 	Device response: <KeyPress from None: t=173.47881749999942, value=right, duration=None>
173.4829 	EXP 	New trial (rep=10, index=2): <Trial 102 (2 in rep 10) data={'cue_arrow': '→', 'target_x': 0.5, 'condition': 'valid', 'corr_Ans': 'right', 'thisN': 102, 'thisTrialN': 2, 'thisRepN': 10}>
173.4841 	DATA 	Keypress: right
173.4990 	EXP 	fixation: autoDraw = False
173.4990 	EXP 	cue_text: autoDraw = False
173.4990 	EXP 	target: autoDraw = False
173.4990 	EXP 	cue_text: text = '→'
173.4990 	EXP 	fixation: autoDraw = True
173.6171 	EXP 	Device response: <KeyPress from None: t=173.47881749999942, value=right, duration=0.13095510000130162>
173.9837 	EXP 	fixation: autoDraw = False
173.9837 	EXP 	cue_text: autoDraw = True
174.2837 	EXP 	cue_text: autoDraw = False
174.5838 	INFO 	Keyboard events cleared
174.5836 	EXP 	target: autoDraw = True
174.9157 	EXP 	Device response: <KeyPress from None: t=174.90242179999768, value=right, duration=None>
174.9162 	EXP 	New trial (rep=10, index=3): <Trial 103 (3 in rep 10) data={'cue_arrow': '←', 'target_x': -0.5, 'condition': 'valid', 'corr_Ans': 'left', 'thisN': 103, 'thisTrialN': 3, 'thisRepN': 10}>
174.9197 	DATA 	Keypress: right
174.9320 	EXP 	fixation: autoDraw = False
174.9320 	EXP 	cue_text: autoDraw = False
174.9320 	EXP 	target: autoDraw = False
174.9320 	EXP 	cue_text: height = np.float64(0.1)
174.9320 	EXP 	cue_text: height = np.float64(0.1)
174.9320 	EXP 	cue_text: height = np.float64(0.1)
174.9320 	EXP 	cue_text: text = '←'
174.9320 	EXP 	fixation: autoDraw = True
175.2161 	EXP 	Device response: <KeyPress from None: t=174.90242179999768, value=right, duration=0.29976980001083575>
175.4155 	EXP 	fixation: autoDraw = False
175.4155 	EXP 	cue_text: autoDraw = True
175.7168 	EXP 	cue_text: autoDraw = False
176.0159 	INFO 	Keyboard events cleared
176.0157 	EXP 	target: autoDraw = True
176.4675 	EXP 	Device response: <KeyPress from None: t=176.4573764000088, value=left, duration=None>
176.4680 	EXP 	New trial (rep=10, index=4): <Trial 104 (4 in rep 10) data={'cue_arrow': '←', 'target_x': 0.5, 'condition': 'invalid', 'corr_Ans': 'right', 'thisN': 104, 'thisTrialN': 4, 'thisRepN': 10}>
176.4694 	DATA 	Keypress: left
176.4820 	EXP 	fixation: autoDraw = False
176.4820 	EXP 	cue_text: autoDraw = False
176.4820 	EXP 	target: autoDraw = False
176.4820 	EXP 	cue_text: text = '←'
176.4820 	EXP 	fixation: autoDraw = True
176.6663 	EXP 	Device response: <KeyPress from None: t=176.4573764000088, value=left, duration=0.19290489998820703>
176.9833 	EXP 	fixation: autoDraw = False
176.9833 	EXP 	cue_text: autoDraw = True
177.2661 	EXP 	cue_text: autoDraw = False
177.5836 	INFO 	Keyboard events cleared
177.5834 	EXP 	target: autoDraw = True
178.3495 	EXP 	Device response: <KeyPress from None: t=178.3437280000071, value=right, duration=None>
178.3498 	EXP 	New trial (rep=10, index=5): <Trial 105 (5 in rep 10) data={'cue_arrow': '→', 'target_x': -0.5, 'condition': 'invalid', 'corr_Ans': 'left', 'thisN': 105, 'thisTrialN': 5, 'thisRepN': 10}>
178.3528 	DATA 	Keypress: right
178.3652 	EXP 	fixation: autoDraw = False
178.3652 	EXP 	cue_text: autoDraw = False
178.3652 	EXP 	target: autoDraw = False
178.3652 	EXP 	cue_text: height = np.float64(0.1)
178.3652 	EXP 	cue_text: height = np.float64(0.1)
178.3652 	EXP 	cue_text: height = np.float64(0.1)
178.3652 	EXP 	cue_text: text = '→'
178.3652 	EXP 	fixation: autoDraw = True
178.4991 	EXP 	Device response: <KeyPress from None: t=178.3437280000071, value=right, duration=0.13987600000109524>
178.8504 	EXP 	fixation: autoDraw = False
178.8504 	EXP 	cue_text: autoDraw = True
179.1669 	EXP 	cue_text: autoDraw = False
179.4506 	INFO 	Keyboard events cleared
179.4503 	EXP 	target: autoDraw = True
180.4662 	EXP 	Device response: <KeyPress from None: t=180.46409220001078, value=left, duration=None>
180.4665 	EXP 	New trial (rep=10, index=6): <Trial 106 (6 in rep 10) data={'cue_arrow': '→', 'target_x': 0.5, 'condition': 'valid', 'corr_Ans': 'right', 'thisN': 106, 'thisTrialN': 6, 'thisRepN': 10}>
180.4676 	DATA 	Keypress: left
180.4821 	EXP 	fixation: autoDraw = False
180.4821 	EXP 	cue_text: autoDraw = False
180.4821 	EXP 	target: autoDraw = False
180.4821 	EXP 	cue_text: text = '→'
180.4821 	EXP 	fixation: autoDraw = True
180.6340 	EXP 	Device response: <KeyPress from None: t=180.46409220001078, value=left, duration=0.1607289999956265>
180.9669 	EXP 	fixation: autoDraw = False
180.9669 	EXP 	cue_text: autoDraw = True
181.2670 	EXP 	cue_text: autoDraw = False
181.5837 	INFO 	Keyboard events cleared
181.5834 	EXP 	target: autoDraw = True
181.9836 	EXP 	Device response: <KeyPress from None: t=181.97602690001077, value=right, duration=None>
181.9840 	EXP 	New trial (rep=10, index=7): <Trial 107 (7 in rep 10) data={'cue_arrow': '←', 'target_x': -0.5, 'condition': 'valid', 'corr_Ans': 'left', 'thisN': 107, 'thisTrialN': 7, 'thisRepN': 10}>
181.9886 	DATA 	Keypress: right
181.9976 	EXP 	fixation: autoDraw = False
181.9976 	EXP 	cue_text: autoDraw = False
181.9976 	EXP 	target: autoDraw = False
181.9976 	EXP 	cue_text: height = np.float64(0.1)
181.9976 	EXP 	cue_text: height = np.float64(0.1)
181.9976 	EXP 	cue_text: height = np.float64(0.1)
181.9976 	EXP 	cue_text: text = '←'
181.9976 	EXP 	fixation: autoDraw = True
182.1334 	EXP 	Device response: <KeyPress from None: t=181.97602690001077, value=right, duration=0.15163639999809675>
182.4833 	EXP 	fixation: autoDraw = False
182.4833 	EXP 	cue_text: autoDraw = True
182.7837 	EXP 	cue_text: autoDraw = False
183.0833 	INFO 	Keyboard events cleared
183.0831 	EXP 	target: autoDraw = True
183.3673 	EXP 	Device response: <KeyPress from None: t=183.36139180000464, value=left, duration=None>
183.3678 	EXP 	New trial (rep=10, index=8): <Trial 108 (8 in rep 10) data={'cue_arrow': '←', 'target_x': -0.5, 'condition': 'valid', 'corr_Ans': 'left', 'thisN': 108, 'thisTrialN': 8, 'thisRepN': 10}>
183.3691 	DATA 	Keypress: left
183.3821 	EXP 	fixation: autoDraw = False
183.3821 	EXP 	cue_text: autoDraw = False
183.3821 	EXP 	target: autoDraw = False
183.3821 	EXP 	cue_text: text = '←'
183.3821 	EXP 	fixation: autoDraw = True
183.4994 	EXP 	Device response: <KeyPress from None: t=183.36139180000464, value=left, duration=0.13440929999342188>
183.8671 	EXP 	fixation: autoDraw = False
183.8671 	EXP 	cue_text: autoDraw = True
184.1664 	EXP 	cue_text: autoDraw = False
184.4670 	INFO 	Keyboard events cleared
184.4668 	EXP 	target: autoDraw = True
184.8164 	EXP 	Device response: <KeyPress from None: t=184.8137557000009, value=left, duration=None>
184.8168 	EXP 	New trial (rep=10, index=9): <Trial 109 (9 in rep 10) data={'cue_arrow': '→', 'target_x': 0.5, 'condition': 'valid', 'corr_Ans': 'right', 'thisN': 109, 'thisTrialN': 9, 'thisRepN': 10}>
184.8206 	DATA 	Keypress: left
184.8317 	EXP 	fixation: autoDraw = False
184.8317 	EXP 	cue_text: autoDraw = False
184.8317 	EXP 	target: autoDraw = False
184.8317 	EXP 	cue_text: height = np.float64(0.1)
184.8317 	EXP 	cue_text: height = np.float64(0.1)
184.8317 	EXP 	cue_text: height = np.float64(0.1)
184.8317 	EXP 	cue_text: text = '→'
184.8317 	EXP 	fixation: autoDraw = True
184.9834 	EXP 	Device response: <KeyPress from None: t=184.8137557000009, value=left, duration=0.15573569999833126>
185.3168 	EXP 	fixation: autoDraw = False
185.3168 	EXP 	cue_text: autoDraw = True
185.6154 	EXP 	cue_text: autoDraw = False
185.9170 	INFO 	Keyboard events cleared
185.9168 	EXP 	target: autoDraw = True
186.2993 	EXP 	Device response: <KeyPress from None: t=186.29283320000104, value=right, duration=None>
186.2998 	EXP 	New trial (rep=11, index=0): <Trial 110 (0 in rep 11) data={'cue_arrow': '→', 'target_x': 0.5, 'condition': 'valid', 'corr_Ans': 'right', 'thisN': 110, 'thisTrialN': 0, 'thisRepN': 11}>
186.3011 	DATA 	Keypress: right
186.3169 	EXP 	fixation: autoDraw = False
186.3169 	EXP 	cue_text: autoDraw = False
186.3169 	EXP 	target: autoDraw = False
186.3169 	EXP 	cue_text: text = '→'
186.3169 	EXP 	fixation: autoDraw = True
186.4336 	EXP 	Device response: <KeyPress from None: t=186.29283320000104, value=right, duration=0.13657539999985602>
186.7999 	EXP 	fixation: autoDraw = False
186.7999 	EXP 	cue_text: autoDraw = True
187.1004 	EXP 	cue_text: autoDraw = False
187.4007 	INFO 	Keyboard events cleared
187.4005 	EXP 	target: autoDraw = True
189.0333 	EXP 	Device response: <KeyPress from None: t=189.0252948999987, value=right, duration=None>
189.0336 	EXP 	New trial (rep=11, index=1): <Trial 111 (1 in rep 11) data={'cue_arrow': '←', 'target_x': 0.5, 'condition': 'invalid', 'corr_Ans': 'right', 'thisN': 111, 'thisTrialN': 1, 'thisRepN': 11}>
189.0367 	DATA 	Keypress: right
189.0494 	EXP 	fixation: autoDraw = False
189.0494 	EXP 	cue_text: autoDraw = False
189.0494 	EXP 	target: autoDraw = False
189.0494 	EXP 	cue_text: height = np.float64(0.1)
189.0494 	EXP 	cue_text: height = np.float64(0.1)
189.0494 	EXP 	cue_text: height = np.float64(0.1)
189.0494 	EXP 	cue_text: text = '←'
189.0494 	EXP 	fixation: autoDraw = True
189.1510 	EXP 	Device response: <KeyPress from None: t=189.0252948999987, value=right, duration=0.1230753999989247>
189.5338 	EXP 	fixation: autoDraw = False
189.5338 	EXP 	cue_text: autoDraw = True
189.8388 	EXP 	cue_text: autoDraw = False
190.1509 	INFO 	Keyboard events cleared
190.1507 	EXP 	target: autoDraw = True
191.9163 	EXP 	Device response: <KeyPress from None: t=191.9048019000038, value=right, duration=None>
191.9166 	EXP 	New trial (rep=11, index=2): <Trial 112 (2 in rep 11) data={'cue_arrow': '→', 'target_x': -0.5, 'condition': 'invalid', 'corr_Ans': 'left', 'thisN': 112, 'thisTrialN': 2, 'thisRepN': 11}>
191.9200 	DATA 	Keypress: right
191.9320 	EXP 	fixation: autoDraw = False
191.9320 	EXP 	cue_text: autoDraw = False
191.9320 	EXP 	target: autoDraw = False
191.9320 	EXP 	cue_text: height = np.float64(0.1)
191.9320 	EXP 	cue_text: height = np.float64(0.1)
191.9320 	EXP 	cue_text: height = np.float64(0.1)
191.9320 	EXP 	cue_text: text = '→'
191.9320 	EXP 	fixation: autoDraw = True
192.0330 	EXP 	Device response: <KeyPress from None: t=191.9048019000038, value=right, duration=0.12162309999985155>
192.4173 	EXP 	fixation: autoDraw = False
192.4173 	EXP 	cue_text: autoDraw = True
192.7170 	EXP 	cue_text: autoDraw = False
193.0175 	INFO 	Keyboard events cleared
193.0173 	EXP 	target: autoDraw = True
193.8499 	EXP 	Device response: <KeyPress from None: t=193.8398401000013, value=left, duration=None>
193.8503 	EXP 	New trial (rep=11, index=3): <Trial 113 (3 in rep 11) data={'cue_arrow': '←', 'target_x': -0.5, 'condition': 'valid', 'corr_Ans': 'left', 'thisN': 113, 'thisTrialN': 3, 'thisRepN': 11}>
193.8536 	DATA 	Keypress: left
193.8658 	EXP 	fixation: autoDraw = False
193.8658 	EXP 	cue_text: autoDraw = False
193.8658 	EXP 	target: autoDraw = False
193.8658 	EXP 	cue_text: height = np.float64(0.1)
193.8658 	EXP 	cue_text: height = np.float64(0.1)
193.8658 	EXP 	cue_text: height = np.float64(0.1)
193.8658 	EXP 	cue_text: text = '←'
193.8658 	EXP 	fixation: autoDraw = True
194.0331 	EXP 	Device response: <KeyPress from None: t=193.8398401000013, value=left, duration=0.17977640000754036>
194.3506 	EXP 	fixation: autoDraw = False
194.3506 	EXP 	cue_text: autoDraw = True
194.6507 	EXP 	cue_text: autoDraw = False
194.9492 	INFO 	Keyboard events cleared
194.9491 	EXP 	target: autoDraw = True
195.6497 	EXP 	Device response: <KeyPress from None: t=195.63803770000231, value=left, duration=None>
195.6502 	EXP 	New trial (rep=11, index=4): <Trial 114 (4 in rep 11) data={'cue_arrow': '→', 'target_x': 0.5, 'condition': 'valid', 'corr_Ans': 'right', 'thisN': 114, 'thisTrialN': 4, 'thisRepN': 11}>
195.6533 	DATA 	Keypress: left
195.6656 	EXP 	fixation: autoDraw = False
195.6656 	EXP 	cue_text: autoDraw = False
195.6656 	EXP 	target: autoDraw = False
195.6656 	EXP 	cue_text: height = np.float64(0.1)
195.6656 	EXP 	cue_text: height = np.float64(0.1)
195.6656 	EXP 	cue_text: height = np.float64(0.1)
195.6656 	EXP 	cue_text: text = '→'
195.6656 	EXP 	fixation: autoDraw = True
195.8011 	EXP 	Device response: <KeyPress from None: t=195.63803770000231, value=left, duration=0.16032080000150017>
196.1507 	EXP 	fixation: autoDraw = False
196.1507 	EXP 	cue_text: autoDraw = True
196.4657 	EXP 	cue_text: autoDraw = False
196.7506 	INFO 	Keyboard events cleared
196.7504 	EXP 	target: autoDraw = True
197.1160 	EXP 	Device response: <KeyPress from None: t=197.10352180000336, value=right, duration=None>
197.1164 	EXP 	New trial (rep=11, index=5): <Trial 115 (5 in rep 11) data={'cue_arrow': '→', 'target_x': 0.5, 'condition': 'valid', 'corr_Ans': 'right', 'thisN': 115, 'thisTrialN': 5, 'thisRepN': 11}>
197.1177 	DATA 	Keypress: right
197.1336 	EXP 	fixation: autoDraw = False
197.1336 	EXP 	cue_text: autoDraw = False
197.1336 	EXP 	target: autoDraw = False
197.1336 	EXP 	cue_text: text = '→'
197.1336 	EXP 	fixation: autoDraw = True
197.2497 	EXP 	Device response: <KeyPress from None: t=197.10352180000336, value=right, duration=0.1362381000071764>
197.6174 	EXP 	fixation: autoDraw = False
197.6174 	EXP 	cue_text: autoDraw = True
197.9174 	EXP 	cue_text: autoDraw = False
198.2162 	INFO 	Keyboard events cleared
198.2160 	EXP 	target: autoDraw = True
198.9676 	EXP 	Device response: <KeyPress from None: t=198.96000940000522, value=right, duration=None>
198.9681 	EXP 	New trial (rep=11, index=6): <Trial 116 (6 in rep 11) data={'cue_arrow': '←', 'target_x': -0.5, 'condition': 'valid', 'corr_Ans': 'left', 'thisN': 116, 'thisTrialN': 6, 'thisRepN': 11}>
198.9731 	DATA 	Keypress: right
198.9819 	EXP 	fixation: autoDraw = False
198.9819 	EXP 	cue_text: autoDraw = False
198.9819 	EXP 	target: autoDraw = False
198.9819 	EXP 	cue_text: height = np.float64(0.1)
198.9819 	EXP 	cue_text: height = np.float64(0.1)
198.9819 	EXP 	cue_text: height = np.float64(0.1)
198.9819 	EXP 	cue_text: text = '←'
198.9819 	EXP 	fixation: autoDraw = True
199.0996 	EXP 	Device response: <KeyPress from None: t=198.96000940000522, value=right, duration=0.12510399999155197>
199.4837 	EXP 	fixation: autoDraw = False
199.4837 	EXP 	cue_text: autoDraw = True
199.7824 	EXP 	cue_text: autoDraw = False
200.0676 	INFO 	Keyboard events cleared
200.0674 	EXP 	target: autoDraw = True
200.5506 	EXP 	Device response: <KeyPress from None: t=200.53452800000377, value=left, duration=None>
200.5509 	EXP 	New trial (rep=11, index=7): <Trial 117 (7 in rep 11) data={'cue_arrow': '→', 'target_x': 0.5, 'condition': 'valid', 'corr_Ans': 'right', 'thisN': 117, 'thisTrialN': 7, 'thisRepN': 11}>
200.5540 	DATA 	Keypress: left
200.5672 	EXP 	fixation: autoDraw = False
200.5672 	EXP 	cue_text: autoDraw = False
200.5672 	EXP 	target: autoDraw = False
200.5672 	EXP 	cue_text: height = np.float64(0.1)
200.5672 	EXP 	cue_text: height = np.float64(0.1)
200.5672 	EXP 	cue_text: height = np.float64(0.1)
200.5672 	EXP 	cue_text: text = '→'
200.5672 	EXP 	fixation: autoDraw = True
200.7007 	EXP 	Device response: <KeyPress from None: t=200.53452800000377, value=left, duration=0.16044439999677707>
201.0503 	EXP 	fixation: autoDraw = False
201.0503 	EXP 	cue_text: autoDraw = True
201.3505 	EXP 	cue_text: autoDraw = False
201.6513 	INFO 	Keyboard events cleared
201.6510 	EXP 	target: autoDraw = True
202.0014 	DATA 	Keypress: right
202.0161 	EXP 	Device response: <KeyPress from None: t=202.00069810000423, value=right, duration=None>
202.0164 	EXP 	New trial (rep=11, index=8): <Trial 118 (8 in rep 11) data={'cue_arrow': '←', 'target_x': -0.5, 'condition': 'valid', 'corr_Ans': 'left', 'thisN': 118, 'thisTrialN': 8, 'thisRepN': 11}>
202.0324 	EXP 	fixation: autoDraw = False
202.0324 	EXP 	cue_text: autoDraw = False
202.0324 	EXP 	target: autoDraw = False
202.0324 	EXP 	cue_text: height = np.float64(0.1)
202.0324 	EXP 	cue_text: height = np.float64(0.1)
202.0324 	EXP 	cue_text: height = np.float64(0.1)
202.0324 	EXP 	cue_text: text = '←'
202.0324 	EXP 	fixation: autoDraw = True
202.1340 	EXP 	Device response: <KeyPress from None: t=202.00069810000423, value=right, duration=0.13003919999755453>
202.5171 	EXP 	fixation: autoDraw = False
202.5171 	EXP 	cue_text: autoDraw = True
202.8167 	EXP 	cue_text: autoDraw = False
203.1158 	INFO 	Keyboard events cleared
203.1156 	EXP 	target: autoDraw = True
203.4675 	EXP 	Device response: <KeyPress from None: t=203.45490110000537, value=left, duration=None>
203.4686 	EXP 	New trial (rep=11, index=9): <Trial 119 (9 in rep 11) data={'cue_arrow': '←', 'target_x': -0.5, 'condition': 'valid', 'corr_Ans': 'left', 'thisN': 119, 'thisTrialN': 9, 'thisRepN': 11}>
203.4699 	DATA 	Keypress: left
203.4823 	EXP 	fixation: autoDraw = False
203.4823 	EXP 	cue_text: autoDraw = False
203.4823 	EXP 	target: autoDraw = False
203.4823 	EXP 	cue_text: text = '←'
203.4823 	EXP 	fixation: autoDraw = True
203.6344 	EXP 	Device response: <KeyPress from None: t=203.45490110000537, value=left, duration=0.1680311999953119>
203.9838 	EXP 	fixation: autoDraw = False
203.9838 	EXP 	cue_text: autoDraw = True
204.2841 	EXP 	cue_text: autoDraw = False
204.5829 	INFO 	Keyboard events cleared
204.5827 	EXP 	target: autoDraw = True
205.3666 	EXP 	Device response: <KeyPress from None: t=205.36500040000828, value=left, duration=None>
205.3670 	EXP 	New trial (rep=12, index=0): <Trial 120 (0 in rep 12) data={'cue_arrow': '←', 'target_x': -0.5, 'condition': 'valid', 'corr_Ans': 'left', 'thisN': 120, 'thisTrialN': 0, 'thisRepN': 12}>
205.3683 	DATA 	Keypress: left
205.3827 	EXP 	fixation: autoDraw = False
205.3827 	EXP 	cue_text: autoDraw = False
205.3827 	EXP 	target: autoDraw = False
205.3827 	EXP 	cue_text: text = '←'
205.3827 	EXP 	fixation: autoDraw = True
205.5832 	EXP 	Device response: <KeyPress from None: t=205.36500040000828, value=left, duration=0.2030930999899283>
205.8671 	EXP 	fixation: autoDraw = False
205.8671 	EXP 	cue_text: autoDraw = True
206.1675 	EXP 	cue_text: autoDraw = False
206.4673 	INFO 	Keyboard events cleared
206.4670 	EXP 	target: autoDraw = True
206.7662 	EXP 	Device response: <KeyPress from None: t=206.762939200009, value=left, duration=None>
206.7667 	EXP 	New trial (rep=12, index=1): <Trial 121 (1 in rep 12) data={'cue_arrow': '→', 'target_x': 0.5, 'condition': 'valid', 'corr_Ans': 'right', 'thisN': 121, 'thisTrialN': 1, 'thisRepN': 12}>
206.7712 	DATA 	Keypress: left
206.7830 	EXP 	fixation: autoDraw = False
206.7830 	EXP 	cue_text: autoDraw = False
206.7830 	EXP 	target: autoDraw = False
206.7830 	EXP 	cue_text: height = np.float64(0.1)
206.7830 	EXP 	cue_text: height = np.float64(0.1)
206.7830 	EXP 	cue_text: height = np.float64(0.1)
206.7830 	EXP 	cue_text: text = '→'
206.7830 	EXP 	fixation: autoDraw = True
206.9338 	EXP 	Device response: <KeyPress from None: t=206.762939200009, value=left, duration=0.16324139999051113>
207.2674 	EXP 	fixation: autoDraw = False
207.2674 	EXP 	cue_text: autoDraw = True
207.5674 	EXP 	cue_text: autoDraw = False
207.8658 	INFO 	Keyboard events cleared
207.8656 	EXP 	target: autoDraw = True
208.1512 	EXP 	Device response: <KeyPress from None: t=208.14170469999954, value=right, duration=None>
208.1517 	EXP 	New trial (rep=12, index=2): <Trial 122 (2 in rep 12) data={'cue_arrow': '←', 'target_x': 0.5, 'condition': 'invalid', 'corr_Ans': 'right', 'thisN': 122, 'thisTrialN': 2, 'thisRepN': 12}>
208.1556 	DATA 	Keypress: right
208.1651 	EXP 	fixation: autoDraw = False
208.1651 	EXP 	cue_text: autoDraw = False
208.1651 	EXP 	target: autoDraw = False
208.1651 	EXP 	cue_text: height = np.float64(0.1)
208.1651 	EXP 	cue_text: height = np.float64(0.1)
208.1651 	EXP 	cue_text: height = np.float64(0.1)
208.1651 	EXP 	cue_text: text = '←'
208.1651 	EXP 	fixation: autoDraw = True
208.2674 	EXP 	Device response: <KeyPress from None: t=208.14170469999954, value=right, duration=0.12463000000570901>
208.6504 	EXP 	fixation: autoDraw = False
208.6504 	EXP 	cue_text: autoDraw = True
208.9507 	EXP 	cue_text: autoDraw = False
209.2508 	INFO 	Keyboard events cleared
209.2506 	EXP 	target: autoDraw = True
210.6669 	EXP 	Device response: <KeyPress from None: t=210.66207150000264, value=right, duration=None>
210.6673 	EXP 	New trial (rep=12, index=3): <Trial 123 (3 in rep 12) data={'cue_arrow': '→', 'target_x': 0.5, 'condition': 'valid', 'corr_Ans': 'right', 'thisN': 123, 'thisTrialN': 3, 'thisRepN': 12}>
210.6703 	DATA 	Keypress: right
210.6825 	EXP 	fixation: autoDraw = False
210.6825 	EXP 	cue_text: autoDraw = False
210.6825 	EXP 	target: autoDraw = False
210.6825 	EXP 	cue_text: height = np.float64(0.1)
210.6825 	EXP 	cue_text: height = np.float64(0.1)
210.6825 	EXP 	cue_text: height = np.float64(0.1)
210.6825 	EXP 	cue_text: text = '→'
210.6825 	EXP 	fixation: autoDraw = True
210.8012 	EXP 	Device response: <KeyPress from None: t=210.66207150000264, value=right, duration=0.13067410000076052>
211.1843 	EXP 	fixation: autoDraw = False
211.1843 	EXP 	cue_text: autoDraw = True
211.4675 	EXP 	cue_text: autoDraw = False
211.7673 	INFO 	Keyboard events cleared
211.7671 	EXP 	target: autoDraw = True
212.1849 	DATA 	Keypress: right
212.2004 	EXP 	Device response: <KeyPress from None: t=212.18353120000393, value=right, duration=None>
212.2008 	EXP 	New trial (rep=12, index=4): <Trial 124 (4 in rep 12) data={'cue_arrow': '←', 'target_x': -0.5, 'condition': 'valid', 'corr_Ans': 'left', 'thisN': 124, 'thisTrialN': 4, 'thisRepN': 12}>
212.2172 	EXP 	fixation: autoDraw = False
212.2172 	EXP 	cue_text: autoDraw = False
212.2172 	EXP 	target: autoDraw = False
212.2172 	EXP 	cue_text: height = np.float64(0.1)
212.2172 	EXP 	cue_text: height = np.float64(0.1)
212.2172 	EXP 	cue_text: height = np.float64(0.1)
212.2172 	EXP 	cue_text: text = '←'
212.2172 	EXP 	fixation: autoDraw = True
212.3500 	EXP 	Device response: <KeyPress from None: t=212.18353120000393, value=right, duration=0.15075899999646936>
212.7182 	EXP 	fixation: autoDraw = False
212.7182 	EXP 	cue_text: autoDraw = True
213.0007 	EXP 	cue_text: autoDraw = False
213.3007 	INFO 	Keyboard events cleared
213.3005 	EXP 	target: autoDraw = True
213.8664 	EXP 	Device response: <KeyPress from None: t=213.8541169000091, value=right, duration=None>
213.8667 	EXP 	New trial (rep=12, index=5): <Trial 125 (5 in rep 12) data={'cue_arrow': '←', 'target_x': -0.5, 'condition': 'valid', 'corr_Ans': 'left', 'thisN': 125, 'thisTrialN': 5, 'thisRepN': 12}>
213.8682 	DATA 	Keypress: right
213.8838 	EXP 	fixation: autoDraw = False
213.8838 	EXP 	cue_text: autoDraw = False
213.8838 	EXP 	target: autoDraw = False
213.8838 	EXP 	cue_text: text = '←'
213.8838 	EXP 	fixation: autoDraw = True
213.9995 	EXP 	Device response: <KeyPress from None: t=213.8541169000091, value=right, duration=0.13062429999990854>
214.3661 	EXP 	fixation: autoDraw = False
214.3661 	EXP 	cue_text: autoDraw = True
214.6662 	EXP 	cue_text: autoDraw = False
214.9677 	INFO 	Keyboard events cleared
214.9675 	EXP 	target: autoDraw = True
217.0339 	EXP 	Device response: <KeyPress from None: t=217.0230475999997, value=left, duration=None>
217.0343 	EXP 	New trial (rep=12, index=6): <Trial 126 (6 in rep 12) data={'cue_arrow': '→', 'target_x': 0.5, 'condition': 'valid', 'corr_Ans': 'right', 'thisN': 126, 'thisTrialN': 6, 'thisRepN': 12}>
217.0377 	DATA 	Keypress: left
217.0510 	EXP 	fixation: autoDraw = False
217.0510 	EXP 	cue_text: autoDraw = False
217.0510 	EXP 	target: autoDraw = False
217.0510 	EXP 	cue_text: height = np.float64(0.1)
217.0510 	EXP 	cue_text: height = np.float64(0.1)
217.0510 	EXP 	cue_text: height = np.float64(0.1)
217.0510 	EXP 	cue_text: text = '→'
217.0510 	EXP 	fixation: autoDraw = True
217.1339 	EXP 	Device response: <KeyPress from None: t=217.0230475999997, value=left, duration=0.10792180000862572>
217.5336 	EXP 	fixation: autoDraw = False
217.5336 	EXP 	cue_text: autoDraw = True
217.8508 	EXP 	cue_text: autoDraw = False
218.1341 	INFO 	Keyboard events cleared
218.1339 	EXP 	target: autoDraw = True
219.0857 	DATA 	Keypress: right
219.1002 	EXP 	Device response: <KeyPress from None: t=219.08475840000028, value=right, duration=None>
219.1006 	EXP 	New trial (rep=12, index=7): <Trial 127 (7 in rep 12) data={'cue_arrow': '→', 'target_x': 0.5, 'condition': 'valid', 'corr_Ans': 'right', 'thisN': 127, 'thisTrialN': 7, 'thisRepN': 12}>
219.1176 	EXP 	fixation: autoDraw = False
219.1176 	EXP 	cue_text: autoDraw = False
219.1176 	EXP 	target: autoDraw = False
219.1176 	EXP 	cue_text: text = '→'
219.1176 	EXP 	fixation: autoDraw = True
219.2341 	EXP 	Device response: <KeyPress from None: t=219.08475840000028, value=right, duration=0.13364100000762846>
219.6007 	EXP 	fixation: autoDraw = False
219.6007 	EXP 	cue_text: autoDraw = True
219.9009 	EXP 	cue_text: autoDraw = False
220.2010 	INFO 	Keyboard events cleared
220.2008 	EXP 	target: autoDraw = True
220.4838 	EXP 	Device response: <KeyPress from None: t=220.4742646000086, value=right, duration=None>
220.4843 	EXP 	New trial (rep=12, index=8): <Trial 128 (8 in rep 12) data={'cue_arrow': '←', 'target_x': -0.5, 'condition': 'valid', 'corr_Ans': 'left', 'thisN': 128, 'thisTrialN': 8, 'thisRepN': 12}>
220.4874 	DATA 	Keypress: right
220.4998 	EXP 	fixation: autoDraw = False
220.4998 	EXP 	cue_text: autoDraw = False
220.4998 	EXP 	target: autoDraw = False
220.4998 	EXP 	cue_text: height = np.float64(0.1)
220.4998 	EXP 	cue_text: height = np.float64(0.1)
220.4998 	EXP 	cue_text: height = np.float64(0.1)
220.4998 	EXP 	cue_text: text = '←'
220.4998 	EXP 	fixation: autoDraw = True
220.6510 	EXP 	Device response: <KeyPress from None: t=220.4742646000086, value=right, duration=0.17360179999377578>
220.9839 	EXP 	fixation: autoDraw = False
220.9839 	EXP 	cue_text: autoDraw = True
221.2846 	EXP 	cue_text: autoDraw = False
221.5848 	INFO 	Keyboard events cleared
221.5847 	EXP 	target: autoDraw = True
222.1500 	EXP 	Device response: <KeyPress from None: t=222.14564450000762, value=left, duration=None>
222.1503 	EXP 	New trial (rep=12, index=9): <Trial 129 (9 in rep 12) data={'cue_arrow': '→', 'target_x': -0.5, 'condition': 'invalid', 'corr_Ans': 'left', 'thisN': 129, 'thisTrialN': 9, 'thisRepN': 12}>
222.1533 	DATA 	Keypress: left
222.1667 	EXP 	fixation: autoDraw = False
222.1667 	EXP 	cue_text: autoDraw = False
222.1667 	EXP 	target: autoDraw = False
222.1667 	EXP 	cue_text: height = np.float64(0.1)
222.1667 	EXP 	cue_text: height = np.float64(0.1)
222.1667 	EXP 	cue_text: height = np.float64(0.1)
222.1667 	EXP 	cue_text: text = '→'
222.1667 	EXP 	fixation: autoDraw = True
222.3010 	EXP 	Device response: <KeyPress from None: t=222.14564450000762, value=left, duration=0.15409470000304282>
222.6509 	EXP 	fixation: autoDraw = False
222.6509 	EXP 	cue_text: autoDraw = True
222.9505 	EXP 	cue_text: autoDraw = False
223.2509 	INFO 	Keyboard events cleared
223.2507 	EXP 	target: autoDraw = True
225.3666 	EXP 	Device response: <KeyPress from None: t=225.35335119999945, value=left, duration=None>
225.3669 	EXP 	New trial (rep=13, index=0): <Trial 130 (0 in rep 13) data={'cue_arrow': '←', 'target_x': -0.5, 'condition': 'valid', 'corr_Ans': 'left', 'thisN': 130, 'thisTrialN': 0, 'thisRepN': 13}>
225.3700 	DATA 	Keypress: left
225.3835 	EXP 	fixation: autoDraw = False
225.3835 	EXP 	cue_text: autoDraw = False
225.3835 	EXP 	target: autoDraw = False
225.3835 	EXP 	cue_text: height = np.float64(0.1)
225.3835 	EXP 	cue_text: height = np.float64(0.1)
225.3835 	EXP 	cue_text: height = np.float64(0.1)
225.3835 	EXP 	cue_text: text = '←'
225.3835 	EXP 	fixation: autoDraw = True
225.4842 	EXP 	Device response: <KeyPress from None: t=225.35335119999945, value=left, duration=0.12833880000107456>
225.8679 	EXP 	fixation: autoDraw = False
225.8679 	EXP 	cue_text: autoDraw = True
226.1675 	EXP 	cue_text: autoDraw = False
226.4663 	INFO 	Keyboard events cleared
226.4661 	EXP 	target: autoDraw = True
227.0166 	EXP 	Device response: <KeyPress from None: t=227.0026829999988, value=left, duration=None>
227.0171 	EXP 	New trial (rep=13, index=1): <Trial 131 (1 in rep 13) data={'cue_arrow': '→', 'target_x': 0.5, 'condition': 'valid', 'corr_Ans': 'right', 'thisN': 131, 'thisTrialN': 1, 'thisRepN': 13}>
227.0217 	DATA 	Keypress: left
227.0339 	EXP 	fixation: autoDraw = False
227.0339 	EXP 	cue_text: autoDraw = False
227.0339 	EXP 	target: autoDraw = False
227.0339 	EXP 	cue_text: height = np.float64(0.1)
227.0339 	EXP 	cue_text: height = np.float64(0.1)
227.0339 	EXP 	cue_text: height = np.float64(0.1)
227.0339 	EXP 	cue_text: text = '→'
227.0339 	EXP 	fixation: autoDraw = True
227.1500 	EXP 	Device response: <KeyPress from None: t=227.0026829999988, value=left, duration=0.13178480000351556>
227.5178 	EXP 	fixation: autoDraw = False
227.5178 	EXP 	cue_text: autoDraw = True
227.8164 	EXP 	cue_text: autoDraw = False
228.1182 	INFO 	Keyboard events cleared
228.1180 	EXP 	target: autoDraw = True
228.6002 	EXP 	Device response: <KeyPress from None: t=228.5898040000029, value=right, duration=None>
228.6006 	EXP 	New trial (rep=13, index=2): <Trial 132 (2 in rep 13) data={'cue_arrow': '←', 'target_x': -0.5, 'condition': 'valid', 'corr_Ans': 'left', 'thisN': 132, 'thisTrialN': 2, 'thisRepN': 13}>
228.6038 	DATA 	Keypress: right
228.6179 	EXP 	fixation: autoDraw = False
228.6179 	EXP 	cue_text: autoDraw = False
228.6179 	EXP 	target: autoDraw = False
228.6179 	EXP 	cue_text: height = np.float64(0.1)
228.6179 	EXP 	cue_text: height = np.float64(0.1)
228.6179 	EXP 	cue_text: height = np.float64(0.1)
228.6179 	EXP 	cue_text: text = '←'
228.6179 	EXP 	fixation: autoDraw = True
228.7171 	EXP 	Device response: <KeyPress from None: t=228.5898040000029, value=right, duration=0.12165109999477863>
229.1011 	EXP 	fixation: autoDraw = False
229.1011 	EXP 	cue_text: autoDraw = True
229.4011 	EXP 	cue_text: autoDraw = False
229.7013 	INFO 	Keyboard events cleared
229.7011 	EXP 	target: autoDraw = True
230.0509 	EXP 	Device response: <KeyPress from None: t=230.04896140001074, value=left, duration=None>
230.0512 	EXP 	New trial (rep=13, index=3): <Trial 133 (3 in rep 13) data={'cue_arrow': '←', 'target_x': -0.5, 'condition': 'valid', 'corr_Ans': 'left', 'thisN': 133, 'thisTrialN': 3, 'thisRepN': 13}>
230.0524 	DATA 	Keypress: left
230.0666 	EXP 	fixation: autoDraw = False
230.0666 	EXP 	cue_text: autoDraw = False
230.0666 	EXP 	target: autoDraw = False
230.0666 	EXP 	cue_text: text = '←'
230.0666 	EXP 	fixation: autoDraw = True
230.2016 	EXP 	Device response: <KeyPress from None: t=230.04896140001074, value=left, duration=0.1417679999867687>
230.5512 	EXP 	fixation: autoDraw = False
230.5512 	EXP 	cue_text: autoDraw = True
230.8679 	EXP 	cue_text: autoDraw = False
231.1681 	INFO 	Keyboard events cleared
231.1679 	EXP 	target: autoDraw = True
231.7004 	EXP 	Device response: <KeyPress from None: t=231.68690060000517, value=left, duration=None>
231.7009 	EXP 	New trial (rep=13, index=4): <Trial 134 (4 in rep 13) data={'cue_arrow': '←', 'target_x': 0.5, 'condition': 'invalid', 'corr_Ans': 'right', 'thisN': 134, 'thisTrialN': 4, 'thisRepN': 13}>
231.7021 	DATA 	Keypress: left
231.7162 	EXP 	fixation: autoDraw = False
231.7162 	EXP 	cue_text: autoDraw = False
231.7162 	EXP 	target: autoDraw = False
231.7162 	EXP 	cue_text: text = '←'
231.7162 	EXP 	fixation: autoDraw = True
231.8340 	EXP 	Device response: <KeyPress from None: t=231.68690060000517, value=left, duration=0.13564160000532866>
232.1999 	EXP 	fixation: autoDraw = False
232.1999 	EXP 	cue_text: autoDraw = True
232.5009 	EXP 	cue_text: autoDraw = False
232.8011 	INFO 	Keyboard events cleared
232.8009 	EXP 	target: autoDraw = True
233.6332 	EXP 	Device response: <KeyPress from None: t=233.6314229999989, value=right, duration=None>
233.6335 	EXP 	New trial (rep=13, index=5): <Trial 135 (5 in rep 13) data={'cue_arrow': '→', 'target_x': 0.5, 'condition': 'valid', 'corr_Ans': 'right', 'thisN': 135, 'thisTrialN': 5, 'thisRepN': 13}>
233.6366 	DATA 	Keypress: right
233.6493 	EXP 	fixation: autoDraw = False
233.6493 	EXP 	cue_text: autoDraw = False
233.6493 	EXP 	target: autoDraw = False
233.6493 	EXP 	cue_text: height = np.float64(0.1)
233.6493 	EXP 	cue_text: height = np.float64(0.1)
233.6493 	EXP 	cue_text: height = np.float64(0.1)
233.6493 	EXP 	cue_text: text = '→'
233.6493 	EXP 	fixation: autoDraw = True
233.7507 	EXP 	Device response: <KeyPress from None: t=233.6314229999989, value=right, duration=0.11507080000592396>
234.1340 	EXP 	fixation: autoDraw = False
234.1340 	EXP 	cue_text: autoDraw = True
234.4343 	EXP 	cue_text: autoDraw = False
234.7349 	INFO 	Keyboard events cleared
234.7347 	EXP 	target: autoDraw = True
235.5002 	EXP 	Device response: <KeyPress from None: t=235.49573120000423, value=right, duration=None>
235.5006 	EXP 	New trial (rep=13, index=6): <Trial 136 (6 in rep 13) data={'cue_arrow': '←', 'target_x': -0.5, 'condition': 'valid', 'corr_Ans': 'left', 'thisN': 136, 'thisTrialN': 6, 'thisRepN': 13}>
235.5038 	DATA 	Keypress: right
235.5168 	EXP 	fixation: autoDraw = False
235.5168 	EXP 	cue_text: autoDraw = False
235.5168 	EXP 	target: autoDraw = False
235.5168 	EXP 	cue_text: height = np.float64(0.1)
235.5168 	EXP 	cue_text: height = np.float64(0.1)
235.5168 	EXP 	cue_text: height = np.float64(0.1)
235.5168 	EXP 	cue_text: text = '←'
235.5168 	EXP 	fixation: autoDraw = True
235.7013 	EXP 	Device response: <KeyPress from None: t=235.49573120000423, value=right, duration=0.19093389999761712>
236.0002 	EXP 	fixation: autoDraw = False
236.0002 	EXP 	cue_text: autoDraw = True
236.3012 	EXP 	cue_text: autoDraw = False
236.6001 	INFO 	Keyboard events cleared
236.5999 	EXP 	target: autoDraw = True
237.5007 	EXP 	Device response: <KeyPress from None: t=237.49467169999843, value=left, duration=None>
237.5011 	EXP 	New trial (rep=13, index=7): <Trial 137 (7 in rep 13) data={'cue_arrow': '→', 'target_x': 0.5, 'condition': 'valid', 'corr_Ans': 'right', 'thisN': 137, 'thisTrialN': 7, 'thisRepN': 13}>
237.5043 	DATA 	Keypress: left
237.5179 	EXP 	fixation: autoDraw = False
237.5179 	EXP 	cue_text: autoDraw = False
237.5179 	EXP 	target: autoDraw = False
237.5179 	EXP 	cue_text: height = np.float64(0.1)
237.5179 	EXP 	cue_text: height = np.float64(0.1)
237.5179 	EXP 	cue_text: height = np.float64(0.1)
237.5179 	EXP 	cue_text: text = '→'
237.5179 	EXP 	fixation: autoDraw = True
237.6503 	EXP 	Device response: <KeyPress from None: t=237.49467169999843, value=left, duration=0.1397921000025235>
238.0013 	EXP 	fixation: autoDraw = False
238.0013 	EXP 	cue_text: autoDraw = True
238.3014 	EXP 	cue_text: autoDraw = False
238.6017 	INFO 	Keyboard events cleared
238.6015 	EXP 	target: autoDraw = True
239.0003 	EXP 	Device response: <KeyPress from None: t=238.99102460000722, value=right, duration=None>
239.0007 	EXP 	New trial (rep=13, index=8): <Trial 138 (8 in rep 13) data={'cue_arrow': '→', 'target_x': -0.5, 'condition': 'invalid', 'corr_Ans': 'left', 'thisN': 138, 'thisTrialN': 8, 'thisRepN': 13}>
239.0020 	DATA 	Keypress: right
239.0163 	EXP 	fixation: autoDraw = False
239.0163 	EXP 	cue_text: autoDraw = False
239.0163 	EXP 	target: autoDraw = False
239.0163 	EXP 	cue_text: text = '→'
239.0163 	EXP 	fixation: autoDraw = True
239.1514 	EXP 	Device response: <KeyPress from None: t=238.99102460000722, value=right, duration=0.1511117999907583>
239.5016 	EXP 	fixation: autoDraw = False
239.5016 	EXP 	cue_text: autoDraw = True
239.8014 	EXP 	cue_text: autoDraw = False
240.1004 	INFO 	Keyboard events cleared
240.1002 	EXP 	target: autoDraw = True
241.3678 	EXP 	Device response: <KeyPress from None: t=241.36474210000597, value=left, duration=None>
241.3682 	EXP 	New trial (rep=13, index=9): <Trial 139 (9 in rep 13) data={'cue_arrow': '→', 'target_x': 0.5, 'condition': 'valid', 'corr_Ans': 'right', 'thisN': 139, 'thisTrialN': 9, 'thisRepN': 13}>
241.3696 	DATA 	Keypress: left
241.3833 	EXP 	fixation: autoDraw = False
241.3833 	EXP 	cue_text: autoDraw = False
241.3833 	EXP 	target: autoDraw = False
241.3833 	EXP 	cue_text: text = '→'
241.3833 	EXP 	fixation: autoDraw = True
241.5173 	EXP 	Device response: <KeyPress from None: t=241.36474210000597, value=left, duration=0.15019349999784026>
241.8846 	EXP 	fixation: autoDraw = False
241.8846 	EXP 	cue_text: autoDraw = True
242.1682 	EXP 	cue_text: autoDraw = False
242.4672 	INFO 	Keyboard events cleared
242.4670 	EXP 	target: autoDraw = True
242.7180 	EXP 	Device response: <KeyPress from None: t=242.70985830000427, value=right, duration=None>
242.7184 	EXP 	New trial (rep=14, index=0): <Trial 140 (0 in rep 14) data={'cue_arrow': '←', 'target_x': -0.5, 'condition': 'valid', 'corr_Ans': 'left', 'thisN': 140, 'thisTrialN': 0, 'thisRepN': 14}>
242.7230 	DATA 	Keypress: right
242.7320 	EXP 	fixation: autoDraw = False
242.7320 	EXP 	cue_text: autoDraw = False
242.7320 	EXP 	target: autoDraw = False
242.7320 	EXP 	cue_text: height = np.float64(0.1)
242.7320 	EXP 	cue_text: height = np.float64(0.1)
242.7320 	EXP 	cue_text: height = np.float64(0.1)
242.7320 	EXP 	cue_text: text = '←'
242.7320 	EXP 	fixation: autoDraw = True
242.8676 	EXP 	Device response: <KeyPress from None: t=242.70985830000427, value=right, duration=0.14882639999268577>
243.2182 	EXP 	fixation: autoDraw = False
243.2182 	EXP 	cue_text: autoDraw = True
243.5178 	EXP 	cue_text: autoDraw = False
243.8167 	INFO 	Keyboard events cleared
243.8165 	EXP 	target: autoDraw = True
244.1508 	DATA 	Keypress: left
244.1672 	EXP 	Device response: <KeyPress from None: t=244.1495389000047, value=left, duration=None>
244.1677 	EXP 	New trial (rep=14, index=1): <Trial 141 (1 in rep 14) data={'cue_arrow': '→', 'target_x': 0.5, 'condition': 'valid', 'corr_Ans': 'right', 'thisN': 141, 'thisTrialN': 1, 'thisRepN': 14}>
244.1842 	EXP 	fixation: autoDraw = False
244.1842 	EXP 	cue_text: autoDraw = False
244.1842 	EXP 	target: autoDraw = False
244.1842 	EXP 	cue_text: height = np.float64(0.1)
244.1842 	EXP 	cue_text: height = np.float64(0.1)
244.1842 	EXP 	cue_text: height = np.float64(0.1)
244.1842 	EXP 	cue_text: text = '→'
244.1842 	EXP 	fixation: autoDraw = True
244.3014 	EXP 	Device response: <KeyPress from None: t=244.1495389000047, value=left, duration=0.14321300000301562>
244.6680 	EXP 	fixation: autoDraw = False
244.6680 	EXP 	cue_text: autoDraw = True
244.9676 	EXP 	cue_text: autoDraw = False
245.2680 	INFO 	Keyboard events cleared
245.2678 	EXP 	target: autoDraw = True
246.0513 	EXP 	Device response: <KeyPress from None: t=246.0373011000047, value=right, duration=None>
246.0518 	EXP 	New trial (rep=14, index=2): <Trial 142 (2 in rep 14) data={'cue_arrow': '←', 'target_x': -0.5, 'condition': 'valid', 'corr_Ans': 'left', 'thisN': 142, 'thisTrialN': 2, 'thisRepN': 14}>
246.0552 	DATA 	Keypress: right
246.0688 	EXP 	fixation: autoDraw = False
246.0688 	EXP 	cue_text: autoDraw = False
246.0688 	EXP 	target: autoDraw = False
246.0688 	EXP 	cue_text: height = np.float64(0.1)
246.0688 	EXP 	cue_text: height = np.float64(0.1)
246.0688 	EXP 	cue_text: height = np.float64(0.1)
246.0688 	EXP 	cue_text: text = '←'
246.0688 	EXP 	fixation: autoDraw = True
246.1846 	EXP 	Device response: <KeyPress from None: t=246.0373011000047, value=right, duration=0.1403171999991173>
246.5514 	EXP 	fixation: autoDraw = False
246.5514 	EXP 	cue_text: autoDraw = True
246.8496 	EXP 	cue_text: autoDraw = False
247.1518 	INFO 	Keyboard events cleared
247.1515 	EXP 	target: autoDraw = True
247.5011 	EXP 	Device response: <KeyPress from None: t=247.4879374000011, value=left, duration=None>
247.5016 	EXP 	New trial (rep=14, index=3): <Trial 143 (3 in rep 14) data={'cue_arrow': '→', 'target_x': 0.5, 'condition': 'valid', 'corr_Ans': 'right', 'thisN': 143, 'thisTrialN': 3, 'thisRepN': 14}>
247.5047 	DATA 	Keypress: left
247.5182 	EXP 	fixation: autoDraw = False
247.5182 	EXP 	cue_text: autoDraw = False
247.5182 	EXP 	target: autoDraw = False
247.5182 	EXP 	cue_text: height = np.float64(0.1)
247.5182 	EXP 	cue_text: height = np.float64(0.1)
247.5182 	EXP 	cue_text: height = np.float64(0.1)
247.5182 	EXP 	cue_text: text = '→'
247.5182 	EXP 	fixation: autoDraw = True
247.6337 	EXP 	Device response: <KeyPress from None: t=247.4879374000011, value=left, duration=0.12957420000748243>
248.0181 	EXP 	fixation: autoDraw = False
248.0181 	EXP 	cue_text: autoDraw = True
248.3016 	EXP 	cue_text: autoDraw = False
248.6018 	INFO 	Keyboard events cleared
248.6016 	EXP 	target: autoDraw = True
249.1678 	EXP 	Device response: <KeyPress from None: t=249.1625936000055, value=right, duration=None>
249.1682 	EXP 	New trial (rep=14, index=4): <Trial 144 (4 in rep 14) data={'cue_arrow': '→', 'target_x': 0.5, 'condition': 'valid', 'corr_Ans': 'right', 'thisN': 144, 'thisTrialN': 4, 'thisRepN': 14}>
249.1695 	DATA 	Keypress: right
249.1831 	EXP 	fixation: autoDraw = False
249.1831 	EXP 	cue_text: autoDraw = False
249.1831 	EXP 	target: autoDraw = False
249.1831 	EXP 	cue_text: text = '→'
249.1831 	EXP 	fixation: autoDraw = True
249.2835 	EXP 	Device response: <KeyPress from None: t=249.1625936000055, value=right, duration=0.11882659999537282>
249.6682 	EXP 	fixation: autoDraw = False
249.6682 	EXP 	cue_text: autoDraw = True
249.9667 	EXP 	cue_text: autoDraw = False
250.2685 	INFO 	Keyboard events cleared
250.2683 	EXP 	target: autoDraw = True
251.1013 	EXP 	Device response: <KeyPress from None: t=251.09690370000317, value=right, duration=None>
251.1018 	EXP 	New trial (rep=14, index=5): <Trial 145 (5 in rep 14) data={'cue_arrow': '→', 'target_x': 0.5, 'condition': 'valid', 'corr_Ans': 'right', 'thisN': 145, 'thisTrialN': 5, 'thisRepN': 14}>
251.1035 	DATA 	Keypress: right
251.1166 	EXP 	fixation: autoDraw = False
251.1166 	EXP 	cue_text: autoDraw = False
251.1166 	EXP 	target: autoDraw = False
251.1166 	EXP 	cue_text: text = '→'
251.1166 	EXP 	fixation: autoDraw = True
251.2340 	EXP 	Device response: <KeyPress from None: t=251.09690370000317, value=right, duration=0.12877920000755694>
251.6178 	EXP 	fixation: autoDraw = False
251.6178 	EXP 	cue_text: autoDraw = True
251.9010 	EXP 	cue_text: autoDraw = False
252.2014 	INFO 	Keyboard events cleared
252.2012 	EXP 	target: autoDraw = True
252.6173 	EXP 	Device response: <KeyPress from None: t=252.6071285000071, value=right, duration=None>
252.6177 	EXP 	New trial (rep=14, index=6): <Trial 146 (6 in rep 14) data={'cue_arrow': '←', 'target_x': -0.5, 'condition': 'valid', 'corr_Ans': 'left', 'thisN': 146, 'thisTrialN': 6, 'thisRepN': 14}>
252.6214 	DATA 	Keypress: right
252.6331 	EXP 	fixation: autoDraw = False
252.6331 	EXP 	cue_text: autoDraw = False
252.6331 	EXP 	target: autoDraw = False
252.6331 	EXP 	cue_text: height = np.float64(0.1)
252.6331 	EXP 	cue_text: height = np.float64(0.1)
252.6331 	EXP 	cue_text: height = np.float64(0.1)
252.6331 	EXP 	cue_text: text = '←'
252.6331 	EXP 	fixation: autoDraw = True
252.8012 	EXP 	Device response: <KeyPress from None: t=252.6071285000071, value=right, duration=0.18172619999677408>
253.1182 	EXP 	fixation: autoDraw = False
253.1182 	EXP 	cue_text: autoDraw = True
253.4182 	EXP 	cue_text: autoDraw = False
253.7186 	INFO 	Keyboard events cleared
253.7183 	EXP 	target: autoDraw = True
254.0505 	EXP 	Device response: <KeyPress from None: t=254.04520230001071, value=left, duration=None>
254.0508 	EXP 	New trial (rep=14, index=7): <Trial 147 (7 in rep 14) data={'cue_arrow': '←', 'target_x': 0.5, 'condition': 'invalid', 'corr_Ans': 'right', 'thisN': 147, 'thisTrialN': 7, 'thisRepN': 14}>
254.0520 	DATA 	Keypress: left
254.0664 	EXP 	fixation: autoDraw = False
254.0664 	EXP 	cue_text: autoDraw = False
254.0664 	EXP 	target: autoDraw = False
254.0664 	EXP 	cue_text: text = '←'
254.0664 	EXP 	fixation: autoDraw = True
254.2347 	EXP 	Device response: <KeyPress from None: t=254.04520230001071, value=left, duration=0.17975869998917915>
254.5502 	EXP 	fixation: autoDraw = False
254.5502 	EXP 	cue_text: autoDraw = True
254.8514 	EXP 	cue_text: autoDraw = False
255.1522 	INFO 	Keyboard events cleared
255.1520 	EXP 	target: autoDraw = True
256.2183 	EXP 	Device response: <KeyPress from None: t=256.21083370000997, value=right, duration=None>
256.2188 	EXP 	New trial (rep=14, index=8): <Trial 148 (8 in rep 14) data={'cue_arrow': '←', 'target_x': -0.5, 'condition': 'valid', 'corr_Ans': 'left', 'thisN': 148, 'thisTrialN': 8, 'thisRepN': 14}>
256.2201 	DATA 	Keypress: right
256.2334 	EXP 	fixation: autoDraw = False
256.2334 	EXP 	cue_text: autoDraw = False
256.2334 	EXP 	target: autoDraw = False
256.2334 	EXP 	cue_text: text = '←'
256.2334 	EXP 	fixation: autoDraw = True
256.3341 	EXP 	Device response: <KeyPress from None: t=256.21083370000997, value=right, duration=0.11267819999193307>
256.7182 	EXP 	fixation: autoDraw = False
256.7182 	EXP 	cue_text: autoDraw = True
257.0183 	EXP 	cue_text: autoDraw = False
257.3182 	INFO 	Keyboard events cleared
257.3180 	EXP 	target: autoDraw = True
257.6685 	EXP 	Device response: <KeyPress from None: t=257.65410970000084, value=left, duration=None>
257.6689 	EXP 	New trial (rep=14, index=9): <Trial 149 (9 in rep 14) data={'cue_arrow': '→', 'target_x': -0.5, 'condition': 'invalid', 'corr_Ans': 'left', 'thisN': 149, 'thisTrialN': 9, 'thisRepN': 14}>
257.6725 	DATA 	Keypress: left
257.6844 	EXP 	fixation: autoDraw = False
257.6844 	EXP 	cue_text: autoDraw = False
257.6844 	EXP 	target: autoDraw = False
257.6844 	EXP 	cue_text: height = np.float64(0.1)
257.6844 	EXP 	cue_text: height = np.float64(0.1)
257.6844 	EXP 	cue_text: height = np.float64(0.1)
257.6844 	EXP 	cue_text: text = '→'
257.6844 	EXP 	fixation: autoDraw = True
257.7845 	EXP 	Device response: <KeyPress from None: t=257.65410970000084, value=left, duration=0.12562330000218935>
258.1679 	EXP 	fixation: autoDraw = False
258.1679 	EXP 	cue_text: autoDraw = True
258.4681 	EXP 	cue_text: autoDraw = False
258.7686 	INFO 	Keyboard events cleared
258.7684 	EXP 	target: autoDraw = True
260.2013 	EXP 	Device response: <KeyPress from None: t=260.1991762000107, value=left, duration=None>
260.2019 	EXP 	New trial (rep=15, index=0): <Trial 150 (0 in rep 15) data={'cue_arrow': '←', 'target_x': -0.5, 'condition': 'valid', 'corr_Ans': 'left', 'thisN': 150, 'thisTrialN': 0, 'thisRepN': 15}>
260.2050 	DATA 	Keypress: left
260.2169 	EXP 	fixation: autoDraw = False
260.2169 	EXP 	cue_text: autoDraw = False
260.2169 	EXP 	target: autoDraw = False
260.2169 	EXP 	cue_text: height = np.float64(0.1)
260.2169 	EXP 	cue_text: height = np.float64(0.1)
260.2169 	EXP 	cue_text: height = np.float64(0.1)
260.2169 	EXP 	cue_text: text = '←'
260.2169 	EXP 	fixation: autoDraw = True
260.3518 	EXP 	Device response: <KeyPress from None: t=260.1991762000107, value=left, duration=0.15021589999378193>
260.7184 	EXP 	fixation: autoDraw = False
260.7184 	EXP 	cue_text: autoDraw = True
261.0016 	EXP 	cue_text: autoDraw = False
261.3020 	INFO 	Keyboard events cleared
261.3018 	EXP 	target: autoDraw = True
261.5675 	EXP 	Device response: <KeyPress from None: t=261.5616658000072, value=left, duration=None>
261.5680 	EXP 	New trial (rep=15, index=1): <Trial 151 (1 in rep 15) data={'cue_arrow': '→', 'target_x': -0.5, 'condition': 'invalid', 'corr_Ans': 'left', 'thisN': 151, 'thisTrialN': 1, 'thisRepN': 15}>
261.5718 	DATA 	Keypress: left
261.5840 	EXP 	fixation: autoDraw = False
261.5840 	EXP 	cue_text: autoDraw = False
261.5840 	EXP 	target: autoDraw = False
261.5840 	EXP 	cue_text: height = np.float64(0.1)
261.5840 	EXP 	cue_text: height = np.float64(0.1)
261.5840 	EXP 	cue_text: height = np.float64(0.1)
261.5840 	EXP 	cue_text: text = '→'
261.5840 	EXP 	fixation: autoDraw = True
261.7509 	EXP 	Device response: <KeyPress from None: t=261.5616658000072, value=left, duration=0.1821056999906432>
262.0682 	EXP 	fixation: autoDraw = False
262.0682 	EXP 	cue_text: autoDraw = True
262.3684 	EXP 	cue_text: autoDraw = False
262.6670 	INFO 	Keyboard events cleared
262.6668 	EXP 	target: autoDraw = True
264.4684 	EXP 	Device response: <KeyPress from None: t=264.45965750000323, value=left, duration=None>
264.4688 	EXP 	New trial (rep=15, index=2): <Trial 152 (2 in rep 15) data={'cue_arrow': '→', 'target_x': 0.5, 'condition': 'valid', 'corr_Ans': 'right', 'thisN': 152, 'thisTrialN': 2, 'thisRepN': 15}>
264.4701 	DATA 	Keypress: left
264.4838 	EXP 	fixation: autoDraw = False
264.4838 	EXP 	cue_text: autoDraw = False
264.4838 	EXP 	target: autoDraw = False
264.4838 	EXP 	cue_text: text = '→'
264.4838 	EXP 	fixation: autoDraw = True
264.6341 	EXP 	Device response: <KeyPress from None: t=264.45965750000323, value=left, duration=0.1729704000026686>
264.9685 	EXP 	fixation: autoDraw = False
264.9685 	EXP 	cue_text: autoDraw = True
265.2685 	EXP 	cue_text: autoDraw = False
265.5682 	INFO 	Keyboard events cleared
265.5680 	EXP 	target: autoDraw = True
265.9340 	EXP 	Device response: <KeyPress from None: t=265.931176099999, value=right, duration=None>
265.9345 	EXP 	New trial (rep=15, index=3): <Trial 153 (3 in rep 15) data={'cue_arrow': '←', 'target_x': -0.5, 'condition': 'valid', 'corr_Ans': 'left', 'thisN': 153, 'thisTrialN': 3, 'thisRepN': 15}>
265.9385 	DATA 	Keypress: right
265.9502 	EXP 	fixation: autoDraw = False
265.9502 	EXP 	cue_text: autoDraw = False
265.9502 	EXP 	target: autoDraw = False
265.9502 	EXP 	cue_text: height = np.float64(0.1)
265.9502 	EXP 	cue_text: height = np.float64(0.1)
265.9502 	EXP 	cue_text: height = np.float64(0.1)
265.9502 	EXP 	cue_text: text = '←'
265.9502 	EXP 	fixation: autoDraw = True
266.0842 	EXP 	Device response: <KeyPress from None: t=265.931176099999, value=right, duration=0.1428269000025466>
266.4349 	EXP 	fixation: autoDraw = False
266.4349 	EXP 	cue_text: autoDraw = True
266.7351 	EXP 	cue_text: autoDraw = False
267.0336 	INFO 	Keyboard events cleared
267.0334 	EXP 	target: autoDraw = True
267.6516 	EXP 	Device response: <KeyPress from None: t=267.64820340000733, value=left, duration=None>
267.6519 	EXP 	New trial (rep=15, index=4): <Trial 154 (4 in rep 15) data={'cue_arrow': '←', 'target_x': -0.5, 'condition': 'valid', 'corr_Ans': 'left', 'thisN': 154, 'thisTrialN': 4, 'thisRepN': 15}>
267.6534 	DATA 	Keypress: left
267.6668 	EXP 	fixation: autoDraw = False
267.6668 	EXP 	cue_text: autoDraw = False
267.6668 	EXP 	target: autoDraw = False
267.6668 	EXP 	cue_text: text = '←'
267.6668 	EXP 	fixation: autoDraw = True
267.8175 	EXP 	Device response: <KeyPress from None: t=267.64820340000733, value=left, duration=0.1584419999999227>
268.1506 	EXP 	fixation: autoDraw = False
268.1506 	EXP 	cue_text: autoDraw = True
268.4681 	EXP 	cue_text: autoDraw = False
268.7513 	INFO 	Keyboard events cleared
268.7512 	EXP 	target: autoDraw = True
269.3855 	EXP 	Device response: <KeyPress from None: t=269.3831516000064, value=left, duration=None>
269.3859 	EXP 	New trial (rep=15, index=5): <Trial 155 (5 in rep 15) data={'cue_arrow': '→', 'target_x': 0.5, 'condition': 'valid', 'corr_Ans': 'right', 'thisN': 155, 'thisTrialN': 5, 'thisRepN': 15}>
269.3890 	DATA 	Keypress: left
269.4008 	EXP 	fixation: autoDraw = False
269.4008 	EXP 	cue_text: autoDraw = False
269.4008 	EXP 	target: autoDraw = False
269.4008 	EXP 	cue_text: height = np.float64(0.1)
269.4008 	EXP 	cue_text: height = np.float64(0.1)
269.4008 	EXP 	cue_text: height = np.float64(0.1)
269.4008 	EXP 	cue_text: text = '→'
269.4008 	EXP 	fixation: autoDraw = True
269.6008 	EXP 	Device response: <KeyPress from None: t=269.3831516000064, value=left, duration=0.20443149999482557>
269.8849 	EXP 	fixation: autoDraw = False
269.8849 	EXP 	cue_text: autoDraw = True
270.1848 	EXP 	cue_text: autoDraw = False
270.5017 	INFO 	Keyboard events cleared
270.5015 	EXP 	target: autoDraw = True
271.1015 	EXP 	Device response: <KeyPress from None: t=271.1007263000065, value=right, duration=None>
271.1018 	EXP 	New trial (rep=15, index=6): <Trial 156 (6 in rep 15) data={'cue_arrow': '←', 'target_x': -0.5, 'condition': 'valid', 'corr_Ans': 'left', 'thisN': 156, 'thisTrialN': 6, 'thisRepN': 15}>
271.1056 	DATA 	Keypress: right
271.1172 	EXP 	fixation: autoDraw = False
271.1172 	EXP 	cue_text: autoDraw = False
271.1172 	EXP 	target: autoDraw = False
271.1172 	EXP 	cue_text: height = np.float64(0.1)
271.1172 	EXP 	cue_text: height = np.float64(0.1)
271.1172 	EXP 	cue_text: height = np.float64(0.1)
271.1172 	EXP 	cue_text: text = '←'
271.1172 	EXP 	fixation: autoDraw = True
271.2355 	EXP 	Device response: <KeyPress from None: t=271.1007263000065, value=right, duration=0.1322022999956971>
271.6182 	EXP 	fixation: autoDraw = False
271.6182 	EXP 	cue_text: autoDraw = True
271.9185 	EXP 	cue_text: autoDraw = False
272.2015 	INFO 	Keyboard events cleared
272.2012 	EXP 	target: autoDraw = True
272.6860 	EXP 	Device response: <KeyPress from None: t=272.67621620000864, value=left, duration=None>
272.6865 	EXP 	New trial (rep=15, index=7): <Trial 157 (7 in rep 15) data={'cue_arrow': '→', 'target_x': 0.5, 'condition': 'valid', 'corr_Ans': 'right', 'thisN': 157, 'thisTrialN': 7, 'thisRepN': 15}>
272.6900 	DATA 	Keypress: left
272.6992 	EXP 	fixation: autoDraw = False
272.6992 	EXP 	cue_text: autoDraw = False
272.6992 	EXP 	target: autoDraw = False
272.6992 	EXP 	cue_text: height = np.float64(0.1)
272.6992 	EXP 	cue_text: height = np.float64(0.1)
272.6992 	EXP 	cue_text: height = np.float64(0.1)
272.6992 	EXP 	cue_text: text = '→'
272.6992 	EXP 	fixation: autoDraw = True
272.8514 	EXP 	Device response: <KeyPress from None: t=272.67621620000864, value=left, duration=0.16948519999277778>
273.2019 	EXP 	fixation: autoDraw = False
273.2019 	EXP 	cue_text: autoDraw = True
273.5014 	EXP 	cue_text: autoDraw = False
273.7851 	INFO 	Keyboard events cleared
273.7849 	EXP 	target: autoDraw = True
274.1534 	DATA 	Keypress: right
274.1677 	EXP 	Device response: <KeyPress from None: t=274.1528183000046, value=right, duration=None>
274.1681 	EXP 	New trial (rep=15, index=8): <Trial 158 (8 in rep 15) data={'cue_arrow': '←', 'target_x': 0.5, 'condition': 'invalid', 'corr_Ans': 'right', 'thisN': 158, 'thisTrialN': 8, 'thisRepN': 15}>
274.1833 	EXP 	fixation: autoDraw = False
274.1833 	EXP 	cue_text: autoDraw = False
274.1833 	EXP 	target: autoDraw = False
274.1833 	EXP 	cue_text: height = np.float64(0.1)
274.1833 	EXP 	cue_text: height = np.float64(0.1)
274.1833 	EXP 	cue_text: height = np.float64(0.1)
274.1833 	EXP 	cue_text: text = '←'
274.1833 	EXP 	fixation: autoDraw = True
274.3507 	EXP 	Device response: <KeyPress from None: t=274.1528183000046, value=right, duration=0.18221250000351574>
274.6685 	EXP 	fixation: autoDraw = False
274.6685 	EXP 	cue_text: autoDraw = True
274.9675 	EXP 	cue_text: autoDraw = False
275.2689 	INFO 	Keyboard events cleared
275.2686 	EXP 	target: autoDraw = True
276.4678 	EXP 	Device response: <KeyPress from None: t=276.45376980000583, value=right, duration=None>
276.4682 	EXP 	New trial (rep=15, index=9): <Trial 159 (9 in rep 15) data={'cue_arrow': '→', 'target_x': 0.5, 'condition': 'valid', 'corr_Ans': 'right', 'thisN': 159, 'thisTrialN': 9, 'thisRepN': 15}>
276.4714 	DATA 	Keypress: right
276.4850 	EXP 	fixation: autoDraw = False
276.4850 	EXP 	cue_text: autoDraw = False
276.4850 	EXP 	target: autoDraw = False
276.4850 	EXP 	cue_text: height = np.float64(0.1)
276.4850 	EXP 	cue_text: height = np.float64(0.1)
276.4850 	EXP 	cue_text: height = np.float64(0.1)
276.4850 	EXP 	cue_text: text = '→'
276.4850 	EXP 	fixation: autoDraw = True
276.6022 	EXP 	Device response: <KeyPress from None: t=276.45376980000583, value=right, duration=0.14326369999616873>
276.9685 	EXP 	fixation: autoDraw = False
276.9685 	EXP 	cue_text: autoDraw = True
277.2687 	EXP 	cue_text: autoDraw = False
277.5670 	INFO 	Keyboard events cleared
277.5668 	EXP 	target: autoDraw = True
278.1690 	EXP 	Device response: <KeyPress from None: t=278.1664960000053, value=right, duration=None>
278.1695 	EXP 	New trial (rep=16, index=0): <Trial 160 (0 in rep 16) data={'cue_arrow': '←', 'target_x': -0.5, 'condition': 'valid', 'corr_Ans': 'left', 'thisN': 160, 'thisTrialN': 0, 'thisRepN': 16}>
278.1728 	DATA 	Keypress: right
278.1834 	EXP 	fixation: autoDraw = False
278.1834 	EXP 	cue_text: autoDraw = False
278.1834 	EXP 	target: autoDraw = False
278.1834 	EXP 	cue_text: height = np.float64(0.1)
278.1834 	EXP 	cue_text: height = np.float64(0.1)
278.1834 	EXP 	cue_text: height = np.float64(0.1)
278.1834 	EXP 	cue_text: text = '←'
278.1834 	EXP 	fixation: autoDraw = True
278.3350 	EXP 	Device response: <KeyPress from None: t=278.1664960000053, value=right, duration=0.16048180000507273>
278.6858 	EXP 	fixation: autoDraw = False
278.6858 	EXP 	cue_text: autoDraw = True
278.9683 	EXP 	cue_text: autoDraw = False
279.2687 	INFO 	Keyboard events cleared
279.2685 	EXP 	target: autoDraw = True
279.5684 	EXP 	Device response: <KeyPress from None: t=279.5630972000072, value=left, duration=None>
279.5688 	EXP 	New trial (rep=16, index=1): <Trial 161 (1 in rep 16) data={'cue_arrow': '←', 'target_x': -0.5, 'condition': 'valid', 'corr_Ans': 'left', 'thisN': 161, 'thisTrialN': 1, 'thisRepN': 16}>
279.5702 	DATA 	Keypress: left
279.5840 	EXP 	fixation: autoDraw = False
279.5840 	EXP 	cue_text: autoDraw = False
279.5840 	EXP 	target: autoDraw = False
279.5840 	EXP 	cue_text: text = '←'
279.5840 	EXP 	fixation: autoDraw = True
279.7189 	EXP 	Device response: <KeyPress from None: t=279.5630972000072, value=left, duration=0.15523380000377074>
280.0684 	EXP 	fixation: autoDraw = False
280.0684 	EXP 	cue_text: autoDraw = True
280.3681 	EXP 	cue_text: autoDraw = False
280.6690 	INFO 	Keyboard events cleared
280.6688 	EXP 	target: autoDraw = True
281.0015 	EXP 	Device response: <KeyPress from None: t=280.9888193000079, value=left, duration=None>
281.0020 	EXP 	New trial (rep=16, index=2): <Trial 162 (2 in rep 16) data={'cue_arrow': '→', 'target_x': 0.5, 'condition': 'valid', 'corr_Ans': 'right', 'thisN': 162, 'thisTrialN': 2, 'thisRepN': 16}>
281.0052 	DATA 	Keypress: left
281.0182 	EXP 	fixation: autoDraw = False
281.0182 	EXP 	cue_text: autoDraw = False
281.0182 	EXP 	target: autoDraw = False
281.0182 	EXP 	cue_text: height = np.float64(0.1)
281.0182 	EXP 	cue_text: height = np.float64(0.1)
281.0182 	EXP 	cue_text: height = np.float64(0.1)
281.0182 	EXP 	cue_text: text = '→'
281.0182 	EXP 	fixation: autoDraw = True
281.1518 	EXP 	Device response: <KeyPress from None: t=280.9888193000079, value=left, duration=0.1598126000026241>
281.5006 	EXP 	fixation: autoDraw = False
281.5006 	EXP 	cue_text: autoDraw = True
281.8015 	EXP 	cue_text: autoDraw = False
282.1022 	INFO 	Keyboard events cleared
282.1020 	EXP 	target: autoDraw = True
282.3350 	EXP 	Device response: <KeyPress from None: t=282.33198170000105, value=right, duration=None>
282.3354 	EXP 	New trial (rep=16, index=3): <Trial 163 (3 in rep 16) data={'cue_arrow': '←', 'target_x': -0.5, 'condition': 'valid', 'corr_Ans': 'left', 'thisN': 163, 'thisTrialN': 3, 'thisRepN': 16}>
282.3387 	DATA 	Keypress: right
282.3505 	EXP 	fixation: autoDraw = False
282.3505 	EXP 	cue_text: autoDraw = False
282.3505 	EXP 	target: autoDraw = False
282.3505 	EXP 	cue_text: height = np.float64(0.1)
282.3505 	EXP 	cue_text: height = np.float64(0.1)
282.3505 	EXP 	cue_text: height = np.float64(0.1)
282.3505 	EXP 	cue_text: text = '←'
282.3505 	EXP 	fixation: autoDraw = True
282.4354 	EXP 	Device response: <KeyPress from None: t=282.33198170000105, value=right, duration=0.08902590000070632>
282.8516 	EXP 	fixation: autoDraw = False
282.8516 	EXP 	cue_text: autoDraw = True
283.1354 	EXP 	cue_text: autoDraw = False
283.4351 	INFO 	Keyboard events cleared
283.4349 	EXP 	target: autoDraw = True
283.6842 	EXP 	Device response: <KeyPress from None: t=283.6825935000088, value=left, duration=None>
283.6845 	EXP 	New trial (rep=16, index=4): <Trial 164 (4 in rep 16) data={'cue_arrow': '→', 'target_x': 0.5, 'condition': 'valid', 'corr_Ans': 'right', 'thisN': 164, 'thisTrialN': 4, 'thisRepN': 16}>
283.6879 	DATA 	Keypress: left
283.7004 	EXP 	fixation: autoDraw = False
283.7004 	EXP 	cue_text: autoDraw = False
283.7004 	EXP 	target: autoDraw = False
283.7004 	EXP 	cue_text: height = np.float64(0.1)
283.7004 	EXP 	cue_text: height = np.float64(0.1)
283.7004 	EXP 	cue_text: height = np.float64(0.1)
283.7004 	EXP 	cue_text: text = '→'
283.7004 	EXP 	fixation: autoDraw = True
283.8349 	EXP 	Device response: <KeyPress from None: t=283.6825935000088, value=left, duration=0.14352689999213908>
284.1854 	EXP 	fixation: autoDraw = False
284.1854 	EXP 	cue_text: autoDraw = True
284.4855 	EXP 	cue_text: autoDraw = False
284.7845 	INFO 	Keyboard events cleared
284.7843 	EXP 	target: autoDraw = True
285.0683 	EXP 	Device response: <KeyPress from None: t=285.0650916000013, value=right, duration=None>
285.0688 	EXP 	New trial (rep=16, index=5): <Trial 165 (5 in rep 16) data={'cue_arrow': '→', 'target_x': 0.5, 'condition': 'valid', 'corr_Ans': 'right', 'thisN': 165, 'thisTrialN': 5, 'thisRepN': 16}>
285.0701 	DATA 	Keypress: right
285.0844 	EXP 	fixation: autoDraw = False
285.0844 	EXP 	cue_text: autoDraw = False
285.0844 	EXP 	target: autoDraw = False
285.0844 	EXP 	cue_text: text = '→'
285.0844 	EXP 	fixation: autoDraw = True
285.2683 	EXP 	Device response: <KeyPress from None: t=285.0650916000013, value=right, duration=0.188315599996713>
285.5851 	EXP 	fixation: autoDraw = False
285.5851 	EXP 	cue_text: autoDraw = True
285.8672 	EXP 	cue_text: autoDraw = False
286.1687 	INFO 	Keyboard events cleared
286.1685 	EXP 	target: autoDraw = True
286.6352 	DATA 	Keypress: right
286.6512 	EXP 	Device response: <KeyPress from None: t=286.6339491000108, value=right, duration=None>
286.6516 	EXP 	New trial (rep=16, index=6): <Trial 166 (6 in rep 16) data={'cue_arrow': '→', 'target_x': 0.5, 'condition': 'valid', 'corr_Ans': 'right', 'thisN': 166, 'thisTrialN': 6, 'thisRepN': 16}>
286.6688 	EXP 	fixation: autoDraw = False
286.6688 	EXP 	cue_text: autoDraw = False
286.6688 	EXP 	target: autoDraw = False
286.6688 	EXP 	cue_text: text = '→'
286.6688 	EXP 	fixation: autoDraw = True
286.7844 	EXP 	Device response: <KeyPress from None: t=286.6339491000108, value=right, duration=0.14035459999286104>
287.1523 	EXP 	fixation: autoDraw = False
287.1523 	EXP 	cue_text: autoDraw = True
287.4519 	EXP 	cue_text: autoDraw = False
287.7524 	INFO 	Keyboard events cleared
287.7522 	EXP 	target: autoDraw = True
288.2191 	EXP 	Device response: <KeyPress from None: t=288.20972510000865, value=right, duration=None>
288.2194 	EXP 	New trial (rep=16, index=7): <Trial 167 (7 in rep 16) data={'cue_arrow': '←', 'target_x': -0.5, 'condition': 'valid', 'corr_Ans': 'left', 'thisN': 167, 'thisTrialN': 7, 'thisRepN': 16}>
288.2228 	DATA 	Keypress: right
288.2360 	EXP 	fixation: autoDraw = False
288.2360 	EXP 	cue_text: autoDraw = False
288.2360 	EXP 	target: autoDraw = False
288.2360 	EXP 	cue_text: height = np.float64(0.1)
288.2360 	EXP 	cue_text: height = np.float64(0.1)
288.2360 	EXP 	cue_text: height = np.float64(0.1)
288.2360 	EXP 	cue_text: text = '←'
288.2360 	EXP 	fixation: autoDraw = True
288.3856 	EXP 	Device response: <KeyPress from None: t=288.20972510000865, value=right, duration=0.16501919999427628>
288.7172 	EXP 	fixation: autoDraw = False
288.7172 	EXP 	cue_text: autoDraw = True
289.0190 	EXP 	cue_text: autoDraw = False
289.3193 	INFO 	Keyboard events cleared
289.3190 	EXP 	target: autoDraw = True
289.6362 	EXP 	Device response: <KeyPress from None: t=289.62489720000303, value=left, duration=None>
289.6366 	EXP 	New trial (rep=16, index=8): <Trial 168 (8 in rep 16) data={'cue_arrow': '→', 'target_x': -0.5, 'condition': 'invalid', 'corr_Ans': 'left', 'thisN': 168, 'thisTrialN': 8, 'thisRepN': 16}>
289.6399 	DATA 	Keypress: left
289.6506 	EXP 	fixation: autoDraw = False
289.6506 	EXP 	cue_text: autoDraw = False
289.6506 	EXP 	target: autoDraw = False
289.6506 	EXP 	cue_text: height = np.float64(0.1)
289.6506 	EXP 	cue_text: height = np.float64(0.1)
289.6506 	EXP 	cue_text: height = np.float64(0.1)
289.6506 	EXP 	cue_text: text = '→'
289.6506 	EXP 	fixation: autoDraw = True
289.7692 	EXP 	Device response: <KeyPress from None: t=289.62489720000303, value=left, duration=0.14117170000099577>
290.1523 	EXP 	fixation: autoDraw = False
290.1523 	EXP 	cue_text: autoDraw = True
290.4523 	EXP 	cue_text: autoDraw = False
290.7521 	INFO 	Keyboard events cleared
290.7518 	EXP 	target: autoDraw = True
292.2692 	EXP 	Device response: <KeyPress from None: t=292.2663997000054, value=left, duration=None>
292.2697 	EXP 	New trial (rep=16, index=9): <Trial 169 (9 in rep 16) data={'cue_arrow': '←', 'target_x': 0.5, 'condition': 'invalid', 'corr_Ans': 'right', 'thisN': 169, 'thisTrialN': 9, 'thisRepN': 16}>
292.2731 	DATA 	Keypress: left
292.2837 	EXP 	fixation: autoDraw = False
292.2837 	EXP 	cue_text: autoDraw = False
292.2837 	EXP 	target: autoDraw = False
292.2837 	EXP 	cue_text: height = np.float64(0.1)
292.2837 	EXP 	cue_text: height = np.float64(0.1)
292.2837 	EXP 	cue_text: height = np.float64(0.1)
292.2837 	EXP 	cue_text: text = '←'
292.2837 	EXP 	fixation: autoDraw = True
292.4186 	EXP 	Device response: <KeyPress from None: t=292.2663997000054, value=left, duration=0.14155820000451058>
292.7861 	EXP 	fixation: autoDraw = False
292.7861 	EXP 	cue_text: autoDraw = True
293.0689 	EXP 	cue_text: autoDraw = False
293.3688 	INFO 	Keyboard events cleared
293.3686 	EXP 	target: autoDraw = True
294.7190 	EXP 	Device response: <KeyPress from None: t=294.70772200000647, value=right, duration=None>
294.7194 	EXP 	New trial (rep=17, index=0): <Trial 170 (0 in rep 17) data={'cue_arrow': '←', 'target_x': -0.5, 'condition': 'valid', 'corr_Ans': 'left', 'thisN': 170, 'thisTrialN': 0, 'thisRepN': 17}>
294.7206 	DATA 	Keypress: right
294.7347 	EXP 	fixation: autoDraw = False
294.7347 	EXP 	cue_text: autoDraw = False
294.7347 	EXP 	target: autoDraw = False
294.7347 	EXP 	cue_text: text = '←'
294.7347 	EXP 	fixation: autoDraw = True
294.8850 	EXP 	Device response: <KeyPress from None: t=294.70772200000647, value=right, duration=0.16118419999838807>
295.2185 	EXP 	fixation: autoDraw = False
295.2185 	EXP 	cue_text: autoDraw = True
295.5351 	EXP 	cue_text: autoDraw = False
295.8191 	INFO 	Keyboard events cleared
295.8188 	EXP 	target: autoDraw = True
296.2848 	EXP 	Device response: <KeyPress from None: t=296.27680720000353, value=left, duration=None>
296.2852 	EXP 	New trial (rep=17, index=1): <Trial 171 (1 in rep 17) data={'cue_arrow': '→', 'target_x': 0.5, 'condition': 'valid', 'corr_Ans': 'right', 'thisN': 171, 'thisTrialN': 1, 'thisRepN': 17}>
296.2884 	DATA 	Keypress: left
296.3024 	EXP 	fixation: autoDraw = False
296.3024 	EXP 	cue_text: autoDraw = False
296.3024 	EXP 	target: autoDraw = False
296.3024 	EXP 	cue_text: height = np.float64(0.1)
296.3024 	EXP 	cue_text: height = np.float64(0.1)
296.3024 	EXP 	cue_text: height = np.float64(0.1)
296.3024 	EXP 	cue_text: text = '→'
296.3024 	EXP 	fixation: autoDraw = True
296.4356 	EXP 	Device response: <KeyPress from None: t=296.27680720000353, value=left, duration=0.15228860000206623>
296.7857 	EXP 	fixation: autoDraw = False
296.7857 	EXP 	cue_text: autoDraw = True
297.0855 	EXP 	cue_text: autoDraw = False
297.3859 	INFO 	Keyboard events cleared
297.3857 	EXP 	target: autoDraw = True
297.6863 	EXP 	Device response: <KeyPress from None: t=297.6743656000035, value=right, duration=None>
297.6868 	EXP 	New trial (rep=17, index=2): <Trial 172 (2 in rep 17) data={'cue_arrow': '→', 'target_x': 0.5, 'condition': 'valid', 'corr_Ans': 'right', 'thisN': 172, 'thisTrialN': 2, 'thisRepN': 17}>
297.6883 	DATA 	Keypress: right
297.7005 	EXP 	fixation: autoDraw = False
297.7005 	EXP 	cue_text: autoDraw = False
297.7005 	EXP 	target: autoDraw = False
297.7005 	EXP 	cue_text: text = '→'
297.7005 	EXP 	fixation: autoDraw = True
297.8351 	EXP 	Device response: <KeyPress from None: t=297.6743656000035, value=right, duration=0.15343960000609513>
298.2023 	EXP 	fixation: autoDraw = False
298.2023 	EXP 	cue_text: autoDraw = True
298.4859 	EXP 	cue_text: autoDraw = False
298.8008 	INFO 	Keyboard events cleared
298.8006 	EXP 	target: autoDraw = True
299.0351 	EXP 	Device response: <KeyPress from None: t=299.0338755999983, value=right, duration=None>
299.0354 	EXP 	New trial (rep=17, index=3): <Trial 173 (3 in rep 17) data={'cue_arrow': '→', 'target_x': -0.5, 'condition': 'invalid', 'corr_Ans': 'left', 'thisN': 173, 'thisTrialN': 3, 'thisRepN': 17}>
299.0366 	DATA 	Keypress: right
299.0508 	EXP 	fixation: autoDraw = False
299.0508 	EXP 	cue_text: autoDraw = False
299.0508 	EXP 	target: autoDraw = False
299.0508 	EXP 	cue_text: text = '→'
299.0508 	EXP 	fixation: autoDraw = True
299.2180 	EXP 	Device response: <KeyPress from None: t=299.0338755999983, value=right, duration=0.17484500000136904>
299.5361 	EXP 	fixation: autoDraw = False
299.5361 	EXP 	cue_text: autoDraw = True
299.8358 	EXP 	cue_text: autoDraw = False
300.1527 	INFO 	Keyboard events cleared
300.1525 	EXP 	target: autoDraw = True
300.5179 	EXP 	Device response: <KeyPress from None: t=300.50670730001, value=left, duration=None>
300.5183 	EXP 	New trial (rep=17, index=4): <Trial 174 (4 in rep 17) data={'cue_arrow': '→', 'target_x': 0.5, 'condition': 'valid', 'corr_Ans': 'right', 'thisN': 174, 'thisTrialN': 4, 'thisRepN': 17}>
300.5195 	DATA 	Keypress: left
300.5352 	EXP 	fixation: autoDraw = False
300.5352 	EXP 	cue_text: autoDraw = False
300.5352 	EXP 	target: autoDraw = False
300.5352 	EXP 	cue_text: text = '→'
300.5352 	EXP 	fixation: autoDraw = True
300.7023 	EXP 	Device response: <KeyPress from None: t=300.50670730001, value=left, duration=0.18002770000020973>
301.0185 	EXP 	fixation: autoDraw = False
301.0185 	EXP 	cue_text: autoDraw = True
301.3185 	EXP 	cue_text: autoDraw = False
301.6189 	INFO 	Keyboard events cleared
301.6187 	EXP 	target: autoDraw = True
302.8698 	EXP 	Device response: <KeyPress from None: t=302.8596080999996, value=right, duration=None>
302.8702 	EXP 	New trial (rep=17, index=5): <Trial 175 (5 in rep 17) data={'cue_arrow': '←', 'target_x': -0.5, 'condition': 'valid', 'corr_Ans': 'left', 'thisN': 175, 'thisTrialN': 5, 'thisRepN': 17}>
302.8738 	DATA 	Keypress: right
302.8838 	EXP 	fixation: autoDraw = False
302.8838 	EXP 	cue_text: autoDraw = False
302.8838 	EXP 	target: autoDraw = False
302.8838 	EXP 	cue_text: height = np.float64(0.1)
302.8838 	EXP 	cue_text: height = np.float64(0.1)
302.8838 	EXP 	cue_text: height = np.float64(0.1)
302.8838 	EXP 	cue_text: text = '←'
302.8838 	EXP 	fixation: autoDraw = True
303.0181 	EXP 	Device response: <KeyPress from None: t=302.8596080999996, value=right, duration=0.1499212000053376>
303.3856 	EXP 	fixation: autoDraw = False
303.3856 	EXP 	cue_text: autoDraw = True
303.6853 	EXP 	cue_text: autoDraw = False
303.9688 	INFO 	Keyboard events cleared
303.9686 	EXP 	target: autoDraw = True
304.3848 	EXP 	Device response: <KeyPress from None: t=304.37374380000983, value=left, duration=None>
304.3852 	EXP 	New trial (rep=17, index=6): <Trial 176 (6 in rep 17) data={'cue_arrow': '←', 'target_x': -0.5, 'condition': 'valid', 'corr_Ans': 'left', 'thisN': 176, 'thisTrialN': 6, 'thisRepN': 17}>
304.3864 	DATA 	Keypress: left
304.4015 	EXP 	fixation: autoDraw = False
304.4015 	EXP 	cue_text: autoDraw = False
304.4015 	EXP 	target: autoDraw = False
304.4015 	EXP 	cue_text: text = '←'
304.4015 	EXP 	fixation: autoDraw = True
304.5683 	EXP 	Device response: <KeyPress from None: t=304.37374380000983, value=left, duration=0.17958589999761898>
304.8854 	EXP 	fixation: autoDraw = False
304.8854 	EXP 	cue_text: autoDraw = True
305.2025 	EXP 	cue_text: autoDraw = False
305.4862 	INFO 	Keyboard events cleared
305.4860 	EXP 	target: autoDraw = True
306.0179 	EXP 	Device response: <KeyPress from None: t=306.0069602000003, value=left, duration=None>
306.0183 	EXP 	New trial (rep=17, index=7): <Trial 177 (7 in rep 17) data={'cue_arrow': '←', 'target_x': 0.5, 'condition': 'invalid', 'corr_Ans': 'right', 'thisN': 177, 'thisTrialN': 7, 'thisRepN': 17}>
306.0195 	DATA 	Keypress: left
306.0347 	EXP 	fixation: autoDraw = False
306.0347 	EXP 	cue_text: autoDraw = False
306.0347 	EXP 	target: autoDraw = False
306.0347 	EXP 	cue_text: text = '←'
306.0347 	EXP 	fixation: autoDraw = True
306.1698 	EXP 	Device response: <KeyPress from None: t=306.0069602000003, value=left, duration=0.14654149999842048>
306.5189 	EXP 	fixation: autoDraw = False
306.5189 	EXP 	cue_text: autoDraw = True
306.8175 	EXP 	cue_text: autoDraw = False
307.1193 	INFO 	Keyboard events cleared
307.1191 	EXP 	target: autoDraw = True
307.8687 	EXP 	Device response: <KeyPress from None: t=307.858353100004, value=right, duration=None>
307.8691 	EXP 	New trial (rep=17, index=8): <Trial 178 (8 in rep 17) data={'cue_arrow': '→', 'target_x': 0.5, 'condition': 'valid', 'corr_Ans': 'right', 'thisN': 178, 'thisTrialN': 8, 'thisRepN': 17}>
307.8726 	DATA 	Keypress: right
307.8850 	EXP 	fixation: autoDraw = False
307.8850 	EXP 	cue_text: autoDraw = False
307.8850 	EXP 	target: autoDraw = False
307.8850 	EXP 	cue_text: height = np.float64(0.1)
307.8850 	EXP 	cue_text: height = np.float64(0.1)
307.8850 	EXP 	cue_text: height = np.float64(0.1)
307.8850 	EXP 	cue_text: text = '→'
307.8850 	EXP 	fixation: autoDraw = True
308.0521 	EXP 	Device response: <KeyPress from None: t=307.858353100004, value=right, duration=0.17581630000495352>
308.3688 	EXP 	fixation: autoDraw = False
308.3688 	EXP 	cue_text: autoDraw = True
308.6674 	EXP 	cue_text: autoDraw = False
308.9691 	INFO 	Keyboard events cleared
308.9689 	EXP 	target: autoDraw = True
309.4854 	EXP 	Device response: <KeyPress from None: t=309.47745810000924, value=right, duration=None>
309.4857 	EXP 	New trial (rep=17, index=9): <Trial 179 (9 in rep 17) data={'cue_arrow': '←', 'target_x': -0.5, 'condition': 'valid', 'corr_Ans': 'left', 'thisN': 179, 'thisTrialN': 9, 'thisRepN': 17}>
309.4892 	DATA 	Keypress: right
309.5024 	EXP 	fixation: autoDraw = False
309.5024 	EXP 	cue_text: autoDraw = False
309.5024 	EXP 	target: autoDraw = False
309.5024 	EXP 	cue_text: height = np.float64(0.1)
309.5024 	EXP 	cue_text: height = np.float64(0.1)
309.5024 	EXP 	cue_text: height = np.float64(0.1)
309.5024 	EXP 	cue_text: text = '←'
309.5024 	EXP 	fixation: autoDraw = True
309.6353 	EXP 	Device response: <KeyPress from None: t=309.47745810000924, value=right, duration=0.14982589999272022>
309.9842 	EXP 	fixation: autoDraw = False
309.9842 	EXP 	cue_text: autoDraw = True
310.2852 	EXP 	cue_text: autoDraw = False
310.5857 	INFO 	Keyboard events cleared
310.5855 	EXP 	target: autoDraw = True
310.9017 	EXP 	Device response: <KeyPress from None: t=310.8863315000053, value=left, duration=None>
310.9022 	EXP 	New trial (rep=18, index=0): <Trial 180 (0 in rep 18) data={'cue_arrow': '←', 'target_x': -0.5, 'condition': 'valid', 'corr_Ans': 'left', 'thisN': 180, 'thisTrialN': 0, 'thisRepN': 18}>
310.9037 	DATA 	Keypress: left
310.9172 	EXP 	fixation: autoDraw = False
310.9172 	EXP 	cue_text: autoDraw = False
310.9172 	EXP 	target: autoDraw = False
310.9172 	EXP 	cue_text: text = '←'
310.9172 	EXP 	fixation: autoDraw = True
311.0521 	EXP 	Device response: <KeyPress from None: t=310.8863315000053, value=left, duration=0.14999360000365414>
311.4026 	EXP 	fixation: autoDraw = False
311.4026 	EXP 	cue_text: autoDraw = True
311.7024 	EXP 	cue_text: autoDraw = False
312.0018 	INFO 	Keyboard events cleared
312.0016 	EXP 	target: autoDraw = True
312.2705 	DATA 	Keypress: left
312.2849 	EXP 	Device response: <KeyPress from None: t=312.2694053000014, value=left, duration=None>
312.2853 	EXP 	New trial (rep=18, index=1): <Trial 181 (1 in rep 18) data={'cue_arrow': '→', 'target_x': 0.5, 'condition': 'valid', 'corr_Ans': 'right', 'thisN': 181, 'thisTrialN': 1, 'thisRepN': 18}>
312.3029 	EXP 	fixation: autoDraw = False
312.3029 	EXP 	cue_text: autoDraw = False
312.3029 	EXP 	target: autoDraw = False
312.3029 	EXP 	cue_text: height = np.float64(0.1)
312.3029 	EXP 	cue_text: height = np.float64(0.1)
312.3029 	EXP 	cue_text: height = np.float64(0.1)
312.3029 	EXP 	cue_text: text = '→'
312.3029 	EXP 	fixation: autoDraw = True
312.4021 	EXP 	Device response: <KeyPress from None: t=312.2694053000014, value=left, duration=0.1293677000066964>
312.7854 	EXP 	fixation: autoDraw = False
312.7854 	EXP 	cue_text: autoDraw = True
313.0842 	EXP 	cue_text: autoDraw = False
313.3862 	INFO 	Keyboard events cleared
313.3860 	EXP 	target: autoDraw = True
313.7856 	EXP 	Device response: <KeyPress from None: t=313.78310950000014, value=right, duration=None>
313.7860 	EXP 	New trial (rep=18, index=2): <Trial 182 (2 in rep 18) data={'cue_arrow': '→', 'target_x': 0.5, 'condition': 'valid', 'corr_Ans': 'right', 'thisN': 182, 'thisTrialN': 2, 'thisRepN': 18}>
313.7872 	DATA 	Keypress: right
313.8012 	EXP 	fixation: autoDraw = False
313.8012 	EXP 	cue_text: autoDraw = False
313.8012 	EXP 	target: autoDraw = False
313.8012 	EXP 	cue_text: text = '→'
313.8012 	EXP 	fixation: autoDraw = True
313.9349 	EXP 	Device response: <KeyPress from None: t=313.78310950000014, value=right, duration=0.14846959999704268>
314.2858 	EXP 	fixation: autoDraw = False
314.2858 	EXP 	cue_text: autoDraw = True
314.5860 	EXP 	cue_text: autoDraw = False
314.8854 	INFO 	Keyboard events cleared
314.8853 	EXP 	target: autoDraw = True
315.1861 	EXP 	Device response: <KeyPress from None: t=315.1749423000001, value=right, duration=None>
315.1865 	EXP 	New trial (rep=18, index=3): <Trial 183 (3 in rep 18) data={'cue_arrow': '←', 'target_x': -0.5, 'condition': 'valid', 'corr_Ans': 'left', 'thisN': 183, 'thisTrialN': 3, 'thisRepN': 18}>
315.1898 	DATA 	Keypress: right
315.2019 	EXP 	fixation: autoDraw = False
315.2019 	EXP 	cue_text: autoDraw = False
315.2019 	EXP 	target: autoDraw = False
315.2019 	EXP 	cue_text: height = np.float64(0.1)
315.2019 	EXP 	cue_text: height = np.float64(0.1)
315.2019 	EXP 	cue_text: height = np.float64(0.1)
315.2019 	EXP 	cue_text: text = '←'
315.2019 	EXP 	fixation: autoDraw = True
315.3692 	EXP 	Device response: <KeyPress from None: t=315.1749423000001, value=right, duration=0.18338800000492483>
315.6847 	EXP 	fixation: autoDraw = False
315.6847 	EXP 	cue_text: autoDraw = True
315.9861 	EXP 	cue_text: autoDraw = False
316.2861 	INFO 	Keyboard events cleared
316.2859 	EXP 	target: autoDraw = True
316.8363 	EXP 	Device response: <KeyPress from None: t=316.8272680000082, value=left, duration=None>
316.8367 	EXP 	New trial (rep=18, index=4): <Trial 184 (4 in rep 18) data={'cue_arrow': '←', 'target_x': 0.5, 'condition': 'invalid', 'corr_Ans': 'right', 'thisN': 184, 'thisTrialN': 4, 'thisRepN': 18}>
316.8381 	DATA 	Keypress: left
316.8511 	EXP 	fixation: autoDraw = False
316.8511 	EXP 	cue_text: autoDraw = False
316.8511 	EXP 	target: autoDraw = False
316.8511 	EXP 	cue_text: text = '←'
316.8511 	EXP 	fixation: autoDraw = True
317.0015 	EXP 	Device response: <KeyPress from None: t=316.8272680000082, value=left, duration=0.16673589999845717>
317.3359 	EXP 	fixation: autoDraw = False
317.3359 	EXP 	cue_text: autoDraw = True
317.6358 	EXP 	cue_text: autoDraw = False
317.9359 	INFO 	Keyboard events cleared
317.9356 	EXP 	target: autoDraw = True
319.6016 	EXP 	Device response: <KeyPress from None: t=319.60022530000424, value=right, duration=None>
319.6019 	EXP 	New trial (rep=18, index=5): <Trial 185 (5 in rep 18) data={'cue_arrow': '→', 'target_x': -0.5, 'condition': 'invalid', 'corr_Ans': 'left', 'thisN': 185, 'thisTrialN': 5, 'thisRepN': 18}>
319.6053 	DATA 	Keypress: right
319.6179 	EXP 	fixation: autoDraw = False
319.6179 	EXP 	cue_text: autoDraw = False
319.6179 	EXP 	target: autoDraw = False
319.6179 	EXP 	cue_text: height = np.float64(0.1)
319.6179 	EXP 	cue_text: height = np.float64(0.1)
319.6179 	EXP 	cue_text: height = np.float64(0.1)
319.6179 	EXP 	cue_text: text = '→'
319.6179 	EXP 	fixation: autoDraw = True
319.7680 	EXP 	Device response: <KeyPress from None: t=319.60022530000424, value=right, duration=0.15301110000291374>
320.1025 	EXP 	fixation: autoDraw = False
320.1025 	EXP 	cue_text: autoDraw = True
320.4028 	EXP 	cue_text: autoDraw = False
320.7029 	INFO 	Keyboard events cleared
320.7027 	EXP 	target: autoDraw = True
322.3866 	EXP 	Device response: <KeyPress from None: t=322.37706759999855, value=left, duration=None>
322.3870 	EXP 	New trial (rep=18, index=6): <Trial 186 (6 in rep 18) data={'cue_arrow': '←', 'target_x': -0.5, 'condition': 'valid', 'corr_Ans': 'left', 'thisN': 186, 'thisTrialN': 6, 'thisRepN': 18}>
322.3904 	DATA 	Keypress: left
322.4009 	EXP 	fixation: autoDraw = False
322.4009 	EXP 	cue_text: autoDraw = False
322.4009 	EXP 	target: autoDraw = False
322.4009 	EXP 	cue_text: height = np.float64(0.1)
322.4009 	EXP 	cue_text: height = np.float64(0.1)
322.4009 	EXP 	cue_text: height = np.float64(0.1)
322.4009 	EXP 	cue_text: text = '←'
322.4009 	EXP 	fixation: autoDraw = True
322.5852 	EXP 	Device response: <KeyPress from None: t=322.37706759999855, value=left, duration=0.19324580000829883>
322.8849 	EXP 	fixation: autoDraw = False
322.8849 	EXP 	cue_text: autoDraw = True
323.2028 	EXP 	cue_text: autoDraw = False
323.5024 	INFO 	Keyboard events cleared
323.5022 	EXP 	target: autoDraw = True
324.8868 	EXP 	Device response: <KeyPress from None: t=324.884976500005, value=left, duration=None>
324.8872 	EXP 	New trial (rep=18, index=7): <Trial 187 (7 in rep 18) data={'cue_arrow': '←', 'target_x': -0.5, 'condition': 'valid', 'corr_Ans': 'left', 'thisN': 187, 'thisTrialN': 7, 'thisRepN': 18}>
324.8896 	DATA 	Keypress: left
324.9017 	EXP 	fixation: autoDraw = False
324.9017 	EXP 	cue_text: autoDraw = False
324.9017 	EXP 	target: autoDraw = False
324.9017 	EXP 	cue_text: text = '←'
324.9017 	EXP 	fixation: autoDraw = True
325.0684 	EXP 	Device response: <KeyPress from None: t=324.884976500005, value=left, duration=0.17419219999283087>
325.4024 	EXP 	fixation: autoDraw = False
325.4024 	EXP 	cue_text: autoDraw = True
325.7013 	EXP 	cue_text: autoDraw = False
326.0016 	INFO 	Keyboard events cleared
326.0014 	EXP 	target: autoDraw = True
326.6517 	EXP 	Device response: <KeyPress from None: t=326.64661239999987, value=left, duration=None>
326.6522 	EXP 	New trial (rep=18, index=8): <Trial 188 (8 in rep 18) data={'cue_arrow': '→', 'target_x': 0.5, 'condition': 'valid', 'corr_Ans': 'right', 'thisN': 188, 'thisTrialN': 8, 'thisRepN': 18}>
326.6561 	DATA 	Keypress: left
326.6680 	EXP 	fixation: autoDraw = False
326.6680 	EXP 	cue_text: autoDraw = False
326.6680 	EXP 	target: autoDraw = False
326.6680 	EXP 	cue_text: height = np.float64(0.1)
326.6680 	EXP 	cue_text: height = np.float64(0.1)
326.6680 	EXP 	cue_text: height = np.float64(0.1)
326.6680 	EXP 	cue_text: text = '→'
326.6680 	EXP 	fixation: autoDraw = True
326.8361 	EXP 	Device response: <KeyPress from None: t=326.64661239999987, value=left, duration=0.18588119999913033>
327.1515 	EXP 	fixation: autoDraw = False
327.1515 	EXP 	cue_text: autoDraw = True
327.4526 	EXP 	cue_text: autoDraw = False
327.7518 	INFO 	Keyboard events cleared
327.7516 	EXP 	target: autoDraw = True
328.1539 	DATA 	Keypress: right
328.1689 	EXP 	Device response: <KeyPress from None: t=328.15320220000285, value=right, duration=None>
328.1694 	EXP 	New trial (rep=18, index=9): <Trial 189 (9 in rep 18) data={'cue_arrow': '→', 'target_x': 0.5, 'condition': 'valid', 'corr_Ans': 'right', 'thisN': 189, 'thisTrialN': 9, 'thisRepN': 18}>
328.1849 	EXP 	fixation: autoDraw = False
328.1849 	EXP 	cue_text: autoDraw = False
328.1849 	EXP 	target: autoDraw = False
328.1849 	EXP 	cue_text: text = '→'
328.1849 	EXP 	fixation: autoDraw = True
328.3525 	EXP 	Device response: <KeyPress from None: t=328.15320220000285, value=right, duration=0.18961689999559894>
328.6696 	EXP 	fixation: autoDraw = False
328.6696 	EXP 	cue_text: autoDraw = True
328.9860 	EXP 	cue_text: autoDraw = False
329.2687 	INFO 	Keyboard events cleared
329.2685 	EXP 	target: autoDraw = True
329.5368 	EXP 	Device response: <KeyPress from None: t=329.5286485000106, value=right, duration=None>
329.5371 	EXP 	New trial (rep=19, index=0): <Trial 190 (0 in rep 19) data={'cue_arrow': '←', 'target_x': -0.5, 'condition': 'valid', 'corr_Ans': 'left', 'thisN': 190, 'thisTrialN': 0, 'thisRepN': 19}>
329.5407 	DATA 	Keypress: right
329.5523 	EXP 	fixation: autoDraw = False
329.5523 	EXP 	cue_text: autoDraw = False
329.5523 	EXP 	target: autoDraw = False
329.5523 	EXP 	cue_text: height = np.float64(0.1)
329.5523 	EXP 	cue_text: height = np.float64(0.1)
329.5523 	EXP 	cue_text: height = np.float64(0.1)
329.5523 	EXP 	cue_text: text = '←'
329.5523 	EXP 	fixation: autoDraw = True
329.7523 	EXP 	Device response: <KeyPress from None: t=329.5286485000106, value=right, duration=0.2072246999887284>
330.0371 	EXP 	fixation: autoDraw = False
330.0371 	EXP 	cue_text: autoDraw = True
330.3529 	EXP 	cue_text: autoDraw = False
330.6532 	INFO 	Keyboard events cleared
330.6530 	EXP 	target: autoDraw = True
330.9852 	EXP 	Device response: <KeyPress from None: t=330.9806774000026, value=left, duration=None>
330.9856 	EXP 	New trial (rep=19, index=1): <Trial 191 (1 in rep 19) data={'cue_arrow': '←', 'target_x': -0.5, 'condition': 'valid', 'corr_Ans': 'left', 'thisN': 191, 'thisTrialN': 1, 'thisRepN': 19}>
330.9870 	DATA 	Keypress: left
331.0013 	EXP 	fixation: autoDraw = False
331.0013 	EXP 	cue_text: autoDraw = False
331.0013 	EXP 	target: autoDraw = False
331.0013 	EXP 	cue_text: text = '←'
331.0013 	EXP 	fixation: autoDraw = True
331.1885 	EXP 	Device response: <KeyPress from None: t=330.9806774000026, value=left, duration=0.19389070000033826>
331.4845 	EXP 	fixation: autoDraw = False
331.4845 	EXP 	cue_text: autoDraw = True
331.7858 	EXP 	cue_text: autoDraw = False
332.0848 	INFO 	Keyboard events cleared
332.0846 	EXP 	target: autoDraw = True
332.3860 	EXP 	Device response: <KeyPress from None: t=332.3840627000027, value=left, duration=None>
332.3864 	EXP 	New trial (rep=19, index=2): <Trial 192 (2 in rep 19) data={'cue_arrow': '→', 'target_x': 0.5, 'condition': 'valid', 'corr_Ans': 'right', 'thisN': 192, 'thisTrialN': 2, 'thisRepN': 19}>
332.3896 	DATA 	Keypress: left
332.4016 	EXP 	fixation: autoDraw = False
332.4016 	EXP 	cue_text: autoDraw = False
332.4016 	EXP 	target: autoDraw = False
332.4016 	EXP 	cue_text: height = np.float64(0.1)
332.4016 	EXP 	cue_text: height = np.float64(0.1)
332.4016 	EXP 	cue_text: height = np.float64(0.1)
332.4016 	EXP 	cue_text: text = '→'
332.4016 	EXP 	fixation: autoDraw = True
332.6029 	EXP 	Device response: <KeyPress from None: t=332.3840627000027, value=left, duration=0.21552700000756886>
332.8860 	EXP 	fixation: autoDraw = False
332.8860 	EXP 	cue_text: autoDraw = True
333.1863 	EXP 	cue_text: autoDraw = False
333.4860 	INFO 	Keyboard events cleared
333.4858 	EXP 	target: autoDraw = True
333.9199 	EXP 	Device response: <KeyPress from None: t=333.91062450000027, value=right, duration=None>
333.9204 	EXP 	New trial (rep=19, index=3): <Trial 193 (3 in rep 19) data={'cue_arrow': '→', 'target_x': 0.5, 'condition': 'valid', 'corr_Ans': 'right', 'thisN': 193, 'thisTrialN': 3, 'thisRepN': 19}>
333.9220 	DATA 	Keypress: right
333.9345 	EXP 	fixation: autoDraw = False
333.9345 	EXP 	cue_text: autoDraw = False
333.9345 	EXP 	target: autoDraw = False
333.9345 	EXP 	cue_text: text = '→'
333.9345 	EXP 	fixation: autoDraw = True
334.1017 	EXP 	Device response: <KeyPress from None: t=333.91062450000027, value=right, duration=0.18446220000623725>
334.4363 	EXP 	fixation: autoDraw = False
334.4363 	EXP 	cue_text: autoDraw = True
334.7197 	EXP 	cue_text: autoDraw = False
335.0195 	INFO 	Keyboard events cleared
335.0192 	EXP 	target: autoDraw = True
335.3696 	EXP 	Device response: <KeyPress from None: t=335.3596008000022, value=right, duration=None>
335.3699 	EXP 	New trial (rep=19, index=4): <Trial 194 (4 in rep 19) data={'cue_arrow': '←', 'target_x': -0.5, 'condition': 'valid', 'corr_Ans': 'left', 'thisN': 194, 'thisTrialN': 4, 'thisRepN': 19}>
335.3729 	DATA 	Keypress: right
335.3862 	EXP 	fixation: autoDraw = False
335.3862 	EXP 	cue_text: autoDraw = False
335.3862 	EXP 	target: autoDraw = False
335.3862 	EXP 	cue_text: height = np.float64(0.1)
335.3862 	EXP 	cue_text: height = np.float64(0.1)
335.3862 	EXP 	cue_text: height = np.float64(0.1)
335.3862 	EXP 	cue_text: text = '←'
335.3862 	EXP 	fixation: autoDraw = True
335.5577 	EXP 	Device response: <KeyPress from None: t=335.3596008000022, value=right, duration=0.18654300000343937>
335.8864 	EXP 	fixation: autoDraw = False
335.8864 	EXP 	cue_text: autoDraw = True
336.1867 	EXP 	cue_text: autoDraw = False
336.4698 	INFO 	Keyboard events cleared
336.4696 	EXP 	target: autoDraw = True
337.0021 	EXP 	Device response: <KeyPress from None: t=336.99737240000104, value=left, duration=None>
337.0026 	EXP 	New trial (rep=19, index=5): <Trial 195 (5 in rep 19) data={'cue_arrow': '→', 'target_x': 0.5, 'condition': 'valid', 'corr_Ans': 'right', 'thisN': 195, 'thisTrialN': 5, 'thisRepN': 19}>
337.0059 	DATA 	Keypress: left
337.0182 	EXP 	fixation: autoDraw = False
337.0182 	EXP 	cue_text: autoDraw = False
337.0182 	EXP 	target: autoDraw = False
337.0182 	EXP 	cue_text: height = np.float64(0.1)
337.0182 	EXP 	cue_text: height = np.float64(0.1)
337.0182 	EXP 	cue_text: height = np.float64(0.1)
337.0182 	EXP 	cue_text: text = '→'
337.0182 	EXP 	fixation: autoDraw = True
337.2026 	EXP 	Device response: <KeyPress from None: t=336.99737240000104, value=left, duration=0.1922056000039447>
337.5029 	EXP 	fixation: autoDraw = False
337.5029 	EXP 	cue_text: autoDraw = True
337.8014 	EXP 	cue_text: autoDraw = False
338.1032 	INFO 	Keyboard events cleared
338.1030 	EXP 	target: autoDraw = True
338.6368 	EXP 	Device response: <KeyPress from None: t=338.62910459999694, value=right, duration=None>
338.6371 	EXP 	New trial (rep=19, index=6): <Trial 196 (6 in rep 19) data={'cue_arrow': '→', 'target_x': 0.5, 'condition': 'valid', 'corr_Ans': 'right', 'thisN': 196, 'thisTrialN': 6, 'thisRepN': 19}>
338.6385 	DATA 	Keypress: right
338.6514 	EXP 	fixation: autoDraw = False
338.6514 	EXP 	cue_text: autoDraw = False
338.6514 	EXP 	target: autoDraw = False
338.6514 	EXP 	cue_text: text = '→'
338.6514 	EXP 	fixation: autoDraw = True
338.8185 	EXP 	Device response: <KeyPress from None: t=338.62910459999694, value=right, duration=0.1757322000048589>
339.1519 	EXP 	fixation: autoDraw = False
339.1519 	EXP 	cue_text: autoDraw = True
339.4516 	EXP 	cue_text: autoDraw = False
339.7362 	INFO 	Keyboard events cleared
339.7360 	EXP 	target: autoDraw = True
340.1188 	EXP 	Device response: <KeyPress from None: t=340.10530170000857, value=right, duration=None>
340.1191 	EXP 	New trial (rep=19, index=7): <Trial 197 (7 in rep 19) data={'cue_arrow': '→', 'target_x': -0.5, 'condition': 'invalid', 'corr_Ans': 'left', 'thisN': 197, 'thisTrialN': 7, 'thisRepN': 19}>
340.1203 	DATA 	Keypress: right
340.1364 	EXP 	fixation: autoDraw = False
340.1364 	EXP 	cue_text: autoDraw = False
340.1364 	EXP 	target: autoDraw = False
340.1364 	EXP 	cue_text: text = '→'
340.1364 	EXP 	fixation: autoDraw = True
340.3363 	EXP 	Device response: <KeyPress from None: t=340.10530170000857, value=right, duration=0.22114789999614004>
340.6196 	EXP 	fixation: autoDraw = False
340.6196 	EXP 	cue_text: autoDraw = True
340.9188 	EXP 	cue_text: autoDraw = False
341.2198 	INFO 	Keyboard events cleared
341.2196 	EXP 	target: autoDraw = True
342.2529 	EXP 	Device response: <KeyPress from None: t=342.2493117999984, value=left, duration=None>
342.2532 	EXP 	New trial (rep=19, index=8): <Trial 198 (8 in rep 19) data={'cue_arrow': '←', 'target_x': -0.5, 'condition': 'valid', 'corr_Ans': 'left', 'thisN': 198, 'thisTrialN': 8, 'thisRepN': 19}>
342.2565 	DATA 	Keypress: left
342.2691 	EXP 	fixation: autoDraw = False
342.2691 	EXP 	cue_text: autoDraw = False
342.2691 	EXP 	target: autoDraw = False
342.2691 	EXP 	cue_text: height = np.float64(0.1)
342.2691 	EXP 	cue_text: height = np.float64(0.1)
342.2691 	EXP 	cue_text: height = np.float64(0.1)
342.2691 	EXP 	cue_text: text = '←'
342.2691 	EXP 	fixation: autoDraw = True
342.4356 	EXP 	Device response: <KeyPress from None: t=342.2493117999984, value=left, duration=0.18450880001182668>
342.7531 	EXP 	fixation: autoDraw = False
342.7531 	EXP 	cue_text: autoDraw = True
343.0521 	EXP 	cue_text: autoDraw = False
343.3532 	INFO 	Keyboard events cleared
343.3530 	EXP 	target: autoDraw = True
343.8028 	EXP 	Device response: <KeyPress from None: t=343.80190800000855, value=left, duration=None>
343.8032 	EXP 	New trial (rep=19, index=9): <Trial 199 (9 in rep 19) data={'cue_arrow': '←', 'target_x': 0.5, 'condition': 'invalid', 'corr_Ans': 'right', 'thisN': 199, 'thisTrialN': 9, 'thisRepN': 19}>
343.8044 	DATA 	Keypress: left
343.8181 	EXP 	fixation: autoDraw = False
343.8181 	EXP 	cue_text: autoDraw = False
343.8181 	EXP 	target: autoDraw = False
343.8181 	EXP 	cue_text: text = '←'
343.8181 	EXP 	fixation: autoDraw = True
344.0189 	EXP 	Device response: <KeyPress from None: t=343.80190800000855, value=left, duration=0.20860329999413807>
344.3084 	EXP 	fixation: autoDraw = False
344.3084 	EXP 	cue_text: autoDraw = True
344.6022 	EXP 	cue_text: autoDraw = False
344.9199 	INFO 	Keyboard events cleared
344.9197 	EXP 	target: autoDraw = True
346.7526 	EXP 	Device response: <KeyPress from None: t=346.7385407000111, value=right, duration=None>
346.7530 	EXP 	New trial (rep=20, index=0): <Trial 200 (0 in rep 20) data={'cue_arrow': '→', 'target_x': 0.5, 'condition': 'valid', 'corr_Ans': 'right', 'thisN': 200, 'thisTrialN': 0, 'thisRepN': 20}>
346.7563 	DATA 	Keypress: right
346.7691 	EXP 	fixation: autoDraw = False
346.7691 	EXP 	cue_text: autoDraw = False
346.7691 	EXP 	target: autoDraw = False
346.7691 	EXP 	cue_text: height = np.float64(0.1)
346.7691 	EXP 	cue_text: height = np.float64(0.1)
346.7691 	EXP 	cue_text: height = np.float64(0.1)
346.7691 	EXP 	cue_text: text = '→'
346.7691 	EXP 	fixation: autoDraw = True
346.9198 	EXP 	Device response: <KeyPress from None: t=346.7385407000111, value=right, duration=0.16678629998932593>
347.2517 	EXP 	fixation: autoDraw = False
347.2517 	EXP 	cue_text: autoDraw = True
347.5533 	EXP 	cue_text: autoDraw = False
347.8529 	INFO 	Keyboard events cleared
347.8527 	EXP 	target: autoDraw = True
348.2026 	EXP 	Device response: <KeyPress from None: t=348.19583209999837, value=right, duration=None>
348.2031 	EXP 	New trial (rep=20, index=1): <Trial 201 (1 in rep 20) data={'cue_arrow': '←', 'target_x': -0.5, 'condition': 'valid', 'corr_Ans': 'left', 'thisN': 201, 'thisTrialN': 1, 'thisRepN': 20}>
348.2062 	DATA 	Keypress: right
348.2190 	EXP 	fixation: autoDraw = False
348.2190 	EXP 	cue_text: autoDraw = False
348.2190 	EXP 	target: autoDraw = False
348.2190 	EXP 	cue_text: height = np.float64(0.1)
348.2190 	EXP 	cue_text: height = np.float64(0.1)
348.2190 	EXP 	cue_text: height = np.float64(0.1)
348.2190 	EXP 	cue_text: text = '←'
348.2190 	EXP 	fixation: autoDraw = True
348.4201 	EXP 	Device response: <KeyPress from None: t=348.19583209999837, value=right, duration=0.2084692000062205>
348.7029 	EXP 	fixation: autoDraw = False
348.7029 	EXP 	cue_text: autoDraw = True
349.0022 	EXP 	cue_text: autoDraw = False
349.3024 	INFO 	Keyboard events cleared
349.3022 	EXP 	target: autoDraw = True
349.6691 	EXP 	Device response: <KeyPress from None: t=349.6596358000097, value=left, duration=None>
349.6697 	EXP 	New trial (rep=20, index=2): <Trial 202 (2 in rep 20) data={'cue_arrow': '→', 'target_x': 0.5, 'condition': 'valid', 'corr_Ans': 'right', 'thisN': 202, 'thisTrialN': 2, 'thisRepN': 20}>
349.6733 	DATA 	Keypress: left
349.6861 	EXP 	fixation: autoDraw = False
349.6861 	EXP 	cue_text: autoDraw = False
349.6861 	EXP 	target: autoDraw = False
349.6861 	EXP 	cue_text: height = np.float64(0.1)
349.6861 	EXP 	cue_text: height = np.float64(0.1)
349.6861 	EXP 	cue_text: height = np.float64(0.1)
349.6861 	EXP 	cue_text: text = '→'
349.6861 	EXP 	fixation: autoDraw = True
349.8367 	EXP 	Device response: <KeyPress from None: t=349.6596358000097, value=left, duration=0.16713469999376684>
350.1696 	EXP 	fixation: autoDraw = False
350.1696 	EXP 	cue_text: autoDraw = True
350.4699 	EXP 	cue_text: autoDraw = False
350.7686 	INFO 	Keyboard events cleared
350.7684 	EXP 	target: autoDraw = True
351.0552 	DATA 	Keypress: left
351.0688 	EXP 	Device response: <KeyPress from None: t=351.0545764999988, value=left, duration=None>
351.0692 	EXP 	New trial (rep=20, index=3): <Trial 203 (3 in rep 20) data={'cue_arrow': '←', 'target_x': -0.5, 'condition': 'valid', 'corr_Ans': 'left', 'thisN': 203, 'thisTrialN': 3, 'thisRepN': 20}>
351.0865 	EXP 	fixation: autoDraw = False
351.0865 	EXP 	cue_text: autoDraw = False
351.0865 	EXP 	target: autoDraw = False
351.0865 	EXP 	cue_text: height = np.float64(0.1)
351.0865 	EXP 	cue_text: height = np.float64(0.1)
351.0865 	EXP 	cue_text: height = np.float64(0.1)
351.0865 	EXP 	cue_text: text = '←'
351.0865 	EXP 	fixation: autoDraw = True
351.2355 	EXP 	Device response: <KeyPress from None: t=351.0545764999988, value=left, duration=0.17299410000850912>
351.5700 	EXP 	fixation: autoDraw = False
351.5700 	EXP 	cue_text: autoDraw = True
351.8697 	EXP 	cue_text: autoDraw = False
352.1702 	INFO 	Keyboard events cleared
352.1700 	EXP 	target: autoDraw = True
352.5862 	EXP 	Device response: <KeyPress from None: t=352.58518080000067, value=left, duration=None>
352.5866 	EXP 	New trial (rep=20, index=4): <Trial 204 (4 in rep 20) data={'cue_arrow': '→', 'target_x': -0.5, 'condition': 'invalid', 'corr_Ans': 'left', 'thisN': 204, 'thisTrialN': 4, 'thisRepN': 20}>
352.5896 	DATA 	Keypress: left
352.6015 	EXP 	fixation: autoDraw = False
352.6015 	EXP 	cue_text: autoDraw = False
352.6015 	EXP 	target: autoDraw = False
352.6015 	EXP 	cue_text: height = np.float64(0.1)
352.6015 	EXP 	cue_text: height = np.float64(0.1)
352.6015 	EXP 	cue_text: height = np.float64(0.1)
352.6015 	EXP 	cue_text: text = '→'
352.6015 	EXP 	fixation: autoDraw = True
352.7691 	EXP 	Device response: <KeyPress from None: t=352.58518080000067, value=left, duration=0.17096220000530593>
353.1033 	EXP 	fixation: autoDraw = False
353.1033 	EXP 	cue_text: autoDraw = True
353.3853 	EXP 	cue_text: autoDraw = False
353.6866 	INFO 	Keyboard events cleared
353.6864 	EXP 	target: autoDraw = True
354.3857 	EXP 	Device response: <KeyPress from None: t=354.3695352000068, value=left, duration=None>
354.3861 	EXP 	New trial (rep=20, index=5): <Trial 205 (5 in rep 20) data={'cue_arrow': '←', 'target_x': -0.5, 'condition': 'valid', 'corr_Ans': 'left', 'thisN': 205, 'thisTrialN': 5, 'thisRepN': 20}>
354.3892 	DATA 	Keypress: left
354.4035 	EXP 	fixation: autoDraw = False
354.4035 	EXP 	cue_text: autoDraw = False
354.4035 	EXP 	target: autoDraw = False
354.4035 	EXP 	cue_text: height = np.float64(0.1)
354.4035 	EXP 	cue_text: height = np.float64(0.1)
354.4035 	EXP 	cue_text: height = np.float64(0.1)
354.4035 	EXP 	cue_text: text = '←'
354.4035 	EXP 	fixation: autoDraw = True
354.5690 	EXP 	Device response: <KeyPress from None: t=354.3695352000068, value=left, duration=0.1925174999923911>
354.8862 	EXP 	fixation: autoDraw = False
354.8862 	EXP 	cue_text: autoDraw = True
355.1861 	EXP 	cue_text: autoDraw = False
355.4867 	INFO 	Keyboard events cleared
355.4865 	EXP 	target: autoDraw = True
356.4858 	EXP 	Device response: <KeyPress from None: t=356.4749582000077, value=left, duration=None>
356.4862 	EXP 	New trial (rep=20, index=6): <Trial 206 (6 in rep 20) data={'cue_arrow': '→', 'target_x': 0.5, 'condition': 'valid', 'corr_Ans': 'right', 'thisN': 206, 'thisTrialN': 6, 'thisRepN': 20}>
356.4892 	DATA 	Keypress: left
356.5029 	EXP 	fixation: autoDraw = False
356.5029 	EXP 	cue_text: autoDraw = False
356.5029 	EXP 	target: autoDraw = False
356.5029 	EXP 	cue_text: height = np.float64(0.1)
356.5029 	EXP 	cue_text: height = np.float64(0.1)
356.5029 	EXP 	cue_text: height = np.float64(0.1)
356.5029 	EXP 	cue_text: text = '→'
356.5029 	EXP 	fixation: autoDraw = True
356.6523 	EXP 	Device response: <KeyPress from None: t=356.4749582000077, value=left, duration=0.17454670000006445>
356.9867 	EXP 	fixation: autoDraw = False
356.9867 	EXP 	cue_text: autoDraw = True
357.2863 	EXP 	cue_text: autoDraw = False
357.5866 	INFO 	Keyboard events cleared
357.5864 	EXP 	target: autoDraw = True
358.2858 	EXP 	Device response: <KeyPress from None: t=358.27950950000377, value=right, duration=None>
358.2862 	EXP 	New trial (rep=20, index=7): <Trial 207 (7 in rep 20) data={'cue_arrow': '→', 'target_x': 0.5, 'condition': 'valid', 'corr_Ans': 'right', 'thisN': 207, 'thisTrialN': 7, 'thisRepN': 20}>
358.2875 	DATA 	Keypress: right
358.3021 	EXP 	fixation: autoDraw = False
358.3021 	EXP 	cue_text: autoDraw = False
358.3021 	EXP 	target: autoDraw = False
358.3021 	EXP 	cue_text: text = '→'
358.3021 	EXP 	fixation: autoDraw = True
358.4533 	EXP 	Device response: <KeyPress from None: t=358.27950950000377, value=right, duration=0.15797369999927469>
358.7868 	EXP 	fixation: autoDraw = False
358.7868 	EXP 	cue_text: autoDraw = True
359.1034 	EXP 	cue_text: autoDraw = False
359.3870 	INFO 	Keyboard events cleared
359.3868 	EXP 	target: autoDraw = True
359.7526 	EXP 	Device response: <KeyPress from None: t=359.74035160000494, value=right, duration=None>
359.7530 	EXP 	New trial (rep=20, index=8): <Trial 208 (8 in rep 20) data={'cue_arrow': '←', 'target_x': 0.5, 'condition': 'invalid', 'corr_Ans': 'right', 'thisN': 208, 'thisTrialN': 8, 'thisRepN': 20}>
359.7562 	DATA 	Keypress: right
359.7690 	EXP 	fixation: autoDraw = False
359.7690 	EXP 	cue_text: autoDraw = False
359.7690 	EXP 	target: autoDraw = False
359.7690 	EXP 	cue_text: height = np.float64(0.1)
359.7690 	EXP 	cue_text: height = np.float64(0.1)
359.7690 	EXP 	cue_text: height = np.float64(0.1)
359.7690 	EXP 	cue_text: text = '←'
359.7690 	EXP 	fixation: autoDraw = True
359.9531 	EXP 	Device response: <KeyPress from None: t=359.74035160000494, value=right, duration=0.19937580000259914>
360.2535 	EXP 	fixation: autoDraw = False
360.2535 	EXP 	cue_text: autoDraw = True
360.5535 	EXP 	cue_text: autoDraw = False
360.8537 	INFO 	Keyboard events cleared
360.8535 	EXP 	target: autoDraw = True
362.5030 	EXP 	Device response: <KeyPress from None: t=362.49445320000814, value=right, duration=None>
362.5035 	EXP 	New trial (rep=20, index=9): <Trial 209 (9 in rep 20) data={'cue_arrow': '←', 'target_x': -0.5, 'condition': 'valid', 'corr_Ans': 'left', 'thisN': 209, 'thisTrialN': 9, 'thisRepN': 20}>
362.5050 	DATA 	Keypress: right
362.5202 	EXP 	fixation: autoDraw = False
362.5202 	EXP 	cue_text: autoDraw = False
362.5202 	EXP 	target: autoDraw = False
362.5202 	EXP 	cue_text: text = '←'
362.5202 	EXP 	fixation: autoDraw = True
362.6537 	EXP 	Device response: <KeyPress from None: t=362.49445320000814, value=right, duration=0.15744809999887366>
363.0018 	EXP 	fixation: autoDraw = False
363.0018 	EXP 	cue_text: autoDraw = True
363.3033 	EXP 	cue_text: autoDraw = False
363.6038 	INFO 	Keyboard events cleared
363.6035 	EXP 	target: autoDraw = True
363.8384 	DATA 	Keypress: left
363.8525 	EXP 	Device response: <KeyPress from None: t=363.83787430000666, value=left, duration=None>
363.8529 	EXP 	New trial (rep=21, index=0): <Trial 210 (0 in rep 21) data={'cue_arrow': '→', 'target_x': 0.5, 'condition': 'valid', 'corr_Ans': 'right', 'thisN': 210, 'thisTrialN': 0, 'thisRepN': 21}>
363.8693 	EXP 	fixation: autoDraw = False
363.8693 	EXP 	cue_text: autoDraw = False
363.8693 	EXP 	target: autoDraw = False
363.8693 	EXP 	cue_text: height = np.float64(0.1)
363.8693 	EXP 	cue_text: height = np.float64(0.1)
363.8693 	EXP 	cue_text: height = np.float64(0.1)
363.8693 	EXP 	cue_text: text = '→'
363.8693 	EXP 	fixation: autoDraw = True
364.0357 	EXP 	Device response: <KeyPress from None: t=363.83787430000666, value=left, duration=0.1848108999984106>
364.3535 	EXP 	fixation: autoDraw = False
364.3535 	EXP 	cue_text: autoDraw = True
364.6539 	EXP 	cue_text: autoDraw = False
364.9536 	INFO 	Keyboard events cleared
364.9534 	EXP 	target: autoDraw = True
365.2035 	EXP 	Device response: <KeyPress from None: t=365.1930813000072, value=right, duration=None>
365.2040 	EXP 	New trial (rep=21, index=1): <Trial 211 (1 in rep 21) data={'cue_arrow': '→', 'target_x': -0.5, 'condition': 'invalid', 'corr_Ans': 'left', 'thisN': 211, 'thisTrialN': 1, 'thisRepN': 21}>
365.2055 	DATA 	Keypress: right
365.2187 	EXP 	fixation: autoDraw = False
365.2187 	EXP 	cue_text: autoDraw = False
365.2187 	EXP 	target: autoDraw = False
365.2187 	EXP 	cue_text: text = '→'
365.2187 	EXP 	fixation: autoDraw = True
365.3537 	EXP 	Device response: <KeyPress from None: t=365.1930813000072, value=right, duration=0.1494642999896314>
365.7037 	EXP 	fixation: autoDraw = False
365.7037 	EXP 	cue_text: autoDraw = True
366.0031 	EXP 	cue_text: autoDraw = False
366.3021 	INFO 	Keyboard events cleared
366.3019 	EXP 	target: autoDraw = True
367.4525 	EXP 	Device response: <KeyPress from None: t=367.44791540000006, value=left, duration=None>
367.4530 	EXP 	New trial (rep=21, index=2): <Trial 212 (2 in rep 21) data={'cue_arrow': '←', 'target_x': 0.5, 'condition': 'invalid', 'corr_Ans': 'right', 'thisN': 212, 'thisTrialN': 2, 'thisRepN': 21}>
367.4561 	DATA 	Keypress: left
367.4696 	EXP 	fixation: autoDraw = False
367.4696 	EXP 	cue_text: autoDraw = False
367.4696 	EXP 	target: autoDraw = False
367.4696 	EXP 	cue_text: height = np.float64(0.1)
367.4696 	EXP 	cue_text: height = np.float64(0.1)
367.4696 	EXP 	cue_text: height = np.float64(0.1)
367.4696 	EXP 	cue_text: text = '←'
367.4696 	EXP 	fixation: autoDraw = True
367.5700 	EXP 	Device response: <KeyPress from None: t=367.44791540000006, value=left, duration=0.11970380001002923>
367.9536 	EXP 	fixation: autoDraw = False
367.9536 	EXP 	cue_text: autoDraw = True
368.2528 	EXP 	cue_text: autoDraw = False
368.5536 	INFO 	Keyboard events cleared
368.5534 	EXP 	target: autoDraw = True
369.0858 	EXP 	Device response: <KeyPress from None: t=369.07112220001, value=right, duration=None>
369.0863 	EXP 	New trial (rep=21, index=3): <Trial 213 (3 in rep 21) data={'cue_arrow': '←', 'target_x': -0.5, 'condition': 'valid', 'corr_Ans': 'left', 'thisN': 213, 'thisTrialN': 3, 'thisRepN': 21}>
369.0875 	DATA 	Keypress: right
369.1034 	EXP 	fixation: autoDraw = False
369.1034 	EXP 	cue_text: autoDraw = False
369.1034 	EXP 	target: autoDraw = False
369.1034 	EXP 	cue_text: text = '←'
369.1034 	EXP 	fixation: autoDraw = True
369.2033 	EXP 	Device response: <KeyPress from None: t=369.07112220001, value=right, duration=0.12785829999484122>
369.5853 	EXP 	fixation: autoDraw = False
369.5853 	EXP 	cue_text: autoDraw = True
369.8865 	EXP 	cue_text: autoDraw = False
370.1866 	INFO 	Keyboard events cleared
370.1864 	EXP 	target: autoDraw = True
371.0360 	EXP 	Device response: <KeyPress from None: t=371.02983739999763, value=left, duration=None>
371.0364 	EXP 	New trial (rep=21, index=4): <Trial 214 (4 in rep 21) data={'cue_arrow': '→', 'target_x': 0.5, 'condition': 'valid', 'corr_Ans': 'right', 'thisN': 214, 'thisTrialN': 4, 'thisRepN': 21}>
371.0396 	DATA 	Keypress: left
371.0519 	EXP 	fixation: autoDraw = False
371.0519 	EXP 	cue_text: autoDraw = False
371.0519 	EXP 	target: autoDraw = False
371.0519 	EXP 	cue_text: height = np.float64(0.1)
371.0519 	EXP 	cue_text: height = np.float64(0.1)
371.0519 	EXP 	cue_text: height = np.float64(0.1)
371.0519 	EXP 	cue_text: text = '→'
371.0519 	EXP 	fixation: autoDraw = True
371.1544 	EXP 	Device response: <KeyPress from None: t=371.02983739999763, value=left, duration=0.11730480000551324>
371.5364 	EXP 	fixation: autoDraw = False
371.5364 	EXP 	cue_text: autoDraw = True
371.8367 	EXP 	cue_text: autoDraw = False
372.1369 	INFO 	Keyboard events cleared
372.1367 	EXP 	target: autoDraw = True
372.4694 	EXP 	Device response: <KeyPress from None: t=372.4547692000051, value=right, duration=None>
372.4698 	EXP 	New trial (rep=21, index=5): <Trial 215 (5 in rep 21) data={'cue_arrow': '→', 'target_x': 0.5, 'condition': 'valid', 'corr_Ans': 'right', 'thisN': 215, 'thisTrialN': 5, 'thisRepN': 21}>
372.4710 	DATA 	Keypress: right
372.4865 	EXP 	fixation: autoDraw = False
372.4865 	EXP 	cue_text: autoDraw = False
372.4865 	EXP 	target: autoDraw = False
372.4865 	EXP 	cue_text: text = '→'
372.4865 	EXP 	fixation: autoDraw = True
372.6371 	EXP 	Device response: <KeyPress from None: t=372.4547692000051, value=right, duration=0.17361240000172984>
372.9703 	EXP 	fixation: autoDraw = False
372.9703 	EXP 	cue_text: autoDraw = True
373.2688 	EXP 	cue_text: autoDraw = False
373.5697 	INFO 	Keyboard events cleared
373.5695 	EXP 	target: autoDraw = True
373.7362 	EXP 	Device response: <KeyPress from None: t=373.7244161999988, value=right, duration=None>
373.7365 	EXP 	New trial (rep=21, index=6): <Trial 216 (6 in rep 21) data={'cue_arrow': '←', 'target_x': -0.5, 'condition': 'valid', 'corr_Ans': 'left', 'thisN': 216, 'thisTrialN': 6, 'thisRepN': 21}>
373.7408 	DATA 	Keypress: right
373.7536 	EXP 	fixation: autoDraw = False
373.7536 	EXP 	cue_text: autoDraw = False
373.7536 	EXP 	target: autoDraw = False
373.7536 	EXP 	cue_text: height = np.float64(0.1)
373.7536 	EXP 	cue_text: height = np.float64(0.1)
373.7536 	EXP 	cue_text: height = np.float64(0.1)
373.7536 	EXP 	cue_text: text = '←'
373.7536 	EXP 	fixation: autoDraw = True
373.9026 	EXP 	Device response: <KeyPress from None: t=373.7244161999988, value=right, duration=0.17094870000437368>
374.2369 	EXP 	fixation: autoDraw = False
374.2369 	EXP 	cue_text: autoDraw = True
374.5371 	EXP 	cue_text: autoDraw = False
374.8363 	INFO 	Keyboard events cleared
374.8361 	EXP 	target: autoDraw = True
375.3025 	EXP 	Device response: <KeyPress from None: t=375.29075260000536, value=left, duration=None>
375.3030 	EXP 	New trial (rep=21, index=7): <Trial 217 (7 in rep 21) data={'cue_arrow': '←', 'target_x': -0.5, 'condition': 'valid', 'corr_Ans': 'left', 'thisN': 217, 'thisTrialN': 7, 'thisRepN': 21}>
375.3045 	DATA 	Keypress: left
375.3201 	EXP 	fixation: autoDraw = False
375.3201 	EXP 	cue_text: autoDraw = False
375.3201 	EXP 	target: autoDraw = False
375.3201 	EXP 	cue_text: text = '←'
375.3201 	EXP 	fixation: autoDraw = True
375.4701 	EXP 	Device response: <KeyPress from None: t=375.29075260000536, value=left, duration=0.1763178999972297>
375.8038 	EXP 	fixation: autoDraw = False
375.8038 	EXP 	cue_text: autoDraw = True
376.1022 	EXP 	cue_text: autoDraw = False
376.4024 	INFO 	Keyboard events cleared
376.4022 	EXP 	target: autoDraw = True
376.7862 	EXP 	Device response: <KeyPress from None: t=376.77260950001073, value=left, duration=None>
376.7867 	EXP 	New trial (rep=21, index=8): <Trial 218 (8 in rep 21) data={'cue_arrow': '→', 'target_x': 0.5, 'condition': 'valid', 'corr_Ans': 'right', 'thisN': 218, 'thisTrialN': 8, 'thisRepN': 21}>
376.7898 	DATA 	Keypress: left
376.8029 	EXP 	fixation: autoDraw = False
376.8029 	EXP 	cue_text: autoDraw = False
376.8029 	EXP 	target: autoDraw = False
376.8029 	EXP 	cue_text: height = np.float64(0.1)
376.8029 	EXP 	cue_text: height = np.float64(0.1)
376.8029 	EXP 	cue_text: height = np.float64(0.1)
376.8029 	EXP 	cue_text: text = '→'
376.8029 	EXP 	fixation: autoDraw = True
376.9362 	EXP 	Device response: <KeyPress from None: t=376.77260950001073, value=left, duration=0.15462939999997616>
377.2871 	EXP 	fixation: autoDraw = False
377.2871 	EXP 	cue_text: autoDraw = True
377.5870 	EXP 	cue_text: autoDraw = False
377.8872 	INFO 	Keyboard events cleared
377.8870 	EXP 	target: autoDraw = True
378.1358 	EXP 	Device response: <KeyPress from None: t=378.13083200000983, value=right, duration=None>
378.1362 	EXP 	New trial (rep=21, index=9): <Trial 219 (9 in rep 21) data={'cue_arrow': '←', 'target_x': -0.5, 'condition': 'valid', 'corr_Ans': 'left', 'thisN': 219, 'thisTrialN': 9, 'thisRepN': 21}>
378.1398 	DATA 	Keypress: right
378.1524 	EXP 	fixation: autoDraw = False
378.1524 	EXP 	cue_text: autoDraw = False
378.1524 	EXP 	target: autoDraw = False
378.1524 	EXP 	cue_text: height = np.float64(0.1)
378.1524 	EXP 	cue_text: height = np.float64(0.1)
378.1524 	EXP 	cue_text: height = np.float64(0.1)
378.1524 	EXP 	cue_text: text = '←'
378.1524 	EXP 	fixation: autoDraw = True
378.3193 	EXP 	Device response: <KeyPress from None: t=378.13083200000983, value=right, duration=0.18300369998905808>
378.6371 	EXP 	fixation: autoDraw = False
378.6371 	EXP 	cue_text: autoDraw = True
378.9368 	EXP 	cue_text: autoDraw = False
379.2359 	INFO 	Keyboard events cleared
379.2357 	EXP 	target: autoDraw = True
379.5361 	EXP 	Device response: <KeyPress from None: t=379.5213950000034, value=left, duration=None>
379.5364 	EXP 	New trial (rep=22, index=0): <Trial 220 (0 in rep 22) data={'cue_arrow': '→', 'target_x': 0.5, 'condition': 'valid', 'corr_Ans': 'right', 'thisN': 220, 'thisTrialN': 0, 'thisRepN': 22}>
379.5395 	DATA 	Keypress: left
379.5528 	EXP 	fixation: autoDraw = False
379.5528 	EXP 	cue_text: autoDraw = False
379.5528 	EXP 	target: autoDraw = False
379.5528 	EXP 	cue_text: height = np.float64(0.1)
379.5528 	EXP 	cue_text: height = np.float64(0.1)
379.5528 	EXP 	cue_text: height = np.float64(0.1)
379.5528 	EXP 	cue_text: text = '→'
379.5528 	EXP 	fixation: autoDraw = True
379.7030 	EXP 	Device response: <KeyPress from None: t=379.5213950000034, value=left, duration=0.16742739999608602>
380.0374 	EXP 	fixation: autoDraw = False
380.0374 	EXP 	cue_text: autoDraw = True
380.3357 	EXP 	cue_text: autoDraw = False
380.6372 	INFO 	Keyboard events cleared
380.6370 	EXP 	target: autoDraw = True
380.7363 	EXP 	Device response: <KeyPress from None: t=380.7247648000048, value=right, duration=None>
380.7366 	EXP 	New trial (rep=22, index=1): <Trial 221 (1 in rep 22) data={'cue_arrow': '→', 'target_x': 0.5, 'condition': 'valid', 'corr_Ans': 'right', 'thisN': 221, 'thisTrialN': 1, 'thisRepN': 22}>
380.7379 	DATA 	Keypress: right
380.7534 	EXP 	fixation: autoDraw = False
380.7534 	EXP 	cue_text: autoDraw = False
380.7534 	EXP 	target: autoDraw = False
380.7534 	EXP 	cue_text: text = '→'
380.7534 	EXP 	fixation: autoDraw = True
380.9203 	EXP 	Device response: <KeyPress from None: t=380.7247648000048, value=right, duration=0.1804928000055952>
381.2538 	EXP 	fixation: autoDraw = False
381.2538 	EXP 	cue_text: autoDraw = True
381.5371 	EXP 	cue_text: autoDraw = False
381.8373 	INFO 	Keyboard events cleared
381.8370 	EXP 	target: autoDraw = True
382.1027 	EXP 	Device response: <KeyPress from None: t=382.0945139000105, value=right, duration=None>
382.1032 	EXP 	New trial (rep=22, index=2): <Trial 222 (2 in rep 22) data={'cue_arrow': '→', 'target_x': 0.5, 'condition': 'valid', 'corr_Ans': 'right', 'thisN': 222, 'thisTrialN': 2, 'thisRepN': 22}>
382.1045 	DATA 	Keypress: right
382.1192 	EXP 	fixation: autoDraw = False
382.1192 	EXP 	cue_text: autoDraw = False
382.1192 	EXP 	target: autoDraw = False
382.1192 	EXP 	cue_text: text = '→'
382.1192 	EXP 	fixation: autoDraw = True
382.2528 	EXP 	Device response: <KeyPress from None: t=382.0945139000105, value=right, duration=0.15028189998702146>
382.6032 	EXP 	fixation: autoDraw = False
382.6032 	EXP 	cue_text: autoDraw = True
382.9027 	EXP 	cue_text: autoDraw = False
383.2026 	INFO 	Keyboard events cleared
383.2024 	EXP 	target: autoDraw = True
383.4698 	EXP 	Device response: <KeyPress from None: t=383.4603184000007, value=right, duration=None>
383.4701 	EXP 	New trial (rep=22, index=3): <Trial 223 (3 in rep 22) data={'cue_arrow': '←', 'target_x': 0.5, 'condition': 'invalid', 'corr_Ans': 'right', 'thisN': 223, 'thisTrialN': 3, 'thisRepN': 22}>
383.4732 	DATA 	Keypress: right
383.4867 	EXP 	fixation: autoDraw = False
383.4867 	EXP 	cue_text: autoDraw = False
383.4867 	EXP 	target: autoDraw = False
383.4867 	EXP 	cue_text: height = np.float64(0.1)
383.4867 	EXP 	cue_text: height = np.float64(0.1)
383.4867 	EXP 	cue_text: height = np.float64(0.1)
383.4867 	EXP 	cue_text: text = '←'
383.4867 	EXP 	fixation: autoDraw = True
383.6362 	EXP 	Device response: <KeyPress from None: t=383.4603184000007, value=right, duration=0.16484860000491608>
383.9702 	EXP 	fixation: autoDraw = False
383.9702 	EXP 	cue_text: autoDraw = True
384.2688 	EXP 	cue_text: autoDraw = False
384.5703 	INFO 	Keyboard events cleared
384.5701 	EXP 	target: autoDraw = True
385.4865 	EXP 	Device response: <KeyPress from None: t=385.47930910000287, value=right, duration=None>
385.4869 	EXP 	New trial (rep=22, index=4): <Trial 224 (4 in rep 22) data={'cue_arrow': '←', 'target_x': -0.5, 'condition': 'valid', 'corr_Ans': 'left', 'thisN': 224, 'thisTrialN': 4, 'thisRepN': 22}>
385.4882 	DATA 	Keypress: right
385.5036 	EXP 	fixation: autoDraw = False
385.5036 	EXP 	cue_text: autoDraw = False
385.5036 	EXP 	target: autoDraw = False
385.5036 	EXP 	cue_text: text = '←'
385.5036 	EXP 	fixation: autoDraw = True
385.6376 	EXP 	Device response: <KeyPress from None: t=385.47930910000287, value=right, duration=0.15264879999449477>
385.9869 	EXP 	fixation: autoDraw = False
385.9869 	EXP 	cue_text: autoDraw = True
386.2868 	EXP 	cue_text: autoDraw = False
386.5875 	INFO 	Keyboard events cleared
386.5873 	EXP 	target: autoDraw = True
387.0363 	EXP 	Device response: <KeyPress from None: t=387.02584640000714, value=left, duration=None>
387.0366 	EXP 	New trial (rep=22, index=5): <Trial 225 (5 in rep 22) data={'cue_arrow': '←', 'target_x': -0.5, 'condition': 'valid', 'corr_Ans': 'left', 'thisN': 225, 'thisTrialN': 5, 'thisRepN': 22}>
387.0378 	DATA 	Keypress: left
387.0536 	EXP 	fixation: autoDraw = False
387.0536 	EXP 	cue_text: autoDraw = False
387.0536 	EXP 	target: autoDraw = False
387.0536 	EXP 	cue_text: text = '←'
387.0536 	EXP 	fixation: autoDraw = True
387.2039 	EXP 	Device response: <KeyPress from None: t=387.02584640000714, value=left, duration=0.17767409999214578>
387.5371 	EXP 	fixation: autoDraw = False
387.5371 	EXP 	cue_text: autoDraw = True
387.8369 	EXP 	cue_text: autoDraw = False
388.1375 	INFO 	Keyboard events cleared
388.1372 	EXP 	target: autoDraw = True
388.4696 	EXP 	Device response: <KeyPress from None: t=388.456234199999, value=left, duration=None>
388.4700 	EXP 	New trial (rep=22, index=6): <Trial 226 (6 in rep 22) data={'cue_arrow': '←', 'target_x': -0.5, 'condition': 'valid', 'corr_Ans': 'left', 'thisN': 226, 'thisTrialN': 6, 'thisRepN': 22}>
388.4713 	DATA 	Keypress: left
388.4855 	EXP 	fixation: autoDraw = False
388.4855 	EXP 	cue_text: autoDraw = False
388.4855 	EXP 	target: autoDraw = False
388.4855 	EXP 	cue_text: text = '←'
388.4855 	EXP 	fixation: autoDraw = True
388.6363 	EXP 	Device response: <KeyPress from None: t=388.456234199999, value=left, duration=0.16450820000318345>
388.9699 	EXP 	fixation: autoDraw = False
388.9699 	EXP 	cue_text: autoDraw = True
389.2692 	EXP 	cue_text: autoDraw = False
389.5694 	INFO 	Keyboard events cleared
389.5692 	EXP 	target: autoDraw = True
389.8032 	EXP 	Device response: <KeyPress from None: t=389.79533980000997, value=left, duration=None>
389.8035 	EXP 	New trial (rep=22, index=7): <Trial 227 (7 in rep 22) data={'cue_arrow': '→', 'target_x': -0.5, 'condition': 'invalid', 'corr_Ans': 'left', 'thisN': 227, 'thisTrialN': 7, 'thisRepN': 22}>
389.8067 	DATA 	Keypress: left
389.8189 	EXP 	fixation: autoDraw = False
389.8189 	EXP 	cue_text: autoDraw = False
389.8189 	EXP 	target: autoDraw = False
389.8189 	EXP 	cue_text: height = np.float64(0.1)
389.8189 	EXP 	cue_text: height = np.float64(0.1)
389.8189 	EXP 	cue_text: height = np.float64(0.1)
389.8189 	EXP 	cue_text: text = '→'
389.8189 	EXP 	fixation: autoDraw = True
389.9362 	EXP 	Device response: <KeyPress from None: t=389.79533980000997, value=left, duration=0.13486449999618344>
390.3040 	EXP 	fixation: autoDraw = False
390.3040 	EXP 	cue_text: autoDraw = True
390.6038 	EXP 	cue_text: autoDraw = False
390.9041 	INFO 	Keyboard events cleared
390.9039 	EXP 	target: autoDraw = True
391.5873 	EXP 	Device response: <KeyPress from None: t=391.5784115999995, value=left, duration=None>
391.5877 	EXP 	New trial (rep=22, index=8): <Trial 228 (8 in rep 22) data={'cue_arrow': '→', 'target_x': 0.5, 'condition': 'valid', 'corr_Ans': 'right', 'thisN': 228, 'thisTrialN': 8, 'thisRepN': 22}>
391.5890 	DATA 	Keypress: left
391.6029 	EXP 	fixation: autoDraw = False
391.6029 	EXP 	cue_text: autoDraw = False
391.6029 	EXP 	target: autoDraw = False
391.6029 	EXP 	cue_text: text = '→'
391.6029 	EXP 	fixation: autoDraw = True
391.7529 	EXP 	Device response: <KeyPress from None: t=391.5784115999995, value=left, duration=0.1644522999995388>
392.0871 	EXP 	fixation: autoDraw = False
392.0871 	EXP 	cue_text: autoDraw = True
392.4033 	EXP 	cue_text: autoDraw = False
392.6871 	INFO 	Keyboard events cleared
392.6869 	EXP 	target: autoDraw = True
393.4209 	EXP 	Device response: <KeyPress from None: t=393.41256730000896, value=right, duration=None>
393.4213 	EXP 	New trial (rep=22, index=9): <Trial 229 (9 in rep 22) data={'cue_arrow': '←', 'target_x': -0.5, 'condition': 'valid', 'corr_Ans': 'left', 'thisN': 229, 'thisTrialN': 9, 'thisRepN': 22}>
393.4252 	DATA 	Keypress: right
393.4349 	EXP 	fixation: autoDraw = False
393.4349 	EXP 	cue_text: autoDraw = False
393.4349 	EXP 	target: autoDraw = False
393.4349 	EXP 	cue_text: height = np.float64(0.1)
393.4349 	EXP 	cue_text: height = np.float64(0.1)
393.4349 	EXP 	cue_text: height = np.float64(0.1)
393.4349 	EXP 	cue_text: text = '←'
393.4349 	EXP 	fixation: autoDraw = True
393.5533 	EXP 	Device response: <KeyPress from None: t=393.41256730000896, value=right, duration=0.1275994999887189>
393.9197 	EXP 	fixation: autoDraw = False
393.9197 	EXP 	cue_text: autoDraw = True
394.2203 	EXP 	cue_text: autoDraw = False
394.5207 	INFO 	Keyboard events cleared
394.5206 	EXP 	target: autoDraw = True
394.8204 	DATA 	Keypress: left
394.8364 	EXP 	Device response: <KeyPress from None: t=394.81988660000206, value=left, duration=None>
394.8368 	EXP 	New trial (rep=23, index=0): <Trial 230 (0 in rep 23) data={'cue_arrow': '←', 'target_x': -0.5, 'condition': 'valid', 'corr_Ans': 'left', 'thisN': 230, 'thisTrialN': 0, 'thisRepN': 23}>
394.8535 	EXP 	fixation: autoDraw = False
394.8535 	EXP 	cue_text: autoDraw = False
394.8535 	EXP 	target: autoDraw = False
394.8535 	EXP 	cue_text: text = '←'
394.8535 	EXP 	fixation: autoDraw = True
395.0033 	EXP 	Device response: <KeyPress from None: t=394.81988660000206, value=left, duration=0.16872080000757705>
395.3375 	EXP 	fixation: autoDraw = False
395.3375 	EXP 	cue_text: autoDraw = True
395.6364 	EXP 	cue_text: autoDraw = False
395.9377 	INFO 	Keyboard events cleared
395.9375 	EXP 	target: autoDraw = True
396.3702 	EXP 	Device response: <KeyPress from None: t=396.3562177999993, value=left, duration=None>
396.3706 	EXP 	New trial (rep=23, index=1): <Trial 231 (1 in rep 23) data={'cue_arrow': '→', 'target_x': -0.5, 'condition': 'invalid', 'corr_Ans': 'left', 'thisN': 231, 'thisTrialN': 1, 'thisRepN': 23}>
396.3740 	DATA 	Keypress: left
396.3865 	EXP 	fixation: autoDraw = False
396.3865 	EXP 	cue_text: autoDraw = False
396.3865 	EXP 	target: autoDraw = False
396.3865 	EXP 	cue_text: height = np.float64(0.1)
396.3865 	EXP 	cue_text: height = np.float64(0.1)
396.3865 	EXP 	cue_text: height = np.float64(0.1)
396.3865 	EXP 	cue_text: text = '→'
396.3865 	EXP 	fixation: autoDraw = True
396.5529 	EXP 	Device response: <KeyPress from None: t=396.3562177999993, value=left, duration=0.1838973999983864>
396.8702 	EXP 	fixation: autoDraw = False
396.8702 	EXP 	cue_text: autoDraw = True
397.1708 	EXP 	cue_text: autoDraw = False
397.4707 	INFO 	Keyboard events cleared
397.4705 	EXP 	target: autoDraw = True
398.0530 	EXP 	Device response: <KeyPress from None: t=398.0400738000026, value=left, duration=None>
398.0534 	EXP 	New trial (rep=23, index=2): <Trial 232 (2 in rep 23) data={'cue_arrow': '←', 'target_x': 0.5, 'condition': 'invalid', 'corr_Ans': 'right', 'thisN': 232, 'thisTrialN': 2, 'thisRepN': 23}>
398.0568 	DATA 	Keypress: left
398.0698 	EXP 	fixation: autoDraw = False
398.0698 	EXP 	cue_text: autoDraw = False
398.0698 	EXP 	target: autoDraw = False
398.0698 	EXP 	cue_text: height = np.float64(0.1)
398.0698 	EXP 	cue_text: height = np.float64(0.1)
398.0698 	EXP 	cue_text: height = np.float64(0.1)
398.0698 	EXP 	cue_text: text = '←'
398.0698 	EXP 	fixation: autoDraw = True
398.1876 	EXP 	Device response: <KeyPress from None: t=398.0400738000026, value=left, duration=0.1320960000011837>
398.5536 	EXP 	fixation: autoDraw = False
398.5536 	EXP 	cue_text: autoDraw = True
398.8536 	EXP 	cue_text: autoDraw = False
399.1542 	INFO 	Keyboard events cleared
399.1540 	EXP 	target: autoDraw = True
399.6703 	EXP 	Device response: <KeyPress from None: t=399.65962710000167, value=right, duration=None>
399.6706 	EXP 	New trial (rep=23, index=3): <Trial 233 (3 in rep 23) data={'cue_arrow': '←', 'target_x': -0.5, 'condition': 'valid', 'corr_Ans': 'left', 'thisN': 233, 'thisTrialN': 3, 'thisRepN': 23}>
399.6720 	DATA 	Keypress: right
399.6862 	EXP 	fixation: autoDraw = False
399.6862 	EXP 	cue_text: autoDraw = False
399.6862 	EXP 	target: autoDraw = False
399.6862 	EXP 	cue_text: text = '←'
399.6862 	EXP 	fixation: autoDraw = True
399.7878 	EXP 	Device response: <KeyPress from None: t=399.65962710000167, value=right, duration=0.11698780000733677>
400.1701 	EXP 	fixation: autoDraw = False
400.1701 	EXP 	cue_text: autoDraw = True
400.4703 	EXP 	cue_text: autoDraw = False
400.7707 	INFO 	Keyboard events cleared
400.7705 	EXP 	target: autoDraw = True
401.1882 	DATA 	Keypress: left
401.2034 	EXP 	Device response: <KeyPress from None: t=401.1875729000021, value=left, duration=None>
401.2038 	EXP 	New trial (rep=23, index=4): <Trial 234 (4 in rep 23) data={'cue_arrow': '→', 'target_x': 0.5, 'condition': 'valid', 'corr_Ans': 'right', 'thisN': 234, 'thisTrialN': 4, 'thisRepN': 23}>
401.2204 	EXP 	fixation: autoDraw = False
401.2204 	EXP 	cue_text: autoDraw = False
401.2204 	EXP 	target: autoDraw = False
401.2204 	EXP 	cue_text: height = np.float64(0.1)
401.2204 	EXP 	cue_text: height = np.float64(0.1)
401.2204 	EXP 	cue_text: height = np.float64(0.1)
401.2204 	EXP 	cue_text: text = '→'
401.2204 	EXP 	fixation: autoDraw = True
401.3030 	EXP 	Device response: <KeyPress from None: t=401.1875729000021, value=left, duration=0.1092588000028627>
401.7039 	EXP 	fixation: autoDraw = False
401.7039 	EXP 	cue_text: autoDraw = True
402.0037 	EXP 	cue_text: autoDraw = False
402.3044 	INFO 	Keyboard events cleared
402.3042 	EXP 	target: autoDraw = True
402.9197 	EXP 	Device response: <KeyPress from None: t=402.9050893000094, value=right, duration=None>
402.9202 	EXP 	New trial (rep=23, index=5): <Trial 235 (5 in rep 23) data={'cue_arrow': '←', 'target_x': -0.5, 'condition': 'valid', 'corr_Ans': 'left', 'thisN': 235, 'thisTrialN': 5, 'thisRepN': 23}>
402.9237 	DATA 	Keypress: right
402.9363 	EXP 	fixation: autoDraw = False
402.9363 	EXP 	cue_text: autoDraw = False
402.9363 	EXP 	target: autoDraw = False
402.9363 	EXP 	cue_text: height = np.float64(0.1)
402.9363 	EXP 	cue_text: height = np.float64(0.1)
402.9363 	EXP 	cue_text: height = np.float64(0.1)
402.9363 	EXP 	cue_text: text = '←'
402.9363 	EXP 	fixation: autoDraw = True
403.0542 	EXP 	Device response: <KeyPress from None: t=402.9050893000094, value=right, duration=0.14444589999038726>
403.4201 	EXP 	fixation: autoDraw = False
403.4201 	EXP 	cue_text: autoDraw = True
403.7209 	EXP 	cue_text: autoDraw = False
404.0204 	INFO 	Keyboard events cleared
404.0202 	EXP 	target: autoDraw = True
404.4367 	EXP 	Device response: <KeyPress from None: t=404.4337678000011, value=left, duration=None>
404.4370 	EXP 	New trial (rep=23, index=6): <Trial 236 (6 in rep 23) data={'cue_arrow': '→', 'target_x': 0.5, 'condition': 'valid', 'corr_Ans': 'right', 'thisN': 236, 'thisTrialN': 6, 'thisRepN': 23}>
404.4401 	DATA 	Keypress: left
404.4525 	EXP 	fixation: autoDraw = False
404.4525 	EXP 	cue_text: autoDraw = False
404.4525 	EXP 	target: autoDraw = False
404.4525 	EXP 	cue_text: height = np.float64(0.1)
404.4525 	EXP 	cue_text: height = np.float64(0.1)
404.4525 	EXP 	cue_text: height = np.float64(0.1)
404.4525 	EXP 	cue_text: text = '→'
404.4525 	EXP 	fixation: autoDraw = True
404.5856 	EXP 	Device response: <KeyPress from None: t=404.4337678000011, value=left, duration=0.14334710000548512>
404.9377 	EXP 	fixation: autoDraw = False
404.9377 	EXP 	cue_text: autoDraw = True
405.2376 	EXP 	cue_text: autoDraw = False
405.5364 	INFO 	Keyboard events cleared
405.5362 	EXP 	target: autoDraw = True
405.9710 	DATA 	Keypress: right
405.9871 	EXP 	Device response: <KeyPress from None: t=405.96989370000665, value=right, duration=None>
405.9875 	EXP 	New trial (rep=23, index=7): <Trial 237 (7 in rep 23) data={'cue_arrow': '→', 'target_x': 0.5, 'condition': 'valid', 'corr_Ans': 'right', 'thisN': 237, 'thisTrialN': 7, 'thisRepN': 23}>
406.0039 	EXP 	fixation: autoDraw = False
406.0039 	EXP 	cue_text: autoDraw = False
406.0039 	EXP 	target: autoDraw = False
406.0039 	EXP 	cue_text: text = '→'
406.0039 	EXP 	fixation: autoDraw = True
406.1381 	EXP 	Device response: <KeyPress from None: t=405.96989370000665, value=right, duration=0.16224150000198279>
406.4871 	EXP 	fixation: autoDraw = False
406.4871 	EXP 	cue_text: autoDraw = True
406.8039 	EXP 	cue_text: autoDraw = False
407.1045 	INFO 	Keyboard events cleared
407.1043 	EXP 	target: autoDraw = True
407.5202 	EXP 	Device response: <KeyPress from None: t=407.508253100008, value=right, duration=None>
407.5206 	EXP 	New trial (rep=23, index=8): <Trial 238 (8 in rep 23) data={'cue_arrow': '←', 'target_x': -0.5, 'condition': 'valid', 'corr_Ans': 'left', 'thisN': 238, 'thisTrialN': 8, 'thisRepN': 23}>
407.5242 	DATA 	Keypress: right
407.5370 	EXP 	fixation: autoDraw = False
407.5370 	EXP 	cue_text: autoDraw = False
407.5370 	EXP 	target: autoDraw = False
407.5370 	EXP 	cue_text: height = np.float64(0.1)
407.5370 	EXP 	cue_text: height = np.float64(0.1)
407.5370 	EXP 	cue_text: height = np.float64(0.1)
407.5370 	EXP 	cue_text: text = '←'
407.5370 	EXP 	fixation: autoDraw = True
407.6876 	EXP 	Device response: <KeyPress from None: t=407.508253100008, value=right, duration=0.16443109999818262>
408.0205 	EXP 	fixation: autoDraw = False
408.0205 	EXP 	cue_text: autoDraw = True
408.3202 	EXP 	cue_text: autoDraw = False
408.6376 	INFO 	Keyboard events cleared
408.6374 	EXP 	target: autoDraw = True
409.0210 	EXP 	Device response: <KeyPress from None: t=409.01998360001016, value=left, duration=None>
409.0214 	EXP 	New trial (rep=23, index=9): <Trial 239 (9 in rep 23) data={'cue_arrow': '→', 'target_x': 0.5, 'condition': 'valid', 'corr_Ans': 'right', 'thisN': 239, 'thisTrialN': 9, 'thisRepN': 23}>
409.0264 	DATA 	Keypress: left
409.0358 	EXP 	fixation: autoDraw = False
409.0358 	EXP 	cue_text: autoDraw = False
409.0358 	EXP 	target: autoDraw = False
409.0358 	EXP 	cue_text: height = np.float64(0.1)
409.0358 	EXP 	cue_text: height = np.float64(0.1)
409.0358 	EXP 	cue_text: height = np.float64(0.1)
409.0358 	EXP 	cue_text: text = '→'
409.0358 	EXP 	fixation: autoDraw = True
409.2038 	EXP 	Device response: <KeyPress from None: t=409.01998360001016, value=left, duration=0.18278160000045318>
409.5375 	EXP 	fixation: autoDraw = False
409.5375 	EXP 	cue_text: autoDraw = True
409.8203 	EXP 	cue_text: autoDraw = False
410.1378 	INFO 	Keyboard events cleared
410.1376 	EXP 	target: autoDraw = True
410.6370 	EXP 	Device response: <KeyPress from None: t=410.6337670000066, value=right, duration=None>
410.6375 	EXP 	New trial (rep=24, index=0): <Trial 240 (0 in rep 24) data={'cue_arrow': '←', 'target_x': -0.5, 'condition': 'valid', 'corr_Ans': 'left', 'thisN': 240, 'thisTrialN': 0, 'thisRepN': 24}>
410.6406 	DATA 	Keypress: right
410.6531 	EXP 	fixation: autoDraw = False
410.6531 	EXP 	cue_text: autoDraw = False
410.6531 	EXP 	target: autoDraw = False
410.6531 	EXP 	cue_text: height = np.float64(0.1)
410.6531 	EXP 	cue_text: height = np.float64(0.1)
410.6531 	EXP 	cue_text: height = np.float64(0.1)
410.6531 	EXP 	cue_text: text = '←'
410.6531 	EXP 	fixation: autoDraw = True
410.7866 	EXP 	Device response: <KeyPress from None: t=410.6337670000066, value=right, duration=0.13816339999902993>
411.1372 	EXP 	fixation: autoDraw = False
411.1372 	EXP 	cue_text: autoDraw = True
411.4369 	EXP 	cue_text: autoDraw = False
411.7374 	INFO 	Keyboard events cleared
411.7372 	EXP 	target: autoDraw = True
412.2043 	EXP 	Device response: <KeyPress from None: t=412.1971191000048, value=left, duration=None>
412.2047 	EXP 	New trial (rep=24, index=1): <Trial 241 (1 in rep 24) data={'cue_arrow': '→', 'target_x': 0.5, 'condition': 'valid', 'corr_Ans': 'right', 'thisN': 241, 'thisTrialN': 1, 'thisRepN': 24}>
412.2078 	DATA 	Keypress: left
412.2204 	EXP 	fixation: autoDraw = False
412.2204 	EXP 	cue_text: autoDraw = False
412.2204 	EXP 	target: autoDraw = False
412.2204 	EXP 	cue_text: height = np.float64(0.1)
412.2204 	EXP 	cue_text: height = np.float64(0.1)
412.2204 	EXP 	cue_text: height = np.float64(0.1)
412.2204 	EXP 	cue_text: text = '→'
412.2204 	EXP 	fixation: autoDraw = True
412.3543 	EXP 	Device response: <KeyPress from None: t=412.1971191000048, value=left, duration=0.15436489999410696>
412.7044 	EXP 	fixation: autoDraw = False
412.7044 	EXP 	cue_text: autoDraw = True
413.0212 	EXP 	cue_text: autoDraw = False
413.3205 	INFO 	Keyboard events cleared
413.3203 	EXP 	target: autoDraw = True
413.5877 	EXP 	Device response: <KeyPress from None: t=413.5770060000068, value=right, duration=None>
413.5882 	EXP 	New trial (rep=24, index=2): <Trial 242 (2 in rep 24) data={'cue_arrow': '←', 'target_x': 0.5, 'condition': 'invalid', 'corr_Ans': 'right', 'thisN': 242, 'thisTrialN': 2, 'thisRepN': 24}>
413.5917 	DATA 	Keypress: right
413.6030 	EXP 	fixation: autoDraw = False
413.6030 	EXP 	cue_text: autoDraw = False
413.6030 	EXP 	target: autoDraw = False
413.6030 	EXP 	cue_text: height = np.float64(0.1)
413.6030 	EXP 	cue_text: height = np.float64(0.1)
413.6030 	EXP 	cue_text: height = np.float64(0.1)
413.6030 	EXP 	cue_text: text = '←'
413.6030 	EXP 	fixation: autoDraw = True
413.7366 	EXP 	Device response: <KeyPress from None: t=413.5770060000068, value=right, duration=0.15154659999825526>
414.1037 	EXP 	fixation: autoDraw = False
414.1037 	EXP 	cue_text: autoDraw = True
414.3878 	EXP 	cue_text: autoDraw = False
414.7042 	INFO 	Keyboard events cleared
414.7039 	EXP 	target: autoDraw = True
415.6543 	EXP 	Device response: <KeyPress from None: t=415.6439793000027, value=right, duration=None>
415.6546 	EXP 	New trial (rep=24, index=3): <Trial 243 (3 in rep 24) data={'cue_arrow': '←', 'target_x': -0.5, 'condition': 'valid', 'corr_Ans': 'left', 'thisN': 243, 'thisTrialN': 3, 'thisRepN': 24}>
415.6559 	DATA 	Keypress: right
415.6693 	EXP 	fixation: autoDraw = False
415.6693 	EXP 	cue_text: autoDraw = False
415.6693 	EXP 	target: autoDraw = False
415.6693 	EXP 	cue_text: text = '←'
415.6693 	EXP 	fixation: autoDraw = True
415.7701 	EXP 	Device response: <KeyPress from None: t=415.6439793000027, value=right, duration=0.11772239999845624>
416.1557 	EXP 	fixation: autoDraw = False
416.1557 	EXP 	cue_text: autoDraw = True
416.4544 	EXP 	cue_text: autoDraw = False
416.7547 	INFO 	Keyboard events cleared
416.7545 	EXP 	target: autoDraw = True
417.3367 	EXP 	Device response: <KeyPress from None: t=417.32481740000367, value=left, duration=None>
417.3370 	EXP 	New trial (rep=24, index=4): <Trial 244 (4 in rep 24) data={'cue_arrow': '→', 'target_x': 0.5, 'condition': 'valid', 'corr_Ans': 'right', 'thisN': 244, 'thisTrialN': 4, 'thisRepN': 24}>
417.3402 	DATA 	Keypress: left
417.3540 	EXP 	fixation: autoDraw = False
417.3540 	EXP 	cue_text: autoDraw = False
417.3540 	EXP 	target: autoDraw = False
417.3540 	EXP 	cue_text: height = np.float64(0.1)
417.3540 	EXP 	cue_text: height = np.float64(0.1)
417.3540 	EXP 	cue_text: height = np.float64(0.1)
417.3540 	EXP 	cue_text: text = '→'
417.3540 	EXP 	fixation: autoDraw = True
417.4541 	EXP 	Device response: <KeyPress from None: t=417.32481740000367, value=left, duration=0.11922789999516681>
417.8372 	EXP 	fixation: autoDraw = False
417.8372 	EXP 	cue_text: autoDraw = True
418.1371 	EXP 	cue_text: autoDraw = False
418.4376 	INFO 	Keyboard events cleared
418.4374 	EXP 	target: autoDraw = True
418.9201 	EXP 	Device response: <KeyPress from None: t=418.91653600000427, value=right, duration=None>
418.9206 	EXP 	New trial (rep=24, index=5): <Trial 245 (5 in rep 24) data={'cue_arrow': '→', 'target_x': 0.5, 'condition': 'valid', 'corr_Ans': 'right', 'thisN': 245, 'thisTrialN': 5, 'thisRepN': 24}>
418.9219 	DATA 	Keypress: right
418.9364 	EXP 	fixation: autoDraw = False
418.9364 	EXP 	cue_text: autoDraw = False
418.9364 	EXP 	target: autoDraw = False
418.9364 	EXP 	cue_text: text = '→'
418.9364 	EXP 	fixation: autoDraw = True
419.0867 	EXP 	Device response: <KeyPress from None: t=418.91653600000427, value=right, duration=0.15607670000463258>
419.4206 	EXP 	fixation: autoDraw = False
419.4206 	EXP 	cue_text: autoDraw = True
419.7205 	EXP 	cue_text: autoDraw = False
420.0212 	INFO 	Keyboard events cleared
420.0210 	EXP 	target: autoDraw = True
420.8558 	DATA 	Keypress: right
420.8701 	EXP 	Device response: <KeyPress from None: t=420.8547135999979, value=right, duration=None>
420.8706 	EXP 	New trial (rep=24, index=6): <Trial 246 (6 in rep 24) data={'cue_arrow': '→', 'target_x': -0.5, 'condition': 'invalid', 'corr_Ans': 'left', 'thisN': 246, 'thisTrialN': 6, 'thisRepN': 24}>
420.8864 	EXP 	fixation: autoDraw = False
420.8864 	EXP 	cue_text: autoDraw = False
420.8864 	EXP 	target: autoDraw = False
420.8864 	EXP 	cue_text: text = '→'
420.8864 	EXP 	fixation: autoDraw = True
421.0037 	EXP 	Device response: <KeyPress from None: t=420.8547135999979, value=right, duration=0.14115170000877697>
421.3704 	EXP 	fixation: autoDraw = False
421.3704 	EXP 	cue_text: autoDraw = True
421.6712 	EXP 	cue_text: autoDraw = False
421.9704 	INFO 	Keyboard events cleared
421.9702 	EXP 	target: autoDraw = True
423.3883 	EXP 	Device response: <KeyPress from None: t=423.37698939999973, value=left, duration=None>
423.3886 	EXP 	New trial (rep=24, index=7): <Trial 247 (7 in rep 24) data={'cue_arrow': '←', 'target_x': -0.5, 'condition': 'valid', 'corr_Ans': 'left', 'thisN': 247, 'thisTrialN': 7, 'thisRepN': 24}>
423.3919 	DATA 	Keypress: left
423.4041 	EXP 	fixation: autoDraw = False
423.4041 	EXP 	cue_text: autoDraw = False
423.4041 	EXP 	target: autoDraw = False
423.4041 	EXP 	cue_text: height = np.float64(0.1)
423.4041 	EXP 	cue_text: height = np.float64(0.1)
423.4041 	EXP 	cue_text: height = np.float64(0.1)
423.4041 	EXP 	cue_text: text = '←'
423.4041 	EXP 	fixation: autoDraw = True
423.5034 	EXP 	Device response: <KeyPress from None: t=423.37698939999973, value=left, duration=0.12221270000736695>
423.8879 	EXP 	fixation: autoDraw = False
423.8879 	EXP 	cue_text: autoDraw = True
424.2038 	EXP 	cue_text: autoDraw = False
424.4877 	INFO 	Keyboard events cleared
424.4875 	EXP 	target: autoDraw = True
424.8372 	EXP 	Device response: <KeyPress from None: t=424.82751980000467, value=left, duration=None>
424.8375 	EXP 	New trial (rep=24, index=8): <Trial 248 (8 in rep 24) data={'cue_arrow': '→', 'target_x': 0.5, 'condition': 'valid', 'corr_Ans': 'right', 'thisN': 248, 'thisTrialN': 8, 'thisRepN': 24}>
424.8405 	DATA 	Keypress: left
424.8530 	EXP 	fixation: autoDraw = False
424.8530 	EXP 	cue_text: autoDraw = False
424.8530 	EXP 	target: autoDraw = False
424.8530 	EXP 	cue_text: height = np.float64(0.1)
424.8530 	EXP 	cue_text: height = np.float64(0.1)
424.8530 	EXP 	cue_text: height = np.float64(0.1)
424.8530 	EXP 	cue_text: text = '→'
424.8530 	EXP 	fixation: autoDraw = True
425.0205 	EXP 	Device response: <KeyPress from None: t=424.82751980000467, value=left, duration=0.19030499999644235>
425.3378 	EXP 	fixation: autoDraw = False
425.3378 	EXP 	cue_text: autoDraw = True
425.6378 	EXP 	cue_text: autoDraw = False
425.9369 	INFO 	Keyboard events cleared
425.9367 	EXP 	target: autoDraw = True
426.2703 	EXP 	Device response: <KeyPress from None: t=426.2627751999971, value=right, duration=None>
426.2707 	EXP 	New trial (rep=24, index=9): <Trial 249 (9 in rep 24) data={'cue_arrow': '←', 'target_x': -0.5, 'condition': 'valid', 'corr_Ans': 'left', 'thisN': 249, 'thisTrialN': 9, 'thisRepN': 24}>
426.2743 	DATA 	Keypress: right
426.2869 	EXP 	fixation: autoDraw = False
426.2869 	EXP 	cue_text: autoDraw = False
426.2869 	EXP 	target: autoDraw = False
426.2869 	EXP 	cue_text: height = np.float64(0.1)
426.2869 	EXP 	cue_text: height = np.float64(0.1)
426.2869 	EXP 	cue_text: height = np.float64(0.1)
426.2869 	EXP 	cue_text: text = '←'
426.2869 	EXP 	fixation: autoDraw = True
426.4540 	EXP 	Device response: <KeyPress from None: t=426.2627751999971, value=right, duration=0.18791110000165645>
426.7713 	EXP 	fixation: autoDraw = False
426.7713 	EXP 	cue_text: autoDraw = True
427.0710 	EXP 	cue_text: autoDraw = False
427.3716 	INFO 	Keyboard events cleared
427.3714 	EXP 	target: autoDraw = True
427.6381 	DATA 	Keypress: left
427.6536 	EXP 	Device response: <KeyPress from None: t=427.6369160000031, value=left, duration=None>
427.6542 	EXP 	New trial (rep=25, index=0): <Trial 250 (0 in rep 25) data={'cue_arrow': '→', 'target_x': -0.5, 'condition': 'invalid', 'corr_Ans': 'left', 'thisN': 250, 'thisTrialN': 0, 'thisRepN': 25}>
427.6701 	EXP 	fixation: autoDraw = False
427.6701 	EXP 	cue_text: autoDraw = False
427.6701 	EXP 	target: autoDraw = False
427.6701 	EXP 	cue_text: height = np.float64(0.1)
427.6701 	EXP 	cue_text: height = np.float64(0.1)
427.6701 	EXP 	cue_text: height = np.float64(0.1)
427.6701 	EXP 	cue_text: text = '→'
427.6701 	EXP 	fixation: autoDraw = True
427.8213 	EXP 	Device response: <KeyPress from None: t=427.6369160000031, value=left, duration=0.17453910000040196>
428.1546 	EXP 	fixation: autoDraw = False
428.1546 	EXP 	cue_text: autoDraw = True
428.4541 	EXP 	cue_text: autoDraw = False
428.7533 	INFO 	Keyboard events cleared
428.7531 	EXP 	target: autoDraw = True
430.2038 	EXP 	Device response: <KeyPress from None: t=430.19642269999895, value=left, duration=None>
430.2043 	EXP 	New trial (rep=25, index=1): <Trial 251 (1 in rep 25) data={'cue_arrow': '←', 'target_x': -0.5, 'condition': 'valid', 'corr_Ans': 'left', 'thisN': 251, 'thisTrialN': 1, 'thisRepN': 25}>
430.2076 	DATA 	Keypress: left
430.2202 	EXP 	fixation: autoDraw = False
430.2202 	EXP 	cue_text: autoDraw = False
430.2202 	EXP 	target: autoDraw = False
430.2202 	EXP 	cue_text: height = np.float64(0.1)
430.2202 	EXP 	cue_text: height = np.float64(0.1)
430.2202 	EXP 	cue_text: height = np.float64(0.1)
430.2202 	EXP 	cue_text: text = '←'
430.2202 	EXP 	fixation: autoDraw = True
430.3708 	EXP 	Device response: <KeyPress from None: t=430.19642269999895, value=left, duration=0.16106750001199543>
430.7032 	EXP 	fixation: autoDraw = False
430.7032 	EXP 	cue_text: autoDraw = True
431.0031 	EXP 	cue_text: autoDraw = False
431.3196 	INFO 	Keyboard events cleared
431.3194 	EXP 	target: autoDraw = True
431.6371 	EXP 	Device response: <KeyPress from None: t=431.6229234000057, value=left, duration=None>
431.6375 	EXP 	New trial (rep=25, index=2): <Trial 252 (2 in rep 25) data={'cue_arrow': '←', 'target_x': -0.5, 'condition': 'valid', 'corr_Ans': 'left', 'thisN': 252, 'thisTrialN': 2, 'thisRepN': 25}>
431.6388 	DATA 	Keypress: left
431.6545 	EXP 	fixation: autoDraw = False
431.6545 	EXP 	cue_text: autoDraw = False
431.6545 	EXP 	target: autoDraw = False
431.6545 	EXP 	cue_text: text = '←'
431.6545 	EXP 	fixation: autoDraw = True
431.8199 	EXP 	Device response: <KeyPress from None: t=431.6229234000057, value=left, duration=0.18367959999886807>
432.1380 	EXP 	fixation: autoDraw = False
432.1380 	EXP 	cue_text: autoDraw = True
432.4376 	EXP 	cue_text: autoDraw = False
432.7375 	INFO 	Keyboard events cleared
432.7373 	EXP 	target: autoDraw = True
433.0703 	EXP 	Device response: <KeyPress from None: t=433.0558940000046, value=left, duration=None>
433.0707 	EXP 	New trial (rep=25, index=3): <Trial 253 (3 in rep 25) data={'cue_arrow': '←', 'target_x': -0.5, 'condition': 'valid', 'corr_Ans': 'left', 'thisN': 253, 'thisTrialN': 3, 'thisRepN': 25}>
433.0724 	DATA 	Keypress: left
433.0873 	EXP 	fixation: autoDraw = False
433.0873 	EXP 	cue_text: autoDraw = False
433.0873 	EXP 	target: autoDraw = False
433.0873 	EXP 	cue_text: text = '←'
433.0873 	EXP 	fixation: autoDraw = True
433.2369 	EXP 	Device response: <KeyPress from None: t=433.0558940000046, value=left, duration=0.17207650000636932>
433.5863 	EXP 	fixation: autoDraw = False
433.5863 	EXP 	cue_text: autoDraw = True
433.8861 	EXP 	cue_text: autoDraw = False
434.1870 	INFO 	Keyboard events cleared
434.1868 	EXP 	target: autoDraw = True
434.6198 	EXP 	Device response: <KeyPress from None: t=434.60508090000076, value=left, duration=None>
434.6200 	EXP 	New trial (rep=25, index=4): <Trial 254 (4 in rep 25) data={'cue_arrow': '→', 'target_x': 0.5, 'condition': 'valid', 'corr_Ans': 'right', 'thisN': 254, 'thisTrialN': 4, 'thisRepN': 25}>
434.6225 	DATA 	Keypress: left
434.6359 	EXP 	fixation: autoDraw = False
434.6359 	EXP 	cue_text: autoDraw = False
434.6359 	EXP 	target: autoDraw = False
434.6359 	EXP 	cue_text: height = np.float64(0.1)
434.6359 	EXP 	cue_text: height = np.float64(0.1)
434.6359 	EXP 	cue_text: height = np.float64(0.1)
434.6359 	EXP 	cue_text: text = '→'
434.6359 	EXP 	fixation: autoDraw = True
434.7531 	EXP 	Device response: <KeyPress from None: t=434.60508090000076, value=left, duration=0.1413717999967048>
435.1195 	EXP 	fixation: autoDraw = False
435.1195 	EXP 	cue_text: autoDraw = True
435.4197 	EXP 	cue_text: autoDraw = False
435.7198 	INFO 	Keyboard events cleared
435.7197 	EXP 	target: autoDraw = True
436.1199 	EXP 	Device response: <KeyPress from None: t=436.1085068000102, value=right, duration=None>
436.1202 	EXP 	New trial (rep=25, index=5): <Trial 255 (5 in rep 25) data={'cue_arrow': '←', 'target_x': -0.5, 'condition': 'valid', 'corr_Ans': 'left', 'thisN': 255, 'thisTrialN': 5, 'thisRepN': 25}>
436.1232 	DATA 	Keypress: right
436.1361 	EXP 	fixation: autoDraw = False
436.1361 	EXP 	cue_text: autoDraw = False
436.1361 	EXP 	target: autoDraw = False
436.1361 	EXP 	cue_text: height = np.float64(0.1)
436.1361 	EXP 	cue_text: height = np.float64(0.1)
436.1361 	EXP 	cue_text: height = np.float64(0.1)
436.1361 	EXP 	cue_text: text = '←'
436.1361 	EXP 	fixation: autoDraw = True
436.2701 	EXP 	Device response: <KeyPress from None: t=436.1085068000102, value=right, duration=0.15992229999392293>
436.6196 	EXP 	fixation: autoDraw = False
436.6196 	EXP 	cue_text: autoDraw = True
436.9194 	EXP 	cue_text: autoDraw = False
437.2194 	INFO 	Keyboard events cleared
437.2193 	EXP 	target: autoDraw = True
437.6032 	EXP 	Device response: <KeyPress from None: t=437.58903210000426, value=left, duration=None>
437.6035 	EXP 	New trial (rep=25, index=6): <Trial 256 (6 in rep 25) data={'cue_arrow': '←', 'target_x': 0.5, 'condition': 'invalid', 'corr_Ans': 'right', 'thisN': 256, 'thisTrialN': 6, 'thisRepN': 25}>
437.6046 	DATA 	Keypress: left
437.6194 	EXP 	fixation: autoDraw = False
437.6194 	EXP 	cue_text: autoDraw = False
437.6194 	EXP 	target: autoDraw = False
437.6194 	EXP 	cue_text: text = '←'
437.6194 	EXP 	fixation: autoDraw = True
437.8034 	EXP 	Device response: <KeyPress from None: t=437.58903210000426, value=left, duration=0.20048939999833237>
438.1030 	EXP 	fixation: autoDraw = False
438.1030 	EXP 	cue_text: autoDraw = True
438.4026 	EXP 	cue_text: autoDraw = False
438.7032 	INFO 	Keyboard events cleared
438.7031 	EXP 	target: autoDraw = True
439.7559 	DATA 	Keypress: right
439.7706 	EXP 	Device response: <KeyPress from None: t=439.7554014000052, value=right, duration=None>
439.7710 	EXP 	New trial (rep=25, index=7): <Trial 257 (7 in rep 25) data={'cue_arrow': '→', 'target_x': 0.5, 'condition': 'valid', 'corr_Ans': 'right', 'thisN': 257, 'thisTrialN': 7, 'thisRepN': 25}>
439.7882 	EXP 	fixation: autoDraw = False
439.7882 	EXP 	cue_text: autoDraw = False
439.7882 	EXP 	target: autoDraw = False
439.7882 	EXP 	cue_text: height = np.float64(0.1)
439.7882 	EXP 	cue_text: height = np.float64(0.1)
439.7882 	EXP 	cue_text: height = np.float64(0.1)
439.7882 	EXP 	cue_text: text = '→'
439.7882 	EXP 	fixation: autoDraw = True
439.9048 	EXP 	Device response: <KeyPress from None: t=439.7554014000052, value=right, duration=0.13963130000047386>
440.2694 	EXP 	fixation: autoDraw = False
440.2694 	EXP 	cue_text: autoDraw = True
440.5699 	EXP 	cue_text: autoDraw = False
440.8710 	INFO 	Keyboard events cleared
440.8708 	EXP 	target: autoDraw = True
441.2704 	EXP 	Device response: <KeyPress from None: t=441.26755740000226, value=right, duration=None>
441.2708 	EXP 	New trial (rep=25, index=8): <Trial 258 (8 in rep 25) data={'cue_arrow': '→', 'target_x': 0.5, 'condition': 'valid', 'corr_Ans': 'right', 'thisN': 258, 'thisTrialN': 8, 'thisRepN': 25}>
441.2720 	DATA 	Keypress: right
441.2864 	EXP 	fixation: autoDraw = False
441.2864 	EXP 	cue_text: autoDraw = False
441.2864 	EXP 	target: autoDraw = False
441.2864 	EXP 	cue_text: text = '→'
441.2864 	EXP 	fixation: autoDraw = True
441.4369 	EXP 	Device response: <KeyPress from None: t=441.26755740000226, value=right, duration=0.16270490000897553>
441.7711 	EXP 	fixation: autoDraw = False
441.7711 	EXP 	cue_text: autoDraw = True
442.0704 	EXP 	cue_text: autoDraw = False
442.3715 	INFO 	Keyboard events cleared
442.3713 	EXP 	target: autoDraw = True
442.7539 	EXP 	Device response: <KeyPress from None: t=442.74666750000324, value=right, duration=None>
442.7544 	EXP 	New trial (rep=25, index=9): <Trial 259 (9 in rep 25) data={'cue_arrow': '→', 'target_x': 0.5, 'condition': 'valid', 'corr_Ans': 'right', 'thisN': 259, 'thisTrialN': 9, 'thisRepN': 25}>
442.7557 	DATA 	Keypress: right
442.7698 	EXP 	fixation: autoDraw = False
442.7698 	EXP 	cue_text: autoDraw = False
442.7698 	EXP 	target: autoDraw = False
442.7698 	EXP 	cue_text: text = '→'
442.7698 	EXP 	fixation: autoDraw = True
442.8879 	EXP 	Device response: <KeyPress from None: t=442.74666750000324, value=right, duration=0.13975550000031944>
443.2532 	EXP 	fixation: autoDraw = False
443.2532 	EXP 	cue_text: autoDraw = True
443.5543 	EXP 	cue_text: autoDraw = False
443.8533 	INFO 	Keyboard events cleared
443.8531 	EXP 	target: autoDraw = True
444.4704 	EXP 	Device response: <KeyPress from None: t=444.46127530001104, value=right, duration=None>
444.4709 	EXP 	New trial (rep=26, index=0): <Trial 260 (0 in rep 26) data={'cue_arrow': '→', 'target_x': -0.5, 'condition': 'invalid', 'corr_Ans': 'left', 'thisN': 260, 'thisTrialN': 0, 'thisRepN': 26}>
444.4723 	DATA 	Keypress: right
444.4879 	EXP 	fixation: autoDraw = False
444.4879 	EXP 	cue_text: autoDraw = False
444.4879 	EXP 	target: autoDraw = False
444.4879 	EXP 	cue_text: text = '→'
444.4879 	EXP 	fixation: autoDraw = True
444.5870 	EXP 	Device response: <KeyPress from None: t=444.46127530001104, value=right, duration=0.10974609998811502>
444.9709 	EXP 	fixation: autoDraw = False
444.9709 	EXP 	cue_text: autoDraw = True
445.2715 	EXP 	cue_text: autoDraw = False
445.5703 	INFO 	Keyboard events cleared
445.5701 	EXP 	target: autoDraw = True
446.0712 	EXP 	Device response: <KeyPress from None: t=446.06565489999775, value=left, duration=None>
446.0715 	EXP 	New trial (rep=26, index=1): <Trial 261 (1 in rep 26) data={'cue_arrow': '←', 'target_x': -0.5, 'condition': 'valid', 'corr_Ans': 'left', 'thisN': 261, 'thisTrialN': 1, 'thisRepN': 26}>
446.0754 	DATA 	Keypress: left
446.0873 	EXP 	fixation: autoDraw = False
446.0873 	EXP 	cue_text: autoDraw = False
446.0873 	EXP 	target: autoDraw = False
446.0873 	EXP 	cue_text: height = np.float64(0.1)
446.0873 	EXP 	cue_text: height = np.float64(0.1)
446.0873 	EXP 	cue_text: height = np.float64(0.1)
446.0873 	EXP 	cue_text: text = '←'
446.0873 	EXP 	fixation: autoDraw = True
446.1707 	EXP 	Device response: <KeyPress from None: t=446.06565489999775, value=left, duration=0.10150390000490006>
446.5883 	EXP 	fixation: autoDraw = False
446.5883 	EXP 	cue_text: autoDraw = True
446.8714 	EXP 	cue_text: autoDraw = False
447.1719 	INFO 	Keyboard events cleared
447.1717 	EXP 	target: autoDraw = True
448.0204 	EXP 	Device response: <KeyPress from None: t=448.0098990999977, value=left, duration=None>
448.0209 	EXP 	New trial (rep=26, index=2): <Trial 262 (2 in rep 26) data={'cue_arrow': '→', 'target_x': 0.5, 'condition': 'valid', 'corr_Ans': 'right', 'thisN': 262, 'thisTrialN': 2, 'thisRepN': 26}>
448.0246 	DATA 	Keypress: left
448.0377 	EXP 	fixation: autoDraw = False
448.0377 	EXP 	cue_text: autoDraw = False
448.0377 	EXP 	target: autoDraw = False
448.0377 	EXP 	cue_text: height = np.float64(0.1)
448.0377 	EXP 	cue_text: height = np.float64(0.1)
448.0377 	EXP 	cue_text: height = np.float64(0.1)
448.0377 	EXP 	cue_text: text = '→'
448.0377 	EXP 	fixation: autoDraw = True
448.1875 	EXP 	Device response: <KeyPress from None: t=448.0098990999977, value=left, duration=0.16277020001143683>
448.5218 	EXP 	fixation: autoDraw = False
448.5218 	EXP 	cue_text: autoDraw = True
448.8213 	EXP 	cue_text: autoDraw = False
449.1217 	INFO 	Keyboard events cleared
449.1215 	EXP 	target: autoDraw = True
449.7388 	DATA 	Keypress: right
449.7541 	EXP 	Device response: <KeyPress from None: t=449.7374010000058, value=right, duration=None>
449.7545 	EXP 	New trial (rep=26, index=3): <Trial 263 (3 in rep 26) data={'cue_arrow': '←', 'target_x': 0.5, 'condition': 'invalid', 'corr_Ans': 'right', 'thisN': 263, 'thisTrialN': 3, 'thisRepN': 26}>
449.7715 	EXP 	fixation: autoDraw = False
449.7715 	EXP 	cue_text: autoDraw = False
449.7715 	EXP 	target: autoDraw = False
449.7715 	EXP 	cue_text: height = np.float64(0.1)
449.7715 	EXP 	cue_text: height = np.float64(0.1)
449.7715 	EXP 	cue_text: height = np.float64(0.1)
449.7715 	EXP 	cue_text: text = '←'
449.7715 	EXP 	fixation: autoDraw = True
449.8717 	EXP 	Device response: <KeyPress from None: t=449.7374010000058, value=right, duration=0.11836579999362584>
450.2548 	EXP 	fixation: autoDraw = False
450.2548 	EXP 	cue_text: autoDraw = True
450.5546 	EXP 	cue_text: autoDraw = False
450.8553 	INFO 	Keyboard events cleared
450.8551 	EXP 	target: autoDraw = True
452.2718 	EXP 	Device response: <KeyPress from None: t=452.2635578000045, value=right, duration=None>
452.2723 	EXP 	New trial (rep=26, index=4): <Trial 264 (4 in rep 26) data={'cue_arrow': '←', 'target_x': -0.5, 'condition': 'valid', 'corr_Ans': 'left', 'thisN': 264, 'thisTrialN': 4, 'thisRepN': 26}>
452.2736 	DATA 	Keypress: right
452.2866 	EXP 	fixation: autoDraw = False
452.2866 	EXP 	cue_text: autoDraw = False
452.2866 	EXP 	target: autoDraw = False
452.2866 	EXP 	cue_text: text = '←'
452.2866 	EXP 	fixation: autoDraw = True
452.3877 	EXP 	Device response: <KeyPress from None: t=452.2635578000045, value=right, duration=0.12086450000060722>
452.7717 	EXP 	fixation: autoDraw = False
452.7717 	EXP 	cue_text: autoDraw = True
453.0717 	EXP 	cue_text: autoDraw = False
453.3717 	INFO 	Keyboard events cleared
453.3715 	EXP 	target: autoDraw = True
453.7707 	EXP 	Device response: <KeyPress from None: t=453.75739579999936, value=left, duration=None>
453.7711 	EXP 	New trial (rep=26, index=5): <Trial 265 (5 in rep 26) data={'cue_arrow': '→', 'target_x': 0.5, 'condition': 'valid', 'corr_Ans': 'right', 'thisN': 265, 'thisTrialN': 5, 'thisRepN': 26}>
453.7742 	DATA 	Keypress: left
453.7884 	EXP 	fixation: autoDraw = False
453.7884 	EXP 	cue_text: autoDraw = False
453.7884 	EXP 	target: autoDraw = False
453.7884 	EXP 	cue_text: height = np.float64(0.1)
453.7884 	EXP 	cue_text: height = np.float64(0.1)
453.7884 	EXP 	cue_text: height = np.float64(0.1)
453.7884 	EXP 	cue_text: text = '→'
453.7884 	EXP 	fixation: autoDraw = True
453.9044 	EXP 	Device response: <KeyPress from None: t=453.75739579999936, value=left, duration=0.14433690000441857>
454.2718 	EXP 	fixation: autoDraw = False
454.2718 	EXP 	cue_text: autoDraw = True
454.5701 	EXP 	cue_text: autoDraw = False
454.8882 	INFO 	Keyboard events cleared
454.8880 	EXP 	target: autoDraw = True
455.1391 	DATA 	Keypress: right
455.1547 	EXP 	Device response: <KeyPress from None: t=455.13790970000264, value=right, duration=None>
455.1550 	EXP 	New trial (rep=26, index=6): <Trial 266 (6 in rep 26) data={'cue_arrow': '→', 'target_x': 0.5, 'condition': 'valid', 'corr_Ans': 'right', 'thisN': 266, 'thisTrialN': 6, 'thisRepN': 26}>
455.1717 	EXP 	fixation: autoDraw = False
455.1717 	EXP 	cue_text: autoDraw = False
455.1717 	EXP 	target: autoDraw = False
455.1717 	EXP 	cue_text: text = '→'
455.1717 	EXP 	fixation: autoDraw = True
455.3047 	EXP 	Device response: <KeyPress from None: t=455.13790970000264, value=right, duration=0.1554900000046473>
455.6759 	EXP 	fixation: autoDraw = False
455.6759 	EXP 	cue_text: autoDraw = True
455.9545 	EXP 	cue_text: autoDraw = False
456.2555 	INFO 	Keyboard events cleared
456.2553 	EXP 	target: autoDraw = True
456.6877 	EXP 	Device response: <KeyPress from None: t=456.67704540000705, value=right, duration=None>
456.6881 	EXP 	New trial (rep=26, index=7): <Trial 267 (7 in rep 26) data={'cue_arrow': '→', 'target_x': 0.5, 'condition': 'valid', 'corr_Ans': 'right', 'thisN': 267, 'thisTrialN': 7, 'thisRepN': 26}>
456.6893 	DATA 	Keypress: right
456.7048 	EXP 	fixation: autoDraw = False
456.7048 	EXP 	cue_text: autoDraw = False
456.7048 	EXP 	target: autoDraw = False
456.7048 	EXP 	cue_text: text = '→'
456.7048 	EXP 	fixation: autoDraw = True
456.8881 	EXP 	Device response: <KeyPress from None: t=456.67704540000705, value=right, duration=0.2008410999987973>
457.1872 	EXP 	fixation: autoDraw = False
457.1872 	EXP 	cue_text: autoDraw = True
457.4885 	EXP 	cue_text: autoDraw = False
457.7890 	INFO 	Keyboard events cleared
457.7888 	EXP 	target: autoDraw = True
458.0891 	EXP 	Device response: <KeyPress from None: t=458.07919499999844, value=right, duration=None>
458.0898 	EXP 	New trial (rep=26, index=8): <Trial 268 (8 in rep 26) data={'cue_arrow': '←', 'target_x': -0.5, 'condition': 'valid', 'corr_Ans': 'left', 'thisN': 268, 'thisTrialN': 8, 'thisRepN': 26}>
458.0942 	DATA 	Keypress: right
458.1024 	EXP 	fixation: autoDraw = False
458.1024 	EXP 	cue_text: autoDraw = False
458.1024 	EXP 	target: autoDraw = False
458.1024 	EXP 	cue_text: height = np.float64(0.1)
458.1024 	EXP 	cue_text: height = np.float64(0.1)
458.1024 	EXP 	cue_text: height = np.float64(0.1)
458.1024 	EXP 	cue_text: text = '←'
458.1024 	EXP 	fixation: autoDraw = True
458.2381 	EXP 	Device response: <KeyPress from None: t=458.07919499999844, value=right, duration=0.157903700004681>
458.6046 	EXP 	fixation: autoDraw = False
458.6046 	EXP 	cue_text: autoDraw = True
458.9033 	EXP 	cue_text: autoDraw = False
459.1877 	INFO 	Keyboard events cleared
459.1875 	EXP 	target: autoDraw = True
460.3376 	EXP 	Device response: <KeyPress from None: t=460.32299300000886, value=left, duration=None>
460.3380 	EXP 	New trial (rep=26, index=9): <Trial 269 (9 in rep 26) data={'cue_arrow': '←', 'target_x': -0.5, 'condition': 'valid', 'corr_Ans': 'left', 'thisN': 269, 'thisTrialN': 9, 'thisRepN': 26}>
460.3393 	DATA 	Keypress: left
460.3547 	EXP 	fixation: autoDraw = False
460.3547 	EXP 	cue_text: autoDraw = False
460.3547 	EXP 	target: autoDraw = False
460.3547 	EXP 	cue_text: text = '←'
460.3547 	EXP 	fixation: autoDraw = True
460.4708 	EXP 	Device response: <KeyPress from None: t=460.32299300000886, value=left, duration=0.1347030999895651>
460.8381 	EXP 	fixation: autoDraw = False
460.8381 	EXP 	cue_text: autoDraw = True
461.1381 	EXP 	cue_text: autoDraw = False
461.4388 	INFO 	Keyboard events cleared
461.4386 	EXP 	target: autoDraw = True
461.9876 	EXP 	Device response: <KeyPress from None: t=461.97570290000294, value=left, duration=None>
461.9879 	EXP 	New trial (rep=27, index=0): <Trial 270 (0 in rep 27) data={'cue_arrow': '→', 'target_x': 0.5, 'condition': 'valid', 'corr_Ans': 'right', 'thisN': 270, 'thisTrialN': 0, 'thisRepN': 27}>
461.9910 	DATA 	Keypress: left
462.0047 	EXP 	fixation: autoDraw = False
462.0047 	EXP 	cue_text: autoDraw = False
462.0047 	EXP 	target: autoDraw = False
462.0047 	EXP 	cue_text: height = np.float64(0.1)
462.0047 	EXP 	cue_text: height = np.float64(0.1)
462.0047 	EXP 	cue_text: height = np.float64(0.1)
462.0047 	EXP 	cue_text: text = '→'
462.0047 	EXP 	fixation: autoDraw = True
462.1874 	EXP 	Device response: <KeyPress from None: t=461.97570290000294, value=left, duration=0.20477090000349563>
462.4869 	EXP 	fixation: autoDraw = False
462.4869 	EXP 	cue_text: autoDraw = True
462.7882 	EXP 	cue_text: autoDraw = False
463.0871 	INFO 	Keyboard events cleared
463.0869 	EXP 	target: autoDraw = True
463.4208 	EXP 	Device response: <KeyPress from None: t=463.41605040000286, value=right, duration=None>
463.4211 	EXP 	New trial (rep=27, index=1): <Trial 271 (1 in rep 27) data={'cue_arrow': '←', 'target_x': -0.5, 'condition': 'valid', 'corr_Ans': 'left', 'thisN': 271, 'thisTrialN': 1, 'thisRepN': 27}>
463.4243 	DATA 	Keypress: right
463.4377 	EXP 	fixation: autoDraw = False
463.4377 	EXP 	cue_text: autoDraw = False
463.4377 	EXP 	target: autoDraw = False
463.4377 	EXP 	cue_text: height = np.float64(0.1)
463.4377 	EXP 	cue_text: height = np.float64(0.1)
463.4377 	EXP 	cue_text: height = np.float64(0.1)
463.4377 	EXP 	cue_text: text = '←'
463.4377 	EXP 	fixation: autoDraw = True
463.6213 	EXP 	Device response: <KeyPress from None: t=463.41605040000286, value=right, duration=0.19043380000221077>
463.9217 	EXP 	fixation: autoDraw = False
463.9217 	EXP 	cue_text: autoDraw = True
464.2206 	EXP 	cue_text: autoDraw = False
464.5221 	INFO 	Keyboard events cleared
464.5219 	EXP 	target: autoDraw = True
464.9048 	EXP 	Device response: <KeyPress from None: t=464.9013195000007, value=left, duration=None>
464.9051 	EXP 	New trial (rep=27, index=2): <Trial 272 (2 in rep 27) data={'cue_arrow': '←', 'target_x': -0.5, 'condition': 'valid', 'corr_Ans': 'left', 'thisN': 272, 'thisTrialN': 2, 'thisRepN': 27}>
464.9065 	DATA 	Keypress: left
464.9206 	EXP 	fixation: autoDraw = False
464.9206 	EXP 	cue_text: autoDraw = False
464.9206 	EXP 	target: autoDraw = False
464.9206 	EXP 	cue_text: text = '←'
464.9206 	EXP 	fixation: autoDraw = True
465.1209 	EXP 	Device response: <KeyPress from None: t=464.9013195000007, value=left, duration=0.21174470000551082>
465.4057 	EXP 	fixation: autoDraw = False
465.4057 	EXP 	cue_text: autoDraw = True
465.7042 	EXP 	cue_text: autoDraw = False
466.0051 	INFO 	Keyboard events cleared
466.0049 	EXP 	target: autoDraw = True
466.5387 	EXP 	Device response: <KeyPress from None: t=466.52817340000183, value=left, duration=None>
466.5392 	EXP 	New trial (rep=27, index=3): <Trial 273 (3 in rep 27) data={'cue_arrow': '←', 'target_x': 0.5, 'condition': 'invalid', 'corr_Ans': 'right', 'thisN': 273, 'thisTrialN': 3, 'thisRepN': 27}>
466.5407 	DATA 	Keypress: left
466.5539 	EXP 	fixation: autoDraw = False
466.5539 	EXP 	cue_text: autoDraw = False
466.5539 	EXP 	target: autoDraw = False
466.5539 	EXP 	cue_text: text = '←'
466.5539 	EXP 	fixation: autoDraw = True
466.7711 	EXP 	Device response: <KeyPress from None: t=466.52817340000183, value=left, duration=0.22757430000638124>
467.0548 	EXP 	fixation: autoDraw = False
467.0548 	EXP 	cue_text: autoDraw = True
467.3386 	EXP 	cue_text: autoDraw = False
467.6389 	INFO 	Keyboard events cleared
467.6387 	EXP 	target: autoDraw = True
468.0878 	EXP 	Device response: <KeyPress from None: t=468.0739001000038, value=left, duration=None>
468.0882 	EXP 	New trial (rep=27, index=4): <Trial 274 (4 in rep 27) data={'cue_arrow': '→', 'target_x': 0.5, 'condition': 'valid', 'corr_Ans': 'right', 'thisN': 274, 'thisTrialN': 4, 'thisRepN': 27}>
468.0914 	DATA 	Keypress: left
468.1034 	EXP 	fixation: autoDraw = False
468.1034 	EXP 	cue_text: autoDraw = False
468.1034 	EXP 	target: autoDraw = False
468.1034 	EXP 	cue_text: height = np.float64(0.1)
468.1034 	EXP 	cue_text: height = np.float64(0.1)
468.1034 	EXP 	cue_text: height = np.float64(0.1)
468.1034 	EXP 	cue_text: text = '→'
468.1034 	EXP 	fixation: autoDraw = True
468.2542 	EXP 	Device response: <KeyPress from None: t=468.0739001000038, value=left, duration=0.17094900000665803>
468.5886 	EXP 	fixation: autoDraw = False
468.5886 	EXP 	cue_text: autoDraw = True
468.8886 	EXP 	cue_text: autoDraw = False
469.1884 	INFO 	Keyboard events cleared
469.1881 	EXP 	target: autoDraw = True
469.7876 	EXP 	Device response: <KeyPress from None: t=469.7768216999975, value=right, duration=None>
469.7879 	EXP 	New trial (rep=27, index=5): <Trial 275 (5 in rep 27) data={'cue_arrow': '←', 'target_x': -0.5, 'condition': 'valid', 'corr_Ans': 'left', 'thisN': 275, 'thisTrialN': 5, 'thisRepN': 27}>
469.7910 	DATA 	Keypress: right
469.8050 	EXP 	fixation: autoDraw = False
469.8050 	EXP 	cue_text: autoDraw = False
469.8050 	EXP 	target: autoDraw = False
469.8050 	EXP 	cue_text: height = np.float64(0.1)
469.8050 	EXP 	cue_text: height = np.float64(0.1)
469.8050 	EXP 	cue_text: height = np.float64(0.1)
469.8050 	EXP 	cue_text: text = '←'
469.8050 	EXP 	fixation: autoDraw = True
469.9219 	EXP 	Device response: <KeyPress from None: t=469.7768216999975, value=right, duration=0.13001760000770446>
470.2870 	EXP 	fixation: autoDraw = False
470.2870 	EXP 	cue_text: autoDraw = True
470.5879 	EXP 	cue_text: autoDraw = False
470.8890 	INFO 	Keyboard events cleared
470.8887 	EXP 	target: autoDraw = True
471.2208 	EXP 	Device response: <KeyPress from None: t=471.2162924000004, value=left, duration=None>
471.2212 	EXP 	New trial (rep=27, index=6): <Trial 276 (6 in rep 27) data={'cue_arrow': '←', 'target_x': -0.5, 'condition': 'valid', 'corr_Ans': 'left', 'thisN': 276, 'thisTrialN': 6, 'thisRepN': 27}>
471.2228 	DATA 	Keypress: left
471.2368 	EXP 	fixation: autoDraw = False
471.2368 	EXP 	cue_text: autoDraw = False
471.2368 	EXP 	target: autoDraw = False
471.2368 	EXP 	cue_text: text = '←'
471.2368 	EXP 	fixation: autoDraw = True
471.4222 	EXP 	Device response: <KeyPress from None: t=471.2162924000004, value=left, duration=0.2023380000027828>
471.7215 	EXP 	fixation: autoDraw = False
471.7215 	EXP 	cue_text: autoDraw = True
472.0220 	EXP 	cue_text: autoDraw = False
472.3224 	INFO 	Keyboard events cleared
472.3222 	EXP 	target: autoDraw = True
472.6050 	EXP 	Device response: <KeyPress from None: t=472.60289860000194, value=left, duration=None>
472.6053 	EXP 	New trial (rep=27, index=7): <Trial 277 (7 in rep 27) data={'cue_arrow': '→', 'target_x': 0.5, 'condition': 'valid', 'corr_Ans': 'right', 'thisN': 277, 'thisTrialN': 7, 'thisRepN': 27}>
472.6085 	DATA 	Keypress: left
472.6207 	EXP 	fixation: autoDraw = False
472.6207 	EXP 	cue_text: autoDraw = False
472.6207 	EXP 	target: autoDraw = False
472.6207 	EXP 	cue_text: height = np.float64(0.1)
472.6207 	EXP 	cue_text: height = np.float64(0.1)
472.6207 	EXP 	cue_text: height = np.float64(0.1)
472.6207 	EXP 	cue_text: text = '→'
472.6207 	EXP 	fixation: autoDraw = True
472.8053 	EXP 	Device response: <KeyPress from None: t=472.60289860000194, value=left, duration=0.19410190000780858>
473.1052 	EXP 	fixation: autoDraw = False
473.1052 	EXP 	cue_text: autoDraw = True
473.4215 	EXP 	cue_text: autoDraw = False
473.7205 	INFO 	Keyboard events cleared
473.7203 	EXP 	target: autoDraw = True
474.2214 	EXP 	Device response: <KeyPress from None: t=474.20824240001093, value=right, duration=None>
474.2217 	EXP 	New trial (rep=27, index=8): <Trial 278 (8 in rep 27) data={'cue_arrow': '→', 'target_x': 0.5, 'condition': 'valid', 'corr_Ans': 'right', 'thisN': 278, 'thisTrialN': 8, 'thisRepN': 27}>
474.2229 	DATA 	Keypress: right
474.2370 	EXP 	fixation: autoDraw = False
474.2370 	EXP 	cue_text: autoDraw = False
474.2370 	EXP 	target: autoDraw = False
474.2370 	EXP 	cue_text: text = '→'
474.2370 	EXP 	fixation: autoDraw = True
474.3878 	EXP 	Device response: <KeyPress from None: t=474.20824240001093, value=right, duration=0.16481989999010693>
474.7218 	EXP 	fixation: autoDraw = False
474.7218 	EXP 	cue_text: autoDraw = True
475.0222 	EXP 	cue_text: autoDraw = False
475.3228 	INFO 	Keyboard events cleared
475.3226 	EXP 	target: autoDraw = True
475.6716 	EXP 	Device response: <KeyPress from None: t=475.6633806000027, value=right, duration=None>
475.6725 	EXP 	New trial (rep=27, index=9): <Trial 279 (9 in rep 27) data={'cue_arrow': '→', 'target_x': -0.5, 'condition': 'invalid', 'corr_Ans': 'left', 'thisN': 279, 'thisTrialN': 9, 'thisRepN': 27}>
475.6739 	DATA 	Keypress: right
475.6884 	EXP 	fixation: autoDraw = False
475.6884 	EXP 	cue_text: autoDraw = False
475.6884 	EXP 	target: autoDraw = False
475.6884 	EXP 	cue_text: text = '→'
475.6884 	EXP 	fixation: autoDraw = True
475.8382 	EXP 	Device response: <KeyPress from None: t=475.6633806000027, value=right, duration=0.1711970000033034>
476.1720 	EXP 	fixation: autoDraw = False
476.1720 	EXP 	cue_text: autoDraw = True
476.4718 	EXP 	cue_text: autoDraw = False
476.7720 	INFO 	Keyboard events cleared
476.7718 	EXP 	target: autoDraw = True
477.1887 	EXP 	Device response: <KeyPress from None: t=477.1857904000062, value=left, duration=None>
477.1892 	EXP 	New trial (rep=28, index=0): <Trial 280 (0 in rep 28) data={'cue_arrow': '←', 'target_x': 0.5, 'condition': 'invalid', 'corr_Ans': 'right', 'thisN': 280, 'thisTrialN': 0, 'thisRepN': 28}>
477.1926 	DATA 	Keypress: left
477.2050 	EXP 	fixation: autoDraw = False
477.2050 	EXP 	cue_text: autoDraw = False
477.2050 	EXP 	target: autoDraw = False
477.2050 	EXP 	cue_text: height = np.float64(0.1)
477.2050 	EXP 	cue_text: height = np.float64(0.1)
477.2050 	EXP 	cue_text: height = np.float64(0.1)
477.2050 	EXP 	cue_text: text = '←'
477.2050 	EXP 	fixation: autoDraw = True
477.4055 	EXP 	Device response: <KeyPress from None: t=477.1857904000062, value=left, duration=0.209890500002075>
477.7055 	EXP 	fixation: autoDraw = False
477.7055 	EXP 	cue_text: autoDraw = True
478.0051 	EXP 	cue_text: autoDraw = False
478.2888 	INFO 	Keyboard events cleared
478.2886 	EXP 	target: autoDraw = True
479.0714 	EXP 	Device response: <KeyPress from None: t=479.05806160000793, value=right, duration=None>
479.0718 	EXP 	New trial (rep=28, index=1): <Trial 281 (1 in rep 28) data={'cue_arrow': '←', 'target_x': -0.5, 'condition': 'valid', 'corr_Ans': 'left', 'thisN': 281, 'thisTrialN': 1, 'thisRepN': 28}>
479.0730 	DATA 	Keypress: right
479.0875 	EXP 	fixation: autoDraw = False
479.0875 	EXP 	cue_text: autoDraw = False
479.0875 	EXP 	target: autoDraw = False
479.0875 	EXP 	cue_text: text = '←'
479.0875 	EXP 	fixation: autoDraw = True
479.1891 	EXP 	Device response: <KeyPress from None: t=479.05806160000793, value=right, duration=0.12970179998956155>
479.5715 	EXP 	fixation: autoDraw = False
479.5715 	EXP 	cue_text: autoDraw = True
479.8722 	EXP 	cue_text: autoDraw = False
480.1889 	INFO 	Keyboard events cleared
480.1887 	EXP 	target: autoDraw = True
481.2725 	EXP 	Device response: <KeyPress from None: t=481.2684606999974, value=left, duration=None>
481.2729 	EXP 	New trial (rep=28, index=2): <Trial 282 (2 in rep 28) data={'cue_arrow': '→', 'target_x': 0.5, 'condition': 'valid', 'corr_Ans': 'right', 'thisN': 282, 'thisTrialN': 2, 'thisRepN': 28}>
481.2763 	DATA 	Keypress: left
481.2878 	EXP 	fixation: autoDraw = False
481.2878 	EXP 	cue_text: autoDraw = False
481.2878 	EXP 	target: autoDraw = False
481.2878 	EXP 	cue_text: height = np.float64(0.1)
481.2878 	EXP 	cue_text: height = np.float64(0.1)
481.2878 	EXP 	cue_text: height = np.float64(0.1)
481.2878 	EXP 	cue_text: text = '→'
481.2878 	EXP 	fixation: autoDraw = True
481.4552 	EXP 	Device response: <KeyPress from None: t=481.2684606999974, value=left, duration=0.18573510000715032>
481.7720 	EXP 	fixation: autoDraw = False
481.7720 	EXP 	cue_text: autoDraw = True
482.0885 	EXP 	cue_text: autoDraw = False
482.3883 	INFO 	Keyboard events cleared
482.3881 	EXP 	target: autoDraw = True
482.7878 	EXP 	Device response: <KeyPress from None: t=482.77972520000185, value=right, duration=None>
482.7881 	EXP 	New trial (rep=28, index=3): <Trial 283 (3 in rep 28) data={'cue_arrow': '←', 'target_x': -0.5, 'condition': 'valid', 'corr_Ans': 'left', 'thisN': 283, 'thisTrialN': 3, 'thisRepN': 28}>
482.7914 	DATA 	Keypress: right
482.8039 	EXP 	fixation: autoDraw = False
482.8039 	EXP 	cue_text: autoDraw = False
482.8039 	EXP 	target: autoDraw = False
482.8039 	EXP 	cue_text: height = np.float64(0.1)
482.8039 	EXP 	cue_text: height = np.float64(0.1)
482.8039 	EXP 	cue_text: height = np.float64(0.1)
482.8039 	EXP 	cue_text: text = '←'
482.8039 	EXP 	fixation: autoDraw = True
482.9385 	EXP 	Device response: <KeyPress from None: t=482.77972520000185, value=right, duration=0.15481020000879653>
483.2889 	EXP 	fixation: autoDraw = False
483.2889 	EXP 	cue_text: autoDraw = True
483.5885 	EXP 	cue_text: autoDraw = False
483.8888 	INFO 	Keyboard events cleared
483.8886 	EXP 	target: autoDraw = True
484.1564 	EXP 	Device response: <KeyPress from None: t=484.1458081000019, value=left, duration=None>
484.1568 	EXP 	New trial (rep=28, index=4): <Trial 284 (4 in rep 28) data={'cue_arrow': '→', 'target_x': 0.5, 'condition': 'valid', 'corr_Ans': 'right', 'thisN': 284, 'thisTrialN': 4, 'thisRepN': 28}>
484.1598 	DATA 	Keypress: left
484.1706 	EXP 	fixation: autoDraw = False
484.1706 	EXP 	cue_text: autoDraw = False
484.1706 	EXP 	target: autoDraw = False
484.1706 	EXP 	cue_text: height = np.float64(0.1)
484.1706 	EXP 	cue_text: height = np.float64(0.1)
484.1706 	EXP 	cue_text: height = np.float64(0.1)
484.1706 	EXP 	cue_text: text = '→'
484.1706 	EXP 	fixation: autoDraw = True
484.3379 	EXP 	Device response: <KeyPress from None: t=484.1458081000019, value=left, duration=0.19118960000923835>
484.6714 	EXP 	fixation: autoDraw = False
484.6714 	EXP 	cue_text: autoDraw = True
484.9709 	EXP 	cue_text: autoDraw = False
485.2721 	INFO 	Keyboard events cleared
485.2719 	EXP 	target: autoDraw = True
485.5558 	EXP 	Device response: <KeyPress from None: t=485.55492900000536, value=right, duration=None>
485.5568 	DATA 	Keypress: right
485.5714 	EXP 	New trial (rep=28, index=5): <Trial 285 (5 in rep 28) data={'cue_arrow': '→', 'target_x': 0.5, 'condition': 'valid', 'corr_Ans': 'right', 'thisN': 285, 'thisTrialN': 5, 'thisRepN': 28}>
485.5886 	EXP 	fixation: autoDraw = False
485.5886 	EXP 	cue_text: autoDraw = False
485.5886 	EXP 	target: autoDraw = False
485.5886 	EXP 	cue_text: text = '→'
485.5886 	EXP 	fixation: autoDraw = True
485.7381 	EXP 	Device response: <KeyPress from None: t=485.55492900000536, value=right, duration=0.17446290000225417>
486.0706 	EXP 	fixation: autoDraw = False
486.0706 	EXP 	cue_text: autoDraw = True
486.3719 	EXP 	cue_text: autoDraw = False
486.6720 	INFO 	Keyboard events cleared
486.6718 	EXP 	target: autoDraw = True
486.9885 	EXP 	Device response: <KeyPress from None: t=486.9794783999969, value=right, duration=None>
486.9888 	EXP 	New trial (rep=28, index=6): <Trial 286 (6 in rep 28) data={'cue_arrow': '→', 'target_x': 0.5, 'condition': 'valid', 'corr_Ans': 'right', 'thisN': 286, 'thisTrialN': 6, 'thisRepN': 28}>
486.9900 	DATA 	Keypress: right
487.0055 	EXP 	fixation: autoDraw = False
487.0055 	EXP 	cue_text: autoDraw = False
487.0055 	EXP 	target: autoDraw = False
487.0055 	EXP 	cue_text: text = '→'
487.0055 	EXP 	fixation: autoDraw = True
487.1713 	EXP 	Device response: <KeyPress from None: t=486.9794783999969, value=right, duration=0.17542640000465326>
487.4890 	EXP 	fixation: autoDraw = False
487.4890 	EXP 	cue_text: autoDraw = True
487.7875 	EXP 	cue_text: autoDraw = False
488.0893 	INFO 	Keyboard events cleared
488.0890 	EXP 	target: autoDraw = True
488.4555 	EXP 	Device response: <KeyPress from None: t=488.450436500003, value=right, duration=None>
488.4559 	EXP 	New trial (rep=28, index=7): <Trial 287 (7 in rep 28) data={'cue_arrow': '←', 'target_x': -0.5, 'condition': 'valid', 'corr_Ans': 'left', 'thisN': 287, 'thisTrialN': 7, 'thisRepN': 28}>
488.4592 	DATA 	Keypress: right
488.4725 	EXP 	fixation: autoDraw = False
488.4725 	EXP 	cue_text: autoDraw = False
488.4725 	EXP 	target: autoDraw = False
488.4725 	EXP 	cue_text: height = np.float64(0.1)
488.4725 	EXP 	cue_text: height = np.float64(0.1)
488.4725 	EXP 	cue_text: height = np.float64(0.1)
488.4725 	EXP 	cue_text: text = '←'
488.4725 	EXP 	fixation: autoDraw = True
488.6556 	EXP 	Device response: <KeyPress from None: t=488.450436500003, value=right, duration=0.18975600000703707>
488.9556 	EXP 	fixation: autoDraw = False
488.9556 	EXP 	cue_text: autoDraw = True
489.2558 	EXP 	cue_text: autoDraw = False
489.5556 	INFO 	Keyboard events cleared
489.5554 	EXP 	target: autoDraw = True
489.8545 	EXP 	Device response: <KeyPress from None: t=489.84157360000245, value=left, duration=None>
489.8549 	EXP 	New trial (rep=28, index=8): <Trial 288 (8 in rep 28) data={'cue_arrow': '→', 'target_x': -0.5, 'condition': 'invalid', 'corr_Ans': 'left', 'thisN': 288, 'thisTrialN': 8, 'thisRepN': 28}>
489.8590 	DATA 	Keypress: left
489.8710 	EXP 	fixation: autoDraw = False
489.8710 	EXP 	cue_text: autoDraw = False
489.8710 	EXP 	target: autoDraw = False
489.8710 	EXP 	cue_text: height = np.float64(0.1)
489.8710 	EXP 	cue_text: height = np.float64(0.1)
489.8710 	EXP 	cue_text: height = np.float64(0.1)
489.8710 	EXP 	cue_text: text = '→'
489.8710 	EXP 	fixation: autoDraw = True
490.0768 	EXP 	Device response: <KeyPress from None: t=489.84157360000245, value=left, duration=0.21958370000356808>
490.3552 	EXP 	fixation: autoDraw = False
490.3552 	EXP 	cue_text: autoDraw = True
490.6541 	EXP 	cue_text: autoDraw = False
490.9557 	INFO 	Keyboard events cleared
490.9555 	EXP 	target: autoDraw = True
491.7549 	EXP 	Device response: <KeyPress from None: t=491.742365099999, value=left, duration=None>
491.7553 	EXP 	New trial (rep=28, index=9): <Trial 289 (9 in rep 28) data={'cue_arrow': '←', 'target_x': -0.5, 'condition': 'valid', 'corr_Ans': 'left', 'thisN': 289, 'thisTrialN': 9, 'thisRepN': 28}>
491.7585 	DATA 	Keypress: left
491.7712 	EXP 	fixation: autoDraw = False
491.7712 	EXP 	cue_text: autoDraw = False
491.7712 	EXP 	target: autoDraw = False
491.7712 	EXP 	cue_text: height = np.float64(0.1)
491.7712 	EXP 	cue_text: height = np.float64(0.1)
491.7712 	EXP 	cue_text: height = np.float64(0.1)
491.7712 	EXP 	cue_text: text = '←'
491.7712 	EXP 	fixation: autoDraw = True
491.9055 	EXP 	Device response: <KeyPress from None: t=491.742365099999, value=left, duration=0.16024160000961274>
492.2558 	EXP 	fixation: autoDraw = False
492.2558 	EXP 	cue_text: autoDraw = True
492.5542 	EXP 	cue_text: autoDraw = False
492.8557 	INFO 	Keyboard events cleared
492.8555 	EXP 	target: autoDraw = True
493.4222 	DATA 	Keypress: left
493.4382 	EXP 	Device response: <KeyPress from None: t=493.42096760000277, value=left, duration=None>
493.4385 	EXP 	New trial (rep=29, index=0): <Trial 290 (0 in rep 29) data={'cue_arrow': '←', 'target_x': 0.5, 'condition': 'invalid', 'corr_Ans': 'right', 'thisN': 290, 'thisTrialN': 0, 'thisRepN': 29}>
493.4551 	EXP 	fixation: autoDraw = False
493.4551 	EXP 	cue_text: autoDraw = False
493.4551 	EXP 	target: autoDraw = False
493.4551 	EXP 	cue_text: text = '←'
493.4551 	EXP 	fixation: autoDraw = True
493.6224 	EXP 	Device response: <KeyPress from None: t=493.42096760000277, value=left, duration=0.20068219999666326>
493.9388 	EXP 	fixation: autoDraw = False
493.9388 	EXP 	cue_text: autoDraw = True
494.2380 	EXP 	cue_text: autoDraw = False
494.5390 	INFO 	Keyboard events cleared
494.5388 	EXP 	target: autoDraw = True
495.7896 	EXP 	Device response: <KeyPress from None: t=495.77783610000915, value=right, duration=None>
495.7900 	EXP 	New trial (rep=29, index=1): <Trial 291 (1 in rep 29) data={'cue_arrow': '→', 'target_x': 0.5, 'condition': 'valid', 'corr_Ans': 'right', 'thisN': 291, 'thisTrialN': 1, 'thisRepN': 29}>
495.7936 	DATA 	Keypress: right
495.8048 	EXP 	fixation: autoDraw = False
495.8048 	EXP 	cue_text: autoDraw = False
495.8048 	EXP 	target: autoDraw = False
495.8048 	EXP 	cue_text: height = np.float64(0.1)
495.8048 	EXP 	cue_text: height = np.float64(0.1)
495.8048 	EXP 	cue_text: height = np.float64(0.1)
495.8048 	EXP 	cue_text: text = '→'
495.8048 	EXP 	fixation: autoDraw = True
495.9211 	EXP 	Device response: <KeyPress from None: t=495.77783610000915, value=right, duration=0.12807759999122936>
496.3056 	EXP 	fixation: autoDraw = False
496.3056 	EXP 	cue_text: autoDraw = True
496.6046 	EXP 	cue_text: autoDraw = False
496.9057 	INFO 	Keyboard events cleared
496.9054 	EXP 	target: autoDraw = True
497.2886 	EXP 	Device response: <KeyPress from None: t=497.27564400000847, value=right, duration=None>
497.2890 	EXP 	New trial (rep=29, index=2): <Trial 292 (2 in rep 29) data={'cue_arrow': '←', 'target_x': -0.5, 'condition': 'valid', 'corr_Ans': 'left', 'thisN': 292, 'thisTrialN': 2, 'thisRepN': 29}>
497.2923 	DATA 	Keypress: right
497.3058 	EXP 	fixation: autoDraw = False
497.3058 	EXP 	cue_text: autoDraw = False
497.3058 	EXP 	target: autoDraw = False
497.3058 	EXP 	cue_text: height = np.float64(0.1)
497.3058 	EXP 	cue_text: height = np.float64(0.1)
497.3058 	EXP 	cue_text: height = np.float64(0.1)
497.3058 	EXP 	cue_text: text = '←'
497.3058 	EXP 	fixation: autoDraw = True
497.4385 	EXP 	Device response: <KeyPress from None: t=497.27564400000847, value=right, duration=0.1615243999985978>
497.7892 	EXP 	fixation: autoDraw = False
497.7892 	EXP 	cue_text: autoDraw = True
498.0885 	EXP 	cue_text: autoDraw = False
498.3894 	INFO 	Keyboard events cleared
498.3892 	EXP 	target: autoDraw = True
498.8056 	EXP 	Device response: <KeyPress from None: t=498.7945703000005, value=left, duration=None>
498.8061 	EXP 	New trial (rep=29, index=3): <Trial 293 (3 in rep 29) data={'cue_arrow': '→', 'target_x': 0.5, 'condition': 'valid', 'corr_Ans': 'right', 'thisN': 293, 'thisTrialN': 3, 'thisRepN': 29}>
498.8103 	DATA 	Keypress: left
498.8214 	EXP 	fixation: autoDraw = False
498.8214 	EXP 	cue_text: autoDraw = False
498.8214 	EXP 	target: autoDraw = False
498.8214 	EXP 	cue_text: height = np.float64(0.1)
498.8214 	EXP 	cue_text: height = np.float64(0.1)
498.8214 	EXP 	cue_text: height = np.float64(0.1)
498.8214 	EXP 	cue_text: text = '→'
498.8214 	EXP 	fixation: autoDraw = True
498.9715 	EXP 	Device response: <KeyPress from None: t=498.7945703000005, value=left, duration=0.160825200000545>
499.3059 	EXP 	fixation: autoDraw = False
499.3059 	EXP 	cue_text: autoDraw = True
499.6052 	EXP 	cue_text: autoDraw = False
499.9222 	INFO 	Keyboard events cleared
499.9219 	EXP 	target: autoDraw = True
500.2390 	EXP 	Device response: <KeyPress from None: t=500.2358022999979, value=right, duration=None>
500.2393 	EXP 	New trial (rep=29, index=4): <Trial 294 (4 in rep 29) data={'cue_arrow': '←', 'target_x': -0.5, 'condition': 'valid', 'corr_Ans': 'left', 'thisN': 294, 'thisTrialN': 4, 'thisRepN': 29}>
500.2426 	DATA 	Keypress: right
500.2550 	EXP 	fixation: autoDraw = False
500.2550 	EXP 	cue_text: autoDraw = False
500.2550 	EXP 	target: autoDraw = False
500.2550 	EXP 	cue_text: height = np.float64(0.1)
500.2550 	EXP 	cue_text: height = np.float64(0.1)
500.2550 	EXP 	cue_text: height = np.float64(0.1)
500.2550 	EXP 	cue_text: text = '←'
500.2550 	EXP 	fixation: autoDraw = True
500.4053 	EXP 	Device response: <KeyPress from None: t=500.2358022999979, value=right, duration=0.1615909000101965>
500.7374 	EXP 	fixation: autoDraw = False
500.7374 	EXP 	cue_text: autoDraw = True
501.0391 	EXP 	cue_text: autoDraw = False
501.3395 	INFO 	Keyboard events cleared
501.3392 	EXP 	target: autoDraw = True
501.6069 	DATA 	Keypress: left
501.6219 	EXP 	Device response: <KeyPress from None: t=501.60557840000547, value=left, duration=None>
501.6224 	EXP 	New trial (rep=29, index=5): <Trial 295 (5 in rep 29) data={'cue_arrow': '→', 'target_x': 0.5, 'condition': 'valid', 'corr_Ans': 'right', 'thisN': 295, 'thisTrialN': 5, 'thisRepN': 29}>
501.6379 	EXP 	fixation: autoDraw = False
501.6379 	EXP 	cue_text: autoDraw = False
501.6379 	EXP 	target: autoDraw = False
501.6379 	EXP 	cue_text: height = np.float64(0.1)
501.6379 	EXP 	cue_text: height = np.float64(0.1)
501.6379 	EXP 	cue_text: height = np.float64(0.1)
501.6379 	EXP 	cue_text: text = '→'
501.6379 	EXP 	fixation: autoDraw = True
501.8226 	EXP 	Device response: <KeyPress from None: t=501.60557840000547, value=left, duration=0.2122908000019379>
502.1220 	EXP 	fixation: autoDraw = False
502.1220 	EXP 	cue_text: autoDraw = True
502.4219 	EXP 	cue_text: autoDraw = False
502.7215 	INFO 	Keyboard events cleared
502.7213 	EXP 	target: autoDraw = True
503.0568 	DATA 	Keypress: right
503.0721 	EXP 	Device response: <KeyPress from None: t=503.0556654000102, value=right, duration=None>
503.0724 	EXP 	New trial (rep=29, index=6): <Trial 296 (6 in rep 29) data={'cue_arrow': '←', 'target_x': -0.5, 'condition': 'valid', 'corr_Ans': 'left', 'thisN': 296, 'thisTrialN': 6, 'thisRepN': 29}>
503.0889 	EXP 	fixation: autoDraw = False
503.0889 	EXP 	cue_text: autoDraw = False
503.0889 	EXP 	target: autoDraw = False
503.0889 	EXP 	cue_text: height = np.float64(0.1)
503.0889 	EXP 	cue_text: height = np.float64(0.1)
503.0889 	EXP 	cue_text: height = np.float64(0.1)
503.0889 	EXP 	cue_text: text = '←'
503.0889 	EXP 	fixation: autoDraw = True
503.2549 	EXP 	Device response: <KeyPress from None: t=503.0556654000102, value=right, duration=0.189773599995533>
503.5725 	EXP 	fixation: autoDraw = False
503.5725 	EXP 	cue_text: autoDraw = True
503.8879 	EXP 	cue_text: autoDraw = False
504.1889 	INFO 	Keyboard events cleared
504.1887 	EXP 	target: autoDraw = True
504.5554 	EXP 	Device response: <KeyPress from None: t=504.5529142000014, value=left, duration=None>
504.5558 	EXP 	New trial (rep=29, index=7): <Trial 297 (7 in rep 29) data={'cue_arrow': '→', 'target_x': 0.5, 'condition': 'valid', 'corr_Ans': 'right', 'thisN': 297, 'thisTrialN': 7, 'thisRepN': 29}>
504.5588 	DATA 	Keypress: left
504.5711 	EXP 	fixation: autoDraw = False
504.5711 	EXP 	cue_text: autoDraw = False
504.5711 	EXP 	target: autoDraw = False
504.5711 	EXP 	cue_text: height = np.float64(0.1)
504.5711 	EXP 	cue_text: height = np.float64(0.1)
504.5711 	EXP 	cue_text: height = np.float64(0.1)
504.5711 	EXP 	cue_text: text = '→'
504.5711 	EXP 	fixation: autoDraw = True
504.7889 	EXP 	Device response: <KeyPress from None: t=504.5529142000014, value=left, duration=0.2237343000015244>
505.0556 	EXP 	fixation: autoDraw = False
505.0556 	EXP 	cue_text: autoDraw = True
505.3546 	EXP 	cue_text: autoDraw = False
505.6559 	INFO 	Keyboard events cleared
505.6557 	EXP 	target: autoDraw = True
505.9548 	EXP 	Device response: <KeyPress from None: t=505.9521390000009, value=right, duration=None>
505.9553 	EXP 	New trial (rep=29, index=8): <Trial 298 (8 in rep 29) data={'cue_arrow': '←', 'target_x': -0.5, 'condition': 'valid', 'corr_Ans': 'left', 'thisN': 298, 'thisTrialN': 8, 'thisRepN': 29}>
505.9583 	DATA 	Keypress: right
505.9709 	EXP 	fixation: autoDraw = False
505.9709 	EXP 	cue_text: autoDraw = False
505.9709 	EXP 	target: autoDraw = False
505.9709 	EXP 	cue_text: height = np.float64(0.1)
505.9709 	EXP 	cue_text: height = np.float64(0.1)
505.9709 	EXP 	cue_text: height = np.float64(0.1)
505.9709 	EXP 	cue_text: text = '←'
505.9709 	EXP 	fixation: autoDraw = True
506.0889 	EXP 	Device response: <KeyPress from None: t=505.9521390000009, value=right, duration=0.1304625000047963>
506.4548 	EXP 	fixation: autoDraw = False
506.4548 	EXP 	cue_text: autoDraw = True
506.7558 	EXP 	cue_text: autoDraw = False
507.0562 	INFO 	Keyboard events cleared
507.0560 	EXP 	target: autoDraw = True
507.4221 	EXP 	Device response: <KeyPress from None: t=507.41177420000895, value=left, duration=None>
507.4225 	EXP 	New trial (rep=29, index=9): <Trial 299 (9 in rep 29) data={'cue_arrow': '→', 'target_x': -0.5, 'condition': 'invalid', 'corr_Ans': 'left', 'thisN': 299, 'thisTrialN': 9, 'thisRepN': 29}>
507.4260 	DATA 	Keypress: left
507.4393 	EXP 	fixation: autoDraw = False
507.4393 	EXP 	cue_text: autoDraw = False
507.4393 	EXP 	target: autoDraw = False
507.4393 	EXP 	cue_text: height = np.float64(0.1)
507.4393 	EXP 	cue_text: height = np.float64(0.1)
507.4393 	EXP 	cue_text: height = np.float64(0.1)
507.4393 	EXP 	cue_text: text = '→'
507.4393 	EXP 	fixation: autoDraw = True
507.5886 	EXP 	Device response: <KeyPress from None: t=507.41177420000895, value=left, duration=0.16191270000126678>
507.9226 	EXP 	fixation: autoDraw = False
507.9226 	EXP 	cue_text: autoDraw = True
508.2390 	EXP 	cue_text: autoDraw = False
508.5226 	INFO 	Keyboard events cleared
508.5224 	EXP 	target: autoDraw = True
509.6731 	EXP 	Device response: <KeyPress from None: t=509.6637411999982, value=left, duration=None>
509.6736 	EXP 	New trial (rep=30, index=0): <Trial 300 (0 in rep 30) data={'cue_arrow': '→', 'target_x': -0.5, 'condition': 'invalid', 'corr_Ans': 'left', 'thisN': 300, 'thisTrialN': 0, 'thisRepN': 30}>
509.6749 	DATA 	Keypress: left
509.6883 	EXP 	fixation: autoDraw = False
509.6883 	EXP 	cue_text: autoDraw = False
509.6883 	EXP 	target: autoDraw = False
509.6883 	EXP 	cue_text: text = '→'
509.6883 	EXP 	fixation: autoDraw = True
509.8065 	EXP 	Device response: <KeyPress from None: t=509.6637411999982, value=left, duration=0.13991680000617635>
510.1708 	EXP 	fixation: autoDraw = False
510.1708 	EXP 	cue_text: autoDraw = True
510.4728 	EXP 	cue_text: autoDraw = False
510.7729 	INFO 	Keyboard events cleared
510.7727 	EXP 	target: autoDraw = True
512.2895 	EXP 	Device response: <KeyPress from None: t=512.2867811000033, value=left, duration=None>
512.2902 	EXP 	New trial (rep=30, index=1): <Trial 301 (1 in rep 30) data={'cue_arrow': '→', 'target_x': 0.5, 'condition': 'valid', 'corr_Ans': 'right', 'thisN': 301, 'thisTrialN': 1, 'thisRepN': 30}>
512.2916 	DATA 	Keypress: left
512.3046 	EXP 	fixation: autoDraw = False
512.3046 	EXP 	cue_text: autoDraw = False
512.3046 	EXP 	target: autoDraw = False
512.3046 	EXP 	cue_text: text = '→'
512.3046 	EXP 	fixation: autoDraw = True
512.4216 	EXP 	Device response: <KeyPress from None: t=512.2867811000033, value=left, duration=0.12918720000016037>
512.7895 	EXP 	fixation: autoDraw = False
512.7895 	EXP 	cue_text: autoDraw = True
513.0883 	EXP 	cue_text: autoDraw = False
513.3890 	INFO 	Keyboard events cleared
513.3888 	EXP 	target: autoDraw = True
513.9384 	EXP 	Device response: <KeyPress from None: t=513.931780400002, value=right, duration=None>
513.9387 	EXP 	New trial (rep=30, index=2): <Trial 302 (2 in rep 30) data={'cue_arrow': '←', 'target_x': -0.5, 'condition': 'valid', 'corr_Ans': 'left', 'thisN': 302, 'thisTrialN': 2, 'thisRepN': 30}>
513.9419 	DATA 	Keypress: right
513.9551 	EXP 	fixation: autoDraw = False
513.9551 	EXP 	cue_text: autoDraw = False
513.9551 	EXP 	target: autoDraw = False
513.9551 	EXP 	cue_text: height = np.float64(0.1)
513.9551 	EXP 	cue_text: height = np.float64(0.1)
513.9551 	EXP 	cue_text: height = np.float64(0.1)
513.9551 	EXP 	cue_text: text = '←'
513.9551 	EXP 	fixation: autoDraw = True
514.0886 	EXP 	Device response: <KeyPress from None: t=513.931780400002, value=right, duration=0.1494626000057906>
514.4390 	EXP 	fixation: autoDraw = False
514.4390 	EXP 	cue_text: autoDraw = True
514.7394 	EXP 	cue_text: autoDraw = False
515.0393 	INFO 	Keyboard events cleared
515.0391 	EXP 	target: autoDraw = True
515.3050 	EXP 	Device response: <KeyPress from None: t=515.303939400008, value=left, duration=None>
515.3053 	EXP 	New trial (rep=30, index=3): <Trial 303 (3 in rep 30) data={'cue_arrow': '←', 'target_x': -0.5, 'condition': 'valid', 'corr_Ans': 'left', 'thisN': 303, 'thisTrialN': 3, 'thisRepN': 30}>
515.3066 	DATA 	Keypress: left
515.3213 	EXP 	fixation: autoDraw = False
515.3213 	EXP 	cue_text: autoDraw = False
515.3213 	EXP 	target: autoDraw = False
515.3213 	EXP 	cue_text: text = '←'
515.3213 	EXP 	fixation: autoDraw = True
515.5058 	EXP 	Device response: <KeyPress from None: t=515.303939400008, value=left, duration=0.19707779999589548>
515.8063 	EXP 	fixation: autoDraw = False
515.8063 	EXP 	cue_text: autoDraw = True
516.1048 	EXP 	cue_text: autoDraw = False
516.4061 	INFO 	Keyboard events cleared
516.4059 	EXP 	target: autoDraw = True
516.7386 	EXP 	Device response: <KeyPress from None: t=516.7277170000016, value=left, duration=None>
516.7390 	EXP 	New trial (rep=30, index=4): <Trial 304 (4 in rep 30) data={'cue_arrow': '→', 'target_x': 0.5, 'condition': 'valid', 'corr_Ans': 'right', 'thisN': 304, 'thisTrialN': 4, 'thisRepN': 30}>
516.7433 	DATA 	Keypress: left
516.7561 	EXP 	fixation: autoDraw = False
516.7561 	EXP 	cue_text: autoDraw = False
516.7561 	EXP 	target: autoDraw = False
516.7561 	EXP 	cue_text: height = np.float64(0.1)
516.7561 	EXP 	cue_text: height = np.float64(0.1)
516.7561 	EXP 	cue_text: height = np.float64(0.1)
516.7561 	EXP 	cue_text: text = '→'
516.7561 	EXP 	fixation: autoDraw = True
516.9388 	EXP 	Device response: <KeyPress from None: t=516.7277170000016, value=left, duration=0.19613769999705255>
517.2379 	EXP 	fixation: autoDraw = False
517.2379 	EXP 	cue_text: autoDraw = True
517.5389 	EXP 	cue_text: autoDraw = False
517.8390 	INFO 	Keyboard events cleared
517.8388 	EXP 	target: autoDraw = True
518.2388 	EXP 	Device response: <KeyPress from None: t=518.2247477000055, value=right, duration=None>
518.2392 	EXP 	New trial (rep=30, index=5): <Trial 305 (5 in rep 30) data={'cue_arrow': '←', 'target_x': -0.5, 'condition': 'valid', 'corr_Ans': 'left', 'thisN': 305, 'thisTrialN': 5, 'thisRepN': 30}>
518.2424 	DATA 	Keypress: right
518.2555 	EXP 	fixation: autoDraw = False
518.2555 	EXP 	cue_text: autoDraw = False
518.2555 	EXP 	target: autoDraw = False
518.2555 	EXP 	cue_text: height = np.float64(0.1)
518.2555 	EXP 	cue_text: height = np.float64(0.1)
518.2555 	EXP 	cue_text: height = np.float64(0.1)
518.2555 	EXP 	cue_text: text = '←'
518.2555 	EXP 	fixation: autoDraw = True
518.4058 	EXP 	Device response: <KeyPress from None: t=518.2247477000055, value=right, duration=0.16613529999449383>
518.7558 	EXP 	fixation: autoDraw = False
518.7558 	EXP 	cue_text: autoDraw = True
519.0396 	EXP 	cue_text: autoDraw = False
519.3398 	INFO 	Keyboard events cleared
519.3396 	EXP 	target: autoDraw = True
520.0552 	EXP 	Device response: <KeyPress from None: t=520.0416086000041, value=left, duration=None>
520.0556 	EXP 	New trial (rep=30, index=6): <Trial 306 (6 in rep 30) data={'cue_arrow': '←', 'target_x': -0.5, 'condition': 'valid', 'corr_Ans': 'left', 'thisN': 306, 'thisTrialN': 6, 'thisRepN': 30}>
520.0567 	DATA 	Keypress: left
520.0725 	EXP 	fixation: autoDraw = False
520.0725 	EXP 	cue_text: autoDraw = False
520.0725 	EXP 	target: autoDraw = False
520.0725 	EXP 	cue_text: text = '←'
520.0725 	EXP 	fixation: autoDraw = True
520.2214 	EXP 	Device response: <KeyPress from None: t=520.0416086000041, value=left, duration=0.17045130000042263>
520.5561 	EXP 	fixation: autoDraw = False
520.5561 	EXP 	cue_text: autoDraw = True
520.8559 	EXP 	cue_text: autoDraw = False
521.1727 	INFO 	Keyboard events cleared
521.1724 	EXP 	target: autoDraw = True
521.4390 	EXP 	Device response: <KeyPress from None: t=521.4314821000007, value=left, duration=None>
521.4393 	EXP 	New trial (rep=30, index=7): <Trial 307 (7 in rep 30) data={'cue_arrow': '→', 'target_x': 0.5, 'condition': 'valid', 'corr_Ans': 'right', 'thisN': 307, 'thisTrialN': 7, 'thisRepN': 30}>
521.4425 	DATA 	Keypress: left
521.4545 	EXP 	fixation: autoDraw = False
521.4545 	EXP 	cue_text: autoDraw = False
521.4545 	EXP 	target: autoDraw = False
521.4545 	EXP 	cue_text: height = np.float64(0.1)
521.4545 	EXP 	cue_text: height = np.float64(0.1)
521.4545 	EXP 	cue_text: height = np.float64(0.1)
521.4545 	EXP 	cue_text: text = '→'
521.4545 	EXP 	fixation: autoDraw = True
521.5717 	EXP 	Device response: <KeyPress from None: t=521.4314821000007, value=left, duration=0.1303466999961529>
521.9395 	EXP 	fixation: autoDraw = False
521.9395 	EXP 	cue_text: autoDraw = True
522.2379 	EXP 	cue_text: autoDraw = False
522.5399 	INFO 	Keyboard events cleared
522.5396 	EXP 	target: autoDraw = True
522.7893 	EXP 	Device response: <KeyPress from None: t=522.7860002000089, value=right, duration=None>
522.7896 	EXP 	New trial (rep=30, index=8): <Trial 308 (8 in rep 30) data={'cue_arrow': '→', 'target_x': 0.5, 'condition': 'valid', 'corr_Ans': 'right', 'thisN': 308, 'thisTrialN': 8, 'thisRepN': 30}>
522.7910 	DATA 	Keypress: right
522.8047 	EXP 	fixation: autoDraw = False
522.8047 	EXP 	cue_text: autoDraw = False
522.8047 	EXP 	target: autoDraw = False
522.8047 	EXP 	cue_text: text = '→'
522.8047 	EXP 	fixation: autoDraw = True
522.9051 	EXP 	Device response: <KeyPress from None: t=522.7860002000089, value=right, duration=0.10928099999728147>
523.2893 	EXP 	fixation: autoDraw = False
523.2893 	EXP 	cue_text: autoDraw = True
523.6063 	EXP 	cue_text: autoDraw = False
523.8895 	INFO 	Keyboard events cleared
523.8893 	EXP 	target: autoDraw = True
524.1562 	EXP 	Device response: <KeyPress from None: t=524.1488889000029, value=right, duration=None>
524.1566 	EXP 	New trial (rep=30, index=9): <Trial 309 (9 in rep 30) data={'cue_arrow': '←', 'target_x': 0.5, 'condition': 'invalid', 'corr_Ans': 'right', 'thisN': 309, 'thisTrialN': 9, 'thisRepN': 30}>
524.1597 	DATA 	Keypress: right
524.1732 	EXP 	fixation: autoDraw = False
524.1732 	EXP 	cue_text: autoDraw = False
524.1732 	EXP 	target: autoDraw = False
524.1732 	EXP 	cue_text: height = np.float64(0.1)
524.1732 	EXP 	cue_text: height = np.float64(0.1)
524.1732 	EXP 	cue_text: height = np.float64(0.1)
524.1732 	EXP 	cue_text: text = '←'
524.1732 	EXP 	fixation: autoDraw = True
524.2888 	EXP 	Device response: <KeyPress from None: t=524.1488889000029, value=right, duration=0.12898189999395981>
524.6557 	EXP 	fixation: autoDraw = False
524.6557 	EXP 	cue_text: autoDraw = True
524.9726 	EXP 	cue_text: autoDraw = False
525.2572 	INFO 	Keyboard events cleared
525.2570 	EXP 	target: autoDraw = True
525.6721 	EXP 	Device response: <KeyPress from None: t=525.6674684000027, value=right, duration=None>
525.6726 	EXP 	New trial (rep=31, index=0): <Trial 310 (0 in rep 31) data={'cue_arrow': '←', 'target_x': -0.5, 'condition': 'valid', 'corr_Ans': 'left', 'thisN': 310, 'thisTrialN': 0, 'thisRepN': 31}>
525.6745 	DATA 	Keypress: right
525.6879 	EXP 	fixation: autoDraw = False
525.6879 	EXP 	cue_text: autoDraw = False
525.6879 	EXP 	target: autoDraw = False
525.6879 	EXP 	cue_text: text = '←'
525.6879 	EXP 	fixation: autoDraw = True
525.7883 	EXP 	Device response: <KeyPress from None: t=525.6674684000027, value=right, duration=0.11358289999770932>
526.1718 	EXP 	fixation: autoDraw = False
526.1718 	EXP 	cue_text: autoDraw = True
526.4730 	EXP 	cue_text: autoDraw = False
526.7732 	INFO 	Keyboard events cleared
526.7730 	EXP 	target: autoDraw = True
527.2053 	EXP 	Device response: <KeyPress from None: t=527.1974392999982, value=left, duration=None>
527.2056 	EXP 	New trial (rep=31, index=1): <Trial 311 (1 in rep 31) data={'cue_arrow': '←', 'target_x': -0.5, 'condition': 'valid', 'corr_Ans': 'left', 'thisN': 311, 'thisTrialN': 1, 'thisRepN': 31}>
527.2068 	DATA 	Keypress: left
527.2223 	EXP 	fixation: autoDraw = False
527.2223 	EXP 	cue_text: autoDraw = False
527.2223 	EXP 	target: autoDraw = False
527.2223 	EXP 	cue_text: text = '←'
527.2223 	EXP 	fixation: autoDraw = True
527.3403 	EXP 	Device response: <KeyPress from None: t=527.1974392999982, value=left, duration=0.1402278000023216>
527.7054 	EXP 	fixation: autoDraw = False
527.7054 	EXP 	cue_text: autoDraw = True
528.0064 	EXP 	cue_text: autoDraw = False
528.3066 	INFO 	Keyboard events cleared
528.3063 	EXP 	target: autoDraw = True
528.8720 	EXP 	Device response: <KeyPress from None: t=528.8695694000053, value=left, duration=None>
528.8723 	EXP 	New trial (rep=31, index=2): <Trial 312 (2 in rep 31) data={'cue_arrow': '→', 'target_x': 0.5, 'condition': 'valid', 'corr_Ans': 'right', 'thisN': 312, 'thisTrialN': 2, 'thisRepN': 31}>
528.8754 	DATA 	Keypress: left
528.8890 	EXP 	fixation: autoDraw = False
528.8890 	EXP 	cue_text: autoDraw = False
528.8890 	EXP 	target: autoDraw = False
528.8890 	EXP 	cue_text: height = np.float64(0.1)
528.8890 	EXP 	cue_text: height = np.float64(0.1)
528.8890 	EXP 	cue_text: height = np.float64(0.1)
528.8890 	EXP 	cue_text: text = '→'
528.8890 	EXP 	fixation: autoDraw = True
528.9887 	EXP 	Device response: <KeyPress from None: t=528.8695694000053, value=left, duration=0.10939709999365732>
529.3731 	EXP 	fixation: autoDraw = False
529.3731 	EXP 	cue_text: autoDraw = True
529.6727 	EXP 	cue_text: autoDraw = False
529.9732 	INFO 	Keyboard events cleared
529.9729 	EXP 	target: autoDraw = True
530.5908 	DATA 	Keypress: right
530.6067 	EXP 	Device response: <KeyPress from None: t=530.5900124000036, value=right, duration=None>
530.6072 	EXP 	New trial (rep=31, index=3): <Trial 313 (3 in rep 31) data={'cue_arrow': '←', 'target_x': 0.5, 'condition': 'invalid', 'corr_Ans': 'right', 'thisN': 313, 'thisTrialN': 3, 'thisRepN': 31}>
530.6233 	EXP 	fixation: autoDraw = False
530.6233 	EXP 	cue_text: autoDraw = False
530.6233 	EXP 	target: autoDraw = False
530.6233 	EXP 	cue_text: height = np.float64(0.1)
530.6233 	EXP 	cue_text: height = np.float64(0.1)
530.6233 	EXP 	cue_text: height = np.float64(0.1)
530.6233 	EXP 	cue_text: text = '←'
530.6233 	EXP 	fixation: autoDraw = True
530.7890 	EXP 	Device response: <KeyPress from None: t=530.5900124000036, value=right, duration=0.1946044000069378>
531.1236 	EXP 	fixation: autoDraw = False
531.1236 	EXP 	cue_text: autoDraw = True
531.4217 	EXP 	cue_text: autoDraw = False
531.7231 	INFO 	Keyboard events cleared
531.7229 	EXP 	target: autoDraw = True
533.3560 	EXP 	Device response: <KeyPress from None: t=533.3529688999988, value=right, duration=None>
533.3563 	EXP 	New trial (rep=31, index=4): <Trial 314 (4 in rep 31) data={'cue_arrow': '→', 'target_x': 0.5, 'condition': 'valid', 'corr_Ans': 'right', 'thisN': 314, 'thisTrialN': 4, 'thisRepN': 31}>
533.3594 	DATA 	Keypress: right
533.3714 	EXP 	fixation: autoDraw = False
533.3714 	EXP 	cue_text: autoDraw = False
533.3714 	EXP 	target: autoDraw = False
533.3714 	EXP 	cue_text: height = np.float64(0.1)
533.3714 	EXP 	cue_text: height = np.float64(0.1)
533.3714 	EXP 	cue_text: height = np.float64(0.1)
533.3714 	EXP 	cue_text: text = '→'
533.3714 	EXP 	fixation: autoDraw = True
533.4557 	EXP 	Device response: <KeyPress from None: t=533.3529688999988, value=right, duration=0.09306800000194926>
533.8552 	EXP 	fixation: autoDraw = False
533.8552 	EXP 	cue_text: autoDraw = True
534.1558 	EXP 	cue_text: autoDraw = False
534.4566 	INFO 	Keyboard events cleared
534.4564 	EXP 	target: autoDraw = True
534.9720 	EXP 	Device response: <KeyPress from None: t=534.958006300003, value=right, duration=None>
534.9725 	EXP 	New trial (rep=31, index=5): <Trial 315 (5 in rep 31) data={'cue_arrow': '←', 'target_x': -0.5, 'condition': 'valid', 'corr_Ans': 'left', 'thisN': 315, 'thisTrialN': 5, 'thisRepN': 31}>
534.9762 	DATA 	Keypress: right
534.9895 	EXP 	fixation: autoDraw = False
534.9895 	EXP 	cue_text: autoDraw = False
534.9895 	EXP 	target: autoDraw = False
534.9895 	EXP 	cue_text: height = np.float64(0.1)
534.9895 	EXP 	cue_text: height = np.float64(0.1)
534.9895 	EXP 	cue_text: height = np.float64(0.1)
534.9895 	EXP 	cue_text: text = '←'
534.9895 	EXP 	fixation: autoDraw = True
535.0894 	EXP 	Device response: <KeyPress from None: t=534.958006300003, value=right, duration=0.11995940000633709>
535.4731 	EXP 	fixation: autoDraw = False
535.4731 	EXP 	cue_text: autoDraw = True
535.7715 	EXP 	cue_text: autoDraw = False
536.0734 	INFO 	Keyboard events cleared
536.0732 	EXP 	target: autoDraw = True
536.4891 	EXP 	Device response: <KeyPress from None: t=536.4796935000049, value=left, duration=None>
536.4896 	EXP 	New trial (rep=31, index=6): <Trial 316 (6 in rep 31) data={'cue_arrow': '→', 'target_x': 0.5, 'condition': 'valid', 'corr_Ans': 'right', 'thisN': 316, 'thisTrialN': 6, 'thisRepN': 31}>
536.4931 	DATA 	Keypress: left
536.5064 	EXP 	fixation: autoDraw = False
536.5064 	EXP 	cue_text: autoDraw = False
536.5064 	EXP 	target: autoDraw = False
536.5064 	EXP 	cue_text: height = np.float64(0.1)
536.5064 	EXP 	cue_text: height = np.float64(0.1)
536.5064 	EXP 	cue_text: height = np.float64(0.1)
536.5064 	EXP 	cue_text: text = '→'
536.5064 	EXP 	fixation: autoDraw = True
536.6724 	EXP 	Device response: <KeyPress from None: t=536.4796935000049, value=left, duration=0.1819647999946028>
536.9892 	EXP 	fixation: autoDraw = False
536.9892 	EXP 	cue_text: autoDraw = True
537.2898 	EXP 	cue_text: autoDraw = False
537.6062 	INFO 	Keyboard events cleared
537.6060 	EXP 	target: autoDraw = True
538.0393 	EXP 	Device response: <KeyPress from None: t=538.0355358000088, value=right, duration=None>
538.0398 	EXP 	New trial (rep=31, index=7): <Trial 317 (7 in rep 31) data={'cue_arrow': '→', 'target_x': 0.5, 'condition': 'valid', 'corr_Ans': 'right', 'thisN': 317, 'thisTrialN': 7, 'thisRepN': 31}>
538.0414 	DATA 	Keypress: right
538.0555 	EXP 	fixation: autoDraw = False
538.0555 	EXP 	cue_text: autoDraw = False
538.0555 	EXP 	target: autoDraw = False
538.0555 	EXP 	cue_text: text = '→'
538.0555 	EXP 	fixation: autoDraw = True
538.2228 	EXP 	Device response: <KeyPress from None: t=538.0355358000088, value=right, duration=0.1747231999906944>
538.5392 	EXP 	fixation: autoDraw = False
538.5392 	EXP 	cue_text: autoDraw = True
538.8398 	EXP 	cue_text: autoDraw = False
539.1386 	INFO 	Keyboard events cleared
539.1384 	EXP 	target: autoDraw = True
539.6890 	EXP 	Device response: <KeyPress from None: t=539.6751313999994, value=right, duration=None>
539.6893 	EXP 	New trial (rep=31, index=8): <Trial 318 (8 in rep 31) data={'cue_arrow': '→', 'target_x': -0.5, 'condition': 'invalid', 'corr_Ans': 'left', 'thisN': 318, 'thisTrialN': 8, 'thisRepN': 31}>
539.6906 	DATA 	Keypress: right
539.7061 	EXP 	fixation: autoDraw = False
539.7061 	EXP 	cue_text: autoDraw = False
539.7061 	EXP 	target: autoDraw = False
539.7061 	EXP 	cue_text: text = '→'
539.7061 	EXP 	fixation: autoDraw = True
539.8571 	EXP 	Device response: <KeyPress from None: t=539.6751313999994, value=right, duration=0.1745960000116611>
540.1899 	EXP 	fixation: autoDraw = False
540.1899 	EXP 	cue_text: autoDraw = True
540.4899 	EXP 	cue_text: autoDraw = False
540.7899 	INFO 	Keyboard events cleared
540.7897 	EXP 	target: autoDraw = True
541.5388 	EXP 	Device response: <KeyPress from None: t=541.5234233000083, value=left, duration=None>
541.5391 	EXP 	New trial (rep=31, index=9): <Trial 319 (9 in rep 31) data={'cue_arrow': '←', 'target_x': -0.5, 'condition': 'valid', 'corr_Ans': 'left', 'thisN': 319, 'thisTrialN': 9, 'thisRepN': 31}>
541.5427 	DATA 	Keypress: left
541.5564 	EXP 	fixation: autoDraw = False
541.5564 	EXP 	cue_text: autoDraw = False
541.5564 	EXP 	target: autoDraw = False
541.5564 	EXP 	cue_text: height = np.float64(0.1)
541.5564 	EXP 	cue_text: height = np.float64(0.1)
541.5564 	EXP 	cue_text: height = np.float64(0.1)
541.5564 	EXP 	cue_text: text = '←'
541.5564 	EXP 	fixation: autoDraw = True
541.6888 	EXP 	Device response: <KeyPress from None: t=541.5234233000083, value=left, duration=0.1585378000017954>
542.0399 	EXP 	fixation: autoDraw = False
542.0399 	EXP 	cue_text: autoDraw = True
542.3394 	EXP 	cue_text: autoDraw = False
542.6386 	INFO 	Keyboard events cleared
542.6384 	EXP 	target: autoDraw = True
543.7908 	DATA 	Keypress: left
543.8058 	EXP 	Device response: <KeyPress from None: t=543.7898413000075, value=left, duration=None>
543.8062 	EXP 	New trial (rep=32, index=0): <Trial 320 (0 in rep 32) data={'cue_arrow': '←', 'target_x': -0.5, 'condition': 'valid', 'corr_Ans': 'left', 'thisN': 320, 'thisTrialN': 0, 'thisRepN': 32}>
543.8221 	EXP 	fixation: autoDraw = False
543.8221 	EXP 	cue_text: autoDraw = False
543.8221 	EXP 	target: autoDraw = False
543.8221 	EXP 	cue_text: text = '←'
543.8221 	EXP 	fixation: autoDraw = True
543.9056 	EXP 	Device response: <KeyPress from None: t=543.7898413000075, value=left, duration=0.1113993000035407>
544.3063 	EXP 	fixation: autoDraw = False
544.3063 	EXP 	cue_text: autoDraw = True
544.6051 	EXP 	cue_text: autoDraw = False
544.9070 	INFO 	Keyboard events cleared
544.9068 	EXP 	target: autoDraw = True
545.2723 	EXP 	Device response: <KeyPress from None: t=545.2613264000101, value=left, duration=None>
545.2727 	EXP 	New trial (rep=32, index=1): <Trial 321 (1 in rep 32) data={'cue_arrow': '←', 'target_x': -0.5, 'condition': 'valid', 'corr_Ans': 'left', 'thisN': 321, 'thisTrialN': 1, 'thisRepN': 32}>
545.2740 	DATA 	Keypress: left
545.2900 	EXP 	fixation: autoDraw = False
545.2900 	EXP 	cue_text: autoDraw = False
545.2900 	EXP 	target: autoDraw = False
545.2900 	EXP 	cue_text: text = '←'
545.2900 	EXP 	fixation: autoDraw = True
545.4555 	EXP 	Device response: <KeyPress from None: t=545.2613264000101, value=left, duration=0.18613750000076834>
545.7732 	EXP 	fixation: autoDraw = False
545.7732 	EXP 	cue_text: autoDraw = True
546.0732 	EXP 	cue_text: autoDraw = False
546.3737 	INFO 	Keyboard events cleared
546.3735 	EXP 	target: autoDraw = True
546.6562 	EXP 	Device response: <KeyPress from None: t=546.6506311999983, value=left, duration=None>
546.6566 	EXP 	New trial (rep=32, index=2): <Trial 322 (2 in rep 32) data={'cue_arrow': '→', 'target_x': 0.5, 'condition': 'valid', 'corr_Ans': 'right', 'thisN': 322, 'thisTrialN': 2, 'thisRepN': 32}>
546.6607 	DATA 	Keypress: left
546.6717 	EXP 	fixation: autoDraw = False
546.6717 	EXP 	cue_text: autoDraw = False
546.6717 	EXP 	target: autoDraw = False
546.6717 	EXP 	cue_text: height = np.float64(0.1)
546.6717 	EXP 	cue_text: height = np.float64(0.1)
546.6717 	EXP 	cue_text: height = np.float64(0.1)
546.6717 	EXP 	cue_text: text = '→'
546.6717 	EXP 	fixation: autoDraw = True
546.8400 	EXP 	Device response: <KeyPress from None: t=546.6506311999983, value=left, duration=0.17923850000079256>
547.1564 	EXP 	fixation: autoDraw = False
547.1564 	EXP 	cue_text: autoDraw = True
547.4563 	EXP 	cue_text: autoDraw = False
547.7564 	INFO 	Keyboard events cleared
547.7562 	EXP 	target: autoDraw = True
548.1060 	EXP 	Device response: <KeyPress from None: t=548.0988255999982, value=right, duration=None>
548.1063 	EXP 	New trial (rep=32, index=3): <Trial 323 (3 in rep 32) data={'cue_arrow': '→', 'target_x': -0.5, 'condition': 'invalid', 'corr_Ans': 'left', 'thisN': 323, 'thisTrialN': 3, 'thisRepN': 32}>
548.1075 	DATA 	Keypress: right
548.1223 	EXP 	fixation: autoDraw = False
548.1223 	EXP 	cue_text: autoDraw = False
548.1223 	EXP 	target: autoDraw = False
548.1223 	EXP 	cue_text: text = '→'
548.1223 	EXP 	fixation: autoDraw = True
548.2722 	EXP 	Device response: <KeyPress from None: t=548.0988255999982, value=right, duration=0.1595157000119798>
548.6066 	EXP 	fixation: autoDraw = False
548.6066 	EXP 	cue_text: autoDraw = True
548.9067 	EXP 	cue_text: autoDraw = False
549.2055 	INFO 	Keyboard events cleared
549.2053 	EXP 	target: autoDraw = True
550.0568 	DATA 	Keypress: left
550.0725 	EXP 	Device response: <KeyPress from None: t=550.0559270000085, value=left, duration=None>
550.0729 	EXP 	New trial (rep=32, index=4): <Trial 324 (4 in rep 32) data={'cue_arrow': '→', 'target_x': 0.5, 'condition': 'valid', 'corr_Ans': 'right', 'thisN': 324, 'thisTrialN': 4, 'thisRepN': 32}>
550.0886 	EXP 	fixation: autoDraw = False
550.0886 	EXP 	cue_text: autoDraw = False
550.0886 	EXP 	target: autoDraw = False
550.0886 	EXP 	cue_text: text = '→'
550.0886 	EXP 	fixation: autoDraw = True
550.2227 	EXP 	Device response: <KeyPress from None: t=550.0559270000085, value=left, duration=0.16320819999964442>
550.5733 	EXP 	fixation: autoDraw = False
550.5733 	EXP 	cue_text: autoDraw = True
550.8728 	EXP 	cue_text: autoDraw = False
551.1898 	INFO 	Keyboard events cleared
551.1896 	EXP 	target: autoDraw = True
551.5733 	EXP 	Device response: <KeyPress from None: t=551.5650889000099, value=right, duration=None>
551.5738 	EXP 	New trial (rep=32, index=5): <Trial 325 (5 in rep 32) data={'cue_arrow': '←', 'target_x': -0.5, 'condition': 'valid', 'corr_Ans': 'left', 'thisN': 325, 'thisTrialN': 5, 'thisRepN': 32}>
551.5784 	DATA 	Keypress: right
551.5879 	EXP 	fixation: autoDraw = False
551.5879 	EXP 	cue_text: autoDraw = False
551.5879 	EXP 	target: autoDraw = False
551.5879 	EXP 	cue_text: height = np.float64(0.1)
551.5879 	EXP 	cue_text: height = np.float64(0.1)
551.5879 	EXP 	cue_text: height = np.float64(0.1)
551.5879 	EXP 	cue_text: text = '←'
551.5879 	EXP 	fixation: autoDraw = True
551.6559 	EXP 	Device response: <KeyPress from None: t=551.5650889000099, value=right, duration=0.08127589999639895>
552.0901 	EXP 	fixation: autoDraw = False
552.0901 	EXP 	cue_text: autoDraw = True
552.3731 	EXP 	cue_text: autoDraw = False
552.6732 	INFO 	Keyboard events cleared
552.6730 	EXP 	target: autoDraw = True
553.3553 	EXP 	Device response: <KeyPress from None: t=553.3546612000064, value=left, duration=None>
553.3556 	EXP 	New trial (rep=32, index=6): <Trial 326 (6 in rep 32) data={'cue_arrow': '→', 'target_x': 0.5, 'condition': 'valid', 'corr_Ans': 'right', 'thisN': 326, 'thisTrialN': 6, 'thisRepN': 32}>
553.3587 	DATA 	Keypress: left
553.3718 	EXP 	fixation: autoDraw = False
553.3718 	EXP 	cue_text: autoDraw = False
553.3718 	EXP 	target: autoDraw = False
553.3718 	EXP 	cue_text: height = np.float64(0.1)
553.3718 	EXP 	cue_text: height = np.float64(0.1)
553.3718 	EXP 	cue_text: height = np.float64(0.1)
553.3718 	EXP 	cue_text: text = '→'
553.3718 	EXP 	fixation: autoDraw = True
553.5062 	EXP 	Device response: <KeyPress from None: t=553.3546612000064, value=left, duration=0.14605339999252465>
553.8564 	EXP 	fixation: autoDraw = False
553.8564 	EXP 	cue_text: autoDraw = True
554.1571 	EXP 	cue_text: autoDraw = False
554.4553 	INFO 	Keyboard events cleared
554.4551 	EXP 	target: autoDraw = True
555.0897 	EXP 	Device response: <KeyPress from None: t=555.0888795000064, value=right, duration=None>
555.0901 	EXP 	New trial (rep=32, index=7): <Trial 327 (7 in rep 32) data={'cue_arrow': '→', 'target_x': 0.5, 'condition': 'valid', 'corr_Ans': 'right', 'thisN': 327, 'thisTrialN': 7, 'thisRepN': 32}>
555.0920 	DATA 	Keypress: right
555.1055 	EXP 	fixation: autoDraw = False
555.1055 	EXP 	cue_text: autoDraw = False
555.1055 	EXP 	target: autoDraw = False
555.1055 	EXP 	cue_text: text = '→'
555.1055 	EXP 	fixation: autoDraw = True
555.2396 	EXP 	Device response: <KeyPress from None: t=555.0888795000064, value=right, duration=0.14016120000451338>
555.5896 	EXP 	fixation: autoDraw = False
555.5896 	EXP 	cue_text: autoDraw = True
555.9068 	EXP 	cue_text: autoDraw = False
556.1887 	INFO 	Keyboard events cleared
556.1885 	EXP 	target: autoDraw = True
556.5245 	DATA 	Keypress: right
556.5392 	EXP 	Device response: <KeyPress from None: t=556.5238981000002, value=right, duration=None>
556.5397 	EXP 	New trial (rep=32, index=8): <Trial 328 (8 in rep 32) data={'cue_arrow': '←', 'target_x': -0.5, 'condition': 'valid', 'corr_Ans': 'left', 'thisN': 328, 'thisTrialN': 8, 'thisRepN': 32}>
556.5564 	EXP 	fixation: autoDraw = False
556.5564 	EXP 	cue_text: autoDraw = False
556.5564 	EXP 	target: autoDraw = False
556.5564 	EXP 	cue_text: height = np.float64(0.1)
556.5564 	EXP 	cue_text: height = np.float64(0.1)
556.5564 	EXP 	cue_text: height = np.float64(0.1)
556.5564 	EXP 	cue_text: text = '←'
556.5564 	EXP 	fixation: autoDraw = True
556.6890 	EXP 	Device response: <KeyPress from None: t=556.5238981000002, value=right, duration=0.15676189999794587>
557.0396 	EXP 	fixation: autoDraw = False
557.0396 	EXP 	cue_text: autoDraw = True
557.3395 	EXP 	cue_text: autoDraw = False
557.6401 	INFO 	Keyboard events cleared
557.6399 	EXP 	target: autoDraw = True
558.0225 	EXP 	Device response: <KeyPress from None: t=558.0215816999989, value=left, duration=None>
558.0228 	EXP 	New trial (rep=32, index=9): <Trial 329 (9 in rep 32) data={'cue_arrow': '←', 'target_x': 0.5, 'condition': 'invalid', 'corr_Ans': 'right', 'thisN': 329, 'thisTrialN': 9, 'thisRepN': 32}>
558.0240 	DATA 	Keypress: left
558.0386 	EXP 	fixation: autoDraw = False
558.0386 	EXP 	cue_text: autoDraw = False
558.0386 	EXP 	target: autoDraw = False
558.0386 	EXP 	cue_text: text = '←'
558.0386 	EXP 	fixation: autoDraw = True
558.2400 	EXP 	Device response: <KeyPress from None: t=558.0215816999989, value=left, duration=0.21030580000660848>
558.5235 	EXP 	fixation: autoDraw = False
558.5235 	EXP 	cue_text: autoDraw = True
558.8223 	EXP 	cue_text: autoDraw = False
559.1238 	INFO 	Keyboard events cleared
559.1236 	EXP 	target: autoDraw = True
559.4393 	EXP 	Device response: <KeyPress from None: t=559.427950199999, value=left, duration=None>
559.4398 	EXP 	New trial (rep=33, index=0): <Trial 330 (0 in rep 33) data={'cue_arrow': '←', 'target_x': -0.5, 'condition': 'valid', 'corr_Ans': 'left', 'thisN': 330, 'thisTrialN': 0, 'thisRepN': 33}>
559.4411 	DATA 	Keypress: left
559.4569 	EXP 	fixation: autoDraw = False
559.4569 	EXP 	cue_text: autoDraw = False
559.4569 	EXP 	target: autoDraw = False
559.4569 	EXP 	cue_text: text = '←'
559.4569 	EXP 	fixation: autoDraw = True
559.6058 	EXP 	Device response: <KeyPress from None: t=559.427950199999, value=left, duration=0.16660000001138542>
559.9401 	EXP 	fixation: autoDraw = False
559.9401 	EXP 	cue_text: autoDraw = True
560.2386 	EXP 	cue_text: autoDraw = False
560.5403 	INFO 	Keyboard events cleared
560.5401 	EXP 	target: autoDraw = True
561.1726 	EXP 	Device response: <KeyPress from None: t=561.162219100006, value=left, duration=None>
561.1730 	EXP 	New trial (rep=33, index=1): <Trial 331 (1 in rep 33) data={'cue_arrow': '→', 'target_x': 0.5, 'condition': 'valid', 'corr_Ans': 'right', 'thisN': 331, 'thisTrialN': 1, 'thisRepN': 33}>
561.1766 	DATA 	Keypress: left
561.1897 	EXP 	fixation: autoDraw = False
561.1897 	EXP 	cue_text: autoDraw = False
561.1897 	EXP 	target: autoDraw = False
561.1897 	EXP 	cue_text: height = np.float64(0.1)
561.1897 	EXP 	cue_text: height = np.float64(0.1)
561.1897 	EXP 	cue_text: height = np.float64(0.1)
561.1897 	EXP 	cue_text: text = '→'
561.1897 	EXP 	fixation: autoDraw = True
561.3408 	EXP 	Device response: <KeyPress from None: t=561.162219100006, value=left, duration=0.16441050000139512>
561.6719 	EXP 	fixation: autoDraw = False
561.6719 	EXP 	cue_text: autoDraw = True
561.9733 	EXP 	cue_text: autoDraw = False
562.2737 	INFO 	Keyboard events cleared
562.2735 	EXP 	target: autoDraw = True
562.6395 	EXP 	Device response: <KeyPress from None: t=562.6258139999991, value=right, duration=None>
562.6399 	EXP 	New trial (rep=33, index=2): <Trial 332 (2 in rep 33) data={'cue_arrow': '→', 'target_x': 0.5, 'condition': 'valid', 'corr_Ans': 'right', 'thisN': 332, 'thisTrialN': 2, 'thisRepN': 33}>
562.6412 	DATA 	Keypress: right
562.6558 	EXP 	fixation: autoDraw = False
562.6558 	EXP 	cue_text: autoDraw = False
562.6558 	EXP 	target: autoDraw = False
562.6558 	EXP 	cue_text: text = '→'
562.6558 	EXP 	fixation: autoDraw = True
562.7558 	EXP 	Device response: <KeyPress from None: t=562.6258139999991, value=right, duration=0.11475590000918601>
563.1404 	EXP 	fixation: autoDraw = False
563.1404 	EXP 	cue_text: autoDraw = True
563.4567 	EXP 	cue_text: autoDraw = False
563.7405 	INFO 	Keyboard events cleared
563.7403 	EXP 	target: autoDraw = True
564.0234 	EXP 	Device response: <KeyPress from None: t=564.0206393999979, value=right, duration=None>
564.0239 	EXP 	New trial (rep=33, index=3): <Trial 333 (3 in rep 33) data={'cue_arrow': '←', 'target_x': -0.5, 'condition': 'valid', 'corr_Ans': 'left', 'thisN': 333, 'thisTrialN': 3, 'thisRepN': 33}>
564.0273 	DATA 	Keypress: right
564.0391 	EXP 	fixation: autoDraw = False
564.0391 	EXP 	cue_text: autoDraw = False
564.0391 	EXP 	target: autoDraw = False
564.0391 	EXP 	cue_text: height = np.float64(0.1)
564.0391 	EXP 	cue_text: height = np.float64(0.1)
564.0391 	EXP 	cue_text: height = np.float64(0.1)
564.0391 	EXP 	cue_text: text = '←'
564.0391 	EXP 	fixation: autoDraw = True
564.1729 	EXP 	Device response: <KeyPress from None: t=564.0206393999979, value=right, duration=0.14032210000732448>
564.5228 	EXP 	fixation: autoDraw = False
564.5228 	EXP 	cue_text: autoDraw = True
564.8233 	EXP 	cue_text: autoDraw = False
565.1239 	INFO 	Keyboard events cleared
565.1237 	EXP 	target: autoDraw = True
565.3583 	DATA 	Keypress: left
565.3730 	EXP 	Device response: <KeyPress from None: t=565.3576602000103, value=left, duration=None>
565.3735 	EXP 	New trial (rep=33, index=4): <Trial 334 (4 in rep 33) data={'cue_arrow': '→', 'target_x': 0.5, 'condition': 'valid', 'corr_Ans': 'right', 'thisN': 334, 'thisTrialN': 4, 'thisRepN': 33}>
565.3893 	EXP 	fixation: autoDraw = False
565.3893 	EXP 	cue_text: autoDraw = False
565.3893 	EXP 	target: autoDraw = False
565.3893 	EXP 	cue_text: height = np.float64(0.1)
565.3893 	EXP 	cue_text: height = np.float64(0.1)
565.3893 	EXP 	cue_text: height = np.float64(0.1)
565.3893 	EXP 	cue_text: text = '→'
565.3893 	EXP 	fixation: autoDraw = True
565.5394 	EXP 	Device response: <KeyPress from None: t=565.3576602000103, value=left, duration=0.16814579999481793>
565.8904 	EXP 	fixation: autoDraw = False
565.8904 	EXP 	cue_text: autoDraw = True
566.1734 	EXP 	cue_text: autoDraw = False
566.4739 	INFO 	Keyboard events cleared
566.4737 	EXP 	target: autoDraw = True
566.7066 	EXP 	Device response: <KeyPress from None: t=566.6944922000112, value=right, duration=None>
566.7071 	EXP 	New trial (rep=33, index=5): <Trial 335 (5 in rep 33) data={'cue_arrow': '→', 'target_x': 0.5, 'condition': 'valid', 'corr_Ans': 'right', 'thisN': 335, 'thisTrialN': 5, 'thisRepN': 33}>
566.7090 	DATA 	Keypress: right
566.7222 	EXP 	fixation: autoDraw = False
566.7222 	EXP 	cue_text: autoDraw = False
566.7222 	EXP 	target: autoDraw = False
566.7222 	EXP 	cue_text: text = '→'
566.7222 	EXP 	fixation: autoDraw = True
566.8411 	EXP 	Device response: <KeyPress from None: t=566.6944922000112, value=right, duration=0.13214039999002125>
567.2061 	EXP 	fixation: autoDraw = False
567.2061 	EXP 	cue_text: autoDraw = True
567.5067 	EXP 	cue_text: autoDraw = False
567.8057 	INFO 	Keyboard events cleared
567.8055 	EXP 	target: autoDraw = True
568.4062 	EXP 	Device response: <KeyPress from None: t=568.403210000004, value=right, duration=None>
568.4066 	EXP 	New trial (rep=33, index=6): <Trial 336 (6 in rep 33) data={'cue_arrow': '←', 'target_x': 0.5, 'condition': 'invalid', 'corr_Ans': 'right', 'thisN': 336, 'thisTrialN': 6, 'thisRepN': 33}>
568.4097 	DATA 	Keypress: right
568.4232 	EXP 	fixation: autoDraw = False
568.4232 	EXP 	cue_text: autoDraw = False
568.4232 	EXP 	target: autoDraw = False
568.4232 	EXP 	cue_text: height = np.float64(0.1)
568.4232 	EXP 	cue_text: height = np.float64(0.1)
568.4232 	EXP 	cue_text: height = np.float64(0.1)
568.4232 	EXP 	cue_text: text = '←'
568.4232 	EXP 	fixation: autoDraw = True
568.5393 	EXP 	Device response: <KeyPress from None: t=568.403210000004, value=right, duration=0.12196709999989253>
568.9053 	EXP 	fixation: autoDraw = False
568.9053 	EXP 	cue_text: autoDraw = True
569.2068 	EXP 	cue_text: autoDraw = False
569.5071 	INFO 	Keyboard events cleared
569.5069 	EXP 	target: autoDraw = True
570.2401 	EXP 	Device response: <KeyPress from None: t=570.2244885999971, value=right, duration=None>
570.2407 	EXP 	New trial (rep=33, index=7): <Trial 337 (7 in rep 33) data={'cue_arrow': '←', 'target_x': -0.5, 'condition': 'valid', 'corr_Ans': 'left', 'thisN': 337, 'thisTrialN': 7, 'thisRepN': 33}>
570.2420 	DATA 	Keypress: right
570.2570 	EXP 	fixation: autoDraw = False
570.2570 	EXP 	cue_text: autoDraw = False
570.2570 	EXP 	target: autoDraw = False
570.2570 	EXP 	cue_text: text = '←'
570.2570 	EXP 	fixation: autoDraw = True
570.3570 	EXP 	Device response: <KeyPress from None: t=570.2244885999971, value=right, duration=0.12534030000097118>
570.7403 	EXP 	fixation: autoDraw = False
570.7403 	EXP 	cue_text: autoDraw = True
571.0407 	EXP 	cue_text: autoDraw = False
571.3573 	INFO 	Keyboard events cleared
571.3570 	EXP 	target: autoDraw = True
571.8078 	DATA 	Keypress: left
571.8230 	EXP 	Device response: <KeyPress from None: t=571.8063357000065, value=left, duration=None>
571.8234 	EXP 	New trial (rep=33, index=8): <Trial 338 (8 in rep 33) data={'cue_arrow': '←', 'target_x': -0.5, 'condition': 'valid', 'corr_Ans': 'left', 'thisN': 338, 'thisTrialN': 8, 'thisRepN': 33}>
571.8402 	EXP 	fixation: autoDraw = False
571.8402 	EXP 	cue_text: autoDraw = False
571.8402 	EXP 	target: autoDraw = False
571.8402 	EXP 	cue_text: text = '←'
571.8402 	EXP 	fixation: autoDraw = True
571.9729 	EXP 	Device response: <KeyPress from None: t=571.8063357000065, value=left, duration=0.15985149999323767>
572.3233 	EXP 	fixation: autoDraw = False
572.3233 	EXP 	cue_text: autoDraw = True
572.6239 	EXP 	cue_text: autoDraw = False
572.9242 	INFO 	Keyboard events cleared
572.9240 	EXP 	target: autoDraw = True
573.3408 	EXP 	Device response: <KeyPress from None: t=573.3321937000001, value=left, duration=None>
573.3413 	EXP 	New trial (rep=33, index=9): <Trial 339 (9 in rep 33) data={'cue_arrow': '→', 'target_x': -0.5, 'condition': 'invalid', 'corr_Ans': 'left', 'thisN': 339, 'thisTrialN': 9, 'thisRepN': 33}>
573.3448 	DATA 	Keypress: left
573.3552 	EXP 	fixation: autoDraw = False
573.3552 	EXP 	cue_text: autoDraw = False
573.3552 	EXP 	target: autoDraw = False
573.3552 	EXP 	cue_text: height = np.float64(0.1)
573.3552 	EXP 	cue_text: height = np.float64(0.1)
573.3552 	EXP 	cue_text: height = np.float64(0.1)
573.3552 	EXP 	cue_text: text = '→'
573.3552 	EXP 	fixation: autoDraw = True
573.4901 	EXP 	Device response: <KeyPress from None: t=573.3321937000001, value=left, duration=0.14963020000141114>
573.8402 	EXP 	fixation: autoDraw = False
573.8402 	EXP 	cue_text: autoDraw = True
574.1406 	EXP 	cue_text: autoDraw = False
574.4445 	INFO 	Keyboard events cleared
574.4443 	EXP 	target: autoDraw = True
574.9395 	EXP 	Device response: <KeyPress from None: t=574.937969000006, value=left, duration=None>
574.9398 	EXP 	New trial (rep=34, index=0): <Trial 340 (0 in rep 34) data={'cue_arrow': '→', 'target_x': 0.5, 'condition': 'valid', 'corr_Ans': 'right', 'thisN': 340, 'thisTrialN': 0, 'thisRepN': 34}>
574.9410 	DATA 	Keypress: left
574.9558 	EXP 	fixation: autoDraw = False
574.9558 	EXP 	cue_text: autoDraw = False
574.9558 	EXP 	target: autoDraw = False
574.9558 	EXP 	cue_text: text = '→'
574.9558 	EXP 	fixation: autoDraw = True
575.1071 	EXP 	Device response: <KeyPress from None: t=574.937969000006, value=left, duration=0.16581209999276325>
575.4406 	EXP 	fixation: autoDraw = False
575.4406 	EXP 	cue_text: autoDraw = True
575.7399 	EXP 	cue_text: autoDraw = False
576.0405 	INFO 	Keyboard events cleared
576.0403 	EXP 	target: autoDraw = True
576.5078 	EXP 	Device response: <KeyPress from None: t=576.4991276000073, value=right, duration=None>
576.5082 	EXP 	New trial (rep=34, index=1): <Trial 341 (1 in rep 34) data={'cue_arrow': '→', 'target_x': -0.5, 'condition': 'invalid', 'corr_Ans': 'left', 'thisN': 341, 'thisTrialN': 1, 'thisRepN': 34}>
576.5099 	DATA 	Keypress: right
576.5222 	EXP 	fixation: autoDraw = False
576.5222 	EXP 	cue_text: autoDraw = False
576.5222 	EXP 	target: autoDraw = False
576.5222 	EXP 	cue_text: text = '→'
576.5222 	EXP 	fixation: autoDraw = True
576.6241 	EXP 	Device response: <KeyPress from None: t=576.4991276000073, value=right, duration=0.1099155999982031>
577.0225 	EXP 	fixation: autoDraw = False
577.0225 	EXP 	cue_text: autoDraw = True
577.3230 	EXP 	cue_text: autoDraw = False
577.6075 	INFO 	Keyboard events cleared
577.6073 	EXP 	target: autoDraw = True
578.7231 	EXP 	Device response: <KeyPress from None: t=578.7103444000095, value=left, duration=None>
578.7235 	EXP 	New trial (rep=34, index=2): <Trial 342 (2 in rep 34) data={'cue_arrow': '→', 'target_x': 0.5, 'condition': 'valid', 'corr_Ans': 'right', 'thisN': 342, 'thisTrialN': 2, 'thisRepN': 34}>
578.7247 	DATA 	Keypress: left
578.7402 	EXP 	fixation: autoDraw = False
578.7402 	EXP 	cue_text: autoDraw = False
578.7402 	EXP 	target: autoDraw = False
578.7402 	EXP 	cue_text: text = '→'
578.7402 	EXP 	fixation: autoDraw = True
578.8739 	EXP 	Device response: <KeyPress from None: t=578.7103444000095, value=left, duration=0.16154489999462385>
579.2402 	EXP 	fixation: autoDraw = False
579.2402 	EXP 	cue_text: autoDraw = True
579.5237 	EXP 	cue_text: autoDraw = False
579.8235 	INFO 	Keyboard events cleared
579.8233 	EXP 	target: autoDraw = True
580.1728 	EXP 	Device response: <KeyPress from None: t=580.1705425999971, value=right, duration=None>
580.1731 	EXP 	New trial (rep=34, index=3): <Trial 343 (3 in rep 34) data={'cue_arrow': '←', 'target_x': -0.5, 'condition': 'valid', 'corr_Ans': 'left', 'thisN': 343, 'thisTrialN': 3, 'thisRepN': 34}>
580.1765 	DATA 	Keypress: right
580.1888 	EXP 	fixation: autoDraw = False
580.1888 	EXP 	cue_text: autoDraw = False
580.1888 	EXP 	target: autoDraw = False
580.1888 	EXP 	cue_text: height = np.float64(0.1)
580.1888 	EXP 	cue_text: height = np.float64(0.1)
580.1888 	EXP 	cue_text: height = np.float64(0.1)
580.1888 	EXP 	cue_text: text = '←'
580.1888 	EXP 	fixation: autoDraw = True
580.3405 	EXP 	Device response: <KeyPress from None: t=580.1705425999971, value=right, duration=0.16142420000687707>
580.6724 	EXP 	fixation: autoDraw = False
580.6724 	EXP 	cue_text: autoDraw = True
580.9723 	EXP 	cue_text: autoDraw = False
581.2745 	INFO 	Keyboard events cleared
581.2743 	EXP 	target: autoDraw = True
581.7570 	EXP 	Device response: <KeyPress from None: t=581.7513289000053, value=left, duration=None>
581.7573 	EXP 	New trial (rep=34, index=4): <Trial 344 (4 in rep 34) data={'cue_arrow': '→', 'target_x': 0.5, 'condition': 'valid', 'corr_Ans': 'right', 'thisN': 344, 'thisTrialN': 4, 'thisRepN': 34}>
581.7606 	DATA 	Keypress: left
581.7725 	EXP 	fixation: autoDraw = False
581.7725 	EXP 	cue_text: autoDraw = False
581.7725 	EXP 	target: autoDraw = False
581.7725 	EXP 	cue_text: height = np.float64(0.1)
581.7725 	EXP 	cue_text: height = np.float64(0.1)
581.7725 	EXP 	cue_text: height = np.float64(0.1)
581.7725 	EXP 	cue_text: text = '→'
581.7725 	EXP 	fixation: autoDraw = True
581.9570 	EXP 	Device response: <KeyPress from None: t=581.7513289000053, value=left, duration=0.19212769999285229>
582.2556 	EXP 	fixation: autoDraw = False
582.2556 	EXP 	cue_text: autoDraw = True
582.5560 	EXP 	cue_text: autoDraw = False
582.8573 	INFO 	Keyboard events cleared
582.8571 	EXP 	target: autoDraw = True
583.1567 	EXP 	Device response: <KeyPress from None: t=583.1527534000052, value=right, duration=None>
583.1570 	EXP 	New trial (rep=34, index=5): <Trial 345 (5 in rep 34) data={'cue_arrow': '←', 'target_x': -0.5, 'condition': 'valid', 'corr_Ans': 'left', 'thisN': 345, 'thisTrialN': 5, 'thisRepN': 34}>
583.1600 	DATA 	Keypress: right
583.1721 	EXP 	fixation: autoDraw = False
583.1721 	EXP 	cue_text: autoDraw = False
583.1721 	EXP 	target: autoDraw = False
583.1721 	EXP 	cue_text: height = np.float64(0.1)
583.1721 	EXP 	cue_text: height = np.float64(0.1)
583.1721 	EXP 	cue_text: height = np.float64(0.1)
583.1721 	EXP 	cue_text: text = '←'
583.1721 	EXP 	fixation: autoDraw = True
583.3406 	EXP 	Device response: <KeyPress from None: t=583.1527534000052, value=right, duration=0.18466929999704007>
583.6574 	EXP 	fixation: autoDraw = False
583.6574 	EXP 	cue_text: autoDraw = True
583.9574 	EXP 	cue_text: autoDraw = False
584.2560 	INFO 	Keyboard events cleared
584.2558 	EXP 	target: autoDraw = True
584.5896 	EXP 	Device response: <KeyPress from None: t=584.577168600008, value=left, duration=None>
584.5900 	EXP 	New trial (rep=34, index=6): <Trial 346 (6 in rep 34) data={'cue_arrow': '←', 'target_x': -0.5, 'condition': 'valid', 'corr_Ans': 'left', 'thisN': 346, 'thisTrialN': 6, 'thisRepN': 34}>
584.5911 	DATA 	Keypress: left
584.6061 	EXP 	fixation: autoDraw = False
584.6061 	EXP 	cue_text: autoDraw = False
584.6061 	EXP 	target: autoDraw = False
584.6061 	EXP 	cue_text: text = '←'
584.6061 	EXP 	fixation: autoDraw = True
584.7895 	EXP 	Device response: <KeyPress from None: t=584.577168600008, value=left, duration=0.1997856999951182>
585.0894 	EXP 	fixation: autoDraw = False
585.0894 	EXP 	cue_text: autoDraw = True
585.3897 	EXP 	cue_text: autoDraw = False
585.6894 	INFO 	Keyboard events cleared
585.6891 	EXP 	target: autoDraw = True
586.0400 	EXP 	Device response: <KeyPress from None: t=586.037824900006, value=left, duration=None>
586.0404 	EXP 	New trial (rep=34, index=7): <Trial 347 (7 in rep 34) data={'cue_arrow': '→', 'target_x': 0.5, 'condition': 'valid', 'corr_Ans': 'right', 'thisN': 347, 'thisTrialN': 7, 'thisRepN': 34}>
586.0436 	DATA 	Keypress: left
586.0560 	EXP 	fixation: autoDraw = False
586.0560 	EXP 	cue_text: autoDraw = False
586.0560 	EXP 	target: autoDraw = False
586.0560 	EXP 	cue_text: height = np.float64(0.1)
586.0560 	EXP 	cue_text: height = np.float64(0.1)
586.0560 	EXP 	cue_text: height = np.float64(0.1)
586.0560 	EXP 	cue_text: text = '→'
586.0560 	EXP 	fixation: autoDraw = True
586.2397 	EXP 	Device response: <KeyPress from None: t=586.037824900006, value=left, duration=0.19012990000192076>
586.5404 	EXP 	fixation: autoDraw = False
586.5404 	EXP 	cue_text: autoDraw = True
586.8408 	EXP 	cue_text: autoDraw = False
587.1408 	INFO 	Keyboard events cleared
587.1406 	EXP 	target: autoDraw = True
587.4895 	EXP 	Device response: <KeyPress from None: t=587.4814986999991, value=right, duration=None>
587.4900 	EXP 	New trial (rep=34, index=8): <Trial 348 (8 in rep 34) data={'cue_arrow': '←', 'target_x': 0.5, 'condition': 'invalid', 'corr_Ans': 'right', 'thisN': 348, 'thisTrialN': 8, 'thisRepN': 34}>
587.4933 	DATA 	Keypress: right
587.5071 	EXP 	fixation: autoDraw = False
587.5071 	EXP 	cue_text: autoDraw = False
587.5071 	EXP 	target: autoDraw = False
587.5071 	EXP 	cue_text: height = np.float64(0.1)
587.5071 	EXP 	cue_text: height = np.float64(0.1)
587.5071 	EXP 	cue_text: height = np.float64(0.1)
587.5071 	EXP 	cue_text: text = '←'
587.5071 	EXP 	fixation: autoDraw = True
587.6239 	EXP 	Device response: <KeyPress from None: t=587.4814986999991, value=right, duration=0.1392212000064319>
587.9904 	EXP 	fixation: autoDraw = False
587.9904 	EXP 	cue_text: autoDraw = True
588.2907 	EXP 	cue_text: autoDraw = False
588.5903 	INFO 	Keyboard events cleared
588.5901 	EXP 	target: autoDraw = True
589.7233 	EXP 	Device response: <KeyPress from None: t=589.7134300000034, value=right, duration=None>
589.7238 	EXP 	New trial (rep=34, index=9): <Trial 349 (9 in rep 34) data={'cue_arrow': '←', 'target_x': -0.5, 'condition': 'valid', 'corr_Ans': 'left', 'thisN': 349, 'thisTrialN': 9, 'thisRepN': 34}>
589.7250 	DATA 	Keypress: right
589.7392 	EXP 	fixation: autoDraw = False
589.7392 	EXP 	cue_text: autoDraw = False
589.7392 	EXP 	target: autoDraw = False
589.7392 	EXP 	cue_text: text = '←'
589.7392 	EXP 	fixation: autoDraw = True
589.8735 	EXP 	Device response: <KeyPress from None: t=589.7134300000034, value=right, duration=0.14404820000345353>
590.2241 	EXP 	fixation: autoDraw = False
590.2241 	EXP 	cue_text: autoDraw = True
590.5241 	EXP 	cue_text: autoDraw = False
590.8409 	INFO 	Keyboard events cleared
590.8407 	EXP 	target: autoDraw = True
591.1247 	EXP 	Device response: <KeyPress from None: t=591.1089764000062, value=left, duration=None>
591.1251 	EXP 	New trial (rep=35, index=0): <Trial 350 (0 in rep 35) data={'cue_arrow': '→', 'target_x': -0.5, 'condition': 'invalid', 'corr_Ans': 'left', 'thisN': 350, 'thisTrialN': 0, 'thisRepN': 35}>
591.1283 	DATA 	Keypress: left
591.1390 	EXP 	fixation: autoDraw = False
591.1390 	EXP 	cue_text: autoDraw = False
591.1390 	EXP 	target: autoDraw = False
591.1390 	EXP 	cue_text: height = np.float64(0.1)
591.1390 	EXP 	cue_text: height = np.float64(0.1)
591.1390 	EXP 	cue_text: height = np.float64(0.1)
591.1390 	EXP 	cue_text: text = '→'
591.1390 	EXP 	fixation: autoDraw = True
591.3394 	EXP 	Device response: <KeyPress from None: t=591.1089764000062, value=left, duration=0.21507869999913964>
591.6407 	EXP 	fixation: autoDraw = False
591.6407 	EXP 	cue_text: autoDraw = True
591.9405 	EXP 	cue_text: autoDraw = False
592.2242 	INFO 	Keyboard events cleared
592.2240 	EXP 	target: autoDraw = True
592.8064 	EXP 	Device response: <KeyPress from None: t=592.7954813999968, value=left, duration=None>
592.8070 	EXP 	New trial (rep=35, index=1): <Trial 351 (1 in rep 35) data={'cue_arrow': '←', 'target_x': -0.5, 'condition': 'valid', 'corr_Ans': 'left', 'thisN': 351, 'thisTrialN': 1, 'thisRepN': 35}>
592.8104 	DATA 	Keypress: left
592.8224 	EXP 	fixation: autoDraw = False
592.8224 	EXP 	cue_text: autoDraw = False
592.8224 	EXP 	target: autoDraw = False
592.8224 	EXP 	cue_text: height = np.float64(0.1)
592.8224 	EXP 	cue_text: height = np.float64(0.1)
592.8224 	EXP 	cue_text: height = np.float64(0.1)
592.8224 	EXP 	cue_text: text = '←'
592.8224 	EXP 	fixation: autoDraw = True
592.9733 	EXP 	Device response: <KeyPress from None: t=592.7954813999968, value=left, duration=0.16867520000960212>
593.3075 	EXP 	fixation: autoDraw = False
593.3075 	EXP 	cue_text: autoDraw = True
593.6074 	EXP 	cue_text: autoDraw = False
593.9077 	INFO 	Keyboard events cleared
593.9075 	EXP 	target: autoDraw = True
594.4430 	DATA 	Keypress: left
594.4567 	EXP 	Device response: <KeyPress from None: t=594.4423811000015, value=left, duration=None>
594.4572 	EXP 	New trial (rep=35, index=2): <Trial 352 (2 in rep 35) data={'cue_arrow': '→', 'target_x': 0.5, 'condition': 'valid', 'corr_Ans': 'right', 'thisN': 352, 'thisTrialN': 2, 'thisRepN': 35}>
594.4736 	EXP 	fixation: autoDraw = False
594.4736 	EXP 	cue_text: autoDraw = False
594.4736 	EXP 	target: autoDraw = False
594.4736 	EXP 	cue_text: height = np.float64(0.1)
594.4736 	EXP 	cue_text: height = np.float64(0.1)
594.4736 	EXP 	cue_text: height = np.float64(0.1)
594.4736 	EXP 	cue_text: text = '→'
594.4736 	EXP 	fixation: autoDraw = True
594.6569 	EXP 	Device response: <KeyPress from None: t=594.4423811000015, value=left, duration=0.20363740000175312>
594.9577 	EXP 	fixation: autoDraw = False
594.9577 	EXP 	cue_text: autoDraw = True
595.2572 	EXP 	cue_text: autoDraw = False
595.5574 	INFO 	Keyboard events cleared
595.5571 	EXP 	target: autoDraw = True
596.2409 	EXP 	Device response: <KeyPress from None: t=596.240237799997, value=right, duration=None>
596.2412 	EXP 	New trial (rep=35, index=3): <Trial 353 (3 in rep 35) data={'cue_arrow': '→', 'target_x': 0.5, 'condition': 'valid', 'corr_Ans': 'right', 'thisN': 353, 'thisTrialN': 3, 'thisRepN': 35}>
596.2424 	DATA 	Keypress: right
596.2556 	EXP 	fixation: autoDraw = False
596.2556 	EXP 	cue_text: autoDraw = False
596.2556 	EXP 	target: autoDraw = False
596.2556 	EXP 	cue_text: text = '→'
596.2556 	EXP 	fixation: autoDraw = True
596.3908 	EXP 	Device response: <KeyPress from None: t=596.240237799997, value=right, duration=0.1447428000101354>
596.7576 	EXP 	fixation: autoDraw = False
596.7576 	EXP 	cue_text: autoDraw = True
597.0392 	EXP 	cue_text: autoDraw = False
597.3411 	INFO 	Keyboard events cleared
597.3409 	EXP 	target: autoDraw = True
597.7905 	EXP 	Device response: <KeyPress from None: t=597.7869315999997, value=right, duration=None>
597.7909 	EXP 	New trial (rep=35, index=4): <Trial 354 (4 in rep 35) data={'cue_arrow': '←', 'target_x': 0.5, 'condition': 'invalid', 'corr_Ans': 'right', 'thisN': 354, 'thisTrialN': 4, 'thisRepN': 35}>
597.7941 	DATA 	Keypress: right
597.8063 	EXP 	fixation: autoDraw = False
597.8063 	EXP 	cue_text: autoDraw = False
597.8063 	EXP 	target: autoDraw = False
597.8063 	EXP 	cue_text: height = np.float64(0.1)
597.8063 	EXP 	cue_text: height = np.float64(0.1)
597.8063 	EXP 	cue_text: height = np.float64(0.1)
597.8063 	EXP 	cue_text: text = '←'
597.8063 	EXP 	fixation: autoDraw = True
597.9571 	EXP 	Device response: <KeyPress from None: t=597.7869315999997, value=right, duration=0.16428720000840258>
598.3075 	EXP 	fixation: autoDraw = False
598.3075 	EXP 	cue_text: autoDraw = True
598.5910 	EXP 	cue_text: autoDraw = False
598.8917 	INFO 	Keyboard events cleared
598.8915 	EXP 	target: autoDraw = True
600.3241 	EXP 	Device response: <KeyPress from None: t=600.3207557999995, value=right, duration=None>
600.3244 	EXP 	New trial (rep=35, index=5): <Trial 355 (5 in rep 35) data={'cue_arrow': '←', 'target_x': -0.5, 'condition': 'valid', 'corr_Ans': 'left', 'thisN': 355, 'thisTrialN': 5, 'thisRepN': 35}>
600.3256 	DATA 	Keypress: right
600.3393 	EXP 	fixation: autoDraw = False
600.3393 	EXP 	cue_text: autoDraw = False
600.3393 	EXP 	target: autoDraw = False
600.3393 	EXP 	cue_text: text = '←'
600.3393 	EXP 	fixation: autoDraw = True
600.4568 	EXP 	Device response: <KeyPress from None: t=600.3207557999995, value=right, duration=0.12264139999751933>
600.8240 	EXP 	fixation: autoDraw = False
600.8240 	EXP 	cue_text: autoDraw = True
601.1407 	EXP 	cue_text: autoDraw = False
601.4242 	INFO 	Keyboard events cleared
601.4240 	EXP 	target: autoDraw = True
601.6901 	EXP 	Device response: <KeyPress from None: t=601.6783419999992, value=left, duration=None>
601.6906 	EXP 	New trial (rep=35, index=6): <Trial 356 (6 in rep 35) data={'cue_arrow': '←', 'target_x': -0.5, 'condition': 'valid', 'corr_Ans': 'left', 'thisN': 356, 'thisTrialN': 6, 'thisRepN': 35}>
601.6919 	DATA 	Keypress: left
601.7070 	EXP 	fixation: autoDraw = False
601.7070 	EXP 	cue_text: autoDraw = False
601.7070 	EXP 	target: autoDraw = False
601.7070 	EXP 	cue_text: text = '←'
601.7070 	EXP 	fixation: autoDraw = True
601.8745 	EXP 	Device response: <KeyPress from None: t=601.6783419999992, value=left, duration=0.1806228000059491>
602.1900 	EXP 	fixation: autoDraw = False
602.1900 	EXP 	cue_text: autoDraw = True
602.4906 	EXP 	cue_text: autoDraw = False
602.7908 	INFO 	Keyboard events cleared
602.7906 	EXP 	target: autoDraw = True
603.2415 	EXP 	Device response: <KeyPress from None: t=603.2328571999969, value=left, duration=None>
603.2419 	EXP 	New trial (rep=35, index=7): <Trial 357 (7 in rep 35) data={'cue_arrow': '→', 'target_x': 0.5, 'condition': 'valid', 'corr_Ans': 'right', 'thisN': 357, 'thisTrialN': 7, 'thisRepN': 35}>
603.2451 	DATA 	Keypress: left
603.2569 	EXP 	fixation: autoDraw = False
603.2569 	EXP 	cue_text: autoDraw = False
603.2569 	EXP 	target: autoDraw = False
603.2569 	EXP 	cue_text: height = np.float64(0.1)
603.2569 	EXP 	cue_text: height = np.float64(0.1)
603.2569 	EXP 	cue_text: height = np.float64(0.1)
603.2569 	EXP 	cue_text: text = '→'
603.2569 	EXP 	fixation: autoDraw = True
603.3566 	EXP 	Device response: <KeyPress from None: t=603.2328571999969, value=left, duration=0.12243720001424663>
603.7392 	EXP 	fixation: autoDraw = False
603.7392 	EXP 	cue_text: autoDraw = True
604.0570 	EXP 	cue_text: autoDraw = False
604.3407 	INFO 	Keyboard events cleared
604.3405 	EXP 	target: autoDraw = True
604.9232 	EXP 	Device response: <KeyPress from None: t=604.9131937000056, value=right, duration=None>
604.9236 	EXP 	New trial (rep=35, index=8): <Trial 358 (8 in rep 35) data={'cue_arrow': '→', 'target_x': 0.5, 'condition': 'valid', 'corr_Ans': 'right', 'thisN': 358, 'thisTrialN': 8, 'thisRepN': 35}>
604.9248 	DATA 	Keypress: right
604.9406 	EXP 	fixation: autoDraw = False
604.9406 	EXP 	cue_text: autoDraw = False
604.9406 	EXP 	target: autoDraw = False
604.9406 	EXP 	cue_text: text = '→'
604.9406 	EXP 	fixation: autoDraw = True
605.0413 	EXP 	Device response: <KeyPress from None: t=604.9131937000056, value=right, duration=0.1259788000024855>
605.4239 	EXP 	fixation: autoDraw = False
605.4239 	EXP 	cue_text: autoDraw = True
605.7233 	EXP 	cue_text: autoDraw = False
606.0246 	INFO 	Keyboard events cleared
606.0244 	EXP 	target: autoDraw = True
606.5079 	EXP 	Device response: <KeyPress from None: t=606.4995178000099, value=right, duration=None>
606.5084 	EXP 	New trial (rep=35, index=9): <Trial 359 (9 in rep 35) data={'cue_arrow': '←', 'target_x': -0.5, 'condition': 'valid', 'corr_Ans': 'left', 'thisN': 359, 'thisTrialN': 9, 'thisRepN': 35}>
606.5118 	DATA 	Keypress: right
606.5222 	EXP 	fixation: autoDraw = False
606.5222 	EXP 	cue_text: autoDraw = False
606.5222 	EXP 	target: autoDraw = False
606.5222 	EXP 	cue_text: height = np.float64(0.1)
606.5222 	EXP 	cue_text: height = np.float64(0.1)
606.5222 	EXP 	cue_text: height = np.float64(0.1)
606.5222 	EXP 	cue_text: text = '←'
606.5222 	EXP 	fixation: autoDraw = True
606.6231 	EXP 	Device response: <KeyPress from None: t=606.4995178000099, value=right, duration=0.11908709999988787>
607.0078 	EXP 	fixation: autoDraw = False
607.0078 	EXP 	cue_text: autoDraw = True
607.3076 	EXP 	cue_text: autoDraw = False
607.6073 	INFO 	Keyboard events cleared
607.6070 	EXP 	target: autoDraw = True
607.8066 	EXP 	Device response: <KeyPress from None: t=607.7917471999972, value=left, duration=None>
607.8070 	EXP 	New trial (rep=36, index=0): <Trial 360 (0 in rep 36) data={'cue_arrow': '←', 'target_x': -0.5, 'condition': 'valid', 'corr_Ans': 'left', 'thisN': 360, 'thisTrialN': 0, 'thisRepN': 36}>
607.8082 	DATA 	Keypress: left
607.8240 	EXP 	fixation: autoDraw = False
607.8240 	EXP 	cue_text: autoDraw = False
607.8240 	EXP 	target: autoDraw = False
607.8240 	EXP 	cue_text: text = '←'
607.8240 	EXP 	fixation: autoDraw = True
607.8905 	EXP 	Device response: <KeyPress from None: t=607.7917471999972, value=left, duration=0.08235480000439566>
608.3077 	EXP 	fixation: autoDraw = False
608.3077 	EXP 	cue_text: autoDraw = True
608.6077 	EXP 	cue_text: autoDraw = False
608.9078 	INFO 	Keyboard events cleared
608.9076 	EXP 	target: autoDraw = True
609.2902 	EXP 	Device response: <KeyPress from None: t=609.2771700000012, value=left, duration=None>
609.2906 	EXP 	New trial (rep=36, index=1): <Trial 361 (1 in rep 36) data={'cue_arrow': '←', 'target_x': 0.5, 'condition': 'invalid', 'corr_Ans': 'right', 'thisN': 361, 'thisTrialN': 1, 'thisRepN': 36}>
609.2919 	DATA 	Keypress: left
609.3058 	EXP 	fixation: autoDraw = False
609.3058 	EXP 	cue_text: autoDraw = False
609.3058 	EXP 	target: autoDraw = False
609.3058 	EXP 	cue_text: text = '←'
609.3058 	EXP 	fixation: autoDraw = True
609.4402 	EXP 	Device response: <KeyPress from None: t=609.2771700000012, value=left, duration=0.15146459999959916>
609.7913 	EXP 	fixation: autoDraw = False
609.7913 	EXP 	cue_text: autoDraw = True
610.0903 	EXP 	cue_text: autoDraw = False
610.3914 	INFO 	Keyboard events cleared
610.3911 	EXP 	target: autoDraw = True
611.4573 	EXP 	Device response: <KeyPress from None: t=611.4456651000073, value=right, duration=None>
611.4577 	EXP 	New trial (rep=36, index=2): <Trial 362 (2 in rep 36) data={'cue_arrow': '→', 'target_x': 0.5, 'condition': 'valid', 'corr_Ans': 'right', 'thisN': 362, 'thisTrialN': 2, 'thisRepN': 36}>
611.4609 	DATA 	Keypress: right
611.4728 	EXP 	fixation: autoDraw = False
611.4728 	EXP 	cue_text: autoDraw = False
611.4728 	EXP 	target: autoDraw = False
611.4728 	EXP 	cue_text: height = np.float64(0.1)
611.4728 	EXP 	cue_text: height = np.float64(0.1)
611.4728 	EXP 	cue_text: height = np.float64(0.1)
611.4728 	EXP 	cue_text: text = '→'
611.4728 	EXP 	fixation: autoDraw = True
611.6087 	EXP 	Device response: <KeyPress from None: t=611.4456651000073, value=right, duration=0.15764859999762848>
611.9581 	EXP 	fixation: autoDraw = False
611.9581 	EXP 	cue_text: autoDraw = True
612.2580 	EXP 	cue_text: autoDraw = False
612.5740 	INFO 	Keyboard events cleared
612.5738 	EXP 	target: autoDraw = True
613.0749 	DATA 	Keypress: right
613.0902 	EXP 	Device response: <KeyPress from None: t=613.0742936000024, value=right, duration=None>
613.0905 	EXP 	New trial (rep=36, index=3): <Trial 363 (3 in rep 36) data={'cue_arrow': '→', 'target_x': -0.5, 'condition': 'invalid', 'corr_Ans': 'left', 'thisN': 363, 'thisTrialN': 3, 'thisRepN': 36}>
613.1068 	EXP 	fixation: autoDraw = False
613.1068 	EXP 	cue_text: autoDraw = False
613.1068 	EXP 	target: autoDraw = False
613.1068 	EXP 	cue_text: text = '→'
613.1068 	EXP 	fixation: autoDraw = True
613.2400 	EXP 	Device response: <KeyPress from None: t=613.0742936000024, value=right, duration=0.15544420000514947>
613.5901 	EXP 	fixation: autoDraw = False
613.5901 	EXP 	cue_text: autoDraw = True
613.8891 	EXP 	cue_text: autoDraw = False
614.1912 	INFO 	Keyboard events cleared
614.1910 	EXP 	target: autoDraw = True
615.0082 	EXP 	Device response: <KeyPress from None: t=614.9992872000003, value=left, duration=None>
615.0087 	EXP 	New trial (rep=36, index=4): <Trial 364 (4 in rep 36) data={'cue_arrow': '→', 'target_x': 0.5, 'condition': 'valid', 'corr_Ans': 'right', 'thisN': 364, 'thisTrialN': 4, 'thisRepN': 36}>
615.0102 	DATA 	Keypress: left
615.0232 	EXP 	fixation: autoDraw = False
615.0232 	EXP 	cue_text: autoDraw = False
615.0232 	EXP 	target: autoDraw = False
615.0232 	EXP 	cue_text: text = '→'
615.0232 	EXP 	fixation: autoDraw = True
615.1406 	EXP 	Device response: <KeyPress from None: t=614.9992872000003, value=left, duration=0.13558950000151526>
615.5078 	EXP 	fixation: autoDraw = False
615.5078 	EXP 	cue_text: autoDraw = True
615.8242 	EXP 	cue_text: autoDraw = False
616.1075 	INFO 	Keyboard events cleared
616.1073 	EXP 	target: autoDraw = True
616.5911 	EXP 	Device response: <KeyPress from None: t=616.5893616000103, value=right, duration=None>
616.5914 	EXP 	New trial (rep=36, index=5): <Trial 365 (5 in rep 36) data={'cue_arrow': '←', 'target_x': -0.5, 'condition': 'valid', 'corr_Ans': 'left', 'thisN': 365, 'thisTrialN': 5, 'thisRepN': 36}>
616.5947 	DATA 	Keypress: right
616.6068 	EXP 	fixation: autoDraw = False
616.6068 	EXP 	cue_text: autoDraw = False
616.6068 	EXP 	target: autoDraw = False
616.6068 	EXP 	cue_text: height = np.float64(0.1)
616.6068 	EXP 	cue_text: height = np.float64(0.1)
616.6068 	EXP 	cue_text: height = np.float64(0.1)
616.6068 	EXP 	cue_text: text = '←'
616.6068 	EXP 	fixation: autoDraw = True
616.6906 	EXP 	Device response: <KeyPress from None: t=616.5893616000103, value=right, duration=0.09753699999419041>
617.0912 	EXP 	fixation: autoDraw = False
617.0912 	EXP 	cue_text: autoDraw = True
617.3910 	EXP 	cue_text: autoDraw = False
617.6914 	INFO 	Keyboard events cleared
617.6912 	EXP 	target: autoDraw = True
618.2611 	EXP 	Device response: <KeyPress from None: t=618.2603625000047, value=left, duration=None>
618.2614 	EXP 	New trial (rep=36, index=6): <Trial 366 (6 in rep 36) data={'cue_arrow': '→', 'target_x': 0.5, 'condition': 'valid', 'corr_Ans': 'right', 'thisN': 366, 'thisTrialN': 6, 'thisRepN': 36}>
618.2647 	DATA 	Keypress: left
618.2727 	EXP 	fixation: autoDraw = False
618.2727 	EXP 	cue_text: autoDraw = False
618.2727 	EXP 	target: autoDraw = False
618.2727 	EXP 	cue_text: height = np.float64(0.1)
618.2727 	EXP 	cue_text: height = np.float64(0.1)
618.2727 	EXP 	cue_text: height = np.float64(0.1)
618.2727 	EXP 	cue_text: text = '→'
618.2727 	EXP 	fixation: autoDraw = True
618.4069 	EXP 	Device response: <KeyPress from None: t=618.2603625000047, value=left, duration=0.14084629999706522>
618.7741 	EXP 	fixation: autoDraw = False
618.7741 	EXP 	cue_text: autoDraw = True
619.0740 	EXP 	cue_text: autoDraw = False
619.3743 	INFO 	Keyboard events cleared
619.3741 	EXP 	target: autoDraw = True
619.7915 	EXP 	Device response: <KeyPress from None: t=619.7833170000085, value=right, duration=None>
619.7919 	EXP 	New trial (rep=36, index=7): <Trial 367 (7 in rep 36) data={'cue_arrow': '←', 'target_x': -0.5, 'condition': 'valid', 'corr_Ans': 'left', 'thisN': 367, 'thisTrialN': 7, 'thisRepN': 36}>
619.7958 	DATA 	Keypress: right
619.8068 	EXP 	fixation: autoDraw = False
619.8068 	EXP 	cue_text: autoDraw = False
619.8068 	EXP 	target: autoDraw = False
619.8068 	EXP 	cue_text: height = np.float64(0.1)
619.8068 	EXP 	cue_text: height = np.float64(0.1)
619.8068 	EXP 	cue_text: height = np.float64(0.1)
619.8068 	EXP 	cue_text: text = '←'
619.8068 	EXP 	fixation: autoDraw = True
619.9567 	EXP 	Device response: <KeyPress from None: t=619.7833170000085, value=right, duration=0.16327599999203812>
620.2912 	EXP 	fixation: autoDraw = False
620.2912 	EXP 	cue_text: autoDraw = True
620.5901 	EXP 	cue_text: autoDraw = False
620.9075 	INFO 	Keyboard events cleared
620.9073 	EXP 	target: autoDraw = True
621.2404 	EXP 	Device response: <KeyPress from None: t=621.2273423000006, value=left, duration=None>
621.2409 	EXP 	New trial (rep=36, index=8): <Trial 368 (8 in rep 36) data={'cue_arrow': '→', 'target_x': 0.5, 'condition': 'valid', 'corr_Ans': 'right', 'thisN': 368, 'thisTrialN': 8, 'thisRepN': 36}>
621.2440 	DATA 	Keypress: left
621.2576 	EXP 	fixation: autoDraw = False
621.2576 	EXP 	cue_text: autoDraw = False
621.2576 	EXP 	target: autoDraw = False
621.2576 	EXP 	cue_text: height = np.float64(0.1)
621.2576 	EXP 	cue_text: height = np.float64(0.1)
621.2576 	EXP 	cue_text: height = np.float64(0.1)
621.2576 	EXP 	cue_text: text = '→'
621.2576 	EXP 	fixation: autoDraw = True
621.4239 	EXP 	Device response: <KeyPress from None: t=621.2273423000006, value=left, duration=0.19380400000954978>
621.7398 	EXP 	fixation: autoDraw = False
621.7398 	EXP 	cue_text: autoDraw = True
622.0413 	EXP 	cue_text: autoDraw = False
622.3415 	INFO 	Keyboard events cleared
622.3413 	EXP 	target: autoDraw = True
623.0235 	EXP 	Device response: <KeyPress from None: t=623.0167342000059, value=right, duration=None>
623.0239 	EXP 	New trial (rep=36, index=9): <Trial 369 (9 in rep 36) data={'cue_arrow': '←', 'target_x': -0.5, 'condition': 'valid', 'corr_Ans': 'left', 'thisN': 369, 'thisTrialN': 9, 'thisRepN': 36}>
623.0277 	DATA 	Keypress: right
623.0400 	EXP 	fixation: autoDraw = False
623.0400 	EXP 	cue_text: autoDraw = False
623.0400 	EXP 	target: autoDraw = False
623.0400 	EXP 	cue_text: height = np.float64(0.1)
623.0400 	EXP 	cue_text: height = np.float64(0.1)
623.0400 	EXP 	cue_text: height = np.float64(0.1)
623.0400 	EXP 	cue_text: text = '←'
623.0400 	EXP 	fixation: autoDraw = True
623.2068 	EXP 	Device response: <KeyPress from None: t=623.0167342000059, value=right, duration=0.18011549999937415>
623.5249 	EXP 	fixation: autoDraw = False
623.5249 	EXP 	cue_text: autoDraw = True
623.8233 	EXP 	cue_text: autoDraw = False
624.1232 	INFO 	Keyboard events cleared
624.1230 	EXP 	target: autoDraw = True
624.5569 	EXP 	Device response: <KeyPress from None: t=624.5534432999993, value=left, duration=None>
624.5573 	EXP 	New trial (rep=37, index=0): <Trial 370 (0 in rep 37) data={'cue_arrow': '←', 'target_x': -0.5, 'condition': 'valid', 'corr_Ans': 'left', 'thisN': 370, 'thisTrialN': 0, 'thisRepN': 37}>
624.5591 	DATA 	Keypress: left
624.5726 	EXP 	fixation: autoDraw = False
624.5726 	EXP 	cue_text: autoDraw = False
624.5726 	EXP 	target: autoDraw = False
624.5726 	EXP 	cue_text: text = '←'
624.5726 	EXP 	fixation: autoDraw = True
624.7245 	EXP 	Device response: <KeyPress from None: t=624.5534432999993, value=left, duration=0.16164150000258815>
625.0582 	EXP 	fixation: autoDraw = False
625.0582 	EXP 	cue_text: autoDraw = True
625.3576 	EXP 	cue_text: autoDraw = False
625.6573 	INFO 	Keyboard events cleared
625.6571 	EXP 	target: autoDraw = True
625.9403 	EXP 	Device response: <KeyPress from None: t=625.9374884999997, value=left, duration=None>
625.9408 	EXP 	New trial (rep=37, index=1): <Trial 371 (1 in rep 37) data={'cue_arrow': '←', 'target_x': 0.5, 'condition': 'invalid', 'corr_Ans': 'right', 'thisN': 371, 'thisTrialN': 1, 'thisRepN': 37}>
625.9421 	DATA 	Keypress: left
625.9568 	EXP 	fixation: autoDraw = False
625.9568 	EXP 	cue_text: autoDraw = False
625.9568 	EXP 	target: autoDraw = False
625.9568 	EXP 	cue_text: text = '←'
625.9568 	EXP 	fixation: autoDraw = True
626.1247 	EXP 	Device response: <KeyPress from None: t=625.9374884999997, value=left, duration=0.17742560000624508>
626.4408 	EXP 	fixation: autoDraw = False
626.4408 	EXP 	cue_text: autoDraw = True
626.7400 	EXP 	cue_text: autoDraw = False
627.0401 	INFO 	Keyboard events cleared
627.0399 	EXP 	target: autoDraw = True
628.4102 	DATA 	Keypress: right
628.4237 	EXP 	Device response: <KeyPress from None: t=628.4095390000002, value=right, duration=None>
628.4242 	EXP 	New trial (rep=37, index=2): <Trial 372 (2 in rep 37) data={'cue_arrow': '→', 'target_x': 0.5, 'condition': 'valid', 'corr_Ans': 'right', 'thisN': 372, 'thisTrialN': 2, 'thisRepN': 37}>
628.4408 	EXP 	fixation: autoDraw = False
628.4408 	EXP 	cue_text: autoDraw = False
628.4408 	EXP 	target: autoDraw = False
628.4408 	EXP 	cue_text: height = np.float64(0.1)
628.4408 	EXP 	cue_text: height = np.float64(0.1)
628.4408 	EXP 	cue_text: height = np.float64(0.1)
628.4408 	EXP 	cue_text: text = '→'
628.4408 	EXP 	fixation: autoDraw = True
628.5583 	EXP 	Device response: <KeyPress from None: t=628.4095390000002, value=right, duration=0.13667000000714324>
628.9245 	EXP 	fixation: autoDraw = False
628.9245 	EXP 	cue_text: autoDraw = True
629.2239 	EXP 	cue_text: autoDraw = False
629.5249 	INFO 	Keyboard events cleared
629.5246 	EXP 	target: autoDraw = True
630.0265 	DATA 	Keypress: right
630.0401 	EXP 	Device response: <KeyPress from None: t=630.0249250000052, value=right, duration=None>
630.0406 	EXP 	New trial (rep=37, index=3): <Trial 373 (3 in rep 37) data={'cue_arrow': '←', 'target_x': -0.5, 'condition': 'valid', 'corr_Ans': 'left', 'thisN': 373, 'thisTrialN': 3, 'thisRepN': 37}>
630.0563 	EXP 	fixation: autoDraw = False
630.0563 	EXP 	cue_text: autoDraw = False
630.0563 	EXP 	target: autoDraw = False
630.0563 	EXP 	cue_text: height = np.float64(0.1)
630.0563 	EXP 	cue_text: height = np.float64(0.1)
630.0563 	EXP 	cue_text: height = np.float64(0.1)
630.0563 	EXP 	cue_text: text = '←'
630.0563 	EXP 	fixation: autoDraw = True
630.1741 	EXP 	Device response: <KeyPress from None: t=630.0249250000052, value=right, duration=0.13444239999807905>
630.5414 	EXP 	fixation: autoDraw = False
630.5414 	EXP 	cue_text: autoDraw = True
630.8413 	EXP 	cue_text: autoDraw = False
631.1400 	INFO 	Keyboard events cleared
631.1399 	EXP 	target: autoDraw = True
631.4422 	DATA 	Keypress: left
631.4570 	EXP 	Device response: <KeyPress from None: t=631.4409516000014, value=left, duration=None>
631.4575 	EXP 	New trial (rep=37, index=4): <Trial 374 (4 in rep 37) data={'cue_arrow': '→', 'target_x': 0.5, 'condition': 'valid', 'corr_Ans': 'right', 'thisN': 374, 'thisTrialN': 4, 'thisRepN': 37}>
631.4746 	EXP 	fixation: autoDraw = False
631.4746 	EXP 	cue_text: autoDraw = False
631.4746 	EXP 	target: autoDraw = False
631.4746 	EXP 	cue_text: height = np.float64(0.1)
631.4746 	EXP 	cue_text: height = np.float64(0.1)
631.4746 	EXP 	cue_text: height = np.float64(0.1)
631.4746 	EXP 	cue_text: text = '→'
631.4746 	EXP 	fixation: autoDraw = True
631.6244 	EXP 	Device response: <KeyPress from None: t=631.4409516000014, value=left, duration=0.17798020000918768>
631.9578 	EXP 	fixation: autoDraw = False
631.9578 	EXP 	cue_text: autoDraw = True
632.2565 	EXP 	cue_text: autoDraw = False
632.5584 	INFO 	Keyboard events cleared
632.5582 	EXP 	target: autoDraw = True
632.8738 	EXP 	Device response: <KeyPress from None: t=632.8697104000021, value=right, duration=None>
632.8742 	EXP 	New trial (rep=37, index=5): <Trial 375 (5 in rep 37) data={'cue_arrow': '→', 'target_x': 0.5, 'condition': 'valid', 'corr_Ans': 'right', 'thisN': 375, 'thisTrialN': 5, 'thisRepN': 37}>
632.8755 	DATA 	Keypress: right
632.8898 	EXP 	fixation: autoDraw = False
632.8898 	EXP 	cue_text: autoDraw = False
632.8898 	EXP 	target: autoDraw = False
632.8898 	EXP 	cue_text: text = '→'
632.8898 	EXP 	fixation: autoDraw = True
633.0420 	EXP 	Device response: <KeyPress from None: t=632.8697104000021, value=right, duration=0.1601195999974152>
633.3750 	EXP 	fixation: autoDraw = False
633.3750 	EXP 	cue_text: autoDraw = True
633.6741 	EXP 	cue_text: autoDraw = False
633.9752 	INFO 	Keyboard events cleared
633.9750 	EXP 	target: autoDraw = True
634.6243 	EXP 	Device response: <KeyPress from None: t=634.6185725000105, value=right, duration=None>
634.6246 	EXP 	New trial (rep=37, index=6): <Trial 376 (6 in rep 37) data={'cue_arrow': '←', 'target_x': -0.5, 'condition': 'valid', 'corr_Ans': 'left', 'thisN': 376, 'thisTrialN': 6, 'thisRepN': 37}>
634.6281 	DATA 	Keypress: right
634.6414 	EXP 	fixation: autoDraw = False
634.6414 	EXP 	cue_text: autoDraw = False
634.6414 	EXP 	target: autoDraw = False
634.6414 	EXP 	cue_text: height = np.float64(0.1)
634.6414 	EXP 	cue_text: height = np.float64(0.1)
634.6414 	EXP 	cue_text: height = np.float64(0.1)
634.6414 	EXP 	cue_text: text = '←'
634.6414 	EXP 	fixation: autoDraw = True
634.7413 	EXP 	Device response: <KeyPress from None: t=634.6185725000105, value=right, duration=0.12191889999667183>
635.1413 	EXP 	fixation: autoDraw = False
635.1413 	EXP 	cue_text: autoDraw = True
635.4413 	EXP 	cue_text: autoDraw = False
635.7249 	INFO 	Keyboard events cleared
635.7247 	EXP 	target: autoDraw = True
636.1738 	EXP 	Device response: <KeyPress from None: t=636.1681677000015, value=left, duration=None>
636.1743 	EXP 	New trial (rep=37, index=7): <Trial 377 (7 in rep 37) data={'cue_arrow': '←', 'target_x': -0.5, 'condition': 'valid', 'corr_Ans': 'left', 'thisN': 377, 'thisTrialN': 7, 'thisRepN': 37}>
636.1756 	DATA 	Keypress: left
636.1895 	EXP 	fixation: autoDraw = False
636.1895 	EXP 	cue_text: autoDraw = False
636.1895 	EXP 	target: autoDraw = False
636.1895 	EXP 	cue_text: text = '←'
636.1895 	EXP 	fixation: autoDraw = True
636.3233 	EXP 	Device response: <KeyPress from None: t=636.1681677000015, value=left, duration=0.15042190000531264>
636.6742 	EXP 	fixation: autoDraw = False
636.6742 	EXP 	cue_text: autoDraw = True
636.9749 	EXP 	cue_text: autoDraw = False
637.2747 	INFO 	Keyboard events cleared
637.2745 	EXP 	target: autoDraw = True
637.6573 	EXP 	Device response: <KeyPress from None: t=637.6489620000066, value=left, duration=None>
637.6577 	EXP 	New trial (rep=37, index=8): <Trial 378 (8 in rep 37) data={'cue_arrow': '→', 'target_x': -0.5, 'condition': 'invalid', 'corr_Ans': 'left', 'thisN': 378, 'thisTrialN': 8, 'thisRepN': 37}>
637.6609 	DATA 	Keypress: left
637.6742 	EXP 	fixation: autoDraw = False
637.6742 	EXP 	cue_text: autoDraw = False
637.6742 	EXP 	target: autoDraw = False
637.6742 	EXP 	cue_text: height = np.float64(0.1)
637.6742 	EXP 	cue_text: height = np.float64(0.1)
637.6742 	EXP 	cue_text: height = np.float64(0.1)
637.6742 	EXP 	cue_text: text = '→'
637.6742 	EXP 	fixation: autoDraw = True
637.8087 	EXP 	Device response: <KeyPress from None: t=637.6489620000066, value=left, duration=0.14963719999650493>
638.1566 	EXP 	fixation: autoDraw = False
638.1566 	EXP 	cue_text: autoDraw = True
638.4580 	EXP 	cue_text: autoDraw = False
638.7577 	INFO 	Keyboard events cleared
638.7575 	EXP 	target: autoDraw = True
639.6256 	EXP 	Device response: <KeyPress from None: t=639.6144161999982, value=left, duration=None>
639.6259 	EXP 	New trial (rep=37, index=9): <Trial 379 (9 in rep 37) data={'cue_arrow': '→', 'target_x': 0.5, 'condition': 'valid', 'corr_Ans': 'right', 'thisN': 379, 'thisTrialN': 9, 'thisRepN': 37}>
639.6273 	DATA 	Keypress: left
639.6400 	EXP 	fixation: autoDraw = False
639.6400 	EXP 	cue_text: autoDraw = False
639.6400 	EXP 	target: autoDraw = False
639.6400 	EXP 	cue_text: text = '→'
639.6400 	EXP 	fixation: autoDraw = True
639.7411 	EXP 	Device response: <KeyPress from None: t=639.6144161999982, value=left, duration=0.11755370000901166>
640.1233 	EXP 	fixation: autoDraw = False
640.1233 	EXP 	cue_text: autoDraw = True
640.4416 	EXP 	cue_text: autoDraw = False
640.7252 	INFO 	Keyboard events cleared
640.7250 	EXP 	target: autoDraw = True
641.5584 	EXP 	Device response: <KeyPress from None: t=641.5489471000037, value=right, duration=None>
641.5587 	EXP 	New trial (rep=38, index=0): <Trial 380 (0 in rep 38) data={'cue_arrow': '→', 'target_x': 0.5, 'condition': 'valid', 'corr_Ans': 'right', 'thisN': 380, 'thisTrialN': 0, 'thisRepN': 38}>
641.5601 	DATA 	Keypress: right
641.5731 	EXP 	fixation: autoDraw = False
641.5731 	EXP 	cue_text: autoDraw = False
641.5731 	EXP 	target: autoDraw = False
641.5731 	EXP 	cue_text: text = '→'
641.5731 	EXP 	fixation: autoDraw = True
641.7240 	EXP 	Device response: <KeyPress from None: t=641.5489471000037, value=right, duration=0.17264170000271406>
642.0574 	EXP 	fixation: autoDraw = False
642.0574 	EXP 	cue_text: autoDraw = True
642.3771 	EXP 	cue_text: autoDraw = False
642.6584 	INFO 	Keyboard events cleared
642.6582 	EXP 	target: autoDraw = True
643.0243 	EXP 	Device response: <KeyPress from None: t=643.0215900000039, value=right, duration=None>
643.0247 	EXP 	New trial (rep=38, index=1): <Trial 381 (1 in rep 38) data={'cue_arrow': '←', 'target_x': -0.5, 'condition': 'valid', 'corr_Ans': 'left', 'thisN': 381, 'thisTrialN': 1, 'thisRepN': 38}>
643.0280 	DATA 	Keypress: right
643.0403 	EXP 	fixation: autoDraw = False
643.0403 	EXP 	cue_text: autoDraw = False
643.0403 	EXP 	target: autoDraw = False
643.0403 	EXP 	cue_text: height = np.float64(0.1)
643.0403 	EXP 	cue_text: height = np.float64(0.1)
643.0403 	EXP 	cue_text: height = np.float64(0.1)
643.0403 	EXP 	cue_text: text = '←'
643.0403 	EXP 	fixation: autoDraw = True
643.2074 	EXP 	Device response: <KeyPress from None: t=643.0215900000039, value=right, duration=0.17484560000593774>
643.5249 	EXP 	fixation: autoDraw = False
643.5249 	EXP 	cue_text: autoDraw = True
643.8247 	EXP 	cue_text: autoDraw = False
644.1253 	INFO 	Keyboard events cleared
644.1251 	EXP 	target: autoDraw = True
644.4574 	EXP 	Device response: <KeyPress from None: t=644.4560650000058, value=left, duration=None>
644.4577 	EXP 	New trial (rep=38, index=2): <Trial 382 (2 in rep 38) data={'cue_arrow': '→', 'target_x': -0.5, 'condition': 'invalid', 'corr_Ans': 'left', 'thisN': 382, 'thisTrialN': 2, 'thisRepN': 38}>
644.4611 	DATA 	Keypress: left
644.4736 	EXP 	fixation: autoDraw = False
644.4736 	EXP 	cue_text: autoDraw = False
644.4736 	EXP 	target: autoDraw = False
644.4736 	EXP 	cue_text: height = np.float64(0.1)
644.4736 	EXP 	cue_text: height = np.float64(0.1)
644.4736 	EXP 	cue_text: height = np.float64(0.1)
644.4736 	EXP 	cue_text: text = '→'
644.4736 	EXP 	fixation: autoDraw = True
644.6079 	EXP 	Device response: <KeyPress from None: t=644.4560650000058, value=left, duration=0.1431075000000419>
644.9567 	EXP 	fixation: autoDraw = False
644.9567 	EXP 	cue_text: autoDraw = True
645.2584 	EXP 	cue_text: autoDraw = False
645.5586 	INFO 	Keyboard events cleared
645.5584 	EXP 	target: autoDraw = True
646.8575 	EXP 	Device response: <KeyPress from None: t=646.8549647000036, value=left, duration=None>
646.8579 	EXP 	New trial (rep=38, index=3): <Trial 383 (3 in rep 38) data={'cue_arrow': '←', 'target_x': -0.5, 'condition': 'valid', 'corr_Ans': 'left', 'thisN': 383, 'thisTrialN': 3, 'thisRepN': 38}>
646.8610 	DATA 	Keypress: left
646.8735 	EXP 	fixation: autoDraw = False
646.8735 	EXP 	cue_text: autoDraw = False
646.8735 	EXP 	target: autoDraw = False
646.8735 	EXP 	cue_text: height = np.float64(0.1)
646.8735 	EXP 	cue_text: height = np.float64(0.1)
646.8735 	EXP 	cue_text: height = np.float64(0.1)
646.8735 	EXP 	cue_text: text = '←'
646.8735 	EXP 	fixation: autoDraw = True
647.0074 	EXP 	Device response: <KeyPress from None: t=646.8549647000036, value=left, duration=0.13829740000073798>
647.3570 	EXP 	fixation: autoDraw = False
647.3570 	EXP 	cue_text: autoDraw = True
647.6579 	EXP 	cue_text: autoDraw = False
647.9585 	INFO 	Keyboard events cleared
647.9583 	EXP 	target: autoDraw = True
648.3754 	EXP 	Device response: <KeyPress from None: t=648.3642982000019, value=left, duration=None>
648.3757 	EXP 	New trial (rep=38, index=4): <Trial 384 (4 in rep 38) data={'cue_arrow': '←', 'target_x': 0.5, 'condition': 'invalid', 'corr_Ans': 'right', 'thisN': 384, 'thisTrialN': 4, 'thisRepN': 38}>
648.3769 	DATA 	Keypress: left
648.3905 	EXP 	fixation: autoDraw = False
648.3905 	EXP 	cue_text: autoDraw = False
648.3905 	EXP 	target: autoDraw = False
648.3905 	EXP 	cue_text: text = '←'
648.3905 	EXP 	fixation: autoDraw = True
648.4752 	EXP 	Device response: <KeyPress from None: t=648.3642982000019, value=left, duration=0.10931090000667609>
648.8902 	EXP 	fixation: autoDraw = False
648.8902 	EXP 	cue_text: autoDraw = True
649.1749 	EXP 	cue_text: autoDraw = False
649.4919 	INFO 	Keyboard events cleared
649.4917 	EXP 	target: autoDraw = True
650.5080 	EXP 	Device response: <KeyPress from None: t=650.5047416000016, value=right, duration=None>
650.5084 	EXP 	New trial (rep=38, index=5): <Trial 385 (5 in rep 38) data={'cue_arrow': '→', 'target_x': 0.5, 'condition': 'valid', 'corr_Ans': 'right', 'thisN': 385, 'thisTrialN': 5, 'thisRepN': 38}>
650.5117 	DATA 	Keypress: right
650.5242 	EXP 	fixation: autoDraw = False
650.5242 	EXP 	cue_text: autoDraw = False
650.5242 	EXP 	target: autoDraw = False
650.5242 	EXP 	cue_text: height = np.float64(0.1)
650.5242 	EXP 	cue_text: height = np.float64(0.1)
650.5242 	EXP 	cue_text: height = np.float64(0.1)
650.5242 	EXP 	cue_text: text = '→'
650.5242 	EXP 	fixation: autoDraw = True
650.6742 	EXP 	Device response: <KeyPress from None: t=650.5047416000016, value=right, duration=0.1649741000001086>
651.0085 	EXP 	fixation: autoDraw = False
651.0085 	EXP 	cue_text: autoDraw = True
651.3067 	EXP 	cue_text: autoDraw = False
651.6253 	INFO 	Keyboard events cleared
651.6251 	EXP 	target: autoDraw = True
652.7580 	EXP 	Device response: <KeyPress from None: t=652.7553551000019, value=right, duration=None>
652.7584 	EXP 	New trial (rep=38, index=6): <Trial 386 (6 in rep 38) data={'cue_arrow': '→', 'target_x': 0.5, 'condition': 'valid', 'corr_Ans': 'right', 'thisN': 386, 'thisTrialN': 6, 'thisRepN': 38}>
652.7597 	DATA 	Keypress: right
652.7735 	EXP 	fixation: autoDraw = False
652.7735 	EXP 	cue_text: autoDraw = False
652.7735 	EXP 	target: autoDraw = False
652.7735 	EXP 	cue_text: text = '→'
652.7735 	EXP 	fixation: autoDraw = True
652.8742 	EXP 	Device response: <KeyPress from None: t=652.7553551000019, value=right, duration=0.11206490000768099>
653.2572 	EXP 	fixation: autoDraw = False
653.2572 	EXP 	cue_text: autoDraw = True
653.5748 	EXP 	cue_text: autoDraw = False
653.8588 	INFO 	Keyboard events cleared
653.8586 	EXP 	target: autoDraw = True
654.7753 	DATA 	Keypress: right
654.7908 	EXP 	Device response: <KeyPress from None: t=654.7737940000079, value=right, duration=None>
654.7912 	EXP 	New trial (rep=38, index=7): <Trial 387 (7 in rep 38) data={'cue_arrow': '→', 'target_x': 0.5, 'condition': 'valid', 'corr_Ans': 'right', 'thisN': 387, 'thisTrialN': 7, 'thisRepN': 38}>
654.8069 	EXP 	fixation: autoDraw = False
654.8069 	EXP 	cue_text: autoDraw = False
654.8069 	EXP 	target: autoDraw = False
654.8069 	EXP 	cue_text: text = '→'
654.8069 	EXP 	fixation: autoDraw = True
654.9414 	EXP 	Device response: <KeyPress from None: t=654.7737940000079, value=right, duration=0.15268590000050608>
655.2921 	EXP 	fixation: autoDraw = False
655.2921 	EXP 	cue_text: autoDraw = True
655.5919 	EXP 	cue_text: autoDraw = False
655.8903 	INFO 	Keyboard events cleared
655.8901 	EXP 	target: autoDraw = True
656.2924 	EXP 	Device response: <KeyPress from None: t=656.2849801999982, value=right, duration=None>
656.2929 	EXP 	New trial (rep=38, index=8): <Trial 388 (8 in rep 38) data={'cue_arrow': '←', 'target_x': -0.5, 'condition': 'valid', 'corr_Ans': 'left', 'thisN': 388, 'thisTrialN': 8, 'thisRepN': 38}>
656.2963 	DATA 	Keypress: right
656.3064 	EXP 	fixation: autoDraw = False
656.3064 	EXP 	cue_text: autoDraw = False
656.3064 	EXP 	target: autoDraw = False
656.3064 	EXP 	cue_text: height = np.float64(0.1)
656.3064 	EXP 	cue_text: height = np.float64(0.1)
656.3064 	EXP 	cue_text: height = np.float64(0.1)
656.3064 	EXP 	cue_text: text = '←'
656.3064 	EXP 	fixation: autoDraw = True
656.4912 	EXP 	Device response: <KeyPress from None: t=656.2849801999982, value=right, duration=0.1897682000126224>
656.8069 	EXP 	fixation: autoDraw = False
656.8069 	EXP 	cue_text: autoDraw = True
657.0920 	EXP 	cue_text: autoDraw = False
657.3917 	INFO 	Keyboard events cleared
657.3915 	EXP 	target: autoDraw = True
657.8244 	EXP 	Device response: <KeyPress from None: t=657.8230863000063, value=left, duration=None>
657.8249 	EXP 	New trial (rep=38, index=9): <Trial 389 (9 in rep 38) data={'cue_arrow': '←', 'target_x': -0.5, 'condition': 'valid', 'corr_Ans': 'left', 'thisN': 389, 'thisTrialN': 9, 'thisRepN': 38}>
657.8268 	DATA 	Keypress: left
657.8404 	EXP 	fixation: autoDraw = False
657.8404 	EXP 	cue_text: autoDraw = False
657.8404 	EXP 	target: autoDraw = False
657.8404 	EXP 	cue_text: text = '←'
657.8404 	EXP 	fixation: autoDraw = True
657.9579 	EXP 	Device response: <KeyPress from None: t=657.8230863000063, value=left, duration=0.1223459000029834>
658.3419 	EXP 	fixation: autoDraw = False
658.3419 	EXP 	cue_text: autoDraw = True
658.6250 	EXP 	cue_text: autoDraw = False
658.9240 	INFO 	Keyboard events cleared
658.9238 	EXP 	target: autoDraw = True
659.2252 	EXP 	Device response: <KeyPress from None: t=659.2206300999969, value=left, duration=None>
659.2257 	EXP 	New trial (rep=39, index=0): <Trial 390 (0 in rep 39) data={'cue_arrow': '→', 'target_x': 0.5, 'condition': 'valid', 'corr_Ans': 'right', 'thisN': 390, 'thisTrialN': 0, 'thisRepN': 39}>
659.2296 	DATA 	Keypress: left
659.2401 	EXP 	fixation: autoDraw = False
659.2401 	EXP 	cue_text: autoDraw = False
659.2401 	EXP 	target: autoDraw = False
659.2401 	EXP 	cue_text: height = np.float64(0.1)
659.2401 	EXP 	cue_text: height = np.float64(0.1)
659.2401 	EXP 	cue_text: height = np.float64(0.1)
659.2401 	EXP 	cue_text: text = '→'
659.2401 	EXP 	fixation: autoDraw = True
659.3420 	EXP 	Device response: <KeyPress from None: t=659.2206300999969, value=left, duration=0.1191638000018429>
659.7415 	EXP 	fixation: autoDraw = False
659.7415 	EXP 	cue_text: autoDraw = True
660.0249 	EXP 	cue_text: autoDraw = False
660.3249 	INFO 	Keyboard events cleared
660.3247 	EXP 	target: autoDraw = True
660.6743 	EXP 	Device response: <KeyPress from None: t=660.6649946000107, value=right, duration=None>
660.6747 	EXP 	New trial (rep=39, index=1): <Trial 391 (1 in rep 39) data={'cue_arrow': '→', 'target_x': 0.5, 'condition': 'valid', 'corr_Ans': 'right', 'thisN': 391, 'thisTrialN': 1, 'thisRepN': 39}>
660.6759 	DATA 	Keypress: right
660.6903 	EXP 	fixation: autoDraw = False
660.6903 	EXP 	cue_text: autoDraw = False
660.6903 	EXP 	target: autoDraw = False
660.6903 	EXP 	cue_text: text = '→'
660.6903 	EXP 	fixation: autoDraw = True
660.8424 	EXP 	Device response: <KeyPress from None: t=660.6649946000107, value=right, duration=0.16569359999266453>
661.1750 	EXP 	fixation: autoDraw = False
661.1750 	EXP 	cue_text: autoDraw = True
661.4736 	EXP 	cue_text: autoDraw = False
661.7755 	INFO 	Keyboard events cleared
661.7753 	EXP 	target: autoDraw = True
662.4937 	DATA 	Keypress: right
662.5077 	EXP 	Device response: <KeyPress from None: t=662.4931615000096, value=right, duration=None>
662.5081 	EXP 	New trial (rep=39, index=2): <Trial 392 (2 in rep 39) data={'cue_arrow': '←', 'target_x': -0.5, 'condition': 'valid', 'corr_Ans': 'left', 'thisN': 392, 'thisTrialN': 2, 'thisRepN': 39}>
662.5252 	EXP 	fixation: autoDraw = False
662.5252 	EXP 	cue_text: autoDraw = False
662.5252 	EXP 	target: autoDraw = False
662.5252 	EXP 	cue_text: height = np.float64(0.1)
662.5252 	EXP 	cue_text: height = np.float64(0.1)
662.5252 	EXP 	cue_text: height = np.float64(0.1)
662.5252 	EXP 	cue_text: text = '←'
662.5252 	EXP 	fixation: autoDraw = True
662.6577 	EXP 	Device response: <KeyPress from None: t=662.4931615000096, value=right, duration=0.1601782999932766>
663.0088 	EXP 	fixation: autoDraw = False
663.0088 	EXP 	cue_text: autoDraw = True
663.3083 	EXP 	cue_text: autoDraw = False
663.6089 	INFO 	Keyboard events cleared
663.6087 	EXP 	target: autoDraw = True
664.3437 	EXP 	Device response: <KeyPress from None: t=664.3396614000085, value=left, duration=None>
664.3440 	EXP 	New trial (rep=39, index=3): <Trial 393 (3 in rep 39) data={'cue_arrow': '←', 'target_x': 0.5, 'condition': 'invalid', 'corr_Ans': 'right', 'thisN': 393, 'thisTrialN': 3, 'thisRepN': 39}>
664.3453 	DATA 	Keypress: left
664.3581 	EXP 	fixation: autoDraw = False
664.3581 	EXP 	cue_text: autoDraw = False
664.3581 	EXP 	target: autoDraw = False
664.3581 	EXP 	cue_text: text = '←'
664.3581 	EXP 	fixation: autoDraw = True
664.5077 	EXP 	Device response: <KeyPress from None: t=664.3396614000085, value=left, duration=0.15401709999423474>
664.8581 	EXP 	fixation: autoDraw = False
664.8581 	EXP 	cue_text: autoDraw = True
665.1584 	EXP 	cue_text: autoDraw = False
665.4591 	INFO 	Keyboard events cleared
665.4588 	EXP 	target: autoDraw = True
666.3593 	EXP 	Device response: <KeyPress from None: t=666.3454046999977, value=right, duration=None>
666.3598 	EXP 	New trial (rep=39, index=4): <Trial 394 (4 in rep 39) data={'cue_arrow': '←', 'target_x': -0.5, 'condition': 'valid', 'corr_Ans': 'left', 'thisN': 394, 'thisTrialN': 4, 'thisRepN': 39}>
666.3611 	DATA 	Keypress: right
666.3745 	EXP 	fixation: autoDraw = False
666.3745 	EXP 	cue_text: autoDraw = False
666.3745 	EXP 	target: autoDraw = False
666.3745 	EXP 	cue_text: text = '←'
666.3745 	EXP 	fixation: autoDraw = True
666.5086 	EXP 	Device response: <KeyPress from None: t=666.3454046999977, value=right, duration=0.15326820001064334>
666.8739 	EXP 	fixation: autoDraw = False
666.8739 	EXP 	cue_text: autoDraw = True
667.1584 	EXP 	cue_text: autoDraw = False
667.4745 	INFO 	Keyboard events cleared
667.4743 	EXP 	target: autoDraw = True
667.8750 	EXP 	Device response: <KeyPress from None: t=667.866735100004, value=left, duration=None>
667.8754 	EXP 	New trial (rep=39, index=5): <Trial 395 (5 in rep 39) data={'cue_arrow': '←', 'target_x': -0.5, 'condition': 'valid', 'corr_Ans': 'left', 'thisN': 395, 'thisTrialN': 5, 'thisRepN': 39}>
667.8767 	DATA 	Keypress: left
667.8916 	EXP 	fixation: autoDraw = False
667.8916 	EXP 	cue_text: autoDraw = False
667.8916 	EXP 	target: autoDraw = False
667.8916 	EXP 	cue_text: text = '←'
667.8916 	EXP 	fixation: autoDraw = True
668.0085 	EXP 	Device response: <KeyPress from None: t=667.866735100004, value=left, duration=0.1397817999968538>
668.3919 	EXP 	fixation: autoDraw = False
668.3919 	EXP 	cue_text: autoDraw = True
668.6751 	EXP 	cue_text: autoDraw = False
668.9757 	INFO 	Keyboard events cleared
668.9755 	EXP 	target: autoDraw = True
669.4918 	EXP 	Device response: <KeyPress from None: t=669.4890993000008, value=left, duration=None>
669.4923 	EXP 	New trial (rep=39, index=6): <Trial 396 (6 in rep 39) data={'cue_arrow': '→', 'target_x': 0.5, 'condition': 'valid', 'corr_Ans': 'right', 'thisN': 396, 'thisTrialN': 6, 'thisRepN': 39}>
669.4961 	DATA 	Keypress: left
669.5066 	EXP 	fixation: autoDraw = False
669.5066 	EXP 	cue_text: autoDraw = False
669.5066 	EXP 	target: autoDraw = False
669.5066 	EXP 	cue_text: height = np.float64(0.1)
669.5066 	EXP 	cue_text: height = np.float64(0.1)
669.5066 	EXP 	cue_text: height = np.float64(0.1)
669.5066 	EXP 	cue_text: text = '→'
669.5066 	EXP 	fixation: autoDraw = True
669.6576 	EXP 	Device response: <KeyPress from None: t=669.4890993000008, value=left, duration=0.1610386000102153>
669.9926 	EXP 	fixation: autoDraw = False
669.9926 	EXP 	cue_text: autoDraw = True
670.2916 	EXP 	cue_text: autoDraw = False
670.6087 	INFO 	Keyboard events cleared
670.6085 	EXP 	target: autoDraw = True
670.9578 	EXP 	Device response: <KeyPress from None: t=670.9500355000055, value=right, duration=None>
670.9582 	EXP 	New trial (rep=39, index=7): <Trial 397 (7 in rep 39) data={'cue_arrow': '→', 'target_x': -0.5, 'condition': 'invalid', 'corr_Ans': 'left', 'thisN': 397, 'thisTrialN': 7, 'thisRepN': 39}>
670.9594 	DATA 	Keypress: right
670.9746 	EXP 	fixation: autoDraw = False
670.9746 	EXP 	cue_text: autoDraw = False
670.9746 	EXP 	target: autoDraw = False
670.9746 	EXP 	cue_text: text = '→'
670.9746 	EXP 	fixation: autoDraw = True
671.1253 	EXP 	Device response: <KeyPress from None: t=670.9500355000055, value=right, duration=0.16226080000342336>
671.4576 	EXP 	fixation: autoDraw = False
671.4576 	EXP 	cue_text: autoDraw = True
671.7590 	EXP 	cue_text: autoDraw = False
672.0587 	INFO 	Keyboard events cleared
672.0585 	EXP 	target: autoDraw = True
673.1241 	EXP 	Device response: <KeyPress from None: t=673.1131606999988, value=left, duration=None>
673.1245 	EXP 	New trial (rep=39, index=8): <Trial 398 (8 in rep 39) data={'cue_arrow': '←', 'target_x': -0.5, 'condition': 'valid', 'corr_Ans': 'left', 'thisN': 398, 'thisTrialN': 8, 'thisRepN': 39}>
673.1276 	DATA 	Keypress: left
673.1414 	EXP 	fixation: autoDraw = False
673.1414 	EXP 	cue_text: autoDraw = False
673.1414 	EXP 	target: autoDraw = False
673.1414 	EXP 	cue_text: height = np.float64(0.1)
673.1414 	EXP 	cue_text: height = np.float64(0.1)
673.1414 	EXP 	cue_text: height = np.float64(0.1)
673.1414 	EXP 	cue_text: text = '←'
673.1414 	EXP 	fixation: autoDraw = True
673.2591 	EXP 	Device response: <KeyPress from None: t=673.1131606999988, value=left, duration=0.13899550000496674>
673.6253 	EXP 	fixation: autoDraw = False
673.6253 	EXP 	cue_text: autoDraw = True
673.9256 	EXP 	cue_text: autoDraw = False
674.2258 	INFO 	Keyboard events cleared
674.2256 	EXP 	target: autoDraw = True
674.7758 	EXP 	Device response: <KeyPress from None: t=674.7702033000096, value=left, duration=None>
674.7763 	EXP 	New trial (rep=39, index=9): <Trial 399 (9 in rep 39) data={'cue_arrow': '→', 'target_x': 0.5, 'condition': 'valid', 'corr_Ans': 'right', 'thisN': 399, 'thisTrialN': 9, 'thisRepN': 39}>
674.7797 	DATA 	Keypress: left
674.7903 	EXP 	fixation: autoDraw = False
674.7903 	EXP 	cue_text: autoDraw = False
674.7903 	EXP 	target: autoDraw = False
674.7903 	EXP 	cue_text: height = np.float64(0.1)
674.7903 	EXP 	cue_text: height = np.float64(0.1)
674.7903 	EXP 	cue_text: height = np.float64(0.1)
674.7903 	EXP 	cue_text: text = '→'
674.7903 	EXP 	fixation: autoDraw = True
674.9257 	EXP 	Device response: <KeyPress from None: t=674.7702033000096, value=left, duration=0.14995259999705013>
675.2751 	EXP 	fixation: autoDraw = False
675.2751 	EXP 	cue_text: autoDraw = True
675.5754 	EXP 	cue_text: autoDraw = False
675.8752 	INFO 	Keyboard events cleared
675.8750 	EXP 	target: autoDraw = True
676.2089 	EXP 	Device response: <KeyPress from None: t=676.1951272000006, value=right, duration=None>
676.2116 	DATA 	Keypress: right
676.2253 	EXP 	fixation: autoDraw = False
676.2253 	EXP 	cue_text: autoDraw = False
676.2253 	EXP 	target: autoDraw = False
676.2253 	EXP 	text: autoDraw = True
676.4077 	EXP 	Device response: <KeyPress from None: t=676.1951272000006, value=right, duration=0.206520100007765>
676.4411 	EXP 	text: autoDraw = False
676.4414 	EXP 	cueing_task_exp: status = STOPPED
676.5948 	INFO 	saved data to 'C:\\Users\\Pooja\\OneDrive\\Desktop\\Solo_project_2\\data\\04_cueing_task_exp_2025-11-14_23h25.46.410.csv'
676.6042 	INFO 	saved data to C:\Users\Pooja\OneDrive\Desktop\Solo_project_2\data\04_cueing_task_exp_2025-11-14_23h25.46.410.psydat
676.9090 	WARNING 	Stopping key buffers but this could be dangerous ifother keyboards rely on the same.
677.0062 	WARNING 	Stopping key buffers but this could be dangerous ifother keyboards rely on the same.
677.0063 	WARNING 	Stopping key buffers but this could be dangerous ifother keyboards rely on the same.
