cue_arrow,target_x,condition,corr_Ans,thisN,thisTrialN,thisRepN,key_resp.keys,key_resp.corr,key_resp.rt,key_resp.duration,trials.thisRepN,trials.thisTrialN,trials.thisN,trials.thisIndex,thisRow.t,notes,welcome.started,welcome_text.started,start_key.started,welcome.stopped,start_key.keys,start_key.rt,start_key.duration,trial.started,fixation.started,fixation.stopped,cue_text.started,cue_text.stopped,target.started,key_resp.started,trial.stopped,trials.key_resp.keys,trials.key_resp.corr,trials.key_resp.rt,trials.key_resp.duration,thankyou.started,text.started,text.stopped,thankyou.stopped,participant,session,date,expName,expVersion,psychopyVersion,frameRate,expStart,
,,,,,,,,,,,,,,,,,0.006915100006153807,0.021558100008405745,0.021558100008405745,6.318786599993473,space,6.270873300003586,None,,,,,,,,,,,,,,,,,05,001,2025-11-15_01h35.53.183,cueing_task_exp,,2025.1.1,60.18215936681601,2025-11-15 01h36.00.906808 +0530,
←,-0.5,valid,left,0,0,0,left,1,0.5159417999966536,None,0,0,0,6,6.352000100014266,,,,,,,,,6.342095600004541,6.352000100014266,6.828990900015924,6.828990900015924,7.12926410001819,7.429090000019642,7.429090000019642,7.946210800000699,left,1,0.5159417999966536,None,,,,,05,001,2025-11-15_01h35.53.183,cueing_task_exp,,2025.1.1,60.18215936681601,2025-11-15 01h36.00.906808 +0530,
→,0.5,valid,right,1,1,0,right,1,0.20765620001475327,None,0,1,1,3,7.962406700011343,,,,,,,,,7.950504000007641,7.962406700011343,8.445759800000815,8.445759800000815,8.745632800011663,9.045523800014053,9.045523800014053,9.263029800000368,right,1,0.20765620001475327,None,,,,,05,001,2025-11-15_01h35.53.183,cueing_task_exp,,2025.1.1,60.18215936681601,2025-11-15 01h36.00.906808 +0530,
→,0.5,valid,right,2,2,0,right,1,0.36370159999933094,None,0,2,2,0,9.279694500000915,,,,,,,,,9.263440100010484,9.279694500000915,9.762509099993622,9.762509099993622,10.062896799994633,10.363268999994034,10.363268999994034,10.729799599997932,right,1,0.36370159999933094,None,,,,,05,001,2025-11-15_01h35.53.183,cueing_task_exp,,2025.1.1,60.18215936681601,2025-11-15 01h36.00.906808 +0530,
←,-0.5,valid,left,3,3,0,left,1,0.4447844999958761,None,0,3,3,5,10.745692299999064,,,,,,,,,10.731506600015564,10.745692299999064,11.22911060001934,11.22911060001934,11.52913539999281,11.82899800001178,11.82899800001178,12.279700400016736,left,1,0.4447844999958761,None,,,,,05,001,2025-11-15_01h35.53.183,cueing_task_exp,,2025.1.1,60.18215936681601,2025-11-15 01h36.00.906808 +0530,
→,-0.5,invalid,left,4,4,0,right,0,0.14821610000217333,None,0,4,4,8,12.295624299993506,,,,,,,,,12.281920500012347,12.295624299993506,12.779584500007331,12.779584500007331,13.079217099992093,13.379545700008748,13.379545700008748,13.529532200016547,right,0,0.14821610000217333,None,,,,,05,001,2025-11-15_01h35.53.183,cueing_task_exp,,2025.1.1,60.18215936681601,2025-11-15 01h36.00.906808 +0530,
→,0.5,valid,right,5,5,0,right,1,0.7560402999806684,None,0,5,5,2,13.546246500016423,,,,,,,,,13.529879000008805,13.546246500016423,14.029126600013115,14.029126600013115,14.3297586000117,14.629258800006937,14.629258800006937,15.396483599994099,right,1,0.7560402999806684,None,,,,,05,001,2025-11-15_01h35.53.183,cueing_task_exp,,2025.1.1,60.18215936681601,2025-11-15 01h36.00.906808 +0530,
←,-0.5,valid,left,6,6,0,left,1,0.25203880001208745,None,0,6,6,4,15.413191100000404,,,,,,,,,15.398790700011887,15.413191100000404,15.896238799992716,15.896238799992716,16.195844500005478,16.49576970000635,16.49576970000635,16.76314480000292,left,1,0.25203880001208745,None,,,,,05,001,2025-11-15_01h35.53.183,cueing_task_exp,,2025.1.1,60.18215936681601,2025-11-15 01h36.00.906808 +0530,
←,-0.5,valid,left,7,7,0,left,1,0.3335957999806851,None,0,7,7,1,16.779163100000005,,,,,,,,,16.763676800008398,16.779163100000005,17.262545400008094,17.262545400008094,17.562655899993842,17.862714400020195,17.862714400020195,18.21323970000958,left,1,0.3335957999806851,None,,,,,05,001,2025-11-15_01h35.53.183,cueing_task_exp,,2025.1.1,60.18215936681601,2025-11-15 01h36.00.906808 +0530,
←,0.5,invalid,right,8,8,0,left,0,0.32011050000437535,None,0,8,8,9,18.22935989999678,,,,,,,,,18.213681199995335,18.22935989999678,18.713130699994508,18.713130699994508,19.01263189999736,19.312572499999078,19.312572499999078,19.64670159999514,left,0,0.32011050000437535,None,,,,,05,001,2025-11-15_01h35.53.183,cueing_task_exp,,2025.1.1,60.18215936681601,2025-11-15 01h36.00.906808 +0530,
→,0.5,valid,right,9,9,0,left,0,0.33673039998393506,None,0,9,9,7,19.662414999998873,,,,,,,,,19.649058000009973,19.662414999998873,20.14615469999262,20.14615469999262,20.446649499994237,20.746174200001406,20.746174200001406,21.097071700001834,left,0,0.33673039998393506,None,,,,,05,001,2025-11-15_01h35.53.183,cueing_task_exp,,2025.1.1,60.18215936681601,2025-11-15 01h36.00.906808 +0530,
←,-0.5,valid,left,10,0,1,left,1,0.35409949999302626,None,1,0,10,6,21.11288150001201,,,,,,,,,21.098861600010423,21.11288150001201,21.612881300010486,21.612881300010486,21.912921900016954,22.19626110000536,22.19626110000536,22.563575800013496,left,1,0.35409949999302626,None,,,,,05,001,2025-11-15_01h35.53.183,cueing_task_exp,,2025.1.1,60.18215936681601,2025-11-15 01h36.00.906808 +0530,
→,0.5,valid,right,11,1,1,right,1,0.38131860000430606,None,1,1,11,2,22.579250500013586,,,,,,,,,22.565370199998142,22.579250500013586,23.06260299999849,23.06260299999849,23.36273330001859,23.663021100015612,23.663021100015612,24.04654959999607,right,1,0.38131860000430606,None,,,,,05,001,2025-11-15_01h35.53.183,cueing_task_exp,,2025.1.1,60.18215936681601,2025-11-15 01h36.00.906808 +0530,
←,-0.5,valid,left,12,2,1,left,1,0.2972402000159491,None,1,2,12,4,24.062914700014517,,,,,,,,,24.048940400010906,24.062914700014517,24.546190499997465,24.546190499997465,24.846003500017105,25.14658299999428,25.14658299999428,25.44693800000823,left,1,0.2972402000159491,None,,,,,05,001,2025-11-15_01h35.53.183,cueing_task_exp,,2025.1.1,60.18215936681601,2025-11-15 01h36.00.906808 +0530,
←,-0.5,valid,left,13,3,1,left,1,0.29555849998723716,None,1,3,13,1,25.46271059999708,,,,,,,,,25.447262400004547,25.46271059999708,25.946429800009355,25.946429800009355,26.262971899996046,26.546741700003622,26.546741700003622,26.846348599996418,left,1,0.29555849998723716,None,,,,,05,001,2025-11-15_01h35.53.183,cueing_task_exp,,2025.1.1,60.18215936681601,2025-11-15 01h36.00.906808 +0530,
←,0.5,invalid,right,14,4,1,right,1,1.45552950000274,None,1,4,14,9,26.86296779999975,,,,,,,,,26.846745599992573,26.86296779999975,27.34662450000178,27.34662450000178,27.6465726000024,27.945905200002016,27.945905200002016,29.413384400017094,right,1,1.45552950000274,None,,,,,05,001,2025-11-15_01h35.53.183,cueing_task_exp,,2025.1.1,60.18215936681601,2025-11-15 01h36.00.906808 +0530,
←,-0.5,valid,left,15,5,1,left,1,0.5587828999850899,None,1,5,15,5,29.429617699992377,,,,,,,,,29.41375790000893,29.429617699992377,29.921033999999054,29.921033999999054,30.221017100004246,30.521108000015374,30.521108000015374,31.088339900015853,left,1,0.5587828999850899,None,,,,,05,001,2025-11-15_01h35.53.183,cueing_task_exp,,2025.1.1,60.18215936681601,2025-11-15 01h36.00.906808 +0530,
→,0.5,valid,right,16,6,1,right,1,0.5177900999842677,None,1,6,16,0,31.104451399995014,,,,,,,,,31.09005180001259,31.104451399995014,31.588063600007445,31.588063600007445,31.887712199997623,32.187704100011615,32.187704100011615,32.72170029999688,right,1,0.5177900999842677,None,,,,,05,001,2025-11-15_01h35.53.183,cueing_task_exp,,2025.1.1,60.18215936681601,2025-11-15 01h36.00.906808 +0530,
→,0.5,valid,right,17,7,1,right,1,0.33876330000930466,None,1,7,17,3,32.73773330001859,,,,,,,,,32.72203750000335,32.73773330001859,33.22110840000096,33.22110840000096,33.521099200006574,33.82101469999179,33.82101469999179,34.171566300006816,right,1,0.33876330000930466,None,,,,,05,001,2025-11-15_01h35.53.183,cueing_task_exp,,2025.1.1,60.18215936681601,2025-11-15 01h36.00.906808 +0530,
→,0.5,valid,right,18,8,1,right,1,0.28842130000703037,None,1,8,18,7,34.18776100000832,,,,,,,,,34.17204979999224,34.18776100000832,34.671156399999745,34.671156399999745,34.97138560001622,35.2712479000038,35.2712479000038,35.5721346999926,right,1,0.28842130000703037,None,,,,,05,001,2025-11-15_01h35.53.183,cueing_task_exp,,2025.1.1,60.18215936681601,2025-11-15 01h36.00.906808 +0530,
→,-0.5,invalid,left,19,9,1,left,1,0.7128056999936234,None,1,9,19,8,35.587744999997085,,,,,,,,,35.57267759999377,35.587744999997085,36.07150799999363,36.07150799999363,36.387719099991955,36.67129590001423,36.67129590001423,37.388335099996766,left,1,0.7128056999936234,None,,,,,05,001,2025-11-15_01h35.53.183,cueing_task_exp,,2025.1.1,60.18215936681601,2025-11-15 01h36.00.906808 +0530,
→,0.5,valid,right,20,0,2,right,1,0.3170510999916587,None,2,0,20,3,37.405475700012175,,,,,,,,,37.388895200012485,37.405475700012175,37.88800450001145,37.88800450001145,38.18756950000534,38.48817240001517,38.48817240001517,38.822076200012816,right,1,0.3170510999916587,None,,,,,05,001,2025-11-15_01h35.53.183,cueing_task_exp,,2025.1.1,60.18215936681601,2025-11-15 01h36.00.906808 +0530,
→,-0.5,invalid,left,21,1,2,left,1,0.88147019999451,None,2,1,21,8,38.83778639999218,,,,,,,,,38.82288769999286,38.83778639999218,39.321200700011104,39.321200700011104,39.6217178000079,39.92123870001524,39.92123870001524,40.80521290001343,left,1,0.88147019999451,None,,,,,05,001,2025-11-15_01h35.53.183,cueing_task_exp,,2025.1.1,60.18215936681601,2025-11-15 01h36.00.906808 +0530,
→,0.5,valid,right,22,2,2,right,1,0.44161870001698844,None,2,2,22,7,40.8214465000201,,,,,,,,,40.805641999992076,40.8214465000201,41.30473850000999,41.30473850000999,41.604824900015956,41.90467940000235,41.90467940000235,42.355417999991914,right,1,0.44161870001698844,None,,,,,05,001,2025-11-15_01h35.53.183,cueing_task_exp,,2025.1.1,60.18215936681601,2025-11-15 01h36.00.906808 +0530,
←,-0.5,valid,left,23,3,2,left,1,0.3474234000022989,None,2,3,23,5,42.371432000014465,,,,,,,,,42.35717180001666,42.371432000014465,42.85471040001721,42.85471040001721,43.154834400018444,43.45492899999954,43.45492899999954,43.80585289999726,left,1,0.3474234000022989,None,,,,,05,001,2025-11-15_01h35.53.183,cueing_task_exp,,2025.1.1,60.18215936681601,2025-11-15 01h36.00.906808 +0530,
←,-0.5,valid,left,24,4,2,left,1,0.36430670000845566,None,2,4,24,6,43.82156909999321,,,,,,,,,43.806178800005,43.82156909999321,44.32136000000173,44.32136000000173,44.62161840000772,44.92160649999278,44.92160649999278,45.28874509999878,left,1,0.36430670000845566,None,,,,,05,001,2025-11-15_01h35.53.183,cueing_task_exp,,2025.1.1,60.18215936681601,2025-11-15 01h36.00.906808 +0530,
←,-0.5,valid,left,25,5,2,left,1,0.376749099988956,None,2,5,25,4,45.30499050000799,,,,,,,,,45.28906199999619,45.30499050000799,45.78817280000658,45.78817280000658,46.087965700018685,46.38822280001477,46.38822280001477,46.772328299994115,left,1,0.376749099988956,None,,,,,05,001,2025-11-15_01h35.53.183,cueing_task_exp,,2025.1.1,60.18215936681601,2025-11-15 01h36.00.906808 +0530,
→,0.5,valid,right,26,6,2,right,1,0.3647249999921769,None,2,6,26,0,46.78789959999267,,,,,,,,,46.77388270001393,46.78789959999267,47.27112950000446,47.27112950000446,47.588142399996286,47.871374900016235,47.871374900016235,48.23827200001688,right,1,0.3647249999921769,None,,,,,05,001,2025-11-15_01h35.53.183,cueing_task_exp,,2025.1.1,60.18215936681601,2025-11-15 01h36.00.906808 +0530,
←,0.5,invalid,right,27,7,2,right,1,1.1323870999913197,None,2,7,27,9,48.25472200001241,,,,,,,,,48.2400186000159,48.25472200001241,48.738384700001916,48.738384700001916,49.03805360000115,49.338080500019714,49.338080500019714,50.47178990000975,right,1,1.1323870999913197,None,,,,,05,001,2025-11-15_01h35.53.183,cueing_task_exp,,2025.1.1,60.18215936681601,2025-11-15 01h36.00.906808 +0530,
→,0.5,valid,right,28,8,2,right,1,0.5210810000135098,None,2,8,28,2,50.48806790000526,,,,,,,,,50.473698899993906,50.48806790000526,50.971435999992536,50.971435999992536,51.27130260001286,51.57134039999801,51.57134039999801,52.10532040000544,right,1,0.5210810000135098,None,,,,,05,001,2025-11-15_01h35.53.183,cueing_task_exp,,2025.1.1,60.18215936681601,2025-11-15 01h36.00.906808 +0530,
←,-0.5,valid,left,29,9,2,left,1,0.2929332999920007,None,2,9,29,1,52.12120850000065,,,,,,,,,52.10739240000839,52.12120850000065,52.604659000004176,52.604659000004176,52.904867900011595,53.20477579999715,53.20477579999715,53.505526199995074,left,1,0.2929332999920007,None,,,,,05,001,2025-11-15_01h35.53.183,cueing_task_exp,,2025.1.1,60.18215936681601,2025-11-15 01h36.00.906808 +0530,
→,0.5,valid,right,30,0,3,right,1,0.3146215999731794,None,3,0,30,0,53.52139910002006,,,,,,,,,53.507545900007244,53.52139910002006,54.0047303000174,54.0047303000174,54.30486460000975,54.60479939999641,54.60479939999641,54.92201880001812,right,1,0.3146215999731794,None,,,,,05,001,2025-11-15_01h35.53.183,cueing_task_exp,,2025.1.1,60.18215936681601,2025-11-15 01h36.00.906808 +0530,
←,0.5,invalid,right,31,1,3,right,1,0.670977200003108,None,3,1,31,9,54.93824869999662,,,,,,,,,54.92424670001492,54.93824869999662,55.42151840002043,55.42151840002043,55.72140370000852,56.0214616000012,56.0214616000012,56.7052639000176,right,1,0.670977200003108,None,,,,,05,001,2025-11-15_01h35.53.183,cueing_task_exp,,2025.1.1,60.18215936681601,2025-11-15 01h36.00.906808 +0530,
←,-0.5,valid,left,32,2,3,left,1,0.4885892999882344,None,3,2,32,5,56.72151619999204,,,,,,,,,56.705703100014944,56.72151619999204,57.20475740000256,57.20475740000256,57.50485260001733,57.80455520001124,57.80455520001124,58.305857500003185,left,1,0.4885892999882344,None,,,,,05,001,2025-11-15_01h35.53.183,cueing_task_exp,,2025.1.1,60.18215936681601,2025-11-15 01h36.00.906808 +0530,
→,0.5,valid,right,33,3,3,right,1,0.38743100001011044,None,3,3,33,7,58.32281480001984,,,,,,,,,58.30762790000881,58.32281480001984,58.82159560002037,58.82159560002037,59.12162140000146,59.40501119999681,59.40501119999681,59.80532390001463,right,1,0.38743100001011044,None,,,,,05,001,2025-11-15_01h35.53.183,cueing_task_exp,,2025.1.1,60.18215936681601,2025-11-15 01h36.00.906808 +0530,
→,0.5,valid,right,34,4,3,right,1,0.16565879998961464,None,3,4,34,3,59.8216258000175,,,,,,,,,59.805732800014084,59.8216258000175,60.304910900013056,60.304910900013056,60.60489950000192,60.90536550001707,60.90536550001707,61.07269980001729,right,1,0.16565879998961464,None,,,,,05,001,2025-11-15_01h35.53.183,cueing_task_exp,,2025.1.1,60.18215936681601,2025-11-15 01h36.00.906808 +0530,
→,0.5,valid,right,35,5,3,right,1,0.3760257999820169,None,3,5,35,2,61.088459599995986,,,,,,,,,61.07317740001599,61.088459599995986,61.58842640000512,61.58842640000512,61.88827890000539,62.18823650002014,62.18823650002014,62.572081499994965,right,1,0.3760257999820169,None,,,,,05,001,2025-11-15_01h35.53.183,cueing_task_exp,,2025.1.1,60.18215936681601,2025-11-15 01h36.00.906808 +0530,
←,-0.5,valid,left,36,6,3,left,1,0.2677112999954261,None,3,6,36,4,62.58816790001583,,,,,,,,,62.57485330000054,62.58816790001583,63.07163750001928,63.07163750001928,63.371739099995466,63.67174750001868,63.67174750001868,63.95543910001288,left,1,0.2677112999954261,None,,,,,05,001,2025-11-15_01h35.53.183,cueing_task_exp,,2025.1.1,60.18215936681601,2025-11-15 01h36.00.906808 +0530,
←,-0.5,valid,left,37,7,3,left,1,0.2920663000259083,None,3,7,37,1,63.971698800014565,,,,,,,,,63.95583029999398,63.971698800014565,64.45500610000454,64.45500610000454,64.75507360001211,65.05503770001815,65.05503770001815,65.35554540000157,left,1,0.2920663000259083,None,,,,,05,001,2025-11-15_01h35.53.183,cueing_task_exp,,2025.1.1,60.18215936681601,2025-11-15 01h36.00.906808 +0530,
→,-0.5,invalid,left,38,8,3,left,1,1.0459828000166453,None,3,8,38,8,65.37188540000352,,,,,,,,,65.35776360001182,65.37188540000352,65.85503969999263,65.85503969999263,66.15510989999166,66.45516710000811,66.45516710000811,67.50551519999863,left,1,1.0459828000166453,None,,,,,05,001,2025-11-15_01h35.53.183,cueing_task_exp,,2025.1.1,60.18215936681601,2025-11-15 01h36.00.906808 +0530,
←,-0.5,valid,left,39,9,3,left,1,0.48780319999787025,None,3,9,39,6,67.52159320001374,,,,,,,,,67.50789989999612,67.52159320001374,68.00505480001448,68.00505480001448,68.3050518000091,68.6050579000148,68.6050579000148,69.10541290001129,left,1,0.48780319999787025,None,,,,,05,001,2025-11-15_01h35.53.183,cueing_task_exp,,2025.1.1,60.18215936681601,2025-11-15 01h36.00.906808 +0530,
←,-0.5,valid,left,40,0,4,left,1,0.3512140999955591,None,4,0,40,5,69.12164369999664,,,,,,,,,69.10580210000626,69.12164369999664,69.60512920000474,69.60512920000474,69.90506600000663,70.2050344000163,70.2050344000163,70.57245100001455,left,1,0.3512140999955591,None,,,,,05,001,2025-11-15_01h35.53.183,cueing_task_exp,,2025.1.1,60.18215936681601,2025-11-15 01h36.00.906808 +0530,
→,0.5,valid,right,41,1,4,right,1,0.284559799998533,None,4,1,41,0,70.58882830000948,,,,,,,,,70.57406980000087,70.58882830000948,71.07171859999653,71.07171859999653,71.37181410001358,71.67175670000142,71.67175670000142,71.97224500001175,right,1,0.284559799998533,None,,,,,05,001,2025-11-15_01h35.53.183,cueing_task_exp,,2025.1.1,60.18215936681601,2025-11-15 01h36.00.906808 +0530,
→,0.5,valid,right,42,2,4,right,1,0.31315870000980794,None,4,2,42,7,71.98857950000092,,,,,,,,,71.9726811000146,71.98857950000092,72.47172930001398,72.47172930001398,72.77172459999565,73.07173019999755,73.07173019999755,73.39325870000175,right,1,0.31315870000980794,None,,,,,05,001,2025-11-15_01h35.53.183,cueing_task_exp,,2025.1.1,60.18215936681601,2025-11-15 01h36.00.906808 +0530,
→,-0.5,invalid,left,43,3,4,left,1,0.6475050000008196,None,4,3,43,8,73.405207600008,,,,,,,,,73.39394720000564,73.405207600008,73.90491499999189,73.90491499999189,74.2050119000196,74.50502909999341,74.50502909999341,75.15565090000746,left,1,0.6475050000008196,None,,,,,05,001,2025-11-15_01h35.53.183,cueing_task_exp,,2025.1.1,60.18215936681601,2025-11-15 01h36.00.906808 +0530,
←,-0.5,valid,left,44,4,4,left,1,0.3114837999746669,None,4,4,44,4,75.1720600000117,,,,,,,,,75.15800250001485,75.1720600000117,75.65508660001797,75.65508660001797,75.95512299999245,76.25519890000578,76.25519890000578,76.5724557999929,left,1,0.3114837999746669,None,,,,,05,001,2025-11-15_01h35.53.183,cueing_task_exp,,2025.1.1,60.18215936681601,2025-11-15 01h36.00.906808 +0530,
←,-0.5,valid,left,45,5,4,left,1,0.21513710002182052,None,4,5,45,1,76.58871890002047,,,,,,,,,76.57297140001901,76.58871890002047,77.07228330001817,77.07228330001817,77.37189070001477,77.67195119999815,77.67195119999815,77.88882130000275,left,1,0.21513710002182052,None,,,,,05,001,2025-11-15_01h35.53.183,cueing_task_exp,,2025.1.1,60.18215936681601,2025-11-15 01h36.00.906808 +0530,
→,0.5,valid,right,46,6,4,right,1,0.27577999999630265,None,4,6,46,2,77.90512320000562,,,,,,,,,77.89081640000222,77.90512320000562,78.38861809999798,78.38861809999798,78.68841450000764,78.98847999999998,78.98847999999998,79.27238249999937,right,1,0.27577999999630265,None,,,,,05,001,2025-11-15_01h35.53.183,cueing_task_exp,,2025.1.1,60.18215936681601,2025-11-15 01h36.00.906808 +0530,
←,-0.5,valid,left,47,7,4,left,1,0.275050199998077,None,4,7,47,6,79.28839430000517,,,,,,,,,79.27470249999897,79.28839430000517,79.771728599997,79.771728599997,80.0720043000183,80.37173579999944,80.37173579999944,80.6557904999936,left,1,0.275050199998077,None,,,,,05,001,2025-11-15_01h35.53.183,cueing_task_exp,,2025.1.1,60.18215936681601,2025-11-15 01h36.00.906808 +0530,
←,0.5,invalid,right,48,8,4,left,0,0.3161520999856293,None,4,8,48,9,80.67196810001042,,,,,,,,,80.65624060001574,80.67196810001042,81.15537620001123,81.15537620001123,81.4556212000025,81.75531279999996,81.75531279999996,82.07266570001957,left,0,0.3161520999856293,None,,,,,05,001,2025-11-15_01h35.53.183,cueing_task_exp,,2025.1.1,60.18215936681601,2025-11-15 01h36.00.906808 +0530,
→,0.5,valid,right,49,9,4,right,1,0.49029059999156743,None,4,9,49,3,82.08907390001696,,,,,,,,,82.07580740001868,82.08907390001696,82.57259930000873,82.57259930000873,82.87227540000458,83.17190350001329,83.17190350001329,83.67241640001885,right,1,0.49029059999156743,None,,,,,05,001,2025-11-15_01h35.53.183,cueing_task_exp,,2025.1.1,60.18215936681601,2025-11-15 01h36.00.906808 +0530,
←,-0.5,valid,left,50,0,5,left,1,0.28420910000568256,None,5,0,50,1,83.68870880000759,,,,,,,,,83.67497459999868,83.68870880000759,84.17185280000558,84.17185280000558,84.47198349999962,84.77199750000727,84.77199750000727,85.07252580000204,left,1,0.28420910000568256,None,,,,,05,001,2025-11-15_01h35.53.183,cueing_task_exp,,2025.1.1,60.18215936681601,2025-11-15 01h36.00.906808 +0530,
←,-0.5,valid,left,51,1,5,left,1,0.3036507999931928,None,5,1,51,6,85.08866249999846,,,,,,,,,85.07292390000657,85.08866249999846,85.5724801000033,85.5724801000033,85.872082100017,86.17195350001566,86.17195350001566,86.48934620001819,left,1,0.3036507999931928,None,,,,,05,001,2025-11-15_01h35.53.183,cueing_task_exp,,2025.1.1,60.18215936681601,2025-11-15 01h36.00.906808 +0530,
→,0.5,valid,right,52,2,5,right,1,0.22167999998782761,None,5,2,52,0,86.5054303999932,,,,,,,,,86.49309229999199,86.5054303999932,86.98877389999689,86.98877389999689,87.28879500000039,87.58883140000398,87.58883140000398,87.822994200018,right,1,0.22167999998782761,None,,,,,05,001,2025-11-15_01h35.53.183,cueing_task_exp,,2025.1.1,60.18215936681601,2025-11-15 01h36.00.906808 +0530,
←,0.5,invalid,right,53,3,5,right,1,0.8399205999739934,None,5,3,53,9,87.83882710000034,,,,,,,,,87.82555110001704,87.83882710000034,88.32255740000983,88.32255740000983,88.62251330001163,88.92203220000374,88.92203220000374,89.77270960001624,right,1,0.8399205999739934,None,,,,,05,001,2025-11-15_01h35.53.183,cueing_task_exp,,2025.1.1,60.18215936681601,2025-11-15 01h36.00.906808 +0530,
→,-0.5,invalid,left,54,4,5,left,1,0.9638877000252251,None,5,4,54,8,89.78897600001073,,,,,,,,,89.77518490000512,89.78897600001073,90.27218220001669,90.27218220001669,90.57219310000073,90.87227859999985,90.87227859999985,91.83940399999847,left,1,0.9638877000252251,None,,,,,05,001,2025-11-15_01h35.53.183,cueing_task_exp,,2025.1.1,60.18215936681601,2025-11-15 01h36.00.906808 +0530,
→,0.5,valid,right,55,5,5,right,1,0.3272753999917768,None,5,5,55,7,91.85541869999724,,,,,,,,,91.83984910001163,91.85541869999724,92.33886930000153,92.33886930000153,92.63887480000267,92.93899090000195,92.93899090000195,93.27270729999873,right,1,0.3272753999917768,None,,,,,05,001,2025-11-15_01h35.53.183,cueing_task_exp,,2025.1.1,60.18215936681601,2025-11-15 01h36.00.906808 +0530,
→,0.5,valid,right,56,6,5,right,1,0.25800219998927787,None,5,6,56,2,93.28878319999785,,,,,,,,,93.27318469999591,93.28878319999785,93.77229680001619,93.77229680001619,94.07225389999803,94.3722562000039,94.3722562000039,94.63918290002039,right,1,0.25800219998927787,None,,,,,05,001,2025-11-15_01h35.53.183,cueing_task_exp,,2025.1.1,60.18215936681601,2025-11-15 01h36.00.906808 +0530,
→,0.5,valid,right,57,7,5,right,1,0.2514608000055887,None,5,7,57,3,94.6554865000071,,,,,,,,,94.63967689999845,94.6554865000071,95.13890230000834,95.13890230000834,95.4388256999955,95.73889700000291,95.73889700000291,96.00615530001232,right,1,0.2514608000055887,None,,,,,05,001,2025-11-15_01h35.53.183,cueing_task_exp,,2025.1.1,60.18215936681601,2025-11-15 01h36.00.906808 +0530,
←,-0.5,valid,left,58,8,5,left,1,0.28666810001595877,None,5,8,58,4,96.02223600001889,,,,,,,,,96.00953969999682,96.02223600001889,96.50568360000034,96.50568360000034,96.80560640001204,97.10561920001055,97.10561920001055,97.40631740001845,left,1,0.28666810001595877,None,,,,,05,001,2025-11-15_01h35.53.183,cueing_task_exp,,2025.1.1,60.18215936681601,2025-11-15 01h36.00.906808 +0530,
←,-0.5,valid,left,59,9,5,left,1,0.25068179998197593,None,5,9,59,5,97.42240030001267,,,,,,,,,97.40680379999685,97.42240030001267,97.90576550000696,97.90576550000696,98.20557879999978,98.50569660001202,98.50569660001202,98.77274010001565,left,1,0.25068179998197593,None,,,,,05,001,2025-11-15_01h35.53.183,cueing_task_exp,,2025.1.1,60.18215936681601,2025-11-15 01h36.00.906808 +0530,
→,0.5,valid,right,60,0,6,right,1,0.6100034999835771,None,6,0,60,3,98.78880390000995,,,,,,,,,98.77523970001494,98.78880390000995,99.27230330000748,99.27230330000748,99.57254230001126,99.8723020000034,99.8723020000034,100.48974910000106,right,1,0.6100034999835771,None,,,,,05,001,2025-11-15_01h35.53.183,cueing_task_exp,,2025.1.1,60.18215936681601,2025-11-15 01h36.00.906808 +0530,
→,0.5,valid,right,61,1,6,right,1,0.5005715000152122,None,6,1,61,7,100.50585780001711,,,,,,,,,100.49022780000814,100.50585780001711,100.98905269999523,100.98905269999523,101.28891500001191,101.58909730002051,101.58909730002051,102.10628740000539,right,1,0.5005715000152122,None,,,,,05,001,2025-11-15_01h35.53.183,cueing_task_exp,,2025.1.1,60.18215936681601,2025-11-15 01h36.00.906808 +0530,
←,-0.5,valid,left,62,2,6,left,1,0.3358048999798484,None,6,2,62,6,102.12233430001652,,,,,,,,,102.10919800002011,102.12233430001652,102.60601210000459,102.60601210000459,102.9070813000144,103.20563290000428,103.20563290000428,103.55621730000712,left,1,0.3358048999798484,None,,,,,05,001,2025-11-15_01h35.53.183,cueing_task_exp,,2025.1.1,60.18215936681601,2025-11-15 01h36.00.906808 +0530,
→,-0.5,invalid,left,63,3,6,left,1,0.992316900024889,None,6,3,63,8,103.5723527999944,,,,,,,,,103.55862260001595,103.5723527999944,104.05576930000097,104.05576930000097,104.35570539999753,104.65564889999223,104.65564889999223,105.65624410001328,left,1,0.992316900024889,None,,,,,05,001,2025-11-15_01h35.53.183,cueing_task_exp,,2025.1.1,60.18215936681601,2025-11-15 01h36.00.906808 +0530,
→,0.5,valid,right,64,4,6,right,1,0.28160400001797825,None,6,4,64,0,105.67239210000844,,,,,,,,,105.65680510000675,105.67239210000844,106.155746000004,106.155746000004,106.4555886000162,106.755685000011,106.755685000011,107.03970739999204,right,1,0.28160400001797825,None,,,,,05,001,2025-11-15_01h35.53.183,cueing_task_exp,,2025.1.1,60.18215936681601,2025-11-15 01h36.00.906808 +0530,
←,-0.5,valid,left,65,5,6,left,1,0.2794665000110399,None,6,5,65,4,107.05568059999496,,,,,,,,,107.04202510000323,107.05568059999496,107.53919410001254,107.53919410001254,107.83922210001037,108.13918620001641,108.13918620001641,108.42313740000827,left,1,0.2794665000110399,None,,,,,05,001,2025-11-15_01h35.53.183,cueing_task_exp,,2025.1.1,60.18215936681601,2025-11-15 01h36.00.906808 +0530,
→,0.5,valid,right,66,6,6,right,1,0.20128060001297854,None,6,6,66,2,108.43918129999656,,,,,,,,,108.42595679999795,108.43918129999656,108.92247819999466,108.92247819999466,109.22249410001677,109.5225774999999,109.5225774999999,109.73964200000046,right,1,0.20128060001297854,None,,,,,05,001,2025-11-15_01h35.53.183,cueing_task_exp,,2025.1.1,60.18215936681601,2025-11-15 01h36.00.906808 +0530,
←,0.5,invalid,right,67,7,6,right,1,0.9835198999790009,None,6,7,67,9,109.75581520001288,,,,,,,,,109.74284859999898,109.75581520001288,110.2391762000043,110.2391762000043,110.5391528000182,110.83910979999928,110.83910979999928,111.83962509999401,right,1,0.9835198999790009,None,,,,,05,001,2025-11-15_01h35.53.183,cueing_task_exp,,2025.1.1,60.18215936681601,2025-11-15 01h36.00.906808 +0530,
←,-0.5,valid,left,68,8,6,left,1,0.31782209998345934,None,6,8,68,5,111.85586320000584,,,,,,,,,111.84004760000971,111.85586320000584,112.33900370000629,112.33900370000629,112.63896290000412,112.93909870000789,112.93909870000789,113.2730506999942,left,1,0.31782209998345934,None,,,,,05,001,2025-11-15_01h35.53.183,cueing_task_exp,,2025.1.1,60.18215936681601,2025-11-15 01h36.00.906808 +0530,
←,-0.5,valid,left,69,9,6,left,1,0.30900130001828074,None,6,9,69,1,113.28906529999222,,,,,,,,,113.27353629999561,113.28906529999222,113.77260890000616,113.77260890000616,114.07252340001287,114.37254690000555,114.37254690000555,114.69012060001842,left,1,0.30900130001828074,None,,,,,05,001,2025-11-15_01h35.53.183,cueing_task_exp,,2025.1.1,60.18215936681601,2025-11-15 01h36.00.906808 +0530,
→,0.5,valid,right,70,0,7,right,1,0.38089749999926426,None,7,0,70,2,114.70594479999272,,,,,,,,,114.69326359999832,114.70594479999272,115.20585389999906,115.20585389999906,115.48965900001349,115.78928210001322,115.78928210001322,116.1730791000009,right,1,0.38089749999926426,None,,,,,05,001,2025-11-15_01h35.53.183,cueing_task_exp,,2025.1.1,60.18215936681601,2025-11-15 01h36.00.906808 +0530,
→,0.5,valid,right,71,1,7,right,1,0.28811429999768734,None,7,1,71,0,116.18929619999835,,,,,,,,,116.17361500000698,116.18929619999835,116.67270100000314,116.67270100000314,116.9725851000112,117.27259010000853,117.27259010000853,117.57310470001539,right,1,0.28811429999768734,None,,,,,05,001,2025-11-15_01h35.53.183,cueing_task_exp,,2025.1.1,60.18215936681601,2025-11-15 01h36.00.906808 +0530,
→,0.5,valid,right,72,2,7,right,1,0.2773715000075754,None,7,2,72,3,117.5892923999927,,,,,,,,,117.57353920000605,117.5892923999927,118.07269729999825,118.07269729999825,118.37262840001495,118.67254010000033,118.67254010000033,118.95652780000819,right,1,0.2773715000075754,None,,,,,05,001,2025-11-15_01h35.53.183,cueing_task_exp,,2025.1.1,60.18215936681601,2025-11-15 01h36.00.906808 +0530,
←,0.5,invalid,right,73,3,7,right,1,0.8267128999868874,None,7,3,73,9,118.97269260001485,,,,,,,,,118.95874910001294,118.97269260001485,119.45605000000796,119.45605000000796,119.75598810001975,120.05597650000709,120.05597650000709,120.88992139999755,right,1,0.8267128999868874,None,,,,,05,001,2025-11-15_01h35.53.183,cueing_task_exp,,2025.1.1,60.18215936681601,2025-11-15 01h36.00.906808 +0530,
→,-0.5,invalid,left,74,4,7,left,1,0.806303499994101,None,7,4,74,8,120.90616030001547,,,,,,,,,120.892333900003,120.90616030001547,121.38954229999217,121.38954229999217,121.6895160000131,121.98940570000559,121.98940570000559,122.80643160000909,left,1,0.806303499994101,None,,,,,05,001,2025-11-15_01h35.53.183,cueing_task_exp,,2025.1.1,60.18215936681601,2025-11-15 01h36.00.906808 +0530,
←,-0.5,valid,left,75,5,7,left,1,0.5054432000033557,None,7,5,75,4,122.8226840000134,,,,,,,,,122.80907230000594,122.8226840000134,123.306018400006,123.306018400006,123.60605800000485,123.90597880000132,123.90597880000132,124.423302900017,left,1,0.5054432000033557,None,,,,,05,001,2025-11-15_01h35.53.183,cueing_task_exp,,2025.1.1,60.18215936681601,2025-11-15 01h36.00.906808 +0530,
←,-0.5,valid,left,76,6,7,left,1,0.3580307000083849,None,7,6,76,6,124.4394420000026,,,,,,,,,124.42377520000446,124.4394420000026,124.92262379999738,124.92262379999738,125.22279250001884,125.52274410001701,125.52274410001701,125.89008199999807,left,1,0.3580307000083849,None,,,,,05,001,2025-11-15_01h35.53.183,cueing_task_exp,,2025.1.1,60.18215936681601,2025-11-15 01h36.00.906808 +0530,
→,0.5,valid,right,77,7,7,right,1,0.2758255999942776,None,7,7,77,7,125.90598460001638,,,,,,,,,125.89305710000917,125.90598460001638,126.3894064000051,126.3894064000051,126.68945410000742,126.98938949999865,126.98938949999865,127.2734555999923,right,1,0.2758255999942776,None,,,,,05,001,2025-11-15_01h35.53.183,cueing_task_exp,,2025.1.1,60.18215936681601,2025-11-15 01h36.00.906808 +0530,
←,-0.5,valid,left,78,8,7,left,1,0.4425356000137981,None,7,8,78,5,127.28932139999233,,,,,,,,,127.27602499999921,127.28932139999233,127.77292930000112,127.77292930000112,128.0728097000101,128.37304030000814,128.37304030000814,128.8233743000019,left,1,0.4425356000137981,None,,,,,05,001,2025-11-15_01h35.53.183,cueing_task_exp,,2025.1.1,60.18215936681601,2025-11-15 01h36.00.906808 +0530,
←,-0.5,valid,left,79,9,7,left,1,0.3374110999866389,None,7,9,79,1,128.83943690001615,,,,,,,,,128.82386580001912,128.83943690001615,129.3229343999992,129.3229343999992,129.62287280001328,129.922885100008,129.922885100008,130.27353959999164,left,1,0.3374110999866389,None,,,,,05,001,2025-11-15_01h35.53.183,cueing_task_exp,,2025.1.1,60.18215936681601,2025-11-15 01h36.00.906808 +0530,
←,-0.5,valid,left,80,0,8,left,1,0.3988338000199292,None,8,0,80,6,130.2893452999997,,,,,,,,,130.27406419999897,130.2893452999997,130.77289799999562,130.77289799999562,131.07289209999726,131.3728774000192,131.3728774000192,131.773254300002,left,1,0.3988338000199292,None,,,,,05,001,2025-11-15_01h35.53.183,cueing_task_exp,,2025.1.1,60.18215936681601,2025-11-15 01h36.00.906808 +0530,
→,0.5,valid,right,81,1,8,right,1,0.2768205000029411,None,8,1,81,7,131.7899251000199,,,,,,,,,131.77570040000137,131.7899251000199,132.27296420000494,132.27296420000494,132.57280620001256,132.87278500001412,132.87278500001412,133.15688550000777,right,1,0.2768205000029411,None,,,,,05,001,2025-11-15_01h35.53.183,cueing_task_exp,,2025.1.1,60.18215936681601,2025-11-15 01h36.00.906808 +0530,
→,0.5,valid,right,82,2,8,right,1,0.26411299998289905,None,8,2,82,0,133.17283379999571,,,,,,,,,133.15728939999826,133.17283379999571,133.65622629999416,133.65622629999416,133.95643530000234,134.2562464000075,134.2562464000075,134.52334390001488,right,1,0.26411299998289905,None,,,,,05,001,2025-11-15_01h35.53.183,cueing_task_exp,,2025.1.1,60.18215936681601,2025-11-15 01h36.00.906808 +0530,
→,0.5,valid,right,83,3,8,right,1,0.3758023999980651,None,8,3,83,2,134.53959770000074,,,,,,,,,134.52373440001975,134.53959770000074,135.02274600000237,135.02274600000237,135.32305380000616,135.6228484000021,135.6228484000021,136.0068164000113,right,1,0.3758023999980651,None,,,,,05,001,2025-11-15_01h35.53.183,cueing_task_exp,,2025.1.1,60.18215936681601,2025-11-15 01h36.00.906808 +0530,
→,-0.5,invalid,left,84,4,8,left,1,0.4641927000193391,None,8,4,84,8,136.02281540000695,,,,,,,,,136.00735910001094,136.02281540000695,136.50638450001134,136.50638450001134,136.80636449999292,137.10644020000473,137.10644020000473,137.57391979999375,left,1,0.4641927000193391,None,,,,,05,001,2025-11-15_01h35.53.183,cueing_task_exp,,2025.1.1,60.18215936681601,2025-11-15 01h36.00.906808 +0530,
←,-0.5,valid,left,85,5,8,left,1,0.2936301000008825,None,8,5,85,4,137.58970989999943,,,,,,,,,137.57649959999253,137.58970989999943,138.0897884000151,138.0897884000151,138.38981039999635,138.68980220000958,138.68980220000958,138.99045149999438,left,1,0.2936301000008825,None,,,,,05,001,2025-11-15_01h35.53.183,cueing_task_exp,,2025.1.1,60.18215936681601,2025-11-15 01h36.00.906808 +0530,
→,0.5,valid,right,86,6,8,right,1,0.2645916999899782,None,8,6,86,3,139.006286799995,,,,,,,,,138.99329440001748,139.006286799995,139.48970259999624,139.48970259999624,139.78993990001618,140.08990550000453,140.08990550000453,140.35688110001502,right,1,0.2645916999899782,None,,,,,05,001,2025-11-15_01h35.53.183,cueing_task_exp,,2025.1.1,60.18215936681601,2025-11-15 01h36.00.906808 +0530,
←,0.5,invalid,right,87,7,8,right,1,0.6332632999983616,None,8,7,87,9,140.37304979999317,,,,,,,,,140.36004960001446,140.37304979999317,140.8562778000196,140.8562778000196,141.15642460001982,141.45640260001528,141.45640260001528,142.09039860000485,right,1,0.6332632999983616,None,,,,,05,001,2025-11-15_01h35.53.183,cueing_task_exp,,2025.1.1,60.18215936681601,2025-11-15 01h36.00.906808 +0530,
←,-0.5,valid,left,88,8,8,left,1,0.2703165000129957,None,8,8,88,5,142.10623930001748,,,,,,,,,142.0909229000099,142.10623930001748,142.58963170001516,142.58963170001516,142.88965850000386,143.18983780001872,143.18983780001872,143.47371869999915,left,1,0.2703165000129957,None,,,,,05,001,2025-11-15_01h35.53.183,cueing_task_exp,,2025.1.1,60.18215936681601,2025-11-15 01h36.00.906808 +0530,
←,-0.5,valid,left,89,9,8,left,1,0.36067880000337027,None,8,9,89,1,143.48970070001087,,,,,,,,,143.4741309999954,143.48970070001087,143.9732125000155,143.9732125000155,144.2732379999943,144.57329800000298,144.57329800000298,144.94025600000168,left,1,0.36067880000337027,None,,,,,05,001,2025-11-15_01h35.53.183,cueing_task_exp,,2025.1.1,60.18215936681601,2025-11-15 01h36.00.906808 +0530,
→,0.5,valid,right,90,0,9,right,1,0.4900361000036355,None,9,0,90,7,144.956471100013,,,,,,,,,144.94306940000388,144.956471100013,145.4397377000132,145.4397377000132,145.73961380001856,146.0397070000181,146.0397070000181,146.54017520000343,right,1,0.4900361000036355,None,,,,,05,001,2025-11-15_01h35.53.183,cueing_task_exp,,2025.1.1,60.18215936681601,2025-11-15 01h36.00.906808 +0530,
←,-0.5,valid,left,91,1,9,left,1,0.32360849998076446,None,9,1,91,6,146.5564807000046,,,,,,,,,146.54313599999296,146.5564807000046,147.03968740001437,147.03968740001437,147.34014939999906,147.64011070001288,147.64011070001288,147.97354300000006,left,1,0.32360849998076446,None,,,,,05,001,2025-11-15_01h35.53.183,cueing_task_exp,,2025.1.1,60.18215936681601,2025-11-15 01h36.00.906808 +0530,
→,0.5,valid,right,92,2,9,right,1,0.7306794000032824,None,9,2,92,2,147.99031660001492,,,,,,,,,147.97676390002016,147.99031660001492,148.4732296000002,148.4732296000002,148.7732607999933,149.07306980001158,149.07306980001158,149.80717300000833,right,1,0.7306794000032824,None,,,,,05,001,2025-11-15_01h35.53.183,cueing_task_exp,,2025.1.1,60.18215936681601,2025-11-15 01h36.00.906808 +0530,
→,0.5,valid,right,93,3,9,right,1,0.48767689999658614,None,9,3,93,3,149.8231955000083,,,,,,,,,149.80760349999764,149.8231955000083,150.30667429999448,150.30667429999448,150.60672519999207,150.9066611000162,150.9066611000162,151.40717449999647,right,1,0.48767689999658614,None,,,,,05,001,2025-11-15_01h35.53.183,cueing_task_exp,,2025.1.1,60.18215936681601,2025-11-15 01h36.00.906808 +0530,
←,-0.5,valid,left,94,4,9,left,1,0.4055132999783382,None,9,4,94,1,151.42318380001234,,,,,,,,,151.40997730000527,151.42318380001234,151.9069906999939,151.9069906999939,152.20653610001318,152.50685820000945,152.50685820000945,152.9241541000083,left,1,0.4055132999783382,None,,,,,05,001,2025-11-15_01h35.53.183,cueing_task_exp,,2025.1.1,60.18215936681601,2025-11-15 01h36.00.906808 +0530,
→,-0.5,invalid,left,95,5,9,left,1,0.8632240000006277,None,9,5,95,8,152.93995850000647,,,,,,,,,152.92614300001878,152.93995850000647,153.4230677000014,153.4230677000014,153.73980450001545,154.0236059000017,154.0236059000017,154.89043440000387,left,1,0.8632240000006277,None,,,,,05,001,2025-11-15_01h35.53.183,cueing_task_exp,,2025.1.1,60.18215936681601,2025-11-15 01h36.00.906808 +0530,
←,0.5,invalid,right,96,6,9,right,1,0.8183040000149049,None,9,6,96,9,154.90645480001695,,,,,,,,,154.89254160001292,154.90645480001695,155.38970329999574,155.38970329999574,155.69007539999438,155.9901647999941,155.9901647999941,156.82365900001605,right,1,0.8183040000149049,None,,,,,05,001,2025-11-15_01h35.53.183,cueing_task_exp,,2025.1.1,60.18215936681601,2025-11-15 01h36.00.906808 +0530,
←,-0.5,valid,left,97,7,9,left,1,0.4341508000215981,None,9,7,97,5,156.83987240001443,,,,,,,,,156.82398700001067,156.83987240001443,157.32327220001025,157.32327220001025,157.62328190001426,157.92327100000693,157.92327100000693,158.37379599999986,left,1,0.4341508000215981,None,,,,,05,001,2025-11-15_01h35.53.183,cueing_task_exp,,2025.1.1,60.18215936681601,2025-11-15 01h36.00.906808 +0530,
→,0.5,valid,right,98,8,9,right,1,0.25115399999776855,None,9,8,98,0,158.39001060000737,,,,,,,,,158.37601659999928,158.39001060000737,158.87327470001765,158.87327470001765,159.1736935999943,159.4732389000128,159.4732389000128,159.74046339999768,right,1,0.25115399999776855,None,,,,,05,001,2025-11-15_01h35.53.183,cueing_task_exp,,2025.1.1,60.18215936681601,2025-11-15 01h36.00.906808 +0530,
←,-0.5,valid,left,99,9,9,left,1,0.33777139999438077,None,9,9,99,4,159.75698090001242,,,,,,,,,159.74273120000726,159.75698090001242,160.23976650001714,160.23976650001714,160.53998890001094,160.83997890001046,160.83997890001046,161.19034760000068,left,1,0.33777139999438077,None,,,,,05,001,2025-11-15_01h35.53.183,cueing_task_exp,,2025.1.1,60.18215936681601,2025-11-15 01h36.00.906808 +0530,
←,-0.5,valid,left,100,0,10,left,1,0.24752110001281835,None,10,0,100,1,161.20661399999517,,,,,,,,,161.19074059999548,161.20661399999517,161.68986430001678,161.68986430001678,161.98993730000802,162.28983799999696,162.28983799999696,162.54037619999144,left,1,0.24752110001281835,None,,,,,05,001,2025-11-15_01h35.53.183,cueing_task_exp,,2025.1.1,60.18215936681601,2025-11-15 01h36.00.906808 +0530,
→,0.5,valid,right,101,1,10,right,1,0.2776501000043936,None,10,1,101,3,162.55667150000227,,,,,,,,,162.54328969999915,162.55667150000227,163.0398642999935,163.0398642999935,163.3398664999986,163.63993450000999,163.63993450000999,163.9239121999999,right,1,0.2776501000043936,None,,,,,05,001,2025-11-15_01h35.53.183,cueing_task_exp,,2025.1.1,60.18215936681601,2025-11-15 01h36.00.906808 +0530,
→,0.5,valid,right,102,2,10,right,1,0.2222096000041347,None,10,2,102,7,163.94036090001464,,,,,,,,,163.92435400001705,163.94036090001464,164.42346290001296,164.42346290001296,164.72318630001973,165.02335000000312,165.02335000000312,165.2573190999974,right,1,0.2222096000041347,None,,,,,05,001,2025-11-15_01h35.53.183,cueing_task_exp,,2025.1.1,60.18215936681601,2025-11-15 01h36.00.906808 +0530,
←,-0.5,valid,left,103,3,10,left,1,1.031576400011545,None,10,3,103,6,165.27335440000752,,,,,,,,,165.25963040001807,165.27335440000752,165.75684170000022,165.75684170000022,166.05682789999992,166.35686920001172,166.35686920001172,167.39061970001785,left,1,1.031576400011545,None,,,,,05,001,2025-11-15_01h35.53.183,cueing_task_exp,,2025.1.1,60.18215936681601,2025-11-15 01h36.00.906808 +0530,
←,-0.5,valid,left,104,4,10,left,1,0.45666049999999814,None,10,4,104,4,167.406747800007,,,,,,,,,167.3911730000109,167.406747800007,167.89000680000754,167.89000680000754,168.1900539000053,168.49008220000542,168.49008220000542,168.95739670001785,left,1,0.45666049999999814,None,,,,,05,001,2025-11-15_01h35.53.183,cueing_task_exp,,2025.1.1,60.18215936681601,2025-11-15 01h36.00.906808 +0530,
←,0.5,invalid,right,105,5,10,right,1,0.9319645000214223,None,10,5,105,9,168.97333350000554,,,,,,,,,168.95802300001378,168.97333350000554,169.4569415000151,169.4569415000151,169.7568600999948,170.05708530000993,170.05708530000993,170.99120620000758,right,1,0.9319645000214223,None,,,,,05,001,2025-11-15_01h35.53.183,cueing_task_exp,,2025.1.1,60.18215936681601,2025-11-15 01h36.00.906808 +0530,
→,0.5,valid,right,106,6,10,right,1,0.6389576999936253,None,10,6,106,0,171.00693420000607,,,,,,,,,170.99358470001607,171.00693420000607,171.49063260000548,171.49063260000548,171.792303299997,172.09091600001557,172.09091600001557,172.7411842000147,right,1,0.6389576999936253,None,,,,,05,001,2025-11-15_01h35.53.183,cueing_task_exp,,2025.1.1,60.18215936681601,2025-11-15 01h36.00.906808 +0530,
→,0.5,valid,right,107,7,10,right,1,0.2744757999898866,None,10,7,107,2,172.75738470000215,,,,,,,,,172.74189910001587,172.75738470000215,173.24036990001332,173.24036990001332,173.54226770001696,173.8409246999945,173.8409246999945,174.12467049999395,right,1,0.2744757999898866,None,,,,,05,001,2025-11-15_01h35.53.183,cueing_task_exp,,2025.1.1,60.18215936681601,2025-11-15 01h36.00.906808 +0530,
←,-0.5,valid,left,108,8,10,left,1,0.25622899999143556,None,10,8,108,5,174.14058949999162,,,,,,,,,174.12699439999415,174.14058949999162,174.62423430001945,174.62423430001945,174.92576370001188,175.22481879999395,175.22481879999395,175.49182160000782,left,1,0.25622899999143556,None,,,,,05,001,2025-11-15_01h35.53.183,cueing_task_exp,,2025.1.1,60.18215936681601,2025-11-15 01h36.00.906808 +0530,
→,-0.5,invalid,left,109,9,10,left,1,0.6911030000192113,None,10,9,109,8,175.50682559999404,,,,,,,,,175.49378610000713,175.50682559999404,175.99077649999526,175.99077649999526,176.29214320000028,176.59233440001844,176.59233440001844,177.2915006999974,left,1,0.6911030000192113,None,,,,,05,001,2025-11-15_01h35.53.183,cueing_task_exp,,2025.1.1,60.18215936681601,2025-11-15 01h36.00.906808 +0530,
←,-0.5,valid,left,110,0,11,left,1,0.548113500000909,None,11,0,110,1,177.30735849999473,,,,,,,,,177.29436220001662,177.30735849999473,177.79167649999727,177.79167649999727,178.0924416000198,178.39158270001644,178.39158270001644,178.9422875000164,left,1,0.548113500000909,None,,,,,05,001,2025-11-15_01h35.53.183,cueing_task_exp,,2025.1.1,60.18215936681601,2025-11-15 01h36.00.906808 +0530,
→,0.5,valid,right,111,1,11,right,1,0.40089250000892207,None,11,1,111,2,178.95784300001105,,,,,,,,,178.9448062000156,178.95784300001105,179.45755890000146,179.45755890000146,179.7574525999953,180.0573629999999,180.0573629999999,180.47422999999253,right,1,0.40089250000892207,None,,,,,05,001,2025-11-15_01h35.53.183,cueing_task_exp,,2025.1.1,60.18215936681601,2025-11-15 01h36.00.906808 +0530,
←,-0.5,valid,left,112,2,11,left,1,0.2439719999965746,None,11,2,112,4,180.49019979999866,,,,,,,,,180.47646720000193,180.49019979999866,180.97367910001776,180.97367910001776,181.27376159999403,181.57374180000625,181.57374180000625,181.8247326000128,left,1,0.2439719999965746,None,,,,,05,001,2025-11-15_01h35.53.183,cueing_task_exp,,2025.1.1,60.18215936681601,2025-11-15 01h36.00.906808 +0530,
→,0.5,valid,right,113,3,11,right,1,0.2663048999966122,None,11,3,113,7,181.8402660000138,,,,,,,,,181.82692200000747,181.8402660000138,182.34034920000704,182.34034920000704,182.6409652000002,182.92386060001445,182.92386060001445,183.20760270001483,right,1,0.2663048999966122,None,,,,,05,001,2025-11-15_01h35.53.183,cueing_task_exp,,2025.1.1,60.18215936681601,2025-11-15 01h36.00.906808 +0530,
→,0.5,valid,right,114,4,11,right,1,0.2861892000073567,None,11,4,114,3,183.22400950000156,,,,,,,,,183.20799650001572,183.22400950000156,183.70716819999507,183.70716819999507,184.00715590000618,184.3071436000173,184.3071436000173,184.60776610000175,right,1,0.2861892000073567,None,,,,,05,001,2025-11-15_01h35.53.183,cueing_task_exp,,2025.1.1,60.18215936681601,2025-11-15 01h36.00.906808 +0530,
→,-0.5,invalid,left,115,5,11,left,1,0.9310497999831568,None,11,5,115,8,184.6236357000016,,,,,,,,,184.6081261000072,184.6236357000016,185.10721519999788,185.10721519999788,185.4070372999995,185.7070359000063,185.7070359000063,186.64098610001383,left,1,0.9310497999831568,None,,,,,05,001,2025-11-15_01h35.53.183,cueing_task_exp,,2025.1.1,60.18215936681601,2025-11-15 01h36.00.906808 +0530,
→,0.5,valid,right,116,6,11,right,1,0.18903969999519177,None,11,6,116,0,186.65713400000823,,,,,,,,,186.6413615999918,186.65713400000823,187.14042410001275,187.14042410001275,187.44043300001067,187.7402119000035,187.7402119000035,187.94101460001548,right,1,0.18903969999519177,None,,,,,05,001,2025-11-15_01h35.53.183,cueing_task_exp,,2025.1.1,60.18215936681601,2025-11-15 01h36.00.906808 +0530,
←,-0.5,valid,left,117,7,11,left,1,0.45552560000214726,None,11,7,117,5,187.95700729999226,,,,,,,,,187.9430554000137,187.95700729999226,188.4404371000128,188.4404371000128,188.7405054999981,189.04066699999385,189.04066699999385,189.50757479999447,left,1,0.45552560000214726,None,,,,,05,001,2025-11-15_01h35.53.183,cueing_task_exp,,2025.1.1,60.18215936681601,2025-11-15 01h36.00.906808 +0530,
←,-0.5,valid,left,118,8,11,left,1,0.47337880000122823,None,11,8,118,6,189.52388449999853,,,,,,,,,189.50800520001212,189.52388449999853,190.00702610000735,190.00702610000735,190.30714140000055,190.60708730001352,190.60708730001352,191.09125160000985,left,1,0.47337880000122823,None,,,,,05,001,2025-11-15_01h35.53.183,cueing_task_exp,,2025.1.1,60.18215936681601,2025-11-15 01h36.00.906808 +0530,
←,0.5,invalid,right,119,9,11,right,1,1.2737757999857422,None,11,9,119,9,191.1070308999915,,,,,,,,,191.0918049000029,191.1070308999915,191.59053139999742,191.59053139999742,191.8905054999923,192.19048670001212,192.19048670001212,193.47433420000016,right,1,1.2737757999857422,None,,,,,05,001,2025-11-15_01h35.53.183,cueing_task_exp,,2025.1.1,60.18215936681601,2025-11-15 01h36.00.906808 +0530,
→,-0.5,invalid,left,120,0,12,left,1,1.0477008000016212,None,12,0,120,8,193.4904128999915,,,,,,,,,193.4762580000097,193.4904128999915,193.97387340001296,193.97387340001296,194.27390640001977,194.57398190000094,194.57398190000094,195.62454020002042,left,1,1.0477008000016212,None,,,,,05,001,2025-11-15_01h35.53.183,cueing_task_exp,,2025.1.1,60.18215936681601,2025-11-15 01h36.00.906808 +0530,
←,-0.5,valid,left,121,1,12,left,1,0.3037610999890603,None,12,1,121,1,195.64057129999856,,,,,,,,,195.62659460000577,195.64057129999856,196.12390340000275,196.12390340000275,196.42412890002015,196.72393420001026,196.72393420001026,197.0409947000153,left,1,0.3037610999890603,None,,,,,05,001,2025-11-15_01h35.53.183,cueing_task_exp,,2025.1.1,60.18215936681601,2025-11-15 01h36.00.906808 +0530,
←,0.5,invalid,right,122,2,12,right,1,0.4361143999849446,None,12,2,122,9,197.05718220002018,,,,,,,,,197.04142789999605,197.05718220002018,197.54055030000745,197.54055030000745,197.84061610000208,198.14068310000584,198.14068310000584,198.59121390001383,right,1,0.4361143999849446,None,,,,,05,001,2025-11-15_01h35.53.183,cueing_task_exp,,2025.1.1,60.18215936681601,2025-11-15 01h36.00.906808 +0530,
→,0.5,valid,right,123,3,12,right,1,0.43225129999336787,None,12,3,123,7,198.60747630000697,,,,,,,,,198.59403209999437,198.60747630000697,199.09059969999362,199.09059969999362,199.39107499999227,199.6905069000204,199.6905069000204,200.12472540000454,right,1,0.43225129999336787,None,,,,,05,001,2025-11-15_01h35.53.183,cueing_task_exp,,2025.1.1,60.18215936681601,2025-11-15 01h36.00.906808 +0530,
←,-0.5,valid,left,124,4,12,left,1,0.3380816999997478,None,12,4,124,5,200.14114720001817,,,,,,,,,200.12783270000364,200.14114720001817,200.6242264000175,200.6242264000175,200.92407740000635,201.22424969999702,201.22424969999702,201.57463380001718,left,1,0.3380816999997478,None,,,,,05,001,2025-11-15_01h35.53.183,cueing_task_exp,,2025.1.1,60.18215936681601,2025-11-15 01h36.00.906808 +0530,
→,0.5,valid,right,125,5,12,right,1,0.29792250000173226,None,12,5,125,3,201.59065620001638,,,,,,,,,201.57827460000408,201.59065620001638,202.07419149999623,202.07419149999623,202.3741505999933,202.67410689999815,202.67410689999815,202.97489310000674,right,1,0.29792250000173226,None,,,,,05,001,2025-11-15_01h35.53.183,cueing_task_exp,,2025.1.1,60.18215936681601,2025-11-15 01h36.00.906808 +0530,
←,-0.5,valid,left,126,6,12,left,1,0.09311560000060126,None,12,6,126,6,202.990741000016,,,,,,,,,202.97771189999185,202.990741000016,203.47377660000348,203.47377660000348,203.77414470000076,204.0744604000065,204.0744604000065,204.17500420002034,left,1,0.09311560000060126,None,,,,,05,001,2025-11-15_01h35.53.183,cueing_task_exp,,2025.1.1,60.18215936681601,2025-11-15 01h36.00.906808 +0530,
←,-0.5,valid,left,127,7,12,left,1,0.281067100004293,None,12,7,127,4,204.19092419999652,,,,,,,,,204.1755572000111,204.19092419999652,204.67417600000044,204.67417600000044,204.97949890000746,205.27414880000288,205.27414880000288,205.5583026999957,left,1,0.281067100004293,None,,,,,05,001,2025-11-15_01h35.53.183,cueing_task_exp,,2025.1.1,60.18215936681601,2025-11-15 01h36.00.906808 +0530,
→,0.5,valid,right,128,8,12,right,1,0.23138760001165792,None,12,8,128,0,205.5750420000113,,,,,,,,,205.56250550001278,205.5750420000113,206.05731989999185,206.05731989999185,206.3574673999974,206.65750850000768,206.65750850000768,206.89166399999522,right,1,0.23138760001165792,None,,,,,05,001,2025-11-15_01h35.53.183,cueing_task_exp,,2025.1.1,60.18215936681601,2025-11-15 01h36.00.906808 +0530,
→,0.5,valid,right,129,9,12,right,1,0.267201099981321,None,12,9,129,2,206.9076328999945,,,,,,,,,206.89223980001407,206.9076328999945,207.3907484000083,207.3907484000083,207.69107620001887,207.99105020001298,207.99105020001298,208.27458009999827,right,1,0.267201099981321,None,,,,,05,001,2025-11-15_01h35.53.183,cueing_task_exp,,2025.1.1,60.18215936681601,2025-11-15 01h36.00.906808 +0530,
←,-0.5,valid,left,130,0,13,left,1,0.293767499999376,None,13,0,130,1,208.29090520000318,,,,,,,,,208.27655090001645,208.29090520000318,208.7740979999944,208.7740979999944,209.07417290000012,209.37423099999432,209.37423099999432,209.67470150001463,left,1,0.293767499999376,None,,,,,05,001,2025-11-15_01h35.53.183,cueing_task_exp,,2025.1.1,60.18215936681601,2025-11-15 01h36.00.906808 +0530,
→,-0.5,invalid,left,131,1,13,right,0,0.25445680000120774,None,13,1,131,8,209.69087520000176,,,,,,,,,209.6773416000069,209.69087520000176,210.17434550001053,210.17434550001053,210.47429070001817,210.774207200011,210.774207200011,211.04137799999444,right,0,0.25445680000120774,None,,,,,05,001,2025-11-15_01h35.53.183,cueing_task_exp,,2025.1.1,60.18215936681601,2025-11-15 01h36.00.906808 +0530,
←,-0.5,valid,left,132,2,13,left,1,0.6118040000146721,None,13,2,132,5,211.05758580000838,,,,,,,,,211.04433360000257,211.05758580000838,211.54090009999345,211.54090009999345,211.84096080000745,212.1409382999991,212.1409382999991,212.75816190001206,left,1,0.6118040000146721,None,,,,,05,001,2025-11-15_01h35.53.183,cueing_task_exp,,2025.1.1,60.18215936681601,2025-11-15 01h36.00.906808 +0530,
→,0.5,valid,right,133,3,13,right,1,0.33524339998257346,None,13,3,133,3,212.77438770001754,,,,,,,,,212.7608520000067,212.77438770001754,213.2575610000058,213.2575610000058,213.5574357000005,213.85751410000375,213.85751410000375,214.20801240002038,right,1,0.33524339998257346,None,,,,,05,001,2025-11-15_01h35.53.183,cueing_task_exp,,2025.1.1,60.18215936681601,2025-11-15 01h36.00.906808 +0530,
→,0.5,valid,right,134,4,13,right,1,0.37289090000558645,None,13,4,134,2,214.22422790000564,,,,,,,,,214.2083704000106,214.22422790000564,214.70781970000826,214.70781970000826,215.00763330000336,215.30762800000957,215.30762800000957,215.69128470000578,right,1,0.37289090000558645,None,,,,,05,001,2025-11-15_01h35.53.183,cueing_task_exp,,2025.1.1,60.18215936681601,2025-11-15 01h36.00.906808 +0530,
←,-0.5,valid,left,135,5,13,left,1,0.2731555000063963,None,13,5,135,4,215.70749550001347,,,,,,,,,215.69319449999603,215.70749550001347,216.19122140001855,216.19122140001855,216.49084450001828,216.79106489999685,216.79106489999685,217.07552939999732,left,1,0.2731555000063963,None,,,,,05,001,2025-11-15_01h35.53.183,cueing_task_exp,,2025.1.1,60.18215936681601,2025-11-15 01h36.00.906808 +0530,
→,0.5,valid,right,136,6,13,right,1,0.5553598999977112,None,13,6,136,0,217.09137510001892,,,,,,,,,217.07875849999255,217.09137510001892,217.57522850000532,217.57522850000532,217.87449509999715,218.17652269999962,218.17652269999962,218.74389630000223,right,1,0.5553598999977112,None,,,,,05,001,2025-11-15_01h35.53.183,cueing_task_exp,,2025.1.1,60.18215936681601,2025-11-15 01h36.00.906808 +0530,
←,0.5,invalid,right,137,7,13,right,1,0.7020897000038531,None,13,7,137,9,218.75966820001486,,,,,,,,,218.74670829999377,218.75966820001486,219.25816560001113,219.25816560001113,219.54217230001814,219.85791900000186,219.85791900000186,220.5765231999976,right,1,0.7020897000038531,None,,,,,05,001,2025-11-15_01h35.53.183,cueing_task_exp,,2025.1.1,60.18215936681601,2025-11-15 01h36.00.906808 +0530,
←,-0.5,valid,left,138,8,13,left,1,0.4719372999970801,None,13,8,138,6,220.59292480000295,,,,,,,,,220.57715500000631,220.59292480000295,221.07616920000874,221.07616920000874,221.3924123000179,221.69202180000138,221.69202180000138,222.1763162999996,left,1,0.4719372999970801,None,,,,,05,001,2025-11-15_01h35.53.183,cueing_task_exp,,2025.1.1,60.18215936681601,2025-11-15 01h36.00.906808 +0530,
→,0.5,valid,right,139,9,13,right,1,0.3896515999804251,None,13,9,139,7,222.19139089999953,,,,,,,,,222.17856530001154,222.19139089999953,222.69148649999988,222.69148649999988,222.97609350000857,223.2754716000054,223.2754716000054,223.67717979999725,right,1,0.3896515999804251,None,,,,,05,001,2025-11-15_01h35.53.183,cueing_task_exp,,2025.1.1,60.18215936681601,2025-11-15 01h36.00.906808 +0530,
←,0.5,invalid,right,140,0,14,right,1,0.9794094999961089,None,14,0,140,9,223.69180430000415,,,,,,,,,223.6798425000161,223.69180430000415,224.17639150001924,224.17639150001924,224.49121530001867,224.79320830001961,224.79320830001961,225.7758284000156,right,1,0.9794094999961089,None,,,,,05,001,2025-11-15_01h35.53.183,cueing_task_exp,,2025.1.1,60.18215936681601,2025-11-15 01h36.00.906808 +0530,
→,-0.5,invalid,left,141,1,14,left,1,1.0056833999988157,None,14,1,141,8,225.7907475999964,,,,,,,,,225.78016970001045,225.7907475999964,226.27572760000476,226.27572760000476,226.57490860001417,226.87484410000616,226.87484410000616,227.89172889999463,left,1,1.0056833999988157,None,,,,,05,001,2025-11-15_01h35.53.183,cueing_task_exp,,2025.1.1,60.18215936681601,2025-11-15 01h36.00.906808 +0530,
→,0.5,valid,right,142,2,14,right,1,0.28641450000577606,None,14,2,142,2,227.90800110000418,,,,,,,,,227.8921794000198,227.90800110000418,228.39120330000878,228.39120330000878,228.69124079999165,228.9912667000026,228.9912667000026,229.29171479999786,right,1,0.28641450000577606,None,,,,,05,001,2025-11-15_01h35.53.183,cueing_task_exp,,2025.1.1,60.18215936681601,2025-11-15 01h36.00.906808 +0530,
←,-0.5,valid,left,143,3,14,left,1,0.2864246999961324,None,14,3,143,5,229.30772300000535,,,,,,,,,229.2938320999965,229.30772300000535,229.79141320000053,229.79141320000053,230.09144670001115,230.39118400000734,230.39118400000734,230.69170719999238,left,1,0.2864246999961324,None,,,,,05,001,2025-11-15_01h35.53.183,cueing_task_exp,,2025.1.1,60.18215936681601,2025-11-15 01h36.00.906808 +0530,
→,0.5,valid,right,144,4,14,right,1,0.38521240002592094,None,14,4,144,0,230.70776130000013,,,,,,,,,230.69405620000907,230.70776130000013,231.19147650001105,231.19147650001105,231.49133409999195,231.79139560001204,231.79139560001204,232.19177190001938,right,1,0.38521240002592094,None,,,,,05,001,2025-11-15_01h35.53.183,cueing_task_exp,,2025.1.1,60.18215936681601,2025-11-15 01h36.00.906808 +0530,
←,-0.5,valid,left,145,5,14,left,1,0.42684580001514405,None,14,5,145,6,232.20776910000131,,,,,,,,,232.19443649999448,232.20776910000131,232.6913398000179,232.6913398000179,232.99138270001276,233.29143539999495,233.29143539999495,233.72516450000694,left,1,0.42684580001514405,None,,,,,05,001,2025-11-15_01h35.53.183,cueing_task_exp,,2025.1.1,60.18215936681601,2025-11-15 01h36.00.906808 +0530,
←,-0.5,valid,left,146,6,14,left,1,0.397833900002297,None,14,6,146,1,233.74140319999424,,,,,,,,,233.72564899999998,233.74140319999424,234.22477669999353,234.22477669999353,234.52476930001285,234.82478090000222,234.82478090000222,235.22534989999258,left,1,0.397833900002297,None,,,,,05,001,2025-11-15_01h35.53.183,cueing_task_exp,,2025.1.1,60.18215936681601,2025-11-15 01h36.00.906808 +0530,
←,-0.5,valid,left,147,7,14,left,1,0.6613840000063647,None,14,7,147,4,235.24120390001917,,,,,,,,,235.2258279999951,235.24120390001917,235.72470290001365,235.72470290001365,236.02452989999438,236.32473429999663,236.32473429999663,236.9920090000087,left,1,0.6613840000063647,None,,,,,05,001,2025-11-15_01h35.53.183,cueing_task_exp,,2025.1.1,60.18215936681601,2025-11-15 01h36.00.906808 +0530,
→,0.5,valid,right,148,8,14,right,1,0.4872431000112556,None,14,8,148,7,237.00796119999723,,,,,,,,,236.9944873000204,237.00796119999723,237.4912270999921,237.4912270999921,237.79122640000423,238.09121740001137,238.09121740001137,238.59216309999465,right,1,0.4872431000112556,None,,,,,05,001,2025-11-15_01h35.53.183,cueing_task_exp,,2025.1.1,60.18215936681601,2025-11-15 01h36.00.906808 +0530,
→,0.5,valid,right,149,9,14,right,1,0.401097199996002,None,14,9,149,3,238.60810010001296,,,,,,,,,238.59287350001978,238.60810010001296,239.09175250001135,239.09175250001135,239.39181200001622,239.6913915000041,239.6913915000041,240.10872449999442,right,1,0.401097199996002,None,,,,,05,001,2025-11-15_01h35.53.183,cueing_task_exp,,2025.1.1,60.18215936681601,2025-11-15 01h36.00.906808 +0530,
→,0.5,valid,right,150,0,15,right,1,0.33273160000680946,None,15,0,150,7,240.12469930000952,,,,,,,,,240.1092009000131,240.12469930000952,240.60813219999545,240.60813219999545,240.9082194000075,241.2083760999958,241.2083760999958,241.54198490001727,right,1,0.33273160000680946,None,,,,,05,001,2025-11-15_01h35.53.183,cueing_task_exp,,2025.1.1,60.18215936681601,2025-11-15 01h36.00.906808 +0530,
←,-0.5,valid,left,151,1,15,left,1,0.3363750000135042,None,15,1,151,4,241.55823240001337,,,,,,,,,241.54428760000155,241.55823240001337,242.04147140000714,242.04147140000714,242.34149970000726,242.64143290001084,242.64143290001084,242.9919412000163,left,1,0.3363750000135042,None,,,,,05,001,2025-11-15_01h35.53.183,cueing_task_exp,,2025.1.1,60.18215936681601,2025-11-15 01h36.00.906808 +0530,
←,-0.5,valid,left,152,2,15,left,1,0.33623280000756495,None,15,2,152,1,243.0080847000063,,,,,,,,,242.99240580000333,243.0080847000063,243.4914175000158,243.4914175000158,243.79148139999597,244.0914085000113,244.0914085000113,244.44196220001322,left,1,0.33623280000756495,None,,,,,05,001,2025-11-15_01h35.53.183,cueing_task_exp,,2025.1.1,60.18215936681601,2025-11-15 01h36.00.906808 +0530,
←,-0.5,valid,left,153,3,15,left,1,0.44568360000266694,None,15,3,153,6,244.45823290001135,,,,,,,,,244.44242810001015,244.45823290001135,244.94144670001697,244.94144670001697,245.24152400001185,245.54151569999522,245.54151569999522,245.99199919999228,left,1,0.44568360000266694,None,,,,,05,001,2025-11-15_01h35.53.183,cueing_task_exp,,2025.1.1,60.18215936681601,2025-11-15 01h36.00.906808 +0530,
←,0.5,invalid,right,154,4,15,right,1,0.789757999998983,None,15,4,154,9,246.00806829999783,,,,,,,,,245.99237160000484,246.00806829999783,246.49164819999714,246.49164819999714,246.79166160000023,247.09151500000735,247.09151500000735,247.892136200011,right,1,0.789757999998983,None,,,,,05,001,2025-11-15_01h35.53.183,cueing_task_exp,,2025.1.1,60.18215936681601,2025-11-15 01h36.00.906808 +0530,
→,0.5,valid,right,155,5,15,right,1,0.329725799994776,None,15,5,155,3,247.9080385999987,,,,,,,,,247.89475460001267,247.9080385999987,248.39156740001636,248.39156740001636,248.69147059999523,248.9915358000144,248.9915358000144,249.32532110001193,right,1,0.329725799994776,None,,,,,05,001,2025-11-15_01h35.53.183,cueing_task_exp,,2025.1.1,60.18215936681601,2025-11-15 01h36.00.906808 +0530,
→,-0.5,invalid,left,156,6,15,left,1,0.8802871000079904,None,15,6,156,8,249.34160210000118,,,,,,,,,249.32567580000614,249.34160210000118,249.82488260001992,249.82488260001992,250.12495100000524,250.42490610000095,250.42490610000095,251.30876119999448,left,1,0.8802871000079904,None,,,,,05,001,2025-11-15_01h35.53.183,cueing_task_exp,,2025.1.1,60.18215936681601,2025-11-15 01h36.00.906808 +0530,
→,0.5,valid,right,157,7,15,right,1,0.3519932000199333,None,15,7,157,2,251.32497230000445,,,,,,,,,251.30916150001576,251.32497230000445,251.80819890002022,251.80819890002022,252.10829319999903,252.40822090001893,252.40822090001893,252.77554890001193,right,1,0.3519932000199333,None,,,,,05,001,2025-11-15_01h35.53.183,cueing_task_exp,,2025.1.1,60.18215936681601,2025-11-15 01h36.00.906808 +0530,
→,0.5,valid,right,158,8,15,right,1,0.32532559998799115,None,15,8,158,0,252.7915098000085,,,,,,,,,252.77599650001503,252.7915098000085,253.27489890001016,253.27489890001016,253.57496339999489,253.87506799999392,253.87506799999392,254.20872610001243,right,1,0.32532559998799115,None,,,,,05,001,2025-11-15_01h35.53.183,cueing_task_exp,,2025.1.1,60.18215936681601,2025-11-15 01h36.00.906808 +0530,
←,-0.5,valid,left,159,9,15,left,1,0.26698809998924844,None,15,9,159,5,254.22493090000353,,,,,,,,,254.21093279999332,254.22493090000353,254.70831929999986,254.70831929999986,255.0092372999934,255.3098672000051,255.3098672000051,255.59322720000637,left,1,0.26698809998924844,None,,,,,05,001,2025-11-15_01h35.53.183,cueing_task_exp,,2025.1.1,60.18215936681601,2025-11-15 01h36.00.906808 +0530,
→,-0.5,invalid,left,160,0,16,left,1,0.7638416000118013,None,16,0,160,8,255.610061400017,,,,,,,,,255.59498170000734,255.610061400017,256.09340370001155,256.09340370001155,256.3934325000155,256.70934000000125,256.70934000000125,257.47689380001975,left,1,0.7638416000118013,None,,,,,05,001,2025-11-15_01h35.53.183,cueing_task_exp,,2025.1.1,60.18215936681601,2025-11-15 01h36.00.906808 +0530,
←,0.5,invalid,right,161,1,16,right,1,1.2408116000005975,None,16,1,161,9,257.49163890001364,,,,,,,,,257.4807831000071,257.49163890001364,257.99309860001085,257.99309860001085,258.29361359999166,258.57723280001665,258.57723280001665,259.8269408000051,right,1,1.2408116000005975,None,,,,,05,001,2025-11-15_01h35.53.183,cueing_task_exp,,2025.1.1,60.18215936681601,2025-11-15 01h36.00.906808 +0530,
→,0.5,valid,right,162,2,16,right,1,0.32046489999629557,None,16,2,162,3,259.842175400001,,,,,,,,,259.82967229999485,259.842175400001,260.32571219999227,260.32571219999227,260.62556700001005,260.94283640000504,260.94283640000504,261.2763488999917,right,1,0.32046489999629557,None,,,,,05,001,2025-11-15_01h35.53.183,cueing_task_exp,,2025.1.1,60.18215936681601,2025-11-15 01h36.00.906808 +0530,
←,-0.5,valid,left,163,3,16,left,1,0.38387239997973666,None,16,3,163,1,261.29157669999404,,,,,,,,,261.2812213000143,261.29157669999404,261.77565670001786,261.77565670001786,262.07649410000886,262.3761834000179,262.3761834000179,262.77640570001677,left,1,0.38387239997973666,None,,,,,05,001,2025-11-15_01h35.53.183,cueing_task_exp,,2025.1.1,60.18215936681601,2025-11-15 01h36.00.906808 +0530,
→,0.5,valid,right,164,4,16,right,1,0.3950804999913089,None,16,4,164,2,262.7926679000084,,,,,,,,,262.77911999999196,262.7926679000084,263.27557679999154,263.27557679999154,263.57555130001856,263.87558610000997,263.87558610000997,264.2766174999997,right,1,0.3950804999913089,None,,,,,05,001,2025-11-15_01h35.53.183,cueing_task_exp,,2025.1.1,60.18215936681601,2025-11-15 01h36.00.906808 +0530,
←,-0.5,valid,left,165,5,16,left,1,0.31705630000215024,None,16,5,165,4,264.29207369999494,,,,,,,,,264.2800169000111,264.29207369999494,264.7921398000035,264.7921398000035,265.076879500004,265.3933360000083,265.3933360000083,265.7263610000082,left,1,0.31705630000215024,None,,,,,05,001,2025-11-15_01h35.53.183,cueing_task_exp,,2025.1.1,60.18215936681601,2025-11-15 01h36.00.906808 +0530,
←,-0.5,valid,left,166,6,16,left,1,0.42364210000960156,None,16,6,166,5,265.7427524999948,,,,,,,,,265.7268297999981,265.7427524999948,266.22674109999207,266.22674109999207,266.5260349000164,266.8259582000028,266.8259582000028,267.25966949999565,left,1,0.42364210000960156,None,,,,,05,001,2025-11-15_01h35.53.183,cueing_task_exp,,2025.1.1,60.18215936681601,2025-11-15 01h36.00.906808 +0530,
→,0.5,valid,right,167,7,16,right,1,0.3723464999930002,None,16,7,167,7,267.2768020000076,,,,,,,,,267.26312280001,267.2768020000076,267.7752165000129,267.7752165000129,268.0752305999922,268.37524150000536,268.37524150000536,268.7595907000068,right,1,0.3723464999930002,None,,,,,05,001,2025-11-15_01h35.53.183,cueing_task_exp,,2025.1.1,60.18215936681601,2025-11-15 01h36.00.906808 +0530,
→,0.5,valid,right,168,8,16,right,1,0.34464999998454005,None,16,8,168,0,268.7753722000052,,,,,,,,,268.7600674999994,268.7753722000052,269.27532630000496,269.27532630000496,269.57539119999274,269.87539060000563,269.87539060000563,270.2257205999922,right,1,0.34464999998454005,None,,,,,05,001,2025-11-15_01h35.53.183,cueing_task_exp,,2025.1.1,60.18215936681601,2025-11-15 01h36.00.906808 +0530,
←,-0.5,valid,left,169,9,16,left,1,0.5023392000002787,None,16,9,169,6,270.2420447000186,,,,,,,,,270.22845389999566,270.2420447000186,270.725299600017,270.725299600017,271.0253369999991,271.32525710001937,271.32525710001937,271.84240860000136,left,1,0.5023392000002787,None,,,,,05,001,2025-11-15_01h35.53.183,cueing_task_exp,,2025.1.1,60.18215936681601,2025-11-15 01h36.00.906808 +0530,
←,-0.5,valid,left,170,0,17,left,1,0.40830320000532083,None,17,0,170,6,271.8586192000075,,,,,,,,,271.8428488000063,271.8586192000075,272.3418711000122,272.3418711000122,272.6419905000075,272.942315399996,272.942315399996,273.35915619999287,left,1,0.40830320000532083,None,,,,,05,001,2025-11-15_01h35.53.183,cueing_task_exp,,2025.1.1,60.18215936681601,2025-11-15 01h36.00.906808 +0530,
←,-0.5,valid,left,171,1,17,left,1,0.3288720000127796,None,17,1,171,5,273.3754409000103,,,,,,,,,273.35961060001864,273.3754409000103,273.8587317999918,273.8587317999918,274.1587390000059,274.45879430000787,274.45879430000787,274.7924924000108,left,1,0.3288720000127796,None,,,,,05,001,2025-11-15_01h35.53.183,cueing_task_exp,,2025.1.1,60.18215936681601,2025-11-15 01h36.00.906808 +0530,
←,0.5,invalid,right,172,2,17,right,1,1.1231601999897975,None,17,2,172,9,274.8087421999953,,,,,,,,,274.7929723999987,274.8087421999953,275.29201259999536,275.29201259999536,275.5919664000103,275.8919784000027,275.8919784000027,277.0256683000189,right,1,1.1231601999897975,None,,,,,05,001,2025-11-15_01h35.53.183,cueing_task_exp,,2025.1.1,60.18215936681601,2025-11-15 01h36.00.906808 +0530,
→,-0.5,invalid,left,173,3,17,left,1,0.6232380000001285,None,17,3,173,8,277.0419089999923,,,,,,,,,277.0277463000093,277.0419089999923,277.52528699999675,277.52528699999675,277.825359200011,278.125640400016,278.125640400016,278.7590427999967,left,1,0.6232380000001285,None,,,,,05,001,2025-11-15_01h35.53.183,cueing_task_exp,,2025.1.1,60.18215936681601,2025-11-15 01h36.00.906808 +0530,
←,-0.5,valid,left,174,4,17,left,1,0.9780394000117667,None,17,4,174,4,278.775701400009,,,,,,,,,278.7615342999925,278.775701400009,279.2587191000057,279.2587191000057,279.55872380000073,279.85878340000636,279.85878340000636,280.842584900005,left,1,0.9780394000117667,None,,,,,05,001,2025-11-15_01h35.53.183,cueing_task_exp,,2025.1.1,60.18215936681601,2025-11-15 01h36.00.906808 +0530,
→,0.5,valid,right,175,5,17,right,1,0.44930769997881725,None,17,5,175,7,280.8586900999944,,,,,,,,,280.84526780000306,280.8586900999944,281.3423376000137,281.3423376000137,281.6421226999955,281.94216760000563,281.94216760000563,282.39260960000684,right,1,0.44930769997881725,None,,,,,05,001,2025-11-15_01h35.53.183,cueing_task_exp,,2025.1.1,60.18215936681601,2025-11-15 01h36.00.906808 +0530,
←,-0.5,valid,left,176,6,17,left,1,0.32637070000055246,None,17,6,176,1,282.4085832000128,,,,,,,,,282.39516760001425,282.4085832000128,282.89453580000554,282.89453580000554,283.19213650000165,283.49215140001616,283.49215140001616,283.82580099999905,left,1,0.32637070000055246,None,,,,,05,001,2025-11-15_01h35.53.183,cueing_task_exp,,2025.1.1,60.18215936681601,2025-11-15 01h36.00.906808 +0530,
→,0.5,valid,right,177,7,17,right,1,0.4048320000001695,None,17,7,177,3,283.84204720001435,,,,,,,,,283.8274968000187,283.84204720001435,284.3254932000127,284.3254932000127,284.62552220001817,284.9255347000144,284.9255347000144,285.3430211000086,right,1,0.4048320000001695,None,,,,,05,001,2025-11-15_01h35.53.183,cueing_task_exp,,2025.1.1,60.18215936681601,2025-11-15 01h36.00.906808 +0530,
→,0.5,valid,right,178,8,17,right,1,0.3144587999850046,None,17,8,178,2,285.3587903000007,,,,,,,,,285.34349860000657,285.3587903000007,285.84216339999693,285.84216339999693,286.1421929000062,286.4421721000108,286.4421721000108,286.7594578000135,right,1,0.3144587999850046,None,,,,,05,001,2025-11-15_01h35.53.183,cueing_task_exp,,2025.1.1,60.18215936681601,2025-11-15 01h36.00.906808 +0530,
→,0.5,valid,right,179,9,17,right,1,0.37576150000677444,None,17,9,179,0,286.7757161000045,,,,,,,,,286.7599646000017,286.7757161000045,287.2589450000087,287.2589450000087,287.5588312000036,287.86254220001865,287.86254220001865,288.2425722000189,right,1,0.37576150000677444,None,,,,,05,001,2025-11-15_01h35.53.183,cueing_task_exp,,2025.1.1,60.18215936681601,2025-11-15 01h36.00.906808 +0530,
←,-0.5,valid,left,180,0,18,left,1,0.3458458000095561,None,18,0,180,5,288.2588340000075,,,,,,,,,288.244832700002,288.2588340000075,288.7419476000068,288.7419476000068,289.04201289999764,289.342504500004,289.342504500004,289.6926266000082,left,1,0.3458458000095561,None,,,,,05,001,2025-11-15_01h35.53.183,cueing_task_exp,,2025.1.1,60.18215936681601,2025-11-15 01h36.00.906808 +0530,
←,-0.5,valid,left,181,1,18,left,1,0.5115950999897905,None,18,1,181,6,289.70882620001794,,,,,,,,,289.69301720001386,289.70882620001794,290.1921107000089,290.1921107000089,290.49223760000314,290.7922188999946,290.7922188999946,291.30952370000887,left,1,0.5115950999897905,None,,,,,05,001,2025-11-15_01h35.53.183,cueing_task_exp,,2025.1.1,60.18215936681601,2025-11-15 01h36.00.906808 +0530,
←,-0.5,valid,left,182,2,18,left,1,0.36092639999696985,None,18,2,182,1,291.3254805000033,,,,,,,,,291.3099979000108,291.3254805000033,291.80907509999815,291.80907509999815,292.10910319999675,292.40889230000903,292.40889230000903,292.7761226000148,left,1,0.36092639999696985,None,,,,,05,001,2025-11-15_01h35.53.183,cueing_task_exp,,2025.1.1,60.18215936681601,2025-11-15 01h36.00.906808 +0530,
→,0.5,valid,right,183,3,18,right,1,0.2775827999867033,None,18,3,183,7,292.7922490000201,,,,,,,,,292.7782514000137,292.7922490000201,293.2756097000092,293.2756097000092,293.5755078000075,293.87552329999744,293.87552329999744,294.1594403999916,right,1,0.2775827999867033,None,,,,,05,001,2025-11-15_01h35.53.183,cueing_task_exp,,2025.1.1,60.18215936681601,2025-11-15 01h36.00.906808 +0530,
→,0.5,valid,right,184,4,18,right,1,0.28105849999701604,None,18,4,184,0,294.17540649999864,,,,,,,,,294.1599162000057,294.17540649999864,294.6589987000043,294.6589987000043,294.9590024999925,295.2590213000076,295.2590213000076,295.5428660000034,right,1,0.28105849999701604,None,,,,,05,001,2025-11-15_01h35.53.183,cueing_task_exp,,2025.1.1,60.18215936681601,2025-11-15 01h36.00.906808 +0530,
→,0.5,valid,right,185,5,18,right,1,0.311473699985072,None,18,5,185,2,295.55901610001456,,,,,,,,,295.54324650001945,295.55901610001456,296.0426304000139,296.0426304000139,296.34235300001455,296.6423719000013,296.6423719000013,296.95940859999973,right,1,0.311473699985072,None,,,,,05,001,2025-11-15_01h35.53.183,cueing_task_exp,,2025.1.1,60.18215936681601,2025-11-15 01h36.00.906808 +0530,
←,0.5,invalid,right,186,6,18,right,1,1.3166751000098884,None,18,6,186,9,296.97567179999896,,,,,,,,,296.9614586000098,296.97567179999896,297.4590962000075,297.4590962000075,297.7591010000033,298.0590901999967,298.0590901999967,299.39313840001705,right,1,1.3166751000098884,None,,,,,05,001,2025-11-15_01h35.53.183,cueing_task_exp,,2025.1.1,60.18215936681601,2025-11-15 01h36.00.906808 +0530,
→,0.5,valid,right,187,7,18,right,1,0.372129399998812,None,18,7,187,3,299.4090579000185,,,,,,,,,299.39624279999407,299.4090579000185,299.89272910001455,299.89272910001455,300.19290620001266,300.4926201000053,300.4926201000053,300.8764197000128,right,1,0.372129399998812,None,,,,,05,001,2025-11-15_01h35.53.183,cueing_task_exp,,2025.1.1,60.18215936681601,2025-11-15 01h36.00.906808 +0530,
←,-0.5,valid,left,188,8,18,left,1,0.4471645000157878,None,18,8,188,4,300.8925170000002,,,,,,,,,300.8793357000104,300.8925170000002,301.3765198000183,301.3765198000183,301.67633499999647,301.9758504999918,301.9758504999918,302.4264994999976,left,1,0.4471645000157878,None,,,,,05,001,2025-11-15_01h35.53.183,cueing_task_exp,,2025.1.1,60.18215936681601,2025-11-15 01h36.00.906808 +0530,
→,-0.5,invalid,left,189,9,18,left,1,1.316959699994186,None,18,9,189,8,302.4426056999946,,,,,,,,,302.42992049999884,302.4426056999946,302.92591069999617,302.92591069999617,303.22591760000796,303.5259487000003,303.5259487000003,304.8597732000053,left,1,1.316959699994186,None,,,,,05,001,2025-11-15_01h35.53.183,cueing_task_exp,,2025.1.1,60.18215936681601,2025-11-15 01h36.00.906808 +0530,
←,-0.5,valid,left,190,0,19,left,1,0.4465220999845769,None,19,0,190,1,304.8759726000135,,,,,,,,,304.8625472999993,304.8759726000135,305.3591897000151,305.3591897000151,305.6592310999986,305.95923700000276,305.95923700000276,306.4097496000177,left,1,0.4465220999845769,None,,,,,05,001,2025-11-15_01h35.53.183,cueing_task_exp,,2025.1.1,60.18215936681601,2025-11-15 01h36.00.906808 +0530,
←,0.5,invalid,right,191,1,19,right,1,0.8327473999815993,None,19,1,191,9,306.42585460000555,,,,,,,,,306.4101625000185,306.42585460000555,306.9092109000194,306.9092109000194,307.20917849999387,307.50927810001303,307.50927810001303,308.34300220001023,right,1,0.8327473999815993,None,,,,,05,001,2025-11-15_01h35.53.183,cueing_task_exp,,2025.1.1,60.18215936681601,2025-11-15 01h36.00.906808 +0530,
→,0.5,valid,right,192,2,19,right,1,0.5512044999923091,None,19,2,192,3,308.3593292000005,,,,,,,,,308.3454305000196,308.3593292000005,308.8425949999946,308.8425949999946,309.1425637000066,309.4425555000198,309.4425555000198,310.0101719000086,right,1,0.5512044999923091,None,,,,,05,001,2025-11-15_01h35.53.183,cueing_task_exp,,2025.1.1,60.18215936681601,2025-11-15 01h36.00.906808 +0530,
←,-0.5,valid,left,193,3,19,left,1,0.49921709997579455,None,19,3,193,5,310.02581740001915,,,,,,,,,310.01256100001046,310.02581740001915,310.50962220001384,310.50962220001384,310.8092925999954,311.12584739999147,311.12584739999147,311.62621069999295,left,1,0.49921709997579455,None,,,,,05,001,2025-11-15_01h35.53.183,cueing_task_exp,,2025.1.1,60.18215936681601,2025-11-15 01h36.00.906808 +0530,
←,-0.5,valid,left,194,4,19,left,1,0.38965440000174567,None,19,4,194,4,311.642568100011,,,,,,,,,311.62667409999995,311.642568100011,312.1262007000041,312.1262007000041,312.42633560000104,312.72590109999874,312.72590109999874,313.12640350000584,left,1,0.38965440000174567,None,,,,,05,001,2025-11-15_01h35.53.183,cueing_task_exp,,2025.1.1,60.18215936681601,2025-11-15 01h36.00.906808 +0530,
→,0.5,valid,right,195,5,19,right,1,0.24482419999549165,None,19,5,195,2,313.1426433000015,,,,,,,,,313.1292645999929,313.1426433000015,313.62637499999255,313.62637499999255,313.92595989999245,314.2265040000202,314.2265040000202,314.4765102000092,right,1,0.24482419999549165,None,,,,,05,001,2025-11-15_01h35.53.183,cueing_task_exp,,2025.1.1,60.18215936681601,2025-11-15 01h36.00.906808 +0530,
→,-0.5,invalid,left,196,6,19,left,1,1.4101397000194993,None,19,6,196,8,314.49277519999305,,,,,,,,,314.47685340000317,314.49277519999305,314.9759866000095,314.9759866000095,315.2760985000059,315.576000400004,315.576000400004,316.99423340000794,left,1,1.4101397000194993,None,,,,,05,001,2025-11-15_01h35.53.183,cueing_task_exp,,2025.1.1,60.18215936681601,2025-11-15 01h36.00.906808 +0530,
→,0.5,valid,right,197,7,19,right,1,0.25391729999682866,None,19,7,197,7,317.0098147999961,,,,,,,,,316.99486110001453,317.0098147999961,317.4944946000178,317.4944946000178,317.7940571999934,318.11058490001597,318.11058490001597,318.37733020001906,right,1,0.25391729999682866,None,,,,,05,001,2025-11-15_01h35.53.183,cueing_task_exp,,2025.1.1,60.18215936681601,2025-11-15 01h36.00.906808 +0530,
←,-0.5,valid,left,198,8,19,left,1,0.306037300004391,None,19,8,198,6,318.3947948999994,,,,,,,,,318.37950559999445,318.3947948999994,318.8764512000198,318.8764512000198,319.19420870000613,319.47829460000503,319.47829460000503,319.79445760001545,left,1,0.306037300004391,None,,,,,05,001,2025-11-15_01h35.53.183,cueing_task_exp,,2025.1.1,60.18215936681601,2025-11-15 01h36.00.906808 +0530,
→,0.5,valid,right,199,9,19,right,1,0.3272149999975227,None,19,9,199,0,319.8104374000104,,,,,,,,,319.7977024000138,319.8104374000104,320.30968360000406,320.30968360000406,320.61002809999627,320.9104845999973,320.9104845999973,321.24402169999667,right,1,0.3272149999975227,None,,,,,05,001,2025-11-15_01h35.53.183,cueing_task_exp,,2025.1.1,60.18215936681601,2025-11-15 01h36.00.906808 +0530,
→,0.5,valid,right,200,0,20,right,1,0.35491100000217557,None,20,0,200,2,321.25993160001235,,,,,,,,,321.24476770000183,321.25993160001235,321.74319050001213,321.74319050001213,322.04449490000843,322.3444987999974,322.3444987999974,322.7109282000165,right,1,0.35491100000217557,None,,,,,05,001,2025-11-15_01h35.53.183,cueing_task_exp,,2025.1.1,60.18215936681601,2025-11-15 01h36.00.906808 +0530,
→,-0.5,invalid,left,201,1,20,left,1,0.6727937999821734,None,20,1,201,8,322.72716110001784,,,,,,,,,322.71155830001226,322.72716110001784,323.2118901000067,323.2118901000067,323.50969740000437,323.81139590000384,323.81139590000384,324.4947794000036,left,1,0.6727937999821734,None,,,,,05,001,2025-11-15_01h35.53.183,cueing_task_exp,,2025.1.1,60.18215936681601,2025-11-15 01h36.00.906808 +0530,
←,-0.5,valid,left,202,2,20,left,1,0.4364272999810055,None,20,2,202,4,324.5103333000152,,,,,,,,,324.49787490000017,324.5103333000152,324.9945178999915,324.9945178999915,325.3101324000163,325.6096788000141,325.6096788000141,326.06082070001867,left,1,0.4364272999810055,None,,,,,05,001,2025-11-15_01h35.53.183,cueing_task_exp,,2025.1.1,60.18215936681601,2025-11-15 01h36.00.906808 +0530,
←,-0.5,valid,left,203,3,20,left,1,0.3707932000106666,None,20,3,203,5,326.0765805999981,,,,,,,,,326.06138220001594,326.0765805999981,326.5761105999991,326.5761105999991,326.8761879999947,327.17615519999526,327.17615519999526,327.55997629999183,left,1,0.3707932000106666,None,,,,,05,001,2025-11-15_01h35.53.183,cueing_task_exp,,2025.1.1,60.18215936681601,2025-11-15 01h36.00.906808 +0530,
→,0.5,valid,right,204,4,20,right,1,0.3566149999969639,None,20,4,204,7,327.57622170000104,,,,,,,,,327.56193220001296,327.57622170000104,328.05963659999543,328.05963659999543,328.3596981000155,328.6596116000146,328.6596116000146,329.02683700001216,right,1,0.3566149999969639,None,,,,,05,001,2025-11-15_01h35.53.183,cueing_task_exp,,2025.1.1,60.18215936681601,2025-11-15 01h36.00.906808 +0530,
→,0.5,valid,right,205,5,20,right,1,0.32639170001493767,None,20,5,205,3,329.0433614999929,,,,,,,,,329.0272995000123,329.0433614999929,329.52637160001905,329.52637160001905,329.82626050000545,330.12624330000835,330.12624330000835,330.4602753999934,right,1,0.32639170001493767,None,,,,,05,001,2025-11-15_01h35.53.183,cueing_task_exp,,2025.1.1,60.18215936681601,2025-11-15 01h36.00.906808 +0530,
←,-0.5,valid,left,206,6,20,left,1,0.29330710001522675,None,20,6,206,1,330.4761393000081,,,,,,,,,330.4623707999999,330.4761393000081,330.95979510000325,330.95979510000325,331.25980610001716,331.55983860002016,331.55983860002016,331.8602322000079,left,1,0.29330710001522675,None,,,,,05,001,2025-11-15_01h35.53.183,cueing_task_exp,,2025.1.1,60.18215936681601,2025-11-15 01h36.00.906808 +0530,
←,0.5,invalid,right,207,7,20,right,1,0.422438699984923,None,20,7,207,9,331.8762968000083,,,,,,,,,331.860654899996,331.8762968000083,332.3596904000151,332.3596904000151,332.6596658999915,332.95955910001067,332.95955910001067,333.3937819999992,right,1,0.422438699984923,None,,,,,05,001,2025-11-15_01h35.53.183,cueing_task_exp,,2025.1.1,60.18215936681601,2025-11-15 01h36.00.906808 +0530,
→,0.5,valid,right,208,8,20,right,1,0.27553089999128133,None,20,8,208,0,333.40983940000297,,,,,,,,,333.39699649999966,333.40983940000297,333.8930118000135,333.8930118000135,334.20971700001974,334.4929207999958,334.4929207999958,334.7768616999965,right,1,0.27553089999128133,None,,,,,05,001,2025-11-15_01h35.53.183,cueing_task_exp,,2025.1.1,60.18215936681601,2025-11-15 01h36.00.906808 +0530,
←,-0.5,valid,left,209,9,20,left,1,0.2217084000003524,None,20,9,209,6,334.79299220000394,,,,,,,,,334.7789465000096,334.79299220000394,335.27627900001244,335.27627900001244,335.5763581999927,335.8764263000048,335.8764263000048,336.110059300001,left,1,0.2217084000003524,None,,,,,05,001,2025-11-15_01h35.53.183,cueing_task_exp,,2025.1.1,60.18215936681601,2025-11-15 01h36.00.906808 +0530,
→,0.5,valid,right,210,0,21,right,1,0.26801860000705346,None,21,0,210,3,336.12634859999525,,,,,,,,,336.1120688999945,336.12634859999525,336.6095701000013,336.6095701000013,336.9095312000136,337.20959430001676,337.20959430001676,337.49359070000355,right,1,0.26801860000705346,None,,,,,05,001,2025-11-15_01h35.53.183,cueing_task_exp,,2025.1.1,60.18215936681601,2025-11-15 01h36.00.906808 +0530,
←,-0.5,valid,left,211,1,21,left,1,0.23909980000462383,None,21,1,211,1,337.50970570000936,,,,,,,,,337.4956039999961,337.50970570000936,337.9931132000056,337.9931132000056,338.2931426000141,338.5930270999961,338.5930270999961,338.84354240001994,left,1,0.23909980000462383,None,,,,,05,001,2025-11-15_01h35.53.183,cueing_task_exp,,2025.1.1,60.18215936681601,2025-11-15 01h36.00.906808 +0530,
→,0.5,valid,right,212,2,21,right,1,0.27362980000907555,None,21,2,212,2,338.8596257000172,,,,,,,,,338.8461835999915,338.8596257000172,339.3431029000203,339.3431029000203,339.6431436999992,339.9429952999926,339.9429952999926,340.22688860000926,right,1,0.27362980000907555,None,,,,,05,001,2025-11-15_01h35.53.183,cueing_task_exp,,2025.1.1,60.18215936681601,2025-11-15 01h36.00.906808 +0530,
←,-0.5,valid,left,213,3,21,left,1,0.32026560002123006,None,21,3,213,6,340.24298270000145,,,,,,,,,340.22874710001634,340.24298270000145,340.726484600018,340.726484600018,341.0265564000001,341.32652150001377,341.32652150001377,341.66021410000394,left,1,0.32026560002123006,None,,,,,05,001,2025-11-15_01h35.53.183,cueing_task_exp,,2025.1.1,60.18215936681601,2025-11-15 01h36.00.906808 +0530,
←,-0.5,valid,left,214,4,21,left,1,0.6153570000024047,None,21,4,214,4,341.6765013000113,,,,,,,,,341.66062880001846,341.6765013000113,342.15982940001413,342.15982940001413,342.4597339000029,342.75986769999145,342.75986769999145,343.37716279999586,left,1,0.6153570000024047,None,,,,,05,001,2025-11-15_01h35.53.183,cueing_task_exp,,2025.1.1,60.18215936681601,2025-11-15 01h36.00.906808 +0530,
→,-0.5,invalid,left,215,5,21,left,1,0.7188207999861334,None,21,5,215,8,343.393106500007,,,,,,,,,343.38011650001863,343.393106500007,343.87655610000365,343.87655610000365,344.1763917999924,344.4765102000092,344.4765102000092,345.21031130000483,left,1,0.7188207999861334,None,,,,,05,001,2025-11-15_01h35.53.183,cueing_task_exp,,2025.1.1,60.18215936681601,2025-11-15 01h36.00.906808 +0530,
→,0.5,valid,right,216,6,21,right,1,0.2564328000007663,None,21,6,216,7,345.2265786000062,,,,,,,,,345.21075160001055,345.2265786000062,345.7098185000068,345.7098185000068,346.00992569999653,346.30989840000984,346.30989840000984,346.57686329999706,right,1,0.2564328000007663,None,,,,,05,001,2025-11-15_01h35.53.183,cueing_task_exp,,2025.1.1,60.18215936681601,2025-11-15 01h36.00.906808 +0530,
→,0.5,valid,right,217,7,21,right,1,0.26614240001072176,None,21,7,217,0,346.5932395000127,,,,,,,,,346.5772591000132,346.5932395000127,347.0764140000101,347.0764140000101,347.37653490001685,347.676412300003,347.676412300003,347.9437648000021,right,1,0.26614240001072176,None,,,,,05,001,2025-11-15_01h35.53.183,cueing_task_exp,,2025.1.1,60.18215936681601,2025-11-15 01h36.00.906808 +0530,
←,0.5,invalid,right,218,8,21,right,1,0.7061049999902025,None,21,8,218,9,347.96007580001606,,,,,,,,,347.94656380001106,347.96007580001606,348.4431864999933,348.4431864999933,348.7431991000194,349.04324339999584,349.04324339999584,349.76036079999176,right,1,0.7061049999902025,None,,,,,05,001,2025-11-15_01h35.53.183,cueing_task_exp,,2025.1.1,60.18215936681601,2025-11-15 01h36.00.906808 +0530,
←,-0.5,valid,left,219,9,21,left,1,0.45583049999549985,None,21,9,219,5,349.7765376000025,,,,,,,,,349.7607250000001,349.7765376000025,350.25997040001675,350.25997040001675,350.55997880001087,350.86037480001687,350.86037480001687,351.3271330000134,left,1,0.45583049999549985,None,,,,,05,001,2025-11-15_01h35.53.183,cueing_task_exp,,2025.1.1,60.18215936681601,2025-11-15 01h36.00.906808 +0530,
←,-0.5,valid,left,220,0,22,left,1,0.29188520001480356,None,22,0,220,1,351.34345960000064,,,,,,,,,351.327649999992,351.34345960000064,351.8266300999967,351.8266300999967,352.1264512000198,352.4265016000136,352.4265016000136,352.72701980001875,left,1,0.29188520001480356,None,,,,,05,001,2025-11-15_01h35.53.183,cueing_task_exp,,2025.1.1,60.18215936681601,2025-11-15 01h36.00.906808 +0530,
→,0.5,valid,right,221,1,22,right,1,0.29236419999506325,None,22,1,221,3,352.74378920000163,,,,,,,,,352.72937060002005,352.74378920000163,353.22705760001554,353.22705760001554,353.5266604000062,353.8271599000145,353.8271599000145,354.12805780000053,right,1,0.29236419999506325,None,,,,,05,001,2025-11-15_01h35.53.183,cueing_task_exp,,2025.1.1,60.18215936681601,2025-11-15 01h36.00.906808 +0530,
→,-0.5,invalid,left,222,2,22,left,1,0.9211005000106525,None,22,2,222,8,354.1435602999991,,,,,,,,,354.12843680000515,354.1435602999991,354.6434447999927,354.6434447999927,354.9436279000074,355.2434746999934,355.2434746999934,356.1772087000136,left,1,0.9211005000106525,None,,,,,05,001,2025-11-15_01h35.53.183,cueing_task_exp,,2025.1.1,60.18215936681601,2025-11-15 01h36.00.906808 +0530,
→,0.5,valid,right,223,3,22,right,1,0.41826820001006126,None,22,3,223,7,356.19352460000664,,,,,,,,,356.1775311999954,356.19352460000664,356.6766340000031,356.6766340000031,356.97692300000926,357.2768841999932,357.2768841999932,357.7106483000098,right,1,0.41826820001006126,None,,,,,05,001,2025-11-15_01h35.53.183,cueing_task_exp,,2025.1.1,60.18215936681601,2025-11-15 01h36.00.906808 +0530,
←,0.5,invalid,right,224,4,22,right,1,1.1409745000128169,None,22,4,224,9,357.72676990000764,,,,,,,,,357.7128633999964,357.72676990000764,358.2101106000191,358.2101106000191,358.51128679999965,358.8105759000173,358.8105759000173,359.9612543999974,right,1,1.1409745000128169,None,,,,,05,001,2025-11-15_01h35.53.183,cueing_task_exp,,2025.1.1,60.18215936681601,2025-11-15 01h36.00.906808 +0530,
→,0.5,valid,right,225,5,22,right,1,0.47697029999108054,None,22,5,225,0,359.9770308000152,,,,,,,,,359.96287760001724,359.9770308000152,360.47680890001357,360.47680890001357,360.7770110999991,361.0769987000094,361.0769987000094,361.5609356999921,right,1,0.47697029999108054,None,,,,,05,001,2025-11-15_01h35.53.183,cueing_task_exp,,2025.1.1,60.18215936681601,2025-11-15 01h36.00.906808 +0530,
←,-0.5,valid,left,226,6,22,left,1,0.34718630000134,None,22,6,226,5,361.57717100001173,,,,,,,,,361.562822900014,361.57717100001173,362.06041920001735,362.06041920001735,362.36038960001315,362.6602641000063,362.6602641000063,363.0109302000201,left,1,0.34718630000134,None,,,,,05,001,2025-11-15_01h35.53.183,cueing_task_exp,,2025.1.1,60.18215936681601,2025-11-15 01h36.00.906808 +0530,
←,-0.5,valid,left,227,7,22,left,1,0.3340887000085786,None,22,7,227,4,363.02714799999376,,,,,,,,,363.0114659999963,363.02714799999376,363.5102898000041,363.5102898000041,363.81130560001475,364.1105154000106,364.1105154000106,364.4612076000194,left,1,0.3340887000085786,None,,,,,05,001,2025-11-15_01h35.53.183,cueing_task_exp,,2025.1.1,60.18215936681601,2025-11-15 01h36.00.906808 +0530,
→,0.5,valid,right,228,8,22,right,1,0.34685129998251796,None,22,8,228,2,364.47733779999544,,,,,,,,,364.4631799000199,364.47733779999544,364.97687080001924,364.97687080001924,365.2605289000203,365.5606789000158,365.5606789000158,365.9127048999944,right,1,0.34685129998251796,None,,,,,05,001,2025-11-15_01h35.53.183,cueing_task_exp,,2025.1.1,60.18215936681601,2025-11-15 01h36.00.906808 +0530,
←,-0.5,valid,left,229,9,22,left,1,0.41236750001553446,None,22,9,229,6,365.9268798000121,,,,,,,,,365.9143499000056,365.9268798000121,366.4270722999936,366.4270722999936,366.7270089999947,367.0270930000115,367.0270930000115,367.44407850000425,left,1,0.41236750001553446,None,,,,,05,001,2025-11-15_01h35.53.183,cueing_task_exp,,2025.1.1,60.18215936681601,2025-11-15 01h36.00.906808 +0530,
→,-0.5,invalid,left,230,0,23,left,1,0.6164083999756258,None,23,0,230,8,367.4604912000068,,,,,,,,,367.4458009999944,367.4604912000068,367.9439179000037,367.9439179000037,368.243719399994,368.54379029999836,368.54379029999836,369.1612049000105,left,1,0.6164083999756258,None,,,,,05,001,2025-11-15_01h35.53.183,cueing_task_exp,,2025.1.1,60.18215936681601,2025-11-15 01h36.00.906808 +0530,
←,-0.5,valid,left,231,1,23,left,1,0.7293707000208087,None,23,1,231,5,369.1772554999916,,,,,,,,,369.16293380002026,369.1772554999916,369.6606921000057,369.6606921000057,369.9606114999915,370.26059520000126,370.26059520000126,370.9942510999972,left,1,0.7293707000208087,None,,,,,05,001,2025-11-15_01h35.53.183,cueing_task_exp,,2025.1.1,60.18215936681601,2025-11-15 01h36.00.906808 +0530,
←,-0.5,valid,left,232,2,23,left,1,0.5015505999908783,None,23,2,232,4,371.010803400015,,,,,,,,,370.99464550000266,371.010803400015,371.49418579999474,371.49418579999474,371.7939009999973,372.09408520002034,372.09408520002034,372.61102989999927,left,1,0.5015505999908783,None,,,,,05,001,2025-11-15_01h35.53.183,cueing_task_exp,,2025.1.1,60.18215936681601,2025-11-15 01h36.00.906808 +0530,
→,0.5,valid,right,233,3,23,right,1,0.34196479999809526,None,23,3,233,2,372.62811469999724,,,,,,,,,372.61285659999703,372.62811469999724,373.1109875999973,373.1109875999973,373.41024900000775,373.7105365000025,373.7105365000025,374.0611251000082,right,1,0.34196479999809526,None,,,,,05,001,2025-11-15_01h35.53.183,cueing_task_exp,,2025.1.1,60.18215936681601,2025-11-15 01h36.00.906808 +0530,
→,0.5,valid,right,234,4,23,right,1,0.2806394000072032,None,23,4,234,7,374.07693500001915,,,,,,,,,374.0614784999925,374.07693500001915,374.5611018000054,374.5611018000054,374.8604502000089,375.1605448000191,375.1605448000191,375.44386070000473,right,1,0.2806394000072032,None,,,,,05,001,2025-11-15_01h35.53.183,cueing_task_exp,,2025.1.1,60.18215936681601,2025-11-15 01h36.00.906808 +0530,
←,0.5,invalid,right,235,5,23,right,1,1.6735596999933477,None,23,5,235,9,375.4602989999985,,,,,,,,,375.44575640000403,375.4602989999985,375.9435677000147,375.9435677000147,376.2436534000153,376.5435151999991,376.5435151999991,378.22746819999884,right,1,1.6735596999933477,None,,,,,05,001,2025-11-15_01h35.53.183,cueing_task_exp,,2025.1.1,60.18215936681601,2025-11-15 01h36.00.906808 +0530,
→,0.5,valid,right,236,6,23,right,1,0.6827879000047687,None,23,6,236,0,378.24394280000706,,,,,,,,,378.2289562000078,378.24394280000706,378.7270095999993,378.7270095999993,379.0270809000067,379.32686590001686,379.32686590001686,380.01080690001254,right,1,0.6827879000047687,None,,,,,05,001,2025-11-15_01h35.53.183,cueing_task_exp,,2025.1.1,60.18215936681601,2025-11-15 01h36.00.906808 +0530,
←,-0.5,valid,left,237,7,23,left,1,0.3783798999793362,None,23,7,237,6,380.0267734999943,,,,,,,,,380.01241920000757,380.0267734999943,380.5103092000063,380.5103092000063,380.8103783999977,381.1104319000151,381.1104319000151,381.4945424000034,left,1,0.3783798999793362,None,,,,,05,001,2025-11-15_01h35.53.183,cueing_task_exp,,2025.1.1,60.18215936681601,2025-11-15 01h36.00.906808 +0530,
←,-0.5,valid,left,238,8,23,left,1,0.3250164000201039,None,23,8,238,1,381.51089020000654,,,,,,,,,381.4950280000048,381.51089020000654,381.9937159999972,381.9937159999972,382.31039440000313,382.5939771000121,382.5939771000121,382.92729829999735,left,1,0.3250164000201039,None,,,,,05,001,2025-11-15_01h35.53.183,cueing_task_exp,,2025.1.1,60.18215936681601,2025-11-15 01h36.00.906808 +0530,
→,0.5,valid,right,239,9,23,right,1,0.3623848000133876,None,23,9,239,3,382.94410069999867,,,,,,,,,382.9289146999945,382.94410069999867,383.42700389999663,383.42700389999663,383.72706820000894,384.02689629999804,384.02689629999804,384.394128200016,right,1,0.3623848000133876,None,,,,,05,001,2025-11-15_01h35.53.183,cueing_task_exp,,2025.1.1,60.18215936681601,2025-11-15 01h36.00.906808 +0530,
→,0.5,valid,right,240,0,24,right,1,0.3662389000237454,None,24,0,240,2,384.4106293999939,,,,,,,,,384.39446199999657,384.4106293999939,384.8947230000049,384.8947230000049,385.19379700001446,385.49372009999934,385.49372009999934,385.8609848000051,right,1,0.3662389000237454,None,,,,,05,001,2025-11-15_01h35.53.183,cueing_task_exp,,2025.1.1,60.18215936681601,2025-11-15 01h36.00.906808 +0530,
←,-0.5,valid,left,241,1,24,left,1,0.4198554000176955,None,24,1,241,1,385.87697189999744,,,,,,,,,385.8630978000001,385.87697189999744,386.36032800000976,386.36032800000976,386.6607440999942,386.9602431000094,386.9602431000094,387.39450779999606,left,1,0.4198554000176955,None,,,,,05,001,2025-11-15_01h35.53.183,cueing_task_exp,,2025.1.1,60.18215936681601,2025-11-15 01h36.00.906808 +0530,
→,0.5,valid,right,242,2,24,right,1,0.4677296000008937,None,24,2,242,7,387.4107209999929,,,,,,,,,387.3961118000152,387.4107209999929,387.8936875000072,387.8936875000072,388.1937019000179,388.49413020000793,388.49413020000793,388.9775606000039,right,1,0.4677296000008937,None,,,,,05,001,2025-11-15_01h35.53.183,cueing_task_exp,,2025.1.1,60.18215936681601,2025-11-15 01h36.00.906808 +0530,
←,-0.5,valid,left,243,3,24,left,1,0.5747715000179596,None,24,3,243,4,388.9940322000184,,,,,,,,,388.9791616000002,388.9940322000184,389.47710390001885,389.47710390001885,389.7774856000033,390.0776884999941,390.0776884999941,390.66114680000464,left,1,0.5747715000179596,None,,,,,05,001,2025-11-15_01h35.53.183,cueing_task_exp,,2025.1.1,60.18215936681601,2025-11-15 01h36.00.906808 +0530,
←,-0.5,valid,left,244,4,24,left,1,0.6506045999994967,None,24,4,244,5,390.6775051000004,,,,,,,,,390.66146610002033,390.6775051000004,391.160498000012,391.160498000012,391.46050710001145,391.76045790000353,391.76045790000353,392.42781779999495,left,1,0.6506045999994967,None,,,,,05,001,2025-11-15_01h35.53.183,cueing_task_exp,,2025.1.1,60.18215936681601,2025-11-15 01h36.00.906808 +0530,
→,0.5,valid,right,245,5,24,right,1,0.4804978000174742,None,24,5,245,0,392.4439548999944,,,,,,,,,392.4294427999994,392.4439548999944,392.9274184000096,392.9274184000096,393.2272917999944,393.5274356000009,393.5274356000009,394.0112072000047,right,1,0.4804978000174742,None,,,,,05,001,2025-11-15_01h35.53.183,cueing_task_exp,,2025.1.1,60.18215936681601,2025-11-15 01h36.00.906808 +0530,
→,-0.5,invalid,left,246,6,24,left,1,1.1382544999942183,None,24,6,246,8,394.0273608000134,,,,,,,,,394.01174839999294,394.0273608000134,394.51066220001667,394.51066220001667,394.81068260001484,395.1105416000064,395.1105416000064,396.26108160000877,left,1,1.1382544999942183,None,,,,,05,001,2025-11-15_01h35.53.183,cueing_task_exp,,2025.1.1,60.18215936681601,2025-11-15 01h36.00.906808 +0530,
←,0.5,invalid,right,247,7,24,right,1,1.1282930999877863,None,24,7,247,9,396.27709630000754,,,,,,,,,396.26272890000837,396.27709630000754,396.7614581999951,396.7614581999951,397.06057110000984,397.3610391000111,397.3610391000111,398.4946053000167,right,1,1.1282930999877863,None,,,,,05,001,2025-11-15_01h35.53.183,cueing_task_exp,,2025.1.1,60.18215936681601,2025-11-15 01h36.00.906808 +0530,
←,-0.5,valid,left,248,8,24,left,1,0.4561286000243854,None,24,8,248,6,398.5104652000009,,,,,,,,,398.49502970001777,398.5104652000009,398.9940454000025,398.9940454000025,399.29441719999886,399.59431129999575,399.59431129999575,400.0612286000105,left,1,0.4561286000243854,None,,,,,05,001,2025-11-15_01h35.53.183,cueing_task_exp,,2025.1.1,60.18215936681601,2025-11-15 01h36.00.906808 +0530,
→,0.5,valid,right,249,9,24,right,1,0.5670551999937743,None,24,9,249,3,400.0775352999917,,,,,,,,,400.0633375000034,400.0775352999917,400.56133480000426,400.56133480000426,400.86084340000525,401.1607128000178,401.1607128000178,401.74540929999785,right,1,0.5670551999937743,None,,,,,05,001,2025-11-15_01h35.53.183,cueing_task_exp,,2025.1.1,60.18215936681601,2025-11-15 01h36.00.906808 +0530,
→,0.5,valid,right,250,0,25,right,1,0.44454600001336075,None,25,0,250,3,401.7609850000008,,,,,,,,,401.7458825999929,401.7609850000008,402.24443960000644,402.24443960000644,402.5446318000031,402.8442012000014,402.8442012000014,403.29530210001394,right,1,0.44454600001336075,None,,,,,05,001,2025-11-15_01h35.53.183,cueing_task_exp,,2025.1.1,60.18215936681601,2025-11-15 01h36.00.906808 +0530,
→,0.5,valid,right,251,1,25,right,1,0.48453760001575574,None,25,1,251,7,403.3107955000014,,,,,,,,,403.29585260001477,403.3107955000014,403.7944397999963,403.7944397999963,404.0943099000142,404.41113180000684,404.41113180000684,404.91234989999793,right,1,0.48453760001575574,None,,,,,05,001,2025-11-15_01h35.53.183,cueing_task_exp,,2025.1.1,60.18215936681601,2025-11-15 01h36.00.906808 +0530,
←,-0.5,valid,left,252,2,25,left,1,0.4230401999957394,None,25,2,252,6,404.92786700002034,,,,,,,,,404.91445490001934,404.92786700002034,405.4278292999952,405.4278292999952,405.7277917000174,406.0284107000043,406.0284107000043,406.461684000009,left,1,0.4230401999957394,None,,,,,05,001,2025-11-15_01h35.53.183,cueing_task_exp,,2025.1.1,60.18215936681601,2025-11-15 01h36.00.906808 +0530,
→,0.5,valid,right,253,3,25,right,1,0.28807909999159165,None,25,3,253,0,406.47831959999166,,,,,,,,,406.46358260000125,406.47831959999166,406.9612456000177,406.9612456000177,407.2615508000017,407.5612964000029,407.5612964000029,407.8615861000144,right,1,0.28807909999159165,None,,,,,05,001,2025-11-15_01h35.53.183,cueing_task_exp,,2025.1.1,60.18215936681601,2025-11-15 01h36.00.906808 +0530,
→,0.5,valid,right,254,4,25,right,1,0.48743959999410436,None,25,4,254,2,407.87778529999196,,,,,,,,,407.8620125000016,407.87778529999196,408.3614421999955,408.3614421999955,408.66130130001693,408.9613201000029,408.9613201000029,409.46159399999306,right,1,0.48743959999410436,None,,,,,05,001,2025-11-15_01h35.53.183,cueing_task_exp,,2025.1.1,60.18215936681601,2025-11-15 01h36.00.906808 +0530,
←,0.5,invalid,right,255,5,25,right,1,0.7093326000031084,None,25,5,255,9,409.47813160001533,,,,,,,,,409.46365010002046,409.47813160001533,409.9609829999972,409.9609829999972,410.2610421999998,410.56115839999984,410.56115839999984,411.2785322999989,right,1,0.7093326000031084,None,,,,,05,001,2025-11-15_01h35.53.183,cueing_task_exp,,2025.1.1,60.18215936681601,2025-11-15 01h36.00.906808 +0530,
←,-0.5,valid,left,256,6,25,left,1,0.3669793999870308,None,25,6,256,1,411.29459520001546,,,,,,,,,411.2789722000016,411.29459520001546,411.7778307000117,411.7778307000117,412.0838963999995,412.3785884999961,412.3785884999961,412.7616496999981,left,1,0.3669793999870308,None,,,,,05,001,2025-11-15_01h35.53.183,cueing_task_exp,,2025.1.1,60.18215936681601,2025-11-15 01h36.00.906808 +0530,
←,-0.5,valid,left,257,7,25,left,1,0.6309501000214368,None,25,7,257,4,412.7777943999972,,,,,,,,,412.76207379999687,412.7777943999972,413.261783199996,413.261783199996,413.56119179999223,413.861401800008,413.861401800008,414.4949300000153,left,1,0.6309501000214368,None,,,,,05,001,2025-11-15_01h35.53.183,cueing_task_exp,,2025.1.1,60.18215936681601,2025-11-15 01h36.00.906808 +0530,
→,-0.5,invalid,left,258,8,25,left,1,1.4122847999969963,None,25,8,258,8,414.5113055999973,,,,,,,,,414.49731350000366,414.5113055999973,414.99503670001286,414.99503670001286,415.29458929999964,415.5950407999917,415.5950407999917,417.0118013000174,left,1,1.4122847999969963,None,,,,,05,001,2025-11-15_01h35.53.183,cueing_task_exp,,2025.1.1,60.18215936681601,2025-11-15 01h36.00.906808 +0530,
←,-0.5,valid,left,259,9,25,left,1,0.46918419998837635,None,25,9,259,5,417.0280702000018,,,,,,,,,417.01360160001786,417.0280702000018,417.51137680001557,417.51137680001557,417.8114229000057,418.11136030001217,418.11136030001217,418.5952118000132,left,1,0.46918419998837635,None,,,,,05,001,2025-11-15_01h35.53.183,cueing_task_exp,,2025.1.1,60.18215936681601,2025-11-15 01h36.00.906808 +0530,
→,0.5,valid,right,260,0,26,right,1,0.47564399999100715,None,26,0,260,0,418.6111444999988,,,,,,,,,418.5969483999943,418.6111444999988,419.0948612999928,419.0948612999928,419.39509309999994,419.6948087000055,419.6948087000055,420.1786224000098,right,1,0.47564399999100715,None,,,,,05,001,2025-11-15_01h35.53.183,cueing_task_exp,,2025.1.1,60.18215936681601,2025-11-15 01h36.00.906808 +0530,
←,0.5,invalid,right,261,1,26,right,1,1.0773417000018526,None,26,1,261,9,420.194788599998,,,,,,,,,420.18033760000253,420.194788599998,420.6779116000107,420.6779116000107,420.97788600000786,421.2779411000083,421.2779411000083,422.3616583000112,right,1,1.0773417000018526,None,,,,,05,001,2025-11-15_01h35.53.183,cueing_task_exp,,2025.1.1,60.18215936681601,2025-11-15 01h36.00.906808 +0530,
→,0.5,valid,right,262,2,26,right,1,0.46365349998814054,None,26,2,262,2,422.3783662999922,,,,,,,,,422.3635553000204,422.3783662999922,422.8616458000033,422.8616458000033,423.1612898000167,423.46147840001504,423.46147840001504,423.92850579999504,right,1,0.46365349998814054,None,,,,,05,001,2025-11-15_01h35.53.183,cueing_task_exp,,2025.1.1,60.18215936681601,2025-11-15 01h36.00.906808 +0530,
←,-0.5,valid,left,263,3,26,left,1,0.3561729000066407,None,26,3,263,5,423.94490329999826,,,,,,,,,423.9305408000073,423.94490329999826,424.4283068999939,424.4283068999939,424.7282591999974,425.028187399992,425.028187399992,425.39554460000363,left,1,0.3561729000066407,None,,,,,05,001,2025-11-15_01h35.53.183,cueing_task_exp,,2025.1.1,60.18215936681601,2025-11-15 01h36.00.906808 +0530,
←,-0.5,valid,left,264,4,26,left,1,0.4056311000022106,None,26,4,264,4,425.4118916000007,,,,,,,,,425.3958844000008,425.4118916000007,425.89482270000735,425.89482270000735,426.19500910001807,426.49524990000646,426.49524990000646,426.91209580001305,left,1,0.4056311000022106,None,,,,,05,001,2025-11-15_01h35.53.183,cueing_task_exp,,2025.1.1,60.18215936681601,2025-11-15 01h36.00.906808 +0530,
→,0.5,valid,right,265,5,26,right,1,0.28435410000383854,None,26,5,265,7,426.92839710001135,,,,,,,,,426.9139742999978,426.92839710001135,427.41198629999417,427.41198629999417,427.7113854000054,428.01145580000593,428.01145580000593,428.3126576000068,right,1,0.28435410000383854,None,,,,,05,001,2025-11-15_01h35.53.183,cueing_task_exp,,2025.1.1,60.18215936681601,2025-11-15 01h36.00.906808 +0530,
→,-0.5,invalid,left,266,6,26,left,1,0.7551206999924034,None,26,6,266,8,428.3285911999992,,,,,,,,,428.31316640001023,428.3285911999992,428.82837170001585,428.82837170001585,429.1125200999959,429.4284842000052,429.4284842000052,430.1952545999957,left,1,0.7551206999924034,None,,,,,05,001,2025-11-15_01h35.53.183,cueing_task_exp,,2025.1.1,60.18215936681601,2025-11-15 01h36.00.906808 +0530,
→,0.5,valid,right,267,7,26,right,1,0.298435700009577,None,26,7,267,3,430.2115870999987,,,,,,,,,430.1956763000053,430.2115870999987,430.69472140001017,430.69472140001017,430.9952514000179,431.2952845999971,431.2952845999971,431.59511470000143,right,1,0.298435700009577,None,,,,,05,001,2025-11-15_01h35.53.183,cueing_task_exp,,2025.1.1,60.18215936681601,2025-11-15 01h36.00.906808 +0530,
←,-0.5,valid,left,268,8,26,left,1,0.2901926999911666,None,26,8,268,6,431.61164129999815,,,,,,,,,431.59701729999506,431.61164129999815,432.0950970000122,432.0950970000122,432.3949657000194,432.69532500000787,432.69532500000787,432.9959760000056,left,1,0.2901926999911666,None,,,,,05,001,2025-11-15_01h35.53.183,cueing_task_exp,,2025.1.1,60.18215936681601,2025-11-15 01h36.00.906808 +0530,
←,-0.5,valid,left,269,9,26,left,1,0.331200800021179,None,26,9,269,1,433.011588399997,,,,,,,,,432.9964304000023,433.011588399997,433.4949403000064,433.4949403000064,433.7949445999984,434.0947969999979,434.0947969999979,434.429075299995,left,1,0.331200800021179,None,,,,,05,001,2025-11-15_01h35.53.183,cueing_task_exp,,2025.1.1,60.18215936681601,2025-11-15 01h36.00.906808 +0530,
←,-0.5,valid,left,270,0,27,left,1,0.2754009999916889,None,27,0,270,4,434.4456482999958,,,,,,,,,434.42948950000573,434.4456482999958,434.92854920000536,434.92854920000536,435.22864929999923,435.5286402000056,435.5286402000056,435.8126861000201,left,1,0.2754009999916889,None,,,,,05,001,2025-11-15_01h35.53.183,cueing_task_exp,,2025.1.1,60.18215936681601,2025-11-15 01h36.00.906808 +0530,
→,0.5,valid,right,271,1,27,right,1,0.33722190000116825,None,27,1,271,2,435.82836760001373,,,,,,,,,435.81472600001143,435.82836760001373,436.3115745999967,436.3115745999967,436.6119258000108,436.91189370001666,436.91189370001666,437.26243840000825,right,1,0.33722190000116825,None,,,,,05,001,2025-11-15_01h35.53.183,cueing_task_exp,,2025.1.1,60.18215936681601,2025-11-15 01h36.00.906808 +0530,
←,-0.5,valid,left,272,2,27,left,1,0.28839240001980215,None,27,2,272,6,437.27857080000103,,,,,,,,,437.2642626000161,437.27857080000103,437.76167959999293,437.76167959999293,438.06185930001084,438.3618696000194,438.3618696000194,438.66208470001584,left,1,0.28839240001980215,None,,,,,05,001,2025-11-15_01h35.53.183,cueing_task_exp,,2025.1.1,60.18215936681601,2025-11-15 01h36.00.906808 +0530,
→,-0.5,invalid,left,273,3,27,left,1,0.8010720000020228,None,27,3,273,8,438.6788860000088,,,,,,,,,438.6642798999965,438.6788860000088,439.1619934000191,439.1619934000191,439.4621460000053,439.7615380999923,439.7615380999923,440.57889020000584,left,1,0.8010720000020228,None,,,,,05,001,2025-11-15_01h35.53.183,cueing_task_exp,,2025.1.1,60.18215936681601,2025-11-15 01h36.00.906808 +0530,
→,0.5,valid,right,274,4,27,right,1,0.2589134000008926,None,27,4,274,0,440.59497229999397,,,,,,,,,440.57930490002036,440.59497229999397,441.0786202000163,441.0786202000163,441.37845780001953,441.67852340001264,441.67852340001264,441.94587900000624,right,1,0.2589134000008926,None,,,,,05,001,2025-11-15_01h35.53.183,cueing_task_exp,,2025.1.1,60.18215936681601,2025-11-15 01h36.00.906808 +0530,
←,-0.5,valid,left,275,5,27,left,1,0.2833853999909479,None,27,5,275,1,441.9671709999966,,,,,,,,,441.947913800017,441.9671709999966,442.445189399994,442.445189399994,442.74511509999866,443.045334800001,443.045334800001,443.34579170000507,left,1,0.2833853999909479,None,,,,,05,001,2025-11-15_01h35.53.183,cueing_task_exp,,2025.1.1,60.18215936681601,2025-11-15 01h36.00.906808 +0530,
←,0.5,invalid,right,276,6,27,right,1,0.6047474000079092,None,27,6,276,9,443.36191269999836,,,,,,,,,443.3461288000108,443.36191269999836,443.84489910001867,443.84489910001867,444.14518029999454,444.4447172000073,444.4447172000073,445.0621523000009,right,1,0.6047474000079092,None,,,,,05,001,2025-11-15_01h35.53.183,cueing_task_exp,,2025.1.1,60.18215936681601,2025-11-15 01h36.00.906808 +0530,
→,0.5,valid,right,277,7,27,right,1,0.3530945999955293,None,27,7,277,7,445.07828350001364,,,,,,,,,445.06444889999693,445.07828350001364,445.56143620001967,445.56143620001967,445.8616469000117,446.1614750000008,446.1614750000008,446.52880850000656,right,1,0.3530945999955293,None,,,,,05,001,2025-11-15_01h35.53.183,cueing_task_exp,,2025.1.1,60.18215936681601,2025-11-15 01h36.00.906808 +0530,
→,0.5,valid,right,278,8,27,right,1,0.3819591000210494,None,27,8,278,3,446.5448952000006,,,,,,,,,446.52913740000804,446.5448952000006,447.0281587000063,447.0281587000063,447.328585500014,447.6286378999939,447.6286378999939,448.0119704999961,right,1,0.3819591000210494,None,,,,,05,001,2025-11-15_01h35.53.183,cueing_task_exp,,2025.1.1,60.18215936681601,2025-11-15 01h36.00.906808 +0530,
←,-0.5,valid,left,279,9,27,left,1,0.27842419999069534,None,27,9,279,5,448.02865429999656,,,,,,,,,448.01420649999636,448.02865429999656,448.5112337000028,448.5112337000028,448.81174180001835,449.1117894999916,449.1117894999916,449.3952849000052,left,1,0.27842419999069534,None,,,,,05,001,2025-11-15_01h35.53.183,cueing_task_exp,,2025.1.1,60.18215936681601,2025-11-15 01h36.00.906808 +0530,
←,-0.5,valid,left,280,0,28,left,1,0.43616390001261607,None,28,0,280,4,449.4114041000139,,,,,,,,,449.39564130001236,449.4114041000139,449.8959370999946,449.8959370999946,450.1950307000079,450.4951696000062,450.4951696000062,450.94544300000416,left,1,0.43616390001261607,None,,,,,05,001,2025-11-15_01h35.53.183,cueing_task_exp,,2025.1.1,60.18215936681601,2025-11-15 01h36.00.906808 +0530,
←,-0.5,valid,left,281,1,28,left,1,0.6233558000240009,None,28,1,281,6,450.9617082000186,,,,,,,,,450.94577990000835,450.9617082000186,451.44503840000834,451.44503840000834,451.7453541000141,452.04511219999404,452.04511219999404,452.67886980000185,left,1,0.6233558000240009,None,,,,,05,001,2025-11-15_01h35.53.183,cueing_task_exp,,2025.1.1,60.18215936681601,2025-11-15 01h36.00.906808 +0530,
→,-0.5,invalid,left,282,2,28,right,0,0.7199818000080995,None,28,2,282,8,452.69493510000757,,,,,,,,,452.68170670000836,452.69493510000757,453.1788187000202,453.1788187000202,453.4785391000041,453.7782152,453.7782152,454.513051899994,right,0,0.7199818000080995,None,,,,,05,001,2025-11-15_01h35.53.183,cueing_task_exp,,2025.1.1,60.18215936681601,2025-11-15 01h36.00.906808 +0530,
→,0.5,valid,right,283,3,28,right,1,0.79321939998772,None,28,3,283,2,454.52866830001585,,,,,,,,,454.5134917999967,454.52866830001585,455.0290187000064,455.0290187000064,455.3119682999968,455.611799300008,455.611799300008,456.4126702999929,right,1,0.79321939998772,None,,,,,05,001,2025-11-15_01h35.53.183,cueing_task_exp,,2025.1.1,60.18215936681601,2025-11-15 01h36.00.906808 +0530,
←,0.5,invalid,right,284,4,28,right,1,1.3166300999873783,None,28,4,284,9,456.4285388000135,,,,,,,,,456.41500910001923,456.4285388000135,456.9116726999928,456.9116726999928,457.22849330000463,457.512344799994,457.512344799994,458.84624710000935,right,1,1.3166300999873783,None,,,,,05,001,2025-11-15_01h35.53.183,cueing_task_exp,,2025.1.1,60.18215936681601,2025-11-15 01h36.00.906808 +0530,
→,0.5,valid,right,285,5,28,right,1,0.5432442000019364,None,28,5,285,0,458.86180690000765,,,,,,,,,458.84817179999663,458.86180690000765,459.3465083000192,459.3465083000192,459.6453574000043,459.94508830000996,459.94508830000996,460.4958011000126,right,1,0.5432442000019364,None,,,,,05,001,2025-11-15_01h35.53.183,cueing_task_exp,,2025.1.1,60.18215936681601,2025-11-15 01h36.00.906808 +0530,
→,0.5,valid,right,286,6,28,right,1,0.7512222999939695,None,28,6,286,7,460.5122047000041,,,,,,,,,460.49643699999433,460.5122047000041,460.9952581000107,460.9952581000107,461.29708620000747,461.5956829999923,461.5956829999923,462.3627698000055,right,1,0.7512222999939695,None,,,,,05,001,2025-11-15_01h35.53.183,cueing_task_exp,,2025.1.1,60.18215936681601,2025-11-15 01h36.00.906808 +0530,
←,-0.5,valid,left,287,7,28,left,1,0.4947643000050448,None,28,7,287,5,462.37837779999245,,,,,,,,,462.3648998000135,462.37837779999245,462.8624006000173,462.8624006000173,463.1621049999958,463.4617993000138,463.4617993000138,463.9623891999945,left,1,0.4947643000050448,None,,,,,05,001,2025-11-15_01h35.53.183,cueing_task_exp,,2025.1.1,60.18215936681601,2025-11-15 01h36.00.906808 +0530,
←,-0.5,valid,left,288,8,28,left,1,0.7340828999876976,None,28,8,288,1,463.9785855000082,,,,,,,,,463.96284730001935,463.9785855000082,464.4618554000044,464.4618554000044,464.7619627999957,465.06200880001415,465.06200880001415,465.81288690000656,left,1,0.7340828999876976,None,,,,,05,001,2025-11-15_01h35.53.183,cueing_task_exp,,2025.1.1,60.18215936681601,2025-11-15 01h36.00.906808 +0530,
→,0.5,valid,right,289,9,28,right,1,0.3758525000012014,None,28,9,289,3,465.82842190001975,,,,,,,,,465.81449750001775,465.82842190001975,466.3124342999945,466.3124342999945,466.6119013999996,466.91194340001675,466.91194340001675,467.2961169000191,right,1,0.3758525000012014,None,,,,,05,001,2025-11-15_01h35.53.183,cueing_task_exp,,2025.1.1,60.18215936681601,2025-11-15 01h36.00.906808 +0530,
←,-0.5,valid,left,290,0,29,left,1,0.43825889998697676,None,29,0,290,1,467.31212499999674,,,,,,,,,467.29819980001776,467.31212499999674,467.79524520001723,467.79524520001723,468.0955944000161,468.39566510001896,468.39566510001896,468.84619690000545,left,1,0.43825889998697676,None,,,,,05,001,2025-11-15_01h35.53.183,cueing_task_exp,,2025.1.1,60.18215936681601,2025-11-15 01h36.00.906808 +0530,
→,0.5,valid,right,291,1,29,right,1,0.3119273000047542,None,29,1,291,2,468.86225840001134,,,,,,,,,468.8481403000187,468.86225840001134,469.3457737000135,469.3457737000135,469.64540510001825,469.9452383000171,469.9452383000171,470.2629316000093,right,1,0.3119273000047542,None,,,,,05,001,2025-11-15_01h35.53.183,cueing_task_exp,,2025.1.1,60.18215936681601,2025-11-15 01h36.00.906808 +0530,
→,0.5,valid,right,292,2,29,right,1,0.36558599999989383,None,29,2,292,7,470.27885380000225,,,,,,,,,470.2633254000102,470.27885380000225,470.7619096999988,470.7619096999988,471.0621497000102,471.36216469999636,471.36216469999636,471.7290916000202,right,1,0.36558599999989383,None,,,,,05,001,2025-11-15_01h35.53.183,cueing_task_exp,,2025.1.1,60.18215936681601,2025-11-15 01h36.00.906808 +0530,
←,0.5,invalid,right,293,3,29,right,1,1.4019850000040606,None,29,3,293,9,471.7455079999927,,,,,,,,,471.73182869999437,471.7455079999927,472.2288460000127,472.2288460000127,472.52881970000453,472.828754200018,472.828754200018,474.24653659999603,right,1,1.4019850000040606,None,,,,,05,001,2025-11-15_01h35.53.183,cueing_task_exp,,2025.1.1,60.18215936681601,2025-11-15 01h36.00.906808 +0530,
→,0.5,valid,right,294,4,29,right,1,0.370686400012346,None,29,4,294,3,474.26239439999335,,,,,,,,,474.24897330001113,474.26239439999335,474.74548490002053,474.74548490002053,475.0627860999957,475.34531780000543,475.34531780000543,475.728990100004,right,1,0.370686400012346,None,,,,,05,001,2025-11-15_01h35.53.183,cueing_task_exp,,2025.1.1,60.18215936681601,2025-11-15 01h36.00.906808 +0530,
→,-0.5,invalid,left,295,5,29,left,1,1.0425623999908566,None,29,5,295,8,475.745748300018,,,,,,,,,475.7294099999999,475.745748300018,476.22907490000944,476.22907490000944,476.52874199999496,476.82878179999534,476.82878179999534,477.87975710001774,left,1,1.0425623999908566,None,,,,,05,001,2025-11-15_01h35.53.183,cueing_task_exp,,2025.1.1,60.18215936681601,2025-11-15 01h36.00.906808 +0530,
←,-0.5,valid,left,296,6,29,left,1,0.38067439998849295,None,29,6,296,5,477.89542220000294,,,,,,,,,477.88187630000175,477.89542220000294,478.37959789999877,478.37959789999877,478.6792991000111,478.97875400001067,478.97875400001067,479.36321080001653,left,1,0.38067439998849295,None,,,,,05,001,2025-11-15_01h35.53.183,cueing_task_exp,,2025.1.1,60.18215936681601,2025-11-15 01h36.00.906808 +0530,
→,0.5,valid,right,297,7,29,right,1,0.274286799976835,None,29,7,297,0,479.3791091000021,,,,,,,,,479.36504619999323,479.3791091000021,479.86220269999467,479.86220269999467,480.16293590000714,480.4623237000196,480.4623237000196,480.7460389000189,right,1,0.274286799976835,None,,,,,05,001,2025-11-15_01h35.53.183,cueing_task_exp,,2025.1.1,60.18215936681601,2025-11-15 01h36.00.906808 +0530,
←,-0.5,valid,left,298,8,29,left,1,0.3499048999801744,None,29,8,298,6,480.7623024999921,,,,,,,,,480.74784050000017,480.7623024999921,481.2466461000149,481.2466461000149,481.5457047999953,481.84565800000564,481.84565800000564,482.19631520000985,left,1,0.3499048999801744,None,,,,,05,001,2025-11-15_01h35.53.183,cueing_task_exp,,2025.1.1,60.18215936681601,2025-11-15 01h36.00.906808 +0530,
←,-0.5,valid,left,299,9,29,left,1,0.5464867000118829,None,29,9,299,4,482.2124021000054,,,,,,,,,482.1968354000128,482.2124021000054,482.69568570001866,482.69568570001866,482.9974089000025,483.2969071000116,483.2969071000116,483.84650499999407,left,1,0.5464867000118829,None,,,,,05,001,2025-11-15_01h35.53.183,cueing_task_exp,,2025.1.1,60.18215936681601,2025-11-15 01h36.00.906808 +0530,
→,0.5,valid,right,300,0,30,right,1,0.32950580000760965,None,30,0,300,7,483.8622929000121,,,,,,,,,483.8491680000152,483.8622929000121,484.3467888000014,484.3467888000014,484.6467147000076,484.9473716999928,484.9473716999928,485.2802125000162,right,1,0.32950580000760965,None,,,,,05,001,2025-11-15_01h35.53.183,cueing_task_exp,,2025.1.1,60.18215936681601,2025-11-15 01h36.00.906808 +0530,
←,-0.5,valid,left,301,1,30,left,1,0.3460481000074651,None,30,1,301,6,485.2959189999965,,,,,,,,,485.28299629999674,485.2959189999965,485.78059919999214,485.78059919999214,486.08045599999605,486.3794548000151,486.3794548000151,486.7302933000028,left,1,0.3460481000074651,None,,,,,05,001,2025-11-15_01h35.53.183,cueing_task_exp,,2025.1.1,60.18215936681601,2025-11-15 01h36.00.906808 +0530,
←,-0.5,valid,left,302,2,30,left,1,0.3135172999755014,None,30,2,302,5,486.7459391000157,,,,,,,,,486.73090039999806,486.7459391000157,487.2300370000012,487.2300370000012,487.53110730001936,487.8311143000028,487.8311143000028,488.1476944000169,left,1,0.3135172999755014,None,,,,,05,001,2025-11-15_01h35.53.183,cueing_task_exp,,2025.1.1,60.18215936681601,2025-11-15 01h36.00.906808 +0530,
←,-0.5,valid,left,303,3,30,left,1,0.4569556000060402,None,30,3,303,4,488.1631303000031,,,,,,,,,488.1481628000038,488.1631303000031,488.64621569999144,488.64621569999144,488.9629392999923,489.2476635000203,489.2476635000203,489.7140991000051,left,1,0.4569556000060402,None,,,,,05,001,2025-11-15_01h35.53.183,cueing_task_exp,,2025.1.1,60.18215936681601,2025-11-15 01h36.00.906808 +0530,
→,0.5,valid,right,304,4,30,right,1,0.7020305000187363,None,30,4,304,3,489.73019180001575,,,,,,,,,489.71678410001914,489.73019180001575,490.2139736000099,490.2139736000099,490.51454860001104,490.8128984000068,490.8128984000068,491.53057200001786,right,1,0.7020305000187363,None,,,,,05,001,2025-11-15_01h35.53.183,cueing_task_exp,,2025.1.1,60.18215936681601,2025-11-15 01h36.00.906808 +0530,
→,-0.5,invalid,left,305,5,30,left,1,1.0781353999918792,None,30,5,305,8,491.5466668000154,,,,,,,,,491.5310370000079,491.5466668000154,492.0293316000025,492.0293316000025,492.3470470000175,492.64611630002037,492.64611630002037,493.72987149999244,left,1,1.0781353999918792,None,,,,,05,001,2025-11-15_01h35.53.183,cueing_task_exp,,2025.1.1,60.18215936681601,2025-11-15 01h36.00.906808 +0530,
←,0.5,invalid,right,306,6,30,right,1,0.7983772000006866,None,30,6,306,9,493.74608070001705,,,,,,,,,493.7318979999982,493.74608070001705,494.2290569000179,494.2290569000179,494.52936740001314,494.82927539999946,494.82927539999946,495.6295660000178,right,1,0.7983772000006866,None,,,,,05,001,2025-11-15_01h35.53.183,cueing_task_exp,,2025.1.1,60.18215936681601,2025-11-15 01h36.00.906808 +0530,
→,0.5,valid,right,307,7,30,right,1,0.5587561999855097,None,30,7,307,2,495.64577870001085,,,,,,,,,495.6315419000166,495.64577870001085,496.12911520001944,496.12911520001944,496.4294978000107,496.7291606999934,496.7291606999934,497.2969725000148,right,1,0.5587561999855097,None,,,,,05,001,2025-11-15_01h35.53.183,cueing_task_exp,,2025.1.1,60.18215936681601,2025-11-15 01h36.00.906808 +0530,
←,-0.5,valid,left,308,8,30,left,1,0.46513910000794567,None,30,8,308,1,497.31287550000707,,,,,,,,,497.30053430001135,497.31287550000707,497.795870300004,497.795870300004,498.0962334999931,498.412656600005,498.412656600005,498.8800077000051,left,1,0.46513910000794567,None,,,,,05,001,2025-11-15_01h35.53.183,cueing_task_exp,,2025.1.1,60.18215936681601,2025-11-15 01h36.00.906808 +0530,
→,0.5,valid,right,309,9,30,right,1,0.3471336000075098,None,30,9,309,0,498.89590750000207,,,,,,,,,498.88215700001456,498.89590750000207,499.3797565000132,499.3797565000132,499.6793237999955,499.9792057000159,499.9792057000159,500.32967639999697,right,1,0.3471336000075098,None,,,,,05,001,2025-11-15_01h35.53.183,cueing_task_exp,,2025.1.1,60.18215936681601,2025-11-15 01h36.00.906808 +0530,
←,-0.5,valid,left,310,0,31,left,1,0.4426609000074677,None,31,0,310,4,500.34596790000796,,,,,,,,,500.331433400017,500.34596790000796,500.82914610000444,500.82914610000444,501.12939250000636,501.42949149999185,501.42949149999185,501.88037490000715,left,1,0.4426609000074677,None,,,,,05,001,2025-11-15_01h35.53.183,cueing_task_exp,,2025.1.1,60.18215936681601,2025-11-15 01h36.00.906808 +0530,
→,0.5,valid,right,311,1,31,right,1,0.24383610000950284,None,31,1,311,0,501.89655070001027,,,,,,,,,501.8835827000148,501.89655070001027,502.3792814000044,502.3792814000044,502.67999420000706,502.98007280001184,502.98007280001184,503.2304084000061,right,1,0.24383610000950284,None,,,,,05,001,2025-11-15_01h35.53.183,cueing_task_exp,,2025.1.1,60.18215936681601,2025-11-15 01h36.00.906808 +0530,
←,0.5,invalid,right,312,2,31,right,1,0.8759561999759171,None,31,2,312,9,503.24617440000293,,,,,,,,,503.23222229999374,503.24617440000293,503.72951910001575,503.72951910001575,504.0308895999915,504.3301089000015,504.3301089000015,505.2140031000017,right,1,0.8759561999759171,None,,,,,05,001,2025-11-15_01h35.53.183,cueing_task_exp,,2025.1.1,60.18215936681601,2025-11-15 01h36.00.906808 +0530,
→,0.5,valid,right,313,3,31,right,1,0.8635303000046406,None,31,3,313,7,505.23021740000695,,,,,,,,,505.21604980001575,505.23021740000695,505.71414890000597,505.71414890000597,506.0148540000082,506.3133587000193,506.3133587000193,507.1804076000117,right,1,0.8635303000046406,None,,,,,05,001,2025-11-15_01h35.53.183,cueing_task_exp,,2025.1.1,60.18215936681601,2025-11-15 01h36.00.906808 +0530,
←,-0.5,valid,left,314,4,31,left,1,0.29314649998559617,None,31,4,314,6,507.196935999993,,,,,,,,,507.1839570000011,507.196935999993,507.68029459999525,507.68029459999525,507.9808605000144,508.2799103000143,508.2799103000143,508.58079100001487,left,1,0.29314649998559617,None,,,,,05,001,2025-11-15_01h35.53.183,cueing_task_exp,,2025.1.1,60.18215936681601,2025-11-15 01h36.00.906808 +0530,
→,0.5,valid,right,315,5,31,right,1,0.28030489999218844,None,31,5,315,3,508.5963618000096,,,,,,,,,508.5831929999986,508.5963618000096,509.08105730000534,509.08105730000534,509.3810205000045,509.68115849999595,509.68115849999595,509.96372390000033,right,1,0.28030489999218844,None,,,,,05,001,2025-11-15_01h35.53.183,cueing_task_exp,,2025.1.1,60.18215936681601,2025-11-15 01h36.00.906808 +0530,
→,0.5,valid,right,316,6,31,right,1,0.3881460000120569,None,31,6,316,2,509.98048470000504,,,,,,,,,509.9644035999954,509.98048470000504,510.4631691999966,510.4631691999966,510.76345729999593,511.06405220000306,511.06405220000306,511.46471759999986,right,1,0.3881460000120569,None,,,,,05,001,2025-11-15_01h35.53.183,cueing_task_exp,,2025.1.1,60.18215936681601,2025-11-15 01h36.00.906808 +0530,
←,-0.5,valid,left,317,7,31,left,1,0.3201744999969378,None,31,7,317,1,511.4799415000016,,,,,,,,,511.4670512000157,511.4799415000016,511.97966400001314,511.97966400001314,512.2648460000055,512.5655244000081,512.5655244000081,512.8973192000121,left,1,0.3201744999969378,None,,,,,05,001,2025-11-15_01h35.53.183,cueing_task_exp,,2025.1.1,60.18215936681601,2025-11-15 01h36.00.906808 +0530,
←,-0.5,valid,left,318,8,31,left,1,0.42604650001158006,None,31,8,318,5,512.9131835000007,,,,,,,,,512.8978382000059,512.9131835000007,513.3965097000182,513.3965097000182,513.7130577999924,514.0130993000057,514.0130993000057,514.4465010999993,left,1,0.42604650001158006,None,,,,,05,001,2025-11-15_01h35.53.183,cueing_task_exp,,2025.1.1,60.18215936681601,2025-11-15 01h36.00.906808 +0530,
→,-0.5,invalid,left,319,9,31,left,1,1.1278838999860454,None,31,9,319,8,514.462649699999,,,,,,,,,514.4490667000064,514.462649699999,514.9460355000047,514.9460355000047,515.2459741999919,515.5468737000192,515.5468737000192,516.6799193000188,left,1,1.1278838999860454,None,,,,,05,001,2025-11-15_01h35.53.183,cueing_task_exp,,2025.1.1,60.18215936681601,2025-11-15 01h36.00.906808 +0530,
→,0.5,valid,right,320,0,32,right,1,0.5605727999936789,None,32,0,320,7,516.6960341999948,,,,,,,,,516.6804724000103,516.6960341999948,517.1800715000136,517.1800715000136,517.4798863000178,517.7798426999943,517.7798426999943,518.3473073000205,right,1,0.5605727999936789,None,,,,,05,001,2025-11-15_01h35.53.183,cueing_task_exp,,2025.1.1,60.18215936681601,2025-11-15 01h36.00.906808 +0530,
←,-0.5,valid,left,321,1,32,left,1,0.44960349999018945,None,32,1,321,6,518.3626752000127,,,,,,,,,518.348908999993,518.3626752000127,518.8466483000084,518.8466483000084,519.1463908000151,519.4466916999954,519.4466916999954,519.8969171000062,left,1,0.44960349999018945,None,,,,,05,001,2025-11-15_01h35.53.183,cueing_task_exp,,2025.1.1,60.18215936681601,2025-11-15 01h36.00.906808 +0530,
←,-0.5,valid,left,322,2,32,left,1,0.8843047999835107,None,32,2,322,4,519.9134345999919,,,,,,,,,519.897289400018,519.9134345999919,520.3966251999955,520.3966251999955,520.6962279000145,520.99625560001,520.99625560001,521.8972052000172,left,1,0.8843047999835107,None,,,,,05,001,2025-11-15_01h35.53.183,cueing_task_exp,,2025.1.1,60.18215936681601,2025-11-15 01h36.00.906808 +0530,
→,0.5,valid,right,323,3,32,right,1,0.6514760999998543,None,32,3,323,0,521.9130514000135,,,,,,,,,521.8990211999917,521.9130514000135,522.3963563000143,522.3963563000143,522.6963084000163,522.9963838999975,522.9963838999975,523.6643075000029,right,1,0.6514760999998543,None,,,,,05,001,2025-11-15_01h35.53.183,cueing_task_exp,,2025.1.1,60.18215936681601,2025-11-15 01h36.00.906808 +0530,
→,-0.5,invalid,left,324,4,32,left,1,1.008091700001387,None,32,4,324,8,523.679782399995,,,,,,,,,523.6648464000027,523.679782399995,524.1799720000126,524.1799720000126,524.4632497999992,524.7798563000106,524.7798563000106,525.7969555000018,left,1,1.008091700001387,None,,,,,05,001,2025-11-15_01h35.53.183,cueing_task_exp,,2025.1.1,60.18215936681601,2025-11-15 01h36.00.906808 +0530,
←,0.5,invalid,right,325,5,32,right,1,1.0621207999938633,None,32,5,325,9,525.8131232000014,,,,,,,,,525.7993338000088,525.8131232000014,526.2962806000141,526.2962806000141,526.5965507999936,526.8968402000028,526.8968402000028,527.9637186000182,right,1,1.0621207999938633,None,,,,,05,001,2025-11-15_01h35.53.183,cueing_task_exp,,2025.1.1,60.18215936681601,2025-11-15 01h36.00.906808 +0530,
→,0.5,valid,right,326,6,32,right,1,0.39586550000240095,None,32,6,326,3,527.979693900008,,,,,,,,,527.966608799994,527.979693900008,528.4641658000182,528.4641658000182,528.7630838000041,529.0630878999946,529.0630878999946,529.4636819000007,right,1,0.39586550000240095,None,,,,,05,001,2025-11-15_01h35.53.183,cueing_task_exp,,2025.1.1,60.18215936681601,2025-11-15 01h36.00.906808 +0530,
←,-0.5,valid,left,327,7,32,left,1,0.39642389997607097,None,32,7,327,5,529.4811199000105,,,,,,,,,529.4656633000122,529.4811199000105,529.9632492999954,529.9632492999954,530.2634385999991,530.5631618000043,530.5631618000043,530.9641237000178,left,1,0.39642389997607097,None,,,,,05,001,2025-11-15_01h35.53.183,cueing_task_exp,,2025.1.1,60.18215936681601,2025-11-15 01h36.00.906808 +0530,
→,0.5,valid,right,328,8,32,right,1,0.28166030001011677,None,32,8,328,2,530.9796964999987,,,,,,,,,530.9663326000154,530.9796964999987,531.462995400012,531.462995400012,531.7630340000032,532.0632546000124,532.0632546000124,532.3473381999938,right,1,0.28166030001011677,None,,,,,05,001,2025-11-15_01h35.53.183,cueing_task_exp,,2025.1.1,60.18215936681601,2025-11-15 01h36.00.906808 +0530,
←,-0.5,valid,left,329,9,32,left,1,0.42568139999639243,None,32,9,329,1,532.3631677000085,,,,,,,,,532.3488942999975,532.3631677000085,532.8469466000097,532.8469466000097,533.1630791999924,533.4466893000063,533.4466893000063,533.8803799000161,left,1,0.42568139999639243,None,,,,,05,001,2025-11-15_01h35.53.183,cueing_task_exp,,2025.1.1,60.18215936681601,2025-11-15 01h36.00.906808 +0530,
→,0.5,valid,right,330,0,33,right,1,0.32222560001537204,None,33,0,330,7,533.8965116000036,,,,,,,,,533.8821798000135,533.8965116000036,534.3798254000139,534.3798254000139,534.6798223000078,534.9801160999923,534.9801160999923,535.314543400018,right,1,0.32222560001537204,None,,,,,05,001,2025-11-15_01h35.53.183,cueing_task_exp,,2025.1.1,60.18215936681601,2025-11-15 01h36.00.906808 +0530,
←,-0.5,valid,left,331,1,33,left,1,0.42284380001365207,None,33,1,331,6,535.3303598000202,,,,,,,,,535.3168632000161,535.3303598000202,535.830595700012,535.830595700012,536.1303594000055,536.4296909999975,536.4296909999975,536.8637740999984,left,1,0.42284380001365207,None,,,,,05,001,2025-11-15_01h35.53.183,cueing_task_exp,,2025.1.1,60.18215936681601,2025-11-15 01h36.00.906808 +0530,
→,-0.5,invalid,left,332,2,33,left,1,1.164895100024296,None,33,2,332,8,536.88025810002,,,,,,,,,536.8652907999931,536.88025810002,537.3634469000099,537.3634469000099,537.6630832999945,537.9629903000023,537.9629903000023,539.1310399000067,left,1,1.164895100024296,None,,,,,05,001,2025-11-15_01h35.53.183,cueing_task_exp,,2025.1.1,60.18215936681601,2025-11-15 01h36.00.906808 +0530,
→,0.5,valid,right,333,3,33,right,1,0.2815720000071451,None,33,3,333,3,539.1466281000176,,,,,,,,,539.1314516999992,539.1466281000176,539.6300791999965,539.6300791999965,539.9301483000163,540.2469505000045,540.2469505000045,540.5304029000108,right,1,0.2815720000071451,None,,,,,05,001,2025-11-15_01h35.53.183,cueing_task_exp,,2025.1.1,60.18215936681601,2025-11-15 01h36.00.906808 +0530,
←,-0.5,valid,left,334,4,33,left,1,0.6051012999960221,None,33,4,334,4,540.546431099996,,,,,,,,,540.5327111000079,540.546431099996,541.0304232999915,541.0304232999915,541.3300463000196,541.6309198999952,541.6309198999952,542.2482981999929,left,1,0.6051012999960221,None,,,,,05,001,2025-11-15_01h35.53.183,cueing_task_exp,,2025.1.1,60.18215936681601,2025-11-15 01h36.00.906808 +0530,
←,-0.5,valid,left,335,5,33,left,1,0.4048445999796968,None,33,5,335,5,542.2632391999941,,,,,,,,,542.2488558000186,542.2632391999941,542.7641795999953,542.7641795999953,543.0642112000205,543.3633440000121,543.3633440000121,543.7807304000016,left,1,0.4048445999796968,None,,,,,05,001,2025-11-15_01h35.53.183,cueing_task_exp,,2025.1.1,60.18215936681601,2025-11-15 01h36.00.906808 +0530,
→,0.5,valid,right,336,6,33,right,1,0.7096823999891058,None,33,6,336,2,543.79663170001,,,,,,,,,543.7825919000024,543.79663170001,544.2801346000051,544.2801346000051,544.5802429000032,544.8803001000197,544.8803001000197,545.5980826000159,right,1,0.7096823999891058,None,,,,,05,001,2025-11-15_01h35.53.183,cueing_task_exp,,2025.1.1,60.18215936681601,2025-11-15 01h36.00.906808 +0530,
→,0.5,valid,right,337,7,33,right,1,0.46314320000237785,None,33,7,337,0,545.6133758999931,,,,,,,,,545.5984947000106,545.6133758999931,546.1133883000002,546.1133883000002,546.397172500001,546.7132724999974,546.7132724999974,547.1804862999998,right,1,0.46314320000237785,None,,,,,05,001,2025-11-15_01h35.53.183,cueing_task_exp,,2025.1.1,60.18215936681601,2025-11-15 01h36.00.906808 +0530,
←,-0.5,valid,left,338,8,33,left,1,0.3158370000019204,None,33,8,338,1,547.1970266000135,,,,,,,,,547.1827884000086,547.1970266000135,547.6799006999936,547.6799006999936,547.9805266000039,548.280031000002,548.280031000002,548.5981104999955,left,1,0.3158370000019204,None,,,,,05,001,2025-11-15_01h35.53.183,cueing_task_exp,,2025.1.1,60.18215936681601,2025-11-15 01h36.00.906808 +0530,
←,0.5,invalid,right,339,9,33,right,1,1.2143992999917828,None,33,9,339,9,548.6142436999944,,,,,,,,,548.5984280999983,548.6142436999944,549.0970310000121,549.0970310000121,549.4135811000015,549.7136850999959,549.7136850999959,550.930674800009,right,1,1.2143992999917828,None,,,,,05,001,2025-11-15_01h35.53.183,cueing_task_exp,,2025.1.1,60.18215936681601,2025-11-15 01h36.00.906808 +0530,
→,-0.5,invalid,left,340,0,34,left,1,0.8869746999989729,None,34,0,340,8,550.9471187000163,,,,,,,,,550.9322375000047,550.9471187000163,551.4307192999986,551.4307192999986,551.7300538000127,552.0308626000187,552.0308626000187,552.9310802000109,left,1,0.8869746999989729,None,,,,,05,001,2025-11-15_01h35.53.183,cueing_task_exp,,2025.1.1,60.18215936681601,2025-11-15 01h36.00.906808 +0530,
←,-0.5,valid,left,341,1,34,left,1,0.4689670999941882,None,34,1,341,4,552.9468725000042,,,,,,,,,552.933057599992,552.9468725000042,553.4305728000181,553.4305728000181,553.7300475999946,554.0305235999986,554.0305235999986,554.5140146000194,left,1,0.4689670999941882,None,,,,,05,001,2025-11-15_01h35.53.183,cueing_task_exp,,2025.1.1,60.18215936681601,2025-11-15 01h36.00.906808 +0530,
←,-0.5,valid,left,342,2,34,left,1,0.4748375999915879,None,34,2,342,1,554.5302506000153,,,,,,,,,554.5145372000115,554.5302506000153,555.0141848000058,555.0141848000058,555.3134639000054,555.6135181999998,555.6135181999998,556.09761170001,left,1,0.4748375999915879,None,,,,,05,001,2025-11-15_01h35.53.183,cueing_task_exp,,2025.1.1,60.18215936681601,2025-11-15 01h36.00.906808 +0530,
→,0.5,valid,right,343,3,34,right,1,0.46031609998317435,None,34,3,343,3,556.1135481999954,,,,,,,,,556.0995433999924,556.1135481999954,556.5970154000097,556.5970154000097,556.8969839000201,557.1982740999956,557.1982740999956,557.6646925999958,right,1,0.46031609998317435,None,,,,,05,001,2025-11-15_01h35.53.183,cueing_task_exp,,2025.1.1,60.18215936681601,2025-11-15 01h36.00.906808 +0530,
→,0.5,valid,right,344,4,34,right,1,0.7165252000268083,None,34,4,344,7,557.6804733000172,,,,,,,,,557.6651923000172,557.6804733000172,558.1802051000122,558.1802051000122,558.4803484000149,558.780408599996,558.780408599996,559.5140954999952,right,1,0.7165252000268083,None,,,,,05,001,2025-11-15_01h35.53.183,cueing_task_exp,,2025.1.1,60.18215936681601,2025-11-15 01h36.00.906808 +0530,
→,0.5,valid,right,345,5,34,right,1,0.3859560000128113,None,34,5,345,2,559.5305515000073,,,,,,,,,559.5144381000136,559.5305515000073,560.0135177000193,560.0135177000193,560.3136704000062,560.6142603000044,560.6142603000044,561.0143123000162,right,1,0.3859560000128113,None,,,,,05,001,2025-11-15_01h35.53.183,cueing_task_exp,,2025.1.1,60.18215936681601,2025-11-15 01h36.00.906808 +0530,
→,0.5,valid,right,346,6,34,right,1,0.3986919999879319,None,34,6,346,0,561.0306339999952,,,,,,,,,561.0148318000138,561.0306339999952,561.5136405999947,561.5136405999947,561.814429799997,562.1142159000156,562.1142159000156,562.5140511000063,right,1,0.3986919999879319,None,,,,,05,001,2025-11-15_01h35.53.183,cueing_task_exp,,2025.1.1,60.18215936681601,2025-11-15 01h36.00.906808 +0530,
←,0.5,invalid,right,347,7,34,right,1,1.5780063999991398,None,34,7,347,9,562.5307407999935,,,,,,,,,562.5156051999948,562.5307407999935,563.014723500004,563.014723500004,563.31422260002,563.6136612000118,563.6136612000118,565.1979741000105,right,1,1.5780063999991398,None,,,,,05,001,2025-11-15_01h35.53.183,cueing_task_exp,,2025.1.1,60.18215936681601,2025-11-15 01h36.00.906808 +0530,
←,-0.5,valid,left,348,8,34,left,1,0.30124119998072274,None,34,8,348,6,565.2137980000116,,,,,,,,,565.1982902000018,565.2137980000116,565.6970893999969,565.6970893999969,565.9978311000159,566.2971593000111,566.2971593000111,566.6148682000057,left,1,0.30124119998072274,None,,,,,05,001,2025-11-15_01h35.53.183,cueing_task_exp,,2025.1.1,60.18215936681601,2025-11-15 01h36.00.906808 +0530,
←,-0.5,valid,left,349,9,34,left,1,0.34652099999948405,None,34,9,349,5,566.6305501000024,,,,,,,,,566.6151835999917,566.6305501000024,567.1310727999953,567.1310727999953,567.4143194000062,567.7302157999948,567.7302157999948,568.08083240001,left,1,0.34652099999948405,None,,,,,05,001,2025-11-15_01h35.53.183,cueing_task_exp,,2025.1.1,60.18215936681601,2025-11-15 01h36.00.906808 +0530,
←,-0.5,valid,left,350,0,35,left,1,0.5933073999767657,None,35,0,350,5,568.0970887000149,,,,,,,,,568.0811459000106,568.0970887000149,568.580667000002,568.580667000002,568.8812204000133,569.1803849000135,569.1803849000135,569.7808018999931,left,1,0.5933073999767657,None,,,,,05,001,2025-11-15_01h35.53.183,cueing_task_exp,,2025.1.1,60.18215936681601,2025-11-15 01h36.00.906808 +0530,
←,0.5,invalid,right,351,1,35,right,1,0.9502615999954287,None,35,1,351,9,569.7971101000148,,,,,,,,,569.7813293999934,569.7971101000148,570.2802429000149,570.2802429000149,570.5813377000159,570.8805323000124,570.8805323000124,571.8319909000129,right,1,0.9502615999954287,None,,,,,05,001,2025-11-15_01h35.53.183,cueing_task_exp,,2025.1.1,60.18215936681601,2025-11-15 01h36.00.906808 +0530,
→,0.5,valid,right,352,2,35,right,1,0.41440520001924597,None,35,2,352,7,571.8474907999916,,,,,,,,,571.8342768000148,571.8474907999916,572.3474917999993,572.3474917999993,572.6480287000013,572.9473265999986,572.9473265999986,573.3641771000111,right,1,0.41440520001924597,None,,,,,05,001,2025-11-15_01h35.53.183,cueing_task_exp,,2025.1.1,60.18215936681601,2025-11-15 01h36.00.906808 +0530,
←,-0.5,valid,left,353,3,35,left,1,0.6202115000050981,None,35,3,353,6,573.3808871000074,,,,,,,,,573.3660058999958,573.3808871000074,573.8639297000191,573.8639297000191,574.1637176999939,574.4642005999922,574.4642005999922,575.0981038000027,left,1,0.6202115000050981,None,,,,,05,001,2025-11-15_01h35.53.183,cueing_task_exp,,2025.1.1,60.18215936681601,2025-11-15 01h36.00.906808 +0530,
→,0.5,valid,right,354,4,35,right,1,0.5035242000012659,None,35,4,354,3,575.1142137999996,,,,,,,,,575.1001313000161,575.1142137999996,575.5972675000085,575.5972675000085,575.8977882000036,576.1969693000137,576.1969693000137,576.7143955999927,right,1,0.5035242000012659,None,,,,,05,001,2025-11-15_01h35.53.183,cueing_task_exp,,2025.1.1,60.18215936681601,2025-11-15 01h36.00.906808 +0530,
→,-0.5,invalid,left,355,5,35,left,1,0.8456511000113096,None,35,5,355,8,576.7305293999962,,,,,,,,,576.7149177000101,576.7305293999962,577.2144720999931,577.2144720999931,577.5147556000156,577.8141593000037,577.8141593000037,578.6648185999948,left,1,0.8456511000113096,None,,,,,05,001,2025-11-15_01h35.53.183,cueing_task_exp,,2025.1.1,60.18215936681601,2025-11-15 01h36.00.906808 +0530,
←,-0.5,valid,left,356,6,35,left,1,0.7601657999912277,None,35,6,356,1,578.6805896000005,,,,,,,,,578.6666945000179,578.6805896000005,579.1649472000136,579.1649472000136,579.4643620999996,579.7641294999921,579.7641294999921,580.5311948000162,left,1,0.7601657999912277,None,,,,,05,001,2025-11-15_01h35.53.183,cueing_task_exp,,2025.1.1,60.18215936681601,2025-11-15 01h36.00.906808 +0530,
→,0.5,valid,right,357,7,35,right,1,0.4135394000040833,None,35,7,357,2,580.5477593000105,,,,,,,,,580.5339321999927,580.5477593000105,581.0315632999991,581.0315632999991,581.3307027000119,581.6312129000144,581.6312129000144,582.0487483000034,right,1,0.4135394000040833,None,,,,,05,001,2025-11-15_01h35.53.183,cueing_task_exp,,2025.1.1,60.18215936681601,2025-11-15 01h36.00.906808 +0530,
←,-0.5,valid,left,358,8,35,left,1,1.197833600017475,None,35,8,358,4,582.0647263000137,,,,,,,,,582.0515431000094,582.0647263000137,582.5642098000098,582.5642098000098,582.8483661999926,583.1641188999929,583.1641188999929,584.3653668000188,left,1,1.197833600017475,None,,,,,05,001,2025-11-15_01h35.53.183,cueing_task_exp,,2025.1.1,60.18215936681601,2025-11-15 01h36.00.906808 +0530,
→,0.5,valid,right,359,9,35,right,1,0.6047885000007227,None,35,9,359,0,584.3804637000139,,,,,,,,,584.3675942000118,584.3804637000139,584.8641301000025,584.8641301000025,585.1808553000155,585.4641435999947,585.4641435999947,586.0812274999917,right,1,0.6047885000007227,None,,,,,05,001,2025-11-15_01h35.53.183,cueing_task_exp,,2025.1.1,60.18215936681601,2025-11-15 01h36.00.906808 +0530,
←,-0.5,valid,left,360,0,36,left,1,0.49109599998337217,None,36,0,360,5,586.0976227000065,,,,,,,,,586.0835627000197,586.0976227000065,586.5808875999937,586.5808875999937,586.8811181000201,587.181092999992,587.181092999992,587.6813780000084,left,1,0.49109599998337217,None,,,,,05,001,2025-11-15_01h35.53.183,cueing_task_exp,,2025.1.1,60.18215936681601,2025-11-15 01h36.00.906808 +0530,
←,-0.5,valid,left,361,1,36,left,1,0.4870371000142768,None,36,1,361,1,587.6979078000004,,,,,,,,,587.6818331000104,587.6979078000004,588.1807554000115,588.1807554000115,588.4808571000176,588.7808126000164,588.7808126000164,589.2813691000047,left,1,0.4870371000142768,None,,,,,05,001,2025-11-15_01h35.53.183,cueing_task_exp,,2025.1.1,60.18215936681601,2025-11-15 01h36.00.906808 +0530,
→,0.5,valid,right,362,2,36,right,1,0.38767349999397993,None,36,2,362,2,589.2974844000128,,,,,,,,,589.283952800004,589.2974844000128,589.7812197000021,589.7812197000021,590.0808381999959,590.3807241000177,590.3807241000177,590.7819470000104,right,1,0.38767349999397993,None,,,,,05,001,2025-11-15_01h35.53.183,cueing_task_exp,,2025.1.1,60.18215936681601,2025-11-15 01h36.00.906808 +0530,
→,0.5,valid,right,363,3,36,right,1,0.6150632000062615,None,36,3,363,3,590.7985791999963,,,,,,,,,590.7822926999943,590.7985791999963,591.2810518000042,591.2810518000042,591.5975517000188,591.8811720999947,591.8811720999947,592.4978354000195,right,1,0.6150632000062615,None,,,,,05,001,2025-11-15_01h35.53.183,cueing_task_exp,,2025.1.1,60.18215936681601,2025-11-15 01h36.00.906808 +0530,
←,-0.5,valid,left,364,4,36,left,1,0.32817910000449046,None,36,4,364,4,592.5141838999989,,,,,,,,,592.499498899997,592.5141838999989,592.9981072999944,592.9981072999944,593.2979165000143,593.5980229999986,593.5980229999986,593.9325452000194,left,1,0.32817910000449046,None,,,,,05,001,2025-11-15_01h35.53.183,cueing_task_exp,,2025.1.1,60.18215936681601,2025-11-15 01h36.00.906808 +0530,
→,0.5,valid,right,365,5,36,right,1,0.37024460002430715,None,36,5,365,7,593.947890600015,,,,,,,,,593.9347613000136,593.947890600015,594.4476024000032,594.4476024000032,594.7475324000116,595.0473372999986,595.0473372999986,595.4314309000038,right,1,0.37024460002430715,None,,,,,05,001,2025-11-15_01h35.53.183,cueing_task_exp,,2025.1.1,60.18215936681601,2025-11-15 01h36.00.906808 +0530,
←,-0.5,valid,left,366,6,36,left,1,0.839773099985905,None,36,6,366,6,595.4474722000014,,,,,,,,,595.4335467000201,595.4474722000014,595.9308184999973,595.9308184999973,596.2322378999961,596.5316689000174,596.5316689000174,597.3816003999964,left,1,0.839773099985905,None,,,,,05,001,2025-11-15_01h35.53.183,cueing_task_exp,,2025.1.1,60.18215936681601,2025-11-15 01h36.00.906808 +0530,
←,0.5,invalid,right,367,7,36,right,1,1.04854059999343,None,36,7,367,9,597.3986131999991,,,,,,,,,597.3819776000164,597.3986131999991,597.8807880000095,597.8807880000095,598.1807247000106,598.4814025000087,598.4814025000087,599.5326788999955,right,1,1.04854059999343,None,,,,,05,001,2025-11-15_01h35.53.183,cueing_task_exp,,2025.1.1,60.18215936681601,2025-11-15 01h36.00.906808 +0530,
→,-0.5,invalid,left,368,8,36,left,1,1.0880397000000812,None,36,8,368,8,599.5475872000097,,,,,,,,,599.5356178999937,599.5475872000097,600.0479982999968,600.0479982999968,600.3478296000103,600.647563400009,600.647563400009,601.7493424999993,left,1,1.0880397000000812,None,,,,,05,001,2025-11-15_01h35.53.183,cueing_task_exp,,2025.1.1,60.18215936681601,2025-11-15 01h36.00.906808 +0530,
→,0.5,valid,right,369,9,36,right,1,0.381610600015847,None,36,9,369,0,601.7643947000033,,,,,,,,,601.749675900006,601.7643947000033,602.2646882999979,602.2646882999979,602.5645866999985,602.8476449000009,602.8476449000009,603.2314199999964,right,1,0.381610600015847,None,,,,,05,001,2025-11-15_01h35.53.183,cueing_task_exp,,2025.1.1,60.18215936681601,2025-11-15 01h36.00.906808 +0530,
→,0.5,valid,right,370,0,37,right,1,0.3586063999973703,None,37,0,370,7,603.2476261999982,,,,,,,,,603.2317363000184,603.2476261999982,603.7314771999954,603.7314771999954,604.0310720000125,604.3311351000157,604.3311351000157,604.6986112000013,right,1,0.3586063999973703,None,,,,,05,001,2025-11-15_01h35.53.183,cueing_task_exp,,2025.1.1,60.18215936681601,2025-11-15 01h36.00.906808 +0530,
←,-0.5,valid,left,371,1,37,left,1,0.44364099999074824,None,37,1,371,1,604.7143783000065,,,,,,,,,604.7007877000142,604.7143783000065,605.1978481000115,605.1978481000115,605.4981177000154,605.7984339999966,605.7984339999966,606.2484803000116,left,1,0.44364099999074824,None,,,,,05,001,2025-11-15_01h35.53.183,cueing_task_exp,,2025.1.1,60.18215936681601,2025-11-15 01h36.00.906808 +0530,
←,-0.5,valid,left,372,2,37,left,1,0.689933799993014,None,37,2,372,6,606.2640533999947,,,,,,,,,606.2489202000143,606.2640533999947,606.7480920999951,606.7480920999951,607.0480089000193,607.3489585999923,607.3489585999923,608.0494085999962,left,1,0.689933799993014,None,,,,,05,001,2025-11-15_01h35.53.183,cueing_task_exp,,2025.1.1,60.18215936681601,2025-11-15 01h36.00.906808 +0530,
→,0.5,valid,right,373,3,37,right,1,0.4495085999951698,None,37,3,373,3,608.0648577999964,,,,,,,,,608.0510436000186,608.0648577999964,608.5648053000041,608.5648053000041,608.8657970000058,609.1644259000022,609.1644259000022,609.6153003000072,right,1,0.4495085999951698,None,,,,,05,001,2025-11-15_01h35.53.183,cueing_task_exp,,2025.1.1,60.18215936681601,2025-11-15 01h36.00.906808 +0530,
←,-0.5,valid,left,374,4,37,left,1,0.37401260001934133,None,37,4,374,4,609.6311943000183,,,,,,,,,609.6173193000141,609.6311943000183,610.1153722000017,610.1153722000017,610.4149450999976,610.7147024000005,610.7147024000005,611.099421699997,left,1,0.37401260001934133,None,,,,,05,001,2025-11-15_01h35.53.183,cueing_task_exp,,2025.1.1,60.18215936681601,2025-11-15 01h36.00.906808 +0530,
←,-0.5,valid,left,375,5,37,left,1,0.5348199000000022,None,37,5,375,5,611.1146332999924,,,,,,,,,611.0999298999959,611.1146332999924,611.6146076000005,611.6146076000005,611.8979495000094,612.1987698000157,612.1987698000157,612.7481461999996,left,1,0.5348199000000022,None,,,,,05,001,2025-11-15_01h35.53.183,cueing_task_exp,,2025.1.1,60.18215936681601,2025-11-15 01h36.00.906808 +0530,
→,-0.5,invalid,left,376,6,37,left,1,1.1012045000097714,None,37,6,376,8,612.764613700012,,,,,,,,,612.7498401000048,612.764613700012,613.2481527999917,613.2481527999917,613.5480867000006,613.8484715000086,613.8484715000086,614.9653626999934,left,1,1.1012045000097714,None,,,,,05,001,2025-11-15_01h35.53.183,cueing_task_exp,,2025.1.1,60.18215936681601,2025-11-15 01h36.00.906808 +0530,
→,0.5,valid,right,377,7,37,right,1,0.4710989000159316,None,37,7,377,0,614.9814725000178,,,,,,,,,614.965873100009,614.9814725000178,615.464756500005,615.464756500005,615.764723500004,616.0647162999958,616.0647162999958,616.5490952999971,right,1,0.4710989000159316,None,,,,,05,001,2025-11-15_01h35.53.183,cueing_task_exp,,2025.1.1,60.18215936681601,2025-11-15 01h36.00.906808 +0530,
→,0.5,valid,right,378,8,37,right,1,0.37041560001671314,None,37,8,378,2,616.5649950999941,,,,,,,,,616.5496947999927,616.5649950999941,617.064907699998,617.064907699998,617.349005600001,617.665089200018,617.665089200018,618.049268600007,right,1,0.37041560001671314,None,,,,,05,001,2025-11-15_01h35.53.183,cueing_task_exp,,2025.1.1,60.18215936681601,2025-11-15 01h36.00.906808 +0530,
←,0.5,invalid,right,379,9,37,right,1,1.048385700007202,None,37,9,379,9,618.064727399993,,,,,,,,,618.051286700007,618.064727399993,618.5647037000163,618.5647037000163,618.8650544999982,619.164637800015,619.164637800015,620.2152522999968,right,1,1.048385700007202,None,,,,,05,001,2025-11-15_01h35.53.183,cueing_task_exp,,2025.1.1,60.18215936681601,2025-11-15 01h36.00.906808 +0530,
→,0.5,valid,right,380,0,38,right,1,1.0033141000021715,None,38,0,380,3,620.2312730000122,,,,,,,,,620.217246300017,620.2312730000122,620.7146453000023,620.7146453000023,621.0149054999929,621.314717900008,621.314717900008,622.3320562000154,right,1,1.0033141000021715,None,,,,,05,001,2025-11-15_01h35.53.183,cueing_task_exp,,2025.1.1,60.18215936681601,2025-11-15 01h36.00.906808 +0530,
→,0.5,valid,right,381,1,38,right,1,0.5864717999938875,None,38,1,381,2,622.3479617999983,,,,,,,,,622.3325665000011,622.3479617999983,622.8322820000176,622.8322820000176,623.1324996000039,623.4315397000173,623.4315397000173,624.032125400001,right,1,0.5864717999938875,None,,,,,05,001,2025-11-15_01h35.53.183,cueing_task_exp,,2025.1.1,60.18215936681601,2025-11-15 01h36.00.906808 +0530,
←,0.5,invalid,right,382,2,38,right,1,1.0099286999902688,None,38,2,382,9,624.0482857000025,,,,,,,,,624.0339965000167,624.0482857000025,624.531372700003,624.531372700003,624.8313438000041,625.1316306999943,625.1316306999943,626.1485046000162,right,1,1.0099286999902688,None,,,,,05,001,2025-11-15_01h35.53.183,cueing_task_exp,,2025.1.1,60.18215936681601,2025-11-15 01h36.00.906808 +0530,
←,-0.5,valid,left,383,3,38,left,1,0.6612159000069369,None,38,3,383,1,626.1656200000143,,,,,,,,,626.1488566000189,626.1656200000143,626.6484419000044,626.6484419000044,626.9487551000202,627.2481626000081,627.2481626000081,627.9152124999964,left,1,0.6612159000069369,None,,,,,05,001,2025-11-15_01h35.53.183,cueing_task_exp,,2025.1.1,60.18215936681601,2025-11-15 01h36.00.906808 +0530,
→,0.5,valid,right,384,4,38,right,1,0.5911686999897938,None,38,4,384,0,627.9325461999979,,,,,,,,,627.9171781000041,627.9325461999979,628.4155061000201,628.4155061000201,628.7165191000095,629.0156625999953,629.0156625999953,629.6156130000018,right,1,0.5911686999897938,None,,,,,05,001,2025-11-15_01h35.53.183,cueing_task_exp,,2025.1.1,60.18215936681601,2025-11-15 01h36.00.906808 +0530,
←,-0.5,valid,left,385,5,38,left,1,0.3573229000030551,None,38,5,385,4,629.6316389999993,,,,,,,,,629.61715190002,629.6316389999993,630.1320711000008,630.1320711000008,630.4151242999942,630.71490240001,630.71490240001,631.0824039000145,left,1,0.3573229000030551,None,,,,,05,001,2025-11-15_01h35.53.183,cueing_task_exp,,2025.1.1,60.18215936681601,2025-11-15 01h36.00.906808 +0530,
←,-0.5,valid,left,386,6,38,left,1,0.3609393000078853,None,38,6,386,5,631.0984059000039,,,,,,,,,631.0828394000127,631.0984059000039,631.5816047000117,631.5816047000117,631.8815937000036,632.1817104000074,632.1817104000074,632.5493409000046,left,1,0.3609393000078853,None,,,,,05,001,2025-11-15_01h35.53.183,cueing_task_exp,,2025.1.1,60.18215936681601,2025-11-15 01h36.00.906808 +0530,
→,0.5,valid,right,387,7,38,right,1,0.5112658999860287,None,38,7,387,7,632.5654827000108,,,,,,,,,632.5512914000137,632.5654827000108,633.0485985999985,633.0485985999985,633.3650720000151,633.6488736000028,633.6488736000028,634.1657310000155,right,1,0.5112658999860287,None,,,,,05,001,2025-11-15_01h35.53.183,cueing_task_exp,,2025.1.1,60.18215936681601,2025-11-15 01h36.00.906808 +0530,
←,-0.5,valid,left,388,8,38,left,1,0.6825356000044849,None,38,8,388,6,634.1822249999968,,,,,,,,,634.1673068999953,634.1822249999968,634.6648329000163,634.6648329000163,634.9650659000035,635.2651889999979,635.2651889999979,635.9486229000031,left,1,0.6825356000044849,None,,,,,05,001,2025-11-15_01h35.53.183,cueing_task_exp,,2025.1.1,60.18215936681601,2025-11-15 01h36.00.906808 +0530,
→,-0.5,invalid,left,389,9,38,left,1,1.3333436999819241,None,38,9,389,8,635.9650264999946,,,,,,,,,635.9505293999973,635.9650264999946,636.4483569000149,636.4483569000149,636.7487892000063,637.0484201000072,637.0484201000072,638.3993734999967,left,1,1.3333436999819241,None,,,,,05,001,2025-11-15_01h35.53.183,cueing_task_exp,,2025.1.1,60.18215936681601,2025-11-15 01h36.00.906808 +0530,
←,0.5,invalid,right,390,0,39,right,1,1.026119199988898,None,39,0,390,9,638.4150539000111,,,,,,,,,638.4011969999992,638.4150539000111,638.8985301000066,638.8985301000066,639.1985161000048,639.5156379000109,639.5156379000109,640.5490020000143,right,1,1.026119199988898,None,,,,,05,001,2025-11-15_01h35.53.183,cueing_task_exp,,2025.1.1,60.18215936681601,2025-11-15 01h36.00.906808 +0530,
←,-0.5,valid,left,391,1,39,left,1,0.5790905999892857,None,39,1,391,1,640.5650314000086,,,,,,,,,640.5493246999977,640.5650314000086,641.049330400012,641.049330400012,641.3485229999933,641.6485145000042,641.6485145000042,642.232284800004,left,1,0.5790905999892857,None,,,,,05,001,2025-11-15_01h35.53.183,cueing_task_exp,,2025.1.1,60.18215936681601,2025-11-15 01h36.00.906808 +0530,
→,0.5,valid,right,392,2,39,right,1,0.312942100019427,None,39,2,392,0,642.2483459000068,,,,,,,,,642.2347922000044,642.2483459000068,642.733023000008,642.733023000008,643.0317675000115,643.3316774000123,643.3316774000123,643.6498136000009,right,1,0.312942100019427,None,,,,,05,001,2025-11-15_01h35.53.183,cueing_task_exp,,2025.1.1,60.18215936681601,2025-11-15 01h36.00.906808 +0530,
→,0.5,valid,right,393,3,39,right,1,0.3281587999954354,None,39,3,393,2,643.665044399997,,,,,,,,,643.6503281000187,643.665044399997,644.1652226000151,644.1652226000151,644.4654427000205,644.7490082000149,644.7490082000149,645.0832913000195,right,1,0.3281587999954354,None,,,,,05,001,2025-11-15_01h35.53.183,cueing_task_exp,,2025.1.1,60.18215936681601,2025-11-15 01h36.00.906808 +0530,
→,0.5,valid,right,394,4,39,right,1,0.2668264999811072,None,39,4,394,7,645.0991571000195,,,,,,,,,645.0836240999924,645.0991571000195,645.5987284000148,645.5987284000148,645.8985086000175,646.1984664000047,646.1984664000047,646.466674299998,right,1,0.2668264999811072,None,,,,,05,001,2025-11-15_01h35.53.183,cueing_task_exp,,2025.1.1,60.18215936681601,2025-11-15 01h36.00.906808 +0530,
←,-0.5,valid,left,395,5,39,left,1,0.334628500015242,None,39,5,395,4,646.4820278999978,,,,,,,,,646.4684798000089,646.4820278999978,646.9651585000101,646.9651585000101,647.2653131000116,647.5818767000164,647.5818767000164,647.9323950000107,left,1,0.334628500015242,None,,,,,05,001,2025-11-15_01h35.53.183,cueing_task_exp,,2025.1.1,60.18215936681601,2025-11-15 01h36.00.906808 +0530,
←,-0.5,valid,left,396,6,39,left,1,0.37532640001154505,None,39,6,396,6,647.9489852999977,,,,,,,,,647.9328575000109,647.9489852999977,648.4326999000041,648.4326999000041,648.732506100001,649.0320075000054,649.0320075000054,649.4156705000205,left,1,0.37532640001154505,None,,,,,05,001,2025-11-15_01h35.53.183,cueing_task_exp,,2025.1.1,60.18215936681601,2025-11-15 01h36.00.906808 +0530,
←,-0.5,valid,left,397,7,39,left,1,0.49860580000677146,None,39,7,397,5,649.4324300000153,,,,,,,,,649.4160062000155,649.4324300000153,649.9153918999946,649.9153918999946,650.2156920999987,650.5154430000111,650.5154430000111,651.0157544999965,left,1,0.49860580000677146,None,,,,,05,001,2025-11-15_01h35.53.183,cueing_task_exp,,2025.1.1,60.18215936681601,2025-11-15 01h36.00.906808 +0530,
→,-0.5,invalid,left,398,8,39,left,1,1.136625399987679,None,39,8,398,8,651.032623600011,,,,,,,,,651.0177374000195,651.032623600011,651.5152995999961,651.5152995999961,651.815723000007,652.1151323000086,652.1151323000086,653.2655984000012,left,1,1.136625399987679,None,,,,,05,001,2025-11-15_01h35.53.183,cueing_task_exp,,2025.1.1,60.18215936681601,2025-11-15 01h36.00.906808 +0530,
→,0.5,valid,right,399,9,39,right,1,0.9035460999875795,None,39,9,399,3,653.2817102000117,,,,,,,,,653.2659298999934,653.2817102000117,653.7654567999998,653.7654567999998,654.0657465000113,654.3667166999949,654.3667166999949,655.2825652000029,right,1,0.9035460999875795,None,,,,,05,001,2025-11-15_01h35.53.183,cueing_task_exp,,2025.1.1,60.18215936681601,2025-11-15 01h36.00.906808 +0530,
,,,,,,,,,,,,,,,,,,,,,,,,,,,,,,,,,,,,655.2830581000017,655.2993657000188,655.4989285000192,655.4823135000188,05,001,2025-11-15_01h35.53.183,cueing_task_exp,,2025.1.1,60.18215936681601,2025-11-15 01h36.00.906808 +0530,
