14.6070 	INFO 	Loaded monitor calibration from ['2025_08_12 09:11']
14.6252 	WARNING 	User requested fullscreen with size [1024  768], but screen is actually [1920, 1080]. Using actual size
15.3696 	INFO 	Using renderer 'AMD Radeon(TM) Graphics' for graphics
15.3697 	INFO 	OpenGL version supported by driver is 4..
15.4674 	EXP 	Created window1 = Window(allowGUI=False, allowStencil=False, autoLog=True, backendConf=UNKNOWN, backgroundFit=<method-wrapper '__getattribute__' of attributeSetter object at 0x000002143FFEE230>, backgroundImage=<method-wrapper '__getattribute__' of attributeSetter object at 0x000002143FFEE1D0>, bitsMode=UNKNOWN, blendMode='avg', bpc=(8, 8, 8), color=array([0, 0, 0]), colorSpace='rgb', depthBits=8, fullscr=True, gamma=None, gammaErrorPolicy='raise', infoMsg=UNKNOWN, lms=UNKNOWN, monitor=<psychopy.monitors.calibTools.Monitor object at 0x00000214400A3A90>, multiSample=False, name='window1', numSamples=2, pos=[np.float64(0.0), np.float64(0.0)], screen=0, size=array([1920, 1080]), stencilBits=0, stereo=False, title='PsychoPy', units='height', useFBO=True, useRetina=False, viewOri=0.0, viewPos=None, viewScale=None, waitBlanking=True, winType='pyglet')
15.4675 	EXP 	window1: backgroundImage = ''
15.4675 	EXP 	window1: backgroundFit = 'none'
15.9745 	EXP 	window1: Attempting to measure frame rate of screen (0) ...
15.9746 	EXP 	window1: recordFrameIntervals = False
16.1658 	EXP 	window1: recordFrameIntervals = True
16.3492 	EXP 	Screen (0) actual frame rate measured at 60.18Hz
16.3493 	EXP 	window1: recordFrameIntervals = False
16.4135 	INFO 	keyboard.Keyboard is using ptb backend.
16.4137 	INFO 	keyboard.Keyboard is using ptb backend.
16.4138 	INFO 	keyboard.Keyboard is using ptb backend.
16.4138 	EXP 	cueing_task_exp: status = STARTED
16.5932 	EXP 	Created welcome_text = TextStim(__class__=<class 'psychopy.visual.text.TextStim'>, alignHoriz=method-wrapper(...), alignText='center', alignVert=method-wrapper(...), anchorHoriz='center', anchorVert='center', antialias=True, autoDraw=False, autoLog=True, bold=False, color=array([1., 1., 1.]), colorSpace='rgb', contrast=1.0, depth=0.0, draggable=False, flipHoriz=False, flipVert=False, font='Arial', fontFiles=[], height=np.float64(0.05), italic=False, languageStyle='LTR', name='welcome_text', opacity=1, ori=0.0, pos=array([0., 0.]), rgb=UNKNOWN, text=str(...), units='height', win=Window(...), wrapWidth=1)
16.6008 	EXP 	Created fixation = ShapeStim(__class__=<class 'psychopy.visual.shape.ShapeStim'>, anchor=('center', 'center'), autoDraw=False, autoLog=True, closeShape=True, color=method-wrapper(...), colorSpace='rgb', contrast=None, depth=0.0, draggable=False, fillColor=array([1, 1, 1]), fillColorSpace='rgb', fillRGB=array([1, 1, 1]), interpolate=True, lineColor=array([1., 1., 1.]), lineColorSpace='rgb', lineRGB=array([1, 1, 1]), lineWidth=1.0, name='fixation', opacity=1, ori=0.0, pos=array([0., 0.]), size=array([0.05, 0.05]), units='height', vertices=ndarray(...), win=Window(...), windingRule=None)
16.6026 	EXP 	Created cue_text = TextStim(__class__=<class 'psychopy.visual.text.TextStim'>, alignHoriz=method-wrapper(...), alignText='center', alignVert=method-wrapper(...), anchorHoriz='center', anchorVert='center', antialias=True, autoDraw=False, autoLog=True, bold=False, color=array([1., 1., 1.]), colorSpace='rgb', contrast=1.0, depth=-1.0, draggable=False, flipHoriz=False, flipVert=False, font='Arial', fontFiles=[], height=0.1, italic=False, languageStyle='LTR', name='cue_text', opacity=1, ori=0.0, pos=array([0., 0.]), rgb=UNKNOWN, text='', units='height', win=Window(...), wrapWidth=1)
16.6047 	EXP 	Created target = Rect(__class__=<class 'psychopy.visual.rect.Rect'>, anchor=('center', 'center'), autoDraw=False, autoLog=True, closeShape=True, color=method-wrapper(...), colorSpace='rgb', contrast=None, depth=-2.0, draggable=False, fillColor=array([1., 1., 1.]), fillColorSpace='rgb', fillRGB=array([1., 1., 1.]), interpolate=True, lineColor=array([1., 1., 1.]), lineColorSpace='rgb', lineRGB=array([1., 1., 1.]), lineWidth=1.0, name='target', opacity=1, ori=0.0, pos=array([0., 0.]), size=array([0.15, 0.15]), units='height', vertices=ndarray(...), win=Window(...))
16.6115 	EXP 	Created text = TextStim(__class__=<class 'psychopy.visual.text.TextStim'>, alignHoriz=method-wrapper(...), alignText='center', alignVert=method-wrapper(...), anchorHoriz='center', anchorVert='center', antialias=True, autoDraw=False, autoLog=True, bold=False, color=array([1., 1., 1.]), colorSpace='rgb', contrast=1.0, depth=0.0, draggable=False, flipHoriz=False, flipVert=False, font='Arial', fontFiles=[], height=np.float64(0.05), italic=False, languageStyle='LTR', name='text', opacity=1, ori=0.0, pos=array([0., 0.]), rgb=UNKNOWN, text=str(...), units='height', win=Window(...), wrapWidth=1)
0.0217 	INFO 	Keyboard events cleared
0.0216 	EXP 	welcome_text: autoDraw = True
6.3187 	EXP 	Device response: <KeyPress from None: t=6.292481400014367, value=space, duration=None>
6.3287 	EXP 	Imported conditions_file.xlsx as conditions, 10 conditions, 4 params
6.3327 	EXP 	New trial (rep=0, index=0): <Trial 0 (0 in rep 0) data={'cue_arrow': '←', 'target_x': -0.5, 'condition': 'valid', 'corr_Ans': 'left', 'thisN': 0, 'thisTrialN': 0, 'thisRepN': 0}>
6.3448 	DATA 	Keypress: space
6.3520 	EXP 	welcome_text: autoDraw = False
6.3520 	EXP 	cue_text: height = np.float64(0.1)
6.3520 	EXP 	cue_text: height = np.float64(0.1)
6.3520 	EXP 	cue_text: height = np.float64(0.1)
6.3520 	EXP 	cue_text: text = '←'
6.3520 	EXP 	fixation: autoDraw = True
6.3796 	EXP 	Device response: <KeyPress from None: t=6.292481400014367, value=space, duration=0.08643100000335835>
6.8290 	EXP 	fixation: autoDraw = False
6.8290 	EXP 	cue_text: autoDraw = True
7.1293 	EXP 	cue_text: autoDraw = False
7.4292 	INFO 	Keyboard events cleared
7.4291 	EXP 	target: autoDraw = True
7.9461 	EXP 	Device response: <KeyPress from None: t=7.945095000002766, value=left, duration=None>
7.9463 	EXP 	New trial (rep=0, index=1): <Trial 1 (1 in rep 0) data={'cue_arrow': '→', 'target_x': 0.5, 'condition': 'valid', 'corr_Ans': 'right', 'thisN': 1, 'thisTrialN': 1, 'thisRepN': 0}>
7.9513 	DATA 	Keypress: left
7.9624 	EXP 	fixation: autoDraw = False
7.9624 	EXP 	cue_text: autoDraw = False
7.9624 	EXP 	target: autoDraw = False
7.9624 	EXP 	cue_text: height = np.float64(0.1)
7.9624 	EXP 	cue_text: height = np.float64(0.1)
7.9624 	EXP 	cue_text: height = np.float64(0.1)
7.9624 	EXP 	cue_text: text = '→'
7.9624 	EXP 	fixation: autoDraw = True
8.0795 	EXP 	Device response: <KeyPress from None: t=7.945095000002766, value=left, duration=0.11756020001485012>
8.4458 	EXP 	fixation: autoDraw = False
8.4458 	EXP 	cue_text: autoDraw = True
8.7456 	EXP 	cue_text: autoDraw = False
9.0457 	INFO 	Keyboard events cleared
9.0455 	EXP 	target: autoDraw = True
9.2629 	EXP 	Device response: <KeyPress from None: t=9.253246300009778, value=right, duration=None>
9.2632 	EXP 	New trial (rep=0, index=2): <Trial 2 (2 in rep 0) data={'cue_arrow': '→', 'target_x': 0.5, 'condition': 'valid', 'corr_Ans': 'right', 'thisN': 2, 'thisTrialN': 2, 'thisRepN': 0}>
9.2642 	DATA 	Keypress: right
9.2797 	EXP 	fixation: autoDraw = False
9.2797 	EXP 	cue_text: autoDraw = False
9.2797 	EXP 	target: autoDraw = False
9.2797 	EXP 	cue_text: text = '→'
9.2797 	EXP 	fixation: autoDraw = True
9.4296 	EXP 	Device response: <KeyPress from None: t=9.253246300009778, value=right, duration=0.16737330000614747>
9.7625 	EXP 	fixation: autoDraw = False
9.7625 	EXP 	cue_text: autoDraw = True
10.0629 	EXP 	cue_text: autoDraw = False
10.3634 	INFO 	Keyboard events cleared
10.3633 	EXP 	target: autoDraw = True
10.7297 	EXP 	Device response: <KeyPress from None: t=10.727034900017316, value=right, duration=None>
10.7299 	EXP 	New trial (rep=0, index=3): <Trial 3 (3 in rep 0) data={'cue_arrow': '←', 'target_x': -0.5, 'condition': 'valid', 'corr_Ans': 'left', 'thisN': 3, 'thisTrialN': 3, 'thisRepN': 0}>
10.7322 	DATA 	Keypress: right
10.7457 	EXP 	fixation: autoDraw = False
10.7457 	EXP 	cue_text: autoDraw = False
10.7457 	EXP 	target: autoDraw = False
10.7457 	EXP 	cue_text: height = np.float64(0.1)
10.7457 	EXP 	cue_text: height = np.float64(0.1)
10.7457 	EXP 	cue_text: height = np.float64(0.1)
10.7457 	EXP 	cue_text: text = '←'
10.7457 	EXP 	fixation: autoDraw = True
10.8964 	EXP 	Device response: <KeyPress from None: t=10.727034900017316, value=right, duration=0.1619541999825742>
11.2291 	EXP 	fixation: autoDraw = False
11.2291 	EXP 	cue_text: autoDraw = True
11.5291 	EXP 	cue_text: autoDraw = False
11.8291 	INFO 	Keyboard events cleared
11.8290 	EXP 	target: autoDraw = True
12.2796 	EXP 	Device response: <KeyPress from None: t=12.27384660000098, value=left, duration=None>
12.2799 	EXP 	New trial (rep=0, index=4): <Trial 4 (4 in rep 0) data={'cue_arrow': '→', 'target_x': -0.5, 'condition': 'invalid', 'corr_Ans': 'left', 'thisN': 4, 'thisTrialN': 4, 'thisRepN': 0}>
12.2828 	DATA 	Keypress: left
12.2956 	EXP 	fixation: autoDraw = False
12.2956 	EXP 	cue_text: autoDraw = False
12.2956 	EXP 	target: autoDraw = False
12.2956 	EXP 	cue_text: height = np.float64(0.1)
12.2956 	EXP 	cue_text: height = np.float64(0.1)
12.2956 	EXP 	cue_text: height = np.float64(0.1)
12.2956 	EXP 	cue_text: text = '→'
12.2956 	EXP 	fixation: autoDraw = True
12.4798 	EXP 	Device response: <KeyPress from None: t=12.27384660000098, value=left, duration=0.19517089999862947>
12.7796 	EXP 	fixation: autoDraw = False
12.7796 	EXP 	cue_text: autoDraw = True
13.0792 	EXP 	cue_text: autoDraw = False
13.3797 	INFO 	Keyboard events cleared
13.3795 	EXP 	target: autoDraw = True
13.5294 	EXP 	Device response: <KeyPress from None: t=13.527811200008728, value=right, duration=None>
13.5296 	EXP 	New trial (rep=0, index=5): <Trial 5 (5 in rep 0) data={'cue_arrow': '→', 'target_x': 0.5, 'condition': 'valid', 'corr_Ans': 'right', 'thisN': 5, 'thisTrialN': 5, 'thisRepN': 0}>
13.5306 	DATA 	Keypress: right
13.5462 	EXP 	fixation: autoDraw = False
13.5462 	EXP 	cue_text: autoDraw = False
13.5462 	EXP 	target: autoDraw = False
13.5462 	EXP 	cue_text: text = '→'
13.5462 	EXP 	fixation: autoDraw = True
13.6128 	EXP 	Device response: <KeyPress from None: t=13.527811200008728, value=right, duration=0.0693193000042811>
14.0291 	EXP 	fixation: autoDraw = False
14.0291 	EXP 	cue_text: autoDraw = True
14.3298 	EXP 	cue_text: autoDraw = False
14.6294 	INFO 	Keyboard events cleared
14.6293 	EXP 	target: autoDraw = True
15.3964 	EXP 	Device response: <KeyPress from None: t=15.385361900000134, value=right, duration=None>
15.3966 	EXP 	New trial (rep=0, index=6): <Trial 6 (6 in rep 0) data={'cue_arrow': '←', 'target_x': -0.5, 'condition': 'valid', 'corr_Ans': 'left', 'thisN': 6, 'thisTrialN': 6, 'thisRepN': 0}>
15.3997 	DATA 	Keypress: right
15.4132 	EXP 	fixation: autoDraw = False
15.4132 	EXP 	cue_text: autoDraw = False
15.4132 	EXP 	target: autoDraw = False
15.4132 	EXP 	cue_text: height = np.float64(0.1)
15.4132 	EXP 	cue_text: height = np.float64(0.1)
15.4132 	EXP 	cue_text: height = np.float64(0.1)
15.4132 	EXP 	cue_text: text = '←'
15.4132 	EXP 	fixation: autoDraw = True
15.5794 	EXP 	Device response: <KeyPress from None: t=15.385361900000134, value=right, duration=0.18346329999621958>
15.8962 	EXP 	fixation: autoDraw = False
15.8962 	EXP 	cue_text: autoDraw = True
16.1958 	EXP 	cue_text: autoDraw = False
16.4959 	INFO 	Keyboard events cleared
16.4958 	EXP 	target: autoDraw = True
16.7630 	EXP 	Device response: <KeyPress from None: t=16.747857200010912, value=left, duration=None>
16.7633 	EXP 	New trial (rep=0, index=7): <Trial 7 (7 in rep 0) data={'cue_arrow': '←', 'target_x': -0.5, 'condition': 'valid', 'corr_Ans': 'left', 'thisN': 7, 'thisTrialN': 7, 'thisRepN': 0}>
16.7647 	DATA 	Keypress: left
16.7792 	EXP 	fixation: autoDraw = False
16.7792 	EXP 	cue_text: autoDraw = False
16.7792 	EXP 	target: autoDraw = False
16.7792 	EXP 	cue_text: text = '←'
16.7792 	EXP 	fixation: autoDraw = True
16.9133 	EXP 	Device response: <KeyPress from None: t=16.747857200010912, value=left, duration=0.15966380000463687>
17.2625 	EXP 	fixation: autoDraw = False
17.2625 	EXP 	cue_text: autoDraw = True
17.5627 	EXP 	cue_text: autoDraw = False
17.8630 	INFO 	Keyboard events cleared
17.8627 	EXP 	target: autoDraw = True
18.1973 	DATA 	Keypress: left
18.2131 	EXP 	Device response: <KeyPress from None: t=18.196378699998604, value=left, duration=None>
18.2134 	EXP 	New trial (rep=0, index=8): <Trial 8 (8 in rep 0) data={'cue_arrow': '←', 'target_x': 0.5, 'condition': 'invalid', 'corr_Ans': 'right', 'thisN': 8, 'thisTrialN': 8, 'thisRepN': 0}>
18.2294 	EXP 	fixation: autoDraw = False
18.2294 	EXP 	cue_text: autoDraw = False
18.2294 	EXP 	target: autoDraw = False
18.2294 	EXP 	cue_text: text = '←'
18.2294 	EXP 	fixation: autoDraw = True
18.3639 	EXP 	Device response: <KeyPress from None: t=18.196378699998604, value=left, duration=0.1603012999985367>
18.7131 	EXP 	fixation: autoDraw = False
18.7131 	EXP 	cue_text: autoDraw = True
19.0126 	EXP 	cue_text: autoDraw = False
19.3127 	INFO 	Keyboard events cleared
19.3126 	EXP 	target: autoDraw = True
19.6466 	EXP 	Device response: <KeyPress from None: t=19.63274739999906, value=left, duration=None>
19.6468 	EXP 	New trial (rep=0, index=9): <Trial 9 (9 in rep 0) data={'cue_arrow': '→', 'target_x': 0.5, 'condition': 'valid', 'corr_Ans': 'right', 'thisN': 9, 'thisTrialN': 9, 'thisRepN': 0}>
19.6498 	DATA 	Keypress: left
19.6624 	EXP 	fixation: autoDraw = False
19.6624 	EXP 	cue_text: autoDraw = False
19.6624 	EXP 	target: autoDraw = False
19.6624 	EXP 	cue_text: height = np.float64(0.1)
19.6624 	EXP 	cue_text: height = np.float64(0.1)
19.6624 	EXP 	cue_text: height = np.float64(0.1)
19.6624 	EXP 	cue_text: text = '→'
19.6624 	EXP 	fixation: autoDraw = True
19.8128 	EXP 	Device response: <KeyPress from None: t=19.63274739999906, value=left, duration=0.1734248000138905>
20.1462 	EXP 	fixation: autoDraw = False
20.1462 	EXP 	cue_text: autoDraw = True
20.4466 	EXP 	cue_text: autoDraw = False
20.7463 	INFO 	Keyboard events cleared
20.7462 	EXP 	target: autoDraw = True
21.0969 	EXP 	Device response: <KeyPress from None: t=21.08295640000142, value=left, duration=None>
21.0973 	EXP 	New trial (rep=1, index=0): <Trial 10 (0 in rep 1) data={'cue_arrow': '←', 'target_x': -0.5, 'condition': 'valid', 'corr_Ans': 'left', 'thisN': 10, 'thisTrialN': 0, 'thisRepN': 1}>
21.0996 	DATA 	Keypress: left
21.1129 	EXP 	fixation: autoDraw = False
21.1129 	EXP 	cue_text: autoDraw = False
21.1129 	EXP 	target: autoDraw = False
21.1129 	EXP 	cue_text: height = np.float64(0.1)
21.1129 	EXP 	cue_text: height = np.float64(0.1)
21.1129 	EXP 	cue_text: height = np.float64(0.1)
21.1129 	EXP 	cue_text: text = '←'
21.1129 	EXP 	fixation: autoDraw = True
21.2642 	EXP 	Device response: <KeyPress from None: t=21.08295640000142, value=left, duration=0.1796567999990657>
21.6129 	EXP 	fixation: autoDraw = False
21.6129 	EXP 	cue_text: autoDraw = True
21.9129 	EXP 	cue_text: autoDraw = False
22.1964 	INFO 	Keyboard events cleared
22.1963 	EXP 	target: autoDraw = True
22.5635 	EXP 	Device response: <KeyPress from None: t=22.55041140000685, value=left, duration=None>
22.5638 	EXP 	New trial (rep=1, index=1): <Trial 11 (1 in rep 1) data={'cue_arrow': '→', 'target_x': 0.5, 'condition': 'valid', 'corr_Ans': 'right', 'thisN': 11, 'thisTrialN': 1, 'thisRepN': 1}>
22.5665 	DATA 	Keypress: left
22.5793 	EXP 	fixation: autoDraw = False
22.5793 	EXP 	cue_text: autoDraw = False
22.5793 	EXP 	target: autoDraw = False
22.5793 	EXP 	cue_text: height = np.float64(0.1)
22.5793 	EXP 	cue_text: height = np.float64(0.1)
22.5793 	EXP 	cue_text: height = np.float64(0.1)
22.5793 	EXP 	cue_text: text = '→'
22.5793 	EXP 	fixation: autoDraw = True
22.7316 	EXP 	Device response: <KeyPress from None: t=22.55041140000685, value=left, duration=0.16428090000408702>
23.0626 	EXP 	fixation: autoDraw = False
23.0626 	EXP 	cue_text: autoDraw = True
23.3627 	EXP 	cue_text: autoDraw = False
23.6631 	INFO 	Keyboard events cleared
23.6630 	EXP 	target: autoDraw = True
24.0464 	EXP 	Device response: <KeyPress from None: t=24.044392100011464, value=right, duration=None>
24.0467 	EXP 	New trial (rep=1, index=2): <Trial 12 (2 in rep 1) data={'cue_arrow': '←', 'target_x': -0.5, 'condition': 'valid', 'corr_Ans': 'left', 'thisN': 12, 'thisTrialN': 2, 'thisRepN': 1}>
24.0496 	DATA 	Keypress: right
24.0629 	EXP 	fixation: autoDraw = False
24.0629 	EXP 	cue_text: autoDraw = False
24.0629 	EXP 	target: autoDraw = False
24.0629 	EXP 	cue_text: height = np.float64(0.1)
24.0629 	EXP 	cue_text: height = np.float64(0.1)
24.0629 	EXP 	cue_text: height = np.float64(0.1)
24.0629 	EXP 	cue_text: text = '←'
24.0629 	EXP 	fixation: autoDraw = True
24.1977 	EXP 	Device response: <KeyPress from None: t=24.044392100011464, value=right, duration=0.1449879999854602>
24.5462 	EXP 	fixation: autoDraw = False
24.5462 	EXP 	cue_text: autoDraw = True
24.8460 	EXP 	cue_text: autoDraw = False
25.1467 	INFO 	Keyboard events cleared
25.1466 	EXP 	target: autoDraw = True
25.4468 	EXP 	Device response: <KeyPress from None: t=25.44388420000905, value=left, duration=None>
25.4470 	EXP 	New trial (rep=1, index=3): <Trial 13 (3 in rep 1) data={'cue_arrow': '←', 'target_x': -0.5, 'condition': 'valid', 'corr_Ans': 'left', 'thisN': 13, 'thisTrialN': 3, 'thisRepN': 1}>
25.4480 	DATA 	Keypress: left
25.4627 	EXP 	fixation: autoDraw = False
25.4627 	EXP 	cue_text: autoDraw = False
25.4627 	EXP 	target: autoDraw = False
25.4627 	EXP 	cue_text: text = '←'
25.4627 	EXP 	fixation: autoDraw = True
25.6134 	EXP 	Device response: <KeyPress from None: t=25.44388420000905, value=left, duration=0.16751629998907447>
25.9464 	EXP 	fixation: autoDraw = False
25.9464 	EXP 	cue_text: autoDraw = True
26.2630 	EXP 	cue_text: autoDraw = False
26.5469 	INFO 	Keyboard events cleared
26.5467 	EXP 	target: autoDraw = True
26.8462 	EXP 	Device response: <KeyPress from None: t=26.842369599995436, value=left, duration=None>
26.8465 	EXP 	New trial (rep=1, index=4): <Trial 14 (4 in rep 1) data={'cue_arrow': '←', 'target_x': 0.5, 'condition': 'invalid', 'corr_Ans': 'right', 'thisN': 14, 'thisTrialN': 4, 'thisRepN': 1}>
26.8474 	DATA 	Keypress: left
26.8630 	EXP 	fixation: autoDraw = False
26.8630 	EXP 	cue_text: autoDraw = False
26.8630 	EXP 	target: autoDraw = False
26.8630 	EXP 	cue_text: text = '←'
26.8630 	EXP 	fixation: autoDraw = True
26.9964 	EXP 	Device response: <KeyPress from None: t=26.842369599995436, value=left, duration=0.14617429999634624>
27.3466 	EXP 	fixation: autoDraw = False
27.3466 	EXP 	cue_text: autoDraw = True
27.6466 	EXP 	cue_text: autoDraw = False
27.9460 	INFO 	Keyboard events cleared
27.9459 	EXP 	target: autoDraw = True
29.4133 	EXP 	Device response: <KeyPress from None: t=29.401495199999772, value=right, duration=None>
29.4135 	EXP 	New trial (rep=1, index=5): <Trial 15 (5 in rep 1) data={'cue_arrow': '←', 'target_x': -0.5, 'condition': 'valid', 'corr_Ans': 'left', 'thisN': 15, 'thisTrialN': 5, 'thisRepN': 1}>
29.4145 	DATA 	Keypress: right
29.4296 	EXP 	fixation: autoDraw = False
29.4296 	EXP 	cue_text: autoDraw = False
29.4296 	EXP 	target: autoDraw = False
29.4296 	EXP 	cue_text: text = '←'
29.4296 	EXP 	fixation: autoDraw = True
29.5436 	EXP 	Device response: <KeyPress from None: t=29.401495199999772, value=right, duration=0.13866690002032556>
29.9210 	EXP 	fixation: autoDraw = False
29.9210 	EXP 	cue_text: autoDraw = True
30.2210 	EXP 	cue_text: autoDraw = False
30.5212 	INFO 	Keyboard events cleared
30.5211 	EXP 	target: autoDraw = True
31.0882 	EXP 	Device response: <KeyPress from None: t=31.079948900005547, value=left, duration=None>
31.0885 	EXP 	New trial (rep=1, index=6): <Trial 16 (6 in rep 1) data={'cue_arrow': '→', 'target_x': 0.5, 'condition': 'valid', 'corr_Ans': 'right', 'thisN': 16, 'thisTrialN': 6, 'thisRepN': 1}>
31.0907 	DATA 	Keypress: left
31.1045 	EXP 	fixation: autoDraw = False
31.1045 	EXP 	cue_text: autoDraw = False
31.1045 	EXP 	target: autoDraw = False
31.1045 	EXP 	cue_text: height = np.float64(0.1)
31.1045 	EXP 	cue_text: height = np.float64(0.1)
31.1045 	EXP 	cue_text: height = np.float64(0.1)
31.1045 	EXP 	cue_text: text = '→'
31.1045 	EXP 	fixation: autoDraw = True
31.2218 	EXP 	Device response: <KeyPress from None: t=31.079948900005547, value=left, duration=0.13955359999090433>
31.5881 	EXP 	fixation: autoDraw = False
31.5881 	EXP 	cue_text: autoDraw = True
31.8877 	EXP 	cue_text: autoDraw = False
32.1878 	INFO 	Keyboard events cleared
32.1877 	EXP 	target: autoDraw = True
32.7216 	EXP 	Device response: <KeyPress from None: t=32.70554369999445, value=right, duration=None>
32.7218 	EXP 	New trial (rep=1, index=7): <Trial 17 (7 in rep 1) data={'cue_arrow': '→', 'target_x': 0.5, 'condition': 'valid', 'corr_Ans': 'right', 'thisN': 17, 'thisTrialN': 7, 'thisRepN': 1}>
32.7228 	DATA 	Keypress: right
32.7377 	EXP 	fixation: autoDraw = False
32.7377 	EXP 	cue_text: autoDraw = False
32.7377 	EXP 	target: autoDraw = False
32.7377 	EXP 	cue_text: text = '→'
32.7377 	EXP 	fixation: autoDraw = True
32.8215 	EXP 	Device response: <KeyPress from None: t=32.70554369999445, value=right, duration=0.10438950001844205>
33.2211 	EXP 	fixation: autoDraw = False
33.2211 	EXP 	cue_text: autoDraw = True
33.5211 	EXP 	cue_text: autoDraw = False
33.8212 	INFO 	Keyboard events cleared
33.8210 	EXP 	target: autoDraw = True
34.1714 	EXP 	Device response: <KeyPress from None: t=34.15983960000449, value=right, duration=None>
34.1717 	EXP 	New trial (rep=1, index=8): <Trial 18 (8 in rep 1) data={'cue_arrow': '→', 'target_x': 0.5, 'condition': 'valid', 'corr_Ans': 'right', 'thisN': 18, 'thisTrialN': 8, 'thisRepN': 1}>
34.1727 	DATA 	Keypress: right
34.1878 	EXP 	fixation: autoDraw = False
34.1878 	EXP 	cue_text: autoDraw = False
34.1878 	EXP 	target: autoDraw = False
34.1878 	EXP 	cue_text: text = '→'
34.1878 	EXP 	fixation: autoDraw = True
34.3214 	EXP 	Device response: <KeyPress from None: t=34.15983960000449, value=right, duration=0.149556999997003>
34.6712 	EXP 	fixation: autoDraw = False
34.6712 	EXP 	cue_text: autoDraw = True
34.9714 	EXP 	cue_text: autoDraw = False
35.2714 	INFO 	Keyboard events cleared
35.2712 	EXP 	target: autoDraw = True
35.5719 	EXP 	Device response: <KeyPress from None: t=35.55971900001168, value=right, duration=None>
35.5723 	EXP 	New trial (rep=1, index=9): <Trial 19 (9 in rep 1) data={'cue_arrow': '→', 'target_x': -0.5, 'condition': 'invalid', 'corr_Ans': 'left', 'thisN': 19, 'thisTrialN': 9, 'thisRepN': 1}>
35.5733 	DATA 	Keypress: right
35.5877 	EXP 	fixation: autoDraw = False
35.5877 	EXP 	cue_text: autoDraw = False
35.5877 	EXP 	target: autoDraw = False
35.5877 	EXP 	cue_text: text = '→'
35.5877 	EXP 	fixation: autoDraw = True
35.7381 	EXP 	Device response: <KeyPress from None: t=35.55971900001168, value=right, duration=0.16388049998204224>
36.0715 	EXP 	fixation: autoDraw = False
36.0715 	EXP 	cue_text: autoDraw = True
36.3877 	EXP 	cue_text: autoDraw = False
36.6714 	INFO 	Keyboard events cleared
36.6713 	EXP 	target: autoDraw = True
37.3882 	EXP 	Device response: <KeyPress from None: t=37.38416539999889, value=left, duration=None>
37.3885 	EXP 	New trial (rep=2, index=0): <Trial 20 (0 in rep 2) data={'cue_arrow': '→', 'target_x': 0.5, 'condition': 'valid', 'corr_Ans': 'right', 'thisN': 20, 'thisTrialN': 0, 'thisRepN': 2}>
37.3895 	DATA 	Keypress: left
37.4055 	EXP 	fixation: autoDraw = False
37.4055 	EXP 	cue_text: autoDraw = False
37.4055 	EXP 	target: autoDraw = False
37.4055 	EXP 	cue_text: text = '→'
37.4055 	EXP 	fixation: autoDraw = True
37.5557 	EXP 	Device response: <KeyPress from None: t=37.38416539999889, value=left, duration=0.16138170001795515>
37.8880 	EXP 	fixation: autoDraw = False
37.8880 	EXP 	cue_text: autoDraw = True
38.1876 	EXP 	cue_text: autoDraw = False
38.4883 	INFO 	Keyboard events cleared
38.4882 	EXP 	target: autoDraw = True
38.8060 	DATA 	Keypress: right
38.8219 	EXP 	Device response: <KeyPress from None: t=38.80527139999322, value=right, duration=None>
38.8223 	EXP 	New trial (rep=2, index=1): <Trial 21 (1 in rep 2) data={'cue_arrow': '→', 'target_x': -0.5, 'condition': 'invalid', 'corr_Ans': 'left', 'thisN': 21, 'thisTrialN': 1, 'thisRepN': 2}>
38.8378 	EXP 	fixation: autoDraw = False
38.8378 	EXP 	cue_text: autoDraw = False
38.8378 	EXP 	target: autoDraw = False
38.8378 	EXP 	cue_text: text = '→'
38.8378 	EXP 	fixation: autoDraw = True
38.9884 	EXP 	Device response: <KeyPress from None: t=38.80527139999322, value=right, duration=0.17031190000125207>
39.3212 	EXP 	fixation: autoDraw = False
39.3212 	EXP 	cue_text: autoDraw = True
39.6217 	EXP 	cue_text: autoDraw = False
39.9214 	INFO 	Keyboard events cleared
39.9212 	EXP 	target: autoDraw = True
40.8051 	EXP 	Device response: <KeyPress from None: t=40.80276990000857, value=left, duration=None>
40.8054 	EXP 	New trial (rep=2, index=2): <Trial 22 (2 in rep 2) data={'cue_arrow': '→', 'target_x': 0.5, 'condition': 'valid', 'corr_Ans': 'right', 'thisN': 22, 'thisTrialN': 2, 'thisRepN': 2}>
40.8065 	DATA 	Keypress: left
40.8214 	EXP 	fixation: autoDraw = False
40.8214 	EXP 	cue_text: autoDraw = False
40.8214 	EXP 	target: autoDraw = False
40.8214 	EXP 	cue_text: text = '→'
40.8214 	EXP 	fixation: autoDraw = True
40.9382 	EXP 	Device response: <KeyPress from None: t=40.80276990000857, value=left, duration=0.12448550001136027>
41.3047 	EXP 	fixation: autoDraw = False
41.3047 	EXP 	cue_text: autoDraw = True
41.6048 	EXP 	cue_text: autoDraw = False
41.9048 	INFO 	Keyboard events cleared
41.9047 	EXP 	target: autoDraw = True
42.3553 	EXP 	Device response: <KeyPress from None: t=42.346359200018924, value=right, duration=None>
42.3556 	EXP 	New trial (rep=2, index=3): <Trial 23 (3 in rep 2) data={'cue_arrow': '←', 'target_x': -0.5, 'condition': 'valid', 'corr_Ans': 'left', 'thisN': 23, 'thisTrialN': 3, 'thisRepN': 2}>
42.3578 	DATA 	Keypress: right
42.3714 	EXP 	fixation: autoDraw = False
42.3714 	EXP 	cue_text: autoDraw = False
42.3714 	EXP 	target: autoDraw = False
42.3714 	EXP 	cue_text: height = np.float64(0.1)
42.3714 	EXP 	cue_text: height = np.float64(0.1)
42.3714 	EXP 	cue_text: height = np.float64(0.1)
42.3714 	EXP 	cue_text: text = '←'
42.3714 	EXP 	fixation: autoDraw = True
42.4716 	EXP 	Device response: <KeyPress from None: t=42.346359200018924, value=right, duration=0.11098409999976866>
42.8547 	EXP 	fixation: autoDraw = False
42.8547 	EXP 	cue_text: autoDraw = True
43.1548 	EXP 	cue_text: autoDraw = False
43.4551 	INFO 	Keyboard events cleared
43.4549 	EXP 	target: autoDraw = True
43.8058 	EXP 	Device response: <KeyPress from None: t=43.802413800003706, value=left, duration=None>
43.8060 	EXP 	New trial (rep=2, index=4): <Trial 24 (4 in rep 2) data={'cue_arrow': '←', 'target_x': -0.5, 'condition': 'valid', 'corr_Ans': 'left', 'thisN': 24, 'thisTrialN': 4, 'thisRepN': 2}>
43.8068 	DATA 	Keypress: left
43.8216 	EXP 	fixation: autoDraw = False
43.8216 	EXP 	cue_text: autoDraw = False
43.8216 	EXP 	target: autoDraw = False
43.8216 	EXP 	cue_text: text = '←'
43.8216 	EXP 	fixation: autoDraw = True
43.9555 	EXP 	Device response: <KeyPress from None: t=43.802413800003706, value=left, duration=0.13949530001264066>
44.3214 	EXP 	fixation: autoDraw = False
44.3214 	EXP 	cue_text: autoDraw = True
44.6216 	EXP 	cue_text: autoDraw = False
44.9218 	INFO 	Keyboard events cleared
44.9216 	EXP 	target: autoDraw = True
45.2886 	EXP 	Device response: <KeyPress from None: t=45.28597910000826, value=left, duration=None>
45.2889 	EXP 	New trial (rep=2, index=5): <Trial 25 (5 in rep 2) data={'cue_arrow': '←', 'target_x': -0.5, 'condition': 'valid', 'corr_Ans': 'left', 'thisN': 25, 'thisTrialN': 5, 'thisRepN': 2}>
45.2897 	DATA 	Keypress: left
45.3050 	EXP 	fixation: autoDraw = False
45.3050 	EXP 	cue_text: autoDraw = False
45.3050 	EXP 	target: autoDraw = False
45.3050 	EXP 	cue_text: text = '←'
45.3050 	EXP 	fixation: autoDraw = True
45.4218 	EXP 	Device response: <KeyPress from None: t=45.28597910000826, value=left, duration=0.1203512999927625>
45.7882 	EXP 	fixation: autoDraw = False
45.7882 	EXP 	cue_text: autoDraw = True
46.0880 	EXP 	cue_text: autoDraw = False
46.3884 	INFO 	Keyboard events cleared
46.3882 	EXP 	target: autoDraw = True
46.7722 	EXP 	Device response: <KeyPress from None: t=46.76504009999917, value=left, duration=None>
46.7724 	EXP 	New trial (rep=2, index=6): <Trial 26 (6 in rep 2) data={'cue_arrow': '→', 'target_x': 0.5, 'condition': 'valid', 'corr_Ans': 'right', 'thisN': 26, 'thisTrialN': 6, 'thisRepN': 2}>
46.7745 	DATA 	Keypress: left
46.7879 	EXP 	fixation: autoDraw = False
46.7879 	EXP 	cue_text: autoDraw = False
46.7879 	EXP 	target: autoDraw = False
46.7879 	EXP 	cue_text: height = np.float64(0.1)
46.7879 	EXP 	cue_text: height = np.float64(0.1)
46.7879 	EXP 	cue_text: height = np.float64(0.1)
46.7879 	EXP 	cue_text: text = '→'
46.7879 	EXP 	fixation: autoDraw = True
46.9217 	EXP 	Device response: <KeyPress from None: t=46.76504009999917, value=left, duration=0.1409488999925088>
47.2711 	EXP 	fixation: autoDraw = False
47.2711 	EXP 	cue_text: autoDraw = True
47.5881 	EXP 	cue_text: autoDraw = False
47.8715 	INFO 	Keyboard events cleared
47.8714 	EXP 	target: autoDraw = True
48.2382 	EXP 	Device response: <KeyPress from None: t=48.236171399999876, value=right, duration=None>
48.2384 	EXP 	New trial (rep=2, index=7): <Trial 27 (7 in rep 2) data={'cue_arrow': '←', 'target_x': 0.5, 'condition': 'invalid', 'corr_Ans': 'right', 'thisN': 27, 'thisTrialN': 7, 'thisRepN': 2}>
48.2411 	DATA 	Keypress: right
48.2547 	EXP 	fixation: autoDraw = False
48.2547 	EXP 	cue_text: autoDraw = False
48.2547 	EXP 	target: autoDraw = False
48.2547 	EXP 	cue_text: height = np.float64(0.1)
48.2547 	EXP 	cue_text: height = np.float64(0.1)
48.2547 	EXP 	cue_text: height = np.float64(0.1)
48.2547 	EXP 	cue_text: text = '←'
48.2547 	EXP 	fixation: autoDraw = True
48.4555 	EXP 	Device response: <KeyPress from None: t=48.236171399999876, value=right, duration=0.2101459999976214>
48.7384 	EXP 	fixation: autoDraw = False
48.7384 	EXP 	cue_text: autoDraw = True
49.0381 	EXP 	cue_text: autoDraw = False
49.3382 	INFO 	Keyboard events cleared
49.3381 	EXP 	target: autoDraw = True
50.4717 	EXP 	Device response: <KeyPress from None: t=50.47051569999894, value=right, duration=None>
50.4719 	EXP 	New trial (rep=2, index=8): <Trial 28 (8 in rep 2) data={'cue_arrow': '→', 'target_x': 0.5, 'condition': 'valid', 'corr_Ans': 'right', 'thisN': 28, 'thisTrialN': 8, 'thisRepN': 2}>
50.4745 	DATA 	Keypress: right
50.4881 	EXP 	fixation: autoDraw = False
50.4881 	EXP 	cue_text: autoDraw = False
50.4881 	EXP 	target: autoDraw = False
50.4881 	EXP 	cue_text: height = np.float64(0.1)
50.4881 	EXP 	cue_text: height = np.float64(0.1)
50.4881 	EXP 	cue_text: height = np.float64(0.1)
50.4881 	EXP 	cue_text: text = '→'
50.4881 	EXP 	fixation: autoDraw = True
50.6551 	EXP 	Device response: <KeyPress from None: t=50.47051569999894, value=right, duration=0.17479449999518692>
50.9714 	EXP 	fixation: autoDraw = False
50.9714 	EXP 	cue_text: autoDraw = True
51.2713 	EXP 	cue_text: autoDraw = False
51.5715 	INFO 	Keyboard events cleared
51.5713 	EXP 	target: autoDraw = True
52.1052 	EXP 	Device response: <KeyPress from None: t=52.09249050001381, value=right, duration=None>
52.1055 	EXP 	New trial (rep=2, index=9): <Trial 29 (9 in rep 2) data={'cue_arrow': '←', 'target_x': -0.5, 'condition': 'valid', 'corr_Ans': 'left', 'thisN': 29, 'thisTrialN': 9, 'thisRepN': 2}>
52.1082 	DATA 	Keypress: right
52.1212 	EXP 	fixation: autoDraw = False
52.1212 	EXP 	cue_text: autoDraw = False
52.1212 	EXP 	target: autoDraw = False
52.1212 	EXP 	cue_text: height = np.float64(0.1)
52.1212 	EXP 	cue_text: height = np.float64(0.1)
52.1212 	EXP 	cue_text: height = np.float64(0.1)
52.1212 	EXP 	cue_text: text = '←'
52.1212 	EXP 	fixation: autoDraw = True
52.2217 	EXP 	Device response: <KeyPress from None: t=52.09249050001381, value=right, duration=0.12166479998268187>
52.6047 	EXP 	fixation: autoDraw = False
52.6047 	EXP 	cue_text: autoDraw = True
52.9049 	EXP 	cue_text: autoDraw = False
53.2049 	INFO 	Keyboard events cleared
53.2048 	EXP 	target: autoDraw = True
53.5054 	EXP 	Device response: <KeyPress from None: t=53.49777320001158, value=left, duration=None>
53.5056 	EXP 	New trial (rep=3, index=0): <Trial 30 (0 in rep 3) data={'cue_arrow': '→', 'target_x': 0.5, 'condition': 'valid', 'corr_Ans': 'right', 'thisN': 30, 'thisTrialN': 0, 'thisRepN': 3}>
53.5085 	DATA 	Keypress: left
53.5214 	EXP 	fixation: autoDraw = False
53.5214 	EXP 	cue_text: autoDraw = False
53.5214 	EXP 	target: autoDraw = False
53.5214 	EXP 	cue_text: height = np.float64(0.1)
53.5214 	EXP 	cue_text: height = np.float64(0.1)
53.5214 	EXP 	cue_text: height = np.float64(0.1)
53.5214 	EXP 	cue_text: text = '→'
53.5214 	EXP 	fixation: autoDraw = True
53.6551 	EXP 	Device response: <KeyPress from None: t=53.49777320001158, value=left, duration=0.1537462999986019>
54.0047 	EXP 	fixation: autoDraw = False
54.0047 	EXP 	cue_text: autoDraw = True
54.3049 	EXP 	cue_text: autoDraw = False
54.6049 	INFO 	Keyboard events cleared
54.6048 	EXP 	target: autoDraw = True
54.9219 	EXP 	Device response: <KeyPress from None: t=54.919485099992016, value=right, duration=None>
54.9222 	EXP 	New trial (rep=3, index=1): <Trial 31 (1 in rep 3) data={'cue_arrow': '←', 'target_x': 0.5, 'condition': 'invalid', 'corr_Ans': 'right', 'thisN': 31, 'thisTrialN': 1, 'thisRepN': 3}>
54.9251 	DATA 	Keypress: right
54.9382 	EXP 	fixation: autoDraw = False
54.9382 	EXP 	cue_text: autoDraw = False
54.9382 	EXP 	target: autoDraw = False
54.9382 	EXP 	cue_text: height = np.float64(0.1)
54.9382 	EXP 	cue_text: height = np.float64(0.1)
54.9382 	EXP 	cue_text: height = np.float64(0.1)
54.9382 	EXP 	cue_text: text = '←'
54.9382 	EXP 	fixation: autoDraw = True
55.0886 	EXP 	Device response: <KeyPress from None: t=54.919485099992016, value=right, duration=0.15245320001849905>
55.4215 	EXP 	fixation: autoDraw = False
55.4215 	EXP 	cue_text: autoDraw = True
55.7214 	EXP 	cue_text: autoDraw = False
56.0216 	INFO 	Keyboard events cleared
56.0215 	EXP 	target: autoDraw = True
56.7051 	EXP 	Device response: <KeyPress from None: t=56.692500600009225, value=right, duration=None>
56.7054 	EXP 	New trial (rep=3, index=2): <Trial 32 (2 in rep 3) data={'cue_arrow': '←', 'target_x': -0.5, 'condition': 'valid', 'corr_Ans': 'left', 'thisN': 32, 'thisTrialN': 2, 'thisRepN': 3}>
56.7065 	DATA 	Keypress: right
56.7215 	EXP 	fixation: autoDraw = False
56.7215 	EXP 	cue_text: autoDraw = False
56.7215 	EXP 	target: autoDraw = False
56.7215 	EXP 	cue_text: text = '←'
56.7215 	EXP 	fixation: autoDraw = True
56.8389 	EXP 	Device response: <KeyPress from None: t=56.692500600009225, value=right, duration=0.14173949998803437>
57.2048 	EXP 	fixation: autoDraw = False
57.2048 	EXP 	cue_text: autoDraw = True
57.5049 	EXP 	cue_text: autoDraw = False
57.8047 	INFO 	Keyboard events cleared
57.8046 	EXP 	target: autoDraw = True
58.3058 	EXP 	Device response: <KeyPress from None: t=58.29319130000658, value=left, duration=None>
58.3060 	EXP 	New trial (rep=3, index=3): <Trial 33 (3 in rep 3) data={'cue_arrow': '→', 'target_x': 0.5, 'condition': 'valid', 'corr_Ans': 'right', 'thisN': 33, 'thisTrialN': 3, 'thisRepN': 3}>
58.3082 	DATA 	Keypress: left
58.3228 	EXP 	fixation: autoDraw = False
58.3228 	EXP 	cue_text: autoDraw = False
58.3228 	EXP 	target: autoDraw = False
58.3228 	EXP 	cue_text: height = np.float64(0.1)
58.3228 	EXP 	cue_text: height = np.float64(0.1)
58.3228 	EXP 	cue_text: height = np.float64(0.1)
58.3228 	EXP 	cue_text: text = '→'
58.3228 	EXP 	fixation: autoDraw = True
58.4717 	EXP 	Device response: <KeyPress from None: t=58.29319130000658, value=left, duration=0.17169759998796508>
58.8216 	EXP 	fixation: autoDraw = False
58.8216 	EXP 	cue_text: autoDraw = True
59.1216 	EXP 	cue_text: autoDraw = False
59.4052 	INFO 	Keyboard events cleared
59.4050 	EXP 	target: autoDraw = True
59.8052 	EXP 	Device response: <KeyPress from None: t=59.79253780000727, value=right, duration=None>
59.8055 	EXP 	New trial (rep=3, index=4): <Trial 34 (4 in rep 3) data={'cue_arrow': '→', 'target_x': 0.5, 'condition': 'valid', 'corr_Ans': 'right', 'thisN': 34, 'thisTrialN': 4, 'thisRepN': 3}>
59.8066 	DATA 	Keypress: right
59.8216 	EXP 	fixation: autoDraw = False
59.8216 	EXP 	cue_text: autoDraw = False
59.8216 	EXP 	target: autoDraw = False
59.8216 	EXP 	cue_text: text = '→'
59.8216 	EXP 	fixation: autoDraw = True
59.9560 	EXP 	Device response: <KeyPress from None: t=59.79253780000727, value=right, duration=0.15439119999064133>
60.3049 	EXP 	fixation: autoDraw = False
60.3049 	EXP 	cue_text: autoDraw = True
60.6049 	EXP 	cue_text: autoDraw = False
60.9055 	INFO 	Keyboard events cleared
60.9054 	EXP 	target: autoDraw = True
61.0726 	EXP 	Device response: <KeyPress from None: t=61.07109209999908, value=right, duration=None>
61.0729 	EXP 	New trial (rep=3, index=5): <Trial 35 (5 in rep 3) data={'cue_arrow': '→', 'target_x': 0.5, 'condition': 'valid', 'corr_Ans': 'right', 'thisN': 35, 'thisTrialN': 5, 'thisRepN': 3}>
61.0743 	DATA 	Keypress: right
61.0885 	EXP 	fixation: autoDraw = False
61.0885 	EXP 	cue_text: autoDraw = False
61.0885 	EXP 	target: autoDraw = False
61.0885 	EXP 	cue_text: text = '→'
61.0885 	EXP 	fixation: autoDraw = True
61.2555 	EXP 	Device response: <KeyPress from None: t=61.07109209999908, value=right, duration=0.1717996000079438>
61.5884 	EXP 	fixation: autoDraw = False
61.5884 	EXP 	cue_text: autoDraw = True
61.8883 	EXP 	cue_text: autoDraw = False
62.1884 	INFO 	Keyboard events cleared
62.1882 	EXP 	target: autoDraw = True
62.5720 	EXP 	Device response: <KeyPress from None: t=62.564326099993195, value=right, duration=None>
62.5722 	EXP 	New trial (rep=3, index=6): <Trial 36 (6 in rep 3) data={'cue_arrow': '←', 'target_x': -0.5, 'condition': 'valid', 'corr_Ans': 'left', 'thisN': 36, 'thisTrialN': 6, 'thisRepN': 3}>
62.5758 	DATA 	Keypress: right
62.5882 	EXP 	fixation: autoDraw = False
62.5882 	EXP 	cue_text: autoDraw = False
62.5882 	EXP 	target: autoDraw = False
62.5882 	EXP 	cue_text: height = np.float64(0.1)
62.5882 	EXP 	cue_text: height = np.float64(0.1)
62.5882 	EXP 	cue_text: height = np.float64(0.1)
62.5882 	EXP 	cue_text: text = '←'
62.5882 	EXP 	fixation: autoDraw = True
62.7221 	EXP 	Device response: <KeyPress from None: t=62.564326099993195, value=right, duration=0.15013880000333302>
63.0716 	EXP 	fixation: autoDraw = False
63.0716 	EXP 	cue_text: autoDraw = True
63.3717 	EXP 	cue_text: autoDraw = False
63.6719 	INFO 	Keyboard events cleared
63.6717 	EXP 	target: autoDraw = True
63.9553 	EXP 	Device response: <KeyPress from None: t=63.939537900005234, value=left, duration=None>
63.9556 	EXP 	New trial (rep=3, index=7): <Trial 37 (7 in rep 3) data={'cue_arrow': '←', 'target_x': -0.5, 'condition': 'valid', 'corr_Ans': 'left', 'thisN': 37, 'thisTrialN': 7, 'thisRepN': 3}>
63.9566 	DATA 	Keypress: left
63.9717 	EXP 	fixation: autoDraw = False
63.9717 	EXP 	cue_text: autoDraw = False
63.9717 	EXP 	target: autoDraw = False
63.9717 	EXP 	cue_text: text = '←'
63.9717 	EXP 	fixation: autoDraw = True
64.1054 	EXP 	Device response: <KeyPress from None: t=63.939537900005234, value=left, duration=0.16327069999533705>
64.4550 	EXP 	fixation: autoDraw = False
64.4550 	EXP 	cue_text: autoDraw = True
64.7551 	EXP 	cue_text: autoDraw = False
65.0552 	INFO 	Keyboard events cleared
65.0550 	EXP 	target: autoDraw = True
65.3554 	EXP 	Device response: <KeyPress from None: t=65.34716190001927, value=left, duration=None>
65.3557 	EXP 	New trial (rep=3, index=8): <Trial 38 (8 in rep 3) data={'cue_arrow': '→', 'target_x': -0.5, 'condition': 'invalid', 'corr_Ans': 'left', 'thisN': 38, 'thisTrialN': 8, 'thisRepN': 3}>
65.3588 	DATA 	Keypress: left
65.3719 	EXP 	fixation: autoDraw = False
65.3719 	EXP 	cue_text: autoDraw = False
65.3719 	EXP 	target: autoDraw = False
65.3719 	EXP 	cue_text: height = np.float64(0.1)
65.3719 	EXP 	cue_text: height = np.float64(0.1)
65.3719 	EXP 	cue_text: height = np.float64(0.1)
65.3719 	EXP 	cue_text: text = '→'
65.3719 	EXP 	fixation: autoDraw = True
65.5219 	EXP 	Device response: <KeyPress from None: t=65.34716190001927, value=left, duration=0.16012749998481013>
65.8550 	EXP 	fixation: autoDraw = False
65.8550 	EXP 	cue_text: autoDraw = True
66.1551 	EXP 	cue_text: autoDraw = False
66.4553 	INFO 	Keyboard events cleared
66.4552 	EXP 	target: autoDraw = True
67.5054 	EXP 	Device response: <KeyPress from None: t=67.50121030001901, value=left, duration=None>
67.5056 	EXP 	New trial (rep=3, index=9): <Trial 39 (9 in rep 3) data={'cue_arrow': '←', 'target_x': -0.5, 'condition': 'valid', 'corr_Ans': 'left', 'thisN': 39, 'thisTrialN': 9, 'thisRepN': 3}>
67.5089 	DATA 	Keypress: left
67.5216 	EXP 	fixation: autoDraw = False
67.5216 	EXP 	cue_text: autoDraw = False
67.5216 	EXP 	target: autoDraw = False
67.5216 	EXP 	cue_text: height = np.float64(0.1)
67.5216 	EXP 	cue_text: height = np.float64(0.1)
67.5216 	EXP 	cue_text: height = np.float64(0.1)
67.5216 	EXP 	cue_text: text = '←'
67.5216 	EXP 	fixation: autoDraw = True
67.6719 	EXP 	Device response: <KeyPress from None: t=67.50121030001901, value=left, duration=0.16470189997926354>
68.0051 	EXP 	fixation: autoDraw = False
68.0051 	EXP 	cue_text: autoDraw = True
68.3051 	EXP 	cue_text: autoDraw = False
68.6052 	INFO 	Keyboard events cleared
68.6051 	EXP 	target: autoDraw = True
69.1053 	EXP 	Device response: <KeyPress from None: t=69.09293330000946, value=left, duration=None>
69.1056 	EXP 	New trial (rep=4, index=0): <Trial 40 (0 in rep 4) data={'cue_arrow': '←', 'target_x': -0.5, 'condition': 'valid', 'corr_Ans': 'left', 'thisN': 40, 'thisTrialN': 0, 'thisRepN': 4}>
69.1066 	DATA 	Keypress: left
69.1216 	EXP 	fixation: autoDraw = False
69.1216 	EXP 	cue_text: autoDraw = False
69.1216 	EXP 	target: autoDraw = False
69.1216 	EXP 	cue_text: text = '←'
69.1216 	EXP 	fixation: autoDraw = True
69.2727 	EXP 	Device response: <KeyPress from None: t=69.09293330000946, value=left, duration=0.16432630000053905>
69.6051 	EXP 	fixation: autoDraw = False
69.6051 	EXP 	cue_text: autoDraw = True
69.9051 	EXP 	cue_text: autoDraw = False
70.2051 	INFO 	Keyboard events cleared
70.2050 	EXP 	target: autoDraw = True
70.5724 	EXP 	Device response: <KeyPress from None: t=70.55630080000265, value=left, duration=None>
70.5726 	EXP 	New trial (rep=4, index=1): <Trial 41 (1 in rep 4) data={'cue_arrow': '→', 'target_x': 0.5, 'condition': 'valid', 'corr_Ans': 'right', 'thisN': 41, 'thisTrialN': 1, 'thisRepN': 4}>
70.5747 	DATA 	Keypress: left
70.5888 	EXP 	fixation: autoDraw = False
70.5888 	EXP 	cue_text: autoDraw = False
70.5888 	EXP 	target: autoDraw = False
70.5888 	EXP 	cue_text: height = np.float64(0.1)
70.5888 	EXP 	cue_text: height = np.float64(0.1)
70.5888 	EXP 	cue_text: height = np.float64(0.1)
70.5888 	EXP 	cue_text: text = '→'
70.5888 	EXP 	fixation: autoDraw = True
70.7225 	EXP 	Device response: <KeyPress from None: t=70.55630080000265, value=left, duration=0.156161399994744>
71.0717 	EXP 	fixation: autoDraw = False
71.0717 	EXP 	cue_text: autoDraw = True
71.3718 	EXP 	cue_text: autoDraw = False
71.6719 	INFO 	Keyboard events cleared
71.6718 	EXP 	target: autoDraw = True
71.9564 	DATA 	Keypress: right
71.9721 	EXP 	Device response: <KeyPress from None: t=71.95636670000385, value=right, duration=None>
71.9724 	EXP 	New trial (rep=4, index=2): <Trial 42 (2 in rep 4) data={'cue_arrow': '→', 'target_x': 0.5, 'condition': 'valid', 'corr_Ans': 'right', 'thisN': 42, 'thisTrialN': 2, 'thisRepN': 4}>
71.9886 	EXP 	fixation: autoDraw = False
71.9886 	EXP 	cue_text: autoDraw = False
71.9886 	EXP 	target: autoDraw = False
71.9886 	EXP 	cue_text: text = '→'
71.9886 	EXP 	fixation: autoDraw = True
72.0889 	EXP 	Device response: <KeyPress from None: t=71.95636670000385, value=right, duration=0.11708029999863356>
72.4717 	EXP 	fixation: autoDraw = False
72.4717 	EXP 	cue_text: autoDraw = True
72.7717 	EXP 	cue_text: autoDraw = False
73.0719 	INFO 	Keyboard events cleared
73.0717 	EXP 	target: autoDraw = True
73.3931 	EXP 	Device response: <KeyPress from None: t=73.384947500017, value=right, duration=None>
73.3935 	EXP 	New trial (rep=4, index=3): <Trial 43 (3 in rep 4) data={'cue_arrow': '→', 'target_x': -0.5, 'condition': 'invalid', 'corr_Ans': 'left', 'thisN': 43, 'thisTrialN': 3, 'thisRepN': 4}>
73.3948 	DATA 	Keypress: right
73.4052 	EXP 	fixation: autoDraw = False
73.4052 	EXP 	cue_text: autoDraw = False
73.4052 	EXP 	target: autoDraw = False
73.4052 	EXP 	cue_text: text = '→'
73.4052 	EXP 	fixation: autoDraw = True
73.4890 	EXP 	Device response: <KeyPress from None: t=73.384947500017, value=right, duration=0.10173679998843>
73.9049 	EXP 	fixation: autoDraw = False
73.9049 	EXP 	cue_text: autoDraw = True
74.2050 	EXP 	cue_text: autoDraw = False
74.5052 	INFO 	Keyboard events cleared
74.5050 	EXP 	target: autoDraw = True
75.1555 	EXP 	Device response: <KeyPress from None: t=75.1525867000164, value=left, duration=None>
75.1558 	EXP 	New trial (rep=4, index=4): <Trial 44 (4 in rep 4) data={'cue_arrow': '←', 'target_x': -0.5, 'condition': 'valid', 'corr_Ans': 'left', 'thisN': 44, 'thisTrialN': 4, 'thisRepN': 4}>
75.1588 	DATA 	Keypress: left
75.1721 	EXP 	fixation: autoDraw = False
75.1721 	EXP 	cue_text: autoDraw = False
75.1721 	EXP 	target: autoDraw = False
75.1721 	EXP 	cue_text: height = np.float64(0.1)
75.1721 	EXP 	cue_text: height = np.float64(0.1)
75.1721 	EXP 	cue_text: height = np.float64(0.1)
75.1721 	EXP 	cue_text: text = '←'
75.1721 	EXP 	fixation: autoDraw = True
75.3223 	EXP 	Device response: <KeyPress from None: t=75.1525867000164, value=left, duration=0.1619568000023719>
75.6551 	EXP 	fixation: autoDraw = False
75.6551 	EXP 	cue_text: autoDraw = True
75.9551 	EXP 	cue_text: autoDraw = False
76.2553 	INFO 	Keyboard events cleared
76.2552 	EXP 	target: autoDraw = True
76.5723 	EXP 	Device response: <KeyPress from None: t=76.56675309999264, value=left, duration=None>
76.5726 	EXP 	New trial (rep=4, index=5): <Trial 45 (5 in rep 4) data={'cue_arrow': '←', 'target_x': -0.5, 'condition': 'valid', 'corr_Ans': 'left', 'thisN': 45, 'thisTrialN': 5, 'thisRepN': 4}>
76.5739 	DATA 	Keypress: left
76.5887 	EXP 	fixation: autoDraw = False
76.5887 	EXP 	cue_text: autoDraw = False
76.5887 	EXP 	target: autoDraw = False
76.5887 	EXP 	cue_text: text = '←'
76.5887 	EXP 	fixation: autoDraw = True
76.7056 	EXP 	Device response: <KeyPress from None: t=76.56675309999264, value=left, duration=0.13423180000972934>
77.0723 	EXP 	fixation: autoDraw = False
77.0723 	EXP 	cue_text: autoDraw = True
77.3719 	EXP 	cue_text: autoDraw = False
77.6721 	INFO 	Keyboard events cleared
77.6720 	EXP 	target: autoDraw = True
77.8887 	EXP 	Device response: <KeyPress from None: t=77.88714480001363, value=left, duration=None>
77.8889 	EXP 	New trial (rep=4, index=6): <Trial 46 (6 in rep 4) data={'cue_arrow': '→', 'target_x': 0.5, 'condition': 'valid', 'corr_Ans': 'right', 'thisN': 46, 'thisTrialN': 6, 'thisRepN': 4}>
77.8916 	DATA 	Keypress: left
77.9051 	EXP 	fixation: autoDraw = False
77.9051 	EXP 	cue_text: autoDraw = False
77.9051 	EXP 	target: autoDraw = False
77.9051 	EXP 	cue_text: height = np.float64(0.1)
77.9051 	EXP 	cue_text: height = np.float64(0.1)
77.9051 	EXP 	cue_text: height = np.float64(0.1)
77.9051 	EXP 	cue_text: text = '→'
77.9051 	EXP 	fixation: autoDraw = True
78.0557 	EXP 	Device response: <KeyPress from None: t=77.88714480001363, value=left, duration=0.16538869999931194>
78.3886 	EXP 	fixation: autoDraw = False
78.3886 	EXP 	cue_text: autoDraw = True
78.6884 	EXP 	cue_text: autoDraw = False
78.9886 	INFO 	Keyboard events cleared
78.9885 	EXP 	target: autoDraw = True
79.2723 	EXP 	Device response: <KeyPress from None: t=79.26432069999282, value=right, duration=None>
79.2725 	EXP 	New trial (rep=4, index=7): <Trial 47 (7 in rep 4) data={'cue_arrow': '←', 'target_x': -0.5, 'condition': 'valid', 'corr_Ans': 'left', 'thisN': 47, 'thisTrialN': 7, 'thisRepN': 4}>
79.2757 	DATA 	Keypress: right
79.2884 	EXP 	fixation: autoDraw = False
79.2884 	EXP 	cue_text: autoDraw = False
79.2884 	EXP 	target: autoDraw = False
79.2884 	EXP 	cue_text: height = np.float64(0.1)
79.2884 	EXP 	cue_text: height = np.float64(0.1)
79.2884 	EXP 	cue_text: height = np.float64(0.1)
79.2884 	EXP 	cue_text: text = '←'
79.2884 	EXP 	fixation: autoDraw = True
79.4056 	EXP 	Device response: <KeyPress from None: t=79.26432069999282, value=right, duration=0.13318050000816584>
79.7717 	EXP 	fixation: autoDraw = False
79.7717 	EXP 	cue_text: autoDraw = True
80.0720 	EXP 	cue_text: autoDraw = False
80.3719 	INFO 	Keyboard events cleared
80.3717 	EXP 	target: autoDraw = True
80.6557 	EXP 	Device response: <KeyPress from None: t=80.64683640000294, value=left, duration=None>
80.6559 	EXP 	New trial (rep=4, index=8): <Trial 48 (8 in rep 4) data={'cue_arrow': '←', 'target_x': 0.5, 'condition': 'invalid', 'corr_Ans': 'right', 'thisN': 48, 'thisTrialN': 8, 'thisRepN': 4}>
80.6571 	DATA 	Keypress: left
80.6720 	EXP 	fixation: autoDraw = False
80.6720 	EXP 	cue_text: autoDraw = False
80.6720 	EXP 	target: autoDraw = False
80.6720 	EXP 	cue_text: text = '←'
80.6720 	EXP 	fixation: autoDraw = True
80.8224 	EXP 	Device response: <KeyPress from None: t=80.64683640000294, value=left, duration=0.16496840000036173>
81.1554 	EXP 	fixation: autoDraw = False
81.1554 	EXP 	cue_text: autoDraw = True
81.4556 	EXP 	cue_text: autoDraw = False
81.7554 	INFO 	Keyboard events cleared
81.7553 	EXP 	target: autoDraw = True
82.0725 	EXP 	Device response: <KeyPress from None: t=82.07151239999803, value=left, duration=None>
82.0728 	EXP 	New trial (rep=4, index=9): <Trial 49 (9 in rep 4) data={'cue_arrow': '→', 'target_x': 0.5, 'condition': 'valid', 'corr_Ans': 'right', 'thisN': 49, 'thisTrialN': 9, 'thisRepN': 4}>
82.0768 	DATA 	Keypress: left
82.0891 	EXP 	fixation: autoDraw = False
82.0891 	EXP 	cue_text: autoDraw = False
82.0891 	EXP 	target: autoDraw = False
82.0891 	EXP 	cue_text: height = np.float64(0.1)
82.0891 	EXP 	cue_text: height = np.float64(0.1)
82.0891 	EXP 	cue_text: height = np.float64(0.1)
82.0891 	EXP 	cue_text: text = '→'
82.0891 	EXP 	fixation: autoDraw = True
82.2060 	EXP 	Device response: <KeyPress from None: t=82.07151239999803, value=left, duration=0.1293879000004381>
82.5726 	EXP 	fixation: autoDraw = False
82.5726 	EXP 	cue_text: autoDraw = True
82.8723 	EXP 	cue_text: autoDraw = False
83.1720 	INFO 	Keyboard events cleared
83.1719 	EXP 	target: autoDraw = True
83.6723 	EXP 	Device response: <KeyPress from None: t=83.66225620001205, value=right, duration=None>
83.6726 	EXP 	New trial (rep=5, index=0): <Trial 50 (0 in rep 5) data={'cue_arrow': '←', 'target_x': -0.5, 'condition': 'valid', 'corr_Ans': 'left', 'thisN': 50, 'thisTrialN': 0, 'thisRepN': 5}>
83.6760 	DATA 	Keypress: right
83.6887 	EXP 	fixation: autoDraw = False
83.6887 	EXP 	cue_text: autoDraw = False
83.6887 	EXP 	target: autoDraw = False
83.6887 	EXP 	cue_text: height = np.float64(0.1)
83.6887 	EXP 	cue_text: height = np.float64(0.1)
83.6887 	EXP 	cue_text: height = np.float64(0.1)
83.6887 	EXP 	cue_text: text = '←'
83.6887 	EXP 	fixation: autoDraw = True
83.8222 	EXP 	Device response: <KeyPress from None: t=83.66225620001205, value=right, duration=0.1594450999982655>
84.1719 	EXP 	fixation: autoDraw = False
84.1719 	EXP 	cue_text: autoDraw = True
84.4720 	EXP 	cue_text: autoDraw = False
84.7721 	INFO 	Keyboard events cleared
84.7720 	EXP 	target: autoDraw = True
85.0568 	DATA 	Keypress: left
85.0724 	EXP 	Device response: <KeyPress from None: t=85.0562686000194, value=left, duration=None>
85.0727 	EXP 	New trial (rep=5, index=1): <Trial 51 (1 in rep 5) data={'cue_arrow': '←', 'target_x': -0.5, 'condition': 'valid', 'corr_Ans': 'left', 'thisN': 51, 'thisTrialN': 1, 'thisRepN': 5}>
85.0887 	EXP 	fixation: autoDraw = False
85.0887 	EXP 	cue_text: autoDraw = False
85.0887 	EXP 	target: autoDraw = False
85.0887 	EXP 	cue_text: text = '←'
85.0887 	EXP 	fixation: autoDraw = True
85.1892 	EXP 	Device response: <KeyPress from None: t=85.0562686000194, value=left, duration=0.11924519998137839>
85.5725 	EXP 	fixation: autoDraw = False
85.5725 	EXP 	cue_text: autoDraw = True
85.8721 	EXP 	cue_text: autoDraw = False
86.1721 	INFO 	Keyboard events cleared
86.1720 	EXP 	target: autoDraw = True
86.4892 	EXP 	Device response: <KeyPress from None: t=86.47566960001132, value=left, duration=None>
86.4895 	EXP 	New trial (rep=5, index=2): <Trial 52 (2 in rep 5) data={'cue_arrow': '→', 'target_x': 0.5, 'condition': 'valid', 'corr_Ans': 'right', 'thisN': 52, 'thisTrialN': 2, 'thisRepN': 5}>
86.4938 	DATA 	Keypress: left
86.5054 	EXP 	fixation: autoDraw = False
86.5054 	EXP 	cue_text: autoDraw = False
86.5054 	EXP 	target: autoDraw = False
86.5054 	EXP 	cue_text: height = np.float64(0.1)
86.5054 	EXP 	cue_text: height = np.float64(0.1)
86.5054 	EXP 	cue_text: height = np.float64(0.1)
86.5054 	EXP 	cue_text: text = '→'
86.5054 	EXP 	fixation: autoDraw = True
86.6391 	EXP 	Device response: <KeyPress from None: t=86.47566960001132, value=left, duration=0.14937070000451058>
86.9888 	EXP 	fixation: autoDraw = False
86.9888 	EXP 	cue_text: autoDraw = True
87.2888 	EXP 	cue_text: autoDraw = False
87.5890 	INFO 	Keyboard events cleared
87.5888 	EXP 	target: autoDraw = True
87.8229 	EXP 	Device response: <KeyPress from None: t=87.8105738000013, value=right, duration=None>
87.8232 	EXP 	New trial (rep=5, index=3): <Trial 53 (3 in rep 5) data={'cue_arrow': '←', 'target_x': 0.5, 'condition': 'invalid', 'corr_Ans': 'right', 'thisN': 53, 'thisTrialN': 3, 'thisRepN': 5}>
87.8267 	DATA 	Keypress: right
87.8388 	EXP 	fixation: autoDraw = False
87.8388 	EXP 	cue_text: autoDraw = False
87.8388 	EXP 	target: autoDraw = False
87.8388 	EXP 	cue_text: height = np.float64(0.1)
87.8388 	EXP 	cue_text: height = np.float64(0.1)
87.8388 	EXP 	cue_text: height = np.float64(0.1)
87.8388 	EXP 	cue_text: text = '←'
87.8388 	EXP 	fixation: autoDraw = True
87.9728 	EXP 	Device response: <KeyPress from None: t=87.8105738000013, value=right, duration=0.15194110001903027>
88.3226 	EXP 	fixation: autoDraw = False
88.3226 	EXP 	cue_text: autoDraw = True
88.6225 	EXP 	cue_text: autoDraw = False
88.9222 	INFO 	Keyboard events cleared
88.9220 	EXP 	target: autoDraw = True
89.7726 	EXP 	Device response: <KeyPress from None: t=89.76200449999305, value=right, duration=None>
89.7729 	EXP 	New trial (rep=5, index=4): <Trial 54 (4 in rep 5) data={'cue_arrow': '→', 'target_x': -0.5, 'condition': 'invalid', 'corr_Ans': 'left', 'thisN': 54, 'thisTrialN': 4, 'thisRepN': 5}>
89.7762 	DATA 	Keypress: right
89.7890 	EXP 	fixation: autoDraw = False
89.7890 	EXP 	cue_text: autoDraw = False
89.7890 	EXP 	target: autoDraw = False
89.7890 	EXP 	cue_text: height = np.float64(0.1)
89.7890 	EXP 	cue_text: height = np.float64(0.1)
89.7890 	EXP 	cue_text: height = np.float64(0.1)
89.7890 	EXP 	cue_text: text = '→'
89.7890 	EXP 	fixation: autoDraw = True
89.9559 	EXP 	Device response: <KeyPress from None: t=89.76200449999305, value=right, duration=0.18476660002488643>
90.2722 	EXP 	fixation: autoDraw = False
90.2722 	EXP 	cue_text: autoDraw = True
90.5722 	EXP 	cue_text: autoDraw = False
90.8724 	INFO 	Keyboard events cleared
90.8723 	EXP 	target: autoDraw = True
91.8393 	EXP 	Device response: <KeyPress from None: t=91.83623050001916, value=left, duration=None>
91.8396 	EXP 	New trial (rep=5, index=5): <Trial 55 (5 in rep 5) data={'cue_arrow': '→', 'target_x': 0.5, 'condition': 'valid', 'corr_Ans': 'right', 'thisN': 55, 'thisTrialN': 5, 'thisRepN': 5}>
91.8408 	DATA 	Keypress: left
91.8554 	EXP 	fixation: autoDraw = False
91.8554 	EXP 	cue_text: autoDraw = False
91.8554 	EXP 	target: autoDraw = False
91.8554 	EXP 	cue_text: text = '→'
91.8554 	EXP 	fixation: autoDraw = True
91.9893 	EXP 	Device response: <KeyPress from None: t=91.83623050001916, value=left, duration=0.15070819997345097>
92.3389 	EXP 	fixation: autoDraw = False
92.3389 	EXP 	cue_text: autoDraw = True
92.6389 	EXP 	cue_text: autoDraw = False
92.9391 	INFO 	Keyboard events cleared
92.9390 	EXP 	target: autoDraw = True
93.2726 	EXP 	Device response: <KeyPress from None: t=93.26632110000355, value=right, duration=None>
93.2729 	EXP 	New trial (rep=5, index=6): <Trial 56 (6 in rep 5) data={'cue_arrow': '→', 'target_x': 0.5, 'condition': 'valid', 'corr_Ans': 'right', 'thisN': 56, 'thisTrialN': 6, 'thisRepN': 5}>
93.2741 	DATA 	Keypress: right
93.2888 	EXP 	fixation: autoDraw = False
93.2888 	EXP 	cue_text: autoDraw = False
93.2888 	EXP 	target: autoDraw = False
93.2888 	EXP 	cue_text: text = '→'
93.2888 	EXP 	fixation: autoDraw = True
93.4392 	EXP 	Device response: <KeyPress from None: t=93.26632110000355, value=right, duration=0.1601393000164535>
93.7723 	EXP 	fixation: autoDraw = False
93.7723 	EXP 	cue_text: autoDraw = True
94.0723 	EXP 	cue_text: autoDraw = False
94.3724 	INFO 	Keyboard events cleared
94.3723 	EXP 	target: autoDraw = True
94.6390 	EXP 	Device response: <KeyPress from None: t=94.63031559999217, value=right, duration=None>
94.6393 	EXP 	New trial (rep=5, index=7): <Trial 57 (7 in rep 5) data={'cue_arrow': '→', 'target_x': 0.5, 'condition': 'valid', 'corr_Ans': 'right', 'thisN': 57, 'thisTrialN': 7, 'thisRepN': 5}>
94.6406 	DATA 	Keypress: right
94.6555 	EXP 	fixation: autoDraw = False
94.6555 	EXP 	cue_text: autoDraw = False
94.6555 	EXP 	target: autoDraw = False
94.6555 	EXP 	cue_text: text = '→'
94.6555 	EXP 	fixation: autoDraw = True
94.7892 	EXP 	Device response: <KeyPress from None: t=94.63031559999217, value=right, duration=0.1543948000180535>
95.1389 	EXP 	fixation: autoDraw = False
95.1389 	EXP 	cue_text: autoDraw = True
95.4388 	EXP 	cue_text: autoDraw = False
95.7390 	INFO 	Keyboard events cleared
95.7389 	EXP 	target: autoDraw = True
96.0060 	EXP 	Device response: <KeyPress from None: t=95.99040840001544, value=right, duration=None>
96.0063 	EXP 	New trial (rep=5, index=8): <Trial 58 (8 in rep 5) data={'cue_arrow': '←', 'target_x': -0.5, 'condition': 'valid', 'corr_Ans': 'left', 'thisN': 58, 'thisTrialN': 8, 'thisRepN': 5}>
96.0106 	DATA 	Keypress: right
96.0222 	EXP 	fixation: autoDraw = False
96.0222 	EXP 	cue_text: autoDraw = False
96.0222 	EXP 	target: autoDraw = False
96.0222 	EXP 	cue_text: height = np.float64(0.1)
96.0222 	EXP 	cue_text: height = np.float64(0.1)
96.0222 	EXP 	cue_text: height = np.float64(0.1)
96.0222 	EXP 	cue_text: text = '←'
96.0222 	EXP 	fixation: autoDraw = True
96.1559 	EXP 	Device response: <KeyPress from None: t=95.99040840001544, value=right, duration=0.1642606999957934>
96.5057 	EXP 	fixation: autoDraw = False
96.5057 	EXP 	cue_text: autoDraw = True
96.8056 	EXP 	cue_text: autoDraw = False
97.1058 	INFO 	Keyboard events cleared
97.1056 	EXP 	target: autoDraw = True
97.4062 	EXP 	Device response: <KeyPress from None: t=97.39235040001222, value=left, duration=None>
97.4065 	EXP 	New trial (rep=5, index=9): <Trial 59 (9 in rep 5) data={'cue_arrow': '←', 'target_x': -0.5, 'condition': 'valid', 'corr_Ans': 'left', 'thisN': 59, 'thisTrialN': 9, 'thisRepN': 5}>
97.4078 	DATA 	Keypress: left
97.4224 	EXP 	fixation: autoDraw = False
97.4224 	EXP 	cue_text: autoDraw = False
97.4224 	EXP 	target: autoDraw = False
97.4224 	EXP 	cue_text: text = '←'
97.4224 	EXP 	fixation: autoDraw = True
97.5561 	EXP 	Device response: <KeyPress from None: t=97.39235040001222, value=left, duration=0.1563241999829188>
97.9058 	EXP 	fixation: autoDraw = False
97.9058 	EXP 	cue_text: autoDraw = True
98.2056 	EXP 	cue_text: autoDraw = False
98.5059 	INFO 	Keyboard events cleared
98.5057 	EXP 	target: autoDraw = True
98.7571 	DATA 	Keypress: left
98.7726 	EXP 	Device response: <KeyPress from None: t=98.7564590999973, value=left, duration=None>
98.7729 	EXP 	New trial (rep=6, index=0): <Trial 60 (0 in rep 6) data={'cue_arrow': '→', 'target_x': 0.5, 'condition': 'valid', 'corr_Ans': 'right', 'thisN': 60, 'thisTrialN': 0, 'thisRepN': 6}>
98.7888 	EXP 	fixation: autoDraw = False
98.7888 	EXP 	cue_text: autoDraw = False
98.7888 	EXP 	target: autoDraw = False
98.7888 	EXP 	cue_text: height = np.float64(0.1)
98.7888 	EXP 	cue_text: height = np.float64(0.1)
98.7888 	EXP 	cue_text: height = np.float64(0.1)
98.7888 	EXP 	cue_text: text = '→'
98.7888 	EXP 	fixation: autoDraw = True
98.8897 	EXP 	Device response: <KeyPress from None: t=98.7564590999973, value=left, duration=0.13100250001298264>
99.2723 	EXP 	fixation: autoDraw = False
99.2723 	EXP 	cue_text: autoDraw = True
99.5725 	EXP 	cue_text: autoDraw = False
99.8725 	INFO 	Keyboard events cleared
99.8723 	EXP 	target: autoDraw = True
100.4896 	EXP 	Device response: <KeyPress from None: t=100.48237519999384, value=right, duration=None>
100.4899 	EXP 	New trial (rep=6, index=1): <Trial 61 (1 in rep 6) data={'cue_arrow': '→', 'target_x': 0.5, 'condition': 'valid', 'corr_Ans': 'right', 'thisN': 61, 'thisTrialN': 1, 'thisRepN': 6}>
100.4912 	DATA 	Keypress: right
100.5059 	EXP 	fixation: autoDraw = False
100.5059 	EXP 	cue_text: autoDraw = False
100.5059 	EXP 	target: autoDraw = False
100.5059 	EXP 	cue_text: text = '→'
100.5059 	EXP 	fixation: autoDraw = True
100.6394 	EXP 	Device response: <KeyPress from None: t=100.48237519999384, value=right, duration=0.15507620002608746>
100.9891 	EXP 	fixation: autoDraw = False
100.9891 	EXP 	cue_text: autoDraw = True
101.2889 	EXP 	cue_text: autoDraw = False
101.5893 	INFO 	Keyboard events cleared
101.5891 	EXP 	target: autoDraw = True
102.0904 	DATA 	Keypress: right
102.1061 	EXP 	Device response: <KeyPress from None: t=102.08973840001272, value=right, duration=None>
102.1064 	EXP 	New trial (rep=6, index=2): <Trial 62 (2 in rep 6) data={'cue_arrow': '←', 'target_x': -0.5, 'condition': 'valid', 'corr_Ans': 'left', 'thisN': 62, 'thisTrialN': 2, 'thisRepN': 6}>
102.1223 	EXP 	fixation: autoDraw = False
102.1223 	EXP 	cue_text: autoDraw = False
102.1223 	EXP 	target: autoDraw = False
102.1223 	EXP 	cue_text: height = np.float64(0.1)
102.1223 	EXP 	cue_text: height = np.float64(0.1)
102.1223 	EXP 	cue_text: height = np.float64(0.1)
102.1223 	EXP 	cue_text: text = '←'
102.1223 	EXP 	fixation: autoDraw = True
102.2561 	EXP 	Device response: <KeyPress from None: t=102.08973840001272, value=right, duration=0.15313880000030622>
102.6060 	EXP 	fixation: autoDraw = False
102.6060 	EXP 	cue_text: autoDraw = True
102.9071 	EXP 	cue_text: autoDraw = False
103.2058 	INFO 	Keyboard events cleared
103.2056 	EXP 	target: autoDraw = True
103.5561 	EXP 	Device response: <KeyPress from None: t=103.54150009999285, value=left, duration=None>
103.5564 	EXP 	New trial (rep=6, index=3): <Trial 63 (3 in rep 6) data={'cue_arrow': '→', 'target_x': -0.5, 'condition': 'invalid', 'corr_Ans': 'left', 'thisN': 63, 'thisTrialN': 3, 'thisRepN': 6}>
103.5595 	DATA 	Keypress: left
103.5724 	EXP 	fixation: autoDraw = False
103.5724 	EXP 	cue_text: autoDraw = False
103.5724 	EXP 	target: autoDraw = False
103.5724 	EXP 	cue_text: height = np.float64(0.1)
103.5724 	EXP 	cue_text: height = np.float64(0.1)
103.5724 	EXP 	cue_text: height = np.float64(0.1)
103.5724 	EXP 	cue_text: text = '→'
103.5724 	EXP 	fixation: autoDraw = True
103.6727 	EXP 	Device response: <KeyPress from None: t=103.54150009999285, value=left, duration=0.11607020001974888>
104.0558 	EXP 	fixation: autoDraw = False
104.0558 	EXP 	cue_text: autoDraw = True
104.3557 	EXP 	cue_text: autoDraw = False
104.6558 	INFO 	Keyboard events cleared
104.6556 	EXP 	target: autoDraw = True
105.6561 	EXP 	Device response: <KeyPress from None: t=105.64803460001713, value=left, duration=None>
105.6564 	EXP 	New trial (rep=6, index=4): <Trial 64 (4 in rep 6) data={'cue_arrow': '→', 'target_x': 0.5, 'condition': 'valid', 'corr_Ans': 'right', 'thisN': 64, 'thisTrialN': 4, 'thisRepN': 6}>
105.6577 	DATA 	Keypress: left
105.6724 	EXP 	fixation: autoDraw = False
105.6724 	EXP 	cue_text: autoDraw = False
105.6724 	EXP 	target: autoDraw = False
105.6724 	EXP 	cue_text: text = '→'
105.6724 	EXP 	fixation: autoDraw = True
105.8228 	EXP 	Device response: <KeyPress from None: t=105.64803460001713, value=left, duration=0.1584339999826625>
106.1557 	EXP 	fixation: autoDraw = False
106.1557 	EXP 	cue_text: autoDraw = True
106.4556 	EXP 	cue_text: autoDraw = False
106.7558 	INFO 	Keyboard events cleared
106.7557 	EXP 	target: autoDraw = True
107.0396 	EXP 	Device response: <KeyPress from None: t=107.03735210001469, value=right, duration=None>
107.0399 	EXP 	New trial (rep=6, index=5): <Trial 65 (5 in rep 6) data={'cue_arrow': '←', 'target_x': -0.5, 'condition': 'valid', 'corr_Ans': 'left', 'thisN': 65, 'thisTrialN': 5, 'thisRepN': 6}>
107.0429 	DATA 	Keypress: right
107.0557 	EXP 	fixation: autoDraw = False
107.0557 	EXP 	cue_text: autoDraw = False
107.0557 	EXP 	target: autoDraw = False
107.0557 	EXP 	cue_text: height = np.float64(0.1)
107.0557 	EXP 	cue_text: height = np.float64(0.1)
107.0557 	EXP 	cue_text: height = np.float64(0.1)
107.0557 	EXP 	cue_text: text = '←'
107.0557 	EXP 	fixation: autoDraw = True
107.1894 	EXP 	Device response: <KeyPress from None: t=107.03735210001469, value=right, duration=0.14944859998649918>
107.5392 	EXP 	fixation: autoDraw = False
107.5392 	EXP 	cue_text: autoDraw = True
107.8392 	EXP 	cue_text: autoDraw = False
108.1393 	INFO 	Keyboard events cleared
108.1392 	EXP 	target: autoDraw = True
108.4230 	EXP 	Device response: <KeyPress from None: t=108.41871240001637, value=left, duration=None>
108.4233 	EXP 	New trial (rep=6, index=6): <Trial 66 (6 in rep 6) data={'cue_arrow': '→', 'target_x': 0.5, 'condition': 'valid', 'corr_Ans': 'right', 'thisN': 66, 'thisTrialN': 6, 'thisRepN': 6}>
108.4271 	DATA 	Keypress: left
108.4392 	EXP 	fixation: autoDraw = False
108.4392 	EXP 	cue_text: autoDraw = False
108.4392 	EXP 	target: autoDraw = False
108.4392 	EXP 	cue_text: height = np.float64(0.1)
108.4392 	EXP 	cue_text: height = np.float64(0.1)
108.4392 	EXP 	cue_text: height = np.float64(0.1)
108.4392 	EXP 	cue_text: text = '→'
108.4392 	EXP 	fixation: autoDraw = True
108.5732 	EXP 	Device response: <KeyPress from None: t=108.41871240001637, value=left, duration=0.14766170000075363>
108.9225 	EXP 	fixation: autoDraw = False
108.9225 	EXP 	cue_text: autoDraw = True
109.2225 	EXP 	cue_text: autoDraw = False
109.5227 	INFO 	Keyboard events cleared
109.5226 	EXP 	target: autoDraw = True
109.7395 	EXP 	Device response: <KeyPress from None: t=109.72391890001018, value=right, duration=None>
109.7398 	EXP 	New trial (rep=6, index=7): <Trial 67 (7 in rep 6) data={'cue_arrow': '←', 'target_x': 0.5, 'condition': 'invalid', 'corr_Ans': 'right', 'thisN': 67, 'thisTrialN': 7, 'thisRepN': 6}>
109.7438 	DATA 	Keypress: right
109.7558 	EXP 	fixation: autoDraw = False
109.7558 	EXP 	cue_text: autoDraw = False
109.7558 	EXP 	target: autoDraw = False
109.7558 	EXP 	cue_text: height = np.float64(0.1)
109.7558 	EXP 	cue_text: height = np.float64(0.1)
109.7558 	EXP 	cue_text: height = np.float64(0.1)
109.7558 	EXP 	cue_text: text = '←'
109.7558 	EXP 	fixation: autoDraw = True
109.9062 	EXP 	Device response: <KeyPress from None: t=109.72391890001018, value=right, duration=0.18148369999835268>
110.2392 	EXP 	fixation: autoDraw = False
110.2392 	EXP 	cue_text: autoDraw = True
110.5392 	EXP 	cue_text: autoDraw = False
110.8393 	INFO 	Keyboard events cleared
110.8391 	EXP 	target: autoDraw = True
111.8238 	DATA 	Keypress: right
111.8395 	EXP 	Device response: <KeyPress from None: t=111.82270049999352, value=right, duration=None>
111.8398 	EXP 	New trial (rep=6, index=8): <Trial 68 (8 in rep 6) data={'cue_arrow': '←', 'target_x': -0.5, 'condition': 'valid', 'corr_Ans': 'left', 'thisN': 68, 'thisTrialN': 8, 'thisRepN': 6}>
111.8559 	EXP 	fixation: autoDraw = False
111.8559 	EXP 	cue_text: autoDraw = False
111.8559 	EXP 	target: autoDraw = False
111.8559 	EXP 	cue_text: text = '←'
111.8559 	EXP 	fixation: autoDraw = True
111.9732 	EXP 	Device response: <KeyPress from None: t=111.82270049999352, value=right, duration=0.1405848000140395>
112.3390 	EXP 	fixation: autoDraw = False
112.3390 	EXP 	cue_text: autoDraw = True
112.6390 	EXP 	cue_text: autoDraw = False
112.9392 	INFO 	Keyboard events cleared
112.9391 	EXP 	target: autoDraw = True
113.2729 	EXP 	Device response: <KeyPress from None: t=113.25698669999838, value=left, duration=None>
113.2732 	EXP 	New trial (rep=6, index=9): <Trial 69 (9 in rep 6) data={'cue_arrow': '←', 'target_x': -0.5, 'condition': 'valid', 'corr_Ans': 'left', 'thisN': 69, 'thisTrialN': 9, 'thisRepN': 6}>
113.2744 	DATA 	Keypress: left
113.2891 	EXP 	fixation: autoDraw = False
113.2891 	EXP 	cue_text: autoDraw = False
113.2891 	EXP 	target: autoDraw = False
113.2891 	EXP 	cue_text: text = '←'
113.2891 	EXP 	fixation: autoDraw = True
113.4230 	EXP 	Device response: <KeyPress from None: t=113.25698669999838, value=left, duration=0.15755500001250766>
113.7726 	EXP 	fixation: autoDraw = False
113.7726 	EXP 	cue_text: autoDraw = True
114.0725 	EXP 	cue_text: autoDraw = False
114.3727 	INFO 	Keyboard events cleared
114.3725 	EXP 	target: autoDraw = True
114.6900 	EXP 	Device response: <KeyPress from None: t=114.6816000000108, value=left, duration=None>
114.6903 	EXP 	New trial (rep=7, index=0): <Trial 70 (0 in rep 7) data={'cue_arrow': '→', 'target_x': 0.5, 'condition': 'valid', 'corr_Ans': 'right', 'thisN': 70, 'thisTrialN': 0, 'thisRepN': 7}>
114.6942 	DATA 	Keypress: left
114.7059 	EXP 	fixation: autoDraw = False
114.7059 	EXP 	cue_text: autoDraw = False
114.7059 	EXP 	target: autoDraw = False
114.7059 	EXP 	cue_text: height = np.float64(0.1)
114.7059 	EXP 	cue_text: height = np.float64(0.1)
114.7059 	EXP 	cue_text: height = np.float64(0.1)
114.7059 	EXP 	cue_text: text = '→'
114.7059 	EXP 	fixation: autoDraw = True
114.8400 	EXP 	Device response: <KeyPress from None: t=114.6816000000108, value=left, duration=0.14231999998446554>
115.2059 	EXP 	fixation: autoDraw = False
115.2059 	EXP 	cue_text: autoDraw = True
115.4897 	EXP 	cue_text: autoDraw = False
115.7894 	INFO 	Keyboard events cleared
115.7893 	EXP 	target: autoDraw = True
116.1729 	EXP 	Device response: <KeyPress from None: t=116.17024690000108, value=right, duration=None>
116.1733 	EXP 	New trial (rep=7, index=1): <Trial 71 (1 in rep 7) data={'cue_arrow': '→', 'target_x': 0.5, 'condition': 'valid', 'corr_Ans': 'right', 'thisN': 71, 'thisTrialN': 1, 'thisRepN': 7}>
116.1746 	DATA 	Keypress: right
116.1893 	EXP 	fixation: autoDraw = False
116.1893 	EXP 	cue_text: autoDraw = False
116.1893 	EXP 	target: autoDraw = False
116.1893 	EXP 	cue_text: text = '→'
116.1893 	EXP 	fixation: autoDraw = True
116.4229 	EXP 	Device response: <KeyPress from None: t=116.17024690000108, value=right, duration=0.24153410000144504>
116.6727 	EXP 	fixation: autoDraw = False
116.6727 	EXP 	cue_text: autoDraw = True
116.9726 	EXP 	cue_text: autoDraw = False
117.2727 	INFO 	Keyboard events cleared
117.2726 	EXP 	target: autoDraw = True
117.5730 	EXP 	Device response: <KeyPress from None: t=117.5607605999976, value=right, duration=None>
117.5733 	EXP 	New trial (rep=7, index=2): <Trial 72 (2 in rep 7) data={'cue_arrow': '→', 'target_x': 0.5, 'condition': 'valid', 'corr_Ans': 'right', 'thisN': 72, 'thisTrialN': 2, 'thisRepN': 7}>
117.5744 	DATA 	Keypress: right
117.5893 	EXP 	fixation: autoDraw = False
117.5893 	EXP 	cue_text: autoDraw = False
117.5893 	EXP 	target: autoDraw = False
117.5893 	EXP 	cue_text: text = '→'
117.5893 	EXP 	fixation: autoDraw = True
117.7564 	EXP 	Device response: <KeyPress from None: t=117.5607605999976, value=right, duration=0.1848572000162676>
118.0727 	EXP 	fixation: autoDraw = False
118.0727 	EXP 	cue_text: autoDraw = True
118.3726 	EXP 	cue_text: autoDraw = False
118.6727 	INFO 	Keyboard events cleared
118.6725 	EXP 	target: autoDraw = True
118.9564 	EXP 	Device response: <KeyPress from None: t=118.94998000000487, value=right, duration=None>
118.9566 	EXP 	New trial (rep=7, index=3): <Trial 73 (3 in rep 7) data={'cue_arrow': '←', 'target_x': 0.5, 'condition': 'invalid', 'corr_Ans': 'right', 'thisN': 73, 'thisTrialN': 3, 'thisRepN': 7}>
118.9597 	DATA 	Keypress: right
118.9727 	EXP 	fixation: autoDraw = False
118.9727 	EXP 	cue_text: autoDraw = False
118.9727 	EXP 	target: autoDraw = False
118.9727 	EXP 	cue_text: height = np.float64(0.1)
118.9727 	EXP 	cue_text: height = np.float64(0.1)
118.9727 	EXP 	cue_text: height = np.float64(0.1)
118.9727 	EXP 	cue_text: text = '←'
118.9727 	EXP 	fixation: autoDraw = True
119.1397 	EXP 	Device response: <KeyPress from None: t=118.94998000000487, value=right, duration=0.17980099999113008>
119.4561 	EXP 	fixation: autoDraw = False
119.4561 	EXP 	cue_text: autoDraw = True
119.7560 	EXP 	cue_text: autoDraw = False
120.0561 	INFO 	Keyboard events cleared
120.0560 	EXP 	target: autoDraw = True
120.8898 	EXP 	Device response: <KeyPress from None: t=120.8827542999934, value=right, duration=None>
120.8901 	EXP 	New trial (rep=7, index=4): <Trial 74 (4 in rep 7) data={'cue_arrow': '→', 'target_x': -0.5, 'condition': 'invalid', 'corr_Ans': 'left', 'thisN': 74, 'thisTrialN': 4, 'thisRepN': 7}>
120.8933 	DATA 	Keypress: right
120.9062 	EXP 	fixation: autoDraw = False
120.9062 	EXP 	cue_text: autoDraw = False
120.9062 	EXP 	target: autoDraw = False
120.9062 	EXP 	cue_text: height = np.float64(0.1)
120.9062 	EXP 	cue_text: height = np.float64(0.1)
120.9062 	EXP 	cue_text: height = np.float64(0.1)
120.9062 	EXP 	cue_text: text = '→'
120.9062 	EXP 	fixation: autoDraw = True
121.0731 	EXP 	Device response: <KeyPress from None: t=120.8827542999934, value=right, duration=0.17984370002523065>
121.3895 	EXP 	fixation: autoDraw = False
121.3895 	EXP 	cue_text: autoDraw = True
121.6895 	EXP 	cue_text: autoDraw = False
121.9895 	INFO 	Keyboard events cleared
121.9894 	EXP 	target: autoDraw = True
122.8063 	EXP 	Device response: <KeyPress from None: t=122.79576959999395, value=left, duration=None>
122.8066 	EXP 	New trial (rep=7, index=5): <Trial 75 (5 in rep 7) data={'cue_arrow': '←', 'target_x': -0.5, 'condition': 'valid', 'corr_Ans': 'left', 'thisN': 75, 'thisTrialN': 5, 'thisRepN': 7}>
122.8100 	DATA 	Keypress: left
122.8227 	EXP 	fixation: autoDraw = False
122.8227 	EXP 	cue_text: autoDraw = False
122.8227 	EXP 	target: autoDraw = False
122.8227 	EXP 	cue_text: height = np.float64(0.1)
122.8227 	EXP 	cue_text: height = np.float64(0.1)
122.8227 	EXP 	cue_text: height = np.float64(0.1)
122.8227 	EXP 	cue_text: text = '←'
122.8227 	EXP 	fixation: autoDraw = True
122.9062 	EXP 	Device response: <KeyPress from None: t=122.79576959999395, value=left, duration=0.10169780001160689>
123.3060 	EXP 	fixation: autoDraw = False
123.3060 	EXP 	cue_text: autoDraw = True
123.6061 	EXP 	cue_text: autoDraw = False
123.9061 	INFO 	Keyboard events cleared
123.9060 	EXP 	target: autoDraw = True
124.4232 	EXP 	Device response: <KeyPress from None: t=124.41148800001247, value=left, duration=None>
124.4235 	EXP 	New trial (rep=7, index=6): <Trial 76 (6 in rep 7) data={'cue_arrow': '←', 'target_x': -0.5, 'condition': 'valid', 'corr_Ans': 'left', 'thisN': 76, 'thisTrialN': 6, 'thisRepN': 7}>
124.4246 	DATA 	Keypress: left
124.4394 	EXP 	fixation: autoDraw = False
124.4394 	EXP 	cue_text: autoDraw = False
124.4394 	EXP 	target: autoDraw = False
124.4394 	EXP 	cue_text: text = '←'
124.4394 	EXP 	fixation: autoDraw = True
124.5731 	EXP 	Device response: <KeyPress from None: t=124.41148800001247, value=left, duration=0.1543709999823477>
124.9226 	EXP 	fixation: autoDraw = False
124.9226 	EXP 	cue_text: autoDraw = True
125.2228 	EXP 	cue_text: autoDraw = False
125.5229 	INFO 	Keyboard events cleared
125.5227 	EXP 	target: autoDraw = True
125.8900 	EXP 	Device response: <KeyPress from None: t=125.88082610000856, value=left, duration=None>
125.8903 	EXP 	New trial (rep=7, index=7): <Trial 77 (7 in rep 7) data={'cue_arrow': '→', 'target_x': 0.5, 'condition': 'valid', 'corr_Ans': 'right', 'thisN': 77, 'thisTrialN': 7, 'thisRepN': 7}>
125.8942 	DATA 	Keypress: left
125.9060 	EXP 	fixation: autoDraw = False
125.9060 	EXP 	cue_text: autoDraw = False
125.9060 	EXP 	target: autoDraw = False
125.9060 	EXP 	cue_text: height = np.float64(0.1)
125.9060 	EXP 	cue_text: height = np.float64(0.1)
125.9060 	EXP 	cue_text: height = np.float64(0.1)
125.9060 	EXP 	cue_text: text = '→'
125.9060 	EXP 	fixation: autoDraw = True
126.0569 	EXP 	Device response: <KeyPress from None: t=125.88082610000856, value=left, duration=0.1600173999904655>
126.3894 	EXP 	fixation: autoDraw = False
126.3894 	EXP 	cue_text: autoDraw = True
126.6895 	EXP 	cue_text: autoDraw = False
126.9895 	INFO 	Keyboard events cleared
126.9894 	EXP 	target: autoDraw = True
127.2733 	EXP 	Device response: <KeyPress from None: t=127.26528260001214, value=right, duration=None>
127.2736 	EXP 	New trial (rep=7, index=8): <Trial 78 (8 in rep 7) data={'cue_arrow': '←', 'target_x': -0.5, 'condition': 'valid', 'corr_Ans': 'left', 'thisN': 78, 'thisTrialN': 8, 'thisRepN': 7}>
127.2770 	DATA 	Keypress: right
127.2893 	EXP 	fixation: autoDraw = False
127.2893 	EXP 	cue_text: autoDraw = False
127.2893 	EXP 	target: autoDraw = False
127.2893 	EXP 	cue_text: height = np.float64(0.1)
127.2893 	EXP 	cue_text: height = np.float64(0.1)
127.2893 	EXP 	cue_text: height = np.float64(0.1)
127.2893 	EXP 	cue_text: text = '←'
127.2893 	EXP 	fixation: autoDraw = True
127.4733 	EXP 	Device response: <KeyPress from None: t=127.26528260001214, value=right, duration=0.2037580999894999>
127.7729 	EXP 	fixation: autoDraw = False
127.7729 	EXP 	cue_text: autoDraw = True
128.0728 	EXP 	cue_text: autoDraw = False
128.3732 	INFO 	Keyboard events cleared
128.3730 	EXP 	target: autoDraw = True
128.8232 	EXP 	Device response: <KeyPress from None: t=128.81564340001205, value=left, duration=None>
128.8235 	EXP 	New trial (rep=7, index=9): <Trial 79 (9 in rep 7) data={'cue_arrow': '←', 'target_x': -0.5, 'condition': 'valid', 'corr_Ans': 'left', 'thisN': 79, 'thisTrialN': 9, 'thisRepN': 7}>
128.8248 	DATA 	Keypress: left
128.8394 	EXP 	fixation: autoDraw = False
128.8394 	EXP 	cue_text: autoDraw = False
128.8394 	EXP 	target: autoDraw = False
128.8394 	EXP 	cue_text: text = '←'
128.8394 	EXP 	fixation: autoDraw = True
129.0066 	EXP 	Device response: <KeyPress from None: t=128.81564340001205, value=left, duration=0.18355640000663698>
129.3229 	EXP 	fixation: autoDraw = False
129.3229 	EXP 	cue_text: autoDraw = True
129.6229 	EXP 	cue_text: autoDraw = False
129.9230 	INFO 	Keyboard events cleared
129.9229 	EXP 	target: autoDraw = True
130.2734 	EXP 	Device response: <KeyPress from None: t=130.26036519999616, value=left, duration=None>
130.2737 	EXP 	New trial (rep=8, index=0): <Trial 80 (0 in rep 8) data={'cue_arrow': '←', 'target_x': -0.5, 'condition': 'valid', 'corr_Ans': 'left', 'thisN': 80, 'thisTrialN': 0, 'thisRepN': 8}>
130.2751 	DATA 	Keypress: left
130.2893 	EXP 	fixation: autoDraw = False
130.2893 	EXP 	cue_text: autoDraw = False
130.2893 	EXP 	target: autoDraw = False
130.2893 	EXP 	cue_text: text = '←'
130.2893 	EXP 	fixation: autoDraw = True
130.4397 	EXP 	Device response: <KeyPress from None: t=130.26036519999616, value=left, duration=0.16476510002394207>
130.7729 	EXP 	fixation: autoDraw = False
130.7729 	EXP 	cue_text: autoDraw = True
131.0729 	EXP 	cue_text: autoDraw = False
131.3730 	INFO 	Keyboard events cleared
131.3729 	EXP 	target: autoDraw = True
131.7731 	EXP 	Device response: <KeyPress from None: t=131.77177640001173, value=left, duration=None>
131.7734 	EXP 	New trial (rep=8, index=1): <Trial 81 (1 in rep 8) data={'cue_arrow': '→', 'target_x': 0.5, 'condition': 'valid', 'corr_Ans': 'right', 'thisN': 81, 'thisTrialN': 1, 'thisRepN': 8}>
131.7768 	DATA 	Keypress: left
131.7899 	EXP 	fixation: autoDraw = False
131.7899 	EXP 	cue_text: autoDraw = False
131.7899 	EXP 	target: autoDraw = False
131.7899 	EXP 	cue_text: height = np.float64(0.1)
131.7899 	EXP 	cue_text: height = np.float64(0.1)
131.7899 	EXP 	cue_text: height = np.float64(0.1)
131.7899 	EXP 	cue_text: text = '→'
131.7899 	EXP 	fixation: autoDraw = True
131.9398 	EXP 	Device response: <KeyPress from None: t=131.77177640001173, value=left, duration=0.15339880000101402>
132.2730 	EXP 	fixation: autoDraw = False
132.2730 	EXP 	cue_text: autoDraw = True
132.5728 	EXP 	cue_text: autoDraw = False
132.8729 	INFO 	Keyboard events cleared
132.8728 	EXP 	target: autoDraw = True
133.1568 	EXP 	Device response: <KeyPress from None: t=133.14967050001724, value=right, duration=None>
133.1570 	EXP 	New trial (rep=8, index=2): <Trial 82 (2 in rep 8) data={'cue_arrow': '→', 'target_x': 0.5, 'condition': 'valid', 'corr_Ans': 'right', 'thisN': 82, 'thisTrialN': 2, 'thisRepN': 8}>
133.1581 	DATA 	Keypress: right
133.1728 	EXP 	fixation: autoDraw = False
133.1728 	EXP 	cue_text: autoDraw = False
133.1728 	EXP 	target: autoDraw = False
133.1728 	EXP 	cue_text: text = '→'
133.1728 	EXP 	fixation: autoDraw = True
133.3068 	EXP 	Device response: <KeyPress from None: t=133.14967050001724, value=right, duration=0.14736429997719824>
133.6562 	EXP 	fixation: autoDraw = False
133.6562 	EXP 	cue_text: autoDraw = True
133.9564 	EXP 	cue_text: autoDraw = False
134.2564 	INFO 	Keyboard events cleared
134.2562 	EXP 	target: autoDraw = True
134.5232 	EXP 	Device response: <KeyPress from None: t=134.5204093999928, value=right, duration=None>
134.5235 	EXP 	New trial (rep=8, index=3): <Trial 83 (3 in rep 8) data={'cue_arrow': '→', 'target_x': 0.5, 'condition': 'valid', 'corr_Ans': 'right', 'thisN': 83, 'thisTrialN': 3, 'thisRepN': 8}>
134.5246 	DATA 	Keypress: right
134.5396 	EXP 	fixation: autoDraw = False
134.5396 	EXP 	cue_text: autoDraw = False
134.5396 	EXP 	target: autoDraw = False
134.5396 	EXP 	cue_text: text = '→'
134.5396 	EXP 	fixation: autoDraw = True
134.7067 	EXP 	Device response: <KeyPress from None: t=134.5204093999928, value=right, duration=0.17323390001547523>
135.0227 	EXP 	fixation: autoDraw = False
135.0227 	EXP 	cue_text: autoDraw = True
135.3231 	EXP 	cue_text: autoDraw = False
135.6230 	INFO 	Keyboard events cleared
135.6228 	EXP 	target: autoDraw = True
136.0067 	EXP 	Device response: <KeyPress from None: t=135.99871720001101, value=right, duration=None>
136.0070 	EXP 	New trial (rep=8, index=4): <Trial 84 (4 in rep 8) data={'cue_arrow': '→', 'target_x': -0.5, 'condition': 'invalid', 'corr_Ans': 'left', 'thisN': 84, 'thisTrialN': 4, 'thisRepN': 8}>
136.0083 	DATA 	Keypress: right
136.0228 	EXP 	fixation: autoDraw = False
136.0228 	EXP 	cue_text: autoDraw = False
136.0228 	EXP 	target: autoDraw = False
136.0228 	EXP 	cue_text: text = '→'
136.0228 	EXP 	fixation: autoDraw = True
136.1900 	EXP 	Device response: <KeyPress from None: t=135.99871720001101, value=right, duration=0.18489939998835325>
136.5064 	EXP 	fixation: autoDraw = False
136.5064 	EXP 	cue_text: autoDraw = True
136.8064 	EXP 	cue_text: autoDraw = False
137.1066 	INFO 	Keyboard events cleared
137.1064 	EXP 	target: autoDraw = True
137.5738 	EXP 	Device response: <KeyPress from None: t=137.5707045000163, value=left, duration=None>
137.5741 	EXP 	New trial (rep=8, index=5): <Trial 85 (5 in rep 8) data={'cue_arrow': '←', 'target_x': -0.5, 'condition': 'valid', 'corr_Ans': 'left', 'thisN': 85, 'thisTrialN': 5, 'thisRepN': 8}>
137.5775 	DATA 	Keypress: left
137.5897 	EXP 	fixation: autoDraw = False
137.5897 	EXP 	cue_text: autoDraw = False
137.5897 	EXP 	target: autoDraw = False
137.5897 	EXP 	cue_text: height = np.float64(0.1)
137.5897 	EXP 	cue_text: height = np.float64(0.1)
137.5897 	EXP 	cue_text: height = np.float64(0.1)
137.5897 	EXP 	cue_text: text = '←'
137.5897 	EXP 	fixation: autoDraw = True
137.7241 	EXP 	Device response: <KeyPress from None: t=137.5707045000163, value=left, duration=0.14998479999485426>
138.0898 	EXP 	fixation: autoDraw = False
138.0898 	EXP 	cue_text: autoDraw = True
138.3898 	EXP 	cue_text: autoDraw = False
138.6899 	INFO 	Keyboard events cleared
138.6898 	EXP 	target: autoDraw = True
138.9903 	EXP 	Device response: <KeyPress from None: t=138.98349579999922, value=left, duration=None>
138.9906 	EXP 	New trial (rep=8, index=6): <Trial 86 (6 in rep 8) data={'cue_arrow': '→', 'target_x': 0.5, 'condition': 'valid', 'corr_Ans': 'right', 'thisN': 86, 'thisTrialN': 6, 'thisRepN': 8}>
138.9942 	DATA 	Keypress: left
139.0063 	EXP 	fixation: autoDraw = False
139.0063 	EXP 	cue_text: autoDraw = False
139.0063 	EXP 	target: autoDraw = False
139.0063 	EXP 	cue_text: height = np.float64(0.1)
139.0063 	EXP 	cue_text: height = np.float64(0.1)
139.0063 	EXP 	cue_text: height = np.float64(0.1)
139.0063 	EXP 	cue_text: text = '→'
139.0063 	EXP 	fixation: autoDraw = True
139.1735 	EXP 	Device response: <KeyPress from None: t=138.98349579999922, value=left, duration=0.17563050001626834>
139.4897 	EXP 	fixation: autoDraw = False
139.4897 	EXP 	cue_text: autoDraw = True
139.7899 	EXP 	cue_text: autoDraw = False
140.0900 	INFO 	Keyboard events cleared
140.0899 	EXP 	target: autoDraw = True
140.3568 	EXP 	Device response: <KeyPress from None: t=140.3545593000017, value=right, duration=None>
140.3571 	EXP 	New trial (rep=8, index=7): <Trial 87 (7 in rep 8) data={'cue_arrow': '←', 'target_x': 0.5, 'condition': 'invalid', 'corr_Ans': 'right', 'thisN': 87, 'thisTrialN': 7, 'thisRepN': 8}>
140.3612 	DATA 	Keypress: right
140.3730 	EXP 	fixation: autoDraw = False
140.3730 	EXP 	cue_text: autoDraw = False
140.3730 	EXP 	target: autoDraw = False
140.3730 	EXP 	cue_text: height = np.float64(0.1)
140.3730 	EXP 	cue_text: height = np.float64(0.1)
140.3730 	EXP 	cue_text: height = np.float64(0.1)
140.3730 	EXP 	cue_text: text = '←'
140.3730 	EXP 	fixation: autoDraw = True
140.5401 	EXP 	Device response: <KeyPress from None: t=140.3545593000017, value=right, duration=0.1749714000034146>
140.8563 	EXP 	fixation: autoDraw = False
140.8563 	EXP 	cue_text: autoDraw = True
141.1564 	EXP 	cue_text: autoDraw = False
141.4565 	INFO 	Keyboard events cleared
141.4564 	EXP 	target: autoDraw = True
142.0902 	EXP 	Device response: <KeyPress from None: t=142.08973470001365, value=right, duration=None>
142.0906 	EXP 	New trial (rep=8, index=8): <Trial 88 (8 in rep 8) data={'cue_arrow': '←', 'target_x': -0.5, 'condition': 'valid', 'corr_Ans': 'left', 'thisN': 88, 'thisTrialN': 8, 'thisRepN': 8}>
142.0919 	DATA 	Keypress: right
142.1062 	EXP 	fixation: autoDraw = False
142.1062 	EXP 	cue_text: autoDraw = False
142.1062 	EXP 	target: autoDraw = False
142.1062 	EXP 	cue_text: text = '←'
142.1062 	EXP 	fixation: autoDraw = True
142.2744 	EXP 	Device response: <KeyPress from None: t=142.08973470001365, value=right, duration=0.1697470999788493>
142.5896 	EXP 	fixation: autoDraw = False
142.5896 	EXP 	cue_text: autoDraw = True
142.8897 	EXP 	cue_text: autoDraw = False
143.1900 	INFO 	Keyboard events cleared
143.1898 	EXP 	target: autoDraw = True
143.4736 	EXP 	Device response: <KeyPress from None: t=143.46022040001117, value=left, duration=None>
143.4739 	EXP 	New trial (rep=8, index=9): <Trial 89 (9 in rep 8) data={'cue_arrow': '←', 'target_x': -0.5, 'condition': 'valid', 'corr_Ans': 'left', 'thisN': 89, 'thisTrialN': 9, 'thisRepN': 8}>
143.4749 	DATA 	Keypress: left
143.4897 	EXP 	fixation: autoDraw = False
143.4897 	EXP 	cue_text: autoDraw = False
143.4897 	EXP 	target: autoDraw = False
143.4897 	EXP 	cue_text: text = '←'
143.4897 	EXP 	fixation: autoDraw = True
143.6573 	EXP 	Device response: <KeyPress from None: t=143.46022040001117, value=left, duration=0.18850869999732822>
143.9732 	EXP 	fixation: autoDraw = False
143.9732 	EXP 	cue_text: autoDraw = True
144.2732 	EXP 	cue_text: autoDraw = False
144.5734 	INFO 	Keyboard events cleared
144.5733 	EXP 	target: autoDraw = True
144.9401 	EXP 	Device response: <KeyPress from None: t=144.93404120000196, value=left, duration=None>
144.9404 	EXP 	New trial (rep=9, index=0): <Trial 90 (0 in rep 9) data={'cue_arrow': '→', 'target_x': 0.5, 'condition': 'valid', 'corr_Ans': 'right', 'thisN': 90, 'thisTrialN': 0, 'thisRepN': 9}>
144.9439 	DATA 	Keypress: left
144.9565 	EXP 	fixation: autoDraw = False
144.9565 	EXP 	cue_text: autoDraw = False
144.9565 	EXP 	target: autoDraw = False
144.9565 	EXP 	cue_text: height = np.float64(0.1)
144.9565 	EXP 	cue_text: height = np.float64(0.1)
144.9565 	EXP 	cue_text: height = np.float64(0.1)
144.9565 	EXP 	cue_text: text = '→'
144.9565 	EXP 	fixation: autoDraw = True
145.1238 	EXP 	Device response: <KeyPress from None: t=144.93404120000196, value=left, duration=0.17469320000964217>
145.4397 	EXP 	fixation: autoDraw = False
145.4397 	EXP 	cue_text: autoDraw = True
145.7396 	EXP 	cue_text: autoDraw = False
146.0398 	INFO 	Keyboard events cleared
146.0397 	EXP 	target: autoDraw = True
146.5400 	EXP 	Device response: <KeyPress from None: t=146.52980150000076, value=right, duration=None>
146.5403 	EXP 	New trial (rep=9, index=1): <Trial 91 (1 in rep 9) data={'cue_arrow': '←', 'target_x': -0.5, 'condition': 'valid', 'corr_Ans': 'left', 'thisN': 91, 'thisTrialN': 1, 'thisRepN': 9}>
146.5441 	DATA 	Keypress: right
146.5565 	EXP 	fixation: autoDraw = False
146.5565 	EXP 	cue_text: autoDraw = False
146.5565 	EXP 	target: autoDraw = False
146.5565 	EXP 	cue_text: height = np.float64(0.1)
146.5565 	EXP 	cue_text: height = np.float64(0.1)
146.5565 	EXP 	cue_text: height = np.float64(0.1)
146.5565 	EXP 	cue_text: text = '←'
146.5565 	EXP 	fixation: autoDraw = True
146.6901 	EXP 	Device response: <KeyPress from None: t=146.52980150000076, value=right, duration=0.15030259999912232>
147.0397 	EXP 	fixation: autoDraw = False
147.0397 	EXP 	cue_text: autoDraw = True
147.3401 	EXP 	cue_text: autoDraw = False
147.6403 	INFO 	Keyboard events cleared
147.6401 	EXP 	target: autoDraw = True
147.9734 	EXP 	Device response: <KeyPress from None: t=147.96378439999535, value=left, duration=None>
147.9737 	EXP 	New trial (rep=9, index=2): <Trial 92 (2 in rep 9) data={'cue_arrow': '→', 'target_x': 0.5, 'condition': 'valid', 'corr_Ans': 'right', 'thisN': 92, 'thisTrialN': 2, 'thisRepN': 9}>
147.9778 	DATA 	Keypress: left
147.9903 	EXP 	fixation: autoDraw = False
147.9903 	EXP 	cue_text: autoDraw = False
147.9903 	EXP 	target: autoDraw = False
147.9903 	EXP 	cue_text: height = np.float64(0.1)
147.9903 	EXP 	cue_text: height = np.float64(0.1)
147.9903 	EXP 	cue_text: height = np.float64(0.1)
147.9903 	EXP 	cue_text: text = '→'
147.9903 	EXP 	fixation: autoDraw = True
148.1069 	EXP 	Device response: <KeyPress from None: t=147.96378439999535, value=left, duration=0.13749220001045614>
148.4732 	EXP 	fixation: autoDraw = False
148.4732 	EXP 	cue_text: autoDraw = True
148.7733 	EXP 	cue_text: autoDraw = False
149.0732 	INFO 	Keyboard events cleared
149.0731 	EXP 	target: autoDraw = True
149.8070 	EXP 	Device response: <KeyPress from None: t=149.8038177000126, value=right, duration=None>
149.8073 	EXP 	New trial (rep=9, index=3): <Trial 93 (3 in rep 9) data={'cue_arrow': '→', 'target_x': 0.5, 'condition': 'valid', 'corr_Ans': 'right', 'thisN': 93, 'thisTrialN': 3, 'thisRepN': 9}>
149.8085 	DATA 	Keypress: right
149.8232 	EXP 	fixation: autoDraw = False
149.8232 	EXP 	cue_text: autoDraw = False
149.8232 	EXP 	target: autoDraw = False
149.8232 	EXP 	cue_text: text = '→'
149.8232 	EXP 	fixation: autoDraw = True
149.9903 	EXP 	Device response: <KeyPress from None: t=149.8038177000126, value=right, duration=0.17004349999479018>
150.3067 	EXP 	fixation: autoDraw = False
150.3067 	EXP 	cue_text: autoDraw = True
150.6067 	EXP 	cue_text: autoDraw = False
150.9068 	INFO 	Keyboard events cleared
150.9067 	EXP 	target: autoDraw = True
151.4070 	EXP 	Device response: <KeyPress from None: t=151.3944055000029, value=right, duration=None>
151.4073 	EXP 	New trial (rep=9, index=4): <Trial 94 (4 in rep 9) data={'cue_arrow': '←', 'target_x': -0.5, 'condition': 'valid', 'corr_Ans': 'left', 'thisN': 94, 'thisTrialN': 4, 'thisRepN': 9}>
151.4110 	DATA 	Keypress: right
151.4232 	EXP 	fixation: autoDraw = False
151.4232 	EXP 	cue_text: autoDraw = False
151.4232 	EXP 	target: autoDraw = False
151.4232 	EXP 	cue_text: height = np.float64(0.1)
151.4232 	EXP 	cue_text: height = np.float64(0.1)
151.4232 	EXP 	cue_text: height = np.float64(0.1)
151.4232 	EXP 	cue_text: text = '←'
151.4232 	EXP 	fixation: autoDraw = True
151.5403 	EXP 	Device response: <KeyPress from None: t=151.3944055000029, value=right, duration=0.13222830000449903>
151.9070 	EXP 	fixation: autoDraw = False
151.9070 	EXP 	cue_text: autoDraw = True
152.2065 	EXP 	cue_text: autoDraw = False
152.5070 	INFO 	Keyboard events cleared
152.5069 	EXP 	target: autoDraw = True
152.9240 	EXP 	Device response: <KeyPress from None: t=152.91242179999244, value=left, duration=None>
152.9243 	EXP 	New trial (rep=9, index=5): <Trial 95 (5 in rep 9) data={'cue_arrow': '→', 'target_x': -0.5, 'condition': 'invalid', 'corr_Ans': 'left', 'thisN': 95, 'thisTrialN': 5, 'thisRepN': 9}>
152.9271 	DATA 	Keypress: left
152.9400 	EXP 	fixation: autoDraw = False
152.9400 	EXP 	cue_text: autoDraw = False
152.9400 	EXP 	target: autoDraw = False
152.9400 	EXP 	cue_text: height = np.float64(0.1)
152.9400 	EXP 	cue_text: height = np.float64(0.1)
152.9400 	EXP 	cue_text: height = np.float64(0.1)
152.9400 	EXP 	cue_text: text = '→'
152.9400 	EXP 	fixation: autoDraw = True
153.0739 	EXP 	Device response: <KeyPress from None: t=152.91242179999244, value=left, duration=0.1494546000030823>
153.4231 	EXP 	fixation: autoDraw = False
153.4231 	EXP 	cue_text: autoDraw = True
153.7398 	EXP 	cue_text: autoDraw = False
154.0238 	INFO 	Keyboard events cleared
154.0236 	EXP 	target: autoDraw = True
154.8903 	EXP 	Device response: <KeyPress from None: t=154.88689490000252, value=left, duration=None>
154.8906 	EXP 	New trial (rep=9, index=6): <Trial 96 (6 in rep 9) data={'cue_arrow': '←', 'target_x': 0.5, 'condition': 'invalid', 'corr_Ans': 'right', 'thisN': 96, 'thisTrialN': 6, 'thisRepN': 9}>
154.8935 	DATA 	Keypress: left
154.9065 	EXP 	fixation: autoDraw = False
154.9065 	EXP 	cue_text: autoDraw = False
154.9065 	EXP 	target: autoDraw = False
154.9065 	EXP 	cue_text: height = np.float64(0.1)
154.9065 	EXP 	cue_text: height = np.float64(0.1)
154.9065 	EXP 	cue_text: height = np.float64(0.1)
154.9065 	EXP 	cue_text: text = '←'
154.9065 	EXP 	fixation: autoDraw = True
155.0404 	EXP 	Device response: <KeyPress from None: t=154.88689490000252, value=left, duration=0.14316420000977814>
155.3897 	EXP 	fixation: autoDraw = False
155.3897 	EXP 	cue_text: autoDraw = True
155.6901 	EXP 	cue_text: autoDraw = False
155.9903 	INFO 	Keyboard events cleared
155.9902 	EXP 	target: autoDraw = True
156.8236 	EXP 	Device response: <KeyPress from None: t=156.8085412000073, value=right, duration=None>
156.8238 	EXP 	New trial (rep=9, index=7): <Trial 97 (7 in rep 9) data={'cue_arrow': '←', 'target_x': -0.5, 'condition': 'valid', 'corr_Ans': 'left', 'thisN': 97, 'thisTrialN': 7, 'thisRepN': 9}>
156.8248 	DATA 	Keypress: right
156.8399 	EXP 	fixation: autoDraw = False
156.8399 	EXP 	cue_text: autoDraw = False
156.8399 	EXP 	target: autoDraw = False
156.8399 	EXP 	cue_text: text = '←'
156.8399 	EXP 	fixation: autoDraw = True
156.9402 	EXP 	Device response: <KeyPress from None: t=156.8085412000073, value=right, duration=0.1193929000000935>
157.3233 	EXP 	fixation: autoDraw = False
157.3233 	EXP 	cue_text: autoDraw = True
157.6233 	EXP 	cue_text: autoDraw = False
157.9234 	INFO 	Keyboard events cleared
157.9233 	EXP 	target: autoDraw = True
158.3737 	EXP 	Device response: <KeyPress from None: t=158.35748570002033, value=left, duration=None>
158.3739 	EXP 	New trial (rep=9, index=8): <Trial 98 (8 in rep 9) data={'cue_arrow': '→', 'target_x': 0.5, 'condition': 'valid', 'corr_Ans': 'right', 'thisN': 98, 'thisTrialN': 8, 'thisRepN': 9}>
158.3771 	DATA 	Keypress: left
158.3900 	EXP 	fixation: autoDraw = False
158.3900 	EXP 	cue_text: autoDraw = False
158.3900 	EXP 	target: autoDraw = False
158.3900 	EXP 	cue_text: height = np.float64(0.1)
158.3900 	EXP 	cue_text: height = np.float64(0.1)
158.3900 	EXP 	cue_text: height = np.float64(0.1)
158.3900 	EXP 	cue_text: text = '→'
158.3900 	EXP 	fixation: autoDraw = True
158.5403 	EXP 	Device response: <KeyPress from None: t=158.35748570002033, value=left, duration=0.1725309999892488>
158.8733 	EXP 	fixation: autoDraw = False
158.8733 	EXP 	cue_text: autoDraw = True
159.1737 	EXP 	cue_text: autoDraw = False
159.4734 	INFO 	Keyboard events cleared
159.4732 	EXP 	target: autoDraw = True
159.7404 	EXP 	Device response: <KeyPress from None: t=159.72444839999662, value=right, duration=None>
159.7406 	EXP 	New trial (rep=9, index=9): <Trial 99 (9 in rep 9) data={'cue_arrow': '←', 'target_x': -0.5, 'condition': 'valid', 'corr_Ans': 'left', 'thisN': 99, 'thisTrialN': 9, 'thisRepN': 9}>
159.7438 	DATA 	Keypress: right
159.7570 	EXP 	fixation: autoDraw = False
159.7570 	EXP 	cue_text: autoDraw = False
159.7570 	EXP 	target: autoDraw = False
159.7570 	EXP 	cue_text: height = np.float64(0.1)
159.7570 	EXP 	cue_text: height = np.float64(0.1)
159.7570 	EXP 	cue_text: height = np.float64(0.1)
159.7570 	EXP 	cue_text: text = '←'
159.7570 	EXP 	fixation: autoDraw = True
159.8905 	EXP 	Device response: <KeyPress from None: t=159.72444839999662, value=right, duration=0.1499896000023>
160.2398 	EXP 	fixation: autoDraw = False
160.2398 	EXP 	cue_text: autoDraw = True
160.5400 	EXP 	cue_text: autoDraw = False
160.8401 	INFO 	Keyboard events cleared
160.8400 	EXP 	target: autoDraw = True
161.1902 	EXP 	Device response: <KeyPress from None: t=161.1778023999941, value=left, duration=None>
161.1905 	EXP 	New trial (rep=10, index=0): <Trial 100 (0 in rep 10) data={'cue_arrow': '←', 'target_x': -0.5, 'condition': 'valid', 'corr_Ans': 'left', 'thisN': 100, 'thisTrialN': 0, 'thisRepN': 10}>
161.1915 	DATA 	Keypress: left
161.2066 	EXP 	fixation: autoDraw = False
161.2066 	EXP 	cue_text: autoDraw = False
161.2066 	EXP 	target: autoDraw = False
161.2066 	EXP 	cue_text: text = '←'
161.2066 	EXP 	fixation: autoDraw = True
161.3070 	EXP 	Device response: <KeyPress from None: t=161.1778023999941, value=left, duration=0.11621639999793842>
161.6899 	EXP 	fixation: autoDraw = False
161.6899 	EXP 	cue_text: autoDraw = True
161.9899 	EXP 	cue_text: autoDraw = False
162.2900 	INFO 	Keyboard events cleared
162.2898 	EXP 	target: autoDraw = True
162.5402 	EXP 	Device response: <KeyPress from None: t=162.5374165000103, value=left, duration=None>
162.5405 	EXP 	New trial (rep=10, index=1): <Trial 101 (1 in rep 10) data={'cue_arrow': '→', 'target_x': 0.5, 'condition': 'valid', 'corr_Ans': 'right', 'thisN': 101, 'thisTrialN': 1, 'thisRepN': 10}>
162.5442 	DATA 	Keypress: left
162.5567 	EXP 	fixation: autoDraw = False
162.5567 	EXP 	cue_text: autoDraw = False
162.5567 	EXP 	target: autoDraw = False
162.5567 	EXP 	cue_text: height = np.float64(0.1)
162.5567 	EXP 	cue_text: height = np.float64(0.1)
162.5567 	EXP 	cue_text: height = np.float64(0.1)
162.5567 	EXP 	cue_text: text = '→'
162.5567 	EXP 	fixation: autoDraw = True
162.6904 	EXP 	Device response: <KeyPress from None: t=162.5374165000103, value=left, duration=0.13806800000020303>
163.0399 	EXP 	fixation: autoDraw = False
163.0399 	EXP 	cue_text: autoDraw = True
163.3399 	EXP 	cue_text: autoDraw = False
163.6401 	INFO 	Keyboard events cleared
163.6399 	EXP 	target: autoDraw = True
163.9238 	EXP 	Device response: <KeyPress from None: t=163.91764729999704, value=right, duration=None>
163.9241 	EXP 	New trial (rep=10, index=2): <Trial 102 (2 in rep 10) data={'cue_arrow': '→', 'target_x': 0.5, 'condition': 'valid', 'corr_Ans': 'right', 'thisN': 102, 'thisTrialN': 2, 'thisRepN': 10}>
163.9251 	DATA 	Keypress: right
163.9404 	EXP 	fixation: autoDraw = False
163.9404 	EXP 	cue_text: autoDraw = False
163.9404 	EXP 	target: autoDraw = False
163.9404 	EXP 	cue_text: text = '→'
163.9404 	EXP 	fixation: autoDraw = True
164.0570 	EXP 	Device response: <KeyPress from None: t=163.91764729999704, value=right, duration=0.13826629999675788>
164.4235 	EXP 	fixation: autoDraw = False
164.4235 	EXP 	cue_text: autoDraw = True
164.7232 	EXP 	cue_text: autoDraw = False
165.0235 	INFO 	Keyboard events cleared
165.0234 	EXP 	target: autoDraw = True
165.2572 	EXP 	Device response: <KeyPress from None: t=165.2456177000131, value=right, duration=None>
165.2575 	EXP 	New trial (rep=10, index=3): <Trial 103 (3 in rep 10) data={'cue_arrow': '←', 'target_x': -0.5, 'condition': 'valid', 'corr_Ans': 'left', 'thisN': 103, 'thisTrialN': 3, 'thisRepN': 10}>
165.2605 	DATA 	Keypress: right
165.2734 	EXP 	fixation: autoDraw = False
165.2734 	EXP 	cue_text: autoDraw = False
165.2734 	EXP 	target: autoDraw = False
165.2734 	EXP 	cue_text: height = np.float64(0.1)
165.2734 	EXP 	cue_text: height = np.float64(0.1)
165.2734 	EXP 	cue_text: height = np.float64(0.1)
165.2734 	EXP 	cue_text: text = '←'
165.2734 	EXP 	fixation: autoDraw = True
165.4071 	EXP 	Device response: <KeyPress from None: t=165.2456177000131, value=right, duration=0.15707729998393916>
165.7568 	EXP 	fixation: autoDraw = False
165.7568 	EXP 	cue_text: autoDraw = True
166.0568 	EXP 	cue_text: autoDraw = False
166.3570 	INFO 	Keyboard events cleared
166.3569 	EXP 	target: autoDraw = True
167.3904 	EXP 	Device response: <KeyPress from None: t=167.38849450001726, value=left, duration=None>
167.3908 	EXP 	New trial (rep=10, index=4): <Trial 104 (4 in rep 10) data={'cue_arrow': '←', 'target_x': -0.5, 'condition': 'valid', 'corr_Ans': 'left', 'thisN': 104, 'thisTrialN': 4, 'thisRepN': 10}>
167.3921 	DATA 	Keypress: left
167.4067 	EXP 	fixation: autoDraw = False
167.4067 	EXP 	cue_text: autoDraw = False
167.4067 	EXP 	target: autoDraw = False
167.4067 	EXP 	cue_text: text = '←'
167.4067 	EXP 	fixation: autoDraw = True
167.5074 	EXP 	Device response: <KeyPress from None: t=167.38849450001726, value=left, duration=0.11742480000248179>
167.8900 	EXP 	fixation: autoDraw = False
167.8900 	EXP 	cue_text: autoDraw = True
168.1901 	EXP 	cue_text: autoDraw = False
168.4902 	INFO 	Keyboard events cleared
168.4901 	EXP 	target: autoDraw = True
168.9572 	EXP 	Device response: <KeyPress from None: t=168.94681019999553, value=left, duration=None>
168.9576 	EXP 	New trial (rep=10, index=5): <Trial 105 (5 in rep 10) data={'cue_arrow': '←', 'target_x': 0.5, 'condition': 'invalid', 'corr_Ans': 'right', 'thisN': 105, 'thisTrialN': 5, 'thisRepN': 10}>
168.9591 	DATA 	Keypress: left
168.9733 	EXP 	fixation: autoDraw = False
168.9733 	EXP 	cue_text: autoDraw = False
168.9733 	EXP 	target: autoDraw = False
168.9733 	EXP 	cue_text: text = '←'
168.9733 	EXP 	fixation: autoDraw = True
169.1405 	EXP 	Device response: <KeyPress from None: t=168.94681019999553, value=left, duration=0.18345370001043193>
169.4569 	EXP 	fixation: autoDraw = False
169.4569 	EXP 	cue_text: autoDraw = True
169.7569 	EXP 	cue_text: autoDraw = False
170.0572 	INFO 	Keyboard events cleared
170.0571 	EXP 	target: autoDraw = True
170.9910 	EXP 	Device response: <KeyPress from None: t=170.98911690001842, value=right, duration=None>
170.9915 	EXP 	New trial (rep=10, index=6): <Trial 106 (6 in rep 10) data={'cue_arrow': '→', 'target_x': 0.5, 'condition': 'valid', 'corr_Ans': 'right', 'thisN': 106, 'thisTrialN': 6, 'thisRepN': 10}>
170.9945 	DATA 	Keypress: right
171.0069 	EXP 	fixation: autoDraw = False
171.0069 	EXP 	cue_text: autoDraw = False
171.0069 	EXP 	target: autoDraw = False
171.0069 	EXP 	cue_text: height = np.float64(0.1)
171.0069 	EXP 	cue_text: height = np.float64(0.1)
171.0069 	EXP 	cue_text: height = np.float64(0.1)
171.0069 	EXP 	cue_text: text = '→'
171.0069 	EXP 	fixation: autoDraw = True
171.2084 	EXP 	Device response: <KeyPress from None: t=170.98911690001842, value=right, duration=0.2058596999850124>
171.4906 	EXP 	fixation: autoDraw = False
171.4906 	EXP 	cue_text: autoDraw = True
171.7923 	EXP 	cue_text: autoDraw = False
172.0911 	INFO 	Keyboard events cleared
172.0909 	EXP 	target: autoDraw = True
172.7410 	EXP 	Device response: <KeyPress from None: t=172.7299561999971, value=right, duration=None>
172.7415 	EXP 	New trial (rep=10, index=7): <Trial 107 (7 in rep 10) data={'cue_arrow': '→', 'target_x': 0.5, 'condition': 'valid', 'corr_Ans': 'right', 'thisN': 107, 'thisTrialN': 7, 'thisRepN': 10}>
172.7429 	DATA 	Keypress: right
172.7574 	EXP 	fixation: autoDraw = False
172.7574 	EXP 	cue_text: autoDraw = False
172.7574 	EXP 	target: autoDraw = False
172.7574 	EXP 	cue_text: text = '→'
172.7574 	EXP 	fixation: autoDraw = True
172.8910 	EXP 	Device response: <KeyPress from None: t=172.7299561999971, value=right, duration=0.15980690001742914>
173.2404 	EXP 	fixation: autoDraw = False
173.2404 	EXP 	cue_text: autoDraw = True
173.5423 	EXP 	cue_text: autoDraw = False
173.8411 	INFO 	Keyboard events cleared
173.8409 	EXP 	target: autoDraw = True
174.1245 	EXP 	Device response: <KeyPress from None: t=174.1154833000037, value=right, duration=None>
174.1248 	EXP 	New trial (rep=10, index=8): <Trial 108 (8 in rep 10) data={'cue_arrow': '←', 'target_x': -0.5, 'condition': 'valid', 'corr_Ans': 'left', 'thisN': 108, 'thisTrialN': 8, 'thisRepN': 10}>
174.1280 	DATA 	Keypress: right
174.1406 	EXP 	fixation: autoDraw = False
174.1406 	EXP 	cue_text: autoDraw = False
174.1406 	EXP 	target: autoDraw = False
174.1406 	EXP 	cue_text: height = np.float64(0.1)
174.1406 	EXP 	cue_text: height = np.float64(0.1)
174.1406 	EXP 	cue_text: height = np.float64(0.1)
174.1406 	EXP 	cue_text: text = '←'
174.1406 	EXP 	fixation: autoDraw = True
174.2581 	EXP 	Device response: <KeyPress from None: t=174.1154833000037, value=right, duration=0.1354167000099551>
174.6242 	EXP 	fixation: autoDraw = False
174.6242 	EXP 	cue_text: autoDraw = True
174.9258 	EXP 	cue_text: autoDraw = False
175.2250 	INFO 	Keyboard events cleared
175.2248 	EXP 	target: autoDraw = True
175.4916 	EXP 	Device response: <KeyPress from None: t=175.48113820000435, value=left, duration=None>
175.4920 	EXP 	New trial (rep=10, index=9): <Trial 109 (9 in rep 10) data={'cue_arrow': '→', 'target_x': -0.5, 'condition': 'invalid', 'corr_Ans': 'left', 'thisN': 109, 'thisTrialN': 9, 'thisRepN': 10}>
175.4946 	DATA 	Keypress: left
175.5068 	EXP 	fixation: autoDraw = False
175.5068 	EXP 	cue_text: autoDraw = False
175.5068 	EXP 	target: autoDraw = False
175.5068 	EXP 	cue_text: height = np.float64(0.1)
175.5068 	EXP 	cue_text: height = np.float64(0.1)
175.5068 	EXP 	cue_text: height = np.float64(0.1)
175.5068 	EXP 	cue_text: text = '→'
175.5068 	EXP 	fixation: autoDraw = True
175.6582 	EXP 	Device response: <KeyPress from None: t=175.48113820000435, value=left, duration=0.16559980000602081>
175.9908 	EXP 	fixation: autoDraw = False
175.9908 	EXP 	cue_text: autoDraw = True
176.2921 	EXP 	cue_text: autoDraw = False
176.5926 	INFO 	Keyboard events cleared
176.5923 	EXP 	target: autoDraw = True
177.2913 	EXP 	Device response: <KeyPress from None: t=177.28353410001728, value=left, duration=None>
177.2917 	EXP 	New trial (rep=11, index=0): <Trial 110 (0 in rep 11) data={'cue_arrow': '←', 'target_x': -0.5, 'condition': 'valid', 'corr_Ans': 'left', 'thisN': 110, 'thisTrialN': 0, 'thisRepN': 11}>
177.2956 	DATA 	Keypress: left
177.3074 	EXP 	fixation: autoDraw = False
177.3074 	EXP 	cue_text: autoDraw = False
177.3074 	EXP 	target: autoDraw = False
177.3074 	EXP 	cue_text: height = np.float64(0.1)
177.3074 	EXP 	cue_text: height = np.float64(0.1)
177.3074 	EXP 	cue_text: height = np.float64(0.1)
177.3074 	EXP 	cue_text: text = '←'
177.3074 	EXP 	fixation: autoDraw = True
177.4417 	EXP 	Device response: <KeyPress from None: t=177.28353410001728, value=left, duration=0.15347609997843392>
177.7917 	EXP 	fixation: autoDraw = False
177.7917 	EXP 	cue_text: autoDraw = True
178.0924 	EXP 	cue_text: autoDraw = False
178.3917 	INFO 	Keyboard events cleared
178.3916 	EXP 	target: autoDraw = True
178.9421 	EXP 	Device response: <KeyPress from None: t=178.939773399994, value=left, duration=None>
178.9425 	EXP 	New trial (rep=11, index=1): <Trial 111 (1 in rep 11) data={'cue_arrow': '→', 'target_x': 0.5, 'condition': 'valid', 'corr_Ans': 'right', 'thisN': 111, 'thisTrialN': 1, 'thisRepN': 11}>
178.9458 	DATA 	Keypress: left
178.9578 	EXP 	fixation: autoDraw = False
178.9578 	EXP 	cue_text: autoDraw = False
178.9578 	EXP 	target: autoDraw = False
178.9578 	EXP 	cue_text: height = np.float64(0.1)
178.9578 	EXP 	cue_text: height = np.float64(0.1)
178.9578 	EXP 	cue_text: height = np.float64(0.1)
178.9578 	EXP 	cue_text: text = '→'
178.9578 	EXP 	fixation: autoDraw = True
179.1593 	EXP 	Device response: <KeyPress from None: t=178.939773399994, value=left, duration=0.21449110002140515>
179.4576 	EXP 	fixation: autoDraw = False
179.4576 	EXP 	cue_text: autoDraw = True
179.7575 	EXP 	cue_text: autoDraw = False
180.0576 	INFO 	Keyboard events cleared
180.0574 	EXP 	target: autoDraw = True
180.4741 	EXP 	Device response: <KeyPress from None: t=180.45835510001052, value=right, duration=None>
180.4744 	EXP 	New trial (rep=11, index=2): <Trial 112 (2 in rep 11) data={'cue_arrow': '←', 'target_x': -0.5, 'condition': 'valid', 'corr_Ans': 'left', 'thisN': 112, 'thisTrialN': 2, 'thisRepN': 11}>
180.4774 	DATA 	Keypress: right
180.4902 	EXP 	fixation: autoDraw = False
180.4902 	EXP 	cue_text: autoDraw = False
180.4902 	EXP 	target: autoDraw = False
180.4902 	EXP 	cue_text: height = np.float64(0.1)
180.4902 	EXP 	cue_text: height = np.float64(0.1)
180.4902 	EXP 	cue_text: height = np.float64(0.1)
180.4902 	EXP 	cue_text: text = '←'
180.4902 	EXP 	fixation: autoDraw = True
180.6074 	EXP 	Device response: <KeyPress from None: t=180.45835510001052, value=right, duration=0.14757269999245182>
180.9737 	EXP 	fixation: autoDraw = False
180.9737 	EXP 	cue_text: autoDraw = True
181.2738 	EXP 	cue_text: autoDraw = False
181.5739 	INFO 	Keyboard events cleared
181.5737 	EXP 	target: autoDraw = True
181.8245 	EXP 	Device response: <KeyPress from None: t=181.817778800003, value=left, duration=None>
181.8249 	EXP 	New trial (rep=11, index=3): <Trial 113 (3 in rep 11) data={'cue_arrow': '→', 'target_x': 0.5, 'condition': 'valid', 'corr_Ans': 'right', 'thisN': 113, 'thisTrialN': 3, 'thisRepN': 11}>
181.8278 	DATA 	Keypress: left
181.8403 	EXP 	fixation: autoDraw = False
181.8403 	EXP 	cue_text: autoDraw = False
181.8403 	EXP 	target: autoDraw = False
181.8403 	EXP 	cue_text: height = np.float64(0.1)
181.8403 	EXP 	cue_text: height = np.float64(0.1)
181.8403 	EXP 	cue_text: height = np.float64(0.1)
181.8403 	EXP 	cue_text: text = '→'
181.8403 	EXP 	fixation: autoDraw = True
182.0241 	EXP 	Device response: <KeyPress from None: t=181.817778800003, value=left, duration=0.20005770001444034>
182.3403 	EXP 	fixation: autoDraw = False
182.3403 	EXP 	cue_text: autoDraw = True
182.6410 	EXP 	cue_text: autoDraw = False
182.9240 	INFO 	Keyboard events cleared
182.9239 	EXP 	target: autoDraw = True
183.1913 	DATA 	Keypress: right
183.2075 	EXP 	Device response: <KeyPress from None: t=183.19021590001648, value=right, duration=None>
183.2077 	EXP 	New trial (rep=11, index=4): <Trial 114 (4 in rep 11) data={'cue_arrow': '→', 'target_x': 0.5, 'condition': 'valid', 'corr_Ans': 'right', 'thisN': 114, 'thisTrialN': 4, 'thisRepN': 11}>
183.2240 	EXP 	fixation: autoDraw = False
183.2240 	EXP 	cue_text: autoDraw = False
183.2240 	EXP 	target: autoDraw = False
183.2240 	EXP 	cue_text: text = '→'
183.2240 	EXP 	fixation: autoDraw = True
183.3576 	EXP 	Device response: <KeyPress from None: t=183.19021590001648, value=right, duration=0.1567157999961637>
183.7072 	EXP 	fixation: autoDraw = False
183.7072 	EXP 	cue_text: autoDraw = True
184.0072 	EXP 	cue_text: autoDraw = False
184.3073 	INFO 	Keyboard events cleared
184.3071 	EXP 	target: autoDraw = True
184.5953 	DATA 	Keypress: right
184.6077 	EXP 	Device response: <KeyPress from None: t=184.5933847000124, value=right, duration=None>
184.6079 	EXP 	New trial (rep=11, index=5): <Trial 115 (5 in rep 11) data={'cue_arrow': '→', 'target_x': -0.5, 'condition': 'invalid', 'corr_Ans': 'left', 'thisN': 115, 'thisTrialN': 5, 'thisRepN': 11}>
184.6236 	EXP 	fixation: autoDraw = False
184.6236 	EXP 	cue_text: autoDraw = False
184.6236 	EXP 	target: autoDraw = False
184.6236 	EXP 	cue_text: text = '→'
184.6236 	EXP 	fixation: autoDraw = True
184.7574 	EXP 	Device response: <KeyPress from None: t=184.5933847000124, value=right, duration=0.14905670000007376>
185.1072 	EXP 	fixation: autoDraw = False
185.1072 	EXP 	cue_text: autoDraw = True
185.4070 	EXP 	cue_text: autoDraw = False
185.7072 	INFO 	Keyboard events cleared
185.7070 	EXP 	target: autoDraw = True
186.6408 	EXP 	Device response: <KeyPress from None: t=186.6381440999976, value=left, duration=None>
186.6411 	EXP 	New trial (rep=11, index=6): <Trial 116 (6 in rep 11) data={'cue_arrow': '→', 'target_x': 0.5, 'condition': 'valid', 'corr_Ans': 'right', 'thisN': 116, 'thisTrialN': 6, 'thisRepN': 11}>
186.6421 	DATA 	Keypress: left
186.6571 	EXP 	fixation: autoDraw = False
186.6571 	EXP 	cue_text: autoDraw = False
186.6571 	EXP 	target: autoDraw = False
186.6571 	EXP 	cue_text: text = '→'
186.6571 	EXP 	fixation: autoDraw = True
186.8076 	EXP 	Device response: <KeyPress from None: t=186.6381440999976, value=left, duration=0.1532335000229068>
187.1404 	EXP 	fixation: autoDraw = False
187.1404 	EXP 	cue_text: autoDraw = True
187.4404 	EXP 	cue_text: autoDraw = False
187.7403 	INFO 	Keyboard events cleared
187.7402 	EXP 	target: autoDraw = True
187.9409 	EXP 	Device response: <KeyPress from None: t=187.92931800000952, value=right, duration=None>
187.9411 	EXP 	New trial (rep=11, index=7): <Trial 117 (7 in rep 11) data={'cue_arrow': '←', 'target_x': -0.5, 'condition': 'valid', 'corr_Ans': 'left', 'thisN': 117, 'thisTrialN': 7, 'thisRepN': 11}>
187.9440 	DATA 	Keypress: right
187.9570 	EXP 	fixation: autoDraw = False
187.9570 	EXP 	cue_text: autoDraw = False
187.9570 	EXP 	target: autoDraw = False
187.9570 	EXP 	cue_text: height = np.float64(0.1)
187.9570 	EXP 	cue_text: height = np.float64(0.1)
187.9570 	EXP 	cue_text: height = np.float64(0.1)
187.9570 	EXP 	cue_text: text = '←'
187.9570 	EXP 	fixation: autoDraw = True
188.1077 	EXP 	Device response: <KeyPress from None: t=187.92931800000952, value=right, duration=0.17484009999316186>
188.4404 	EXP 	fixation: autoDraw = False
188.4404 	EXP 	cue_text: autoDraw = True
188.7405 	EXP 	cue_text: autoDraw = False
189.0408 	INFO 	Keyboard events cleared
189.0407 	EXP 	target: autoDraw = True
189.5074 	EXP 	Device response: <KeyPress from None: t=189.49625809999998, value=left, duration=None>
189.5077 	EXP 	New trial (rep=11, index=8): <Trial 118 (8 in rep 11) data={'cue_arrow': '←', 'target_x': -0.5, 'condition': 'valid', 'corr_Ans': 'left', 'thisN': 118, 'thisTrialN': 8, 'thisRepN': 11}>
189.5090 	DATA 	Keypress: left
189.5239 	EXP 	fixation: autoDraw = False
189.5239 	EXP 	cue_text: autoDraw = False
189.5239 	EXP 	target: autoDraw = False
189.5239 	EXP 	cue_text: text = '←'
189.5239 	EXP 	fixation: autoDraw = True
189.7575 	EXP 	Device response: <KeyPress from None: t=189.49625809999998, value=left, duration=0.24687910001375712>
190.0070 	EXP 	fixation: autoDraw = False
190.0070 	EXP 	cue_text: autoDraw = True
190.3071 	EXP 	cue_text: autoDraw = False
190.6072 	INFO 	Keyboard events cleared
190.6071 	EXP 	target: autoDraw = True
191.0911 	EXP 	Device response: <KeyPress from None: t=191.0805195000139, value=left, duration=None>
191.0914 	EXP 	New trial (rep=11, index=9): <Trial 119 (9 in rep 11) data={'cue_arrow': '←', 'target_x': 0.5, 'condition': 'invalid', 'corr_Ans': 'right', 'thisN': 119, 'thisTrialN': 9, 'thisRepN': 11}>
191.0926 	DATA 	Keypress: left
191.1070 	EXP 	fixation: autoDraw = False
191.1070 	EXP 	cue_text: autoDraw = False
191.1070 	EXP 	target: autoDraw = False
191.1070 	EXP 	cue_text: text = '←'
191.1070 	EXP 	fixation: autoDraw = True
191.2075 	EXP 	Device response: <KeyPress from None: t=191.0805195000139, value=left, duration=0.12462590000359342>
191.5905 	EXP 	fixation: autoDraw = False
191.5905 	EXP 	cue_text: autoDraw = True
191.8905 	EXP 	cue_text: autoDraw = False
192.1906 	INFO 	Keyboard events cleared
192.1905 	EXP 	target: autoDraw = True
193.4742 	EXP 	Device response: <KeyPress from None: t=193.46432040000218, value=right, duration=None>
193.4745 	EXP 	New trial (rep=12, index=0): <Trial 120 (0 in rep 12) data={'cue_arrow': '→', 'target_x': -0.5, 'condition': 'invalid', 'corr_Ans': 'left', 'thisN': 120, 'thisTrialN': 0, 'thisRepN': 12}>
193.4772 	DATA 	Keypress: right
193.4904 	EXP 	fixation: autoDraw = False
193.4904 	EXP 	cue_text: autoDraw = False
193.4904 	EXP 	target: autoDraw = False
193.4904 	EXP 	cue_text: height = np.float64(0.1)
193.4904 	EXP 	cue_text: height = np.float64(0.1)
193.4904 	EXP 	cue_text: height = np.float64(0.1)
193.4904 	EXP 	cue_text: text = '→'
193.4904 	EXP 	fixation: autoDraw = True
193.6242 	EXP 	Device response: <KeyPress from None: t=193.46432040000218, value=right, duration=0.15006310000899248>
193.9739 	EXP 	fixation: autoDraw = False
193.9739 	EXP 	cue_text: autoDraw = True
194.2739 	EXP 	cue_text: autoDraw = False
194.5741 	INFO 	Keyboard events cleared
194.5740 	EXP 	target: autoDraw = True
195.6244 	EXP 	Device response: <KeyPress from None: t=195.62174950001645, value=left, duration=None>
195.6247 	EXP 	New trial (rep=12, index=1): <Trial 121 (1 in rep 12) data={'cue_arrow': '←', 'target_x': -0.5, 'condition': 'valid', 'corr_Ans': 'left', 'thisN': 121, 'thisTrialN': 1, 'thisRepN': 12}>
195.6274 	DATA 	Keypress: left
195.6406 	EXP 	fixation: autoDraw = False
195.6406 	EXP 	cue_text: autoDraw = False
195.6406 	EXP 	target: autoDraw = False
195.6406 	EXP 	cue_text: height = np.float64(0.1)
195.6406 	EXP 	cue_text: height = np.float64(0.1)
195.6406 	EXP 	cue_text: height = np.float64(0.1)
195.6406 	EXP 	cue_text: text = '←'
195.6406 	EXP 	fixation: autoDraw = True
195.7576 	EXP 	Device response: <KeyPress from None: t=195.62174950001645, value=left, duration=0.13451409997651353>
196.1239 	EXP 	fixation: autoDraw = False
196.1239 	EXP 	cue_text: autoDraw = True
196.4241 	EXP 	cue_text: autoDraw = False
196.7240 	INFO 	Keyboard events cleared
196.7239 	EXP 	target: autoDraw = True
197.0409 	EXP 	Device response: <KeyPress from None: t=197.02774520000094, value=left, duration=None>
197.0412 	EXP 	New trial (rep=12, index=2): <Trial 122 (2 in rep 12) data={'cue_arrow': '←', 'target_x': 0.5, 'condition': 'invalid', 'corr_Ans': 'right', 'thisN': 122, 'thisTrialN': 2, 'thisRepN': 12}>
197.0421 	DATA 	Keypress: left
197.0572 	EXP 	fixation: autoDraw = False
197.0572 	EXP 	cue_text: autoDraw = False
197.0572 	EXP 	target: autoDraw = False
197.0572 	EXP 	cue_text: text = '←'
197.0572 	EXP 	fixation: autoDraw = True
197.1908 	EXP 	Device response: <KeyPress from None: t=197.02774520000094, value=left, duration=0.15330530001665466>
197.5406 	EXP 	fixation: autoDraw = False
197.5406 	EXP 	cue_text: autoDraw = True
197.8406 	EXP 	cue_text: autoDraw = False
198.1408 	INFO 	Keyboard events cleared
198.1407 	EXP 	target: autoDraw = True
198.5911 	EXP 	Device response: <KeyPress from None: t=198.57685610000044, value=right, duration=None>
198.5914 	EXP 	New trial (rep=12, index=3): <Trial 123 (3 in rep 12) data={'cue_arrow': '→', 'target_x': 0.5, 'condition': 'valid', 'corr_Ans': 'right', 'thisN': 123, 'thisTrialN': 3, 'thisRepN': 12}>
198.5951 	DATA 	Keypress: right
198.6075 	EXP 	fixation: autoDraw = False
198.6075 	EXP 	cue_text: autoDraw = False
198.6075 	EXP 	target: autoDraw = False
198.6075 	EXP 	cue_text: height = np.float64(0.1)
198.6075 	EXP 	cue_text: height = np.float64(0.1)
198.6075 	EXP 	cue_text: height = np.float64(0.1)
198.6075 	EXP 	cue_text: text = '→'
198.6075 	EXP 	fixation: autoDraw = True
198.7408 	EXP 	Device response: <KeyPress from None: t=198.57685610000044, value=right, duration=0.15745759999845177>
199.0906 	EXP 	fixation: autoDraw = False
199.0906 	EXP 	cue_text: autoDraw = True
199.3911 	EXP 	cue_text: autoDraw = False
199.6906 	INFO 	Keyboard events cleared
199.6905 	EXP 	target: autoDraw = True
200.1246 	EXP 	Device response: <KeyPress from None: t=200.1228140000021, value=right, duration=None>
200.1249 	EXP 	New trial (rep=12, index=4): <Trial 124 (4 in rep 12) data={'cue_arrow': '←', 'target_x': -0.5, 'condition': 'valid', 'corr_Ans': 'left', 'thisN': 124, 'thisTrialN': 4, 'thisRepN': 12}>
200.1289 	DATA 	Keypress: right
200.1411 	EXP 	fixation: autoDraw = False
200.1411 	EXP 	cue_text: autoDraw = False
200.1411 	EXP 	target: autoDraw = False
200.1411 	EXP 	cue_text: height = np.float64(0.1)
200.1411 	EXP 	cue_text: height = np.float64(0.1)
200.1411 	EXP 	cue_text: height = np.float64(0.1)
200.1411 	EXP 	cue_text: text = '←'
200.1411 	EXP 	fixation: autoDraw = True
200.2916 	EXP 	Device response: <KeyPress from None: t=200.1228140000021, value=right, duration=0.15451890000258572>
200.6242 	EXP 	fixation: autoDraw = False
200.6242 	EXP 	cue_text: autoDraw = True
200.9241 	EXP 	cue_text: autoDraw = False
201.2244 	INFO 	Keyboard events cleared
201.2242 	EXP 	target: autoDraw = True
201.5745 	EXP 	Device response: <KeyPress from None: t=201.56242070000735, value=left, duration=None>
201.5748 	EXP 	New trial (rep=12, index=5): <Trial 125 (5 in rep 12) data={'cue_arrow': '→', 'target_x': 0.5, 'condition': 'valid', 'corr_Ans': 'right', 'thisN': 125, 'thisTrialN': 5, 'thisRepN': 12}>
201.5794 	DATA 	Keypress: left
201.5907 	EXP 	fixation: autoDraw = False
201.5907 	EXP 	cue_text: autoDraw = False
201.5907 	EXP 	target: autoDraw = False
201.5907 	EXP 	cue_text: height = np.float64(0.1)
201.5907 	EXP 	cue_text: height = np.float64(0.1)
201.5907 	EXP 	cue_text: height = np.float64(0.1)
201.5907 	EXP 	cue_text: text = '→'
201.5907 	EXP 	fixation: autoDraw = True
201.7580 	EXP 	Device response: <KeyPress from None: t=201.56242070000735, value=left, duration=0.18489999999292195>
202.0742 	EXP 	fixation: autoDraw = False
202.0742 	EXP 	cue_text: autoDraw = True
202.3742 	EXP 	cue_text: autoDraw = False
202.6743 	INFO 	Keyboard events cleared
202.6741 	EXP 	target: autoDraw = True
202.9748 	EXP 	Device response: <KeyPress from None: t=202.97209310001926, value=right, duration=None>
202.9751 	EXP 	New trial (rep=12, index=6): <Trial 126 (6 in rep 12) data={'cue_arrow': '←', 'target_x': -0.5, 'condition': 'valid', 'corr_Ans': 'left', 'thisN': 126, 'thisTrialN': 6, 'thisRepN': 12}>
202.9788 	DATA 	Keypress: right
202.9907 	EXP 	fixation: autoDraw = False
202.9907 	EXP 	cue_text: autoDraw = False
202.9907 	EXP 	target: autoDraw = False
202.9907 	EXP 	cue_text: height = np.float64(0.1)
202.9907 	EXP 	cue_text: height = np.float64(0.1)
202.9907 	EXP 	cue_text: height = np.float64(0.1)
202.9907 	EXP 	cue_text: text = '←'
202.9907 	EXP 	fixation: autoDraw = True
203.1080 	EXP 	Device response: <KeyPress from None: t=202.97209310001926, value=right, duration=0.11978339997585863>
203.4738 	EXP 	fixation: autoDraw = False
203.4738 	EXP 	cue_text: autoDraw = True
203.7741 	EXP 	cue_text: autoDraw = False
204.0746 	INFO 	Keyboard events cleared
204.0745 	EXP 	target: autoDraw = True
204.1749 	EXP 	Device response: <KeyPress from None: t=204.16764130000956, value=left, duration=None>
204.1752 	EXP 	New trial (rep=12, index=7): <Trial 127 (7 in rep 12) data={'cue_arrow': '←', 'target_x': -0.5, 'condition': 'valid', 'corr_Ans': 'left', 'thisN': 127, 'thisTrialN': 7, 'thisRepN': 12}>
204.1766 	DATA 	Keypress: left
204.1909 	EXP 	fixation: autoDraw = False
204.1909 	EXP 	cue_text: autoDraw = False
204.1909 	EXP 	target: autoDraw = False
204.1909 	EXP 	cue_text: text = '←'
204.1909 	EXP 	fixation: autoDraw = True
204.3246 	EXP 	Device response: <KeyPress from None: t=204.16764130000956, value=left, duration=0.14093900000443682>
204.6742 	EXP 	fixation: autoDraw = False
204.6742 	EXP 	cue_text: autoDraw = True
204.9795 	EXP 	cue_text: autoDraw = False
205.2743 	INFO 	Keyboard events cleared
205.2741 	EXP 	target: autoDraw = True
205.5581 	EXP 	Device response: <KeyPress from None: t=205.5552857000148, value=left, duration=None>
205.5585 	EXP 	New trial (rep=12, index=8): <Trial 128 (8 in rep 12) data={'cue_arrow': '→', 'target_x': 0.5, 'condition': 'valid', 'corr_Ans': 'right', 'thisN': 128, 'thisTrialN': 8, 'thisRepN': 12}>
205.5638 	DATA 	Keypress: left
205.5750 	EXP 	fixation: autoDraw = False
205.5750 	EXP 	cue_text: autoDraw = False
205.5750 	EXP 	target: autoDraw = False
205.5750 	EXP 	cue_text: height = np.float64(0.1)
205.5750 	EXP 	cue_text: height = np.float64(0.1)
205.5750 	EXP 	cue_text: height = np.float64(0.1)
205.5750 	EXP 	cue_text: text = '→'
205.5750 	EXP 	fixation: autoDraw = True
205.7245 	EXP 	Device response: <KeyPress from None: t=205.5552857000148, value=left, duration=0.15923119999933988>
206.0573 	EXP 	fixation: autoDraw = False
206.0573 	EXP 	cue_text: autoDraw = True
206.3575 	EXP 	cue_text: autoDraw = False
206.6577 	INFO 	Keyboard events cleared
206.6575 	EXP 	target: autoDraw = True
206.8915 	EXP 	Device response: <KeyPress from None: t=206.88896310000564, value=right, duration=None>
206.8918 	EXP 	New trial (rep=12, index=9): <Trial 129 (9 in rep 12) data={'cue_arrow': '→', 'target_x': 0.5, 'condition': 'valid', 'corr_Ans': 'right', 'thisN': 129, 'thisTrialN': 9, 'thisRepN': 12}>
206.8934 	DATA 	Keypress: right
206.9076 	EXP 	fixation: autoDraw = False
206.9076 	EXP 	cue_text: autoDraw = False
206.9076 	EXP 	target: autoDraw = False
206.9076 	EXP 	cue_text: text = '→'
206.9076 	EXP 	fixation: autoDraw = True
207.0582 	EXP 	Device response: <KeyPress from None: t=206.88896310000564, value=right, duration=0.15973300000769086>
207.3907 	EXP 	fixation: autoDraw = False
207.3907 	EXP 	cue_text: autoDraw = True
207.6911 	EXP 	cue_text: autoDraw = False
207.9912 	INFO 	Keyboard events cleared
207.9911 	EXP 	target: autoDraw = True
208.2589 	DATA 	Keypress: right
208.2745 	EXP 	Device response: <KeyPress from None: t=208.25830570000107, value=right, duration=None>
208.2747 	EXP 	New trial (rep=13, index=0): <Trial 130 (0 in rep 13) data={'cue_arrow': '←', 'target_x': -0.5, 'condition': 'valid', 'corr_Ans': 'left', 'thisN': 130, 'thisTrialN': 0, 'thisRepN': 13}>
208.2909 	EXP 	fixation: autoDraw = False
208.2909 	EXP 	cue_text: autoDraw = False
208.2909 	EXP 	target: autoDraw = False
208.2909 	EXP 	cue_text: height = np.float64(0.1)
208.2909 	EXP 	cue_text: height = np.float64(0.1)
208.2909 	EXP 	cue_text: height = np.float64(0.1)
208.2909 	EXP 	cue_text: text = '←'
208.2909 	EXP 	fixation: autoDraw = True
208.3913 	EXP 	Device response: <KeyPress from None: t=208.25830570000107, value=right, duration=0.1313959000108298>
208.7741 	EXP 	fixation: autoDraw = False
208.7741 	EXP 	cue_text: autoDraw = True
209.0742 	EXP 	cue_text: autoDraw = False
209.3743 	INFO 	Keyboard events cleared
209.3742 	EXP 	target: autoDraw = True
209.6746 	EXP 	Device response: <KeyPress from None: t=209.66804899999988, value=left, duration=None>
209.6749 	EXP 	New trial (rep=13, index=1): <Trial 131 (1 in rep 13) data={'cue_arrow': '→', 'target_x': -0.5, 'condition': 'invalid', 'corr_Ans': 'left', 'thisN': 131, 'thisTrialN': 1, 'thisRepN': 13}>
209.6782 	DATA 	Keypress: left
209.6909 	EXP 	fixation: autoDraw = False
209.6909 	EXP 	cue_text: autoDraw = False
209.6909 	EXP 	target: autoDraw = False
209.6909 	EXP 	cue_text: height = np.float64(0.1)
209.6909 	EXP 	cue_text: height = np.float64(0.1)
209.6909 	EXP 	cue_text: height = np.float64(0.1)
209.6909 	EXP 	cue_text: text = '→'
209.6909 	EXP 	fixation: autoDraw = True
209.7913 	EXP 	Device response: <KeyPress from None: t=209.66804899999988, value=left, duration=0.10937620000913739>
210.1743 	EXP 	fixation: autoDraw = False
210.1743 	EXP 	cue_text: autoDraw = True
210.4743 	EXP 	cue_text: autoDraw = False
210.7744 	INFO 	Keyboard events cleared
210.7742 	EXP 	target: autoDraw = True
211.0413 	EXP 	Device response: <KeyPress from None: t=211.02873459999682, value=right, duration=None>
211.0415 	EXP 	New trial (rep=13, index=2): <Trial 132 (2 in rep 13) data={'cue_arrow': '←', 'target_x': -0.5, 'condition': 'valid', 'corr_Ans': 'left', 'thisN': 132, 'thisTrialN': 2, 'thisRepN': 13}>
211.0452 	DATA 	Keypress: right
211.0576 	EXP 	fixation: autoDraw = False
211.0576 	EXP 	cue_text: autoDraw = False
211.0576 	EXP 	target: autoDraw = False
211.0576 	EXP 	cue_text: height = np.float64(0.1)
211.0576 	EXP 	cue_text: height = np.float64(0.1)
211.0576 	EXP 	cue_text: height = np.float64(0.1)
211.0576 	EXP 	cue_text: text = '←'
211.0576 	EXP 	fixation: autoDraw = True
211.1415 	EXP 	Device response: <KeyPress from None: t=211.02873459999682, value=right, duration=0.10303240001667291>
211.5409 	EXP 	fixation: autoDraw = False
211.5409 	EXP 	cue_text: autoDraw = True
211.8410 	EXP 	cue_text: autoDraw = False
212.1411 	INFO 	Keyboard events cleared
212.1409 	EXP 	target: autoDraw = True
212.7580 	EXP 	Device response: <KeyPress from None: t=212.752807700017, value=left, duration=None>
212.7584 	EXP 	New trial (rep=13, index=3): <Trial 133 (3 in rep 13) data={'cue_arrow': '→', 'target_x': 0.5, 'condition': 'valid', 'corr_Ans': 'right', 'thisN': 133, 'thisTrialN': 3, 'thisRepN': 13}>
212.7617 	DATA 	Keypress: left
212.7744 	EXP 	fixation: autoDraw = False
212.7744 	EXP 	cue_text: autoDraw = False
212.7744 	EXP 	target: autoDraw = False
212.7744 	EXP 	cue_text: height = np.float64(0.1)
212.7744 	EXP 	cue_text: height = np.float64(0.1)
212.7744 	EXP 	cue_text: height = np.float64(0.1)
212.7744 	EXP 	cue_text: text = '→'
212.7744 	EXP 	fixation: autoDraw = True
212.9083 	EXP 	Device response: <KeyPress from None: t=212.752807700017, value=left, duration=0.15106399997603148>
213.2576 	EXP 	fixation: autoDraw = False
213.2576 	EXP 	cue_text: autoDraw = True
213.5574 	EXP 	cue_text: autoDraw = False
213.8576 	INFO 	Keyboard events cleared
213.8575 	EXP 	target: autoDraw = True
214.2079 	EXP 	Device response: <KeyPress from None: t=214.19280900000012, value=right, duration=None>
214.2081 	EXP 	New trial (rep=13, index=4): <Trial 134 (4 in rep 13) data={'cue_arrow': '→', 'target_x': 0.5, 'condition': 'valid', 'corr_Ans': 'right', 'thisN': 134, 'thisTrialN': 4, 'thisRepN': 13}>
214.2095 	DATA 	Keypress: right
214.2242 	EXP 	fixation: autoDraw = False
214.2242 	EXP 	cue_text: autoDraw = False
214.2242 	EXP 	target: autoDraw = False
214.2242 	EXP 	cue_text: text = '→'
214.2242 	EXP 	fixation: autoDraw = True
214.3412 	EXP 	Device response: <KeyPress from None: t=214.19280900000012, value=right, duration=0.13959340000292286>
214.7078 	EXP 	fixation: autoDraw = False
214.7078 	EXP 	cue_text: autoDraw = True
215.0076 	EXP 	cue_text: autoDraw = False
215.3077 	INFO 	Keyboard events cleared
215.3076 	EXP 	target: autoDraw = True
215.6912 	EXP 	Device response: <KeyPress from None: t=215.6805685000145, value=right, duration=None>
215.6914 	EXP 	New trial (rep=13, index=5): <Trial 135 (5 in rep 13) data={'cue_arrow': '←', 'target_x': -0.5, 'condition': 'valid', 'corr_Ans': 'left', 'thisN': 135, 'thisTrialN': 5, 'thisRepN': 13}>
215.6940 	DATA 	Keypress: right
215.7075 	EXP 	fixation: autoDraw = False
215.7075 	EXP 	cue_text: autoDraw = False
215.7075 	EXP 	target: autoDraw = False
215.7075 	EXP 	cue_text: height = np.float64(0.1)
215.7075 	EXP 	cue_text: height = np.float64(0.1)
215.7075 	EXP 	cue_text: height = np.float64(0.1)
215.7075 	EXP 	cue_text: text = '←'
215.7075 	EXP 	fixation: autoDraw = True
215.7919 	EXP 	Device response: <KeyPress from None: t=215.6805685000145, value=right, duration=0.10211740000522695>
216.1912 	EXP 	fixation: autoDraw = False
216.1912 	EXP 	cue_text: autoDraw = True
216.4908 	EXP 	cue_text: autoDraw = False
216.7912 	INFO 	Keyboard events cleared
216.7911 	EXP 	target: autoDraw = True
217.0753 	EXP 	Device response: <KeyPress from None: t=217.06428940000478, value=left, duration=None>
217.0758 	EXP 	New trial (rep=13, index=6): <Trial 136 (6 in rep 13) data={'cue_arrow': '→', 'target_x': 0.5, 'condition': 'valid', 'corr_Ans': 'right', 'thisN': 136, 'thisTrialN': 6, 'thisRepN': 13}>
217.0796 	DATA 	Keypress: left
217.0914 	EXP 	fixation: autoDraw = False
217.0914 	EXP 	cue_text: autoDraw = False
217.0914 	EXP 	target: autoDraw = False
217.0914 	EXP 	cue_text: height = np.float64(0.1)
217.0914 	EXP 	cue_text: height = np.float64(0.1)
217.0914 	EXP 	cue_text: height = np.float64(0.1)
217.0914 	EXP 	cue_text: text = '→'
217.0914 	EXP 	fixation: autoDraw = True
217.2256 	EXP 	Device response: <KeyPress from None: t=217.06428940000478, value=left, duration=0.15975869999965653>
217.5752 	EXP 	fixation: autoDraw = False
217.5752 	EXP 	cue_text: autoDraw = True
217.8745 	EXP 	cue_text: autoDraw = False
218.1767 	INFO 	Keyboard events cleared
218.1765 	EXP 	target: autoDraw = True
218.7437 	EXP 	Device response: <KeyPress from None: t=218.73197980000987, value=right, duration=None>
218.7441 	EXP 	New trial (rep=13, index=7): <Trial 137 (7 in rep 13) data={'cue_arrow': '←', 'target_x': 0.5, 'condition': 'invalid', 'corr_Ans': 'right', 'thisN': 137, 'thisTrialN': 7, 'thisRepN': 13}>
218.7475 	DATA 	Keypress: right
218.7597 	EXP 	fixation: autoDraw = False
218.7597 	EXP 	cue_text: autoDraw = False
218.7597 	EXP 	target: autoDraw = False
218.7597 	EXP 	cue_text: height = np.float64(0.1)
218.7597 	EXP 	cue_text: height = np.float64(0.1)
218.7597 	EXP 	cue_text: height = np.float64(0.1)
218.7597 	EXP 	cue_text: text = '←'
218.7597 	EXP 	fixation: autoDraw = True
218.8599 	EXP 	Device response: <KeyPress from None: t=218.73197980000987, value=right, duration=0.12225399998715147>
219.2582 	EXP 	fixation: autoDraw = False
219.2582 	EXP 	cue_text: autoDraw = True
219.5422 	EXP 	cue_text: autoDraw = False
219.8581 	INFO 	Keyboard events cleared
219.8579 	EXP 	target: autoDraw = True
220.5607 	DATA 	Keypress: right
220.5763 	EXP 	Device response: <KeyPress from None: t=220.56007619999582, value=right, duration=None>
220.5768 	EXP 	New trial (rep=13, index=8): <Trial 138 (8 in rep 13) data={'cue_arrow': '←', 'target_x': -0.5, 'condition': 'valid', 'corr_Ans': 'left', 'thisN': 138, 'thisTrialN': 8, 'thisRepN': 13}>
220.5929 	EXP 	fixation: autoDraw = False
220.5929 	EXP 	cue_text: autoDraw = False
220.5929 	EXP 	target: autoDraw = False
220.5929 	EXP 	cue_text: text = '←'
220.5929 	EXP 	fixation: autoDraw = True
220.7584 	EXP 	Device response: <KeyPress from None: t=220.56007619999582, value=right, duration=0.19453540001995862>
221.0762 	EXP 	fixation: autoDraw = False
221.0762 	EXP 	cue_text: autoDraw = True
221.3924 	EXP 	cue_text: autoDraw = False
221.6922 	INFO 	Keyboard events cleared
221.6920 	EXP 	target: autoDraw = True
222.1762 	EXP 	Device response: <KeyPress from None: t=222.1640571000171, value=left, duration=None>
222.1765 	EXP 	New trial (rep=13, index=9): <Trial 139 (9 in rep 13) data={'cue_arrow': '→', 'target_x': 0.5, 'condition': 'valid', 'corr_Ans': 'right', 'thisN': 139, 'thisTrialN': 9, 'thisRepN': 13}>
222.1795 	DATA 	Keypress: left
222.1914 	EXP 	fixation: autoDraw = False
222.1914 	EXP 	cue_text: autoDraw = False
222.1914 	EXP 	target: autoDraw = False
222.1914 	EXP 	cue_text: height = np.float64(0.1)
222.1914 	EXP 	cue_text: height = np.float64(0.1)
222.1914 	EXP 	cue_text: height = np.float64(0.1)
222.1914 	EXP 	cue_text: text = '→'
222.1914 	EXP 	fixation: autoDraw = True
222.3422 	EXP 	Device response: <KeyPress from None: t=222.1640571000171, value=left, duration=0.1704081999778282>
222.6915 	EXP 	fixation: autoDraw = False
222.6915 	EXP 	cue_text: autoDraw = True
222.9761 	EXP 	cue_text: autoDraw = False
223.2757 	INFO 	Keyboard events cleared
223.2755 	EXP 	target: autoDraw = True
223.6770 	EXP 	Device response: <KeyPress from None: t=223.6652194999915, value=right, duration=None>
223.6773 	EXP 	New trial (rep=14, index=0): <Trial 140 (0 in rep 14) data={'cue_arrow': '←', 'target_x': 0.5, 'condition': 'invalid', 'corr_Ans': 'right', 'thisN': 140, 'thisTrialN': 0, 'thisRepN': 14}>
223.6808 	DATA 	Keypress: right
223.6918 	EXP 	fixation: autoDraw = False
223.6918 	EXP 	cue_text: autoDraw = False
223.6918 	EXP 	target: autoDraw = False
223.6918 	EXP 	cue_text: height = np.float64(0.1)
223.6918 	EXP 	cue_text: height = np.float64(0.1)
223.6918 	EXP 	cue_text: height = np.float64(0.1)
223.6918 	EXP 	cue_text: text = '←'
223.6918 	EXP 	fixation: autoDraw = True
223.8435 	EXP 	Device response: <KeyPress from None: t=223.6652194999915, value=right, duration=0.16462270001647994>
224.1764 	EXP 	fixation: autoDraw = False
224.1764 	EXP 	cue_text: autoDraw = True
224.4912 	EXP 	cue_text: autoDraw = False
224.7934 	INFO 	Keyboard events cleared
224.7932 	EXP 	target: autoDraw = True
225.7756 	EXP 	Device response: <KeyPress from None: t=225.77271819999442, value=right, duration=None>
225.7760 	EXP 	New trial (rep=14, index=1): <Trial 141 (1 in rep 14) data={'cue_arrow': '→', 'target_x': -0.5, 'condition': 'invalid', 'corr_Ans': 'left', 'thisN': 141, 'thisTrialN': 1, 'thisRepN': 14}>
225.7818 	DATA 	Keypress: right
225.7907 	EXP 	fixation: autoDraw = False
225.7907 	EXP 	cue_text: autoDraw = False
225.7907 	EXP 	target: autoDraw = False
225.7907 	EXP 	cue_text: height = np.float64(0.1)
225.7907 	EXP 	cue_text: height = np.float64(0.1)
225.7907 	EXP 	cue_text: height = np.float64(0.1)
225.7907 	EXP 	cue_text: text = '→'
225.7907 	EXP 	fixation: autoDraw = True
225.9420 	EXP 	Device response: <KeyPress from None: t=225.77271819999442, value=right, duration=0.1582753000257071>
226.2757 	EXP 	fixation: autoDraw = False
226.2757 	EXP 	cue_text: autoDraw = True
226.5749 	EXP 	cue_text: autoDraw = False
226.8751 	INFO 	Keyboard events cleared
226.8748 	EXP 	target: autoDraw = True
227.8916 	EXP 	Device response: <KeyPress from None: t=227.88061809999635, value=left, duration=None>
227.8919 	EXP 	New trial (rep=14, index=2): <Trial 142 (2 in rep 14) data={'cue_arrow': '→', 'target_x': 0.5, 'condition': 'valid', 'corr_Ans': 'right', 'thisN': 142, 'thisTrialN': 2, 'thisRepN': 14}>
227.8930 	DATA 	Keypress: left
227.9080 	EXP 	fixation: autoDraw = False
227.9080 	EXP 	cue_text: autoDraw = False
227.9080 	EXP 	target: autoDraw = False
227.9080 	EXP 	cue_text: text = '→'
227.9080 	EXP 	fixation: autoDraw = True
228.0081 	EXP 	Device response: <KeyPress from None: t=227.88061809999635, value=left, duration=0.12490250001428649>
228.3912 	EXP 	fixation: autoDraw = False
228.3912 	EXP 	cue_text: autoDraw = True
228.6912 	EXP 	cue_text: autoDraw = False
228.9914 	INFO 	Keyboard events cleared
228.9913 	EXP 	target: autoDraw = True
229.2916 	EXP 	Device response: <KeyPress from None: t=229.2777360000182, value=right, duration=None>
229.2919 	EXP 	New trial (rep=14, index=3): <Trial 143 (3 in rep 14) data={'cue_arrow': '←', 'target_x': -0.5, 'condition': 'valid', 'corr_Ans': 'left', 'thisN': 143, 'thisTrialN': 3, 'thisRepN': 14}>
229.2946 	DATA 	Keypress: right
229.3077 	EXP 	fixation: autoDraw = False
229.3077 	EXP 	cue_text: autoDraw = False
229.3077 	EXP 	target: autoDraw = False
229.3077 	EXP 	cue_text: height = np.float64(0.1)
229.3077 	EXP 	cue_text: height = np.float64(0.1)
229.3077 	EXP 	cue_text: height = np.float64(0.1)
229.3077 	EXP 	cue_text: text = '←'
229.3077 	EXP 	fixation: autoDraw = True
229.4418 	EXP 	Device response: <KeyPress from None: t=229.2777360000182, value=right, duration=0.15766519997850992>
229.7914 	EXP 	fixation: autoDraw = False
229.7914 	EXP 	cue_text: autoDraw = True
230.0914 	EXP 	cue_text: autoDraw = False
230.3913 	INFO 	Keyboard events cleared
230.3912 	EXP 	target: autoDraw = True
230.6916 	EXP 	Device response: <KeyPress from None: t=230.67765759999747, value=left, duration=None>
230.6919 	EXP 	New trial (rep=14, index=4): <Trial 144 (4 in rep 14) data={'cue_arrow': '→', 'target_x': 0.5, 'condition': 'valid', 'corr_Ans': 'right', 'thisN': 144, 'thisTrialN': 4, 'thisRepN': 14}>
230.6950 	DATA 	Keypress: left
230.7078 	EXP 	fixation: autoDraw = False
230.7078 	EXP 	cue_text: autoDraw = False
230.7078 	EXP 	target: autoDraw = False
230.7078 	EXP 	cue_text: height = np.float64(0.1)
230.7078 	EXP 	cue_text: height = np.float64(0.1)
230.7078 	EXP 	cue_text: height = np.float64(0.1)
230.7078 	EXP 	cue_text: text = '→'
230.7078 	EXP 	fixation: autoDraw = True
230.8249 	EXP 	Device response: <KeyPress from None: t=230.67765759999747, value=left, duration=0.14460719999624416>
231.1915 	EXP 	fixation: autoDraw = False
231.1915 	EXP 	cue_text: autoDraw = True
231.4913 	EXP 	cue_text: autoDraw = False
231.7915 	INFO 	Keyboard events cleared
231.7914 	EXP 	target: autoDraw = True
232.1916 	EXP 	Device response: <KeyPress from None: t=232.17667430001893, value=right, duration=None>
232.1920 	EXP 	New trial (rep=14, index=5): <Trial 145 (5 in rep 14) data={'cue_arrow': '←', 'target_x': -0.5, 'condition': 'valid', 'corr_Ans': 'left', 'thisN': 145, 'thisTrialN': 5, 'thisRepN': 14}>
232.1954 	DATA 	Keypress: right
232.2078 	EXP 	fixation: autoDraw = False
232.2078 	EXP 	cue_text: autoDraw = False
232.2078 	EXP 	target: autoDraw = False
232.2078 	EXP 	cue_text: height = np.float64(0.1)
232.2078 	EXP 	cue_text: height = np.float64(0.1)
232.2078 	EXP 	cue_text: height = np.float64(0.1)
232.2078 	EXP 	cue_text: text = '←'
232.2078 	EXP 	fixation: autoDraw = True
232.3582 	EXP 	Device response: <KeyPress from None: t=232.17667430001893, value=right, duration=0.17993699997896329>
232.6913 	EXP 	fixation: autoDraw = False
232.6913 	EXP 	cue_text: autoDraw = True
232.9914 	EXP 	cue_text: autoDraw = False
233.2916 	INFO 	Keyboard events cleared
233.2914 	EXP 	target: autoDraw = True
233.7250 	EXP 	Device response: <KeyPress from None: t=233.71834660001332, value=left, duration=None>
233.7253 	EXP 	New trial (rep=14, index=6): <Trial 146 (6 in rep 14) data={'cue_arrow': '←', 'target_x': -0.5, 'condition': 'valid', 'corr_Ans': 'left', 'thisN': 146, 'thisTrialN': 6, 'thisRepN': 14}>
233.7266 	DATA 	Keypress: left
233.7414 	EXP 	fixation: autoDraw = False
233.7414 	EXP 	cue_text: autoDraw = False
233.7414 	EXP 	target: autoDraw = False
233.7414 	EXP 	cue_text: text = '←'
233.7414 	EXP 	fixation: autoDraw = True
233.8417 	EXP 	Device response: <KeyPress from None: t=233.71834660001332, value=left, duration=0.11907059999066405>
234.2248 	EXP 	fixation: autoDraw = False
234.2248 	EXP 	cue_text: autoDraw = True
234.5248 	EXP 	cue_text: autoDraw = False
234.8249 	INFO 	Keyboard events cleared
234.8248 	EXP 	target: autoDraw = True
235.2252 	EXP 	Device response: <KeyPress from None: t=235.22266620001756, value=left, duration=None>
235.2255 	EXP 	New trial (rep=14, index=7): <Trial 147 (7 in rep 14) data={'cue_arrow': '←', 'target_x': -0.5, 'condition': 'valid', 'corr_Ans': 'left', 'thisN': 147, 'thisTrialN': 7, 'thisRepN': 14}>
235.2268 	DATA 	Keypress: left
235.2412 	EXP 	fixation: autoDraw = False
235.2412 	EXP 	cue_text: autoDraw = False
235.2412 	EXP 	target: autoDraw = False
235.2412 	EXP 	cue_text: text = '←'
235.2412 	EXP 	fixation: autoDraw = True
235.3752 	EXP 	Device response: <KeyPress from None: t=235.22266620001756, value=left, duration=0.14100789997610264>
235.7247 	EXP 	fixation: autoDraw = False
235.7247 	EXP 	cue_text: autoDraw = True
236.0245 	EXP 	cue_text: autoDraw = False
236.3249 	INFO 	Keyboard events cleared
236.3247 	EXP 	target: autoDraw = True
236.9919 	EXP 	Device response: <KeyPress from None: t=236.98618500001612, value=left, duration=None>
236.9922 	EXP 	New trial (rep=14, index=8): <Trial 148 (8 in rep 14) data={'cue_arrow': '→', 'target_x': 0.5, 'condition': 'valid', 'corr_Ans': 'right', 'thisN': 148, 'thisTrialN': 8, 'thisRepN': 14}>
236.9955 	DATA 	Keypress: left
237.0080 	EXP 	fixation: autoDraw = False
237.0080 	EXP 	cue_text: autoDraw = False
237.0080 	EXP 	target: autoDraw = False
237.0080 	EXP 	cue_text: height = np.float64(0.1)
237.0080 	EXP 	cue_text: height = np.float64(0.1)
237.0080 	EXP 	cue_text: height = np.float64(0.1)
237.0080 	EXP 	cue_text: text = '→'
237.0080 	EXP 	fixation: autoDraw = True
237.1584 	EXP 	Device response: <KeyPress from None: t=236.98618500001612, value=left, duration=0.1607064999989234>
237.4912 	EXP 	fixation: autoDraw = False
237.4912 	EXP 	cue_text: autoDraw = True
237.7912 	EXP 	cue_text: autoDraw = False
238.0914 	INFO 	Keyboard events cleared
238.0912 	EXP 	target: autoDraw = True
238.5920 	EXP 	Device response: <KeyPress from None: t=238.57852900002035, value=right, duration=None>
238.5924 	EXP 	New trial (rep=14, index=9): <Trial 149 (9 in rep 14) data={'cue_arrow': '→', 'target_x': 0.5, 'condition': 'valid', 'corr_Ans': 'right', 'thisN': 149, 'thisTrialN': 9, 'thisRepN': 14}>
238.5941 	DATA 	Keypress: right
238.6081 	EXP 	fixation: autoDraw = False
238.6081 	EXP 	cue_text: autoDraw = False
238.6081 	EXP 	target: autoDraw = False
238.6081 	EXP 	cue_text: text = '→'
238.6081 	EXP 	fixation: autoDraw = True
238.7584 	EXP 	Device response: <KeyPress from None: t=238.57852900002035, value=right, duration=0.16610159998526797>
239.0918 	EXP 	fixation: autoDraw = False
239.0918 	EXP 	cue_text: autoDraw = True
239.3918 	EXP 	cue_text: autoDraw = False
239.6915 	INFO 	Keyboard events cleared
239.6914 	EXP 	target: autoDraw = True
240.1086 	EXP 	Device response: <KeyPress from None: t=240.09255150001263, value=right, duration=None>
240.1089 	EXP 	New trial (rep=15, index=0): <Trial 150 (0 in rep 15) data={'cue_arrow': '→', 'target_x': 0.5, 'condition': 'valid', 'corr_Ans': 'right', 'thisN': 150, 'thisTrialN': 0, 'thisRepN': 15}>
240.1101 	DATA 	Keypress: right
240.1247 	EXP 	fixation: autoDraw = False
240.1247 	EXP 	cue_text: autoDraw = False
240.1247 	EXP 	target: autoDraw = False
240.1247 	EXP 	cue_text: text = '→'
240.1247 	EXP 	fixation: autoDraw = True
240.2917 	EXP 	Device response: <KeyPress from None: t=240.09255150001263, value=right, duration=0.18498649998218752>
240.6081 	EXP 	fixation: autoDraw = False
240.6081 	EXP 	cue_text: autoDraw = True
240.9082 	EXP 	cue_text: autoDraw = False
241.2085 	INFO 	Keyboard events cleared
241.2084 	EXP 	target: autoDraw = True
241.5418 	EXP 	Device response: <KeyPress from None: t=241.5411652000039, value=right, duration=None>
241.5421 	EXP 	New trial (rep=15, index=1): <Trial 151 (1 in rep 15) data={'cue_arrow': '←', 'target_x': -0.5, 'condition': 'valid', 'corr_Ans': 'left', 'thisN': 151, 'thisTrialN': 1, 'thisRepN': 15}>
241.5451 	DATA 	Keypress: right
241.5582 	EXP 	fixation: autoDraw = False
241.5582 	EXP 	cue_text: autoDraw = False
241.5582 	EXP 	target: autoDraw = False
241.5582 	EXP 	cue_text: height = np.float64(0.1)
241.5582 	EXP 	cue_text: height = np.float64(0.1)
241.5582 	EXP 	cue_text: height = np.float64(0.1)
241.5582 	EXP 	cue_text: text = '←'
241.5582 	EXP 	fixation: autoDraw = True
241.7253 	EXP 	Device response: <KeyPress from None: t=241.5411652000039, value=right, duration=0.16998929998953827>
242.0415 	EXP 	fixation: autoDraw = False
242.0415 	EXP 	cue_text: autoDraw = True
242.3415 	EXP 	cue_text: autoDraw = False
242.6416 	INFO 	Keyboard events cleared
242.6414 	EXP 	target: autoDraw = True
242.9918 	EXP 	Device response: <KeyPress from None: t=242.97787160001462, value=left, duration=None>
242.9921 	EXP 	New trial (rep=15, index=2): <Trial 152 (2 in rep 15) data={'cue_arrow': '←', 'target_x': -0.5, 'condition': 'valid', 'corr_Ans': 'left', 'thisN': 152, 'thisTrialN': 2, 'thisRepN': 15}>
242.9933 	DATA 	Keypress: left
243.0081 	EXP 	fixation: autoDraw = False
243.0081 	EXP 	cue_text: autoDraw = False
243.0081 	EXP 	target: autoDraw = False
243.0081 	EXP 	cue_text: text = '←'
243.0081 	EXP 	fixation: autoDraw = True
243.1751 	EXP 	Device response: <KeyPress from None: t=242.97787160001462, value=left, duration=0.19460439999238588>
243.4914 	EXP 	fixation: autoDraw = False
243.4914 	EXP 	cue_text: autoDraw = True
243.7915 	EXP 	cue_text: autoDraw = False
244.0915 	INFO 	Keyboard events cleared
244.0914 	EXP 	target: autoDraw = True
244.4418 	EXP 	Device response: <KeyPress from None: t=244.42769440001575, value=left, duration=None>
244.4421 	EXP 	New trial (rep=15, index=3): <Trial 153 (3 in rep 15) data={'cue_arrow': '←', 'target_x': -0.5, 'condition': 'valid', 'corr_Ans': 'left', 'thisN': 153, 'thisTrialN': 3, 'thisRepN': 15}>
244.4433 	DATA 	Keypress: left
244.4582 	EXP 	fixation: autoDraw = False
244.4582 	EXP 	cue_text: autoDraw = False
244.4582 	EXP 	target: autoDraw = False
244.4582 	EXP 	cue_text: text = '←'
244.4582 	EXP 	fixation: autoDraw = True
244.5918 	EXP 	Device response: <KeyPress from None: t=244.42769440001575, value=left, duration=0.1499533999885898>
244.9414 	EXP 	fixation: autoDraw = False
244.9414 	EXP 	cue_text: autoDraw = True
245.2415 	EXP 	cue_text: autoDraw = False
245.5417 	INFO 	Keyboard events cleared
245.5415 	EXP 	target: autoDraw = True
245.9919 	EXP 	Device response: <KeyPress from None: t=245.98725790000753, value=left, duration=None>
245.9921 	EXP 	New trial (rep=15, index=4): <Trial 154 (4 in rep 15) data={'cue_arrow': '←', 'target_x': 0.5, 'condition': 'invalid', 'corr_Ans': 'right', 'thisN': 154, 'thisTrialN': 4, 'thisRepN': 15}>
245.9932 	DATA 	Keypress: left
246.0081 	EXP 	fixation: autoDraw = False
246.0081 	EXP 	cue_text: autoDraw = False
246.0081 	EXP 	target: autoDraw = False
246.0081 	EXP 	cue_text: text = '←'
246.0081 	EXP 	fixation: autoDraw = True
246.1752 	EXP 	Device response: <KeyPress from None: t=245.98725790000753, value=left, duration=0.17191480001201853>
246.4916 	EXP 	fixation: autoDraw = False
246.4916 	EXP 	cue_text: autoDraw = True
246.7917 	EXP 	cue_text: autoDraw = False
247.0916 	INFO 	Keyboard events cleared
247.0915 	EXP 	target: autoDraw = True
247.8920 	EXP 	Device response: <KeyPress from None: t=247.88132580000092, value=right, duration=None>
247.8923 	EXP 	New trial (rep=15, index=5): <Trial 155 (5 in rep 15) data={'cue_arrow': '→', 'target_x': 0.5, 'condition': 'valid', 'corr_Ans': 'right', 'thisN': 155, 'thisTrialN': 5, 'thisRepN': 15}>
247.8956 	DATA 	Keypress: right
247.9080 	EXP 	fixation: autoDraw = False
247.9080 	EXP 	cue_text: autoDraw = False
247.9080 	EXP 	target: autoDraw = False
247.9080 	EXP 	cue_text: height = np.float64(0.1)
247.9080 	EXP 	cue_text: height = np.float64(0.1)
247.9080 	EXP 	cue_text: height = np.float64(0.1)
247.9080 	EXP 	cue_text: text = '→'
247.9080 	EXP 	fixation: autoDraw = True
248.0585 	EXP 	Device response: <KeyPress from None: t=247.88132580000092, value=right, duration=0.16476670000702143>
248.3916 	EXP 	fixation: autoDraw = False
248.3916 	EXP 	cue_text: autoDraw = True
248.6915 	EXP 	cue_text: autoDraw = False
248.9917 	INFO 	Keyboard events cleared
248.9915 	EXP 	target: autoDraw = True
249.3252 	EXP 	Device response: <KeyPress from None: t=249.3213218000019, value=right, duration=None>
249.3254 	EXP 	New trial (rep=15, index=6): <Trial 156 (6 in rep 15) data={'cue_arrow': '→', 'target_x': -0.5, 'condition': 'invalid', 'corr_Ans': 'left', 'thisN': 156, 'thisTrialN': 6, 'thisRepN': 15}>
249.3264 	DATA 	Keypress: right
249.3416 	EXP 	fixation: autoDraw = False
249.3416 	EXP 	cue_text: autoDraw = False
249.3416 	EXP 	target: autoDraw = False
249.3416 	EXP 	cue_text: text = '→'
249.3416 	EXP 	fixation: autoDraw = True
249.4584 	EXP 	Device response: <KeyPress from None: t=249.3213218000019, value=right, duration=0.12723390001337975>
249.8249 	EXP 	fixation: autoDraw = False
249.8249 	EXP 	cue_text: autoDraw = True
250.1250 	EXP 	cue_text: autoDraw = False
250.4250 	INFO 	Keyboard events cleared
250.4249 	EXP 	target: autoDraw = True
251.3087 	EXP 	Device response: <KeyPress from None: t=251.30524340001284, value=left, duration=None>
251.3089 	EXP 	New trial (rep=15, index=7): <Trial 157 (7 in rep 15) data={'cue_arrow': '→', 'target_x': 0.5, 'condition': 'valid', 'corr_Ans': 'right', 'thisN': 157, 'thisTrialN': 7, 'thisRepN': 15}>
251.3101 	DATA 	Keypress: left
251.3250 	EXP 	fixation: autoDraw = False
251.3250 	EXP 	cue_text: autoDraw = False
251.3250 	EXP 	target: autoDraw = False
251.3250 	EXP 	cue_text: text = '→'
251.3250 	EXP 	fixation: autoDraw = True
251.4419 	EXP 	Device response: <KeyPress from None: t=251.30524340001284, value=left, duration=0.12435410000034608>
251.8082 	EXP 	fixation: autoDraw = False
251.8082 	EXP 	cue_text: autoDraw = True
252.1083 	EXP 	cue_text: autoDraw = False
252.4083 	INFO 	Keyboard events cleared
252.4082 	EXP 	target: autoDraw = True
252.7754 	EXP 	Device response: <KeyPress from None: t=252.76026130001992, value=right, duration=None>
252.7757 	EXP 	New trial (rep=15, index=8): <Trial 158 (8 in rep 15) data={'cue_arrow': '→', 'target_x': 0.5, 'condition': 'valid', 'corr_Ans': 'right', 'thisN': 158, 'thisTrialN': 8, 'thisRepN': 15}>
252.7769 	DATA 	Keypress: right
252.7915 	EXP 	fixation: autoDraw = False
252.7915 	EXP 	cue_text: autoDraw = False
252.7915 	EXP 	target: autoDraw = False
252.7915 	EXP 	cue_text: text = '→'
252.7915 	EXP 	fixation: autoDraw = True
252.9088 	EXP 	Device response: <KeyPress from None: t=252.76026130001992, value=right, duration=0.14323719998355955>
253.2749 	EXP 	fixation: autoDraw = False
253.2749 	EXP 	cue_text: autoDraw = True
253.5750 	EXP 	cue_text: autoDraw = False
253.8753 	INFO 	Keyboard events cleared
253.8751 	EXP 	target: autoDraw = True
254.2086 	EXP 	Device response: <KeyPress from None: t=254.2004867999931, value=right, duration=None>
254.2089 	EXP 	New trial (rep=15, index=9): <Trial 159 (9 in rep 15) data={'cue_arrow': '←', 'target_x': -0.5, 'condition': 'valid', 'corr_Ans': 'left', 'thisN': 159, 'thisTrialN': 9, 'thisRepN': 15}>
254.2119 	DATA 	Keypress: right
254.2249 	EXP 	fixation: autoDraw = False
254.2249 	EXP 	cue_text: autoDraw = False
254.2249 	EXP 	target: autoDraw = False
254.2249 	EXP 	cue_text: height = np.float64(0.1)
254.2249 	EXP 	cue_text: height = np.float64(0.1)
254.2249 	EXP 	cue_text: height = np.float64(0.1)
254.2249 	EXP 	cue_text: text = '←'
254.2249 	EXP 	fixation: autoDraw = True
254.3586 	EXP 	Device response: <KeyPress from None: t=254.2004867999931, value=right, duration=0.1521249000215903>
254.7083 	EXP 	fixation: autoDraw = False
254.7083 	EXP 	cue_text: autoDraw = True
255.0092 	EXP 	cue_text: autoDraw = False
255.3101 	INFO 	Keyboard events cleared
255.3099 	EXP 	target: autoDraw = True
255.5780 	DATA 	Keypress: left
255.5930 	EXP 	Device response: <KeyPress from None: t=255.5769519000023, value=left, duration=None>
255.5934 	EXP 	New trial (rep=16, index=0): <Trial 160 (0 in rep 16) data={'cue_arrow': '→', 'target_x': -0.5, 'condition': 'invalid', 'corr_Ans': 'left', 'thisN': 160, 'thisTrialN': 0, 'thisRepN': 16}>
255.6101 	EXP 	fixation: autoDraw = False
255.6101 	EXP 	cue_text: autoDraw = False
255.6101 	EXP 	target: autoDraw = False
255.6101 	EXP 	cue_text: height = np.float64(0.1)
255.6101 	EXP 	cue_text: height = np.float64(0.1)
255.6101 	EXP 	cue_text: height = np.float64(0.1)
255.6101 	EXP 	cue_text: text = '→'
255.6101 	EXP 	fixation: autoDraw = True
255.7100 	EXP 	Device response: <KeyPress from None: t=255.5769519000023, value=left, duration=0.13151110001490451>
256.0934 	EXP 	fixation: autoDraw = False
256.0934 	EXP 	cue_text: autoDraw = True
256.3934 	EXP 	cue_text: autoDraw = False
256.7095 	INFO 	Keyboard events cleared
256.7093 	EXP 	target: autoDraw = True
257.4767 	EXP 	Device response: <KeyPress from None: t=257.473269900016, value=left, duration=None>
257.4771 	EXP 	New trial (rep=16, index=1): <Trial 161 (1 in rep 16) data={'cue_arrow': '←', 'target_x': 0.5, 'condition': 'invalid', 'corr_Ans': 'right', 'thisN': 161, 'thisTrialN': 1, 'thisRepN': 16}>
257.4818 	DATA 	Keypress: left
257.4916 	EXP 	fixation: autoDraw = False
257.4916 	EXP 	cue_text: autoDraw = False
257.4916 	EXP 	target: autoDraw = False
257.4916 	EXP 	cue_text: height = np.float64(0.1)
257.4916 	EXP 	cue_text: height = np.float64(0.1)
257.4916 	EXP 	cue_text: height = np.float64(0.1)
257.4916 	EXP 	cue_text: text = '←'
257.4916 	EXP 	fixation: autoDraw = True
257.6093 	EXP 	Device response: <KeyPress from None: t=257.473269900016, value=left, duration=0.11968169998726808>
257.9931 	EXP 	fixation: autoDraw = False
257.9931 	EXP 	cue_text: autoDraw = True
258.2936 	EXP 	cue_text: autoDraw = False
258.5775 	INFO 	Keyboard events cleared
258.5772 	EXP 	target: autoDraw = True
259.8267 	EXP 	Device response: <KeyPress from None: t=259.81814190000296, value=right, duration=None>
259.8272 	EXP 	New trial (rep=16, index=2): <Trial 162 (2 in rep 16) data={'cue_arrow': '→', 'target_x': 0.5, 'condition': 'valid', 'corr_Ans': 'right', 'thisN': 162, 'thisTrialN': 2, 'thisRepN': 16}>
259.8307 	DATA 	Keypress: right
259.8422 	EXP 	fixation: autoDraw = False
259.8422 	EXP 	cue_text: autoDraw = False
259.8422 	EXP 	target: autoDraw = False
259.8422 	EXP 	cue_text: height = np.float64(0.1)
259.8422 	EXP 	cue_text: height = np.float64(0.1)
259.8422 	EXP 	cue_text: height = np.float64(0.1)
259.8422 	EXP 	cue_text: text = '→'
259.8422 	EXP 	fixation: autoDraw = True
259.9594 	EXP 	Device response: <KeyPress from None: t=259.81814190000296, value=right, duration=0.1252712999994401>
260.3257 	EXP 	fixation: autoDraw = False
260.3257 	EXP 	cue_text: autoDraw = True
260.6256 	EXP 	cue_text: autoDraw = False
260.9431 	INFO 	Keyboard events cleared
260.9428 	EXP 	target: autoDraw = True
261.2761 	EXP 	Device response: <KeyPress from None: t=261.26340270001674, value=right, duration=None>
261.2766 	EXP 	New trial (rep=16, index=3): <Trial 163 (3 in rep 16) data={'cue_arrow': '←', 'target_x': -0.5, 'condition': 'valid', 'corr_Ans': 'left', 'thisN': 163, 'thisTrialN': 3, 'thisRepN': 16}>
261.2828 	DATA 	Keypress: right
261.2916 	EXP 	fixation: autoDraw = False
261.2916 	EXP 	cue_text: autoDraw = False
261.2916 	EXP 	target: autoDraw = False
261.2916 	EXP 	cue_text: height = np.float64(0.1)
261.2916 	EXP 	cue_text: height = np.float64(0.1)
261.2916 	EXP 	cue_text: height = np.float64(0.1)
261.2916 	EXP 	cue_text: text = '←'
261.2916 	EXP 	fixation: autoDraw = True
261.4261 	EXP 	Device response: <KeyPress from None: t=261.26340270001674, value=right, duration=0.14994489998207428>
261.7757 	EXP 	fixation: autoDraw = False
261.7757 	EXP 	cue_text: autoDraw = True
262.0765 	EXP 	cue_text: autoDraw = False
262.3764 	INFO 	Keyboard events cleared
262.3762 	EXP 	target: autoDraw = True
262.7607 	DATA 	Keypress: left
262.7763 	EXP 	Device response: <KeyPress from None: t=262.7601588999969, value=left, duration=None>
262.7765 	EXP 	New trial (rep=16, index=4): <Trial 164 (4 in rep 16) data={'cue_arrow': '→', 'target_x': 0.5, 'condition': 'valid', 'corr_Ans': 'right', 'thisN': 164, 'thisTrialN': 4, 'thisRepN': 16}>
262.7927 	EXP 	fixation: autoDraw = False
262.7927 	EXP 	cue_text: autoDraw = False
262.7927 	EXP 	target: autoDraw = False
262.7927 	EXP 	cue_text: height = np.float64(0.1)
262.7927 	EXP 	cue_text: height = np.float64(0.1)
262.7927 	EXP 	cue_text: height = np.float64(0.1)
262.7927 	EXP 	cue_text: text = '→'
262.7927 	EXP 	fixation: autoDraw = True
262.8931 	EXP 	Device response: <KeyPress from None: t=262.7601588999969, value=left, duration=0.11928169999737293>
263.2756 	EXP 	fixation: autoDraw = False
263.2756 	EXP 	cue_text: autoDraw = True
263.5756 	EXP 	cue_text: autoDraw = False
263.8758 	INFO 	Keyboard events cleared
263.8756 	EXP 	target: autoDraw = True
264.2765 	EXP 	Device response: <KeyPress from None: t=264.2707736000011, value=right, duration=None>
264.2768 	EXP 	New trial (rep=16, index=5): <Trial 165 (5 in rep 16) data={'cue_arrow': '←', 'target_x': -0.5, 'condition': 'valid', 'corr_Ans': 'left', 'thisN': 165, 'thisTrialN': 5, 'thisRepN': 16}>
264.2813 	DATA 	Keypress: right
264.2921 	EXP 	fixation: autoDraw = False
264.2921 	EXP 	cue_text: autoDraw = False
264.2921 	EXP 	target: autoDraw = False
264.2921 	EXP 	cue_text: height = np.float64(0.1)
264.2921 	EXP 	cue_text: height = np.float64(0.1)
264.2921 	EXP 	cue_text: height = np.float64(0.1)
264.2921 	EXP 	cue_text: text = '←'
264.2921 	EXP 	fixation: autoDraw = True
264.4255 	EXP 	Device response: <KeyPress from None: t=264.2707736000011, value=right, duration=0.15020060000824742>
264.7921 	EXP 	fixation: autoDraw = False
264.7921 	EXP 	cue_text: autoDraw = True
265.0769 	EXP 	cue_text: autoDraw = False
265.3936 	INFO 	Keyboard events cleared
265.3933 	EXP 	target: autoDraw = True
265.7262 	EXP 	Device response: <KeyPress from None: t=265.7104920000129, value=left, duration=None>
265.7265 	EXP 	New trial (rep=16, index=6): <Trial 166 (6 in rep 16) data={'cue_arrow': '←', 'target_x': -0.5, 'condition': 'valid', 'corr_Ans': 'left', 'thisN': 166, 'thisTrialN': 6, 'thisRepN': 16}>
265.7276 	DATA 	Keypress: left
265.7428 	EXP 	fixation: autoDraw = False
265.7428 	EXP 	cue_text: autoDraw = False
265.7428 	EXP 	target: autoDraw = False
265.7428 	EXP 	cue_text: text = '←'
265.7428 	EXP 	fixation: autoDraw = True
265.8936 	EXP 	Device response: <KeyPress from None: t=265.7104920000129, value=left, duration=0.17072449999977835>
266.2267 	EXP 	fixation: autoDraw = False
266.2267 	EXP 	cue_text: autoDraw = True
266.5260 	EXP 	cue_text: autoDraw = False
266.8262 	INFO 	Keyboard events cleared
266.8260 	EXP 	target: autoDraw = True
267.2595 	EXP 	Device response: <KeyPress from None: t=267.2496919000114, value=left, duration=None>
267.2599 	EXP 	New trial (rep=16, index=7): <Trial 167 (7 in rep 16) data={'cue_arrow': '→', 'target_x': 0.5, 'condition': 'valid', 'corr_Ans': 'right', 'thisN': 167, 'thisTrialN': 7, 'thisRepN': 16}>
267.2645 	DATA 	Keypress: left
267.2768 	EXP 	fixation: autoDraw = False
267.2768 	EXP 	cue_text: autoDraw = False
267.2768 	EXP 	target: autoDraw = False
267.2768 	EXP 	cue_text: height = np.float64(0.1)
267.2768 	EXP 	cue_text: height = np.float64(0.1)
267.2768 	EXP 	cue_text: height = np.float64(0.1)
267.2768 	EXP 	cue_text: text = '→'
267.2768 	EXP 	fixation: autoDraw = True
267.4088 	EXP 	Device response: <KeyPress from None: t=267.2496919000114, value=left, duration=0.15087579999817535>
267.7752 	EXP 	fixation: autoDraw = False
267.7752 	EXP 	cue_text: autoDraw = True
268.0752 	EXP 	cue_text: autoDraw = False
268.3754 	INFO 	Keyboard events cleared
268.3752 	EXP 	target: autoDraw = True
268.7595 	EXP 	Device response: <KeyPress from None: t=268.7476464000065, value=right, duration=None>
268.7597 	EXP 	New trial (rep=16, index=8): <Trial 168 (8 in rep 16) data={'cue_arrow': '→', 'target_x': 0.5, 'condition': 'valid', 'corr_Ans': 'right', 'thisN': 168, 'thisTrialN': 8, 'thisRepN': 16}>
268.7610 	DATA 	Keypress: right
268.7754 	EXP 	fixation: autoDraw = False
268.7754 	EXP 	cue_text: autoDraw = False
268.7754 	EXP 	target: autoDraw = False
268.7754 	EXP 	cue_text: text = '→'
268.7754 	EXP 	fixation: autoDraw = True
268.8923 	EXP 	Device response: <KeyPress from None: t=268.7476464000065, value=right, duration=0.1383837999892421>
269.2753 	EXP 	fixation: autoDraw = False
269.2753 	EXP 	cue_text: autoDraw = True
269.5754 	EXP 	cue_text: autoDraw = False
269.8755 	INFO 	Keyboard events cleared
269.8754 	EXP 	target: autoDraw = True
270.2256 	EXP 	Device response: <KeyPress from None: t=270.2201022999943, value=right, duration=None>
270.2259 	EXP 	New trial (rep=16, index=9): <Trial 169 (9 in rep 16) data={'cue_arrow': '←', 'target_x': -0.5, 'condition': 'valid', 'corr_Ans': 'left', 'thisN': 169, 'thisTrialN': 9, 'thisRepN': 16}>
270.2294 	DATA 	Keypress: right
270.2420 	EXP 	fixation: autoDraw = False
270.2420 	EXP 	cue_text: autoDraw = False
270.2420 	EXP 	target: autoDraw = False
270.2420 	EXP 	cue_text: height = np.float64(0.1)
270.2420 	EXP 	cue_text: height = np.float64(0.1)
270.2420 	EXP 	cue_text: height = np.float64(0.1)
270.2420 	EXP 	cue_text: text = '←'
270.2420 	EXP 	fixation: autoDraw = True
270.4589 	EXP 	Device response: <KeyPress from None: t=270.2201022999943, value=right, duration=0.2216492000152357>
270.7253 	EXP 	fixation: autoDraw = False
270.7253 	EXP 	cue_text: autoDraw = True
271.0253 	EXP 	cue_text: autoDraw = False
271.3254 	INFO 	Keyboard events cleared
271.3253 	EXP 	target: autoDraw = True
271.8423 	EXP 	Device response: <KeyPress from None: t=271.82766229999834, value=left, duration=None>
271.8425 	EXP 	New trial (rep=17, index=0): <Trial 170 (0 in rep 17) data={'cue_arrow': '←', 'target_x': -0.5, 'condition': 'valid', 'corr_Ans': 'left', 'thisN': 170, 'thisTrialN': 0, 'thisRepN': 17}>
271.8438 	DATA 	Keypress: left
271.8586 	EXP 	fixation: autoDraw = False
271.8586 	EXP 	cue_text: autoDraw = False
271.8586 	EXP 	target: autoDraw = False
271.8586 	EXP 	cue_text: text = '←'
271.8586 	EXP 	fixation: autoDraw = True
272.0092 	EXP 	Device response: <KeyPress from None: t=271.82766229999834, value=left, duration=0.16504389999317937>
272.3419 	EXP 	fixation: autoDraw = False
272.3419 	EXP 	cue_text: autoDraw = True
272.6420 	EXP 	cue_text: autoDraw = False
272.9425 	INFO 	Keyboard events cleared
272.9423 	EXP 	target: autoDraw = True
273.3590 	EXP 	Device response: <KeyPress from None: t=273.35068170001614, value=left, duration=None>
273.3593 	EXP 	New trial (rep=17, index=1): <Trial 171 (1 in rep 17) data={'cue_arrow': '←', 'target_x': -0.5, 'condition': 'valid', 'corr_Ans': 'left', 'thisN': 171, 'thisTrialN': 1, 'thisRepN': 17}>
273.3605 	DATA 	Keypress: left
273.3754 	EXP 	fixation: autoDraw = False
273.3754 	EXP 	cue_text: autoDraw = False
273.3754 	EXP 	target: autoDraw = False
273.3754 	EXP 	cue_text: text = '←'
273.3754 	EXP 	fixation: autoDraw = True
273.5591 	EXP 	Device response: <KeyPress from None: t=273.35068170001614, value=left, duration=0.1987418999779038>
273.8587 	EXP 	fixation: autoDraw = False
273.8587 	EXP 	cue_text: autoDraw = True
274.1587 	EXP 	cue_text: autoDraw = False
274.4589 	INFO 	Keyboard events cleared
274.4588 	EXP 	target: autoDraw = True
274.7924 	EXP 	Device response: <KeyPress from None: t=274.78772920000483, value=left, duration=None>
274.7926 	EXP 	New trial (rep=17, index=2): <Trial 172 (2 in rep 17) data={'cue_arrow': '←', 'target_x': 0.5, 'condition': 'invalid', 'corr_Ans': 'right', 'thisN': 172, 'thisTrialN': 2, 'thisRepN': 17}>
274.7939 	DATA 	Keypress: left
274.8087 	EXP 	fixation: autoDraw = False
274.8087 	EXP 	cue_text: autoDraw = False
274.8087 	EXP 	target: autoDraw = False
274.8087 	EXP 	cue_text: text = '←'
274.8087 	EXP 	fixation: autoDraw = True
274.9424 	EXP 	Device response: <KeyPress from None: t=274.78772920000483, value=left, duration=0.15034240001114085>
275.2920 	EXP 	fixation: autoDraw = False
275.2920 	EXP 	cue_text: autoDraw = True
275.5920 	EXP 	cue_text: autoDraw = False
275.8921 	INFO 	Keyboard events cleared
275.8920 	EXP 	target: autoDraw = True
277.0256 	EXP 	Device response: <KeyPress from None: t=277.0152044999995, value=right, duration=None>
277.0258 	EXP 	New trial (rep=17, index=3): <Trial 173 (3 in rep 17) data={'cue_arrow': '→', 'target_x': -0.5, 'condition': 'invalid', 'corr_Ans': 'left', 'thisN': 173, 'thisTrialN': 3, 'thisRepN': 17}>
277.0286 	DATA 	Keypress: right
277.0419 	EXP 	fixation: autoDraw = False
277.0419 	EXP 	cue_text: autoDraw = False
277.0419 	EXP 	target: autoDraw = False
277.0419 	EXP 	cue_text: height = np.float64(0.1)
277.0419 	EXP 	cue_text: height = np.float64(0.1)
277.0419 	EXP 	cue_text: height = np.float64(0.1)
277.0419 	EXP 	cue_text: text = '→'
277.0419 	EXP 	fixation: autoDraw = True
277.1756 	EXP 	Device response: <KeyPress from None: t=277.0152044999995, value=right, duration=0.1489041000022553>
277.5253 	EXP 	fixation: autoDraw = False
277.5253 	EXP 	cue_text: autoDraw = True
277.8254 	EXP 	cue_text: autoDraw = False
278.1258 	INFO 	Keyboard events cleared
278.1256 	EXP 	target: autoDraw = True
278.7589 	EXP 	Device response: <KeyPress from None: t=278.74892899999395, value=left, duration=None>
278.7592 	EXP 	New trial (rep=17, index=4): <Trial 174 (4 in rep 17) data={'cue_arrow': '←', 'target_x': -0.5, 'condition': 'valid', 'corr_Ans': 'left', 'thisN': 174, 'thisTrialN': 4, 'thisRepN': 17}>
278.7626 	DATA 	Keypress: left
278.7757 	EXP 	fixation: autoDraw = False
278.7757 	EXP 	cue_text: autoDraw = False
278.7757 	EXP 	target: autoDraw = False
278.7757 	EXP 	cue_text: height = np.float64(0.1)
278.7757 	EXP 	cue_text: height = np.float64(0.1)
278.7757 	EXP 	cue_text: height = np.float64(0.1)
278.7757 	EXP 	cue_text: text = '←'
278.7757 	EXP 	fixation: autoDraw = True
278.8760 	EXP 	Device response: <KeyPress from None: t=278.74892899999395, value=left, duration=0.12157240000669844>
279.2587 	EXP 	fixation: autoDraw = False
279.2587 	EXP 	cue_text: autoDraw = True
279.5587 	EXP 	cue_text: autoDraw = False
279.8589 	INFO 	Keyboard events cleared
279.8588 	EXP 	target: autoDraw = True
280.8425 	EXP 	Device response: <KeyPress from None: t=280.83688420002, value=left, duration=None>
280.8427 	EXP 	New trial (rep=17, index=5): <Trial 175 (5 in rep 17) data={'cue_arrow': '→', 'target_x': 0.5, 'condition': 'valid', 'corr_Ans': 'right', 'thisN': 175, 'thisTrialN': 5, 'thisRepN': 17}>
280.8462 	DATA 	Keypress: left
280.8587 	EXP 	fixation: autoDraw = False
280.8587 	EXP 	cue_text: autoDraw = False
280.8587 	EXP 	target: autoDraw = False
280.8587 	EXP 	cue_text: height = np.float64(0.1)
280.8587 	EXP 	cue_text: height = np.float64(0.1)
280.8587 	EXP 	cue_text: height = np.float64(0.1)
280.8587 	EXP 	cue_text: text = '→'
280.8587 	EXP 	fixation: autoDraw = True
280.9258 	EXP 	Device response: <KeyPress from None: t=280.83688420002, value=left, duration=0.07281019998481497>
281.3423 	EXP 	fixation: autoDraw = False
281.3423 	EXP 	cue_text: autoDraw = True
281.6421 	EXP 	cue_text: autoDraw = False
281.9423 	INFO 	Keyboard events cleared
281.9422 	EXP 	target: autoDraw = True
282.3925 	EXP 	Device response: <KeyPress from None: t=282.3915341999964, value=right, duration=None>
282.3928 	EXP 	New trial (rep=17, index=6): <Trial 176 (6 in rep 17) data={'cue_arrow': '←', 'target_x': -0.5, 'condition': 'valid', 'corr_Ans': 'left', 'thisN': 176, 'thisTrialN': 6, 'thisRepN': 17}>
282.3962 	DATA 	Keypress: right
282.4086 	EXP 	fixation: autoDraw = False
282.4086 	EXP 	cue_text: autoDraw = False
282.4086 	EXP 	target: autoDraw = False
282.4086 	EXP 	cue_text: height = np.float64(0.1)
282.4086 	EXP 	cue_text: height = np.float64(0.1)
282.4086 	EXP 	cue_text: height = np.float64(0.1)
282.4086 	EXP 	cue_text: text = '←'
282.4086 	EXP 	fixation: autoDraw = True
282.5589 	EXP 	Device response: <KeyPress from None: t=282.3915341999964, value=right, duration=0.1545316000119783>
282.8945 	EXP 	fixation: autoDraw = False
282.8945 	EXP 	cue_text: autoDraw = True
283.1921 	EXP 	cue_text: autoDraw = False
283.4923 	INFO 	Keyboard events cleared
283.4922 	EXP 	target: autoDraw = True
283.8257 	EXP 	Device response: <KeyPress from None: t=283.81858099999954, value=left, duration=None>
283.8259 	EXP 	New trial (rep=17, index=7): <Trial 177 (7 in rep 17) data={'cue_arrow': '→', 'target_x': 0.5, 'condition': 'valid', 'corr_Ans': 'right', 'thisN': 177, 'thisTrialN': 7, 'thisRepN': 17}>
283.8282 	DATA 	Keypress: left
283.8420 	EXP 	fixation: autoDraw = False
283.8420 	EXP 	cue_text: autoDraw = False
283.8420 	EXP 	target: autoDraw = False
283.8420 	EXP 	cue_text: height = np.float64(0.1)
283.8420 	EXP 	cue_text: height = np.float64(0.1)
283.8420 	EXP 	cue_text: height = np.float64(0.1)
283.8420 	EXP 	cue_text: text = '→'
283.8420 	EXP 	fixation: autoDraw = True
283.9423 	EXP 	Device response: <KeyPress from None: t=283.81858099999954, value=left, duration=0.1171193000045605>
284.3255 	EXP 	fixation: autoDraw = False
284.3255 	EXP 	cue_text: autoDraw = True
284.6255 	EXP 	cue_text: autoDraw = False
284.9257 	INFO 	Keyboard events cleared
284.9255 	EXP 	target: autoDraw = True
285.3429 	EXP 	Device response: <KeyPress from None: t=285.33041560000856, value=right, duration=None>
285.3432 	EXP 	New trial (rep=17, index=8): <Trial 178 (8 in rep 17) data={'cue_arrow': '→', 'target_x': 0.5, 'condition': 'valid', 'corr_Ans': 'right', 'thisN': 178, 'thisTrialN': 8, 'thisRepN': 17}>
285.3444 	DATA 	Keypress: right
285.3588 	EXP 	fixation: autoDraw = False
285.3588 	EXP 	cue_text: autoDraw = False
285.3588 	EXP 	target: autoDraw = False
285.3588 	EXP 	cue_text: text = '→'
285.3588 	EXP 	fixation: autoDraw = True
285.4259 	EXP 	Device response: <KeyPress from None: t=285.33041560000856, value=right, duration=0.09064999999827705>
285.8422 	EXP 	fixation: autoDraw = False
285.8422 	EXP 	cue_text: autoDraw = True
286.1422 	EXP 	cue_text: autoDraw = False
286.4423 	INFO 	Keyboard events cleared
286.4422 	EXP 	target: autoDraw = True
286.7593 	EXP 	Device response: <KeyPress from None: t=286.7566850000003, value=right, duration=None>
286.7596 	EXP 	New trial (rep=17, index=9): <Trial 179 (9 in rep 17) data={'cue_arrow': '→', 'target_x': 0.5, 'condition': 'valid', 'corr_Ans': 'right', 'thisN': 179, 'thisTrialN': 9, 'thisRepN': 17}>
286.7608 	DATA 	Keypress: right
286.7757 	EXP 	fixation: autoDraw = False
286.7757 	EXP 	cue_text: autoDraw = False
286.7757 	EXP 	target: autoDraw = False
286.7757 	EXP 	cue_text: text = '→'
286.7757 	EXP 	fixation: autoDraw = True
286.9591 	EXP 	Device response: <KeyPress from None: t=286.7566850000003, value=right, duration=0.19496739999158308>
287.2589 	EXP 	fixation: autoDraw = False
287.2589 	EXP 	cue_text: autoDraw = True
287.5588 	EXP 	cue_text: autoDraw = False
287.8627 	INFO 	Keyboard events cleared
287.8625 	EXP 	target: autoDraw = True
288.2425 	EXP 	Device response: <KeyPress from None: t=288.23837890001596, value=right, duration=None>
288.2427 	EXP 	New trial (rep=18, index=0): <Trial 180 (0 in rep 18) data={'cue_arrow': '←', 'target_x': -0.5, 'condition': 'valid', 'corr_Ans': 'left', 'thisN': 180, 'thisTrialN': 0, 'thisRepN': 18}>
288.2457 	DATA 	Keypress: right
288.2588 	EXP 	fixation: autoDraw = False
288.2588 	EXP 	cue_text: autoDraw = False
288.2588 	EXP 	target: autoDraw = False
288.2588 	EXP 	cue_text: height = np.float64(0.1)
288.2588 	EXP 	cue_text: height = np.float64(0.1)
288.2588 	EXP 	cue_text: height = np.float64(0.1)
288.2588 	EXP 	cue_text: text = '←'
288.2588 	EXP 	fixation: autoDraw = True
288.3758 	EXP 	Device response: <KeyPress from None: t=288.23837890001596, value=right, duration=0.1281033999985084>
288.7419 	EXP 	fixation: autoDraw = False
288.7419 	EXP 	cue_text: autoDraw = True
289.0420 	EXP 	cue_text: autoDraw = False
289.3426 	INFO 	Keyboard events cleared
289.3425 	EXP 	target: autoDraw = True
289.6925 	EXP 	Device response: <KeyPress from None: t=289.6884115000139, value=left, duration=None>
289.6928 	EXP 	New trial (rep=18, index=1): <Trial 181 (1 in rep 18) data={'cue_arrow': '←', 'target_x': -0.5, 'condition': 'valid', 'corr_Ans': 'left', 'thisN': 181, 'thisTrialN': 1, 'thisRepN': 18}>
289.6938 	DATA 	Keypress: left
289.7088 	EXP 	fixation: autoDraw = False
289.7088 	EXP 	cue_text: autoDraw = False
289.7088 	EXP 	target: autoDraw = False
289.7088 	EXP 	cue_text: text = '←'
289.7088 	EXP 	fixation: autoDraw = True
289.8592 	EXP 	Device response: <KeyPress from None: t=289.6884115000139, value=left, duration=0.16005679999943823>
290.1921 	EXP 	fixation: autoDraw = False
290.1921 	EXP 	cue_text: autoDraw = True
290.4922 	EXP 	cue_text: autoDraw = False
290.7923 	INFO 	Keyboard events cleared
290.7922 	EXP 	target: autoDraw = True
291.3094 	EXP 	Device response: <KeyPress from None: t=291.3038652999967, value=left, duration=None>
291.3097 	EXP 	New trial (rep=18, index=2): <Trial 182 (2 in rep 18) data={'cue_arrow': '←', 'target_x': -0.5, 'condition': 'valid', 'corr_Ans': 'left', 'thisN': 182, 'thisTrialN': 2, 'thisRepN': 18}>
291.3109 	DATA 	Keypress: left
291.3255 	EXP 	fixation: autoDraw = False
291.3255 	EXP 	cue_text: autoDraw = False
291.3255 	EXP 	target: autoDraw = False
291.3255 	EXP 	cue_text: text = '←'
291.3255 	EXP 	fixation: autoDraw = True
291.5094 	EXP 	Device response: <KeyPress from None: t=291.3038652999967, value=left, duration=0.1894689000037033>
291.8091 	EXP 	fixation: autoDraw = False
291.8091 	EXP 	cue_text: autoDraw = True
292.1091 	EXP 	cue_text: autoDraw = False
292.4090 	INFO 	Keyboard events cleared
292.4089 	EXP 	target: autoDraw = True
292.7760 	EXP 	Device response: <KeyPress from None: t=292.7698694000137, value=left, duration=None>
292.7763 	EXP 	New trial (rep=18, index=3): <Trial 183 (3 in rep 18) data={'cue_arrow': '→', 'target_x': 0.5, 'condition': 'valid', 'corr_Ans': 'right', 'thisN': 183, 'thisTrialN': 3, 'thisRepN': 18}>
292.7791 	DATA 	Keypress: left
292.7922 	EXP 	fixation: autoDraw = False
292.7922 	EXP 	cue_text: autoDraw = False
292.7922 	EXP 	target: autoDraw = False
292.7922 	EXP 	cue_text: height = np.float64(0.1)
292.7922 	EXP 	cue_text: height = np.float64(0.1)
292.7922 	EXP 	cue_text: height = np.float64(0.1)
292.7922 	EXP 	cue_text: text = '→'
292.7922 	EXP 	fixation: autoDraw = True
292.9093 	EXP 	Device response: <KeyPress from None: t=292.7698694000137, value=left, duration=0.1231872999924235>
293.2756 	EXP 	fixation: autoDraw = False
293.2756 	EXP 	cue_text: autoDraw = True
293.5755 	EXP 	cue_text: autoDraw = False
293.8757 	INFO 	Keyboard events cleared
293.8755 	EXP 	target: autoDraw = True
294.1593 	EXP 	Device response: <KeyPress from None: t=294.1531688999967, value=right, duration=None>
294.1596 	EXP 	New trial (rep=18, index=4): <Trial 184 (4 in rep 18) data={'cue_arrow': '→', 'target_x': 0.5, 'condition': 'valid', 'corr_Ans': 'right', 'thisN': 184, 'thisTrialN': 4, 'thisRepN': 18}>
294.1608 	DATA 	Keypress: right
294.1754 	EXP 	fixation: autoDraw = False
294.1754 	EXP 	cue_text: autoDraw = False
294.1754 	EXP 	target: autoDraw = False
294.1754 	EXP 	cue_text: text = '→'
294.1754 	EXP 	fixation: autoDraw = True
294.2759 	EXP 	Device response: <KeyPress from None: t=294.1531688999967, value=right, duration=0.12022340000839904>
294.6590 	EXP 	fixation: autoDraw = False
294.6590 	EXP 	cue_text: autoDraw = True
294.9590 	EXP 	cue_text: autoDraw = False
295.2591 	INFO 	Keyboard events cleared
295.2590 	EXP 	target: autoDraw = True
295.5427 	EXP 	Device response: <KeyPress from None: t=295.54013320000377, value=right, duration=None>
295.5430 	EXP 	New trial (rep=18, index=5): <Trial 185 (5 in rep 18) data={'cue_arrow': '→', 'target_x': 0.5, 'condition': 'valid', 'corr_Ans': 'right', 'thisN': 185, 'thisTrialN': 5, 'thisRepN': 18}>
295.5440 	DATA 	Keypress: right
295.5590 	EXP 	fixation: autoDraw = False
295.5590 	EXP 	cue_text: autoDraw = False
295.5590 	EXP 	target: autoDraw = False
295.5590 	EXP 	cue_text: text = '→'
295.5590 	EXP 	fixation: autoDraw = True
295.6927 	EXP 	Device response: <KeyPress from None: t=295.54013320000377, value=right, duration=0.13728090000222437>
296.0426 	EXP 	fixation: autoDraw = False
296.0426 	EXP 	cue_text: autoDraw = True
296.3424 	EXP 	cue_text: autoDraw = False
296.6425 	INFO 	Keyboard events cleared
296.6424 	EXP 	target: autoDraw = True
296.9593 	EXP 	Device response: <KeyPress from None: t=296.95389740000246, value=right, duration=None>
296.9596 	EXP 	New trial (rep=18, index=6): <Trial 186 (6 in rep 18) data={'cue_arrow': '←', 'target_x': 0.5, 'condition': 'invalid', 'corr_Ans': 'right', 'thisN': 186, 'thisTrialN': 6, 'thisRepN': 18}>
296.9623 	DATA 	Keypress: right
296.9757 	EXP 	fixation: autoDraw = False
296.9757 	EXP 	cue_text: autoDraw = False
296.9757 	EXP 	target: autoDraw = False
296.9757 	EXP 	cue_text: height = np.float64(0.1)
296.9757 	EXP 	cue_text: height = np.float64(0.1)
296.9757 	EXP 	cue_text: height = np.float64(0.1)
296.9757 	EXP 	cue_text: text = '←'
296.9757 	EXP 	fixation: autoDraw = True
297.1427 	EXP 	Device response: <KeyPress from None: t=296.95389740000246, value=right, duration=0.18349689999013208>
297.4591 	EXP 	fixation: autoDraw = False
297.4591 	EXP 	cue_text: autoDraw = True
297.7591 	EXP 	cue_text: autoDraw = False
298.0592 	INFO 	Keyboard events cleared
298.0591 	EXP 	target: autoDraw = True
299.3769 	DATA 	Keypress: right
299.3930 	EXP 	Device response: <KeyPress from None: t=299.37582060002023, value=right, duration=None>
299.3933 	EXP 	New trial (rep=18, index=7): <Trial 187 (7 in rep 18) data={'cue_arrow': '→', 'target_x': 0.5, 'condition': 'valid', 'corr_Ans': 'right', 'thisN': 187, 'thisTrialN': 7, 'thisRepN': 18}>
299.4091 	EXP 	fixation: autoDraw = False
299.4091 	EXP 	cue_text: autoDraw = False
299.4091 	EXP 	target: autoDraw = False
299.4091 	EXP 	cue_text: height = np.float64(0.1)
299.4091 	EXP 	cue_text: height = np.float64(0.1)
299.4091 	EXP 	cue_text: height = np.float64(0.1)
299.4091 	EXP 	cue_text: text = '→'
299.4091 	EXP 	fixation: autoDraw = True
299.5429 	EXP 	Device response: <KeyPress from None: t=299.37582060002023, value=right, duration=0.1654003999719862>
299.8927 	EXP 	fixation: autoDraw = False
299.8927 	EXP 	cue_text: autoDraw = True
300.1929 	EXP 	cue_text: autoDraw = False
300.4928 	INFO 	Keyboard events cleared
300.4926 	EXP 	target: autoDraw = True
300.8763 	EXP 	Device response: <KeyPress from None: t=300.8648201000178, value=right, duration=None>
300.8766 	EXP 	New trial (rep=18, index=8): <Trial 188 (8 in rep 18) data={'cue_arrow': '←', 'target_x': -0.5, 'condition': 'valid', 'corr_Ans': 'left', 'thisN': 188, 'thisTrialN': 8, 'thisRepN': 18}>
300.8802 	DATA 	Keypress: right
300.8925 	EXP 	fixation: autoDraw = False
300.8925 	EXP 	cue_text: autoDraw = False
300.8925 	EXP 	target: autoDraw = False
300.8925 	EXP 	cue_text: height = np.float64(0.1)
300.8925 	EXP 	cue_text: height = np.float64(0.1)
300.8925 	EXP 	cue_text: height = np.float64(0.1)
300.8925 	EXP 	cue_text: text = '←'
300.8925 	EXP 	fixation: autoDraw = True
301.0429 	EXP 	Device response: <KeyPress from None: t=300.8648201000178, value=right, duration=0.16490829997928813>
301.3765 	EXP 	fixation: autoDraw = False
301.3765 	EXP 	cue_text: autoDraw = True
301.6763 	EXP 	cue_text: autoDraw = False
301.9760 	INFO 	Keyboard events cleared
301.9759 	EXP 	target: autoDraw = True
302.4263 	EXP 	Device response: <KeyPress from None: t=302.4230815000192, value=left, duration=None>
302.4267 	EXP 	New trial (rep=18, index=9): <Trial 189 (9 in rep 18) data={'cue_arrow': '→', 'target_x': -0.5, 'condition': 'invalid', 'corr_Ans': 'left', 'thisN': 189, 'thisTrialN': 9, 'thisRepN': 18}>
302.4309 	DATA 	Keypress: left
302.4426 	EXP 	fixation: autoDraw = False
302.4426 	EXP 	cue_text: autoDraw = False
302.4426 	EXP 	target: autoDraw = False
302.4426 	EXP 	cue_text: height = np.float64(0.1)
302.4426 	EXP 	cue_text: height = np.float64(0.1)
302.4426 	EXP 	cue_text: height = np.float64(0.1)
302.4426 	EXP 	cue_text: text = '→'
302.4426 	EXP 	fixation: autoDraw = True
302.6095 	EXP 	Device response: <KeyPress from None: t=302.4230815000192, value=left, duration=0.1823753999779001>
302.9259 	EXP 	fixation: autoDraw = False
302.9259 	EXP 	cue_text: autoDraw = True
303.2259 	EXP 	cue_text: autoDraw = False
303.5261 	INFO 	Keyboard events cleared
303.5259 	EXP 	target: autoDraw = True
304.8437 	DATA 	Keypress: left
304.8596 	EXP 	Device response: <KeyPress from None: t=304.84297080000397, value=left, duration=None>
304.8599 	EXP 	New trial (rep=19, index=0): <Trial 190 (0 in rep 19) data={'cue_arrow': '←', 'target_x': -0.5, 'condition': 'valid', 'corr_Ans': 'left', 'thisN': 190, 'thisTrialN': 0, 'thisRepN': 19}>
304.8760 	EXP 	fixation: autoDraw = False
304.8760 	EXP 	cue_text: autoDraw = False
304.8760 	EXP 	target: autoDraw = False
304.8760 	EXP 	cue_text: height = np.float64(0.1)
304.8760 	EXP 	cue_text: height = np.float64(0.1)
304.8760 	EXP 	cue_text: height = np.float64(0.1)
304.8760 	EXP 	cue_text: text = '←'
304.8760 	EXP 	fixation: autoDraw = True
304.9768 	EXP 	Device response: <KeyPress from None: t=304.84297080000397, value=left, duration=0.12176219999673776>
305.3592 	EXP 	fixation: autoDraw = False
305.3592 	EXP 	cue_text: autoDraw = True
305.6592 	EXP 	cue_text: autoDraw = False
305.9594 	INFO 	Keyboard events cleared
305.9592 	EXP 	target: autoDraw = True
306.4096 	EXP 	Device response: <KeyPress from None: t=306.4058170999924, value=left, duration=None>
306.4099 	EXP 	New trial (rep=19, index=1): <Trial 191 (1 in rep 19) data={'cue_arrow': '←', 'target_x': 0.5, 'condition': 'invalid', 'corr_Ans': 'right', 'thisN': 191, 'thisTrialN': 1, 'thisRepN': 19}>
306.4111 	DATA 	Keypress: left
306.4259 	EXP 	fixation: autoDraw = False
306.4259 	EXP 	cue_text: autoDraw = False
306.4259 	EXP 	target: autoDraw = False
306.4259 	EXP 	cue_text: text = '←'
306.4259 	EXP 	fixation: autoDraw = True
306.5428 	EXP 	Device response: <KeyPress from None: t=306.4058170999924, value=left, duration=0.12995800000499003>
306.9092 	EXP 	fixation: autoDraw = False
306.9092 	EXP 	cue_text: autoDraw = True
307.2092 	EXP 	cue_text: autoDraw = False
307.5094 	INFO 	Keyboard events cleared
307.5093 	EXP 	target: autoDraw = True
308.3428 	EXP 	Device response: <KeyPress from None: t=308.342086699995, value=right, duration=None>
308.3432 	EXP 	New trial (rep=19, index=2): <Trial 192 (2 in rep 19) data={'cue_arrow': '→', 'target_x': 0.5, 'condition': 'valid', 'corr_Ans': 'right', 'thisN': 192, 'thisTrialN': 2, 'thisRepN': 19}>
308.3468 	DATA 	Keypress: right
308.3593 	EXP 	fixation: autoDraw = False
308.3593 	EXP 	cue_text: autoDraw = False
308.3593 	EXP 	target: autoDraw = False
308.3593 	EXP 	cue_text: height = np.float64(0.1)
308.3593 	EXP 	cue_text: height = np.float64(0.1)
308.3593 	EXP 	cue_text: height = np.float64(0.1)
308.3593 	EXP 	cue_text: text = '→'
308.3593 	EXP 	fixation: autoDraw = True
308.4598 	EXP 	Device response: <KeyPress from None: t=308.342086699995, value=right, duration=0.10433540001395158>
308.8426 	EXP 	fixation: autoDraw = False
308.8426 	EXP 	cue_text: autoDraw = True
309.1426 	EXP 	cue_text: autoDraw = False
309.4427 	INFO 	Keyboard events cleared
309.4426 	EXP 	target: autoDraw = True
310.0100 	EXP 	Device response: <KeyPress from None: t=309.99382360000163, value=right, duration=None>
310.0103 	EXP 	New trial (rep=19, index=3): <Trial 193 (3 in rep 19) data={'cue_arrow': '←', 'target_x': -0.5, 'condition': 'valid', 'corr_Ans': 'left', 'thisN': 193, 'thisTrialN': 3, 'thisRepN': 19}>
310.0135 	DATA 	Keypress: right
310.0258 	EXP 	fixation: autoDraw = False
310.0258 	EXP 	cue_text: autoDraw = False
310.0258 	EXP 	target: autoDraw = False
310.0258 	EXP 	cue_text: height = np.float64(0.1)
310.0258 	EXP 	cue_text: height = np.float64(0.1)
310.0258 	EXP 	cue_text: height = np.float64(0.1)
310.0258 	EXP 	cue_text: text = '←'
310.0258 	EXP 	fixation: autoDraw = True
310.1597 	EXP 	Device response: <KeyPress from None: t=309.99382360000163, value=right, duration=0.14949380001053214>
310.5096 	EXP 	fixation: autoDraw = False
310.5096 	EXP 	cue_text: autoDraw = True
310.8093 	EXP 	cue_text: autoDraw = False
311.1260 	INFO 	Keyboard events cleared
311.1258 	EXP 	target: autoDraw = True
311.6261 	EXP 	Device response: <KeyPress from None: t=311.62512149999384, value=left, duration=None>
311.6264 	EXP 	New trial (rep=19, index=4): <Trial 194 (4 in rep 19) data={'cue_arrow': '←', 'target_x': -0.5, 'condition': 'valid', 'corr_Ans': 'left', 'thisN': 194, 'thisTrialN': 4, 'thisRepN': 19}>
311.6275 	DATA 	Keypress: left
311.6426 	EXP 	fixation: autoDraw = False
311.6426 	EXP 	cue_text: autoDraw = False
311.6426 	EXP 	target: autoDraw = False
311.6426 	EXP 	cue_text: text = '←'
311.6426 	EXP 	fixation: autoDraw = True
311.7766 	EXP 	Device response: <KeyPress from None: t=311.62512149999384, value=left, duration=0.14962690000538714>
312.1262 	EXP 	fixation: autoDraw = False
312.1262 	EXP 	cue_text: autoDraw = True
312.4263 	EXP 	cue_text: autoDraw = False
312.7260 	INFO 	Keyboard events cleared
312.7259 	EXP 	target: autoDraw = True
313.1263 	EXP 	Device response: <KeyPress from None: t=313.1156062000082, value=left, duration=None>
313.1265 	EXP 	New trial (rep=19, index=5): <Trial 195 (5 in rep 19) data={'cue_arrow': '→', 'target_x': 0.5, 'condition': 'valid', 'corr_Ans': 'right', 'thisN': 195, 'thisTrialN': 5, 'thisRepN': 19}>
313.1304 	DATA 	Keypress: left
313.1426 	EXP 	fixation: autoDraw = False
313.1426 	EXP 	cue_text: autoDraw = False
313.1426 	EXP 	target: autoDraw = False
313.1426 	EXP 	cue_text: height = np.float64(0.1)
313.1426 	EXP 	cue_text: height = np.float64(0.1)
313.1426 	EXP 	cue_text: height = np.float64(0.1)
313.1426 	EXP 	cue_text: text = '→'
313.1426 	EXP 	fixation: autoDraw = True
313.2767 	EXP 	Device response: <KeyPress from None: t=313.1156062000082, value=left, duration=0.1503188000060618>
313.6264 	EXP 	fixation: autoDraw = False
313.6264 	EXP 	cue_text: autoDraw = True
313.9260 	EXP 	cue_text: autoDraw = False
314.2267 	INFO 	Keyboard events cleared
314.2265 	EXP 	target: autoDraw = True
314.4764 	EXP 	Device response: <KeyPress from None: t=314.47139530000277, value=right, duration=None>
314.4766 	EXP 	New trial (rep=19, index=6): <Trial 196 (6 in rep 19) data={'cue_arrow': '→', 'target_x': -0.5, 'condition': 'invalid', 'corr_Ans': 'left', 'thisN': 196, 'thisTrialN': 6, 'thisRepN': 19}>
314.4777 	DATA 	Keypress: right
314.4928 	EXP 	fixation: autoDraw = False
314.4928 	EXP 	cue_text: autoDraw = False
314.4928 	EXP 	target: autoDraw = False
314.4928 	EXP 	cue_text: text = '→'
314.4928 	EXP 	fixation: autoDraw = True
314.6263 	EXP 	Device response: <KeyPress from None: t=314.47139530000277, value=right, duration=0.15343080001184717>
314.9760 	EXP 	fixation: autoDraw = False
314.9760 	EXP 	cue_text: autoDraw = True
315.2761 	EXP 	cue_text: autoDraw = False
315.5761 	INFO 	Keyboard events cleared
315.5760 	EXP 	target: autoDraw = True
316.9940 	EXP 	Device response: <KeyPress from None: t=316.98620410001604, value=left, duration=None>
316.9945 	EXP 	New trial (rep=19, index=7): <Trial 197 (7 in rep 19) data={'cue_arrow': '→', 'target_x': 0.5, 'condition': 'valid', 'corr_Ans': 'right', 'thisN': 197, 'thisTrialN': 7, 'thisRepN': 19}>
316.9957 	DATA 	Keypress: left
317.0098 	EXP 	fixation: autoDraw = False
317.0098 	EXP 	cue_text: autoDraw = False
317.0098 	EXP 	target: autoDraw = False
317.0098 	EXP 	cue_text: text = '→'
317.0098 	EXP 	fixation: autoDraw = True
317.1442 	EXP 	Device response: <KeyPress from None: t=316.98620410001604, value=left, duration=0.1482510999776423>
317.4945 	EXP 	fixation: autoDraw = False
317.4945 	EXP 	cue_text: autoDraw = True
317.7941 	EXP 	cue_text: autoDraw = False
318.1108 	INFO 	Keyboard events cleared
318.1106 	EXP 	target: autoDraw = True
318.3772 	EXP 	Device response: <KeyPress from None: t=318.36462680000113, value=right, duration=None>
318.3776 	EXP 	New trial (rep=19, index=8): <Trial 198 (8 in rep 19) data={'cue_arrow': '←', 'target_x': -0.5, 'condition': 'valid', 'corr_Ans': 'left', 'thisN': 198, 'thisTrialN': 8, 'thisRepN': 19}>
318.3803 	DATA 	Keypress: right
318.3948 	EXP 	fixation: autoDraw = False
318.3948 	EXP 	cue_text: autoDraw = False
318.3948 	EXP 	target: autoDraw = False
318.3948 	EXP 	cue_text: height = np.float64(0.1)
318.3948 	EXP 	cue_text: height = np.float64(0.1)
318.3948 	EXP 	cue_text: height = np.float64(0.1)
318.3948 	EXP 	cue_text: text = '←'
318.3948 	EXP 	fixation: autoDraw = True
318.5101 	EXP 	Device response: <KeyPress from None: t=318.36462680000113, value=right, duration=0.13919499999610707>
318.8765 	EXP 	fixation: autoDraw = False
318.8765 	EXP 	cue_text: autoDraw = True
319.1942 	EXP 	cue_text: autoDraw = False
319.4785 	INFO 	Keyboard events cleared
319.4783 	EXP 	target: autoDraw = True
319.7943 	EXP 	Device response: <KeyPress from None: t=319.78443040000275, value=left, duration=None>
319.7946 	EXP 	New trial (rep=19, index=9): <Trial 199 (9 in rep 19) data={'cue_arrow': '→', 'target_x': 0.5, 'condition': 'valid', 'corr_Ans': 'right', 'thisN': 199, 'thisTrialN': 9, 'thisRepN': 19}>
319.7987 	DATA 	Keypress: left
319.8104 	EXP 	fixation: autoDraw = False
319.8104 	EXP 	cue_text: autoDraw = False
319.8104 	EXP 	target: autoDraw = False
319.8104 	EXP 	cue_text: height = np.float64(0.1)
319.8104 	EXP 	cue_text: height = np.float64(0.1)
319.8104 	EXP 	cue_text: height = np.float64(0.1)
319.8104 	EXP 	cue_text: text = '→'
319.8104 	EXP 	fixation: autoDraw = True
319.9440 	EXP 	Device response: <KeyPress from None: t=319.78443040000275, value=left, duration=0.15394180000294>
320.3097 	EXP 	fixation: autoDraw = False
320.3097 	EXP 	cue_text: autoDraw = True
320.6100 	EXP 	cue_text: autoDraw = False
320.9107 	INFO 	Keyboard events cleared
320.9105 	EXP 	target: autoDraw = True
321.2438 	EXP 	Device response: <KeyPress from None: t=321.237792800006, value=right, duration=None>
321.2443 	EXP 	New trial (rep=20, index=0): <Trial 200 (0 in rep 20) data={'cue_arrow': '→', 'target_x': 0.5, 'condition': 'valid', 'corr_Ans': 'right', 'thisN': 200, 'thisTrialN': 0, 'thisRepN': 20}>
321.2460 	DATA 	Keypress: right
321.2599 	EXP 	fixation: autoDraw = False
321.2599 	EXP 	cue_text: autoDraw = False
321.2599 	EXP 	target: autoDraw = False
321.2599 	EXP 	cue_text: text = '→'
321.2599 	EXP 	fixation: autoDraw = True
321.3441 	EXP 	Device response: <KeyPress from None: t=321.237792800006, value=right, duration=0.09834990001400001>
321.7432 	EXP 	fixation: autoDraw = False
321.7432 	EXP 	cue_text: autoDraw = True
322.0445 	EXP 	cue_text: autoDraw = False
322.3447 	INFO 	Keyboard events cleared
322.3445 	EXP 	target: autoDraw = True
322.7108 	EXP 	Device response: <KeyPress from None: t=322.69950109999627, value=right, duration=None>
322.7112 	EXP 	New trial (rep=20, index=1): <Trial 201 (1 in rep 20) data={'cue_arrow': '→', 'target_x': -0.5, 'condition': 'invalid', 'corr_Ans': 'left', 'thisN': 201, 'thisTrialN': 1, 'thisRepN': 20}>
322.7125 	DATA 	Keypress: right
322.7272 	EXP 	fixation: autoDraw = False
322.7272 	EXP 	cue_text: autoDraw = False
322.7272 	EXP 	target: autoDraw = False
322.7272 	EXP 	cue_text: text = '→'
322.7272 	EXP 	fixation: autoDraw = True
322.8613 	EXP 	Device response: <KeyPress from None: t=322.69950109999627, value=right, duration=0.15102260001003742>
323.2119 	EXP 	fixation: autoDraw = False
323.2119 	EXP 	cue_text: autoDraw = True
323.5097 	EXP 	cue_text: autoDraw = False
323.8116 	INFO 	Keyboard events cleared
323.8114 	EXP 	target: autoDraw = True
324.4946 	EXP 	Device response: <KeyPress from None: t=324.4842859999917, value=left, duration=None>
324.4950 	EXP 	New trial (rep=20, index=2): <Trial 202 (2 in rep 20) data={'cue_arrow': '←', 'target_x': -0.5, 'condition': 'valid', 'corr_Ans': 'left', 'thisN': 202, 'thisTrialN': 2, 'thisRepN': 20}>
324.4988 	DATA 	Keypress: left
324.5103 	EXP 	fixation: autoDraw = False
324.5103 	EXP 	cue_text: autoDraw = False
324.5103 	EXP 	target: autoDraw = False
324.5103 	EXP 	cue_text: height = np.float64(0.1)
324.5103 	EXP 	cue_text: height = np.float64(0.1)
324.5103 	EXP 	cue_text: height = np.float64(0.1)
324.5103 	EXP 	cue_text: text = '←'
324.5103 	EXP 	fixation: autoDraw = True
324.6608 	EXP 	Device response: <KeyPress from None: t=324.4842859999917, value=left, duration=0.16816970001673326>
324.9945 	EXP 	fixation: autoDraw = False
324.9945 	EXP 	cue_text: autoDraw = True
325.3101 	EXP 	cue_text: autoDraw = False
325.6099 	INFO 	Keyboard events cleared
325.6097 	EXP 	target: autoDraw = True
326.0607 	EXP 	Device response: <KeyPress from None: t=326.04619439999806, value=left, duration=None>
326.0610 	EXP 	New trial (rep=20, index=3): <Trial 203 (3 in rep 20) data={'cue_arrow': '←', 'target_x': -0.5, 'condition': 'valid', 'corr_Ans': 'left', 'thisN': 203, 'thisTrialN': 3, 'thisRepN': 20}>
326.0625 	DATA 	Keypress: left
326.0766 	EXP 	fixation: autoDraw = False
326.0766 	EXP 	cue_text: autoDraw = False
326.0766 	EXP 	target: autoDraw = False
326.0766 	EXP 	cue_text: text = '←'
326.0766 	EXP 	fixation: autoDraw = True
326.2598 	EXP 	Device response: <KeyPress from None: t=326.04619439999806, value=left, duration=0.19918930000858381>
326.5761 	EXP 	fixation: autoDraw = False
326.5761 	EXP 	cue_text: autoDraw = True
326.8762 	EXP 	cue_text: autoDraw = False
327.1763 	INFO 	Keyboard events cleared
327.1762 	EXP 	target: autoDraw = True
327.5599 	EXP 	Device response: <KeyPress from None: t=327.54700680001406, value=left, duration=None>
327.5601 	EXP 	New trial (rep=20, index=4): <Trial 204 (4 in rep 20) data={'cue_arrow': '→', 'target_x': 0.5, 'condition': 'valid', 'corr_Ans': 'right', 'thisN': 204, 'thisTrialN': 4, 'thisRepN': 20}>
327.5628 	DATA 	Keypress: left
327.5762 	EXP 	fixation: autoDraw = False
327.5762 	EXP 	cue_text: autoDraw = False
327.5762 	EXP 	target: autoDraw = False
327.5762 	EXP 	cue_text: height = np.float64(0.1)
327.5762 	EXP 	cue_text: height = np.float64(0.1)
327.5762 	EXP 	cue_text: height = np.float64(0.1)
327.5762 	EXP 	cue_text: text = '→'
327.5762 	EXP 	fixation: autoDraw = True
327.7266 	EXP 	Device response: <KeyPress from None: t=327.54700680001406, value=left, duration=0.16994659998454154>
328.0596 	EXP 	fixation: autoDraw = False
328.0596 	EXP 	cue_text: autoDraw = True
328.3597 	EXP 	cue_text: autoDraw = False
328.6598 	INFO 	Keyboard events cleared
328.6596 	EXP 	target: autoDraw = True
329.0267 	EXP 	Device response: <KeyPress from None: t=329.01628800001345, value=right, duration=None>
329.0270 	EXP 	New trial (rep=20, index=5): <Trial 205 (5 in rep 20) data={'cue_arrow': '→', 'target_x': 0.5, 'condition': 'valid', 'corr_Ans': 'right', 'thisN': 205, 'thisTrialN': 5, 'thisRepN': 20}>
329.0280 	DATA 	Keypress: right
329.0434 	EXP 	fixation: autoDraw = False
329.0434 	EXP 	cue_text: autoDraw = False
329.0434 	EXP 	target: autoDraw = False
329.0434 	EXP 	cue_text: text = '→'
329.0434 	EXP 	fixation: autoDraw = True
329.1767 	EXP 	Device response: <KeyPress from None: t=329.01628800001345, value=right, duration=0.1577343999815639>
329.5264 	EXP 	fixation: autoDraw = False
329.5264 	EXP 	cue_text: autoDraw = True
329.8263 	EXP 	cue_text: autoDraw = False
330.1264 	INFO 	Keyboard events cleared
330.1262 	EXP 	target: autoDraw = True
330.4601 	EXP 	Device response: <KeyPress from None: t=330.4527022000111, value=right, duration=None>
330.4605 	EXP 	New trial (rep=20, index=6): <Trial 206 (6 in rep 20) data={'cue_arrow': '←', 'target_x': -0.5, 'condition': 'valid', 'corr_Ans': 'left', 'thisN': 206, 'thisTrialN': 6, 'thisRepN': 20}>
330.4632 	DATA 	Keypress: right
330.4761 	EXP 	fixation: autoDraw = False
330.4761 	EXP 	cue_text: autoDraw = False
330.4761 	EXP 	target: autoDraw = False
330.4761 	EXP 	cue_text: height = np.float64(0.1)
330.4761 	EXP 	cue_text: height = np.float64(0.1)
330.4761 	EXP 	cue_text: height = np.float64(0.1)
330.4761 	EXP 	cue_text: text = '←'
330.4761 	EXP 	fixation: autoDraw = True
330.6602 	EXP 	Device response: <KeyPress from None: t=330.4527022000111, value=right, duration=0.19283980000182055>
330.9598 	EXP 	fixation: autoDraw = False
330.9598 	EXP 	cue_text: autoDraw = True
331.2598 	EXP 	cue_text: autoDraw = False
331.5600 	INFO 	Keyboard events cleared
331.5598 	EXP 	target: autoDraw = True
331.8601 	EXP 	Device response: <KeyPress from None: t=331.8532114000118, value=left, duration=None>
331.8604 	EXP 	New trial (rep=20, index=7): <Trial 207 (7 in rep 20) data={'cue_arrow': '←', 'target_x': 0.5, 'condition': 'invalid', 'corr_Ans': 'right', 'thisN': 207, 'thisTrialN': 7, 'thisRepN': 20}>
331.8615 	DATA 	Keypress: left
331.8763 	EXP 	fixation: autoDraw = False
331.8763 	EXP 	cue_text: autoDraw = False
331.8763 	EXP 	target: autoDraw = False
331.8763 	EXP 	cue_text: text = '←'
331.8763 	EXP 	fixation: autoDraw = True
331.9933 	EXP 	Device response: <KeyPress from None: t=331.8532114000118, value=left, duration=0.1316608999914024>
332.3597 	EXP 	fixation: autoDraw = False
332.3597 	EXP 	cue_text: autoDraw = True
332.6597 	EXP 	cue_text: autoDraw = False
332.9597 	INFO 	Keyboard events cleared
332.9596 	EXP 	target: autoDraw = True
333.3936 	EXP 	Device response: <KeyPress from None: t=333.38204759999644, value=right, duration=None>
333.3940 	EXP 	New trial (rep=20, index=8): <Trial 208 (8 in rep 20) data={'cue_arrow': '→', 'target_x': 0.5, 'condition': 'valid', 'corr_Ans': 'right', 'thisN': 208, 'thisTrialN': 8, 'thisRepN': 20}>
333.3986 	DATA 	Keypress: right
333.4098 	EXP 	fixation: autoDraw = False
333.4098 	EXP 	cue_text: autoDraw = False
333.4098 	EXP 	target: autoDraw = False
333.4098 	EXP 	cue_text: height = np.float64(0.1)
333.4098 	EXP 	cue_text: height = np.float64(0.1)
333.4098 	EXP 	cue_text: height = np.float64(0.1)
333.4098 	EXP 	cue_text: text = '→'
333.4098 	EXP 	fixation: autoDraw = True
333.5275 	EXP 	Device response: <KeyPress from None: t=333.38204759999644, value=right, duration=0.14124620001530275>
333.8930 	EXP 	fixation: autoDraw = False
333.8930 	EXP 	cue_text: autoDraw = True
334.2097 	EXP 	cue_text: autoDraw = False
334.4930 	INFO 	Keyboard events cleared
334.4929 	EXP 	target: autoDraw = True
334.7767 	EXP 	Device response: <KeyPress from None: t=334.76850010000635, value=right, duration=None>
334.7770 	EXP 	New trial (rep=20, index=9): <Trial 209 (9 in rep 20) data={'cue_arrow': '←', 'target_x': -0.5, 'condition': 'valid', 'corr_Ans': 'left', 'thisN': 209, 'thisTrialN': 9, 'thisRepN': 20}>
334.7799 	DATA 	Keypress: right
334.7930 	EXP 	fixation: autoDraw = False
334.7930 	EXP 	cue_text: autoDraw = False
334.7930 	EXP 	target: autoDraw = False
334.7930 	EXP 	cue_text: height = np.float64(0.1)
334.7930 	EXP 	cue_text: height = np.float64(0.1)
334.7930 	EXP 	cue_text: height = np.float64(0.1)
334.7930 	EXP 	cue_text: text = '←'
334.7930 	EXP 	fixation: autoDraw = True
334.8934 	EXP 	Device response: <KeyPress from None: t=334.76850010000635, value=right, duration=0.12417749999440275>
335.2763 	EXP 	fixation: autoDraw = False
335.2763 	EXP 	cue_text: autoDraw = True
335.5764 	EXP 	cue_text: autoDraw = False
335.8766 	INFO 	Keyboard events cleared
335.8764 	EXP 	target: autoDraw = True
336.1099 	EXP 	Device response: <KeyPress from None: t=336.0981977000192, value=left, duration=None>
336.1102 	EXP 	New trial (rep=21, index=0): <Trial 210 (0 in rep 21) data={'cue_arrow': '→', 'target_x': 0.5, 'condition': 'valid', 'corr_Ans': 'right', 'thisN': 210, 'thisTrialN': 0, 'thisRepN': 21}>
336.1129 	DATA 	Keypress: left
336.1263 	EXP 	fixation: autoDraw = False
336.1263 	EXP 	cue_text: autoDraw = False
336.1263 	EXP 	target: autoDraw = False
336.1263 	EXP 	cue_text: height = np.float64(0.1)
336.1263 	EXP 	cue_text: height = np.float64(0.1)
336.1263 	EXP 	cue_text: height = np.float64(0.1)
336.1263 	EXP 	cue_text: text = '→'
336.1263 	EXP 	fixation: autoDraw = True
336.2767 	EXP 	Device response: <KeyPress from None: t=336.0981977000192, value=left, duration=0.17090309999184683>
336.6096 	EXP 	fixation: autoDraw = False
336.6096 	EXP 	cue_text: autoDraw = True
336.9095 	EXP 	cue_text: autoDraw = False
337.2097 	INFO 	Keyboard events cleared
337.2096 	EXP 	target: autoDraw = True
337.4935 	EXP 	Device response: <KeyPress from None: t=337.477675800008, value=right, duration=None>
337.4937 	EXP 	New trial (rep=21, index=1): <Trial 211 (1 in rep 21) data={'cue_arrow': '←', 'target_x': -0.5, 'condition': 'valid', 'corr_Ans': 'left', 'thisN': 211, 'thisTrialN': 1, 'thisRepN': 21}>
337.4964 	DATA 	Keypress: right
337.5097 	EXP 	fixation: autoDraw = False
337.5097 	EXP 	cue_text: autoDraw = False
337.5097 	EXP 	target: autoDraw = False
337.5097 	EXP 	cue_text: height = np.float64(0.1)
337.5097 	EXP 	cue_text: height = np.float64(0.1)
337.5097 	EXP 	cue_text: height = np.float64(0.1)
337.5097 	EXP 	cue_text: text = '←'
337.5097 	EXP 	fixation: autoDraw = True
337.5933 	EXP 	Device response: <KeyPress from None: t=337.477675800008, value=right, duration=0.10168729998986237>
337.9931 	EXP 	fixation: autoDraw = False
337.9931 	EXP 	cue_text: autoDraw = True
338.2931 	EXP 	cue_text: autoDraw = False
338.5932 	INFO 	Keyboard events cleared
338.5930 	EXP 	target: autoDraw = True
338.8434 	EXP 	Device response: <KeyPress from None: t=338.8321784000145, value=left, duration=None>
338.8437 	EXP 	New trial (rep=21, index=2): <Trial 212 (2 in rep 21) data={'cue_arrow': '→', 'target_x': 0.5, 'condition': 'valid', 'corr_Ans': 'right', 'thisN': 212, 'thisTrialN': 2, 'thisRepN': 21}>
338.8471 	DATA 	Keypress: left
338.8596 	EXP 	fixation: autoDraw = False
338.8596 	EXP 	cue_text: autoDraw = False
338.8596 	EXP 	target: autoDraw = False
338.8596 	EXP 	cue_text: height = np.float64(0.1)
338.8596 	EXP 	cue_text: height = np.float64(0.1)
338.8596 	EXP 	cue_text: height = np.float64(0.1)
338.8596 	EXP 	cue_text: text = '→'
338.8596 	EXP 	fixation: autoDraw = True
338.9935 	EXP 	Device response: <KeyPress from None: t=338.8321784000145, value=left, duration=0.145532299997285>
339.3431 	EXP 	fixation: autoDraw = False
339.3431 	EXP 	cue_text: autoDraw = True
339.6431 	EXP 	cue_text: autoDraw = False
339.9431 	INFO 	Keyboard events cleared
339.9430 	EXP 	target: autoDraw = True
340.2268 	EXP 	Device response: <KeyPress from None: t=340.2166787000024, value=right, duration=None>
340.2270 	EXP 	New trial (rep=21, index=3): <Trial 213 (3 in rep 21) data={'cue_arrow': '←', 'target_x': -0.5, 'condition': 'valid', 'corr_Ans': 'left', 'thisN': 213, 'thisTrialN': 3, 'thisRepN': 21}>
340.2296 	DATA 	Keypress: right
340.2430 	EXP 	fixation: autoDraw = False
340.2430 	EXP 	cue_text: autoDraw = False
340.2430 	EXP 	target: autoDraw = False
340.2430 	EXP 	cue_text: height = np.float64(0.1)
340.2430 	EXP 	cue_text: height = np.float64(0.1)
340.2430 	EXP 	cue_text: height = np.float64(0.1)
340.2430 	EXP 	cue_text: text = '←'
340.2430 	EXP 	fixation: autoDraw = True
340.3768 	EXP 	Device response: <KeyPress from None: t=340.2166787000024, value=right, duration=0.1446523999911733>
340.7265 	EXP 	fixation: autoDraw = False
340.7265 	EXP 	cue_text: autoDraw = True
341.0266 	EXP 	cue_text: autoDraw = False
341.3266 	INFO 	Keyboard events cleared
341.3265 	EXP 	target: autoDraw = True
341.6601 	EXP 	Device response: <KeyPress from None: t=341.64683870002045, value=left, duration=None>
341.6604 	EXP 	New trial (rep=21, index=4): <Trial 214 (4 in rep 21) data={'cue_arrow': '←', 'target_x': -0.5, 'condition': 'valid', 'corr_Ans': 'left', 'thisN': 214, 'thisTrialN': 4, 'thisRepN': 21}>
341.6614 	DATA 	Keypress: left
341.6765 	EXP 	fixation: autoDraw = False
341.6765 	EXP 	cue_text: autoDraw = False
341.6765 	EXP 	target: autoDraw = False
341.6765 	EXP 	cue_text: text = '←'
341.6765 	EXP 	fixation: autoDraw = True
341.8435 	EXP 	Device response: <KeyPress from None: t=341.64683870002045, value=left, duration=0.1814979999908246>
342.1598 	EXP 	fixation: autoDraw = False
342.1598 	EXP 	cue_text: autoDraw = True
342.4597 	EXP 	cue_text: autoDraw = False
342.7600 	INFO 	Keyboard events cleared
342.7599 	EXP 	target: autoDraw = True
343.3770 	EXP 	Device response: <KeyPress from None: t=343.3752875000064, value=left, duration=None>
343.3774 	EXP 	New trial (rep=21, index=5): <Trial 215 (5 in rep 21) data={'cue_arrow': '→', 'target_x': -0.5, 'condition': 'invalid', 'corr_Ans': 'left', 'thisN': 215, 'thisTrialN': 5, 'thisRepN': 21}>
343.3813 	DATA 	Keypress: left
343.3931 	EXP 	fixation: autoDraw = False
343.3931 	EXP 	cue_text: autoDraw = False
343.3931 	EXP 	target: autoDraw = False
343.3931 	EXP 	cue_text: height = np.float64(0.1)
343.3931 	EXP 	cue_text: height = np.float64(0.1)
343.3931 	EXP 	cue_text: height = np.float64(0.1)
343.3931 	EXP 	cue_text: text = '→'
343.3931 	EXP 	fixation: autoDraw = True
343.5268 	EXP 	Device response: <KeyPress from None: t=343.3752875000064, value=left, duration=0.14594930000021122>
343.8766 	EXP 	fixation: autoDraw = False
343.8766 	EXP 	cue_text: autoDraw = True
344.1764 	EXP 	cue_text: autoDraw = False
344.4767 	INFO 	Keyboard events cleared
344.4765 	EXP 	target: autoDraw = True
345.2102 	EXP 	Device response: <KeyPress from None: t=345.19539310000255, value=left, duration=None>
345.2105 	EXP 	New trial (rep=21, index=6): <Trial 216 (6 in rep 21) data={'cue_arrow': '→', 'target_x': 0.5, 'condition': 'valid', 'corr_Ans': 'right', 'thisN': 216, 'thisTrialN': 6, 'thisRepN': 21}>
345.2116 	DATA 	Keypress: left
345.2266 	EXP 	fixation: autoDraw = False
345.2266 	EXP 	cue_text: autoDraw = False
345.2266 	EXP 	target: autoDraw = False
345.2266 	EXP 	cue_text: text = '→'
345.2266 	EXP 	fixation: autoDraw = True
345.3769 	EXP 	Device response: <KeyPress from None: t=345.19539310000255, value=left, duration=0.17792869999539107>
345.7098 	EXP 	fixation: autoDraw = False
345.7098 	EXP 	cue_text: autoDraw = True
346.0099 	EXP 	cue_text: autoDraw = False
346.3100 	INFO 	Keyboard events cleared
346.3099 	EXP 	target: autoDraw = True
346.5768 	EXP 	Device response: <KeyPress from None: t=346.56639550000546, value=right, duration=None>
346.5770 	EXP 	New trial (rep=21, index=7): <Trial 217 (7 in rep 21) data={'cue_arrow': '→', 'target_x': 0.5, 'condition': 'valid', 'corr_Ans': 'right', 'thisN': 217, 'thisTrialN': 7, 'thisRepN': 21}>
346.5780 	DATA 	Keypress: right
346.5932 	EXP 	fixation: autoDraw = False
346.5932 	EXP 	cue_text: autoDraw = False
346.5932 	EXP 	target: autoDraw = False
346.5932 	EXP 	cue_text: text = '→'
346.5932 	EXP 	fixation: autoDraw = True
346.7268 	EXP 	Device response: <KeyPress from None: t=346.56639550000546, value=right, duration=0.14961429999675602>
347.0764 	EXP 	fixation: autoDraw = False
347.0764 	EXP 	cue_text: autoDraw = True
347.3765 	EXP 	cue_text: autoDraw = False
347.6765 	INFO 	Keyboard events cleared
347.6764 	EXP 	target: autoDraw = True
347.9436 	EXP 	Device response: <KeyPress from None: t=347.9426037000085, value=right, duration=None>
347.9439 	EXP 	New trial (rep=21, index=8): <Trial 218 (8 in rep 21) data={'cue_arrow': '←', 'target_x': 0.5, 'condition': 'invalid', 'corr_Ans': 'right', 'thisN': 218, 'thisTrialN': 8, 'thisRepN': 21}>
347.9477 	DATA 	Keypress: right
347.9601 	EXP 	fixation: autoDraw = False
347.9601 	EXP 	cue_text: autoDraw = False
347.9601 	EXP 	target: autoDraw = False
347.9601 	EXP 	cue_text: height = np.float64(0.1)
347.9601 	EXP 	cue_text: height = np.float64(0.1)
347.9601 	EXP 	cue_text: height = np.float64(0.1)
347.9601 	EXP 	cue_text: text = '←'
347.9601 	EXP 	fixation: autoDraw = True
348.1266 	EXP 	Device response: <KeyPress from None: t=347.9426037000085, value=right, duration=0.168470000004163>
348.4432 	EXP 	fixation: autoDraw = False
348.4432 	EXP 	cue_text: autoDraw = True
348.7432 	EXP 	cue_text: autoDraw = False
349.0434 	INFO 	Keyboard events cleared
349.0432 	EXP 	target: autoDraw = True
349.7603 	EXP 	Device response: <KeyPress from None: t=349.7494049000088, value=right, duration=None>
349.7605 	EXP 	New trial (rep=21, index=9): <Trial 219 (9 in rep 21) data={'cue_arrow': '←', 'target_x': -0.5, 'condition': 'valid', 'corr_Ans': 'left', 'thisN': 219, 'thisTrialN': 9, 'thisRepN': 21}>
349.7614 	DATA 	Keypress: right
349.7765 	EXP 	fixation: autoDraw = False
349.7765 	EXP 	cue_text: autoDraw = False
349.7765 	EXP 	target: autoDraw = False
349.7765 	EXP 	cue_text: text = '←'
349.7765 	EXP 	fixation: autoDraw = True
349.9103 	EXP 	Device response: <KeyPress from None: t=349.7494049000088, value=right, duration=0.15293119999114424>
350.2600 	EXP 	fixation: autoDraw = False
350.2600 	EXP 	cue_text: autoDraw = True
350.5600 	EXP 	cue_text: autoDraw = False
350.8605 	INFO 	Keyboard events cleared
350.8604 	EXP 	target: autoDraw = True
351.3270 	EXP 	Device response: <KeyPress from None: t=351.3162551000132, value=left, duration=None>
351.3273 	EXP 	New trial (rep=22, index=0): <Trial 220 (0 in rep 22) data={'cue_arrow': '←', 'target_x': -0.5, 'condition': 'valid', 'corr_Ans': 'left', 'thisN': 220, 'thisTrialN': 0, 'thisRepN': 22}>
351.3286 	DATA 	Keypress: left
351.3435 	EXP 	fixation: autoDraw = False
351.3435 	EXP 	cue_text: autoDraw = False
351.3435 	EXP 	target: autoDraw = False
351.3435 	EXP 	cue_text: text = '←'
351.3435 	EXP 	fixation: autoDraw = True
351.4942 	EXP 	Device response: <KeyPress from None: t=351.3162551000132, value=left, duration=0.16036029998213053>
351.8266 	EXP 	fixation: autoDraw = False
351.8266 	EXP 	cue_text: autoDraw = True
352.1265 	EXP 	cue_text: autoDraw = False
352.4266 	INFO 	Keyboard events cleared
352.4265 	EXP 	target: autoDraw = True
352.7269 	EXP 	Device response: <KeyPress from None: t=352.71844690002035, value=left, duration=None>
352.7272 	EXP 	New trial (rep=22, index=1): <Trial 221 (1 in rep 22) data={'cue_arrow': '→', 'target_x': 0.5, 'condition': 'valid', 'corr_Ans': 'right', 'thisN': 221, 'thisTrialN': 1, 'thisRepN': 22}>
352.7301 	DATA 	Keypress: left
352.7438 	EXP 	fixation: autoDraw = False
352.7438 	EXP 	cue_text: autoDraw = False
352.7438 	EXP 	target: autoDraw = False
352.7438 	EXP 	cue_text: height = np.float64(0.1)
352.7438 	EXP 	cue_text: height = np.float64(0.1)
352.7438 	EXP 	cue_text: height = np.float64(0.1)
352.7438 	EXP 	cue_text: text = '→'
352.7438 	EXP 	fixation: autoDraw = True
352.8937 	EXP 	Device response: <KeyPress from None: t=352.71844690002035, value=left, duration=0.1713939999754075>
353.2271 	EXP 	fixation: autoDraw = False
353.2271 	EXP 	cue_text: autoDraw = True
353.5267 	EXP 	cue_text: autoDraw = False
353.8273 	INFO 	Keyboard events cleared
353.8272 	EXP 	target: autoDraw = True
354.1279 	EXP 	Device response: <KeyPress from None: t=354.11957619999885, value=right, duration=None>
354.1282 	EXP 	New trial (rep=22, index=2): <Trial 222 (2 in rep 22) data={'cue_arrow': '→', 'target_x': -0.5, 'condition': 'invalid', 'corr_Ans': 'left', 'thisN': 222, 'thisTrialN': 2, 'thisRepN': 22}>
354.1291 	DATA 	Keypress: right
354.1436 	EXP 	fixation: autoDraw = False
354.1436 	EXP 	cue_text: autoDraw = False
354.1436 	EXP 	target: autoDraw = False
354.1436 	EXP 	cue_text: text = '→'
354.1436 	EXP 	fixation: autoDraw = True
354.2440 	EXP 	Device response: <KeyPress from None: t=354.11957619999885, value=right, duration=0.10744370002066717>
354.6434 	EXP 	fixation: autoDraw = False
354.6434 	EXP 	cue_text: autoDraw = True
354.9436 	EXP 	cue_text: autoDraw = False
355.2436 	INFO 	Keyboard events cleared
355.2435 	EXP 	target: autoDraw = True
356.1771 	EXP 	Device response: <KeyPress from None: t=356.1646265000163, value=left, duration=None>
356.1773 	EXP 	New trial (rep=22, index=3): <Trial 223 (3 in rep 22) data={'cue_arrow': '→', 'target_x': 0.5, 'condition': 'valid', 'corr_Ans': 'right', 'thisN': 223, 'thisTrialN': 3, 'thisRepN': 22}>
356.1781 	DATA 	Keypress: left
356.1935 	EXP 	fixation: autoDraw = False
356.1935 	EXP 	cue_text: autoDraw = False
356.1935 	EXP 	target: autoDraw = False
356.1935 	EXP 	cue_text: text = '→'
356.1935 	EXP 	fixation: autoDraw = True
356.3102 	EXP 	Device response: <KeyPress from None: t=356.1646265000163, value=left, duration=0.14269969999440946>
356.6766 	EXP 	fixation: autoDraw = False
356.6766 	EXP 	cue_text: autoDraw = True
356.9769 	EXP 	cue_text: autoDraw = False
357.2770 	INFO 	Keyboard events cleared
357.2769 	EXP 	target: autoDraw = True
357.7105 	EXP 	Device response: <KeyPress from None: t=357.6952155000181, value=right, duration=None>
357.7108 	EXP 	New trial (rep=22, index=4): <Trial 224 (4 in rep 22) data={'cue_arrow': '←', 'target_x': 0.5, 'condition': 'invalid', 'corr_Ans': 'right', 'thisN': 224, 'thisTrialN': 4, 'thisRepN': 22}>
357.7136 	DATA 	Keypress: right
357.7268 	EXP 	fixation: autoDraw = False
357.7268 	EXP 	cue_text: autoDraw = False
357.7268 	EXP 	target: autoDraw = False
357.7268 	EXP 	cue_text: height = np.float64(0.1)
357.7268 	EXP 	cue_text: height = np.float64(0.1)
357.7268 	EXP 	cue_text: height = np.float64(0.1)
357.7268 	EXP 	cue_text: text = '←'
357.7268 	EXP 	fixation: autoDraw = True
357.8272 	EXP 	Device response: <KeyPress from None: t=357.6952155000181, value=right, duration=0.12966979999328032>
358.2101 	EXP 	fixation: autoDraw = False
358.2101 	EXP 	cue_text: autoDraw = True
358.5113 	EXP 	cue_text: autoDraw = False
358.8107 	INFO 	Keyboard events cleared
358.8106 	EXP 	target: autoDraw = True
359.9611 	EXP 	Device response: <KeyPress from None: t=359.9516084000061, value=right, duration=None>
359.9614 	EXP 	New trial (rep=22, index=5): <Trial 225 (5 in rep 22) data={'cue_arrow': '→', 'target_x': 0.5, 'condition': 'valid', 'corr_Ans': 'right', 'thisN': 225, 'thisTrialN': 5, 'thisRepN': 22}>
359.9635 	DATA 	Keypress: right
359.9770 	EXP 	fixation: autoDraw = False
359.9770 	EXP 	cue_text: autoDraw = False
359.9770 	EXP 	target: autoDraw = False
359.9770 	EXP 	cue_text: height = np.float64(0.1)
359.9770 	EXP 	cue_text: height = np.float64(0.1)
359.9770 	EXP 	cue_text: height = np.float64(0.1)
359.9770 	EXP 	cue_text: text = '→'
359.9770 	EXP 	fixation: autoDraw = True
360.1441 	EXP 	Device response: <KeyPress from None: t=359.9516084000061, value=right, duration=0.18487520000780933>
360.4768 	EXP 	fixation: autoDraw = False
360.4768 	EXP 	cue_text: autoDraw = True
360.7770 	EXP 	cue_text: autoDraw = False
361.0771 	INFO 	Keyboard events cleared
361.0770 	EXP 	target: autoDraw = True
361.5608 	EXP 	Device response: <KeyPress from None: t=361.5540334999969, value=right, duration=None>
361.5611 	EXP 	New trial (rep=22, index=6): <Trial 226 (6 in rep 22) data={'cue_arrow': '←', 'target_x': -0.5, 'condition': 'valid', 'corr_Ans': 'left', 'thisN': 226, 'thisTrialN': 6, 'thisRepN': 22}>
361.5636 	DATA 	Keypress: right
361.5772 	EXP 	fixation: autoDraw = False
361.5772 	EXP 	cue_text: autoDraw = False
361.5772 	EXP 	target: autoDraw = False
361.5772 	EXP 	cue_text: height = np.float64(0.1)
361.5772 	EXP 	cue_text: height = np.float64(0.1)
361.5772 	EXP 	cue_text: height = np.float64(0.1)
361.5772 	EXP 	cue_text: text = '←'
361.5772 	EXP 	fixation: autoDraw = True
361.6937 	EXP 	Device response: <KeyPress from None: t=361.5540334999969, value=right, duration=0.13317210000241175>
362.0604 	EXP 	fixation: autoDraw = False
362.0604 	EXP 	cue_text: autoDraw = True
362.3604 	EXP 	cue_text: autoDraw = False
362.6604 	INFO 	Keyboard events cleared
362.6603 	EXP 	target: autoDraw = True
363.0108 	EXP 	Device response: <KeyPress from None: t=363.0075165000162, value=left, duration=None>
363.0111 	EXP 	New trial (rep=22, index=7): <Trial 227 (7 in rep 22) data={'cue_arrow': '←', 'target_x': -0.5, 'condition': 'valid', 'corr_Ans': 'left', 'thisN': 227, 'thisTrialN': 7, 'thisRepN': 22}>
363.0123 	DATA 	Keypress: left
363.0271 	EXP 	fixation: autoDraw = False
363.0271 	EXP 	cue_text: autoDraw = False
363.0271 	EXP 	target: autoDraw = False
363.0271 	EXP 	cue_text: text = '←'
363.0271 	EXP 	fixation: autoDraw = True
363.1773 	EXP 	Device response: <KeyPress from None: t=363.0075165000162, value=left, duration=0.15314399998169392>
363.5103 	EXP 	fixation: autoDraw = False
363.5103 	EXP 	cue_text: autoDraw = True
363.8113 	EXP 	cue_text: autoDraw = False
364.1107 	INFO 	Keyboard events cleared
364.1105 	EXP 	target: autoDraw = True
364.4459 	DATA 	Keypress: left
364.4610 	EXP 	Device response: <KeyPress from None: t=364.4446667000011, value=left, duration=None>
364.4614 	EXP 	New trial (rep=22, index=8): <Trial 228 (8 in rep 22) data={'cue_arrow': '→', 'target_x': 0.5, 'condition': 'valid', 'corr_Ans': 'right', 'thisN': 228, 'thisTrialN': 8, 'thisRepN': 22}>
364.4773 	EXP 	fixation: autoDraw = False
364.4773 	EXP 	cue_text: autoDraw = False
364.4773 	EXP 	target: autoDraw = False
364.4773 	EXP 	cue_text: height = np.float64(0.1)
364.4773 	EXP 	cue_text: height = np.float64(0.1)
364.4773 	EXP 	cue_text: height = np.float64(0.1)
364.4773 	EXP 	cue_text: text = '→'
364.4773 	EXP 	fixation: autoDraw = True
364.5940 	EXP 	Device response: <KeyPress from None: t=364.4446667000011, value=left, duration=0.13969290000386536>
364.9769 	EXP 	fixation: autoDraw = False
364.9769 	EXP 	cue_text: autoDraw = True
365.2605 	EXP 	cue_text: autoDraw = False
365.5608 	INFO 	Keyboard events cleared
365.5607 	EXP 	target: autoDraw = True
365.9126 	EXP 	Device response: <KeyPress from None: t=365.9075947999954, value=right, duration=None>
365.9128 	EXP 	New trial (rep=22, index=9): <Trial 229 (9 in rep 22) data={'cue_arrow': '←', 'target_x': -0.5, 'condition': 'valid', 'corr_Ans': 'left', 'thisN': 229, 'thisTrialN': 9, 'thisRepN': 22}>
365.9150 	DATA 	Keypress: right
365.9269 	EXP 	fixation: autoDraw = False
365.9269 	EXP 	cue_text: autoDraw = False
365.9269 	EXP 	target: autoDraw = False
365.9269 	EXP 	cue_text: height = np.float64(0.1)
365.9269 	EXP 	cue_text: height = np.float64(0.1)
365.9269 	EXP 	cue_text: height = np.float64(0.1)
365.9269 	EXP 	cue_text: text = '←'
365.9269 	EXP 	fixation: autoDraw = True
366.0441 	EXP 	Device response: <KeyPress from None: t=365.9075947999954, value=right, duration=0.13043020002078265>
366.4271 	EXP 	fixation: autoDraw = False
366.4271 	EXP 	cue_text: autoDraw = True
366.7270 	EXP 	cue_text: autoDraw = False
367.0272 	INFO 	Keyboard events cleared
367.0271 	EXP 	target: autoDraw = True
367.4440 	EXP 	Device response: <KeyPress from None: t=367.4395127000171, value=left, duration=None>
367.4442 	EXP 	New trial (rep=23, index=0): <Trial 230 (0 in rep 23) data={'cue_arrow': '→', 'target_x': -0.5, 'condition': 'invalid', 'corr_Ans': 'left', 'thisN': 230, 'thisTrialN': 0, 'thisRepN': 23}>
367.4465 	DATA 	Keypress: left
367.4605 	EXP 	fixation: autoDraw = False
367.4605 	EXP 	cue_text: autoDraw = False
367.4605 	EXP 	target: autoDraw = False
367.4605 	EXP 	cue_text: height = np.float64(0.1)
367.4605 	EXP 	cue_text: height = np.float64(0.1)
367.4605 	EXP 	cue_text: height = np.float64(0.1)
367.4605 	EXP 	cue_text: text = '→'
367.4605 	EXP 	fixation: autoDraw = True
367.5773 	EXP 	Device response: <KeyPress from None: t=367.4395127000171, value=left, duration=0.13536509999539703>
367.9439 	EXP 	fixation: autoDraw = False
367.9439 	EXP 	cue_text: autoDraw = True
368.2437 	EXP 	cue_text: autoDraw = False
368.5439 	INFO 	Keyboard events cleared
368.5438 	EXP 	target: autoDraw = True
369.1611 	EXP 	Device response: <KeyPress from None: t=369.1602511999954, value=left, duration=None>
369.1613 	EXP 	New trial (rep=23, index=1): <Trial 231 (1 in rep 23) data={'cue_arrow': '←', 'target_x': -0.5, 'condition': 'valid', 'corr_Ans': 'left', 'thisN': 231, 'thisTrialN': 1, 'thisRepN': 23}>
369.1639 	DATA 	Keypress: left
369.1773 	EXP 	fixation: autoDraw = False
369.1773 	EXP 	cue_text: autoDraw = False
369.1773 	EXP 	target: autoDraw = False
369.1773 	EXP 	cue_text: height = np.float64(0.1)
369.1773 	EXP 	cue_text: height = np.float64(0.1)
369.1773 	EXP 	cue_text: height = np.float64(0.1)
369.1773 	EXP 	cue_text: text = '←'
369.1773 	EXP 	fixation: autoDraw = True
369.3446 	EXP 	Device response: <KeyPress from None: t=369.1602511999954, value=left, duration=0.16882810002425686>
369.6607 	EXP 	fixation: autoDraw = False
369.6607 	EXP 	cue_text: autoDraw = True
369.9606 	EXP 	cue_text: autoDraw = False
370.2607 	INFO 	Keyboard events cleared
370.2606 	EXP 	target: autoDraw = True
370.9941 	EXP 	Device response: <KeyPress from None: t=370.9900183000136, value=left, duration=None>
370.9944 	EXP 	New trial (rep=23, index=2): <Trial 232 (2 in rep 23) data={'cue_arrow': '←', 'target_x': -0.5, 'condition': 'valid', 'corr_Ans': 'left', 'thisN': 232, 'thisTrialN': 2, 'thisRepN': 23}>
370.9953 	DATA 	Keypress: left
371.0108 	EXP 	fixation: autoDraw = False
371.0108 	EXP 	cue_text: autoDraw = False
371.0108 	EXP 	target: autoDraw = False
371.0108 	EXP 	cue_text: text = '←'
371.0108 	EXP 	fixation: autoDraw = True
371.1614 	EXP 	Device response: <KeyPress from None: t=370.9900183000136, value=left, duration=0.16930839998531155>
371.4942 	EXP 	fixation: autoDraw = False
371.4942 	EXP 	cue_text: autoDraw = True
371.7939 	EXP 	cue_text: autoDraw = False
372.0942 	INFO 	Keyboard events cleared
372.0941 	EXP 	target: autoDraw = True
372.6109 	EXP 	Device response: <KeyPress from None: t=372.59569889999693, value=left, duration=None>
372.6112 	EXP 	New trial (rep=23, index=3): <Trial 233 (3 in rep 23) data={'cue_arrow': '→', 'target_x': 0.5, 'condition': 'valid', 'corr_Ans': 'right', 'thisN': 233, 'thisTrialN': 3, 'thisRepN': 23}>
372.6136 	DATA 	Keypress: left
372.6281 	EXP 	fixation: autoDraw = False
372.6281 	EXP 	cue_text: autoDraw = False
372.6281 	EXP 	target: autoDraw = False
372.6281 	EXP 	cue_text: height = np.float64(0.1)
372.6281 	EXP 	cue_text: height = np.float64(0.1)
372.6281 	EXP 	cue_text: height = np.float64(0.1)
372.6281 	EXP 	cue_text: text = '→'
372.6281 	EXP 	fixation: autoDraw = True
372.7787 	EXP 	Device response: <KeyPress from None: t=372.59569889999693, value=left, duration=0.1653054000053089>
373.1110 	EXP 	fixation: autoDraw = False
373.1110 	EXP 	cue_text: autoDraw = True
373.4102 	EXP 	cue_text: autoDraw = False
373.7106 	INFO 	Keyboard events cleared
373.7105 	EXP 	target: autoDraw = True
374.0610 	EXP 	Device response: <KeyPress from None: t=374.0525520000083, value=right, duration=None>
374.0612 	EXP 	New trial (rep=23, index=4): <Trial 234 (4 in rep 23) data={'cue_arrow': '→', 'target_x': 0.5, 'condition': 'valid', 'corr_Ans': 'right', 'thisN': 234, 'thisTrialN': 4, 'thisRepN': 23}>
374.0622 	DATA 	Keypress: right
374.0769 	EXP 	fixation: autoDraw = False
374.0769 	EXP 	cue_text: autoDraw = False
374.0769 	EXP 	target: autoDraw = False
374.0769 	EXP 	cue_text: text = '→'
374.0769 	EXP 	fixation: autoDraw = True
374.2111 	EXP 	Device response: <KeyPress from None: t=374.0525520000083, value=right, duration=0.14340199998696335>
374.5611 	EXP 	fixation: autoDraw = False
374.5611 	EXP 	cue_text: autoDraw = True
374.8605 	EXP 	cue_text: autoDraw = False
375.1607 	INFO 	Keyboard events cleared
375.1605 	EXP 	target: autoDraw = True
375.4438 	EXP 	Device response: <KeyPress from None: t=375.44123950001085, value=right, duration=None>
375.4440 	EXP 	New trial (rep=23, index=5): <Trial 235 (5 in rep 23) data={'cue_arrow': '←', 'target_x': 0.5, 'condition': 'invalid', 'corr_Ans': 'right', 'thisN': 235, 'thisTrialN': 5, 'thisRepN': 23}>
375.4465 	DATA 	Keypress: right
375.4603 	EXP 	fixation: autoDraw = False
375.4603 	EXP 	cue_text: autoDraw = False
375.4603 	EXP 	target: autoDraw = False
375.4603 	EXP 	cue_text: height = np.float64(0.1)
375.4603 	EXP 	cue_text: height = np.float64(0.1)
375.4603 	EXP 	cue_text: height = np.float64(0.1)
375.4603 	EXP 	cue_text: text = '←'
375.4603 	EXP 	fixation: autoDraw = True
375.5939 	EXP 	Device response: <KeyPress from None: t=375.44123950001085, value=right, duration=0.14445200000773184>
375.9436 	EXP 	fixation: autoDraw = False
375.9436 	EXP 	cue_text: autoDraw = True
376.2437 	EXP 	cue_text: autoDraw = False
376.5437 	INFO 	Keyboard events cleared
376.5435 	EXP 	target: autoDraw = True
378.2274 	EXP 	Device response: <KeyPress from None: t=378.2171404999972, value=right, duration=None>
378.2276 	EXP 	New trial (rep=23, index=6): <Trial 236 (6 in rep 23) data={'cue_arrow': '→', 'target_x': 0.5, 'condition': 'valid', 'corr_Ans': 'right', 'thisN': 236, 'thisTrialN': 6, 'thisRepN': 23}>
378.2296 	DATA 	Keypress: right
378.2439 	EXP 	fixation: autoDraw = False
378.2439 	EXP 	cue_text: autoDraw = False
378.2439 	EXP 	target: autoDraw = False
378.2439 	EXP 	cue_text: height = np.float64(0.1)
378.2439 	EXP 	cue_text: height = np.float64(0.1)
378.2439 	EXP 	cue_text: height = np.float64(0.1)
378.2439 	EXP 	cue_text: text = '→'
378.2439 	EXP 	fixation: autoDraw = True
378.3939 	EXP 	Device response: <KeyPress from None: t=378.2171404999972, value=right, duration=0.17205910000484437>
378.7270 	EXP 	fixation: autoDraw = False
378.7270 	EXP 	cue_text: autoDraw = True
379.0271 	EXP 	cue_text: autoDraw = False
379.3270 	INFO 	Keyboard events cleared
379.3269 	EXP 	target: autoDraw = True
380.0107 	EXP 	Device response: <KeyPress from None: t=380.0097276000015, value=right, duration=None>
380.0109 	EXP 	New trial (rep=23, index=7): <Trial 237 (7 in rep 23) data={'cue_arrow': '←', 'target_x': -0.5, 'condition': 'valid', 'corr_Ans': 'left', 'thisN': 237, 'thisTrialN': 7, 'thisRepN': 23}>
380.0133 	DATA 	Keypress: right
380.0268 	EXP 	fixation: autoDraw = False
380.0268 	EXP 	cue_text: autoDraw = False
380.0268 	EXP 	target: autoDraw = False
380.0268 	EXP 	cue_text: height = np.float64(0.1)
380.0268 	EXP 	cue_text: height = np.float64(0.1)
380.0268 	EXP 	cue_text: height = np.float64(0.1)
380.0268 	EXP 	cue_text: text = '←'
380.0268 	EXP 	fixation: autoDraw = True
380.1945 	EXP 	Device response: <KeyPress from None: t=380.0097276000015, value=right, duration=0.17345360000035726>
380.5103 	EXP 	fixation: autoDraw = False
380.5103 	EXP 	cue_text: autoDraw = True
380.8104 	EXP 	cue_text: autoDraw = False
381.1105 	INFO 	Keyboard events cleared
381.1104 	EXP 	target: autoDraw = True
381.4944 	EXP 	Device response: <KeyPress from None: t=381.48885779999546, value=left, duration=None>
381.4947 	EXP 	New trial (rep=23, index=8): <Trial 238 (8 in rep 23) data={'cue_arrow': '←', 'target_x': -0.5, 'condition': 'valid', 'corr_Ans': 'left', 'thisN': 238, 'thisTrialN': 8, 'thisRepN': 23}>
381.4959 	DATA 	Keypress: left
381.5109 	EXP 	fixation: autoDraw = False
381.5109 	EXP 	cue_text: autoDraw = False
381.5109 	EXP 	target: autoDraw = False
381.5109 	EXP 	cue_text: text = '←'
381.5109 	EXP 	fixation: autoDraw = True
381.6774 	EXP 	Device response: <KeyPress from None: t=381.48885779999546, value=left, duration=0.18440350002492778>
381.9937 	EXP 	fixation: autoDraw = False
381.9937 	EXP 	cue_text: autoDraw = True
382.3104 	EXP 	cue_text: autoDraw = False
382.5941 	INFO 	Keyboard events cleared
382.5940 	EXP 	target: autoDraw = True
382.9272 	EXP 	Device response: <KeyPress from None: t=382.9190523000143, value=left, duration=None>
382.9274 	EXP 	New trial (rep=23, index=9): <Trial 239 (9 in rep 23) data={'cue_arrow': '→', 'target_x': 0.5, 'condition': 'valid', 'corr_Ans': 'right', 'thisN': 239, 'thisTrialN': 9, 'thisRepN': 23}>
382.9296 	DATA 	Keypress: left
382.9441 	EXP 	fixation: autoDraw = False
382.9441 	EXP 	cue_text: autoDraw = False
382.9441 	EXP 	target: autoDraw = False
382.9441 	EXP 	cue_text: height = np.float64(0.1)
382.9441 	EXP 	cue_text: height = np.float64(0.1)
382.9441 	EXP 	cue_text: height = np.float64(0.1)
382.9441 	EXP 	cue_text: text = '→'
382.9441 	EXP 	fixation: autoDraw = True
383.0607 	EXP 	Device response: <KeyPress from None: t=382.9190523000143, value=left, duration=0.13971249997848645>
383.4270 	EXP 	fixation: autoDraw = False
383.4270 	EXP 	cue_text: autoDraw = True
383.7271 	EXP 	cue_text: autoDraw = False
384.0270 	INFO 	Keyboard events cleared
384.0269 	EXP 	target: autoDraw = True
384.3940 	EXP 	Device response: <KeyPress from None: t=384.3893272000132, value=right, duration=None>
384.3942 	EXP 	New trial (rep=24, index=0): <Trial 240 (0 in rep 24) data={'cue_arrow': '→', 'target_x': 0.5, 'condition': 'valid', 'corr_Ans': 'right', 'thisN': 240, 'thisTrialN': 0, 'thisRepN': 24}>
384.3951 	DATA 	Keypress: right
384.4106 	EXP 	fixation: autoDraw = False
384.4106 	EXP 	cue_text: autoDraw = False
384.4106 	EXP 	target: autoDraw = False
384.4106 	EXP 	cue_text: text = '→'
384.4106 	EXP 	fixation: autoDraw = True
384.5273 	EXP 	Device response: <KeyPress from None: t=384.3893272000132, value=right, duration=0.12456379999639466>
384.8947 	EXP 	fixation: autoDraw = False
384.8947 	EXP 	cue_text: autoDraw = True
385.1938 	EXP 	cue_text: autoDraw = False
385.4938 	INFO 	Keyboard events cleared
385.4937 	EXP 	target: autoDraw = True
385.8609 	EXP 	Device response: <KeyPress from None: t=385.860004200018, value=right, duration=None>
385.8612 	EXP 	New trial (rep=24, index=1): <Trial 241 (1 in rep 24) data={'cue_arrow': '←', 'target_x': -0.5, 'condition': 'valid', 'corr_Ans': 'left', 'thisN': 241, 'thisTrialN': 1, 'thisRepN': 24}>
385.8638 	DATA 	Keypress: right
385.8770 	EXP 	fixation: autoDraw = False
385.8770 	EXP 	cue_text: autoDraw = False
385.8770 	EXP 	target: autoDraw = False
385.8770 	EXP 	cue_text: height = np.float64(0.1)
385.8770 	EXP 	cue_text: height = np.float64(0.1)
385.8770 	EXP 	cue_text: height = np.float64(0.1)
385.8770 	EXP 	cue_text: text = '←'
385.8770 	EXP 	fixation: autoDraw = True
386.0441 	EXP 	Device response: <KeyPress from None: t=385.860004200018, value=right, duration=0.1798331999743823>
386.3603 	EXP 	fixation: autoDraw = False
386.3603 	EXP 	cue_text: autoDraw = True
386.6607 	EXP 	cue_text: autoDraw = False
386.9604 	INFO 	Keyboard events cleared
386.9602 	EXP 	target: autoDraw = True
387.3944 	EXP 	Device response: <KeyPress from None: t=387.38015010001254, value=left, duration=None>
387.3946 	EXP 	New trial (rep=24, index=2): <Trial 242 (2 in rep 24) data={'cue_arrow': '→', 'target_x': 0.5, 'condition': 'valid', 'corr_Ans': 'right', 'thisN': 242, 'thisTrialN': 2, 'thisRepN': 24}>
387.3968 	DATA 	Keypress: left
387.4107 	EXP 	fixation: autoDraw = False
387.4107 	EXP 	cue_text: autoDraw = False
387.4107 	EXP 	target: autoDraw = False
387.4107 	EXP 	cue_text: height = np.float64(0.1)
387.4107 	EXP 	cue_text: height = np.float64(0.1)
387.4107 	EXP 	cue_text: height = np.float64(0.1)
387.4107 	EXP 	cue_text: text = '→'
387.4107 	EXP 	fixation: autoDraw = True
387.5274 	EXP 	Device response: <KeyPress from None: t=387.38015010001254, value=left, duration=0.1387883999850601>
387.8937 	EXP 	fixation: autoDraw = False
387.8937 	EXP 	cue_text: autoDraw = True
388.1937 	EXP 	cue_text: autoDraw = False
388.4942 	INFO 	Keyboard events cleared
388.4941 	EXP 	target: autoDraw = True
388.9775 	EXP 	Device response: <KeyPress from None: t=388.9619126000034, value=right, duration=None>
388.9777 	EXP 	New trial (rep=24, index=3): <Trial 243 (3 in rep 24) data={'cue_arrow': '←', 'target_x': -0.5, 'condition': 'valid', 'corr_Ans': 'left', 'thisN': 243, 'thisTrialN': 3, 'thisRepN': 24}>
388.9798 	DATA 	Keypress: right
388.9940 	EXP 	fixation: autoDraw = False
388.9940 	EXP 	cue_text: autoDraw = False
388.9940 	EXP 	target: autoDraw = False
388.9940 	EXP 	cue_text: height = np.float64(0.1)
388.9940 	EXP 	cue_text: height = np.float64(0.1)
388.9940 	EXP 	cue_text: height = np.float64(0.1)
388.9940 	EXP 	cue_text: text = '←'
388.9940 	EXP 	fixation: autoDraw = True
389.1441 	EXP 	Device response: <KeyPress from None: t=388.9619126000034, value=right, duration=0.17094119999092072>
389.4771 	EXP 	fixation: autoDraw = False
389.4771 	EXP 	cue_text: autoDraw = True
389.7775 	EXP 	cue_text: autoDraw = False
390.0778 	INFO 	Keyboard events cleared
390.0777 	EXP 	target: autoDraw = True
390.6610 	EXP 	Device response: <KeyPress from None: t=390.6525249000115, value=left, duration=None>
390.6613 	EXP 	New trial (rep=24, index=4): <Trial 244 (4 in rep 24) data={'cue_arrow': '←', 'target_x': -0.5, 'condition': 'valid', 'corr_Ans': 'left', 'thisN': 244, 'thisTrialN': 4, 'thisRepN': 24}>
390.6621 	DATA 	Keypress: left
390.6775 	EXP 	fixation: autoDraw = False
390.6775 	EXP 	cue_text: autoDraw = False
390.6775 	EXP 	target: autoDraw = False
390.6775 	EXP 	cue_text: text = '←'
390.6775 	EXP 	fixation: autoDraw = True
390.8279 	EXP 	Device response: <KeyPress from None: t=390.6525249000115, value=left, duration=0.1610928000009153>
391.1605 	EXP 	fixation: autoDraw = False
391.1605 	EXP 	cue_text: autoDraw = True
391.4605 	EXP 	cue_text: autoDraw = False
391.7606 	INFO 	Keyboard events cleared
391.7605 	EXP 	target: autoDraw = True
392.4120 	DATA 	Keypress: left
392.4277 	EXP 	Device response: <KeyPress from None: t=392.4111177000159, value=left, duration=None>
392.4279 	EXP 	New trial (rep=24, index=5): <Trial 245 (5 in rep 24) data={'cue_arrow': '→', 'target_x': 0.5, 'condition': 'valid', 'corr_Ans': 'right', 'thisN': 245, 'thisTrialN': 5, 'thisRepN': 24}>
392.4440 	EXP 	fixation: autoDraw = False
392.4440 	EXP 	cue_text: autoDraw = False
392.4440 	EXP 	target: autoDraw = False
392.4440 	EXP 	cue_text: height = np.float64(0.1)
392.4440 	EXP 	cue_text: height = np.float64(0.1)
392.4440 	EXP 	cue_text: height = np.float64(0.1)
392.4440 	EXP 	cue_text: text = '→'
392.4440 	EXP 	fixation: autoDraw = True
392.5950 	EXP 	Device response: <KeyPress from None: t=392.4111177000159, value=left, duration=0.16784259999985807>
392.9274 	EXP 	fixation: autoDraw = False
392.9274 	EXP 	cue_text: autoDraw = True
393.2273 	EXP 	cue_text: autoDraw = False
393.5276 	INFO 	Keyboard events cleared
393.5274 	EXP 	target: autoDraw = True
394.0111 	EXP 	Device response: <KeyPress from None: t=394.0080024000199, value=right, duration=None>
394.0114 	EXP 	New trial (rep=24, index=6): <Trial 246 (6 in rep 24) data={'cue_arrow': '→', 'target_x': -0.5, 'condition': 'invalid', 'corr_Ans': 'left', 'thisN': 246, 'thisTrialN': 6, 'thisRepN': 24}>
394.0125 	DATA 	Keypress: right
394.0274 	EXP 	fixation: autoDraw = False
394.0274 	EXP 	cue_text: autoDraw = False
394.0274 	EXP 	target: autoDraw = False
394.0274 	EXP 	cue_text: text = '→'
394.0274 	EXP 	fixation: autoDraw = True
394.1610 	EXP 	Device response: <KeyPress from None: t=394.0080024000199, value=right, duration=0.14434969998546876>
394.5107 	EXP 	fixation: autoDraw = False
394.5107 	EXP 	cue_text: autoDraw = True
394.8107 	EXP 	cue_text: autoDraw = False
395.1107 	INFO 	Keyboard events cleared
395.1105 	EXP 	target: autoDraw = True
396.2609 	EXP 	Device response: <KeyPress from None: t=396.2488569999987, value=left, duration=None>
396.2612 	EXP 	New trial (rep=24, index=7): <Trial 247 (7 in rep 24) data={'cue_arrow': '←', 'target_x': 0.5, 'condition': 'invalid', 'corr_Ans': 'right', 'thisN': 247, 'thisTrialN': 7, 'thisRepN': 24}>
396.2634 	DATA 	Keypress: left
396.2771 	EXP 	fixation: autoDraw = False
396.2771 	EXP 	cue_text: autoDraw = False
396.2771 	EXP 	target: autoDraw = False
396.2771 	EXP 	cue_text: height = np.float64(0.1)
396.2771 	EXP 	cue_text: height = np.float64(0.1)
396.2771 	EXP 	cue_text: height = np.float64(0.1)
396.2771 	EXP 	cue_text: text = '←'
396.2771 	EXP 	fixation: autoDraw = True
396.4109 	EXP 	Device response: <KeyPress from None: t=396.2488569999987, value=left, duration=0.14920939999865368>
396.7615 	EXP 	fixation: autoDraw = False
396.7615 	EXP 	cue_text: autoDraw = True
397.0606 	EXP 	cue_text: autoDraw = False
397.3612 	INFO 	Keyboard events cleared
397.3610 	EXP 	target: autoDraw = True
398.4945 	EXP 	Device response: <KeyPress from None: t=398.4893907000078, value=right, duration=None>
398.4948 	EXP 	New trial (rep=24, index=8): <Trial 248 (8 in rep 24) data={'cue_arrow': '←', 'target_x': -0.5, 'condition': 'valid', 'corr_Ans': 'left', 'thisN': 248, 'thisTrialN': 8, 'thisRepN': 24}>
398.4957 	DATA 	Keypress: right
398.5105 	EXP 	fixation: autoDraw = False
398.5105 	EXP 	cue_text: autoDraw = False
398.5105 	EXP 	target: autoDraw = False
398.5105 	EXP 	cue_text: text = '←'
398.5105 	EXP 	fixation: autoDraw = True
398.6444 	EXP 	Device response: <KeyPress from None: t=398.4893907000078, value=right, duration=0.14973219999228604>
398.9940 	EXP 	fixation: autoDraw = False
398.9940 	EXP 	cue_text: autoDraw = True
399.2944 	EXP 	cue_text: autoDraw = False
399.5944 	INFO 	Keyboard events cleared
399.5943 	EXP 	target: autoDraw = True
400.0611 	EXP 	Device response: <KeyPress from None: t=400.0505006000167, value=left, duration=None>
400.0614 	EXP 	New trial (rep=24, index=9): <Trial 249 (9 in rep 24) data={'cue_arrow': '→', 'target_x': 0.5, 'condition': 'valid', 'corr_Ans': 'right', 'thisN': 249, 'thisTrialN': 9, 'thisRepN': 24}>
400.0640 	DATA 	Keypress: left
400.0775 	EXP 	fixation: autoDraw = False
400.0775 	EXP 	cue_text: autoDraw = False
400.0775 	EXP 	target: autoDraw = False
400.0775 	EXP 	cue_text: height = np.float64(0.1)
400.0775 	EXP 	cue_text: height = np.float64(0.1)
400.0775 	EXP 	cue_text: height = np.float64(0.1)
400.0775 	EXP 	cue_text: text = '→'
400.0775 	EXP 	fixation: autoDraw = True
400.1947 	EXP 	Device response: <KeyPress from None: t=400.0505006000167, value=left, duration=0.13227089997963049>
400.5613 	EXP 	fixation: autoDraw = False
400.5613 	EXP 	cue_text: autoDraw = True
400.8608 	EXP 	cue_text: autoDraw = False
401.1608 	INFO 	Keyboard events cleared
401.1607 	EXP 	target: autoDraw = True
401.7287 	DATA 	Keypress: right
401.7453 	EXP 	Device response: <KeyPress from None: t=401.7278270999959, value=right, duration=None>
401.7456 	EXP 	New trial (rep=25, index=0): <Trial 250 (0 in rep 25) data={'cue_arrow': '→', 'target_x': 0.5, 'condition': 'valid', 'corr_Ans': 'right', 'thisN': 250, 'thisTrialN': 0, 'thisRepN': 25}>
401.7610 	EXP 	fixation: autoDraw = False
401.7610 	EXP 	cue_text: autoDraw = False
401.7610 	EXP 	target: autoDraw = False
401.7610 	EXP 	cue_text: text = '→'
401.7610 	EXP 	fixation: autoDraw = True
401.8781 	EXP 	Device response: <KeyPress from None: t=401.7278270999959, value=right, duration=0.1369940000004135>
402.2444 	EXP 	fixation: autoDraw = False
402.2444 	EXP 	cue_text: autoDraw = True
402.5446 	EXP 	cue_text: autoDraw = False
402.8443 	INFO 	Keyboard events cleared
402.8442 	EXP 	target: autoDraw = True
403.2951 	EXP 	Device response: <KeyPress from None: t=403.2888090000197, value=right, duration=None>
403.2955 	EXP 	New trial (rep=25, index=1): <Trial 251 (1 in rep 25) data={'cue_arrow': '→', 'target_x': 0.5, 'condition': 'valid', 'corr_Ans': 'right', 'thisN': 251, 'thisTrialN': 1, 'thisRepN': 25}>
403.2966 	DATA 	Keypress: right
403.3108 	EXP 	fixation: autoDraw = False
403.3108 	EXP 	cue_text: autoDraw = False
403.3108 	EXP 	target: autoDraw = False
403.3108 	EXP 	cue_text: text = '→'
403.3108 	EXP 	fixation: autoDraw = True
403.4447 	EXP 	Device response: <KeyPress from None: t=403.2888090000197, value=right, duration=0.15482409999822266>
403.7944 	EXP 	fixation: autoDraw = False
403.7944 	EXP 	cue_text: autoDraw = True
404.0943 	EXP 	cue_text: autoDraw = False
404.4113 	INFO 	Keyboard events cleared
404.4111 	EXP 	target: autoDraw = True
404.8963 	DATA 	Keypress: right
404.9122 	EXP 	Device response: <KeyPress from None: t=404.89572490000864, value=right, duration=None>
404.9125 	EXP 	New trial (rep=25, index=2): <Trial 252 (2 in rep 25) data={'cue_arrow': '←', 'target_x': -0.5, 'condition': 'valid', 'corr_Ans': 'left', 'thisN': 252, 'thisTrialN': 2, 'thisRepN': 25}>
404.9279 	EXP 	fixation: autoDraw = False
404.9279 	EXP 	cue_text: autoDraw = False
404.9279 	EXP 	target: autoDraw = False
404.9279 	EXP 	cue_text: height = np.float64(0.1)
404.9279 	EXP 	cue_text: height = np.float64(0.1)
404.9279 	EXP 	cue_text: height = np.float64(0.1)
404.9279 	EXP 	cue_text: text = '←'
404.9279 	EXP 	fixation: autoDraw = True
405.0948 	EXP 	Device response: <KeyPress from None: t=404.89572490000864, value=right, duration=0.19143949999124743>
405.4278 	EXP 	fixation: autoDraw = False
405.4278 	EXP 	cue_text: autoDraw = True
405.7278 	EXP 	cue_text: autoDraw = False
406.0286 	INFO 	Keyboard events cleared
406.0284 	EXP 	target: autoDraw = True
406.4615 	EXP 	Device response: <KeyPress from None: t=406.4515168000071, value=left, duration=None>
406.4619 	EXP 	New trial (rep=25, index=3): <Trial 253 (3 in rep 25) data={'cue_arrow': '→', 'target_x': 0.5, 'condition': 'valid', 'corr_Ans': 'right', 'thisN': 253, 'thisTrialN': 3, 'thisRepN': 25}>
406.4644 	DATA 	Keypress: left
406.4783 	EXP 	fixation: autoDraw = False
406.4783 	EXP 	cue_text: autoDraw = False
406.4783 	EXP 	target: autoDraw = False
406.4783 	EXP 	cue_text: height = np.float64(0.1)
406.4783 	EXP 	cue_text: height = np.float64(0.1)
406.4783 	EXP 	cue_text: height = np.float64(0.1)
406.4783 	EXP 	cue_text: text = '→'
406.4783 	EXP 	fixation: autoDraw = True
406.5950 	EXP 	Device response: <KeyPress from None: t=406.4515168000071, value=left, duration=0.13920470001176>
406.9612 	EXP 	fixation: autoDraw = False
406.9612 	EXP 	cue_text: autoDraw = True
407.2616 	EXP 	cue_text: autoDraw = False
407.5614 	INFO 	Keyboard events cleared
407.5613 	EXP 	target: autoDraw = True
407.8615 	EXP 	Device response: <KeyPress from None: t=407.8494408999977, value=right, duration=None>
407.8617 	EXP 	New trial (rep=25, index=4): <Trial 254 (4 in rep 25) data={'cue_arrow': '→', 'target_x': 0.5, 'condition': 'valid', 'corr_Ans': 'right', 'thisN': 254, 'thisTrialN': 4, 'thisRepN': 25}>
407.8628 	DATA 	Keypress: right
407.8778 	EXP 	fixation: autoDraw = False
407.8778 	EXP 	cue_text: autoDraw = False
407.8778 	EXP 	target: autoDraw = False
407.8778 	EXP 	cue_text: text = '→'
407.8778 	EXP 	fixation: autoDraw = True
408.0450 	EXP 	Device response: <KeyPress from None: t=407.8494408999977, value=right, duration=0.181426700000884>
408.3614 	EXP 	fixation: autoDraw = False
408.3614 	EXP 	cue_text: autoDraw = True
408.6613 	EXP 	cue_text: autoDraw = False
408.9615 	INFO 	Keyboard events cleared
408.9613 	EXP 	target: autoDraw = True
409.4615 	EXP 	Device response: <KeyPress from None: t=409.4488248999987, value=right, duration=None>
409.4617 	EXP 	New trial (rep=25, index=5): <Trial 255 (5 in rep 25) data={'cue_arrow': '←', 'target_x': 0.5, 'condition': 'invalid', 'corr_Ans': 'right', 'thisN': 255, 'thisTrialN': 5, 'thisRepN': 25}>
409.4644 	DATA 	Keypress: right
409.4781 	EXP 	fixation: autoDraw = False
409.4781 	EXP 	cue_text: autoDraw = False
409.4781 	EXP 	target: autoDraw = False
409.4781 	EXP 	cue_text: height = np.float64(0.1)
409.4781 	EXP 	cue_text: height = np.float64(0.1)
409.4781 	EXP 	cue_text: height = np.float64(0.1)
409.4781 	EXP 	cue_text: text = '←'
409.4781 	EXP 	fixation: autoDraw = True
409.5950 	EXP 	Device response: <KeyPress from None: t=409.4488248999987, value=right, duration=0.13329610001528636>
409.9610 	EXP 	fixation: autoDraw = False
409.9610 	EXP 	cue_text: autoDraw = True
410.2610 	EXP 	cue_text: autoDraw = False
410.5613 	INFO 	Keyboard events cleared
410.5612 	EXP 	target: autoDraw = True
411.2784 	EXP 	Device response: <KeyPress from None: t=411.2705474999966, value=right, duration=None>
411.2787 	EXP 	New trial (rep=25, index=6): <Trial 256 (6 in rep 25) data={'cue_arrow': '←', 'target_x': -0.5, 'condition': 'valid', 'corr_Ans': 'left', 'thisN': 256, 'thisTrialN': 6, 'thisRepN': 25}>
411.2798 	DATA 	Keypress: right
411.2946 	EXP 	fixation: autoDraw = False
411.2946 	EXP 	cue_text: autoDraw = False
411.2946 	EXP 	target: autoDraw = False
411.2946 	EXP 	cue_text: text = '←'
411.2946 	EXP 	fixation: autoDraw = True
411.4614 	EXP 	Device response: <KeyPress from None: t=411.2705474999966, value=right, duration=0.18972730002133176>
411.7778 	EXP 	fixation: autoDraw = False
411.7778 	EXP 	cue_text: autoDraw = True
412.0839 	EXP 	cue_text: autoDraw = False
412.3787 	INFO 	Keyboard events cleared
412.3786 	EXP 	target: autoDraw = True
412.7463 	DATA 	Keypress: left
412.7615 	EXP 	Device response: <KeyPress from None: t=412.74562739999965, value=left, duration=None>
412.7618 	EXP 	New trial (rep=25, index=7): <Trial 257 (7 in rep 25) data={'cue_arrow': '←', 'target_x': -0.5, 'condition': 'valid', 'corr_Ans': 'left', 'thisN': 257, 'thisTrialN': 7, 'thisRepN': 25}>
412.7778 	EXP 	fixation: autoDraw = False
412.7778 	EXP 	cue_text: autoDraw = False
412.7778 	EXP 	target: autoDraw = False
412.7778 	EXP 	cue_text: text = '←'
412.7778 	EXP 	fixation: autoDraw = True
412.9115 	EXP 	Device response: <KeyPress from None: t=412.74562739999965, value=left, duration=0.1577199000166729>
413.2618 	EXP 	fixation: autoDraw = False
413.2618 	EXP 	cue_text: autoDraw = True
413.5612 	EXP 	cue_text: autoDraw = False
413.8615 	INFO 	Keyboard events cleared
413.8614 	EXP 	target: autoDraw = True
414.4948 	EXP 	Device response: <KeyPress from None: t=414.4924077000178, value=left, duration=None>
414.4951 	EXP 	New trial (rep=25, index=8): <Trial 258 (8 in rep 25) data={'cue_arrow': '→', 'target_x': -0.5, 'condition': 'invalid', 'corr_Ans': 'left', 'thisN': 258, 'thisTrialN': 8, 'thisRepN': 25}>
414.4981 	DATA 	Keypress: left
414.5113 	EXP 	fixation: autoDraw = False
414.5113 	EXP 	cue_text: autoDraw = False
414.5113 	EXP 	target: autoDraw = False
414.5113 	EXP 	cue_text: height = np.float64(0.1)
414.5113 	EXP 	cue_text: height = np.float64(0.1)
414.5113 	EXP 	cue_text: height = np.float64(0.1)
414.5113 	EXP 	cue_text: text = '→'
414.5113 	EXP 	fixation: autoDraw = True
414.6615 	EXP 	Device response: <KeyPress from None: t=414.4924077000178, value=left, duration=0.16252689997782>
414.9950 	EXP 	fixation: autoDraw = False
414.9950 	EXP 	cue_text: autoDraw = True
415.2946 	EXP 	cue_text: autoDraw = False
415.5952 	INFO 	Keyboard events cleared
415.5950 	EXP 	target: autoDraw = True
417.0117 	EXP 	Device response: <KeyPress from None: t=417.0073914999957, value=left, duration=None>
417.0119 	EXP 	New trial (rep=25, index=9): <Trial 259 (9 in rep 25) data={'cue_arrow': '←', 'target_x': -0.5, 'condition': 'valid', 'corr_Ans': 'left', 'thisN': 259, 'thisTrialN': 9, 'thisRepN': 25}>
417.0144 	DATA 	Keypress: left
417.0281 	EXP 	fixation: autoDraw = False
417.0281 	EXP 	cue_text: autoDraw = False
417.0281 	EXP 	target: autoDraw = False
417.0281 	EXP 	cue_text: height = np.float64(0.1)
417.0281 	EXP 	cue_text: height = np.float64(0.1)
417.0281 	EXP 	cue_text: height = np.float64(0.1)
417.0281 	EXP 	cue_text: text = '←'
417.0281 	EXP 	fixation: autoDraw = True
417.1449 	EXP 	Device response: <KeyPress from None: t=417.0073914999957, value=left, duration=0.12309390000882559>
417.5114 	EXP 	fixation: autoDraw = False
417.5114 	EXP 	cue_text: autoDraw = True
417.8114 	EXP 	cue_text: autoDraw = False
418.1115 	INFO 	Keyboard events cleared
418.1114 	EXP 	target: autoDraw = True
418.5951 	EXP 	Device response: <KeyPress from None: t=418.5806018000003, value=left, duration=None>
418.5953 	EXP 	New trial (rep=26, index=0): <Trial 260 (0 in rep 26) data={'cue_arrow': '→', 'target_x': 0.5, 'condition': 'valid', 'corr_Ans': 'right', 'thisN': 260, 'thisTrialN': 0, 'thisRepN': 26}>
418.5977 	DATA 	Keypress: left
418.6111 	EXP 	fixation: autoDraw = False
418.6111 	EXP 	cue_text: autoDraw = False
418.6111 	EXP 	target: autoDraw = False
418.6111 	EXP 	cue_text: height = np.float64(0.1)
418.6111 	EXP 	cue_text: height = np.float64(0.1)
418.6111 	EXP 	cue_text: height = np.float64(0.1)
418.6111 	EXP 	cue_text: text = '→'
418.6111 	EXP 	fixation: autoDraw = True
418.7450 	EXP 	Device response: <KeyPress from None: t=418.5806018000003, value=left, duration=0.15979370000422932>
419.0949 	EXP 	fixation: autoDraw = False
419.0949 	EXP 	cue_text: autoDraw = True
419.3951 	EXP 	cue_text: autoDraw = False
419.6949 	INFO 	Keyboard events cleared
419.6948 	EXP 	target: autoDraw = True
420.1785 	EXP 	Device response: <KeyPress from None: t=420.1705094999925, value=right, duration=None>
420.1787 	EXP 	New trial (rep=26, index=1): <Trial 261 (1 in rep 26) data={'cue_arrow': '←', 'target_x': 0.5, 'condition': 'invalid', 'corr_Ans': 'right', 'thisN': 261, 'thisTrialN': 1, 'thisRepN': 26}>
420.1811 	DATA 	Keypress: right
420.1948 	EXP 	fixation: autoDraw = False
420.1948 	EXP 	cue_text: autoDraw = False
420.1948 	EXP 	target: autoDraw = False
420.1948 	EXP 	cue_text: height = np.float64(0.1)
420.1948 	EXP 	cue_text: height = np.float64(0.1)
420.1948 	EXP 	cue_text: height = np.float64(0.1)
420.1948 	EXP 	cue_text: text = '←'
420.1948 	EXP 	fixation: autoDraw = True
420.3451 	EXP 	Device response: <KeyPress from None: t=420.1705094999925, value=right, duration=0.16035260001081042>
420.6779 	EXP 	fixation: autoDraw = False
420.6779 	EXP 	cue_text: autoDraw = True
420.9779 	EXP 	cue_text: autoDraw = False
421.2781 	INFO 	Keyboard events cleared
421.2779 	EXP 	target: autoDraw = True
422.3615 	EXP 	Device response: <KeyPress from None: t=422.3553490000195, value=right, duration=None>
422.3618 	EXP 	New trial (rep=26, index=2): <Trial 262 (2 in rep 26) data={'cue_arrow': '→', 'target_x': 0.5, 'condition': 'valid', 'corr_Ans': 'right', 'thisN': 262, 'thisTrialN': 2, 'thisRepN': 26}>
422.3643 	DATA 	Keypress: right
422.3784 	EXP 	fixation: autoDraw = False
422.3784 	EXP 	cue_text: autoDraw = False
422.3784 	EXP 	target: autoDraw = False
422.3784 	EXP 	cue_text: height = np.float64(0.1)
422.3784 	EXP 	cue_text: height = np.float64(0.1)
422.3784 	EXP 	cue_text: height = np.float64(0.1)
422.3784 	EXP 	cue_text: text = '→'
422.3784 	EXP 	fixation: autoDraw = True
422.5118 	EXP 	Device response: <KeyPress from None: t=422.3553490000195, value=right, duration=0.14576239997404628>
422.8616 	EXP 	fixation: autoDraw = False
422.8616 	EXP 	cue_text: autoDraw = True
423.1613 	EXP 	cue_text: autoDraw = False
423.4616 	INFO 	Keyboard events cleared
423.4615 	EXP 	target: autoDraw = True
423.9284 	EXP 	Device response: <KeyPress from None: t=423.92518920000293, value=right, duration=None>
423.9287 	EXP 	New trial (rep=26, index=3): <Trial 263 (3 in rep 26) data={'cue_arrow': '←', 'target_x': -0.5, 'condition': 'valid', 'corr_Ans': 'left', 'thisN': 263, 'thisTrialN': 3, 'thisRepN': 26}>
423.9313 	DATA 	Keypress: right
423.9449 	EXP 	fixation: autoDraw = False
423.9449 	EXP 	cue_text: autoDraw = False
423.9449 	EXP 	target: autoDraw = False
423.9449 	EXP 	cue_text: height = np.float64(0.1)
423.9449 	EXP 	cue_text: height = np.float64(0.1)
423.9449 	EXP 	cue_text: height = np.float64(0.1)
423.9449 	EXP 	cue_text: text = '←'
423.9449 	EXP 	fixation: autoDraw = True
424.0952 	EXP 	Device response: <KeyPress from None: t=423.92518920000293, value=right, duration=0.16351919999578968>
424.4283 	EXP 	fixation: autoDraw = False
424.4283 	EXP 	cue_text: autoDraw = True
424.7283 	EXP 	cue_text: autoDraw = False
425.0283 	INFO 	Keyboard events cleared
425.0282 	EXP 	target: autoDraw = True
425.3954 	EXP 	Device response: <KeyPress from None: t=425.3844223000051, value=left, duration=None>
425.3957 	EXP 	New trial (rep=26, index=4): <Trial 264 (4 in rep 26) data={'cue_arrow': '←', 'target_x': -0.5, 'condition': 'valid', 'corr_Ans': 'left', 'thisN': 264, 'thisTrialN': 4, 'thisRepN': 26}>
425.3966 	DATA 	Keypress: left
425.4119 	EXP 	fixation: autoDraw = False
425.4119 	EXP 	cue_text: autoDraw = False
425.4119 	EXP 	target: autoDraw = False
425.4119 	EXP 	cue_text: text = '←'
425.4119 	EXP 	fixation: autoDraw = True
425.5454 	EXP 	Device response: <KeyPress from None: t=425.3844223000051, value=left, duration=0.15071940000052564>
425.8948 	EXP 	fixation: autoDraw = False
425.8948 	EXP 	cue_text: autoDraw = True
426.1950 	EXP 	cue_text: autoDraw = False
426.4954 	INFO 	Keyboard events cleared
426.4952 	EXP 	target: autoDraw = True
426.9119 	EXP 	Device response: <KeyPress from None: t=426.90094550000504, value=left, duration=None>
426.9123 	EXP 	New trial (rep=26, index=5): <Trial 265 (5 in rep 26) data={'cue_arrow': '→', 'target_x': 0.5, 'condition': 'valid', 'corr_Ans': 'right', 'thisN': 265, 'thisTrialN': 5, 'thisRepN': 26}>
426.9147 	DATA 	Keypress: left
426.9284 	EXP 	fixation: autoDraw = False
426.9284 	EXP 	cue_text: autoDraw = False
426.9284 	EXP 	target: autoDraw = False
426.9284 	EXP 	cue_text: height = np.float64(0.1)
426.9284 	EXP 	cue_text: height = np.float64(0.1)
426.9284 	EXP 	cue_text: height = np.float64(0.1)
426.9284 	EXP 	cue_text: text = '→'
426.9284 	EXP 	fixation: autoDraw = True
427.0954 	EXP 	Device response: <KeyPress from None: t=426.90094550000504, value=left, duration=0.18010019999928772>
427.4120 	EXP 	fixation: autoDraw = False
427.4120 	EXP 	cue_text: autoDraw = True
427.7114 	EXP 	cue_text: autoDraw = False
428.0116 	INFO 	Keyboard events cleared
428.0115 	EXP 	target: autoDraw = True
428.3125 	EXP 	Device response: <KeyPress from None: t=428.2958672000095, value=right, duration=None>
428.3128 	EXP 	New trial (rep=26, index=6): <Trial 266 (6 in rep 26) data={'cue_arrow': '→', 'target_x': -0.5, 'condition': 'invalid', 'corr_Ans': 'left', 'thisN': 266, 'thisTrialN': 6, 'thisRepN': 26}>
428.3141 	DATA 	Keypress: right
428.3286 	EXP 	fixation: autoDraw = False
428.3286 	EXP 	cue_text: autoDraw = False
428.3286 	EXP 	target: autoDraw = False
428.3286 	EXP 	cue_text: text = '→'
428.3286 	EXP 	fixation: autoDraw = True
428.4785 	EXP 	Device response: <KeyPress from None: t=428.2958672000095, value=right, duration=0.17155840000486933>
428.8284 	EXP 	fixation: autoDraw = False
428.8284 	EXP 	cue_text: autoDraw = True
429.1125 	EXP 	cue_text: autoDraw = False
429.4286 	INFO 	Keyboard events cleared
429.4285 	EXP 	target: autoDraw = True
430.1951 	EXP 	Device response: <KeyPress from None: t=430.18367070000386, value=left, duration=None>
430.1954 	EXP 	New trial (rep=26, index=7): <Trial 267 (7 in rep 26) data={'cue_arrow': '→', 'target_x': 0.5, 'condition': 'valid', 'corr_Ans': 'right', 'thisN': 267, 'thisTrialN': 7, 'thisRepN': 26}>
430.1965 	DATA 	Keypress: left
430.2116 	EXP 	fixation: autoDraw = False
430.2116 	EXP 	cue_text: autoDraw = False
430.2116 	EXP 	target: autoDraw = False
430.2116 	EXP 	cue_text: text = '→'
430.2116 	EXP 	fixation: autoDraw = True
430.3451 	EXP 	Device response: <KeyPress from None: t=430.18367070000386, value=left, duration=0.15551229999982752>
430.6947 	EXP 	fixation: autoDraw = False
430.6947 	EXP 	cue_text: autoDraw = True
430.9953 	EXP 	cue_text: autoDraw = False
431.2954 	INFO 	Keyboard events cleared
431.2953 	EXP 	target: autoDraw = True
431.5950 	EXP 	Device response: <KeyPress from None: t=431.59378580001066, value=right, duration=None>
431.5952 	EXP 	New trial (rep=26, index=8): <Trial 268 (8 in rep 26) data={'cue_arrow': '←', 'target_x': -0.5, 'condition': 'valid', 'corr_Ans': 'left', 'thisN': 268, 'thisTrialN': 8, 'thisRepN': 26}>
431.5978 	DATA 	Keypress: right
431.6116 	EXP 	fixation: autoDraw = False
431.6116 	EXP 	cue_text: autoDraw = False
431.6116 	EXP 	target: autoDraw = False
431.6116 	EXP 	cue_text: height = np.float64(0.1)
431.6116 	EXP 	cue_text: height = np.float64(0.1)
431.6116 	EXP 	cue_text: height = np.float64(0.1)
431.6116 	EXP 	cue_text: text = '←'
431.6116 	EXP 	fixation: autoDraw = True
431.7620 	EXP 	Device response: <KeyPress from None: t=431.59378580001066, value=right, duration=0.16108259998145513>
432.0951 	EXP 	fixation: autoDraw = False
432.0951 	EXP 	cue_text: autoDraw = True
432.3950 	EXP 	cue_text: autoDraw = False
432.6955 	INFO 	Keyboard events cleared
432.6953 	EXP 	target: autoDraw = True
432.9958 	EXP 	Device response: <KeyPress from None: t=432.9855760000064, value=left, duration=None>
432.9962 	EXP 	New trial (rep=26, index=9): <Trial 269 (9 in rep 26) data={'cue_arrow': '←', 'target_x': -0.5, 'condition': 'valid', 'corr_Ans': 'left', 'thisN': 269, 'thisTrialN': 9, 'thisRepN': 26}>
432.9972 	DATA 	Keypress: left
433.0116 	EXP 	fixation: autoDraw = False
433.0116 	EXP 	cue_text: autoDraw = False
433.0116 	EXP 	target: autoDraw = False
433.0116 	EXP 	cue_text: text = '←'
433.0116 	EXP 	fixation: autoDraw = True
433.1795 	EXP 	Device response: <KeyPress from None: t=432.9855760000064, value=left, duration=0.18358539999462664>
433.4949 	EXP 	fixation: autoDraw = False
433.4949 	EXP 	cue_text: autoDraw = True
433.7949 	EXP 	cue_text: autoDraw = False
434.0949 	INFO 	Keyboard events cleared
434.0948 	EXP 	target: autoDraw = True
434.4289 	EXP 	Device response: <KeyPress from None: t=434.4260623000155, value=left, duration=None>
434.4292 	EXP 	New trial (rep=27, index=0): <Trial 270 (0 in rep 27) data={'cue_arrow': '←', 'target_x': -0.5, 'condition': 'valid', 'corr_Ans': 'left', 'thisN': 270, 'thisTrialN': 0, 'thisRepN': 27}>
434.4302 	DATA 	Keypress: left
434.4456 	EXP 	fixation: autoDraw = False
434.4456 	EXP 	cue_text: autoDraw = False
434.4456 	EXP 	target: autoDraw = False
434.4456 	EXP 	cue_text: text = '←'
434.4456 	EXP 	fixation: autoDraw = True
434.5460 	EXP 	Device response: <KeyPress from None: t=434.4260623000155, value=left, duration=0.10535349999554455>
434.9285 	EXP 	fixation: autoDraw = False
434.9285 	EXP 	cue_text: autoDraw = True
435.2286 	EXP 	cue_text: autoDraw = False
435.5288 	INFO 	Keyboard events cleared
435.5286 	EXP 	target: autoDraw = True
435.8126 	EXP 	Device response: <KeyPress from None: t=435.80410569999367, value=left, duration=None>
435.8128 	EXP 	New trial (rep=27, index=1): <Trial 271 (1 in rep 27) data={'cue_arrow': '→', 'target_x': 0.5, 'condition': 'valid', 'corr_Ans': 'right', 'thisN': 271, 'thisTrialN': 1, 'thisRepN': 27}>
435.8155 	DATA 	Keypress: left
435.8284 	EXP 	fixation: autoDraw = False
435.8284 	EXP 	cue_text: autoDraw = False
435.8284 	EXP 	target: autoDraw = False
435.8284 	EXP 	cue_text: height = np.float64(0.1)
435.8284 	EXP 	cue_text: height = np.float64(0.1)
435.8284 	EXP 	cue_text: height = np.float64(0.1)
435.8284 	EXP 	cue_text: text = '→'
435.8284 	EXP 	fixation: autoDraw = True
435.9622 	EXP 	Device response: <KeyPress from None: t=435.80410569999367, value=left, duration=0.14241920001222752>
436.3116 	EXP 	fixation: autoDraw = False
436.3116 	EXP 	cue_text: autoDraw = True
436.6119 	EXP 	cue_text: autoDraw = False
436.9120 	INFO 	Keyboard events cleared
436.9119 	EXP 	target: autoDraw = True
437.2623 	EXP 	Device response: <KeyPress from None: t=437.2491716000077, value=right, duration=None>
437.2626 	EXP 	New trial (rep=27, index=2): <Trial 272 (2 in rep 27) data={'cue_arrow': '←', 'target_x': -0.5, 'condition': 'valid', 'corr_Ans': 'left', 'thisN': 272, 'thisTrialN': 2, 'thisRepN': 27}>
437.2650 	DATA 	Keypress: right
437.2786 	EXP 	fixation: autoDraw = False
437.2786 	EXP 	cue_text: autoDraw = False
437.2786 	EXP 	target: autoDraw = False
437.2786 	EXP 	cue_text: height = np.float64(0.1)
437.2786 	EXP 	cue_text: height = np.float64(0.1)
437.2786 	EXP 	cue_text: height = np.float64(0.1)
437.2786 	EXP 	cue_text: text = '←'
437.2786 	EXP 	fixation: autoDraw = True
437.4290 	EXP 	Device response: <KeyPress from None: t=437.2491716000077, value=right, duration=0.1647889000014402>
437.7617 	EXP 	fixation: autoDraw = False
437.7617 	EXP 	cue_text: autoDraw = True
438.0619 	EXP 	cue_text: autoDraw = False
438.3620 	INFO 	Keyboard events cleared
438.3619 	EXP 	target: autoDraw = True
438.6620 	EXP 	Device response: <KeyPress from None: t=438.6503195000114, value=left, duration=None>
438.6622 	EXP 	New trial (rep=27, index=3): <Trial 273 (3 in rep 27) data={'cue_arrow': '→', 'target_x': -0.5, 'condition': 'invalid', 'corr_Ans': 'left', 'thisN': 273, 'thisTrialN': 3, 'thisRepN': 27}>
438.6651 	DATA 	Keypress: left
438.6789 	EXP 	fixation: autoDraw = False
438.6789 	EXP 	cue_text: autoDraw = False
438.6789 	EXP 	target: autoDraw = False
438.6789 	EXP 	cue_text: height = np.float64(0.1)
438.6789 	EXP 	cue_text: height = np.float64(0.1)
438.6789 	EXP 	cue_text: height = np.float64(0.1)
438.6789 	EXP 	cue_text: text = '→'
438.6789 	EXP 	fixation: autoDraw = True
438.8294 	EXP 	Device response: <KeyPress from None: t=438.6503195000114, value=left, duration=0.16977249999763444>
439.1620 	EXP 	fixation: autoDraw = False
439.1620 	EXP 	cue_text: autoDraw = True
439.4621 	EXP 	cue_text: autoDraw = False
439.7617 	INFO 	Keyboard events cleared
439.7615 	EXP 	target: autoDraw = True
440.5633 	DATA 	Keypress: left
440.5788 	EXP 	Device response: <KeyPress from None: t=440.56267499999376, value=left, duration=None>
440.5790 	EXP 	New trial (rep=27, index=4): <Trial 274 (4 in rep 27) data={'cue_arrow': '→', 'target_x': 0.5, 'condition': 'valid', 'corr_Ans': 'right', 'thisN': 274, 'thisTrialN': 4, 'thisRepN': 27}>
440.5950 	EXP 	fixation: autoDraw = False
440.5950 	EXP 	cue_text: autoDraw = False
440.5950 	EXP 	target: autoDraw = False
440.5950 	EXP 	cue_text: text = '→'
440.5950 	EXP 	fixation: autoDraw = True
440.7624 	EXP 	Device response: <KeyPress from None: t=440.56267499999376, value=left, duration=0.1848947000107728>
441.0786 	EXP 	fixation: autoDraw = False
441.0786 	EXP 	cue_text: autoDraw = True
441.3785 	EXP 	cue_text: autoDraw = False
441.6787 	INFO 	Keyboard events cleared
441.6785 	EXP 	target: autoDraw = True
441.9457 	EXP 	Device response: <KeyPress from None: t=441.93749500002014, value=right, duration=None>
441.9461 	EXP 	New trial (rep=27, index=5): <Trial 275 (5 in rep 27) data={'cue_arrow': '←', 'target_x': -0.5, 'condition': 'valid', 'corr_Ans': 'left', 'thisN': 275, 'thisTrialN': 5, 'thisRepN': 27}>
441.9487 	DATA 	Keypress: right
441.9672 	EXP 	fixation: autoDraw = False
441.9672 	EXP 	cue_text: autoDraw = False
441.9672 	EXP 	target: autoDraw = False
441.9672 	EXP 	cue_text: height = np.float64(0.1)
441.9672 	EXP 	cue_text: height = np.float64(0.1)
441.9672 	EXP 	cue_text: height = np.float64(0.1)
441.9672 	EXP 	cue_text: text = '←'
441.9672 	EXP 	fixation: autoDraw = True
442.1118 	EXP 	Device response: <KeyPress from None: t=441.93749500002014, value=right, duration=0.16494989997590892>
442.4452 	EXP 	fixation: autoDraw = False
442.4452 	EXP 	cue_text: autoDraw = True
442.7451 	EXP 	cue_text: autoDraw = False
443.0455 	INFO 	Keyboard events cleared
443.0453 	EXP 	target: autoDraw = True
443.3297 	DATA 	Keypress: left
443.3456 	EXP 	Device response: <KeyPress from None: t=443.32877759999246, value=left, duration=None>
443.3459 	EXP 	New trial (rep=27, index=6): <Trial 276 (6 in rep 27) data={'cue_arrow': '←', 'target_x': 0.5, 'condition': 'invalid', 'corr_Ans': 'right', 'thisN': 276, 'thisTrialN': 6, 'thisRepN': 27}>
443.3619 	EXP 	fixation: autoDraw = False
443.3619 	EXP 	cue_text: autoDraw = False
443.3619 	EXP 	target: autoDraw = False
443.3619 	EXP 	cue_text: text = '←'
443.3619 	EXP 	fixation: autoDraw = True
443.4955 	EXP 	Device response: <KeyPress from None: t=443.32877759999246, value=left, duration=0.15322290000040084>
443.8449 	EXP 	fixation: autoDraw = False
443.8449 	EXP 	cue_text: autoDraw = True
444.1452 	EXP 	cue_text: autoDraw = False
444.4448 	INFO 	Keyboard events cleared
444.4447 	EXP 	target: autoDraw = True
445.0620 	EXP 	Device response: <KeyPress from None: t=445.0495164000022, value=right, duration=None>
445.0623 	EXP 	New trial (rep=27, index=7): <Trial 277 (7 in rep 27) data={'cue_arrow': '→', 'target_x': 0.5, 'condition': 'valid', 'corr_Ans': 'right', 'thisN': 277, 'thisTrialN': 7, 'thisRepN': 27}>
445.0654 	DATA 	Keypress: right
445.0783 	EXP 	fixation: autoDraw = False
445.0783 	EXP 	cue_text: autoDraw = False
445.0783 	EXP 	target: autoDraw = False
445.0783 	EXP 	cue_text: height = np.float64(0.1)
445.0783 	EXP 	cue_text: height = np.float64(0.1)
445.0783 	EXP 	cue_text: height = np.float64(0.1)
445.0783 	EXP 	cue_text: text = '→'
445.0783 	EXP 	fixation: autoDraw = True
445.1625 	EXP 	Device response: <KeyPress from None: t=445.0495164000022, value=right, duration=0.1118420000129845>
445.5614 	EXP 	fixation: autoDraw = False
445.5614 	EXP 	cue_text: autoDraw = True
445.8616 	EXP 	cue_text: autoDraw = False
446.1616 	INFO 	Keyboard events cleared
446.1615 	EXP 	target: autoDraw = True
446.5287 	EXP 	Device response: <KeyPress from None: t=446.51463960000547, value=right, duration=None>
446.5289 	EXP 	New trial (rep=27, index=8): <Trial 278 (8 in rep 27) data={'cue_arrow': '→', 'target_x': 0.5, 'condition': 'valid', 'corr_Ans': 'right', 'thisN': 278, 'thisTrialN': 8, 'thisRepN': 27}>
446.5297 	DATA 	Keypress: right
446.5449 	EXP 	fixation: autoDraw = False
446.5449 	EXP 	cue_text: autoDraw = False
446.5449 	EXP 	target: autoDraw = False
446.5449 	EXP 	cue_text: text = '→'
446.5449 	EXP 	fixation: autoDraw = True
446.7121 	EXP 	Device response: <KeyPress from None: t=446.51463960000547, value=right, duration=0.18113219999941066>
447.0282 	EXP 	fixation: autoDraw = False
447.0282 	EXP 	cue_text: autoDraw = True
447.3286 	EXP 	cue_text: autoDraw = False
447.6288 	INFO 	Keyboard events cleared
447.6286 	EXP 	target: autoDraw = True
448.0119 	EXP 	Device response: <KeyPress from None: t=448.0106541000132, value=right, duration=None>
448.0121 	EXP 	New trial (rep=27, index=9): <Trial 279 (9 in rep 27) data={'cue_arrow': '←', 'target_x': -0.5, 'condition': 'valid', 'corr_Ans': 'left', 'thisN': 279, 'thisTrialN': 9, 'thisRepN': 27}>
448.0150 	DATA 	Keypress: right
448.0287 	EXP 	fixation: autoDraw = False
448.0287 	EXP 	cue_text: autoDraw = False
448.0287 	EXP 	target: autoDraw = False
448.0287 	EXP 	cue_text: height = np.float64(0.1)
448.0287 	EXP 	cue_text: height = np.float64(0.1)
448.0287 	EXP 	cue_text: height = np.float64(0.1)
448.0287 	EXP 	cue_text: text = '←'
448.0287 	EXP 	fixation: autoDraw = True
448.1784 	EXP 	Device response: <KeyPress from None: t=448.0106541000132, value=right, duration=0.16036129998974502>
448.5112 	EXP 	fixation: autoDraw = False
448.5112 	EXP 	cue_text: autoDraw = True
448.8117 	EXP 	cue_text: autoDraw = False
449.1119 	INFO 	Keyboard events cleared
449.1118 	EXP 	target: autoDraw = True
449.3952 	EXP 	Device response: <KeyPress from None: t=449.3902841999952, value=left, duration=None>
449.3954 	EXP 	New trial (rep=28, index=0): <Trial 280 (0 in rep 28) data={'cue_arrow': '←', 'target_x': -0.5, 'condition': 'valid', 'corr_Ans': 'left', 'thisN': 280, 'thisTrialN': 0, 'thisRepN': 28}>
449.3963 	DATA 	Keypress: left
449.4114 	EXP 	fixation: autoDraw = False
449.4114 	EXP 	cue_text: autoDraw = False
449.4114 	EXP 	target: autoDraw = False
449.4114 	EXP 	cue_text: text = '←'
449.4114 	EXP 	fixation: autoDraw = True
449.5454 	EXP 	Device response: <KeyPress from None: t=449.3902841999952, value=left, duration=0.1507162000052631>
449.8959 	EXP 	fixation: autoDraw = False
449.8959 	EXP 	cue_text: autoDraw = True
450.1950 	EXP 	cue_text: autoDraw = False
450.4953 	INFO 	Keyboard events cleared
450.4952 	EXP 	target: autoDraw = True
450.9453 	EXP 	Device response: <KeyPress from None: t=450.93138900000486, value=left, duration=None>
450.9456 	EXP 	New trial (rep=28, index=1): <Trial 281 (1 in rep 28) data={'cue_arrow': '←', 'target_x': -0.5, 'condition': 'valid', 'corr_Ans': 'left', 'thisN': 281, 'thisTrialN': 1, 'thisRepN': 28}>
450.9464 	DATA 	Keypress: left
450.9617 	EXP 	fixation: autoDraw = False
450.9617 	EXP 	cue_text: autoDraw = False
450.9617 	EXP 	target: autoDraw = False
450.9617 	EXP 	cue_text: text = '←'
450.9617 	EXP 	fixation: autoDraw = True
451.0619 	EXP 	Device response: <KeyPress from None: t=450.93138900000486, value=left, duration=0.1219666000106372>
451.4450 	EXP 	fixation: autoDraw = False
451.4450 	EXP 	cue_text: autoDraw = True
451.7454 	EXP 	cue_text: autoDraw = False
452.0453 	INFO 	Keyboard events cleared
452.0451 	EXP 	target: autoDraw = True
452.6787 	EXP 	Device response: <KeyPress from None: t=452.66852930001915, value=left, duration=None>
452.6790 	EXP 	New trial (rep=28, index=2): <Trial 282 (2 in rep 28) data={'cue_arrow': '→', 'target_x': -0.5, 'condition': 'invalid', 'corr_Ans': 'left', 'thisN': 282, 'thisTrialN': 2, 'thisRepN': 28}>
452.6825 	DATA 	Keypress: left
452.6949 	EXP 	fixation: autoDraw = False
452.6949 	EXP 	cue_text: autoDraw = False
452.6949 	EXP 	target: autoDraw = False
452.6949 	EXP 	cue_text: height = np.float64(0.1)
452.6949 	EXP 	cue_text: height = np.float64(0.1)
452.6949 	EXP 	cue_text: height = np.float64(0.1)
452.6949 	EXP 	cue_text: text = '→'
452.6949 	EXP 	fixation: autoDraw = True
452.8126 	EXP 	Device response: <KeyPress from None: t=452.66852930001915, value=left, duration=0.13929299998562783>
453.1788 	EXP 	fixation: autoDraw = False
453.1788 	EXP 	cue_text: autoDraw = True
453.4785 	EXP 	cue_text: autoDraw = False
453.7783 	INFO 	Keyboard events cleared
453.7782 	EXP 	target: autoDraw = True
454.4987 	DATA 	Keypress: right
454.5129 	EXP 	Device response: <KeyPress from None: t=454.49824570000055, value=right, duration=None>
454.5132 	EXP 	New trial (rep=28, index=3): <Trial 283 (3 in rep 28) data={'cue_arrow': '→', 'target_x': 0.5, 'condition': 'valid', 'corr_Ans': 'right', 'thisN': 283, 'thisTrialN': 3, 'thisRepN': 28}>
454.5287 	EXP 	fixation: autoDraw = False
454.5287 	EXP 	cue_text: autoDraw = False
454.5287 	EXP 	target: autoDraw = False
454.5287 	EXP 	cue_text: text = '→'
454.5287 	EXP 	fixation: autoDraw = True
454.6297 	EXP 	Device response: <KeyPress from None: t=454.49824570000055, value=right, duration=0.11776799999643117>
455.0290 	EXP 	fixation: autoDraw = False
455.0290 	EXP 	cue_text: autoDraw = True
455.3120 	EXP 	cue_text: autoDraw = False
455.6119 	INFO 	Keyboard events cleared
455.6118 	EXP 	target: autoDraw = True
456.4125 	EXP 	Device response: <KeyPress from None: t=456.40507290000096, value=right, duration=None>
456.4129 	EXP 	New trial (rep=28, index=4): <Trial 284 (4 in rep 28) data={'cue_arrow': '←', 'target_x': 0.5, 'condition': 'invalid', 'corr_Ans': 'right', 'thisN': 284, 'thisTrialN': 4, 'thisRepN': 28}>
456.4160 	DATA 	Keypress: right
456.4285 	EXP 	fixation: autoDraw = False
456.4285 	EXP 	cue_text: autoDraw = False
456.4285 	EXP 	target: autoDraw = False
456.4285 	EXP 	cue_text: height = np.float64(0.1)
456.4285 	EXP 	cue_text: height = np.float64(0.1)
456.4285 	EXP 	cue_text: height = np.float64(0.1)
456.4285 	EXP 	cue_text: text = '←'
456.4285 	EXP 	fixation: autoDraw = True
456.5623 	EXP 	Device response: <KeyPress from None: t=456.40507290000096, value=right, duration=0.14454149999073707>
456.9117 	EXP 	fixation: autoDraw = False
456.9117 	EXP 	cue_text: autoDraw = True
457.2285 	EXP 	cue_text: autoDraw = False
457.5125 	INFO 	Keyboard events cleared
457.5123 	EXP 	target: autoDraw = True
458.8296 	EXP 	Device response: <KeyPress from None: t=458.8290349000017, value=right, duration=None>
458.8307 	DATA 	Keypress: right
458.8464 	EXP 	New trial (rep=28, index=5): <Trial 285 (5 in rep 28) data={'cue_arrow': '→', 'target_x': 0.5, 'condition': 'valid', 'corr_Ans': 'right', 'thisN': 285, 'thisTrialN': 5, 'thisRepN': 28}>
458.8618 	EXP 	fixation: autoDraw = False
458.8618 	EXP 	cue_text: autoDraw = False
458.8618 	EXP 	target: autoDraw = False
458.8618 	EXP 	cue_text: height = np.float64(0.1)
458.8618 	EXP 	cue_text: height = np.float64(0.1)
458.8618 	EXP 	cue_text: height = np.float64(0.1)
458.8618 	EXP 	cue_text: text = '→'
458.8618 	EXP 	fixation: autoDraw = True
458.9964 	EXP 	Device response: <KeyPress from None: t=458.8290349000017, value=right, duration=0.1591208000027109>
459.3465 	EXP 	fixation: autoDraw = False
459.3465 	EXP 	cue_text: autoDraw = True
459.6454 	EXP 	cue_text: autoDraw = False
459.9452 	INFO 	Keyboard events cleared
459.9451 	EXP 	target: autoDraw = True
460.4957 	EXP 	Device response: <KeyPress from None: t=460.4883946000191, value=right, duration=None>
460.4962 	EXP 	New trial (rep=28, index=6): <Trial 286 (6 in rep 28) data={'cue_arrow': '→', 'target_x': 0.5, 'condition': 'valid', 'corr_Ans': 'right', 'thisN': 286, 'thisTrialN': 6, 'thisRepN': 28}>
460.4972 	DATA 	Keypress: right
460.5122 	EXP 	fixation: autoDraw = False
460.5122 	EXP 	cue_text: autoDraw = False
460.5122 	EXP 	target: autoDraw = False
460.5122 	EXP 	cue_text: text = '→'
460.5122 	EXP 	fixation: autoDraw = True
460.6626 	EXP 	Device response: <KeyPress from None: t=460.4883946000191, value=right, duration=0.15977059997385368>
460.9953 	EXP 	fixation: autoDraw = False
460.9953 	EXP 	cue_text: autoDraw = True
461.2971 	EXP 	cue_text: autoDraw = False
461.5958 	INFO 	Keyboard events cleared
461.5957 	EXP 	target: autoDraw = True
462.3626 	EXP 	Device response: <KeyPress from None: t=462.3469718999986, value=right, duration=None>
462.3630 	EXP 	New trial (rep=28, index=7): <Trial 287 (7 in rep 28) data={'cue_arrow': '←', 'target_x': -0.5, 'condition': 'valid', 'corr_Ans': 'left', 'thisN': 287, 'thisTrialN': 7, 'thisRepN': 28}>
462.3657 	DATA 	Keypress: right
462.3784 	EXP 	fixation: autoDraw = False
462.3784 	EXP 	cue_text: autoDraw = False
462.3784 	EXP 	target: autoDraw = False
462.3784 	EXP 	cue_text: height = np.float64(0.1)
462.3784 	EXP 	cue_text: height = np.float64(0.1)
462.3784 	EXP 	cue_text: height = np.float64(0.1)
462.3784 	EXP 	cue_text: text = '←'
462.3784 	EXP 	fixation: autoDraw = True
462.5123 	EXP 	Device response: <KeyPress from None: t=462.3469718999986, value=right, duration=0.14970360000734217>
462.8624 	EXP 	fixation: autoDraw = False
462.8624 	EXP 	cue_text: autoDraw = True
463.1621 	EXP 	cue_text: autoDraw = False
463.4619 	INFO 	Keyboard events cleared
463.4618 	EXP 	target: autoDraw = True
463.9623 	EXP 	Device response: <KeyPress from None: t=463.9566219999979, value=left, duration=None>
463.9625 	EXP 	New trial (rep=28, index=8): <Trial 288 (8 in rep 28) data={'cue_arrow': '←', 'target_x': -0.5, 'condition': 'valid', 'corr_Ans': 'left', 'thisN': 288, 'thisTrialN': 8, 'thisRepN': 28}>
463.9637 	DATA 	Keypress: left
463.9786 	EXP 	fixation: autoDraw = False
463.9786 	EXP 	cue_text: autoDraw = False
463.9786 	EXP 	target: autoDraw = False
463.9786 	EXP 	cue_text: text = '←'
463.9786 	EXP 	fixation: autoDraw = True
464.0625 	EXP 	Device response: <KeyPress from None: t=463.9566219999979, value=left, duration=0.10201160001452081>
464.4619 	EXP 	fixation: autoDraw = False
464.4619 	EXP 	cue_text: autoDraw = True
464.7620 	EXP 	cue_text: autoDraw = False
465.0621 	INFO 	Keyboard events cleared
465.0620 	EXP 	target: autoDraw = True
465.7966 	DATA 	Keypress: left
465.8128 	EXP 	Device response: <KeyPress from None: t=465.7961417000042, value=left, duration=None>
465.8130 	EXP 	New trial (rep=28, index=9): <Trial 289 (9 in rep 28) data={'cue_arrow': '→', 'target_x': 0.5, 'condition': 'valid', 'corr_Ans': 'right', 'thisN': 289, 'thisTrialN': 9, 'thisRepN': 28}>
465.8284 	EXP 	fixation: autoDraw = False
465.8284 	EXP 	cue_text: autoDraw = False
465.8284 	EXP 	target: autoDraw = False
465.8284 	EXP 	cue_text: height = np.float64(0.1)
465.8284 	EXP 	cue_text: height = np.float64(0.1)
465.8284 	EXP 	cue_text: height = np.float64(0.1)
465.8284 	EXP 	cue_text: text = '→'
465.8284 	EXP 	fixation: autoDraw = True
465.8788 	EXP 	Device response: <KeyPress from None: t=465.7961417000042, value=left, duration=0.07557399998768233>
466.3124 	EXP 	fixation: autoDraw = False
466.3124 	EXP 	cue_text: autoDraw = True
466.6119 	EXP 	cue_text: autoDraw = False
466.9121 	INFO 	Keyboard events cleared
466.9119 	EXP 	target: autoDraw = True
467.2960 	EXP 	Device response: <KeyPress from None: t=467.28785439999774, value=right, duration=None>
467.2963 	EXP 	New trial (rep=29, index=0): <Trial 290 (0 in rep 29) data={'cue_arrow': '←', 'target_x': -0.5, 'condition': 'valid', 'corr_Ans': 'left', 'thisN': 290, 'thisTrialN': 0, 'thisRepN': 29}>
467.2989 	DATA 	Keypress: right
467.3121 	EXP 	fixation: autoDraw = False
467.3121 	EXP 	cue_text: autoDraw = False
467.3121 	EXP 	target: autoDraw = False
467.3121 	EXP 	cue_text: height = np.float64(0.1)
467.3121 	EXP 	cue_text: height = np.float64(0.1)
467.3121 	EXP 	cue_text: height = np.float64(0.1)
467.3121 	EXP 	cue_text: text = '←'
467.3121 	EXP 	fixation: autoDraw = True
467.4297 	EXP 	Device response: <KeyPress from None: t=467.28785439999774, value=right, duration=0.1244414999964647>
467.7952 	EXP 	fixation: autoDraw = False
467.7952 	EXP 	cue_text: autoDraw = True
468.0956 	EXP 	cue_text: autoDraw = False
468.3958 	INFO 	Keyboard events cleared
468.3957 	EXP 	target: autoDraw = True
468.8460 	EXP 	Device response: <KeyPress from None: t=468.8339882, value=left, duration=None>
468.8464 	EXP 	New trial (rep=29, index=1): <Trial 291 (1 in rep 29) data={'cue_arrow': '→', 'target_x': 0.5, 'condition': 'valid', 'corr_Ans': 'right', 'thisN': 291, 'thisTrialN': 1, 'thisRepN': 29}>
468.8488 	DATA 	Keypress: left
468.8623 	EXP 	fixation: autoDraw = False
468.8623 	EXP 	cue_text: autoDraw = False
468.8623 	EXP 	target: autoDraw = False
468.8623 	EXP 	cue_text: height = np.float64(0.1)
468.8623 	EXP 	cue_text: height = np.float64(0.1)
468.8623 	EXP 	cue_text: height = np.float64(0.1)
468.8623 	EXP 	cue_text: text = '→'
468.8623 	EXP 	fixation: autoDraw = True
468.9622 	EXP 	Device response: <KeyPress from None: t=468.8339882, value=left, duration=0.12330010000732727>
469.3458 	EXP 	fixation: autoDraw = False
469.3458 	EXP 	cue_text: autoDraw = True
469.6454 	EXP 	cue_text: autoDraw = False
469.9454 	INFO 	Keyboard events cleared
469.9452 	EXP 	target: autoDraw = True
470.2628 	EXP 	Device response: <KeyPress from None: t=470.2572177000111, value=right, duration=None>
470.2631 	EXP 	New trial (rep=29, index=2): <Trial 292 (2 in rep 29) data={'cue_arrow': '→', 'target_x': 0.5, 'condition': 'valid', 'corr_Ans': 'right', 'thisN': 292, 'thisTrialN': 2, 'thisRepN': 29}>
470.2639 	DATA 	Keypress: right
470.2789 	EXP 	fixation: autoDraw = False
470.2789 	EXP 	cue_text: autoDraw = False
470.2789 	EXP 	target: autoDraw = False
470.2789 	EXP 	cue_text: text = '→'
470.2789 	EXP 	fixation: autoDraw = True
470.4132 	EXP 	Device response: <KeyPress from None: t=470.2572177000111, value=right, duration=0.14554120000684634>
470.7619 	EXP 	fixation: autoDraw = False
470.7619 	EXP 	cue_text: autoDraw = True
471.0621 	EXP 	cue_text: autoDraw = False
471.3623 	INFO 	Keyboard events cleared
471.3622 	EXP 	target: autoDraw = True
471.7290 	EXP 	Device response: <KeyPress from None: t=471.72779880001326, value=right, duration=None>
471.7292 	EXP 	New trial (rep=29, index=3): <Trial 293 (3 in rep 29) data={'cue_arrow': '←', 'target_x': 0.5, 'condition': 'invalid', 'corr_Ans': 'right', 'thisN': 293, 'thisTrialN': 3, 'thisRepN': 29}>
471.7327 	DATA 	Keypress: right
471.7455 	EXP 	fixation: autoDraw = False
471.7455 	EXP 	cue_text: autoDraw = False
471.7455 	EXP 	target: autoDraw = False
471.7455 	EXP 	cue_text: height = np.float64(0.1)
471.7455 	EXP 	cue_text: height = np.float64(0.1)
471.7455 	EXP 	cue_text: height = np.float64(0.1)
471.7455 	EXP 	cue_text: text = '←'
471.7455 	EXP 	fixation: autoDraw = True
471.8625 	EXP 	Device response: <KeyPress from None: t=471.72779880001326, value=right, duration=0.12961010000435635>
472.2288 	EXP 	fixation: autoDraw = False
472.2288 	EXP 	cue_text: autoDraw = True
472.5288 	EXP 	cue_text: autoDraw = False
472.8289 	INFO 	Keyboard events cleared
472.8288 	EXP 	target: autoDraw = True
474.2463 	EXP 	Device response: <KeyPress from None: t=474.230798900011, value=right, duration=None>
474.2468 	EXP 	New trial (rep=29, index=4): <Trial 294 (4 in rep 29) data={'cue_arrow': '→', 'target_x': 0.5, 'condition': 'valid', 'corr_Ans': 'right', 'thisN': 294, 'thisTrialN': 4, 'thisRepN': 29}>
474.2499 	DATA 	Keypress: right
474.2624 	EXP 	fixation: autoDraw = False
474.2624 	EXP 	cue_text: autoDraw = False
474.2624 	EXP 	target: autoDraw = False
474.2624 	EXP 	cue_text: height = np.float64(0.1)
474.2624 	EXP 	cue_text: height = np.float64(0.1)
474.2624 	EXP 	cue_text: height = np.float64(0.1)
474.2624 	EXP 	cue_text: text = '→'
474.2624 	EXP 	fixation: autoDraw = True
474.4628 	EXP 	Device response: <KeyPress from None: t=474.230798900011, value=right, duration=0.21971730000223033>
474.7455 	EXP 	fixation: autoDraw = False
474.7455 	EXP 	cue_text: autoDraw = True
475.0628 	EXP 	cue_text: autoDraw = False
475.3455 	INFO 	Keyboard events cleared
475.3453 	EXP 	target: autoDraw = True
475.7289 	EXP 	Device response: <KeyPress from None: t=475.7160644000105, value=right, duration=None>
475.7291 	EXP 	New trial (rep=29, index=5): <Trial 295 (5 in rep 29) data={'cue_arrow': '→', 'target_x': -0.5, 'condition': 'invalid', 'corr_Ans': 'left', 'thisN': 295, 'thisTrialN': 5, 'thisRepN': 29}>
475.7301 	DATA 	Keypress: right
475.7457 	EXP 	fixation: autoDraw = False
475.7457 	EXP 	cue_text: autoDraw = False
475.7457 	EXP 	target: autoDraw = False
475.7457 	EXP 	cue_text: text = '→'
475.7457 	EXP 	fixation: autoDraw = True
475.8455 	EXP 	Device response: <KeyPress from None: t=475.7160644000105, value=right, duration=0.1214689000044018>
476.2291 	EXP 	fixation: autoDraw = False
476.2291 	EXP 	cue_text: autoDraw = True
476.5287 	EXP 	cue_text: autoDraw = False
476.8289 	INFO 	Keyboard events cleared
476.8288 	EXP 	target: autoDraw = True
477.8796 	EXP 	Device response: <KeyPress from None: t=477.871407300001, value=left, duration=None>
477.8799 	EXP 	New trial (rep=29, index=6): <Trial 296 (6 in rep 29) data={'cue_arrow': '←', 'target_x': -0.5, 'condition': 'valid', 'corr_Ans': 'left', 'thisN': 296, 'thisTrialN': 6, 'thisRepN': 29}>
477.8826 	DATA 	Keypress: left
477.8954 	EXP 	fixation: autoDraw = False
477.8954 	EXP 	cue_text: autoDraw = False
477.8954 	EXP 	target: autoDraw = False
477.8954 	EXP 	cue_text: height = np.float64(0.1)
477.8954 	EXP 	cue_text: height = np.float64(0.1)
477.8954 	EXP 	cue_text: height = np.float64(0.1)
477.8954 	EXP 	cue_text: text = '←'
477.8954 	EXP 	fixation: autoDraw = True
478.0459 	EXP 	Device response: <KeyPress from None: t=477.871407300001, value=left, duration=0.16972189999069087>
478.3796 	EXP 	fixation: autoDraw = False
478.3796 	EXP 	cue_text: autoDraw = True
478.6793 	EXP 	cue_text: autoDraw = False
478.9789 	INFO 	Keyboard events cleared
478.9788 	EXP 	target: autoDraw = True
479.3631 	EXP 	Device response: <KeyPress from None: t=479.3594885999919, value=left, duration=None>
479.3633 	EXP 	New trial (rep=29, index=7): <Trial 297 (7 in rep 29) data={'cue_arrow': '→', 'target_x': 0.5, 'condition': 'valid', 'corr_Ans': 'right', 'thisN': 297, 'thisTrialN': 7, 'thisRepN': 29}>
479.3657 	DATA 	Keypress: left
479.3791 	EXP 	fixation: autoDraw = False
479.3791 	EXP 	cue_text: autoDraw = False
479.3791 	EXP 	target: autoDraw = False
479.3791 	EXP 	cue_text: height = np.float64(0.1)
479.3791 	EXP 	cue_text: height = np.float64(0.1)
479.3791 	EXP 	cue_text: height = np.float64(0.1)
479.3791 	EXP 	cue_text: text = '→'
479.3791 	EXP 	fixation: autoDraw = True
479.5129 	EXP 	Device response: <KeyPress from None: t=479.3594885999919, value=left, duration=0.13842440000735223>
479.8622 	EXP 	fixation: autoDraw = False
479.8622 	EXP 	cue_text: autoDraw = True
480.1629 	EXP 	cue_text: autoDraw = False
480.4625 	INFO 	Keyboard events cleared
480.4623 	EXP 	target: autoDraw = True
480.7459 	EXP 	Device response: <KeyPress from None: t=480.73667159999604, value=right, duration=None>
480.7462 	EXP 	New trial (rep=29, index=8): <Trial 298 (8 in rep 29) data={'cue_arrow': '←', 'target_x': -0.5, 'condition': 'valid', 'corr_Ans': 'left', 'thisN': 298, 'thisTrialN': 8, 'thisRepN': 29}>
480.7485 	DATA 	Keypress: right
480.7623 	EXP 	fixation: autoDraw = False
480.7623 	EXP 	cue_text: autoDraw = False
480.7623 	EXP 	target: autoDraw = False
480.7623 	EXP 	cue_text: height = np.float64(0.1)
480.7623 	EXP 	cue_text: height = np.float64(0.1)
480.7623 	EXP 	cue_text: height = np.float64(0.1)
480.7623 	EXP 	cue_text: text = '←'
480.7623 	EXP 	fixation: autoDraw = True
480.8792 	EXP 	Device response: <KeyPress from None: t=480.73667159999604, value=right, duration=0.13134600000921637>
481.2466 	EXP 	fixation: autoDraw = False
481.2466 	EXP 	cue_text: autoDraw = True
481.5457 	EXP 	cue_text: autoDraw = False
481.8458 	INFO 	Keyboard events cleared
481.8457 	EXP 	target: autoDraw = True
482.1962 	EXP 	Device response: <KeyPress from None: t=482.19562489999225, value=left, duration=None>
482.1965 	EXP 	New trial (rep=29, index=9): <Trial 299 (9 in rep 29) data={'cue_arrow': '←', 'target_x': -0.5, 'condition': 'valid', 'corr_Ans': 'left', 'thisN': 299, 'thisTrialN': 9, 'thisRepN': 29}>
482.1978 	DATA 	Keypress: left
482.2124 	EXP 	fixation: autoDraw = False
482.2124 	EXP 	cue_text: autoDraw = False
482.2124 	EXP 	target: autoDraw = False
482.2124 	EXP 	cue_text: text = '←'
482.2124 	EXP 	fixation: autoDraw = True
482.3294 	EXP 	Device response: <KeyPress from None: t=482.19562489999225, value=left, duration=0.11780690000159666>
482.6957 	EXP 	fixation: autoDraw = False
482.6957 	EXP 	cue_text: autoDraw = True
482.9974 	EXP 	cue_text: autoDraw = False
483.2971 	INFO 	Keyboard events cleared
483.2969 	EXP 	target: autoDraw = True
483.8464 	EXP 	Device response: <KeyPress from None: t=483.8434695000178, value=left, duration=None>
483.8467 	EXP 	New trial (rep=30, index=0): <Trial 300 (0 in rep 30) data={'cue_arrow': '→', 'target_x': 0.5, 'condition': 'valid', 'corr_Ans': 'right', 'thisN': 300, 'thisTrialN': 0, 'thisRepN': 30}>
483.8499 	DATA 	Keypress: left
483.8623 	EXP 	fixation: autoDraw = False
483.8623 	EXP 	cue_text: autoDraw = False
483.8623 	EXP 	target: autoDraw = False
483.8623 	EXP 	cue_text: height = np.float64(0.1)
483.8623 	EXP 	cue_text: height = np.float64(0.1)
483.8623 	EXP 	cue_text: height = np.float64(0.1)
483.8623 	EXP 	cue_text: text = '→'
483.8623 	EXP 	fixation: autoDraw = True
483.9628 	EXP 	Device response: <KeyPress from None: t=483.8434695000178, value=left, duration=0.117460299981758>
484.3468 	EXP 	fixation: autoDraw = False
484.3468 	EXP 	cue_text: autoDraw = True
484.6467 	EXP 	cue_text: autoDraw = False
484.9476 	INFO 	Keyboard events cleared
484.9474 	EXP 	target: autoDraw = True
485.2801 	EXP 	Device response: <KeyPress from None: t=485.2769771000021, value=right, duration=None>
485.2803 	EXP 	New trial (rep=30, index=1): <Trial 301 (1 in rep 30) data={'cue_arrow': '←', 'target_x': -0.5, 'condition': 'valid', 'corr_Ans': 'left', 'thisN': 301, 'thisTrialN': 1, 'thisRepN': 30}>
485.2839 	DATA 	Keypress: right
485.2959 	EXP 	fixation: autoDraw = False
485.2959 	EXP 	cue_text: autoDraw = False
485.2959 	EXP 	target: autoDraw = False
485.2959 	EXP 	cue_text: height = np.float64(0.1)
485.2959 	EXP 	cue_text: height = np.float64(0.1)
485.2959 	EXP 	cue_text: height = np.float64(0.1)
485.2959 	EXP 	cue_text: text = '←'
485.2959 	EXP 	fixation: autoDraw = True
485.4297 	EXP 	Device response: <KeyPress from None: t=485.2769771000021, value=right, duration=0.13775739999255165>
485.7806 	EXP 	fixation: autoDraw = False
485.7806 	EXP 	cue_text: autoDraw = True
486.0805 	EXP 	cue_text: autoDraw = False
486.3796 	INFO 	Keyboard events cleared
486.3795 	EXP 	target: autoDraw = True
486.7301 	EXP 	Device response: <KeyPress from None: t=486.7255713000195, value=left, duration=None>
486.7305 	EXP 	New trial (rep=30, index=2): <Trial 302 (2 in rep 30) data={'cue_arrow': '←', 'target_x': -0.5, 'condition': 'valid', 'corr_Ans': 'left', 'thisN': 302, 'thisTrialN': 2, 'thisRepN': 30}>
486.7318 	DATA 	Keypress: left
486.7459 	EXP 	fixation: autoDraw = False
486.7459 	EXP 	cue_text: autoDraw = False
486.7459 	EXP 	target: autoDraw = False
486.7459 	EXP 	cue_text: text = '←'
486.7459 	EXP 	fixation: autoDraw = True
486.8474 	EXP 	Device response: <KeyPress from None: t=486.7255713000195, value=left, duration=0.11660009998013265>
487.2300 	EXP 	fixation: autoDraw = False
487.2300 	EXP 	cue_text: autoDraw = True
487.5311 	EXP 	cue_text: autoDraw = False
487.8313 	INFO 	Keyboard events cleared
487.8311 	EXP 	target: autoDraw = True
488.1475 	EXP 	Device response: <KeyPress from None: t=488.1447293999954, value=left, duration=None>
488.1479 	EXP 	New trial (rep=30, index=3): <Trial 303 (3 in rep 30) data={'cue_arrow': '←', 'target_x': -0.5, 'condition': 'valid', 'corr_Ans': 'left', 'thisN': 303, 'thisTrialN': 3, 'thisRepN': 30}>
488.1491 	DATA 	Keypress: left
488.1631 	EXP 	fixation: autoDraw = False
488.1631 	EXP 	cue_text: autoDraw = False
488.1631 	EXP 	target: autoDraw = False
488.1631 	EXP 	cue_text: text = '←'
488.1631 	EXP 	fixation: autoDraw = True
488.2966 	EXP 	Device response: <KeyPress from None: t=488.1447293999954, value=left, duration=0.13939870000467636>
488.6462 	EXP 	fixation: autoDraw = False
488.6462 	EXP 	cue_text: autoDraw = True
488.9629 	EXP 	cue_text: autoDraw = False
489.2479 	INFO 	Keyboard events cleared
489.2477 	EXP 	target: autoDraw = True
489.7139 	EXP 	Device response: <KeyPress from None: t=489.7047159000067, value=left, duration=None>
489.7143 	EXP 	New trial (rep=30, index=4): <Trial 304 (4 in rep 30) data={'cue_arrow': '→', 'target_x': 0.5, 'condition': 'valid', 'corr_Ans': 'right', 'thisN': 304, 'thisTrialN': 4, 'thisRepN': 30}>
489.7177 	DATA 	Keypress: left
489.7302 	EXP 	fixation: autoDraw = False
489.7302 	EXP 	cue_text: autoDraw = False
489.7302 	EXP 	target: autoDraw = False
489.7302 	EXP 	cue_text: height = np.float64(0.1)
489.7302 	EXP 	cue_text: height = np.float64(0.1)
489.7302 	EXP 	cue_text: height = np.float64(0.1)
489.7302 	EXP 	cue_text: text = '→'
489.7302 	EXP 	fixation: autoDraw = True
489.8148 	EXP 	Device response: <KeyPress from None: t=489.7047159000067, value=left, duration=0.10606879999977536>
490.2140 	EXP 	fixation: autoDraw = False
490.2140 	EXP 	cue_text: autoDraw = True
490.5145 	EXP 	cue_text: autoDraw = False
490.8131 	INFO 	Keyboard events cleared
490.8129 	EXP 	target: autoDraw = True
491.5304 	EXP 	Device response: <KeyPress from None: t=491.5150237000198, value=right, duration=None>
491.5307 	EXP 	New trial (rep=30, index=5): <Trial 305 (5 in rep 30) data={'cue_arrow': '→', 'target_x': -0.5, 'condition': 'invalid', 'corr_Ans': 'left', 'thisN': 305, 'thisTrialN': 5, 'thisRepN': 30}>
491.5324 	DATA 	Keypress: right
491.5467 	EXP 	fixation: autoDraw = False
491.5467 	EXP 	cue_text: autoDraw = False
491.5467 	EXP 	target: autoDraw = False
491.5467 	EXP 	cue_text: text = '→'
491.5467 	EXP 	fixation: autoDraw = True
491.6968 	EXP 	Device response: <KeyPress from None: t=491.5150237000198, value=right, duration=0.17611989998840727>
492.0293 	EXP 	fixation: autoDraw = False
492.0293 	EXP 	cue_text: autoDraw = True
492.3470 	EXP 	cue_text: autoDraw = False
492.6463 	INFO 	Keyboard events cleared
492.6461 	EXP 	target: autoDraw = True
493.7297 	EXP 	Device response: <KeyPress from None: t=493.7243299999973, value=left, duration=None>
493.7300 	EXP 	New trial (rep=30, index=6): <Trial 306 (6 in rep 30) data={'cue_arrow': '←', 'target_x': 0.5, 'condition': 'invalid', 'corr_Ans': 'right', 'thisN': 306, 'thisTrialN': 6, 'thisRepN': 30}>
493.7329 	DATA 	Keypress: left
493.7461 	EXP 	fixation: autoDraw = False
493.7461 	EXP 	cue_text: autoDraw = False
493.7461 	EXP 	target: autoDraw = False
493.7461 	EXP 	cue_text: height = np.float64(0.1)
493.7461 	EXP 	cue_text: height = np.float64(0.1)
493.7461 	EXP 	cue_text: height = np.float64(0.1)
493.7461 	EXP 	cue_text: text = '←'
493.7461 	EXP 	fixation: autoDraw = True
493.8627 	EXP 	Device response: <KeyPress from None: t=493.7243299999973, value=left, duration=0.13210290001006797>
494.2291 	EXP 	fixation: autoDraw = False
494.2291 	EXP 	cue_text: autoDraw = True
494.5294 	EXP 	cue_text: autoDraw = False
494.8294 	INFO 	Keyboard events cleared
494.8293 	EXP 	target: autoDraw = True
495.6295 	EXP 	Device response: <KeyPress from None: t=495.6277134999982, value=right, duration=None>
495.6297 	EXP 	New trial (rep=30, index=7): <Trial 307 (7 in rep 30) data={'cue_arrow': '→', 'target_x': 0.5, 'condition': 'valid', 'corr_Ans': 'right', 'thisN': 307, 'thisTrialN': 7, 'thisRepN': 30}>
495.6323 	DATA 	Keypress: right
495.6458 	EXP 	fixation: autoDraw = False
495.6458 	EXP 	cue_text: autoDraw = False
495.6458 	EXP 	target: autoDraw = False
495.6458 	EXP 	cue_text: height = np.float64(0.1)
495.6458 	EXP 	cue_text: height = np.float64(0.1)
495.6458 	EXP 	cue_text: height = np.float64(0.1)
495.6458 	EXP 	cue_text: text = '→'
495.6458 	EXP 	fixation: autoDraw = True
495.7794 	EXP 	Device response: <KeyPress from None: t=495.6277134999982, value=right, duration=0.13820159999886528>
496.1291 	EXP 	fixation: autoDraw = False
496.1291 	EXP 	cue_text: autoDraw = True
496.4295 	EXP 	cue_text: autoDraw = False
496.7293 	INFO 	Keyboard events cleared
496.7292 	EXP 	target: autoDraw = True
497.2968 	EXP 	Device response: <KeyPress from None: t=497.28797649999615, value=right, duration=None>
497.2973 	EXP 	New trial (rep=30, index=8): <Trial 308 (8 in rep 30) data={'cue_arrow': '←', 'target_x': -0.5, 'condition': 'valid', 'corr_Ans': 'left', 'thisN': 308, 'thisTrialN': 8, 'thisRepN': 30}>
497.3016 	DATA 	Keypress: right
497.3129 	EXP 	fixation: autoDraw = False
497.3129 	EXP 	cue_text: autoDraw = False
497.3129 	EXP 	target: autoDraw = False
497.3129 	EXP 	cue_text: height = np.float64(0.1)
497.3129 	EXP 	cue_text: height = np.float64(0.1)
497.3129 	EXP 	cue_text: height = np.float64(0.1)
497.3129 	EXP 	cue_text: text = '←'
497.3129 	EXP 	fixation: autoDraw = True
497.4463 	EXP 	Device response: <KeyPress from None: t=497.28797649999615, value=right, duration=0.14988360001007095>
497.7959 	EXP 	fixation: autoDraw = False
497.7959 	EXP 	cue_text: autoDraw = True
498.0962 	EXP 	cue_text: autoDraw = False
498.4128 	INFO 	Keyboard events cleared
498.4127 	EXP 	target: autoDraw = True
498.8799 	EXP 	Device response: <KeyPress from None: t=498.87784920001286, value=left, duration=None>
498.8801 	EXP 	New trial (rep=30, index=9): <Trial 309 (9 in rep 30) data={'cue_arrow': '→', 'target_x': 0.5, 'condition': 'valid', 'corr_Ans': 'right', 'thisN': 309, 'thisTrialN': 9, 'thisRepN': 30}>
498.8829 	DATA 	Keypress: left
498.8959 	EXP 	fixation: autoDraw = False
498.8959 	EXP 	cue_text: autoDraw = False
498.8959 	EXP 	target: autoDraw = False
498.8959 	EXP 	cue_text: height = np.float64(0.1)
498.8959 	EXP 	cue_text: height = np.float64(0.1)
498.8959 	EXP 	cue_text: height = np.float64(0.1)
498.8959 	EXP 	cue_text: text = '→'
498.8959 	EXP 	fixation: autoDraw = True
498.9795 	EXP 	Device response: <KeyPress from None: t=498.87784920001286, value=left, duration=0.08494000000064261>
499.3798 	EXP 	fixation: autoDraw = False
499.3798 	EXP 	cue_text: autoDraw = True
499.6793 	EXP 	cue_text: autoDraw = False
499.9793 	INFO 	Keyboard events cleared
499.9792 	EXP 	target: autoDraw = True
500.3296 	EXP 	Device response: <KeyPress from None: t=500.32639220001874, value=right, duration=None>
500.3298 	EXP 	New trial (rep=31, index=0): <Trial 310 (0 in rep 31) data={'cue_arrow': '←', 'target_x': -0.5, 'condition': 'valid', 'corr_Ans': 'left', 'thisN': 310, 'thisTrialN': 0, 'thisRepN': 31}>
500.3321 	DATA 	Keypress: right
500.3460 	EXP 	fixation: autoDraw = False
500.3460 	EXP 	cue_text: autoDraw = False
500.3460 	EXP 	target: autoDraw = False
500.3460 	EXP 	cue_text: height = np.float64(0.1)
500.3460 	EXP 	cue_text: height = np.float64(0.1)
500.3460 	EXP 	cue_text: height = np.float64(0.1)
500.3460 	EXP 	cue_text: text = '←'
500.3460 	EXP 	fixation: autoDraw = True
500.4802 	EXP 	Device response: <KeyPress from None: t=500.32639220001874, value=right, duration=0.1403878999990411>
500.8291 	EXP 	fixation: autoDraw = False
500.8291 	EXP 	cue_text: autoDraw = True
501.1294 	EXP 	cue_text: autoDraw = False
501.4296 	INFO 	Keyboard events cleared
501.4295 	EXP 	target: autoDraw = True
501.8802 	EXP 	Device response: <KeyPress from None: t=501.87221910001244, value=left, duration=None>
501.8806 	EXP 	New trial (rep=31, index=1): <Trial 311 (1 in rep 31) data={'cue_arrow': '→', 'target_x': 0.5, 'condition': 'valid', 'corr_Ans': 'right', 'thisN': 311, 'thisTrialN': 1, 'thisRepN': 31}>
501.8849 	DATA 	Keypress: left
501.8966 	EXP 	fixation: autoDraw = False
501.8966 	EXP 	cue_text: autoDraw = False
501.8966 	EXP 	target: autoDraw = False
501.8966 	EXP 	cue_text: height = np.float64(0.1)
501.8966 	EXP 	cue_text: height = np.float64(0.1)
501.8966 	EXP 	cue_text: height = np.float64(0.1)
501.8966 	EXP 	cue_text: text = '→'
501.8966 	EXP 	fixation: autoDraw = True
502.0462 	EXP 	Device response: <KeyPress from None: t=501.87221910001244, value=left, duration=0.15847999998368323>
502.3793 	EXP 	fixation: autoDraw = False
502.3793 	EXP 	cue_text: autoDraw = True
502.6800 	EXP 	cue_text: autoDraw = False
502.9802 	INFO 	Keyboard events cleared
502.9801 	EXP 	target: autoDraw = True
503.2303 	EXP 	Device response: <KeyPress from None: t=503.2239569000085, value=right, duration=None>
503.2305 	EXP 	New trial (rep=31, index=2): <Trial 312 (2 in rep 31) data={'cue_arrow': '←', 'target_x': 0.5, 'condition': 'invalid', 'corr_Ans': 'right', 'thisN': 312, 'thisTrialN': 2, 'thisRepN': 31}>
503.2328 	DATA 	Keypress: right
503.2462 	EXP 	fixation: autoDraw = False
503.2462 	EXP 	cue_text: autoDraw = False
503.2462 	EXP 	target: autoDraw = False
503.2462 	EXP 	cue_text: height = np.float64(0.1)
503.2462 	EXP 	cue_text: height = np.float64(0.1)
503.2462 	EXP 	cue_text: height = np.float64(0.1)
503.2462 	EXP 	cue_text: text = '←'
503.2462 	EXP 	fixation: autoDraw = True
503.3972 	EXP 	Device response: <KeyPress from None: t=503.2239569000085, value=right, duration=0.16930400001001544>
503.7295 	EXP 	fixation: autoDraw = False
503.7295 	EXP 	cue_text: autoDraw = True
504.0309 	EXP 	cue_text: autoDraw = False
504.3303 	INFO 	Keyboard events cleared
504.3301 	EXP 	target: autoDraw = True
505.2138 	EXP 	Device response: <KeyPress from None: t=505.2061628999945, value=right, duration=None>
505.2142 	EXP 	New trial (rep=31, index=3): <Trial 313 (3 in rep 31) data={'cue_arrow': '→', 'target_x': 0.5, 'condition': 'valid', 'corr_Ans': 'right', 'thisN': 313, 'thisTrialN': 3, 'thisRepN': 31}>
505.2169 	DATA 	Keypress: right
505.2302 	EXP 	fixation: autoDraw = False
505.2302 	EXP 	cue_text: autoDraw = False
505.2302 	EXP 	target: autoDraw = False
505.2302 	EXP 	cue_text: height = np.float64(0.1)
505.2302 	EXP 	cue_text: height = np.float64(0.1)
505.2302 	EXP 	cue_text: height = np.float64(0.1)
505.2302 	EXP 	cue_text: text = '→'
505.2302 	EXP 	fixation: autoDraw = True
505.3969 	EXP 	Device response: <KeyPress from None: t=505.2061628999945, value=right, duration=0.1798189000110142>
505.7141 	EXP 	fixation: autoDraw = False
505.7141 	EXP 	cue_text: autoDraw = True
506.0149 	EXP 	cue_text: autoDraw = False
506.3135 	INFO 	Keyboard events cleared
506.3134 	EXP 	target: autoDraw = True
507.1802 	EXP 	Device response: <KeyPress from None: t=507.17696070001693, value=right, duration=None>
507.1806 	EXP 	New trial (rep=31, index=4): <Trial 314 (4 in rep 31) data={'cue_arrow': '←', 'target_x': -0.5, 'condition': 'valid', 'corr_Ans': 'left', 'thisN': 314, 'thisTrialN': 4, 'thisRepN': 31}>
507.1852 	DATA 	Keypress: right
507.1969 	EXP 	fixation: autoDraw = False
507.1969 	EXP 	cue_text: autoDraw = False
507.1969 	EXP 	target: autoDraw = False
507.1969 	EXP 	cue_text: height = np.float64(0.1)
507.1969 	EXP 	cue_text: height = np.float64(0.1)
507.1969 	EXP 	cue_text: height = np.float64(0.1)
507.1969 	EXP 	cue_text: text = '←'
507.1969 	EXP 	fixation: autoDraw = True
507.3148 	EXP 	Device response: <KeyPress from None: t=507.17696070001693, value=right, duration=0.1298860999813769>
507.6803 	EXP 	fixation: autoDraw = False
507.6803 	EXP 	cue_text: autoDraw = True
507.9809 	EXP 	cue_text: autoDraw = False
508.2801 	INFO 	Keyboard events cleared
508.2799 	EXP 	target: autoDraw = True
508.5806 	EXP 	Device response: <KeyPress from None: t=508.5731528000033, value=left, duration=None>
508.5810 	EXP 	New trial (rep=31, index=5): <Trial 315 (5 in rep 31) data={'cue_arrow': '→', 'target_x': 0.5, 'condition': 'valid', 'corr_Ans': 'right', 'thisN': 315, 'thisTrialN': 5, 'thisRepN': 31}>
508.5842 	DATA 	Keypress: left
508.5964 	EXP 	fixation: autoDraw = False
508.5964 	EXP 	cue_text: autoDraw = False
508.5964 	EXP 	target: autoDraw = False
508.5964 	EXP 	cue_text: height = np.float64(0.1)
508.5964 	EXP 	cue_text: height = np.float64(0.1)
508.5964 	EXP 	cue_text: height = np.float64(0.1)
508.5964 	EXP 	cue_text: text = '→'
508.5964 	EXP 	fixation: autoDraw = True
508.6978 	EXP 	Device response: <KeyPress from None: t=508.5731528000033, value=left, duration=0.12397419998887926>
509.0811 	EXP 	fixation: autoDraw = False
509.0811 	EXP 	cue_text: autoDraw = True
509.3810 	EXP 	cue_text: autoDraw = False
509.6813 	INFO 	Keyboard events cleared
509.6812 	EXP 	target: autoDraw = True
509.9635 	EXP 	Device response: <KeyPress from None: t=509.9615447999968, value=right, duration=None>
509.9640 	EXP 	New trial (rep=31, index=6): <Trial 316 (6 in rep 31) data={'cue_arrow': '→', 'target_x': 0.5, 'condition': 'valid', 'corr_Ans': 'right', 'thisN': 316, 'thisTrialN': 6, 'thisRepN': 31}>
509.9653 	DATA 	Keypress: right
509.9805 	EXP 	fixation: autoDraw = False
509.9805 	EXP 	cue_text: autoDraw = False
509.9805 	EXP 	target: autoDraw = False
509.9805 	EXP 	cue_text: text = '→'
509.9805 	EXP 	fixation: autoDraw = True
510.1318 	EXP 	Device response: <KeyPress from None: t=509.9615447999968, value=right, duration=0.15528390000690706>
510.4632 	EXP 	fixation: autoDraw = False
510.4632 	EXP 	cue_text: autoDraw = True
510.7635 	EXP 	cue_text: autoDraw = False
511.0642 	INFO 	Keyboard events cleared
511.0641 	EXP 	target: autoDraw = True
511.4645 	EXP 	Device response: <KeyPress from None: t=511.4522816000099, value=right, duration=None>
511.4649 	EXP 	New trial (rep=31, index=7): <Trial 317 (7 in rep 31) data={'cue_arrow': '←', 'target_x': -0.5, 'condition': 'valid', 'corr_Ans': 'left', 'thisN': 317, 'thisTrialN': 7, 'thisRepN': 31}>
511.4680 	DATA 	Keypress: right
511.4799 	EXP 	fixation: autoDraw = False
511.4799 	EXP 	cue_text: autoDraw = False
511.4799 	EXP 	target: autoDraw = False
511.4799 	EXP 	cue_text: height = np.float64(0.1)
511.4799 	EXP 	cue_text: height = np.float64(0.1)
511.4799 	EXP 	cue_text: height = np.float64(0.1)
511.4799 	EXP 	cue_text: text = '←'
511.4799 	EXP 	fixation: autoDraw = True
511.6643 	EXP 	Device response: <KeyPress from None: t=511.4522816000099, value=right, duration=0.20047129999147728>
511.9797 	EXP 	fixation: autoDraw = False
511.9797 	EXP 	cue_text: autoDraw = True
512.2648 	EXP 	cue_text: autoDraw = False
512.5657 	INFO 	Keyboard events cleared
512.5655 	EXP 	target: autoDraw = True
512.8971 	EXP 	Device response: <KeyPress from None: t=512.8857971999969, value=left, duration=None>
512.8975 	EXP 	New trial (rep=31, index=8): <Trial 318 (8 in rep 31) data={'cue_arrow': '←', 'target_x': -0.5, 'condition': 'valid', 'corr_Ans': 'left', 'thisN': 318, 'thisTrialN': 8, 'thisRepN': 31}>
512.8988 	DATA 	Keypress: left
512.9132 	EXP 	fixation: autoDraw = False
512.9132 	EXP 	cue_text: autoDraw = False
512.9132 	EXP 	target: autoDraw = False
512.9132 	EXP 	cue_text: text = '←'
512.9132 	EXP 	fixation: autoDraw = True
513.0473 	EXP 	Device response: <KeyPress from None: t=512.8857971999969, value=left, duration=0.15377730000182055>
513.3965 	EXP 	fixation: autoDraw = False
513.3965 	EXP 	cue_text: autoDraw = True
513.7131 	EXP 	cue_text: autoDraw = False
514.0132 	INFO 	Keyboard events cleared
514.0131 	EXP 	target: autoDraw = True
514.4464 	EXP 	Device response: <KeyPress from None: t=514.4392064000131, value=left, duration=None>
514.4467 	EXP 	New trial (rep=31, index=9): <Trial 319 (9 in rep 31) data={'cue_arrow': '→', 'target_x': -0.5, 'condition': 'invalid', 'corr_Ans': 'left', 'thisN': 319, 'thisTrialN': 9, 'thisRepN': 31}>
514.4498 	DATA 	Keypress: left
514.4626 	EXP 	fixation: autoDraw = False
514.4626 	EXP 	cue_text: autoDraw = False
514.4626 	EXP 	target: autoDraw = False
514.4626 	EXP 	cue_text: height = np.float64(0.1)
514.4626 	EXP 	cue_text: height = np.float64(0.1)
514.4626 	EXP 	cue_text: height = np.float64(0.1)
514.4626 	EXP 	cue_text: text = '→'
514.4626 	EXP 	fixation: autoDraw = True
514.5802 	EXP 	Device response: <KeyPress from None: t=514.4392064000131, value=left, duration=0.13260189999709837>
514.9460 	EXP 	fixation: autoDraw = False
514.9460 	EXP 	cue_text: autoDraw = True
515.2460 	EXP 	cue_text: autoDraw = False
515.5470 	INFO 	Keyboard events cleared
515.5469 	EXP 	target: autoDraw = True
516.6798 	EXP 	Device response: <KeyPress from None: t=516.6748325999943, value=left, duration=None>
516.6801 	EXP 	New trial (rep=32, index=0): <Trial 320 (0 in rep 32) data={'cue_arrow': '→', 'target_x': 0.5, 'condition': 'valid', 'corr_Ans': 'right', 'thisN': 320, 'thisTrialN': 0, 'thisRepN': 32}>
516.6814 	DATA 	Keypress: left
516.6960 	EXP 	fixation: autoDraw = False
516.6960 	EXP 	cue_text: autoDraw = False
516.6960 	EXP 	target: autoDraw = False
516.6960 	EXP 	cue_text: text = '→'
516.6960 	EXP 	fixation: autoDraw = True
516.8302 	EXP 	Device response: <KeyPress from None: t=516.6748325999943, value=left, duration=0.14043040000251494>
517.1801 	EXP 	fixation: autoDraw = False
517.1801 	EXP 	cue_text: autoDraw = True
517.4799 	EXP 	cue_text: autoDraw = False
517.7800 	INFO 	Keyboard events cleared
517.7798 	EXP 	target: autoDraw = True
518.3472 	EXP 	Device response: <KeyPress from None: t=518.3404779999983, value=right, duration=None>
518.3474 	EXP 	New trial (rep=32, index=1): <Trial 321 (1 in rep 32) data={'cue_arrow': '←', 'target_x': -0.5, 'condition': 'valid', 'corr_Ans': 'left', 'thisN': 321, 'thisTrialN': 1, 'thisRepN': 32}>
518.3497 	DATA 	Keypress: right
518.3627 	EXP 	fixation: autoDraw = False
518.3627 	EXP 	cue_text: autoDraw = False
518.3627 	EXP 	target: autoDraw = False
518.3627 	EXP 	cue_text: height = np.float64(0.1)
518.3627 	EXP 	cue_text: height = np.float64(0.1)
518.3627 	EXP 	cue_text: height = np.float64(0.1)
518.3627 	EXP 	cue_text: text = '←'
518.3627 	EXP 	fixation: autoDraw = True
518.4808 	EXP 	Device response: <KeyPress from None: t=518.3404779999983, value=right, duration=0.12405850001960061>
518.8466 	EXP 	fixation: autoDraw = False
518.8466 	EXP 	cue_text: autoDraw = True
519.1464 	EXP 	cue_text: autoDraw = False
519.4468 	INFO 	Keyboard events cleared
519.4467 	EXP 	target: autoDraw = True
519.8968 	EXP 	Device response: <KeyPress from None: t=519.8963584000012, value=left, duration=None>
519.8971 	EXP 	New trial (rep=32, index=2): <Trial 322 (2 in rep 32) data={'cue_arrow': '←', 'target_x': -0.5, 'condition': 'valid', 'corr_Ans': 'left', 'thisN': 322, 'thisTrialN': 2, 'thisRepN': 32}>
519.8981 	DATA 	Keypress: left
519.9134 	EXP 	fixation: autoDraw = False
519.9134 	EXP 	cue_text: autoDraw = False
519.9134 	EXP 	target: autoDraw = False
519.9134 	EXP 	cue_text: text = '←'
519.9134 	EXP 	fixation: autoDraw = True
520.0469 	EXP 	Device response: <KeyPress from None: t=519.8963584000012, value=left, duration=0.14940439999918453>
520.3966 	EXP 	fixation: autoDraw = False
520.3966 	EXP 	cue_text: autoDraw = True
520.6962 	EXP 	cue_text: autoDraw = False
520.9964 	INFO 	Keyboard events cleared
520.9963 	EXP 	target: autoDraw = True
521.8815 	DATA 	Keypress: left
521.8971 	EXP 	Device response: <KeyPress from None: t=521.8806151000026, value=left, duration=None>
521.8973 	EXP 	New trial (rep=32, index=3): <Trial 323 (3 in rep 32) data={'cue_arrow': '→', 'target_x': 0.5, 'condition': 'valid', 'corr_Ans': 'right', 'thisN': 323, 'thisTrialN': 3, 'thisRepN': 32}>
521.9131 	EXP 	fixation: autoDraw = False
521.9131 	EXP 	cue_text: autoDraw = False
521.9131 	EXP 	target: autoDraw = False
521.9131 	EXP 	cue_text: height = np.float64(0.1)
521.9131 	EXP 	cue_text: height = np.float64(0.1)
521.9131 	EXP 	cue_text: height = np.float64(0.1)
521.9131 	EXP 	cue_text: text = '→'
521.9131 	EXP 	fixation: autoDraw = True
522.0130 	EXP 	Device response: <KeyPress from None: t=521.8806151000026, value=left, duration=0.1202525999979116>
522.3964 	EXP 	fixation: autoDraw = False
522.3964 	EXP 	cue_text: autoDraw = True
522.6963 	EXP 	cue_text: autoDraw = False
522.9965 	INFO 	Keyboard events cleared
522.9964 	EXP 	target: autoDraw = True
523.6641 	EXP 	Device response: <KeyPress from None: t=523.647910700005, value=right, duration=None>
523.6645 	EXP 	New trial (rep=32, index=4): <Trial 324 (4 in rep 32) data={'cue_arrow': '→', 'target_x': -0.5, 'condition': 'invalid', 'corr_Ans': 'left', 'thisN': 324, 'thisTrialN': 4, 'thisRepN': 32}>
523.6656 	DATA 	Keypress: right
523.6798 	EXP 	fixation: autoDraw = False
523.6798 	EXP 	cue_text: autoDraw = False
523.6798 	EXP 	target: autoDraw = False
523.6798 	EXP 	cue_text: text = '→'
523.6798 	EXP 	fixation: autoDraw = True
523.8134 	EXP 	Device response: <KeyPress from None: t=523.647910700005, value=right, duration=0.16488729999400675>
524.1800 	EXP 	fixation: autoDraw = False
524.1800 	EXP 	cue_text: autoDraw = True
524.4632 	EXP 	cue_text: autoDraw = False
524.7800 	INFO 	Keyboard events cleared
524.7799 	EXP 	target: autoDraw = True
525.7968 	EXP 	Device response: <KeyPress from None: t=525.7880130000121, value=left, duration=None>
525.7971 	EXP 	New trial (rep=32, index=5): <Trial 325 (5 in rep 32) data={'cue_arrow': '←', 'target_x': 0.5, 'condition': 'invalid', 'corr_Ans': 'right', 'thisN': 325, 'thisTrialN': 5, 'thisRepN': 32}>
525.8001 	DATA 	Keypress: left
525.8131 	EXP 	fixation: autoDraw = False
525.8131 	EXP 	cue_text: autoDraw = False
525.8131 	EXP 	target: autoDraw = False
525.8131 	EXP 	cue_text: height = np.float64(0.1)
525.8131 	EXP 	cue_text: height = np.float64(0.1)
525.8131 	EXP 	cue_text: height = np.float64(0.1)
525.8131 	EXP 	cue_text: text = '←'
525.8131 	EXP 	fixation: autoDraw = True
525.9469 	EXP 	Device response: <KeyPress from None: t=525.7880130000121, value=left, duration=0.15004509998834692>
526.2963 	EXP 	fixation: autoDraw = False
526.2963 	EXP 	cue_text: autoDraw = True
526.5966 	EXP 	cue_text: autoDraw = False
526.8971 	INFO 	Keyboard events cleared
526.8968 	EXP 	target: autoDraw = True
527.9636 	EXP 	Device response: <KeyPress from None: t=527.9590963000082, value=right, duration=None>
527.9639 	EXP 	New trial (rep=32, index=6): <Trial 326 (6 in rep 32) data={'cue_arrow': '→', 'target_x': 0.5, 'condition': 'valid', 'corr_Ans': 'right', 'thisN': 326, 'thisTrialN': 6, 'thisRepN': 32}>
527.9674 	DATA 	Keypress: right
527.9797 	EXP 	fixation: autoDraw = False
527.9797 	EXP 	cue_text: autoDraw = False
527.9797 	EXP 	target: autoDraw = False
527.9797 	EXP 	cue_text: height = np.float64(0.1)
527.9797 	EXP 	cue_text: height = np.float64(0.1)
527.9797 	EXP 	cue_text: height = np.float64(0.1)
527.9797 	EXP 	cue_text: text = '→'
527.9797 	EXP 	fixation: autoDraw = True
528.1300 	EXP 	Device response: <KeyPress from None: t=527.9590963000082, value=right, duration=0.16423649998614565>
528.4642 	EXP 	fixation: autoDraw = False
528.4642 	EXP 	cue_text: autoDraw = True
528.7631 	EXP 	cue_text: autoDraw = False
529.0632 	INFO 	Keyboard events cleared
529.0631 	EXP 	target: autoDraw = True
529.4636 	EXP 	Device response: <KeyPress from None: t=529.4590028999955, value=right, duration=None>
529.4638 	EXP 	New trial (rep=32, index=7): <Trial 327 (7 in rep 32) data={'cue_arrow': '←', 'target_x': -0.5, 'condition': 'valid', 'corr_Ans': 'left', 'thisN': 327, 'thisTrialN': 7, 'thisRepN': 32}>
529.4665 	DATA 	Keypress: right
529.4811 	EXP 	fixation: autoDraw = False
529.4811 	EXP 	cue_text: autoDraw = False
529.4811 	EXP 	target: autoDraw = False
529.4811 	EXP 	cue_text: height = np.float64(0.1)
529.4811 	EXP 	cue_text: height = np.float64(0.1)
529.4811 	EXP 	cue_text: height = np.float64(0.1)
529.4811 	EXP 	cue_text: text = '←'
529.4811 	EXP 	fixation: autoDraw = True
529.6300 	EXP 	Device response: <KeyPress from None: t=529.4590028999955, value=right, duration=0.15494080001371913>
529.9632 	EXP 	fixation: autoDraw = False
529.9632 	EXP 	cue_text: autoDraw = True
530.2634 	EXP 	cue_text: autoDraw = False
530.5633 	INFO 	Keyboard events cleared
530.5632 	EXP 	target: autoDraw = True
530.9640 	EXP 	Device response: <KeyPress from None: t=530.9596445999923, value=left, duration=None>
530.9643 	EXP 	New trial (rep=32, index=8): <Trial 328 (8 in rep 32) data={'cue_arrow': '→', 'target_x': 0.5, 'condition': 'valid', 'corr_Ans': 'right', 'thisN': 328, 'thisTrialN': 8, 'thisRepN': 32}>
530.9671 	DATA 	Keypress: left
530.9797 	EXP 	fixation: autoDraw = False
530.9797 	EXP 	cue_text: autoDraw = False
530.9797 	EXP 	target: autoDraw = False
530.9797 	EXP 	cue_text: height = np.float64(0.1)
530.9797 	EXP 	cue_text: height = np.float64(0.1)
530.9797 	EXP 	cue_text: height = np.float64(0.1)
530.9797 	EXP 	cue_text: text = '→'
530.9797 	EXP 	fixation: autoDraw = True
531.1478 	EXP 	Device response: <KeyPress from None: t=530.9596445999923, value=left, duration=0.1870898000197485>
531.4630 	EXP 	fixation: autoDraw = False
531.4630 	EXP 	cue_text: autoDraw = True
531.7630 	EXP 	cue_text: autoDraw = False
532.0634 	INFO 	Keyboard events cleared
532.0633 	EXP 	target: autoDraw = True
532.3471 	EXP 	Device response: <KeyPress from None: t=532.344997200009, value=right, duration=None>
532.3474 	EXP 	New trial (rep=32, index=9): <Trial 329 (9 in rep 32) data={'cue_arrow': '←', 'target_x': -0.5, 'condition': 'valid', 'corr_Ans': 'left', 'thisN': 329, 'thisTrialN': 9, 'thisRepN': 32}>
532.3498 	DATA 	Keypress: right
532.3632 	EXP 	fixation: autoDraw = False
532.3632 	EXP 	cue_text: autoDraw = False
532.3632 	EXP 	target: autoDraw = False
532.3632 	EXP 	cue_text: height = np.float64(0.1)
532.3632 	EXP 	cue_text: height = np.float64(0.1)
532.3632 	EXP 	cue_text: height = np.float64(0.1)
532.3632 	EXP 	cue_text: text = '←'
532.3632 	EXP 	fixation: autoDraw = True
532.5139 	EXP 	Device response: <KeyPress from None: t=532.344997200009, value=right, duration=0.15897650000988506>
532.8469 	EXP 	fixation: autoDraw = False
532.8469 	EXP 	cue_text: autoDraw = True
533.1631 	EXP 	cue_text: autoDraw = False
533.4468 	INFO 	Keyboard events cleared
533.4467 	EXP 	target: autoDraw = True
533.8802 	EXP 	Device response: <KeyPress from None: t=533.8724345999944, value=left, duration=None>
533.8806 	EXP 	New trial (rep=33, index=0): <Trial 330 (0 in rep 33) data={'cue_arrow': '→', 'target_x': 0.5, 'condition': 'valid', 'corr_Ans': 'right', 'thisN': 330, 'thisTrialN': 0, 'thisRepN': 33}>
533.8828 	DATA 	Keypress: left
533.8965 	EXP 	fixation: autoDraw = False
533.8965 	EXP 	cue_text: autoDraw = False
533.8965 	EXP 	target: autoDraw = False
533.8965 	EXP 	cue_text: height = np.float64(0.1)
533.8965 	EXP 	cue_text: height = np.float64(0.1)
533.8965 	EXP 	cue_text: height = np.float64(0.1)
533.8965 	EXP 	cue_text: text = '→'
533.8965 	EXP 	fixation: autoDraw = True
534.0298 	EXP 	Device response: <KeyPress from None: t=533.8724345999944, value=left, duration=0.14215620001778007>
534.3798 	EXP 	fixation: autoDraw = False
534.3798 	EXP 	cue_text: autoDraw = True
534.6798 	EXP 	cue_text: autoDraw = False
534.9802 	INFO 	Keyboard events cleared
534.9801 	EXP 	target: autoDraw = True
535.3144 	EXP 	Device response: <KeyPress from None: t=535.3023885000148, value=right, duration=None>
535.3147 	EXP 	New trial (rep=33, index=1): <Trial 331 (1 in rep 33) data={'cue_arrow': '←', 'target_x': -0.5, 'condition': 'valid', 'corr_Ans': 'left', 'thisN': 331, 'thisTrialN': 1, 'thisRepN': 33}>
535.3178 	DATA 	Keypress: right
535.3304 	EXP 	fixation: autoDraw = False
535.3304 	EXP 	cue_text: autoDraw = False
535.3304 	EXP 	target: autoDraw = False
535.3304 	EXP 	cue_text: height = np.float64(0.1)
535.3304 	EXP 	cue_text: height = np.float64(0.1)
535.3304 	EXP 	cue_text: height = np.float64(0.1)
535.3304 	EXP 	cue_text: text = '←'
535.3304 	EXP 	fixation: autoDraw = True
535.5140 	EXP 	Device response: <KeyPress from None: t=535.3023885000148, value=right, duration=0.20279670000309125>
535.8306 	EXP 	fixation: autoDraw = False
535.8306 	EXP 	cue_text: autoDraw = True
536.1304 	EXP 	cue_text: autoDraw = False
536.4298 	INFO 	Keyboard events cleared
536.4297 	EXP 	target: autoDraw = True
536.8637 	EXP 	Device response: <KeyPress from None: t=536.8525851000159, value=left, duration=None>
536.8639 	EXP 	New trial (rep=33, index=2): <Trial 332 (2 in rep 33) data={'cue_arrow': '→', 'target_x': -0.5, 'condition': 'invalid', 'corr_Ans': 'left', 'thisN': 332, 'thisTrialN': 2, 'thisRepN': 33}>
536.8660 	DATA 	Keypress: left
536.8803 	EXP 	fixation: autoDraw = False
536.8803 	EXP 	cue_text: autoDraw = False
536.8803 	EXP 	target: autoDraw = False
536.8803 	EXP 	cue_text: height = np.float64(0.1)
536.8803 	EXP 	cue_text: height = np.float64(0.1)
536.8803 	EXP 	cue_text: height = np.float64(0.1)
536.8803 	EXP 	cue_text: text = '→'
536.8803 	EXP 	fixation: autoDraw = True
536.9982 	EXP 	Device response: <KeyPress from None: t=536.8525851000159, value=left, duration=0.1347014999773819>
537.3634 	EXP 	fixation: autoDraw = False
537.3634 	EXP 	cue_text: autoDraw = True
537.6631 	EXP 	cue_text: autoDraw = False
537.9631 	INFO 	Keyboard events cleared
537.9630 	EXP 	target: autoDraw = True
539.1309 	EXP 	Device response: <KeyPress from None: t=539.1279419000202, value=left, duration=None>
539.1312 	EXP 	New trial (rep=33, index=3): <Trial 333 (3 in rep 33) data={'cue_arrow': '→', 'target_x': 0.5, 'condition': 'valid', 'corr_Ans': 'right', 'thisN': 333, 'thisTrialN': 3, 'thisRepN': 33}>
539.1326 	DATA 	Keypress: left
539.1466 	EXP 	fixation: autoDraw = False
539.1466 	EXP 	cue_text: autoDraw = False
539.1466 	EXP 	target: autoDraw = False
539.1466 	EXP 	cue_text: text = '→'
539.1466 	EXP 	fixation: autoDraw = True
539.2302 	EXP 	Device response: <KeyPress from None: t=539.1279419000202, value=left, duration=0.1014442999730818>
539.6301 	EXP 	fixation: autoDraw = False
539.6301 	EXP 	cue_text: autoDraw = True
539.9301 	EXP 	cue_text: autoDraw = False
540.2471 	INFO 	Keyboard events cleared
540.2470 	EXP 	target: autoDraw = True
540.5303 	EXP 	Device response: <KeyPress from None: t=540.5285863000026, value=right, duration=None>
540.5306 	EXP 	New trial (rep=33, index=4): <Trial 334 (4 in rep 33) data={'cue_arrow': '←', 'target_x': -0.5, 'condition': 'valid', 'corr_Ans': 'left', 'thisN': 334, 'thisTrialN': 4, 'thisRepN': 33}>
540.5334 	DATA 	Keypress: right
540.5464 	EXP 	fixation: autoDraw = False
540.5464 	EXP 	cue_text: autoDraw = False
540.5464 	EXP 	target: autoDraw = False
540.5464 	EXP 	cue_text: height = np.float64(0.1)
540.5464 	EXP 	cue_text: height = np.float64(0.1)
540.5464 	EXP 	cue_text: height = np.float64(0.1)
540.5464 	EXP 	cue_text: text = '←'
540.5464 	EXP 	fixation: autoDraw = True
540.6640 	EXP 	Device response: <KeyPress from None: t=540.5285863000026, value=right, duration=0.13459210001747124>
541.0304 	EXP 	fixation: autoDraw = False
541.0304 	EXP 	cue_text: autoDraw = True
541.3300 	EXP 	cue_text: autoDraw = False
541.6311 	INFO 	Keyboard events cleared
541.6309 	EXP 	target: autoDraw = True
542.2481 	EXP 	Device response: <KeyPress from None: t=542.2360895000165, value=left, duration=None>
542.2485 	EXP 	New trial (rep=33, index=5): <Trial 335 (5 in rep 33) data={'cue_arrow': '←', 'target_x': -0.5, 'condition': 'valid', 'corr_Ans': 'left', 'thisN': 335, 'thisTrialN': 5, 'thisRepN': 33}>
542.2497 	DATA 	Keypress: left
542.2632 	EXP 	fixation: autoDraw = False
542.2632 	EXP 	cue_text: autoDraw = False
542.2632 	EXP 	target: autoDraw = False
542.2632 	EXP 	cue_text: text = '←'
542.2632 	EXP 	fixation: autoDraw = True
542.3636 	EXP 	Device response: <KeyPress from None: t=542.2360895000165, value=left, duration=0.11715099998400547>
542.7642 	EXP 	fixation: autoDraw = False
542.7642 	EXP 	cue_text: autoDraw = True
543.0642 	EXP 	cue_text: autoDraw = False
543.3635 	INFO 	Keyboard events cleared
543.3633 	EXP 	target: autoDraw = True
543.7806 	EXP 	Device response: <KeyPress from None: t=543.7682540999958, value=left, duration=None>
543.7809 	EXP 	New trial (rep=33, index=6): <Trial 336 (6 in rep 33) data={'cue_arrow': '→', 'target_x': 0.5, 'condition': 'valid', 'corr_Ans': 'right', 'thisN': 336, 'thisTrialN': 6, 'thisRepN': 33}>
543.7833 	DATA 	Keypress: left
543.7966 	EXP 	fixation: autoDraw = False
543.7966 	EXP 	cue_text: autoDraw = False
543.7966 	EXP 	target: autoDraw = False
543.7966 	EXP 	cue_text: height = np.float64(0.1)
543.7966 	EXP 	cue_text: height = np.float64(0.1)
543.7966 	EXP 	cue_text: height = np.float64(0.1)
543.7966 	EXP 	cue_text: text = '→'
543.7966 	EXP 	fixation: autoDraw = True
543.9147 	EXP 	Device response: <KeyPress from None: t=543.7682540999958, value=left, duration=0.1434179000207223>
544.2801 	EXP 	fixation: autoDraw = False
544.2801 	EXP 	cue_text: autoDraw = True
544.5802 	EXP 	cue_text: autoDraw = False
544.8805 	INFO 	Keyboard events cleared
544.8803 	EXP 	target: autoDraw = True
545.5980 	EXP 	Device response: <KeyPress from None: t=545.5900613999984, value=right, duration=None>
545.5982 	EXP 	New trial (rep=33, index=7): <Trial 337 (7 in rep 33) data={'cue_arrow': '→', 'target_x': 0.5, 'condition': 'valid', 'corr_Ans': 'right', 'thisN': 337, 'thisTrialN': 7, 'thisRepN': 33}>
545.5991 	DATA 	Keypress: right
545.6134 	EXP 	fixation: autoDraw = False
545.6134 	EXP 	cue_text: autoDraw = False
545.6134 	EXP 	target: autoDraw = False
545.6134 	EXP 	cue_text: text = '→'
545.6134 	EXP 	fixation: autoDraw = True
545.7310 	EXP 	Device response: <KeyPress from None: t=545.5900613999984, value=right, duration=0.12475630000699311>
546.1134 	EXP 	fixation: autoDraw = False
546.1134 	EXP 	cue_text: autoDraw = True
546.3972 	EXP 	cue_text: autoDraw = False
546.7135 	INFO 	Keyboard events cleared
546.7133 	EXP 	target: autoDraw = True
547.1804 	EXP 	Device response: <KeyPress from None: t=547.1765988999978, value=right, duration=None>
547.1806 	EXP 	New trial (rep=33, index=8): <Trial 338 (8 in rep 33) data={'cue_arrow': '←', 'target_x': -0.5, 'condition': 'valid', 'corr_Ans': 'left', 'thisN': 338, 'thisTrialN': 8, 'thisRepN': 33}>
547.1839 	DATA 	Keypress: right
547.1970 	EXP 	fixation: autoDraw = False
547.1970 	EXP 	cue_text: autoDraw = False
547.1970 	EXP 	target: autoDraw = False
547.1970 	EXP 	cue_text: height = np.float64(0.1)
547.1970 	EXP 	cue_text: height = np.float64(0.1)
547.1970 	EXP 	cue_text: height = np.float64(0.1)
547.1970 	EXP 	cue_text: text = '←'
547.1970 	EXP 	fixation: autoDraw = True
547.3303 	EXP 	Device response: <KeyPress from None: t=547.1765988999978, value=right, duration=0.14986600002157502>
547.6799 	EXP 	fixation: autoDraw = False
547.6799 	EXP 	cue_text: autoDraw = True
547.9805 	EXP 	cue_text: autoDraw = False
548.2801 	INFO 	Keyboard events cleared
548.2800 	EXP 	target: autoDraw = True
548.5980 	EXP 	Device response: <KeyPress from None: t=548.5959180000063, value=left, duration=None>
548.5982 	EXP 	New trial (rep=33, index=9): <Trial 339 (9 in rep 33) data={'cue_arrow': '←', 'target_x': 0.5, 'condition': 'invalid', 'corr_Ans': 'right', 'thisN': 339, 'thisTrialN': 9, 'thisRepN': 33}>
548.5990 	DATA 	Keypress: left
548.6142 	EXP 	fixation: autoDraw = False
548.6142 	EXP 	cue_text: autoDraw = False
548.6142 	EXP 	target: autoDraw = False
548.6142 	EXP 	cue_text: text = '←'
548.6142 	EXP 	fixation: autoDraw = True
548.7305 	EXP 	Device response: <KeyPress from None: t=548.5959180000063, value=left, duration=0.12085999999544583>
549.0970 	EXP 	fixation: autoDraw = False
549.0970 	EXP 	cue_text: autoDraw = True
549.4136 	EXP 	cue_text: autoDraw = False
549.7138 	INFO 	Keyboard events cleared
549.7137 	EXP 	target: autoDraw = True
550.9306 	EXP 	Device response: <KeyPress from None: t=550.9281329000078, value=right, duration=None>
550.9308 	EXP 	New trial (rep=34, index=0): <Trial 340 (0 in rep 34) data={'cue_arrow': '→', 'target_x': -0.5, 'condition': 'invalid', 'corr_Ans': 'left', 'thisN': 340, 'thisTrialN': 0, 'thisRepN': 34}>
550.9329 	DATA 	Keypress: right
550.9471 	EXP 	fixation: autoDraw = False
550.9471 	EXP 	cue_text: autoDraw = False
550.9471 	EXP 	target: autoDraw = False
550.9471 	EXP 	cue_text: height = np.float64(0.1)
550.9471 	EXP 	cue_text: height = np.float64(0.1)
550.9471 	EXP 	cue_text: height = np.float64(0.1)
550.9471 	EXP 	cue_text: text = '→'
550.9471 	EXP 	fixation: autoDraw = True
551.0973 	EXP 	Device response: <KeyPress from None: t=550.9281329000078, value=right, duration=0.1631721000012476>
551.4307 	EXP 	fixation: autoDraw = False
551.4307 	EXP 	cue_text: autoDraw = True
551.7301 	EXP 	cue_text: autoDraw = False
552.0310 	INFO 	Keyboard events cleared
552.0309 	EXP 	target: autoDraw = True
552.9309 	EXP 	Device response: <KeyPress from None: t=552.9178983000165, value=left, duration=None>
552.9312 	EXP 	New trial (rep=34, index=1): <Trial 341 (1 in rep 34) data={'cue_arrow': '←', 'target_x': -0.5, 'condition': 'valid', 'corr_Ans': 'left', 'thisN': 341, 'thisTrialN': 1, 'thisRepN': 34}>
552.9338 	DATA 	Keypress: left
552.9469 	EXP 	fixation: autoDraw = False
552.9469 	EXP 	cue_text: autoDraw = False
552.9469 	EXP 	target: autoDraw = False
552.9469 	EXP 	cue_text: height = np.float64(0.1)
552.9469 	EXP 	cue_text: height = np.float64(0.1)
552.9469 	EXP 	cue_text: height = np.float64(0.1)
552.9469 	EXP 	cue_text: text = '←'
552.9469 	EXP 	fixation: autoDraw = True
553.0807 	EXP 	Device response: <KeyPress from None: t=552.9178983000165, value=left, duration=0.14992050000000745>
553.4306 	EXP 	fixation: autoDraw = False
553.4306 	EXP 	cue_text: autoDraw = True
553.7300 	EXP 	cue_text: autoDraw = False
554.0307 	INFO 	Keyboard events cleared
554.0305 	EXP 	target: autoDraw = True
554.5139 	EXP 	Device response: <KeyPress from None: t=554.4995599999966, value=left, duration=None>
554.5142 	EXP 	New trial (rep=34, index=2): <Trial 342 (2 in rep 34) data={'cue_arrow': '←', 'target_x': -0.5, 'condition': 'valid', 'corr_Ans': 'left', 'thisN': 342, 'thisTrialN': 2, 'thisRepN': 34}>
554.5154 	DATA 	Keypress: left
554.5303 	EXP 	fixation: autoDraw = False
554.5303 	EXP 	cue_text: autoDraw = False
554.5303 	EXP 	target: autoDraw = False
554.5303 	EXP 	cue_text: text = '←'
554.5303 	EXP 	fixation: autoDraw = True
554.6636 	EXP 	Device response: <KeyPress from None: t=554.4995599999966, value=left, duration=0.14964089999557473>
555.0142 	EXP 	fixation: autoDraw = False
555.0142 	EXP 	cue_text: autoDraw = True
555.3135 	EXP 	cue_text: autoDraw = False
555.6137 	INFO 	Keyboard events cleared
555.6135 	EXP 	target: autoDraw = True
556.0974 	EXP 	Device response: <KeyPress from None: t=556.0884174999956, value=left, duration=None>
556.0978 	EXP 	New trial (rep=34, index=3): <Trial 343 (3 in rep 34) data={'cue_arrow': '→', 'target_x': 0.5, 'condition': 'valid', 'corr_Ans': 'right', 'thisN': 343, 'thisTrialN': 3, 'thisRepN': 34}>
556.1002 	DATA 	Keypress: left
556.1135 	EXP 	fixation: autoDraw = False
556.1135 	EXP 	cue_text: autoDraw = False
556.1135 	EXP 	target: autoDraw = False
556.1135 	EXP 	cue_text: height = np.float64(0.1)
556.1135 	EXP 	cue_text: height = np.float64(0.1)
556.1135 	EXP 	cue_text: height = np.float64(0.1)
556.1135 	EXP 	cue_text: text = '→'
556.1135 	EXP 	fixation: autoDraw = True
556.1989 	EXP 	Device response: <KeyPress from None: t=556.0884174999956, value=left, duration=0.09844180001528002>
556.5970 	EXP 	fixation: autoDraw = False
556.5970 	EXP 	cue_text: autoDraw = True
556.8970 	EXP 	cue_text: autoDraw = False
557.1984 	INFO 	Keyboard events cleared
557.1983 	EXP 	target: autoDraw = True
557.6646 	EXP 	Device response: <KeyPress from None: t=557.6586538999982, value=right, duration=None>
557.6649 	EXP 	New trial (rep=34, index=4): <Trial 344 (4 in rep 34) data={'cue_arrow': '→', 'target_x': 0.5, 'condition': 'valid', 'corr_Ans': 'right', 'thisN': 344, 'thisTrialN': 4, 'thisRepN': 34}>
557.6662 	DATA 	Keypress: right
557.6805 	EXP 	fixation: autoDraw = False
557.6805 	EXP 	cue_text: autoDraw = False
557.6805 	EXP 	target: autoDraw = False
557.6805 	EXP 	cue_text: text = '→'
557.6805 	EXP 	fixation: autoDraw = True
557.8143 	EXP 	Device response: <KeyPress from None: t=557.6586538999982, value=right, duration=0.14086529999622144>
558.1802 	EXP 	fixation: autoDraw = False
558.1802 	EXP 	cue_text: autoDraw = True
558.4803 	EXP 	cue_text: autoDraw = False
558.7805 	INFO 	Keyboard events cleared
558.7804 	EXP 	target: autoDraw = True
559.4979 	DATA 	Keypress: right
559.5140 	EXP 	Device response: <KeyPress from None: t=559.4969945000194, value=right, duration=None>
559.5142 	EXP 	New trial (rep=34, index=5): <Trial 345 (5 in rep 34) data={'cue_arrow': '→', 'target_x': 0.5, 'condition': 'valid', 'corr_Ans': 'right', 'thisN': 345, 'thisTrialN': 5, 'thisRepN': 34}>
559.5306 	EXP 	fixation: autoDraw = False
559.5306 	EXP 	cue_text: autoDraw = False
559.5306 	EXP 	target: autoDraw = False
559.5306 	EXP 	cue_text: text = '→'
559.5306 	EXP 	fixation: autoDraw = True
559.6973 	EXP 	Device response: <KeyPress from None: t=559.4969945000194, value=right, duration=0.18972359999315813>
560.0135 	EXP 	fixation: autoDraw = False
560.0135 	EXP 	cue_text: autoDraw = True
560.3137 	EXP 	cue_text: autoDraw = False
560.6144 	INFO 	Keyboard events cleared
560.6143 	EXP 	target: autoDraw = True
561.0141 	EXP 	Device response: <KeyPress from None: t=561.000265300012, value=right, duration=None>
561.0145 	EXP 	New trial (rep=34, index=6): <Trial 346 (6 in rep 34) data={'cue_arrow': '→', 'target_x': 0.5, 'condition': 'valid', 'corr_Ans': 'right', 'thisN': 346, 'thisTrialN': 6, 'thisRepN': 34}>
561.0156 	DATA 	Keypress: right
561.0306 	EXP 	fixation: autoDraw = False
561.0306 	EXP 	cue_text: autoDraw = False
561.0306 	EXP 	target: autoDraw = False
561.0306 	EXP 	cue_text: text = '→'
561.0306 	EXP 	fixation: autoDraw = True
561.1642 	EXP 	Device response: <KeyPress from None: t=561.000265300012, value=right, duration=0.15366240000003017>
561.5136 	EXP 	fixation: autoDraw = False
561.5136 	EXP 	cue_text: autoDraw = True
561.8144 	EXP 	cue_text: autoDraw = False
562.1144 	INFO 	Keyboard events cleared
562.1142 	EXP 	target: autoDraw = True
562.5140 	EXP 	Device response: <KeyPress from None: t=562.5129842000024, value=right, duration=None>
562.5142 	EXP 	New trial (rep=34, index=7): <Trial 347 (7 in rep 34) data={'cue_arrow': '←', 'target_x': 0.5, 'condition': 'invalid', 'corr_Ans': 'right', 'thisN': 347, 'thisTrialN': 7, 'thisRepN': 34}>
562.5163 	DATA 	Keypress: right
562.5307 	EXP 	fixation: autoDraw = False
562.5307 	EXP 	cue_text: autoDraw = False
562.5307 	EXP 	target: autoDraw = False
562.5307 	EXP 	cue_text: height = np.float64(0.1)
562.5307 	EXP 	cue_text: height = np.float64(0.1)
562.5307 	EXP 	cue_text: height = np.float64(0.1)
562.5307 	EXP 	cue_text: text = '←'
562.5307 	EXP 	fixation: autoDraw = True
562.6809 	EXP 	Device response: <KeyPress from None: t=562.5129842000024, value=right, duration=0.15465290000429377>
563.0147 	EXP 	fixation: autoDraw = False
563.0147 	EXP 	cue_text: autoDraw = True
563.3142 	EXP 	cue_text: autoDraw = False
563.6138 	INFO 	Keyboard events cleared
563.6137 	EXP 	target: autoDraw = True
565.1979 	EXP 	Device response: <KeyPress from None: t=565.1917352000019, value=right, duration=None>
565.1981 	EXP 	New trial (rep=34, index=8): <Trial 348 (8 in rep 34) data={'cue_arrow': '←', 'target_x': -0.5, 'condition': 'valid', 'corr_Ans': 'left', 'thisN': 348, 'thisTrialN': 8, 'thisRepN': 34}>
565.1990 	DATA 	Keypress: right
565.2138 	EXP 	fixation: autoDraw = False
565.2138 	EXP 	cue_text: autoDraw = False
565.2138 	EXP 	target: autoDraw = False
565.2138 	EXP 	cue_text: text = '←'
565.2138 	EXP 	fixation: autoDraw = True
565.3474 	EXP 	Device response: <KeyPress from None: t=565.1917352000019, value=right, duration=0.14005049999104813>
565.6971 	EXP 	fixation: autoDraw = False
565.6971 	EXP 	cue_text: autoDraw = True
565.9978 	EXP 	cue_text: autoDraw = False
566.2973 	INFO 	Keyboard events cleared
566.2972 	EXP 	target: autoDraw = True
566.5991 	DATA 	Keypress: left
566.6148 	EXP 	Device response: <KeyPress from None: t=566.5984662999981, value=left, duration=None>
566.6150 	EXP 	New trial (rep=34, index=9): <Trial 349 (9 in rep 34) data={'cue_arrow': '←', 'target_x': -0.5, 'condition': 'valid', 'corr_Ans': 'left', 'thisN': 349, 'thisTrialN': 9, 'thisRepN': 34}>
566.6306 	EXP 	fixation: autoDraw = False
566.6306 	EXP 	cue_text: autoDraw = False
566.6306 	EXP 	target: autoDraw = False
566.6306 	EXP 	cue_text: text = '←'
566.6306 	EXP 	fixation: autoDraw = True
566.7477 	EXP 	Device response: <KeyPress from None: t=566.5984662999981, value=left, duration=0.13939759999630041>
567.1311 	EXP 	fixation: autoDraw = False
567.1311 	EXP 	cue_text: autoDraw = True
567.4143 	EXP 	cue_text: autoDraw = False
567.7303 	INFO 	Keyboard events cleared
567.7302 	EXP 	target: autoDraw = True
568.0807 	EXP 	Device response: <KeyPress from None: t=568.076795800007, value=left, duration=None>
568.0809 	EXP 	New trial (rep=35, index=0): <Trial 350 (0 in rep 35) data={'cue_arrow': '←', 'target_x': -0.5, 'condition': 'valid', 'corr_Ans': 'left', 'thisN': 350, 'thisTrialN': 0, 'thisRepN': 35}>
568.0818 	DATA 	Keypress: left
568.0971 	EXP 	fixation: autoDraw = False
568.0971 	EXP 	cue_text: autoDraw = False
568.0971 	EXP 	target: autoDraw = False
568.0971 	EXP 	cue_text: text = '←'
568.0971 	EXP 	fixation: autoDraw = True
568.1975 	EXP 	Device response: <KeyPress from None: t=568.076795800007, value=left, duration=0.11838369999895804>
568.5807 	EXP 	fixation: autoDraw = False
568.5807 	EXP 	cue_text: autoDraw = True
568.8812 	EXP 	cue_text: autoDraw = False
569.1805 	INFO 	Keyboard events cleared
569.1804 	EXP 	target: autoDraw = True
569.7807 	EXP 	Device response: <KeyPress from None: t=569.7737423999934, value=left, duration=None>
569.7810 	EXP 	New trial (rep=35, index=1): <Trial 351 (1 in rep 35) data={'cue_arrow': '←', 'target_x': 0.5, 'condition': 'invalid', 'corr_Ans': 'right', 'thisN': 351, 'thisTrialN': 1, 'thisRepN': 35}>
569.7821 	DATA 	Keypress: left
569.7971 	EXP 	fixation: autoDraw = False
569.7971 	EXP 	cue_text: autoDraw = False
569.7971 	EXP 	target: autoDraw = False
569.7971 	EXP 	cue_text: text = '←'
569.7971 	EXP 	fixation: autoDraw = True
569.9477 	EXP 	Device response: <KeyPress from None: t=569.7737423999934, value=left, duration=0.168149800010724>
570.2802 	EXP 	fixation: autoDraw = False
570.2802 	EXP 	cue_text: autoDraw = True
570.5813 	EXP 	cue_text: autoDraw = False
570.8806 	INFO 	Keyboard events cleared
570.8805 	EXP 	target: autoDraw = True
571.8318 	EXP 	Device response: <KeyPress from None: t=571.830844400014, value=right, duration=None>
571.8321 	EXP 	New trial (rep=35, index=2): <Trial 352 (2 in rep 35) data={'cue_arrow': '→', 'target_x': 0.5, 'condition': 'valid', 'corr_Ans': 'right', 'thisN': 352, 'thisTrialN': 2, 'thisRepN': 35}>
571.8350 	DATA 	Keypress: right
571.8475 	EXP 	fixation: autoDraw = False
571.8475 	EXP 	cue_text: autoDraw = False
571.8475 	EXP 	target: autoDraw = False
571.8475 	EXP 	cue_text: height = np.float64(0.1)
571.8475 	EXP 	cue_text: height = np.float64(0.1)
571.8475 	EXP 	cue_text: height = np.float64(0.1)
571.8475 	EXP 	cue_text: text = '→'
571.8475 	EXP 	fixation: autoDraw = True
571.9976 	EXP 	Device response: <KeyPress from None: t=571.830844400014, value=right, duration=0.159485299984226>
572.3475 	EXP 	fixation: autoDraw = False
572.3475 	EXP 	cue_text: autoDraw = True
572.6480 	EXP 	cue_text: autoDraw = False
572.9475 	INFO 	Keyboard events cleared
572.9473 	EXP 	target: autoDraw = True
573.3640 	EXP 	Device response: <KeyPress from None: t=573.3617962000135, value=right, duration=None>
573.3644 	EXP 	New trial (rep=35, index=3): <Trial 353 (3 in rep 35) data={'cue_arrow': '←', 'target_x': -0.5, 'condition': 'valid', 'corr_Ans': 'left', 'thisN': 353, 'thisTrialN': 3, 'thisRepN': 35}>
573.3666 	DATA 	Keypress: right
573.3809 	EXP 	fixation: autoDraw = False
573.3809 	EXP 	cue_text: autoDraw = False
573.3809 	EXP 	target: autoDraw = False
573.3809 	EXP 	cue_text: height = np.float64(0.1)
573.3809 	EXP 	cue_text: height = np.float64(0.1)
573.3809 	EXP 	cue_text: height = np.float64(0.1)
573.3809 	EXP 	cue_text: text = '←'
573.3809 	EXP 	fixation: autoDraw = True
573.4976 	EXP 	Device response: <KeyPress from None: t=573.3617962000135, value=right, duration=0.13432129999273457>
573.8639 	EXP 	fixation: autoDraw = False
573.8639 	EXP 	cue_text: autoDraw = True
574.1637 	EXP 	cue_text: autoDraw = False
574.4643 	INFO 	Keyboard events cleared
574.4642 	EXP 	target: autoDraw = True
575.0980 	EXP 	Device response: <KeyPress from None: t=575.0844645000179, value=left, duration=None>
575.0983 	EXP 	New trial (rep=35, index=4): <Trial 354 (4 in rep 35) data={'cue_arrow': '→', 'target_x': 0.5, 'condition': 'valid', 'corr_Ans': 'right', 'thisN': 354, 'thisTrialN': 4, 'thisRepN': 35}>
575.1008 	DATA 	Keypress: left
575.1142 	EXP 	fixation: autoDraw = False
575.1142 	EXP 	cue_text: autoDraw = False
575.1142 	EXP 	target: autoDraw = False
575.1142 	EXP 	cue_text: height = np.float64(0.1)
575.1142 	EXP 	cue_text: height = np.float64(0.1)
575.1142 	EXP 	cue_text: height = np.float64(0.1)
575.1142 	EXP 	cue_text: text = '→'
575.1142 	EXP 	fixation: autoDraw = True
575.2149 	EXP 	Device response: <KeyPress from None: t=575.0844645000179, value=left, duration=0.12168389998259954>
575.5973 	EXP 	fixation: autoDraw = False
575.5973 	EXP 	cue_text: autoDraw = True
575.8978 	EXP 	cue_text: autoDraw = False
576.1971 	INFO 	Keyboard events cleared
576.1970 	EXP 	target: autoDraw = True
576.7142 	EXP 	Device response: <KeyPress from None: t=576.7005566000007, value=right, duration=None>
576.7146 	EXP 	New trial (rep=35, index=5): <Trial 355 (5 in rep 35) data={'cue_arrow': '→', 'target_x': -0.5, 'condition': 'invalid', 'corr_Ans': 'left', 'thisN': 355, 'thisTrialN': 5, 'thisRepN': 35}>
576.7156 	DATA 	Keypress: right
576.7305 	EXP 	fixation: autoDraw = False
576.7305 	EXP 	cue_text: autoDraw = False
576.7305 	EXP 	target: autoDraw = False
576.7305 	EXP 	cue_text: text = '→'
576.7305 	EXP 	fixation: autoDraw = True
576.8811 	EXP 	Device response: <KeyPress from None: t=576.7005566000007, value=right, duration=0.16994110000086948>
577.2145 	EXP 	fixation: autoDraw = False
577.2145 	EXP 	cue_text: autoDraw = True
577.5148 	EXP 	cue_text: autoDraw = False
577.8143 	INFO 	Keyboard events cleared
577.8142 	EXP 	target: autoDraw = True
578.6647 	EXP 	Device response: <KeyPress from None: t=578.6598585000029, value=left, duration=None>
578.6650 	EXP 	New trial (rep=35, index=6): <Trial 356 (6 in rep 35) data={'cue_arrow': '←', 'target_x': -0.5, 'condition': 'valid', 'corr_Ans': 'left', 'thisN': 356, 'thisTrialN': 6, 'thisRepN': 35}>
578.6673 	DATA 	Keypress: left
578.6806 	EXP 	fixation: autoDraw = False
578.6806 	EXP 	cue_text: autoDraw = False
578.6806 	EXP 	target: autoDraw = False
578.6806 	EXP 	cue_text: height = np.float64(0.1)
578.6806 	EXP 	cue_text: height = np.float64(0.1)
578.6806 	EXP 	cue_text: height = np.float64(0.1)
578.6806 	EXP 	cue_text: text = '←'
578.6806 	EXP 	fixation: autoDraw = True
578.8146 	EXP 	Device response: <KeyPress from None: t=578.6598585000029, value=left, duration=0.14556720000109635>
579.1649 	EXP 	fixation: autoDraw = False
579.1649 	EXP 	cue_text: autoDraw = True
579.4644 	EXP 	cue_text: autoDraw = False
579.7646 	INFO 	Keyboard events cleared
579.7641 	EXP 	target: autoDraw = True
580.5310 	EXP 	Device response: <KeyPress from None: t=580.5243730999937, value=left, duration=None>
580.5313 	EXP 	New trial (rep=35, index=7): <Trial 357 (7 in rep 35) data={'cue_arrow': '→', 'target_x': 0.5, 'condition': 'valid', 'corr_Ans': 'right', 'thisN': 357, 'thisTrialN': 7, 'thisRepN': 35}>
580.5346 	DATA 	Keypress: left
580.5478 	EXP 	fixation: autoDraw = False
580.5478 	EXP 	cue_text: autoDraw = False
580.5478 	EXP 	target: autoDraw = False
580.5478 	EXP 	cue_text: height = np.float64(0.1)
580.5478 	EXP 	cue_text: height = np.float64(0.1)
580.5478 	EXP 	cue_text: height = np.float64(0.1)
580.5478 	EXP 	cue_text: text = '→'
580.5478 	EXP 	fixation: autoDraw = True
580.6820 	EXP 	Device response: <KeyPress from None: t=580.5243730999937, value=left, duration=0.14166560000739992>
581.0316 	EXP 	fixation: autoDraw = False
581.0316 	EXP 	cue_text: autoDraw = True
581.3307 	EXP 	cue_text: autoDraw = False
581.6314 	INFO 	Keyboard events cleared
581.6312 	EXP 	target: autoDraw = True
582.0486 	EXP 	Device response: <KeyPress from None: t=582.0448188000009, value=right, duration=None>
582.0489 	EXP 	New trial (rep=35, index=8): <Trial 358 (8 in rep 35) data={'cue_arrow': '←', 'target_x': -0.5, 'condition': 'valid', 'corr_Ans': 'left', 'thisN': 358, 'thisTrialN': 8, 'thisRepN': 35}>
582.0523 	DATA 	Keypress: right
582.0647 	EXP 	fixation: autoDraw = False
582.0647 	EXP 	cue_text: autoDraw = False
582.0647 	EXP 	target: autoDraw = False
582.0647 	EXP 	cue_text: height = np.float64(0.1)
582.0647 	EXP 	cue_text: height = np.float64(0.1)
582.0647 	EXP 	cue_text: height = np.float64(0.1)
582.0647 	EXP 	cue_text: text = '←'
582.0647 	EXP 	fixation: autoDraw = True
582.1809 	EXP 	Device response: <KeyPress from None: t=582.0448188000009, value=right, duration=0.1281285000150092>
582.5642 	EXP 	fixation: autoDraw = False
582.5642 	EXP 	cue_text: autoDraw = True
582.8484 	EXP 	cue_text: autoDraw = False
583.1643 	INFO 	Keyboard events cleared
583.1641 	EXP 	target: autoDraw = True
584.3652 	EXP 	Device response: <KeyPress from None: t=584.3620183000166, value=left, duration=None>
584.3656 	EXP 	New trial (rep=35, index=9): <Trial 359 (9 in rep 35) data={'cue_arrow': '→', 'target_x': 0.5, 'condition': 'valid', 'corr_Ans': 'right', 'thisN': 359, 'thisTrialN': 9, 'thisRepN': 35}>
584.3683 	DATA 	Keypress: left
584.3805 	EXP 	fixation: autoDraw = False
584.3805 	EXP 	cue_text: autoDraw = False
584.3805 	EXP 	target: autoDraw = False
584.3805 	EXP 	cue_text: height = np.float64(0.1)
584.3805 	EXP 	cue_text: height = np.float64(0.1)
584.3805 	EXP 	cue_text: height = np.float64(0.1)
584.3805 	EXP 	cue_text: text = '→'
584.3805 	EXP 	fixation: autoDraw = True
584.5317 	EXP 	Device response: <KeyPress from None: t=584.3620183000166, value=left, duration=0.1659073999908287>
584.8641 	EXP 	fixation: autoDraw = False
584.8641 	EXP 	cue_text: autoDraw = True
585.1809 	EXP 	cue_text: autoDraw = False
585.4643 	INFO 	Keyboard events cleared
585.4641 	EXP 	target: autoDraw = True
586.0811 	EXP 	Device response: <KeyPress from None: t=586.0689942000026, value=right, duration=None>
586.0814 	EXP 	New trial (rep=36, index=0): <Trial 360 (0 in rep 36) data={'cue_arrow': '←', 'target_x': -0.5, 'condition': 'valid', 'corr_Ans': 'left', 'thisN': 360, 'thisTrialN': 0, 'thisRepN': 36}>
586.0843 	DATA 	Keypress: right
586.0976 	EXP 	fixation: autoDraw = False
586.0976 	EXP 	cue_text: autoDraw = False
586.0976 	EXP 	target: autoDraw = False
586.0976 	EXP 	cue_text: height = np.float64(0.1)
586.0976 	EXP 	cue_text: height = np.float64(0.1)
586.0976 	EXP 	cue_text: height = np.float64(0.1)
586.0976 	EXP 	cue_text: text = '←'
586.0976 	EXP 	fixation: autoDraw = True
586.2145 	EXP 	Device response: <KeyPress from None: t=586.0689942000026, value=right, duration=0.13641539998934604>
586.5809 	EXP 	fixation: autoDraw = False
586.5809 	EXP 	cue_text: autoDraw = True
586.8811 	EXP 	cue_text: autoDraw = False
587.1812 	INFO 	Keyboard events cleared
587.1811 	EXP 	target: autoDraw = True
587.6813 	EXP 	Device response: <KeyPress from None: t=587.6722456999996, value=left, duration=None>
587.6815 	EXP 	New trial (rep=36, index=1): <Trial 361 (1 in rep 36) data={'cue_arrow': '←', 'target_x': -0.5, 'condition': 'valid', 'corr_Ans': 'left', 'thisN': 361, 'thisTrialN': 1, 'thisRepN': 36}>
587.6828 	DATA 	Keypress: left
587.6979 	EXP 	fixation: autoDraw = False
587.6979 	EXP 	cue_text: autoDraw = False
587.6979 	EXP 	target: autoDraw = False
587.6979 	EXP 	cue_text: text = '←'
587.6979 	EXP 	fixation: autoDraw = True
587.7816 	EXP 	Device response: <KeyPress from None: t=587.6722456999996, value=left, duration=0.10280500000226311>
588.1808 	EXP 	fixation: autoDraw = False
588.1808 	EXP 	cue_text: autoDraw = True
588.4809 	EXP 	cue_text: autoDraw = False
588.7809 	INFO 	Keyboard events cleared
588.7808 	EXP 	target: autoDraw = True
589.2812 	EXP 	Device response: <KeyPress from None: t=589.2679000000062, value=left, duration=None>
589.2815 	EXP 	New trial (rep=36, index=2): <Trial 362 (2 in rep 36) data={'cue_arrow': '→', 'target_x': 0.5, 'condition': 'valid', 'corr_Ans': 'right', 'thisN': 362, 'thisTrialN': 2, 'thisRepN': 36}>
589.2847 	DATA 	Keypress: left
589.2975 	EXP 	fixation: autoDraw = False
589.2975 	EXP 	cue_text: autoDraw = False
589.2975 	EXP 	target: autoDraw = False
589.2975 	EXP 	cue_text: height = np.float64(0.1)
589.2975 	EXP 	cue_text: height = np.float64(0.1)
589.2975 	EXP 	cue_text: height = np.float64(0.1)
589.2975 	EXP 	cue_text: text = '→'
589.2975 	EXP 	fixation: autoDraw = True
589.4143 	EXP 	Device response: <KeyPress from None: t=589.2679000000062, value=left, duration=0.1365972000057809>
589.7812 	EXP 	fixation: autoDraw = False
589.7812 	EXP 	cue_text: autoDraw = True
590.0808 	EXP 	cue_text: autoDraw = False
590.3809 	INFO 	Keyboard events cleared
590.3807 	EXP 	target: autoDraw = True
590.7818 	EXP 	Device response: <KeyPress from None: t=590.768461700005, value=right, duration=None>
590.7821 	EXP 	New trial (rep=36, index=3): <Trial 363 (3 in rep 36) data={'cue_arrow': '→', 'target_x': 0.5, 'condition': 'valid', 'corr_Ans': 'right', 'thisN': 363, 'thisTrialN': 3, 'thisRepN': 36}>
590.7830 	DATA 	Keypress: right
590.7986 	EXP 	fixation: autoDraw = False
590.7986 	EXP 	cue_text: autoDraw = False
590.7986 	EXP 	target: autoDraw = False
590.7986 	EXP 	cue_text: text = '→'
590.7986 	EXP 	fixation: autoDraw = True
590.9150 	EXP 	Device response: <KeyPress from None: t=590.768461700005, value=right, duration=0.14553099998738617>
591.2811 	EXP 	fixation: autoDraw = False
591.2811 	EXP 	cue_text: autoDraw = True
591.5976 	EXP 	cue_text: autoDraw = False
591.8813 	INFO 	Keyboard events cleared
591.8812 	EXP 	target: autoDraw = True
592.4977 	EXP 	Device response: <KeyPress from None: t=592.4963006000035, value=right, duration=None>
592.4980 	EXP 	New trial (rep=36, index=4): <Trial 364 (4 in rep 36) data={'cue_arrow': '←', 'target_x': -0.5, 'condition': 'valid', 'corr_Ans': 'left', 'thisN': 364, 'thisTrialN': 4, 'thisRepN': 36}>
592.5002 	DATA 	Keypress: right
592.5142 	EXP 	fixation: autoDraw = False
592.5142 	EXP 	cue_text: autoDraw = False
592.5142 	EXP 	target: autoDraw = False
592.5142 	EXP 	cue_text: height = np.float64(0.1)
592.5142 	EXP 	cue_text: height = np.float64(0.1)
592.5142 	EXP 	cue_text: height = np.float64(0.1)
592.5142 	EXP 	cue_text: text = '←'
592.5142 	EXP 	fixation: autoDraw = True
592.6479 	EXP 	Device response: <KeyPress from None: t=592.4963006000035, value=right, duration=0.13579570001456887>
592.9981 	EXP 	fixation: autoDraw = False
592.9981 	EXP 	cue_text: autoDraw = True
593.2979 	EXP 	cue_text: autoDraw = False
593.5982 	INFO 	Keyboard events cleared
593.5980 	EXP 	target: autoDraw = True
593.9324 	EXP 	Device response: <KeyPress from None: t=593.9262701999978, value=left, duration=None>
593.9327 	EXP 	New trial (rep=36, index=5): <Trial 365 (5 in rep 36) data={'cue_arrow': '→', 'target_x': 0.5, 'condition': 'valid', 'corr_Ans': 'right', 'thisN': 365, 'thisTrialN': 5, 'thisRepN': 36}>
593.9355 	DATA 	Keypress: left
593.9479 	EXP 	fixation: autoDraw = False
593.9479 	EXP 	cue_text: autoDraw = False
593.9479 	EXP 	target: autoDraw = False
593.9479 	EXP 	cue_text: height = np.float64(0.1)
593.9479 	EXP 	cue_text: height = np.float64(0.1)
593.9479 	EXP 	cue_text: height = np.float64(0.1)
593.9479 	EXP 	cue_text: text = '→'
593.9479 	EXP 	fixation: autoDraw = True
594.0816 	EXP 	Device response: <KeyPress from None: t=593.9262701999978, value=left, duration=0.14456390001578256>
594.4476 	EXP 	fixation: autoDraw = False
594.4476 	EXP 	cue_text: autoDraw = True
594.7475 	EXP 	cue_text: autoDraw = False
595.0475 	INFO 	Keyboard events cleared
595.0473 	EXP 	target: autoDraw = True
595.4313 	EXP 	Device response: <KeyPress from None: t=595.4176427000202, value=right, duration=None>
595.4316 	EXP 	New trial (rep=36, index=6): <Trial 366 (6 in rep 36) data={'cue_arrow': '←', 'target_x': -0.5, 'condition': 'valid', 'corr_Ans': 'left', 'thisN': 366, 'thisTrialN': 6, 'thisRepN': 36}>
595.4343 	DATA 	Keypress: right
595.4475 	EXP 	fixation: autoDraw = False
595.4475 	EXP 	cue_text: autoDraw = False
595.4475 	EXP 	target: autoDraw = False
595.4475 	EXP 	cue_text: height = np.float64(0.1)
595.4475 	EXP 	cue_text: height = np.float64(0.1)
595.4475 	EXP 	cue_text: height = np.float64(0.1)
595.4475 	EXP 	cue_text: text = '←'
595.4475 	EXP 	fixation: autoDraw = True
595.5987 	EXP 	Device response: <KeyPress from None: t=595.4176427000202, value=right, duration=0.17438969999784604>
595.9308 	EXP 	fixation: autoDraw = False
595.9308 	EXP 	cue_text: autoDraw = True
596.2322 	EXP 	cue_text: autoDraw = False
596.5318 	INFO 	Keyboard events cleared
596.5317 	EXP 	target: autoDraw = True
597.3815 	EXP 	Device response: <KeyPress from None: t=597.3715102999995, value=left, duration=None>
597.3817 	EXP 	New trial (rep=36, index=7): <Trial 367 (7 in rep 36) data={'cue_arrow': '←', 'target_x': 0.5, 'condition': 'invalid', 'corr_Ans': 'right', 'thisN': 367, 'thisTrialN': 7, 'thisRepN': 36}>
597.3826 	DATA 	Keypress: left
597.3986 	EXP 	fixation: autoDraw = False
597.3986 	EXP 	cue_text: autoDraw = False
597.3986 	EXP 	target: autoDraw = False
597.3986 	EXP 	cue_text: text = '←'
597.3986 	EXP 	fixation: autoDraw = True
597.4983 	EXP 	Device response: <KeyPress from None: t=597.3715102999995, value=left, duration=0.10959140001796186>
597.8808 	EXP 	fixation: autoDraw = False
597.8808 	EXP 	cue_text: autoDraw = True
598.1807 	EXP 	cue_text: autoDraw = False
598.4815 	INFO 	Keyboard events cleared
598.4814 	EXP 	target: autoDraw = True
599.5325 	EXP 	Device response: <KeyPress from None: t=599.5299916999938, value=right, duration=None>
599.5329 	EXP 	New trial (rep=36, index=8): <Trial 368 (8 in rep 36) data={'cue_arrow': '→', 'target_x': -0.5, 'condition': 'invalid', 'corr_Ans': 'left', 'thisN': 368, 'thisTrialN': 8, 'thisRepN': 36}>
599.5365 	DATA 	Keypress: right
599.5476 	EXP 	fixation: autoDraw = False
599.5476 	EXP 	cue_text: autoDraw = False
599.5476 	EXP 	target: autoDraw = False
599.5476 	EXP 	cue_text: height = np.float64(0.1)
599.5476 	EXP 	cue_text: height = np.float64(0.1)
599.5476 	EXP 	cue_text: height = np.float64(0.1)
599.5476 	EXP 	cue_text: text = '→'
599.5476 	EXP 	fixation: autoDraw = True
599.6480 	EXP 	Device response: <KeyPress from None: t=599.5299916999938, value=right, duration=0.10520840002573095>
600.0480 	EXP 	fixation: autoDraw = False
600.0480 	EXP 	cue_text: autoDraw = True
600.3478 	EXP 	cue_text: autoDraw = False
600.6477 	INFO 	Keyboard events cleared
600.6476 	EXP 	target: autoDraw = True
601.7492 	EXP 	Device response: <KeyPress from None: t=601.73565040002, value=left, duration=None>
601.7495 	EXP 	New trial (rep=36, index=9): <Trial 369 (9 in rep 36) data={'cue_arrow': '→', 'target_x': 0.5, 'condition': 'valid', 'corr_Ans': 'right', 'thisN': 369, 'thisTrialN': 9, 'thisRepN': 36}>
601.7503 	DATA 	Keypress: left
601.7644 	EXP 	fixation: autoDraw = False
601.7644 	EXP 	cue_text: autoDraw = False
601.7644 	EXP 	target: autoDraw = False
601.7644 	EXP 	cue_text: text = '→'
601.7644 	EXP 	fixation: autoDraw = True
601.8813 	EXP 	Device response: <KeyPress from None: t=601.73565040002, value=left, duration=0.13850029997411184>
602.2647 	EXP 	fixation: autoDraw = False
602.2647 	EXP 	cue_text: autoDraw = True
602.5646 	EXP 	cue_text: autoDraw = False
602.8478 	INFO 	Keyboard events cleared
602.8476 	EXP 	target: autoDraw = True
603.2313 	EXP 	Device response: <KeyPress from None: t=603.2293193000078, value=right, duration=None>
603.2315 	EXP 	New trial (rep=37, index=0): <Trial 370 (0 in rep 37) data={'cue_arrow': '→', 'target_x': 0.5, 'condition': 'valid', 'corr_Ans': 'right', 'thisN': 370, 'thisTrialN': 0, 'thisRepN': 37}>
603.2325 	DATA 	Keypress: right
603.2476 	EXP 	fixation: autoDraw = False
603.2476 	EXP 	cue_text: autoDraw = False
603.2476 	EXP 	target: autoDraw = False
603.2476 	EXP 	cue_text: text = '→'
603.2476 	EXP 	fixation: autoDraw = True
603.3991 	EXP 	Device response: <KeyPress from None: t=603.2293193000078, value=right, duration=0.15613270000903867>
603.7315 	EXP 	fixation: autoDraw = False
603.7315 	EXP 	cue_text: autoDraw = True
604.0311 	EXP 	cue_text: autoDraw = False
604.3312 	INFO 	Keyboard events cleared
604.3311 	EXP 	target: autoDraw = True
604.6985 	EXP 	Device response: <KeyPress from None: t=604.6897908000101, value=right, duration=None>
604.6987 	EXP 	New trial (rep=37, index=1): <Trial 371 (1 in rep 37) data={'cue_arrow': '←', 'target_x': -0.5, 'condition': 'valid', 'corr_Ans': 'left', 'thisN': 371, 'thisTrialN': 1, 'thisRepN': 37}>
604.7016 	DATA 	Keypress: right
604.7144 	EXP 	fixation: autoDraw = False
604.7144 	EXP 	cue_text: autoDraw = False
604.7144 	EXP 	target: autoDraw = False
604.7144 	EXP 	cue_text: height = np.float64(0.1)
604.7144 	EXP 	cue_text: height = np.float64(0.1)
604.7144 	EXP 	cue_text: height = np.float64(0.1)
604.7144 	EXP 	cue_text: text = '←'
604.7144 	EXP 	fixation: autoDraw = True
604.8316 	EXP 	Device response: <KeyPress from None: t=604.6897908000101, value=right, duration=0.12699930000235327>
605.1978 	EXP 	fixation: autoDraw = False
605.1978 	EXP 	cue_text: autoDraw = True
605.4981 	EXP 	cue_text: autoDraw = False
605.7986 	INFO 	Keyboard events cleared
605.7984 	EXP 	target: autoDraw = True
606.2484 	EXP 	Device response: <KeyPress from None: t=606.2421415999997, value=left, duration=None>
606.2486 	EXP 	New trial (rep=37, index=2): <Trial 372 (2 in rep 37) data={'cue_arrow': '←', 'target_x': -0.5, 'condition': 'valid', 'corr_Ans': 'left', 'thisN': 372, 'thisTrialN': 2, 'thisRepN': 37}>
606.2498 	DATA 	Keypress: left
606.2641 	EXP 	fixation: autoDraw = False
606.2641 	EXP 	cue_text: autoDraw = False
606.2641 	EXP 	target: autoDraw = False
606.2641 	EXP 	cue_text: text = '←'
606.2641 	EXP 	fixation: autoDraw = True
606.3314 	EXP 	Device response: <KeyPress from None: t=606.2421415999997, value=left, duration=0.07818000001134351>
606.7481 	EXP 	fixation: autoDraw = False
606.7481 	EXP 	cue_text: autoDraw = True
607.0480 	EXP 	cue_text: autoDraw = False
607.3491 	INFO 	Keyboard events cleared
607.3490 	EXP 	target: autoDraw = True
608.0493 	EXP 	Device response: <KeyPress from None: t=608.0389404000016, value=left, duration=None>
608.0496 	EXP 	New trial (rep=37, index=3): <Trial 373 (3 in rep 37) data={'cue_arrow': '→', 'target_x': 0.5, 'condition': 'valid', 'corr_Ans': 'right', 'thisN': 373, 'thisTrialN': 3, 'thisRepN': 37}>
608.0517 	DATA 	Keypress: left
608.0649 	EXP 	fixation: autoDraw = False
608.0649 	EXP 	cue_text: autoDraw = False
608.0649 	EXP 	target: autoDraw = False
608.0649 	EXP 	cue_text: height = np.float64(0.1)
608.0649 	EXP 	cue_text: height = np.float64(0.1)
608.0649 	EXP 	cue_text: height = np.float64(0.1)
608.0649 	EXP 	cue_text: text = '→'
608.0649 	EXP 	fixation: autoDraw = True
608.1318 	EXP 	Device response: <KeyPress from None: t=608.0389404000016, value=left, duration=0.08427039999514818>
608.5648 	EXP 	fixation: autoDraw = False
608.5648 	EXP 	cue_text: autoDraw = True
608.8658 	EXP 	cue_text: autoDraw = False
609.1646 	INFO 	Keyboard events cleared
609.1644 	EXP 	target: autoDraw = True
609.6152 	EXP 	Device response: <KeyPress from None: t=609.6139996999991, value=right, duration=None>
609.6154 	EXP 	New trial (rep=37, index=4): <Trial 374 (4 in rep 37) data={'cue_arrow': '←', 'target_x': -0.5, 'condition': 'valid', 'corr_Ans': 'left', 'thisN': 374, 'thisTrialN': 4, 'thisRepN': 37}>
609.6183 	DATA 	Keypress: right
609.6312 	EXP 	fixation: autoDraw = False
609.6312 	EXP 	cue_text: autoDraw = False
609.6312 	EXP 	target: autoDraw = False
609.6312 	EXP 	cue_text: height = np.float64(0.1)
609.6312 	EXP 	cue_text: height = np.float64(0.1)
609.6312 	EXP 	cue_text: height = np.float64(0.1)
609.6312 	EXP 	cue_text: text = '←'
609.6312 	EXP 	fixation: autoDraw = True
609.6979 	EXP 	Device response: <KeyPress from None: t=609.6139996999991, value=right, duration=0.07938929999363609>
610.1154 	EXP 	fixation: autoDraw = False
610.1154 	EXP 	cue_text: autoDraw = True
610.4149 	EXP 	cue_text: autoDraw = False
610.7148 	INFO 	Keyboard events cleared
610.7147 	EXP 	target: autoDraw = True
611.0993 	EXP 	Device response: <KeyPress from None: t=611.0887757000164, value=left, duration=None>
611.0996 	EXP 	New trial (rep=37, index=5): <Trial 375 (5 in rep 37) data={'cue_arrow': '←', 'target_x': -0.5, 'condition': 'valid', 'corr_Ans': 'left', 'thisN': 375, 'thisTrialN': 5, 'thisRepN': 37}>
611.1010 	DATA 	Keypress: left
611.1146 	EXP 	fixation: autoDraw = False
611.1146 	EXP 	cue_text: autoDraw = False
611.1146 	EXP 	target: autoDraw = False
611.1146 	EXP 	cue_text: text = '←'
611.1146 	EXP 	fixation: autoDraw = True
611.2487 	EXP 	Device response: <KeyPress from None: t=611.0887757000164, value=left, duration=0.14714459999231622>
611.6146 	EXP 	fixation: autoDraw = False
611.6146 	EXP 	cue_text: autoDraw = True
611.8979 	EXP 	cue_text: autoDraw = False
612.1989 	INFO 	Keyboard events cleared
612.1988 	EXP 	target: autoDraw = True
612.7480 	EXP 	Device response: <KeyPress from None: t=612.7336388000112, value=left, duration=None>
612.7483 	EXP 	New trial (rep=37, index=6): <Trial 376 (6 in rep 37) data={'cue_arrow': '→', 'target_x': -0.5, 'condition': 'invalid', 'corr_Ans': 'left', 'thisN': 376, 'thisTrialN': 6, 'thisRepN': 37}>
612.7505 	DATA 	Keypress: left
612.7646 	EXP 	fixation: autoDraw = False
612.7646 	EXP 	cue_text: autoDraw = False
612.7646 	EXP 	target: autoDraw = False
612.7646 	EXP 	cue_text: height = np.float64(0.1)
612.7646 	EXP 	cue_text: height = np.float64(0.1)
612.7646 	EXP 	cue_text: height = np.float64(0.1)
612.7646 	EXP 	cue_text: text = '→'
612.7646 	EXP 	fixation: autoDraw = True
612.8648 	EXP 	Device response: <KeyPress from None: t=612.7336388000112, value=left, duration=0.11739729999681003>
613.2482 	EXP 	fixation: autoDraw = False
613.2482 	EXP 	cue_text: autoDraw = True
613.5481 	EXP 	cue_text: autoDraw = False
613.8486 	INFO 	Keyboard events cleared
613.8485 	EXP 	target: autoDraw = True
614.9503 	DATA 	Keypress: left
614.9652 	EXP 	Device response: <KeyPress from None: t=614.9497280000069, value=left, duration=None>
614.9655 	EXP 	New trial (rep=37, index=7): <Trial 377 (7 in rep 37) data={'cue_arrow': '→', 'target_x': 0.5, 'condition': 'valid', 'corr_Ans': 'right', 'thisN': 377, 'thisTrialN': 7, 'thisRepN': 37}>
614.9815 	EXP 	fixation: autoDraw = False
614.9815 	EXP 	cue_text: autoDraw = False
614.9815 	EXP 	target: autoDraw = False
614.9815 	EXP 	cue_text: text = '→'
614.9815 	EXP 	fixation: autoDraw = True
615.0983 	EXP 	Device response: <KeyPress from None: t=614.9497280000069, value=left, duration=0.13932849999400787>
615.4648 	EXP 	fixation: autoDraw = False
615.4648 	EXP 	cue_text: autoDraw = True
615.7647 	EXP 	cue_text: autoDraw = False
616.0648 	INFO 	Keyboard events cleared
616.0647 	EXP 	target: autoDraw = True
616.5489 	EXP 	Device response: <KeyPress from None: t=616.5358724000107, value=right, duration=None>
616.5493 	EXP 	New trial (rep=37, index=8): <Trial 378 (8 in rep 37) data={'cue_arrow': '→', 'target_x': 0.5, 'condition': 'valid', 'corr_Ans': 'right', 'thisN': 378, 'thisTrialN': 8, 'thisRepN': 37}>
616.5508 	DATA 	Keypress: right
616.5650 	EXP 	fixation: autoDraw = False
616.5650 	EXP 	cue_text: autoDraw = False
616.5650 	EXP 	target: autoDraw = False
616.5650 	EXP 	cue_text: text = '→'
616.5650 	EXP 	fixation: autoDraw = True
616.6328 	EXP 	Device response: <KeyPress from None: t=616.5358724000107, value=right, duration=0.09452079999027774>
617.0649 	EXP 	fixation: autoDraw = False
617.0649 	EXP 	cue_text: autoDraw = True
617.3490 	EXP 	cue_text: autoDraw = False
617.6652 	INFO 	Keyboard events cleared
617.6651 	EXP 	target: autoDraw = True
618.0491 	EXP 	Device response: <KeyPress from None: t=618.0355675000174, value=right, duration=None>
618.0494 	EXP 	New trial (rep=37, index=9): <Trial 379 (9 in rep 37) data={'cue_arrow': '←', 'target_x': 0.5, 'condition': 'invalid', 'corr_Ans': 'right', 'thisN': 379, 'thisTrialN': 9, 'thisRepN': 37}>
618.0522 	DATA 	Keypress: right
618.0647 	EXP 	fixation: autoDraw = False
618.0647 	EXP 	cue_text: autoDraw = False
618.0647 	EXP 	target: autoDraw = False
618.0647 	EXP 	cue_text: height = np.float64(0.1)
618.0647 	EXP 	cue_text: height = np.float64(0.1)
618.0647 	EXP 	cue_text: height = np.float64(0.1)
618.0647 	EXP 	cue_text: text = '←'
618.0647 	EXP 	fixation: autoDraw = True
618.1652 	EXP 	Device response: <KeyPress from None: t=618.0355675000174, value=right, duration=0.12087099999189377>
618.5647 	EXP 	fixation: autoDraw = False
618.5647 	EXP 	cue_text: autoDraw = True
618.8651 	EXP 	cue_text: autoDraw = False
619.1648 	INFO 	Keyboard events cleared
619.1646 	EXP 	target: autoDraw = True
620.2152 	EXP 	Device response: <KeyPress from None: t=620.2130892999994, value=right, duration=None>
620.2154 	EXP 	New trial (rep=38, index=0): <Trial 380 (0 in rep 38) data={'cue_arrow': '→', 'target_x': 0.5, 'condition': 'valid', 'corr_Ans': 'right', 'thisN': 380, 'thisTrialN': 0, 'thisRepN': 38}>
620.2182 	DATA 	Keypress: right
620.2313 	EXP 	fixation: autoDraw = False
620.2313 	EXP 	cue_text: autoDraw = False
620.2313 	EXP 	target: autoDraw = False
620.2313 	EXP 	cue_text: height = np.float64(0.1)
620.2313 	EXP 	cue_text: height = np.float64(0.1)
620.2313 	EXP 	cue_text: height = np.float64(0.1)
620.2313 	EXP 	cue_text: text = '→'
620.2313 	EXP 	fixation: autoDraw = True
620.3655 	EXP 	Device response: <KeyPress from None: t=620.2130892999994, value=right, duration=0.14218150000669993>
620.7146 	EXP 	fixation: autoDraw = False
620.7146 	EXP 	cue_text: autoDraw = True
621.0149 	EXP 	cue_text: autoDraw = False
621.3149 	INFO 	Keyboard events cleared
621.3147 	EXP 	target: autoDraw = True
622.3319 	EXP 	Device response: <KeyPress from None: t=622.3180944000196, value=right, duration=None>
622.3323 	EXP 	New trial (rep=38, index=1): <Trial 381 (1 in rep 38) data={'cue_arrow': '→', 'target_x': 0.5, 'condition': 'valid', 'corr_Ans': 'right', 'thisN': 381, 'thisTrialN': 1, 'thisRepN': 38}>
622.3334 	DATA 	Keypress: right
622.3480 	EXP 	fixation: autoDraw = False
622.3480 	EXP 	cue_text: autoDraw = False
622.3480 	EXP 	target: autoDraw = False
622.3480 	EXP 	cue_text: text = '→'
622.3480 	EXP 	fixation: autoDraw = True
622.5327 	EXP 	Device response: <KeyPress from None: t=622.3180944000196, value=right, duration=0.20058389997575432>
622.8323 	EXP 	fixation: autoDraw = False
622.8323 	EXP 	cue_text: autoDraw = True
623.1325 	EXP 	cue_text: autoDraw = False
623.4317 	INFO 	Keyboard events cleared
623.4315 	EXP 	target: autoDraw = True
624.0320 	EXP 	Device response: <KeyPress from None: t=624.0180748999992, value=right, duration=None>
624.0323 	EXP 	New trial (rep=38, index=2): <Trial 382 (2 in rep 38) data={'cue_arrow': '←', 'target_x': 0.5, 'condition': 'invalid', 'corr_Ans': 'right', 'thisN': 382, 'thisTrialN': 2, 'thisRepN': 38}>
624.0346 	DATA 	Keypress: right
624.0483 	EXP 	fixation: autoDraw = False
624.0483 	EXP 	cue_text: autoDraw = False
624.0483 	EXP 	target: autoDraw = False
624.0483 	EXP 	cue_text: height = np.float64(0.1)
624.0483 	EXP 	cue_text: height = np.float64(0.1)
624.0483 	EXP 	cue_text: height = np.float64(0.1)
624.0483 	EXP 	cue_text: text = '←'
624.0483 	EXP 	fixation: autoDraw = True
624.1830 	EXP 	Device response: <KeyPress from None: t=624.0180748999992, value=right, duration=0.15907850000075996>
624.5314 	EXP 	fixation: autoDraw = False
624.5314 	EXP 	cue_text: autoDraw = True
624.8313 	EXP 	cue_text: autoDraw = False
625.1318 	INFO 	Keyboard events cleared
625.1316 	EXP 	target: autoDraw = True
626.1484 	EXP 	Device response: <KeyPress from None: t=626.1416259999969, value=right, duration=None>
626.1486 	EXP 	New trial (rep=38, index=3): <Trial 383 (3 in rep 38) data={'cue_arrow': '←', 'target_x': -0.5, 'condition': 'valid', 'corr_Ans': 'left', 'thisN': 383, 'thisTrialN': 3, 'thisRepN': 38}>
626.1495 	DATA 	Keypress: right
626.1656 	EXP 	fixation: autoDraw = False
626.1656 	EXP 	cue_text: autoDraw = False
626.1656 	EXP 	target: autoDraw = False
626.1656 	EXP 	cue_text: text = '←'
626.1656 	EXP 	fixation: autoDraw = True
626.2819 	EXP 	Device response: <KeyPress from None: t=626.1416259999969, value=right, duration=0.12913159999880008>
626.6484 	EXP 	fixation: autoDraw = False
626.6484 	EXP 	cue_text: autoDraw = True
626.9488 	EXP 	cue_text: autoDraw = False
627.2483 	INFO 	Keyboard events cleared
627.2482 	EXP 	target: autoDraw = True
627.9151 	EXP 	Device response: <KeyPress from None: t=627.9094286000181, value=left, duration=None>
627.9154 	EXP 	New trial (rep=38, index=4): <Trial 384 (4 in rep 38) data={'cue_arrow': '→', 'target_x': 0.5, 'condition': 'valid', 'corr_Ans': 'right', 'thisN': 384, 'thisTrialN': 4, 'thisRepN': 38}>
627.9178 	DATA 	Keypress: left
627.9325 	EXP 	fixation: autoDraw = False
627.9325 	EXP 	cue_text: autoDraw = False
627.9325 	EXP 	target: autoDraw = False
627.9325 	EXP 	cue_text: height = np.float64(0.1)
627.9325 	EXP 	cue_text: height = np.float64(0.1)
627.9325 	EXP 	cue_text: height = np.float64(0.1)
627.9325 	EXP 	cue_text: text = '→'
627.9325 	EXP 	fixation: autoDraw = True
628.0820 	EXP 	Device response: <KeyPress from None: t=627.9094286000181, value=left, duration=0.17096829999354668>
628.4155 	EXP 	fixation: autoDraw = False
628.4155 	EXP 	cue_text: autoDraw = True
628.7165 	EXP 	cue_text: autoDraw = False
629.0158 	INFO 	Keyboard events cleared
629.0157 	EXP 	target: autoDraw = True
629.6155 	EXP 	Device response: <KeyPress from None: t=629.6068876000063, value=right, duration=None>
629.6157 	EXP 	New trial (rep=38, index=5): <Trial 385 (5 in rep 38) data={'cue_arrow': '←', 'target_x': -0.5, 'condition': 'valid', 'corr_Ans': 'left', 'thisN': 385, 'thisTrialN': 5, 'thisRepN': 38}>
629.6178 	DATA 	Keypress: right
629.6316 	EXP 	fixation: autoDraw = False
629.6316 	EXP 	cue_text: autoDraw = False
629.6316 	EXP 	target: autoDraw = False
629.6316 	EXP 	cue_text: height = np.float64(0.1)
629.6316 	EXP 	cue_text: height = np.float64(0.1)
629.6316 	EXP 	cue_text: height = np.float64(0.1)
629.6316 	EXP 	cue_text: text = '←'
629.6316 	EXP 	fixation: autoDraw = True
629.7820 	EXP 	Device response: <KeyPress from None: t=629.6068876000063, value=right, duration=0.16974539999500848>
630.1321 	EXP 	fixation: autoDraw = False
630.1321 	EXP 	cue_text: autoDraw = True
630.4151 	EXP 	cue_text: autoDraw = False
630.7150 	INFO 	Keyboard events cleared
630.7149 	EXP 	target: autoDraw = True
631.0823 	EXP 	Device response: <KeyPress from None: t=631.0722731999995, value=left, duration=None>
631.0825 	EXP 	New trial (rep=38, index=6): <Trial 386 (6 in rep 38) data={'cue_arrow': '←', 'target_x': -0.5, 'condition': 'valid', 'corr_Ans': 'left', 'thisN': 386, 'thisTrialN': 6, 'thisRepN': 38}>
631.0836 	DATA 	Keypress: left
631.0984 	EXP 	fixation: autoDraw = False
631.0984 	EXP 	cue_text: autoDraw = False
631.0984 	EXP 	target: autoDraw = False
631.0984 	EXP 	cue_text: text = '←'
631.0984 	EXP 	fixation: autoDraw = True
631.2323 	EXP 	Device response: <KeyPress from None: t=631.0722731999995, value=left, duration=0.14516690000891685>
631.5816 	EXP 	fixation: autoDraw = False
631.5816 	EXP 	cue_text: autoDraw = True
631.8816 	EXP 	cue_text: autoDraw = False
632.1818 	INFO 	Keyboard events cleared
632.1817 	EXP 	target: autoDraw = True
632.5492 	EXP 	Device response: <KeyPress from None: t=632.542697900004, value=left, duration=None>
632.5494 	EXP 	New trial (rep=38, index=7): <Trial 387 (7 in rep 38) data={'cue_arrow': '→', 'target_x': 0.5, 'condition': 'valid', 'corr_Ans': 'right', 'thisN': 387, 'thisTrialN': 7, 'thisRepN': 38}>
632.5519 	DATA 	Keypress: left
632.5655 	EXP 	fixation: autoDraw = False
632.5655 	EXP 	cue_text: autoDraw = False
632.5655 	EXP 	target: autoDraw = False
632.5655 	EXP 	cue_text: height = np.float64(0.1)
632.5655 	EXP 	cue_text: height = np.float64(0.1)
632.5655 	EXP 	cue_text: height = np.float64(0.1)
632.5655 	EXP 	cue_text: text = '→'
632.5655 	EXP 	fixation: autoDraw = True
632.7153 	EXP 	Device response: <KeyPress from None: t=632.542697900004, value=left, duration=0.16202260000864044>
633.0486 	EXP 	fixation: autoDraw = False
633.0486 	EXP 	cue_text: autoDraw = True
633.3651 	EXP 	cue_text: autoDraw = False
633.6490 	INFO 	Keyboard events cleared
633.6489 	EXP 	target: autoDraw = True
634.1656 	EXP 	Device response: <KeyPress from None: t=634.160197899997, value=right, duration=None>
634.1659 	EXP 	New trial (rep=38, index=8): <Trial 388 (8 in rep 38) data={'cue_arrow': '←', 'target_x': -0.5, 'condition': 'valid', 'corr_Ans': 'left', 'thisN': 388, 'thisTrialN': 8, 'thisRepN': 38}>
634.1680 	DATA 	Keypress: right
634.1822 	EXP 	fixation: autoDraw = False
634.1822 	EXP 	cue_text: autoDraw = False
634.1822 	EXP 	target: autoDraw = False
634.1822 	EXP 	cue_text: height = np.float64(0.1)
634.1822 	EXP 	cue_text: height = np.float64(0.1)
634.1822 	EXP 	cue_text: height = np.float64(0.1)
634.1822 	EXP 	cue_text: text = '←'
634.1822 	EXP 	fixation: autoDraw = True
634.3320 	EXP 	Device response: <KeyPress from None: t=634.160197899997, value=right, duration=0.16459430000395514>
634.6648 	EXP 	fixation: autoDraw = False
634.6648 	EXP 	cue_text: autoDraw = True
634.9651 	EXP 	cue_text: autoDraw = False
635.2653 	INFO 	Keyboard events cleared
635.2652 	EXP 	target: autoDraw = True
635.9485 	EXP 	Device response: <KeyPress from None: t=635.9477873000142, value=left, duration=None>
635.9488 	EXP 	New trial (rep=38, index=9): <Trial 389 (9 in rep 38) data={'cue_arrow': '→', 'target_x': -0.5, 'condition': 'invalid', 'corr_Ans': 'left', 'thisN': 389, 'thisTrialN': 9, 'thisRepN': 38}>
635.9512 	DATA 	Keypress: left
635.9650 	EXP 	fixation: autoDraw = False
635.9650 	EXP 	cue_text: autoDraw = False
635.9650 	EXP 	target: autoDraw = False
635.9650 	EXP 	cue_text: height = np.float64(0.1)
635.9650 	EXP 	cue_text: height = np.float64(0.1)
635.9650 	EXP 	cue_text: height = np.float64(0.1)
635.9650 	EXP 	cue_text: text = '→'
635.9650 	EXP 	fixation: autoDraw = True
636.1157 	EXP 	Device response: <KeyPress from None: t=635.9477873000142, value=left, duration=0.1657507999916561>
636.4484 	EXP 	fixation: autoDraw = False
636.4484 	EXP 	cue_text: autoDraw = True
636.7488 	EXP 	cue_text: autoDraw = False
637.0485 	INFO 	Keyboard events cleared
637.0484 	EXP 	target: autoDraw = True
638.3831 	DATA 	Keypress: left
638.3992 	EXP 	Device response: <KeyPress from None: t=638.3818137999915, value=left, duration=None>
638.3996 	EXP 	New trial (rep=39, index=0): <Trial 390 (0 in rep 39) data={'cue_arrow': '←', 'target_x': 0.5, 'condition': 'invalid', 'corr_Ans': 'right', 'thisN': 390, 'thisTrialN': 0, 'thisRepN': 39}>
638.4151 	EXP 	fixation: autoDraw = False
638.4151 	EXP 	cue_text: autoDraw = False
638.4151 	EXP 	target: autoDraw = False
638.4151 	EXP 	cue_text: height = np.float64(0.1)
638.4151 	EXP 	cue_text: height = np.float64(0.1)
638.4151 	EXP 	cue_text: height = np.float64(0.1)
638.4151 	EXP 	cue_text: text = '←'
638.4151 	EXP 	fixation: autoDraw = True
638.4990 	EXP 	Device response: <KeyPress from None: t=638.3818137999915, value=left, duration=0.10134520000428893>
638.8985 	EXP 	fixation: autoDraw = False
638.8985 	EXP 	cue_text: autoDraw = True
639.1985 	EXP 	cue_text: autoDraw = False
639.5158 	INFO 	Keyboard events cleared
639.5156 	EXP 	target: autoDraw = True
640.5488 	EXP 	Device response: <KeyPress from None: t=640.5418301000027, value=right, duration=None>
640.5491 	EXP 	New trial (rep=39, index=1): <Trial 391 (1 in rep 39) data={'cue_arrow': '←', 'target_x': -0.5, 'condition': 'valid', 'corr_Ans': 'left', 'thisN': 391, 'thisTrialN': 1, 'thisRepN': 39}>
640.5499 	DATA 	Keypress: right
640.5650 	EXP 	fixation: autoDraw = False
640.5650 	EXP 	cue_text: autoDraw = False
640.5650 	EXP 	target: autoDraw = False
640.5650 	EXP 	cue_text: text = '←'
640.5650 	EXP 	fixation: autoDraw = True
640.6825 	EXP 	Device response: <KeyPress from None: t=640.5418301000027, value=right, duration=0.12959870000486262>
641.0493 	EXP 	fixation: autoDraw = False
641.0493 	EXP 	cue_text: autoDraw = True
641.3485 	EXP 	cue_text: autoDraw = False
641.6487 	INFO 	Keyboard events cleared
641.6485 	EXP 	target: autoDraw = True
642.2322 	EXP 	Device response: <KeyPress from None: t=642.2276681000076, value=left, duration=None>
642.2324 	EXP 	New trial (rep=39, index=2): <Trial 392 (2 in rep 39) data={'cue_arrow': '→', 'target_x': 0.5, 'condition': 'valid', 'corr_Ans': 'right', 'thisN': 392, 'thisTrialN': 2, 'thisRepN': 39}>
642.2357 	DATA 	Keypress: left
642.2483 	EXP 	fixation: autoDraw = False
642.2483 	EXP 	cue_text: autoDraw = False
642.2483 	EXP 	target: autoDraw = False
642.2483 	EXP 	cue_text: height = np.float64(0.1)
642.2483 	EXP 	cue_text: height = np.float64(0.1)
642.2483 	EXP 	cue_text: height = np.float64(0.1)
642.2483 	EXP 	cue_text: text = '→'
642.2483 	EXP 	fixation: autoDraw = True
642.3986 	EXP 	Device response: <KeyPress from None: t=642.2276681000076, value=left, duration=0.15983339998638257>
642.7330 	EXP 	fixation: autoDraw = False
642.7330 	EXP 	cue_text: autoDraw = True
643.0318 	EXP 	cue_text: autoDraw = False
643.3318 	INFO 	Keyboard events cleared
643.3317 	EXP 	target: autoDraw = True
643.6497 	EXP 	Device response: <KeyPress from None: t=643.6446703000111, value=right, duration=None>
643.6500 	EXP 	New trial (rep=39, index=3): <Trial 393 (3 in rep 39) data={'cue_arrow': '→', 'target_x': 0.5, 'condition': 'valid', 'corr_Ans': 'right', 'thisN': 393, 'thisTrialN': 3, 'thisRepN': 39}>
643.6509 	DATA 	Keypress: right
643.6650 	EXP 	fixation: autoDraw = False
643.6650 	EXP 	cue_text: autoDraw = False
643.6650 	EXP 	target: autoDraw = False
643.6650 	EXP 	cue_text: text = '→'
643.6650 	EXP 	fixation: autoDraw = True
643.7825 	EXP 	Device response: <KeyPress from None: t=643.6446703000111, value=right, duration=0.13079940000898205>
644.1652 	EXP 	fixation: autoDraw = False
644.1652 	EXP 	cue_text: autoDraw = True
644.4654 	EXP 	cue_text: autoDraw = False
644.7492 	INFO 	Keyboard events cleared
644.7490 	EXP 	target: autoDraw = True
645.0832 	EXP 	Device response: <KeyPress from None: t=645.0772303999984, value=right, duration=None>
645.0834 	EXP 	New trial (rep=39, index=4): <Trial 394 (4 in rep 39) data={'cue_arrow': '→', 'target_x': 0.5, 'condition': 'valid', 'corr_Ans': 'right', 'thisN': 394, 'thisTrialN': 4, 'thisRepN': 39}>
645.0843 	DATA 	Keypress: right
645.0992 	EXP 	fixation: autoDraw = False
645.0992 	EXP 	cue_text: autoDraw = False
645.0992 	EXP 	target: autoDraw = False
645.0992 	EXP 	cue_text: text = '→'
645.0992 	EXP 	fixation: autoDraw = True
645.1992 	EXP 	Device response: <KeyPress from None: t=645.0772303999984, value=right, duration=0.11884579999605194>
645.5987 	EXP 	fixation: autoDraw = False
645.5987 	EXP 	cue_text: autoDraw = True
645.8985 	EXP 	cue_text: autoDraw = False
646.1986 	INFO 	Keyboard events cleared
646.1985 	EXP 	target: autoDraw = True
646.4666 	EXP 	Device response: <KeyPress from None: t=646.4653594999982, value=right, duration=None>
646.4668 	EXP 	New trial (rep=39, index=5): <Trial 395 (5 in rep 39) data={'cue_arrow': '←', 'target_x': -0.5, 'condition': 'valid', 'corr_Ans': 'left', 'thisN': 395, 'thisTrialN': 5, 'thisRepN': 39}>
646.4692 	DATA 	Keypress: right
646.4820 	EXP 	fixation: autoDraw = False
646.4820 	EXP 	cue_text: autoDraw = False
646.4820 	EXP 	target: autoDraw = False
646.4820 	EXP 	cue_text: height = np.float64(0.1)
646.4820 	EXP 	cue_text: height = np.float64(0.1)
646.4820 	EXP 	cue_text: height = np.float64(0.1)
646.4820 	EXP 	cue_text: text = '←'
646.4820 	EXP 	fixation: autoDraw = True
646.6153 	EXP 	Device response: <KeyPress from None: t=646.4653594999982, value=right, duration=0.14478880001115613>
646.9652 	EXP 	fixation: autoDraw = False
646.9652 	EXP 	cue_text: autoDraw = True
647.2653 	EXP 	cue_text: autoDraw = False
647.5820 	INFO 	Keyboard events cleared
647.5819 	EXP 	target: autoDraw = True
647.9323 	EXP 	Device response: <KeyPress from None: t=647.9165564000141, value=left, duration=None>
647.9326 	EXP 	New trial (rep=39, index=6): <Trial 396 (6 in rep 39) data={'cue_arrow': '←', 'target_x': -0.5, 'condition': 'valid', 'corr_Ans': 'left', 'thisN': 396, 'thisTrialN': 6, 'thisRepN': 39}>
647.9336 	DATA 	Keypress: left
647.9490 	EXP 	fixation: autoDraw = False
647.9490 	EXP 	cue_text: autoDraw = False
647.9490 	EXP 	target: autoDraw = False
647.9490 	EXP 	cue_text: text = '←'
647.9490 	EXP 	fixation: autoDraw = True
648.0486 	EXP 	Device response: <KeyPress from None: t=647.9165564000141, value=left, duration=0.13111630000639707>
648.4327 	EXP 	fixation: autoDraw = False
648.4327 	EXP 	cue_text: autoDraw = True
648.7325 	EXP 	cue_text: autoDraw = False
649.0321 	INFO 	Keyboard events cleared
649.0320 	EXP 	target: autoDraw = True
649.4156 	EXP 	Device response: <KeyPress from None: t=649.4073840000201, value=left, duration=None>
649.4158 	EXP 	New trial (rep=39, index=7): <Trial 397 (7 in rep 39) data={'cue_arrow': '←', 'target_x': -0.5, 'condition': 'valid', 'corr_Ans': 'left', 'thisN': 397, 'thisTrialN': 7, 'thisRepN': 39}>
649.4166 	DATA 	Keypress: left
649.4324 	EXP 	fixation: autoDraw = False
649.4324 	EXP 	cue_text: autoDraw = False
649.4324 	EXP 	target: autoDraw = False
649.4324 	EXP 	cue_text: text = '←'
649.4324 	EXP 	fixation: autoDraw = True
649.5822 	EXP 	Device response: <KeyPress from None: t=649.4073840000201, value=left, duration=0.160711899981834>
649.9154 	EXP 	fixation: autoDraw = False
649.9154 	EXP 	cue_text: autoDraw = True
650.2157 	EXP 	cue_text: autoDraw = False
650.5156 	INFO 	Keyboard events cleared
650.5154 	EXP 	target: autoDraw = True
651.0156 	EXP 	Device response: <KeyPress from None: t=651.0141128000105, value=left, duration=None>
651.0159 	EXP 	New trial (rep=39, index=8): <Trial 398 (8 in rep 39) data={'cue_arrow': '→', 'target_x': -0.5, 'condition': 'invalid', 'corr_Ans': 'left', 'thisN': 398, 'thisTrialN': 8, 'thisRepN': 39}>
651.0185 	DATA 	Keypress: left
651.0326 	EXP 	fixation: autoDraw = False
651.0326 	EXP 	cue_text: autoDraw = False
651.0326 	EXP 	target: autoDraw = False
651.0326 	EXP 	cue_text: height = np.float64(0.1)
651.0326 	EXP 	cue_text: height = np.float64(0.1)
651.0326 	EXP 	cue_text: height = np.float64(0.1)
651.0326 	EXP 	cue_text: text = '→'
651.0326 	EXP 	fixation: autoDraw = True
651.1489 	EXP 	Device response: <KeyPress from None: t=651.0141128000105, value=left, duration=0.12937439998495393>
651.5153 	EXP 	fixation: autoDraw = False
651.5153 	EXP 	cue_text: autoDraw = True
651.8157 	EXP 	cue_text: autoDraw = False
652.1153 	INFO 	Keyboard events cleared
652.1151 	EXP 	target: autoDraw = True
653.2655 	EXP 	Device response: <KeyPress from None: t=653.2518194000004, value=left, duration=None>
653.2657 	EXP 	New trial (rep=39, index=9): <Trial 399 (9 in rep 39) data={'cue_arrow': '→', 'target_x': 0.5, 'condition': 'valid', 'corr_Ans': 'right', 'thisN': 399, 'thisTrialN': 9, 'thisRepN': 39}>
653.2665 	DATA 	Keypress: left
653.2817 	EXP 	fixation: autoDraw = False
653.2817 	EXP 	cue_text: autoDraw = False
653.2817 	EXP 	target: autoDraw = False
653.2817 	EXP 	cue_text: text = '→'
653.2817 	EXP 	fixation: autoDraw = True
653.3825 	EXP 	Device response: <KeyPress from None: t=653.2518194000004, value=left, duration=0.12975900000310503>
653.7655 	EXP 	fixation: autoDraw = False
653.7655 	EXP 	cue_text: autoDraw = True
654.0657 	EXP 	cue_text: autoDraw = False
654.3668 	INFO 	Keyboard events cleared
654.3667 	EXP 	target: autoDraw = True
655.2824 	EXP 	Device response: <KeyPress from None: t=655.2703187000006, value=right, duration=None>
655.2870 	DATA 	Keypress: right
655.2994 	EXP 	fixation: autoDraw = False
655.2994 	EXP 	cue_text: autoDraw = False
655.2994 	EXP 	target: autoDraw = False
655.2994 	EXP 	text: autoDraw = True
655.4492 	EXP 	Device response: <KeyPress from None: t=655.2703187000006, value=right, duration=0.17268720001447946>
655.4989 	EXP 	text: autoDraw = False
655.4989 	EXP 	text: autoDraw = False
655.4996 	EXP 	cueing_task_exp: status = STOPPED
655.6103 	INFO 	saved data to 'C:\\Users\\Pooja\\OneDrive\\Desktop\\Solo_project_2\\data\\05_cueing_task_exp_2025-11-15_01h35.53.183.csv'
655.6205 	INFO 	saved data to C:\Users\Pooja\OneDrive\Desktop\Solo_project_2\data\05_cueing_task_exp_2025-11-15_01h35.53.183.psydat
656.9085 	WARNING 	Stopping key buffers but this could be dangerous ifother keyboards rely on the same.
656.9529 	WARNING 	Stopping key buffers but this could be dangerous ifother keyboards rely on the same.
656.9530 	WARNING 	Stopping key buffers but this could be dangerous ifother keyboards rely on the same.
