pos,corr_resp,thisN,thisTrialN,thisRepN,key_resp.keys,key_resp.corr,key_resp.rt,key_resp.duration,key_resp_2.keys,key_resp_2.corr,key_resp_2.rt,key_resp_2.duration,trials.thisRepN,trials.thisTrialN,trials.thisN,trials.thisIndex,trials_2.thisRepN,trials_2.thisTrialN,trials_2.thisN,trials_2.thisIndex,thisRow.t,notes,trial.started,fixation.started,line1.started,line2.started,line3.started,line4.started,fixation.stopped,probe.started,key_resp.started,trial.stopped,trials.key_resp.keys,trials.key_resp.corr,trials.key_resp.rt,trials.key_resp.duration,routine_2.started,fixation_2.started,line_1.started,line_2.started,line_3.started,line_4.started,fixation_2.stopped,probe_2.started,key_resp_2.started,routine_2.stopped,trials_2.key_resp_2.keys,trials_2.key_resp_2.corr,trials_2.key_resp_2.rt,trials_2.key_resp_2.duration,participant,session,date,expName,expVersion,psychopyVersion,frameRate,expStart,
-50,x,0,0,0,x,1,0.8749375999905169,None,,,,,0,0,0,0,,,,,0.0229471999919042,,0.014349700009915978,0.0229471999919042,1.1002208999998402,1.1002208999998402,1.1002208999998402,1.1002208999998402,1.108949899993604,2.001484200009145,2.001484200009145,2.982996799983084,x,1,0.8749375999905169,None,,,,,,,,,,,,,,,111,001,2025-10-01_20h04.11.512,Motor_sequence_exp,,2025.1.1,59.933497793801315,2025-10-01 20h04.22.246810 +0530,
150,v,1,1,0,v,1,1.2050645000126678,None,,,,,0,1,1,1,,,,,2.9908281000098214,,2.9832830000086688,2.9908281000098214,3.9936068000097293,3.9936068000097293,3.9936068000097293,3.9936068000097293,3.9936068000097293,4.994856999983313,4.994856999983313,6.2122474999923725,v,1,1.2050645000126678,None,,,,,,,,,,,,,,,111,001,2025-10-01_20h04.11.512,Motor_sequence_exp,,2025.1.1,59.933497793801315,2025-10-01 20h04.22.246810 +0530,
50,c,2,2,0,c,1,1.1014318999950774,None,,,,,0,2,2,2,,,,,6.227135900000576,,6.212694799993187,6.227135900000576,7.22722529998282,7.22722529998282,7.22722529998282,7.22722529998282,7.22722529998282,8.227694100001827,8.227694100001827,9.34449729998596,c,1,1.1014318999950774,None,,,,,,,,,,,,,,,111,001,2025-10-01_20h04.11.512,Motor_sequence_exp,,2025.1.1,59.933497793801315,2025-10-01 20h04.22.246810 +0530,
-150,z,3,3,0,z,1,0.666700400004629,None,,,,,0,3,3,3,,,,,9.360408699983964,,9.345019300002605,9.360408699983964,10.359954799991101,10.359954799991101,10.359954799991101,10.359954799991101,10.359954799991101,11.34497229999397,11.34497229999397,12.027858399989782,z,1,0.666700400004629,None,,,,,,,,,,,,,,,111,001,2025-10-01_20h04.11.512,Motor_sequence_exp,,2025.1.1,59.933497793801315,2025-10-01 20h04.22.246810 +0530,
-50,x,4,0,1,x,1,0.6004567999916617,None,,,,,1,0,4,0,,,,,12.043341299984604,,12.028320699988399,12.043341299984604,13.027688500005752,13.027688500005752,13.027688500005752,13.027688500005752,13.04482489998918,14.027232699998422,14.027232699998422,14.644605899986345,x,1,0.6004567999916617,None,,,,,,,,,,,,,,,111,001,2025-10-01_20h04.11.512,Motor_sequence_exp,,2025.1.1,59.933497793801315,2025-10-01 20h04.22.246810 +0530,
150,v,5,1,1,v,1,0.6160773999872617,None,,,,,1,1,5,1,,,,,14.660948700009612,,14.645124000002397,14.660948700009612,15.644328800000949,15.644328800000949,15.644328800000949,15.644328800000949,15.660686199989868,16.645384100003866,16.645384100003866,17.278021300007822,v,1,0.6160773999872617,None,,,,,,,,,,,,,,,111,001,2025-10-01_20h04.11.512,Motor_sequence_exp,,2025.1.1,59.933497793801315,2025-10-01 20h04.22.246810 +0530,
50,c,6,2,1,c,1,0.604384400008712,None,,,,,1,2,6,2,,,,,17.29390620000777,,17.278625000006286,17.29390620000777,18.294453899987275,18.294453899987275,18.294453899987275,18.294453899987275,18.294453899987275,19.27738899999531,19.27738899999531,19.89476180000929,c,1,0.604384400008712,None,,,,,,,,,,,,,,,111,001,2025-10-01_20h04.11.512,Motor_sequence_exp,,2025.1.1,59.933497793801315,2025-10-01 20h04.22.246810 +0530,
-150,z,7,3,1,z,1,0.6902670999988914,None,,,,,1,3,7,3,,,,,19.90998060000129,,19.895192600000883,19.90998060000129,20.89445799999521,20.89445799999521,20.89445799999521,20.89445799999521,20.912043199990876,21.90253809999558,21.90253809999558,22.603536699985852,z,1,0.6902670999988914,None,,,,,,,,,,,,,,,111,001,2025-10-01_20h04.11.512,Motor_sequence_exp,,2025.1.1,59.933497793801315,2025-10-01 20h04.22.246810 +0530,
-50,x,8,0,2,x,1,0.3191127000027336,None,,,,,2,0,8,0,,,,,22.61886719998438,,22.603983999986667,22.61886719998438,23.61996270000236,23.61996270000236,23.61996270000236,23.61996270000236,23.61996270000236,24.603239799995208,24.603239799995208,24.936804400000256,x,1,0.3191127000027336,None,,,,,,,,,,,,,,,111,001,2025-10-01_20h04.11.512,Motor_sequence_exp,,2025.1.1,59.933497793801315,2025-10-01 20h04.22.246810 +0530,
150,v,9,1,2,v,1,0.5208863000152633,None,,,,,2,1,9,1,,,,,24.951646000001347,,24.937212599994382,24.951646000001347,25.936046399991028,25.936046399991028,25.936046399991028,25.936046399991028,25.952853900002083,26.9358188000042,26.9358188000042,27.469801300001564,v,1,0.5208863000152633,None,,,,,,,,,,,,,,,111,001,2025-10-01_20h04.11.512,Motor_sequence_exp,,2025.1.1,59.933497793801315,2025-10-01 20h04.22.246810 +0530,
50,c,10,2,2,c,1,0.4240083000040613,None,,,,,2,2,10,2,,,,,27.48578180000186,,27.470193599991035,27.48578180000186,28.46873150000465,28.46873150000465,28.46873150000465,28.46873150000465,28.48597740000696,29.468172199995024,29.468172199995024,29.90187000000151,c,1,0.4240083000040613,None,,,,,,,,,,,,,,,111,001,2025-10-01_20h04.11.512,Motor_sequence_exp,,2025.1.1,59.933497793801315,2025-10-01 20h04.22.246810 +0530,
-150,z,11,3,2,z,1,0.5910191999864765,None,,,,,2,3,11,3,,,,,29.918485800008057,,29.90221269999165,29.918485800008057,30.901466799987247,30.901466799987247,30.901466799987247,30.901466799987247,30.918494199984707,31.90126519999467,31.90126519999467,32.501670400000876,z,1,0.5910191999864765,None,,,,,,,,,,,,,,,111,001,2025-10-01_20h04.11.512,Motor_sequence_exp,,2025.1.1,59.933497793801315,2025-10-01 20h04.22.246810 +0530,
-50,x,12,0,3,x,1,0.34627689997432753,None,,,,,3,0,12,0,,,,,32.518469400005415,,32.501962200010894,32.518469400005415,33.501236799987964,33.501236799987964,33.501236799987964,33.501236799987964,33.518833499983884,34.50113640000927,34.50113640000927,34.85175979998894,x,1,0.34627689997432753,None,,,,,,,,,,,,,,,111,001,2025-10-01_20h04.11.512,Motor_sequence_exp,,2025.1.1,59.933497793801315,2025-10-01 20h04.22.246810 +0530,
150,v,13,1,3,v,1,0.3346294999937527,None,,,,,3,1,13,1,,,,,34.868595699983416,,34.85203629999887,34.868595699983416,35.851892600010615,35.851892600010615,35.851892600010615,35.851892600010615,35.86870659998385,36.85193820000859,36.85193820000859,37.202564100007294,v,1,0.3346294999937527,None,,,,,,,,,,,,,,,111,001,2025-10-01_20h04.11.512,Motor_sequence_exp,,2025.1.1,59.933497793801315,2025-10-01 20h04.22.246810 +0530,
50,c,14,2,3,c,1,0.5478618000051938,None,,,,,3,2,14,2,,,,,37.21882249999908,,37.2028655000031,37.21882249999908,38.21895320000476,38.21895320000476,38.21895320000476,38.21895320000476,38.21895320000476,39.21821399999317,39.21821399999317,39.76860869998927,c,1,0.5478618000051938,None,,,,,,,,,,,,,,,111,001,2025-10-01_20h04.11.512,Motor_sequence_exp,,2025.1.1,59.933497793801315,2025-10-01 20h04.22.246810 +0530,
-150,z,15,3,3,z,1,0.4767428000050131,None,,,,,3,3,15,3,,,,,39.78486449999036,,39.76887669999269,39.78486449999036,40.76846859999932,40.76846859999932,40.76846859999932,40.76846859999932,40.78482420000364,41.76852849998977,41.76852849998977,42.252830499986885,z,1,0.4767428000050131,None,,,,,,,,,,,,,,,111,001,2025-10-01_20h04.11.512,Motor_sequence_exp,,2025.1.1,59.933497793801315,2025-10-01 20h04.22.246810 +0530,
-50,x,16,0,4,x,1,0.3758527000027243,None,,,,,4,0,16,0,,,,,42.268418999999994,,42.25320360000478,42.268418999999994,43.253608600003645,43.253608600003645,43.253608600003645,43.253608600003645,43.27045849998831,44.254060899984324,44.254060899984324,44.636820099985925,x,1,0.3758527000027243,None,,,,,,,,,,,,,,,111,001,2025-10-01_20h04.11.512,Motor_sequence_exp,,2025.1.1,59.933497793801315,2025-10-01 20h04.22.246810 +0530,
150,v,17,1,4,v,1,0.6842737000260968,None,,,,,4,1,17,1,,,,,44.652714099996956,,44.63721119999536,44.652714099996956,45.63705960000516,45.63705960000516,45.63705960000516,45.63705960000516,45.65375739999581,46.63686820000294,46.63686820000294,47.33811019998393,v,1,0.6842737000260968,None,,,,,,,,,,,,,,,111,001,2025-10-01_20h04.11.512,Motor_sequence_exp,,2025.1.1,59.933497793801315,2025-10-01 20h04.22.246810 +0530,
50,c,18,2,4,c,1,0.5189602999889757,None,,,,,4,2,18,2,,,,,47.35209329999634,,47.33878109999932,47.35209329999634,48.353510099987034,48.353510099987034,48.353510099987034,48.353510099987034,48.353510099987034,49.35296650000964,49.35296650000964,49.88704490000964,c,1,0.5189602999889757,None,,,,,,,,,,,,,,,111,001,2025-10-01_20h04.11.512,Motor_sequence_exp,,2025.1.1,59.933497793801315,2025-10-01 20h04.22.246810 +0530,
-150,z,19,3,4,z,1,0.44641559998854063,None,,,,,4,3,19,3,,,,,49.902800899988506,,49.88772150001023,49.902800899988506,50.887264699995285,50.887264699995285,50.887264699995285,50.887264699995285,50.90348010000889,51.88719149999088,51.88719149999088,52.33749999999418,z,1,0.44641559998854063,None,,,,,,,,,,,,,,,111,001,2025-10-01_20h04.11.512,Motor_sequence_exp,,2025.1.1,59.933497793801315,2025-10-01 20h04.22.246810 +0530,
-50,x,20,0,5,x,1,0.5455977000237908,None,,,,,5,0,20,0,,,,,52.35210719998577,,52.33797220000997,52.35210719998577,53.33691539999563,53.33691539999563,53.33691539999563,53.33691539999563,53.35321559998556,54.353498299984494,54.353498299984494,54.90372780000325,x,1,0.5455977000237908,None,,,,,,,,,,,,,,,111,001,2025-10-01_20h04.11.512,Motor_sequence_exp,,2025.1.1,59.933497793801315,2025-10-01 20h04.22.246810 +0530,
150,v,21,1,5,v,1,0.42691529999137856,None,,,,,5,1,21,1,,,,,54.9190227999934,,54.904116399993654,54.9190227999934,55.90337879999424,55.90337879999424,55.90337879999424,55.90337879999424,55.92037770000752,56.904074299993226,56.904074299993226,57.337750999984564,v,1,0.42691529999137856,None,,,,,,,,,,,,,,,111,001,2025-10-01_20h04.11.512,Motor_sequence_exp,,2025.1.1,59.933497793801315,2025-10-01 20h04.22.246810 +0530,
50,c,22,2,5,c,1,0.4798519999894779,None,,,,,5,2,22,2,,,,,57.352164099982474,,57.338396400009515,57.352164099982474,58.33720589999575,58.33720589999575,58.33720589999575,58.33720589999575,58.35342689999379,59.337266899994574,59.337266899994574,59.82096949999686,c,1,0.4798519999894779,None,,,,,,,,,,,,,,,111,001,2025-10-01_20h04.11.512,Motor_sequence_exp,,2025.1.1,59.933497793801315,2025-10-01 20h04.22.246810 +0530,
-150,z,23,3,5,z,1,0.4609714999969583,None,,,,,5,3,23,3,,,,,59.835514500009594,,59.82141760000377,59.835514500009594,60.836724399996456,60.836724399996456,60.836724399996456,60.836724399996456,60.836724399996456,61.82050249999156,61.82050249999156,62.287424899986945,z,1,0.4609714999969583,None,,,,,,,,,,,,,,,111,001,2025-10-01_20h04.11.512,Motor_sequence_exp,,2025.1.1,59.933497793801315,2025-10-01 20h04.22.246810 +0530,
-50,x,24,0,6,x,1,0.6228240999917034,None,,,,,6,0,24,0,,,,,62.302230700006476,,62.28791189999902,62.302230700006476,63.28732159998617,63.28732159998617,63.28732159998617,63.28732159998617,63.30406999998377,64.28732810000656,64.28732810000656,64.9206193999853,x,1,0.6228240999917034,None,,,,,,,,,,,,,,,111,001,2025-10-01_20h04.11.512,Motor_sequence_exp,,2025.1.1,59.933497793801315,2025-10-01 20h04.22.246810 +0530,
150,v,25,1,6,v,1,0.5979504999995697,None,,,,,6,1,25,1,,,,,64.93718420001096,,64.92100729999947,64.93718420001096,65.92095179998432,65.92095179998432,65.92095179998432,65.92095179998432,65.93718249999802,66.93576819999726,66.93576819999726,67.538292799989,v,1,0.5979504999995697,None,,,,,,,,,,,,,,,111,001,2025-10-01_20h04.11.512,Motor_sequence_exp,,2025.1.1,59.933497793801315,2025-10-01 20h04.22.246810 +0530,
50,c,26,2,6,c,1,0.6575803000014275,None,,,,,6,2,26,2,,,,,67.55297590000555,,67.53874260000885,67.55297590000555,68.5527460000012,68.5527460000012,68.5527460000012,68.5527460000012,68.5527460000012,69.53731439998955,69.53731439998955,70.2041845000058,c,1,0.6575803000014275,None,,,,,,,,,,,,,,,111,001,2025-10-01_20h04.11.512,Motor_sequence_exp,,2025.1.1,59.933497793801315,2025-10-01 20h04.22.246810 +0530,
-150,z,27,3,6,z,1,0.6012259999988601,None,,,,,6,3,27,3,,,,,70.22080310000456,,70.2045955999929,70.22080310000456,71.2043330000015,71.2043330000015,71.2043330000015,71.2043330000015,71.22072489999118,72.20380849999492,72.20380849999492,72.82047659999807,z,1,0.6012259999988601,None,,,,,,,,,,,,,,,111,001,2025-10-01_20h04.11.512,Motor_sequence_exp,,2025.1.1,59.933497793801315,2025-10-01 20h04.22.246810 +0530,
-50,x,28,0,7,x,1,0.6008135000010952,None,,,,,7,0,28,0,,,,,72.8358973999857,,72.82093570000143,72.8358973999857,73.82052290000138,73.82052290000138,73.82052290000138,73.82052290000138,73.83788579999236,74.82040440000128,74.82040440000128,75.43663650000235,x,1,0.6008135000010952,None,,,,,,,,,,,,,,,111,001,2025-10-01_20h04.11.512,Motor_sequence_exp,,2025.1.1,59.933497793801315,2025-10-01 20h04.22.246810 +0530,
150,v,29,1,7,v,1,0.5618816999776755,None,,,,,7,1,29,1,,,,,75.45305949999602,,75.43709679998574,75.45305949999602,76.43721189998905,76.43721189998905,76.43721189998905,76.43721189998905,76.45418870000867,77.43757429998368,77.43757429998368,78.00490490000811,v,1,0.5618816999776755,None,,,,,,,,,,,,,,,111,001,2025-10-01_20h04.11.512,Motor_sequence_exp,,2025.1.1,59.933497793801315,2025-10-01 20h04.22.246810 +0530,
50,c,30,2,7,c,1,0.6337706999911461,None,,,,,7,2,30,2,,,,,78.020743400004,,78.00546829999075,78.020743400004,79.0205558000016,79.0205558000016,79.0205558000016,79.0205558000016,79.0205558000016,80.00433140000678,80.00433140000678,80.65442710000207,c,1,0.6337706999911461,None,,,,,,,,,,,,,,,111,001,2025-10-01_20h04.11.512,Motor_sequence_exp,,2025.1.1,59.933497793801315,2025-10-01 20h04.22.246810 +0530,
-150,z,31,3,7,z,1,0.7070428000006359,None,,,,,7,3,31,3,,,,,80.67032239999389,,80.65483769998536,80.67032239999389,81.65434660000028,81.65434660000028,81.65434660000028,81.65434660000028,81.6706181000045,82.65354379999917,82.65354379999917,83.3705098000064,z,1,0.7070428000006359,None,,,,,,,,,,,,,,,111,001,2025-10-01_20h04.11.512,Motor_sequence_exp,,2025.1.1,59.933497793801315,2025-10-01 20h04.22.246810 +0530,
-50,x,32,0,8,x,1,0.6341757999907713,None,,,,,8,0,32,0,,,,,83.38637789999484,,83.37094439999782,83.38637789999484,84.37095219999901,84.37095219999901,84.37095219999901,84.37095219999901,84.38612119999016,85.37086229998386,85.37086229998386,86.02034429999185,x,1,0.6341757999907713,None,,,,,,,,,,,,,,,111,001,2025-10-01_20h04.11.512,Motor_sequence_exp,,2025.1.1,59.933497793801315,2025-10-01 20h04.22.246810 +0530,
150,v,33,1,8,v,1,0.6582831999985501,None,,,,,8,1,33,1,,,,,86.0377021000022,,86.02073109999765,86.0377021000022,87.02093239998794,87.02093239998794,87.02093239998794,87.02093239998794,87.03794559999369,88.01926860000822,88.01926860000822,88.6871651999827,v,1,0.6582831999985501,None,,,,,,,,,,,,,,,111,001,2025-10-01_20h04.11.512,Motor_sequence_exp,,2025.1.1,59.933497793801315,2025-10-01 20h04.22.246810 +0530,
50,c,34,2,8,c,1,0.575161599990679,None,,,,,8,2,34,2,,,,,88.7044947000104,,88.68761960000847,88.7044947000104,89.68781860001036,89.68781860001036,89.68781860001036,89.68781860001036,89.7037180000043,90.68692919999012,90.68692919999012,91.27212710000458,c,1,0.575161599990679,None,,,,,,,,,,,,,,,111,001,2025-10-01_20h04.11.512,Motor_sequence_exp,,2025.1.1,59.933497793801315,2025-10-01 20h04.22.246810 +0530,
-150,z,35,3,8,z,1,0.5464394000009634,None,,,,,8,3,35,3,,,,,91.28652950000833,,91.27266349998536,91.28652950000833,92.28768670000136,92.28768670000136,92.28768670000136,92.28768670000136,92.28768670000136,93.28751379999449,93.28751379999449,93.83779240000877,z,1,0.5464394000009634,None,,,,,,,,,,,,,,,111,001,2025-10-01_20h04.11.512,Motor_sequence_exp,,2025.1.1,59.933497793801315,2025-10-01 20h04.22.246810 +0530,
-50,x,36,0,9,x,1,0.4654422999883536,None,,,,,9,0,36,0,,,,,93.8533044999931,,93.8382592999842,93.8533044999931,94.83787240000675,94.83787240000675,94.83787240000675,94.83787240000675,94.85456599999452,95.83736320000025,95.83736320000025,96.30396930000279,x,1,0.4654422999883536,None,,,,,,,,,,,,,,,111,001,2025-10-01_20h04.11.512,Motor_sequence_exp,,2025.1.1,59.933497793801315,2025-10-01 20h04.22.246810 +0530,
150,v,37,1,9,v,1,0.5092578000039794,None,,,,,9,1,37,1,,,,,96.32011539998348,,96.30443280001055,96.32011539998348,97.30497219998506,97.30497219998506,97.30497219998506,97.30497219998506,97.31975309998961,98.30454539999482,98.30454539999482,98.82208079998964,v,1,0.5092578000039794,None,,,,,,,,,,,,,,,111,001,2025-10-01_20h04.11.512,Motor_sequence_exp,,2025.1.1,59.933497793801315,2025-10-01 20h04.22.246810 +0530,
50,c,38,2,9,c,1,0.502753999986453,None,,,,,9,2,38,2,,,,,98.83624549998785,,98.82271589999436,98.83624549998785,99.83788489998551,99.83788489998551,99.83788489998551,99.83788489998551,99.83788489998551,100.82130439998582,100.82130439998582,101.3383477999887,c,1,0.502753999986453,None,,,,,,,,,,,,,,,111,001,2025-10-01_20h04.11.512,Motor_sequence_exp,,2025.1.1,59.933497793801315,2025-10-01 20h04.22.246810 +0530,
-150,z,39,3,9,z,1,0.440092899982119,None,,,,,9,3,39,3,,,,,101.3535358000081,,101.33897089998936,101.3535358000081,102.33762669999851,102.33762669999851,102.33762669999851,102.33762669999851,102.35414189999574,103.33796489998349,103.33796489998349,103.78895749998628,z,1,0.440092899982119,None,,,,,,,,,,,,,,,111,001,2025-10-01_20h04.11.512,Motor_sequence_exp,,2025.1.1,59.933497793801315,2025-10-01 20h04.22.246810 +0530,
-50,x,40,0,10,x,1,0.5188980000093579,None,,,,,10,0,40,0,,,,,103.80509839998558,,103.78954969998449,103.80509839998558,104.8046805000049,104.8046805000049,104.8046805000049,104.8046805000049,104.8046805000049,105.80480330000864,105.80480330000864,106.3377768000064,x,1,0.5188980000093579,None,,,,,,,,,,,,,,,111,001,2025-10-01_20h04.11.512,Motor_sequence_exp,,2025.1.1,59.933497793801315,2025-10-01 20h04.22.246810 +0530,
150,v,41,1,10,v,1,0.600850899994839,None,,,,,10,1,41,1,,,,,106.35310330000357,,106.33817679999629,106.35310330000357,107.33798569999635,107.33798569999635,107.33798569999635,107.33798569999635,107.35415729999659,108.33780249999836,108.33780249999836,108.95450500000152,v,1,0.600850899994839,None,,,,,,,,,,,,,,,111,001,2025-10-01_20h04.11.512,Motor_sequence_exp,,2025.1.1,59.933497793801315,2025-10-01 20h04.22.246810 +0530,
50,c,42,2,10,c,1,0.5064669999992475,None,,,,,10,2,42,2,,,,,108.97014379999018,,108.95491549998405,108.97014379999018,109.95469559999765,109.95469559999765,109.95469559999765,109.95469559999765,109.97149959998205,110.95419479999691,110.95419479999691,111.47087889999966,c,1,0.5064669999992475,None,,,,,,,,,,,,,,,111,001,2025-10-01_20h04.11.512,Motor_sequence_exp,,2025.1.1,59.933497793801315,2025-10-01 20h04.22.246810 +0530,
-150,z,43,3,10,z,1,0.32855400000698864,None,,,,,10,3,43,3,,,,,111.48792799998773,,111.4713497000048,111.48792799998773,112.47182179999072,112.47182179999072,112.47182179999072,112.47182179999072,112.48620389998541,113.47107800000231,113.47107800000231,113.80541369999992,z,1,0.32855400000698864,None,,,,,,,,,,,,,,,111,001,2025-10-01_20h04.11.512,Motor_sequence_exp,,2025.1.1,59.933497793801315,2025-10-01 20h04.22.246810 +0530,
-50,x,44,0,11,x,1,0.39956369998981245,None,,,,,11,0,44,0,,,,,113.82030829999712,,113.80605789998663,113.82030829999712,114.80484589998377,114.80484589998377,114.80484589998377,114.80484589998377,114.82102050000685,115.80484649998834,115.80484649998834,116.22115170001052,x,1,0.39956369998981245,None,,,,,,,,,,,,,,,111,001,2025-10-01_20h04.11.512,Motor_sequence_exp,,2025.1.1,59.933497793801315,2025-10-01 20h04.22.246810 +0530,
150,v,45,1,11,v,1,0.5271148000028916,None,,,,,11,1,45,1,,,,,116.23753600000055,,116.22156159998849,116.23753600000055,117.22158809998655,117.22158809998655,117.22158809998655,117.22158809998655,117.2369298999838,118.23811149998801,118.23811149998801,118.77155119998497,v,1,0.5271148000028916,None,,,,,,,,,,,,,,,111,001,2025-10-01_20h04.11.512,Motor_sequence_exp,,2025.1.1,59.933497793801315,2025-10-01 20h04.22.246810 +0530,
50,c,46,2,11,c,1,0.5600138000154402,None,,,,,11,2,46,2,,,,,118.78643310000189,,118.77202159998706,118.78643310000189,119.77099230000749,119.77099230000749,119.77099230000749,119.77099230000749,119.78793019999284,120.76961009998922,120.76961009998922,121.33859299999312,c,1,0.5600138000154402,None,,,,,,,,,,,,,,,111,001,2025-10-01_20h04.11.512,Motor_sequence_exp,,2025.1.1,59.933497793801315,2025-10-01 20h04.22.246810 +0530,
-150,z,47,3,11,z,1,0.34878099997877143,None,,,,,11,3,47,3,,,,,121.35378849998233,,121.33906460000435,121.35378849998233,122.35490350000327,122.35490350000327,122.35490350000327,122.35490350000327,122.35490350000327,123.3545988999831,123.3545988999831,123.70554830000037,z,1,0.34878099997877143,None,,,,,,,,,,,,,,,111,001,2025-10-01_20h04.11.512,Motor_sequence_exp,,2025.1.1,59.933497793801315,2025-10-01 20h04.22.246810 +0530,
-50,x,48,0,12,x,1,0.28215549999731593,None,,,,,12,0,48,0,,,,,123.72046389998286,,123.7059406999906,123.72046389998286,124.70491010000114,124.70491010000114,124.70491010000114,124.70491010000114,124.7216855000006,125.70524959999602,125.70524959999602,125.98885100000189,x,1,0.28215549999731593,None,,,,,,,,,,,,,,,111,001,2025-10-01_20h04.11.512,Motor_sequence_exp,,2025.1.1,59.933497793801315,2025-10-01 20h04.22.246810 +0530,
150,v,49,1,12,v,1,0.5746209000062663,None,,,,,12,1,49,1,,,,,126.00382459998946,,125.98944030000712,126.00382459998946,127.00506029999815,127.00506029999815,127.00506029999815,127.00506029999815,127.00506029999815,127.98834270000225,127.98834270000225,128.57288409999455,v,1,0.5746209000062663,None,,,,,,,,,,,,,,,111,001,2025-10-01_20h04.11.512,Motor_sequence_exp,,2025.1.1,59.933497793801315,2025-10-01 20h04.22.246810 +0530,
50,c,50,2,12,c,1,0.38976230000844225,None,,,,,12,2,50,2,,,,,128.5865075000038,,128.57332440000027,128.5865075000038,129.58842889999505,129.58842889999505,129.58842889999505,129.58842889999505,129.58842889999505,130.58838050000486,130.58838050000486,130.988955000008,c,1,0.38976230000844225,None,,,,,,,,,,,,,,,111,001,2025-10-01_20h04.11.512,Motor_sequence_exp,,2025.1.1,59.933497793801315,2025-10-01 20h04.22.246810 +0530,
-150,z,51,3,12,z,1,0.475717799999984,None,,,,,12,3,51,3,,,,,131.00386890000664,,130.9895784999826,131.00386890000664,132.00449319998734,132.00449319998734,132.00449319998734,132.00449319998734,132.00449319998734,132.98828449999564,132.98828449999564,133.47147429999313,z,1,0.475717799999984,None,,,,,,,,,,,,,,,111,001,2025-10-01_20h04.11.512,Motor_sequence_exp,,2025.1.1,59.933497793801315,2025-10-01 20h04.22.246810 +0530,
-50,x,52,0,13,x,1,0.41718479999690317,None,,,,,13,0,52,0,,,,,133.48664759998792,,133.47188850000384,133.48664759998792,134.47173920000205,134.47173920000205,134.47173920000205,134.47173920000205,134.48834219999844,135.47014930000296,135.47014930000296,135.90593000000808,x,1,0.41718479999690317,None,,,,,,,,,,,,,,,111,001,2025-10-01_20h04.11.512,Motor_sequence_exp,,2025.1.1,59.933497793801315,2025-10-01 20h04.22.246810 +0530,
150,v,53,1,13,v,1,0.2554573000234086,None,,,,,13,1,53,1,,,,,135.9199438999931,,135.90662339999108,135.9199438999931,136.92060369998217,136.92060369998217,136.92060369998217,136.92060369998217,136.92060369998217,137.92042670000228,137.92042670000228,138.1881310000026,v,1,0.2554573000234086,None,,,,,,,,,,,,,,,111,001,2025-10-01_20h04.11.512,Motor_sequence_exp,,2025.1.1,59.933497793801315,2025-10-01 20h04.22.246810 +0530,
50,c,54,2,13,c,1,0.28204220000770874,None,,,,,13,2,54,2,,,,,138.2030887999863,,138.1885457999888,138.2030887999863,139.18661080001038,139.18661080001038,139.18661080001038,139.18661080001038,139.20319890000974,140.20378310000524,140.20378310000524,140.48688320000656,c,1,0.28204220000770874,None,,,,,,,,,,,,,,,111,001,2025-10-01_20h04.11.512,Motor_sequence_exp,,2025.1.1,59.933497793801315,2025-10-01 20h04.22.246810 +0530,
-150,z,55,3,13,z,1,0.32619620001059957,None,,,,,13,3,55,3,,,,,140.50381190000917,,140.4871836999955,140.50381190000917,141.48613939998904,141.48613939998904,141.48613939998904,141.48613939998904,141.52098549998482,142.4868191999849,142.4868191999849,142.8202775999962,z,1,0.32619620001059957,None,,,,,,,,,,,,,,,111,001,2025-10-01_20h04.11.512,Motor_sequence_exp,,2025.1.1,59.933497793801315,2025-10-01 20h04.22.246810 +0530,
-50,x,56,0,14,x,1,0.29060999999637716,None,,,,,14,0,56,0,,,,,142.83641499999794,,142.82062419998692,142.83641499999794,143.8199583000096,143.8199583000096,143.8199583000096,143.8199583000096,143.8374851999979,144.8214638000063,144.8214638000063,145.12056499999017,x,1,0.29060999999637716,None,,,,,,,,,,,,,,,111,001,2025-10-01_20h04.11.512,Motor_sequence_exp,,2025.1.1,59.933497793801315,2025-10-01 20h04.22.246810 +0530,
150,v,57,1,14,v,1,0.3410429999930784,None,,,,,14,1,57,1,,,,,145.13733520000824,,145.12085619999561,145.13733520000824,146.12028689999715,146.12028689999715,146.12028689999715,146.12028689999715,146.13654949999182,147.12022019998403,147.12022019998403,147.47080760000972,v,1,0.3410429999930784,None,,,,,,,,,,,,,,,111,001,2025-10-01_20h04.11.512,Motor_sequence_exp,,2025.1.1,59.933497793801315,2025-10-01 20h04.22.246810 +0530,
50,c,58,2,14,c,1,0.37032379998709075,None,,,,,14,2,58,2,,,,,147.48732799998834,,147.47111260000383,147.48732799998834,148.4697113999864,148.4697113999864,148.4697113999864,148.4697113999864,148.4871475000109,149.47039299999597,149.47039299999597,149.85515429999214,c,1,0.37032379998709075,None,,,,,,,,,,,,,,,111,001,2025-10-01_20h04.11.512,Motor_sequence_exp,,2025.1.1,59.933497793801315,2025-10-01 20h04.22.246810 +0530,
-150,z,59,3,14,z,1,0.46245079999789596,None,,,,,14,3,59,3,,,,,149.86965229999623,,149.85543049999978,149.86965229999623,150.85525570000755,150.85525570000755,150.85525570000755,150.85525570000755,150.87236269999994,151.85531189999892,151.85531189999892,152.32146189999185,z,1,0.46245079999789596,None,,,,,,,,,,,,,,,111,001,2025-10-01_20h04.11.512,Motor_sequence_exp,,2025.1.1,59.933497793801315,2025-10-01 20h04.22.246810 +0530,
-50,x,60,0,15,x,1,0.32460180000634864,None,,,,,15,0,60,0,,,,,152.3375260999892,,152.3220694999909,152.3375260999892,153.32202200000756,153.32202200000756,153.32202200000756,153.32202200000756,153.33881240000483,154.32173379999585,154.32173379999585,154.65503110000282,x,1,0.32460180000634864,None,,,,,,,,,,,,,,,111,001,2025-10-01_20h04.11.512,Motor_sequence_exp,,2025.1.1,59.933497793801315,2025-10-01 20h04.22.246810 +0530,
150,v,61,1,15,v,1,0.32247970000025816,None,,,,,15,1,61,1,,,,,154.67104329998256,,154.65542969998205,154.67104329998256,155.6549825000111,155.6549825000111,155.6549825000111,155.6549825000111,155.6716397999844,156.67217609999352,156.67217609999352,157.00602639999124,v,1,0.32247970000025816,None,,,,,,,,,,,,,,,111,001,2025-10-01_20h04.11.512,Motor_sequence_exp,,2025.1.1,59.933497793801315,2025-10-01 20h04.22.246810 +0530,
50,c,62,2,15,c,1,0.23279619999811985,None,,,,,15,2,62,2,,,,,157.02107099999557,,157.0066438000067,157.02107099999557,158.0219824000087,158.0219824000087,158.0219824000087,158.0219824000087,158.0219824000087,159.00560939998832,159.00560939998832,159.2549391000066,c,1,0.23279619999811985,None,,,,,,,,,,,,,,,111,001,2025-10-01_20h04.11.512,Motor_sequence_exp,,2025.1.1,59.933497793801315,2025-10-01 20h04.22.246810 +0530,
-150,z,63,3,15,z,1,0.3531302999763284,None,,,,,15,3,63,3,,,,,159.2717832000053,,159.2553268999909,159.2717832000053,160.254402999999,160.254402999999,160.254402999999,160.254402999999,160.27189589999034,161.254397599987,161.254397599987,161.62216110000736,z,1,0.3531302999763284,None,,,,,,,,,,,,,,,111,001,2025-10-01_20h04.11.512,Motor_sequence_exp,,2025.1.1,59.933497793801315,2025-10-01 20h04.22.246810 +0530,
-50,x,64,0,16,x,1,0.4919487999868579,None,,,,,16,0,64,0,,,,,161.6378366999852,,161.62270760000683,161.6378366999852,162.6222742999962,162.6222742999962,162.6222742999962,162.6222742999962,162.63813539998955,163.62110869999742,163.62110869999742,164.12191680000979,x,1,0.4919487999868579,None,,,,,,,,,,,,,,,111,001,2025-10-01_20h04.11.512,Motor_sequence_exp,,2025.1.1,59.933497793801315,2025-10-01 20h04.22.246810 +0530,
150,v,65,1,16,v,1,0.3681143999856431,None,,,,,16,1,65,1,,,,,164.13850510001066,,164.12230419999105,164.13850510001066,165.12122369999997,165.12122369999997,165.12122369999997,165.12122369999997,165.13902820000658,166.12157089999528,166.12157089999528,166.50552030000836,v,1,0.3681143999856431,None,,,,,,,,,,,,,,,111,001,2025-10-01_20h04.11.512,Motor_sequence_exp,,2025.1.1,59.933497793801315,2025-10-01 20h04.22.246810 +0530,
50,c,66,2,16,c,1,0.35065920001943596,None,,,,,16,2,66,2,,,,,166.5219068999868,,166.5060627000057,166.5219068999868,167.50558369999635,167.50558369999635,167.50558369999635,167.50558369999635,167.52267959999153,168.5059462999925,168.5059462999925,168.8729267999879,c,1,0.35065920001943596,None,,,,,,,,,,,,,,,111,001,2025-10-01_20h04.11.512,Motor_sequence_exp,,2025.1.1,59.933497793801315,2025-10-01 20h04.22.246810 +0530,
-150,z,67,3,16,z,1,0.5986643999931403,None,,,,,16,3,67,3,,,,,168.88863110000966,,168.8736294999835,168.88863110000966,169.87225769998622,169.87225769998622,169.87225769998622,169.87225769998622,169.88853180001024,170.88896330000716,170.88896330000716,171.50465670000995,z,1,0.5986643999931403,None,,,,,,,,,,,,,,,111,001,2025-10-01_20h04.11.512,Motor_sequence_exp,,2025.1.1,59.933497793801315,2025-10-01 20h04.22.246810 +0530,
-50,x,68,0,17,x,1,0.5584870000020601,None,,,,,17,0,68,0,,,,,171.521905600006,,171.50510380000924,171.521905600006,172.50535140000284,172.50535140000284,172.50535140000284,172.50535140000284,172.52202139998553,173.50551029999042,173.50551029999042,174.07128179998836,x,1,0.5584870000020601,None,,,,,,,,,,,,,,,111,001,2025-10-01_20h04.11.512,Motor_sequence_exp,,2025.1.1,59.933497793801315,2025-10-01 20h04.22.246810 +0530,
150,v,69,1,17,v,1,0.5122222000209149,None,,,,,17,1,69,1,,,,,174.08771839999827,,174.07192819999182,174.08771839999827,175.07165649998933,175.07165649998933,175.07165649998933,175.07165649998933,175.0883094999881,176.07244970000465,176.07244970000465,176.58921189999091,v,1,0.5122222000209149,None,,,,,,,,,,,,,,,111,001,2025-10-01_20h04.11.512,Motor_sequence_exp,,2025.1.1,59.933497793801315,2025-10-01 20h04.22.246810 +0530,
50,c,70,2,17,c,1,0.5977901000005659,None,,,,,17,2,70,2,,,,,176.60417750000488,,176.5896412000002,176.60417750000488,177.5880821000028,177.5880821000028,177.5880821000028,177.5880821000028,177.60521169999265,178.58817770000314,178.58817770000314,179.18934099999024,c,1,0.5977901000005659,None,,,,,,,,,,,,,,,111,001,2025-10-01_20h04.11.512,Motor_sequence_exp,,2025.1.1,59.933497793801315,2025-10-01 20h04.22.246810 +0530,
-150,z,71,3,17,z,1,0.4058317000162788,None,,,,,17,3,71,3,,,,,179.20384129998274,,179.18994670000393,179.20384129998274,180.20458389999112,180.20458389999112,180.20458389999112,180.20458389999112,180.20458389999112,181.1897275999945,181.1897275999945,181.60560979999718,z,1,0.4058317000162788,None,,,,,,,,,,,,,,,111,001,2025-10-01_20h04.11.512,Motor_sequence_exp,,2025.1.1,59.933497793801315,2025-10-01 20h04.22.246810 +0530,
-50,x,72,0,18,x,1,0.3278273000032641,None,,,,,18,0,72,0,,,,,181.62174750000122,,181.60600149998209,181.62174750000122,182.60590880000382,182.60590880000382,182.60590880000382,182.60590880000382,182.62208609998925,183.6052195999946,183.6052195999946,183.9404574999935,x,1,0.3278273000032641,None,,,,,,,,,,,,,,,111,001,2025-10-01_20h04.11.512,Motor_sequence_exp,,2025.1.1,59.933497793801315,2025-10-01 20h04.22.246810 +0530,
150,v,73,1,18,v,1,0.4797662000055425,None,,,,,18,1,73,1,,,,,183.95487280000816,,183.94129660000908,183.95487280000816,184.954365099984,184.954365099984,184.954365099984,184.954365099984,184.954365099984,185.95604719998664,185.95604719998664,186.43963149999036,v,1,0.4797662000055425,None,,,,,,,,,,,,,,,111,001,2025-10-01_20h04.11.512,Motor_sequence_exp,,2025.1.1,59.933497793801315,2025-10-01 20h04.22.246810 +0530,
50,c,74,2,18,c,1,0.3486735000042245,None,,,,,18,2,74,2,,,,,186.45417270000326,,186.44008380000014,186.45417270000326,187.4383664999914,187.4383664999914,187.4383664999914,187.4383664999914,187.45475559998886,188.45407159999013,188.45407159999013,188.80495769999106,c,1,0.3486735000042245,None,,,,,,,,,,,,,,,111,001,2025-10-01_20h04.11.512,Motor_sequence_exp,,2025.1.1,59.933497793801315,2025-10-01 20h04.22.246810 +0530,
-150,z,75,3,18,z,1,0.5423124000080861,None,,,,,18,3,75,3,,,,,188.820258199994,,188.80546390000382,188.820258199994,189.82149780000327,189.82149780000327,189.82149780000327,189.82149780000327,189.82149780000327,190.80570389999775,190.80570389999775,191.35553149998304,z,1,0.5423124000080861,None,,,,,,,,,,,,,,,111,001,2025-10-01_20h04.11.512,Motor_sequence_exp,,2025.1.1,59.933497793801315,2025-10-01 20h04.22.246810 +0530,
-50,x,76,0,19,x,1,0.49290250000194646,None,,,,,19,0,76,0,,,,,191.37203080000472,,191.355911199993,191.37203080000472,192.3705178000091,192.3705178000091,192.3705178000091,192.3705178000091,192.3705178000091,193.3704735999927,193.3704735999927,193.87182989998837,x,1,0.49290250000194646,None,,,,,,,,,,,,,,,111,001,2025-10-01_20h04.11.512,Motor_sequence_exp,,2025.1.1,59.933497793801315,2025-10-01 20h04.22.246810 +0530,
150,v,77,1,19,v,1,0.40311740001197904,None,,,,,19,1,77,1,,,,,193.88810069998726,,193.87229070000467,193.88810069998726,194.87064579999424,194.87064579999424,194.87064579999424,194.87064579999424,194.88802670000587,195.87067959998967,195.87067959998967,196.28842399999849,v,1,0.40311740001197904,None,,,,,,,,,,,,,,,111,001,2025-10-01_20h04.11.512,Motor_sequence_exp,,2025.1.1,59.933497793801315,2025-10-01 20h04.22.246810 +0530,
50,c,78,2,19,c,1,0.3083224000001792,None,,,,,19,2,78,2,,,,,196.30390929998248,,196.28877759998431,196.30390929998248,197.28865569998743,197.28865569998743,197.28865569998743,197.28865569998743,197.30526090000058,198.28908670000965,198.28908670000965,198.60684769999352,c,1,0.3083224000001792,None,,,,,,,,,,,,,,,111,001,2025-10-01_20h04.11.512,Motor_sequence_exp,,2025.1.1,59.933497793801315,2025-10-01 20h04.22.246810 +0530,
-150,z,79,3,19,z,1,0.3625121000222862,None,,,,,19,3,79,3,,,,,198.62188689998584,,198.60741689999122,198.62188689998584,199.62270209999406,199.62270209999406,199.62270209999406,199.62270209999406,199.62270209999406,200.60431219998281,200.60431219998281,200.97196789999725,z,1,0.3625121000222862,None,,,,,,,,,,,,,,,111,001,2025-10-01_20h04.11.512,Motor_sequence_exp,,2025.1.1,59.933497793801315,2025-10-01 20h04.22.246810 +0530,
-50,x,80,0,20,x,1,0.42976460000500083,None,,,,,20,0,80,0,,,,,200.98835040000267,,200.97241339998436,200.98835040000267,201.9726687000075,201.9726687000075,201.9726687000075,201.9726687000075,201.98969099999522,202.97291740000946,202.97291740000946,203.4064548999886,x,1,0.42976460000500083,None,,,,,,,,,,,,,,,111,001,2025-10-01_20h04.11.512,Motor_sequence_exp,,2025.1.1,59.933497793801315,2025-10-01 20h04.22.246810 +0530,
150,v,81,1,20,v,1,0.45472400001017377,None,,,,,20,1,81,1,,,,,203.421992699994,,203.4069402999885,203.421992699994,204.4064864999964,204.4064864999964,204.4064864999964,204.4064864999964,204.42257289998815,205.40629730001092,205.40629730001092,205.872942099988,v,1,0.45472400001017377,None,,,,,,,,,,,,,,,111,001,2025-10-01_20h04.11.512,Motor_sequence_exp,,2025.1.1,59.933497793801315,2025-10-01 20h04.22.246810 +0530,
50,c,82,2,20,c,1,0.26816870001493953,None,,,,,20,2,82,2,,,,,205.88843190000625,,205.87343380000675,205.88843190000625,206.8723958999908,206.8723958999908,206.8723958999908,206.8723958999908,206.88893399998778,207.87281830000575,207.87281830000575,208.15607309999177,c,1,0.26816870001493953,None,,,,,,,,,,,,,,,111,001,2025-10-01_20h04.11.512,Motor_sequence_exp,,2025.1.1,59.933497793801315,2025-10-01 20h04.22.246810 +0530,
-150,z,83,3,20,z,1,0.31997840001713485,None,,,,,20,3,83,3,,,,,208.1711842000077,,208.156564600009,208.1711842000077,209.15663509999285,209.15663509999285,209.15663509999285,209.15663509999285,209.17297569999937,210.15513400000054,210.15513400000054,210.48879209998995,z,1,0.31997840001713485,None,,,,,,,,,,,,,,,111,001,2025-10-01_20h04.11.512,Motor_sequence_exp,,2025.1.1,59.933497793801315,2025-10-01 20h04.22.246810 +0530,
-50,x,84,0,21,x,1,0.35031539999181405,None,,,,,21,0,84,0,,,,,210.5060322000063,,210.48920449998695,210.5060322000063,211.48918559998856,211.48918559998856,211.48918559998856,211.48918559998856,211.50628000000142,212.48960709999665,212.48960709999665,212.85654069998418,x,1,0.35031539999181405,None,,,,,,,,,,,,,,,111,001,2025-10-01_20h04.11.512,Motor_sequence_exp,,2025.1.1,59.933497793801315,2025-10-01 20h04.22.246810 +0530,
150,v,85,1,21,v,1,0.5193052999966312,None,,,,,21,1,85,1,,,,,212.87263820000226,,212.85698809998576,212.87263820000226,213.8564328000066,213.8564328000066,213.8564328000066,213.8564328000066,213.87139419998857,214.85577930000727,214.85577930000727,215.3896309999982,v,1,0.5193052999966312,None,,,,,,,,,,,,,,,111,001,2025-10-01_20h04.11.512,Motor_sequence_exp,,2025.1.1,59.933497793801315,2025-10-01 20h04.22.246810 +0530,
50,c,86,2,21,c,1,0.4666909000079613,None,,,,,21,2,86,2,,,,,215.40445709999767,,215.39004140000907,215.40445709999767,216.38980939998874,216.38980939998874,216.38980939998874,216.38980939998874,216.40533939999295,217.38937389999046,217.38937389999046,217.85692220000783,c,1,0.4666909000079613,None,,,,,,,,,,,,,,,111,001,2025-10-01_20h04.11.512,Motor_sequence_exp,,2025.1.1,59.933497793801315,2025-10-01 20h04.22.246810 +0530,
-150,z,87,3,21,z,1,0.2916341999953147,None,,,,,21,3,87,3,,,,,217.87306310000713,,217.85750290000578,217.87306310000713,218.8562244999921,218.8562244999921,218.8562244999921,218.8562244999921,218.8727222000016,219.87317499998608,219.87317499998608,220.17352199999732,z,1,0.2916341999953147,None,,,,,,,,,,,,,,,111,001,2025-10-01_20h04.11.512,Motor_sequence_exp,,2025.1.1,59.933497793801315,2025-10-01 20h04.22.246810 +0530,
-50,x,88,0,22,x,1,0.2674682000069879,None,,,,,22,0,88,0,,,,,220.19014709998737,,220.17413530001068,220.19014709998737,221.18947680000565,221.18947680000565,221.18947680000565,221.18947680000565,221.20600320000085,222.17140659998404,222.17140659998404,222.45547029998852,x,1,0.2674682000069879,None,,,,,,,,,,,,,,,111,001,2025-10-01_20h04.11.512,Motor_sequence_exp,,2025.1.1,59.933497793801315,2025-10-01 20h04.22.246810 +0530,
150,v,89,1,22,v,1,0.38269389999913983,None,,,,,22,1,89,1,,,,,222.4726507999876,,222.45586429999094,222.4726507999876,223.45623199999682,223.45623199999682,223.45623199999682,223.45623199999682,223.47314439999172,224.45644609999727,224.45644609999727,224.85520530000213,v,1,0.38269389999913983,None,,,,,,,,,,,,,,,111,001,2025-10-01_20h04.11.512,Motor_sequence_exp,,2025.1.1,59.933497793801315,2025-10-01 20h04.22.246810 +0530,
50,c,90,2,22,c,1,0.3714267000032123,None,,,,,22,2,90,2,,,,,224.8724094000063,,224.85579279999365,224.8724094000063,225.85652529998333,225.85652529998333,225.85652529998333,225.85652529998333,225.8728751000017,226.85642930000904,226.85642930000904,227.2408216999902,c,1,0.3714267000032123,None,,,,,,,,,,,,,,,111,001,2025-10-01_20h04.11.512,Motor_sequence_exp,,2025.1.1,59.933497793801315,2025-10-01 20h04.22.246810 +0530,
-150,z,91,3,22,z,1,0.37646219998714514,None,,,,,22,3,91,3,,,,,227.25474539998686,,227.24143349999213,227.25474539998686,228.2398803999822,228.2398803999822,228.2398803999822,228.2398803999822,228.25683389999904,229.2566062999831,229.2566062999831,229.6399809999857,z,1,0.37646219998714514,None,,,,,,,,,,,,,,,111,001,2025-10-01_20h04.11.512,Motor_sequence_exp,,2025.1.1,59.933497793801315,2025-10-01 20h04.22.246810 +0530,
-50,x,92,0,23,x,1,0.4343145999882836,None,,,,,23,0,92,0,,,,,229.65495779999765,,229.64050350000616,229.65495779999765,230.63975159998517,230.63975159998517,230.63975159998517,230.63975159998517,230.6566926999949,231.6396134000097,231.6396134000097,232.09090499999002,x,1,0.4343145999882836,None,,,,,,,,,,,,,,,111,001,2025-10-01_20h04.11.512,Motor_sequence_exp,,2025.1.1,59.933497793801315,2025-10-01 20h04.22.246810 +0530,
150,v,93,1,23,v,1,0.265985100006219,None,,,,,23,1,93,1,,,,,232.10567749998881,,232.09138769999845,232.10567749998881,233.10593540000264,233.10593540000264,233.10593540000264,233.10593540000264,233.10593540000264,234.10686679999344,234.10686679999344,234.39007560000755,v,1,0.265985100006219,None,,,,,,,,,,,,,,,111,001,2025-10-01_20h04.11.512,Motor_sequence_exp,,2025.1.1,59.933497793801315,2025-10-01 20h04.22.246810 +0530,
50,c,94,2,23,c,1,0.5245509000087623,None,,,,,23,2,94,2,,,,,234.40596879998338,,234.3904695000092,234.40596879998338,235.38984139999957,235.38984139999957,235.38984139999957,235.38984139999957,235.4067906999844,236.3885011000093,236.3885011000093,236.92294889999903,c,1,0.5245509000087623,None,,,,,,,,,,,,,,,111,001,2025-10-01_20h04.11.512,Motor_sequence_exp,,2025.1.1,59.933497793801315,2025-10-01 20h04.22.246810 +0530,
-150,z,95,3,23,z,1,0.39029309997567907,None,,,,,23,3,95,3,,,,,236.93948249999085,,236.92337699999916,236.93948249999085,237.92327179998392,237.92327179998392,237.92327179998392,237.92327179998392,237.93955409998307,238.9223834000004,238.9223834000004,239.32262620000984,z,1,0.39029309997567907,None,,,,,,,,,,,,,,,111,001,2025-10-01_20h04.11.512,Motor_sequence_exp,,2025.1.1,59.933497793801315,2025-10-01 20h04.22.246810 +0530,
-50,x,96,0,24,x,1,0.30771450002794154,None,,,,,24,0,96,0,,,,,239.33919709999464,,239.32302389998222,239.33919709999464,240.3384504999849,240.3384504999849,240.3384504999849,240.3384504999849,240.3545652999892,241.3389879000024,241.3389879000024,241.6549151999934,x,1,0.30771450002794154,None,,,,,,,,,,,,,,,111,001,2025-10-01_20h04.11.512,Motor_sequence_exp,,2025.1.1,59.933497793801315,2025-10-01 20h04.22.246810 +0530,
150,v,97,1,24,v,1,0.29793810000410303,None,,,,,24,1,97,1,,,,,241.67168979998678,,241.65519910000148,241.67168979998678,242.6548649999895,242.6548649999895,242.6548649999895,242.6548649999895,242.67187590000685,243.65430580000975,243.65430580000975,243.954980599985,v,1,0.29793810000410303,None,,,,,,,,,,,,,,,111,001,2025-10-01_20h04.11.512,Motor_sequence_exp,,2025.1.1,59.933497793801315,2025-10-01 20h04.22.246810 +0530,
50,c,98,2,24,c,1,0.4981623999774456,None,,,,,24,2,98,2,,,,,243.9717602999881,,243.95525679999264,243.9717602999881,244.95441899998696,244.95441899998696,244.95441899998696,244.95441899998696,244.97219549998408,245.95451439998578,245.95451439998578,246.45526849999442,c,1,0.4981623999774456,None,,,,,,,,,,,,,,,111,001,2025-10-01_20h04.11.512,Motor_sequence_exp,,2025.1.1,59.933497793801315,2025-10-01 20h04.22.246810 +0530,
-150,z,99,3,24,z,1,0.47523589999764226,None,,,,,24,3,99,3,,,,,246.47211080000852,,246.45561249999446,246.47211080000852,247.4551696999988,247.4551696999988,247.4551696999988,247.4551696999988,247.47122800000943,248.45526889999746,248.45526889999746,248.93903169999248,z,1,0.47523589999764226,None,,,,,,,,,,,,,,,111,001,2025-10-01_20h04.11.512,Motor_sequence_exp,,2025.1.1,59.933497793801315,2025-10-01 20h04.22.246810 +0530,
-50,x,100,0,25,x,1,0.5918530999915674,None,,,,,25,0,100,0,,,,,248.95528629998444,,248.93930840000394,248.95528629998444,249.9387759999954,249.9387759999954,249.9387759999954,249.9387759999954,249.95612190000247,250.95554029999766,250.95554029999766,251.55518570001004,x,1,0.5918530999915674,None,,,,,,,,,,,,,,,111,001,2025-10-01_20h04.11.512,Motor_sequence_exp,,2025.1.1,59.933497793801315,2025-10-01 20h04.22.246810 +0530,
150,v,101,1,25,v,1,0.4471942000091076,None,,,,,25,1,101,1,,,,,251.57118900000933,,251.55546410000534,251.57118900000933,252.55601169998408,252.55601169998408,252.55601169998408,252.55601169998408,252.57249299998512,253.5550675999839,253.5550675999839,254.00569779999205,v,1,0.4471942000091076,None,,,,,,,,,,,,,,,111,001,2025-10-01_20h04.11.512,Motor_sequence_exp,,2025.1.1,59.933497793801315,2025-10-01 20h04.22.246810 +0530,
50,c,102,2,25,c,1,0.5234690000070259,None,,,,,25,2,102,2,,,,,254.02207289999933,,254.00608479999937,254.02207289999933,255.00584090000484,255.00584090000484,255.00584090000484,255.00584090000484,255.02359629998682,256.00622839998687,256.00622839998687,256.5411679999961,c,1,0.5234690000070259,None,,,,,,,,,,,,,,,111,001,2025-10-01_20h04.11.512,Motor_sequence_exp,,2025.1.1,59.933497793801315,2025-10-01 20h04.22.246810 +0530,
-150,z,103,3,25,z,1,0.4765274999954272,None,,,,,25,3,103,3,,,,,256.55594369999017,,256.54161129999557,256.55594369999017,257.5554899999988,257.5554899999988,257.5554899999988,257.5554899999988,257.5554899999988,258.5560874000075,258.5560874000075,259.03979969999637,z,1,0.4765274999954272,None,,,,,,,,,,,,,,,111,001,2025-10-01_20h04.11.512,Motor_sequence_exp,,2025.1.1,59.933497793801315,2025-10-01 20h04.22.246810 +0530,
-50,x,104,0,26,x,1,0.4176197000197135,None,,,,,26,0,104,0,,,,,259.055300100008,,259.04021469998406,259.055300100008,260.03982689999975,260.03982689999975,260.03982689999975,260.03982689999975,260.0568020000064,261.0402635000064,261.0402635000064,261.4730029999919,x,1,0.4176197000197135,None,,,,,,,,,,,,,,,111,001,2025-10-01_20h04.11.512,Motor_sequence_exp,,2025.1.1,59.933497793801315,2025-10-01 20h04.22.246810 +0530,
150,v,105,1,26,v,1,0.4158609999867622,None,,,,,26,1,105,1,,,,,261.49032839998836,,261.4734313999943,261.49032839998836,262.47376039999654,262.47376039999654,262.47376039999654,262.47376039999654,262.4904813999892,263.47350809999625,263.47350809999625,263.906825699989,v,1,0.4158609999867622,None,,,,,,,,,,,,,,,111,001,2025-10-01_20h04.11.512,Motor_sequence_exp,,2025.1.1,59.933497793801315,2025-10-01 20h04.22.246810 +0530,
50,c,106,2,26,c,1,0.4400113000010606,None,,,,,26,2,106,2,,,,,263.9225686999853,,263.90725319998455,263.9225686999853,264.90710320000653,264.90710320000653,264.90710320000653,264.90710320000653,264.92373099998804,265.907415499998,265.907415499998,266.35693350000656,c,1,0.4400113000010606,None,,,,,,,,,,,,,,,111,001,2025-10-01_20h04.11.512,Motor_sequence_exp,,2025.1.1,59.933497793801315,2025-10-01 20h04.22.246810 +0530,
-150,z,107,3,26,z,1,0.3912154999852646,None,,,,,26,3,107,3,,,,,266.3722751000023,,266.35734899999807,266.3722751000023,267.3553236000007,267.3553236000007,267.3553236000007,267.3553236000007,267.37189340000623,268.3718463999976,268.3718463999976,268.7739015999832,z,1,0.3912154999852646,None,,,,,,,,,,,,,,,111,001,2025-10-01_20h04.11.512,Motor_sequence_exp,,2025.1.1,59.933497793801315,2025-10-01 20h04.22.246810 +0530,
-50,x,108,0,27,x,1,0.4433545999927446,None,,,,,27,0,108,0,,,,,268.7901406000019,,268.77463989998796,268.7901406000019,269.78846139999223,269.78846139999223,269.78846139999223,269.78846139999223,269.80596759999753,270.78856980000273,270.78856980000273,271.23897579999175,x,1,0.4433545999927446,None,,,,,,,,,,,,,,,111,001,2025-10-01_20h04.11.512,Motor_sequence_exp,,2025.1.1,59.933497793801315,2025-10-01 20h04.22.246810 +0530,
150,v,109,1,27,v,1,0.474745499988785,None,,,,,27,1,109,1,,,,,271.2549248999858,,271.23926559998654,271.2549248999858,272.23847899999237,272.23847899999237,272.23847899999237,272.23847899999237,272.25497899999027,273.2397725000046,273.2397725000046,273.7239736999909,v,1,0.474745499988785,None,,,,,,,,,,,,,,,111,001,2025-10-01_20h04.11.512,Motor_sequence_exp,,2025.1.1,59.933497793801315,2025-10-01 20h04.22.246810 +0530,
50,c,110,2,27,c,1,0.40173010001308285,None,,,,,27,2,110,2,,,,,273.73895359999733,,273.72435209999094,273.73895359999733,274.72293349998654,274.72293349998654,274.72293349998654,274.72293349998654,274.7394787000085,275.74064689999796,275.74064689999796,276.1562067999912,c,1,0.40173010001308285,None,,,,,,,,,,,,,,,111,001,2025-10-01_20h04.11.512,Motor_sequence_exp,,2025.1.1,59.933497793801315,2025-10-01 20h04.22.246810 +0530,
-150,z,111,3,27,z,1,0.4070800000044983,None,,,,,27,3,111,3,,,,,276.1735372999974,,276.15680900000734,276.1735372999974,277.15699220000533,277.15699220000533,277.15699220000533,277.15699220000533,277.1737026000046,278.15640300000086,278.15640300000086,278.5742883000057,z,1,0.4070800000044983,None,,,,,,,,,,,,,,,111,001,2025-10-01_20h04.11.512,Motor_sequence_exp,,2025.1.1,59.933497793801315,2025-10-01 20h04.22.246810 +0530,
-50,x,112,0,28,x,1,0.4907254999852739,None,,,,,28,0,112,0,,,,,278.5892380999867,,278.57471899999655,278.5892380999867,279.5740270999959,279.5740270999959,279.5740270999959,279.5740270999959,279.5906556999835,280.57381500001065,280.57381500001065,281.07276229999843,x,1,0.4907254999852739,None,,,,,,,,,,,,,,,111,001,2025-10-01_20h04.11.512,Motor_sequence_exp,,2025.1.1,59.933497793801315,2025-10-01 20h04.22.246810 +0530,
150,v,113,1,28,v,1,0.33854759999667294,None,,,,,28,1,113,1,,,,,281.0891558000003,,281.0733099000063,281.0891558000003,282.0722635999846,282.0722635999846,282.0722635999846,282.0722635999846,282.08908939998946,283.0742037000018,283.0742037000018,283.4243251000007,v,1,0.33854759999667294,None,,,,,,,,,,,,,,,111,001,2025-10-01_20h04.11.512,Motor_sequence_exp,,2025.1.1,59.933497793801315,2025-10-01 20h04.22.246810 +0530,
50,c,114,2,28,c,1,0.4747348999953829,None,,,,,28,2,114,2,,,,,283.44082920000073,,283.42477419998613,283.44082920000073,284.4237656999903,284.4237656999903,284.4237656999903,284.4237656999903,284.44024959998205,285.423886900011,285.423886900011,285.9076807000092,c,1,0.4747348999953829,None,,,,,,,,,,,,,,,111,001,2025-10-01_20h04.11.512,Motor_sequence_exp,,2025.1.1,59.933497793801315,2025-10-01 20h04.22.246810 +0530,
-150,z,115,3,28,z,1,0.3547346999985166,None,,,,,28,3,115,3,,,,,285.92387689999305,,285.9080985999899,285.92387689999305,286.9067951999896,286.9067951999896,286.9067951999896,286.9067951999896,286.92422280000756,287.92248340000515,287.92248340000515,288.29090610001003,z,1,0.3547346999985166,None,,,,,,,,,,,,,,,111,001,2025-10-01_20h04.11.512,Motor_sequence_exp,,2025.1.1,59.933497793801315,2025-10-01 20h04.22.246810 +0530,
-50,x,116,0,29,x,1,0.32986650001839735,None,,,,,29,0,116,0,,,,,288.3059953000047,,288.29156039998634,288.3059953000047,289.2905793999962,289.2905793999962,289.2905793999962,289.2905793999962,289.30681539999205,290.3075860000099,290.3075860000099,290.6410632999905,x,1,0.32986650001839735,None,,,,,,,,,,,,,,,111,001,2025-10-01_20h04.11.512,Motor_sequence_exp,,2025.1.1,59.933497793801315,2025-10-01 20h04.22.246810 +0530,
150,v,117,1,29,v,1,0.39658410000265576,None,,,,,29,1,117,1,,,,,290.6568608999951,,290.64156250000815,290.6568608999951,291.6561762999918,291.6561762999918,291.6561762999918,291.6561762999918,291.6561762999918,292.640888599999,292.640888599999,293.0411017999868,v,1,0.39658410000265576,None,,,,,,,,,,,,,,,111,001,2025-10-01_20h04.11.512,Motor_sequence_exp,,2025.1.1,59.933497793801315,2025-10-01 20h04.22.246810 +0530,
50,c,118,2,29,c,1,0.3600291000038851,None,,,,,29,2,118,2,,,,,293.05655310000293,,293.04159300000174,293.05655310000293,294.05760269999155,294.05760269999155,294.05760269999155,294.05760269999155,294.05760269999155,295.0412468999857,295.0412468999857,295.4067820000055,c,1,0.3600291000038851,None,,,,,,,,,,,,,,,111,001,2025-10-01_20h04.11.512,Motor_sequence_exp,,2025.1.1,59.933497793801315,2025-10-01 20h04.22.246810 +0530,
-150,z,119,3,29,z,1,0.3652635000180453,None,,,,,29,3,119,3,,,,,295.42340140001033,,295.4072031999822,295.42340140001033,296.407541499997,296.407541499997,296.407541499997,296.407541499997,296.4244989999861,297.40651169998455,297.40651169998455,297.7745542000048,z,1,0.3652635000180453,None,,,,,,,,,,,,,,,111,001,2025-10-01_20h04.11.512,Motor_sequence_exp,,2025.1.1,59.933497793801315,2025-10-01 20h04.22.246810 +0530,
-50,x,120,0,30,x,1,0.32205449999310076,None,,,,,30,0,120,0,,,,,297.78901549999136,,297.7750218999863,297.78901549999136,298.77421999999206,298.77421999999206,298.77421999999206,298.77421999999206,298.79021929999,299.790242099989,299.790242099989,300.1234592999972,x,1,0.32205449999310076,None,,,,,,,,,,,,,,,111,001,2025-10-01_20h04.11.512,Motor_sequence_exp,,2025.1.1,59.933497793801315,2025-10-01 20h04.22.246810 +0530,
150,v,121,1,30,v,1,0.2694275999965612,None,,,,,30,1,121,1,,,,,300.1409783999843,,300.1238512999844,300.1409783999843,301.1227158999827,301.1227158999827,301.1227158999827,301.1227158999827,301.15767729998333,302.12445239999215,302.12445239999215,302.40711510000983,v,1,0.2694275999965612,None,,,,,,,,,,,,,,,111,001,2025-10-01_20h04.11.512,Motor_sequence_exp,,2025.1.1,59.933497793801315,2025-10-01 20h04.22.246810 +0530,
50,c,122,2,30,c,1,1.4373926999978721,None,,,,,30,2,122,2,,,,,302.4243620999914,,302.40750289999414,302.4243620999914,303.407546500006,303.407546500006,303.407546500006,303.407546500006,303.4244692999928,304.4074489999912,304.4074489999912,305.8578794999921,c,1,1.4373926999978721,None,,,,,,,,,,,,,,,111,001,2025-10-01_20h04.11.512,Motor_sequence_exp,,2025.1.1,59.933497793801315,2025-10-01 20h04.22.246810 +0530,
-150,z,123,3,30,z,1,0.2515928999928292,None,,,,,30,3,123,3,,,,,305.873852299992,,305.85827860000427,305.873852299992,306.8577090000035,306.8577090000035,306.8577090000035,306.8577090000035,306.8736251000082,307.8578770000022,307.8578770000022,308.12427309999475,z,1,0.2515928999928292,None,,,,,,,,,,,,,,,111,001,2025-10-01_20h04.11.512,Motor_sequence_exp,,2025.1.1,59.933497793801315,2025-10-01 20h04.22.246810 +0530,
-50,x,124,0,31,x,1,0.43544410000322387,None,,,,,31,0,124,0,,,,,308.13942570000654,,308.1248648999899,308.13942570000654,309.1244843000022,309.1244843000022,309.1244843000022,309.1244843000022,309.141088400007,310.12413419998484,310.12413419998484,310.57508690000395,x,1,0.43544410000322387,None,,,,,,,,,,,,,,,111,001,2025-10-01_20h04.11.512,Motor_sequence_exp,,2025.1.1,59.933497793801315,2025-10-01 20h04.22.246810 +0530,
150,v,125,1,31,v,1,0.3135214000067208,None,,,,,31,1,125,1,,,,,310.58997739999904,,310.57618289999664,310.58997739999904,311.5746320000035,311.5746320000035,311.5746320000035,311.5746320000035,311.59084799999255,312.5748081000056,312.5748081000056,312.8916707999888,v,1,0.3135214000067208,None,,,,,,,,,,,,,,,111,001,2025-10-01_20h04.11.512,Motor_sequence_exp,,2025.1.1,59.933497793801315,2025-10-01 20h04.22.246810 +0530,
50,c,126,2,31,c,1,0.2523270999954548,None,,,,,31,2,126,2,,,,,312.9066973000008,,312.892127900006,312.9066973000008,313.8911644000036,313.8911644000036,313.8911644000036,313.8911644000036,313.90711070000543,314.8905381000077,314.8905381000077,315.15719599998556,c,1,0.2523270999954548,None,,,,,,,,,,,,,,,111,001,2025-10-01_20h04.11.512,Motor_sequence_exp,,2025.1.1,59.933497793801315,2025-10-01 20h04.22.246810 +0530,
-150,z,127,3,31,z,1,0.4017183000105433,None,,,,,31,3,127,3,,,,,315.1746312000032,,315.15758569998434,315.1746312000032,316.15772819999256,316.15772819999256,316.15772819999256,316.15772819999256,316.17422899999656,317.1579494999896,317.1579494999896,317.5735904999892,z,1,0.4017183000105433,None,,,,,,,,,,,,,,,111,001,2025-10-01_20h04.11.512,Motor_sequence_exp,,2025.1.1,59.933497793801315,2025-10-01 20h04.22.246810 +0530,
-50,x,128,0,32,x,1,0.2796199999866076,None,,,,,32,0,128,0,,,,,317.59013779999805,,317.5740453999897,317.59013779999805,318.573718700005,318.573718700005,318.573718700005,318.573718700005,318.5909060999984,319.57442250000895,319.57442250000895,319.85757980000926,x,1,0.2796199999866076,None,,,,,,,,,,,,,,,111,001,2025-10-01_20h04.11.512,Motor_sequence_exp,,2025.1.1,59.933497793801315,2025-10-01 20h04.22.246810 +0530,
150,v,129,1,32,v,1,0.18415519999689423,None,,,,,32,1,129,1,,,,,319.8730602999858,,319.8580262000032,319.8730602999858,320.8581398999959,320.8581398999959,320.8581398999959,320.8581398999959,320.8750161000062,321.8578961000021,321.8578961000021,322.058297999989,v,1,0.18415519999689423,None,,,,,,,,,,,,,,,111,001,2025-10-01_20h04.11.512,Motor_sequence_exp,,2025.1.1,59.933497793801315,2025-10-01 20h04.22.246810 +0530,
50,c,130,2,32,c,1,0.20159879999118857,None,,,,,32,2,130,2,,,,,322.07294700000784,,322.05876049998915,322.07294700000784,323.074790499988,323.074790499988,323.074790499988,323.074790499988,323.074790499988,324.0579836999823,324.0579836999823,324.27502909998293,c,1,0.20159879999118857,None,,,,,,,,,,,,,,,111,001,2025-10-01_20h04.11.512,Motor_sequence_exp,,2025.1.1,59.933497793801315,2025-10-01 20h04.22.246810 +0530,
-150,z,131,3,32,z,1,0.3090858999930788,None,,,,,32,3,131,3,,,,,324.29020019999007,,324.2756364000088,324.29020019999007,325.27463420000277,325.27463420000277,325.27463420000277,325.27463420000277,325.29069110000273,326.27470000000903,326.27470000000903,326.5906546000042,z,1,0.3090858999930788,None,,,,,,,,,,,,,,,111,001,2025-10-01_20h04.11.512,Motor_sequence_exp,,2025.1.1,59.933497793801315,2025-10-01 20h04.22.246810 +0530,
-50,x,132,0,33,x,1,0.16749230001005344,None,,,,,33,0,132,0,,,,,326.60781709998264,,326.5913572999998,326.60781709998264,327.5914296999981,327.5914296999981,327.5914296999981,327.5914296999981,327.60794419999,328.5914077000052,328.5914077000052,328.77546289999736,x,1,0.16749230001005344,None,,,,,,,,,,,,,,,111,001,2025-10-01_20h04.11.512,Motor_sequence_exp,,2025.1.1,59.933497793801315,2025-10-01 20h04.22.246810 +0530,
150,v,133,1,33,v,1,0.3473037000221666,None,,,,,33,1,133,1,,,,,328.79051049999543,,328.77591339999344,328.79051049999543,329.7913172999979,329.7913172999979,329.7913172999979,329.7913172999979,329.7913172999979,330.77479960001074,330.77479960001074,331.1242923999962,v,1,0.3473037000221666,None,,,,,,,,,,,,,,,111,001,2025-10-01_20h04.11.512,Motor_sequence_exp,,2025.1.1,59.933497793801315,2025-10-01 20h04.22.246810 +0530,
50,c,134,2,33,c,1,0.31725759999244474,None,,,,,33,2,134,2,,,,,331.14037370000733,,331.12474319999455,331.14037370000733,332.12443140000687,332.12443140000687,332.12443140000687,332.12443140000687,332.1412890999927,333.14161089999834,333.14161089999834,333.4745980000007,c,1,0.31725759999244474,None,,,,,,,,,,,,,,,111,001,2025-10-01_20h04.11.512,Motor_sequence_exp,,2025.1.1,59.933497793801315,2025-10-01 20h04.22.246810 +0530,
-150,z,135,3,33,z,1,0.2817319000023417,None,,,,,33,3,135,3,,,,,333.4912817000004,,333.47500659999787,333.4912817000004,334.4744331999973,334.4744331999973,334.4744331999973,334.4744331999973,334.49123089999193,335.4751180000021,335.4751180000021,335.7588558999996,z,1,0.2817319000023417,None,,,,,,,,,,,,,,,111,001,2025-10-01_20h04.11.512,Motor_sequence_exp,,2025.1.1,59.933497793801315,2025-10-01 20h04.22.246810 +0530,
-50,x,136,0,34,x,1,0.4834722999949008,None,,,,,34,0,136,0,,,,,335.773841599992,,335.7592455999984,335.773841599992,336.7580566999968,336.7580566999968,336.7580566999968,336.7580566999968,336.7747466999863,337.7733087000088,337.7733087000088,338.2742367000028,x,1,0.4834722999949008,None,,,,,,,,,,,,,,,111,001,2025-10-01_20h04.11.512,Motor_sequence_exp,,2025.1.1,59.933497793801315,2025-10-01 20h04.22.246810 +0530,
150,v,137,1,34,v,1,0.28254240000387654,None,,,,,34,1,137,1,,,,,338.2895343999844,,338.2747155999823,338.2895343999844,339.28951619999134,339.28951619999134,339.28951619999134,339.28951619999134,339.28951619999134,340.27265939998324,340.27265939998324,340.55707750000875,v,1,0.28254240000387654,None,,,,,,,,,,,,,,,111,001,2025-10-01_20h04.11.512,Motor_sequence_exp,,2025.1.1,59.933497793801315,2025-10-01 20h04.22.246810 +0530,
50,c,138,2,34,c,1,0.3666677000001073,None,,,,,34,2,138,2,,,,,340.57352139998693,,340.55735349998577,340.57352139998693,341.5735873999947,341.5735873999947,341.5735873999947,341.5735873999947,341.5735873999947,342.57368050000514,342.57368050000514,342.95723529998213,c,1,0.3666677000001073,None,,,,,,,,,,,,,,,111,001,2025-10-01_20h04.11.512,Motor_sequence_exp,,2025.1.1,59.933497793801315,2025-10-01 20h04.22.246810 +0530,
-150,z,139,3,34,z,1,0.3231865999987349,None,,,,,34,3,139,3,,,,,342.9738534000062,,342.9575144999835,342.9738534000062,343.9726728000096,343.9726728000096,343.9726728000096,343.9726728000096,343.9726728000096,344.95834079998895,344.95834079998895,345.2926097000018,z,1,0.3231865999987349,None,,,,,,,,,,,,,,,111,001,2025-10-01_20h04.11.512,Motor_sequence_exp,,2025.1.1,59.933497793801315,2025-10-01 20h04.22.246810 +0530,
-50,x,140,0,35,x,1,0.30190890000085346,None,,,,,35,0,140,0,,,,,345.30640299999504,,345.2932235999906,345.30640299999504,346.3078467999876,346.3078467999876,346.3078467999876,346.3078467999876,346.3078467999876,347.3074476000038,347.3074476000038,347.6239457000047,x,1,0.30190890000085346,None,,,,,,,,,,,,,,,111,001,2025-10-01_20h04.11.512,Motor_sequence_exp,,2025.1.1,59.933497793801315,2025-10-01 20h04.22.246810 +0530,
150,v,141,1,35,v,1,0.2889770000183489,None,,,,,35,1,141,1,,,,,347.63974600000074,,347.6244600999926,347.63974600000074,348.640335700009,348.640335700009,348.640335700009,348.640335700009,348.640335700009,349.6402800999931,349.6402800999931,349.940665800008,v,1,0.2889770000183489,None,,,,,,,,,,,,,,,111,001,2025-10-01_20h04.11.512,Motor_sequence_exp,,2025.1.1,59.933497793801315,2025-10-01 20h04.22.246810 +0530,
50,c,142,2,35,c,1,0.5939275000127964,None,,,,,35,2,142,2,,,,,349.95607640000526,,349.9410133000056,349.95607640000526,350.94075049998355,350.94075049998355,350.94075049998355,350.94075049998355,350.95632629998727,351.93964239998604,351.93964239998604,352.54119039999205,c,1,0.5939275000127964,None,,,,,,,,,,,,,,,111,001,2025-10-01_20h04.11.512,Motor_sequence_exp,,2025.1.1,59.933497793801315,2025-10-01 20h04.22.246810 +0530,
-150,z,143,3,35,z,1,0.26604970000335015,None,,,,,35,3,143,3,,,,,352.55635749999783,,352.54162139998516,352.55635749999783,353.5397793999873,353.5397793999873,353.5397793999873,353.5397793999873,353.5569365999836,354.5565302000032,354.5565302000032,354.8240269999951,z,1,0.26604970000335015,None,,,,,,,,,,,,,,,111,001,2025-10-01_20h04.11.512,Motor_sequence_exp,,2025.1.1,59.933497793801315,2025-10-01 20h04.22.246810 +0530,
-50,x,144,0,36,x,1,0.3232607999816537,None,,,,,36,0,144,0,,,,,354.8403231999837,,354.82430549999117,354.8403231999837,355.825196699996,355.825196699996,355.825196699996,355.825196699996,355.84186970000155,356.8251930999977,356.8251930999977,357.15826969998307,x,1,0.3232607999816537,None,,,,,,,,,,,,,,,111,001,2025-10-01_20h04.11.512,Motor_sequence_exp,,2025.1.1,59.933497793801315,2025-10-01 20h04.22.246810 +0530,
150,v,145,1,36,v,1,0.25200209999457,None,,,,,36,1,145,1,,,,,357.1752751999884,,357.1586274000001,357.1752751999884,358.15869089998887,358.15869089998887,358.15869089998887,358.15869089998887,358.17521479999414,359.17500909999944,359.17500909999944,359.44166169999517,v,1,0.25200209999457,None,,,,,,,,,,,,,,,111,001,2025-10-01_20h04.11.512,Motor_sequence_exp,,2025.1.1,59.933497793801315,2025-10-01 20h04.22.246810 +0530,
50,c,146,2,36,c,1,0.2945790000085253,None,,,,,36,2,146,2,,,,,359.4583056999836,,359.44207600000664,359.4583056999836,360.44159400000353,360.44159400000353,360.44159400000353,360.44159400000353,360.45863569999347,361.4419925000111,361.4419925000111,361.74267089998466,c,1,0.2945790000085253,None,,,,,,,,,,,,,,,111,001,2025-10-01_20h04.11.512,Motor_sequence_exp,,2025.1.1,59.933497793801315,2025-10-01 20h04.22.246810 +0530,
-150,z,147,3,36,z,1,0.27347739998367615,None,,,,,36,3,147,3,,,,,361.7576073000091,,361.7431794999866,361.7576073000091,362.7581158000103,362.7581158000103,362.7581158000103,362.7581158000103,362.7581158000103,363.7416810999857,363.7416810999857,364.02595039998414,z,1,0.27347739998367615,None,,,,,,,,,,,,,,,111,001,2025-10-01_20h04.11.512,Motor_sequence_exp,,2025.1.1,59.933497793801315,2025-10-01 20h04.22.246810 +0530,
-50,x,148,0,37,x,1,0.4306025999831036,None,,,,,37,0,148,0,,,,,364.04152110000723,,364.02641170000425,364.04152110000723,365.02550620000693,365.02550620000693,365.02550620000693,365.02550620000693,365.0420984000084,366.04112239999813,366.04112239999813,366.47438520001015,x,1,0.4306025999831036,None,,,,,,,,,,,,,,,111,001,2025-10-01_20h04.11.512,Motor_sequence_exp,,2025.1.1,59.933497793801315,2025-10-01 20h04.22.246810 +0530,
150,v,149,1,37,v,1,0.28425959998276085,None,,,,,37,1,149,1,,,,,366.49098450000747,,366.474927800009,366.49098450000747,367.4739268999838,367.4739268999838,367.4739268999838,367.4739268999838,367.49007070000516,368.4744340000034,368.4744340000034,368.7749602999829,v,1,0.28425959998276085,None,,,,,,,,,,,,,,,111,001,2025-10-01_20h04.11.512,Motor_sequence_exp,,2025.1.1,59.933497793801315,2025-10-01 20h04.22.246810 +0530,
50,c,150,2,37,c,1,0.349149200017564,None,,,,,37,2,150,2,,,,,368.7910447999893,,368.77530770000885,368.7910447999893,369.77513359999284,369.77513359999284,369.77513359999284,369.77513359999284,369.79218309998396,370.7743474000017,370.7743474000017,371.12504879999324,c,1,0.349149200017564,None,,,,,,,,,,,,,,,111,001,2025-10-01_20h04.11.512,Motor_sequence_exp,,2025.1.1,59.933497793801315,2025-10-01 20h04.22.246810 +0530,
-150,z,151,3,37,z,1,0.24900009998236783,None,,,,,37,3,151,3,,,,,371.1405833000026,,371.1256727,371.1405833000026,372.1402573999949,372.1402573999949,372.1402573999949,372.1402573999949,372.1402573999949,373.139875199995,373.139875199995,373.3925479000027,z,1,0.24900009998236783,None,,,,,,,,,,,,,,,111,001,2025-10-01_20h04.11.512,Motor_sequence_exp,,2025.1.1,59.933497793801315,2025-10-01 20h04.22.246810 +0530,
-50,x,152,0,38,x,1,0.42146469998988323,None,,,,,38,0,152,0,,,,,373.40736630000174,,373.3928973999864,373.40736630000174,374.3910273000074,374.3910273000074,374.3910273000074,374.3910273000074,374.40850960000535,375.39184739999473,375.39184739999473,375.8261733999825,x,1,0.42146469998988323,None,,,,,,,,,,,,,,,111,001,2025-10-01_20h04.11.512,Motor_sequence_exp,,2025.1.1,59.933497793801315,2025-10-01 20h04.22.246810 +0530,
150,v,153,1,38,v,1,0.2650976000004448,None,,,,,38,1,153,1,,,,,375.84177349999663,,375.8267501000082,375.84177349999663,376.84226810000837,376.84226810000837,376.84226810000837,376.84226810000837,376.8588985000097,377.8422050999943,377.8422050999943,378.10910299999523,v,1,0.2650976000004448,None,,,,,,,,,,,,,,,111,001,2025-10-01_20h04.11.512,Motor_sequence_exp,,2025.1.1,59.933497793801315,2025-10-01 20h04.22.246810 +0530,
50,c,154,2,38,c,1,0.4683348000107799,None,,,,,38,2,154,2,,,,,378.1244522999914,,378.109566500003,378.1244522999914,379.10899300000165,379.10899300000165,379.10899300000165,379.10899300000165,379.1251037000038,380.1087667999964,380.1087667999964,380.5920790999953,c,1,0.4683348000107799,None,,,,,,,,,,,,,,,111,001,2025-10-01_20h04.11.512,Motor_sequence_exp,,2025.1.1,59.933497793801315,2025-10-01 20h04.22.246810 +0530,
-150,z,155,3,38,z,1,0.2549973000132013,None,,,,,38,3,155,3,,,,,380.60822399999597,,380.5924703000055,380.60822399999597,381.5920143999974,381.5920143999974,381.5920143999974,381.5920143999974,381.60876450000796,382.59149659998366,382.59149659998366,382.85885200000484,z,1,0.2549973000132013,None,,,,,,,,,,,,,,,111,001,2025-10-01_20h04.11.512,Motor_sequence_exp,,2025.1.1,59.933497793801315,2025-10-01 20h04.22.246810 +0530,
-50,x,156,0,39,x,1,0.38978789999964647,None,,,,,39,0,156,0,,,,,382.875123899983,,382.85952490000636,382.875123899983,383.85808179999003,383.85808179999003,383.85808179999003,383.85808179999003,383.87542369999574,384.8588773999945,384.8588773999945,385.25967780000065,x,1,0.38978789999964647,None,,,,,,,,,,,,,,,111,001,2025-10-01_20h04.11.512,Motor_sequence_exp,,2025.1.1,59.933497793801315,2025-10-01 20h04.22.246810 +0530,
150,v,157,1,39,v,1,0.4070754999993369,None,,,,,39,1,157,1,,,,,385.27565570001025,,385.2602290000068,385.27565570001025,386.2591553000093,386.2591553000093,386.2591553000093,386.2591553000093,386.27553429998807,387.2588722000073,387.2588722000073,387.6762294000073,v,1,0.4070754999993369,None,,,,,,,,,,,,,,,111,001,2025-10-01_20h04.11.512,Motor_sequence_exp,,2025.1.1,59.933497793801315,2025-10-01 20h04.22.246810 +0530,
50,c,158,2,39,c,1,0.28639630001271144,None,,,,,39,2,158,2,,,,,387.6911625000066,,387.67676169998595,387.6911625000066,388.692389200005,388.692389200005,388.692389200005,388.692389200005,388.692389200005,389.6748591999931,389.6748591999931,389.97519060000195,c,1,0.28639630001271144,None,,,,,,,,,,,,,,,111,001,2025-10-01_20h04.11.512,Motor_sequence_exp,,2025.1.1,59.933497793801315,2025-10-01 20h04.22.246810 +0530,
-150,z,159,3,39,z,1,0.29139020000002347,None,,,,,39,3,159,3,,,,,389.9914754999918,,389.97566979998373,389.9914754999918,390.9740778999985,390.9740778999985,390.9740778999985,390.9740778999985,390.99145390000194,391.9757078999828,391.9757078999828,392.2761983000091,z,1,0.29139020000002347,None,,,,,,,,,,,,,,,111,001,2025-10-01_20h04.11.512,Motor_sequence_exp,,2025.1.1,59.933497793801315,2025-10-01 20h04.22.246810 +0530,
-50,x,160,0,40,x,1,0.5869599999859929,None,,,,,40,0,160,0,,,,,392.2915509000013,,392.2766485000029,392.2915509000013,393.27544589998433,393.27544589998433,393.27544589998433,393.27544589998433,393.2914135000028,394.2751198000042,394.2751198000042,394.8755023999838,x,1,0.5869599999859929,None,,,,,,,,,,,,,,,111,001,2025-10-01_20h04.11.512,Motor_sequence_exp,,2025.1.1,59.933497793801315,2025-10-01 20h04.22.246810 +0530,
150,v,161,1,40,v,1,0.29932869999902323,None,,,,,40,1,161,1,,,,,394.89198859999306,,394.8761070999899,394.89198859999306,395.8755042999983,395.8755042999983,395.8755042999983,395.8755042999983,395.892285000009,396.875839299988,396.875839299988,397.19164599999203,v,1,0.29932869999902323,None,,,,,,,,,,,,,,,111,001,2025-10-01_20h04.11.512,Motor_sequence_exp,,2025.1.1,59.933497793801315,2025-10-01 20h04.22.246810 +0530,
50,c,162,2,40,c,1,0.33228570001665503,None,,,,,40,2,162,2,,,,,397.20876609999686,,397.1920974999957,397.20876609999686,398.19230229998357,398.19230229998357,398.19230229998357,398.19230229998357,398.20818039998994,399.192051799997,399.192051799997,399.5253936999943,c,1,0.33228570001665503,None,,,,,,,,,,,,,,,111,001,2025-10-01_20h04.11.512,Motor_sequence_exp,,2025.1.1,59.933497793801315,2025-10-01 20h04.22.246810 +0530,
-150,z,163,3,40,z,1,0.45668950001709163,None,,,,,40,3,163,3,,,,,399.54156419998617,,399.525871299993,399.54156419998617,400.5251847000036,400.5251847000036,400.5251847000036,400.5251847000036,400.5420976000023,401.52541559998645,401.52541559998645,401.9933781999862,z,1,0.45668950001709163,None,,,,,,,,,,,,,,,111,001,2025-10-01_20h04.11.512,Motor_sequence_exp,,2025.1.1,59.933497793801315,2025-10-01 20h04.22.246810 +0530,
-50,x,164,0,41,x,1,0.6171797999995761,None,,,,,41,0,164,0,,,,,402.00924680000753,,401.9938235000009,402.00924680000753,403.0089750000043,403.0089750000043,403.0089750000043,403.0089750000043,403.0089750000043,404.00916859999415,404.00916859999415,404.6422847000067,x,1,0.6171797999995761,None,,,,,,,,,,,,,,,111,001,2025-10-01_20h04.11.512,Motor_sequence_exp,,2025.1.1,59.933497793801315,2025-10-01 20h04.22.246810 +0530,
150,v,165,1,41,v,1,0.41343529999721795,None,,,,,41,1,165,1,,,,,404.6592085000011,,404.64267919998383,404.6592085000011,405.6434156000032,405.6434156000032,405.6434156000032,405.6434156000032,405.6584390999924,406.6428581000073,406.6428581000073,407.0591518000001,v,1,0.41343529999721795,None,,,,,,,,,,,,,,,111,001,2025-10-01_20h04.11.512,Motor_sequence_exp,,2025.1.1,59.933497793801315,2025-10-01 20h04.22.246810 +0530,
50,c,166,2,41,c,1,0.5339947000029497,None,,,,,41,2,166,2,,,,,407.07484650000697,,407.0595925000089,407.07484650000697,408.05830689999857,408.05830689999857,408.05830689999857,408.05830689999857,408.07576169999084,409.05818349999026,409.05818349999026,409.59308339998825,c,1,0.5339947000029497,None,,,,,,,,,,,,,,,111,001,2025-10-01_20h04.11.512,Motor_sequence_exp,,2025.1.1,59.933497793801315,2025-10-01 20h04.22.246810 +0530,
-150,z,167,3,41,z,1,0.433326099999249,None,,,,,41,3,167,3,,,,,409.6085943999933,,409.5935220000101,409.6085943999933,410.59241979999933,410.59241979999933,410.59241979999933,410.59241979999933,410.6084751999879,411.60923390000244,411.60923390000244,412.06007969999337,z,1,0.433326099999249,None,,,,,,,,,,,,,,,111,001,2025-10-01_20h04.11.512,Motor_sequence_exp,,2025.1.1,59.933497793801315,2025-10-01 20h04.22.246810 +0530,
-50,x,168,0,42,x,1,0.37706209998577833,None,,,,,42,0,168,0,,,,,412.0756551999948,,412.06064330000663,412.0756551999948,413.0757162999944,413.0757162999944,413.0757162999944,413.0757162999944,413.0757162999944,414.07614299998386,414.07614299998386,414.4594406999822,x,1,0.37706209998577833,None,,,,,,,,,,,,,,,111,001,2025-10-01_20h04.11.512,Motor_sequence_exp,,2025.1.1,59.933497793801315,2025-10-01 20h04.22.246810 +0530,
150,v,169,1,42,v,1,0.5532245000067633,None,,,,,42,1,169,1,,,,,414.4749906999932,,414.459895899985,414.4749906999932,415.4589921000006,415.4589921000006,415.4589921000006,415.4589921000006,415.4762747999921,416.4594128000026,416.4594128000026,417.02701220000745,v,1,0.5532245000067633,None,,,,,,,,,,,,,,,111,001,2025-10-01_20h04.11.512,Motor_sequence_exp,,2025.1.1,59.933497793801315,2025-10-01 20h04.22.246810 +0530,
50,c,170,2,42,c,1,0.34656919998815283,None,,,,,42,2,170,2,,,,,417.0411449999956,,417.02778289999696,417.0411449999956,418.04223819999606,418.04223819999606,418.04223819999606,418.04223819999606,418.04223819999606,419.04276529999333,419.04276529999333,419.39314249999006,c,1,0.34656919998815283,None,,,,,,,,,,,,,,,111,001,2025-10-01_20h04.11.512,Motor_sequence_exp,,2025.1.1,59.933497793801315,2025-10-01 20h04.22.246810 +0530,
-150,z,171,3,42,z,1,0.68431340000825,None,,,,,42,3,171,3,,,,,419.40778519999003,,419.3935957000067,419.40778519999003,420.4095887999865,420.4095887999865,420.4095887999865,420.4095887999865,420.4095887999865,421.392606599984,421.392606599984,422.09240339999087,z,1,0.68431340000825,None,,,,,,,,,,,,,,,111,001,2025-10-01_20h04.11.512,Motor_sequence_exp,,2025.1.1,59.933497793801315,2025-10-01 20h04.22.246810 +0530,
-50,x,172,0,43,x,1,0.46363089999067597,None,,,,,43,0,172,0,,,,,422.1085402999888,,422.09285029998864,422.1085402999888,423.09252790000755,423.09252790000755,423.09252790000755,423.09252790000755,423.1084975999838,424.0929005999933,424.0929005999933,424.56057860000874,x,1,0.46363089999067597,None,,,,,,,,,,,,,,,111,001,2025-10-01_20h04.11.512,Motor_sequence_exp,,2025.1.1,59.933497793801315,2025-10-01 20h04.22.246810 +0530,
150,v,173,1,43,v,1,0.41478120000101626,None,,,,,43,1,173,1,,,,,424.5754181999946,,424.5610692999908,424.5754181999946,425.5762285999954,425.5762285999954,425.5762285999954,425.5762285999954,425.5762285999954,426.5597246999969,426.5597246999969,426.97583690000465,v,1,0.41478120000101626,None,,,,,,,,,,,,,,,111,001,2025-10-01_20h04.11.512,Motor_sequence_exp,,2025.1.1,59.933497793801315,2025-10-01 20h04.22.246810 +0530,
50,c,174,2,43,c,1,0.3713545000064187,None,,,,,43,2,174,2,,,,,426.99203709998983,,426.9763069000037,426.99203709998983,427.97635700000683,427.97635700000683,427.97635700000683,427.97635700000683,427.99301400000695,428.976316699991,428.976316699991,429.35961059998954,c,1,0.3713545000064187,None,,,,,,,,,,,,,,,111,001,2025-10-01_20h04.11.512,Motor_sequence_exp,,2025.1.1,59.933497793801315,2025-10-01 20h04.22.246810 +0530,
-150,z,175,3,43,z,1,0.35500830001547,None,,,,,43,3,175,3,,,,,429.3757204999856,,429.3600765999872,429.3757204999856,430.3595464999962,430.3595464999962,430.3595464999962,430.3595464999962,430.3757026999956,431.35961320000933,431.35961320000933,431.7271829000092,z,1,0.35500830001547,None,,,,,,,,,,,,,,,111,001,2025-10-01_20h04.11.512,Motor_sequence_exp,,2025.1.1,59.933497793801315,2025-10-01 20h04.22.246810 +0530,
-50,x,176,0,44,x,1,0.36916000000201166,None,,,,,44,0,176,0,,,,,431.74130950000836,,431.7277843999909,431.74130950000836,432.72590829999535,432.72590829999535,432.72590829999535,432.72590829999535,432.7425494999916,433.72633909998694,433.72633909998694,434.1097183999955,x,1,0.36916000000201166,None,,,,,,,,,,,,,,,111,001,2025-10-01_20h04.11.512,Motor_sequence_exp,,2025.1.1,59.933497793801315,2025-10-01 20h04.22.246810 +0530,
150,v,177,1,44,v,1,0.5960129000013694,None,,,,,44,1,177,1,,,,,434.12631500000134,,434.11011069998494,434.12631500000134,435.10849879999296,435.10849879999296,435.10849879999296,435.10849879999296,435.1415385,436.10995670000557,436.10995670000557,436.71017440001015,v,1,0.5960129000013694,None,,,,,,,,,,,,,,,111,001,2025-10-01_20h04.11.512,Motor_sequence_exp,,2025.1.1,59.933497793801315,2025-10-01 20h04.22.246810 +0530,
50,c,178,2,44,c,1,0.3898482999939006,None,,,,,44,2,178,2,,,,,436.72501860000193,,436.7106214000087,436.72501860000193,437.7086464999884,437.7086464999884,437.7086464999884,437.7086464999884,437.7247642999864,438.7100172000064,438.7100172000064,439.1091853999824,c,1,0.3898482999939006,None,,,,,,,,,,,,,,,111,001,2025-10-01_20h04.11.512,Motor_sequence_exp,,2025.1.1,59.933497793801315,2025-10-01 20h04.22.246810 +0530,
-150,z,179,3,44,z,1,0.4742725999967661,None,,,,,44,3,179,3,,,,,439.1247437999991,,439.1095902000088,439.1247437999991,440.10955339999055,440.10955339999055,440.10955339999055,440.10955339999055,440.1262221999932,441.10880389998783,441.10880389998783,441.59386500000255,z,1,0.4742725999967661,None,,,,,,,,,,,,,,,111,001,2025-10-01_20h04.11.512,Motor_sequence_exp,,2025.1.1,59.933497793801315,2025-10-01 20h04.22.246810 +0530,
-50,x,180,0,45,x,1,0.8249294999986887,None,,,,,45,0,180,0,,,,,441.6083854000026,,441.594314499991,441.6083854000026,442.59133209998254,442.59133209998254,442.59133209998254,442.59133209998254,442.60996040000464,443.593068999995,443.593068999995,444.42761499999324,x,1,0.8249294999986887,None,,,,,,,,,,,,,,,111,001,2025-10-01_20h04.11.512,Motor_sequence_exp,,2025.1.1,59.933497793801315,2025-10-01 20h04.22.246810 +0530,
150,v,181,1,45,v,1,0.7674073999805842,None,,,,,45,1,181,1,,,,,444.44213489998947,,444.4281791000103,444.44213489998947,445.4262799999851,445.4262799999851,445.4262799999851,445.4262799999851,445.4426725000085,446.44336440000916,446.44336440000916,447.2264610999846,v,1,0.7674073999805842,None,,,,,,,,,,,,,,,111,001,2025-10-01_20h04.11.512,Motor_sequence_exp,,2025.1.1,59.933497793801315,2025-10-01 20h04.22.246810 +0530,
50,c,182,2,45,c,1,0.40012259999639355,None,,,,,45,2,182,2,,,,,447.24216769999475,,447.22684670001036,447.24216769999475,448.225723999989,448.225723999989,448.225723999989,448.225723999989,448.24336329998914,449.2263842000102,449.2263842000102,449.6430937999976,c,1,0.40012259999639355,None,,,,,,,,,,,,,,,111,001,2025-10-01_20h04.11.512,Motor_sequence_exp,,2025.1.1,59.933497793801315,2025-10-01 20h04.22.246810 +0530,
-150,z,183,3,45,z,1,0.3795715000014752,None,,,,,45,3,183,3,,,,,449.65988469999866,,449.64348659999087,449.65988469999866,450.6432698999997,450.6432698999997,450.6432698999997,450.6432698999997,450.6600982999953,451.6424458999827,451.6424458999827,452.02584250000655,z,1,0.3795715000014752,None,,,,,,,,,,,,,,,111,001,2025-10-01_20h04.11.512,Motor_sequence_exp,,2025.1.1,59.933497793801315,2025-10-01 20h04.22.246810 +0530,
-50,x,184,0,46,x,1,0.3411204000003636,None,,,,,46,0,184,0,,,,,452.0422488999902,,452.02626220000093,452.0422488999902,453.0260961999884,453.0260961999884,453.0260961999884,453.0260961999884,453.04311329999473,454.0264360999863,454.0264360999863,454.3764078000095,x,1,0.3411204000003636,None,,,,,,,,,,,,,,,111,001,2025-10-01_20h04.11.512,Motor_sequence_exp,,2025.1.1,59.933497793801315,2025-10-01 20h04.22.246810 +0530,
150,v,185,1,46,v,1,0.4529418000020087,None,,,,,46,1,185,1,,,,,454.39135940000415,,454.3767924999993,454.39135940000415,455.37625649999245,455.37625649999245,455.37625649999245,455.37625649999245,455.3934668999864,456.3767585000023,456.3767585000023,456.84308049999527,v,1,0.4529418000020087,None,,,,,,,,,,,,,,,111,001,2025-10-01_20h04.11.512,Motor_sequence_exp,,2025.1.1,59.933497793801315,2025-10-01 20h04.22.246810 +0530,
50,c,186,2,46,c,1,0.3984168999886606,None,,,,,46,2,186,2,,,,,456.85978060000343,,456.8434880999848,456.85978060000343,457.84263420000207,457.84263420000207,457.84263420000207,457.84263420000207,457.8602108999912,458.8430919999955,458.8430919999955,459.24453039999935,c,1,0.3984168999886606,None,,,,,,,,,,,,,,,111,001,2025-10-01_20h04.11.512,Motor_sequence_exp,,2025.1.1,59.933497793801315,2025-10-01 20h04.22.246810 +0530,
-150,z,187,3,46,z,1,0.3673730999871623,None,,,,,46,3,187,3,,,,,459.2589516000007,,459.2449759999872,459.2589516000007,460.25963069999125,460.25963069999125,460.25963069999125,460.25963069999125,460.25963069999125,461.2599685000023,461.2599685000023,461.6424779999943,z,1,0.3673730999871623,None,,,,,,,,,,,,,,,111,001,2025-10-01_20h04.11.512,Motor_sequence_exp,,2025.1.1,59.933497793801315,2025-10-01 20h04.22.246810 +0530,
-50,x,188,0,47,x,1,0.5183383000257891,None,,,,,47,0,188,0,,,,,461.65864199999487,,461.6428707999876,461.65864199999487,462.6435339000018,462.6435339000018,462.6435339000018,462.6435339000018,462.6598354000016,463.6437878999859,463.6437878999859,464.1766667999909,x,1,0.5183383000257891,None,,,,,,,,,,,,,,,111,001,2025-10-01_20h04.11.512,Motor_sequence_exp,,2025.1.1,59.933497793801315,2025-10-01 20h04.22.246810 +0530,
150,v,189,1,47,v,1,0.41443460001028143,None,,,,,47,1,189,1,,,,,464.1933991999831,,464.1770545000036,464.1933991999831,465.192978600011,465.192978600011,465.192978600011,465.192978600011,465.192978600011,466.1770122000016,466.1770122000016,466.5941718000104,v,1,0.41443460001028143,None,,,,,,,,,,,,,,,111,001,2025-10-01_20h04.11.512,Motor_sequence_exp,,2025.1.1,59.933497793801315,2025-10-01 20h04.22.246810 +0530,
50,c,190,2,47,c,1,0.5538093999784905,None,,,,,47,2,190,2,,,,,466.60942530000466,,466.5947035999852,466.60942530000466,467.61001319999923,467.61001319999923,467.61001319999923,467.61001319999923,467.61001319999923,468.59317700000247,468.59317700000247,469.15925239998614,c,1,0.5538093999784905,None,,,,,,,,,,,,,,,111,001,2025-10-01_20h04.11.512,Motor_sequence_exp,,2025.1.1,59.933497793801315,2025-10-01 20h04.22.246810 +0530,
-150,z,191,3,47,z,1,0.4166626000078395,None,,,,,47,3,191,3,,,,,469.17653450000216,,469.15966760000447,469.17653450000216,470.1605311000021,470.1605311000021,470.1605311000021,470.1605311000021,470.17674950000946,471.16036340000574,471.16036340000574,471.5947033999837,z,1,0.4166626000078395,None,,,,,,,,,,,,,,,111,001,2025-10-01_20h04.11.512,Motor_sequence_exp,,2025.1.1,59.933497793801315,2025-10-01 20h04.22.246810 +0530,
-50,x,192,0,48,x,1,0.6407218999811448,None,,,,,48,0,192,0,,,,,471.6101764999912,,471.59531229999266,471.6101764999912,472.6087836000079,472.6087836000079,472.6087836000079,472.6087836000079,472.6087836000079,473.5931836999953,473.5931836999953,474.24351619998924,x,1,0.6407218999811448,None,,,,,,,,,,,,,,,111,001,2025-10-01_20h04.11.512,Motor_sequence_exp,,2025.1.1,59.933497793801315,2025-10-01 20h04.22.246810 +0530,
150,v,193,1,48,v,1,0.7689056000090204,None,,,,,48,1,193,1,,,,,474.2588212999981,,474.2439037000004,474.2588212999981,475.24319979999564,475.24319979999564,475.24319979999564,475.24319979999564,475.2601260000083,476.24234860000433,476.24234860000433,477.02783539998927,v,1,0.7689056000090204,None,,,,,,,,,,,,,,,111,001,2025-10-01_20h04.11.512,Motor_sequence_exp,,2025.1.1,59.933497793801315,2025-10-01 20h04.22.246810 +0530,
50,c,194,2,48,c,1,0.5944357999833301,None,,,,,48,2,194,2,,,,,477.0419206999941,,477.02828820000286,477.0419206999941,478.04360119998455,478.04360119998455,478.04360119998455,478.04360119998455,478.04360119998455,479.0270506000088,479.0270506000088,479.6266276999959,c,1,0.5944357999833301,None,,,,,,,,,,,,,,,111,001,2025-10-01_20h04.11.512,Motor_sequence_exp,,2025.1.1,59.933497793801315,2025-10-01 20h04.22.246810 +0530,
-150,z,195,3,48,z,1,0.344902800017735,None,,,,,48,3,195,3,,,,,479.64255699998466,,479.6270616000111,479.64255699998466,480.62701460000244,480.62701460000244,480.62701460000244,480.62701460000244,480.643588899984,481.6272176000057,481.6272176000057,481.9776647000108,z,1,0.344902800017735,None,,,,,,,,,,,,,,,111,001,2025-10-01_20h04.11.512,Motor_sequence_exp,,2025.1.1,59.933497793801315,2025-10-01 20h04.22.246810 +0530,
-50,x,196,0,49,x,1,0.5900376999925356,None,,,,,49,0,196,0,,,,,481.9936321999994,,481.97829020000063,481.9936321999994,482.9927231000038,482.9927231000038,482.9927231000038,482.9927231000038,482.9927231000038,483.97757139999885,483.97757139999885,484.5768720000051,x,1,0.5900376999925356,None,,,,,,,,,,,,,,,111,001,2025-10-01_20h04.11.512,Motor_sequence_exp,,2025.1.1,59.933497793801315,2025-10-01 20h04.22.246810 +0530,
150,v,197,1,49,v,1,0.40993510000407696,None,,,,,49,1,197,1,,,,,484.5928069000074,,484.5773016999883,484.5928069000074,485.57715100000496,485.57715100000496,485.57715100000496,485.57715100000496,485.59403680000105,486.5773467000108,486.5773467000108,486.99404220000724,v,1,0.40993510000407696,None,,,,,,,,,,,,,,,111,001,2025-10-01_20h04.11.512,Motor_sequence_exp,,2025.1.1,59.933497793801315,2025-10-01 20h04.22.246810 +0530,
50,c,198,2,49,c,1,0.30307799999718554,None,,,,,49,2,198,2,,,,,487.0095280999958,,486.99456659998395,487.0095280999958,487.9939323999861,487.9939323999861,487.9939323999861,487.9939323999861,488.01066299999366,489.0102639000106,489.0102639000106,489.3273005000083,c,1,0.30307799999718554,None,,,,,,,,,,,,,,,111,001,2025-10-01_20h04.11.512,Motor_sequence_exp,,2025.1.1,59.933497793801315,2025-10-01 20h04.22.246810 +0530,
-150,z,199,3,49,z,1,0.2944363999995403,None,,,,,49,3,199,3,,,,,489.3436788000108,,489.32771559999674,489.3436788000108,490.3436621000001,490.3436621000001,490.3436621000001,490.3436621000001,490.3436621000001,491.3263580999919,491.3263580999919,491.6284047999943,z,1,0.2944363999995403,None,,,,,,,,,,,,,,,111,001,2025-10-01_20h04.11.512,Motor_sequence_exp,,2025.1.1,59.933497793801315,2025-10-01 20h04.22.246810 +0530,
50,c,0,0,0,,,,,c,1,0.6192763999861199,None,,,,,0,0,0,2,491.64944069998455,,,,,,,,,,,,,,,,491.63969419998466,491.64944069998455,492.6419087999966,492.6419087999966,492.6419087999966,492.6419087999966,492.66037009999854,493.64252329999,493.64252329999,494.278018299985,c,1,0.6192763999861199,None,111,001,2025-10-01_20h04.11.512,Motor_sequence_exp,,2025.1.1,59.933497793801315,2025-10-01 20h04.22.246810 +0530,
-150,z,1,1,0,,,,,z,1,0.42925230000400916,None,,,,,0,1,1,3,494.29266360000474,,,,,,,,,,,,,,,,494.2789752999961,494.29266360000474,495.2936189000029,495.2936189000029,495.2936189000029,495.2936189000029,495.2936189000029,496.29402860000846,496.29402860000846,496.7272517000092,z,1,0.42925230000400916,None,111,001,2025-10-01_20h04.11.512,Motor_sequence_exp,,2025.1.1,59.933497793801315,2025-10-01 20h04.22.246810 +0530,
-50,x,2,2,0,,,,,x,1,1.4417751000146382,None,,,,,0,2,2,0,496.74220420001075,,,,,,,,,,,,,,,,496.72791630000575,496.74220420001075,497.7270148000098,497.7270148000098,497.7270148000098,497.7270148000098,497.7440274999826,498.7270499999868,498.7270499999868,500.1784696999821,x,1,1.4417751000146382,None,111,001,2025-10-01_20h04.11.512,Motor_sequence_exp,,2025.1.1,59.933497793801315,2025-10-01 20h04.22.246810 +0530,
-50,x,3,3,1,,,,,x,1,1.1845687000022735,None,,,,,1,3,3,0,500.1927449000068,,,,,,,,,,,,,,,,500.179438399995,500.1927449000068,501.1930067999929,501.1930067999929,501.1930067999929,501.1930067999929,501.1930067999929,502.1940384999907,502.1940384999907,503.3932800999901,x,1,1.1845687000022735,None,111,001,2025-10-01_20h04.11.512,Motor_sequence_exp,,2025.1.1,59.933497793801315,2025-10-01 20h04.22.246810 +0530,
-50,x,4,4,2,,,,,x,1,0.6379103999934159,None,,,,,2,4,4,0,503.4109246000007,,,,,,,,,,,,,,,,503.3938797999872,503.4109246000007,504.39391409998643,504.39391409998643,504.39391409998643,504.39391409998643,504.41010049998295,505.39453600000707,505.39453600000707,506.04419859999325,x,1,0.6379103999934159,None,111,001,2025-10-01_20h04.11.512,Motor_sequence_exp,,2025.1.1,59.933497793801315,2025-10-01 20h04.22.246810 +0530,
-50,x,5,5,3,,,,,x,1,0.9711807999992743,None,,,,,3,5,5,0,506.0592405000061,,,,,,,,,,,,,,,,506.0451169000007,506.0592405000061,507.0444313999906,507.0444313999906,507.0444313999906,507.0444313999906,507.0604003999906,508.0439442000061,508.0439442000061,509.0274178000109,x,1,0.9711807999992743,None,111,001,2025-10-01_20h04.11.512,Motor_sequence_exp,,2025.1.1,59.933497793801315,2025-10-01 20h04.22.246810 +0530,
-150,z,6,6,1,,,,,z,1,1.12451449999935,None,,,,,1,6,6,3,509.0440129000053,,,,,,,,,,,,,,,,509.0281968000054,509.0440129000053,510.0279912999831,510.0279912999831,510.0279912999831,510.0279912999831,510.0446499999962,511.04422989999875,511.04422989999875,512.1786183000077,z,1,1.12451449999935,None,111,001,2025-10-01_20h04.11.512,Motor_sequence_exp,,2025.1.1,59.933497793801315,2025-10-01 20h04.22.246810 +0530,
-150,z,7,7,2,,,,,z,1,0.8681266999919899,None,,,,,2,7,7,3,512.1932648000075,,,,,,,,,,,,,,,,512.1794321000052,512.1932648000075,513.1945702999947,513.1945702999947,513.1945702999947,513.1945702999947,513.1945702999947,514.1941857000056,514.1941857000056,515.0775672000018,z,1,0.8681266999919899,None,111,001,2025-10-01_20h04.11.512,Motor_sequence_exp,,2025.1.1,59.933497793801315,2025-10-01 20h04.22.246810 +0530,
50,c,8,8,1,,,,,c,1,1.6732612999912817,None,,,,,1,8,8,2,515.0939112000051,,,,,,,,,,,,,,,,515.0781822999998,515.0939112000051,516.0776925999962,516.0776925999962,516.0776925999962,516.0776925999962,516.0945019999926,517.0775128999958,517.0775128999958,518.7620076999883,c,1,1.6732612999912817,None,111,001,2025-10-01_20h04.11.512,Motor_sequence_exp,,2025.1.1,59.933497793801315,2025-10-01 20h04.22.246810 +0530,
-150,z,9,9,3,,,,,z,1,1.5176722999894992,None,,,,,3,9,9,3,518.7778627999942,,,,,,,,,,,,,,,,518.7626183000102,518.7778627999942,519.7772819999955,519.7772819999955,519.7772819999955,519.7772819999955,519.7941321000108,520.777528000006,520.777528000006,522.3094278000062,z,1,1.5176722999894992,None,111,001,2025-10-01_20h04.11.512,Motor_sequence_exp,,2025.1.1,59.933497793801315,2025-10-01 20h04.22.246810 +0530,
50,c,10,10,2,,,,,c,1,1.0241116000106558,None,,,,,2,10,10,2,522.326012400008,,,,,,,,,,,,,,,,522.3101025999931,522.326012400008,523.3109471999924,523.3109471999924,523.3109471999924,523.3109471999924,523.3280506999872,524.3111552000046,524.3111552000046,525.3440411000047,c,1,1.0241116000106558,None,111,001,2025-10-01_20h04.11.512,Motor_sequence_exp,,2025.1.1,59.933497793801315,2025-10-01 20h04.22.246810 +0530,
50,c,11,11,3,,,,,c,1,0.9733322999964003,None,,,,,3,11,11,2,525.361092999985,,,,,,,,,,,,,,,,525.3446430999902,525.361092999985,526.3434910000069,526.3434910000069,526.3434910000069,526.3434910000069,526.3605743999942,527.3449314000027,527.3449314000027,528.3281634000014,c,1,0.9733322999964003,None,111,001,2025-10-01_20h04.11.512,Motor_sequence_exp,,2025.1.1,59.933497793801315,2025-10-01 20h04.22.246810 +0530,
50,c,12,12,4,,,,,c,1,0.8742671000072733,None,,,,,4,12,12,2,528.3438594999898,,,,,,,,,,,,,,,,528.3287602000055,528.3438594999898,529.3262795000046,529.3262795000046,529.3262795000046,529.3262795000046,529.3446450000047,530.3272860999859,530.3272860999859,531.2111431999947,c,1,0.8742671000072733,None,111,001,2025-10-01_20h04.11.512,Motor_sequence_exp,,2025.1.1,59.933497793801315,2025-10-01 20h04.22.246810 +0530,
50,c,13,13,5,,,,,c,1,0.7174465999996755,None,,,,,5,13,13,2,531.2268562999961,,,,,,,,,,,,,,,,531.211836500006,531.2268562999961,532.2111929999955,532.2111929999955,532.2111929999955,532.2111929999955,532.2279376999941,533.2107548000058,533.2107548000058,533.9444837000046,c,1,0.7174465999996755,None,111,001,2025-10-01_20h04.11.512,Motor_sequence_exp,,2025.1.1,59.933497793801315,2025-10-01 20h04.22.246810 +0530,
-50,x,14,14,4,,,,,x,1,1.2899038000032306,None,,,,,4,14,14,0,533.960537899984,,,,,,,,,,,,,,,,533.9451725999825,533.960537899984,534.9447012000019,534.9447012000019,534.9447012000019,534.9447012000019,534.9612827000092,535.9440547999984,535.9440547999984,537.2447626999929,x,1,1.2899038000032306,None,111,001,2025-10-01_20h04.11.512,Motor_sequence_exp,,2025.1.1,59.933497793801315,2025-10-01 20h04.22.246810 +0530,
50,c,15,15,6,,,,,c,1,1.7311627000162844,None,,,,,6,15,15,2,537.260206899984,,,,,,,,,,,,,,,,537.2455068999843,537.260206899984,538.2447033000062,538.2447033000062,538.2447033000062,538.2447033000062,538.2615848999994,539.2448097000015,539.2448097000015,540.9783477000019,c,1,1.7311627000162844,None,111,001,2025-10-01_20h04.11.512,Motor_sequence_exp,,2025.1.1,59.933497793801315,2025-10-01 20h04.22.246810 +0530,
150,v,16,16,0,,,,,v,1,1.0976463000115473,None,,,,,0,16,16,1,540.9944469000038,,,,,,,,,,,,,,,,540.979007499991,540.9944469000038,541.9780851000105,541.9780851000105,541.9780851000105,541.9780851000105,541.9946542999824,542.9775190000073,542.9775190000073,544.078199599986,v,1,1.0976463000115473,None,111,001,2025-10-01_20h04.11.512,Motor_sequence_exp,,2025.1.1,59.933497793801315,2025-10-01 20h04.22.246810 +0530,
-150,z,17,17,4,,,,,z,1,1.3986791000061203,None,,,,,4,17,17,3,544.0938436999859,,,,,,,,,,,,,,,,544.0791775999824,544.0938436999859,545.0775072999822,545.0775072999822,545.0775072999822,545.0775072999822,545.0947014999983,546.0950435999839,546.0950435999839,547.4949194999936,z,1,1.3986791000061203,None,111,001,2025-10-01_20h04.11.512,Motor_sequence_exp,,2025.1.1,59.933497793801315,2025-10-01 20h04.22.246810 +0530,
50,c,18,18,7,,,,,c,1,0.884454499988351,None,,,,,7,18,18,2,547.5105081000074,,,,,,,,,,,,,,,,547.4955961999949,547.5105081000074,548.4947515999957,548.4947515999957,548.4947515999957,548.4947515999957,548.5111998000066,549.4952187000017,549.4952187000017,550.394032799988,c,1,0.884454499988351,None,111,001,2025-10-01_20h04.11.512,Motor_sequence_exp,,2025.1.1,59.933497793801315,2025-10-01 20h04.22.246810 +0530,
-150,z,19,19,5,,,,,z,1,1.1894467000092845,None,,,,,5,19,19,3,550.4117738000059,,,,,,,,,,,,,,,,550.3946758999955,550.4117738000059,551.3945731999993,551.3945731999993,551.3945731999993,551.3945731999993,551.4118715999939,552.3952158000029,552.3952158000029,553.5943353000039,z,1,1.1894467000092845,None,111,001,2025-10-01_20h04.11.512,Motor_sequence_exp,,2025.1.1,59.933497793801315,2025-10-01 20h04.22.246810 +0530,
50,c,20,20,8,,,,,c,1,1.6285343999916222,None,,,,,8,20,20,2,553.6104936999909,,,,,,,,,,,,,,,,553.5951708999928,553.6104936999909,554.594076599984,554.594076599984,554.594076599984,554.594076599984,554.6098658999836,555.5950208999857,555.5950208999857,557.2291540000006,c,1,1.6285343999916222,None,111,001,2025-10-01_20h04.11.512,Motor_sequence_exp,,2025.1.1,59.933497793801315,2025-10-01 20h04.22.246810 +0530,
50,c,21,21,9,,,,,c,1,1.1136753999744542,None,,,,,9,21,21,2,557.2442729999893,,,,,,,,,,,,,,,,557.2300463999854,557.2442729999893,558.2278788999829,558.2278788999829,558.2278788999829,558.2278788999829,558.244349399989,559.2286340999999,559.2286340999999,560.3451593999926,c,1,1.1136753999744542,None,111,001,2025-10-01_20h04.11.512,Motor_sequence_exp,,2025.1.1,59.933497793801315,2025-10-01 20h04.22.246810 +0530,
-150,z,22,22,6,,,,,z,1,1.3510949999908917,None,,,,,6,22,22,3,560.3599179000012,,,,,,,,,,,,,,,,560.3458268999821,560.3599179000012,561.345046500006,561.345046500006,561.345046500006,561.345046500006,561.3616015999869,562.3451416000025,562.3451416000025,563.7115960000083,z,1,1.3510949999908917,None,111,001,2025-10-01_20h04.11.512,Motor_sequence_exp,,2025.1.1,59.933497793801315,2025-10-01 20h04.22.246810 +0530,
-50,x,23,23,5,,,,,x,1,1.2853711000061594,None,,,,,5,23,23,0,563.7267633999872,,,,,,,,,,,,,,,,563.7122468999878,563.7267633999872,564.7106642999861,564.7106642999861,564.7106642999861,564.7106642999861,564.726843099983,565.7118085999973,565.7118085999973,567.0124013999884,x,1,1.2853711000061594,None,111,001,2025-10-01_20h04.11.512,Motor_sequence_exp,,2025.1.1,59.933497793801315,2025-10-01 20h04.22.246810 +0530,
150,v,24,24,1,,,,,v,1,0.7674444000003859,None,,,,,1,24,24,1,567.027385399997,,,,,,,,,,,,,,,,567.0133443000086,567.027385399997,568.0268772999989,568.0268772999989,568.0268772999989,568.0268772999989,568.0268772999989,569.0273840999871,569.0273840999871,569.8105828999833,v,1,0.7674444000003859,None,111,001,2025-10-01_20h04.11.512,Motor_sequence_exp,,2025.1.1,59.933497793801315,2025-10-01 20h04.22.246810 +0530,
150,v,25,25,2,,,,,v,1,0.5180442999990191,None,,,,,2,25,25,1,569.8270621999982,,,,,,,,,,,,,,,,569.811016599997,569.8270621999982,570.8118208000087,570.8118208000087,570.8118208000087,570.8118208000087,570.8283668000076,571.8113976999884,571.8113976999884,572.3450937999878,v,1,0.5180442999990191,None,111,001,2025-10-01_20h04.11.512,Motor_sequence_exp,,2025.1.1,59.933497793801315,2025-10-01 20h04.22.246810 +0530,
150,v,26,26,3,,,,,v,1,0.788371200003894,None,,,,,3,26,26,1,572.3615021999867,,,,,,,,,,,,,,,,572.3459185000102,572.3615021999867,573.3456289999885,573.3456289999885,573.3456289999885,573.3456289999885,573.3615191999997,574.3453086999943,574.3453086999943,575.1444368000084,v,1,0.788371200003894,None,111,001,2025-10-01_20h04.11.512,Motor_sequence_exp,,2025.1.1,59.933497793801315,2025-10-01 20h04.22.246810 +0530,
-150,z,27,27,7,,,,,z,1,1.3791876999894157,None,,,,,7,27,27,3,575.1608794000058,,,,,,,,,,,,,,,,575.1450647999882,575.1608794000058,576.1450239999976,576.1450239999976,576.1450239999976,576.1450239999976,576.1616618999979,577.1444085999974,577.1444085999974,578.527379999985,z,1,1.3791876999894157,None,111,001,2025-10-01_20h04.11.512,Motor_sequence_exp,,2025.1.1,59.933497793801315,2025-10-01 20h04.22.246810 +0530,
-150,z,28,28,8,,,,,z,1,0.7696067000215407,None,,,,,8,28,28,3,578.5450464999885,,,,,,,,,,,,,,,,578.527987599984,578.5450464999885,579.5284159999865,579.5284159999865,579.5284159999865,579.5284159999865,579.5452705000062,580.5289484999957,580.5289484999957,581.3113619000069,z,1,0.7696067000215407,None,111,001,2025-10-01_20h04.11.512,Motor_sequence_exp,,2025.1.1,59.933497793801315,2025-10-01 20h04.22.246810 +0530,
-150,z,29,29,9,,,,,z,1,0.6334556999790948,None,,,,,9,29,29,3,581.3277710999828,,,,,,,,,,,,,,,,581.3119663000107,581.3277710999828,582.3115040999837,582.3115040999837,582.3115040999837,582.3115040999837,582.3280551999924,583.3111902000092,583.3111902000092,583.9608498000016,z,1,0.6334556999790948,None,111,001,2025-10-01_20h04.11.512,Motor_sequence_exp,,2025.1.1,59.933497793801315,2025-10-01 20h04.22.246810 +0530,
50,c,30,30,10,,,,,c,1,1.9786656000069343,None,,,,,10,30,30,2,583.9776040999859,,,,,,,,,,,,,,,,583.961361499998,583.9776040999859,584.9604496000102,584.9604496000102,584.9604496000102,584.9604496000102,584.9775606000039,585.9603631999926,585.9603631999926,587.9444021999952,c,1,1.9786656000069343,None,111,001,2025-10-01_20h04.11.512,Motor_sequence_exp,,2025.1.1,59.933497793801315,2025-10-01 20h04.22.246810 +0530,
150,v,31,31,4,,,,,v,1,1.409940599987749,None,,,,,4,31,31,1,587.9608068999951,,,,,,,,,,,,,,,,587.944877300004,587.9608068999951,588.9440627000004,588.9440627000004,588.9440627000004,588.9440627000004,588.9600905999832,589.9455580000067,589.9455580000067,591.3631408000074,v,1,1.409940599987749,None,111,001,2025-10-01_20h04.11.512,Motor_sequence_exp,,2025.1.1,59.933497793801315,2025-10-01 20h04.22.246810 +0530,
150,v,32,32,5,,,,,v,1,1.1475489000149537,None,,,,,5,32,32,1,591.3773403000087,,,,,,,,,,,,,,,,591.3641464000102,591.3773403000087,592.3770310000109,592.3770310000109,592.3770310000109,592.3770310000109,592.3770310000109,593.362489799998,593.362489799998,594.5125492000079,v,1,1.1475489000149537,None,111,001,2025-10-01_20h04.11.512,Motor_sequence_exp,,2025.1.1,59.933497793801315,2025-10-01 20h04.22.246810 +0530,
150,v,33,33,6,,,,,v,1,0.6027933999721427,None,,,,,6,33,33,1,594.5282892999821,,,,,,,,,,,,,,,,594.5132247000001,594.5282892999821,595.5119614999858,595.5119614999858,595.5119614999858,595.5119614999858,595.5288089000096,596.5277542999829,596.5277542999829,597.1453450999979,v,1,0.6027933999721427,None,111,001,2025-10-01_20h04.11.512,Motor_sequence_exp,,2025.1.1,59.933497793801315,2025-10-01 20h04.22.246810 +0530,
-50,x,34,34,6,,,,,x,1,2.146367800014559,None,,,,,6,34,34,0,597.1619470999867,,,,,,,,,,,,,,,,597.1459702999855,597.1619470999867,598.1621277999948,598.1621277999948,598.1621277999948,598.1621277999948,598.1621277999948,599.1457292999839,599.1457292999839,601.2959777000069,x,1,2.146367800014559,None,111,001,2025-10-01_20h04.11.512,Motor_sequence_exp,,2025.1.1,59.933497793801315,2025-10-01 20h04.22.246810 +0530,
-50,x,35,35,7,,,,,x,1,1.267003700020723,None,,,,,7,35,35,0,601.3110296000086,,,,,,,,,,,,,,,,601.2966136999894,601.3110296000086,602.2955837000045,602.2955837000045,602.2955837000045,602.2955837000045,602.3123774999985,603.2956877999823,603.2956877999823,604.5791920000047,x,1,1.267003700020723,None,111,001,2025-10-01_20h04.11.512,Motor_sequence_exp,,2025.1.1,59.933497793801315,2025-10-01 20h04.22.246810 +0530,
-150,z,36,36,10,,,,,z,1,1.5082125999906566,None,,,,,10,36,36,3,604.5940287999983,,,,,,,,,,,,,,,,604.5797959000047,604.5940287999983,605.5777174000104,605.5777174000104,605.5777174000104,605.5777174000104,605.5954597000091,606.5792127999885,606.5792127999885,608.0966030999843,z,1,1.5082125999906566,None,111,001,2025-10-01_20h04.11.512,Motor_sequence_exp,,2025.1.1,59.933497793801315,2025-10-01 20h04.22.246810 +0530,
50,c,37,37,11,,,,,c,1,1.6135520999960136,None,,,,,11,37,37,2,608.1107099000074,,,,,,,,,,,,,,,,608.0972752000089,608.1107099000074,609.0959036999848,609.0959036999848,609.0959036999848,609.0959036999848,609.1125099000055,610.1121970000095,610.1121970000095,611.7294342000096,c,1,1.6135520999960136,None,111,001,2025-10-01_20h04.11.512,Motor_sequence_exp,,2025.1.1,59.933497793801315,2025-10-01 20h04.22.246810 +0530,
-150,z,38,38,11,,,,,z,1,0.9041069999802858,None,,,,,11,38,38,3,611.744752300001,,,,,,,,,,,,,,,,611.7301439000003,611.744752300001,612.7290810999984,612.7290810999984,612.7290810999984,612.7290810999984,612.7440938999935,613.7292666999856,613.7292666999856,614.6450210000039,z,1,0.9041069999802858,None,111,001,2025-10-01_20h04.11.512,Motor_sequence_exp,,2025.1.1,59.933497793801315,2025-10-01 20h04.22.246810 +0530,
150,v,39,39,7,,,,,v,1,1.5806868000072427,None,,,,,7,39,39,1,614.6614351999888,,,,,,,,,,,,,,,,614.6457169000059,614.6614351999888,615.6454869000008,615.6454869000008,615.6454869000008,615.6454869000008,615.6625463000091,616.6450276999967,616.6450276999967,618.2294154999836,v,1,1.5806868000072427,None,111,001,2025-10-01_20h04.11.512,Motor_sequence_exp,,2025.1.1,59.933497793801315,2025-10-01 20h04.22.246810 +0530,
150,v,40,40,8,,,,,v,1,1.027897199994186,None,,,,,8,40,40,1,618.2448571999848,,,,,,,,,,,,,,,,618.2301561000058,618.2448571999848,619.2292087000096,619.2292087000096,619.2292087000096,619.2292087000096,619.2456477000087,620.2455139000085,620.2455139000085,621.2790854999912,v,1,1.027897199994186,None,111,001,2025-10-01_20h04.11.512,Motor_sequence_exp,,2025.1.1,59.933497793801315,2025-10-01 20h04.22.246810 +0530,
-50,x,41,41,8,,,,,x,1,1.8754014000005554,None,,,,,8,41,41,0,621.2944380999834,,,,,,,,,,,,,,,,621.2796858999936,621.2944380999834,622.279017599998,622.279017599998,622.279017599998,622.279017599998,622.2950580999895,623.2786724999896,623.2786724999896,625.1647706000076,x,1,1.8754014000005554,None,111,001,2025-10-01_20h04.11.512,Motor_sequence_exp,,2025.1.1,59.933497793801315,2025-10-01 20h04.22.246810 +0530,
50,c,42,42,12,,,,,c,1,1.7433784999884665,None,,,,,12,42,42,2,625.1783820999844,,,,,,,,,,,,,,,,625.1655697000097,625.1783820999844,626.1792531000101,626.1792531000101,626.1792531000101,626.1792531000101,626.1792531000101,627.1789597999887,627.1789597999887,628.9305709000037,c,1,1.7433784999884665,None,111,001,2025-10-01_20h04.11.512,Motor_sequence_exp,,2025.1.1,59.933497793801315,2025-10-01 20h04.22.246810 +0530,
150,v,43,43,9,,,,,v,1,1.4495061000052374,None,,,,,9,43,43,1,628.9443767000048,,,,,,,,,,,,,,,,628.9315005000099,628.9443767000048,629.9459368000098,629.9459368000098,629.9459368000098,629.9459368000098,629.9459368000098,630.9465808999958,630.9465808999958,632.4127075999859,v,1,1.4495061000052374,None,111,001,2025-10-01_20h04.11.512,Motor_sequence_exp,,2025.1.1,59.933497793801315,2025-10-01 20h04.22.246810 +0530,
50,c,44,44,13,,,,,c,1,1.4766597999841906,None,,,,,13,44,44,2,632.4294571999926,,,,,,,,,,,,,,,,632.413435399998,632.4294571999926,633.4120495000097,633.4120495000097,633.4120495000097,633.4120495000097,633.4295557999867,634.4112434999843,634.4112434999843,635.8970053000085,c,1,1.4766597999841906,None,111,001,2025-10-01_20h04.11.512,Motor_sequence_exp,,2025.1.1,59.933497793801315,2025-10-01 20h04.22.246810 +0530,
-150,z,45,45,12,,,,,z,1,1.5232822999823838,None,,,,,12,45,45,3,635.911022299988,,,,,,,,,,,,,,,,635.8976663000067,635.911022299988,636.9130233000033,636.9130233000033,636.9130233000033,636.9130233000033,636.9130233000033,637.8964593999845,637.8964593999845,639.4306741000037,z,1,1.5232822999823838,None,111,001,2025-10-01_20h04.11.512,Motor_sequence_exp,,2025.1.1,59.933497793801315,2025-10-01 20h04.22.246810 +0530,
-50,x,46,46,9,,,,,x,1,0.9170882999897003,None,,,,,9,46,46,0,639.4444297000009,,,,,,,,,,,,,,,,639.4314440999879,639.4444297000009,640.44624379999,640.44624379999,640.44624379999,640.44624379999,640.44624379999,641.4459206000029,641.4459206000029,642.3795154999825,x,1,0.9170882999897003,None,111,001,2025-10-01_20h04.11.512,Motor_sequence_exp,,2025.1.1,59.933497793801315,2025-10-01 20h04.22.246810 +0530,
50,c,47,47,14,,,,,c,1,1.7069353999977466,None,,,,,14,47,47,2,642.3959882000054,,,,,,,,,,,,,,,,642.3801144000026,642.3959882000054,643.3795258000027,643.3795258000027,643.3795258000027,643.3795258000027,643.3959720999992,644.3797377999872,644.3797377999872,646.0965110999823,c,1,1.7069353999977466,None,111,001,2025-10-01_20h04.11.512,Motor_sequence_exp,,2025.1.1,59.933497793801315,2025-10-01 20h04.22.246810 +0530,
-50,x,48,48,10,,,,,x,1,1.969208599999547,None,,,,,10,48,48,0,646.1130150000099,,,,,,,,,,,,,,,,646.0971754000057,646.1130150000099,647.1130833000061,647.1130833000061,647.1130833000061,647.1130833000061,647.1130833000061,648.0956019999867,648.0956019999867,650.0796646999952,x,1,1.969208599999547,None,111,001,2025-10-01_20h04.11.512,Motor_sequence_exp,,2025.1.1,59.933497793801315,2025-10-01 20h04.22.246810 +0530,
-150,z,49,49,13,,,,,z,1,1.1303265999886207,None,,,,,13,49,49,3,650.0955795999907,,,,,,,,,,,,,,,,650.0802646999946,650.0955795999907,651.0796674999874,651.0796674999874,651.0796674999874,651.0796674999874,651.0961998999992,652.0791666999867,652.0791666999867,653.2132614000002,z,1,1.1303265999886207,None,111,001,2025-10-01_20h04.11.512,Motor_sequence_exp,,2025.1.1,59.933497793801315,2025-10-01 20h04.22.246810 +0530,
150,v,50,50,10,,,,,v,1,1.1301384000107646,None,,,,,10,50,50,1,653.2283222999831,,,,,,,,,,,,,,,,653.2138655000017,653.2283222999831,654.2131642999884,654.2131642999884,654.2131642999884,654.2131642999884,654.2291366999852,655.2131024999835,655.2131024999835,656.3455841999967,v,1,1.1301384000107646,None,111,001,2025-10-01_20h04.11.512,Motor_sequence_exp,,2025.1.1,59.933497793801315,2025-10-01 20h04.22.246810 +0530,
150,v,51,51,11,,,,,v,1,1.7445968999818433,None,,,,,11,51,51,1,656.3621589999821,,,,,,,,,,,,,,,,656.3462493999978,656.3621589999821,657.346292000002,657.346292000002,657.346292000002,657.346292000002,657.3632184999879,658.3462205000105,658.3462205000105,660.0967522999854,v,1,1.7445968999818433,None,111,001,2025-10-01_20h04.11.512,Motor_sequence_exp,,2025.1.1,59.933497793801315,2025-10-01 20h04.22.246810 +0530,
-150,z,52,52,14,,,,,z,1,0.6515567000024021,None,,,,,14,52,52,3,660.1113384999917,,,,,,,,,,,,,,,,660.0974141999905,660.1113384999917,661.113211399992,661.113211399992,661.113211399992,661.113211399992,661.113211399992,662.0960536999919,662.0960536999919,662.763610199996,z,1,0.6515567000024021,None,111,001,2025-10-01_20h04.11.512,Motor_sequence_exp,,2025.1.1,59.933497793801315,2025-10-01 20h04.22.246810 +0530,
-150,z,53,53,15,,,,,z,1,1.1463634000101592,None,,,,,15,53,53,3,662.77874780001,,,,,,,,,,,,,,,,662.7642180999974,662.77874780001,663.7634735000029,663.7634735000029,663.7634735000029,663.7634735000029,663.779601599992,664.7801458000031,664.7801458000031,665.9303596999962,z,1,1.1463634000101592,None,111,001,2025-10-01_20h04.11.512,Motor_sequence_exp,,2025.1.1,59.933497793801315,2025-10-01 20h04.22.246810 +0530,
-50,x,54,54,11,,,,,x,1,1.300788399996236,None,,,,,11,54,54,0,665.9456635999959,,,,,,,,,,,,,,,,665.9310733999882,665.9456635999959,666.9291677000001,666.9291677000001,666.9291677000001,666.9291677000001,666.9456833000004,667.9301108999935,667.9301108999935,669.2471134999942,x,1,1.300788399996236,None,111,001,2025-10-01_20h04.11.512,Motor_sequence_exp,,2025.1.1,59.933497793801315,2025-10-01 20h04.22.246810 +0530,
-150,z,55,55,16,,,,,z,1,1.754369799979031,None,,,,,16,55,55,3,669.2630353999848,,,,,,,,,,,,,,,,669.24779210001,669.2630353999848,670.246893500007,670.246893500007,670.246893500007,670.246893500007,670.263063099992,671.2470345000038,671.2470345000038,673.0131303000089,z,1,1.754369799979031,None,111,001,2025-10-01_20h04.11.512,Motor_sequence_exp,,2025.1.1,59.933497793801315,2025-10-01 20h04.22.246810 +0530,
-50,x,56,56,12,,,,,x,1,0.8635669999930542,None,,,,,12,56,56,0,673.0294928000076,,,,,,,,,,,,,,,,673.0137261000054,673.0294928000076,674.0129232000036,674.0129232000036,674.0129232000036,674.0129232000036,674.0292005999945,675.0140987999912,675.0140987999912,675.8806389000092,x,1,0.8635669999930542,None,111,001,2025-10-01_20h04.11.512,Motor_sequence_exp,,2025.1.1,59.933497793801315,2025-10-01 20h04.22.246810 +0530,
-150,z,57,57,17,,,,,z,1,2.0829369999992196,None,,,,,17,57,57,3,675.8952048000065,,,,,,,,,,,,,,,,675.8813347999821,675.8952048000065,676.8803656999953,676.8803656999953,676.8803656999953,676.8803656999953,676.8957402000087,677.8968700999976,677.8968700999976,679.9973262999847,z,1,2.0829369999992196,None,111,001,2025-10-01_20h04.11.512,Motor_sequence_exp,,2025.1.1,59.933497793801315,2025-10-01 20h04.22.246810 +0530,
50,c,58,58,15,,,,,c,1,0.832387500006007,None,,,,,15,58,58,2,680.0132076999871,,,,,,,,,,,,,,,,679.998005100002,680.0132076999871,680.9969903999881,680.9969903999881,680.9969903999881,680.9969903999881,681.0120112999866,681.996762499999,681.996762499999,682.8310503000102,c,1,0.832387500006007,None,111,001,2025-10-01_20h04.11.512,Motor_sequence_exp,,2025.1.1,59.933497793801315,2025-10-01 20h04.22.246810 +0530,
50,c,59,59,16,,,,,c,1,0.8612906000053044,None,,,,,16,59,59,2,682.8456049000088,,,,,,,,,,,,,,,,682.8316499000066,682.8456049000088,683.8300077999884,683.8300077999884,683.8300077999884,683.8300077999884,683.8468505000055,684.8301404000085,684.8301404000085,685.6966227999947,c,1,0.8612906000053044,None,111,001,2025-10-01_20h04.11.512,Motor_sequence_exp,,2025.1.1,59.933497793801315,2025-10-01 20h04.22.246810 +0530,
-150,z,60,60,18,,,,,z,1,1.3799970999825746,None,,,,,18,60,60,3,685.7126732000033,,,,,,,,,,,,,,,,685.6972862999828,685.7126732000033,686.6962722000026,686.6962722000026,686.6962722000026,686.6962722000026,686.7138011000061,687.6970072999829,687.6970072999829,689.079997199995,z,1,1.3799970999825746,None,111,001,2025-10-01_20h04.11.512,Motor_sequence_exp,,2025.1.1,59.933497793801315,2025-10-01 20h04.22.246810 +0530,
150,v,61,61,12,,,,,v,1,1.1988954999833368,None,,,,,12,61,61,1,689.0952859999961,,,,,,,,,,,,,,,,689.0806694999919,689.0952859999961,690.0803395999828,690.0803395999828,690.0803395999828,690.0803395999828,690.0971612999856,691.0793153999839,691.0793153999839,692.2812791999895,v,1,1.1988954999833368,None,111,001,2025-10-01_20h04.11.512,Motor_sequence_exp,,2025.1.1,59.933497793801315,2025-10-01 20h04.22.246810 +0530,
50,c,62,62,17,,,,,c,1,0.9491295000188984,None,,,,,17,62,62,2,692.295641100005,,,,,,,,,,,,,,,,692.2820262000023,692.295641100005,693.2794016999833,693.2794016999833,693.2794016999833,693.2794016999833,693.2971920999989,694.2806932000094,694.2806932000094,695.2469704999821,c,1,0.9491295000188984,None,111,001,2025-10-01_20h04.11.512,Motor_sequence_exp,,2025.1.1,59.933497793801315,2025-10-01 20h04.22.246810 +0530,
-50,x,63,63,13,,,,,x,1,1.7611778999853414,None,,,,,13,63,63,0,695.2634934000089,,,,,,,,,,,,,,,,695.2475987999933,695.2634934000089,696.247417400009,696.247417400009,696.247417400009,696.247417400009,696.2637641000038,697.2465358999907,697.2465358999907,699.0130099999951,x,1,1.7611778999853414,None,111,001,2025-10-01_20h04.11.512,Motor_sequence_exp,,2025.1.1,59.933497793801315,2025-10-01 20h04.22.246810 +0530,
50,c,64,64,18,,,,,c,1,1.8785845000238623,None,,,,,18,64,64,2,699.0299483999843,,,,,,,,,,,,,,,,699.013669100008,699.0299483999843,700.0136345000064,700.0136345000064,700.0136345000064,700.0136345000064,700.0301894999866,701.0125147000072,701.0125147000072,702.897584099992,c,1,1.8785845000238623,None,111,001,2025-10-01_20h04.11.512,Motor_sequence_exp,,2025.1.1,59.933497793801315,2025-10-01 20h04.22.246810 +0530,
50,c,65,65,19,,,,,c,1,1.5298023000068497,None,,,,,19,65,65,2,702.9122268999927,,,,,,,,,,,,,,,,702.8983356000099,702.9122268999927,703.8968005999923,703.8968005999923,703.8968005999923,703.8968005999923,703.9139929999947,704.8973537999846,704.8973537999846,706.430674400006,c,1,1.5298023000068497,None,111,001,2025-10-01_20h04.11.512,Motor_sequence_exp,,2025.1.1,59.933497793801315,2025-10-01 20h04.22.246810 +0530,
50,c,66,66,20,,,,,c,1,1.2160876000125427,None,,,,,20,66,66,2,706.4462036000041,,,,,,,,,,,,,,,,706.4313989999937,706.4462036000041,707.4308014999842,707.4308014999842,707.4308014999842,707.4308014999842,707.4466340999934,708.4303665999905,708.4303665999905,709.6629204000055,c,1,1.2160876000125427,None,111,001,2025-10-01_20h04.11.512,Motor_sequence_exp,,2025.1.1,59.933497793801315,2025-10-01 20h04.22.246810 +0530,
150,v,67,67,13,,,,,v,1,2.005184300011024,None,,,,,13,67,67,1,709.6786236999906,,,,,,,,,,,,,,,,709.6635790999862,709.6786236999906,710.6637929999852,710.6637929999852,710.6637929999852,710.6637929999852,710.6806773999997,711.6634429999976,711.6634429999976,713.6816159999871,v,1,2.005184300011024,None,111,001,2025-10-01_20h04.11.512,Motor_sequence_exp,,2025.1.1,59.933497793801315,2025-10-01 20h04.22.246810 +0530,
-50,x,68,68,14,,,,,x,1,0.9917582999914885,None,,,,,14,68,68,0,713.6963115999824,,,,,,,,,,,,,,,,713.6822912000061,713.6963115999824,714.6808611000015,714.6808611000015,714.6808611000015,714.6808611000015,714.6969374000037,715.6978899000096,715.6978899000096,716.6983371000097,x,1,0.9917582999914885,None,111,001,2025-10-01_20h04.11.512,Motor_sequence_exp,,2025.1.1,59.933497793801315,2025-10-01 20h04.22.246810 +0530,
-150,z,69,69,19,,,,,z,1,1.426819100015564,None,,,,,19,69,69,3,716.7130312999943,,,,,,,,,,,,,,,,716.6989963999949,716.7130312999943,717.6979736000067,717.6979736000067,717.6979736000067,717.6979736000067,717.7137839999923,718.6970692999894,718.6970692999894,720.1316272999975,z,1,1.426819100015564,None,111,001,2025-10-01_20h04.11.512,Motor_sequence_exp,,2025.1.1,59.933497793801315,2025-10-01 20h04.22.246810 +0530,
-150,z,70,70,20,,,,,z,1,1.351823000004515,None,,,,,20,70,70,3,720.1464377999946,,,,,,,,,,,,,,,,720.1323050000065,720.1464377999946,721.1305700000084,721.1305700000084,721.1305700000084,721.1305700000084,721.1474323000002,722.1302925999917,722.1302925999917,723.4972944000037,z,1,1.351823000004515,None,111,001,2025-10-01_20h04.11.512,Motor_sequence_exp,,2025.1.1,59.933497793801315,2025-10-01 20h04.22.246810 +0530,
-50,x,71,71,15,,,,,x,1,0.9872498999757227,None,,,,,15,71,71,0,723.5141011000087,,,,,,,,,,,,,,,,723.4978891999926,723.5141011000087,724.4967183999834,724.4967183999834,724.4967183999834,724.4967183999834,724.5142476999899,725.4962475000066,725.4962475000066,726.4974287000077,x,1,0.9872498999757227,None,111,001,2025-10-01_20h04.11.512,Motor_sequence_exp,,2025.1.1,59.933497793801315,2025-10-01 20h04.22.246810 +0530,
-150,z,72,72,21,,,,,z,1,1.1973034999973606,None,,,,,21,72,72,3,726.5140238000022,,,,,,,,,,,,,,,,726.4980344999931,726.5140238000022,727.4974892000027,727.4974892000027,727.4974892000027,727.4974892000027,727.5144377000106,728.4980488999863,728.4980488999863,729.6987157999829,z,1,1.1973034999973606,None,111,001,2025-10-01_20h04.11.512,Motor_sequence_exp,,2025.1.1,59.933497793801315,2025-10-01 20h04.22.246810 +0530,
150,v,73,73,14,,,,,v,1,0.923293100000592,None,,,,,14,73,73,1,729.7132579000026,,,,,,,,,,,,,,,,729.699409199995,729.7132579000026,730.7129268999852,730.7129268999852,730.7129268999852,730.7129268999852,730.7129268999852,731.698032299988,731.698032299988,732.6316622000013,v,1,0.923293100000592,None,111,001,2025-10-01_20h04.11.512,Motor_sequence_exp,,2025.1.1,59.933497793801315,2025-10-01 20h04.22.246810 +0530,
-150,z,74,74,22,,,,,z,1,0.8828350999974646,None,,,,,22,74,74,3,732.6459629999881,,,,,,,,,,,,,,,,732.632580400008,732.6459629999881,733.6311808000028,733.6311808000028,733.6311808000028,733.6311808000028,733.6481889999995,734.6311117000005,734.6311117000005,735.5148566999997,z,1,0.8828350999974646,None,111,001,2025-10-01_20h04.11.512,Motor_sequence_exp,,2025.1.1,59.933497793801315,2025-10-01 20h04.22.246810 +0530,
150,v,75,75,15,,,,,v,1,2.4382451999990735,None,,,,,15,75,75,1,735.5303619999904,,,,,,,,,,,,,,,,735.5154808000079,735.5303619999904,736.5142856999882,736.5142856999882,736.5142856999882,736.5142856999882,736.5308229000075,737.5132513999997,737.5132513999997,739.9648192999884,v,1,2.4382451999990735,None,111,001,2025-10-01_20h04.11.512,Motor_sequence_exp,,2025.1.1,59.933497793801315,2025-10-01 20h04.22.246810 +0530,
150,v,76,76,16,,,,,v,1,0.643227399996249,None,,,,,16,76,76,1,739.9801151999854,,,,,,,,,,,,,,,,739.9657249999873,739.9801151999854,740.9642102000071,740.9642102000071,740.9642102000071,740.9642102000071,740.9801796000102,741.9637762999919,741.9637762999919,742.6156369000091,v,1,0.643227399996249,None,111,001,2025-10-01_20h04.11.512,Motor_sequence_exp,,2025.1.1,59.933497793801315,2025-10-01 20h04.22.246810 +0530,
-50,x,77,77,16,,,,,x,1,0.5828450999979395,None,,,,,16,77,77,0,742.6298772000009,,,,,,,,,,,,,,,,742.616586499993,742.6298772000009,743.6309147999855,743.6309147999855,743.6309147999855,743.6309147999855,743.6309147999855,744.631152099988,744.631152099988,745.2316485999909,x,1,0.5828450999979395,None,111,001,2025-10-01_20h04.11.512,Motor_sequence_exp,,2025.1.1,59.933497793801315,2025-10-01 20h04.22.246810 +0530,
50,c,78,78,21,,,,,c,1,1.5390441000054125,None,,,,,21,78,78,2,745.2475159000023,,,,,,,,,,,,,,,,745.2322562999907,745.2475159000023,746.2301565000089,746.2301565000089,746.2301565000089,746.2301565000089,746.2477175999957,747.2312283999927,747.2312283999927,748.7805674999836,c,1,1.5390441000054125,None,111,001,2025-10-01_20h04.11.512,Motor_sequence_exp,,2025.1.1,59.933497793801315,2025-10-01 20h04.22.246810 +0530,
150,v,79,79,17,,,,,v,1,0.733878500002902,None,,,,,17,79,79,1,748.7972817999835,,,,,,,,,,,,,,,,748.7811716999859,748.7972817999835,749.7815035000094,749.7815035000094,749.7815035000094,749.7815035000094,749.7971518999839,750.7807298999978,750.7807298999978,751.5310229999886,v,1,0.733878500002902,None,111,001,2025-10-01_20h04.11.512,Motor_sequence_exp,,2025.1.1,59.933497793801315,2025-10-01 20h04.22.246810 +0530,
50,c,80,80,22,,,,,c,1,1.8673917000123765,None,,,,,22,80,80,2,751.5481090999965,,,,,,,,,,,,,,,,751.531761899998,751.5481090999965,752.5308688000077,752.5308688000077,752.5308688000077,752.5308688000077,752.5482644999865,753.5307880000037,753.5307880000037,755.4140744000033,c,1,1.8673917000123765,None,111,001,2025-10-01_20h04.11.512,Motor_sequence_exp,,2025.1.1,59.933497793801315,2025-10-01 20h04.22.246810 +0530,
150,v,81,81,18,,,,,v,1,1.7869351000117604,None,,,,,18,81,81,1,755.4295990999963,,,,,,,,,,,,,,,,755.4148164000071,755.4295990999963,756.413931499992,756.413931499992,756.413931499992,756.413931499992,756.4306458999927,757.4292046999908,757.4292046999908,759.2307494999841,v,1,1.7869351000117604,None,111,001,2025-10-01_20h04.11.512,Motor_sequence_exp,,2025.1.1,59.933497793801315,2025-10-01 20h04.22.246810 +0530,
150,v,82,82,19,,,,,v,1,1.249279600015143,None,,,,,19,82,82,1,759.2472550999955,,,,,,,,,,,,,,,,759.2313149999827,759.2472550999955,760.2310602999933,760.2310602999933,760.2310602999933,760.2310602999933,760.2486026999832,761.2299046999833,761.2299046999833,762.485707099986,v,1,1.249279600015143,None,111,001,2025-10-01_20h04.11.512,Motor_sequence_exp,,2025.1.1,59.933497793801315,2025-10-01 20h04.22.246810 +0530,
150,v,83,83,20,,,,,v,1,1.0454738999833353,None,,,,,20,83,83,1,762.4957252999884,,,,,,,,,,,,,,,,762.486455300008,762.4957252999884,763.4896986999956,763.4896986999956,763.4896986999956,763.4896986999956,763.5066939000099,764.4900933000026,764.4900933000026,765.5401437999972,v,1,1.0454738999833353,None,111,001,2025-10-01_20h04.11.512,Motor_sequence_exp,,2025.1.1,59.933497793801315,2025-10-01 20h04.22.246810 +0530,
50,c,84,84,23,,,,,c,1,1.9482298000075389,None,,,,,23,84,84,2,765.5547937999945,,,,,,,,,,,,,,,,765.5408175000048,765.5547937999945,766.5390590000025,766.5390590000025,766.5390590000025,766.5390590000025,766.5558141999936,767.5399388000078,767.5399388000078,769.4898942,c,1,1.9482298000075389,None,111,001,2025-10-01_20h04.11.512,Motor_sequence_exp,,2025.1.1,59.933497793801315,2025-10-01 20h04.22.246810 +0530,
50,c,85,85,24,,,,,c,1,1.0590430999873206,None,,,,,24,85,85,2,769.5056054999877,,,,,,,,,,,,,,,,769.4905792000063,769.5056054999877,770.4899552999996,770.4899552999996,770.4899552999996,770.4899552999996,770.5065512000001,771.4895644999924,771.4895644999924,772.5579695999913,c,1,1.0590430999873206,None,111,001,2025-10-01_20h04.11.512,Motor_sequence_exp,,2025.1.1,59.933497793801315,2025-10-01 20h04.22.246810 +0530,
50,c,86,86,25,,,,,c,1,0.9329372000065632,None,,,,,25,86,86,2,772.5717614000023,,,,,,,,,,,,,,,,772.5587484999851,772.5717614000023,773.571666200005,773.571666200005,773.571666200005,773.571666200005,773.571666200005,774.5565294999979,774.5565294999979,775.5064323999977,c,1,0.9329372000065632,None,111,001,2025-10-01_20h04.11.512,Motor_sequence_exp,,2025.1.1,59.933497793801315,2025-10-01 20h04.22.246810 +0530,
-150,z,87,87,23,,,,,z,1,1.6446498000004794,None,,,,,23,87,87,3,775.5235450000037,,,,,,,,,,,,,,,,775.5070274999889,775.5235450000037,776.5066464999982,776.5066464999982,776.5066464999982,776.5066464999982,776.523354999983,777.5066150999919,777.5066150999919,779.1573646999896,z,1,1.6446498000004794,None,111,001,2025-10-01_20h04.11.512,Motor_sequence_exp,,2025.1.1,59.933497793801315,2025-10-01 20h04.22.246810 +0530,
-150,z,88,88,24,,,,,z,1,1.670807499991497,None,,,,,24,88,88,3,779.1721838999947,,,,,,,,,,,,,,,,779.1581800999993,779.1721838999947,780.1562016000098,780.1562016000098,780.1562016000098,780.1562016000098,780.1727781000081,781.173175999982,781.173175999982,782.856420600001,z,1,1.670807499991497,None,111,001,2025-10-01_20h04.11.512,Motor_sequence_exp,,2025.1.1,59.933497793801315,2025-10-01 20h04.22.246810 +0530,
50,c,89,89,26,,,,,c,1,2.4478850000014063,None,,,,,26,89,89,2,782.873196600005,,,,,,,,,,,,,,,,782.8570642999839,782.873196600005,783.8566317000077,783.8566317000077,783.8566317000077,783.8566317000077,783.8736269999936,784.8569615999877,784.8569615999877,787.3074265999894,c,1,2.4478850000014063,None,111,001,2025-10-01_20h04.11.512,Motor_sequence_exp,,2025.1.1,59.933497793801315,2025-10-01 20h04.22.246810 +0530,
-50,x,90,90,17,,,,,x,1,1.0352507999923546,None,,,,,17,90,90,0,787.3240421999944,,,,,,,,,,,,,,,,787.3080889999983,787.3240421999944,788.3235258999921,788.3235258999921,788.3235258999921,788.3235258999921,788.3235258999921,789.3235571999976,789.3235571999976,790.373534399987,x,1,1.0352507999923546,None,111,001,2025-10-01_20h04.11.512,Motor_sequence_exp,,2025.1.1,59.933497793801315,2025-10-01 20h04.22.246810 +0530,
-150,z,91,91,25,,,,,z,1,1.204430699988734,None,,,,,25,91,91,3,790.3898779999872,,,,,,,,,,,,,,,,790.3741346999886,790.3898779999872,791.3899678000016,791.3899678000016,791.3899678000016,791.3899678000016,791.3899678000016,792.3732403999893,792.3732403999893,793.5909995000111,z,1,1.204430699988734,None,111,001,2025-10-01_20h04.11.512,Motor_sequence_exp,,2025.1.1,59.933497793801315,2025-10-01 20h04.22.246810 +0530,
150,v,92,92,21,,,,,v,1,1.4922217999992426,None,,,,,21,92,92,1,793.6052464999957,,,,,,,,,,,,,,,,793.5920076000039,793.6052464999957,794.5904873999825,794.5904873999825,794.5904873999825,794.5904873999825,794.6064418999886,795.6066446999903,795.6066446999903,797.1072496999986,v,1,1.4922217999992426,None,111,001,2025-10-01_20h04.11.512,Motor_sequence_exp,,2025.1.1,59.933497793801315,2025-10-01 20h04.22.246810 +0530,
-50,x,93,93,18,,,,,x,1,1.8315427999768872,None,,,,,18,93,93,0,797.1232489999966,,,,,,,,,,,,,,,,797.1078799999959,797.1232489999966,798.107216400007,798.107216400007,798.107216400007,798.107216400007,798.1238094999862,799.1074135999952,799.1074135999952,800.9400931999844,x,1,1.8315427999768872,None,111,001,2025-10-01_20h04.11.512,Motor_sequence_exp,,2025.1.1,59.933497793801315,2025-10-01 20h04.22.246810 +0530,
-150,z,94,94,26,,,,,z,1,0.6132853000017349,None,,,,,26,94,94,3,800.956185899995,,,,,,,,,,,,,,,,800.9407236999832,800.956185899995,801.9405400000105,801.9405400000105,801.9405400000105,801.9405400000105,801.9563840999908,802.9404459999932,802.9404459999932,803.5573779999977,z,1,0.6132853000017349,None,111,001,2025-10-01_20h04.11.512,Motor_sequence_exp,,2025.1.1,59.933497793801315,2025-10-01 20h04.22.246810 +0530,
-150,z,95,95,27,,,,,z,1,0.5407725999830291,None,,,,,27,95,95,3,803.5731208999932,,,,,,,,,,,,,,,,803.55823960001,803.5731208999932,804.5569649999961,804.5569649999961,804.5569649999961,804.5569649999961,804.5736949999991,805.5571535000054,805.5571535000054,806.1072177999886,z,1,0.5407725999830291,None,111,001,2025-10-01_20h04.11.512,Motor_sequence_exp,,2025.1.1,59.933497793801315,2025-10-01 20h04.22.246810 +0530,
-50,x,96,96,19,,,,,x,1,0.6084088000061456,None,,,,,19,96,96,0,806.1225366999861,,,,,,,,,,,,,,,,806.1078124000051,806.1225366999861,807.1058931000007,807.1058931000007,807.1058931000007,807.1058931000007,807.1222907000047,808.1071845999977,808.1071845999977,808.7248903999862,x,1,0.6084088000061456,None,111,001,2025-10-01_20h04.11.512,Motor_sequence_exp,,2025.1.1,59.933497793801315,2025-10-01 20h04.22.246810 +0530,
-50,x,97,97,20,,,,,x,1,0.6766445999965072,None,,,,,20,97,97,0,808.7394579999964,,,,,,,,,,,,,,,,808.7256925000111,808.7394579999964,809.7394279,809.7394279,809.7394279,809.7394279,809.7394279,810.740565199987,810.740565199987,811.4246961000026,x,1,0.6766445999965072,None,111,001,2025-10-01_20h04.11.512,Motor_sequence_exp,,2025.1.1,59.933497793801315,2025-10-01 20h04.22.246810 +0530,
150,v,98,98,22,,,,,v,1,0.387011100014206,None,,,,,22,98,98,1,811.4389172999945,,,,,,,,,,,,,,,,811.4253432999831,811.4389172999945,812.4232014000008,812.4232014000008,812.4232014000008,812.4232014000008,812.4406240000098,813.4222554999869,813.4222554999869,813.8243373000005,v,1,0.387011100014206,None,111,001,2025-10-01_20h04.11.512,Motor_sequence_exp,,2025.1.1,59.933497793801315,2025-10-01 20h04.22.246810 +0530,
-50,x,99,99,21,,,,,x,1,0.6623009000031743,None,,,,,21,99,99,0,813.8397147000069,,,,,,,,,,,,,,,,813.8253234000003,813.8397147000069,814.8392717000097,814.8392717000097,814.8392717000097,814.8392717000097,814.8392717000097,815.824252499995,815.824252499995,816.4917474999966,x,1,0.6623009000031743,None,111,001,2025-10-01_20h04.11.512,Motor_sequence_exp,,2025.1.1,59.933497793801315,2025-10-01 20h04.22.246810 +0530,
-150,z,100,100,28,,,,,z,1,0.5948095000057947,None,,,,,28,100,100,3,816.5056746999908,,,,,,,,,,,,,,,,816.4924163999967,816.5056746999908,817.5073326999845,817.5073326999845,817.5073326999845,817.5073326999845,817.5073326999845,818.5071033999848,818.5071033999848,819.1083710000094,z,1,0.5948095000057947,None,111,001,2025-10-01_20h04.11.512,Motor_sequence_exp,,2025.1.1,59.933497793801315,2025-10-01 20h04.22.246810 +0530,
-50,x,101,101,22,,,,,x,1,0.7377424000005703,None,,,,,22,101,101,0,819.1225342999969,,,,,,,,,,,,,,,,819.1094231999887,819.1225342999969,820.1233553999919,820.1233553999919,820.1233553999919,820.1233553999919,820.1233553999919,821.107485399989,821.107485399989,821.8577557000099,x,1,0.7377424000005703,None,111,001,2025-10-01_20h04.11.512,Motor_sequence_exp,,2025.1.1,59.933497793801315,2025-10-01 20h04.22.246810 +0530,
-150,z,102,102,29,,,,,z,1,0.6562956999987364,None,,,,,29,102,102,3,821.8741902000038,,,,,,,,,,,,,,,,821.8584298999922,821.8741902000038,822.8574838000059,822.8574838000059,822.8574838000059,822.8574838000059,822.8744642999955,823.857840599987,823.857840599987,824.5249011999986,z,1,0.6562956999987364,None,111,001,2025-10-01_20h04.11.512,Motor_sequence_exp,,2025.1.1,59.933497793801315,2025-10-01 20h04.22.246810 +0530,
-150,z,103,103,30,,,,,z,1,0.4048408000089694,None,,,,,30,103,103,3,824.5390138000075,,,,,,,,,,,,,,,,824.5257091000094,824.5390138000075,825.5240422000061,825.5240422000061,825.5240422000061,825.5240422000061,825.539763400011,826.5400880000088,826.5400880000088,826.9572805000062,z,1,0.4048408000089694,None,111,001,2025-10-01_20h04.11.512,Motor_sequence_exp,,2025.1.1,59.933497793801315,2025-10-01 20h04.22.246810 +0530,
-150,z,104,104,31,,,,,z,1,0.46584200000506826,None,,,,,31,104,104,3,826.9735585000017,,,,,,,,,,,,,,,,826.9579160999856,826.9735585000017,827.9579833000025,827.9579833000025,827.9579833000025,827.9579833000025,827.9743559999915,828.9576782000076,828.9576782000076,829.4244449000107,z,1,0.46584200000506826,None,111,001,2025-10-01_20h04.11.512,Motor_sequence_exp,,2025.1.1,59.933497793801315,2025-10-01 20h04.22.246810 +0530,
150,v,105,105,23,,,,,v,1,0.5951326999929734,None,,,,,23,105,105,1,829.4408019999973,,,,,,,,,,,,,,,,829.4251196999976,829.4408019999973,830.4241198000091,830.4241198000091,830.4241198000091,830.4241198000091,830.4412462000037,831.4240717999928,831.4240717999928,832.0244010000024,v,1,0.5951326999929734,None,111,001,2025-10-01_20h04.11.512,Motor_sequence_exp,,2025.1.1,59.933497793801315,2025-10-01 20h04.22.246810 +0530,
150,v,106,106,24,,,,,v,1,1.7688510999723803,None,,,,,24,106,106,1,832.0391558999836,,,,,,,,,,,,,,,,832.0250711999834,832.0391558999836,833.0245760999969,833.0245760999969,833.0245760999969,833.0245760999969,833.0403288000089,834.0246044000087,834.0246044000087,835.794711399998,v,1,1.7688510999723803,None,111,001,2025-10-01_20h04.11.512,Motor_sequence_exp,,2025.1.1,59.933497793801315,2025-10-01 20h04.22.246810 +0530,
-150,z,107,107,32,,,,,z,1,0.5139965999987908,None,,,,,32,107,107,3,835.805351899995,,,,,,,,,,,,,,,,835.795395299996,835.805351899995,836.8077789999952,836.8077789999952,836.8077789999952,836.8077789999952,836.8077789999952,837.8076282000111,837.8076282000111,838.3250427999883,z,1,0.5139965999987908,None,111,001,2025-10-01_20h04.11.512,Motor_sequence_exp,,2025.1.1,59.933497793801315,2025-10-01 20h04.22.246810 +0530,
-50,x,108,108,23,,,,,x,1,0.44775859999936074,None,,,,,23,108,108,0,838.3408518999931,,,,,,,,,,,,,,,,838.325736800005,838.3408518999931,839.3228660000023,839.3228660000023,839.3228660000023,839.3228660000023,839.3577864999825,840.3410807999899,840.3410807999899,840.7918962999829,x,1,0.44775859999936074,None,111,001,2025-10-01_20h04.11.512,Motor_sequence_exp,,2025.1.1,59.933497793801315,2025-10-01 20h04.22.246810 +0530,
150,v,109,109,25,,,,,v,1,0.4208136999804992,None,,,,,25,109,109,1,840.806136500003,,,,,,,,,,,,,,,,840.7926088999957,840.806136500003,841.7910342999967,841.7910342999967,841.7910342999967,841.7910342999967,841.8076520999894,842.7910953999963,842.7910953999963,843.225323599996,v,1,0.4208136999804992,None,111,001,2025-10-01_20h04.11.512,Motor_sequence_exp,,2025.1.1,59.933497793801315,2025-10-01 20h04.22.246810 +0530,
-150,z,110,110,33,,,,,z,1,0.5523596999992151,None,,,,,33,110,110,3,843.239370700001,,,,,,,,,,,,,,,,843.2260042999987,843.239370700001,844.2411500999879,844.2411500999879,844.2411500999879,844.2411500999879,844.2411500999879,845.2400516000052,845.2400516000052,845.8088453999953,z,1,0.5523596999992151,None,111,001,2025-10-01_20h04.11.512,Motor_sequence_exp,,2025.1.1,59.933497793801315,2025-10-01 20h04.22.246810 +0530,
-150,z,111,111,34,,,,,z,1,0.43722340001841076,None,,,,,34,111,111,3,845.8231929999893,,,,,,,,,,,,,,,,845.8097795000067,845.8231929999893,846.824823700008,846.824823700008,846.824823700008,846.824823700008,846.824823700008,847.8248391000088,847.8248391000088,848.2756086000009,z,1,0.43722340001841076,None,111,001,2025-10-01_20h04.11.512,Motor_sequence_exp,,2025.1.1,59.933497793801315,2025-10-01 20h04.22.246810 +0530,
150,v,112,112,26,,,,,v,1,0.6517035999859218,None,,,,,26,112,112,1,848.2894274999853,,,,,,,,,,,,,,,,848.2765844000096,848.2894274999853,849.2910999000014,849.2910999000014,849.2910999000014,849.2910999000014,849.2910999000014,850.29120040001,850.29120040001,850.9576482999837,v,1,0.6517035999859218,None,111,001,2025-10-01_20h04.11.512,Motor_sequence_exp,,2025.1.1,59.933497793801315,2025-10-01 20h04.22.246810 +0530,
-50,x,113,113,24,,,,,x,1,1.8382290999870747,None,,,,,24,113,113,0,850.9743427000067,,,,,,,,,,,,,,,,850.9583123000048,850.9743427000067,851.957801099983,851.957801099983,851.957801099983,851.957801099983,851.9726474999916,852.9577753999911,852.9577753999911,854.8075291999849,x,1,1.8382290999870747,None,111,001,2025-10-01_20h04.11.512,Motor_sequence_exp,,2025.1.1,59.933497793801315,2025-10-01 20h04.22.246810 +0530,
150,v,114,114,27,,,,,v,1,1.1960613999981433,None,,,,,27,114,114,1,854.8236302000005,,,,,,,,,,,,,,,,854.8082039000001,854.8236302000005,855.8080344999908,855.8080344999908,855.8080344999908,855.8080344999908,855.8243098999956,856.8086046999961,856.8086046999961,858.0077070999832,v,1,1.1960613999981433,None,111,001,2025-10-01_20h04.11.512,Motor_sequence_exp,,2025.1.1,59.933497793801315,2025-10-01 20h04.22.246810 +0530,
-50,x,115,115,25,,,,,z,0,1.182110499998089,None,,,,,25,115,115,0,858.023515000008,,,,,,,,,,,,,,,,858.00836539999,858.023515000008,859.0080256999936,859.0080256999936,859.0080256999936,859.0080256999936,859.0232411999896,860.0080027999938,860.0080027999938,861.2069598000089,z,0,1.182110499998089,None,111,001,2025-10-01_20h04.11.512,Motor_sequence_exp,,2025.1.1,59.933497793801315,2025-10-01 20h04.22.246810 +0530,
50,c,116,116,27,,,,,c,1,1.1302014000248164,None,,,,,27,116,116,2,861.224784799997,,,,,,,,,,,,,,,,861.2075863000064,861.224784799997,862.2080965999921,862.2080965999921,862.2080965999921,862.2080965999921,862.2246247000003,863.2077797999955,863.2077797999955,864.3414746999915,c,1,1.1302014000248164,None,111,001,2025-10-01_20h04.11.512,Motor_sequence_exp,,2025.1.1,59.933497793801315,2025-10-01 20h04.22.246810 +0530,
-150,z,117,117,35,,,,,z,1,0.7174868999863975,None,,,,,35,117,117,3,864.3569475999975,,,,,,,,,,,,,,,,864.3421567000041,864.3569475999975,865.3405205000017,865.3405205000017,865.3405205000017,865.3405205000017,865.3574681000027,866.341477799986,866.341477799986,867.0751886999933,z,1,0.7174868999863975,None,111,001,2025-10-01_20h04.11.512,Motor_sequence_exp,,2025.1.1,59.933497793801315,2025-10-01 20h04.22.246810 +0530,
50,c,118,118,28,,,,,c,1,1.306947000004584,None,,,,,28,118,118,2,867.0909340000071,,,,,,,,,,,,,,,,867.0757886999927,867.0909340000071,868.0748881000036,868.0748881000036,868.0748881000036,868.0748881000036,868.0919760999968,869.0750593999983,869.0750593999983,870.3922584000102,c,1,1.306947000004584,None,111,001,2025-10-01_20h04.11.512,Motor_sequence_exp,,2025.1.1,59.933497793801315,2025-10-01 20h04.22.246810 +0530,
-50,x,119,119,26,,,,,x,1,0.5822653000068385,None,,,,,26,119,119,0,870.4075138999906,,,,,,,,,,,,,,,,870.3929019999923,870.4075138999906,871.3912783999986,871.3912783999986,871.3912783999986,871.3912783999986,871.4076788999955,872.4079103999829,872.4079103999829,872.9921288999903,x,1,0.5822653000068385,None,111,001,2025-10-01_20h04.11.512,Motor_sequence_exp,,2025.1.1,59.933497793801315,2025-10-01 20h04.22.246810 +0530,
-50,x,120,120,27,,,,,x,1,0.6278907000087202,None,,,,,27,120,120,0,873.006297999993,,,,,,,,,,,,,,,,872.9927256999945,873.006297999993,873.9913871999888,873.9913871999888,873.9913871999888,873.9913871999888,874.0080961000058,875.008216199989,875.008216199989,875.6421775000053,x,1,0.6278907000087202,None,111,001,2025-10-01_20h04.11.512,Motor_sequence_exp,,2025.1.1,59.933497793801315,2025-10-01 20h04.22.246810 +0530,
150,v,121,121,28,,,,,v,1,1.1379979999910574,None,,,,,28,121,121,1,875.6564240999869,,,,,,,,,,,,,,,,875.6432176000089,875.6564240999869,876.6582538000075,876.6582538000075,876.6582538000075,876.6582538000075,876.6582538000075,877.6571745999972,877.6571745999972,878.8098266999878,v,1,1.1379979999910574,None,111,001,2025-10-01_20h04.11.512,Motor_sequence_exp,,2025.1.1,59.933497793801315,2025-10-01 20h04.22.246810 +0530,
50,c,122,122,29,,,,,c,1,1.4594117000233382,None,,,,,29,122,122,2,878.8240118999965,,,,,,,,,,,,,,,,878.8106720999931,878.8240118999965,879.8245730999915,879.8245730999915,879.8245730999915,879.8245730999915,879.8245730999915,880.8231681000034,880.8231681000034,882.292866600008,c,1,1.4594117000233382,None,111,001,2025-10-01_20h04.11.512,Motor_sequence_exp,,2025.1.1,59.933497793801315,2025-10-01 20h04.22.246810 +0530,
-50,x,123,123,28,,,,,x,1,0.91614000001573,None,,,,,28,123,123,0,882.3067679000087,,,,,,,,,,,,,,,,882.2936058999912,882.3067679000087,883.3080511000007,883.3080511000007,883.3080511000007,883.3080511000007,883.3080511000007,884.3070896999852,884.3070896999852,885.2251995999832,x,1,0.91614000001573,None,111,001,2025-10-01_20h04.11.512,Motor_sequence_exp,,2025.1.1,59.933497793801315,2025-10-01 20h04.22.246810 +0530,
-150,z,124,124,36,,,,,z,1,1.560744499991415,None,,,,,36,124,124,3,885.2401231999975,,,,,,,,,,,,,,,,885.2258053999976,885.2401231999975,886.2251696999883,886.2251696999883,886.2251696999883,886.2251696999883,886.2423293000029,887.2241618999979,887.2241618999979,888.7916164000053,z,1,1.560744499991415,None,111,001,2025-10-01_20h04.11.512,Motor_sequence_exp,,2025.1.1,59.933497793801315,2025-10-01 20h04.22.246810 +0530,
50,c,125,125,30,,,,,c,1,0.6948367999866605,None,,,,,30,125,125,2,888.807286700001,,,,,,,,,,,,,,,,888.7923794999951,888.807286700001,889.7901198999898,889.7901198999898,889.7901198999898,889.7901198999898,889.8082027999917,890.7913932999945,890.7913932999945,891.4921594999905,c,1,0.6948367999866605,None,111,001,2025-10-01_20h04.11.512,Motor_sequence_exp,,2025.1.1,59.933497793801315,2025-10-01 20h04.22.246810 +0530,
50,c,126,126,31,,,,,c,1,1.3592588999890722,None,,,,,31,126,126,2,891.5075442999951,,,,,,,,,,,,,,,,891.4931483999826,891.5075442999951,892.4921657000086,892.4921657000086,892.4921657000086,892.4921657000086,892.5087939999939,893.4926428000035,893.4926428000035,894.8583790999837,c,1,1.3592588999890722,None,111,001,2025-10-01_20h04.11.512,Motor_sequence_exp,,2025.1.1,59.933497793801315,2025-10-01 20h04.22.246810 +0530,
150,v,127,127,29,,,,,v,1,0.8505233000032604,None,,,,,29,127,127,1,894.8743480999838,,,,,,,,,,,,,,,,894.8589877999912,894.8743480999838,895.8585520999914,895.8585520999914,895.8585520999914,895.8585520999914,895.8737154999981,896.8584889000049,896.8584889000049,897.724616499996,v,1,0.8505233000032604,None,111,001,2025-10-01_20h04.11.512,Motor_sequence_exp,,2025.1.1,59.933497793801315,2025-10-01 20h04.22.246810 +0530,
150,v,128,128,30,,,,,v,1,0.6965222000144422,None,,,,,30,128,128,1,897.7417009999917,,,,,,,,,,,,,,,,897.7252163999947,897.7417009999917,898.7246267999872,898.7246267999872,898.7246267999872,898.7246267999872,898.7407841999957,899.7252896999998,899.7252896999998,900.4255691999861,v,1,0.6965222000144422,None,111,001,2025-10-01_20h04.11.512,Motor_sequence_exp,,2025.1.1,59.933497793801315,2025-10-01 20h04.22.246810 +0530,
-150,z,129,129,37,,,,,z,1,1.3186531999963336,None,,,,,37,129,129,3,900.4408220000041,,,,,,,,,,,,,,,,900.4262883999909,900.4408220000041,901.4424454999971,901.4424454999971,901.4424454999971,901.4424454999971,901.4424454999971,902.4251884999976,902.4251884999976,903.7598001000006,z,1,1.3186531999963336,None,111,001,2025-10-01_20h04.11.512,Motor_sequence_exp,,2025.1.1,59.933497793801315,2025-10-01 20h04.22.246810 +0530,
-150,z,130,130,38,,,,,z,1,0.70586670000921,None,,,,,38,130,130,3,903.773700699996,,,,,,,,,,,,,,,,903.7607271999877,903.773700699996,904.7753513999924,904.7753513999924,904.7753513999924,904.7753513999924,904.7753513999924,905.7756313999998,905.7756313999998,906.4929343999829,z,1,0.70586670000921,None,111,001,2025-10-01_20h04.11.512,Motor_sequence_exp,,2025.1.1,59.933497793801315,2025-10-01 20h04.22.246810 +0530,
150,v,131,131,31,,,,,v,1,0.5280840999912471,None,,,,,31,131,131,1,906.5069625999895,,,,,,,,,,,,,,,,906.4936069999821,906.5069625999895,907.4921279999835,907.4921279999835,907.4921279999835,907.4921279999835,907.5088573000103,908.5076858999964,908.5076858999964,909.0429097999877,v,1,0.5280840999912471,None,111,001,2025-10-01_20h04.11.512,Motor_sequence_exp,,2025.1.1,59.933497793801315,2025-10-01 20h04.22.246810 +0530,
-50,x,132,132,29,,,,,x,1,0.42361389999859966,None,,,,,29,132,132,0,909.057530799997,,,,,,,,,,,,,,,,909.0436632999917,909.057530799997,910.0587259999884,910.0587259999884,910.0587259999884,910.0587259999884,910.0587259999884,911.0589067999972,911.0589067999972,911.4930758999835,x,1,0.42361389999859966,None,111,001,2025-10-01_20h04.11.512,Motor_sequence_exp,,2025.1.1,59.933497793801315,2025-10-01 20h04.22.246810 +0530,
150,v,133,133,32,,,,,v,1,1.1069259999785572,None,,,,,32,133,133,1,911.507099200011,,,,,,,,,,,,,,,,911.4939556999889,911.507099200011,912.5090143999842,912.5090143999842,912.5090143999842,912.5090143999842,912.5090143999842,913.4922895999916,913.4922895999916,914.6084891000064,v,1,1.1069259999785572,None,111,001,2025-10-01_20h04.11.512,Motor_sequence_exp,,2025.1.1,59.933497793801315,2025-10-01 20h04.22.246810 +0530,
150,v,134,134,33,,,,,v,1,0.8171708000008948,None,,,,,33,134,134,1,914.6239669999923,,,,,,,,,,,,,,,,914.6090938999841,914.6239669999923,915.6086211999936,915.6086211999936,915.6086211999936,915.6086211999936,915.6255112999934,916.6088476000004,916.6088476000004,917.441323600011,v,1,0.8171708000008948,None,111,001,2025-10-01_20h04.11.512,Motor_sequence_exp,,2025.1.1,59.933497793801315,2025-10-01 20h04.22.246810 +0530,
150,v,135,135,34,,,,,v,1,0.42494759999681264,None,,,,,34,135,135,1,917.4589185999939,,,,,,,,,,,,,,,,917.4419255999965,917.4589185999939,918.4424549000105,918.4424549000105,918.4424549000105,918.4424549000105,918.4585197999841,919.4415856999985,919.4415856999985,919.8752601000015,v,1,0.42494759999681264,None,111,001,2025-10-01_20h04.11.512,Motor_sequence_exp,,2025.1.1,59.933497793801315,2025-10-01 20h04.22.246810 +0530,
150,v,136,136,35,,,,,v,1,0.4004313000186812,None,,,,,35,136,136,1,919.8918583999912,,,,,,,,,,,,,,,,919.8758721000049,919.8918583999912,920.875749800005,920.875749800005,920.875749800005,920.875749800005,920.8923990000039,921.8760754999821,921.8760754999821,922.2924714999972,v,1,0.4004313000186812,None,111,001,2025-10-01_20h04.11.512,Motor_sequence_exp,,2025.1.1,59.933497793801315,2025-10-01 20h04.22.246810 +0530,
-50,x,137,137,30,,,,,x,1,0.6483689000015147,None,,,,,30,137,137,0,922.3075045000005,,,,,,,,,,,,,,,,922.2931582999881,922.3075045000005,923.3089168999868,923.3089168999868,923.3089168999868,923.3089168999868,923.3089168999868,924.3084832000022,924.3084832000022,924.9591020999942,x,1,0.6483689000015147,None,111,001,2025-10-01_20h04.11.512,Motor_sequence_exp,,2025.1.1,59.933497793801315,2025-10-01 20h04.22.246810 +0530,
50,c,138,138,32,,,,,c,1,0.6899112999963108,None,,,,,32,138,138,2,924.9746258000087,,,,,,,,,,,,,,,,924.9597188000043,924.9746258000087,925.9757474999933,925.9757474999933,925.9757474999933,925.9757474999933,925.9757474999933,926.9591227000055,926.9591227000055,927.6598929000029,c,1,0.6899112999963108,None,111,001,2025-10-01_20h04.11.512,Motor_sequence_exp,,2025.1.1,59.933497793801315,2025-10-01 20h04.22.246810 +0530,
-50,x,139,139,31,,,,,x,1,1.0632866999949329,None,,,,,31,139,139,0,927.6739921999979,,,,,,,,,,,,,,,,927.6605595999863,927.6739921999979,928.6570418000047,928.6570418000047,928.6570418000047,928.6570418000047,928.6750568999851,929.6587765000004,929.6587765000004,930.7260180999874,x,1,1.0632866999949329,None,111,001,2025-10-01_20h04.11.512,Motor_sequence_exp,,2025.1.1,59.933497793801315,2025-10-01 20h04.22.246810 +0530,
-150,z,140,140,39,,,,,z,1,1.5038534000050277,None,,,,,39,140,140,3,930.7413830999867,,,,,,,,,,,,,,,,930.7267360999831,930.7413830999867,931.7420962000033,931.7420962000033,931.7420962000033,931.7420962000033,931.7420962000033,932.7425396000035,932.7425396000035,934.2597604999901,z,1,1.5038534000050277,None,111,001,2025-10-01_20h04.11.512,Motor_sequence_exp,,2025.1.1,59.933497793801315,2025-10-01 20h04.22.246810 +0530,
-50,x,141,141,32,,,,,x,1,0.5440602000162471,None,,,,,32,141,141,0,934.2740443999937,,,,,,,,,,,,,,,,934.2604234000028,934.2740443999937,935.2590680999856,935.2590680999856,935.2590680999856,935.2590680999856,935.2751263999962,936.2593088999856,936.2593088999856,936.8090885999845,x,1,0.5440602000162471,None,111,001,2025-10-01_20h04.11.512,Motor_sequence_exp,,2025.1.1,59.933497793801315,2025-10-01 20h04.22.246810 +0530,
50,c,142,142,33,,,,,c,1,1.1913945999986026,None,,,,,33,142,142,2,936.8252302999899,,,,,,,,,,,,,,,,936.8098199999949,936.8252302999899,937.8078467999876,937.8078467999876,937.8078467999876,937.8078467999876,937.8259967000049,938.8091713000031,938.8091713000031,940.0100748999976,c,1,1.1913945999986026,None,111,001,2025-10-01_20h04.11.512,Motor_sequence_exp,,2025.1.1,59.933497793801315,2025-10-01 20h04.22.246810 +0530,
150,v,143,143,36,,,,,v,1,0.650557300017681,None,,,,,36,143,143,1,940.0240839000035,,,,,,,,,,,,,,,,940.0107332000043,940.0240839000035,941.0095806999889,941.0095806999889,941.0095806999889,941.0095806999889,941.0250030999887,942.0090639999835,942.0090639999835,942.6750882999913,v,1,0.650557300017681,None,111,001,2025-10-01_20h04.11.512,Motor_sequence_exp,,2025.1.1,59.933497793801315,2025-10-01 20h04.22.246810 +0530,
-50,x,144,144,33,,,,,x,1,1.5735569999960717,None,,,,,33,144,144,0,942.6915751000051,,,,,,,,,,,,,,,,942.675711799995,942.6915751000051,943.6760557999951,943.6760557999951,943.6760557999951,943.6760557999951,943.6927921999886,944.6754741999903,944.6754741999903,946.260128599999,x,1,1.5735569999960717,None,111,001,2025-10-01_20h04.11.512,Motor_sequence_exp,,2025.1.1,59.933497793801315,2025-10-01 20h04.22.246810 +0530,
150,v,145,145,37,,,,,v,1,0.574703500024043,None,,,,,37,145,145,1,946.2741024999996,,,,,,,,,,,,,,,,946.2607315999921,946.2741024999996,947.2582243999932,947.2582243999932,947.2582243999932,947.2582243999932,947.2761184999836,948.2592452999961,948.2592452999961,948.842346999998,v,1,0.574703500024043,None,111,001,2025-10-01_20h04.11.512,Motor_sequence_exp,,2025.1.1,59.933497793801315,2025-10-01 20h04.22.246810 +0530,
-50,x,146,146,34,,,,,x,1,0.9349254999833647,None,,,,,34,146,146,0,948.858487999998,,,,,,,,,,,,,,,,948.8429636000074,948.858487999998,949.8578648999974,949.8578648999974,949.8578648999974,949.8578648999974,949.8578648999974,950.8409966999898,950.8409966999898,951.7930420000048,x,1,0.9349254999833647,None,111,001,2025-10-01_20h04.11.512,Motor_sequence_exp,,2025.1.1,59.933497793801315,2025-10-01 20h04.22.246810 +0530,
-50,x,147,147,35,,,,,x,1,0.5513530999887735,None,,,,,35,147,147,0,951.8087794999883,,,,,,,,,,,,,,,,951.7937040000106,951.8087794999883,952.7927402000059,952.7927402000059,952.7927402000059,952.7927402000059,952.809168000007,953.8098469999968,953.8098469999968,954.3758884999843,x,1,0.5513530999887735,None,111,001,2025-10-01_20h04.11.512,Motor_sequence_exp,,2025.1.1,59.933497793801315,2025-10-01 20h04.22.246810 +0530,
-50,x,148,148,36,,,,,x,1,1.4576942000130657,None,,,,,36,148,148,0,954.3924822999979,,,,,,,,,,,,,,,,954.3765139000025,954.3924822999979,955.3926828999829,955.3926828999829,955.3926828999829,955.3926828999829,955.3926828999829,956.3744586000103,956.3744586000103,957.8427574000088,x,1,1.4576942000130657,None,111,001,2025-10-01_20h04.11.512,Motor_sequence_exp,,2025.1.1,59.933497793801315,2025-10-01 20h04.22.246810 +0530,
-50,x,149,149,37,,,,,x,1,1.1814859999867622,None,,,,,37,149,149,0,957.8578876999964,,,,,,,,,,,,,,,,957.843529500009,957.8578876999964,958.842568299995,958.842568299995,958.842568299995,958.842568299995,958.8595621999993,959.8593083999876,959.8593083999876,961.0421048999997,x,1,1.1814859999867622,None,111,001,2025-10-01_20h04.11.512,Motor_sequence_exp,,2025.1.1,59.933497793801315,2025-10-01 20h04.22.246810 +0530,
150,v,150,150,38,,,,,v,1,1.288449399988167,None,,,,,38,150,150,1,961.0589440999902,,,,,,,,,,,,,,,,961.042698300007,961.0589440999902,962.0428179999872,962.0428179999872,962.0428179999872,962.0428179999872,962.0586889999977,963.0425609000085,963.0425609000085,964.3427010999876,v,1,1.288449399988167,None,111,001,2025-10-01_20h04.11.512,Motor_sequence_exp,,2025.1.1,59.933497793801315,2025-10-01 20h04.22.246810 +0530,
150,v,151,151,39,,,,,v,1,1.1594086999830324,None,,,,,39,151,151,1,964.3595753999834,,,,,,,,,,,,,,,,964.3432995000039,964.3595753999834,965.3428910000075,965.3428910000075,965.3428910000075,965.3428910000075,965.3580715999997,966.3415190000087,966.3415190000087,967.5102964999969,v,1,1.1594086999830324,None,111,001,2025-10-01_20h04.11.512,Motor_sequence_exp,,2025.1.1,59.933497793801315,2025-10-01 20h04.22.246810 +0530,
50,c,152,152,34,,,,,c,1,1.8788954000046942,None,,,,,34,152,152,2,967.5245832999935,,,,,,,,,,,,,,,,967.5112954000069,967.5245832999935,968.5092888000072,968.5092888000072,968.5092888000072,968.5092888000072,968.5261236999941,969.5096705000033,969.5096705000033,971.3933332999877,c,1,1.8788954000046942,None,111,001,2025-10-01_20h04.11.512,Motor_sequence_exp,,2025.1.1,59.933497793801315,2025-10-01 20h04.22.246810 +0530,
-50,x,153,153,38,,,,,x,1,0.9973813999968115,None,,,,,38,153,153,0,971.408602999989,,,,,,,,,,,,,,,,971.3940170999849,971.408602999989,972.4098326000094,972.4098326000094,972.4098326000094,972.4098326000094,972.4098326000094,973.3932043999957,973.3932043999957,974.392981699988,x,1,0.9973813999968115,None,111,001,2025-10-01_20h04.11.512,Motor_sequence_exp,,2025.1.1,59.933497793801315,2025-10-01 20h04.22.246810 +0530,
50,c,154,154,35,,,,,c,1,1.1870393000135664,None,,,,,35,154,154,2,974.4089408,,,,,,,,,,,,,,,,974.3935834000004,974.4089408,975.4094630999898,975.4094630999898,975.4094630999898,975.4094630999898,975.4094630999898,976.3923267000064,976.3923267000064,977.5934656999889,c,1,1.1870393000135664,None,111,001,2025-10-01_20h04.11.512,Motor_sequence_exp,,2025.1.1,59.933497793801315,2025-10-01 20h04.22.246810 +0530,
-50,x,155,155,39,,,,,x,1,0.9230611000093631,None,,,,,39,155,155,0,977.6094413000101,,,,,,,,,,,,,,,,977.5940676000027,977.6094413000101,978.5935216000071,978.5935216000071,978.5935216000071,978.5935216000071,978.6100273999909,979.592427399999,979.592427399999,980.5276190000004,x,1,0.9230611000093631,None,111,001,2025-10-01_20h04.11.512,Motor_sequence_exp,,2025.1.1,59.933497793801315,2025-10-01 20h04.22.246810 +0530,
-50,x,156,156,40,,,,,x,1,1.064382700016722,None,,,,,40,156,156,0,980.5416008000029,,,,,,,,,,,,,,,,980.5283888999838,980.5416008000029,981.5265265000053,981.5265265000053,981.5265265000053,981.5265265000053,981.543648699997,982.5427865000092,982.5427865000092,983.6091828999924,x,1,1.064382700016722,None,111,001,2025-10-01_20h04.11.512,Motor_sequence_exp,,2025.1.1,59.933497793801315,2025-10-01 20h04.22.246810 +0530,
50,c,157,157,36,,,,,c,1,1.0300346000003628,None,,,,,36,157,157,2,983.6254905000096,,,,,,,,,,,,,,,,983.6101890999998,983.6254905000096,984.609034699999,984.609034699999,984.609034699999,984.609034699999,984.6271030000062,985.609905099991,985.609905099991,986.6443073999835,c,1,1.0300346000003628,None,111,001,2025-10-01_20h04.11.512,Motor_sequence_exp,,2025.1.1,59.933497793801315,2025-10-01 20h04.22.246810 +0530,
150,v,158,158,40,,,,,v,1,1.3409468999889214,None,,,,,40,158,158,1,986.6589299000043,,,,,,,,,,,,,,,,986.6449674000032,986.6589299000043,987.6426557000086,987.6426557000086,987.6426557000086,987.6426557000086,987.6599938999861,988.6603916999884,988.6603916999884,990.010614800005,v,1,1.3409468999889214,None,111,001,2025-10-01_20h04.11.512,Motor_sequence_exp,,2025.1.1,59.933497793801315,2025-10-01 20h04.22.246810 +0530,
150,v,159,159,41,,,,,v,1,1.0685245000058785,None,,,,,41,159,159,1,990.0248809999903,,,,,,,,,,,,,,,,990.0112761000055,990.0248809999903,991.026701099996,991.026701099996,991.026701099996,991.026701099996,991.026701099996,992.0100784999959,992.0100784999959,993.0930524999858,v,1,1.0685245000058785,None,111,001,2025-10-01_20h04.11.512,Motor_sequence_exp,,2025.1.1,59.933497793801315,2025-10-01 20h04.22.246810 +0530,
150,v,160,160,42,,,,,v,1,1.127607700007502,None,,,,,42,160,160,1,993.109772900003,,,,,,,,,,,,,,,,993.0936702000035,993.109772900003,994.0935427999939,994.0935427999939,994.0935427999939,994.0935427999939,994.1103801999998,995.0933393999876,995.0933393999876,996.2274084000092,v,1,1.127607700007502,None,111,001,2025-10-01_20h04.11.512,Motor_sequence_exp,,2025.1.1,59.933497793801315,2025-10-01 20h04.22.246810 +0530,
150,v,161,161,43,,,,,v,1,1.1937911999993958,None,,,,,43,161,161,1,996.2422635999974,,,,,,,,,,,,,,,,996.2282751000021,996.2422635999974,997.2267932999821,997.2267932999821,997.2267932999821,997.2267932999821,997.2434966999863,998.2267973999842,998.2267973999842,999.4261369000014,v,1,1.1937911999993958,None,111,001,2025-10-01_20h04.11.512,Motor_sequence_exp,,2025.1.1,59.933497793801315,2025-10-01 20h04.22.246810 +0530,
50,c,162,162,37,,,,,c,1,1.3452152000099886,None,,,,,37,162,162,2,999.4418596999894,,,,,,,,,,,,,,,,999.4268039999879,999.4418596999894,1000.4265683999984,1000.4265683999984,1000.4265683999984,1000.4265683999984,1000.4433777999948,1001.4269392999995,1001.4269392999995,1002.7769058999838,c,1,1.3452152000099886,None,111,001,2025-10-01_20h04.11.512,Motor_sequence_exp,,2025.1.1,59.933497793801315,2025-10-01 20h04.22.246810 +0530,
50,c,163,163,38,,,,,c,1,1.5712921999802347,None,,,,,38,163,163,2,1002.792222899996,,,,,,,,,,,,,,,,1002.7775566999917,1002.792222899996,1003.7767595000041,1003.7767595000041,1003.7767595000041,1003.7767595000041,1003.7943792000005,1004.776980900002,1004.776980900002,1006.3601030999853,c,1,1.5712921999802347,None,111,001,2025-10-01_20h04.11.512,Motor_sequence_exp,,2025.1.1,59.933497793801315,2025-10-01 20h04.22.246810 +0530,
50,c,164,164,39,,,,,c,1,1.1813461999990977,None,,,,,39,164,164,2,1006.3767502999981,,,,,,,,,,,,,,,,1006.360723699996,1006.3767502999981,1007.3595304999908,1007.3595304999908,1007.3595304999908,1007.3595304999908,1007.3774578000011,1008.3592859999917,1008.3592859999917,1009.5435503000044,c,1,1.1813461999990977,None,111,001,2025-10-01_20h04.11.512,Motor_sequence_exp,,2025.1.1,59.933497793801315,2025-10-01 20h04.22.246810 +0530,
150,v,165,165,44,,,,,v,1,1.000527600001078,None,,,,,44,165,165,1,1009.5595194000052,,,,,,,,,,,,,,,,1009.5442032999999,1009.5595194000052,1010.559448999993,1010.559448999993,1010.559448999993,1010.559448999993,1010.559448999993,1011.5435958000016,1011.5435958000016,1012.5606919999991,v,1,1.000527600001078,None,111,001,2025-10-01_20h04.11.512,Motor_sequence_exp,,2025.1.1,59.933497793801315,2025-10-01 20h04.22.246810 +0530,
-50,x,166,166,41,,,,,x,1,1.016173499985598,None,,,,,41,166,166,0,1012.5766634999891,,,,,,,,,,,,,,,,1012.5612902999856,1012.5766634999891,1013.5607787999907,1013.5607787999907,1013.5607787999907,1013.5607787999907,1013.5765184999909,1014.5606319000071,1014.5606319000071,1015.5935582999955,x,1,1.016173499985598,None,111,001,2025-10-01_20h04.11.512,Motor_sequence_exp,,2025.1.1,59.933497793801315,2025-10-01 20h04.22.246810 +0530,
50,c,167,167,40,,,,,c,1,2.4610477999958675,None,,,,,40,167,167,2,1015.6099799000076,,,,,,,,,,,,,,,,1015.5941657999938,1015.6099799000076,1016.5929841999896,1016.5929841999896,1016.5929841999896,1016.5929841999896,1016.6102769999998,1017.5939031000016,1017.5939031000016,1020.059692699986,c,1,2.4610477999958675,None,111,001,2025-10-01_20h04.11.512,Motor_sequence_exp,,2025.1.1,59.933497793801315,2025-10-01 20h04.22.246810 +0530,
150,v,168,168,45,,,,,v,1,1.5445607999863569,None,,,,,45,168,168,1,1020.0761265000037,,,,,,,,,,,,,,,,1020.0602813999867,1020.0761265000037,1021.0593974000076,1021.0593974000076,1021.0593974000076,1021.0593974000076,1021.0772941999894,1022.0602994000074,1022.0602994000074,1023.6107782000036,v,1,1.5445607999863569,None,111,001,2025-10-01_20h04.11.512,Motor_sequence_exp,,2025.1.1,59.933497793801315,2025-10-01 20h04.22.246810 +0530,
-150,z,169,169,40,,,,,z,1,0.9897067999991123,None,,,,,40,169,169,3,1023.6256514999841,,,,,,,,,,,,,,,,1023.611834899988,1023.6256514999841,1024.6088184999826,1024.6088184999826,1024.6088184999826,1024.6088184999826,1024.625451800006,1025.6097651000018,1025.6097651000018,1026.6104143999983,z,1,0.9897067999991123,None,111,001,2025-10-01_20h04.11.512,Motor_sequence_exp,,2025.1.1,59.933497793801315,2025-10-01 20h04.22.246810 +0530,
-50,x,170,170,42,,,,,x,1,1.2667528000019956,None,,,,,42,170,170,0,1026.6261901999824,,,,,,,,,,,,,,,,1026.6112255000044,1026.6261901999824,1027.610743199999,1027.610743199999,1027.610743199999,1027.610743199999,1027.6259973999986,1028.6106564000074,1028.6106564000074,1029.8929466999834,x,1,1.2667528000019956,None,111,001,2025-10-01_20h04.11.512,Motor_sequence_exp,,2025.1.1,59.933497793801315,2025-10-01 20h04.22.246810 +0530,
-150,z,171,171,41,,,,,z,1,1.343039300001692,None,,,,,41,171,171,3,1029.9102315999917,,,,,,,,,,,,,,,,1029.893546599982,1029.9102315999917,1030.8940351000056,1030.8940351000056,1030.8940351000056,1030.8940351000056,1030.9096690999868,1031.8936721000064,1031.8936721000064,1033.2432496999972,z,1,1.343039300001692,None,111,001,2025-10-01_20h04.11.512,Motor_sequence_exp,,2025.1.1,59.933497793801315,2025-10-01 20h04.22.246810 +0530,
-50,x,172,172,43,,,,,x,1,1.7965735000034329,None,,,,,43,172,172,0,1033.2600856999925,,,,,,,,,,,,,,,,1033.2439045000065,1033.2600856999925,1034.2440089999873,1034.2440089999873,1034.2440089999873,1034.2440089999873,1034.2602994999907,1035.243906699994,1035.243906699994,1037.0441166000091,x,1,1.7965735000034329,None,111,001,2025-10-01_20h04.11.512,Motor_sequence_exp,,2025.1.1,59.933497793801315,2025-10-01 20h04.22.246810 +0530,
150,v,173,173,46,,,,,v,1,1.1541673000028823,None,,,,,46,173,173,1,1037.0591725999839,,,,,,,,,,,,,,,,1037.044718899997,1037.0591725999839,1038.043558800011,1038.043558800011,1038.043558800011,1038.043558800011,1038.0606811000034,1039.043811599986,1039.043811599986,1040.2117258000071,v,1,1.1541673000028823,None,111,001,2025-10-01_20h04.11.512,Motor_sequence_exp,,2025.1.1,59.933497793801315,2025-10-01 20h04.22.246810 +0530,
50,c,174,174,41,,,,,c,1,1.54176429999643,None,,,,,41,174,174,2,1040.225695000001,,,,,,,,,,,,,,,,1040.2123920999875,1040.225695000001,1041.2276590999973,1041.2276590999973,1041.2276590999973,1041.2276590999973,1041.2276590999973,1042.227570899995,1042.227570899995,1043.7782994000008,c,1,1.54176429999643,None,111,001,2025-10-01_20h04.11.512,Motor_sequence_exp,,2025.1.1,59.933497793801315,2025-10-01 20h04.22.246810 +0530,
50,c,175,175,42,,,,,c,1,0.8714477000175975,None,,,,,42,175,175,2,1043.793158799992,,,,,,,,,,,,,,,,1043.7790717000025,1043.793158799992,1044.793540499988,1044.793540499988,1044.793540499988,1044.793540499988,1044.793540499988,1045.7776592999871,1045.7776592999871,1046.6606754999957,c,1,0.8714477000175975,None,111,001,2025-10-01_20h04.11.512,Motor_sequence_exp,,2025.1.1,59.933497793801315,2025-10-01 20h04.22.246810 +0530,
-50,x,176,176,44,,,,,x,1,1.105846400023438,None,,,,,44,176,176,0,1046.6757631000073,,,,,,,,,,,,,,,,1046.6613387999823,1046.6757631000073,1047.6603000999894,1047.6603000999894,1047.6603000999894,1047.6603000999894,1047.6776013000053,1048.6600735000102,1048.6600735000102,1049.7771355999867,x,1,1.105846400023438,None,111,001,2025-10-01_20h04.11.512,Motor_sequence_exp,,2025.1.1,59.933497793801315,2025-10-01 20h04.22.246810 +0530,
-150,z,177,177,42,,,,,z,1,1.7101611999969464,None,,,,,42,177,177,3,1049.7929923000047,,,,,,,,,,,,,,,,1049.7777895999898,1049.7929923000047,1050.7769583000045,1050.7769583000045,1050.7769583000045,1050.7769583000045,1050.7940184999898,1051.777394899982,1051.777394899982,1053.4948835999821,z,1,1.7101611999969464,None,111,001,2025-10-01_20h04.11.512,Motor_sequence_exp,,2025.1.1,59.933497793801315,2025-10-01 20h04.22.246810 +0530,
-150,z,178,178,43,,,,,z,1,1.161374599992996,None,,,,,43,178,178,3,1053.5091225999931,,,,,,,,,,,,,,,,1053.4955611999903,1053.5091225999931,1054.4943123999983,1054.4943123999983,1054.4943123999983,1054.4943123999983,1054.511164800002,1055.5108640000108,1055.5108640000108,1056.6778505999828,z,1,1.161374599992996,None,111,001,2025-10-01_20h04.11.512,Motor_sequence_exp,,2025.1.1,59.933497793801315,2025-10-01 20h04.22.246810 +0530,
50,c,179,179,43,,,,,c,1,1.2482910999970045,None,,,,,43,179,179,2,1056.6926085999876,,,,,,,,,,,,,,,,1056.678505799995,1056.6926085999876,1057.6770982999878,1057.6770982999878,1057.6770982999878,1057.6770982999878,1057.6941410999862,1058.6929837999924,1058.6929837999924,1059.9450273999828,c,1,1.2482910999970045,None,111,001,2025-10-01_20h04.11.512,Motor_sequence_exp,,2025.1.1,59.933497793801315,2025-10-01 20h04.22.246810 +0530,
-50,x,180,180,45,,,,,x,1,1.2618951000040397,None,,,,,45,180,180,0,1059.9611135000014,,,,,,,,,,,,,,,,1059.945699200005,1059.9611135000014,1060.961068100005,1060.961068100005,1060.961068100005,1060.961068100005,1060.961068100005,1061.9445501999871,1061.9445501999871,1063.2112533999898,x,1,1.2618951000040397,None,111,001,2025-10-01_20h04.11.512,Motor_sequence_exp,,2025.1.1,59.933497793801315,2025-10-01 20h04.22.246810 +0530,
50,c,181,181,44,,,,,c,1,1.0213395000027958,None,,,,,44,181,181,2,1063.2268367999932,,,,,,,,,,,,,,,,1063.2123412000074,1063.2268367999932,1064.2274331999943,1064.2274331999943,1064.2274331999943,1064.2274331999943,1064.2274331999943,1065.2273998000019,1065.2273998000019,1066.2621392,c,1,1.0213395000027958,None,111,001,2025-10-01_20h04.11.512,Motor_sequence_exp,,2025.1.1,59.933497793801315,2025-10-01 20h04.22.246810 +0530,
-150,z,182,182,44,,,,,z,1,0.950886000005994,None,,,,,44,182,182,3,1066.2767100000056,,,,,,,,,,,,,,,,1066.2630493000033,1066.2767100000056,1067.2779058000015,1067.2779058000015,1067.2779058000015,1067.2779058000015,1067.2779058000015,1068.2615412999876,1068.2615412999876,1069.229112400004,z,1,0.950886000005994,None,111,001,2025-10-01_20h04.11.512,Motor_sequence_exp,,2025.1.1,59.933497793801315,2025-10-01 20h04.22.246810 +0530,
50,c,183,183,45,,,,,c,1,1.6948911999934353,None,,,,,45,183,183,2,1069.242872600007,,,,,,,,,,,,,,,,1069.230016299989,1069.242872600007,1070.244339900004,1070.244339900004,1070.244339900004,1070.244339900004,1070.244339900004,1071.244710400002,1071.244710400002,1072.9444516999938,c,1,1.6948911999934353,None,111,001,2025-10-01_20h04.11.512,Motor_sequence_exp,,2025.1.1,59.933497793801315,2025-10-01 20h04.22.246810 +0530,
50,c,184,184,46,,,,,c,1,1.5257246999826748,None,,,,,46,184,184,2,1072.960038499994,,,,,,,,,,,,,,,,1072.9451037999825,1072.960038499994,1073.9451631999982,1073.9451631999982,1073.9451631999982,1073.9451631999982,1073.9615648000035,1074.9446149999858,1074.9446149999858,1076.4790042999957,c,1,1.5257246999826748,None,111,001,2025-10-01_20h04.11.512,Motor_sequence_exp,,2025.1.1,59.933497793801315,2025-10-01 20h04.22.246810 +0530,
-50,x,185,185,46,,,,,x,1,1.5132924999925308,None,,,,,46,185,185,0,1076.4936326000025,,,,,,,,,,,,,,,,1076.4796701000014,1076.4936326000025,1077.4776971999963,1077.4776971999963,1077.4776971999963,1077.4776971999963,1077.494799100008,1078.4779660000058,1078.4779660000058,1079.9949119999947,x,1,1.5132924999925308,None,111,001,2025-10-01_20h04.11.512,Motor_sequence_exp,,2025.1.1,59.933497793801315,2025-10-01 20h04.22.246810 +0530,
150,v,186,186,47,,,,,v,1,1.7579908999905456,None,,,,,47,186,186,1,1080.0094143000024,,,,,,,,,,,,,,,,1079.9959994000092,1080.0094143000024,1080.9940054999897,1080.9940054999897,1080.9940054999897,1080.9940054999897,1081.0098990999977,1081.9946809000103,1081.9946809000103,1083.7620773999952,v,1,1.7579908999905456,None,111,001,2025-10-01_20h04.11.512,Motor_sequence_exp,,2025.1.1,59.933497793801315,2025-10-01 20h04.22.246810 +0530,
150,v,187,187,48,,,,,v,1,1.1669220000039786,None,,,,,48,187,187,1,1083.7768098000088,,,,,,,,,,,,,,,,1083.7626902000047,1083.7768098000088,1084.7785282999976,1084.7785282999976,1084.7785282999976,1084.7785282999976,1084.7785282999976,1085.7610435000097,1085.7610435000097,1086.9439915999828,v,1,1.1669220000039786,None,111,001,2025-10-01_20h04.11.512,Motor_sequence_exp,,2025.1.1,59.933497793801315,2025-10-01 20h04.22.246810 +0530,
-50,x,188,188,47,,,,,x,1,1.7928352000017185,None,,,,,47,188,188,0,1086.9615063999954,,,,,,,,,,,,,,,,1086.9446139000065,1086.9615063999954,1087.944467399997,1087.944467399997,1087.944467399997,1087.944467399997,1087.9616574000102,1088.9426099999982,1088.9426099999982,1090.7457360999833,x,1,1.7928352000017185,None,111,001,2025-10-01_20h04.11.512,Motor_sequence_exp,,2025.1.1,59.933497793801315,2025-10-01 20h04.22.246810 +0530,
-150,z,189,189,45,,,,,z,1,0.9273774999892339,None,,,,,45,189,189,3,1090.7605547999847,,,,,,,,,,,,,,,,1090.7463937999855,1090.7605547999847,1091.7608779000002,1091.7608779000002,1091.7608779000002,1091.7608779000002,1091.7608779000002,1092.7452051999862,1092.7452051999862,1093.6780963999918,z,1,0.9273774999892339,None,111,001,2025-10-01_20h04.11.512,Motor_sequence_exp,,2025.1.1,59.933497793801315,2025-10-01 20h04.22.246810 +0530,
50,c,190,190,47,,,,,c,1,0.8493037000007462,None,,,,,47,190,190,2,1093.6937041000056,,,,,,,,,,,,,,,,1093.6787523000094,1093.6937041000056,1094.6781229999906,1094.6781229999906,1094.6781229999906,1094.6781229999906,1094.6947291000106,1095.6784349000081,1095.6784349000081,1096.5449810999853,c,1,0.8493037000007462,None,111,001,2025-10-01_20h04.11.512,Motor_sequence_exp,,2025.1.1,59.933497793801315,2025-10-01 20h04.22.246810 +0530,
150,v,191,191,49,,,,,v,1,1.0363792999996804,None,,,,,49,191,191,1,1096.5611345999932,,,,,,,,,,,,,,,,1096.5456413000065,1096.5611345999932,1097.5451008999953,1097.5451008999953,1097.5451008999953,1097.5451008999953,1097.5618548000057,1098.5452633000095,1098.5452633000095,1099.5948713000107,v,1,1.0363792999996804,None,111,001,2025-10-01_20h04.11.512,Motor_sequence_exp,,2025.1.1,59.933497793801315,2025-10-01 20h04.22.246810 +0530,
-50,x,192,192,48,,,,,x,1,1.5568056000047363,None,,,,,48,192,192,0,1099.6116113000026,,,,,,,,,,,,,,,,1099.5954676999827,1099.6116113000026,1100.594918399991,1100.594918399991,1100.594918399991,1100.594918399991,1100.6119876999874,1101.595174999995,1101.595174999995,1103.1628975000058,x,1,1.5568056000047363,None,111,001,2025-10-01_20h04.11.512,Motor_sequence_exp,,2025.1.1,59.933497793801315,2025-10-01 20h04.22.246810 +0530,
50,c,193,193,48,,,,,c,1,1.1361364999902435,None,,,,,48,193,193,2,1103.176700000011,,,,,,,,,,,,,,,,1103.1637951000012,1103.176700000011,1104.161523799994,1104.161523799994,1104.161523799994,1104.161523799994,1104.1785450000025,1105.1785958999826,1105.1785958999826,1106.3282188999874,c,1,1.1361364999902435,None,111,001,2025-10-01_20h04.11.512,Motor_sequence_exp,,2025.1.1,59.933497793801315,2025-10-01 20h04.22.246810 +0530,
-150,z,194,194,46,,,,,z,1,1.1405840999796055,None,,,,,46,194,194,3,1106.3448910999869,,,,,,,,,,,,,,,,1106.3288134000031,1106.3448910999869,1107.3284060999868,1107.3284060999868,1107.3284060999868,1107.3284060999868,1107.3434166999941,1108.328512100008,1108.328512100008,1109.4790334999852,z,1,1.1405840999796055,None,111,001,2025-10-01_20h04.11.512,Motor_sequence_exp,,2025.1.1,59.933497793801315,2025-10-01 20h04.22.246810 +0530,
50,c,195,195,49,,,,,c,1,1.3176555999962147,None,,,,,49,195,195,2,1109.4941068000044,,,,,,,,,,,,,,,,1109.4798290999897,1109.4941068000044,1110.4784817000036,1110.4784817000036,1110.4784817000036,1110.4784817000036,1110.494992699998,1111.4782914000098,1111.4782914000098,1112.8116198999924,c,1,1.3176555999962147,None,111,001,2025-10-01_20h04.11.512,Motor_sequence_exp,,2025.1.1,59.933497793801315,2025-10-01 20h04.22.246810 +0530,
-150,z,196,196,47,,,,,z,1,0.9747513000038452,None,,,,,47,196,196,3,1112.828664700006,,,,,,,,,,,,,,,,1112.8122546999948,1112.828664700006,1113.8118703000073,1113.8118703000073,1113.8118703000073,1113.8118703000073,1113.8287505999906,1114.8117963999975,1114.8117963999975,1115.794587499986,z,1,0.9747513000038452,None,111,001,2025-10-01_20h04.11.512,Motor_sequence_exp,,2025.1.1,59.933497793801315,2025-10-01 20h04.22.246810 +0530,
-150,z,197,197,48,,,,,z,1,0.8447935999720357,None,,,,,48,197,197,3,1115.811970699986,,,,,,,,,,,,,,,,1115.7952106999874,1115.811970699986,1116.7950199999905,1116.7950199999905,1116.7950199999905,1116.7950199999905,1116.8121749999991,1117.7934727999964,1117.7934727999964,1118.646167800005,z,1,0.8447935999720357,None,111,001,2025-10-01_20h04.11.512,Motor_sequence_exp,,2025.1.1,59.933497793801315,2025-10-01 20h04.22.246810 +0530,
-50,x,198,198,49,,,,,x,1,1.2472031000070274,None,,,,,49,198,198,0,1118.6609840999881,,,,,,,,,,,,,,,,1118.6468242999981,1118.6609840999881,1119.6444720999862,1119.6444720999862,1119.6444720999862,1119.6444720999862,1119.6616198999982,1120.6457323000068,1120.6457323000068,1121.896183999983,x,1,1.2472031000070274,None,111,001,2025-10-01_20h04.11.512,Motor_sequence_exp,,2025.1.1,59.933497793801315,2025-10-01 20h04.22.246810 +0530,
-150,z,199,199,49,,,,,z,1,1.085142799973255,None,,,,,49,199,199,3,1121.9103385999915,,,,,,,,,,,,,,,,1121.896850499994,1121.9103385999915,1122.8946674999897,1122.8946674999897,1122.8946674999897,1122.8946674999897,1122.9122115999926,1123.9123472000065,1123.9123472000065,1125.0119053999952,z,1,1.085142799973255,None,111,001,2025-10-01_20h04.11.512,Motor_sequence_exp,,2025.1.1,59.933497793801315,2025-10-01 20h04.22.246810 +0530,
