15.7659 	INFO 	Loaded monitor calibration from ['2025_08_12 09:11']
15.7866 	WARNING 	User requested fullscreen with size [1024  768], but screen is actually [1920, 1080]. Using actual size
16.9180 	INFO 	Using renderer 'AMD Radeon(TM) Graphics' for graphics
16.9181 	INFO 	OpenGL version supported by driver is 4..
17.0831 	EXP 	Created window1 = Window(allowGUI=False, allowStencil=False, autoLog=True, backendConf=UNKNOWN, backgroundFit=<method-wrapper '__getattribute__' of attributeSetter object at 0x000002926506C0D0>, backgroundImage=<method-wrapper '__getattribute__' of attributeSetter object at 0x000002926506C070>, bitsMode=UNKNOWN, blendMode='avg', bpc=(8, 8, 8), color=array([0, 0, 0]), colorSpace='rgb', depthBits=8, fullscr=True, gamma=None, gammaErrorPolicy='raise', infoMsg=UNKNOWN, lms=UNKNOWN, monitor=<psychopy.monitors.calibTools.Monitor object at 0x000002926511D930>, multiSample=False, name='window1', numSamples=2, pos=[np.float64(0.0), np.float64(0.0)], screen=0, size=array([1920, 1080]), stencilBits=0, stereo=False, title='PsychoPy', units='height', useFBO=True, useRetina=False, viewOri=0.0, viewPos=None, viewScale=None, waitBlanking=True, winType='pyglet')
17.0839 	EXP 	window1: backgroundImage = ''
17.0839 	EXP 	window1: backgroundFit = 'none'
17.6085 	EXP 	window1: Attempting to measure frame rate of screen (0) ...
17.6086 	EXP 	window1: recordFrameIntervals = False
17.8124 	EXP 	window1: recordFrameIntervals = True
17.9955 	EXP 	Screen (0) actual frame rate measured at 59.93Hz
17.9956 	EXP 	window1: recordFrameIntervals = False
18.0568 	INFO 	keyboard.Keyboard is using ptb backend.
18.0570 	INFO 	keyboard.Keyboard is using ptb backend.
18.0570 	INFO 	keyboard.Keyboard is using ptb backend.
18.0571 	EXP 	Motor_sequence_exp: status = STARTED
18.0635 	EXP 	Created fixation = ShapeStim(__class__=<class 'psychopy.visual.shape.ShapeStim'>, anchor=('center', 'center'), autoDraw=False, autoLog=True, closeShape=True, color=method-wrapper(...), colorSpace='rgb', contrast=None, depth=0.0, draggable=False, fillColor=array([1, 1, 1]), fillColorSpace='rgb', fillRGB=array([1, 1, 1]), interpolate=True, lineColor=array([1., 1., 1.]), lineColorSpace='rgb', lineRGB=array([1, 1, 1]), lineWidth=1.0, name='fixation', opacity=1, ori=0.0, pos=array([0., 0.]), size=array([10., 10.]), units='pix', vertices=ndarray(...), win=Window(...), windingRule=None)
18.0654 	EXP 	Created line1 = Rect(__class__=<class 'psychopy.visual.rect.Rect'>, anchor=('center', 'center'), autoDraw=False, autoLog=True, closeShape=True, color=method-wrapper(...), colorSpace='rgb', contrast=None, depth=-1.0, draggable=False, fillColor=array([1, 1, 1]), fillColorSpace='rgb', fillRGB=array([1, 1, 1]), interpolate=True, lineColor=array([1., 1., 1.]), lineColorSpace='rgb', lineRGB=array([1, 1, 1]), lineWidth=1.0, name='line1', opacity=1, ori=90.0, pos=array([-150.,    0.]), size=array([100.,  10.]), units='pix', vertices=ndarray(...), win=Window(...))
18.0672 	EXP 	Created line2 = Rect(__class__=<class 'psychopy.visual.rect.Rect'>, anchor=('center', 'center'), autoDraw=False, autoLog=True, closeShape=True, color=method-wrapper(...), colorSpace='rgb', contrast=None, depth=-2.0, draggable=False, fillColor=array([1, 1, 1]), fillColorSpace='rgb', fillRGB=array([1, 1, 1]), interpolate=True, lineColor=array([1., 1., 1.]), lineColorSpace='rgb', lineRGB=array([1, 1, 1]), lineWidth=1.0, name='line2', opacity=1, ori=90.0, pos=array([-50.,   0.]), size=array([100.,  10.]), units='pix', vertices=ndarray(...), win=Window(...))
18.0687 	EXP 	Created line3 = Rect(__class__=<class 'psychopy.visual.rect.Rect'>, anchor=('center', 'center'), autoDraw=False, autoLog=True, closeShape=True, color=method-wrapper(...), colorSpace='rgb', contrast=None, depth=-3.0, draggable=False, fillColor=array([1, 1, 1]), fillColorSpace='rgb', fillRGB=array([1, 1, 1]), interpolate=True, lineColor=array([1., 1., 1.]), lineColorSpace='rgb', lineRGB=array([1, 1, 1]), lineWidth=1.0, name='line3', opacity=1, ori=90.0, pos=array([50.,  0.]), size=array([100.,  10.]), units='pix', vertices=ndarray(...), win=Window(...))
18.0701 	EXP 	Created line4 = Rect(__class__=<class 'psychopy.visual.rect.Rect'>, anchor=('center', 'center'), autoDraw=False, autoLog=True, closeShape=True, color=method-wrapper(...), colorSpace='rgb', contrast=None, depth=-4.0, draggable=False, fillColor=array([1, 1, 1]), fillColorSpace='rgb', fillRGB=array([1, 1, 1]), interpolate=True, lineColor=array([1., 1., 1.]), lineColorSpace='rgb', lineRGB=array([1, 1, 1]), lineWidth=1.0, name='line4', opacity=1, ori=90.0, pos=array([150.,   0.]), size=array([100.,  10.]), units='pix', vertices=ndarray(...), win=Window(...))
18.0718 	EXP 	Created probe = ShapeStim(__class__=<class 'psychopy.visual.shape.ShapeStim'>, anchor=('center', 'center'), autoDraw=False, autoLog=True, closeShape=True, color=method-wrapper(...), colorSpace='rgb', contrast=None, depth=-5.0, draggable=False, fillColor=array([1, 1, 1]), fillColorSpace='rgb', fillRGB=array([1, 1, 1]), interpolate=True, lineColor=array([1., 1., 1.]), lineColorSpace='rgb', lineRGB=array([1, 1, 1]), lineWidth=1.0, name='probe', opacity=1, ori=0.0, pos=array([0., 0.]), size=array([10., 10.]), units='pix', vertices=ndarray(...), win=Window(...), windingRule=None)
18.0737 	EXP 	Created fixation_2 = ShapeStim(__class__=<class 'psychopy.visual.shape.ShapeStim'>, anchor=('center', 'center'), autoDraw=False, autoLog=True, closeShape=True, color=method-wrapper(...), colorSpace='rgb', contrast=None, depth=0.0, draggable=False, fillColor=array([1, 1, 1]), fillColorSpace='rgb', fillRGB=array([1, 1, 1]), interpolate=True, lineColor=array([1., 1., 1.]), lineColorSpace='rgb', lineRGB=array([1, 1, 1]), lineWidth=1.0, name='fixation_2', opacity=1, ori=0.0, pos=array([0., 0.]), size=array([10., 10.]), units='pix', vertices=ndarray(...), win=Window(...), windingRule=None)
18.0752 	EXP 	Created line_1 = Rect(__class__=<class 'psychopy.visual.rect.Rect'>, anchor=('center', 'center'), autoDraw=False, autoLog=True, closeShape=True, color=method-wrapper(...), colorSpace='rgb', contrast=None, depth=-1.0, draggable=False, fillColor=array([1, 1, 1]), fillColorSpace='rgb', fillRGB=array([1, 1, 1]), interpolate=True, lineColor=array([1., 1., 1.]), lineColorSpace='rgb', lineRGB=array([1, 1, 1]), lineWidth=1.0, name='line_1', opacity=1, ori=90.0, pos=array([0., 0.]), size=array([100.,  10.]), units='pix', vertices=ndarray(...), win=Window(...))
18.0767 	EXP 	Created line_2 = Rect(__class__=<class 'psychopy.visual.rect.Rect'>, anchor=('center', 'center'), autoDraw=False, autoLog=True, closeShape=True, color=method-wrapper(...), colorSpace='rgb', contrast=None, depth=-2.0, draggable=False, fillColor=array([1, 1, 1]), fillColorSpace='rgb', fillRGB=array([1, 1, 1]), interpolate=True, lineColor=array([1., 1., 1.]), lineColorSpace='rgb', lineRGB=array([1, 1, 1]), lineWidth=1.0, name='line_2', opacity=1, ori=90.0, pos=array([0., 0.]), size=array([100.,  10.]), units='pix', vertices=ndarray(...), win=Window(...))
18.0781 	EXP 	Created line_3 = Rect(__class__=<class 'psychopy.visual.rect.Rect'>, anchor=('center', 'center'), autoDraw=False, autoLog=True, closeShape=True, color=method-wrapper(...), colorSpace='rgb', contrast=None, depth=-3.0, draggable=False, fillColor=array([1, 1, 1]), fillColorSpace='rgb', fillRGB=array([1, 1, 1]), interpolate=True, lineColor=array([1., 1., 1.]), lineColorSpace='rgb', lineRGB=array([1, 1, 1]), lineWidth=1.0, name='line_3', opacity=1, ori=90.0, pos=array([0., 0.]), size=array([100.,  10.]), units='pix', vertices=ndarray(...), win=Window(...))
18.0794 	EXP 	Created line_4 = Rect(__class__=<class 'psychopy.visual.rect.Rect'>, anchor=('center', 'center'), autoDraw=False, autoLog=True, closeShape=True, color=method-wrapper(...), colorSpace='rgb', contrast=None, depth=-4.0, draggable=False, fillColor=array([1, 1, 1]), fillColorSpace='rgb', fillRGB=array([1, 1, 1]), interpolate=True, lineColor=array([1., 1., 1.]), lineColorSpace='rgb', lineRGB=array([1, 1, 1]), lineWidth=1.0, name='line_4', opacity=1, ori=90.0, pos=array([0., 0.]), size=array([100.,  10.]), units='pix', vertices=ndarray(...), win=Window(...))
18.0815 	EXP 	Created probe_2 = ShapeStim(__class__=<class 'psychopy.visual.shape.ShapeStim'>, anchor=('center', 'center'), autoDraw=False, autoLog=True, closeShape=True, color=method-wrapper(...), colorSpace='rgb', contrast=None, depth=-5.0, draggable=False, fillColor=array([1, 1, 1]), fillColorSpace='rgb', fillRGB=array([1, 1, 1]), interpolate=True, lineColor=array([1., 1., 1.]), lineColorSpace='rgb', lineRGB=array([1, 1, 1]), lineWidth=1.0, name='probe_2', opacity=1, ori=0.0, pos=array([0., 0.]), size=array([10., 10.]), units='pix', vertices=ndarray(...), win=Window(...), windingRule=None)
0.0128 	EXP 	Imported sequence_conditions.csv as conditions, 4 conditions, 2 params
0.0141 	EXP 	New trial (rep=0, index=0): <Trial 0 (0 in rep 0) data={'pos': np.int64(-50), 'corr_resp': 'x', 'thisN': 0, 'thisTrialN': 0, 'thisRepN': 0}>
0.0229 	EXP 	fixation: autoDraw = True
1.1002 	EXP 	line1: autoDraw = True
1.1002 	EXP 	line2: autoDraw = True
1.1002 	EXP 	line3: autoDraw = True
1.1002 	EXP 	line4: autoDraw = True
1.1089 	EXP 	fixation: autoDraw = False
2.0016 	INFO 	Keyboard events cleared
2.0015 	EXP 	probe: autoDraw = True
2.9828 	EXP 	Device response: <KeyPress from None: t=2.876484599983087, value=x, duration=None>
2.9831 	EXP 	New trial (rep=0, index=1): <Trial 1 (1 in rep 0) data={'pos': np.int64(150), 'corr_resp': 'v', 'thisN': 1, 'thisTrialN': 1, 'thisRepN': 0}>
2.9839 	DATA 	Keypress: x
2.9908 	EXP 	fixation: autoDraw = False
2.9908 	EXP 	line1: autoDraw = False
2.9908 	EXP 	line2: autoDraw = False
2.9908 	EXP 	line3: autoDraw = False
2.9908 	EXP 	line4: autoDraw = False
2.9908 	EXP 	probe: autoDraw = False
2.9908 	EXP 	fixation: autoDraw = True
3.0288 	EXP 	Device response: <KeyPress from None: t=2.876484599983087, value=x, duration=0.14826970000285655>
3.9936 	EXP 	fixation: autoDraw = False
3.9936 	EXP 	line1: autoDraw = True
3.9936 	EXP 	line2: autoDraw = True
3.9936 	EXP 	line3: autoDraw = True
3.9936 	EXP 	line4: autoDraw = True
4.9951 	INFO 	Keyboard events cleared
4.9949 	EXP 	probe: autoDraw = True
6.2121 	EXP 	Device response: <KeyPress from None: t=6.200017700000899, value=v, duration=None>
6.2124 	EXP 	New trial (rep=0, index=2): <Trial 2 (2 in rep 0) data={'pos': np.int64(50), 'corr_resp': 'c', 'thisN': 2, 'thisTrialN': 2, 'thisRepN': 0}>
6.2137 	DATA 	Keypress: v
6.2271 	EXP 	fixation: autoDraw = False
6.2271 	EXP 	line1: autoDraw = False
6.2271 	EXP 	line2: autoDraw = False
6.2271 	EXP 	line3: autoDraw = False
6.2271 	EXP 	line4: autoDraw = False
6.2271 	EXP 	probe: autoDraw = False
6.2271 	EXP 	fixation: autoDraw = True
6.3780 	EXP 	Device response: <KeyPress from None: t=6.200017700000899, value=v, duration=0.16256229998543859>
7.2272 	EXP 	fixation: autoDraw = False
7.2272 	EXP 	line1: autoDraw = True
7.2272 	EXP 	line2: autoDraw = True
7.2272 	EXP 	line3: autoDraw = True
7.2272 	EXP 	line4: autoDraw = True
8.2279 	INFO 	Keyboard events cleared
8.2277 	EXP 	probe: autoDraw = True
9.2459 	DATA 	Mouse: Left button down, pos=(784,716)
9.3305 	DATA 	Keypress: c
9.3443 	EXP 	Device response: <KeyPress from None: t=9.329204499983462, value=c, duration=None>
9.3447 	EXP 	New trial (rep=0, index=3): <Trial 3 (3 in rep 0) data={'pos': np.int64(-150), 'corr_resp': 'z', 'thisN': 3, 'thisTrialN': 3, 'thisRepN': 0}>
9.3604 	EXP 	fixation: autoDraw = False
9.3604 	EXP 	line1: autoDraw = False
9.3604 	EXP 	line2: autoDraw = False
9.3604 	EXP 	line3: autoDraw = False
9.3604 	EXP 	line4: autoDraw = False
9.3604 	EXP 	probe: autoDraw = False
9.3604 	EXP 	fixation: autoDraw = True
9.4625 	DATA 	Mouse:  Left button up, pos=(784,716)
9.5122 	EXP 	Device response: <KeyPress from None: t=9.329204499983462, value=c, duration=0.1819625000061933>
10.3600 	EXP 	fixation: autoDraw = False
10.3600 	EXP 	line1: autoDraw = True
10.3600 	EXP 	line2: autoDraw = True
10.3600 	EXP 	line3: autoDraw = True
10.3600 	EXP 	line4: autoDraw = True
11.3452 	INFO 	Keyboard events cleared
11.3450 	EXP 	probe: autoDraw = True
12.0136 	DATA 	Keypress: z
12.0276 	EXP 	Device response: <KeyPress from None: t=12.011769200005801, value=z, duration=None>
12.0281 	EXP 	New trial (rep=1, index=0): <Trial 4 (0 in rep 1) data={'pos': np.int64(-50), 'corr_resp': 'x', 'thisN': 4, 'thisTrialN': 0, 'thisRepN': 1}>
12.0433 	EXP 	fixation: autoDraw = False
12.0433 	EXP 	line1: autoDraw = False
12.0433 	EXP 	line2: autoDraw = False
12.0433 	EXP 	line3: autoDraw = False
12.0433 	EXP 	line4: autoDraw = False
12.0433 	EXP 	probe: autoDraw = False
12.0433 	EXP 	fixation: autoDraw = True
12.1951 	EXP 	Device response: <KeyPress from None: t=12.011769200005801, value=z, duration=0.17482099999324419>
13.0277 	EXP 	line1: autoDraw = True
13.0277 	EXP 	line2: autoDraw = True
13.0277 	EXP 	line3: autoDraw = True
13.0277 	EXP 	line4: autoDraw = True
13.0448 	EXP 	fixation: autoDraw = False
14.0274 	INFO 	Keyboard events cleared
14.0272 	EXP 	probe: autoDraw = True
14.6295 	DATA 	Keypress: x
14.6444 	EXP 	Device response: <KeyPress from None: t=14.627775000000838, value=x, duration=None>
14.6448 	EXP 	New trial (rep=1, index=1): <Trial 5 (1 in rep 1) data={'pos': np.int64(150), 'corr_resp': 'v', 'thisN': 5, 'thisTrialN': 1, 'thisRepN': 1}>
14.6609 	EXP 	fixation: autoDraw = False
14.6609 	EXP 	line1: autoDraw = False
14.6609 	EXP 	line2: autoDraw = False
14.6609 	EXP 	line3: autoDraw = False
14.6609 	EXP 	line4: autoDraw = False
14.6609 	EXP 	probe: autoDraw = False
14.6609 	EXP 	fixation: autoDraw = True
14.7944 	EXP 	Device response: <KeyPress from None: t=14.627775000000838, value=x, duration=0.1507106999924872>
15.6443 	EXP 	line1: autoDraw = True
15.6443 	EXP 	line2: autoDraw = True
15.6443 	EXP 	line3: autoDraw = True
15.6443 	EXP 	line4: autoDraw = True
15.6607 	EXP 	fixation: autoDraw = False
16.6456 	INFO 	Keyboard events cleared
16.6454 	EXP 	probe: autoDraw = True
17.2625 	DATA 	Keypress: v
17.2778 	EXP 	Device response: <KeyPress from None: t=17.26157949998742, value=v, duration=None>
17.2783 	EXP 	New trial (rep=1, index=2): <Trial 6 (2 in rep 1) data={'pos': np.int64(50), 'corr_resp': 'c', 'thisN': 6, 'thisTrialN': 2, 'thisRepN': 1}>
17.2939 	EXP 	fixation: autoDraw = False
17.2939 	EXP 	line1: autoDraw = False
17.2939 	EXP 	line2: autoDraw = False
17.2939 	EXP 	line3: autoDraw = False
17.2939 	EXP 	line4: autoDraw = False
17.2939 	EXP 	probe: autoDraw = False
17.2939 	EXP 	fixation: autoDraw = True
17.4443 	EXP 	Device response: <KeyPress from None: t=17.26157949998742, value=v, duration=0.16633200002252124>
18.2945 	EXP 	fixation: autoDraw = False
18.2945 	EXP 	line1: autoDraw = True
18.2945 	EXP 	line2: autoDraw = True
18.2945 	EXP 	line3: autoDraw = True
18.2945 	EXP 	line4: autoDraw = True
19.2776 	INFO 	Keyboard events cleared
19.2774 	EXP 	probe: autoDraw = True
19.8945 	EXP 	Device response: <KeyPress from None: t=19.881852999998955, value=c, duration=None>
19.8949 	EXP 	New trial (rep=1, index=3): <Trial 7 (3 in rep 1) data={'pos': np.int64(-150), 'corr_resp': 'z', 'thisN': 7, 'thisTrialN': 3, 'thisRepN': 1}>
19.8961 	DATA 	Keypress: c
19.9100 	EXP 	fixation: autoDraw = False
19.9100 	EXP 	line1: autoDraw = False
19.9100 	EXP 	line2: autoDraw = False
19.9100 	EXP 	line3: autoDraw = False
19.9100 	EXP 	line4: autoDraw = False
19.9100 	EXP 	probe: autoDraw = False
19.9100 	EXP 	fixation: autoDraw = True
20.0606 	EXP 	Device response: <KeyPress from None: t=19.881852999998955, value=c, duration=0.16654030000790954>
20.8945 	EXP 	line1: autoDraw = True
20.8945 	EXP 	line2: autoDraw = True
20.8945 	EXP 	line3: autoDraw = True
20.8945 	EXP 	line4: autoDraw = True
20.9120 	EXP 	fixation: autoDraw = False
21.9027 	INFO 	Keyboard events cleared
21.9025 	EXP 	probe: autoDraw = True
22.6033 	EXP 	Device response: <KeyPress from None: t=22.592890500003705, value=z, duration=None>
22.6037 	EXP 	New trial (rep=2, index=0): <Trial 8 (0 in rep 2) data={'pos': np.int64(-50), 'corr_resp': 'x', 'thisN': 8, 'thisTrialN': 0, 'thisRepN': 2}>
22.6049 	DATA 	Keypress: z
22.6189 	EXP 	fixation: autoDraw = False
22.6189 	EXP 	line1: autoDraw = False
22.6189 	EXP 	line2: autoDraw = False
22.6189 	EXP 	line3: autoDraw = False
22.6189 	EXP 	line4: autoDraw = False
22.6189 	EXP 	probe: autoDraw = False
22.6189 	EXP 	fixation: autoDraw = True
22.8045 	EXP 	Device response: <KeyPress from None: t=22.592890500003705, value=z, duration=0.2020837999880314>
23.6200 	EXP 	fixation: autoDraw = False
23.6200 	EXP 	line1: autoDraw = True
23.6200 	EXP 	line2: autoDraw = True
23.6200 	EXP 	line3: autoDraw = True
23.6200 	EXP 	line4: autoDraw = True
24.6035 	INFO 	Keyboard events cleared
24.6032 	EXP 	probe: autoDraw = True
24.9366 	EXP 	Device response: <KeyPress from None: t=24.922452099999646, value=x, duration=None>
24.9370 	EXP 	New trial (rep=2, index=1): <Trial 9 (1 in rep 2) data={'pos': np.int64(150), 'corr_resp': 'v', 'thisN': 9, 'thisTrialN': 1, 'thisRepN': 2}>
24.9381 	DATA 	Keypress: x
24.9516 	EXP 	fixation: autoDraw = False
24.9516 	EXP 	line1: autoDraw = False
24.9516 	EXP 	line2: autoDraw = False
24.9516 	EXP 	line3: autoDraw = False
24.9516 	EXP 	line4: autoDraw = False
24.9516 	EXP 	probe: autoDraw = False
24.9516 	EXP 	fixation: autoDraw = True
25.0699 	EXP 	Device response: <KeyPress from None: t=24.922452099999646, value=x, duration=0.13690799998585135>
25.9360 	EXP 	line1: autoDraw = True
25.9360 	EXP 	line2: autoDraw = True
25.9360 	EXP 	line3: autoDraw = True
25.9360 	EXP 	line4: autoDraw = True
25.9529 	EXP 	fixation: autoDraw = False
26.9360 	INFO 	Keyboard events cleared
26.9358 	EXP 	probe: autoDraw = True
27.4696 	EXP 	Device response: <KeyPress from None: t=27.45679789999849, value=v, duration=None>
27.4699 	EXP 	New trial (rep=2, index=2): <Trial 10 (2 in rep 2) data={'pos': np.int64(50), 'corr_resp': 'c', 'thisN': 10, 'thisTrialN': 2, 'thisRepN': 2}>
27.4711 	DATA 	Keypress: v
27.4858 	EXP 	fixation: autoDraw = False
27.4858 	EXP 	line1: autoDraw = False
27.4858 	EXP 	line2: autoDraw = False
27.4858 	EXP 	line3: autoDraw = False
27.4858 	EXP 	line4: autoDraw = False
27.4858 	EXP 	probe: autoDraw = False
27.4858 	EXP 	fixation: autoDraw = True
27.6200 	EXP 	Device response: <KeyPress from None: t=27.45679789999849, value=v, duration=0.15835869999136776>
28.4687 	EXP 	line1: autoDraw = True
28.4687 	EXP 	line2: autoDraw = True
28.4687 	EXP 	line3: autoDraw = True
28.4687 	EXP 	line4: autoDraw = True
28.4860 	EXP 	fixation: autoDraw = False
29.4683 	INFO 	Keyboard events cleared
29.4682 	EXP 	probe: autoDraw = True
29.9017 	EXP 	Device response: <KeyPress from None: t=29.892256699997233, value=c, duration=None>
29.9020 	EXP 	New trial (rep=2, index=3): <Trial 11 (3 in rep 2) data={'pos': np.int64(-150), 'corr_resp': 'z', 'thisN': 11, 'thisTrialN': 3, 'thisRepN': 2}>
29.9030 	DATA 	Keypress: c
29.9185 	EXP 	fixation: autoDraw = False
29.9185 	EXP 	line1: autoDraw = False
29.9185 	EXP 	line2: autoDraw = False
29.9185 	EXP 	line3: autoDraw = False
29.9185 	EXP 	line4: autoDraw = False
29.9185 	EXP 	probe: autoDraw = False
29.9185 	EXP 	fixation: autoDraw = True
30.0857 	EXP 	Device response: <KeyPress from None: t=29.892256699997233, value=c, duration=0.18087280000327155>
30.9015 	EXP 	line1: autoDraw = True
30.9015 	EXP 	line2: autoDraw = True
30.9015 	EXP 	line3: autoDraw = True
30.9015 	EXP 	line4: autoDraw = True
30.9185 	EXP 	fixation: autoDraw = False
31.9014 	INFO 	Keyboard events cleared
31.9013 	EXP 	probe: autoDraw = True
32.5015 	EXP 	Device response: <KeyPress from None: t=32.492339899996296, value=z, duration=None>
32.5018 	EXP 	New trial (rep=3, index=0): <Trial 12 (0 in rep 3) data={'pos': np.int64(-50), 'corr_resp': 'x', 'thisN': 12, 'thisTrialN': 0, 'thisRepN': 3}>
32.5026 	DATA 	Keypress: z
32.5185 	EXP 	fixation: autoDraw = False
32.5185 	EXP 	line1: autoDraw = False
32.5185 	EXP 	line2: autoDraw = False
32.5185 	EXP 	line3: autoDraw = False
32.5185 	EXP 	line4: autoDraw = False
32.5185 	EXP 	probe: autoDraw = False
32.5185 	EXP 	fixation: autoDraw = True
32.6690 	EXP 	Device response: <KeyPress from None: t=32.492339899996296, value=z, duration=0.17104730001301505>
33.5012 	EXP 	line1: autoDraw = True
33.5012 	EXP 	line2: autoDraw = True
33.5012 	EXP 	line3: autoDraw = True
33.5012 	EXP 	line4: autoDraw = True
33.5188 	EXP 	fixation: autoDraw = False
34.5013 	INFO 	Keyboard events cleared
34.5011 	EXP 	probe: autoDraw = True
34.8516 	EXP 	Device response: <KeyPress from None: t=34.84747059998335, value=x, duration=None>
34.8519 	EXP 	New trial (rep=3, index=1): <Trial 13 (1 in rep 3) data={'pos': np.int64(150), 'corr_resp': 'v', 'thisN': 13, 'thisTrialN': 1, 'thisRepN': 3}>
34.8527 	DATA 	Keypress: x
34.8686 	EXP 	fixation: autoDraw = False
34.8686 	EXP 	line1: autoDraw = False
34.8686 	EXP 	line2: autoDraw = False
34.8686 	EXP 	line3: autoDraw = False
34.8686 	EXP 	line4: autoDraw = False
34.8686 	EXP 	probe: autoDraw = False
34.8686 	EXP 	fixation: autoDraw = True
35.0015 	EXP 	Device response: <KeyPress from None: t=34.84747059998335, value=x, duration=0.1519040999992285>
35.8519 	EXP 	line1: autoDraw = True
35.8519 	EXP 	line2: autoDraw = True
35.8519 	EXP 	line3: autoDraw = True
35.8519 	EXP 	line4: autoDraw = True
35.8687 	EXP 	fixation: autoDraw = False
36.8520 	INFO 	Keyboard events cleared
36.8519 	EXP 	probe: autoDraw = True
37.2024 	EXP 	Device response: <KeyPress from None: t=37.18661370000336, value=v, duration=None>
37.2027 	EXP 	New trial (rep=3, index=2): <Trial 14 (2 in rep 3) data={'pos': np.int64(50), 'corr_resp': 'c', 'thisN': 14, 'thisTrialN': 2, 'thisRepN': 3}>
37.2036 	DATA 	Keypress: v
37.2188 	EXP 	fixation: autoDraw = False
37.2188 	EXP 	line1: autoDraw = False
37.2188 	EXP 	line2: autoDraw = False
37.2188 	EXP 	line3: autoDraw = False
37.2188 	EXP 	line4: autoDraw = False
37.2188 	EXP 	probe: autoDraw = False
37.2188 	EXP 	fixation: autoDraw = True
37.3524 	EXP 	Device response: <KeyPress from None: t=37.18661370000336, value=v, duration=0.15487430000212044>
38.2190 	EXP 	fixation: autoDraw = False
38.2190 	EXP 	line1: autoDraw = True
38.2190 	EXP 	line2: autoDraw = True
38.2190 	EXP 	line3: autoDraw = True
38.2190 	EXP 	line4: autoDraw = True
39.2183 	INFO 	Keyboard events cleared
39.2182 	EXP 	probe: autoDraw = True
39.7685 	EXP 	Device response: <KeyPress from None: t=39.766131699987454, value=c, duration=None>
39.7687 	EXP 	New trial (rep=3, index=3): <Trial 15 (3 in rep 3) data={'pos': np.int64(-150), 'corr_resp': 'z', 'thisN': 15, 'thisTrialN': 3, 'thisRepN': 3}>
39.7695 	DATA 	Keypress: c
39.7849 	EXP 	fixation: autoDraw = False
39.7849 	EXP 	line1: autoDraw = False
39.7849 	EXP 	line2: autoDraw = False
39.7849 	EXP 	line3: autoDraw = False
39.7849 	EXP 	line4: autoDraw = False
39.7849 	EXP 	probe: autoDraw = False
39.7849 	EXP 	fixation: autoDraw = True
39.9526 	EXP 	Device response: <KeyPress from None: t=39.766131699987454, value=c, duration=0.17804880000767298>
40.7685 	EXP 	line1: autoDraw = True
40.7685 	EXP 	line2: autoDraw = True
40.7685 	EXP 	line3: autoDraw = True
40.7685 	EXP 	line4: autoDraw = True
40.7848 	EXP 	fixation: autoDraw = False
41.7687 	INFO 	Keyboard events cleared
41.7685 	EXP 	probe: autoDraw = True
42.2527 	EXP 	Device response: <KeyPress from None: t=42.24532590000308, value=z, duration=None>
42.2530 	EXP 	New trial (rep=4, index=0): <Trial 16 (0 in rep 4) data={'pos': np.int64(-50), 'corr_resp': 'x', 'thisN': 16, 'thisTrialN': 0, 'thisRepN': 4}>
42.2541 	DATA 	Keypress: z
42.2684 	EXP 	fixation: autoDraw = False
42.2684 	EXP 	line1: autoDraw = False
42.2684 	EXP 	line2: autoDraw = False
42.2684 	EXP 	line3: autoDraw = False
42.2684 	EXP 	line4: autoDraw = False
42.2684 	EXP 	probe: autoDraw = False
42.2684 	EXP 	fixation: autoDraw = True
42.4859 	EXP 	Device response: <KeyPress from None: t=42.24532590000308, value=z, duration=0.22518499998841435>
43.2536 	EXP 	line1: autoDraw = True
43.2536 	EXP 	line2: autoDraw = True
43.2536 	EXP 	line3: autoDraw = True
43.2536 	EXP 	line4: autoDraw = True
43.2705 	EXP 	fixation: autoDraw = False
44.2543 	INFO 	Keyboard events cleared
44.2541 	EXP 	probe: autoDraw = True
44.6366 	EXP 	Device response: <KeyPress from None: t=44.63000989999273, value=x, duration=None>
44.6370 	EXP 	New trial (rep=4, index=1): <Trial 17 (1 in rep 4) data={'pos': np.int64(150), 'corr_resp': 'v', 'thisN': 17, 'thisTrialN': 1, 'thisRepN': 4}>
44.6382 	DATA 	Keypress: x
44.6527 	EXP 	fixation: autoDraw = False
44.6527 	EXP 	line1: autoDraw = False
44.6527 	EXP 	line2: autoDraw = False
44.6527 	EXP 	line3: autoDraw = False
44.6527 	EXP 	line4: autoDraw = False
44.6527 	EXP 	probe: autoDraw = False
44.6527 	EXP 	fixation: autoDraw = True
44.8191 	EXP 	Device response: <KeyPress from None: t=44.63000989999273, value=x, duration=0.176652499998454>
45.6371 	EXP 	line1: autoDraw = True
45.6371 	EXP 	line2: autoDraw = True
45.6371 	EXP 	line3: autoDraw = True
45.6371 	EXP 	line4: autoDraw = True
45.6538 	EXP 	fixation: autoDraw = False
46.6371 	INFO 	Keyboard events cleared
46.6369 	EXP 	probe: autoDraw = True
47.3232 	DATA 	Keypress: v
47.3378 	EXP 	Device response: <KeyPress from None: t=47.3212465000106, value=v, duration=None>
47.3384 	EXP 	New trial (rep=4, index=2): <Trial 18 (2 in rep 4) data={'pos': np.int64(50), 'corr_resp': 'c', 'thisN': 18, 'thisTrialN': 2, 'thisRepN': 4}>
47.3521 	EXP 	fixation: autoDraw = False
47.3521 	EXP 	line1: autoDraw = False
47.3521 	EXP 	line2: autoDraw = False
47.3521 	EXP 	line3: autoDraw = False
47.3521 	EXP 	line4: autoDraw = False
47.3521 	EXP 	probe: autoDraw = False
47.3521 	EXP 	fixation: autoDraw = True
47.4701 	EXP 	Device response: <KeyPress from None: t=47.3212465000106, value=v, duration=0.13207179997698404>
48.3535 	EXP 	fixation: autoDraw = False
48.3535 	EXP 	line1: autoDraw = True
48.3535 	EXP 	line2: autoDraw = True
48.3535 	EXP 	line3: autoDraw = True
48.3535 	EXP 	line4: autoDraw = True
49.3532 	INFO 	Keyboard events cleared
49.3530 	EXP 	probe: autoDraw = True
49.8867 	EXP 	Device response: <KeyPress from None: t=49.8720248999889, value=c, duration=None>
49.8874 	EXP 	New trial (rep=4, index=3): <Trial 19 (3 in rep 4) data={'pos': np.int64(-150), 'corr_resp': 'z', 'thisN': 19, 'thisTrialN': 3, 'thisRepN': 4}>
49.8889 	DATA 	Keypress: c
49.9028 	EXP 	fixation: autoDraw = False
49.9028 	EXP 	line1: autoDraw = False
49.9028 	EXP 	line2: autoDraw = False
49.9028 	EXP 	line3: autoDraw = False
49.9028 	EXP 	line4: autoDraw = False
49.9028 	EXP 	probe: autoDraw = False
49.9028 	EXP 	fixation: autoDraw = True
50.0704 	EXP 	Device response: <KeyPress from None: t=49.8720248999889, value=c, duration=0.19168119999812916>
50.8873 	EXP 	line1: autoDraw = True
50.8873 	EXP 	line2: autoDraw = True
50.8873 	EXP 	line3: autoDraw = True
50.8873 	EXP 	line4: autoDraw = True
50.9035 	EXP 	fixation: autoDraw = False
51.8874 	INFO 	Keyboard events cleared
51.8872 	EXP 	probe: autoDraw = True
52.3373 	EXP 	Device response: <KeyPress from None: t=52.333704599994235, value=z, duration=None>
52.3377 	EXP 	New trial (rep=5, index=0): <Trial 20 (0 in rep 5) data={'pos': np.int64(-50), 'corr_resp': 'x', 'thisN': 20, 'thisTrialN': 0, 'thisRepN': 5}>
52.3389 	DATA 	Keypress: z
52.3521 	EXP 	fixation: autoDraw = False
52.3521 	EXP 	line1: autoDraw = False
52.3521 	EXP 	line2: autoDraw = False
52.3521 	EXP 	line3: autoDraw = False
52.3521 	EXP 	line4: autoDraw = False
52.3521 	EXP 	probe: autoDraw = False
52.3521 	EXP 	fixation: autoDraw = True
52.5377 	EXP 	Device response: <KeyPress from None: t=52.333704599994235, value=z, duration=0.19846129999496043>
53.3369 	EXP 	line1: autoDraw = True
53.3369 	EXP 	line2: autoDraw = True
53.3369 	EXP 	line3: autoDraw = True
53.3369 	EXP 	line4: autoDraw = True
53.3532 	EXP 	fixation: autoDraw = False
54.3537 	INFO 	Keyboard events cleared
54.3535 	EXP 	probe: autoDraw = True
54.9036 	EXP 	Device response: <KeyPress from None: t=54.89919140000711, value=x, duration=None>
54.9039 	EXP 	New trial (rep=5, index=1): <Trial 21 (1 in rep 5) data={'pos': np.int64(150), 'corr_resp': 'v', 'thisN': 21, 'thisTrialN': 1, 'thisRepN': 5}>
54.9051 	DATA 	Keypress: x
54.9190 	EXP 	fixation: autoDraw = False
54.9190 	EXP 	line1: autoDraw = False
54.9190 	EXP 	line2: autoDraw = False
54.9190 	EXP 	line3: autoDraw = False
54.9190 	EXP 	line4: autoDraw = False
54.9190 	EXP 	probe: autoDraw = False
54.9190 	EXP 	fixation: autoDraw = True
55.0703 	EXP 	Device response: <KeyPress from None: t=54.89919140000711, value=x, duration=0.16149440000299364>
55.9034 	EXP 	line1: autoDraw = True
55.9034 	EXP 	line2: autoDraw = True
55.9034 	EXP 	line3: autoDraw = True
55.9034 	EXP 	line4: autoDraw = True
55.9204 	EXP 	fixation: autoDraw = False
56.9043 	INFO 	Keyboard events cleared
56.9041 	EXP 	probe: autoDraw = True
57.3374 	EXP 	Device response: <KeyPress from None: t=57.33109089999925, value=v, duration=None>
57.3380 	EXP 	New trial (rep=5, index=2): <Trial 22 (2 in rep 5) data={'pos': np.int64(50), 'corr_resp': 'c', 'thisN': 22, 'thisTrialN': 2, 'thisRepN': 5}>
57.3394 	DATA 	Keypress: v
57.3522 	EXP 	fixation: autoDraw = False
57.3522 	EXP 	line1: autoDraw = False
57.3522 	EXP 	line2: autoDraw = False
57.3522 	EXP 	line3: autoDraw = False
57.3522 	EXP 	line4: autoDraw = False
57.3522 	EXP 	probe: autoDraw = False
57.3522 	EXP 	fixation: autoDraw = True
57.5535 	EXP 	Device response: <KeyPress from None: t=57.33109089999925, value=v, duration=0.21970849999343045>
58.3372 	EXP 	line1: autoDraw = True
58.3372 	EXP 	line2: autoDraw = True
58.3372 	EXP 	line3: autoDraw = True
58.3372 	EXP 	line4: autoDraw = True
58.3534 	EXP 	fixation: autoDraw = False
59.3375 	INFO 	Keyboard events cleared
59.3373 	EXP 	probe: autoDraw = True
59.8208 	EXP 	Device response: <KeyPress from None: t=59.8172144999844, value=c, duration=None>
59.8211 	EXP 	New trial (rep=5, index=3): <Trial 23 (3 in rep 5) data={'pos': np.int64(-150), 'corr_resp': 'z', 'thisN': 23, 'thisTrialN': 3, 'thisRepN': 5}>
59.8224 	DATA 	Keypress: c
59.8355 	EXP 	fixation: autoDraw = False
59.8355 	EXP 	line1: autoDraw = False
59.8355 	EXP 	line2: autoDraw = False
59.8355 	EXP 	line3: autoDraw = False
59.8355 	EXP 	line4: autoDraw = False
59.8355 	EXP 	probe: autoDraw = False
59.8355 	EXP 	fixation: autoDraw = True
60.0382 	EXP 	Device response: <KeyPress from None: t=59.8172144999844, value=c, duration=0.20940459999837913>
60.8367 	EXP 	fixation: autoDraw = False
60.8367 	EXP 	line1: autoDraw = True
60.8367 	EXP 	line2: autoDraw = True
60.8367 	EXP 	line3: autoDraw = True
60.8367 	EXP 	line4: autoDraw = True
61.8207 	INFO 	Keyboard events cleared
61.8205 	EXP 	probe: autoDraw = True
62.2872 	EXP 	Device response: <KeyPress from None: t=62.28157120000105, value=z, duration=None>
62.2876 	EXP 	New trial (rep=6, index=0): <Trial 24 (0 in rep 6) data={'pos': np.int64(-50), 'corr_resp': 'x', 'thisN': 24, 'thisTrialN': 0, 'thisRepN': 6}>
62.2889 	DATA 	Keypress: z
62.3022 	EXP 	fixation: autoDraw = False
62.3022 	EXP 	line1: autoDraw = False
62.3022 	EXP 	line2: autoDraw = False
62.3022 	EXP 	line3: autoDraw = False
62.3022 	EXP 	line4: autoDraw = False
62.3022 	EXP 	probe: autoDraw = False
62.3022 	EXP 	fixation: autoDraw = True
62.4696 	EXP 	Device response: <KeyPress from None: t=62.28157120000105, value=z, duration=0.17776359998970293>
63.2873 	EXP 	line1: autoDraw = True
63.2873 	EXP 	line2: autoDraw = True
63.2873 	EXP 	line3: autoDraw = True
63.2873 	EXP 	line4: autoDraw = True
63.3041 	EXP 	fixation: autoDraw = False
64.2875 	INFO 	Keyboard events cleared
64.2873 	EXP 	probe: autoDraw = True
64.9205 	EXP 	Device response: <KeyPress from None: t=64.91025029998855, value=x, duration=None>
64.9208 	EXP 	New trial (rep=6, index=1): <Trial 25 (1 in rep 6) data={'pos': np.int64(150), 'corr_resp': 'v', 'thisN': 25, 'thisTrialN': 1, 'thisRepN': 6}>
64.9219 	DATA 	Keypress: x
64.9372 	EXP 	fixation: autoDraw = False
64.9372 	EXP 	line1: autoDraw = False
64.9372 	EXP 	line2: autoDraw = False
64.9372 	EXP 	line3: autoDraw = False
64.9372 	EXP 	line4: autoDraw = False
64.9372 	EXP 	probe: autoDraw = False
64.9372 	EXP 	fixation: autoDraw = True
65.0544 	EXP 	Device response: <KeyPress from None: t=64.91025029998855, value=x, duration=0.13106519999564625>
65.9210 	EXP 	line1: autoDraw = True
65.9210 	EXP 	line2: autoDraw = True
65.9210 	EXP 	line3: autoDraw = True
65.9210 	EXP 	line4: autoDraw = True
65.9372 	EXP 	fixation: autoDraw = False
66.9359 	INFO 	Keyboard events cleared
66.9358 	EXP 	probe: autoDraw = True
67.5381 	EXP 	Device response: <KeyPress from None: t=67.53379280000809, value=v, duration=None>
67.5385 	EXP 	New trial (rep=6, index=2): <Trial 26 (2 in rep 6) data={'pos': np.int64(50), 'corr_resp': 'c', 'thisN': 26, 'thisTrialN': 2, 'thisRepN': 6}>
67.5397 	DATA 	Keypress: v
67.5530 	EXP 	fixation: autoDraw = False
67.5530 	EXP 	line1: autoDraw = False
67.5530 	EXP 	line2: autoDraw = False
67.5530 	EXP 	line3: autoDraw = False
67.5530 	EXP 	line4: autoDraw = False
67.5530 	EXP 	probe: autoDraw = False
67.5530 	EXP 	fixation: autoDraw = True
67.7041 	EXP 	Device response: <KeyPress from None: t=67.53379280000809, value=v, duration=0.16408469999441877>
68.5527 	EXP 	fixation: autoDraw = False
68.5527 	EXP 	line1: autoDraw = True
68.5527 	EXP 	line2: autoDraw = True
68.5527 	EXP 	line3: autoDraw = True
68.5527 	EXP 	line4: autoDraw = True
69.5375 	INFO 	Keyboard events cleared
69.5373 	EXP 	probe: autoDraw = True
70.2040 	EXP 	Device response: <KeyPress from None: t=70.19499409999116, value=c, duration=None>
70.2043 	EXP 	New trial (rep=6, index=3): <Trial 27 (3 in rep 6) data={'pos': np.int64(-150), 'corr_resp': 'z', 'thisN': 27, 'thisTrialN': 3, 'thisRepN': 6}>
70.2056 	DATA 	Keypress: c
70.2208 	EXP 	fixation: autoDraw = False
70.2208 	EXP 	line1: autoDraw = False
70.2208 	EXP 	line2: autoDraw = False
70.2208 	EXP 	line3: autoDraw = False
70.2208 	EXP 	line4: autoDraw = False
70.2208 	EXP 	probe: autoDraw = False
70.2208 	EXP 	fixation: autoDraw = True
70.4037 	EXP 	Device response: <KeyPress from None: t=70.19499409999116, value=c, duration=0.19313050000346266>
71.2043 	EXP 	line1: autoDraw = True
71.2043 	EXP 	line2: autoDraw = True
71.2043 	EXP 	line3: autoDraw = True
71.2043 	EXP 	line4: autoDraw = True
71.2207 	EXP 	fixation: autoDraw = False
72.2040 	INFO 	Keyboard events cleared
72.2038 	EXP 	probe: autoDraw = True
72.8203 	EXP 	Device response: <KeyPress from None: t=72.80513699998846, value=z, duration=None>
72.8206 	EXP 	New trial (rep=7, index=0): <Trial 28 (0 in rep 7) data={'pos': np.int64(-50), 'corr_resp': 'x', 'thisN': 28, 'thisTrialN': 0, 'thisRepN': 7}>
72.8224 	DATA 	Keypress: z
72.8359 	EXP 	fixation: autoDraw = False
72.8359 	EXP 	line1: autoDraw = False
72.8359 	EXP 	line2: autoDraw = False
72.8359 	EXP 	line3: autoDraw = False
72.8359 	EXP 	line4: autoDraw = False
72.8359 	EXP 	probe: autoDraw = False
72.8359 	EXP 	fixation: autoDraw = True
72.9533 	EXP 	Device response: <KeyPress from None: t=72.80513699998846, value=z, duration=0.14160659999470226>
73.8205 	EXP 	line1: autoDraw = True
73.8205 	EXP 	line2: autoDraw = True
73.8205 	EXP 	line3: autoDraw = True
73.8205 	EXP 	line4: autoDraw = True
73.8379 	EXP 	fixation: autoDraw = False
74.8206 	INFO 	Keyboard events cleared
74.8204 	EXP 	probe: autoDraw = True
75.4226 	DATA 	Keypress: x
75.4364 	EXP 	Device response: <KeyPress from None: t=75.4213260000106, value=x, duration=None>
75.4369 	EXP 	New trial (rep=7, index=1): <Trial 29 (1 in rep 7) data={'pos': np.int64(150), 'corr_resp': 'v', 'thisN': 29, 'thisTrialN': 1, 'thisRepN': 7}>
75.4531 	EXP 	fixation: autoDraw = False
75.4531 	EXP 	line1: autoDraw = False
75.4531 	EXP 	line2: autoDraw = False
75.4531 	EXP 	line3: autoDraw = False
75.4531 	EXP 	line4: autoDraw = False
75.4531 	EXP 	probe: autoDraw = False
75.4531 	EXP 	fixation: autoDraw = True
75.6050 	EXP 	Device response: <KeyPress from None: t=75.4213260000106, value=x, duration=0.1729353999835439>
76.4372 	EXP 	line1: autoDraw = True
76.4372 	EXP 	line2: autoDraw = True
76.4372 	EXP 	line3: autoDraw = True
76.4372 	EXP 	line4: autoDraw = True
76.4542 	EXP 	fixation: autoDraw = False
77.4378 	INFO 	Keyboard events cleared
77.4376 	EXP 	probe: autoDraw = True
78.0046 	EXP 	Device response: <KeyPress from None: t=77.99955449998379, value=v, duration=None>
78.0051 	EXP 	New trial (rep=7, index=2): <Trial 30 (2 in rep 7) data={'pos': np.int64(50), 'corr_resp': 'c', 'thisN': 30, 'thisTrialN': 2, 'thisRepN': 7}>
78.0065 	DATA 	Keypress: v
78.0207 	EXP 	fixation: autoDraw = False
78.0207 	EXP 	line1: autoDraw = False
78.0207 	EXP 	line2: autoDraw = False
78.0207 	EXP 	line3: autoDraw = False
78.0207 	EXP 	line4: autoDraw = False
78.0207 	EXP 	probe: autoDraw = False
78.0207 	EXP 	fixation: autoDraw = True
78.2044 	EXP 	Device response: <KeyPress from None: t=77.99955449998379, value=v, duration=0.1900002000038512>
79.0206 	EXP 	fixation: autoDraw = False
79.0206 	EXP 	line1: autoDraw = True
79.0206 	EXP 	line2: autoDraw = True
79.0206 	EXP 	line3: autoDraw = True
79.0206 	EXP 	line4: autoDraw = True
80.0045 	INFO 	Keyboard events cleared
80.0043 	EXP 	probe: autoDraw = True
80.6399 	DATA 	Keypress: c
80.6542 	EXP 	Device response: <KeyPress from None: t=80.63818539999193, value=c, duration=None>
80.6546 	EXP 	New trial (rep=7, index=3): <Trial 31 (3 in rep 7) data={'pos': np.int64(-150), 'corr_resp': 'z', 'thisN': 31, 'thisTrialN': 3, 'thisRepN': 7}>
80.6703 	EXP 	fixation: autoDraw = False
80.6703 	EXP 	line1: autoDraw = False
80.6703 	EXP 	line2: autoDraw = False
80.6703 	EXP 	line3: autoDraw = False
80.6703 	EXP 	line4: autoDraw = False
80.6703 	EXP 	probe: autoDraw = False
80.6703 	EXP 	fixation: autoDraw = True
80.8377 	EXP 	Device response: <KeyPress from None: t=80.63818539999193, value=c, duration=0.19864799999049865>
81.6543 	EXP 	line1: autoDraw = True
81.6543 	EXP 	line2: autoDraw = True
81.6543 	EXP 	line3: autoDraw = True
81.6543 	EXP 	line4: autoDraw = True
81.6706 	EXP 	fixation: autoDraw = False
82.6537 	INFO 	Keyboard events cleared
82.6535 	EXP 	probe: autoDraw = True
83.3703 	EXP 	Device response: <KeyPress from None: t=83.3606746000005, value=z, duration=None>
83.3707 	EXP 	New trial (rep=8, index=0): <Trial 32 (0 in rep 8) data={'pos': np.int64(-50), 'corr_resp': 'x', 'thisN': 32, 'thisTrialN': 0, 'thisRepN': 8}>
83.3719 	DATA 	Keypress: z
83.3864 	EXP 	fixation: autoDraw = False
83.3864 	EXP 	line1: autoDraw = False
83.3864 	EXP 	line2: autoDraw = False
83.3864 	EXP 	line3: autoDraw = False
83.3864 	EXP 	line4: autoDraw = False
83.3864 	EXP 	probe: autoDraw = False
83.3864 	EXP 	fixation: autoDraw = True
83.5540 	EXP 	Device response: <KeyPress from None: t=83.3606746000005, value=z, duration=0.17576280000503175>
84.3710 	EXP 	line1: autoDraw = True
84.3710 	EXP 	line2: autoDraw = True
84.3710 	EXP 	line3: autoDraw = True
84.3710 	EXP 	line4: autoDraw = True
84.3861 	EXP 	fixation: autoDraw = False
85.3711 	INFO 	Keyboard events cleared
85.3709 	EXP 	probe: autoDraw = True
86.0202 	EXP 	Device response: <KeyPress from None: t=86.00513549998868, value=x, duration=None>
86.0205 	EXP 	New trial (rep=8, index=1): <Trial 33 (1 in rep 8) data={'pos': np.int64(150), 'corr_resp': 'v', 'thisN': 33, 'thisTrialN': 1, 'thisRepN': 8}>
86.0216 	DATA 	Keypress: x
86.0377 	EXP 	fixation: autoDraw = False
86.0377 	EXP 	line1: autoDraw = False
86.0377 	EXP 	line2: autoDraw = False
86.0377 	EXP 	line3: autoDraw = False
86.0377 	EXP 	line4: autoDraw = False
86.0377 	EXP 	probe: autoDraw = False
86.0377 	EXP 	fixation: autoDraw = True
86.1873 	EXP 	Device response: <KeyPress from None: t=86.00513549998868, value=x, duration=0.1785641000024043>
87.0209 	EXP 	line1: autoDraw = True
87.0209 	EXP 	line2: autoDraw = True
87.0209 	EXP 	line3: autoDraw = True
87.0209 	EXP 	line4: autoDraw = True
87.0379 	EXP 	fixation: autoDraw = False
88.0195 	INFO 	Keyboard events cleared
88.0193 	EXP 	probe: autoDraw = True
88.6870 	EXP 	Device response: <KeyPress from None: t=88.6776375999907, value=v, duration=None>
88.6874 	EXP 	New trial (rep=8, index=2): <Trial 34 (2 in rep 8) data={'pos': np.int64(50), 'corr_resp': 'c', 'thisN': 34, 'thisTrialN': 2, 'thisRepN': 8}>
88.6885 	DATA 	Keypress: v
88.7045 	EXP 	fixation: autoDraw = False
88.7045 	EXP 	line1: autoDraw = False
88.7045 	EXP 	line2: autoDraw = False
88.7045 	EXP 	line3: autoDraw = False
88.7045 	EXP 	line4: autoDraw = False
88.7045 	EXP 	probe: autoDraw = False
88.7045 	EXP 	fixation: autoDraw = True
88.9205 	EXP 	Device response: <KeyPress from None: t=88.6776375999907, value=v, duration=0.2327928000013344>
89.6878 	EXP 	line1: autoDraw = True
89.6878 	EXP 	line2: autoDraw = True
89.6878 	EXP 	line3: autoDraw = True
89.6878 	EXP 	line4: autoDraw = True
89.7037 	EXP 	fixation: autoDraw = False
90.6871 	INFO 	Keyboard events cleared
90.6869 	EXP 	probe: autoDraw = True
91.2719 	EXP 	Device response: <KeyPress from None: t=91.2621891000017, value=c, duration=None>
91.2724 	EXP 	New trial (rep=8, index=3): <Trial 35 (3 in rep 8) data={'pos': np.int64(-150), 'corr_resp': 'z', 'thisN': 35, 'thisTrialN': 3, 'thisRepN': 8}>
91.2737 	DATA 	Keypress: c
91.2865 	EXP 	fixation: autoDraw = False
91.2865 	EXP 	line1: autoDraw = False
91.2865 	EXP 	line2: autoDraw = False
91.2865 	EXP 	line3: autoDraw = False
91.2865 	EXP 	line4: autoDraw = False
91.2865 	EXP 	probe: autoDraw = False
91.2865 	EXP 	fixation: autoDraw = True
91.4876 	EXP 	Device response: <KeyPress from None: t=91.2621891000017, value=c, duration=0.22449839999899268>
92.2877 	EXP 	fixation: autoDraw = False
92.2877 	EXP 	line1: autoDraw = True
92.2877 	EXP 	line2: autoDraw = True
92.2877 	EXP 	line3: autoDraw = True
92.2877 	EXP 	line4: autoDraw = True
93.2877 	INFO 	Keyboard events cleared
93.2875 	EXP 	probe: autoDraw = True
93.8375 	EXP 	Device response: <KeyPress from None: t=93.8340523999941, value=z, duration=None>
93.8380 	EXP 	New trial (rep=9, index=0): <Trial 36 (0 in rep 9) data={'pos': np.int64(-50), 'corr_resp': 'x', 'thisN': 36, 'thisTrialN': 0, 'thisRepN': 9}>
93.8392 	DATA 	Keypress: z
93.8533 	EXP 	fixation: autoDraw = False
93.8533 	EXP 	line1: autoDraw = False
93.8533 	EXP 	line2: autoDraw = False
93.8533 	EXP 	line3: autoDraw = False
93.8533 	EXP 	line4: autoDraw = False
93.8533 	EXP 	probe: autoDraw = False
93.8533 	EXP 	fixation: autoDraw = True
94.0043 	EXP 	Device response: <KeyPress from None: t=93.8340523999941, value=z, duration=0.16260440001497045>
94.8379 	EXP 	line1: autoDraw = True
94.8379 	EXP 	line2: autoDraw = True
94.8379 	EXP 	line3: autoDraw = True
94.8379 	EXP 	line4: autoDraw = True
94.8546 	EXP 	fixation: autoDraw = False
95.8376 	INFO 	Keyboard events cleared
95.8374 	EXP 	probe: autoDraw = True
96.3038 	EXP 	Device response: <KeyPress from None: t=96.30290429998422, value=x, duration=None>
96.3042 	EXP 	New trial (rep=9, index=1): <Trial 37 (1 in rep 9) data={'pos': np.int64(150), 'corr_resp': 'v', 'thisN': 37, 'thisTrialN': 1, 'thisRepN': 9}>
96.3054 	DATA 	Keypress: x
96.3201 	EXP 	fixation: autoDraw = False
96.3201 	EXP 	line1: autoDraw = False
96.3201 	EXP 	line2: autoDraw = False
96.3201 	EXP 	line3: autoDraw = False
96.3201 	EXP 	line4: autoDraw = False
96.3201 	EXP 	probe: autoDraw = False
96.3201 	EXP 	fixation: autoDraw = True
96.4208 	EXP 	Device response: <KeyPress from None: t=96.30290429998422, value=x, duration=0.11153260001447052>
97.3050 	EXP 	line1: autoDraw = True
97.3050 	EXP 	line2: autoDraw = True
97.3050 	EXP 	line3: autoDraw = True
97.3050 	EXP 	line4: autoDraw = True
97.3198 	EXP 	fixation: autoDraw = False
98.3048 	INFO 	Keyboard events cleared
98.3045 	EXP 	probe: autoDraw = True
98.8218 	EXP 	Device response: <KeyPress from None: t=98.81390259999898, value=v, duration=None>
98.8223 	EXP 	New trial (rep=9, index=2): <Trial 38 (2 in rep 9) data={'pos': np.int64(50), 'corr_resp': 'c', 'thisN': 38, 'thisTrialN': 2, 'thisRepN': 9}>
98.8237 	DATA 	Keypress: v
98.8362 	EXP 	fixation: autoDraw = False
98.8362 	EXP 	line1: autoDraw = False
98.8362 	EXP 	line2: autoDraw = False
98.8362 	EXP 	line3: autoDraw = False
98.8362 	EXP 	line4: autoDraw = False
98.8362 	EXP 	probe: autoDraw = False
98.8362 	EXP 	fixation: autoDraw = True
98.9715 	EXP 	Device response: <KeyPress from None: t=98.81390259999898, value=v, duration=0.1509682000032626>
99.8379 	EXP 	fixation: autoDraw = False
99.8379 	EXP 	line1: autoDraw = True
99.8379 	EXP 	line2: autoDraw = True
99.8379 	EXP 	line3: autoDraw = True
99.8379 	EXP 	line4: autoDraw = True
100.8215 	INFO 	Keyboard events cleared
100.8213 	EXP 	probe: autoDraw = True
101.3381 	EXP 	Device response: <KeyPress from None: t=101.3241563999909, value=c, duration=None>
101.3386 	EXP 	New trial (rep=9, index=3): <Trial 39 (3 in rep 9) data={'pos': np.int64(-150), 'corr_resp': 'z', 'thisN': 39, 'thisTrialN': 3, 'thisRepN': 9}>
101.3400 	DATA 	Keypress: c
101.3535 	EXP 	fixation: autoDraw = False
101.3535 	EXP 	line1: autoDraw = False
101.3535 	EXP 	line2: autoDraw = False
101.3535 	EXP 	line3: autoDraw = False
101.3535 	EXP 	line4: autoDraw = False
101.3535 	EXP 	probe: autoDraw = False
101.3535 	EXP 	fixation: autoDraw = True
101.5057 	EXP 	Device response: <KeyPress from None: t=101.3241563999909, value=c, duration=0.17165649999515153>
102.3376 	EXP 	line1: autoDraw = True
102.3376 	EXP 	line2: autoDraw = True
102.3376 	EXP 	line3: autoDraw = True
102.3376 	EXP 	line4: autoDraw = True
102.3541 	EXP 	fixation: autoDraw = False
103.3382 	INFO 	Keyboard events cleared
103.3380 	EXP 	probe: autoDraw = True
103.7887 	EXP 	Device response: <KeyPress from None: t=103.77815659999033, value=z, duration=None>
103.7892 	EXP 	New trial (rep=10, index=0): <Trial 40 (0 in rep 10) data={'pos': np.int64(-50), 'corr_resp': 'x', 'thisN': 40, 'thisTrialN': 0, 'thisRepN': 10}>
103.7909 	DATA 	Keypress: z
103.8051 	EXP 	fixation: autoDraw = False
103.8051 	EXP 	line1: autoDraw = False
103.8051 	EXP 	line2: autoDraw = False
103.8051 	EXP 	line3: autoDraw = False
103.8051 	EXP 	line4: autoDraw = False
103.8051 	EXP 	probe: autoDraw = False
103.8051 	EXP 	fixation: autoDraw = True
103.9203 	EXP 	Device response: <KeyPress from None: t=103.77815659999033, value=z, duration=0.13116740001714788>
104.8047 	EXP 	fixation: autoDraw = False
104.8047 	EXP 	line1: autoDraw = True
104.8047 	EXP 	line2: autoDraw = True
104.8047 	EXP 	line3: autoDraw = True
104.8047 	EXP 	line4: autoDraw = True
105.8050 	INFO 	Keyboard events cleared
105.8048 	EXP 	probe: autoDraw = True
106.3375 	EXP 	Device response: <KeyPress from None: t=106.32380209999974, value=x, duration=None>
106.3379 	EXP 	New trial (rep=10, index=1): <Trial 41 (1 in rep 10) data={'pos': np.int64(150), 'corr_resp': 'v', 'thisN': 41, 'thisTrialN': 1, 'thisRepN': 10}>
106.3391 	DATA 	Keypress: x
106.3531 	EXP 	fixation: autoDraw = False
106.3531 	EXP 	line1: autoDraw = False
106.3531 	EXP 	line2: autoDraw = False
106.3531 	EXP 	line3: autoDraw = False
106.3531 	EXP 	line4: autoDraw = False
106.3531 	EXP 	probe: autoDraw = False
106.3531 	EXP 	fixation: autoDraw = True
106.4699 	EXP 	Device response: <KeyPress from None: t=106.32380209999974, value=x, duration=0.13151869998546317>
107.3380 	EXP 	line1: autoDraw = True
107.3380 	EXP 	line2: autoDraw = True
107.3380 	EXP 	line3: autoDraw = True
107.3380 	EXP 	line4: autoDraw = True
107.3542 	EXP 	fixation: autoDraw = False
108.3380 	INFO 	Keyboard events cleared
108.3378 	EXP 	probe: autoDraw = True
108.9394 	DATA 	Keypress: v
108.9543 	EXP 	Device response: <KeyPress from None: t=108.93875410000328, value=v, duration=None>
108.9547 	EXP 	New trial (rep=10, index=2): <Trial 42 (2 in rep 10) data={'pos': np.int64(50), 'corr_resp': 'c', 'thisN': 42, 'thisTrialN': 2, 'thisRepN': 10}>
108.9701 	EXP 	fixation: autoDraw = False
108.9701 	EXP 	line1: autoDraw = False
108.9701 	EXP 	line2: autoDraw = False
108.9701 	EXP 	line3: autoDraw = False
108.9701 	EXP 	line4: autoDraw = False
108.9701 	EXP 	probe: autoDraw = False
108.9701 	EXP 	fixation: autoDraw = True
109.1545 	EXP 	Device response: <KeyPress from None: t=108.93875410000328, value=v, duration=0.19931080000242218>
109.9547 	EXP 	line1: autoDraw = True
109.9547 	EXP 	line2: autoDraw = True
109.9547 	EXP 	line3: autoDraw = True
109.9547 	EXP 	line4: autoDraw = True
109.9715 	EXP 	fixation: autoDraw = False
110.9544 	INFO 	Keyboard events cleared
110.9542 	EXP 	probe: autoDraw = True
111.4707 	EXP 	Device response: <KeyPress from None: t=111.46075870000641, value=c, duration=None>
111.4711 	EXP 	New trial (rep=10, index=3): <Trial 43 (3 in rep 10) data={'pos': np.int64(-150), 'corr_resp': 'z', 'thisN': 43, 'thisTrialN': 3, 'thisRepN': 10}>
111.4722 	DATA 	Keypress: c
111.4879 	EXP 	fixation: autoDraw = False
111.4879 	EXP 	line1: autoDraw = False
111.4879 	EXP 	line2: autoDraw = False
111.4879 	EXP 	line3: autoDraw = False
111.4879 	EXP 	line4: autoDraw = False
111.4879 	EXP 	probe: autoDraw = False
111.4879 	EXP 	fixation: autoDraw = True
111.6552 	EXP 	Device response: <KeyPress from None: t=111.46075870000641, value=c, duration=0.19055679999291897>
112.4718 	EXP 	line1: autoDraw = True
112.4718 	EXP 	line2: autoDraw = True
112.4718 	EXP 	line3: autoDraw = True
112.4718 	EXP 	line4: autoDraw = True
112.4862 	EXP 	fixation: autoDraw = False
113.4713 	INFO 	Keyboard events cleared
113.4711 	EXP 	probe: autoDraw = True
113.8052 	EXP 	Device response: <KeyPress from None: t=113.79973060000339, value=z, duration=None>
113.8057 	EXP 	New trial (rep=11, index=0): <Trial 44 (0 in rep 11) data={'pos': np.int64(-50), 'corr_resp': 'x', 'thisN': 44, 'thisTrialN': 0, 'thisRepN': 11}>
113.8070 	DATA 	Keypress: z
113.8203 	EXP 	fixation: autoDraw = False
113.8203 	EXP 	line1: autoDraw = False
113.8203 	EXP 	line2: autoDraw = False
113.8203 	EXP 	line3: autoDraw = False
113.8203 	EXP 	line4: autoDraw = False
113.8203 	EXP 	probe: autoDraw = False
113.8203 	EXP 	fixation: autoDraw = True
114.0387 	EXP 	Device response: <KeyPress from None: t=113.79973060000339, value=z, duration=0.22690360000706278>
114.8048 	EXP 	line1: autoDraw = True
114.8048 	EXP 	line2: autoDraw = True
114.8048 	EXP 	line3: autoDraw = True
114.8048 	EXP 	line4: autoDraw = True
114.8210 	EXP 	fixation: autoDraw = False
115.8051 	INFO 	Keyboard events cleared
115.8048 	EXP 	probe: autoDraw = True
116.2051 	DATA 	Keypress: x
116.2210 	EXP 	Device response: <KeyPress from None: t=116.2045101999829, value=x, duration=None>
116.2213 	EXP 	New trial (rep=11, index=1): <Trial 45 (1 in rep 11) data={'pos': np.int64(150), 'corr_resp': 'v', 'thisN': 45, 'thisTrialN': 1, 'thisRepN': 11}>
116.2375 	EXP 	fixation: autoDraw = False
116.2375 	EXP 	line1: autoDraw = False
116.2375 	EXP 	line2: autoDraw = False
116.2375 	EXP 	line3: autoDraw = False
116.2375 	EXP 	line4: autoDraw = False
116.2375 	EXP 	probe: autoDraw = False
116.2375 	EXP 	fixation: autoDraw = True
116.3548 	EXP 	Device response: <KeyPress from None: t=116.2045101999829, value=x, duration=0.14690180000616238>
117.2216 	EXP 	line1: autoDraw = True
117.2216 	EXP 	line2: autoDraw = True
117.2216 	EXP 	line3: autoDraw = True
117.2216 	EXP 	line4: autoDraw = True
117.2369 	EXP 	fixation: autoDraw = False
118.2383 	INFO 	Keyboard events cleared
118.2381 	EXP 	probe: autoDraw = True
118.7714 	EXP 	Device response: <KeyPress from None: t=118.76532509998651, value=v, duration=None>
118.7717 	EXP 	New trial (rep=11, index=2): <Trial 46 (2 in rep 11) data={'pos': np.int64(50), 'corr_resp': 'c', 'thisN': 46, 'thisTrialN': 2, 'thisRepN': 11}>
118.7730 	DATA 	Keypress: v
118.7864 	EXP 	fixation: autoDraw = False
118.7864 	EXP 	line1: autoDraw = False
118.7864 	EXP 	line2: autoDraw = False
118.7864 	EXP 	line3: autoDraw = False
118.7864 	EXP 	line4: autoDraw = False
118.7864 	EXP 	probe: autoDraw = False
118.7864 	EXP 	fixation: autoDraw = True
119.0038 	EXP 	Device response: <KeyPress from None: t=118.76532509998651, value=v, duration=0.22646700000041164>
119.7710 	EXP 	line1: autoDraw = True
119.7710 	EXP 	line2: autoDraw = True
119.7710 	EXP 	line3: autoDraw = True
119.7710 	EXP 	line4: autoDraw = True
119.7879 	EXP 	fixation: autoDraw = False
120.7698 	INFO 	Keyboard events cleared
120.7696 	EXP 	probe: autoDraw = True
121.3384 	EXP 	Device response: <KeyPress from None: t=121.32971109999926, value=c, duration=None>
121.3388 	EXP 	New trial (rep=11, index=3): <Trial 47 (3 in rep 11) data={'pos': np.int64(-150), 'corr_resp': 'z', 'thisN': 47, 'thisTrialN': 3, 'thisRepN': 11}>
121.3400 	DATA 	Keypress: c
121.3538 	EXP 	fixation: autoDraw = False
121.3538 	EXP 	line1: autoDraw = False
121.3538 	EXP 	line2: autoDraw = False
121.3538 	EXP 	line3: autoDraw = False
121.3538 	EXP 	line4: autoDraw = False
121.3538 	EXP 	probe: autoDraw = False
121.3538 	EXP 	fixation: autoDraw = True
121.5378 	EXP 	Device response: <KeyPress from None: t=121.32971109999926, value=c, duration=0.19849919999251142>
122.3549 	EXP 	fixation: autoDraw = False
122.3549 	EXP 	line1: autoDraw = True
122.3549 	EXP 	line2: autoDraw = True
122.3549 	EXP 	line3: autoDraw = True
122.3549 	EXP 	line4: autoDraw = True
123.3548 	INFO 	Keyboard events cleared
123.3546 	EXP 	probe: autoDraw = True
123.7054 	EXP 	Device response: <KeyPress from None: t=123.70348199998261, value=z, duration=None>
123.7057 	EXP 	New trial (rep=12, index=0): <Trial 48 (0 in rep 12) data={'pos': np.int64(-50), 'corr_resp': 'x', 'thisN': 48, 'thisTrialN': 0, 'thisRepN': 12}>
123.7068 	DATA 	Keypress: z
123.7205 	EXP 	fixation: autoDraw = False
123.7205 	EXP 	line1: autoDraw = False
123.7205 	EXP 	line2: autoDraw = False
123.7205 	EXP 	line3: autoDraw = False
123.7205 	EXP 	line4: autoDraw = False
123.7205 	EXP 	probe: autoDraw = False
123.7205 	EXP 	fixation: autoDraw = True
123.9047 	EXP 	Device response: <KeyPress from None: t=123.70348199998261, value=z, duration=0.1845268000033684>
124.7049 	EXP 	line1: autoDraw = True
124.7049 	EXP 	line2: autoDraw = True
124.7049 	EXP 	line3: autoDraw = True
124.7049 	EXP 	line4: autoDraw = True
124.7217 	EXP 	fixation: autoDraw = False
125.7055 	INFO 	Keyboard events cleared
125.7052 	EXP 	probe: autoDraw = True
125.9886 	EXP 	Device response: <KeyPress from None: t=125.98750379998819, value=x, duration=None>
125.9891 	EXP 	New trial (rep=12, index=1): <Trial 49 (1 in rep 12) data={'pos': np.int64(150), 'corr_resp': 'v', 'thisN': 49, 'thisTrialN': 1, 'thisRepN': 12}>
125.9906 	DATA 	Keypress: x
126.0038 	EXP 	fixation: autoDraw = False
126.0038 	EXP 	line1: autoDraw = False
126.0038 	EXP 	line2: autoDraw = False
126.0038 	EXP 	line3: autoDraw = False
126.0038 	EXP 	line4: autoDraw = False
126.0038 	EXP 	probe: autoDraw = False
126.0038 	EXP 	fixation: autoDraw = True
126.1041 	EXP 	Device response: <KeyPress from None: t=125.98750379998819, value=x, duration=0.10603570000967011>
127.0051 	EXP 	fixation: autoDraw = False
127.0051 	EXP 	line1: autoDraw = True
127.0051 	EXP 	line2: autoDraw = True
127.0051 	EXP 	line3: autoDraw = True
127.0051 	EXP 	line4: autoDraw = True
127.9886 	INFO 	Keyboard events cleared
127.9883 	EXP 	probe: autoDraw = True
128.5727 	EXP 	Device response: <KeyPress from None: t=128.5630622000026, value=v, duration=None>
128.5731 	EXP 	New trial (rep=12, index=2): <Trial 50 (2 in rep 12) data={'pos': np.int64(50), 'corr_resp': 'c', 'thisN': 50, 'thisTrialN': 2, 'thisRepN': 12}>
128.5743 	DATA 	Keypress: v
128.5865 	EXP 	fixation: autoDraw = False
128.5865 	EXP 	line1: autoDraw = False
128.5865 	EXP 	line2: autoDraw = False
128.5865 	EXP 	line3: autoDraw = False
128.5865 	EXP 	line4: autoDraw = False
128.5865 	EXP 	probe: autoDraw = False
128.5865 	EXP 	fixation: autoDraw = True
128.7878 	EXP 	Device response: <KeyPress from None: t=128.5630622000026, value=v, duration=0.20873159999609925>
129.5884 	EXP 	fixation: autoDraw = False
129.5884 	EXP 	line1: autoDraw = True
129.5884 	EXP 	line2: autoDraw = True
129.5884 	EXP 	line3: autoDraw = True
129.5884 	EXP 	line4: autoDraw = True
130.5886 	INFO 	Keyboard events cleared
130.5884 	EXP 	probe: autoDraw = True
130.9887 	EXP 	Device response: <KeyPress from None: t=130.9782411000051, value=c, duration=None>
130.9892 	EXP 	New trial (rep=12, index=3): <Trial 51 (3 in rep 12) data={'pos': np.int64(-150), 'corr_resp': 'z', 'thisN': 51, 'thisTrialN': 3, 'thisRepN': 12}>
130.9906 	DATA 	Keypress: c
131.0039 	EXP 	fixation: autoDraw = False
131.0039 	EXP 	line1: autoDraw = False
131.0039 	EXP 	line2: autoDraw = False
131.0039 	EXP 	line3: autoDraw = False
131.0039 	EXP 	line4: autoDraw = False
131.0039 	EXP 	probe: autoDraw = False
131.0039 	EXP 	fixation: autoDraw = True
131.1378 	EXP 	Device response: <KeyPress from None: t=130.9782411000051, value=c, duration=0.15699009998934343>
132.0045 	EXP 	fixation: autoDraw = False
132.0045 	EXP 	line1: autoDraw = True
132.0045 	EXP 	line2: autoDraw = True
132.0045 	EXP 	line3: autoDraw = True
132.0045 	EXP 	line4: autoDraw = True
132.9885 	INFO 	Keyboard events cleared
132.9883 	EXP 	probe: autoDraw = True
133.4712 	EXP 	Device response: <KeyPress from None: t=133.46409950000816, value=z, duration=None>
133.4716 	EXP 	New trial (rep=13, index=0): <Trial 52 (0 in rep 13) data={'pos': np.int64(-50), 'corr_resp': 'x', 'thisN': 52, 'thisTrialN': 0, 'thisRepN': 13}>
133.4728 	DATA 	Keypress: z
133.4866 	EXP 	fixation: autoDraw = False
133.4866 	EXP 	line1: autoDraw = False
133.4866 	EXP 	line2: autoDraw = False
133.4866 	EXP 	line3: autoDraw = False
133.4866 	EXP 	line4: autoDraw = False
133.4866 	EXP 	probe: autoDraw = False
133.4866 	EXP 	fixation: autoDraw = True
133.6376 	EXP 	Device response: <KeyPress from None: t=133.46409950000816, value=z, duration=0.16627649997826666>
134.4717 	EXP 	line1: autoDraw = True
134.4717 	EXP 	line2: autoDraw = True
134.4717 	EXP 	line3: autoDraw = True
134.4717 	EXP 	line4: autoDraw = True
134.4883 	EXP 	fixation: autoDraw = False
135.4703 	INFO 	Keyboard events cleared
135.4701 	EXP 	probe: autoDraw = True
135.8934 	EXP 	Device response: <KeyPress from None: t=135.8874133999925, value=x, duration=None>
135.8965 	DATA 	Keypress: x
135.9062 	EXP 	New trial (rep=13, index=1): <Trial 53 (1 in rep 13) data={'pos': np.int64(150), 'corr_resp': 'v', 'thisN': 53, 'thisTrialN': 1, 'thisRepN': 13}>
135.9199 	EXP 	fixation: autoDraw = False
135.9199 	EXP 	line1: autoDraw = False
135.9199 	EXP 	line2: autoDraw = False
135.9199 	EXP 	line3: autoDraw = False
135.9199 	EXP 	line4: autoDraw = False
135.9199 	EXP 	probe: autoDraw = False
135.9199 	EXP 	fixation: autoDraw = True
136.0377 	EXP 	Device response: <KeyPress from None: t=135.8874133999925, value=x, duration=0.1372411999909673>
136.9206 	EXP 	fixation: autoDraw = False
136.9206 	EXP 	line1: autoDraw = True
136.9206 	EXP 	line2: autoDraw = True
136.9206 	EXP 	line3: autoDraw = True
136.9206 	EXP 	line4: autoDraw = True
137.9206 	INFO 	Keyboard events cleared
137.9204 	EXP 	probe: autoDraw = True
138.1880 	EXP 	Device response: <KeyPress from None: t=138.17595450000954, value=v, duration=None>
138.1883 	EXP 	New trial (rep=13, index=2): <Trial 54 (2 in rep 13) data={'pos': np.int64(50), 'corr_resp': 'c', 'thisN': 54, 'thisTrialN': 2, 'thisRepN': 13}>
138.1897 	DATA 	Keypress: v
138.2031 	EXP 	fixation: autoDraw = False
138.2031 	EXP 	line1: autoDraw = False
138.2031 	EXP 	line2: autoDraw = False
138.2031 	EXP 	line3: autoDraw = False
138.2031 	EXP 	line4: autoDraw = False
138.2031 	EXP 	probe: autoDraw = False
138.2031 	EXP 	fixation: autoDraw = True
138.3037 	EXP 	Device response: <KeyPress from None: t=138.17595450000954, value=v, duration=0.11562949998187833>
139.1866 	EXP 	line1: autoDraw = True
139.1866 	EXP 	line2: autoDraw = True
139.1866 	EXP 	line3: autoDraw = True
139.1866 	EXP 	line4: autoDraw = True
139.2032 	EXP 	fixation: autoDraw = False
140.2039 	INFO 	Keyboard events cleared
140.2038 	EXP 	probe: autoDraw = True
140.4868 	EXP 	Device response: <KeyPress from None: t=140.4858846999996, value=c, duration=None>
140.4870 	EXP 	New trial (rep=13, index=3): <Trial 55 (3 in rep 13) data={'pos': np.int64(-150), 'corr_resp': 'z', 'thisN': 55, 'thisTrialN': 3, 'thisRepN': 13}>
140.4882 	DATA 	Keypress: c
140.5038 	EXP 	fixation: autoDraw = False
140.5038 	EXP 	line1: autoDraw = False
140.5038 	EXP 	line2: autoDraw = False
140.5038 	EXP 	line3: autoDraw = False
140.5038 	EXP 	line4: autoDraw = False
140.5038 	EXP 	probe: autoDraw = False
140.5038 	EXP 	fixation: autoDraw = True
140.6711 	EXP 	Device response: <KeyPress from None: t=140.4858846999996, value=c, duration=0.17527169999084435>
141.4861 	EXP 	line1: autoDraw = True
141.4861 	EXP 	line2: autoDraw = True
141.4861 	EXP 	line3: autoDraw = True
141.4861 	EXP 	line4: autoDraw = True
141.5210 	EXP 	fixation: autoDraw = False
142.4870 	INFO 	Keyboard events cleared
142.4868 	EXP 	probe: autoDraw = True
142.8201 	EXP 	Device response: <KeyPress from None: t=142.8130819000071, value=z, duration=None>
142.8204 	EXP 	New trial (rep=14, index=0): <Trial 56 (0 in rep 14) data={'pos': np.int64(-50), 'corr_resp': 'x', 'thisN': 56, 'thisTrialN': 0, 'thisRepN': 14}>
142.8213 	DATA 	Keypress: z
142.8364 	EXP 	fixation: autoDraw = False
142.8364 	EXP 	line1: autoDraw = False
142.8364 	EXP 	line2: autoDraw = False
142.8364 	EXP 	line3: autoDraw = False
142.8364 	EXP 	line4: autoDraw = False
142.8364 	EXP 	probe: autoDraw = False
142.8364 	EXP 	fixation: autoDraw = True
142.9867 	EXP 	Device response: <KeyPress from None: t=142.8130819000071, value=z, duration=0.16520629997830838>
143.8200 	EXP 	line1: autoDraw = True
143.8200 	EXP 	line2: autoDraw = True
143.8200 	EXP 	line3: autoDraw = True
143.8200 	EXP 	line4: autoDraw = True
143.8375 	EXP 	fixation: autoDraw = False
144.8216 	INFO 	Keyboard events cleared
144.8215 	EXP 	probe: autoDraw = True
145.1205 	EXP 	Device response: <KeyPress from None: t=145.11216419999255, value=x, duration=None>
145.1207 	EXP 	New trial (rep=14, index=1): <Trial 57 (1 in rep 14) data={'pos': np.int64(150), 'corr_resp': 'v', 'thisN': 57, 'thisTrialN': 1, 'thisRepN': 14}>
145.1216 	DATA 	Keypress: x
145.1373 	EXP 	fixation: autoDraw = False
145.1373 	EXP 	line1: autoDraw = False
145.1373 	EXP 	line2: autoDraw = False
145.1373 	EXP 	line3: autoDraw = False
145.1373 	EXP 	line4: autoDraw = False
145.1373 	EXP 	probe: autoDraw = False
145.1373 	EXP 	fixation: autoDraw = True
145.3204 	EXP 	Device response: <KeyPress from None: t=145.11216419999255, value=x, duration=0.19468320001033135>
146.1203 	EXP 	line1: autoDraw = True
146.1203 	EXP 	line2: autoDraw = True
146.1203 	EXP 	line3: autoDraw = True
146.1203 	EXP 	line4: autoDraw = True
146.1365 	EXP 	fixation: autoDraw = False
147.1203 	INFO 	Keyboard events cleared
147.1202 	EXP 	probe: autoDraw = True
147.4706 	EXP 	Device response: <KeyPress from None: t=147.46131610000157, value=v, duration=None>
147.4709 	EXP 	New trial (rep=14, index=2): <Trial 58 (2 in rep 14) data={'pos': np.int64(50), 'corr_resp': 'c', 'thisN': 58, 'thisTrialN': 2, 'thisRepN': 14}>
147.4720 	DATA 	Keypress: v
147.4873 	EXP 	fixation: autoDraw = False
147.4873 	EXP 	line1: autoDraw = False
147.4873 	EXP 	line2: autoDraw = False
147.4873 	EXP 	line3: autoDraw = False
147.4873 	EXP 	line4: autoDraw = False
147.4873 	EXP 	probe: autoDraw = False
147.4873 	EXP 	fixation: autoDraw = True
147.6202 	EXP 	Device response: <KeyPress from None: t=147.46131610000157, value=v, duration=0.14849920000415295>
148.4697 	EXP 	line1: autoDraw = True
148.4697 	EXP 	line2: autoDraw = True
148.4697 	EXP 	line3: autoDraw = True
148.4697 	EXP 	line4: autoDraw = True
148.4871 	EXP 	fixation: autoDraw = False
149.4705 	INFO 	Keyboard events cleared
149.4704 	EXP 	probe: autoDraw = True
149.8550 	EXP 	Device response: <KeyPress from None: t=149.84077459998662, value=c, duration=None>
149.8553 	EXP 	New trial (rep=14, index=3): <Trial 59 (3 in rep 14) data={'pos': np.int64(-150), 'corr_resp': 'z', 'thisN': 59, 'thisTrialN': 3, 'thisRepN': 14}>
149.8560 	DATA 	Keypress: c
149.8697 	EXP 	fixation: autoDraw = False
149.8697 	EXP 	line1: autoDraw = False
149.8697 	EXP 	line2: autoDraw = False
149.8697 	EXP 	line3: autoDraw = False
149.8697 	EXP 	line4: autoDraw = False
149.8697 	EXP 	probe: autoDraw = False
149.8697 	EXP 	fixation: autoDraw = True
150.0550 	EXP 	Device response: <KeyPress from None: t=149.84077459998662, value=c, duration=0.19688299999688752>
150.8553 	EXP 	line1: autoDraw = True
150.8553 	EXP 	line2: autoDraw = True
150.8553 	EXP 	line3: autoDraw = True
150.8553 	EXP 	line4: autoDraw = True
150.8724 	EXP 	fixation: autoDraw = False
151.8555 	INFO 	Keyboard events cleared
151.8553 	EXP 	probe: autoDraw = True
152.3212 	EXP 	Device response: <KeyPress from None: t=152.31785960000707, value=z, duration=None>
152.3217 	EXP 	New trial (rep=15, index=0): <Trial 60 (0 in rep 15) data={'pos': np.int64(-50), 'corr_resp': 'x', 'thisN': 60, 'thisTrialN': 0, 'thisRepN': 15}>
152.3232 	DATA 	Keypress: z
152.3375 	EXP 	fixation: autoDraw = False
152.3375 	EXP 	line1: autoDraw = False
152.3375 	EXP 	line2: autoDraw = False
152.3375 	EXP 	line3: autoDraw = False
152.3375 	EXP 	line4: autoDraw = False
152.3375 	EXP 	probe: autoDraw = False
152.3375 	EXP 	fixation: autoDraw = True
152.4877 	EXP 	Device response: <KeyPress from None: t=152.31785960000707, value=z, duration=0.1652190999884624>
153.3220 	EXP 	line1: autoDraw = True
153.3220 	EXP 	line2: autoDraw = True
153.3220 	EXP 	line3: autoDraw = True
153.3220 	EXP 	line4: autoDraw = True
153.3388 	EXP 	fixation: autoDraw = False
154.3219 	INFO 	Keyboard events cleared
154.3217 	EXP 	probe: autoDraw = True
154.6548 	EXP 	Device response: <KeyPress from None: t=154.64643359999172, value=x, duration=None>
154.6552 	EXP 	New trial (rep=15, index=1): <Trial 61 (1 in rep 15) data={'pos': np.int64(150), 'corr_resp': 'v', 'thisN': 61, 'thisTrialN': 1, 'thisRepN': 15}>
154.6565 	DATA 	Keypress: x
154.6710 	EXP 	fixation: autoDraw = False
154.6710 	EXP 	line1: autoDraw = False
154.6710 	EXP 	line2: autoDraw = False
154.6710 	EXP 	line3: autoDraw = False
154.6710 	EXP 	line4: autoDraw = False
154.6710 	EXP 	probe: autoDraw = False
154.6710 	EXP 	fixation: autoDraw = True
154.8055 	EXP 	Device response: <KeyPress from None: t=154.64643359999172, value=x, duration=0.14625610000803135>
155.6550 	EXP 	line1: autoDraw = True
155.6550 	EXP 	line2: autoDraw = True
155.6550 	EXP 	line3: autoDraw = True
155.6550 	EXP 	line4: autoDraw = True
155.6716 	EXP 	fixation: autoDraw = False
156.6724 	INFO 	Keyboard events cleared
156.6722 	EXP 	probe: autoDraw = True
157.0058 	EXP 	Device response: <KeyPress from None: t=156.9947528000048, value=v, duration=None>
157.0063 	EXP 	New trial (rep=15, index=2): <Trial 62 (2 in rep 15) data={'pos': np.int64(50), 'corr_resp': 'c', 'thisN': 62, 'thisTrialN': 2, 'thisRepN': 15}>
157.0076 	DATA 	Keypress: v
157.0211 	EXP 	fixation: autoDraw = False
157.0211 	EXP 	line1: autoDraw = False
157.0211 	EXP 	line2: autoDraw = False
157.0211 	EXP 	line3: autoDraw = False
157.0211 	EXP 	line4: autoDraw = False
157.0211 	EXP 	probe: autoDraw = False
157.0211 	EXP 	fixation: autoDraw = True
157.2050 	EXP 	Device response: <KeyPress from None: t=156.9947528000048, value=v, duration=0.19681679998757318>
158.0220 	EXP 	fixation: autoDraw = False
158.0220 	EXP 	line1: autoDraw = True
158.0220 	EXP 	line2: autoDraw = True
158.0220 	EXP 	line3: autoDraw = True
158.0220 	EXP 	line4: autoDraw = True
159.0058 	INFO 	Keyboard events cleared
159.0056 	EXP 	probe: autoDraw = True
159.2407 	DATA 	Keypress: c
159.2548 	EXP 	Device response: <KeyPress from None: t=159.23848369999905, value=c, duration=None>
159.2551 	EXP 	New trial (rep=15, index=3): <Trial 63 (3 in rep 15) data={'pos': np.int64(-150), 'corr_resp': 'z', 'thisN': 63, 'thisTrialN': 3, 'thisRepN': 15}>
159.2718 	EXP 	fixation: autoDraw = False
159.2718 	EXP 	line1: autoDraw = False
159.2718 	EXP 	line2: autoDraw = False
159.2718 	EXP 	line3: autoDraw = False
159.2718 	EXP 	line4: autoDraw = False
159.2718 	EXP 	probe: autoDraw = False
159.2718 	EXP 	fixation: autoDraw = True
159.4220 	EXP 	Device response: <KeyPress from None: t=159.23848369999905, value=c, duration=0.16840019999654032>
160.2544 	EXP 	line1: autoDraw = True
160.2544 	EXP 	line2: autoDraw = True
160.2544 	EXP 	line3: autoDraw = True
160.2544 	EXP 	line4: autoDraw = True
160.2719 	EXP 	fixation: autoDraw = False
161.2546 	INFO 	Keyboard events cleared
161.2544 	EXP 	probe: autoDraw = True
161.6219 	EXP 	Device response: <KeyPress from None: t=161.60761469998397, value=z, duration=None>
161.6224 	EXP 	New trial (rep=16, index=0): <Trial 64 (0 in rep 16) data={'pos': np.int64(-50), 'corr_resp': 'x', 'thisN': 64, 'thisTrialN': 0, 'thisRepN': 16}>
161.6236 	DATA 	Keypress: z
161.6378 	EXP 	fixation: autoDraw = False
161.6378 	EXP 	line1: autoDraw = False
161.6378 	EXP 	line2: autoDraw = False
161.6378 	EXP 	line3: autoDraw = False
161.6378 	EXP 	line4: autoDraw = False
161.6378 	EXP 	probe: autoDraw = False
161.6378 	EXP 	fixation: autoDraw = True
161.8225 	EXP 	Device response: <KeyPress from None: t=161.60761469998397, value=z, duration=0.21243720001075417>
162.6223 	EXP 	line1: autoDraw = True
162.6223 	EXP 	line2: autoDraw = True
162.6223 	EXP 	line3: autoDraw = True
162.6223 	EXP 	line4: autoDraw = True
162.6381 	EXP 	fixation: autoDraw = False
163.6214 	INFO 	Keyboard events cleared
163.6211 	EXP 	probe: autoDraw = True
164.1217 	EXP 	Device response: <KeyPress from None: t=164.11317329999292, value=x, duration=None>
164.1221 	EXP 	New trial (rep=16, index=1): <Trial 65 (1 in rep 16) data={'pos': np.int64(150), 'corr_resp': 'v', 'thisN': 65, 'thisTrialN': 1, 'thisRepN': 16}>
164.1232 	DATA 	Keypress: x
164.1385 	EXP 	fixation: autoDraw = False
164.1385 	EXP 	line1: autoDraw = False
164.1385 	EXP 	line2: autoDraw = False
164.1385 	EXP 	line3: autoDraw = False
164.1385 	EXP 	line4: autoDraw = False
164.1385 	EXP 	probe: autoDraw = False
164.1385 	EXP 	fixation: autoDraw = True
164.2896 	EXP 	Device response: <KeyPress from None: t=164.11317329999292, value=x, duration=0.163403600017773>
165.1212 	EXP 	line1: autoDraw = True
165.1212 	EXP 	line2: autoDraw = True
165.1212 	EXP 	line3: autoDraw = True
165.1212 	EXP 	line4: autoDraw = True
165.1390 	EXP 	fixation: autoDraw = False
166.1218 	INFO 	Keyboard events cleared
166.1216 	EXP 	probe: autoDraw = True
166.5052 	EXP 	Device response: <KeyPress from None: t=166.48978099998203, value=v, duration=None>
166.5057 	EXP 	New trial (rep=16, index=2): <Trial 66 (2 in rep 16) data={'pos': np.int64(50), 'corr_resp': 'c', 'thisN': 66, 'thisTrialN': 2, 'thisRepN': 16}>
166.5070 	DATA 	Keypress: v
166.5219 	EXP 	fixation: autoDraw = False
166.5219 	EXP 	line1: autoDraw = False
166.5219 	EXP 	line2: autoDraw = False
166.5219 	EXP 	line3: autoDraw = False
166.5219 	EXP 	line4: autoDraw = False
166.5219 	EXP 	probe: autoDraw = False
166.5219 	EXP 	fixation: autoDraw = True
166.7378 	EXP 	Device response: <KeyPress from None: t=166.48978099998203, value=v, duration=0.23269810000783764>
167.5056 	EXP 	line1: autoDraw = True
167.5056 	EXP 	line2: autoDraw = True
167.5056 	EXP 	line3: autoDraw = True
167.5056 	EXP 	line4: autoDraw = True
167.5227 	EXP 	fixation: autoDraw = False
168.5061 	INFO 	Keyboard events cleared
168.5059 	EXP 	probe: autoDraw = True
168.8578 	DATA 	Keypress: c
168.8727 	EXP 	Device response: <KeyPress from None: t=168.8566959000018, value=c, duration=None>
168.8732 	EXP 	New trial (rep=16, index=3): <Trial 67 (3 in rep 16) data={'pos': np.int64(-150), 'corr_resp': 'z', 'thisN': 67, 'thisTrialN': 3, 'thisRepN': 16}>
168.8886 	EXP 	fixation: autoDraw = False
168.8886 	EXP 	line1: autoDraw = False
168.8886 	EXP 	line2: autoDraw = False
168.8886 	EXP 	line3: autoDraw = False
168.8886 	EXP 	line4: autoDraw = False
168.8886 	EXP 	probe: autoDraw = False
168.8886 	EXP 	fixation: autoDraw = True
169.0393 	EXP 	Device response: <KeyPress from None: t=168.8566959000018, value=c, duration=0.17413259999011643>
169.8723 	EXP 	line1: autoDraw = True
169.8723 	EXP 	line2: autoDraw = True
169.8723 	EXP 	line3: autoDraw = True
169.8723 	EXP 	line4: autoDraw = True
169.8885 	EXP 	fixation: autoDraw = False
170.8892 	INFO 	Keyboard events cleared
170.8890 	EXP 	probe: autoDraw = True
171.4895 	DATA 	Keypress: z
171.5044 	EXP 	Device response: <KeyPress from None: t=171.4877231999999, value=z, duration=None>
171.5048 	EXP 	New trial (rep=17, index=0): <Trial 68 (0 in rep 17) data={'pos': np.int64(-50), 'corr_resp': 'x', 'thisN': 68, 'thisTrialN': 0, 'thisRepN': 17}>
171.5219 	EXP 	fixation: autoDraw = False
171.5219 	EXP 	line1: autoDraw = False
171.5219 	EXP 	line2: autoDraw = False
171.5219 	EXP 	line3: autoDraw = False
171.5219 	EXP 	line4: autoDraw = False
171.5219 	EXP 	probe: autoDraw = False
171.5219 	EXP 	fixation: autoDraw = True
171.7385 	EXP 	Device response: <KeyPress from None: t=171.4877231999999, value=z, duration=0.24896679999073967>
172.5054 	EXP 	line1: autoDraw = True
172.5054 	EXP 	line2: autoDraw = True
172.5054 	EXP 	line3: autoDraw = True
172.5054 	EXP 	line4: autoDraw = True
172.5220 	EXP 	fixation: autoDraw = False
173.5057 	INFO 	Keyboard events cleared
173.5055 	EXP 	probe: autoDraw = True
174.0710 	EXP 	Device response: <KeyPress from None: t=174.0640926999913, value=x, duration=None>
174.0715 	EXP 	New trial (rep=17, index=1): <Trial 69 (1 in rep 17) data={'pos': np.int64(150), 'corr_resp': 'v', 'thisN': 69, 'thisTrialN': 1, 'thisRepN': 17}>
174.0732 	DATA 	Keypress: x
174.0877 	EXP 	fixation: autoDraw = False
174.0877 	EXP 	line1: autoDraw = False
174.0877 	EXP 	line2: autoDraw = False
174.0877 	EXP 	line3: autoDraw = False
174.0877 	EXP 	line4: autoDraw = False
174.0877 	EXP 	probe: autoDraw = False
174.0877 	EXP 	fixation: autoDraw = True
174.2549 	EXP 	Device response: <KeyPress from None: t=174.0640926999913, value=x, duration=0.1808108999975957>
175.0717 	EXP 	line1: autoDraw = True
175.0717 	EXP 	line2: autoDraw = True
175.0717 	EXP 	line3: autoDraw = True
175.0717 	EXP 	line4: autoDraw = True
175.0883 	EXP 	fixation: autoDraw = False
176.0727 	INFO 	Keyboard events cleared
176.0724 	EXP 	probe: autoDraw = True
176.5890 	EXP 	Device response: <KeyPress from None: t=176.58476900000824, value=v, duration=None>
176.5894 	EXP 	New trial (rep=17, index=2): <Trial 70 (2 in rep 17) data={'pos': np.int64(50), 'corr_resp': 'c', 'thisN': 70, 'thisTrialN': 2, 'thisRepN': 17}>
176.5906 	DATA 	Keypress: v
176.6042 	EXP 	fixation: autoDraw = False
176.6042 	EXP 	line1: autoDraw = False
176.6042 	EXP 	line2: autoDraw = False
176.6042 	EXP 	line3: autoDraw = False
176.6042 	EXP 	line4: autoDraw = False
176.6042 	EXP 	probe: autoDraw = False
176.6042 	EXP 	fixation: autoDraw = True
176.8062 	EXP 	Device response: <KeyPress from None: t=176.58476900000824, value=v, duration=0.20549969997955486>
177.5881 	EXP 	line1: autoDraw = True
177.5881 	EXP 	line2: autoDraw = True
177.5881 	EXP 	line3: autoDraw = True
177.5881 	EXP 	line4: autoDraw = True
177.6052 	EXP 	fixation: autoDraw = False
178.5884 	INFO 	Keyboard events cleared
178.5882 	EXP 	probe: autoDraw = True
179.1891 	EXP 	Device response: <KeyPress from None: t=179.1860456999857, value=c, duration=None>
179.1896 	EXP 	New trial (rep=17, index=3): <Trial 71 (3 in rep 17) data={'pos': np.int64(-150), 'corr_resp': 'z', 'thisN': 71, 'thisTrialN': 3, 'thisRepN': 17}>
179.1912 	DATA 	Keypress: c
179.2038 	EXP 	fixation: autoDraw = False
179.2038 	EXP 	line1: autoDraw = False
179.2038 	EXP 	line2: autoDraw = False
179.2038 	EXP 	line3: autoDraw = False
179.2038 	EXP 	line4: autoDraw = False
179.2038 	EXP 	probe: autoDraw = False
179.2038 	EXP 	fixation: autoDraw = True
179.3885 	EXP 	Device response: <KeyPress from None: t=179.1860456999857, value=c, duration=0.19312100001843646>
180.2046 	EXP 	fixation: autoDraw = False
180.2046 	EXP 	line1: autoDraw = True
180.2046 	EXP 	line2: autoDraw = True
180.2046 	EXP 	line3: autoDraw = True
180.2046 	EXP 	line4: autoDraw = True
181.1899 	INFO 	Keyboard events cleared
181.1897 	EXP 	probe: autoDraw = True
181.6054 	EXP 	Device response: <KeyPress from None: t=181.5956545000081, value=z, duration=None>
181.6058 	EXP 	New trial (rep=18, index=0): <Trial 72 (0 in rep 18) data={'pos': np.int64(-50), 'corr_resp': 'x', 'thisN': 72, 'thisTrialN': 0, 'thisRepN': 18}>
181.6069 	DATA 	Keypress: z
181.6217 	EXP 	fixation: autoDraw = False
181.6217 	EXP 	line1: autoDraw = False
181.6217 	EXP 	line2: autoDraw = False
181.6217 	EXP 	line3: autoDraw = False
181.6217 	EXP 	line4: autoDraw = False
181.6217 	EXP 	probe: autoDraw = False
181.6217 	EXP 	fixation: autoDraw = True
181.8228 	EXP 	Device response: <KeyPress from None: t=181.5956545000081, value=z, duration=0.22342689998913556>
182.6059 	EXP 	line1: autoDraw = True
182.6059 	EXP 	line2: autoDraw = True
182.6059 	EXP 	line3: autoDraw = True
182.6059 	EXP 	line4: autoDraw = True
182.6221 	EXP 	fixation: autoDraw = False
183.6054 	INFO 	Keyboard events cleared
183.6052 	EXP 	probe: autoDraw = True
183.9402 	EXP 	Device response: <KeyPress from None: t=183.93312420000439, value=x, duration=None>
183.9409 	EXP 	New trial (rep=18, index=1): <Trial 73 (1 in rep 18) data={'pos': np.int64(150), 'corr_resp': 'v', 'thisN': 73, 'thisTrialN': 1, 'thisRepN': 18}>
183.9423 	DATA 	Keypress: x
183.9549 	EXP 	fixation: autoDraw = False
183.9549 	EXP 	line1: autoDraw = False
183.9549 	EXP 	line2: autoDraw = False
183.9549 	EXP 	line3: autoDraw = False
183.9549 	EXP 	line4: autoDraw = False
183.9549 	EXP 	probe: autoDraw = False
183.9549 	EXP 	fixation: autoDraw = True
184.1220 	EXP 	Device response: <KeyPress from None: t=183.93312420000439, value=x, duration=0.17964449999271892>
184.9544 	EXP 	fixation: autoDraw = False
184.9544 	EXP 	line1: autoDraw = True
184.9544 	EXP 	line2: autoDraw = True
184.9544 	EXP 	line3: autoDraw = True
184.9544 	EXP 	line4: autoDraw = True
185.9563 	INFO 	Keyboard events cleared
185.9560 	EXP 	probe: autoDraw = True
186.4394 	EXP 	Device response: <KeyPress from None: t=186.43590760001098, value=v, duration=None>
186.4398 	EXP 	New trial (rep=18, index=2): <Trial 74 (2 in rep 18) data={'pos': np.int64(50), 'corr_resp': 'c', 'thisN': 74, 'thisTrialN': 2, 'thisRepN': 18}>
186.4410 	DATA 	Keypress: v
186.4542 	EXP 	fixation: autoDraw = False
186.4542 	EXP 	line1: autoDraw = False
186.4542 	EXP 	line2: autoDraw = False
186.4542 	EXP 	line3: autoDraw = False
186.4542 	EXP 	line4: autoDraw = False
186.4542 	EXP 	probe: autoDraw = False
186.4542 	EXP 	fixation: autoDraw = True
186.6554 	EXP 	Device response: <KeyPress from None: t=186.43590760001098, value=v, duration=0.204607899999246>
187.4384 	EXP 	line1: autoDraw = True
187.4384 	EXP 	line2: autoDraw = True
187.4384 	EXP 	line3: autoDraw = True
187.4384 	EXP 	line4: autoDraw = True
187.4548 	EXP 	fixation: autoDraw = False
188.4542 	INFO 	Keyboard events cleared
188.4541 	EXP 	probe: autoDraw = True
188.8048 	EXP 	Device response: <KeyPress from None: t=188.8028129999875, value=c, duration=None>
188.8051 	EXP 	New trial (rep=18, index=3): <Trial 75 (3 in rep 18) data={'pos': np.int64(-150), 'corr_resp': 'z', 'thisN': 75, 'thisTrialN': 3, 'thisRepN': 18}>
188.8067 	DATA 	Keypress: c
188.8203 	EXP 	fixation: autoDraw = False
188.8203 	EXP 	line1: autoDraw = False
188.8203 	EXP 	line2: autoDraw = False
188.8203 	EXP 	line3: autoDraw = False
188.8203 	EXP 	line4: autoDraw = False
188.8203 	EXP 	probe: autoDraw = False
188.8203 	EXP 	fixation: autoDraw = True
189.0055 	EXP 	Device response: <KeyPress from None: t=188.8028129999875, value=c, duration=0.2020195000222884>
189.8215 	EXP 	fixation: autoDraw = False
189.8215 	EXP 	line1: autoDraw = True
189.8215 	EXP 	line2: autoDraw = True
189.8215 	EXP 	line3: autoDraw = True
189.8215 	EXP 	line4: autoDraw = True
190.8059 	INFO 	Keyboard events cleared
190.8057 	EXP 	probe: autoDraw = True
191.3554 	EXP 	Device response: <KeyPress from None: t=191.34808870000415, value=z, duration=None>
191.3557 	EXP 	New trial (rep=19, index=0): <Trial 76 (0 in rep 19) data={'pos': np.int64(-50), 'corr_resp': 'x', 'thisN': 76, 'thisTrialN': 0, 'thisRepN': 19}>
191.3568 	DATA 	Keypress: z
191.3720 	EXP 	fixation: autoDraw = False
191.3720 	EXP 	line1: autoDraw = False
191.3720 	EXP 	line2: autoDraw = False
191.3720 	EXP 	line3: autoDraw = False
191.3720 	EXP 	line4: autoDraw = False
191.3720 	EXP 	probe: autoDraw = False
191.3720 	EXP 	fixation: autoDraw = True
191.5549 	EXP 	Device response: <KeyPress from None: t=191.34808870000415, value=z, duration=0.19786970000131987>
192.3705 	EXP 	fixation: autoDraw = False
192.3705 	EXP 	line1: autoDraw = True
192.3705 	EXP 	line2: autoDraw = True
192.3705 	EXP 	line3: autoDraw = True
192.3705 	EXP 	line4: autoDraw = True
193.3706 	INFO 	Keyboard events cleared
193.3705 	EXP 	probe: autoDraw = True
193.8716 	EXP 	Device response: <KeyPress from None: t=193.86344159999862, value=x, duration=None>
193.8720 	EXP 	New trial (rep=19, index=1): <Trial 77 (1 in rep 19) data={'pos': np.int64(150), 'corr_resp': 'v', 'thisN': 77, 'thisTrialN': 1, 'thisRepN': 19}>
193.8733 	DATA 	Keypress: x
193.8881 	EXP 	fixation: autoDraw = False
193.8881 	EXP 	line1: autoDraw = False
193.8881 	EXP 	line2: autoDraw = False
193.8881 	EXP 	line3: autoDraw = False
193.8881 	EXP 	line4: autoDraw = False
193.8881 	EXP 	probe: autoDraw = False
193.8881 	EXP 	fixation: autoDraw = True
194.0709 	EXP 	Device response: <KeyPress from None: t=193.86344159999862, value=x, duration=0.2018034000066109>
194.8706 	EXP 	line1: autoDraw = True
194.8706 	EXP 	line2: autoDraw = True
194.8706 	EXP 	line3: autoDraw = True
194.8706 	EXP 	line4: autoDraw = True
194.8880 	EXP 	fixation: autoDraw = False
195.8708 	INFO 	Keyboard events cleared
195.8707 	EXP 	probe: autoDraw = True
196.2882 	EXP 	Device response: <KeyPress from None: t=196.2738592000096, value=v, duration=None>
196.2886 	EXP 	New trial (rep=19, index=2): <Trial 78 (2 in rep 19) data={'pos': np.int64(50), 'corr_resp': 'c', 'thisN': 78, 'thisTrialN': 2, 'thisRepN': 19}>
196.2895 	DATA 	Keypress: v
196.3039 	EXP 	fixation: autoDraw = False
196.3039 	EXP 	line1: autoDraw = False
196.3039 	EXP 	line2: autoDraw = False
196.3039 	EXP 	line3: autoDraw = False
196.3039 	EXP 	line4: autoDraw = False
196.3039 	EXP 	probe: autoDraw = False
196.3039 	EXP 	fixation: autoDraw = True
196.4882 	EXP 	Device response: <KeyPress from None: t=196.2738592000096, value=v, duration=0.19918649998726323>
197.2887 	EXP 	line1: autoDraw = True
197.2887 	EXP 	line2: autoDraw = True
197.2887 	EXP 	line3: autoDraw = True
197.2887 	EXP 	line4: autoDraw = True
197.3053 	EXP 	fixation: autoDraw = False
198.2893 	INFO 	Keyboard events cleared
198.2891 	EXP 	probe: autoDraw = True
198.6066 	EXP 	Device response: <KeyPress from None: t=198.59751089999918, value=c, duration=None>
198.6071 	EXP 	New trial (rep=19, index=3): <Trial 79 (3 in rep 19) data={'pos': np.int64(-150), 'corr_resp': 'z', 'thisN': 79, 'thisTrialN': 3, 'thisRepN': 19}>
198.6084 	DATA 	Keypress: c
198.6219 	EXP 	fixation: autoDraw = False
198.6219 	EXP 	line1: autoDraw = False
198.6219 	EXP 	line2: autoDraw = False
198.6219 	EXP 	line3: autoDraw = False
198.6219 	EXP 	line4: autoDraw = False
198.6219 	EXP 	probe: autoDraw = False
198.6219 	EXP 	fixation: autoDraw = True
198.7903 	EXP 	Device response: <KeyPress from None: t=198.59751089999918, value=c, duration=0.1839070999994874>
199.6227 	EXP 	fixation: autoDraw = False
199.6227 	EXP 	line1: autoDraw = True
199.6227 	EXP 	line2: autoDraw = True
199.6227 	EXP 	line3: autoDraw = True
199.6227 	EXP 	line4: autoDraw = True
200.6045 	INFO 	Keyboard events cleared
200.6043 	EXP 	probe: autoDraw = True
200.9717 	EXP 	Device response: <KeyPress from None: t=200.96689360000892, value=z, duration=None>
200.9721 	EXP 	New trial (rep=20, index=0): <Trial 80 (0 in rep 20) data={'pos': np.int64(-50), 'corr_resp': 'x', 'thisN': 80, 'thisTrialN': 0, 'thisRepN': 20}>
200.9733 	DATA 	Keypress: z
200.9884 	EXP 	fixation: autoDraw = False
200.9884 	EXP 	line1: autoDraw = False
200.9884 	EXP 	line2: autoDraw = False
200.9884 	EXP 	line3: autoDraw = False
200.9884 	EXP 	line4: autoDraw = False
200.9884 	EXP 	probe: autoDraw = False
200.9884 	EXP 	fixation: autoDraw = True
201.1559 	EXP 	Device response: <KeyPress from None: t=200.96689360000892, value=z, duration=0.1724703999934718>
201.9727 	EXP 	line1: autoDraw = True
201.9727 	EXP 	line2: autoDraw = True
201.9727 	EXP 	line3: autoDraw = True
201.9727 	EXP 	line4: autoDraw = True
201.9897 	EXP 	fixation: autoDraw = False
202.9731 	INFO 	Keyboard events cleared
202.9729 	EXP 	probe: autoDraw = True
203.4062 	EXP 	Device response: <KeyPress from None: t=203.40277929999866, value=x, duration=None>
203.4067 	EXP 	New trial (rep=20, index=1): <Trial 81 (1 in rep 20) data={'pos': np.int64(150), 'corr_resp': 'v', 'thisN': 81, 'thisTrialN': 1, 'thisRepN': 20}>
203.4079 	DATA 	Keypress: x
203.4220 	EXP 	fixation: autoDraw = False
203.4220 	EXP 	line1: autoDraw = False
203.4220 	EXP 	line2: autoDraw = False
203.4220 	EXP 	line3: autoDraw = False
203.4220 	EXP 	line4: autoDraw = False
203.4220 	EXP 	probe: autoDraw = False
203.4220 	EXP 	fixation: autoDraw = True
203.6386 	EXP 	Device response: <KeyPress from None: t=203.40277929999866, value=x, duration=0.22834979998879135>
204.4065 	EXP 	line1: autoDraw = True
204.4065 	EXP 	line2: autoDraw = True
204.4065 	EXP 	line3: autoDraw = True
204.4065 	EXP 	line4: autoDraw = True
204.4226 	EXP 	fixation: autoDraw = False
205.4065 	INFO 	Keyboard events cleared
205.4063 	EXP 	probe: autoDraw = True
205.8727 	EXP 	Device response: <KeyPress from None: t=205.8611147000047, value=v, duration=None>
205.8731 	EXP 	New trial (rep=20, index=2): <Trial 82 (2 in rep 20) data={'pos': np.int64(50), 'corr_resp': 'c', 'thisN': 82, 'thisTrialN': 2, 'thisRepN': 20}>
205.8745 	DATA 	Keypress: v
205.8884 	EXP 	fixation: autoDraw = False
205.8884 	EXP 	line1: autoDraw = False
205.8884 	EXP 	line2: autoDraw = False
205.8884 	EXP 	line3: autoDraw = False
205.8884 	EXP 	line4: autoDraw = False
205.8884 	EXP 	probe: autoDraw = False
205.8884 	EXP 	fixation: autoDraw = True
206.0733 	EXP 	Device response: <KeyPress from None: t=205.8611147000047, value=v, duration=0.20294869999634102>
206.8724 	EXP 	line1: autoDraw = True
206.8724 	EXP 	line2: autoDraw = True
206.8724 	EXP 	line3: autoDraw = True
206.8724 	EXP 	line4: autoDraw = True
206.8889 	EXP 	fixation: autoDraw = False
207.8730 	INFO 	Keyboard events cleared
207.8728 	EXP 	probe: autoDraw = True
208.1419 	DATA 	Keypress: c
208.1559 	EXP 	Device response: <KeyPress from None: t=208.14108410000335, value=c, duration=None>
208.1562 	EXP 	New trial (rep=20, index=3): <Trial 83 (3 in rep 20) data={'pos': np.int64(-150), 'corr_resp': 'z', 'thisN': 83, 'thisTrialN': 3, 'thisRepN': 20}>
208.1712 	EXP 	fixation: autoDraw = False
208.1712 	EXP 	line1: autoDraw = False
208.1712 	EXP 	line2: autoDraw = False
208.1712 	EXP 	line3: autoDraw = False
208.1712 	EXP 	line4: autoDraw = False
208.1712 	EXP 	probe: autoDraw = False
208.1712 	EXP 	fixation: autoDraw = True
208.3560 	EXP 	Device response: <KeyPress from None: t=208.14108410000335, value=c, duration=0.19845599998370744>
209.1566 	EXP 	line1: autoDraw = True
209.1566 	EXP 	line2: autoDraw = True
209.1566 	EXP 	line3: autoDraw = True
209.1566 	EXP 	line4: autoDraw = True
209.1730 	EXP 	fixation: autoDraw = False
210.1553 	INFO 	Keyboard events cleared
210.1551 	EXP 	probe: autoDraw = True
210.4886 	EXP 	Device response: <KeyPress from None: t=210.47519450000254, value=z, duration=None>
210.4889 	EXP 	New trial (rep=21, index=0): <Trial 84 (0 in rep 21) data={'pos': np.int64(-50), 'corr_resp': 'x', 'thisN': 84, 'thisTrialN': 0, 'thisRepN': 21}>
210.4901 	DATA 	Keypress: z
210.5060 	EXP 	fixation: autoDraw = False
210.5060 	EXP 	line1: autoDraw = False
210.5060 	EXP 	line2: autoDraw = False
210.5060 	EXP 	line3: autoDraw = False
210.5060 	EXP 	line4: autoDraw = False
210.5060 	EXP 	probe: autoDraw = False
210.5060 	EXP 	fixation: autoDraw = True
210.7060 	EXP 	Device response: <KeyPress from None: t=210.47519450000254, value=z, duration=0.2202384999836795>
211.4892 	EXP 	line1: autoDraw = True
211.4892 	EXP 	line2: autoDraw = True
211.4892 	EXP 	line3: autoDraw = True
211.4892 	EXP 	line4: autoDraw = True
211.5063 	EXP 	fixation: autoDraw = False
212.4898 	INFO 	Keyboard events cleared
212.4896 	EXP 	probe: autoDraw = True
212.8418 	DATA 	Keypress: x
212.8563 	EXP 	Device response: <KeyPress from None: t=212.84001909999643, value=x, duration=None>
212.8567 	EXP 	New trial (rep=21, index=1): <Trial 85 (1 in rep 21) data={'pos': np.int64(150), 'corr_resp': 'v', 'thisN': 85, 'thisTrialN': 1, 'thisRepN': 21}>
212.8726 	EXP 	fixation: autoDraw = False
212.8726 	EXP 	line1: autoDraw = False
212.8726 	EXP 	line2: autoDraw = False
212.8726 	EXP 	line3: autoDraw = False
212.8726 	EXP 	line4: autoDraw = False
212.8726 	EXP 	probe: autoDraw = False
212.8726 	EXP 	fixation: autoDraw = True
213.0400 	EXP 	Device response: <KeyPress from None: t=212.84001909999643, value=x, duration=0.1888594999909401>
213.8564 	EXP 	line1: autoDraw = True
213.8564 	EXP 	line2: autoDraw = True
213.8564 	EXP 	line3: autoDraw = True
213.8564 	EXP 	line4: autoDraw = True
213.8714 	EXP 	fixation: autoDraw = False
214.8560 	INFO 	Keyboard events cleared
214.8558 	EXP 	probe: autoDraw = True
215.3895 	EXP 	Device response: <KeyPress from None: t=215.37518209998962, value=v, duration=None>
215.3898 	EXP 	New trial (rep=21, index=2): <Trial 86 (2 in rep 21) data={'pos': np.int64(50), 'corr_resp': 'c', 'thisN': 86, 'thisTrialN': 2, 'thisRepN': 21}>
215.3909 	DATA 	Keypress: v
215.4045 	EXP 	fixation: autoDraw = False
215.4045 	EXP 	line1: autoDraw = False
215.4045 	EXP 	line2: autoDraw = False
215.4045 	EXP 	line3: autoDraw = False
215.4045 	EXP 	line4: autoDraw = False
215.4045 	EXP 	probe: autoDraw = False
215.4045 	EXP 	fixation: autoDraw = True
215.6064 	EXP 	Device response: <KeyPress from None: t=215.37518209998962, value=v, duration=0.22213189999456517>
216.3898 	EXP 	line1: autoDraw = True
216.3898 	EXP 	line2: autoDraw = True
216.3898 	EXP 	line3: autoDraw = True
216.3898 	EXP 	line4: autoDraw = True
216.4053 	EXP 	fixation: autoDraw = False
217.3896 	INFO 	Keyboard events cleared
217.3894 	EXP 	probe: autoDraw = True
217.8567 	EXP 	Device response: <KeyPress from None: t=217.85615959999268, value=c, duration=None>
217.8571 	EXP 	New trial (rep=21, index=3): <Trial 87 (3 in rep 21) data={'pos': np.int64(-150), 'corr_resp': 'z', 'thisN': 87, 'thisTrialN': 3, 'thisRepN': 21}>
217.8585 	DATA 	Keypress: c
217.8731 	EXP 	fixation: autoDraw = False
217.8731 	EXP 	line1: autoDraw = False
217.8731 	EXP 	line2: autoDraw = False
217.8731 	EXP 	line3: autoDraw = False
217.8731 	EXP 	line4: autoDraw = False
217.8731 	EXP 	probe: autoDraw = False
217.8731 	EXP 	fixation: autoDraw = True
218.0567 	EXP 	Device response: <KeyPress from None: t=217.85615959999268, value=c, duration=0.1912278000090737>
218.8562 	EXP 	line1: autoDraw = True
218.8562 	EXP 	line2: autoDraw = True
218.8562 	EXP 	line3: autoDraw = True
218.8562 	EXP 	line4: autoDraw = True
218.8727 	EXP 	fixation: autoDraw = False
219.8734 	INFO 	Keyboard events cleared
219.8732 	EXP 	probe: autoDraw = True
220.1733 	EXP 	Device response: <KeyPress from None: t=220.16490689999773, value=z, duration=None>
220.1738 	EXP 	New trial (rep=22, index=0): <Trial 88 (0 in rep 22) data={'pos': np.int64(-50), 'corr_resp': 'x', 'thisN': 88, 'thisTrialN': 0, 'thisRepN': 22}>
220.1752 	DATA 	Keypress: z
220.1901 	EXP 	fixation: autoDraw = False
220.1901 	EXP 	line1: autoDraw = False
220.1901 	EXP 	line2: autoDraw = False
220.1901 	EXP 	line3: autoDraw = False
220.1901 	EXP 	line4: autoDraw = False
220.1901 	EXP 	probe: autoDraw = False
220.1901 	EXP 	fixation: autoDraw = True
220.3567 	EXP 	Device response: <KeyPress from None: t=220.16490689999773, value=z, duration=0.18786330000148155>
221.1895 	EXP 	line1: autoDraw = True
221.1895 	EXP 	line2: autoDraw = True
221.1895 	EXP 	line3: autoDraw = True
221.1895 	EXP 	line4: autoDraw = True
221.2060 	EXP 	fixation: autoDraw = False
222.1716 	INFO 	Keyboard events cleared
222.1714 	EXP 	probe: autoDraw = True
222.4411 	DATA 	Keypress: x
222.4552 	EXP 	Device response: <KeyPress from None: t=222.43895879999036, value=x, duration=None>
222.4556 	EXP 	New trial (rep=22, index=1): <Trial 89 (1 in rep 22) data={'pos': np.int64(150), 'corr_resp': 'v', 'thisN': 89, 'thisTrialN': 1, 'thisRepN': 22}>
222.4727 	EXP 	fixation: autoDraw = False
222.4727 	EXP 	line1: autoDraw = False
222.4727 	EXP 	line2: autoDraw = False
222.4727 	EXP 	line3: autoDraw = False
222.4727 	EXP 	line4: autoDraw = False
222.4727 	EXP 	probe: autoDraw = False
222.4727 	EXP 	fixation: autoDraw = True
222.6384 	EXP 	Device response: <KeyPress from None: t=222.43895879999036, value=x, duration=0.19787350000115111>
223.4562 	EXP 	line1: autoDraw = True
223.4562 	EXP 	line2: autoDraw = True
223.4562 	EXP 	line3: autoDraw = True
223.4562 	EXP 	line4: autoDraw = True
223.4731 	EXP 	fixation: autoDraw = False
224.4567 	INFO 	Keyboard events cleared
224.4564 	EXP 	probe: autoDraw = True
224.8412 	DATA 	Keypress: v
224.8550 	EXP 	Device response: <KeyPress from None: t=224.83923759998288, value=v, duration=None>
224.8555 	EXP 	New trial (rep=22, index=2): <Trial 90 (2 in rep 22) data={'pos': np.int64(50), 'corr_resp': 'c', 'thisN': 90, 'thisTrialN': 2, 'thisRepN': 22}>
224.8724 	EXP 	fixation: autoDraw = False
224.8724 	EXP 	line1: autoDraw = False
224.8724 	EXP 	line2: autoDraw = False
224.8724 	EXP 	line3: autoDraw = False
224.8724 	EXP 	line4: autoDraw = False
224.8724 	EXP 	probe: autoDraw = False
224.8724 	EXP 	fixation: autoDraw = True
225.0221 	EXP 	Device response: <KeyPress from None: t=224.83923759998288, value=v, duration=0.18200850000721402>
225.8565 	EXP 	line1: autoDraw = True
225.8565 	EXP 	line2: autoDraw = True
225.8565 	EXP 	line3: autoDraw = True
225.8565 	EXP 	line4: autoDraw = True
225.8729 	EXP 	fixation: autoDraw = False
226.8566 	INFO 	Keyboard events cleared
226.8564 	EXP 	probe: autoDraw = True
227.2406 	EXP 	Device response: <KeyPress from None: t=227.22795269999187, value=c, duration=None>
227.2411 	EXP 	New trial (rep=22, index=3): <Trial 91 (3 in rep 22) data={'pos': np.int64(-150), 'corr_resp': 'z', 'thisN': 91, 'thisTrialN': 3, 'thisRepN': 22}>
227.2425 	DATA 	Keypress: c
227.2547 	EXP 	fixation: autoDraw = False
227.2547 	EXP 	line1: autoDraw = False
227.2547 	EXP 	line2: autoDraw = False
227.2547 	EXP 	line3: autoDraw = False
227.2547 	EXP 	line4: autoDraw = False
227.2547 	EXP 	probe: autoDraw = False
227.2547 	EXP 	fixation: autoDraw = True
227.4403 	EXP 	Device response: <KeyPress from None: t=227.22795269999187, value=c, duration=0.20307370001683012>
228.2399 	EXP 	line1: autoDraw = True
228.2399 	EXP 	line2: autoDraw = True
228.2399 	EXP 	line3: autoDraw = True
228.2399 	EXP 	line4: autoDraw = True
228.2568 	EXP 	fixation: autoDraw = False
229.2568 	INFO 	Keyboard events cleared
229.2566 	EXP 	probe: autoDraw = True
229.6398 	EXP 	Device response: <KeyPress from None: t=229.63316369999666, value=z, duration=None>
229.6402 	EXP 	New trial (rep=23, index=0): <Trial 92 (0 in rep 23) data={'pos': np.int64(-50), 'corr_resp': 'x', 'thisN': 92, 'thisTrialN': 0, 'thisRepN': 23}>
229.6414 	DATA 	Keypress: z
229.6550 	EXP 	fixation: autoDraw = False
229.6550 	EXP 	line1: autoDraw = False
229.6550 	EXP 	line2: autoDraw = False
229.6550 	EXP 	line3: autoDraw = False
229.6550 	EXP 	line4: autoDraw = False
229.6550 	EXP 	probe: autoDraw = False
229.6550 	EXP 	fixation: autoDraw = True
229.9227 	EXP 	Device response: <KeyPress from None: t=229.63316369999666, value=z, duration=0.28009720001136884>
230.6398 	EXP 	line1: autoDraw = True
230.6398 	EXP 	line2: autoDraw = True
230.6398 	EXP 	line3: autoDraw = True
230.6398 	EXP 	line4: autoDraw = True
230.6567 	EXP 	fixation: autoDraw = False
231.6398 	INFO 	Keyboard events cleared
231.6396 	EXP 	probe: autoDraw = True
232.0759 	DATA 	Keypress: x
232.0906 	EXP 	Device response: <KeyPress from None: t=232.0740272999974, value=x, duration=None>
232.0911 	EXP 	New trial (rep=23, index=1): <Trial 93 (1 in rep 23) data={'pos': np.int64(150), 'corr_resp': 'v', 'thisN': 93, 'thisTrialN': 1, 'thisRepN': 23}>
232.1057 	EXP 	fixation: autoDraw = False
232.1057 	EXP 	line1: autoDraw = False
232.1057 	EXP 	line2: autoDraw = False
232.1057 	EXP 	line3: autoDraw = False
232.1057 	EXP 	line4: autoDraw = False
232.1057 	EXP 	probe: autoDraw = False
232.1057 	EXP 	fixation: autoDraw = True
232.2737 	EXP 	Device response: <KeyPress from None: t=232.0740272999974, value=x, duration=0.19196039999951608>
233.1059 	EXP 	fixation: autoDraw = False
233.1059 	EXP 	line1: autoDraw = True
233.1059 	EXP 	line2: autoDraw = True
233.1059 	EXP 	line3: autoDraw = True
233.1059 	EXP 	line4: autoDraw = True
234.1071 	INFO 	Keyboard events cleared
234.1069 	EXP 	probe: autoDraw = True
234.3751 	DATA 	Keypress: v
234.3899 	EXP 	Device response: <KeyPress from None: t=234.37294770000153, value=v, duration=None>
234.3902 	EXP 	New trial (rep=23, index=2): <Trial 94 (2 in rep 23) data={'pos': np.int64(50), 'corr_resp': 'c', 'thisN': 94, 'thisTrialN': 2, 'thisRepN': 23}>
234.4060 	EXP 	fixation: autoDraw = False
234.4060 	EXP 	line1: autoDraw = False
234.4060 	EXP 	line2: autoDraw = False
234.4060 	EXP 	line3: autoDraw = False
234.4060 	EXP 	line4: autoDraw = False
234.4060 	EXP 	probe: autoDraw = False
234.4060 	EXP 	fixation: autoDraw = True
234.5736 	EXP 	Device response: <KeyPress from None: t=234.37294770000153, value=v, duration=0.18804599999566562>
235.3898 	EXP 	line1: autoDraw = True
235.3898 	EXP 	line2: autoDraw = True
235.3898 	EXP 	line3: autoDraw = True
235.3898 	EXP 	line4: autoDraw = True
235.4068 	EXP 	fixation: autoDraw = False
236.3887 	INFO 	Keyboard events cleared
236.3885 	EXP 	probe: autoDraw = True
236.9228 	EXP 	Device response: <KeyPress from None: t=236.91316739999456, value=c, duration=None>
236.9231 	EXP 	New trial (rep=23, index=3): <Trial 95 (3 in rep 23) data={'pos': np.int64(-150), 'corr_resp': 'z', 'thisN': 95, 'thisTrialN': 3, 'thisRepN': 23}>
236.9244 	DATA 	Keypress: c
236.9395 	EXP 	fixation: autoDraw = False
236.9395 	EXP 	line1: autoDraw = False
236.9395 	EXP 	line2: autoDraw = False
236.9395 	EXP 	line3: autoDraw = False
236.9395 	EXP 	line4: autoDraw = False
236.9395 	EXP 	probe: autoDraw = False
236.9395 	EXP 	fixation: autoDraw = True
237.1070 	EXP 	Device response: <KeyPress from None: t=236.91316739999456, value=c, duration=0.182163399993442>
237.9233 	EXP 	line1: autoDraw = True
237.9233 	EXP 	line2: autoDraw = True
237.9233 	EXP 	line3: autoDraw = True
237.9233 	EXP 	line4: autoDraw = True
237.9396 	EXP 	fixation: autoDraw = False
238.9225 	INFO 	Keyboard events cleared
238.9224 	EXP 	probe: autoDraw = True
239.3224 	EXP 	Device response: <KeyPress from None: t=239.31274999998277, value=z, duration=None>
239.3228 	EXP 	New trial (rep=24, index=0): <Trial 96 (0 in rep 24) data={'pos': np.int64(-50), 'corr_resp': 'x', 'thisN': 96, 'thisTrialN': 0, 'thisRepN': 24}>
239.3240 	DATA 	Keypress: z
239.3392 	EXP 	fixation: autoDraw = False
239.3392 	EXP 	line1: autoDraw = False
239.3392 	EXP 	line2: autoDraw = False
239.3392 	EXP 	line3: autoDraw = False
239.3392 	EXP 	line4: autoDraw = False
239.3392 	EXP 	probe: autoDraw = False
239.3392 	EXP 	fixation: autoDraw = True
239.5060 	EXP 	Device response: <KeyPress from None: t=239.31274999998277, value=z, duration=0.18081270001130179>
240.3385 	EXP 	line1: autoDraw = True
240.3385 	EXP 	line2: autoDraw = True
240.3385 	EXP 	line3: autoDraw = True
240.3385 	EXP 	line4: autoDraw = True
240.3546 	EXP 	fixation: autoDraw = False
241.3392 	INFO 	Keyboard events cleared
241.3390 	EXP 	probe: autoDraw = True
241.6548 	EXP 	Device response: <KeyPress from None: t=241.64677630001097, value=x, duration=None>
241.6550 	EXP 	New trial (rep=24, index=1): <Trial 97 (1 in rep 24) data={'pos': np.int64(150), 'corr_resp': 'v', 'thisN': 97, 'thisTrialN': 1, 'thisRepN': 24}>
241.6558 	DATA 	Keypress: x
241.6717 	EXP 	fixation: autoDraw = False
241.6717 	EXP 	line1: autoDraw = False
241.6717 	EXP 	line2: autoDraw = False
241.6717 	EXP 	line3: autoDraw = False
241.6717 	EXP 	line4: autoDraw = False
241.6717 	EXP 	probe: autoDraw = False
241.6717 	EXP 	fixation: autoDraw = True
241.8391 	EXP 	Device response: <KeyPress from None: t=241.64677630001097, value=x, duration=0.17614979998324998>
242.6549 	EXP 	line1: autoDraw = True
242.6549 	EXP 	line2: autoDraw = True
242.6549 	EXP 	line3: autoDraw = True
242.6549 	EXP 	line4: autoDraw = True
242.6719 	EXP 	fixation: autoDraw = False
243.6544 	INFO 	Keyboard events cleared
243.6543 	EXP 	probe: autoDraw = True
243.9549 	EXP 	Device response: <KeyPress from None: t=243.95229660000768, value=v, duration=None>
243.9551 	EXP 	New trial (rep=24, index=2): <Trial 98 (2 in rep 24) data={'pos': np.int64(50), 'corr_resp': 'c', 'thisN': 98, 'thisTrialN': 2, 'thisRepN': 24}>
243.9559 	DATA 	Keypress: v
243.9718 	EXP 	fixation: autoDraw = False
243.9718 	EXP 	line1: autoDraw = False
243.9718 	EXP 	line2: autoDraw = False
243.9718 	EXP 	line3: autoDraw = False
243.9718 	EXP 	line4: autoDraw = False
243.9718 	EXP 	probe: autoDraw = False
243.9718 	EXP 	fixation: autoDraw = True
244.1382 	EXP 	Device response: <KeyPress from None: t=243.95229660000768, value=v, duration=0.18478260000119917>
244.9544 	EXP 	line1: autoDraw = True
244.9544 	EXP 	line2: autoDraw = True
244.9544 	EXP 	line3: autoDraw = True
244.9544 	EXP 	line4: autoDraw = True
244.9722 	EXP 	fixation: autoDraw = False
245.9546 	INFO 	Keyboard events cleared
245.9545 	EXP 	probe: autoDraw = True
246.4551 	EXP 	Device response: <KeyPress from None: t=246.4527327999822, value=c, duration=None>
246.4554 	EXP 	New trial (rep=24, index=3): <Trial 99 (3 in rep 24) data={'pos': np.int64(-150), 'corr_resp': 'z', 'thisN': 99, 'thisTrialN': 3, 'thisRepN': 24}>
246.4563 	DATA 	Keypress: c
246.4721 	EXP 	fixation: autoDraw = False
246.4721 	EXP 	line1: autoDraw = False
246.4721 	EXP 	line2: autoDraw = False
246.4721 	EXP 	line3: autoDraw = False
246.4721 	EXP 	line4: autoDraw = False
246.4721 	EXP 	probe: autoDraw = False
246.4721 	EXP 	fixation: autoDraw = True
246.6555 	EXP 	Device response: <KeyPress from None: t=246.4527327999822, value=c, duration=0.20074480000766926>
247.4552 	EXP 	line1: autoDraw = True
247.4552 	EXP 	line2: autoDraw = True
247.4552 	EXP 	line3: autoDraw = True
247.4552 	EXP 	line4: autoDraw = True
247.4712 	EXP 	fixation: autoDraw = False
248.4554 	INFO 	Keyboard events cleared
248.4553 	EXP 	probe: autoDraw = True
248.9389 	EXP 	Device response: <KeyPress from None: t=248.93055329998606, value=z, duration=None>
248.9391 	EXP 	New trial (rep=25, index=0): <Trial 100 (0 in rep 25) data={'pos': np.int64(-50), 'corr_resp': 'x', 'thisN': 100, 'thisTrialN': 0, 'thisRepN': 25}>
248.9400 	DATA 	Keypress: z
248.9553 	EXP 	fixation: autoDraw = False
248.9553 	EXP 	line1: autoDraw = False
248.9553 	EXP 	line2: autoDraw = False
248.9553 	EXP 	line3: autoDraw = False
248.9553 	EXP 	line4: autoDraw = False
248.9553 	EXP 	probe: autoDraw = False
248.9553 	EXP 	fixation: autoDraw = True
249.0888 	EXP 	Device response: <KeyPress from None: t=248.93055329998606, value=z, duration=0.1568289000133518>
249.9388 	EXP 	line1: autoDraw = True
249.9388 	EXP 	line2: autoDraw = True
249.9388 	EXP 	line3: autoDraw = True
249.9388 	EXP 	line4: autoDraw = True
249.9561 	EXP 	fixation: autoDraw = False
250.9557 	INFO 	Keyboard events cleared
250.9555 	EXP 	probe: autoDraw = True
251.5551 	EXP 	Device response: <KeyPress from None: t=251.54745159999584, value=x, duration=None>
251.5553 	EXP 	New trial (rep=25, index=1): <Trial 101 (1 in rep 25) data={'pos': np.int64(150), 'corr_resp': 'v', 'thisN': 101, 'thisTrialN': 1, 'thisRepN': 25}>
251.5563 	DATA 	Keypress: x
251.5712 	EXP 	fixation: autoDraw = False
251.5712 	EXP 	line1: autoDraw = False
251.5712 	EXP 	line2: autoDraw = False
251.5712 	EXP 	line3: autoDraw = False
251.5712 	EXP 	line4: autoDraw = False
251.5712 	EXP 	probe: autoDraw = False
251.5712 	EXP 	fixation: autoDraw = True
251.7549 	EXP 	Device response: <KeyPress from None: t=251.54745159999584, value=x, duration=0.2014701000007335>
252.5560 	EXP 	line1: autoDraw = True
252.5560 	EXP 	line2: autoDraw = True
252.5560 	EXP 	line3: autoDraw = True
252.5560 	EXP 	line4: autoDraw = True
252.5725 	EXP 	fixation: autoDraw = False
253.5552 	INFO 	Keyboard events cleared
253.5551 	EXP 	probe: autoDraw = True
254.0055 	EXP 	Device response: <KeyPress from None: t=254.0023280000023, value=v, duration=None>
254.0058 	EXP 	New trial (rep=25, index=2): <Trial 102 (2 in rep 25) data={'pos': np.int64(50), 'corr_resp': 'c', 'thisN': 102, 'thisTrialN': 2, 'thisRepN': 25}>
254.0069 	DATA 	Keypress: v
254.0221 	EXP 	fixation: autoDraw = False
254.0221 	EXP 	line1: autoDraw = False
254.0221 	EXP 	line2: autoDraw = False
254.0221 	EXP 	line3: autoDraw = False
254.0221 	EXP 	line4: autoDraw = False
254.0221 	EXP 	probe: autoDraw = False
254.0221 	EXP 	fixation: autoDraw = True
254.2231 	EXP 	Device response: <KeyPress from None: t=254.0023280000023, value=v, duration=0.2045456999912858>
255.0058 	EXP 	line1: autoDraw = True
255.0058 	EXP 	line2: autoDraw = True
255.0058 	EXP 	line3: autoDraw = True
255.0058 	EXP 	line4: autoDraw = True
255.0236 	EXP 	fixation: autoDraw = False
256.0064 	INFO 	Keyboard events cleared
256.0062 	EXP 	probe: autoDraw = True
256.5410 	EXP 	Device response: <KeyPress from None: t=256.5297911000089, value=c, duration=None>
256.5413 	EXP 	New trial (rep=25, index=3): <Trial 103 (3 in rep 25) data={'pos': np.int64(-150), 'corr_resp': 'z', 'thisN': 103, 'thisTrialN': 3, 'thisRepN': 25}>
256.5426 	DATA 	Keypress: c
256.5559 	EXP 	fixation: autoDraw = False
256.5559 	EXP 	line1: autoDraw = False
256.5559 	EXP 	line2: autoDraw = False
256.5559 	EXP 	line3: autoDraw = False
256.5559 	EXP 	line4: autoDraw = False
256.5559 	EXP 	probe: autoDraw = False
256.5559 	EXP 	fixation: autoDraw = True
256.7228 	EXP 	Device response: <KeyPress from None: t=256.5297911000089, value=c, duration=0.1900774999812711>
257.5555 	EXP 	fixation: autoDraw = False
257.5555 	EXP 	line1: autoDraw = True
257.5555 	EXP 	line2: autoDraw = True
257.5555 	EXP 	line3: autoDraw = True
257.5555 	EXP 	line4: autoDraw = True
258.5563 	INFO 	Keyboard events cleared
258.5561 	EXP 	probe: autoDraw = True
259.0396 	EXP 	Device response: <KeyPress from None: t=259.0327108000056, value=z, duration=None>
259.0400 	EXP 	New trial (rep=26, index=0): <Trial 104 (0 in rep 26) data={'pos': np.int64(-50), 'corr_resp': 'x', 'thisN': 104, 'thisTrialN': 0, 'thisRepN': 26}>
259.0411 	DATA 	Keypress: z
259.0553 	EXP 	fixation: autoDraw = False
259.0553 	EXP 	line1: autoDraw = False
259.0553 	EXP 	line2: autoDraw = False
259.0553 	EXP 	line3: autoDraw = False
259.0553 	EXP 	line4: autoDraw = False
259.0553 	EXP 	probe: autoDraw = False
259.0553 	EXP 	fixation: autoDraw = True
259.2414 	EXP 	Device response: <KeyPress from None: t=259.0327108000056, value=z, duration=0.19719969999277964>
260.0398 	EXP 	line1: autoDraw = True
260.0398 	EXP 	line2: autoDraw = True
260.0398 	EXP 	line3: autoDraw = True
260.0398 	EXP 	line4: autoDraw = True
260.0568 	EXP 	fixation: autoDraw = False
261.0405 	INFO 	Keyboard events cleared
261.0403 	EXP 	probe: autoDraw = True
261.4597 	DATA 	Keypress: x
261.4727 	EXP 	Device response: <KeyPress from None: t=261.457980200008, value=x, duration=None>
261.4732 	EXP 	New trial (rep=26, index=1): <Trial 105 (1 in rep 26) data={'pos': np.int64(150), 'corr_resp': 'v', 'thisN': 105, 'thisTrialN': 1, 'thisRepN': 26}>
261.4903 	EXP 	fixation: autoDraw = False
261.4903 	EXP 	line1: autoDraw = False
261.4903 	EXP 	line2: autoDraw = False
261.4903 	EXP 	line3: autoDraw = False
261.4903 	EXP 	line4: autoDraw = False
261.4903 	EXP 	probe: autoDraw = False
261.4903 	EXP 	fixation: autoDraw = True
261.6397 	EXP 	Device response: <KeyPress from None: t=261.457980200008, value=x, duration=0.1687709999969229>
262.4738 	EXP 	line1: autoDraw = True
262.4738 	EXP 	line2: autoDraw = True
262.4738 	EXP 	line3: autoDraw = True
262.4738 	EXP 	line4: autoDraw = True
262.4905 	EXP 	fixation: autoDraw = False
263.4737 	INFO 	Keyboard events cleared
263.4735 	EXP 	probe: autoDraw = True
263.8914 	DATA 	Keypress: v
263.9067 	EXP 	Device response: <KeyPress from None: t=263.88945389998844, value=v, duration=None>
263.9070 	EXP 	New trial (rep=26, index=2): <Trial 106 (2 in rep 26) data={'pos': np.int64(50), 'corr_resp': 'c', 'thisN': 106, 'thisTrialN': 2, 'thisRepN': 26}>
263.9226 	EXP 	fixation: autoDraw = False
263.9226 	EXP 	line1: autoDraw = False
263.9226 	EXP 	line2: autoDraw = False
263.9226 	EXP 	line3: autoDraw = False
263.9226 	EXP 	line4: autoDraw = False
263.9226 	EXP 	probe: autoDraw = False
263.9226 	EXP 	fixation: autoDraw = True
264.0912 	EXP 	Device response: <KeyPress from None: t=263.88945389998844, value=v, duration=0.19899220002116635>
264.9071 	EXP 	line1: autoDraw = True
264.9071 	EXP 	line2: autoDraw = True
264.9071 	EXP 	line3: autoDraw = True
264.9071 	EXP 	line4: autoDraw = True
264.9237 	EXP 	fixation: autoDraw = False
265.9076 	INFO 	Keyboard events cleared
265.9074 	EXP 	probe: autoDraw = True
266.3567 	EXP 	Device response: <KeyPress from None: t=266.34752340000705, value=c, duration=None>
266.3571 	EXP 	New trial (rep=26, index=3): <Trial 107 (3 in rep 26) data={'pos': np.int64(-150), 'corr_resp': 'z', 'thisN': 107, 'thisTrialN': 3, 'thisRepN': 26}>
266.3583 	DATA 	Keypress: c
266.3723 	EXP 	fixation: autoDraw = False
266.3723 	EXP 	line1: autoDraw = False
266.3723 	EXP 	line2: autoDraw = False
266.3723 	EXP 	line3: autoDraw = False
266.3723 	EXP 	line4: autoDraw = False
266.3723 	EXP 	probe: autoDraw = False
266.3723 	EXP 	fixation: autoDraw = True
266.5730 	EXP 	Device response: <KeyPress from None: t=266.34752340000705, value=c, duration=0.20917170000029728>
267.3553 	EXP 	line1: autoDraw = True
267.3553 	EXP 	line2: autoDraw = True
267.3553 	EXP 	line3: autoDraw = True
267.3553 	EXP 	line4: autoDraw = True
267.3719 	EXP 	fixation: autoDraw = False
268.3720 	INFO 	Keyboard events cleared
268.3718 	EXP 	probe: autoDraw = True
268.7736 	EXP 	Device response: <KeyPress from None: t=268.7631427999877, value=z, duration=None>
268.7741 	EXP 	New trial (rep=27, index=0): <Trial 108 (0 in rep 27) data={'pos': np.int64(-50), 'corr_resp': 'x', 'thisN': 108, 'thisTrialN': 0, 'thisRepN': 27}>
268.7764 	DATA 	Keypress: z
268.7901 	EXP 	fixation: autoDraw = False
268.7901 	EXP 	line1: autoDraw = False
268.7901 	EXP 	line2: autoDraw = False
268.7901 	EXP 	line3: autoDraw = False
268.7901 	EXP 	line4: autoDraw = False
268.7901 	EXP 	probe: autoDraw = False
268.7901 	EXP 	fixation: autoDraw = True
268.9895 	EXP 	Device response: <KeyPress from None: t=268.7631427999877, value=z, duration=0.21408380000502802>
269.7885 	EXP 	line1: autoDraw = True
269.7885 	EXP 	line2: autoDraw = True
269.7885 	EXP 	line3: autoDraw = True
269.7885 	EXP 	line4: autoDraw = True
269.8060 	EXP 	fixation: autoDraw = False
270.7887 	INFO 	Keyboard events cleared
270.7886 	EXP 	probe: autoDraw = True
271.2389 	EXP 	Device response: <KeyPress from None: t=271.2319828000036, value=x, duration=None>
271.2391 	EXP 	New trial (rep=27, index=1): <Trial 109 (1 in rep 27) data={'pos': np.int64(150), 'corr_resp': 'v', 'thisN': 109, 'thisTrialN': 1, 'thisRepN': 27}>
271.2400 	DATA 	Keypress: x
271.2549 	EXP 	fixation: autoDraw = False
271.2549 	EXP 	line1: autoDraw = False
271.2549 	EXP 	line2: autoDraw = False
271.2549 	EXP 	line3: autoDraw = False
271.2549 	EXP 	line4: autoDraw = False
271.2549 	EXP 	probe: autoDraw = False
271.2549 	EXP 	fixation: autoDraw = True
271.5227 	EXP 	Device response: <KeyPress from None: t=271.2319828000036, value=x, duration=0.2745779999822844>
272.2385 	EXP 	line1: autoDraw = True
272.2385 	EXP 	line2: autoDraw = True
272.2385 	EXP 	line3: autoDraw = True
272.2385 	EXP 	line4: autoDraw = True
272.2550 	EXP 	fixation: autoDraw = False
273.2399 	INFO 	Keyboard events cleared
273.2398 	EXP 	probe: autoDraw = True
273.7238 	EXP 	Device response: <KeyPress from None: t=273.7145867999934, value=v, duration=None>
273.7241 	EXP 	New trial (rep=27, index=2): <Trial 110 (2 in rep 27) data={'pos': np.int64(50), 'corr_resp': 'c', 'thisN': 110, 'thisTrialN': 2, 'thisRepN': 27}>
273.7252 	DATA 	Keypress: v
273.7390 	EXP 	fixation: autoDraw = False
273.7390 	EXP 	line1: autoDraw = False
273.7390 	EXP 	line2: autoDraw = False
273.7390 	EXP 	line3: autoDraw = False
273.7390 	EXP 	line4: autoDraw = False
273.7390 	EXP 	probe: autoDraw = False
273.7390 	EXP 	fixation: autoDraw = True
273.9236 	EXP 	Device response: <KeyPress from None: t=273.7145867999934, value=v, duration=0.20629709999775514>
274.7229 	EXP 	line1: autoDraw = True
274.7229 	EXP 	line2: autoDraw = True
274.7229 	EXP 	line3: autoDraw = True
274.7229 	EXP 	line4: autoDraw = True
274.7395 	EXP 	fixation: autoDraw = False
275.7409 	INFO 	Keyboard events cleared
275.7406 	EXP 	probe: autoDraw = True
276.1431 	DATA 	Keypress: c
276.1560 	EXP 	Device response: <KeyPress from None: t=276.142471500003, value=c, duration=None>
276.1564 	EXP 	New trial (rep=27, index=3): <Trial 111 (3 in rep 27) data={'pos': np.int64(-150), 'corr_resp': 'z', 'thisN': 111, 'thisTrialN': 3, 'thisRepN': 27}>
276.1735 	EXP 	fixation: autoDraw = False
276.1735 	EXP 	line1: autoDraw = False
276.1735 	EXP 	line2: autoDraw = False
276.1735 	EXP 	line3: autoDraw = False
276.1735 	EXP 	line4: autoDraw = False
276.1735 	EXP 	probe: autoDraw = False
276.1735 	EXP 	fixation: autoDraw = True
276.3735 	EXP 	Device response: <KeyPress from None: t=276.142471500003, value=c, duration=0.2146461999800522>
277.1570 	EXP 	line1: autoDraw = True
277.1570 	EXP 	line2: autoDraw = True
277.1570 	EXP 	line3: autoDraw = True
277.1570 	EXP 	line4: autoDraw = True
277.1737 	EXP 	fixation: autoDraw = False
278.1566 	INFO 	Keyboard events cleared
278.1564 	EXP 	probe: autoDraw = True
278.5741 	EXP 	Device response: <KeyPress from None: t=278.5635700999992, value=z, duration=None>
278.5745 	EXP 	New trial (rep=28, index=0): <Trial 112 (0 in rep 28) data={'pos': np.int64(-50), 'corr_resp': 'x', 'thisN': 112, 'thisTrialN': 0, 'thisRepN': 28}>
278.5756 	DATA 	Keypress: z
278.5892 	EXP 	fixation: autoDraw = False
278.5892 	EXP 	line1: autoDraw = False
278.5892 	EXP 	line2: autoDraw = False
278.5892 	EXP 	line3: autoDraw = False
278.5892 	EXP 	line4: autoDraw = False
278.5892 	EXP 	probe: autoDraw = False
278.5892 	EXP 	fixation: autoDraw = True
278.7903 	EXP 	Device response: <KeyPress from None: t=278.5635700999992, value=z, duration=0.22338929999386892>
279.5740 	EXP 	line1: autoDraw = True
279.5740 	EXP 	line2: autoDraw = True
279.5740 	EXP 	line3: autoDraw = True
279.5740 	EXP 	line4: autoDraw = True
279.5907 	EXP 	fixation: autoDraw = False
280.5740 	INFO 	Keyboard events cleared
280.5738 	EXP 	probe: autoDraw = True
281.0725 	EXP 	Device response: <KeyPress from None: t=281.0646351999894, value=x, duration=None>
281.0730 	EXP 	New trial (rep=28, index=1): <Trial 113 (1 in rep 28) data={'pos': np.int64(150), 'corr_resp': 'v', 'thisN': 113, 'thisTrialN': 1, 'thisRepN': 28}>
281.0742 	DATA 	Keypress: x
281.0892 	EXP 	fixation: autoDraw = False
281.0892 	EXP 	line1: autoDraw = False
281.0892 	EXP 	line2: autoDraw = False
281.0892 	EXP 	line3: autoDraw = False
281.0892 	EXP 	line4: autoDraw = False
281.0892 	EXP 	probe: autoDraw = False
281.0892 	EXP 	fixation: autoDraw = True
281.2575 	EXP 	Device response: <KeyPress from None: t=281.0646351999894, value=x, duration=0.18790910000097938>
282.0723 	EXP 	line1: autoDraw = True
282.0723 	EXP 	line2: autoDraw = True
282.0723 	EXP 	line3: autoDraw = True
282.0723 	EXP 	line4: autoDraw = True
282.0891 	EXP 	fixation: autoDraw = False
283.0744 	INFO 	Keyboard events cleared
283.0742 	EXP 	probe: autoDraw = True
283.4241 	EXP 	Device response: <KeyPress from None: t=283.412849299988, value=v, duration=None>
283.4245 	EXP 	New trial (rep=28, index=2): <Trial 114 (2 in rep 28) data={'pos': np.int64(50), 'corr_resp': 'c', 'thisN': 114, 'thisTrialN': 2, 'thisRepN': 28}>
283.4257 	DATA 	Keypress: v
283.4408 	EXP 	fixation: autoDraw = False
283.4408 	EXP 	line1: autoDraw = False
283.4408 	EXP 	line2: autoDraw = False
283.4408 	EXP 	line3: autoDraw = False
283.4408 	EXP 	line4: autoDraw = False
283.4408 	EXP 	probe: autoDraw = False
283.4408 	EXP 	fixation: autoDraw = True
283.6894 	EXP 	Device response: <KeyPress from None: t=283.412849299988, value=v, duration=0.2623072999995202>
284.4238 	EXP 	line1: autoDraw = True
284.4238 	EXP 	line2: autoDraw = True
284.4238 	EXP 	line3: autoDraw = True
284.4238 	EXP 	line4: autoDraw = True
284.4402 	EXP 	fixation: autoDraw = False
285.4241 	INFO 	Keyboard events cleared
285.4239 	EXP 	probe: autoDraw = True
285.9075 	EXP 	Device response: <KeyPress from None: t=285.8987197999959, value=c, duration=None>
285.9078 	EXP 	New trial (rep=28, index=3): <Trial 115 (3 in rep 28) data={'pos': np.int64(-150), 'corr_resp': 'z', 'thisN': 115, 'thisTrialN': 3, 'thisRepN': 28}>
285.9090 	DATA 	Keypress: c
285.9239 	EXP 	fixation: autoDraw = False
285.9239 	EXP 	line1: autoDraw = False
285.9239 	EXP 	line2: autoDraw = False
285.9239 	EXP 	line3: autoDraw = False
285.9239 	EXP 	line4: autoDraw = False
285.9239 	EXP 	probe: autoDraw = False
285.9239 	EXP 	fixation: autoDraw = True
286.1229 	EXP 	Device response: <KeyPress from None: t=285.8987197999959, value=c, duration=0.21118529999512248>
286.9068 	EXP 	line1: autoDraw = True
286.9068 	EXP 	line2: autoDraw = True
286.9068 	EXP 	line3: autoDraw = True
286.9068 	EXP 	line4: autoDraw = True
286.9242 	EXP 	fixation: autoDraw = False
287.9227 	INFO 	Keyboard events cleared
287.9225 	EXP 	probe: autoDraw = True
288.2907 	EXP 	Device response: <KeyPress from None: t=288.2773315999948, value=z, duration=None>
288.2912 	EXP 	New trial (rep=29, index=0): <Trial 116 (0 in rep 29) data={'pos': np.int64(-50), 'corr_resp': 'x', 'thisN': 116, 'thisTrialN': 0, 'thisRepN': 29}>
288.2927 	DATA 	Keypress: z
288.3060 	EXP 	fixation: autoDraw = False
288.3060 	EXP 	line1: autoDraw = False
288.3060 	EXP 	line2: autoDraw = False
288.3060 	EXP 	line3: autoDraw = False
288.3060 	EXP 	line4: autoDraw = False
288.3060 	EXP 	probe: autoDraw = False
288.3060 	EXP 	fixation: autoDraw = True
288.5241 	EXP 	Device response: <KeyPress from None: t=288.2773315999948, value=z, duration=0.24344879999989644>
289.2906 	EXP 	line1: autoDraw = True
289.2906 	EXP 	line2: autoDraw = True
289.2906 	EXP 	line3: autoDraw = True
289.2906 	EXP 	line4: autoDraw = True
289.3068 	EXP 	fixation: autoDraw = False
290.3078 	INFO 	Keyboard events cleared
290.3076 	EXP 	probe: autoDraw = True
290.6408 	EXP 	Device response: <KeyPress from None: t=290.63754840000183, value=x, duration=None>
290.6413 	EXP 	New trial (rep=29, index=1): <Trial 117 (1 in rep 29) data={'pos': np.int64(150), 'corr_resp': 'v', 'thisN': 117, 'thisTrialN': 1, 'thisRepN': 29}>
290.6425 	DATA 	Keypress: x
290.6569 	EXP 	fixation: autoDraw = False
290.6569 	EXP 	line1: autoDraw = False
290.6569 	EXP 	line2: autoDraw = False
290.6569 	EXP 	line3: autoDraw = False
290.6569 	EXP 	line4: autoDraw = False
290.6569 	EXP 	probe: autoDraw = False
290.6569 	EXP 	fixation: autoDraw = True
290.8240 	EXP 	Device response: <KeyPress from None: t=290.63754840000183, value=x, duration=0.1783114999998361>
291.6562 	EXP 	fixation: autoDraw = False
291.6562 	EXP 	line1: autoDraw = True
291.6562 	EXP 	line2: autoDraw = True
291.6562 	EXP 	line3: autoDraw = True
291.6562 	EXP 	line4: autoDraw = True
292.6411 	INFO 	Keyboard events cleared
292.6409 	EXP 	probe: autoDraw = True
293.0409 	EXP 	Device response: <KeyPress from None: t=293.0375698999851, value=v, duration=None>
293.0413 	EXP 	New trial (rep=29, index=2): <Trial 118 (2 in rep 29) data={'pos': np.int64(50), 'corr_resp': 'c', 'thisN': 118, 'thisTrialN': 2, 'thisRepN': 29}>
293.0425 	DATA 	Keypress: v
293.0566 	EXP 	fixation: autoDraw = False
293.0566 	EXP 	line1: autoDraw = False
293.0566 	EXP 	line2: autoDraw = False
293.0566 	EXP 	line3: autoDraw = False
293.0566 	EXP 	line4: autoDraw = False
293.0566 	EXP 	probe: autoDraw = False
293.0566 	EXP 	fixation: autoDraw = True
293.2398 	EXP 	Device response: <KeyPress from None: t=293.0375698999851, value=v, duration=0.1879876000166405>
294.0576 	EXP 	fixation: autoDraw = False
294.0576 	EXP 	line1: autoDraw = True
294.0576 	EXP 	line2: autoDraw = True
294.0576 	EXP 	line3: autoDraw = True
294.0576 	EXP 	line4: autoDraw = True
295.0415 	INFO 	Keyboard events cleared
295.0412 	EXP 	probe: autoDraw = True
295.4065 	EXP 	Device response: <KeyPress from None: t=295.40137129998766, value=c, duration=None>
295.4070 	EXP 	New trial (rep=29, index=3): <Trial 119 (3 in rep 29) data={'pos': np.int64(-150), 'corr_resp': 'z', 'thisN': 119, 'thisTrialN': 3, 'thisRepN': 29}>
295.4081 	DATA 	Keypress: c
295.4234 	EXP 	fixation: autoDraw = False
295.4234 	EXP 	line1: autoDraw = False
295.4234 	EXP 	line2: autoDraw = False
295.4234 	EXP 	line3: autoDraw = False
295.4234 	EXP 	line4: autoDraw = False
295.4234 	EXP 	probe: autoDraw = False
295.4234 	EXP 	fixation: autoDraw = True
295.6082 	EXP 	Device response: <KeyPress from None: t=295.40137129998766, value=c, duration=0.2039439000072889>
296.4075 	EXP 	line1: autoDraw = True
296.4075 	EXP 	line2: autoDraw = True
296.4075 	EXP 	line3: autoDraw = True
296.4075 	EXP 	line4: autoDraw = True
296.4245 	EXP 	fixation: autoDraw = False
297.4067 	INFO 	Keyboard events cleared
297.4065 	EXP 	probe: autoDraw = True
297.7744 	EXP 	Device response: <KeyPress from None: t=297.77184490000946, value=z, duration=None>
297.7747 	EXP 	New trial (rep=30, index=0): <Trial 120 (0 in rep 30) data={'pos': np.int64(-50), 'corr_resp': 'x', 'thisN': 120, 'thisTrialN': 0, 'thisRepN': 30}>
297.7760 	DATA 	Keypress: z
297.7890 	EXP 	fixation: autoDraw = False
297.7890 	EXP 	line1: autoDraw = False
297.7890 	EXP 	line2: autoDraw = False
297.7890 	EXP 	line3: autoDraw = False
297.7890 	EXP 	line4: autoDraw = False
297.7890 	EXP 	probe: autoDraw = False
297.7890 	EXP 	fixation: autoDraw = True
297.9581 	EXP 	Device response: <KeyPress from None: t=297.77184490000946, value=z, duration=0.17567899997811764>
298.7742 	EXP 	line1: autoDraw = True
298.7742 	EXP 	line2: autoDraw = True
298.7742 	EXP 	line3: autoDraw = True
298.7742 	EXP 	line4: autoDraw = True
298.7902 	EXP 	fixation: autoDraw = False
299.7904 	INFO 	Keyboard events cleared
299.7902 	EXP 	probe: autoDraw = True
300.1233 	EXP 	Device response: <KeyPress from None: t=300.1123907000001, value=x, duration=None>
300.1236 	EXP 	New trial (rep=30, index=1): <Trial 121 (1 in rep 30) data={'pos': np.int64(150), 'corr_resp': 'v', 'thisN': 121, 'thisTrialN': 1, 'thisRepN': 30}>
300.1248 	DATA 	Keypress: x
300.1410 	EXP 	fixation: autoDraw = False
300.1410 	EXP 	line1: autoDraw = False
300.1410 	EXP 	line2: autoDraw = False
300.1410 	EXP 	line3: autoDraw = False
300.1410 	EXP 	line4: autoDraw = False
300.1410 	EXP 	probe: autoDraw = False
300.1410 	EXP 	fixation: autoDraw = True
300.3072 	EXP 	Device response: <KeyPress from None: t=300.1123907000001, value=x, duration=0.19110729999374598>
301.1227 	EXP 	line1: autoDraw = True
301.1227 	EXP 	line2: autoDraw = True
301.1227 	EXP 	line3: autoDraw = True
301.1227 	EXP 	line4: autoDraw = True
301.1577 	EXP 	fixation: autoDraw = False
302.1247 	INFO 	Keyboard events cleared
302.1245 	EXP 	probe: autoDraw = True
302.4069 	EXP 	Device response: <KeyPress from None: t=302.3939779000066, value=v, duration=None>
302.4073 	EXP 	New trial (rep=30, index=2): <Trial 122 (2 in rep 30) data={'pos': np.int64(50), 'corr_resp': 'c', 'thisN': 122, 'thisTrialN': 2, 'thisRepN': 30}>
302.4084 	DATA 	Keypress: v
302.4244 	EXP 	fixation: autoDraw = False
302.4244 	EXP 	line1: autoDraw = False
302.4244 	EXP 	line2: autoDraw = False
302.4244 	EXP 	line3: autoDraw = False
302.4244 	EXP 	line4: autoDraw = False
302.4244 	EXP 	probe: autoDraw = False
302.4244 	EXP 	fixation: autoDraw = True
302.6575 	EXP 	Device response: <KeyPress from None: t=302.3939779000066, value=v, duration=0.24969179998151958>
303.4075 	EXP 	line1: autoDraw = True
303.4075 	EXP 	line2: autoDraw = True
303.4075 	EXP 	line3: autoDraw = True
303.4075 	EXP 	line4: autoDraw = True
303.4245 	EXP 	fixation: autoDraw = False
304.4077 	INFO 	Keyboard events cleared
304.4074 	EXP 	probe: autoDraw = True
305.8577 	EXP 	Device response: <KeyPress from None: t=305.8449597999861, value=c, duration=None>
305.8580 	EXP 	New trial (rep=30, index=3): <Trial 123 (3 in rep 30) data={'pos': np.int64(-150), 'corr_resp': 'z', 'thisN': 123, 'thisTrialN': 3, 'thisRepN': 30}>
305.8592 	DATA 	Keypress: c
305.8739 	EXP 	fixation: autoDraw = False
305.8739 	EXP 	line1: autoDraw = False
305.8739 	EXP 	line2: autoDraw = False
305.8739 	EXP 	line3: autoDraw = False
305.8739 	EXP 	line4: autoDraw = False
305.8739 	EXP 	probe: autoDraw = False
305.8739 	EXP 	fixation: autoDraw = True
306.0415 	EXP 	Device response: <KeyPress from None: t=305.8449597999861, value=c, duration=0.18536180001683533>
306.8577 	EXP 	line1: autoDraw = True
306.8577 	EXP 	line2: autoDraw = True
306.8577 	EXP 	line3: autoDraw = True
306.8577 	EXP 	line4: autoDraw = True
306.8736 	EXP 	fixation: autoDraw = False
307.8581 	INFO 	Keyboard events cleared
307.8579 	EXP 	probe: autoDraw = True
308.1103 	DATA 	Keypress: z
308.1240 	EXP 	Device response: <KeyPress from None: t=308.109566500003, value=z, duration=None>
308.1245 	EXP 	New trial (rep=31, index=0): <Trial 124 (0 in rep 31) data={'pos': np.int64(-50), 'corr_resp': 'x', 'thisN': 124, 'thisTrialN': 0, 'thisRepN': 31}>
308.1394 	EXP 	fixation: autoDraw = False
308.1394 	EXP 	line1: autoDraw = False
308.1394 	EXP 	line2: autoDraw = False
308.1394 	EXP 	line3: autoDraw = False
308.1394 	EXP 	line4: autoDraw = False
308.1394 	EXP 	probe: autoDraw = False
308.1394 	EXP 	fixation: autoDraw = True
308.3418 	EXP 	Device response: <KeyPress from None: t=308.109566500003, value=z, duration=0.22959800000535324>
309.1245 	EXP 	line1: autoDraw = True
309.1245 	EXP 	line2: autoDraw = True
309.1245 	EXP 	line3: autoDraw = True
309.1245 	EXP 	line4: autoDraw = True
309.1411 	EXP 	fixation: autoDraw = False
310.1243 	INFO 	Keyboard events cleared
310.1241 	EXP 	probe: autoDraw = True
310.5604 	DATA 	Keypress: x
310.5748 	EXP 	Device response: <KeyPress from None: t=310.55967300001066, value=x, duration=None>
310.5753 	EXP 	New trial (rep=31, index=1): <Trial 125 (1 in rep 31) data={'pos': np.int64(150), 'corr_resp': 'v', 'thisN': 125, 'thisTrialN': 1, 'thisRepN': 31}>
310.5900 	EXP 	fixation: autoDraw = False
310.5900 	EXP 	line1: autoDraw = False
310.5900 	EXP 	line2: autoDraw = False
310.5900 	EXP 	line3: autoDraw = False
310.5900 	EXP 	line4: autoDraw = False
310.5900 	EXP 	probe: autoDraw = False
310.5900 	EXP 	fixation: autoDraw = True
310.7753 	EXP 	Device response: <KeyPress from None: t=310.55967300001066, value=x, duration=0.20190369998454116>
311.5746 	EXP 	line1: autoDraw = True
311.5746 	EXP 	line2: autoDraw = True
311.5746 	EXP 	line3: autoDraw = True
311.5746 	EXP 	line4: autoDraw = True
311.5908 	EXP 	fixation: autoDraw = False
312.5750 	INFO 	Keyboard events cleared
312.5748 	EXP 	probe: autoDraw = True
312.8915 	EXP 	Device response: <KeyPress from None: t=312.8884276000026, value=v, duration=None>
312.8919 	EXP 	New trial (rep=31, index=2): <Trial 126 (2 in rep 31) data={'pos': np.int64(50), 'corr_resp': 'c', 'thisN': 126, 'thisTrialN': 2, 'thisRepN': 31}>
312.8931 	DATA 	Keypress: v
312.9067 	EXP 	fixation: autoDraw = False
312.9067 	EXP 	line1: autoDraw = False
312.9067 	EXP 	line2: autoDraw = False
312.9067 	EXP 	line3: autoDraw = False
312.9067 	EXP 	line4: autoDraw = False
312.9067 	EXP 	probe: autoDraw = False
312.9067 	EXP 	fixation: autoDraw = True
313.1074 	EXP 	Device response: <KeyPress from None: t=312.8884276000026, value=v, duration=0.2046208999818191>
313.8912 	EXP 	line1: autoDraw = True
313.8912 	EXP 	line2: autoDraw = True
313.8912 	EXP 	line3: autoDraw = True
313.8912 	EXP 	line4: autoDraw = True
313.9071 	EXP 	fixation: autoDraw = False
314.8907 	INFO 	Keyboard events cleared
314.8905 	EXP 	probe: autoDraw = True
315.1570 	EXP 	Device response: <KeyPress from None: t=315.1429492000025, value=c, duration=None>
315.1573 	EXP 	New trial (rep=31, index=3): <Trial 127 (3 in rep 31) data={'pos': np.int64(-150), 'corr_resp': 'z', 'thisN': 127, 'thisTrialN': 3, 'thisRepN': 31}>
315.1585 	DATA 	Keypress: c
315.1746 	EXP 	fixation: autoDraw = False
315.1746 	EXP 	line1: autoDraw = False
315.1746 	EXP 	line2: autoDraw = False
315.1746 	EXP 	line3: autoDraw = False
315.1746 	EXP 	line4: autoDraw = False
315.1746 	EXP 	probe: autoDraw = False
315.1746 	EXP 	fixation: autoDraw = True
315.3411 	EXP 	Device response: <KeyPress from None: t=315.1429492000025, value=c, duration=0.19075270000030287>
316.1577 	EXP 	line1: autoDraw = True
316.1577 	EXP 	line2: autoDraw = True
316.1577 	EXP 	line3: autoDraw = True
316.1577 	EXP 	line4: autoDraw = True
316.1742 	EXP 	fixation: autoDraw = False
317.1582 	INFO 	Keyboard events cleared
317.1579 	EXP 	probe: autoDraw = True
317.5734 	EXP 	Device response: <KeyPress from None: t=317.55976309999824, value=z, duration=None>
317.5738 	EXP 	New trial (rep=32, index=0): <Trial 128 (0 in rep 32) data={'pos': np.int64(-50), 'corr_resp': 'x', 'thisN': 128, 'thisTrialN': 0, 'thisRepN': 32}>
317.5752 	DATA 	Keypress: z
317.5901 	EXP 	fixation: autoDraw = False
317.5901 	EXP 	line1: autoDraw = False
317.5901 	EXP 	line2: autoDraw = False
317.5901 	EXP 	line3: autoDraw = False
317.5901 	EXP 	line4: autoDraw = False
317.5901 	EXP 	probe: autoDraw = False
317.5901 	EXP 	fixation: autoDraw = True
317.8085 	EXP 	Device response: <KeyPress from None: t=317.55976309999824, value=z, duration=0.23819529998581856>
318.5737 	EXP 	line1: autoDraw = True
318.5737 	EXP 	line2: autoDraw = True
318.5737 	EXP 	line3: autoDraw = True
318.5737 	EXP 	line4: autoDraw = True
318.5909 	EXP 	fixation: autoDraw = False
319.5746 	INFO 	Keyboard events cleared
319.5744 	EXP 	probe: autoDraw = True
319.8574 	EXP 	Device response: <KeyPress from None: t=319.8541362999822, value=x, duration=None>
319.8578 	EXP 	New trial (rep=32, index=1): <Trial 129 (1 in rep 32) data={'pos': np.int64(150), 'corr_resp': 'v', 'thisN': 129, 'thisTrialN': 1, 'thisRepN': 32}>
319.8590 	DATA 	Keypress: x
319.8731 	EXP 	fixation: autoDraw = False
319.8731 	EXP 	line1: autoDraw = False
319.8731 	EXP 	line2: autoDraw = False
319.8731 	EXP 	line3: autoDraw = False
319.8731 	EXP 	line4: autoDraw = False
319.8731 	EXP 	probe: autoDraw = False
319.8731 	EXP 	fixation: autoDraw = True
320.0075 	EXP 	Device response: <KeyPress from None: t=319.8541362999822, value=x, duration=0.13980080001056194>
320.8581 	EXP 	line1: autoDraw = True
320.8581 	EXP 	line2: autoDraw = True
320.8581 	EXP 	line3: autoDraw = True
320.8581 	EXP 	line4: autoDraw = True
320.8750 	EXP 	fixation: autoDraw = False
321.8581 	INFO 	Keyboard events cleared
321.8579 	EXP 	probe: autoDraw = True
322.0442 	DATA 	Keypress: v
322.0580 	EXP 	Device response: <KeyPress from None: t=322.042145799991, value=v, duration=None>
322.0585 	EXP 	New trial (rep=32, index=2): <Trial 130 (2 in rep 32) data={'pos': np.int64(50), 'corr_resp': 'c', 'thisN': 130, 'thisTrialN': 2, 'thisRepN': 32}>
322.0729 	EXP 	fixation: autoDraw = False
322.0729 	EXP 	line1: autoDraw = False
322.0729 	EXP 	line2: autoDraw = False
322.0729 	EXP 	line3: autoDraw = False
322.0729 	EXP 	line4: autoDraw = False
322.0729 	EXP 	probe: autoDraw = False
322.0729 	EXP 	fixation: autoDraw = True
322.2415 	EXP 	Device response: <KeyPress from None: t=322.042145799991, value=v, duration=0.1911971000081394>
323.0748 	EXP 	fixation: autoDraw = False
323.0748 	EXP 	line1: autoDraw = True
323.0748 	EXP 	line2: autoDraw = True
323.0748 	EXP 	line3: autoDraw = True
323.0748 	EXP 	line4: autoDraw = True
324.0582 	INFO 	Keyboard events cleared
324.0580 	EXP 	probe: autoDraw = True
324.2606 	DATA 	Keypress: c
324.2748 	EXP 	Device response: <KeyPress from None: t=324.2596801999898, value=c, duration=None>
324.2753 	EXP 	New trial (rep=32, index=3): <Trial 131 (3 in rep 32) data={'pos': np.int64(-150), 'corr_resp': 'z', 'thisN': 131, 'thisTrialN': 3, 'thisRepN': 32}>
324.2902 	EXP 	fixation: autoDraw = False
324.2902 	EXP 	line1: autoDraw = False
324.2902 	EXP 	line2: autoDraw = False
324.2902 	EXP 	line3: autoDraw = False
324.2902 	EXP 	line4: autoDraw = False
324.2902 	EXP 	probe: autoDraw = False
324.2902 	EXP 	fixation: autoDraw = True
324.4236 	EXP 	Device response: <KeyPress from None: t=324.2596801999898, value=c, duration=0.14911719999508932>
325.2746 	EXP 	line1: autoDraw = True
325.2746 	EXP 	line2: autoDraw = True
325.2746 	EXP 	line3: autoDraw = True
325.2746 	EXP 	line4: autoDraw = True
325.2907 	EXP 	fixation: autoDraw = False
326.2749 	INFO 	Keyboard events cleared
326.2747 	EXP 	probe: autoDraw = True
326.5904 	EXP 	Device response: <KeyPress from None: t=326.5838816000032, value=z, duration=None>
326.5911 	EXP 	New trial (rep=33, index=0): <Trial 132 (0 in rep 33) data={'pos': np.int64(-50), 'corr_resp': 'x', 'thisN': 132, 'thisTrialN': 0, 'thisRepN': 33}>
326.5922 	DATA 	Keypress: z
326.6078 	EXP 	fixation: autoDraw = False
326.6078 	EXP 	line1: autoDraw = False
326.6078 	EXP 	line2: autoDraw = False
326.6078 	EXP 	line3: autoDraw = False
326.6078 	EXP 	line4: autoDraw = False
326.6078 	EXP 	probe: autoDraw = False
326.6078 	EXP 	fixation: autoDraw = True
326.7423 	EXP 	Device response: <KeyPress from None: t=326.5838816000032, value=z, duration=0.15304449998075143>
327.5914 	EXP 	line1: autoDraw = True
327.5914 	EXP 	line2: autoDraw = True
327.5914 	EXP 	line3: autoDraw = True
327.5914 	EXP 	line4: autoDraw = True
327.6079 	EXP 	fixation: autoDraw = False
328.5916 	INFO 	Keyboard events cleared
328.5914 	EXP 	probe: autoDraw = True
328.7597 	DATA 	Keypress: x
328.7752 	EXP 	Device response: <KeyPress from None: t=328.7589977000025, value=x, duration=None>
328.7756 	EXP 	New trial (rep=33, index=1): <Trial 133 (1 in rep 33) data={'pos': np.int64(150), 'corr_resp': 'v', 'thisN': 133, 'thisTrialN': 1, 'thisRepN': 33}>
328.7905 	EXP 	fixation: autoDraw = False
328.7905 	EXP 	line1: autoDraw = False
328.7905 	EXP 	line2: autoDraw = False
328.7905 	EXP 	line3: autoDraw = False
328.7905 	EXP 	line4: autoDraw = False
328.7905 	EXP 	probe: autoDraw = False
328.7905 	EXP 	fixation: autoDraw = True
328.8570 	EXP 	Device response: <KeyPress from None: t=328.7589977000025, value=x, duration=0.09215479998965748>
329.7913 	EXP 	fixation: autoDraw = False
329.7913 	EXP 	line1: autoDraw = True
329.7913 	EXP 	line2: autoDraw = True
329.7913 	EXP 	line3: autoDraw = True
329.7913 	EXP 	line4: autoDraw = True
330.7750 	INFO 	Keyboard events cleared
330.7748 	EXP 	probe: autoDraw = True
331.1241 	EXP 	Device response: <KeyPress from None: t=331.122199800011, value=v, duration=None>
331.1245 	EXP 	New trial (rep=33, index=2): <Trial 134 (2 in rep 33) data={'pos': np.int64(50), 'corr_resp': 'c', 'thisN': 134, 'thisTrialN': 2, 'thisRepN': 33}>
331.1257 	DATA 	Keypress: v
331.1404 	EXP 	fixation: autoDraw = False
331.1404 	EXP 	line1: autoDraw = False
331.1404 	EXP 	line2: autoDraw = False
331.1404 	EXP 	line3: autoDraw = False
331.1404 	EXP 	line4: autoDraw = False
331.1404 	EXP 	probe: autoDraw = False
331.1404 	EXP 	fixation: autoDraw = True
331.3241 	EXP 	Device response: <KeyPress from None: t=331.122199800011, value=v, duration=0.1885290999780409>
332.1244 	EXP 	line1: autoDraw = True
332.1244 	EXP 	line2: autoDraw = True
332.1244 	EXP 	line3: autoDraw = True
332.1244 	EXP 	line4: autoDraw = True
332.1413 	EXP 	fixation: autoDraw = False
333.1418 	INFO 	Keyboard events cleared
333.1416 	EXP 	probe: autoDraw = True
333.4606 	DATA 	Keypress: c
333.4744 	EXP 	Device response: <KeyPress from None: t=333.4589616000012, value=c, duration=None>
333.4747 	EXP 	New trial (rep=33, index=3): <Trial 135 (3 in rep 33) data={'pos': np.int64(-150), 'corr_resp': 'z', 'thisN': 135, 'thisTrialN': 3, 'thisRepN': 33}>
333.4913 	EXP 	fixation: autoDraw = False
333.4913 	EXP 	line1: autoDraw = False
333.4913 	EXP 	line2: autoDraw = False
333.4913 	EXP 	line3: autoDraw = False
333.4913 	EXP 	line4: autoDraw = False
333.4913 	EXP 	probe: autoDraw = False
333.4913 	EXP 	fixation: autoDraw = True
333.6239 	EXP 	Device response: <KeyPress from None: t=333.4589616000012, value=c, duration=0.16183470000396483>
334.4744 	EXP 	line1: autoDraw = True
334.4744 	EXP 	line2: autoDraw = True
334.4744 	EXP 	line3: autoDraw = True
334.4744 	EXP 	line4: autoDraw = True
334.4912 	EXP 	fixation: autoDraw = False
335.4753 	INFO 	Keyboard events cleared
335.4751 	EXP 	probe: autoDraw = True
335.7587 	EXP 	Device response: <KeyPress from None: t=335.7569422000088, value=z, duration=None>
335.7590 	EXP 	New trial (rep=34, index=0): <Trial 136 (0 in rep 34) data={'pos': np.int64(-50), 'corr_resp': 'x', 'thisN': 136, 'thisTrialN': 0, 'thisRepN': 34}>
335.7602 	DATA 	Keypress: z
335.7738 	EXP 	fixation: autoDraw = False
335.7738 	EXP 	line1: autoDraw = False
335.7738 	EXP 	line2: autoDraw = False
335.7738 	EXP 	line3: autoDraw = False
335.7738 	EXP 	line4: autoDraw = False
335.7738 	EXP 	probe: autoDraw = False
335.7738 	EXP 	fixation: autoDraw = True
335.9412 	EXP 	Device response: <KeyPress from None: t=335.7569422000088, value=z, duration=0.1682266999850981>
336.7581 	EXP 	line1: autoDraw = True
336.7581 	EXP 	line2: autoDraw = True
336.7581 	EXP 	line3: autoDraw = True
336.7581 	EXP 	line4: autoDraw = True
336.7747 	EXP 	fixation: autoDraw = False
337.7735 	INFO 	Keyboard events cleared
337.7733 	EXP 	probe: autoDraw = True
338.2583 	DATA 	Keypress: x
338.2740 	EXP 	Device response: <KeyPress from None: t=338.2568726000027, value=x, duration=None>
338.2744 	EXP 	New trial (rep=34, index=1): <Trial 137 (1 in rep 34) data={'pos': np.int64(150), 'corr_resp': 'v', 'thisN': 137, 'thisTrialN': 1, 'thisRepN': 34}>
338.2895 	EXP 	fixation: autoDraw = False
338.2895 	EXP 	line1: autoDraw = False
338.2895 	EXP 	line2: autoDraw = False
338.2895 	EXP 	line3: autoDraw = False
338.2895 	EXP 	line4: autoDraw = False
338.2895 	EXP 	probe: autoDraw = False
338.2895 	EXP 	fixation: autoDraw = True
338.4070 	EXP 	Device response: <KeyPress from None: t=338.2568726000027, value=x, duration=0.14591249998193234>
339.2895 	EXP 	fixation: autoDraw = False
339.2895 	EXP 	line1: autoDraw = True
339.2895 	EXP 	line2: autoDraw = True
339.2895 	EXP 	line3: autoDraw = True
339.2895 	EXP 	line4: autoDraw = True
340.2728 	INFO 	Keyboard events cleared
340.2727 	EXP 	probe: autoDraw = True
340.5569 	EXP 	Device response: <KeyPress from None: t=340.55526349999127, value=v, duration=None>
340.5572 	EXP 	New trial (rep=34, index=2): <Trial 138 (2 in rep 34) data={'pos': np.int64(50), 'corr_resp': 'c', 'thisN': 138, 'thisTrialN': 2, 'thisRepN': 34}>
340.5580 	DATA 	Keypress: v
340.5735 	EXP 	fixation: autoDraw = False
340.5735 	EXP 	line1: autoDraw = False
340.5735 	EXP 	line2: autoDraw = False
340.5735 	EXP 	line3: autoDraw = False
340.5735 	EXP 	line4: autoDraw = False
340.5735 	EXP 	probe: autoDraw = False
340.5735 	EXP 	fixation: autoDraw = True
340.7894 	EXP 	Device response: <KeyPress from None: t=340.55526349999127, value=v, duration=0.21906050000688992>
341.5736 	EXP 	fixation: autoDraw = False
341.5736 	EXP 	line1: autoDraw = True
341.5736 	EXP 	line2: autoDraw = True
341.5736 	EXP 	line3: autoDraw = True
341.5736 	EXP 	line4: autoDraw = True
342.5738 	INFO 	Keyboard events cleared
342.5737 	EXP 	probe: autoDraw = True
342.9410 	DATA 	Keypress: c
342.9570 	EXP 	Device response: <KeyPress from None: t=342.9404011000006, value=c, duration=None>
342.9573 	EXP 	New trial (rep=34, index=3): <Trial 139 (3 in rep 34) data={'pos': np.int64(-150), 'corr_resp': 'z', 'thisN': 139, 'thisTrialN': 3, 'thisRepN': 34}>
342.9739 	EXP 	fixation: autoDraw = False
342.9739 	EXP 	line1: autoDraw = False
342.9739 	EXP 	line2: autoDraw = False
342.9739 	EXP 	line3: autoDraw = False
342.9739 	EXP 	line4: autoDraw = False
342.9739 	EXP 	probe: autoDraw = False
342.9739 	EXP 	fixation: autoDraw = True
343.1397 	EXP 	Device response: <KeyPress from None: t=342.9404011000006, value=c, duration=0.18642650000401773>
343.9727 	EXP 	fixation: autoDraw = False
343.9727 	EXP 	line1: autoDraw = True
343.9727 	EXP 	line2: autoDraw = True
343.9727 	EXP 	line3: autoDraw = True
343.9727 	EXP 	line4: autoDraw = True
344.9585 	INFO 	Keyboard events cleared
344.9583 	EXP 	probe: autoDraw = True
345.2924 	EXP 	Device response: <KeyPress from None: t=345.2815980000014, value=z, duration=None>
345.2929 	EXP 	New trial (rep=35, index=0): <Trial 140 (0 in rep 35) data={'pos': np.int64(-50), 'corr_resp': 'x', 'thisN': 140, 'thisTrialN': 0, 'thisRepN': 35}>
345.2942 	DATA 	Keypress: z
345.3064 	EXP 	fixation: autoDraw = False
345.3064 	EXP 	line1: autoDraw = False
345.3064 	EXP 	line2: autoDraw = False
345.3064 	EXP 	line3: autoDraw = False
345.3064 	EXP 	line4: autoDraw = False
345.3064 	EXP 	probe: autoDraw = False
345.3064 	EXP 	fixation: autoDraw = True
345.4414 	EXP 	Device response: <KeyPress from None: t=345.2815980000014, value=z, duration=0.1512425999972038>
346.3078 	EXP 	fixation: autoDraw = False
346.3078 	EXP 	line1: autoDraw = True
346.3078 	EXP 	line2: autoDraw = True
346.3078 	EXP 	line3: autoDraw = True
346.3078 	EXP 	line4: autoDraw = True
347.3076 	INFO 	Keyboard events cleared
347.3074 	EXP 	probe: autoDraw = True
347.6237 	EXP 	Device response: <KeyPress from None: t=347.60943899999256, value=x, duration=None>
347.6241 	EXP 	New trial (rep=35, index=1): <Trial 141 (1 in rep 35) data={'pos': np.int64(150), 'corr_resp': 'v', 'thisN': 141, 'thisTrialN': 1, 'thisRepN': 35}>
347.6258 	DATA 	Keypress: x
347.6397 	EXP 	fixation: autoDraw = False
347.6397 	EXP 	line1: autoDraw = False
347.6397 	EXP 	line2: autoDraw = False
347.6397 	EXP 	line3: autoDraw = False
347.6397 	EXP 	line4: autoDraw = False
347.6397 	EXP 	probe: autoDraw = False
347.6397 	EXP 	fixation: autoDraw = True
347.7915 	EXP 	Device response: <KeyPress from None: t=347.60943899999256, value=x, duration=0.1760847000114154>
348.6403 	EXP 	fixation: autoDraw = False
348.6403 	EXP 	line1: autoDraw = True
348.6403 	EXP 	line2: autoDraw = True
348.6403 	EXP 	line3: autoDraw = True
348.6403 	EXP 	line4: autoDraw = True
349.6404 	INFO 	Keyboard events cleared
349.6403 	EXP 	probe: autoDraw = True
349.9405 	EXP 	Device response: <KeyPress from None: t=349.92932180000935, value=v, duration=None>
349.9408 	EXP 	New trial (rep=35, index=2): <Trial 142 (2 in rep 35) data={'pos': np.int64(50), 'corr_resp': 'c', 'thisN': 142, 'thisTrialN': 2, 'thisRepN': 35}>
349.9417 	DATA 	Keypress: v
349.9561 	EXP 	fixation: autoDraw = False
349.9561 	EXP 	line1: autoDraw = False
349.9561 	EXP 	line2: autoDraw = False
349.9561 	EXP 	line3: autoDraw = False
349.9561 	EXP 	line4: autoDraw = False
349.9561 	EXP 	probe: autoDraw = False
349.9561 	EXP 	fixation: autoDraw = True
350.1239 	EXP 	Device response: <KeyPress from None: t=349.92932180000935, value=v, duration=0.19134029999258928>
350.9408 	EXP 	line1: autoDraw = True
350.9408 	EXP 	line2: autoDraw = True
350.9408 	EXP 	line3: autoDraw = True
350.9408 	EXP 	line4: autoDraw = True
350.9563 	EXP 	fixation: autoDraw = False
351.9397 	INFO 	Keyboard events cleared
351.9396 	EXP 	probe: autoDraw = True
352.5410 	EXP 	Device response: <KeyPress from None: t=352.53361720000976, value=c, duration=None>
352.5414 	EXP 	New trial (rep=35, index=3): <Trial 143 (3 in rep 35) data={'pos': np.int64(-150), 'corr_resp': 'z', 'thisN': 143, 'thisTrialN': 3, 'thisRepN': 35}>
352.5424 	DATA 	Keypress: c
352.5564 	EXP 	fixation: autoDraw = False
352.5564 	EXP 	line1: autoDraw = False
352.5564 	EXP 	line2: autoDraw = False
352.5564 	EXP 	line3: autoDraw = False
352.5564 	EXP 	line4: autoDraw = False
352.5564 	EXP 	probe: autoDraw = False
352.5564 	EXP 	fixation: autoDraw = True
352.7400 	EXP 	Device response: <KeyPress from None: t=352.53361720000976, value=c, duration=0.19916019999072887>
353.5398 	EXP 	line1: autoDraw = True
353.5398 	EXP 	line2: autoDraw = True
353.5398 	EXP 	line3: autoDraw = True
353.5398 	EXP 	line4: autoDraw = True
353.5569 	EXP 	fixation: autoDraw = False
354.5566 	INFO 	Keyboard events cleared
354.5565 	EXP 	probe: autoDraw = True
354.8239 	EXP 	Device response: <KeyPress from None: t=354.8226282999967, value=z, duration=None>
354.8241 	EXP 	New trial (rep=36, index=0): <Trial 144 (0 in rep 36) data={'pos': np.int64(-50), 'corr_resp': 'x', 'thisN': 144, 'thisTrialN': 0, 'thisRepN': 36}>
354.8249 	DATA 	Keypress: z
354.8403 	EXP 	fixation: autoDraw = False
354.8403 	EXP 	line1: autoDraw = False
354.8403 	EXP 	line2: autoDraw = False
354.8403 	EXP 	line3: autoDraw = False
354.8403 	EXP 	line4: autoDraw = False
354.8403 	EXP 	probe: autoDraw = False
354.8403 	EXP 	fixation: autoDraw = True
354.9905 	EXP 	Device response: <KeyPress from None: t=354.8226282999967, value=z, duration=0.15880249999463558>
355.8252 	EXP 	line1: autoDraw = True
355.8252 	EXP 	line2: autoDraw = True
355.8252 	EXP 	line3: autoDraw = True
355.8252 	EXP 	line4: autoDraw = True
355.8419 	EXP 	fixation: autoDraw = False
356.8254 	INFO 	Keyboard events cleared
356.8252 	EXP 	probe: autoDraw = True
357.1581 	EXP 	Device response: <KeyPress from None: t=357.14855099999113, value=x, duration=None>
357.1584 	EXP 	New trial (rep=36, index=1): <Trial 145 (1 in rep 36) data={'pos': np.int64(150), 'corr_resp': 'v', 'thisN': 145, 'thisTrialN': 1, 'thisRepN': 36}>
357.1594 	DATA 	Keypress: x
357.1753 	EXP 	fixation: autoDraw = False
357.1753 	EXP 	line1: autoDraw = False
357.1753 	EXP 	line2: autoDraw = False
357.1753 	EXP 	line3: autoDraw = False
357.1753 	EXP 	line4: autoDraw = False
357.1753 	EXP 	probe: autoDraw = False
357.1753 	EXP 	fixation: autoDraw = True
357.3080 	EXP 	Device response: <KeyPress from None: t=357.14855099999113, value=x, duration=0.15678900000057183>
358.1587 	EXP 	line1: autoDraw = True
358.1587 	EXP 	line2: autoDraw = True
358.1587 	EXP 	line3: autoDraw = True
358.1587 	EXP 	line4: autoDraw = True
358.1752 	EXP 	fixation: autoDraw = False
359.1752 	INFO 	Keyboard events cleared
359.1750 	EXP 	probe: autoDraw = True
359.4414 	EXP 	Device response: <KeyPress from None: t=359.4271077000012, value=v, duration=None>
359.4418 	EXP 	New trial (rep=36, index=2): <Trial 146 (2 in rep 36) data={'pos': np.int64(50), 'corr_resp': 'c', 'thisN': 146, 'thisTrialN': 2, 'thisRepN': 36}>
359.4430 	DATA 	Keypress: v
359.4583 	EXP 	fixation: autoDraw = False
359.4583 	EXP 	line1: autoDraw = False
359.4583 	EXP 	line2: autoDraw = False
359.4583 	EXP 	line3: autoDraw = False
359.4583 	EXP 	line4: autoDraw = False
359.4583 	EXP 	probe: autoDraw = False
359.4583 	EXP 	fixation: autoDraw = True
359.6420 	EXP 	Device response: <KeyPress from None: t=359.4271077000012, value=v, duration=0.21396359999198467>
360.4416 	EXP 	line1: autoDraw = True
360.4416 	EXP 	line2: autoDraw = True
360.4416 	EXP 	line3: autoDraw = True
360.4416 	EXP 	line4: autoDraw = True
360.4586 	EXP 	fixation: autoDraw = False
361.4422 	INFO 	Keyboard events cleared
361.4420 	EXP 	probe: autoDraw = True
361.7424 	EXP 	Device response: <KeyPress from None: t=361.7366696000099, value=c, duration=None>
361.7429 	EXP 	New trial (rep=36, index=3): <Trial 147 (3 in rep 36) data={'pos': np.int64(-150), 'corr_resp': 'z', 'thisN': 147, 'thisTrialN': 3, 'thisRepN': 36}>
361.7444 	DATA 	Keypress: c
361.7576 	EXP 	fixation: autoDraw = False
361.7576 	EXP 	line1: autoDraw = False
361.7576 	EXP 	line2: autoDraw = False
361.7576 	EXP 	line3: autoDraw = False
361.7576 	EXP 	line4: autoDraw = False
361.7576 	EXP 	probe: autoDraw = False
361.7576 	EXP 	fixation: autoDraw = True
361.9087 	EXP 	Device response: <KeyPress from None: t=361.7366696000099, value=c, duration=0.17116109997732565>
362.7581 	EXP 	fixation: autoDraw = False
362.7581 	EXP 	line1: autoDraw = True
362.7581 	EXP 	line2: autoDraw = True
362.7581 	EXP 	line3: autoDraw = True
362.7581 	EXP 	line4: autoDraw = True
363.7419 	INFO 	Keyboard events cleared
363.7417 	EXP 	probe: autoDraw = True
364.0258 	EXP 	Device response: <KeyPress from None: t=364.0152534999943, value=z, duration=None>
364.0261 	EXP 	New trial (rep=37, index=0): <Trial 148 (0 in rep 37) data={'pos': np.int64(-50), 'corr_resp': 'x', 'thisN': 148, 'thisTrialN': 0, 'thisRepN': 37}>
364.0274 	DATA 	Keypress: z
364.0415 	EXP 	fixation: autoDraw = False
364.0415 	EXP 	line1: autoDraw = False
364.0415 	EXP 	line2: autoDraw = False
364.0415 	EXP 	line3: autoDraw = False
364.0415 	EXP 	line4: autoDraw = False
364.0415 	EXP 	probe: autoDraw = False
364.0415 	EXP 	fixation: autoDraw = True
364.2415 	EXP 	Device response: <KeyPress from None: t=364.0152534999943, value=z, duration=0.22357940001529641>
365.0255 	EXP 	line1: autoDraw = True
365.0255 	EXP 	line2: autoDraw = True
365.0255 	EXP 	line3: autoDraw = True
365.0255 	EXP 	line4: autoDraw = True
365.0421 	EXP 	fixation: autoDraw = False
366.0413 	INFO 	Keyboard events cleared
366.0411 	EXP 	probe: autoDraw = True
366.4742 	EXP 	Device response: <KeyPress from None: t=366.4718215999892, value=x, duration=None>
366.4746 	EXP 	New trial (rep=37, index=1): <Trial 149 (1 in rep 37) data={'pos': np.int64(150), 'corr_resp': 'v', 'thisN': 149, 'thisTrialN': 1, 'thisRepN': 37}>
366.4761 	DATA 	Keypress: x
366.4910 	EXP 	fixation: autoDraw = False
366.4910 	EXP 	line1: autoDraw = False
366.4910 	EXP 	line2: autoDraw = False
366.4910 	EXP 	line3: autoDraw = False
366.4910 	EXP 	line4: autoDraw = False
366.4910 	EXP 	probe: autoDraw = False
366.4910 	EXP 	fixation: autoDraw = True
366.6575 	EXP 	Device response: <KeyPress from None: t=366.4718215999892, value=x, duration=0.1800412000156939>
367.4739 	EXP 	line1: autoDraw = True
367.4739 	EXP 	line2: autoDraw = True
367.4739 	EXP 	line3: autoDraw = True
367.4739 	EXP 	line4: autoDraw = True
367.4901 	EXP 	fixation: autoDraw = False
368.4746 	INFO 	Keyboard events cleared
368.4744 	EXP 	probe: autoDraw = True
368.7748 	EXP 	Device response: <KeyPress from None: t=368.75877789998776, value=v, duration=None>
368.7751 	EXP 	New trial (rep=37, index=2): <Trial 150 (2 in rep 37) data={'pos': np.int64(50), 'corr_resp': 'c', 'thisN': 150, 'thisTrialN': 2, 'thisRepN': 37}>
368.7760 	DATA 	Keypress: v
368.7910 	EXP 	fixation: autoDraw = False
368.7910 	EXP 	line1: autoDraw = False
368.7910 	EXP 	line2: autoDraw = False
368.7910 	EXP 	line3: autoDraw = False
368.7910 	EXP 	line4: autoDraw = False
368.7910 	EXP 	probe: autoDraw = False
368.7910 	EXP 	fixation: autoDraw = True
368.9418 	EXP 	Device response: <KeyPress from None: t=368.75877789998776, value=v, duration=0.1798729000147432>
369.7751 	EXP 	line1: autoDraw = True
369.7751 	EXP 	line2: autoDraw = True
369.7751 	EXP 	line3: autoDraw = True
369.7751 	EXP 	line4: autoDraw = True
369.7922 	EXP 	fixation: autoDraw = False
370.7746 	INFO 	Keyboard events cleared
370.7743 	EXP 	probe: autoDraw = True
371.1248 	EXP 	Device response: <KeyPress from None: t=371.12360900000203, value=c, duration=None>
371.1253 	EXP 	New trial (rep=37, index=3): <Trial 151 (3 in rep 37) data={'pos': np.int64(-150), 'corr_resp': 'z', 'thisN': 151, 'thisTrialN': 3, 'thisRepN': 37}>
371.1269 	DATA 	Keypress: c
371.1406 	EXP 	fixation: autoDraw = False
371.1406 	EXP 	line1: autoDraw = False
371.1406 	EXP 	line2: autoDraw = False
371.1406 	EXP 	line3: autoDraw = False
371.1406 	EXP 	line4: autoDraw = False
371.1406 	EXP 	probe: autoDraw = False
371.1406 	EXP 	fixation: autoDraw = True
371.3251 	EXP 	Device response: <KeyPress from None: t=371.12360900000203, value=c, duration=0.19400550000136718>
372.1403 	EXP 	fixation: autoDraw = False
372.1403 	EXP 	line1: autoDraw = True
372.1403 	EXP 	line2: autoDraw = True
372.1403 	EXP 	line3: autoDraw = True
372.1403 	EXP 	line4: autoDraw = True
373.1400 	INFO 	Keyboard events cleared
373.1399 	EXP 	probe: autoDraw = True
373.3923 	EXP 	Device response: <KeyPress from None: t=373.38892679999117, value=z, duration=None>
373.3927 	EXP 	New trial (rep=38, index=0): <Trial 152 (0 in rep 38) data={'pos': np.int64(-50), 'corr_resp': 'x', 'thisN': 152, 'thisTrialN': 0, 'thisRepN': 38}>
373.3937 	DATA 	Keypress: z
373.4074 	EXP 	fixation: autoDraw = False
373.4074 	EXP 	line1: autoDraw = False
373.4074 	EXP 	line2: autoDraw = False
373.4074 	EXP 	line3: autoDraw = False
373.4074 	EXP 	line4: autoDraw = False
373.4074 	EXP 	probe: autoDraw = False
373.4074 	EXP 	fixation: autoDraw = True
373.5415 	EXP 	Device response: <KeyPress from None: t=373.38892679999117, value=z, duration=0.14202279999153689>
374.3910 	EXP 	line1: autoDraw = True
374.3910 	EXP 	line2: autoDraw = True
374.3910 	EXP 	line3: autoDraw = True
374.3910 	EXP 	line4: autoDraw = True
374.4085 	EXP 	fixation: autoDraw = False
374.7079 	EXP 	Device response: <KeyPress from None: t=374.70171970000956, value=x, duration=None>
374.7091 	DATA 	Keypress: x
374.8751 	EXP 	Device response: <KeyPress from None: t=374.70171970000956, value=x, duration=0.1580921999993734>
375.3921 	INFO 	Keyboard events cleared
375.3918 	EXP 	probe: autoDraw = True
375.8259 	EXP 	Device response: <KeyPress from None: t=375.81340959999943, value=x, duration=None>
375.8264 	EXP 	New trial (rep=38, index=1): <Trial 153 (1 in rep 38) data={'pos': np.int64(150), 'corr_resp': 'v', 'thisN': 153, 'thisTrialN': 1, 'thisRepN': 38}>
375.8277 	DATA 	Keypress: x
375.8418 	EXP 	fixation: autoDraw = False
375.8418 	EXP 	line1: autoDraw = False
375.8418 	EXP 	line2: autoDraw = False
375.8418 	EXP 	line3: autoDraw = False
375.8418 	EXP 	line4: autoDraw = False
375.8418 	EXP 	probe: autoDraw = False
375.8418 	EXP 	fixation: autoDraw = True
375.9594 	EXP 	Device response: <KeyPress from None: t=375.81340959999943, value=x, duration=0.1357752000039909>
376.8423 	EXP 	line1: autoDraw = True
376.8423 	EXP 	line2: autoDraw = True
376.8423 	EXP 	line3: autoDraw = True
376.8423 	EXP 	line4: autoDraw = True
376.8589 	EXP 	fixation: autoDraw = False
377.8424 	INFO 	Keyboard events cleared
377.8422 	EXP 	probe: autoDraw = True
378.1089 	EXP 	Device response: <KeyPress from None: t=378.10739719998674, value=v, duration=None>
378.1093 	EXP 	New trial (rep=38, index=2): <Trial 154 (2 in rep 38) data={'pos': np.int64(50), 'corr_resp': 'c', 'thisN': 154, 'thisTrialN': 2, 'thisRepN': 38}>
378.1105 	DATA 	Keypress: v
378.1245 	EXP 	fixation: autoDraw = False
378.1245 	EXP 	line1: autoDraw = False
378.1245 	EXP 	line2: autoDraw = False
378.1245 	EXP 	line3: autoDraw = False
378.1245 	EXP 	line4: autoDraw = False
378.1245 	EXP 	probe: autoDraw = False
378.1245 	EXP 	fixation: autoDraw = True
378.3093 	EXP 	Device response: <KeyPress from None: t=378.10739719998674, value=v, duration=0.1882212000200525>
379.1090 	EXP 	line1: autoDraw = True
379.1090 	EXP 	line2: autoDraw = True
379.1090 	EXP 	line3: autoDraw = True
379.1090 	EXP 	line4: autoDraw = True
379.1251 	EXP 	fixation: autoDraw = False
380.1090 	INFO 	Keyboard events cleared
380.1088 	EXP 	probe: autoDraw = True
380.5779 	DATA 	Keypress: c
380.5919 	EXP 	Device response: <KeyPress from None: t=380.5771999999997, value=c, duration=None>
380.5922 	EXP 	New trial (rep=38, index=3): <Trial 155 (3 in rep 38) data={'pos': np.int64(-150), 'corr_resp': 'z', 'thisN': 155, 'thisTrialN': 3, 'thisRepN': 38}>
380.6082 	EXP 	fixation: autoDraw = False
380.6082 	EXP 	line1: autoDraw = False
380.6082 	EXP 	line2: autoDraw = False
380.6082 	EXP 	line3: autoDraw = False
380.6082 	EXP 	line4: autoDraw = False
380.6082 	EXP 	probe: autoDraw = False
380.6082 	EXP 	fixation: autoDraw = True
380.7759 	EXP 	Device response: <KeyPress from None: t=380.5771999999997, value=c, duration=0.1936369999893941>
381.5920 	EXP 	line1: autoDraw = True
381.5920 	EXP 	line2: autoDraw = True
381.5920 	EXP 	line3: autoDraw = True
381.5920 	EXP 	line4: autoDraw = True
381.6088 	EXP 	fixation: autoDraw = False
382.5917 	INFO 	Keyboard events cleared
382.5915 	EXP 	probe: autoDraw = True
382.8586 	EXP 	Device response: <KeyPress from None: t=382.84659739999915, value=z, duration=None>
382.8590 	EXP 	New trial (rep=39, index=0): <Trial 156 (0 in rep 39) data={'pos': np.int64(-50), 'corr_resp': 'x', 'thisN': 156, 'thisTrialN': 0, 'thisRepN': 39}>
382.8604 	DATA 	Keypress: z
382.8751 	EXP 	fixation: autoDraw = False
382.8751 	EXP 	line1: autoDraw = False
382.8751 	EXP 	line2: autoDraw = False
382.8751 	EXP 	line3: autoDraw = False
382.8751 	EXP 	line4: autoDraw = False
382.8751 	EXP 	probe: autoDraw = False
382.8751 	EXP 	fixation: autoDraw = True
383.0412 	EXP 	Device response: <KeyPress from None: t=382.84659739999915, value=z, duration=0.1889554999943357>
383.8581 	EXP 	line1: autoDraw = True
383.8581 	EXP 	line2: autoDraw = True
383.8581 	EXP 	line3: autoDraw = True
383.8581 	EXP 	line4: autoDraw = True
383.8754 	EXP 	fixation: autoDraw = False
384.8591 	INFO 	Keyboard events cleared
384.8589 	EXP 	probe: autoDraw = True
385.2594 	EXP 	Device response: <KeyPress from None: t=385.2487617000006, value=x, duration=None>
385.2599 	EXP 	New trial (rep=39, index=1): <Trial 157 (1 in rep 39) data={'pos': np.int64(150), 'corr_resp': 'v', 'thisN': 157, 'thisTrialN': 1, 'thisRepN': 39}>
385.2612 	DATA 	Keypress: x
385.2757 	EXP 	fixation: autoDraw = False
385.2757 	EXP 	line1: autoDraw = False
385.2757 	EXP 	line2: autoDraw = False
385.2757 	EXP 	line3: autoDraw = False
385.2757 	EXP 	line4: autoDraw = False
385.2757 	EXP 	probe: autoDraw = False
385.2757 	EXP 	fixation: autoDraw = True
385.4262 	EXP 	Device response: <KeyPress from None: t=385.2487617000006, value=x, duration=0.16952609998406842>
386.2592 	EXP 	line1: autoDraw = True
386.2592 	EXP 	line2: autoDraw = True
386.2592 	EXP 	line3: autoDraw = True
386.2592 	EXP 	line4: autoDraw = True
386.2755 	EXP 	fixation: autoDraw = False
387.2591 	INFO 	Keyboard events cleared
387.2589 	EXP 	probe: autoDraw = True
387.6760 	EXP 	Device response: <KeyPress from None: t=387.6660464000015, value=v, duration=None>
387.6765 	EXP 	New trial (rep=39, index=2): <Trial 158 (2 in rep 39) data={'pos': np.int64(50), 'corr_resp': 'c', 'thisN': 158, 'thisTrialN': 2, 'thisRepN': 39}>
387.6776 	DATA 	Keypress: v
387.6912 	EXP 	fixation: autoDraw = False
387.6912 	EXP 	line1: autoDraw = False
387.6912 	EXP 	line2: autoDraw = False
387.6912 	EXP 	line3: autoDraw = False
387.6912 	EXP 	line4: autoDraw = False
387.6912 	EXP 	probe: autoDraw = False
387.6912 	EXP 	fixation: autoDraw = True
387.8419 	EXP 	Device response: <KeyPress from None: t=387.6660464000015, value=v, duration=0.16190899998764507>
388.6924 	EXP 	fixation: autoDraw = False
388.6924 	EXP 	line1: autoDraw = True
388.6924 	EXP 	line2: autoDraw = True
388.6924 	EXP 	line3: autoDraw = True
388.6924 	EXP 	line4: autoDraw = True
389.6751 	INFO 	Keyboard events cleared
389.6749 	EXP 	probe: autoDraw = True
389.9750 	EXP 	Device response: <KeyPress from None: t=389.96134670000174, value=c, duration=None>
389.9754 	EXP 	New trial (rep=39, index=3): <Trial 159 (3 in rep 39) data={'pos': np.int64(-150), 'corr_resp': 'z', 'thisN': 159, 'thisTrialN': 3, 'thisRepN': 39}>
389.9766 	DATA 	Keypress: c
389.9915 	EXP 	fixation: autoDraw = False
389.9915 	EXP 	line1: autoDraw = False
389.9915 	EXP 	line2: autoDraw = False
389.9915 	EXP 	line3: autoDraw = False
389.9915 	EXP 	line4: autoDraw = False
389.9915 	EXP 	probe: autoDraw = False
389.9915 	EXP 	fixation: autoDraw = True
390.1597 	EXP 	Device response: <KeyPress from None: t=389.96134670000174, value=c, duration=0.19130149998818524>
390.9741 	EXP 	line1: autoDraw = True
390.9741 	EXP 	line2: autoDraw = True
390.9741 	EXP 	line3: autoDraw = True
390.9741 	EXP 	line4: autoDraw = True
390.9915 	EXP 	fixation: autoDraw = False
391.9759 	INFO 	Keyboard events cleared
391.9757 	EXP 	probe: autoDraw = True
392.2760 	EXP 	Device response: <KeyPress from None: t=392.2671954999969, value=z, duration=None>
392.2764 	EXP 	New trial (rep=40, index=0): <Trial 160 (0 in rep 40) data={'pos': np.int64(-50), 'corr_resp': 'x', 'thisN': 160, 'thisTrialN': 0, 'thisRepN': 40}>
392.2776 	DATA 	Keypress: z
392.2916 	EXP 	fixation: autoDraw = False
392.2916 	EXP 	line1: autoDraw = False
392.2916 	EXP 	line2: autoDraw = False
392.2916 	EXP 	line3: autoDraw = False
392.2916 	EXP 	line4: autoDraw = False
392.2916 	EXP 	probe: autoDraw = False
392.2916 	EXP 	fixation: autoDraw = True
392.4748 	EXP 	Device response: <KeyPress from None: t=392.2671954999969, value=z, duration=0.19924630000605248>
393.2754 	EXP 	line1: autoDraw = True
393.2754 	EXP 	line2: autoDraw = True
393.2754 	EXP 	line3: autoDraw = True
393.2754 	EXP 	line4: autoDraw = True
393.2914 	EXP 	fixation: autoDraw = False
394.2753 	INFO 	Keyboard events cleared
394.2751 	EXP 	probe: autoDraw = True
394.8753 	EXP 	Device response: <KeyPress from None: t=394.86217819998274, value=x, duration=None>
394.8757 	EXP 	New trial (rep=40, index=1): <Trial 161 (1 in rep 40) data={'pos': np.int64(150), 'corr_resp': 'v', 'thisN': 161, 'thisTrialN': 1, 'thisRepN': 40}>
394.8772 	DATA 	Keypress: x
394.8920 	EXP 	fixation: autoDraw = False
394.8920 	EXP 	line1: autoDraw = False
394.8920 	EXP 	line2: autoDraw = False
394.8920 	EXP 	line3: autoDraw = False
394.8920 	EXP 	line4: autoDraw = False
394.8920 	EXP 	probe: autoDraw = False
394.8920 	EXP 	fixation: autoDraw = True
395.0420 	EXP 	Device response: <KeyPress from None: t=394.86217819998274, value=x, duration=0.16629560000728816>
395.8755 	EXP 	line1: autoDraw = True
395.8755 	EXP 	line2: autoDraw = True
395.8755 	EXP 	line3: autoDraw = True
395.8755 	EXP 	line4: autoDraw = True
395.8923 	EXP 	fixation: autoDraw = False
396.8761 	INFO 	Keyboard events cleared
396.8758 	EXP 	probe: autoDraw = True
397.1771 	DATA 	Keypress: v
397.1914 	EXP 	Device response: <KeyPress from None: t=397.1752635999874, value=v, duration=None>
397.1919 	EXP 	New trial (rep=40, index=2): <Trial 162 (2 in rep 40) data={'pos': np.int64(50), 'corr_resp': 'c', 'thisN': 162, 'thisTrialN': 2, 'thisRepN': 40}>
397.2088 	EXP 	fixation: autoDraw = False
397.2088 	EXP 	line1: autoDraw = False
397.2088 	EXP 	line2: autoDraw = False
397.2088 	EXP 	line3: autoDraw = False
397.2088 	EXP 	line4: autoDraw = False
397.2088 	EXP 	probe: autoDraw = False
397.2088 	EXP 	fixation: autoDraw = True
397.3586 	EXP 	Device response: <KeyPress from None: t=397.1752635999874, value=v, duration=0.17253900002106093>
398.1923 	EXP 	line1: autoDraw = True
398.1923 	EXP 	line2: autoDraw = True
398.1923 	EXP 	line3: autoDraw = True
398.1923 	EXP 	line4: autoDraw = True
398.2082 	EXP 	fixation: autoDraw = False
399.1923 	INFO 	Keyboard events cleared
399.1921 	EXP 	probe: autoDraw = True
399.5252 	EXP 	Device response: <KeyPress from None: t=399.5244400000083, value=c, duration=None>
399.5256 	EXP 	New trial (rep=40, index=3): <Trial 163 (3 in rep 40) data={'pos': np.int64(-150), 'corr_resp': 'z', 'thisN': 163, 'thisTrialN': 3, 'thisRepN': 40}>
399.5268 	DATA 	Keypress: c
399.5416 	EXP 	fixation: autoDraw = False
399.5416 	EXP 	line1: autoDraw = False
399.5416 	EXP 	line2: autoDraw = False
399.5416 	EXP 	line3: autoDraw = False
399.5416 	EXP 	line4: autoDraw = False
399.5416 	EXP 	probe: autoDraw = False
399.5416 	EXP 	fixation: autoDraw = True
399.7094 	EXP 	Device response: <KeyPress from None: t=399.5244400000083, value=c, duration=0.18000009999377653>
400.5252 	EXP 	line1: autoDraw = True
400.5252 	EXP 	line2: autoDraw = True
400.5252 	EXP 	line3: autoDraw = True
400.5252 	EXP 	line4: autoDraw = True
400.5421 	EXP 	fixation: autoDraw = False
401.5256 	INFO 	Keyboard events cleared
401.5254 	EXP 	probe: autoDraw = True
401.9932 	EXP 	Device response: <KeyPress from None: t=401.98220050000236, value=z, duration=None>
401.9935 	EXP 	New trial (rep=41, index=0): <Trial 164 (0 in rep 41) data={'pos': np.int64(-50), 'corr_resp': 'x', 'thisN': 164, 'thisTrialN': 0, 'thisRepN': 41}>
401.9947 	DATA 	Keypress: z
402.0092 	EXP 	fixation: autoDraw = False
402.0092 	EXP 	line1: autoDraw = False
402.0092 	EXP 	line2: autoDraw = False
402.0092 	EXP 	line3: autoDraw = False
402.0092 	EXP 	line4: autoDraw = False
402.0092 	EXP 	probe: autoDraw = False
402.0092 	EXP 	fixation: autoDraw = True
402.1915 	EXP 	Device response: <KeyPress from None: t=401.98220050000236, value=z, duration=0.19662859998061322>
403.0090 	EXP 	fixation: autoDraw = False
403.0090 	EXP 	line1: autoDraw = True
403.0090 	EXP 	line2: autoDraw = True
403.0090 	EXP 	line3: autoDraw = True
403.0090 	EXP 	line4: autoDraw = True
404.0094 	INFO 	Keyboard events cleared
404.0092 	EXP 	probe: autoDraw = True
404.6281 	DATA 	Keypress: x
404.6421 	EXP 	Device response: <KeyPress from None: t=404.62644459999865, value=x, duration=None>
404.6424 	EXP 	New trial (rep=41, index=1): <Trial 165 (1 in rep 41) data={'pos': np.int64(150), 'corr_resp': 'v', 'thisN': 165, 'thisTrialN': 1, 'thisRepN': 41}>
404.6592 	EXP 	fixation: autoDraw = False
404.6592 	EXP 	line1: autoDraw = False
404.6592 	EXP 	line2: autoDraw = False
404.6592 	EXP 	line3: autoDraw = False
404.6592 	EXP 	line4: autoDraw = False
404.6592 	EXP 	probe: autoDraw = False
404.6592 	EXP 	fixation: autoDraw = True
404.8094 	EXP 	Device response: <KeyPress from None: t=404.62644459999865, value=x, duration=0.17330399999627843>
405.6434 	EXP 	line1: autoDraw = True
405.6434 	EXP 	line2: autoDraw = True
405.6434 	EXP 	line3: autoDraw = True
405.6434 	EXP 	line4: autoDraw = True
405.6584 	EXP 	fixation: autoDraw = False
406.6431 	INFO 	Keyboard events cleared
406.6429 	EXP 	probe: autoDraw = True
407.0590 	EXP 	Device response: <KeyPress from None: t=407.05639320000773, value=v, duration=None>
407.0593 	EXP 	New trial (rep=41, index=2): <Trial 166 (2 in rep 41) data={'pos': np.int64(50), 'corr_resp': 'c', 'thisN': 166, 'thisTrialN': 2, 'thisRepN': 41}>
407.0605 	DATA 	Keypress: v
407.0748 	EXP 	fixation: autoDraw = False
407.0748 	EXP 	line1: autoDraw = False
407.0748 	EXP 	line2: autoDraw = False
407.0748 	EXP 	line3: autoDraw = False
407.0748 	EXP 	line4: autoDraw = False
407.0748 	EXP 	probe: autoDraw = False
407.0748 	EXP 	fixation: autoDraw = True
407.3095 	EXP 	Device response: <KeyPress from None: t=407.05639320000773, value=v, duration=0.238836899981834>
408.0583 	EXP 	line1: autoDraw = True
408.0583 	EXP 	line2: autoDraw = True
408.0583 	EXP 	line3: autoDraw = True
408.0583 	EXP 	line4: autoDraw = True
408.0758 	EXP 	fixation: autoDraw = False
409.0584 	INFO 	Keyboard events cleared
409.0582 	EXP 	probe: autoDraw = True
409.5929 	EXP 	Device response: <KeyPress from None: t=409.59226559998933, value=c, duration=None>
409.5933 	EXP 	New trial (rep=41, index=3): <Trial 167 (3 in rep 41) data={'pos': np.int64(-150), 'corr_resp': 'z', 'thisN': 167, 'thisTrialN': 3, 'thisRepN': 41}>
409.5945 	DATA 	Keypress: c
409.6086 	EXP 	fixation: autoDraw = False
409.6086 	EXP 	line1: autoDraw = False
409.6086 	EXP 	line2: autoDraw = False
409.6086 	EXP 	line3: autoDraw = False
409.6086 	EXP 	line4: autoDraw = False
409.6086 	EXP 	probe: autoDraw = False
409.6086 	EXP 	fixation: autoDraw = True
409.8422 	EXP 	Device response: <KeyPress from None: t=409.59226559998933, value=c, duration=0.23477209999691695>
410.5924 	EXP 	line1: autoDraw = True
410.5924 	EXP 	line2: autoDraw = True
410.5924 	EXP 	line3: autoDraw = True
410.5924 	EXP 	line4: autoDraw = True
410.6085 	EXP 	fixation: autoDraw = False
411.6094 	INFO 	Keyboard events cleared
411.6092 	EXP 	probe: autoDraw = True
412.0445 	DATA 	Keypress: z
412.0598 	EXP 	Device response: <KeyPress from None: t=412.0426419999858, value=z, duration=None>
412.0603 	EXP 	New trial (rep=42, index=0): <Trial 168 (0 in rep 42) data={'pos': np.int64(-50), 'corr_resp': 'x', 'thisN': 168, 'thisTrialN': 0, 'thisRepN': 42}>
412.0757 	EXP 	fixation: autoDraw = False
412.0757 	EXP 	line1: autoDraw = False
412.0757 	EXP 	line2: autoDraw = False
412.0757 	EXP 	line3: autoDraw = False
412.0757 	EXP 	line4: autoDraw = False
412.0757 	EXP 	probe: autoDraw = False
412.0757 	EXP 	fixation: autoDraw = True
412.2434 	EXP 	Device response: <KeyPress from None: t=412.0426419999858, value=z, duration=0.19190130001516081>
413.0757 	EXP 	fixation: autoDraw = False
413.0757 	EXP 	line1: autoDraw = True
413.0757 	EXP 	line2: autoDraw = True
413.0757 	EXP 	line3: autoDraw = True
413.0757 	EXP 	line4: autoDraw = True
414.0764 	INFO 	Keyboard events cleared
414.0761 	EXP 	probe: autoDraw = True
414.4592 	EXP 	Device response: <KeyPress from None: t=414.4533039999951, value=x, duration=None>
414.4596 	EXP 	New trial (rep=42, index=1): <Trial 169 (1 in rep 42) data={'pos': np.int64(150), 'corr_resp': 'v', 'thisN': 169, 'thisTrialN': 1, 'thisRepN': 42}>
414.4608 	DATA 	Keypress: x
414.4750 	EXP 	fixation: autoDraw = False
414.4750 	EXP 	line1: autoDraw = False
414.4750 	EXP 	line2: autoDraw = False
414.4750 	EXP 	line3: autoDraw = False
414.4750 	EXP 	line4: autoDraw = False
414.4750 	EXP 	probe: autoDraw = False
414.4750 	EXP 	fixation: autoDraw = True
414.6586 	EXP 	Device response: <KeyPress from None: t=414.4533039999951, value=x, duration=0.19593389998772182>
415.4590 	EXP 	line1: autoDraw = True
415.4590 	EXP 	line2: autoDraw = True
415.4590 	EXP 	line3: autoDraw = True
415.4590 	EXP 	line4: autoDraw = True
415.4763 	EXP 	fixation: autoDraw = False
416.4596 	INFO 	Keyboard events cleared
416.4594 	EXP 	probe: autoDraw = True
417.0268 	EXP 	Device response: <KeyPress from None: t=417.0127356000012, value=v, duration=None>
417.0273 	EXP 	New trial (rep=42, index=2): <Trial 170 (2 in rep 42) data={'pos': np.int64(50), 'corr_resp': 'c', 'thisN': 170, 'thisTrialN': 2, 'thisRepN': 42}>
417.0287 	DATA 	Keypress: v
417.0411 	EXP 	fixation: autoDraw = False
417.0411 	EXP 	line1: autoDraw = False
417.0411 	EXP 	line2: autoDraw = False
417.0411 	EXP 	line3: autoDraw = False
417.0411 	EXP 	line4: autoDraw = False
417.0411 	EXP 	probe: autoDraw = False
417.0411 	EXP 	fixation: autoDraw = True
417.3096 	EXP 	Device response: <KeyPress from None: t=417.0127356000012, value=v, duration=0.2879160000011325>
418.0422 	EXP 	fixation: autoDraw = False
418.0422 	EXP 	line1: autoDraw = True
418.0422 	EXP 	line2: autoDraw = True
418.0422 	EXP 	line3: autoDraw = True
418.0422 	EXP 	line4: autoDraw = True
419.0430 	INFO 	Keyboard events cleared
419.0428 	EXP 	probe: autoDraw = True
419.3929 	EXP 	Device response: <KeyPress from None: t=419.3894317999948, value=c, duration=None>
419.3933 	EXP 	New trial (rep=42, index=3): <Trial 171 (3 in rep 42) data={'pos': np.int64(-150), 'corr_resp': 'z', 'thisN': 171, 'thisTrialN': 3, 'thisRepN': 42}>
419.3945 	DATA 	Keypress: c
419.4078 	EXP 	fixation: autoDraw = False
419.4078 	EXP 	line1: autoDraw = False
419.4078 	EXP 	line2: autoDraw = False
419.4078 	EXP 	line3: autoDraw = False
419.4078 	EXP 	line4: autoDraw = False
419.4078 	EXP 	probe: autoDraw = False
419.4078 	EXP 	fixation: autoDraw = True
419.5924 	EXP 	Device response: <KeyPress from None: t=419.3894317999948, value=c, duration=0.1910351999977138>
420.4096 	EXP 	fixation: autoDraw = False
420.4096 	EXP 	line1: autoDraw = True
420.4096 	EXP 	line2: autoDraw = True
420.4096 	EXP 	line3: autoDraw = True
420.4096 	EXP 	line4: autoDraw = True
421.3928 	INFO 	Keyboard events cleared
421.3926 	EXP 	probe: autoDraw = True
422.0788 	DATA 	Keypress: z
422.0921 	EXP 	Device response: <KeyPress from None: t=422.0770205000008, value=z, duration=None>
422.0926 	EXP 	New trial (rep=43, index=0): <Trial 172 (0 in rep 43) data={'pos': np.int64(-50), 'corr_resp': 'x', 'thisN': 172, 'thisTrialN': 0, 'thisRepN': 43}>
422.1085 	EXP 	fixation: autoDraw = False
422.1085 	EXP 	line1: autoDraw = False
422.1085 	EXP 	line2: autoDraw = False
422.1085 	EXP 	line3: autoDraw = False
422.1085 	EXP 	line4: autoDraw = False
422.1085 	EXP 	probe: autoDraw = False
422.1085 	EXP 	fixation: autoDraw = True
422.2771 	EXP 	Device response: <KeyPress from None: t=422.0770205000008, value=z, duration=0.18421420000959188>
423.0925 	EXP 	line1: autoDraw = True
423.0925 	EXP 	line2: autoDraw = True
423.0925 	EXP 	line3: autoDraw = True
423.0925 	EXP 	line4: autoDraw = True
423.1085 	EXP 	fixation: autoDraw = False
424.0931 	INFO 	Keyboard events cleared
424.0929 	EXP 	probe: autoDraw = True
424.5603 	EXP 	Device response: <KeyPress from None: t=424.5566273999866, value=x, duration=None>
424.5608 	EXP 	New trial (rep=43, index=1): <Trial 173 (1 in rep 43) data={'pos': np.int64(150), 'corr_resp': 'v', 'thisN': 173, 'thisTrialN': 1, 'thisRepN': 43}>
424.5620 	DATA 	Keypress: x
424.5754 	EXP 	fixation: autoDraw = False
424.5754 	EXP 	line1: autoDraw = False
424.5754 	EXP 	line2: autoDraw = False
424.5754 	EXP 	line3: autoDraw = False
424.5754 	EXP 	line4: autoDraw = False
424.5754 	EXP 	probe: autoDraw = False
424.5754 	EXP 	fixation: autoDraw = True
424.7419 	EXP 	Device response: <KeyPress from None: t=424.5566273999866, value=x, duration=0.17011200002161786>
425.5762 	EXP 	fixation: autoDraw = False
425.5762 	EXP 	line1: autoDraw = True
425.5762 	EXP 	line2: autoDraw = True
425.5762 	EXP 	line3: autoDraw = True
425.5762 	EXP 	line4: autoDraw = True
426.5599 	INFO 	Keyboard events cleared
426.5597 	EXP 	probe: autoDraw = True
426.9757 	EXP 	Device response: <KeyPress from None: t=426.97460019998834, value=v, duration=None>
426.9760 	EXP 	New trial (rep=43, index=2): <Trial 174 (2 in rep 43) data={'pos': np.int64(50), 'corr_resp': 'c', 'thisN': 174, 'thisTrialN': 2, 'thisRepN': 43}>
426.9774 	DATA 	Keypress: v
426.9920 	EXP 	fixation: autoDraw = False
426.9920 	EXP 	line1: autoDraw = False
426.9920 	EXP 	line2: autoDraw = False
426.9920 	EXP 	line3: autoDraw = False
426.9920 	EXP 	line4: autoDraw = False
426.9920 	EXP 	probe: autoDraw = False
426.9920 	EXP 	fixation: autoDraw = True
427.2091 	EXP 	Device response: <KeyPress from None: t=426.97460019998834, value=v, duration=0.22741099999984726>
427.9764 	EXP 	line1: autoDraw = True
427.9764 	EXP 	line2: autoDraw = True
427.9764 	EXP 	line3: autoDraw = True
427.9764 	EXP 	line4: autoDraw = True
427.9930 	EXP 	fixation: autoDraw = False
428.9765 	INFO 	Keyboard events cleared
428.9763 	EXP 	probe: autoDraw = True
429.3594 	EXP 	Device response: <KeyPress from None: t=429.34776679999777, value=c, duration=None>
429.3598 	EXP 	New trial (rep=43, index=3): <Trial 175 (3 in rep 43) data={'pos': np.int64(-150), 'corr_resp': 'z', 'thisN': 175, 'thisTrialN': 3, 'thisRepN': 43}>
429.3612 	DATA 	Keypress: c
429.3757 	EXP 	fixation: autoDraw = False
429.3757 	EXP 	line1: autoDraw = False
429.3757 	EXP 	line2: autoDraw = False
429.3757 	EXP 	line3: autoDraw = False
429.3757 	EXP 	line4: autoDraw = False
429.3757 	EXP 	probe: autoDraw = False
429.3757 	EXP 	fixation: autoDraw = True
429.5591 	EXP 	Device response: <KeyPress from None: t=429.34776679999777, value=c, duration=0.20138569999835454>
430.3595 	EXP 	line1: autoDraw = True
430.3595 	EXP 	line2: autoDraw = True
430.3595 	EXP 	line3: autoDraw = True
430.3595 	EXP 	line4: autoDraw = True
430.3757 	EXP 	fixation: autoDraw = False
431.3598 	INFO 	Keyboard events cleared
431.3596 	EXP 	probe: autoDraw = True
431.7269 	EXP 	Device response: <KeyPress from None: t=431.71472230000654, value=z, duration=None>
431.7274 	EXP 	New trial (rep=44, index=0): <Trial 176 (0 in rep 44) data={'pos': np.int64(-50), 'corr_resp': 'x', 'thisN': 176, 'thisTrialN': 0, 'thisRepN': 44}>
431.7288 	DATA 	Keypress: z
431.7413 	EXP 	fixation: autoDraw = False
431.7413 	EXP 	line1: autoDraw = False
431.7413 	EXP 	line2: autoDraw = False
431.7413 	EXP 	line3: autoDraw = False
431.7413 	EXP 	line4: autoDraw = False
431.7413 	EXP 	probe: autoDraw = False
431.7413 	EXP 	fixation: autoDraw = True
431.9261 	EXP 	Device response: <KeyPress from None: t=431.71472230000654, value=z, duration=0.19826519998605363>
432.7259 	EXP 	line1: autoDraw = True
432.7259 	EXP 	line2: autoDraw = True
432.7259 	EXP 	line3: autoDraw = True
432.7259 	EXP 	line4: autoDraw = True
432.7425 	EXP 	fixation: autoDraw = False
433.7266 	INFO 	Keyboard events cleared
433.7263 	EXP 	probe: autoDraw = True
434.0962 	DATA 	Keypress: x
434.1096 	EXP 	Device response: <KeyPress from None: t=434.095602699992, value=x, duration=None>
434.1099 	EXP 	New trial (rep=44, index=1): <Trial 177 (1 in rep 44) data={'pos': np.int64(150), 'corr_resp': 'v', 'thisN': 177, 'thisTrialN': 1, 'thisRepN': 44}>
434.1263 	EXP 	fixation: autoDraw = False
434.1263 	EXP 	line1: autoDraw = False
434.1263 	EXP 	line2: autoDraw = False
434.1263 	EXP 	line3: autoDraw = False
434.1263 	EXP 	line4: autoDraw = False
434.1263 	EXP 	probe: autoDraw = False
434.1263 	EXP 	fixation: autoDraw = True
434.2601 	EXP 	Device response: <KeyPress from None: t=434.095602699992, value=x, duration=0.1574421999976039>
435.1085 	EXP 	line1: autoDraw = True
435.1085 	EXP 	line2: autoDraw = True
435.1085 	EXP 	line3: autoDraw = True
435.1085 	EXP 	line4: autoDraw = True
435.1415 	EXP 	fixation: autoDraw = False
436.1102 	INFO 	Keyboard events cleared
436.1100 	EXP 	probe: autoDraw = True
436.7100 	EXP 	Device response: <KeyPress from None: t=436.70606689999113, value=v, duration=None>
436.7103 	EXP 	New trial (rep=44, index=2): <Trial 178 (2 in rep 44) data={'pos': np.int64(50), 'corr_resp': 'c', 'thisN': 178, 'thisTrialN': 2, 'thisRepN': 44}>
436.7116 	DATA 	Keypress: v
436.7250 	EXP 	fixation: autoDraw = False
436.7250 	EXP 	line1: autoDraw = False
436.7250 	EXP 	line2: autoDraw = False
436.7250 	EXP 	line3: autoDraw = False
436.7250 	EXP 	line4: autoDraw = False
436.7250 	EXP 	probe: autoDraw = False
436.7250 	EXP 	fixation: autoDraw = True
436.9090 	EXP 	Device response: <KeyPress from None: t=436.70606689999113, value=v, duration=0.2020427999959793>
437.7086 	EXP 	line1: autoDraw = True
437.7086 	EXP 	line2: autoDraw = True
437.7086 	EXP 	line3: autoDraw = True
437.7086 	EXP 	line4: autoDraw = True
437.7248 	EXP 	fixation: autoDraw = False
438.7102 	INFO 	Keyboard events cleared
438.7100 	EXP 	probe: autoDraw = True
439.1090 	EXP 	Device response: <KeyPress from None: t=439.09996140000294, value=c, duration=None>
439.1093 	EXP 	New trial (rep=44, index=3): <Trial 179 (3 in rep 44) data={'pos': np.int64(-150), 'corr_resp': 'z', 'thisN': 179, 'thisTrialN': 3, 'thisRepN': 44}>
439.1105 	DATA 	Keypress: c
439.1247 	EXP 	fixation: autoDraw = False
439.1247 	EXP 	line1: autoDraw = False
439.1247 	EXP 	line2: autoDraw = False
439.1247 	EXP 	line3: autoDraw = False
439.1247 	EXP 	line4: autoDraw = False
439.1247 	EXP 	probe: autoDraw = False
439.1247 	EXP 	fixation: autoDraw = True
439.3427 	EXP 	Device response: <KeyPress from None: t=439.09996140000294, value=c, duration=0.2282085999904666>
440.1096 	EXP 	line1: autoDraw = True
440.1096 	EXP 	line2: autoDraw = True
440.1096 	EXP 	line3: autoDraw = True
440.1096 	EXP 	line4: autoDraw = True
440.1262 	EXP 	fixation: autoDraw = False
441.1090 	INFO 	Keyboard events cleared
441.1088 	EXP 	probe: autoDraw = True
441.5936 	EXP 	Device response: <KeyPress from None: t=441.58317080000415, value=z, duration=None>
441.5940 	EXP 	New trial (rep=45, index=0): <Trial 180 (0 in rep 45) data={'pos': np.int64(-50), 'corr_resp': 'x', 'thisN': 180, 'thisTrialN': 0, 'thisRepN': 45}>
441.5953 	DATA 	Keypress: z
441.6084 	EXP 	fixation: autoDraw = False
441.6084 	EXP 	line1: autoDraw = False
441.6084 	EXP 	line2: autoDraw = False
441.6084 	EXP 	line3: autoDraw = False
441.6084 	EXP 	line4: autoDraw = False
441.6084 	EXP 	probe: autoDraw = False
441.6084 	EXP 	fixation: autoDraw = True
441.7596 	EXP 	Device response: <KeyPress from None: t=441.58317080000415, value=z, duration=0.174584499996854>
442.5913 	EXP 	line1: autoDraw = True
442.5913 	EXP 	line2: autoDraw = True
442.5913 	EXP 	line3: autoDraw = True
442.5913 	EXP 	line4: autoDraw = True
442.6100 	EXP 	fixation: autoDraw = False
443.5933 	INFO 	Keyboard events cleared
443.5931 	EXP 	probe: autoDraw = True
444.4274 	EXP 	Device response: <KeyPress from None: t=444.418095800007, value=x, duration=None>
444.4279 	EXP 	New trial (rep=45, index=1): <Trial 181 (1 in rep 45) data={'pos': np.int64(150), 'corr_resp': 'v', 'thisN': 181, 'thisTrialN': 1, 'thisRepN': 45}>
444.4292 	DATA 	Keypress: x
444.4421 	EXP 	fixation: autoDraw = False
444.4421 	EXP 	line1: autoDraw = False
444.4421 	EXP 	line2: autoDraw = False
444.4421 	EXP 	line3: autoDraw = False
444.4421 	EXP 	line4: autoDraw = False
444.4421 	EXP 	probe: autoDraw = False
444.4421 	EXP 	fixation: autoDraw = True
444.5763 	EXP 	Device response: <KeyPress from None: t=444.418095800007, value=x, duration=0.15450419997796416>
445.4263 	EXP 	line1: autoDraw = True
445.4263 	EXP 	line2: autoDraw = True
445.4263 	EXP 	line3: autoDraw = True
445.4263 	EXP 	line4: autoDraw = True
445.4427 	EXP 	fixation: autoDraw = False
446.4436 	INFO 	Keyboard events cleared
446.4434 	EXP 	probe: autoDraw = True
447.2263 	EXP 	Device response: <KeyPress from None: t=447.21086749999085, value=v, duration=None>
447.2266 	EXP 	New trial (rep=45, index=2): <Trial 182 (2 in rep 45) data={'pos': np.int64(50), 'corr_resp': 'c', 'thisN': 182, 'thisTrialN': 2, 'thisRepN': 45}>
447.2277 	DATA 	Keypress: v
447.2422 	EXP 	fixation: autoDraw = False
447.2422 	EXP 	line1: autoDraw = False
447.2422 	EXP 	line2: autoDraw = False
447.2422 	EXP 	line3: autoDraw = False
447.2422 	EXP 	line4: autoDraw = False
447.2422 	EXP 	probe: autoDraw = False
447.2422 	EXP 	fixation: autoDraw = True
447.2935 	EXP 	Device response: <KeyPress from None: t=447.21086749999085, value=v, duration=0.06771960001788102>
448.2257 	EXP 	line1: autoDraw = True
448.2257 	EXP 	line2: autoDraw = True
448.2257 	EXP 	line3: autoDraw = True
448.2257 	EXP 	line4: autoDraw = True
448.2434 	EXP 	fixation: autoDraw = False
449.2266 	INFO 	Keyboard events cleared
449.2264 	EXP 	probe: autoDraw = True
449.6283 	DATA 	Keypress: c
449.6429 	EXP 	Device response: <KeyPress from None: t=449.6265948000073, value=c, duration=None>
449.6432 	EXP 	New trial (rep=45, index=3): <Trial 183 (3 in rep 45) data={'pos': np.int64(-150), 'corr_resp': 'z', 'thisN': 183, 'thisTrialN': 3, 'thisRepN': 45}>
449.6599 	EXP 	fixation: autoDraw = False
449.6599 	EXP 	line1: autoDraw = False
449.6599 	EXP 	line2: autoDraw = False
449.6599 	EXP 	line3: autoDraw = False
449.6599 	EXP 	line4: autoDraw = False
449.6599 	EXP 	probe: autoDraw = False
449.6599 	EXP 	fixation: autoDraw = True
449.7596 	EXP 	Device response: <KeyPress from None: t=449.6265948000073, value=c, duration=0.1304830999870319>
450.6433 	EXP 	line1: autoDraw = True
450.6433 	EXP 	line2: autoDraw = True
450.6433 	EXP 	line3: autoDraw = True
450.6433 	EXP 	line4: autoDraw = True
450.6601 	EXP 	fixation: autoDraw = False
451.6427 	INFO 	Keyboard events cleared
451.6424 	EXP 	probe: autoDraw = True
452.0256 	EXP 	Device response: <KeyPress from None: t=452.02211299998453, value=z, duration=None>
452.0260 	EXP 	New trial (rep=46, index=0): <Trial 184 (0 in rep 46) data={'pos': np.int64(-50), 'corr_resp': 'x', 'thisN': 184, 'thisTrialN': 0, 'thisRepN': 46}>
452.0271 	DATA 	Keypress: z
452.0422 	EXP 	fixation: autoDraw = False
452.0422 	EXP 	line1: autoDraw = False
452.0422 	EXP 	line2: autoDraw = False
452.0422 	EXP 	line3: autoDraw = False
452.0422 	EXP 	line4: autoDraw = False
452.0422 	EXP 	probe: autoDraw = False
452.0422 	EXP 	fixation: autoDraw = True
452.2273 	EXP 	Device response: <KeyPress from None: t=452.02211299998453, value=z, duration=0.19529450000845827>
453.0261 	EXP 	line1: autoDraw = True
453.0261 	EXP 	line2: autoDraw = True
453.0261 	EXP 	line3: autoDraw = True
453.0261 	EXP 	line4: autoDraw = True
453.0431 	EXP 	fixation: autoDraw = False
454.0266 	INFO 	Keyboard events cleared
454.0264 	EXP 	probe: autoDraw = True
454.3762 	EXP 	Device response: <KeyPress from None: t=454.36765410000226, value=x, duration=None>
454.3766 	EXP 	New trial (rep=46, index=1): <Trial 185 (1 in rep 46) data={'pos': np.int64(150), 'corr_resp': 'v', 'thisN': 185, 'thisTrialN': 1, 'thisRepN': 46}>
454.3780 	DATA 	Keypress: x
454.3914 	EXP 	fixation: autoDraw = False
454.3914 	EXP 	line1: autoDraw = False
454.3914 	EXP 	line2: autoDraw = False
454.3914 	EXP 	line3: autoDraw = False
454.3914 	EXP 	line4: autoDraw = False
454.3914 	EXP 	probe: autoDraw = False
454.3914 	EXP 	fixation: autoDraw = True
454.5436 	EXP 	Device response: <KeyPress from None: t=454.36765410000226, value=x, duration=0.16390009998576716>
455.3763 	EXP 	line1: autoDraw = True
455.3763 	EXP 	line2: autoDraw = True
455.3763 	EXP 	line3: autoDraw = True
455.3763 	EXP 	line4: autoDraw = True
455.3935 	EXP 	fixation: autoDraw = False
456.3770 	INFO 	Keyboard events cleared
456.3768 	EXP 	probe: autoDraw = True
456.8429 	EXP 	Device response: <KeyPress from None: t=456.8297932999849, value=v, duration=None>
456.8432 	EXP 	New trial (rep=46, index=2): <Trial 186 (2 in rep 46) data={'pos': np.int64(50), 'corr_resp': 'c', 'thisN': 186, 'thisTrialN': 2, 'thisRepN': 46}>
456.8444 	DATA 	Keypress: v
456.8598 	EXP 	fixation: autoDraw = False
456.8598 	EXP 	line1: autoDraw = False
456.8598 	EXP 	line2: autoDraw = False
456.8598 	EXP 	line3: autoDraw = False
456.8598 	EXP 	line4: autoDraw = False
456.8598 	EXP 	probe: autoDraw = False
456.8598 	EXP 	fixation: autoDraw = True
457.0270 	EXP 	Device response: <KeyPress from None: t=456.8297932999849, value=v, duration=0.1820519000175409>
457.8426 	EXP 	line1: autoDraw = True
457.8426 	EXP 	line2: autoDraw = True
457.8426 	EXP 	line3: autoDraw = True
457.8426 	EXP 	line4: autoDraw = True
457.8602 	EXP 	fixation: autoDraw = False
458.8433 	INFO 	Keyboard events cleared
458.8431 	EXP 	probe: autoDraw = True
459.2442 	EXP 	Device response: <KeyPress from None: t=459.24161999998614, value=c, duration=None>
459.2447 	EXP 	New trial (rep=46, index=3): <Trial 187 (3 in rep 46) data={'pos': np.int64(-150), 'corr_resp': 'z', 'thisN': 187, 'thisTrialN': 3, 'thisRepN': 46}>
459.2459 	DATA 	Keypress: c
459.2590 	EXP 	fixation: autoDraw = False
459.2590 	EXP 	line1: autoDraw = False
459.2590 	EXP 	line2: autoDraw = False
459.2590 	EXP 	line3: autoDraw = False
459.2590 	EXP 	line4: autoDraw = False
459.2590 	EXP 	probe: autoDraw = False
459.2590 	EXP 	fixation: autoDraw = True
459.4266 	EXP 	Device response: <KeyPress from None: t=459.24161999998614, value=c, duration=0.18171730000176467>
460.2596 	EXP 	fixation: autoDraw = False
460.2596 	EXP 	line1: autoDraw = True
460.2596 	EXP 	line2: autoDraw = True
460.2596 	EXP 	line3: autoDraw = True
460.2596 	EXP 	line4: autoDraw = True
461.2602 	INFO 	Keyboard events cleared
461.2600 	EXP 	probe: autoDraw = True
461.6288 	DATA 	Keypress: z
461.6423 	EXP 	Device response: <KeyPress from None: t=461.6274407999881, value=z, duration=None>
461.6426 	EXP 	New trial (rep=47, index=0): <Trial 188 (0 in rep 47) data={'pos': np.int64(-50), 'corr_resp': 'x', 'thisN': 188, 'thisTrialN': 0, 'thisRepN': 47}>
461.6586 	EXP 	fixation: autoDraw = False
461.6586 	EXP 	line1: autoDraw = False
461.6586 	EXP 	line2: autoDraw = False
461.6586 	EXP 	line3: autoDraw = False
461.6586 	EXP 	line4: autoDraw = False
461.6586 	EXP 	probe: autoDraw = False
461.6586 	EXP 	fixation: autoDraw = True
461.7933 	EXP 	Device response: <KeyPress from None: t=461.6274407999881, value=z, duration=0.16187800001353025>
462.6435 	EXP 	line1: autoDraw = True
462.6435 	EXP 	line2: autoDraw = True
462.6435 	EXP 	line3: autoDraw = True
462.6435 	EXP 	line4: autoDraw = True
462.6598 	EXP 	fixation: autoDraw = False
463.6440 	INFO 	Keyboard events cleared
463.6438 	EXP 	probe: autoDraw = True
464.1765 	EXP 	Device response: <KeyPress from None: t=464.1622251000081, value=x, duration=None>
464.1768 	EXP 	New trial (rep=47, index=1): <Trial 189 (1 in rep 47) data={'pos': np.int64(150), 'corr_resp': 'v', 'thisN': 189, 'thisTrialN': 1, 'thisRepN': 47}>
464.1779 	DATA 	Keypress: x
464.1934 	EXP 	fixation: autoDraw = False
464.1934 	EXP 	line1: autoDraw = False
464.1934 	EXP 	line2: autoDraw = False
464.1934 	EXP 	line3: autoDraw = False
464.1934 	EXP 	line4: autoDraw = False
464.1934 	EXP 	probe: autoDraw = False
464.1934 	EXP 	fixation: autoDraw = True
464.2763 	EXP 	Device response: <KeyPress from None: t=464.1622251000081, value=x, duration=0.11193059998913668>
465.1930 	EXP 	fixation: autoDraw = False
465.1930 	EXP 	line1: autoDraw = True
465.1930 	EXP 	line2: autoDraw = True
465.1930 	EXP 	line3: autoDraw = True
465.1930 	EXP 	line4: autoDraw = True
466.1772 	INFO 	Keyboard events cleared
466.1770 	EXP 	probe: autoDraw = True
466.5939 	EXP 	Device response: <KeyPress from None: t=466.5915420000092, value=v, duration=None>
466.5944 	EXP 	New trial (rep=47, index=2): <Trial 190 (2 in rep 47) data={'pos': np.int64(50), 'corr_resp': 'c', 'thisN': 190, 'thisTrialN': 2, 'thisRepN': 47}>
466.5956 	DATA 	Keypress: v
466.6094 	EXP 	fixation: autoDraw = False
466.6094 	EXP 	line1: autoDraw = False
466.6094 	EXP 	line2: autoDraw = False
466.6094 	EXP 	line3: autoDraw = False
466.6094 	EXP 	line4: autoDraw = False
466.6094 	EXP 	probe: autoDraw = False
466.6094 	EXP 	fixation: autoDraw = True
466.7607 	EXP 	Device response: <KeyPress from None: t=466.5915420000092, value=v, duration=0.15902929997537285>
467.6100 	EXP 	fixation: autoDraw = False
467.6100 	EXP 	line1: autoDraw = True
467.6100 	EXP 	line2: autoDraw = True
467.6100 	EXP 	line3: autoDraw = True
467.6100 	EXP 	line4: autoDraw = True
468.5934 	INFO 	Keyboard events cleared
468.5932 	EXP 	probe: autoDraw = True
469.1590 	EXP 	Device response: <KeyPress from None: t=469.14708629998495, value=c, duration=None>
469.1594 	EXP 	New trial (rep=47, index=3): <Trial 191 (3 in rep 47) data={'pos': np.int64(-150), 'corr_resp': 'z', 'thisN': 191, 'thisTrialN': 3, 'thisRepN': 47}>
469.1605 	DATA 	Keypress: c
469.1765 	EXP 	fixation: autoDraw = False
469.1765 	EXP 	line1: autoDraw = False
469.1765 	EXP 	line2: autoDraw = False
469.1765 	EXP 	line3: autoDraw = False
469.1765 	EXP 	line4: autoDraw = False
469.1765 	EXP 	probe: autoDraw = False
469.1765 	EXP 	fixation: autoDraw = True
469.2934 	EXP 	Device response: <KeyPress from None: t=469.14708629998495, value=c, duration=0.13944800000172108>
470.1605 	EXP 	line1: autoDraw = True
470.1605 	EXP 	line2: autoDraw = True
470.1605 	EXP 	line3: autoDraw = True
470.1605 	EXP 	line4: autoDraw = True
470.1767 	EXP 	fixation: autoDraw = False
471.1606 	INFO 	Keyboard events cleared
471.1604 	EXP 	probe: autoDraw = True
471.5790 	DATA 	Keypress: z
471.5944 	EXP 	Device response: <KeyPress from None: t=471.57712309999624, value=z, duration=None>
471.5950 	EXP 	New trial (rep=48, index=0): <Trial 192 (0 in rep 48) data={'pos': np.int64(-50), 'corr_resp': 'x', 'thisN': 192, 'thisTrialN': 0, 'thisRepN': 48}>
471.6102 	EXP 	fixation: autoDraw = False
471.6102 	EXP 	line1: autoDraw = False
471.6102 	EXP 	line2: autoDraw = False
471.6102 	EXP 	line3: autoDraw = False
471.6102 	EXP 	line4: autoDraw = False
471.6102 	EXP 	probe: autoDraw = False
471.6102 	EXP 	fixation: autoDraw = True
471.7933 	EXP 	Device response: <KeyPress from None: t=471.57712309999624, value=z, duration=0.2012405999994371>
472.6088 	EXP 	fixation: autoDraw = False
472.6088 	EXP 	line1: autoDraw = True
472.6088 	EXP 	line2: autoDraw = True
472.6088 	EXP 	line3: autoDraw = True
472.6088 	EXP 	line4: autoDraw = True
473.5934 	INFO 	Keyboard events cleared
473.5932 	EXP 	probe: autoDraw = True
474.2433 	EXP 	Device response: <KeyPress from None: t=474.2340098999848, value=x, duration=None>
474.2437 	EXP 	New trial (rep=48, index=1): <Trial 193 (1 in rep 48) data={'pos': np.int64(150), 'corr_resp': 'v', 'thisN': 193, 'thisTrialN': 1, 'thisRepN': 48}>
474.2448 	DATA 	Keypress: x
474.2588 	EXP 	fixation: autoDraw = False
474.2588 	EXP 	line1: autoDraw = False
474.2588 	EXP 	line2: autoDraw = False
474.2588 	EXP 	line3: autoDraw = False
474.2588 	EXP 	line4: autoDraw = False
474.2588 	EXP 	probe: autoDraw = False
474.2588 	EXP 	fixation: autoDraw = True
474.3771 	EXP 	Device response: <KeyPress from None: t=474.2340098999848, value=x, duration=0.14054260001285002>
475.2432 	EXP 	line1: autoDraw = True
475.2432 	EXP 	line2: autoDraw = True
475.2432 	EXP 	line3: autoDraw = True
475.2432 	EXP 	line4: autoDraw = True
475.2601 	EXP 	fixation: autoDraw = False
476.2426 	INFO 	Keyboard events cleared
476.2423 	EXP 	probe: autoDraw = True
477.0128 	DATA 	Keypress: v
477.0276 	EXP 	Device response: <KeyPress from None: t=477.0113522000029, value=v, duration=None>
477.0280 	EXP 	New trial (rep=48, index=2): <Trial 194 (2 in rep 48) data={'pos': np.int64(50), 'corr_resp': 'c', 'thisN': 194, 'thisTrialN': 2, 'thisRepN': 48}>
477.0419 	EXP 	fixation: autoDraw = False
477.0419 	EXP 	line1: autoDraw = False
477.0419 	EXP 	line2: autoDraw = False
477.0419 	EXP 	line3: autoDraw = False
477.0419 	EXP 	line4: autoDraw = False
477.0419 	EXP 	probe: autoDraw = False
477.0419 	EXP 	fixation: autoDraw = True
477.1939 	EXP 	Device response: <KeyPress from None: t=477.0113522000029, value=v, duration=0.1776700000045821>
478.0436 	EXP 	fixation: autoDraw = False
478.0436 	EXP 	line1: autoDraw = True
478.0436 	EXP 	line2: autoDraw = True
478.0436 	EXP 	line3: autoDraw = True
478.0436 	EXP 	line4: autoDraw = True
479.0273 	INFO 	Keyboard events cleared
479.0271 	EXP 	probe: autoDraw = True
479.6264 	EXP 	Device response: <KeyPress from None: t=479.62158489998546, value=c, duration=None>
479.6268 	EXP 	New trial (rep=48, index=3): <Trial 195 (3 in rep 48) data={'pos': np.int64(-150), 'corr_resp': 'z', 'thisN': 195, 'thisTrialN': 3, 'thisRepN': 48}>
479.6284 	DATA 	Keypress: c
479.6426 	EXP 	fixation: autoDraw = False
479.6426 	EXP 	line1: autoDraw = False
479.6426 	EXP 	line2: autoDraw = False
479.6426 	EXP 	line3: autoDraw = False
479.6426 	EXP 	line4: autoDraw = False
479.6426 	EXP 	probe: autoDraw = False
479.6426 	EXP 	fixation: autoDraw = True
479.7932 	EXP 	Device response: <KeyPress from None: t=479.62158489998546, value=c, duration=0.1619535000063479>
480.6270 	EXP 	line1: autoDraw = True
480.6270 	EXP 	line2: autoDraw = True
480.6270 	EXP 	line3: autoDraw = True
480.6270 	EXP 	line4: autoDraw = True
480.6436 	EXP 	fixation: autoDraw = False
481.6274 	INFO 	Keyboard events cleared
481.6272 	EXP 	probe: autoDraw = True
481.9774 	EXP 	Device response: <KeyPress from None: t=481.9722179000091, value=z, duration=None>
481.9779 	EXP 	New trial (rep=49, index=0): <Trial 196 (0 in rep 49) data={'pos': np.int64(-50), 'corr_resp': 'x', 'thisN': 196, 'thisTrialN': 0, 'thisRepN': 49}>
481.9793 	DATA 	Keypress: z
481.9936 	EXP 	fixation: autoDraw = False
481.9936 	EXP 	line1: autoDraw = False
481.9936 	EXP 	line2: autoDraw = False
481.9936 	EXP 	line3: autoDraw = False
481.9936 	EXP 	line4: autoDraw = False
481.9936 	EXP 	probe: autoDraw = False
481.9936 	EXP 	fixation: autoDraw = True
482.1444 	EXP 	Device response: <KeyPress from None: t=481.9722179000091, value=z, duration=0.16200569999637082>
482.9927 	EXP 	fixation: autoDraw = False
482.9927 	EXP 	line1: autoDraw = True
482.9927 	EXP 	line2: autoDraw = True
482.9927 	EXP 	line3: autoDraw = True
482.9927 	EXP 	line4: autoDraw = True
483.9778 	INFO 	Keyboard events cleared
483.9776 	EXP 	probe: autoDraw = True
484.5767 	EXP 	Device response: <KeyPress from None: t=484.56770600000164, value=x, duration=None>
484.5770 	EXP 	New trial (rep=49, index=1): <Trial 197 (1 in rep 49) data={'pos': np.int64(150), 'corr_resp': 'v', 'thisN': 197, 'thisTrialN': 1, 'thisRepN': 49}>
484.5782 	DATA 	Keypress: x
484.5928 	EXP 	fixation: autoDraw = False
484.5928 	EXP 	line1: autoDraw = False
484.5928 	EXP 	line2: autoDraw = False
484.5928 	EXP 	line3: autoDraw = False
484.5928 	EXP 	line4: autoDraw = False
484.5928 	EXP 	probe: autoDraw = False
484.5928 	EXP 	fixation: autoDraw = True
484.7443 	EXP 	Device response: <KeyPress from None: t=484.56770600000164, value=x, duration=0.16322779998881742>
485.5772 	EXP 	line1: autoDraw = True
485.5772 	EXP 	line2: autoDraw = True
485.5772 	EXP 	line3: autoDraw = True
485.5772 	EXP 	line4: autoDraw = True
485.5940 	EXP 	fixation: autoDraw = False
486.5776 	INFO 	Keyboard events cleared
486.5773 	EXP 	probe: autoDraw = True
486.9938 	EXP 	Device response: <KeyPress from None: t=486.98737529999926, value=v, duration=None>
486.9942 	EXP 	New trial (rep=49, index=2): <Trial 198 (2 in rep 49) data={'pos': np.int64(50), 'corr_resp': 'c', 'thisN': 198, 'thisTrialN': 2, 'thisRepN': 49}>
486.9955 	DATA 	Keypress: v
487.0095 	EXP 	fixation: autoDraw = False
487.0095 	EXP 	line1: autoDraw = False
487.0095 	EXP 	line2: autoDraw = False
487.0095 	EXP 	line3: autoDraw = False
487.0095 	EXP 	line4: autoDraw = False
487.0095 	EXP 	probe: autoDraw = False
487.0095 	EXP 	fixation: autoDraw = True
487.2275 	EXP 	Device response: <KeyPress from None: t=486.98737529999926, value=v, duration=0.23812349999207072>
487.9939 	EXP 	line1: autoDraw = True
487.9939 	EXP 	line2: autoDraw = True
487.9939 	EXP 	line3: autoDraw = True
487.9939 	EXP 	line4: autoDraw = True
488.0107 	EXP 	fixation: autoDraw = False
489.0105 	INFO 	Keyboard events cleared
489.0103 	EXP 	probe: autoDraw = True
489.3271 	EXP 	Device response: <KeyPress from None: t=489.3134310999885, value=c, duration=None>
489.3275 	EXP 	New trial (rep=49, index=3): <Trial 199 (3 in rep 49) data={'pos': np.int64(-150), 'corr_resp': 'z', 'thisN': 199, 'thisTrialN': 3, 'thisRepN': 49}>
489.3286 	DATA 	Keypress: c
489.3437 	EXP 	fixation: autoDraw = False
489.3437 	EXP 	line1: autoDraw = False
489.3437 	EXP 	line2: autoDraw = False
489.3437 	EXP 	line3: autoDraw = False
489.3437 	EXP 	line4: autoDraw = False
489.3437 	EXP 	probe: autoDraw = False
489.3437 	EXP 	fixation: autoDraw = True
489.4938 	EXP 	Device response: <KeyPress from None: t=489.3134310999885, value=c, duration=0.17691460001515225>
490.3437 	EXP 	fixation: autoDraw = False
490.3437 	EXP 	line1: autoDraw = True
490.3437 	EXP 	line2: autoDraw = True
490.3437 	EXP 	line3: autoDraw = True
490.3437 	EXP 	line4: autoDraw = True
491.3266 	INFO 	Keyboard events cleared
491.3264 	EXP 	probe: autoDraw = True
491.6281 	EXP 	Device response: <KeyPress from None: t=491.62088850000873, value=z, duration=None>
491.6343 	EXP 	Imported sequence_conditions.csv as conditions, 4 conditions, 2 params
491.6391 	EXP 	New trial (rep=0, index=0): <Trial 0 (0 in rep 0) data={'pos': np.int64(50), 'corr_resp': 'c', 'thisN': 0, 'thisTrialN': 0, 'thisRepN': 0}>
491.6418 	DATA 	Keypress: z
491.6494 	EXP 	fixation: autoDraw = False
491.6494 	EXP 	line1: autoDraw = False
491.6494 	EXP 	line2: autoDraw = False
491.6494 	EXP 	line3: autoDraw = False
491.6494 	EXP 	line4: autoDraw = False
491.6494 	EXP 	probe: autoDraw = False
491.6494 	EXP 	fixation_2: autoDraw = True
491.8436 	EXP 	Device response: <KeyPress from None: t=491.62088850000873, value=z, duration=0.21448949998011813>
492.6419 	EXP 	line_1: autoDraw = True
492.6419 	EXP 	line_2: autoDraw = True
492.6419 	EXP 	line_3: autoDraw = True
492.6419 	EXP 	line_4: autoDraw = True
492.6604 	EXP 	fixation_2: autoDraw = False
493.6427 	INFO 	Keyboard events cleared
493.6425 	EXP 	probe_2: autoDraw = True
494.2628 	DATA 	Keypress: c
494.2778 	EXP 	Device response: <KeyPress from None: t=494.26187389998813, value=c, duration=None>
494.2783 	EXP 	New trial (rep=0, index=1): <Trial 1 (1 in rep 0) data={'pos': np.int64(-150), 'corr_resp': 'z', 'thisN': 1, 'thisTrialN': 1, 'thisRepN': 0}>
494.2927 	EXP 	fixation_2: autoDraw = False
494.2927 	EXP 	line_1: autoDraw = False
494.2927 	EXP 	line_2: autoDraw = False
494.2927 	EXP 	line_3: autoDraw = False
494.2927 	EXP 	line_4: autoDraw = False
494.2927 	EXP 	probe_2: autoDraw = False
494.2927 	EXP 	fixation_2: autoDraw = True
494.4447 	EXP 	Device response: <KeyPress from None: t=494.26187389998813, value=c, duration=0.1695600000093691>
495.2936 	EXP 	fixation_2: autoDraw = False
495.2936 	EXP 	line_1: autoDraw = True
495.2936 	EXP 	line_2: autoDraw = True
495.2936 	EXP 	line_3: autoDraw = True
495.2936 	EXP 	line_4: autoDraw = True
496.2943 	INFO 	Keyboard events cleared
496.2940 	EXP 	probe_2: autoDraw = True
496.7270 	EXP 	Device response: <KeyPress from None: t=496.72337689998676, value=z, duration=None>
496.7274 	EXP 	New trial (rep=0, index=2): <Trial 2 (2 in rep 0) data={'pos': np.int64(-50), 'corr_resp': 'x', 'thisN': 2, 'thisTrialN': 2, 'thisRepN': 0}>
496.7289 	DATA 	Keypress: z
496.7422 	EXP 	fixation_2: autoDraw = False
496.7422 	EXP 	line_1: autoDraw = False
496.7422 	EXP 	line_2: autoDraw = False
496.7422 	EXP 	line_3: autoDraw = False
496.7422 	EXP 	line_4: autoDraw = False
496.7422 	EXP 	probe_2: autoDraw = False
496.7422 	EXP 	fixation_2: autoDraw = True
496.9270 	EXP 	Device response: <KeyPress from None: t=496.72337689998676, value=z, duration=0.18666030000895262>
497.7270 	EXP 	line_1: autoDraw = True
497.7270 	EXP 	line_2: autoDraw = True
497.7270 	EXP 	line_3: autoDraw = True
497.7270 	EXP 	line_4: autoDraw = True
497.7440 	EXP 	fixation_2: autoDraw = False
498.7273 	INFO 	Keyboard events cleared
498.7270 	EXP 	probe_2: autoDraw = True
500.1782 	EXP 	Device response: <KeyPress from None: t=500.1689245000016, value=x, duration=None>
500.1787 	EXP 	New trial (rep=1, index=3): <Trial 3 (3 in rep 1) data={'pos': np.int64(-50), 'corr_resp': 'x', 'thisN': 3, 'thisTrialN': 3, 'thisRepN': 1}>
500.1804 	DATA 	Keypress: x
500.1927 	EXP 	fixation_2: autoDraw = False
500.1927 	EXP 	line_1: autoDraw = False
500.1927 	EXP 	line_2: autoDraw = False
500.1927 	EXP 	line_3: autoDraw = False
500.1927 	EXP 	line_4: autoDraw = False
500.1927 	EXP 	probe_2: autoDraw = False
500.1927 	EXP 	fixation_2: autoDraw = True
500.3105 	EXP 	Device response: <KeyPress from None: t=500.1689245000016, value=x, duration=0.1385469000088051>
501.1930 	EXP 	fixation_2: autoDraw = False
501.1930 	EXP 	line_1: autoDraw = True
501.1930 	EXP 	line_2: autoDraw = True
501.1930 	EXP 	line_3: autoDraw = True
501.1930 	EXP 	line_4: autoDraw = True
502.1943 	INFO 	Keyboard events cleared
502.1940 	EXP 	probe_2: autoDraw = True
503.3798 	DATA 	Keypress: x
503.3931 	EXP 	Device response: <KeyPress from None: t=503.3787049000093, value=x, duration=None>
503.3934 	EXP 	New trial (rep=2, index=4): <Trial 4 (4 in rep 2) data={'pos': np.int64(-50), 'corr_resp': 'x', 'thisN': 4, 'thisTrialN': 4, 'thisRepN': 2}>
503.4109 	EXP 	fixation_2: autoDraw = False
503.4109 	EXP 	line_1: autoDraw = False
503.4109 	EXP 	line_2: autoDraw = False
503.4109 	EXP 	line_3: autoDraw = False
503.4109 	EXP 	line_4: autoDraw = False
503.4109 	EXP 	probe_2: autoDraw = False
503.4109 	EXP 	fixation_2: autoDraw = True
503.5442 	EXP 	Device response: <KeyPress from None: t=503.3787049000093, value=x, duration=0.1544002000009641>
504.3939 	EXP 	line_1: autoDraw = True
504.3939 	EXP 	line_2: autoDraw = True
504.3939 	EXP 	line_3: autoDraw = True
504.3939 	EXP 	line_4: autoDraw = True
504.4101 	EXP 	fixation_2: autoDraw = False
505.3948 	INFO 	Keyboard events cleared
505.3945 	EXP 	probe_2: autoDraw = True
506.0439 	EXP 	Device response: <KeyPress from None: t=506.03254399998696, value=x, duration=None>
506.0444 	EXP 	New trial (rep=3, index=5): <Trial 5 (5 in rep 3) data={'pos': np.int64(-50), 'corr_resp': 'x', 'thisN': 5, 'thisTrialN': 5, 'thisRepN': 3}>
506.0460 	DATA 	Keypress: x
506.0592 	EXP 	fixation_2: autoDraw = False
506.0592 	EXP 	line_1: autoDraw = False
506.0592 	EXP 	line_2: autoDraw = False
506.0592 	EXP 	line_3: autoDraw = False
506.0592 	EXP 	line_4: autoDraw = False
506.0592 	EXP 	probe_2: autoDraw = False
506.0592 	EXP 	fixation_2: autoDraw = True
506.1936 	EXP 	Device response: <KeyPress from None: t=506.03254399998696, value=x, duration=0.15422430000035092>
507.0444 	EXP 	line_1: autoDraw = True
507.0444 	EXP 	line_2: autoDraw = True
507.0444 	EXP 	line_3: autoDraw = True
507.0444 	EXP 	line_4: autoDraw = True
507.0604 	EXP 	fixation_2: autoDraw = False
508.0442 	INFO 	Keyboard events cleared
508.0439 	EXP 	probe_2: autoDraw = True
509.0272 	EXP 	Device response: <KeyPress from None: t=509.01522179998574, value=x, duration=None>
509.0276 	EXP 	New trial (rep=1, index=6): <Trial 6 (6 in rep 1) data={'pos': np.int64(-150), 'corr_resp': 'z', 'thisN': 6, 'thisTrialN': 6, 'thisRepN': 1}>
509.0291 	DATA 	Keypress: x
509.0440 	EXP 	fixation_2: autoDraw = False
509.0440 	EXP 	line_1: autoDraw = False
509.0440 	EXP 	line_2: autoDraw = False
509.0440 	EXP 	line_3: autoDraw = False
509.0440 	EXP 	line_4: autoDraw = False
509.0440 	EXP 	probe_2: autoDraw = False
509.0440 	EXP 	fixation_2: autoDraw = True
509.2268 	EXP 	Device response: <KeyPress from None: t=509.01522179998574, value=x, duration=0.20530699999653734>
510.0280 	EXP 	line_1: autoDraw = True
510.0280 	EXP 	line_2: autoDraw = True
510.0280 	EXP 	line_3: autoDraw = True
510.0280 	EXP 	line_4: autoDraw = True
510.0446 	EXP 	fixation_2: autoDraw = False
511.0444 	INFO 	Keyboard events cleared
511.0442 	EXP 	probe_2: autoDraw = True
512.1784 	EXP 	Device response: <KeyPress from None: t=512.168841799983, value=z, duration=None>
512.1789 	EXP 	New trial (rep=2, index=7): <Trial 7 (7 in rep 2) data={'pos': np.int64(-150), 'corr_resp': 'z', 'thisN': 7, 'thisTrialN': 7, 'thisRepN': 2}>
512.1804 	DATA 	Keypress: z
512.1933 	EXP 	fixation_2: autoDraw = False
512.1933 	EXP 	line_1: autoDraw = False
512.1933 	EXP 	line_2: autoDraw = False
512.1933 	EXP 	line_3: autoDraw = False
512.1933 	EXP 	line_4: autoDraw = False
512.1933 	EXP 	probe_2: autoDraw = False
512.1933 	EXP 	fixation_2: autoDraw = True
512.3936 	EXP 	Device response: <KeyPress from None: t=512.168841799983, value=z, duration=0.22234540001954883>
513.1946 	EXP 	fixation_2: autoDraw = False
513.1946 	EXP 	line_1: autoDraw = True
513.1946 	EXP 	line_2: autoDraw = True
513.1946 	EXP 	line_3: autoDraw = True
513.1946 	EXP 	line_4: autoDraw = True
514.1944 	INFO 	Keyboard events cleared
514.1942 	EXP 	probe_2: autoDraw = True
515.0632 	DATA 	Keypress: z
515.0774 	EXP 	Device response: <KeyPress from None: t=515.0624063999858, value=z, duration=None>
515.0777 	EXP 	New trial (rep=1, index=8): <Trial 8 (8 in rep 1) data={'pos': np.int64(50), 'corr_resp': 'c', 'thisN': 8, 'thisTrialN': 8, 'thisRepN': 1}>
515.0939 	EXP 	fixation_2: autoDraw = False
515.0939 	EXP 	line_1: autoDraw = False
515.0939 	EXP 	line_2: autoDraw = False
515.0939 	EXP 	line_3: autoDraw = False
515.0939 	EXP 	line_4: autoDraw = False
515.0939 	EXP 	probe_2: autoDraw = False
515.0939 	EXP 	fixation_2: autoDraw = True
515.2445 	EXP 	Device response: <KeyPress from None: t=515.0624063999858, value=z, duration=0.16555360000347719>
516.0777 	EXP 	line_1: autoDraw = True
516.0777 	EXP 	line_2: autoDraw = True
516.0777 	EXP 	line_3: autoDraw = True
516.0777 	EXP 	line_4: autoDraw = True
516.0945 	EXP 	fixation_2: autoDraw = False
517.0777 	INFO 	Keyboard events cleared
517.0775 	EXP 	probe_2: autoDraw = True
518.7618 	EXP 	Device response: <KeyPress from None: t=518.7508700999897, value=c, duration=None>
518.7622 	EXP 	New trial (rep=3, index=9): <Trial 9 (9 in rep 3) data={'pos': np.int64(-150), 'corr_resp': 'z', 'thisN': 9, 'thisTrialN': 9, 'thisRepN': 3}>
518.7635 	DATA 	Keypress: c
518.7779 	EXP 	fixation_2: autoDraw = False
518.7779 	EXP 	line_1: autoDraw = False
518.7779 	EXP 	line_2: autoDraw = False
518.7779 	EXP 	line_3: autoDraw = False
518.7779 	EXP 	line_4: autoDraw = False
518.7779 	EXP 	probe_2: autoDraw = False
518.7779 	EXP 	fixation_2: autoDraw = True
518.8784 	EXP 	Device response: <KeyPress from None: t=518.7508700999897, value=c, duration=0.12452790001407266>
519.7773 	EXP 	line_1: autoDraw = True
519.7773 	EXP 	line_2: autoDraw = True
519.7773 	EXP 	line_3: autoDraw = True
519.7773 	EXP 	line_4: autoDraw = True
519.7941 	EXP 	fixation_2: autoDraw = False
520.7777 	INFO 	Keyboard events cleared
520.7775 	EXP 	probe_2: autoDraw = True
522.2962 	DATA 	Keypress: z
522.3092 	EXP 	Device response: <KeyPress from None: t=522.2952946999867, value=z, duration=None>
522.3096 	EXP 	New trial (rep=2, index=10): <Trial 10 (10 in rep 2) data={'pos': np.int64(50), 'corr_resp': 'c', 'thisN': 10, 'thisTrialN': 10, 'thisRepN': 2}>
522.3260 	EXP 	fixation_2: autoDraw = False
522.3260 	EXP 	line_1: autoDraw = False
522.3260 	EXP 	line_2: autoDraw = False
522.3260 	EXP 	line_3: autoDraw = False
522.3260 	EXP 	line_4: autoDraw = False
522.3260 	EXP 	probe_2: autoDraw = False
522.3260 	EXP 	fixation_2: autoDraw = True
522.5440 	EXP 	Device response: <KeyPress from None: t=522.2952946999867, value=z, duration=0.23414620000403374>
523.3109 	EXP 	line_1: autoDraw = True
523.3109 	EXP 	line_2: autoDraw = True
523.3109 	EXP 	line_3: autoDraw = True
523.3109 	EXP 	line_4: autoDraw = True
523.3281 	EXP 	fixation_2: autoDraw = False
524.3114 	INFO 	Keyboard events cleared
524.3112 	EXP 	probe_2: autoDraw = True
525.3438 	EXP 	Device response: <KeyPress from None: t=525.335361800011, value=c, duration=None>
525.3442 	EXP 	New trial (rep=3, index=11): <Trial 11 (11 in rep 3) data={'pos': np.int64(50), 'corr_resp': 'c', 'thisN': 11, 'thisTrialN': 11, 'thisRepN': 3}>
525.3455 	DATA 	Keypress: c
525.3611 	EXP 	fixation_2: autoDraw = False
525.3611 	EXP 	line_1: autoDraw = False
525.3611 	EXP 	line_2: autoDraw = False
525.3611 	EXP 	line_3: autoDraw = False
525.3611 	EXP 	line_4: autoDraw = False
525.3611 	EXP 	probe_2: autoDraw = False
525.3611 	EXP 	fixation_2: autoDraw = True
525.5451 	EXP 	Device response: <KeyPress from None: t=525.335361800011, value=c, duration=0.2060580999823287>
526.3435 	EXP 	line_1: autoDraw = True
526.3435 	EXP 	line_2: autoDraw = True
526.3435 	EXP 	line_3: autoDraw = True
526.3435 	EXP 	line_4: autoDraw = True
526.3606 	EXP 	fixation_2: autoDraw = False
527.3451 	INFO 	Keyboard events cleared
527.3449 	EXP 	probe_2: autoDraw = True
528.3280 	EXP 	Device response: <KeyPress from None: t=528.3183596000017, value=c, duration=None>
528.3283 	EXP 	New trial (rep=4, index=12): <Trial 12 (12 in rep 4) data={'pos': np.int64(50), 'corr_resp': 'c', 'thisN': 12, 'thisTrialN': 12, 'thisRepN': 4}>
528.3296 	DATA 	Keypress: c
528.3439 	EXP 	fixation_2: autoDraw = False
528.3439 	EXP 	line_1: autoDraw = False
528.3439 	EXP 	line_2: autoDraw = False
528.3439 	EXP 	line_3: autoDraw = False
528.3439 	EXP 	line_4: autoDraw = False
528.3439 	EXP 	probe_2: autoDraw = False
528.3439 	EXP 	fixation_2: autoDraw = True
528.5269 	EXP 	Device response: <KeyPress from None: t=528.3183596000017, value=c, duration=0.19733239998458885>
529.3263 	EXP 	line_1: autoDraw = True
529.3263 	EXP 	line_2: autoDraw = True
529.3263 	EXP 	line_3: autoDraw = True
529.3263 	EXP 	line_4: autoDraw = True
529.3446 	EXP 	fixation_2: autoDraw = False
530.3275 	INFO 	Keyboard events cleared
530.3273 	EXP 	probe_2: autoDraw = True
531.2109 	EXP 	Device response: <KeyPress from None: t=531.2016686999996, value=c, duration=None>
531.2113 	EXP 	New trial (rep=5, index=13): <Trial 13 (13 in rep 5) data={'pos': np.int64(50), 'corr_resp': 'c', 'thisN': 13, 'thisTrialN': 13, 'thisRepN': 5}>
531.2128 	DATA 	Keypress: c
531.2269 	EXP 	fixation_2: autoDraw = False
531.2269 	EXP 	line_1: autoDraw = False
531.2269 	EXP 	line_2: autoDraw = False
531.2269 	EXP 	line_3: autoDraw = False
531.2269 	EXP 	line_4: autoDraw = False
531.2269 	EXP 	probe_2: autoDraw = False
531.2269 	EXP 	fixation_2: autoDraw = True
531.3949 	EXP 	Device response: <KeyPress from None: t=531.2016686999996, value=c, duration=0.18752999999560416>
532.2112 	EXP 	line_1: autoDraw = True
532.2112 	EXP 	line_2: autoDraw = True
532.2112 	EXP 	line_3: autoDraw = True
532.2112 	EXP 	line_4: autoDraw = True
532.2279 	EXP 	fixation_2: autoDraw = False
533.2110 	INFO 	Keyboard events cleared
533.2108 	EXP 	probe_2: autoDraw = True
533.9299 	DATA 	Keypress: c
533.9443 	EXP 	Device response: <KeyPress from None: t=533.9283007000049, value=c, duration=None>
533.9446 	EXP 	New trial (rep=4, index=14): <Trial 14 (14 in rep 4) data={'pos': np.int64(-50), 'corr_resp': 'x', 'thisN': 14, 'thisTrialN': 14, 'thisRepN': 4}>
533.9605 	EXP 	fixation_2: autoDraw = False
533.9605 	EXP 	line_1: autoDraw = False
533.9605 	EXP 	line_2: autoDraw = False
533.9605 	EXP 	line_3: autoDraw = False
533.9605 	EXP 	line_4: autoDraw = False
533.9605 	EXP 	probe_2: autoDraw = False
533.9605 	EXP 	fixation_2: autoDraw = True
534.1108 	EXP 	Device response: <KeyPress from None: t=533.9283007000049, value=c, duration=0.17263739998452365>
534.9447 	EXP 	line_1: autoDraw = True
534.9447 	EXP 	line_2: autoDraw = True
534.9447 	EXP 	line_3: autoDraw = True
534.9447 	EXP 	line_4: autoDraw = True
534.9613 	EXP 	fixation_2: autoDraw = False
535.9443 	INFO 	Keyboard events cleared
535.9441 	EXP 	probe_2: autoDraw = True
537.2445 	EXP 	Device response: <KeyPress from None: t=537.2340536999982, value=x, duration=None>
537.2450 	EXP 	New trial (rep=6, index=15): <Trial 15 (15 in rep 6) data={'pos': np.int64(50), 'corr_resp': 'c', 'thisN': 15, 'thisTrialN': 15, 'thisRepN': 6}>
537.2465 	DATA 	Keypress: x
537.2602 	EXP 	fixation_2: autoDraw = False
537.2602 	EXP 	line_1: autoDraw = False
537.2602 	EXP 	line_2: autoDraw = False
537.2602 	EXP 	line_3: autoDraw = False
537.2602 	EXP 	line_4: autoDraw = False
537.2602 	EXP 	probe_2: autoDraw = False
537.2602 	EXP 	fixation_2: autoDraw = True
537.4118 	EXP 	Device response: <KeyPress from None: t=537.2340536999982, value=x, duration=0.17112600000109524>
538.2447 	EXP 	line_1: autoDraw = True
538.2447 	EXP 	line_2: autoDraw = True
538.2447 	EXP 	line_3: autoDraw = True
538.2447 	EXP 	line_4: autoDraw = True
538.2616 	EXP 	fixation_2: autoDraw = False
539.2450 	INFO 	Keyboard events cleared
539.2448 	EXP 	probe_2: autoDraw = True
540.9782 	EXP 	Device response: <KeyPress from None: t=540.976069700002, value=c, duration=None>
540.9785 	EXP 	New trial (rep=0, index=16): <Trial 16 (16 in rep 0) data={'pos': np.int64(150), 'corr_resp': 'v', 'thisN': 16, 'thisTrialN': 16, 'thisRepN': 0}>
540.9800 	DATA 	Keypress: c
540.9944 	EXP 	fixation_2: autoDraw = False
540.9944 	EXP 	line_1: autoDraw = False
540.9944 	EXP 	line_2: autoDraw = False
540.9944 	EXP 	line_3: autoDraw = False
540.9944 	EXP 	line_4: autoDraw = False
540.9944 	EXP 	probe_2: autoDraw = False
540.9944 	EXP 	fixation_2: autoDraw = True
541.1444 	EXP 	Device response: <KeyPress from None: t=540.976069700002, value=c, duration=0.16410589998122305>
541.9781 	EXP 	line_1: autoDraw = True
541.9781 	EXP 	line_2: autoDraw = True
541.9781 	EXP 	line_3: autoDraw = True
541.9781 	EXP 	line_4: autoDraw = True
541.9947 	EXP 	fixation_2: autoDraw = False
542.9777 	INFO 	Keyboard events cleared
542.9775 	EXP 	probe_2: autoDraw = True
544.0780 	EXP 	Device response: <KeyPress from None: t=544.0752428999986, value=v, duration=None>
544.0784 	EXP 	New trial (rep=4, index=17): <Trial 17 (17 in rep 4) data={'pos': np.int64(-150), 'corr_resp': 'z', 'thisN': 17, 'thisTrialN': 17, 'thisRepN': 4}>
544.0801 	DATA 	Keypress: v
544.0938 	EXP 	fixation_2: autoDraw = False
544.0938 	EXP 	line_1: autoDraw = False
544.0938 	EXP 	line_2: autoDraw = False
544.0938 	EXP 	line_3: autoDraw = False
544.0938 	EXP 	line_4: autoDraw = False
544.0938 	EXP 	probe_2: autoDraw = False
544.0938 	EXP 	fixation_2: autoDraw = True
544.3117 	EXP 	Device response: <KeyPress from None: t=544.0752428999986, value=v, duration=0.22212230000877753>
545.0775 	EXP 	line_1: autoDraw = True
545.0775 	EXP 	line_2: autoDraw = True
545.0775 	EXP 	line_3: autoDraw = True
545.0775 	EXP 	line_4: autoDraw = True
545.0947 	EXP 	fixation_2: autoDraw = False
546.0953 	INFO 	Keyboard events cleared
546.0950 	EXP 	probe_2: autoDraw = True
547.4947 	EXP 	Device response: <KeyPress from None: t=547.4938184999919, value=z, duration=None>
547.4951 	EXP 	New trial (rep=7, index=18): <Trial 18 (18 in rep 7) data={'pos': np.int64(50), 'corr_resp': 'c', 'thisN': 18, 'thisTrialN': 18, 'thisRepN': 7}>
547.4965 	DATA 	Keypress: z
547.5105 	EXP 	fixation_2: autoDraw = False
547.5105 	EXP 	line_1: autoDraw = False
547.5105 	EXP 	line_2: autoDraw = False
547.5105 	EXP 	line_3: autoDraw = False
547.5105 	EXP 	line_4: autoDraw = False
547.5105 	EXP 	probe_2: autoDraw = False
547.5105 	EXP 	fixation_2: autoDraw = True
547.7271 	EXP 	Device response: <KeyPress from None: t=547.4938184999919, value=z, duration=0.2252679000084754>
548.4948 	EXP 	line_1: autoDraw = True
548.4948 	EXP 	line_2: autoDraw = True
548.4948 	EXP 	line_3: autoDraw = True
548.4948 	EXP 	line_4: autoDraw = True
548.5112 	EXP 	fixation_2: autoDraw = False
549.4954 	INFO 	Keyboard events cleared
549.4952 	EXP 	probe_2: autoDraw = True
550.3938 	EXP 	Device response: <KeyPress from None: t=550.3797685999889, value=c, duration=None>
550.3942 	EXP 	New trial (rep=5, index=19): <Trial 19 (19 in rep 5) data={'pos': np.int64(-150), 'corr_resp': 'z', 'thisN': 19, 'thisTrialN': 19, 'thisRepN': 5}>
550.3956 	DATA 	Keypress: c
550.4118 	EXP 	fixation_2: autoDraw = False
550.4118 	EXP 	line_1: autoDraw = False
550.4118 	EXP 	line_2: autoDraw = False
550.4118 	EXP 	line_3: autoDraw = False
550.4118 	EXP 	line_4: autoDraw = False
550.4118 	EXP 	probe_2: autoDraw = False
550.4118 	EXP 	fixation_2: autoDraw = True
550.5622 	EXP 	Device response: <KeyPress from None: t=550.3797685999889, value=c, duration=0.17734230001224205>
551.3946 	EXP 	line_1: autoDraw = True
551.3946 	EXP 	line_2: autoDraw = True
551.3946 	EXP 	line_3: autoDraw = True
551.3946 	EXP 	line_4: autoDraw = True
551.4119 	EXP 	fixation_2: autoDraw = False
552.3954 	INFO 	Keyboard events cleared
552.3952 	EXP 	probe_2: autoDraw = True
553.5942 	EXP 	Device response: <KeyPress from None: t=553.5847438999917, value=z, duration=None>
553.5945 	EXP 	New trial (rep=8, index=20): <Trial 20 (20 in rep 8) data={'pos': np.int64(50), 'corr_resp': 'c', 'thisN': 20, 'thisTrialN': 20, 'thisRepN': 8}>
553.5962 	DATA 	Keypress: z
553.6105 	EXP 	fixation_2: autoDraw = False
553.6105 	EXP 	line_1: autoDraw = False
553.6105 	EXP 	line_2: autoDraw = False
553.6105 	EXP 	line_3: autoDraw = False
553.6105 	EXP 	line_4: autoDraw = False
553.6105 	EXP 	probe_2: autoDraw = False
553.6105 	EXP 	fixation_2: autoDraw = True
553.7439 	EXP 	Device response: <KeyPress from None: t=553.5847438999917, value=z, duration=0.15785210000467487>
554.5941 	EXP 	line_1: autoDraw = True
554.5941 	EXP 	line_2: autoDraw = True
554.5941 	EXP 	line_3: autoDraw = True
554.5941 	EXP 	line_4: autoDraw = True
554.6099 	EXP 	fixation_2: autoDraw = False
555.5952 	INFO 	Keyboard events cleared
555.5950 	EXP 	probe_2: autoDraw = True
557.2289 	EXP 	Device response: <KeyPress from None: t=557.2236535999982, value=c, duration=None>
557.2294 	EXP 	New trial (rep=9, index=21): <Trial 21 (21 in rep 9) data={'pos': np.int64(50), 'corr_resp': 'c', 'thisN': 21, 'thisTrialN': 21, 'thisRepN': 9}>
557.2310 	DATA 	Keypress: c
557.2443 	EXP 	fixation_2: autoDraw = False
557.2443 	EXP 	line_1: autoDraw = False
557.2443 	EXP 	line_2: autoDraw = False
557.2443 	EXP 	line_3: autoDraw = False
557.2443 	EXP 	line_4: autoDraw = False
557.2443 	EXP 	probe_2: autoDraw = False
557.2443 	EXP 	fixation_2: autoDraw = True
557.3939 	EXP 	Device response: <KeyPress from None: t=557.2236535999982, value=c, duration=0.15603899999405257>
558.2279 	EXP 	line_1: autoDraw = True
558.2279 	EXP 	line_2: autoDraw = True
558.2279 	EXP 	line_3: autoDraw = True
558.2279 	EXP 	line_4: autoDraw = True
558.2443 	EXP 	fixation_2: autoDraw = False
559.2289 	INFO 	Keyboard events cleared
559.2286 	EXP 	probe_2: autoDraw = True
560.3450 	EXP 	Device response: <KeyPress from None: t=560.3424064999854, value=c, duration=None>
560.3453 	EXP 	New trial (rep=6, index=22): <Trial 22 (22 in rep 6) data={'pos': np.int64(-150), 'corr_resp': 'z', 'thisN': 22, 'thisTrialN': 22, 'thisRepN': 6}>
560.3468 	DATA 	Keypress: c
560.3599 	EXP 	fixation_2: autoDraw = False
560.3599 	EXP 	line_1: autoDraw = False
560.3599 	EXP 	line_2: autoDraw = False
560.3599 	EXP 	line_3: autoDraw = False
560.3599 	EXP 	line_4: autoDraw = False
560.3599 	EXP 	probe_2: autoDraw = False
560.3599 	EXP 	fixation_2: autoDraw = True
560.5287 	EXP 	Device response: <KeyPress from None: t=560.3424064999854, value=c, duration=0.17041940000490285>
561.3450 	EXP 	line_1: autoDraw = True
561.3450 	EXP 	line_2: autoDraw = True
561.3450 	EXP 	line_3: autoDraw = True
561.3450 	EXP 	line_4: autoDraw = True
561.3616 	EXP 	fixation_2: autoDraw = False
562.3453 	INFO 	Keyboard events cleared
562.3451 	EXP 	probe_2: autoDraw = True
563.6972 	DATA 	Keypress: z
563.7113 	EXP 	Device response: <KeyPress from None: t=563.6963086999895, value=z, duration=None>
563.7118 	EXP 	New trial (rep=5, index=23): <Trial 23 (23 in rep 5) data={'pos': np.int64(-50), 'corr_resp': 'x', 'thisN': 23, 'thisTrialN': 23, 'thisRepN': 5}>
563.7268 	EXP 	fixation_2: autoDraw = False
563.7268 	EXP 	line_1: autoDraw = False
563.7268 	EXP 	line_2: autoDraw = False
563.7268 	EXP 	line_3: autoDraw = False
563.7268 	EXP 	line_4: autoDraw = False
563.7268 	EXP 	probe_2: autoDraw = False
563.7268 	EXP 	fixation_2: autoDraw = True
563.8287 	EXP 	Device response: <KeyPress from None: t=563.6963086999895, value=z, duration=0.12345650000497699>
564.7107 	EXP 	line_1: autoDraw = True
564.7107 	EXP 	line_2: autoDraw = True
564.7107 	EXP 	line_3: autoDraw = True
564.7107 	EXP 	line_4: autoDraw = True
564.7268 	EXP 	fixation_2: autoDraw = False
565.7121 	INFO 	Keyboard events cleared
565.7118 	EXP 	probe_2: autoDraw = True
567.0121 	EXP 	Device response: <KeyPress from None: t=566.9972913000092, value=x, duration=None>
567.0127 	EXP 	New trial (rep=1, index=24): <Trial 24 (24 in rep 1) data={'pos': np.int64(150), 'corr_resp': 'v', 'thisN': 24, 'thisTrialN': 24, 'thisRepN': 1}>
567.0143 	DATA 	Keypress: x
567.0274 	EXP 	fixation_2: autoDraw = False
567.0274 	EXP 	line_1: autoDraw = False
567.0274 	EXP 	line_2: autoDraw = False
567.0274 	EXP 	line_3: autoDraw = False
567.0274 	EXP 	line_4: autoDraw = False
567.0274 	EXP 	probe_2: autoDraw = False
567.0274 	EXP 	fixation_2: autoDraw = True
567.1439 	EXP 	Device response: <KeyPress from None: t=566.9972913000092, value=x, duration=0.1356775999884121>
568.0269 	EXP 	fixation_2: autoDraw = False
568.0269 	EXP 	line_1: autoDraw = True
568.0269 	EXP 	line_2: autoDraw = True
568.0269 	EXP 	line_3: autoDraw = True
568.0269 	EXP 	line_4: autoDraw = True
569.0276 	INFO 	Keyboard events cleared
569.0274 	EXP 	probe_2: autoDraw = True
569.8105 	EXP 	Device response: <KeyPress from None: t=569.7949042000109, value=v, duration=None>
569.8107 	EXP 	New trial (rep=2, index=25): <Trial 25 (25 in rep 2) data={'pos': np.int64(150), 'corr_resp': 'v', 'thisN': 25, 'thisTrialN': 25, 'thisRepN': 2}>
569.8116 	DATA 	Keypress: v
569.8271 	EXP 	fixation_2: autoDraw = False
569.8271 	EXP 	line_1: autoDraw = False
569.8271 	EXP 	line_2: autoDraw = False
569.8271 	EXP 	line_3: autoDraw = False
569.8271 	EXP 	line_4: autoDraw = False
569.8271 	EXP 	probe_2: autoDraw = False
569.8271 	EXP 	fixation_2: autoDraw = True
570.0100 	EXP 	Device response: <KeyPress from None: t=569.7949042000109, value=v, duration=0.20137009999598376>
570.8118 	EXP 	line_1: autoDraw = True
570.8118 	EXP 	line_2: autoDraw = True
570.8118 	EXP 	line_3: autoDraw = True
570.8118 	EXP 	line_4: autoDraw = True
570.8284 	EXP 	fixation_2: autoDraw = False
571.8116 	INFO 	Keyboard events cleared
571.8114 	EXP 	probe_2: autoDraw = True
572.3304 	DATA 	Keypress: v
572.3449 	EXP 	Device response: <KeyPress from None: t=572.3295154999942, value=v, duration=None>
572.3453 	EXP 	New trial (rep=3, index=26): <Trial 26 (26 in rep 3) data={'pos': np.int64(150), 'corr_resp': 'v', 'thisN': 26, 'thisTrialN': 26, 'thisRepN': 3}>
572.3615 	EXP 	fixation_2: autoDraw = False
572.3615 	EXP 	line_1: autoDraw = False
572.3615 	EXP 	line_2: autoDraw = False
572.3615 	EXP 	line_3: autoDraw = False
572.3615 	EXP 	line_4: autoDraw = False
572.3615 	EXP 	probe_2: autoDraw = False
572.3615 	EXP 	fixation_2: autoDraw = True
572.5284 	EXP 	Device response: <KeyPress from None: t=572.3295154999942, value=v, duration=0.18833179998910055>
573.3456 	EXP 	line_1: autoDraw = True
573.3456 	EXP 	line_2: autoDraw = True
573.3456 	EXP 	line_3: autoDraw = True
573.3456 	EXP 	line_4: autoDraw = True
573.3615 	EXP 	fixation_2: autoDraw = False
574.3455 	INFO 	Keyboard events cleared
574.3453 	EXP 	probe_2: autoDraw = True
575.1442 	EXP 	Device response: <KeyPress from None: t=575.1337792999984, value=v, duration=None>
575.1446 	EXP 	New trial (rep=7, index=27): <Trial 27 (27 in rep 7) data={'pos': np.int64(-150), 'corr_resp': 'z', 'thisN': 27, 'thisTrialN': 27, 'thisRepN': 7}>
575.1459 	DATA 	Keypress: v
575.1609 	EXP 	fixation_2: autoDraw = False
575.1609 	EXP 	line_1: autoDraw = False
575.1609 	EXP 	line_2: autoDraw = False
575.1609 	EXP 	line_3: autoDraw = False
575.1609 	EXP 	line_4: autoDraw = False
575.1609 	EXP 	probe_2: autoDraw = False
575.1609 	EXP 	fixation_2: autoDraw = True
575.3447 	EXP 	Device response: <KeyPress from None: t=575.1337792999984, value=v, duration=0.20199149998370558>
576.1450 	EXP 	line_1: autoDraw = True
576.1450 	EXP 	line_2: autoDraw = True
576.1450 	EXP 	line_3: autoDraw = True
576.1450 	EXP 	line_4: autoDraw = True
576.1617 	EXP 	fixation_2: autoDraw = False
577.1446 	INFO 	Keyboard events cleared
577.1444 	EXP 	probe_2: autoDraw = True
578.5271 	EXP 	Device response: <KeyPress from None: t=578.523692799994, value=z, duration=None>
578.5275 	EXP 	New trial (rep=8, index=28): <Trial 28 (28 in rep 8) data={'pos': np.int64(-150), 'corr_resp': 'z', 'thisN': 28, 'thisTrialN': 28, 'thisRepN': 8}>
578.5289 	DATA 	Keypress: z
578.5450 	EXP 	fixation_2: autoDraw = False
578.5450 	EXP 	line_1: autoDraw = False
578.5450 	EXP 	line_2: autoDraw = False
578.5450 	EXP 	line_3: autoDraw = False
578.5450 	EXP 	line_4: autoDraw = False
578.5450 	EXP 	probe_2: autoDraw = False
578.5450 	EXP 	fixation_2: autoDraw = True
578.7287 	EXP 	Device response: <KeyPress from None: t=578.523692799994, value=z, duration=0.2016379999986384>
579.5284 	EXP 	line_1: autoDraw = True
579.5284 	EXP 	line_2: autoDraw = True
579.5284 	EXP 	line_3: autoDraw = True
579.5284 	EXP 	line_4: autoDraw = True
579.5453 	EXP 	fixation_2: autoDraw = False
580.5292 	INFO 	Keyboard events cleared
580.5289 	EXP 	probe_2: autoDraw = True
581.3112 	EXP 	Device response: <KeyPress from None: t=581.2986492000055, value=z, duration=None>
581.3115 	EXP 	New trial (rep=9, index=29): <Trial 29 (29 in rep 9) data={'pos': np.int64(-150), 'corr_resp': 'z', 'thisN': 29, 'thisTrialN': 29, 'thisRepN': 9}>
581.3129 	DATA 	Keypress: z
581.3278 	EXP 	fixation_2: autoDraw = False
581.3278 	EXP 	line_1: autoDraw = False
581.3278 	EXP 	line_2: autoDraw = False
581.3278 	EXP 	line_3: autoDraw = False
581.3278 	EXP 	line_4: autoDraw = False
581.3278 	EXP 	probe_2: autoDraw = False
581.3278 	EXP 	fixation_2: autoDraw = True
581.4791 	EXP 	Device response: <KeyPress from None: t=581.2986492000055, value=z, duration=0.1721895999799017>
582.3115 	EXP 	line_1: autoDraw = True
582.3115 	EXP 	line_2: autoDraw = True
582.3115 	EXP 	line_3: autoDraw = True
582.3115 	EXP 	line_4: autoDraw = True
582.3281 	EXP 	fixation_2: autoDraw = False
583.3114 	INFO 	Keyboard events cleared
583.3112 	EXP 	probe_2: autoDraw = True
583.9456 	DATA 	Keypress: z
583.9607 	EXP 	Device response: <KeyPress from None: t=583.9447445999831, value=z, duration=None>
583.9610 	EXP 	New trial (rep=10, index=30): <Trial 30 (30 in rep 10) data={'pos': np.int64(50), 'corr_resp': 'c', 'thisN': 30, 'thisTrialN': 30, 'thisRepN': 10}>
583.9776 	EXP 	fixation_2: autoDraw = False
583.9776 	EXP 	line_1: autoDraw = False
583.9776 	EXP 	line_2: autoDraw = False
583.9776 	EXP 	line_3: autoDraw = False
583.9776 	EXP 	line_4: autoDraw = False
583.9776 	EXP 	probe_2: autoDraw = False
583.9776 	EXP 	fixation_2: autoDraw = True
584.1110 	EXP 	Device response: <KeyPress from None: t=583.9447445999831, value=z, duration=0.15169840000453405>
584.9604 	EXP 	line_1: autoDraw = True
584.9604 	EXP 	line_2: autoDraw = True
584.9604 	EXP 	line_3: autoDraw = True
584.9604 	EXP 	line_4: autoDraw = True
584.9776 	EXP 	fixation_2: autoDraw = False
585.9605 	INFO 	Keyboard events cleared
585.9604 	EXP 	probe_2: autoDraw = True
587.9443 	EXP 	Device response: <KeyPress from None: t=587.9390810999903, value=c, duration=None>
587.9446 	EXP 	New trial (rep=4, index=31): <Trial 31 (31 in rep 4) data={'pos': np.int64(150), 'corr_resp': 'v', 'thisN': 31, 'thisTrialN': 31, 'thisRepN': 4}>
587.9455 	DATA 	Keypress: c
587.9608 	EXP 	fixation_2: autoDraw = False
587.9608 	EXP 	line_1: autoDraw = False
587.9608 	EXP 	line_2: autoDraw = False
587.9608 	EXP 	line_3: autoDraw = False
587.9608 	EXP 	line_4: autoDraw = False
587.9608 	EXP 	probe_2: autoDraw = False
587.9608 	EXP 	fixation_2: autoDraw = True
588.1113 	EXP 	Device response: <KeyPress from None: t=587.9390810999903, value=c, duration=0.156710600014776>
588.9441 	EXP 	line_1: autoDraw = True
588.9441 	EXP 	line_2: autoDraw = True
588.9441 	EXP 	line_3: autoDraw = True
588.9441 	EXP 	line_4: autoDraw = True
588.9601 	EXP 	fixation_2: autoDraw = False
589.9458 	INFO 	Keyboard events cleared
589.9456 	EXP 	probe_2: autoDraw = True
591.3629 	EXP 	Device response: <KeyPress from None: t=591.3555964999832, value=v, duration=None>
591.3634 	EXP 	New trial (rep=5, index=32): <Trial 32 (32 in rep 5) data={'pos': np.int64(150), 'corr_resp': 'v', 'thisN': 32, 'thisTrialN': 32, 'thisRepN': 5}>
591.3652 	DATA 	Keypress: v
591.3773 	EXP 	fixation_2: autoDraw = False
591.3773 	EXP 	line_1: autoDraw = False
591.3773 	EXP 	line_2: autoDraw = False
591.3773 	EXP 	line_3: autoDraw = False
591.3773 	EXP 	line_4: autoDraw = False
591.3773 	EXP 	probe_2: autoDraw = False
591.3773 	EXP 	fixation_2: autoDraw = True
591.5614 	EXP 	Device response: <KeyPress from None: t=591.3555964999832, value=v, duration=0.2022187000256963>
592.3770 	EXP 	fixation_2: autoDraw = False
592.3770 	EXP 	line_1: autoDraw = True
592.3770 	EXP 	line_2: autoDraw = True
592.3770 	EXP 	line_3: autoDraw = True
592.3770 	EXP 	line_4: autoDraw = True
593.3627 	INFO 	Keyboard events cleared
593.3625 	EXP 	probe_2: autoDraw = True
594.5123 	EXP 	Device response: <KeyPress from None: t=594.5101326000004, value=v, duration=None>
594.5127 	EXP 	New trial (rep=6, index=33): <Trial 33 (33 in rep 6) data={'pos': np.int64(150), 'corr_resp': 'v', 'thisN': 33, 'thisTrialN': 33, 'thisRepN': 6}>
594.5142 	DATA 	Keypress: v
594.5283 	EXP 	fixation_2: autoDraw = False
594.5283 	EXP 	line_1: autoDraw = False
594.5283 	EXP 	line_2: autoDraw = False
594.5283 	EXP 	line_3: autoDraw = False
594.5283 	EXP 	line_4: autoDraw = False
594.5283 	EXP 	probe_2: autoDraw = False
594.5283 	EXP 	fixation_2: autoDraw = True
594.6629 	EXP 	Device response: <KeyPress from None: t=594.5101326000004, value=v, duration=0.14361629998893477>
595.5120 	EXP 	line_1: autoDraw = True
595.5120 	EXP 	line_2: autoDraw = True
595.5120 	EXP 	line_3: autoDraw = True
595.5120 	EXP 	line_4: autoDraw = True
595.5288 	EXP 	fixation_2: autoDraw = False
596.5279 	INFO 	Keyboard events cleared
596.5278 	EXP 	probe_2: autoDraw = True
597.1451 	EXP 	Device response: <KeyPress from None: t=597.1306277999829, value=v, duration=None>
597.1455 	EXP 	New trial (rep=6, index=34): <Trial 34 (34 in rep 6) data={'pos': np.int64(-50), 'corr_resp': 'x', 'thisN': 34, 'thisTrialN': 34, 'thisRepN': 6}>
597.1469 	DATA 	Keypress: v
597.1619 	EXP 	fixation_2: autoDraw = False
597.1619 	EXP 	line_1: autoDraw = False
597.1619 	EXP 	line_2: autoDraw = False
597.1619 	EXP 	line_3: autoDraw = False
597.1619 	EXP 	line_4: autoDraw = False
597.1619 	EXP 	probe_2: autoDraw = False
597.1619 	EXP 	fixation_2: autoDraw = True
597.3450 	EXP 	Device response: <KeyPress from None: t=597.1306277999829, value=v, duration=0.19867330000852235>
598.1621 	EXP 	fixation_2: autoDraw = False
598.1621 	EXP 	line_1: autoDraw = True
598.1621 	EXP 	line_2: autoDraw = True
598.1621 	EXP 	line_3: autoDraw = True
598.1621 	EXP 	line_4: autoDraw = True
599.1459 	INFO 	Keyboard events cleared
599.1457 	EXP 	probe_2: autoDraw = True
601.2958 	EXP 	Device response: <KeyPress from None: t=601.2921904000104, value=x, duration=None>
601.2961 	EXP 	New trial (rep=7, index=35): <Trial 35 (35 in rep 7) data={'pos': np.int64(-50), 'corr_resp': 'x', 'thisN': 35, 'thisTrialN': 35, 'thisRepN': 7}>
601.2978 	DATA 	Keypress: x
601.3110 	EXP 	fixation_2: autoDraw = False
601.3110 	EXP 	line_1: autoDraw = False
601.3110 	EXP 	line_2: autoDraw = False
601.3110 	EXP 	line_3: autoDraw = False
601.3110 	EXP 	line_4: autoDraw = False
601.3110 	EXP 	probe_2: autoDraw = False
601.3110 	EXP 	fixation_2: autoDraw = True
601.4963 	EXP 	Device response: <KeyPress from None: t=601.2921904000104, value=x, duration=0.18626609997591004>
602.2956 	EXP 	line_1: autoDraw = True
602.2956 	EXP 	line_2: autoDraw = True
602.2956 	EXP 	line_3: autoDraw = True
602.2956 	EXP 	line_4: autoDraw = True
602.3124 	EXP 	fixation_2: autoDraw = False
603.2959 	INFO 	Keyboard events cleared
603.2957 	EXP 	probe_2: autoDraw = True
604.5637 	DATA 	Keypress: x
604.5790 	EXP 	Device response: <KeyPress from None: t=604.5627948000038, value=x, duration=None>
604.5794 	EXP 	New trial (rep=10, index=36): <Trial 36 (36 in rep 10) data={'pos': np.int64(-150), 'corr_resp': 'z', 'thisN': 36, 'thisTrialN': 36, 'thisRepN': 10}>
604.5940 	EXP 	fixation_2: autoDraw = False
604.5940 	EXP 	line_1: autoDraw = False
604.5940 	EXP 	line_2: autoDraw = False
604.5940 	EXP 	line_3: autoDraw = False
604.5940 	EXP 	line_4: autoDraw = False
604.5940 	EXP 	probe_2: autoDraw = False
604.5940 	EXP 	fixation_2: autoDraw = True
604.7297 	EXP 	Device response: <KeyPress from None: t=604.5627948000038, value=x, duration=0.16040170000633225>
605.5777 	EXP 	line_1: autoDraw = True
605.5777 	EXP 	line_2: autoDraw = True
605.5777 	EXP 	line_3: autoDraw = True
605.5777 	EXP 	line_4: autoDraw = True
605.5955 	EXP 	fixation_2: autoDraw = False
606.5794 	INFO 	Keyboard events cleared
606.5792 	EXP 	probe_2: autoDraw = True
608.0964 	EXP 	Device response: <KeyPress from None: t=608.0875222999894, value=z, duration=None>
608.0968 	EXP 	New trial (rep=11, index=37): <Trial 37 (37 in rep 11) data={'pos': np.int64(50), 'corr_resp': 'c', 'thisN': 37, 'thisTrialN': 37, 'thisRepN': 11}>
608.0983 	DATA 	Keypress: z
608.1107 	EXP 	fixation_2: autoDraw = False
608.1107 	EXP 	line_1: autoDraw = False
608.1107 	EXP 	line_2: autoDraw = False
608.1107 	EXP 	line_3: autoDraw = False
608.1107 	EXP 	line_4: autoDraw = False
608.1107 	EXP 	probe_2: autoDraw = False
608.1107 	EXP 	fixation_2: autoDraw = True
608.2955 	EXP 	Device response: <KeyPress from None: t=608.0875222999894, value=z, duration=0.19190649999654852>
609.0959 	EXP 	line_1: autoDraw = True
609.0959 	EXP 	line_2: autoDraw = True
609.0959 	EXP 	line_3: autoDraw = True
609.0959 	EXP 	line_4: autoDraw = True
609.1125 	EXP 	fixation_2: autoDraw = False
610.1124 	INFO 	Keyboard events cleared
610.1122 	EXP 	probe_2: autoDraw = True
611.7292 	EXP 	Device response: <KeyPress from None: t=611.7258510999964, value=c, duration=None>
611.7296 	EXP 	New trial (rep=11, index=38): <Trial 38 (38 in rep 11) data={'pos': np.int64(-150), 'corr_resp': 'z', 'thisN': 38, 'thisTrialN': 38, 'thisRepN': 11}>
611.7311 	DATA 	Keypress: c
611.7448 	EXP 	fixation_2: autoDraw = False
611.7448 	EXP 	line_1: autoDraw = False
611.7448 	EXP 	line_2: autoDraw = False
611.7448 	EXP 	line_3: autoDraw = False
611.7448 	EXP 	line_4: autoDraw = False
611.7448 	EXP 	probe_2: autoDraw = False
611.7448 	EXP 	fixation_2: autoDraw = True
611.9280 	EXP 	Device response: <KeyPress from None: t=611.7258510999964, value=c, duration=0.19878299999982119>
612.7291 	EXP 	line_1: autoDraw = True
612.7291 	EXP 	line_2: autoDraw = True
612.7291 	EXP 	line_3: autoDraw = True
612.7291 	EXP 	line_4: autoDraw = True
612.7441 	EXP 	fixation_2: autoDraw = False
613.7295 	INFO 	Keyboard events cleared
613.7293 	EXP 	probe_2: autoDraw = True
614.6448 	EXP 	Device response: <KeyPress from None: t=614.6334724999906, value=z, duration=None>
614.6452 	EXP 	New trial (rep=7, index=39): <Trial 39 (39 in rep 7) data={'pos': np.int64(150), 'corr_resp': 'v', 'thisN': 39, 'thisTrialN': 39, 'thisRepN': 7}>
614.6466 	DATA 	Keypress: z
614.6614 	EXP 	fixation_2: autoDraw = False
614.6614 	EXP 	line_1: autoDraw = False
614.6614 	EXP 	line_2: autoDraw = False
614.6614 	EXP 	line_3: autoDraw = False
614.6614 	EXP 	line_4: autoDraw = False
614.6614 	EXP 	probe_2: autoDraw = False
614.6614 	EXP 	fixation_2: autoDraw = True
614.8461 	EXP 	Device response: <KeyPress from None: t=614.6334724999906, value=z, duration=0.21161299999221228>
615.6455 	EXP 	line_1: autoDraw = True
615.6455 	EXP 	line_2: autoDraw = True
615.6455 	EXP 	line_3: autoDraw = True
615.6455 	EXP 	line_4: autoDraw = True
615.6625 	EXP 	fixation_2: autoDraw = False
616.6453 	INFO 	Keyboard events cleared
616.6450 	EXP 	probe_2: autoDraw = True
618.2291 	EXP 	Device response: <KeyPress from None: t=618.225814800011, value=v, duration=None>
618.2296 	EXP 	New trial (rep=8, index=40): <Trial 40 (40 in rep 8) data={'pos': np.int64(150), 'corr_resp': 'v', 'thisN': 40, 'thisTrialN': 40, 'thisRepN': 8}>
618.2311 	DATA 	Keypress: v
618.2449 	EXP 	fixation_2: autoDraw = False
618.2449 	EXP 	line_1: autoDraw = False
618.2449 	EXP 	line_2: autoDraw = False
618.2449 	EXP 	line_3: autoDraw = False
618.2449 	EXP 	line_4: autoDraw = False
618.2449 	EXP 	probe_2: autoDraw = False
618.2449 	EXP 	fixation_2: autoDraw = True
618.4795 	EXP 	Device response: <KeyPress from None: t=618.225814800011, value=v, duration=0.2366539999784436>
619.2292 	EXP 	line_1: autoDraw = True
619.2292 	EXP 	line_2: autoDraw = True
619.2292 	EXP 	line_3: autoDraw = True
619.2292 	EXP 	line_4: autoDraw = True
619.2456 	EXP 	fixation_2: autoDraw = False
620.2457 	INFO 	Keyboard events cleared
620.2455 	EXP 	probe_2: autoDraw = True
621.2789 	EXP 	Device response: <KeyPress from None: t=621.2735085999884, value=v, duration=None>
621.2792 	EXP 	New trial (rep=8, index=41): <Trial 41 (41 in rep 8) data={'pos': np.int64(-50), 'corr_resp': 'x', 'thisN': 41, 'thisTrialN': 41, 'thisRepN': 8}>
621.2806 	DATA 	Keypress: v
621.2944 	EXP 	fixation_2: autoDraw = False
621.2944 	EXP 	line_1: autoDraw = False
621.2944 	EXP 	line_2: autoDraw = False
621.2944 	EXP 	line_3: autoDraw = False
621.2944 	EXP 	line_4: autoDraw = False
621.2944 	EXP 	probe_2: autoDraw = False
621.2944 	EXP 	fixation_2: autoDraw = True
621.4959 	EXP 	Device response: <KeyPress from None: t=621.2735085999884, value=v, duration=0.2124547999992501>
622.2790 	EXP 	line_1: autoDraw = True
622.2790 	EXP 	line_2: autoDraw = True
622.2790 	EXP 	line_3: autoDraw = True
622.2790 	EXP 	line_4: autoDraw = True
622.2951 	EXP 	fixation_2: autoDraw = False
623.2789 	INFO 	Keyboard events cleared
623.2787 	EXP 	probe_2: autoDraw = True
625.1645 	EXP 	Device response: <KeyPress from None: t=625.1541711000027, value=x, duration=None>
625.1650 	EXP 	New trial (rep=12, index=42): <Trial 42 (42 in rep 12) data={'pos': np.int64(50), 'corr_resp': 'c', 'thisN': 42, 'thisTrialN': 42, 'thisRepN': 12}>
625.1665 	DATA 	Keypress: x
625.1784 	EXP 	fixation_2: autoDraw = False
625.1784 	EXP 	line_1: autoDraw = False
625.1784 	EXP 	line_2: autoDraw = False
625.1784 	EXP 	line_3: autoDraw = False
625.1784 	EXP 	line_4: autoDraw = False
625.1784 	EXP 	probe_2: autoDraw = False
625.1784 	EXP 	fixation_2: autoDraw = True
625.3623 	EXP 	Device response: <KeyPress from None: t=625.1541711000027, value=x, duration=0.1932504999858793>
626.1793 	EXP 	fixation_2: autoDraw = False
626.1793 	EXP 	line_1: autoDraw = True
626.1793 	EXP 	line_2: autoDraw = True
626.1793 	EXP 	line_3: autoDraw = True
626.1793 	EXP 	line_4: autoDraw = True
627.1792 	INFO 	Keyboard events cleared
627.1790 	EXP 	probe_2: autoDraw = True
628.9303 	EXP 	Device response: <KeyPress from None: t=628.9224624999915, value=c, duration=None>
628.9308 	EXP 	New trial (rep=9, index=43): <Trial 43 (43 in rep 9) data={'pos': np.int64(150), 'corr_resp': 'v', 'thisN': 43, 'thisTrialN': 43, 'thisRepN': 9}>
628.9325 	DATA 	Keypress: c
628.9444 	EXP 	fixation_2: autoDraw = False
628.9444 	EXP 	line_1: autoDraw = False
628.9444 	EXP 	line_2: autoDraw = False
628.9444 	EXP 	line_3: autoDraw = False
628.9444 	EXP 	line_4: autoDraw = False
628.9444 	EXP 	probe_2: autoDraw = False
628.9444 	EXP 	fixation_2: autoDraw = True
629.0286 	EXP 	Device response: <KeyPress from None: t=628.9224624999915, value=c, duration=0.1054469000082463>
629.9459 	EXP 	fixation_2: autoDraw = False
629.9459 	EXP 	line_1: autoDraw = True
629.9459 	EXP 	line_2: autoDraw = True
629.9459 	EXP 	line_3: autoDraw = True
629.9459 	EXP 	line_4: autoDraw = True
630.9468 	INFO 	Keyboard events cleared
630.9466 	EXP 	probe_2: autoDraw = True
632.4125 	EXP 	Device response: <KeyPress from None: t=632.3961812999914, value=v, duration=None>
632.4129 	EXP 	New trial (rep=13, index=44): <Trial 44 (44 in rep 13) data={'pos': np.int64(50), 'corr_resp': 'c', 'thisN': 44, 'thisTrialN': 44, 'thisRepN': 13}>
632.4143 	DATA 	Keypress: v
632.4295 	EXP 	fixation_2: autoDraw = False
632.4295 	EXP 	line_1: autoDraw = False
632.4295 	EXP 	line_2: autoDraw = False
632.4295 	EXP 	line_3: autoDraw = False
632.4295 	EXP 	line_4: autoDraw = False
632.4295 	EXP 	probe_2: autoDraw = False
632.4295 	EXP 	fixation_2: autoDraw = True
632.4965 	EXP 	Device response: <KeyPress from None: t=632.3961812999914, value=v, duration=0.08677660001558252>
633.4120 	EXP 	line_1: autoDraw = True
633.4120 	EXP 	line_2: autoDraw = True
633.4120 	EXP 	line_3: autoDraw = True
633.4120 	EXP 	line_4: autoDraw = True
633.4296 	EXP 	fixation_2: autoDraw = False
634.4115 	INFO 	Keyboard events cleared
634.4112 	EXP 	probe_2: autoDraw = True
635.8968 	EXP 	Device response: <KeyPress from None: t=635.8879969999834, value=c, duration=None>
635.8972 	EXP 	New trial (rep=12, index=45): <Trial 45 (45 in rep 12) data={'pos': np.int64(-150), 'corr_resp': 'z', 'thisN': 45, 'thisTrialN': 45, 'thisRepN': 12}>
635.8986 	DATA 	Keypress: c
635.9110 	EXP 	fixation_2: autoDraw = False
635.9110 	EXP 	line_1: autoDraw = False
635.9110 	EXP 	line_2: autoDraw = False
635.9110 	EXP 	line_3: autoDraw = False
635.9110 	EXP 	line_4: autoDraw = False
635.9110 	EXP 	probe_2: autoDraw = False
635.9110 	EXP 	fixation_2: autoDraw = True
635.9793 	EXP 	Device response: <KeyPress from None: t=635.8879969999834, value=c, duration=0.08679530001245439>
636.9130 	EXP 	fixation_2: autoDraw = False
636.9130 	EXP 	line_1: autoDraw = True
636.9130 	EXP 	line_2: autoDraw = True
636.9130 	EXP 	line_3: autoDraw = True
636.9130 	EXP 	line_4: autoDraw = True
637.8967 	INFO 	Keyboard events cleared
637.8965 	EXP 	probe_2: autoDraw = True
639.4304 	EXP 	Device response: <KeyPress from None: t=639.4198324999888, value=z, duration=None>
639.4309 	EXP 	New trial (rep=9, index=46): <Trial 46 (46 in rep 9) data={'pos': np.int64(-50), 'corr_resp': 'x', 'thisN': 46, 'thisTrialN': 46, 'thisRepN': 9}>
639.4324 	DATA 	Keypress: z
639.4444 	EXP 	fixation_2: autoDraw = False
639.4444 	EXP 	line_1: autoDraw = False
639.4444 	EXP 	line_2: autoDraw = False
639.4444 	EXP 	line_3: autoDraw = False
639.4444 	EXP 	line_4: autoDraw = False
639.4444 	EXP 	probe_2: autoDraw = False
639.4444 	EXP 	fixation_2: autoDraw = True
639.5626 	EXP 	Device response: <KeyPress from None: t=639.4198324999888, value=z, duration=0.1278308000182733>
640.4462 	EXP 	fixation_2: autoDraw = False
640.4462 	EXP 	line_1: autoDraw = True
640.4462 	EXP 	line_2: autoDraw = True
640.4462 	EXP 	line_3: autoDraw = True
640.4462 	EXP 	line_4: autoDraw = True
641.4461 	INFO 	Keyboard events cleared
641.4459 	EXP 	probe_2: autoDraw = True
642.3641 	DATA 	Keypress: x
642.3794 	EXP 	Device response: <KeyPress from None: t=642.3631055000005, value=x, duration=None>
642.3797 	EXP 	New trial (rep=14, index=47): <Trial 47 (47 in rep 14) data={'pos': np.int64(50), 'corr_resp': 'c', 'thisN': 47, 'thisTrialN': 47, 'thisRepN': 14}>
642.3960 	EXP 	fixation_2: autoDraw = False
642.3960 	EXP 	line_1: autoDraw = False
642.3960 	EXP 	line_2: autoDraw = False
642.3960 	EXP 	line_3: autoDraw = False
642.3960 	EXP 	line_4: autoDraw = False
642.3960 	EXP 	probe_2: autoDraw = False
642.3960 	EXP 	fixation_2: autoDraw = True
642.4961 	EXP 	Device response: <KeyPress from None: t=642.3631055000005, value=x, duration=0.12568679999094456>
643.3795 	EXP 	line_1: autoDraw = True
643.3795 	EXP 	line_2: autoDraw = True
643.3795 	EXP 	line_3: autoDraw = True
643.3795 	EXP 	line_4: autoDraw = True
643.3960 	EXP 	fixation_2: autoDraw = False
644.3800 	INFO 	Keyboard events cleared
644.3797 	EXP 	probe_2: autoDraw = True
646.0963 	EXP 	Device response: <KeyPress from None: t=646.086771000002, value=c, duration=None>
646.0967 	EXP 	New trial (rep=10, index=48): <Trial 48 (48 in rep 10) data={'pos': np.int64(-50), 'corr_resp': 'x', 'thisN': 48, 'thisTrialN': 48, 'thisRepN': 10}>
646.0981 	DATA 	Keypress: c
646.1130 	EXP 	fixation_2: autoDraw = False
646.1130 	EXP 	line_1: autoDraw = False
646.1130 	EXP 	line_2: autoDraw = False
646.1130 	EXP 	line_3: autoDraw = False
646.1130 	EXP 	line_4: autoDraw = False
646.1130 	EXP 	probe_2: autoDraw = False
646.1130 	EXP 	fixation_2: autoDraw = True
646.1804 	EXP 	Device response: <KeyPress from None: t=646.086771000002, value=c, duration=0.07952820000355132>
647.1131 	EXP 	fixation_2: autoDraw = False
647.1131 	EXP 	line_1: autoDraw = True
647.1131 	EXP 	line_2: autoDraw = True
647.1131 	EXP 	line_3: autoDraw = True
647.1131 	EXP 	line_4: autoDraw = True
648.0958 	INFO 	Keyboard events cleared
648.0956 	EXP 	probe_2: autoDraw = True
650.0795 	EXP 	Device response: <KeyPress from None: t=650.0649060999858, value=x, duration=None>
650.0798 	EXP 	New trial (rep=13, index=49): <Trial 49 (49 in rep 13) data={'pos': np.int64(-150), 'corr_resp': 'z', 'thisN': 49, 'thisTrialN': 49, 'thisRepN': 13}>
650.0811 	DATA 	Keypress: x
650.0956 	EXP 	fixation_2: autoDraw = False
650.0956 	EXP 	line_1: autoDraw = False
650.0956 	EXP 	line_2: autoDraw = False
650.0956 	EXP 	line_3: autoDraw = False
650.0956 	EXP 	line_4: autoDraw = False
650.0956 	EXP 	probe_2: autoDraw = False
650.0956 	EXP 	fixation_2: autoDraw = True
650.1958 	EXP 	Device response: <KeyPress from None: t=650.0649060999858, value=x, duration=0.1267546000017319>
651.0797 	EXP 	line_1: autoDraw = True
651.0797 	EXP 	line_2: autoDraw = True
651.0797 	EXP 	line_3: autoDraw = True
651.0797 	EXP 	line_4: autoDraw = True
651.0962 	EXP 	fixation_2: autoDraw = False
652.0794 	INFO 	Keyboard events cleared
652.0792 	EXP 	probe_2: autoDraw = True
653.2131 	EXP 	Device response: <KeyPress from None: t=653.2095881999994, value=z, duration=None>
653.2134 	EXP 	New trial (rep=10, index=50): <Trial 50 (50 in rep 10) data={'pos': np.int64(150), 'corr_resp': 'v', 'thisN': 50, 'thisTrialN': 50, 'thisRepN': 10}>
653.2148 	DATA 	Keypress: z
653.2283 	EXP 	fixation_2: autoDraw = False
653.2283 	EXP 	line_1: autoDraw = False
653.2283 	EXP 	line_2: autoDraw = False
653.2283 	EXP 	line_3: autoDraw = False
653.2283 	EXP 	line_4: autoDraw = False
653.2283 	EXP 	probe_2: autoDraw = False
653.2283 	EXP 	fixation_2: autoDraw = True
653.3298 	EXP 	Device response: <KeyPress from None: t=653.2095881999994, value=z, duration=0.11780320000252686>
654.2132 	EXP 	line_1: autoDraw = True
654.2132 	EXP 	line_2: autoDraw = True
654.2132 	EXP 	line_3: autoDraw = True
654.2132 	EXP 	line_4: autoDraw = True
654.2291 	EXP 	fixation_2: autoDraw = False
655.2133 	INFO 	Keyboard events cleared
655.2131 	EXP 	probe_2: autoDraw = True
656.3454 	EXP 	Device response: <KeyPress from None: t=656.3433363999939, value=v, duration=None>
656.3458 	EXP 	New trial (rep=11, index=51): <Trial 51 (51 in rep 11) data={'pos': np.int64(150), 'corr_resp': 'v', 'thisN': 51, 'thisTrialN': 51, 'thisRepN': 11}>
656.3473 	DATA 	Keypress: v
656.3622 	EXP 	fixation_2: autoDraw = False
656.3622 	EXP 	line_1: autoDraw = False
656.3622 	EXP 	line_2: autoDraw = False
656.3622 	EXP 	line_3: autoDraw = False
656.3622 	EXP 	line_4: autoDraw = False
656.3622 	EXP 	probe_2: autoDraw = False
656.3622 	EXP 	fixation_2: autoDraw = True
656.4464 	EXP 	Device response: <KeyPress from None: t=656.3433363999939, value=v, duration=0.10223700001370162>
657.3463 	EXP 	line_1: autoDraw = True
657.3463 	EXP 	line_2: autoDraw = True
657.3463 	EXP 	line_3: autoDraw = True
657.3463 	EXP 	line_4: autoDraw = True
657.3632 	EXP 	fixation_2: autoDraw = False
658.3464 	INFO 	Keyboard events cleared
658.3462 	EXP 	probe_2: autoDraw = True
660.0966 	EXP 	Device response: <KeyPress from None: t=660.0909124999889, value=v, duration=None>
660.0969 	EXP 	New trial (rep=14, index=52): <Trial 52 (52 in rep 14) data={'pos': np.int64(-150), 'corr_resp': 'z', 'thisN': 52, 'thisTrialN': 52, 'thisRepN': 14}>
660.0983 	DATA 	Keypress: v
660.1113 	EXP 	fixation_2: autoDraw = False
660.1113 	EXP 	line_1: autoDraw = False
660.1113 	EXP 	line_2: autoDraw = False
660.1113 	EXP 	line_3: autoDraw = False
660.1113 	EXP 	line_4: autoDraw = False
660.1113 	EXP 	probe_2: autoDraw = False
660.1113 	EXP 	fixation_2: autoDraw = True
660.1963 	EXP 	Device response: <KeyPress from None: t=660.0909124999889, value=v, duration=0.1032654000155162>
661.1132 	EXP 	fixation_2: autoDraw = False
661.1132 	EXP 	line_1: autoDraw = True
661.1132 	EXP 	line_2: autoDraw = True
661.1132 	EXP 	line_3: autoDraw = True
661.1132 	EXP 	line_4: autoDraw = True
662.0962 	INFO 	Keyboard events cleared
662.0961 	EXP 	probe_2: autoDraw = True
662.7490 	DATA 	Keypress: z
662.7634 	EXP 	Device response: <KeyPress from None: t=662.7476921000052, value=z, duration=None>
662.7638 	EXP 	New trial (rep=15, index=53): <Trial 53 (53 in rep 15) data={'pos': np.int64(-150), 'corr_resp': 'z', 'thisN': 53, 'thisTrialN': 53, 'thisRepN': 15}>
662.7787 	EXP 	fixation_2: autoDraw = False
662.7787 	EXP 	line_1: autoDraw = False
662.7787 	EXP 	line_2: autoDraw = False
662.7787 	EXP 	line_3: autoDraw = False
662.7787 	EXP 	line_4: autoDraw = False
662.7787 	EXP 	probe_2: autoDraw = False
662.7787 	EXP 	fixation_2: autoDraw = True
662.8972 	EXP 	Device response: <KeyPress from None: t=662.7476921000052, value=z, duration=0.1407908999826759>
663.7635 	EXP 	line_1: autoDraw = True
663.7635 	EXP 	line_2: autoDraw = True
663.7635 	EXP 	line_3: autoDraw = True
663.7635 	EXP 	line_4: autoDraw = True
663.7796 	EXP 	fixation_2: autoDraw = False
664.7804 	INFO 	Keyboard events cleared
664.7801 	EXP 	probe_2: autoDraw = True
665.9301 	EXP 	Device response: <KeyPress from None: t=665.9266077000066, value=z, duration=None>
665.9306 	EXP 	New trial (rep=11, index=54): <Trial 54 (54 in rep 11) data={'pos': np.int64(-50), 'corr_resp': 'x', 'thisN': 54, 'thisTrialN': 54, 'thisRepN': 11}>
665.9321 	DATA 	Keypress: z
665.9457 	EXP 	fixation_2: autoDraw = False
665.9457 	EXP 	line_1: autoDraw = False
665.9457 	EXP 	line_2: autoDraw = False
665.9457 	EXP 	line_3: autoDraw = False
665.9457 	EXP 	line_4: autoDraw = False
665.9457 	EXP 	probe_2: autoDraw = False
665.9457 	EXP 	fixation_2: autoDraw = True
666.0472 	EXP 	Device response: <KeyPress from None: t=665.9266077000066, value=z, duration=0.11803979999967851>
666.9292 	EXP 	line_1: autoDraw = True
666.9292 	EXP 	line_2: autoDraw = True
666.9292 	EXP 	line_3: autoDraw = True
666.9292 	EXP 	line_4: autoDraw = True
666.9457 	EXP 	fixation_2: autoDraw = False
667.9303 	INFO 	Keyboard events cleared
667.9301 	EXP 	probe_2: autoDraw = True
669.2322 	DATA 	Keypress: x
669.2469 	EXP 	Device response: <KeyPress from None: t=669.23099489999, value=x, duration=None>
669.2473 	EXP 	New trial (rep=16, index=55): <Trial 55 (55 in rep 16) data={'pos': np.int64(-150), 'corr_resp': 'z', 'thisN': 55, 'thisTrialN': 55, 'thisRepN': 16}>
669.2630 	EXP 	fixation_2: autoDraw = False
669.2630 	EXP 	line_1: autoDraw = False
669.2630 	EXP 	line_2: autoDraw = False
669.2630 	EXP 	line_3: autoDraw = False
669.2630 	EXP 	line_4: autoDraw = False
669.2630 	EXP 	probe_2: autoDraw = False
669.2630 	EXP 	fixation_2: autoDraw = True
669.3630 	EXP 	Device response: <KeyPress from None: t=669.23099489999, value=x, duration=0.11831429999438114>
670.2469 	EXP 	line_1: autoDraw = True
670.2469 	EXP 	line_2: autoDraw = True
670.2469 	EXP 	line_3: autoDraw = True
670.2469 	EXP 	line_4: autoDraw = True
670.2631 	EXP 	fixation_2: autoDraw = False
671.2473 	INFO 	Keyboard events cleared
671.2470 	EXP 	probe_2: autoDraw = True
673.0130 	EXP 	Device response: <KeyPress from None: t=673.0015039999853, value=z, duration=None>
673.0133 	EXP 	New trial (rep=12, index=56): <Trial 56 (56 in rep 12) data={'pos': np.int64(-50), 'corr_resp': 'x', 'thisN': 56, 'thisTrialN': 56, 'thisRepN': 12}>
673.0146 	DATA 	Keypress: z
673.0295 	EXP 	fixation_2: autoDraw = False
673.0295 	EXP 	line_1: autoDraw = False
673.0295 	EXP 	line_2: autoDraw = False
673.0295 	EXP 	line_3: autoDraw = False
673.0295 	EXP 	line_4: autoDraw = False
673.0295 	EXP 	probe_2: autoDraw = False
673.0295 	EXP 	fixation_2: autoDraw = True
673.1136 	EXP 	Device response: <KeyPress from None: t=673.0015039999853, value=z, duration=0.10897560001467355>
674.0129 	EXP 	line_1: autoDraw = True
674.0129 	EXP 	line_2: autoDraw = True
674.0129 	EXP 	line_3: autoDraw = True
674.0129 	EXP 	line_4: autoDraw = True
674.0292 	EXP 	fixation_2: autoDraw = False
675.0143 	INFO 	Keyboard events cleared
675.0141 	EXP 	probe_2: autoDraw = True
675.8804 	EXP 	Device response: <KeyPress from None: t=675.8777627999953, value=x, duration=None>
675.8808 	EXP 	New trial (rep=17, index=57): <Trial 57 (57 in rep 17) data={'pos': np.int64(-150), 'corr_resp': 'z', 'thisN': 57, 'thisTrialN': 57, 'thisRepN': 17}>
675.8823 	DATA 	Keypress: x
675.8952 	EXP 	fixation_2: autoDraw = False
675.8952 	EXP 	line_1: autoDraw = False
675.8952 	EXP 	line_2: autoDraw = False
675.8952 	EXP 	line_3: autoDraw = False
675.8952 	EXP 	line_4: autoDraw = False
675.8952 	EXP 	probe_2: autoDraw = False
675.8952 	EXP 	fixation_2: autoDraw = True
676.0132 	EXP 	Device response: <KeyPress from None: t=675.8777627999953, value=x, duration=0.12123419999261387>
676.8804 	EXP 	line_1: autoDraw = True
676.8804 	EXP 	line_2: autoDraw = True
676.8804 	EXP 	line_3: autoDraw = True
676.8804 	EXP 	line_4: autoDraw = True
676.8957 	EXP 	fixation_2: autoDraw = False
677.8971 	INFO 	Keyboard events cleared
677.8969 	EXP 	probe_2: autoDraw = True
679.9817 	DATA 	Keypress: z
679.9971 	EXP 	Device response: <KeyPress from None: t=679.9799022999941, value=z, duration=None>
679.9975 	EXP 	New trial (rep=15, index=58): <Trial 58 (58 in rep 15) data={'pos': np.int64(50), 'corr_resp': 'c', 'thisN': 58, 'thisTrialN': 58, 'thisRepN': 15}>
680.0132 	EXP 	fixation_2: autoDraw = False
680.0132 	EXP 	line_1: autoDraw = False
680.0132 	EXP 	line_2: autoDraw = False
680.0132 	EXP 	line_3: autoDraw = False
680.0132 	EXP 	line_4: autoDraw = False
680.0132 	EXP 	probe_2: autoDraw = False
680.0132 	EXP 	fixation_2: autoDraw = True
680.0964 	EXP 	Device response: <KeyPress from None: t=679.9799022999941, value=z, duration=0.10115349999978207>
680.9970 	EXP 	line_1: autoDraw = True
680.9970 	EXP 	line_2: autoDraw = True
680.9970 	EXP 	line_3: autoDraw = True
680.9970 	EXP 	line_4: autoDraw = True
681.0120 	EXP 	fixation_2: autoDraw = False
681.9970 	INFO 	Keyboard events cleared
681.9968 	EXP 	probe_2: autoDraw = True
682.8309 	EXP 	Device response: <KeyPress from None: t=682.8292459000077, value=c, duration=None>
682.8312 	EXP 	New trial (rep=16, index=59): <Trial 59 (59 in rep 16) data={'pos': np.int64(50), 'corr_resp': 'c', 'thisN': 59, 'thisTrialN': 59, 'thisRepN': 16}>
682.8325 	DATA 	Keypress: c
682.8456 	EXP 	fixation_2: autoDraw = False
682.8456 	EXP 	line_1: autoDraw = False
682.8456 	EXP 	line_2: autoDraw = False
682.8456 	EXP 	line_3: autoDraw = False
682.8456 	EXP 	line_4: autoDraw = False
682.8456 	EXP 	probe_2: autoDraw = False
682.8456 	EXP 	fixation_2: autoDraw = True
682.9293 	EXP 	Device response: <KeyPress from None: t=682.8292459000077, value=c, duration=0.0907654999755323>
683.8300 	EXP 	line_1: autoDraw = True
683.8300 	EXP 	line_2: autoDraw = True
683.8300 	EXP 	line_3: autoDraw = True
683.8300 	EXP 	line_4: autoDraw = True
683.8469 	EXP 	fixation_2: autoDraw = False
684.8304 	INFO 	Keyboard events cleared
684.8301 	EXP 	probe_2: autoDraw = True
685.6964 	EXP 	Device response: <KeyPress from None: t=685.6915277999942, value=c, duration=None>
685.6968 	EXP 	New trial (rep=18, index=60): <Trial 60 (60 in rep 18) data={'pos': np.int64(-150), 'corr_resp': 'z', 'thisN': 60, 'thisTrialN': 60, 'thisRepN': 18}>
685.6982 	DATA 	Keypress: c
685.7127 	EXP 	fixation_2: autoDraw = False
685.7127 	EXP 	line_1: autoDraw = False
685.7127 	EXP 	line_2: autoDraw = False
685.7127 	EXP 	line_3: autoDraw = False
685.7127 	EXP 	line_4: autoDraw = False
685.7127 	EXP 	probe_2: autoDraw = False
685.7127 	EXP 	fixation_2: autoDraw = True
685.7965 	EXP 	Device response: <KeyPress from None: t=685.6915277999942, value=c, duration=0.09092449999297969>
686.6963 	EXP 	line_1: autoDraw = True
686.6963 	EXP 	line_2: autoDraw = True
686.6963 	EXP 	line_3: autoDraw = True
686.6963 	EXP 	line_4: autoDraw = True
686.7138 	EXP 	fixation_2: autoDraw = False
687.6972 	INFO 	Keyboard events cleared
687.6970 	EXP 	probe_2: autoDraw = True
689.0797 	EXP 	Device response: <KeyPress from None: t=689.0770995999919, value=z, duration=None>
689.0802 	EXP 	New trial (rep=12, index=61): <Trial 61 (61 in rep 12) data={'pos': np.int64(150), 'corr_resp': 'v', 'thisN': 61, 'thisTrialN': 61, 'thisRepN': 12}>
689.0816 	DATA 	Keypress: z
689.0953 	EXP 	fixation_2: autoDraw = False
689.0953 	EXP 	line_1: autoDraw = False
689.0953 	EXP 	line_2: autoDraw = False
689.0953 	EXP 	line_3: autoDraw = False
689.0953 	EXP 	line_4: autoDraw = False
689.0953 	EXP 	probe_2: autoDraw = False
689.0953 	EXP 	fixation_2: autoDraw = True
689.2141 	EXP 	Device response: <KeyPress from None: t=689.0770995999919, value=z, duration=0.12104900000849739>
690.0803 	EXP 	line_1: autoDraw = True
690.0803 	EXP 	line_2: autoDraw = True
690.0803 	EXP 	line_3: autoDraw = True
690.0803 	EXP 	line_4: autoDraw = True
690.0972 	EXP 	fixation_2: autoDraw = False
691.0795 	INFO 	Keyboard events cleared
691.0793 	EXP 	probe_2: autoDraw = True
692.2811 	EXP 	Device response: <KeyPress from None: t=692.2782976999879, value=v, duration=None>
692.2815 	EXP 	New trial (rep=17, index=62): <Trial 62 (62 in rep 17) data={'pos': np.int64(50), 'corr_resp': 'c', 'thisN': 62, 'thisTrialN': 62, 'thisRepN': 17}>
692.2830 	DATA 	Keypress: v
692.2956 	EXP 	fixation_2: autoDraw = False
692.2956 	EXP 	line_1: autoDraw = False
692.2956 	EXP 	line_2: autoDraw = False
692.2956 	EXP 	line_3: autoDraw = False
692.2956 	EXP 	line_4: autoDraw = False
692.2956 	EXP 	probe_2: autoDraw = False
692.2956 	EXP 	fixation_2: autoDraw = True
692.3964 	EXP 	Device response: <KeyPress from None: t=692.2782976999879, value=v, duration=0.10845810000319034>
693.2794 	EXP 	line_1: autoDraw = True
693.2794 	EXP 	line_2: autoDraw = True
693.2794 	EXP 	line_3: autoDraw = True
693.2794 	EXP 	line_4: autoDraw = True
693.2972 	EXP 	fixation_2: autoDraw = False
694.2809 	INFO 	Keyboard events cleared
694.2807 	EXP 	probe_2: autoDraw = True
695.2317 	DATA 	Keypress: c
695.2468 	EXP 	Device response: <KeyPress from None: t=695.2299192000064, value=c, duration=None>
695.2471 	EXP 	New trial (rep=13, index=63): <Trial 63 (63 in rep 13) data={'pos': np.int64(-50), 'corr_resp': 'x', 'thisN': 63, 'thisTrialN': 63, 'thisRepN': 13}>
695.2635 	EXP 	fixation_2: autoDraw = False
695.2635 	EXP 	line_1: autoDraw = False
695.2635 	EXP 	line_2: autoDraw = False
695.2635 	EXP 	line_3: autoDraw = False
695.2635 	EXP 	line_4: autoDraw = False
695.2635 	EXP 	probe_2: autoDraw = False
695.2635 	EXP 	fixation_2: autoDraw = True
695.3307 	EXP 	Device response: <KeyPress from None: t=695.2299192000064, value=c, duration=0.09272399998735636>
696.2474 	EXP 	line_1: autoDraw = True
696.2474 	EXP 	line_2: autoDraw = True
696.2474 	EXP 	line_3: autoDraw = True
696.2474 	EXP 	line_4: autoDraw = True
696.2638 	EXP 	fixation_2: autoDraw = False
697.2468 	INFO 	Keyboard events cleared
697.2465 	EXP 	probe_2: autoDraw = True
699.0128 	EXP 	Device response: <KeyPress from None: t=699.007810799987, value=x, duration=None>
699.0132 	EXP 	New trial (rep=18, index=64): <Trial 64 (64 in rep 18) data={'pos': np.int64(50), 'corr_resp': 'c', 'thisN': 64, 'thisTrialN': 64, 'thisRepN': 18}>
699.0146 	DATA 	Keypress: x
699.0299 	EXP 	fixation_2: autoDraw = False
699.0299 	EXP 	line_1: autoDraw = False
699.0299 	EXP 	line_2: autoDraw = False
699.0299 	EXP 	line_3: autoDraw = False
699.0299 	EXP 	line_4: autoDraw = False
699.0299 	EXP 	probe_2: autoDraw = False
699.0299 	EXP 	fixation_2: autoDraw = True
699.1294 	EXP 	Device response: <KeyPress from None: t=699.007810799987, value=x, duration=0.10661440002149902>
700.0136 	EXP 	line_1: autoDraw = True
700.0136 	EXP 	line_2: autoDraw = True
700.0136 	EXP 	line_3: autoDraw = True
700.0136 	EXP 	line_4: autoDraw = True
700.0302 	EXP 	fixation_2: autoDraw = False
701.0127 	INFO 	Keyboard events cleared
701.0125 	EXP 	probe_2: autoDraw = True
702.8973 	EXP 	Device response: <KeyPress from None: t=702.8911959000106, value=c, duration=None>
702.8978 	EXP 	New trial (rep=19, index=65): <Trial 65 (65 in rep 19) data={'pos': np.int64(50), 'corr_resp': 'c', 'thisN': 65, 'thisTrialN': 65, 'thisRepN': 19}>
702.8993 	DATA 	Keypress: c
702.9122 	EXP 	fixation_2: autoDraw = False
702.9122 	EXP 	line_1: autoDraw = False
702.9122 	EXP 	line_2: autoDraw = False
702.9122 	EXP 	line_3: autoDraw = False
702.9122 	EXP 	line_4: autoDraw = False
702.9122 	EXP 	probe_2: autoDraw = False
702.9122 	EXP 	fixation_2: autoDraw = True
702.9961 	EXP 	Device response: <KeyPress from None: t=702.8911959000106, value=c, duration=0.08839739998802543>
703.8968 	EXP 	line_1: autoDraw = True
703.8968 	EXP 	line_2: autoDraw = True
703.8968 	EXP 	line_3: autoDraw = True
703.8968 	EXP 	line_4: autoDraw = True
703.9140 	EXP 	fixation_2: autoDraw = False
704.8976 	INFO 	Keyboard events cleared
704.8974 	EXP 	probe_2: autoDraw = True
706.4305 	EXP 	Device response: <KeyPress from None: t=706.4272562999977, value=c, duration=None>
706.4309 	EXP 	New trial (rep=20, index=66): <Trial 66 (66 in rep 20) data={'pos': np.int64(50), 'corr_resp': 'c', 'thisN': 66, 'thisTrialN': 66, 'thisRepN': 20}>
706.4324 	DATA 	Keypress: c
706.4462 	EXP 	fixation_2: autoDraw = False
706.4462 	EXP 	line_1: autoDraw = False
706.4462 	EXP 	line_2: autoDraw = False
706.4462 	EXP 	line_3: autoDraw = False
706.4462 	EXP 	line_4: autoDraw = False
706.4462 	EXP 	probe_2: autoDraw = False
706.4462 	EXP 	fixation_2: autoDraw = True
706.5471 	EXP 	Device response: <KeyPress from None: t=706.4272562999977, value=c, duration=0.10622950000106357>
707.4308 	EXP 	line_1: autoDraw = True
707.4308 	EXP 	line_2: autoDraw = True
707.4308 	EXP 	line_3: autoDraw = True
707.4308 	EXP 	line_4: autoDraw = True
707.4466 	EXP 	fixation_2: autoDraw = False
708.4306 	INFO 	Keyboard events cleared
708.4304 	EXP 	probe_2: autoDraw = True
709.6487 	DATA 	Keypress: c
709.6627 	EXP 	Device response: <KeyPress from None: t=709.6465525999956, value=c, duration=None>
709.6631 	EXP 	New trial (rep=13, index=67): <Trial 67 (67 in rep 13) data={'pos': np.int64(150), 'corr_resp': 'v', 'thisN': 67, 'thisTrialN': 67, 'thisRepN': 13}>
709.6786 	EXP 	fixation_2: autoDraw = False
709.6786 	EXP 	line_1: autoDraw = False
709.6786 	EXP 	line_2: autoDraw = False
709.6786 	EXP 	line_3: autoDraw = False
709.6786 	EXP 	line_4: autoDraw = False
709.6786 	EXP 	probe_2: autoDraw = False
709.6786 	EXP 	fixation_2: autoDraw = True
709.7472 	EXP 	Device response: <KeyPress from None: t=709.6465525999956, value=c, duration=0.09366220000083558>
710.6638 	EXP 	line_1: autoDraw = True
710.6638 	EXP 	line_2: autoDraw = True
710.6638 	EXP 	line_3: autoDraw = True
710.6638 	EXP 	line_4: autoDraw = True
710.6807 	EXP 	fixation_2: autoDraw = False
711.6637 	INFO 	Keyboard events cleared
711.6634 	EXP 	probe_2: autoDraw = True
713.6814 	EXP 	Device response: <KeyPress from None: t=713.6687220000022, value=v, duration=None>
713.6818 	EXP 	New trial (rep=14, index=68): <Trial 68 (68 in rep 14) data={'pos': np.int64(-50), 'corr_resp': 'x', 'thisN': 68, 'thisTrialN': 68, 'thisRepN': 14}>
713.6833 	DATA 	Keypress: v
713.6963 	EXP 	fixation_2: autoDraw = False
713.6963 	EXP 	line_1: autoDraw = False
713.6963 	EXP 	line_2: autoDraw = False
713.6963 	EXP 	line_3: autoDraw = False
713.6963 	EXP 	line_4: autoDraw = False
713.6963 	EXP 	probe_2: autoDraw = False
713.6963 	EXP 	fixation_2: autoDraw = True
713.7479 	EXP 	Device response: <KeyPress from None: t=713.6687220000022, value=v, duration=0.07435019998229109>
714.6809 	EXP 	line_1: autoDraw = True
714.6809 	EXP 	line_2: autoDraw = True
714.6809 	EXP 	line_3: autoDraw = True
714.6809 	EXP 	line_4: autoDraw = True
714.6969 	EXP 	fixation_2: autoDraw = False
715.6981 	INFO 	Keyboard events cleared
715.6979 	EXP 	probe_2: autoDraw = True
716.6981 	EXP 	Device response: <KeyPress from None: t=716.6897467999952, value=x, duration=None>
716.6985 	EXP 	New trial (rep=19, index=69): <Trial 69 (69 in rep 19) data={'pos': np.int64(-150), 'corr_resp': 'z', 'thisN': 69, 'thisTrialN': 69, 'thisRepN': 19}>
716.7000 	DATA 	Keypress: x
716.7130 	EXP 	fixation_2: autoDraw = False
716.7130 	EXP 	line_1: autoDraw = False
716.7130 	EXP 	line_2: autoDraw = False
716.7130 	EXP 	line_3: autoDraw = False
716.7130 	EXP 	line_4: autoDraw = False
716.7130 	EXP 	probe_2: autoDraw = False
716.7130 	EXP 	fixation_2: autoDraw = True
716.8137 	EXP 	Device response: <KeyPress from None: t=716.6897467999952, value=x, duration=0.11621110001578927>
717.6980 	EXP 	line_1: autoDraw = True
717.6980 	EXP 	line_2: autoDraw = True
717.6980 	EXP 	line_3: autoDraw = True
717.6980 	EXP 	line_4: autoDraw = True
717.7138 	EXP 	fixation_2: autoDraw = False
718.6973 	INFO 	Keyboard events cleared
718.6971 	EXP 	probe_2: autoDraw = True
720.1314 	EXP 	Device response: <KeyPress from None: t=720.1239842000068, value=z, duration=None>
720.1318 	EXP 	New trial (rep=20, index=70): <Trial 70 (70 in rep 20) data={'pos': np.int64(-150), 'corr_resp': 'z', 'thisN': 70, 'thisTrialN': 70, 'thisRepN': 20}>
720.1333 	DATA 	Keypress: z
720.1464 	EXP 	fixation_2: autoDraw = False
720.1464 	EXP 	line_1: autoDraw = False
720.1464 	EXP 	line_2: autoDraw = False
720.1464 	EXP 	line_3: autoDraw = False
720.1464 	EXP 	line_4: autoDraw = False
720.1464 	EXP 	probe_2: autoDraw = False
720.1464 	EXP 	fixation_2: autoDraw = True
720.2637 	EXP 	Device response: <KeyPress from None: t=720.1239842000068, value=z, duration=0.12846449998323806>
721.1306 	EXP 	line_1: autoDraw = True
721.1306 	EXP 	line_2: autoDraw = True
721.1306 	EXP 	line_3: autoDraw = True
721.1306 	EXP 	line_4: autoDraw = True
721.1474 	EXP 	fixation_2: autoDraw = False
722.1305 	INFO 	Keyboard events cleared
722.1303 	EXP 	probe_2: autoDraw = True
723.4971 	EXP 	Device response: <KeyPress from None: t=723.4821949999896, value=z, duration=None>
723.4974 	EXP 	New trial (rep=15, index=71): <Trial 71 (71 in rep 15) data={'pos': np.int64(-50), 'corr_resp': 'x', 'thisN': 71, 'thisTrialN': 71, 'thisRepN': 15}>
723.4988 	DATA 	Keypress: z
723.5141 	EXP 	fixation_2: autoDraw = False
723.5141 	EXP 	line_1: autoDraw = False
723.5141 	EXP 	line_2: autoDraw = False
723.5141 	EXP 	line_3: autoDraw = False
723.5141 	EXP 	line_4: autoDraw = False
723.5141 	EXP 	probe_2: autoDraw = False
723.5141 	EXP 	fixation_2: autoDraw = True
723.6297 	EXP 	Device response: <KeyPress from None: t=723.4821949999896, value=z, duration=0.13248110000859015>
724.4967 	EXP 	line_1: autoDraw = True
724.4967 	EXP 	line_2: autoDraw = True
724.4967 	EXP 	line_3: autoDraw = True
724.4967 	EXP 	line_4: autoDraw = True
724.5142 	EXP 	fixation_2: autoDraw = False
725.4965 	INFO 	Keyboard events cleared
725.4962 	EXP 	probe_2: autoDraw = True
726.4972 	EXP 	Device response: <KeyPress from None: t=726.4835929999826, value=x, duration=None>
726.4976 	EXP 	New trial (rep=21, index=72): <Trial 72 (72 in rep 21) data={'pos': np.int64(-150), 'corr_resp': 'z', 'thisN': 72, 'thisTrialN': 72, 'thisRepN': 21}>
726.4989 	DATA 	Keypress: x
726.5140 	EXP 	fixation_2: autoDraw = False
726.5140 	EXP 	line_1: autoDraw = False
726.5140 	EXP 	line_2: autoDraw = False
726.5140 	EXP 	line_3: autoDraw = False
726.5140 	EXP 	line_4: autoDraw = False
726.5140 	EXP 	probe_2: autoDraw = False
726.5140 	EXP 	fixation_2: autoDraw = True
726.5980 	EXP 	Device response: <KeyPress from None: t=726.4835929999826, value=x, duration=0.11143220000667498>
727.4975 	EXP 	line_1: autoDraw = True
727.4975 	EXP 	line_2: autoDraw = True
727.4975 	EXP 	line_3: autoDraw = True
727.4975 	EXP 	line_4: autoDraw = True
727.5144 	EXP 	fixation_2: autoDraw = False
728.4983 	INFO 	Keyboard events cleared
728.4980 	EXP 	probe_2: autoDraw = True
729.6984 	EXP 	Device response: <KeyPress from None: t=729.6954516999831, value=z, duration=None>
729.6989 	EXP 	New trial (rep=14, index=73): <Trial 73 (73 in rep 14) data={'pos': np.int64(150), 'corr_resp': 'v', 'thisN': 73, 'thisTrialN': 73, 'thisRepN': 14}>
729.7004 	DATA 	Keypress: z
729.7133 	EXP 	fixation_2: autoDraw = False
729.7133 	EXP 	line_1: autoDraw = False
729.7133 	EXP 	line_2: autoDraw = False
729.7133 	EXP 	line_3: autoDraw = False
729.7133 	EXP 	line_4: autoDraw = False
729.7133 	EXP 	probe_2: autoDraw = False
729.7133 	EXP 	fixation_2: autoDraw = True
729.8141 	EXP 	Device response: <KeyPress from None: t=729.6954516999831, value=z, duration=0.11531550000654534>
730.7129 	EXP 	fixation_2: autoDraw = False
730.7129 	EXP 	line_1: autoDraw = True
730.7129 	EXP 	line_2: autoDraw = True
730.7129 	EXP 	line_3: autoDraw = True
730.7129 	EXP 	line_4: autoDraw = True
731.6982 	INFO 	Keyboard events cleared
731.6980 	EXP 	probe_2: autoDraw = True
732.6314 	EXP 	Device response: <KeyPress from None: t=732.621424699988, value=v, duration=None>
732.6319 	EXP 	New trial (rep=22, index=74): <Trial 74 (74 in rep 22) data={'pos': np.int64(-150), 'corr_resp': 'z', 'thisN': 74, 'thisTrialN': 74, 'thisRepN': 22}>
732.6336 	DATA 	Keypress: v
732.6460 	EXP 	fixation_2: autoDraw = False
732.6460 	EXP 	line_1: autoDraw = False
732.6460 	EXP 	line_2: autoDraw = False
732.6460 	EXP 	line_3: autoDraw = False
732.6460 	EXP 	line_4: autoDraw = False
732.6460 	EXP 	probe_2: autoDraw = False
732.6460 	EXP 	fixation_2: autoDraw = True
732.7308 	EXP 	Device response: <KeyPress from None: t=732.621424699988, value=v, duration=0.10618940001586452>
733.6312 	EXP 	line_1: autoDraw = True
733.6312 	EXP 	line_2: autoDraw = True
733.6312 	EXP 	line_3: autoDraw = True
733.6312 	EXP 	line_4: autoDraw = True
733.6482 	EXP 	fixation_2: autoDraw = False
734.6313 	INFO 	Keyboard events cleared
734.6311 	EXP 	probe_2: autoDraw = True
735.5147 	EXP 	Device response: <KeyPress from None: t=735.5140457999951, value=z, duration=None>
735.5150 	EXP 	New trial (rep=15, index=75): <Trial 75 (75 in rep 15) data={'pos': np.int64(150), 'corr_resp': 'v', 'thisN': 75, 'thisTrialN': 75, 'thisRepN': 15}>
735.5164 	DATA 	Keypress: z
735.5304 	EXP 	fixation_2: autoDraw = False
735.5304 	EXP 	line_1: autoDraw = False
735.5304 	EXP 	line_2: autoDraw = False
735.5304 	EXP 	line_3: autoDraw = False
735.5304 	EXP 	line_4: autoDraw = False
735.5304 	EXP 	probe_2: autoDraw = False
735.5304 	EXP 	fixation_2: autoDraw = True
735.6150 	EXP 	Device response: <KeyPress from None: t=735.5140457999951, value=z, duration=0.09259869999368675>
736.5143 	EXP 	line_1: autoDraw = True
736.5143 	EXP 	line_2: autoDraw = True
736.5143 	EXP 	line_3: autoDraw = True
736.5143 	EXP 	line_4: autoDraw = True
736.5308 	EXP 	fixation_2: autoDraw = False
737.5134 	INFO 	Keyboard events cleared
737.5133 	EXP 	probe_2: autoDraw = True
739.9646 	EXP 	Device response: <KeyPress from None: t=739.9515841999964, value=v, duration=None>
739.9651 	EXP 	New trial (rep=16, index=76): <Trial 76 (76 in rep 16) data={'pos': np.int64(150), 'corr_resp': 'v', 'thisN': 76, 'thisTrialN': 76, 'thisRepN': 16}>
739.9667 	DATA 	Keypress: v
739.9801 	EXP 	fixation_2: autoDraw = False
739.9801 	EXP 	line_1: autoDraw = False
739.9801 	EXP 	line_2: autoDraw = False
739.9801 	EXP 	line_3: autoDraw = False
739.9801 	EXP 	line_4: autoDraw = False
739.9801 	EXP 	probe_2: autoDraw = False
739.9801 	EXP 	fixation_2: autoDraw = True
740.0636 	EXP 	Device response: <KeyPress from None: t=739.9515841999964, value=v, duration=0.09654679999221116>
740.9642 	EXP 	line_1: autoDraw = True
740.9642 	EXP 	line_2: autoDraw = True
740.9642 	EXP 	line_3: autoDraw = True
740.9642 	EXP 	line_4: autoDraw = True
740.9802 	EXP 	fixation_2: autoDraw = False
741.9640 	INFO 	Keyboard events cleared
741.9638 	EXP 	probe_2: autoDraw = True
742.6154 	EXP 	Device response: <KeyPress from None: t=742.6070948999841, value=v, duration=None>
742.6159 	EXP 	New trial (rep=16, index=77): <Trial 77 (77 in rep 16) data={'pos': np.int64(-50), 'corr_resp': 'x', 'thisN': 77, 'thisTrialN': 77, 'thisRepN': 16}>
742.6176 	DATA 	Keypress: v
742.6299 	EXP 	fixation_2: autoDraw = False
742.6299 	EXP 	line_1: autoDraw = False
742.6299 	EXP 	line_2: autoDraw = False
742.6299 	EXP 	line_3: autoDraw = False
742.6299 	EXP 	line_4: autoDraw = False
742.6299 	EXP 	probe_2: autoDraw = False
742.6299 	EXP 	fixation_2: autoDraw = True
742.7153 	EXP 	Device response: <KeyPress from None: t=742.6070948999841, value=v, duration=0.09676320001017302>
743.6309 	EXP 	fixation_2: autoDraw = False
743.6309 	EXP 	line_1: autoDraw = True
743.6309 	EXP 	line_2: autoDraw = True
743.6309 	EXP 	line_3: autoDraw = True
743.6309 	EXP 	line_4: autoDraw = True
744.6314 	INFO 	Keyboard events cleared
744.6312 	EXP 	probe_2: autoDraw = True
745.2165 	DATA 	Keypress: x
745.2314 	EXP 	Device response: <KeyPress from None: t=745.2140949000022, value=x, duration=None>
745.2318 	EXP 	New trial (rep=21, index=78): <Trial 78 (78 in rep 21) data={'pos': np.int64(50), 'corr_resp': 'c', 'thisN': 78, 'thisTrialN': 78, 'thisRepN': 21}>
745.2475 	EXP 	fixation_2: autoDraw = False
745.2475 	EXP 	line_1: autoDraw = False
745.2475 	EXP 	line_2: autoDraw = False
745.2475 	EXP 	line_3: autoDraw = False
745.2475 	EXP 	line_4: autoDraw = False
745.2475 	EXP 	probe_2: autoDraw = False
745.2475 	EXP 	fixation_2: autoDraw = True
745.3132 	EXP 	Device response: <KeyPress from None: t=745.2140949000022, value=x, duration=0.08526049999636598>
746.2302 	EXP 	line_1: autoDraw = True
746.2302 	EXP 	line_2: autoDraw = True
746.2302 	EXP 	line_3: autoDraw = True
746.2302 	EXP 	line_4: autoDraw = True
746.2477 	EXP 	fixation_2: autoDraw = False
747.2314 	INFO 	Keyboard events cleared
747.2312 	EXP 	probe_2: autoDraw = True
748.7804 	EXP 	Device response: <KeyPress from None: t=748.7703705999884, value=c, duration=None>
748.7807 	EXP 	New trial (rep=17, index=79): <Trial 79 (79 in rep 17) data={'pos': np.int64(150), 'corr_resp': 'v', 'thisN': 79, 'thisTrialN': 79, 'thisRepN': 17}>
748.7821 	DATA 	Keypress: c
748.7973 	EXP 	fixation_2: autoDraw = False
748.7973 	EXP 	line_1: autoDraw = False
748.7973 	EXP 	line_2: autoDraw = False
748.7973 	EXP 	line_3: autoDraw = False
748.7973 	EXP 	line_4: autoDraw = False
748.7973 	EXP 	probe_2: autoDraw = False
748.7973 	EXP 	fixation_2: autoDraw = True
748.8820 	EXP 	Device response: <KeyPress from None: t=748.7703705999884, value=c, duration=0.10141210001893342>
749.7815 	EXP 	line_1: autoDraw = True
749.7815 	EXP 	line_2: autoDraw = True
749.7815 	EXP 	line_3: autoDraw = True
749.7815 	EXP 	line_4: autoDraw = True
749.7972 	EXP 	fixation_2: autoDraw = False
750.7809 	INFO 	Keyboard events cleared
750.7807 	EXP 	probe_2: autoDraw = True
751.5160 	DATA 	Keypress: v
751.5308 	EXP 	Device response: <KeyPress from None: t=751.514708600007, value=v, duration=None>
751.5312 	EXP 	New trial (rep=22, index=80): <Trial 80 (80 in rep 22) data={'pos': np.int64(50), 'corr_resp': 'c', 'thisN': 80, 'thisTrialN': 80, 'thisRepN': 22}>
751.5481 	EXP 	fixation_2: autoDraw = False
751.5481 	EXP 	line_1: autoDraw = False
751.5481 	EXP 	line_2: autoDraw = False
751.5481 	EXP 	line_3: autoDraw = False
751.5481 	EXP 	line_4: autoDraw = False
751.5481 	EXP 	probe_2: autoDraw = False
751.5481 	EXP 	fixation_2: autoDraw = True
751.6316 	EXP 	Device response: <KeyPress from None: t=751.514708600007, value=v, duration=0.10825689998455346>
752.5309 	EXP 	line_1: autoDraw = True
752.5309 	EXP 	line_2: autoDraw = True
752.5309 	EXP 	line_3: autoDraw = True
752.5309 	EXP 	line_4: autoDraw = True
752.5483 	EXP 	fixation_2: autoDraw = False
753.5310 	INFO 	Keyboard events cleared
753.5308 	EXP 	probe_2: autoDraw = True
755.4000 	DATA 	Keypress: c
755.4138 	EXP 	Device response: <KeyPress from None: t=755.3982726999966, value=c, duration=None>
755.4143 	EXP 	New trial (rep=18, index=81): <Trial 81 (81 in rep 18) data={'pos': np.int64(150), 'corr_resp': 'v', 'thisN': 81, 'thisTrialN': 81, 'thisRepN': 18}>
755.4296 	EXP 	fixation_2: autoDraw = False
755.4296 	EXP 	line_1: autoDraw = False
755.4296 	EXP 	line_2: autoDraw = False
755.4296 	EXP 	line_3: autoDraw = False
755.4296 	EXP 	line_4: autoDraw = False
755.4296 	EXP 	probe_2: autoDraw = False
755.4296 	EXP 	fixation_2: autoDraw = True
755.4816 	EXP 	Device response: <KeyPress from None: t=755.3982726999966, value=c, duration=0.07310020001023076>
756.4139 	EXP 	line_1: autoDraw = True
756.4139 	EXP 	line_2: autoDraw = True
756.4139 	EXP 	line_3: autoDraw = True
756.4139 	EXP 	line_4: autoDraw = True
756.4306 	EXP 	fixation_2: autoDraw = False
757.4293 	INFO 	Keyboard events cleared
757.4292 	EXP 	probe_2: autoDraw = True
759.2173 	DATA 	Keypress: v
759.2306 	EXP 	Device response: <KeyPress from None: t=759.2162039999967, value=v, duration=None>
759.2309 	EXP 	New trial (rep=19, index=82): <Trial 82 (82 in rep 19) data={'pos': np.int64(150), 'corr_resp': 'v', 'thisN': 82, 'thisTrialN': 82, 'thisRepN': 19}>
759.2473 	EXP 	fixation_2: autoDraw = False
759.2473 	EXP 	line_1: autoDraw = False
759.2473 	EXP 	line_2: autoDraw = False
759.2473 	EXP 	line_3: autoDraw = False
759.2473 	EXP 	line_4: autoDraw = False
759.2473 	EXP 	probe_2: autoDraw = False
759.2473 	EXP 	fixation_2: autoDraw = True
759.2975 	EXP 	Device response: <KeyPress from None: t=759.2162039999967, value=v, duration=0.07604439998976886>
760.2311 	EXP 	line_1: autoDraw = True
760.2311 	EXP 	line_2: autoDraw = True
760.2311 	EXP 	line_3: autoDraw = True
760.2311 	EXP 	line_4: autoDraw = True
760.2486 	EXP 	fixation_2: autoDraw = False
761.2301 	INFO 	Keyboard events cleared
761.2299 	EXP 	probe_2: autoDraw = True
762.4855 	EXP 	Device response: <KeyPress from None: t=762.4792662000109, value=v, duration=None>
762.4859 	EXP 	New trial (rep=20, index=83): <Trial 83 (83 in rep 20) data={'pos': np.int64(150), 'corr_resp': 'v', 'thisN': 83, 'thisTrialN': 83, 'thisRepN': 20}>
762.4877 	DATA 	Keypress: v
762.4957 	EXP 	fixation_2: autoDraw = False
762.4957 	EXP 	line_1: autoDraw = False
762.4957 	EXP 	line_2: autoDraw = False
762.4957 	EXP 	line_3: autoDraw = False
762.4957 	EXP 	line_4: autoDraw = False
762.4957 	EXP 	probe_2: autoDraw = False
762.4957 	EXP 	fixation_2: autoDraw = True
762.5719 	EXP 	Device response: <KeyPress from None: t=762.4792662000109, value=v, duration=0.08996559999650344>
763.4897 	EXP 	line_1: autoDraw = True
763.4897 	EXP 	line_2: autoDraw = True
763.4897 	EXP 	line_3: autoDraw = True
763.4897 	EXP 	line_4: autoDraw = True
763.5067 	EXP 	fixation_2: autoDraw = False
764.4903 	INFO 	Keyboard events cleared
764.4901 	EXP 	probe_2: autoDraw = True
765.5399 	EXP 	Device response: <KeyPress from None: t=765.5356662999839, value=v, duration=None>
765.5403 	EXP 	New trial (rep=23, index=84): <Trial 84 (84 in rep 23) data={'pos': np.int64(50), 'corr_resp': 'c', 'thisN': 84, 'thisTrialN': 84, 'thisRepN': 23}>
765.5417 	DATA 	Keypress: v
765.5548 	EXP 	fixation_2: autoDraw = False
765.5548 	EXP 	line_1: autoDraw = False
765.5548 	EXP 	line_2: autoDraw = False
765.5548 	EXP 	line_3: autoDraw = False
765.5548 	EXP 	line_4: autoDraw = False
765.5548 	EXP 	probe_2: autoDraw = False
765.5548 	EXP 	fixation_2: autoDraw = True
765.6066 	EXP 	Device response: <KeyPress from None: t=765.5356662999839, value=v, duration=0.05653660002280958>
766.5391 	EXP 	line_1: autoDraw = True
766.5391 	EXP 	line_2: autoDraw = True
766.5391 	EXP 	line_3: autoDraw = True
766.5391 	EXP 	line_4: autoDraw = True
766.5558 	EXP 	fixation_2: autoDraw = False
767.5402 	INFO 	Keyboard events cleared
767.5399 	EXP 	probe_2: autoDraw = True
769.4893 	EXP 	Device response: <KeyPress from None: t=769.488268599991, value=c, duration=None>
769.4901 	EXP 	New trial (rep=24, index=85): <Trial 85 (85 in rep 24) data={'pos': np.int64(50), 'corr_resp': 'c', 'thisN': 85, 'thisTrialN': 85, 'thisRepN': 24}>
769.4916 	DATA 	Keypress: c
769.5056 	EXP 	fixation_2: autoDraw = False
769.5056 	EXP 	line_1: autoDraw = False
769.5056 	EXP 	line_2: autoDraw = False
769.5056 	EXP 	line_3: autoDraw = False
769.5056 	EXP 	line_4: autoDraw = False
769.5056 	EXP 	probe_2: autoDraw = False
769.5056 	EXP 	fixation_2: autoDraw = True
769.5902 	EXP 	Device response: <KeyPress from None: t=769.488268599991, value=c, duration=0.09286239999346435>
770.4900 	EXP 	line_1: autoDraw = True
770.4900 	EXP 	line_2: autoDraw = True
770.4900 	EXP 	line_3: autoDraw = True
770.4900 	EXP 	line_4: autoDraw = True
770.5066 	EXP 	fixation_2: autoDraw = False
771.4898 	INFO 	Keyboard events cleared
771.4896 	EXP 	probe_2: autoDraw = True
772.5577 	EXP 	Device response: <KeyPress from None: t=772.5487072999822, value=c, duration=None>
772.5583 	EXP 	New trial (rep=25, index=86): <Trial 86 (86 in rep 25) data={'pos': np.int64(50), 'corr_resp': 'c', 'thisN': 86, 'thisTrialN': 86, 'thisRepN': 25}>
772.5597 	DATA 	Keypress: c
772.5718 	EXP 	fixation_2: autoDraw = False
772.5718 	EXP 	line_1: autoDraw = False
772.5718 	EXP 	line_2: autoDraw = False
772.5718 	EXP 	line_3: autoDraw = False
772.5718 	EXP 	line_4: autoDraw = False
772.5718 	EXP 	probe_2: autoDraw = False
772.5718 	EXP 	fixation_2: autoDraw = True
772.6560 	EXP 	Device response: <KeyPress from None: t=772.5487072999822, value=c, duration=0.10524280002573505>
773.5717 	EXP 	fixation_2: autoDraw = False
773.5717 	EXP 	line_1: autoDraw = True
773.5717 	EXP 	line_2: autoDraw = True
773.5717 	EXP 	line_3: autoDraw = True
773.5717 	EXP 	line_4: autoDraw = True
774.5567 	INFO 	Keyboard events cleared
774.5565 	EXP 	probe_2: autoDraw = True
775.4916 	DATA 	Keypress: c
775.5062 	EXP 	Device response: <KeyPress from None: t=775.4895648999955, value=c, duration=None>
775.5066 	EXP 	New trial (rep=23, index=87): <Trial 87 (87 in rep 23) data={'pos': np.int64(-150), 'corr_resp': 'z', 'thisN': 87, 'thisTrialN': 87, 'thisRepN': 23}>
775.5235 	EXP 	fixation_2: autoDraw = False
775.5235 	EXP 	line_1: autoDraw = False
775.5235 	EXP 	line_2: autoDraw = False
775.5235 	EXP 	line_3: autoDraw = False
775.5235 	EXP 	line_4: autoDraw = False
775.5235 	EXP 	probe_2: autoDraw = False
775.5235 	EXP 	fixation_2: autoDraw = True
775.5901 	EXP 	Device response: <KeyPress from None: t=775.4895648999955, value=c, duration=0.0906826000136789>
776.5066 	EXP 	line_1: autoDraw = True
776.5066 	EXP 	line_2: autoDraw = True
776.5066 	EXP 	line_3: autoDraw = True
776.5066 	EXP 	line_4: autoDraw = True
776.5234 	EXP 	fixation_2: autoDraw = False
777.5068 	INFO 	Keyboard events cleared
777.5066 	EXP 	probe_2: autoDraw = True
779.1571 	EXP 	Device response: <KeyPress from None: t=779.1513462000003, value=z, duration=None>
779.1576 	EXP 	New trial (rep=24, index=88): <Trial 88 (88 in rep 24) data={'pos': np.int64(-150), 'corr_resp': 'z', 'thisN': 88, 'thisTrialN': 88, 'thisRepN': 24}>
779.1591 	DATA 	Keypress: z
779.1722 	EXP 	fixation_2: autoDraw = False
779.1722 	EXP 	line_1: autoDraw = False
779.1722 	EXP 	line_2: autoDraw = False
779.1722 	EXP 	line_3: autoDraw = False
779.1722 	EXP 	line_4: autoDraw = False
779.1722 	EXP 	probe_2: autoDraw = False
779.1722 	EXP 	fixation_2: autoDraw = True
779.2735 	EXP 	Device response: <KeyPress from None: t=779.1513462000003, value=z, duration=0.11661090000416152>
780.1562 	EXP 	line_1: autoDraw = True
780.1562 	EXP 	line_2: autoDraw = True
780.1562 	EXP 	line_3: autoDraw = True
780.1562 	EXP 	line_4: autoDraw = True
780.1728 	EXP 	fixation_2: autoDraw = False
781.1734 	INFO 	Keyboard events cleared
781.1732 	EXP 	probe_2: autoDraw = True
782.8561 	EXP 	Device response: <KeyPress from None: t=782.8440807999868, value=z, duration=None>
782.8566 	EXP 	New trial (rep=26, index=89): <Trial 89 (89 in rep 26) data={'pos': np.int64(50), 'corr_resp': 'c', 'thisN': 89, 'thisTrialN': 89, 'thisRepN': 26}>
782.8579 	DATA 	Keypress: z
782.8732 	EXP 	fixation_2: autoDraw = False
782.8732 	EXP 	line_1: autoDraw = False
782.8732 	EXP 	line_2: autoDraw = False
782.8732 	EXP 	line_3: autoDraw = False
782.8732 	EXP 	line_4: autoDraw = False
782.8732 	EXP 	probe_2: autoDraw = False
782.8732 	EXP 	fixation_2: autoDraw = True
782.9735 	EXP 	Device response: <KeyPress from None: t=782.8440807999868, value=z, duration=0.12600830002338625>
783.8566 	EXP 	line_1: autoDraw = True
783.8566 	EXP 	line_2: autoDraw = True
783.8566 	EXP 	line_3: autoDraw = True
783.8566 	EXP 	line_4: autoDraw = True
783.8736 	EXP 	fixation_2: autoDraw = False
784.8572 	INFO 	Keyboard events cleared
784.8570 	EXP 	probe_2: autoDraw = True
787.3072 	EXP 	Device response: <KeyPress from None: t=787.3049462999916, value=c, duration=None>
787.3076 	EXP 	New trial (rep=17, index=90): <Trial 90 (90 in rep 17) data={'pos': np.int64(-50), 'corr_resp': 'x', 'thisN': 90, 'thisTrialN': 90, 'thisRepN': 17}>
787.3090 	DATA 	Keypress: c
787.3240 	EXP 	fixation_2: autoDraw = False
787.3240 	EXP 	line_1: autoDraw = False
787.3240 	EXP 	line_2: autoDraw = False
787.3240 	EXP 	line_3: autoDraw = False
787.3240 	EXP 	line_4: autoDraw = False
787.3240 	EXP 	probe_2: autoDraw = False
787.3240 	EXP 	fixation_2: autoDraw = True
787.4409 	EXP 	Device response: <KeyPress from None: t=787.3049462999916, value=c, duration=0.12873779999790713>
788.3235 	EXP 	fixation_2: autoDraw = False
788.3235 	EXP 	line_1: autoDraw = True
788.3235 	EXP 	line_2: autoDraw = True
788.3235 	EXP 	line_3: autoDraw = True
788.3235 	EXP 	line_4: autoDraw = True
789.3238 	INFO 	Keyboard events cleared
789.3236 	EXP 	probe_2: autoDraw = True
790.3733 	EXP 	Device response: <KeyPress from None: t=790.3589038999926, value=x, duration=None>
790.3737 	EXP 	New trial (rep=25, index=91): <Trial 91 (91 in rep 25) data={'pos': np.int64(-150), 'corr_resp': 'z', 'thisN': 91, 'thisTrialN': 91, 'thisRepN': 25}>
790.3750 	DATA 	Keypress: x
790.3899 	EXP 	fixation_2: autoDraw = False
790.3899 	EXP 	line_1: autoDraw = False
790.3899 	EXP 	line_2: autoDraw = False
790.3899 	EXP 	line_3: autoDraw = False
790.3899 	EXP 	line_4: autoDraw = False
790.3899 	EXP 	probe_2: autoDraw = False
790.3899 	EXP 	fixation_2: autoDraw = True
790.5066 	EXP 	Device response: <KeyPress from None: t=790.3589038999926, value=x, duration=0.1314023000013549>
791.3900 	EXP 	fixation_2: autoDraw = False
791.3900 	EXP 	line_1: autoDraw = True
791.3900 	EXP 	line_2: autoDraw = True
791.3900 	EXP 	line_3: autoDraw = True
791.3900 	EXP 	line_4: autoDraw = True
792.3735 	INFO 	Keyboard events cleared
792.3732 	EXP 	probe_2: autoDraw = True
793.5908 	EXP 	Device response: <KeyPress from None: t=793.5778015999822, value=z, duration=None>
793.5912 	EXP 	New trial (rep=21, index=92): <Trial 92 (92 in rep 21) data={'pos': np.int64(150), 'corr_resp': 'v', 'thisN': 92, 'thisTrialN': 92, 'thisRepN': 21}>
793.5930 	DATA 	Keypress: z
793.6052 	EXP 	fixation_2: autoDraw = False
793.6052 	EXP 	line_1: autoDraw = False
793.6052 	EXP 	line_2: autoDraw = False
793.6052 	EXP 	line_3: autoDraw = False
793.6052 	EXP 	line_4: autoDraw = False
793.6052 	EXP 	probe_2: autoDraw = False
793.6052 	EXP 	fixation_2: autoDraw = True
793.6905 	EXP 	Device response: <KeyPress from None: t=793.5778015999822, value=z, duration=0.10882680001668632>
794.5905 	EXP 	line_1: autoDraw = True
794.5905 	EXP 	line_2: autoDraw = True
794.5905 	EXP 	line_3: autoDraw = True
794.5905 	EXP 	line_4: autoDraw = True
794.6064 	EXP 	fixation_2: autoDraw = False
795.6068 	INFO 	Keyboard events cleared
795.6066 	EXP 	probe_2: autoDraw = True
797.1071 	EXP 	Device response: <KeyPress from None: t=797.0989503999881, value=v, duration=None>
797.1074 	EXP 	New trial (rep=18, index=93): <Trial 93 (93 in rep 18) data={'pos': np.int64(-50), 'corr_resp': 'x', 'thisN': 93, 'thisTrialN': 93, 'thisRepN': 18}>
797.1088 	DATA 	Keypress: v
797.1232 	EXP 	fixation_2: autoDraw = False
797.1232 	EXP 	line_1: autoDraw = False
797.1232 	EXP 	line_2: autoDraw = False
797.1232 	EXP 	line_3: autoDraw = False
797.1232 	EXP 	line_4: autoDraw = False
797.1232 	EXP 	probe_2: autoDraw = False
797.1232 	EXP 	fixation_2: autoDraw = True
797.2059 	EXP 	Device response: <KeyPress from None: t=797.0989503999881, value=v, duration=0.09438900000532158>
798.1072 	EXP 	line_1: autoDraw = True
798.1072 	EXP 	line_2: autoDraw = True
798.1072 	EXP 	line_3: autoDraw = True
798.1072 	EXP 	line_4: autoDraw = True
798.1238 	EXP 	fixation_2: autoDraw = False
799.1076 	INFO 	Keyboard events cleared
799.1074 	EXP 	probe_2: autoDraw = True
800.9399 	EXP 	Device response: <KeyPress from None: t=800.9390534999839, value=x, duration=None>
800.9403 	EXP 	New trial (rep=26, index=94): <Trial 94 (94 in rep 26) data={'pos': np.int64(-150), 'corr_resp': 'z', 'thisN': 94, 'thisTrialN': 94, 'thisRepN': 26}>
800.9416 	DATA 	Keypress: x
800.9562 	EXP 	fixation_2: autoDraw = False
800.9562 	EXP 	line_1: autoDraw = False
800.9562 	EXP 	line_2: autoDraw = False
800.9562 	EXP 	line_3: autoDraw = False
800.9562 	EXP 	line_4: autoDraw = False
800.9562 	EXP 	probe_2: autoDraw = False
800.9562 	EXP 	fixation_2: autoDraw = True
801.1404 	EXP 	Device response: <KeyPress from None: t=800.9390534999839, value=x, duration=0.19792960002087057>
801.9405 	EXP 	line_1: autoDraw = True
801.9405 	EXP 	line_2: autoDraw = True
801.9405 	EXP 	line_3: autoDraw = True
801.9405 	EXP 	line_4: autoDraw = True
801.9564 	EXP 	fixation_2: autoDraw = False
802.9407 	INFO 	Keyboard events cleared
802.9404 	EXP 	probe_2: autoDraw = True
803.5571 	EXP 	Device response: <KeyPress from None: t=803.5538338999904, value=z, duration=None>
803.5577 	EXP 	New trial (rep=27, index=95): <Trial 95 (95 in rep 27) data={'pos': np.int64(-150), 'corr_resp': 'z', 'thisN': 95, 'thisTrialN': 95, 'thisRepN': 27}>
803.5592 	DATA 	Keypress: z
803.5731 	EXP 	fixation_2: autoDraw = False
803.5731 	EXP 	line_1: autoDraw = False
803.5731 	EXP 	line_2: autoDraw = False
803.5731 	EXP 	line_3: autoDraw = False
803.5731 	EXP 	line_4: autoDraw = False
803.5731 	EXP 	probe_2: autoDraw = False
803.5731 	EXP 	fixation_2: autoDraw = True
803.9067 	EXP 	Device response: <KeyPress from None: t=803.5538338999904, value=z, duration=0.3383787000202574>
804.5570 	EXP 	line_1: autoDraw = True
804.5570 	EXP 	line_2: autoDraw = True
804.5570 	EXP 	line_3: autoDraw = True
804.5570 	EXP 	line_4: autoDraw = True
804.5737 	EXP 	fixation_2: autoDraw = False
805.5574 	INFO 	Keyboard events cleared
805.5572 	EXP 	probe_2: autoDraw = True
806.1071 	EXP 	Device response: <KeyPress from None: t=806.0980218999903, value=z, duration=None>
806.1074 	EXP 	New trial (rep=19, index=96): <Trial 96 (96 in rep 19) data={'pos': np.int64(-50), 'corr_resp': 'x', 'thisN': 96, 'thisTrialN': 96, 'thisRepN': 19}>
806.1087 	DATA 	Keypress: z
806.1225 	EXP 	fixation_2: autoDraw = False
806.1225 	EXP 	line_1: autoDraw = False
806.1225 	EXP 	line_2: autoDraw = False
806.1225 	EXP 	line_3: autoDraw = False
806.1225 	EXP 	line_4: autoDraw = False
806.1225 	EXP 	probe_2: autoDraw = False
806.1225 	EXP 	fixation_2: autoDraw = True
806.2743 	EXP 	Device response: <KeyPress from None: t=806.0980218999903, value=z, duration=0.16912619999493472>
807.1059 	EXP 	line_1: autoDraw = True
807.1059 	EXP 	line_2: autoDraw = True
807.1059 	EXP 	line_3: autoDraw = True
807.1059 	EXP 	line_4: autoDraw = True
807.1223 	EXP 	fixation_2: autoDraw = False
808.1074 	INFO 	Keyboard events cleared
808.1072 	EXP 	probe_2: autoDraw = True
808.7246 	EXP 	Device response: <KeyPress from None: t=808.7156896000088, value=x, duration=None>
808.7252 	EXP 	New trial (rep=20, index=97): <Trial 97 (97 in rep 20) data={'pos': np.int64(-50), 'corr_resp': 'x', 'thisN': 97, 'thisTrialN': 97, 'thisRepN': 20}>
808.7266 	DATA 	Keypress: x
808.7395 	EXP 	fixation_2: autoDraw = False
808.7395 	EXP 	line_1: autoDraw = False
808.7395 	EXP 	line_2: autoDraw = False
808.7395 	EXP 	line_3: autoDraw = False
808.7395 	EXP 	line_4: autoDraw = False
808.7395 	EXP 	probe_2: autoDraw = False
808.7395 	EXP 	fixation_2: autoDraw = True
808.8734 	EXP 	Device response: <KeyPress from None: t=808.7156896000088, value=x, duration=0.14309299999149516>
809.7394 	EXP 	fixation_2: autoDraw = False
809.7394 	EXP 	line_1: autoDraw = True
809.7394 	EXP 	line_2: autoDraw = True
809.7394 	EXP 	line_3: autoDraw = True
809.7394 	EXP 	line_4: autoDraw = True
810.7408 	INFO 	Keyboard events cleared
810.7406 	EXP 	probe_2: autoDraw = True
811.4245 	EXP 	Device response: <KeyPress from None: t=811.4173064999923, value=x, duration=None>
811.4249 	EXP 	New trial (rep=22, index=98): <Trial 98 (98 in rep 22) data={'pos': np.int64(150), 'corr_resp': 'v', 'thisN': 98, 'thisTrialN': 98, 'thisRepN': 22}>
811.4263 	DATA 	Keypress: x
811.4389 	EXP 	fixation_2: autoDraw = False
811.4389 	EXP 	line_1: autoDraw = False
811.4389 	EXP 	line_2: autoDraw = False
811.4389 	EXP 	line_3: autoDraw = False
811.4389 	EXP 	line_4: autoDraw = False
811.4389 	EXP 	probe_2: autoDraw = False
811.4389 	EXP 	fixation_2: autoDraw = True
811.5743 	EXP 	Device response: <KeyPress from None: t=811.4173064999923, value=x, duration=0.14617419999558479>
812.4232 	EXP 	line_1: autoDraw = True
812.4232 	EXP 	line_2: autoDraw = True
812.4232 	EXP 	line_3: autoDraw = True
812.4232 	EXP 	line_4: autoDraw = True
812.4406 	EXP 	fixation_2: autoDraw = False
813.4225 	INFO 	Keyboard events cleared
813.4223 	EXP 	probe_2: autoDraw = True
813.8240 	EXP 	Device response: <KeyPress from None: t=813.8093538999965, value=v, duration=None>
813.8246 	EXP 	New trial (rep=21, index=99): <Trial 99 (99 in rep 21) data={'pos': np.int64(-50), 'corr_resp': 'x', 'thisN': 99, 'thisTrialN': 99, 'thisRepN': 21}>
813.8263 	DATA 	Keypress: v
813.8397 	EXP 	fixation_2: autoDraw = False
813.8397 	EXP 	line_1: autoDraw = False
813.8397 	EXP 	line_2: autoDraw = False
813.8397 	EXP 	line_3: autoDraw = False
813.8397 	EXP 	line_4: autoDraw = False
813.8397 	EXP 	probe_2: autoDraw = False
813.8397 	EXP 	fixation_2: autoDraw = True
814.0082 	EXP 	Device response: <KeyPress from None: t=813.8093538999965, value=v, duration=0.18920550000621006>
814.8393 	EXP 	fixation_2: autoDraw = False
814.8393 	EXP 	line_1: autoDraw = True
814.8393 	EXP 	line_2: autoDraw = True
814.8393 	EXP 	line_3: autoDraw = True
814.8393 	EXP 	line_4: autoDraw = True
815.8245 	INFO 	Keyboard events cleared
815.8243 	EXP 	probe_2: autoDraw = True
816.4916 	EXP 	Device response: <KeyPress from None: t=816.4866513999877, value=x, duration=None>
816.4919 	EXP 	New trial (rep=28, index=100): <Trial 100 (100 in rep 28) data={'pos': np.int64(-150), 'corr_resp': 'z', 'thisN': 100, 'thisTrialN': 100, 'thisRepN': 28}>
816.4934 	DATA 	Keypress: x
816.5057 	EXP 	fixation_2: autoDraw = False
816.5057 	EXP 	line_1: autoDraw = False
816.5057 	EXP 	line_2: autoDraw = False
816.5057 	EXP 	line_3: autoDraw = False
816.5057 	EXP 	line_4: autoDraw = False
816.5057 	EXP 	probe_2: autoDraw = False
816.5057 	EXP 	fixation_2: autoDraw = True
816.6737 	EXP 	Device response: <KeyPress from None: t=816.4866513999877, value=x, duration=0.17580280001857318>
817.5073 	EXP 	fixation_2: autoDraw = False
817.5073 	EXP 	line_1: autoDraw = True
817.5073 	EXP 	line_2: autoDraw = True
817.5073 	EXP 	line_3: autoDraw = True
817.5073 	EXP 	line_4: autoDraw = True
818.5073 	INFO 	Keyboard events cleared
818.5071 	EXP 	probe_2: autoDraw = True
819.1081 	EXP 	Device response: <KeyPress from None: t=819.1020124999923, value=z, duration=None>
819.1086 	EXP 	New trial (rep=22, index=101): <Trial 101 (101 in rep 22) data={'pos': np.int64(-50), 'corr_resp': 'x', 'thisN': 101, 'thisTrialN': 101, 'thisRepN': 22}>
819.1104 	DATA 	Keypress: z
819.1225 	EXP 	fixation_2: autoDraw = False
819.1225 	EXP 	line_1: autoDraw = False
819.1225 	EXP 	line_2: autoDraw = False
819.1225 	EXP 	line_3: autoDraw = False
819.1225 	EXP 	line_4: autoDraw = False
819.1225 	EXP 	probe_2: autoDraw = False
819.1225 	EXP 	fixation_2: autoDraw = True
819.3232 	EXP 	Device response: <KeyPress from None: t=819.1020124999923, value=z, duration=0.2111387999902945>
820.1234 	EXP 	fixation_2: autoDraw = False
820.1234 	EXP 	line_1: autoDraw = True
820.1234 	EXP 	line_2: autoDraw = True
820.1234 	EXP 	line_3: autoDraw = True
820.1234 	EXP 	line_4: autoDraw = True
821.1077 	INFO 	Keyboard events cleared
821.1075 	EXP 	probe_2: autoDraw = True
821.8575 	EXP 	Device response: <KeyPress from None: t=821.8453262999828, value=x, duration=None>
821.8579 	EXP 	New trial (rep=29, index=102): <Trial 102 (102 in rep 29) data={'pos': np.int64(-150), 'corr_resp': 'z', 'thisN': 102, 'thisTrialN': 102, 'thisRepN': 29}>
821.8594 	DATA 	Keypress: x
821.8742 	EXP 	fixation_2: autoDraw = False
821.8742 	EXP 	line_1: autoDraw = False
821.8742 	EXP 	line_2: autoDraw = False
821.8742 	EXP 	line_3: autoDraw = False
821.8742 	EXP 	line_4: autoDraw = False
821.8742 	EXP 	probe_2: autoDraw = False
821.8742 	EXP 	fixation_2: autoDraw = True
822.0069 	EXP 	Device response: <KeyPress from None: t=821.8453262999828, value=x, duration=0.14544840002781712>
822.8575 	EXP 	line_1: autoDraw = True
822.8575 	EXP 	line_2: autoDraw = True
822.8575 	EXP 	line_3: autoDraw = True
822.8575 	EXP 	line_4: autoDraw = True
822.8745 	EXP 	fixation_2: autoDraw = False
823.8581 	INFO 	Keyboard events cleared
823.8578 	EXP 	probe_2: autoDraw = True
824.5246 	EXP 	Device response: <KeyPress from None: t=824.5142323999899, value=z, duration=None>
824.5251 	EXP 	New trial (rep=30, index=103): <Trial 103 (103 in rep 30) data={'pos': np.int64(-150), 'corr_resp': 'z', 'thisN': 103, 'thisTrialN': 103, 'thisRepN': 30}>
824.5266 	DATA 	Keypress: z
824.5390 	EXP 	fixation_2: autoDraw = False
824.5390 	EXP 	line_1: autoDraw = False
824.5390 	EXP 	line_2: autoDraw = False
824.5390 	EXP 	line_3: autoDraw = False
824.5390 	EXP 	line_4: autoDraw = False
824.5390 	EXP 	probe_2: autoDraw = False
824.5390 	EXP 	fixation_2: autoDraw = True
824.7083 	EXP 	Device response: <KeyPress from None: t=824.5142323999899, value=z, duration=0.19149310002103448>
825.5240 	EXP 	line_1: autoDraw = True
825.5240 	EXP 	line_2: autoDraw = True
825.5240 	EXP 	line_3: autoDraw = True
825.5240 	EXP 	line_4: autoDraw = True
825.5398 	EXP 	fixation_2: autoDraw = False
826.5403 	INFO 	Keyboard events cleared
826.5401 	EXP 	probe_2: autoDraw = True
826.9570 	EXP 	Device response: <KeyPress from None: t=826.9450073000044, value=z, duration=None>
826.9575 	EXP 	New trial (rep=31, index=104): <Trial 104 (104 in rep 31) data={'pos': np.int64(-150), 'corr_resp': 'z', 'thisN': 104, 'thisTrialN': 104, 'thisRepN': 31}>
826.9588 	DATA 	Keypress: z
826.9736 	EXP 	fixation_2: autoDraw = False
826.9736 	EXP 	line_1: autoDraw = False
826.9736 	EXP 	line_2: autoDraw = False
826.9736 	EXP 	line_3: autoDraw = False
826.9736 	EXP 	line_4: autoDraw = False
826.9736 	EXP 	probe_2: autoDraw = False
826.9736 	EXP 	fixation_2: autoDraw = True
827.0910 	EXP 	Device response: <KeyPress from None: t=826.9450073000044, value=z, duration=0.13504739999189042>
827.9580 	EXP 	line_1: autoDraw = True
827.9580 	EXP 	line_2: autoDraw = True
827.9580 	EXP 	line_3: autoDraw = True
827.9580 	EXP 	line_4: autoDraw = True
827.9744 	EXP 	fixation_2: autoDraw = False
828.9579 	INFO 	Keyboard events cleared
828.9577 	EXP 	probe_2: autoDraw = True
829.4243 	EXP 	Device response: <KeyPress from None: t=829.4236190000083, value=z, duration=None>
829.4246 	EXP 	New trial (rep=23, index=105): <Trial 105 (105 in rep 23) data={'pos': np.int64(150), 'corr_resp': 'v', 'thisN': 105, 'thisTrialN': 105, 'thisRepN': 23}>
829.4261 	DATA 	Keypress: z
829.4408 	EXP 	fixation_2: autoDraw = False
829.4408 	EXP 	line_1: autoDraw = False
829.4408 	EXP 	line_2: autoDraw = False
829.4408 	EXP 	line_3: autoDraw = False
829.4408 	EXP 	line_4: autoDraw = False
829.4408 	EXP 	probe_2: autoDraw = False
829.4408 	EXP 	fixation_2: autoDraw = True
829.6071 	EXP 	Device response: <KeyPress from None: t=829.4236190000083, value=z, duration=0.17204320000018924>
830.4241 	EXP 	line_1: autoDraw = True
830.4241 	EXP 	line_2: autoDraw = True
830.4241 	EXP 	line_3: autoDraw = True
830.4241 	EXP 	line_4: autoDraw = True
830.4412 	EXP 	fixation_2: autoDraw = False
831.4243 	INFO 	Keyboard events cleared
831.4241 	EXP 	probe_2: autoDraw = True
832.0242 	EXP 	Device response: <KeyPress from None: t=832.0193023000029, value=v, duration=None>
832.0246 	EXP 	New trial (rep=24, index=106): <Trial 106 (106 in rep 24) data={'pos': np.int64(150), 'corr_resp': 'v', 'thisN': 106, 'thisTrialN': 106, 'thisRepN': 24}>
832.0260 	DATA 	Keypress: v
832.0392 	EXP 	fixation_2: autoDraw = False
832.0392 	EXP 	line_1: autoDraw = False
832.0392 	EXP 	line_2: autoDraw = False
832.0392 	EXP 	line_3: autoDraw = False
832.0392 	EXP 	line_4: autoDraw = False
832.0392 	EXP 	probe_2: autoDraw = False
832.0392 	EXP 	fixation_2: autoDraw = True
832.2249 	EXP 	Device response: <KeyPress from None: t=832.0193023000029, value=v, duration=0.19869649998145178>
833.0246 	EXP 	line_1: autoDraw = True
833.0246 	EXP 	line_2: autoDraw = True
833.0246 	EXP 	line_3: autoDraw = True
833.0246 	EXP 	line_4: autoDraw = True
833.0403 	EXP 	fixation_2: autoDraw = False
834.0248 	INFO 	Keyboard events cleared
834.0246 	EXP 	probe_2: autoDraw = True
835.7945 	EXP 	Device response: <KeyPress from None: t=835.7935512999829, value=v, duration=None>
835.7949 	EXP 	New trial (rep=32, index=107): <Trial 107 (107 in rep 32) data={'pos': np.int64(-150), 'corr_resp': 'z', 'thisN': 107, 'thisTrialN': 107, 'thisRepN': 32}>
835.7963 	DATA 	Keypress: v
835.8054 	EXP 	fixation_2: autoDraw = False
835.8054 	EXP 	line_1: autoDraw = False
835.8054 	EXP 	line_2: autoDraw = False
835.8054 	EXP 	line_3: autoDraw = False
835.8054 	EXP 	line_4: autoDraw = False
835.8054 	EXP 	probe_2: autoDraw = False
835.8054 	EXP 	fixation_2: autoDraw = True
835.9913 	EXP 	Device response: <KeyPress from None: t=835.7935512999829, value=v, duration=0.19213520002085716>
836.8078 	EXP 	fixation_2: autoDraw = False
836.8078 	EXP 	line_1: autoDraw = True
836.8078 	EXP 	line_2: autoDraw = True
836.8078 	EXP 	line_3: autoDraw = True
836.8078 	EXP 	line_4: autoDraw = True
837.8078 	INFO 	Keyboard events cleared
837.8076 	EXP 	probe_2: autoDraw = True
838.3248 	EXP 	Device response: <KeyPress from None: t=838.321724999987, value=z, duration=None>
838.3252 	EXP 	New trial (rep=23, index=108): <Trial 108 (108 in rep 23) data={'pos': np.int64(-50), 'corr_resp': 'x', 'thisN': 108, 'thisTrialN': 108, 'thisRepN': 23}>
838.3267 	DATA 	Keypress: z
838.3409 	EXP 	fixation_2: autoDraw = False
838.3409 	EXP 	line_1: autoDraw = False
838.3409 	EXP 	line_2: autoDraw = False
838.3409 	EXP 	line_3: autoDraw = False
838.3409 	EXP 	line_4: autoDraw = False
838.3409 	EXP 	probe_2: autoDraw = False
838.3409 	EXP 	fixation_2: autoDraw = True
838.4743 	EXP 	Device response: <KeyPress from None: t=838.321724999987, value=z, duration=0.15138920000754297>
839.3229 	EXP 	line_1: autoDraw = True
839.3229 	EXP 	line_2: autoDraw = True
839.3229 	EXP 	line_3: autoDraw = True
839.3229 	EXP 	line_4: autoDraw = True
839.3578 	EXP 	fixation_2: autoDraw = False
840.3413 	INFO 	Keyboard events cleared
840.3411 	EXP 	probe_2: autoDraw = True
840.7916 	EXP 	Device response: <KeyPress from None: t=840.7889361999987, value=x, duration=None>
840.7921 	EXP 	New trial (rep=25, index=109): <Trial 109 (109 in rep 25) data={'pos': np.int64(150), 'corr_resp': 'v', 'thisN': 109, 'thisTrialN': 109, 'thisRepN': 25}>
840.7936 	DATA 	Keypress: x
840.8061 	EXP 	fixation_2: autoDraw = False
840.8061 	EXP 	line_1: autoDraw = False
840.8061 	EXP 	line_2: autoDraw = False
840.8061 	EXP 	line_3: autoDraw = False
840.8061 	EXP 	line_4: autoDraw = False
840.8061 	EXP 	probe_2: autoDraw = False
840.8061 	EXP 	fixation_2: autoDraw = True
840.9565 	EXP 	Device response: <KeyPress from None: t=840.7889361999987, value=x, duration=0.1539455000020098>
841.7910 	EXP 	line_1: autoDraw = True
841.7910 	EXP 	line_2: autoDraw = True
841.7910 	EXP 	line_3: autoDraw = True
841.7910 	EXP 	line_4: autoDraw = True
841.8077 	EXP 	fixation_2: autoDraw = False
842.7913 	INFO 	Keyboard events cleared
842.7911 	EXP 	probe_2: autoDraw = True
843.2251 	EXP 	Device response: <KeyPress from None: t=843.2120061999885, value=v, duration=None>
843.2255 	EXP 	New trial (rep=33, index=110): <Trial 110 (110 in rep 33) data={'pos': np.int64(-150), 'corr_resp': 'z', 'thisN': 110, 'thisTrialN': 110, 'thisRepN': 33}>
843.2270 	DATA 	Keypress: v
843.2394 	EXP 	fixation_2: autoDraw = False
843.2394 	EXP 	line_1: autoDraw = False
843.2394 	EXP 	line_2: autoDraw = False
843.2394 	EXP 	line_3: autoDraw = False
843.2394 	EXP 	line_4: autoDraw = False
843.2394 	EXP 	probe_2: autoDraw = False
843.2394 	EXP 	fixation_2: autoDraw = True
843.3739 	EXP 	Device response: <KeyPress from None: t=843.2120061999885, value=v, duration=0.15791350000654347>
844.2412 	EXP 	fixation_2: autoDraw = False
844.2412 	EXP 	line_1: autoDraw = True
844.2412 	EXP 	line_2: autoDraw = True
844.2412 	EXP 	line_3: autoDraw = True
844.2412 	EXP 	line_4: autoDraw = True
845.2402 	INFO 	Keyboard events cleared
845.2401 	EXP 	probe_2: autoDraw = True
845.7936 	DATA 	Keypress: z
845.8086 	EXP 	Device response: <KeyPress from None: t=845.7924990000029, value=z, duration=None>
845.8091 	EXP 	New trial (rep=34, index=111): <Trial 111 (111 in rep 34) data={'pos': np.int64(-150), 'corr_resp': 'z', 'thisN': 111, 'thisTrialN': 111, 'thisRepN': 34}>
845.8232 	EXP 	fixation_2: autoDraw = False
845.8232 	EXP 	line_1: autoDraw = False
845.8232 	EXP 	line_2: autoDraw = False
845.8232 	EXP 	line_3: autoDraw = False
845.8232 	EXP 	line_4: autoDraw = False
845.8232 	EXP 	probe_2: autoDraw = False
845.8232 	EXP 	fixation_2: autoDraw = True
845.9244 	EXP 	Device response: <KeyPress from None: t=845.7924990000029, value=z, duration=0.13142590000643395>
846.8248 	EXP 	fixation_2: autoDraw = False
846.8248 	EXP 	line_1: autoDraw = True
846.8248 	EXP 	line_2: autoDraw = True
846.8248 	EXP 	line_3: autoDraw = True
846.8248 	EXP 	line_4: autoDraw = True
847.8251 	INFO 	Keyboard events cleared
847.8248 	EXP 	probe_2: autoDraw = True
848.2754 	EXP 	Device response: <KeyPress from None: t=848.2621592000069, value=z, duration=None>
848.2758 	EXP 	New trial (rep=26, index=112): <Trial 112 (112 in rep 26) data={'pos': np.int64(150), 'corr_resp': 'v', 'thisN': 112, 'thisTrialN': 112, 'thisRepN': 26}>
848.2775 	DATA 	Keypress: z
848.2894 	EXP 	fixation_2: autoDraw = False
848.2894 	EXP 	line_1: autoDraw = False
848.2894 	EXP 	line_2: autoDraw = False
848.2894 	EXP 	line_3: autoDraw = False
848.2894 	EXP 	line_4: autoDraw = False
848.2894 	EXP 	probe_2: autoDraw = False
848.2894 	EXP 	fixation_2: autoDraw = True
848.4083 	EXP 	Device response: <KeyPress from None: t=848.2621592000069, value=z, duration=0.14098460000241175>
849.2911 	EXP 	fixation_2: autoDraw = False
849.2911 	EXP 	line_1: autoDraw = True
849.2911 	EXP 	line_2: autoDraw = True
849.2911 	EXP 	line_3: autoDraw = True
849.2911 	EXP 	line_4: autoDraw = True
850.2914 	INFO 	Keyboard events cleared
850.2912 	EXP 	probe_2: autoDraw = True
850.9437 	DATA 	Keypress: v
850.9570 	EXP 	Device response: <KeyPress from None: t=850.9429985999886, value=v, duration=None>
850.9578 	EXP 	New trial (rep=24, index=113): <Trial 113 (113 in rep 24) data={'pos': np.int64(-50), 'corr_resp': 'x', 'thisN': 113, 'thisTrialN': 113, 'thisRepN': 24}>
850.9743 	EXP 	fixation_2: autoDraw = False
850.9743 	EXP 	line_1: autoDraw = False
850.9743 	EXP 	line_2: autoDraw = False
850.9743 	EXP 	line_3: autoDraw = False
850.9743 	EXP 	line_4: autoDraw = False
850.9743 	EXP 	probe_2: autoDraw = False
850.9743 	EXP 	fixation_2: autoDraw = True
851.1408 	EXP 	Device response: <KeyPress from None: t=850.9429985999886, value=v, duration=0.1822249999968335>
851.9578 	EXP 	line_1: autoDraw = True
851.9578 	EXP 	line_2: autoDraw = True
851.9578 	EXP 	line_3: autoDraw = True
851.9578 	EXP 	line_4: autoDraw = True
851.9726 	EXP 	fixation_2: autoDraw = False
852.9580 	INFO 	Keyboard events cleared
852.9578 	EXP 	probe_2: autoDraw = True
854.8073 	EXP 	Device response: <KeyPress from None: t=854.7961006999831, value=x, duration=None>
854.8077 	EXP 	New trial (rep=27, index=114): <Trial 114 (114 in rep 27) data={'pos': np.int64(150), 'corr_resp': 'v', 'thisN': 114, 'thisTrialN': 114, 'thisRepN': 27}>
854.8092 	DATA 	Keypress: x
854.8236 	EXP 	fixation_2: autoDraw = False
854.8236 	EXP 	line_1: autoDraw = False
854.8236 	EXP 	line_2: autoDraw = False
854.8236 	EXP 	line_3: autoDraw = False
854.8236 	EXP 	line_4: autoDraw = False
854.8236 	EXP 	probe_2: autoDraw = False
854.8236 	EXP 	fixation_2: autoDraw = True
854.9588 	EXP 	Device response: <KeyPress from None: t=854.7961006999831, value=x, duration=0.15309330000309274>
855.8080 	EXP 	line_1: autoDraw = True
855.8080 	EXP 	line_2: autoDraw = True
855.8080 	EXP 	line_3: autoDraw = True
855.8080 	EXP 	line_4: autoDraw = True
855.8243 	EXP 	fixation_2: autoDraw = False
856.8088 	INFO 	Keyboard events cleared
856.8086 	EXP 	probe_2: autoDraw = True
858.0075 	EXP 	Device response: <KeyPress from None: t=858.0047630000045, value=v, duration=None>
858.0079 	EXP 	New trial (rep=25, index=115): <Trial 115 (115 in rep 25) data={'pos': np.int64(-50), 'corr_resp': 'x', 'thisN': 115, 'thisTrialN': 115, 'thisRepN': 25}>
858.0096 	DATA 	Keypress: v
858.0235 	EXP 	fixation_2: autoDraw = False
858.0235 	EXP 	line_1: autoDraw = False
858.0235 	EXP 	line_2: autoDraw = False
858.0235 	EXP 	line_3: autoDraw = False
858.0235 	EXP 	line_4: autoDraw = False
858.0235 	EXP 	probe_2: autoDraw = False
858.0235 	EXP 	fixation_2: autoDraw = True
858.1744 	EXP 	Device response: <KeyPress from None: t=858.0047630000045, value=v, duration=0.1595204999903217>
859.0080 	EXP 	line_1: autoDraw = True
859.0080 	EXP 	line_2: autoDraw = True
859.0080 	EXP 	line_3: autoDraw = True
859.0080 	EXP 	line_4: autoDraw = True
859.0232 	EXP 	fixation_2: autoDraw = False
860.0082 	INFO 	Keyboard events cleared
860.0080 	EXP 	probe_2: autoDraw = True
861.1921 	DATA 	Keypress: z
861.2068 	EXP 	Device response: <KeyPress from None: t=861.1902113999822, value=z, duration=None>
861.2071 	EXP 	New trial (rep=27, index=116): <Trial 116 (116 in rep 27) data={'pos': np.int64(50), 'corr_resp': 'c', 'thisN': 116, 'thisTrialN': 116, 'thisRepN': 27}>
861.2248 	EXP 	fixation_2: autoDraw = False
861.2248 	EXP 	line_1: autoDraw = False
861.2248 	EXP 	line_2: autoDraw = False
861.2248 	EXP 	line_3: autoDraw = False
861.2248 	EXP 	line_4: autoDraw = False
861.2248 	EXP 	probe_2: autoDraw = False
861.2248 	EXP 	fixation_2: autoDraw = True
861.3743 	EXP 	Device response: <KeyPress from None: t=861.1902113999822, value=z, duration=0.18100190002587624>
862.2081 	EXP 	line_1: autoDraw = True
862.2081 	EXP 	line_2: autoDraw = True
862.2081 	EXP 	line_3: autoDraw = True
862.2081 	EXP 	line_4: autoDraw = True
862.2246 	EXP 	fixation_2: autoDraw = False
863.2080 	INFO 	Keyboard events cleared
863.2078 	EXP 	probe_2: autoDraw = True
864.3413 	EXP 	Device response: <KeyPress from None: t=864.3380792000098, value=c, duration=None>
864.3417 	EXP 	New trial (rep=35, index=117): <Trial 117 (117 in rep 35) data={'pos': np.int64(-150), 'corr_resp': 'z', 'thisN': 117, 'thisTrialN': 117, 'thisRepN': 35}>
864.3431 	DATA 	Keypress: c
864.3569 	EXP 	fixation_2: autoDraw = False
864.3569 	EXP 	line_1: autoDraw = False
864.3569 	EXP 	line_2: autoDraw = False
864.3569 	EXP 	line_3: autoDraw = False
864.3569 	EXP 	line_4: autoDraw = False
864.3569 	EXP 	probe_2: autoDraw = False
864.3569 	EXP 	fixation_2: autoDraw = True
864.5076 	EXP 	Device response: <KeyPress from None: t=864.3380792000098, value=c, duration=0.1667748999898322>
865.3405 	EXP 	line_1: autoDraw = True
865.3405 	EXP 	line_2: autoDraw = True
865.3405 	EXP 	line_3: autoDraw = True
865.3405 	EXP 	line_4: autoDraw = True
865.3575 	EXP 	fixation_2: autoDraw = False
866.3417 	INFO 	Keyboard events cleared
866.3415 	EXP 	probe_2: autoDraw = True
867.0750 	EXP 	Device response: <KeyPress from None: t=867.0590629999933, value=z, duration=None>
867.0753 	EXP 	New trial (rep=28, index=118): <Trial 118 (118 in rep 28) data={'pos': np.int64(50), 'corr_resp': 'c', 'thisN': 118, 'thisTrialN': 118, 'thisRepN': 28}>
867.0767 	DATA 	Keypress: z
867.0909 	EXP 	fixation_2: autoDraw = False
867.0909 	EXP 	line_1: autoDraw = False
867.0909 	EXP 	line_2: autoDraw = False
867.0909 	EXP 	line_3: autoDraw = False
867.0909 	EXP 	line_4: autoDraw = False
867.0909 	EXP 	probe_2: autoDraw = False
867.0909 	EXP 	fixation_2: autoDraw = True
867.2085 	EXP 	Device response: <KeyPress from None: t=867.0590629999933, value=z, duration=0.14717539999401197>
868.0749 	EXP 	line_1: autoDraw = True
868.0749 	EXP 	line_2: autoDraw = True
868.0749 	EXP 	line_3: autoDraw = True
868.0749 	EXP 	line_4: autoDraw = True
868.0920 	EXP 	fixation_2: autoDraw = False
869.0753 	INFO 	Keyboard events cleared
869.0751 	EXP 	probe_2: autoDraw = True
870.3921 	EXP 	Device response: <KeyPress from None: t=870.382102100004, value=c, duration=None>
870.3924 	EXP 	New trial (rep=26, index=119): <Trial 119 (119 in rep 26) data={'pos': np.int64(-50), 'corr_resp': 'x', 'thisN': 119, 'thisTrialN': 119, 'thisRepN': 26}>
870.3938 	DATA 	Keypress: c
870.4075 	EXP 	fixation_2: autoDraw = False
870.4075 	EXP 	line_1: autoDraw = False
870.4075 	EXP 	line_2: autoDraw = False
870.4075 	EXP 	line_3: autoDraw = False
870.4075 	EXP 	line_4: autoDraw = False
870.4075 	EXP 	probe_2: autoDraw = False
870.4075 	EXP 	fixation_2: autoDraw = True
870.5088 	EXP 	Device response: <KeyPress from None: t=870.382102100004, value=c, duration=0.11517360000289045>
871.3913 	EXP 	line_1: autoDraw = True
871.3913 	EXP 	line_2: autoDraw = True
871.3913 	EXP 	line_3: autoDraw = True
871.3913 	EXP 	line_4: autoDraw = True
871.4077 	EXP 	fixation_2: autoDraw = False
872.4081 	INFO 	Keyboard events cleared
872.4079 	EXP 	probe_2: autoDraw = True
872.9920 	EXP 	Device response: <KeyPress from None: t=872.9902794999944, value=x, duration=None>
872.9923 	EXP 	New trial (rep=27, index=120): <Trial 120 (120 in rep 27) data={'pos': np.int64(-50), 'corr_resp': 'x', 'thisN': 120, 'thisTrialN': 120, 'thisRepN': 27}>
872.9939 	DATA 	Keypress: x
873.0063 	EXP 	fixation_2: autoDraw = False
873.0063 	EXP 	line_1: autoDraw = False
873.0063 	EXP 	line_2: autoDraw = False
873.0063 	EXP 	line_3: autoDraw = False
873.0063 	EXP 	line_4: autoDraw = False
873.0063 	EXP 	probe_2: autoDraw = False
873.0063 	EXP 	fixation_2: autoDraw = True
873.1737 	EXP 	Device response: <KeyPress from None: t=872.9902794999944, value=x, duration=0.1685875999974087>
873.9914 	EXP 	line_1: autoDraw = True
873.9914 	EXP 	line_2: autoDraw = True
873.9914 	EXP 	line_3: autoDraw = True
873.9914 	EXP 	line_4: autoDraw = True
874.0081 	EXP 	fixation_2: autoDraw = False
875.0084 	INFO 	Keyboard events cleared
875.0082 	EXP 	probe_2: autoDraw = True
875.6419 	EXP 	Device response: <KeyPress from None: t=875.6362066000002, value=x, duration=None>
875.6424 	EXP 	New trial (rep=28, index=121): <Trial 121 (121 in rep 28) data={'pos': np.int64(150), 'corr_resp': 'v', 'thisN': 121, 'thisTrialN': 121, 'thisRepN': 28}>
875.6442 	DATA 	Keypress: x
875.6564 	EXP 	fixation_2: autoDraw = False
875.6564 	EXP 	line_1: autoDraw = False
875.6564 	EXP 	line_2: autoDraw = False
875.6564 	EXP 	line_3: autoDraw = False
875.6564 	EXP 	line_4: autoDraw = False
875.6564 	EXP 	probe_2: autoDraw = False
875.6564 	EXP 	fixation_2: autoDraw = True
875.8080 	EXP 	Device response: <KeyPress from None: t=875.6362066000002, value=x, duration=0.16346009998233058>
876.6583 	EXP 	fixation_2: autoDraw = False
876.6583 	EXP 	line_1: autoDraw = True
876.6583 	EXP 	line_2: autoDraw = True
876.6583 	EXP 	line_3: autoDraw = True
876.6583 	EXP 	line_4: autoDraw = True
877.6574 	INFO 	Keyboard events cleared
877.6572 	EXP 	probe_2: autoDraw = True
878.8096 	EXP 	Device response: <KeyPress from None: t=878.7952561999846, value=v, duration=None>
878.8101 	EXP 	New trial (rep=29, index=122): <Trial 122 (122 in rep 29) data={'pos': np.int64(50), 'corr_resp': 'c', 'thisN': 122, 'thisTrialN': 122, 'thisRepN': 29}>
878.8115 	DATA 	Keypress: v
878.8240 	EXP 	fixation_2: autoDraw = False
878.8240 	EXP 	line_1: autoDraw = False
878.8240 	EXP 	line_2: autoDraw = False
878.8240 	EXP 	line_3: autoDraw = False
878.8240 	EXP 	line_4: autoDraw = False
878.8240 	EXP 	probe_2: autoDraw = False
878.8240 	EXP 	fixation_2: autoDraw = True
878.9754 	EXP 	Device response: <KeyPress from None: t=878.7952561999846, value=v, duration=0.16885260000708513>
879.8246 	EXP 	fixation_2: autoDraw = False
879.8246 	EXP 	line_1: autoDraw = True
879.8246 	EXP 	line_2: autoDraw = True
879.8246 	EXP 	line_3: autoDraw = True
879.8246 	EXP 	line_4: autoDraw = True
880.8234 	INFO 	Keyboard events cleared
880.8232 	EXP 	probe_2: autoDraw = True
882.2926 	EXP 	Device response: <KeyPress from None: t=882.2826732000103, value=c, duration=None>
882.2931 	EXP 	New trial (rep=28, index=123): <Trial 123 (123 in rep 28) data={'pos': np.int64(-50), 'corr_resp': 'x', 'thisN': 123, 'thisTrialN': 123, 'thisRepN': 28}>
882.2948 	DATA 	Keypress: c
882.3068 	EXP 	fixation_2: autoDraw = False
882.3068 	EXP 	line_1: autoDraw = False
882.3068 	EXP 	line_2: autoDraw = False
882.3068 	EXP 	line_3: autoDraw = False
882.3068 	EXP 	line_4: autoDraw = False
882.3068 	EXP 	probe_2: autoDraw = False
882.3068 	EXP 	fixation_2: autoDraw = True
882.4915 	EXP 	Device response: <KeyPress from None: t=882.2826732000103, value=c, duration=0.2056278999953065>
883.3081 	EXP 	fixation_2: autoDraw = False
883.3081 	EXP 	line_1: autoDraw = True
883.3081 	EXP 	line_2: autoDraw = True
883.3081 	EXP 	line_3: autoDraw = True
883.3081 	EXP 	line_4: autoDraw = True
884.3073 	INFO 	Keyboard events cleared
884.3071 	EXP 	probe_2: autoDraw = True
885.2250 	EXP 	Device response: <KeyPress from None: t=885.2233256000036, value=x, duration=None>
885.2254 	EXP 	New trial (rep=36, index=124): <Trial 124 (124 in rep 36) data={'pos': np.int64(-150), 'corr_resp': 'z', 'thisN': 124, 'thisTrialN': 124, 'thisRepN': 36}>
885.2267 	DATA 	Keypress: x
885.2401 	EXP 	fixation_2: autoDraw = False
885.2401 	EXP 	line_1: autoDraw = False
885.2401 	EXP 	line_2: autoDraw = False
885.2401 	EXP 	line_3: autoDraw = False
885.2401 	EXP 	line_4: autoDraw = False
885.2401 	EXP 	probe_2: autoDraw = False
885.2401 	EXP 	fixation_2: autoDraw = True
885.4241 	EXP 	Device response: <KeyPress from None: t=885.2233256000036, value=x, duration=0.1840301000047475>
886.2252 	EXP 	line_1: autoDraw = True
886.2252 	EXP 	line_2: autoDraw = True
886.2252 	EXP 	line_3: autoDraw = True
886.2252 	EXP 	line_4: autoDraw = True
886.2423 	EXP 	fixation_2: autoDraw = False
887.2244 	INFO 	Keyboard events cleared
887.2242 	EXP 	probe_2: autoDraw = True
888.7914 	EXP 	Device response: <KeyPress from None: t=888.785006399994, value=z, duration=None>
888.7919 	EXP 	New trial (rep=30, index=125): <Trial 125 (125 in rep 30) data={'pos': np.int64(50), 'corr_resp': 'c', 'thisN': 125, 'thisTrialN': 125, 'thisRepN': 30}>
888.7934 	DATA 	Keypress: z
888.8073 	EXP 	fixation_2: autoDraw = False
888.8073 	EXP 	line_1: autoDraw = False
888.8073 	EXP 	line_2: autoDraw = False
888.8073 	EXP 	line_3: autoDraw = False
888.8073 	EXP 	line_4: autoDraw = False
888.8073 	EXP 	probe_2: autoDraw = False
888.8073 	EXP 	fixation_2: autoDraw = True
888.9420 	EXP 	Device response: <KeyPress from None: t=888.785006399994, value=z, duration=0.15245719999074936>
889.7901 	EXP 	line_1: autoDraw = True
889.7901 	EXP 	line_2: autoDraw = True
889.7901 	EXP 	line_3: autoDraw = True
889.7901 	EXP 	line_4: autoDraw = True
889.8082 	EXP 	fixation_2: autoDraw = False
890.7916 	INFO 	Keyboard events cleared
890.7914 	EXP 	probe_2: autoDraw = True
891.4919 	EXP 	Device response: <KeyPress from None: t=891.4863001999911, value=c, duration=None>
891.4924 	EXP 	New trial (rep=31, index=126): <Trial 126 (126 in rep 31) data={'pos': np.int64(50), 'corr_resp': 'c', 'thisN': 126, 'thisTrialN': 126, 'thisRepN': 31}>
891.4941 	DATA 	Keypress: c
891.5075 	EXP 	fixation_2: autoDraw = False
891.5075 	EXP 	line_1: autoDraw = False
891.5075 	EXP 	line_2: autoDraw = False
891.5075 	EXP 	line_3: autoDraw = False
891.5075 	EXP 	line_4: autoDraw = False
891.5075 	EXP 	probe_2: autoDraw = False
891.5075 	EXP 	fixation_2: autoDraw = True
891.6581 	EXP 	Device response: <KeyPress from None: t=891.4863001999911, value=c, duration=0.15618069999618456>
892.4922 	EXP 	line_1: autoDraw = True
892.4922 	EXP 	line_2: autoDraw = True
892.4922 	EXP 	line_3: autoDraw = True
892.4922 	EXP 	line_4: autoDraw = True
892.5088 	EXP 	fixation_2: autoDraw = False
893.4929 	INFO 	Keyboard events cleared
893.4926 	EXP 	probe_2: autoDraw = True
894.8581 	EXP 	Device response: <KeyPress from None: t=894.8520000999852, value=c, duration=None>
894.8585 	EXP 	New trial (rep=29, index=127): <Trial 127 (127 in rep 29) data={'pos': np.int64(150), 'corr_resp': 'v', 'thisN': 127, 'thisTrialN': 127, 'thisRepN': 29}>
894.8599 	DATA 	Keypress: c
894.8743 	EXP 	fixation_2: autoDraw = False
894.8743 	EXP 	line_1: autoDraw = False
894.8743 	EXP 	line_2: autoDraw = False
894.8743 	EXP 	line_3: autoDraw = False
894.8743 	EXP 	line_4: autoDraw = False
894.8743 	EXP 	probe_2: autoDraw = False
894.8743 	EXP 	fixation_2: autoDraw = True
895.0089 	EXP 	Device response: <KeyPress from None: t=894.8520000999852, value=c, duration=0.14664230000926182>
895.8586 	EXP 	line_1: autoDraw = True
895.8586 	EXP 	line_2: autoDraw = True
895.8586 	EXP 	line_3: autoDraw = True
895.8586 	EXP 	line_4: autoDraw = True
895.8737 	EXP 	fixation_2: autoDraw = False
896.8587 	INFO 	Keyboard events cleared
896.8585 	EXP 	probe_2: autoDraw = True
897.7109 	DATA 	Keypress: v
897.7244 	EXP 	Device response: <KeyPress from None: t=897.7091106000007, value=v, duration=None>
897.7248 	EXP 	New trial (rep=30, index=128): <Trial 128 (128 in rep 30) data={'pos': np.int64(150), 'corr_resp': 'v', 'thisN': 128, 'thisTrialN': 128, 'thisRepN': 30}>
897.7417 	EXP 	fixation_2: autoDraw = False
897.7417 	EXP 	line_1: autoDraw = False
897.7417 	EXP 	line_2: autoDraw = False
897.7417 	EXP 	line_3: autoDraw = False
897.7417 	EXP 	line_4: autoDraw = False
897.7417 	EXP 	probe_2: autoDraw = False
897.7417 	EXP 	fixation_2: autoDraw = True
897.8585 	EXP 	Device response: <KeyPress from None: t=897.7091106000007, value=v, duration=0.1420133000065107>
898.7246 	EXP 	line_1: autoDraw = True
898.7246 	EXP 	line_2: autoDraw = True
898.7246 	EXP 	line_3: autoDraw = True
898.7246 	EXP 	line_4: autoDraw = True
898.7408 	EXP 	fixation_2: autoDraw = False
899.7255 	INFO 	Keyboard events cleared
899.7253 	EXP 	probe_2: autoDraw = True
900.4253 	EXP 	Device response: <KeyPress from None: t=900.4219063000055, value=v, duration=None>
900.4258 	EXP 	New trial (rep=37, index=129): <Trial 129 (129 in rep 37) data={'pos': np.int64(-150), 'corr_resp': 'z', 'thisN': 129, 'thisTrialN': 129, 'thisRepN': 37}>
900.4273 	DATA 	Keypress: v
900.4408 	EXP 	fixation_2: autoDraw = False
900.4408 	EXP 	line_1: autoDraw = False
900.4408 	EXP 	line_2: autoDraw = False
900.4408 	EXP 	line_3: autoDraw = False
900.4408 	EXP 	line_4: autoDraw = False
900.4408 	EXP 	probe_2: autoDraw = False
900.4408 	EXP 	fixation_2: autoDraw = True
900.5753 	EXP 	Device response: <KeyPress from None: t=900.4219063000055, value=v, duration=0.1448814999894239>
901.4424 	EXP 	fixation_2: autoDraw = False
901.4424 	EXP 	line_1: autoDraw = True
901.4424 	EXP 	line_2: autoDraw = True
901.4424 	EXP 	line_3: autoDraw = True
901.4424 	EXP 	line_4: autoDraw = True
902.4254 	INFO 	Keyboard events cleared
902.4252 	EXP 	probe_2: autoDraw = True
903.7446 	DATA 	Keypress: z
903.7595 	EXP 	Device response: <KeyPress from None: t=903.7439367999905, value=z, duration=None>
903.7601 	EXP 	New trial (rep=38, index=130): <Trial 130 (130 in rep 38) data={'pos': np.int64(-150), 'corr_resp': 'z', 'thisN': 130, 'thisTrialN': 130, 'thisRepN': 38}>
903.7737 	EXP 	fixation_2: autoDraw = False
903.7737 	EXP 	line_1: autoDraw = False
903.7737 	EXP 	line_2: autoDraw = False
903.7737 	EXP 	line_3: autoDraw = False
903.7737 	EXP 	line_4: autoDraw = False
903.7737 	EXP 	probe_2: autoDraw = False
903.7737 	EXP 	fixation_2: autoDraw = True
903.9575 	EXP 	Device response: <KeyPress from None: t=903.7439367999905, value=z, duration=0.19882920000236481>
904.7754 	EXP 	fixation_2: autoDraw = False
904.7754 	EXP 	line_1: autoDraw = True
904.7754 	EXP 	line_2: autoDraw = True
904.7754 	EXP 	line_3: autoDraw = True
904.7754 	EXP 	line_4: autoDraw = True
905.7758 	INFO 	Keyboard events cleared
905.7756 	EXP 	probe_2: autoDraw = True
906.4927 	EXP 	Device response: <KeyPress from None: t=906.4815955999948, value=z, duration=None>
906.4931 	EXP 	New trial (rep=31, index=131): <Trial 131 (131 in rep 31) data={'pos': np.int64(150), 'corr_resp': 'v', 'thisN': 131, 'thisTrialN': 131, 'thisRepN': 31}>
906.4946 	DATA 	Keypress: z
906.5070 	EXP 	fixation_2: autoDraw = False
906.5070 	EXP 	line_1: autoDraw = False
906.5070 	EXP 	line_2: autoDraw = False
906.5070 	EXP 	line_3: autoDraw = False
906.5070 	EXP 	line_4: autoDraw = False
906.5070 	EXP 	probe_2: autoDraw = False
906.5070 	EXP 	fixation_2: autoDraw = True
906.6084 	EXP 	Device response: <KeyPress from None: t=906.4815955999948, value=z, duration=0.11592159999418072>
907.4921 	EXP 	line_1: autoDraw = True
907.4921 	EXP 	line_2: autoDraw = True
907.4921 	EXP 	line_3: autoDraw = True
907.4921 	EXP 	line_4: autoDraw = True
907.5089 	EXP 	fixation_2: autoDraw = False
908.5079 	INFO 	Keyboard events cleared
908.5077 	EXP 	probe_2: autoDraw = True
909.0426 	EXP 	Device response: <KeyPress from None: t=909.0358541999885, value=v, duration=None>
909.0432 	EXP 	New trial (rep=29, index=132): <Trial 132 (132 in rep 29) data={'pos': np.int64(-50), 'corr_resp': 'x', 'thisN': 132, 'thisTrialN': 132, 'thisRepN': 29}>
909.0446 	DATA 	Keypress: v
909.0575 	EXP 	fixation_2: autoDraw = False
909.0575 	EXP 	line_1: autoDraw = False
909.0575 	EXP 	line_2: autoDraw = False
909.0575 	EXP 	line_3: autoDraw = False
909.0575 	EXP 	line_4: autoDraw = False
909.0575 	EXP 	probe_2: autoDraw = False
909.0575 	EXP 	fixation_2: autoDraw = True
909.2593 	EXP 	Device response: <KeyPress from None: t=909.0358541999885, value=v, duration=0.21168639999814332>
910.0587 	EXP 	fixation_2: autoDraw = False
910.0587 	EXP 	line_1: autoDraw = True
910.0587 	EXP 	line_2: autoDraw = True
910.0587 	EXP 	line_3: autoDraw = True
910.0587 	EXP 	line_4: autoDraw = True
911.0591 	INFO 	Keyboard events cleared
911.0589 	EXP 	probe_2: autoDraw = True
911.4928 	EXP 	Device response: <KeyPress from None: t=911.4826168, value=x, duration=None>
911.4933 	EXP 	New trial (rep=32, index=133): <Trial 133 (133 in rep 32) data={'pos': np.int64(150), 'corr_resp': 'v', 'thisN': 133, 'thisTrialN': 133, 'thisRepN': 32}>
911.4952 	DATA 	Keypress: x
911.5071 	EXP 	fixation_2: autoDraw = False
911.5071 	EXP 	line_1: autoDraw = False
911.5071 	EXP 	line_2: autoDraw = False
911.5071 	EXP 	line_3: autoDraw = False
911.5071 	EXP 	line_4: autoDraw = False
911.5071 	EXP 	probe_2: autoDraw = False
911.5071 	EXP 	fixation_2: autoDraw = True
911.6418 	EXP 	Device response: <KeyPress from None: t=911.4826168, value=x, duration=0.15016049999394454>
912.5090 	EXP 	fixation_2: autoDraw = False
912.5090 	EXP 	line_1: autoDraw = True
912.5090 	EXP 	line_2: autoDraw = True
912.5090 	EXP 	line_3: autoDraw = True
912.5090 	EXP 	line_4: autoDraw = True
913.4925 	INFO 	Keyboard events cleared
913.4923 	EXP 	probe_2: autoDraw = True
914.6083 	EXP 	Device response: <KeyPress from None: t=914.5993132999865, value=v, duration=None>
914.6086 	EXP 	New trial (rep=33, index=134): <Trial 134 (134 in rep 33) data={'pos': np.int64(150), 'corr_resp': 'v', 'thisN': 134, 'thisTrialN': 134, 'thisRepN': 33}>
914.6100 	DATA 	Keypress: v
914.6240 	EXP 	fixation_2: autoDraw = False
914.6240 	EXP 	line_1: autoDraw = False
914.6240 	EXP 	line_2: autoDraw = False
914.6240 	EXP 	line_3: autoDraw = False
914.6240 	EXP 	line_4: autoDraw = False
914.6240 	EXP 	probe_2: autoDraw = False
914.6240 	EXP 	fixation_2: autoDraw = True
914.7761 	EXP 	Device response: <KeyPress from None: t=914.5993132999865, value=v, duration=0.16673150000860915>
915.6086 	EXP 	line_1: autoDraw = True
915.6086 	EXP 	line_2: autoDraw = True
915.6086 	EXP 	line_3: autoDraw = True
915.6086 	EXP 	line_4: autoDraw = True
915.6255 	EXP 	fixation_2: autoDraw = False
916.6091 	INFO 	Keyboard events cleared
916.6088 	EXP 	probe_2: autoDraw = True
917.4277 	DATA 	Keypress: v
917.4411 	EXP 	Device response: <KeyPress from None: t=917.426117199997, value=v, duration=None>
917.4415 	EXP 	New trial (rep=34, index=135): <Trial 135 (135 in rep 34) data={'pos': np.int64(150), 'corr_resp': 'v', 'thisN': 135, 'thisTrialN': 135, 'thisRepN': 34}>
917.4589 	EXP 	fixation_2: autoDraw = False
917.4589 	EXP 	line_1: autoDraw = False
917.4589 	EXP 	line_2: autoDraw = False
917.4589 	EXP 	line_3: autoDraw = False
917.4589 	EXP 	line_4: autoDraw = False
917.4589 	EXP 	probe_2: autoDraw = False
917.4589 	EXP 	fixation_2: autoDraw = True
917.5917 	EXP 	Device response: <KeyPress from None: t=917.426117199997, value=v, duration=0.15995140001177788>
918.4425 	EXP 	line_1: autoDraw = True
918.4425 	EXP 	line_2: autoDraw = True
918.4425 	EXP 	line_3: autoDraw = True
918.4425 	EXP 	line_4: autoDraw = True
918.4585 	EXP 	fixation_2: autoDraw = False
919.4418 	INFO 	Keyboard events cleared
919.4416 	EXP 	probe_2: autoDraw = True
919.8751 	EXP 	Device response: <KeyPress from None: t=919.8666304000071, value=v, duration=None>
919.8754 	EXP 	New trial (rep=35, index=136): <Trial 136 (136 in rep 35) data={'pos': np.int64(150), 'corr_resp': 'v', 'thisN': 136, 'thisTrialN': 136, 'thisRepN': 35}>
919.8768 	DATA 	Keypress: v
919.8919 	EXP 	fixation_2: autoDraw = False
919.8919 	EXP 	line_1: autoDraw = False
919.8919 	EXP 	line_2: autoDraw = False
919.8919 	EXP 	line_3: autoDraw = False
919.8919 	EXP 	line_4: autoDraw = False
919.8919 	EXP 	probe_2: autoDraw = False
919.8919 	EXP 	fixation_2: autoDraw = True
920.0260 	EXP 	Device response: <KeyPress from None: t=919.8666304000071, value=v, duration=0.1451381999941077>
920.8757 	EXP 	line_1: autoDraw = True
920.8757 	EXP 	line_2: autoDraw = True
920.8757 	EXP 	line_3: autoDraw = True
920.8757 	EXP 	line_4: autoDraw = True
920.8924 	EXP 	fixation_2: autoDraw = False
921.8763 	INFO 	Keyboard events cleared
921.8761 	EXP 	probe_2: autoDraw = True
922.2783 	DATA 	Keypress: v
922.2923 	EXP 	Device response: <KeyPress from None: t=922.2766034000088, value=v, duration=None>
922.2927 	EXP 	New trial (rep=30, index=137): <Trial 137 (137 in rep 30) data={'pos': np.int64(-50), 'corr_resp': 'x', 'thisN': 137, 'thisTrialN': 137, 'thisRepN': 30}>
922.3075 	EXP 	fixation_2: autoDraw = False
922.3075 	EXP 	line_1: autoDraw = False
922.3075 	EXP 	line_2: autoDraw = False
922.3075 	EXP 	line_3: autoDraw = False
922.3075 	EXP 	line_4: autoDraw = False
922.3075 	EXP 	probe_2: autoDraw = False
922.3075 	EXP 	fixation_2: autoDraw = True
922.4598 	EXP 	Device response: <KeyPress from None: t=922.2766034000088, value=v, duration=0.17252110000117682>
923.3089 	EXP 	fixation_2: autoDraw = False
923.3089 	EXP 	line_1: autoDraw = True
923.3089 	EXP 	line_2: autoDraw = True
923.3089 	EXP 	line_3: autoDraw = True
923.3089 	EXP 	line_4: autoDraw = True
924.3087 	INFO 	Keyboard events cleared
924.3085 	EXP 	probe_2: autoDraw = True
924.9589 	EXP 	Device response: <KeyPress from None: t=924.956948600011, value=x, duration=None>
924.9593 	EXP 	New trial (rep=32, index=138): <Trial 138 (138 in rep 32) data={'pos': np.int64(50), 'corr_resp': 'c', 'thisN': 138, 'thisTrialN': 138, 'thisRepN': 32}>
924.9606 	DATA 	Keypress: x
924.9746 	EXP 	fixation_2: autoDraw = False
924.9746 	EXP 	line_1: autoDraw = False
924.9746 	EXP 	line_2: autoDraw = False
924.9746 	EXP 	line_3: autoDraw = False
924.9746 	EXP 	line_4: autoDraw = False
924.9746 	EXP 	probe_2: autoDraw = False
924.9746 	EXP 	fixation_2: autoDraw = True
925.1088 	EXP 	Device response: <KeyPress from None: t=924.956948600011, value=x, duration=0.15038669999921694>
925.9757 	EXP 	fixation_2: autoDraw = False
925.9757 	EXP 	line_1: autoDraw = True
925.9757 	EXP 	line_2: autoDraw = True
925.9757 	EXP 	line_3: autoDraw = True
925.9757 	EXP 	line_4: autoDraw = True
926.9593 	INFO 	Keyboard events cleared
926.9591 	EXP 	probe_2: autoDraw = True
927.6597 	EXP 	Device response: <KeyPress from None: t=927.6491311999853, value=c, duration=None>
927.6601 	EXP 	New trial (rep=31, index=139): <Trial 139 (139 in rep 31) data={'pos': np.int64(-50), 'corr_resp': 'x', 'thisN': 139, 'thisTrialN': 139, 'thisRepN': 31}>
927.6615 	DATA 	Keypress: c
927.6740 	EXP 	fixation_2: autoDraw = False
927.6740 	EXP 	line_1: autoDraw = False
927.6740 	EXP 	line_2: autoDraw = False
927.6740 	EXP 	line_3: autoDraw = False
927.6740 	EXP 	line_4: autoDraw = False
927.6740 	EXP 	probe_2: autoDraw = False
927.6740 	EXP 	fixation_2: autoDraw = True
927.8585 	EXP 	Device response: <KeyPress from None: t=927.6491311999853, value=c, duration=0.19518430001335219>
928.6570 	EXP 	line_1: autoDraw = True
928.6570 	EXP 	line_2: autoDraw = True
928.6570 	EXP 	line_3: autoDraw = True
928.6570 	EXP 	line_4: autoDraw = True
928.6751 	EXP 	fixation_2: autoDraw = False
929.6590 	INFO 	Keyboard events cleared
929.6588 	EXP 	probe_2: autoDraw = True
930.7258 	EXP 	Device response: <KeyPress from None: t=930.7221825000015, value=x, duration=None>
930.7262 	EXP 	New trial (rep=39, index=140): <Trial 140 (140 in rep 39) data={'pos': np.int64(-150), 'corr_resp': 'z', 'thisN': 140, 'thisTrialN': 140, 'thisRepN': 39}>
930.7277 	DATA 	Keypress: x
930.7414 	EXP 	fixation_2: autoDraw = False
930.7414 	EXP 	line_1: autoDraw = False
930.7414 	EXP 	line_2: autoDraw = False
930.7414 	EXP 	line_3: autoDraw = False
930.7414 	EXP 	line_4: autoDraw = False
930.7414 	EXP 	probe_2: autoDraw = False
930.7414 	EXP 	fixation_2: autoDraw = True
930.8585 	EXP 	Device response: <KeyPress from None: t=930.7221825000015, value=x, duration=0.13148159999400377>
931.7421 	EXP 	fixation_2: autoDraw = False
931.7421 	EXP 	line_1: autoDraw = True
931.7421 	EXP 	line_2: autoDraw = True
931.7421 	EXP 	line_3: autoDraw = True
931.7421 	EXP 	line_4: autoDraw = True
932.7428 	INFO 	Keyboard events cleared
932.7425 	EXP 	probe_2: autoDraw = True
934.2596 	EXP 	Device response: <KeyPress from None: t=934.246492300008, value=z, duration=None>
934.2599 	EXP 	New trial (rep=32, index=141): <Trial 141 (141 in rep 32) data={'pos': np.int64(-50), 'corr_resp': 'x', 'thisN': 141, 'thisTrialN': 141, 'thisRepN': 32}>
934.2614 	DATA 	Keypress: z
934.2740 	EXP 	fixation_2: autoDraw = False
934.2740 	EXP 	line_1: autoDraw = False
934.2740 	EXP 	line_2: autoDraw = False
934.2740 	EXP 	line_3: autoDraw = False
934.2740 	EXP 	line_4: autoDraw = False
934.2740 	EXP 	probe_2: autoDraw = False
934.2740 	EXP 	fixation_2: autoDraw = True
934.4426 	EXP 	Device response: <KeyPress from None: t=934.246492300008, value=z, duration=0.19281779997982085>
935.2591 	EXP 	line_1: autoDraw = True
935.2591 	EXP 	line_2: autoDraw = True
935.2591 	EXP 	line_3: autoDraw = True
935.2591 	EXP 	line_4: autoDraw = True
935.2751 	EXP 	fixation_2: autoDraw = False
936.2595 	INFO 	Keyboard events cleared
936.2593 	EXP 	probe_2: autoDraw = True
936.8088 	EXP 	Device response: <KeyPress from None: t=936.8034684000013, value=x, duration=None>
936.8093 	EXP 	New trial (rep=33, index=142): <Trial 142 (142 in rep 33) data={'pos': np.int64(50), 'corr_resp': 'c', 'thisN': 142, 'thisTrialN': 142, 'thisRepN': 33}>
936.8108 	DATA 	Keypress: x
936.8252 	EXP 	fixation_2: autoDraw = False
936.8252 	EXP 	line_1: autoDraw = False
936.8252 	EXP 	line_2: autoDraw = False
936.8252 	EXP 	line_3: autoDraw = False
936.8252 	EXP 	line_4: autoDraw = False
936.8252 	EXP 	probe_2: autoDraw = False
936.8252 	EXP 	fixation_2: autoDraw = True
936.9581 	EXP 	Device response: <KeyPress from None: t=936.8034684000013, value=x, duration=0.15175590000580996>
937.8078 	EXP 	line_1: autoDraw = True
937.8078 	EXP 	line_2: autoDraw = True
937.8078 	EXP 	line_3: autoDraw = True
937.8078 	EXP 	line_4: autoDraw = True
937.8260 	EXP 	fixation_2: autoDraw = False
938.8094 	INFO 	Keyboard events cleared
938.8092 	EXP 	probe_2: autoDraw = True
940.0099 	EXP 	Device response: <KeyPress from None: t=940.0006660000072, value=c, duration=None>
940.0103 	EXP 	New trial (rep=36, index=143): <Trial 143 (143 in rep 36) data={'pos': np.int64(150), 'corr_resp': 'v', 'thisN': 143, 'thisTrialN': 143, 'thisRepN': 36}>
940.0118 	DATA 	Keypress: c
940.0241 	EXP 	fixation_2: autoDraw = False
940.0241 	EXP 	line_1: autoDraw = False
940.0241 	EXP 	line_2: autoDraw = False
940.0241 	EXP 	line_3: autoDraw = False
940.0241 	EXP 	line_4: autoDraw = False
940.0241 	EXP 	probe_2: autoDraw = False
940.0241 	EXP 	fixation_2: autoDraw = True
940.1582 	EXP 	Device response: <KeyPress from None: t=940.0006660000072, value=c, duration=0.14183929999126121>
941.0096 	EXP 	line_1: autoDraw = True
941.0096 	EXP 	line_2: autoDraw = True
941.0096 	EXP 	line_3: autoDraw = True
941.0096 	EXP 	line_4: autoDraw = True
941.0250 	EXP 	fixation_2: autoDraw = False
942.0093 	INFO 	Keyboard events cleared
942.0091 	EXP 	probe_2: autoDraw = True
942.6615 	DATA 	Keypress: v
942.6749 	EXP 	Device response: <KeyPress from None: t=942.6597207000013, value=v, duration=None>
942.6753 	EXP 	New trial (rep=33, index=144): <Trial 144 (144 in rep 33) data={'pos': np.int64(-50), 'corr_resp': 'x', 'thisN': 144, 'thisTrialN': 144, 'thisRepN': 33}>
942.6916 	EXP 	fixation_2: autoDraw = False
942.6916 	EXP 	line_1: autoDraw = False
942.6916 	EXP 	line_2: autoDraw = False
942.6916 	EXP 	line_3: autoDraw = False
942.6916 	EXP 	line_4: autoDraw = False
942.6916 	EXP 	probe_2: autoDraw = False
942.6916 	EXP 	fixation_2: autoDraw = True
942.8255 	EXP 	Device response: <KeyPress from None: t=942.6597207000013, value=v, duration=0.15470250000362284>
943.6761 	EXP 	line_1: autoDraw = True
943.6761 	EXP 	line_2: autoDraw = True
943.6761 	EXP 	line_3: autoDraw = True
943.6761 	EXP 	line_4: autoDraw = True
943.6928 	EXP 	fixation_2: autoDraw = False
944.6757 	INFO 	Keyboard events cleared
944.6755 	EXP 	probe_2: autoDraw = True
946.2599 	EXP 	Device response: <KeyPress from None: t=946.2491272999905, value=x, duration=None>
946.2603 	EXP 	New trial (rep=37, index=145): <Trial 145 (145 in rep 37) data={'pos': np.int64(150), 'corr_resp': 'v', 'thisN': 145, 'thisTrialN': 145, 'thisRepN': 37}>
946.2616 	DATA 	Keypress: x
946.2741 	EXP 	fixation_2: autoDraw = False
946.2741 	EXP 	line_1: autoDraw = False
946.2741 	EXP 	line_2: autoDraw = False
946.2741 	EXP 	line_3: autoDraw = False
946.2741 	EXP 	line_4: autoDraw = False
946.2741 	EXP 	probe_2: autoDraw = False
946.2741 	EXP 	fixation_2: autoDraw = True
946.4423 	EXP 	Device response: <KeyPress from None: t=946.2491272999905, value=x, duration=0.18067319999681786>
947.2582 	EXP 	line_1: autoDraw = True
947.2582 	EXP 	line_2: autoDraw = True
947.2582 	EXP 	line_3: autoDraw = True
947.2582 	EXP 	line_4: autoDraw = True
947.2761 	EXP 	fixation_2: autoDraw = False
948.2595 	INFO 	Keyboard events cleared
948.2592 	EXP 	probe_2: autoDraw = True
948.8422 	EXP 	Device response: <KeyPress from None: t=948.8340467000089, value=v, duration=None>
948.8425 	EXP 	New trial (rep=34, index=146): <Trial 146 (146 in rep 34) data={'pos': np.int64(-50), 'corr_resp': 'x', 'thisN': 146, 'thisTrialN': 146, 'thisRepN': 34}>
948.8439 	DATA 	Keypress: v
948.8585 	EXP 	fixation_2: autoDraw = False
948.8585 	EXP 	line_1: autoDraw = False
948.8585 	EXP 	line_2: autoDraw = False
948.8585 	EXP 	line_3: autoDraw = False
948.8585 	EXP 	line_4: autoDraw = False
948.8585 	EXP 	probe_2: autoDraw = False
948.8585 	EXP 	fixation_2: autoDraw = True
949.0423 	EXP 	Device response: <KeyPress from None: t=948.8340467000089, value=v, duration=0.20112079998943955>
949.8579 	EXP 	fixation_2: autoDraw = False
949.8579 	EXP 	line_1: autoDraw = True
949.8579 	EXP 	line_2: autoDraw = True
949.8579 	EXP 	line_3: autoDraw = True
949.8579 	EXP 	line_4: autoDraw = True
950.8412 	INFO 	Keyboard events cleared
950.8410 	EXP 	probe_2: autoDraw = True
951.7778 	DATA 	Keypress: x
951.7929 	EXP 	Device response: <KeyPress from None: t=951.7760161999904, value=x, duration=None>
951.7932 	EXP 	New trial (rep=35, index=147): <Trial 147 (147 in rep 35) data={'pos': np.int64(-50), 'corr_resp': 'x', 'thisN': 147, 'thisTrialN': 147, 'thisRepN': 35}>
951.8088 	EXP 	fixation_2: autoDraw = False
951.8088 	EXP 	line_1: autoDraw = False
951.8088 	EXP 	line_2: autoDraw = False
951.8088 	EXP 	line_3: autoDraw = False
951.8088 	EXP 	line_4: autoDraw = False
951.8088 	EXP 	probe_2: autoDraw = False
951.8088 	EXP 	fixation_2: autoDraw = True
951.9264 	EXP 	Device response: <KeyPress from None: t=951.7760161999904, value=x, duration=0.1437848000205122>
952.7927 	EXP 	line_1: autoDraw = True
952.7927 	EXP 	line_2: autoDraw = True
952.7927 	EXP 	line_3: autoDraw = True
952.7927 	EXP 	line_4: autoDraw = True
952.8092 	EXP 	fixation_2: autoDraw = False
953.8101 	INFO 	Keyboard events cleared
953.8098 	EXP 	probe_2: autoDraw = True
954.3757 	EXP 	Device response: <KeyPress from None: t=954.3612968999951, value=x, duration=None>
954.3761 	EXP 	New trial (rep=36, index=148): <Trial 148 (148 in rep 36) data={'pos': np.int64(-50), 'corr_resp': 'x', 'thisN': 148, 'thisTrialN': 148, 'thisRepN': 36}>
954.3775 	DATA 	Keypress: x
954.3925 	EXP 	fixation_2: autoDraw = False
954.3925 	EXP 	line_1: autoDraw = False
954.3925 	EXP 	line_2: autoDraw = False
954.3925 	EXP 	line_3: autoDraw = False
954.3925 	EXP 	line_4: autoDraw = False
954.3925 	EXP 	probe_2: autoDraw = False
954.3925 	EXP 	fixation_2: autoDraw = True
954.5094 	EXP 	Device response: <KeyPress from None: t=954.3612968999951, value=x, duration=0.14459219999844208>
955.3927 	EXP 	fixation_2: autoDraw = False
955.3927 	EXP 	line_1: autoDraw = True
955.3927 	EXP 	line_2: autoDraw = True
955.3927 	EXP 	line_3: autoDraw = True
955.3927 	EXP 	line_4: autoDraw = True
956.3747 	INFO 	Keyboard events cleared
956.3745 	EXP 	probe_2: autoDraw = True
957.8426 	EXP 	Device response: <KeyPress from None: t=957.8322379000019, value=x, duration=None>
957.8430 	EXP 	New trial (rep=37, index=149): <Trial 149 (149 in rep 37) data={'pos': np.int64(-50), 'corr_resp': 'x', 'thisN': 149, 'thisTrialN': 149, 'thisRepN': 37}>
957.8447 	DATA 	Keypress: x
957.8579 	EXP 	fixation_2: autoDraw = False
957.8579 	EXP 	line_1: autoDraw = False
957.8579 	EXP 	line_2: autoDraw = False
957.8579 	EXP 	line_3: autoDraw = False
957.8579 	EXP 	line_4: autoDraw = False
957.8579 	EXP 	probe_2: autoDraw = False
957.8579 	EXP 	fixation_2: autoDraw = True
958.0264 	EXP 	Device response: <KeyPress from None: t=957.8322379000019, value=x, duration=0.18353799998294562>
958.8426 	EXP 	line_1: autoDraw = True
958.8426 	EXP 	line_2: autoDraw = True
958.8426 	EXP 	line_3: autoDraw = True
958.8426 	EXP 	line_4: autoDraw = True
958.8596 	EXP 	fixation_2: autoDraw = False
959.8595 	INFO 	Keyboard events cleared
959.8593 	EXP 	probe_2: autoDraw = True
961.0419 	EXP 	Device response: <KeyPress from None: t=961.0408921999915, value=x, duration=None>
961.0423 	EXP 	New trial (rep=38, index=150): <Trial 150 (150 in rep 38) data={'pos': np.int64(150), 'corr_resp': 'v', 'thisN': 150, 'thisTrialN': 150, 'thisRepN': 38}>
961.0436 	DATA 	Keypress: x
961.0589 	EXP 	fixation_2: autoDraw = False
961.0589 	EXP 	line_1: autoDraw = False
961.0589 	EXP 	line_2: autoDraw = False
961.0589 	EXP 	line_3: autoDraw = False
961.0589 	EXP 	line_4: autoDraw = False
961.0589 	EXP 	probe_2: autoDraw = False
961.0589 	EXP 	fixation_2: autoDraw = True
961.1424 	EXP 	Device response: <KeyPress from None: t=961.0408921999915, value=x, duration=0.09143460000632331>
962.0428 	EXP 	line_1: autoDraw = True
962.0428 	EXP 	line_2: autoDraw = True
962.0428 	EXP 	line_3: autoDraw = True
962.0428 	EXP 	line_4: autoDraw = True
962.0587 	EXP 	fixation_2: autoDraw = False
963.0428 	INFO 	Keyboard events cleared
963.0426 	EXP 	probe_2: autoDraw = True
964.3425 	EXP 	Device response: <KeyPress from None: t=964.3311049999902, value=v, duration=None>
964.3429 	EXP 	New trial (rep=39, index=151): <Trial 151 (151 in rep 39) data={'pos': np.int64(150), 'corr_resp': 'v', 'thisN': 151, 'thisTrialN': 151, 'thisRepN': 39}>
964.3442 	DATA 	Keypress: v
964.3596 	EXP 	fixation_2: autoDraw = False
964.3596 	EXP 	line_1: autoDraw = False
964.3596 	EXP 	line_2: autoDraw = False
964.3596 	EXP 	line_3: autoDraw = False
964.3596 	EXP 	line_4: autoDraw = False
964.3596 	EXP 	probe_2: autoDraw = False
964.3596 	EXP 	fixation_2: autoDraw = True
964.4425 	EXP 	Device response: <KeyPress from None: t=964.3311049999902, value=v, duration=0.09560880000935867>
965.3429 	EXP 	line_1: autoDraw = True
965.3429 	EXP 	line_2: autoDraw = True
965.3429 	EXP 	line_3: autoDraw = True
965.3429 	EXP 	line_4: autoDraw = True
965.3581 	EXP 	fixation_2: autoDraw = False
966.3417 	INFO 	Keyboard events cleared
966.3415 	EXP 	probe_2: autoDraw = True
967.5100 	EXP 	Device response: <KeyPress from None: t=967.5010157999932, value=v, duration=None>
967.5106 	EXP 	New trial (rep=34, index=152): <Trial 152 (152 in rep 34) data={'pos': np.int64(50), 'corr_resp': 'c', 'thisN': 152, 'thisTrialN': 152, 'thisRepN': 34}>
967.5123 	DATA 	Keypress: v
967.5246 	EXP 	fixation_2: autoDraw = False
967.5246 	EXP 	line_1: autoDraw = False
967.5246 	EXP 	line_2: autoDraw = False
967.5246 	EXP 	line_3: autoDraw = False
967.5246 	EXP 	line_4: autoDraw = False
967.5246 	EXP 	probe_2: autoDraw = False
967.5246 	EXP 	fixation_2: autoDraw = True
967.6093 	EXP 	Device response: <KeyPress from None: t=967.5010157999932, value=v, duration=0.09145460001309402>
968.5093 	EXP 	line_1: autoDraw = True
968.5093 	EXP 	line_2: autoDraw = True
968.5093 	EXP 	line_3: autoDraw = True
968.5093 	EXP 	line_4: autoDraw = True
968.5261 	EXP 	fixation_2: autoDraw = False
969.5099 	INFO 	Keyboard events cleared
969.5097 	EXP 	probe_2: autoDraw = True
971.3932 	EXP 	Device response: <KeyPress from None: t=971.3886624999868, value=c, duration=None>
971.3935 	EXP 	New trial (rep=38, index=153): <Trial 153 (153 in rep 38) data={'pos': np.int64(-50), 'corr_resp': 'x', 'thisN': 153, 'thisTrialN': 153, 'thisRepN': 38}>
971.3950 	DATA 	Keypress: c
971.4086 	EXP 	fixation_2: autoDraw = False
971.4086 	EXP 	line_1: autoDraw = False
971.4086 	EXP 	line_2: autoDraw = False
971.4086 	EXP 	line_3: autoDraw = False
971.4086 	EXP 	line_4: autoDraw = False
971.4086 	EXP 	probe_2: autoDraw = False
971.4086 	EXP 	fixation_2: autoDraw = True
971.4767 	EXP 	Device response: <KeyPress from None: t=971.3886624999868, value=c, duration=0.08551890001399443>
972.4098 	EXP 	fixation_2: autoDraw = False
972.4098 	EXP 	line_1: autoDraw = True
972.4098 	EXP 	line_2: autoDraw = True
972.4098 	EXP 	line_3: autoDraw = True
972.4098 	EXP 	line_4: autoDraw = True
973.3934 	INFO 	Keyboard events cleared
973.3932 	EXP 	probe_2: autoDraw = True
974.3928 	EXP 	Device response: <KeyPress from None: t=974.3906813999929, value=x, duration=None>
974.3931 	EXP 	New trial (rep=35, index=154): <Trial 154 (154 in rep 35) data={'pos': np.int64(50), 'corr_resp': 'c', 'thisN': 154, 'thisTrialN': 154, 'thisRepN': 35}>
974.3945 	DATA 	Keypress: x
974.4089 	EXP 	fixation_2: autoDraw = False
974.4089 	EXP 	line_1: autoDraw = False
974.4089 	EXP 	line_2: autoDraw = False
974.4089 	EXP 	line_3: autoDraw = False
974.4089 	EXP 	line_4: autoDraw = False
974.4089 	EXP 	probe_2: autoDraw = False
974.4089 	EXP 	fixation_2: autoDraw = True
974.5272 	EXP 	Device response: <KeyPress from None: t=974.3906813999929, value=x, duration=0.1272813999967184>
975.4095 	EXP 	fixation_2: autoDraw = False
975.4095 	EXP 	line_1: autoDraw = True
975.4095 	EXP 	line_2: autoDraw = True
975.4095 	EXP 	line_3: autoDraw = True
975.4095 	EXP 	line_4: autoDraw = True
976.3925 	INFO 	Keyboard events cleared
976.3923 	EXP 	probe_2: autoDraw = True
977.5933 	EXP 	Device response: <KeyPress from None: t=977.5794523000077, value=c, duration=None>
977.5936 	EXP 	New trial (rep=39, index=155): <Trial 155 (155 in rep 39) data={'pos': np.int64(-50), 'corr_resp': 'x', 'thisN': 155, 'thisTrialN': 155, 'thisRepN': 39}>
977.5950 	DATA 	Keypress: c
977.6094 	EXP 	fixation_2: autoDraw = False
977.6094 	EXP 	line_1: autoDraw = False
977.6094 	EXP 	line_2: autoDraw = False
977.6094 	EXP 	line_3: autoDraw = False
977.6094 	EXP 	line_4: autoDraw = False
977.6094 	EXP 	probe_2: autoDraw = False
977.6094 	EXP 	fixation_2: autoDraw = True
977.6939 	EXP 	Device response: <KeyPress from None: t=977.5794523000077, value=c, duration=0.10377919999882579>
978.5935 	EXP 	line_1: autoDraw = True
978.5935 	EXP 	line_2: autoDraw = True
978.5935 	EXP 	line_3: autoDraw = True
978.5935 	EXP 	line_4: autoDraw = True
978.6100 	EXP 	fixation_2: autoDraw = False
979.5926 	INFO 	Keyboard events cleared
979.5924 	EXP 	probe_2: autoDraw = True
980.5273 	EXP 	Device response: <KeyPress from None: t=980.5155707999947, value=x, duration=None>
980.5279 	EXP 	New trial (rep=40, index=156): <Trial 156 (156 in rep 40) data={'pos': np.int64(-50), 'corr_resp': 'x', 'thisN': 156, 'thisTrialN': 156, 'thisRepN': 40}>
980.5293 	DATA 	Keypress: x
980.5416 	EXP 	fixation_2: autoDraw = False
980.5416 	EXP 	line_1: autoDraw = False
980.5416 	EXP 	line_2: autoDraw = False
980.5416 	EXP 	line_3: autoDraw = False
980.5416 	EXP 	line_4: autoDraw = False
980.5416 	EXP 	probe_2: autoDraw = False
980.5416 	EXP 	fixation_2: autoDraw = True
980.6437 	EXP 	Device response: <KeyPress from None: t=980.5155707999947, value=x, duration=0.12066559999948367>
981.5265 	EXP 	line_1: autoDraw = True
981.5265 	EXP 	line_2: autoDraw = True
981.5265 	EXP 	line_3: autoDraw = True
981.5265 	EXP 	line_4: autoDraw = True
981.5436 	EXP 	fixation_2: autoDraw = False
982.5430 	INFO 	Keyboard events cleared
982.5428 	EXP 	probe_2: autoDraw = True
983.6089 	EXP 	Device response: <KeyPress from None: t=983.6072771000036, value=x, duration=None>
983.6094 	EXP 	New trial (rep=36, index=157): <Trial 157 (157 in rep 36) data={'pos': np.int64(50), 'corr_resp': 'c', 'thisN': 157, 'thisTrialN': 157, 'thisRepN': 36}>
983.6112 	DATA 	Keypress: x
983.6255 	EXP 	fixation_2: autoDraw = False
983.6255 	EXP 	line_1: autoDraw = False
983.6255 	EXP 	line_2: autoDraw = False
983.6255 	EXP 	line_3: autoDraw = False
983.6255 	EXP 	line_4: autoDraw = False
983.6255 	EXP 	probe_2: autoDraw = False
983.6255 	EXP 	fixation_2: autoDraw = True
983.7259 	EXP 	Device response: <KeyPress from None: t=983.6072771000036, value=x, duration=0.11689959999057464>
984.6090 	EXP 	line_1: autoDraw = True
984.6090 	EXP 	line_2: autoDraw = True
984.6090 	EXP 	line_3: autoDraw = True
984.6090 	EXP 	line_4: autoDraw = True
984.6271 	EXP 	fixation_2: autoDraw = False
985.6101 	INFO 	Keyboard events cleared
985.6099 	EXP 	probe_2: autoDraw = True
986.6441 	EXP 	Device response: <KeyPress from None: t=986.6400382999855, value=c, duration=None>
986.6445 	EXP 	New trial (rep=40, index=158): <Trial 158 (158 in rep 40) data={'pos': np.int64(150), 'corr_resp': 'v', 'thisN': 158, 'thisTrialN': 158, 'thisRepN': 40}>
986.6459 	DATA 	Keypress: c
986.6589 	EXP 	fixation_2: autoDraw = False
986.6589 	EXP 	line_1: autoDraw = False
986.6589 	EXP 	line_2: autoDraw = False
986.6589 	EXP 	line_3: autoDraw = False
986.6589 	EXP 	line_4: autoDraw = False
986.6589 	EXP 	probe_2: autoDraw = False
986.6589 	EXP 	fixation_2: autoDraw = True
986.7270 	EXP 	Device response: <KeyPress from None: t=986.6400382999855, value=c, duration=0.08023390002199449>
987.6427 	EXP 	line_1: autoDraw = True
987.6427 	EXP 	line_2: autoDraw = True
987.6427 	EXP 	line_3: autoDraw = True
987.6427 	EXP 	line_4: autoDraw = True
987.6600 	EXP 	fixation_2: autoDraw = False
988.6606 	INFO 	Keyboard events cleared
988.6604 	EXP 	probe_2: autoDraw = True
990.0104 	EXP 	Device response: <KeyPress from None: t=990.0014368999982, value=v, duration=None>
990.0108 	EXP 	New trial (rep=41, index=159): <Trial 159 (159 in rep 41) data={'pos': np.int64(150), 'corr_resp': 'v', 'thisN': 159, 'thisTrialN': 159, 'thisRepN': 41}>
990.0122 	DATA 	Keypress: v
990.0249 	EXP 	fixation_2: autoDraw = False
990.0249 	EXP 	line_1: autoDraw = False
990.0249 	EXP 	line_2: autoDraw = False
990.0249 	EXP 	line_3: autoDraw = False
990.0249 	EXP 	line_4: autoDraw = False
990.0249 	EXP 	probe_2: autoDraw = False
990.0249 	EXP 	fixation_2: autoDraw = True
990.1101 	EXP 	Device response: <KeyPress from None: t=990.0014368999982, value=v, duration=0.09462329998495989>
991.0267 	EXP 	fixation_2: autoDraw = False
991.0267 	EXP 	line_1: autoDraw = True
991.0267 	EXP 	line_2: autoDraw = True
991.0267 	EXP 	line_3: autoDraw = True
991.0267 	EXP 	line_4: autoDraw = True
992.0103 	INFO 	Keyboard events cleared
992.0101 	EXP 	probe_2: autoDraw = True
993.0793 	DATA 	Keypress: v
993.0929 	EXP 	Device response: <KeyPress from None: t=993.0787030000065, value=v, duration=None>
993.0932 	EXP 	New trial (rep=42, index=160): <Trial 160 (160 in rep 42) data={'pos': np.int64(150), 'corr_resp': 'v', 'thisN': 160, 'thisTrialN': 160, 'thisRepN': 42}>
993.1098 	EXP 	fixation_2: autoDraw = False
993.1098 	EXP 	line_1: autoDraw = False
993.1098 	EXP 	line_2: autoDraw = False
993.1098 	EXP 	line_3: autoDraw = False
993.1098 	EXP 	line_4: autoDraw = False
993.1098 	EXP 	probe_2: autoDraw = False
993.1098 	EXP 	fixation_2: autoDraw = True
993.1763 	EXP 	Device response: <KeyPress from None: t=993.0787030000065, value=v, duration=0.0919438999844715>
994.0935 	EXP 	line_1: autoDraw = True
994.0935 	EXP 	line_2: autoDraw = True
994.0935 	EXP 	line_3: autoDraw = True
994.0935 	EXP 	line_4: autoDraw = True
994.1104 	EXP 	fixation_2: autoDraw = False
995.0936 	INFO 	Keyboard events cleared
995.0933 	EXP 	probe_2: autoDraw = True
996.2271 	EXP 	Device response: <KeyPress from None: t=996.2210446000099, value=v, duration=None>
996.2277 	EXP 	New trial (rep=43, index=161): <Trial 161 (161 in rep 43) data={'pos': np.int64(150), 'corr_resp': 'v', 'thisN': 161, 'thisTrialN': 161, 'thisRepN': 43}>
996.2292 	DATA 	Keypress: v
996.2423 	EXP 	fixation_2: autoDraw = False
996.2423 	EXP 	line_1: autoDraw = False
996.2423 	EXP 	line_2: autoDraw = False
996.2423 	EXP 	line_3: autoDraw = False
996.2423 	EXP 	line_4: autoDraw = False
996.2423 	EXP 	probe_2: autoDraw = False
996.2423 	EXP 	fixation_2: autoDraw = True
996.2924 	EXP 	Device response: <KeyPress from None: t=996.2210446000099, value=v, duration=0.06592119997367263>
997.2268 	EXP 	line_1: autoDraw = True
997.2268 	EXP 	line_2: autoDraw = True
997.2268 	EXP 	line_3: autoDraw = True
997.2268 	EXP 	line_4: autoDraw = True
997.2435 	EXP 	fixation_2: autoDraw = False
998.2270 	INFO 	Keyboard events cleared
998.2268 	EXP 	probe_2: autoDraw = True
999.4260 	EXP 	Device response: <KeyPress from None: t=999.4206885999884, value=v, duration=None>
999.4263 	EXP 	New trial (rep=37, index=162): <Trial 162 (162 in rep 37) data={'pos': np.int64(50), 'corr_resp': 'c', 'thisN': 162, 'thisTrialN': 162, 'thisRepN': 37}>
999.4278 	DATA 	Keypress: v
999.4419 	EXP 	fixation_2: autoDraw = False
999.4419 	EXP 	line_1: autoDraw = False
999.4419 	EXP 	line_2: autoDraw = False
999.4419 	EXP 	line_3: autoDraw = False
999.4419 	EXP 	line_4: autoDraw = False
999.4419 	EXP 	probe_2: autoDraw = False
999.4419 	EXP 	fixation_2: autoDraw = True
999.5104 	EXP 	Device response: <KeyPress from None: t=999.4206885999884, value=v, duration=0.08170949999475852>
1000.4266 	EXP 	line_1: autoDraw = True
1000.4266 	EXP 	line_2: autoDraw = True
1000.4266 	EXP 	line_3: autoDraw = True
1000.4266 	EXP 	line_4: autoDraw = True
1000.4434 	EXP 	fixation_2: autoDraw = False
1001.4272 	INFO 	Keyboard events cleared
1001.4269 	EXP 	probe_2: autoDraw = True
1002.7767 	EXP 	Device response: <KeyPress from None: t=1002.7722515999922, value=c, duration=None>
1002.7771 	EXP 	New trial (rep=38, index=163): <Trial 163 (163 in rep 38) data={'pos': np.int64(50), 'corr_resp': 'c', 'thisN': 163, 'thisTrialN': 163, 'thisRepN': 38}>
1002.7785 	DATA 	Keypress: c
1002.7922 	EXP 	fixation_2: autoDraw = False
1002.7922 	EXP 	line_1: autoDraw = False
1002.7922 	EXP 	line_2: autoDraw = False
1002.7922 	EXP 	line_3: autoDraw = False
1002.7922 	EXP 	line_4: autoDraw = False
1002.7922 	EXP 	probe_2: autoDraw = False
1002.7922 	EXP 	fixation_2: autoDraw = True
1002.8596 	EXP 	Device response: <KeyPress from None: t=1002.7722515999922, value=c, duration=0.07632290001492947>
1003.7768 	EXP 	line_1: autoDraw = True
1003.7768 	EXP 	line_2: autoDraw = True
1003.7768 	EXP 	line_3: autoDraw = True
1003.7768 	EXP 	line_4: autoDraw = True
1003.7944 	EXP 	fixation_2: autoDraw = False
1004.7772 	INFO 	Keyboard events cleared
1004.7770 	EXP 	probe_2: autoDraw = True
1006.3599 	EXP 	Device response: <KeyPress from None: t=1006.3483724999824, value=c, duration=None>
1006.3603 	EXP 	New trial (rep=39, index=164): <Trial 164 (164 in rep 39) data={'pos': np.int64(50), 'corr_resp': 'c', 'thisN': 164, 'thisTrialN': 164, 'thisRepN': 39}>
1006.3616 	DATA 	Keypress: c
1006.3768 	EXP 	fixation_2: autoDraw = False
1006.3768 	EXP 	line_1: autoDraw = False
1006.3768 	EXP 	line_2: autoDraw = False
1006.3768 	EXP 	line_3: autoDraw = False
1006.3768 	EXP 	line_4: autoDraw = False
1006.3768 	EXP 	probe_2: autoDraw = False
1006.3768 	EXP 	fixation_2: autoDraw = True
1006.4276 	EXP 	Device response: <KeyPress from None: t=1006.3483724999824, value=c, duration=0.0663786000222899>
1007.3595 	EXP 	line_1: autoDraw = True
1007.3595 	EXP 	line_2: autoDraw = True
1007.3595 	EXP 	line_3: autoDraw = True
1007.3595 	EXP 	line_4: autoDraw = True
1007.3775 	EXP 	fixation_2: autoDraw = False
1008.3595 	INFO 	Keyboard events cleared
1008.3593 	EXP 	probe_2: autoDraw = True
1009.5434 	EXP 	Device response: <KeyPress from None: t=1009.5407201999915, value=c, duration=None>
1009.5437 	EXP 	New trial (rep=44, index=165): <Trial 165 (165 in rep 44) data={'pos': np.int64(150), 'corr_resp': 'v', 'thisN': 165, 'thisTrialN': 165, 'thisRepN': 44}>
1009.5451 	DATA 	Keypress: c
1009.5595 	EXP 	fixation_2: autoDraw = False
1009.5595 	EXP 	line_1: autoDraw = False
1009.5595 	EXP 	line_2: autoDraw = False
1009.5595 	EXP 	line_3: autoDraw = False
1009.5595 	EXP 	line_4: autoDraw = False
1009.5595 	EXP 	probe_2: autoDraw = False
1009.5595 	EXP 	fixation_2: autoDraw = True
1009.6428 	EXP 	Device response: <KeyPress from None: t=1009.5407201999915, value=c, duration=0.09170760001870804>
1010.5594 	EXP 	fixation_2: autoDraw = False
1010.5594 	EXP 	line_1: autoDraw = True
1010.5594 	EXP 	line_2: autoDraw = True
1010.5594 	EXP 	line_3: autoDraw = True
1010.5594 	EXP 	line_4: autoDraw = True
1011.5438 	INFO 	Keyboard events cleared
1011.5436 	EXP 	probe_2: autoDraw = True
1012.5460 	DATA 	Keypress: v
1012.5605 	EXP 	Device response: <KeyPress from None: t=1012.5442219999968, value=v, duration=None>
1012.5609 	EXP 	New trial (rep=41, index=166): <Trial 166 (166 in rep 41) data={'pos': np.int64(-50), 'corr_resp': 'x', 'thisN': 166, 'thisTrialN': 166, 'thisRepN': 41}>
1012.5767 	EXP 	fixation_2: autoDraw = False
1012.5767 	EXP 	line_1: autoDraw = False
1012.5767 	EXP 	line_2: autoDraw = False
1012.5767 	EXP 	line_3: autoDraw = False
1012.5767 	EXP 	line_4: autoDraw = False
1012.5767 	EXP 	probe_2: autoDraw = False
1012.5767 	EXP 	fixation_2: autoDraw = True
1012.6432 	EXP 	Device response: <KeyPress from None: t=1012.5442219999968, value=v, duration=0.08538169998792>
1013.5608 	EXP 	line_1: autoDraw = True
1013.5608 	EXP 	line_2: autoDraw = True
1013.5608 	EXP 	line_3: autoDraw = True
1013.5608 	EXP 	line_4: autoDraw = True
1013.5765 	EXP 	fixation_2: autoDraw = False
1014.5608 	INFO 	Keyboard events cleared
1014.5606 	EXP 	probe_2: autoDraw = True
1015.5786 	DATA 	Keypress: x
1015.5934 	EXP 	Device response: <KeyPress from None: t=1015.5769041999883, value=x, duration=None>
1015.5937 	EXP 	New trial (rep=40, index=167): <Trial 167 (167 in rep 40) data={'pos': np.int64(50), 'corr_resp': 'c', 'thisN': 167, 'thisTrialN': 167, 'thisRepN': 40}>
1015.6100 	EXP 	fixation_2: autoDraw = False
1015.6100 	EXP 	line_1: autoDraw = False
1015.6100 	EXP 	line_2: autoDraw = False
1015.6100 	EXP 	line_3: autoDraw = False
1015.6100 	EXP 	line_4: autoDraw = False
1015.6100 	EXP 	probe_2: autoDraw = False
1015.6100 	EXP 	fixation_2: autoDraw = True
1015.6781 	EXP 	Device response: <KeyPress from None: t=1015.5769041999883, value=x, duration=0.09010970001691021>
1016.5930 	EXP 	line_1: autoDraw = True
1016.5930 	EXP 	line_2: autoDraw = True
1016.5930 	EXP 	line_3: autoDraw = True
1016.5930 	EXP 	line_4: autoDraw = True
1016.6103 	EXP 	fixation_2: autoDraw = False
1017.5941 	INFO 	Keyboard events cleared
1017.5939 	EXP 	probe_2: autoDraw = True
1020.0595 	EXP 	Device response: <KeyPress from None: t=1020.0550486999855, value=c, duration=None>
1020.0598 	EXP 	New trial (rep=45, index=168): <Trial 168 (168 in rep 45) data={'pos': np.int64(150), 'corr_resp': 'v', 'thisN': 168, 'thisTrialN': 168, 'thisRepN': 45}>
1020.0612 	DATA 	Keypress: c
1020.0761 	EXP 	fixation_2: autoDraw = False
1020.0761 	EXP 	line_1: autoDraw = False
1020.0761 	EXP 	line_2: autoDraw = False
1020.0761 	EXP 	line_3: autoDraw = False
1020.0761 	EXP 	line_4: autoDraw = False
1020.0761 	EXP 	probe_2: autoDraw = False
1020.0761 	EXP 	fixation_2: autoDraw = True
1020.1275 	EXP 	Device response: <KeyPress from None: t=1020.0550486999855, value=c, duration=0.0651382000069134>
1021.0594 	EXP 	line_1: autoDraw = True
1021.0594 	EXP 	line_2: autoDraw = True
1021.0594 	EXP 	line_3: autoDraw = True
1021.0594 	EXP 	line_4: autoDraw = True
1021.0773 	EXP 	fixation_2: autoDraw = False
1022.0605 	INFO 	Keyboard events cleared
1022.0603 	EXP 	probe_2: autoDraw = True
1023.6106 	EXP 	Device response: <KeyPress from None: t=1023.6049400999909, value=v, duration=None>
1023.6110 	EXP 	New trial (rep=40, index=169): <Trial 169 (169 in rep 40) data={'pos': np.int64(-150), 'corr_resp': 'z', 'thisN': 169, 'thisTrialN': 169, 'thisRepN': 40}>
1023.6128 	DATA 	Keypress: v
1023.6257 	EXP 	fixation_2: autoDraw = False
1023.6257 	EXP 	line_1: autoDraw = False
1023.6257 	EXP 	line_2: autoDraw = False
1023.6257 	EXP 	line_3: autoDraw = False
1023.6257 	EXP 	line_4: autoDraw = False
1023.6257 	EXP 	probe_2: autoDraw = False
1023.6257 	EXP 	fixation_2: autoDraw = True
1023.6943 	EXP 	Device response: <KeyPress from None: t=1023.6049400999909, value=v, duration=0.07760390001931228>
1024.6088 	EXP 	line_1: autoDraw = True
1024.6088 	EXP 	line_2: autoDraw = True
1024.6088 	EXP 	line_3: autoDraw = True
1024.6088 	EXP 	line_4: autoDraw = True
1024.6255 	EXP 	fixation_2: autoDraw = False
1025.6100 	INFO 	Keyboard events cleared
1025.6098 	EXP 	probe_2: autoDraw = True
1026.6102 	EXP 	Device response: <KeyPress from None: t=1026.5995612999832, value=z, duration=None>
1026.6107 	EXP 	New trial (rep=42, index=170): <Trial 170 (170 in rep 42) data={'pos': np.int64(-50), 'corr_resp': 'x', 'thisN': 170, 'thisTrialN': 170, 'thisRepN': 42}>
1026.6121 	DATA 	Keypress: z
1026.6262 	EXP 	fixation_2: autoDraw = False
1026.6262 	EXP 	line_1: autoDraw = False
1026.6262 	EXP 	line_2: autoDraw = False
1026.6262 	EXP 	line_3: autoDraw = False
1026.6262 	EXP 	line_4: autoDraw = False
1026.6262 	EXP 	probe_2: autoDraw = False
1026.6262 	EXP 	fixation_2: autoDraw = True
1026.6936 	EXP 	Device response: <KeyPress from None: t=1026.5995612999832, value=z, duration=0.08075500000268221>
1027.6107 	EXP 	line_1: autoDraw = True
1027.6107 	EXP 	line_2: autoDraw = True
1027.6107 	EXP 	line_3: autoDraw = True
1027.6107 	EXP 	line_4: autoDraw = True
1027.6260 	EXP 	fixation_2: autoDraw = False
1028.6109 	INFO 	Keyboard events cleared
1028.6107 	EXP 	probe_2: autoDraw = True
1029.8793 	DATA 	Keypress: x
1029.8928 	EXP 	Device response: <KeyPress from None: t=1029.8775068999967, value=x, duration=None>
1029.8931 	EXP 	New trial (rep=41, index=171): <Trial 171 (171 in rep 41) data={'pos': np.int64(-150), 'corr_resp': 'z', 'thisN': 171, 'thisTrialN': 171, 'thisRepN': 41}>
1029.9102 	EXP 	fixation_2: autoDraw = False
1029.9102 	EXP 	line_1: autoDraw = False
1029.9102 	EXP 	line_2: autoDraw = False
1029.9102 	EXP 	line_3: autoDraw = False
1029.9102 	EXP 	line_4: autoDraw = False
1029.9102 	EXP 	probe_2: autoDraw = False
1029.9102 	EXP 	fixation_2: autoDraw = True
1029.9779 	EXP 	Device response: <KeyPress from None: t=1029.8775068999967, value=x, duration=0.09632770001189783>
1030.8940 	EXP 	line_1: autoDraw = True
1030.8940 	EXP 	line_2: autoDraw = True
1030.8940 	EXP 	line_3: autoDraw = True
1030.8940 	EXP 	line_4: autoDraw = True
1030.9097 	EXP 	fixation_2: autoDraw = False
1031.8939 	INFO 	Keyboard events cleared
1031.8937 	EXP 	probe_2: autoDraw = True
1033.2430 	EXP 	Device response: <KeyPress from None: t=1033.2368137000012, value=z, duration=None>
1033.2435 	EXP 	New trial (rep=43, index=172): <Trial 172 (172 in rep 43) data={'pos': np.int64(-50), 'corr_resp': 'x', 'thisN': 172, 'thisTrialN': 172, 'thisRepN': 43}>
1033.2448 	DATA 	Keypress: z
1033.2601 	EXP 	fixation_2: autoDraw = False
1033.2601 	EXP 	line_1: autoDraw = False
1033.2601 	EXP 	line_2: autoDraw = False
1033.2601 	EXP 	line_3: autoDraw = False
1033.2601 	EXP 	line_4: autoDraw = False
1033.2601 	EXP 	probe_2: autoDraw = False
1033.2601 	EXP 	fixation_2: autoDraw = True
1033.3264 	EXP 	Device response: <KeyPress from None: t=1033.2368137000012, value=z, duration=0.0817211999965366>
1034.2440 	EXP 	line_1: autoDraw = True
1034.2440 	EXP 	line_2: autoDraw = True
1034.2440 	EXP 	line_3: autoDraw = True
1034.2440 	EXP 	line_4: autoDraw = True
1034.2603 	EXP 	fixation_2: autoDraw = False
1035.2441 	INFO 	Keyboard events cleared
1035.2439 	EXP 	probe_2: autoDraw = True
1037.0439 	EXP 	Device response: <KeyPress from None: t=1037.0405786999909, value=x, duration=None>
1037.0443 	EXP 	New trial (rep=46, index=173): <Trial 173 (173 in rep 46) data={'pos': np.int64(150), 'corr_resp': 'v', 'thisN': 173, 'thisTrialN': 173, 'thisRepN': 46}>
1037.0456 	DATA 	Keypress: x
1037.0592 	EXP 	fixation_2: autoDraw = False
1037.0592 	EXP 	line_1: autoDraw = False
1037.0592 	EXP 	line_2: autoDraw = False
1037.0592 	EXP 	line_3: autoDraw = False
1037.0592 	EXP 	line_4: autoDraw = False
1037.0592 	EXP 	probe_2: autoDraw = False
1037.0592 	EXP 	fixation_2: autoDraw = True
1037.1278 	EXP 	Device response: <KeyPress from None: t=1037.0405786999909, value=x, duration=0.08071159999235533>
1038.0436 	EXP 	line_1: autoDraw = True
1038.0436 	EXP 	line_2: autoDraw = True
1038.0436 	EXP 	line_3: autoDraw = True
1038.0436 	EXP 	line_4: autoDraw = True
1038.0607 	EXP 	fixation_2: autoDraw = False
1039.0440 	INFO 	Keyboard events cleared
1039.0438 	EXP 	probe_2: autoDraw = True
1040.2115 	EXP 	Device response: <KeyPress from None: t=1040.1980822999903, value=v, duration=None>
1040.2119 	EXP 	New trial (rep=41, index=174): <Trial 174 (174 in rep 41) data={'pos': np.int64(50), 'corr_resp': 'c', 'thisN': 174, 'thisTrialN': 174, 'thisRepN': 41}>
1040.2134 	DATA 	Keypress: v
1040.2257 	EXP 	fixation_2: autoDraw = False
1040.2257 	EXP 	line_1: autoDraw = False
1040.2257 	EXP 	line_2: autoDraw = False
1040.2257 	EXP 	line_3: autoDraw = False
1040.2257 	EXP 	line_4: autoDraw = False
1040.2257 	EXP 	probe_2: autoDraw = False
1040.2257 	EXP 	fixation_2: autoDraw = True
1040.2776 	EXP 	Device response: <KeyPress from None: t=1040.1980822999903, value=v, duration=0.0767937000200618>
1041.2277 	EXP 	fixation_2: autoDraw = False
1041.2277 	EXP 	line_1: autoDraw = True
1041.2277 	EXP 	line_2: autoDraw = True
1041.2277 	EXP 	line_3: autoDraw = True
1041.2277 	EXP 	line_4: autoDraw = True
1042.2278 	INFO 	Keyboard events cleared
1042.2276 	EXP 	probe_2: autoDraw = True
1043.7780 	EXP 	Device response: <KeyPress from None: t=1043.7694341999886, value=c, duration=None>
1043.7786 	EXP 	New trial (rep=42, index=175): <Trial 175 (175 in rep 42) data={'pos': np.int64(50), 'corr_resp': 'c', 'thisN': 175, 'thisTrialN': 175, 'thisRepN': 42}>
1043.7800 	DATA 	Keypress: c
1043.7932 	EXP 	fixation_2: autoDraw = False
1043.7932 	EXP 	line_1: autoDraw = False
1043.7932 	EXP 	line_2: autoDraw = False
1043.7932 	EXP 	line_3: autoDraw = False
1043.7932 	EXP 	line_4: autoDraw = False
1043.7932 	EXP 	probe_2: autoDraw = False
1043.7932 	EXP 	fixation_2: autoDraw = True
1043.8442 	EXP 	Device response: <KeyPress from None: t=1043.7694341999886, value=c, duration=0.07160409999778494>
1044.7935 	EXP 	fixation_2: autoDraw = False
1044.7935 	EXP 	line_1: autoDraw = True
1044.7935 	EXP 	line_2: autoDraw = True
1044.7935 	EXP 	line_3: autoDraw = True
1044.7935 	EXP 	line_4: autoDraw = True
1045.7779 	INFO 	Keyboard events cleared
1045.7777 	EXP 	probe_2: autoDraw = True
1046.6605 	EXP 	Device response: <KeyPress from None: t=1046.6492025000043, value=c, duration=None>
1046.6608 	EXP 	New trial (rep=44, index=176): <Trial 176 (176 in rep 44) data={'pos': np.int64(-50), 'corr_resp': 'x', 'thisN': 176, 'thisTrialN': 176, 'thisRepN': 44}>
1046.6623 	DATA 	Keypress: c
1046.6758 	EXP 	fixation_2: autoDraw = False
1046.6758 	EXP 	line_1: autoDraw = False
1046.6758 	EXP 	line_2: autoDraw = False
1046.6758 	EXP 	line_3: autoDraw = False
1046.6758 	EXP 	line_4: autoDraw = False
1046.6758 	EXP 	probe_2: autoDraw = False
1046.6758 	EXP 	fixation_2: autoDraw = True
1046.7283 	EXP 	Device response: <KeyPress from None: t=1046.6492025000043, value=c, duration=0.0693944999948144>
1047.6603 	EXP 	line_1: autoDraw = True
1047.6603 	EXP 	line_2: autoDraw = True
1047.6603 	EXP 	line_3: autoDraw = True
1047.6603 	EXP 	line_4: autoDraw = True
1047.6776 	EXP 	fixation_2: autoDraw = False
1048.6603 	INFO 	Keyboard events cleared
1048.6601 	EXP 	probe_2: autoDraw = True
1049.7769 	EXP 	Device response: <KeyPress from None: t=1049.7660277000105, value=x, duration=None>
1049.7773 	EXP 	New trial (rep=42, index=177): <Trial 177 (177 in rep 42) data={'pos': np.int64(-150), 'corr_resp': 'z', 'thisN': 177, 'thisTrialN': 177, 'thisRepN': 42}>
1049.7787 	DATA 	Keypress: x
1049.7930 	EXP 	fixation_2: autoDraw = False
1049.7930 	EXP 	line_1: autoDraw = False
1049.7930 	EXP 	line_2: autoDraw = False
1049.7930 	EXP 	line_3: autoDraw = False
1049.7930 	EXP 	line_4: autoDraw = False
1049.7930 	EXP 	probe_2: autoDraw = False
1049.7930 	EXP 	fixation_2: autoDraw = True
1049.8438 	EXP 	Device response: <KeyPress from None: t=1049.7660277000105, value=x, duration=0.0676126999896951>
1050.7770 	EXP 	line_1: autoDraw = True
1050.7770 	EXP 	line_2: autoDraw = True
1050.7770 	EXP 	line_3: autoDraw = True
1050.7770 	EXP 	line_4: autoDraw = True
1050.7940 	EXP 	fixation_2: autoDraw = False
1051.7776 	INFO 	Keyboard events cleared
1051.7774 	EXP 	probe_2: autoDraw = True
1053.4947 	EXP 	Device response: <KeyPress from None: t=1053.4876528999885, value=z, duration=None>
1053.4951 	EXP 	New trial (rep=43, index=178): <Trial 178 (178 in rep 43) data={'pos': np.int64(-150), 'corr_resp': 'z', 'thisN': 178, 'thisTrialN': 178, 'thisRepN': 43}>
1053.4965 	DATA 	Keypress: z
1053.5091 	EXP 	fixation_2: autoDraw = False
1053.5091 	EXP 	line_1: autoDraw = False
1053.5091 	EXP 	line_2: autoDraw = False
1053.5091 	EXP 	line_3: autoDraw = False
1053.5091 	EXP 	line_4: autoDraw = False
1053.5091 	EXP 	probe_2: autoDraw = False
1053.5091 	EXP 	fixation_2: autoDraw = True
1053.5939 	EXP 	Device response: <KeyPress from None: t=1053.4876528999885, value=z, duration=0.09108640000340529>
1054.4943 	EXP 	line_1: autoDraw = True
1054.4943 	EXP 	line_2: autoDraw = True
1054.4943 	EXP 	line_3: autoDraw = True
1054.4943 	EXP 	line_4: autoDraw = True
1054.5112 	EXP 	fixation_2: autoDraw = False
1055.5112 	INFO 	Keyboard events cleared
1055.5109 	EXP 	probe_2: autoDraw = True
1056.6777 	EXP 	Device response: <KeyPress from None: t=1056.6723401999916, value=z, duration=None>
1056.6780 	EXP 	New trial (rep=43, index=179): <Trial 179 (179 in rep 43) data={'pos': np.int64(50), 'corr_resp': 'c', 'thisN': 179, 'thisTrialN': 179, 'thisRepN': 43}>
1056.6794 	DATA 	Keypress: z
1056.6926 	EXP 	fixation_2: autoDraw = False
1056.6926 	EXP 	line_1: autoDraw = False
1056.6926 	EXP 	line_2: autoDraw = False
1056.6926 	EXP 	line_3: autoDraw = False
1056.6926 	EXP 	line_4: autoDraw = False
1056.6926 	EXP 	probe_2: autoDraw = False
1056.6926 	EXP 	fixation_2: autoDraw = True
1056.7772 	EXP 	Device response: <KeyPress from None: t=1056.6723401999916, value=z, duration=0.08746800001244992>
1057.6771 	EXP 	line_1: autoDraw = True
1057.6771 	EXP 	line_2: autoDraw = True
1057.6771 	EXP 	line_3: autoDraw = True
1057.6771 	EXP 	line_4: autoDraw = True
1057.6941 	EXP 	fixation_2: autoDraw = False
1058.6932 	INFO 	Keyboard events cleared
1058.6930 	EXP 	probe_2: autoDraw = True
1059.9448 	EXP 	Device response: <KeyPress from None: t=1059.9413569000026, value=c, duration=None>
1059.9452 	EXP 	New trial (rep=45, index=180): <Trial 180 (180 in rep 45) data={'pos': np.int64(-50), 'corr_resp': 'x', 'thisN': 180, 'thisTrialN': 180, 'thisRepN': 45}>
1059.9469 	DATA 	Keypress: c
1059.9611 	EXP 	fixation_2: autoDraw = False
1059.9611 	EXP 	line_1: autoDraw = False
1059.9611 	EXP 	line_2: autoDraw = False
1059.9611 	EXP 	line_3: autoDraw = False
1059.9611 	EXP 	line_4: autoDraw = False
1059.9611 	EXP 	probe_2: autoDraw = False
1059.9611 	EXP 	fixation_2: autoDraw = True
1060.0278 	EXP 	Device response: <KeyPress from None: t=1059.9413569000026, value=c, duration=0.08112940000137314>
1060.9611 	EXP 	fixation_2: autoDraw = False
1060.9611 	EXP 	line_1: autoDraw = True
1060.9611 	EXP 	line_2: autoDraw = True
1060.9611 	EXP 	line_3: autoDraw = True
1060.9611 	EXP 	line_4: autoDraw = True
1061.9448 	INFO 	Keyboard events cleared
1061.9446 	EXP 	probe_2: autoDraw = True
1063.2110 	EXP 	Device response: <KeyPress from None: t=1063.206543200009, value=x, duration=None>
1063.2115 	EXP 	New trial (rep=44, index=181): <Trial 181 (181 in rep 44) data={'pos': np.int64(50), 'corr_resp': 'c', 'thisN': 181, 'thisTrialN': 181, 'thisRepN': 44}>
1063.2133 	DATA 	Keypress: x
1063.2268 	EXP 	fixation_2: autoDraw = False
1063.2268 	EXP 	line_1: autoDraw = False
1063.2268 	EXP 	line_2: autoDraw = False
1063.2268 	EXP 	line_3: autoDraw = False
1063.2268 	EXP 	line_4: autoDraw = False
1063.2268 	EXP 	probe_2: autoDraw = False
1063.2268 	EXP 	fixation_2: autoDraw = True
1063.2941 	EXP 	Device response: <KeyPress from None: t=1063.206543200009, value=x, duration=0.07571199999074452>
1064.2274 	EXP 	fixation_2: autoDraw = False
1064.2274 	EXP 	line_1: autoDraw = True
1064.2274 	EXP 	line_2: autoDraw = True
1064.2274 	EXP 	line_3: autoDraw = True
1064.2274 	EXP 	line_4: autoDraw = True
1065.2276 	INFO 	Keyboard events cleared
1065.2274 	EXP 	probe_2: autoDraw = True
1066.2619 	EXP 	Device response: <KeyPress from None: t=1066.248839100008, value=c, duration=None>
1066.2624 	EXP 	New trial (rep=44, index=182): <Trial 182 (182 in rep 44) data={'pos': np.int64(-150), 'corr_resp': 'z', 'thisN': 182, 'thisTrialN': 182, 'thisRepN': 44}>
1066.2640 	DATA 	Keypress: c
1066.2767 	EXP 	fixation_2: autoDraw = False
1066.2767 	EXP 	line_1: autoDraw = False
1066.2767 	EXP 	line_2: autoDraw = False
1066.2767 	EXP 	line_3: autoDraw = False
1066.2767 	EXP 	line_4: autoDraw = False
1066.2767 	EXP 	probe_2: autoDraw = False
1066.2767 	EXP 	fixation_2: autoDraw = True
1066.3441 	EXP 	Device response: <KeyPress from None: t=1066.248839100008, value=c, duration=0.08068709998042323>
1067.2779 	EXP 	fixation_2: autoDraw = False
1067.2779 	EXP 	line_1: autoDraw = True
1067.2779 	EXP 	line_2: autoDraw = True
1067.2779 	EXP 	line_3: autoDraw = True
1067.2779 	EXP 	line_4: autoDraw = True
1068.2618 	INFO 	Keyboard events cleared
1068.2615 	EXP 	probe_2: autoDraw = True
1069.2135 	DATA 	Keypress: z
1069.2289 	EXP 	Device response: <KeyPress from None: t=1069.212526599993, value=z, duration=None>
1069.2294 	EXP 	New trial (rep=45, index=183): <Trial 183 (183 in rep 45) data={'pos': np.int64(50), 'corr_resp': 'c', 'thisN': 183, 'thisTrialN': 183, 'thisRepN': 45}>
1069.2429 	EXP 	fixation_2: autoDraw = False
1069.2429 	EXP 	line_1: autoDraw = False
1069.2429 	EXP 	line_2: autoDraw = False
1069.2429 	EXP 	line_3: autoDraw = False
1069.2429 	EXP 	line_4: autoDraw = False
1069.2429 	EXP 	probe_2: autoDraw = False
1069.2429 	EXP 	fixation_2: autoDraw = True
1069.2774 	EXP 	Device response: <KeyPress from None: t=1069.212526599993, value=z, duration=0.05683240000507794>
1070.2443 	EXP 	fixation_2: autoDraw = False
1070.2443 	EXP 	line_1: autoDraw = True
1070.2443 	EXP 	line_2: autoDraw = True
1070.2443 	EXP 	line_3: autoDraw = True
1070.2443 	EXP 	line_4: autoDraw = True
1071.2449 	INFO 	Keyboard events cleared
1071.2447 	EXP 	probe_2: autoDraw = True
1072.9442 	EXP 	Device response: <KeyPress from None: t=1072.939697099995, value=c, duration=None>
1072.9446 	EXP 	New trial (rep=46, index=184): <Trial 184 (184 in rep 46) data={'pos': np.int64(50), 'corr_resp': 'c', 'thisN': 184, 'thisTrialN': 184, 'thisRepN': 46}>
1072.9460 	DATA 	Keypress: c
1072.9600 	EXP 	fixation_2: autoDraw = False
1072.9600 	EXP 	line_1: autoDraw = False
1072.9600 	EXP 	line_2: autoDraw = False
1072.9600 	EXP 	line_3: autoDraw = False
1072.9600 	EXP 	line_4: autoDraw = False
1072.9600 	EXP 	probe_2: autoDraw = False
1072.9600 	EXP 	fixation_2: autoDraw = True
1073.0113 	EXP 	Device response: <KeyPress from None: t=1072.939697099995, value=c, duration=0.056592300010379404>
1073.9452 	EXP 	line_1: autoDraw = True
1073.9452 	EXP 	line_2: autoDraw = True
1073.9452 	EXP 	line_3: autoDraw = True
1073.9452 	EXP 	line_4: autoDraw = True
1073.9616 	EXP 	fixation_2: autoDraw = False
1074.9448 	INFO 	Keyboard events cleared
1074.9446 	EXP 	probe_2: autoDraw = True
1076.4788 	EXP 	Device response: <KeyPress from None: t=1076.4704375999863, value=c, duration=None>
1076.4792 	EXP 	New trial (rep=46, index=185): <Trial 185 (185 in rep 46) data={'pos': np.int64(-50), 'corr_resp': 'x', 'thisN': 185, 'thisTrialN': 185, 'thisRepN': 46}>
1076.4807 	DATA 	Keypress: c
1076.4936 	EXP 	fixation_2: autoDraw = False
1076.4936 	EXP 	line_1: autoDraw = False
1076.4936 	EXP 	line_2: autoDraw = False
1076.4936 	EXP 	line_3: autoDraw = False
1076.4936 	EXP 	line_4: autoDraw = False
1076.4936 	EXP 	probe_2: autoDraw = False
1076.4936 	EXP 	fixation_2: autoDraw = True
1076.5776 	EXP 	Device response: <KeyPress from None: t=1076.4704375999863, value=c, duration=0.09521339999628253>
1077.4777 	EXP 	line_1: autoDraw = True
1077.4777 	EXP 	line_2: autoDraw = True
1077.4777 	EXP 	line_3: autoDraw = True
1077.4777 	EXP 	line_4: autoDraw = True
1077.4948 	EXP 	fixation_2: autoDraw = False
1078.4782 	INFO 	Keyboard events cleared
1078.4780 	EXP 	probe_2: autoDraw = True
1079.9947 	EXP 	Device response: <KeyPress from None: t=1079.9913570999925, value=x, duration=None>
1079.9951 	EXP 	New trial (rep=47, index=186): <Trial 186 (186 in rep 47) data={'pos': np.int64(150), 'corr_resp': 'v', 'thisN': 186, 'thisTrialN': 186, 'thisRepN': 47}>
1079.9969 	DATA 	Keypress: x
1080.0094 	EXP 	fixation_2: autoDraw = False
1080.0094 	EXP 	line_1: autoDraw = False
1080.0094 	EXP 	line_2: autoDraw = False
1080.0094 	EXP 	line_3: autoDraw = False
1080.0094 	EXP 	line_4: autoDraw = False
1080.0094 	EXP 	probe_2: autoDraw = False
1080.0094 	EXP 	fixation_2: autoDraw = True
1080.0789 	EXP 	Device response: <KeyPress from None: t=1079.9913570999925, value=x, duration=0.08523240001522936>
1080.9940 	EXP 	line_1: autoDraw = True
1080.9940 	EXP 	line_2: autoDraw = True
1080.9940 	EXP 	line_3: autoDraw = True
1080.9940 	EXP 	line_4: autoDraw = True
1081.0099 	EXP 	fixation_2: autoDraw = False
1081.9949 	INFO 	Keyboard events cleared
1081.9947 	EXP 	probe_2: autoDraw = True
1083.7619 	EXP 	Device response: <KeyPress from None: t=1083.7527693999873, value=v, duration=None>
1083.7623 	EXP 	New trial (rep=48, index=187): <Trial 187 (187 in rep 48) data={'pos': np.int64(150), 'corr_resp': 'v', 'thisN': 187, 'thisTrialN': 187, 'thisRepN': 48}>
1083.7636 	DATA 	Keypress: v
1083.7768 	EXP 	fixation_2: autoDraw = False
1083.7768 	EXP 	line_1: autoDraw = False
1083.7768 	EXP 	line_2: autoDraw = False
1083.7768 	EXP 	line_3: autoDraw = False
1083.7768 	EXP 	line_4: autoDraw = False
1083.7768 	EXP 	probe_2: autoDraw = False
1083.7768 	EXP 	fixation_2: autoDraw = True
1083.8456 	EXP 	Device response: <KeyPress from None: t=1083.7527693999873, value=v, duration=0.09134760001325049>
1084.7785 	EXP 	fixation_2: autoDraw = False
1084.7785 	EXP 	line_1: autoDraw = True
1084.7785 	EXP 	line_2: autoDraw = True
1084.7785 	EXP 	line_3: autoDraw = True
1084.7785 	EXP 	line_4: autoDraw = True
1085.7613 	INFO 	Keyboard events cleared
1085.7610 	EXP 	probe_2: autoDraw = True
1086.9292 	DATA 	Keypress: v
1086.9438 	EXP 	Device response: <KeyPress from None: t=1086.92806440001, value=v, duration=None>
1086.9442 	EXP 	New trial (rep=47, index=188): <Trial 188 (188 in rep 47) data={'pos': np.int64(-50), 'corr_resp': 'x', 'thisN': 188, 'thisTrialN': 188, 'thisRepN': 47}>
1086.9615 	EXP 	fixation_2: autoDraw = False
1086.9615 	EXP 	line_1: autoDraw = False
1086.9615 	EXP 	line_2: autoDraw = False
1086.9615 	EXP 	line_3: autoDraw = False
1086.9615 	EXP 	line_4: autoDraw = False
1086.9615 	EXP 	probe_2: autoDraw = False
1086.9615 	EXP 	fixation_2: autoDraw = True
1087.0119 	EXP 	Device response: <KeyPress from None: t=1086.92806440001, value=v, duration=0.07177949999459088>
1087.9445 	EXP 	line_1: autoDraw = True
1087.9445 	EXP 	line_2: autoDraw = True
1087.9445 	EXP 	line_3: autoDraw = True
1087.9445 	EXP 	line_4: autoDraw = True
1087.9617 	EXP 	fixation_2: autoDraw = False
1088.9428 	INFO 	Keyboard events cleared
1088.9426 	EXP 	probe_2: autoDraw = True
1090.7455 	EXP 	Device response: <KeyPress from None: t=1090.7355415000056, value=x, duration=None>
1090.7459 	EXP 	New trial (rep=45, index=189): <Trial 189 (189 in rep 45) data={'pos': np.int64(-150), 'corr_resp': 'z', 'thisN': 189, 'thisTrialN': 189, 'thisRepN': 45}>
1090.7473 	DATA 	Keypress: x
1090.7606 	EXP 	fixation_2: autoDraw = False
1090.7606 	EXP 	line_1: autoDraw = False
1090.7606 	EXP 	line_2: autoDraw = False
1090.7606 	EXP 	line_3: autoDraw = False
1090.7606 	EXP 	line_4: autoDraw = False
1090.7606 	EXP 	probe_2: autoDraw = False
1090.7606 	EXP 	fixation_2: autoDraw = True
1090.8611 	EXP 	Device response: <KeyPress from None: t=1090.7355415000056, value=x, duration=0.12200760000268929>
1091.7609 	EXP 	fixation_2: autoDraw = False
1091.7609 	EXP 	line_1: autoDraw = True
1091.7609 	EXP 	line_2: autoDraw = True
1091.7609 	EXP 	line_3: autoDraw = True
1091.7609 	EXP 	line_4: autoDraw = True
1092.7454 	INFO 	Keyboard events cleared
1092.7452 	EXP 	probe_2: autoDraw = True
1093.6779 	EXP 	Device response: <KeyPress from None: t=1093.672680299991, value=z, duration=None>
1093.6783 	EXP 	New trial (rep=47, index=190): <Trial 190 (190 in rep 47) data={'pos': np.int64(50), 'corr_resp': 'c', 'thisN': 190, 'thisTrialN': 190, 'thisRepN': 47}>
1093.6797 	DATA 	Keypress: z
1093.6937 	EXP 	fixation_2: autoDraw = False
1093.6937 	EXP 	line_1: autoDraw = False
1093.6937 	EXP 	line_2: autoDraw = False
1093.6937 	EXP 	line_3: autoDraw = False
1093.6937 	EXP 	line_4: autoDraw = False
1093.6937 	EXP 	probe_2: autoDraw = False
1093.6937 	EXP 	fixation_2: autoDraw = True
1093.7788 	EXP 	Device response: <KeyPress from None: t=1093.672680299991, value=z, duration=0.09127960001933388>
1094.6781 	EXP 	line_1: autoDraw = True
1094.6781 	EXP 	line_2: autoDraw = True
1094.6781 	EXP 	line_3: autoDraw = True
1094.6781 	EXP 	line_4: autoDraw = True
1094.6947 	EXP 	fixation_2: autoDraw = False
1095.6786 	INFO 	Keyboard events cleared
1095.6784 	EXP 	probe_2: autoDraw = True
1096.5289 	EXP 	Device response: <KeyPress from None: t=1096.5278331000009, value=c, duration=None>
1096.5300 	DATA 	Keypress: c
1096.5452 	EXP 	New trial (rep=49, index=191): <Trial 191 (191 in rep 49) data={'pos': np.int64(150), 'corr_resp': 'v', 'thisN': 191, 'thisTrialN': 191, 'thisRepN': 49}>
1096.5611 	EXP 	fixation_2: autoDraw = False
1096.5611 	EXP 	line_1: autoDraw = False
1096.5611 	EXP 	line_2: autoDraw = False
1096.5611 	EXP 	line_3: autoDraw = False
1096.5611 	EXP 	line_4: autoDraw = False
1096.5611 	EXP 	probe_2: autoDraw = False
1096.5611 	EXP 	fixation_2: autoDraw = True
1096.6290 	EXP 	Device response: <KeyPress from None: t=1096.5278331000009, value=c, duration=0.09254019998479635>
1097.5451 	EXP 	line_1: autoDraw = True
1097.5451 	EXP 	line_2: autoDraw = True
1097.5451 	EXP 	line_3: autoDraw = True
1097.5451 	EXP 	line_4: autoDraw = True
1097.5619 	EXP 	fixation_2: autoDraw = False
1098.5455 	INFO 	Keyboard events cleared
1098.5453 	EXP 	probe_2: autoDraw = True
1099.5947 	EXP 	Device response: <KeyPress from None: t=1099.5817377000058, value=v, duration=None>
1099.5950 	EXP 	New trial (rep=48, index=192): <Trial 192 (192 in rep 48) data={'pos': np.int64(-50), 'corr_resp': 'x', 'thisN': 192, 'thisTrialN': 192, 'thisRepN': 48}>
1099.5963 	DATA 	Keypress: v
1099.6116 	EXP 	fixation_2: autoDraw = False
1099.6116 	EXP 	line_1: autoDraw = False
1099.6116 	EXP 	line_2: autoDraw = False
1099.6116 	EXP 	line_3: autoDraw = False
1099.6116 	EXP 	line_4: autoDraw = False
1099.6116 	EXP 	probe_2: autoDraw = False
1099.6116 	EXP 	fixation_2: autoDraw = True
1099.6946 	EXP 	Device response: <KeyPress from None: t=1099.5817377000058, value=v, duration=0.0952724999806378>
1100.5949 	EXP 	line_1: autoDraw = True
1100.5949 	EXP 	line_2: autoDraw = True
1100.5949 	EXP 	line_3: autoDraw = True
1100.5949 	EXP 	line_4: autoDraw = True
1100.6120 	EXP 	fixation_2: autoDraw = False
1101.5954 	INFO 	Keyboard events cleared
1101.5952 	EXP 	probe_2: autoDraw = True
1103.1627 	EXP 	Device response: <KeyPress from None: t=1103.1520813000097, value=x, duration=None>
1103.1632 	EXP 	New trial (rep=48, index=193): <Trial 193 (193 in rep 48) data={'pos': np.int64(50), 'corr_resp': 'c', 'thisN': 193, 'thisTrialN': 193, 'thisRepN': 48}>
1103.1647 	DATA 	Keypress: x
1103.1767 	EXP 	fixation_2: autoDraw = False
1103.1767 	EXP 	line_1: autoDraw = False
1103.1767 	EXP 	line_2: autoDraw = False
1103.1767 	EXP 	line_3: autoDraw = False
1103.1767 	EXP 	line_4: autoDraw = False
1103.1767 	EXP 	probe_2: autoDraw = False
1103.1767 	EXP 	fixation_2: autoDraw = True
1103.2618 	EXP 	Device response: <KeyPress from None: t=1103.1520813000097, value=x, duration=0.09638730000006035>
1104.1615 	EXP 	line_1: autoDraw = True
1104.1615 	EXP 	line_2: autoDraw = True
1104.1615 	EXP 	line_3: autoDraw = True
1104.1615 	EXP 	line_4: autoDraw = True
1104.1785 	EXP 	fixation_2: autoDraw = False
1105.1788 	INFO 	Keyboard events cleared
1105.1786 	EXP 	probe_2: autoDraw = True
1106.3280 	EXP 	Device response: <KeyPress from None: t=1106.3148298999877, value=c, duration=None>
1106.3284 	EXP 	New trial (rep=46, index=194): <Trial 194 (194 in rep 46) data={'pos': np.int64(-150), 'corr_resp': 'z', 'thisN': 194, 'thisTrialN': 194, 'thisRepN': 46}>
1106.3297 	DATA 	Keypress: c
1106.3449 	EXP 	fixation_2: autoDraw = False
1106.3449 	EXP 	line_1: autoDraw = False
1106.3449 	EXP 	line_2: autoDraw = False
1106.3449 	EXP 	line_3: autoDraw = False
1106.3449 	EXP 	line_4: autoDraw = False
1106.3449 	EXP 	probe_2: autoDraw = False
1106.3449 	EXP 	fixation_2: autoDraw = True
1106.3947 	EXP 	Device response: <KeyPress from None: t=1106.3148298999877, value=c, duration=0.06668109999736771>
1107.3284 	EXP 	line_1: autoDraw = True
1107.3284 	EXP 	line_2: autoDraw = True
1107.3284 	EXP 	line_3: autoDraw = True
1107.3284 	EXP 	line_4: autoDraw = True
1107.3434 	EXP 	fixation_2: autoDraw = False
1108.3287 	INFO 	Keyboard events cleared
1108.3285 	EXP 	probe_2: autoDraw = True
1109.4788 	EXP 	Device response: <KeyPress from None: t=1109.4691910999827, value=z, duration=None>
1109.4793 	EXP 	New trial (rep=49, index=195): <Trial 195 (195 in rep 49) data={'pos': np.int64(50), 'corr_resp': 'c', 'thisN': 195, 'thisTrialN': 195, 'thisRepN': 49}>
1109.4809 	DATA 	Keypress: z
1109.4941 	EXP 	fixation_2: autoDraw = False
1109.4941 	EXP 	line_1: autoDraw = False
1109.4941 	EXP 	line_2: autoDraw = False
1109.4941 	EXP 	line_3: autoDraw = False
1109.4941 	EXP 	line_4: autoDraw = False
1109.4941 	EXP 	probe_2: autoDraw = False
1109.4941 	EXP 	fixation_2: autoDraw = True
1109.5618 	EXP 	Device response: <KeyPress from None: t=1109.4691910999827, value=z, duration=0.08819110001786612>
1110.4785 	EXP 	line_1: autoDraw = True
1110.4785 	EXP 	line_2: autoDraw = True
1110.4785 	EXP 	line_3: autoDraw = True
1110.4785 	EXP 	line_4: autoDraw = True
1110.4950 	EXP 	fixation_2: autoDraw = False
1111.4785 	INFO 	Keyboard events cleared
1111.4783 	EXP 	probe_2: autoDraw = True
1112.7977 	DATA 	Keypress: c
1112.8114 	EXP 	Device response: <KeyPress from None: t=1112.7960416999995, value=c, duration=None>
1112.8118 	EXP 	New trial (rep=47, index=196): <Trial 196 (196 in rep 47) data={'pos': np.int64(-150), 'corr_resp': 'z', 'thisN': 196, 'thisTrialN': 196, 'thisRepN': 47}>
1112.8287 	EXP 	fixation_2: autoDraw = False
1112.8287 	EXP 	line_1: autoDraw = False
1112.8287 	EXP 	line_2: autoDraw = False
1112.8287 	EXP 	line_3: autoDraw = False
1112.8287 	EXP 	line_4: autoDraw = False
1112.8287 	EXP 	probe_2: autoDraw = False
1112.8287 	EXP 	fixation_2: autoDraw = True
1112.8796 	EXP 	Device response: <KeyPress from None: t=1112.7960416999995, value=c, duration=0.08088850000058301>
1113.8119 	EXP 	line_1: autoDraw = True
1113.8119 	EXP 	line_2: autoDraw = True
1113.8119 	EXP 	line_3: autoDraw = True
1113.8119 	EXP 	line_4: autoDraw = True
1113.8288 	EXP 	fixation_2: autoDraw = False
1114.8120 	INFO 	Keyboard events cleared
1114.8118 	EXP 	probe_2: autoDraw = True
1115.7944 	EXP 	Device response: <KeyPress from None: t=1115.7866442000086, value=z, duration=None>
1115.7948 	EXP 	New trial (rep=48, index=197): <Trial 197 (197 in rep 48) data={'pos': np.int64(-150), 'corr_resp': 'z', 'thisN': 197, 'thisTrialN': 197, 'thisRepN': 48}>
1115.7961 	DATA 	Keypress: z
1115.8120 	EXP 	fixation_2: autoDraw = False
1115.8120 	EXP 	line_1: autoDraw = False
1115.8120 	EXP 	line_2: autoDraw = False
1115.8120 	EXP 	line_3: autoDraw = False
1115.8120 	EXP 	line_4: autoDraw = False
1115.8120 	EXP 	probe_2: autoDraw = False
1115.8120 	EXP 	fixation_2: autoDraw = True
1115.8617 	EXP 	Device response: <KeyPress from None: t=1115.7866442000086, value=z, duration=0.07185489998664707>
1116.7950 	EXP 	line_1: autoDraw = True
1116.7950 	EXP 	line_2: autoDraw = True
1116.7950 	EXP 	line_3: autoDraw = True
1116.7950 	EXP 	line_4: autoDraw = True
1116.8122 	EXP 	fixation_2: autoDraw = False
1117.7937 	INFO 	Keyboard events cleared
1117.7935 	EXP 	probe_2: autoDraw = True
1118.6460 	EXP 	Device response: <KeyPress from None: t=1118.6383599999826, value=z, duration=None>
1118.6464 	EXP 	New trial (rep=49, index=198): <Trial 198 (198 in rep 49) data={'pos': np.int64(-50), 'corr_resp': 'x', 'thisN': 198, 'thisTrialN': 198, 'thisRepN': 49}>
1118.6478 	DATA 	Keypress: z
1118.6610 	EXP 	fixation_2: autoDraw = False
1118.6610 	EXP 	line_1: autoDraw = False
1118.6610 	EXP 	line_2: autoDraw = False
1118.6610 	EXP 	line_3: autoDraw = False
1118.6610 	EXP 	line_4: autoDraw = False
1118.6610 	EXP 	probe_2: autoDraw = False
1118.6610 	EXP 	fixation_2: autoDraw = True
1118.7282 	EXP 	Device response: <KeyPress from None: t=1118.6383599999826, value=z, duration=0.07256590001634322>
1119.6445 	EXP 	line_1: autoDraw = True
1119.6445 	EXP 	line_2: autoDraw = True
1119.6445 	EXP 	line_3: autoDraw = True
1119.6445 	EXP 	line_4: autoDraw = True
1119.6616 	EXP 	fixation_2: autoDraw = False
1120.6459 	INFO 	Keyboard events cleared
1120.6457 	EXP 	probe_2: autoDraw = True
1121.8960 	EXP 	Device response: <KeyPress from None: t=1121.8930297000043, value=x, duration=None>
1121.8964 	EXP 	New trial (rep=49, index=199): <Trial 199 (199 in rep 49) data={'pos': np.int64(-150), 'corr_resp': 'z', 'thisN': 199, 'thisTrialN': 199, 'thisRepN': 49}>
1121.8978 	DATA 	Keypress: x
1121.9103 	EXP 	fixation_2: autoDraw = False
1121.9103 	EXP 	line_1: autoDraw = False
1121.9103 	EXP 	line_2: autoDraw = False
1121.9103 	EXP 	line_3: autoDraw = False
1121.9103 	EXP 	line_4: autoDraw = False
1121.9103 	EXP 	probe_2: autoDraw = False
1121.9103 	EXP 	fixation_2: autoDraw = True
1121.9625 	EXP 	Device response: <KeyPress from None: t=1121.8930297000043, value=x, duration=0.06482929998310283>
1122.8947 	EXP 	line_1: autoDraw = True
1122.8947 	EXP 	line_2: autoDraw = True
1122.8947 	EXP 	line_3: autoDraw = True
1122.8947 	EXP 	line_4: autoDraw = True
1122.9122 	EXP 	fixation_2: autoDraw = False
1123.9126 	INFO 	Keyboard events cleared
1123.9123 	EXP 	probe_2: autoDraw = True
1125.0117 	EXP 	Device response: <KeyPress from None: t=1124.9975858999824, value=z, duration=None>
1125.0130 	DATA 	Keypress: z
1125.0282 	EXP 	fixation_2: autoDraw = False
1125.0282 	EXP 	line_1: autoDraw = False
1125.0282 	EXP 	line_2: autoDraw = False
1125.0282 	EXP 	line_3: autoDraw = False
1125.0282 	EXP 	line_4: autoDraw = False
1125.0282 	EXP 	probe_2: autoDraw = False
1125.0285 	EXP 	Motor_sequence_exp: status = STOPPED
1125.1959 	INFO 	saved data to 'C:\\Users\\Pooja\\OneDrive\\Desktop\\Motor_Sequence_experiment\\data\\111_Motor_sequence_exp_2025-10-01_20h04.11.512.csv'
1125.2062 	INFO 	saved data to C:\Users\Pooja\OneDrive\Desktop\Motor_Sequence_experiment\data\111_Motor_sequence_exp_2025-10-01_20h04.11.512.psydat
1125.7427 	WARNING 	Stopping key buffers but this could be dangerous ifother keyboards rely on the same.
1125.7702 	WARNING 	Stopping key buffers but this could be dangerous ifother keyboards rely on the same.
1125.7703 	WARNING 	Stopping key buffers but this could be dangerous ifother keyboards rely on the same.
