11.7509 	INFO 	Loaded monitor calibration from ['2025_08_12 09:11']
11.7692 	WARNING 	User requested fullscreen with size [1024  768], but screen is actually [1920, 1080]. Using actual size
12.2663 	INFO 	Using renderer 'AMD Radeon(TM) Graphics' for graphics
12.2663 	INFO 	OpenGL version supported by driver is 4..
12.3637 	EXP 	Created window1 = Window(allowGUI=False, allowStencil=False, autoLog=True, backendConf=UNKNOWN, backgroundFit=<method-wrapper '__getattribute__' of attributeSetter object at 0x000001C17E1080D0>, backgroundImage=<method-wrapper '__getattribute__' of attributeSetter object at 0x000001C17E108070>, bitsMode=UNKNOWN, blendMode='avg', bpc=(8, 8, 8), color=array([0, 0, 0]), colorSpace='rgb', depthBits=8, fullscr=True, gamma=None, gammaErrorPolicy='raise', infoMsg=UNKNOWN, lms=UNKNOWN, monitor=<psychopy.monitors.calibTools.Monitor object at 0x000001C1000A9930>, multiSample=False, name='window1', numSamples=2, pos=[np.float64(0.0), np.float64(0.0)], screen=0, size=array([1920, 1080]), stencilBits=0, stereo=False, title='PsychoPy', units='height', useFBO=True, useRetina=False, viewOri=0.0, viewPos=None, viewScale=None, waitBlanking=True, winType='pyglet')
12.3638 	EXP 	window1: backgroundImage = ''
12.3639 	EXP 	window1: backgroundFit = 'none'
12.8782 	EXP 	window1: Attempting to measure frame rate of screen (0) ...
12.8782 	EXP 	window1: recordFrameIntervals = False
13.0731 	EXP 	window1: recordFrameIntervals = True
13.2574 	EXP 	Screen (0) actual frame rate measured at 59.92Hz
13.2575 	EXP 	window1: recordFrameIntervals = False
13.3167 	INFO 	keyboard.Keyboard is using ptb backend.
13.3169 	INFO 	keyboard.Keyboard is using ptb backend.
13.3169 	INFO 	keyboard.Keyboard is using ptb backend.
13.3170 	EXP 	Motor_sequence_exp: status = STARTED
13.3242 	EXP 	Created fixation = ShapeStim(__class__=<class 'psychopy.visual.shape.ShapeStim'>, anchor=('center', 'center'), autoDraw=False, autoLog=True, closeShape=True, color=method-wrapper(...), colorSpace='rgb', contrast=None, depth=0.0, draggable=False, fillColor=array([1, 1, 1]), fillColorSpace='rgb', fillRGB=array([1, 1, 1]), interpolate=True, lineColor=array([1., 1., 1.]), lineColorSpace='rgb', lineRGB=array([1, 1, 1]), lineWidth=1.0, name='fixation', opacity=1, ori=0.0, pos=array([0., 0.]), size=array([10., 10.]), units='pix', vertices=ndarray(...), win=Window(...), windingRule=None)
13.3258 	EXP 	Created line1 = Rect(__class__=<class 'psychopy.visual.rect.Rect'>, anchor=('center', 'center'), autoDraw=False, autoLog=True, closeShape=True, color=method-wrapper(...), colorSpace='rgb', contrast=None, depth=-1.0, draggable=False, fillColor=array([1, 1, 1]), fillColorSpace='rgb', fillRGB=array([1, 1, 1]), interpolate=True, lineColor=array([1., 1., 1.]), lineColorSpace='rgb', lineRGB=array([1, 1, 1]), lineWidth=1.0, name='line1', opacity=1, ori=90.0, pos=array([-150.,    0.]), size=array([100.,  10.]), units='pix', vertices=ndarray(...), win=Window(...))
13.3273 	EXP 	Created line2 = Rect(__class__=<class 'psychopy.visual.rect.Rect'>, anchor=('center', 'center'), autoDraw=False, autoLog=True, closeShape=True, color=method-wrapper(...), colorSpace='rgb', contrast=None, depth=-2.0, draggable=False, fillColor=array([1, 1, 1]), fillColorSpace='rgb', fillRGB=array([1, 1, 1]), interpolate=True, lineColor=array([1., 1., 1.]), lineColorSpace='rgb', lineRGB=array([1, 1, 1]), lineWidth=1.0, name='line2', opacity=1, ori=90.0, pos=array([-50.,   0.]), size=array([100.,  10.]), units='pix', vertices=ndarray(...), win=Window(...))
13.3287 	EXP 	Created line3 = Rect(__class__=<class 'psychopy.visual.rect.Rect'>, anchor=('center', 'center'), autoDraw=False, autoLog=True, closeShape=True, color=method-wrapper(...), colorSpace='rgb', contrast=None, depth=-3.0, draggable=False, fillColor=array([1, 1, 1]), fillColorSpace='rgb', fillRGB=array([1, 1, 1]), interpolate=True, lineColor=array([1., 1., 1.]), lineColorSpace='rgb', lineRGB=array([1, 1, 1]), lineWidth=1.0, name='line3', opacity=1, ori=90.0, pos=array([50.,  0.]), size=array([100.,  10.]), units='pix', vertices=ndarray(...), win=Window(...))
13.3301 	EXP 	Created line4 = Rect(__class__=<class 'psychopy.visual.rect.Rect'>, anchor=('center', 'center'), autoDraw=False, autoLog=True, closeShape=True, color=method-wrapper(...), colorSpace='rgb', contrast=None, depth=-4.0, draggable=False, fillColor=array([1, 1, 1]), fillColorSpace='rgb', fillRGB=array([1, 1, 1]), interpolate=True, lineColor=array([1., 1., 1.]), lineColorSpace='rgb', lineRGB=array([1, 1, 1]), lineWidth=1.0, name='line4', opacity=1, ori=90.0, pos=array([150.,   0.]), size=array([100.,  10.]), units='pix', vertices=ndarray(...), win=Window(...))
13.3319 	EXP 	Created probe = ShapeStim(__class__=<class 'psychopy.visual.shape.ShapeStim'>, anchor=('center', 'center'), autoDraw=False, autoLog=True, closeShape=True, color=method-wrapper(...), colorSpace='rgb', contrast=None, depth=-5.0, draggable=False, fillColor=array([1, 1, 1]), fillColorSpace='rgb', fillRGB=array([1, 1, 1]), interpolate=True, lineColor=array([1., 1., 1.]), lineColorSpace='rgb', lineRGB=array([1, 1, 1]), lineWidth=1.0, name='probe', opacity=1, ori=0.0, pos=array([0., 0.]), size=array([10., 10.]), units='pix', vertices=ndarray(...), win=Window(...), windingRule=None)
13.3339 	EXP 	Created fixation_2 = ShapeStim(__class__=<class 'psychopy.visual.shape.ShapeStim'>, anchor=('center', 'center'), autoDraw=False, autoLog=True, closeShape=True, color=method-wrapper(...), colorSpace='rgb', contrast=None, depth=0.0, draggable=False, fillColor=array([1, 1, 1]), fillColorSpace='rgb', fillRGB=array([1, 1, 1]), interpolate=True, lineColor=array([1., 1., 1.]), lineColorSpace='rgb', lineRGB=array([1, 1, 1]), lineWidth=1.0, name='fixation_2', opacity=1, ori=0.0, pos=array([0., 0.]), size=array([10., 10.]), units='pix', vertices=ndarray(...), win=Window(...), windingRule=None)
13.3353 	EXP 	Created line_1 = Rect(__class__=<class 'psychopy.visual.rect.Rect'>, anchor=('center', 'center'), autoDraw=False, autoLog=True, closeShape=True, color=method-wrapper(...), colorSpace='rgb', contrast=None, depth=-1.0, draggable=False, fillColor=array([1, 1, 1]), fillColorSpace='rgb', fillRGB=array([1, 1, 1]), interpolate=True, lineColor=array([1., 1., 1.]), lineColorSpace='rgb', lineRGB=array([1, 1, 1]), lineWidth=1.0, name='line_1', opacity=1, ori=90.0, pos=array([0., 0.]), size=array([100.,  10.]), units='pix', vertices=ndarray(...), win=Window(...))
13.3367 	EXP 	Created line_2 = Rect(__class__=<class 'psychopy.visual.rect.Rect'>, anchor=('center', 'center'), autoDraw=False, autoLog=True, closeShape=True, color=method-wrapper(...), colorSpace='rgb', contrast=None, depth=-2.0, draggable=False, fillColor=array([1, 1, 1]), fillColorSpace='rgb', fillRGB=array([1, 1, 1]), interpolate=True, lineColor=array([1., 1., 1.]), lineColorSpace='rgb', lineRGB=array([1, 1, 1]), lineWidth=1.0, name='line_2', opacity=1, ori=90.0, pos=array([0., 0.]), size=array([100.,  10.]), units='pix', vertices=ndarray(...), win=Window(...))
13.3381 	EXP 	Created line_3 = Rect(__class__=<class 'psychopy.visual.rect.Rect'>, anchor=('center', 'center'), autoDraw=False, autoLog=True, closeShape=True, color=method-wrapper(...), colorSpace='rgb', contrast=None, depth=-3.0, draggable=False, fillColor=array([1, 1, 1]), fillColorSpace='rgb', fillRGB=array([1, 1, 1]), interpolate=True, lineColor=array([1., 1., 1.]), lineColorSpace='rgb', lineRGB=array([1, 1, 1]), lineWidth=1.0, name='line_3', opacity=1, ori=90.0, pos=array([0., 0.]), size=array([100.,  10.]), units='pix', vertices=ndarray(...), win=Window(...))
13.3394 	EXP 	Created line_4 = Rect(__class__=<class 'psychopy.visual.rect.Rect'>, anchor=('center', 'center'), autoDraw=False, autoLog=True, closeShape=True, color=method-wrapper(...), colorSpace='rgb', contrast=None, depth=-4.0, draggable=False, fillColor=array([1, 1, 1]), fillColorSpace='rgb', fillRGB=array([1, 1, 1]), interpolate=True, lineColor=array([1., 1., 1.]), lineColorSpace='rgb', lineRGB=array([1, 1, 1]), lineWidth=1.0, name='line_4', opacity=1, ori=90.0, pos=array([0., 0.]), size=array([100.,  10.]), units='pix', vertices=ndarray(...), win=Window(...))
13.3412 	EXP 	Created probe_2 = ShapeStim(__class__=<class 'psychopy.visual.shape.ShapeStim'>, anchor=('center', 'center'), autoDraw=False, autoLog=True, closeShape=True, color=method-wrapper(...), colorSpace='rgb', contrast=None, depth=-5.0, draggable=False, fillColor=array([1, 1, 1]), fillColorSpace='rgb', fillRGB=array([1, 1, 1]), interpolate=True, lineColor=array([1., 1., 1.]), lineColorSpace='rgb', lineRGB=array([1, 1, 1]), lineWidth=1.0, name='probe_2', opacity=1, ori=0.0, pos=array([0., 0.]), size=array([10., 10.]), units='pix', vertices=ndarray(...), win=Window(...), windingRule=None)
0.0143 	EXP 	Imported sequence_conditions.csv as conditions, 4 conditions, 2 params
0.0160 	EXP 	New trial (rep=0, index=0): <Trial 0 (0 in rep 0) data={'pos': np.int64(-50), 'corr_resp': 'x', 'thisN': 0, 'thisTrialN': 0, 'thisRepN': 0}>
0.0262 	EXP 	fixation: autoDraw = True
1.0065 	EXP 	line1: autoDraw = True
1.0065 	EXP 	line2: autoDraw = True
1.0065 	EXP 	line3: autoDraw = True
1.0065 	EXP 	line4: autoDraw = True
1.0402 	EXP 	fixation: autoDraw = False
2.0067 	INFO 	Keyboard events cleared
2.0065 	EXP 	probe: autoDraw = True
3.1361 	EXP 	Device response: <KeyPress from None: t=3.1150194999936502, value=x, duration=None>
3.1364 	EXP 	New trial (rep=0, index=1): <Trial 1 (1 in rep 0) data={'pos': np.int64(150), 'corr_resp': 'v', 'thisN': 1, 'thisTrialN': 1, 'thisRepN': 0}>
3.1381 	DATA 	Keypress: x
3.1456 	EXP 	fixation: autoDraw = False
3.1456 	EXP 	line1: autoDraw = False
3.1456 	EXP 	line2: autoDraw = False
3.1456 	EXP 	line3: autoDraw = False
3.1456 	EXP 	line4: autoDraw = False
3.1456 	EXP 	probe: autoDraw = False
3.1456 	EXP 	fixation: autoDraw = True
3.2399 	EXP 	Device response: <KeyPress from None: t=3.1150194999936502, value=x, duration=0.11147919998620637>
4.1396 	EXP 	line1: autoDraw = True
4.1396 	EXP 	line2: autoDraw = True
4.1396 	EXP 	line3: autoDraw = True
4.1396 	EXP 	line4: autoDraw = True
4.1567 	EXP 	fixation: autoDraw = False
5.1405 	INFO 	Keyboard events cleared
5.1404 	EXP 	probe: autoDraw = True
6.8744 	EXP 	Device response: <KeyPress from None: t=6.866693799995119, value=v, duration=None>
6.8748 	EXP 	New trial (rep=0, index=2): <Trial 2 (2 in rep 0) data={'pos': np.int64(50), 'corr_resp': 'c', 'thisN': 2, 'thisTrialN': 2, 'thisRepN': 0}>
6.8767 	DATA 	Keypress: v
6.8897 	EXP 	fixation: autoDraw = False
6.8897 	EXP 	line1: autoDraw = False
6.8897 	EXP 	line2: autoDraw = False
6.8897 	EXP 	line3: autoDraw = False
6.8897 	EXP 	line4: autoDraw = False
6.8897 	EXP 	probe: autoDraw = False
6.8897 	EXP 	fixation: autoDraw = True
6.9740 	EXP 	Device response: <KeyPress from None: t=6.866693799995119, value=v, duration=0.10163409999222495>
7.8738 	EXP 	line1: autoDraw = True
7.8738 	EXP 	line2: autoDraw = True
7.8738 	EXP 	line3: autoDraw = True
7.8738 	EXP 	line4: autoDraw = True
7.8899 	EXP 	fixation: autoDraw = False
8.8897 	INFO 	Keyboard events cleared
8.8896 	EXP 	probe: autoDraw = True
10.0247 	DATA 	Keypress: c
10.0401 	EXP 	Device response: <KeyPress from None: t=10.023527699988335, value=c, duration=None>
10.0404 	EXP 	New trial (rep=0, index=3): <Trial 3 (3 in rep 0) data={'pos': np.int64(-150), 'corr_resp': 'z', 'thisN': 3, 'thisTrialN': 3, 'thisRepN': 0}>
10.0571 	EXP 	fixation: autoDraw = False
10.0571 	EXP 	line1: autoDraw = False
10.0571 	EXP 	line2: autoDraw = False
10.0571 	EXP 	line3: autoDraw = False
10.0571 	EXP 	line4: autoDraw = False
10.0571 	EXP 	probe: autoDraw = False
10.0571 	EXP 	fixation: autoDraw = True
10.2072 	EXP 	Device response: <KeyPress from None: t=10.023527699988335, value=c, duration=0.16859369998564944>
11.0403 	EXP 	line1: autoDraw = True
11.0403 	EXP 	line2: autoDraw = True
11.0403 	EXP 	line3: autoDraw = True
11.0403 	EXP 	line4: autoDraw = True
11.0570 	EXP 	fixation: autoDraw = False
12.0405 	INFO 	Keyboard events cleared
12.0404 	EXP 	probe: autoDraw = True
12.9411 	EXP 	Device response: <KeyPress from None: t=12.927667399984784, value=z, duration=None>
12.9415 	EXP 	New trial (rep=1, index=0): <Trial 4 (0 in rep 1) data={'pos': np.int64(-50), 'corr_resp': 'x', 'thisN': 4, 'thisTrialN': 0, 'thisRepN': 1}>
12.9429 	DATA 	Keypress: z
12.9574 	EXP 	fixation: autoDraw = False
12.9574 	EXP 	line1: autoDraw = False
12.9574 	EXP 	line2: autoDraw = False
12.9574 	EXP 	line3: autoDraw = False
12.9574 	EXP 	line4: autoDraw = False
12.9574 	EXP 	probe: autoDraw = False
12.9574 	EXP 	fixation: autoDraw = True
13.1244 	EXP 	Device response: <KeyPress from None: t=12.927667399984784, value=z, duration=0.1813356000056956>
13.9562 	EXP 	line1: autoDraw = True
13.9562 	EXP 	line2: autoDraw = True
13.9562 	EXP 	line3: autoDraw = True
13.9562 	EXP 	line4: autoDraw = True
13.9738 	EXP 	fixation: autoDraw = False
14.9419 	INFO 	Keyboard events cleared
14.9417 	EXP 	probe: autoDraw = True
15.8755 	EXP 	Device response: <KeyPress from None: t=15.866756699979305, value=x, duration=None>
15.8759 	EXP 	New trial (rep=1, index=1): <Trial 5 (1 in rep 1) data={'pos': np.int64(150), 'corr_resp': 'v', 'thisN': 5, 'thisTrialN': 1, 'thisRepN': 1}>
15.8770 	DATA 	Keypress: x
15.8913 	EXP 	fixation: autoDraw = False
15.8913 	EXP 	line1: autoDraw = False
15.8913 	EXP 	line2: autoDraw = False
15.8913 	EXP 	line3: autoDraw = False
15.8913 	EXP 	line4: autoDraw = False
15.8913 	EXP 	probe: autoDraw = False
15.8913 	EXP 	fixation: autoDraw = True
16.0590 	EXP 	Device response: <KeyPress from None: t=15.866756699979305, value=x, duration=0.18200880000949837>
16.8744 	EXP 	line1: autoDraw = True
16.8744 	EXP 	line2: autoDraw = True
16.8744 	EXP 	line3: autoDraw = True
16.8744 	EXP 	line4: autoDraw = True
16.8917 	EXP 	fixation: autoDraw = False
17.8737 	INFO 	Keyboard events cleared
17.8735 	EXP 	probe: autoDraw = True
19.3448 	DATA 	Keypress: v
19.3596 	EXP 	Device response: <KeyPress from None: t=19.343628499977058, value=v, duration=None>
19.3600 	EXP 	New trial (rep=1, index=2): <Trial 6 (2 in rep 1) data={'pos': np.int64(50), 'corr_resp': 'c', 'thisN': 6, 'thisTrialN': 2, 'thisRepN': 1}>
19.3744 	EXP 	fixation: autoDraw = False
19.3744 	EXP 	line1: autoDraw = False
19.3744 	EXP 	line2: autoDraw = False
19.3744 	EXP 	line3: autoDraw = False
19.3744 	EXP 	line4: autoDraw = False
19.3744 	EXP 	probe: autoDraw = False
19.3744 	EXP 	fixation: autoDraw = True
19.5923 	EXP 	Device response: <KeyPress from None: t=19.343628499977058, value=v, duration=0.23495340000954457>
20.3750 	EXP 	fixation: autoDraw = False
20.3750 	EXP 	line1: autoDraw = True
20.3750 	EXP 	line2: autoDraw = True
20.3750 	EXP 	line3: autoDraw = True
20.3750 	EXP 	line4: autoDraw = True
21.3745 	INFO 	Keyboard events cleared
21.3743 	EXP 	probe: autoDraw = True
22.2084 	EXP 	Device response: <KeyPress from None: t=22.197549299977254, value=c, duration=None>
22.2087 	EXP 	New trial (rep=1, index=3): <Trial 7 (3 in rep 1) data={'pos': np.int64(-150), 'corr_resp': 'z', 'thisN': 7, 'thisTrialN': 3, 'thisRepN': 1}>
22.2099 	DATA 	Keypress: c
22.2246 	EXP 	fixation: autoDraw = False
22.2246 	EXP 	line1: autoDraw = False
22.2246 	EXP 	line2: autoDraw = False
22.2246 	EXP 	line3: autoDraw = False
22.2246 	EXP 	line4: autoDraw = False
22.2246 	EXP 	probe: autoDraw = False
22.2246 	EXP 	fixation: autoDraw = True
22.3753 	EXP 	Device response: <KeyPress from None: t=22.197549299977254, value=c, duration=0.16645079999580048>
23.2087 	EXP 	line1: autoDraw = True
23.2087 	EXP 	line2: autoDraw = True
23.2087 	EXP 	line3: autoDraw = True
23.2087 	EXP 	line4: autoDraw = True
23.2254 	EXP 	fixation: autoDraw = False
24.2088 	INFO 	Keyboard events cleared
24.2086 	EXP 	probe: autoDraw = True
25.0080 	EXP 	Device response: <KeyPress from None: t=25.002503399999114, value=z, duration=None>
25.0084 	EXP 	New trial (rep=2, index=0): <Trial 8 (0 in rep 2) data={'pos': np.int64(-50), 'corr_resp': 'x', 'thisN': 8, 'thisTrialN': 0, 'thisRepN': 2}>
25.0096 	DATA 	Keypress: z
25.0244 	EXP 	fixation: autoDraw = False
25.0244 	EXP 	line1: autoDraw = False
25.0244 	EXP 	line2: autoDraw = False
25.0244 	EXP 	line3: autoDraw = False
25.0244 	EXP 	line4: autoDraw = False
25.0244 	EXP 	probe: autoDraw = False
25.0244 	EXP 	fixation: autoDraw = True
25.1749 	EXP 	Device response: <KeyPress from None: t=25.002503399999114, value=z, duration=0.16688399997656234>
26.0248 	EXP 	fixation: autoDraw = False
26.0248 	EXP 	line1: autoDraw = True
26.0248 	EXP 	line2: autoDraw = True
26.0248 	EXP 	line3: autoDraw = True
26.0248 	EXP 	line4: autoDraw = True
27.0238 	INFO 	Keyboard events cleared
27.0236 	EXP 	probe: autoDraw = True
27.6236 	EXP 	Device response: <KeyPress from None: t=27.61141429998679, value=x, duration=None>
27.6239 	EXP 	New trial (rep=2, index=1): <Trial 9 (1 in rep 2) data={'pos': np.int64(150), 'corr_resp': 'v', 'thisN': 9, 'thisTrialN': 1, 'thisRepN': 2}>
27.6251 	DATA 	Keypress: x
27.6405 	EXP 	fixation: autoDraw = False
27.6405 	EXP 	line1: autoDraw = False
27.6405 	EXP 	line2: autoDraw = False
27.6405 	EXP 	line3: autoDraw = False
27.6405 	EXP 	line4: autoDraw = False
27.6405 	EXP 	probe: autoDraw = False
27.6405 	EXP 	fixation: autoDraw = True
27.8408 	EXP 	Device response: <KeyPress from None: t=27.61141429998679, value=x, duration=0.21224940000684>
28.6233 	EXP 	line1: autoDraw = True
28.6233 	EXP 	line2: autoDraw = True
28.6233 	EXP 	line3: autoDraw = True
28.6233 	EXP 	line4: autoDraw = True
28.6410 	EXP 	fixation: autoDraw = False
29.6234 	INFO 	Keyboard events cleared
29.6232 	EXP 	probe: autoDraw = True
30.4579 	EXP 	Device response: <KeyPress from None: t=30.447963699989486, value=v, duration=None>
30.4582 	EXP 	New trial (rep=2, index=2): <Trial 10 (2 in rep 2) data={'pos': np.int64(50), 'corr_resp': 'c', 'thisN': 10, 'thisTrialN': 2, 'thisRepN': 2}>
30.4595 	DATA 	Keypress: v
30.4733 	EXP 	fixation: autoDraw = False
30.4733 	EXP 	line1: autoDraw = False
30.4733 	EXP 	line2: autoDraw = False
30.4733 	EXP 	line3: autoDraw = False
30.4733 	EXP 	line4: autoDraw = False
30.4733 	EXP 	probe: autoDraw = False
30.4733 	EXP 	fixation: autoDraw = True
30.6079 	EXP 	Device response: <KeyPress from None: t=30.447963699989486, value=v, duration=0.15606469998601824>
31.4568 	EXP 	line1: autoDraw = True
31.4568 	EXP 	line2: autoDraw = True
31.4568 	EXP 	line3: autoDraw = True
31.4568 	EXP 	line4: autoDraw = True
31.4738 	EXP 	fixation: autoDraw = False
32.4569 	INFO 	Keyboard events cleared
32.4568 	EXP 	probe: autoDraw = True
32.8742 	EXP 	Device response: <KeyPress from None: t=32.86556359997485, value=c, duration=None>
32.8744 	EXP 	New trial (rep=2, index=3): <Trial 11 (3 in rep 2) data={'pos': np.int64(-150), 'corr_resp': 'z', 'thisN': 11, 'thisTrialN': 3, 'thisRepN': 2}>
32.8752 	DATA 	Keypress: c
32.8906 	EXP 	fixation: autoDraw = False
32.8906 	EXP 	line1: autoDraw = False
32.8906 	EXP 	line2: autoDraw = False
32.8906 	EXP 	line3: autoDraw = False
32.8906 	EXP 	line4: autoDraw = False
32.8906 	EXP 	probe: autoDraw = False
32.8906 	EXP 	fixation: autoDraw = True
33.0070 	EXP 	Device response: <KeyPress from None: t=32.86556359997485, value=c, duration=0.12664410000434145>
33.8907 	EXP 	fixation: autoDraw = False
33.8907 	EXP 	line1: autoDraw = True
33.8907 	EXP 	line2: autoDraw = True
33.8907 	EXP 	line3: autoDraw = True
33.8907 	EXP 	line4: autoDraw = True
34.8736 	INFO 	Keyboard events cleared
34.8734 	EXP 	probe: autoDraw = True
35.4909 	EXP 	Device response: <KeyPress from None: t=35.48577589998604, value=z, duration=None>
35.4912 	EXP 	New trial (rep=3, index=0): <Trial 12 (0 in rep 3) data={'pos': np.int64(-50), 'corr_resp': 'x', 'thisN': 12, 'thisTrialN': 0, 'thisRepN': 3}>
35.4922 	DATA 	Keypress: z
35.5073 	EXP 	fixation: autoDraw = False
35.5073 	EXP 	line1: autoDraw = False
35.5073 	EXP 	line2: autoDraw = False
35.5073 	EXP 	line3: autoDraw = False
35.5073 	EXP 	line4: autoDraw = False
35.5073 	EXP 	probe: autoDraw = False
35.5073 	EXP 	fixation: autoDraw = True
35.6077 	EXP 	Device response: <KeyPress from None: t=35.48577589998604, value=z, duration=0.11598130001220852>
36.4906 	EXP 	line1: autoDraw = True
36.4906 	EXP 	line2: autoDraw = True
36.4906 	EXP 	line3: autoDraw = True
36.4906 	EXP 	line4: autoDraw = True
36.5067 	EXP 	fixation: autoDraw = False
37.5077 	INFO 	Keyboard events cleared
37.5075 	EXP 	probe: autoDraw = True
38.2071 	EXP 	Device response: <KeyPress from None: t=38.195437499991385, value=x, duration=None>
38.2073 	EXP 	New trial (rep=3, index=1): <Trial 13 (1 in rep 3) data={'pos': np.int64(150), 'corr_resp': 'v', 'thisN': 13, 'thisTrialN': 1, 'thisRepN': 3}>
38.2082 	DATA 	Keypress: x
38.2234 	EXP 	fixation: autoDraw = False
38.2234 	EXP 	line1: autoDraw = False
38.2234 	EXP 	line2: autoDraw = False
38.2234 	EXP 	line3: autoDraw = False
38.2234 	EXP 	line4: autoDraw = False
38.2234 	EXP 	probe: autoDraw = False
38.2234 	EXP 	fixation: autoDraw = True
38.4236 	EXP 	Device response: <KeyPress from None: t=38.195437499991385, value=x, duration=0.2188194000045769>
39.2070 	EXP 	line1: autoDraw = True
39.2070 	EXP 	line2: autoDraw = True
39.2070 	EXP 	line3: autoDraw = True
39.2070 	EXP 	line4: autoDraw = True
39.2236 	EXP 	fixation: autoDraw = False
40.2070 	INFO 	Keyboard events cleared
40.2069 	EXP 	probe: autoDraw = True
40.5259 	EXP 	Device response: <KeyPress from None: t=40.524622599972645, value=v, duration=None>
40.5261 	EXP 	New trial (rep=3, index=2): <Trial 14 (2 in rep 3) data={'pos': np.int64(50), 'corr_resp': 'c', 'thisN': 14, 'thisTrialN': 2, 'thisRepN': 3}>
40.5269 	DATA 	Keypress: v
40.5412 	EXP 	fixation: autoDraw = False
40.5412 	EXP 	line1: autoDraw = False
40.5412 	EXP 	line2: autoDraw = False
40.5412 	EXP 	line3: autoDraw = False
40.5412 	EXP 	line4: autoDraw = False
40.5412 	EXP 	probe: autoDraw = False
40.5412 	EXP 	fixation: autoDraw = True
40.6749 	EXP 	Device response: <KeyPress from None: t=40.524622599972645, value=v, duration=0.1405430000158958>
41.5411 	EXP 	fixation: autoDraw = False
41.5411 	EXP 	line1: autoDraw = True
41.5411 	EXP 	line2: autoDraw = True
41.5411 	EXP 	line3: autoDraw = True
41.5411 	EXP 	line4: autoDraw = True
42.5415 	INFO 	Keyboard events cleared
42.5413 	EXP 	probe: autoDraw = True
42.8756 	EXP 	Device response: <KeyPress from None: t=42.86645719999797, value=c, duration=None>
42.8760 	EXP 	New trial (rep=3, index=3): <Trial 15 (3 in rep 3) data={'pos': np.int64(-150), 'corr_resp': 'z', 'thisN': 15, 'thisTrialN': 3, 'thisRepN': 3}>
42.8770 	DATA 	Keypress: c
42.8917 	EXP 	fixation: autoDraw = False
42.8917 	EXP 	line1: autoDraw = False
42.8917 	EXP 	line2: autoDraw = False
42.8917 	EXP 	line3: autoDraw = False
42.8917 	EXP 	line4: autoDraw = False
42.8917 	EXP 	probe: autoDraw = False
42.8917 	EXP 	fixation: autoDraw = True
43.0250 	EXP 	Device response: <KeyPress from None: t=42.86645719999797, value=c, duration=0.1518785999796819>
43.8903 	EXP 	fixation: autoDraw = False
43.8903 	EXP 	line1: autoDraw = True
43.8903 	EXP 	line2: autoDraw = True
43.8903 	EXP 	line3: autoDraw = True
43.8903 	EXP 	line4: autoDraw = True
44.8904 	INFO 	Keyboard events cleared
44.8902 	EXP 	probe: autoDraw = True
45.1578 	EXP 	Device response: <KeyPress from None: t=45.14180739998119, value=z, duration=None>
45.1581 	EXP 	New trial (rep=4, index=0): <Trial 16 (0 in rep 4) data={'pos': np.int64(-50), 'corr_resp': 'x', 'thisN': 16, 'thisTrialN': 0, 'thisRepN': 4}>
45.1590 	DATA 	Keypress: z
45.1744 	EXP 	fixation: autoDraw = False
45.1744 	EXP 	line1: autoDraw = False
45.1744 	EXP 	line2: autoDraw = False
45.1744 	EXP 	line3: autoDraw = False
45.1744 	EXP 	line4: autoDraw = False
45.1744 	EXP 	probe: autoDraw = False
45.1744 	EXP 	fixation: autoDraw = True
45.2747 	EXP 	Device response: <KeyPress from None: t=45.14180739998119, value=z, duration=0.12058930000057444>
46.1743 	EXP 	fixation: autoDraw = False
46.1743 	EXP 	line1: autoDraw = True
46.1743 	EXP 	line2: autoDraw = True
46.1743 	EXP 	line3: autoDraw = True
46.1743 	EXP 	line4: autoDraw = True
47.1738 	INFO 	Keyboard events cleared
47.1736 	EXP 	probe: autoDraw = True
48.0405 	EXP 	Device response: <KeyPress from None: t=48.03624329998274, value=x, duration=None>
48.0408 	EXP 	New trial (rep=4, index=1): <Trial 17 (1 in rep 4) data={'pos': np.int64(150), 'corr_resp': 'v', 'thisN': 17, 'thisTrialN': 1, 'thisRepN': 4}>
48.0419 	DATA 	Keypress: x
48.0579 	EXP 	fixation: autoDraw = False
48.0579 	EXP 	line1: autoDraw = False
48.0579 	EXP 	line2: autoDraw = False
48.0579 	EXP 	line3: autoDraw = False
48.0579 	EXP 	line4: autoDraw = False
48.0579 	EXP 	probe: autoDraw = False
48.0579 	EXP 	fixation: autoDraw = True
48.1904 	EXP 	Device response: <KeyPress from None: t=48.03624329998274, value=x, duration=0.1532811000070069>
49.0401 	EXP 	line1: autoDraw = True
49.0401 	EXP 	line2: autoDraw = True
49.0401 	EXP 	line3: autoDraw = True
49.0401 	EXP 	line4: autoDraw = True
49.0737 	EXP 	fixation: autoDraw = False
50.0410 	INFO 	Keyboard events cleared
50.0408 	EXP 	probe: autoDraw = True
50.3240 	EXP 	Device response: <KeyPress from None: t=50.32298839997384, value=v, duration=None>
50.3242 	EXP 	New trial (rep=4, index=2): <Trial 18 (2 in rep 4) data={'pos': np.int64(50), 'corr_resp': 'c', 'thisN': 18, 'thisTrialN': 2, 'thisRepN': 4}>
50.3251 	DATA 	Keypress: v
50.3404 	EXP 	fixation: autoDraw = False
50.3404 	EXP 	line1: autoDraw = False
50.3404 	EXP 	line2: autoDraw = False
50.3404 	EXP 	line3: autoDraw = False
50.3404 	EXP 	line4: autoDraw = False
50.3404 	EXP 	probe: autoDraw = False
50.3404 	EXP 	fixation: autoDraw = True
50.4911 	EXP 	Device response: <KeyPress from None: t=50.32298839997384, value=v, duration=0.15359640002134256>
51.3237 	EXP 	line1: autoDraw = True
51.3237 	EXP 	line2: autoDraw = True
51.3237 	EXP 	line3: autoDraw = True
51.3237 	EXP 	line4: autoDraw = True
51.3408 	EXP 	fixation: autoDraw = False
52.3237 	INFO 	Keyboard events cleared
52.3236 	EXP 	probe: autoDraw = True
52.7414 	EXP 	Device response: <KeyPress from None: t=52.736268599983305, value=c, duration=None>
52.7419 	EXP 	New trial (rep=4, index=3): <Trial 19 (3 in rep 4) data={'pos': np.int64(-150), 'corr_resp': 'z', 'thisN': 19, 'thisTrialN': 3, 'thisRepN': 4}>
52.7428 	DATA 	Keypress: c
52.7570 	EXP 	fixation: autoDraw = False
52.7570 	EXP 	line1: autoDraw = False
52.7570 	EXP 	line2: autoDraw = False
52.7570 	EXP 	line3: autoDraw = False
52.7570 	EXP 	line4: autoDraw = False
52.7570 	EXP 	probe: autoDraw = False
52.7570 	EXP 	fixation: autoDraw = True
52.8914 	EXP 	Device response: <KeyPress from None: t=52.736268599983305, value=c, duration=0.15184070001123473>
53.7571 	EXP 	fixation: autoDraw = False
53.7571 	EXP 	line1: autoDraw = True
53.7571 	EXP 	line2: autoDraw = True
53.7571 	EXP 	line3: autoDraw = True
53.7571 	EXP 	line4: autoDraw = True
54.7573 	INFO 	Keyboard events cleared
54.7571 	EXP 	probe: autoDraw = True
55.0915 	EXP 	Device response: <KeyPress from None: t=55.07639969998854, value=z, duration=None>
55.0919 	EXP 	New trial (rep=5, index=0): <Trial 20 (0 in rep 5) data={'pos': np.int64(-50), 'corr_resp': 'x', 'thisN': 20, 'thisTrialN': 0, 'thisRepN': 5}>
55.0928 	DATA 	Keypress: z
55.1071 	EXP 	fixation: autoDraw = False
55.1071 	EXP 	line1: autoDraw = False
55.1071 	EXP 	line2: autoDraw = False
55.1071 	EXP 	line3: autoDraw = False
55.1071 	EXP 	line4: autoDraw = False
55.1071 	EXP 	probe: autoDraw = False
55.1071 	EXP 	fixation: autoDraw = True
55.2245 	EXP 	Device response: <KeyPress from None: t=55.07639969998854, value=z, duration=0.13187809998635203>
56.0910 	EXP 	line1: autoDraw = True
56.0910 	EXP 	line2: autoDraw = True
56.0910 	EXP 	line3: autoDraw = True
56.0910 	EXP 	line4: autoDraw = True
56.1070 	EXP 	fixation: autoDraw = False
57.0912 	INFO 	Keyboard events cleared
57.0911 	EXP 	probe: autoDraw = True
57.4076 	EXP 	Device response: <KeyPress from None: t=57.39439149998361, value=x, duration=None>
57.4078 	EXP 	New trial (rep=5, index=1): <Trial 21 (1 in rep 5) data={'pos': np.int64(150), 'corr_resp': 'v', 'thisN': 21, 'thisTrialN': 1, 'thisRepN': 5}>
57.4087 	DATA 	Keypress: x
57.4244 	EXP 	fixation: autoDraw = False
57.4244 	EXP 	line1: autoDraw = False
57.4244 	EXP 	line2: autoDraw = False
57.4244 	EXP 	line3: autoDraw = False
57.4244 	EXP 	line4: autoDraw = False
57.4244 	EXP 	probe: autoDraw = False
57.4244 	EXP 	fixation: autoDraw = True
57.5576 	EXP 	Device response: <KeyPress from None: t=57.39439149998361, value=x, duration=0.15083369999774732>
58.4070 	EXP 	line1: autoDraw = True
58.4070 	EXP 	line2: autoDraw = True
58.4070 	EXP 	line3: autoDraw = True
58.4070 	EXP 	line4: autoDraw = True
58.4276 	EXP 	fixation: autoDraw = False
59.4072 	INFO 	Keyboard events cleared
59.4071 	EXP 	probe: autoDraw = True
59.6746 	EXP 	Device response: <KeyPress from None: t=59.660223399987444, value=v, duration=None>
59.6748 	EXP 	New trial (rep=5, index=2): <Trial 22 (2 in rep 5) data={'pos': np.int64(50), 'corr_resp': 'c', 'thisN': 22, 'thisTrialN': 2, 'thisRepN': 5}>
59.6757 	DATA 	Keypress: v
59.6906 	EXP 	fixation: autoDraw = False
59.6906 	EXP 	line1: autoDraw = False
59.6906 	EXP 	line2: autoDraw = False
59.6906 	EXP 	line3: autoDraw = False
59.6906 	EXP 	line4: autoDraw = False
59.6906 	EXP 	probe: autoDraw = False
59.6906 	EXP 	fixation: autoDraw = True
59.8074 	EXP 	Device response: <KeyPress from None: t=59.660223399987444, value=v, duration=0.13352440000744537>
60.6905 	EXP 	fixation: autoDraw = False
60.6905 	EXP 	line1: autoDraw = True
60.6905 	EXP 	line2: autoDraw = True
60.6905 	EXP 	line3: autoDraw = True
60.6905 	EXP 	line4: autoDraw = True
61.6747 	INFO 	Keyboard events cleared
61.6745 	EXP 	probe: autoDraw = True
62.0922 	DATA 	Keypress: c
62.1080 	EXP 	Device response: <KeyPress from None: t=62.09071619997849, value=c, duration=None>
62.1083 	EXP 	New trial (rep=5, index=3): <Trial 23 (3 in rep 5) data={'pos': np.int64(-150), 'corr_resp': 'z', 'thisN': 23, 'thisTrialN': 3, 'thisRepN': 5}>
62.1246 	EXP 	fixation: autoDraw = False
62.1246 	EXP 	line1: autoDraw = False
62.1246 	EXP 	line2: autoDraw = False
62.1246 	EXP 	line3: autoDraw = False
62.1246 	EXP 	line4: autoDraw = False
62.1246 	EXP 	probe: autoDraw = False
62.1246 	EXP 	fixation: autoDraw = True
62.2408 	EXP 	Device response: <KeyPress from None: t=62.09071619997849, value=c, duration=0.1450667000026442>
63.1087 	EXP 	line1: autoDraw = True
63.1087 	EXP 	line2: autoDraw = True
63.1087 	EXP 	line3: autoDraw = True
63.1087 	EXP 	line4: autoDraw = True
63.1259 	EXP 	fixation: autoDraw = False
64.1095 	INFO 	Keyboard events cleared
64.1093 	EXP 	probe: autoDraw = True
64.3431 	EXP 	Device response: <KeyPress from None: t=64.3325574999908, value=z, duration=None>
64.3436 	EXP 	New trial (rep=6, index=0): <Trial 24 (0 in rep 6) data={'pos': np.int64(-50), 'corr_resp': 'x', 'thisN': 24, 'thisTrialN': 0, 'thisRepN': 6}>
64.3449 	DATA 	Keypress: z
64.3584 	EXP 	fixation: autoDraw = False
64.3584 	EXP 	line1: autoDraw = False
64.3584 	EXP 	line2: autoDraw = False
64.3584 	EXP 	line3: autoDraw = False
64.3584 	EXP 	line4: autoDraw = False
64.3584 	EXP 	probe: autoDraw = False
64.3584 	EXP 	fixation: autoDraw = True
64.4417 	EXP 	Device response: <KeyPress from None: t=64.3325574999908, value=z, duration=0.09737289999611676>
65.3431 	EXP 	line1: autoDraw = True
65.3431 	EXP 	line2: autoDraw = True
65.3431 	EXP 	line3: autoDraw = True
65.3431 	EXP 	line4: autoDraw = True
65.3591 	EXP 	fixation: autoDraw = False
66.3578 	INFO 	Keyboard events cleared
66.3576 	EXP 	probe: autoDraw = True
66.7282 	DATA 	Keypress: x
66.7418 	EXP 	Device response: <KeyPress from None: t=66.72725549997995, value=x, duration=None>
66.7421 	EXP 	New trial (rep=6, index=1): <Trial 25 (1 in rep 6) data={'pos': np.int64(150), 'corr_resp': 'v', 'thisN': 25, 'thisTrialN': 1, 'thisRepN': 6}>
66.7593 	EXP 	fixation: autoDraw = False
66.7593 	EXP 	line1: autoDraw = False
66.7593 	EXP 	line2: autoDraw = False
66.7593 	EXP 	line3: autoDraw = False
66.7593 	EXP 	line4: autoDraw = False
66.7593 	EXP 	probe: autoDraw = False
66.7593 	EXP 	fixation: autoDraw = True
66.8600 	EXP 	Device response: <KeyPress from None: t=66.72725549997995, value=x, duration=0.12506809999467805>
67.7426 	EXP 	line1: autoDraw = True
67.7426 	EXP 	line2: autoDraw = True
67.7426 	EXP 	line3: autoDraw = True
67.7426 	EXP 	line4: autoDraw = True
67.7576 	EXP 	fixation: autoDraw = False
68.7431 	INFO 	Keyboard events cleared
68.7429 	EXP 	probe: autoDraw = True
69.0262 	EXP 	Device response: <KeyPress from None: t=69.01414239997393, value=v, duration=None>
69.0267 	EXP 	New trial (rep=6, index=2): <Trial 26 (2 in rep 6) data={'pos': np.int64(50), 'corr_resp': 'c', 'thisN': 26, 'thisTrialN': 2, 'thisRepN': 6}>
69.0281 	DATA 	Keypress: v
69.0416 	EXP 	fixation: autoDraw = False
69.0416 	EXP 	line1: autoDraw = False
69.0416 	EXP 	line2: autoDraw = False
69.0416 	EXP 	line3: autoDraw = False
69.0416 	EXP 	line4: autoDraw = False
69.0416 	EXP 	probe: autoDraw = False
69.0416 	EXP 	fixation: autoDraw = True
69.1749 	EXP 	Device response: <KeyPress from None: t=69.01414239997393, value=v, duration=0.15255810000235215>
70.0262 	EXP 	line1: autoDraw = True
70.0262 	EXP 	line2: autoDraw = True
70.0262 	EXP 	line3: autoDraw = True
70.0262 	EXP 	line4: autoDraw = True
70.0429 	EXP 	fixation: autoDraw = False
71.0263 	INFO 	Keyboard events cleared
71.0261 	EXP 	probe: autoDraw = True
71.3096 	EXP 	Device response: <KeyPress from None: t=71.30643369999598, value=c, duration=None>
71.3100 	EXP 	New trial (rep=6, index=3): <Trial 27 (3 in rep 6) data={'pos': np.int64(-150), 'corr_resp': 'z', 'thisN': 27, 'thisTrialN': 3, 'thisRepN': 6}>
71.3111 	DATA 	Keypress: c
71.3251 	EXP 	fixation: autoDraw = False
71.3251 	EXP 	line1: autoDraw = False
71.3251 	EXP 	line2: autoDraw = False
71.3251 	EXP 	line3: autoDraw = False
71.3251 	EXP 	line4: autoDraw = False
71.3251 	EXP 	probe: autoDraw = False
71.3251 	EXP 	fixation: autoDraw = True
71.4916 	EXP 	Device response: <KeyPress from None: t=71.30643369999598, value=c, duration=0.16891239999677055>
72.3096 	EXP 	line1: autoDraw = True
72.3096 	EXP 	line2: autoDraw = True
72.3096 	EXP 	line3: autoDraw = True
72.3096 	EXP 	line4: autoDraw = True
72.3262 	EXP 	fixation: autoDraw = False
73.3103 	INFO 	Keyboard events cleared
73.3101 	EXP 	probe: autoDraw = True
73.5764 	EXP 	Device response: <KeyPress from None: t=73.56432249999489, value=z, duration=None>
73.5768 	EXP 	New trial (rep=7, index=0): <Trial 28 (0 in rep 7) data={'pos': np.int64(-50), 'corr_resp': 'x', 'thisN': 28, 'thisTrialN': 0, 'thisRepN': 7}>
73.5780 	DATA 	Keypress: z
73.5914 	EXP 	fixation: autoDraw = False
73.5914 	EXP 	line1: autoDraw = False
73.5914 	EXP 	line2: autoDraw = False
73.5914 	EXP 	line3: autoDraw = False
73.5914 	EXP 	line4: autoDraw = False
73.5914 	EXP 	probe: autoDraw = False
73.5914 	EXP 	fixation: autoDraw = True
73.8258 	EXP 	Device response: <KeyPress from None: t=73.56432249999489, value=z, duration=0.25696359999710694>
74.5750 	EXP 	line1: autoDraw = True
74.5750 	EXP 	line2: autoDraw = True
74.5750 	EXP 	line3: autoDraw = True
74.5750 	EXP 	line4: autoDraw = True
74.5923 	EXP 	fixation: autoDraw = False
75.5764 	INFO 	Keyboard events cleared
75.5762 	EXP 	probe: autoDraw = True
75.8919 	EXP 	Device response: <KeyPress from None: t=75.88732369997888, value=x, duration=None>
75.8923 	EXP 	New trial (rep=7, index=1): <Trial 29 (1 in rep 7) data={'pos': np.int64(150), 'corr_resp': 'v', 'thisN': 29, 'thisTrialN': 1, 'thisRepN': 7}>
75.8937 	DATA 	Keypress: x
75.9089 	EXP 	fixation: autoDraw = False
75.9089 	EXP 	line1: autoDraw = False
75.9089 	EXP 	line2: autoDraw = False
75.9089 	EXP 	line3: autoDraw = False
75.9089 	EXP 	line4: autoDraw = False
75.9089 	EXP 	probe: autoDraw = False
75.9089 	EXP 	fixation: autoDraw = True
76.0933 	EXP 	Device response: <KeyPress from None: t=75.88732369997888, value=x, duration=0.19437310000648722>
76.8929 	EXP 	line1: autoDraw = True
76.8929 	EXP 	line2: autoDraw = True
76.8929 	EXP 	line3: autoDraw = True
76.8929 	EXP 	line4: autoDraw = True
76.9097 	EXP 	fixation: autoDraw = False
77.8933 	INFO 	Keyboard events cleared
77.8931 	EXP 	probe: autoDraw = True
78.2085 	EXP 	Device response: <KeyPress from None: t=78.19485439997516, value=v, duration=None>
78.2089 	EXP 	New trial (rep=7, index=2): <Trial 30 (2 in rep 7) data={'pos': np.int64(50), 'corr_resp': 'c', 'thisN': 30, 'thisTrialN': 2, 'thisRepN': 7}>
78.2100 	DATA 	Keypress: v
78.2260 	EXP 	fixation: autoDraw = False
78.2260 	EXP 	line1: autoDraw = False
78.2260 	EXP 	line2: autoDraw = False
78.2260 	EXP 	line3: autoDraw = False
78.2260 	EXP 	line4: autoDraw = False
78.2260 	EXP 	probe: autoDraw = False
78.2260 	EXP 	fixation: autoDraw = True
78.3753 	EXP 	Device response: <KeyPress from None: t=78.19485439997516, value=v, duration=0.1657104000041727>
79.2091 	EXP 	line1: autoDraw = True
79.2091 	EXP 	line2: autoDraw = True
79.2091 	EXP 	line3: autoDraw = True
79.2091 	EXP 	line4: autoDraw = True
79.2259 	EXP 	fixation: autoDraw = False
80.2094 	INFO 	Keyboard events cleared
80.2091 	EXP 	probe: autoDraw = True
80.5262 	EXP 	Device response: <KeyPress from None: t=80.52313449999201, value=c, duration=None>
80.5267 	EXP 	New trial (rep=7, index=3): <Trial 31 (3 in rep 7) data={'pos': np.int64(-150), 'corr_resp': 'z', 'thisN': 31, 'thisTrialN': 3, 'thisRepN': 7}>
80.5279 	DATA 	Keypress: c
80.5413 	EXP 	fixation: autoDraw = False
80.5413 	EXP 	line1: autoDraw = False
80.5413 	EXP 	line2: autoDraw = False
80.5413 	EXP 	line3: autoDraw = False
80.5413 	EXP 	line4: autoDraw = False
80.5413 	EXP 	probe: autoDraw = False
80.5413 	EXP 	fixation: autoDraw = True
80.6917 	EXP 	Device response: <KeyPress from None: t=80.52313449999201, value=c, duration=0.16277709999121726>
81.5267 	EXP 	line1: autoDraw = True
81.5267 	EXP 	line2: autoDraw = True
81.5267 	EXP 	line3: autoDraw = True
81.5267 	EXP 	line4: autoDraw = True
81.5428 	EXP 	fixation: autoDraw = False
82.5251 	INFO 	Keyboard events cleared
82.5249 	EXP 	probe: autoDraw = True
82.9254 	EXP 	Device response: <KeyPress from None: t=82.92353249998996, value=z, duration=None>
82.9258 	EXP 	New trial (rep=8, index=0): <Trial 32 (0 in rep 8) data={'pos': np.int64(-50), 'corr_resp': 'x', 'thisN': 32, 'thisTrialN': 0, 'thisRepN': 8}>
82.9270 	DATA 	Keypress: z
82.9420 	EXP 	fixation: autoDraw = False
82.9420 	EXP 	line1: autoDraw = False
82.9420 	EXP 	line2: autoDraw = False
82.9420 	EXP 	line3: autoDraw = False
82.9420 	EXP 	line4: autoDraw = False
82.9420 	EXP 	probe: autoDraw = False
82.9420 	EXP 	fixation: autoDraw = True
83.0422 	EXP 	Device response: <KeyPress from None: t=82.92353249998996, value=z, duration=0.11669809999875724>
83.9260 	EXP 	line1: autoDraw = True
83.9260 	EXP 	line2: autoDraw = True
83.9260 	EXP 	line3: autoDraw = True
83.9260 	EXP 	line4: autoDraw = True
83.9427 	EXP 	fixation: autoDraw = False
84.9262 	INFO 	Keyboard events cleared
84.9260 	EXP 	probe: autoDraw = True
85.2767 	EXP 	Device response: <KeyPress from None: t=85.26960169998347, value=x, duration=None>
85.2770 	EXP 	New trial (rep=8, index=1): <Trial 33 (1 in rep 8) data={'pos': np.int64(150), 'corr_resp': 'v', 'thisN': 33, 'thisTrialN': 1, 'thisRepN': 8}>
85.2783 	DATA 	Keypress: x
85.2919 	EXP 	fixation: autoDraw = False
85.2919 	EXP 	line1: autoDraw = False
85.2919 	EXP 	line2: autoDraw = False
85.2919 	EXP 	line3: autoDraw = False
85.2919 	EXP 	line4: autoDraw = False
85.2919 	EXP 	probe: autoDraw = False
85.2919 	EXP 	fixation: autoDraw = True
85.4593 	EXP 	Device response: <KeyPress from None: t=85.26960169998347, value=x, duration=0.17890490000718273>
86.2930 	EXP 	fixation: autoDraw = False
86.2930 	EXP 	line1: autoDraw = True
86.2930 	EXP 	line2: autoDraw = True
86.2930 	EXP 	line3: autoDraw = True
86.2930 	EXP 	line4: autoDraw = True
87.2933 	INFO 	Keyboard events cleared
87.2931 	EXP 	probe: autoDraw = True
87.6259 	EXP 	Device response: <KeyPress from None: t=87.62036009997246, value=v, duration=None>
87.6262 	EXP 	New trial (rep=8, index=2): <Trial 34 (2 in rep 8) data={'pos': np.int64(50), 'corr_resp': 'c', 'thisN': 34, 'thisTrialN': 2, 'thisRepN': 8}>
87.6274 	DATA 	Keypress: v
87.6425 	EXP 	fixation: autoDraw = False
87.6425 	EXP 	line1: autoDraw = False
87.6425 	EXP 	line2: autoDraw = False
87.6425 	EXP 	line3: autoDraw = False
87.6425 	EXP 	line4: autoDraw = False
87.6425 	EXP 	probe: autoDraw = False
87.6425 	EXP 	fixation: autoDraw = True
87.8086 	EXP 	Device response: <KeyPress from None: t=87.62036009997246, value=v, duration=0.17170370000530966>
88.6263 	EXP 	line1: autoDraw = True
88.6263 	EXP 	line2: autoDraw = True
88.6263 	EXP 	line3: autoDraw = True
88.6263 	EXP 	line4: autoDraw = True
88.6425 	EXP 	fixation: autoDraw = False
89.6263 	INFO 	Keyboard events cleared
89.6261 	EXP 	probe: autoDraw = True
89.8980 	EXP 	Device response: <KeyPress from None: t=89.88743219999014, value=c, duration=None>
89.8985 	EXP 	New trial (rep=8, index=3): <Trial 35 (3 in rep 8) data={'pos': np.int64(-150), 'corr_resp': 'z', 'thisN': 35, 'thisTrialN': 3, 'thisRepN': 8}>
89.8998 	DATA 	Keypress: c
89.9080 	EXP 	fixation: autoDraw = False
89.9080 	EXP 	line1: autoDraw = False
89.9080 	EXP 	line2: autoDraw = False
89.9080 	EXP 	line3: autoDraw = False
89.9080 	EXP 	line4: autoDraw = False
89.9080 	EXP 	probe: autoDraw = False
89.9080 	EXP 	fixation: autoDraw = True
90.0754 	EXP 	Device response: <KeyPress from None: t=89.88743219999014, value=c, duration=0.1758335999911651>
90.9089 	EXP 	fixation: autoDraw = False
90.9089 	EXP 	line1: autoDraw = True
90.9089 	EXP 	line2: autoDraw = True
90.9089 	EXP 	line3: autoDraw = True
90.9089 	EXP 	line4: autoDraw = True
91.9101 	INFO 	Keyboard events cleared
91.9098 	EXP 	probe: autoDraw = True
92.2103 	EXP 	Device response: <KeyPress from None: t=92.20114389999071, value=z, duration=None>
92.2107 	EXP 	New trial (rep=9, index=0): <Trial 36 (0 in rep 9) data={'pos': np.int64(-50), 'corr_resp': 'x', 'thisN': 36, 'thisTrialN': 0, 'thisRepN': 9}>
92.2120 	DATA 	Keypress: z
92.2246 	EXP 	fixation: autoDraw = False
92.2246 	EXP 	line1: autoDraw = False
92.2246 	EXP 	line2: autoDraw = False
92.2246 	EXP 	line3: autoDraw = False
92.2246 	EXP 	line4: autoDraw = False
92.2246 	EXP 	probe: autoDraw = False
92.2246 	EXP 	fixation: autoDraw = True
92.3416 	EXP 	Device response: <KeyPress from None: t=92.20114389999071, value=z, duration=0.1352169000019785>
93.2261 	EXP 	fixation: autoDraw = False
93.2261 	EXP 	line1: autoDraw = True
93.2261 	EXP 	line2: autoDraw = True
93.2261 	EXP 	line3: autoDraw = True
93.2261 	EXP 	line4: autoDraw = True
94.2093 	INFO 	Keyboard events cleared
94.2091 	EXP 	probe: autoDraw = True
94.5771 	EXP 	Device response: <KeyPress from None: t=94.56854609999573, value=x, duration=None>
94.5775 	EXP 	New trial (rep=9, index=1): <Trial 37 (1 in rep 9) data={'pos': np.int64(150), 'corr_resp': 'v', 'thisN': 37, 'thisTrialN': 1, 'thisRepN': 9}>
94.5788 	DATA 	Keypress: x
94.5920 	EXP 	fixation: autoDraw = False
94.5920 	EXP 	line1: autoDraw = False
94.5920 	EXP 	line2: autoDraw = False
94.5920 	EXP 	line3: autoDraw = False
94.5920 	EXP 	line4: autoDraw = False
94.5920 	EXP 	probe: autoDraw = False
94.5920 	EXP 	fixation: autoDraw = True
94.7260 	EXP 	Device response: <KeyPress from None: t=94.56854609999573, value=x, duration=0.15090259999851696>
95.5772 	EXP 	line1: autoDraw = True
95.5772 	EXP 	line2: autoDraw = True
95.5772 	EXP 	line3: autoDraw = True
95.5772 	EXP 	line4: autoDraw = True
95.5931 	EXP 	fixation: autoDraw = False
96.5930 	INFO 	Keyboard events cleared
96.5928 	EXP 	probe: autoDraw = True
96.9260 	EXP 	Device response: <KeyPress from None: t=96.91760319998139, value=v, duration=None>
96.9263 	EXP 	New trial (rep=9, index=2): <Trial 38 (2 in rep 9) data={'pos': np.int64(50), 'corr_resp': 'c', 'thisN': 38, 'thisTrialN': 2, 'thisRepN': 9}>
96.9277 	DATA 	Keypress: v
96.9429 	EXP 	fixation: autoDraw = False
96.9429 	EXP 	line1: autoDraw = False
96.9429 	EXP 	line2: autoDraw = False
96.9429 	EXP 	line3: autoDraw = False
96.9429 	EXP 	line4: autoDraw = False
96.9429 	EXP 	probe: autoDraw = False
96.9429 	EXP 	fixation: autoDraw = True
97.0927 	EXP 	Device response: <KeyPress from None: t=96.91760319998139, value=v, duration=0.16995030001271516>
97.9263 	EXP 	line1: autoDraw = True
97.9263 	EXP 	line2: autoDraw = True
97.9263 	EXP 	line3: autoDraw = True
97.9263 	EXP 	line4: autoDraw = True
97.9435 	EXP 	fixation: autoDraw = False
98.9268 	INFO 	Keyboard events cleared
98.9266 	EXP 	probe: autoDraw = True
99.5093 	EXP 	Device response: <KeyPress from None: t=99.50583059998462, value=c, duration=None>
99.5097 	EXP 	New trial (rep=9, index=3): <Trial 39 (3 in rep 9) data={'pos': np.int64(-150), 'corr_resp': 'z', 'thisN': 39, 'thisTrialN': 3, 'thisRepN': 9}>
99.5109 	DATA 	Keypress: c
99.5254 	EXP 	fixation: autoDraw = False
99.5254 	EXP 	line1: autoDraw = False
99.5254 	EXP 	line2: autoDraw = False
99.5254 	EXP 	line3: autoDraw = False
99.5254 	EXP 	line4: autoDraw = False
99.5254 	EXP 	probe: autoDraw = False
99.5254 	EXP 	fixation: autoDraw = True
99.6760 	EXP 	Device response: <KeyPress from None: t=99.50583059998462, value=c, duration=0.1590806000167504>
100.5100 	EXP 	line1: autoDraw = True
100.5100 	EXP 	line2: autoDraw = True
100.5100 	EXP 	line3: autoDraw = True
100.5100 	EXP 	line4: autoDraw = True
100.5269 	EXP 	fixation: autoDraw = False
101.5253 	INFO 	Keyboard events cleared
101.5250 	EXP 	probe: autoDraw = True
101.8927 	EXP 	Device response: <KeyPress from None: t=101.88350009999704, value=z, duration=None>
101.8931 	EXP 	New trial (rep=10, index=0): <Trial 40 (0 in rep 10) data={'pos': np.int64(-50), 'corr_resp': 'x', 'thisN': 40, 'thisTrialN': 0, 'thisRepN': 10}>
101.8950 	DATA 	Keypress: z
101.9083 	EXP 	fixation: autoDraw = False
101.9083 	EXP 	line1: autoDraw = False
101.9083 	EXP 	line2: autoDraw = False
101.9083 	EXP 	line3: autoDraw = False
101.9083 	EXP 	line4: autoDraw = False
101.9083 	EXP 	probe: autoDraw = False
101.9083 	EXP 	fixation: autoDraw = True
101.9596 	EXP 	Device response: <KeyPress from None: t=101.88350009999704, value=z, duration=0.07150979997823015>
102.9078 	EXP 	fixation: autoDraw = False
102.9078 	EXP 	line1: autoDraw = True
102.9078 	EXP 	line2: autoDraw = True
102.9078 	EXP 	line3: autoDraw = True
102.9078 	EXP 	line4: autoDraw = True
103.9082 	INFO 	Keyboard events cleared
103.9080 	EXP 	probe: autoDraw = True
104.4425 	EXP 	Device response: <KeyPress from None: t=104.4325595999835, value=x, duration=None>
104.4428 	EXP 	New trial (rep=10, index=1): <Trial 41 (1 in rep 10) data={'pos': np.int64(150), 'corr_resp': 'v', 'thisN': 41, 'thisTrialN': 1, 'thisRepN': 10}>
104.4441 	DATA 	Keypress: x
104.4578 	EXP 	fixation: autoDraw = False
104.4578 	EXP 	line1: autoDraw = False
104.4578 	EXP 	line2: autoDraw = False
104.4578 	EXP 	line3: autoDraw = False
104.4578 	EXP 	line4: autoDraw = False
104.4578 	EXP 	probe: autoDraw = False
104.4578 	EXP 	fixation: autoDraw = True
104.5757 	EXP 	Device response: <KeyPress from None: t=104.4325595999835, value=x, duration=0.14181150001240894>
105.4412 	EXP 	line1: autoDraw = True
105.4412 	EXP 	line2: autoDraw = True
105.4412 	EXP 	line3: autoDraw = True
105.4412 	EXP 	line4: autoDraw = True
105.4579 	EXP 	fixation: autoDraw = False
106.4413 	INFO 	Keyboard events cleared
106.4412 	EXP 	probe: autoDraw = True
106.7757 	EXP 	Device response: <KeyPress from None: t=106.76102029997855, value=v, duration=None>
106.7760 	EXP 	New trial (rep=10, index=2): <Trial 42 (2 in rep 10) data={'pos': np.int64(50), 'corr_resp': 'c', 'thisN': 42, 'thisTrialN': 2, 'thisRepN': 10}>
106.7769 	DATA 	Keypress: v
106.7914 	EXP 	fixation: autoDraw = False
106.7914 	EXP 	line1: autoDraw = False
106.7914 	EXP 	line2: autoDraw = False
106.7914 	EXP 	line3: autoDraw = False
106.7914 	EXP 	line4: autoDraw = False
106.7914 	EXP 	probe: autoDraw = False
106.7914 	EXP 	fixation: autoDraw = True
106.9589 	EXP 	Device response: <KeyPress from None: t=106.76102029997855, value=v, duration=0.19193970001651905>
107.7911 	EXP 	fixation: autoDraw = False
107.7911 	EXP 	line1: autoDraw = True
107.7911 	EXP 	line2: autoDraw = True
107.7911 	EXP 	line3: autoDraw = True
107.7911 	EXP 	line4: autoDraw = True
108.7755 	INFO 	Keyboard events cleared
108.7753 	EXP 	probe: autoDraw = True
109.1772 	DATA 	Keypress: c
109.1916 	EXP 	Device response: <KeyPress from None: t=109.17627909997827, value=c, duration=None>
109.1919 	EXP 	New trial (rep=10, index=3): <Trial 43 (3 in rep 10) data={'pos': np.int64(-150), 'corr_resp': 'z', 'thisN': 43, 'thisTrialN': 3, 'thisRepN': 10}>
109.2086 	EXP 	fixation: autoDraw = False
109.2086 	EXP 	line1: autoDraw = False
109.2086 	EXP 	line2: autoDraw = False
109.2086 	EXP 	line3: autoDraw = False
109.2086 	EXP 	line4: autoDraw = False
109.2086 	EXP 	probe: autoDraw = False
109.2086 	EXP 	fixation: autoDraw = True
109.3587 	EXP 	Device response: <KeyPress from None: t=109.17627909997827, value=c, duration=0.17176670001936145>
110.1917 	EXP 	line1: autoDraw = True
110.1917 	EXP 	line2: autoDraw = True
110.1917 	EXP 	line3: autoDraw = True
110.1917 	EXP 	line4: autoDraw = True
110.2085 	EXP 	fixation: autoDraw = False
111.1923 	INFO 	Keyboard events cleared
111.1921 	EXP 	probe: autoDraw = True
111.6417 	EXP 	Device response: <KeyPress from None: t=111.6386935999908, value=z, duration=None>
111.6420 	EXP 	New trial (rep=11, index=0): <Trial 44 (0 in rep 11) data={'pos': np.int64(-50), 'corr_resp': 'x', 'thisN': 44, 'thisTrialN': 0, 'thisRepN': 11}>
111.6430 	DATA 	Keypress: z
111.6584 	EXP 	fixation: autoDraw = False
111.6584 	EXP 	line1: autoDraw = False
111.6584 	EXP 	line2: autoDraw = False
111.6584 	EXP 	line3: autoDraw = False
111.6584 	EXP 	line4: autoDraw = False
111.6584 	EXP 	probe: autoDraw = False
111.6584 	EXP 	fixation: autoDraw = True
111.7759 	EXP 	Device response: <KeyPress from None: t=111.6386935999908, value=z, duration=0.12093979999190196>
112.6417 	EXP 	line1: autoDraw = True
112.6417 	EXP 	line2: autoDraw = True
112.6417 	EXP 	line3: autoDraw = True
112.6417 	EXP 	line4: autoDraw = True
112.6586 	EXP 	fixation: autoDraw = False
113.6415 	INFO 	Keyboard events cleared
113.6414 	EXP 	probe: autoDraw = True
114.0935 	DATA 	Keypress: x
114.1094 	EXP 	Device response: <KeyPress from None: t=114.09251469999435, value=x, duration=None>
114.1097 	EXP 	New trial (rep=11, index=1): <Trial 45 (1 in rep 11) data={'pos': np.int64(150), 'corr_resp': 'v', 'thisN': 45, 'thisTrialN': 1, 'thisRepN': 11}>
114.1252 	EXP 	fixation: autoDraw = False
114.1252 	EXP 	line1: autoDraw = False
114.1252 	EXP 	line2: autoDraw = False
114.1252 	EXP 	line3: autoDraw = False
114.1252 	EXP 	line4: autoDraw = False
114.1252 	EXP 	probe: autoDraw = False
114.1252 	EXP 	fixation: autoDraw = True
114.3253 	EXP 	Device response: <KeyPress from None: t=114.09251469999435, value=x, duration=0.21709659998305142>
115.1091 	EXP 	line1: autoDraw = True
115.1091 	EXP 	line2: autoDraw = True
115.1091 	EXP 	line3: autoDraw = True
115.1091 	EXP 	line4: autoDraw = True
115.1252 	EXP 	fixation: autoDraw = False
116.1103 	INFO 	Keyboard events cleared
116.1101 	EXP 	probe: autoDraw = True
116.5771 	EXP 	Device response: <KeyPress from None: t=116.57248309999704, value=v, duration=None>
116.5775 	EXP 	New trial (rep=11, index=2): <Trial 46 (2 in rep 11) data={'pos': np.int64(50), 'corr_resp': 'c', 'thisN': 46, 'thisTrialN': 2, 'thisRepN': 11}>
116.5786 	DATA 	Keypress: v
116.5919 	EXP 	fixation: autoDraw = False
116.5919 	EXP 	line1: autoDraw = False
116.5919 	EXP 	line2: autoDraw = False
116.5919 	EXP 	line3: autoDraw = False
116.5919 	EXP 	line4: autoDraw = False
116.5919 	EXP 	probe: autoDraw = False
116.5919 	EXP 	fixation: autoDraw = True
116.7443 	EXP 	Device response: <KeyPress from None: t=116.57248309999704, value=v, duration=0.16273650000221096>
117.5767 	EXP 	line1: autoDraw = True
117.5767 	EXP 	line2: autoDraw = True
117.5767 	EXP 	line3: autoDraw = True
117.5767 	EXP 	line4: autoDraw = True
117.5919 	EXP 	fixation: autoDraw = False
118.5936 	INFO 	Keyboard events cleared
118.5934 	EXP 	probe: autoDraw = True
119.0601 	EXP 	Device response: <KeyPress from None: t=119.05175259997486, value=c, duration=None>
119.0606 	EXP 	New trial (rep=11, index=3): <Trial 47 (3 in rep 11) data={'pos': np.int64(-150), 'corr_resp': 'z', 'thisN': 47, 'thisTrialN': 3, 'thisRepN': 11}>
119.0618 	DATA 	Keypress: c
119.0757 	EXP 	fixation: autoDraw = False
119.0757 	EXP 	line1: autoDraw = False
119.0757 	EXP 	line2: autoDraw = False
119.0757 	EXP 	line3: autoDraw = False
119.0757 	EXP 	line4: autoDraw = False
119.0757 	EXP 	probe: autoDraw = False
119.0757 	EXP 	fixation: autoDraw = True
119.2420 	EXP 	Device response: <KeyPress from None: t=119.05175259997486, value=c, duration=0.1822528000047896>
120.0756 	EXP 	fixation: autoDraw = False
120.0756 	EXP 	line1: autoDraw = True
120.0756 	EXP 	line2: autoDraw = True
120.0756 	EXP 	line3: autoDraw = True
120.0756 	EXP 	line4: autoDraw = True
121.0757 	INFO 	Keyboard events cleared
121.0756 	EXP 	probe: autoDraw = True
121.4769 	EXP 	Device response: <KeyPress from None: t=121.47044289999758, value=z, duration=None>
121.4773 	EXP 	New trial (rep=12, index=0): <Trial 48 (0 in rep 12) data={'pos': np.int64(-50), 'corr_resp': 'x', 'thisN': 48, 'thisTrialN': 0, 'thisRepN': 12}>
121.4786 	DATA 	Keypress: z
121.4917 	EXP 	fixation: autoDraw = False
121.4917 	EXP 	line1: autoDraw = False
121.4917 	EXP 	line2: autoDraw = False
121.4917 	EXP 	line3: autoDraw = False
121.4917 	EXP 	line4: autoDraw = False
121.4917 	EXP 	probe: autoDraw = False
121.4917 	EXP 	fixation: autoDraw = True
121.6261 	EXP 	Device response: <KeyPress from None: t=121.47044289999758, value=z, duration=0.14590239999233745>
122.4769 	EXP 	line1: autoDraw = True
122.4769 	EXP 	line2: autoDraw = True
122.4769 	EXP 	line3: autoDraw = True
122.4769 	EXP 	line4: autoDraw = True
122.4933 	EXP 	fixation: autoDraw = False
123.4771 	INFO 	Keyboard events cleared
123.4769 	EXP 	probe: autoDraw = True
124.0922 	EXP 	Device response: <KeyPress from None: t=124.08034509999561, value=x, duration=None>
124.0927 	EXP 	New trial (rep=12, index=1): <Trial 49 (1 in rep 12) data={'pos': np.int64(150), 'corr_resp': 'v', 'thisN': 49, 'thisTrialN': 1, 'thisRepN': 12}>
124.0939 	DATA 	Keypress: x
124.1096 	EXP 	fixation: autoDraw = False
124.1096 	EXP 	line1: autoDraw = False
124.1096 	EXP 	line2: autoDraw = False
124.1096 	EXP 	line3: autoDraw = False
124.1096 	EXP 	line4: autoDraw = False
124.1096 	EXP 	probe: autoDraw = False
124.1096 	EXP 	fixation: autoDraw = True
124.2435 	EXP 	Device response: <KeyPress from None: t=124.08034509999561, value=x, duration=0.1556309000006877>
125.0918 	EXP 	line1: autoDraw = True
125.0918 	EXP 	line2: autoDraw = True
125.0918 	EXP 	line3: autoDraw = True
125.0918 	EXP 	line4: autoDraw = True
125.1270 	EXP 	fixation: autoDraw = False
126.0930 	INFO 	Keyboard events cleared
126.0927 	EXP 	probe: autoDraw = True
126.6099 	EXP 	Device response: <KeyPress from None: t=126.60445399998571, value=v, duration=None>
126.6103 	EXP 	New trial (rep=12, index=2): <Trial 50 (2 in rep 12) data={'pos': np.int64(50), 'corr_resp': 'c', 'thisN': 50, 'thisTrialN': 2, 'thisRepN': 12}>
126.6114 	DATA 	Keypress: v
126.6256 	EXP 	fixation: autoDraw = False
126.6256 	EXP 	line1: autoDraw = False
126.6256 	EXP 	line2: autoDraw = False
126.6256 	EXP 	line3: autoDraw = False
126.6256 	EXP 	line4: autoDraw = False
126.6256 	EXP 	probe: autoDraw = False
126.6256 	EXP 	fixation: autoDraw = True
126.8436 	EXP 	Device response: <KeyPress from None: t=126.60445399998571, value=v, duration=0.22179640000103973>
127.6103 	EXP 	line1: autoDraw = True
127.6103 	EXP 	line2: autoDraw = True
127.6103 	EXP 	line3: autoDraw = True
127.6103 	EXP 	line4: autoDraw = True
127.6269 	EXP 	fixation: autoDraw = False
128.6109 	INFO 	Keyboard events cleared
128.6107 	EXP 	probe: autoDraw = True
129.1432 	EXP 	Device response: <KeyPress from None: t=129.134104799974, value=c, duration=None>
129.1436 	EXP 	New trial (rep=12, index=3): <Trial 51 (3 in rep 12) data={'pos': np.int64(-150), 'corr_resp': 'z', 'thisN': 51, 'thisTrialN': 3, 'thisRepN': 12}>
129.1447 	DATA 	Keypress: c
129.1602 	EXP 	fixation: autoDraw = False
129.1602 	EXP 	line1: autoDraw = False
129.1602 	EXP 	line2: autoDraw = False
129.1602 	EXP 	line3: autoDraw = False
129.1602 	EXP 	line4: autoDraw = False
129.1602 	EXP 	probe: autoDraw = False
129.1602 	EXP 	fixation: autoDraw = True
129.3260 	EXP 	Device response: <KeyPress from None: t=129.134104799974, value=c, duration=0.17451750001055188>
130.1436 	EXP 	line1: autoDraw = True
130.1436 	EXP 	line2: autoDraw = True
130.1436 	EXP 	line3: autoDraw = True
130.1436 	EXP 	line4: autoDraw = True
130.1597 	EXP 	fixation: autoDraw = False
131.1436 	INFO 	Keyboard events cleared
131.1434 	EXP 	probe: autoDraw = True
131.5100 	EXP 	Device response: <KeyPress from None: t=131.50111079998896, value=z, duration=None>
131.5103 	EXP 	New trial (rep=13, index=0): <Trial 52 (0 in rep 13) data={'pos': np.int64(-50), 'corr_resp': 'x', 'thisN': 52, 'thisTrialN': 0, 'thisRepN': 13}>
131.5115 	DATA 	Keypress: z
131.5253 	EXP 	fixation: autoDraw = False
131.5253 	EXP 	line1: autoDraw = False
131.5253 	EXP 	line2: autoDraw = False
131.5253 	EXP 	line3: autoDraw = False
131.5253 	EXP 	line4: autoDraw = False
131.5253 	EXP 	probe: autoDraw = False
131.5253 	EXP 	fixation: autoDraw = True
131.6433 	EXP 	Device response: <KeyPress from None: t=131.50111079998896, value=z, duration=0.13254329998744652>
132.5102 	EXP 	line1: autoDraw = True
132.5102 	EXP 	line2: autoDraw = True
132.5102 	EXP 	line3: autoDraw = True
132.5102 	EXP 	line4: autoDraw = True
132.5268 	EXP 	fixation: autoDraw = False
133.5270 	INFO 	Keyboard events cleared
133.5268 	EXP 	probe: autoDraw = True
134.0128 	DATA 	Keypress: x
134.0258 	EXP 	Device response: <KeyPress from None: t=134.01090899997507, value=x, duration=None>
134.0262 	EXP 	New trial (rep=13, index=1): <Trial 53 (1 in rep 13) data={'pos': np.int64(150), 'corr_resp': 'v', 'thisN': 53, 'thisTrialN': 1, 'thisRepN': 13}>
134.0426 	EXP 	fixation: autoDraw = False
134.0426 	EXP 	line1: autoDraw = False
134.0426 	EXP 	line2: autoDraw = False
134.0426 	EXP 	line3: autoDraw = False
134.0426 	EXP 	line4: autoDraw = False
134.0426 	EXP 	probe: autoDraw = False
134.0426 	EXP 	fixation: autoDraw = True
134.0603 	EXP 	Device response: <KeyPress from None: t=134.01090899997507, value=x, duration=0.045223599998280406>
135.0258 	EXP 	line1: autoDraw = True
135.0258 	EXP 	line2: autoDraw = True
135.0258 	EXP 	line3: autoDraw = True
135.0258 	EXP 	line4: autoDraw = True
135.0426 	EXP 	fixation: autoDraw = False
136.0263 	INFO 	Keyboard events cleared
136.0261 	EXP 	probe: autoDraw = True
136.3766 	EXP 	Device response: <KeyPress from None: t=136.37279319998925, value=v, duration=None>
136.3769 	EXP 	New trial (rep=13, index=2): <Trial 54 (2 in rep 13) data={'pos': np.int64(50), 'corr_resp': 'c', 'thisN': 54, 'thisTrialN': 2, 'thisRepN': 13}>
136.3782 	DATA 	Keypress: v
136.3928 	EXP 	fixation: autoDraw = False
136.3928 	EXP 	line1: autoDraw = False
136.3928 	EXP 	line2: autoDraw = False
136.3928 	EXP 	line3: autoDraw = False
136.3928 	EXP 	line4: autoDraw = False
136.3928 	EXP 	probe: autoDraw = False
136.3928 	EXP 	fixation: autoDraw = True
136.5276 	EXP 	Device response: <KeyPress from None: t=136.37279319998925, value=v, duration=0.1464343999978155>
137.3772 	EXP 	line1: autoDraw = True
137.3772 	EXP 	line2: autoDraw = True
137.3772 	EXP 	line3: autoDraw = True
137.3772 	EXP 	line4: autoDraw = True
137.3939 	EXP 	fixation: autoDraw = False
138.3761 	INFO 	Keyboard events cleared
138.3759 	EXP 	probe: autoDraw = True
138.7093 	EXP 	Device response: <KeyPress from None: t=138.70228629998746, value=c, duration=None>
138.7097 	EXP 	New trial (rep=13, index=3): <Trial 55 (3 in rep 13) data={'pos': np.int64(-150), 'corr_resp': 'z', 'thisN': 55, 'thisTrialN': 3, 'thisRepN': 13}>
138.7109 	DATA 	Keypress: c
138.7259 	EXP 	fixation: autoDraw = False
138.7259 	EXP 	line1: autoDraw = False
138.7259 	EXP 	line2: autoDraw = False
138.7259 	EXP 	line3: autoDraw = False
138.7259 	EXP 	line4: autoDraw = False
138.7259 	EXP 	probe: autoDraw = False
138.7259 	EXP 	fixation: autoDraw = True
138.8761 	EXP 	Device response: <KeyPress from None: t=138.70228629998746, value=c, duration=0.16181419999338686>
139.7089 	EXP 	line1: autoDraw = True
139.7089 	EXP 	line2: autoDraw = True
139.7089 	EXP 	line3: autoDraw = True
139.7089 	EXP 	line4: autoDraw = True
139.7261 	EXP 	fixation: autoDraw = False
140.7256 	INFO 	Keyboard events cleared
140.7254 	EXP 	probe: autoDraw = True
141.0252 	EXP 	Device response: <KeyPress from None: t=141.019164599973, value=z, duration=None>
141.0255 	EXP 	New trial (rep=14, index=0): <Trial 56 (0 in rep 14) data={'pos': np.int64(-50), 'corr_resp': 'x', 'thisN': 56, 'thisTrialN': 0, 'thisRepN': 14}>
141.0264 	DATA 	Keypress: z
141.0424 	EXP 	fixation: autoDraw = False
141.0424 	EXP 	line1: autoDraw = False
141.0424 	EXP 	line2: autoDraw = False
141.0424 	EXP 	line3: autoDraw = False
141.0424 	EXP 	line4: autoDraw = False
141.0424 	EXP 	probe: autoDraw = False
141.0424 	EXP 	fixation: autoDraw = True
141.1580 	EXP 	Device response: <KeyPress from None: t=141.019164599973, value=z, duration=0.13064450002275407>
142.0253 	EXP 	line1: autoDraw = True
142.0253 	EXP 	line2: autoDraw = True
142.0253 	EXP 	line3: autoDraw = True
142.0253 	EXP 	line4: autoDraw = True
142.0425 	EXP 	fixation: autoDraw = False
143.0259 	INFO 	Keyboard events cleared
143.0258 	EXP 	probe: autoDraw = True
143.3587 	EXP 	Device response: <KeyPress from None: t=143.35200609997264, value=x, duration=None>
143.3591 	EXP 	New trial (rep=14, index=1): <Trial 57 (1 in rep 14) data={'pos': np.int64(150), 'corr_resp': 'v', 'thisN': 57, 'thisTrialN': 1, 'thisRepN': 14}>
143.3602 	DATA 	Keypress: x
143.3756 	EXP 	fixation: autoDraw = False
143.3756 	EXP 	line1: autoDraw = False
143.3756 	EXP 	line2: autoDraw = False
143.3756 	EXP 	line3: autoDraw = False
143.3756 	EXP 	line4: autoDraw = False
143.3756 	EXP 	probe: autoDraw = False
143.3756 	EXP 	fixation: autoDraw = True
143.4762 	EXP 	Device response: <KeyPress from None: t=143.35200609997264, value=x, duration=0.12176550002186559>
144.3583 	EXP 	line1: autoDraw = True
144.3583 	EXP 	line2: autoDraw = True
144.3583 	EXP 	line3: autoDraw = True
144.3583 	EXP 	line4: autoDraw = True
144.3756 	EXP 	fixation: autoDraw = False
145.3607 	INFO 	Keyboard events cleared
145.3605 	EXP 	probe: autoDraw = True
145.7430 	EXP 	Device response: <KeyPress from None: t=145.73275939997984, value=v, duration=None>
145.7433 	EXP 	New trial (rep=14, index=2): <Trial 58 (2 in rep 14) data={'pos': np.int64(50), 'corr_resp': 'c', 'thisN': 58, 'thisTrialN': 2, 'thisRepN': 14}>
145.7443 	DATA 	Keypress: v
145.7596 	EXP 	fixation: autoDraw = False
145.7596 	EXP 	line1: autoDraw = False
145.7596 	EXP 	line2: autoDraw = False
145.7596 	EXP 	line3: autoDraw = False
145.7596 	EXP 	line4: autoDraw = False
145.7596 	EXP 	probe: autoDraw = False
145.7596 	EXP 	fixation: autoDraw = True
145.9274 	EXP 	Device response: <KeyPress from None: t=145.73275939997984, value=v, duration=0.19112530001439154>
146.7436 	EXP 	line1: autoDraw = True
146.7436 	EXP 	line2: autoDraw = True
146.7436 	EXP 	line3: autoDraw = True
146.7436 	EXP 	line4: autoDraw = True
146.7603 	EXP 	fixation: autoDraw = False
147.7443 	INFO 	Keyboard events cleared
147.7441 	EXP 	probe: autoDraw = True
148.2101 	EXP 	Device response: <KeyPress from None: t=148.20906399999512, value=c, duration=None>
148.2105 	EXP 	New trial (rep=14, index=3): <Trial 59 (3 in rep 14) data={'pos': np.int64(-150), 'corr_resp': 'z', 'thisN': 59, 'thisTrialN': 3, 'thisRepN': 14}>
148.2117 	DATA 	Keypress: c
148.2254 	EXP 	fixation: autoDraw = False
148.2254 	EXP 	line1: autoDraw = False
148.2254 	EXP 	line2: autoDraw = False
148.2254 	EXP 	line3: autoDraw = False
148.2254 	EXP 	line4: autoDraw = False
148.2254 	EXP 	probe: autoDraw = False
148.2254 	EXP 	fixation: autoDraw = True
148.3930 	EXP 	Device response: <KeyPress from None: t=148.20906399999512, value=c, duration=0.1791568000044208>
149.2106 	EXP 	line1: autoDraw = True
149.2106 	EXP 	line2: autoDraw = True
149.2106 	EXP 	line3: autoDraw = True
149.2106 	EXP 	line4: autoDraw = True
149.2263 	EXP 	fixation: autoDraw = False
150.2107 	INFO 	Keyboard events cleared
150.2105 	EXP 	probe: autoDraw = True
150.5611 	EXP 	Device response: <KeyPress from None: t=150.5522675999964, value=z, duration=None>
150.5615 	EXP 	New trial (rep=15, index=0): <Trial 60 (0 in rep 15) data={'pos': np.int64(-50), 'corr_resp': 'x', 'thisN': 60, 'thisTrialN': 0, 'thisRepN': 15}>
150.5626 	DATA 	Keypress: z
150.5755 	EXP 	fixation: autoDraw = False
150.5755 	EXP 	line1: autoDraw = False
150.5755 	EXP 	line2: autoDraw = False
150.5755 	EXP 	line3: autoDraw = False
150.5755 	EXP 	line4: autoDraw = False
150.5755 	EXP 	probe: autoDraw = False
150.5755 	EXP 	fixation: autoDraw = True
150.6935 	EXP 	Device response: <KeyPress from None: t=150.5522675999964, value=z, duration=0.12663759998395108>
151.5604 	EXP 	line1: autoDraw = True
151.5604 	EXP 	line2: autoDraw = True
151.5604 	EXP 	line3: autoDraw = True
151.5604 	EXP 	line4: autoDraw = True
151.5773 	EXP 	fixation: autoDraw = False
152.5757 	INFO 	Keyboard events cleared
152.5755 	EXP 	probe: autoDraw = True
152.8929 	EXP 	Device response: <KeyPress from None: t=152.89007979998132, value=x, duration=None>
152.8934 	EXP 	New trial (rep=15, index=1): <Trial 61 (1 in rep 15) data={'pos': np.int64(150), 'corr_resp': 'v', 'thisN': 61, 'thisTrialN': 1, 'thisRepN': 15}>
152.8951 	DATA 	Keypress: x
152.9096 	EXP 	fixation: autoDraw = False
152.9096 	EXP 	line1: autoDraw = False
152.9096 	EXP 	line2: autoDraw = False
152.9096 	EXP 	line3: autoDraw = False
152.9096 	EXP 	line4: autoDraw = False
152.9096 	EXP 	probe: autoDraw = False
152.9096 	EXP 	fixation: autoDraw = True
153.0601 	EXP 	Device response: <KeyPress from None: t=152.89007979998132, value=x, duration=0.16911489999620244>
153.8941 	EXP 	line1: autoDraw = True
153.8941 	EXP 	line2: autoDraw = True
153.8941 	EXP 	line3: autoDraw = True
153.8941 	EXP 	line4: autoDraw = True
153.9108 	EXP 	fixation: autoDraw = False
154.8937 	INFO 	Keyboard events cleared
154.8935 	EXP 	probe: autoDraw = True
155.2615 	EXP 	Device response: <KeyPress from None: t=155.25036819998058, value=v, duration=None>
155.2618 	EXP 	New trial (rep=15, index=2): <Trial 62 (2 in rep 15) data={'pos': np.int64(50), 'corr_resp': 'c', 'thisN': 62, 'thisTrialN': 2, 'thisRepN': 15}>
155.2631 	DATA 	Keypress: v
155.2763 	EXP 	fixation: autoDraw = False
155.2763 	EXP 	line1: autoDraw = False
155.2763 	EXP 	line2: autoDraw = False
155.2763 	EXP 	line3: autoDraw = False
155.2763 	EXP 	line4: autoDraw = False
155.2763 	EXP 	probe: autoDraw = False
155.2763 	EXP 	fixation: autoDraw = True
155.4279 	EXP 	Device response: <KeyPress from None: t=155.25036819998058, value=v, duration=0.17037569999229163>
156.2769 	EXP 	fixation: autoDraw = False
156.2769 	EXP 	line1: autoDraw = True
156.2769 	EXP 	line2: autoDraw = True
156.2769 	EXP 	line3: autoDraw = True
156.2769 	EXP 	line4: autoDraw = True
157.2772 	INFO 	Keyboard events cleared
157.2770 	EXP 	probe: autoDraw = True
157.5946 	EXP 	Device response: <KeyPress from None: t=157.59222539997427, value=c, duration=None>
157.5949 	EXP 	New trial (rep=15, index=3): <Trial 63 (3 in rep 15) data={'pos': np.int64(-150), 'corr_resp': 'z', 'thisN': 63, 'thisTrialN': 3, 'thisRepN': 15}>
157.5961 	DATA 	Keypress: c
157.6103 	EXP 	fixation: autoDraw = False
157.6103 	EXP 	line1: autoDraw = False
157.6103 	EXP 	line2: autoDraw = False
157.6103 	EXP 	line3: autoDraw = False
157.6103 	EXP 	line4: autoDraw = False
157.6103 	EXP 	probe: autoDraw = False
157.6103 	EXP 	fixation: autoDraw = True
157.7433 	EXP 	Device response: <KeyPress from None: t=157.59222539997427, value=c, duration=0.14327810000395402>
158.6096 	EXP 	line1: autoDraw = True
158.6096 	EXP 	line2: autoDraw = True
158.6096 	EXP 	line3: autoDraw = True
158.6096 	EXP 	line4: autoDraw = True
158.6264 	EXP 	fixation: autoDraw = False
159.6090 	INFO 	Keyboard events cleared
159.6089 	EXP 	probe: autoDraw = True
159.9437 	EXP 	Device response: <KeyPress from None: t=159.9350350999739, value=z, duration=None>
159.9440 	EXP 	New trial (rep=16, index=0): <Trial 64 (0 in rep 16) data={'pos': np.int64(-50), 'corr_resp': 'x', 'thisN': 64, 'thisTrialN': 0, 'thisRepN': 16}>
159.9450 	DATA 	Keypress: z
159.9589 	EXP 	fixation: autoDraw = False
159.9589 	EXP 	line1: autoDraw = False
159.9589 	EXP 	line2: autoDraw = False
159.9589 	EXP 	line3: autoDraw = False
159.9589 	EXP 	line4: autoDraw = False
159.9589 	EXP 	probe: autoDraw = False
159.9589 	EXP 	fixation: autoDraw = True
160.1599 	EXP 	Device response: <KeyPress from None: t=159.9350350999739, value=z, duration=0.20977200000197627>
160.9429 	EXP 	line1: autoDraw = True
160.9429 	EXP 	line2: autoDraw = True
160.9429 	EXP 	line3: autoDraw = True
160.9429 	EXP 	line4: autoDraw = True
160.9609 	EXP 	fixation: autoDraw = False
161.9445 	INFO 	Keyboard events cleared
161.9443 	EXP 	probe: autoDraw = True
162.2782 	EXP 	Device response: <KeyPress from None: t=162.26351359998807, value=x, duration=None>
162.2785 	EXP 	New trial (rep=16, index=1): <Trial 65 (1 in rep 16) data={'pos': np.int64(150), 'corr_resp': 'v', 'thisN': 65, 'thisTrialN': 1, 'thisRepN': 16}>
162.2796 	DATA 	Keypress: x
162.2931 	EXP 	fixation: autoDraw = False
162.2931 	EXP 	line1: autoDraw = False
162.2931 	EXP 	line2: autoDraw = False
162.2931 	EXP 	line3: autoDraw = False
162.2931 	EXP 	line4: autoDraw = False
162.2931 	EXP 	probe: autoDraw = False
162.2931 	EXP 	fixation: autoDraw = True
162.4603 	EXP 	Device response: <KeyPress from None: t=162.26351359998807, value=x, duration=0.18254939999314956>
163.2949 	EXP 	fixation: autoDraw = False
163.2949 	EXP 	line1: autoDraw = True
163.2949 	EXP 	line2: autoDraw = True
163.2949 	EXP 	line3: autoDraw = True
163.2949 	EXP 	line4: autoDraw = True
164.2776 	INFO 	Keyboard events cleared
164.2774 	EXP 	probe: autoDraw = True
164.7115 	DATA 	Keypress: v
164.7267 	EXP 	Device response: <KeyPress from None: t=164.70993659997475, value=v, duration=None>
164.7271 	EXP 	New trial (rep=16, index=2): <Trial 66 (2 in rep 16) data={'pos': np.int64(50), 'corr_resp': 'c', 'thisN': 66, 'thisTrialN': 2, 'thisRepN': 16}>
164.7443 	EXP 	fixation: autoDraw = False
164.7443 	EXP 	line1: autoDraw = False
164.7443 	EXP 	line2: autoDraw = False
164.7443 	EXP 	line3: autoDraw = False
164.7443 	EXP 	line4: autoDraw = False
164.7443 	EXP 	probe: autoDraw = False
164.7443 	EXP 	fixation: autoDraw = True
164.9113 	EXP 	Device response: <KeyPress from None: t=164.70993659997475, value=v, duration=0.1914293000008911>
165.7274 	EXP 	line1: autoDraw = True
165.7274 	EXP 	line2: autoDraw = True
165.7274 	EXP 	line3: autoDraw = True
165.7274 	EXP 	line4: autoDraw = True
165.7443 	EXP 	fixation: autoDraw = False
166.7268 	INFO 	Keyboard events cleared
166.7266 	EXP 	probe: autoDraw = True
167.3275 	EXP 	Device response: <KeyPress from None: t=167.31836879998446, value=c, duration=None>
167.3278 	EXP 	New trial (rep=16, index=3): <Trial 67 (3 in rep 16) data={'pos': np.int64(-150), 'corr_resp': 'z', 'thisN': 67, 'thisTrialN': 3, 'thisRepN': 16}>
167.3291 	DATA 	Keypress: c
167.3432 	EXP 	fixation: autoDraw = False
167.3432 	EXP 	line1: autoDraw = False
167.3432 	EXP 	line2: autoDraw = False
167.3432 	EXP 	line3: autoDraw = False
167.3432 	EXP 	line4: autoDraw = False
167.3432 	EXP 	probe: autoDraw = False
167.3432 	EXP 	fixation: autoDraw = True
167.4770 	EXP 	Device response: <KeyPress from None: t=167.31836879998446, value=c, duration=0.1478515999915544>
168.3433 	EXP 	fixation: autoDraw = False
168.3433 	EXP 	line1: autoDraw = True
168.3433 	EXP 	line2: autoDraw = True
168.3433 	EXP 	line3: autoDraw = True
168.3433 	EXP 	line4: autoDraw = True
169.3279 	INFO 	Keyboard events cleared
169.3277 	EXP 	probe: autoDraw = True
169.7943 	EXP 	Device response: <KeyPress from None: t=169.79112009998062, value=z, duration=None>
169.7948 	EXP 	New trial (rep=17, index=0): <Trial 68 (0 in rep 17) data={'pos': np.int64(-50), 'corr_resp': 'x', 'thisN': 68, 'thisTrialN': 0, 'thisRepN': 17}>
169.7961 	DATA 	Keypress: z
169.8098 	EXP 	fixation: autoDraw = False
169.8098 	EXP 	line1: autoDraw = False
169.8098 	EXP 	line2: autoDraw = False
169.8098 	EXP 	line3: autoDraw = False
169.8098 	EXP 	line4: autoDraw = False
169.8098 	EXP 	probe: autoDraw = False
169.8098 	EXP 	fixation: autoDraw = True
169.9105 	EXP 	Device response: <KeyPress from None: t=169.79112009998062, value=z, duration=0.11664980000932701>
170.8105 	EXP 	fixation: autoDraw = False
170.8105 	EXP 	line1: autoDraw = True
170.8105 	EXP 	line2: autoDraw = True
170.8105 	EXP 	line3: autoDraw = True
170.8105 	EXP 	line4: autoDraw = True
171.7942 	INFO 	Keyboard events cleared
171.7940 	EXP 	probe: autoDraw = True
172.0951 	EXP 	Device response: <KeyPress from None: t=172.08896439999808, value=x, duration=None>
172.0956 	EXP 	New trial (rep=17, index=1): <Trial 69 (1 in rep 17) data={'pos': np.int64(150), 'corr_resp': 'v', 'thisN': 69, 'thisTrialN': 1, 'thisRepN': 17}>
172.0970 	DATA 	Keypress: x
172.1099 	EXP 	fixation: autoDraw = False
172.1099 	EXP 	line1: autoDraw = False
172.1099 	EXP 	line2: autoDraw = False
172.1099 	EXP 	line3: autoDraw = False
172.1099 	EXP 	line4: autoDraw = False
172.1099 	EXP 	probe: autoDraw = False
172.1099 	EXP 	fixation: autoDraw = True
172.1939 	EXP 	Device response: <KeyPress from None: t=172.08896439999808, value=x, duration=0.09097719998680986>
173.1107 	EXP 	fixation: autoDraw = False
173.1107 	EXP 	line1: autoDraw = True
173.1107 	EXP 	line2: autoDraw = True
173.1107 	EXP 	line3: autoDraw = True
173.1107 	EXP 	line4: autoDraw = True
174.0942 	INFO 	Keyboard events cleared
174.0940 	EXP 	probe: autoDraw = True
174.3605 	EXP 	Device response: <KeyPress from None: t=174.34726979999687, value=v, duration=None>
174.3609 	EXP 	New trial (rep=17, index=2): <Trial 70 (2 in rep 17) data={'pos': np.int64(50), 'corr_resp': 'c', 'thisN': 70, 'thisTrialN': 2, 'thisRepN': 17}>
174.3620 	DATA 	Keypress: v
174.3774 	EXP 	fixation: autoDraw = False
174.3774 	EXP 	line1: autoDraw = False
174.3774 	EXP 	line2: autoDraw = False
174.3774 	EXP 	line3: autoDraw = False
174.3774 	EXP 	line4: autoDraw = False
174.3774 	EXP 	probe: autoDraw = False
174.3774 	EXP 	fixation: autoDraw = True
174.4453 	EXP 	Device response: <KeyPress from None: t=174.34726979999687, value=v, duration=0.0959337999811396>
175.3611 	EXP 	line1: autoDraw = True
175.3611 	EXP 	line2: autoDraw = True
175.3611 	EXP 	line3: autoDraw = True
175.3611 	EXP 	line4: autoDraw = True
175.3777 	EXP 	fixation: autoDraw = False
176.3603 	INFO 	Keyboard events cleared
176.3600 	EXP 	probe: autoDraw = True
176.6279 	EXP 	Device response: <KeyPress from None: t=176.62532509997254, value=c, duration=None>
176.6283 	EXP 	New trial (rep=17, index=3): <Trial 71 (3 in rep 17) data={'pos': np.int64(-150), 'corr_resp': 'z', 'thisN': 71, 'thisTrialN': 3, 'thisRepN': 17}>
176.6296 	DATA 	Keypress: c
176.6436 	EXP 	fixation: autoDraw = False
176.6436 	EXP 	line1: autoDraw = False
176.6436 	EXP 	line2: autoDraw = False
176.6436 	EXP 	line3: autoDraw = False
176.6436 	EXP 	line4: autoDraw = False
176.6436 	EXP 	probe: autoDraw = False
176.6436 	EXP 	fixation: autoDraw = True
176.7595 	EXP 	Device response: <KeyPress from None: t=176.62532509997254, value=c, duration=0.13117910001892596>
177.6448 	EXP 	fixation: autoDraw = False
177.6448 	EXP 	line1: autoDraw = True
177.6448 	EXP 	line2: autoDraw = True
177.6448 	EXP 	line3: autoDraw = True
177.6448 	EXP 	line4: autoDraw = True
178.6430 	INFO 	Keyboard events cleared
178.6428 	EXP 	probe: autoDraw = True
178.9436 	EXP 	Device response: <KeyPress from None: t=178.94233549997443, value=z, duration=None>
178.9439 	EXP 	New trial (rep=18, index=0): <Trial 72 (0 in rep 18) data={'pos': np.int64(-50), 'corr_resp': 'x', 'thisN': 72, 'thisTrialN': 0, 'thisRepN': 18}>
178.9450 	DATA 	Keypress: z
178.9594 	EXP 	fixation: autoDraw = False
178.9594 	EXP 	line1: autoDraw = False
178.9594 	EXP 	line2: autoDraw = False
178.9594 	EXP 	line3: autoDraw = False
178.9594 	EXP 	line4: autoDraw = False
178.9594 	EXP 	probe: autoDraw = False
178.9594 	EXP 	fixation: autoDraw = True
179.1106 	EXP 	Device response: <KeyPress from None: t=178.94233549997443, value=z, duration=0.15737860000808723>
179.9439 	EXP 	line1: autoDraw = True
179.9439 	EXP 	line2: autoDraw = True
179.9439 	EXP 	line3: autoDraw = True
179.9439 	EXP 	line4: autoDraw = True
179.9606 	EXP 	fixation: autoDraw = False
180.9610 	INFO 	Keyboard events cleared
180.9607 	EXP 	probe: autoDraw = True
181.1439 	EXP 	Device response: <KeyPress from None: t=181.1357973999984, value=x, duration=None>
181.1442 	EXP 	New trial (rep=18, index=1): <Trial 73 (1 in rep 18) data={'pos': np.int64(150), 'corr_resp': 'v', 'thisN': 73, 'thisTrialN': 1, 'thisRepN': 18}>
181.1453 	DATA 	Keypress: x
181.1593 	EXP 	fixation: autoDraw = False
181.1593 	EXP 	line1: autoDraw = False
181.1593 	EXP 	line2: autoDraw = False
181.1593 	EXP 	line3: autoDraw = False
181.1593 	EXP 	line4: autoDraw = False
181.1593 	EXP 	probe: autoDraw = False
181.1593 	EXP 	fixation: autoDraw = True
181.2442 	EXP 	Device response: <KeyPress from None: t=181.1357973999984, value=x, duration=0.10502379998797551>
182.1445 	EXP 	line1: autoDraw = True
182.1445 	EXP 	line2: autoDraw = True
182.1445 	EXP 	line3: autoDraw = True
182.1445 	EXP 	line4: autoDraw = True
182.1611 	EXP 	fixation: autoDraw = False
183.1448 	INFO 	Keyboard events cleared
183.1446 	EXP 	probe: autoDraw = True
183.3602 	EXP 	Device response: <KeyPress from None: t=183.35906859999523, value=v, duration=None>
183.3606 	EXP 	New trial (rep=18, index=2): <Trial 74 (2 in rep 18) data={'pos': np.int64(50), 'corr_resp': 'c', 'thisN': 74, 'thisTrialN': 2, 'thisRepN': 18}>
183.3619 	DATA 	Keypress: v
183.3766 	EXP 	fixation: autoDraw = False
183.3766 	EXP 	line1: autoDraw = False
183.3766 	EXP 	line2: autoDraw = False
183.3766 	EXP 	line3: autoDraw = False
183.3766 	EXP 	line4: autoDraw = False
183.3766 	EXP 	probe: autoDraw = False
183.3766 	EXP 	fixation: autoDraw = True
183.5440 	EXP 	Device response: <KeyPress from None: t=183.35906859999523, value=v, duration=0.17982239997945726>
184.3608 	EXP 	line1: autoDraw = True
184.3608 	EXP 	line2: autoDraw = True
184.3608 	EXP 	line3: autoDraw = True
184.3608 	EXP 	line4: autoDraw = True
184.3779 	EXP 	fixation: autoDraw = False
185.3610 	INFO 	Keyboard events cleared
185.3607 	EXP 	probe: autoDraw = True
185.6440 	EXP 	Device response: <KeyPress from None: t=185.64094519999344, value=c, duration=None>
185.6443 	EXP 	New trial (rep=18, index=3): <Trial 75 (3 in rep 18) data={'pos': np.int64(-150), 'corr_resp': 'z', 'thisN': 75, 'thisTrialN': 3, 'thisRepN': 18}>
185.6455 	DATA 	Keypress: c
185.6604 	EXP 	fixation: autoDraw = False
185.6604 	EXP 	line1: autoDraw = False
185.6604 	EXP 	line2: autoDraw = False
185.6604 	EXP 	line3: autoDraw = False
185.6604 	EXP 	line4: autoDraw = False
185.6604 	EXP 	probe: autoDraw = False
185.6604 	EXP 	fixation: autoDraw = True
185.7765 	EXP 	Device response: <KeyPress from None: t=185.64094519999344, value=c, duration=0.13175159998354502>
186.6451 	EXP 	line1: autoDraw = True
186.6451 	EXP 	line2: autoDraw = True
186.6451 	EXP 	line3: autoDraw = True
186.6451 	EXP 	line4: autoDraw = True
186.6607 	EXP 	fixation: autoDraw = False
187.6448 	INFO 	Keyboard events cleared
187.6445 	EXP 	probe: autoDraw = True
187.8941 	EXP 	Device response: <KeyPress from None: t=187.8931325999729, value=z, duration=None>
187.8944 	EXP 	New trial (rep=19, index=0): <Trial 76 (0 in rep 19) data={'pos': np.int64(-50), 'corr_resp': 'x', 'thisN': 76, 'thisTrialN': 0, 'thisRepN': 19}>
187.8957 	DATA 	Keypress: z
187.9103 	EXP 	fixation: autoDraw = False
187.9103 	EXP 	line1: autoDraw = False
187.9103 	EXP 	line2: autoDraw = False
187.9103 	EXP 	line3: autoDraw = False
187.9103 	EXP 	line4: autoDraw = False
187.9103 	EXP 	probe: autoDraw = False
187.9103 	EXP 	fixation: autoDraw = True
187.9951 	EXP 	Device response: <KeyPress from None: t=187.8931325999729, value=z, duration=0.0914350000093691>
188.8945 	EXP 	line1: autoDraw = True
188.8945 	EXP 	line2: autoDraw = True
188.8945 	EXP 	line3: autoDraw = True
188.8945 	EXP 	line4: autoDraw = True
188.9113 	EXP 	fixation: autoDraw = False
189.8947 	INFO 	Keyboard events cleared
189.8945 	EXP 	probe: autoDraw = True
190.1774 	EXP 	Device response: <KeyPress from None: t=190.16609499999322, value=x, duration=None>
190.1778 	EXP 	New trial (rep=19, index=1): <Trial 77 (1 in rep 19) data={'pos': np.int64(150), 'corr_resp': 'v', 'thisN': 77, 'thisTrialN': 1, 'thisRepN': 19}>
190.1790 	DATA 	Keypress: x
190.1929 	EXP 	fixation: autoDraw = False
190.1929 	EXP 	line1: autoDraw = False
190.1929 	EXP 	line2: autoDraw = False
190.1929 	EXP 	line3: autoDraw = False
190.1929 	EXP 	line4: autoDraw = False
190.1929 	EXP 	probe: autoDraw = False
190.1929 	EXP 	fixation: autoDraw = True
190.3115 	EXP 	Device response: <KeyPress from None: t=190.16609499999322, value=x, duration=0.13723209997988306>
191.1780 	EXP 	line1: autoDraw = True
191.1780 	EXP 	line2: autoDraw = True
191.1780 	EXP 	line3: autoDraw = True
191.1780 	EXP 	line4: autoDraw = True
191.1946 	EXP 	fixation: autoDraw = False
192.1767 	INFO 	Keyboard events cleared
192.1765 	EXP 	probe: autoDraw = True
192.4101 	EXP 	Device response: <KeyPress from None: t=192.40825029998086, value=v, duration=None>
192.4105 	EXP 	New trial (rep=19, index=2): <Trial 78 (2 in rep 19) data={'pos': np.int64(50), 'corr_resp': 'c', 'thisN': 78, 'thisTrialN': 2, 'thisRepN': 19}>
192.4117 	DATA 	Keypress: v
192.4271 	EXP 	fixation: autoDraw = False
192.4271 	EXP 	line1: autoDraw = False
192.4271 	EXP 	line2: autoDraw = False
192.4271 	EXP 	line3: autoDraw = False
192.4271 	EXP 	line4: autoDraw = False
192.4271 	EXP 	probe: autoDraw = False
192.4271 	EXP 	fixation: autoDraw = True
192.5278 	EXP 	Device response: <KeyPress from None: t=192.40825029998086, value=v, duration=0.11871380000957288>
193.4104 	EXP 	line1: autoDraw = True
193.4104 	EXP 	line2: autoDraw = True
193.4104 	EXP 	line3: autoDraw = True
193.4104 	EXP 	line4: autoDraw = True
193.4280 	EXP 	fixation: autoDraw = False
194.4109 	INFO 	Keyboard events cleared
194.4107 	EXP 	probe: autoDraw = True
194.6605 	EXP 	Device response: <KeyPress from None: t=194.6515121999837, value=c, duration=None>
194.6610 	EXP 	New trial (rep=19, index=3): <Trial 79 (3 in rep 19) data={'pos': np.int64(-150), 'corr_resp': 'z', 'thisN': 79, 'thisTrialN': 3, 'thisRepN': 19}>
194.6622 	DATA 	Keypress: c
194.6773 	EXP 	fixation: autoDraw = False
194.6773 	EXP 	line1: autoDraw = False
194.6773 	EXP 	line2: autoDraw = False
194.6773 	EXP 	line3: autoDraw = False
194.6773 	EXP 	line4: autoDraw = False
194.6773 	EXP 	probe: autoDraw = False
194.6773 	EXP 	fixation: autoDraw = True
194.7620 	EXP 	Device response: <KeyPress from None: t=194.6515121999837, value=c, duration=0.09701130000757985>
195.6606 	EXP 	line1: autoDraw = True
195.6606 	EXP 	line2: autoDraw = True
195.6606 	EXP 	line3: autoDraw = True
195.6606 	EXP 	line4: autoDraw = True
195.6781 	EXP 	fixation: autoDraw = False
196.6613 	INFO 	Keyboard events cleared
196.6610 	EXP 	probe: autoDraw = True
196.8968 	DATA 	Keypress: z
196.9107 	EXP 	Device response: <KeyPress from None: t=196.89501139998902, value=z, duration=None>
196.9111 	EXP 	New trial (rep=20, index=0): <Trial 80 (0 in rep 20) data={'pos': np.int64(-50), 'corr_resp': 'x', 'thisN': 80, 'thisTrialN': 0, 'thisRepN': 20}>
196.9279 	EXP 	fixation: autoDraw = False
196.9279 	EXP 	line1: autoDraw = False
196.9279 	EXP 	line2: autoDraw = False
196.9279 	EXP 	line3: autoDraw = False
196.9279 	EXP 	line4: autoDraw = False
196.9279 	EXP 	probe: autoDraw = False
196.9279 	EXP 	fixation: autoDraw = True
197.0111 	EXP 	Device response: <KeyPress from None: t=196.89501139998902, value=z, duration=0.11245789998793043>
197.9103 	EXP 	line1: autoDraw = True
197.9103 	EXP 	line2: autoDraw = True
197.9103 	EXP 	line3: autoDraw = True
197.9103 	EXP 	line4: autoDraw = True
197.9278 	EXP 	fixation: autoDraw = False
198.9117 	INFO 	Keyboard events cleared
198.9114 	EXP 	probe: autoDraw = True
199.1470 	DATA 	Keypress: x
199.1602 	EXP 	Device response: <KeyPress from None: t=199.14587229999597, value=x, duration=None>
199.1607 	EXP 	New trial (rep=20, index=1): <Trial 81 (1 in rep 20) data={'pos': np.int64(150), 'corr_resp': 'v', 'thisN': 81, 'thisTrialN': 1, 'thisRepN': 20}>
199.1777 	EXP 	fixation: autoDraw = False
199.1777 	EXP 	line1: autoDraw = False
199.1777 	EXP 	line2: autoDraw = False
199.1777 	EXP 	line3: autoDraw = False
199.1777 	EXP 	line4: autoDraw = False
199.1777 	EXP 	probe: autoDraw = False
199.1777 	EXP 	fixation: autoDraw = True
199.3283 	EXP 	Device response: <KeyPress from None: t=199.14587229999597, value=x, duration=0.17358059997786768>
200.1615 	EXP 	line1: autoDraw = True
200.1615 	EXP 	line2: autoDraw = True
200.1615 	EXP 	line3: autoDraw = True
200.1615 	EXP 	line4: autoDraw = True
200.1774 	EXP 	fixation: autoDraw = False
201.1617 	INFO 	Keyboard events cleared
201.1615 	EXP 	probe: autoDraw = True
201.4278 	EXP 	Device response: <KeyPress from None: t=201.42682559997775, value=v, duration=None>
201.4282 	EXP 	New trial (rep=20, index=2): <Trial 82 (2 in rep 20) data={'pos': np.int64(50), 'corr_resp': 'c', 'thisN': 82, 'thisTrialN': 2, 'thisRepN': 20}>
201.4294 	DATA 	Keypress: v
201.4436 	EXP 	fixation: autoDraw = False
201.4436 	EXP 	line1: autoDraw = False
201.4436 	EXP 	line2: autoDraw = False
201.4436 	EXP 	line3: autoDraw = False
201.4436 	EXP 	line4: autoDraw = False
201.4436 	EXP 	probe: autoDraw = False
201.4436 	EXP 	fixation: autoDraw = True
201.6113 	EXP 	Device response: <KeyPress from None: t=201.42682559997775, value=v, duration=0.18132020000484772>
202.4281 	EXP 	line1: autoDraw = True
202.4281 	EXP 	line2: autoDraw = True
202.4281 	EXP 	line3: autoDraw = True
202.4281 	EXP 	line4: autoDraw = True
202.4450 	EXP 	fixation: autoDraw = False
203.4281 	INFO 	Keyboard events cleared
203.4279 	EXP 	probe: autoDraw = True
203.6791 	EXP 	Device response: <KeyPress from None: t=203.6715453999932, value=c, duration=None>
203.6796 	EXP 	New trial (rep=20, index=3): <Trial 83 (3 in rep 20) data={'pos': np.int64(-150), 'corr_resp': 'z', 'thisN': 83, 'thisTrialN': 3, 'thisRepN': 20}>
203.6814 	DATA 	Keypress: c
203.6941 	EXP 	fixation: autoDraw = False
203.6941 	EXP 	line1: autoDraw = False
203.6941 	EXP 	line2: autoDraw = False
203.6941 	EXP 	line3: autoDraw = False
203.6941 	EXP 	line4: autoDraw = False
203.6941 	EXP 	probe: autoDraw = False
203.6941 	EXP 	fixation: autoDraw = True
203.8287 	EXP 	Device response: <KeyPress from None: t=203.6715453999932, value=c, duration=0.14648959998157807>
204.6943 	EXP 	fixation: autoDraw = False
204.6943 	EXP 	line1: autoDraw = True
204.6943 	EXP 	line2: autoDraw = True
204.6943 	EXP 	line3: autoDraw = True
204.6943 	EXP 	line4: autoDraw = True
205.6950 	INFO 	Keyboard events cleared
205.6948 	EXP 	probe: autoDraw = True
206.0615 	EXP 	Device response: <KeyPress from None: t=206.05173169999034, value=z, duration=None>
206.0619 	EXP 	New trial (rep=21, index=0): <Trial 84 (0 in rep 21) data={'pos': np.int64(-50), 'corr_resp': 'x', 'thisN': 84, 'thisTrialN': 0, 'thisRepN': 21}>
206.0630 	DATA 	Keypress: z
206.0766 	EXP 	fixation: autoDraw = False
206.0766 	EXP 	line1: autoDraw = False
206.0766 	EXP 	line2: autoDraw = False
206.0766 	EXP 	line3: autoDraw = False
206.0766 	EXP 	line4: autoDraw = False
206.0766 	EXP 	probe: autoDraw = False
206.0766 	EXP 	fixation: autoDraw = True
206.2110 	EXP 	Device response: <KeyPress from None: t=206.05173169999034, value=z, duration=0.14633809999213554>
207.0614 	EXP 	line1: autoDraw = True
207.0614 	EXP 	line2: autoDraw = True
207.0614 	EXP 	line3: autoDraw = True
207.0614 	EXP 	line4: autoDraw = True
207.0783 	EXP 	fixation: autoDraw = False
208.0615 	INFO 	Keyboard events cleared
208.0613 	EXP 	probe: autoDraw = True
208.5306 	DATA 	Keypress: x
208.5454 	EXP 	Device response: <KeyPress from None: t=208.52948739999556, value=x, duration=None>
208.5459 	EXP 	New trial (rep=21, index=1): <Trial 85 (1 in rep 21) data={'pos': np.int64(150), 'corr_resp': 'v', 'thisN': 85, 'thisTrialN': 1, 'thisRepN': 21}>
208.5610 	EXP 	fixation: autoDraw = False
208.5610 	EXP 	line1: autoDraw = False
208.5610 	EXP 	line2: autoDraw = False
208.5610 	EXP 	line3: autoDraw = False
208.5610 	EXP 	line4: autoDraw = False
208.5610 	EXP 	probe: autoDraw = False
208.5610 	EXP 	fixation: autoDraw = True
208.6605 	EXP 	Device response: <KeyPress from None: t=208.52948739999556, value=x, duration=0.1222653999866452>
209.5612 	EXP 	fixation: autoDraw = False
209.5612 	EXP 	line1: autoDraw = True
209.5612 	EXP 	line2: autoDraw = True
209.5612 	EXP 	line3: autoDraw = True
209.5612 	EXP 	line4: autoDraw = True
210.5449 	INFO 	Keyboard events cleared
210.5447 	EXP 	probe: autoDraw = True
210.9450 	EXP 	Device response: <KeyPress from None: t=210.93807509998442, value=v, duration=None>
210.9454 	EXP 	New trial (rep=21, index=2): <Trial 86 (2 in rep 21) data={'pos': np.int64(50), 'corr_resp': 'c', 'thisN': 86, 'thisTrialN': 2, 'thisRepN': 21}>
210.9466 	DATA 	Keypress: v
210.9605 	EXP 	fixation: autoDraw = False
210.9605 	EXP 	line1: autoDraw = False
210.9605 	EXP 	line2: autoDraw = False
210.9605 	EXP 	line3: autoDraw = False
210.9605 	EXP 	line4: autoDraw = False
210.9605 	EXP 	probe: autoDraw = False
210.9605 	EXP 	fixation: autoDraw = True
211.1779 	EXP 	Device response: <KeyPress from None: t=210.93807509998442, value=v, duration=0.23815089999698102>
211.9446 	EXP 	line1: autoDraw = True
211.9446 	EXP 	line2: autoDraw = True
211.9446 	EXP 	line3: autoDraw = True
211.9446 	EXP 	line4: autoDraw = True
211.9617 	EXP 	fixation: autoDraw = False
212.9455 	INFO 	Keyboard events cleared
212.9453 	EXP 	probe: autoDraw = True
213.2277 	EXP 	Device response: <KeyPress from None: t=213.22134389998973, value=c, duration=None>
213.2280 	EXP 	New trial (rep=21, index=3): <Trial 87 (3 in rep 21) data={'pos': np.int64(-150), 'corr_resp': 'z', 'thisN': 87, 'thisTrialN': 3, 'thisRepN': 21}>
213.2292 	DATA 	Keypress: c
213.2439 	EXP 	fixation: autoDraw = False
213.2439 	EXP 	line1: autoDraw = False
213.2439 	EXP 	line2: autoDraw = False
213.2439 	EXP 	line3: autoDraw = False
213.2439 	EXP 	line4: autoDraw = False
213.2439 	EXP 	probe: autoDraw = False
213.2439 	EXP 	fixation: autoDraw = True
213.3438 	EXP 	Device response: <KeyPress from None: t=213.22134389998973, value=c, duration=0.11472529999446124>
214.2450 	EXP 	fixation: autoDraw = False
214.2450 	EXP 	line1: autoDraw = True
214.2450 	EXP 	line2: autoDraw = True
214.2450 	EXP 	line3: autoDraw = True
214.2450 	EXP 	line4: autoDraw = True
215.2445 	INFO 	Keyboard events cleared
215.2443 	EXP 	probe: autoDraw = True
215.5299 	DATA 	Keypress: z
215.5440 	EXP 	Device response: <KeyPress from None: t=215.52784599998267, value=z, duration=None>
215.5445 	EXP 	New trial (rep=22, index=0): <Trial 88 (0 in rep 22) data={'pos': np.int64(-50), 'corr_resp': 'x', 'thisN': 88, 'thisTrialN': 0, 'thisRepN': 22}>
215.5612 	EXP 	fixation: autoDraw = False
215.5612 	EXP 	line1: autoDraw = False
215.5612 	EXP 	line2: autoDraw = False
215.5612 	EXP 	line3: autoDraw = False
215.5612 	EXP 	line4: autoDraw = False
215.5612 	EXP 	probe: autoDraw = False
215.5612 	EXP 	fixation: autoDraw = True
215.6108 	EXP 	Device response: <KeyPress from None: t=215.52784599998267, value=z, duration=0.07655669999076054>
216.5452 	EXP 	line1: autoDraw = True
216.5452 	EXP 	line2: autoDraw = True
216.5452 	EXP 	line3: autoDraw = True
216.5452 	EXP 	line4: autoDraw = True
216.5609 	EXP 	fixation: autoDraw = False
217.5455 	INFO 	Keyboard events cleared
217.5453 	EXP 	probe: autoDraw = True
217.8787 	EXP 	Device response: <KeyPress from None: t=217.86538319999818, value=x, duration=None>
217.8791 	EXP 	New trial (rep=22, index=1): <Trial 89 (1 in rep 22) data={'pos': np.int64(150), 'corr_resp': 'v', 'thisN': 89, 'thisTrialN': 1, 'thisRepN': 22}>
217.8802 	DATA 	Keypress: x
217.8946 	EXP 	fixation: autoDraw = False
217.8946 	EXP 	line1: autoDraw = False
217.8946 	EXP 	line2: autoDraw = False
217.8946 	EXP 	line3: autoDraw = False
217.8946 	EXP 	line4: autoDraw = False
217.8946 	EXP 	probe: autoDraw = False
217.8946 	EXP 	fixation: autoDraw = True
218.0458 	EXP 	Device response: <KeyPress from None: t=217.86538319999818, value=x, duration=0.1747685000009369>
218.8766 	EXP 	line1: autoDraw = True
218.8766 	EXP 	line2: autoDraw = True
218.8766 	EXP 	line3: autoDraw = True
218.8766 	EXP 	line4: autoDraw = True
218.9115 	EXP 	fixation: autoDraw = False
219.8786 	INFO 	Keyboard events cleared
219.8784 	EXP 	probe: autoDraw = True
220.1448 	EXP 	Device response: <KeyPress from None: t=220.14089109998895, value=v, duration=None>
220.1452 	EXP 	New trial (rep=22, index=2): <Trial 90 (2 in rep 22) data={'pos': np.int64(50), 'corr_resp': 'c', 'thisN': 90, 'thisTrialN': 2, 'thisRepN': 22}>
220.1465 	DATA 	Keypress: v
220.1600 	EXP 	fixation: autoDraw = False
220.1600 	EXP 	line1: autoDraw = False
220.1600 	EXP 	line2: autoDraw = False
220.1600 	EXP 	line3: autoDraw = False
220.1600 	EXP 	line4: autoDraw = False
220.1600 	EXP 	probe: autoDraw = False
220.1600 	EXP 	fixation: autoDraw = True
220.2457 	EXP 	Device response: <KeyPress from None: t=220.14089109998895, value=v, duration=0.09168929999577813>
221.1450 	EXP 	line1: autoDraw = True
221.1450 	EXP 	line2: autoDraw = True
221.1450 	EXP 	line3: autoDraw = True
221.1450 	EXP 	line4: autoDraw = True
221.1620 	EXP 	fixation: autoDraw = False
222.1451 	INFO 	Keyboard events cleared
222.1449 	EXP 	probe: autoDraw = True
222.3944 	EXP 	Device response: <KeyPress from None: t=222.3810259999882, value=c, duration=None>
222.3947 	EXP 	New trial (rep=22, index=3): <Trial 91 (3 in rep 22) data={'pos': np.int64(-150), 'corr_resp': 'z', 'thisN': 91, 'thisTrialN': 3, 'thisRepN': 22}>
222.3959 	DATA 	Keypress: c
222.4108 	EXP 	fixation: autoDraw = False
222.4108 	EXP 	line1: autoDraw = False
222.4108 	EXP 	line2: autoDraw = False
222.4108 	EXP 	line3: autoDraw = False
222.4108 	EXP 	line4: autoDraw = False
222.4108 	EXP 	probe: autoDraw = False
222.4108 	EXP 	fixation: autoDraw = True
222.5285 	EXP 	Device response: <KeyPress from None: t=222.3810259999882, value=c, duration=0.13710910000372678>
223.3953 	EXP 	line1: autoDraw = True
223.3953 	EXP 	line2: autoDraw = True
223.3953 	EXP 	line3: autoDraw = True
223.3953 	EXP 	line4: autoDraw = True
223.4098 	EXP 	fixation: autoDraw = False
224.3948 	INFO 	Keyboard events cleared
224.3946 	EXP 	probe: autoDraw = True
224.6952 	EXP 	Device response: <KeyPress from None: t=224.688823399978, value=z, duration=None>
224.6956 	EXP 	New trial (rep=23, index=0): <Trial 92 (0 in rep 23) data={'pos': np.int64(-50), 'corr_resp': 'x', 'thisN': 92, 'thisTrialN': 0, 'thisRepN': 23}>
224.6968 	DATA 	Keypress: z
224.7100 	EXP 	fixation: autoDraw = False
224.7100 	EXP 	line1: autoDraw = False
224.7100 	EXP 	line2: autoDraw = False
224.7100 	EXP 	line3: autoDraw = False
224.7100 	EXP 	line4: autoDraw = False
224.7100 	EXP 	probe: autoDraw = False
224.7100 	EXP 	fixation: autoDraw = True
224.8615 	EXP 	Device response: <KeyPress from None: t=224.688823399978, value=z, duration=0.15681640000548214>
225.7100 	EXP 	fixation: autoDraw = False
225.7100 	EXP 	line1: autoDraw = True
225.7100 	EXP 	line2: autoDraw = True
225.7100 	EXP 	line3: autoDraw = True
225.7100 	EXP 	line4: autoDraw = True
226.6942 	INFO 	Keyboard events cleared
226.6941 	EXP 	probe: autoDraw = True
227.0287 	EXP 	Device response: <KeyPress from None: t=227.0279910999816, value=x, duration=None>
227.0299 	DATA 	Keypress: x
227.0450 	EXP 	New trial (rep=23, index=1): <Trial 93 (1 in rep 23) data={'pos': np.int64(150), 'corr_resp': 'v', 'thisN': 93, 'thisTrialN': 1, 'thisRepN': 23}>
227.0614 	EXP 	fixation: autoDraw = False
227.0614 	EXP 	line1: autoDraw = False
227.0614 	EXP 	line2: autoDraw = False
227.0614 	EXP 	line3: autoDraw = False
227.0614 	EXP 	line4: autoDraw = False
227.0614 	EXP 	probe: autoDraw = False
227.0614 	EXP 	fixation: autoDraw = True
227.1619 	EXP 	Device response: <KeyPress from None: t=227.0279910999816, value=x, duration=0.1331136999942828>
228.0452 	EXP 	line1: autoDraw = True
228.0452 	EXP 	line2: autoDraw = True
228.0452 	EXP 	line3: autoDraw = True
228.0452 	EXP 	line4: autoDraw = True
228.0616 	EXP 	fixation: autoDraw = False
229.0462 	INFO 	Keyboard events cleared
229.0460 	EXP 	probe: autoDraw = True
229.3947 	EXP 	Device response: <KeyPress from None: t=229.38708549999865, value=v, duration=None>
229.3951 	EXP 	New trial (rep=23, index=2): <Trial 94 (2 in rep 23) data={'pos': np.int64(50), 'corr_resp': 'c', 'thisN': 94, 'thisTrialN': 2, 'thisRepN': 23}>
229.3962 	DATA 	Keypress: v
229.4118 	EXP 	fixation: autoDraw = False
229.4118 	EXP 	line1: autoDraw = False
229.4118 	EXP 	line2: autoDraw = False
229.4118 	EXP 	line3: autoDraw = False
229.4118 	EXP 	line4: autoDraw = False
229.4118 	EXP 	probe: autoDraw = False
229.4118 	EXP 	fixation: autoDraw = True
229.5953 	EXP 	Device response: <KeyPress from None: t=229.38708549999865, value=v, duration=0.19248959998367354>
230.4120 	EXP 	fixation: autoDraw = False
230.4120 	EXP 	line1: autoDraw = True
230.4120 	EXP 	line2: autoDraw = True
230.4120 	EXP 	line3: autoDraw = True
230.4120 	EXP 	line4: autoDraw = True
231.3949 	INFO 	Keyboard events cleared
231.3947 	EXP 	probe: autoDraw = True
231.7125 	EXP 	Device response: <KeyPress from None: t=231.7085858999926, value=c, duration=None>
231.7130 	EXP 	New trial (rep=23, index=3): <Trial 95 (3 in rep 23) data={'pos': np.int64(-150), 'corr_resp': 'z', 'thisN': 95, 'thisTrialN': 3, 'thisRepN': 23}>
231.7142 	DATA 	Keypress: c
231.7273 	EXP 	fixation: autoDraw = False
231.7273 	EXP 	line1: autoDraw = False
231.7273 	EXP 	line2: autoDraw = False
231.7273 	EXP 	line3: autoDraw = False
231.7273 	EXP 	line4: autoDraw = False
231.7273 	EXP 	probe: autoDraw = False
231.7273 	EXP 	fixation: autoDraw = True
231.8452 	EXP 	Device response: <KeyPress from None: t=231.7085858999926, value=c, duration=0.13329460000386462>
232.7287 	EXP 	fixation: autoDraw = False
232.7287 	EXP 	line1: autoDraw = True
232.7287 	EXP 	line2: autoDraw = True
232.7287 	EXP 	line3: autoDraw = True
232.7287 	EXP 	line4: autoDraw = True
233.7277 	INFO 	Keyboard events cleared
233.7275 	EXP 	probe: autoDraw = True
234.1449 	EXP 	Device response: <KeyPress from None: t=234.1419457999873, value=z, duration=None>
234.1453 	EXP 	New trial (rep=24, index=0): <Trial 96 (0 in rep 24) data={'pos': np.int64(-50), 'corr_resp': 'x', 'thisN': 96, 'thisTrialN': 0, 'thisRepN': 24}>
234.1466 	DATA 	Keypress: z
234.1611 	EXP 	fixation: autoDraw = False
234.1611 	EXP 	line1: autoDraw = False
234.1611 	EXP 	line2: autoDraw = False
234.1611 	EXP 	line3: autoDraw = False
234.1611 	EXP 	line4: autoDraw = False
234.1611 	EXP 	probe: autoDraw = False
234.1611 	EXP 	fixation: autoDraw = True
234.2449 	EXP 	Device response: <KeyPress from None: t=234.1419457999873, value=z, duration=0.0872502000129316>
235.1452 	EXP 	line1: autoDraw = True
235.1452 	EXP 	line2: autoDraw = True
235.1452 	EXP 	line3: autoDraw = True
235.1452 	EXP 	line4: autoDraw = True
235.1622 	EXP 	fixation: autoDraw = False
236.1447 	INFO 	Keyboard events cleared
236.1444 	EXP 	probe: autoDraw = True
236.7644 	DATA 	Keypress: x
236.7777 	EXP 	Device response: <KeyPress from None: t=236.76310409998405, value=x, duration=None>
236.7780 	EXP 	New trial (rep=24, index=1): <Trial 97 (1 in rep 24) data={'pos': np.int64(150), 'corr_resp': 'v', 'thisN': 97, 'thisTrialN': 1, 'thisRepN': 24}>
236.7953 	EXP 	fixation: autoDraw = False
236.7953 	EXP 	line1: autoDraw = False
236.7953 	EXP 	line2: autoDraw = False
236.7953 	EXP 	line3: autoDraw = False
236.7953 	EXP 	line4: autoDraw = False
236.7953 	EXP 	probe: autoDraw = False
236.7953 	EXP 	fixation: autoDraw = True
236.8951 	EXP 	Device response: <KeyPress from None: t=236.76310409998405, value=x, duration=0.11533269999199547>
237.7787 	EXP 	line1: autoDraw = True
237.7787 	EXP 	line2: autoDraw = True
237.7787 	EXP 	line3: autoDraw = True
237.7787 	EXP 	line4: autoDraw = True
237.7954 	EXP 	fixation: autoDraw = False
238.7790 	INFO 	Keyboard events cleared
238.7788 	EXP 	probe: autoDraw = True
239.0792 	EXP 	Device response: <KeyPress from None: t=239.06520589999855, value=v, duration=None>
239.0797 	EXP 	New trial (rep=24, index=2): <Trial 98 (2 in rep 24) data={'pos': np.int64(50), 'corr_resp': 'c', 'thisN': 98, 'thisTrialN': 2, 'thisRepN': 24}>
239.0812 	DATA 	Keypress: v
239.0941 	EXP 	fixation: autoDraw = False
239.0941 	EXP 	line1: autoDraw = False
239.0941 	EXP 	line2: autoDraw = False
239.0941 	EXP 	line3: autoDraw = False
239.0941 	EXP 	line4: autoDraw = False
239.0941 	EXP 	probe: autoDraw = False
239.0941 	EXP 	fixation: autoDraw = True
239.2287 	EXP 	Device response: <KeyPress from None: t=239.06520589999855, value=v, duration=0.1580960999999661>
240.0942 	EXP 	fixation: autoDraw = False
240.0942 	EXP 	line1: autoDraw = True
240.0942 	EXP 	line2: autoDraw = True
240.0942 	EXP 	line3: autoDraw = True
240.0942 	EXP 	line4: autoDraw = True
241.0959 	INFO 	Keyboard events cleared
241.0957 	EXP 	probe: autoDraw = True
241.4292 	EXP 	Device response: <KeyPress from None: t=241.42823149997275, value=c, duration=None>
241.4296 	EXP 	New trial (rep=24, index=3): <Trial 99 (3 in rep 24) data={'pos': np.int64(-150), 'corr_resp': 'z', 'thisN': 99, 'thisTrialN': 3, 'thisRepN': 24}>
241.4308 	DATA 	Keypress: c
241.4437 	EXP 	fixation: autoDraw = False
241.4437 	EXP 	line1: autoDraw = False
241.4437 	EXP 	line2: autoDraw = False
241.4437 	EXP 	line3: autoDraw = False
241.4437 	EXP 	line4: autoDraw = False
241.4437 	EXP 	probe: autoDraw = False
241.4437 	EXP 	fixation: autoDraw = True
241.5790 	EXP 	Device response: <KeyPress from None: t=241.42823149997275, value=c, duration=0.1435755000275094>
242.4451 	EXP 	fixation: autoDraw = False
242.4451 	EXP 	line1: autoDraw = True
242.4451 	EXP 	line2: autoDraw = True
242.4451 	EXP 	line3: autoDraw = True
242.4451 	EXP 	line4: autoDraw = True
243.4452 	INFO 	Keyboard events cleared
243.4450 	EXP 	probe: autoDraw = True
243.7467 	EXP 	Device response: <KeyPress from None: t=243.73658859997522, value=z, duration=None>
243.7470 	EXP 	New trial (rep=25, index=0): <Trial 100 (0 in rep 25) data={'pos': np.int64(-50), 'corr_resp': 'x', 'thisN': 100, 'thisTrialN': 0, 'thisRepN': 25}>
243.7485 	DATA 	Keypress: z
243.7606 	EXP 	fixation: autoDraw = False
243.7606 	EXP 	line1: autoDraw = False
243.7606 	EXP 	line2: autoDraw = False
243.7606 	EXP 	line3: autoDraw = False
243.7606 	EXP 	line4: autoDraw = False
243.7606 	EXP 	probe: autoDraw = False
243.7606 	EXP 	fixation: autoDraw = True
243.9127 	EXP 	Device response: <KeyPress from None: t=243.73658859997522, value=z, duration=0.16796150000300258>
244.7624 	EXP 	fixation: autoDraw = False
244.7624 	EXP 	line1: autoDraw = True
244.7624 	EXP 	line2: autoDraw = True
244.7624 	EXP 	line3: autoDraw = True
244.7624 	EXP 	line4: autoDraw = True
245.7621 	INFO 	Keyboard events cleared
245.7619 	EXP 	probe: autoDraw = True
246.1288 	EXP 	Device response: <KeyPress from None: t=246.12501309998333, value=x, duration=None>
246.1292 	EXP 	New trial (rep=25, index=1): <Trial 101 (1 in rep 25) data={'pos': np.int64(150), 'corr_resp': 'v', 'thisN': 101, 'thisTrialN': 1, 'thisRepN': 25}>
246.1304 	DATA 	Keypress: x
246.1440 	EXP 	fixation: autoDraw = False
246.1440 	EXP 	line1: autoDraw = False
246.1440 	EXP 	line2: autoDraw = False
246.1440 	EXP 	line3: autoDraw = False
246.1440 	EXP 	line4: autoDraw = False
246.1440 	EXP 	probe: autoDraw = False
246.1440 	EXP 	fixation: autoDraw = True
246.2952 	EXP 	Device response: <KeyPress from None: t=246.12501309998333, value=x, duration=0.15326670001377352>
247.1291 	EXP 	line1: autoDraw = True
247.1291 	EXP 	line2: autoDraw = True
247.1291 	EXP 	line3: autoDraw = True
247.1291 	EXP 	line4: autoDraw = True
247.1454 	EXP 	fixation: autoDraw = False
248.1280 	INFO 	Keyboard events cleared
248.1278 	EXP 	probe: autoDraw = True
248.4961 	DATA 	Keypress: v
248.5117 	EXP 	Device response: <KeyPress from None: t=248.49426599999424, value=v, duration=None>
248.5121 	EXP 	New trial (rep=25, index=2): <Trial 102 (2 in rep 25) data={'pos': np.int64(50), 'corr_resp': 'c', 'thisN': 102, 'thisTrialN': 2, 'thisRepN': 25}>
248.5283 	EXP 	fixation: autoDraw = False
248.5283 	EXP 	line1: autoDraw = False
248.5283 	EXP 	line2: autoDraw = False
248.5283 	EXP 	line3: autoDraw = False
248.5283 	EXP 	line4: autoDraw = False
248.5283 	EXP 	probe: autoDraw = False
248.5283 	EXP 	fixation: autoDraw = True
248.6454 	EXP 	Device response: <KeyPress from None: t=248.49426599999424, value=v, duration=0.14190079999389127>
249.5125 	EXP 	line1: autoDraw = True
249.5125 	EXP 	line2: autoDraw = True
249.5125 	EXP 	line3: autoDraw = True
249.5125 	EXP 	line4: autoDraw = True
249.5289 	EXP 	fixation: autoDraw = False
250.5124 	INFO 	Keyboard events cleared
250.5122 	EXP 	probe: autoDraw = True
250.8457 	EXP 	Device response: <KeyPress from None: t=250.83598389997496, value=c, duration=None>
250.8462 	EXP 	New trial (rep=25, index=3): <Trial 103 (3 in rep 25) data={'pos': np.int64(-150), 'corr_resp': 'z', 'thisN': 103, 'thisTrialN': 3, 'thisRepN': 25}>
250.8475 	DATA 	Keypress: c
250.8619 	EXP 	fixation: autoDraw = False
250.8619 	EXP 	line1: autoDraw = False
250.8619 	EXP 	line2: autoDraw = False
250.8619 	EXP 	line3: autoDraw = False
250.8619 	EXP 	line4: autoDraw = False
250.8619 	EXP 	probe: autoDraw = False
250.8619 	EXP 	fixation: autoDraw = True
250.9951 	EXP 	Device response: <KeyPress from None: t=250.83598389997496, value=c, duration=0.14175340000656433>
251.8621 	EXP 	fixation: autoDraw = False
251.8621 	EXP 	line1: autoDraw = True
251.8621 	EXP 	line2: autoDraw = True
251.8621 	EXP 	line3: autoDraw = True
251.8621 	EXP 	line4: autoDraw = True
252.8446 	INFO 	Keyboard events cleared
252.8443 	EXP 	probe: autoDraw = True
253.1149 	DATA 	Keypress: z
253.1284 	EXP 	Device response: <KeyPress from None: t=253.1136317999917, value=z, duration=None>
253.1288 	EXP 	New trial (rep=26, index=0): <Trial 104 (0 in rep 26) data={'pos': np.int64(-50), 'corr_resp': 'x', 'thisN': 104, 'thisTrialN': 0, 'thisRepN': 26}>
253.1450 	EXP 	fixation: autoDraw = False
253.1450 	EXP 	line1: autoDraw = False
253.1450 	EXP 	line2: autoDraw = False
253.1450 	EXP 	line3: autoDraw = False
253.1450 	EXP 	line4: autoDraw = False
253.1450 	EXP 	probe: autoDraw = False
253.1450 	EXP 	fixation: autoDraw = True
253.2791 	EXP 	Device response: <KeyPress from None: t=253.1136317999917, value=z, duration=0.15102739998837933>
254.1278 	EXP 	line1: autoDraw = True
254.1278 	EXP 	line2: autoDraw = True
254.1278 	EXP 	line3: autoDraw = True
254.1278 	EXP 	line4: autoDraw = True
254.1456 	EXP 	fixation: autoDraw = False
255.1290 	INFO 	Keyboard events cleared
255.1288 	EXP 	probe: autoDraw = True
255.3782 	EXP 	Device response: <KeyPress from None: t=255.37135949998628, value=x, duration=None>
255.3786 	EXP 	New trial (rep=26, index=1): <Trial 105 (1 in rep 26) data={'pos': np.int64(150), 'corr_resp': 'v', 'thisN': 105, 'thisTrialN': 1, 'thisRepN': 26}>
255.3797 	DATA 	Keypress: x
255.3946 	EXP 	fixation: autoDraw = False
255.3946 	EXP 	line1: autoDraw = False
255.3946 	EXP 	line2: autoDraw = False
255.3946 	EXP 	line3: autoDraw = False
255.3946 	EXP 	line4: autoDraw = False
255.3946 	EXP 	probe: autoDraw = False
255.3946 	EXP 	fixation: autoDraw = True
255.5119 	EXP 	Device response: <KeyPress from None: t=255.37135949998628, value=x, duration=0.1369612000125926>
256.3786 	EXP 	line1: autoDraw = True
256.3786 	EXP 	line2: autoDraw = True
256.3786 	EXP 	line3: autoDraw = True
256.3786 	EXP 	line4: autoDraw = True
256.3958 	EXP 	fixation: autoDraw = False
257.3792 	INFO 	Keyboard events cleared
257.3790 	EXP 	probe: autoDraw = True
257.6461 	EXP 	Device response: <KeyPress from None: t=257.6436654999852, value=v, duration=None>
257.6464 	EXP 	New trial (rep=26, index=2): <Trial 106 (2 in rep 26) data={'pos': np.int64(50), 'corr_resp': 'c', 'thisN': 106, 'thisTrialN': 2, 'thisRepN': 26}>
257.6477 	DATA 	Keypress: v
257.6606 	EXP 	fixation: autoDraw = False
257.6606 	EXP 	line1: autoDraw = False
257.6606 	EXP 	line2: autoDraw = False
257.6606 	EXP 	line3: autoDraw = False
257.6606 	EXP 	line4: autoDraw = False
257.6606 	EXP 	probe: autoDraw = False
257.6606 	EXP 	fixation: autoDraw = True
257.7953 	EXP 	Device response: <KeyPress from None: t=257.6436654999852, value=v, duration=0.14862409999477677>
258.6456 	EXP 	line1: autoDraw = True
258.6456 	EXP 	line2: autoDraw = True
258.6456 	EXP 	line3: autoDraw = True
258.6456 	EXP 	line4: autoDraw = True
258.6627 	EXP 	fixation: autoDraw = False
259.6459 	INFO 	Keyboard events cleared
259.6457 	EXP 	probe: autoDraw = True
259.9279 	EXP 	Device response: <KeyPress from None: t=259.9189037999895, value=c, duration=None>
259.9284 	EXP 	New trial (rep=26, index=3): <Trial 107 (3 in rep 26) data={'pos': np.int64(-150), 'corr_resp': 'z', 'thisN': 107, 'thisTrialN': 3, 'thisRepN': 26}>
259.9295 	DATA 	Keypress: c
259.9445 	EXP 	fixation: autoDraw = False
259.9445 	EXP 	line1: autoDraw = False
259.9445 	EXP 	line2: autoDraw = False
259.9445 	EXP 	line3: autoDraw = False
259.9445 	EXP 	line4: autoDraw = False
259.9445 	EXP 	probe: autoDraw = False
259.9445 	EXP 	fixation: autoDraw = True
260.0785 	EXP 	Device response: <KeyPress from None: t=259.9189037999895, value=c, duration=0.15140589998918585>
260.9284 	EXP 	line1: autoDraw = True
260.9284 	EXP 	line2: autoDraw = True
260.9284 	EXP 	line3: autoDraw = True
260.9284 	EXP 	line4: autoDraw = True
260.9446 	EXP 	fixation: autoDraw = False
261.9292 	INFO 	Keyboard events cleared
261.9290 	EXP 	probe: autoDraw = True
262.2611 	EXP 	Device response: <KeyPress from None: t=262.24940579998656, value=z, duration=None>
262.2614 	EXP 	New trial (rep=27, index=0): <Trial 108 (0 in rep 27) data={'pos': np.int64(-50), 'corr_resp': 'x', 'thisN': 108, 'thisTrialN': 0, 'thisRepN': 27}>
262.2627 	DATA 	Keypress: z
262.2781 	EXP 	fixation: autoDraw = False
262.2781 	EXP 	line1: autoDraw = False
262.2781 	EXP 	line2: autoDraw = False
262.2781 	EXP 	line3: autoDraw = False
262.2781 	EXP 	line4: autoDraw = False
262.2781 	EXP 	probe: autoDraw = False
262.2781 	EXP 	fixation: autoDraw = True
262.3959 	EXP 	Device response: <KeyPress from None: t=262.24940579998656, value=z, duration=0.13147490000119433>
263.2623 	EXP 	line1: autoDraw = True
263.2623 	EXP 	line2: autoDraw = True
263.2623 	EXP 	line3: autoDraw = True
263.2623 	EXP 	line4: autoDraw = True
263.2790 	EXP 	fixation: autoDraw = False
264.2625 	INFO 	Keyboard events cleared
264.2623 	EXP 	probe: autoDraw = True
264.5463 	EXP 	Device response: <KeyPress from None: t=264.53305959998397, value=x, duration=None>
264.5469 	EXP 	New trial (rep=27, index=1): <Trial 109 (1 in rep 27) data={'pos': np.int64(150), 'corr_resp': 'v', 'thisN': 109, 'thisTrialN': 1, 'thisRepN': 27}>
264.5483 	DATA 	Keypress: x
264.5606 	EXP 	fixation: autoDraw = False
264.5606 	EXP 	line1: autoDraw = False
264.5606 	EXP 	line2: autoDraw = False
264.5606 	EXP 	line3: autoDraw = False
264.5606 	EXP 	line4: autoDraw = False
264.5606 	EXP 	probe: autoDraw = False
264.5606 	EXP 	fixation: autoDraw = True
264.6297 	EXP 	Device response: <KeyPress from None: t=264.53305959998397, value=x, duration=0.09100660000694916>
265.5624 	EXP 	fixation: autoDraw = False
265.5624 	EXP 	line1: autoDraw = True
265.5624 	EXP 	line2: autoDraw = True
265.5624 	EXP 	line3: autoDraw = True
265.5624 	EXP 	line4: autoDraw = True
266.5450 	INFO 	Keyboard events cleared
266.5448 	EXP 	probe: autoDraw = True
266.8791 	EXP 	Device response: <KeyPress from None: t=266.8653075999755, value=v, duration=None>
266.8796 	EXP 	New trial (rep=27, index=2): <Trial 110 (2 in rep 27) data={'pos': np.int64(50), 'corr_resp': 'c', 'thisN': 110, 'thisTrialN': 2, 'thisRepN': 27}>
266.8808 	DATA 	Keypress: v
266.8951 	EXP 	fixation: autoDraw = False
266.8951 	EXP 	line1: autoDraw = False
266.8951 	EXP 	line2: autoDraw = False
266.8951 	EXP 	line3: autoDraw = False
266.8951 	EXP 	line4: autoDraw = False
266.8951 	EXP 	probe: autoDraw = False
266.8951 	EXP 	fixation: autoDraw = True
266.9954 	EXP 	Device response: <KeyPress from None: t=266.8653075999755, value=v, duration=0.12173860002076253>
267.8796 	EXP 	line1: autoDraw = True
267.8796 	EXP 	line2: autoDraw = True
267.8796 	EXP 	line3: autoDraw = True
267.8796 	EXP 	line4: autoDraw = True
267.8951 	EXP 	fixation: autoDraw = False
268.8797 	INFO 	Keyboard events cleared
268.8795 	EXP 	probe: autoDraw = True
269.1156 	DATA 	Keypress: c
269.1285 	EXP 	Device response: <KeyPress from None: t=269.1136757999775, value=c, duration=None>
269.1290 	EXP 	New trial (rep=27, index=3): <Trial 111 (3 in rep 27) data={'pos': np.int64(-150), 'corr_resp': 'z', 'thisN': 111, 'thisTrialN': 3, 'thisRepN': 27}>
269.1454 	EXP 	fixation: autoDraw = False
269.1454 	EXP 	line1: autoDraw = False
269.1454 	EXP 	line2: autoDraw = False
269.1454 	EXP 	line3: autoDraw = False
269.1454 	EXP 	line4: autoDraw = False
269.1454 	EXP 	probe: autoDraw = False
269.1454 	EXP 	fixation: autoDraw = True
269.2628 	EXP 	Device response: <KeyPress from None: t=269.1136757999775, value=c, duration=0.14095840000663884>
270.1293 	EXP 	line1: autoDraw = True
270.1293 	EXP 	line2: autoDraw = True
270.1293 	EXP 	line3: autoDraw = True
270.1293 	EXP 	line4: autoDraw = True
270.1451 	EXP 	fixation: autoDraw = False
271.1294 	INFO 	Keyboard events cleared
271.1292 	EXP 	probe: autoDraw = True
271.5794 	EXP 	Device response: <KeyPress from None: t=271.5666150999896, value=z, duration=None>
271.5798 	EXP 	New trial (rep=28, index=0): <Trial 112 (0 in rep 28) data={'pos': np.int64(-50), 'corr_resp': 'x', 'thisN': 112, 'thisTrialN': 0, 'thisRepN': 28}>
271.5810 	DATA 	Keypress: z
271.5949 	EXP 	fixation: autoDraw = False
271.5949 	EXP 	line1: autoDraw = False
271.5949 	EXP 	line2: autoDraw = False
271.5949 	EXP 	line3: autoDraw = False
271.5949 	EXP 	line4: autoDraw = False
271.5949 	EXP 	probe: autoDraw = False
271.5949 	EXP 	fixation: autoDraw = True
271.6797 	EXP 	Device response: <KeyPress from None: t=271.5666150999896, value=z, duration=0.10784760001115501>
272.5782 	EXP 	line1: autoDraw = True
272.5782 	EXP 	line2: autoDraw = True
272.5782 	EXP 	line3: autoDraw = True
272.5782 	EXP 	line4: autoDraw = True
272.5958 	EXP 	fixation: autoDraw = False
273.5796 	INFO 	Keyboard events cleared
273.5794 	EXP 	probe: autoDraw = True
273.8313 	DATA 	Keypress: x
273.8458 	EXP 	Device response: <KeyPress from None: t=273.8297228999727, value=x, duration=None>
273.8464 	EXP 	New trial (rep=28, index=1): <Trial 113 (1 in rep 28) data={'pos': np.int64(150), 'corr_resp': 'v', 'thisN': 113, 'thisTrialN': 1, 'thisRepN': 28}>
273.8607 	EXP 	fixation: autoDraw = False
273.8607 	EXP 	line1: autoDraw = False
273.8607 	EXP 	line2: autoDraw = False
273.8607 	EXP 	line3: autoDraw = False
273.8607 	EXP 	line4: autoDraw = False
273.8607 	EXP 	probe: autoDraw = False
273.8607 	EXP 	fixation: autoDraw = True
273.9791 	EXP 	Device response: <KeyPress from None: t=273.8297228999727, value=x, duration=0.14343670001835562>
274.8460 	EXP 	line1: autoDraw = True
274.8460 	EXP 	line2: autoDraw = True
274.8460 	EXP 	line3: autoDraw = True
274.8460 	EXP 	line4: autoDraw = True
274.8623 	EXP 	fixation: autoDraw = False
275.8463 	INFO 	Keyboard events cleared
275.8461 	EXP 	probe: autoDraw = True
276.1613 	EXP 	Device response: <KeyPress from None: t=276.1531067999895, value=v, duration=None>
276.1619 	EXP 	New trial (rep=28, index=2): <Trial 114 (2 in rep 28) data={'pos': np.int64(50), 'corr_resp': 'c', 'thisN': 114, 'thisTrialN': 2, 'thisRepN': 28}>
276.1631 	DATA 	Keypress: v
276.1789 	EXP 	fixation: autoDraw = False
276.1789 	EXP 	line1: autoDraw = False
276.1789 	EXP 	line2: autoDraw = False
276.1789 	EXP 	line3: autoDraw = False
276.1789 	EXP 	line4: autoDraw = False
276.1789 	EXP 	probe: autoDraw = False
276.1789 	EXP 	fixation: autoDraw = True
276.2967 	EXP 	Device response: <KeyPress from None: t=276.1531067999895, value=v, duration=0.12661549999029376>
277.1622 	EXP 	line1: autoDraw = True
277.1622 	EXP 	line2: autoDraw = True
277.1622 	EXP 	line3: autoDraw = True
277.1622 	EXP 	line4: autoDraw = True
277.1793 	EXP 	fixation: autoDraw = False
278.1631 	INFO 	Keyboard events cleared
278.1629 	EXP 	probe: autoDraw = True
278.4973 	DATA 	Keypress: c
278.5117 	EXP 	Device response: <KeyPress from None: t=278.4957909999939, value=c, duration=None>
278.5120 	EXP 	New trial (rep=28, index=3): <Trial 115 (3 in rep 28) data={'pos': np.int64(-150), 'corr_resp': 'z', 'thisN': 115, 'thisTrialN': 3, 'thisRepN': 28}>
278.5283 	EXP 	fixation: autoDraw = False
278.5283 	EXP 	line1: autoDraw = False
278.5283 	EXP 	line2: autoDraw = False
278.5283 	EXP 	line3: autoDraw = False
278.5283 	EXP 	line4: autoDraw = False
278.5283 	EXP 	probe: autoDraw = False
278.5283 	EXP 	fixation: autoDraw = True
278.6457 	EXP 	Device response: <KeyPress from None: t=278.4957909999939, value=c, duration=0.1471824999898672>
279.5126 	EXP 	line1: autoDraw = True
279.5126 	EXP 	line2: autoDraw = True
279.5126 	EXP 	line3: autoDraw = True
279.5126 	EXP 	line4: autoDraw = True
279.5289 	EXP 	fixation: autoDraw = False
280.5129 	INFO 	Keyboard events cleared
280.5127 	EXP 	probe: autoDraw = True
280.7961 	EXP 	Device response: <KeyPress from None: t=280.79467899998417, value=z, duration=None>
280.7964 	EXP 	New trial (rep=29, index=0): <Trial 116 (0 in rep 29) data={'pos': np.int64(-50), 'corr_resp': 'x', 'thisN': 116, 'thisTrialN': 0, 'thisRepN': 29}>
280.7975 	DATA 	Keypress: z
280.8111 	EXP 	fixation: autoDraw = False
280.8111 	EXP 	line1: autoDraw = False
280.8111 	EXP 	line2: autoDraw = False
280.8111 	EXP 	line3: autoDraw = False
280.8111 	EXP 	line4: autoDraw = False
280.8111 	EXP 	probe: autoDraw = False
280.8111 	EXP 	fixation: autoDraw = True
280.9299 	EXP 	Device response: <KeyPress from None: t=280.79467899998417, value=z, duration=0.12756389999412932>
281.7960 	EXP 	line1: autoDraw = True
281.7960 	EXP 	line2: autoDraw = True
281.7960 	EXP 	line3: autoDraw = True
281.7960 	EXP 	line4: autoDraw = True
281.8122 	EXP 	fixation: autoDraw = False
282.7960 	INFO 	Keyboard events cleared
282.7958 	EXP 	probe: autoDraw = True
283.0616 	EXP 	Device response: <KeyPress from None: t=283.05304759999854, value=x, duration=None>
283.0621 	EXP 	New trial (rep=29, index=1): <Trial 117 (1 in rep 29) data={'pos': np.int64(150), 'corr_resp': 'v', 'thisN': 117, 'thisTrialN': 1, 'thisRepN': 29}>
283.0632 	DATA 	Keypress: x
283.0783 	EXP 	fixation: autoDraw = False
283.0783 	EXP 	line1: autoDraw = False
283.0783 	EXP 	line2: autoDraw = False
283.0783 	EXP 	line3: autoDraw = False
283.0783 	EXP 	line4: autoDraw = False
283.0783 	EXP 	probe: autoDraw = False
283.0783 	EXP 	fixation: autoDraw = True
283.1794 	EXP 	Device response: <KeyPress from None: t=283.05304759999854, value=x, duration=0.12195469997823238>
284.0626 	EXP 	line1: autoDraw = True
284.0626 	EXP 	line2: autoDraw = True
284.0626 	EXP 	line3: autoDraw = True
284.0626 	EXP 	line4: autoDraw = True
284.0790 	EXP 	fixation: autoDraw = False
285.0632 	INFO 	Keyboard events cleared
285.0630 	EXP 	probe: autoDraw = True
285.3453 	EXP 	Device response: <KeyPress from None: t=285.3358859999862, value=v, duration=None>
285.3457 	EXP 	New trial (rep=29, index=2): <Trial 118 (2 in rep 29) data={'pos': np.int64(50), 'corr_resp': 'c', 'thisN': 118, 'thisTrialN': 2, 'thisRepN': 29}>
285.3469 	DATA 	Keypress: v
285.3625 	EXP 	fixation: autoDraw = False
285.3625 	EXP 	line1: autoDraw = False
285.3625 	EXP 	line2: autoDraw = False
285.3625 	EXP 	line3: autoDraw = False
285.3625 	EXP 	line4: autoDraw = False
285.3625 	EXP 	probe: autoDraw = False
285.3625 	EXP 	fixation: autoDraw = True
285.4627 	EXP 	Device response: <KeyPress from None: t=285.3358859999862, value=v, duration=0.12551610000082292>
286.3462 	EXP 	line1: autoDraw = True
286.3462 	EXP 	line2: autoDraw = True
286.3462 	EXP 	line3: autoDraw = True
286.3462 	EXP 	line4: autoDraw = True
286.3627 	EXP 	fixation: autoDraw = False
287.3463 	INFO 	Keyboard events cleared
287.3461 	EXP 	probe: autoDraw = True
287.7120 	EXP 	Device response: <KeyPress from None: t=287.70832710000104, value=c, duration=None>
287.7123 	EXP 	New trial (rep=29, index=3): <Trial 119 (3 in rep 29) data={'pos': np.int64(-150), 'corr_resp': 'z', 'thisN': 119, 'thisTrialN': 3, 'thisRepN': 29}>
287.7135 	DATA 	Keypress: c
287.7283 	EXP 	fixation: autoDraw = False
287.7283 	EXP 	line1: autoDraw = False
287.7283 	EXP 	line2: autoDraw = False
287.7283 	EXP 	line3: autoDraw = False
287.7283 	EXP 	line4: autoDraw = False
287.7283 	EXP 	probe: autoDraw = False
287.7283 	EXP 	fixation: autoDraw = True
287.8798 	EXP 	Device response: <KeyPress from None: t=287.70832710000104, value=c, duration=0.17087289999471977>
288.7128 	EXP 	line1: autoDraw = True
288.7128 	EXP 	line2: autoDraw = True
288.7128 	EXP 	line3: autoDraw = True
288.7128 	EXP 	line4: autoDraw = True
288.7297 	EXP 	fixation: autoDraw = False
289.7129 	INFO 	Keyboard events cleared
289.7127 	EXP 	probe: autoDraw = True
290.0301 	EXP 	Device response: <KeyPress from None: t=290.0201171999797, value=z, duration=None>
290.0306 	EXP 	New trial (rep=30, index=0): <Trial 120 (0 in rep 30) data={'pos': np.int64(-50), 'corr_resp': 'x', 'thisN': 120, 'thisTrialN': 0, 'thisRepN': 30}>
290.0320 	DATA 	Keypress: z
290.0444 	EXP 	fixation: autoDraw = False
290.0444 	EXP 	line1: autoDraw = False
290.0444 	EXP 	line2: autoDraw = False
290.0444 	EXP 	line3: autoDraw = False
290.0444 	EXP 	line4: autoDraw = False
290.0444 	EXP 	probe: autoDraw = False
290.0444 	EXP 	fixation: autoDraw = True
290.1462 	EXP 	Device response: <KeyPress from None: t=290.0201171999797, value=z, duration=0.11783020000439137>
291.0458 	EXP 	fixation: autoDraw = False
291.0458 	EXP 	line1: autoDraw = True
291.0458 	EXP 	line2: autoDraw = True
291.0458 	EXP 	line3: autoDraw = True
291.0458 	EXP 	line4: autoDraw = True
292.0463 	INFO 	Keyboard events cleared
292.0460 	EXP 	probe: autoDraw = True
292.4129 	EXP 	Device response: <KeyPress from None: t=292.408465799992, value=x, duration=None>
292.4133 	EXP 	New trial (rep=30, index=1): <Trial 121 (1 in rep 30) data={'pos': np.int64(150), 'corr_resp': 'v', 'thisN': 121, 'thisTrialN': 1, 'thisRepN': 30}>
292.4145 	DATA 	Keypress: x
292.4277 	EXP 	fixation: autoDraw = False
292.4277 	EXP 	line1: autoDraw = False
292.4277 	EXP 	line2: autoDraw = False
292.4277 	EXP 	line3: autoDraw = False
292.4277 	EXP 	line4: autoDraw = False
292.4277 	EXP 	probe: autoDraw = False
292.4277 	EXP 	fixation: autoDraw = True
292.5452 	EXP 	Device response: <KeyPress from None: t=292.408465799992, value=x, duration=0.13337049999972805>
293.4128 	EXP 	line1: autoDraw = True
293.4128 	EXP 	line2: autoDraw = True
293.4128 	EXP 	line3: autoDraw = True
293.4128 	EXP 	line4: autoDraw = True
293.4295 	EXP 	fixation: autoDraw = False
294.4131 	INFO 	Keyboard events cleared
294.4129 	EXP 	probe: autoDraw = True
294.7131 	EXP 	Device response: <KeyPress from None: t=294.7015348999994, value=v, duration=None>
294.7136 	EXP 	New trial (rep=30, index=2): <Trial 122 (2 in rep 30) data={'pos': np.int64(50), 'corr_resp': 'c', 'thisN': 122, 'thisTrialN': 2, 'thisRepN': 30}>
294.7150 	DATA 	Keypress: v
294.7284 	EXP 	fixation: autoDraw = False
294.7284 	EXP 	line1: autoDraw = False
294.7284 	EXP 	line2: autoDraw = False
294.7284 	EXP 	line3: autoDraw = False
294.7284 	EXP 	line4: autoDraw = False
294.7284 	EXP 	probe: autoDraw = False
294.7284 	EXP 	fixation: autoDraw = True
294.8457 	EXP 	Device response: <KeyPress from None: t=294.7015348999994, value=v, duration=0.12807879998581484>
295.7286 	EXP 	fixation: autoDraw = False
295.7286 	EXP 	line1: autoDraw = True
295.7286 	EXP 	line2: autoDraw = True
295.7286 	EXP 	line3: autoDraw = True
295.7286 	EXP 	line4: autoDraw = True
296.7131 	INFO 	Keyboard events cleared
296.7129 	EXP 	probe: autoDraw = True
297.6147 	DATA 	Keypress: c
297.6297 	EXP 	Device response: <KeyPress from None: t=297.6126271999965, value=c, duration=None>
297.6301 	EXP 	New trial (rep=30, index=3): <Trial 123 (3 in rep 30) data={'pos': np.int64(-150), 'corr_resp': 'z', 'thisN': 123, 'thisTrialN': 3, 'thisRepN': 30}>
297.6457 	EXP 	fixation: autoDraw = False
297.6457 	EXP 	line1: autoDraw = False
297.6457 	EXP 	line2: autoDraw = False
297.6457 	EXP 	line3: autoDraw = False
297.6457 	EXP 	line4: autoDraw = False
297.6457 	EXP 	probe: autoDraw = False
297.6457 	EXP 	fixation: autoDraw = True
297.7460 	EXP 	Device response: <KeyPress from None: t=297.6126271999965, value=c, duration=0.13169869998819195>
298.6464 	EXP 	fixation: autoDraw = False
298.6464 	EXP 	line1: autoDraw = True
298.6464 	EXP 	line2: autoDraw = True
298.6464 	EXP 	line3: autoDraw = True
298.6464 	EXP 	line4: autoDraw = True
299.6285 	INFO 	Keyboard events cleared
299.6283 	EXP 	probe: autoDraw = True
299.9631 	EXP 	Device response: <KeyPress from None: t=299.961292699998, value=z, duration=None>
299.9635 	EXP 	New trial (rep=31, index=0): <Trial 124 (0 in rep 31) data={'pos': np.int64(-50), 'corr_resp': 'x', 'thisN': 124, 'thisTrialN': 0, 'thisRepN': 31}>
299.9646 	DATA 	Keypress: z
299.9784 	EXP 	fixation: autoDraw = False
299.9784 	EXP 	line1: autoDraw = False
299.9784 	EXP 	line2: autoDraw = False
299.9784 	EXP 	line3: autoDraw = False
299.9784 	EXP 	line4: autoDraw = False
299.9784 	EXP 	probe: autoDraw = False
299.9784 	EXP 	fixation: autoDraw = True
300.1784 	EXP 	Device response: <KeyPress from None: t=299.961292699998, value=z, duration=0.20299739998881705>
300.9624 	EXP 	line1: autoDraw = True
300.9624 	EXP 	line2: autoDraw = True
300.9624 	EXP 	line3: autoDraw = True
300.9624 	EXP 	line4: autoDraw = True
300.9796 	EXP 	fixation: autoDraw = False
301.9796 	INFO 	Keyboard events cleared
301.9794 	EXP 	probe: autoDraw = True
302.2304 	EXP 	Device response: <KeyPress from None: t=302.2195447999984, value=x, duration=None>
302.2308 	EXP 	New trial (rep=31, index=1): <Trial 125 (1 in rep 31) data={'pos': np.int64(150), 'corr_resp': 'v', 'thisN': 125, 'thisTrialN': 1, 'thisRepN': 31}>
302.2320 	DATA 	Keypress: x
302.2453 	EXP 	fixation: autoDraw = False
302.2453 	EXP 	line1: autoDraw = False
302.2453 	EXP 	line2: autoDraw = False
302.2453 	EXP 	line3: autoDraw = False
302.2453 	EXP 	line4: autoDraw = False
302.2453 	EXP 	probe: autoDraw = False
302.2453 	EXP 	fixation: autoDraw = True
302.2971 	EXP 	Device response: <KeyPress from None: t=302.2195447999984, value=x, duration=0.06727669999236241>
303.2465 	EXP 	fixation: autoDraw = False
303.2465 	EXP 	line1: autoDraw = True
303.2465 	EXP 	line2: autoDraw = True
303.2465 	EXP 	line3: autoDraw = True
303.2465 	EXP 	line4: autoDraw = True
304.2466 	INFO 	Keyboard events cleared
304.2464 	EXP 	probe: autoDraw = True
304.7120 	EXP 	Device response: <KeyPress from None: t=304.7068627999979, value=v, duration=None>
304.7125 	EXP 	New trial (rep=31, index=2): <Trial 126 (2 in rep 31) data={'pos': np.int64(50), 'corr_resp': 'c', 'thisN': 126, 'thisTrialN': 2, 'thisRepN': 31}>
304.7137 	DATA 	Keypress: v
304.7279 	EXP 	fixation: autoDraw = False
304.7279 	EXP 	line1: autoDraw = False
304.7279 	EXP 	line2: autoDraw = False
304.7279 	EXP 	line3: autoDraw = False
304.7279 	EXP 	line4: autoDraw = False
304.7279 	EXP 	probe: autoDraw = False
304.7279 	EXP 	fixation: autoDraw = True
304.8628 	EXP 	Device response: <KeyPress from None: t=304.7068627999979, value=v, duration=0.1441451999999117>
305.7131 	EXP 	line1: autoDraw = True
305.7131 	EXP 	line2: autoDraw = True
305.7131 	EXP 	line3: autoDraw = True
305.7131 	EXP 	line4: autoDraw = True
305.7299 	EXP 	fixation: autoDraw = False
306.7137 	INFO 	Keyboard events cleared
306.7135 	EXP 	probe: autoDraw = True
307.0154 	DATA 	Keypress: c
307.0304 	EXP 	Device response: <KeyPress from None: t=307.0143998999847, value=c, duration=None>
307.0309 	EXP 	New trial (rep=31, index=3): <Trial 127 (3 in rep 31) data={'pos': np.int64(-150), 'corr_resp': 'z', 'thisN': 127, 'thisTrialN': 3, 'thisRepN': 31}>
307.0448 	EXP 	fixation: autoDraw = False
307.0448 	EXP 	line1: autoDraw = False
307.0448 	EXP 	line2: autoDraw = False
307.0448 	EXP 	line3: autoDraw = False
307.0448 	EXP 	line4: autoDraw = False
307.0448 	EXP 	probe: autoDraw = False
307.0448 	EXP 	fixation: autoDraw = True
307.1619 	EXP 	Device response: <KeyPress from None: t=307.0143998999847, value=c, duration=0.1388765000156127>
308.0462 	EXP 	fixation: autoDraw = False
308.0462 	EXP 	line1: autoDraw = True
308.0462 	EXP 	line2: autoDraw = True
308.0462 	EXP 	line3: autoDraw = True
308.0462 	EXP 	line4: autoDraw = True
309.0301 	INFO 	Keyboard events cleared
309.0299 	EXP 	probe: autoDraw = True
309.3788 	EXP 	Device response: <KeyPress from None: t=309.37425579997944, value=z, duration=None>
309.3792 	EXP 	New trial (rep=32, index=0): <Trial 128 (0 in rep 32) data={'pos': np.int64(-50), 'corr_resp': 'x', 'thisN': 128, 'thisTrialN': 0, 'thisRepN': 32}>
309.3806 	DATA 	Keypress: z
309.3954 	EXP 	fixation: autoDraw = False
309.3954 	EXP 	line1: autoDraw = False
309.3954 	EXP 	line2: autoDraw = False
309.3954 	EXP 	line3: autoDraw = False
309.3954 	EXP 	line4: autoDraw = False
309.3954 	EXP 	probe: autoDraw = False
309.3954 	EXP 	fixation: autoDraw = True
309.4952 	EXP 	Device response: <KeyPress from None: t=309.37425579997944, value=z, duration=0.11751140002161264>
310.3795 	EXP 	line1: autoDraw = True
310.3795 	EXP 	line2: autoDraw = True
310.3795 	EXP 	line3: autoDraw = True
310.3795 	EXP 	line4: autoDraw = True
310.3959 	EXP 	fixation: autoDraw = False
311.3805 	INFO 	Keyboard events cleared
311.3803 	EXP 	probe: autoDraw = True
311.6295 	EXP 	Device response: <KeyPress from None: t=311.62677109998185, value=x, duration=None>
311.6300 	EXP 	New trial (rep=32, index=1): <Trial 129 (1 in rep 32) data={'pos': np.int64(150), 'corr_resp': 'v', 'thisN': 129, 'thisTrialN': 1, 'thisRepN': 32}>
311.6312 	DATA 	Keypress: x
311.6449 	EXP 	fixation: autoDraw = False
311.6449 	EXP 	line1: autoDraw = False
311.6449 	EXP 	line2: autoDraw = False
311.6449 	EXP 	line3: autoDraw = False
311.6449 	EXP 	line4: autoDraw = False
311.6449 	EXP 	probe: autoDraw = False
311.6449 	EXP 	fixation: autoDraw = True
311.7635 	EXP 	Device response: <KeyPress from None: t=311.62677109998185, value=x, duration=0.1308013999951072>
312.6297 	EXP 	line1: autoDraw = True
312.6297 	EXP 	line2: autoDraw = True
312.6297 	EXP 	line3: autoDraw = True
312.6297 	EXP 	line4: autoDraw = True
312.6466 	EXP 	fixation: autoDraw = False
313.6300 	INFO 	Keyboard events cleared
313.6298 	EXP 	probe: autoDraw = True
313.9120 	EXP 	Device response: <KeyPress from None: t=313.89928929999587, value=v, duration=None>
313.9125 	EXP 	New trial (rep=32, index=2): <Trial 130 (2 in rep 32) data={'pos': np.int64(50), 'corr_resp': 'c', 'thisN': 130, 'thisTrialN': 2, 'thisRepN': 32}>
313.9138 	DATA 	Keypress: v
313.9281 	EXP 	fixation: autoDraw = False
313.9281 	EXP 	line1: autoDraw = False
313.9281 	EXP 	line2: autoDraw = False
313.9281 	EXP 	line3: autoDraw = False
313.9281 	EXP 	line4: autoDraw = False
313.9281 	EXP 	probe: autoDraw = False
313.9281 	EXP 	fixation: autoDraw = True
314.0793 	EXP 	Device response: <KeyPress from None: t=313.89928929999587, value=v, duration=0.17614470000262372>
314.9128 	EXP 	line1: autoDraw = True
314.9128 	EXP 	line2: autoDraw = True
314.9128 	EXP 	line3: autoDraw = True
314.9128 	EXP 	line4: autoDraw = True
314.9288 	EXP 	fixation: autoDraw = False
315.9134 	INFO 	Keyboard events cleared
315.9132 	EXP 	probe: autoDraw = True
316.1800 	EXP 	Device response: <KeyPress from None: t=316.178319300001, value=c, duration=None>
316.1803 	EXP 	New trial (rep=32, index=3): <Trial 131 (3 in rep 32) data={'pos': np.int64(-150), 'corr_resp': 'z', 'thisN': 131, 'thisTrialN': 3, 'thisRepN': 32}>
316.1815 	DATA 	Keypress: c
316.1948 	EXP 	fixation: autoDraw = False
316.1948 	EXP 	line1: autoDraw = False
316.1948 	EXP 	line2: autoDraw = False
316.1948 	EXP 	line3: autoDraw = False
316.1948 	EXP 	line4: autoDraw = False
316.1948 	EXP 	probe: autoDraw = False
316.1948 	EXP 	fixation: autoDraw = True
316.3459 	EXP 	Device response: <KeyPress from None: t=316.178319300001, value=c, duration=0.1544154999719467>
317.1961 	EXP 	fixation: autoDraw = False
317.1961 	EXP 	line1: autoDraw = True
317.1961 	EXP 	line2: autoDraw = True
317.1961 	EXP 	line3: autoDraw = True
317.1961 	EXP 	line4: autoDraw = True
318.1801 	INFO 	Keyboard events cleared
318.1798 	EXP 	probe: autoDraw = True
318.4639 	EXP 	Device response: <KeyPress from None: t=318.45610229999875, value=z, duration=None>
318.4646 	EXP 	New trial (rep=33, index=0): <Trial 132 (0 in rep 33) data={'pos': np.int64(-50), 'corr_resp': 'x', 'thisN': 132, 'thisTrialN': 0, 'thisRepN': 33}>
318.4660 	DATA 	Keypress: z
318.4785 	EXP 	fixation: autoDraw = False
318.4785 	EXP 	line1: autoDraw = False
318.4785 	EXP 	line2: autoDraw = False
318.4785 	EXP 	line3: autoDraw = False
318.4785 	EXP 	line4: autoDraw = False
318.4785 	EXP 	probe: autoDraw = False
318.4785 	EXP 	fixation: autoDraw = True
318.6128 	EXP 	Device response: <KeyPress from None: t=318.45610229999875, value=z, duration=0.1451101999846287>
319.4796 	EXP 	fixation: autoDraw = False
319.4796 	EXP 	line1: autoDraw = True
319.4796 	EXP 	line2: autoDraw = True
319.4796 	EXP 	line3: autoDraw = True
319.4796 	EXP 	line4: autoDraw = True
320.4631 	INFO 	Keyboard events cleared
320.4629 	EXP 	probe: autoDraw = True
320.7626 	EXP 	Device response: <KeyPress from None: t=320.7586499999743, value=x, duration=None>
320.7630 	EXP 	New trial (rep=33, index=1): <Trial 133 (1 in rep 33) data={'pos': np.int64(150), 'corr_resp': 'v', 'thisN': 133, 'thisTrialN': 1, 'thisRepN': 33}>
320.7646 	DATA 	Keypress: x
320.7788 	EXP 	fixation: autoDraw = False
320.7788 	EXP 	line1: autoDraw = False
320.7788 	EXP 	line2: autoDraw = False
320.7788 	EXP 	line3: autoDraw = False
320.7788 	EXP 	line4: autoDraw = False
320.7788 	EXP 	probe: autoDraw = False
320.7788 	EXP 	fixation: autoDraw = True
320.9294 	EXP 	Device response: <KeyPress from None: t=320.7586499999743, value=x, duration=0.15540670001064427>
321.7628 	EXP 	line1: autoDraw = True
321.7628 	EXP 	line2: autoDraw = True
321.7628 	EXP 	line3: autoDraw = True
321.7628 	EXP 	line4: autoDraw = True
321.7802 	EXP 	fixation: autoDraw = False
322.7634 	INFO 	Keyboard events cleared
322.7632 	EXP 	probe: autoDraw = True
323.1124 	EXP 	Device response: <KeyPress from None: t=323.0999262999976, value=v, duration=None>
323.1128 	EXP 	New trial (rep=33, index=2): <Trial 134 (2 in rep 33) data={'pos': np.int64(50), 'corr_resp': 'c', 'thisN': 134, 'thisTrialN': 2, 'thisRepN': 33}>
323.1139 	DATA 	Keypress: v
323.1298 	EXP 	fixation: autoDraw = False
323.1298 	EXP 	line1: autoDraw = False
323.1298 	EXP 	line2: autoDraw = False
323.1298 	EXP 	line3: autoDraw = False
323.1298 	EXP 	line4: autoDraw = False
323.1298 	EXP 	probe: autoDraw = False
323.1298 	EXP 	fixation: autoDraw = True
323.2640 	EXP 	Device response: <KeyPress from None: t=323.0999262999976, value=v, duration=0.15307030000258237>
324.1130 	EXP 	line1: autoDraw = True
324.1130 	EXP 	line2: autoDraw = True
324.1130 	EXP 	line3: autoDraw = True
324.1130 	EXP 	line4: autoDraw = True
324.1297 	EXP 	fixation: autoDraw = False
325.1127 	INFO 	Keyboard events cleared
325.1125 	EXP 	probe: autoDraw = True
325.5962 	EXP 	Device response: <KeyPress from None: t=325.59105469999486, value=c, duration=None>
325.5965 	EXP 	New trial (rep=33, index=3): <Trial 135 (3 in rep 33) data={'pos': np.int64(-150), 'corr_resp': 'z', 'thisN': 135, 'thisTrialN': 3, 'thisRepN': 33}>
325.5977 	DATA 	Keypress: c
325.6123 	EXP 	fixation: autoDraw = False
325.6123 	EXP 	line1: autoDraw = False
325.6123 	EXP 	line2: autoDraw = False
325.6123 	EXP 	line3: autoDraw = False
325.6123 	EXP 	line4: autoDraw = False
325.6123 	EXP 	probe: autoDraw = False
325.6123 	EXP 	fixation: autoDraw = True
325.7624 	EXP 	Device response: <KeyPress from None: t=325.59105469999486, value=c, duration=0.161333600000944>
326.5966 	EXP 	line1: autoDraw = True
326.5966 	EXP 	line2: autoDraw = True
326.5966 	EXP 	line3: autoDraw = True
326.5966 	EXP 	line4: autoDraw = True
326.6133 	EXP 	fixation: autoDraw = False
327.6129 	INFO 	Keyboard events cleared
327.6127 	EXP 	probe: autoDraw = True
328.0329 	DATA 	Keypress: z
328.0472 	EXP 	Device response: <KeyPress from None: t=328.0311241999734, value=z, duration=None>
328.0477 	EXP 	New trial (rep=34, index=0): <Trial 136 (0 in rep 34) data={'pos': np.int64(-50), 'corr_resp': 'x', 'thisN': 136, 'thisTrialN': 0, 'thisRepN': 34}>
328.0617 	EXP 	fixation: autoDraw = False
328.0617 	EXP 	line1: autoDraw = False
328.0617 	EXP 	line2: autoDraw = False
328.0617 	EXP 	line3: autoDraw = False
328.0617 	EXP 	line4: autoDraw = False
328.0617 	EXP 	probe: autoDraw = False
328.0617 	EXP 	fixation: autoDraw = True
328.1463 	EXP 	Device response: <KeyPress from None: t=328.0311241999734, value=z, duration=0.10538110000197776>
329.0465 	EXP 	line1: autoDraw = True
329.0465 	EXP 	line2: autoDraw = True
329.0465 	EXP 	line3: autoDraw = True
329.0465 	EXP 	line4: autoDraw = True
329.0633 	EXP 	fixation: autoDraw = False
330.0633 	INFO 	Keyboard events cleared
330.0631 	EXP 	probe: autoDraw = True
330.4469 	EXP 	Device response: <KeyPress from None: t=330.44620519998716, value=x, duration=None>
330.4472 	EXP 	New trial (rep=34, index=1): <Trial 137 (1 in rep 34) data={'pos': np.int64(150), 'corr_resp': 'v', 'thisN': 137, 'thisTrialN': 1, 'thisRepN': 34}>
330.4483 	DATA 	Keypress: x
330.4624 	EXP 	fixation: autoDraw = False
330.4624 	EXP 	line1: autoDraw = False
330.4624 	EXP 	line2: autoDraw = False
330.4624 	EXP 	line3: autoDraw = False
330.4624 	EXP 	line4: autoDraw = False
330.4624 	EXP 	probe: autoDraw = False
330.4624 	EXP 	fixation: autoDraw = True
330.5969 	EXP 	Device response: <KeyPress from None: t=330.44620519998716, value=x, duration=0.14194110000971705>
331.4632 	EXP 	fixation: autoDraw = False
331.4632 	EXP 	line1: autoDraw = True
331.4632 	EXP 	line2: autoDraw = True
331.4632 	EXP 	line3: autoDraw = True
331.4632 	EXP 	line4: autoDraw = True
332.4468 	INFO 	Keyboard events cleared
332.4466 	EXP 	probe: autoDraw = True
332.9620 	EXP 	Device response: <KeyPress from None: t=332.9498585999827, value=v, duration=None>
332.9625 	EXP 	New trial (rep=34, index=2): <Trial 138 (2 in rep 34) data={'pos': np.int64(50), 'corr_resp': 'c', 'thisN': 138, 'thisTrialN': 2, 'thisRepN': 34}>
332.9636 	DATA 	Keypress: v
332.9791 	EXP 	fixation: autoDraw = False
332.9791 	EXP 	line1: autoDraw = False
332.9791 	EXP 	line2: autoDraw = False
332.9791 	EXP 	line3: autoDraw = False
332.9791 	EXP 	line4: autoDraw = False
332.9791 	EXP 	probe: autoDraw = False
332.9791 	EXP 	fixation: autoDraw = True
333.1802 	EXP 	Device response: <KeyPress from None: t=332.9498585999827, value=v, duration=0.21990070000174455>
333.9630 	EXP 	line1: autoDraw = True
333.9630 	EXP 	line2: autoDraw = True
333.9630 	EXP 	line3: autoDraw = True
333.9630 	EXP 	line4: autoDraw = True
333.9797 	EXP 	fixation: autoDraw = False
334.9626 	INFO 	Keyboard events cleared
334.9625 	EXP 	probe: autoDraw = True
335.4130 	EXP 	Device response: <KeyPress from None: t=335.3997978999978, value=c, duration=None>
335.4133 	EXP 	New trial (rep=34, index=3): <Trial 139 (3 in rep 34) data={'pos': np.int64(-150), 'corr_resp': 'z', 'thisN': 139, 'thisTrialN': 3, 'thisRepN': 34}>
335.4144 	DATA 	Keypress: c
335.4295 	EXP 	fixation: autoDraw = False
335.4295 	EXP 	line1: autoDraw = False
335.4295 	EXP 	line2: autoDraw = False
335.4295 	EXP 	line3: autoDraw = False
335.4295 	EXP 	line4: autoDraw = False
335.4295 	EXP 	probe: autoDraw = False
335.4295 	EXP 	fixation: autoDraw = True
335.5632 	EXP 	Device response: <KeyPress from None: t=335.3997978999978, value=c, duration=0.1617052999790758>
336.4133 	EXP 	line1: autoDraw = True
336.4133 	EXP 	line2: autoDraw = True
336.4133 	EXP 	line3: autoDraw = True
336.4133 	EXP 	line4: autoDraw = True
336.4285 	EXP 	fixation: autoDraw = False
337.4140 	INFO 	Keyboard events cleared
337.4138 	EXP 	probe: autoDraw = True
337.7134 	EXP 	Device response: <KeyPress from None: t=337.7122598999995, value=z, duration=None>
337.7137 	EXP 	New trial (rep=35, index=0): <Trial 140 (0 in rep 35) data={'pos': np.int64(-50), 'corr_resp': 'x', 'thisN': 140, 'thisTrialN': 0, 'thisRepN': 35}>
337.7149 	DATA 	Keypress: z
337.7292 	EXP 	fixation: autoDraw = False
337.7292 	EXP 	line1: autoDraw = False
337.7292 	EXP 	line2: autoDraw = False
337.7292 	EXP 	line3: autoDraw = False
337.7292 	EXP 	line4: autoDraw = False
337.7292 	EXP 	probe: autoDraw = False
337.7292 	EXP 	fixation: autoDraw = True
337.7964 	EXP 	Device response: <KeyPress from None: t=337.7122598999995, value=z, duration=0.07777019997593015>
338.7138 	EXP 	line1: autoDraw = True
338.7138 	EXP 	line2: autoDraw = True
338.7138 	EXP 	line3: autoDraw = True
338.7138 	EXP 	line4: autoDraw = True
338.7303 	EXP 	fixation: autoDraw = False
339.7132 	INFO 	Keyboard events cleared
339.7130 	EXP 	probe: autoDraw = True
339.9963 	EXP 	Device response: <KeyPress from None: t=339.9860783999902, value=x, duration=None>
339.9967 	EXP 	New trial (rep=35, index=1): <Trial 141 (1 in rep 35) data={'pos': np.int64(150), 'corr_resp': 'v', 'thisN': 141, 'thisTrialN': 1, 'thisRepN': 35}>
339.9979 	DATA 	Keypress: x
340.0126 	EXP 	fixation: autoDraw = False
340.0126 	EXP 	line1: autoDraw = False
340.0126 	EXP 	line2: autoDraw = False
340.0126 	EXP 	line3: autoDraw = False
340.0126 	EXP 	line4: autoDraw = False
340.0126 	EXP 	probe: autoDraw = False
340.0126 	EXP 	fixation: autoDraw = True
340.1464 	EXP 	Device response: <KeyPress from None: t=339.9860783999902, value=x, duration=0.14525370000046678>
340.9976 	EXP 	line1: autoDraw = True
340.9976 	EXP 	line2: autoDraw = True
340.9976 	EXP 	line3: autoDraw = True
340.9976 	EXP 	line4: autoDraw = True
341.0118 	EXP 	fixation: autoDraw = False
341.9973 	INFO 	Keyboard events cleared
341.9971 	EXP 	probe: autoDraw = True
342.3142 	EXP 	Device response: <KeyPress from None: t=342.30514919999405, value=v, duration=None>
342.3147 	EXP 	New trial (rep=35, index=2): <Trial 142 (2 in rep 35) data={'pos': np.int64(50), 'corr_resp': 'c', 'thisN': 142, 'thisTrialN': 2, 'thisRepN': 35}>
342.3160 	DATA 	Keypress: v
342.3291 	EXP 	fixation: autoDraw = False
342.3291 	EXP 	line1: autoDraw = False
342.3291 	EXP 	line2: autoDraw = False
342.3291 	EXP 	line3: autoDraw = False
342.3291 	EXP 	line4: autoDraw = False
342.3291 	EXP 	probe: autoDraw = False
342.3291 	EXP 	fixation: autoDraw = True
342.4797 	EXP 	Device response: <KeyPress from None: t=342.30514919999405, value=v, duration=0.16110339999431744>
343.3299 	EXP 	fixation: autoDraw = False
343.3299 	EXP 	line1: autoDraw = True
343.3299 	EXP 	line2: autoDraw = True
343.3299 	EXP 	line3: autoDraw = True
343.3299 	EXP 	line4: autoDraw = True
344.3127 	INFO 	Keyboard events cleared
344.3125 	EXP 	probe: autoDraw = True
344.6129 	EXP 	Device response: <KeyPress from None: t=344.6053126999759, value=c, duration=None>
344.6133 	EXP 	New trial (rep=35, index=3): <Trial 143 (3 in rep 35) data={'pos': np.int64(-150), 'corr_resp': 'z', 'thisN': 143, 'thisTrialN': 3, 'thisRepN': 35}>
344.6145 	DATA 	Keypress: c
344.6303 	EXP 	fixation: autoDraw = False
344.6303 	EXP 	line1: autoDraw = False
344.6303 	EXP 	line2: autoDraw = False
344.6303 	EXP 	line3: autoDraw = False
344.6303 	EXP 	line4: autoDraw = False
344.6303 	EXP 	probe: autoDraw = False
344.6303 	EXP 	fixation: autoDraw = True
344.7807 	EXP 	Device response: <KeyPress from None: t=344.6053126999759, value=c, duration=0.17191580001963302>
345.6138 	EXP 	line1: autoDraw = True
345.6138 	EXP 	line2: autoDraw = True
345.6138 	EXP 	line3: autoDraw = True
345.6138 	EXP 	line4: autoDraw = True
345.6291 	EXP 	fixation: autoDraw = False
346.6138 	INFO 	Keyboard events cleared
346.6136 	EXP 	probe: autoDraw = True
346.8468 	EXP 	Device response: <KeyPress from None: t=346.84321299998555, value=z, duration=None>
346.8474 	EXP 	New trial (rep=36, index=0): <Trial 144 (0 in rep 36) data={'pos': np.int64(-50), 'corr_resp': 'x', 'thisN': 144, 'thisTrialN': 0, 'thisRepN': 36}>
346.8492 	DATA 	Keypress: z
346.8619 	EXP 	fixation: autoDraw = False
346.8619 	EXP 	line1: autoDraw = False
346.8619 	EXP 	line2: autoDraw = False
346.8619 	EXP 	line3: autoDraw = False
346.8619 	EXP 	line4: autoDraw = False
346.8619 	EXP 	probe: autoDraw = False
346.8619 	EXP 	fixation: autoDraw = True
346.9630 	EXP 	Device response: <KeyPress from None: t=346.84321299998555, value=z, duration=0.11076619999948889>
347.8472 	EXP 	line1: autoDraw = True
347.8472 	EXP 	line2: autoDraw = True
347.8472 	EXP 	line3: autoDraw = True
347.8472 	EXP 	line4: autoDraw = True
347.8628 	EXP 	fixation: autoDraw = False
348.8474 	INFO 	Keyboard events cleared
348.8472 	EXP 	probe: autoDraw = True
349.1134 	EXP 	Device response: <KeyPress from None: t=349.11094869999215, value=x, duration=None>
349.1138 	EXP 	New trial (rep=36, index=1): <Trial 145 (1 in rep 36) data={'pos': np.int64(150), 'corr_resp': 'v', 'thisN': 145, 'thisTrialN': 1, 'thisRepN': 36}>
349.1150 	DATA 	Keypress: x
349.1295 	EXP 	fixation: autoDraw = False
349.1295 	EXP 	line1: autoDraw = False
349.1295 	EXP 	line2: autoDraw = False
349.1295 	EXP 	line3: autoDraw = False
349.1295 	EXP 	line4: autoDraw = False
349.1295 	EXP 	probe: autoDraw = False
349.1295 	EXP 	fixation: autoDraw = True
349.1974 	EXP 	Device response: <KeyPress from None: t=349.11094869999215, value=x, duration=0.07636310000088997>
350.1138 	EXP 	line1: autoDraw = True
350.1138 	EXP 	line2: autoDraw = True
350.1138 	EXP 	line3: autoDraw = True
350.1138 	EXP 	line4: autoDraw = True
350.1293 	EXP 	fixation: autoDraw = False
351.1129 	INFO 	Keyboard events cleared
351.1127 	EXP 	probe: autoDraw = True
351.3801 	EXP 	Device response: <KeyPress from None: t=351.36879789998056, value=v, duration=None>
351.3805 	EXP 	New trial (rep=36, index=2): <Trial 146 (2 in rep 36) data={'pos': np.int64(50), 'corr_resp': 'c', 'thisN': 146, 'thisTrialN': 2, 'thisRepN': 36}>
351.3817 	DATA 	Keypress: v
351.3971 	EXP 	fixation: autoDraw = False
351.3971 	EXP 	line1: autoDraw = False
351.3971 	EXP 	line2: autoDraw = False
351.3971 	EXP 	line3: autoDraw = False
351.3971 	EXP 	line4: autoDraw = False
351.3971 	EXP 	probe: autoDraw = False
351.3971 	EXP 	fixation: autoDraw = True
351.5308 	EXP 	Device response: <KeyPress from None: t=351.36879789998056, value=v, duration=0.1518352999992203>
352.3798 	EXP 	line1: autoDraw = True
352.3798 	EXP 	line2: autoDraw = True
352.3798 	EXP 	line3: autoDraw = True
352.3798 	EXP 	line4: autoDraw = True
352.3966 	EXP 	fixation: autoDraw = False
353.3804 	INFO 	Keyboard events cleared
353.3802 	EXP 	probe: autoDraw = True
353.6814 	DATA 	Keypress: c
353.6962 	EXP 	Device response: <KeyPress from None: t=353.6808110999991, value=c, duration=None>
353.6965 	EXP 	New trial (rep=36, index=3): <Trial 147 (3 in rep 36) data={'pos': np.int64(-150), 'corr_resp': 'z', 'thisN': 147, 'thisTrialN': 3, 'thisRepN': 36}>
353.7139 	EXP 	fixation: autoDraw = False
353.7139 	EXP 	line1: autoDraw = False
353.7139 	EXP 	line2: autoDraw = False
353.7139 	EXP 	line3: autoDraw = False
353.7139 	EXP 	line4: autoDraw = False
353.7139 	EXP 	probe: autoDraw = False
353.7139 	EXP 	fixation: autoDraw = True
353.8633 	EXP 	Device response: <KeyPress from None: t=353.6808110999991, value=c, duration=0.1731922999897506>
354.6954 	EXP 	line1: autoDraw = True
354.6954 	EXP 	line2: autoDraw = True
354.6954 	EXP 	line3: autoDraw = True
354.6954 	EXP 	line4: autoDraw = True
354.7302 	EXP 	fixation: autoDraw = False
355.6964 	INFO 	Keyboard events cleared
355.6961 	EXP 	probe: autoDraw = True
356.1969 	EXP 	Device response: <KeyPress from None: t=356.18618679998326, value=z, duration=None>
356.1972 	EXP 	New trial (rep=37, index=0): <Trial 148 (0 in rep 37) data={'pos': np.int64(-50), 'corr_resp': 'x', 'thisN': 148, 'thisTrialN': 0, 'thisRepN': 37}>
356.1985 	DATA 	Keypress: z
356.2129 	EXP 	fixation: autoDraw = False
356.2129 	EXP 	line1: autoDraw = False
356.2129 	EXP 	line2: autoDraw = False
356.2129 	EXP 	line3: autoDraw = False
356.2129 	EXP 	line4: autoDraw = False
356.2129 	EXP 	probe: autoDraw = False
356.2129 	EXP 	fixation: autoDraw = True
356.3144 	EXP 	Device response: <KeyPress from None: t=356.18618679998326, value=z, duration=0.11173180001787841>
357.1971 	EXP 	line1: autoDraw = True
357.1971 	EXP 	line2: autoDraw = True
357.1971 	EXP 	line3: autoDraw = True
357.1971 	EXP 	line4: autoDraw = True
357.2122 	EXP 	fixation: autoDraw = False
358.1975 	INFO 	Keyboard events cleared
358.1972 	EXP 	probe: autoDraw = True
358.4965 	EXP 	Device response: <KeyPress from None: t=358.48866459997953, value=x, duration=None>
358.4969 	EXP 	New trial (rep=37, index=1): <Trial 149 (1 in rep 37) data={'pos': np.int64(150), 'corr_resp': 'v', 'thisN': 149, 'thisTrialN': 1, 'thisRepN': 37}>
358.4984 	DATA 	Keypress: x
358.5128 	EXP 	fixation: autoDraw = False
358.5128 	EXP 	line1: autoDraw = False
358.5128 	EXP 	line2: autoDraw = False
358.5128 	EXP 	line3: autoDraw = False
358.5128 	EXP 	line4: autoDraw = False
358.5128 	EXP 	probe: autoDraw = False
358.5128 	EXP 	fixation: autoDraw = True
358.5639 	EXP 	Device response: <KeyPress from None: t=358.48866459997953, value=x, duration=0.06747259999974631>
359.4975 	EXP 	line1: autoDraw = True
359.4975 	EXP 	line2: autoDraw = True
359.4975 	EXP 	line3: autoDraw = True
359.4975 	EXP 	line4: autoDraw = True
359.5137 	EXP 	fixation: autoDraw = False
360.4974 	INFO 	Keyboard events cleared
360.4972 	EXP 	probe: autoDraw = True
360.7647 	EXP 	Device response: <KeyPress from None: t=360.75147999997716, value=v, duration=None>
360.7650 	EXP 	New trial (rep=37, index=2): <Trial 150 (2 in rep 37) data={'pos': np.int64(50), 'corr_resp': 'c', 'thisN': 150, 'thisTrialN': 2, 'thisRepN': 37}>
360.7663 	DATA 	Keypress: v
360.7788 	EXP 	fixation: autoDraw = False
360.7788 	EXP 	line1: autoDraw = False
360.7788 	EXP 	line2: autoDraw = False
360.7788 	EXP 	line3: autoDraw = False
360.7788 	EXP 	line4: autoDraw = False
360.7788 	EXP 	probe: autoDraw = False
360.7788 	EXP 	fixation: autoDraw = True
360.8977 	EXP 	Device response: <KeyPress from None: t=360.75147999997716, value=v, duration=0.14102430001366884>
361.7643 	EXP 	line1: autoDraw = True
361.7643 	EXP 	line2: autoDraw = True
361.7643 	EXP 	line3: autoDraw = True
361.7643 	EXP 	line4: autoDraw = True
361.7806 	EXP 	fixation: autoDraw = False
362.7643 	INFO 	Keyboard events cleared
362.7641 	EXP 	probe: autoDraw = True
363.0802 	EXP 	Device response: <KeyPress from None: t=363.0733933999727, value=c, duration=None>
363.0806 	EXP 	New trial (rep=37, index=3): <Trial 151 (3 in rep 37) data={'pos': np.int64(-150), 'corr_resp': 'z', 'thisN': 151, 'thisTrialN': 3, 'thisRepN': 37}>
363.0817 	DATA 	Keypress: c
363.0971 	EXP 	fixation: autoDraw = False
363.0971 	EXP 	line1: autoDraw = False
363.0971 	EXP 	line2: autoDraw = False
363.0971 	EXP 	line3: autoDraw = False
363.0971 	EXP 	line4: autoDraw = False
363.0971 	EXP 	probe: autoDraw = False
363.0971 	EXP 	fixation: autoDraw = True
363.2307 	EXP 	Device response: <KeyPress from None: t=363.0733933999727, value=c, duration=0.15375200001290068>
364.0808 	EXP 	line1: autoDraw = True
364.0808 	EXP 	line2: autoDraw = True
364.0808 	EXP 	line3: autoDraw = True
364.0808 	EXP 	line4: autoDraw = True
364.0973 	EXP 	fixation: autoDraw = False
365.0796 	INFO 	Keyboard events cleared
365.0795 	EXP 	probe: autoDraw = True
365.3993 	DATA 	Keypress: z
365.4135 	EXP 	Device response: <KeyPress from None: t=365.39773929998046, value=z, duration=None>
365.4139 	EXP 	New trial (rep=38, index=0): <Trial 152 (0 in rep 38) data={'pos': np.int64(-50), 'corr_resp': 'x', 'thisN': 152, 'thisTrialN': 0, 'thisRepN': 38}>
365.4290 	EXP 	fixation: autoDraw = False
365.4290 	EXP 	line1: autoDraw = False
365.4290 	EXP 	line2: autoDraw = False
365.4290 	EXP 	line3: autoDraw = False
365.4290 	EXP 	line4: autoDraw = False
365.4290 	EXP 	probe: autoDraw = False
365.4290 	EXP 	fixation: autoDraw = True
365.5802 	EXP 	Device response: <KeyPress from None: t=365.39773929998046, value=z, duration=0.167118900018977>
366.4303 	EXP 	fixation: autoDraw = False
366.4303 	EXP 	line1: autoDraw = True
366.4303 	EXP 	line2: autoDraw = True
366.4303 	EXP 	line3: autoDraw = True
366.4303 	EXP 	line4: autoDraw = True
367.4142 	INFO 	Keyboard events cleared
367.4140 	EXP 	probe: autoDraw = True
368.1814 	EXP 	Device response: <KeyPress from None: t=368.1719447999785, value=x, duration=None>
368.1819 	EXP 	New trial (rep=38, index=1): <Trial 153 (1 in rep 38) data={'pos': np.int64(150), 'corr_resp': 'v', 'thisN': 153, 'thisTrialN': 1, 'thisRepN': 38}>
368.1834 	DATA 	Keypress: x
368.1956 	EXP 	fixation: autoDraw = False
368.1956 	EXP 	line1: autoDraw = False
368.1956 	EXP 	line2: autoDraw = False
368.1956 	EXP 	line3: autoDraw = False
368.1956 	EXP 	line4: autoDraw = False
368.1956 	EXP 	probe: autoDraw = False
368.1956 	EXP 	fixation: autoDraw = True
368.3137 	EXP 	Device response: <KeyPress from None: t=368.1719447999785, value=x, duration=0.1385104000219144>
369.1802 	EXP 	line1: autoDraw = True
369.1802 	EXP 	line2: autoDraw = True
369.1802 	EXP 	line3: autoDraw = True
369.1802 	EXP 	line4: autoDraw = True
369.1974 	EXP 	fixation: autoDraw = False
370.1978 	INFO 	Keyboard events cleared
370.1976 	EXP 	probe: autoDraw = True
370.5804 	EXP 	Device response: <KeyPress from None: t=370.57073129998753, value=v, duration=None>
370.5808 	EXP 	New trial (rep=38, index=2): <Trial 154 (2 in rep 38) data={'pos': np.int64(50), 'corr_resp': 'c', 'thisN': 154, 'thisTrialN': 2, 'thisRepN': 38}>
370.5820 	DATA 	Keypress: v
370.5972 	EXP 	fixation: autoDraw = False
370.5972 	EXP 	line1: autoDraw = False
370.5972 	EXP 	line2: autoDraw = False
370.5972 	EXP 	line3: autoDraw = False
370.5972 	EXP 	line4: autoDraw = False
370.5972 	EXP 	probe: autoDraw = False
370.5972 	EXP 	fixation: autoDraw = True
370.7307 	EXP 	Device response: <KeyPress from None: t=370.57073129998753, value=v, duration=0.15717019999283366>
371.5800 	EXP 	line1: autoDraw = True
371.5800 	EXP 	line2: autoDraw = True
371.5800 	EXP 	line3: autoDraw = True
371.5800 	EXP 	line4: autoDraw = True
371.5974 	EXP 	fixation: autoDraw = False
372.5815 	INFO 	Keyboard events cleared
372.5813 	EXP 	probe: autoDraw = True
372.9981 	EXP 	Device response: <KeyPress from None: t=372.9892806999851, value=c, duration=None>
372.9985 	EXP 	New trial (rep=38, index=3): <Trial 155 (3 in rep 38) data={'pos': np.int64(-150), 'corr_resp': 'z', 'thisN': 155, 'thisTrialN': 3, 'thisRepN': 38}>
372.9998 	DATA 	Keypress: c
373.0130 	EXP 	fixation: autoDraw = False
373.0130 	EXP 	line1: autoDraw = False
373.0130 	EXP 	line2: autoDraw = False
373.0130 	EXP 	line3: autoDraw = False
373.0130 	EXP 	line4: autoDraw = False
373.0130 	EXP 	probe: autoDraw = False
373.0130 	EXP 	fixation: autoDraw = True
373.1465 	EXP 	Device response: <KeyPress from None: t=372.9892806999851, value=c, duration=0.14777440001489595>
374.0148 	EXP 	fixation: autoDraw = False
374.0148 	EXP 	line1: autoDraw = True
374.0148 	EXP 	line2: autoDraw = True
374.0148 	EXP 	line3: autoDraw = True
374.0148 	EXP 	line4: autoDraw = True
375.0142 	INFO 	Keyboard events cleared
375.0140 	EXP 	probe: autoDraw = True
375.5468 	EXP 	Device response: <KeyPress from None: t=375.5440051999758, value=z, duration=None>
375.5471 	EXP 	New trial (rep=39, index=0): <Trial 156 (0 in rep 39) data={'pos': np.int64(-50), 'corr_resp': 'x', 'thisN': 156, 'thisTrialN': 0, 'thisRepN': 39}>
375.5483 	DATA 	Keypress: z
375.5631 	EXP 	fixation: autoDraw = False
375.5631 	EXP 	line1: autoDraw = False
375.5631 	EXP 	line2: autoDraw = False
375.5631 	EXP 	line3: autoDraw = False
375.5631 	EXP 	line4: autoDraw = False
375.5631 	EXP 	probe: autoDraw = False
375.5631 	EXP 	fixation: autoDraw = True
375.6630 	EXP 	Device response: <KeyPress from None: t=375.5440051999758, value=z, duration=0.10681019999901764>
376.5468 	EXP 	line1: autoDraw = True
376.5468 	EXP 	line2: autoDraw = True
376.5468 	EXP 	line3: autoDraw = True
376.5468 	EXP 	line4: autoDraw = True
376.5629 	EXP 	fixation: autoDraw = False
377.5475 	INFO 	Keyboard events cleared
377.5473 	EXP 	probe: autoDraw = True
378.1143 	EXP 	Device response: <KeyPress from None: t=378.1133326999843, value=x, duration=None>
378.1147 	EXP 	New trial (rep=39, index=1): <Trial 157 (1 in rep 39) data={'pos': np.int64(150), 'corr_resp': 'v', 'thisN': 157, 'thisTrialN': 1, 'thisRepN': 39}>
378.1159 	DATA 	Keypress: x
378.1294 	EXP 	fixation: autoDraw = False
378.1294 	EXP 	line1: autoDraw = False
378.1294 	EXP 	line2: autoDraw = False
378.1294 	EXP 	line3: autoDraw = False
378.1294 	EXP 	line4: autoDraw = False
378.1294 	EXP 	probe: autoDraw = False
378.1294 	EXP 	fixation: autoDraw = True
378.2815 	EXP 	Device response: <KeyPress from None: t=378.1133326999843, value=x, duration=0.1506727999949362>
379.1126 	EXP 	line1: autoDraw = True
379.1126 	EXP 	line2: autoDraw = True
379.1126 	EXP 	line3: autoDraw = True
379.1126 	EXP 	line4: autoDraw = True
379.1309 	EXP 	fixation: autoDraw = False
380.1145 	INFO 	Keyboard events cleared
380.1143 	EXP 	probe: autoDraw = True
381.3140 	EXP 	Device response: <KeyPress from None: t=381.31096769997384, value=v, duration=None>
381.3145 	EXP 	New trial (rep=39, index=2): <Trial 158 (2 in rep 39) data={'pos': np.int64(50), 'corr_resp': 'c', 'thisN': 158, 'thisTrialN': 2, 'thisRepN': 39}>
381.3157 	DATA 	Keypress: v
381.3300 	EXP 	fixation: autoDraw = False
381.3300 	EXP 	line1: autoDraw = False
381.3300 	EXP 	line2: autoDraw = False
381.3300 	EXP 	line3: autoDraw = False
381.3300 	EXP 	line4: autoDraw = False
381.3300 	EXP 	probe: autoDraw = False
381.3300 	EXP 	fixation: autoDraw = True
381.4472 	EXP 	Device response: <KeyPress from None: t=381.31096769997384, value=v, duration=0.1308691000158433>
382.3139 	EXP 	line1: autoDraw = True
382.3139 	EXP 	line2: autoDraw = True
382.3139 	EXP 	line3: autoDraw = True
382.3139 	EXP 	line4: autoDraw = True
382.3305 	EXP 	fixation: autoDraw = False
383.3147 	INFO 	Keyboard events cleared
383.3145 	EXP 	probe: autoDraw = True
383.9310 	EXP 	Device response: <KeyPress from None: t=383.9244937999756, value=c, duration=None>
383.9313 	EXP 	New trial (rep=39, index=3): <Trial 159 (3 in rep 39) data={'pos': np.int64(-150), 'corr_resp': 'z', 'thisN': 159, 'thisTrialN': 3, 'thisRepN': 39}>
383.9326 	DATA 	Keypress: c
383.9457 	EXP 	fixation: autoDraw = False
383.9457 	EXP 	line1: autoDraw = False
383.9457 	EXP 	line2: autoDraw = False
383.9457 	EXP 	line3: autoDraw = False
383.9457 	EXP 	line4: autoDraw = False
383.9457 	EXP 	probe: autoDraw = False
383.9457 	EXP 	fixation: autoDraw = True
384.0646 	EXP 	Device response: <KeyPress from None: t=383.9244937999756, value=c, duration=0.12389660000917502>
384.9307 	EXP 	line1: autoDraw = True
384.9307 	EXP 	line2: autoDraw = True
384.9307 	EXP 	line3: autoDraw = True
384.9307 	EXP 	line4: autoDraw = True
384.9478 	EXP 	fixation: autoDraw = False
385.9318 	INFO 	Keyboard events cleared
385.9316 	EXP 	probe: autoDraw = True
386.3472 	EXP 	Device response: <KeyPress from None: t=386.33279279997805, value=z, duration=None>
386.3475 	EXP 	New trial (rep=40, index=0): <Trial 160 (0 in rep 40) data={'pos': np.int64(-50), 'corr_resp': 'x', 'thisN': 160, 'thisTrialN': 0, 'thisRepN': 40}>
386.3487 	DATA 	Keypress: z
386.3637 	EXP 	fixation: autoDraw = False
386.3637 	EXP 	line1: autoDraw = False
386.3637 	EXP 	line2: autoDraw = False
386.3637 	EXP 	line3: autoDraw = False
386.3637 	EXP 	line4: autoDraw = False
386.3637 	EXP 	probe: autoDraw = False
386.3637 	EXP 	fixation: autoDraw = True
386.4482 	EXP 	Device response: <KeyPress from None: t=386.33279279997805, value=z, duration=0.11187650001375005>
387.3479 	EXP 	line1: autoDraw = True
387.3479 	EXP 	line2: autoDraw = True
387.3479 	EXP 	line3: autoDraw = True
387.3479 	EXP 	line4: autoDraw = True
387.3640 	EXP 	fixation: autoDraw = False
388.3475 	INFO 	Keyboard events cleared
388.3472 	EXP 	probe: autoDraw = True
388.8472 	EXP 	Device response: <KeyPress from None: t=388.8381260999886, value=x, duration=None>
388.8475 	EXP 	New trial (rep=40, index=1): <Trial 161 (1 in rep 40) data={'pos': np.int64(150), 'corr_resp': 'v', 'thisN': 161, 'thisTrialN': 1, 'thisRepN': 40}>
388.8487 	DATA 	Keypress: x
388.8642 	EXP 	fixation: autoDraw = False
388.8642 	EXP 	line1: autoDraw = False
388.8642 	EXP 	line2: autoDraw = False
388.8642 	EXP 	line3: autoDraw = False
388.8642 	EXP 	line4: autoDraw = False
388.8642 	EXP 	probe: autoDraw = False
388.8642 	EXP 	fixation: autoDraw = True
388.9475 	EXP 	Device response: <KeyPress from None: t=388.8381260999886, value=x, duration=0.1075565000064671>
389.8457 	EXP 	line1: autoDraw = True
389.8457 	EXP 	line2: autoDraw = True
389.8457 	EXP 	line3: autoDraw = True
389.8457 	EXP 	line4: autoDraw = True
389.8811 	EXP 	fixation: autoDraw = False
390.8479 	INFO 	Keyboard events cleared
390.8477 	EXP 	probe: autoDraw = True
392.0147 	EXP 	Device response: <KeyPress from None: t=392.0099674999947, value=v, duration=None>
392.0152 	EXP 	New trial (rep=40, index=2): <Trial 162 (2 in rep 40) data={'pos': np.int64(50), 'corr_resp': 'c', 'thisN': 162, 'thisTrialN': 2, 'thisRepN': 40}>
392.0164 	DATA 	Keypress: v
392.0296 	EXP 	fixation: autoDraw = False
392.0296 	EXP 	line1: autoDraw = False
392.0296 	EXP 	line2: autoDraw = False
392.0296 	EXP 	line3: autoDraw = False
392.0296 	EXP 	line4: autoDraw = False
392.0296 	EXP 	probe: autoDraw = False
392.0296 	EXP 	fixation: autoDraw = True
392.1309 	EXP 	Device response: <KeyPress from None: t=392.0099674999947, value=v, duration=0.10603189998073503>
393.0142 	EXP 	line1: autoDraw = True
393.0142 	EXP 	line2: autoDraw = True
393.0142 	EXP 	line3: autoDraw = True
393.0142 	EXP 	line4: autoDraw = True
393.0304 	EXP 	fixation: autoDraw = False
394.0143 	INFO 	Keyboard events cleared
394.0140 	EXP 	probe: autoDraw = True
395.1811 	EXP 	Device response: <KeyPress from None: t=395.17774609997286, value=c, duration=None>
395.1815 	EXP 	New trial (rep=40, index=3): <Trial 163 (3 in rep 40) data={'pos': np.int64(-150), 'corr_resp': 'z', 'thisN': 163, 'thisTrialN': 3, 'thisRepN': 40}>
395.1828 	DATA 	Keypress: c
395.1970 	EXP 	fixation: autoDraw = False
395.1970 	EXP 	line1: autoDraw = False
395.1970 	EXP 	line2: autoDraw = False
395.1970 	EXP 	line3: autoDraw = False
395.1970 	EXP 	line4: autoDraw = False
395.1970 	EXP 	probe: autoDraw = False
395.1970 	EXP 	fixation: autoDraw = True
395.2651 	EXP 	Device response: <KeyPress from None: t=395.17774609997286, value=c, duration=0.0711355000094045>
396.1811 	EXP 	line1: autoDraw = True
396.1811 	EXP 	line2: autoDraw = True
396.1811 	EXP 	line3: autoDraw = True
396.1811 	EXP 	line4: autoDraw = True
396.1966 	EXP 	fixation: autoDraw = False
397.1814 	INFO 	Keyboard events cleared
397.1812 	EXP 	probe: autoDraw = True
397.4845 	DATA 	Keypress: z
397.4984 	EXP 	Device response: <KeyPress from None: t=397.4827247999783, value=z, duration=None>
397.4989 	EXP 	New trial (rep=41, index=0): <Trial 164 (0 in rep 41) data={'pos': np.int64(-50), 'corr_resp': 'x', 'thisN': 164, 'thisTrialN': 0, 'thisRepN': 41}>
397.5129 	EXP 	fixation: autoDraw = False
397.5129 	EXP 	line1: autoDraw = False
397.5129 	EXP 	line2: autoDraw = False
397.5129 	EXP 	line3: autoDraw = False
397.5129 	EXP 	line4: autoDraw = False
397.5129 	EXP 	probe: autoDraw = False
397.5129 	EXP 	fixation: autoDraw = True
397.6143 	EXP 	Device response: <KeyPress from None: t=397.4827247999783, value=z, duration=0.12194120002095588>
398.4981 	EXP 	line1: autoDraw = True
398.4981 	EXP 	line2: autoDraw = True
398.4981 	EXP 	line3: autoDraw = True
398.4981 	EXP 	line4: autoDraw = True
398.5145 	EXP 	fixation: autoDraw = False
399.5132 	INFO 	Keyboard events cleared
399.5130 	EXP 	probe: autoDraw = True
399.8137 	EXP 	Device response: <KeyPress from None: t=399.8039008999767, value=x, duration=None>
399.8142 	EXP 	New trial (rep=41, index=1): <Trial 165 (1 in rep 41) data={'pos': np.int64(150), 'corr_resp': 'v', 'thisN': 165, 'thisTrialN': 1, 'thisRepN': 41}>
399.8159 	DATA 	Keypress: x
399.8294 	EXP 	fixation: autoDraw = False
399.8294 	EXP 	line1: autoDraw = False
399.8294 	EXP 	line2: autoDraw = False
399.8294 	EXP 	line3: autoDraw = False
399.8294 	EXP 	line4: autoDraw = False
399.8294 	EXP 	probe: autoDraw = False
399.8294 	EXP 	fixation: autoDraw = True
399.8976 	EXP 	Device response: <KeyPress from None: t=399.8039008999767, value=x, duration=0.07770540000637993>
400.8302 	EXP 	fixation: autoDraw = False
400.8302 	EXP 	line1: autoDraw = True
400.8302 	EXP 	line2: autoDraw = True
400.8302 	EXP 	line3: autoDraw = True
400.8302 	EXP 	line4: autoDraw = True
401.8143 	INFO 	Keyboard events cleared
401.8141 	EXP 	probe: autoDraw = True
402.1806 	EXP 	Device response: <KeyPress from None: t=402.1780799999833, value=v, duration=None>
402.1808 	EXP 	New trial (rep=41, index=2): <Trial 166 (2 in rep 41) data={'pos': np.int64(50), 'corr_resp': 'c', 'thisN': 166, 'thisTrialN': 2, 'thisRepN': 41}>
402.1818 	DATA 	Keypress: v
402.1961 	EXP 	fixation: autoDraw = False
402.1961 	EXP 	line1: autoDraw = False
402.1961 	EXP 	line2: autoDraw = False
402.1961 	EXP 	line3: autoDraw = False
402.1961 	EXP 	line4: autoDraw = False
402.1961 	EXP 	probe: autoDraw = False
402.1961 	EXP 	fixation: autoDraw = True
402.2971 	EXP 	Device response: <KeyPress from None: t=402.1780799999833, value=v, duration=0.11691670000436716>
403.1810 	EXP 	line1: autoDraw = True
403.1810 	EXP 	line2: autoDraw = True
403.1810 	EXP 	line3: autoDraw = True
403.1810 	EXP 	line4: autoDraw = True
403.1968 	EXP 	fixation: autoDraw = False
404.1795 	INFO 	Keyboard events cleared
404.1794 	EXP 	probe: autoDraw = True
404.5480 	EXP 	Device response: <KeyPress from None: t=404.53659179998795, value=c, duration=None>
404.5485 	EXP 	New trial (rep=41, index=3): <Trial 167 (3 in rep 41) data={'pos': np.int64(-150), 'corr_resp': 'z', 'thisN': 167, 'thisTrialN': 3, 'thisRepN': 41}>
404.5498 	DATA 	Keypress: c
404.5627 	EXP 	fixation: autoDraw = False
404.5627 	EXP 	line1: autoDraw = False
404.5627 	EXP 	line2: autoDraw = False
404.5627 	EXP 	line3: autoDraw = False
404.5627 	EXP 	line4: autoDraw = False
404.5627 	EXP 	probe: autoDraw = False
404.5627 	EXP 	fixation: autoDraw = True
404.6470 	EXP 	Device response: <KeyPress from None: t=404.53659179998795, value=c, duration=0.10814729999401607>
405.5469 	EXP 	line1: autoDraw = True
405.5469 	EXP 	line2: autoDraw = True
405.5469 	EXP 	line3: autoDraw = True
405.5469 	EXP 	line4: autoDraw = True
405.5630 	EXP 	fixation: autoDraw = False
406.5647 	INFO 	Keyboard events cleared
406.5645 	EXP 	probe: autoDraw = True
406.8479 	EXP 	Device response: <KeyPress from None: t=406.8448279000004, value=z, duration=None>
406.8482 	EXP 	New trial (rep=42, index=0): <Trial 168 (0 in rep 42) data={'pos': np.int64(-50), 'corr_resp': 'x', 'thisN': 168, 'thisTrialN': 0, 'thisRepN': 42}>
406.8493 	DATA 	Keypress: z
406.8631 	EXP 	fixation: autoDraw = False
406.8631 	EXP 	line1: autoDraw = False
406.8631 	EXP 	line2: autoDraw = False
406.8631 	EXP 	line3: autoDraw = False
406.8631 	EXP 	line4: autoDraw = False
406.8631 	EXP 	probe: autoDraw = False
406.8631 	EXP 	fixation: autoDraw = True
406.9306 	EXP 	Device response: <KeyPress from None: t=406.8448279000004, value=z, duration=0.08194099998218007>
407.8482 	EXP 	line1: autoDraw = True
407.8482 	EXP 	line2: autoDraw = True
407.8482 	EXP 	line3: autoDraw = True
407.8482 	EXP 	line4: autoDraw = True
407.8648 	EXP 	fixation: autoDraw = False
408.8472 	INFO 	Keyboard events cleared
408.8470 	EXP 	probe: autoDraw = True
409.3307 	EXP 	Device response: <KeyPress from None: t=409.32864329998847, value=x, duration=None>
409.3310 	EXP 	New trial (rep=42, index=1): <Trial 169 (1 in rep 42) data={'pos': np.int64(150), 'corr_resp': 'v', 'thisN': 169, 'thisTrialN': 1, 'thisRepN': 42}>
409.3321 	DATA 	Keypress: x
409.3467 	EXP 	fixation: autoDraw = False
409.3467 	EXP 	line1: autoDraw = False
409.3467 	EXP 	line2: autoDraw = False
409.3467 	EXP 	line3: autoDraw = False
409.3467 	EXP 	line4: autoDraw = False
409.3467 	EXP 	probe: autoDraw = False
409.3467 	EXP 	fixation: autoDraw = True
409.4148 	EXP 	Device response: <KeyPress from None: t=409.32864329998847, value=x, duration=0.08548459998564795>
410.3303 	EXP 	line1: autoDraw = True
410.3303 	EXP 	line2: autoDraw = True
410.3303 	EXP 	line3: autoDraw = True
410.3303 	EXP 	line4: autoDraw = True
410.3466 	EXP 	fixation: autoDraw = False
411.3303 	INFO 	Keyboard events cleared
411.3302 	EXP 	probe: autoDraw = True
411.7837 	DATA 	Keypress: v
411.7982 	EXP 	Device response: <KeyPress from None: t=411.7814750999969, value=v, duration=None>
411.7987 	EXP 	New trial (rep=42, index=2): <Trial 170 (2 in rep 42) data={'pos': np.int64(50), 'corr_resp': 'c', 'thisN': 170, 'thisTrialN': 2, 'thisRepN': 42}>
411.8143 	EXP 	fixation: autoDraw = False
411.8143 	EXP 	line1: autoDraw = False
411.8143 	EXP 	line2: autoDraw = False
411.8143 	EXP 	line3: autoDraw = False
411.8143 	EXP 	line4: autoDraw = False
411.8143 	EXP 	probe: autoDraw = False
411.8143 	EXP 	fixation: autoDraw = True
411.8967 	EXP 	Device response: <KeyPress from None: t=411.7814750999969, value=v, duration=0.10152999998535961>
412.7964 	EXP 	line1: autoDraw = True
412.7964 	EXP 	line2: autoDraw = True
412.7964 	EXP 	line3: autoDraw = True
412.7964 	EXP 	line4: autoDraw = True
412.8310 	EXP 	fixation: autoDraw = False
413.7986 	INFO 	Keyboard events cleared
413.7984 	EXP 	probe: autoDraw = True
414.2320 	EXP 	Device response: <KeyPress from None: t=414.22195439998177, value=c, duration=None>
414.2324 	EXP 	New trial (rep=42, index=3): <Trial 171 (3 in rep 42) data={'pos': np.int64(-150), 'corr_resp': 'z', 'thisN': 171, 'thisTrialN': 3, 'thisRepN': 42}>
414.2336 	DATA 	Keypress: c
414.2471 	EXP 	fixation: autoDraw = False
414.2471 	EXP 	line1: autoDraw = False
414.2471 	EXP 	line2: autoDraw = False
414.2471 	EXP 	line3: autoDraw = False
414.2471 	EXP 	line4: autoDraw = False
414.2471 	EXP 	probe: autoDraw = False
414.2471 	EXP 	fixation: autoDraw = True
414.3645 	EXP 	Device response: <KeyPress from None: t=414.22195439998177, value=c, duration=0.12614599999506027>
415.2487 	EXP 	fixation: autoDraw = False
415.2487 	EXP 	line1: autoDraw = True
415.2487 	EXP 	line2: autoDraw = True
415.2487 	EXP 	line3: autoDraw = True
415.2487 	EXP 	line4: autoDraw = True
416.2312 	INFO 	Keyboard events cleared
416.2310 	EXP 	probe: autoDraw = True
417.0476 	EXP 	Device response: <KeyPress from None: t=417.0367395999783, value=z, duration=None>
417.0480 	EXP 	New trial (rep=43, index=0): <Trial 172 (0 in rep 43) data={'pos': np.int64(-50), 'corr_resp': 'x', 'thisN': 172, 'thisTrialN': 0, 'thisRepN': 43}>
417.0491 	DATA 	Keypress: z
417.0644 	EXP 	fixation: autoDraw = False
417.0644 	EXP 	line1: autoDraw = False
417.0644 	EXP 	line2: autoDraw = False
417.0644 	EXP 	line3: autoDraw = False
417.0644 	EXP 	line4: autoDraw = False
417.0644 	EXP 	probe: autoDraw = False
417.0644 	EXP 	fixation: autoDraw = True
417.1317 	EXP 	Device response: <KeyPress from None: t=417.0367395999783, value=z, duration=0.08691640000324696>
418.0477 	EXP 	line1: autoDraw = True
418.0477 	EXP 	line2: autoDraw = True
418.0477 	EXP 	line3: autoDraw = True
418.0477 	EXP 	line4: autoDraw = True
418.0644 	EXP 	fixation: autoDraw = False
419.0476 	INFO 	Keyboard events cleared
419.0474 	EXP 	probe: autoDraw = True
419.3473 	EXP 	Device response: <KeyPress from None: t=419.3388132999826, value=x, duration=None>
419.3476 	EXP 	New trial (rep=43, index=1): <Trial 173 (1 in rep 43) data={'pos': np.int64(150), 'corr_resp': 'v', 'thisN': 173, 'thisTrialN': 1, 'thisRepN': 43}>
419.3488 	DATA 	Keypress: x
419.3649 	EXP 	fixation: autoDraw = False
419.3649 	EXP 	line1: autoDraw = False
419.3649 	EXP 	line2: autoDraw = False
419.3649 	EXP 	line3: autoDraw = False
419.3649 	EXP 	line4: autoDraw = False
419.3649 	EXP 	probe: autoDraw = False
419.3649 	EXP 	fixation: autoDraw = True
419.4479 	EXP 	Device response: <KeyPress from None: t=419.3388132999826, value=x, duration=0.10712910001166165>
420.3477 	EXP 	line1: autoDraw = True
420.3477 	EXP 	line2: autoDraw = True
420.3477 	EXP 	line3: autoDraw = True
420.3477 	EXP 	line4: autoDraw = True
420.3648 	EXP 	fixation: autoDraw = False
421.3488 	INFO 	Keyboard events cleared
421.3486 	EXP 	probe: autoDraw = True
422.3145 	EXP 	Device response: <KeyPress from None: t=422.30127039999934, value=v, duration=None>
422.3150 	EXP 	New trial (rep=43, index=2): <Trial 174 (2 in rep 43) data={'pos': np.int64(50), 'corr_resp': 'c', 'thisN': 174, 'thisTrialN': 2, 'thisRepN': 43}>
422.3162 	DATA 	Keypress: v
422.3305 	EXP 	fixation: autoDraw = False
422.3305 	EXP 	line1: autoDraw = False
422.3305 	EXP 	line2: autoDraw = False
422.3305 	EXP 	line3: autoDraw = False
422.3305 	EXP 	line4: autoDraw = False
422.3305 	EXP 	probe: autoDraw = False
422.3305 	EXP 	fixation: autoDraw = True
422.3811 	EXP 	Device response: <KeyPress from None: t=422.30127039999934, value=v, duration=0.06557779997820035>
423.3154 	EXP 	line1: autoDraw = True
423.3154 	EXP 	line2: autoDraw = True
423.3154 	EXP 	line3: autoDraw = True
423.3154 	EXP 	line4: autoDraw = True
423.3307 	EXP 	fixation: autoDraw = False
424.3150 	INFO 	Keyboard events cleared
424.3148 	EXP 	probe: autoDraw = True
424.5985 	EXP 	Device response: <KeyPress from None: t=424.5933714999992, value=c, duration=None>
424.5990 	EXP 	New trial (rep=43, index=3): <Trial 175 (3 in rep 43) data={'pos': np.int64(-150), 'corr_resp': 'z', 'thisN': 175, 'thisTrialN': 3, 'thisRepN': 43}>
424.6005 	DATA 	Keypress: c
424.6130 	EXP 	fixation: autoDraw = False
424.6130 	EXP 	line1: autoDraw = False
424.6130 	EXP 	line2: autoDraw = False
424.6130 	EXP 	line3: autoDraw = False
424.6130 	EXP 	line4: autoDraw = False
424.6130 	EXP 	probe: autoDraw = False
424.6130 	EXP 	fixation: autoDraw = True
424.7302 	EXP 	Device response: <KeyPress from None: t=424.5933714999992, value=c, duration=0.12067189998924732>
425.5981 	EXP 	line1: autoDraw = True
425.5981 	EXP 	line2: autoDraw = True
425.5981 	EXP 	line3: autoDraw = True
425.5981 	EXP 	line4: autoDraw = True
425.6146 	EXP 	fixation: autoDraw = False
426.6148 	INFO 	Keyboard events cleared
426.6147 	EXP 	probe: autoDraw = True
427.1311 	EXP 	Device response: <KeyPress from None: t=427.12690249999287, value=z, duration=None>
427.1314 	EXP 	New trial (rep=44, index=0): <Trial 176 (0 in rep 44) data={'pos': np.int64(-50), 'corr_resp': 'x', 'thisN': 176, 'thisTrialN': 0, 'thisRepN': 44}>
427.1327 	DATA 	Keypress: z
427.1483 	EXP 	fixation: autoDraw = False
427.1483 	EXP 	line1: autoDraw = False
427.1483 	EXP 	line2: autoDraw = False
427.1483 	EXP 	line3: autoDraw = False
427.1483 	EXP 	line4: autoDraw = False
427.1483 	EXP 	probe: autoDraw = False
427.1483 	EXP 	fixation: autoDraw = True
427.2655 	EXP 	Device response: <KeyPress from None: t=427.12690249999287, value=z, duration=0.13161499999114312>
428.1314 	EXP 	line1: autoDraw = True
428.1314 	EXP 	line2: autoDraw = True
428.1314 	EXP 	line3: autoDraw = True
428.1314 	EXP 	line4: autoDraw = True
428.1483 	EXP 	fixation: autoDraw = False
429.1317 	INFO 	Keyboard events cleared
429.1315 	EXP 	probe: autoDraw = True
429.3824 	EXP 	Device response: <KeyPress from None: t=429.37947089999216, value=x, duration=None>
429.3828 	EXP 	New trial (rep=44, index=1): <Trial 177 (1 in rep 44) data={'pos': np.int64(150), 'corr_resp': 'v', 'thisN': 177, 'thisTrialN': 1, 'thisRepN': 44}>
429.3840 	DATA 	Keypress: x
429.3965 	EXP 	fixation: autoDraw = False
429.3965 	EXP 	line1: autoDraw = False
429.3965 	EXP 	line2: autoDraw = False
429.3965 	EXP 	line3: autoDraw = False
429.3965 	EXP 	line4: autoDraw = False
429.3965 	EXP 	probe: autoDraw = False
429.3965 	EXP 	fixation: autoDraw = True
429.5152 	EXP 	Device response: <KeyPress from None: t=429.37947089999216, value=x, duration=0.12354509998112917>
430.3817 	EXP 	line1: autoDraw = True
430.3817 	EXP 	line2: autoDraw = True
430.3817 	EXP 	line3: autoDraw = True
430.3817 	EXP 	line4: autoDraw = True
430.3965 	EXP 	fixation: autoDraw = False
431.3986 	INFO 	Keyboard events cleared
431.3984 	EXP 	probe: autoDraw = True
431.6986 	EXP 	Device response: <KeyPress from None: t=431.6891056999739, value=v, duration=None>
431.6991 	EXP 	New trial (rep=44, index=2): <Trial 178 (2 in rep 44) data={'pos': np.int64(50), 'corr_resp': 'c', 'thisN': 178, 'thisTrialN': 2, 'thisRepN': 44}>
431.7005 	DATA 	Keypress: v
431.7140 	EXP 	fixation: autoDraw = False
431.7140 	EXP 	line1: autoDraw = False
431.7140 	EXP 	line2: autoDraw = False
431.7140 	EXP 	line3: autoDraw = False
431.7140 	EXP 	line4: autoDraw = False
431.7140 	EXP 	probe: autoDraw = False
431.7140 	EXP 	fixation: autoDraw = True
431.8648 	EXP 	Device response: <KeyPress from None: t=431.6891056999739, value=v, duration=0.15993380002328195>
432.6985 	EXP 	line1: autoDraw = True
432.6985 	EXP 	line2: autoDraw = True
432.6985 	EXP 	line3: autoDraw = True
432.6985 	EXP 	line4: autoDraw = True
432.7151 	EXP 	fixation: autoDraw = False
433.6986 	INFO 	Keyboard events cleared
433.6984 	EXP 	probe: autoDraw = True
433.9820 	EXP 	Device response: <KeyPress from None: t=433.97667849998106, value=c, duration=None>
433.9824 	EXP 	New trial (rep=44, index=3): <Trial 179 (3 in rep 44) data={'pos': np.int64(-150), 'corr_resp': 'z', 'thisN': 179, 'thisTrialN': 3, 'thisRepN': 44}>
433.9836 	DATA 	Keypress: c
433.9971 	EXP 	fixation: autoDraw = False
433.9971 	EXP 	line1: autoDraw = False
433.9971 	EXP 	line2: autoDraw = False
433.9971 	EXP 	line3: autoDraw = False
433.9971 	EXP 	line4: autoDraw = False
433.9971 	EXP 	probe: autoDraw = False
433.9971 	EXP 	fixation: autoDraw = True
434.1155 	EXP 	Device response: <KeyPress from None: t=433.97667849998106, value=c, duration=0.131492700020317>
434.9814 	EXP 	line1: autoDraw = True
434.9814 	EXP 	line2: autoDraw = True
434.9814 	EXP 	line3: autoDraw = True
434.9814 	EXP 	line4: autoDraw = True
434.9982 	EXP 	fixation: autoDraw = False
435.9819 	INFO 	Keyboard events cleared
435.9816 	EXP 	probe: autoDraw = True
436.2839 	DATA 	Keypress: z
436.2988 	EXP 	Device response: <KeyPress from None: t=436.2830776999763, value=z, duration=None>
436.2993 	EXP 	New trial (rep=45, index=0): <Trial 180 (0 in rep 45) data={'pos': np.int64(-50), 'corr_resp': 'x', 'thisN': 180, 'thisTrialN': 0, 'thisRepN': 45}>
436.3146 	EXP 	fixation: autoDraw = False
436.3146 	EXP 	line1: autoDraw = False
436.3146 	EXP 	line2: autoDraw = False
436.3146 	EXP 	line3: autoDraw = False
436.3146 	EXP 	line4: autoDraw = False
436.3146 	EXP 	probe: autoDraw = False
436.3146 	EXP 	fixation: autoDraw = True
436.4321 	EXP 	Device response: <KeyPress from None: t=436.2830776999763, value=z, duration=0.14677010002196766>
437.3149 	EXP 	fixation: autoDraw = False
437.3149 	EXP 	line1: autoDraw = True
437.3149 	EXP 	line2: autoDraw = True
437.3149 	EXP 	line3: autoDraw = True
437.3149 	EXP 	line4: autoDraw = True
438.2988 	INFO 	Keyboard events cleared
438.2985 	EXP 	probe: autoDraw = True
438.5180 	DATA 	Keypress: x
438.5306 	EXP 	Device response: <KeyPress from None: t=438.51599919999717, value=x, duration=None>
438.5310 	EXP 	New trial (rep=45, index=1): <Trial 181 (1 in rep 45) data={'pos': np.int64(150), 'corr_resp': 'v', 'thisN': 181, 'thisTrialN': 1, 'thisRepN': 45}>
438.5465 	EXP 	fixation: autoDraw = False
438.5465 	EXP 	line1: autoDraw = False
438.5465 	EXP 	line2: autoDraw = False
438.5465 	EXP 	line3: autoDraw = False
438.5465 	EXP 	line4: autoDraw = False
438.5465 	EXP 	probe: autoDraw = False
438.5465 	EXP 	fixation: autoDraw = True
438.6158 	EXP 	Device response: <KeyPress from None: t=438.51599919999717, value=x, duration=0.09101779997581616>
439.5313 	EXP 	line1: autoDraw = True
439.5313 	EXP 	line2: autoDraw = True
439.5313 	EXP 	line3: autoDraw = True
439.5313 	EXP 	line4: autoDraw = True
439.5485 	EXP 	fixation: autoDraw = False
440.5321 	INFO 	Keyboard events cleared
440.5318 	EXP 	probe: autoDraw = True
440.7982 	EXP 	Device response: <KeyPress from None: t=440.7953640999913, value=v, duration=None>
440.7985 	EXP 	New trial (rep=45, index=2): <Trial 182 (2 in rep 45) data={'pos': np.int64(50), 'corr_resp': 'c', 'thisN': 182, 'thisTrialN': 2, 'thisRepN': 45}>
440.7998 	DATA 	Keypress: v
440.8140 	EXP 	fixation: autoDraw = False
440.8140 	EXP 	line1: autoDraw = False
440.8140 	EXP 	line2: autoDraw = False
440.8140 	EXP 	line3: autoDraw = False
440.8140 	EXP 	line4: autoDraw = False
440.8140 	EXP 	probe: autoDraw = False
440.8140 	EXP 	fixation: autoDraw = True
440.9480 	EXP 	Device response: <KeyPress from None: t=440.7953640999913, value=v, duration=0.13966719998279586>
441.7987 	EXP 	line1: autoDraw = True
441.7987 	EXP 	line2: autoDraw = True
441.7987 	EXP 	line3: autoDraw = True
441.7987 	EXP 	line4: autoDraw = True
441.8152 	EXP 	fixation: autoDraw = False
442.7968 	INFO 	Keyboard events cleared
442.7966 	EXP 	probe: autoDraw = True
443.2988 	EXP 	Device response: <KeyPress from None: t=443.2842008000007, value=c, duration=None>
443.2994 	EXP 	New trial (rep=45, index=3): <Trial 183 (3 in rep 45) data={'pos': np.int64(-150), 'corr_resp': 'z', 'thisN': 183, 'thisTrialN': 3, 'thisRepN': 45}>
443.3010 	DATA 	Keypress: c
443.3132 	EXP 	fixation: autoDraw = False
443.3132 	EXP 	line1: autoDraw = False
443.3132 	EXP 	line2: autoDraw = False
443.3132 	EXP 	line3: autoDraw = False
443.3132 	EXP 	line4: autoDraw = False
443.3132 	EXP 	probe: autoDraw = False
443.3132 	EXP 	fixation: autoDraw = True
443.4323 	EXP 	Device response: <KeyPress from None: t=443.2842008000007, value=c, duration=0.13641559999086894>
444.2984 	EXP 	line1: autoDraw = True
444.2984 	EXP 	line2: autoDraw = True
444.2984 	EXP 	line3: autoDraw = True
444.2984 	EXP 	line4: autoDraw = True
444.3153 	EXP 	fixation: autoDraw = False
445.2990 	INFO 	Keyboard events cleared
445.2988 	EXP 	probe: autoDraw = True
445.6174 	DATA 	Keypress: z
445.6314 	EXP 	Device response: <KeyPress from None: t=445.61671669999487, value=z, duration=None>
445.6318 	EXP 	New trial (rep=46, index=0): <Trial 184 (0 in rep 46) data={'pos': np.int64(-50), 'corr_resp': 'x', 'thisN': 184, 'thisTrialN': 0, 'thisRepN': 46}>
445.6468 	EXP 	fixation: autoDraw = False
445.6468 	EXP 	line1: autoDraw = False
445.6468 	EXP 	line2: autoDraw = False
445.6468 	EXP 	line3: autoDraw = False
445.6468 	EXP 	line4: autoDraw = False
445.6468 	EXP 	probe: autoDraw = False
445.6468 	EXP 	fixation: autoDraw = True
445.7817 	EXP 	Device response: <KeyPress from None: t=445.61671669999487, value=z, duration=0.16288729998632334>
446.6322 	EXP 	line1: autoDraw = True
446.6322 	EXP 	line2: autoDraw = True
446.6322 	EXP 	line3: autoDraw = True
446.6322 	EXP 	line4: autoDraw = True
446.6489 	EXP 	fixation: autoDraw = False
447.6322 	INFO 	Keyboard events cleared
447.6320 	EXP 	probe: autoDraw = True
447.8993 	EXP 	Device response: <KeyPress from None: t=447.89030739999725, value=x, duration=None>
447.8997 	EXP 	New trial (rep=46, index=1): <Trial 185 (1 in rep 46) data={'pos': np.int64(150), 'corr_resp': 'v', 'thisN': 185, 'thisTrialN': 1, 'thisRepN': 46}>
447.9011 	DATA 	Keypress: x
447.9140 	EXP 	fixation: autoDraw = False
447.9140 	EXP 	line1: autoDraw = False
447.9140 	EXP 	line2: autoDraw = False
447.9140 	EXP 	line3: autoDraw = False
447.9140 	EXP 	line4: autoDraw = False
447.9140 	EXP 	probe: autoDraw = False
447.9140 	EXP 	fixation: autoDraw = True
448.0474 	EXP 	Device response: <KeyPress from None: t=447.89030739999725, value=x, duration=0.1496626999869477>
448.8986 	EXP 	line1: autoDraw = True
448.8986 	EXP 	line2: autoDraw = True
448.8986 	EXP 	line3: autoDraw = True
448.8986 	EXP 	line4: autoDraw = True
448.9154 	EXP 	fixation: autoDraw = False
449.8984 	INFO 	Keyboard events cleared
449.8983 	EXP 	probe: autoDraw = True
450.2498 	DATA 	Keypress: v
450.2654 	EXP 	Device response: <KeyPress from None: t=450.2480092999758, value=v, duration=None>
450.2660 	EXP 	New trial (rep=46, index=2): <Trial 186 (2 in rep 46) data={'pos': np.int64(50), 'corr_resp': 'c', 'thisN': 186, 'thisTrialN': 2, 'thisRepN': 46}>
450.2814 	EXP 	fixation: autoDraw = False
450.2814 	EXP 	line1: autoDraw = False
450.2814 	EXP 	line2: autoDraw = False
450.2814 	EXP 	line3: autoDraw = False
450.2814 	EXP 	line4: autoDraw = False
450.2814 	EXP 	probe: autoDraw = False
450.2814 	EXP 	fixation: autoDraw = True
450.3818 	EXP 	Device response: <KeyPress from None: t=450.2480092999758, value=v, duration=0.12178470002254471>
451.2650 	EXP 	line1: autoDraw = True
451.2650 	EXP 	line2: autoDraw = True
451.2650 	EXP 	line3: autoDraw = True
451.2650 	EXP 	line4: autoDraw = True
451.2819 	EXP 	fixation: autoDraw = False
452.2816 	INFO 	Keyboard events cleared
452.2814 	EXP 	probe: autoDraw = True
452.6664 	DATA 	Keypress: c
452.6808 	EXP 	Device response: <KeyPress from None: t=452.66581419997965, value=c, duration=None>
452.6812 	EXP 	New trial (rep=46, index=3): <Trial 187 (3 in rep 46) data={'pos': np.int64(-150), 'corr_resp': 'z', 'thisN': 187, 'thisTrialN': 3, 'thisRepN': 46}>
452.6987 	EXP 	fixation: autoDraw = False
452.6987 	EXP 	line1: autoDraw = False
452.6987 	EXP 	line2: autoDraw = False
452.6987 	EXP 	line3: autoDraw = False
452.6987 	EXP 	line4: autoDraw = False
452.6987 	EXP 	probe: autoDraw = False
452.6987 	EXP 	fixation: autoDraw = True
452.8154 	EXP 	Device response: <KeyPress from None: t=452.66581419997965, value=c, duration=0.14255650000995956>
453.6819 	EXP 	line1: autoDraw = True
453.6819 	EXP 	line2: autoDraw = True
453.6819 	EXP 	line3: autoDraw = True
453.6819 	EXP 	line4: autoDraw = True
453.6988 	EXP 	fixation: autoDraw = False
454.6825 	INFO 	Keyboard events cleared
454.6823 	EXP 	probe: autoDraw = True
455.0506 	DATA 	Keypress: z
455.0651 	EXP 	Device response: <KeyPress from None: t=455.0490982999909, value=z, duration=None>
455.0654 	EXP 	New trial (rep=47, index=0): <Trial 188 (0 in rep 47) data={'pos': np.int64(-50), 'corr_resp': 'x', 'thisN': 188, 'thisTrialN': 0, 'thisRepN': 47}>
455.0821 	EXP 	fixation: autoDraw = False
455.0821 	EXP 	line1: autoDraw = False
455.0821 	EXP 	line2: autoDraw = False
455.0821 	EXP 	line3: autoDraw = False
455.0821 	EXP 	line4: autoDraw = False
455.0821 	EXP 	probe: autoDraw = False
455.0821 	EXP 	fixation: autoDraw = True
455.1820 	EXP 	Device response: <KeyPress from None: t=455.0490982999909, value=z, duration=0.1310931000043638>
456.0659 	EXP 	line1: autoDraw = True
456.0659 	EXP 	line2: autoDraw = True
456.0659 	EXP 	line3: autoDraw = True
456.0659 	EXP 	line4: autoDraw = True
456.0820 	EXP 	fixation: autoDraw = False
457.0659 	INFO 	Keyboard events cleared
457.0657 	EXP 	probe: autoDraw = True
457.4488 	EXP 	Device response: <KeyPress from None: t=457.4473718999943, value=x, duration=None>
457.4492 	EXP 	New trial (rep=47, index=1): <Trial 189 (1 in rep 47) data={'pos': np.int64(150), 'corr_resp': 'v', 'thisN': 189, 'thisTrialN': 1, 'thisRepN': 47}>
457.4504 	DATA 	Keypress: x
457.4636 	EXP 	fixation: autoDraw = False
457.4636 	EXP 	line1: autoDraw = False
457.4636 	EXP 	line2: autoDraw = False
457.4636 	EXP 	line3: autoDraw = False
457.4636 	EXP 	line4: autoDraw = False
457.4636 	EXP 	probe: autoDraw = False
457.4636 	EXP 	fixation: autoDraw = True
457.5489 	EXP 	Device response: <KeyPress from None: t=457.4473718999943, value=x, duration=0.09795520000625402>
458.4490 	EXP 	line1: autoDraw = True
458.4490 	EXP 	line2: autoDraw = True
458.4490 	EXP 	line3: autoDraw = True
458.4490 	EXP 	line4: autoDraw = True
458.4654 	EXP 	fixation: autoDraw = False
459.4475 	INFO 	Keyboard events cleared
459.4473 	EXP 	probe: autoDraw = True
459.7654 	EXP 	Device response: <KeyPress from None: t=459.7605660999834, value=v, duration=None>
459.7657 	EXP 	New trial (rep=47, index=2): <Trial 190 (2 in rep 47) data={'pos': np.int64(50), 'corr_resp': 'c', 'thisN': 190, 'thisTrialN': 2, 'thisRepN': 47}>
459.7669 	DATA 	Keypress: v
459.7810 	EXP 	fixation: autoDraw = False
459.7810 	EXP 	line1: autoDraw = False
459.7810 	EXP 	line2: autoDraw = False
459.7810 	EXP 	line3: autoDraw = False
459.7810 	EXP 	line4: autoDraw = False
459.7810 	EXP 	probe: autoDraw = False
459.7810 	EXP 	fixation: autoDraw = True
459.9495 	EXP 	Device response: <KeyPress from None: t=459.7605660999834, value=v, duration=0.17764989999704994>
460.7638 	EXP 	line1: autoDraw = True
460.7638 	EXP 	line2: autoDraw = True
460.7638 	EXP 	line3: autoDraw = True
460.7638 	EXP 	line4: autoDraw = True
460.7825 	EXP 	fixation: autoDraw = False
461.7639 	INFO 	Keyboard events cleared
461.7637 	EXP 	probe: autoDraw = True
462.1494 	EXP 	Device response: <KeyPress from None: t=462.1466693999828, value=c, duration=None>
462.1498 	EXP 	New trial (rep=47, index=3): <Trial 191 (3 in rep 47) data={'pos': np.int64(-150), 'corr_resp': 'z', 'thisN': 191, 'thisTrialN': 3, 'thisRepN': 47}>
462.1511 	DATA 	Keypress: c
462.1636 	EXP 	fixation: autoDraw = False
462.1636 	EXP 	line1: autoDraw = False
462.1636 	EXP 	line2: autoDraw = False
462.1636 	EXP 	line3: autoDraw = False
462.1636 	EXP 	line4: autoDraw = False
462.1636 	EXP 	probe: autoDraw = False
462.1636 	EXP 	fixation: autoDraw = True
462.2989 	EXP 	Device response: <KeyPress from None: t=462.1466693999828, value=c, duration=0.14360450001549907>
463.1485 	EXP 	line1: autoDraw = True
463.1485 	EXP 	line2: autoDraw = True
463.1485 	EXP 	line3: autoDraw = True
463.1485 	EXP 	line4: autoDraw = True
463.1656 	EXP 	fixation: autoDraw = False
464.1493 	INFO 	Keyboard events cleared
464.1491 	EXP 	probe: autoDraw = True
464.5651 	EXP 	Device response: <KeyPress from None: t=464.5531738999998, value=z, duration=None>
464.5654 	EXP 	New trial (rep=48, index=0): <Trial 192 (0 in rep 48) data={'pos': np.int64(-50), 'corr_resp': 'x', 'thisN': 192, 'thisTrialN': 0, 'thisRepN': 48}>
464.5666 	DATA 	Keypress: z
464.5822 	EXP 	fixation: autoDraw = False
464.5822 	EXP 	line1: autoDraw = False
464.5822 	EXP 	line2: autoDraw = False
464.5822 	EXP 	line3: autoDraw = False
464.5822 	EXP 	line4: autoDraw = False
464.5822 	EXP 	probe: autoDraw = False
464.5822 	EXP 	fixation: autoDraw = True
464.7153 	EXP 	Device response: <KeyPress from None: t=464.5531738999998, value=z, duration=0.14529219997348264>
465.5653 	EXP 	line1: autoDraw = True
465.5653 	EXP 	line2: autoDraw = True
465.5653 	EXP 	line3: autoDraw = True
465.5653 	EXP 	line4: autoDraw = True
465.5805 	EXP 	fixation: autoDraw = False
466.5655 	INFO 	Keyboard events cleared
466.5653 	EXP 	probe: autoDraw = True
466.8821 	EXP 	Device response: <KeyPress from None: t=466.8750896999845, value=x, duration=None>
466.8826 	EXP 	New trial (rep=48, index=1): <Trial 193 (1 in rep 48) data={'pos': np.int64(150), 'corr_resp': 'v', 'thisN': 193, 'thisTrialN': 1, 'thisRepN': 48}>
466.8840 	DATA 	Keypress: x
466.8979 	EXP 	fixation: autoDraw = False
466.8979 	EXP 	line1: autoDraw = False
466.8979 	EXP 	line2: autoDraw = False
466.8979 	EXP 	line3: autoDraw = False
466.8979 	EXP 	line4: autoDraw = False
466.8979 	EXP 	probe: autoDraw = False
466.8979 	EXP 	fixation: autoDraw = True
467.0162 	EXP 	Device response: <KeyPress from None: t=466.8750896999845, value=x, duration=0.13842180001665838>
467.8823 	EXP 	line1: autoDraw = True
467.8823 	EXP 	line2: autoDraw = True
467.8823 	EXP 	line3: autoDraw = True
467.8823 	EXP 	line4: autoDraw = True
467.8986 	EXP 	fixation: autoDraw = False
468.8822 	INFO 	Keyboard events cleared
468.8819 	EXP 	probe: autoDraw = True
469.2328 	EXP 	Device response: <KeyPress from None: t=469.2300043999858, value=v, duration=None>
469.2333 	EXP 	New trial (rep=48, index=2): <Trial 194 (2 in rep 48) data={'pos': np.int64(50), 'corr_resp': 'c', 'thisN': 194, 'thisTrialN': 2, 'thisRepN': 48}>
469.2345 	DATA 	Keypress: v
469.2474 	EXP 	fixation: autoDraw = False
469.2474 	EXP 	line1: autoDraw = False
469.2474 	EXP 	line2: autoDraw = False
469.2474 	EXP 	line3: autoDraw = False
469.2474 	EXP 	line4: autoDraw = False
469.2474 	EXP 	probe: autoDraw = False
469.2474 	EXP 	fixation: autoDraw = True
469.2481 	EXP 	Device response: <KeyPress from None: t=469.23999489998096, value=c, duration=None>
469.2490 	DATA 	Keypress: c
469.3319 	EXP 	Device response: <KeyPress from None: t=469.23999489998096, value=c, duration=0.07639269999344833>
469.4153 	EXP 	Device response: <KeyPress from None: t=469.2300043999858, value=v, duration=0.17069200001424178>
470.2323 	EXP 	line1: autoDraw = True
470.2323 	EXP 	line2: autoDraw = True
470.2323 	EXP 	line3: autoDraw = True
470.2323 	EXP 	line4: autoDraw = True
470.2485 	EXP 	fixation: autoDraw = False
471.2324 	INFO 	Keyboard events cleared
471.2322 	EXP 	probe: autoDraw = True
471.7642 	EXP 	Device response: <KeyPress from None: t=471.76250489999074, value=c, duration=None>
471.7645 	EXP 	New trial (rep=48, index=3): <Trial 195 (3 in rep 48) data={'pos': np.int64(-150), 'corr_resp': 'z', 'thisN': 195, 'thisTrialN': 3, 'thisRepN': 48}>
471.7656 	DATA 	Keypress: c
471.7814 	EXP 	fixation: autoDraw = False
471.7814 	EXP 	line1: autoDraw = False
471.7814 	EXP 	line2: autoDraw = False
471.7814 	EXP 	line3: autoDraw = False
471.7814 	EXP 	line4: autoDraw = False
471.7814 	EXP 	probe: autoDraw = False
471.7814 	EXP 	fixation: autoDraw = True
471.9152 	EXP 	Device response: <KeyPress from None: t=471.76250489999074, value=c, duration=0.14456690000952221>
472.7656 	EXP 	line1: autoDraw = True
472.7656 	EXP 	line2: autoDraw = True
472.7656 	EXP 	line3: autoDraw = True
472.7656 	EXP 	line4: autoDraw = True
472.7821 	EXP 	fixation: autoDraw = False
473.7655 	INFO 	Keyboard events cleared
473.7653 	EXP 	probe: autoDraw = True
474.3666 	EXP 	Device response: <KeyPress from None: t=474.35714329997427, value=z, duration=None>
474.3671 	EXP 	New trial (rep=49, index=0): <Trial 196 (0 in rep 49) data={'pos': np.int64(-50), 'corr_resp': 'x', 'thisN': 196, 'thisTrialN': 0, 'thisRepN': 49}>
474.3685 	DATA 	Keypress: z
474.3808 	EXP 	fixation: autoDraw = False
474.3808 	EXP 	line1: autoDraw = False
474.3808 	EXP 	line2: autoDraw = False
474.3808 	EXP 	line3: autoDraw = False
474.3808 	EXP 	line4: autoDraw = False
474.3808 	EXP 	probe: autoDraw = False
474.3808 	EXP 	fixation: autoDraw = True
474.4816 	EXP 	Device response: <KeyPress from None: t=474.35714329997427, value=z, duration=0.1219973000115715>
475.3821 	EXP 	fixation: autoDraw = False
475.3821 	EXP 	line1: autoDraw = True
475.3821 	EXP 	line2: autoDraw = True
475.3821 	EXP 	line3: autoDraw = True
475.3821 	EXP 	line4: autoDraw = True
476.3825 	INFO 	Keyboard events cleared
476.3823 	EXP 	probe: autoDraw = True
477.1815 	EXP 	Device response: <KeyPress from None: t=477.1673875999986, value=x, duration=None>
477.1818 	EXP 	New trial (rep=49, index=1): <Trial 197 (1 in rep 49) data={'pos': np.int64(150), 'corr_resp': 'v', 'thisN': 197, 'thisTrialN': 1, 'thisRepN': 49}>
477.1831 	DATA 	Keypress: x
477.1970 	EXP 	fixation: autoDraw = False
477.1970 	EXP 	line1: autoDraw = False
477.1970 	EXP 	line2: autoDraw = False
477.1970 	EXP 	line3: autoDraw = False
477.1970 	EXP 	line4: autoDraw = False
477.1970 	EXP 	probe: autoDraw = False
477.1970 	EXP 	fixation: autoDraw = True
477.2817 	EXP 	Device response: <KeyPress from None: t=477.1673875999986, value=x, duration=0.10860939999110997>
478.1982 	EXP 	fixation: autoDraw = False
478.1982 	EXP 	line1: autoDraw = True
478.1982 	EXP 	line2: autoDraw = True
478.1982 	EXP 	line3: autoDraw = True
478.1982 	EXP 	line4: autoDraw = True
479.1811 	INFO 	Keyboard events cleared
479.1810 	EXP 	probe: autoDraw = True
480.0813 	EXP 	Device response: <KeyPress from None: t=480.0686050999793, value=v, duration=None>
480.0816 	EXP 	New trial (rep=49, index=2): <Trial 198 (2 in rep 49) data={'pos': np.int64(50), 'corr_resp': 'c', 'thisN': 198, 'thisTrialN': 2, 'thisRepN': 49}>
480.0825 	DATA 	Keypress: v
480.0969 	EXP 	fixation: autoDraw = False
480.0969 	EXP 	line1: autoDraw = False
480.0969 	EXP 	line2: autoDraw = False
480.0969 	EXP 	line3: autoDraw = False
480.0969 	EXP 	line4: autoDraw = False
480.0969 	EXP 	probe: autoDraw = False
480.0969 	EXP 	fixation: autoDraw = True
480.2143 	EXP 	Device response: <KeyPress from None: t=480.0686050999793, value=v, duration=0.13154140001279302>
481.0812 	EXP 	line1: autoDraw = True
481.0812 	EXP 	line2: autoDraw = True
481.0812 	EXP 	line3: autoDraw = True
481.0812 	EXP 	line4: autoDraw = True
481.0977 	EXP 	fixation: autoDraw = False
482.0822 	INFO 	Keyboard events cleared
482.0819 	EXP 	probe: autoDraw = True
482.6994 	EXP 	Device response: <KeyPress from None: t=482.6894199999806, value=c, duration=None>
482.6999 	EXP 	New trial (rep=49, index=3): <Trial 199 (3 in rep 49) data={'pos': np.int64(-150), 'corr_resp': 'z', 'thisN': 199, 'thisTrialN': 3, 'thisRepN': 49}>
482.7012 	DATA 	Keypress: c
482.7147 	EXP 	fixation: autoDraw = False
482.7147 	EXP 	line1: autoDraw = False
482.7147 	EXP 	line2: autoDraw = False
482.7147 	EXP 	line3: autoDraw = False
482.7147 	EXP 	line4: autoDraw = False
482.7147 	EXP 	probe: autoDraw = False
482.7147 	EXP 	fixation: autoDraw = True
482.8321 	EXP 	Device response: <KeyPress from None: t=482.6894199999806, value=c, duration=0.13169559999369085>
483.7158 	EXP 	fixation: autoDraw = False
483.7158 	EXP 	line1: autoDraw = True
483.7158 	EXP 	line2: autoDraw = True
483.7158 	EXP 	line3: autoDraw = True
483.7158 	EXP 	line4: autoDraw = True
484.6994 	INFO 	Keyboard events cleared
484.6992 	EXP 	probe: autoDraw = True
485.0652 	EXP 	Device response: <KeyPress from None: t=485.0548835999798, value=z, duration=None>
485.0709 	EXP 	Imported sequence_conditions.csv as conditions, 4 conditions, 2 params
485.0754 	EXP 	New trial (rep=0, index=0): <Trial 0 (0 in rep 0) data={'pos': np.int64(150), 'corr_resp': 'v', 'thisN': 0, 'thisTrialN': 0, 'thisRepN': 0}>
485.0780 	DATA 	Keypress: z
485.0864 	EXP 	fixation: autoDraw = False
485.0864 	EXP 	line1: autoDraw = False
485.0864 	EXP 	line2: autoDraw = False
485.0864 	EXP 	line3: autoDraw = False
485.0864 	EXP 	line4: autoDraw = False
485.0864 	EXP 	probe: autoDraw = False
485.0864 	EXP 	fixation_2: autoDraw = True
485.1988 	EXP 	Device response: <KeyPress from None: t=485.0548835999798, value=z, duration=0.129878000007011>
486.0645 	EXP 	line_1: autoDraw = True
486.0645 	EXP 	line_2: autoDraw = True
486.0645 	EXP 	line_3: autoDraw = True
486.0645 	EXP 	line_4: autoDraw = True
486.0991 	EXP 	fixation_2: autoDraw = False
487.0660 	INFO 	Keyboard events cleared
487.0658 	EXP 	probe_2: autoDraw = True
488.4828 	EXP 	Device response: <KeyPress from None: t=488.46706559997983, value=v, duration=None>
488.4833 	EXP 	New trial (rep=1, index=1): <Trial 1 (1 in rep 1) data={'pos': np.int64(150), 'corr_resp': 'v', 'thisN': 1, 'thisTrialN': 1, 'thisRepN': 1}>
488.4849 	DATA 	Keypress: v
488.4984 	EXP 	fixation_2: autoDraw = False
488.4984 	EXP 	line_1: autoDraw = False
488.4984 	EXP 	line_2: autoDraw = False
488.4984 	EXP 	line_3: autoDraw = False
488.4984 	EXP 	line_4: autoDraw = False
488.4984 	EXP 	probe_2: autoDraw = False
488.4984 	EXP 	fixation_2: autoDraw = True
488.6151 	EXP 	Device response: <KeyPress from None: t=488.46706559997983, value=v, duration=0.14217140001710504>
489.4826 	EXP 	line_1: autoDraw = True
489.4826 	EXP 	line_2: autoDraw = True
489.4826 	EXP 	line_3: autoDraw = True
489.4826 	EXP 	line_4: autoDraw = True
489.4991 	EXP 	fixation_2: autoDraw = False
490.4994 	INFO 	Keyboard events cleared
490.4992 	EXP 	probe_2: autoDraw = True
491.2322 	EXP 	Device response: <KeyPress from None: t=491.22278879999067, value=v, duration=None>
491.2326 	EXP 	New trial (rep=0, index=2): <Trial 2 (2 in rep 0) data={'pos': np.int64(50), 'corr_resp': 'c', 'thisN': 2, 'thisTrialN': 2, 'thisRepN': 0}>
491.2339 	DATA 	Keypress: v
491.2475 	EXP 	fixation_2: autoDraw = False
491.2475 	EXP 	line_1: autoDraw = False
491.2475 	EXP 	line_2: autoDraw = False
491.2475 	EXP 	line_3: autoDraw = False
491.2475 	EXP 	line_4: autoDraw = False
491.2475 	EXP 	probe_2: autoDraw = False
491.2475 	EXP 	fixation_2: autoDraw = True
491.3994 	EXP 	Device response: <KeyPress from None: t=491.22278879999067, value=v, duration=0.16809249998186715>
492.2328 	EXP 	line_1: autoDraw = True
492.2328 	EXP 	line_2: autoDraw = True
492.2328 	EXP 	line_3: autoDraw = True
492.2328 	EXP 	line_4: autoDraw = True
492.2487 	EXP 	fixation_2: autoDraw = False
493.2317 	INFO 	Keyboard events cleared
493.2315 	EXP 	probe_2: autoDraw = True
494.4997 	EXP 	Device response: <KeyPress from None: t=494.4910475999932, value=c, duration=None>
494.5001 	EXP 	New trial (rep=0, index=3): <Trial 3 (3 in rep 0) data={'pos': np.int64(-150), 'corr_resp': 'z', 'thisN': 3, 'thisTrialN': 3, 'thisRepN': 0}>
494.5018 	DATA 	Keypress: c
494.5142 	EXP 	fixation_2: autoDraw = False
494.5142 	EXP 	line_1: autoDraw = False
494.5142 	EXP 	line_2: autoDraw = False
494.5142 	EXP 	line_3: autoDraw = False
494.5142 	EXP 	line_4: autoDraw = False
494.5142 	EXP 	probe_2: autoDraw = False
494.5142 	EXP 	fixation_2: autoDraw = True
494.6491 	EXP 	Device response: <KeyPress from None: t=494.4910475999932, value=c, duration=0.14314800000283867>
495.4989 	EXP 	line_1: autoDraw = True
495.4989 	EXP 	line_2: autoDraw = True
495.4989 	EXP 	line_3: autoDraw = True
495.4989 	EXP 	line_4: autoDraw = True
495.5162 	EXP 	fixation_2: autoDraw = False
496.4989 	INFO 	Keyboard events cleared
496.4987 	EXP 	probe_2: autoDraw = True
497.4667 	EXP 	Device response: <KeyPress from None: t=497.4588396999752, value=z, duration=None>
497.4671 	EXP 	New trial (rep=0, index=4): <Trial 4 (4 in rep 0) data={'pos': np.int64(-50), 'corr_resp': 'x', 'thisN': 4, 'thisTrialN': 4, 'thisRepN': 0}>
497.4686 	DATA 	Keypress: z
497.4811 	EXP 	fixation_2: autoDraw = False
497.4811 	EXP 	line_1: autoDraw = False
497.4811 	EXP 	line_2: autoDraw = False
497.4811 	EXP 	line_3: autoDraw = False
497.4811 	EXP 	line_4: autoDraw = False
497.4811 	EXP 	probe_2: autoDraw = False
497.4811 	EXP 	fixation_2: autoDraw = True
497.5822 	EXP 	Device response: <KeyPress from None: t=497.4588396999752, value=z, duration=0.11048470000969246>
498.4660 	EXP 	line_1: autoDraw = True
498.4660 	EXP 	line_2: autoDraw = True
498.4660 	EXP 	line_3: autoDraw = True
498.4660 	EXP 	line_4: autoDraw = True
498.4829 	EXP 	fixation_2: autoDraw = False
499.4660 	INFO 	Keyboard events cleared
499.4658 	EXP 	probe_2: autoDraw = True
500.8335 	EXP 	Device response: <KeyPress from None: t=500.82664079999086, value=x, duration=None>
500.8340 	EXP 	New trial (rep=1, index=5): <Trial 5 (5 in rep 1) data={'pos': np.int64(-150), 'corr_resp': 'z', 'thisN': 5, 'thisTrialN': 5, 'thisRepN': 1}>
500.8357 	DATA 	Keypress: x
500.8477 	EXP 	fixation_2: autoDraw = False
500.8477 	EXP 	line_1: autoDraw = False
500.8477 	EXP 	line_2: autoDraw = False
500.8477 	EXP 	line_3: autoDraw = False
500.8477 	EXP 	line_4: autoDraw = False
500.8477 	EXP 	probe_2: autoDraw = False
500.8477 	EXP 	fixation_2: autoDraw = True
500.9317 	EXP 	Device response: <KeyPress from None: t=500.82664079999086, value=x, duration=0.09194330000900663>
501.8498 	EXP 	fixation_2: autoDraw = False
501.8498 	EXP 	line_1: autoDraw = True
501.8498 	EXP 	line_2: autoDraw = True
501.8498 	EXP 	line_3: autoDraw = True
501.8498 	EXP 	line_4: autoDraw = True
502.8496 	INFO 	Keyboard events cleared
502.8494 	EXP 	probe_2: autoDraw = True
503.6659 	EXP 	Device response: <KeyPress from None: t=503.6520763000008, value=z, duration=None>
503.6662 	EXP 	New trial (rep=1, index=6): <Trial 6 (6 in rep 1) data={'pos': np.int64(-50), 'corr_resp': 'x', 'thisN': 6, 'thisTrialN': 6, 'thisRepN': 1}>
503.6676 	DATA 	Keypress: z
503.6827 	EXP 	fixation_2: autoDraw = False
503.6827 	EXP 	line_1: autoDraw = False
503.6827 	EXP 	line_2: autoDraw = False
503.6827 	EXP 	line_3: autoDraw = False
503.6827 	EXP 	line_4: autoDraw = False
503.6827 	EXP 	probe_2: autoDraw = False
503.6827 	EXP 	fixation_2: autoDraw = True
503.7651 	EXP 	Device response: <KeyPress from None: t=503.6520763000008, value=z, duration=0.09878679999383166>
504.6827 	EXP 	fixation_2: autoDraw = False
504.6827 	EXP 	line_1: autoDraw = True
504.6827 	EXP 	line_2: autoDraw = True
504.6827 	EXP 	line_3: autoDraw = True
504.6827 	EXP 	line_4: autoDraw = True
505.6662 	INFO 	Keyboard events cleared
505.6660 	EXP 	probe_2: autoDraw = True
506.9829 	EXP 	Device response: <KeyPress from None: t=506.97917449998204, value=x, duration=None>
506.9833 	EXP 	New trial (rep=2, index=7): <Trial 7 (7 in rep 2) data={'pos': np.int64(-50), 'corr_resp': 'x', 'thisN': 7, 'thisTrialN': 7, 'thisRepN': 2}>
506.9848 	DATA 	Keypress: x
506.9978 	EXP 	fixation_2: autoDraw = False
506.9978 	EXP 	line_1: autoDraw = False
506.9978 	EXP 	line_2: autoDraw = False
506.9978 	EXP 	line_3: autoDraw = False
506.9978 	EXP 	line_4: autoDraw = False
506.9978 	EXP 	probe_2: autoDraw = False
506.9978 	EXP 	fixation_2: autoDraw = True
507.0823 	EXP 	Device response: <KeyPress from None: t=506.97917449998204, value=x, duration=0.09563560000970028>
507.9824 	EXP 	line_1: autoDraw = True
507.9824 	EXP 	line_2: autoDraw = True
507.9824 	EXP 	line_3: autoDraw = True
507.9824 	EXP 	line_4: autoDraw = True
507.9998 	EXP 	fixation_2: autoDraw = False
508.9830 	INFO 	Keyboard events cleared
508.9828 	EXP 	probe_2: autoDraw = True
510.0495 	EXP 	Device response: <KeyPress from None: t=510.036008199997, value=x, duration=None>
510.0498 	EXP 	New trial (rep=2, index=8): <Trial 8 (8 in rep 2) data={'pos': np.int64(150), 'corr_resp': 'v', 'thisN': 8, 'thisTrialN': 8, 'thisRepN': 2}>
510.0511 	DATA 	Keypress: x
510.0659 	EXP 	fixation_2: autoDraw = False
510.0659 	EXP 	line_1: autoDraw = False
510.0659 	EXP 	line_2: autoDraw = False
510.0659 	EXP 	line_3: autoDraw = False
510.0659 	EXP 	line_4: autoDraw = False
510.0659 	EXP 	probe_2: autoDraw = False
510.0659 	EXP 	fixation_2: autoDraw = True
510.1167 	EXP 	Device response: <KeyPress from None: t=510.036008199997, value=x, duration=0.07530909997876734>
511.0490 	EXP 	line_1: autoDraw = True
511.0490 	EXP 	line_2: autoDraw = True
511.0490 	EXP 	line_3: autoDraw = True
511.0490 	EXP 	line_4: autoDraw = True
511.0661 	EXP 	fixation_2: autoDraw = False
512.0500 	INFO 	Keyboard events cleared
512.0498 	EXP 	probe_2: autoDraw = True
513.6998 	EXP 	Device response: <KeyPress from None: t=513.6911408999877, value=v, duration=None>
513.7002 	EXP 	New trial (rep=3, index=9): <Trial 9 (9 in rep 3) data={'pos': np.int64(150), 'corr_resp': 'v', 'thisN': 9, 'thisTrialN': 9, 'thisRepN': 3}>
513.7020 	DATA 	Keypress: v
513.7150 	EXP 	fixation_2: autoDraw = False
513.7150 	EXP 	line_1: autoDraw = False
513.7150 	EXP 	line_2: autoDraw = False
513.7150 	EXP 	line_3: autoDraw = False
513.7150 	EXP 	line_4: autoDraw = False
513.7150 	EXP 	probe_2: autoDraw = False
513.7150 	EXP 	fixation_2: autoDraw = True
513.7656 	EXP 	Device response: <KeyPress from None: t=513.6911408999877, value=v, duration=0.07201460000942461>
514.6997 	EXP 	line_1: autoDraw = True
514.6997 	EXP 	line_2: autoDraw = True
514.6997 	EXP 	line_3: autoDraw = True
514.6997 	EXP 	line_4: autoDraw = True
514.7156 	EXP 	fixation_2: autoDraw = False
515.6997 	INFO 	Keyboard events cleared
515.6995 	EXP 	probe_2: autoDraw = True
516.5679 	DATA 	Keypress: v
516.5823 	EXP 	Device response: <KeyPress from None: t=516.5660426999966, value=v, duration=None>
516.5826 	EXP 	New trial (rep=1, index=10): <Trial 10 (10 in rep 1) data={'pos': np.int64(50), 'corr_resp': 'c', 'thisN': 10, 'thisTrialN': 10, 'thisRepN': 1}>
516.5996 	EXP 	fixation_2: autoDraw = False
516.5996 	EXP 	line_1: autoDraw = False
516.5996 	EXP 	line_2: autoDraw = False
516.5996 	EXP 	line_3: autoDraw = False
516.5996 	EXP 	line_4: autoDraw = False
516.5996 	EXP 	probe_2: autoDraw = False
516.5996 	EXP 	fixation_2: autoDraw = True
516.6669 	EXP 	Device response: <KeyPress from None: t=516.5660426999966, value=v, duration=0.09151820000261068>
517.5829 	EXP 	line_1: autoDraw = True
517.5829 	EXP 	line_2: autoDraw = True
517.5829 	EXP 	line_3: autoDraw = True
517.5829 	EXP 	line_4: autoDraw = True
517.5994 	EXP 	fixation_2: autoDraw = False
518.5833 	INFO 	Keyboard events cleared
518.5831 	EXP 	probe_2: autoDraw = True
519.8161 	EXP 	Device response: <KeyPress from None: t=519.8110825999756, value=x, duration=None>
519.8165 	EXP 	New trial (rep=2, index=11): <Trial 11 (11 in rep 2) data={'pos': np.int64(-150), 'corr_resp': 'z', 'thisN': 11, 'thisTrialN': 11, 'thisRepN': 2}>
519.8180 	DATA 	Keypress: x
519.8321 	EXP 	fixation_2: autoDraw = False
519.8321 	EXP 	line_1: autoDraw = False
519.8321 	EXP 	line_2: autoDraw = False
519.8321 	EXP 	line_3: autoDraw = False
519.8321 	EXP 	line_4: autoDraw = False
519.8321 	EXP 	probe_2: autoDraw = False
519.8321 	EXP 	fixation_2: autoDraw = True
519.8984 	EXP 	Device response: <KeyPress from None: t=519.8110825999756, value=x, duration=0.07163320001563989>
520.8164 	EXP 	line_1: autoDraw = True
520.8164 	EXP 	line_2: autoDraw = True
520.8164 	EXP 	line_3: autoDraw = True
520.8164 	EXP 	line_4: autoDraw = True
520.8332 	EXP 	fixation_2: autoDraw = False
521.8330 	INFO 	Keyboard events cleared
521.8328 	EXP 	probe_2: autoDraw = True
523.2993 	EXP 	Device response: <KeyPress from None: t=523.2938601999776, value=z, duration=None>
523.2996 	EXP 	New trial (rep=4, index=12): <Trial 12 (12 in rep 4) data={'pos': np.int64(150), 'corr_resp': 'v', 'thisN': 12, 'thisTrialN': 12, 'thisRepN': 4}>
523.3010 	DATA 	Keypress: z
523.3146 	EXP 	fixation_2: autoDraw = False
523.3146 	EXP 	line_1: autoDraw = False
523.3146 	EXP 	line_2: autoDraw = False
523.3146 	EXP 	line_3: autoDraw = False
523.3146 	EXP 	line_4: autoDraw = False
523.3146 	EXP 	probe_2: autoDraw = False
523.3146 	EXP 	fixation_2: autoDraw = True
523.3994 	EXP 	Device response: <KeyPress from None: t=523.2938601999776, value=z, duration=0.09698000000207685>
524.2998 	EXP 	line_1: autoDraw = True
524.2998 	EXP 	line_2: autoDraw = True
524.2998 	EXP 	line_3: autoDraw = True
524.2998 	EXP 	line_4: autoDraw = True
524.3165 	EXP 	fixation_2: autoDraw = False
525.2998 	INFO 	Keyboard events cleared
525.2996 	EXP 	probe_2: autoDraw = True
526.7659 	EXP 	Device response: <KeyPress from None: t=526.7579470999772, value=v, duration=None>
526.7664 	EXP 	New trial (rep=3, index=13): <Trial 13 (13 in rep 3) data={'pos': np.int64(-50), 'corr_resp': 'x', 'thisN': 13, 'thisTrialN': 13, 'thisRepN': 3}>
526.7684 	DATA 	Keypress: v
526.7815 	EXP 	fixation_2: autoDraw = False
526.7815 	EXP 	line_1: autoDraw = False
526.7815 	EXP 	line_2: autoDraw = False
526.7815 	EXP 	line_3: autoDraw = False
526.7815 	EXP 	line_4: autoDraw = False
526.7815 	EXP 	probe_2: autoDraw = False
526.7815 	EXP 	fixation_2: autoDraw = True
526.8485 	EXP 	Device response: <KeyPress from None: t=526.7579470999772, value=v, duration=0.08111729999654926>
527.7654 	EXP 	line_1: autoDraw = True
527.7654 	EXP 	line_2: autoDraw = True
527.7654 	EXP 	line_3: autoDraw = True
527.7654 	EXP 	line_4: autoDraw = True
527.7829 	EXP 	fixation_2: autoDraw = False
528.7663 	INFO 	Keyboard events cleared
528.7661 	EXP 	probe_2: autoDraw = True
530.1664 	EXP 	Device response: <KeyPress from None: t=530.165520599985, value=x, duration=None>
530.1667 	EXP 	New trial (rep=4, index=14): <Trial 14 (14 in rep 4) data={'pos': np.int64(-50), 'corr_resp': 'x', 'thisN': 14, 'thisTrialN': 14, 'thisRepN': 4}>
530.1682 	DATA 	Keypress: x
530.1821 	EXP 	fixation_2: autoDraw = False
530.1821 	EXP 	line_1: autoDraw = False
530.1821 	EXP 	line_2: autoDraw = False
530.1821 	EXP 	line_3: autoDraw = False
530.1821 	EXP 	line_4: autoDraw = False
530.1821 	EXP 	probe_2: autoDraw = False
530.1821 	EXP 	fixation_2: autoDraw = True
530.2497 	EXP 	Device response: <KeyPress from None: t=530.165520599985, value=x, duration=0.06983029999537393>
531.1664 	EXP 	line_1: autoDraw = True
531.1664 	EXP 	line_2: autoDraw = True
531.1664 	EXP 	line_3: autoDraw = True
531.1664 	EXP 	line_4: autoDraw = True
531.1817 	EXP 	fixation_2: autoDraw = False
532.1666 	INFO 	Keyboard events cleared
532.1664 	EXP 	probe_2: autoDraw = True
533.5329 	EXP 	Device response: <KeyPress from None: t=533.5313326999894, value=x, duration=None>
533.5332 	EXP 	New trial (rep=3, index=15): <Trial 15 (15 in rep 3) data={'pos': np.int64(-150), 'corr_resp': 'z', 'thisN': 15, 'thisTrialN': 15, 'thisRepN': 3}>
533.5346 	DATA 	Keypress: x
533.5492 	EXP 	fixation_2: autoDraw = False
533.5492 	EXP 	line_1: autoDraw = False
533.5492 	EXP 	line_2: autoDraw = False
533.5492 	EXP 	line_3: autoDraw = False
533.5492 	EXP 	line_4: autoDraw = False
533.5492 	EXP 	probe_2: autoDraw = False
533.5492 	EXP 	fixation_2: autoDraw = True
533.6159 	EXP 	Device response: <KeyPress from None: t=533.5313326999894, value=x, duration=0.07651590000023134>
534.5333 	EXP 	line_1: autoDraw = True
534.5333 	EXP 	line_2: autoDraw = True
534.5333 	EXP 	line_3: autoDraw = True
534.5333 	EXP 	line_4: autoDraw = True
534.5488 	EXP 	fixation_2: autoDraw = False
535.5496 	INFO 	Keyboard events cleared
535.5494 	EXP 	probe_2: autoDraw = True
536.4855 	DATA 	Keypress: z
536.5001 	EXP 	Device response: <KeyPress from None: t=536.483385999978, value=z, duration=None>
536.5005 	EXP 	New trial (rep=2, index=16): <Trial 16 (16 in rep 2) data={'pos': np.int64(50), 'corr_resp': 'c', 'thisN': 16, 'thisTrialN': 16, 'thisRepN': 2}>
536.5148 	EXP 	fixation_2: autoDraw = False
536.5148 	EXP 	line_1: autoDraw = False
536.5148 	EXP 	line_2: autoDraw = False
536.5148 	EXP 	line_3: autoDraw = False
536.5148 	EXP 	line_4: autoDraw = False
536.5148 	EXP 	probe_2: autoDraw = False
536.5148 	EXP 	fixation_2: autoDraw = True
536.5992 	EXP 	Device response: <KeyPress from None: t=536.483385999978, value=z, duration=0.10124930000165477>
537.4999 	EXP 	line_1: autoDraw = True
537.4999 	EXP 	line_2: autoDraw = True
537.4999 	EXP 	line_3: autoDraw = True
537.4999 	EXP 	line_4: autoDraw = True
537.5166 	EXP 	fixation_2: autoDraw = False
538.4999 	INFO 	Keyboard events cleared
538.4996 	EXP 	probe_2: autoDraw = True
539.5163 	EXP 	Device response: <KeyPress from None: t=539.5122338999936, value=c, duration=None>
539.5167 	EXP 	New trial (rep=3, index=17): <Trial 17 (17 in rep 3) data={'pos': np.int64(50), 'corr_resp': 'c', 'thisN': 17, 'thisTrialN': 17, 'thisRepN': 3}>
539.5180 	DATA 	Keypress: c
539.5316 	EXP 	fixation_2: autoDraw = False
539.5316 	EXP 	line_1: autoDraw = False
539.5316 	EXP 	line_2: autoDraw = False
539.5316 	EXP 	line_3: autoDraw = False
539.5316 	EXP 	line_4: autoDraw = False
539.5316 	EXP 	probe_2: autoDraw = False
539.5316 	EXP 	fixation_2: autoDraw = True
539.6331 	EXP 	Device response: <KeyPress from None: t=539.5122338999936, value=c, duration=0.11123869998846203>
540.5161 	EXP 	line_1: autoDraw = True
540.5161 	EXP 	line_2: autoDraw = True
540.5161 	EXP 	line_3: autoDraw = True
540.5161 	EXP 	line_4: autoDraw = True
540.5331 	EXP 	fixation_2: autoDraw = False
541.5164 	INFO 	Keyboard events cleared
541.5162 	EXP 	probe_2: autoDraw = True
542.4989 	EXP 	Device response: <KeyPress from None: t=542.4970004999777, value=c, duration=None>
542.4994 	EXP 	New trial (rep=4, index=18): <Trial 18 (18 in rep 4) data={'pos': np.int64(50), 'corr_resp': 'c', 'thisN': 18, 'thisTrialN': 18, 'thisRepN': 4}>
542.5010 	DATA 	Keypress: c
542.5155 	EXP 	fixation_2: autoDraw = False
542.5155 	EXP 	line_1: autoDraw = False
542.5155 	EXP 	line_2: autoDraw = False
542.5155 	EXP 	line_3: autoDraw = False
542.5155 	EXP 	line_4: autoDraw = False
542.5155 	EXP 	probe_2: autoDraw = False
542.5155 	EXP 	fixation_2: autoDraw = True
542.6155 	EXP 	Device response: <KeyPress from None: t=542.4970004999777, value=c, duration=0.10354010001174174>
543.4990 	EXP 	line_1: autoDraw = True
543.4990 	EXP 	line_2: autoDraw = True
543.4990 	EXP 	line_3: autoDraw = True
543.4990 	EXP 	line_4: autoDraw = True
543.5165 	EXP 	fixation_2: autoDraw = False
544.5003 	INFO 	Keyboard events cleared
544.5001 	EXP 	probe_2: autoDraw = True
546.3165 	EXP 	Device response: <KeyPress from None: t=546.3050611999934, value=c, duration=None>
546.3169 	EXP 	New trial (rep=5, index=19): <Trial 19 (19 in rep 5) data={'pos': np.int64(150), 'corr_resp': 'v', 'thisN': 19, 'thisTrialN': 19, 'thisRepN': 5}>
546.3182 	DATA 	Keypress: c
546.3326 	EXP 	fixation_2: autoDraw = False
546.3326 	EXP 	line_1: autoDraw = False
546.3326 	EXP 	line_2: autoDraw = False
546.3326 	EXP 	line_3: autoDraw = False
546.3326 	EXP 	line_4: autoDraw = False
546.3326 	EXP 	probe_2: autoDraw = False
546.3326 	EXP 	fixation_2: autoDraw = True
546.3836 	EXP 	Device response: <KeyPress from None: t=546.3050611999934, value=c, duration=0.06717349999235012>
547.3160 	EXP 	line_1: autoDraw = True
547.3160 	EXP 	line_2: autoDraw = True
547.3160 	EXP 	line_3: autoDraw = True
547.3160 	EXP 	line_4: autoDraw = True
547.3332 	EXP 	fixation_2: autoDraw = False
548.3334 	INFO 	Keyboard events cleared
548.3332 	EXP 	probe_2: autoDraw = True
550.1680 	DATA 	Keypress: v
550.1832 	EXP 	Device response: <KeyPress from None: t=550.1664576999901, value=v, duration=None>
550.1835 	EXP 	New trial (rep=5, index=20): <Trial 20 (20 in rep 5) data={'pos': np.int64(50), 'corr_resp': 'c', 'thisN': 20, 'thisTrialN': 20, 'thisRepN': 5}>
550.2004 	EXP 	fixation_2: autoDraw = False
550.2004 	EXP 	line_1: autoDraw = False
550.2004 	EXP 	line_2: autoDraw = False
550.2004 	EXP 	line_3: autoDraw = False
550.2004 	EXP 	line_4: autoDraw = False
550.2004 	EXP 	probe_2: autoDraw = False
550.2004 	EXP 	fixation_2: autoDraw = True
550.2505 	EXP 	Device response: <KeyPress from None: t=550.1664576999901, value=v, duration=0.07539690000703558>
551.1834 	EXP 	line_1: autoDraw = True
551.1834 	EXP 	line_2: autoDraw = True
551.1834 	EXP 	line_3: autoDraw = True
551.1834 	EXP 	line_4: autoDraw = True
551.2003 	EXP 	fixation_2: autoDraw = False
552.1837 	INFO 	Keyboard events cleared
552.1835 	EXP 	probe_2: autoDraw = True
554.0829 	EXP 	Device response: <KeyPress from None: t=554.0727710999781, value=c, duration=None>
554.0832 	EXP 	New trial (rep=6, index=21): <Trial 21 (21 in rep 6) data={'pos': np.int64(50), 'corr_resp': 'c', 'thisN': 21, 'thisTrialN': 21, 'thisRepN': 6}>
554.0845 	DATA 	Keypress: c
554.1005 	EXP 	fixation_2: autoDraw = False
554.1005 	EXP 	line_1: autoDraw = False
554.1005 	EXP 	line_2: autoDraw = False
554.1005 	EXP 	line_3: autoDraw = False
554.1005 	EXP 	line_4: autoDraw = False
554.1005 	EXP 	probe_2: autoDraw = False
554.1005 	EXP 	fixation_2: autoDraw = True
554.1673 	EXP 	Device response: <KeyPress from None: t=554.0727710999781, value=c, duration=0.08767269999952987>
555.0840 	EXP 	line_1: autoDraw = True
555.0840 	EXP 	line_2: autoDraw = True
555.0840 	EXP 	line_3: autoDraw = True
555.0840 	EXP 	line_4: autoDraw = True
555.1000 	EXP 	fixation_2: autoDraw = False
556.0827 	INFO 	Keyboard events cleared
556.0825 	EXP 	probe_2: autoDraw = True
557.0498 	EXP 	Device response: <KeyPress from None: t=557.0444034999819, value=c, duration=None>
557.0502 	EXP 	New trial (rep=7, index=22): <Trial 22 (22 in rep 7) data={'pos': np.int64(50), 'corr_resp': 'c', 'thisN': 22, 'thisTrialN': 22, 'thisRepN': 7}>
557.0515 	DATA 	Keypress: c
557.0651 	EXP 	fixation_2: autoDraw = False
557.0651 	EXP 	line_1: autoDraw = False
557.0651 	EXP 	line_2: autoDraw = False
557.0651 	EXP 	line_3: autoDraw = False
557.0651 	EXP 	line_4: autoDraw = False
557.0651 	EXP 	probe_2: autoDraw = False
557.0651 	EXP 	fixation_2: autoDraw = True
557.1667 	EXP 	Device response: <KeyPress from None: t=557.0444034999819, value=c, duration=0.11586459999671206>
558.0496 	EXP 	line_1: autoDraw = True
558.0496 	EXP 	line_2: autoDraw = True
558.0496 	EXP 	line_3: autoDraw = True
558.0496 	EXP 	line_4: autoDraw = True
558.0669 	EXP 	fixation_2: autoDraw = False
559.0504 	INFO 	Keyboard events cleared
559.0502 	EXP 	probe_2: autoDraw = True
560.2509 	EXP 	Device response: <KeyPress from None: t=560.2420290999871, value=c, duration=None>
560.2514 	EXP 	New trial (rep=4, index=23): <Trial 23 (23 in rep 4) data={'pos': np.int64(-150), 'corr_resp': 'z', 'thisN': 23, 'thisTrialN': 23, 'thisRepN': 4}>
560.2528 	DATA 	Keypress: c
560.2660 	EXP 	fixation_2: autoDraw = False
560.2660 	EXP 	line_1: autoDraw = False
560.2660 	EXP 	line_2: autoDraw = False
560.2660 	EXP 	line_3: autoDraw = False
560.2660 	EXP 	line_4: autoDraw = False
560.2660 	EXP 	probe_2: autoDraw = False
560.2660 	EXP 	fixation_2: autoDraw = True
560.3505 	EXP 	Device response: <KeyPress from None: t=560.2420290999871, value=c, duration=0.10156690000439994>
561.2667 	EXP 	fixation_2: autoDraw = False
561.2667 	EXP 	line_1: autoDraw = True
561.2667 	EXP 	line_2: autoDraw = True
561.2667 	EXP 	line_3: autoDraw = True
561.2667 	EXP 	line_4: autoDraw = True
562.2504 	INFO 	Keyboard events cleared
562.2502 	EXP 	probe_2: autoDraw = True
563.1197 	DATA 	Keypress: z
563.1325 	EXP 	Device response: <KeyPress from None: t=563.1187223999877, value=z, duration=None>
563.1329 	EXP 	New trial (rep=5, index=24): <Trial 24 (24 in rep 5) data={'pos': np.int64(-50), 'corr_resp': 'x', 'thisN': 24, 'thisTrialN': 24, 'thisRepN': 5}>
563.1498 	EXP 	fixation_2: autoDraw = False
563.1498 	EXP 	line_1: autoDraw = False
563.1498 	EXP 	line_2: autoDraw = False
563.1498 	EXP 	line_3: autoDraw = False
563.1498 	EXP 	line_4: autoDraw = False
563.1498 	EXP 	probe_2: autoDraw = False
563.1498 	EXP 	fixation_2: autoDraw = True
563.2327 	EXP 	Device response: <KeyPress from None: t=563.1187223999877, value=z, duration=0.10576189999119379>
564.1335 	EXP 	line_1: autoDraw = True
564.1335 	EXP 	line_2: autoDraw = True
564.1335 	EXP 	line_3: autoDraw = True
564.1335 	EXP 	line_4: autoDraw = True
564.1505 	EXP 	fixation_2: autoDraw = False
565.1336 	INFO 	Keyboard events cleared
565.1334 	EXP 	probe_2: autoDraw = True
566.5839 	EXP 	Device response: <KeyPress from None: t=566.575277099997, value=x, duration=None>
566.5842 	EXP 	New trial (rep=6, index=25): <Trial 25 (25 in rep 6) data={'pos': np.int64(-50), 'corr_resp': 'x', 'thisN': 25, 'thisTrialN': 25, 'thisRepN': 6}>
566.5856 	DATA 	Keypress: x
566.6002 	EXP 	fixation_2: autoDraw = False
566.6002 	EXP 	line_1: autoDraw = False
566.6002 	EXP 	line_2: autoDraw = False
566.6002 	EXP 	line_3: autoDraw = False
566.6002 	EXP 	line_4: autoDraw = False
566.6002 	EXP 	probe_2: autoDraw = False
566.6002 	EXP 	fixation_2: autoDraw = True
566.6678 	EXP 	Device response: <KeyPress from None: t=566.575277099997, value=x, duration=0.08033259998774156>
567.6007 	EXP 	fixation_2: autoDraw = False
567.6007 	EXP 	line_1: autoDraw = True
567.6007 	EXP 	line_2: autoDraw = True
567.6007 	EXP 	line_3: autoDraw = True
567.6007 	EXP 	line_4: autoDraw = True
568.5833 	INFO 	Keyboard events cleared
568.5831 	EXP 	probe_2: autoDraw = True
569.4176 	EXP 	Device response: <KeyPress from None: t=569.4096112999832, value=x, duration=None>
569.4182 	EXP 	New trial (rep=6, index=26): <Trial 26 (26 in rep 6) data={'pos': np.int64(150), 'corr_resp': 'v', 'thisN': 26, 'thisTrialN': 26, 'thisRepN': 6}>
569.4198 	DATA 	Keypress: x
569.4323 	EXP 	fixation_2: autoDraw = False
569.4323 	EXP 	line_1: autoDraw = False
569.4323 	EXP 	line_2: autoDraw = False
569.4323 	EXP 	line_3: autoDraw = False
569.4323 	EXP 	line_4: autoDraw = False
569.4323 	EXP 	probe_2: autoDraw = False
569.4323 	EXP 	fixation_2: autoDraw = True
569.5169 	EXP 	Device response: <KeyPress from None: t=569.4096112999832, value=x, duration=0.10171000001719221>
570.4172 	EXP 	line_1: autoDraw = True
570.4172 	EXP 	line_2: autoDraw = True
570.4172 	EXP 	line_3: autoDraw = True
570.4172 	EXP 	line_4: autoDraw = True
570.4340 	EXP 	fixation_2: autoDraw = False
571.4172 	INFO 	Keyboard events cleared
571.4170 	EXP 	probe_2: autoDraw = True
573.5001 	EXP 	Device response: <KeyPress from None: t=573.4865693999745, value=v, duration=None>
573.5006 	EXP 	New trial (rep=8, index=27): <Trial 27 (27 in rep 8) data={'pos': np.int64(50), 'corr_resp': 'c', 'thisN': 27, 'thisTrialN': 27, 'thisRepN': 8}>
573.5020 	DATA 	Keypress: v
573.5159 	EXP 	fixation_2: autoDraw = False
573.5159 	EXP 	line_1: autoDraw = False
573.5159 	EXP 	line_2: autoDraw = False
573.5159 	EXP 	line_3: autoDraw = False
573.5159 	EXP 	line_4: autoDraw = False
573.5159 	EXP 	probe_2: autoDraw = False
573.5159 	EXP 	fixation_2: autoDraw = True
573.5673 	EXP 	Device response: <KeyPress from None: t=573.4865693999745, value=v, duration=0.0766983000212349>
574.4998 	EXP 	line_1: autoDraw = True
574.4998 	EXP 	line_2: autoDraw = True
574.4998 	EXP 	line_3: autoDraw = True
574.4998 	EXP 	line_4: autoDraw = True
574.5165 	EXP 	fixation_2: autoDraw = False
575.5169 	INFO 	Keyboard events cleared
575.5167 	EXP 	probe_2: autoDraw = True
576.5699 	DATA 	Keypress: c
576.5829 	EXP 	Device response: <KeyPress from None: t=576.5689889999921, value=c, duration=None>
576.5834 	EXP 	New trial (rep=9, index=28): <Trial 28 (28 in rep 9) data={'pos': np.int64(50), 'corr_resp': 'c', 'thisN': 28, 'thisTrialN': 28, 'thisRepN': 9}>
576.6006 	EXP 	fixation_2: autoDraw = False
576.6006 	EXP 	line_1: autoDraw = False
576.6006 	EXP 	line_2: autoDraw = False
576.6006 	EXP 	line_3: autoDraw = False
576.6006 	EXP 	line_4: autoDraw = False
576.6006 	EXP 	probe_2: autoDraw = False
576.6006 	EXP 	fixation_2: autoDraw = True
576.6839 	EXP 	Device response: <KeyPress from None: t=576.5689889999921, value=c, duration=0.10917089998838492>
577.5835 	EXP 	line_1: autoDraw = True
577.5835 	EXP 	line_2: autoDraw = True
577.5835 	EXP 	line_3: autoDraw = True
577.5835 	EXP 	line_4: autoDraw = True
577.6002 	EXP 	fixation_2: autoDraw = False
578.5839 	INFO 	Keyboard events cleared
578.5836 	EXP 	probe_2: autoDraw = True
579.4011 	EXP 	Device response: <KeyPress from None: t=579.3954224999761, value=c, duration=None>
579.4016 	EXP 	New trial (rep=5, index=29): <Trial 29 (29 in rep 5) data={'pos': np.int64(-150), 'corr_resp': 'z', 'thisN': 29, 'thisTrialN': 29, 'thisRepN': 5}>
579.4033 	DATA 	Keypress: c
579.4155 	EXP 	fixation_2: autoDraw = False
579.4155 	EXP 	line_1: autoDraw = False
579.4155 	EXP 	line_2: autoDraw = False
579.4155 	EXP 	line_3: autoDraw = False
579.4155 	EXP 	line_4: autoDraw = False
579.4155 	EXP 	probe_2: autoDraw = False
579.4155 	EXP 	fixation_2: autoDraw = True
579.4833 	EXP 	Device response: <KeyPress from None: t=579.3954224999761, value=c, duration=0.08599079999839887>
580.4006 	EXP 	line_1: autoDraw = True
580.4006 	EXP 	line_2: autoDraw = True
580.4006 	EXP 	line_3: autoDraw = True
580.4006 	EXP 	line_4: autoDraw = True
580.4175 	EXP 	fixation_2: autoDraw = False
581.3993 	INFO 	Keyboard events cleared
581.3991 	EXP 	probe_2: autoDraw = True
582.7030 	DATA 	Keypress: z
582.7172 	EXP 	Device response: <KeyPress from None: t=582.7010140999919, value=z, duration=None>
582.7177 	EXP 	New trial (rep=7, index=30): <Trial 30 (30 in rep 7) data={'pos': np.int64(150), 'corr_resp': 'v', 'thisN': 30, 'thisTrialN': 30, 'thisRepN': 7}>
582.7329 	EXP 	fixation_2: autoDraw = False
582.7329 	EXP 	line_1: autoDraw = False
582.7329 	EXP 	line_2: autoDraw = False
582.7329 	EXP 	line_3: autoDraw = False
582.7329 	EXP 	line_4: autoDraw = False
582.7329 	EXP 	probe_2: autoDraw = False
582.7329 	EXP 	fixation_2: autoDraw = True
582.7997 	EXP 	Device response: <KeyPress from None: t=582.7010140999919, value=z, duration=0.09275099998922087>
583.7176 	EXP 	line_1: autoDraw = True
583.7176 	EXP 	line_2: autoDraw = True
583.7176 	EXP 	line_3: autoDraw = True
583.7176 	EXP 	line_4: autoDraw = True
583.7330 	EXP 	fixation_2: autoDraw = False
584.7178 	INFO 	Keyboard events cleared
584.7176 	EXP 	probe_2: autoDraw = True
585.8679 	EXP 	Device response: <KeyPress from None: t=585.8571521999838, value=v, duration=None>
585.8683 	EXP 	New trial (rep=10, index=31): <Trial 31 (31 in rep 10) data={'pos': np.int64(50), 'corr_resp': 'c', 'thisN': 31, 'thisTrialN': 31, 'thisRepN': 10}>
585.8697 	DATA 	Keypress: v
585.8823 	EXP 	fixation_2: autoDraw = False
585.8823 	EXP 	line_1: autoDraw = False
585.8823 	EXP 	line_2: autoDraw = False
585.8823 	EXP 	line_3: autoDraw = False
585.8823 	EXP 	line_4: autoDraw = False
585.8823 	EXP 	probe_2: autoDraw = False
585.8823 	EXP 	fixation_2: autoDraw = True
585.9502 	EXP 	Device response: <KeyPress from None: t=585.8571521999838, value=v, duration=0.07730299999821>
586.8668 	EXP 	line_1: autoDraw = True
586.8668 	EXP 	line_2: autoDraw = True
586.8668 	EXP 	line_3: autoDraw = True
586.8668 	EXP 	line_4: autoDraw = True
586.8836 	EXP 	fixation_2: autoDraw = False
587.8844 	INFO 	Keyboard events cleared
587.8842 	EXP 	probe_2: autoDraw = True
589.5176 	EXP 	Device response: <KeyPress from None: t=589.5072201000003, value=c, duration=None>
589.5181 	EXP 	New trial (rep=6, index=32): <Trial 32 (32 in rep 6) data={'pos': np.int64(-150), 'corr_resp': 'z', 'thisN': 32, 'thisTrialN': 32, 'thisRepN': 6}>
589.5196 	DATA 	Keypress: c
589.5325 	EXP 	fixation_2: autoDraw = False
589.5325 	EXP 	line_1: autoDraw = False
589.5325 	EXP 	line_2: autoDraw = False
589.5325 	EXP 	line_3: autoDraw = False
589.5325 	EXP 	line_4: autoDraw = False
589.5325 	EXP 	probe_2: autoDraw = False
589.5325 	EXP 	fixation_2: autoDraw = True
589.6163 	EXP 	Device response: <KeyPress from None: t=589.5072201000003, value=c, duration=0.09363379998831078>
590.5164 	EXP 	line_1: autoDraw = True
590.5164 	EXP 	line_2: autoDraw = True
590.5164 	EXP 	line_3: autoDraw = True
590.5164 	EXP 	line_4: autoDraw = True
590.5338 	EXP 	fixation_2: autoDraw = False
591.5177 	INFO 	Keyboard events cleared
591.5175 	EXP 	probe_2: autoDraw = True
592.6675 	EXP 	Device response: <KeyPress from None: t=592.6564033999748, value=z, duration=None>
592.6680 	EXP 	New trial (rep=8, index=33): <Trial 33 (33 in rep 8) data={'pos': np.int64(150), 'corr_resp': 'v', 'thisN': 33, 'thisTrialN': 33, 'thisRepN': 8}>
592.6694 	DATA 	Keypress: z
592.6824 	EXP 	fixation_2: autoDraw = False
592.6824 	EXP 	line_1: autoDraw = False
592.6824 	EXP 	line_2: autoDraw = False
592.6824 	EXP 	line_3: autoDraw = False
592.6824 	EXP 	line_4: autoDraw = False
592.6824 	EXP 	probe_2: autoDraw = False
592.6824 	EXP 	fixation_2: autoDraw = True
592.7509 	EXP 	Device response: <KeyPress from None: t=592.6564033999748, value=z, duration=0.08707249999861233>
593.6675 	EXP 	line_1: autoDraw = True
593.6675 	EXP 	line_2: autoDraw = True
593.6675 	EXP 	line_3: autoDraw = True
593.6675 	EXP 	line_4: autoDraw = True
593.6845 	EXP 	fixation_2: autoDraw = False
594.6675 	INFO 	Keyboard events cleared
594.6673 	EXP 	probe_2: autoDraw = True
596.3010 	EXP 	Device response: <KeyPress from None: t=596.2954946999962, value=v, duration=None>
596.3016 	EXP 	New trial (rep=9, index=34): <Trial 34 (34 in rep 9) data={'pos': np.int64(150), 'corr_resp': 'v', 'thisN': 34, 'thisTrialN': 34, 'thisRepN': 9}>
596.3033 	DATA 	Keypress: v
596.3158 	EXP 	fixation_2: autoDraw = False
596.3158 	EXP 	line_1: autoDraw = False
596.3158 	EXP 	line_2: autoDraw = False
596.3158 	EXP 	line_3: autoDraw = False
596.3158 	EXP 	line_4: autoDraw = False
596.3158 	EXP 	probe_2: autoDraw = False
596.3158 	EXP 	fixation_2: autoDraw = True
596.3838 	EXP 	Device response: <KeyPress from None: t=596.2954946999962, value=v, duration=0.07395089999772608>
597.3158 	EXP 	fixation_2: autoDraw = False
597.3158 	EXP 	line_1: autoDraw = True
597.3158 	EXP 	line_2: autoDraw = True
597.3158 	EXP 	line_3: autoDraw = True
597.3158 	EXP 	line_4: autoDraw = True
598.3012 	INFO 	Keyboard events cleared
598.3010 	EXP 	probe_2: autoDraw = True
599.4185 	EXP 	Device response: <KeyPress from None: t=599.4097026999807, value=v, duration=None>
599.4190 	EXP 	New trial (rep=11, index=35): <Trial 35 (35 in rep 11) data={'pos': np.int64(50), 'corr_resp': 'c', 'thisN': 35, 'thisTrialN': 35, 'thisRepN': 11}>
599.4205 	DATA 	Keypress: v
599.4324 	EXP 	fixation_2: autoDraw = False
599.4324 	EXP 	line_1: autoDraw = False
599.4324 	EXP 	line_2: autoDraw = False
599.4324 	EXP 	line_3: autoDraw = False
599.4324 	EXP 	line_4: autoDraw = False
599.4324 	EXP 	probe_2: autoDraw = False
599.4324 	EXP 	fixation_2: autoDraw = True
599.4840 	EXP 	Device response: <KeyPress from None: t=599.4097026999807, value=v, duration=0.06966010000905953>
600.4345 	EXP 	fixation_2: autoDraw = False
600.4345 	EXP 	line_1: autoDraw = True
600.4345 	EXP 	line_2: autoDraw = True
600.4345 	EXP 	line_3: autoDraw = True
600.4345 	EXP 	line_4: autoDraw = True
601.4341 	INFO 	Keyboard events cleared
601.4339 	EXP 	probe_2: autoDraw = True
603.6670 	EXP 	Device response: <KeyPress from None: t=603.6615291999769, value=c, duration=None>
603.6674 	EXP 	New trial (rep=10, index=36): <Trial 36 (36 in rep 10) data={'pos': np.int64(150), 'corr_resp': 'v', 'thisN': 36, 'thisTrialN': 36, 'thisRepN': 10}>
603.6688 	DATA 	Keypress: c
603.6833 	EXP 	fixation_2: autoDraw = False
603.6833 	EXP 	line_1: autoDraw = False
603.6833 	EXP 	line_2: autoDraw = False
603.6833 	EXP 	line_3: autoDraw = False
603.6833 	EXP 	line_4: autoDraw = False
603.6833 	EXP 	probe_2: autoDraw = False
603.6833 	EXP 	fixation_2: autoDraw = True
603.7675 	EXP 	Device response: <KeyPress from None: t=603.6615291999769, value=c, duration=0.09687080001458526>
604.6678 	EXP 	line_1: autoDraw = True
604.6678 	EXP 	line_2: autoDraw = True
604.6678 	EXP 	line_3: autoDraw = True
604.6678 	EXP 	line_4: autoDraw = True
604.6844 	EXP 	fixation_2: autoDraw = False
605.6678 	INFO 	Keyboard events cleared
605.6676 	EXP 	probe_2: autoDraw = True
606.6682 	EXP 	Device response: <KeyPress from None: t=606.664438799984, value=v, duration=None>
606.6686 	EXP 	New trial (rep=7, index=37): <Trial 37 (37 in rep 7) data={'pos': np.int64(-150), 'corr_resp': 'z', 'thisN': 37, 'thisTrialN': 37, 'thisRepN': 7}>
606.6701 	DATA 	Keypress: v
606.6833 	EXP 	fixation_2: autoDraw = False
606.6833 	EXP 	line_1: autoDraw = False
606.6833 	EXP 	line_2: autoDraw = False
606.6833 	EXP 	line_3: autoDraw = False
606.6833 	EXP 	line_4: autoDraw = False
606.6833 	EXP 	probe_2: autoDraw = False
606.6833 	EXP 	fixation_2: autoDraw = True
606.7340 	EXP 	Device response: <KeyPress from None: t=606.664438799984, value=v, duration=0.06651490001240745>
607.6843 	EXP 	fixation_2: autoDraw = False
607.6843 	EXP 	line_1: autoDraw = True
607.6843 	EXP 	line_2: autoDraw = True
607.6843 	EXP 	line_3: autoDraw = True
607.6843 	EXP 	line_4: autoDraw = True
608.6828 	INFO 	Keyboard events cleared
608.6826 	EXP 	probe_2: autoDraw = True
609.6849 	EXP 	Device response: <KeyPress from None: t=609.680950399983, value=z, duration=None>
609.6853 	EXP 	New trial (rep=11, index=38): <Trial 38 (38 in rep 11) data={'pos': np.int64(150), 'corr_resp': 'v', 'thisN': 38, 'thisTrialN': 38, 'thisRepN': 11}>
609.6868 	DATA 	Keypress: z
609.6994 	EXP 	fixation_2: autoDraw = False
609.6994 	EXP 	line_1: autoDraw = False
609.6994 	EXP 	line_2: autoDraw = False
609.6994 	EXP 	line_3: autoDraw = False
609.6994 	EXP 	line_4: autoDraw = False
609.6994 	EXP 	probe_2: autoDraw = False
609.6994 	EXP 	fixation_2: autoDraw = True
609.7833 	EXP 	Device response: <KeyPress from None: t=609.680950399983, value=z, duration=0.09208319999743253>
610.6843 	EXP 	line_1: autoDraw = True
610.6843 	EXP 	line_2: autoDraw = True
610.6843 	EXP 	line_3: autoDraw = True
610.6843 	EXP 	line_4: autoDraw = True
610.7013 	EXP 	fixation_2: autoDraw = False
611.6847 	INFO 	Keyboard events cleared
611.6845 	EXP 	probe_2: autoDraw = True
612.5209 	DATA 	Keypress: v
612.5342 	EXP 	Device response: <KeyPress from None: t=612.5190585999808, value=v, duration=None>
612.5345 	EXP 	New trial (rep=8, index=39): <Trial 39 (39 in rep 8) data={'pos': np.int64(-150), 'corr_resp': 'z', 'thisN': 39, 'thisTrialN': 39, 'thisRepN': 8}>
612.5510 	EXP 	fixation_2: autoDraw = False
612.5510 	EXP 	line_1: autoDraw = False
612.5510 	EXP 	line_2: autoDraw = False
612.5510 	EXP 	line_3: autoDraw = False
612.5510 	EXP 	line_4: autoDraw = False
612.5510 	EXP 	probe_2: autoDraw = False
612.5510 	EXP 	fixation_2: autoDraw = True
612.6008 	EXP 	Device response: <KeyPress from None: t=612.5190585999808, value=v, duration=0.07461229999898933>
613.5344 	EXP 	line_1: autoDraw = True
613.5344 	EXP 	line_2: autoDraw = True
613.5344 	EXP 	line_3: autoDraw = True
613.5344 	EXP 	line_4: autoDraw = True
613.5514 	EXP 	fixation_2: autoDraw = False
614.5341 	INFO 	Keyboard events cleared
614.5339 	EXP 	probe_2: autoDraw = True
615.5340 	EXP 	Device response: <KeyPress from None: t=615.5249389999954, value=z, duration=None>
615.5343 	EXP 	New trial (rep=7, index=40): <Trial 40 (40 in rep 7) data={'pos': np.int64(-50), 'corr_resp': 'x', 'thisN': 40, 'thisTrialN': 40, 'thisRepN': 7}>
615.5357 	DATA 	Keypress: z
615.5509 	EXP 	fixation_2: autoDraw = False
615.5509 	EXP 	line_1: autoDraw = False
615.5509 	EXP 	line_2: autoDraw = False
615.5509 	EXP 	line_3: autoDraw = False
615.5509 	EXP 	line_4: autoDraw = False
615.5509 	EXP 	probe_2: autoDraw = False
615.5509 	EXP 	fixation_2: autoDraw = True
615.6180 	EXP 	Device response: <KeyPress from None: t=615.5249389999954, value=z, duration=0.08665209999890067>
616.5346 	EXP 	line_1: autoDraw = True
616.5346 	EXP 	line_2: autoDraw = True
616.5346 	EXP 	line_3: autoDraw = True
616.5346 	EXP 	line_4: autoDraw = True
616.5511 	EXP 	fixation_2: autoDraw = False
617.5351 	INFO 	Keyboard events cleared
617.5349 	EXP 	probe_2: autoDraw = True
618.8508 	EXP 	Device response: <KeyPress from None: t=618.8399618999974, value=x, duration=None>
618.8513 	EXP 	New trial (rep=12, index=41): <Trial 41 (41 in rep 12) data={'pos': np.int64(50), 'corr_resp': 'c', 'thisN': 41, 'thisTrialN': 41, 'thisRepN': 12}>
618.8527 	DATA 	Keypress: x
618.8671 	EXP 	fixation_2: autoDraw = False
618.8671 	EXP 	line_1: autoDraw = False
618.8671 	EXP 	line_2: autoDraw = False
618.8671 	EXP 	line_3: autoDraw = False
618.8671 	EXP 	line_4: autoDraw = False
618.8671 	EXP 	probe_2: autoDraw = False
618.8671 	EXP 	fixation_2: autoDraw = True
618.9350 	EXP 	Device response: <KeyPress from None: t=618.8399618999974, value=x, duration=0.08430709998356178>
619.8511 	EXP 	line_1: autoDraw = True
619.8511 	EXP 	line_2: autoDraw = True
619.8511 	EXP 	line_3: autoDraw = True
619.8511 	EXP 	line_4: autoDraw = True
619.8673 	EXP 	fixation_2: autoDraw = False
620.8518 	INFO 	Keyboard events cleared
620.8516 	EXP 	probe_2: autoDraw = True
622.6176 	EXP 	Device response: <KeyPress from None: t=622.6089541999972, value=c, duration=None>
622.6180 	EXP 	New trial (rep=13, index=42): <Trial 42 (42 in rep 13) data={'pos': np.int64(50), 'corr_resp': 'c', 'thisN': 42, 'thisTrialN': 42, 'thisRepN': 13}>
622.6194 	DATA 	Keypress: c
622.6329 	EXP 	fixation_2: autoDraw = False
622.6329 	EXP 	line_1: autoDraw = False
622.6329 	EXP 	line_2: autoDraw = False
622.6329 	EXP 	line_3: autoDraw = False
622.6329 	EXP 	line_4: autoDraw = False
622.6329 	EXP 	probe_2: autoDraw = False
622.6329 	EXP 	fixation_2: autoDraw = True
622.7009 	EXP 	Device response: <KeyPress from None: t=622.6089541999972, value=c, duration=0.0835298000019975>
623.6173 	EXP 	line_1: autoDraw = True
623.6173 	EXP 	line_2: autoDraw = True
623.6173 	EXP 	line_3: autoDraw = True
623.6173 	EXP 	line_4: autoDraw = True
623.6347 	EXP 	fixation_2: autoDraw = False
624.6178 	INFO 	Keyboard events cleared
624.6175 	EXP 	probe_2: autoDraw = True
625.9001 	EXP 	Device response: <KeyPress from None: t=625.8985607999784, value=c, duration=None>
625.9006 	EXP 	New trial (rep=12, index=43): <Trial 43 (43 in rep 12) data={'pos': np.int64(150), 'corr_resp': 'v', 'thisN': 43, 'thisTrialN': 43, 'thisRepN': 12}>
625.9024 	DATA 	Keypress: c
625.9164 	EXP 	fixation_2: autoDraw = False
625.9164 	EXP 	line_1: autoDraw = False
625.9164 	EXP 	line_2: autoDraw = False
625.9164 	EXP 	line_3: autoDraw = False
625.9164 	EXP 	line_4: autoDraw = False
625.9164 	EXP 	probe_2: autoDraw = False
625.9164 	EXP 	fixation_2: autoDraw = True
625.9842 	EXP 	Device response: <KeyPress from None: t=625.8985607999784, value=c, duration=0.07064630000968464>
626.9014 	EXP 	line_1: autoDraw = True
626.9014 	EXP 	line_2: autoDraw = True
626.9014 	EXP 	line_3: autoDraw = True
626.9014 	EXP 	line_4: autoDraw = True
626.9184 	EXP 	fixation_2: autoDraw = False
627.9015 	INFO 	Keyboard events cleared
627.9013 	EXP 	probe_2: autoDraw = True
628.8010 	EXP 	Device response: <KeyPress from None: t=628.7992413999746, value=v, duration=None>
628.8013 	EXP 	New trial (rep=14, index=44): <Trial 44 (44 in rep 14) data={'pos': np.int64(50), 'corr_resp': 'c', 'thisN': 44, 'thisTrialN': 44, 'thisRepN': 14}>
628.8030 	DATA 	Keypress: v
628.8172 	EXP 	fixation_2: autoDraw = False
628.8172 	EXP 	line_1: autoDraw = False
628.8172 	EXP 	line_2: autoDraw = False
628.8172 	EXP 	line_3: autoDraw = False
628.8172 	EXP 	line_4: autoDraw = False
628.8172 	EXP 	probe_2: autoDraw = False
628.8172 	EXP 	fixation_2: autoDraw = True
628.8851 	EXP 	Device response: <KeyPress from None: t=628.7992413999746, value=v, duration=0.0773611000040546>
629.8006 	EXP 	line_1: autoDraw = True
629.8006 	EXP 	line_2: autoDraw = True
629.8006 	EXP 	line_3: autoDraw = True
629.8006 	EXP 	line_4: autoDraw = True
629.8181 	EXP 	fixation_2: autoDraw = False
630.8002 	INFO 	Keyboard events cleared
630.8000 	EXP 	probe_2: autoDraw = True
631.7845 	EXP 	Device response: <KeyPress from None: t=631.7814170999918, value=c, duration=None>
631.7849 	EXP 	New trial (rep=15, index=45): <Trial 45 (45 in rep 15) data={'pos': np.int64(50), 'corr_resp': 'c', 'thisN': 45, 'thisTrialN': 45, 'thisRepN': 15}>
631.7864 	DATA 	Keypress: c
631.8005 	EXP 	fixation_2: autoDraw = False
631.8005 	EXP 	line_1: autoDraw = False
631.8005 	EXP 	line_2: autoDraw = False
631.8005 	EXP 	line_3: autoDraw = False
631.8005 	EXP 	line_4: autoDraw = False
631.8005 	EXP 	probe_2: autoDraw = False
631.8005 	EXP 	fixation_2: autoDraw = True
631.8842 	EXP 	Device response: <KeyPress from None: t=631.7814170999918, value=c, duration=0.08591389999492094>
632.7843 	EXP 	line_1: autoDraw = True
632.7843 	EXP 	line_2: autoDraw = True
632.7843 	EXP 	line_3: autoDraw = True
632.7843 	EXP 	line_4: autoDraw = True
632.8014 	EXP 	fixation_2: autoDraw = False
633.7849 	INFO 	Keyboard events cleared
633.7847 	EXP 	probe_2: autoDraw = True
635.0014 	EXP 	Device response: <KeyPress from None: t=634.9940681999724, value=c, duration=None>
635.0020 	EXP 	New trial (rep=16, index=46): <Trial 46 (46 in rep 16) data={'pos': np.int64(50), 'corr_resp': 'c', 'thisN': 46, 'thisTrialN': 46, 'thisRepN': 16}>
635.0037 	DATA 	Keypress: c
635.0169 	EXP 	fixation_2: autoDraw = False
635.0169 	EXP 	line_1: autoDraw = False
635.0169 	EXP 	line_2: autoDraw = False
635.0169 	EXP 	line_3: autoDraw = False
635.0169 	EXP 	line_4: autoDraw = False
635.0169 	EXP 	probe_2: autoDraw = False
635.0169 	EXP 	fixation_2: autoDraw = True
635.0676 	EXP 	Device response: <KeyPress from None: t=634.9940681999724, value=c, duration=0.07120560001931153>
636.0006 	EXP 	line_1: autoDraw = True
636.0006 	EXP 	line_2: autoDraw = True
636.0006 	EXP 	line_3: autoDraw = True
636.0006 	EXP 	line_4: autoDraw = True
636.0179 	EXP 	fixation_2: autoDraw = False
637.0011 	INFO 	Keyboard events cleared
637.0009 	EXP 	probe_2: autoDraw = True
638.0189 	DATA 	Keypress: c
638.0336 	EXP 	Device response: <KeyPress from None: t=638.0178320999839, value=c, duration=None>
638.0341 	EXP 	New trial (rep=9, index=47): <Trial 47 (47 in rep 9) data={'pos': np.int64(-150), 'corr_resp': 'z', 'thisN': 47, 'thisTrialN': 47, 'thisRepN': 9}>
638.0507 	EXP 	fixation_2: autoDraw = False
638.0507 	EXP 	line_1: autoDraw = False
638.0507 	EXP 	line_2: autoDraw = False
638.0507 	EXP 	line_3: autoDraw = False
638.0507 	EXP 	line_4: autoDraw = False
638.0507 	EXP 	probe_2: autoDraw = False
638.0507 	EXP 	fixation_2: autoDraw = True
638.1179 	EXP 	Device response: <KeyPress from None: t=638.0178320999839, value=c, duration=0.09643340000184253>
639.0336 	EXP 	line_1: autoDraw = True
639.0336 	EXP 	line_2: autoDraw = True
639.0336 	EXP 	line_3: autoDraw = True
639.0336 	EXP 	line_4: autoDraw = True
639.0512 	EXP 	fixation_2: autoDraw = False
640.0348 	INFO 	Keyboard events cleared
640.0346 	EXP 	probe_2: autoDraw = True
641.6853 	EXP 	Device response: <KeyPress from None: t=641.6767659999896, value=z, duration=None>
641.6857 	EXP 	New trial (rep=17, index=48): <Trial 48 (48 in rep 17) data={'pos': np.int64(50), 'corr_resp': 'c', 'thisN': 48, 'thisTrialN': 48, 'thisRepN': 17}>
641.6875 	DATA 	Keypress: z
641.7004 	EXP 	fixation_2: autoDraw = False
641.7004 	EXP 	line_1: autoDraw = False
641.7004 	EXP 	line_2: autoDraw = False
641.7004 	EXP 	line_3: autoDraw = False
641.7004 	EXP 	line_4: autoDraw = False
641.7004 	EXP 	probe_2: autoDraw = False
641.7004 	EXP 	fixation_2: autoDraw = True
641.7846 	EXP 	Device response: <KeyPress from None: t=641.6767659999896, value=z, duration=0.09288569999625906>
642.7014 	EXP 	fixation_2: autoDraw = False
642.7014 	EXP 	line_1: autoDraw = True
642.7014 	EXP 	line_2: autoDraw = True
642.7014 	EXP 	line_3: autoDraw = True
642.7014 	EXP 	line_4: autoDraw = True
643.6848 	INFO 	Keyboard events cleared
643.6846 	EXP 	probe_2: autoDraw = True
645.1018 	EXP 	Device response: <KeyPress from None: t=645.0995953999809, value=c, duration=None>
645.1022 	EXP 	New trial (rep=8, index=49): <Trial 49 (49 in rep 8) data={'pos': np.int64(-50), 'corr_resp': 'x', 'thisN': 49, 'thisTrialN': 49, 'thisRepN': 8}>
645.1035 	DATA 	Keypress: c
645.1172 	EXP 	fixation_2: autoDraw = False
645.1172 	EXP 	line_1: autoDraw = False
645.1172 	EXP 	line_2: autoDraw = False
645.1172 	EXP 	line_3: autoDraw = False
645.1172 	EXP 	line_4: autoDraw = False
645.1172 	EXP 	probe_2: autoDraw = False
645.1172 	EXP 	fixation_2: autoDraw = True
645.2019 	EXP 	Device response: <KeyPress from None: t=645.0995953999809, value=c, duration=0.0904519000032451>
646.0998 	EXP 	line_1: autoDraw = True
646.0998 	EXP 	line_2: autoDraw = True
646.0998 	EXP 	line_3: autoDraw = True
646.0998 	EXP 	line_4: autoDraw = True
646.1183 	EXP 	fixation_2: autoDraw = False
647.1188 	INFO 	Keyboard events cleared
647.1186 	EXP 	probe_2: autoDraw = True
648.1352 	EXP 	Device response: <KeyPress from None: t=648.1243614999985, value=x, duration=None>
648.1357 	EXP 	New trial (rep=18, index=50): <Trial 50 (50 in rep 18) data={'pos': np.int64(50), 'corr_resp': 'c', 'thisN': 50, 'thisTrialN': 50, 'thisRepN': 18}>
648.1373 	DATA 	Keypress: x
648.1506 	EXP 	fixation_2: autoDraw = False
648.1506 	EXP 	line_1: autoDraw = False
648.1506 	EXP 	line_2: autoDraw = False
648.1506 	EXP 	line_3: autoDraw = False
648.1506 	EXP 	line_4: autoDraw = False
648.1506 	EXP 	probe_2: autoDraw = False
648.1506 	EXP 	fixation_2: autoDraw = True
648.2343 	EXP 	Device response: <KeyPress from None: t=648.1243614999985, value=x, duration=0.10741959998267703>
649.1350 	EXP 	line_1: autoDraw = True
649.1350 	EXP 	line_2: autoDraw = True
649.1350 	EXP 	line_3: autoDraw = True
649.1350 	EXP 	line_4: autoDraw = True
649.1518 	EXP 	fixation_2: autoDraw = False
650.1354 	INFO 	Keyboard events cleared
650.1352 	EXP 	probe_2: autoDraw = True
652.9690 	EXP 	Device response: <KeyPress from None: t=652.958586599998, value=c, duration=None>
652.9694 	EXP 	New trial (rep=10, index=51): <Trial 51 (51 in rep 10) data={'pos': np.int64(-150), 'corr_resp': 'z', 'thisN': 51, 'thisTrialN': 51, 'thisRepN': 10}>
652.9708 	DATA 	Keypress: c
652.9841 	EXP 	fixation_2: autoDraw = False
652.9841 	EXP 	line_1: autoDraw = False
652.9841 	EXP 	line_2: autoDraw = False
652.9841 	EXP 	line_3: autoDraw = False
652.9841 	EXP 	line_4: autoDraw = False
652.9841 	EXP 	probe_2: autoDraw = False
652.9841 	EXP 	fixation_2: autoDraw = True
653.0341 	EXP 	Device response: <KeyPress from None: t=652.958586599998, value=c, duration=0.07037839997792616>
653.9683 	EXP 	line_1: autoDraw = True
653.9683 	EXP 	line_2: autoDraw = True
653.9683 	EXP 	line_3: autoDraw = True
653.9683 	EXP 	line_4: autoDraw = True
653.9850 	EXP 	fixation_2: autoDraw = False
654.9686 	INFO 	Keyboard events cleared
654.9684 	EXP 	probe_2: autoDraw = True
655.8522 	EXP 	Device response: <KeyPress from None: t=655.8472770999942, value=z, duration=None>
655.8527 	EXP 	New trial (rep=13, index=52): <Trial 52 (52 in rep 13) data={'pos': np.int64(150), 'corr_resp': 'v', 'thisN': 52, 'thisTrialN': 52, 'thisRepN': 13}>
655.8544 	DATA 	Keypress: z
655.8670 	EXP 	fixation_2: autoDraw = False
655.8670 	EXP 	line_1: autoDraw = False
655.8670 	EXP 	line_2: autoDraw = False
655.8670 	EXP 	line_3: autoDraw = False
655.8670 	EXP 	line_4: autoDraw = False
655.8670 	EXP 	probe_2: autoDraw = False
655.8670 	EXP 	fixation_2: autoDraw = True
655.9515 	EXP 	Device response: <KeyPress from None: t=655.8472770999942, value=z, duration=0.10327639998286031>
656.8504 	EXP 	line_1: autoDraw = True
656.8504 	EXP 	line_2: autoDraw = True
656.8504 	EXP 	line_3: autoDraw = True
656.8504 	EXP 	line_4: autoDraw = True
656.8687 	EXP 	fixation_2: autoDraw = False
657.8523 	INFO 	Keyboard events cleared
657.8521 	EXP 	probe_2: autoDraw = True
659.0841 	EXP 	Device response: <KeyPress from None: t=659.0717692999751, value=v, duration=None>
659.0846 	EXP 	New trial (rep=11, index=53): <Trial 53 (53 in rep 11) data={'pos': np.int64(-150), 'corr_resp': 'z', 'thisN': 53, 'thisTrialN': 53, 'thisRepN': 11}>
659.0860 	DATA 	Keypress: v
659.1020 	EXP 	fixation_2: autoDraw = False
659.1020 	EXP 	line_1: autoDraw = False
659.1020 	EXP 	line_2: autoDraw = False
659.1020 	EXP 	line_3: autoDraw = False
659.1020 	EXP 	line_4: autoDraw = False
659.1020 	EXP 	probe_2: autoDraw = False
659.1020 	EXP 	fixation_2: autoDraw = True
659.1683 	EXP 	Device response: <KeyPress from None: t=659.0717692999751, value=v, duration=0.08999380000750534>
660.0848 	EXP 	line_1: autoDraw = True
660.0848 	EXP 	line_2: autoDraw = True
660.0848 	EXP 	line_3: autoDraw = True
660.0848 	EXP 	line_4: autoDraw = True
660.1000 	EXP 	fixation_2: autoDraw = False
661.0855 	INFO 	Keyboard events cleared
661.0853 	EXP 	probe_2: autoDraw = True
661.9850 	EXP 	Device response: <KeyPress from None: t=661.9778923999984, value=z, duration=None>
661.9854 	EXP 	New trial (rep=19, index=54): <Trial 54 (54 in rep 19) data={'pos': np.int64(50), 'corr_resp': 'c', 'thisN': 54, 'thisTrialN': 54, 'thisRepN': 19}>
661.9867 	DATA 	Keypress: z
662.0012 	EXP 	fixation_2: autoDraw = False
662.0012 	EXP 	line_1: autoDraw = False
662.0012 	EXP 	line_2: autoDraw = False
662.0012 	EXP 	line_3: autoDraw = False
662.0012 	EXP 	line_4: autoDraw = False
662.0012 	EXP 	probe_2: autoDraw = False
662.0012 	EXP 	fixation_2: autoDraw = True
662.0679 	EXP 	Device response: <KeyPress from None: t=661.9778923999984, value=z, duration=0.07524219999322668>
662.9857 	EXP 	line_1: autoDraw = True
662.9857 	EXP 	line_2: autoDraw = True
662.9857 	EXP 	line_3: autoDraw = True
662.9857 	EXP 	line_4: autoDraw = True
663.0018 	EXP 	fixation_2: autoDraw = False
664.0010 	INFO 	Keyboard events cleared
664.0008 	EXP 	probe_2: autoDraw = True
665.1521 	EXP 	Device response: <KeyPress from None: t=665.1443222999806, value=c, duration=None>
665.1525 	EXP 	New trial (rep=9, index=55): <Trial 55 (55 in rep 9) data={'pos': np.int64(-50), 'corr_resp': 'x', 'thisN': 55, 'thisTrialN': 55, 'thisRepN': 9}>
665.1539 	DATA 	Keypress: c
665.1676 	EXP 	fixation_2: autoDraw = False
665.1676 	EXP 	line_1: autoDraw = False
665.1676 	EXP 	line_2: autoDraw = False
665.1676 	EXP 	line_3: autoDraw = False
665.1676 	EXP 	line_4: autoDraw = False
665.1676 	EXP 	probe_2: autoDraw = False
665.1676 	EXP 	fixation_2: autoDraw = True
665.2342 	EXP 	Device response: <KeyPress from None: t=665.1443222999806, value=c, duration=0.0779884000075981>
666.1687 	EXP 	fixation_2: autoDraw = False
666.1687 	EXP 	line_1: autoDraw = True
666.1687 	EXP 	line_2: autoDraw = True
666.1687 	EXP 	line_3: autoDraw = True
666.1687 	EXP 	line_4: autoDraw = True
667.1688 	INFO 	Keyboard events cleared
667.1686 	EXP 	probe_2: autoDraw = True
667.9850 	EXP 	Device response: <KeyPress from None: t=667.9765550000011, value=x, duration=None>
667.9854 	EXP 	New trial (rep=12, index=56): <Trial 56 (56 in rep 12) data={'pos': np.int64(-150), 'corr_resp': 'z', 'thisN': 56, 'thisTrialN': 56, 'thisRepN': 12}>
667.9867 	DATA 	Keypress: x
668.0005 	EXP 	fixation_2: autoDraw = False
668.0005 	EXP 	line_1: autoDraw = False
668.0005 	EXP 	line_2: autoDraw = False
668.0005 	EXP 	line_3: autoDraw = False
668.0005 	EXP 	line_4: autoDraw = False
668.0005 	EXP 	probe_2: autoDraw = False
668.0005 	EXP 	fixation_2: autoDraw = True
668.0856 	EXP 	Device response: <KeyPress from None: t=667.9765550000011, value=x, duration=0.10012479999568313>
668.9848 	EXP 	line_1: autoDraw = True
668.9848 	EXP 	line_2: autoDraw = True
668.9848 	EXP 	line_3: autoDraw = True
668.9848 	EXP 	line_4: autoDraw = True
669.0020 	EXP 	fixation_2: autoDraw = False
669.9856 	INFO 	Keyboard events cleared
669.9854 	EXP 	probe_2: autoDraw = True
671.3032 	DATA 	Keypress: z
671.3174 	EXP 	Device response: <KeyPress from None: t=671.301449999999, value=z, duration=None>
671.3179 	EXP 	New trial (rep=13, index=57): <Trial 57 (57 in rep 13) data={'pos': np.int64(-150), 'corr_resp': 'z', 'thisN': 57, 'thisTrialN': 57, 'thisRepN': 13}>
671.3351 	EXP 	fixation_2: autoDraw = False
671.3351 	EXP 	line_1: autoDraw = False
671.3351 	EXP 	line_2: autoDraw = False
671.3351 	EXP 	line_3: autoDraw = False
671.3351 	EXP 	line_4: autoDraw = False
671.3351 	EXP 	probe_2: autoDraw = False
671.3351 	EXP 	fixation_2: autoDraw = True
671.4187 	EXP 	Device response: <KeyPress from None: t=671.301449999999, value=z, duration=0.10559059999650344>
672.3187 	EXP 	line_1: autoDraw = True
672.3187 	EXP 	line_2: autoDraw = True
672.3187 	EXP 	line_3: autoDraw = True
672.3187 	EXP 	line_4: autoDraw = True
672.3353 	EXP 	fixation_2: autoDraw = False
673.3191 	INFO 	Keyboard events cleared
673.3189 	EXP 	probe_2: autoDraw = True
674.6018 	EXP 	Device response: <KeyPress from None: t=674.5998628999805, value=z, duration=None>
674.6021 	EXP 	New trial (rep=10, index=58): <Trial 58 (58 in rep 10) data={'pos': np.int64(-50), 'corr_resp': 'x', 'thisN': 58, 'thisTrialN': 58, 'thisRepN': 10}>
674.6035 	DATA 	Keypress: z
674.6176 	EXP 	fixation_2: autoDraw = False
674.6176 	EXP 	line_1: autoDraw = False
674.6176 	EXP 	line_2: autoDraw = False
674.6176 	EXP 	line_3: autoDraw = False
674.6176 	EXP 	line_4: autoDraw = False
674.6176 	EXP 	probe_2: autoDraw = False
674.6176 	EXP 	fixation_2: autoDraw = True
674.7020 	EXP 	Device response: <KeyPress from None: t=674.5998628999805, value=z, duration=0.10112959999241866>
675.6021 	EXP 	line_1: autoDraw = True
675.6021 	EXP 	line_2: autoDraw = True
675.6021 	EXP 	line_3: autoDraw = True
675.6021 	EXP 	line_4: autoDraw = True
675.6191 	EXP 	fixation_2: autoDraw = False
676.6022 	INFO 	Keyboard events cleared
676.6020 	EXP 	probe_2: autoDraw = True
678.3860 	EXP 	Device response: <KeyPress from None: t=678.3792504000012, value=x, duration=None>
678.3863 	EXP 	New trial (rep=20, index=59): <Trial 59 (59 in rep 20) data={'pos': np.int64(50), 'corr_resp': 'c', 'thisN': 59, 'thisTrialN': 59, 'thisRepN': 20}>
678.3884 	DATA 	Keypress: x
678.4005 	EXP 	fixation_2: autoDraw = False
678.4005 	EXP 	line_1: autoDraw = False
678.4005 	EXP 	line_2: autoDraw = False
678.4005 	EXP 	line_3: autoDraw = False
678.4005 	EXP 	line_4: autoDraw = False
678.4005 	EXP 	probe_2: autoDraw = False
678.4005 	EXP 	fixation_2: autoDraw = True
678.4850 	EXP 	Device response: <KeyPress from None: t=678.3792504000012, value=x, duration=0.10170599998673424>
679.3852 	EXP 	line_1: autoDraw = True
679.3852 	EXP 	line_2: autoDraw = True
679.3852 	EXP 	line_3: autoDraw = True
679.3852 	EXP 	line_4: autoDraw = True
679.4019 	EXP 	fixation_2: autoDraw = False
680.3857 	INFO 	Keyboard events cleared
680.3855 	EXP 	probe_2: autoDraw = True
681.4017 	EXP 	Device response: <KeyPress from None: t=681.3877985999861, value=c, duration=None>
681.4021 	EXP 	New trial (rep=14, index=60): <Trial 60 (60 in rep 14) data={'pos': np.int64(150), 'corr_resp': 'v', 'thisN': 60, 'thisTrialN': 60, 'thisRepN': 14}>
681.4035 	DATA 	Keypress: c
681.4171 	EXP 	fixation_2: autoDraw = False
681.4171 	EXP 	line_1: autoDraw = False
681.4171 	EXP 	line_2: autoDraw = False
681.4171 	EXP 	line_3: autoDraw = False
681.4171 	EXP 	line_4: autoDraw = False
681.4171 	EXP 	probe_2: autoDraw = False
681.4171 	EXP 	fixation_2: autoDraw = True
681.5018 	EXP 	Device response: <KeyPress from None: t=681.3877985999861, value=c, duration=0.10540289999335073>
682.4022 	EXP 	line_1: autoDraw = True
682.4022 	EXP 	line_2: autoDraw = True
682.4022 	EXP 	line_3: autoDraw = True
682.4022 	EXP 	line_4: autoDraw = True
682.4187 	EXP 	fixation_2: autoDraw = False
683.4019 	INFO 	Keyboard events cleared
683.4017 	EXP 	probe_2: autoDraw = True
684.4693 	EXP 	Device response: <KeyPress from None: t=684.4586191999842, value=v, duration=None>
684.4697 	EXP 	New trial (rep=15, index=61): <Trial 61 (61 in rep 15) data={'pos': np.int64(150), 'corr_resp': 'v', 'thisN': 61, 'thisTrialN': 61, 'thisRepN': 15}>
684.4711 	DATA 	Keypress: v
684.4842 	EXP 	fixation_2: autoDraw = False
684.4842 	EXP 	line_1: autoDraw = False
684.4842 	EXP 	line_2: autoDraw = False
684.4842 	EXP 	line_3: autoDraw = False
684.4842 	EXP 	line_4: autoDraw = False
684.4842 	EXP 	probe_2: autoDraw = False
684.4842 	EXP 	fixation_2: autoDraw = True
684.5520 	EXP 	Device response: <KeyPress from None: t=684.4586191999842, value=v, duration=0.08112779998918995>
685.4687 	EXP 	line_1: autoDraw = True
685.4687 	EXP 	line_2: autoDraw = True
685.4687 	EXP 	line_3: autoDraw = True
685.4687 	EXP 	line_4: autoDraw = True
685.4854 	EXP 	fixation_2: autoDraw = False
686.4679 	INFO 	Keyboard events cleared
686.4677 	EXP 	probe_2: autoDraw = True
687.7847 	EXP 	Device response: <KeyPress from None: t=687.7735941999999, value=v, duration=None>
687.7851 	EXP 	New trial (rep=11, index=62): <Trial 62 (62 in rep 11) data={'pos': np.int64(-50), 'corr_resp': 'x', 'thisN': 62, 'thisTrialN': 62, 'thisRepN': 11}>
687.7865 	DATA 	Keypress: v
687.8020 	EXP 	fixation_2: autoDraw = False
687.8020 	EXP 	line_1: autoDraw = False
687.8020 	EXP 	line_2: autoDraw = False
687.8020 	EXP 	line_3: autoDraw = False
687.8020 	EXP 	line_4: autoDraw = False
687.8020 	EXP 	probe_2: autoDraw = False
687.8020 	EXP 	fixation_2: autoDraw = True
687.8695 	EXP 	Device response: <KeyPress from None: t=687.7735941999999, value=v, duration=0.0921700999897439>
688.7852 	EXP 	line_1: autoDraw = True
688.7852 	EXP 	line_2: autoDraw = True
688.7852 	EXP 	line_3: autoDraw = True
688.7852 	EXP 	line_4: autoDraw = True
688.8025 	EXP 	fixation_2: autoDraw = False
689.7862 	INFO 	Keyboard events cleared
689.7860 	EXP 	probe_2: autoDraw = True
691.8031 	EXP 	Device response: <KeyPress from None: t=691.7955692999822, value=x, duration=None>
691.8036 	EXP 	New trial (rep=16, index=63): <Trial 63 (63 in rep 16) data={'pos': np.int64(150), 'corr_resp': 'v', 'thisN': 63, 'thisTrialN': 63, 'thisRepN': 16}>
691.8053 	DATA 	Keypress: x
691.8178 	EXP 	fixation_2: autoDraw = False
691.8178 	EXP 	line_1: autoDraw = False
691.8178 	EXP 	line_2: autoDraw = False
691.8178 	EXP 	line_3: autoDraw = False
691.8178 	EXP 	line_4: autoDraw = False
691.8178 	EXP 	probe_2: autoDraw = False
691.8178 	EXP 	fixation_2: autoDraw = True
691.9011 	EXP 	Device response: <KeyPress from None: t=691.7955692999822, value=x, duration=0.09060260001569986>
692.8023 	EXP 	line_1: autoDraw = True
692.8023 	EXP 	line_2: autoDraw = True
692.8023 	EXP 	line_3: autoDraw = True
692.8023 	EXP 	line_4: autoDraw = True
692.8191 	EXP 	fixation_2: autoDraw = False
693.8195 	INFO 	Keyboard events cleared
693.8193 	EXP 	probe_2: autoDraw = True
695.1020 	EXP 	Device response: <KeyPress from None: t=695.0990633999754, value=v, duration=None>
695.1023 	EXP 	New trial (rep=14, index=64): <Trial 64 (64 in rep 14) data={'pos': np.int64(-150), 'corr_resp': 'z', 'thisN': 64, 'thisTrialN': 64, 'thisRepN': 14}>
695.1037 	DATA 	Keypress: v
695.1180 	EXP 	fixation_2: autoDraw = False
695.1180 	EXP 	line_1: autoDraw = False
695.1180 	EXP 	line_2: autoDraw = False
695.1180 	EXP 	line_3: autoDraw = False
695.1180 	EXP 	line_4: autoDraw = False
695.1180 	EXP 	probe_2: autoDraw = False
695.1180 	EXP 	fixation_2: autoDraw = True
695.1865 	EXP 	Device response: <KeyPress from None: t=695.0990633999754, value=v, duration=0.0721557000069879>
696.1020 	EXP 	line_1: autoDraw = True
696.1020 	EXP 	line_2: autoDraw = True
696.1020 	EXP 	line_3: autoDraw = True
696.1020 	EXP 	line_4: autoDraw = True
696.1186 	EXP 	fixation_2: autoDraw = False
697.1027 	INFO 	Keyboard events cleared
697.1025 	EXP 	probe_2: autoDraw = True
698.4881 	DATA 	Keypress: z
698.5022 	EXP 	Device response: <KeyPress from None: t=698.4870956999948, value=z, duration=None>
698.5027 	EXP 	New trial (rep=21, index=65): <Trial 65 (65 in rep 21) data={'pos': np.int64(50), 'corr_resp': 'c', 'thisN': 65, 'thisTrialN': 65, 'thisRepN': 21}>
698.5174 	EXP 	fixation_2: autoDraw = False
698.5174 	EXP 	line_1: autoDraw = False
698.5174 	EXP 	line_2: autoDraw = False
698.5174 	EXP 	line_3: autoDraw = False
698.5174 	EXP 	line_4: autoDraw = False
698.5174 	EXP 	probe_2: autoDraw = False
698.5174 	EXP 	fixation_2: autoDraw = True
698.6016 	EXP 	Device response: <KeyPress from None: t=698.4870956999948, value=z, duration=0.1033365000039339>
699.5017 	EXP 	line_1: autoDraw = True
699.5017 	EXP 	line_2: autoDraw = True
699.5017 	EXP 	line_3: autoDraw = True
699.5017 	EXP 	line_4: autoDraw = True
699.5186 	EXP 	fixation_2: autoDraw = False
700.5028 	INFO 	Keyboard events cleared
700.5026 	EXP 	probe_2: autoDraw = True
702.0858 	EXP 	Device response: <KeyPress from None: t=702.0830956999853, value=c, duration=None>
702.0862 	EXP 	New trial (rep=15, index=66): <Trial 66 (66 in rep 15) data={'pos': np.int64(-150), 'corr_resp': 'z', 'thisN': 66, 'thisTrialN': 66, 'thisRepN': 15}>
702.0877 	DATA 	Keypress: c
702.1011 	EXP 	fixation_2: autoDraw = False
702.1011 	EXP 	line_1: autoDraw = False
702.1011 	EXP 	line_2: autoDraw = False
702.1011 	EXP 	line_3: autoDraw = False
702.1011 	EXP 	line_4: autoDraw = False
702.1011 	EXP 	probe_2: autoDraw = False
702.1011 	EXP 	fixation_2: autoDraw = True
702.1749 	EXP 	Device response: <KeyPress from None: t=702.0830956999853, value=c, duration=0.0760188999993261>
703.0850 	EXP 	line_1: autoDraw = True
703.0850 	EXP 	line_2: autoDraw = True
703.0850 	EXP 	line_3: autoDraw = True
703.0850 	EXP 	line_4: autoDraw = True
703.1016 	EXP 	fixation_2: autoDraw = False
704.1016 	INFO 	Keyboard events cleared
704.1014 	EXP 	probe_2: autoDraw = True
704.8853 	EXP 	Device response: <KeyPress from None: t=704.8736779999745, value=z, duration=None>
704.8856 	EXP 	New trial (rep=12, index=67): <Trial 67 (67 in rep 12) data={'pos': np.int64(-50), 'corr_resp': 'x', 'thisN': 67, 'thisTrialN': 67, 'thisRepN': 12}>
704.8866 	DATA 	Keypress: z
704.9010 	EXP 	fixation_2: autoDraw = False
704.9010 	EXP 	line_1: autoDraw = False
704.9010 	EXP 	line_2: autoDraw = False
704.9010 	EXP 	line_3: autoDraw = False
704.9010 	EXP 	line_4: autoDraw = False
704.9010 	EXP 	probe_2: autoDraw = False
704.9010 	EXP 	fixation_2: autoDraw = True
704.9852 	EXP 	Device response: <KeyPress from None: t=704.8736779999745, value=z, duration=0.10158270000829361>
705.8863 	EXP 	line_1: autoDraw = True
705.8863 	EXP 	line_2: autoDraw = True
705.8863 	EXP 	line_3: autoDraw = True
705.8863 	EXP 	line_4: autoDraw = True
705.9025 	EXP 	fixation_2: autoDraw = False
706.8864 	INFO 	Keyboard events cleared
706.8862 	EXP 	probe_2: autoDraw = True
707.7513 	EXP 	Device response: <KeyPress from None: t=707.746299099992, value=x, duration=None>
707.7518 	EXP 	New trial (rep=17, index=68): <Trial 68 (68 in rep 17) data={'pos': np.int64(150), 'corr_resp': 'v', 'thisN': 68, 'thisTrialN': 68, 'thisRepN': 17}>
707.7531 	DATA 	Keypress: x
707.7690 	EXP 	fixation_2: autoDraw = False
707.7690 	EXP 	line_1: autoDraw = False
707.7690 	EXP 	line_2: autoDraw = False
707.7690 	EXP 	line_3: autoDraw = False
707.7690 	EXP 	line_4: autoDraw = False
707.7690 	EXP 	probe_2: autoDraw = False
707.7690 	EXP 	fixation_2: autoDraw = True
707.8519 	EXP 	Device response: <KeyPress from None: t=707.746299099992, value=x, duration=0.10063430000445805>
708.7521 	EXP 	line_1: autoDraw = True
708.7521 	EXP 	line_2: autoDraw = True
708.7521 	EXP 	line_3: autoDraw = True
708.7521 	EXP 	line_4: autoDraw = True
708.7690 	EXP 	fixation_2: autoDraw = False
709.7524 	INFO 	Keyboard events cleared
709.7522 	EXP 	probe_2: autoDraw = True
710.7867 	EXP 	Device response: <KeyPress from None: t=710.7828126999957, value=v, duration=None>
710.7872 	EXP 	New trial (rep=16, index=69): <Trial 69 (69 in rep 16) data={'pos': np.int64(-150), 'corr_resp': 'z', 'thisN': 69, 'thisTrialN': 69, 'thisRepN': 16}>
710.7886 	DATA 	Keypress: v
710.8012 	EXP 	fixation_2: autoDraw = False
710.8012 	EXP 	line_1: autoDraw = False
710.8012 	EXP 	line_2: autoDraw = False
710.8012 	EXP 	line_3: autoDraw = False
710.8012 	EXP 	line_4: autoDraw = False
710.8012 	EXP 	probe_2: autoDraw = False
710.8012 	EXP 	fixation_2: autoDraw = True
710.9036 	EXP 	Device response: <KeyPress from None: t=710.7828126999957, value=v, duration=0.10805640000035055>
711.8027 	EXP 	fixation_2: autoDraw = False
711.8027 	EXP 	line_1: autoDraw = True
711.8027 	EXP 	line_2: autoDraw = True
711.8027 	EXP 	line_3: autoDraw = True
711.8027 	EXP 	line_4: autoDraw = True
712.8030 	INFO 	Keyboard events cleared
712.8028 	EXP 	probe_2: autoDraw = True
713.5700 	EXP 	Device response: <KeyPress from None: t=713.5626795999997, value=z, duration=None>
713.5705 	EXP 	New trial (rep=13, index=70): <Trial 70 (70 in rep 13) data={'pos': np.int64(-50), 'corr_resp': 'x', 'thisN': 70, 'thisTrialN': 70, 'thisRepN': 13}>
713.5721 	DATA 	Keypress: z
713.5843 	EXP 	fixation_2: autoDraw = False
713.5843 	EXP 	line_1: autoDraw = False
713.5843 	EXP 	line_2: autoDraw = False
713.5843 	EXP 	line_3: autoDraw = False
713.5843 	EXP 	line_4: autoDraw = False
713.5843 	EXP 	probe_2: autoDraw = False
713.5843 	EXP 	fixation_2: autoDraw = True
713.6868 	EXP 	Device response: <KeyPress from None: t=713.5626795999997, value=z, duration=0.11676699999952689>
714.5697 	EXP 	line_1: autoDraw = True
714.5697 	EXP 	line_2: autoDraw = True
714.5697 	EXP 	line_3: autoDraw = True
714.5697 	EXP 	line_4: autoDraw = True
714.5859 	EXP 	fixation_2: autoDraw = False
715.5698 	INFO 	Keyboard events cleared
715.5696 	EXP 	probe_2: autoDraw = True
716.3018 	EXP 	Device response: <KeyPress from None: t=716.2984665999829, value=x, duration=None>
716.3023 	EXP 	New trial (rep=17, index=71): <Trial 71 (71 in rep 17) data={'pos': np.int64(-150), 'corr_resp': 'z', 'thisN': 71, 'thisTrialN': 71, 'thisRepN': 17}>
716.3039 	DATA 	Keypress: x
716.3186 	EXP 	fixation_2: autoDraw = False
716.3186 	EXP 	line_1: autoDraw = False
716.3186 	EXP 	line_2: autoDraw = False
716.3186 	EXP 	line_3: autoDraw = False
716.3186 	EXP 	line_4: autoDraw = False
716.3186 	EXP 	probe_2: autoDraw = False
716.3186 	EXP 	fixation_2: autoDraw = True
716.4197 	EXP 	Device response: <KeyPress from None: t=716.2984665999829, value=x, duration=0.11828719999175519>
717.3028 	EXP 	line_1: autoDraw = True
717.3028 	EXP 	line_2: autoDraw = True
717.3028 	EXP 	line_3: autoDraw = True
717.3028 	EXP 	line_4: autoDraw = True
717.3197 	EXP 	fixation_2: autoDraw = False
718.3030 	INFO 	Keyboard events cleared
718.3027 	EXP 	probe_2: autoDraw = True
719.0865 	EXP 	Device response: <KeyPress from None: t=719.0791421999747, value=z, duration=None>
719.0871 	EXP 	New trial (rep=22, index=72): <Trial 72 (72 in rep 22) data={'pos': np.int64(50), 'corr_resp': 'c', 'thisN': 72, 'thisTrialN': 72, 'thisRepN': 22}>
719.0889 	DATA 	Keypress: z
719.1010 	EXP 	fixation_2: autoDraw = False
719.1010 	EXP 	line_1: autoDraw = False
719.1010 	EXP 	line_2: autoDraw = False
719.1010 	EXP 	line_3: autoDraw = False
719.1010 	EXP 	line_4: autoDraw = False
719.1010 	EXP 	probe_2: autoDraw = False
719.1010 	EXP 	fixation_2: autoDraw = True
719.2198 	EXP 	Device response: <KeyPress from None: t=719.0791421999747, value=z, duration=0.12891190001391806>
720.1030 	EXP 	fixation_2: autoDraw = False
720.1030 	EXP 	line_1: autoDraw = True
720.1030 	EXP 	line_2: autoDraw = True
720.1030 	EXP 	line_3: autoDraw = True
720.1030 	EXP 	line_4: autoDraw = True
721.0863 	INFO 	Keyboard events cleared
721.0861 	EXP 	probe_2: autoDraw = True
722.0710 	DATA 	Keypress: c
722.0855 	EXP 	Device response: <KeyPress from None: t=722.0703684999899, value=c, duration=None>
722.0859 	EXP 	New trial (rep=18, index=73): <Trial 73 (73 in rep 18) data={'pos': np.int64(-150), 'corr_resp': 'z', 'thisN': 73, 'thisTrialN': 73, 'thisRepN': 18}>
722.1010 	EXP 	fixation_2: autoDraw = False
722.1010 	EXP 	line_1: autoDraw = False
722.1010 	EXP 	line_2: autoDraw = False
722.1010 	EXP 	line_3: autoDraw = False
722.1010 	EXP 	line_4: autoDraw = False
722.1010 	EXP 	probe_2: autoDraw = False
722.1010 	EXP 	fixation_2: autoDraw = True
722.2033 	EXP 	Device response: <KeyPress from None: t=722.0703684999899, value=c, duration=0.11766230000648648>
723.0853 	EXP 	line_1: autoDraw = True
723.0853 	EXP 	line_2: autoDraw = True
723.0853 	EXP 	line_3: autoDraw = True
723.0853 	EXP 	line_4: autoDraw = True
723.1029 	EXP 	fixation_2: autoDraw = False
724.0863 	INFO 	Keyboard events cleared
724.0861 	EXP 	probe_2: autoDraw = True
724.8866 	EXP 	Device response: <KeyPress from None: t=724.8730019999784, value=z, duration=None>
724.8871 	EXP 	New trial (rep=14, index=74): <Trial 74 (74 in rep 14) data={'pos': np.int64(-50), 'corr_resp': 'x', 'thisN': 74, 'thisTrialN': 74, 'thisRepN': 14}>
724.8887 	DATA 	Keypress: z
724.9011 	EXP 	fixation_2: autoDraw = False
724.9011 	EXP 	line_1: autoDraw = False
724.9011 	EXP 	line_2: autoDraw = False
724.9011 	EXP 	line_3: autoDraw = False
724.9011 	EXP 	line_4: autoDraw = False
724.9011 	EXP 	probe_2: autoDraw = False
724.9011 	EXP 	fixation_2: autoDraw = True
724.9857 	EXP 	Device response: <KeyPress from None: t=724.8730019999784, value=z, duration=0.09622810001019388>
725.8855 	EXP 	line_1: autoDraw = True
725.8855 	EXP 	line_2: autoDraw = True
725.8855 	EXP 	line_3: autoDraw = True
725.8855 	EXP 	line_4: autoDraw = True
725.9012 	EXP 	fixation_2: autoDraw = False
726.9031 	INFO 	Keyboard events cleared
726.9028 	EXP 	probe_2: autoDraw = True
727.6195 	EXP 	Device response: <KeyPress from None: t=727.6177740999847, value=x, duration=None>
727.6198 	EXP 	New trial (rep=18, index=75): <Trial 75 (75 in rep 18) data={'pos': np.int64(150), 'corr_resp': 'v', 'thisN': 75, 'thisTrialN': 75, 'thisRepN': 18}>
727.6211 	DATA 	Keypress: x
727.6351 	EXP 	fixation_2: autoDraw = False
727.6351 	EXP 	line_1: autoDraw = False
727.6351 	EXP 	line_2: autoDraw = False
727.6351 	EXP 	line_3: autoDraw = False
727.6351 	EXP 	line_4: autoDraw = False
727.6351 	EXP 	probe_2: autoDraw = False
727.6351 	EXP 	fixation_2: autoDraw = True
727.7017 	EXP 	Device response: <KeyPress from None: t=727.6177740999847, value=x, duration=0.07153469999320805>
728.6196 	EXP 	line_1: autoDraw = True
728.6196 	EXP 	line_2: autoDraw = True
728.6196 	EXP 	line_3: autoDraw = True
728.6196 	EXP 	line_4: autoDraw = True
728.6364 	EXP 	fixation_2: autoDraw = False
729.6199 	INFO 	Keyboard events cleared
729.6197 	EXP 	probe_2: autoDraw = True
730.6872 	DATA 	Keypress: v
730.7025 	EXP 	Device response: <KeyPress from None: t=730.6857263999991, value=v, duration=None>
730.7028 	EXP 	New trial (rep=23, index=76): <Trial 76 (76 in rep 23) data={'pos': np.int64(50), 'corr_resp': 'c', 'thisN': 76, 'thisTrialN': 76, 'thisRepN': 23}>
730.7186 	EXP 	fixation_2: autoDraw = False
730.7186 	EXP 	line_1: autoDraw = False
730.7186 	EXP 	line_2: autoDraw = False
730.7186 	EXP 	line_3: autoDraw = False
730.7186 	EXP 	line_4: autoDraw = False
730.7186 	EXP 	probe_2: autoDraw = False
730.7186 	EXP 	fixation_2: autoDraw = True
730.8024 	EXP 	Device response: <KeyPress from None: t=730.6857263999991, value=v, duration=0.10182029998395592>
731.7027 	EXP 	line_1: autoDraw = True
731.7027 	EXP 	line_2: autoDraw = True
731.7027 	EXP 	line_3: autoDraw = True
731.7027 	EXP 	line_4: autoDraw = True
731.7197 	EXP 	fixation_2: autoDraw = False
732.7033 	INFO 	Keyboard events cleared
732.7031 	EXP 	probe_2: autoDraw = True
733.4535 	EXP 	Device response: <KeyPress from None: t=733.4515567999915, value=c, duration=None>
733.4540 	EXP 	New trial (rep=19, index=77): <Trial 77 (77 in rep 19) data={'pos': np.int64(150), 'corr_resp': 'v', 'thisN': 77, 'thisTrialN': 77, 'thisRepN': 19}>
733.4555 	DATA 	Keypress: c
733.4693 	EXP 	fixation_2: autoDraw = False
733.4693 	EXP 	line_1: autoDraw = False
733.4693 	EXP 	line_2: autoDraw = False
733.4693 	EXP 	line_3: autoDraw = False
733.4693 	EXP 	line_4: autoDraw = False
733.4693 	EXP 	probe_2: autoDraw = False
733.4693 	EXP 	fixation_2: autoDraw = True
733.5525 	EXP 	Device response: <KeyPress from None: t=733.4515567999915, value=c, duration=0.08645959998830222>
734.4698 	EXP 	fixation_2: autoDraw = False
734.4698 	EXP 	line_1: autoDraw = True
734.4698 	EXP 	line_2: autoDraw = True
734.4698 	EXP 	line_3: autoDraw = True
734.4698 	EXP 	line_4: autoDraw = True
735.4531 	INFO 	Keyboard events cleared
735.4529 	EXP 	probe_2: autoDraw = True
736.5851 	EXP 	Device response: <KeyPress from None: t=736.5731691999827, value=v, duration=None>
736.5856 	EXP 	New trial (rep=15, index=78): <Trial 78 (78 in rep 15) data={'pos': np.int64(-50), 'corr_resp': 'x', 'thisN': 78, 'thisTrialN': 78, 'thisRepN': 15}>
736.5871 	DATA 	Keypress: v
736.6021 	EXP 	fixation_2: autoDraw = False
736.6021 	EXP 	line_1: autoDraw = False
736.6021 	EXP 	line_2: autoDraw = False
736.6021 	EXP 	line_3: autoDraw = False
736.6021 	EXP 	line_4: autoDraw = False
736.6021 	EXP 	probe_2: autoDraw = False
736.6021 	EXP 	fixation_2: autoDraw = True
736.6697 	EXP 	Device response: <KeyPress from None: t=736.5731691999827, value=v, duration=0.09213020000606775>
737.5862 	EXP 	line_1: autoDraw = True
737.5862 	EXP 	line_2: autoDraw = True
737.5862 	EXP 	line_3: autoDraw = True
737.5862 	EXP 	line_4: autoDraw = True
737.6027 	EXP 	fixation_2: autoDraw = False
738.5867 	INFO 	Keyboard events cleared
738.5864 	EXP 	probe_2: autoDraw = True
739.2366 	EXP 	Device response: <KeyPress from None: t=739.2221873999806, value=x, duration=None>
739.2372 	EXP 	New trial (rep=24, index=79): <Trial 79 (79 in rep 24) data={'pos': np.int64(50), 'corr_resp': 'c', 'thisN': 79, 'thisTrialN': 79, 'thisRepN': 24}>
739.2396 	DATA 	Keypress: x
739.2517 	EXP 	fixation_2: autoDraw = False
739.2517 	EXP 	line_1: autoDraw = False
739.2517 	EXP 	line_2: autoDraw = False
739.2517 	EXP 	line_3: autoDraw = False
739.2517 	EXP 	line_4: autoDraw = False
739.2517 	EXP 	probe_2: autoDraw = False
739.2517 	EXP 	fixation_2: autoDraw = True
739.3530 	EXP 	Device response: <KeyPress from None: t=739.2221873999806, value=x, duration=0.11809770000400022>
740.2512 	EXP 	fixation_2: autoDraw = False
740.2512 	EXP 	line_1: autoDraw = True
740.2512 	EXP 	line_2: autoDraw = True
740.2512 	EXP 	line_3: autoDraw = True
740.2512 	EXP 	line_4: autoDraw = True
741.2526 	INFO 	Keyboard events cleared
741.2524 	EXP 	probe_2: autoDraw = True
741.9206 	EXP 	Device response: <KeyPress from None: t=741.909860499989, value=c, duration=None>
741.9211 	EXP 	New trial (rep=25, index=80): <Trial 80 (80 in rep 25) data={'pos': np.int64(50), 'corr_resp': 'c', 'thisN': 80, 'thisTrialN': 80, 'thisRepN': 25}>
741.9227 	DATA 	Keypress: c
741.9353 	EXP 	fixation_2: autoDraw = False
741.9353 	EXP 	line_1: autoDraw = False
741.9353 	EXP 	line_2: autoDraw = False
741.9353 	EXP 	line_3: autoDraw = False
741.9353 	EXP 	line_4: autoDraw = False
741.9353 	EXP 	probe_2: autoDraw = False
741.9353 	EXP 	fixation_2: autoDraw = True
742.0028 	EXP 	Device response: <KeyPress from None: t=741.909860499989, value=c, duration=0.09087089999229647>
742.9362 	EXP 	fixation_2: autoDraw = False
742.9362 	EXP 	line_1: autoDraw = True
742.9362 	EXP 	line_2: autoDraw = True
742.9362 	EXP 	line_3: autoDraw = True
742.9362 	EXP 	line_4: autoDraw = True
743.9349 	INFO 	Keyboard events cleared
743.9348 	EXP 	probe_2: autoDraw = True
744.6218 	DATA 	Keypress: c
744.6352 	EXP 	Device response: <KeyPress from None: t=744.6196678999986, value=c, duration=None>
744.6355 	EXP 	New trial (rep=16, index=81): <Trial 81 (81 in rep 16) data={'pos': np.int64(-50), 'corr_resp': 'x', 'thisN': 81, 'thisTrialN': 81, 'thisRepN': 16}>
744.6522 	EXP 	fixation_2: autoDraw = False
744.6522 	EXP 	line_1: autoDraw = False
744.6522 	EXP 	line_2: autoDraw = False
744.6522 	EXP 	line_3: autoDraw = False
744.6522 	EXP 	line_4: autoDraw = False
744.6522 	EXP 	probe_2: autoDraw = False
744.6522 	EXP 	fixation_2: autoDraw = True
744.7196 	EXP 	Device response: <KeyPress from None: t=744.6196678999986, value=c, duration=0.09680909998132847>
745.6359 	EXP 	line_1: autoDraw = True
745.6359 	EXP 	line_2: autoDraw = True
745.6359 	EXP 	line_3: autoDraw = True
745.6359 	EXP 	line_4: autoDraw = True
745.6529 	EXP 	fixation_2: autoDraw = False
746.6372 	INFO 	Keyboard events cleared
746.6370 	EXP 	probe_2: autoDraw = True
748.2364 	EXP 	Device response: <KeyPress from None: t=748.2347750999907, value=x, duration=None>
748.2369 	EXP 	New trial (rep=20, index=82): <Trial 82 (82 in rep 20) data={'pos': np.int64(150), 'corr_resp': 'v', 'thisN': 82, 'thisTrialN': 82, 'thisRepN': 20}>
748.2392 	DATA 	Keypress: x
748.2529 	EXP 	fixation_2: autoDraw = False
748.2529 	EXP 	line_1: autoDraw = False
748.2529 	EXP 	line_2: autoDraw = False
748.2529 	EXP 	line_3: autoDraw = False
748.2529 	EXP 	line_4: autoDraw = False
748.2529 	EXP 	probe_2: autoDraw = False
748.2529 	EXP 	fixation_2: autoDraw = True
748.3203 	EXP 	Device response: <KeyPress from None: t=748.2347750999907, value=x, duration=0.08088749999296851>
749.2531 	EXP 	fixation_2: autoDraw = False
749.2531 	EXP 	line_1: autoDraw = True
749.2531 	EXP 	line_2: autoDraw = True
749.2531 	EXP 	line_3: autoDraw = True
749.2531 	EXP 	line_4: autoDraw = True
750.2371 	INFO 	Keyboard events cleared
750.2369 	EXP 	probe_2: autoDraw = True
751.1705 	EXP 	Device response: <KeyPress from None: t=751.1606293999939, value=v, duration=None>
751.1709 	EXP 	New trial (rep=17, index=83): <Trial 83 (83 in rep 17) data={'pos': np.int64(-50), 'corr_resp': 'x', 'thisN': 83, 'thisTrialN': 83, 'thisRepN': 17}>
751.1724 	DATA 	Keypress: v
751.1856 	EXP 	fixation_2: autoDraw = False
751.1856 	EXP 	line_1: autoDraw = False
751.1856 	EXP 	line_2: autoDraw = False
751.1856 	EXP 	line_3: autoDraw = False
751.1856 	EXP 	line_4: autoDraw = False
751.1856 	EXP 	probe_2: autoDraw = False
751.1856 	EXP 	fixation_2: autoDraw = True
751.2528 	EXP 	Device response: <KeyPress from None: t=751.1606293999939, value=v, duration=0.08380729999043979>
752.1867 	EXP 	fixation_2: autoDraw = False
752.1867 	EXP 	line_1: autoDraw = True
752.1867 	EXP 	line_2: autoDraw = True
752.1867 	EXP 	line_3: autoDraw = True
752.1867 	EXP 	line_4: autoDraw = True
753.1868 	INFO 	Keyboard events cleared
753.1863 	EXP 	probe_2: autoDraw = True
753.9393 	DATA 	Keypress: x
753.9537 	EXP 	Device response: <KeyPress from None: t=753.9380116999964, value=x, duration=None>
753.9542 	EXP 	New trial (rep=26, index=84): <Trial 84 (84 in rep 26) data={'pos': np.int64(50), 'corr_resp': 'c', 'thisN': 84, 'thisTrialN': 84, 'thisRepN': 26}>
753.9686 	EXP 	fixation_2: autoDraw = False
753.9686 	EXP 	line_1: autoDraw = False
753.9686 	EXP 	line_2: autoDraw = False
753.9686 	EXP 	line_3: autoDraw = False
753.9686 	EXP 	line_4: autoDraw = False
753.9686 	EXP 	probe_2: autoDraw = False
753.9686 	EXP 	fixation_2: autoDraw = True
754.0532 	EXP 	Device response: <KeyPress from None: t=753.9380116999964, value=x, duration=0.11197139997966588>
754.9525 	EXP 	line_1: autoDraw = True
754.9525 	EXP 	line_2: autoDraw = True
754.9525 	EXP 	line_3: autoDraw = True
754.9525 	EXP 	line_4: autoDraw = True
754.9684 	EXP 	fixation_2: autoDraw = False
755.9532 	INFO 	Keyboard events cleared
755.9529 	EXP 	probe_2: autoDraw = True
756.6706 	EXP 	Device response: <KeyPress from None: t=756.6562281999795, value=c, duration=None>
756.6711 	EXP 	New trial (rep=27, index=85): <Trial 85 (85 in rep 27) data={'pos': np.int64(50), 'corr_resp': 'c', 'thisN': 85, 'thisTrialN': 85, 'thisRepN': 27}>
756.6728 	DATA 	Keypress: c
756.6849 	EXP 	fixation_2: autoDraw = False
756.6849 	EXP 	line_1: autoDraw = False
756.6849 	EXP 	line_2: autoDraw = False
756.6849 	EXP 	line_3: autoDraw = False
756.6849 	EXP 	line_4: autoDraw = False
756.6849 	EXP 	probe_2: autoDraw = False
756.6849 	EXP 	fixation_2: autoDraw = True
756.7691 	EXP 	Device response: <KeyPress from None: t=756.6562281999795, value=c, duration=0.09823440000764094>
757.6699 	EXP 	line_1: autoDraw = True
757.6699 	EXP 	line_2: autoDraw = True
757.6699 	EXP 	line_3: autoDraw = True
757.6699 	EXP 	line_4: autoDraw = True
757.6871 	EXP 	fixation_2: autoDraw = False
758.6687 	INFO 	Keyboard events cleared
758.6685 	EXP 	probe_2: autoDraw = True
759.4374 	EXP 	Device response: <KeyPress from None: t=759.423527899984, value=c, duration=None>
759.4380 	EXP 	New trial (rep=18, index=86): <Trial 86 (86 in rep 18) data={'pos': np.int64(-50), 'corr_resp': 'x', 'thisN': 86, 'thisTrialN': 86, 'thisRepN': 18}>
759.4398 	DATA 	Keypress: c
759.4516 	EXP 	fixation_2: autoDraw = False
759.4516 	EXP 	line_1: autoDraw = False
759.4516 	EXP 	line_2: autoDraw = False
759.4516 	EXP 	line_3: autoDraw = False
759.4516 	EXP 	line_4: autoDraw = False
759.4516 	EXP 	probe_2: autoDraw = False
759.4516 	EXP 	fixation_2: autoDraw = True
759.5364 	EXP 	Device response: <KeyPress from None: t=759.423527899984, value=c, duration=0.10208479998982511>
760.4368 	EXP 	line_1: autoDraw = True
760.4368 	EXP 	line_2: autoDraw = True
760.4368 	EXP 	line_3: autoDraw = True
760.4368 	EXP 	line_4: autoDraw = True
760.4516 	EXP 	fixation_2: autoDraw = False
761.4536 	INFO 	Keyboard events cleared
761.4534 	EXP 	probe_2: autoDraw = True
762.3360 	EXP 	Device response: <KeyPress from None: t=762.3232574999856, value=x, duration=None>
762.3363 	EXP 	New trial (rep=28, index=87): <Trial 87 (87 in rep 28) data={'pos': np.int64(50), 'corr_resp': 'c', 'thisN': 87, 'thisTrialN': 87, 'thisRepN': 28}>
762.3377 	DATA 	Keypress: x
762.3526 	EXP 	fixation_2: autoDraw = False
762.3526 	EXP 	line_1: autoDraw = False
762.3526 	EXP 	line_2: autoDraw = False
762.3526 	EXP 	line_3: autoDraw = False
762.3526 	EXP 	line_4: autoDraw = False
762.3526 	EXP 	probe_2: autoDraw = False
762.3526 	EXP 	fixation_2: autoDraw = True
762.4537 	EXP 	Device response: <KeyPress from None: t=762.3232574999856, value=x, duration=0.11398840000038035>
763.3367 	EXP 	line_1: autoDraw = True
763.3367 	EXP 	line_2: autoDraw = True
763.3367 	EXP 	line_3: autoDraw = True
763.3367 	EXP 	line_4: autoDraw = True
763.3539 	EXP 	fixation_2: autoDraw = False
764.3369 	INFO 	Keyboard events cleared
764.3367 	EXP 	probe_2: autoDraw = True
765.2373 	DATA 	Keypress: c
765.2532 	EXP 	Device response: <KeyPress from None: t=765.2356681999809, value=c, duration=None>
765.2535 	EXP 	New trial (rep=19, index=88): <Trial 88 (88 in rep 19) data={'pos': np.int64(-150), 'corr_resp': 'z', 'thisN': 88, 'thisTrialN': 88, 'thisRepN': 19}>
765.2687 	EXP 	fixation_2: autoDraw = False
765.2687 	EXP 	line_1: autoDraw = False
765.2687 	EXP 	line_2: autoDraw = False
765.2687 	EXP 	line_3: autoDraw = False
765.2687 	EXP 	line_4: autoDraw = False
765.2687 	EXP 	probe_2: autoDraw = False
765.2687 	EXP 	fixation_2: autoDraw = True
765.3525 	EXP 	Device response: <KeyPress from None: t=765.2356681999809, value=c, duration=0.10102880001068115>
766.2539 	EXP 	line_1: autoDraw = True
766.2539 	EXP 	line_2: autoDraw = True
766.2539 	EXP 	line_3: autoDraw = True
766.2539 	EXP 	line_4: autoDraw = True
766.2705 	EXP 	fixation_2: autoDraw = False
767.2539 	INFO 	Keyboard events cleared
767.2537 	EXP 	probe_2: autoDraw = True
768.4703 	EXP 	Device response: <KeyPress from None: t=768.46349189998, value=z, duration=None>
768.4708 	EXP 	New trial (rep=29, index=89): <Trial 89 (89 in rep 29) data={'pos': np.int64(50), 'corr_resp': 'c', 'thisN': 89, 'thisTrialN': 89, 'thisRepN': 29}>
768.4724 	DATA 	Keypress: z
768.4857 	EXP 	fixation_2: autoDraw = False
768.4857 	EXP 	line_1: autoDraw = False
768.4857 	EXP 	line_2: autoDraw = False
768.4857 	EXP 	line_3: autoDraw = False
768.4857 	EXP 	line_4: autoDraw = False
768.4857 	EXP 	probe_2: autoDraw = False
768.4857 	EXP 	fixation_2: autoDraw = True
768.5533 	EXP 	Device response: <KeyPress from None: t=768.46349189998, value=z, duration=0.08621949999360368>
769.4703 	EXP 	line_1: autoDraw = True
769.4703 	EXP 	line_2: autoDraw = True
769.4703 	EXP 	line_3: autoDraw = True
769.4703 	EXP 	line_4: autoDraw = True
769.4868 	EXP 	fixation_2: autoDraw = False
770.4702 	INFO 	Keyboard events cleared
770.4700 	EXP 	probe_2: autoDraw = True
771.5380 	DATA 	Keypress: c
771.5534 	EXP 	Device response: <KeyPress from None: t=771.5361894999805, value=c, duration=None>
771.5538 	EXP 	New trial (rep=19, index=90): <Trial 90 (90 in rep 19) data={'pos': np.int64(-50), 'corr_resp': 'x', 'thisN': 90, 'thisTrialN': 90, 'thisRepN': 19}>
771.5700 	EXP 	fixation_2: autoDraw = False
771.5700 	EXP 	line_1: autoDraw = False
771.5700 	EXP 	line_2: autoDraw = False
771.5700 	EXP 	line_3: autoDraw = False
771.5700 	EXP 	line_4: autoDraw = False
771.5700 	EXP 	probe_2: autoDraw = False
771.5700 	EXP 	fixation_2: autoDraw = True
771.6365 	EXP 	Device response: <KeyPress from None: t=771.5361894999805, value=c, duration=0.0878157000115607>
772.5535 	EXP 	line_1: autoDraw = True
772.5535 	EXP 	line_2: autoDraw = True
772.5535 	EXP 	line_3: autoDraw = True
772.5535 	EXP 	line_4: autoDraw = True
772.5705 	EXP 	fixation_2: autoDraw = False
773.5538 	INFO 	Keyboard events cleared
773.5536 	EXP 	probe_2: autoDraw = True
774.3228 	DATA 	Keypress: x
774.3354 	EXP 	Device response: <KeyPress from None: t=774.3214123999933, value=x, duration=None>
774.3358 	EXP 	New trial (rep=20, index=91): <Trial 91 (91 in rep 20) data={'pos': np.int64(-150), 'corr_resp': 'z', 'thisN': 91, 'thisTrialN': 91, 'thisRepN': 20}>
774.3529 	EXP 	fixation_2: autoDraw = False
774.3529 	EXP 	line_1: autoDraw = False
774.3529 	EXP 	line_2: autoDraw = False
774.3529 	EXP 	line_3: autoDraw = False
774.3529 	EXP 	line_4: autoDraw = False
774.3529 	EXP 	probe_2: autoDraw = False
774.3529 	EXP 	fixation_2: autoDraw = True
774.4375 	EXP 	Device response: <KeyPress from None: t=774.3214123999933, value=x, duration=0.10685260000173002>
775.3367 	EXP 	line_1: autoDraw = True
775.3367 	EXP 	line_2: autoDraw = True
775.3367 	EXP 	line_3: autoDraw = True
775.3367 	EXP 	line_4: autoDraw = True
775.3533 	EXP 	fixation_2: autoDraw = False
776.3365 	INFO 	Keyboard events cleared
776.3363 	EXP 	probe_2: autoDraw = True
777.5198 	EXP 	Device response: <KeyPress from None: t=777.5100163999887, value=z, duration=None>
777.5203 	EXP 	New trial (rep=21, index=92): <Trial 92 (92 in rep 21) data={'pos': np.int64(150), 'corr_resp': 'v', 'thisN': 92, 'thisTrialN': 92, 'thisRepN': 21}>
777.5222 	DATA 	Keypress: z
777.5351 	EXP 	fixation_2: autoDraw = False
777.5351 	EXP 	line_1: autoDraw = False
777.5351 	EXP 	line_2: autoDraw = False
777.5351 	EXP 	line_3: autoDraw = False
777.5351 	EXP 	line_4: autoDraw = False
777.5351 	EXP 	probe_2: autoDraw = False
777.5351 	EXP 	fixation_2: autoDraw = True
777.6045 	EXP 	Device response: <KeyPress from None: t=777.5100163999887, value=z, duration=0.08394559999578632>
778.5188 	EXP 	line_1: autoDraw = True
778.5188 	EXP 	line_2: autoDraw = True
778.5188 	EXP 	line_3: autoDraw = True
778.5188 	EXP 	line_4: autoDraw = True
778.5351 	EXP 	fixation_2: autoDraw = False
779.5204 	INFO 	Keyboard events cleared
779.5201 	EXP 	probe_2: autoDraw = True
780.4859 	EXP 	Device response: <KeyPress from None: t=780.4812347999832, value=v, duration=None>
780.4863 	EXP 	New trial (rep=20, index=93): <Trial 93 (93 in rep 20) data={'pos': np.int64(-50), 'corr_resp': 'x', 'thisN': 93, 'thisTrialN': 93, 'thisRepN': 20}>
780.4876 	DATA 	Keypress: v
780.5033 	EXP 	fixation_2: autoDraw = False
780.5033 	EXP 	line_1: autoDraw = False
780.5033 	EXP 	line_2: autoDraw = False
780.5033 	EXP 	line_3: autoDraw = False
780.5033 	EXP 	line_4: autoDraw = False
780.5033 	EXP 	probe_2: autoDraw = False
780.5033 	EXP 	fixation_2: autoDraw = True
780.5870 	EXP 	Device response: <KeyPress from None: t=780.4812347999832, value=v, duration=0.0921031000034418>
781.4871 	EXP 	line_1: autoDraw = True
781.4871 	EXP 	line_2: autoDraw = True
781.4871 	EXP 	line_3: autoDraw = True
781.4871 	EXP 	line_4: autoDraw = True
781.5040 	EXP 	fixation_2: autoDraw = False
782.4873 	INFO 	Keyboard events cleared
782.4871 	EXP 	probe_2: autoDraw = True
783.2361 	EXP 	Device response: <KeyPress from None: t=783.2319293999753, value=x, duration=None>
783.2364 	EXP 	New trial (rep=30, index=94): <Trial 94 (94 in rep 30) data={'pos': np.int64(50), 'corr_resp': 'c', 'thisN': 94, 'thisTrialN': 94, 'thisRepN': 30}>
783.2378 	DATA 	Keypress: x
783.2519 	EXP 	fixation_2: autoDraw = False
783.2519 	EXP 	line_1: autoDraw = False
783.2519 	EXP 	line_2: autoDraw = False
783.2519 	EXP 	line_3: autoDraw = False
783.2519 	EXP 	line_4: autoDraw = False
783.2519 	EXP 	probe_2: autoDraw = False
783.2519 	EXP 	fixation_2: autoDraw = True
783.3527 	EXP 	Device response: <KeyPress from None: t=783.2319293999753, value=x, duration=0.10605520001263358>
784.2368 	EXP 	line_1: autoDraw = True
784.2368 	EXP 	line_2: autoDraw = True
784.2368 	EXP 	line_3: autoDraw = True
784.2368 	EXP 	line_4: autoDraw = True
784.2520 	EXP 	fixation_2: autoDraw = False
785.2375 	INFO 	Keyboard events cleared
785.2373 	EXP 	probe_2: autoDraw = True
786.0711 	EXP 	Device response: <KeyPress from None: t=786.0623372999835, value=c, duration=None>
786.0724 	EXP 	New trial (rep=21, index=95): <Trial 95 (95 in rep 21) data={'pos': np.int64(-50), 'corr_resp': 'x', 'thisN': 95, 'thisTrialN': 95, 'thisRepN': 21}>
786.0739 	DATA 	Keypress: c
786.0859 	EXP 	fixation_2: autoDraw = False
786.0859 	EXP 	line_1: autoDraw = False
786.0859 	EXP 	line_2: autoDraw = False
786.0859 	EXP 	line_3: autoDraw = False
786.0859 	EXP 	line_4: autoDraw = False
786.0859 	EXP 	probe_2: autoDraw = False
786.0859 	EXP 	fixation_2: autoDraw = True
786.1538 	EXP 	Device response: <KeyPress from None: t=786.0623372999835, value=c, duration=0.0886774999962654>
787.0861 	EXP 	fixation_2: autoDraw = False
787.0861 	EXP 	line_1: autoDraw = True
787.0861 	EXP 	line_2: autoDraw = True
787.0861 	EXP 	line_3: autoDraw = True
787.0861 	EXP 	line_4: autoDraw = True
788.0875 	INFO 	Keyboard events cleared
788.0873 	EXP 	probe_2: autoDraw = True
789.1048 	EXP 	Device response: <KeyPress from None: t=789.0954939999792, value=x, duration=None>
789.1053 	EXP 	New trial (rep=22, index=96): <Trial 96 (96 in rep 22) data={'pos': np.int64(150), 'corr_resp': 'v', 'thisN': 96, 'thisTrialN': 96, 'thisRepN': 22}>
789.1070 	DATA 	Keypress: x
789.1188 	EXP 	fixation_2: autoDraw = False
789.1188 	EXP 	line_1: autoDraw = False
789.1188 	EXP 	line_2: autoDraw = False
789.1188 	EXP 	line_3: autoDraw = False
789.1188 	EXP 	line_4: autoDraw = False
789.1188 	EXP 	probe_2: autoDraw = False
789.1188 	EXP 	fixation_2: autoDraw = True
789.2040 	EXP 	Device response: <KeyPress from None: t=789.0954939999792, value=x, duration=0.10663140000542626>
790.1196 	EXP 	fixation_2: autoDraw = False
790.1196 	EXP 	line_1: autoDraw = True
790.1196 	EXP 	line_2: autoDraw = True
790.1196 	EXP 	line_3: autoDraw = True
790.1196 	EXP 	line_4: autoDraw = True
791.1191 	INFO 	Keyboard events cleared
791.1189 	EXP 	probe_2: autoDraw = True
792.3235 	DATA 	Keypress: v
792.3365 	EXP 	Device response: <KeyPress from None: t=792.3229130999825, value=v, duration=None>
792.3369 	EXP 	New trial (rep=21, index=97): <Trial 97 (97 in rep 21) data={'pos': np.int64(-150), 'corr_resp': 'z', 'thisN': 97, 'thisTrialN': 97, 'thisRepN': 21}>
792.3543 	EXP 	fixation_2: autoDraw = False
792.3543 	EXP 	line_1: autoDraw = False
792.3543 	EXP 	line_2: autoDraw = False
792.3543 	EXP 	line_3: autoDraw = False
792.3543 	EXP 	line_4: autoDraw = False
792.3543 	EXP 	probe_2: autoDraw = False
792.3543 	EXP 	fixation_2: autoDraw = True
792.4375 	EXP 	Device response: <KeyPress from None: t=792.3229130999825, value=v, duration=0.09879000001819804>
793.3371 	EXP 	line_1: autoDraw = True
793.3371 	EXP 	line_2: autoDraw = True
793.3371 	EXP 	line_3: autoDraw = True
793.3371 	EXP 	line_4: autoDraw = True
793.3531 	EXP 	fixation_2: autoDraw = False
794.3377 	INFO 	Keyboard events cleared
794.3374 	EXP 	probe_2: autoDraw = True
795.2697 	EXP 	Device response: <KeyPress from None: t=795.264509199973, value=z, duration=None>
795.2701 	EXP 	New trial (rep=31, index=98): <Trial 98 (98 in rep 31) data={'pos': np.int64(50), 'corr_resp': 'c', 'thisN': 98, 'thisTrialN': 98, 'thisRepN': 31}>
795.2716 	DATA 	Keypress: z
795.2857 	EXP 	fixation_2: autoDraw = False
795.2857 	EXP 	line_1: autoDraw = False
795.2857 	EXP 	line_2: autoDraw = False
795.2857 	EXP 	line_3: autoDraw = False
795.2857 	EXP 	line_4: autoDraw = False
795.2857 	EXP 	probe_2: autoDraw = False
795.2857 	EXP 	fixation_2: autoDraw = True
795.3703 	EXP 	Device response: <KeyPress from None: t=795.264509199973, value=z, duration=0.10270160000072792>
796.2712 	EXP 	line_1: autoDraw = True
796.2712 	EXP 	line_2: autoDraw = True
796.2712 	EXP 	line_3: autoDraw = True
796.2712 	EXP 	line_4: autoDraw = True
796.2865 	EXP 	fixation_2: autoDraw = False
797.2709 	INFO 	Keyboard events cleared
797.2706 	EXP 	probe_2: autoDraw = True
798.2368 	EXP 	Device response: <KeyPress from None: t=798.2272856999771, value=c, duration=None>
798.2372 	EXP 	New trial (rep=23, index=99): <Trial 99 (99 in rep 23) data={'pos': np.int64(150), 'corr_resp': 'v', 'thisN': 99, 'thisTrialN': 99, 'thisRepN': 23}>
798.2385 	DATA 	Keypress: c
798.2525 	EXP 	fixation_2: autoDraw = False
798.2525 	EXP 	line_1: autoDraw = False
798.2525 	EXP 	line_2: autoDraw = False
798.2525 	EXP 	line_3: autoDraw = False
798.2525 	EXP 	line_4: autoDraw = False
798.2525 	EXP 	probe_2: autoDraw = False
798.2525 	EXP 	fixation_2: autoDraw = True
798.2868 	EXP 	Device response: <KeyPress from None: t=798.2272856999771, value=c, duration=0.05075700001907535>
799.2374 	EXP 	line_1: autoDraw = True
799.2374 	EXP 	line_2: autoDraw = True
799.2374 	EXP 	line_3: autoDraw = True
799.2374 	EXP 	line_4: autoDraw = True
799.2538 	EXP 	fixation_2: autoDraw = False
800.2376 	INFO 	Keyboard events cleared
800.2374 	EXP 	probe_2: autoDraw = True
801.1710 	EXP 	Device response: <KeyPress from None: t=801.1629098999838, value=v, duration=None>
801.1715 	EXP 	New trial (rep=22, index=100): <Trial 100 (100 in rep 22) data={'pos': np.int64(-150), 'corr_resp': 'z', 'thisN': 100, 'thisTrialN': 100, 'thisRepN': 22}>
801.1731 	DATA 	Keypress: v
801.1863 	EXP 	fixation_2: autoDraw = False
801.1863 	EXP 	line_1: autoDraw = False
801.1863 	EXP 	line_2: autoDraw = False
801.1863 	EXP 	line_3: autoDraw = False
801.1863 	EXP 	line_4: autoDraw = False
801.1863 	EXP 	probe_2: autoDraw = False
801.1863 	EXP 	fixation_2: autoDraw = True
801.2543 	EXP 	Device response: <KeyPress from None: t=801.1629098999838, value=v, duration=0.08203960000537336>
802.1706 	EXP 	line_1: autoDraw = True
802.1706 	EXP 	line_2: autoDraw = True
802.1706 	EXP 	line_3: autoDraw = True
802.1706 	EXP 	line_4: autoDraw = True
802.1876 	EXP 	fixation_2: autoDraw = False
803.1713 	INFO 	Keyboard events cleared
803.1711 	EXP 	probe_2: autoDraw = True
803.8878 	EXP 	Device response: <KeyPress from None: t=803.8840677999833, value=z, duration=None>
803.8882 	EXP 	New trial (rep=24, index=101): <Trial 101 (101 in rep 24) data={'pos': np.int64(150), 'corr_resp': 'v', 'thisN': 101, 'thisTrialN': 101, 'thisRepN': 24}>
803.8897 	DATA 	Keypress: z
803.9029 	EXP 	fixation_2: autoDraw = False
803.9029 	EXP 	line_1: autoDraw = False
803.9029 	EXP 	line_2: autoDraw = False
803.9029 	EXP 	line_3: autoDraw = False
803.9029 	EXP 	line_4: autoDraw = False
803.9029 	EXP 	probe_2: autoDraw = False
803.9029 	EXP 	fixation_2: autoDraw = True
804.0035 	EXP 	Device response: <KeyPress from None: t=803.8840677999833, value=z, duration=0.10720110000693239>
804.8873 	EXP 	line_1: autoDraw = True
804.8873 	EXP 	line_2: autoDraw = True
804.8873 	EXP 	line_3: autoDraw = True
804.8873 	EXP 	line_4: autoDraw = True
804.9042 	EXP 	fixation_2: autoDraw = False
805.8878 	INFO 	Keyboard events cleared
805.8876 	EXP 	probe_2: autoDraw = True
806.8710 	EXP 	Device response: <KeyPress from None: t=806.8672815999889, value=v, duration=None>
806.8714 	EXP 	New trial (rep=25, index=102): <Trial 102 (102 in rep 25) data={'pos': np.int64(150), 'corr_resp': 'v', 'thisN': 102, 'thisTrialN': 102, 'thisRepN': 25}>
806.8729 	DATA 	Keypress: v
806.8858 	EXP 	fixation_2: autoDraw = False
806.8858 	EXP 	line_1: autoDraw = False
806.8858 	EXP 	line_2: autoDraw = False
806.8858 	EXP 	line_3: autoDraw = False
806.8858 	EXP 	line_4: autoDraw = False
806.8858 	EXP 	probe_2: autoDraw = False
806.8858 	EXP 	fixation_2: autoDraw = True
806.9382 	EXP 	Device response: <KeyPress from None: t=806.8672815999889, value=v, duration=0.05602709998493083>
807.8708 	EXP 	line_1: autoDraw = True
807.8708 	EXP 	line_2: autoDraw = True
807.8708 	EXP 	line_3: autoDraw = True
807.8708 	EXP 	line_4: autoDraw = True
807.8877 	EXP 	fixation_2: autoDraw = False
808.8704 	INFO 	Keyboard events cleared
808.8702 	EXP 	probe_2: autoDraw = True
809.8046 	EXP 	Device response: <KeyPress from None: t=809.7974227999803, value=v, duration=None>
809.8049 	EXP 	New trial (rep=22, index=103): <Trial 103 (103 in rep 22) data={'pos': np.int64(-50), 'corr_resp': 'x', 'thisN': 103, 'thisTrialN': 103, 'thisRepN': 22}>
809.8064 	DATA 	Keypress: v
809.8197 	EXP 	fixation_2: autoDraw = False
809.8197 	EXP 	line_1: autoDraw = False
809.8197 	EXP 	line_2: autoDraw = False
809.8197 	EXP 	line_3: autoDraw = False
809.8197 	EXP 	line_4: autoDraw = False
809.8197 	EXP 	probe_2: autoDraw = False
809.8197 	EXP 	fixation_2: autoDraw = True
809.9047 	EXP 	Device response: <KeyPress from None: t=809.7974227999803, value=v, duration=0.0929277999966871>
810.8042 	EXP 	line_1: autoDraw = True
810.8042 	EXP 	line_2: autoDraw = True
810.8042 	EXP 	line_3: autoDraw = True
810.8042 	EXP 	line_4: autoDraw = True
810.8211 	EXP 	fixation_2: autoDraw = False
811.8044 	INFO 	Keyboard events cleared
811.8042 	EXP 	probe_2: autoDraw = True
812.7744 	EXP 	Device response: <KeyPress from None: t=812.7603231999965, value=x, duration=None>
812.7748 	EXP 	New trial (rep=26, index=104): <Trial 104 (104 in rep 26) data={'pos': np.int64(150), 'corr_resp': 'v', 'thisN': 104, 'thisTrialN': 104, 'thisRepN': 26}>
812.7762 	DATA 	Keypress: x
812.7864 	EXP 	fixation_2: autoDraw = False
812.7864 	EXP 	line_1: autoDraw = False
812.7864 	EXP 	line_2: autoDraw = False
812.7864 	EXP 	line_3: autoDraw = False
812.7864 	EXP 	line_4: autoDraw = False
812.7864 	EXP 	probe_2: autoDraw = False
812.7864 	EXP 	fixation_2: autoDraw = True
812.8549 	EXP 	Device response: <KeyPress from None: t=812.7603231999965, value=x, duration=0.08622119997744448>
813.7878 	EXP 	fixation_2: autoDraw = False
813.7878 	EXP 	line_1: autoDraw = True
813.7878 	EXP 	line_2: autoDraw = True
813.7878 	EXP 	line_3: autoDraw = True
813.7878 	EXP 	line_4: autoDraw = True
814.7883 	INFO 	Keyboard events cleared
814.7881 	EXP 	probe_2: autoDraw = True
816.6043 	EXP 	Device response: <KeyPress from None: t=816.5930728999956, value=v, duration=None>
816.6048 	EXP 	New trial (rep=23, index=105): <Trial 105 (105 in rep 23) data={'pos': np.int64(-150), 'corr_resp': 'z', 'thisN': 105, 'thisTrialN': 105, 'thisRepN': 23}>
816.6073 	DATA 	Keypress: v
816.6199 	EXP 	fixation_2: autoDraw = False
816.6199 	EXP 	line_1: autoDraw = False
816.6199 	EXP 	line_2: autoDraw = False
816.6199 	EXP 	line_3: autoDraw = False
816.6199 	EXP 	line_4: autoDraw = False
816.6199 	EXP 	probe_2: autoDraw = False
816.6199 	EXP 	fixation_2: autoDraw = True
816.6877 	EXP 	Device response: <KeyPress from None: t=816.5930728999956, value=v, duration=0.08139999999548309>
817.6043 	EXP 	line_1: autoDraw = True
817.6043 	EXP 	line_2: autoDraw = True
817.6043 	EXP 	line_3: autoDraw = True
817.6043 	EXP 	line_4: autoDraw = True
817.6213 	EXP 	fixation_2: autoDraw = False
818.6212 	INFO 	Keyboard events cleared
818.6210 	EXP 	probe_2: autoDraw = True
819.3732 	DATA 	Keypress: z
819.3871 	EXP 	Device response: <KeyPress from None: t=819.3714301, value=z, duration=None>
819.3876 	EXP 	New trial (rep=23, index=106): <Trial 106 (106 in rep 23) data={'pos': np.int64(-50), 'corr_resp': 'x', 'thisN': 106, 'thisTrialN': 106, 'thisRepN': 23}>
819.4027 	EXP 	fixation_2: autoDraw = False
819.4027 	EXP 	line_1: autoDraw = False
819.4027 	EXP 	line_2: autoDraw = False
819.4027 	EXP 	line_3: autoDraw = False
819.4027 	EXP 	line_4: autoDraw = False
819.4027 	EXP 	probe_2: autoDraw = False
819.4027 	EXP 	fixation_2: autoDraw = True
819.4547 	EXP 	Device response: <KeyPress from None: t=819.3714301, value=z, duration=0.06804939999710768>
820.3858 	EXP 	line_1: autoDraw = True
820.3858 	EXP 	line_2: autoDraw = True
820.3858 	EXP 	line_3: autoDraw = True
820.3858 	EXP 	line_4: autoDraw = True
820.4043 	EXP 	fixation_2: autoDraw = False
821.3869 	INFO 	Keyboard events cleared
821.3867 	EXP 	probe_2: autoDraw = True
822.2372 	EXP 	Device response: <KeyPress from None: t=822.2288609999814, value=x, duration=None>
822.2375 	EXP 	New trial (rep=24, index=107): <Trial 107 (107 in rep 24) data={'pos': np.int64(-50), 'corr_resp': 'x', 'thisN': 107, 'thisTrialN': 107, 'thisRepN': 24}>
822.2389 	DATA 	Keypress: x
822.2546 	EXP 	fixation_2: autoDraw = False
822.2546 	EXP 	line_1: autoDraw = False
822.2546 	EXP 	line_2: autoDraw = False
822.2546 	EXP 	line_3: autoDraw = False
822.2546 	EXP 	line_4: autoDraw = False
822.2546 	EXP 	probe_2: autoDraw = False
822.2546 	EXP 	fixation_2: autoDraw = True
822.3200 	EXP 	Device response: <KeyPress from None: t=822.2288609999814, value=x, duration=0.08166660001734272>
823.2371 	EXP 	line_1: autoDraw = True
823.2371 	EXP 	line_2: autoDraw = True
823.2371 	EXP 	line_3: autoDraw = True
823.2371 	EXP 	line_4: autoDraw = True
823.2540 	EXP 	fixation_2: autoDraw = False
824.2546 	INFO 	Keyboard events cleared
824.2544 	EXP 	probe_2: autoDraw = True
825.5040 	EXP 	Device response: <KeyPress from None: t=825.4917599999753, value=x, duration=None>
825.5043 	EXP 	New trial (rep=27, index=108): <Trial 108 (108 in rep 27) data={'pos': np.int64(150), 'corr_resp': 'v', 'thisN': 108, 'thisTrialN': 108, 'thisRepN': 27}>
825.5057 	DATA 	Keypress: x
825.5205 	EXP 	fixation_2: autoDraw = False
825.5205 	EXP 	line_1: autoDraw = False
825.5205 	EXP 	line_2: autoDraw = False
825.5205 	EXP 	line_3: autoDraw = False
825.5205 	EXP 	line_4: autoDraw = False
825.5205 	EXP 	probe_2: autoDraw = False
825.5205 	EXP 	fixation_2: autoDraw = True
825.5873 	EXP 	Device response: <KeyPress from None: t=825.4917599999753, value=x, duration=0.09271200001239777>
826.5041 	EXP 	line_1: autoDraw = True
826.5041 	EXP 	line_2: autoDraw = True
826.5041 	EXP 	line_3: autoDraw = True
826.5041 	EXP 	line_4: autoDraw = True
826.5195 	EXP 	fixation_2: autoDraw = False
827.5047 	INFO 	Keyboard events cleared
827.5045 	EXP 	probe_2: autoDraw = True
828.5373 	EXP 	Device response: <KeyPress from None: t=828.5298583999975, value=v, duration=None>
828.5378 	EXP 	New trial (rep=28, index=109): <Trial 109 (109 in rep 28) data={'pos': np.int64(150), 'corr_resp': 'v', 'thisN': 109, 'thisTrialN': 109, 'thisRepN': 28}>
828.5396 	DATA 	Keypress: v
828.5534 	EXP 	fixation_2: autoDraw = False
828.5534 	EXP 	line_1: autoDraw = False
828.5534 	EXP 	line_2: autoDraw = False
828.5534 	EXP 	line_3: autoDraw = False
828.5534 	EXP 	line_4: autoDraw = False
828.5534 	EXP 	probe_2: autoDraw = False
828.5534 	EXP 	fixation_2: autoDraw = True
828.6368 	EXP 	Device response: <KeyPress from None: t=828.5298583999975, value=v, duration=0.0919380999985151>
829.5378 	EXP 	line_1: autoDraw = True
829.5378 	EXP 	line_2: autoDraw = True
829.5378 	EXP 	line_3: autoDraw = True
829.5378 	EXP 	line_4: autoDraw = True
829.5541 	EXP 	fixation_2: autoDraw = False
830.5541 	INFO 	Keyboard events cleared
830.5539 	EXP 	probe_2: autoDraw = True
831.4069 	DATA 	Keypress: v
831.4214 	EXP 	Device response: <KeyPress from None: t=831.4062635999871, value=v, duration=None>
831.4219 	EXP 	New trial (rep=25, index=110): <Trial 110 (110 in rep 25) data={'pos': np.int64(-50), 'corr_resp': 'x', 'thisN': 110, 'thisTrialN': 110, 'thisRepN': 25}>
831.4369 	EXP 	fixation_2: autoDraw = False
831.4369 	EXP 	line_1: autoDraw = False
831.4369 	EXP 	line_2: autoDraw = False
831.4369 	EXP 	line_3: autoDraw = False
831.4369 	EXP 	line_4: autoDraw = False
831.4369 	EXP 	probe_2: autoDraw = False
831.4369 	EXP 	fixation_2: autoDraw = True
831.5048 	EXP 	Device response: <KeyPress from None: t=831.4062635999871, value=v, duration=0.09342630000901408>
832.4212 	EXP 	line_1: autoDraw = True
832.4212 	EXP 	line_2: autoDraw = True
832.4212 	EXP 	line_3: autoDraw = True
832.4212 	EXP 	line_4: autoDraw = True
832.4375 	EXP 	fixation_2: autoDraw = False
833.4214 	INFO 	Keyboard events cleared
833.4212 	EXP 	probe_2: autoDraw = True
834.3032 	EXP 	Device response: <KeyPress from None: t=834.2914179999789, value=x, duration=None>
834.3036 	EXP 	New trial (rep=24, index=111): <Trial 111 (111 in rep 24) data={'pos': np.int64(-150), 'corr_resp': 'z', 'thisN': 111, 'thisTrialN': 111, 'thisRepN': 24}>
834.3049 	DATA 	Keypress: x
834.3206 	EXP 	fixation_2: autoDraw = False
834.3206 	EXP 	line_1: autoDraw = False
834.3206 	EXP 	line_2: autoDraw = False
834.3206 	EXP 	line_3: autoDraw = False
834.3206 	EXP 	line_4: autoDraw = False
834.3206 	EXP 	probe_2: autoDraw = False
834.3206 	EXP 	fixation_2: autoDraw = True
834.3890 	EXP 	Device response: <KeyPress from None: t=834.2914179999789, value=x, duration=0.08667049999348819>
835.3047 	EXP 	line_1: autoDraw = True
835.3047 	EXP 	line_2: autoDraw = True
835.3047 	EXP 	line_3: autoDraw = True
835.3047 	EXP 	line_4: autoDraw = True
835.3215 	EXP 	fixation_2: autoDraw = False
836.3050 	INFO 	Keyboard events cleared
836.3048 	EXP 	probe_2: autoDraw = True
837.2204 	EXP 	Device response: <KeyPress from None: t=837.2184949999792, value=z, duration=None>
837.2208 	EXP 	New trial (rep=29, index=112): <Trial 112 (112 in rep 29) data={'pos': np.int64(150), 'corr_resp': 'v', 'thisN': 112, 'thisTrialN': 112, 'thisRepN': 29}>
837.2223 	DATA 	Keypress: z
837.2370 	EXP 	fixation_2: autoDraw = False
837.2370 	EXP 	line_1: autoDraw = False
837.2370 	EXP 	line_2: autoDraw = False
837.2370 	EXP 	line_3: autoDraw = False
837.2370 	EXP 	line_4: autoDraw = False
837.2370 	EXP 	probe_2: autoDraw = False
837.2370 	EXP 	fixation_2: autoDraw = True
837.3217 	EXP 	Device response: <KeyPress from None: t=837.2184949999792, value=z, duration=0.09769960000994615>
838.2211 	EXP 	line_1: autoDraw = True
838.2211 	EXP 	line_2: autoDraw = True
838.2211 	EXP 	line_3: autoDraw = True
838.2211 	EXP 	line_4: autoDraw = True
838.2363 	EXP 	fixation_2: autoDraw = False
839.2212 	INFO 	Keyboard events cleared
839.2210 	EXP 	probe_2: autoDraw = True
840.2875 	EXP 	Device response: <KeyPress from None: t=840.2744813999743, value=v, duration=None>
840.2880 	EXP 	New trial (rep=30, index=113): <Trial 113 (113 in rep 30) data={'pos': np.int64(150), 'corr_resp': 'v', 'thisN': 113, 'thisTrialN': 113, 'thisRepN': 30}>
840.2895 	DATA 	Keypress: v
840.3043 	EXP 	fixation_2: autoDraw = False
840.3043 	EXP 	line_1: autoDraw = False
840.3043 	EXP 	line_2: autoDraw = False
840.3043 	EXP 	line_3: autoDraw = False
840.3043 	EXP 	line_4: autoDraw = False
840.3043 	EXP 	probe_2: autoDraw = False
840.3043 	EXP 	fixation_2: autoDraw = True
840.3706 	EXP 	Device response: <KeyPress from None: t=840.2744813999743, value=v, duration=0.09204990000580437>
841.2880 	EXP 	line_1: autoDraw = True
841.2880 	EXP 	line_2: autoDraw = True
841.2880 	EXP 	line_3: autoDraw = True
841.2880 	EXP 	line_4: autoDraw = True
841.3047 	EXP 	fixation_2: autoDraw = False
842.2880 	INFO 	Keyboard events cleared
842.2878 	EXP 	probe_2: autoDraw = True
843.7208 	EXP 	Device response: <KeyPress from None: t=843.7190984999761, value=v, duration=None>
843.7212 	EXP 	New trial (rep=25, index=114): <Trial 114 (114 in rep 25) data={'pos': np.int64(-150), 'corr_resp': 'z', 'thisN': 114, 'thisTrialN': 114, 'thisRepN': 25}>
843.7225 	DATA 	Keypress: v
843.7370 	EXP 	fixation_2: autoDraw = False
843.7370 	EXP 	line_1: autoDraw = False
843.7370 	EXP 	line_2: autoDraw = False
843.7370 	EXP 	line_3: autoDraw = False
843.7370 	EXP 	line_4: autoDraw = False
843.7370 	EXP 	probe_2: autoDraw = False
843.7370 	EXP 	fixation_2: autoDraw = True
843.8217 	EXP 	Device response: <KeyPress from None: t=843.7190984999761, value=v, duration=0.09193370002321899>
844.7208 	EXP 	line_1: autoDraw = True
844.7208 	EXP 	line_2: autoDraw = True
844.7208 	EXP 	line_3: autoDraw = True
844.7208 	EXP 	line_4: autoDraw = True
844.7383 	EXP 	fixation_2: autoDraw = False
845.7202 	INFO 	Keyboard events cleared
845.7200 	EXP 	probe_2: autoDraw = True
847.3554 	EXP 	Device response: <KeyPress from None: t=847.3461175999837, value=z, duration=None>
847.3559 	EXP 	New trial (rep=26, index=115): <Trial 115 (115 in rep 26) data={'pos': np.int64(-50), 'corr_resp': 'x', 'thisN': 115, 'thisTrialN': 115, 'thisRepN': 26}>
847.3573 	DATA 	Keypress: z
847.3696 	EXP 	fixation_2: autoDraw = False
847.3696 	EXP 	line_1: autoDraw = False
847.3696 	EXP 	line_2: autoDraw = False
847.3696 	EXP 	line_3: autoDraw = False
847.3696 	EXP 	line_4: autoDraw = False
847.3696 	EXP 	probe_2: autoDraw = False
847.3696 	EXP 	fixation_2: autoDraw = True
847.4544 	EXP 	Device response: <KeyPress from None: t=847.3461175999837, value=z, duration=0.1074945000000298>
848.3715 	EXP 	fixation_2: autoDraw = False
848.3715 	EXP 	line_1: autoDraw = True
848.3715 	EXP 	line_2: autoDraw = True
848.3715 	EXP 	line_3: autoDraw = True
848.3715 	EXP 	line_4: autoDraw = True
849.3553 	INFO 	Keyboard events cleared
849.3551 	EXP 	probe_2: autoDraw = True
851.1721 	EXP 	Device response: <KeyPress from None: t=851.1632773999881, value=x, duration=None>
851.1725 	EXP 	New trial (rep=27, index=116): <Trial 116 (116 in rep 27) data={'pos': np.int64(-50), 'corr_resp': 'x', 'thisN': 116, 'thisTrialN': 116, 'thisRepN': 27}>
851.1740 	DATA 	Keypress: x
851.1870 	EXP 	fixation_2: autoDraw = False
851.1870 	EXP 	line_1: autoDraw = False
851.1870 	EXP 	line_2: autoDraw = False
851.1870 	EXP 	line_3: autoDraw = False
851.1870 	EXP 	line_4: autoDraw = False
851.1870 	EXP 	probe_2: autoDraw = False
851.1870 	EXP 	fixation_2: autoDraw = True
851.2546 	EXP 	Device response: <KeyPress from None: t=851.1632773999881, value=x, duration=0.08957640000153333>
852.1881 	EXP 	fixation_2: autoDraw = False
852.1881 	EXP 	line_1: autoDraw = True
852.1881 	EXP 	line_2: autoDraw = True
852.1881 	EXP 	line_3: autoDraw = True
852.1881 	EXP 	line_4: autoDraw = True
853.1707 	INFO 	Keyboard events cleared
853.1705 	EXP 	probe_2: autoDraw = True
854.2374 	EXP 	Device response: <KeyPress from None: t=854.229928899993, value=x, duration=None>
854.2378 	EXP 	New trial (rep=28, index=117): <Trial 117 (117 in rep 28) data={'pos': np.int64(-50), 'corr_resp': 'x', 'thisN': 117, 'thisTrialN': 117, 'thisRepN': 28}>
854.2391 	DATA 	Keypress: x
854.2548 	EXP 	fixation_2: autoDraw = False
854.2548 	EXP 	line_1: autoDraw = False
854.2548 	EXP 	line_2: autoDraw = False
854.2548 	EXP 	line_3: autoDraw = False
854.2548 	EXP 	line_4: autoDraw = False
854.2548 	EXP 	probe_2: autoDraw = False
854.2548 	EXP 	fixation_2: autoDraw = True
854.3221 	EXP 	Device response: <KeyPress from None: t=854.229928899993, value=x, duration=0.08093880000524223>
855.2549 	EXP 	fixation_2: autoDraw = False
855.2549 	EXP 	line_1: autoDraw = True
855.2549 	EXP 	line_2: autoDraw = True
855.2549 	EXP 	line_3: autoDraw = True
855.2549 	EXP 	line_4: autoDraw = True
856.2382 	INFO 	Keyboard events cleared
856.2380 	EXP 	probe_2: autoDraw = True
857.4219 	EXP 	Device response: <KeyPress from None: t=857.4093988999957, value=x, duration=None>
857.4224 	EXP 	New trial (rep=32, index=118): <Trial 118 (118 in rep 32) data={'pos': np.int64(50), 'corr_resp': 'c', 'thisN': 118, 'thisTrialN': 118, 'thisRepN': 32}>
857.4240 	DATA 	Keypress: x
857.4372 	EXP 	fixation_2: autoDraw = False
857.4372 	EXP 	line_1: autoDraw = False
857.4372 	EXP 	line_2: autoDraw = False
857.4372 	EXP 	line_3: autoDraw = False
857.4372 	EXP 	line_4: autoDraw = False
857.4372 	EXP 	probe_2: autoDraw = False
857.4372 	EXP 	fixation_2: autoDraw = True
857.5209 	EXP 	Device response: <KeyPress from None: t=857.4093988999957, value=x, duration=0.10131869997712784>
858.4213 	EXP 	line_1: autoDraw = True
858.4213 	EXP 	line_2: autoDraw = True
858.4213 	EXP 	line_3: autoDraw = True
858.4213 	EXP 	line_4: autoDraw = True
858.4384 	EXP 	fixation_2: autoDraw = False
859.4218 	INFO 	Keyboard events cleared
859.4216 	EXP 	probe_2: autoDraw = True
860.9395 	DATA 	Keypress: c
860.9555 	EXP 	Device response: <KeyPress from None: t=860.937575399992, value=c, duration=None>
860.9561 	EXP 	New trial (rep=31, index=119): <Trial 119 (119 in rep 31) data={'pos': np.int64(150), 'corr_resp': 'v', 'thisN': 119, 'thisTrialN': 119, 'thisRepN': 31}>
860.9713 	EXP 	fixation_2: autoDraw = False
860.9713 	EXP 	line_1: autoDraw = False
860.9713 	EXP 	line_2: autoDraw = False
860.9713 	EXP 	line_3: autoDraw = False
860.9713 	EXP 	line_4: autoDraw = False
860.9713 	EXP 	probe_2: autoDraw = False
860.9713 	EXP 	fixation_2: autoDraw = True
861.0545 	EXP 	Device response: <KeyPress from None: t=860.937575399992, value=c, duration=0.10247549999621697>
861.9552 	EXP 	line_1: autoDraw = True
861.9552 	EXP 	line_2: autoDraw = True
861.9552 	EXP 	line_3: autoDraw = True
861.9552 	EXP 	line_4: autoDraw = True
861.9717 	EXP 	fixation_2: autoDraw = False
862.9551 	INFO 	Keyboard events cleared
862.9549 	EXP 	probe_2: autoDraw = True
864.1235 	DATA 	Keypress: v
864.1373 	EXP 	Device response: <KeyPress from None: t=864.1215990999772, value=v, duration=None>
864.1377 	EXP 	New trial (rep=32, index=120): <Trial 120 (120 in rep 32) data={'pos': np.int64(150), 'corr_resp': 'v', 'thisN': 120, 'thisTrialN': 120, 'thisRepN': 32}>
864.1550 	EXP 	fixation_2: autoDraw = False
864.1550 	EXP 	line_1: autoDraw = False
864.1550 	EXP 	line_2: autoDraw = False
864.1550 	EXP 	line_3: autoDraw = False
864.1550 	EXP 	line_4: autoDraw = False
864.1550 	EXP 	probe_2: autoDraw = False
864.1550 	EXP 	fixation_2: autoDraw = True
864.2212 	EXP 	Device response: <KeyPress from None: t=864.1215990999772, value=v, duration=0.0863596000126563>
865.1548 	EXP 	fixation_2: autoDraw = False
865.1548 	EXP 	line_1: autoDraw = True
865.1548 	EXP 	line_2: autoDraw = True
865.1548 	EXP 	line_3: autoDraw = True
865.1548 	EXP 	line_4: autoDraw = True
866.1390 	INFO 	Keyboard events cleared
866.1388 	EXP 	probe_2: autoDraw = True
867.2218 	EXP 	Device response: <KeyPress from None: t=867.2129796999798, value=v, duration=None>
867.2222 	EXP 	New trial (rep=33, index=121): <Trial 121 (121 in rep 33) data={'pos': np.int64(50), 'corr_resp': 'c', 'thisN': 121, 'thisTrialN': 121, 'thisRepN': 33}>
867.2236 	DATA 	Keypress: v
867.2380 	EXP 	fixation_2: autoDraw = False
867.2380 	EXP 	line_1: autoDraw = False
867.2380 	EXP 	line_2: autoDraw = False
867.2380 	EXP 	line_3: autoDraw = False
867.2380 	EXP 	line_4: autoDraw = False
867.2380 	EXP 	probe_2: autoDraw = False
867.2380 	EXP 	fixation_2: autoDraw = True
867.2881 	EXP 	Device response: <KeyPress from None: t=867.2129796999798, value=v, duration=0.06549410001025535>
868.2218 	EXP 	line_1: autoDraw = True
868.2218 	EXP 	line_2: autoDraw = True
868.2218 	EXP 	line_3: autoDraw = True
868.2218 	EXP 	line_4: autoDraw = True
868.2383 	EXP 	fixation_2: autoDraw = False
869.2221 	INFO 	Keyboard events cleared
869.2220 	EXP 	probe_2: autoDraw = True
870.1886 	EXP 	Device response: <KeyPress from None: t=870.179554399976, value=c, duration=None>
870.1891 	EXP 	New trial (rep=29, index=122): <Trial 122 (122 in rep 29) data={'pos': np.int64(-50), 'corr_resp': 'x', 'thisN': 122, 'thisTrialN': 122, 'thisRepN': 29}>
870.1905 	DATA 	Keypress: c
870.2038 	EXP 	fixation_2: autoDraw = False
870.2038 	EXP 	line_1: autoDraw = False
870.2038 	EXP 	line_2: autoDraw = False
870.2038 	EXP 	line_3: autoDraw = False
870.2038 	EXP 	line_4: autoDraw = False
870.2038 	EXP 	probe_2: autoDraw = False
870.2038 	EXP 	fixation_2: autoDraw = True
870.2873 	EXP 	Device response: <KeyPress from None: t=870.179554399976, value=c, duration=0.09614629999850877>
871.1867 	EXP 	line_1: autoDraw = True
871.1867 	EXP 	line_2: autoDraw = True
871.1867 	EXP 	line_3: autoDraw = True
871.1867 	EXP 	line_4: autoDraw = True
871.2049 	EXP 	fixation_2: autoDraw = False
872.1888 	INFO 	Keyboard events cleared
872.1886 	EXP 	probe_2: autoDraw = True
872.9884 	EXP 	Device response: <KeyPress from None: t=872.98535979999, value=x, duration=None>
872.9890 	EXP 	New trial (rep=33, index=123): <Trial 123 (123 in rep 33) data={'pos': np.int64(150), 'corr_resp': 'v', 'thisN': 123, 'thisTrialN': 123, 'thisRepN': 33}>
872.9904 	DATA 	Keypress: x
873.0034 	EXP 	fixation_2: autoDraw = False
873.0034 	EXP 	line_1: autoDraw = False
873.0034 	EXP 	line_2: autoDraw = False
873.0034 	EXP 	line_3: autoDraw = False
873.0034 	EXP 	line_4: autoDraw = False
873.0034 	EXP 	probe_2: autoDraw = False
873.0034 	EXP 	fixation_2: autoDraw = True
873.0887 	EXP 	Device response: <KeyPress from None: t=872.98535979999, value=x, duration=0.0967540999990888>
873.9882 	EXP 	line_1: autoDraw = True
873.9882 	EXP 	line_2: autoDraw = True
873.9882 	EXP 	line_3: autoDraw = True
873.9882 	EXP 	line_4: autoDraw = True
874.0048 	EXP 	fixation_2: autoDraw = False
874.9888 	INFO 	Keyboard events cleared
874.9886 	EXP 	probe_2: autoDraw = True
876.0540 	EXP 	Device response: <KeyPress from None: t=876.0445288999763, value=v, duration=None>
876.0544 	EXP 	New trial (rep=26, index=124): <Trial 124 (124 in rep 26) data={'pos': np.int64(-150), 'corr_resp': 'z', 'thisN': 124, 'thisTrialN': 124, 'thisRepN': 26}>
876.0558 	DATA 	Keypress: v
876.0709 	EXP 	fixation_2: autoDraw = False
876.0709 	EXP 	line_1: autoDraw = False
876.0709 	EXP 	line_2: autoDraw = False
876.0709 	EXP 	line_3: autoDraw = False
876.0709 	EXP 	line_4: autoDraw = False
876.0709 	EXP 	probe_2: autoDraw = False
876.0709 	EXP 	fixation_2: autoDraw = True
876.1391 	EXP 	Device response: <KeyPress from None: t=876.0445288999763, value=v, duration=0.08188720000907779>
877.0552 	EXP 	line_1: autoDraw = True
877.0552 	EXP 	line_2: autoDraw = True
877.0552 	EXP 	line_3: autoDraw = True
877.0552 	EXP 	line_4: autoDraw = True
877.0719 	EXP 	fixation_2: autoDraw = False
878.0552 	INFO 	Keyboard events cleared
878.0550 	EXP 	probe_2: autoDraw = True
878.8887 	EXP 	Device response: <KeyPress from None: t=878.8841848000011, value=z, duration=None>
878.8890 	EXP 	New trial (rep=34, index=125): <Trial 125 (125 in rep 34) data={'pos': np.int64(50), 'corr_resp': 'c', 'thisN': 125, 'thisTrialN': 125, 'thisRepN': 34}>
878.8906 	DATA 	Keypress: z
878.9035 	EXP 	fixation_2: autoDraw = False
878.9035 	EXP 	line_1: autoDraw = False
878.9035 	EXP 	line_2: autoDraw = False
878.9035 	EXP 	line_3: autoDraw = False
878.9035 	EXP 	line_4: autoDraw = False
878.9035 	EXP 	probe_2: autoDraw = False
878.9035 	EXP 	fixation_2: autoDraw = True
879.0044 	EXP 	Device response: <KeyPress from None: t=878.8841848000011, value=z, duration=0.11149069998646155>
879.8882 	EXP 	line_1: autoDraw = True
879.8882 	EXP 	line_2: autoDraw = True
879.8882 	EXP 	line_3: autoDraw = True
879.8882 	EXP 	line_4: autoDraw = True
879.9048 	EXP 	fixation_2: autoDraw = False
880.8887 	INFO 	Keyboard events cleared
880.8885 	EXP 	probe_2: autoDraw = True
881.8382 	EXP 	Device response: <KeyPress from None: t=881.8249693999824, value=c, duration=None>
881.8385 	EXP 	New trial (rep=27, index=126): <Trial 126 (126 in rep 27) data={'pos': np.int64(-150), 'corr_resp': 'z', 'thisN': 126, 'thisTrialN': 126, 'thisRepN': 27}>
881.8399 	DATA 	Keypress: c
881.8547 	EXP 	fixation_2: autoDraw = False
881.8547 	EXP 	line_1: autoDraw = False
881.8547 	EXP 	line_2: autoDraw = False
881.8547 	EXP 	line_3: autoDraw = False
881.8547 	EXP 	line_4: autoDraw = False
881.8547 	EXP 	probe_2: autoDraw = False
881.8547 	EXP 	fixation_2: autoDraw = True
881.9385 	EXP 	Device response: <KeyPress from None: t=881.8249693999824, value=c, duration=0.10931349999736995>
882.8385 	EXP 	line_1: autoDraw = True
882.8385 	EXP 	line_2: autoDraw = True
882.8385 	EXP 	line_3: autoDraw = True
882.8385 	EXP 	line_4: autoDraw = True
882.8556 	EXP 	fixation_2: autoDraw = False
883.8389 	INFO 	Keyboard events cleared
883.8387 	EXP 	probe_2: autoDraw = True
884.5884 	EXP 	Device response: <KeyPress from None: t=884.5873087999935, value=z, duration=None>
884.5888 	EXP 	New trial (rep=34, index=127): <Trial 127 (127 in rep 34) data={'pos': np.int64(150), 'corr_resp': 'v', 'thisN': 127, 'thisTrialN': 127, 'thisRepN': 34}>
884.5902 	DATA 	Keypress: z
884.6043 	EXP 	fixation_2: autoDraw = False
884.6043 	EXP 	line_1: autoDraw = False
884.6043 	EXP 	line_2: autoDraw = False
884.6043 	EXP 	line_3: autoDraw = False
884.6043 	EXP 	line_4: autoDraw = False
884.6043 	EXP 	probe_2: autoDraw = False
884.6043 	EXP 	fixation_2: autoDraw = True
884.7057 	EXP 	Device response: <KeyPress from None: t=884.5873087999935, value=z, duration=0.11358609999297187>
885.5887 	EXP 	line_1: autoDraw = True
885.5887 	EXP 	line_2: autoDraw = True
885.5887 	EXP 	line_3: autoDraw = True
885.5887 	EXP 	line_4: autoDraw = True
885.6056 	EXP 	fixation_2: autoDraw = False
886.5890 	INFO 	Keyboard events cleared
886.5888 	EXP 	probe_2: autoDraw = True
887.5725 	EXP 	Device response: <KeyPress from None: t=887.5631049999793, value=v, duration=None>
887.5730 	EXP 	New trial (rep=28, index=128): <Trial 128 (128 in rep 28) data={'pos': np.int64(-150), 'corr_resp': 'z', 'thisN': 128, 'thisTrialN': 128, 'thisRepN': 28}>
887.5747 	DATA 	Keypress: v
887.5876 	EXP 	fixation_2: autoDraw = False
887.5876 	EXP 	line_1: autoDraw = False
887.5876 	EXP 	line_2: autoDraw = False
887.5876 	EXP 	line_3: autoDraw = False
887.5876 	EXP 	line_4: autoDraw = False
887.5876 	EXP 	probe_2: autoDraw = False
887.5876 	EXP 	fixation_2: autoDraw = True
887.6559 	EXP 	Device response: <KeyPress from None: t=887.5631049999793, value=v, duration=0.0818804000155069>
888.5884 	EXP 	fixation_2: autoDraw = False
888.5884 	EXP 	line_1: autoDraw = True
888.5884 	EXP 	line_2: autoDraw = True
888.5884 	EXP 	line_3: autoDraw = True
888.5884 	EXP 	line_4: autoDraw = True
889.5887 	INFO 	Keyboard events cleared
889.5885 	EXP 	probe_2: autoDraw = True
890.3051 	EXP 	Device response: <KeyPress from None: t=890.3035813999886, value=z, duration=None>
890.3055 	EXP 	New trial (rep=30, index=129): <Trial 129 (129 in rep 30) data={'pos': np.int64(-50), 'corr_resp': 'x', 'thisN': 129, 'thisTrialN': 129, 'thisRepN': 30}>
890.3068 	DATA 	Keypress: z
890.3204 	EXP 	fixation_2: autoDraw = False
890.3204 	EXP 	line_1: autoDraw = False
890.3204 	EXP 	line_2: autoDraw = False
890.3204 	EXP 	line_3: autoDraw = False
890.3204 	EXP 	line_4: autoDraw = False
890.3204 	EXP 	probe_2: autoDraw = False
890.3204 	EXP 	fixation_2: autoDraw = True
890.4217 	EXP 	Device response: <KeyPress from None: t=890.3035813999886, value=z, duration=0.10731289998511784>
891.3053 	EXP 	line_1: autoDraw = True
891.3053 	EXP 	line_2: autoDraw = True
891.3053 	EXP 	line_3: autoDraw = True
891.3053 	EXP 	line_4: autoDraw = True
891.3217 	EXP 	fixation_2: autoDraw = False
892.3057 	INFO 	Keyboard events cleared
892.3055 	EXP 	probe_2: autoDraw = True
892.9581 	DATA 	Keypress: x
892.9715 	EXP 	Device response: <KeyPress from None: t=892.956033399998, value=x, duration=None>
892.9719 	EXP 	New trial (rep=31, index=130): <Trial 130 (130 in rep 31) data={'pos': np.int64(-50), 'corr_resp': 'x', 'thisN': 130, 'thisTrialN': 130, 'thisRepN': 31}>
892.9886 	EXP 	fixation_2: autoDraw = False
892.9886 	EXP 	line_1: autoDraw = False
892.9886 	EXP 	line_2: autoDraw = False
892.9886 	EXP 	line_3: autoDraw = False
892.9886 	EXP 	line_4: autoDraw = False
892.9886 	EXP 	probe_2: autoDraw = False
892.9886 	EXP 	fixation_2: autoDraw = True
893.0716 	EXP 	Device response: <KeyPress from None: t=892.956033399998, value=x, duration=0.10112889998708852>
893.9709 	EXP 	line_1: autoDraw = True
893.9709 	EXP 	line_2: autoDraw = True
893.9709 	EXP 	line_3: autoDraw = True
893.9709 	EXP 	line_4: autoDraw = True
893.9888 	EXP 	fixation_2: autoDraw = False
894.9721 	INFO 	Keyboard events cleared
894.9719 	EXP 	probe_2: autoDraw = True
895.7219 	EXP 	Device response: <KeyPress from None: t=895.7113968999765, value=x, duration=None>
895.7223 	EXP 	New trial (rep=29, index=131): <Trial 131 (131 in rep 29) data={'pos': np.int64(-150), 'corr_resp': 'z', 'thisN': 131, 'thisTrialN': 131, 'thisRepN': 29}>
895.7236 	DATA 	Keypress: x
895.7371 	EXP 	fixation_2: autoDraw = False
895.7371 	EXP 	line_1: autoDraw = False
895.7371 	EXP 	line_2: autoDraw = False
895.7371 	EXP 	line_3: autoDraw = False
895.7371 	EXP 	line_4: autoDraw = False
895.7371 	EXP 	probe_2: autoDraw = False
895.7371 	EXP 	fixation_2: autoDraw = True
895.8393 	EXP 	Device response: <KeyPress from None: t=895.7113968999765, value=x, duration=0.11714159999974072>
896.7221 	EXP 	line_1: autoDraw = True
896.7221 	EXP 	line_2: autoDraw = True
896.7221 	EXP 	line_3: autoDraw = True
896.7221 	EXP 	line_4: autoDraw = True
896.7387 	EXP 	fixation_2: autoDraw = False
897.7223 	INFO 	Keyboard events cleared
897.7220 	EXP 	probe_2: autoDraw = True
898.4390 	EXP 	Device response: <KeyPress from None: t=898.4307137999858, value=z, duration=None>
898.4396 	EXP 	New trial (rep=30, index=132): <Trial 132 (132 in rep 30) data={'pos': np.int64(-150), 'corr_resp': 'z', 'thisN': 132, 'thisTrialN': 132, 'thisRepN': 30}>
898.4414 	DATA 	Keypress: z
898.4545 	EXP 	fixation_2: autoDraw = False
898.4545 	EXP 	line_1: autoDraw = False
898.4545 	EXP 	line_2: autoDraw = False
898.4545 	EXP 	line_3: autoDraw = False
898.4545 	EXP 	line_4: autoDraw = False
898.4545 	EXP 	probe_2: autoDraw = False
898.4545 	EXP 	fixation_2: autoDraw = True
898.5546 	EXP 	Device response: <KeyPress from None: t=898.4307137999858, value=z, duration=0.11066120001487434>
899.4389 	EXP 	line_1: autoDraw = True
899.4389 	EXP 	line_2: autoDraw = True
899.4389 	EXP 	line_3: autoDraw = True
899.4389 	EXP 	line_4: autoDraw = True
899.4557 	EXP 	fixation_2: autoDraw = False
900.4393 	INFO 	Keyboard events cleared
900.4391 	EXP 	probe_2: autoDraw = True
901.1724 	EXP 	Device response: <KeyPress from None: t=901.165811999992, value=z, duration=None>
901.1728 	EXP 	New trial (rep=31, index=133): <Trial 133 (133 in rep 31) data={'pos': np.int64(-150), 'corr_resp': 'z', 'thisN': 133, 'thisTrialN': 133, 'thisRepN': 31}>
901.1742 	DATA 	Keypress: z
901.1881 	EXP 	fixation_2: autoDraw = False
901.1881 	EXP 	line_1: autoDraw = False
901.1881 	EXP 	line_2: autoDraw = False
901.1881 	EXP 	line_3: autoDraw = False
901.1881 	EXP 	line_4: autoDraw = False
901.1881 	EXP 	probe_2: autoDraw = False
901.1881 	EXP 	fixation_2: autoDraw = True
901.2880 	EXP 	Device response: <KeyPress from None: t=901.165811999992, value=z, duration=0.1172919999808073>
902.1725 	EXP 	line_1: autoDraw = True
902.1725 	EXP 	line_2: autoDraw = True
902.1725 	EXP 	line_3: autoDraw = True
902.1725 	EXP 	line_4: autoDraw = True
902.1887 	EXP 	fixation_2: autoDraw = False
903.1727 	INFO 	Keyboard events cleared
903.1725 	EXP 	probe_2: autoDraw = True
903.9224 	EXP 	Device response: <KeyPress from None: t=903.9120040999842, value=z, duration=None>
903.9230 	EXP 	New trial (rep=32, index=134): <Trial 134 (134 in rep 32) data={'pos': np.int64(-150), 'corr_resp': 'z', 'thisN': 134, 'thisTrialN': 134, 'thisRepN': 32}>
903.9247 	DATA 	Keypress: z
903.9380 	EXP 	fixation_2: autoDraw = False
903.9380 	EXP 	line_1: autoDraw = False
903.9380 	EXP 	line_2: autoDraw = False
903.9380 	EXP 	line_3: autoDraw = False
903.9380 	EXP 	line_4: autoDraw = False
903.9380 	EXP 	probe_2: autoDraw = False
903.9380 	EXP 	fixation_2: autoDraw = True
904.0380 	EXP 	Device response: <KeyPress from None: t=903.9120040999842, value=z, duration=0.11576429998967797>
904.9223 	EXP 	line_1: autoDraw = True
904.9223 	EXP 	line_2: autoDraw = True
904.9223 	EXP 	line_3: autoDraw = True
904.9223 	EXP 	line_4: autoDraw = True
904.9393 	EXP 	fixation_2: autoDraw = False
905.9227 	INFO 	Keyboard events cleared
905.9225 	EXP 	probe_2: autoDraw = True
906.5049 	EXP 	Device response: <KeyPress from None: t=906.4910514999938, value=z, duration=None>
906.5053 	EXP 	New trial (rep=33, index=135): <Trial 135 (135 in rep 33) data={'pos': np.int64(-150), 'corr_resp': 'z', 'thisN': 135, 'thisTrialN': 135, 'thisRepN': 33}>
906.5067 	DATA 	Keypress: z
906.5213 	EXP 	fixation_2: autoDraw = False
906.5213 	EXP 	line_1: autoDraw = False
906.5213 	EXP 	line_2: autoDraw = False
906.5213 	EXP 	line_3: autoDraw = False
906.5213 	EXP 	line_4: autoDraw = False
906.5213 	EXP 	probe_2: autoDraw = False
906.5213 	EXP 	fixation_2: autoDraw = True
906.6220 	EXP 	Device response: <KeyPress from None: t=906.4910514999938, value=z, duration=0.12332539999624714>
907.5211 	EXP 	fixation_2: autoDraw = False
907.5211 	EXP 	line_1: autoDraw = True
907.5211 	EXP 	line_2: autoDraw = True
907.5211 	EXP 	line_3: autoDraw = True
907.5211 	EXP 	line_4: autoDraw = True
908.5063 	INFO 	Keyboard events cleared
908.5061 	EXP 	probe_2: autoDraw = True
908.9077 	DATA 	Keypress: z
908.9231 	EXP 	Device response: <KeyPress from None: t=908.9057738999836, value=z, duration=None>
908.9236 	EXP 	New trial (rep=32, index=136): <Trial 136 (136 in rep 32) data={'pos': np.int64(-50), 'corr_resp': 'x', 'thisN': 136, 'thisTrialN': 136, 'thisRepN': 32}>
908.9379 	EXP 	fixation_2: autoDraw = False
908.9379 	EXP 	line_1: autoDraw = False
908.9379 	EXP 	line_2: autoDraw = False
908.9379 	EXP 	line_3: autoDraw = False
908.9379 	EXP 	line_4: autoDraw = False
908.9379 	EXP 	probe_2: autoDraw = False
908.9379 	EXP 	fixation_2: autoDraw = True
909.0052 	EXP 	Device response: <KeyPress from None: t=908.9057738999836, value=z, duration=0.09713599999668077>
909.9376 	EXP 	fixation_2: autoDraw = False
909.9376 	EXP 	line_1: autoDraw = True
909.9376 	EXP 	line_2: autoDraw = True
909.9376 	EXP 	line_3: autoDraw = True
909.9376 	EXP 	line_4: autoDraw = True
910.9382 	INFO 	Keyboard events cleared
910.9380 	EXP 	probe_2: autoDraw = True
912.0389 	EXP 	Device response: <KeyPress from None: t=912.0326923999819, value=x, duration=None>
912.0392 	EXP 	New trial (rep=35, index=137): <Trial 137 (137 in rep 35) data={'pos': np.int64(50), 'corr_resp': 'c', 'thisN': 137, 'thisTrialN': 137, 'thisRepN': 35}>
912.0407 	DATA 	Keypress: x
912.0547 	EXP 	fixation_2: autoDraw = False
912.0547 	EXP 	line_1: autoDraw = False
912.0547 	EXP 	line_2: autoDraw = False
912.0547 	EXP 	line_3: autoDraw = False
912.0547 	EXP 	line_4: autoDraw = False
912.0547 	EXP 	probe_2: autoDraw = False
912.0547 	EXP 	fixation_2: autoDraw = True
912.1560 	EXP 	Device response: <KeyPress from None: t=912.0326923999819, value=x, duration=0.10797620000084862>
913.0389 	EXP 	line_1: autoDraw = True
913.0389 	EXP 	line_2: autoDraw = True
913.0389 	EXP 	line_3: autoDraw = True
913.0389 	EXP 	line_4: autoDraw = True
913.0555 	EXP 	fixation_2: autoDraw = False
914.0391 	INFO 	Keyboard events cleared
914.0389 	EXP 	probe_2: autoDraw = True
914.8716 	EXP 	Device response: <KeyPress from None: t=914.866193599999, value=c, duration=None>
914.8719 	EXP 	New trial (rep=36, index=138): <Trial 138 (138 in rep 36) data={'pos': np.int64(50), 'corr_resp': 'c', 'thisN': 138, 'thisTrialN': 138, 'thisRepN': 36}>
914.8733 	DATA 	Keypress: c
914.8881 	EXP 	fixation_2: autoDraw = False
914.8881 	EXP 	line_1: autoDraw = False
914.8881 	EXP 	line_2: autoDraw = False
914.8881 	EXP 	line_3: autoDraw = False
914.8881 	EXP 	line_4: autoDraw = False
914.8881 	EXP 	probe_2: autoDraw = False
914.8881 	EXP 	fixation_2: autoDraw = True
914.9723 	EXP 	Device response: <KeyPress from None: t=914.866193599999, value=c, duration=0.10077920000185259>
915.8718 	EXP 	line_1: autoDraw = True
915.8718 	EXP 	line_2: autoDraw = True
915.8718 	EXP 	line_3: autoDraw = True
915.8718 	EXP 	line_4: autoDraw = True
915.8889 	EXP 	fixation_2: autoDraw = False
916.8727 	INFO 	Keyboard events cleared
916.8725 	EXP 	probe_2: autoDraw = True
917.9369 	EXP 	Device response: <KeyPress from None: t=917.9307977999852, value=c, duration=None>
917.9374 	EXP 	New trial (rep=33, index=139): <Trial 139 (139 in rep 33) data={'pos': np.int64(-50), 'corr_resp': 'x', 'thisN': 139, 'thisTrialN': 139, 'thisRepN': 33}>
917.9392 	DATA 	Keypress: c
917.9556 	EXP 	fixation_2: autoDraw = False
917.9556 	EXP 	line_1: autoDraw = False
917.9556 	EXP 	line_2: autoDraw = False
917.9556 	EXP 	line_3: autoDraw = False
917.9556 	EXP 	line_4: autoDraw = False
917.9556 	EXP 	probe_2: autoDraw = False
917.9556 	EXP 	fixation_2: autoDraw = True
918.0388 	EXP 	Device response: <KeyPress from None: t=917.9307977999852, value=c, duration=0.09706450000521727>
918.9394 	EXP 	line_1: autoDraw = True
918.9394 	EXP 	line_2: autoDraw = True
918.9394 	EXP 	line_3: autoDraw = True
918.9394 	EXP 	line_4: autoDraw = True
918.9559 	EXP 	fixation_2: autoDraw = False
919.9391 	INFO 	Keyboard events cleared
919.9389 	EXP 	probe_2: autoDraw = True
920.7218 	EXP 	Device response: <KeyPress from None: t=920.7166764999856, value=x, duration=None>
920.7222 	EXP 	New trial (rep=34, index=140): <Trial 140 (140 in rep 34) data={'pos': np.int64(-150), 'corr_resp': 'z', 'thisN': 140, 'thisTrialN': 140, 'thisRepN': 34}>
920.7235 	DATA 	Keypress: x
920.7384 	EXP 	fixation_2: autoDraw = False
920.7384 	EXP 	line_1: autoDraw = False
920.7384 	EXP 	line_2: autoDraw = False
920.7384 	EXP 	line_3: autoDraw = False
920.7384 	EXP 	line_4: autoDraw = False
920.7384 	EXP 	probe_2: autoDraw = False
920.7384 	EXP 	fixation_2: autoDraw = True
920.8387 	EXP 	Device response: <KeyPress from None: t=920.7166764999856, value=x, duration=0.10659129999112338>
921.7217 	EXP 	line_1: autoDraw = True
921.7217 	EXP 	line_2: autoDraw = True
921.7217 	EXP 	line_3: autoDraw = True
921.7217 	EXP 	line_4: autoDraw = True
921.7388 	EXP 	fixation_2: autoDraw = False
922.7227 	INFO 	Keyboard events cleared
922.7225 	EXP 	probe_2: autoDraw = True
923.8730 	EXP 	Device response: <KeyPress from None: t=923.8696974999912, value=z, duration=None>
923.8734 	EXP 	New trial (rep=34, index=141): <Trial 141 (141 in rep 34) data={'pos': np.int64(-50), 'corr_resp': 'x', 'thisN': 141, 'thisTrialN': 141, 'thisRepN': 34}>
923.8752 	DATA 	Keypress: z
923.8882 	EXP 	fixation_2: autoDraw = False
923.8882 	EXP 	line_1: autoDraw = False
923.8882 	EXP 	line_2: autoDraw = False
923.8882 	EXP 	line_3: autoDraw = False
923.8882 	EXP 	line_4: autoDraw = False
923.8882 	EXP 	probe_2: autoDraw = False
923.8882 	EXP 	fixation_2: autoDraw = True
923.9727 	EXP 	Device response: <KeyPress from None: t=923.8696974999912, value=z, duration=0.088106000010157>
924.8727 	EXP 	line_1: autoDraw = True
924.8727 	EXP 	line_2: autoDraw = True
924.8727 	EXP 	line_3: autoDraw = True
924.8727 	EXP 	line_4: autoDraw = True
924.8886 	EXP 	fixation_2: autoDraw = False
925.8713 	INFO 	Keyboard events cleared
925.8711 	EXP 	probe_2: autoDraw = True
926.9242 	DATA 	Keypress: x
926.9393 	EXP 	Device response: <KeyPress from None: t=926.9223794999998, value=x, duration=None>
926.9398 	EXP 	New trial (rep=35, index=142): <Trial 142 (142 in rep 35) data={'pos': np.int64(-150), 'corr_resp': 'z', 'thisN': 142, 'thisTrialN': 142, 'thisRepN': 35}>
926.9558 	EXP 	fixation_2: autoDraw = False
926.9558 	EXP 	line_1: autoDraw = False
926.9558 	EXP 	line_2: autoDraw = False
926.9558 	EXP 	line_3: autoDraw = False
926.9558 	EXP 	line_4: autoDraw = False
926.9558 	EXP 	probe_2: autoDraw = False
926.9558 	EXP 	fixation_2: autoDraw = True
927.0554 	EXP 	Device response: <KeyPress from None: t=926.9223794999998, value=x, duration=0.11653579998528585>
927.9393 	EXP 	line_1: autoDraw = True
927.9393 	EXP 	line_2: autoDraw = True
927.9393 	EXP 	line_3: autoDraw = True
927.9393 	EXP 	line_4: autoDraw = True
927.9558 	EXP 	fixation_2: autoDraw = False
928.9559 	INFO 	Keyboard events cleared
928.9556 	EXP 	probe_2: autoDraw = True
929.7882 	EXP 	Device response: <KeyPress from None: t=929.7747697999876, value=z, duration=None>
929.7887 	EXP 	New trial (rep=35, index=143): <Trial 143 (143 in rep 35) data={'pos': np.int64(150), 'corr_resp': 'v', 'thisN': 143, 'thisTrialN': 143, 'thisRepN': 35}>
929.7901 	DATA 	Keypress: z
929.8061 	EXP 	fixation_2: autoDraw = False
929.8061 	EXP 	line_1: autoDraw = False
929.8061 	EXP 	line_2: autoDraw = False
929.8061 	EXP 	line_3: autoDraw = False
929.8061 	EXP 	line_4: autoDraw = False
929.8061 	EXP 	probe_2: autoDraw = False
929.8061 	EXP 	fixation_2: autoDraw = True
929.9078 	EXP 	Device response: <KeyPress from None: t=929.7747697999876, value=z, duration=0.13196719999541529>
930.7894 	EXP 	line_1: autoDraw = True
930.7894 	EXP 	line_2: autoDraw = True
930.7894 	EXP 	line_3: autoDraw = True
930.7894 	EXP 	line_4: autoDraw = True
930.8063 	EXP 	fixation_2: autoDraw = False
931.7889 	INFO 	Keyboard events cleared
931.7887 	EXP 	probe_2: autoDraw = True
933.0731 	EXP 	Device response: <KeyPress from None: t=933.0616198999924, value=v, duration=None>
933.0736 	EXP 	New trial (rep=37, index=144): <Trial 144 (144 in rep 37) data={'pos': np.int64(50), 'corr_resp': 'c', 'thisN': 144, 'thisTrialN': 144, 'thisRepN': 37}>
933.0752 	DATA 	Keypress: v
933.0883 	EXP 	fixation_2: autoDraw = False
933.0883 	EXP 	line_1: autoDraw = False
933.0883 	EXP 	line_2: autoDraw = False
933.0883 	EXP 	line_3: autoDraw = False
933.0883 	EXP 	line_4: autoDraw = False
933.0883 	EXP 	probe_2: autoDraw = False
933.0883 	EXP 	fixation_2: autoDraw = True
933.1886 	EXP 	Device response: <KeyPress from None: t=933.0616198999924, value=v, duration=0.11212229999364354>
934.0728 	EXP 	line_1: autoDraw = True
934.0728 	EXP 	line_2: autoDraw = True
934.0728 	EXP 	line_3: autoDraw = True
934.0728 	EXP 	line_4: autoDraw = True
934.0896 	EXP 	fixation_2: autoDraw = False
935.0720 	INFO 	Keyboard events cleared
935.0717 	EXP 	probe_2: autoDraw = True
936.1749 	DATA 	Keypress: c
936.1899 	EXP 	Device response: <KeyPress from None: t=936.1742291999981, value=c, duration=None>
936.1905 	EXP 	New trial (rep=36, index=145): <Trial 145 (145 in rep 36) data={'pos': np.int64(-150), 'corr_resp': 'z', 'thisN': 145, 'thisTrialN': 145, 'thisRepN': 36}>
936.2060 	EXP 	fixation_2: autoDraw = False
936.2060 	EXP 	line_1: autoDraw = False
936.2060 	EXP 	line_2: autoDraw = False
936.2060 	EXP 	line_3: autoDraw = False
936.2060 	EXP 	line_4: autoDraw = False
936.2060 	EXP 	probe_2: autoDraw = False
936.2060 	EXP 	fixation_2: autoDraw = True
936.2724 	EXP 	Device response: <KeyPress from None: t=936.1742291999981, value=c, duration=0.08732289998442866>
937.2056 	EXP 	fixation_2: autoDraw = False
937.2056 	EXP 	line_1: autoDraw = True
937.2056 	EXP 	line_2: autoDraw = True
937.2056 	EXP 	line_3: autoDraw = True
937.2056 	EXP 	line_4: autoDraw = True
938.2065 	INFO 	Keyboard events cleared
938.2063 	EXP 	probe_2: autoDraw = True
939.0391 	EXP 	Device response: <KeyPress from None: t=939.0283006999816, value=z, duration=None>
939.0396 	EXP 	New trial (rep=38, index=146): <Trial 146 (146 in rep 38) data={'pos': np.int64(50), 'corr_resp': 'c', 'thisN': 146, 'thisTrialN': 146, 'thisRepN': 38}>
939.0411 	DATA 	Keypress: z
939.0563 	EXP 	fixation_2: autoDraw = False
939.0563 	EXP 	line_1: autoDraw = False
939.0563 	EXP 	line_2: autoDraw = False
939.0563 	EXP 	line_3: autoDraw = False
939.0563 	EXP 	line_4: autoDraw = False
939.0563 	EXP 	probe_2: autoDraw = False
939.0563 	EXP 	fixation_2: autoDraw = True
939.1565 	EXP 	Device response: <KeyPress from None: t=939.0283006999816, value=z, duration=0.11666230001719669>
940.0385 	EXP 	line_1: autoDraw = True
940.0385 	EXP 	line_2: autoDraw = True
940.0385 	EXP 	line_3: autoDraw = True
940.0385 	EXP 	line_4: autoDraw = True
940.0728 	EXP 	fixation_2: autoDraw = False
941.0383 	INFO 	Keyboard events cleared
941.0382 	EXP 	probe_2: autoDraw = True
941.8555 	EXP 	Device response: <KeyPress from None: t=941.852327999979, value=c, duration=None>
941.8559 	EXP 	New trial (rep=39, index=147): <Trial 147 (147 in rep 39) data={'pos': np.int64(50), 'corr_resp': 'c', 'thisN': 147, 'thisTrialN': 147, 'thisRepN': 39}>
941.8573 	DATA 	Keypress: c
941.8720 	EXP 	fixation_2: autoDraw = False
941.8720 	EXP 	line_1: autoDraw = False
941.8720 	EXP 	line_2: autoDraw = False
941.8720 	EXP 	line_3: autoDraw = False
941.8720 	EXP 	line_4: autoDraw = False
941.8720 	EXP 	probe_2: autoDraw = False
941.8720 	EXP 	fixation_2: autoDraw = True
941.9594 	EXP 	Device response: <KeyPress from None: t=941.852327999979, value=c, duration=0.10555360000580549>
942.8565 	EXP 	line_1: autoDraw = True
942.8565 	EXP 	line_2: autoDraw = True
942.8565 	EXP 	line_3: autoDraw = True
942.8565 	EXP 	line_4: autoDraw = True
942.8731 	EXP 	fixation_2: autoDraw = False
943.8565 	INFO 	Keyboard events cleared
943.8563 	EXP 	probe_2: autoDraw = True
944.7570 	EXP 	Device response: <KeyPress from None: t=944.7493477999815, value=c, duration=None>
944.7575 	EXP 	New trial (rep=36, index=148): <Trial 148 (148 in rep 36) data={'pos': np.int64(150), 'corr_resp': 'v', 'thisN': 148, 'thisTrialN': 148, 'thisRepN': 36}>
944.7592 	DATA 	Keypress: c
944.7715 	EXP 	fixation_2: autoDraw = False
944.7715 	EXP 	line_1: autoDraw = False
944.7715 	EXP 	line_2: autoDraw = False
944.7715 	EXP 	line_3: autoDraw = False
944.7715 	EXP 	line_4: autoDraw = False
944.7715 	EXP 	probe_2: autoDraw = False
944.7715 	EXP 	fixation_2: autoDraw = True
944.8569 	EXP 	Device response: <KeyPress from None: t=944.7493477999815, value=c, duration=0.09274720001849346>
945.7729 	EXP 	fixation_2: autoDraw = False
945.7729 	EXP 	line_1: autoDraw = True
945.7729 	EXP 	line_2: autoDraw = True
945.7729 	EXP 	line_3: autoDraw = True
945.7729 	EXP 	line_4: autoDraw = True
946.7728 	INFO 	Keyboard events cleared
946.7726 	EXP 	probe_2: autoDraw = True
947.5581 	DATA 	Keypress: v
947.5728 	EXP 	Device response: <KeyPress from None: t=947.5574448999832, value=v, duration=None>
947.5732 	EXP 	New trial (rep=40, index=149): <Trial 149 (149 in rep 40) data={'pos': np.int64(50), 'corr_resp': 'c', 'thisN': 149, 'thisTrialN': 149, 'thisRepN': 40}>
947.5891 	EXP 	fixation_2: autoDraw = False
947.5891 	EXP 	line_1: autoDraw = False
947.5891 	EXP 	line_2: autoDraw = False
947.5891 	EXP 	line_3: autoDraw = False
947.5891 	EXP 	line_4: autoDraw = False
947.5891 	EXP 	probe_2: autoDraw = False
947.5891 	EXP 	fixation_2: autoDraw = True
947.6554 	EXP 	Device response: <KeyPress from None: t=947.5574448999832, value=v, duration=0.08484470000257716>
948.5894 	EXP 	fixation_2: autoDraw = False
948.5894 	EXP 	line_1: autoDraw = True
948.5894 	EXP 	line_2: autoDraw = True
948.5894 	EXP 	line_3: autoDraw = True
948.5894 	EXP 	line_4: autoDraw = True
949.5726 	INFO 	Keyboard events cleared
949.5724 	EXP 	probe_2: autoDraw = True
950.5055 	EXP 	Device response: <KeyPress from None: t=950.5024384999997, value=c, duration=None>
950.5060 	EXP 	New trial (rep=35, index=150): <Trial 150 (150 in rep 35) data={'pos': np.int64(-50), 'corr_resp': 'x', 'thisN': 150, 'thisTrialN': 150, 'thisRepN': 35}>
950.5074 	DATA 	Keypress: c
950.5213 	EXP 	fixation_2: autoDraw = False
950.5213 	EXP 	line_1: autoDraw = False
950.5213 	EXP 	line_2: autoDraw = False
950.5213 	EXP 	line_3: autoDraw = False
950.5213 	EXP 	line_4: autoDraw = False
950.5213 	EXP 	probe_2: autoDraw = False
950.5213 	EXP 	fixation_2: autoDraw = True
950.6228 	EXP 	Device response: <KeyPress from None: t=950.5024384999997, value=c, duration=0.1052598999813199>
951.5059 	EXP 	line_1: autoDraw = True
951.5059 	EXP 	line_2: autoDraw = True
951.5059 	EXP 	line_3: autoDraw = True
951.5059 	EXP 	line_4: autoDraw = True
951.5230 	EXP 	fixation_2: autoDraw = False
952.5066 	INFO 	Keyboard events cleared
952.5064 	EXP 	probe_2: autoDraw = True
953.2739 	EXP 	Device response: <KeyPress from None: t=953.2640746999823, value=x, duration=None>
953.2743 	EXP 	New trial (rep=36, index=151): <Trial 151 (151 in rep 36) data={'pos': np.int64(-50), 'corr_resp': 'x', 'thisN': 151, 'thisTrialN': 151, 'thisRepN': 36}>
953.2757 	DATA 	Keypress: x
953.2883 	EXP 	fixation_2: autoDraw = False
953.2883 	EXP 	line_1: autoDraw = False
953.2883 	EXP 	line_2: autoDraw = False
953.2883 	EXP 	line_3: autoDraw = False
953.2883 	EXP 	line_4: autoDraw = False
953.2883 	EXP 	probe_2: autoDraw = False
953.2883 	EXP 	fixation_2: autoDraw = True
953.3723 	EXP 	Device response: <KeyPress from None: t=953.2640746999823, value=x, duration=0.10540369999944232>
954.2895 	EXP 	fixation_2: autoDraw = False
954.2895 	EXP 	line_1: autoDraw = True
954.2895 	EXP 	line_2: autoDraw = True
954.2895 	EXP 	line_3: autoDraw = True
954.2895 	EXP 	line_4: autoDraw = True
955.2901 	INFO 	Keyboard events cleared
955.2899 	EXP 	probe_2: autoDraw = True
956.1585 	DATA 	Keypress: x
956.1735 	EXP 	Device response: <KeyPress from None: t=956.1577748999989, value=x, duration=None>
956.1740 	EXP 	New trial (rep=37, index=152): <Trial 152 (152 in rep 37) data={'pos': np.int64(150), 'corr_resp': 'v', 'thisN': 152, 'thisTrialN': 152, 'thisRepN': 37}>
956.1904 	EXP 	fixation_2: autoDraw = False
956.1904 	EXP 	line_1: autoDraw = False
956.1904 	EXP 	line_2: autoDraw = False
956.1904 	EXP 	line_3: autoDraw = False
956.1904 	EXP 	line_4: autoDraw = False
956.1904 	EXP 	probe_2: autoDraw = False
956.1904 	EXP 	fixation_2: autoDraw = True
956.2561 	EXP 	Device response: <KeyPress from None: t=956.1577748999989, value=x, duration=0.09725739998975769>
957.1729 	EXP 	line_1: autoDraw = True
957.1729 	EXP 	line_2: autoDraw = True
957.1729 	EXP 	line_3: autoDraw = True
957.1729 	EXP 	line_4: autoDraw = True
957.1883 	EXP 	fixation_2: autoDraw = False
958.1732 	INFO 	Keyboard events cleared
958.1730 	EXP 	probe_2: autoDraw = True
959.2224 	EXP 	Device response: <KeyPress from None: t=959.2106299999868, value=v, duration=None>
959.2228 	EXP 	New trial (rep=38, index=153): <Trial 153 (153 in rep 38) data={'pos': np.int64(150), 'corr_resp': 'v', 'thisN': 153, 'thisTrialN': 153, 'thisRepN': 38}>
959.2241 	DATA 	Keypress: v
959.2390 	EXP 	fixation_2: autoDraw = False
959.2390 	EXP 	line_1: autoDraw = False
959.2390 	EXP 	line_2: autoDraw = False
959.2390 	EXP 	line_3: autoDraw = False
959.2390 	EXP 	line_4: autoDraw = False
959.2390 	EXP 	probe_2: autoDraw = False
959.2390 	EXP 	fixation_2: autoDraw = True
959.3072 	EXP 	Device response: <KeyPress from None: t=959.2106299999868, value=v, duration=0.08767569999326952>
960.2232 	EXP 	line_1: autoDraw = True
960.2232 	EXP 	line_2: autoDraw = True
960.2232 	EXP 	line_3: autoDraw = True
960.2232 	EXP 	line_4: autoDraw = True
960.2403 	EXP 	fixation_2: autoDraw = False
961.2235 	INFO 	Keyboard events cleared
961.2233 	EXP 	probe_2: autoDraw = True
962.0061 	EXP 	Device response: <KeyPress from None: t=961.9932529999933, value=v, duration=None>
962.0065 	EXP 	New trial (rep=39, index=154): <Trial 154 (154 in rep 39) data={'pos': np.int64(150), 'corr_resp': 'v', 'thisN': 154, 'thisTrialN': 154, 'thisRepN': 39}>
962.0080 	DATA 	Keypress: v
962.0228 	EXP 	fixation_2: autoDraw = False
962.0228 	EXP 	line_1: autoDraw = False
962.0228 	EXP 	line_2: autoDraw = False
962.0228 	EXP 	line_3: autoDraw = False
962.0228 	EXP 	line_4: autoDraw = False
962.0228 	EXP 	probe_2: autoDraw = False
962.0228 	EXP 	fixation_2: autoDraw = True
962.0741 	EXP 	Device response: <KeyPress from None: t=961.9932529999933, value=v, duration=0.0714023000036832>
963.0069 	EXP 	line_1: autoDraw = True
963.0069 	EXP 	line_2: autoDraw = True
963.0069 	EXP 	line_3: autoDraw = True
963.0069 	EXP 	line_4: autoDraw = True
963.0232 	EXP 	fixation_2: autoDraw = False
964.0069 	INFO 	Keyboard events cleared
964.0066 	EXP 	probe_2: autoDraw = True
965.4225 	EXP 	Device response: <KeyPress from None: t=965.4134652999928, value=v, duration=None>
965.4230 	EXP 	New trial (rep=37, index=155): <Trial 155 (155 in rep 37) data={'pos': np.int64(-150), 'corr_resp': 'z', 'thisN': 155, 'thisTrialN': 155, 'thisRepN': 37}>
965.4243 	DATA 	Keypress: v
965.4395 	EXP 	fixation_2: autoDraw = False
965.4395 	EXP 	line_1: autoDraw = False
965.4395 	EXP 	line_2: autoDraw = False
965.4395 	EXP 	line_3: autoDraw = False
965.4395 	EXP 	line_4: autoDraw = False
965.4395 	EXP 	probe_2: autoDraw = False
965.4395 	EXP 	fixation_2: autoDraw = True
965.5066 	EXP 	Device response: <KeyPress from None: t=965.4134652999928, value=v, duration=0.08487989997956902>
966.4230 	EXP 	line_1: autoDraw = True
966.4230 	EXP 	line_2: autoDraw = True
966.4230 	EXP 	line_3: autoDraw = True
966.4230 	EXP 	line_4: autoDraw = True
966.4399 	EXP 	fixation_2: autoDraw = False
967.4235 	INFO 	Keyboard events cleared
967.4233 	EXP 	probe_2: autoDraw = True
968.9091 	DATA 	Keypress: z
968.9230 	EXP 	Device response: <KeyPress from None: t=968.9084387999901, value=z, duration=None>
968.9235 	EXP 	New trial (rep=38, index=156): <Trial 156 (156 in rep 38) data={'pos': np.int64(-150), 'corr_resp': 'z', 'thisN': 156, 'thisTrialN': 156, 'thisRepN': 38}>
968.9388 	EXP 	fixation_2: autoDraw = False
968.9388 	EXP 	line_1: autoDraw = False
968.9388 	EXP 	line_2: autoDraw = False
968.9388 	EXP 	line_3: autoDraw = False
968.9388 	EXP 	line_4: autoDraw = False
968.9388 	EXP 	probe_2: autoDraw = False
968.9388 	EXP 	fixation_2: autoDraw = True
969.0224 	EXP 	Device response: <KeyPress from None: t=968.9084387999901, value=z, duration=0.10082719998899847>
969.9233 	EXP 	line_1: autoDraw = True
969.9233 	EXP 	line_2: autoDraw = True
969.9233 	EXP 	line_3: autoDraw = True
969.9233 	EXP 	line_4: autoDraw = True
969.9401 	EXP 	fixation_2: autoDraw = False
970.9235 	INFO 	Keyboard events cleared
970.9233 	EXP 	probe_2: autoDraw = True
972.1397 	EXP 	Device response: <KeyPress from None: t=972.1313826999976, value=z, duration=None>
972.1400 	EXP 	New trial (rep=39, index=157): <Trial 157 (157 in rep 39) data={'pos': np.int64(-150), 'corr_resp': 'z', 'thisN': 157, 'thisTrialN': 157, 'thisRepN': 39}>
972.1415 	DATA 	Keypress: z
972.1556 	EXP 	fixation_2: autoDraw = False
972.1556 	EXP 	line_1: autoDraw = False
972.1556 	EXP 	line_2: autoDraw = False
972.1556 	EXP 	line_3: autoDraw = False
972.1556 	EXP 	line_4: autoDraw = False
972.1556 	EXP 	probe_2: autoDraw = False
972.1556 	EXP 	fixation_2: autoDraw = True
972.2407 	EXP 	Device response: <KeyPress from None: t=972.1313826999976, value=z, duration=0.10652969998773187>
973.1400 	EXP 	line_1: autoDraw = True
973.1400 	EXP 	line_2: autoDraw = True
973.1400 	EXP 	line_3: autoDraw = True
973.1400 	EXP 	line_4: autoDraw = True
973.1568 	EXP 	fixation_2: autoDraw = False
974.1402 	INFO 	Keyboard events cleared
974.1400 	EXP 	probe_2: autoDraw = True
975.0562 	EXP 	Device response: <KeyPress from None: t=975.050863899989, value=z, duration=None>
975.0565 	EXP 	New trial (rep=40, index=158): <Trial 158 (158 in rep 40) data={'pos': np.int64(150), 'corr_resp': 'v', 'thisN': 158, 'thisTrialN': 158, 'thisRepN': 40}>
975.0579 	DATA 	Keypress: z
975.0725 	EXP 	fixation_2: autoDraw = False
975.0725 	EXP 	line_1: autoDraw = False
975.0725 	EXP 	line_2: autoDraw = False
975.0725 	EXP 	line_3: autoDraw = False
975.0725 	EXP 	line_4: autoDraw = False
975.0725 	EXP 	probe_2: autoDraw = False
975.0725 	EXP 	fixation_2: autoDraw = True
975.1730 	EXP 	Device response: <KeyPress from None: t=975.050863899989, value=z, duration=0.11656860000221059>
976.0565 	EXP 	line_1: autoDraw = True
976.0565 	EXP 	line_2: autoDraw = True
976.0565 	EXP 	line_3: autoDraw = True
976.0565 	EXP 	line_4: autoDraw = True
976.0735 	EXP 	fixation_2: autoDraw = False
977.0566 	INFO 	Keyboard events cleared
977.0564 	EXP 	probe_2: autoDraw = True
978.1404 	EXP 	Device response: <KeyPress from None: t=978.1323191999982, value=v, duration=None>
978.1409 	EXP 	New trial (rep=41, index=159): <Trial 159 (159 in rep 41) data={'pos': np.int64(50), 'corr_resp': 'c', 'thisN': 159, 'thisTrialN': 159, 'thisRepN': 41}>
978.1423 	DATA 	Keypress: v
978.1558 	EXP 	fixation_2: autoDraw = False
978.1558 	EXP 	line_1: autoDraw = False
978.1558 	EXP 	line_2: autoDraw = False
978.1558 	EXP 	line_3: autoDraw = False
978.1558 	EXP 	line_4: autoDraw = False
978.1558 	EXP 	probe_2: autoDraw = False
978.1558 	EXP 	fixation_2: autoDraw = True
978.2406 	EXP 	Device response: <KeyPress from None: t=978.1323191999982, value=v, duration=0.10295639999094419>
979.1402 	EXP 	line_1: autoDraw = True
979.1402 	EXP 	line_2: autoDraw = True
979.1402 	EXP 	line_3: autoDraw = True
979.1402 	EXP 	line_4: autoDraw = True
979.1557 	EXP 	fixation_2: autoDraw = False
980.1408 	INFO 	Keyboard events cleared
980.1405 	EXP 	probe_2: autoDraw = True
981.4067 	EXP 	Device response: <KeyPress from None: t=981.4035751999763, value=c, duration=None>
981.4072 	EXP 	New trial (rep=41, index=160): <Trial 160 (160 in rep 41) data={'pos': np.int64(150), 'corr_resp': 'v', 'thisN': 160, 'thisTrialN': 160, 'thisRepN': 41}>
981.4086 	DATA 	Keypress: c
981.4229 	EXP 	fixation_2: autoDraw = False
981.4229 	EXP 	line_1: autoDraw = False
981.4229 	EXP 	line_2: autoDraw = False
981.4229 	EXP 	line_3: autoDraw = False
981.4229 	EXP 	line_4: autoDraw = False
981.4229 	EXP 	probe_2: autoDraw = False
981.4229 	EXP 	fixation_2: autoDraw = True
981.5073 	EXP 	Device response: <KeyPress from None: t=981.4035751999763, value=c, duration=0.09507510002003983>
982.4067 	EXP 	line_1: autoDraw = True
982.4067 	EXP 	line_2: autoDraw = True
982.4067 	EXP 	line_3: autoDraw = True
982.4067 	EXP 	line_4: autoDraw = True
982.4234 	EXP 	fixation_2: autoDraw = False
983.4071 	INFO 	Keyboard events cleared
983.4069 	EXP 	probe_2: autoDraw = True
984.2575 	EXP 	Device response: <KeyPress from None: t=984.2505616999988, value=v, duration=None>
984.2580 	EXP 	New trial (rep=42, index=161): <Trial 161 (161 in rep 42) data={'pos': np.int64(150), 'corr_resp': 'v', 'thisN': 161, 'thisTrialN': 161, 'thisRepN': 42}>
984.2593 	DATA 	Keypress: v
984.2724 	EXP 	fixation_2: autoDraw = False
984.2724 	EXP 	line_1: autoDraw = False
984.2724 	EXP 	line_2: autoDraw = False
984.2724 	EXP 	line_3: autoDraw = False
984.2724 	EXP 	line_4: autoDraw = False
984.2724 	EXP 	probe_2: autoDraw = False
984.2724 	EXP 	fixation_2: autoDraw = True
984.3576 	EXP 	Device response: <KeyPress from None: t=984.2505616999988, value=v, duration=0.09687300000223331>
985.2734 	EXP 	fixation_2: autoDraw = False
985.2734 	EXP 	line_1: autoDraw = True
985.2734 	EXP 	line_2: autoDraw = True
985.2734 	EXP 	line_3: autoDraw = True
985.2734 	EXP 	line_4: autoDraw = True
986.2570 	INFO 	Keyboard events cleared
986.2567 	EXP 	probe_2: autoDraw = True
987.1426 	DATA 	Keypress: v
987.1572 	EXP 	Device response: <KeyPress from None: t=987.1410600999952, value=v, duration=None>
987.1576 	EXP 	New trial (rep=40, index=162): <Trial 162 (162 in rep 40) data={'pos': np.int64(-150), 'corr_resp': 'z', 'thisN': 162, 'thisTrialN': 162, 'thisRepN': 40}>
987.1719 	EXP 	fixation_2: autoDraw = False
987.1719 	EXP 	line_1: autoDraw = False
987.1719 	EXP 	line_2: autoDraw = False
987.1719 	EXP 	line_3: autoDraw = False
987.1719 	EXP 	line_4: autoDraw = False
987.1719 	EXP 	probe_2: autoDraw = False
987.1719 	EXP 	fixation_2: autoDraw = True
987.2394 	EXP 	Device response: <KeyPress from None: t=987.1410600999952, value=v, duration=0.08496789998025633>
988.1566 	EXP 	line_1: autoDraw = True
988.1566 	EXP 	line_2: autoDraw = True
988.1566 	EXP 	line_3: autoDraw = True
988.1566 	EXP 	line_4: autoDraw = True
988.1737 	EXP 	fixation_2: autoDraw = False
989.1555 	INFO 	Keyboard events cleared
989.1553 	EXP 	probe_2: autoDraw = True
989.9738 	EXP 	Device response: <KeyPress from None: t=989.9604656999873, value=z, duration=None>
989.9742 	EXP 	New trial (rep=43, index=163): <Trial 163 (163 in rep 43) data={'pos': np.int64(150), 'corr_resp': 'v', 'thisN': 163, 'thisTrialN': 163, 'thisRepN': 43}>
989.9756 	DATA 	Keypress: z
989.9898 	EXP 	fixation_2: autoDraw = False
989.9898 	EXP 	line_1: autoDraw = False
989.9898 	EXP 	line_2: autoDraw = False
989.9898 	EXP 	line_3: autoDraw = False
989.9898 	EXP 	line_4: autoDraw = False
989.9898 	EXP 	probe_2: autoDraw = False
989.9898 	EXP 	fixation_2: autoDraw = True
990.0912 	EXP 	Device response: <KeyPress from None: t=989.9604656999873, value=z, duration=0.12333370000123978>
990.9731 	EXP 	line_1: autoDraw = True
990.9731 	EXP 	line_2: autoDraw = True
990.9731 	EXP 	line_3: autoDraw = True
990.9731 	EXP 	line_4: autoDraw = True
990.9886 	EXP 	fixation_2: autoDraw = False
991.9727 	INFO 	Keyboard events cleared
991.9725 	EXP 	probe_2: autoDraw = True
993.0069 	EXP 	Device response: <KeyPress from None: t=993.0039199999883, value=v, duration=None>
993.0073 	EXP 	New trial (rep=37, index=164): <Trial 164 (164 in rep 37) data={'pos': np.int64(-50), 'corr_resp': 'x', 'thisN': 164, 'thisTrialN': 164, 'thisRepN': 37}>
993.0088 	DATA 	Keypress: v
993.0219 	EXP 	fixation_2: autoDraw = False
993.0219 	EXP 	line_1: autoDraw = False
993.0219 	EXP 	line_2: autoDraw = False
993.0219 	EXP 	line_3: autoDraw = False
993.0219 	EXP 	line_4: autoDraw = False
993.0219 	EXP 	probe_2: autoDraw = False
993.0219 	EXP 	fixation_2: autoDraw = True
993.0897 	EXP 	Device response: <KeyPress from None: t=993.0039199999883, value=v, duration=0.07025270001031458>
994.0070 	EXP 	line_1: autoDraw = True
994.0070 	EXP 	line_2: autoDraw = True
994.0070 	EXP 	line_3: autoDraw = True
994.0070 	EXP 	line_4: autoDraw = True
994.0239 	EXP 	fixation_2: autoDraw = False
995.0070 	INFO 	Keyboard events cleared
995.0067 	EXP 	probe_2: autoDraw = True
996.0738 	EXP 	Device response: <KeyPress from None: t=996.0724354999838, value=x, duration=None>
996.0741 	EXP 	New trial (rep=41, index=165): <Trial 165 (165 in rep 41) data={'pos': np.int64(-150), 'corr_resp': 'z', 'thisN': 165, 'thisTrialN': 165, 'thisRepN': 41}>
996.0754 	DATA 	Keypress: x
996.0885 	EXP 	fixation_2: autoDraw = False
996.0885 	EXP 	line_1: autoDraw = False
996.0885 	EXP 	line_2: autoDraw = False
996.0885 	EXP 	line_3: autoDraw = False
996.0885 	EXP 	line_4: autoDraw = False
996.0885 	EXP 	probe_2: autoDraw = False
996.0885 	EXP 	fixation_2: autoDraw = True
996.1733 	EXP 	Device response: <KeyPress from None: t=996.0724354999838, value=x, duration=0.0970118000113871>
997.0737 	EXP 	line_1: autoDraw = True
997.0737 	EXP 	line_2: autoDraw = True
997.0737 	EXP 	line_3: autoDraw = True
997.0737 	EXP 	line_4: autoDraw = True
997.0904 	EXP 	fixation_2: autoDraw = False
998.0741 	INFO 	Keyboard events cleared
998.0739 	EXP 	probe_2: autoDraw = True
999.2756 	DATA 	Keypress: z
999.2897 	EXP 	Device response: <KeyPress from None: t=999.2745655999752, value=z, duration=None>
999.2901 	EXP 	New trial (rep=42, index=166): <Trial 166 (166 in rep 42) data={'pos': np.int64(-150), 'corr_resp': 'z', 'thisN': 166, 'thisTrialN': 166, 'thisRepN': 42}>
999.3063 	EXP 	fixation_2: autoDraw = False
999.3063 	EXP 	line_1: autoDraw = False
999.3063 	EXP 	line_2: autoDraw = False
999.3063 	EXP 	line_3: autoDraw = False
999.3063 	EXP 	line_4: autoDraw = False
999.3063 	EXP 	probe_2: autoDraw = False
999.3063 	EXP 	fixation_2: autoDraw = True
999.3901 	EXP 	Device response: <KeyPress from None: t=999.2745655999752, value=z, duration=0.11292590000084601>
1000.2898 	EXP 	line_1: autoDraw = True
1000.2898 	EXP 	line_2: autoDraw = True
1000.2898 	EXP 	line_3: autoDraw = True
1000.2898 	EXP 	line_4: autoDraw = True
1000.3065 	EXP 	fixation_2: autoDraw = False
1001.2898 	INFO 	Keyboard events cleared
1001.2896 	EXP 	probe_2: autoDraw = True
1002.4570 	EXP 	Device response: <KeyPress from None: t=1002.447431699984, value=z, duration=None>
1002.4573 	EXP 	New trial (rep=38, index=167): <Trial 167 (167 in rep 38) data={'pos': np.int64(-50), 'corr_resp': 'x', 'thisN': 167, 'thisTrialN': 167, 'thisRepN': 38}>
1002.4587 	DATA 	Keypress: z
1002.4732 	EXP 	fixation_2: autoDraw = False
1002.4732 	EXP 	line_1: autoDraw = False
1002.4732 	EXP 	line_2: autoDraw = False
1002.4732 	EXP 	line_3: autoDraw = False
1002.4732 	EXP 	line_4: autoDraw = False
1002.4732 	EXP 	probe_2: autoDraw = False
1002.4732 	EXP 	fixation_2: autoDraw = True
1002.5567 	EXP 	Device response: <KeyPress from None: t=1002.447431699984, value=z, duration=0.10659000001032837>
1003.4566 	EXP 	line_1: autoDraw = True
1003.4566 	EXP 	line_2: autoDraw = True
1003.4566 	EXP 	line_3: autoDraw = True
1003.4566 	EXP 	line_4: autoDraw = True
1003.4743 	EXP 	fixation_2: autoDraw = False
1004.4574 	INFO 	Keyboard events cleared
1004.4572 	EXP 	probe_2: autoDraw = True
1006.6729 	EXP 	Device response: <KeyPress from None: t=1006.6659108999884, value=x, duration=None>
1006.6734 	EXP 	New trial (rep=44, index=168): <Trial 168 (168 in rep 44) data={'pos': np.int64(150), 'corr_resp': 'v', 'thisN': 168, 'thisTrialN': 168, 'thisRepN': 44}>
1006.6748 	DATA 	Keypress: x
1006.6894 	EXP 	fixation_2: autoDraw = False
1006.6894 	EXP 	line_1: autoDraw = False
1006.6894 	EXP 	line_2: autoDraw = False
1006.6894 	EXP 	line_3: autoDraw = False
1006.6894 	EXP 	line_4: autoDraw = False
1006.6894 	EXP 	probe_2: autoDraw = False
1006.6894 	EXP 	fixation_2: autoDraw = True
1006.7726 	EXP 	Device response: <KeyPress from None: t=1006.6659108999884, value=x, duration=0.0919968000089284>
1007.6732 	EXP 	line_1: autoDraw = True
1007.6732 	EXP 	line_2: autoDraw = True
1007.6732 	EXP 	line_3: autoDraw = True
1007.6732 	EXP 	line_4: autoDraw = True
1007.6904 	EXP 	fixation_2: autoDraw = False
1008.6739 	INFO 	Keyboard events cleared
1008.6737 	EXP 	probe_2: autoDraw = True
1010.1569 	EXP 	Device response: <KeyPress from None: t=1010.1466740999895, value=v, duration=None>
1010.1574 	EXP 	New trial (rep=43, index=169): <Trial 169 (169 in rep 43) data={'pos': np.int64(-150), 'corr_resp': 'z', 'thisN': 169, 'thisTrialN': 169, 'thisRepN': 43}>
1010.1594 	DATA 	Keypress: v
1010.1729 	EXP 	fixation_2: autoDraw = False
1010.1729 	EXP 	line_1: autoDraw = False
1010.1729 	EXP 	line_2: autoDraw = False
1010.1729 	EXP 	line_3: autoDraw = False
1010.1729 	EXP 	line_4: autoDraw = False
1010.1729 	EXP 	probe_2: autoDraw = False
1010.1729 	EXP 	fixation_2: autoDraw = True
1010.2412 	EXP 	Device response: <KeyPress from None: t=1010.1466740999895, value=v, duration=0.08549609998590313>
1011.1567 	EXP 	line_1: autoDraw = True
1011.1567 	EXP 	line_2: autoDraw = True
1011.1567 	EXP 	line_3: autoDraw = True
1011.1567 	EXP 	line_4: autoDraw = True
1011.1738 	EXP 	fixation_2: autoDraw = False
1012.1571 	INFO 	Keyboard events cleared
1012.1570 	EXP 	probe_2: autoDraw = True
1013.7563 	EXP 	Device response: <KeyPress from None: t=1013.7468965999724, value=z, duration=None>
1013.7566 	EXP 	New trial (rep=42, index=170): <Trial 170 (170 in rep 42) data={'pos': np.int64(50), 'corr_resp': 'c', 'thisN': 170, 'thisTrialN': 170, 'thisRepN': 42}>
1013.7580 	DATA 	Keypress: z
1013.7730 	EXP 	fixation_2: autoDraw = False
1013.7730 	EXP 	line_1: autoDraw = False
1013.7730 	EXP 	line_2: autoDraw = False
1013.7730 	EXP 	line_3: autoDraw = False
1013.7730 	EXP 	line_4: autoDraw = False
1013.7730 	EXP 	probe_2: autoDraw = False
1013.7730 	EXP 	fixation_2: autoDraw = True
1013.8407 	EXP 	Device response: <KeyPress from None: t=1013.7468965999724, value=z, duration=0.09080940001877025>
1014.7559 	EXP 	line_1: autoDraw = True
1014.7559 	EXP 	line_2: autoDraw = True
1014.7559 	EXP 	line_3: autoDraw = True
1014.7559 	EXP 	line_4: autoDraw = True
1014.7740 	EXP 	fixation_2: autoDraw = False
1015.7575 	INFO 	Keyboard events cleared
1015.7573 	EXP 	probe_2: autoDraw = True
1017.8768 	DATA 	Keypress: c
1017.8903 	EXP 	Device response: <KeyPress from None: t=1017.8751011999848, value=c, duration=None>
1017.8907 	EXP 	New trial (rep=44, index=171): <Trial 171 (171 in rep 44) data={'pos': np.int64(-150), 'corr_resp': 'z', 'thisN': 171, 'thisTrialN': 171, 'thisRepN': 44}>
1017.9063 	EXP 	fixation_2: autoDraw = False
1017.9063 	EXP 	line_1: autoDraw = False
1017.9063 	EXP 	line_2: autoDraw = False
1017.9063 	EXP 	line_3: autoDraw = False
1017.9063 	EXP 	line_4: autoDraw = False
1017.9063 	EXP 	probe_2: autoDraw = False
1017.9063 	EXP 	fixation_2: autoDraw = True
1017.9731 	EXP 	Device response: <KeyPress from None: t=1017.8751011999848, value=c, duration=0.09125339999445714>
1018.8907 	EXP 	line_1: autoDraw = True
1018.8907 	EXP 	line_2: autoDraw = True
1018.8907 	EXP 	line_3: autoDraw = True
1018.8907 	EXP 	line_4: autoDraw = True
1018.9060 	EXP 	fixation_2: autoDraw = False
1019.8913 	INFO 	Keyboard events cleared
1019.8910 	EXP 	probe_2: autoDraw = True
1021.5070 	EXP 	Device response: <KeyPress from None: t=1021.497941699985, value=z, duration=None>
1021.5074 	EXP 	New trial (rep=45, index=172): <Trial 172 (172 in rep 45) data={'pos': np.int64(150), 'corr_resp': 'v', 'thisN': 172, 'thisTrialN': 172, 'thisRepN': 45}>
1021.5088 	DATA 	Keypress: z
1021.5238 	EXP 	fixation_2: autoDraw = False
1021.5238 	EXP 	line_1: autoDraw = False
1021.5238 	EXP 	line_2: autoDraw = False
1021.5238 	EXP 	line_3: autoDraw = False
1021.5238 	EXP 	line_4: autoDraw = False
1021.5238 	EXP 	probe_2: autoDraw = False
1021.5238 	EXP 	fixation_2: autoDraw = True
1021.6248 	EXP 	Device response: <KeyPress from None: t=1021.497941699985, value=z, duration=0.11599049999495037>
1022.5076 	EXP 	line_1: autoDraw = True
1022.5076 	EXP 	line_2: autoDraw = True
1022.5076 	EXP 	line_3: autoDraw = True
1022.5076 	EXP 	line_4: autoDraw = True
1022.5239 	EXP 	fixation_2: autoDraw = False
1023.5075 	INFO 	Keyboard events cleared
1023.5073 	EXP 	probe_2: autoDraw = True
1025.0431 	DATA 	Keypress: v
1025.0572 	EXP 	Device response: <KeyPress from None: t=1025.0418500999804, value=v, duration=None>
1025.0575 	EXP 	New trial (rep=43, index=173): <Trial 173 (173 in rep 43) data={'pos': np.int64(50), 'corr_resp': 'c', 'thisN': 173, 'thisTrialN': 173, 'thisRepN': 43}>
1025.0740 	EXP 	fixation_2: autoDraw = False
1025.0740 	EXP 	line_1: autoDraw = False
1025.0740 	EXP 	line_2: autoDraw = False
1025.0740 	EXP 	line_3: autoDraw = False
1025.0740 	EXP 	line_4: autoDraw = False
1025.0740 	EXP 	probe_2: autoDraw = False
1025.0740 	EXP 	fixation_2: autoDraw = True
1025.1418 	EXP 	Device response: <KeyPress from None: t=1025.0418500999804, value=v, duration=0.08764199999859557>
1026.0576 	EXP 	line_1: autoDraw = True
1026.0576 	EXP 	line_2: autoDraw = True
1026.0576 	EXP 	line_3: autoDraw = True
1026.0576 	EXP 	line_4: autoDraw = True
1026.0744 	EXP 	fixation_2: autoDraw = False
1027.0569 	INFO 	Keyboard events cleared
1027.0566 	EXP 	probe_2: autoDraw = True
1028.5748 	EXP 	Device response: <KeyPress from None: t=1028.5657941999962, value=c, duration=None>
1028.5754 	EXP 	New trial (rep=45, index=174): <Trial 174 (174 in rep 45) data={'pos': np.int64(-150), 'corr_resp': 'z', 'thisN': 174, 'thisTrialN': 174, 'thisRepN': 45}>
1028.5770 	DATA 	Keypress: c
1028.5893 	EXP 	fixation_2: autoDraw = False
1028.5893 	EXP 	line_1: autoDraw = False
1028.5893 	EXP 	line_2: autoDraw = False
1028.5893 	EXP 	line_3: autoDraw = False
1028.5893 	EXP 	line_4: autoDraw = False
1028.5893 	EXP 	probe_2: autoDraw = False
1028.5893 	EXP 	fixation_2: autoDraw = True
1028.7239 	EXP 	Device response: <KeyPress from None: t=1028.5657941999962, value=c, duration=0.14934809997794218>
1029.5915 	EXP 	fixation_2: autoDraw = False
1029.5915 	EXP 	line_1: autoDraw = True
1029.5915 	EXP 	line_2: autoDraw = True
1029.5915 	EXP 	line_3: autoDraw = True
1029.5915 	EXP 	line_4: autoDraw = True
1030.5745 	INFO 	Keyboard events cleared
1030.5743 	EXP 	probe_2: autoDraw = True
1032.4906 	EXP 	Device response: <KeyPress from None: t=1032.4789056000009, value=z, duration=None>
1032.4911 	EXP 	New trial (rep=39, index=175): <Trial 175 (175 in rep 39) data={'pos': np.int64(-50), 'corr_resp': 'x', 'thisN': 175, 'thisTrialN': 175, 'thisRepN': 39}>
1032.4927 	DATA 	Keypress: z
1032.5075 	EXP 	fixation_2: autoDraw = False
1032.5075 	EXP 	line_1: autoDraw = False
1032.5075 	EXP 	line_2: autoDraw = False
1032.5075 	EXP 	line_3: autoDraw = False
1032.5075 	EXP 	line_4: autoDraw = False
1032.5075 	EXP 	probe_2: autoDraw = False
1032.5075 	EXP 	fixation_2: autoDraw = True
1032.5913 	EXP 	Device response: <KeyPress from None: t=1032.4789056000009, value=z, duration=0.10748989999410696>
1033.4911 	EXP 	line_1: autoDraw = True
1033.4911 	EXP 	line_2: autoDraw = True
1033.4911 	EXP 	line_3: autoDraw = True
1033.4911 	EXP 	line_4: autoDraw = True
1033.5077 	EXP 	fixation_2: autoDraw = False
1034.4909 	INFO 	Keyboard events cleared
1034.4907 	EXP 	probe_2: autoDraw = True
1035.7901 	EXP 	Device response: <KeyPress from None: t=1035.788030799973, value=x, duration=None>
1035.7905 	EXP 	New trial (rep=44, index=176): <Trial 176 (176 in rep 44) data={'pos': np.int64(50), 'corr_resp': 'c', 'thisN': 176, 'thisTrialN': 176, 'thisRepN': 44}>
1035.7919 	DATA 	Keypress: x
1035.8067 	EXP 	fixation_2: autoDraw = False
1035.8067 	EXP 	line_1: autoDraw = False
1035.8067 	EXP 	line_2: autoDraw = False
1035.8067 	EXP 	line_3: autoDraw = False
1035.8067 	EXP 	line_4: autoDraw = False
1035.8067 	EXP 	probe_2: autoDraw = False
1035.8067 	EXP 	fixation_2: autoDraw = True
1035.9905 	EXP 	Device response: <KeyPress from None: t=1035.788030799973, value=x, duration=0.18767340001068078>
1036.7912 	EXP 	line_1: autoDraw = True
1036.7912 	EXP 	line_2: autoDraw = True
1036.7912 	EXP 	line_3: autoDraw = True
1036.7912 	EXP 	line_4: autoDraw = True
1036.8066 	EXP 	fixation_2: autoDraw = False
1037.7914 	INFO 	Keyboard events cleared
1037.7912 	EXP 	probe_2: autoDraw = True
1039.4098 	DATA 	Keypress: c
1039.4244 	EXP 	Device response: <KeyPress from None: t=1039.4080199999735, value=c, duration=None>
1039.4249 	EXP 	New trial (rep=46, index=177): <Trial 177 (177 in rep 46) data={'pos': np.int64(150), 'corr_resp': 'v', 'thisN': 177, 'thisTrialN': 177, 'thisRepN': 46}>
1039.4403 	EXP 	fixation_2: autoDraw = False
1039.4403 	EXP 	line_1: autoDraw = False
1039.4403 	EXP 	line_2: autoDraw = False
1039.4403 	EXP 	line_3: autoDraw = False
1039.4403 	EXP 	line_4: autoDraw = False
1039.4403 	EXP 	probe_2: autoDraw = False
1039.4403 	EXP 	fixation_2: autoDraw = True
1039.6066 	EXP 	Device response: <KeyPress from None: t=1039.4080199999735, value=c, duration=0.18189500001608394>
1040.4244 	EXP 	line_1: autoDraw = True
1040.4244 	EXP 	line_2: autoDraw = True
1040.4244 	EXP 	line_3: autoDraw = True
1040.4244 	EXP 	line_4: autoDraw = True
1040.4413 	EXP 	fixation_2: autoDraw = False
1041.4246 	INFO 	Keyboard events cleared
1041.4244 	EXP 	probe_2: autoDraw = True
1043.1740 	EXP 	Device response: <KeyPress from None: t=1043.1656335000007, value=v, duration=None>
1043.1744 	EXP 	New trial (rep=47, index=178): <Trial 178 (178 in rep 47) data={'pos': np.int64(150), 'corr_resp': 'v', 'thisN': 178, 'thisTrialN': 178, 'thisRepN': 47}>
1043.1757 	DATA 	Keypress: v
1043.1907 	EXP 	fixation_2: autoDraw = False
1043.1907 	EXP 	line_1: autoDraw = False
1043.1907 	EXP 	line_2: autoDraw = False
1043.1907 	EXP 	line_3: autoDraw = False
1043.1907 	EXP 	line_4: autoDraw = False
1043.1907 	EXP 	probe_2: autoDraw = False
1043.1907 	EXP 	fixation_2: autoDraw = True
1043.2740 	EXP 	Device response: <KeyPress from None: t=1043.1656335000007, value=v, duration=0.09252909998758696>
1044.1900 	EXP 	fixation_2: autoDraw = False
1044.1900 	EXP 	line_1: autoDraw = True
1044.1900 	EXP 	line_2: autoDraw = True
1044.1900 	EXP 	line_3: autoDraw = True
1044.1900 	EXP 	line_4: autoDraw = True
1045.1731 	INFO 	Keyboard events cleared
1045.1729 	EXP 	probe_2: autoDraw = True
1046.3749 	DATA 	Keypress: v
1046.3901 	EXP 	Device response: <KeyPress from None: t=1046.37313979998, value=v, duration=None>
1046.3907 	EXP 	New trial (rep=40, index=179): <Trial 179 (179 in rep 40) data={'pos': np.int64(-50), 'corr_resp': 'x', 'thisN': 179, 'thisTrialN': 179, 'thisRepN': 40}>
1046.4071 	EXP 	fixation_2: autoDraw = False
1046.4071 	EXP 	line_1: autoDraw = False
1046.4071 	EXP 	line_2: autoDraw = False
1046.4071 	EXP 	line_3: autoDraw = False
1046.4071 	EXP 	line_4: autoDraw = False
1046.4071 	EXP 	probe_2: autoDraw = False
1046.4071 	EXP 	fixation_2: autoDraw = True
1046.4949 	EXP 	Device response: <KeyPress from None: t=1046.37313979998, value=v, duration=0.10181530000409111>
1047.3911 	EXP 	line_1: autoDraw = True
1047.3911 	EXP 	line_2: autoDraw = True
1047.3911 	EXP 	line_3: autoDraw = True
1047.3911 	EXP 	line_4: autoDraw = True
1047.4080 	EXP 	fixation_2: autoDraw = False
1048.3915 	INFO 	Keyboard events cleared
1048.3913 	EXP 	probe_2: autoDraw = True
1050.0578 	EXP 	Device response: <KeyPress from None: t=1050.055543399998, value=x, duration=None>
1050.0582 	EXP 	New trial (rep=41, index=180): <Trial 180 (180 in rep 41) data={'pos': np.int64(-50), 'corr_resp': 'x', 'thisN': 180, 'thisTrialN': 180, 'thisRepN': 41}>
1050.0597 	DATA 	Keypress: x
1050.0728 	EXP 	fixation_2: autoDraw = False
1050.0728 	EXP 	line_1: autoDraw = False
1050.0728 	EXP 	line_2: autoDraw = False
1050.0728 	EXP 	line_3: autoDraw = False
1050.0728 	EXP 	line_4: autoDraw = False
1050.0728 	EXP 	probe_2: autoDraw = False
1050.0728 	EXP 	fixation_2: autoDraw = True
1050.1742 	EXP 	Device response: <KeyPress from None: t=1050.055543399998, value=x, duration=0.11142760000075214>
1051.0578 	EXP 	line_1: autoDraw = True
1051.0578 	EXP 	line_2: autoDraw = True
1051.0578 	EXP 	line_3: autoDraw = True
1051.0578 	EXP 	line_4: autoDraw = True
1051.0746 	EXP 	fixation_2: autoDraw = False
1052.0583 	INFO 	Keyboard events cleared
1052.0581 	EXP 	probe_2: autoDraw = True
1053.0074 	EXP 	Device response: <KeyPress from None: t=1053.0055337999947, value=x, duration=None>
1053.0079 	EXP 	New trial (rep=42, index=181): <Trial 181 (181 in rep 42) data={'pos': np.int64(-50), 'corr_resp': 'x', 'thisN': 181, 'thisTrialN': 181, 'thisRepN': 42}>
1053.0095 	DATA 	Keypress: x
1053.0235 	EXP 	fixation_2: autoDraw = False
1053.0235 	EXP 	line_1: autoDraw = False
1053.0235 	EXP 	line_2: autoDraw = False
1053.0235 	EXP 	line_3: autoDraw = False
1053.0235 	EXP 	line_4: autoDraw = False
1053.0235 	EXP 	probe_2: autoDraw = False
1053.0235 	EXP 	fixation_2: autoDraw = True
1053.1079 	EXP 	Device response: <KeyPress from None: t=1053.0055337999947, value=x, duration=0.09918779999134131>
1054.0079 	EXP 	line_1: autoDraw = True
1054.0079 	EXP 	line_2: autoDraw = True
1054.0079 	EXP 	line_3: autoDraw = True
1054.0079 	EXP 	line_4: autoDraw = True
1054.0248 	EXP 	fixation_2: autoDraw = False
1055.0065 	INFO 	Keyboard events cleared
1055.0063 	EXP 	probe_2: autoDraw = True
1056.0075 	EXP 	Device response: <KeyPress from None: t=1056.003299199976, value=x, duration=None>
1056.0080 	EXP 	New trial (rep=43, index=182): <Trial 182 (182 in rep 43) data={'pos': np.int64(-50), 'corr_resp': 'x', 'thisN': 182, 'thisTrialN': 182, 'thisRepN': 43}>
1056.0095 	DATA 	Keypress: x
1056.0237 	EXP 	fixation_2: autoDraw = False
1056.0237 	EXP 	line_1: autoDraw = False
1056.0237 	EXP 	line_2: autoDraw = False
1056.0237 	EXP 	line_3: autoDraw = False
1056.0237 	EXP 	line_4: autoDraw = False
1056.0237 	EXP 	probe_2: autoDraw = False
1056.0237 	EXP 	fixation_2: autoDraw = True
1056.1404 	EXP 	Device response: <KeyPress from None: t=1056.003299199976, value=x, duration=0.1209413000033237>
1057.0081 	EXP 	line_1: autoDraw = True
1057.0081 	EXP 	line_2: autoDraw = True
1057.0081 	EXP 	line_3: autoDraw = True
1057.0081 	EXP 	line_4: autoDraw = True
1057.0240 	EXP 	fixation_2: autoDraw = False
1058.0069 	INFO 	Keyboard events cleared
1058.0067 	EXP 	probe_2: autoDraw = True
1058.9238 	EXP 	Device response: <KeyPress from None: t=1058.915024899994, value=x, duration=None>
1058.9243 	EXP 	New trial (rep=44, index=183): <Trial 183 (183 in rep 44) data={'pos': np.int64(-50), 'corr_resp': 'x', 'thisN': 183, 'thisTrialN': 183, 'thisRepN': 44}>
1058.9257 	DATA 	Keypress: x
1058.9403 	EXP 	fixation_2: autoDraw = False
1058.9403 	EXP 	line_1: autoDraw = False
1058.9403 	EXP 	line_2: autoDraw = False
1058.9403 	EXP 	line_3: autoDraw = False
1058.9403 	EXP 	line_4: autoDraw = False
1058.9403 	EXP 	probe_2: autoDraw = False
1058.9403 	EXP 	fixation_2: autoDraw = True
1059.0747 	EXP 	Device response: <KeyPress from None: t=1058.915024899994, value=x, duration=0.1531208999804221>
1059.9246 	EXP 	line_1: autoDraw = True
1059.9246 	EXP 	line_2: autoDraw = True
1059.9246 	EXP 	line_3: autoDraw = True
1059.9246 	EXP 	line_4: autoDraw = True
1059.9415 	EXP 	fixation_2: autoDraw = False
1060.9239 	INFO 	Keyboard events cleared
1060.9237 	EXP 	probe_2: autoDraw = True
1062.2413 	EXP 	Device response: <KeyPress from None: t=1062.2404600999726, value=x, duration=None>
1062.2417 	EXP 	New trial (rep=45, index=184): <Trial 184 (184 in rep 45) data={'pos': np.int64(50), 'corr_resp': 'c', 'thisN': 184, 'thisTrialN': 184, 'thisRepN': 45}>
1062.2431 	DATA 	Keypress: x
1062.2570 	EXP 	fixation_2: autoDraw = False
1062.2570 	EXP 	line_1: autoDraw = False
1062.2570 	EXP 	line_2: autoDraw = False
1062.2570 	EXP 	line_3: autoDraw = False
1062.2570 	EXP 	line_4: autoDraw = False
1062.2570 	EXP 	probe_2: autoDraw = False
1062.2570 	EXP 	fixation_2: autoDraw = True
1062.3581 	EXP 	Device response: <KeyPress from None: t=1062.2404600999726, value=x, duration=0.11532320000696927>
1063.2415 	EXP 	line_1: autoDraw = True
1063.2415 	EXP 	line_2: autoDraw = True
1063.2415 	EXP 	line_3: autoDraw = True
1063.2415 	EXP 	line_4: autoDraw = True
1063.2563 	EXP 	fixation_2: autoDraw = False
1064.2400 	INFO 	Keyboard events cleared
1064.2398 	EXP 	probe_2: autoDraw = True
1065.2758 	EXP 	Device response: <KeyPress from None: t=1065.2664283999766, value=c, duration=None>
1065.2762 	EXP 	New trial (rep=46, index=185): <Trial 185 (185 in rep 46) data={'pos': np.int64(50), 'corr_resp': 'c', 'thisN': 185, 'thisTrialN': 185, 'thisRepN': 46}>
1065.2776 	DATA 	Keypress: c
1065.2899 	EXP 	fixation_2: autoDraw = False
1065.2899 	EXP 	line_1: autoDraw = False
1065.2899 	EXP 	line_2: autoDraw = False
1065.2899 	EXP 	line_3: autoDraw = False
1065.2899 	EXP 	line_4: autoDraw = False
1065.2899 	EXP 	probe_2: autoDraw = False
1065.2899 	EXP 	fixation_2: autoDraw = True
1065.4085 	EXP 	Device response: <KeyPress from None: t=1065.2664283999766, value=c, duration=0.12570390000473708>
1066.2914 	EXP 	fixation_2: autoDraw = False
1066.2914 	EXP 	line_1: autoDraw = True
1066.2914 	EXP 	line_2: autoDraw = True
1066.2914 	EXP 	line_3: autoDraw = True
1066.2914 	EXP 	line_4: autoDraw = True
1067.2914 	INFO 	Keyboard events cleared
1067.2912 	EXP 	probe_2: autoDraw = True
1068.3754 	EXP 	Device response: <KeyPress from None: t=1068.3632881999947, value=c, duration=None>
1068.3759 	EXP 	New trial (rep=48, index=186): <Trial 186 (186 in rep 48) data={'pos': np.int64(150), 'corr_resp': 'v', 'thisN': 186, 'thisTrialN': 186, 'thisRepN': 48}>
1068.3774 	DATA 	Keypress: c
1068.3903 	EXP 	fixation_2: autoDraw = False
1068.3903 	EXP 	line_1: autoDraw = False
1068.3903 	EXP 	line_2: autoDraw = False
1068.3903 	EXP 	line_3: autoDraw = False
1068.3903 	EXP 	line_4: autoDraw = False
1068.3903 	EXP 	probe_2: autoDraw = False
1068.3903 	EXP 	fixation_2: autoDraw = True
1068.5091 	EXP 	Device response: <KeyPress from None: t=1068.3632881999947, value=c, duration=0.1439916999952402>
1069.3746 	EXP 	line_1: autoDraw = True
1069.3746 	EXP 	line_2: autoDraw = True
1069.3746 	EXP 	line_3: autoDraw = True
1069.3746 	EXP 	line_4: autoDraw = True
1069.3915 	EXP 	fixation_2: autoDraw = False
1070.3903 	INFO 	Keyboard events cleared
1070.3901 	EXP 	probe_2: autoDraw = True
1071.6256 	EXP 	Device response: <KeyPress from None: t=1071.6144230999926, value=v, duration=None>
1071.6262 	EXP 	New trial (rep=45, index=187): <Trial 187 (187 in rep 45) data={'pos': np.int64(-50), 'corr_resp': 'x', 'thisN': 187, 'thisTrialN': 187, 'thisRepN': 45}>
1071.6277 	DATA 	Keypress: v
1071.6404 	EXP 	fixation_2: autoDraw = False
1071.6404 	EXP 	line_1: autoDraw = False
1071.6404 	EXP 	line_2: autoDraw = False
1071.6404 	EXP 	line_3: autoDraw = False
1071.6404 	EXP 	line_4: autoDraw = False
1071.6404 	EXP 	probe_2: autoDraw = False
1071.6404 	EXP 	fixation_2: autoDraw = True
1071.7237 	EXP 	Device response: <KeyPress from None: t=1071.6144230999926, value=v, duration=0.09445949998917058>
1072.6249 	EXP 	line_1: autoDraw = True
1072.6249 	EXP 	line_2: autoDraw = True
1072.6249 	EXP 	line_3: autoDraw = True
1072.6249 	EXP 	line_4: autoDraw = True
1072.6418 	EXP 	fixation_2: autoDraw = False
1073.6422 	INFO 	Keyboard events cleared
1073.6419 	EXP 	probe_2: autoDraw = True
1074.5077 	EXP 	Device response: <KeyPress from None: t=1074.5039015999937, value=x, duration=None>
1074.5081 	EXP 	New trial (rep=46, index=188): <Trial 188 (188 in rep 46) data={'pos': np.int64(-50), 'corr_resp': 'x', 'thisN': 188, 'thisTrialN': 188, 'thisRepN': 46}>
1074.5096 	DATA 	Keypress: x
1074.5240 	EXP 	fixation_2: autoDraw = False
1074.5240 	EXP 	line_1: autoDraw = False
1074.5240 	EXP 	line_2: autoDraw = False
1074.5240 	EXP 	line_3: autoDraw = False
1074.5240 	EXP 	line_4: autoDraw = False
1074.5240 	EXP 	probe_2: autoDraw = False
1074.5240 	EXP 	fixation_2: autoDraw = True
1074.6251 	EXP 	Device response: <KeyPress from None: t=1074.5039015999937, value=x, duration=0.10659300000406802>
1075.5081 	EXP 	line_1: autoDraw = True
1075.5081 	EXP 	line_2: autoDraw = True
1075.5081 	EXP 	line_3: autoDraw = True
1075.5081 	EXP 	line_4: autoDraw = True
1075.5269 	EXP 	fixation_2: autoDraw = False
1076.5086 	INFO 	Keyboard events cleared
1076.5084 	EXP 	probe_2: autoDraw = True
1077.5084 	EXP 	Device response: <KeyPress from None: t=1077.5017530999903, value=x, duration=None>
1077.5088 	EXP 	New trial (rep=46, index=189): <Trial 189 (189 in rep 46) data={'pos': np.int64(-150), 'corr_resp': 'z', 'thisN': 189, 'thisTrialN': 189, 'thisRepN': 46}>
1077.5102 	DATA 	Keypress: x
1077.5237 	EXP 	fixation_2: autoDraw = False
1077.5237 	EXP 	line_1: autoDraw = False
1077.5237 	EXP 	line_2: autoDraw = False
1077.5237 	EXP 	line_3: autoDraw = False
1077.5237 	EXP 	line_4: autoDraw = False
1077.5237 	EXP 	probe_2: autoDraw = False
1077.5237 	EXP 	fixation_2: autoDraw = True
1077.6257 	EXP 	Device response: <KeyPress from None: t=1077.5017530999903, value=x, duration=0.10599139999249019>
1078.5249 	EXP 	fixation_2: autoDraw = False
1078.5249 	EXP 	line_1: autoDraw = True
1078.5249 	EXP 	line_2: autoDraw = True
1078.5249 	EXP 	line_3: autoDraw = True
1078.5249 	EXP 	line_4: autoDraw = True
1079.5086 	INFO 	Keyboard events cleared
1079.5084 	EXP 	probe_2: autoDraw = True
1080.3252 	EXP 	Device response: <KeyPress from None: t=1080.311423199979, value=z, duration=None>
1080.3255 	EXP 	New trial (rep=47, index=190): <Trial 190 (190 in rep 47) data={'pos': np.int64(-150), 'corr_resp': 'z', 'thisN': 190, 'thisTrialN': 190, 'thisRepN': 47}>
1080.3270 	DATA 	Keypress: z
1080.3406 	EXP 	fixation_2: autoDraw = False
1080.3406 	EXP 	line_1: autoDraw = False
1080.3406 	EXP 	line_2: autoDraw = False
1080.3406 	EXP 	line_3: autoDraw = False
1080.3406 	EXP 	line_4: autoDraw = False
1080.3406 	EXP 	probe_2: autoDraw = False
1080.3406 	EXP 	fixation_2: autoDraw = True
1080.4581 	EXP 	Device response: <KeyPress from None: t=1080.311423199979, value=z, duration=0.13147580000804737>
1081.3252 	EXP 	line_1: autoDraw = True
1081.3252 	EXP 	line_2: autoDraw = True
1081.3252 	EXP 	line_3: autoDraw = True
1081.3252 	EXP 	line_4: autoDraw = True
1081.3418 	EXP 	fixation_2: autoDraw = False
1082.3253 	INFO 	Keyboard events cleared
1082.3251 	EXP 	probe_2: autoDraw = True
1083.0749 	EXP 	Device response: <KeyPress from None: t=1083.0692466999753, value=z, duration=None>
1083.0753 	EXP 	New trial (rep=47, index=191): <Trial 191 (191 in rep 47) data={'pos': np.int64(50), 'corr_resp': 'c', 'thisN': 191, 'thisTrialN': 191, 'thisRepN': 47}>
1083.0767 	DATA 	Keypress: z
1083.0908 	EXP 	fixation_2: autoDraw = False
1083.0908 	EXP 	line_1: autoDraw = False
1083.0908 	EXP 	line_2: autoDraw = False
1083.0908 	EXP 	line_3: autoDraw = False
1083.0908 	EXP 	line_4: autoDraw = False
1083.0908 	EXP 	probe_2: autoDraw = False
1083.0908 	EXP 	fixation_2: autoDraw = True
1083.1932 	EXP 	Device response: <KeyPress from None: t=1083.0692466999753, value=z, duration=0.11183790001086891>
1084.0752 	EXP 	line_1: autoDraw = True
1084.0752 	EXP 	line_2: autoDraw = True
1084.0752 	EXP 	line_3: autoDraw = True
1084.0752 	EXP 	line_4: autoDraw = True
1084.0907 	EXP 	fixation_2: autoDraw = False
1085.0920 	INFO 	Keyboard events cleared
1085.0918 	EXP 	probe_2: autoDraw = True
1086.0417 	EXP 	Device response: <KeyPress from None: t=1086.0391670999816, value=c, duration=None>
1086.0420 	EXP 	New trial (rep=48, index=192): <Trial 192 (192 in rep 48) data={'pos': np.int64(-150), 'corr_resp': 'z', 'thisN': 192, 'thisTrialN': 192, 'thisRepN': 48}>
1086.0433 	DATA 	Keypress: c
1086.0574 	EXP 	fixation_2: autoDraw = False
1086.0574 	EXP 	line_1: autoDraw = False
1086.0574 	EXP 	line_2: autoDraw = False
1086.0574 	EXP 	line_3: autoDraw = False
1086.0574 	EXP 	line_4: autoDraw = False
1086.0574 	EXP 	probe_2: autoDraw = False
1086.0574 	EXP 	fixation_2: autoDraw = True
1086.1583 	EXP 	Device response: <KeyPress from None: t=1086.0391670999816, value=c, duration=0.11670119999325834>
1087.0585 	EXP 	fixation_2: autoDraw = False
1087.0585 	EXP 	line_1: autoDraw = True
1087.0585 	EXP 	line_2: autoDraw = True
1087.0585 	EXP 	line_3: autoDraw = True
1087.0585 	EXP 	line_4: autoDraw = True
1088.0424 	INFO 	Keyboard events cleared
1088.0422 	EXP 	probe_2: autoDraw = True
1088.9413 	EXP 	Device response: <KeyPress from None: t=1088.9318007999973, value=z, duration=None>
1088.9416 	EXP 	New trial (rep=47, index=193): <Trial 193 (193 in rep 47) data={'pos': np.int64(-50), 'corr_resp': 'x', 'thisN': 193, 'thisTrialN': 193, 'thisRepN': 47}>
1088.9433 	DATA 	Keypress: z
1088.9581 	EXP 	fixation_2: autoDraw = False
1088.9581 	EXP 	line_1: autoDraw = False
1088.9581 	EXP 	line_2: autoDraw = False
1088.9581 	EXP 	line_3: autoDraw = False
1088.9581 	EXP 	line_4: autoDraw = False
1088.9581 	EXP 	probe_2: autoDraw = False
1088.9581 	EXP 	fixation_2: autoDraw = True
1089.0752 	EXP 	Device response: <KeyPress from None: t=1088.9318007999973, value=z, duration=0.1377941999817267>
1089.9413 	EXP 	line_1: autoDraw = True
1089.9413 	EXP 	line_2: autoDraw = True
1089.9413 	EXP 	line_3: autoDraw = True
1089.9413 	EXP 	line_4: autoDraw = True
1089.9585 	EXP 	fixation_2: autoDraw = False
1090.9418 	INFO 	Keyboard events cleared
1090.9416 	EXP 	probe_2: autoDraw = True
1091.9594 	EXP 	Device response: <KeyPress from None: t=1091.958726199984, value=x, duration=None>
1091.9598 	EXP 	New trial (rep=48, index=194): <Trial 194 (194 in rep 48) data={'pos': np.int64(50), 'corr_resp': 'c', 'thisN': 194, 'thisTrialN': 194, 'thisRepN': 48}>
1091.9613 	DATA 	Keypress: x
1091.9762 	EXP 	fixation_2: autoDraw = False
1091.9762 	EXP 	line_1: autoDraw = False
1091.9762 	EXP 	line_2: autoDraw = False
1091.9762 	EXP 	line_3: autoDraw = False
1091.9762 	EXP 	line_4: autoDraw = False
1091.9762 	EXP 	probe_2: autoDraw = False
1091.9762 	EXP 	fixation_2: autoDraw = True
1092.0741 	EXP 	Device response: <KeyPress from None: t=1091.958726199984, value=x, duration=0.11067480000201613>
1092.9745 	EXP 	line_1: autoDraw = True
1092.9745 	EXP 	line_2: autoDraw = True
1092.9745 	EXP 	line_3: autoDraw = True
1092.9745 	EXP 	line_4: autoDraw = True
1092.9922 	EXP 	fixation_2: autoDraw = False
1093.9754 	INFO 	Keyboard events cleared
1093.9752 	EXP 	probe_2: autoDraw = True
1094.8745 	EXP 	Device response: <KeyPress from None: t=1094.8706642999896, value=c, duration=None>
1094.8749 	EXP 	New trial (rep=49, index=195): <Trial 195 (195 in rep 49) data={'pos': np.int64(50), 'corr_resp': 'c', 'thisN': 195, 'thisTrialN': 195, 'thisRepN': 49}>
1094.8763 	DATA 	Keypress: c
1094.8915 	EXP 	fixation_2: autoDraw = False
1094.8915 	EXP 	line_1: autoDraw = False
1094.8915 	EXP 	line_2: autoDraw = False
1094.8915 	EXP 	line_3: autoDraw = False
1094.8915 	EXP 	line_4: autoDraw = False
1094.8915 	EXP 	probe_2: autoDraw = False
1094.8915 	EXP 	fixation_2: autoDraw = True
1094.9925 	EXP 	Device response: <KeyPress from None: t=1094.8706642999896, value=c, duration=0.11292829999001697>
1095.8753 	EXP 	line_1: autoDraw = True
1095.8753 	EXP 	line_2: autoDraw = True
1095.8753 	EXP 	line_3: autoDraw = True
1095.8753 	EXP 	line_4: autoDraw = True
1095.8921 	EXP 	fixation_2: autoDraw = False
1096.8756 	INFO 	Keyboard events cleared
1096.8754 	EXP 	probe_2: autoDraw = True
1097.8087 	EXP 	Device response: <KeyPress from None: t=1097.802338599984, value=c, duration=None>
1097.8091 	EXP 	New trial (rep=48, index=196): <Trial 196 (196 in rep 48) data={'pos': np.int64(-50), 'corr_resp': 'x', 'thisN': 196, 'thisTrialN': 196, 'thisRepN': 48}>
1097.8106 	DATA 	Keypress: c
1097.8236 	EXP 	fixation_2: autoDraw = False
1097.8236 	EXP 	line_1: autoDraw = False
1097.8236 	EXP 	line_2: autoDraw = False
1097.8236 	EXP 	line_3: autoDraw = False
1097.8236 	EXP 	line_4: autoDraw = False
1097.8236 	EXP 	probe_2: autoDraw = False
1097.8236 	EXP 	fixation_2: autoDraw = True
1097.9248 	EXP 	Device response: <KeyPress from None: t=1097.802338599984, value=c, duration=0.11356510000769049>
1098.8082 	EXP 	line_1: autoDraw = True
1098.8082 	EXP 	line_2: autoDraw = True
1098.8082 	EXP 	line_3: autoDraw = True
1098.8082 	EXP 	line_4: autoDraw = True
1098.8254 	EXP 	fixation_2: autoDraw = False
1099.8086 	INFO 	Keyboard events cleared
1099.8083 	EXP 	probe_2: autoDraw = True
1100.9416 	EXP 	Device response: <KeyPress from None: t=1100.9292774999922, value=x, duration=None>
1100.9419 	EXP 	New trial (rep=49, index=197): <Trial 197 (197 in rep 49) data={'pos': np.int64(-150), 'corr_resp': 'z', 'thisN': 197, 'thisTrialN': 197, 'thisRepN': 49}>
1100.9433 	DATA 	Keypress: x
1100.9576 	EXP 	fixation_2: autoDraw = False
1100.9576 	EXP 	line_1: autoDraw = False
1100.9576 	EXP 	line_2: autoDraw = False
1100.9576 	EXP 	line_3: autoDraw = False
1100.9576 	EXP 	line_4: autoDraw = False
1100.9576 	EXP 	probe_2: autoDraw = False
1100.9576 	EXP 	fixation_2: autoDraw = True
1101.0253 	EXP 	Device response: <KeyPress from None: t=1100.9292774999922, value=x, duration=0.09304780000820756>
1101.9407 	EXP 	line_1: autoDraw = True
1101.9407 	EXP 	line_2: autoDraw = True
1101.9407 	EXP 	line_3: autoDraw = True
1101.9407 	EXP 	line_4: autoDraw = True
1101.9589 	EXP 	fixation_2: autoDraw = False
1102.9411 	INFO 	Keyboard events cleared
1102.9409 	EXP 	probe_2: autoDraw = True
1103.8596 	EXP 	Device response: <KeyPress from None: t=1103.8503382999916, value=z, duration=None>
1103.8601 	EXP 	New trial (rep=49, index=198): <Trial 198 (198 in rep 49) data={'pos': np.int64(-50), 'corr_resp': 'x', 'thisN': 198, 'thisTrialN': 198, 'thisRepN': 49}>
1103.8618 	DATA 	Keypress: z
1103.8736 	EXP 	fixation_2: autoDraw = False
1103.8736 	EXP 	line_1: autoDraw = False
1103.8736 	EXP 	line_2: autoDraw = False
1103.8736 	EXP 	line_3: autoDraw = False
1103.8736 	EXP 	line_4: autoDraw = False
1103.8736 	EXP 	probe_2: autoDraw = False
1103.8736 	EXP 	fixation_2: autoDraw = True
1103.9583 	EXP 	Device response: <KeyPress from None: t=1103.8503382999916, value=z, duration=0.09178630000678822>
1104.8756 	EXP 	fixation_2: autoDraw = False
1104.8756 	EXP 	line_1: autoDraw = True
1104.8756 	EXP 	line_2: autoDraw = True
1104.8756 	EXP 	line_3: autoDraw = True
1104.8756 	EXP 	line_4: autoDraw = True
1105.8749 	INFO 	Keyboard events cleared
1105.8747 	EXP 	probe_2: autoDraw = True
1106.9105 	DATA 	Keypress: x
1106.9252 	EXP 	Device response: <KeyPress from None: t=1106.9088629999897, value=x, duration=None>
1106.9255 	EXP 	New trial (rep=49, index=199): <Trial 199 (199 in rep 49) data={'pos': np.int64(150), 'corr_resp': 'v', 'thisN': 199, 'thisTrialN': 199, 'thisRepN': 49}>
1106.9423 	EXP 	fixation_2: autoDraw = False
1106.9423 	EXP 	line_1: autoDraw = False
1106.9423 	EXP 	line_2: autoDraw = False
1106.9423 	EXP 	line_3: autoDraw = False
1106.9423 	EXP 	line_4: autoDraw = False
1106.9423 	EXP 	probe_2: autoDraw = False
1106.9423 	EXP 	fixation_2: autoDraw = True
1107.0254 	EXP 	Device response: <KeyPress from None: t=1106.9088629999897, value=x, duration=0.11335510000935756>
1107.9252 	EXP 	line_1: autoDraw = True
1107.9252 	EXP 	line_2: autoDraw = True
1107.9252 	EXP 	line_3: autoDraw = True
1107.9252 	EXP 	line_4: autoDraw = True
1107.9425 	EXP 	fixation_2: autoDraw = False
1108.9258 	INFO 	Keyboard events cleared
1108.9256 	EXP 	probe_2: autoDraw = True
1109.8923 	EXP 	Device response: <KeyPress from None: t=1109.8821303999866, value=v, duration=None>
1109.8934 	DATA 	Keypress: v
1109.9083 	EXP 	fixation_2: autoDraw = False
1109.9083 	EXP 	line_1: autoDraw = False
1109.9083 	EXP 	line_2: autoDraw = False
1109.9083 	EXP 	line_3: autoDraw = False
1109.9083 	EXP 	line_4: autoDraw = False
1109.9083 	EXP 	probe_2: autoDraw = False
1109.9087 	EXP 	Motor_sequence_exp: status = STOPPED
1110.0700 	INFO 	saved data to 'C:\\Users\\Pooja\\OneDrive\\Desktop\\Motor_Sequence_experiment\\data\\222_Motor_sequence_exp_2025-10-01_22h11.03.024.csv'
1110.0849 	INFO 	saved data to C:\Users\Pooja\OneDrive\Desktop\Motor_Sequence_experiment\data\222_Motor_sequence_exp_2025-10-01_22h11.03.024.psydat
1110.4861 	WARNING 	Stopping key buffers but this could be dangerous ifother keyboards rely on the same.
1110.5771 	WARNING 	Stopping key buffers but this could be dangerous ifother keyboards rely on the same.
1110.5772 	WARNING 	Stopping key buffers but this could be dangerous ifother keyboards rely on the same.
