pos,corr_resp,thisN,thisTrialN,thisRepN,key_resp.keys,key_resp.corr,key_resp.rt,key_resp.duration,key_resp_2.keys,key_resp_2.corr,key_resp_2.rt,key_resp_2.duration,trials.thisRepN,trials.thisTrialN,trials.thisN,trials.thisIndex,trials_2.thisRepN,trials_2.thisTrialN,trials_2.thisN,trials_2.thisIndex,thisRow.t,notes,trial.started,fixation.started,line1.started,line2.started,line3.started,line4.started,fixation.stopped,probe.started,key_resp.started,trial.stopped,trials.key_resp.keys,trials.key_resp.corr,trials.key_resp.rt,trials.key_resp.duration,routine_2.started,fixation_2.started,line_1.started,line_2.started,line_3.started,line_4.started,fixation_2.stopped,probe_2.started,key_resp_2.started,routine_2.stopped,trials_2.key_resp_2.keys,trials_2.key_resp_2.corr,trials_2.key_resp_2.rt,trials_2.key_resp_2.duration,participant,session,date,expName,expVersion,psychopyVersion,frameRate,expStart,
-50,x,0,0,0,x,1,1.108425000013085,None,,,,,0,0,0,0,,,,,0.02616049998323433,,0.01630779998959042,0.02616049998323433,1.0065324999741279,1.0065324999741279,1.0065324999741279,1.0065324999741279,1.0402032999845687,2.0065248999744654,2.0065248999744654,3.13629709999077,x,1,1.108425000013085,None,,,,,,,,,,,,,,,222,001,2025-10-01_22h11.03.024,Motor_sequence_exp,,2025.1.1,59.919025426301914,2025-10-01 22h11.11.492737 +0530,
150,v,1,1,0,v,1,1.7262310000078287,None,,,,,0,1,1,1,,,,,3.145603699987987,,3.136725699994713,3.145603699987987,4.139613599982113,4.139613599982113,4.139613599982113,4.139613599982113,4.156692199991085,5.14041009999346,5.14041009999346,6.874604799988447,v,1,1.7262310000078287,None,,,,,,,,,,,,,,,222,001,2025-10-01_22h11.03.024,Motor_sequence_exp,,2025.1.1,59.919025426301914,2025-10-01 22h11.11.492737 +0530,
50,c,2,2,0,c,1,1.133909099997254,None,,,,,0,2,2,2,,,,,6.889706599991769,,6.875167099991813,6.889706599991769,7.87382290000096,7.87382290000096,7.87382290000096,7.87382290000096,7.889942299982067,8.889569699997082,8.889569699997082,10.040242299990496,c,1,1.133909099997254,None,,,,,,,,,,,,,,,222,001,2025-10-01_22h11.03.024,Motor_sequence_exp,,2025.1.1,59.919025426301914,2025-10-01 22h11.11.492737 +0530,
-150,z,3,3,0,z,1,0.8872349000012036,None,,,,,0,3,3,3,,,,,10.05705579998903,,10.040585999988252,10.05705579998903,11.040297699975781,11.040297699975781,11.040297699975781,11.040297699975781,11.056961199996294,12.040362699975958,12.040362699975958,12.941315499978373,z,1,0.8872349000012036,None,,,,,,,,,,,,,,,222,001,2025-10-01_22h11.03.024,Motor_sequence_exp,,2025.1.1,59.919025426301914,2025-10-01 22h11.11.492737 +0530,
-50,x,4,0,1,x,1,0.924984699988272,None,,,,,1,0,4,0,,,,,12.957410799979698,,12.941884499974549,12.957410799979698,13.956176899984712,13.956176899984712,13.956176899984712,13.956176899984712,13.97376609998173,14.941674999980023,14.941674999980023,15.875742299976991,x,1,0.924984699988272,None,,,,,,,,,,,,,,,222,001,2025-10-01_22h11.03.024,Motor_sequence_exp,,2025.1.1,59.919025426301914,2025-10-01 22h11.11.492737 +0530,
150,v,5,1,1,v,1,1.4700292999914382,None,,,,,1,1,5,1,,,,,15.891296399990097,,15.876147099974332,15.891296399990097,16.874379499990027,16.874379499990027,16.874379499990027,16.874379499990027,16.89174799999455,17.873515599989332,17.873515599989332,19.35981979998178,v,1,1.4700292999914382,None,,,,,,,,,,,,,,,222,001,2025-10-01_22h11.03.024,Motor_sequence_exp,,2025.1.1,59.919025426301914,2025-10-01 22h11.11.492737 +0530,
50,c,6,2,1,c,1,0.823151799995685,None,,,,,1,2,6,2,,,,,19.37442559999181,,19.36026979997405,19.37442559999181,20.375042999978177,20.375042999978177,20.375042999978177,20.375042999978177,20.375042999978177,21.374310399987735,21.374310399987735,22.20857379998779,c,1,0.823151799995685,None,,,,,,,,,,,,,,,222,001,2025-10-01_22h11.03.024,Motor_sequence_exp,,2025.1.1,59.919025426301914,2025-10-01 22h11.11.492737 +0530,
-150,z,7,3,1,z,1,0.7937898000236601,None,,,,,1,3,7,3,,,,,22.22459479997633,,22.208965699974215,22.22459479997633,23.20871109998552,23.20871109998552,23.20871109998552,23.20871109998552,23.225360799988266,24.20861239999067,24.20861239999067,25.008157699980075,z,1,0.7937898000236601,None,,,,,,,,,,,,,,,222,001,2025-10-01_22h11.03.024,Motor_sequence_exp,,2025.1.1,59.919025426301914,2025-10-01 22h11.11.492737 +0530,
-50,x,8,0,2,x,1,0.5877359999867622,None,,,,,2,0,8,0,,,,,25.024410399986664,,25.008619699976407,25.024410399986664,26.024846399988746,26.024846399988746,26.024846399988746,26.024846399988746,26.024846399988746,27.02360219997354,27.02360219997354,27.623743399977684,x,1,0.5877359999867622,None,,,,,,,,,,,,,,,222,001,2025-10-01_22h11.03.024,Motor_sequence_exp,,2025.1.1,59.919025426301914,2025-10-01 22h11.11.492737 +0530,
150,v,9,1,2,v,1,0.824666000000434,None,,,,,2,1,9,1,,,,,27.640509099990595,,27.624152599979425,27.640509099990595,28.623326199973235,28.623326199973235,28.623326199973235,28.623326199973235,28.641043499985244,29.623239299980924,29.623239299980924,30.458090499974787,v,1,0.824666000000434,None,,,,,,,,,,,,,,,222,001,2025-10-01_22h11.03.024,Motor_sequence_exp,,2025.1.1,59.919025426301914,2025-10-01 22h11.11.492737 +0530,
50,c,10,2,2,c,1,0.40876249998109415,None,,,,,2,2,10,2,,,,,30.473262999992585,,30.45858629999566,30.473262999992585,31.456768599979114,31.456768599979114,31.456768599979114,31.456768599979114,31.473817399994005,32.456751499994425,32.456751499994425,32.874274199974025,c,1,0.40876249998109415,None,,,,,,,,,,,,,,,222,001,2025-10-01_22h11.03.024,Motor_sequence_exp,,2025.1.1,59.919025426301914,2025-10-01 22h11.11.492737 +0530,
-150,z,11,3,2,z,1,0.6122801000019535,None,,,,,2,3,11,3,,,,,32.890606000000844,,32.87455029998091,32.890606000000844,33.89070669998182,33.89070669998182,33.89070669998182,33.89070669998182,33.89070669998182,34.87343629999668,34.87343629999668,35.49103039997863,z,1,0.6122801000019535,None,,,,,,,,,,,,,,,222,001,2025-10-01_22h11.03.024,Motor_sequence_exp,,2025.1.1,59.919025426301914,2025-10-01 22h11.11.492737 +0530,
-50,x,12,0,3,x,1,0.68784160001087,None,,,,,3,0,12,0,,,,,35.50727679999545,,35.49140519998036,35.50727679999545,36.490629899984924,36.490629899984924,36.490629899984924,36.490629899984924,36.50673399999505,37.5075172999932,37.5075172999932,38.20722119999118,x,1,0.68784160001087,None,,,,,,,,,,,,,,,222,001,2025-10-01_22h11.03.024,Motor_sequence_exp,,2025.1.1,59.919025426301914,2025-10-01 22h11.11.492737 +0530,
150,v,13,1,3,v,1,0.317702799977269,None,,,,,3,1,13,1,,,,,38.22336939998786,,38.20749909998267,38.22336939998786,39.206972499989206,39.206972499989206,39.206972499989206,39.206972499989206,39.22356119999313,40.206872399983695,40.206872399983695,40.52598379997653,v,1,0.317702799977269,None,,,,,,,,,,,,,,,222,001,2025-10-01_22h11.03.024,Motor_sequence_exp,,2025.1.1,59.919025426301914,2025-10-01 22h11.11.492737 +0530,
50,c,14,2,3,c,1,0.325085400021635,None,,,,,3,2,14,2,,,,,40.54117119999137,,40.52625199998147,40.54117119999137,41.541140699991956,41.541140699991956,41.541140699991956,41.541140699991956,41.541140699991956,42.541250299982494,42.541250299982494,42.8758286999946,c,1,0.325085400021635,None,,,,,,,,,,,,,,,222,001,2025-10-01_22h11.03.024,Motor_sequence_exp,,2025.1.1,59.919025426301914,2025-10-01 22h11.11.492737 +0530,
-150,z,15,3,3,z,1,0.2514779999910388,None,,,,,3,3,15,3,,,,,42.891685499984305,,42.87620549998246,42.891685499984305,43.89028339998913,43.89028339998913,43.89028339998913,43.89028339998913,43.89028339998913,44.89024909998989,44.89024909998989,45.15794779997668,z,1,0.2514779999910388,None,,,,,,,,,,,,,,,222,001,2025-10-01_22h11.03.024,Motor_sequence_exp,,2025.1.1,59.919025426301914,2025-10-01 22h11.11.492737 +0530,
-50,x,16,0,4,x,1,0.8625313999946229,None,,,,,4,0,16,0,,,,,45.17435190000106,,45.1582734999829,45.17435190000106,46.17429109997465,46.17429109997465,46.17429109997465,46.17429109997465,46.17429109997465,47.173633699974744,47.173633699974744,48.0406427999842,x,1,0.8625313999946229,None,,,,,,,,,,,,,,,222,001,2025-10-01_22h11.03.024,Motor_sequence_exp,,2025.1.1,59.919025426301914,2025-10-01 22h11.11.492737 +0530,
150,v,17,1,4,v,1,0.2820996999798808,None,,,,,4,1,17,1,,,,,48.0579075999849,,48.04110689999652,48.0579075999849,49.04014239998651,49.04014239998651,49.04014239998651,49.04014239998651,49.07369579997612,50.04083119999268,50.04083119999268,50.324109499983024,v,1,0.2820996999798808,None,,,,,,,,,,,,,,,222,001,2025-10-01_22h11.03.024,Motor_sequence_exp,,2025.1.1,59.919025426301914,2025-10-01 22h11.11.492737 +0530,
50,c,18,2,4,c,1,0.4126345999829937,None,,,,,4,2,18,2,,,,,50.340421799977776,,50.32440629997291,50.340421799977776,51.32369729998754,51.32369729998754,51.32369729998754,51.32369729998754,51.3408400999906,52.32357229999616,52.32357229999616,52.74157739998191,c,1,0.4126345999829937,None,,,,,,,,,,,,,,,222,001,2025-10-01_22h11.03.024,Motor_sequence_exp,,2025.1.1,59.919025426301914,2025-10-01 22h11.11.492737 +0530,
-150,z,19,3,4,z,1,0.3191880999947898,None,,,,,4,3,19,3,,,,,52.75703869998688,,52.74206559997401,52.75703869998688,53.75706769997487,53.75706769997487,53.75706769997487,53.75706769997487,53.75706769997487,54.75713389998418,54.75713389998418,55.091752999986056,z,1,0.3191880999947898,None,,,,,,,,,,,,,,,222,001,2025-10-01_22h11.03.024,Motor_sequence_exp,,2025.1.1,59.919025426301914,2025-10-01 22h11.11.492737 +0530,
-50,x,20,0,5,x,1,0.3032551000069361,None,,,,,5,0,20,0,,,,,55.107070099998964,,55.09207269997569,55.107070099998964,56.091027999995276,56.091027999995276,56.091027999995276,56.091027999995276,56.106973899994045,57.09108719998039,57.09108719998039,57.407723399985116,x,1,0.3032551000069361,None,,,,,,,,,,,,,,,222,001,2025-10-01_22h11.03.024,Motor_sequence_exp,,2025.1.1,59.919025426301914,2025-10-01 22h11.11.492737 +0530,
150,v,21,1,5,v,1,0.2530638999887742,None,,,,,5,1,21,1,,,,,57.42435009998735,,57.40799959999276,57.42435009998735,58.40697789998376,58.40697789998376,58.40697789998376,58.40697789998376,58.42757780000102,59.40709649998462,59.40709649998462,59.674735799984774,v,1,0.2530638999887742,None,,,,,,,,,,,,,,,222,001,2025-10-01_22h11.03.024,Motor_sequence_exp,,2025.1.1,59.919025426301914,2025-10-01 22h11.11.492737 +0530,
50,c,22,2,5,c,1,0.4161344000021927,None,,,,,5,2,22,2,,,,,59.690565599972615,,59.675010299979476,59.690565599972615,60.690497399977176,60.690497399977176,60.690497399977176,60.690497399977176,60.690497399977176,61.6745183999883,61.6745183999883,62.10814409999875,c,1,0.4161344000021927,None,,,,,,,,,,,,,,,222,001,2025-10-01_22h11.03.024,Motor_sequence_exp,,2025.1.1,59.919025426301914,2025-10-01 22h11.11.492737 +0530,
-150,z,23,3,5,z,1,0.22314580000238493,None,,,,,5,3,23,3,,,,,62.1246206999931,,62.10843959997874,62.1246206999931,63.10874269998749,63.10874269998749,63.10874269998749,63.10874269998749,63.12591259999317,64.10931509998045,64.10931509998045,64.34339509997517,z,1,0.22314580000238493,None,,,,,,,,,,,,,,,222,001,2025-10-01_22h11.03.024,Motor_sequence_exp,,2025.1.1,59.919025426301914,2025-10-01 22h11.11.492737 +0530,
-50,x,24,0,6,x,1,0.3695838999992702,None,,,,,6,0,24,0,,,,,64.35844999999972,,64.34398419997888,64.35844999999972,65.34305559998029,65.34305559998029,65.34305559998029,65.34305559998029,65.35906679998152,66.35760029999074,66.35760029999074,66.7419729999965,x,1,0.3695838999992702,None,,,,,,,,,,,,,,,222,001,2025-10-01_22h11.03.024,Motor_sequence_exp,,2025.1.1,59.919025426301914,2025-10-01 22h11.11.492737 +0530,
150,v,25,1,6,v,1,0.27112619997933507,None,,,,,6,1,25,1,,,,,66.75933129998157,,66.74236909998581,66.75933129998157,67.74257339999895,67.74257339999895,67.74257339999895,67.74257339999895,67.75760639997316,68.74291959998664,68.74291959998664,69.02650139998877,v,1,0.27112619997933507,None,,,,,,,,,,,,,,,222,001,2025-10-01_22h11.03.024,Motor_sequence_exp,,2025.1.1,59.919025426301914,2025-10-01 22h11.11.492737 +0530,
50,c,26,2,6,c,1,0.28027380001731217,None,,,,,6,2,26,2,,,,,69.04156789998524,,69.02712669997709,69.04156789998524,70.02617009999813,70.02617009999813,70.02617009999813,70.02617009999813,70.04291249997914,71.02606169998762,71.02606169998762,71.30981769997743,c,1,0.28027380001731217,None,,,,,,,,,,,,,,,222,001,2025-10-01_22h11.03.024,Motor_sequence_exp,,2025.1.1,59.919025426301914,2025-10-01 22h11.11.492737 +0530,
-150,z,27,3,6,z,1,0.2541485000110697,None,,,,,6,3,27,3,,,,,71.32512389999465,,71.31020769997849,71.32512389999465,72.30961369999568,72.30961369999568,72.30961369999568,72.30961369999568,72.32615019998048,73.31005509998067,73.31005509998067,73.576639899984,z,1,0.2541485000110697,None,,,,,,,,,,,,,,,222,001,2025-10-01_22h11.03.024,Motor_sequence_exp,,2025.1.1,59.919025426301914,2025-10-01 22h11.11.492737 +0530,
-50,x,28,0,7,x,1,0.3110768999904394,None,,,,,7,0,28,0,,,,,73.59142839998822,,73.5770905999816,73.59142839998822,74.57501849997789,74.57501849997789,74.57501849997789,74.57501849997789,74.59225789998891,75.57615149999037,75.57615149999037,75.89212059997953,x,1,0.3110768999904394,None,,,,,,,,,,,,,,,222,001,2025-10-01_22h11.03.024,Motor_sequence_exp,,2025.1.1,59.919025426301914,2025-10-01 22h11.11.492737 +0530,
150,v,29,1,7,v,1,0.30168229999253526,None,,,,,7,1,29,1,,,,,75.90888799997629,,75.89268029999221,75.90888799997629,76.89290589999291,76.89290589999291,76.89290589999291,76.89290589999291,76.90965659997892,77.89307189997635,77.89307189997635,78.20871779997833,v,1,0.30168229999253526,None,,,,,,,,,,,,,,,222,001,2025-10-01_22h11.03.024,Motor_sequence_exp,,2025.1.1,59.919025426301914,2025-10-01 22h11.11.492737 +0530,
50,c,30,2,7,c,1,0.3138961000076961,None,,,,,7,2,30,2,,,,,78.2260122000007,,78.20911379999598,78.2260122000007,79.20912959999987,79.20912959999987,79.20912959999987,79.20912959999987,79.22593489999417,80.2091333999997,80.2091333999997,80.52645619999385,c,1,0.3138961000076961,None,,,,,,,,,,,,,,,222,001,2025-10-01_22h11.03.024,Motor_sequence_exp,,2025.1.1,59.919025426301914,2025-10-01 22h11.11.492737 +0530,
-150,z,31,3,7,z,1,0.39854590001050383,None,,,,,7,3,31,3,,,,,80.54127699998207,,80.5269527999917,80.54127699998207,81.52669429997331,81.52669429997331,81.52669429997331,81.52669429997331,81.54276159999426,82.52490979997674,82.52490979997674,82.92558879998978,z,1,0.39854590001050383,None,,,,,,,,,,,,,,,222,001,2025-10-01_22h11.03.024,Motor_sequence_exp,,2025.1.1,59.919025426301914,2025-10-01 22h11.11.492737 +0530,
-50,x,32,0,8,x,1,0.3435260999831371,None,,,,,8,0,32,0,,,,,82.94203789997846,,82.92605329997605,82.94203789997846,83.92600439998205,83.92600439998205,83.92600439998205,83.92600439998205,83.94266659999266,84.92598619998898,84.92598619998898,85.27686739998171,x,1,0.3435260999831371,None,,,,,,,,,,,,,,,222,001,2025-10-01_22h11.03.024,Motor_sequence_exp,,2025.1.1,59.919025426301914,2025-10-01 22h11.11.492737 +0530,
150,v,33,1,8,v,1,0.32714719997602515,None,,,,,8,1,33,1,,,,,85.29190119999112,,85.27731639999547,85.29190119999112,86.29297839998617,86.29297839998617,86.29297839998617,86.29297839998617,86.29297839998617,87.29311269999016,87.29311269999016,87.62603059998946,v,1,0.32714719997602515,None,,,,,,,,,,,,,,,222,001,2025-10-01_22h11.03.024,Motor_sequence_exp,,2025.1.1,59.919025426301914,2025-10-01 22h11.11.492737 +0530,
50,c,34,2,8,c,1,0.2612772000138648,None,,,,,8,2,34,2,,,,,87.6425154999888,,87.62644529997488,87.6425154999888,88.62632789998315,88.62632789998315,88.62632789998315,88.62632789998315,88.64247269998305,89.6260516999755,89.6260516999755,89.89825269998983,c,1,0.2612772000138648,None,,,,,,,,,,,,,,,222,001,2025-10-01_22h11.03.024,Motor_sequence_exp,,2025.1.1,59.919025426301914,2025-10-01 22h11.11.492737 +0530,
-150,z,35,3,8,z,1,0.29120619999594055,None,,,,,8,3,35,3,,,,,89.9079619999975,,89.89883279998321,89.9079619999975,90.90885169999092,90.90885169999092,90.90885169999092,90.90885169999092,90.90885169999092,91.90981919999467,91.90981919999467,92.21052039999631,z,1,0.29120619999594055,None,,,,,,,,,,,,,,,222,001,2025-10-01_22h11.03.024,Motor_sequence_exp,,2025.1.1,59.919025426301914,2025-10-01 22h11.11.492737 +0530,
-50,x,36,0,9,x,1,0.3593405999999959,None,,,,,9,0,36,0,,,,,92.22464649999165,,92.21098779997556,92.22464649999165,93.22611989997677,93.22611989997677,93.22611989997677,93.22611989997677,93.22611989997677,94.20910670000012,94.20910670000012,94.57733399997232,x,1,0.3593405999999959,None,,,,,,,,,,,,,,,222,001,2025-10-01_22h11.03.024,Motor_sequence_exp,,2025.1.1,59.919025426301914,2025-10-01 22h11.11.492737 +0530,
150,v,37,1,9,v,1,0.32471869999426417,None,,,,,9,1,37,1,,,,,94.59201699998812,,94.57778739999048,94.59201699998812,95.57720689999405,95.57720689999405,95.57720689999405,95.57720689999405,95.59309270000085,96.59278589999303,96.59278589999303,96.92617049999535,v,1,0.32471869999426417,None,,,,,,,,,,,,,,,222,001,2025-10-01_22h11.03.024,Motor_sequence_exp,,2025.1.1,59.919025426301914,2025-10-01 22h11.11.492737 +0530,
50,c,38,2,9,c,1,0.5791239000100177,None,,,,,9,2,38,2,,,,,96.94294589999481,,96.926564399997,96.94294589999481,97.92631029998302,97.92631029998302,97.92631029998302,97.92631029998302,97.94353679998312,98.92660899998737,98.92660899998737,99.50950179999927,c,1,0.5791239000100177,None,,,,,,,,,,,,,,,222,001,2025-10-01_22h11.03.024,Motor_sequence_exp,,2025.1.1,59.919025426301914,2025-10-01 22h11.11.492737 +0530,
-150,z,39,3,9,z,1,0.3583615999959875,None,,,,,9,3,39,3,,,,,99.52536589998635,,99.50994269998046,99.52536589998635,100.50999309998588,100.50999309998588,100.50999309998588,100.50999309998588,100.5269007999741,101.52504319997388,101.52504319997388,101.89291049999883,z,1,0.3583615999959875,None,,,,,,,,,,,,,,,222,001,2025-10-01_22h11.03.024,Motor_sequence_exp,,2025.1.1,59.919025426301914,2025-10-01 22h11.11.492737 +0530,
-50,x,40,0,10,x,1,0.5244662000040989,None,,,,,10,0,40,0,,,,,101.9082602999988,,101.89343569998164,101.9082602999988,102.90779749999638,102.90779749999638,102.90779749999638,102.90779749999638,102.90779749999638,103.90802559998701,103.90802559998701,104.44262799998978,x,1,0.5244662000040989,None,,,,,,,,,,,,,,,222,001,2025-10-01_22h11.03.024,Motor_sequence_exp,,2025.1.1,59.919025426301914,2025-10-01 22h11.11.492737 +0530,
150,v,41,1,10,v,1,0.31974009997793473,None,,,,,10,1,41,1,,,,,104.4578063999943,,104.44308669999009,104.4578063999943,105.44116749998648,105.44116749998648,105.44116749998648,105.44116749998648,105.45787709997967,106.44123069997295,106.44123069997295,106.77585979999276,v,1,0.31974009997793473,None,,,,,,,,,,,,,,,222,001,2025-10-01_22h11.03.024,Motor_sequence_exp,,2025.1.1,59.919025426301914,2025-10-01 22h11.11.492737 +0530,
50,c,42,2,10,c,1,0.4009018999931868,None,,,,,10,2,42,2,,,,,106.79140550000011,,106.7761693999928,106.79140550000011,107.79106719998526,107.79106719998526,107.79106719998526,107.79106719998526,107.79106719998526,108.77531319999252,108.77531319999252,109.19176979997428,c,1,0.4009018999931868,None,,,,,,,,,,,,,,,222,001,2025-10-01_22h11.03.024,Motor_sequence_exp,,2025.1.1,59.919025426301914,2025-10-01 22h11.11.492737 +0530,
-150,z,43,3,10,z,1,0.4464954000141006,None,,,,,10,3,43,3,,,,,109.2086417999817,,109.19221169999219,109.2086417999817,110.19165109997266,110.19165109997266,110.19165109997266,110.19165109997266,110.20851289998973,111.19214939998346,111.19214939998346,111.64190149999922,z,1,0.4464954000141006,None,,,,,,,,,,,,,,,222,001,2025-10-01_22h11.03.024,Motor_sequence_exp,,2025.1.1,59.919025426301914,2025-10-01 22h11.11.492737 +0530,
-50,x,44,0,11,x,1,0.4510860000154935,None,,,,,11,0,44,0,,,,,111.65837739998824,,111.64222759997938,111.65837739998824,112.64166109997313,112.64166109997313,112.64166109997313,112.64166109997313,112.65863409999292,113.64137069997378,113.64137069997378,114.10958150000079,x,1,0.4510860000154935,None,,,,,,,,,,,,,,,222,001,2025-10-01_22h11.03.024,Motor_sequence_exp,,2025.1.1,59.919025426301914,2025-10-01 22h11.11.492737 +0530,
150,v,45,1,11,v,1,0.4623031000082847,None,,,,,11,1,45,1,,,,,114.12517069999012,,114.10986599998432,114.12517069999012,115.10908269998617,115.10908269998617,115.10908269998617,115.10908269998617,115.1252131999936,116.11008069998934,116.11008069998934,116.5773275999818,v,1,0.4623031000082847,None,,,,,,,,,,,,,,,222,001,2025-10-01_22h11.03.024,Motor_sequence_exp,,2025.1.1,59.919025426301914,2025-10-01 22h11.11.492737 +0530,
50,c,46,2,11,c,1,0.4582300999900326,None,,,,,11,2,46,2,,,,,116.59190209998633,,116.57774779997999,116.59190209998633,117.57670609999332,117.57670609999332,117.57670609999332,117.57670609999332,117.59194029998616,118.59342299998389,118.59342299998389,119.06037009999272,c,1,0.4582300999900326,None,,,,,,,,,,,,,,,222,001,2025-10-01_22h11.03.024,Motor_sequence_exp,,2025.1.1,59.919025426301914,2025-10-01 22h11.11.492737 +0530,
-150,z,47,3,11,z,1,0.39481500000692904,None,,,,,11,3,47,3,,,,,119.07573909999337,,119.06084779999219,119.07573909999337,120.07564450000064,120.07564450000064,120.07564450000064,120.07564450000064,120.07564450000064,121.07555509998929,121.07555509998929,121.47711499998695,z,1,0.39481500000692904,None,,,,,,,,,,,,,,,222,001,2025-10-01_22h11.03.024,Motor_sequence_exp,,2025.1.1,59.919025426301914,2025-10-01 22h11.11.492737 +0530,
-50,x,48,0,12,x,1,0.6033212000038475,None,,,,,12,0,48,0,,,,,121.49167399998987,,121.4775554999942,121.49167399998987,122.47693059997982,122.47693059997982,122.47693059997982,122.47693059997982,122.49334909999743,123.47692369998549,123.47692369998549,124.0924543000001,x,1,0.6033212000038475,None,,,,,,,,,,,,,,,222,001,2025-10-01_22h11.03.024,Motor_sequence_exp,,2025.1.1,59.919025426301914,2025-10-01 22h11.11.492737 +0530,
150,v,49,1,12,v,1,0.5116080000007059,None,,,,,12,1,49,1,,,,,124.10961569999927,,124.09301969999797,124.10961569999927,125.09178979997523,125.09178979997523,125.09178979997523,125.09178979997523,125.12700670000049,126.09274839999853,126.09274839999853,126.61013309998089,v,1,0.5116080000007059,None,,,,,,,,,,,,,,,222,001,2025-10-01_22h11.03.024,Motor_sequence_exp,,2025.1.1,59.919025426301914,2025-10-01 22h11.11.492737 +0530,
50,c,50,2,12,c,1,0.523344699991867,None,,,,,12,2,50,2,,,,,126.62563259998569,,126.61052789998939,126.62563259998569,127.61031229997752,127.61031229997752,127.61031229997752,127.61031229997752,127.62688389999676,128.61066099998425,128.61066099998425,129.14345139998477,c,1,0.523344699991867,None,,,,,,,,,,,,,,,222,001,2025-10-01_22h11.03.024,Motor_sequence_exp,,2025.1.1,59.919025426301914,2025-10-01 22h11.11.492737 +0530,
-150,z,51,3,12,z,1,0.3575997000152711,None,,,,,12,3,51,3,,,,,129.16017219997593,,129.14384169998812,129.16017219997593,130.1436476999952,130.1436476999952,130.1436476999952,130.1436476999952,130.15972579998197,131.14341179997427,131.14341179997427,131.5101769999892,z,1,0.3575997000152711,None,,,,,,,,,,,,,,,222,001,2025-10-01_22h11.03.024,Motor_sequence_exp,,2025.1.1,59.919025426301914,2025-10-01 22h11.11.492737 +0530,
-50,x,52,0,13,x,1,0.48401190000004135,None,,,,,13,0,52,0,,,,,131.52531799999997,,131.51057999997283,131.52531799999997,132.51023279997753,132.51023279997753,132.51023279997753,132.51023279997753,132.52677619998576,133.52679969999008,133.52679969999008,134.02601239999058,x,1,0.48401190000004135,None,,,,,,,,,,,,,,,222,001,2025-10-01_22h11.03.024,Motor_sequence_exp,,2025.1.1,59.919025426301914,2025-10-01 22h11.11.492737 +0530,
150,v,53,1,13,v,1,0.3465538999880664,None,,,,,13,1,53,1,,,,,134.04262009999366,,134.02646009999444,134.04262009999366,135.0257639999909,135.0257639999909,135.0257639999909,135.0257639999909,135.04257589997724,136.02614709999762,136.02614709999762,136.3767608999915,v,1,0.3465538999880664,None,,,,,,,,,,,,,,,222,001,2025-10-01_22h11.03.024,Motor_sequence_exp,,2025.1.1,59.919025426301914,2025-10-01 22h11.11.492737 +0530,
50,c,54,2,13,c,1,0.32628229999681935,None,,,,,13,2,54,2,,,,,136.39282499998808,,136.3771970999951,136.39282499998808,137.37720579997404,137.37720579997404,137.37720579997404,137.37720579997404,137.39387659999193,138.37588519998826,138.37588519998826,138.70953229998122,c,1,0.32628229999681935,None,,,,,,,,,,,,,,,222,001,2025-10-01_22h11.03.024,Motor_sequence_exp,,2025.1.1,59.919025426301914,2025-10-01 22h11.11.492737 +0530,
-150,z,55,3,13,z,1,0.2936639999970794,None,,,,,13,3,55,3,,,,,138.72594089998165,,138.70992839999963,138.72594089998165,139.70886049998808,139.70886049998808,139.70886049998808,139.70886049998808,139.72605549998116,140.72543739998946,140.72543739998946,141.02533659999608,z,1,0.2936639999970794,None,,,,,,,,,,,,,,,222,001,2025-10-01_22h11.03.024,Motor_sequence_exp,,2025.1.1,59.919025426301914,2025-10-01 22h11.11.492737 +0530,
-50,x,56,0,14,x,1,0.3261509999865666,None,,,,,14,0,56,0,,,,,141.04239209997468,,141.02564269999857,141.04239209997468,142.02530949999345,142.02530949999345,142.02530949999345,142.02530949999345,142.04246379999677,143.02577979999478,143.02577979999478,143.35889959998894,x,1,0.3261509999865666,None,,,,,,,,,,,,,,,222,001,2025-10-01_22h11.03.024,Motor_sequence_exp,,2025.1.1,59.919025426301914,2025-10-01 22h11.11.492737 +0530,
150,v,57,1,14,v,1,0.3721908000006806,None,,,,,14,1,57,1,,,,,143.3755655999994,,143.35926819997258,143.3755655999994,144.3582983999804,144.3582983999804,144.3582983999804,144.3582983999804,144.375561199995,145.36049429999548,145.36049429999548,145.7431760999898,v,1,0.3721908000006806,None,,,,,,,,,,,,,,,222,001,2025-10-01_22h11.03.024,Motor_sequence_exp,,2025.1.1,59.919025426301914,2025-10-01 22h11.11.492737 +0530,
50,c,58,2,14,c,1,0.464838600018993,None,,,,,14,2,58,2,,,,,145.7595751999761,,145.7435188999807,145.7595751999761,146.74357679998502,146.74357679998502,146.74357679998502,146.74357679998502,146.76030499997432,147.74412540000048,147.74412540000048,148.2103118999803,c,1,0.464838600018993,None,,,,,,,,,,,,,,,222,001,2025-10-01_22h11.03.024,Motor_sequence_exp,,2025.1.1,59.919025426301914,2025-10-01 22h11.11.492737 +0530,
-150,z,59,3,14,z,1,0.3416649000137113,None,,,,,14,3,59,3,,,,,148.22537219998776,,148.21070769999642,148.22537219998776,149.21064129998558,149.21064129998558,149.21064129998558,149.21064129998558,149.22633849998238,150.21051959999022,150.21051959999022,150.56134389998624,z,1,0.3416649000137113,None,,,,,,,,,,,,,,,222,001,2025-10-01_22h11.03.024,Motor_sequence_exp,,2025.1.1,59.919025426301914,2025-10-01 22h11.11.492737 +0530,
-50,x,60,0,15,x,1,0.3144765000033658,None,,,,,15,0,60,0,,,,,150.57553239999106,,150.56174209999153,150.57553239999106,151.56039659999078,151.56039659999078,151.56039659999078,151.56039659999078,151.57733449997613,152.57551879997482,152.57551879997482,152.89317529997788,x,1,0.3144765000033658,None,,,,,,,,,,,,,,,222,001,2025-10-01_22h11.03.024,Motor_sequence_exp,,2025.1.1,59.919025426301914,2025-10-01 22h11.11.492737 +0530,
150,v,61,1,15,v,1,0.35674240000662394,None,,,,,15,1,61,1,,,,,152.90957119999803,,152.89374169998337,152.90957119999803,153.89406689998577,153.89406689998577,153.89406689998577,153.89406689998577,153.91081669999403,154.89353209998808,154.89353209998808,155.26167259999784,v,1,0.35674240000662394,None,,,,,,,,,,,,,,,222,001,2025-10-01_22h11.03.024,Motor_sequence_exp,,2025.1.1,59.919025426301914,2025-10-01 22h11.11.492737 +0530,
50,c,62,2,15,c,1,0.3151233999815304,None,,,,,15,2,62,2,,,,,155.27625079997233,,155.2621287999791,155.27625079997233,156.27690669998992,156.27690669998992,156.27690669998992,156.27690669998992,156.27690669998992,157.27699959999882,157.27699959999882,157.59475429999293,c,1,0.3151233999815304,None,,,,,,,,,,,,,,,222,001,2025-10-01_22h11.03.024,Motor_sequence_exp,,2025.1.1,59.919025426301914,2025-10-01 22h11.11.492737 +0530,
-150,z,63,3,15,z,1,0.3260942999913823,None,,,,,15,3,63,3,,,,,157.61031409999123,,157.59518519998528,157.61031409999123,158.6096362999815,158.6096362999815,158.6096362999815,158.6096362999815,158.6263841999753,159.6088554999733,159.6088554999733,159.94384739999077,z,1,0.3260942999913823,None,,,,,,,,,,,,,,,222,001,2025-10-01_22h11.03.024,Motor_sequence_exp,,2025.1.1,59.919025426301914,2025-10-01 22h11.11.492737 +0530,
-50,x,64,0,16,x,1,0.31915640001534484,None,,,,,16,0,64,0,,,,,159.9589276999759,,159.9441934999777,159.9589276999759,160.94292509998195,160.94292509998195,160.94292509998195,160.94292509998195,160.9609340999741,161.9442617999739,161.9442617999739,162.2783214999945,x,1,0.31915640001534484,None,,,,,,,,,,,,,,,222,001,2025-10-01_22h11.03.024,Motor_sequence_exp,,2025.1.1,59.919025426301914,2025-10-01 22h11.11.492737 +0530,
150,v,65,1,16,v,1,0.432413499976974,None,,,,,16,1,65,1,,,,,162.2931223999767,,162.2787123999733,162.2931223999767,163.29492659997777,163.29492659997777,163.29492659997777,163.29492659997777,163.29492659997777,164.27742800000124,164.27742800000124,164.7269088999892,v,1,0.432413499976974,None,,,,,,,,,,,,,,,222,001,2025-10-01_22h11.03.024,Motor_sequence_exp,,2025.1.1,59.919025426301914,2025-10-01 22h11.11.492737 +0530,
50,c,66,2,16,c,1,0.5917122999962885,None,,,,,16,2,66,2,,,,,164.74426359997597,,164.7273264999967,164.74426359997597,165.72736009999062,165.72736009999062,165.72736009999062,165.72736009999062,165.74429019997478,166.72656669997377,166.72656669997377,167.32767129997956,c,1,0.5917122999962885,None,,,,,,,,,,,,,,,222,001,2025-10-01_22h11.03.024,Motor_sequence_exp,,2025.1.1,59.919025426301914,2025-10-01 22h11.11.492737 +0530,
-150,z,67,3,16,z,1,0.4633713999937754,None,,,,,16,3,67,3,,,,,167.34320869998191,,167.32813399998122,167.34320869998191,168.34331849997398,168.34331849997398,168.34331849997398,168.34331849997398,168.34331849997398,169.32765009999275,169.32765009999275,169.79461749998154,z,1,0.4633713999937754,None,,,,,,,,,,,,,,,222,001,2025-10-01_22h11.03.024,Motor_sequence_exp,,2025.1.1,59.919025426301914,2025-10-01 22h11.11.492737 +0530,
-50,x,68,0,17,x,1,0.29487939999671653,None,,,,,17,0,68,0,,,,,169.80982799999765,,169.79506889998447,169.80982799999765,170.81048739998369,170.81048739998369,170.81048739998369,170.81048739998369,170.81048739998369,171.79399159998866,171.79399159998866,172.09537589998217,x,1,0.29487939999671653,None,,,,,,,,,,,,,,,222,001,2025-10-01_22h11.03.024,Motor_sequence_exp,,2025.1.1,59.919025426301914,2025-10-01 22h11.11.492737 +0530,
150,v,69,1,17,v,1,0.25314509999589063,None,,,,,17,1,69,1,,,,,172.10988279999583,,172.0959998999897,172.10988279999583,173.11066519998712,173.11066519998712,173.11066519998712,173.11066519998712,173.11066519998712,174.09402199997567,174.09402199997567,174.36070759998984,v,1,0.25314509999589063,None,,,,,,,,,,,,,,,222,001,2025-10-01_22h11.03.024,Motor_sequence_exp,,2025.1.1,59.919025426301914,2025-10-01 22h11.11.492737 +0530,
50,c,70,2,17,c,1,0.2651805999921635,None,,,,,17,2,70,2,,,,,174.3773966000008,,174.36111949998303,174.3773966000008,175.3611373999738,175.3611373999738,175.3611373999738,175.3611373999738,175.3777331999736,176.36004319999483,176.36004319999483,176.62816149997525,c,1,0.2651805999921635,None,,,,,,,,,,,,,,,222,001,2025-10-01_22h11.03.024,Motor_sequence_exp,,2025.1.1,59.919025426301914,2025-10-01 22h11.11.492737 +0530,
-150,z,71,3,17,z,1,0.2994810999953188,None,,,,,17,3,71,3,,,,,176.64355389997945,,176.6285998999956,176.64355389997945,177.64484779999475,177.64484779999475,177.64484779999475,177.64484779999475,177.64484779999475,178.64276769998833,178.64276769998833,178.943715899979,z,1,0.2994810999953188,None,,,,,,,,,,,,,,,222,001,2025-10-01_22h11.03.024,Motor_sequence_exp,,2025.1.1,59.919025426301914,2025-10-01 22h11.11.492737 +0530,
-50,x,72,0,18,x,1,0.17502250001416542,None,,,,,18,0,72,0,,,,,178.9594088999729,,178.9441026999848,178.9594088999729,179.94393159999163,179.94393159999163,179.94393159999163,179.94393159999163,179.96058739998261,180.96067579998635,180.96067579998635,181.1440341999987,x,1,0.17502250001416542,None,,,,,,,,,,,,,,,222,001,2025-10-01_22h11.03.024,Motor_sequence_exp,,2025.1.1,59.919025426301914,2025-10-01 22h11.11.492737 +0530,
150,v,73,1,18,v,1,0.21437400000286289,None,,,,,18,1,73,1,,,,,181.1592674999847,,181.14442169998074,181.1592674999847,182.14454169999226,182.14454169999226,182.14454169999226,182.14454169999226,182.1610953999916,183.14459779998288,183.14459779998288,183.36035779997474,v,1,0.21437400000286289,None,,,,,,,,,,,,,,,222,001,2025-10-01_22h11.03.024,Motor_sequence_exp,,2025.1.1,59.919025426301914,2025-10-01 22h11.11.492737 +0530,
50,c,74,2,18,c,1,0.2800917999993544,None,,,,,18,2,74,2,,,,,183.37661039998056,,183.36083969997708,183.37661039998056,184.360780899995,184.360780899995,184.360780899995,184.360780899995,184.3778725999873,185.36074669999653,185.36074669999653,185.64418909998494,c,1,0.2800917999993544,None,,,,,,,,,,,,,,,222,001,2025-10-01_22h11.03.024,Motor_sequence_exp,,2025.1.1,59.919025426301914,2025-10-01 22h11.11.492737 +0530,
-150,z,75,3,18,z,1,0.2484979999717325,None,,,,,18,3,75,3,,,,,185.66037879997748,,185.64457769997534,185.66037879997748,186.64508479999495,186.64508479999495,186.64508479999495,186.64508479999495,186.66074319998734,187.6445353999734,187.6445353999734,187.89427169997361,z,1,0.2484979999717325,None,,,,,,,,,,,,,,,222,001,2025-10-01_22h11.03.024,Motor_sequence_exp,,2025.1.1,59.919025426301914,2025-10-01 22h11.11.492737 +0530,
-50,x,76,0,19,x,1,0.2715027999947779,None,,,,,19,0,76,0,,,,,187.91028549999464,,187.8947296999977,187.91028549999464,188.8944908999838,188.8944908999838,188.8944908999838,188.8944908999838,188.91125819997978,189.89449019997846,189.89449019997846,190.17764009998064,x,1,0.2715027999947779,None,,,,,,,,,,,,,,,222,001,2025-10-01_22h11.03.024,Motor_sequence_exp,,2025.1.1,59.919025426301914,2025-10-01 22h11.11.492737 +0530,
150,v,77,1,19,v,1,0.2316487999923993,None,,,,,19,1,77,1,,,,,190.19289310000022,,190.17803509999067,190.19289310000022,191.17804089997662,191.17804089997662,191.17804089997662,191.17804089997662,191.19458039998426,192.17651409999235,192.17651409999235,192.41030469999532,v,1,0.2316487999923993,None,,,,,,,,,,,,,,,222,001,2025-10-01_22h11.03.024,Motor_sequence_exp,,2025.1.1,59.919025426301914,2025-10-01 22h11.11.492737 +0530,
50,c,78,2,19,c,1,0.24068220000481233,None,,,,,19,2,78,2,,,,,192.42711999997846,,192.4107582999859,192.42711999997846,193.41042239998933,193.41042239998933,193.41042239998933,193.41042239998933,193.42798719997518,194.4107331999985,194.4107331999985,194.66077989997575,c,1,0.24068220000481233,None,,,,,,,,,,,,,,,222,001,2025-10-01_22h11.03.024,Motor_sequence_exp,,2025.1.1,59.919025426301914,2025-10-01 22h11.11.492737 +0530,
-150,z,79,3,19,z,1,0.23386559999198653,None,,,,,19,3,79,3,,,,,194.67729759999202,,194.66123969998443,194.67729759999202,195.66061699998681,195.66061699998681,195.66061699998681,195.66061699998681,195.67810429999372,196.6610402999795,196.6610402999795,196.9109287999745,z,1,0.23386559999198653,None,,,,,,,,,,,,,,,222,001,2025-10-01_22h11.03.024,Motor_sequence_exp,,2025.1.1,59.919025426301914,2025-10-01 22h11.11.492737 +0530,
-50,x,80,0,20,x,1,0.23432830002275296,None,,,,,20,0,80,0,,,,,196.9278942999954,,196.9113424999814,196.9278942999954,197.9102904999745,197.9102904999745,197.9102904999745,197.9102904999745,197.92778569998336,198.9114456999814,198.9114456999814,199.1605093999824,x,1,0.23432830002275296,None,,,,,,,,,,,,,,,222,001,2025-10-01_22h11.03.024,Motor_sequence_exp,,2025.1.1,59.919025426301914,2025-10-01 22h11.11.492737 +0530,
150,v,81,1,20,v,1,0.2652131999784615,None,,,,,20,1,81,1,,,,,199.17773759999545,,199.16097859997535,199.17773759999545,200.16150349998497,200.16150349998497,200.16150349998497,200.16150349998497,200.17744179998408,201.16151399997761,201.16151399997761,201.4280067999789,v,1,0.2652131999784615,None,,,,,,,,,,,,,,,222,001,2025-10-01_22h11.03.024,Motor_sequence_exp,,2025.1.1,59.919025426301914,2025-10-01 22h11.11.492737 +0530,
50,c,82,2,20,c,1,0.2435546000197064,None,,,,,20,2,82,2,,,,,201.44364089999,,201.42844419999165,201.44364089999,202.42808399998466,202.42808399998466,202.42808399998466,202.42808399998466,202.4450288999942,203.4278942999954,203.4278942999954,203.67936449998524,c,1,0.2435546000197064,None,,,,,,,,,,,,,,,222,001,2025-10-01_22h11.03.024,Motor_sequence_exp,,2025.1.1,59.919025426301914,2025-10-01 22h11.11.492737 +0530,
-150,z,83,3,20,z,1,0.3568012000177987,None,,,,,20,3,83,3,,,,,203.69413279998116,,203.68009969999548,203.69413279998116,204.69428339999286,204.69428339999286,204.69428339999286,204.69428339999286,204.69428339999286,205.69483289998607,205.69483289998607,206.06172389999847,z,1,0.3568012000177987,None,,,,,,,,,,,,,,,222,001,2025-10-01_22h11.03.024,Motor_sequence_exp,,2025.1.1,59.919025426301914,2025-10-01 22h11.11.492737 +0530,
-50,x,84,0,21,x,1,0.46806050001760013,None,,,,,21,0,84,0,,,,,206.076605499984,,206.06211599998642,206.076605499984,207.0613713999919,207.0613713999919,207.0613713999919,207.0613713999919,207.0783456999925,208.06133309999132,208.06133309999132,208.54568129999097,x,1,0.46806050001760013,None,,,,,,,,,,,,,,,222,001,2025-10-01_22h11.03.024,Motor_sequence_exp,,2025.1.1,59.919025426301914,2025-10-01 22h11.11.492737 +0530,
150,v,85,1,21,v,1,0.39324169998872094,None,,,,,21,1,85,1,,,,,208.56103839998832,,208.546174099989,208.56103839998832,209.5612055999809,209.5612055999809,209.5612055999809,209.5612055999809,209.5612055999809,210.54473669998697,210.54473669998697,210.9451918999839,v,1,0.39324169998872094,None,,,,,,,,,,,,,,,222,001,2025-10-01_22h11.03.024,Motor_sequence_exp,,2025.1.1,59.919025426301914,2025-10-01 22h11.11.492737 +0530,
50,c,86,2,21,c,1,0.2759614000096917,None,,,,,21,2,86,2,,,,,210.9605322999996,,210.94563159998506,210.9605322999996,211.94457469999907,211.94457469999907,211.94457469999907,211.94457469999907,211.96174479997717,212.9452868999797,212.9452868999797,213.22790299999178,c,1,0.2759614000096917,None,,,,,,,,,,,,,,,222,001,2025-10-01_22h11.03.024,Motor_sequence_exp,,2025.1.1,59.919025426301914,2025-10-01 22h11.11.492737 +0530,
-150,z,87,3,21,z,1,0.2834875999833457,None,,,,,21,3,87,3,,,,,213.2438875999942,,213.2282876999816,213.2438875999942,214.2450461999979,214.2450461999979,214.2450461999979,214.2450461999979,214.2450461999979,215.24425949997385,215.24425949997385,215.5442519999924,z,1,0.2834875999833457,None,,,,,,,,,,,,,,,222,001,2025-10-01_22h11.03.024,Motor_sequence_exp,,2025.1.1,59.919025426301914,2025-10-01 22h11.11.492737 +0530,
-50,x,88,0,22,x,1,0.32000870001502335,None,,,,,22,0,88,0,,,,,215.56122219999088,,215.54477339997538,215.56122219999088,216.54516029998194,216.54516029998194,216.54516029998194,216.54516029998194,216.5608521999966,217.54527569998754,217.54527569998754,217.8789183999761,x,1,0.32000870001502335,None,,,,,,,,,,,,,,,222,001,2025-10-01_22h11.03.024,Motor_sequence_exp,,2025.1.1,59.919025426301914,2025-10-01 22h11.11.492737 +0530,
150,v,89,1,22,v,1,0.26240939999115653,None,,,,,22,1,89,1,,,,,217.89457529998617,,217.8793297999946,217.89457529998617,218.87655180000002,218.87655180000002,218.87655180000002,218.87655180000002,218.91154939998523,219.87838399998145,219.87838399998145,220.14502209998318,v,1,0.26240939999115653,None,,,,,,,,,,,,,,,222,001,2025-10-01_22h11.03.024,Motor_sequence_exp,,2025.1.1,59.919025426301914,2025-10-01 22h11.11.492737 +0530,
50,c,90,2,22,c,1,0.23606610001297668,None,,,,,22,2,90,2,,,,,220.15997069998411,,220.1454597999982,220.15997069998411,221.1450315999973,221.1450315999973,221.1450315999973,221.1450315999973,221.16201949998504,222.14486279999255,222.14486279999255,222.39456069999142,c,1,0.23606610001297668,None,,,,,,,,,,,,,,,222,001,2025-10-01_22h11.03.024,Motor_sequence_exp,,2025.1.1,59.919025426301914,2025-10-01 22h11.11.492737 +0530,
-150,z,91,3,22,z,1,0.29410569998435676,None,,,,,22,3,91,3,,,,,222.41082449999521,,222.39494979998562,222.41082449999521,223.39532869998948,223.39532869998948,223.39532869998948,223.39532869998948,223.40984249999747,224.39461709998432,224.39461709998432,224.6954208999814,z,1,0.29410569998435676,None,,,,,,,,,,,,,,,222,001,2025-10-01_22h11.03.024,Motor_sequence_exp,,2025.1.1,59.919025426301914,2025-10-01 22h11.11.492737 +0530,
-50,x,92,0,23,x,1,0.3338508000015281,None,,,,,23,0,92,0,,,,,224.7100365999795,,224.69587789999787,224.7100365999795,225.70998729998246,225.70998729998246,225.70998729998246,225.70998729998246,225.70998729998246,226.6940674999787,226.6940674999787,227.04482829998597,x,1,0.3338508000015281,None,,,,,,,,,,,,,,,222,001,2025-10-01_22h11.03.024,Motor_sequence_exp,,2025.1.1,59.919025426301914,2025-10-01 22h11.11.492737 +0530,
150,v,93,1,23,v,1,0.3410261000099126,None,,,,,23,1,93,1,,,,,227.06140729997423,,227.0452457999927,227.06140729997423,228.0451683999854,228.0451683999854,228.0451683999854,228.0451683999854,228.06163329997798,229.04596059999312,229.04596059999312,229.39493569999468,v,1,0.3410261000099126,None,,,,,,,,,,,,,,,222,001,2025-10-01_22h11.03.024,Motor_sequence_exp,,2025.1.1,59.919025426301914,2025-10-01 22h11.11.492737 +0530,
50,c,94,2,23,c,1,0.31379839999135584,None,,,,,23,2,94,2,,,,,229.41179289997672,,229.39532699997653,229.41179289997672,230.41204849997303,230.41204849997303,230.41204849997303,230.41204849997303,230.41204849997303,231.39470759997494,231.39470759997494,231.71279449999565,c,1,0.31379839999135584,None,,,,,,,,,,,,,,,222,001,2025-10-01_22h11.03.024,Motor_sequence_exp,,2025.1.1,59.919025426301914,2025-10-01 22h11.11.492737 +0530,
-150,z,95,3,23,z,1,0.4143344000040088,None,,,,,23,3,95,3,,,,,231.72730509997928,,231.713259799988,231.72730509997928,232.72871809999924,232.72871809999924,232.72871809999924,232.72871809999924,232.72871809999924,233.72751679999055,233.72751679999055,234.1451252999832,z,1,0.4143344000040088,None,,,,,,,,,,,,,,,222,001,2025-10-01_22h11.03.024,Motor_sequence_exp,,2025.1.1,59.919025426301914,2025-10-01 22h11.11.492737 +0530,
-50,x,96,0,24,x,1,0.6185581999889109,None,,,,,24,0,96,0,,,,,234.1610912999895,,234.1455922999885,234.1610912999895,235.1452156000014,235.1452156000014,235.1452156000014,235.1452156000014,235.16217759999563,236.1444481999788,236.1444481999788,236.77785869999207,x,1,0.6185581999889109,None,,,,,,,,,,,,,,,222,001,2025-10-01_22h11.03.024,Motor_sequence_exp,,2025.1.1,59.919025426301914,2025-10-01 22h11.11.492737 +0530,
150,v,97,1,24,v,1,0.2863138000248,None,,,,,24,1,97,1,,,,,236.79529429998365,,236.77824949999922,236.79529429998365,237.77865799999563,237.77865799999563,237.77865799999563,237.77865799999563,237.7953867999895,238.77879499999108,238.77879499999108,239.07941649999702,v,1,0.2863138000248,None,,,,,,,,,,,,,,,222,001,2025-10-01_22h11.03.024,Motor_sequence_exp,,2025.1.1,59.919025426301914,2025-10-01 22h11.11.492737 +0530,
50,c,98,2,24,c,1,0.3324414999806322,None,,,,,24,2,98,2,,,,,239.09408209999674,,239.0800798999844,239.09408209999674,240.09415419999277,240.09415419999277,240.09415419999277,240.09415419999277,240.09415419999277,241.09569079999346,241.09569079999346,241.4294090999756,c,1,0.3324414999806322,None,,,,,,,,,,,,,,,222,001,2025-10-01_22h11.03.024,Motor_sequence_exp,,2025.1.1,59.919025426301914,2025-10-01 22h11.11.492737 +0530,
-150,z,99,3,24,z,1,0.29149589998996817,None,,,,,24,3,99,3,,,,,241.44370279999566,,241.42984679999063,241.44370279999566,242.4450661999872,242.4450661999872,242.4450661999872,242.4450661999872,242.4450661999872,243.44498449997627,243.44498449997627,243.74687549998634,z,1,0.29149589998996817,None,,,,,,,,,,,,,,,222,001,2025-10-01_22h11.03.024,Motor_sequence_exp,,2025.1.1,59.919025426301914,2025-10-01 22h11.11.492737 +0530,
-50,x,100,0,25,x,1,0.3630456000100821,None,,,,,25,0,100,0,,,,,243.76055399997858,,243.74726869998267,243.76055399997858,244.76238919998286,244.76238919998286,244.76238919998286,244.76238919998286,244.76238919998286,245.76186419997248,245.76186419997248,246.12903469998855,x,1,0.3630456000100821,None,,,,,,,,,,,,,,,222,001,2025-10-01_22h11.03.024,Motor_sequence_exp,,2025.1.1,59.919025426301914,2025-10-01 22h11.11.492737 +0530,
150,v,101,1,25,v,1,0.3663601000152994,None,,,,,25,1,101,1,,,,,246.14396789998864,,246.1294682000007,246.14396789998864,247.12914829998044,247.12914829998044,247.12914829998044,247.12914829998044,247.14540789998136,248.1278335999814,248.1278335999814,248.51193499998772,v,1,0.3663601000152994,None,,,,,,,,,,,,,,,222,001,2025-10-01_22h11.03.024,Motor_sequence_exp,,2025.1.1,59.919025426301914,2025-10-01 22h11.11.492737 +0530,
50,c,102,2,25,c,1,0.32372279997798614,None,,,,,25,2,102,2,,,,,248.5282924999774,,248.51236409999547,248.5282924999774,249.5124850999855,249.5124850999855,249.5124850999855,249.5124850999855,249.52886409999337,250.51216600000043,250.51216600000043,250.8459434999968,c,1,0.32372279997798614,None,,,,,,,,,,,,,,,222,001,2025-10-01_22h11.03.024,Motor_sequence_exp,,2025.1.1,59.919025426301914,2025-10-01 22h11.11.492737 +0530,
-150,z,103,3,25,z,1,0.2691808000090532,None,,,,,25,3,103,3,,,,,250.86191659999895,,250.84649839997292,250.86191659999895,251.86213369999314,251.86213369999314,251.86213369999314,251.86213369999314,251.86213369999314,252.84434749998036,252.84434749998036,253.1286327999842,z,1,0.2691808000090532,None,,,,,,,,,,,,,,,222,001,2025-10-01_22h11.03.024,Motor_sequence_exp,,2025.1.1,59.919025426301914,2025-10-01 22h11.11.492737 +0530,
-50,x,104,0,26,x,1,0.2424837999860756,None,,,,,26,0,104,0,,,,,253.144979899982,,253.12902279998525,253.144979899982,254.1278190999874,254.1278190999874,254.1278190999874,254.1278190999874,254.14556809997885,255.12877729997854,255.12877729997854,255.3784329999762,x,1,0.2424837999860756,None,,,,,,,,,,,,,,,222,001,2025-10-01_22h11.03.024,Motor_sequence_exp,,2025.1.1,59.919025426301914,2025-10-01 22h11.11.492737 +0530,
150,v,105,1,26,v,1,0.2645861000055447,None,,,,,26,1,105,1,,,,,255.39461979997577,,255.3788200999843,255.39461979997577,256.3785941999813,256.3785941999813,256.3785941999813,256.3785941999813,256.39578439999605,257.37898349997704,257.37898349997704,257.6462641999824,v,1,0.2645861000055447,None,,,,,,,,,,,,,,,222,001,2025-10-01_22h11.03.024,Motor_sequence_exp,,2025.1.1,59.919025426301914,2025-10-01 22h11.11.492737 +0530,
50,c,106,2,26,c,1,0.27312980001443066,None,,,,,26,2,106,2,,,,,257.660578799987,,257.64670289997593,257.660578799987,258.6455510999949,258.6455510999949,258.6455510999949,258.6455510999949,258.6626756999758,259.6456745999749,259.6456745999749,259.9282088999753,c,1,0.27312980001443066,None,,,,,,,,,,,,,,,222,001,2025-10-01_22h11.03.024,Motor_sequence_exp,,2025.1.1,59.919025426301914,2025-10-01 22h11.11.492737 +0530,
-150,z,107,3,26,z,1,0.32032910000998527,None,,,,,26,3,107,3,,,,,259.944546099985,,259.9286046999914,259.944546099985,260.9284396999865,260.9284396999865,260.9284396999865,260.9284396999865,260.9445675999741,261.92897479998646,261.92897479998646,262.2612617999839,z,1,0.32032910000998527,None,,,,,,,,,,,,,,,222,001,2025-10-01_22h11.03.024,Motor_sequence_exp,,2025.1.1,59.919025426301914,2025-10-01 22h11.11.492737 +0530,
-50,x,108,0,27,x,1,0.2706311999936588,None,,,,,27,0,108,0,,,,,262.2780937999778,,262.2616860999842,262.2780937999778,263.262304999982,263.262304999982,263.262304999982,263.262304999982,263.2790274999861,264.2623285999871,264.2623285999871,264.5466309999756,x,1,0.2706311999936588,None,,,,,,,,,,,,,,,222,001,2025-10-01_22h11.03.024,Motor_sequence_exp,,2025.1.1,59.919025426301914,2025-10-01 22h11.11.492737 +0530,
150,v,109,1,27,v,1,0.32043269998393953,None,,,,,27,1,109,1,,,,,264.5606466999743,,264.54725309999776,264.5606466999743,265.56242659999407,265.56242659999407,265.56242659999407,265.56242659999407,265.56242659999407,266.5447751999891,266.5447751999891,266.87935889998334,v,1,0.32043269998393953,None,,,,,,,,,,,,,,,222,001,2025-10-01_22h11.03.024,Motor_sequence_exp,,2025.1.1,59.919025426301914,2025-10-01 22h11.11.492737 +0530,
50,c,110,2,27,c,1,0.23410829997737892,None,,,,,27,2,110,2,,,,,266.8950549000001,,266.87990089997766,266.8950549000001,267.8795530999778,267.8795530999778,267.8795530999778,267.8795530999778,267.8950556999771,268.8794714999967,268.8794714999967,269.1287644999975,c,1,0.23410829997737892,None,,,,,,,,,,,,,,,222,001,2025-10-01_22h11.03.024,Motor_sequence_exp,,2025.1.1,59.919025426301914,2025-10-01 22h11.11.492737 +0530,
-150,z,111,3,27,z,1,0.4372899000009056,None,,,,,27,3,111,3,,,,,269.1453718999983,,269.1292787999846,269.1453718999983,270.12929699997767,270.12929699997767,270.12929699997767,270.12929699997767,270.14507779999985,271.1292269999976,271.1292269999976,271.57959159999155,z,1,0.4372899000009056,None,,,,,,,,,,,,,,,222,001,2025-10-01_22h11.03.024,Motor_sequence_exp,,2025.1.1,59.919025426301914,2025-10-01 22h11.11.492737 +0530,
-50,x,112,0,28,x,1,0.25022159999934956,None,,,,,28,0,112,0,,,,,271.59491699998034,,271.58004539998365,271.59491699998034,272.5782435000001,272.5782435000001,272.5782435000001,272.5782435000001,272.5957853999862,273.5794017999724,273.5794017999724,273.8462772999774,x,1,0.25022159999934956,None,,,,,,,,,,,,,,,222,001,2025-10-01_22h11.03.024,Motor_sequence_exp,,2025.1.1,59.919025426301914,2025-10-01 22h11.11.492737 +0530,
150,v,113,1,28,v,1,0.3069183999905363,None,,,,,28,1,113,1,,,,,273.8606753999775,,273.84666309997556,273.8606753999775,274.84599819997675,274.84599819997675,274.84599819997675,274.84599819997675,274.86230699997395,275.84608769998886,275.84608769998886,276.16165539997746,v,1,0.3069183999905363,None,,,,,,,,,,,,,,,222,001,2025-10-01_22h11.03.024,Motor_sequence_exp,,2025.1.1,59.919025426301914,2025-10-01 22h11.11.492737 +0530,
50,c,114,2,28,c,1,0.33282640000106767,None,,,,,28,2,114,2,,,,,276.1789306999999,,276.1621675999777,276.1789306999999,277.1622368999815,277.1622368999815,277.1622368999815,277.1622368999815,277.179304099991,278.16286579999723,278.16286579999723,278.5118491999747,c,1,0.33282640000106767,None,,,,,,,,,,,,,,,222,001,2025-10-01_22h11.03.024,Motor_sequence_exp,,2025.1.1,59.919025426301914,2025-10-01 22h11.11.492737 +0530,
-150,z,115,3,28,z,1,0.2819045000069309,None,,,,,28,3,115,3,,,,,278.5282909999951,,278.51222879998386,278.5282909999951,279.51264039997477,279.51264039997477,279.51264039997477,279.51264039997477,279.5289025999955,280.5126790999784,280.5126790999784,280.7962237999891,z,1,0.2819045000069309,None,,,,,,,,,,,,,,,222,001,2025-10-01_22h11.03.024,Motor_sequence_exp,,2025.1.1,59.919025426301914,2025-10-01 22h11.11.492737 +0530,
-50,x,116,0,29,x,1,0.2571399000007659,None,,,,,29,0,116,0,,,,,280.81112969998503,,280.79663189998246,280.81112969998503,281.7959802999976,281.7959802999976,281.7959802999976,281.7959802999976,281.81218449998414,282.79581049998524,282.79581049998524,283.061887399992,x,1,0.2571399000007659,None,,,,,,,,,,,,,,,222,001,2025-10-01_22h11.03.024,Motor_sequence_exp,,2025.1.1,59.919025426301914,2025-10-01 22h11.11.492737 +0530,
150,v,117,1,29,v,1,0.27276849999907427,None,,,,,29,1,117,1,,,,,283.0782706999744,,283.06233219997375,283.0782706999744,284.06262659997446,284.06262659997446,284.06262659997446,284.06262659997446,284.07903379999334,285.06301709997933,285.06301709997933,285.34549909998896,v,1,0.27276849999907427,None,,,,,,,,,,,,,,,222,001,2025-10-01_22h11.03.024,Motor_sequence_exp,,2025.1.1,59.919025426301914,2025-10-01 22h11.11.492737 +0530,
50,c,118,2,29,c,1,0.36217600002419204,None,,,,,29,2,118,2,,,,,285.3624890999927,,285.3459917999862,285.3624890999927,286.3461887999729,286.3461887999729,286.3461887999729,286.3461887999729,286.3626514999778,287.34605309998733,287.34605309998733,287.712191300001,c,1,0.36217600002419204,None,,,,,,,,,,,,,,,222,001,2025-10-01_22h11.03.024,Motor_sequence_exp,,2025.1.1,59.919025426301914,2025-10-01 22h11.11.492737 +0530,
-150,z,119,3,29,z,1,0.30728629999794066,None,,,,,29,3,119,3,,,,,287.7282529999793,,287.71257459998014,287.7282529999793,288.71275469998363,288.71275469998363,288.71275469998363,288.71275469998363,288.7296933999751,289.71273189998465,289.71273189998465,290.0304111999867,z,1,0.30728629999794066,None,,,,,,,,,,,,,,,222,001,2025-10-01_22h11.03.024,Motor_sequence_exp,,2025.1.1,59.919025426301914,2025-10-01 22h11.11.492737 +0530,
-50,x,120,0,30,x,1,0.3623319000180345,None,,,,,30,0,120,0,,,,,290.0443719999748,,290.0310318999982,290.0443719999748,291.0457973999728,291.0457973999728,291.0457973999728,291.0457973999728,291.0457973999728,292.04603479997604,292.04603479997604,292.413138599979,x,1,0.3623319000180345,None,,,,,,,,,,,,,,,222,001,2025-10-01_22h11.03.024,Motor_sequence_exp,,2025.1.1,59.919025426301914,2025-10-01 22h11.11.492737 +0530,
150,v,121,1,30,v,1,0.28853310001431964,None,,,,,30,1,121,1,,,,,292.4276685999939,,292.4135773999733,292.4276685999939,293.41276539998944,293.41276539998944,293.41276539998944,293.41276539998944,293.4294669999799,294.4129030999902,294.4129030999902,294.71338929998456,v,1,0.28853310001431964,None,,,,,,,,,,,,,,,222,001,2025-10-01_22h11.03.024,Motor_sequence_exp,,2025.1.1,59.919025426301914,2025-10-01 22h11.11.492737 +0530,
50,c,122,2,30,c,1,0.8995940000168048,None,,,,,30,2,122,2,,,,,294.7283833999827,,294.71399959997507,294.7283833999827,295.7285841999983,295.7285841999983,295.7285841999983,295.7285841999983,295.7285841999983,296.7129345999856,296.7129345999856,297.6299120999756,c,1,0.8995940000168048,None,,,,,,,,,,,,,,,222,001,2025-10-01_22h11.03.024,Motor_sequence_exp,,2025.1.1,59.919025426301914,2025-10-01 22h11.11.492737 +0530,
-150,z,123,3,30,z,1,0.3328834999992978,None,,,,,30,3,123,3,,,,,297.64572899998166,,297.6302991999837,297.64572899998166,298.64638259998173,298.64638259998173,298.64638259998173,298.64638259998173,298.64638259998173,299.6283212999988,299.6283212999988,299.963328599988,z,1,0.3328834999992978,None,,,,,,,,,,,,,,,222,001,2025-10-01_22h11.03.024,Motor_sequence_exp,,2025.1.1,59.919025426301914,2025-10-01 22h11.11.492737 +0530,
-50,x,124,0,31,x,1,0.24001870001666248,None,,,,,31,0,124,0,,,,,299.978447099973,,299.96372069997597,299.978447099973,300.9624346999917,300.9624346999917,300.9624346999917,300.9624346999917,300.97962569998344,301.97944869997445,301.97944869997445,302.2305634999939,x,1,0.24001870001666248,None,,,,,,,,,,,,,,,222,001,2025-10-01_22h11.03.024,Motor_sequence_exp,,2025.1.1,59.919025426301914,2025-10-01 22h11.11.492737 +0530,
150,v,125,1,31,v,1,0.46041550001245923,None,,,,,31,1,125,1,,,,,302.24530059998506,,302.23102929999004,302.24530059998506,303.24649979997776,303.24649979997776,303.24649979997776,303.24649979997776,303.24649979997776,304.2463518999866,304.2463518999866,304.7122634999978,v,1,0.46041550001245923,None,,,,,,,,,,,,,,,222,001,2025-10-01_22h11.03.024,Motor_sequence_exp,,2025.1.1,59.919025426301914,2025-10-01 22h11.11.492737 +0530,
50,c,126,2,31,c,1,0.3008055000100285,None,,,,,31,2,126,2,,,,,304.72791839999263,,304.7128051999898,304.72791839999263,305.71305659998325,305.71305659998325,305.71305659998325,305.71305659998325,305.7298951999983,306.7134959999821,306.7134959999821,307.03066699998453,c,1,0.3008055000100285,None,,,,,,,,,,,,,,,222,001,2025-10-01_22h11.03.024,Motor_sequence_exp,,2025.1.1,59.919025426301914,2025-10-01 22h11.11.492737 +0530,
-150,z,127,3,31,z,1,0.344272499991348,None,,,,,31,3,127,3,,,,,307.0448071999999,,307.0312773999758,307.0448071999999,308.0461861999938,308.0461861999938,308.0461861999938,308.0461861999938,308.0461861999938,309.02988719998393,309.02988719998393,309.3790350999916,z,1,0.344272499991348,None,,,,,,,,,,,,,,,222,001,2025-10-01_22h11.03.024,Motor_sequence_exp,,2025.1.1,59.919025426301914,2025-10-01 22h11.11.492737 +0530,
-50,x,128,0,32,x,1,0.24642370000947267,None,,,,,32,0,128,0,,,,,309.3953687999747,,309.3795571999799,309.3953687999747,310.37951519998023,310.37951519998023,310.37951519998023,310.37951519998023,310.3958985999925,311.3802521999751,311.3802521999751,311.6297721999872,x,1,0.24642370000947267,None,,,,,,,,,,,,,,,222,001,2025-10-01_22h11.03.024,Motor_sequence_exp,,2025.1.1,59.919025426301914,2025-10-01 22h11.11.492737 +0530,
150,v,129,1,32,v,1,0.26942070000222884,None,,,,,32,1,129,1,,,,,311.6448856999923,,311.63026289999834,311.6448856999923,312.6296820999996,312.6296820999996,312.6296820999996,312.6296820999996,312.6466467999853,313.62976529999287,313.62976529999287,313.91228779999074,v,1,0.26942070000222884,None,,,,,,,,,,,,,,,222,001,2025-10-01_22h11.03.024,Motor_sequence_exp,,2025.1.1,59.919025426301914,2025-10-01 22h11.11.492737 +0530,
50,c,130,2,32,c,1,0.2650471000233665,None,,,,,32,2,130,2,,,,,313.928136499977,,313.9128684999887,313.928136499977,314.9128489999857,314.9128489999857,314.9128489999857,314.9128489999857,314.9288072999916,315.9131731999805,315.9131731999805,316.18016160000116,c,1,0.2650471000233665,None,,,,,,,,,,,,,,,222,001,2025-10-01_22h11.03.024,Motor_sequence_exp,,2025.1.1,59.919025426301914,2025-10-01 22h11.11.492737 +0530,
-150,z,131,3,32,z,1,0.2761676000081934,None,,,,,32,3,131,3,,,,,316.194834599999,,316.18055509999976,316.194834599999,317.1961142999935,317.1961142999935,317.1961142999935,317.1961142999935,317.1961142999935,318.179836299998,318.179836299998,318.46433309998247,z,1,0.2761676000081934,None,,,,,,,,,,,,,,,222,001,2025-10-01_22h11.03.024,Motor_sequence_exp,,2025.1.1,59.919025426301914,2025-10-01 22h11.11.492737 +0530,
-50,x,132,0,33,x,1,0.29563529998995364,None,,,,,33,0,132,0,,,,,318.47850849997485,,318.4648801999865,318.47850849997485,319.47963679998065,319.47963679998065,319.47963679998065,319.47963679998065,319.47963679998065,320.46292049999465,320.46292049999465,320.7628638999886,x,1,0.29563529998995364,None,,,,,,,,,,,,,,,222,001,2025-10-01_22h11.03.024,Motor_sequence_exp,,2025.1.1,59.919025426301914,2025-10-01 22h11.11.492737 +0530,
150,v,133,1,33,v,1,0.33663180001894943,None,,,,,33,1,133,1,,,,,320.77878779999446,,320.763303899992,320.77878779999446,321.7628247999819,321.7628247999819,321.7628247999819,321.7628247999819,321.7801809999801,322.7631972999952,322.7631972999952,323.1126535999938,v,1,0.33663180001894943,None,,,,,,,,,,,,,,,222,001,2025-10-01_22h11.03.024,Motor_sequence_exp,,2025.1.1,59.919025426301914,2025-10-01 22h11.11.492737 +0530,
50,c,134,2,33,c,1,0.47843300001113676,None,,,,,33,2,134,2,,,,,323.12984769998,,323.11303399997996,323.12984769998,324.113024899998,324.113024899998,324.113024899998,324.113024899998,324.12966679999954,325.11251999999513,325.11251999999513,325.5963726999762,c,1,0.47843300001113676,None,,,,,,,,,,,,,,,222,001,2025-10-01_22h11.03.024,Motor_sequence_exp,,2025.1.1,59.919025426301914,2025-10-01 22h11.11.492737 +0530,
-150,z,135,3,33,z,1,0.41832749999593943,None,,,,,33,3,135,3,,,,,325.6123313999851,,325.5967555999814,325.6123313999851,326.5966275999963,326.5966275999963,326.5966275999963,326.5966275999963,326.6133487999905,327.61269999999786,327.61269999999786,328.04743729997426,z,1,0.41832749999593943,None,,,,,,,,,,,,,,,222,001,2025-10-01_22h11.03.024,Motor_sequence_exp,,2025.1.1,59.919025426301914,2025-10-01 22h11.11.492737 +0530,
-50,x,136,0,34,x,1,0.38304559999960475,None,,,,,34,0,136,0,,,,,328.06167629998527,,328.04801479997695,328.06167629998527,329.0464870999858,329.0464870999858,329.0464870999858,329.0464870999858,329.06327759998385,330.0630642999895,330.0630642999895,330.44701169998734,x,1,0.38304559999960475,None,,,,,,,,,,,,,,,222,001,2025-10-01_22h11.03.024,Motor_sequence_exp,,2025.1.1,59.919025426301914,2025-10-01 22h11.11.492737 +0530,
150,v,137,1,34,v,1,0.5032073000038508,None,,,,,34,1,137,1,,,,,330.4623523999762,,330.4473977999878,330.4623523999762,331.4632080999727,331.4632080999727,331.4632080999727,331.4632080999727,331.4632080999727,332.4465576999937,332.4465576999937,332.9622698999883,v,1,0.5032073000038508,None,,,,,,,,,,,,,,,222,001,2025-10-01_22h11.03.024,Motor_sequence_exp,,2025.1.1,59.919025426301914,2025-10-01 22h11.11.492737 +0530,
50,c,138,2,34,c,1,0.43726850001257844,None,,,,,34,2,138,2,,,,,332.9791007999738,,332.96272329997737,332.9791007999738,333.963036000001,333.963036000001,333.963036000001,333.963036000001,333.9796777999727,334.96245559997624,334.96245559997624,335.4131414000003,c,1,0.43726850001257844,None,,,,,,,,,,,,,,,222,001,2025-10-01_22h11.03.024,Motor_sequence_exp,,2025.1.1,59.919025426301914,2025-10-01 22h11.11.492737 +0530,
-150,z,139,3,34,z,1,0.2983898000093177,None,,,,,34,3,139,3,,,,,335.4294698999729,,335.4135343999951,335.4294698999729,336.4133180999779,336.4133180999779,336.4133180999779,336.4133180999779,336.42853839998133,337.4137705999892,337.4137705999892,337.7135410999763,z,1,0.2983898000093177,None,,,,,,,,,,,,,,,222,001,2025-10-01_22h11.03.024,Motor_sequence_exp,,2025.1.1,59.919025426301914,2025-10-01 22h11.11.492737 +0530,
-50,x,140,0,35,x,1,0.2730316999950446,None,,,,,35,0,140,0,,,,,337.72917399997823,,337.71392489998834,337.72917399997823,338.71376809998765,338.71376809998765,338.71376809998765,338.71376809998765,338.7302528999862,339.71295519999694,339.71295519999694,339.99652849999256,x,1,0.2730316999950446,None,,,,,,,,,,,,,,,222,001,2025-10-01_22h11.03.024,Motor_sequence_exp,,2025.1.1,59.919025426301914,2025-10-01 22h11.11.492737 +0530,
150,v,141,1,35,v,1,0.30794820000301115,None,,,,,35,1,141,1,,,,,340.01261069998145,,339.99697249999736,340.01261069998145,340.99759039998753,340.99759039998753,340.99759039998753,340.99759039998753,341.0117554999888,341.99710259999847,341.99710259999847,342.3144776999834,v,1,0.30794820000301115,None,,,,,,,,,,,,,,,222,001,2025-10-01_22h11.03.024,Motor_sequence_exp,,2025.1.1,59.919025426301914,2025-10-01 22h11.11.492737 +0530,
50,c,142,2,35,c,1,0.29273809998994693,None,,,,,35,2,142,2,,,,,342.329135899985,,342.3150059999898,342.329135899985,343.3299054999952,343.3299054999952,343.3299054999952,343.3299054999952,343.3299054999952,344.3124735999736,344.3124735999736,344.61308319997624,c,1,0.29273809998994693,None,,,,,,,,,,,,,,,222,001,2025-10-01_22h11.03.024,Motor_sequence_exp,,2025.1.1,59.919025426301914,2025-10-01 22h11.11.492737 +0530,
-150,z,143,3,35,z,1,0.22947260001092218,None,,,,,35,3,143,3,,,,,344.6303195999935,,344.61353469997994,344.6303195999935,345.61382319999393,345.61382319999393,345.61382319999393,345.61382319999393,345.62908309997874,346.6136452999781,346.6136452999781,346.8471108999802,z,1,0.22947260001092218,None,,,,,,,,,,,,,,,222,001,2025-10-01_22h11.03.024,Motor_sequence_exp,,2025.1.1,59.919025426301914,2025-10-01 22h11.11.492737 +0530,
-50,x,144,0,36,x,1,0.2636435000167694,None,,,,,36,0,144,0,,,,,346.86189359999844,,346.84775469999295,346.86189359999844,347.8472350999946,347.8472350999946,347.8472350999946,347.8472350999946,347.86280089998036,348.84720540000126,348.84720540000126,349.11360839998815,x,1,0.2636435000167694,None,,,,,,,,,,,,,,,222,001,2025-10-01_22h11.03.024,Motor_sequence_exp,,2025.1.1,59.919025426301914,2025-10-01 22h11.11.492737 +0530,
150,v,145,1,36,v,1,0.25599949999013916,None,,,,,36,1,145,1,,,,,349.12945459998446,,349.11404589997255,349.12945459998446,350.1137593999738,350.1137593999738,350.1137593999738,350.1137593999738,350.1293420000002,351.11271039998974,351.11271039998974,351.3803126999992,v,1,0.25599949999013916,None,,,,,,,,,,,,,,,222,001,2025-10-01_22h11.03.024,Motor_sequence_exp,,2025.1.1,59.919025426301914,2025-10-01 22h11.11.492737 +0530,
50,c,146,2,36,c,1,0.30050690000643954,None,,,,,36,2,146,2,,,,,351.39714659997844,,351.380862799997,351.39714659997844,352.3798045000003,352.3798045000003,352.3798045000003,352.3798045000003,352.3966465999838,353.38020649997634,353.38020649997634,353.69637939997483,c,1,0.30050690000643954,None,,,,,,,,,,,,,,,222,001,2025-10-01_22h11.03.024,Motor_sequence_exp,,2025.1.1,59.919025426301914,2025-10-01 22h11.11.492737 +0530,
-150,z,147,3,36,z,1,0.48993300000438467,None,,,,,36,3,147,3,,,,,353.7139055999869,,353.69677079998655,353.7139055999869,354.69541119999485,354.69541119999485,354.69541119999485,354.69541119999485,354.7302169999748,355.6961494999996,355.6961494999996,356.1970572999853,z,1,0.48993300000438467,None,,,,,,,,,,,,,,,222,001,2025-10-01_22h11.03.024,Motor_sequence_exp,,2025.1.1,59.919025426301914,2025-10-01 22h11.11.492737 +0530,
-50,x,148,0,37,x,1,0.29132530000060797,None,,,,,37,0,148,0,,,,,356.21287599997595,,356.1975183999748,356.21287599997595,357.1971074999892,357.1971074999892,357.1971074999892,357.1971074999892,357.21223249999457,358.19724219999625,358.19724219999625,358.4966890999931,x,1,0.29132530000060797,None,,,,,,,,,,,,,,,222,001,2025-10-01_22h11.03.024,Motor_sequence_exp,,2025.1.1,59.919025426301914,2025-10-01 22h11.11.492737 +0530,
150,v,149,1,37,v,1,0.2541694999963511,None,,,,,37,1,149,1,,,,,358.51281359998393,,358.49717039999086,358.51281359998393,359.4975368999876,359.4975368999876,359.4975368999876,359.4975368999876,359.5137486999738,360.49721309999586,360.49721309999586,360.7648774999834,v,1,0.2541694999963511,None,,,,,,,,,,,,,,,222,001,2025-10-01_22h11.03.024,Motor_sequence_exp,,2025.1.1,59.919025426301914,2025-10-01 22h11.11.492737 +0530,
50,c,150,2,37,c,1,0.3092383999901358,None,,,,,37,2,150,2,,,,,360.77882039998076,,360.76531209997484,360.77882039998076,361.76427869999316,361.76427869999316,361.76427869999316,361.76427869999316,361.78063099997235,362.7640557999839,362.7640557999839,363.08042079998995,c,1,0.3092383999901358,None,,,,,,,,,,,,,,,222,001,2025-10-01_22h11.03.024,Motor_sequence_exp,,2025.1.1,59.919025426301914,2025-10-01 22h11.11.492737 +0530,
-150,z,151,3,37,z,1,0.3181846000079531,None,,,,,37,3,151,3,,,,,363.097059599997,,363.0808077999973,363.097059599997,364.08078509999905,364.08078509999905,364.08078509999905,364.08078509999905,364.09731929999543,365.0794809999934,365.0794809999934,365.41373659999226,z,1,0.3181846000079531,None,,,,,,,,,,,,,,,222,001,2025-10-01_22h11.03.024,Motor_sequence_exp,,2025.1.1,59.919025426301914,2025-10-01 22h11.11.492737 +0530,
-50,x,152,0,38,x,1,0.7578243000025395,None,,,,,38,0,152,0,,,,,365.42904550000094,,365.41413299998385,365.42904550000094,366.4303293999983,366.4303293999983,366.4303293999983,366.4303293999983,366.4303293999983,367.4140218999819,367.4140218999819,368.1816832999757,x,1,0.7578243000025395,None,,,,,,,,,,,,,,,222,001,2025-10-01_22h11.03.024,Motor_sequence_exp,,2025.1.1,59.919025426301914,2025-10-01 22h11.11.492737 +0530,
150,v,153,1,38,v,1,0.37303509999765083,None,,,,,38,1,153,1,,,,,368.19561840000097,,368.18232149997493,368.19561840000097,369.1802196999779,369.1802196999779,369.1802196999779,369.1802196999779,369.19742250000127,370.197600399988,370.197600399988,370.5806064999779,v,1,0.37303509999765083,None,,,,,,,,,,,,,,,222,001,2025-10-01_22h11.03.024,Motor_sequence_exp,,2025.1.1,59.919025426301914,2025-10-01 22h11.11.492737 +0530,
50,c,154,2,38,c,1,0.40792850000434555,None,,,,,38,2,154,2,,,,,370.59722269998747,,370.581151099992,370.59722269998747,371.58002549997764,371.58002549997764,371.58002549997764,371.58002549997764,371.59736819998943,372.5812527999806,372.5812527999806,372.9983446999977,c,1,0.40792850000434555,None,,,,,,,,,,,,,,,222,001,2025-10-01_22h11.03.024,Motor_sequence_exp,,2025.1.1,59.919025426301914,2025-10-01 22h11.11.492737 +0530,
-150,z,155,3,38,z,1,0.5299241000029724,None,,,,,38,3,155,3,,,,,373.01298889998,,372.99880559998564,373.01298889998,374.01479069999186,374.01479069999186,374.01479069999186,374.01479069999186,374.01479069999186,375.01398219997645,375.01398219997645,375.5469994999876,z,1,0.5299241000029724,None,,,,,,,,,,,,,,,222,001,2025-10-01_22h11.03.024,Motor_sequence_exp,,2025.1.1,59.919025426301914,2025-10-01 22h11.11.492737 +0530,
-50,x,156,0,39,x,1,0.5659468999947421,None,,,,,39,0,156,0,,,,,375.56314489999204,,375.547385199985,375.56314489999204,376.54678509998485,376.54678509998485,376.54678509998485,376.54678509998485,376.56294199998956,377.5472857999848,377.5472857999848,378.1144878999912,x,1,0.5659468999947421,None,,,,,,,,,,,,,,,222,001,2025-10-01_22h11.03.024,Motor_sequence_exp,,2025.1.1,59.919025426301914,2025-10-01 22h11.11.492737 +0530,
150,v,157,1,39,v,1,1.1966178999864496,None,,,,,39,1,157,1,,,,,378.12936789999367,,378.11493519999203,378.12936789999367,379.11260329998913,379.11260329998913,379.11260329998913,379.11260329998913,379.13092159997905,380.1142511999933,380.1142511999933,381.31428199997754,v,1,1.1966178999864496,None,,,,,,,,,,,,,,,222,001,2025-10-01_22h11.03.024,Motor_sequence_exp,,2025.1.1,59.919025426301914,2025-10-01 22h11.11.492737 +0530,
50,c,158,2,39,c,1,0.609901899995748,None,,,,,39,2,158,2,,,,,381.3300285000005,,381.31475799999316,381.3300285000005,382.31392879999476,382.31392879999476,382.31392879999476,382.31392879999476,382.3304773999844,383.31449459999567,383.31449459999567,383.9311502999917,c,1,0.609901899995748,None,,,,,,,,,,,,,,,222,001,2025-10-01_22h11.03.024,Motor_sequence_exp,,2025.1.1,59.919025426301914,2025-10-01 22h11.11.492737 +0530,
-150,z,159,3,39,z,1,0.4010590999969281,None,,,,,39,3,159,3,,,,,383.9457106999762,,383.9315834999725,383.9457106999762,384.9307481999858,384.9307481999858,384.9307481999858,384.9307481999858,384.9478322999785,385.93163509998703,385.93163509998703,386.3473444999836,z,1,0.4010590999969281,None,,,,,,,,,,,,,,,222,001,2025-10-01_22h11.03.024,Motor_sequence_exp,,2025.1.1,59.919025426301914,2025-10-01 22h11.11.492737 +0530,
-50,x,160,0,40,x,1,0.49079000001074746,None,,,,,40,0,160,0,,,,,386.3636656999879,,386.3477304999833,386.3636656999879,387.3478712999786,387.3478712999786,387.3478712999786,387.3478712999786,387.36395229998743,388.34722559998045,388.34722559998045,388.847374999983,x,1,0.49079000001074746,None,,,,,,,,,,,,,,,222,001,2025-10-01_22h11.03.024,Motor_sequence_exp,,2025.1.1,59.919025426301914,2025-10-01 22h11.11.492737 +0530,
150,v,161,1,40,v,1,1.1621581000217702,None,,,,,40,1,161,1,,,,,388.8641639999987,,388.84776999999303,388.8641639999987,389.84574459999567,389.84574459999567,389.84574459999567,389.84574459999567,389.8811071999953,390.84771169998567,390.84771169998567,392.0149594999966,v,1,1.1621581000217702,None,,,,,,,,,,,,,,,222,001,2025-10-01_22h11.03.024,Motor_sequence_exp,,2025.1.1,59.919025426301914,2025-10-01 22h11.11.492737 +0530,
50,c,162,2,40,c,1,1.163607199996477,None,,,,,40,2,162,2,,,,,392.029581699986,,392.01543129998026,392.029581699986,393.014157699974,393.014157699974,393.014157699974,393.014157699974,393.0304166999995,394.01403339998797,394.01403339998797,395.18134039998404,c,1,1.163607199996477,None,,,,,,,,,,,,,,,222,001,2025-10-01_22h11.03.024,Motor_sequence_exp,,2025.1.1,59.919025426301914,2025-10-01 22h11.11.492737 +0530,
-150,z,163,3,40,z,1,0.3014590999810025,None,,,,,40,3,163,3,,,,,395.19698629999766,,395.18182030000025,395.19698629999766,396.1810786999995,396.1810786999995,396.1810786999995,396.1810786999995,396.19664349997765,397.1811655999918,397.1811655999918,397.4986594999791,z,1,0.3014590999810025,None,,,,,,,,,,,,,,,222,001,2025-10-01_22h11.03.024,Motor_sequence_exp,,2025.1.1,59.919025426301914,2025-10-01 22h11.11.492737 +0530,
-50,x,164,0,41,x,1,0.29083270000410266,None,,,,,41,0,164,0,,,,,397.51285239998833,,397.49928029999137,397.51285239998833,398.49809559999267,398.49809559999267,398.49809559999267,398.49809559999267,398.51446079998277,399.5129703999846,399.5129703999846,399.81393809997826,x,1,0.29083270000410266,None,,,,,,,,,,,,,,,222,001,2025-10-01_22h11.03.024,Motor_sequence_exp,,2025.1.1,59.919025426301914,2025-10-01 22h11.11.492737 +0530,
150,v,165,1,41,v,1,0.3638626000029035,None,,,,,41,1,165,1,,,,,399.8294118999911,,399.81454249998205,399.8294118999911,400.8302332999883,400.8302332999883,400.8302332999883,400.8302332999883,400.8302332999883,401.81411769997794,401.81411769997794,402.18069769997965,v,1,0.3638626000029035,None,,,,,,,,,,,,,,,222,001,2025-10-01_22h11.03.024,Motor_sequence_exp,,2025.1.1,59.919025426301914,2025-10-01 22h11.11.492737 +0530,
50,c,166,2,41,c,1,0.3571793000155594,None,,,,,41,2,166,2,,,,,402.19607849998283,,402.1810221999767,402.19607849998283,403.18095329997595,403.18095329997595,403.18095329997595,403.18095329997595,403.19677549999324,404.17935049999505,404.17935049999505,404.5482994999911,c,1,0.3571793000155594,None,,,,,,,,,,,,,,,222,001,2025-10-01_22h11.03.024,Motor_sequence_exp,,2025.1.1,59.919025426301914,2025-10-01 22h11.11.492737 +0530,
-150,z,167,3,41,z,1,0.2802713999990374,None,,,,,41,3,167,3,,,,,404.56270529999165,,404.54886829998577,404.56270529999165,405.5469463999907,405.5469463999907,405.5469463999907,405.5469463999907,405.563006899989,406.56445710000116,406.56445710000116,406.84807369997725,z,1,0.2802713999990374,None,,,,,,,,,,,,,,,222,001,2025-10-01_22h11.03.024,Motor_sequence_exp,,2025.1.1,59.919025426301914,2025-10-01 22h11.11.492737 +0530,
-50,x,168,0,42,x,1,0.4815445000131149,None,,,,,42,0,168,0,,,,,406.8630866999738,,406.8484636999783,406.8630866999738,407.8481513999868,407.8481513999868,407.8481513999868,407.8481513999868,407.86476469997433,408.84700879998854,408.84700879998854,409.33085109997774,x,1,0.4815445000131149,None,,,,,,,,,,,,,,,222,001,2025-10-01_22h11.03.024,Motor_sequence_exp,,2025.1.1,59.919025426301914,2025-10-01 22h11.11.492737 +0530,
150,v,169,1,42,v,1,0.4512191000103485,None,,,,,42,1,169,1,,,,,409.34671739998157,,409.3312721999828,409.34671739998157,410.3303083999781,410.3303083999781,410.3303083999781,410.3303083999781,410.3465583999932,411.33018349998747,411.33018349998747,411.7984373999934,v,1,0.4512191000103485,None,,,,,,,,,,,,,,,222,001,2025-10-01_22h11.03.024,Motor_sequence_exp,,2025.1.1,59.919025426301914,2025-10-01 22h11.11.492737 +0530,
50,c,170,2,42,c,1,0.42342410000856034,None,,,,,42,2,170,2,,,,,411.81427289999556,,411.7990112999978,411.81427289999556,412.79638479999267,412.79638479999267,412.79638479999267,412.79638479999267,412.8310311999812,413.79843399999663,413.79843399999663,414.2321951999911,c,1,0.42342410000856034,None,,,,,,,,,,,,,,,222,001,2025-10-01_22h11.03.024,Motor_sequence_exp,,2025.1.1,59.919025426301914,2025-10-01 22h11.11.492737 +0530,
-150,z,171,3,42,z,1,0.8056778000027407,None,,,,,42,3,171,3,,,,,414.2470628999872,,414.2326399999729,414.2470628999872,415.248703499994,415.248703499994,415.248703499994,415.248703499994,415.248703499994,416.23095889997785,416.23095889997785,417.0478241999808,z,1,0.8056778000027407,None,,,,,,,,,,,,,,,222,001,2025-10-01_22h11.03.024,Motor_sequence_exp,,2025.1.1,59.919025426301914,2025-10-01 22h11.11.492737 +0530,
-50,x,172,0,43,x,1,0.2913350999879185,None,,,,,43,0,172,0,,,,,417.064412799984,,417.0482115999912,417.064412799984,418.0477067999891,418.0477067999891,418.0477067999891,418.0477067999891,418.0644070999988,419.04739179997705,419.04739179997705,419.3474647999974,x,1,0.2913350999879185,None,,,,,,,,,,,,,,,222,001,2025-10-01_22h11.03.024,Motor_sequence_exp,,2025.1.1,59.919025426301914,2025-10-01 22h11.11.492737 +0530,
150,v,173,1,43,v,1,0.9525614000158384,None,,,,,43,1,173,1,,,,,419.36492559997714,,419.3479051999748,419.36492559997714,420.34766599998693,420.34766599998693,420.34766599998693,420.34766599998693,420.3648258999747,421.3486033999943,421.3486033999943,422.31474869998056,v,1,0.9525614000158384,None,,,,,,,,,,,,,,,222,001,2025-10-01_22h11.03.024,Motor_sequence_exp,,2025.1.1,59.919025426301914,2025-10-01 22h11.11.492737 +0530,
50,c,174,2,43,c,1,0.27850120002403855,None,,,,,43,2,174,2,,,,,422.3304566000006,,422.3152960999869,422.3304566000006,423.31543979997514,423.31543979997514,423.31543979997514,423.31543979997514,423.3307487999846,424.3147738999978,424.3147738999978,424.5987937999889,c,1,0.27850120002403855,None,,,,,,,,,,,,,,,222,001,2025-10-01_22h11.03.024,Motor_sequence_exp,,2025.1.1,59.919025426301914,2025-10-01 22h11.11.492737 +0530,
-150,z,175,3,43,z,1,0.5121622000006028,None,,,,,43,3,175,3,,,,,424.61303139998927,,424.59945759997936,424.61303139998927,425.5980549999804,425.5980549999804,425.5980549999804,425.5980549999804,425.6146330999909,426.6146671999886,426.6146671999886,427.13126189998,z,1,0.5121622000006028,None,,,,,,,,,,,,,,,222,001,2025-10-01_22h11.03.024,Motor_sequence_exp,,2025.1.1,59.919025426301914,2025-10-01 22h11.11.492737 +0530,
-50,x,176,0,44,x,1,0.24787280001328327,None,,,,,44,0,176,0,,,,,427.1482522999868,,427.131719899975,427.1482522999868,428.1313749999972,428.1313749999972,428.1313749999972,428.1313749999972,428.14833050000016,429.1315007999947,429.1315007999947,429.3826219999755,x,1,0.24787280001328327,None,,,,,,,,,,,,,,,222,001,2025-10-01_22h11.03.024,Motor_sequence_exp,,2025.1.1,59.919025426301914,2025-10-01 22h11.11.492737 +0530,
150,v,177,1,44,v,1,0.29059929997310974,None,,,,,44,1,177,1,,,,,429.39652719997684,,429.38305949998903,429.39652719997684,430.3816528999887,430.3816528999887,430.3816528999887,430.3816528999887,430.3965158999781,431.3984077999776,431.3984077999776,431.6988753999758,v,1,0.29059929997310974,None,,,,,,,,,,,,,,,222,001,2025-10-01_22h11.03.024,Motor_sequence_exp,,2025.1.1,59.919025426301914,2025-10-01 22h11.11.492737 +0530,
50,c,178,2,44,c,1,0.27822579999337904,None,,,,,44,2,178,2,,,,,431.71400300000096,,431.69948869998916,431.71400300000096,432.69852499998524,432.69852499998524,432.69852499998524,432.69852499998524,432.7150983999891,433.6983591999742,433.6983591999742,433.9822107999935,c,1,0.27822579999337904,None,,,,,,,,,,,,,,,222,001,2025-10-01_22h11.03.024,Motor_sequence_exp,,2025.1.1,59.919025426301914,2025-10-01 22h11.11.492737 +0530,
-150,z,179,3,44,z,1,0.30134399997768924,None,,,,,44,3,179,3,,,,,433.9970651999756,,433.9826463999925,433.9970651999756,434.98141019998,434.98141019998,434.98141019998,434.98141019998,434.998159699986,435.9816335999931,435.9816335999931,436.29906759998994,z,1,0.30134399997768924,None,,,,,,,,,,,,,,,222,001,2025-10-01_22h11.03.024,Motor_sequence_exp,,2025.1.1,59.919025426301914,2025-10-01 22h11.11.492737 +0530,
-50,x,180,0,45,x,1,0.2173569000151474,None,,,,,45,0,180,0,,,,,436.3145866999985,,436.2997573999746,436.3145866999985,437.31493599998066,437.31493599998066,437.31493599998066,437.31493599998066,437.31493599998066,438.298544499994,438.298544499994,438.5308502999833,x,1,0.2173569000151474,None,,,,,,,,,,,,,,,222,001,2025-10-01_22h11.03.024,Motor_sequence_exp,,2025.1.1,59.919025426301914,2025-10-01 22h11.11.492737 +0530,
150,v,181,1,45,v,1,0.26341829999000765,None,,,,,45,1,181,1,,,,,438.54646379998303,,438.5312336999923,438.54646379998303,439.5312916999974,439.5312916999974,439.5312916999974,439.5312916999974,439.54847979999613,440.5318464000011,440.5318464000011,440.79833119999967,v,1,0.26341829999000765,None,,,,,,,,,,,,,,,222,001,2025-10-01_22h11.03.024,Motor_sequence_exp,,2025.1.1,59.919025426301914,2025-10-01 22h11.11.492737 +0530,
50,c,182,2,45,c,1,0.4874918000132311,None,,,,,45,2,182,2,,,,,440.8140313999902,,440.7987887999916,440.8140313999902,441.7987224999815,441.7987224999815,441.7987224999815,441.7987224999815,441.81522140000015,442.7966100999911,442.7966100999911,443.2991131999879,c,1,0.4874918000132311,None,,,,,,,,,,,,,,,222,001,2025-10-01_22h11.03.024,Motor_sequence_exp,,2025.1.1,59.919025426301914,2025-10-01 22h11.11.492737 +0530,
-150,z,183,3,45,z,1,0.3177977000013925,None,,,,,45,3,183,3,,,,,443.3131656999758,,443.29974749998655,443.3131656999758,444.29843139997683,444.29843139997683,444.29843139997683,444.29843139997683,444.3153366999759,445.2988158999942,445.2988158999942,445.63165279998793,z,1,0.3177977000013925,None,,,,,,,,,,,,,,,222,001,2025-10-01_22h11.03.024,Motor_sequence_exp,,2025.1.1,59.919025426301914,2025-10-01 22h11.11.492737 +0530,
-50,x,184,0,46,x,1,0.25819780002348125,None,,,,,46,0,184,0,,,,,445.6468388999929,,445.63205149999703,445.6468388999929,446.63215309998486,446.63215309998486,446.63215309998486,446.63215309998486,446.6488539999991,447.6319941999973,447.6319941999973,447.8995095999853,x,1,0.25819780002348125,None,,,,,,,,,,,,,,,222,001,2025-10-01_22h11.03.024,Motor_sequence_exp,,2025.1.1,59.919025426301914,2025-10-01 22h11.11.492737 +0530,
150,v,185,1,46,v,1,0.3496737999957986,None,,,,,46,1,185,1,,,,,447.9139644999814,,447.9000857999781,447.9139644999814,448.898621499975,448.898621499975,448.898621499975,448.898621499975,448.91540329999407,449.8982584999758,449.8982584999758,450.26571649999823,v,1,0.3496737999957986,None,,,,,,,,,,,,,,,222,001,2025-10-01_22h11.03.024,Motor_sequence_exp,,2025.1.1,59.919025426301914,2025-10-01 22h11.11.492737 +0530,
50,c,186,2,46,c,1,0.3843361999897752,None,,,,,46,2,186,2,,,,,450.2814382999786,,450.26634750000085,450.2814382999786,451.2650133999996,451.2650133999996,451.2650133999996,451.2650133999996,451.2819363999879,452.28138079997734,452.28138079997734,452.6810643999779,c,1,0.3843361999897752,None,,,,,,,,,,,,,,,222,001,2025-10-01_22h11.03.024,Motor_sequence_exp,,2025.1.1,59.919025426301914,2025-10-01 22h11.11.492737 +0530,
-150,z,187,3,46,z,1,0.366740800003754,None,,,,,46,3,187,3,,,,,452.6986740999855,,452.6814755999949,452.6986740999855,453.68194059998496,453.68194059998496,453.68194059998496,453.68194059998496,453.69877199997427,454.6822609999799,454.6822609999799,455.0652698999911,z,1,0.366740800003754,None,,,,,,,,,,,,,,,222,001,2025-10-01_22h11.03.024,Motor_sequence_exp,,2025.1.1,59.919025426301914,2025-10-01 22h11.11.492737 +0530,
-50,x,188,0,47,x,1,0.38155010002083145,None,,,,,47,0,188,0,,,,,455.08214239997324,,455.06569979997585,455.08214239997324,456.0658786999993,456.0658786999993,456.0658786999993,456.0658786999993,456.0820366999833,457.06572279997636,457.06572279997636,457.44900359999156,x,1,0.38155010002083145,None,,,,,,,,,,,,,,,222,001,2025-10-01_22h11.03.024,Motor_sequence_exp,,2025.1.1,59.919025426301914,2025-10-01 22h11.11.492737 +0530,
150,v,189,1,47,v,1,0.3131451999943238,None,,,,,47,1,189,1,,,,,457.46363929999643,,457.4494456999819,457.46363929999643,458.44899399997666,458.44899399997666,458.44899399997666,458.44899399997666,458.46540999997524,459.44732529998873,459.44732529998873,459.7655550999916,v,1,0.3131451999943238,None,,,,,,,,,,,,,,,222,001,2025-10-01_22h11.03.024,Motor_sequence_exp,,2025.1.1,59.919025426301914,2025-10-01 22h11.11.492737 +0530,
50,c,190,2,47,c,1,0.3829273000010289,None,,,,,47,2,190,2,,,,,459.781007499987,,459.76599849999184,459.781007499987,460.7637520999997,460.7637520999997,460.7637520999997,460.7637520999997,460.7824747999839,461.7636500999797,461.7636500999797,462.1496757999994,c,1,0.3829273000010289,None,,,,,,,,,,,,,,,222,001,2025-10-01_22h11.03.024,Motor_sequence_exp,,2025.1.1,59.919025426301914,2025-10-01 22h11.11.492737 +0530,
-150,z,191,3,47,z,1,0.4039908000268042,None,,,,,47,3,191,3,,,,,462.16362999999546,,462.15011930000037,462.16362999999546,463.14854319998994,463.14854319998994,463.14854319998994,463.14854319998994,463.16560899998876,464.14908599999035,464.14908599999035,464.5652742999955,z,1,0.4039908000268042,None,,,,,,,,,,,,,,,222,001,2025-10-01_22h11.03.024,Motor_sequence_exp,,2025.1.1,59.919025426301914,2025-10-01 22h11.11.492737 +0530,
-50,x,192,0,48,x,1,0.309677199984435,None,,,,,48,0,192,0,,,,,464.58220599999186,,464.56566329998896,464.58220599999186,465.56525429998874,465.56525429998874,465.56525429998874,465.56525429998874,465.5805204999924,466.5653143999807,466.5653143999807,466.88236889999826,x,1,0.309677199984435,None,,,,,,,,,,,,,,,222,001,2025-10-01_22h11.03.024,Motor_sequence_exp,,2025.1.1,59.919025426301914,2025-10-01 22h11.11.492737 +0530,
150,v,193,1,48,v,1,0.34796720001031645,None,,,,,48,1,193,1,,,,,466.89789899997413,,466.88287569998647,466.89789899997413,467.88227549998555,467.88227549998555,467.88227549998555,467.88227549998555,467.8986173000012,468.88193809997756,468.88193809997756,469.2330812999862,v,1,0.34796720001031645,None,,,,,,,,,,,,,,,222,001,2025-10-01_22h11.03.024,Motor_sequence_exp,,2025.1.1,59.919025426301914,2025-10-01 22h11.11.492737 +0530,
50,c,194,2,48,c,1,0.5302446999994572,None,,,,,48,2,194,2,,,,,469.2474202999729,,469.23353249998763,469.2474202999729,470.2323330999934,470.2323330999934,470.2323330999934,470.2323330999934,470.2484703999944,471.23216119999415,471.23216119999415,471.7643129999924,c,1,0.5302446999994572,None,,,,,,,,,,,,,,,222,001,2025-10-01_22h11.03.024,Motor_sequence_exp,,2025.1.1,59.919025426301914,2025-10-01 22h11.11.492737 +0530,
-150,z,195,3,48,z,1,0.5917731999943499,None,,,,,48,3,195,3,,,,,471.78143719999935,,471.7647336999944,471.78143719999935,472.7656106999784,472.7656106999784,472.7656106999784,472.7656106999784,472.78212949997396,473.76527219999116,473.76527219999116,474.3668590999732,z,1,0.5917731999943499,None,,,,,,,,,,,,,,,222,001,2025-10-01_22h11.03.024,Motor_sequence_exp,,2025.1.1,59.919025426301914,2025-10-01 22h11.11.492737 +0530,
-50,x,196,0,49,x,1,0.784967300016433,None,,,,,49,0,196,0,,,,,474.3807605999755,,474.3674110999855,474.3807605999755,475.38208169999416,475.38208169999416,475.38208169999416,475.38208169999416,475.38208169999416,476.3823301999946,476.3823301999946,477.1816576999845,x,1,0.784967300016433,None,,,,,,,,,,,,,,,222,001,2025-10-01_22h11.03.024,Motor_sequence_exp,,2025.1.1,59.919025426301914,2025-10-01 22h11.11.492737 +0530,
150,v,197,1,49,v,1,0.8875830000033602,None,,,,,49,1,197,1,,,,,477.1970317999949,,477.18210649999673,477.1970317999949,478.1981915999786,478.1981915999786,478.1981915999786,478.1981915999786,478.1981915999786,479.1809591999918,479.1809591999918,480.081446999975,v,1,0.8875830000033602,None,,,,,,,,,,,,,,,222,001,2025-10-01_22h11.03.024,Motor_sequence_exp,,2025.1.1,59.919025426301914,2025-10-01 22h11.11.492737 +0530,
50,c,198,2,49,c,1,0.6073826999927405,None,,,,,49,2,198,2,,,,,480.0968975999858,,480.0817442999978,480.0968975999858,481.081165999989,481.081165999989,481.081165999989,481.081165999989,481.097712399991,482.08193949999986,482.08193949999986,482.6996106999868,c,1,0.6073826999927405,None,,,,,,,,,,,,,,,222,001,2025-10-01_22h11.03.024,Motor_sequence_exp,,2025.1.1,59.919025426301914,2025-10-01 22h11.11.492737 +0530,
-150,z,199,3,49,z,1,0.35561559998313896,None,,,,,49,3,199,3,,,,,482.714702999976,,482.7002298999869,482.714702999976,483.71583449997706,483.71583449997706,483.71583449997706,483.71583449997706,483.71583449997706,484.69917049998185,484.69917049998185,485.0654152999923,z,1,0.35561559998313896,None,,,,,,,,,,,,,,,222,001,2025-10-01_22h11.03.024,Motor_sequence_exp,,2025.1.1,59.919025426301914,2025-10-01 22h11.11.492737 +0530,
150,v,0,0,0,,,,,v,1,1.4012126000015996,None,,,,,0,0,0,1,485.0863633999834,,,,,,,,,,,,,,,,485.07590759999584,485.0863633999834,486.06452569999965,486.06452569999965,486.06452569999965,486.06452569999965,486.0991334999853,487.06575669997255,487.06575669997255,488.4830297999724,v,1,1.4012126000015996,None,222,001,2025-10-01_22h11.03.024,Motor_sequence_exp,,2025.1.1,59.919025426301914,2025-10-01 22h11.11.492737 +0530,
150,v,1,1,1,,,,,v,1,0.7234857000003103,None,,,,,1,1,1,1,488.4984101000009,,,,,,,,,,,,,,,,488.48395549997804,488.4984101000009,489.48258839998743,489.48258839998743,489.48258839998743,489.48258839998743,489.4991389999923,490.4992056999763,490.4992056999763,491.23241399999824,v,1,0.7234857000003103,None,222,001,2025-10-01_22h11.03.024,Motor_sequence_exp,,2025.1.1,59.919025426301914,2025-10-01 22h11.11.492737 +0530,
50,c,2,2,0,,,,,c,1,1.2594633999979123,None,,,,,0,2,2,2,491.24754589999793,,,,,,,,,,,,,,,,491.2330376999744,491.24754589999793,492.2327702999755,492.2327702999755,492.2327702999755,492.2327702999755,492.2487114999967,493.2315010999737,493.2315010999737,494.499917499983,c,1,1.2594633999979123,None,222,001,2025-10-01_22h11.03.024,Motor_sequence_exp,,2025.1.1,59.919025426301914,2025-10-01 22h11.11.492737 +0530,
-150,z,3,3,0,,,,,z,1,0.9600521999818739,None,,,,,0,3,3,3,494.51415999999153,,,,,,,,,,,,,,,,494.50061309998273,494.51415999999153,495.4988698999805,495.4988698999805,495.4988698999805,495.4988698999805,495.51624969998375,496.49869670000044,496.49869670000044,497.46689069998683,z,1,0.9600521999818739,None,222,001,2025-10-01_22h11.03.024,Motor_sequence_exp,,2025.1.1,59.919025426301914,2025-10-01 22h11.11.492737 +0530,
-50,x,4,4,0,,,,,x,1,1.3607628000027034,None,,,,,0,4,4,0,497.4811269999773,,,,,,,,,,,,,,,,497.46754549999605,497.4811269999773,498.46600889999536,498.46600889999536,498.46600889999536,498.46600889999536,498.4828807999729,499.4657784999872,499.4657784999872,500.83377549998113,x,1,1.3607628000027034,None,222,001,2025-10-01_22h11.03.024,Motor_sequence_exp,,2025.1.1,59.919025426301914,2025-10-01 22h11.11.492737 +0530,
-150,z,5,5,1,,,,,z,1,0.8026203000044916,None,,,,,1,5,5,3,500.84767369998735,,,,,,,,,,,,,,,,500.8347418999765,500.84767369998735,501.8498186999932,501.8498186999932,501.8498186999932,501.8498186999932,501.8498186999932,502.84935669999686,502.84935669999686,503.6660236999742,z,1,0.8026203000044916,None,222,001,2025-10-01_22h11.03.024,Motor_sequence_exp,,2025.1.1,59.919025426301914,2025-10-01 22h11.11.492737 +0530,
-50,x,6,6,1,,,,,x,1,1.313088399998378,None,,,,,1,6,6,0,503.6826690999733,,,,,,,,,,,,,,,,503.66664469998796,503.6826690999733,504.68273979998776,504.68273979998776,504.68273979998776,504.68273979998776,504.68273979998776,505.66598699998576,505.66598699998576,506.98313609999605,x,1,1.313088399998378,None,222,001,2025-10-01_22h11.03.024,Motor_sequence_exp,,2025.1.1,59.919025426301914,2025-10-01 22h11.11.492737 +0530,
-50,x,7,7,2,,,,,x,1,1.0531272000225727,None,,,,,2,7,7,0,506.9978075999825,,,,,,,,,,,,,,,,506.9838072999846,506.9978075999825,507.98240929999156,507.98240929999156,507.98240929999156,507.98240929999156,507.9997577999893,508.98278089999803,508.98278089999803,510.04963549997774,x,1,1.0531272000225727,None,222,001,2025-10-01_22h11.03.024,Motor_sequence_exp,,2025.1.1,59.919025426301914,2025-10-01 22h11.11.492737 +0530,
150,v,8,8,2,,,,,v,1,1.6412282999954186,None,,,,,2,8,8,1,510.06592749999254,,,,,,,,,,,,,,,,510.0502319999796,510.06592749999254,511.04901499999687,511.04901499999687,511.04901499999687,511.04901499999687,511.06605299998773,512.0498154999805,512.0498154999805,513.6999821999925,v,1,1.6412282999954186,None,222,001,2025-10-01_22h11.03.024,Motor_sequence_exp,,2025.1.1,59.919025426301914,2025-10-01 22h11.11.492737 +0530,
150,v,9,9,3,,,,,v,1,0.8664860000135377,None,,,,,3,9,9,1,513.7149932999746,,,,,,,,,,,,,,,,513.7006702999934,513.7149932999746,514.6996862999804,514.6996862999804,514.6996862999804,514.6996862999804,514.715564699989,515.6994591999974,515.6994591999974,516.5824926999921,v,1,0.8664860000135377,None,222,001,2025-10-01_22h11.03.024,Motor_sequence_exp,,2025.1.1,59.919025426301914,2025-10-01 22h11.11.492737 +0530,
50,c,10,10,1,,,,,x,0,1.2278813000011723,None,,,,,1,10,10,2,516.5995527999767,,,,,,,,,,,,,,,,516.5831034999865,516.5995527999767,517.5828730999783,517.5828730999783,517.5828730999783,517.5828730999783,517.5994044999825,518.5831032999849,518.5831032999849,519.8163299999724,x,0,1.2278813000011723,None,222,001,2025-10-01_22h11.03.024,Motor_sequence_exp,,2025.1.1,59.919025426301914,2025-10-01 22h11.11.492737 +0530,
-150,z,11,11,2,,,,,z,1,1.4609963999828324,None,,,,,2,11,11,3,519.8321007999766,,,,,,,,,,,,,,,,519.8169965999841,519.8321007999766,520.8163817999884,520.8163817999884,520.8163817999884,520.8163817999884,520.8331642999838,521.8327657999762,521.8327657999762,523.2994831999822,z,1,1.4609963999828324,None,222,001,2025-10-01_22h11.03.024,Motor_sequence_exp,,2025.1.1,59.919025426301914,2025-10-01 22h11.11.492737 +0530,
150,v,12,12,4,,,,,v,1,1.4582232999964617,None,,,,,4,12,12,1,523.3146205999947,,,,,,,,,,,,,,,,523.3000797999848,523.3146205999947,524.2997946999967,524.2997946999967,524.2997946999967,524.2997946999967,524.3165024999762,525.2996256999904,525.2996256999904,526.7661516999942,v,1,1.4582232999964617,None,222,001,2025-10-01_22h11.03.024,Motor_sequence_exp,,2025.1.1,59.919025426301914,2025-10-01 22h11.11.492737 +0530,
-50,x,13,13,3,,,,,x,1,1.39930709998589,None,,,,,3,13,13,0,526.7814548999886,,,,,,,,,,,,,,,,526.7670230999938,526.7814548999886,527.7653672999877,527.7653672999877,527.7653672999877,527.7653672999877,527.7829295999836,528.7661155999813,528.7661155999813,530.1665450999863,x,1,1.39930709998589,None,222,001,2025-10-01_22h11.03.024,Motor_sequence_exp,,2025.1.1,59.919025426301914,2025-10-01 22h11.11.492737 +0530,
-50,x,14,14,4,,,,,x,1,1.364837900007842,None,,,,,4,14,14,0,530.1821048999846,,,,,,,,,,,,,,,,530.1672205999785,530.1821048999846,531.1664285000006,531.1664285000006,531.1664285000006,531.1664285000006,531.1817010999948,532.1663954999822,532.1663954999822,533.5330790999869,x,1,1.364837900007842,None,222,001,2025-10-01_22h11.03.024,Motor_sequence_exp,,2025.1.1,59.919025426301914,2025-10-01 22h11.11.492737 +0530,
-150,z,15,15,3,,,,,z,1,0.933906999998726,None,,,,,3,15,15,3,533.5491639999964,,,,,,,,,,,,,,,,533.5336733000004,533.5491639999964,534.5333454999782,534.5333454999782,534.5333454999782,534.5333454999782,534.5488351999957,535.5493773999915,535.5493773999915,536.5002690999827,z,1,0.933906999998726,None,222,001,2025-10-01_22h11.03.024,Motor_sequence_exp,,2025.1.1,59.919025426301914,2025-10-01 22h11.11.492737 +0530,
50,c,16,16,2,,,,,c,1,1.012491700006649,None,,,,,2,16,16,2,536.5148243999865,,,,,,,,,,,,,,,,536.500925100001,536.5148243999865,537.4999176999845,537.4999176999845,537.4999176999845,537.4999176999845,537.5165555999847,538.4996464999858,538.4996464999858,539.5165406999877,c,1,1.012491700006649,None,222,001,2025-10-01_22h11.03.024,Motor_sequence_exp,,2025.1.1,59.919025426301914,2025-10-01 22h11.11.492737 +0530,
50,c,17,17,3,,,,,c,1,0.9807425999897532,None,,,,,3,17,17,2,539.5315919999848,,,,,,,,,,,,,,,,539.5171470999776,539.5315919999848,540.5161429999862,540.5161429999862,540.5161429999862,540.5161429999862,540.5330978999846,541.5161665999913,541.5161665999913,542.4990696999885,c,1,0.9807425999897532,None,222,001,2025-10-01_22h11.03.024,Motor_sequence_exp,,2025.1.1,59.919025426301914,2025-10-01 22h11.11.492737 +0530,
50,c,18,18,4,,,,,c,1,1.8048534000117797,None,,,,,4,18,18,2,542.5154520999931,,,,,,,,,,,,,,,,542.5000881999731,542.5154520999931,543.4990252999996,543.4990252999996,543.4990252999996,543.4990252999996,543.5165094999829,544.5001085999829,544.5001085999829,546.3166880999925,c,1,1.8048534000117797,None,222,001,2025-10-01_22h11.03.024,Motor_sequence_exp,,2025.1.1,59.919025426301914,2025-10-01 22h11.11.492737 +0530,
150,v,19,19,5,,,,,v,1,1.8331986000121105,None,,,,,5,19,19,1,546.3325530999864,,,,,,,,,,,,,,,,546.3173104999878,546.3325530999864,547.3160203999723,547.3160203999723,547.3160203999723,547.3160203999723,547.3331522999797,548.3331599999801,548.3331599999801,550.1833885999804,v,1,1.8331986000121105,None,222,001,2025-10-01_22h11.03.024,Motor_sequence_exp,,2025.1.1,59.919025426301914,2025-10-01 22h11.11.492737 +0530,
50,c,20,20,5,,,,,c,1,1.8891794999944977,None,,,,,5,20,20,2,550.2004076000012,,,,,,,,,,,,,,,,550.1839849999815,550.2004076000012,551.1834372000012,551.1834372000012,551.1834372000012,551.1834372000012,551.2002690999943,552.1835008999915,552.1835008999915,554.0830299999798,c,1,1.8891794999944977,None,222,001,2025-10-01_22h11.03.024,Motor_sequence_exp,,2025.1.1,59.919025426301914,2025-10-01 22h11.11.492737 +0530,
50,c,21,21,6,,,,,c,1,0.9617864000028931,None,,,,,6,21,21,2,554.1005310999753,,,,,,,,,,,,,,,,554.0836639999761,554.1005310999753,555.0839844000002,555.0839844000002,555.0839844000002,555.0839844000002,555.1000466999831,556.0825301999866,556.0825301999866,557.049984799989,c,1,0.9617864000028931,None,222,001,2025-10-01_22h11.03.024,Motor_sequence_exp,,2025.1.1,59.919025426301914,2025-10-01 22h11.11.492737 +0530,
50,c,22,22,7,,,,,c,1,1.1917620000021998,None,,,,,7,22,22,2,557.0650899999891,,,,,,,,,,,,,,,,557.0505926999904,557.0650899999891,558.0496011999785,558.0496011999785,558.0496011999785,558.0496011999785,558.0669318999862,559.0501652999956,559.0501652999956,560.2511315999727,c,1,1.1917620000021998,None,222,001,2025-10-01_22h11.03.024,Motor_sequence_exp,,2025.1.1,59.919025426301914,2025-10-01 22h11.11.492737 +0530,
-150,z,23,23,4,,,,,z,1,0.8683972000144422,None,,,,,4,23,23,3,560.2659571999975,,,,,,,,,,,,,,,,560.2518846999737,560.2659571999975,561.2667493999761,561.2667493999761,561.2667493999761,561.2667493999761,561.2667493999761,562.2502259999746,562.2502259999746,563.1327056999726,z,1,0.8683972000144422,None,222,001,2025-10-01_22h11.03.024,Motor_sequence_exp,,2025.1.1,59.919025426301914,2025-10-01 22h11.11.492737 +0530,
-50,x,24,24,5,,,,,x,1,1.4418175000173505,None,,,,,5,24,24,0,563.1497727999813,,,,,,,,,,,,,,,,563.1334384999936,563.1497727999813,564.1335252999852,564.1335252999852,564.1335252999852,564.1335252999852,564.1505154999904,565.1333581999934,565.1333581999934,566.5840562999947,x,1,1.4418175000173505,None,222,001,2025-10-01_22h11.03.024,Motor_sequence_exp,,2025.1.1,59.919025426301914,2025-10-01 22h11.11.492737 +0530,
-50,x,25,25,6,,,,,x,1,0.8263861000014003,None,,,,,6,25,25,0,566.6001585999911,,,,,,,,,,,,,,,,566.5846651999746,566.6001585999911,567.6007041999837,567.6007041999837,567.6007041999837,567.6007041999837,567.6007041999837,568.5831267999893,568.5831267999893,569.4179109999968,x,1,0.8263861000014003,None,222,001,2025-10-01_22h11.03.024,Motor_sequence_exp,,2025.1.1,59.919025426301914,2025-10-01 22h11.11.492737 +0530,
150,v,26,26,6,,,,,v,1,2.069468199973926,None,,,,,6,26,26,1,569.4322627999936,,,,,,,,,,,,,,,,569.4188179999765,569.4322627999936,570.4171593999781,570.4171593999781,570.4171593999781,570.4171593999781,570.4340286999941,571.4169932999939,571.4169932999939,573.5003699999943,v,1,2.069468199973926,None,222,001,2025-10-01_22h11.03.024,Motor_sequence_exp,,2025.1.1,59.919025426301914,2025-10-01 22h11.11.492737 +0530,
50,c,27,27,8,,,,,c,1,1.0522479999926873,None,,,,,8,27,27,2,573.5158801999933,,,,,,,,,,,,,,,,573.5010412999836,573.5158801999933,574.4998358000012,574.4998358000012,574.4998358000012,574.4998358000012,574.5165295999905,575.5166512999858,575.5166512999858,576.5831539999926,c,1,1.0522479999926873,None,222,001,2025-10-01_22h11.03.024,Motor_sequence_exp,,2025.1.1,59.919025426301914,2025-10-01 22h11.11.492737 +0530,
50,c,28,28,9,,,,,c,1,0.8116841999872122,None,,,,,9,28,28,2,576.6006234999804,,,,,,,,,,,,,,,,576.5838075999927,576.6006234999804,577.5835157999827,577.5835157999827,577.5835157999827,577.5835157999827,577.6001653999847,578.5836390999903,578.5836390999903,579.4013398999814,c,1,0.8116841999872122,None,222,001,2025-10-01_22h11.03.024,Motor_sequence_exp,,2025.1.1,59.919025426301914,2025-10-01 22h11.11.492737 +0530,
-150,z,29,29,5,,,,,z,1,1.3018578000192065,None,,,,,5,29,29,3,579.4154693999735,,,,,,,,,,,,,,,,579.4022849999892,579.4154693999735,580.4005526999827,580.4005526999827,580.4005526999827,580.4005526999827,580.4174887999834,581.3990507999843,581.3990507999843,582.7174289999821,z,1,1.3018578000192065,None,222,001,2025-10-01_22h11.03.024,Motor_sequence_exp,,2025.1.1,59.919025426301914,2025-10-01 22h11.11.492737 +0530,
150,v,30,30,7,,,,,v,1,1.139484999992419,None,,,,,7,30,30,1,582.7328993999981,,,,,,,,,,,,,,,,582.718492999993,582.7328993999981,583.7175973999838,583.7175973999838,583.7175973999838,583.7175973999838,583.7330304999778,584.7175668999844,584.7175668999844,585.868077399995,v,1,1.139484999992419,None,222,001,2025-10-01_22h11.03.024,Motor_sequence_exp,,2025.1.1,59.919025426301914,2025-10-01 22h11.11.492737 +0530,
50,c,31,31,10,,,,,c,1,1.6229320000275038,None,,,,,10,31,31,2,585.8823411999911,,,,,,,,,,,,,,,,585.8687362999772,585.8823411999911,586.8667934999976,586.8667934999976,586.8667934999976,586.8667934999976,586.8835652999987,587.8841738999763,587.8841738999763,589.51792079999,c,1,1.6229320000275038,None,222,001,2025-10-01_22h11.03.024,Motor_sequence_exp,,2025.1.1,59.919025426301914,2025-10-01 22h11.11.492737 +0530,
-150,z,32,32,6,,,,,z,1,1.138818999985233,None,,,,,6,32,32,3,589.5325031999964,,,,,,,,,,,,,,,,589.5186338999774,589.5325031999964,590.5164051999745,590.5164051999745,590.5164051999745,590.5164051999745,590.5338237999822,591.5174901999999,591.5174901999999,592.6677265999897,z,1,1.138818999985233,None,222,001,2025-10-01_22h11.03.024,Motor_sequence_exp,,2025.1.1,59.919025426301914,2025-10-01 22h11.11.492737 +0530,
150,v,33,33,8,,,,,v,1,1.628105100011453,None,,,,,8,33,33,1,592.6823759999825,,,,,,,,,,,,,,,,592.6684905999864,592.6823759999825,593.6674517999927,593.6674517999927,593.6674517999927,593.6674517999927,593.6845408999943,594.6672988999926,594.6672988999926,596.3013046999986,v,1,1.628105100011453,None,222,001,2025-10-01_22h11.03.024,Motor_sequence_exp,,2025.1.1,59.919025426301914,2025-10-01 22h11.11.492737 +0530,
150,v,34,34,9,,,,,v,1,1.10857899999246,None,,,,,9,34,34,1,596.3158473999938,,,,,,,,,,,,,,,,596.3023733999871,596.3158473999938,597.3158358999935,597.3158358999935,597.3158358999935,597.3158358999935,597.3158358999935,598.3010285999917,598.3010285999917,599.4187238999875,v,1,1.10857899999246,None,222,001,2025-10-01_22h11.03.024,Motor_sequence_exp,,2025.1.1,59.919025426301914,2025-10-01 22h11.11.492737 +0530,
50,c,35,35,11,,,,,c,1,2.2275518999958877,None,,,,,11,35,35,2,599.4324185999867,,,,,,,,,,,,,,,,599.41956509999,599.4324185999867,600.4344818999816,600.4344818999816,600.4344818999816,600.4344818999816,600.4344818999816,601.4338793999923,601.4338793999923,603.6672013999778,c,1,2.2275518999958877,None,222,001,2025-10-01_22h11.03.024,Motor_sequence_exp,,2025.1.1,59.919025426301914,2025-10-01 22h11.11.492737 +0530,
150,v,36,36,10,,,,,v,1,0.9967446000082418,None,,,,,10,36,36,1,603.6832629999844,,,,,,,,,,,,,,,,603.6678057999816,603.6832629999844,604.6678040999977,604.6678040999977,604.6678040999977,604.6678040999977,604.6844034999958,605.6675948999764,605.6675948999764,606.6683931000007,v,1,0.9967446000082418,None,222,001,2025-10-01_22h11.03.024,Motor_sequence_exp,,2025.1.1,59.919025426301914,2025-10-01 22h11.11.492737 +0530,
-150,z,37,37,7,,,,,z,1,0.9982679999957327,None,,,,,7,37,37,3,606.6832640999928,,,,,,,,,,,,,,,,606.6690862999822,606.6832640999928,607.6842703000002,607.6842703000002,607.6842703000002,607.6842703000002,607.6842703000002,608.6825934999797,608.6825934999797,609.6851145999972,z,1,0.9982679999957327,None,222,001,2025-10-01_22h11.03.024,Motor_sequence_exp,,2025.1.1,59.919025426301914,2025-10-01 22h11.11.492737 +0530,
150,v,38,38,11,,,,,v,1,0.8344374999869615,None,,,,,11,38,38,1,609.6994033999799,,,,,,,,,,,,,,,,609.6857746999885,609.6994033999799,610.684309299977,610.684309299977,610.684309299977,610.684309299977,610.7013167999976,611.6845227999729,611.6845227999729,612.5343813999789,v,1,0.8344374999869615,None,222,001,2025-10-01_22h11.03.024,Motor_sequence_exp,,2025.1.1,59.919025426301914,2025-10-01 22h11.11.492737 +0530,
-150,z,39,39,8,,,,,z,1,0.9909822000190616,None,,,,,8,39,39,3,612.5509619999793,,,,,,,,,,,,,,,,612.5349839999981,612.5509619999793,613.5343607999966,613.5343607999966,613.5343607999966,613.5343607999966,613.5514301999938,614.5338688999764,614.5338688999764,615.5341889999982,z,1,0.9909822000190616,None,222,001,2025-10-01_22h11.03.024,Motor_sequence_exp,,2025.1.1,59.919025426301914,2025-10-01 22h11.11.492737 +0530,
-50,x,40,40,7,,,,,x,1,1.3050084999995306,None,,,,,7,40,40,0,615.5508723999956,,,,,,,,,,,,,,,,615.5347818000009,615.5508723999956,616.5345808999846,616.5345808999846,616.5345808999846,616.5345808999846,616.5510719000013,617.534855099977,617.534855099977,618.8510956999962,x,1,1.3050084999995306,None,222,001,2025-10-01_22h11.03.024,Motor_sequence_exp,,2025.1.1,59.919025426301914,2025-10-01 22h11.11.492737 +0530,
50,c,41,41,12,,,,,c,1,1.7572632000083104,None,,,,,12,41,41,2,618.8671380999731,,,,,,,,,,,,,,,,618.8517499999725,618.8671380999731,619.851084599999,619.851084599999,619.851084599999,619.851084599999,619.86734289999,620.8515909999842,620.8515909999842,622.6178029000002,c,1,1.7572632000083104,None,222,001,2025-10-01_22h11.03.024,Motor_sequence_exp,,2025.1.1,59.919025426301914,2025-10-01 22h11.11.492737 +0530,
50,c,42,42,13,,,,,c,1,1.2809082999883685,None,,,,,13,42,42,2,622.63291819999,,,,,,,,,,,,,,,,622.6183922999771,622.63291819999,623.6173293999746,623.6173293999746,623.6173293999746,623.6173293999746,623.6346674999804,624.617545999994,624.617545999994,625.9003588999913,c,1,1.2809082999883685,None,222,001,2025-10-01_22h11.03.024,Motor_sequence_exp,,2025.1.1,59.919025426301914,2025-10-01 22h11.11.492737 +0530,
150,v,43,43,12,,,,,v,1,0.8978310999809764,None,,,,,12,43,43,1,625.9164097999746,,,,,,,,,,,,,,,,625.9012012999738,625.9164097999746,626.9013533999969,626.9013533999969,626.9013533999969,626.9013533999969,626.9184469999745,627.9013124999765,627.9013124999765,628.8011751000013,v,1,0.8978310999809764,None,222,001,2025-10-01_22h11.03.024,Motor_sequence_exp,,2025.1.1,59.919025426301914,2025-10-01 22h11.11.492737 +0530,
50,c,44,44,14,,,,,c,1,0.9813405000022613,None,,,,,14,44,44,2,628.8172070999863,,,,,,,,,,,,,,,,628.8017719999771,628.8172070999863,629.8005701999937,629.8005701999937,629.8005701999937,629.8005701999937,629.8180815999804,630.799990999978,630.799990999978,631.7847084999958,c,1,0.9813405000022613,None,222,001,2025-10-01_22h11.03.024,Motor_sequence_exp,,2025.1.1,59.919025426301914,2025-10-01 22h11.11.492737 +0530,
50,c,45,45,15,,,,,c,1,1.209257099981187,None,,,,,15,45,45,2,631.800453999982,,,,,,,,,,,,,,,,631.7853966999974,631.800453999982,632.7842649999948,632.7842649999948,632.7842649999948,632.7842649999948,632.8014299999923,633.7847130000009,633.7847130000009,635.0017027999857,c,1,1.209257099981187,None,222,001,2025-10-01_22h11.03.024,Motor_sequence_exp,,2025.1.1,59.919025426301914,2025-10-01 22h11.11.492737 +0530,
50,c,46,46,16,,,,,c,1,1.0168690999853425,None,,,,,16,46,46,2,635.0169292999781,,,,,,,,,,,,,,,,635.0027602999762,635.0169292999781,636.0005605999904,636.0005605999904,636.0005605999904,636.0005605999904,636.0178926999797,637.0008626999916,637.0008626999916,638.0338125999842,c,1,1.0168690999853425,None,222,001,2025-10-01_22h11.03.024,Motor_sequence_exp,,2025.1.1,59.919025426301914,2025-10-01 22h11.11.492737 +0530,
-150,z,47,47,9,,,,,z,1,1.6420511000033002,None,,,,,9,47,47,3,638.050720899977,,,,,,,,,,,,,,,,638.034920999984,638.050720899977,639.0335522999812,639.0335522999812,639.0335522999812,639.0335522999812,639.0511873999785,640.0346097000001,640.0346097000001,641.6855231999943,z,1,1.6420511000033002,None,222,001,2025-10-01_22h11.03.024,Motor_sequence_exp,,2025.1.1,59.919025426301914,2025-10-01 22h11.11.492737 +0530,
50,c,48,48,17,,,,,c,1,1.414884300000267,None,,,,,17,48,48,2,641.7003983999894,,,,,,,,,,,,,,,,641.6862076999969,641.7003983999894,642.7013760999835,642.7013760999835,642.7013760999835,642.7013760999835,642.7013760999835,643.6846106000012,643.6846106000012,645.1020003999874,c,1,1.414884300000267,None,222,001,2025-10-01_22h11.03.024,Motor_sequence_exp,,2025.1.1,59.919025426301914,2025-10-01 22h11.11.492737 +0530,
-50,x,49,49,8,,,,,x,1,1.0056799000012688,None,,,,,8,49,49,0,645.1172305999789,,,,,,,,,,,,,,,,645.1026206999959,645.1172305999789,646.0997692999954,646.0997692999954,646.0997692999954,646.0997692999954,646.118293699983,647.1185856999946,647.1185856999946,648.1354461999726,x,1,1.0056799000012688,None,222,001,2025-10-01_22h11.03.024,Motor_sequence_exp,,2025.1.1,59.919025426301914,2025-10-01 22h11.11.492737 +0530,
50,c,50,50,18,,,,,c,1,2.8233300000138115,None,,,,,18,50,50,2,648.1506238000002,,,,,,,,,,,,,,,,648.1363861999998,648.1506238000002,649.1350433999905,649.1350433999905,649.1350433999905,649.1350433999905,649.1518061999814,650.1351587999961,650.1351587999961,652.9692076999927,c,1,2.8233300000138115,None,222,001,2025-10-01_22h11.03.024,Motor_sequence_exp,,2025.1.1,59.919025426301914,2025-10-01 22h11.11.492737 +0530,
-150,z,51,51,10,,,,,z,1,0.8787677999935113,None,,,,,10,51,51,3,652.9841471999825,,,,,,,,,,,,,,,,652.9698742999753,652.9841471999825,653.9683095999935,653.9683095999935,653.9683095999935,653.9683095999935,653.9850160999922,654.9684148999804,654.9684148999804,655.852447799989,z,1,0.8787677999935113,None,222,001,2025-10-01_22h11.03.024,Motor_sequence_exp,,2025.1.1,59.919025426301914,2025-10-01 22h11.11.492737 +0530,
150,v,52,52,13,,,,,v,1,1.2195689999789465,None,,,,,13,52,52,1,655.866985599976,,,,,,,,,,,,,,,,655.8534309999959,655.866985599976,656.8503791999829,656.8503791999829,656.8503791999829,656.8503791999829,656.8686664999987,657.852100899996,657.852100899996,659.0844293999835,v,1,1.2195689999789465,None,222,001,2025-10-01_22h11.03.024,Motor_sequence_exp,,2025.1.1,59.919025426301914,2025-10-01 22h11.11.492737 +0530,
-150,z,53,53,11,,,,,z,1,0.8924893000221346,None,,,,,11,53,53,3,659.1019710999972,,,,,,,,,,,,,,,,659.0850798999891,659.1019710999972,660.084821699973,660.084821699973,660.084821699973,660.084821699973,660.1000310999807,661.0853050999867,661.0853050999867,661.9852181999886,z,1,0.8924893000221346,None,222,001,2025-10-01_22h11.03.024,Motor_sequence_exp,,2025.1.1,59.919025426301914,2025-10-01 22h11.11.492737 +0530,
50,c,54,54,19,,,,,c,1,1.1434314000071026,None,,,,,19,54,54,2,662.0011751999846,,,,,,,,,,,,,,,,661.9858202999749,662.0011751999846,662.9857259999844,662.9857259999844,662.9857259999844,662.9857259999844,663.0018457999977,664.0008038999804,664.0008038999804,665.1523439000011,c,1,1.1434314000071026,None,222,001,2025-10-01_22h11.03.024,Motor_sequence_exp,,2025.1.1,59.919025426301914,2025-10-01 22h11.11.492737 +0530,
-50,x,55,55,9,,,,,x,1,0.807847700023558,None,,,,,9,55,55,0,665.1676114999864,,,,,,,,,,,,,,,,665.1529974000005,665.1676114999864,666.1686506999831,666.1686506999831,666.1686506999831,666.1686506999831,666.1686506999831,667.1686095999903,667.1686095999903,667.9852362999809,x,1,0.807847700023558,None,222,001,2025-10-01_22h11.03.024,Motor_sequence_exp,,2025.1.1,59.919025426301914,2025-10-01 22h11.11.492737 +0530,
-150,z,56,56,12,,,,,z,1,1.315932800003793,None,,,,,12,56,56,3,668.0004900999775,,,,,,,,,,,,,,,,667.9858351000003,668.0004900999775,668.9847925999784,668.9847925999784,668.9847925999784,668.9847925999784,669.0020339999755,669.9854185000004,669.9854185000004,671.3176840999804,z,1,1.315932800003793,None,222,001,2025-10-01_22h11.03.024,Motor_sequence_exp,,2025.1.1,59.919025426301914,2025-10-01 22h11.11.492737 +0530,
-150,z,57,57,13,,,,,z,1,1.2808515999931842,None,,,,,13,57,57,3,671.3351311000006,,,,,,,,,,,,,,,,671.3183047999919,671.3351311000006,672.3186588999815,672.3186588999815,672.3186588999815,672.3186588999815,672.3353000999778,673.318930599984,673.318930599984,674.6019548999902,z,1,1.2808515999931842,None,222,001,2025-10-01_22h11.03.024,Motor_sequence_exp,,2025.1.1,59.919025426301914,2025-10-01 22h11.11.492737 +0530,
-50,x,58,58,10,,,,,x,1,1.7771769000100903,None,,,,,10,58,58,0,674.617601099977,,,,,,,,,,,,,,,,674.6025546999881,674.617601099977,675.6020941999741,675.6020941999741,675.6020941999741,675.6020941999741,675.6190677999984,676.6019930999901,676.6019930999901,678.3861544999818,x,1,1.7771769000100903,None,222,001,2025-10-01_22h11.03.024,Motor_sequence_exp,,2025.1.1,59.919025426301914,2025-10-01 22h11.11.492737 +0530,
50,c,59,59,20,,,,,c,1,1.0022105000098236,None,,,,,20,59,59,2,678.4005153999897,,,,,,,,,,,,,,,,678.3868185999745,678.4005153999897,679.385225999984,679.385225999984,679.385225999984,679.385225999984,679.4019320999796,680.3854900999868,680.3854900999868,681.4019338999933,c,1,1.0022105000098236,None,222,001,2025-10-01_22h11.03.024,Motor_sequence_exp,,2025.1.1,59.919025426301914,2025-10-01 22h11.11.492737 +0530,
150,v,60,60,14,,,,,v,1,1.0568582999985665,None,,,,,14,60,60,1,681.4171188999899,,,,,,,,,,,,,,,,681.4025596999854,681.4171188999899,682.4021982999984,682.4021982999984,682.4021982999984,682.4021982999984,682.418732399994,683.4016808999877,683.4016808999877,684.4694741999847,v,1,1.0568582999985665,None,222,001,2025-10-01_22h11.03.024,Motor_sequence_exp,,2025.1.1,59.919025426301914,2025-10-01 22h11.11.492737 +0530,
150,v,61,61,15,,,,,v,1,1.3057686000247486,None,,,,,15,61,61,1,684.4841933999851,,,,,,,,,,,,,,,,684.4701677999983,684.4841933999851,685.4686793999863,685.4686793999863,685.4686793999863,685.4686793999863,685.4854055999895,686.4677283999918,686.4677283999918,687.7849124999775,v,1,1.3057686000247486,None,222,001,2025-10-01_22h11.03.024,Motor_sequence_exp,,2025.1.1,59.919025426301914,2025-10-01 22h11.11.492737 +0530,
-50,x,62,62,11,,,,,x,1,2.009504699992249,None,,,,,11,62,62,0,687.8019896999758,,,,,,,,,,,,,,,,687.7855552999827,687.8019896999758,688.7851950999757,688.7851950999757,688.7851950999757,688.7851950999757,688.8024581999925,689.7859671999759,689.7859671999759,691.8033143999928,x,1,2.009504699992249,None,222,001,2025-10-01_22h11.03.024,Motor_sequence_exp,,2025.1.1,59.919025426301914,2025-10-01 22h11.11.492737 +0530,
150,v,63,63,16,,,,,v,1,1.2796899999957532,None,,,,,16,63,63,1,691.817771299975,,,,,,,,,,,,,,,,691.804322299984,691.817771299975,692.8023064000008,692.8023064000008,692.8023064000008,692.8023064000008,692.819067799981,693.8192814999784,693.8192814999784,695.1021583999973,v,1,1.2796899999957532,None,222,001,2025-10-01_22h11.03.024,Motor_sequence_exp,,2025.1.1,59.919025426301914,2025-10-01 22h11.11.492737 +0530,
-150,z,64,64,14,,,,,z,1,1.3845419000135735,None,,,,,14,64,64,3,695.1179986999778,,,,,,,,,,,,,,,,695.1027528999839,695.1179986999778,696.1020224999811,696.1020224999811,696.1020224999811,696.1020224999811,696.1185773999896,697.1024562999955,697.1024562999955,698.5024112999963,z,1,1.3845419000135735,None,222,001,2025-10-01_22h11.03.024,Motor_sequence_exp,,2025.1.1,59.919025426301914,2025-10-01 22h11.11.492737 +0530,
50,c,65,65,21,,,,,c,1,1.5804262000019662,None,,,,,21,65,65,2,698.5173653999809,,,,,,,,,,,,,,,,698.503147099982,698.5173653999809,699.501685700001,699.501685700001,699.501685700001,699.501685700001,699.518625799974,700.5025698999816,700.5025698999816,702.086012499989,c,1,1.5804262000019662,None,222,001,2025-10-01_22h11.03.024,Motor_sequence_exp,,2025.1.1,59.919025426301914,2025-10-01 22h11.11.492737 +0530,
-150,z,66,66,15,,,,,z,1,0.7721869999950286,None,,,,,15,66,66,3,702.101147999987,,,,,,,,,,,,,,,,702.0866970999923,702.101147999987,703.0849515000009,703.0849515000009,703.0849515000009,703.0849515000009,703.1015693999943,704.1014404999733,704.1014404999733,704.8854806999734,z,1,0.7721869999950286,None,222,001,2025-10-01_22h11.03.024,Motor_sequence_exp,,2025.1.1,59.919025426301914,2025-10-01 22h11.11.492737 +0530,
-50,x,67,67,12,,,,,x,1,0.8600175000028685,None,,,,,12,67,67,0,704.9009891999885,,,,,,,,,,,,,,,,704.8858981999801,704.9009891999885,705.8863493999816,705.8863493999816,705.8863493999816,705.8863493999816,705.9024903999816,706.886185499985,706.886185499985,707.7516127999988,x,1,0.8600175000028685,None,222,001,2025-10-01_22h11.03.024,Motor_sequence_exp,,2025.1.1,59.919025426301914,2025-10-01 22h11.11.492737 +0530,
150,v,68,68,17,,,,,v,1,1.0305195999972057,None,,,,,17,68,68,1,707.7690469999798,,,,,,,,,,,,,,,,707.7522529999842,707.7690469999798,708.7521055999969,708.7521055999969,708.7521055999969,708.7521055999969,708.7690498000011,709.7521915999823,709.7521915999823,710.7869621999853,v,1,1.0305195999972057,None,222,001,2025-10-01_22h11.03.024,Motor_sequence_exp,,2025.1.1,59.919025426301914,2025-10-01 22h11.11.492737 +0530,
-150,z,69,69,16,,,,,z,1,0.7598048000072595,None,,,,,16,69,69,3,710.8012329999765,,,,,,,,,,,,,,,,710.7876806999848,710.8012329999765,711.8027013999817,711.8027013999817,711.8027013999817,711.8027013999817,711.8027013999817,712.8027792999928,712.8027792999928,713.5702265999862,z,1,0.7598048000072595,None,222,001,2025-10-01_22h11.03.024,Motor_sequence_exp,,2025.1.1,59.919025426301914,2025-10-01 22h11.11.492737 +0530,
-50,x,70,70,13,,,,,x,1,0.7287618999835104,None,,,,,13,70,70,0,713.584308599995,,,,,,,,,,,,,,,,713.571128599986,713.584308599995,714.5696722999855,714.5696722999855,714.5696722999855,714.5696722999855,714.5859236999822,715.5696095999738,715.5696095999738,716.3020893999783,x,1,0.7287618999835104,None,222,001,2025-10-01_22h11.03.024,Motor_sequence_exp,,2025.1.1,59.919025426301914,2025-10-01 22h11.11.492737 +0530,
-150,z,71,71,17,,,,,z,1,0.7763031999929808,None,,,,,17,71,71,3,716.3186140999896,,,,,,,,,,,,,,,,716.3028636999952,716.3186140999896,717.3027580999769,717.3027580999769,717.3027580999769,717.3027580999769,717.3196895000001,718.3027412999945,718.3027412999945,719.0866935999948,z,1,0.7763031999929808,None,222,001,2025-10-01_22h11.03.024,Motor_sequence_exp,,2025.1.1,59.919025426301914,2025-10-01 22h11.11.492737 +0530,
50,c,72,72,22,,,,,c,1,0.9842154000070877,None,,,,,22,72,72,2,719.1010158999998,,,,,,,,,,,,,,,,719.0878366999968,719.1010158999998,720.1029846999736,720.1029846999736,720.1029846999736,720.1029846999736,720.1029846999736,721.0860531999788,721.0860531999788,722.0857113999955,c,1,0.9842154000070877,None,222,001,2025-10-01_22h11.03.024,Motor_sequence_exp,,2025.1.1,59.919025426301914,2025-10-01 22h11.11.492737 +0530,
-150,z,73,73,18,,,,,z,1,0.7868027999938931,None,,,,,18,73,73,3,722.1010119999992,,,,,,,,,,,,,,,,722.0863376999914,722.1010119999992,723.0852540999767,723.0852540999767,723.0852540999767,723.0852540999767,723.1028901999816,724.0860993999813,724.0860993999813,724.8868621999864,z,1,0.7868027999938931,None,222,001,2025-10-01_22h11.03.024,Motor_sequence_exp,,2025.1.1,59.919025426301914,2025-10-01 22h11.11.492737 +0530,
-50,x,74,74,14,,,,,x,1,0.7148511999985203,None,,,,,14,74,74,0,724.9010682999797,,,,,,,,,,,,,,,,724.8877120999969,724.9010682999797,725.8854661999794,725.8854661999794,725.8854661999794,725.8854661999794,725.9012412999873,726.9028037999815,726.9028037999815,727.6196409999975,x,1,0.7148511999985203,None,222,001,2025-10-01_22h11.03.024,Motor_sequence_exp,,2025.1.1,59.919025426301914,2025-10-01 22h11.11.492737 +0530,
150,v,75,75,18,,,,,v,1,1.0658998000144493,None,,,,,18,75,75,1,727.6351117999875,,,,,,,,,,,,,,,,727.6202576999785,727.6351117999875,728.6195606999972,728.6195606999972,728.6195606999972,728.6195606999972,728.6364487999817,729.6197293000005,729.6197293000005,730.7026849999966,v,1,1.0658998000144493,None,222,001,2025-10-01_22h11.03.024,Motor_sequence_exp,,2025.1.1,59.919025426301914,2025-10-01 22h11.11.492737 +0530,
50,c,76,76,23,,,,,c,1,0.7484088999917731,None,,,,,23,76,76,2,730.7186250999803,,,,,,,,,,,,,,,,730.7032863999775,730.7186250999803,731.7026675999805,731.7026675999805,731.7026675999805,731.7026675999805,731.7197304999863,732.7030525999726,732.7030525999726,733.4537667999975,c,1,0.7484088999917731,None,222,001,2025-10-01_22h11.03.024,Motor_sequence_exp,,2025.1.1,59.919025426301914,2025-10-01 22h11.11.492737 +0530,
150,v,77,77,19,,,,,v,1,1.1201728000014555,None,,,,,19,77,77,1,733.4693226999952,,,,,,,,,,,,,,,,733.4545791999844,733.4693226999952,734.4698211999785,734.4698211999785,734.4698211999785,734.4698211999785,734.4698211999785,735.4529009999824,735.4529009999824,736.5854004999856,v,1,1.1201728000014555,None,222,001,2025-10-01_22h11.03.024,Motor_sequence_exp,,2025.1.1,59.919025426301914,2025-10-01 22h11.11.492737 +0530,
-50,x,78,78,15,,,,,x,1,0.6356299000035506,None,,,,,15,78,78,0,736.6020770999894,,,,,,,,,,,,,,,,736.5861109999823,736.6020770999894,737.5861689999874,737.5861689999874,737.5861689999874,737.5861689999874,737.6027367999777,738.5864368999901,738.5864368999901,739.2368983999768,x,1,0.6356299000035506,None,222,001,2025-10-01_22h11.03.024,Motor_sequence_exp,,2025.1.1,59.919025426301914,2025-10-01 22h11.11.492737 +0530,
50,c,79,79,24,,,,,c,1,0.657358700002078,None,,,,,24,79,79,2,739.2516866999795,,,,,,,,,,,,,,,,739.2379982999992,739.2516866999795,740.2512212999864,740.2512212999864,740.2512212999864,740.2512212999864,740.2512212999864,741.2523650999938,741.2523650999938,741.9208175999811,c,1,0.657358700002078,None,222,001,2025-10-01_22h11.03.024,Motor_sequence_exp,,2025.1.1,59.919025426301914,2025-10-01 22h11.11.492737 +0530,
50,c,80,80,25,,,,,c,1,0.6848042000201531,None,,,,,25,80,80,2,741.9353172999981,,,,,,,,,,,,,,,,741.9217875999748,741.9353172999981,742.9361605999875,742.9361605999875,742.9361605999875,742.9361605999875,742.9361605999875,743.9347973999975,743.9347973999975,744.6353337999899,c,1,0.6848042000201531,None,222,001,2025-10-01_22h11.03.024,Motor_sequence_exp,,2025.1.1,59.919025426301914,2025-10-01 22h11.11.492737 +0530,
-50,x,81,81,16,,,,,x,1,1.5976585000171326,None,,,,,16,81,81,0,744.6521572999773,,,,,,,,,,,,,,,,744.6359403999813,744.6521572999773,745.6359201000014,745.6359201000014,745.6359201000014,745.6359201000014,745.6528527999762,746.6370205999992,746.6370205999992,748.2366239999828,x,1,1.5976585000171326,None,222,001,2025-10-01_22h11.03.024,Motor_sequence_exp,,2025.1.1,59.919025426301914,2025-10-01 22h11.11.492737 +0530,
150,v,82,82,20,,,,,v,1,0.9236404999974184,None,,,,,20,82,82,1,748.2528812999954,,,,,,,,,,,,,,,,748.2376394999737,748.2528812999954,749.2530694999732,749.2530694999732,749.2530694999732,749.2530694999732,749.2530694999732,750.2368934999977,750.2368934999977,751.1707411999814,v,1,0.9236404999974184,None,222,001,2025-10-01_22h11.03.024,Motor_sequence_exp,,2025.1.1,59.919025426301914,2025-10-01 22h11.11.492737 +0530,
-50,x,83,83,17,,,,,x,1,0.7514553000219166,None,,,,,17,83,83,0,751.1855924999982,,,,,,,,,,,,,,,,751.1714000999928,751.1855924999982,752.1867047999986,752.1867047999986,752.1867047999986,752.1867047999986,752.1867047999986,753.1863301999983,753.1863301999983,753.9539307999949,x,1,0.7514553000219166,None,222,001,2025-10-01_22h11.03.024,Motor_sequence_exp,,2025.1.1,59.919025426301914,2025-10-01 22h11.11.492737 +0530,
50,c,84,84,26,,,,,c,1,0.7031901000009384,None,,,,,26,84,84,2,753.9685941999778,,,,,,,,,,,,,,,,753.9549407000013,753.9685941999778,754.952493299992,754.952493299992,754.952493299992,754.952493299992,754.9683971999912,755.9529350999801,755.9529350999801,756.6708302999905,c,1,0.7031901000009384,None,222,001,2025-10-01_22h11.03.024,Motor_sequence_exp,,2025.1.1,59.919025426301914,2025-10-01 22h11.11.492737 +0530,
50,c,85,85,27,,,,,c,1,0.7549532999983057,None,,,,,27,85,85,2,756.6848859999736,,,,,,,,,,,,,,,,756.6717614999798,756.6848859999736,757.6698553999886,757.6698553999886,757.6698553999886,757.6698553999886,757.6871047999884,758.6684972999792,758.6684972999792,759.4377185999765,c,1,0.7549532999983057,None,222,001,2025-10-01_22h11.03.024,Motor_sequence_exp,,2025.1.1,59.919025426301914,2025-10-01 22h11.11.492737 +0530,
-50,x,86,86,18,,,,,x,1,0.8697835000057239,None,,,,,18,86,86,0,759.4516439999861,,,,,,,,,,,,,,,,759.4385360999731,759.4516439999861,760.436767999985,760.436767999985,760.436767999985,760.436767999985,760.4516463999753,761.4533727999951,761.4533727999951,762.336184099986,x,1,0.8697835000057239,None,222,001,2025-10-01_22h11.03.024,Motor_sequence_exp,,2025.1.1,59.919025426301914,2025-10-01 22h11.11.492737 +0530,
50,c,87,87,28,,,,,c,1,0.8988789999857545,None,,,,,28,87,87,2,762.3526289000001,,,,,,,,,,,,,,,,762.3367838999839,762.3526289000001,763.3366829000006,763.3366829000006,763.3366829000006,763.3366829000006,763.3539418999862,764.3366926999879,764.3366926999879,765.2533710999996,c,1,0.8988789999857545,None,222,001,2025-10-01_22h11.03.024,Motor_sequence_exp,,2025.1.1,59.919025426301914,2025-10-01 22h11.11.492737 +0530,
-150,z,88,88,19,,,,,z,1,1.2097385999804828,None,,,,,19,88,88,3,765.2687471999961,,,,,,,,,,,,,,,,765.2539827,765.2687471999961,766.2539405999996,766.2539405999996,766.2539405999996,766.2539405999996,766.2705259999784,767.2536559999862,767.2536559999862,768.4705532999942,z,1,1.2097385999804828,None,222,001,2025-10-01_22h11.03.024,Motor_sequence_exp,,2025.1.1,59.919025426301914,2025-10-01 22h11.11.492737 +0530,
50,c,89,89,29,,,,,c,1,1.066136399982497,None,,,,,29,89,89,2,768.4856622999941,,,,,,,,,,,,,,,,768.4713030999992,768.4856622999941,769.4703339999833,769.4703339999833,769.4703339999833,769.4703339999833,769.4868099000014,770.4699507999758,770.4699507999758,771.5535990999779,c,1,1.066136399982497,None,222,001,2025-10-01_22h11.03.024,Motor_sequence_exp,,2025.1.1,59.919025426301914,2025-10-01 22h11.11.492737 +0530,
-50,x,90,90,19,,,,,x,1,0.7677400000102352,None,,,,,19,90,90,0,771.5699814999825,,,,,,,,,,,,,,,,771.5542066999769,771.5699814999825,772.5535442999972,772.5535442999972,772.5535442999972,772.5535442999972,772.5705364999885,773.5535723999783,773.5535723999783,774.3356048999995,x,1,0.7677400000102352,None,222,001,2025-10-01_22h11.03.024,Motor_sequence_exp,,2025.1.1,59.919025426301914,2025-10-01 22h11.11.492737 +0530,
-150,z,91,91,20,,,,,z,1,1.1736092999926768,None,,,,,20,91,91,3,774.3529232000001,,,,,,,,,,,,,,,,774.3362439999764,774.3529232000001,775.3367081999895,775.3367081999895,775.3367081999895,775.3367081999895,775.3532805999857,776.3363070999912,776.3363070999912,777.5200276999967,z,1,1.1736092999926768,None,222,001,2025-10-01_22h11.03.024,Motor_sequence_exp,,2025.1.1,59.919025426301914,2025-10-01 22h11.11.492737 +0530,
150,v,92,92,21,,,,,v,1,0.9610082999861334,None,,,,,21,92,92,1,777.5351163999876,,,,,,,,,,,,,,,,777.52088679999,777.5351163999876,778.5187798999832,778.5187798999832,778.5187798999832,778.5187798999832,778.5351044999843,779.5200665999728,779.5200665999728,780.486115799984,v,1,0.9610082999861334,None,222,001,2025-10-01_22h11.03.024,Motor_sequence_exp,,2025.1.1,59.919025426301914,2025-10-01 22h11.11.492737 +0530,
-50,x,93,93,20,,,,,x,1,0.7447765999822877,None,,,,,20,93,93,0,780.5033062000002,,,,,,,,,,,,,,,,780.4867336999741,780.5033062000002,781.4870701999753,781.4870701999753,781.4870701999753,781.4870701999753,781.5039786999987,782.487054199999,782.487054199999,783.2362897999992,x,1,0.7447765999822877,None,222,001,2025-10-01_22h11.03.024,Motor_sequence_exp,,2025.1.1,59.919025426301914,2025-10-01 22h11.11.492737 +0530,
50,c,94,94,30,,,,,c,1,0.8249875000037719,None,,,,,30,94,94,2,783.2519108999986,,,,,,,,,,,,,,,,783.2368824000005,783.2519108999986,784.236817500001,784.236817500001,784.236817500001,784.236817500001,784.2520100999973,785.23725559999,785.23725559999,786.0713159999868,c,1,0.8249875000037719,None,222,001,2025-10-01_22h11.03.024,Motor_sequence_exp,,2025.1.1,59.919025426301914,2025-10-01 22h11.11.492737 +0530,
-50,x,95,95,21,,,,,x,1,1.0081042999809142,None,,,,,21,95,95,0,786.0858667999855,,,,,,,,,,,,,,,,786.0728975999809,786.0858667999855,787.0860631999967,787.0860631999967,787.0860631999967,787.0860631999967,787.0860631999967,788.0872932999919,788.0872932999919,789.1050625999924,x,1,1.0081042999809142,None,222,001,2025-10-01_22h11.03.024,Motor_sequence_exp,,2025.1.1,59.919025426301914,2025-10-01 22h11.11.492737 +0530,
150,v,96,96,22,,,,,v,1,1.2038904000073671,None,,,,,22,96,96,1,789.118817599985,,,,,,,,,,,,,,,,789.1059806999983,789.118817599985,790.1195934999851,790.1195934999851,790.1195934999851,790.1195934999851,790.1195934999851,791.1189391999796,791.1189391999796,792.3367149999831,v,1,1.2038904000073671,None,222,001,2025-10-01_22h11.03.024,Motor_sequence_exp,,2025.1.1,59.919025426301914,2025-10-01 22h11.11.492737 +0530,
-150,z,97,97,21,,,,,z,1,0.926966499973787,None,,,,,21,97,97,3,792.3542848999787,,,,,,,,,,,,,,,,792.3374041999923,792.3542848999787,793.3371271999786,793.3371271999786,793.3371271999786,793.3371271999786,793.3530877000012,794.3374463999935,794.3374463999935,795.2698983000009,z,1,0.926966499973787,None,222,001,2025-10-01_22h11.03.024,Motor_sequence_exp,,2025.1.1,59.919025426301914,2025-10-01 22h11.11.492737 +0530,
50,c,98,98,31,,,,,c,1,0.9565465999767184,None,,,,,31,98,98,2,795.285703099973,,,,,,,,,,,,,,,,795.2706457999884,795.285703099973,796.271153699985,796.271153699985,796.271153699985,796.271153699985,796.2865010999958,797.2706391999964,797.2706391999964,798.2369941999787,c,1,0.9565465999767184,None,222,001,2025-10-01_22h11.03.024,Motor_sequence_exp,,2025.1.1,59.919025426301914,2025-10-01 22h11.11.492737 +0530,
150,v,99,99,23,,,,,v,1,0.9254070000024512,None,,,,,23,99,99,1,798.2525158999779,,,,,,,,,,,,,,,,798.2376059999806,798.2525158999779,799.2374311999884,799.2374311999884,799.2374311999884,799.2374311999884,799.2538163999852,800.2374044999888,800.2374044999888,801.1712479999987,v,1,0.9254070000024512,None,222,001,2025-10-01_22h11.03.024,Motor_sequence_exp,,2025.1.1,59.919025426301914,2025-10-01 22h11.11.492737 +0530,
-150,z,100,100,22,,,,,z,1,0.7128758000035305,None,,,,,22,100,100,3,801.1862686999957,,,,,,,,,,,,,,,,801.1721464000002,801.1862686999957,802.1706173999992,802.1706173999992,802.1706173999992,802.1706173999992,802.187629299995,803.1710964999802,803.1710964999802,803.888015399978,z,1,0.7128758000035305,None,222,001,2025-10-01_22h11.03.024,Motor_sequence_exp,,2025.1.1,59.919025426301914,2025-10-01 22h11.11.492737 +0530,
150,v,101,101,24,,,,,v,1,0.9796165000007022,None,,,,,24,101,101,1,803.902869099984,,,,,,,,,,,,,,,,803.8886937999923,803.902869099984,804.8872694999736,804.8872694999736,804.8872694999736,804.8872694999736,804.9041959999886,805.8875688999833,805.8875688999833,806.8712071999907,v,1,0.9796165000007022,None,222,001,2025-10-01_22h11.03.024,Motor_sequence_exp,,2025.1.1,59.919025426301914,2025-10-01 22h11.11.492737 +0530,
150,v,102,102,25,,,,,v,1,0.9271047000074759,None,,,,,25,102,102,1,806.885838999995,,,,,,,,,,,,,,,,806.8718819999776,806.885838999995,807.8708379999734,807.8708379999734,807.8708379999734,807.8708379999734,807.8876835999836,808.8702210999909,808.8702210999909,809.8047626999905,v,1,0.9271047000074759,None,222,001,2025-10-01_22h11.03.024,Motor_sequence_exp,,2025.1.1,59.919025426301914,2025-10-01 22h11.11.492737 +0530,
-50,x,103,103,22,,,,,x,1,0.956066800019471,None,,,,,22,103,103,0,809.819743799977,,,,,,,,,,,,,,,,809.8054329000006,809.819743799977,810.8041961999843,810.8041961999843,810.8041961999843,810.8041961999843,810.8211418999999,811.8041583999875,811.8041583999875,812.7746390999819,x,1,0.956066800019471,None,222,001,2025-10-01_22h11.03.024,Motor_sequence_exp,,2025.1.1,59.919025426301914,2025-10-01 22h11.11.492737 +0530,
150,v,104,104,26,,,,,v,1,1.8048809000174515,None,,,,,26,104,104,1,812.7863609999768,,,,,,,,,,,,,,,,812.7752711999929,812.7863609999768,813.7878209999762,813.7878209999762,813.7878209999762,813.7878209999762,813.7878209999762,814.7880949999962,814.7880949999962,816.6045952999848,v,1,1.8048809000174515,None,222,001,2025-10-01_22h11.03.024,Motor_sequence_exp,,2025.1.1,59.919025426301914,2025-10-01 22h11.11.492737 +0530,
-150,z,105,105,23,,,,,z,1,0.750354400021024,None,,,,,23,105,105,3,816.6199154999922,,,,,,,,,,,,,,,,816.6058362999756,816.6199154999922,817.6043121999828,817.6043121999828,817.6043121999828,817.6043121999828,817.6212962999998,818.6209587999911,818.6209587999911,819.3873801999725,z,1,0.750354400021024,None,222,001,2025-10-01_22h11.03.024,Motor_sequence_exp,,2025.1.1,59.919025426301914,2025-10-01 22h11.11.492737 +0530,
-50,x,106,106,23,,,,,x,1,0.8420710999926087,None,,,,,23,106,106,0,819.4026806999755,,,,,,,,,,,,,,,,819.3880034999747,819.4026806999755,820.3858228999889,820.3858228999889,820.3858228999889,820.3858228999889,820.404272099986,821.3866887999757,821.3866887999757,822.2373602000007,x,1,0.8420710999926087,None,222,001,2025-10-01_22h11.03.024,Motor_sequence_exp,,2025.1.1,59.919025426301914,2025-10-01 22h11.11.492737 +0530,
-50,x,107,107,24,,,,,x,1,1.2372862999909557,None,,,,,24,107,107,0,822.254610199976,,,,,,,,,,,,,,,,822.2379567999742,822.254610199976,823.2370664999762,823.2370664999762,823.2370664999762,823.2370664999762,823.2539512999938,824.2543765999726,824.2543765999726,825.5041526999848,x,1,1.2372862999909557,None,222,001,2025-10-01_22h11.03.024,Motor_sequence_exp,,2025.1.1,59.919025426301914,2025-10-01 22h11.11.492737 +0530,
150,v,108,108,27,,,,,v,1,1.0252319000137504,None,,,,,27,108,108,1,825.5205198999902,,,,,,,,,,,,,,,,825.504779299983,825.5205198999902,826.5041075999907,826.5041075999907,826.5041075999907,826.5041075999907,826.5194922999945,827.5045287999965,827.5045287999965,828.5375348999805,v,1,1.0252319000137504,None,222,001,2025-10-01_22h11.03.024,Motor_sequence_exp,,2025.1.1,59.919025426301914,2025-10-01 22h11.11.492737 +0530,
150,v,109,109,28,,,,,v,1,0.8522983999864664,None,,,,,28,109,109,1,828.5533582999778,,,,,,,,,,,,,,,,828.5386332999915,828.5533582999778,829.5377965999942,829.5377965999942,829.5377965999942,829.5377965999942,829.5541286999942,830.5538659000013,830.5538659000013,831.4216206999845,v,1,0.8522983999864664,None,222,001,2025-10-01_22h11.03.024,Motor_sequence_exp,,2025.1.1,59.919025426301914,2025-10-01 22h11.11.492737 +0530,
-50,x,110,110,25,,,,,x,1,0.870141399995191,None,,,,,25,110,110,0,831.4369291999901,,,,,,,,,,,,,,,,831.4224585999909,831.4369291999901,832.4211893999891,832.4211893999891,832.4211893999891,832.4211893999891,832.4374685999937,833.421179099998,833.421179099998,834.3034325999906,x,1,0.870141399995191,None,222,001,2025-10-01_22h11.03.024,Motor_sequence_exp,,2025.1.1,59.919025426301914,2025-10-01 22h11.11.492737 +0530,
-150,z,111,111,24,,,,,z,1,0.9136255999910645,None,,,,,24,111,111,3,834.3205819999857,,,,,,,,,,,,,,,,834.3040438999888,834.3205819999857,835.3046644999995,835.3046644999995,835.3046644999995,835.3046644999995,835.3214507999946,836.3047679999727,836.3047679999727,837.2206217999919,z,1,0.9136255999910645,None,222,001,2025-10-01_22h11.03.024,Motor_sequence_exp,,2025.1.1,59.919025426301914,2025-10-01 22h11.11.492737 +0530,
150,v,112,112,29,,,,,v,1,1.0533478999859653,None,,,,,29,112,112,1,837.2370336999884,,,,,,,,,,,,,,,,837.2213199999824,837.2370336999884,838.221081799973,838.221081799973,838.221081799973,838.221081799973,838.2362725999847,839.2210366999789,839.2210366999789,840.287763100001,v,1,1.0533478999859653,None,222,001,2025-10-01_22h11.03.024,Motor_sequence_exp,,2025.1.1,59.919025426301914,2025-10-01 22h11.11.492737 +0530,
150,v,113,113,30,,,,,v,1,1.4312129000027198,None,,,,,30,113,113,1,840.3043263999862,,,,,,,,,,,,,,,,840.2885829999868,840.3043263999862,841.2880127999815,841.2880127999815,841.2880127999815,841.2880127999815,841.3046561999945,842.2877879999869,842.2877879999869,843.720980699989,v,1,1.4312129000027198,None,222,001,2025-10-01_22h11.03.024,Motor_sequence_exp,,2025.1.1,59.919025426301914,2025-10-01 22h11.11.492737 +0530,
-150,z,114,114,25,,,,,z,1,1.6260415999859106,None,,,,,25,114,114,3,843.737023099995,,,,,,,,,,,,,,,,843.7215997999883,843.737023099995,844.7208228999807,844.7208228999807,844.7208228999807,844.7208228999807,844.7383322999813,845.719990499987,845.719990499987,847.3556788999995,z,1,1.6260415999859106,None,222,001,2025-10-01_22h11.03.024,Motor_sequence_exp,,2025.1.1,59.919025426301914,2025-10-01 22h11.11.492737 +0530,
-50,x,115,115,26,,,,,x,1,1.8080542999960016,None,,,,,26,115,115,0,847.3695777999819,,,,,,,,,,,,,,,,847.356350099988,847.3695777999819,848.371532899997,848.371532899997,848.371532899997,848.371532899997,848.371532899997,849.3551231999882,849.3551231999882,851.1723162999842,x,1,1.8080542999960016,None,222,001,2025-10-01_22h11.03.024,Motor_sequence_exp,,2025.1.1,59.919025426301914,2025-10-01 22h11.11.492737 +0530,
-50,x,116,116,27,,,,,x,1,1.059376199991675,None,,,,,27,116,116,0,851.1870482999948,,,,,,,,,,,,,,,,851.1731010999938,851.1870482999948,852.1880867999862,852.1880867999862,852.1880867999862,852.1880867999862,852.1880867999862,853.1704703999858,853.1704703999858,854.2376163000008,x,1,1.059376199991675,None,222,001,2025-10-01_22h11.03.024,Motor_sequence_exp,,2025.1.1,59.919025426301914,2025-10-01 22h11.11.492737 +0530,
-50,x,117,117,28,,,,,x,1,1.1713149000133853,None,,,,,28,117,117,0,854.2547782999754,,,,,,,,,,,,,,,,854.2382276999997,854.2547782999754,855.2548838999937,855.2548838999937,855.2548838999937,855.2548838999937,855.2548838999937,856.2379866999981,856.2379866999981,857.4221229999966,x,1,1.1713149000133853,None,222,001,2025-10-01_22h11.03.024,Motor_sequence_exp,,2025.1.1,59.919025426301914,2025-10-01 22h11.11.492737 +0530,
50,c,118,118,32,,,,,c,1,1.5158957999956328,None,,,,,32,118,118,2,857.437157599983,,,,,,,,,,,,,,,,857.4230241999903,857.437157599983,858.4213238999946,858.4213238999946,858.4213238999946,858.4213238999946,858.4383892999904,859.4215819999808,859.4215819999808,860.9558465000009,c,1,1.5158957999956328,None,222,001,2025-10-01_22h11.03.024,Motor_sequence_exp,,2025.1.1,59.919025426301914,2025-10-01 22h11.11.492737 +0530,
150,v,119,119,31,,,,,v,1,1.1665796999877784,None,,,,,31,119,119,1,860.9713258999982,,,,,,,,,,,,,,,,860.956504199974,860.9713258999982,861.9551596999809,861.9551596999809,861.9551596999809,861.9551596999809,861.971712300001,862.9549188999808,862.9549188999808,864.1375410999754,v,1,1.1665796999877784,None,222,001,2025-10-01_22h11.03.024,Motor_sequence_exp,,2025.1.1,59.919025426301914,2025-10-01 22h11.11.492737 +0530,
150,v,120,120,32,,,,,v,1,1.0740888000000268,None,,,,,32,120,120,1,864.1550117000006,,,,,,,,,,,,,,,,864.1381440999976,864.1550117000006,865.1547810999909,865.1547810999909,865.1547810999909,865.1547810999909,865.1547810999909,866.1387895999942,866.1387895999942,867.2220494999783,v,1,1.0740888000000268,None,222,001,2025-10-01_22h11.03.024,Motor_sequence_exp,,2025.1.1,59.919025426301914,2025-10-01 22h11.11.492737 +0530,
50,c,121,121,33,,,,,c,1,0.9575087999983225,None,,,,,33,121,121,2,867.2379785999947,,,,,,,,,,,,,,,,867.222655599995,867.2379785999947,868.2217703999777,868.2217703999777,868.2217703999777,868.2217703999777,868.2382890999725,869.2219639999967,869.2219639999967,870.1888496999745,c,1,0.9575087999983225,None,222,001,2025-10-01_22h11.03.024,Motor_sequence_exp,,2025.1.1,59.919025426301914,2025-10-01 22h11.11.492737 +0530,
-50,x,122,122,29,,,,,x,1,0.7967099999950733,None,,,,,29,122,122,0,870.2038372999814,,,,,,,,,,,,,,,,870.1895616999827,870.2038372999814,871.186694199976,871.186694199976,871.186694199976,871.186694199976,871.2048942999972,872.1885512999725,872.1885512999725,872.9887088999967,x,1,0.7967099999950733,None,222,001,2025-10-01_22h11.03.024,Motor_sequence_exp,,2025.1.1,59.919025426301914,2025-10-01 22h11.11.492737 +0530,
150,v,123,123,33,,,,,v,1,1.055838100000983,None,,,,,33,123,123,1,873.0034141999786,,,,,,,,,,,,,,,,872.9894705999759,873.0034141999786,873.9881931999989,873.9881931999989,873.9881931999989,873.9881931999989,874.0047911999864,874.9885894999898,874.9885894999898,876.0542743999977,v,1,1.055838100000983,None,222,001,2025-10-01_22h11.03.024,Motor_sequence_exp,,2025.1.1,59.919025426301914,2025-10-01 22h11.11.492737 +0530,
-150,z,124,124,26,,,,,z,1,0.8291304000013042,None,,,,,26,124,124,3,876.070876999991,,,,,,,,,,,,,,,,876.0548791999754,876.070876999991,877.0552329999919,877.0552329999919,877.0552329999919,877.0552329999919,877.0719360999938,878.054953599989,878.054953599989,878.8888597999758,z,1,0.8291304000013042,None,222,001,2025-10-01_22h11.03.024,Motor_sequence_exp,,2025.1.1,59.919025426301914,2025-10-01 22h11.11.492737 +0530,
50,c,125,125,34,,,,,c,1,0.9363565999956336,None,,,,,34,125,125,2,878.9034614999837,,,,,,,,,,,,,,,,878.8895269999921,878.9034614999837,879.8881687999819,879.8881687999819,879.8881687999819,879.8881687999819,879.90483699998,880.8885159999772,880.8885159999772,881.8383897999884,c,1,0.9363565999956336,None,222,001,2025-10-01_22h11.03.024,Motor_sequence_exp,,2025.1.1,59.919025426301914,2025-10-01 22h11.11.492737 +0530,
-150,z,126,126,27,,,,,z,1,0.7485503000207245,None,,,,,27,126,126,3,881.854677299998,,,,,,,,,,,,,,,,881.8389921999769,881.854677299998,882.8385147999797,882.8385147999797,882.8385147999797,882.8385147999797,882.8555828999961,883.838663499977,883.838663499977,884.5885947999777,z,1,0.7485503000207245,None,222,001,2025-10-01_22h11.03.024,Motor_sequence_exp,,2025.1.1,59.919025426301914,2025-10-01 22h11.11.492737 +0530,
150,v,127,127,34,,,,,v,1,0.9742477999825496,None,,,,,34,127,127,1,884.604320399987,,,,,,,,,,,,,,,,884.5892577999912,884.604320399987,885.5886882999912,885.5886882999912,885.5886882999912,885.5886882999912,885.6055844999792,886.588757599995,886.588757599995,887.5727376999857,v,1,0.9742477999825496,None,222,001,2025-10-01_22h11.03.024,Motor_sequence_exp,,2025.1.1,59.919025426301914,2025-10-01 22h11.11.492737 +0530,
-150,z,128,128,28,,,,,z,1,0.7149885999970138,None,,,,,28,128,128,3,887.5875936999801,,,,,,,,,,,,,,,,887.5736435999861,887.5875936999801,888.5883922999783,888.5883922999783,888.5883922999783,888.5883922999783,888.5883922999783,889.5884952999768,889.5884952999768,890.3053026999987,z,1,0.7149885999970138,None,222,001,2025-10-01_22h11.03.024,Motor_sequence_exp,,2025.1.1,59.919025426301914,2025-10-01 22h11.11.492737 +0530,
-50,x,129,129,30,,,,,x,1,0.6504342000116594,None,,,,,30,129,129,0,890.3204227999959,,,,,,,,,,,,,,,,890.3059372999996,890.3204227999959,891.3052985999966,891.3052985999966,891.3052985999966,891.3052985999966,891.321732499986,892.3054979000008,892.3054979000008,892.9717110999918,x,1,0.6504342000116594,None,222,001,2025-10-01_22h11.03.024,Motor_sequence_exp,,2025.1.1,59.919025426301914,2025-10-01 22h11.11.492737 +0530,
-50,x,130,130,31,,,,,x,1,0.7394250999786891,None,,,,,31,130,130,0,892.9885523999983,,,,,,,,,,,,,,,,892.9723086000013,892.9885523999983,893.9708963999874,893.9708963999874,893.9708963999874,893.9708963999874,893.9887814999965,894.9718734999769,894.9718734999769,895.7221485999762,x,1,0.7394250999786891,None,222,001,2025-10-01_22h11.03.024,Motor_sequence_exp,,2025.1.1,59.919025426301914,2025-10-01 22h11.11.492737 +0530,
-150,z,131,131,29,,,,,z,1,0.7085742999915965,None,,,,,29,131,131,3,895.7370587999758,,,,,,,,,,,,,,,,895.7227553999983,895.7370587999758,896.722134599986,896.722134599986,896.722134599986,896.722134599986,896.738736499974,897.7220397999918,897.7220397999918,898.4393455999962,z,1,0.7085742999915965,None,222,001,2025-10-01_22h11.03.024,Motor_sequence_exp,,2025.1.1,59.919025426301914,2025-10-01 22h11.11.492737 +0530,
-150,z,132,132,30,,,,,z,1,0.7266053000057582,None,,,,,30,132,132,3,898.4545073999907,,,,,,,,,,,,,,,,898.440372299985,898.4545073999907,899.4388678999967,899.4388678999967,899.4388678999967,899.4388678999967,899.4557257999841,900.439095299982,900.439095299982,901.1726122999971,z,1,0.7266053000057582,None,222,001,2025-10-01_22h11.03.024,Motor_sequence_exp,,2025.1.1,59.919025426301914,2025-10-01 22h11.11.492737 +0530,
-150,z,133,133,31,,,,,z,1,0.7393747000023723,None,,,,,31,133,133,3,901.1881276999775,,,,,,,,,,,,,,,,901.1732699999993,901.1881276999775,902.1725105999794,902.1725105999794,902.1725105999794,902.1725105999794,902.1886524999863,903.1725346999883,903.1725346999883,903.9226965999987,z,1,0.7393747000023723,None,222,001,2025-10-01_22h11.03.024,Motor_sequence_exp,,2025.1.1,59.919025426301914,2025-10-01 22h11.11.492737 +0530,
-150,z,134,134,32,,,,,z,1,0.568495100014843,None,,,,,32,134,134,3,903.9380434999766,,,,,,,,,,,,,,,,903.9236784999957,903.9380434999766,904.9223430999846,904.9223430999846,904.9223430999846,904.9223430999846,904.9392918999947,905.9224606999778,905.9224606999778,906.5050824999926,z,1,0.568495100014843,None,222,001,2025-10-01_22h11.03.024,Motor_sequence_exp,,2025.1.1,59.919025426301914,2025-10-01 22h11.11.492737 +0530,
-150,z,135,135,33,,,,,z,1,0.3995719999948051,None,,,,,33,135,135,3,906.5213118999964,,,,,,,,,,,,,,,,906.5057066999725,906.5213118999964,907.5211465999892,907.5211465999892,907.5211465999892,907.5211465999892,907.5211465999892,908.5061018999841,908.5061018999841,908.9233371999871,z,1,0.3995719999948051,None,222,001,2025-10-01_22h11.03.024,Motor_sequence_exp,,2025.1.1,59.919025426301914,2025-10-01 22h11.11.492737 +0530,
-50,x,136,136,32,,,,,x,1,1.0946219000034034,None,,,,,32,136,136,0,908.9379344999907,,,,,,,,,,,,,,,,908.9242706999939,908.9379344999907,909.9376459999767,909.9376459999767,909.9376459999767,909.9376459999767,909.9376459999767,910.9379791999818,910.9379791999818,912.0390490999853,x,1,1.0946219000034034,None,222,001,2025-10-01_22h11.03.024,Motor_sequence_exp,,2025.1.1,59.919025426301914,2025-10-01 22h11.11.492737 +0530,
50,c,137,137,35,,,,,c,1,0.8272178000188433,None,,,,,35,137,137,2,912.0547000999795,,,,,,,,,,,,,,,,912.0397412999882,912.0547000999795,913.0388570999785,913.0388570999785,913.0388570999785,913.0388570999785,913.0555172999739,914.0388968999905,914.0388968999905,914.8717708999757,c,1,0.8272178000188433,None,222,001,2025-10-01_22h11.03.024,Motor_sequence_exp,,2025.1.1,59.919025426301914,2025-10-01 22h11.11.492737 +0530,
50,c,138,138,36,,,,,c,1,1.0581970000057481,None,,,,,36,138,138,2,914.8881159999873,,,,,,,,,,,,,,,,914.872367599979,914.8881159999873,915.8717737999978,915.8717737999978,915.8717737999978,915.8717737999978,915.888945499988,916.8725029999914,916.8725029999914,917.9371091999928,c,1,1.0581970000057481,None,222,001,2025-10-01_22h11.03.024,Motor_sequence_exp,,2025.1.1,59.919025426301914,2025-10-01 22h11.11.492737 +0530,
-50,x,139,139,33,,,,,x,1,0.7776512000127696,None,,,,,33,139,139,0,917.9556021999742,,,,,,,,,,,,,,,,917.9380472999765,917.9556021999742,918.9393548999797,918.9393548999797,918.9393548999797,918.9393548999797,918.9559405999898,919.9389267999795,919.9389267999795,920.7220277999877,x,1,0.7776512000127696,None,222,001,2025-10-01_22h11.03.024,Motor_sequence_exp,,2025.1.1,59.919025426301914,2025-10-01 22h11.11.492737 +0530,
-150,z,140,140,34,,,,,z,1,1.1471377999987453,None,,,,,34,140,140,3,920.7384378999996,,,,,,,,,,,,,,,,920.7226279999886,920.7384378999996,921.7216615999932,921.7216615999932,921.7216615999932,921.7216615999932,921.7388037999917,922.722480299999,922.722480299999,923.873231799982,z,1,1.1471377999987453,None,222,001,2025-10-01_22h11.03.024,Motor_sequence_exp,,2025.1.1,59.919025426301914,2025-10-01 22h11.11.492737 +0530,
-50,x,141,141,34,,,,,x,1,1.0512223000114318,None,,,,,34,141,141,0,923.8881793999753,,,,,,,,,,,,,,,,923.8739095999917,923.8881793999753,924.8727321999904,924.8727321999904,924.8727321999904,924.8727321999904,924.8886181999987,925.8710622999934,925.8710622999934,926.9395878999785,x,1,1.0512223000114318,None,222,001,2025-10-01_22h11.03.024,Motor_sequence_exp,,2025.1.1,59.919025426301914,2025-10-01 22h11.11.492737 +0530,
-150,z,142,142,35,,,,,z,1,0.8190299000125378,None,,,,,35,142,142,3,926.9557512999745,,,,,,,,,,,,,,,,926.9402078999847,926.9557512999745,927.9393248999841,927.9393248999841,927.9393248999841,927.9393248999841,927.9558121999726,928.9556456999853,928.9556456999853,929.7884537999926,z,1,0.8190299000125378,None,222,001,2025-10-01_22h11.03.024,Motor_sequence_exp,,2025.1.1,59.919025426301914,2025-10-01 22h11.11.492737 +0530,
150,v,143,143,35,,,,,v,1,1.2728591999912169,None,,,,,35,143,143,1,929.8060751000012,,,,,,,,,,,,,,,,929.7891719999898,929.8060751000012,930.7894013999903,930.7894013999903,930.7894013999903,930.7894013999903,930.8062658999988,931.7886625999818,931.7886625999818,933.0733230999904,v,1,1.2728591999912169,None,222,001,2025-10-01_22h11.03.024,Motor_sequence_exp,,2025.1.1,59.919025426301914,2025-10-01 22h11.11.492737 +0530,
50,c,144,144,37,,,,,c,1,1.10238890000619,None,,,,,37,144,144,2,933.0883476999879,,,,,,,,,,,,,,,,933.0742066999956,933.0883476999879,934.0728153999953,934.0728153999953,934.0728153999953,934.0728153999953,934.0895540999772,935.0717441999877,935.0717441999877,936.190185799991,c,1,1.10238890000619,None,222,001,2025-10-01_22h11.03.024,Motor_sequence_exp,,2025.1.1,59.919025426301914,2025-10-01 22h11.11.492737 +0530,
-150,z,145,145,36,,,,,z,1,0.8219487000023946,None,,,,,36,145,145,3,936.2059527999954,,,,,,,,,,,,,,,,936.1911263999937,936.2059527999954,937.2056135999737,937.2056135999737,937.2056135999737,937.2056135999737,937.2056135999737,938.2062549999973,938.2062549999973,939.0394058999955,z,1,0.8219487000023946,None,222,001,2025-10-01_22h11.03.024,Motor_sequence_exp,,2025.1.1,59.919025426301914,2025-10-01 22h11.11.492737 +0530,
50,c,146,146,38,,,,,c,1,0.8140819999971427,None,,,,,38,146,146,2,939.0562650999927,,,,,,,,,,,,,,,,939.0401929999935,939.0562650999927,940.0385236000002,940.0385236000002,940.0385236000002,940.0385236000002,940.0728476999793,941.0381641999993,941.0381641999993,941.8557052999968,c,1,0.8140819999971427,None,222,001,2025-10-01_22h11.03.024,Motor_sequence_exp,,2025.1.1,59.919025426301914,2025-10-01 22h11.11.492737 +0530,
50,c,147,147,39,,,,,c,1,0.8929454000026453,None,,,,,39,147,147,2,941.8719914999965,,,,,,,,,,,,,,,,941.8563706999994,941.8719914999965,942.8564587000001,942.8564587000001,942.8564587000001,942.8564587000001,942.8730555999791,943.8563051999954,943.8563051999954,944.7572550999757,c,1,0.8929454000026453,None,222,001,2025-10-01_22h11.03.024,Motor_sequence_exp,,2025.1.1,59.919025426301914,2025-10-01 22h11.11.492737 +0530,
150,v,148,148,36,,,,,v,1,0.7847941000072751,None,,,,,36,148,148,1,944.7714721999946,,,,,,,,,,,,,,,,944.758065699978,944.7714721999946,945.7729224999784,945.7729224999784,945.7729224999784,945.7729224999784,945.7729224999784,946.7725528999872,946.7725528999872,947.5729917999997,v,1,0.7847941000072751,None,222,001,2025-10-01_22h11.03.024,Motor_sequence_exp,,2025.1.1,59.919025426301914,2025-10-01 22h11.11.492737 +0530,
50,c,149,149,40,,,,,c,1,0.9299873000127263,None,,,,,40,149,149,2,947.5890575999802,,,,,,,,,,,,,,,,947.5736167999858,947.5890575999802,948.5893923999975,948.5893923999975,948.5893923999975,948.5893923999975,948.5893923999975,949.5723526999936,949.5723526999936,950.5057649999799,c,1,0.9299873000127263,None,222,001,2025-10-01_22h11.03.024,Motor_sequence_exp,,2025.1.1,59.919025426301914,2025-10-01 22h11.11.492737 +0530,
-50,x,150,150,35,,,,,x,1,0.7575569000036921,None,,,,,35,150,150,0,950.5212643999839,,,,,,,,,,,,,,,,950.5064481999725,950.5212643999839,951.5058843999868,951.5058843999868,951.5058843999868,951.5058843999868,951.5229822999972,952.5064216999745,952.5064216999745,953.274080299976,x,1,0.7575569000036921,None,222,001,2025-10-01_22h11.03.024,Motor_sequence_exp,,2025.1.1,59.919025426301914,2025-10-01 22h11.11.492737 +0530,
-50,x,151,151,36,,,,,x,1,0.8677480000187643,None,,,,,36,151,151,0,953.2883234999899,,,,,,,,,,,,,,,,953.274762999994,953.2883234999899,954.2895184999797,954.2895184999797,954.2895184999797,954.2895184999797,954.2895184999797,955.2899226000009,955.2899226000009,956.1737095999997,x,1,0.8677480000187643,None,222,001,2025-10-01_22h11.03.024,Motor_sequence_exp,,2025.1.1,59.919025426301914,2025-10-01 22h11.11.492737 +0530,
150,v,152,152,37,,,,,v,1,1.0375245999894105,None,,,,,37,152,152,1,956.1904147999885,,,,,,,,,,,,,,,,956.174732399988,956.1904147999885,957.1729280999862,957.1729280999862,957.1729280999862,957.1729280999862,957.1883422999817,958.1730253999995,958.1730253999995,959.2226441999956,v,1,1.0375245999894105,None,222,001,2025-10-01_22h11.03.024,Motor_sequence_exp,,2025.1.1,59.919025426301914,2025-10-01 22h11.11.492737 +0530,
150,v,153,153,38,,,,,v,1,0.7698321000207216,None,,,,,38,153,153,1,959.2390238999797,,,,,,,,,,,,,,,,959.2232641999726,959.2390238999797,960.2232432999881,960.2232432999881,960.2232432999881,960.2232432999881,960.2403420999763,961.223324599996,961.223324599996,962.0063419999788,v,1,0.7698321000207216,None,222,001,2025-10-01_22h11.03.024,Motor_sequence_exp,,2025.1.1,59.919025426301914,2025-10-01 22h11.11.492737 +0530,
150,v,154,154,39,,,,,v,1,1.4067248000064865,None,,,,,39,154,154,1,962.0228344999778,,,,,,,,,,,,,,,,962.0070673999726,962.0228344999778,963.0068847999792,963.0068847999792,963.0068847999792,963.0068847999792,963.0231836999883,964.0066444999829,964.0066444999829,965.4227280999767,v,1,1.4067248000064865,None,222,001,2025-10-01_22h11.03.024,Motor_sequence_exp,,2025.1.1,59.919025426301914,2025-10-01 22h11.11.492737 +0530,
-150,z,155,155,37,,,,,z,1,1.4850803000153974,None,,,,,37,155,155,3,965.4395022999961,,,,,,,,,,,,,,,,965.4234116999723,965.4395022999961,966.4229733999819,966.4229733999819,966.4229733999819,966.4229733999819,966.4398837999906,967.4232623999997,967.4232623999997,968.9232734999969,z,1,1.4850803000153974,None,222,001,2025-10-01_22h11.03.024,Motor_sequence_exp,,2025.1.1,59.919025426301914,2025-10-01 22h11.11.492737 +0530,
-150,z,156,156,38,,,,,z,1,1.2079839000070933,None,,,,,38,156,156,3,968.9388003999775,,,,,,,,,,,,,,,,968.9241357999854,968.9388003999775,969.9233436999784,969.9233436999784,969.9233436999784,969.9233436999784,969.9400856999855,970.9233007000003,970.9233007000003,972.1398554999905,z,1,1.2079839000070933,None,222,001,2025-10-01_22h11.03.024,Motor_sequence_exp,,2025.1.1,59.919025426301914,2025-10-01 22h11.11.492737 +0530,
-150,z,157,157,39,,,,,z,1,0.910812000016449,None,,,,,39,157,157,3,972.1555980999838,,,,,,,,,,,,,,,,972.1405334999727,972.1555980999838,973.14003889999,973.14003889999,973.14003889999,973.14003889999,973.1568244999798,974.139955199993,974.139955199993,975.0563571999955,z,1,0.910812000016449,None,222,001,2025-10-01_22h11.03.024,Motor_sequence_exp,,2025.1.1,59.919025426301914,2025-10-01 22h11.11.492737 +0530,
150,v,158,158,40,,,,,v,1,1.0758315999992192,None,,,,,40,158,158,1,975.0724587999866,,,,,,,,,,,,,,,,975.0569547999767,975.0724587999866,976.0565205999883,976.0565205999883,976.0565205999883,976.0565205999883,976.0735236999753,977.0563806999999,977.0563806999999,978.1406598999747,v,1,1.0758315999992192,None,222,001,2025-10-01_22h11.03.024,Motor_sequence_exp,,2025.1.1,59.919025426301914,2025-10-01 22h11.11.492737 +0530,
50,c,159,159,41,,,,,c,1,1.262928899988765,None,,,,,41,159,159,2,978.1557509999839,,,,,,,,,,,,,,,,978.1413290999772,978.1557509999839,979.140238299995,979.140238299995,979.140238299995,979.140238299995,979.1557418000011,980.1405483999988,980.1405483999988,981.4069799999997,c,1,1.262928899988765,None,222,001,2025-10-01_22h11.03.024,Motor_sequence_exp,,2025.1.1,59.919025426301914,2025-10-01 22h11.11.492737 +0530,
150,v,160,160,41,,,,,v,1,0.843608100025449,None,,,,,41,160,160,1,981.4228948999953,,,,,,,,,,,,,,,,981.4077370000014,981.4228948999953,982.4066746999742,982.4066746999742,982.4066746999742,982.4066746999742,982.4233881999971,983.4068554999831,983.4068554999831,984.2577276999946,v,1,0.843608100025449,None,222,001,2025-10-01_22h11.03.024,Motor_sequence_exp,,2025.1.1,59.919025426301914,2025-10-01 22h11.11.492737 +0530,
150,v,161,161,42,,,,,v,1,0.884224000008544,None,,,,,42,161,161,1,984.2724404999753,,,,,,,,,,,,,,,,984.2584115999925,984.2724404999753,985.2734112999751,985.2734112999751,985.2734112999751,985.2734112999751,985.2734112999751,986.2567355999781,986.2567355999781,987.1574209999817,v,1,0.884224000008544,None,222,001,2025-10-01_22h11.03.024,Motor_sequence_exp,,2025.1.1,59.919025426301914,2025-10-01 22h11.11.492737 +0530,
-150,z,162,162,40,,,,,z,1,0.8050393000012264,None,,,,,40,162,162,3,987.1718655999866,,,,,,,,,,,,,,,,987.1584745,987.1718655999866,988.156594799977,988.156594799977,988.156594799977,988.156594799977,988.1737291999743,989.1553396999952,989.1553396999952,989.9739533999818,z,1,0.8050393000012264,None,222,001,2025-10-01_22h11.03.024,Motor_sequence_exp,,2025.1.1,59.919025426301914,2025-10-01 22h11.11.492737 +0530,
150,v,163,163,43,,,,,v,1,1.031366799987154,None,,,,,43,163,163,1,989.9898257999739,,,,,,,,,,,,,,,,989.9746677999792,989.9898257999739,990.9731486999954,990.9731486999954,990.9731486999954,990.9731486999954,990.9885557999951,991.9724521999888,991.9724521999888,993.0071253999777,v,1,1.031366799987154,None,222,001,2025-10-01_22h11.03.024,Motor_sequence_exp,,2025.1.1,59.919025426301914,2025-10-01 22h11.11.492737 +0530,
-50,x,164,164,37,,,,,x,1,1.0655949999927543,None,,,,,37,164,164,0,993.0218681999831,,,,,,,,,,,,,,,,993.007776399987,993.0218681999831,994.0069981999986,994.0069981999986,994.0069981999986,994.0069981999986,994.0239282999828,995.0067411999917,995.0067411999917,996.0739243999997,x,1,1.0655949999927543,None,222,001,2025-10-01_22h11.03.024,Motor_sequence_exp,,2025.1.1,59.919025426301914,2025-10-01 22h11.11.492737 +0530,
-150,z,165,165,41,,,,,z,1,1.2005924999830313,None,,,,,41,165,165,3,996.0885073999816,,,,,,,,,,,,,,,,996.0745366999763,996.0885073999816,997.0737411999726,997.0737411999726,997.0737411999726,997.0737411999726,997.0904383999878,998.073876999988,998.073876999988,999.2899472999852,z,1,1.2005924999830313,None,222,001,2025-10-01_22h11.03.024,Motor_sequence_exp,,2025.1.1,59.919025426301914,2025-10-01 22h11.11.492737 +0530,
-150,z,166,166,42,,,,,z,1,1.157750299986219,None,,,,,42,166,166,3,999.3062746999785,,,,,,,,,,,,,,,,999.29054669998,999.3062746999785,1000.2898293999897,1000.2898293999897,1000.2898293999897,1000.2898293999897,1000.3065326999931,1001.2895945999771,1001.2895945999771,1002.4571390999772,z,1,1.157750299986219,None,222,001,2025-10-01_22h11.03.024,Motor_sequence_exp,,2025.1.1,59.919025426301914,2025-10-01 22h11.11.492737 +0530,
-50,x,167,167,38,,,,,x,1,2.2085973999928683,None,,,,,38,167,167,0,1002.473214699974,,,,,,,,,,,,,,,,1002.4578243999858,1002.473214699974,1003.4566254999954,1003.4566254999954,1003.4566254999954,1003.4566254999954,1003.4742531999946,1004.4572151999746,1004.4572151999746,1006.673132899974,x,1,2.2085973999928683,None,222,001,2025-10-01_22h11.03.024,Motor_sequence_exp,,2025.1.1,59.919025426301914,2025-10-01 22h11.11.492737 +0530,
150,v,168,168,44,,,,,v,1,1.4728943000081927,None,,,,,44,168,168,1,1006.6893917999987,,,,,,,,,,,,,,,,1006.6738791999815,1006.6893917999987,1007.6732423999929,1007.6732423999929,1007.6732423999929,1007.6732423999929,1007.69043409999,1008.6736811999872,1008.6736811999872,1010.1571543999889,v,1,1.4728943000081927,None,222,001,2025-10-01_22h11.03.024,Motor_sequence_exp,,2025.1.1,59.919025426301914,2025-10-01 22h11.11.492737 +0530,
-150,z,169,169,43,,,,,z,1,1.5898503999924287,None,,,,,43,169,169,3,1010.1728542999772,,,,,,,,,,,,,,,,1010.1582292999956,1010.1728542999772,1011.1567026999837,1011.1567026999837,1011.1567026999837,1011.1567026999837,1011.1738040999917,1012.1569519999903,1012.1569519999903,1013.7564662999939,z,1,1.5898503999924287,None,222,001,2025-10-01_22h11.03.024,Motor_sequence_exp,,2025.1.1,59.919025426301914,2025-10-01 22h11.11.492737 +0530,
50,c,170,170,42,,,,,c,1,2.11767740000505,None,,,,,42,170,170,2,1013.7729723999801,,,,,,,,,,,,,,,,1013.7570603999775,1013.7729723999801,1014.755900899996,1014.755900899996,1014.755900899996,1014.755900899996,1014.7740451999998,1015.7573290999862,1015.7573290999862,1017.8905137999973,c,1,2.11767740000505,None,222,001,2025-10-01_22h11.03.024,Motor_sequence_exp,,2025.1.1,59.919025426301914,2025-10-01 22h11.11.492737 +0530,
-150,z,171,171,44,,,,,z,1,1.6068094999936875,None,,,,,44,171,171,3,1017.9063447999943,,,,,,,,,,,,,,,,1017.8911974999937,1017.9063447999943,1018.8907313999953,1018.8907313999953,1018.8907313999953,1018.8907313999953,1018.9059620999906,1019.8910325999896,1019.8910325999896,1021.507208199997,z,1,1.6068094999936875,None,222,001,2025-10-01_22h11.03.024,Motor_sequence_exp,,2025.1.1,59.919025426301914,2025-10-01 22h11.11.492737 +0530,
150,v,172,172,45,,,,,v,1,1.5345007999858353,None,,,,,45,172,172,1,1021.5238432999759,,,,,,,,,,,,,,,,1021.5078192999936,1021.5238432999759,1022.5075632999942,1022.5075632999942,1022.5075632999942,1022.5075632999942,1022.523867299984,1023.5072535999934,1023.5072535999934,1025.0573578999902,v,1,1.5345007999858353,None,222,001,2025-10-01_22h11.03.024,Motor_sequence_exp,,2025.1.1,59.919025426301914,2025-10-01 22h11.11.492737 +0530,
50,c,173,173,43,,,,,c,1,1.5090599000104703,None,,,,,43,173,173,2,1025.073951599974,,,,,,,,,,,,,,,,1025.057959799975,1025.073951599974,1026.0575930999767,1026.0575930999767,1026.0575930999767,1026.0575930999767,1026.0744490999787,1027.0566353999893,1027.0566353999893,1028.5751117999898,c,1,1.5090599000104703,None,222,001,2025-10-01_22h11.03.024,Motor_sequence_exp,,2025.1.1,59.919025426301914,2025-10-01 22h11.11.492737 +0530,
-150,z,174,174,45,,,,,z,1,1.9044946000212803,None,,,,,45,174,174,3,1028.5892896000005,,,,,,,,,,,,,,,,1028.5759765999974,1028.5892896000005,1029.591463299992,1029.591463299992,1029.591463299992,1029.591463299992,1029.591463299992,1030.5743149999762,1030.5743149999762,1032.4908700999804,z,1,1.9044946000212803,None,222,001,2025-10-01_22h11.03.024,Motor_sequence_exp,,2025.1.1,59.919025426301914,2025-10-01 22h11.11.492737 +0530,
-50,x,175,175,39,,,,,x,1,1.2972273999766912,None,,,,,39,175,175,0,1032.5074578999775,,,,,,,,,,,,,,,,1032.4916489999741,1032.5074578999775,1033.4911472999956,1033.4911472999956,1033.4911472999956,1033.4911472999956,1033.5076520000002,1034.4907325999811,1034.4907325999811,1035.7902869999816,x,1,1.2972273999766912,None,222,001,2025-10-01_22h11.03.024,Motor_sequence_exp,,2025.1.1,59.919025426301914,2025-10-01 22h11.11.492737 +0530,
50,c,176,176,44,,,,,c,1,1.6167655999888666,None,,,,,44,176,176,2,1035.806669499987,,,,,,,,,,,,,,,,1035.7909514999774,1035.806669499987,1036.7911706999876,1036.7911706999876,1036.7911706999876,1036.7911706999876,1036.8066069999768,1037.7911573999736,1037.7911573999736,1039.4246409999905,c,1,1.6167655999888666,None,222,001,2025-10-01_22h11.03.024,Motor_sequence_exp,,2025.1.1,59.919025426301914,2025-10-01 22h11.11.492737 +0530,
150,v,177,177,46,,,,,v,1,1.7411558000021614,None,,,,,46,177,177,1,1039.4403089999978,,,,,,,,,,,,,,,,1039.4253808999783,1039.4403089999978,1040.4244083999947,1040.4244083999947,1040.4244083999947,1040.4244083999947,1040.44127749998,1041.4243803999852,1041.4243803999852,1043.1742245999922,v,1,1.7411558000021614,None,222,001,2025-10-01_22h11.03.024,Motor_sequence_exp,,2025.1.1,59.919025426301914,2025-10-01 22h11.11.492737 +0530,
150,v,178,178,47,,,,,v,1,1.200163600005908,None,,,,,47,178,178,1,1043.190684399975,,,,,,,,,,,,,,,,1043.1748383999802,1043.190684399975,1044.189999299997,1044.189999299997,1044.189999299997,1044.189999299997,1044.189999299997,1045.1728826999897,1045.1728826999897,1046.3902910999896,v,1,1.200163600005908,None,222,001,2025-10-01_22h11.03.024,Motor_sequence_exp,,2025.1.1,59.919025426301914,2025-10-01 22h11.11.492737 +0530,
-50,x,179,179,40,,,,,x,1,1.664124200004153,None,,,,,40,179,179,0,1046.4070582999848,,,,,,,,,,,,,,,,1046.39116259999,1046.4070582999848,1047.3911370999995,1047.3911370999995,1047.3911370999995,1047.3911370999995,1047.4079636999813,1048.3913231999904,1048.3913231999904,1050.0579935999995,x,1,1.664124200004153,None,222,001,2025-10-01_22h11.03.024,Motor_sequence_exp,,2025.1.1,59.919025426301914,2025-10-01 22h11.11.492737 +0530,
-50,x,180,180,41,,,,,x,1,0.9473642999946605,None,,,,,41,180,180,0,1050.0728019999806,,,,,,,,,,,,,,,,1050.058773799974,1050.0728019999806,1051.0577784999914,1051.0577784999914,1051.0577784999914,1051.0577784999914,1051.074551699974,1052.0580688999908,1052.0580688999908,1053.007678599999,x,1,0.9473642999946605,None,222,001,2025-10-01_22h11.03.024,Motor_sequence_exp,,2025.1.1,59.919025426301914,2025-10-01 22h11.11.492737 +0530,
-50,x,181,181,42,,,,,x,1,0.9969546999782324,None,,,,,42,181,181,0,1053.0234703999886,,,,,,,,,,,,,,,,1053.0084927999997,1053.0234703999886,1054.0079426000011,1054.0079426000011,1054.0079426000011,1054.0079426000011,1054.0248121999903,1055.0062605999992,1055.0062605999992,1056.0077166999981,x,1,0.9969546999782324,None,222,001,2025-10-01_22h11.03.024,Motor_sequence_exp,,2025.1.1,59.919025426301914,2025-10-01 22h11.11.492737 +0530,
-50,x,182,182,43,,,,,x,1,0.9082679999992251,None,,,,,43,182,182,0,1056.0236503999913,,,,,,,,,,,,,,,,1056.0084633999795,1056.0236503999913,1057.0081068,1057.0081068,1057.0081068,1057.0081068,1057.0239619999775,1058.0066632999806,1058.0066632999806,1058.924109899992,x,1,0.9082679999992251,None,222,001,2025-10-01_22h11.03.024,Motor_sequence_exp,,2025.1.1,59.919025426301914,2025-10-01 22h11.11.492737 +0530,
-50,x,183,183,44,,,,,x,1,1.3166269999928772,None,,,,,44,183,183,0,1058.9403101999778,,,,,,,,,,,,,,,,1058.9247340000002,1058.9403101999778,1059.9245551999775,1059.9245551999775,1059.9245551999775,1059.9245551999775,1059.9415399999998,1060.923745899985,1060.923745899985,1062.241476999974,x,1,1.3166269999928772,None,222,001,2025-10-01_22h11.03.024,Motor_sequence_exp,,2025.1.1,59.919025426301914,2025-10-01 22h11.11.492737 +0530,
50,c,184,184,45,,,,,c,1,1.0265468999859877,None,,,,,45,184,184,2,1062.256966999994,,,,,,,,,,,,,,,,1062.2421288999903,1062.256966999994,1063.2414506999776,1063.2414506999776,1063.2414506999776,1063.2414506999776,1063.256312499987,1064.239792999986,1064.239792999986,1065.2759888999863,c,1,1.0265468999859877,None,222,001,2025-10-01_22h11.03.024,Motor_sequence_exp,,2025.1.1,59.919025426301914,2025-10-01 22h11.11.492737 +0530,
50,c,185,185,46,,,,,c,1,1.0719703000213485,None,,,,,46,185,185,2,1065.2898783999844,,,,,,,,,,,,,,,,1065.2766497999837,1065.2898783999844,1066.291433699982,1066.291433699982,1066.291433699982,1066.291433699982,1066.291433699982,1067.2912222000014,1067.2912222000014,1068.375681399979,c,1,1.0719703000213485,None,222,001,2025-10-01_22h11.03.024,Motor_sequence_exp,,2025.1.1,59.919025426301914,2025-10-01 22h11.11.492737 +0530,
150,v,186,186,48,,,,,v,1,1.2242600000172388,None,,,,,48,186,186,1,1068.3902703999775,,,,,,,,,,,,,,,,1068.3764206999913,1068.3902703999775,1069.3745806999796,1069.3745806999796,1069.3745806999796,1069.3745806999796,1069.3915078999999,1070.3900671999727,1070.3900671999727,1071.625900199986,v,1,1.2242600000172388,None,222,001,2025-10-01_22h11.03.024,Motor_sequence_exp,,2025.1.1,59.919025426301914,2025-10-01 22h11.11.492737 +0530,
-50,x,187,187,45,,,,,x,1,0.8618628999975044,None,,,,,45,187,187,0,1071.6403904999897,,,,,,,,,,,,,,,,1071.6266982999805,1071.6403904999897,1072.6248816999723,1072.6248816999723,1072.6248816999723,1072.6248816999723,1072.6417914999765,1073.6419416999852,1073.6419416999852,1074.5079216999875,x,1,0.8618628999975044,None,222,001,2025-10-01_22h11.03.024,Motor_sequence_exp,,2025.1.1,59.919025426301914,2025-10-01 22h11.11.492737 +0530,
-50,x,188,188,46,,,,,x,1,0.9932774000044446,None,,,,,46,188,188,0,1074.5239902999892,,,,,,,,,,,,,,,,1074.5085931999783,1074.5239902999892,1075.5081343999773,1075.5081343999773,1075.5081343999773,1075.5081343999773,1075.5269404999854,1076.5083762999857,1076.5083762999857,1077.5085805999988,x,1,0.9932774000044446,None,222,001,2025-10-01_22h11.03.024,Motor_sequence_exp,,2025.1.1,59.919025426301914,2025-10-01 22h11.11.492737 +0530,
-150,z,189,189,46,,,,,z,1,0.8029609999794047,None,,,,,46,189,189,3,1077.5237262999872,,,,,,,,,,,,,,,,1077.5092463999754,1077.5237262999872,1078.524948199978,1078.524948199978,1078.524948199978,1078.524948199978,1078.524948199978,1079.5083650999877,1079.5083650999877,1080.3253481999855,z,1,0.8029609999794047,None,222,001,2025-10-01_22h11.03.024,Motor_sequence_exp,,2025.1.1,59.919025426301914,2025-10-01 22h11.11.492737 +0530,
-150,z,190,190,47,,,,,z,1,0.7440928999858443,None,,,,,47,190,190,3,1080.3405535999918,,,,,,,,,,,,,,,,1080.3260204999824,1080.3405535999918,1081.3251926999947,1081.3251926999947,1081.3251926999947,1081.3251926999947,1081.3418146999902,1082.3250568999792,1082.3250568999792,1083.075107599987,z,1,0.7440928999858443,None,222,001,2025-10-01_22h11.03.024,Motor_sequence_exp,,2025.1.1,59.919025426301914,2025-10-01 22h11.11.492737 +0530,
50,c,191,191,47,,,,,c,1,0.9472577999986243,None,,,,,47,191,191,2,1083.090751599986,,,,,,,,,,,,,,,,1083.0757706000004,1083.090751599986,1084.0752088000008,1084.0752088000008,1084.0752088000008,1084.0752088000008,1084.090727599978,1085.0918107999896,1085.0918107999896,1086.0418573999777,c,1,0.9472577999986243,None,222,001,2025-10-01_22h11.03.024,Motor_sequence_exp,,2025.1.1,59.919025426301914,2025-10-01 22h11.11.492737 +0530,
-150,z,192,192,48,,,,,z,1,0.8895204000000376,None,,,,,48,192,192,3,1086.0573978999746,,,,,,,,,,,,,,,,1086.042449999979,1086.0573978999746,1087.0585316999932,1087.0585316999932,1087.0585316999932,1087.0585316999932,1087.0585316999932,1088.0421848999977,1088.0421848999977,1088.9414846999862,z,1,0.8895204000000376,None,222,001,2025-10-01_22h11.03.024,Motor_sequence_exp,,2025.1.1,59.919025426301914,2025-10-01 22h11.11.492737 +0530,
-50,x,193,193,47,,,,,x,1,1.0170201000000816,None,,,,,47,193,193,0,1088.958086300001,,,,,,,,,,,,,,,,1088.9420805999835,1088.958086300001,1089.9413097999932,1089.9413097999932,1089.9413097999932,1089.9413097999932,1089.9584888999816,1090.9416101999814,1090.9416101999814,1091.9596062999917,x,1,1.0170201000000816,None,222,001,2025-10-01_22h11.03.024,Motor_sequence_exp,,2025.1.1,59.919025426301914,2025-10-01 22h11.11.492737 +0530,
50,c,194,194,48,,,,,c,1,0.8953727000043727,None,,,,,48,194,194,2,1091.976234199974,,,,,,,,,,,,,,,,1091.9603237999836,1091.976234199974,1092.9745139000006,1092.9745139000006,1092.9745139000006,1092.9745139000006,1092.9921992999734,1093.9751929999911,1093.9751929999911,1094.8747291999753,c,1,0.8953727000043727,None,222,001,2025-10-01_22h11.03.024,Motor_sequence_exp,,2025.1.1,59.919025426301914,2025-10-01 22h11.11.492737 +0530,
50,c,195,195,49,,,,,c,1,0.9268586999969557,None,,,,,49,195,195,2,1094.8914603999874,,,,,,,,,,,,,,,,1094.8753875999828,1094.8914603999874,1095.8753175999736,1095.8753175999736,1095.8753175999736,1095.8753175999736,1095.892105099978,1096.8753836999822,1096.8753836999822,1097.808881999983,c,1,0.9268586999969557,None,222,001,2025-10-01_22h11.03.024,Motor_sequence_exp,,2025.1.1,59.919025426301914,2025-10-01 22h11.11.492737 +0530,
-50,x,196,196,48,,,,,x,1,1.1208415000000969,None,,,,,48,196,196,0,1097.8235887999763,,,,,,,,,,,,,,,,1097.8095689999755,1097.8235887999763,1098.8081615999981,1098.8081615999981,1098.8081615999981,1098.8081615999981,1098.8254151,1099.8083382999757,1099.8083382999757,1100.9417710999842,x,1,1.1208415000000969,None,222,001,2025-10-01_22h11.03.024,Motor_sequence_exp,,2025.1.1,59.919025426301914,2025-10-01 22h11.11.492737 +0530,
-150,z,197,197,49,,,,,z,1,0.9093125000072177,None,,,,,49,197,197,3,1100.9576279999746,,,,,,,,,,,,,,,,1100.9423733000003,1100.9576279999746,1101.940666199982,1101.940666199982,1101.940666199982,1101.940666199982,1101.9588852999732,1102.9409269999887,1102.9409269999887,1103.8598220999993,z,1,0.9093125000072177,None,222,001,2025-10-01_22h11.03.024,Motor_sequence_exp,,2025.1.1,59.919025426301914,2025-10-01 22h11.11.492737 +0530,
-50,x,198,198,49,,,,,x,1,1.0340840000135358,None,,,,,49,198,198,0,1103.8735922999913,,,,,,,,,,,,,,,,1103.8607810999965,1103.8735922999913,1104.8755787999835,1104.8755787999835,1104.8755787999835,1104.8755787999835,1104.8755787999835,1105.8746819999942,1105.8746819999942,1106.925386899995,x,1,1.0340840000135358,None,222,001,2025-10-01_22h11.03.024,Motor_sequence_exp,,2025.1.1,59.919025426301914,2025-10-01 22h11.11.492737 +0530,
150,v,199,199,49,,,,,v,1,0.9564804999972694,None,,,,,49,199,199,1,1106.9422524999827,,,,,,,,,,,,,,,,1106.9259821999876,1106.9422524999827,1107.9251610999927,1107.9251610999927,1107.9251610999927,1107.9251610999927,1107.9425374999992,1108.9255512999953,1108.9255512999953,1109.8925533999864,v,1,0.9564804999972694,None,222,001,2025-10-01_22h11.03.024,Motor_sequence_exp,,2025.1.1,59.919025426301914,2025-10-01 22h11.11.492737 +0530,
