pos,corr_resp,thisN,thisTrialN,thisRepN,key_resp.keys,key_resp.corr,key_resp.rt,key_resp.duration,key_resp_2.keys,key_resp_2.corr,key_resp_2.rt,key_resp_2.duration,trials.thisRepN,trials.thisTrialN,trials.thisN,trials.thisIndex,trials_2.thisRepN,trials_2.thisTrialN,trials_2.thisN,trials_2.thisIndex,thisRow.t,notes,trial.started,fixation.started,line1.started,line2.started,line3.started,line4.started,fixation.stopped,probe.started,key_resp.started,trial.stopped,trials.key_resp.keys,trials.key_resp.corr,trials.key_resp.rt,trials.key_resp.duration,routine_2.started,fixation_2.started,line_1.started,line_2.started,line_3.started,line_4.started,fixation_2.stopped,probe_2.started,key_resp_2.started,routine_2.stopped,trials_2.key_resp_2.keys,trials_2.key_resp_2.corr,trials_2.key_resp_2.rt,trials_2.key_resp_2.duration,participant,session,date,expName,expVersion,psychopyVersion,frameRate,expStart,
-50,x,0,0,0,x,1,1.1142058999976143,None,,,,,0,0,0,0,,,,,0.03106060001300648,,0.01853800000390038,0.03106060001300648,1.001351999992039,1.001351999992039,1.001351999992039,1.001351999992039,1.0344268000044394,2.000286299997242,2.000286299997242,3.129677399992943,x,1,1.1142058999976143,None,,,,,,,,,,,,,,,333,001,2025-10-02_01h35.33.085,Motor_sequence_exp,,2025.1.1,59.89731204728148,2025-10-02 01h35.46.788180 +0530,
150,v,1,1,0,v,1,0.9903687000041828,None,,,,,0,1,1,1,,,,,3.1401066000107676,,3.1300921000074595,3.1401066000107676,4.133298500004457,4.133298500004457,4.133298500004457,4.133298500004457,4.150704300001962,5.134318500000518,5.134318500000518,6.133989099995233,v,1,0.9903687000041828,None,,,,,,,,,,,,,,,333,001,2025-10-02_01h35.33.085,Motor_sequence_exp,,2025.1.1,59.89731204728148,2025-10-02 01h35.46.788180 +0530,
50,c,2,2,0,c,1,1.2846270000154618,None,,,,,0,2,2,2,,,,,6.150332799996249,,6.134393899992574,6.150332799996249,7.134090100007597,7.134090100007597,7.134090100007597,7.134090100007597,7.151017800002592,8.134098100010306,8.134098100010306,9.433320000011008,c,1,1.2846270000154618,None,,,,,,,,,,,,,,,333,001,2025-10-02_01h35.33.085,Motor_sequence_exp,,2025.1.1,59.89731204728148,2025-10-02 01h35.46.788180 +0530,
-150,z,3,3,0,z,1,0.7892366000160109,None,,,,,0,3,3,3,,,,,9.4506226000085,,9.433843100006925,9.4506226000085,10.434538500005146,10.434538500005146,10.434538500005146,10.434538500005146,10.450800399994478,11.43263530000695,11.43263530000695,12.232788399996934,z,1,0.7892366000160109,None,,,,,,,,,,,,,,,333,001,2025-10-02_01h35.33.085,Motor_sequence_exp,,2025.1.1,59.89731204728148,2025-10-02 01h35.46.788180 +0530,
-50,x,4,0,1,x,1,0.7398826999997254,None,,,,,1,0,4,0,,,,,12.249640399997588,,12.233089599991217,12.249640399997588,13.2330912000034,13.2330912000034,13.2330912000034,13.2330912000034,13.24989249999635,14.233145700010937,14.233145700010937,14.983505100011826,x,1,0.7398826999997254,None,,,,,,,,,,,,,,,333,001,2025-10-02_01h35.33.085,Motor_sequence_exp,,2025.1.1,59.89731204728148,2025-10-02 01h35.46.788180 +0530,
150,v,5,1,1,v,1,0.8281086999922991,None,,,,,1,1,5,1,,,,,14.999100599990925,,14.983968400018057,14.999100599990925,15.999301200004993,15.999301200004993,15.999301200004993,15.999301200004993,15.999301200004993,17.00014459999511,17.00014459999511,17.83362570000463,v,1,0.8281086999922991,None,,,,,,,,,,,,,,,333,001,2025-10-02_01h35.33.085,Motor_sequence_exp,,2025.1.1,59.89731204728148,2025-10-02 01h35.46.788180 +0530,
50,c,6,2,1,c,1,0.710558899998432,None,,,,,1,2,6,2,,,,,17.849498399998993,,17.833934199996293,17.849498399998993,18.83315789999324,18.83315789999324,18.83315789999324,18.83315789999324,18.849235600006068,19.83336380001856,19.83336380001856,20.55874959999346,c,1,0.710558899998432,None,,,,,,,,,,,,,,,333,001,2025-10-02_01h35.33.085,Motor_sequence_exp,,2025.1.1,59.89731204728148,2025-10-02 01h35.46.788180 +0530,
-150,z,7,3,1,z,1,0.9265393000096083,None,,,,,1,3,7,3,,,,,20.574031500000274,,20.559126100008143,20.574031500000274,21.55835430001025,21.55835430001025,21.55835430001025,21.55835430001025,21.57435870001791,22.55755220001447,22.55755220001447,23.492800600011833,z,1,0.9265393000096083,None,,,,,,,,,,,,,,,333,001,2025-10-02_01h35.33.085,Motor_sequence_exp,,2025.1.1,59.89731204728148,2025-10-02 01h35.46.788180 +0530,
-50,x,8,0,2,x,1,0.7646871999895666,None,,,,,2,0,8,0,,,,,23.507320000004256,,23.493402199994307,23.507320000004256,24.508052499993937,24.508052499993937,24.508052499993937,24.508052499993937,24.508052499993937,25.508475900016492,25.508475900016492,26.276390999992145,x,1,0.7646871999895666,None,,,,,,,,,,,,,,,333,001,2025-10-02_01h35.33.085,Motor_sequence_exp,,2025.1.1,59.89731204728148,2025-10-02 01h35.46.788180 +0530,
150,v,9,1,2,v,1,0.8185661000024993,None,,,,,2,1,9,1,,,,,26.291949900012696,,26.276932800014038,26.291949900012696,27.27540909999516,27.27540909999516,27.27540909999516,27.27540909999516,27.29333030001726,28.276567199995043,28.276567199995043,29.10871960001532,v,1,0.8185661000024993,None,,,,,,,,,,,,,,,333,001,2025-10-02_01h35.33.085,Motor_sequence_exp,,2025.1.1,59.89731204728148,2025-10-02 01h35.46.788180 +0530,
50,c,10,2,2,c,1,0.3273423999780789,None,,,,,2,2,10,2,,,,,29.125297499995213,,29.1092326999933,29.125297499995213,30.108437899994897,30.108437899994897,30.108437899994897,30.108437899994897,30.124738700018497,31.10940740001388,31.10940740001388,31.442856400011806,c,1,0.3273423999780789,None,,,,,,,,,,,,,,,333,001,2025-10-02_01h35.33.085,Motor_sequence_exp,,2025.1.1,59.89731204728148,2025-10-02 01h35.46.788180 +0530,
-150,z,11,3,2,z,1,0.5503882000048179,None,,,,,2,3,11,3,,,,,31.45830689999275,,31.4433198000188,31.45830689999275,32.45865250000497,32.45865250000497,32.45865250000497,32.45865250000497,32.45865250000497,33.45754800000577,33.45754800000577,34.025226400000975,z,1,0.5503882000048179,None,,,,,,,,,,,,,,,333,001,2025-10-02_01h35.33.085,Motor_sequence_exp,,2025.1.1,59.89731204728148,2025-10-02 01h35.46.788180 +0530,
-50,x,12,0,3,x,1,0.5962874999968335,None,,,,,3,0,12,0,,,,,34.04146549999132,,34.0255513000011,34.04146549999132,35.02467959999922,35.02467959999922,35.02467959999922,35.02467959999922,35.04092140001012,36.02545960000134,36.02545960000134,36.62533159999293,x,1,0.5962874999968335,None,,,,,,,,,,,,,,,333,001,2025-10-02_01h35.33.085,Motor_sequence_exp,,2025.1.1,59.89731204728148,2025-10-02 01h35.46.788180 +0530,
150,v,13,1,3,v,1,0.5824311000178568,None,,,,,3,1,13,1,,,,,36.64092249999521,,36.625690599990776,36.64092249999521,37.6409466000041,37.6409466000041,37.6409466000041,37.6409466000041,37.6409466000041,38.62425860000076,38.62425860000076,39.208228000003146,v,1,0.5824311000178568,None,,,,,,,,,,,,,,,333,001,2025-10-02_01h35.33.085,Motor_sequence_exp,,2025.1.1,59.89731204728148,2025-10-02 01h35.46.788180 +0530,
50,c,14,2,3,c,1,0.959342199988896,None,,,,,3,2,14,2,,,,,39.22432949999347,,39.20851309999125,39.22432949999347,40.20944299999974,40.20944299999974,40.20944299999974,40.20944299999974,40.22701669999515,41.20919490000233,41.20919490000233,42.17710729999817,c,1,0.959342199988896,None,,,,,,,,,,,,,,,333,001,2025-10-02_01h35.33.085,Motor_sequence_exp,,2025.1.1,59.89731204728148,2025-10-02 01h35.46.788180 +0530,
-150,z,15,3,3,z,1,0.6672729999991134,None,,,,,3,3,15,3,,,,,42.19218969999929,,42.17773880000459,42.19218969999929,43.17623750001076,43.17623750001076,43.17623750001076,43.17623750001076,43.19244310000795,44.176665000006324,44.176665000006324,44.85968690001755,z,1,0.6672729999991134,None,,,,,,,,,,,,,,,333,001,2025-10-02_01h35.33.085,Motor_sequence_exp,,2025.1.1,59.89731204728148,2025-10-02 01h35.46.788180 +0530,
-50,x,16,0,4,x,1,0.7696402999863494,None,,,,,4,0,16,0,,,,,44.87627120001707,,44.86008260000381,44.87627120001707,45.86001760000363,45.86001760000363,45.86001760000363,45.86001760000363,45.876725100009935,46.85984499999904,46.85984499999904,47.645674600003986,x,1,0.7696402999863494,None,,,,,,,,,,,,,,,333,001,2025-10-02_01h35.33.085,Motor_sequence_exp,,2025.1.1,59.89731204728148,2025-10-02 01h35.46.788180 +0530,
150,v,17,1,4,v,1,0.4524010999884922,None,,,,,4,1,17,1,,,,,47.65940140001476,,47.646303899993654,47.65940140001476,48.65933980001137,48.65933980001137,48.65933980001137,48.65933980001137,48.65933980001137,49.65883180001401,49.65883180001401,50.12494710000465,v,1,0.4524010999884922,None,,,,,,,,,,,,,,,333,001,2025-10-02_01h35.33.085,Motor_sequence_exp,,2025.1.1,59.89731204728148,2025-10-02 01h35.46.788180 +0530,
50,c,18,2,4,c,1,0.48884070001076907,None,,,,,4,2,18,2,,,,,50.14173430000665,,50.12531870001112,50.14173430000665,51.12548429999151,51.12548429999151,51.12548429999151,51.12548429999151,51.141666600015014,52.14133730001049,52.14133730001049,52.64232959999936,c,1,0.48884070001076907,None,,,,,,,,,,,,,,,333,001,2025-10-02_01h35.33.085,Motor_sequence_exp,,2025.1.1,59.89731204728148,2025-10-02 01h35.46.788180 +0530,
-150,z,19,3,4,z,1,0.3435184999834746,None,,,,,4,3,19,3,,,,,52.65792200001306,,52.64261740000802,52.65792200001306,53.642087000014726,53.642087000014726,53.642087000014726,53.642087000014726,53.65804800001206,54.6413986000116,54.6413986000116,54.99384519999148,z,1,0.3435184999834746,None,,,,,,,,,,,,,,,333,001,2025-10-02_01h35.33.085,Motor_sequence_exp,,2025.1.1,59.89731204728148,2025-10-02 01h35.46.788180 +0530,
-50,x,20,0,5,x,1,0.43278420000569895,None,,,,,5,0,20,0,,,,,55.008811300009256,,54.99436479998985,55.008811300009256,56.010439700010465,56.010439700010465,56.010439700010465,56.010439700010465,56.010439700010465,57.01092470000731,57.01092470000731,57.45951360001345,x,1,0.43278420000569895,None,,,,,,,,,,,,,,,333,001,2025-10-02_01h35.33.085,Motor_sequence_exp,,2025.1.1,59.89731204728148,2025-10-02 01h35.46.788180 +0530,
150,v,21,1,5,v,1,0.37334829999599606,None,,,,,5,1,21,1,,,,,57.476146300003165,,57.46010039999965,57.476146300003165,58.45885460000136,58.45885460000136,58.45885460000136,58.45885460000136,58.47589600001811,59.45966829999816,59.45966829999816,59.84342459999607,v,1,0.37334829999599606,None,,,,,,,,,,,,,,,333,001,2025-10-02_01h35.33.085,Motor_sequence_exp,,2025.1.1,59.89731204728148,2025-10-02 01h35.46.788180 +0530,
50,c,22,2,5,c,1,0.9497880999988411,None,,,,,5,2,22,2,,,,,59.85850960001699,,59.84381610000855,59.85850960001699,60.85883479999029,60.85883479999029,60.85883479999029,60.85883479999029,60.85883479999029,61.84195840000757,61.84195840000757,62.80987890000688,c,1,0.9497880999988411,None,,,,,,,,,,,,,,,333,001,2025-10-02_01h35.33.085,Motor_sequence_exp,,2025.1.1,59.89731204728148,2025-10-02 01h35.46.788180 +0530,
-150,z,23,3,5,z,1,0.4171097000071313,None,,,,,5,3,23,3,,,,,62.82586790001369,,62.810676299995976,62.82586790001369,63.80974860000424,63.80974860000424,63.80974860000424,63.80974860000424,63.82693050001399,64.81067930001882,64.81067930001882,65.24299090000568,z,1,0.4171097000071313,None,,,,,,,,,,,,,,,333,001,2025-10-02_01h35.33.085,Motor_sequence_exp,,2025.1.1,59.89731204728148,2025-10-02 01h35.46.788180 +0530,
-50,x,24,0,6,x,1,0.2866974000062328,None,,,,,6,0,24,0,,,,,65.26064170000609,,65.24341570000979,65.26064170000609,66.24285070001497,66.24285070001497,66.24285070001497,66.24285070001497,66.27677009999752,67.24304679999477,67.24304679999477,67.54321860001073,x,1,0.2866974000062328,None,,,,,,,,,,,,,,,333,001,2025-10-02_01h35.33.085,Motor_sequence_exp,,2025.1.1,59.89731204728148,2025-10-02 01h35.46.788180 +0530,
150,v,25,1,6,v,1,0.2318434999906458,None,,,,,6,1,25,1,,,,,67.5593882999965,,67.54361459999927,67.5593882999965,68.54296039999463,68.54296039999463,68.54296039999463,68.54296039999463,68.55848140001763,69.54362250000122,69.54362250000122,69.77722700001323,v,1,0.2318434999906458,None,,,,,,,,,,,,,,,333,001,2025-10-02_01h35.33.085,Motor_sequence_exp,,2025.1.1,59.89731204728148,2025-10-02 01h35.46.788180 +0530,
50,c,26,2,6,c,1,0.22598230000585318,None,,,,,6,2,26,2,,,,,69.79183960001683,,69.77779849999934,69.79183960001683,70.79191150001134,70.79191150001134,70.79191150001134,70.79191150001134,70.79191150001134,71.79297680000309,71.79297680000309,72.02578590001212,c,1,0.22598230000585318,None,,,,,,,,,,,,,,,333,001,2025-10-02_01h35.33.085,Motor_sequence_exp,,2025.1.1,59.89731204728148,2025-10-02 01h35.46.788180 +0530,
-150,z,27,3,6,z,1,0.6370428999944124,None,,,,,6,3,27,3,,,,,72.04272279998986,,72.02626270000474,72.04272279998986,73.02581099999952,73.02581099999952,73.02581099999952,73.02581099999952,73.04301150000538,74.02573580000899,74.02573580000899,74.67593970001326,z,1,0.6370428999944124,None,,,,,,,,,,,,,,,333,001,2025-10-02_01h35.33.085,Motor_sequence_exp,,2025.1.1,59.89731204728148,2025-10-02 01h35.46.788180 +0530,
-50,x,28,0,7,x,1,0.2493644000205677,None,,,,,7,0,28,0,,,,,74.69299519999186,,74.67633859999478,74.69299519999186,75.67594119999558,75.67594119999558,75.67594119999558,75.67594119999558,75.69233769999119,76.6760167000175,76.6760167000175,76.94239889999153,x,1,0.2493644000205677,None,,,,,,,,,,,,,,,333,001,2025-10-02_01h35.33.085,Motor_sequence_exp,,2025.1.1,59.89731204728148,2025-10-02 01h35.46.788180 +0530,
150,v,29,1,7,v,1,0.6065165000036359,None,,,,,7,1,29,1,,,,,76.95828150000307,,76.942798700009,76.95828150000307,77.94289559999015,77.94289559999015,77.94289559999015,77.94289559999015,77.9603396000166,78.94347950001247,78.94347950001247,79.55964500000118,v,1,0.6065165000036359,None,,,,,,,,,,,,,,,333,001,2025-10-02_01h35.33.085,Motor_sequence_exp,,2025.1.1,59.89731204728148,2025-10-02 01h35.46.788180 +0530,
50,c,30,2,7,c,1,0.2436323000001721,None,,,,,7,2,30,2,,,,,79.57619530000375,,79.56004100001883,79.57619530000375,80.56046490001609,80.56046490001609,80.56046490001609,80.56046490001609,80.57618150001508,81.55866110001807,81.55866110001807,81.80919309999445,c,1,0.2436323000001721,None,,,,,,,,,,,,,,,333,001,2025-10-02_01h35.33.085,Motor_sequence_exp,,2025.1.1,59.89731204728148,2025-10-02 01h35.46.788180 +0530,
-150,z,31,3,7,z,1,0.572708399995463,None,,,,,7,3,31,3,,,,,81.82618050000747,,81.80958249999094,81.82618050000747,82.80934330000309,82.80934330000309,82.80934330000309,82.80934330000309,82.82675979999476,83.80948270001682,83.80948270001682,84.39416210001218,z,1,0.572708399995463,None,,,,,,,,,,,,,,,333,001,2025-10-02_01h35.33.085,Motor_sequence_exp,,2025.1.1,59.89731204728148,2025-10-02 01h35.46.788180 +0530,
-50,x,32,0,8,x,1,0.36009119998198,None,,,,,8,0,32,0,,,,,84.40969940001378,,84.39464340000995,84.40969940001378,85.39428510001744,85.39428510001744,85.39428510001744,85.39428510001744,85.41070020000916,86.40994119999232,86.40994119999232,86.77691899999627,x,1,0.36009119998198,None,,,,,,,,,,,,,,,333,001,2025-10-02_01h35.33.085,Motor_sequence_exp,,2025.1.1,59.89731204728148,2025-10-02 01h35.46.788180 +0530,
150,v,33,1,8,v,1,0.3015672000183258,None,,,,,8,1,33,1,,,,,86.79288250001264,,86.77751509999507,86.79288250001264,87.7772069000057,87.7772069000057,87.7772069000057,87.7772069000057,87.79405520000728,88.77754340000683,88.77754340000683,89.09450400000787,v,1,0.3015672000183258,None,,,,,,,,,,,,,,,333,001,2025-10-02_01h35.33.085,Motor_sequence_exp,,2025.1.1,59.89731204728148,2025-10-02 01h35.46.788180 +0530,
50,c,34,2,8,c,1,0.4128519000078086,None,,,,,8,2,34,2,,,,,89.10967219999293,,89.09517420001794,89.10967219999293,90.09393840000848,90.09393840000848,90.09393840000848,90.09393840000848,90.11051440000301,91.09435450000456,91.09435450000456,91.51018660000409,c,1,0.4128519000078086,None,,,,,,,,,,,,,,,333,001,2025-10-02_01h35.33.085,Motor_sequence_exp,,2025.1.1,59.89731204728148,2025-10-02 01h35.46.788180 +0530,
-150,z,35,3,8,z,1,0.4699028999893926,None,,,,,8,3,35,3,,,,,91.52632420000737,,91.51057849999052,91.52632420000737,92.51096519999555,92.51096519999555,92.51096519999555,92.51096519999555,92.52741830001469,93.51071130001219,93.51071130001219,93.9938519000134,z,1,0.4699028999893926,None,,,,,,,,,,,,,,,333,001,2025-10-02_01h35.33.085,Motor_sequence_exp,,2025.1.1,59.89731204728148,2025-10-02 01h35.46.788180 +0530,
-50,x,36,0,9,x,1,0.397634900000412,None,,,,,9,0,36,0,,,,,94.0096496999904,,93.9944911999919,94.0096496999904,94.99414019999676,94.99414019999676,94.99414019999676,94.99414019999676,95.01004550000653,95.993006100005,95.993006100005,96.39415400000871,x,1,0.397634900000412,None,,,,,,,,,,,,,,,333,001,2025-10-02_01h35.33.085,Motor_sequence_exp,,2025.1.1,59.89731204728148,2025-10-02 01h35.46.788180 +0530,
150,v,37,1,9,v,1,0.32788179998169653,None,,,,,9,1,37,1,,,,,96.4094802000036,,96.39462939999066,96.4094802000036,97.39375449999352,97.39375449999352,97.39375449999352,97.39375449999352,97.41005659999792,98.39388720001443,98.39388720001443,98.72697089999565,v,1,0.32788179998169653,None,,,,,,,,,,,,,,,333,001,2025-10-02_01h35.33.085,Motor_sequence_exp,,2025.1.1,59.89731204728148,2025-10-02 01h35.46.788180 +0530,
50,c,38,2,9,c,1,0.3520489000075031,None,,,,,9,2,38,2,,,,,98.74271439999575,,98.72742860001745,98.74271439999575,99.72749819999444,99.72749819999444,99.72749819999444,99.72749819999444,99.74402119999286,100.7274480999913,100.7274480999913,101.095484999998,c,1,0.3520489000075031,None,,,,,,,,,,,,,,,333,001,2025-10-02_01h35.33.085,Motor_sequence_exp,,2025.1.1,59.89731204728148,2025-10-02 01h35.46.788180 +0530,
-150,z,39,3,9,z,1,0.478987300011795,None,,,,,9,3,39,3,,,,,101.10924009999144,,101.09593139999197,101.10924009999144,102.11084840001422,102.11084840001422,102.11084840001422,102.11084840001422,102.11084840001422,103.10989960000734,103.10989960000734,103.59357719999389,z,1,0.478987300011795,None,,,,,,,,,,,,,,,333,001,2025-10-02_01h35.33.085,Motor_sequence_exp,,2025.1.1,59.89731204728148,2025-10-02 01h35.46.788180 +0530,
-50,x,40,0,10,x,1,0.5850860000064131,None,,,,,10,0,40,0,,,,,103.61268369999016,,103.59397290000925,103.61268369999016,104.59349550001207,104.59349550001207,104.59349550001207,104.59349550001207,104.62761940000928,105.59435480000684,105.59435480000684,106.19431560000521,x,1,0.5850860000064131,None,,,,,,,,,,,,,,,333,001,2025-10-02_01h35.33.085,Motor_sequence_exp,,2025.1.1,59.89731204728148,2025-10-02 01h35.46.788180 +0530,
150,v,41,1,10,v,1,0.39183069998398423,None,,,,,10,1,41,1,,,,,106.2106189999904,,106.19472060000408,106.2106189999904,107.1943930000125,107.1943930000125,107.1943930000125,107.1943930000125,107.21091480000177,108.19431409999379,108.19431409999379,108.59490940000978,v,1,0.39183069998398423,None,,,,,,,,,,,,,,,333,001,2025-10-02_01h35.33.085,Motor_sequence_exp,,2025.1.1,59.89731204728148,2025-10-02 01h35.46.788180 +0530,
50,c,42,2,10,c,1,0.42532939999364316,None,,,,,10,2,42,2,,,,,108.60929240001133,,108.59535489999689,108.60929240001133,109.59353559999727,109.59353559999727,109.59353559999727,109.59353559999727,109.61071730000549,110.59425700001884,110.59425700001884,111.02879690000555,c,1,0.42532939999364316,None,,,,,,,,,,,,,,,333,001,2025-10-02_01h35.33.085,Motor_sequence_exp,,2025.1.1,59.89731204728148,2025-10-02 01h35.46.788180 +0530,
-150,z,43,3,10,z,1,0.570462800009409,None,,,,,10,3,43,3,,,,,111.0425164999906,,111.02924289999646,111.0425164999906,112.04266380000627,112.04266380000627,112.04266380000627,112.04266380000627,112.04266380000627,113.04434190000757,113.04434190000757,113.62935570001719,z,1,0.570462800009409,None,,,,,,,,,,,,,,,333,001,2025-10-02_01h35.33.085,Motor_sequence_exp,,2025.1.1,59.89731204728148,2025-10-02 01h35.46.788180 +0530,
-50,x,44,0,11,x,1,0.44939319998957217,None,,,,,11,0,44,0,,,,,113.6430697000178,,113.62991799999145,113.6430697000178,114.64406859999872,114.64406859999872,114.64406859999872,114.64406859999872,114.64406859999872,115.64395950001199,115.64395950001199,116.1101367000083,x,1,0.44939319998957217,None,,,,,,,,,,,,,,,333,001,2025-10-02_01h35.33.085,Motor_sequence_exp,,2025.1.1,59.89731204728148,2025-10-02 01h35.46.788180 +0530,
150,v,45,1,11,v,1,0.5529609000077471,None,,,,,11,1,45,1,,,,,116.12745100000757,,116.11055260000285,116.12745100000757,117.11099970000214,117.11099970000214,117.11099970000214,117.11099970000214,117.12777130000177,118.11104439999326,118.11104439999326,118.67778540001018,v,1,0.5529609000077471,None,,,,,,,,,,,,,,,333,001,2025-10-02_01h35.33.085,Motor_sequence_exp,,2025.1.1,59.89731204728148,2025-10-02 01h35.46.788180 +0530,
50,c,46,2,11,c,1,0.6008023000031244,None,,,,,11,2,46,2,,,,,118.6939740999951,,118.67828069999814,118.6939740999951,119.69331450000755,119.69331450000755,119.69331450000755,119.69331450000755,119.69331450000755,120.6775864000083,120.6775864000083,121.29416340001626,c,1,0.6008023000031244,None,,,,,,,,,,,,,,,333,001,2025-10-02_01h35.33.085,Motor_sequence_exp,,2025.1.1,59.89731204728148,2025-10-02 01h35.46.788180 +0530,
-150,z,47,3,11,z,1,0.6091445999918506,None,,,,,11,3,47,3,,,,,121.31132500001695,,121.29458869999507,121.31132500001695,122.29489350001677,122.29489350001677,122.29489350001677,122.29489350001677,122.3113452999969,123.29425890001585,123.29425890001585,123.91437690000748,z,1,0.6091445999918506,None,,,,,,,,,,,,,,,333,001,2025-10-02_01h35.33.085,Motor_sequence_exp,,2025.1.1,59.89731204728148,2025-10-02 01h35.46.788180 +0530,
-50,x,48,0,12,x,1,0.394358799996553,None,,,,,12,0,48,0,,,,,123.92598820000421,,123.91478990000905,123.92598820000421,124.92723860000842,124.92723860000842,124.92723860000842,124.92723860000842,124.92723860000842,125.92760590001126,125.92760590001126,126.32792690000497,x,1,0.394358799996553,None,,,,,,,,,,,,,,,333,001,2025-10-02_01h35.33.085,Motor_sequence_exp,,2025.1.1,59.89731204728148,2025-10-02 01h35.46.788180 +0530,
150,v,49,1,12,v,1,0.5308429000142496,None,,,,,12,1,49,1,,,,,126.34365450000041,,126.32842520001577,126.34365450000041,127.32732949999627,127.32732949999627,127.32732949999627,127.32732949999627,127.34360140000354,128.32786610000767,128.32786610000767,128.8604520999943,v,1,0.5308429000142496,None,,,,,,,,,,,,,,,333,001,2025-10-02_01h35.33.085,Motor_sequence_exp,,2025.1.1,59.89731204728148,2025-10-02 01h35.46.788180 +0530,
50,c,50,2,12,c,1,0.511562400002731,None,,,,,12,2,50,2,,,,,128.8770067000005,,128.86091119999764,128.8770067000005,129.8613156999927,129.8613156999927,129.8613156999927,129.8613156999927,129.87751620000927,130.86160100001143,130.86160100001143,131.37866660000873,c,1,0.511562400002731,None,,,,,,,,,,,,,,,333,001,2025-10-02_01h35.33.085,Motor_sequence_exp,,2025.1.1,59.89731204728148,2025-10-02 01h35.46.788180 +0530,
-150,z,51,3,12,z,1,0.4683221000013873,None,,,,,12,3,51,3,,,,,131.39351769999485,,131.37928540000576,131.39351769999485,132.39373999999953,132.39373999999953,132.39373999999953,132.39373999999953,132.39373999999953,133.3780902000144,133.3780902000144,133.86215390000143,z,1,0.4683221000013873,None,,,,,,,,,,,,,,,333,001,2025-10-02_01h35.33.085,Motor_sequence_exp,,2025.1.1,59.89731204728148,2025-10-02 01h35.46.788180 +0530,
-50,x,52,0,13,x,1,0.5511871000053361,None,,,,,13,0,52,0,,,,,133.87693230001605,,133.86260759999277,133.87693230001605,134.87684050001553,134.87684050001553,134.87684050001553,134.87684050001553,134.87684050001553,135.8611855999916,135.8611855999916,136.42782230000012,x,1,0.5511871000053361,None,,,,,,,,,,,,,,,333,001,2025-10-02_01h35.33.085,Motor_sequence_exp,,2025.1.1,59.89731204728148,2025-10-02 01h35.46.788180 +0530,
150,v,53,1,13,v,1,0.6323307999991812,None,,,,,13,1,53,1,,,,,136.44311140000354,,136.4281612999912,136.44311140000354,137.44377640000312,137.44377640000312,137.44377640000312,137.44377640000312,137.44377640000312,138.42838699999265,138.42838699999265,139.06179770000745,v,1,0.6323307999991812,None,,,,,,,,,,,,,,,333,001,2025-10-02_01h35.33.085,Motor_sequence_exp,,2025.1.1,59.89731204728148,2025-10-02 01h35.46.788180 +0530,
50,c,54,2,13,c,1,0.5689784999995027,None,,,,,13,2,54,2,,,,,139.07632590000867,,139.0622444000037,139.07632590000867,140.07795520001673,140.07795520001673,140.07795520001673,140.07795520001673,140.07795520001673,141.06024720001733,141.06024720001733,141.64515960001154,c,1,0.5689784999995027,None,,,,,,,,,,,,,,,333,001,2025-10-02_01h35.33.085,Motor_sequence_exp,,2025.1.1,59.89731204728148,2025-10-02 01h35.46.788180 +0530,
-150,z,55,3,13,z,1,0.49558560000150464,None,,,,,13,3,55,3,,,,,141.66017039999133,,141.6456121999945,141.66017039999133,142.66127139999298,142.66127139999298,142.66127139999298,142.66127139999298,142.66127139999298,143.64415290000034,143.64415290000034,144.14498340000864,z,1,0.49558560000150464,None,,,,,,,,,,,,,,,333,001,2025-10-02_01h35.33.085,Motor_sequence_exp,,2025.1.1,59.89731204728148,2025-10-02 01h35.46.788180 +0530,
-50,x,56,0,14,x,1,0.46931330001098104,None,,,,,14,0,56,0,,,,,144.1602625999949,,144.14553909999086,144.1602625999949,145.14465840000776,145.14465840000776,145.14465840000776,145.14465840000776,145.1612812000094,146.14470360000269,146.14470360000269,146.62865910000983,x,1,0.46931330001098104,None,,,,,,,,,,,,,,,333,001,2025-10-02_01h35.33.085,Motor_sequence_exp,,2025.1.1,59.89731204728148,2025-10-02 01h35.46.788180 +0530,
150,v,57,1,14,v,1,0.5816832999989856,None,,,,,14,1,57,1,,,,,146.64314689999446,,146.62925779999932,146.64314689999446,147.62739000000875,147.62739000000875,147.62739000000875,147.62739000000875,147.64311880001333,148.62696019999566,148.62696019999566,149.21168510001735,v,1,0.5816832999989856,None,,,,,,,,,,,,,,,333,001,2025-10-02_01h35.33.085,Motor_sequence_exp,,2025.1.1,59.89731204728148,2025-10-02 01h35.46.788180 +0530,
50,c,58,2,14,c,1,0.47208799998043105,None,,,,,14,2,58,2,,,,,149.22752179999952,,149.21213550001266,149.22752179999952,150.21173989999807,150.21173989999807,150.21173989999807,150.21173989999807,150.22776770000928,151.21050899999682,151.21050899999682,151.69378220001818,c,1,0.47208799998043105,None,,,,,,,,,,,,,,,333,001,2025-10-02_01h35.33.085,Motor_sequence_exp,,2025.1.1,59.89731204728148,2025-10-02 01h35.46.788180 +0530,
-150,z,59,3,14,z,1,0.26353029999881983,None,,,,,14,3,59,3,,,,,151.71032660000492,,151.69437390001258,151.71032660000492,152.69410330001847,152.69410330001847,152.69410330001847,152.69410330001847,152.71134589999565,153.69466860001558,153.69466860001558,153.96154640000896,z,1,0.26353029999881983,None,,,,,,,,,,,,,,,333,001,2025-10-02_01h35.33.085,Motor_sequence_exp,,2025.1.1,59.89731204728148,2025-10-02 01h35.46.788180 +0530,
-50,x,60,0,15,x,1,0.32202950000646524,None,,,,,15,0,60,0,,,,,153.97665650001727,,153.96194969999488,153.97665650001727,154.96148570001242,154.96148570001242,154.96148570001242,154.96148570001242,154.9785269999993,155.96173000001,155.96173000001,156.29571470001247,x,1,0.32202950000646524,None,,,,,,,,,,,,,,,333,001,2025-10-02_01h35.33.085,Motor_sequence_exp,,2025.1.1,59.89731204728148,2025-10-02 01h35.46.788180 +0530,
150,v,61,1,15,v,1,0.66254079999635,None,,,,,15,1,61,1,,,,,156.31053439999232,,156.29637450000155,156.31053439999232,157.3120661000139,157.3120661000139,157.3120661000139,157.3120661000139,157.3120661000139,158.3115206999937,158.3115206999937,158.97805259999586,v,1,0.66254079999635,None,,,,,,,,,,,,,,,333,001,2025-10-02_01h35.33.085,Motor_sequence_exp,,2025.1.1,59.89731204728148,2025-10-02 01h35.46.788180 +0530,
50,c,62,2,15,c,1,0.6902012999926228,None,,,,,15,2,62,2,,,,,158.99400279999827,,158.978502700018,158.99400279999827,159.97828050001408,159.97828050001408,159.97828050001408,159.97828050001408,159.99524469999596,160.97765159999835,160.97765159999835,161.67819840001175,c,1,0.6902012999926228,None,,,,,,,,,,,,,,,333,001,2025-10-02_01h35.33.085,Motor_sequence_exp,,2025.1.1,59.89731204728148,2025-10-02 01h35.46.788180 +0530,
-150,z,63,3,15,z,1,0.8396661999868229,None,,,,,15,3,63,3,,,,,161.69449530000566,,161.6786112000118,161.69449530000566,162.67659429999185,162.67659429999185,162.67659429999185,162.67659429999185,162.7114106999943,163.67844029999105,163.67844029999105,164.52825639999355,z,1,0.8396661999868229,None,,,,,,,,,,,,,,,333,001,2025-10-02_01h35.33.085,Motor_sequence_exp,,2025.1.1,59.89731204728148,2025-10-02 01h35.46.788180 +0530,
-50,x,64,0,16,x,1,0.22450559999560937,None,,,,,16,0,64,0,,,,,164.54339679999975,,164.5287256000156,164.54339679999975,165.5280529000156,165.5280529000156,165.5280529000156,165.5280529000156,165.54403720001574,166.52786360000027,166.52786360000027,166.76244049999514,x,1,0.22450559999560937,None,,,,,,,,,,,,,,,333,001,2025-10-02_01h35.33.085,Motor_sequence_exp,,2025.1.1,59.89731204728148,2025-10-02 01h35.46.788180 +0530,
150,v,65,1,16,v,1,0.32869479997316375,None,,,,,16,1,65,1,,,,,166.7773470999964,,166.7628861000121,166.7773470999964,167.77673260000302,167.77673260000302,167.77673260000302,167.77673260000302,167.77673260000302,168.76163110000198,168.76163110000198,169.09582899999805,v,1,0.32869479997316375,None,,,,,,,,,,,,,,,333,001,2025-10-02_01h35.33.085,Motor_sequence_exp,,2025.1.1,59.89731204728148,2025-10-02 01h35.46.788180 +0530,
50,c,66,2,16,c,1,0.42741529998602346,None,,,,,16,2,66,2,,,,,169.1108763999946,,169.09645080001792,169.1108763999946,170.09538469999097,170.09538469999097,170.09538469999097,170.09538469999097,170.11163850000594,171.0952734000166,171.0952734000166,171.52850939999917,c,1,0.42741529998602346,None,,,,,,,,,,,,,,,333,001,2025-10-02_01h35.33.085,Motor_sequence_exp,,2025.1.1,59.89731204728148,2025-10-02 01h35.46.788180 +0530,
-150,z,67,3,16,z,1,1.0742407999932766,None,,,,,16,3,67,3,,,,,171.54347000000416,,171.5289591999899,171.54347000000416,172.52806209999835,172.52806209999835,172.52806209999835,172.52806209999835,172.54421670001466,173.54500899999402,173.54500899999402,174.62994370001252,z,1,1.0742407999932766,None,,,,,,,,,,,,,,,333,001,2025-10-02_01h35.33.085,Motor_sequence_exp,,2025.1.1,59.89731204728148,2025-10-02 01h35.46.788180 +0530,
-50,x,68,0,17,x,1,0.482946100004483,None,,,,,17,0,68,0,,,,,174.64399350000895,,174.63051590000396,174.64399350000895,175.64475770000718,175.64475770000718,175.64475770000718,175.64475770000718,175.64475770000718,176.645173900004,176.645173900004,177.12904369999887,x,1,0.482946100004483,None,,,,,,,,,,,,,,,333,001,2025-10-02_01h35.33.085,Motor_sequence_exp,,2025.1.1,59.89731204728148,2025-10-02 01h35.46.788180 +0530,
150,v,69,1,17,v,1,0.5588779999816325,None,,,,,17,1,69,1,,,,,177.14510910000536,,177.12949170000502,177.14510910000536,178.14520749999792,178.14520749999792,178.14520749999792,178.14520749999792,178.14520749999792,179.1449053999968,179.1449053999968,179.71301860001404,v,1,0.5588779999816325,None,,,,,,,,,,,,,,,333,001,2025-10-02_01h35.33.085,Motor_sequence_exp,,2025.1.1,59.89731204728148,2025-10-02 01h35.46.788180 +0530,
50,c,70,2,17,c,1,0.271546700008912,None,,,,,17,2,70,2,,,,,179.72695310000563,,179.71364110001014,179.72695310000563,180.7285569999949,180.7285569999949,180.7285569999949,180.7285569999949,180.7285569999949,181.72842230001697,181.72842230001697,182.01205109999864,c,1,0.271546700008912,None,,,,,,,,,,,,,,,333,001,2025-10-02_01h35.33.085,Motor_sequence_exp,,2025.1.1,59.89731204728148,2025-10-02 01h35.46.788180 +0530,
-150,z,71,3,17,z,1,0.33944579999661073,None,,,,,17,3,71,3,,,,,182.02711650001584,,182.01243689999683,182.02711650001584,183.0270945999946,183.0270945999946,183.0270945999946,183.0270945999946,183.0270945999946,184.01060810001218,184.01060810001218,184.36183830001391,z,1,0.33944579999661073,None,,,,,,,,,,,,,,,333,001,2025-10-02_01h35.33.085,Motor_sequence_exp,,2025.1.1,59.89731204728148,2025-10-02 01h35.46.788180 +0530,
-50,x,72,0,18,x,1,0.26937600001110695,None,,,,,18,0,72,0,,,,,184.37767819999135,,184.36227939999662,184.37767819999135,185.3620215000119,185.3620215000119,185.3620215000119,185.3620215000119,185.3781557000184,186.36208250001073,186.36208250001073,186.64570650001406,x,1,0.26937600001110695,None,,,,,,,,,,,,,,,333,001,2025-10-02_01h35.33.085,Motor_sequence_exp,,2025.1.1,59.89731204728148,2025-10-02 01h35.46.788180 +0530,
150,v,73,1,18,v,1,0.41043670001090504,None,,,,,18,1,73,1,,,,,186.6613006000116,,186.64623139999458,186.6613006000116,187.64499060000526,187.64499060000526,187.64499060000526,187.64499060000526,187.66188050000346,188.64546150001115,188.64546150001115,189.06228750001173,v,1,0.41043670001090504,None,,,,,,,,,,,,,,,333,001,2025-10-02_01h35.33.085,Motor_sequence_exp,,2025.1.1,59.89731204728148,2025-10-02 01h35.46.788180 +0530,
50,c,74,2,18,c,1,0.22003250001580454,None,,,,,18,2,74,2,,,,,189.07704540001578,,189.06274210000993,189.07704540001578,190.060811000003,190.060811000003,190.060811000003,190.060811000003,190.07734610000625,191.06209220000892,191.06209220000892,191.29428500001086,c,1,0.22003250001580454,None,,,,,,,,,,,,,,,333,001,2025-10-02_01h35.33.085,Motor_sequence_exp,,2025.1.1,59.89731204728148,2025-10-02 01h35.46.788180 +0530,
-150,z,75,3,18,z,1,1.0430697000119835,None,,,,,18,3,75,3,,,,,191.31121109999367,,191.2947863000154,191.31121109999367,192.29546799999662,192.29546799999662,192.29546799999662,192.29546799999662,192.31208380000317,193.29551170000923,193.29551170000923,194.34631180000724,z,1,1.0430697000119835,None,,,,,,,,,,,,,,,333,001,2025-10-02_01h35.33.085,Motor_sequence_exp,,2025.1.1,59.89731204728148,2025-10-02 01h35.46.788180 +0530,
-50,x,76,0,19,x,1,0.8226508000225294,None,,,,,19,0,76,0,,,,,194.36056870000903,,194.3467582000012,194.36056870000903,195.3624931999948,195.3624931999948,195.3624931999948,195.3624931999948,195.3624931999948,196.3623946000007,196.3623946000007,197.19540430000052,x,1,0.8226508000225294,None,,,,,,,,,,,,,,,333,001,2025-10-02_01h35.33.085,Motor_sequence_exp,,2025.1.1,59.89731204728148,2025-10-02 01h35.46.788180 +0530,
150,v,77,1,19,v,1,0.2813557000190485,None,,,,,19,1,77,1,,,,,197.21178990000044,,197.19596559999627,197.21178990000044,198.19565680000233,198.19565680000233,198.19565680000233,198.19565680000233,198.21268820000114,199.1957611000107,199.1957611000107,199.4798141999927,v,1,0.2813557000190485,None,,,,,,,,,,,,,,,333,001,2025-10-02_01h35.33.085,Motor_sequence_exp,,2025.1.1,59.89731204728148,2025-10-02 01h35.46.788180 +0530,
50,c,78,2,19,c,1,0.7393649000150617,None,,,,,19,2,78,2,,,,,199.49460150001687,,199.4803174000117,199.49460150001687,200.47843350001494,200.47843350001494,200.47843350001494,200.47843350001494,200.49481760000344,201.47856630000751,201.47856630000751,202.22877889999654,c,1,0.7393649000150617,None,,,,,,,,,,,,,,,333,001,2025-10-02_01h35.33.085,Motor_sequence_exp,,2025.1.1,59.89731204728148,2025-10-02 01h35.46.788180 +0530,
-150,z,79,3,19,z,1,0.31606990000000224,None,,,,,19,3,79,3,,,,,202.2455445000087,,202.22917939999024,202.2455445000087,203.24577949999366,203.24577949999366,203.24577949999366,203.24577949999366,203.24577949999366,204.22905439999886,204.22905439999886,204.56229760000133,z,1,0.31606990000000224,None,,,,,,,,,,,,,,,333,001,2025-10-02_01h35.33.085,Motor_sequence_exp,,2025.1.1,59.89731204728148,2025-10-02 01h35.46.788180 +0530,
-50,x,80,0,20,x,1,0.29783880000468343,None,,,,,20,0,80,0,,,,,204.57860670000082,,204.56283899999107,204.57860670000082,205.57826169999316,205.57826169999316,205.57826169999316,205.57826169999316,205.57826169999316,206.5612092000083,206.5612092000083,206.8631405000051,x,1,0.29783880000468343,None,,,,,,,,,,,,,,,333,001,2025-10-02_01h35.33.085,Motor_sequence_exp,,2025.1.1,59.89731204728148,2025-10-02 01h35.46.788180 +0530,
150,v,81,1,20,v,1,0.32353900000452995,None,,,,,20,1,81,1,,,,,206.87786120001692,,206.8636170999962,206.87786120001692,207.8621669000131,207.8621669000131,207.8621669000131,207.8621669000131,207.87845879999804,208.8624678000051,208.8624678000051,209.19545990001643,v,1,0.32353900000452995,None,,,,,,,,,,,,,,,333,001,2025-10-02_01h35.33.085,Motor_sequence_exp,,2025.1.1,59.89731204728148,2025-10-02 01h35.46.788180 +0530,
50,c,82,2,20,c,1,0.010832700005266815,None,,,,,20,2,82,2,,,,,209.2123905000044,,209.1958539999905,209.2123905000044,210.19582250001258,210.19582250001258,210.19582250001258,210.19582250001258,210.21212750000996,211.1959360000037,211.1959360000037,211.21204370001215,c,1,0.010832700005266815,None,,,,,,,,,,,,,,,333,001,2025-10-02_01h35.33.085,Motor_sequence_exp,,2025.1.1,59.89731204728148,2025-10-02 01h35.46.788180 +0530,
-150,z,83,3,20,z,1,0.4532048999972176,None,,,,,20,3,83,3,,,,,211.227549800009,,211.21252540001296,211.227549800009,212.21204060001764,212.21204060001764,212.21204060001764,212.21204060001764,212.23181349999504,213.2127293999947,213.2127293999947,213.67904550000094,z,1,0.4532048999972176,None,,,,,,,,,,,,,,,333,001,2025-10-02_01h35.33.085,Motor_sequence_exp,,2025.1.1,59.89731204728148,2025-10-02 01h35.46.788180 +0530,
-50,x,84,0,21,x,1,0.47499630000675097,None,,,,,21,0,84,0,,,,,213.6952421000169,,213.67950540001038,213.6952421000169,214.67931249999674,214.67931249999674,214.67931249999674,214.67931249999674,214.69597040000372,215.67965510001522,215.67965510001522,216.1623624000058,x,1,0.47499630000675097,None,,,,,,,,,,,,,,,333,001,2025-10-02_01h35.33.085,Motor_sequence_exp,,2025.1.1,59.89731204728148,2025-10-02 01h35.46.788180 +0530,
150,v,85,1,21,v,1,0.33041019999654964,None,,,,,21,1,85,1,,,,,216.17889390001073,,216.1627689000161,216.17889390001073,217.16240010000183,217.16240010000183,217.16240010000183,217.16240010000183,217.1792684000102,218.16280809999444,218.16280809999444,218.51184730001842,v,1,0.33041019999654964,None,,,,,,,,,,,,,,,333,001,2025-10-02_01h35.33.085,Motor_sequence_exp,,2025.1.1,59.89731204728148,2025-10-02 01h35.46.788180 +0530,
50,c,86,2,21,c,1,0.2836888000019826,None,,,,,21,2,86,2,,,,,218.52757850001217,,218.5124308000086,218.52757850001217,219.51190410001436,219.51190410001436,219.51190410001436,219.51190410001436,219.52938660001382,220.51317140000174,220.51317140000174,220.81355839999742,c,1,0.2836888000019826,None,,,,,,,,,,,,,,,333,001,2025-10-02_01h35.33.085,Motor_sequence_exp,,2025.1.1,59.89731204728148,2025-10-02 01h35.46.788180 +0530,
-150,z,87,3,21,z,1,0.2710077000083402,None,,,,,21,3,87,3,,,,,220.82754460000433,,220.81419239999377,220.82754460000433,221.82881070001167,221.82881070001167,221.82881070001167,221.82881070001167,221.82881070001167,222.8294087999966,222.8294087999966,223.11372799999663,z,1,0.2710077000083402,None,,,,,,,,,,,,,,,333,001,2025-10-02_01h35.33.085,Motor_sequence_exp,,2025.1.1,59.89731204728148,2025-10-02 01h35.46.788180 +0530,
-50,x,88,0,22,x,1,0.24722770001972094,None,,,,,22,0,88,0,,,,,223.12876220000908,,223.11428710000473,223.12876220000908,224.1295184000046,224.1295184000046,224.1295184000046,224.1295184000046,224.1295184000046,225.128870799992,225.128870799992,225.37895079998998,x,1,0.24722770001972094,None,,,,,,,,,,,,,,,333,001,2025-10-02_01h35.33.085,Motor_sequence_exp,,2025.1.1,59.89731204728148,2025-10-02 01h35.46.788180 +0530,
150,v,89,1,22,v,1,0.40629109999281354,None,,,,,22,1,89,1,,,,,225.3947516999906,,225.37953880001442,225.3947516999906,226.3796599000052,226.3796599000052,226.3796599000052,226.3796599000052,226.39596729999175,227.37891980001586,227.37891980001586,227.79578479999327,v,1,0.40629109999281354,None,,,,,,,,,,,,,,,333,001,2025-10-02_01h35.33.085,Motor_sequence_exp,,2025.1.1,59.89731204728148,2025-10-02 01h35.46.788180 +0530,
50,c,90,2,22,c,1,0.4200864000013098,None,,,,,22,2,90,2,,,,,227.81166649999795,,227.79636949999258,227.81166649999795,228.8128040000156,228.8128040000156,228.8128040000156,228.8128040000156,228.8128040000156,229.79503500001738,229.79503500001738,230.2285482000152,c,1,0.4200864000013098,None,,,,,,,,,,,,,,,333,001,2025-10-02_01h35.33.085,Motor_sequence_exp,,2025.1.1,59.89731204728148,2025-10-02 01h35.46.788180 +0530,
-150,z,91,3,22,z,1,0.36896039999555796,None,,,,,22,3,91,3,,,,,230.2454539000173,,230.22894210001687,230.2454539000173,231.22921019999194,231.22921019999194,231.22921019999194,231.22921019999194,231.24590529999114,232.2297045000014,232.2297045000014,232.61314040000434,z,1,0.36896039999555796,None,,,,,,,,,,,,,,,333,001,2025-10-02_01h35.33.085,Motor_sequence_exp,,2025.1.1,59.89731204728148,2025-10-02 01h35.46.788180 +0530,
-50,x,92,0,23,x,1,0.8775037000013981,None,,,,,23,0,92,0,,,,,232.62813820000156,,232.61356460000388,232.62813820000156,233.612930400006,233.612930400006,233.612930400006,233.612930400006,233.62969370000064,234.6123130999913,234.6123130999913,235.49585589999333,x,1,0.8775037000013981,None,,,,,,,,,,,,,,,333,001,2025-10-02_01h35.33.085,Motor_sequence_exp,,2025.1.1,59.89731204728148,2025-10-02 01h35.46.788180 +0530,
150,v,93,1,23,v,1,0.47112890001153573,None,,,,,23,1,93,1,,,,,235.51181900000665,,235.49629720000667,235.51181900000665,236.49527040001703,236.49527040001703,236.49527040001703,236.49527040001703,236.51186890000827,237.49634179999703,237.49634179999703,237.97946840000805,v,1,0.47112890001153573,None,,,,,,,,,,,,,,,333,001,2025-10-02_01h35.33.085,Motor_sequence_exp,,2025.1.1,59.89731204728148,2025-10-02 01h35.46.788180 +0530,
50,c,94,2,23,c,1,0.5668281999824103,None,,,,,23,2,94,2,,,,,237.99621189999743,,237.97985360000166,237.99621189999743,238.97902160001104,238.97902160001104,238.97902160001104,238.97902160001104,238.99629700000514,239.9796154999931,239.9796154999931,240.56207010001526,c,1,0.5668281999824103,None,,,,,,,,,,,,,,,333,001,2025-10-02_01h35.33.085,Motor_sequence_exp,,2025.1.1,59.89731204728148,2025-10-02 01h35.46.788180 +0530,
-150,z,95,3,23,z,1,0.39080169997760095,None,,,,,23,3,95,3,,,,,240.5785625000135,,240.56246499999543,240.5785625000135,241.56266809999943,241.56266809999943,241.56266809999943,241.56266809999943,241.57929739999236,242.5624480000115,242.5624480000115,242.9623483000032,z,1,0.39080169997760095,None,,,,,,,,,,,,,,,333,001,2025-10-02_01h35.33.085,Motor_sequence_exp,,2025.1.1,59.89731204728148,2025-10-02 01h35.46.788180 +0530,
-50,x,96,0,24,x,1,0.3114369999966584,None,,,,,24,0,96,0,,,,,242.97944200001075,,242.96274869999615,242.97944200001075,243.9629791000043,243.9629791000043,243.9629791000043,243.9629791000043,243.97937909999746,244.9629467999912,244.9629467999912,245.2801749999926,x,1,0.3114369999966584,None,,,,,,,,,,,,,,,333,001,2025-10-02_01h35.33.085,Motor_sequence_exp,,2025.1.1,59.89731204728148,2025-10-02 01h35.46.788180 +0530,
150,v,97,1,24,v,1,0.43652050002128817,None,,,,,24,1,97,1,,,,,245.29499130000477,,245.2806156000006,245.29499130000477,246.27961090000463,246.27961090000463,246.27961090000463,246.27961090000463,246.29661980000674,247.2799243000045,247.2799243000045,247.72948290000204,v,1,0.43652050002128817,None,,,,,,,,,,,,,,,333,001,2025-10-02_01h35.33.085,Motor_sequence_exp,,2025.1.1,59.89731204728148,2025-10-02 01h35.46.788180 +0530,
50,c,98,2,24,c,1,0.5515278000093531,None,,,,,24,2,98,2,,,,,247.74470010001096,,247.72986739999033,247.74470010001096,248.7298870999948,248.7298870999948,248.7298870999948,248.7298870999948,248.7461297000118,249.72973089999869,249.72973089999869,250.29616830000305,c,1,0.5515278000093531,None,,,,,,,,,,,,,,,333,001,2025-10-02_01h35.33.085,Motor_sequence_exp,,2025.1.1,59.89731204728148,2025-10-02 01h35.46.788180 +0530,
-150,z,99,3,24,z,1,0.3893222000042442,None,,,,,24,3,99,3,,,,,250.31336639999063,,250.29656260000775,250.31336639999063,251.31286100001307,251.31286100001307,251.31286100001307,251.31286100001307,251.31286100001307,252.2965733000019,252.2965733000019,252.69649780000327,z,1,0.3893222000042442,None,,,,,,,,,,,,,,,333,001,2025-10-02_01h35.33.085,Motor_sequence_exp,,2025.1.1,59.89731204728148,2025-10-02 01h35.46.788180 +0530,
-50,x,100,0,25,x,1,0.41225480000139214,None,,,,,25,0,100,0,,,,,252.71240819999366,,252.69690880001872,252.71240819999366,253.6965288000065,253.6965288000065,253.6965288000065,253.6965288000065,253.7134042000107,254.696297699993,254.696297699993,255.11288120000972,x,1,0.41225480000139214,None,,,,,,,,,,,,,,,333,001,2025-10-02_01h35.33.085,Motor_sequence_exp,,2025.1.1,59.89731204728148,2025-10-02 01h35.46.788180 +0530,
150,v,101,1,25,v,1,0.5550611999933608,None,,,,,25,1,101,1,,,,,255.1285779000027,,255.11327050000546,255.1285779000027,256.11293930001557,256.11293930001557,256.11293930001557,256.11293930001557,256.13007010001456,257.11294839999755,257.11294839999755,257.67962370000896,v,1,0.5550611999933608,None,,,,,,,,,,,,,,,333,001,2025-10-02_01h35.33.085,Motor_sequence_exp,,2025.1.1,59.89731204728148,2025-10-02 01h35.46.788180 +0530,
50,c,102,2,25,c,1,0.6178444999968633,None,,,,,25,2,102,2,,,,,257.6945580000174,,257.6800834000169,257.6945580000174,258.6966274000006,258.6966274000006,258.6966274000006,258.6966274000006,258.6966274000006,259.6800351999991,259.6800351999991,260.31243230000837,c,1,0.6178444999968633,None,,,,,,,,,,,,,,,333,001,2025-10-02_01h35.33.085,Motor_sequence_exp,,2025.1.1,59.89731204728148,2025-10-02 01h35.46.788180 +0530,
-150,z,103,3,25,z,1,0.4023987000109628,None,,,,,25,3,103,3,,,,,260.32875330001116,,260.3128393999941,260.32875330001116,261.31301939999685,261.31301939999685,261.31301939999685,261.31301939999685,261.32991190001485,262.330040300003,262.330040300003,262.7459008000151,z,1,0.4023987000109628,None,,,,,,,,,,,,,,,333,001,2025-10-02_01h35.33.085,Motor_sequence_exp,,2025.1.1,59.89731204728148,2025-10-02 01h35.46.788180 +0530,
-50,x,104,0,26,x,1,0.30814269999973476,None,,,,,26,0,104,0,,,,,262.76326659999904,,262.74629490001826,262.76326659999904,263.7467413000122,263.7467413000122,263.7467413000122,263.7467413000122,263.7632711000042,264.7472229000123,264.7472229000123,265.063587200013,x,1,0.30814269999973476,None,,,,,,,,,,,,,,,333,001,2025-10-02_01h35.33.085,Motor_sequence_exp,,2025.1.1,59.89731204728148,2025-10-02 01h35.46.788180 +0530,
150,v,105,1,26,v,1,0.3132723000016995,None,,,,,26,1,105,1,,,,,265.0790010000055,,265.06407759999274,265.0790010000055,266.0640992000117,266.0640992000117,266.0640992000117,266.0640992000117,266.07974809998996,267.06336299999384,267.06336299999384,267.38138420000905,v,1,0.3132723000016995,None,,,,,,,,,,,,,,,333,001,2025-10-02_01h35.33.085,Motor_sequence_exp,,2025.1.1,59.89731204728148,2025-10-02 01h35.46.788180 +0530,
50,c,106,2,26,c,1,0.23401690000901,None,,,,,26,2,106,2,,,,,267.39554890000727,,267.38183520000894,267.39554890000727,268.3959392000106,268.3959392000106,268.3959392000106,268.3959392000106,268.3959392000106,269.3966097999946,269.3966097999946,269.64670750001096,c,1,0.23401690000901,None,,,,,,,,,,,,,,,333,001,2025-10-02_01h35.33.085,Motor_sequence_exp,,2025.1.1,59.89731204728148,2025-10-02 01h35.46.788180 +0530,
-150,z,107,3,26,z,1,0.2516266999882646,None,,,,,26,3,107,3,,,,,269.66338740001083,,269.6470913999947,269.66338740001083,270.64604730001884,270.64604730001884,270.64604730001884,270.64604730001884,270.66352709999774,271.64567810000153,271.64567810000153,271.91335610000533,z,1,0.2516266999882646,None,,,,,,,,,,,,,,,333,001,2025-10-02_01h35.33.085,Motor_sequence_exp,,2025.1.1,59.89731204728148,2025-10-02 01h35.46.788180 +0530,
-50,x,108,0,27,x,1,0.23652050000964664,None,,,,,27,0,108,0,,,,,271.9302352000086,,271.91374600000563,271.9302352000086,272.9136075999995,272.9136075999995,272.9136075999995,272.9136075999995,272.9290810000093,273.91303210001206,273.91303210001206,274.16386309999507,x,1,0.23652050000964664,None,,,,,,,,,,,,,,,333,001,2025-10-02_01h35.33.085,Motor_sequence_exp,,2025.1.1,59.89731204728148,2025-10-02 01h35.46.788180 +0530,
150,v,109,1,27,v,1,0.2743435000011232,None,,,,,27,1,109,1,,,,,274.17949000000954,,274.1644709999964,274.17949000000954,275.16350660001626,275.16350660001626,275.16350660001626,275.16350660001626,275.1803828999982,276.1796309000056,276.1796309000056,276.46456270001363,v,1,0.2743435000011232,None,,,,,,,,,,,,,,,333,001,2025-10-02_01h35.33.085,Motor_sequence_exp,,2025.1.1,59.89731204728148,2025-10-02 01h35.46.788180 +0530,
50,c,110,2,27,c,1,0.2208522000000812,None,,,,,27,2,110,2,,,,,276.4784786000091,,276.46516439999687,276.4784786000091,277.4636274999939,277.4636274999939,277.4636274999939,277.4636274999939,277.4801070000103,278.48029300000053,278.48029300000053,278.7127402999904,c,1,0.2208522000000812,None,,,,,,,,,,,,,,,333,001,2025-10-02_01h35.33.085,Motor_sequence_exp,,2025.1.1,59.89731204728148,2025-10-02 01h35.46.788180 +0530,
-150,z,111,3,27,z,1,0.30823520000558347,None,,,,,27,3,111,3,,,,,278.7284152999928,,278.7132707000128,278.7284152999928,279.71359319999465,279.71359319999465,279.71359319999465,279.71359319999465,279.7297330000147,280.7117983000062,280.7117983000062,281.0311568000179,z,1,0.30823520000558347,None,,,,,,,,,,,,,,,333,001,2025-10-02_01h35.33.085,Motor_sequence_exp,,2025.1.1,59.89731204728148,2025-10-02 01h35.46.788180 +0530,
-50,x,112,0,28,x,1,0.6468357999983709,None,,,,,28,0,112,0,,,,,281.04517500000657,,281.0317175000091,281.04517500000657,282.04736180001055,282.04736180001055,282.04736180001055,282.04736180001055,282.04736180001055,283.0469532000134,283.0469532000134,283.69633999999496,x,1,0.6468357999983709,None,,,,,,,,,,,,,,,333,001,2025-10-02_01h35.33.085,Motor_sequence_exp,,2025.1.1,59.89731204728148,2025-10-02 01h35.46.788180 +0530,
150,v,113,1,28,v,1,0.3761553000076674,None,,,,,28,1,113,1,,,,,283.7119512000063,,283.69672320000245,283.7119512000063,284.6971898000047,284.6971898000047,284.6971898000047,284.6971898000047,284.713073299994,285.69618510000873,285.69618510000873,286.08106920000864,v,1,0.3761553000076674,None,,,,,,,,,,,,,,,333,001,2025-10-02_01h35.33.085,Motor_sequence_exp,,2025.1.1,59.89731204728148,2025-10-02 01h35.46.788180 +0530,
50,c,114,2,28,c,1,0.5813908000127412,None,,,,,28,2,114,2,,,,,286.09513070000685,,286.08153200001107,286.09513070000685,287.0808201000036,287.0808201000036,287.0808201000036,287.0808201000036,287.0973290000111,288.08014579999144,288.08014579999144,288.6635479000106,c,1,0.5813908000127412,None,,,,,,,,,,,,,,,333,001,2025-10-02_01h35.33.085,Motor_sequence_exp,,2025.1.1,59.89731204728148,2025-10-02 01h35.46.788180 +0530,
-150,z,115,3,28,z,1,0.692187600012403,None,,,,,28,3,115,3,,,,,288.67924240001594,,288.66393770001014,288.67924240001594,289.67989050000324,289.67989050000324,289.67989050000324,289.67989050000324,289.67989050000324,290.66346730000805,290.66346730000805,291.3643207999994,z,1,0.692187600012403,None,,,,,,,,,,,,,,,333,001,2025-10-02_01h35.33.085,Motor_sequence_exp,,2025.1.1,59.89731204728148,2025-10-02 01h35.46.788180 +0530,
-50,x,116,0,29,x,1,0.6375632999988738,None,,,,,29,0,116,0,,,,,291.3792184999911,,291.36499930001446,291.3792184999911,292.37896560001536,292.37896560001536,292.37896560001536,292.37896560001536,292.37896560001536,293.3637283999997,293.3637283999997,294.01457210001536,x,1,0.6375632999988738,None,,,,,,,,,,,,,,,333,001,2025-10-02_01h35.33.085,Motor_sequence_exp,,2025.1.1,59.89731204728148,2025-10-02 01h35.46.788180 +0530,
150,v,117,1,29,v,1,0.375102500023786,None,,,,,29,1,117,1,,,,,294.0289044000092,,294.01501319999807,294.0289044000092,295.0304676000087,295.0304676000087,295.0304676000087,295.0304676000087,295.0304676000087,296.0304701999994,296.0304701999994,296.41399490000913,v,1,0.375102500023786,None,,,,,,,,,,,,,,,333,001,2025-10-02_01h35.33.085,Motor_sequence_exp,,2025.1.1,59.89731204728148,2025-10-02 01h35.46.788180 +0530,
50,c,118,2,29,c,1,0.3135137999779545,None,,,,,29,2,118,2,,,,,296.4300774000003,,296.41454699999304,296.4300774000003,297.4135210000095,297.4135210000095,297.4135210000095,297.4135210000095,297.43022760000895,298.4134188000171,298.4134188000171,298.7293314000126,c,1,0.3135137999779545,None,,,,,,,,,,,,,,,333,001,2025-10-02_01h35.33.085,Motor_sequence_exp,,2025.1.1,59.89731204728148,2025-10-02 01h35.46.788180 +0530,
-150,z,119,3,29,z,1,0.253433000005316,None,,,,,29,3,119,3,,,,,298.7461258000112,,298.72978759999387,298.7461258000112,299.73047410001163,299.73047410001163,299.73047410001163,299.73047410001163,299.7472145000065,300.7310041000019,300.7310041000019,300.99699529999634,z,1,0.253433000005316,None,,,,,,,,,,,,,,,333,001,2025-10-02_01h35.33.085,Motor_sequence_exp,,2025.1.1,59.89731204728148,2025-10-02 01h35.46.788180 +0530,
-50,x,120,0,30,x,1,0.27638339999248274,None,,,,,30,0,120,0,,,,,301.0135322000133,,300.99738650000654,301.0135322000133,302.01232149999123,302.01232149999123,302.01232149999123,302.01232149999123,302.01232149999123,303.0127885999973,303.0127885999973,303.29832659999374,x,1,0.27638339999248274,None,,,,,,,,,,,,,,,333,001,2025-10-02_01h35.33.085,Motor_sequence_exp,,2025.1.1,59.89731204728148,2025-10-02 01h35.46.788180 +0530,
150,v,121,1,30,v,1,0.31193150000763126,None,,,,,30,1,121,1,,,,,303.31284349999623,,303.2989019000088,303.31284349999623,304.3135129000002,304.3135129000002,304.3135129000002,304.3135129000002,304.3135129000002,305.3135276999965,305.3135276999965,305.6316058000084,v,1,0.31193150000763126,None,,,,,,,,,,,,,,,333,001,2025-10-02_01h35.33.085,Motor_sequence_exp,,2025.1.1,59.89731204728148,2025-10-02 01h35.46.788180 +0530,
50,c,122,2,30,c,1,0.3031378000159748,None,,,,,30,2,122,2,,,,,305.6458275000041,,305.63205149999703,305.6458275000041,306.6475330000103,306.6475330000103,306.6475330000103,306.6475330000103,306.6475330000103,307.6466824999952,307.6466824999952,307.96301929999026,c,1,0.3031378000159748,None,,,,,,,,,,,,,,,333,001,2025-10-02_01h35.33.085,Motor_sequence_exp,,2025.1.1,59.89731204728148,2025-10-02 01h35.46.788180 +0530,
-150,z,123,3,30,z,1,0.24671909998869523,None,,,,,30,3,123,3,,,,,307.9803466000012,,307.96340720000444,307.9803466000012,308.9639419000014,308.9639419000014,308.9639419000014,308.9639419000014,308.98049300001003,309.96403490001103,309.96403490001103,310.21395440000924,z,1,0.24671909998869523,None,,,,,,,,,,,,,,,333,001,2025-10-02_01h35.33.085,Motor_sequence_exp,,2025.1.1,59.89731204728148,2025-10-02 01h35.46.788180 +0530,
-50,x,124,0,31,x,1,0.3016359999892302,None,,,,,31,0,124,0,,,,,310.22911780001596,,310.2143367000099,310.22911780001596,311.2289674000058,311.2289674000058,311.2289674000058,311.2289674000058,311.2289674000058,312.229070100002,312.229070100002,312.5473544000124,x,1,0.3016359999892302,None,,,,,,,,,,,,,,,333,001,2025-10-02_01h35.33.085,Motor_sequence_exp,,2025.1.1,59.89731204728148,2025-10-02 01h35.46.788180 +0530,
150,v,125,1,31,v,1,0.2400981000100728,None,,,,,31,1,125,1,,,,,312.5634205999959,,312.54776049999055,312.5634205999959,313.56170019999263,313.56170019999263,313.56170019999263,313.56170019999263,313.56170019999263,314.56390810001176,314.56390810001176,314.81477460000315,v,1,0.2400981000100728,None,,,,,,,,,,,,,,,333,001,2025-10-02_01h35.33.085,Motor_sequence_exp,,2025.1.1,59.89731204728148,2025-10-02 01h35.46.788180 +0530,
50,c,126,2,31,c,1,0.3279282999865245,None,,,,,31,2,126,2,,,,,314.82973540000967,,314.8154014000029,314.82973540000967,315.8135452000133,315.8135452000133,315.8135452000133,315.8135452000133,315.83054090000223,316.813997499994,316.813997499994,317.14785760000814,c,1,0.3279282999865245,None,,,,,,,,,,,,,,,333,001,2025-10-02_01h35.33.085,Motor_sequence_exp,,2025.1.1,59.89731204728148,2025-10-02 01h35.46.788180 +0530,
-150,z,127,3,31,z,1,0.3347195999813266,None,,,,,31,3,127,3,,,,,317.1634948000137,,317.14864820000366,317.1634948000137,318.16435959999217,318.16435959999217,318.16435959999217,318.16435959999217,318.16435959999217,319.14783609998995,319.14783609998995,319.4965375000029,z,1,0.3347195999813266,None,,,,,,,,,,,,,,,333,001,2025-10-02_01h35.33.085,Motor_sequence_exp,,2025.1.1,59.89731204728148,2025-10-02 01h35.46.788180 +0530,
-50,x,128,0,32,x,1,0.2641676000203006,None,,,,,32,0,128,0,,,,,319.5123575000034,,319.4969463000016,319.5123575000034,320.4975456999964,320.4975456999964,320.4975456999964,320.4975456999964,320.51263090001885,321.49748250000994,321.49748250000994,321.76434310001787,x,1,0.2641676000203006,None,,,,,,,,,,,,,,,333,001,2025-10-02_01h35.33.085,Motor_sequence_exp,,2025.1.1,59.89731204728148,2025-10-02 01h35.46.788180 +0530,
150,v,129,1,32,v,1,0.27880200001527555,None,,,,,32,1,129,1,,,,,321.7797520000022,,321.76473769999575,321.7797520000022,322.7797630999994,322.7797630999994,322.7797630999994,322.7797630999994,322.7797630999994,323.7807113000017,323.7807113000017,324.0640607000096,v,1,0.27880200001527555,None,,,,,,,,,,,,,,,333,001,2025-10-02_01h35.33.085,Motor_sequence_exp,,2025.1.1,59.89731204728148,2025-10-02 01h35.46.788180 +0530,
50,c,130,2,32,c,1,0.18194559999392368,None,,,,,32,2,130,2,,,,,324.07920949999243,,324.0644766000041,324.07920949999243,325.0647286000021,325.0647286000021,325.0647286000021,325.0647286000021,325.0807625000016,326.0638442999916,326.0638442999916,326.2470135000185,c,1,0.18194559999392368,None,,,,,,,,,,,,,,,333,001,2025-10-02_01h35.33.085,Motor_sequence_exp,,2025.1.1,59.89731204728148,2025-10-02 01h35.46.788180 +0530,
-150,z,131,3,32,z,1,0.26341379998484626,None,,,,,32,3,131,3,,,,,326.2634307999979,,326.2474050000019,326.2634307999979,327.2480256000126,327.2480256000126,327.2480256000126,327.2480256000126,327.26255820001825,328.2475638000178,328.2475638000178,328.51466159999836,z,1,0.26341379998484626,None,,,,,,,,,,,,,,,333,001,2025-10-02_01h35.33.085,Motor_sequence_exp,,2025.1.1,59.89731204728148,2025-10-02 01h35.46.788180 +0530,
-50,x,132,0,33,x,1,0.226803999976255,None,,,,,33,0,132,0,,,,,328.52927040000213,,328.5151230999909,328.52927040000213,329.5140515000094,329.5140515000094,329.5140515000094,329.5140515000094,329.5306580000033,330.5143573000096,330.5143573000096,330.7468802999938,x,1,0.226803999976255,None,,,,,,,,,,,,,,,333,001,2025-10-02_01h35.33.085,Motor_sequence_exp,,2025.1.1,59.89731204728148,2025-10-02 01h35.46.788180 +0530,
150,v,133,1,33,v,1,0.29258979999576695,None,,,,,33,1,133,1,,,,,330.7632311999914,,330.74726460000966,330.7632311999914,331.7476594999898,331.7476594999898,331.7476594999898,331.7476594999898,331.76446470001247,332.7465641000017,332.7465641000017,333.04882230001385,v,1,0.29258979999576695,None,,,,,,,,,,,,,,,333,001,2025-10-02_01h35.33.085,Motor_sequence_exp,,2025.1.1,59.89731204728148,2025-10-02 01h35.46.788180 +0530,
50,c,134,2,33,c,1,0.2833153000101447,None,,,,,33,2,134,2,,,,,333.0633100999985,,333.04921319999266,333.0633100999985,334.0645473000186,334.0645473000186,334.0645473000186,334.0645473000186,334.0645473000186,335.064214300015,335.064214300015,335.3644365000073,c,1,0.2833153000101447,None,,,,,,,,,,,,,,,333,001,2025-10-02_01h35.33.085,Motor_sequence_exp,,2025.1.1,59.89731204728148,2025-10-02 01h35.46.788180 +0530,
-150,z,135,3,33,z,1,0.3070261000248138,None,,,,,33,3,135,3,,,,,335.38083229999756,,335.3648254,335.38083229999756,336.36484310001833,336.36484310001833,336.36484310001833,336.36484310001833,336.38019820000045,337.36445960000856,337.36445960000856,337.6807783000113,z,1,0.3070261000248138,None,,,,,,,,,,,,,,,333,001,2025-10-02_01h35.33.085,Motor_sequence_exp,,2025.1.1,59.89731204728148,2025-10-02 01h35.46.788180 +0530,
-50,x,136,0,34,x,1,0.27810029999818653,None,,,,,34,0,136,0,,,,,337.69742149999365,,337.6813538999995,337.69742149999365,338.68077330000233,338.68077330000233,338.68077330000233,338.68077330000233,338.69753689999925,339.697407700005,339.697407700005,339.98128830001224,x,1,0.27810029999818653,None,,,,,,,,,,,,,,,333,001,2025-10-02_01h35.33.085,Motor_sequence_exp,,2025.1.1,59.89731204728148,2025-10-02 01h35.46.788180 +0530,
150,v,137,1,34,v,1,0.26048970001284033,None,,,,,34,1,137,1,,,,,339.99622870000894,,339.98173410000163,339.99622870000894,340.996387399995,340.996387399995,340.996387399995,340.996387399995,340.996387399995,341.98082130000694,341.98082130000694,342.2486873000162,v,1,0.26048970001284033,None,,,,,,,,,,,,,,,333,001,2025-10-02_01h35.33.085,Motor_sequence_exp,,2025.1.1,59.89731204728148,2025-10-02 01h35.46.788180 +0530,
50,c,138,2,34,c,1,0.27079520002007484,None,,,,,34,2,138,2,,,,,342.2627293000114,,342.24930779999704,342.2627293000114,343.2482774000091,343.2482774000091,343.2482774000091,343.2482774000091,343.2645208000031,344.24816809999174,344.24816809999174,344.5319989999989,c,1,0.27079520002007484,None,,,,,,,,,,,,,,,333,001,2025-10-02_01h35.33.085,Motor_sequence_exp,,2025.1.1,59.89731204728148,2025-10-02 01h35.46.788180 +0530,
-150,z,139,3,34,z,1,0.40185749999363907,None,,,,,34,3,139,3,,,,,344.54609889999847,,344.53262790001463,344.54609889999847,345.54785550001543,345.54785550001543,345.54785550001543,345.54785550001543,345.54785550001543,346.53069310000865,346.53069310000865,346.9469916000089,z,1,0.40185749999363907,None,,,,,,,,,,,,,,,333,001,2025-10-02_01h35.33.085,Motor_sequence_exp,,2025.1.1,59.89731204728148,2025-10-02 01h35.46.788180 +0530,
-50,x,140,0,35,x,1,0.35432119999313727,None,,,,,35,0,140,0,,,,,346.9635893999948,,346.9474097999919,346.9635893999948,347.9479078000004,347.9479078000004,347.9479078000004,347.9479078000004,347.9643584000005,348.9478855000052,348.9478855000052,349.31473760001245,x,1,0.35432119999313727,None,,,,,,,,,,,,,,,333,001,2025-10-02_01h35.33.085,Motor_sequence_exp,,2025.1.1,59.89731204728148,2025-10-02 01h35.46.788180 +0530,
150,v,141,1,35,v,1,0.36617150000529364,None,,,,,35,1,141,1,,,,,349.3296455999953,,349.3151863999956,349.3296455999953,350.3149382999982,350.3149382999982,350.3149382999982,350.3149382999982,350.33051240001805,351.31484310000087,351.31484310000087,351.6977235999948,v,1,0.36617150000529364,None,,,,,,,,,,,,,,,333,001,2025-10-02_01h35.33.085,Motor_sequence_exp,,2025.1.1,59.89731204728148,2025-10-02 01h35.46.788180 +0530,
50,c,142,2,35,c,1,0.2611433000129182,None,,,,,35,2,142,2,,,,,351.7145959000045,,351.6982498000143,351.7145959000045,352.69831490001525,352.69831490001525,352.69831490001525,352.69831490001525,352.714931399998,353.69766060000984,353.69766060000984,353.96414709999226,c,1,0.2611433000129182,None,,,,,,,,,,,,,,,333,001,2025-10-02_01h35.33.085,Motor_sequence_exp,,2025.1.1,59.89731204728148,2025-10-02 01h35.46.788180 +0530,
-150,z,143,3,35,z,1,0.2618027999997139,None,,,,,35,3,143,3,,,,,353.98028980000527,,353.96460480001406,353.98028980000527,354.96480610000435,354.96480610000435,354.96480610000435,354.96480610000435,354.98020779999206,355.9647094999964,355.9647094999964,356.2317125000118,z,1,0.2618027999997139,None,,,,,,,,,,,,,,,333,001,2025-10-02_01h35.33.085,Motor_sequence_exp,,2025.1.1,59.89731204728148,2025-10-02 01h35.46.788180 +0530,
-50,x,144,0,36,x,1,0.2524969999794848,None,,,,,36,0,144,0,,,,,356.24702969999635,,356.23233560001245,356.24702969999635,357.24766950000776,357.24766950000776,357.24766950000776,357.24766950000776,357.24766950000776,358.2313464000181,358.2313464000181,358.4979785000032,x,1,0.2524969999794848,None,,,,,,,,,,,,,,,333,001,2025-10-02_01h35.33.085,Motor_sequence_exp,,2025.1.1,59.89731204728148,2025-10-02 01h35.46.788180 +0530,
150,v,145,1,36,v,1,0.3637411000090651,None,,,,,36,1,145,1,,,,,358.5148353000113,,358.49853730000905,358.5148353000113,359.4981134000118,359.4981134000118,359.4981134000118,359.4981134000118,359.514909599995,360.49775390001014,360.49775390001014,360.86532640000223,v,1,0.3637411000090651,None,,,,,,,,,,,,,,,333,001,2025-10-02_01h35.33.085,Motor_sequence_exp,,2025.1.1,59.89731204728148,2025-10-02 01h35.46.788180 +0530,
50,c,146,2,36,c,1,0.29998340000747703,None,,,,,36,2,146,2,,,,,360.8806125000119,,360.8657807999989,360.8806125000119,361.8652734000061,361.8652734000061,361.8652734000061,361.8652734000061,361.88140099999146,362.8639097000123,362.8639097000123,363.16482380000525,c,1,0.29998340000747703,None,,,,,,,,,,,,,,,333,001,2025-10-02_01h35.33.085,Motor_sequence_exp,,2025.1.1,59.89731204728148,2025-10-02 01h35.46.788180 +0530,
-150,z,147,3,36,z,1,0.30236950001562946,None,,,,,36,3,147,3,,,,,363.1804849000182,,363.16526959999464,363.1804849000182,364.1639885000186,364.1639885000186,364.1639885000186,364.1639885000186,364.1816184000054,365.1645247999986,365.1645247999986,365.4813678000064,z,1,0.30236950001562946,None,,,,,,,,,,,,,,,333,001,2025-10-02_01h35.33.085,Motor_sequence_exp,,2025.1.1,59.89731204728148,2025-10-02 01h35.46.788180 +0530,
-50,x,148,0,37,x,1,0.2918775000143796,None,,,,,37,0,148,0,,,,,365.4983356000157,,365.4817549000145,365.4983356000157,366.48142930000904,366.48142930000904,366.48142930000904,366.48142930000904,366.49841600001673,367.4982632000174,367.4982632000174,367.7994216000079,x,1,0.2918775000143796,None,,,,,,,,,,,,,,,333,001,2025-10-02_01h35.33.085,Motor_sequence_exp,,2025.1.1,59.89731204728148,2025-10-02 01h35.46.788180 +0530,
150,v,149,1,37,v,1,0.3034551000164356,None,,,,,37,1,149,1,,,,,367.81381859999965,,367.80004120001104,367.81381859999965,368.81507780001266,368.81507780001266,368.81507780001266,368.81507780001266,368.81507780001266,369.8146692000155,369.8146692000155,370.131203500001,v,1,0.3034551000164356,None,,,,,,,,,,,,,,,333,001,2025-10-02_01h35.33.085,Motor_sequence_exp,,2025.1.1,59.89731204728148,2025-10-02 01h35.46.788180 +0530,
50,c,150,2,37,c,1,0.25691520000691526,None,,,,,37,2,150,2,,,,,370.1465642999974,,370.13162560001365,370.1465642999974,371.1308512999967,371.1308512999967,371.1308512999967,371.1308512999967,371.1480611000152,372.1307924000139,372.1307924000139,372.3976624000061,c,1,0.25691520000691526,None,,,,,,,,,,,,,,,333,001,2025-10-02_01h35.33.085,Motor_sequence_exp,,2025.1.1,59.89731204728148,2025-10-02 01h35.46.788180 +0530,
-150,z,151,3,37,z,1,0.374830299988389,None,,,,,37,3,151,3,,,,,372.41497720000916,,372.39804960001493,372.41497720000916,373.39746510001714,373.39746510001714,373.39746510001714,373.39746510001714,373.4139598000038,374.3984846000094,374.3984846000094,374.78238750001765,z,1,0.374830299988389,None,,,,,,,,,,,,,,,333,001,2025-10-02_01h35.33.085,Motor_sequence_exp,,2025.1.1,59.89731204728148,2025-10-02 01h35.46.788180 +0530,
-50,x,152,0,38,x,1,0.3116093999997247,None,,,,,38,0,152,0,,,,,374.7965100000147,,374.78300769999623,374.7965100000147,375.79771079999045,375.79771079999045,375.79771079999045,375.79771079999045,375.79771079999045,376.7801519999921,376.7801519999921,377.0974070999946,x,1,0.3116093999997247,None,,,,,,,,,,,,,,,333,001,2025-10-02_01h35.33.085,Motor_sequence_exp,,2025.1.1,59.89731204728148,2025-10-02 01h35.46.788180 +0530,
150,v,153,1,38,v,1,0.3329302999773063,None,,,,,38,1,153,1,,,,,377.1146188999992,,377.0980347000004,377.1146188999992,378.11480159999337,378.11480159999337,378.11480159999337,378.11480159999337,378.11480159999337,379.0987868999946,379.0987868999946,379.44813269999577,v,1,0.3329302999773063,None,,,,,,,,,,,,,,,333,001,2025-10-02_01h35.33.085,Motor_sequence_exp,,2025.1.1,59.89731204728148,2025-10-02 01h35.46.788180 +0530,
50,c,154,2,38,c,1,0.44637350001721643,None,,,,,38,2,154,2,,,,,379.4648656999925,,379.448615900008,379.4648656999925,380.44859720001114,380.44859720001114,380.44859720001114,380.44859720001114,380.4648438000004,381.44853510000394,381.44853510000394,381.899070799991,c,1,0.44637350001721643,None,,,,,,,,,,,,,,,333,001,2025-10-02_01h35.33.085,Motor_sequence_exp,,2025.1.1,59.89731204728148,2025-10-02 01h35.46.788180 +0530,
-150,z,155,3,38,z,1,0.3623745999939274,None,,,,,38,3,155,3,,,,,381.91341269999975,,381.8995300999959,381.91341269999975,382.8988384999975,382.8988384999975,382.8988384999975,382.8988384999975,382.9148458999989,383.91484990000026,383.91484990000026,384.28163169999607,z,1,0.3623745999939274,None,,,,,,,,,,,,,,,333,001,2025-10-02_01h35.33.085,Motor_sequence_exp,,2025.1.1,59.89731204728148,2025-10-02 01h35.46.788180 +0530,
-50,x,156,0,39,x,1,0.2940180000150576,None,,,,,39,0,156,0,,,,,384.29671830000007,,384.2820723000041,384.29671830000007,385.28066590000526,385.28066590000526,385.28066590000526,385.28066590000526,385.29827070000465,386.28159790000063,386.28159790000063,386.5816553000186,x,1,0.2940180000150576,None,,,,,,,,,,,,,,,333,001,2025-10-02_01h35.33.085,Motor_sequence_exp,,2025.1.1,59.89731204728148,2025-10-02 01h35.46.788180 +0530,
150,v,157,1,39,v,1,0.24079829998663627,None,,,,,39,1,157,1,,,,,386.5974552000116,,386.58204040001146,386.5974552000116,387.58137810000335,387.58137810000335,387.58137810000335,387.58137810000335,387.5971236000187,388.58199850001256,388.58199850001256,388.83301299999584,v,1,0.24079829998663627,None,,,,,,,,,,,,,,,333,001,2025-10-02_01h35.33.085,Motor_sequence_exp,,2025.1.1,59.89731204728148,2025-10-02 01h35.46.788180 +0530,
50,c,158,2,39,c,1,0.5747792000183836,None,,,,,39,2,158,2,,,,,388.84806769998977,,388.8335434999899,388.84806769998977,389.8488081000105,389.8488081000105,389.8488081000105,389.8488081000105,389.8488081000105,390.8318691000168,390.8318691000168,391.4150251999963,c,1,0.5747792000183836,None,,,,,,,,,,,,,,,333,001,2025-10-02_01h35.33.085,Motor_sequence_exp,,2025.1.1,59.89731204728148,2025-10-02 01h35.46.788180 +0530,
-150,z,159,3,39,z,1,0.31009610000182875,None,,,,,39,3,159,3,,,,,391.43013470000005,,391.41541580000194,391.43013470000005,392.4136203000089,392.4136203000089,392.4136203000089,392.4136203000089,392.4315459000063,393.4156992000062,393.4156992000062,393.7318160000141,z,1,0.31009610000182875,None,,,,,,,,,,,,,,,333,001,2025-10-02_01h35.33.085,Motor_sequence_exp,,2025.1.1,59.89731204728148,2025-10-02 01h35.46.788180 +0530,
-50,x,160,0,40,x,1,0.289400800014846,None,,,,,40,0,160,0,,,,,393.74688009999227,,393.7322257999913,393.74688009999227,394.7314197999949,394.7314197999949,394.7314197999949,394.7314197999949,394.75067619999754,395.7317256999959,395.7317256999959,396.0328751000052,x,1,0.289400800014846,None,,,,,,,,,,,,,,,333,001,2025-10-02_01h35.33.085,Motor_sequence_exp,,2025.1.1,59.89731204728148,2025-10-02 01h35.46.788180 +0530,
150,v,161,1,40,v,1,0.36912620000657625,None,,,,,40,1,161,1,,,,,396.04685000001336,,396.033314100001,396.04685000001336,397.0488801000174,397.0488801000174,397.0488801000174,397.0488801000174,397.0488801000174,398.03175310001825,398.03175310001825,398.414912200009,v,1,0.36912620000657625,None,,,,,,,,,,,,,,,333,001,2025-10-02_01h35.33.085,Motor_sequence_exp,,2025.1.1,59.89731204728148,2025-10-02 01h35.46.788180 +0530,
50,c,162,2,40,c,1,0.33561169999302365,None,,,,,40,2,162,2,,,,,398.43190900000627,,398.415299699991,398.43190900000627,399.4149813000113,399.4149813000113,399.4149813000113,399.4149813000113,399.4315804000071,400.4154940000153,400.4154940000153,400.76642170001287,c,1,0.33561169999302365,None,,,,,,,,,,,,,,,333,001,2025-10-02_01h35.33.085,Motor_sequence_exp,,2025.1.1,59.89731204728148,2025-10-02 01h35.46.788180 +0530,
-150,z,163,3,40,z,1,0.24323039999580942,None,,,,,40,3,163,3,,,,,400.7802008000144,,400.7669729999907,400.7802008000144,401.765353099996,401.765353099996,401.765353099996,401.765353099996,401.7804821000027,402.7652933000063,402.7652933000063,403.01634160001413,z,1,0.24323039999580942,None,,,,,,,,,,,,,,,333,001,2025-10-02_01h35.33.085,Motor_sequence_exp,,2025.1.1,59.89731204728148,2025-10-02 01h35.46.788180 +0530,
-50,x,164,0,41,x,1,0.26449410000350326,None,,,,,41,0,164,0,,,,,403.0302512999915,,403.01689830000396,403.0302512999915,404.0317808999971,404.0317808999971,404.0317808999971,404.0317808999971,404.0317808999971,405.0321593999979,405.0321593999979,405.2984684999974,x,1,0.26449410000350326,None,,,,,,,,,,,,,,,333,001,2025-10-02_01h35.33.085,Motor_sequence_exp,,2025.1.1,59.89731204728148,2025-10-02 01h35.46.788180 +0530,
150,v,165,1,41,v,1,0.31051479998859577,None,,,,,41,1,165,1,,,,,405.3144622000109,,405.2988801000174,405.3144622000109,406.2986510999908,406.2986510999908,406.2986510999908,406.2986510999908,406.31565920001594,407.2971087000042,407.2971087000042,407.6151336999901,v,1,0.31051479998859577,None,,,,,,,,,,,,,,,333,001,2025-10-02_01h35.33.085,Motor_sequence_exp,,2025.1.1,59.89731204728148,2025-10-02 01h35.46.788180 +0530,
50,c,166,2,41,c,1,0.30133489999570884,None,,,,,41,2,166,2,,,,,407.63215940000373,,407.61552330001723,407.63215940000373,408.6137658999942,408.6137658999942,408.6137658999942,408.6137658999942,408.6486121999915,409.6154502000136,409.6154502000136,409.93211240001256,c,1,0.30133489999570884,None,,,,,,,,,,,,,,,333,001,2025-10-02_01h35.33.085,Motor_sequence_exp,,2025.1.1,59.89731204728148,2025-10-02 01h35.46.788180 +0530,
-150,z,167,3,41,z,1,0.5139135999779683,None,,,,,41,3,167,3,,,,,409.94856069999514,,409.9325699000037,409.94856069999514,410.9323420000146,410.9323420000146,410.9323420000146,410.9323420000146,410.9489225000143,411.93200610001804,411.93200610001804,412.4498588000133,z,1,0.5139135999779683,None,,,,,,,,,,,,,,,333,001,2025-10-02_01h35.33.085,Motor_sequence_exp,,2025.1.1,59.89731204728148,2025-10-02 01h35.46.788180 +0530,
-50,x,168,0,42,c,0,0.5981642999977339,None,,,,,42,0,168,0,,,,,412.4645318000112,,412.45033240001067,412.4645318000112,413.4655274999968,413.4655274999968,413.4655274999968,413.4655274999968,413.4655274999968,414.44728829999804,414.44728829999804,415.0488478000043,c,0,0.5981642999977339,None,,,,,,,,,,,,,,,333,001,2025-10-02_01h35.33.085,Motor_sequence_exp,,2025.1.1,59.89731204728148,2025-10-02 01h35.46.788180 +0530,
150,v,169,1,42,v,1,0.4854139999952167,None,,,,,42,1,169,1,,,,,415.06457310001133,,415.04929860000266,415.06457310001133,416.04793440000503,416.04793440000503,416.04793440000503,416.04793440000503,416.06543069999316,417.0492395000183,417.0492395000183,417.5493473999959,v,1,0.4854139999952167,None,,,,,,,,,,,,,,,333,001,2025-10-02_01h35.33.085,Motor_sequence_exp,,2025.1.1,59.89731204728148,2025-10-02 01h35.46.788180 +0530,
50,c,170,2,42,c,1,1.0042752999870572,None,,,,,42,2,170,2,,,,,417.56409540001187,,417.5497396000137,417.56409540001187,418.54940000001807,418.54940000001807,418.54940000001807,418.54940000001807,418.565251299995,419.5486203999899,419.5486203999899,420.5665801000141,c,1,1.0042752999870572,None,,,,,,,,,,,,,,,333,001,2025-10-02_01h35.33.085,Motor_sequence_exp,,2025.1.1,59.89731204728148,2025-10-02 01h35.46.788180 +0530,
-150,z,171,3,42,z,1,0.3286884999834001,None,,,,,42,3,171,3,,,,,420.58050780001213,,420.5670186000061,420.58050780001213,421.5658984000038,421.5658984000038,421.5658984000038,421.5658984000038,421.58249040000373,422.5658321999945,422.5658321999945,422.8988145000185,z,1,0.3286884999834001,None,,,,,,,,,,,,,,,333,001,2025-10-02_01h35.33.085,Motor_sequence_exp,,2025.1.1,59.89731204728148,2025-10-02 01h35.46.788180 +0530,
-50,x,172,0,43,x,1,0.5454964999807999,None,,,,,43,0,172,0,,,,,422.9158487000095,,422.8992627999978,422.9158487000095,423.8992128999962,423.8992128999962,423.8992128999962,423.8992128999962,423.914818499994,424.89938220000477,424.89938220000477,425.4492767000047,x,1,0.5454964999807999,None,,,,,,,,,,,,,,,333,001,2025-10-02_01h35.33.085,Motor_sequence_exp,,2025.1.1,59.89731204728148,2025-10-02 01h35.46.788180 +0530,
150,v,173,1,43,v,1,0.41797089998726733,None,,,,,43,1,173,1,,,,,425.4642252000049,,425.4496730999963,425.4642252000049,426.4492974000168,426.4492974000168,426.4492974000168,426.4492974000168,426.46690359999775,427.4492120000068,427.4492120000068,427.88286099999095,v,1,0.41797089998726733,None,,,,,,,,,,,,,,,333,001,2025-10-02_01h35.33.085,Motor_sequence_exp,,2025.1.1,59.89731204728148,2025-10-02 01h35.46.788180 +0530,
50,c,174,2,43,c,1,0.6414604000165127,None,,,,,43,2,174,2,,,,,427.89876000001095,,427.8833752000064,427.89876000001095,428.88264500000514,428.88264500000514,428.88264500000514,428.88264500000514,428.8996041000064,429.8817590000108,429.8817590000108,430.53324389999034,c,1,0.6414604000165127,None,,,,,,,,,,,,,,,333,001,2025-10-02_01h35.33.085,Motor_sequence_exp,,2025.1.1,59.89731204728148,2025-10-02 01h35.46.788180 +0530,
-150,z,175,3,43,z,1,0.3935213999939151,None,,,,,43,3,175,3,,,,,430.5482114000188,,430.53370050000376,430.5482114000188,431.53183100000024,431.53183100000024,431.53183100000024,431.53183100000024,431.54863550001755,432.5324882999994,432.5324882999994,432.9330573999905,z,1,0.3935213999939151,None,,,,,,,,,,,,,,,333,001,2025-10-02_01h35.33.085,Motor_sequence_exp,,2025.1.1,59.89731204728148,2025-10-02 01h35.46.788180 +0530,
-50,x,176,0,44,x,1,0.3735109000117518,None,,,,,44,0,176,0,,,,,432.9475267000089,,432.9335895999975,432.9475267000089,433.93294160001096,433.93294160001096,433.93294160001096,433.93294160001096,433.9489925999951,434.93270020000637,434.93270020000637,435.31613079999806,x,1,0.3735109000117518,None,,,,,,,,,,,,,,,333,001,2025-10-02_01h35.33.085,Motor_sequence_exp,,2025.1.1,59.89731204728148,2025-10-02 01h35.46.788180 +0530,
150,v,177,1,44,v,1,0.36414640001021326,None,,,,,44,1,177,1,,,,,435.33192580001196,,435.31670290001784,435.33192580001196,436.31576500000665,436.31576500000665,436.31576500000665,436.31576500000665,436.3312559000042,437.3150733000075,437.3150733000075,437.6821928000136,v,1,0.36414640001021326,None,,,,,,,,,,,,,,,333,001,2025-10-02_01h35.33.085,Motor_sequence_exp,,2025.1.1,59.89731204728148,2025-10-02 01h35.46.788180 +0530,
50,c,178,2,44,c,1,0.3655299000092782,None,,,,,44,2,178,2,,,,,437.6982139000029,,437.6825855000061,437.6982139000029,438.6827270000067,438.6827270000067,438.6827270000067,438.6827270000067,438.6996560000116,439.68245190000744,439.68245190000744,440.04951030001394,c,1,0.3655299000092782,None,,,,,,,,,,,,,,,333,001,2025-10-02_01h35.33.085,Motor_sequence_exp,,2025.1.1,59.89731204728148,2025-10-02 01h35.46.788180 +0530,
-150,z,179,3,44,z,1,0.4081857999844942,None,,,,,44,3,179,3,,,,,440.06530340001336,,440.04991050000535,440.06530340001336,441.04921500000637,441.04921500000637,441.04921500000637,441.04921500000637,441.0663402999926,442.06634350001696,442.06634350001696,442.48306669999147,z,1,0.4081857999844942,None,,,,,,,,,,,,,,,333,001,2025-10-02_01h35.33.085,Motor_sequence_exp,,2025.1.1,59.89731204728148,2025-10-02 01h35.46.788180 +0530,
-50,x,180,0,45,x,1,0.3776198999839835,None,,,,,45,0,180,0,,,,,442.4976607999997,,442.48353560001124,442.4976607999997,443.48180130001856,443.48180130001856,443.48180130001856,443.48180130001856,443.49920200000633,444.4820754000102,444.4820754000102,444.8651003999985,x,1,0.3776198999839835,None,,,,,,,,,,,,,,,333,001,2025-10-02_01h35.33.085,Motor_sequence_exp,,2025.1.1,59.89731204728148,2025-10-02 01h35.46.788180 +0530,
150,v,181,1,45,v,1,0.35593610000796616,None,,,,,45,1,181,1,,,,,444.8825266000058,,444.86548520001816,444.8825266000058,445.8659511000151,445.8659511000151,445.8659511000151,445.8659511000151,445.88318229999277,446.8657571999938,446.8657571999938,447.2332161999948,v,1,0.35593610000796616,None,,,,,,,,,,,,,,,333,001,2025-10-02_01h35.33.085,Motor_sequence_exp,,2025.1.1,59.89731204728148,2025-10-02 01h35.46.788180 +0530,
50,c,182,2,45,c,1,0.4349946999864187,None,,,,,45,2,182,2,,,,,447.2477249999938,,447.2338241999969,447.2477249999938,448.2329260999977,448.2329260999977,448.2329260999977,448.2329260999977,448.2495864999946,449.2322622000065,449.2322622000065,449.6819223999919,c,1,0.4349946999864187,None,,,,,,,,,,,,,,,333,001,2025-10-02_01h35.33.085,Motor_sequence_exp,,2025.1.1,59.89731204728148,2025-10-02 01h35.46.788180 +0530,
-150,z,183,3,45,z,1,0.4129774000030011,None,,,,,45,3,183,3,,,,,449.6994904000021,,449.6823185000103,449.6994904000021,450.68286400000216,450.68286400000216,450.68286400000216,450.68286400000216,450.6992650000029,451.6820161000069,451.6820161000069,452.0988123000134,z,1,0.4129774000030011,None,,,,,,,,,,,,,,,333,001,2025-10-02_01h35.33.085,Motor_sequence_exp,,2025.1.1,59.89731204728148,2025-10-02 01h35.46.788180 +0530,
-50,x,184,0,46,x,1,0.63490649999585,None,,,,,46,0,184,0,,,,,452.1157269999967,,452.0991988000169,452.1157269999967,453.09977279999293,453.09977279999293,453.09977279999293,453.09977279999293,453.11630429999786,454.09991270001046,454.09991270001046,454.748631399998,x,1,0.63490649999585,None,,,,,,,,,,,,,,,333,001,2025-10-02_01h35.33.085,Motor_sequence_exp,,2025.1.1,59.89731204728148,2025-10-02 01h35.46.788180 +0530,
150,v,185,1,46,v,1,0.29704139998648316,None,,,,,46,1,185,1,,,,,454.76614340001834,,454.7492406000092,454.76614340001834,455.74881019999157,455.74881019999157,455.74881019999157,455.74881019999157,455.7663080999919,456.74961749999784,456.74961749999784,457.0501336000161,v,1,0.29704139998648316,None,,,,,,,,,,,,,,,333,001,2025-10-02_01h35.33.085,Motor_sequence_exp,,2025.1.1,59.89731204728148,2025-10-02 01h35.46.788180 +0530,
50,c,186,2,46,c,1,0.44649329999811016,None,,,,,46,2,186,2,,,,,457.06467630001134,,457.0506239999959,457.06467630001134,458.04939000000013,458.04939000000013,458.04939000000013,458.04939000000013,458.06590449999203,459.04962930001784,459.04962930001784,459.49963269999716,c,1,0.44649329999811016,None,,,,,,,,,,,,,,,333,001,2025-10-02_01h35.33.085,Motor_sequence_exp,,2025.1.1,59.89731204728148,2025-10-02 01h35.46.788180 +0530,
-150,z,187,3,46,z,1,0.5472875999985263,None,,,,,46,3,187,3,,,,,459.51530659999116,,459.50013390000095,459.51530659999116,460.4991330000048,460.4991330000048,460.4991330000048,460.4991330000048,460.5165457999974,461.4987082000007,461.4987082000007,462.0491062999936,z,1,0.5472875999985263,None,,,,,,,,,,,,,,,333,001,2025-10-02_01h35.33.085,Motor_sequence_exp,,2025.1.1,59.89731204728148,2025-10-02 01h35.46.788180 +0530,
-50,x,188,0,47,x,1,0.28457270000944845,None,,,,,47,0,188,0,,,,,462.0653325000021,,462.0494972000015,462.0653325000021,463.04945849999785,463.04945849999785,463.04945849999785,463.04945849999785,463.0664267000102,464.04965570001514,464.04965570001514,464.34904420000385,x,1,0.28457270000944845,None,,,,,,,,,,,,,,,333,001,2025-10-02_01h35.33.085,Motor_sequence_exp,,2025.1.1,59.89731204728148,2025-10-02 01h35.46.788180 +0530,
150,v,189,1,47,v,1,0.33616380000603385,None,,,,,47,1,189,1,,,,,464.3657048000023,,464.34956659999443,464.3657048000023,465.349500500015,465.349500500015,465.349500500015,465.349500500015,465.36548910001875,466.3497858000046,466.3497858000046,466.6988558000012,v,1,0.33616380000603385,None,,,,,,,,,,,,,,,333,001,2025-10-02_01h35.33.085,Motor_sequence_exp,,2025.1.1,59.89731204728148,2025-10-02 01h35.46.788180 +0530,
50,c,190,2,47,c,1,0.30860270000994205,None,,,,,47,2,190,2,,,,,466.7148345000169,,466.69944349999423,466.7148345000169,467.6996962999983,467.6996962999983,467.6996962999983,467.6996962999983,467.71485089999624,468.69817799999146,468.69817799999146,469.01661710001645,c,1,0.30860270000994205,None,,,,,,,,,,,,,,,333,001,2025-10-02_01h35.33.085,Motor_sequence_exp,,2025.1.1,59.89731204728148,2025-10-02 01h35.46.788180 +0530,
-150,z,191,3,47,z,1,0.35087949997978285,None,,,,,47,3,191,3,,,,,469.031638400018,,469.0170594000083,469.031638400018,470.01604449999286,470.01604449999286,470.01604449999286,470.01604449999286,470.0332810000109,471.0164679000154,471.0164679000154,471.3827713000064,z,1,0.35087949997978285,None,,,,,,,,,,,,,,,333,001,2025-10-02_01h35.33.085,Motor_sequence_exp,,2025.1.1,59.89731204728148,2025-10-02 01h35.46.788180 +0530,
-50,x,192,0,48,x,1,0.3649348999897484,None,,,,,48,0,192,0,,,,,471.39942930001416,,471.3832524000027,471.39942930001416,472.3830192000023,472.3830192000023,472.3830192000023,472.3830192000023,472.3982121000008,473.3823509000067,473.3823509000067,473.75037610001164,x,1,0.3649348999897484,None,,,,,,,,,,,,,,,333,001,2025-10-02_01h35.33.085,Motor_sequence_exp,,2025.1.1,59.89731204728148,2025-10-02 01h35.46.788180 +0530,
150,v,193,1,48,v,1,0.4047955000132788,None,,,,,48,1,193,1,,,,,473.7654484999948,,473.750835200015,473.7654484999948,474.764714799996,474.764714799996,474.764714799996,474.764714799996,474.764714799996,475.76606029999675,475.76606029999675,476.18285000001197,v,1,0.4047955000132788,None,,,,,,,,,,,,,,,333,001,2025-10-02_01h35.33.085,Motor_sequence_exp,,2025.1.1,59.89731204728148,2025-10-02 01h35.46.788180 +0530,
50,c,194,2,48,c,1,0.43101800000295043,None,,,,,48,2,194,2,,,,,476.19949600001564,,476.1833210000186,476.19949600001564,477.18316750001395,477.18316750001395,477.18316750001395,477.18316750001395,477.20008040001267,478.18303479999304,478.18303479999304,478.61642619999475,c,1,0.43101800000295043,None,,,,,,,,,,,,,,,333,001,2025-10-02_01h35.33.085,Motor_sequence_exp,,2025.1.1,59.89731204728148,2025-10-02 01h35.46.788180 +0530,
-150,z,195,3,48,z,1,0.23987630000920035,None,,,,,48,3,195,3,,,,,478.6321772999945,,478.6169780000055,478.6321772999945,479.6161521000031,479.6161521000031,479.6161521000031,479.6161521000031,479.6319564000005,480.61662340001203,480.61662340001203,480.86555660000886,z,1,0.23987630000920035,None,,,,,,,,,,,,,,,333,001,2025-10-02_01h35.33.085,Motor_sequence_exp,,2025.1.1,59.89731204728148,2025-10-02 01h35.46.788180 +0530,
-50,x,196,0,49,x,1,0.21617650002008304,None,,,,,49,0,196,0,,,,,480.8823759999941,,480.86606500000926,480.8823759999941,481.86569249999593,481.86569249999593,481.86569249999593,481.86569249999593,481.88323850001325,482.86505359999137,482.86505359999137,483.084511699999,x,1,0.21617650002008304,None,,,,,,,,,,,,,,,333,001,2025-10-02_01h35.33.085,Motor_sequence_exp,,2025.1.1,59.89731204728148,2025-10-02 01h35.46.788180 +0530,
150,v,197,1,49,v,1,0.23640700001851656,None,,,,,49,1,197,1,,,,,483.09955260000424,,483.084898400004,483.09955260000424,484.1000531000027,484.1000531000027,484.1000531000027,484.1000531000027,484.1000531000027,485.09979219999514,485.09979219999514,485.3500428000116,v,1,0.23640700001851656,None,,,,,,,,,,,,,,,333,001,2025-10-02_01h35.33.085,Motor_sequence_exp,,2025.1.1,59.89731204728148,2025-10-02 01h35.46.788180 +0530,
50,c,198,2,49,c,1,0.25100129999918863,None,,,,,49,2,198,2,,,,,485.36646109999856,,485.3505692000035,485.36646109999856,486.366631700017,486.366631700017,486.366631700017,486.366631700017,486.366631700017,487.3495273000153,487.3495273000153,487.61714159999974,c,1,0.25100129999918863,None,,,,,,,,,,,,,,,333,001,2025-10-02_01h35.33.085,Motor_sequence_exp,,2025.1.1,59.89731204728148,2025-10-02 01h35.46.788180 +0530,
-150,z,199,3,49,z,1,0.19141689999378286,None,,,,,49,3,199,3,,,,,487.63362400000915,,487.6175318000023,487.63362400000915,488.6163014000049,488.6163014000049,488.6163014000049,488.6163014000049,488.63300689999596,489.6165238000103,489.6165238000103,489.81654610001715,z,1,0.19141689999378286,None,,,,,,,,,,,,,,,333,001,2025-10-02_01h35.33.085,Motor_sequence_exp,,2025.1.1,59.89731204728148,2025-10-02 01h35.46.788180 +0530,
150,v,0,0,0,,,,,v,1,0.6067196000076365,None,,,,,0,0,0,1,489.8376813000068,,,,,,,,,,,,,,,,489.826671399991,489.8376813000068,490.81736059999093,490.81736059999093,490.81736059999093,490.81736059999093,490.85008060000837,491.8152797000075,491.8152797000075,492.43325190001633,v,1,0.6067196000076365,None,333,001,2025-10-02_01h35.33.085,Motor_sequence_exp,,2025.1.1,59.89731204728148,2025-10-02 01h35.46.788180 +0530,
50,c,1,1,0,,,,,c,1,1.252872999990359,None,,,,,0,1,1,2,492.45017150000785,,,,,,,,,,,,,,,,492.4339008000097,492.45017150000785,493.43299930001376,493.43299930001376,493.43299930001376,493.43299930001376,493.4503035999951,494.4335931999958,494.4335931999958,495.6995799000142,c,1,1.252872999990359,None,333,001,2025-10-02_01h35.33.085,Motor_sequence_exp,,2025.1.1,59.89731204728148,2025-10-02 01h35.46.788180 +0530,
-150,z,2,2,0,,,,,z,1,1.747924499999499,None,,,,,0,2,2,3,495.7163056000136,,,,,,,,,,,,,,,,495.70029959999374,495.7163056000136,496.7000373000046,496.7000373000046,496.7000373000046,496.7000373000046,496.71583560001454,497.7003316000046,497.7003316000046,499.45089340000413,z,1,1.747924499999499,None,333,001,2025-10-02_01h35.33.085,Motor_sequence_exp,,2025.1.1,59.89731204728148,2025-10-02 01h35.46.788180 +0530,
150,v,3,3,1,,,,,v,1,0.8237325000227429,None,,,,,1,3,3,1,499.4658371999976,,,,,,,,,,,,,,,,499.451564100018,499.4658371999976,500.4503346999991,500.4503346999991,500.4503346999991,500.4503346999991,500.46656780000194,501.4500229000114,501.4500229000114,502.28481850001845,v,1,0.8237325000227429,None,333,001,2025-10-02_01h35.33.085,Motor_sequence_exp,,2025.1.1,59.89731204728148,2025-10-02 01h35.46.788180 +0530,
-50,x,4,4,0,,,,,x,1,1.4104067999869585,None,,,,,0,4,4,0,502.29939980001654,,,,,,,,,,,,,,,,502.2855647999968,502.29939980001654,503.3005526000052,503.3005526000052,503.3005526000052,503.3005526000052,503.3005526000052,504.299330800015,504.299330800015,505.7177182000014,x,1,1.4104067999869585,None,333,001,2025-10-02_01h35.33.085,Motor_sequence_exp,,2025.1.1,59.89731204728148,2025-10-02 01h35.46.788180 +0530,
-50,x,5,5,1,,,,,x,1,1.8010803000070155,None,,,,,1,5,5,0,505.7318954000075,,,,,,,,,,,,,,,,505.7184028000047,505.7318954000075,506.7171966000169,506.7171966000169,506.7171966000169,506.7171966000169,506.7337186000077,507.7170740000147,507.7170740000147,509.53414740000153,x,1,1.8010803000070155,None,333,001,2025-10-02_01h35.33.085,Motor_sequence_exp,,2025.1.1,59.89731204728148,2025-10-02 01h35.46.788180 +0530,
-150,z,6,6,1,,,,,z,1,1.0602978999959305,None,,,,,1,6,6,3,509.54895739999483,,,,,,,,,,,,,,,,509.5348106000165,509.54895739999483,510.53356129999156,510.53356129999156,510.53356129999156,510.53356129999156,510.55074410000816,511.5335170000035,511.5335170000035,512.5995521000004,z,1,1.0602978999959305,None,333,001,2025-10-02_01h35.33.085,Motor_sequence_exp,,2025.1.1,59.89731204728148,2025-10-02 01h35.46.788180 +0530,
50,c,7,7,1,,,,,c,1,1.529904600000009,None,,,,,1,7,7,2,512.6159628000169,,,,,,,,,,,,,,,,512.6001664999931,512.6159628000169,513.6003331000102,513.6003331000102,513.6003331000102,513.6003331000102,513.6165303000016,514.6006790999963,514.6006790999963,516.1334842999931,c,1,1.529904600000009,None,333,001,2025-10-02_01h35.33.085,Motor_sequence_exp,,2025.1.1,59.89731204728148,2025-10-02 01h35.46.788180 +0530,
150,v,8,8,2,,,,,v,1,1.2555924000043888,None,,,,,2,8,8,1,516.1497653000115,,,,,,,,,,,,,,,,516.1340817000018,516.1497653000115,517.1339125999948,517.1339125999948,517.1339125999948,517.1339125999948,517.151357499999,518.1340266999905,518.1340266999905,519.3996556999919,v,1,1.2555924000043888,None,333,001,2025-10-02_01h35.33.085,Motor_sequence_exp,,2025.1.1,59.89731204728148,2025-10-02 01h35.46.788180 +0530,
50,c,9,9,2,,,,,c,1,1.0252060999919195,None,,,,,2,9,9,2,519.4173586000106,,,,,,,,,,,,,,,,519.400364000001,519.4173586000106,520.4007318000076,520.4007318000076,520.4007318000076,520.4007318000076,520.417326099996,521.4008246000158,521.4008246000158,522.4334468000161,c,1,1.0252060999919195,None,333,001,2025-10-02_01h35.33.085,Motor_sequence_exp,,2025.1.1,59.89731204728148,2025-10-02 01h35.46.788180 +0530,
-50,x,10,10,2,,,,,x,1,1.5134083000011742,None,,,,,2,10,10,0,522.4495197999931,,,,,,,,,,,,,,,,522.4341055999976,522.4495197999931,523.4339986999985,523.4339986999985,523.4339986999985,523.4339986999985,523.450332700013,524.4332561999909,524.4332561999909,525.9507004999905,x,1,1.5134083000011742,None,333,001,2025-10-02_01h35.33.085,Motor_sequence_exp,,2025.1.1,59.89731204728148,2025-10-02 01h35.46.788180 +0530,
-150,z,11,11,2,,,,,z,1,0.446908700017957,None,,,,,2,11,11,3,525.9655266999907,,,,,,,,,,,,,,,,525.9513818999985,525.9655266999907,526.950548599998,526.950548599998,526.950548599998,526.950548599998,526.9675972000114,527.9503751000157,527.9503751000157,528.4007092000102,z,1,0.446908700017957,None,333,001,2025-10-02_01h35.33.085,Motor_sequence_exp,,2025.1.1,59.89731204728148,2025-10-02 01h35.46.788180 +0530,
50,c,12,12,3,,,,,c,1,1.383809899998596,None,,,,,3,12,12,2,528.4157680000062,,,,,,,,,,,,,,,,528.4013862000138,528.4157680000062,529.3999017000024,529.3999017000024,529.3999017000024,529.3999017000024,529.4164092999999,530.4006570999918,530.4006570999918,531.8011572000105,c,1,1.383809899998596,None,333,001,2025-10-02_01h35.33.085,Motor_sequence_exp,,2025.1.1,59.89731204728148,2025-10-02 01h35.46.788180 +0530,
-150,z,13,13,3,,,,,z,1,0.6682608999835793,None,,,,,3,13,13,3,531.8160858000047,,,,,,,,,,,,,,,,531.8021286000148,531.8160858000047,532.8006859000016,532.8006859000016,532.8006859000016,532.8006859000016,532.8174068999942,533.8170807000133,533.8170807000133,534.5002203000186,z,1,0.6682608999835793,None,333,001,2025-10-02_01h35.33.085,Motor_sequence_exp,,2025.1.1,59.89731204728148,2025-10-02 01h35.46.788180 +0530,
-150,z,14,14,4,,,,,z,1,0.5304055000015069,None,,,,,4,14,14,3,534.5165186999948,,,,,,,,,,,,,,,,534.5009655000176,534.5165186999948,535.4999458999955,535.4999458999955,535.4999458999955,535.4999458999955,535.517499700014,536.5002991000074,536.5002991000074,537.0333218000014,z,1,0.5304055000015069,None,333,001,2025-10-02_01h35.33.085,Motor_sequence_exp,,2025.1.1,59.89731204728148,2025-10-02 01h35.46.788180 +0530,
-50,x,15,15,3,,,,,x,1,1.1574444999860134,None,,,,,3,15,15,0,537.0504755000002,,,,,,,,,,,,,,,,537.0339211999963,537.0504755000002,538.0347236999951,538.0347236999951,538.0347236999951,538.0347236999951,538.0512371000077,539.0342718000175,539.0342718000175,540.2016666000127,x,1,1.1574444999860134,None,333,001,2025-10-02_01h35.33.085,Motor_sequence_exp,,2025.1.1,59.89731204728148,2025-10-02 01h35.46.788180 +0530,
50,c,16,16,4,,,,,c,1,1.4513236999919172,None,,,,,4,16,16,2,540.215597900009,,,,,,,,,,,,,,,,540.2026096000045,540.215597900009,541.2006438999961,541.2006438999961,541.2006438999961,541.2006438999961,541.2178008999908,542.2010662000102,542.2010662000102,543.6668666000187,c,1,1.4513236999919172,None,333,001,2025-10-02_01h35.33.085,Motor_sequence_exp,,2025.1.1,59.89731204728148,2025-10-02 01h35.46.788180 +0530,
-50,x,17,17,4,,,,,x,1,1.4598066000035033,None,,,,,4,17,17,0,543.6839267000032,,,,,,,,,,,,,,,,543.6674902999948,543.6839267000032,544.6670281999977,544.6670281999977,544.6670281999977,544.6670281999977,544.6844608999963,545.6666382999974,545.6666382999974,547.135153500014,x,1,1.4598066000035033,None,333,001,2025-10-02_01h35.33.085,Motor_sequence_exp,,2025.1.1,59.89731204728148,2025-10-02 01h35.46.788180 +0530,
-150,z,18,18,5,,,,,z,1,0.5662130000127945,None,,,,,5,18,18,3,547.1497644000046,,,,,,,,,,,,,,,,547.1359287000087,547.1497644000046,548.1511097000039,548.1511097000039,548.1511097000039,548.1511097000039,548.1511097000039,549.150811200001,549.150811200001,549.7340051000065,z,1,0.5662130000127945,None,333,001,2025-10-02_01h35.33.085,Motor_sequence_exp,,2025.1.1,59.89731204728148,2025-10-02 01h35.46.788180 +0530,
150,v,19,19,3,,,,,v,1,1.4909327999921516,None,,,,,3,19,19,1,549.7504306999908,,,,,,,,,,,,,,,,549.7347298999957,549.7504306999908,550.7340530999936,550.7340530999936,550.7340530999936,550.7340530999936,550.7514386000112,551.7347329999902,551.7347329999902,553.2340718999912,v,1,1.4909327999921516,None,333,001,2025-10-02_01h35.33.085,Motor_sequence_exp,,2025.1.1,59.89731204728148,2025-10-02 01h35.46.788180 +0530,
150,v,20,20,4,,,,,v,1,0.9744344000064302,None,,,,,4,20,20,1,553.2496854999918,,,,,,,,,,,,,,,,553.2353278000082,553.2496854999918,554.2335001000029,554.2335001000029,554.2335001000029,554.2335001000029,554.2512223999947,555.2341630000155,555.2341630000155,556.2182995000039,v,1,0.9744344000064302,None,333,001,2025-10-02_01h35.33.085,Motor_sequence_exp,,2025.1.1,59.89731204728148,2025-10-02 01h35.46.788180 +0530,
50,c,21,21,5,,,,,c,1,1.0258213999914005,None,,,,,5,21,21,2,556.2333629000059,,,,,,,,,,,,,,,,556.2192113999918,556.2333629000059,557.2173345999909,557.2173345999909,557.2173345999909,557.2173345999909,557.2340488999907,558.2180298000167,558.2180298000167,559.250159999996,c,1,1.0258213999914005,None,333,001,2025-10-02_01h35.33.085,Motor_sequence_exp,,2025.1.1,59.89731204728148,2025-10-02 01h35.46.788180 +0530,
50,c,22,22,6,,,,,c,1,0.5438553999993019,None,,,,,6,22,22,2,559.2661613000091,,,,,,,,,,,,,,,,559.2508357999905,559.2661613000091,560.2508484999998,560.2508484999998,560.2508484999998,560.2508484999998,560.2676556000079,561.2509092999971,561.2509092999971,561.8020713000151,c,1,0.5438553999993019,None,333,001,2025-10-02_01h35.33.085,Motor_sequence_exp,,2025.1.1,59.89731204728148,2025-10-02 01h35.46.788180 +0530,
50,c,23,23,7,,,,,c,1,0.9098956000234466,None,,,,,7,23,23,2,561.8166476000042,,,,,,,,,,,,,,,,561.802812400012,561.8166476000042,562.8177322999982,562.8177322999982,562.8177322999982,562.8177322999982,562.8177322999982,563.801314900018,563.801314900018,564.7177995000093,c,1,0.9098956000234466,None,333,001,2025-10-02_01h35.33.085,Motor_sequence_exp,,2025.1.1,59.89731204728148,2025-10-02 01h35.46.788180 +0530,
150,v,24,24,5,,,,,v,1,0.7732870999898296,None,,,,,5,24,24,1,564.732842700003,,,,,,,,,,,,,,,,564.7184210999985,564.732842700003,565.7176180999959,565.7176180999959,565.7176180999959,565.7176180999959,565.7341586000111,566.7187451999926,566.7187451999926,567.5019257999957,v,1,0.7732870999898296,None,333,001,2025-10-02_01h35.33.085,Motor_sequence_exp,,2025.1.1,59.89731204728148,2025-10-02 01h35.46.788180 +0530,
-50,x,25,25,5,,,,,x,1,0.9707563000265509,None,,,,,5,25,25,0,567.5170615999959,,,,,,,,,,,,,,,,567.5025854000123,567.5170615999959,568.50136319999,568.50136319999,568.50136319999,568.50136319999,568.5181309999898,569.5174082000158,569.5174082000158,570.5022219000093,x,1,0.9707563000265509,None,333,001,2025-10-02_01h35.33.085,Motor_sequence_exp,,2025.1.1,59.89731204728148,2025-10-02 01h35.46.788180 +0530,
-150,z,26,26,6,,,,,z,1,0.7826943999971263,None,,,,,6,26,26,3,570.5164144000155,,,,,,,,,,,,,,,,570.5028838000144,570.5164144000155,571.501382699993,571.501382699993,571.501382699993,571.501382699993,571.5179399999906,572.5016077999899,572.5016077999899,573.3021548000106,z,1,0.7826943999971263,None,333,001,2025-10-02_01h35.33.085,Motor_sequence_exp,,2025.1.1,59.89731204728148,2025-10-02 01h35.46.788180 +0530,
-150,z,27,27,7,,,,,z,1,1.1061058000195771,None,,,,,7,27,27,3,573.3172875000164,,,,,,,,,,,,,,,,573.3028555999917,573.3172875000164,574.3006014999992,574.3006014999992,574.3006014999992,574.3006014999992,574.3178095000039,575.3017472999927,575.3017472999927,576.4186122000101,z,1,1.1061058000195771,None,333,001,2025-10-02_01h35.33.085,Motor_sequence_exp,,2025.1.1,59.89731204728148,2025-10-02 01h35.46.788180 +0530,
150,v,28,28,6,,,,,v,1,1.402192500012461,None,,,,,6,28,28,1,576.4338162000058,,,,,,,,,,,,,,,,576.4192866999947,576.4338162000058,577.4170116000168,577.4170116000168,577.4170116000168,577.4170116000168,577.4344695000036,578.4181865999999,578.4181865999999,579.8341975999938,v,1,1.402192500012461,None,333,001,2025-10-02_01h35.33.085,Motor_sequence_exp,,2025.1.1,59.89731204728148,2025-10-02 01h35.46.788180 +0530,
-150,z,29,29,8,,,,,z,1,0.5986803999985568,None,,,,,8,29,29,3,579.8512540000083,,,,,,,,,,,,,,,,579.8348243999935,579.8512540000083,580.8343109000125,580.8343109000125,580.8343109000125,580.8343109000125,580.8543146000011,581.8346167000127,581.8346167000127,582.4352738000161,z,1,0.5986803999985568,None,333,001,2025-10-02_01h35.33.085,Motor_sequence_exp,,2025.1.1,59.89731204728148,2025-10-02 01h35.46.788180 +0530,
-150,z,30,30,9,,,,,z,1,0.4227256999874953,None,,,,,9,30,30,3,582.4504787000187,,,,,,,,,,,,,,,,582.4358762000047,582.4504787000187,583.4345075000019,583.4345075000019,583.4345075000019,583.4345075000019,583.4513198999921,584.4517315000121,584.4517315000121,584.8847912999918,z,1,0.4227256999874953,None,333,001,2025-10-02_01h35.33.085,Motor_sequence_exp,,2025.1.1,59.89731204728148,2025-10-02 01h35.46.788180 +0530,
150,v,31,31,7,,,,,v,1,0.5132731999910902,None,,,,,7,31,31,1,584.9014615000051,,,,,,,,,,,,,,,,584.8853904000134,584.9014615000051,585.8846438000037,585.8846438000037,585.8846438000037,585.8846438000037,585.8999069000129,586.8850379000069,586.8850379000069,587.4020324000157,v,1,0.5132731999910902,None,333,001,2025-10-02_01h35.33.085,Motor_sequence_exp,,2025.1.1,59.89731204728148,2025-10-02 01h35.46.788180 +0530,
50,c,32,32,8,,,,,c,1,0.5733955999894533,None,,,,,8,32,32,2,587.4165605000162,,,,,,,,,,,,,,,,587.402705400018,587.4165605000162,588.41876890001,588.41876890001,588.41876890001,588.41876890001,588.41876890001,589.4020692000049,589.4020692000049,589.9861833000032,c,1,0.5733955999894533,None,333,001,2025-10-02_01h35.33.085,Motor_sequence_exp,,2025.1.1,59.89731204728148,2025-10-02 01h35.46.788180 +0530,
50,c,33,33,9,,,,,c,1,0.4730404999863822,None,,,,,9,33,33,2,589.9998515000043,,,,,,,,,,,,,,,,589.9870705000067,589.9998515000043,591.001059400005,591.001059400005,591.001059400005,591.001059400005,591.001059400005,591.9849277000176,591.9849277000176,592.469545400003,c,1,0.4730404999863822,None,333,001,2025-10-02_01h35.33.085,Motor_sequence_exp,,2025.1.1,59.89731204728148,2025-10-02 01h35.46.788180 +0530,
150,v,34,34,8,,,,,v,1,1.2751112999976613,None,,,,,8,34,34,1,592.4837392999907,,,,,,,,,,,,,,,,592.4702426000149,592.4837392999907,593.4849032000056,593.4849032000056,593.4849032000056,593.4849032000056,593.4849032000056,594.4853174000164,594.4853174000164,595.7681829000067,v,1,1.2751112999976613,None,333,001,2025-10-02_01h35.33.085,Motor_sequence_exp,,2025.1.1,59.89731204728148,2025-10-02 01h35.46.788180 +0530,
-150,z,35,35,10,,,,,z,1,0.7526613000081852,None,,,,,10,35,35,3,595.7833976999973,,,,,,,,,,,,,,,,595.7688521000091,595.7833976999973,596.7683375999914,596.7683375999914,596.7683375999914,596.7683375999914,596.785040000017,597.7684085000074,597.7684085000074,598.5357596999966,z,1,0.7526613000081852,None,333,001,2025-10-02_01h35.33.085,Motor_sequence_exp,,2025.1.1,59.89731204728148,2025-10-02 01h35.46.788180 +0530,
50,c,36,36,10,,,,,c,1,0.7692747999972198,None,,,,,10,36,36,2,598.5501446000126,,,,,,,,,,,,,,,,598.5367789000156,598.5501446000126,599.5508740000078,599.5508740000078,599.5508740000078,599.5508740000078,599.5508740000078,600.5344173999911,600.5344173999911,601.3183124999923,c,1,0.7692747999972198,None,333,001,2025-10-02_01h35.33.085,Motor_sequence_exp,,2025.1.1,59.89731204728148,2025-10-02 01h35.46.788180 +0530,
50,c,37,37,11,,,,,c,1,1.8703022999980021,None,,,,,11,37,37,2,601.3349691999902,,,,,,,,,,,,,,,,601.3189490000077,601.3349691999902,602.3185467000003,602.3185467000003,602.3185467000003,602.3185467000003,602.3354233000136,603.3184082999942,603.3184082999942,605.2029146999994,c,1,1.8703022999980021,None,333,001,2025-10-02_01h35.33.085,Motor_sequence_exp,,2025.1.1,59.89731204728148,2025-10-02 01h35.46.788180 +0530,
150,v,38,38,9,,,,,v,1,1.3767823000089265,None,,,,,9,38,38,1,605.2175179999904,,,,,,,,,,,,,,,,605.2037155000144,605.2175179999904,606.2012603000039,606.2012603000039,606.2012603000039,606.2012603000039,606.2186138000106,607.2184156000149,607.2184156000149,608.6026038000127,v,1,1.3767823000089265,None,333,001,2025-10-02_01h35.33.085,Motor_sequence_exp,,2025.1.1,59.89731204728148,2025-10-02 01h35.46.788180 +0530,
50,c,39,39,12,,,,,c,1,1.1783047999779228,None,,,,,12,39,39,2,608.6168920999917,,,,,,,,,,,,,,,,608.603454600001,608.6168920999917,609.618776599993,609.618776599993,609.618776599993,609.618776599993,609.618776599993,610.6185566000058,610.6185566000058,611.801604200009,c,1,1.1783047999779228,None,333,001,2025-10-02_01h35.33.085,Motor_sequence_exp,,2025.1.1,59.89731204728148,2025-10-02 01h35.46.788180 +0530,
50,c,40,40,13,,,,,c,1,1.1026305999839678,None,,,,,13,40,40,2,611.817756000004,,,,,,,,,,,,,,,,611.8023562000017,611.817756000004,612.8004098999954,612.8004098999954,612.8004098999954,612.8004098999954,612.817510199995,613.8165461000171,613.8165461000171,614.935385299992,c,1,1.1026305999839678,None,333,001,2025-10-02_01h35.33.085,Motor_sequence_exp,,2025.1.1,59.89731204728148,2025-10-02 01h35.46.788180 +0530,
-50,x,41,41,6,,,,,x,1,0.9068631999834906,None,,,,,6,41,41,0,614.9501075000153,,,,,,,,,,,,,,,,614.9362726999971,614.9501075000153,615.9516171000141,615.9516171000141,615.9516171000141,615.9516171000141,615.9516171000141,616.9355306999933,616.9355306999933,617.8518819000165,x,1,0.9068631999834906,None,333,001,2025-10-02_01h35.33.085,Motor_sequence_exp,,2025.1.1,59.89731204728148,2025-10-02 01h35.46.788180 +0530,
50,c,42,42,14,,,,,c,1,1.8149540000013076,None,,,,,14,42,42,2,617.8683427000069,,,,,,,,,,,,,,,,617.8524830999959,617.8683427000069,618.8518383000046,618.8518383000046,618.8518383000046,618.8518383000046,618.867602000013,619.8524821000174,619.8524821000174,621.6686387000082,c,1,1.8149540000013076,None,333,001,2025-10-02_01h35.33.085,Motor_sequence_exp,,2025.1.1,59.89731204728148,2025-10-02 01h35.46.788180 +0530,
-150,z,43,43,11,,,,,z,1,1.3235658000048716,None,,,,,11,43,43,3,621.6836642000126,,,,,,,,,,,,,,,,621.6695745000034,621.6836642000126,622.6686158000084,622.6686158000084,622.6686158000084,622.6686158000084,622.6848568000132,623.6688976000005,623.6688976000005,625.003208900016,z,1,1.3235658000048716,None,333,001,2025-10-02_01h35.33.085,Motor_sequence_exp,,2025.1.1,59.89731204728148,2025-10-02 01h35.46.788180 +0530,
50,c,44,44,15,,,,,c,1,1.4906348999938928,None,,,,,15,44,44,2,625.0170153999934,,,,,,,,,,,,,,,,625.0040799000126,625.0170153999934,626.0024340999953,626.0024340999953,626.0024340999953,626.0024340999953,626.018962400005,627.0023259000154,627.0023259000154,628.5033845000144,c,1,1.4906348999938928,None,333,001,2025-10-02_01h35.33.085,Motor_sequence_exp,,2025.1.1,59.89731204728148,2025-10-02 01h35.46.788180 +0530,
150,v,45,45,10,,,,,v,1,1.341942500002915,None,,,,,10,45,45,1,628.516938100016,,,,,,,,,,,,,,,,628.5042123000021,628.516938100016,629.5194039999915,629.5194039999915,629.5194039999915,629.5194039999915,629.5194039999915,630.5187212000019,630.5187212000019,631.8697539000132,v,1,1.341942500002915,None,333,001,2025-10-02_01h35.33.085,Motor_sequence_exp,,2025.1.1,59.89731204728148,2025-10-02 01h35.46.788180 +0530,
-150,z,46,46,12,,,,,z,1,1.2766512999951374,None,,,,,12,46,46,3,631.8841036999947,,,,,,,,,,,,,,,,631.8706956999958,631.8841036999947,632.8685248999973,632.8685248999973,632.8685248999973,632.8685248999973,632.8852382999903,633.8688553000102,633.8688553000102,635.1526916000003,z,1,1.2766512999951374,None,333,001,2025-10-02_01h35.33.085,Motor_sequence_exp,,2025.1.1,59.89731204728148,2025-10-02 01h35.46.788180 +0530,
50,c,47,47,16,,,,,c,1,1.9849422000115737,None,,,,,16,47,47,2,635.1678823000111,,,,,,,,,,,,,,,,635.1533019999915,635.1678823000111,636.1521842000075,636.1521842000075,636.1521842000075,636.1521842000075,636.1673770000052,637.1524173000071,637.1524173000071,639.1515705999918,c,1,1.9849422000115737,None,333,001,2025-10-02_01h35.33.085,Motor_sequence_exp,,2025.1.1,59.89731204728148,2025-10-02 01h35.46.788180 +0530,
50,c,48,48,17,,,,,c,1,0.9797573999967426,None,,,,,17,48,48,2,639.1695958999917,,,,,,,,,,,,,,,,639.1521889000142,639.1695958999917,640.1508855000138,640.1508855000138,640.1508855000138,640.1508855000138,640.1840679000015,641.1507228999981,641.1507228999981,642.1361591000168,c,1,0.9797573999967426,None,333,001,2025-10-02_01h35.33.085,Motor_sequence_exp,,2025.1.1,59.89731204728148,2025-10-02 01h35.46.788180 +0530,
50,c,49,49,18,,,,,c,1,0.6354290000163019,None,,,,,18,49,49,2,642.1505938000046,,,,,,,,,,,,,,,,642.1368173999945,642.1505938000046,643.1360874999955,643.1360874999955,643.1360874999955,643.1360874999955,643.1513689999992,644.1349697000114,644.1349697000114,644.7861414999934,c,1,0.6354290000163019,None,333,001,2025-10-02_01h35.33.085,Motor_sequence_exp,,2025.1.1,59.89731204728148,2025-10-02 01h35.46.788180 +0530,
50,c,50,50,19,,,,,c,1,0.7083417999965604,None,,,,,19,50,50,2,644.801338499994,,,,,,,,,,,,,,,,644.7869070000015,644.801338499994,645.7851879000082,645.7851879000082,645.7851879000082,645.7851879000082,645.8026080999989,646.7848424999975,646.7848424999975,647.5034981000063,c,1,0.7083417999965604,None,333,001,2025-10-02_01h35.33.085,Motor_sequence_exp,,2025.1.1,59.89731204728148,2025-10-02 01h35.46.788180 +0530,
-50,x,51,51,7,,,,,x,1,1.2740909999993164,None,,,,,7,51,51,0,647.5176422999939,,,,,,,,,,,,,,,,647.5041696999979,647.5176422999939,648.5018448999908,648.5018448999908,648.5018448999908,648.5018448999908,648.5193022000021,649.5192599000002,649.5192599000002,650.8014829000167,x,1,1.2740909999993164,None,333,001,2025-10-02_01h35.33.085,Motor_sequence_exp,,2025.1.1,59.89731204728148,2025-10-02 01h35.46.788180 +0530,
-50,x,52,52,8,,,,,x,1,1.4952751999953762,None,,,,,8,52,52,0,650.8189626999956,,,,,,,,,,,,,,,,650.802102000016,650.8189626999956,651.8027441000158,651.8027441000158,651.8027441000158,651.8027441000158,651.8192928000062,652.8197529000172,652.8197529000172,654.3188699000166,x,1,1.4952751999953762,None,333,001,2025-10-02_01h35.33.085,Motor_sequence_exp,,2025.1.1,59.89731204728148,2025-10-02 01h35.46.788180 +0530,
-50,x,53,53,9,,,,,x,1,0.6947225000185426,None,,,,,9,53,53,0,654.3337223000126,,,,,,,,,,,,,,,,654.3195527000062,654.3337223000126,655.3338898000075,655.3338898000075,655.3338898000075,655.3338898000075,655.3338898000075,656.3196251000045,656.3196251000045,657.0182417000178,x,1,0.6947225000185426,None,333,001,2025-10-02_01h35.33.085,Motor_sequence_exp,,2025.1.1,59.89731204728148,2025-10-02 01h35.46.788180 +0530,
-50,x,54,54,10,,,,,x,1,0.6345917999860831,None,,,,,10,54,54,0,657.0350622000115,,,,,,,,,,,,,,,,657.0188056000043,657.0350622000115,658.0194537999923,658.0194537999923,658.0194537999923,658.0194537999923,658.0353896000015,659.0193387000181,659.0193387000181,659.6684735000017,x,1,0.6345917999860831,None,333,001,2025-10-02_01h35.33.085,Motor_sequence_exp,,2025.1.1,59.89731204728148,2025-10-02 01h35.46.788180 +0530,
-150,z,55,55,13,,,,,z,1,1.1568123000033665,None,,,,,13,55,55,3,659.6858799000038,,,,,,,,,,,,,,,,659.6691796999949,659.6858799000038,660.6695232999919,660.6695232999919,660.6695232999919,660.6695232999919,660.6856984999904,661.6856770000013,661.6856770000013,662.8525199000142,z,1,1.1568123000033665,None,333,001,2025-10-02_01h35.33.085,Motor_sequence_exp,,2025.1.1,59.89731204728148,2025-10-02 01h35.46.788180 +0530,
150,v,56,56,11,,,,,v,1,1.293215899990173,None,,,,,11,56,56,1,662.8690631999925,,,,,,,,,,,,,,,,662.8533855999995,662.8690631999925,663.8521038000181,663.8521038000181,663.8521038000181,663.8521038000181,663.8690952000034,664.852397300012,664.852397300012,666.1526239000086,v,1,1.293215899990173,None,333,001,2025-10-02_01h35.33.085,Motor_sequence_exp,,2025.1.1,59.89731204728148,2025-10-02 01h35.46.788180 +0530,
50,c,57,57,20,,,,,c,1,0.6233377999742515,None,,,,,20,57,57,2,666.1677641000133,,,,,,,,,,,,,,,,666.1532294999924,666.1677641000133,667.1528603000042,667.1528603000042,667.1528603000042,667.1528603000042,667.169711399998,668.1528749999998,668.1528749999998,668.7862788999919,c,1,0.6233377999742515,None,333,001,2025-10-02_01h35.33.085,Motor_sequence_exp,,2025.1.1,59.89731204728148,2025-10-02 01h35.46.788180 +0530,
-150,z,58,58,14,,,,,z,1,0.7951208000013139,None,,,,,14,58,58,3,668.801145800011,,,,,,,,,,,,,,,,668.7868821000156,668.801145800011,669.7857967000164,669.7857967000164,669.7857967000164,669.7857967000164,669.8028412999993,670.7863498000079,670.7863498000079,671.5860524000018,z,1,0.7951208000013139,None,333,001,2025-10-02_01h35.33.085,Motor_sequence_exp,,2025.1.1,59.89731204728148,2025-10-02 01h35.46.788180 +0530,
50,c,59,59,21,,,,,c,1,0.8505287999869324,None,,,,,21,59,59,2,671.6018707999901,,,,,,,,,,,,,,,,671.586735799996,671.6018707999901,672.5866880000103,672.5866880000103,672.5866880000103,672.5866880000103,672.6015182000119,673.6028534999932,673.6028534999932,674.4693903000152,c,1,0.8505287999869324,None,333,001,2025-10-02_01h35.33.085,Motor_sequence_exp,,2025.1.1,59.89731204728148,2025-10-02 01h35.46.788180 +0530,
-50,x,60,60,11,,,,,x,1,0.5634664999961387,None,,,,,11,60,60,0,674.4859790999908,,,,,,,,,,,,,,,,674.470034900005,674.4859790999908,675.4697054999997,675.4697054999997,675.4697054999997,675.4697054999997,675.4847443000181,676.4695548000163,676.4695548000163,677.036325299996,x,1,0.5634664999961387,None,333,001,2025-10-02_01h35.33.085,Motor_sequence_exp,,2025.1.1,59.89731204728148,2025-10-02 01h35.46.788180 +0530,
150,v,61,61,12,,,,,v,1,0.8384956000081729,None,,,,,12,61,61,1,677.0519647000183,,,,,,,,,,,,,,,,677.0370006000157,677.0519647000183,678.0528520999942,678.0528520999942,678.0528520999942,678.0528520999942,678.0528520999942,679.0353990000149,679.0353990000149,679.8854585000081,v,1,0.8384956000081729,None,333,001,2025-10-02_01h35.33.085,Motor_sequence_exp,,2025.1.1,59.89731204728148,2025-10-02 01h35.46.788180 +0530,
-50,x,62,62,12,,,,,x,1,0.9947860999964178,None,,,,,12,62,62,0,679.902258200018,,,,,,,,,,,,,,,,679.8860773000051,679.902258200018,680.8846262000152,680.8846262000152,680.8846262000152,680.8846262000152,680.9014958000043,681.8865847999987,681.8865847999987,682.8868877000059,x,1,0.9947860999964178,None,333,001,2025-10-02_01h35.33.085,Motor_sequence_exp,,2025.1.1,59.89731204728148,2025-10-02 01h35.46.788180 +0530,
150,v,63,63,13,,,,,v,1,1.7037209999980405,None,,,,,13,63,63,1,682.9019572999969,,,,,,,,,,,,,,,,682.8875477999973,682.9019572999969,683.886138700007,683.886138700007,683.886138700007,683.886138700007,683.9033728000068,684.8853944000148,684.8853944000148,686.6024048000108,v,1,1.7037209999980405,None,333,001,2025-10-02_01h35.33.085,Motor_sequence_exp,,2025.1.1,59.89731204728148,2025-10-02 01h35.46.788180 +0530,
50,c,64,64,22,,,,,c,1,0.7311116000055335,None,,,,,22,64,64,2,686.6189400000148,,,,,,,,,,,,,,,,686.6033643000119,686.6189400000148,687.6031992000062,687.6031992000062,687.6031992000062,687.6031992000062,687.6200056000089,688.6033445000066,688.6033445000066,689.3360924000153,c,1,0.7311116000055335,None,333,001,2025-10-02_01h35.33.085,Motor_sequence_exp,,2025.1.1,59.89731204728148,2025-10-02 01h35.46.788180 +0530,
150,v,65,65,14,,,,,v,1,0.8533275999943726,None,,,,,14,65,65,1,689.352478100016,,,,,,,,,,,,,,,,689.3366966000176,689.352478100016,690.3368909000128,690.3368909000128,690.3368909000128,690.3368909000128,690.3528286000073,691.3363935000089,691.3363935000089,692.204667700018,v,1,0.8533275999943726,None,333,001,2025-10-02_01h35.33.085,Motor_sequence_exp,,2025.1.1,59.89731204728148,2025-10-02 01h35.46.788180 +0530,
150,v,66,66,15,,,,,v,1,0.9668087999743875,None,,,,,15,66,66,1,692.2184745999984,,,,,,,,,,,,,,,,692.2056192000164,692.2184745999984,693.2189400999923,693.2189400999923,693.2189400999923,693.2189400999923,693.2189400999923,694.2199823000119,694.2199823000119,695.2030204999901,v,1,0.9668087999743875,None,333,001,2025-10-02_01h35.33.085,Motor_sequence_exp,,2025.1.1,59.89731204728148,2025-10-02 01h35.46.788180 +0530,
-50,x,67,67,13,,,,,x,1,0.7690664999827277,None,,,,,13,67,67,0,695.2190067000047,,,,,,,,,,,,,,,,695.2037213000003,695.2190067000047,696.2031007000187,696.2031007000187,696.2031007000187,696.2031007000187,696.219757999992,697.2035938999907,697.2035938999907,697.9868634000013,x,1,0.7690664999827277,None,333,001,2025-10-02_01h35.33.085,Motor_sequence_exp,,2025.1.1,59.89731204728148,2025-10-02 01h35.46.788180 +0530,
-150,z,68,68,15,,,,,z,1,0.8288605000125244,None,,,,,15,68,68,3,698.0020882000099,,,,,,,,,,,,,,,,697.9875604000117,698.0020882000099,699.0030704000092,699.0030704000092,699.0030704000092,699.0030704000092,699.0030704000092,699.9866731000075,699.9866731000075,700.8203737000003,z,1,0.8288605000125244,None,333,001,2025-10-02_01h35.33.085,Motor_sequence_exp,,2025.1.1,59.89731204728148,2025-10-02 01h35.46.788180 +0530,
-150,z,69,69,16,,,,,z,1,0.8565021000104025,None,,,,,16,69,69,3,700.8353787999949,,,,,,,,,,,,,,,,700.8210432000051,700.8353787999949,701.8195047999907,701.8195047999907,701.8195047999907,701.8195047999907,701.8361969999969,702.8197935000062,702.8197935000062,703.686892800004,z,1,0.8565021000104025,None,333,001,2025-10-02_01h35.33.085,Motor_sequence_exp,,2025.1.1,59.89731204728148,2025-10-02 01h35.46.788180 +0530,
50,c,70,70,23,,,,,c,1,0.6492813999939244,None,,,,,23,70,70,2,703.702274500014,,,,,,,,,,,,,,,,703.6875534999999,703.702274500014,704.703892199992,704.703892199992,704.703892199992,704.703892199992,704.703892199992,705.6854463999916,705.6854463999916,706.3375877999933,c,1,0.6492813999939244,None,333,001,2025-10-02_01h35.33.085,Motor_sequence_exp,,2025.1.1,59.89731204728148,2025-10-02 01h35.46.788180 +0530,
50,c,71,71,24,,,,,c,1,0.7501655000087339,None,,,,,24,71,71,2,706.3518359000154,,,,,,,,,,,,,,,,706.3381912000186,706.3518359000154,707.3367906000058,707.3367906000058,707.3367906000058,707.3367906000058,707.3535857000097,708.3360369000002,708.3360369000002,709.0870675000187,c,1,0.7501655000087339,None,333,001,2025-10-02_01h35.33.085,Motor_sequence_exp,,2025.1.1,59.89731204728148,2025-10-02 01h35.46.788180 +0530,
150,v,72,72,16,,,,,v,1,1.5922194000158925,None,,,,,16,72,72,1,709.1017099000164,,,,,,,,,,,,,,,,709.0876904000179,709.1017099000164,710.1032674000016,710.1032674000016,710.1032674000016,710.1032674000016,710.1032674000016,711.0856914000178,711.0856914000178,712.6877707999956,v,1,1.5922194000158925,None,333,001,2025-10-02_01h35.33.085,Motor_sequence_exp,,2025.1.1,59.89731204728148,2025-10-02 01h35.46.788180 +0530,
-150,z,73,73,17,,,,,z,1,2.4606078999931924,None,,,,,17,73,73,3,712.7025128999958,,,,,,,,,,,,,,,,712.6884365000005,712.7025128999958,713.7036349000118,713.7036349000118,713.7036349000118,713.7036349000118,713.7036349000118,714.7029934000166,714.7029934000166,717.1693823999958,z,1,2.4606078999931924,None,333,001,2025-10-02_01h35.33.085,Motor_sequence_exp,,2025.1.1,59.89731204728148,2025-10-02 01h35.46.788180 +0530,
-150,z,74,74,18,,,,,z,1,0.8556925000157207,None,,,,,18,74,74,3,717.1858774000139,,,,,,,,,,,,,,,,717.1700006000174,717.1858774000139,718.1700376000081,718.1700376000081,718.1700376000081,718.1700376000081,718.1872469999944,719.1697861000139,719.1697861000139,720.036828900018,z,1,0.8556925000157207,None,333,001,2025-10-02_01h35.33.085,Motor_sequence_exp,,2025.1.1,59.89731204728148,2025-10-02 01h35.46.788180 +0530,
-50,x,75,75,14,,,,,x,1,1.3602640999888536,None,,,,,14,75,75,0,720.0530937000003,,,,,,,,,,,,,,,,720.0375956000062,720.0530937000003,721.036373800016,721.036373800016,721.036373800016,721.036373800016,721.0534956000047,722.0369898999925,722.0369898999925,723.4044710000162,x,1,1.3602640999888536,None,333,001,2025-10-02_01h35.33.085,Motor_sequence_exp,,2025.1.1,59.89731204728148,2025-10-02 01h35.46.788180 +0530,
-150,z,76,76,19,,,,,z,1,1.0274910999869462,None,,,,,19,76,76,3,723.4188538000162,,,,,,,,,,,,,,,,723.405411100015,723.4188538000162,724.4031864000135,724.4031864000135,724.4031864000135,724.4031864000135,724.4205797000031,725.4029894999985,725.4029894999985,726.4382569000009,z,1,1.0274910999869462,None,333,001,2025-10-02_01h35.33.085,Motor_sequence_exp,,2025.1.1,59.89731204728148,2025-10-02 01h35.46.788180 +0530,
-150,z,77,77,20,,,,,z,1,1.108283700013999,None,,,,,20,77,77,3,726.4520262000151,,,,,,,,,,,,,,,,726.4391916000168,726.4520262000151,727.4539402000082,727.4539402000082,727.4539402000082,727.4539402000082,727.4539402000082,728.4539471000026,728.4539471000026,729.5704030999914,z,1,1.108283700013999,None,333,001,2025-10-02_01h35.33.085,Motor_sequence_exp,,2025.1.1,59.89731204728148,2025-10-02 01h35.46.788180 +0530,
50,c,78,78,25,,,,,c,1,1.2953756999922916,None,,,,,25,78,78,2,729.5869409000152,,,,,,,,,,,,,,,,729.5710088000051,729.5869409000152,730.5703828000114,730.5703828000114,730.5703828000114,730.5703828000114,730.587446199992,731.5707778999931,731.5707778999931,732.8703947000031,c,1,1.2953756999922916,None,333,001,2025-10-02_01h35.33.085,Motor_sequence_exp,,2025.1.1,59.89731204728148,2025-10-02 01h35.46.788180 +0530,
-50,x,79,79,15,,,,,x,1,2.2553790000092704,None,,,,,15,79,79,0,732.8861717999971,,,,,,,,,,,,,,,,732.8710651000147,732.8861717999971,733.8708620000107,733.8708620000107,733.8708620000107,733.8708620000107,733.8871826000104,734.8706764999952,734.8706764999952,737.1363793000055,x,1,2.2553790000092704,None,333,001,2025-10-02_01h35.33.085,Motor_sequence_exp,,2025.1.1,59.89731204728148,2025-10-02 01h35.46.788180 +0530,
150,v,80,80,17,,,,,v,1,1.1934450000117067,None,,,,,17,80,80,1,737.1521416000032,,,,,,,,,,,,,,,,737.1369971999957,737.1521416000032,738.1371344999934,738.1371344999934,738.1371344999934,738.1371344999934,738.1541608000116,739.1370582999953,739.1370582999953,740.3375680000172,v,1,1.1934450000117067,None,333,001,2025-10-02_01h35.33.085,Motor_sequence_exp,,2025.1.1,59.89731204728148,2025-10-02 01h35.46.788180 +0530,
-50,x,81,81,16,,,,,x,1,0.8837844999798108,None,,,,,16,81,81,0,740.3529371999903,,,,,,,,,,,,,,,,740.3382372999913,740.3529371999903,741.3370601999923,741.3370601999923,741.3370601999923,741.3370601999923,741.3535642999923,742.3363898000098,742.3363898000098,743.2381693999923,x,1,0.8837844999798108,None,333,001,2025-10-02_01h35.33.085,Motor_sequence_exp,,2025.1.1,59.89731204728148,2025-10-02 01h35.46.788180 +0530,
-150,z,82,82,21,,,,,z,1,0.608677300013369,None,,,,,21,82,82,3,743.252347200003,,,,,,,,,,,,,,,,743.238952100015,743.252347200003,744.2544744000188,744.2544744000188,744.2544744000188,744.2544744000188,744.2544744000188,745.2370653999969,745.2370653999969,745.8553787000128,z,1,0.608677300013369,None,333,001,2025-10-02_01h35.33.085,Motor_sequence_exp,,2025.1.1,59.89731204728148,2025-10-02 01h35.46.788180 +0530,
50,c,83,83,26,,,,,c,1,1.8010207999905106,None,,,,,26,83,83,2,745.8696203000145,,,,,,,,,,,,,,,,745.8562806000118,745.8696203000145,746.8708908999979,746.8708908999979,746.8708908999979,746.8708908999979,746.8708908999979,747.8708991000021,747.8708991000021,749.6872674000042,c,1,1.8010207999905106,None,333,001,2025-10-02_01h35.33.085,Motor_sequence_exp,,2025.1.1,59.89731204728148,2025-10-02 01h35.46.788180 +0530,
-50,x,84,84,17,,,,,x,1,0.7202094999956898,None,,,,,17,84,84,0,749.7044188000145,,,,,,,,,,,,,,,,749.6878937000001,749.7044188000145,750.686323300004,750.686323300004,750.686323300004,750.686323300004,750.7204583999992,751.6869650000008,751.6869650000008,752.4221054000081,x,1,0.7202094999956898,None,333,001,2025-10-02_01h35.33.085,Motor_sequence_exp,,2025.1.1,59.89731204728148,2025-10-02 01h35.46.788180 +0530,
150,v,85,85,18,,,,,v,1,1.2531458999728784,None,,,,,18,85,85,1,752.4358701000165,,,,,,,,,,,,,,,,752.4227656000003,752.4358701000165,753.4372412000084,753.4372412000084,753.4372412000084,753.4372412000084,753.4372412000084,754.4375473000109,754.4375473000109,755.7051618999976,v,1,1.2531458999728784,None,333,001,2025-10-02_01h35.33.085,Motor_sequence_exp,,2025.1.1,59.89731204728148,2025-10-02 01h35.46.788180 +0530,
-150,z,86,86,22,,,,,z,1,0.5260673000011593,None,,,,,22,86,86,3,755.7191352999944,,,,,,,,,,,,,,,,755.7059843000025,755.7191352999944,756.7046210000117,756.7046210000117,756.7046210000117,756.7046210000117,756.720780100004,757.7202216000005,757.7202216000005,758.2539535000105,z,1,0.5260673000011593,None,333,001,2025-10-02_01h35.33.085,Motor_sequence_exp,,2025.1.1,59.89731204728148,2025-10-02 01h35.46.788180 +0530,
50,c,87,87,27,,,,,c,1,0.46623670001281425,None,,,,,27,87,87,2,758.27031729999,,,,,,,,,,,,,,,,758.254851500009,758.27031729999,759.2689566999907,759.2689566999907,759.2689566999907,759.2689566999907,759.2689566999907,760.2688582999981,760.2688582999981,760.7362807000172,c,1,0.46623670001281425,None,333,001,2025-10-02_01h35.33.085,Motor_sequence_exp,,2025.1.1,59.89731204728148,2025-10-02 01h35.46.788180 +0530,
50,c,88,88,28,,,,,c,1,0.6288543000118807,None,,,,,28,88,88,2,760.7535458999919,,,,,,,,,,,,,,,,760.7367053999915,760.7535458999919,761.7355014999921,761.7355014999921,761.7355014999921,761.7355014999921,761.7689412000182,762.7355929999903,762.7355929999903,763.3693945000123,c,1,0.6288543000118807,None,333,001,2025-10-02_01h35.33.085,Motor_sequence_exp,,2025.1.1,59.89731204728148,2025-10-02 01h35.46.788180 +0530,
50,c,89,89,29,,,,,c,1,0.5837463999923784,None,,,,,29,89,89,2,763.3856597999984,,,,,,,,,,,,,,,,763.3698111000122,763.3856597999984,764.3688831999898,764.3688831999898,764.3688831999898,764.3688831999898,764.3861140999943,765.3709165000182,765.3709165000182,765.9720082000131,c,1,0.5837463999923784,None,333,001,2025-10-02_01h35.33.085,Motor_sequence_exp,,2025.1.1,59.89731204728148,2025-10-02 01h35.46.788180 +0530,
-50,x,90,90,18,,,,,x,1,0.7243244999845047,None,,,,,18,90,90,0,765.9861285999941,,,,,,,,,,,,,,,,765.9725507000112,765.9861285999941,766.970761900011,766.970761900011,766.970761900011,766.970761900011,766.9867041000107,767.9865276000055,767.9865276000055,768.7208920000121,x,1,0.7243244999845047,None,333,001,2025-10-02_01h35.33.085,Motor_sequence_exp,,2025.1.1,59.89731204728148,2025-10-02 01h35.46.788180 +0530,
150,v,91,91,19,,,,,v,1,1.4498632999893744,None,,,,,19,91,91,1,768.7361091999919,,,,,,,,,,,,,,,,768.7214898999955,768.7361091999919,769.7208127999911,769.7208127999911,769.7208127999911,769.7208127999911,769.7374539000157,770.7364123000007,770.7364123000007,772.187800100015,v,1,1.4498632999893744,None,333,001,2025-10-02_01h35.33.085,Motor_sequence_exp,,2025.1.1,59.89731204728148,2025-10-02 01h35.46.788180 +0530,
-150,z,92,92,23,,,,,z,1,1.0911751000094227,None,,,,,23,92,92,3,772.2034397000098,,,,,,,,,,,,,,,,772.1884033000097,772.2034397000098,773.1882175999926,773.1882175999926,773.1882175999926,773.1882175999926,773.2041423000046,774.1878618999908,774.1878618999908,775.2886166000098,z,1,1.0911751000094227,None,333,001,2025-10-02_01h35.33.085,Motor_sequence_exp,,2025.1.1,59.89731204728148,2025-10-02 01h35.46.788180 +0530,
-150,z,93,93,24,,,,,z,1,0.8868291999970097,None,,,,,24,93,93,3,775.3040045000089,,,,,,,,,,,,,,,,775.2893892000138,775.3040045000089,776.3038454999914,776.3038454999914,776.3038454999914,776.3038454999914,776.3038454999914,777.288011800003,777.288011800003,778.1869586000103,z,1,0.8868291999970097,None,333,001,2025-10-02_01h35.33.085,Motor_sequence_exp,,2025.1.1,59.89731204728148,2025-10-02 01h35.46.788180 +0530,
-150,z,94,94,25,,,,,z,1,0.9615244000160601,None,,,,,25,94,94,3,778.2028016000113,,,,,,,,,,,,,,,,778.1876718999993,778.2028016000113,779.1880295000155,779.1880295000155,779.1880295000155,779.1880295000155,779.2046158000012,780.1875465000048,780.1875465000048,781.1548884999938,z,1,0.9615244000160601,None,333,001,2025-10-02_01h35.33.085,Motor_sequence_exp,,2025.1.1,59.89731204728148,2025-10-02 01h35.46.788180 +0530,
-50,x,95,95,19,,,,,x,1,0.8649984000076074,None,,,,,19,95,95,0,781.1700573000126,,,,,,,,,,,,,,,,781.1557577000058,781.1700573000126,782.1712262000074,782.1712262000074,782.1712262000074,782.1712262000074,782.1712262000074,783.1545361000171,783.1545361000171,784.0211352000188,x,1,0.8649984000076074,None,333,001,2025-10-02_01h35.33.085,Motor_sequence_exp,,2025.1.1,59.89731204728148,2025-10-02 01h35.46.788180 +0530,
-50,x,96,96,20,,,,,x,1,0.8581931999942753,None,,,,,20,96,96,0,784.0370736999903,,,,,,,,,,,,,,,,784.0217323999968,784.0370736999903,785.02183469999,785.02183469999,785.02183469999,785.02183469999,785.0378206000023,786.0214610999974,786.0214610999974,786.8896612999961,x,1,0.8581931999942753,None,333,001,2025-10-02_01h35.33.085,Motor_sequence_exp,,2025.1.1,59.89731204728148,2025-10-02 01h35.46.788180 +0530,
50,c,97,97,30,,,,,c,1,0.9132151000085287,None,,,,,30,97,97,2,786.9034089999914,,,,,,,,,,,,,,,,786.890476200002,786.9034089999914,787.9046740999911,787.9046740999911,787.9046740999911,787.9046740999911,787.9046740999911,788.90485240001,788.90485240001,789.8217642999953,c,1,0.9132151000085287,None,333,001,2025-10-02_01h35.33.085,Motor_sequence_exp,,2025.1.1,59.89731204728148,2025-10-02 01h35.46.788180 +0530,
-50,x,98,98,21,,,,,x,1,1.0477527000184637,None,,,,,21,98,98,0,789.8370696000056,,,,,,,,,,,,,,,,789.8224785999919,789.8370696000056,790.8213184000051,790.8213184000051,790.8213184000051,790.8213184000051,790.8383690000046,791.8218124000123,791.8218124000123,792.8722146000073,x,1,1.0477527000184637,None,333,001,2025-10-02_01h35.33.085,Motor_sequence_exp,,2025.1.1,59.89731204728148,2025-10-02 01h35.46.788180 +0530,
50,c,99,99,31,,,,,c,1,0.7748227000120096,None,,,,,31,99,99,2,792.8862422000093,,,,,,,,,,,,,,,,792.8729041999904,792.8862422000093,793.8701093000127,793.8701093000127,793.8701093000127,793.8701093000127,793.8867052000132,794.8711057000037,794.8711057000037,795.6553696999908,c,1,0.7748227000120096,None,333,001,2025-10-02_01h35.33.085,Motor_sequence_exp,,2025.1.1,59.89731204728148,2025-10-02 01h35.46.788180 +0530,
150,v,100,100,20,,,,,v,1,1.101134299999103,None,,,,,20,100,100,1,795.6704963000084,,,,,,,,,,,,,,,,795.6562932000088,795.6704963000084,796.6717251999944,796.6717251999944,796.6717251999944,796.6717251999944,796.6717251999944,797.6537190999952,797.6537190999952,798.7713437000057,v,1,1.101134299999103,None,333,001,2025-10-02_01h35.33.085,Motor_sequence_exp,,2025.1.1,59.89731204728148,2025-10-02 01h35.46.788180 +0530,
-50,x,101,101,22,,,,,x,1,1.356413600005908,None,,,,,22,101,101,0,798.7870747999987,,,,,,,,,,,,,,,,798.7721867999935,798.7870747999987,799.7710066,799.7710066,799.7710066,799.7710066,799.7927654999949,800.771694199997,800.771694199997,802.1393414000049,x,1,1.356413600005908,None,333,001,2025-10-02_01h35.33.085,Motor_sequence_exp,,2025.1.1,59.89731204728148,2025-10-02 01h35.46.788180 +0530,
150,v,102,102,21,,,,,v,1,1.6097286000149325,None,,,,,21,102,102,1,802.1532692000037,,,,,,,,,,,,,,,,802.1400045999908,802.1532692000037,803.1541662999953,803.1541662999953,803.1541662999953,803.1541662999953,803.1541662999953,804.1540361999942,804.1540361999942,805.7711772999901,v,1,1.6097286000149325,None,333,001,2025-10-02_01h35.33.085,Motor_sequence_exp,,2025.1.1,59.89731204728148,2025-10-02 01h35.46.788180 +0530,
50,c,103,103,32,,,,,c,1,2.1829883999889717,None,,,,,32,103,103,2,805.7884037999902,,,,,,,,,,,,,,,,805.7720410000184,805.7884037999902,806.7717842000129,806.7717842000129,806.7717842000129,806.7717842000129,806.7885633000114,807.7700294000097,807.7700294000097,809.9550345000171,c,1,2.1829883999889717,None,333,001,2025-10-02_01h35.33.085,Motor_sequence_exp,,2025.1.1,59.89731204728148,2025-10-02 01h35.46.788180 +0530,
-50,x,104,104,23,,,,,x,1,0.8796389999915846,None,,,,,23,104,104,0,809.9707158000092,,,,,,,,,,,,,,,,809.9556499000173,809.9707158000092,810.9551184000156,810.9551184000156,810.9551184000156,810.9551184000156,810.9713690000062,811.9555708999978,811.9555708999978,812.8378437999927,x,1,0.8796389999915846,None,333,001,2025-10-02_01h35.33.085,Motor_sequence_exp,,2025.1.1,59.89731204728148,2025-10-02 01h35.46.788180 +0530,
150,v,105,105,22,,,,,v,1,1.2945447000092827,None,,,,,22,105,105,1,812.8542331999924,,,,,,,,,,,,,,,,812.8384438999929,812.8542331999924,813.8378459000087,813.8378459000087,813.8378459000087,813.8378459000087,813.8551681000099,814.8383516000176,814.8383516000176,816.1386499000073,v,1,1.2945447000092827,None,333,001,2025-10-02_01h35.33.085,Motor_sequence_exp,,2025.1.1,59.89731204728148,2025-10-02 01h35.46.788180 +0530,
150,v,106,106,23,,,,,v,1,0.9514576999936253,None,,,,,23,106,106,1,816.1534699000185,,,,,,,,,,,,,,,,816.1393114000093,816.1534699000185,817.1383965999994,817.1383965999994,817.1383965999994,817.1383965999994,817.1535579999909,818.1382441000023,818.1382441000023,819.104299300001,v,1,0.9514576999936253,None,333,001,2025-10-02_01h35.33.085,Motor_sequence_exp,,2025.1.1,59.89731204728148,2025-10-02 01h35.46.788180 +0530,
-50,x,107,107,24,,,,,x,1,1.0135676999925636,None,,,,,24,107,107,0,819.1209465000138,,,,,,,,,,,,,,,,819.1049214999948,819.1209465000138,820.1039952000137,820.1039952000137,820.1039952000137,820.1039952000137,820.1219503000029,821.1051399999997,821.1051399999997,822.1216420000128,x,1,1.0135676999925636,None,333,001,2025-10-02_01h35.33.085,Motor_sequence_exp,,2025.1.1,59.89731204728148,2025-10-02 01h35.46.788180 +0530,
-50,x,108,108,25,,,,,x,1,1.0500538000196684,None,,,,,25,108,108,0,822.1378514000098,,,,,,,,,,,,,,,,822.1222826000012,822.1378514000098,823.1201609999989,823.1201609999989,823.1201609999989,823.1201609999989,823.1558317000163,824.1215961000125,824.1215961000125,825.1883854999905,x,1,1.0500538000196684,None,333,001,2025-10-02_01h35.33.085,Motor_sequence_exp,,2025.1.1,59.89731204728148,2025-10-02 01h35.46.788180 +0530,
-150,z,109,109,26,,,,,z,1,1.3171124999935273,None,,,,,26,109,109,3,825.2056630000006,,,,,,,,,,,,,,,,825.1891165999987,825.2056630000006,826.1877630999952,826.1877630999952,826.1877630999952,826.1877630999952,826.2219362000178,827.2046772000031,827.2046772000031,828.5376595999987,z,1,1.3171124999935273,None,333,001,2025-10-02_01h35.33.085,Motor_sequence_exp,,2025.1.1,59.89731204728148,2025-10-02 01h35.46.788180 +0530,
150,v,110,110,24,,,,,v,1,1.0526261999912094,None,,,,,24,110,110,1,828.5548785999999,,,,,,,,,,,,,,,,828.5382776000188,828.5548785999999,829.5379687999957,829.5379687999957,829.5379687999957,829.5379687999957,829.5550809999986,830.5381545000128,830.5381545000128,831.6051491000107,v,1,1.0526261999912094,None,333,001,2025-10-02_01h35.33.085,Motor_sequence_exp,,2025.1.1,59.89731204728148,2025-10-02 01h35.46.788180 +0530,
50,c,111,111,33,,,,,c,1,1.0493527999788057,None,,,,,33,111,111,2,831.6211873000138,,,,,,,,,,,,,,,,831.6057893999969,831.6211873000138,832.6044742999948,832.6044742999948,832.6044742999948,832.6044742999948,832.6252390000154,833.6049551000178,833.6049551000178,834.6720036999905,c,1,1.0493527999788057,None,333,001,2025-10-02_01h35.33.085,Motor_sequence_exp,,2025.1.1,59.89731204728148,2025-10-02 01h35.46.788180 +0530,
-50,x,112,112,26,,,,,x,1,0.7631215000001248,None,,,,,26,112,112,0,834.6887182999926,,,,,,,,,,,,,,,,834.6727741000068,834.6887182999926,835.6716592000157,835.6716592000157,835.6716592000157,835.6716592000157,835.6890576000151,836.6722959000035,836.6722959000035,837.4390197000175,x,1,0.7631215000001248,None,333,001,2025-10-02_01h35.33.085,Motor_sequence_exp,,2025.1.1,59.89731204728148,2025-10-02 01h35.46.788180 +0530,
150,v,113,113,25,,,,,v,1,1.0631441000150517,None,,,,,25,113,113,1,837.4543437999964,,,,,,,,,,,,,,,,837.4397765000176,837.4543437999964,838.438850400009,838.438850400009,838.438850400009,838.438850400009,838.4557736999996,839.4391392999969,839.4391392999969,840.5059322000016,v,1,1.0631441000150517,None,333,001,2025-10-02_01h35.33.085,Motor_sequence_exp,,2025.1.1,59.89731204728148,2025-10-02 01h35.46.788180 +0530,
150,v,114,114,26,,,,,v,1,0.9111044000019319,None,,,,,26,114,114,1,840.5211588999955,,,,,,,,,,,,,,,,840.5065510999993,840.5211588999955,841.5051894999924,841.5051894999924,841.5051894999924,841.5051894999924,841.5222277000139,842.5208912999951,842.5208912999951,843.4389263000048,v,1,0.9111044000019319,None,333,001,2025-10-02_01h35.33.085,Motor_sequence_exp,,2025.1.1,59.89731204728148,2025-10-02 01h35.46.788180 +0530,
50,c,115,115,34,,,,,c,1,0.7981725999852642,None,,,,,34,115,115,2,843.4540929000068,,,,,,,,,,,,,,,,843.439614700008,843.4540929000068,844.4393114999984,844.4393114999984,844.4393114999984,844.4393114999984,844.4553732000059,845.4385652999918,845.4385652999918,846.2398224000062,c,1,0.7981725999852642,None,333,001,2025-10-02_01h35.33.085,Motor_sequence_exp,,2025.1.1,59.89731204728148,2025-10-02 01h35.46.788180 +0530,
50,c,116,116,35,,,,,c,1,1.0685601999866776,None,,,,,35,116,116,2,846.2539716000028,,,,,,,,,,,,,,,,846.240480700013,846.2539716000028,847.2560186999908,847.2560186999908,847.2560186999908,847.2560186999908,847.2560186999908,848.2556317000126,848.2556317000126,849.3381267999939,c,1,1.0685601999866776,None,333,001,2025-10-02_01h35.33.085,Motor_sequence_exp,,2025.1.1,59.89731204728148,2025-10-02 01h35.46.788180 +0530,
150,v,117,117,27,,,,,v,1,1.1822817999927793,None,,,,,27,117,117,1,849.3552994999918,,,,,,,,,,,,,,,,849.3387259000156,849.3552994999918,850.338815199997,850.338815199997,850.338815199997,850.338815199997,850.35544449999,851.3392067000095,851.3392067000095,852.5225194999948,v,1,1.1822817999927793,None,333,001,2025-10-02_01h35.33.085,Motor_sequence_exp,,2025.1.1,59.89731204728148,2025-10-02 01h35.46.788180 +0530,
-50,x,118,118,27,,,,,x,1,1.5297405000019353,None,,,,,27,118,118,0,852.5386723999982,,,,,,,,,,,,,,,,852.5231761000177,852.5386723999982,853.5222241000156,853.5222241000156,853.5222241000156,853.5222241000156,853.5395367000019,854.521945400018,854.521945400018,856.0546055000159,x,1,1.5297405000019353,None,333,001,2025-10-02_01h35.33.085,Motor_sequence_exp,,2025.1.1,59.89731204728148,2025-10-02 01h35.46.788180 +0530,
-150,z,119,119,27,,,,,z,1,1.158924699993804,None,,,,,27,119,119,3,856.0714235999912,,,,,,,,,,,,,,,,856.0552943999937,856.0714235999912,857.055877900013,857.055877900013,857.055877900013,857.055877900013,857.0732647000114,858.055578200001,858.055578200001,859.2229241000023,z,1,1.158924699993804,None,333,001,2025-10-02_01h35.33.085,Motor_sequence_exp,,2025.1.1,59.89731204728148,2025-10-02 01h35.46.788180 +0530,
-50,x,120,120,28,,,,,x,1,2.1409654000017326,None,,,,,28,120,120,0,859.2382241000014,,,,,,,,,,,,,,,,859.2235847999982,859.2382241000014,860.2225627000153,860.2225627000153,860.2225627000153,860.2225627000153,860.2396193000022,861.2222935000027,861.2222935000027,863.3714586000133,x,1,2.1409654000017326,None,333,001,2025-10-02_01h35.33.085,Motor_sequence_exp,,2025.1.1,59.89731204728148,2025-10-02 01h35.46.788180 +0530,
-50,x,121,121,29,,,,,x,1,0.9171776000002865,None,,,,,29,121,121,0,863.3882505999936,,,,,,,,,,,,,,,,863.3721092999913,863.3882505999936,864.3718952999916,864.3718952999916,864.3718952999916,864.3718952999916,864.3882271000184,865.3722661999927,865.3722661999927,866.3057868000178,x,1,0.9171776000002865,None,333,001,2025-10-02_01h35.33.085,Motor_sequence_exp,,2025.1.1,59.89731204728148,2025-10-02 01h35.46.788180 +0530,
-150,z,122,122,28,,,,,z,1,2.016139600018505,None,,,,,28,122,122,3,866.3223614000017,,,,,,,,,,,,,,,,866.306381500006,866.3223614000017,867.3058661000105,867.3058661000105,867.3058661000105,867.3058661000105,867.3221403000061,868.3060177000007,868.3060177000007,870.3385150000104,z,1,2.016139600018505,None,333,001,2025-10-02_01h35.33.085,Motor_sequence_exp,,2025.1.1,59.89731204728148,2025-10-02 01h35.46.788180 +0530,
150,v,123,123,28,,,,,v,1,2.080874600011157,None,,,,,28,123,123,1,870.354553400015,,,,,,,,,,,,,,,,870.3393079999951,870.354553400015,871.3389509000117,871.3389509000117,871.3389509000117,871.3389509000117,871.3560330000182,872.3398113000148,872.3398113000148,874.4238002999919,v,1,2.080874600011157,None,333,001,2025-10-02_01h35.33.085,Motor_sequence_exp,,2025.1.1,59.89731204728148,2025-10-02 01h35.46.788180 +0530,
-50,x,124,124,30,,,,,x,1,1.4734712000063155,None,,,,,30,124,124,0,874.4375779000111,,,,,,,,,,,,,,,,874.4244955000177,874.4375779000111,875.4393258999917,875.4393258999917,875.4393258999917,875.4393258999917,875.4393258999917,876.438527899998,876.438527899998,877.9234337999951,x,1,1.4734712000063155,None,333,001,2025-10-02_01h35.33.085,Motor_sequence_exp,,2025.1.1,59.89731204728148,2025-10-02 01h35.46.788180 +0530,
-50,x,125,125,31,,,,,x,1,1.0588534999988042,None,,,,,31,125,125,0,877.9377257000015,,,,,,,,,,,,,,,,877.9244449000107,877.9377257000015,878.9395075000066,878.9395075000066,878.9395075000066,878.9395075000066,878.9395075000066,879.9395946000004,879.9395946000004,881.0062936000177,x,1,1.0588534999988042,None,333,001,2025-10-02_01h35.33.085,Motor_sequence_exp,,2025.1.1,59.89731204728148,2025-10-02 01h35.46.788180 +0530,
-50,x,126,126,32,,,,,x,1,1.1053313000011258,None,,,,,32,126,126,0,881.0222600999987,,,,,,,,,,,,,,,,881.0068952000001,881.0222600999987,882.0063422000094,882.0063422000094,882.0063422000094,882.0063422000094,882.0236548999965,883.004805900011,883.004805900011,884.1234754000034,x,1,1.1053313000011258,None,333,001,2025-10-02_01h35.33.085,Motor_sequence_exp,,2025.1.1,59.89731204728148,2025-10-02 01h35.46.788180 +0530,
150,v,127,127,29,,,,,v,1,1.4630568000138737,None,,,,,29,127,127,1,884.1384682999924,,,,,,,,,,,,,,,,884.1241517000017,884.1384682999924,885.1219259999925,885.1219259999925,885.1219259999925,885.1219259999925,885.1382495000144,886.123026300018,886.123026300018,887.589610199997,v,1,1.4630568000138737,None,333,001,2025-10-02_01h35.33.085,Motor_sequence_exp,,2025.1.1,59.89731204728148,2025-10-02 01h35.46.788180 +0530,
150,v,128,128,30,,,,,v,1,1.224563700001454,None,,,,,30,128,128,1,887.6045792000077,,,,,,,,,,,,,,,,887.5902399000188,887.6045792000077,888.5892495000153,888.5892495000153,888.5892495000153,888.5892495000153,888.6065953999932,889.5898952000134,889.5898952000134,890.8237714999996,v,1,1.224563700001454,None,333,001,2025-10-02_01h35.33.085,Motor_sequence_exp,,2025.1.1,59.89731204728148,2025-10-02 01h35.46.788180 +0530,
-50,x,129,129,33,,,,,x,1,1.3598192000063136,None,,,,,33,129,129,0,890.8379417000106,,,,,,,,,,,,,,,,890.824440299999,890.8379417000106,891.8395871999965,891.8395871999965,891.8395871999965,891.8395871999965,891.8395871999965,892.8385086999915,892.8385086999915,894.2070123000012,x,1,1.3598192000063136,None,333,001,2025-10-02_01h35.33.085,Motor_sequence_exp,,2025.1.1,59.89731204728148,2025-10-02 01h35.46.788180 +0530,
-50,x,130,130,34,,,,,x,1,1.7227949999796692,None,,,,,34,130,130,0,894.2218264999974,,,,,,,,,,,,,,,,894.2077392000065,894.2218264999974,895.2227541000175,895.2227541000175,895.2227541000175,895.2227541000175,895.2227541000175,896.2064779000066,896.2064779000066,897.9404864000098,x,1,1.7227949999796692,None,333,001,2025-10-02_01h35.33.085,Motor_sequence_exp,,2025.1.1,59.89731204728148,2025-10-02 01h35.46.788180 +0530,
-50,x,131,131,35,,,,,x,1,1.6750486000091769,None,,,,,35,131,131,0,897.9553625000117,,,,,,,,,,,,,,,,897.9411488999904,897.9553625000117,898.9395091000188,898.9395091000188,898.9395091000188,898.9395091000188,898.9560474000173,899.9398788000108,899.9398788000108,901.6241309000179,x,1,1.6750486000091769,None,333,001,2025-10-02_01h35.33.085,Motor_sequence_exp,,2025.1.1,59.89731204728148,2025-10-02 01h35.46.788180 +0530,
150,v,132,132,31,,,,,v,1,1.441746600001352,None,,,,,31,132,132,1,901.6387718000042,,,,,,,,,,,,,,,,901.6247960999899,901.6387718000042,902.6393502000137,902.6393502000137,902.6393502000137,902.6393502000137,902.6393502000137,903.6396339999919,903.6396339999919,905.0912343999953,v,1,1.441746600001352,None,333,001,2025-10-02_01h35.33.085,Motor_sequence_exp,,2025.1.1,59.89731204728148,2025-10-02 01h35.46.788180 +0530,
-150,z,133,133,29,,,,,z,1,1.3661204999953043,None,,,,,29,133,133,3,905.1048566999962,,,,,,,,,,,,,,,,905.0921353000158,905.1048566999962,906.1062057999952,906.1062057999952,906.1062057999952,906.1062057999952,906.1062057999952,907.1071137000108,907.1071137000108,908.4888794000144,z,1,1.3661204999953043,None,333,001,2025-10-02_01h35.33.085,Motor_sequence_exp,,2025.1.1,59.89731204728148,2025-10-02 01h35.46.788180 +0530,
-50,x,134,134,36,,,,,x,1,1.2923448999936227,None,,,,,36,134,134,0,908.5054320000054,,,,,,,,,,,,,,,,908.4895298999909,908.5054320000054,909.4884448999946,909.4884448999946,909.4884448999946,909.4884448999946,909.5054410000157,910.4894858000043,910.4894858000043,911.7897950000188,x,1,1.2923448999936227,None,333,001,2025-10-02_01h35.33.085,Motor_sequence_exp,,2025.1.1,59.89731204728148,2025-10-02 01h35.46.788180 +0530,
50,c,135,135,36,,,,,c,1,0.9237094999989495,None,,,,,36,135,135,2,911.8066696000169,,,,,,,,,,,,,,,,911.7907844000147,911.8066696000169,912.7892236000043,912.7892236000043,912.7892236000043,912.7892236000043,912.8064887000073,913.7899202000117,913.7899202000117,914.7233681000071,c,1,0.9237094999989495,None,333,001,2025-10-02_01h35.33.085,Motor_sequence_exp,,2025.1.1,59.89731204728148,2025-10-02 01h35.46.788180 +0530,
-50,x,136,136,37,,,,,x,1,2.396964699990349,None,,,,,37,136,136,0,914.7395551000081,,,,,,,,,,,,,,,,914.7240861000028,914.7395551000081,915.7233397999953,915.7233397999953,915.7233397999953,915.7233397999953,915.7403019999911,916.7217391000013,916.7217391000013,919.1236888999993,x,1,2.396964699990349,None,333,001,2025-10-02_01h35.33.085,Motor_sequence_exp,,2025.1.1,59.89731204728148,2025-10-02 01h35.46.788180 +0530,
-150,z,137,137,30,,,,,z,1,1.4851673000084702,None,,,,,30,137,137,3,919.139081500005,,,,,,,,,,,,,,,,919.124888499995,919.139081500005,920.123476800014,920.123476800014,920.123476800014,920.123476800014,920.1391437000129,921.1235472999979,921.1235472999979,922.6224789000116,z,1,1.4851673000084702,None,333,001,2025-10-02_01h35.33.085,Motor_sequence_exp,,2025.1.1,59.89731204728148,2025-10-02 01h35.46.788180 +0530,
-150,z,138,138,31,,,,,z,1,1.4918488999828696,None,,,,,31,138,138,3,922.6391620000068,,,,,,,,,,,,,,,,922.6233501000097,922.6391620000068,923.6236608000181,923.6236608000181,923.6236608000181,923.6236608000181,923.6403344999999,924.6235410000081,924.6235410000081,926.1224772999994,z,1,1.4918488999828696,None,333,001,2025-10-02_01h35.33.085,Motor_sequence_exp,,2025.1.1,59.89731204728148,2025-10-02 01h35.46.788180 +0530,
150,v,139,139,32,,,,,v,1,1.7349149000074249,None,,,,,32,139,139,1,926.1392273000092,,,,,,,,,,,,,,,,926.1234867000021,926.1392273000092,927.1237470000051,927.1237470000051,927.1237470000051,927.1237470000051,927.1392782000185,928.123648400011,928.123648400011,929.872789200017,v,1,1.7349149000074249,None,333,001,2025-10-02_01h35.33.085,Motor_sequence_exp,,2025.1.1,59.89731204728148,2025-10-02 01h35.46.788180 +0530,
50,c,140,140,37,,,,,c,1,0.8310760000022128,None,,,,,37,140,140,2,929.8898610000033,,,,,,,,,,,,,,,,929.8734707999974,929.8898610000033,930.8733540000103,930.8733540000103,930.8733540000103,930.8733540000103,930.8903555000143,931.873574199999,931.873574199999,932.7067607000063,c,1,0.8310760000022128,None,333,001,2025-10-02_01h35.33.085,Motor_sequence_exp,,2025.1.1,59.89731204728148,2025-10-02 01h35.46.788180 +0530,
-150,z,141,141,32,,,,,z,1,0.9416396000015084,None,,,,,32,141,141,3,932.7234862000041,,,,,,,,,,,,,,,,932.7077313000045,932.7234862000041,933.7063975000056,933.7063975000056,933.7063975000056,933.7063975000056,933.723616800009,934.7068950000103,934.7068950000103,935.6568991999957,z,1,0.9416396000015084,None,333,001,2025-10-02_01h35.33.085,Motor_sequence_exp,,2025.1.1,59.89731204728148,2025-10-02 01h35.46.788180 +0530,
-50,x,142,142,38,,,,,x,1,1.0466305000009015,None,,,,,38,142,142,0,935.6721980000148,,,,,,,,,,,,,,,,935.6574997999996,935.6721980000148,936.6570853000158,936.6570853000158,936.6570853000158,936.6570853000158,936.6730701999913,937.6571732000157,937.6571732000157,938.7064510000055,x,1,1.0466305000009015,None,333,001,2025-10-02_01h35.33.085,Motor_sequence_exp,,2025.1.1,59.89731204728148,2025-10-02 01h35.46.788180 +0530,
150,v,143,143,33,,,,,v,1,3.5779697000107262,None,,,,,33,143,143,1,938.7228382000176,,,,,,,,,,,,,,,,938.7070447000151,938.7228382000176,939.7067442999978,939.7067442999978,939.7067442999978,939.7067442999978,939.7237349000061,940.7058077999973,940.7058077999973,944.2909696999996,v,1,3.5779697000107262,None,333,001,2025-10-02_01h35.33.085,Motor_sequence_exp,,2025.1.1,59.89731204728148,2025-10-02 01h35.46.788180 +0530,
-150,z,144,144,33,,,,,z,1,1.3894109000102617,None,,,,,33,144,144,3,944.306052800006,,,,,,,,,,,,,,,,944.2916262999934,944.306052800006,945.2902534000168,945.2902534000168,945.2902534000168,945.2902534000168,945.3061688000162,946.2904658000043,946.2904658000043,947.6909893999982,z,1,1.3894109000102617,None,333,001,2025-10-02_01h35.33.085,Motor_sequence_exp,,2025.1.1,59.89731204728148,2025-10-02 01h35.46.788180 +0530,
150,v,145,145,34,,,,,v,1,1.0714474999986123,None,,,,,34,145,145,1,947.705534400011,,,,,,,,,,,,,,,,947.6917376999918,947.705534400011,948.7075751000084,948.7075751000084,948.7075751000084,948.7075751000084,948.7075751000084,949.69060609999,949.69060609999,950.7729671999987,v,1,1.0714474999986123,None,333,001,2025-10-02_01h35.33.085,Motor_sequence_exp,,2025.1.1,59.89731204728148,2025-10-02 01h35.46.788180 +0530,
-150,z,146,146,34,,,,,z,1,1.2609150999924168,None,,,,,34,146,146,3,950.7903480000095,,,,,,,,,,,,,,,,950.7735755000031,950.7903480000095,951.7736840000143,951.7736840000143,951.7736840000143,951.7736840000143,951.7889990000112,952.7738362000091,952.7738362000091,954.0396723000158,z,1,1.2609150999924168,None,333,001,2025-10-02_01h35.33.085,Motor_sequence_exp,,2025.1.1,59.89731204728148,2025-10-02 01h35.46.788180 +0530,
-150,z,147,147,35,,,,,z,1,0.6695266999886371,None,,,,,35,147,147,3,954.0565778000164,,,,,,,,,,,,,,,,954.0404366000148,954.0565778000164,955.040625900001,955.040625900001,955.040625900001,955.040625900001,955.0570707000152,956.0403874999902,956.0403874999902,956.7241330000106,z,1,0.6695266999886371,None,333,001,2025-10-02_01h35.33.085,Motor_sequence_exp,,2025.1.1,59.89731204728148,2025-10-02 01h35.46.788180 +0530,
150,v,148,148,35,,,,,v,1,1.0882069999934174,None,,,,,35,148,148,1,956.7390013000113,,,,,,,,,,,,,,,,956.724732600007,956.7390013000113,957.7234201999963,957.7234201999963,957.7234201999963,957.7234201999963,957.740421399998,958.724089299998,958.724089299998,959.8232601000054,v,1,1.0882069999934174,None,333,001,2025-10-02_01h35.33.085,Motor_sequence_exp,,2025.1.1,59.89731204728148,2025-10-02 01h35.46.788180 +0530,
-50,x,149,149,39,,,,,x,1,1.1500176999834366,None,,,,,39,149,149,0,959.8408873000008,,,,,,,,,,,,,,,,959.8239357999992,959.8408873000008,960.8239897000021,960.8239897000021,960.8239897000021,960.8239897000021,960.84023110001,961.8223416999972,961.8223416999972,962.9752003000176,x,1,1.1500176999834366,None,333,001,2025-10-02_01h35.33.085,Motor_sequence_exp,,2025.1.1,59.89731204728148,2025-10-02 01h35.46.788180 +0530,
150,v,150,150,36,,,,,v,1,0.9415475999994669,None,,,,,36,150,150,1,962.9893747000024,,,,,,,,,,,,,,,,962.9758701999963,962.9893747000024,963.989642600005,963.989642600005,963.989642600005,963.989642600005,963.989642600005,964.9909084000101,964.9909084000101,965.9401016999909,v,1,0.9415475999994669,None,333,001,2025-10-02_01h35.33.085,Motor_sequence_exp,,2025.1.1,59.89731204728148,2025-10-02 01h35.46.788180 +0530,
-150,z,151,151,36,,,,,z,1,0.7186597999825608,None,,,,,36,151,151,3,965.9565024999902,,,,,,,,,,,,,,,,965.9406961000059,965.9565024999902,966.9412359000125,966.9412359000125,966.9412359000125,966.9412359000125,966.957942900015,967.9397365000041,967.9397365000041,968.6747725000023,z,1,0.7186597999825608,None,333,001,2025-10-02_01h35.33.085,Motor_sequence_exp,,2025.1.1,59.89731204728148,2025-10-02 01h35.46.788180 +0530,
50,c,152,152,38,,,,,c,1,0.9700314000074286,None,,,,,38,152,152,2,968.689106100006,,,,,,,,,,,,,,,,968.6754949000024,968.689106100006,969.6740208000119,969.6740208000119,969.6740208000119,969.6740208000119,969.6893771000032,970.6744407000078,970.6744407000078,971.6584159999911,c,1,0.9700314000074286,None,333,001,2025-10-02_01h35.33.085,Motor_sequence_exp,,2025.1.1,59.89731204728148,2025-10-02 01h35.46.788180 +0530,
-50,x,153,153,40,,,,,x,1,0.9146930999995675,None,,,,,40,153,153,0,971.6732048999984,,,,,,,,,,,,,,,,971.6591911000141,971.6732048999984,972.657756200002,972.657756200002,972.657756200002,972.657756200002,972.6743418000115,973.6725729000173,973.6725729000173,974.5909459000104,x,1,0.9146930999995675,None,333,001,2025-10-02_01h35.33.085,Motor_sequence_exp,,2025.1.1,59.89731204728148,2025-10-02 01h35.46.788180 +0530,
150,v,154,154,37,,,,,v,1,0.9877679999917746,None,,,,,37,154,154,1,974.6062704999931,,,,,,,,,,,,,,,,974.5915581000154,974.6062704999931,975.6069159000181,975.6069159000181,975.6069159000181,975.6069159000181,975.6069159000181,976.5910655999905,976.5910655999905,977.5914752999961,v,1,0.9877679999917746,None,333,001,2025-10-02_01h35.33.085,Motor_sequence_exp,,2025.1.1,59.89731204728148,2025-10-02 01h35.46.788180 +0530,
150,v,155,155,38,,,,,v,1,1.138935399998445,None,,,,,38,155,155,1,977.6058808999951,,,,,,,,,,,,,,,,977.5921346000105,977.6058808999951,978.590832899994,978.590832899994,978.590832899994,978.590832899994,978.6074499000097,979.5912680000183,979.5912680000183,980.7409212999919,v,1,1.138935399998445,None,333,001,2025-10-02_01h35.33.085,Motor_sequence_exp,,2025.1.1,59.89731204728148,2025-10-02 01h35.46.788180 +0530,
150,v,156,156,39,,,,,v,1,0.7906161999853794,None,,,,,39,156,156,1,980.7575038000068,,,,,,,,,,,,,,,,980.7415161000099,980.7575038000068,981.740918800002,981.740918800002,981.740918800002,981.740918800002,981.7579362000106,982.7407254000136,982.7407254000136,983.5405282000138,v,1,0.7906161999853794,None,333,001,2025-10-02_01h35.33.085,Motor_sequence_exp,,2025.1.1,59.89731204728148,2025-10-02 01h35.46.788180 +0530,
150,v,157,157,40,,,,,v,1,0.8925102999783121,None,,,,,40,157,157,1,983.5578951000061,,,,,,,,,,,,,,,,983.5412036000052,983.5578951000061,984.5412060999952,984.5412060999952,984.5412060999952,984.5412060999952,984.5580053000012,985.5400231000094,985.5400231000094,986.4419267000048,v,1,0.8925102999783121,None,333,001,2025-10-02_01h35.33.085,Motor_sequence_exp,,2025.1.1,59.89731204728148,2025-10-02 01h35.46.788180 +0530,
-50,x,158,158,41,,,,,x,1,1.1406120999890845,None,,,,,41,158,158,0,986.4568014999968,,,,,,,,,,,,,,,,986.4426514999941,986.4568014999968,987.4410007999977,987.4410007999977,987.4410007999977,987.4410007999977,987.4580446000036,988.4412771000061,988.4412771000061,989.5919101999898,x,1,1.1406120999890845,None,333,001,2025-10-02_01h35.33.085,Motor_sequence_exp,,2025.1.1,59.89731204728148,2025-10-02 01h35.46.788180 +0530,
50,c,159,159,39,,,,,c,1,2.9905052999965847,None,,,,,39,159,159,2,989.6068487000011,,,,,,,,,,,,,,,,989.5928084000188,989.6068487000011,990.6072863000154,990.6072863000154,990.6072863000154,990.6072863000154,990.6072863000154,991.6079957000038,991.6079957000038,994.609314900008,c,1,2.9905052999965847,None,333,001,2025-10-02_01h35.33.085,Motor_sequence_exp,,2025.1.1,59.89731204728148,2025-10-02 01h35.46.788180 +0530,
150,v,160,160,41,,,,,v,1,0.8385809999890625,None,,,,,41,160,160,1,994.6235042999906,,,,,,,,,,,,,,,,994.6103940000175,994.6235042999906,995.6240933999943,995.6240933999943,995.6240933999943,995.6240933999943,995.6240933999943,996.6079379000003,996.6079379000003,997.4583048000059,v,1,0.8385809999890625,None,333,001,2025-10-02_01h35.33.085,Motor_sequence_exp,,2025.1.1,59.89731204728148,2025-10-02 01h35.46.788180 +0530,
50,c,161,161,40,,,,,c,1,1.2263767000113148,None,,,,,40,161,161,2,997.4743614000035,,,,,,,,,,,,,,,,997.4593116000178,997.4743614000035,998.4580515999987,998.4580515999987,998.4580515999987,998.4580515999987,998.4748544000031,999.4583024000167,999.4583024000167,1000.6921949000098,c,1,1.2263767000113148,None,333,001,2025-10-02_01h35.33.085,Motor_sequence_exp,,2025.1.1,59.89731204728148,2025-10-02 01h35.46.788180 +0530,
-150,z,162,162,37,,,,,z,1,1.1090534999966621,None,,,,,37,162,162,3,1000.7068791000056,,,,,,,,,,,,,,,,1000.692947100004,1000.7068791000056,1001.6905405000143,1001.6905405000143,1001.6905405000143,1001.6905405000143,1001.7070125000027,1002.6910044999968,1002.6910044999968,1003.8085270000156,z,1,1.1090534999966621,None,333,001,2025-10-02_01h35.33.085,Motor_sequence_exp,,2025.1.1,59.89731204728148,2025-10-02 01h35.46.788180 +0530,
-150,z,163,163,38,,,,,z,1,0.7804812999966089,None,,,,,38,163,163,3,1003.8230591000174,,,,,,,,,,,,,,,,1003.809587900003,1003.8230591000174,1004.8080550000013,1004.8080550000013,1004.8080550000013,1004.8080550000013,1004.8252358000027,1005.8253097000124,1005.8253097000124,1006.6090152999968,z,1,0.7804812999966089,None,333,001,2025-10-02_01h35.33.085,Motor_sequence_exp,,2025.1.1,59.89731204728148,2025-10-02 01h35.46.788180 +0530,
-50,x,164,164,42,,,,,x,1,1.0526986999902874,None,,,,,42,164,164,0,1006.6266676000087,,,,,,,,,,,,,,,,1006.6096902000136,1006.6266676000087,1007.60816969999,1007.60816969999,1007.60816969999,1007.60816969999,1007.6411436999915,1008.6252404999977,1008.6252404999977,1009.6923288000107,x,1,1.0526986999902874,None,333,001,2025-10-02_01h35.33.085,Motor_sequence_exp,,2025.1.1,59.89731204728148,2025-10-02 01h35.46.788180 +0530,
-50,x,165,165,43,,,,,x,1,0.7584425999957602,None,,,,,43,165,165,0,1009.7071970000106,,,,,,,,,,,,,,,,1009.6930553000129,1009.7071970000106,1010.6915486000071,1010.6915486000071,1010.6915486000071,1010.6915486000071,1010.707737699995,1011.707095299993,1011.707095299993,1012.4745102000015,x,1,0.7584425999957602,None,333,001,2025-10-02_01h35.33.085,Motor_sequence_exp,,2025.1.1,59.89731204728148,2025-10-02 01h35.46.788180 +0530,
-150,z,166,166,39,,,,,z,1,1.0985485000128392,None,,,,,39,166,166,3,1012.4912353999971,,,,,,,,,,,,,,,,1012.4751278000185,1012.4912353999971,1013.4750662000151,1013.4750662000151,1013.4750662000151,1013.4750662000151,1013.4919816000038,1014.4742802999972,1014.4742802999972,1015.576024000009,z,1,1.0985485000128392,None,333,001,2025-10-02_01h35.33.085,Motor_sequence_exp,,2025.1.1,59.89731204728148,2025-10-02 01h35.46.788180 +0530,
-150,z,167,167,40,,,,,z,1,1.2346423999988474,None,,,,,40,167,167,3,1015.5898418000143,,,,,,,,,,,,,,,,1015.5767049000133,1015.5898418000143,1016.5744282999949,1016.5744282999949,1016.5744282999949,1016.5744282999949,1016.5913753999921,1017.5910595000023,1017.5910595000023,1018.8405597000092,z,1,1.2346423999988474,None,333,001,2025-10-02_01h35.33.085,Motor_sequence_exp,,2025.1.1,59.89731204728148,2025-10-02 01h35.46.788180 +0530,
-150,z,168,168,41,,,,,z,1,1.1814348000043537,None,,,,,41,168,168,3,1018.8584094000107,,,,,,,,,,,,,,,,1018.841304600006,1018.8584094000107,1019.8420622000122,1019.8420622000122,1019.8420622000122,1019.8420622000122,1019.8584627000091,1020.8417057000042,1020.8417057000042,1022.0256678000151,z,1,1.1814348000043537,None,333,001,2025-10-02_01h35.33.085,Motor_sequence_exp,,2025.1.1,59.89731204728148,2025-10-02 01h35.46.788180 +0530,
-150,z,169,169,42,,,,,z,1,0.7084123000095133,None,,,,,42,169,169,3,1022.0400166999898,,,,,,,,,,,,,,,,1022.0262676000129,1022.0400166999898,1023.0250724999933,1023.0250724999933,1023.0250724999933,1023.0250724999933,1023.0415673000098,1024.0416298999917,1024.0416298999917,1024.7586652000027,z,1,0.7084123000095133,None,333,001,2025-10-02_01h35.33.085,Motor_sequence_exp,,2025.1.1,59.89731204728148,2025-10-02 01h35.46.788180 +0530,
150,v,170,170,42,,,,,v,1,1.118391199997859,None,,,,,42,170,170,1,1024.7746026999957,,,,,,,,,,,,,,,,1024.7593785999925,1024.7746026999957,1025.7583660999953,1025.7583660999953,1025.7583660999953,1025.7583660999953,1025.7753102999995,1026.7584300000162,1026.7584300000162,1027.8913080999919,v,1,1.118391199997859,None,333,001,2025-10-02_01h35.33.085,Motor_sequence_exp,,2025.1.1,59.89731204728148,2025-10-02 01h35.46.788180 +0530,
-50,x,171,171,44,,,,,x,1,0.8212467000121251,None,,,,,44,171,171,0,1027.9074482000142,,,,,,,,,,,,,,,,1027.8919184000115,1027.9074482000142,1028.891619300004,1028.891619300004,1028.891619300004,1028.891619300004,1028.9092691999977,1029.891797999997,1029.891797999997,1030.7240898000018,x,1,0.8212467000121251,None,333,001,2025-10-02_01h35.33.085,Motor_sequence_exp,,2025.1.1,59.89731204728148,2025-10-02 01h35.46.788180 +0530,
-150,z,172,172,43,,,,,z,1,1.4159233000245877,None,,,,,43,172,172,3,1030.7412326000049,,,,,,,,,,,,,,,,1030.7246926999942,1030.7412326000049,1031.7245326999982,1031.7245326999982,1031.7245326999982,1031.7245326999982,1031.7418606000138,1032.7254530999926,1032.7254530999926,1034.1424764000112,z,1,1.4159233000245877,None,333,001,2025-10-02_01h35.33.085,Motor_sequence_exp,,2025.1.1,59.89731204728148,2025-10-02 01h35.46.788180 +0530,
50,c,173,173,41,,,,,c,1,1.5005298999894876,None,,,,,41,173,173,2,1034.1567773999996,,,,,,,,,,,,,,,,1034.1431294000067,1034.1567773999996,1035.1583671999979,1035.1583671999979,1035.1583671999979,1035.1583671999979,1035.1583671999979,1036.1415296999912,1036.1415296999912,1037.6593256999913,c,1,1.5005298999894876,None,333,001,2025-10-02_01h35.33.085,Motor_sequence_exp,,2025.1.1,59.89731204728148,2025-10-02 01h35.46.788180 +0530,
150,v,174,174,43,,,,,v,1,2.190301599999657,None,,,,,43,174,174,1,1037.6734205000103,,,,,,,,,,,,,,,,1037.6603482000064,1037.6734205000103,1038.658687499992,1038.658687499992,1038.658687499992,1038.658687499992,1038.675764500018,1039.6588350000093,1039.6588350000093,1041.8578794999921,v,1,2.190301599999657,None,333,001,2025-10-02_01h35.33.085,Motor_sequence_exp,,2025.1.1,59.89731204728148,2025-10-02 01h35.46.788180 +0530,
-50,x,175,175,45,,,,,x,1,0.9427524000057019,None,,,,,45,175,175,0,1041.8735575000173,,,,,,,,,,,,,,,,1041.8585279000108,1041.8735575000173,1042.8739021999936,1042.8739021999936,1042.8739021999936,1042.8739021999936,1042.8739021999936,1043.8739739000157,1043.8739739000157,1044.8259555000113,x,1,0.9427524000057019,None,333,001,2025-10-02_01h35.33.085,Motor_sequence_exp,,2025.1.1,59.89731204728148,2025-10-02 01h35.46.788180 +0530,
150,v,176,176,44,,,,,v,1,1.3504793000174686,None,,,,,44,176,176,1,1044.8409206999931,,,,,,,,,,,,,,,,1044.8267998000083,1044.8409206999931,1045.8253644999932,1045.8253644999932,1045.8253644999932,1045.8253644999932,1045.8409747999976,1046.8247338999936,1046.8247338999936,1048.1926227000076,v,1,1.3504793000174686,None,333,001,2025-10-02_01h35.33.085,Motor_sequence_exp,,2025.1.1,59.89731204728148,2025-10-02 01h35.46.788180 +0530,
50,c,177,177,42,,,,,c,1,2.1468674000061583,None,,,,,42,177,177,2,1048.208892900002,,,,,,,,,,,,,,,,1048.1933586999949,1048.208892900002,1049.2079238000151,1049.2079238000151,1049.2079238000151,1049.2079238000151,1049.2079238000151,1050.1918431000086,1050.1918431000086,1052.3429498000187,c,1,2.1468674000061583,None,333,001,2025-10-02_01h35.33.085,Motor_sequence_exp,,2025.1.1,59.89731204728148,2025-10-02 01h35.46.788180 +0530,
-150,z,178,178,44,,,,,z,1,0.833897899981821,None,,,,,44,178,178,3,1052.3570880999905,,,,,,,,,,,,,,,,1052.3436337000167,1052.3570880999905,1053.3406053000072,1053.3406053000072,1053.3406053000072,1053.3406053000072,1053.3571488000161,1054.3421625999908,1054.3421625999908,1055.1923104000161,z,1,0.833897899981821,None,333,001,2025-10-02_01h35.33.085,Motor_sequence_exp,,2025.1.1,59.89731204728148,2025-10-02 01h35.46.788180 +0530,
150,v,179,179,45,,,,,v,1,0.868667100003222,None,,,,,45,179,179,1,1055.208541400003,,,,,,,,,,,,,,,,1055.1929031999898,1055.208541400003,1056.1922442000068,1056.1922442000068,1056.1922442000068,1056.1922442000068,1056.2089299999934,1057.1923089000047,1057.1923089000047,1058.0745764000167,v,1,0.868667100003222,None,333,001,2025-10-02_01h35.33.085,Motor_sequence_exp,,2025.1.1,59.89731204728148,2025-10-02 01h35.46.788180 +0530,
50,c,180,180,43,,,,,c,1,0.7605377999716438,None,,,,,43,180,180,2,1058.0916586999956,,,,,,,,,,,,,,,,1058.0752977000084,1058.0916586999956,1059.0745595000044,1059.0745595000044,1059.0745595000044,1059.0745595000044,1059.0905353999988,1060.0757193000172,1060.0757193000172,1060.8418982000148,c,1,0.7605377999716438,None,333,001,2025-10-02_01h35.33.085,Motor_sequence_exp,,2025.1.1,59.89731204728148,2025-10-02 01h35.46.788180 +0530,
50,c,181,181,44,,,,,c,1,0.9428421999909915,None,,,,,44,181,181,2,1060.8573704000155,,,,,,,,,,,,,,,,1060.8426215999934,1060.8573704000155,1061.8423148000147,1061.8423148000147,1061.8423148000147,1061.8423148000147,1061.8587778999936,1062.8573748999916,1062.8573748999916,1063.8102045000123,c,1,0.9428421999909915,None,333,001,2025-10-02_01h35.33.085,Motor_sequence_exp,,2025.1.1,59.89731204728148,2025-10-02 01h35.46.788180 +0530,
50,c,182,182,45,,,,,c,1,1.5702136000036262,None,,,,,45,182,182,2,1063.8238390999904,,,,,,,,,,,,,,,,1063.8108866999974,1063.8238390999904,1064.8087259000167,1064.8087259000167,1064.8087259000167,1064.8087259000167,1064.8257403000025,1065.8254753999936,1065.8254753999936,1067.4096482000023,c,1,1.5702136000036262,None,333,001,2025-10-02_01h35.33.085,Motor_sequence_exp,,2025.1.1,59.89731204728148,2025-10-02 01h35.46.788180 +0530,
150,v,183,183,46,,,,,v,1,0.8313560000096913,None,,,,,46,183,183,1,1067.4245492999908,,,,,,,,,,,,,,,,1067.4103160999948,1067.4245492999908,1068.4083109000057,1068.4083109000057,1068.4083109000057,1068.4083109000057,1068.4258259999915,1069.4090938000008,1069.4090938000008,1070.2438538999995,v,1,0.8313560000096913,None,333,001,2025-10-02_01h35.33.085,Motor_sequence_exp,,2025.1.1,59.89731204728148,2025-10-02 01h35.46.788180 +0530,
-150,z,184,184,45,,,,,z,1,1.0336111999931745,None,,,,,45,184,184,3,1070.2576962000167,,,,,,,,,,,,,,,,1070.244576099998,1070.2576962000167,1071.2588804000115,1071.2588804000115,1071.2588804000115,1071.2588804000115,1071.2588804000115,1072.2595692000177,1072.2595692000177,1073.3089177999937,z,1,1.0336111999931745,None,333,001,2025-10-02_01h35.33.085,Motor_sequence_exp,,2025.1.1,59.89731204728148,2025-10-02 01h35.46.788180 +0530,
-50,x,185,185,46,,,,,x,1,1.0558616000053007,None,,,,,46,185,185,0,1073.325708199991,,,,,,,,,,,,,,,,1073.3095118000056,1073.325708199991,1074.3094782000117,1074.3094782000117,1074.3094782000117,1074.3094782000117,1074.3259076999966,1075.3083563999971,1075.3083563999971,1076.376285700011,x,1,1.0558616000053007,None,333,001,2025-10-02_01h35.33.085,Motor_sequence_exp,,2025.1.1,59.89731204728148,2025-10-02 01h35.46.788180 +0530,
-50,x,186,186,47,,,,,x,1,0.56869449999067,None,,,,,47,186,186,0,1076.3916315000097,,,,,,,,,,,,,,,,1076.3772395999986,1076.3916315000097,1077.3758772000147,1077.3758772000147,1077.3758772000147,1077.3758772000147,1077.3922872999974,1078.3751188000024,1078.3751188000024,1078.9595579000015,x,1,0.56869449999067,None,333,001,2025-10-02_01h35.33.085,Motor_sequence_exp,,2025.1.1,59.89731204728148,2025-10-02 01h35.46.788180 +0530,
-150,z,187,187,46,,,,,z,1,1.1333959000185132,None,,,,,46,187,187,3,1078.9742070999928,,,,,,,,,,,,,,,,1078.9603147000016,1078.9742070999928,1079.9750673999952,1079.9750673999952,1079.9750673999952,1079.9750673999952,1079.9750673999952,1080.9591495000059,1080.9591495000059,1082.1090587000072,z,1,1.1333959000185132,None,333,001,2025-10-02_01h35.33.085,Motor_sequence_exp,,2025.1.1,59.89731204728148,2025-10-02 01h35.46.788180 +0530,
50,c,188,188,46,,,,,c,1,0.8178696000250056,None,,,,,46,188,188,2,1082.1257868999965,,,,,,,,,,,,,,,,1082.1096915999951,1082.1257868999965,1083.1082947000104,1083.1082947000104,1083.1082947000104,1083.1082947000104,1083.1242629000044,1084.1092263000028,1084.1092263000028,1084.94318989999,c,1,0.8178696000250056,None,333,001,2025-10-02_01h35.33.085,Motor_sequence_exp,,2025.1.1,59.89731204728148,2025-10-02 01h35.46.788180 +0530,
-50,x,189,189,48,,,,,x,1,0.858706600003643,None,,,,,48,189,189,0,1084.9591510000173,,,,,,,,,,,,,,,,1084.9442099000153,1084.9591510000173,1085.9593371000083,1085.9593371000083,1085.9593371000083,1085.9593371000083,1085.9593371000083,1086.9435531999916,1086.9435531999916,1087.8100406000158,x,1,0.858706600003643,None,333,001,2025-10-02_01h35.33.085,Motor_sequence_exp,,2025.1.1,59.89731204728148,2025-10-02 01h35.46.788180 +0530,
50,c,190,190,47,,,,,c,1,0.8888710000028368,None,,,,,47,190,190,2,1087.8243119000108,,,,,,,,,,,,,,,,1087.8108240000147,1087.8243119000108,1088.8090947000019,1088.8090947000019,1088.8090947000019,1088.8090947000019,1088.825997900014,1089.8092631000036,1089.8092631000036,1090.708670299995,c,1,0.8888710000028368,None,333,001,2025-10-02_01h35.33.085,Motor_sequence_exp,,2025.1.1,59.89731204728148,2025-10-02 01h35.46.788180 +0530,
150,v,191,191,47,,,,,v,1,1.3040539000066929,None,,,,,47,191,191,1,1090.7265768999932,,,,,,,,,,,,,,,,1090.7093365000037,1090.7265768999932,1091.7078245000157,1091.7078245000157,1091.7078245000157,1091.7078245000157,1091.7427795999974,1092.709314800013,1092.709314800013,1094.0253240000166,v,1,1.3040539000066929,None,333,001,2025-10-02_01h35.33.085,Motor_sequence_exp,,2025.1.1,59.89731204728148,2025-10-02 01h35.46.788180 +0530,
50,c,192,192,48,,,,,c,1,0.9787824000231922,None,,,,,48,192,192,2,1094.0425492000068,,,,,,,,,,,,,,,,1094.0261047999957,1094.0425492000068,1095.0262947000156,1095.0262947000156,1095.0262947000156,1095.0262947000156,1095.0425670999975,1096.0262008999998,1096.0262008999998,1097.0091818000074,c,1,0.9787824000231922,None,333,001,2025-10-02_01h35.33.085,Motor_sequence_exp,,2025.1.1,59.89731204728148,2025-10-02 01h35.46.788180 +0530,
-150,z,193,193,47,,,,,z,1,0.7918547000153922,None,,,,,47,193,193,3,1097.025237599999,,,,,,,,,,,,,,,,1097.009859200014,1097.025237599999,1098.0095432999951,1098.0095432999951,1098.0095432999951,1098.0095432999951,1098.0264515000163,1099.0090920999937,1099.0090920999937,1099.8093544000003,z,1,0.7918547000153922,None,333,001,2025-10-02_01h35.33.085,Motor_sequence_exp,,2025.1.1,59.89731204728148,2025-10-02 01h35.46.788180 +0530,
-150,z,194,194,48,,,,,z,1,0.7563389000133611,None,,,,,48,194,194,3,1099.8250508999918,,,,,,,,,,,,,,,,1099.810041699995,1099.8250508999918,1100.8096893000184,1100.8096893000184,1100.8096893000184,1100.8096893000184,1100.8279443999927,1101.8097233000153,1101.8097233000153,1102.5775138000026,z,1,0.7563389000133611,None,333,001,2025-10-02_01h35.33.085,Motor_sequence_exp,,2025.1.1,59.89731204728148,2025-10-02 01h35.46.788180 +0530,
-150,z,195,195,49,,,,,z,1,0.40051959999254905,None,,,,,49,195,195,3,1102.59131779999,,,,,,,,,,,,,,,,1102.5781661999936,1102.59131779999,1103.5762393000186,1103.5762393000186,1103.5762393000186,1103.5762393000186,1103.5919184999948,1104.5930383999948,1104.5930383999948,1105.0094368999999,z,1,0.40051959999254905,None,333,001,2025-10-02_01h35.33.085,Motor_sequence_exp,,2025.1.1,59.89731204728148,2025-10-02 01h35.46.788180 +0530,
150,v,196,196,48,,,,,v,1,3.660831799992593,None,,,,,48,196,196,1,1105.0247703999921,,,,,,,,,,,,,,,,1105.0100311000133,1105.0247703999921,1106.0095512999978,1106.0095512999978,1106.0095512999978,1106.0095512999978,1106.026575099997,1107.009613000002,1107.009613000002,1110.6759026999935,v,1,3.660831799992593,None,333,001,2025-10-02_01h35.33.085,Motor_sequence_exp,,2025.1.1,59.89731204728148,2025-10-02 01h35.46.788180 +0530,
-50,x,197,197,49,,,,,x,1,0.9453223000164144,None,,,,,49,197,197,0,1110.691389100015,,,,,,,,,,,,,,,,1110.6765644999978,1110.691389100015,1111.6761911000067,1111.6761911000067,1111.6761911000067,1111.6761911000067,1111.6924780000118,1112.6765064999927,1112.6765064999927,1113.627050400013,x,1,0.9453223000164144,None,333,001,2025-10-02_01h35.33.085,Motor_sequence_exp,,2025.1.1,59.89731204728148,2025-10-02 01h35.46.788180 +0530,
50,c,198,198,49,,,,,v,0,1.3084063999995124,None,,,,,49,198,198,2,1113.6427700000058,,,,,,,,,,,,,,,,1113.6279457999917,1113.6427700000058,1114.6263813000114,1114.6263813000114,1114.6263813000114,1114.6263813000114,1114.6430952000082,1115.626588300016,1115.626588300016,1116.9428630000039,v,0,1.3084063999995124,None,333,001,2025-10-02_01h35.33.085,Motor_sequence_exp,,2025.1.1,59.89731204728148,2025-10-02 01h35.46.788180 +0530,
150,v,199,199,49,,,,,v,1,1.1619193000078667,None,,,,,49,199,199,1,1116.9580459000135,,,,,,,,,,,,,,,,1116.943464800017,1116.9580459000135,1117.9429997999978,1117.9429997999978,1117.9429997999978,1117.9429997999978,1117.959966800001,1118.9433675000037,1118.9433675000037,1120.1101255000103,v,1,1.1619193000078667,None,333,001,2025-10-02_01h35.33.085,Motor_sequence_exp,,2025.1.1,59.89731204728148,2025-10-02 01h35.46.788180 +0530,
