16.6840 	INFO 	Loaded monitor calibration from ['2025_08_12 09:11']
16.6980 	WARNING 	User requested fullscreen with size [1024  768], but screen is actually [1920, 1080]. Using actual size
17.2969 	INFO 	Using renderer 'AMD Radeon(TM) Graphics' for graphics
17.2969 	INFO 	OpenGL version supported by driver is 4..
17.4008 	EXP 	Created window1 = Window(allowGUI=False, allowStencil=False, autoLog=True, backendConf=UNKNOWN, backgroundFit=<method-wrapper '__getattribute__' of attributeSetter object at 0x000001880F30C0D0>, backgroundImage=<method-wrapper '__getattribute__' of attributeSetter object at 0x000001880F30C070>, bitsMode=UNKNOWN, blendMode='avg', bpc=(8, 8, 8), color=array([0, 0, 0]), colorSpace='rgb', depthBits=8, fullscr=True, gamma=None, gammaErrorPolicy='raise', infoMsg=UNKNOWN, lms=UNKNOWN, monitor=<psychopy.monitors.calibTools.Monitor object at 0x000001880F3B9930>, multiSample=False, name='window1', numSamples=2, pos=[np.float64(0.0), np.float64(0.0)], screen=0, size=array([1920, 1080]), stencilBits=0, stereo=False, title='PsychoPy', units='height', useFBO=True, useRetina=False, viewOri=0.0, viewPos=None, viewScale=None, waitBlanking=True, winType='pyglet')
17.4010 	EXP 	window1: backgroundImage = ''
17.4010 	EXP 	window1: backgroundFit = 'none'
17.9213 	EXP 	window1: Attempting to measure frame rate of screen (0) ...
17.9214 	EXP 	window1: recordFrameIntervals = False
18.1456 	EXP 	window1: recordFrameIntervals = True
18.3287 	EXP 	Screen (0) actual frame rate measured at 59.90Hz
18.3288 	EXP 	window1: recordFrameIntervals = False
18.3990 	INFO 	keyboard.Keyboard is using ptb backend.
18.3994 	INFO 	keyboard.Keyboard is using ptb backend.
18.3995 	INFO 	keyboard.Keyboard is using ptb backend.
18.3996 	EXP 	Motor_sequence_exp: status = STARTED
18.4108 	EXP 	Created fixation = ShapeStim(__class__=<class 'psychopy.visual.shape.ShapeStim'>, anchor=('center', 'center'), autoDraw=False, autoLog=True, closeShape=True, color=method-wrapper(...), colorSpace='rgb', contrast=None, depth=0.0, draggable=False, fillColor=array([1, 1, 1]), fillColorSpace='rgb', fillRGB=array([1, 1, 1]), interpolate=True, lineColor=array([1., 1., 1.]), lineColorSpace='rgb', lineRGB=array([1, 1, 1]), lineWidth=1.0, name='fixation', opacity=1, ori=0.0, pos=array([0., 0.]), size=array([10., 10.]), units='pix', vertices=ndarray(...), win=Window(...), windingRule=None)
18.4127 	EXP 	Created line1 = Rect(__class__=<class 'psychopy.visual.rect.Rect'>, anchor=('center', 'center'), autoDraw=False, autoLog=True, closeShape=True, color=method-wrapper(...), colorSpace='rgb', contrast=None, depth=-1.0, draggable=False, fillColor=array([1, 1, 1]), fillColorSpace='rgb', fillRGB=array([1, 1, 1]), interpolate=True, lineColor=array([1., 1., 1.]), lineColorSpace='rgb', lineRGB=array([1, 1, 1]), lineWidth=1.0, name='line1', opacity=1, ori=90.0, pos=array([-150.,    0.]), size=array([100.,  10.]), units='pix', vertices=ndarray(...), win=Window(...))
18.4144 	EXP 	Created line2 = Rect(__class__=<class 'psychopy.visual.rect.Rect'>, anchor=('center', 'center'), autoDraw=False, autoLog=True, closeShape=True, color=method-wrapper(...), colorSpace='rgb', contrast=None, depth=-2.0, draggable=False, fillColor=array([1, 1, 1]), fillColorSpace='rgb', fillRGB=array([1, 1, 1]), interpolate=True, lineColor=array([1., 1., 1.]), lineColorSpace='rgb', lineRGB=array([1, 1, 1]), lineWidth=1.0, name='line2', opacity=1, ori=90.0, pos=array([-50.,   0.]), size=array([100.,  10.]), units='pix', vertices=ndarray(...), win=Window(...))
18.4158 	EXP 	Created line3 = Rect(__class__=<class 'psychopy.visual.rect.Rect'>, anchor=('center', 'center'), autoDraw=False, autoLog=True, closeShape=True, color=method-wrapper(...), colorSpace='rgb', contrast=None, depth=-3.0, draggable=False, fillColor=array([1, 1, 1]), fillColorSpace='rgb', fillRGB=array([1, 1, 1]), interpolate=True, lineColor=array([1., 1., 1.]), lineColorSpace='rgb', lineRGB=array([1, 1, 1]), lineWidth=1.0, name='line3', opacity=1, ori=90.0, pos=array([50.,  0.]), size=array([100.,  10.]), units='pix', vertices=ndarray(...), win=Window(...))
18.4178 	EXP 	Created line4 = Rect(__class__=<class 'psychopy.visual.rect.Rect'>, anchor=('center', 'center'), autoDraw=False, autoLog=True, closeShape=True, color=method-wrapper(...), colorSpace='rgb', contrast=None, depth=-4.0, draggable=False, fillColor=array([1, 1, 1]), fillColorSpace='rgb', fillRGB=array([1, 1, 1]), interpolate=True, lineColor=array([1., 1., 1.]), lineColorSpace='rgb', lineRGB=array([1, 1, 1]), lineWidth=1.0, name='line4', opacity=1, ori=90.0, pos=array([150.,   0.]), size=array([100.,  10.]), units='pix', vertices=ndarray(...), win=Window(...))
18.4200 	EXP 	Created probe = ShapeStim(__class__=<class 'psychopy.visual.shape.ShapeStim'>, anchor=('center', 'center'), autoDraw=False, autoLog=True, closeShape=True, color=method-wrapper(...), colorSpace='rgb', contrast=None, depth=-5.0, draggable=False, fillColor=array([1, 1, 1]), fillColorSpace='rgb', fillRGB=array([1, 1, 1]), interpolate=True, lineColor=array([1., 1., 1.]), lineColorSpace='rgb', lineRGB=array([1, 1, 1]), lineWidth=1.0, name='probe', opacity=1, ori=0.0, pos=array([0., 0.]), size=array([10., 10.]), units='pix', vertices=ndarray(...), win=Window(...), windingRule=None)
18.4226 	EXP 	Created fixation_2 = ShapeStim(__class__=<class 'psychopy.visual.shape.ShapeStim'>, anchor=('center', 'center'), autoDraw=False, autoLog=True, closeShape=True, color=method-wrapper(...), colorSpace='rgb', contrast=None, depth=0.0, draggable=False, fillColor=array([1, 1, 1]), fillColorSpace='rgb', fillRGB=array([1, 1, 1]), interpolate=True, lineColor=array([1., 1., 1.]), lineColorSpace='rgb', lineRGB=array([1, 1, 1]), lineWidth=1.0, name='fixation_2', opacity=1, ori=0.0, pos=array([0., 0.]), size=array([10., 10.]), units='pix', vertices=ndarray(...), win=Window(...), windingRule=None)
18.4242 	EXP 	Created line_1 = Rect(__class__=<class 'psychopy.visual.rect.Rect'>, anchor=('center', 'center'), autoDraw=False, autoLog=True, closeShape=True, color=method-wrapper(...), colorSpace='rgb', contrast=None, depth=-1.0, draggable=False, fillColor=array([1, 1, 1]), fillColorSpace='rgb', fillRGB=array([1, 1, 1]), interpolate=True, lineColor=array([1., 1., 1.]), lineColorSpace='rgb', lineRGB=array([1, 1, 1]), lineWidth=1.0, name='line_1', opacity=1, ori=90.0, pos=array([0., 0.]), size=array([100.,  10.]), units='pix', vertices=ndarray(...), win=Window(...))
18.4256 	EXP 	Created line_2 = Rect(__class__=<class 'psychopy.visual.rect.Rect'>, anchor=('center', 'center'), autoDraw=False, autoLog=True, closeShape=True, color=method-wrapper(...), colorSpace='rgb', contrast=None, depth=-2.0, draggable=False, fillColor=array([1, 1, 1]), fillColorSpace='rgb', fillRGB=array([1, 1, 1]), interpolate=True, lineColor=array([1., 1., 1.]), lineColorSpace='rgb', lineRGB=array([1, 1, 1]), lineWidth=1.0, name='line_2', opacity=1, ori=90.0, pos=array([0., 0.]), size=array([100.,  10.]), units='pix', vertices=ndarray(...), win=Window(...))
18.4278 	EXP 	Created line_3 = Rect(__class__=<class 'psychopy.visual.rect.Rect'>, anchor=('center', 'center'), autoDraw=False, autoLog=True, closeShape=True, color=method-wrapper(...), colorSpace='rgb', contrast=None, depth=-3.0, draggable=False, fillColor=array([1, 1, 1]), fillColorSpace='rgb', fillRGB=array([1, 1, 1]), interpolate=True, lineColor=array([1., 1., 1.]), lineColorSpace='rgb', lineRGB=array([1, 1, 1]), lineWidth=1.0, name='line_3', opacity=1, ori=90.0, pos=array([0., 0.]), size=array([100.,  10.]), units='pix', vertices=ndarray(...), win=Window(...))
18.4300 	EXP 	Created line_4 = Rect(__class__=<class 'psychopy.visual.rect.Rect'>, anchor=('center', 'center'), autoDraw=False, autoLog=True, closeShape=True, color=method-wrapper(...), colorSpace='rgb', contrast=None, depth=-4.0, draggable=False, fillColor=array([1, 1, 1]), fillColorSpace='rgb', fillRGB=array([1, 1, 1]), interpolate=True, lineColor=array([1., 1., 1.]), lineColorSpace='rgb', lineRGB=array([1, 1, 1]), lineWidth=1.0, name='line_4', opacity=1, ori=90.0, pos=array([0., 0.]), size=array([100.,  10.]), units='pix', vertices=ndarray(...), win=Window(...))
18.4320 	EXP 	Created probe_2 = ShapeStim(__class__=<class 'psychopy.visual.shape.ShapeStim'>, anchor=('center', 'center'), autoDraw=False, autoLog=True, closeShape=True, color=method-wrapper(...), colorSpace='rgb', contrast=None, depth=-5.0, draggable=False, fillColor=array([1, 1, 1]), fillColorSpace='rgb', fillRGB=array([1, 1, 1]), interpolate=True, lineColor=array([1., 1., 1.]), lineColorSpace='rgb', lineRGB=array([1, 1, 1]), lineWidth=1.0, name='probe_2', opacity=1, ori=0.0, pos=array([0., 0.]), size=array([10., 10.]), units='pix', vertices=ndarray(...), win=Window(...), windingRule=None)
0.0168 	EXP 	Imported sequence_conditions.csv as conditions, 4 conditions, 2 params
0.0182 	EXP 	New trial (rep=0, index=0): <Trial 0 (0 in rep 0) data={'pos': np.int64(-50), 'corr_resp': 'x', 'thisN': 0, 'thisTrialN': 0, 'thisRepN': 0}>
0.0311 	EXP 	fixation: autoDraw = True
1.0014 	EXP 	line1: autoDraw = True
1.0014 	EXP 	line2: autoDraw = True
1.0014 	EXP 	line3: autoDraw = True
1.0014 	EXP 	line4: autoDraw = True
1.0344 	EXP 	fixation: autoDraw = False
2.0006 	INFO 	Keyboard events cleared
2.0003 	EXP 	probe: autoDraw = True
3.1294 	EXP 	Device response: <KeyPress from None: t=3.114596800005529, value=x, duration=None>
3.1298 	EXP 	New trial (rep=0, index=1): <Trial 1 (1 in rep 0) data={'pos': np.int64(150), 'corr_resp': 'v', 'thisN': 1, 'thisTrialN': 1, 'thisRepN': 0}>
3.1322 	DATA 	Keypress: x
3.1401 	EXP 	fixation: autoDraw = False
3.1401 	EXP 	line1: autoDraw = False
3.1401 	EXP 	line2: autoDraw = False
3.1401 	EXP 	line3: autoDraw = False
3.1401 	EXP 	line4: autoDraw = False
3.1401 	EXP 	probe: autoDraw = False
3.1401 	EXP 	fixation: autoDraw = True
3.2667 	EXP 	Device response: <KeyPress from None: t=3.114596800005529, value=x, duration=0.14672560000326484>
4.1333 	EXP 	line1: autoDraw = True
4.1333 	EXP 	line2: autoDraw = True
4.1333 	EXP 	line3: autoDraw = True
4.1333 	EXP 	line4: autoDraw = True
4.1507 	EXP 	fixation: autoDraw = False
5.1345 	INFO 	Keyboard events cleared
5.1343 	EXP 	probe: autoDraw = True
6.1338 	EXP 	Device response: <KeyPress from None: t=6.1247835000103805, value=v, duration=None>
6.1341 	EXP 	New trial (rep=0, index=2): <Trial 2 (2 in rep 0) data={'pos': np.int64(50), 'corr_resp': 'c', 'thisN': 2, 'thisTrialN': 2, 'thisRepN': 0}>
6.1353 	DATA 	Keypress: v
6.1503 	EXP 	fixation: autoDraw = False
6.1503 	EXP 	line1: autoDraw = False
6.1503 	EXP 	line2: autoDraw = False
6.1503 	EXP 	line3: autoDraw = False
6.1503 	EXP 	line4: autoDraw = False
6.1503 	EXP 	probe: autoDraw = False
6.1503 	EXP 	fixation: autoDraw = True
6.2852 	EXP 	Device response: <KeyPress from None: t=6.1247835000103805, value=v, duration=0.15137780000804923>
7.1341 	EXP 	line1: autoDraw = True
7.1341 	EXP 	line2: autoDraw = True
7.1341 	EXP 	line3: autoDraw = True
7.1341 	EXP 	line4: autoDraw = True
7.1510 	EXP 	fixation: autoDraw = False
8.1343 	INFO 	Keyboard events cleared
8.1341 	EXP 	probe: autoDraw = True
9.4203 	DATA 	Keypress: c
9.4331 	EXP 	Device response: <KeyPress from None: t=9.418823100015288, value=c, duration=None>
9.4336 	EXP 	New trial (rep=0, index=3): <Trial 3 (3 in rep 0) data={'pos': np.int64(-150), 'corr_resp': 'z', 'thisN': 3, 'thisTrialN': 3, 'thisRepN': 0}>
9.4506 	EXP 	fixation: autoDraw = False
9.4506 	EXP 	line1: autoDraw = False
9.4506 	EXP 	line2: autoDraw = False
9.4506 	EXP 	line3: autoDraw = False
9.4506 	EXP 	line4: autoDraw = False
9.4506 	EXP 	probe: autoDraw = False
9.4506 	EXP 	fixation: autoDraw = True
9.5183 	EXP 	Device response: <KeyPress from None: t=9.418823100015288, value=c, duration=0.09192469998379238>
10.4345 	EXP 	line1: autoDraw = True
10.4345 	EXP 	line2: autoDraw = True
10.4345 	EXP 	line3: autoDraw = True
10.4345 	EXP 	line4: autoDraw = True
10.4508 	EXP 	fixation: autoDraw = False
11.4328 	INFO 	Keyboard events cleared
11.4326 	EXP 	probe: autoDraw = True
12.2327 	EXP 	Device response: <KeyPress from None: t=12.22196160000749, value=z, duration=None>
12.2329 	EXP 	New trial (rep=1, index=0): <Trial 4 (0 in rep 1) data={'pos': np.int64(-50), 'corr_resp': 'x', 'thisN': 4, 'thisTrialN': 0, 'thisRepN': 1}>
12.2338 	DATA 	Keypress: z
12.2496 	EXP 	fixation: autoDraw = False
12.2496 	EXP 	line1: autoDraw = False
12.2496 	EXP 	line2: autoDraw = False
12.2496 	EXP 	line3: autoDraw = False
12.2496 	EXP 	line4: autoDraw = False
12.2496 	EXP 	probe: autoDraw = False
12.2496 	EXP 	fixation: autoDraw = True
12.3662 	EXP 	Device response: <KeyPress from None: t=12.22196160000749, value=z, duration=0.13352229999145493>
13.2331 	EXP 	line1: autoDraw = True
13.2331 	EXP 	line2: autoDraw = True
13.2331 	EXP 	line3: autoDraw = True
13.2331 	EXP 	line4: autoDraw = True
13.2499 	EXP 	fixation: autoDraw = False
14.2333 	INFO 	Keyboard events cleared
14.2331 	EXP 	probe: autoDraw = True
14.9833 	EXP 	Device response: <KeyPress from None: t=14.973108100006357, value=x, duration=None>
14.9837 	EXP 	New trial (rep=1, index=1): <Trial 5 (1 in rep 1) data={'pos': np.int64(150), 'corr_resp': 'v', 'thisN': 5, 'thisTrialN': 1, 'thisRepN': 1}>
14.9850 	DATA 	Keypress: x
14.9991 	EXP 	fixation: autoDraw = False
14.9991 	EXP 	line1: autoDraw = False
14.9991 	EXP 	line2: autoDraw = False
14.9991 	EXP 	line3: autoDraw = False
14.9991 	EXP 	line4: autoDraw = False
14.9991 	EXP 	probe: autoDraw = False
14.9991 	EXP 	fixation: autoDraw = True
15.1003 	EXP 	Device response: <KeyPress from None: t=14.973108100006357, value=x, duration=0.1216050999937579>
15.9993 	EXP 	fixation: autoDraw = False
15.9993 	EXP 	line1: autoDraw = True
15.9993 	EXP 	line2: autoDraw = True
15.9993 	EXP 	line3: autoDraw = True
15.9993 	EXP 	line4: autoDraw = True
17.0003 	INFO 	Keyboard events cleared
17.0001 	EXP 	probe: autoDraw = True
17.8335 	EXP 	Device response: <KeyPress from None: t=17.828318999992916, value=v, duration=None>
17.8337 	EXP 	New trial (rep=1, index=2): <Trial 6 (2 in rep 1) data={'pos': np.int64(50), 'corr_resp': 'c', 'thisN': 6, 'thisTrialN': 2, 'thisRepN': 1}>
17.8347 	DATA 	Keypress: v
17.8495 	EXP 	fixation: autoDraw = False
17.8495 	EXP 	line1: autoDraw = False
17.8495 	EXP 	line2: autoDraw = False
17.8495 	EXP 	line3: autoDraw = False
17.8495 	EXP 	line4: autoDraw = False
17.8495 	EXP 	probe: autoDraw = False
17.8495 	EXP 	fixation: autoDraw = True
17.9669 	EXP 	Device response: <KeyPress from None: t=17.828318999992916, value=v, duration=0.13616510000429116>
18.8332 	EXP 	line1: autoDraw = True
18.8332 	EXP 	line2: autoDraw = True
18.8332 	EXP 	line3: autoDraw = True
18.8332 	EXP 	line4: autoDraw = True
18.8492 	EXP 	fixation: autoDraw = False
19.8335 	INFO 	Keyboard events cleared
19.8334 	EXP 	probe: autoDraw = True
20.5586 	EXP 	Device response: <KeyPress from None: t=20.543985900003463, value=c, duration=None>
20.5589 	EXP 	New trial (rep=1, index=3): <Trial 7 (3 in rep 1) data={'pos': np.int64(-150), 'corr_resp': 'z', 'thisN': 7, 'thisTrialN': 3, 'thisRepN': 1}>
20.5600 	DATA 	Keypress: c
20.5740 	EXP 	fixation: autoDraw = False
20.5740 	EXP 	line1: autoDraw = False
20.5740 	EXP 	line2: autoDraw = False
20.5740 	EXP 	line3: autoDraw = False
20.5740 	EXP 	line4: autoDraw = False
20.5740 	EXP 	probe: autoDraw = False
20.5740 	EXP 	fixation: autoDraw = True
20.6592 	EXP 	Device response: <KeyPress from None: t=20.543985900003463, value=c, duration=0.09752630000002682>
21.5584 	EXP 	line1: autoDraw = True
21.5584 	EXP 	line2: autoDraw = True
21.5584 	EXP 	line3: autoDraw = True
21.5584 	EXP 	line4: autoDraw = True
21.5744 	EXP 	fixation: autoDraw = False
22.5577 	INFO 	Keyboard events cleared
22.5576 	EXP 	probe: autoDraw = True
23.4925 	EXP 	Device response: <KeyPress from None: t=23.48415100001148, value=z, duration=None>
23.4931 	EXP 	New trial (rep=2, index=0): <Trial 8 (0 in rep 2) data={'pos': np.int64(-50), 'corr_resp': 'x', 'thisN': 8, 'thisTrialN': 0, 'thisRepN': 2}>
23.4945 	DATA 	Keypress: z
23.5073 	EXP 	fixation: autoDraw = False
23.5073 	EXP 	line1: autoDraw = False
23.5073 	EXP 	line2: autoDraw = False
23.5073 	EXP 	line3: autoDraw = False
23.5073 	EXP 	line4: autoDraw = False
23.5073 	EXP 	probe: autoDraw = False
23.5073 	EXP 	fixation: autoDraw = True
23.5919 	EXP 	Device response: <KeyPress from None: t=23.48415100001148, value=z, duration=0.09383030000026338>
24.5081 	EXP 	fixation: autoDraw = False
24.5081 	EXP 	line1: autoDraw = True
24.5081 	EXP 	line2: autoDraw = True
24.5081 	EXP 	line3: autoDraw = True
24.5081 	EXP 	line4: autoDraw = True
25.5087 	INFO 	Keyboard events cleared
25.5085 	EXP 	probe: autoDraw = True
26.2761 	EXP 	Device response: <KeyPress from None: t=26.27325309999287, value=x, duration=None>
26.2766 	EXP 	New trial (rep=2, index=1): <Trial 9 (1 in rep 2) data={'pos': np.int64(150), 'corr_resp': 'v', 'thisN': 9, 'thisTrialN': 1, 'thisRepN': 2}>
26.2778 	DATA 	Keypress: x
26.2919 	EXP 	fixation: autoDraw = False
26.2919 	EXP 	line1: autoDraw = False
26.2919 	EXP 	line2: autoDraw = False
26.2919 	EXP 	line3: autoDraw = False
26.2919 	EXP 	line4: autoDraw = False
26.2919 	EXP 	probe: autoDraw = False
26.2919 	EXP 	fixation: autoDraw = True
26.3939 	EXP 	Device response: <KeyPress from None: t=26.27325309999287, value=x, duration=0.10318140001618303>
27.2754 	EXP 	line1: autoDraw = True
27.2754 	EXP 	line2: autoDraw = True
27.2754 	EXP 	line3: autoDraw = True
27.2754 	EXP 	line4: autoDraw = True
27.2933 	EXP 	fixation: autoDraw = False
28.2768 	INFO 	Keyboard events cleared
28.2766 	EXP 	probe: autoDraw = True
29.0960 	DATA 	Keypress: v
29.1085 	EXP 	Device response: <KeyPress from None: t=29.095232199993916, value=v, duration=None>
29.1089 	EXP 	New trial (rep=2, index=2): <Trial 10 (2 in rep 2) data={'pos': np.int64(50), 'corr_resp': 'c', 'thisN': 10, 'thisTrialN': 2, 'thisRepN': 2}>
29.1253 	EXP 	fixation: autoDraw = False
29.1253 	EXP 	line1: autoDraw = False
29.1253 	EXP 	line2: autoDraw = False
29.1253 	EXP 	line3: autoDraw = False
29.1253 	EXP 	line4: autoDraw = False
29.1253 	EXP 	probe: autoDraw = False
29.1253 	EXP 	fixation: autoDraw = True
29.2096 	EXP 	Device response: <KeyPress from None: t=29.095232199993916, value=v, duration=0.10257170000113547>
30.1084 	EXP 	line1: autoDraw = True
30.1084 	EXP 	line2: autoDraw = True
30.1084 	EXP 	line3: autoDraw = True
30.1084 	EXP 	line4: autoDraw = True
30.1247 	EXP 	fixation: autoDraw = False
31.1096 	INFO 	Keyboard events cleared
31.1094 	EXP 	probe: autoDraw = True
31.4426 	EXP 	Device response: <KeyPress from None: t=31.436822999996366, value=c, duration=None>
31.4430 	EXP 	New trial (rep=2, index=3): <Trial 11 (3 in rep 2) data={'pos': np.int64(-150), 'corr_resp': 'z', 'thisN': 11, 'thisTrialN': 3, 'thisRepN': 2}>
31.4443 	DATA 	Keypress: c
31.4583 	EXP 	fixation: autoDraw = False
31.4583 	EXP 	line1: autoDraw = False
31.4583 	EXP 	line2: autoDraw = False
31.4583 	EXP 	line3: autoDraw = False
31.4583 	EXP 	line4: autoDraw = False
31.4583 	EXP 	probe: autoDraw = False
31.4583 	EXP 	fixation: autoDraw = True
31.6258 	EXP 	Device response: <KeyPress from None: t=31.436822999996366, value=c, duration=0.18832040001871064>
32.4587 	EXP 	fixation: autoDraw = False
32.4587 	EXP 	line1: autoDraw = True
32.4587 	EXP 	line2: autoDraw = True
32.4587 	EXP 	line3: autoDraw = True
32.4587 	EXP 	line4: autoDraw = True
33.4577 	INFO 	Keyboard events cleared
33.4575 	EXP 	probe: autoDraw = True
34.0093 	DATA 	Keypress: z
34.0251 	EXP 	Device response: <KeyPress from None: t=34.00798260001466, value=z, duration=None>
34.0254 	EXP 	New trial (rep=3, index=0): <Trial 12 (0 in rep 3) data={'pos': np.int64(-50), 'corr_resp': 'x', 'thisN': 12, 'thisTrialN': 0, 'thisRepN': 3}>
34.0415 	EXP 	fixation: autoDraw = False
34.0415 	EXP 	line1: autoDraw = False
34.0415 	EXP 	line2: autoDraw = False
34.0415 	EXP 	line3: autoDraw = False
34.0415 	EXP 	line4: autoDraw = False
34.0415 	EXP 	probe: autoDraw = False
34.0415 	EXP 	fixation: autoDraw = True
34.1751 	EXP 	Device response: <KeyPress from None: t=34.00798260001466, value=z, duration=0.1556653000006918>
35.0247 	EXP 	line1: autoDraw = True
35.0247 	EXP 	line2: autoDraw = True
35.0247 	EXP 	line3: autoDraw = True
35.0247 	EXP 	line4: autoDraw = True
35.0409 	EXP 	fixation: autoDraw = False
36.0256 	INFO 	Keyboard events cleared
36.0255 	EXP 	probe: autoDraw = True
36.6252 	EXP 	Device response: <KeyPress from None: t=36.62181189999683, value=x, duration=None>
36.6255 	EXP 	New trial (rep=3, index=1): <Trial 13 (1 in rep 3) data={'pos': np.int64(150), 'corr_resp': 'v', 'thisN': 13, 'thisTrialN': 1, 'thisRepN': 3}>
36.6264 	DATA 	Keypress: x
36.6409 	EXP 	fixation: autoDraw = False
36.6409 	EXP 	line1: autoDraw = False
36.6409 	EXP 	line2: autoDraw = False
36.6409 	EXP 	line3: autoDraw = False
36.6409 	EXP 	line4: autoDraw = False
36.6409 	EXP 	probe: autoDraw = False
36.6409 	EXP 	fixation: autoDraw = True
36.8578 	EXP 	Device response: <KeyPress from None: t=36.62181189999683, value=x, duration=0.2217860000091605>
37.6409 	EXP 	fixation: autoDraw = False
37.6409 	EXP 	line1: autoDraw = True
37.6409 	EXP 	line2: autoDraw = True
37.6409 	EXP 	line3: autoDraw = True
37.6409 	EXP 	line4: autoDraw = True
38.6244 	INFO 	Keyboard events cleared
38.6243 	EXP 	probe: autoDraw = True
39.2081 	EXP 	Device response: <KeyPress from None: t=39.20674590000999, value=v, duration=None>
39.2083 	EXP 	New trial (rep=3, index=2): <Trial 14 (2 in rep 3) data={'pos': np.int64(50), 'corr_resp': 'c', 'thisN': 14, 'thisTrialN': 2, 'thisRepN': 3}>
39.2092 	DATA 	Keypress: v
39.2243 	EXP 	fixation: autoDraw = False
39.2243 	EXP 	line1: autoDraw = False
39.2243 	EXP 	line2: autoDraw = False
39.2243 	EXP 	line3: autoDraw = False
39.2243 	EXP 	line4: autoDraw = False
39.2243 	EXP 	probe: autoDraw = False
39.2243 	EXP 	fixation: autoDraw = True
39.3582 	EXP 	Device response: <KeyPress from None: t=39.20674590000999, value=v, duration=0.1405318999895826>
40.2094 	EXP 	line1: autoDraw = True
40.2094 	EXP 	line2: autoDraw = True
40.2094 	EXP 	line3: autoDraw = True
40.2094 	EXP 	line4: autoDraw = True
40.2270 	EXP 	fixation: autoDraw = False
41.2094 	INFO 	Keyboard events cleared
41.2092 	EXP 	probe: autoDraw = True
42.1769 	EXP 	Device response: <KeyPress from None: t=42.16862250000122, value=c, duration=None>
42.1774 	EXP 	New trial (rep=3, index=3): <Trial 15 (3 in rep 3) data={'pos': np.int64(-150), 'corr_resp': 'z', 'thisN': 15, 'thisTrialN': 3, 'thisRepN': 3}>
42.1788 	DATA 	Keypress: c
42.1922 	EXP 	fixation: autoDraw = False
42.1922 	EXP 	line1: autoDraw = False
42.1922 	EXP 	line2: autoDraw = False
42.1922 	EXP 	line3: autoDraw = False
42.1922 	EXP 	line4: autoDraw = False
42.1922 	EXP 	probe: autoDraw = False
42.1922 	EXP 	fixation: autoDraw = True
42.3113 	EXP 	Device response: <KeyPress from None: t=42.16862250000122, value=c, duration=0.13231630000518635>
43.1762 	EXP 	line1: autoDraw = True
43.1762 	EXP 	line2: autoDraw = True
43.1762 	EXP 	line3: autoDraw = True
43.1762 	EXP 	line4: autoDraw = True
43.1924 	EXP 	fixation: autoDraw = False
44.1769 	INFO 	Keyboard events cleared
44.1767 	EXP 	probe: autoDraw = True
44.8594 	EXP 	Device response: <KeyPress from None: t=44.8440583999909, value=z, duration=None>
44.8598 	EXP 	New trial (rep=4, index=0): <Trial 16 (0 in rep 4) data={'pos': np.int64(-50), 'corr_resp': 'x', 'thisN': 16, 'thisTrialN': 0, 'thisRepN': 4}>
44.8610 	DATA 	Keypress: z
44.8763 	EXP 	fixation: autoDraw = False
44.8763 	EXP 	line1: autoDraw = False
44.8763 	EXP 	line2: autoDraw = False
44.8763 	EXP 	line3: autoDraw = False
44.8763 	EXP 	line4: autoDraw = False
44.8763 	EXP 	probe: autoDraw = False
44.8763 	EXP 	fixation: autoDraw = True
45.0102 	EXP 	Device response: <KeyPress from None: t=44.8440583999909, value=z, duration=0.1625676000257954>
45.8600 	EXP 	line1: autoDraw = True
45.8600 	EXP 	line2: autoDraw = True
45.8600 	EXP 	line3: autoDraw = True
45.8600 	EXP 	line4: autoDraw = True
45.8767 	EXP 	fixation: autoDraw = False
46.8601 	INFO 	Keyboard events cleared
46.8598 	EXP 	probe: autoDraw = True
47.6454 	EXP 	Device response: <KeyPress from None: t=47.629583400004776, value=x, duration=None>
47.6459 	EXP 	New trial (rep=4, index=1): <Trial 17 (1 in rep 4) data={'pos': np.int64(150), 'corr_resp': 'v', 'thisN': 17, 'thisTrialN': 1, 'thisRepN': 4}>
47.6473 	DATA 	Keypress: x
47.6594 	EXP 	fixation: autoDraw = False
47.6594 	EXP 	line1: autoDraw = False
47.6594 	EXP 	line2: autoDraw = False
47.6594 	EXP 	line3: autoDraw = False
47.6594 	EXP 	line4: autoDraw = False
47.6594 	EXP 	probe: autoDraw = False
47.6594 	EXP 	fixation: autoDraw = True
47.7935 	EXP 	Device response: <KeyPress from None: t=47.629583400004776, value=x, duration=0.15706739999586716>
48.6593 	EXP 	fixation: autoDraw = False
48.6593 	EXP 	line1: autoDraw = True
48.6593 	EXP 	line2: autoDraw = True
48.6593 	EXP 	line3: autoDraw = True
48.6593 	EXP 	line4: autoDraw = True
49.6590 	INFO 	Keyboard events cleared
49.6588 	EXP 	probe: autoDraw = True
50.1248 	EXP 	Device response: <KeyPress from None: t=50.11131189999287, value=v, duration=None>
50.1251 	EXP 	New trial (rep=4, index=2): <Trial 18 (2 in rep 4) data={'pos': np.int64(50), 'corr_resp': 'c', 'thisN': 18, 'thisTrialN': 2, 'thisRepN': 4}>
50.1261 	DATA 	Keypress: v
50.1417 	EXP 	fixation: autoDraw = False
50.1417 	EXP 	line1: autoDraw = False
50.1417 	EXP 	line2: autoDraw = False
50.1417 	EXP 	line3: autoDraw = False
50.1417 	EXP 	line4: autoDraw = False
50.1417 	EXP 	probe: autoDraw = False
50.1417 	EXP 	fixation: autoDraw = True
50.2252 	EXP 	Device response: <KeyPress from None: t=50.11131189999287, value=v, duration=0.10663920000661165>
51.1255 	EXP 	line1: autoDraw = True
51.1255 	EXP 	line2: autoDraw = True
51.1255 	EXP 	line3: autoDraw = True
51.1255 	EXP 	line4: autoDraw = True
51.1417 	EXP 	fixation: autoDraw = False
52.1415 	INFO 	Keyboard events cleared
52.1413 	EXP 	probe: autoDraw = True
52.6422 	EXP 	Device response: <KeyPress from None: t=52.63023650000105, value=c, duration=None>
52.6424 	EXP 	New trial (rep=4, index=3): <Trial 19 (3 in rep 4) data={'pos': np.int64(-150), 'corr_resp': 'z', 'thisN': 19, 'thisTrialN': 3, 'thisRepN': 4}>
52.6433 	DATA 	Keypress: c
52.6579 	EXP 	fixation: autoDraw = False
52.6579 	EXP 	line1: autoDraw = False
52.6579 	EXP 	line2: autoDraw = False
52.6579 	EXP 	line3: autoDraw = False
52.6579 	EXP 	line4: autoDraw = False
52.6579 	EXP 	probe: autoDraw = False
52.6579 	EXP 	fixation: autoDraw = True
52.7923 	EXP 	Device response: <KeyPress from None: t=52.63023650000105, value=c, duration=0.15763780000270344>
53.6421 	EXP 	line1: autoDraw = True
53.6421 	EXP 	line2: autoDraw = True
53.6421 	EXP 	line3: autoDraw = True
53.6421 	EXP 	line4: autoDraw = True
53.6580 	EXP 	fixation: autoDraw = False
54.6415 	INFO 	Keyboard events cleared
54.6414 	EXP 	probe: autoDraw = True
54.9936 	EXP 	Device response: <KeyPress from None: t=54.98497479999787, value=z, duration=None>
54.9941 	EXP 	New trial (rep=5, index=0): <Trial 20 (0 in rep 5) data={'pos': np.int64(-50), 'corr_resp': 'x', 'thisN': 20, 'thisTrialN': 0, 'thisRepN': 5}>
54.9953 	DATA 	Keypress: z
55.0088 	EXP 	fixation: autoDraw = False
55.0088 	EXP 	line1: autoDraw = False
55.0088 	EXP 	line2: autoDraw = False
55.0088 	EXP 	line3: autoDraw = False
55.0088 	EXP 	line4: autoDraw = False
55.0088 	EXP 	probe: autoDraw = False
55.0088 	EXP 	fixation: autoDraw = True
55.1586 	EXP 	Device response: <KeyPress from None: t=54.98497479999787, value=z, duration=0.16655389999505132>
56.0104 	EXP 	fixation: autoDraw = False
56.0104 	EXP 	line1: autoDraw = True
56.0104 	EXP 	line2: autoDraw = True
56.0104 	EXP 	line3: autoDraw = True
56.0104 	EXP 	line4: autoDraw = True
57.0112 	INFO 	Keyboard events cleared
57.0109 	EXP 	probe: autoDraw = True
57.4457 	DATA 	Keypress: x
57.4593 	EXP 	Device response: <KeyPress from None: t=57.443816100014374, value=x, duration=None>
57.4597 	EXP 	New trial (rep=5, index=1): <Trial 21 (1 in rep 5) data={'pos': np.int64(150), 'corr_resp': 'v', 'thisN': 21, 'thisTrialN': 1, 'thisRepN': 5}>
57.4761 	EXP 	fixation: autoDraw = False
57.4761 	EXP 	line1: autoDraw = False
57.4761 	EXP 	line2: autoDraw = False
57.4761 	EXP 	line3: autoDraw = False
57.4761 	EXP 	line4: autoDraw = False
57.4761 	EXP 	probe: autoDraw = False
57.4761 	EXP 	fixation: autoDraw = True
57.5600 	EXP 	Device response: <KeyPress from None: t=57.443816100014374, value=x, duration=0.11528080000425689>
58.4589 	EXP 	line1: autoDraw = True
58.4589 	EXP 	line2: autoDraw = True
58.4589 	EXP 	line3: autoDraw = True
58.4589 	EXP 	line4: autoDraw = True
58.4759 	EXP 	fixation: autoDraw = False
59.4599 	INFO 	Keyboard events cleared
59.4597 	EXP 	probe: autoDraw = True
59.8432 	EXP 	Device response: <KeyPress from None: t=59.8331060000055, value=v, duration=None>
59.8436 	EXP 	New trial (rep=5, index=2): <Trial 22 (2 in rep 5) data={'pos': np.int64(50), 'corr_resp': 'c', 'thisN': 22, 'thisTrialN': 2, 'thisRepN': 5}>
59.8447 	DATA 	Keypress: v
59.8585 	EXP 	fixation: autoDraw = False
59.8585 	EXP 	line1: autoDraw = False
59.8585 	EXP 	line2: autoDraw = False
59.8585 	EXP 	line3: autoDraw = False
59.8585 	EXP 	line4: autoDraw = False
59.8585 	EXP 	probe: autoDraw = False
59.8585 	EXP 	fixation: autoDraw = True
59.9599 	EXP 	Device response: <KeyPress from None: t=59.8331060000055, value=v, duration=0.11565270001301542>
60.8588 	EXP 	fixation: autoDraw = False
60.8588 	EXP 	line1: autoDraw = True
60.8588 	EXP 	line2: autoDraw = True
60.8588 	EXP 	line3: autoDraw = True
60.8588 	EXP 	line4: autoDraw = True
61.8422 	INFO 	Keyboard events cleared
61.8420 	EXP 	probe: autoDraw = True
62.7941 	DATA 	Keypress: c
62.8097 	EXP 	Device response: <KeyPress from None: t=62.79186810000101, value=c, duration=None>
62.8101 	EXP 	New trial (rep=5, index=3): <Trial 23 (3 in rep 5) data={'pos': np.int64(-150), 'corr_resp': 'z', 'thisN': 23, 'thisTrialN': 3, 'thisRepN': 5}>
62.8259 	EXP 	fixation: autoDraw = False
62.8259 	EXP 	line1: autoDraw = False
62.8259 	EXP 	line2: autoDraw = False
62.8259 	EXP 	line3: autoDraw = False
62.8259 	EXP 	line4: autoDraw = False
62.8259 	EXP 	probe: autoDraw = False
62.8259 	EXP 	fixation: autoDraw = True
62.9425 	EXP 	Device response: <KeyPress from None: t=62.79186810000101, value=c, duration=0.13770809999550693>
63.8097 	EXP 	line1: autoDraw = True
63.8097 	EXP 	line2: autoDraw = True
63.8097 	EXP 	line3: autoDraw = True
63.8097 	EXP 	line4: autoDraw = True
63.8269 	EXP 	fixation: autoDraw = False
64.8109 	INFO 	Keyboard events cleared
64.8107 	EXP 	probe: autoDraw = True
65.2294 	DATA 	Keypress: z
65.2428 	EXP 	Device response: <KeyPress from None: t=65.22789000000921, value=z, duration=None>
65.2432 	EXP 	New trial (rep=6, index=0): <Trial 24 (0 in rep 6) data={'pos': np.int64(-50), 'corr_resp': 'x', 'thisN': 24, 'thisTrialN': 0, 'thisRepN': 6}>
65.2606 	EXP 	fixation: autoDraw = False
65.2606 	EXP 	line1: autoDraw = False
65.2606 	EXP 	line2: autoDraw = False
65.2606 	EXP 	line3: autoDraw = False
65.2606 	EXP 	line4: autoDraw = False
65.2606 	EXP 	probe: autoDraw = False
65.2606 	EXP 	fixation: autoDraw = True
65.4092 	EXP 	Device response: <KeyPress from None: t=65.22789000000921, value=z, duration=0.1701284000009764>
66.2429 	EXP 	line1: autoDraw = True
66.2429 	EXP 	line2: autoDraw = True
66.2429 	EXP 	line3: autoDraw = True
66.2429 	EXP 	line4: autoDraw = True
66.2768 	EXP 	fixation: autoDraw = False
67.2433 	INFO 	Keyboard events cleared
67.2430 	EXP 	probe: autoDraw = True
67.5430 	EXP 	Device response: <KeyPress from None: t=67.52984580001794, value=x, duration=None>
67.5434 	EXP 	New trial (rep=6, index=1): <Trial 25 (1 in rep 6) data={'pos': np.int64(150), 'corr_resp': 'v', 'thisN': 25, 'thisTrialN': 1, 'thisRepN': 6}>
67.5445 	DATA 	Keypress: x
67.5594 	EXP 	fixation: autoDraw = False
67.5594 	EXP 	line1: autoDraw = False
67.5594 	EXP 	line2: autoDraw = False
67.5594 	EXP 	line3: autoDraw = False
67.5594 	EXP 	line4: autoDraw = False
67.5594 	EXP 	probe: autoDraw = False
67.5594 	EXP 	fixation: autoDraw = True
67.6929 	EXP 	Device response: <KeyPress from None: t=67.52984580001794, value=x, duration=0.15144109999528155>
68.5430 	EXP 	line1: autoDraw = True
68.5430 	EXP 	line2: autoDraw = True
68.5430 	EXP 	line3: autoDraw = True
68.5430 	EXP 	line4: autoDraw = True
68.5585 	EXP 	fixation: autoDraw = False
69.5438 	INFO 	Keyboard events cleared
69.5436 	EXP 	probe: autoDraw = True
69.7766 	EXP 	Device response: <KeyPress from None: t=69.77556529999129, value=v, duration=None>
69.7774 	EXP 	New trial (rep=6, index=2): <Trial 26 (2 in rep 6) data={'pos': np.int64(50), 'corr_resp': 'c', 'thisN': 26, 'thisTrialN': 2, 'thisRepN': 6}>
69.7790 	DATA 	Keypress: v
69.7918 	EXP 	fixation: autoDraw = False
69.7918 	EXP 	line1: autoDraw = False
69.7918 	EXP 	line2: autoDraw = False
69.7918 	EXP 	line3: autoDraw = False
69.7918 	EXP 	line4: autoDraw = False
69.7918 	EXP 	probe: autoDraw = False
69.7918 	EXP 	fixation: autoDraw = True
69.9595 	EXP 	Device response: <KeyPress from None: t=69.77556529999129, value=v, duration=0.17896440002368763>
70.7919 	EXP 	fixation: autoDraw = False
70.7919 	EXP 	line1: autoDraw = True
70.7919 	EXP 	line2: autoDraw = True
70.7919 	EXP 	line3: autoDraw = True
70.7919 	EXP 	line4: autoDraw = True
71.7933 	INFO 	Keyboard events cleared
71.7930 	EXP 	probe: autoDraw = True
72.0255 	EXP 	Device response: <KeyPress from None: t=72.01911130000371, value=c, duration=None>
72.0260 	EXP 	New trial (rep=6, index=3): <Trial 27 (3 in rep 6) data={'pos': np.int64(-150), 'corr_resp': 'z', 'thisN': 27, 'thisTrialN': 3, 'thisRepN': 6}>
72.0271 	DATA 	Keypress: c
72.0427 	EXP 	fixation: autoDraw = False
72.0427 	EXP 	line1: autoDraw = False
72.0427 	EXP 	line2: autoDraw = False
72.0427 	EXP 	line3: autoDraw = False
72.0427 	EXP 	line4: autoDraw = False
72.0427 	EXP 	probe: autoDraw = False
72.0427 	EXP 	fixation: autoDraw = True
72.1763 	EXP 	Device response: <KeyPress from None: t=72.01911130000371, value=c, duration=0.1404626999865286>
73.0258 	EXP 	line1: autoDraw = True
73.0258 	EXP 	line2: autoDraw = True
73.0258 	EXP 	line3: autoDraw = True
73.0258 	EXP 	line4: autoDraw = True
73.0430 	EXP 	fixation: autoDraw = False
74.0258 	INFO 	Keyboard events cleared
74.0257 	EXP 	probe: autoDraw = True
74.6758 	EXP 	Device response: <KeyPress from None: t=74.66282749999664, value=z, duration=None>
74.6761 	EXP 	New trial (rep=7, index=0): <Trial 28 (0 in rep 7) data={'pos': np.int64(-50), 'corr_resp': 'x', 'thisN': 28, 'thisTrialN': 0, 'thisRepN': 7}>
74.6773 	DATA 	Keypress: z
74.6930 	EXP 	fixation: autoDraw = False
74.6930 	EXP 	line1: autoDraw = False
74.6930 	EXP 	line2: autoDraw = False
74.6930 	EXP 	line3: autoDraw = False
74.6930 	EXP 	line4: autoDraw = False
74.6930 	EXP 	probe: autoDraw = False
74.6930 	EXP 	fixation: autoDraw = True
74.8100 	EXP 	Device response: <KeyPress from None: t=74.66282749999664, value=z, duration=0.14372029999503866>
75.6759 	EXP 	line1: autoDraw = True
75.6759 	EXP 	line2: autoDraw = True
75.6759 	EXP 	line3: autoDraw = True
75.6759 	EXP 	line4: autoDraw = True
75.6923 	EXP 	fixation: autoDraw = False
76.6762 	INFO 	Keyboard events cleared
76.6760 	EXP 	probe: autoDraw = True
76.9270 	DATA 	Keypress: x
76.9422 	EXP 	Device response: <KeyPress from None: t=76.92544710001675, value=x, duration=None>
76.9426 	EXP 	New trial (rep=7, index=1): <Trial 29 (1 in rep 7) data={'pos': np.int64(150), 'corr_resp': 'v', 'thisN': 29, 'thisTrialN': 1, 'thisRepN': 7}>
76.9583 	EXP 	fixation: autoDraw = False
76.9583 	EXP 	line1: autoDraw = False
76.9583 	EXP 	line2: autoDraw = False
76.9583 	EXP 	line3: autoDraw = False
76.9583 	EXP 	line4: autoDraw = False
76.9583 	EXP 	probe: autoDraw = False
76.9583 	EXP 	fixation: autoDraw = True
77.0760 	EXP 	Device response: <KeyPress from None: t=76.92544710001675, value=x, duration=0.1415889999771025>
77.9429 	EXP 	line1: autoDraw = True
77.9429 	EXP 	line2: autoDraw = True
77.9429 	EXP 	line3: autoDraw = True
77.9429 	EXP 	line4: autoDraw = True
77.9603 	EXP 	fixation: autoDraw = False
78.9437 	INFO 	Keyboard events cleared
78.9435 	EXP 	probe: autoDraw = True
79.5595 	EXP 	Device response: <KeyPress from None: t=79.55010200000834, value=v, duration=None>
79.5598 	EXP 	New trial (rep=7, index=2): <Trial 30 (2 in rep 7) data={'pos': np.int64(50), 'corr_resp': 'c', 'thisN': 30, 'thisTrialN': 2, 'thisRepN': 7}>
79.5609 	DATA 	Keypress: v
79.5762 	EXP 	fixation: autoDraw = False
79.5762 	EXP 	line1: autoDraw = False
79.5762 	EXP 	line2: autoDraw = False
79.5762 	EXP 	line3: autoDraw = False
79.5762 	EXP 	line4: autoDraw = False
79.5762 	EXP 	probe: autoDraw = False
79.5762 	EXP 	fixation: autoDraw = True
79.7099 	EXP 	Device response: <KeyPress from None: t=79.55010200000834, value=v, duration=0.1516743999964092>
80.5605 	EXP 	line1: autoDraw = True
80.5605 	EXP 	line2: autoDraw = True
80.5605 	EXP 	line3: autoDraw = True
80.5605 	EXP 	line4: autoDraw = True
80.5762 	EXP 	fixation: autoDraw = False
81.5589 	INFO 	Keyboard events cleared
81.5587 	EXP 	probe: autoDraw = True
81.8090 	EXP 	Device response: <KeyPress from None: t=81.80238149999059, value=c, duration=None>
81.8093 	EXP 	New trial (rep=7, index=3): <Trial 31 (3 in rep 7) data={'pos': np.int64(-150), 'corr_resp': 'z', 'thisN': 31, 'thisTrialN': 3, 'thisRepN': 7}>
81.8105 	DATA 	Keypress: c
81.8262 	EXP 	fixation: autoDraw = False
81.8262 	EXP 	line1: autoDraw = False
81.8262 	EXP 	line2: autoDraw = False
81.8262 	EXP 	line3: autoDraw = False
81.8262 	EXP 	line4: autoDraw = False
81.8262 	EXP 	probe: autoDraw = False
81.8262 	EXP 	fixation: autoDraw = True
81.9598 	EXP 	Device response: <KeyPress from None: t=81.80238149999059, value=c, duration=0.14927350002108142>
82.8093 	EXP 	line1: autoDraw = True
82.8093 	EXP 	line2: autoDraw = True
82.8093 	EXP 	line3: autoDraw = True
82.8093 	EXP 	line4: autoDraw = True
82.8268 	EXP 	fixation: autoDraw = False
83.8097 	INFO 	Keyboard events cleared
83.8095 	EXP 	probe: autoDraw = True
84.3939 	EXP 	Device response: <KeyPress from None: t=84.38229360000696, value=z, duration=None>
84.3944 	EXP 	New trial (rep=8, index=0): <Trial 32 (0 in rep 8) data={'pos': np.int64(-50), 'corr_resp': 'x', 'thisN': 32, 'thisTrialN': 0, 'thisRepN': 8}>
84.3956 	DATA 	Keypress: z
84.4097 	EXP 	fixation: autoDraw = False
84.4097 	EXP 	line1: autoDraw = False
84.4097 	EXP 	line2: autoDraw = False
84.4097 	EXP 	line3: autoDraw = False
84.4097 	EXP 	line4: autoDraw = False
84.4097 	EXP 	probe: autoDraw = False
84.4097 	EXP 	fixation: autoDraw = True
84.5778 	EXP 	Device response: <KeyPress from None: t=84.38229360000696, value=z, duration=0.18389889999525622>
85.3943 	EXP 	line1: autoDraw = True
85.3943 	EXP 	line2: autoDraw = True
85.3943 	EXP 	line3: autoDraw = True
85.3943 	EXP 	line4: autoDraw = True
85.4107 	EXP 	fixation: autoDraw = False
86.4102 	INFO 	Keyboard events cleared
86.4099 	EXP 	probe: autoDraw = True
86.7767 	EXP 	Device response: <KeyPress from None: t=86.7701350999996, value=x, duration=None>
86.7771 	EXP 	New trial (rep=8, index=1): <Trial 33 (1 in rep 8) data={'pos': np.int64(150), 'corr_resp': 'v', 'thisN': 33, 'thisTrialN': 1, 'thisRepN': 8}>
86.7790 	DATA 	Keypress: x
86.7929 	EXP 	fixation: autoDraw = False
86.7929 	EXP 	line1: autoDraw = False
86.7929 	EXP 	line2: autoDraw = False
86.7929 	EXP 	line3: autoDraw = False
86.7929 	EXP 	line4: autoDraw = False
86.7929 	EXP 	probe: autoDraw = False
86.7929 	EXP 	fixation: autoDraw = True
86.9100 	EXP 	Device response: <KeyPress from None: t=86.7701350999996, value=x, duration=0.13142409999272786>
87.7772 	EXP 	line1: autoDraw = True
87.7772 	EXP 	line2: autoDraw = True
87.7772 	EXP 	line3: autoDraw = True
87.7772 	EXP 	line4: autoDraw = True
87.7941 	EXP 	fixation: autoDraw = False
88.7778 	INFO 	Keyboard events cleared
88.7775 	EXP 	probe: autoDraw = True
89.0799 	DATA 	Keypress: v
89.0943 	EXP 	Device response: <KeyPress from None: t=89.07921210001223, value=v, duration=None>
89.0948 	EXP 	New trial (rep=8, index=2): <Trial 34 (2 in rep 8) data={'pos': np.int64(50), 'corr_resp': 'c', 'thisN': 34, 'thisTrialN': 2, 'thisRepN': 8}>
89.1097 	EXP 	fixation: autoDraw = False
89.1097 	EXP 	line1: autoDraw = False
89.1097 	EXP 	line2: autoDraw = False
89.1097 	EXP 	line3: autoDraw = False
89.1097 	EXP 	line4: autoDraw = False
89.1097 	EXP 	probe: autoDraw = False
89.1097 	EXP 	fixation: autoDraw = True
89.2445 	EXP 	Device response: <KeyPress from None: t=89.07921210001223, value=v, duration=0.1582083999819588>
90.0939 	EXP 	line1: autoDraw = True
90.0939 	EXP 	line2: autoDraw = True
90.0939 	EXP 	line3: autoDraw = True
90.0939 	EXP 	line4: autoDraw = True
90.1105 	EXP 	fixation: autoDraw = False
91.0946 	INFO 	Keyboard events cleared
91.0944 	EXP 	probe: autoDraw = True
91.5100 	EXP 	Device response: <KeyPress from None: t=91.50730620001559, value=c, duration=None>
91.5103 	EXP 	New trial (rep=8, index=3): <Trial 35 (3 in rep 8) data={'pos': np.int64(-150), 'corr_resp': 'z', 'thisN': 35, 'thisTrialN': 3, 'thisRepN': 8}>
91.5115 	DATA 	Keypress: c
91.5263 	EXP 	fixation: autoDraw = False
91.5263 	EXP 	line1: autoDraw = False
91.5263 	EXP 	line2: autoDraw = False
91.5263 	EXP 	line3: autoDraw = False
91.5263 	EXP 	line4: autoDraw = False
91.5263 	EXP 	probe: autoDraw = False
91.5263 	EXP 	fixation: autoDraw = True
91.6943 	EXP 	Device response: <KeyPress from None: t=91.50730620001559, value=c, duration=0.1863193000026513>
92.5110 	EXP 	line1: autoDraw = True
92.5110 	EXP 	line2: autoDraw = True
92.5110 	EXP 	line3: autoDraw = True
92.5110 	EXP 	line4: autoDraw = True
92.5274 	EXP 	fixation: autoDraw = False
93.5109 	INFO 	Keyboard events cleared
93.5107 	EXP 	probe: autoDraw = True
93.9936 	EXP 	Device response: <KeyPress from None: t=93.98071619999246, value=z, duration=None>
93.9941 	EXP 	New trial (rep=9, index=0): <Trial 36 (0 in rep 9) data={'pos': np.int64(-50), 'corr_resp': 'x', 'thisN': 36, 'thisTrialN': 0, 'thisRepN': 9}>
93.9956 	DATA 	Keypress: z
94.0096 	EXP 	fixation: autoDraw = False
94.0096 	EXP 	line1: autoDraw = False
94.0096 	EXP 	line2: autoDraw = False
94.0096 	EXP 	line3: autoDraw = False
94.0096 	EXP 	line4: autoDraw = False
94.0096 	EXP 	probe: autoDraw = False
94.0096 	EXP 	fixation: autoDraw = True
94.1103 	EXP 	Device response: <KeyPress from None: t=93.98071619999246, value=z, duration=0.12106810000841506>
94.9941 	EXP 	line1: autoDraw = True
94.9941 	EXP 	line2: autoDraw = True
94.9941 	EXP 	line3: autoDraw = True
94.9941 	EXP 	line4: autoDraw = True
95.0100 	EXP 	fixation: autoDraw = False
95.9932 	INFO 	Keyboard events cleared
95.9930 	EXP 	probe: autoDraw = True
96.3940 	EXP 	Device response: <KeyPress from None: t=96.39073280000594, value=x, duration=None>
96.3944 	EXP 	New trial (rep=9, index=1): <Trial 37 (1 in rep 9) data={'pos': np.int64(150), 'corr_resp': 'v', 'thisN': 37, 'thisTrialN': 1, 'thisRepN': 9}>
96.3956 	DATA 	Keypress: x
96.4095 	EXP 	fixation: autoDraw = False
96.4095 	EXP 	line1: autoDraw = False
96.4095 	EXP 	line2: autoDraw = False
96.4095 	EXP 	line3: autoDraw = False
96.4095 	EXP 	line4: autoDraw = False
96.4095 	EXP 	probe: autoDraw = False
96.4095 	EXP 	fixation: autoDraw = True
96.4945 	EXP 	Device response: <KeyPress from None: t=96.39073280000594, value=x, duration=0.09522139999899082>
97.3938 	EXP 	line1: autoDraw = True
97.3938 	EXP 	line2: autoDraw = True
97.3938 	EXP 	line3: autoDraw = True
97.3938 	EXP 	line4: autoDraw = True
97.4101 	EXP 	fixation: autoDraw = False
98.3941 	INFO 	Keyboard events cleared
98.3939 	EXP 	probe: autoDraw = True
98.7267 	EXP 	Device response: <KeyPress from None: t=98.7218797999958, value=v, duration=None>
98.7272 	EXP 	New trial (rep=9, index=2): <Trial 38 (2 in rep 9) data={'pos': np.int64(50), 'corr_resp': 'c', 'thisN': 38, 'thisTrialN': 2, 'thisRepN': 9}>
98.7283 	DATA 	Keypress: v
98.7427 	EXP 	fixation: autoDraw = False
98.7427 	EXP 	line1: autoDraw = False
98.7427 	EXP 	line2: autoDraw = False
98.7427 	EXP 	line3: autoDraw = False
98.7427 	EXP 	line4: autoDraw = False
98.7427 	EXP 	probe: autoDraw = False
98.7427 	EXP 	fixation: autoDraw = True
98.8944 	EXP 	Device response: <KeyPress from None: t=98.7218797999958, value=v, duration=0.16688380000414327>
99.7275 	EXP 	line1: autoDraw = True
99.7275 	EXP 	line2: autoDraw = True
99.7275 	EXP 	line3: autoDraw = True
99.7275 	EXP 	line4: autoDraw = True
99.7440 	EXP 	fixation: autoDraw = False
100.7277 	INFO 	Keyboard events cleared
100.7274 	EXP 	probe: autoDraw = True
101.0953 	EXP 	Device response: <KeyPress from None: t=101.07959670000128, value=c, duration=None>
101.0957 	EXP 	New trial (rep=9, index=3): <Trial 39 (3 in rep 9) data={'pos': np.int64(-150), 'corr_resp': 'z', 'thisN': 39, 'thisTrialN': 3, 'thisRepN': 9}>
101.0972 	DATA 	Keypress: c
101.1092 	EXP 	fixation: autoDraw = False
101.1092 	EXP 	line1: autoDraw = False
101.1092 	EXP 	line2: autoDraw = False
101.1092 	EXP 	line3: autoDraw = False
101.1092 	EXP 	line4: autoDraw = False
101.1092 	EXP 	probe: autoDraw = False
101.1092 	EXP 	fixation: autoDraw = True
101.2272 	EXP 	Device response: <KeyPress from None: t=101.07959670000128, value=c, duration=0.1369886000175029>
102.1108 	EXP 	fixation: autoDraw = False
102.1108 	EXP 	line1: autoDraw = True
102.1108 	EXP 	line2: autoDraw = True
102.1108 	EXP 	line3: autoDraw = True
102.1108 	EXP 	line4: autoDraw = True
103.1101 	INFO 	Keyboard events cleared
103.1099 	EXP 	probe: autoDraw = True
103.5934 	EXP 	Device response: <KeyPress from None: t=103.58897730000899, value=z, duration=None>
103.5937 	EXP 	New trial (rep=10, index=0): <Trial 40 (0 in rep 10) data={'pos': np.int64(-50), 'corr_resp': 'x', 'thisN': 40, 'thisTrialN': 0, 'thisRepN': 10}>
103.5949 	DATA 	Keypress: z
103.6127 	EXP 	fixation: autoDraw = False
103.6127 	EXP 	line1: autoDraw = False
103.6127 	EXP 	line2: autoDraw = False
103.6127 	EXP 	line3: autoDraw = False
103.6127 	EXP 	line4: autoDraw = False
103.6127 	EXP 	probe: autoDraw = False
103.6127 	EXP 	fixation: autoDraw = True
103.7111 	EXP 	Device response: <KeyPress from None: t=103.58897730000899, value=z, duration=0.10793389999889769>
104.5935 	EXP 	line1: autoDraw = True
104.5935 	EXP 	line2: autoDraw = True
104.5935 	EXP 	line3: autoDraw = True
104.5935 	EXP 	line4: autoDraw = True
104.6276 	EXP 	fixation: autoDraw = False
105.5946 	INFO 	Keyboard events cleared
105.5944 	EXP 	probe: autoDraw = True
106.1801 	DATA 	Keypress: x
106.1941 	EXP 	Device response: <KeyPress from None: t=106.17954250000184, value=x, duration=None>
106.1945 	EXP 	New trial (rep=10, index=1): <Trial 41 (1 in rep 10) data={'pos': np.int64(150), 'corr_resp': 'v', 'thisN': 41, 'thisTrialN': 1, 'thisRepN': 10}>
106.2106 	EXP 	fixation: autoDraw = False
106.2106 	EXP 	line1: autoDraw = False
106.2106 	EXP 	line2: autoDraw = False
106.2106 	EXP 	line3: autoDraw = False
106.2106 	EXP 	line4: autoDraw = False
106.2106 	EXP 	probe: autoDraw = False
106.2106 	EXP 	fixation: autoDraw = True
106.2942 	EXP 	Device response: <KeyPress from None: t=106.17954250000184, value=x, duration=0.11141139999381267>
107.1944 	EXP 	line1: autoDraw = True
107.1944 	EXP 	line2: autoDraw = True
107.1944 	EXP 	line3: autoDraw = True
107.1944 	EXP 	line4: autoDraw = True
107.2109 	EXP 	fixation: autoDraw = False
108.1945 	INFO 	Keyboard events cleared
108.1943 	EXP 	probe: autoDraw = True
108.5947 	EXP 	Device response: <KeyPress from None: t=108.58624659999623, value=v, duration=None>
108.5951 	EXP 	New trial (rep=10, index=2): <Trial 42 (2 in rep 10) data={'pos': np.int64(50), 'corr_resp': 'c', 'thisN': 42, 'thisTrialN': 2, 'thisRepN': 10}>
108.5963 	DATA 	Keypress: v
108.6093 	EXP 	fixation: autoDraw = False
108.6093 	EXP 	line1: autoDraw = False
108.6093 	EXP 	line2: autoDraw = False
108.6093 	EXP 	line3: autoDraw = False
108.6093 	EXP 	line4: autoDraw = False
108.6093 	EXP 	probe: autoDraw = False
108.6093 	EXP 	fixation: autoDraw = True
108.7105 	EXP 	Device response: <KeyPress from None: t=108.58624659999623, value=v, duration=0.11421810000319965>
109.5935 	EXP 	line1: autoDraw = True
109.5935 	EXP 	line2: autoDraw = True
109.5935 	EXP 	line3: autoDraw = True
109.5935 	EXP 	line4: autoDraw = True
109.6107 	EXP 	fixation: autoDraw = False
110.5945 	INFO 	Keyboard events cleared
110.5943 	EXP 	probe: autoDraw = True
111.0286 	EXP 	Device response: <KeyPress from None: t=111.01968319999287, value=c, duration=None>
111.0290 	EXP 	New trial (rep=10, index=3): <Trial 43 (3 in rep 10) data={'pos': np.int64(-150), 'corr_resp': 'z', 'thisN': 43, 'thisTrialN': 3, 'thisRepN': 10}>
111.0302 	DATA 	Keypress: c
111.0425 	EXP 	fixation: autoDraw = False
111.0425 	EXP 	line1: autoDraw = False
111.0425 	EXP 	line2: autoDraw = False
111.0425 	EXP 	line3: autoDraw = False
111.0425 	EXP 	line4: autoDraw = False
111.0425 	EXP 	probe: autoDraw = False
111.0425 	EXP 	fixation: autoDraw = True
111.1430 	EXP 	Device response: <KeyPress from None: t=111.01968319999287, value=c, duration=0.12173330000950955>
112.0427 	EXP 	fixation: autoDraw = False
112.0427 	EXP 	line1: autoDraw = True
112.0427 	EXP 	line2: autoDraw = True
112.0427 	EXP 	line3: autoDraw = True
112.0427 	EXP 	line4: autoDraw = True
113.0446 	INFO 	Keyboard events cleared
113.0443 	EXP 	probe: autoDraw = True
113.6291 	EXP 	Device response: <KeyPress from None: t=113.61490690000937, value=z, duration=None>
113.6296 	EXP 	New trial (rep=11, index=0): <Trial 44 (0 in rep 11) data={'pos': np.int64(-50), 'corr_resp': 'x', 'thisN': 44, 'thisTrialN': 0, 'thisRepN': 11}>
113.6309 	DATA 	Keypress: z
113.6431 	EXP 	fixation: autoDraw = False
113.6431 	EXP 	line1: autoDraw = False
113.6431 	EXP 	line2: autoDraw = False
113.6431 	EXP 	line3: autoDraw = False
113.6431 	EXP 	line4: autoDraw = False
113.6431 	EXP 	probe: autoDraw = False
113.6431 	EXP 	fixation: autoDraw = True
113.7765 	EXP 	Device response: <KeyPress from None: t=113.61490690000937, value=z, duration=0.14673770000808872>
114.6441 	EXP 	fixation: autoDraw = False
114.6441 	EXP 	line1: autoDraw = True
114.6441 	EXP 	line2: autoDraw = True
114.6441 	EXP 	line3: autoDraw = True
114.6441 	EXP 	line4: autoDraw = True
115.6442 	INFO 	Keyboard events cleared
115.6440 	EXP 	probe: autoDraw = True
116.0953 	DATA 	Keypress: x
116.1099 	EXP 	Device response: <KeyPress from None: t=116.09345459999167, value=x, duration=None>
116.1103 	EXP 	New trial (rep=11, index=1): <Trial 45 (1 in rep 11) data={'pos': np.int64(150), 'corr_resp': 'v', 'thisN': 45, 'thisTrialN': 1, 'thisRepN': 11}>
116.1275 	EXP 	fixation: autoDraw = False
116.1275 	EXP 	line1: autoDraw = False
116.1275 	EXP 	line2: autoDraw = False
116.1275 	EXP 	line3: autoDraw = False
116.1275 	EXP 	line4: autoDraw = False
116.1275 	EXP 	probe: autoDraw = False
116.1275 	EXP 	fixation: autoDraw = True
116.2273 	EXP 	Device response: <KeyPress from None: t=116.09345459999167, value=x, duration=0.1262777000083588>
117.1110 	EXP 	line1: autoDraw = True
117.1110 	EXP 	line2: autoDraw = True
117.1110 	EXP 	line3: autoDraw = True
117.1110 	EXP 	line4: autoDraw = True
117.1278 	EXP 	fixation: autoDraw = False
118.1113 	INFO 	Keyboard events cleared
118.1110 	EXP 	probe: autoDraw = True
118.6776 	EXP 	Device response: <KeyPress from None: t=118.66410600001109, value=v, duration=None>
118.6780 	EXP 	New trial (rep=11, index=2): <Trial 46 (2 in rep 11) data={'pos': np.int64(50), 'corr_resp': 'c', 'thisN': 46, 'thisTrialN': 2, 'thisRepN': 11}>
118.6792 	DATA 	Keypress: v
118.6940 	EXP 	fixation: autoDraw = False
118.6940 	EXP 	line1: autoDraw = False
118.6940 	EXP 	line2: autoDraw = False
118.6940 	EXP 	line3: autoDraw = False
118.6940 	EXP 	line4: autoDraw = False
118.6940 	EXP 	probe: autoDraw = False
118.6940 	EXP 	fixation: autoDraw = True
118.7948 	EXP 	Device response: <KeyPress from None: t=118.66410600001109, value=v, duration=0.1254293999809306>
119.6933 	EXP 	fixation: autoDraw = False
119.6933 	EXP 	line1: autoDraw = True
119.6933 	EXP 	line2: autoDraw = True
119.6933 	EXP 	line3: autoDraw = True
119.6933 	EXP 	line4: autoDraw = True
120.6778 	INFO 	Keyboard events cleared
120.6776 	EXP 	probe: autoDraw = True
121.2798 	DATA 	Keypress: c
121.2939 	EXP 	Device response: <KeyPress from None: t=121.27849080000306, value=c, duration=None>
121.2943 	EXP 	New trial (rep=11, index=3): <Trial 47 (3 in rep 11) data={'pos': np.int64(-150), 'corr_resp': 'z', 'thisN': 47, 'thisTrialN': 3, 'thisRepN': 11}>
121.3113 	EXP 	fixation: autoDraw = False
121.3113 	EXP 	line1: autoDraw = False
121.3113 	EXP 	line2: autoDraw = False
121.3113 	EXP 	line3: autoDraw = False
121.3113 	EXP 	line4: autoDraw = False
121.3113 	EXP 	probe: autoDraw = False
121.3113 	EXP 	fixation: autoDraw = True
121.4109 	EXP 	Device response: <KeyPress from None: t=121.27849080000306, value=c, duration=0.12043050001375377>
122.2949 	EXP 	line1: autoDraw = True
122.2949 	EXP 	line2: autoDraw = True
122.2949 	EXP 	line3: autoDraw = True
122.2949 	EXP 	line4: autoDraw = True
122.3113 	EXP 	fixation: autoDraw = False
123.2945 	INFO 	Keyboard events cleared
123.2943 	EXP 	probe: autoDraw = True
123.9142 	EXP 	Device response: <KeyPress from None: t=123.90350660000695, value=z, duration=None>
123.9145 	EXP 	New trial (rep=12, index=0): <Trial 48 (0 in rep 12) data={'pos': np.int64(-50), 'corr_resp': 'x', 'thisN': 48, 'thisTrialN': 0, 'thisRepN': 12}>
123.9157 	DATA 	Keypress: z
123.9260 	EXP 	fixation: autoDraw = False
123.9260 	EXP 	line1: autoDraw = False
123.9260 	EXP 	line2: autoDraw = False
123.9260 	EXP 	line3: autoDraw = False
123.9260 	EXP 	line4: autoDraw = False
123.9260 	EXP 	probe: autoDraw = False
123.9260 	EXP 	fixation: autoDraw = True
124.0280 	EXP 	Device response: <KeyPress from None: t=123.90350660000695, value=z, duration=0.11553539999295026>
124.9272 	EXP 	fixation: autoDraw = False
124.9272 	EXP 	line1: autoDraw = True
124.9272 	EXP 	line2: autoDraw = True
124.9272 	EXP 	line3: autoDraw = True
124.9272 	EXP 	line4: autoDraw = True
125.9278 	INFO 	Keyboard events cleared
125.9276 	EXP 	probe: autoDraw = True
126.3277 	EXP 	Device response: <KeyPress from None: t=126.32206410000799, value=x, duration=None>
126.3282 	EXP 	New trial (rep=12, index=1): <Trial 49 (1 in rep 12) data={'pos': np.int64(150), 'corr_resp': 'v', 'thisN': 49, 'thisTrialN': 1, 'thisRepN': 12}>
126.3294 	DATA 	Keypress: x
126.3437 	EXP 	fixation: autoDraw = False
126.3437 	EXP 	line1: autoDraw = False
126.3437 	EXP 	line2: autoDraw = False
126.3437 	EXP 	line3: autoDraw = False
126.3437 	EXP 	line4: autoDraw = False
126.3437 	EXP 	probe: autoDraw = False
126.3437 	EXP 	fixation: autoDraw = True
126.4437 	EXP 	Device response: <KeyPress from None: t=126.32206410000799, value=x, duration=0.11497229998349212>
127.3273 	EXP 	line1: autoDraw = True
127.3273 	EXP 	line2: autoDraw = True
127.3273 	EXP 	line3: autoDraw = True
127.3273 	EXP 	line4: autoDraw = True
127.3436 	EXP 	fixation: autoDraw = False
128.3281 	INFO 	Keyboard events cleared
128.3279 	EXP 	probe: autoDraw = True
128.8603 	EXP 	Device response: <KeyPress from None: t=128.85881040000822, value=v, duration=None>
128.8606 	EXP 	New trial (rep=12, index=2): <Trial 50 (2 in rep 12) data={'pos': np.int64(50), 'corr_resp': 'c', 'thisN': 50, 'thisTrialN': 2, 'thisRepN': 12}>
128.8619 	DATA 	Keypress: v
128.8770 	EXP 	fixation: autoDraw = False
128.8770 	EXP 	line1: autoDraw = False
128.8770 	EXP 	line2: autoDraw = False
128.8770 	EXP 	line3: autoDraw = False
128.8770 	EXP 	line4: autoDraw = False
128.8770 	EXP 	probe: autoDraw = False
128.8770 	EXP 	fixation: autoDraw = True
128.9775 	EXP 	Device response: <KeyPress from None: t=128.85881040000822, value=v, duration=0.10208559999591671>
129.8613 	EXP 	line1: autoDraw = True
129.8613 	EXP 	line2: autoDraw = True
129.8613 	EXP 	line3: autoDraw = True
129.8613 	EXP 	line4: autoDraw = True
129.8775 	EXP 	fixation: autoDraw = False
130.8618 	INFO 	Keyboard events cleared
130.8616 	EXP 	probe: autoDraw = True
131.3783 	EXP 	Device response: <KeyPress from None: t=131.37326100000064, value=c, duration=None>
131.3789 	EXP 	New trial (rep=12, index=3): <Trial 51 (3 in rep 12) data={'pos': np.int64(-150), 'corr_resp': 'z', 'thisN': 51, 'thisTrialN': 3, 'thisRepN': 12}>
131.3803 	DATA 	Keypress: c
131.3935 	EXP 	fixation: autoDraw = False
131.3935 	EXP 	line1: autoDraw = False
131.3935 	EXP 	line2: autoDraw = False
131.3935 	EXP 	line3: autoDraw = False
131.3935 	EXP 	line4: autoDraw = False
131.3935 	EXP 	probe: autoDraw = False
131.3935 	EXP 	fixation: autoDraw = True
131.4933 	EXP 	Device response: <KeyPress from None: t=131.37326100000064, value=c, duration=0.10593230000813492>
132.3937 	EXP 	fixation: autoDraw = False
132.3937 	EXP 	line1: autoDraw = True
132.3937 	EXP 	line2: autoDraw = True
132.3937 	EXP 	line3: autoDraw = True
132.3937 	EXP 	line4: autoDraw = True
133.3783 	INFO 	Keyboard events cleared
133.3781 	EXP 	probe: autoDraw = True
133.8619 	EXP 	Device response: <KeyPress from None: t=133.8465096, value=z, duration=None>
133.8623 	EXP 	New trial (rep=13, index=0): <Trial 52 (0 in rep 13) data={'pos': np.int64(-50), 'corr_resp': 'x', 'thisN': 52, 'thisTrialN': 0, 'thisRepN': 13}>
133.8636 	DATA 	Keypress: z
133.8769 	EXP 	fixation: autoDraw = False
133.8769 	EXP 	line1: autoDraw = False
133.8769 	EXP 	line2: autoDraw = False
133.8769 	EXP 	line3: autoDraw = False
133.8769 	EXP 	line4: autoDraw = False
133.8769 	EXP 	probe: autoDraw = False
133.8769 	EXP 	fixation: autoDraw = True
133.9612 	EXP 	Device response: <KeyPress from None: t=133.8465096, value=z, duration=0.10154229999170639>
134.8768 	EXP 	fixation: autoDraw = False
134.8768 	EXP 	line1: autoDraw = True
134.8768 	EXP 	line2: autoDraw = True
134.8768 	EXP 	line3: autoDraw = True
134.8768 	EXP 	line4: autoDraw = True
135.8614 	INFO 	Keyboard events cleared
135.8612 	EXP 	probe: autoDraw = True
136.4133 	DATA 	Keypress: x
136.4276 	EXP 	Device response: <KeyPress from None: t=136.41247320000548, value=x, duration=None>
136.4279 	EXP 	New trial (rep=13, index=1): <Trial 53 (1 in rep 13) data={'pos': np.int64(150), 'corr_resp': 'v', 'thisN': 53, 'thisTrialN': 1, 'thisRepN': 13}>
136.4431 	EXP 	fixation: autoDraw = False
136.4431 	EXP 	line1: autoDraw = False
136.4431 	EXP 	line2: autoDraw = False
136.4431 	EXP 	line3: autoDraw = False
136.4431 	EXP 	line4: autoDraw = False
136.4431 	EXP 	probe: autoDraw = False
136.4431 	EXP 	fixation: autoDraw = True
136.5441 	EXP 	Device response: <KeyPress from None: t=136.41247320000548, value=x, duration=0.12496220000321046>
137.4438 	EXP 	fixation: autoDraw = False
137.4438 	EXP 	line1: autoDraw = True
137.4438 	EXP 	line2: autoDraw = True
137.4438 	EXP 	line3: autoDraw = True
137.4438 	EXP 	line4: autoDraw = True
138.4286 	INFO 	Keyboard events cleared
138.4284 	EXP 	probe: autoDraw = True
139.0616 	EXP 	Device response: <KeyPress from None: t=139.06081850000191, value=v, duration=None>
139.0620 	EXP 	New trial (rep=13, index=2): <Trial 54 (2 in rep 13) data={'pos': np.int64(50), 'corr_resp': 'c', 'thisN': 54, 'thisTrialN': 2, 'thisRepN': 13}>
139.0631 	DATA 	Keypress: v
139.0763 	EXP 	fixation: autoDraw = False
139.0763 	EXP 	line1: autoDraw = False
139.0763 	EXP 	line2: autoDraw = False
139.0763 	EXP 	line3: autoDraw = False
139.0763 	EXP 	line4: autoDraw = False
139.0763 	EXP 	probe: autoDraw = False
139.0763 	EXP 	fixation: autoDraw = True
139.1947 	EXP 	Device response: <KeyPress from None: t=139.06081850000191, value=v, duration=0.11841009999625385>
140.0780 	EXP 	fixation: autoDraw = False
140.0780 	EXP 	line1: autoDraw = True
140.0780 	EXP 	line2: autoDraw = True
140.0780 	EXP 	line3: autoDraw = True
140.0780 	EXP 	line4: autoDraw = True
141.0605 	INFO 	Keyboard events cleared
141.0602 	EXP 	probe: autoDraw = True
141.6449 	EXP 	Device response: <KeyPress from None: t=141.6293347000028, value=c, duration=None>
141.6453 	EXP 	New trial (rep=13, index=3): <Trial 55 (3 in rep 13) data={'pos': np.int64(-150), 'corr_resp': 'z', 'thisN': 55, 'thisTrialN': 3, 'thisRepN': 13}>
141.6466 	DATA 	Keypress: c
141.6602 	EXP 	fixation: autoDraw = False
141.6602 	EXP 	line1: autoDraw = False
141.6602 	EXP 	line2: autoDraw = False
141.6602 	EXP 	line3: autoDraw = False
141.6602 	EXP 	line4: autoDraw = False
141.6602 	EXP 	probe: autoDraw = False
141.6602 	EXP 	fixation: autoDraw = True
141.7610 	EXP 	Device response: <KeyPress from None: t=141.6293347000028, value=c, duration=0.12190739999641664>
142.6613 	EXP 	fixation: autoDraw = False
142.6613 	EXP 	line1: autoDraw = True
142.6613 	EXP 	line2: autoDraw = True
142.6613 	EXP 	line3: autoDraw = True
142.6613 	EXP 	line4: autoDraw = True
143.6443 	INFO 	Keyboard events cleared
143.6442 	EXP 	probe: autoDraw = True
144.1447 	EXP 	Device response: <KeyPress from None: t=144.1398271000071, value=z, duration=None>
144.1452 	EXP 	New trial (rep=14, index=0): <Trial 56 (0 in rep 14) data={'pos': np.int64(-50), 'corr_resp': 'x', 'thisN': 56, 'thisTrialN': 0, 'thisRepN': 14}>
144.1465 	DATA 	Keypress: z
144.1603 	EXP 	fixation: autoDraw = False
144.1603 	EXP 	line1: autoDraw = False
144.1603 	EXP 	line2: autoDraw = False
144.1603 	EXP 	line3: autoDraw = False
144.1603 	EXP 	line4: autoDraw = False
144.1603 	EXP 	probe: autoDraw = False
144.1603 	EXP 	fixation: autoDraw = True
144.2610 	EXP 	Device response: <KeyPress from None: t=144.1398271000071, value=z, duration=0.1108949999907054>
145.1447 	EXP 	line1: autoDraw = True
145.1447 	EXP 	line2: autoDraw = True
145.1447 	EXP 	line3: autoDraw = True
145.1447 	EXP 	line4: autoDraw = True
145.1613 	EXP 	fixation: autoDraw = False
146.1449 	INFO 	Keyboard events cleared
146.1447 	EXP 	probe: autoDraw = True
146.6283 	EXP 	Device response: <KeyPress from None: t=146.6141206000175, value=x, duration=None>
146.6289 	EXP 	New trial (rep=14, index=1): <Trial 57 (1 in rep 14) data={'pos': np.int64(150), 'corr_resp': 'v', 'thisN': 57, 'thisTrialN': 1, 'thisRepN': 14}>
146.6304 	DATA 	Keypress: x
146.6431 	EXP 	fixation: autoDraw = False
146.6431 	EXP 	line1: autoDraw = False
146.6431 	EXP 	line2: autoDraw = False
146.6431 	EXP 	line3: autoDraw = False
146.6431 	EXP 	line4: autoDraw = False
146.6431 	EXP 	probe: autoDraw = False
146.6431 	EXP 	fixation: autoDraw = True
146.7437 	EXP 	Device response: <KeyPress from None: t=146.6141206000175, value=x, duration=0.1156763999897521>
147.6274 	EXP 	line1: autoDraw = True
147.6274 	EXP 	line2: autoDraw = True
147.6274 	EXP 	line3: autoDraw = True
147.6274 	EXP 	line4: autoDraw = True
147.6431 	EXP 	fixation: autoDraw = False
148.6272 	INFO 	Keyboard events cleared
148.6270 	EXP 	probe: autoDraw = True
149.2113 	EXP 	Device response: <KeyPress from None: t=149.20872940000845, value=v, duration=None>
149.2119 	EXP 	New trial (rep=14, index=2): <Trial 58 (2 in rep 14) data={'pos': np.int64(50), 'corr_resp': 'c', 'thisN': 58, 'thisTrialN': 2, 'thisRepN': 14}>
149.2130 	DATA 	Keypress: v
149.2275 	EXP 	fixation: autoDraw = False
149.2275 	EXP 	line1: autoDraw = False
149.2275 	EXP 	line2: autoDraw = False
149.2275 	EXP 	line3: autoDraw = False
149.2275 	EXP 	line4: autoDraw = False
149.2275 	EXP 	probe: autoDraw = False
149.2275 	EXP 	fixation: autoDraw = True
149.3276 	EXP 	Device response: <KeyPress from None: t=149.20872940000845, value=v, duration=0.10631810000631958>
150.2117 	EXP 	line1: autoDraw = True
150.2117 	EXP 	line2: autoDraw = True
150.2117 	EXP 	line3: autoDraw = True
150.2117 	EXP 	line4: autoDraw = True
150.2278 	EXP 	fixation: autoDraw = False
151.2107 	INFO 	Keyboard events cleared
151.2105 	EXP 	probe: autoDraw = True
151.6936 	EXP 	Device response: <KeyPress from None: t=151.68269819999114, value=c, duration=None>
151.6940 	EXP 	New trial (rep=14, index=3): <Trial 59 (3 in rep 14) data={'pos': np.int64(-150), 'corr_resp': 'z', 'thisN': 59, 'thisTrialN': 3, 'thisRepN': 14}>
151.6955 	DATA 	Keypress: c
151.7103 	EXP 	fixation: autoDraw = False
151.7103 	EXP 	line1: autoDraw = False
151.7103 	EXP 	line2: autoDraw = False
151.7103 	EXP 	line3: autoDraw = False
151.7103 	EXP 	line4: autoDraw = False
151.7103 	EXP 	probe: autoDraw = False
151.7103 	EXP 	fixation: autoDraw = True
151.7936 	EXP 	Device response: <KeyPress from None: t=151.68269819999114, value=c, duration=0.10506700002588332>
152.6941 	EXP 	line1: autoDraw = True
152.6941 	EXP 	line2: autoDraw = True
152.6941 	EXP 	line3: autoDraw = True
152.6941 	EXP 	line4: autoDraw = True
152.7113 	EXP 	fixation: autoDraw = False
153.6949 	INFO 	Keyboard events cleared
153.6947 	EXP 	probe: autoDraw = True
153.9614 	EXP 	Device response: <KeyPress from None: t=153.95829000000958, value=z, duration=None>
153.9617 	EXP 	New trial (rep=15, index=0): <Trial 60 (0 in rep 15) data={'pos': np.int64(-50), 'corr_resp': 'x', 'thisN': 60, 'thisTrialN': 0, 'thisRepN': 15}>
153.9628 	DATA 	Keypress: z
153.9767 	EXP 	fixation: autoDraw = False
153.9767 	EXP 	line1: autoDraw = False
153.9767 	EXP 	line2: autoDraw = False
153.9767 	EXP 	line3: autoDraw = False
153.9767 	EXP 	line4: autoDraw = False
153.9767 	EXP 	probe: autoDraw = False
153.9767 	EXP 	fixation: autoDraw = True
154.0777 	EXP 	Device response: <KeyPress from None: t=153.95829000000958, value=z, duration=0.10440969999763183>
154.9615 	EXP 	line1: autoDraw = True
154.9615 	EXP 	line2: autoDraw = True
154.9615 	EXP 	line3: autoDraw = True
154.9615 	EXP 	line4: autoDraw = True
154.9785 	EXP 	fixation: autoDraw = False
155.9620 	INFO 	Keyboard events cleared
155.9617 	EXP 	probe: autoDraw = True
156.2954 	EXP 	Device response: <KeyPress from None: t=156.28386640001554, value=x, duration=None>
156.2960 	EXP 	New trial (rep=15, index=1): <Trial 61 (1 in rep 15) data={'pos': np.int64(150), 'corr_resp': 'v', 'thisN': 61, 'thisTrialN': 1, 'thisRepN': 15}>
156.2974 	DATA 	Keypress: x
156.3105 	EXP 	fixation: autoDraw = False
156.3105 	EXP 	line1: autoDraw = False
156.3105 	EXP 	line2: autoDraw = False
156.3105 	EXP 	line3: autoDraw = False
156.3105 	EXP 	line4: autoDraw = False
156.3105 	EXP 	probe: autoDraw = False
156.3105 	EXP 	fixation: autoDraw = True
156.3945 	EXP 	Device response: <KeyPress from None: t=156.28386640001554, value=x, duration=0.10056959997746162>
157.3121 	EXP 	fixation: autoDraw = False
157.3121 	EXP 	line1: autoDraw = True
157.3121 	EXP 	line2: autoDraw = True
157.3121 	EXP 	line3: autoDraw = True
157.3121 	EXP 	line4: autoDraw = True
158.3118 	INFO 	Keyboard events cleared
158.3115 	EXP 	probe: autoDraw = True
158.9779 	EXP 	Device response: <KeyPress from None: t=158.9741764999926, value=v, duration=None>
158.9782 	EXP 	New trial (rep=15, index=2): <Trial 62 (2 in rep 15) data={'pos': np.int64(50), 'corr_resp': 'c', 'thisN': 62, 'thisTrialN': 2, 'thisRepN': 15}>
158.9794 	DATA 	Keypress: v
158.9940 	EXP 	fixation: autoDraw = False
158.9940 	EXP 	line1: autoDraw = False
158.9940 	EXP 	line2: autoDraw = False
158.9940 	EXP 	line3: autoDraw = False
158.9940 	EXP 	line4: autoDraw = False
158.9940 	EXP 	probe: autoDraw = False
158.9940 	EXP 	fixation: autoDraw = True
159.0787 	EXP 	Device response: <KeyPress from None: t=158.9741764999926, value=v, duration=0.09044560001348145>
159.9783 	EXP 	line1: autoDraw = True
159.9783 	EXP 	line2: autoDraw = True
159.9783 	EXP 	line3: autoDraw = True
159.9783 	EXP 	line4: autoDraw = True
159.9952 	EXP 	fixation: autoDraw = False
160.9779 	INFO 	Keyboard events cleared
160.9777 	EXP 	probe: autoDraw = True
161.6780 	EXP 	Device response: <KeyPress from None: t=161.6679535000003, value=c, duration=None>
161.6784 	EXP 	New trial (rep=15, index=3): <Trial 63 (3 in rep 15) data={'pos': np.int64(-150), 'corr_resp': 'z', 'thisN': 63, 'thisTrialN': 3, 'thisRepN': 15}>
161.6795 	DATA 	Keypress: c
161.6945 	EXP 	fixation: autoDraw = False
161.6945 	EXP 	line1: autoDraw = False
161.6945 	EXP 	line2: autoDraw = False
161.6945 	EXP 	line3: autoDraw = False
161.6945 	EXP 	line4: autoDraw = False
161.6945 	EXP 	probe: autoDraw = False
161.6945 	EXP 	fixation: autoDraw = True
161.7792 	EXP 	Device response: <KeyPress from None: t=161.6679535000003, value=c, duration=0.10135780001292005>
162.6766 	EXP 	line1: autoDraw = True
162.6766 	EXP 	line2: autoDraw = True
162.6766 	EXP 	line3: autoDraw = True
162.6766 	EXP 	line4: autoDraw = True
162.7114 	EXP 	fixation: autoDraw = False
163.6787 	INFO 	Keyboard events cleared
163.6784 	EXP 	probe: autoDraw = True
164.5281 	EXP 	Device response: <KeyPress from None: t=164.51820900000166, value=z, duration=None>
164.5284 	EXP 	New trial (rep=16, index=0): <Trial 64 (0 in rep 16) data={'pos': np.int64(-50), 'corr_resp': 'x', 'thisN': 64, 'thisTrialN': 0, 'thisRepN': 16}>
164.5298 	DATA 	Keypress: z
164.5434 	EXP 	fixation: autoDraw = False
164.5434 	EXP 	line1: autoDraw = False
164.5434 	EXP 	line2: autoDraw = False
164.5434 	EXP 	line3: autoDraw = False
164.5434 	EXP 	line4: autoDraw = False
164.5434 	EXP 	probe: autoDraw = False
164.5434 	EXP 	fixation: autoDraw = True
164.6280 	EXP 	Device response: <KeyPress from None: t=164.51820900000166, value=z, duration=0.10573149999254383>
165.5281 	EXP 	line1: autoDraw = True
165.5281 	EXP 	line2: autoDraw = True
165.5281 	EXP 	line3: autoDraw = True
165.5281 	EXP 	line4: autoDraw = True
165.5440 	EXP 	fixation: autoDraw = False
166.5281 	INFO 	Keyboard events cleared
166.5279 	EXP 	probe: autoDraw = True
166.7622 	EXP 	Device response: <KeyPress from None: t=166.7524645999947, value=x, duration=None>
166.7626 	EXP 	New trial (rep=16, index=1): <Trial 65 (1 in rep 16) data={'pos': np.int64(150), 'corr_resp': 'v', 'thisN': 65, 'thisTrialN': 1, 'thisRepN': 16}>
166.7638 	DATA 	Keypress: x
166.7773 	EXP 	fixation: autoDraw = False
166.7773 	EXP 	line1: autoDraw = False
166.7773 	EXP 	line2: autoDraw = False
166.7773 	EXP 	line3: autoDraw = False
166.7773 	EXP 	line4: autoDraw = False
166.7773 	EXP 	probe: autoDraw = False
166.7773 	EXP 	fixation: autoDraw = True
166.8622 	EXP 	Device response: <KeyPress from None: t=166.7524645999947, value=x, duration=0.1010688999958802>
167.7767 	EXP 	fixation: autoDraw = False
167.7767 	EXP 	line1: autoDraw = True
167.7767 	EXP 	line2: autoDraw = True
167.7767 	EXP 	line3: autoDraw = True
167.7767 	EXP 	line4: autoDraw = True
168.7619 	INFO 	Keyboard events cleared
168.7616 	EXP 	probe: autoDraw = True
169.0956 	EXP 	Device response: <KeyPress from None: t=169.0904271999898, value=v, duration=None>
169.0961 	EXP 	New trial (rep=16, index=2): <Trial 66 (2 in rep 16) data={'pos': np.int64(50), 'corr_resp': 'c', 'thisN': 66, 'thisTrialN': 2, 'thisRepN': 16}>
169.0975 	DATA 	Keypress: v
169.1109 	EXP 	fixation: autoDraw = False
169.1109 	EXP 	line1: autoDraw = False
169.1109 	EXP 	line2: autoDraw = False
169.1109 	EXP 	line3: autoDraw = False
169.1109 	EXP 	line4: autoDraw = False
169.1109 	EXP 	probe: autoDraw = False
169.1109 	EXP 	fixation: autoDraw = True
169.1952 	EXP 	Device response: <KeyPress from None: t=169.0904271999898, value=v, duration=0.10166020001634024>
170.0954 	EXP 	line1: autoDraw = True
170.0954 	EXP 	line2: autoDraw = True
170.0954 	EXP 	line3: autoDraw = True
170.0954 	EXP 	line4: autoDraw = True
170.1116 	EXP 	fixation: autoDraw = False
171.0955 	INFO 	Keyboard events cleared
171.0953 	EXP 	probe: autoDraw = True
171.5283 	EXP 	Device response: <KeyPress from None: t=171.52278820000356, value=c, duration=None>
171.5287 	EXP 	New trial (rep=16, index=3): <Trial 67 (3 in rep 16) data={'pos': np.int64(-150), 'corr_resp': 'z', 'thisN': 67, 'thisTrialN': 3, 'thisRepN': 16}>
171.5299 	DATA 	Keypress: c
171.5435 	EXP 	fixation: autoDraw = False
171.5435 	EXP 	line1: autoDraw = False
171.5435 	EXP 	line2: autoDraw = False
171.5435 	EXP 	line3: autoDraw = False
171.5435 	EXP 	line4: autoDraw = False
171.5435 	EXP 	probe: autoDraw = False
171.5435 	EXP 	fixation: autoDraw = True
171.6282 	EXP 	Device response: <KeyPress from None: t=171.52278820000356, value=c, duration=0.10117280000122264>
172.5281 	EXP 	line1: autoDraw = True
172.5281 	EXP 	line2: autoDraw = True
172.5281 	EXP 	line3: autoDraw = True
172.5281 	EXP 	line4: autoDraw = True
172.5442 	EXP 	fixation: autoDraw = False
173.5452 	INFO 	Keyboard events cleared
173.5450 	EXP 	probe: autoDraw = True
174.6297 	EXP 	Device response: <KeyPress from None: t=174.61934589999146, value=z, duration=None>
174.6302 	EXP 	New trial (rep=17, index=0): <Trial 68 (0 in rep 17) data={'pos': np.int64(-50), 'corr_resp': 'x', 'thisN': 68, 'thisTrialN': 0, 'thisRepN': 17}>
174.6315 	DATA 	Keypress: z
174.6440 	EXP 	fixation: autoDraw = False
174.6440 	EXP 	line1: autoDraw = False
174.6440 	EXP 	line2: autoDraw = False
174.6440 	EXP 	line3: autoDraw = False
174.6440 	EXP 	line4: autoDraw = False
174.6440 	EXP 	probe: autoDraw = False
174.6440 	EXP 	fixation: autoDraw = True
174.7607 	EXP 	Device response: <KeyPress from None: t=174.61934589999146, value=z, duration=0.13835780002409592>
175.6448 	EXP 	fixation: autoDraw = False
175.6448 	EXP 	line1: autoDraw = True
175.6448 	EXP 	line2: autoDraw = True
175.6448 	EXP 	line3: autoDraw = True
175.6448 	EXP 	line4: autoDraw = True
176.6454 	INFO 	Keyboard events cleared
176.6452 	EXP 	probe: autoDraw = True
177.1288 	EXP 	Device response: <KeyPress from None: t=177.12822680000681, value=x, duration=None>
177.1292 	EXP 	New trial (rep=17, index=1): <Trial 69 (1 in rep 17) data={'pos': np.int64(150), 'corr_resp': 'v', 'thisN': 69, 'thisTrialN': 1, 'thisRepN': 17}>
177.1304 	DATA 	Keypress: x
177.1451 	EXP 	fixation: autoDraw = False
177.1451 	EXP 	line1: autoDraw = False
177.1451 	EXP 	line2: autoDraw = False
177.1451 	EXP 	line3: autoDraw = False
177.1451 	EXP 	line4: autoDraw = False
177.1451 	EXP 	probe: autoDraw = False
177.1451 	EXP 	fixation: autoDraw = True
177.2614 	EXP 	Device response: <KeyPress from None: t=177.12822680000681, value=x, duration=0.13135159999364987>
178.1452 	EXP 	fixation: autoDraw = False
178.1452 	EXP 	line1: autoDraw = True
178.1452 	EXP 	line2: autoDraw = True
178.1452 	EXP 	line3: autoDraw = True
178.1452 	EXP 	line4: autoDraw = True
179.1451 	INFO 	Keyboard events cleared
179.1449 	EXP 	probe: autoDraw = True
179.7128 	EXP 	Device response: <KeyPress from None: t=179.7038818000001, value=v, duration=None>
179.7133 	EXP 	New trial (rep=17, index=2): <Trial 70 (2 in rep 17) data={'pos': np.int64(50), 'corr_resp': 'c', 'thisN': 70, 'thisTrialN': 2, 'thisRepN': 17}>
179.7147 	DATA 	Keypress: v
179.7270 	EXP 	fixation: autoDraw = False
179.7270 	EXP 	line1: autoDraw = False
179.7270 	EXP 	line2: autoDraw = False
179.7270 	EXP 	line3: autoDraw = False
179.7270 	EXP 	line4: autoDraw = False
179.7270 	EXP 	probe: autoDraw = False
179.7270 	EXP 	fixation: autoDraw = True
179.8123 	EXP 	Device response: <KeyPress from None: t=179.7038818000001, value=v, duration=0.09565550001570955>
180.7286 	EXP 	fixation: autoDraw = False
180.7286 	EXP 	line1: autoDraw = True
180.7286 	EXP 	line2: autoDraw = True
180.7286 	EXP 	line3: autoDraw = True
180.7286 	EXP 	line4: autoDraw = True
181.7287 	INFO 	Keyboard events cleared
181.7284 	EXP 	probe: autoDraw = True
182.0119 	EXP 	Device response: <KeyPress from None: t=182.0000766000012, value=c, duration=None>
182.0122 	EXP 	New trial (rep=17, index=3): <Trial 71 (3 in rep 17) data={'pos': np.int64(-150), 'corr_resp': 'z', 'thisN': 71, 'thisTrialN': 3, 'thisRepN': 17}>
182.0133 	DATA 	Keypress: c
182.0271 	EXP 	fixation: autoDraw = False
182.0271 	EXP 	line1: autoDraw = False
182.0271 	EXP 	line2: autoDraw = False
182.0271 	EXP 	line3: autoDraw = False
182.0271 	EXP 	line4: autoDraw = False
182.0271 	EXP 	probe: autoDraw = False
182.0271 	EXP 	fixation: autoDraw = True
182.0956 	EXP 	Device response: <KeyPress from None: t=182.0000766000012, value=c, duration=0.08720370000810362>
183.0271 	EXP 	fixation: autoDraw = False
183.0271 	EXP 	line1: autoDraw = True
183.0271 	EXP 	line2: autoDraw = True
183.0271 	EXP 	line3: autoDraw = True
183.0271 	EXP 	line4: autoDraw = True
184.0108 	INFO 	Keyboard events cleared
184.0106 	EXP 	probe: autoDraw = True
184.3616 	EXP 	Device response: <KeyPress from None: t=184.35014349999256, value=z, duration=None>
184.3620 	EXP 	New trial (rep=18, index=0): <Trial 72 (0 in rep 18) data={'pos': np.int64(-50), 'corr_resp': 'x', 'thisN': 72, 'thisTrialN': 0, 'thisRepN': 18}>
184.3632 	DATA 	Keypress: z
184.3777 	EXP 	fixation: autoDraw = False
184.3777 	EXP 	line1: autoDraw = False
184.3777 	EXP 	line2: autoDraw = False
184.3777 	EXP 	line3: autoDraw = False
184.3777 	EXP 	line4: autoDraw = False
184.3777 	EXP 	probe: autoDraw = False
184.3777 	EXP 	fixation: autoDraw = True
184.4622 	EXP 	Device response: <KeyPress from None: t=184.35014349999256, value=z, duration=0.10962640002253465>
185.3620 	EXP 	line1: autoDraw = True
185.3620 	EXP 	line2: autoDraw = True
185.3620 	EXP 	line3: autoDraw = True
185.3620 	EXP 	line4: autoDraw = True
185.3782 	EXP 	fixation: autoDraw = False
186.3623 	INFO 	Keyboard events cleared
186.3621 	EXP 	probe: autoDraw = True
186.6455 	EXP 	Device response: <KeyPress from None: t=186.63155710001593, value=x, duration=None>
186.6459 	EXP 	New trial (rep=18, index=1): <Trial 73 (1 in rep 18) data={'pos': np.int64(150), 'corr_resp': 'v', 'thisN': 73, 'thisTrialN': 1, 'thisRepN': 18}>
186.6475 	DATA 	Keypress: x
186.6613 	EXP 	fixation: autoDraw = False
186.6613 	EXP 	line1: autoDraw = False
186.6613 	EXP 	line2: autoDraw = False
186.6613 	EXP 	line3: autoDraw = False
186.6613 	EXP 	line4: autoDraw = False
186.6613 	EXP 	probe: autoDraw = False
186.6613 	EXP 	fixation: autoDraw = True
186.7290 	EXP 	Device response: <KeyPress from None: t=186.63155710001593, value=x, duration=0.09224779999931343>
187.6450 	EXP 	line1: autoDraw = True
187.6450 	EXP 	line2: autoDraw = True
187.6450 	EXP 	line3: autoDraw = True
187.6450 	EXP 	line4: autoDraw = True
187.6619 	EXP 	fixation: autoDraw = False
188.6457 	INFO 	Keyboard events cleared
188.6455 	EXP 	probe: autoDraw = True
189.0621 	EXP 	Device response: <KeyPress from None: t=189.05600010001217, value=v, duration=None>
189.0625 	EXP 	New trial (rep=18, index=2): <Trial 74 (2 in rep 18) data={'pos': np.int64(50), 'corr_resp': 'c', 'thisN': 74, 'thisTrialN': 2, 'thisRepN': 18}>
189.0637 	DATA 	Keypress: v
189.0770 	EXP 	fixation: autoDraw = False
189.0770 	EXP 	line1: autoDraw = False
189.0770 	EXP 	line2: autoDraw = False
189.0770 	EXP 	line3: autoDraw = False
189.0770 	EXP 	line4: autoDraw = False
189.0770 	EXP 	probe: autoDraw = False
189.0770 	EXP 	fixation: autoDraw = True
189.1779 	EXP 	Device response: <KeyPress from None: t=189.05600010001217, value=v, duration=0.10533659998327494>
190.0608 	EXP 	line1: autoDraw = True
190.0608 	EXP 	line2: autoDraw = True
190.0608 	EXP 	line3: autoDraw = True
190.0608 	EXP 	line4: autoDraw = True
190.0773 	EXP 	fixation: autoDraw = False
191.0623 	INFO 	Keyboard events cleared
191.0621 	EXP 	probe: autoDraw = True
191.2941 	EXP 	Device response: <KeyPress from None: t=191.2822233000188, value=c, duration=None>
191.2945 	EXP 	New trial (rep=18, index=3): <Trial 75 (3 in rep 18) data={'pos': np.int64(-150), 'corr_resp': 'z', 'thisN': 75, 'thisTrialN': 3, 'thisRepN': 18}>
191.2957 	DATA 	Keypress: c
191.3112 	EXP 	fixation: autoDraw = False
191.3112 	EXP 	line1: autoDraw = False
191.3112 	EXP 	line2: autoDraw = False
191.3112 	EXP 	line3: autoDraw = False
191.3112 	EXP 	line4: autoDraw = False
191.3112 	EXP 	probe: autoDraw = False
191.3112 	EXP 	fixation: autoDraw = True
191.3454 	EXP 	Device response: <KeyPress from None: t=191.2822233000188, value=c, duration=0.06156369997188449>
192.2955 	EXP 	line1: autoDraw = True
192.2955 	EXP 	line2: autoDraw = True
192.2955 	EXP 	line3: autoDraw = True
192.2955 	EXP 	line4: autoDraw = True
192.3121 	EXP 	fixation: autoDraw = False
193.2957 	INFO 	Keyboard events cleared
193.2955 	EXP 	probe: autoDraw = True
194.3461 	EXP 	Device response: <KeyPress from None: t=194.3386839000159, value=z, duration=None>
194.3465 	EXP 	New trial (rep=19, index=0): <Trial 76 (0 in rep 19) data={'pos': np.int64(-50), 'corr_resp': 'x', 'thisN': 76, 'thisTrialN': 0, 'thisRepN': 19}>
194.3477 	DATA 	Keypress: z
194.3606 	EXP 	fixation: autoDraw = False
194.3606 	EXP 	line1: autoDraw = False
194.3606 	EXP 	line2: autoDraw = False
194.3606 	EXP 	line3: autoDraw = False
194.3606 	EXP 	line4: autoDraw = False
194.3606 	EXP 	probe: autoDraw = False
194.3606 	EXP 	fixation: autoDraw = True
194.4786 	EXP 	Device response: <KeyPress from None: t=194.3386839000159, value=z, duration=0.12363099999492988>
195.3625 	EXP 	fixation: autoDraw = False
195.3625 	EXP 	line1: autoDraw = True
195.3625 	EXP 	line2: autoDraw = True
195.3625 	EXP 	line3: autoDraw = True
195.3625 	EXP 	line4: autoDraw = True
196.3626 	INFO 	Keyboard events cleared
196.3624 	EXP 	probe: autoDraw = True
197.1952 	EXP 	Device response: <KeyPress from None: t=197.18514420001884, value=x, duration=None>
197.1956 	EXP 	New trial (rep=19, index=1): <Trial 77 (1 in rep 19) data={'pos': np.int64(150), 'corr_resp': 'v', 'thisN': 77, 'thisTrialN': 1, 'thisRepN': 19}>
197.1969 	DATA 	Keypress: x
197.2118 	EXP 	fixation: autoDraw = False
197.2118 	EXP 	line1: autoDraw = False
197.2118 	EXP 	line2: autoDraw = False
197.2118 	EXP 	line3: autoDraw = False
197.2118 	EXP 	line4: autoDraw = False
197.2118 	EXP 	probe: autoDraw = False
197.2118 	EXP 	fixation: autoDraw = True
197.3126 	EXP 	Device response: <KeyPress from None: t=197.18514420001884, value=x, duration=0.11664689998724498>
198.1957 	EXP 	line1: autoDraw = True
198.1957 	EXP 	line2: autoDraw = True
198.1957 	EXP 	line3: autoDraw = True
198.1957 	EXP 	line4: autoDraw = True
198.2127 	EXP 	fixation: autoDraw = False
199.1960 	INFO 	Keyboard events cleared
199.1958 	EXP 	probe: autoDraw = True
199.4796 	EXP 	Device response: <KeyPress from None: t=199.4772142000147, value=v, duration=None>
199.4800 	EXP 	New trial (rep=19, index=2): <Trial 78 (2 in rep 19) data={'pos': np.int64(50), 'corr_resp': 'c', 'thisN': 78, 'thisTrialN': 2, 'thisRepN': 19}>
199.4813 	DATA 	Keypress: v
199.4946 	EXP 	fixation: autoDraw = False
199.4946 	EXP 	line1: autoDraw = False
199.4946 	EXP 	line2: autoDraw = False
199.4946 	EXP 	line3: autoDraw = False
199.4946 	EXP 	line4: autoDraw = False
199.4946 	EXP 	probe: autoDraw = False
199.4946 	EXP 	fixation: autoDraw = True
199.5798 	EXP 	Device response: <KeyPress from None: t=199.4772142000147, value=v, duration=0.09418919999734499>
200.4784 	EXP 	line1: autoDraw = True
200.4784 	EXP 	line2: autoDraw = True
200.4784 	EXP 	line3: autoDraw = True
200.4784 	EXP 	line4: autoDraw = True
200.4948 	EXP 	fixation: autoDraw = False
201.4788 	INFO 	Keyboard events cleared
201.4786 	EXP 	probe: autoDraw = True
202.2285 	EXP 	Device response: <KeyPress from None: t=202.21803210000508, value=c, duration=None>
202.2289 	EXP 	New trial (rep=19, index=3): <Trial 79 (3 in rep 19) data={'pos': np.int64(-150), 'corr_resp': 'z', 'thisN': 79, 'thisTrialN': 3, 'thisRepN': 19}>
202.2301 	DATA 	Keypress: c
202.2455 	EXP 	fixation: autoDraw = False
202.2455 	EXP 	line1: autoDraw = False
202.2455 	EXP 	line2: autoDraw = False
202.2455 	EXP 	line3: autoDraw = False
202.2455 	EXP 	line4: autoDraw = False
202.2455 	EXP 	probe: autoDraw = False
202.2455 	EXP 	fixation: autoDraw = True
202.3296 	EXP 	Device response: <KeyPress from None: t=202.21803210000508, value=c, duration=0.09933379999711178>
203.2458 	EXP 	fixation: autoDraw = False
203.2458 	EXP 	line1: autoDraw = True
203.2458 	EXP 	line2: autoDraw = True
203.2458 	EXP 	line3: autoDraw = True
203.2458 	EXP 	line4: autoDraw = True
204.2293 	INFO 	Keyboard events cleared
204.2291 	EXP 	probe: autoDraw = True
204.5460 	DATA 	Keypress: z
204.5619 	EXP 	Device response: <KeyPress from None: t=204.54522110000835, value=z, duration=None>
204.5625 	EXP 	New trial (rep=20, index=0): <Trial 80 (0 in rep 20) data={'pos': np.int64(-50), 'corr_resp': 'x', 'thisN': 80, 'thisTrialN': 0, 'thisRepN': 20}>
204.5786 	EXP 	fixation: autoDraw = False
204.5786 	EXP 	line1: autoDraw = False
204.5786 	EXP 	line2: autoDraw = False
204.5786 	EXP 	line3: autoDraw = False
204.5786 	EXP 	line4: autoDraw = False
204.5786 	EXP 	probe: autoDraw = False
204.5786 	EXP 	fixation: autoDraw = True
204.6788 	EXP 	Device response: <KeyPress from None: t=204.54522110000835, value=z, duration=0.12499489999026991>
205.5783 	EXP 	fixation: autoDraw = False
205.5783 	EXP 	line1: autoDraw = True
205.5783 	EXP 	line2: autoDraw = True
205.5783 	EXP 	line3: autoDraw = True
205.5783 	EXP 	line4: autoDraw = True
206.5614 	INFO 	Keyboard events cleared
206.5612 	EXP 	probe: autoDraw = True
206.8629 	EXP 	Device response: <KeyPress from None: t=206.85913640001672, value=x, duration=None>
206.8633 	EXP 	New trial (rep=20, index=1): <Trial 81 (1 in rep 20) data={'pos': np.int64(150), 'corr_resp': 'v', 'thisN': 81, 'thisTrialN': 1, 'thisRepN': 20}>
206.8646 	DATA 	Keypress: x
206.8779 	EXP 	fixation: autoDraw = False
206.8779 	EXP 	line1: autoDraw = False
206.8779 	EXP 	line2: autoDraw = False
206.8779 	EXP 	line3: autoDraw = False
206.8779 	EXP 	line4: autoDraw = False
206.8779 	EXP 	probe: autoDraw = False
206.8779 	EXP 	fixation: autoDraw = True
206.9797 	EXP 	Device response: <KeyPress from None: t=206.85913640001672, value=x, duration=0.11091540000052191>
207.8622 	EXP 	line1: autoDraw = True
207.8622 	EXP 	line2: autoDraw = True
207.8622 	EXP 	line3: autoDraw = True
207.8622 	EXP 	line4: autoDraw = True
207.8785 	EXP 	fixation: autoDraw = False
208.8627 	INFO 	Keyboard events cleared
208.8625 	EXP 	probe: autoDraw = True
209.1953 	EXP 	Device response: <KeyPress from None: t=209.18610250001075, value=v, duration=None>
209.1956 	EXP 	New trial (rep=20, index=2): <Trial 82 (2 in rep 20) data={'pos': np.int64(50), 'corr_resp': 'c', 'thisN': 82, 'thisTrialN': 2, 'thisRepN': 20}>
209.1968 	DATA 	Keypress: v
209.2124 	EXP 	fixation: autoDraw = False
209.2124 	EXP 	line1: autoDraw = False
209.2124 	EXP 	line2: autoDraw = False
209.2124 	EXP 	line3: autoDraw = False
209.2124 	EXP 	line4: autoDraw = False
209.2124 	EXP 	probe: autoDraw = False
209.2124 	EXP 	fixation: autoDraw = True
209.2953 	EXP 	Device response: <KeyPress from None: t=209.18610250001075, value=v, duration=0.09367430000565946>
210.1958 	EXP 	line1: autoDraw = True
210.1958 	EXP 	line2: autoDraw = True
210.1958 	EXP 	line3: autoDraw = True
210.1958 	EXP 	line4: autoDraw = True
210.2121 	EXP 	fixation: autoDraw = False
211.1962 	INFO 	Keyboard events cleared
211.1959 	EXP 	probe: autoDraw = True
211.2118 	EXP 	Device response: <KeyPress from None: t=211.20686500001466, value=c, duration=None>
211.2123 	EXP 	New trial (rep=20, index=3): <Trial 83 (3 in rep 20) data={'pos': np.int64(-150), 'corr_resp': 'z', 'thisN': 83, 'thisTrialN': 3, 'thisRepN': 20}>
211.2135 	DATA 	Keypress: c
211.2275 	EXP 	fixation: autoDraw = False
211.2275 	EXP 	line1: autoDraw = False
211.2275 	EXP 	line2: autoDraw = False
211.2275 	EXP 	line3: autoDraw = False
211.2275 	EXP 	line4: autoDraw = False
211.2275 	EXP 	probe: autoDraw = False
211.2275 	EXP 	fixation: autoDraw = True
211.2970 	EXP 	Device response: <KeyPress from None: t=211.20686500001466, value=c, duration=0.07853599998634309>
212.2120 	EXP 	line1: autoDraw = True
212.2120 	EXP 	line2: autoDraw = True
212.2120 	EXP 	line3: autoDraw = True
212.2120 	EXP 	line4: autoDraw = True
212.2318 	EXP 	fixation: autoDraw = False
213.2129 	INFO 	Keyboard events cleared
213.2127 	EXP 	probe: autoDraw = True
213.6789 	EXP 	Device response: <KeyPress from None: t=213.66603459999897, value=z, duration=None>
213.6792 	EXP 	New trial (rep=21, index=0): <Trial 84 (0 in rep 21) data={'pos': np.int64(-50), 'corr_resp': 'x', 'thisN': 84, 'thisTrialN': 0, 'thisRepN': 21}>
213.6804 	DATA 	Keypress: z
213.6952 	EXP 	fixation: autoDraw = False
213.6952 	EXP 	line1: autoDraw = False
213.6952 	EXP 	line2: autoDraw = False
213.6952 	EXP 	line3: autoDraw = False
213.6952 	EXP 	line4: autoDraw = False
213.6952 	EXP 	probe: autoDraw = False
213.6952 	EXP 	fixation: autoDraw = True
213.7615 	EXP 	Device response: <KeyPress from None: t=213.66603459999897, value=z, duration=0.08127250001416542>
214.6793 	EXP 	line1: autoDraw = True
214.6793 	EXP 	line2: autoDraw = True
214.6793 	EXP 	line3: autoDraw = True
214.6793 	EXP 	line4: autoDraw = True
214.6960 	EXP 	fixation: autoDraw = False
215.6799 	INFO 	Keyboard events cleared
215.6797 	EXP 	probe: autoDraw = True
216.1622 	EXP 	Device response: <KeyPress from None: t=216.15475180000067, value=x, duration=None>
216.1625 	EXP 	New trial (rep=21, index=1): <Trial 85 (1 in rep 21) data={'pos': np.int64(150), 'corr_resp': 'v', 'thisN': 85, 'thisTrialN': 1, 'thisRepN': 21}>
216.1637 	DATA 	Keypress: x
216.1789 	EXP 	fixation: autoDraw = False
216.1789 	EXP 	line1: autoDraw = False
216.1789 	EXP 	line2: autoDraw = False
216.1789 	EXP 	line3: autoDraw = False
216.1789 	EXP 	line4: autoDraw = False
216.1789 	EXP 	probe: autoDraw = False
216.1789 	EXP 	fixation: autoDraw = True
216.2625 	EXP 	Device response: <KeyPress from None: t=216.15475180000067, value=x, duration=0.10481330001493916>
217.1624 	EXP 	line1: autoDraw = True
217.1624 	EXP 	line2: autoDraw = True
217.1624 	EXP 	line3: autoDraw = True
217.1624 	EXP 	line4: autoDraw = True
217.1793 	EXP 	fixation: autoDraw = False
218.1630 	INFO 	Keyboard events cleared
218.1628 	EXP 	probe: autoDraw = True
218.4996 	DATA 	Keypress: v
218.5116 	EXP 	Device response: <KeyPress from None: t=218.49331900000107, value=v, duration=None>
218.5121 	EXP 	New trial (rep=21, index=2): <Trial 86 (2 in rep 21) data={'pos': np.int64(50), 'corr_resp': 'c', 'thisN': 86, 'thisTrialN': 2, 'thisRepN': 21}>
218.5276 	EXP 	fixation: autoDraw = False
218.5276 	EXP 	line1: autoDraw = False
218.5276 	EXP 	line2: autoDraw = False
218.5276 	EXP 	line3: autoDraw = False
218.5276 	EXP 	line4: autoDraw = False
218.5276 	EXP 	probe: autoDraw = False
218.5276 	EXP 	fixation: autoDraw = True
218.5958 	EXP 	Device response: <KeyPress from None: t=218.49331900000107, value=v, duration=0.09334729998954572>
219.5119 	EXP 	line1: autoDraw = True
219.5119 	EXP 	line2: autoDraw = True
219.5119 	EXP 	line3: autoDraw = True
219.5119 	EXP 	line4: autoDraw = True
219.5294 	EXP 	fixation: autoDraw = False
220.5134 	INFO 	Keyboard events cleared
220.5132 	EXP 	probe: autoDraw = True
220.7983 	DATA 	Keypress: c
220.8133 	EXP 	Device response: <KeyPress from None: t=220.7969645000121, value=c, duration=None>
220.8138 	EXP 	New trial (rep=21, index=3): <Trial 87 (3 in rep 21) data={'pos': np.int64(-150), 'corr_resp': 'z', 'thisN': 87, 'thisTrialN': 3, 'thisRepN': 21}>
220.8275 	EXP 	fixation: autoDraw = False
220.8275 	EXP 	line1: autoDraw = False
220.8275 	EXP 	line2: autoDraw = False
220.8275 	EXP 	line3: autoDraw = False
220.8275 	EXP 	line4: autoDraw = False
220.8275 	EXP 	probe: autoDraw = False
220.8275 	EXP 	fixation: autoDraw = True
220.9123 	EXP 	Device response: <KeyPress from None: t=220.7969645000121, value=c, duration=0.1062071000051219>
221.8288 	EXP 	fixation: autoDraw = False
221.8288 	EXP 	line1: autoDraw = True
221.8288 	EXP 	line2: autoDraw = True
221.8288 	EXP 	line3: autoDraw = True
221.8288 	EXP 	line4: autoDraw = True
222.8296 	INFO 	Keyboard events cleared
222.8294 	EXP 	probe: autoDraw = True
223.1134 	EXP 	Device response: <KeyPress from None: t=223.10051499999827, value=z, duration=None>
223.1140 	EXP 	New trial (rep=22, index=0): <Trial 88 (0 in rep 22) data={'pos': np.int64(-50), 'corr_resp': 'x', 'thisN': 88, 'thisTrialN': 0, 'thisRepN': 22}>
223.1153 	DATA 	Keypress: z
223.1288 	EXP 	fixation: autoDraw = False
223.1288 	EXP 	line1: autoDraw = False
223.1288 	EXP 	line2: autoDraw = False
223.1288 	EXP 	line3: autoDraw = False
223.1288 	EXP 	line4: autoDraw = False
223.1288 	EXP 	probe: autoDraw = False
223.1288 	EXP 	fixation: autoDraw = True
223.1953 	EXP 	Device response: <KeyPress from None: t=223.10051499999827, value=z, duration=0.09079889999702573>
224.1295 	EXP 	fixation: autoDraw = False
224.1295 	EXP 	line1: autoDraw = True
224.1295 	EXP 	line2: autoDraw = True
224.1295 	EXP 	line3: autoDraw = True
224.1295 	EXP 	line4: autoDraw = True
225.1291 	INFO 	Keyboard events cleared
225.1289 	EXP 	probe: autoDraw = True
225.3787 	EXP 	Device response: <KeyPress from None: t=225.37621360001503, value=x, duration=None>
225.3792 	EXP 	New trial (rep=22, index=1): <Trial 89 (1 in rep 22) data={'pos': np.int64(150), 'corr_resp': 'v', 'thisN': 89, 'thisTrialN': 1, 'thisRepN': 22}>
225.3806 	DATA 	Keypress: x
225.3948 	EXP 	fixation: autoDraw = False
225.3948 	EXP 	line1: autoDraw = False
225.3948 	EXP 	line2: autoDraw = False
225.3948 	EXP 	line3: autoDraw = False
225.3948 	EXP 	line4: autoDraw = False
225.3948 	EXP 	probe: autoDraw = False
225.3948 	EXP 	fixation: autoDraw = True
225.4788 	EXP 	Device response: <KeyPress from None: t=225.37621360001503, value=x, duration=0.08799790000193752>
226.3797 	EXP 	line1: autoDraw = True
226.3797 	EXP 	line2: autoDraw = True
226.3797 	EXP 	line3: autoDraw = True
226.3797 	EXP 	line4: autoDraw = True
226.3960 	EXP 	fixation: autoDraw = False
227.3791 	INFO 	Keyboard events cleared
227.3789 	EXP 	probe: autoDraw = True
227.7955 	EXP 	Device response: <KeyPress from None: t=227.78530779998982, value=v, duration=None>
227.7960 	EXP 	New trial (rep=22, index=2): <Trial 90 (2 in rep 22) data={'pos': np.int64(50), 'corr_resp': 'c', 'thisN': 90, 'thisTrialN': 2, 'thisRepN': 22}>
227.7973 	DATA 	Keypress: v
227.8117 	EXP 	fixation: autoDraw = False
227.8117 	EXP 	line1: autoDraw = False
227.8117 	EXP 	line2: autoDraw = False
227.8117 	EXP 	line3: autoDraw = False
227.8117 	EXP 	line4: autoDraw = False
227.8117 	EXP 	probe: autoDraw = False
227.8117 	EXP 	fixation: autoDraw = True
227.8956 	EXP 	Device response: <KeyPress from None: t=227.78530779998982, value=v, duration=0.09864260000176728>
228.8128 	EXP 	fixation: autoDraw = False
228.8128 	EXP 	line1: autoDraw = True
228.8128 	EXP 	line2: autoDraw = True
228.8128 	EXP 	line3: autoDraw = True
228.8128 	EXP 	line4: autoDraw = True
229.7952 	INFO 	Keyboard events cleared
229.7950 	EXP 	probe: autoDraw = True
230.2284 	EXP 	Device response: <KeyPress from None: t=230.21521490000305, value=c, duration=None>
230.2287 	EXP 	New trial (rep=22, index=3): <Trial 91 (3 in rep 22) data={'pos': np.int64(-150), 'corr_resp': 'z', 'thisN': 91, 'thisTrialN': 3, 'thisRepN': 22}>
230.2298 	DATA 	Keypress: c
230.2455 	EXP 	fixation: autoDraw = False
230.2455 	EXP 	line1: autoDraw = False
230.2455 	EXP 	line2: autoDraw = False
230.2455 	EXP 	line3: autoDraw = False
230.2455 	EXP 	line4: autoDraw = False
230.2455 	EXP 	probe: autoDraw = False
230.2455 	EXP 	fixation: autoDraw = True
230.3301 	EXP 	Device response: <KeyPress from None: t=230.21521490000305, value=c, duration=0.09923029999481514>
231.2292 	EXP 	line1: autoDraw = True
231.2292 	EXP 	line2: autoDraw = True
231.2292 	EXP 	line3: autoDraw = True
231.2292 	EXP 	line4: autoDraw = True
231.2459 	EXP 	fixation: autoDraw = False
232.2299 	INFO 	Keyboard events cleared
232.2297 	EXP 	probe: autoDraw = True
232.6129 	EXP 	Device response: <KeyPress from None: t=232.59876240001176, value=z, duration=None>
232.6133 	EXP 	New trial (rep=23, index=0): <Trial 92 (0 in rep 23) data={'pos': np.int64(-50), 'corr_resp': 'x', 'thisN': 92, 'thisTrialN': 0, 'thisRepN': 23}>
232.6145 	DATA 	Keypress: z
232.6281 	EXP 	fixation: autoDraw = False
232.6281 	EXP 	line1: autoDraw = False
232.6281 	EXP 	line2: autoDraw = False
232.6281 	EXP 	line3: autoDraw = False
232.6281 	EXP 	line4: autoDraw = False
232.6281 	EXP 	probe: autoDraw = False
232.6281 	EXP 	fixation: autoDraw = True
232.6965 	EXP 	Device response: <KeyPress from None: t=232.59876240001176, value=z, duration=0.09089209997910075>
233.6129 	EXP 	line1: autoDraw = True
233.6129 	EXP 	line2: autoDraw = True
233.6129 	EXP 	line3: autoDraw = True
233.6129 	EXP 	line4: autoDraw = True
233.6297 	EXP 	fixation: autoDraw = False
234.6125 	INFO 	Keyboard events cleared
234.6123 	EXP 	probe: autoDraw = True
235.4957 	EXP 	Device response: <KeyPress from None: t=235.48991520001437, value=x, duration=None>
235.4960 	EXP 	New trial (rep=23, index=1): <Trial 93 (1 in rep 23) data={'pos': np.int64(150), 'corr_resp': 'v', 'thisN': 93, 'thisTrialN': 1, 'thisRepN': 23}>
235.4973 	DATA 	Keypress: x
235.5118 	EXP 	fixation: autoDraw = False
235.5118 	EXP 	line1: autoDraw = False
235.5118 	EXP 	line2: autoDraw = False
235.5118 	EXP 	line3: autoDraw = False
235.5118 	EXP 	line4: autoDraw = False
235.5118 	EXP 	probe: autoDraw = False
235.5118 	EXP 	fixation: autoDraw = True
235.6137 	EXP 	Device response: <KeyPress from None: t=235.48991520001437, value=x, duration=0.11247649998404086>
236.4953 	EXP 	line1: autoDraw = True
236.4953 	EXP 	line2: autoDraw = True
236.4953 	EXP 	line3: autoDraw = True
236.4953 	EXP 	line4: autoDraw = True
236.5119 	EXP 	fixation: autoDraw = False
237.4966 	INFO 	Keyboard events cleared
237.4963 	EXP 	probe: autoDraw = True
237.9793 	EXP 	Device response: <KeyPress from None: t=237.96756720001576, value=v, duration=None>
237.9796 	EXP 	New trial (rep=23, index=2): <Trial 94 (2 in rep 23) data={'pos': np.int64(50), 'corr_resp': 'c', 'thisN': 94, 'thisTrialN': 2, 'thisRepN': 23}>
237.9808 	DATA 	Keypress: v
237.9962 	EXP 	fixation: autoDraw = False
237.9962 	EXP 	line1: autoDraw = False
237.9962 	EXP 	line2: autoDraw = False
237.9962 	EXP 	line3: autoDraw = False
237.9962 	EXP 	line4: autoDraw = False
237.9962 	EXP 	probe: autoDraw = False
237.9962 	EXP 	fixation: autoDraw = True
238.0796 	EXP 	Device response: <KeyPress from None: t=237.96756720001576, value=v, duration=0.0962232000019867>
238.9790 	EXP 	line1: autoDraw = True
238.9790 	EXP 	line2: autoDraw = True
238.9790 	EXP 	line3: autoDraw = True
238.9790 	EXP 	line4: autoDraw = True
238.9963 	EXP 	fixation: autoDraw = False
239.9798 	INFO 	Keyboard events cleared
239.9796 	EXP 	probe: autoDraw = True
240.5475 	DATA 	Keypress: c
240.5619 	EXP 	Device response: <KeyPress from None: t=240.54654209999717, value=c, duration=None>
240.5622 	EXP 	New trial (rep=23, index=3): <Trial 95 (3 in rep 23) data={'pos': np.int64(-150), 'corr_resp': 'z', 'thisN': 95, 'thisTrialN': 3, 'thisRepN': 23}>
240.5786 	EXP 	fixation: autoDraw = False
240.5786 	EXP 	line1: autoDraw = False
240.5786 	EXP 	line2: autoDraw = False
240.5786 	EXP 	line3: autoDraw = False
240.5786 	EXP 	line4: autoDraw = False
240.5786 	EXP 	probe: autoDraw = False
240.5786 	EXP 	fixation: autoDraw = True
240.6455 	EXP 	Device response: <KeyPress from None: t=240.54654209999717, value=c, duration=0.09179380000568926>
241.5627 	EXP 	line1: autoDraw = True
241.5627 	EXP 	line2: autoDraw = True
241.5627 	EXP 	line3: autoDraw = True
241.5627 	EXP 	line4: autoDraw = True
241.5793 	EXP 	fixation: autoDraw = False
242.5627 	INFO 	Keyboard events cleared
242.5624 	EXP 	probe: autoDraw = True
242.9621 	EXP 	Device response: <KeyPress from None: t=242.9533495999931, value=z, duration=None>
242.9625 	EXP 	New trial (rep=24, index=0): <Trial 96 (0 in rep 24) data={'pos': np.int64(-50), 'corr_resp': 'x', 'thisN': 96, 'thisTrialN': 0, 'thisRepN': 24}>
242.9637 	DATA 	Keypress: z
242.9794 	EXP 	fixation: autoDraw = False
242.9794 	EXP 	line1: autoDraw = False
242.9794 	EXP 	line2: autoDraw = False
242.9794 	EXP 	line3: autoDraw = False
242.9794 	EXP 	line4: autoDraw = False
242.9794 	EXP 	probe: autoDraw = False
242.9794 	EXP 	fixation: autoDraw = True
243.0966 	EXP 	Device response: <KeyPress from None: t=242.9533495999931, value=z, duration=0.13062900002114475>
243.9630 	EXP 	line1: autoDraw = True
243.9630 	EXP 	line2: autoDraw = True
243.9630 	EXP 	line3: autoDraw = True
243.9630 	EXP 	line4: autoDraw = True
243.9794 	EXP 	fixation: autoDraw = False
244.9632 	INFO 	Keyboard events cleared
244.9629 	EXP 	probe: autoDraw = True
245.2800 	EXP 	Device response: <KeyPress from None: t=245.2744817000057, value=x, duration=None>
245.2803 	EXP 	New trial (rep=24, index=1): <Trial 97 (1 in rep 24) data={'pos': np.int64(150), 'corr_resp': 'v', 'thisN': 97, 'thisTrialN': 1, 'thisRepN': 24}>
245.2816 	DATA 	Keypress: x
245.2950 	EXP 	fixation: autoDraw = False
245.2950 	EXP 	line1: autoDraw = False
245.2950 	EXP 	line2: autoDraw = False
245.2950 	EXP 	line3: autoDraw = False
245.2950 	EXP 	line4: autoDraw = False
245.2950 	EXP 	probe: autoDraw = False
245.2950 	EXP 	fixation: autoDraw = True
245.3961 	EXP 	Device response: <KeyPress from None: t=245.2744817000057, value=x, duration=0.10676029999740422>
246.2796 	EXP 	line1: autoDraw = True
246.2796 	EXP 	line2: autoDraw = True
246.2796 	EXP 	line3: autoDraw = True
246.2796 	EXP 	line4: autoDraw = True
246.2966 	EXP 	fixation: autoDraw = False
247.2802 	INFO 	Keyboard events cleared
247.2799 	EXP 	probe: autoDraw = True
247.7293 	EXP 	Device response: <KeyPress from None: t=247.71654680001666, value=v, duration=None>
247.7296 	EXP 	New trial (rep=24, index=2): <Trial 98 (2 in rep 24) data={'pos': np.int64(50), 'corr_resp': 'c', 'thisN': 98, 'thisTrialN': 2, 'thisRepN': 24}>
247.7308 	DATA 	Keypress: v
247.7447 	EXP 	fixation: autoDraw = False
247.7447 	EXP 	line1: autoDraw = False
247.7447 	EXP 	line2: autoDraw = False
247.7447 	EXP 	line3: autoDraw = False
247.7447 	EXP 	line4: autoDraw = False
247.7447 	EXP 	probe: autoDraw = False
247.7447 	EXP 	fixation: autoDraw = True
247.8302 	EXP 	Device response: <KeyPress from None: t=247.71654680001666, value=v, duration=0.098502799984999>
248.7299 	EXP 	line1: autoDraw = True
248.7299 	EXP 	line2: autoDraw = True
248.7299 	EXP 	line3: autoDraw = True
248.7299 	EXP 	line4: autoDraw = True
248.7461 	EXP 	fixation: autoDraw = False
249.7299 	INFO 	Keyboard events cleared
249.7297 	EXP 	probe: autoDraw = True
250.2825 	DATA 	Keypress: c
250.2959 	EXP 	Device response: <KeyPress from None: t=250.281355300016, value=c, duration=None>
250.2963 	EXP 	New trial (rep=24, index=3): <Trial 99 (3 in rep 24) data={'pos': np.int64(-150), 'corr_resp': 'z', 'thisN': 99, 'thisTrialN': 3, 'thisRepN': 24}>
250.3134 	EXP 	fixation: autoDraw = False
250.3134 	EXP 	line1: autoDraw = False
250.3134 	EXP 	line2: autoDraw = False
250.3134 	EXP 	line3: autoDraw = False
250.3134 	EXP 	line4: autoDraw = False
250.3134 	EXP 	probe: autoDraw = False
250.3134 	EXP 	fixation: autoDraw = True
250.3797 	EXP 	Device response: <KeyPress from None: t=250.281355300016, value=c, duration=0.09636759999557398>
251.3129 	EXP 	fixation: autoDraw = False
251.3129 	EXP 	line1: autoDraw = True
251.3129 	EXP 	line2: autoDraw = True
251.3129 	EXP 	line3: autoDraw = True
251.3129 	EXP 	line4: autoDraw = True
252.2968 	INFO 	Keyboard events cleared
252.2966 	EXP 	probe: autoDraw = True
252.6963 	EXP 	Device response: <KeyPress from None: t=252.68599570001243, value=z, duration=None>
252.6966 	EXP 	New trial (rep=25, index=0): <Trial 100 (0 in rep 25) data={'pos': np.int64(-50), 'corr_resp': 'x', 'thisN': 100, 'thisTrialN': 0, 'thisRepN': 25}>
252.6978 	DATA 	Keypress: z
252.7124 	EXP 	fixation: autoDraw = False
252.7124 	EXP 	line1: autoDraw = False
252.7124 	EXP 	line2: autoDraw = False
252.7124 	EXP 	line3: autoDraw = False
252.7124 	EXP 	line4: autoDraw = False
252.7124 	EXP 	probe: autoDraw = False
252.7124 	EXP 	fixation: autoDraw = True
252.7638 	EXP 	Device response: <KeyPress from None: t=252.68599570001243, value=z, duration=0.0665988999826368>
253.6965 	EXP 	line1: autoDraw = True
253.6965 	EXP 	line2: autoDraw = True
253.6965 	EXP 	line3: autoDraw = True
253.6965 	EXP 	line4: autoDraw = True
253.7134 	EXP 	fixation: autoDraw = False
254.6965 	INFO 	Keyboard events cleared
254.6963 	EXP 	probe: autoDraw = True
255.1127 	EXP 	Device response: <KeyPress from None: t=255.10865460001514, value=x, duration=None>
255.1130 	EXP 	New trial (rep=25, index=1): <Trial 101 (1 in rep 25) data={'pos': np.int64(150), 'corr_resp': 'v', 'thisN': 101, 'thisTrialN': 1, 'thisRepN': 25}>
255.1142 	DATA 	Keypress: x
255.1286 	EXP 	fixation: autoDraw = False
255.1286 	EXP 	line1: autoDraw = False
255.1286 	EXP 	line2: autoDraw = False
255.1286 	EXP 	line3: autoDraw = False
255.1286 	EXP 	line4: autoDraw = False
255.1286 	EXP 	probe: autoDraw = False
255.1286 	EXP 	fixation: autoDraw = True
255.2131 	EXP 	Device response: <KeyPress from None: t=255.10865460001514, value=x, duration=0.10287589998915792>
256.1129 	EXP 	line1: autoDraw = True
256.1129 	EXP 	line2: autoDraw = True
256.1129 	EXP 	line3: autoDraw = True
256.1129 	EXP 	line4: autoDraw = True
256.1301 	EXP 	fixation: autoDraw = False
257.1132 	INFO 	Keyboard events cleared
257.1129 	EXP 	probe: autoDraw = True
257.6794 	EXP 	Device response: <KeyPress from None: t=257.6681069000042, value=v, duration=None>
257.6798 	EXP 	New trial (rep=25, index=2): <Trial 102 (2 in rep 25) data={'pos': np.int64(50), 'corr_resp': 'c', 'thisN': 102, 'thisTrialN': 2, 'thisRepN': 25}>
257.6809 	DATA 	Keypress: v
257.6946 	EXP 	fixation: autoDraw = False
257.6946 	EXP 	line1: autoDraw = False
257.6946 	EXP 	line2: autoDraw = False
257.6946 	EXP 	line3: autoDraw = False
257.6946 	EXP 	line4: autoDraw = False
257.6946 	EXP 	probe: autoDraw = False
257.6946 	EXP 	fixation: autoDraw = True
257.7795 	EXP 	Device response: <KeyPress from None: t=257.6681069000042, value=v, duration=0.10144379999837838>
258.6966 	EXP 	fixation: autoDraw = False
258.6966 	EXP 	line1: autoDraw = True
258.6966 	EXP 	line2: autoDraw = True
258.6966 	EXP 	line3: autoDraw = True
258.6966 	EXP 	line4: autoDraw = True
259.6803 	INFO 	Keyboard events cleared
259.6800 	EXP 	probe: autoDraw = True
260.2991 	DATA 	Keypress: c
260.3123 	EXP 	Device response: <KeyPress from None: t=260.2979783999908, value=c, duration=None>
260.3126 	EXP 	New trial (rep=25, index=3): <Trial 103 (3 in rep 25) data={'pos': np.int64(-150), 'corr_resp': 'z', 'thisN': 103, 'thisTrialN': 3, 'thisRepN': 25}>
260.3288 	EXP 	fixation: autoDraw = False
260.3288 	EXP 	line1: autoDraw = False
260.3288 	EXP 	line2: autoDraw = False
260.3288 	EXP 	line3: autoDraw = False
260.3288 	EXP 	line4: autoDraw = False
260.3288 	EXP 	probe: autoDraw = False
260.3288 	EXP 	fixation: autoDraw = True
260.3954 	EXP 	Device response: <KeyPress from None: t=260.2979783999908, value=c, duration=0.09197580002364703>
261.3130 	EXP 	line1: autoDraw = True
261.3130 	EXP 	line2: autoDraw = True
261.3130 	EXP 	line3: autoDraw = True
261.3130 	EXP 	line4: autoDraw = True
261.3299 	EXP 	fixation: autoDraw = False
262.3303 	INFO 	Keyboard events cleared
262.3300 	EXP 	probe: autoDraw = True
262.7457 	EXP 	Device response: <KeyPress from None: t=262.7325367000012, value=z, duration=None>
262.7460 	EXP 	New trial (rep=26, index=0): <Trial 104 (0 in rep 26) data={'pos': np.int64(-50), 'corr_resp': 'x', 'thisN': 104, 'thisTrialN': 0, 'thisRepN': 26}>
262.7473 	DATA 	Keypress: z
262.7633 	EXP 	fixation: autoDraw = False
262.7633 	EXP 	line1: autoDraw = False
262.7633 	EXP 	line2: autoDraw = False
262.7633 	EXP 	line3: autoDraw = False
262.7633 	EXP 	line4: autoDraw = False
262.7633 	EXP 	probe: autoDraw = False
262.7633 	EXP 	fixation: autoDraw = True
262.8466 	EXP 	Device response: <KeyPress from None: t=262.7325367000012, value=z, duration=0.09957950000534765>
263.7467 	EXP 	line1: autoDraw = True
263.7467 	EXP 	line2: autoDraw = True
263.7467 	EXP 	line3: autoDraw = True
263.7467 	EXP 	line4: autoDraw = True
263.7633 	EXP 	fixation: autoDraw = False
264.7474 	INFO 	Keyboard events cleared
264.7472 	EXP 	probe: autoDraw = True
265.0633 	EXP 	Device response: <KeyPress from None: t=265.055465500016, value=x, duration=None>
265.0638 	EXP 	New trial (rep=26, index=1): <Trial 105 (1 in rep 26) data={'pos': np.int64(150), 'corr_resp': 'v', 'thisN': 105, 'thisTrialN': 1, 'thisRepN': 26}>
265.0650 	DATA 	Keypress: x
265.0790 	EXP 	fixation: autoDraw = False
265.0790 	EXP 	line1: autoDraw = False
265.0790 	EXP 	line2: autoDraw = False
265.0790 	EXP 	line3: autoDraw = False
265.0790 	EXP 	line4: autoDraw = False
265.0790 	EXP 	probe: autoDraw = False
265.0790 	EXP 	fixation: autoDraw = True
265.1797 	EXP 	Device response: <KeyPress from None: t=265.055465500016, value=x, duration=0.11533109997981228>
266.0641 	EXP 	line1: autoDraw = True
266.0641 	EXP 	line2: autoDraw = True
266.0641 	EXP 	line3: autoDraw = True
266.0641 	EXP 	line4: autoDraw = True
266.0797 	EXP 	fixation: autoDraw = False
267.0636 	INFO 	Keyboard events cleared
267.0634 	EXP 	probe: autoDraw = True
267.3812 	EXP 	Device response: <KeyPress from None: t=267.3767335000157, value=v, duration=None>
267.3815 	EXP 	New trial (rep=26, index=2): <Trial 106 (2 in rep 26) data={'pos': np.int64(50), 'corr_resp': 'c', 'thisN': 106, 'thisTrialN': 2, 'thisRepN': 26}>
267.3830 	DATA 	Keypress: v
267.3955 	EXP 	fixation: autoDraw = False
267.3955 	EXP 	line1: autoDraw = False
267.3955 	EXP 	line2: autoDraw = False
267.3955 	EXP 	line3: autoDraw = False
267.3955 	EXP 	line4: autoDraw = False
267.3955 	EXP 	probe: autoDraw = False
267.3955 	EXP 	fixation: autoDraw = True
267.4788 	EXP 	Device response: <KeyPress from None: t=267.3767335000157, value=v, duration=0.09215809998568147>
268.3959 	EXP 	fixation: autoDraw = False
268.3959 	EXP 	line1: autoDraw = True
268.3959 	EXP 	line2: autoDraw = True
268.3959 	EXP 	line3: autoDraw = True
268.3959 	EXP 	line4: autoDraw = True
269.3968 	INFO 	Keyboard events cleared
269.3966 	EXP 	probe: autoDraw = True
269.6328 	DATA 	Keypress: c
269.6466 	EXP 	Device response: <KeyPress from None: t=269.6307256, value=c, duration=None>
269.6469 	EXP 	New trial (rep=26, index=3): <Trial 107 (3 in rep 26) data={'pos': np.int64(-150), 'corr_resp': 'z', 'thisN': 107, 'thisTrialN': 3, 'thisRepN': 26}>
269.6634 	EXP 	fixation: autoDraw = False
269.6634 	EXP 	line1: autoDraw = False
269.6634 	EXP 	line2: autoDraw = False
269.6634 	EXP 	line3: autoDraw = False
269.6634 	EXP 	line4: autoDraw = False
269.6634 	EXP 	probe: autoDraw = False
269.6634 	EXP 	fixation: autoDraw = True
269.7144 	EXP 	Device response: <KeyPress from None: t=269.6307256, value=c, duration=0.07482800001162104>
270.6460 	EXP 	line1: autoDraw = True
270.6460 	EXP 	line2: autoDraw = True
270.6460 	EXP 	line3: autoDraw = True
270.6460 	EXP 	line4: autoDraw = True
270.6635 	EXP 	fixation: autoDraw = False
271.6459 	INFO 	Keyboard events cleared
271.6457 	EXP 	probe: autoDraw = True
271.8987 	DATA 	Keypress: z
271.9131 	EXP 	Device response: <KeyPress from None: t=271.8973943000019, value=z, duration=None>
271.9135 	EXP 	New trial (rep=27, index=0): <Trial 108 (0 in rep 27) data={'pos': np.int64(-50), 'corr_resp': 'x', 'thisN': 108, 'thisTrialN': 0, 'thisRepN': 27}>
271.9302 	EXP 	fixation: autoDraw = False
271.9302 	EXP 	line1: autoDraw = False
271.9302 	EXP 	line2: autoDraw = False
271.9302 	EXP 	line3: autoDraw = False
271.9302 	EXP 	line4: autoDraw = False
271.9302 	EXP 	probe: autoDraw = False
271.9302 	EXP 	fixation: autoDraw = True
271.9806 	EXP 	Device response: <KeyPress from None: t=271.8973943000019, value=z, duration=0.07298550000996329>
272.9136 	EXP 	line1: autoDraw = True
272.9136 	EXP 	line2: autoDraw = True
272.9136 	EXP 	line3: autoDraw = True
272.9136 	EXP 	line4: autoDraw = True
272.9291 	EXP 	fixation: autoDraw = False
273.9133 	INFO 	Keyboard events cleared
273.9130 	EXP 	probe: autoDraw = True
274.1635 	EXP 	Device response: <KeyPress from None: t=274.149659000017, value=x, duration=None>
274.1641 	EXP 	New trial (rep=27, index=1): <Trial 109 (1 in rep 27) data={'pos': np.int64(150), 'corr_resp': 'v', 'thisN': 109, 'thisTrialN': 1, 'thisRepN': 27}>
274.1656 	DATA 	Keypress: x
274.1795 	EXP 	fixation: autoDraw = False
274.1795 	EXP 	line1: autoDraw = False
274.1795 	EXP 	line2: autoDraw = False
274.1795 	EXP 	line3: autoDraw = False
274.1795 	EXP 	line4: autoDraw = False
274.1795 	EXP 	probe: autoDraw = False
274.1795 	EXP 	fixation: autoDraw = True
274.2136 	EXP 	Device response: <KeyPress from None: t=274.149659000017, value=x, duration=0.06146849997458048>
275.1635 	EXP 	line1: autoDraw = True
275.1635 	EXP 	line2: autoDraw = True
275.1635 	EXP 	line3: autoDraw = True
275.1635 	EXP 	line4: autoDraw = True
275.1804 	EXP 	fixation: autoDraw = False
276.1798 	INFO 	Keyboard events cleared
276.1796 	EXP 	probe: autoDraw = True
276.4643 	EXP 	Device response: <KeyPress from None: t=276.4540660000057, value=v, duration=None>
276.4648 	EXP 	New trial (rep=27, index=2): <Trial 110 (2 in rep 27) data={'pos': np.int64(50), 'corr_resp': 'c', 'thisN': 110, 'thisTrialN': 2, 'thisRepN': 27}>
276.4662 	DATA 	Keypress: v
276.4785 	EXP 	fixation: autoDraw = False
276.4785 	EXP 	line1: autoDraw = False
276.4785 	EXP 	line2: autoDraw = False
276.4785 	EXP 	line3: autoDraw = False
276.4785 	EXP 	line4: autoDraw = False
276.4785 	EXP 	probe: autoDraw = False
276.4785 	EXP 	fixation: autoDraw = True
276.5476 	EXP 	Device response: <KeyPress from None: t=276.4540660000057, value=v, duration=0.08155159998568706>
277.4636 	EXP 	line1: autoDraw = True
277.4636 	EXP 	line2: autoDraw = True
277.4636 	EXP 	line3: autoDraw = True
277.4636 	EXP 	line4: autoDraw = True
277.4801 	EXP 	fixation: autoDraw = False
278.4805 	INFO 	Keyboard events cleared
278.4803 	EXP 	probe: autoDraw = True
278.7125 	EXP 	Device response: <KeyPress from None: t=278.7012551999942, value=c, duration=None>
278.7130 	EXP 	New trial (rep=27, index=3): <Trial 111 (3 in rep 27) data={'pos': np.int64(-150), 'corr_resp': 'z', 'thisN': 111, 'thisTrialN': 3, 'thisRepN': 27}>
278.7145 	DATA 	Keypress: c
278.7284 	EXP 	fixation: autoDraw = False
278.7284 	EXP 	line1: autoDraw = False
278.7284 	EXP 	line2: autoDraw = False
278.7284 	EXP 	line3: autoDraw = False
278.7284 	EXP 	line4: autoDraw = False
278.7284 	EXP 	probe: autoDraw = False
278.7284 	EXP 	fixation: autoDraw = True
278.7958 	EXP 	Device response: <KeyPress from None: t=278.7012551999942, value=c, duration=0.08028080000076443>
279.7136 	EXP 	line1: autoDraw = True
279.7136 	EXP 	line2: autoDraw = True
279.7136 	EXP 	line3: autoDraw = True
279.7136 	EXP 	line4: autoDraw = True
279.7297 	EXP 	fixation: autoDraw = False
280.7120 	INFO 	Keyboard events cleared
280.7118 	EXP 	probe: autoDraw = True
281.0309 	EXP 	Device response: <KeyPress from None: t=281.0201181000157, value=z, duration=None>
281.0314 	EXP 	New trial (rep=28, index=0): <Trial 112 (0 in rep 28) data={'pos': np.int64(-50), 'corr_resp': 'x', 'thisN': 112, 'thisTrialN': 0, 'thisRepN': 28}>
281.0326 	DATA 	Keypress: z
281.0452 	EXP 	fixation: autoDraw = False
281.0452 	EXP 	line1: autoDraw = False
281.0452 	EXP 	line2: autoDraw = False
281.0452 	EXP 	line3: autoDraw = False
281.0452 	EXP 	line4: autoDraw = False
281.0452 	EXP 	probe: autoDraw = False
281.0452 	EXP 	fixation: autoDraw = True
281.1298 	EXP 	Device response: <KeyPress from None: t=281.0201181000157, value=z, duration=0.10463509999681264>
282.0474 	EXP 	fixation: autoDraw = False
282.0474 	EXP 	line1: autoDraw = True
282.0474 	EXP 	line2: autoDraw = True
282.0474 	EXP 	line3: autoDraw = True
282.0474 	EXP 	line4: autoDraw = True
283.0472 	INFO 	Keyboard events cleared
283.0470 	EXP 	probe: autoDraw = True
283.6962 	EXP 	Device response: <KeyPress from None: t=283.69388730000355, value=x, duration=None>
283.6965 	EXP 	New trial (rep=28, index=1): <Trial 113 (1 in rep 28) data={'pos': np.int64(150), 'corr_resp': 'v', 'thisN': 113, 'thisTrialN': 1, 'thisRepN': 28}>
283.6976 	DATA 	Keypress: x
283.7120 	EXP 	fixation: autoDraw = False
283.7120 	EXP 	line1: autoDraw = False
283.7120 	EXP 	line2: autoDraw = False
283.7120 	EXP 	line3: autoDraw = False
283.7120 	EXP 	line4: autoDraw = False
283.7120 	EXP 	probe: autoDraw = False
283.7120 	EXP 	fixation: autoDraw = True
283.7976 	EXP 	Device response: <KeyPress from None: t=283.69388730000355, value=x, duration=0.09109629999147728>
284.6972 	EXP 	line1: autoDraw = True
284.6972 	EXP 	line2: autoDraw = True
284.6972 	EXP 	line3: autoDraw = True
284.6972 	EXP 	line4: autoDraw = True
284.7131 	EXP 	fixation: autoDraw = False
285.6964 	INFO 	Keyboard events cleared
285.6962 	EXP 	probe: autoDraw = True
286.0809 	EXP 	Device response: <KeyPress from None: t=286.0724424000073, value=v, duration=None>
286.0813 	EXP 	New trial (rep=28, index=2): <Trial 114 (2 in rep 28) data={'pos': np.int64(50), 'corr_resp': 'c', 'thisN': 114, 'thisTrialN': 2, 'thisRepN': 28}>
286.0825 	DATA 	Keypress: v
286.0951 	EXP 	fixation: autoDraw = False
286.0951 	EXP 	line1: autoDraw = False
286.0951 	EXP 	line2: autoDraw = False
286.0951 	EXP 	line3: autoDraw = False
286.0951 	EXP 	line4: autoDraw = False
286.0951 	EXP 	probe: autoDraw = False
286.0951 	EXP 	fixation: autoDraw = True
286.1635 	EXP 	Device response: <KeyPress from None: t=286.0724424000073, value=v, duration=0.08793869998771697>
287.0808 	EXP 	line1: autoDraw = True
287.0808 	EXP 	line2: autoDraw = True
287.0808 	EXP 	line3: autoDraw = True
287.0808 	EXP 	line4: autoDraw = True
287.0973 	EXP 	fixation: autoDraw = False
288.0804 	INFO 	Keyboard events cleared
288.0801 	EXP 	probe: autoDraw = True
288.6634 	EXP 	Device response: <KeyPress from None: t=288.66163580000284, value=c, duration=None>
288.6637 	EXP 	New trial (rep=28, index=3): <Trial 115 (3 in rep 28) data={'pos': np.int64(-150), 'corr_resp': 'z', 'thisN': 115, 'thisTrialN': 3, 'thisRepN': 28}>
288.6648 	DATA 	Keypress: c
288.6792 	EXP 	fixation: autoDraw = False
288.6792 	EXP 	line1: autoDraw = False
288.6792 	EXP 	line2: autoDraw = False
288.6792 	EXP 	line3: autoDraw = False
288.6792 	EXP 	line4: autoDraw = False
288.6792 	EXP 	probe: autoDraw = False
288.6792 	EXP 	fixation: autoDraw = True
288.7799 	EXP 	Device response: <KeyPress from None: t=288.66163580000284, value=c, duration=0.10135260000242852>
289.6799 	EXP 	fixation: autoDraw = False
289.6799 	EXP 	line1: autoDraw = True
289.6799 	EXP 	line2: autoDraw = True
289.6799 	EXP 	line3: autoDraw = True
289.6799 	EXP 	line4: autoDraw = True
290.6637 	INFO 	Keyboard events cleared
290.6635 	EXP 	probe: autoDraw = True
291.3640 	EXP 	Device response: <KeyPress from None: t=291.35575270000845, value=z, duration=None>
291.3646 	EXP 	New trial (rep=29, index=0): <Trial 116 (0 in rep 29) data={'pos': np.int64(-50), 'corr_resp': 'x', 'thisN': 116, 'thisTrialN': 0, 'thisRepN': 29}>
291.3660 	DATA 	Keypress: z
291.3792 	EXP 	fixation: autoDraw = False
291.3792 	EXP 	line1: autoDraw = False
291.3792 	EXP 	line2: autoDraw = False
291.3792 	EXP 	line3: autoDraw = False
291.3792 	EXP 	line4: autoDraw = False
291.3792 	EXP 	probe: autoDraw = False
291.3792 	EXP 	fixation: autoDraw = True
291.4636 	EXP 	Device response: <KeyPress from None: t=291.35575270000845, value=z, duration=0.09821460000239313>
292.3790 	EXP 	fixation: autoDraw = False
292.3790 	EXP 	line1: autoDraw = True
292.3790 	EXP 	line2: autoDraw = True
292.3790 	EXP 	line3: autoDraw = True
292.3790 	EXP 	line4: autoDraw = True
293.3639 	INFO 	Keyboard events cleared
293.3637 	EXP 	probe: autoDraw = True
294.0144 	EXP 	Device response: <KeyPress from None: t=294.0013889000111, value=x, duration=None>
294.0147 	EXP 	New trial (rep=29, index=1): <Trial 117 (1 in rep 29) data={'pos': np.int64(150), 'corr_resp': 'v', 'thisN': 117, 'thisTrialN': 1, 'thisRepN': 29}>
294.0160 	DATA 	Keypress: x
294.0289 	EXP 	fixation: autoDraw = False
294.0289 	EXP 	line1: autoDraw = False
294.0289 	EXP 	line2: autoDraw = False
294.0289 	EXP 	line3: autoDraw = False
294.0289 	EXP 	line4: autoDraw = False
294.0289 	EXP 	probe: autoDraw = False
294.0289 	EXP 	fixation: autoDraw = True
294.1140 	EXP 	Device response: <KeyPress from None: t=294.0013889000111, value=x, duration=0.10180430000764318>
295.0305 	EXP 	fixation: autoDraw = False
295.0305 	EXP 	line1: autoDraw = True
295.0305 	EXP 	line2: autoDraw = True
295.0305 	EXP 	line3: autoDraw = True
295.0305 	EXP 	line4: autoDraw = True
296.0307 	INFO 	Keyboard events cleared
296.0305 	EXP 	probe: autoDraw = True
296.4138 	EXP 	Device response: <KeyPress from None: t=296.4056712000165, value=v, duration=None>
296.4141 	EXP 	New trial (rep=29, index=2): <Trial 118 (2 in rep 29) data={'pos': np.int64(50), 'corr_resp': 'c', 'thisN': 118, 'thisTrialN': 2, 'thisRepN': 29}>
296.4155 	DATA 	Keypress: v
296.4301 	EXP 	fixation: autoDraw = False
296.4301 	EXP 	line1: autoDraw = False
296.4301 	EXP 	line2: autoDraw = False
296.4301 	EXP 	line3: autoDraw = False
296.4301 	EXP 	line4: autoDraw = False
296.4301 	EXP 	probe: autoDraw = False
296.4301 	EXP 	fixation: autoDraw = True
296.5130 	EXP 	Device response: <KeyPress from None: t=296.4056712000165, value=v, duration=0.10189879999961704>
297.4135 	EXP 	line1: autoDraw = True
297.4135 	EXP 	line2: autoDraw = True
297.4135 	EXP 	line3: autoDraw = True
297.4135 	EXP 	line4: autoDraw = True
297.4302 	EXP 	fixation: autoDraw = False
298.4136 	INFO 	Keyboard events cleared
298.4134 	EXP 	probe: autoDraw = True
298.7291 	EXP 	Device response: <KeyPress from None: t=298.727035399992, value=c, duration=None>
298.7295 	EXP 	New trial (rep=29, index=3): <Trial 119 (3 in rep 29) data={'pos': np.int64(-150), 'corr_resp': 'z', 'thisN': 119, 'thisTrialN': 3, 'thisRepN': 29}>
298.7307 	DATA 	Keypress: c
298.7461 	EXP 	fixation: autoDraw = False
298.7461 	EXP 	line1: autoDraw = False
298.7461 	EXP 	line2: autoDraw = False
298.7461 	EXP 	line3: autoDraw = False
298.7461 	EXP 	line4: autoDraw = False
298.7461 	EXP 	probe: autoDraw = False
298.7461 	EXP 	fixation: autoDraw = True
298.8137 	EXP 	Device response: <KeyPress from None: t=298.727035399992, value=c, duration=0.08356540001113899>
299.7305 	EXP 	line1: autoDraw = True
299.7305 	EXP 	line2: autoDraw = True
299.7305 	EXP 	line3: autoDraw = True
299.7305 	EXP 	line4: autoDraw = True
299.7472 	EXP 	fixation: autoDraw = False
300.7312 	INFO 	Keyboard events cleared
300.7310 	EXP 	probe: autoDraw = True
300.9968 	EXP 	Device response: <KeyPress from None: t=300.9845377000165, value=z, duration=None>
300.9971 	EXP 	New trial (rep=30, index=0): <Trial 120 (0 in rep 30) data={'pos': np.int64(-50), 'corr_resp': 'x', 'thisN': 120, 'thisTrialN': 0, 'thisRepN': 30}>
300.9983 	DATA 	Keypress: z
301.0135 	EXP 	fixation: autoDraw = False
301.0135 	EXP 	line1: autoDraw = False
301.0135 	EXP 	line2: autoDraw = False
301.0135 	EXP 	line3: autoDraw = False
301.0135 	EXP 	line4: autoDraw = False
301.0135 	EXP 	probe: autoDraw = False
301.0135 	EXP 	fixation: autoDraw = True
301.0639 	EXP 	Device response: <KeyPress from None: t=300.9845377000165, value=z, duration=0.07336249999934807>
302.0123 	EXP 	fixation: autoDraw = False
302.0123 	EXP 	line1: autoDraw = True
302.0123 	EXP 	line2: autoDraw = True
302.0123 	EXP 	line3: autoDraw = True
302.0123 	EXP 	line4: autoDraw = True
303.0130 	INFO 	Keyboard events cleared
303.0128 	EXP 	probe: autoDraw = True
303.2981 	EXP 	Device response: <KeyPress from None: t=303.2892714999907, value=x, duration=None>
303.2986 	EXP 	New trial (rep=30, index=1): <Trial 121 (1 in rep 30) data={'pos': np.int64(150), 'corr_resp': 'v', 'thisN': 121, 'thisTrialN': 1, 'thisRepN': 30}>
303.2999 	DATA 	Keypress: x
303.3128 	EXP 	fixation: autoDraw = False
303.3128 	EXP 	line1: autoDraw = False
303.3128 	EXP 	line2: autoDraw = False
303.3128 	EXP 	line3: autoDraw = False
303.3128 	EXP 	line4: autoDraw = False
303.3128 	EXP 	probe: autoDraw = False
303.3128 	EXP 	fixation: autoDraw = True
303.3963 	EXP 	Device response: <KeyPress from None: t=303.2892714999907, value=x, duration=0.10074300001724623>
304.3135 	EXP 	fixation: autoDraw = False
304.3135 	EXP 	line1: autoDraw = True
304.3135 	EXP 	line2: autoDraw = True
304.3135 	EXP 	line3: autoDraw = True
304.3135 	EXP 	line4: autoDraw = True
305.3137 	INFO 	Keyboard events cleared
305.3135 	EXP 	probe: autoDraw = True
305.6314 	EXP 	Device response: <KeyPress from None: t=305.6255538999976, value=v, duration=None>
305.6318 	EXP 	New trial (rep=30, index=2): <Trial 122 (2 in rep 30) data={'pos': np.int64(50), 'corr_resp': 'c', 'thisN': 122, 'thisTrialN': 2, 'thisRepN': 30}>
305.6330 	DATA 	Keypress: v
305.6458 	EXP 	fixation: autoDraw = False
305.6458 	EXP 	line1: autoDraw = False
305.6458 	EXP 	line2: autoDraw = False
305.6458 	EXP 	line3: autoDraw = False
305.6458 	EXP 	line4: autoDraw = False
305.6458 	EXP 	probe: autoDraw = False
305.6458 	EXP 	fixation: autoDraw = True
305.7309 	EXP 	Device response: <KeyPress from None: t=305.6255538999976, value=v, duration=0.09853109999676235>
306.6475 	EXP 	fixation: autoDraw = False
306.6475 	EXP 	line1: autoDraw = True
306.6475 	EXP 	line2: autoDraw = True
306.6475 	EXP 	line3: autoDraw = True
306.6475 	EXP 	line4: autoDraw = True
307.6469 	INFO 	Keyboard events cleared
307.6467 	EXP 	probe: autoDraw = True
307.9628 	EXP 	Device response: <KeyPress from None: t=307.94991250001476, value=c, duration=None>
307.9632 	EXP 	New trial (rep=30, index=3): <Trial 123 (3 in rep 30) data={'pos': np.int64(-150), 'corr_resp': 'z', 'thisN': 123, 'thisTrialN': 3, 'thisRepN': 30}>
307.9643 	DATA 	Keypress: c
307.9803 	EXP 	fixation: autoDraw = False
307.9803 	EXP 	line1: autoDraw = False
307.9803 	EXP 	line2: autoDraw = False
307.9803 	EXP 	line3: autoDraw = False
307.9803 	EXP 	line4: autoDraw = False
307.9803 	EXP 	probe: autoDraw = False
307.9803 	EXP 	fixation: autoDraw = True
308.0469 	EXP 	Device response: <KeyPress from None: t=307.94991250001476, value=c, duration=0.08161139997537248>
308.9639 	EXP 	line1: autoDraw = True
308.9639 	EXP 	line2: autoDraw = True
308.9639 	EXP 	line3: autoDraw = True
308.9639 	EXP 	line4: autoDraw = True
308.9805 	EXP 	fixation: autoDraw = False
309.9643 	INFO 	Keyboard events cleared
309.9640 	EXP 	probe: autoDraw = True
310.2138 	EXP 	Device response: <KeyPress from None: t=310.21085279999534, value=z, duration=None>
310.2141 	EXP 	New trial (rep=31, index=0): <Trial 124 (0 in rep 31) data={'pos': np.int64(-50), 'corr_resp': 'x', 'thisN': 124, 'thisTrialN': 0, 'thisRepN': 31}>
310.2152 	DATA 	Keypress: z
310.2291 	EXP 	fixation: autoDraw = False
310.2291 	EXP 	line1: autoDraw = False
310.2291 	EXP 	line2: autoDraw = False
310.2291 	EXP 	line3: autoDraw = False
310.2291 	EXP 	line4: autoDraw = False
310.2291 	EXP 	probe: autoDraw = False
310.2291 	EXP 	fixation: autoDraw = True
310.2974 	EXP 	Device response: <KeyPress from None: t=310.21085279999534, value=z, duration=0.08226680001826026>
311.2290 	EXP 	fixation: autoDraw = False
311.2290 	EXP 	line1: autoDraw = True
311.2290 	EXP 	line2: autoDraw = True
311.2290 	EXP 	line3: autoDraw = True
311.2290 	EXP 	line4: autoDraw = True
312.2292 	INFO 	Keyboard events cleared
312.2291 	EXP 	probe: autoDraw = True
312.5315 	DATA 	Keypress: x
312.5472 	EXP 	Device response: <KeyPress from None: t=312.53078440000536, value=x, duration=None>
312.5475 	EXP 	New trial (rep=31, index=1): <Trial 125 (1 in rep 31) data={'pos': np.int64(150), 'corr_resp': 'v', 'thisN': 125, 'thisTrialN': 1, 'thisRepN': 31}>
312.5634 	EXP 	fixation: autoDraw = False
312.5634 	EXP 	line1: autoDraw = False
312.5634 	EXP 	line2: autoDraw = False
312.5634 	EXP 	line3: autoDraw = False
312.5634 	EXP 	line4: autoDraw = False
312.5634 	EXP 	probe: autoDraw = False
312.5634 	EXP 	fixation: autoDraw = True
312.5967 	EXP 	Device response: <KeyPress from None: t=312.53078440000536, value=x, duration=0.06521150001208298>
313.5617 	EXP 	fixation: autoDraw = False
313.5617 	EXP 	line1: autoDraw = True
313.5617 	EXP 	line2: autoDraw = True
313.5617 	EXP 	line3: autoDraw = True
313.5617 	EXP 	line4: autoDraw = True
314.5641 	INFO 	Keyboard events cleared
314.5639 	EXP 	probe: autoDraw = True
314.8145 	EXP 	Device response: <KeyPress from None: t=314.80410420001135, value=v, duration=None>
314.8150 	EXP 	New trial (rep=31, index=2): <Trial 126 (2 in rep 31) data={'pos': np.int64(50), 'corr_resp': 'c', 'thisN': 126, 'thisTrialN': 2, 'thisRepN': 31}>
314.8166 	DATA 	Keypress: v
314.8297 	EXP 	fixation: autoDraw = False
314.8297 	EXP 	line1: autoDraw = False
314.8297 	EXP 	line2: autoDraw = False
314.8297 	EXP 	line3: autoDraw = False
314.8297 	EXP 	line4: autoDraw = False
314.8297 	EXP 	probe: autoDraw = False
314.8297 	EXP 	fixation: autoDraw = True
314.9139 	EXP 	Device response: <KeyPress from None: t=314.80410420001135, value=v, duration=0.0940915999817662>
315.8135 	EXP 	line1: autoDraw = True
315.8135 	EXP 	line2: autoDraw = True
315.8135 	EXP 	line3: autoDraw = True
315.8135 	EXP 	line4: autoDraw = True
315.8305 	EXP 	fixation: autoDraw = False
316.8142 	INFO 	Keyboard events cleared
316.8140 	EXP 	probe: autoDraw = True
317.1476 	EXP 	Device response: <KeyPress from None: t=317.14202430000296, value=c, duration=None>
317.1481 	EXP 	New trial (rep=31, index=3): <Trial 127 (3 in rep 31) data={'pos': np.int64(-150), 'corr_resp': 'z', 'thisN': 127, 'thisTrialN': 3, 'thisRepN': 31}>
317.1496 	DATA 	Keypress: c
317.1635 	EXP 	fixation: autoDraw = False
317.1635 	EXP 	line1: autoDraw = False
317.1635 	EXP 	line2: autoDraw = False
317.1635 	EXP 	line3: autoDraw = False
317.1635 	EXP 	line4: autoDraw = False
317.1635 	EXP 	probe: autoDraw = False
317.1635 	EXP 	fixation: autoDraw = True
317.2471 	EXP 	Device response: <KeyPress from None: t=317.14202430000296, value=c, duration=0.09518979999120347>
318.1644 	EXP 	fixation: autoDraw = False
318.1644 	EXP 	line1: autoDraw = True
318.1644 	EXP 	line2: autoDraw = True
318.1644 	EXP 	line3: autoDraw = True
318.1644 	EXP 	line4: autoDraw = True
319.1481 	INFO 	Keyboard events cleared
319.1478 	EXP 	probe: autoDraw = True
319.4834 	DATA 	Keypress: z
319.4964 	EXP 	Device response: <KeyPress from None: t=319.48265409999294, value=z, duration=None>
319.4967 	EXP 	New trial (rep=32, index=0): <Trial 128 (0 in rep 32) data={'pos': np.int64(-50), 'corr_resp': 'x', 'thisN': 128, 'thisTrialN': 0, 'thisRepN': 32}>
319.5124 	EXP 	fixation: autoDraw = False
319.5124 	EXP 	line1: autoDraw = False
319.5124 	EXP 	line2: autoDraw = False
319.5124 	EXP 	line3: autoDraw = False
319.5124 	EXP 	line4: autoDraw = False
319.5124 	EXP 	probe: autoDraw = False
319.5124 	EXP 	fixation: autoDraw = True
319.5815 	EXP 	Device response: <KeyPress from None: t=319.48265409999294, value=z, duration=0.08885100000770763>
320.4975 	EXP 	line1: autoDraw = True
320.4975 	EXP 	line2: autoDraw = True
320.4975 	EXP 	line3: autoDraw = True
320.4975 	EXP 	line4: autoDraw = True
320.5126 	EXP 	fixation: autoDraw = False
321.4977 	INFO 	Keyboard events cleared
321.4975 	EXP 	probe: autoDraw = True
321.7642 	EXP 	Device response: <KeyPress from None: t=321.76175460001105, value=x, duration=None>
321.7645 	EXP 	New trial (rep=32, index=1): <Trial 129 (1 in rep 32) data={'pos': np.int64(150), 'corr_resp': 'v', 'thisN': 129, 'thisTrialN': 1, 'thisRepN': 32}>
321.7656 	DATA 	Keypress: x
321.7798 	EXP 	fixation: autoDraw = False
321.7798 	EXP 	line1: autoDraw = False
321.7798 	EXP 	line2: autoDraw = False
321.7798 	EXP 	line3: autoDraw = False
321.7798 	EXP 	line4: autoDraw = False
321.7798 	EXP 	probe: autoDraw = False
321.7798 	EXP 	fixation: autoDraw = True
321.8309 	EXP 	Device response: <KeyPress from None: t=321.76175460001105, value=x, duration=0.06710349998320453>
322.7798 	EXP 	fixation: autoDraw = False
322.7798 	EXP 	line1: autoDraw = True
322.7798 	EXP 	line2: autoDraw = True
322.7798 	EXP 	line3: autoDraw = True
322.7798 	EXP 	line4: autoDraw = True
323.7809 	INFO 	Keyboard events cleared
323.7807 	EXP 	probe: autoDraw = True
324.0638 	EXP 	Device response: <KeyPress from None: t=324.0596188000054, value=v, duration=None>
324.0642 	EXP 	New trial (rep=32, index=2): <Trial 130 (2 in rep 32) data={'pos': np.int64(50), 'corr_resp': 'c', 'thisN': 130, 'thisTrialN': 2, 'thisRepN': 32}>
324.0653 	DATA 	Keypress: v
324.0792 	EXP 	fixation: autoDraw = False
324.0792 	EXP 	line1: autoDraw = False
324.0792 	EXP 	line2: autoDraw = False
324.0792 	EXP 	line3: autoDraw = False
324.0792 	EXP 	line4: autoDraw = False
324.0792 	EXP 	probe: autoDraw = False
324.0792 	EXP 	fixation: autoDraw = True
324.1641 	EXP 	Device response: <KeyPress from None: t=324.0596188000054, value=v, duration=0.09141890000319108>
325.0647 	EXP 	line1: autoDraw = True
325.0647 	EXP 	line2: autoDraw = True
325.0647 	EXP 	line3: autoDraw = True
325.0647 	EXP 	line4: autoDraw = True
325.0808 	EXP 	fixation: autoDraw = False
326.0641 	INFO 	Keyboard events cleared
326.0638 	EXP 	probe: autoDraw = True
326.2468 	EXP 	Device response: <KeyPress from None: t=326.2458919000055, value=c, duration=None>
326.2472 	EXP 	New trial (rep=32, index=3): <Trial 131 (3 in rep 32) data={'pos': np.int64(-150), 'corr_resp': 'z', 'thisN': 131, 'thisTrialN': 3, 'thisRepN': 32}>
326.2483 	DATA 	Keypress: c
326.2634 	EXP 	fixation: autoDraw = False
326.2634 	EXP 	line1: autoDraw = False
326.2634 	EXP 	line2: autoDraw = False
326.2634 	EXP 	line3: autoDraw = False
326.2634 	EXP 	line4: autoDraw = False
326.2634 	EXP 	probe: autoDraw = False
326.2634 	EXP 	fixation: autoDraw = True
326.3316 	EXP 	Device response: <KeyPress from None: t=326.2458919000055, value=c, duration=0.07651610000175424>
327.2480 	EXP 	line1: autoDraw = True
327.2480 	EXP 	line2: autoDraw = True
327.2480 	EXP 	line3: autoDraw = True
327.2480 	EXP 	line4: autoDraw = True
327.2626 	EXP 	fixation: autoDraw = False
328.2478 	INFO 	Keyboard events cleared
328.2476 	EXP 	probe: autoDraw = True
328.5145 	EXP 	Device response: <KeyPress from None: t=328.5110757999937, value=z, duration=None>
328.5148 	EXP 	New trial (rep=33, index=0): <Trial 132 (0 in rep 33) data={'pos': np.int64(-50), 'corr_resp': 'x', 'thisN': 132, 'thisTrialN': 0, 'thisRepN': 33}>
328.5161 	DATA 	Keypress: z
328.5293 	EXP 	fixation: autoDraw = False
328.5293 	EXP 	line1: autoDraw = False
328.5293 	EXP 	line2: autoDraw = False
328.5293 	EXP 	line3: autoDraw = False
328.5293 	EXP 	line4: autoDraw = False
328.5293 	EXP 	probe: autoDraw = False
328.5293 	EXP 	fixation: autoDraw = True
328.6305 	EXP 	Device response: <KeyPress from None: t=328.5110757999937, value=z, duration=0.11109790002228692>
329.5141 	EXP 	line1: autoDraw = True
329.5141 	EXP 	line2: autoDraw = True
329.5141 	EXP 	line3: autoDraw = True
329.5141 	EXP 	line4: autoDraw = True
329.5307 	EXP 	fixation: autoDraw = False
330.5146 	INFO 	Keyboard events cleared
330.5144 	EXP 	probe: autoDraw = True
330.7467 	EXP 	Device response: <KeyPress from None: t=330.74125749999075, value=x, duration=None>
330.7470 	EXP 	New trial (rep=33, index=1): <Trial 133 (1 in rep 33) data={'pos': np.int64(150), 'corr_resp': 'v', 'thisN': 133, 'thisTrialN': 1, 'thisRepN': 33}>
330.7482 	DATA 	Keypress: x
330.7632 	EXP 	fixation: autoDraw = False
330.7632 	EXP 	line1: autoDraw = False
330.7632 	EXP 	line2: autoDraw = False
330.7632 	EXP 	line3: autoDraw = False
330.7632 	EXP 	line4: autoDraw = False
330.7632 	EXP 	probe: autoDraw = False
330.7632 	EXP 	fixation: autoDraw = True
330.8466 	EXP 	Device response: <KeyPress from None: t=330.74125749999075, value=x, duration=0.08834060002118349>
331.7477 	EXP 	line1: autoDraw = True
331.7477 	EXP 	line2: autoDraw = True
331.7477 	EXP 	line3: autoDraw = True
331.7477 	EXP 	line4: autoDraw = True
331.7645 	EXP 	fixation: autoDraw = False
332.7468 	INFO 	Keyboard events cleared
332.7466 	EXP 	probe: autoDraw = True
333.0486 	EXP 	Device response: <KeyPress from None: t=333.03923990001203, value=v, duration=None>
333.0490 	EXP 	New trial (rep=33, index=2): <Trial 134 (2 in rep 33) data={'pos': np.int64(50), 'corr_resp': 'c', 'thisN': 134, 'thisTrialN': 2, 'thisRepN': 33}>
333.0501 	DATA 	Keypress: v
333.0633 	EXP 	fixation: autoDraw = False
333.0633 	EXP 	line1: autoDraw = False
333.0633 	EXP 	line2: autoDraw = False
333.0633 	EXP 	line3: autoDraw = False
333.0633 	EXP 	line4: autoDraw = False
333.0633 	EXP 	probe: autoDraw = False
333.0633 	EXP 	fixation: autoDraw = True
333.1310 	EXP 	Device response: <KeyPress from None: t=333.03923990001203, value=v, duration=0.08682599998428486>
334.0645 	EXP 	fixation: autoDraw = False
334.0645 	EXP 	line1: autoDraw = True
334.0645 	EXP 	line2: autoDraw = True
334.0645 	EXP 	line3: autoDraw = True
334.0645 	EXP 	line4: autoDraw = True
335.0644 	INFO 	Keyboard events cleared
335.0642 	EXP 	probe: autoDraw = True
335.3497 	DATA 	Keypress: c
335.3642 	EXP 	Device response: <KeyPress from None: t=335.34762640000554, value=c, duration=None>
335.3646 	EXP 	New trial (rep=33, index=3): <Trial 135 (3 in rep 33) data={'pos': np.int64(-150), 'corr_resp': 'z', 'thisN': 135, 'thisTrialN': 3, 'thisRepN': 33}>
335.3808 	EXP 	fixation: autoDraw = False
335.3808 	EXP 	line1: autoDraw = False
335.3808 	EXP 	line2: autoDraw = False
335.3808 	EXP 	line3: autoDraw = False
335.3808 	EXP 	line4: autoDraw = False
335.3808 	EXP 	probe: autoDraw = False
335.3808 	EXP 	fixation: autoDraw = True
335.4473 	EXP 	Device response: <KeyPress from None: t=335.34762640000554, value=c, duration=0.0860003000125289>
336.3648 	EXP 	line1: autoDraw = True
336.3648 	EXP 	line2: autoDraw = True
336.3648 	EXP 	line3: autoDraw = True
336.3648 	EXP 	line4: autoDraw = True
336.3802 	EXP 	fixation: autoDraw = False
337.3647 	INFO 	Keyboard events cleared
337.3645 	EXP 	probe: autoDraw = True
337.6805 	EXP 	Device response: <KeyPress from None: t=337.6715829000168, value=z, duration=None>
337.6810 	EXP 	New trial (rep=34, index=0): <Trial 136 (0 in rep 34) data={'pos': np.int64(-50), 'corr_resp': 'x', 'thisN': 136, 'thisTrialN': 0, 'thisRepN': 34}>
337.6822 	DATA 	Keypress: z
337.6974 	EXP 	fixation: autoDraw = False
337.6974 	EXP 	line1: autoDraw = False
337.6974 	EXP 	line2: autoDraw = False
337.6974 	EXP 	line3: autoDraw = False
337.6974 	EXP 	line4: autoDraw = False
337.6974 	EXP 	probe: autoDraw = False
337.6974 	EXP 	fixation: autoDraw = True
337.7816 	EXP 	Device response: <KeyPress from None: t=337.6715829000168, value=z, duration=0.09677239999291487>
338.6808 	EXP 	line1: autoDraw = True
338.6808 	EXP 	line2: autoDraw = True
338.6808 	EXP 	line3: autoDraw = True
338.6808 	EXP 	line4: autoDraw = True
338.6975 	EXP 	fixation: autoDraw = False
339.6976 	INFO 	Keyboard events cleared
339.6974 	EXP 	probe: autoDraw = True
339.9811 	EXP 	Device response: <KeyPress from None: t=339.97562790001393, value=x, duration=None>
339.9815 	EXP 	New trial (rep=34, index=1): <Trial 137 (1 in rep 34) data={'pos': np.int64(150), 'corr_resp': 'v', 'thisN': 137, 'thisTrialN': 1, 'thisRepN': 34}>
339.9827 	DATA 	Keypress: x
339.9962 	EXP 	fixation: autoDraw = False
339.9962 	EXP 	line1: autoDraw = False
339.9962 	EXP 	line2: autoDraw = False
339.9962 	EXP 	line3: autoDraw = False
339.9962 	EXP 	line4: autoDraw = False
339.9962 	EXP 	probe: autoDraw = False
339.9962 	EXP 	fixation: autoDraw = True
340.1147 	EXP 	Device response: <KeyPress from None: t=339.97562790001393, value=x, duration=0.12103579999529757>
340.9964 	EXP 	fixation: autoDraw = False
340.9964 	EXP 	line1: autoDraw = True
340.9964 	EXP 	line2: autoDraw = True
340.9964 	EXP 	line3: autoDraw = True
340.9964 	EXP 	line4: autoDraw = True
341.9811 	INFO 	Keyboard events cleared
341.9808 	EXP 	probe: autoDraw = True
342.2484 	EXP 	Device response: <KeyPress from None: t=342.2414250000147, value=v, duration=None>
342.2489 	EXP 	New trial (rep=34, index=2): <Trial 138 (2 in rep 34) data={'pos': np.int64(50), 'corr_resp': 'c', 'thisN': 138, 'thisTrialN': 2, 'thisRepN': 34}>
342.2503 	DATA 	Keypress: v
342.2627 	EXP 	fixation: autoDraw = False
342.2627 	EXP 	line1: autoDraw = False
342.2627 	EXP 	line2: autoDraw = False
342.2627 	EXP 	line3: autoDraw = False
342.2627 	EXP 	line4: autoDraw = False
342.2627 	EXP 	probe: autoDraw = False
342.2627 	EXP 	fixation: autoDraw = True
342.3479 	EXP 	Device response: <KeyPress from None: t=342.2414250000147, value=v, duration=0.09295089999795891>
343.2483 	EXP 	line1: autoDraw = True
343.2483 	EXP 	line2: autoDraw = True
343.2483 	EXP 	line3: autoDraw = True
343.2483 	EXP 	line4: autoDraw = True
343.2645 	EXP 	fixation: autoDraw = False
344.2484 	INFO 	Keyboard events cleared
344.2482 	EXP 	probe: autoDraw = True
344.5317 	EXP 	Device response: <KeyPress from None: t=344.5190635000181, value=c, duration=None>
344.5322 	EXP 	New trial (rep=34, index=3): <Trial 139 (3 in rep 34) data={'pos': np.int64(-150), 'corr_resp': 'z', 'thisN': 139, 'thisTrialN': 3, 'thisRepN': 34}>
344.5337 	DATA 	Keypress: c
344.5461 	EXP 	fixation: autoDraw = False
344.5461 	EXP 	line1: autoDraw = False
344.5461 	EXP 	line2: autoDraw = False
344.5461 	EXP 	line3: autoDraw = False
344.5461 	EXP 	line4: autoDraw = False
344.5461 	EXP 	probe: autoDraw = False
344.5461 	EXP 	fixation: autoDraw = True
344.5975 	EXP 	Device response: <KeyPress from None: t=344.5190635000181, value=c, duration=0.0771416999923531>
345.5479 	EXP 	fixation: autoDraw = False
345.5479 	EXP 	line1: autoDraw = True
345.5479 	EXP 	line2: autoDraw = True
345.5479 	EXP 	line3: autoDraw = True
345.5479 	EXP 	line4: autoDraw = True
346.5309 	INFO 	Keyboard events cleared
346.5307 	EXP 	probe: autoDraw = True
346.9339 	DATA 	Keypress: z
346.9467 	EXP 	Device response: <KeyPress from None: t=346.93265080000856, value=z, duration=None>
346.9471 	EXP 	New trial (rep=35, index=0): <Trial 140 (0 in rep 35) data={'pos': np.int64(-50), 'corr_resp': 'x', 'thisN': 140, 'thisTrialN': 0, 'thisRepN': 35}>
346.9636 	EXP 	fixation: autoDraw = False
346.9636 	EXP 	line1: autoDraw = False
346.9636 	EXP 	line2: autoDraw = False
346.9636 	EXP 	line3: autoDraw = False
346.9636 	EXP 	line4: autoDraw = False
346.9636 	EXP 	probe: autoDraw = False
346.9636 	EXP 	fixation: autoDraw = True
347.0319 	EXP 	Device response: <KeyPress from None: t=346.93265080000856, value=z, duration=0.08792789999279194>
347.9479 	EXP 	line1: autoDraw = True
347.9479 	EXP 	line2: autoDraw = True
347.9479 	EXP 	line3: autoDraw = True
347.9479 	EXP 	line4: autoDraw = True
347.9644 	EXP 	fixation: autoDraw = False
348.9481 	INFO 	Keyboard events cleared
348.9479 	EXP 	probe: autoDraw = True
349.3146 	EXP 	Device response: <KeyPress from None: t=349.3022922000091, value=x, duration=None>
349.3149 	EXP 	New trial (rep=35, index=1): <Trial 141 (1 in rep 35) data={'pos': np.int64(150), 'corr_resp': 'v', 'thisN': 141, 'thisTrialN': 1, 'thisRepN': 35}>
349.3161 	DATA 	Keypress: x
349.3296 	EXP 	fixation: autoDraw = False
349.3296 	EXP 	line1: autoDraw = False
349.3296 	EXP 	line2: autoDraw = False
349.3296 	EXP 	line3: autoDraw = False
349.3296 	EXP 	line4: autoDraw = False
349.3296 	EXP 	probe: autoDraw = False
349.3296 	EXP 	fixation: autoDraw = True
349.4144 	EXP 	Device response: <KeyPress from None: t=349.3022922000091, value=x, duration=0.09531370000331663>
350.3149 	EXP 	line1: autoDraw = True
350.3149 	EXP 	line2: autoDraw = True
350.3149 	EXP 	line3: autoDraw = True
350.3149 	EXP 	line4: autoDraw = True
350.3305 	EXP 	fixation: autoDraw = False
351.3151 	INFO 	Keyboard events cleared
351.3148 	EXP 	probe: autoDraw = True
351.6834 	DATA 	Keypress: v
351.6975 	EXP 	Device response: <KeyPress from None: t=351.6811139000056, value=v, duration=None>
351.6979 	EXP 	New trial (rep=35, index=2): <Trial 142 (2 in rep 35) data={'pos': np.int64(50), 'corr_resp': 'c', 'thisN': 142, 'thisTrialN': 2, 'thisRepN': 35}>
351.7146 	EXP 	fixation: autoDraw = False
351.7146 	EXP 	line1: autoDraw = False
351.7146 	EXP 	line2: autoDraw = False
351.7146 	EXP 	line3: autoDraw = False
351.7146 	EXP 	line4: autoDraw = False
351.7146 	EXP 	probe: autoDraw = False
351.7146 	EXP 	fixation: autoDraw = True
351.7818 	EXP 	Device response: <KeyPress from None: t=351.6811139000056, value=v, duration=0.09583569999085739>
352.6983 	EXP 	line1: autoDraw = True
352.6983 	EXP 	line2: autoDraw = True
352.6983 	EXP 	line3: autoDraw = True
352.6983 	EXP 	line4: autoDraw = True
352.7149 	EXP 	fixation: autoDraw = False
353.6979 	INFO 	Keyboard events cleared
353.6977 	EXP 	probe: autoDraw = True
353.9639 	EXP 	Device response: <KeyPress from None: t=353.9589008000039, value=c, duration=None>
353.9643 	EXP 	New trial (rep=35, index=3): <Trial 143 (3 in rep 35) data={'pos': np.int64(-150), 'corr_resp': 'z', 'thisN': 143, 'thisTrialN': 3, 'thisRepN': 35}>
353.9655 	DATA 	Keypress: c
353.9803 	EXP 	fixation: autoDraw = False
353.9803 	EXP 	line1: autoDraw = False
353.9803 	EXP 	line2: autoDraw = False
353.9803 	EXP 	line3: autoDraw = False
353.9803 	EXP 	line4: autoDraw = False
353.9803 	EXP 	probe: autoDraw = False
353.9803 	EXP 	fixation: autoDraw = True
354.0485 	EXP 	Device response: <KeyPress from None: t=353.9589008000039, value=c, duration=0.08459049998782575>
354.9648 	EXP 	line1: autoDraw = True
354.9648 	EXP 	line2: autoDraw = True
354.9648 	EXP 	line3: autoDraw = True
354.9648 	EXP 	line4: autoDraw = True
354.9802 	EXP 	fixation: autoDraw = False
355.9649 	INFO 	Keyboard events cleared
355.9647 	EXP 	probe: autoDraw = True
356.2314 	EXP 	Device response: <KeyPress from None: t=356.22661199999857, value=z, duration=None>
356.2319 	EXP 	New trial (rep=36, index=0): <Trial 144 (0 in rep 36) data={'pos': np.int64(-50), 'corr_resp': 'x', 'thisN': 144, 'thisTrialN': 0, 'thisRepN': 36}>
356.2334 	DATA 	Keypress: z
356.2470 	EXP 	fixation: autoDraw = False
356.2470 	EXP 	line1: autoDraw = False
356.2470 	EXP 	line2: autoDraw = False
356.2470 	EXP 	line3: autoDraw = False
356.2470 	EXP 	line4: autoDraw = False
356.2470 	EXP 	probe: autoDraw = False
356.2470 	EXP 	fixation: autoDraw = True
356.3640 	EXP 	Device response: <KeyPress from None: t=356.22661199999857, value=z, duration=0.1295142000017222>
357.2477 	EXP 	fixation: autoDraw = False
357.2477 	EXP 	line1: autoDraw = True
357.2477 	EXP 	line2: autoDraw = True
357.2477 	EXP 	line3: autoDraw = True
357.2477 	EXP 	line4: autoDraw = True
358.2316 	INFO 	Keyboard events cleared
358.2313 	EXP 	probe: autoDraw = True
358.4978 	EXP 	Device response: <KeyPress from None: t=358.48394229999394, value=x, duration=None>
358.4982 	EXP 	New trial (rep=36, index=1): <Trial 145 (1 in rep 36) data={'pos': np.int64(150), 'corr_resp': 'v', 'thisN': 145, 'thisTrialN': 1, 'thisRepN': 36}>
358.4994 	DATA 	Keypress: x
358.5148 	EXP 	fixation: autoDraw = False
358.5148 	EXP 	line1: autoDraw = False
358.5148 	EXP 	line2: autoDraw = False
358.5148 	EXP 	line3: autoDraw = False
358.5148 	EXP 	line4: autoDraw = False
358.5148 	EXP 	probe: autoDraw = False
358.5148 	EXP 	fixation: autoDraw = True
358.5651 	EXP 	Device response: <KeyPress from None: t=358.48394229999394, value=x, duration=0.07761540001956746>
359.4981 	EXP 	line1: autoDraw = True
359.4981 	EXP 	line2: autoDraw = True
359.4981 	EXP 	line3: autoDraw = True
359.4981 	EXP 	line4: autoDraw = True
359.5149 	EXP 	fixation: autoDraw = False
360.4980 	INFO 	Keyboard events cleared
360.4978 	EXP 	probe: autoDraw = True
360.8652 	EXP 	Device response: <KeyPress from None: t=360.8615931000095, value=v, duration=None>
360.8655 	EXP 	New trial (rep=36, index=2): <Trial 146 (2 in rep 36) data={'pos': np.int64(50), 'corr_resp': 'c', 'thisN': 146, 'thisTrialN': 2, 'thisRepN': 36}>
360.8667 	DATA 	Keypress: v
360.8806 	EXP 	fixation: autoDraw = False
360.8806 	EXP 	line1: autoDraw = False
360.8806 	EXP 	line2: autoDraw = False
360.8806 	EXP 	line3: autoDraw = False
360.8806 	EXP 	line4: autoDraw = False
360.8806 	EXP 	probe: autoDraw = False
360.8806 	EXP 	fixation: autoDraw = True
360.9823 	EXP 	Device response: <KeyPress from None: t=360.8615931000095, value=v, duration=0.11122409999370575>
361.8653 	EXP 	line1: autoDraw = True
361.8653 	EXP 	line2: autoDraw = True
361.8653 	EXP 	line3: autoDraw = True
361.8653 	EXP 	line4: autoDraw = True
361.8814 	EXP 	fixation: autoDraw = False
362.8641 	INFO 	Keyboard events cleared
362.8639 	EXP 	probe: autoDraw = True
363.1646 	EXP 	Device response: <KeyPress from None: t=363.1639844000165, value=c, duration=None>
363.1650 	EXP 	New trial (rep=36, index=3): <Trial 147 (3 in rep 36) data={'pos': np.int64(-150), 'corr_resp': 'z', 'thisN': 147, 'thisTrialN': 3, 'thisRepN': 36}>
363.1662 	DATA 	Keypress: c
363.1805 	EXP 	fixation: autoDraw = False
363.1805 	EXP 	line1: autoDraw = False
363.1805 	EXP 	line2: autoDraw = False
363.1805 	EXP 	line3: autoDraw = False
363.1805 	EXP 	line4: autoDraw = False
363.1805 	EXP 	probe: autoDraw = False
363.1805 	EXP 	fixation: autoDraw = True
363.2655 	EXP 	Device response: <KeyPress from None: t=363.1639844000165, value=c, duration=0.09139229997526854>
364.1640 	EXP 	line1: autoDraw = True
364.1640 	EXP 	line2: autoDraw = True
364.1640 	EXP 	line3: autoDraw = True
364.1640 	EXP 	line4: autoDraw = True
364.1816 	EXP 	fixation: autoDraw = False
365.1647 	INFO 	Keyboard events cleared
365.1645 	EXP 	probe: autoDraw = True
365.4811 	EXP 	Device response: <KeyPress from None: t=365.4669938000152, value=z, duration=None>
365.4815 	EXP 	New trial (rep=37, index=0): <Trial 148 (0 in rep 37) data={'pos': np.int64(-50), 'corr_resp': 'x', 'thisN': 148, 'thisTrialN': 0, 'thisRepN': 37}>
365.4827 	DATA 	Keypress: z
365.4983 	EXP 	fixation: autoDraw = False
365.4983 	EXP 	line1: autoDraw = False
365.4983 	EXP 	line2: autoDraw = False
365.4983 	EXP 	line3: autoDraw = False
365.4983 	EXP 	line4: autoDraw = False
365.4983 	EXP 	probe: autoDraw = False
365.4983 	EXP 	fixation: autoDraw = True
365.5654 	EXP 	Device response: <KeyPress from None: t=365.4669938000152, value=z, duration=0.0863997999986168>
366.4814 	EXP 	line1: autoDraw = True
366.4814 	EXP 	line2: autoDraw = True
366.4814 	EXP 	line3: autoDraw = True
366.4814 	EXP 	line4: autoDraw = True
366.4984 	EXP 	fixation: autoDraw = False
367.4985 	INFO 	Keyboard events cleared
367.4983 	EXP 	probe: autoDraw = True
367.7992 	EXP 	Device response: <KeyPress from None: t=367.79023780001444, value=x, duration=None>
367.7997 	EXP 	New trial (rep=37, index=1): <Trial 149 (1 in rep 37) data={'pos': np.int64(150), 'corr_resp': 'v', 'thisN': 149, 'thisTrialN': 1, 'thisRepN': 37}>
367.8011 	DATA 	Keypress: x
367.8138 	EXP 	fixation: autoDraw = False
367.8138 	EXP 	line1: autoDraw = False
367.8138 	EXP 	line2: autoDraw = False
367.8138 	EXP 	line3: autoDraw = False
367.8138 	EXP 	line4: autoDraw = False
367.8138 	EXP 	probe: autoDraw = False
367.8138 	EXP 	fixation: autoDraw = True
367.8809 	EXP 	Device response: <KeyPress from None: t=367.79023780001444, value=x, duration=0.08219149999786168>
368.8151 	EXP 	fixation: autoDraw = False
368.8151 	EXP 	line1: autoDraw = True
368.8151 	EXP 	line2: autoDraw = True
368.8151 	EXP 	line3: autoDraw = True
368.8151 	EXP 	line4: autoDraw = True
369.8149 	INFO 	Keyboard events cleared
369.8147 	EXP 	probe: autoDraw = True
370.1310 	EXP 	Device response: <KeyPress from None: t=370.1182253000152, value=v, duration=None>
370.1314 	EXP 	New trial (rep=37, index=2): <Trial 150 (2 in rep 37) data={'pos': np.int64(50), 'corr_resp': 'c', 'thisN': 150, 'thisTrialN': 2, 'thisRepN': 37}>
370.1325 	DATA 	Keypress: v
370.1466 	EXP 	fixation: autoDraw = False
370.1466 	EXP 	line1: autoDraw = False
370.1466 	EXP 	line2: autoDraw = False
370.1466 	EXP 	line3: autoDraw = False
370.1466 	EXP 	line4: autoDraw = False
370.1466 	EXP 	probe: autoDraw = False
370.1466 	EXP 	fixation: autoDraw = True
370.2140 	EXP 	Device response: <KeyPress from None: t=370.1182253000152, value=v, duration=0.09070579998660833>
371.1309 	EXP 	line1: autoDraw = True
371.1309 	EXP 	line2: autoDraw = True
371.1309 	EXP 	line3: autoDraw = True
371.1309 	EXP 	line4: autoDraw = True
371.1481 	EXP 	fixation: autoDraw = False
372.1310 	INFO 	Keyboard events cleared
372.1308 	EXP 	probe: autoDraw = True
372.3975 	EXP 	Device response: <KeyPress from None: t=372.38780860000406, value=c, duration=None>
372.3978 	EXP 	New trial (rep=37, index=3): <Trial 151 (3 in rep 37) data={'pos': np.int64(-150), 'corr_resp': 'z', 'thisN': 151, 'thisTrialN': 3, 'thisRepN': 37}>
372.3989 	DATA 	Keypress: c
372.4150 	EXP 	fixation: autoDraw = False
372.4150 	EXP 	line1: autoDraw = False
372.4150 	EXP 	line2: autoDraw = False
372.4150 	EXP 	line3: autoDraw = False
372.4150 	EXP 	line4: autoDraw = False
372.4150 	EXP 	probe: autoDraw = False
372.4150 	EXP 	fixation: autoDraw = True
372.4491 	EXP 	Device response: <KeyPress from None: t=372.38780860000406, value=c, duration=0.058614999987185>
373.3975 	EXP 	line1: autoDraw = True
373.3975 	EXP 	line2: autoDraw = True
373.3975 	EXP 	line3: autoDraw = True
373.3975 	EXP 	line4: autoDraw = True
373.4140 	EXP 	fixation: autoDraw = False
374.3987 	INFO 	Keyboard events cleared
374.3985 	EXP 	probe: autoDraw = True
374.7821 	EXP 	Device response: <KeyPress from None: t=374.77341490000254, value=z, duration=None>
374.7826 	EXP 	New trial (rep=38, index=0): <Trial 152 (0 in rep 38) data={'pos': np.int64(-50), 'corr_resp': 'x', 'thisN': 152, 'thisTrialN': 0, 'thisRepN': 38}>
374.7841 	DATA 	Keypress: z
374.7965 	EXP 	fixation: autoDraw = False
374.7965 	EXP 	line1: autoDraw = False
374.7965 	EXP 	line2: autoDraw = False
374.7965 	EXP 	line3: autoDraw = False
374.7965 	EXP 	line4: autoDraw = False
374.7965 	EXP 	probe: autoDraw = False
374.7965 	EXP 	fixation: autoDraw = True
374.8818 	EXP 	Device response: <KeyPress from None: t=374.77341490000254, value=z, duration=0.10418480000225827>
375.7977 	EXP 	fixation: autoDraw = False
375.7977 	EXP 	line1: autoDraw = True
375.7977 	EXP 	line2: autoDraw = True
375.7977 	EXP 	line3: autoDraw = True
375.7977 	EXP 	line4: autoDraw = True
376.7803 	INFO 	Keyboard events cleared
376.7802 	EXP 	probe: autoDraw = True
377.0972 	EXP 	Device response: <KeyPress from None: t=377.09184589999495, value=x, duration=None>
377.0976 	EXP 	New trial (rep=38, index=1): <Trial 153 (1 in rep 38) data={'pos': np.int64(150), 'corr_resp': 'v', 'thisN': 153, 'thisTrialN': 1, 'thisRepN': 38}>
377.0993 	DATA 	Keypress: x
377.1146 	EXP 	fixation: autoDraw = False
377.1146 	EXP 	line1: autoDraw = False
377.1146 	EXP 	line2: autoDraw = False
377.1146 	EXP 	line3: autoDraw = False
377.1146 	EXP 	line4: autoDraw = False
377.1146 	EXP 	probe: autoDraw = False
377.1146 	EXP 	fixation: autoDraw = True
377.2325 	EXP 	Device response: <KeyPress from None: t=377.09184589999495, value=x, duration=0.13143040001159534>
378.1148 	EXP 	fixation: autoDraw = False
378.1148 	EXP 	line1: autoDraw = True
378.1148 	EXP 	line2: autoDraw = True
378.1148 	EXP 	line3: autoDraw = True
378.1148 	EXP 	line4: autoDraw = True
379.0990 	INFO 	Keyboard events cleared
379.0988 	EXP 	probe: autoDraw = True
379.4333 	DATA 	Keypress: v
379.4479 	EXP 	Device response: <KeyPress from None: t=379.4318157999951, value=v, duration=None>
379.4483 	EXP 	New trial (rep=38, index=2): <Trial 154 (2 in rep 38) data={'pos': np.int64(50), 'corr_resp': 'c', 'thisN': 154, 'thisTrialN': 2, 'thisRepN': 38}>
379.4649 	EXP 	fixation: autoDraw = False
379.4649 	EXP 	line1: autoDraw = False
379.4649 	EXP 	line2: autoDraw = False
379.4649 	EXP 	line3: autoDraw = False
379.4649 	EXP 	line4: autoDraw = False
379.4649 	EXP 	probe: autoDraw = False
379.4649 	EXP 	fixation: autoDraw = True
379.5158 	EXP 	Device response: <KeyPress from None: t=379.4318157999951, value=v, duration=0.07377640000777319>
380.4486 	EXP 	line1: autoDraw = True
380.4486 	EXP 	line2: autoDraw = True
380.4486 	EXP 	line3: autoDraw = True
380.4486 	EXP 	line4: autoDraw = True
380.4648 	EXP 	fixation: autoDraw = False
381.4488 	INFO 	Keyboard events cleared
381.4485 	EXP 	probe: autoDraw = True
381.8988 	EXP 	Device response: <KeyPress from None: t=381.8950104000105, value=c, duration=None>
381.8993 	EXP 	New trial (rep=38, index=3): <Trial 155 (3 in rep 38) data={'pos': np.int64(-150), 'corr_resp': 'z', 'thisN': 155, 'thisTrialN': 3, 'thisRepN': 38}>
381.9005 	DATA 	Keypress: c
381.9134 	EXP 	fixation: autoDraw = False
381.9134 	EXP 	line1: autoDraw = False
381.9134 	EXP 	line2: autoDraw = False
381.9134 	EXP 	line3: autoDraw = False
381.9134 	EXP 	line4: autoDraw = False
381.9134 	EXP 	probe: autoDraw = False
381.9134 	EXP 	fixation: autoDraw = True
381.9819 	EXP 	Device response: <KeyPress from None: t=381.8950104000105, value=c, duration=0.08094939999864437>
382.8988 	EXP 	line1: autoDraw = True
382.8988 	EXP 	line2: autoDraw = True
382.8988 	EXP 	line3: autoDraw = True
382.8988 	EXP 	line4: autoDraw = True
382.9148 	EXP 	fixation: autoDraw = False
383.9151 	INFO 	Keyboard events cleared
383.9148 	EXP 	probe: autoDraw = True
384.2814 	EXP 	Device response: <KeyPress from None: t=384.2773243999982, value=z, duration=None>
384.2818 	EXP 	New trial (rep=39, index=0): <Trial 156 (0 in rep 39) data={'pos': np.int64(-50), 'corr_resp': 'x', 'thisN': 156, 'thisTrialN': 0, 'thisRepN': 39}>
384.2830 	DATA 	Keypress: z
384.2967 	EXP 	fixation: autoDraw = False
384.2967 	EXP 	line1: autoDraw = False
384.2967 	EXP 	line2: autoDraw = False
384.2967 	EXP 	line3: autoDraw = False
384.2967 	EXP 	line4: autoDraw = False
384.2967 	EXP 	probe: autoDraw = False
384.2967 	EXP 	fixation: autoDraw = True
384.3819 	EXP 	Device response: <KeyPress from None: t=384.2773243999982, value=z, duration=0.0906202000041958>
385.2807 	EXP 	line1: autoDraw = True
385.2807 	EXP 	line2: autoDraw = True
385.2807 	EXP 	line3: autoDraw = True
385.2807 	EXP 	line4: autoDraw = True
385.2983 	EXP 	fixation: autoDraw = False
386.2818 	INFO 	Keyboard events cleared
386.2816 	EXP 	probe: autoDraw = True
386.5815 	EXP 	Device response: <KeyPress from None: t=386.5757070000109, value=x, duration=None>
386.5818 	EXP 	New trial (rep=39, index=1): <Trial 157 (1 in rep 39) data={'pos': np.int64(150), 'corr_resp': 'v', 'thisN': 157, 'thisTrialN': 1, 'thisRepN': 39}>
386.5829 	DATA 	Keypress: x
386.5975 	EXP 	fixation: autoDraw = False
386.5975 	EXP 	line1: autoDraw = False
386.5975 	EXP 	line2: autoDraw = False
386.5975 	EXP 	line3: autoDraw = False
386.5975 	EXP 	line4: autoDraw = False
386.5975 	EXP 	probe: autoDraw = False
386.5975 	EXP 	fixation: autoDraw = True
386.6974 	EXP 	Device response: <KeyPress from None: t=386.5757070000109, value=x, duration=0.10752510000020266>
387.5814 	EXP 	line1: autoDraw = True
387.5814 	EXP 	line2: autoDraw = True
387.5814 	EXP 	line3: autoDraw = True
387.5814 	EXP 	line4: autoDraw = True
387.5971 	EXP 	fixation: autoDraw = False
388.5822 	INFO 	Keyboard events cleared
388.5820 	EXP 	probe: autoDraw = True
388.8327 	EXP 	Device response: <KeyPress from None: t=388.82289569999557, value=v, duration=None>
388.8332 	EXP 	New trial (rep=39, index=2): <Trial 158 (2 in rep 39) data={'pos': np.int64(50), 'corr_resp': 'c', 'thisN': 158, 'thisTrialN': 2, 'thisRepN': 39}>
388.8345 	DATA 	Keypress: v
388.8481 	EXP 	fixation: autoDraw = False
388.8481 	EXP 	line1: autoDraw = False
388.8481 	EXP 	line2: autoDraw = False
388.8481 	EXP 	line3: autoDraw = False
388.8481 	EXP 	line4: autoDraw = False
388.8481 	EXP 	probe: autoDraw = False
388.8481 	EXP 	fixation: autoDraw = True
388.9308 	EXP 	Device response: <KeyPress from None: t=388.82289569999557, value=v, duration=0.09298680000938475>
389.8488 	EXP 	fixation: autoDraw = False
389.8488 	EXP 	line1: autoDraw = True
389.8488 	EXP 	line2: autoDraw = True
389.8488 	EXP 	line3: autoDraw = True
389.8488 	EXP 	line4: autoDraw = True
390.8321 	INFO 	Keyboard events cleared
390.8319 	EXP 	probe: autoDraw = True
391.4148 	EXP 	Device response: <KeyPress from None: t=391.4067493000184, value=c, duration=None>
391.4152 	EXP 	New trial (rep=39, index=3): <Trial 159 (3 in rep 39) data={'pos': np.int64(-150), 'corr_resp': 'z', 'thisN': 159, 'thisTrialN': 3, 'thisRepN': 39}>
391.4163 	DATA 	Keypress: c
391.4301 	EXP 	fixation: autoDraw = False
391.4301 	EXP 	line1: autoDraw = False
391.4301 	EXP 	line2: autoDraw = False
391.4301 	EXP 	line3: autoDraw = False
391.4301 	EXP 	line4: autoDraw = False
391.4301 	EXP 	probe: autoDraw = False
391.4301 	EXP 	fixation: autoDraw = True
391.5158 	EXP 	Device response: <KeyPress from None: t=391.4067493000184, value=c, duration=0.10392059999867342>
392.4136 	EXP 	line1: autoDraw = True
392.4136 	EXP 	line2: autoDraw = True
392.4136 	EXP 	line3: autoDraw = True
392.4136 	EXP 	line4: autoDraw = True
392.4315 	EXP 	fixation: autoDraw = False
393.4159 	INFO 	Keyboard events cleared
393.4157 	EXP 	probe: autoDraw = True
393.7316 	EXP 	Device response: <KeyPress from None: t=393.7258862000017, value=z, duration=None>
393.7320 	EXP 	New trial (rep=40, index=0): <Trial 160 (0 in rep 40) data={'pos': np.int64(-50), 'corr_resp': 'x', 'thisN': 160, 'thisTrialN': 0, 'thisRepN': 40}>
393.7332 	DATA 	Keypress: z
393.7469 	EXP 	fixation: autoDraw = False
393.7469 	EXP 	line1: autoDraw = False
393.7469 	EXP 	line2: autoDraw = False
393.7469 	EXP 	line3: autoDraw = False
393.7469 	EXP 	line4: autoDraw = False
393.7469 	EXP 	probe: autoDraw = False
393.7469 	EXP 	fixation: autoDraw = True
393.8477 	EXP 	Device response: <KeyPress from None: t=393.7258862000017, value=z, duration=0.12075160001404583>
394.7314 	EXP 	line1: autoDraw = True
394.7314 	EXP 	line2: autoDraw = True
394.7314 	EXP 	line3: autoDraw = True
394.7314 	EXP 	line4: autoDraw = True
394.7507 	EXP 	fixation: autoDraw = False
395.7319 	INFO 	Keyboard events cleared
395.7317 	EXP 	probe: autoDraw = True
396.0327 	EXP 	Device response: <KeyPress from None: t=396.02122600001167, value=x, duration=None>
396.0330 	EXP 	New trial (rep=40, index=1): <Trial 161 (1 in rep 40) data={'pos': np.int64(150), 'corr_resp': 'v', 'thisN': 161, 'thisTrialN': 1, 'thisRepN': 40}>
396.0342 	DATA 	Keypress: x
396.0469 	EXP 	fixation: autoDraw = False
396.0469 	EXP 	line1: autoDraw = False
396.0469 	EXP 	line2: autoDraw = False
396.0469 	EXP 	line3: autoDraw = False
396.0469 	EXP 	line4: autoDraw = False
396.0469 	EXP 	probe: autoDraw = False
396.0469 	EXP 	fixation: autoDraw = True
396.1320 	EXP 	Device response: <KeyPress from None: t=396.02122600001167, value=x, duration=0.10551170000690036>
397.0489 	EXP 	fixation: autoDraw = False
397.0489 	EXP 	line1: autoDraw = True
397.0489 	EXP 	line2: autoDraw = True
397.0489 	EXP 	line3: autoDraw = True
397.0489 	EXP 	line4: autoDraw = True
398.0320 	INFO 	Keyboard events cleared
398.0318 	EXP 	probe: autoDraw = True
398.4147 	EXP 	Device response: <KeyPress from None: t=398.40096590001485, value=v, duration=None>
398.4151 	EXP 	New trial (rep=40, index=2): <Trial 162 (2 in rep 40) data={'pos': np.int64(50), 'corr_resp': 'c', 'thisN': 162, 'thisTrialN': 2, 'thisRepN': 40}>
398.4162 	DATA 	Keypress: v
398.4319 	EXP 	fixation: autoDraw = False
398.4319 	EXP 	line1: autoDraw = False
398.4319 	EXP 	line2: autoDraw = False
398.4319 	EXP 	line3: autoDraw = False
398.4319 	EXP 	line4: autoDraw = False
398.4319 	EXP 	probe: autoDraw = False
398.4319 	EXP 	fixation: autoDraw = True
398.5157 	EXP 	Device response: <KeyPress from None: t=398.40096590001485, value=v, duration=0.10668659998918884>
399.4150 	EXP 	line1: autoDraw = True
399.4150 	EXP 	line2: autoDraw = True
399.4150 	EXP 	line3: autoDraw = True
399.4150 	EXP 	line4: autoDraw = True
399.4316 	EXP 	fixation: autoDraw = False
400.4157 	INFO 	Keyboard events cleared
400.4155 	EXP 	probe: autoDraw = True
400.7662 	EXP 	Device response: <KeyPress from None: t=400.75120530001004, value=c, duration=None>
400.7666 	EXP 	New trial (rep=40, index=3): <Trial 163 (3 in rep 40) data={'pos': np.int64(-150), 'corr_resp': 'z', 'thisN': 163, 'thisTrialN': 3, 'thisRepN': 40}>
400.7682 	DATA 	Keypress: c
400.7802 	EXP 	fixation: autoDraw = False
400.7802 	EXP 	line1: autoDraw = False
400.7802 	EXP 	line2: autoDraw = False
400.7802 	EXP 	line3: autoDraw = False
400.7802 	EXP 	line4: autoDraw = False
400.7802 	EXP 	probe: autoDraw = False
400.7802 	EXP 	fixation: autoDraw = True
400.8476 	EXP 	Device response: <KeyPress from None: t=400.75120530001004, value=c, duration=0.09172530000796542>
401.7654 	EXP 	line1: autoDraw = True
401.7654 	EXP 	line2: autoDraw = True
401.7654 	EXP 	line3: autoDraw = True
401.7654 	EXP 	line4: autoDraw = True
401.7805 	EXP 	fixation: autoDraw = False
402.7655 	INFO 	Keyboard events cleared
402.7653 	EXP 	probe: autoDraw = True
403.0161 	EXP 	Device response: <KeyPress from None: t=403.0086229000008, value=z, duration=None>
403.0165 	EXP 	New trial (rep=41, index=0): <Trial 164 (0 in rep 41) data={'pos': np.int64(-50), 'corr_resp': 'x', 'thisN': 164, 'thisTrialN': 0, 'thisRepN': 41}>
403.0178 	DATA 	Keypress: z
403.0303 	EXP 	fixation: autoDraw = False
403.0303 	EXP 	line1: autoDraw = False
403.0303 	EXP 	line2: autoDraw = False
403.0303 	EXP 	line3: autoDraw = False
403.0303 	EXP 	line4: autoDraw = False
403.0303 	EXP 	probe: autoDraw = False
403.0303 	EXP 	fixation: autoDraw = True
403.0988 	EXP 	Device response: <KeyPress from None: t=403.0086229000008, value=z, duration=0.08693759999005124>
404.0318 	EXP 	fixation: autoDraw = False
404.0318 	EXP 	line1: autoDraw = True
404.0318 	EXP 	line2: autoDraw = True
404.0318 	EXP 	line3: autoDraw = True
404.0318 	EXP 	line4: autoDraw = True
405.0324 	INFO 	Keyboard events cleared
405.0322 	EXP 	probe: autoDraw = True
405.2983 	EXP 	Device response: <KeyPress from None: t=405.2967506000132, value=x, duration=None>
405.2986 	EXP 	New trial (rep=41, index=1): <Trial 165 (1 in rep 41) data={'pos': np.int64(150), 'corr_resp': 'v', 'thisN': 165, 'thisTrialN': 1, 'thisRepN': 41}>
405.2997 	DATA 	Keypress: x
405.3145 	EXP 	fixation: autoDraw = False
405.3145 	EXP 	line1: autoDraw = False
405.3145 	EXP 	line2: autoDraw = False
405.3145 	EXP 	line3: autoDraw = False
405.3145 	EXP 	line4: autoDraw = False
405.3145 	EXP 	probe: autoDraw = False
405.3145 	EXP 	fixation: autoDraw = True
405.3986 	EXP 	Device response: <KeyPress from None: t=405.2967506000132, value=x, duration=0.09123879999970086>
406.2987 	EXP 	line1: autoDraw = True
406.2987 	EXP 	line2: autoDraw = True
406.2987 	EXP 	line3: autoDraw = True
406.2987 	EXP 	line4: autoDraw = True
406.3157 	EXP 	fixation: autoDraw = False
407.2973 	INFO 	Keyboard events cleared
407.2971 	EXP 	probe: autoDraw = True
407.6150 	EXP 	Device response: <KeyPress from None: t=407.60772810000344, value=v, duration=None>
407.6153 	EXP 	New trial (rep=41, index=2): <Trial 166 (2 in rep 41) data={'pos': np.int64(50), 'corr_resp': 'c', 'thisN': 166, 'thisTrialN': 2, 'thisRepN': 41}>
407.6164 	DATA 	Keypress: v
407.6322 	EXP 	fixation: autoDraw = False
407.6322 	EXP 	line1: autoDraw = False
407.6322 	EXP 	line2: autoDraw = False
407.6322 	EXP 	line3: autoDraw = False
407.6322 	EXP 	line4: autoDraw = False
407.6322 	EXP 	probe: autoDraw = False
407.6322 	EXP 	fixation: autoDraw = True
407.7147 	EXP 	Device response: <KeyPress from None: t=407.60772810000344, value=v, duration=0.10451470001135021>
408.6138 	EXP 	line1: autoDraw = True
408.6138 	EXP 	line2: autoDraw = True
408.6138 	EXP 	line3: autoDraw = True
408.6138 	EXP 	line4: autoDraw = True
408.6486 	EXP 	fixation: autoDraw = False
409.6157 	INFO 	Keyboard events cleared
409.6155 	EXP 	probe: autoDraw = True
409.9188 	DATA 	Keypress: c
409.9318 	EXP 	Device response: <KeyPress from None: t=409.9168836000026, value=c, duration=None>
409.9323 	EXP 	New trial (rep=41, index=3): <Trial 167 (3 in rep 41) data={'pos': np.int64(-150), 'corr_resp': 'z', 'thisN': 167, 'thisTrialN': 3, 'thisRepN': 41}>
409.9486 	EXP 	fixation: autoDraw = False
409.9486 	EXP 	line1: autoDraw = False
409.9486 	EXP 	line2: autoDraw = False
409.9486 	EXP 	line3: autoDraw = False
409.9486 	EXP 	line4: autoDraw = False
409.9486 	EXP 	probe: autoDraw = False
409.9486 	EXP 	fixation: autoDraw = True
410.0158 	EXP 	Device response: <KeyPress from None: t=409.9168836000026, value=c, duration=0.09553630001028068>
410.9323 	EXP 	line1: autoDraw = True
410.9323 	EXP 	line2: autoDraw = True
410.9323 	EXP 	line3: autoDraw = True
410.9323 	EXP 	line4: autoDraw = True
410.9489 	EXP 	fixation: autoDraw = False
411.9322 	INFO 	Keyboard events cleared
411.9320 	EXP 	probe: autoDraw = True
412.4496 	EXP 	Device response: <KeyPress from None: t=412.4460184999916, value=z, duration=None>
412.4501 	EXP 	New trial (rep=42, index=0): <Trial 168 (0 in rep 42) data={'pos': np.int64(-50), 'corr_resp': 'x', 'thisN': 168, 'thisTrialN': 0, 'thisRepN': 42}>
412.4513 	DATA 	Keypress: z
412.4645 	EXP 	fixation: autoDraw = False
412.4645 	EXP 	line1: autoDraw = False
412.4645 	EXP 	line2: autoDraw = False
412.4645 	EXP 	line3: autoDraw = False
412.4645 	EXP 	line4: autoDraw = False
412.4645 	EXP 	probe: autoDraw = False
412.4645 	EXP 	fixation: autoDraw = True
412.5653 	EXP 	Device response: <KeyPress from None: t=412.4460184999916, value=z, duration=0.11633360001724213>
413.4655 	EXP 	fixation: autoDraw = False
413.4655 	EXP 	line1: autoDraw = True
413.4655 	EXP 	line2: autoDraw = True
413.4655 	EXP 	line3: autoDraw = True
413.4655 	EXP 	line4: autoDraw = True
414.4475 	INFO 	Keyboard events cleared
414.4473 	EXP 	probe: autoDraw = True
415.0487 	EXP 	Device response: <KeyPress from None: t=415.04555229999823, value=c, duration=None>
415.0490 	EXP 	New trial (rep=42, index=1): <Trial 169 (1 in rep 42) data={'pos': np.int64(150), 'corr_resp': 'v', 'thisN': 169, 'thisTrialN': 1, 'thisRepN': 42}>
415.0503 	DATA 	Keypress: c
415.0646 	EXP 	fixation: autoDraw = False
415.0646 	EXP 	line1: autoDraw = False
415.0646 	EXP 	line2: autoDraw = False
415.0646 	EXP 	line3: autoDraw = False
415.0646 	EXP 	line4: autoDraw = False
415.0646 	EXP 	probe: autoDraw = False
415.0646 	EXP 	fixation: autoDraw = True
415.1327 	EXP 	Device response: <KeyPress from None: t=415.04555229999823, value=c, duration=0.08612240001093596>
416.0479 	EXP 	line1: autoDraw = True
416.0479 	EXP 	line2: autoDraw = True
416.0479 	EXP 	line3: autoDraw = True
416.0479 	EXP 	line4: autoDraw = True
416.0654 	EXP 	fixation: autoDraw = False
417.0495 	INFO 	Keyboard events cleared
417.0492 	EXP 	probe: autoDraw = True
417.5492 	EXP 	Device response: <KeyPress from None: t=417.53475170000456, value=v, duration=None>
417.5495 	EXP 	New trial (rep=42, index=2): <Trial 170 (2 in rep 42) data={'pos': np.int64(50), 'corr_resp': 'c', 'thisN': 170, 'thisTrialN': 2, 'thisRepN': 42}>
417.5506 	DATA 	Keypress: v
417.5641 	EXP 	fixation: autoDraw = False
417.5641 	EXP 	line1: autoDraw = False
417.5641 	EXP 	line2: autoDraw = False
417.5641 	EXP 	line3: autoDraw = False
417.5641 	EXP 	line4: autoDraw = False
417.5641 	EXP 	probe: autoDraw = False
417.5641 	EXP 	fixation: autoDraw = True
417.6481 	EXP 	Device response: <KeyPress from None: t=417.53475170000456, value=v, duration=0.10226710001006722>
418.5494 	EXP 	line1: autoDraw = True
418.5494 	EXP 	line2: autoDraw = True
418.5494 	EXP 	line3: autoDraw = True
418.5494 	EXP 	line4: autoDraw = True
418.5653 	EXP 	fixation: autoDraw = False
419.5488 	INFO 	Keyboard events cleared
419.5486 	EXP 	probe: autoDraw = True
420.5663 	EXP 	Device response: <KeyPress from None: t=420.55299739999464, value=c, duration=None>
420.5667 	EXP 	New trial (rep=42, index=3): <Trial 171 (3 in rep 42) data={'pos': np.int64(-150), 'corr_resp': 'z', 'thisN': 171, 'thisTrialN': 3, 'thisRepN': 42}>
420.5679 	DATA 	Keypress: c
420.5805 	EXP 	fixation: autoDraw = False
420.5805 	EXP 	line1: autoDraw = False
420.5805 	EXP 	line2: autoDraw = False
420.5805 	EXP 	line3: autoDraw = False
420.5805 	EXP 	line4: autoDraw = False
420.5805 	EXP 	probe: autoDraw = False
420.5805 	EXP 	fixation: autoDraw = True
420.6482 	EXP 	Device response: <KeyPress from None: t=420.55299739999464, value=c, duration=0.08602240000618622>
421.5659 	EXP 	line1: autoDraw = True
421.5659 	EXP 	line2: autoDraw = True
421.5659 	EXP 	line3: autoDraw = True
421.5659 	EXP 	line4: autoDraw = True
421.5825 	EXP 	fixation: autoDraw = False
422.5661 	INFO 	Keyboard events cleared
422.5658 	EXP 	probe: autoDraw = True
422.8986 	EXP 	Device response: <KeyPress from None: t=422.8946308000013, value=z, duration=None>
422.8990 	EXP 	New trial (rep=43, index=0): <Trial 172 (0 in rep 43) data={'pos': np.int64(-50), 'corr_resp': 'x', 'thisN': 172, 'thisTrialN': 0, 'thisRepN': 43}>
422.9002 	DATA 	Keypress: z
422.9158 	EXP 	fixation: autoDraw = False
422.9158 	EXP 	line1: autoDraw = False
422.9158 	EXP 	line2: autoDraw = False
422.9158 	EXP 	line3: autoDraw = False
422.9158 	EXP 	line4: autoDraw = False
422.9158 	EXP 	probe: autoDraw = False
422.9158 	EXP 	fixation: autoDraw = True
423.0325 	EXP 	Device response: <KeyPress from None: t=422.8946308000013, value=z, duration=0.1313619000138715>
423.8992 	EXP 	line1: autoDraw = True
423.8992 	EXP 	line2: autoDraw = True
423.8992 	EXP 	line3: autoDraw = True
423.8992 	EXP 	line4: autoDraw = True
423.9148 	EXP 	fixation: autoDraw = False
424.8996 	INFO 	Keyboard events cleared
424.8994 	EXP 	probe: autoDraw = True
425.4491 	EXP 	Device response: <KeyPress from None: t=425.44497989999945, value=x, duration=None>
425.4494 	EXP 	New trial (rep=43, index=1): <Trial 173 (1 in rep 43) data={'pos': np.int64(150), 'corr_resp': 'v', 'thisN': 173, 'thisTrialN': 1, 'thisRepN': 43}>
425.4505 	DATA 	Keypress: x
425.4642 	EXP 	fixation: autoDraw = False
425.4642 	EXP 	line1: autoDraw = False
425.4642 	EXP 	line2: autoDraw = False
425.4642 	EXP 	line3: autoDraw = False
425.4642 	EXP 	line4: autoDraw = False
425.4642 	EXP 	probe: autoDraw = False
425.4642 	EXP 	fixation: autoDraw = True
425.5490 	EXP 	Device response: <KeyPress from None: t=425.44497989999945, value=x, duration=0.10136940001393668>
426.4493 	EXP 	line1: autoDraw = True
426.4493 	EXP 	line2: autoDraw = True
426.4493 	EXP 	line3: autoDraw = True
426.4493 	EXP 	line4: autoDraw = True
426.4669 	EXP 	fixation: autoDraw = False
427.4494 	INFO 	Keyboard events cleared
427.4492 	EXP 	probe: autoDraw = True
427.8679 	DATA 	Keypress: v
427.8825 	EXP 	Device response: <KeyPress from None: t=427.8672821999935, value=v, duration=None>
427.8831 	EXP 	New trial (rep=43, index=2): <Trial 174 (2 in rep 43) data={'pos': np.int64(50), 'corr_resp': 'c', 'thisN': 174, 'thisTrialN': 2, 'thisRepN': 43}>
427.8988 	EXP 	fixation: autoDraw = False
427.8988 	EXP 	line1: autoDraw = False
427.8988 	EXP 	line2: autoDraw = False
427.8988 	EXP 	line3: autoDraw = False
427.8988 	EXP 	line4: autoDraw = False
427.8988 	EXP 	probe: autoDraw = False
427.8988 	EXP 	fixation: autoDraw = True
427.9828 	EXP 	Device response: <KeyPress from None: t=427.8672821999935, value=v, duration=0.10666910000145435>
428.8826 	EXP 	line1: autoDraw = True
428.8826 	EXP 	line2: autoDraw = True
428.8826 	EXP 	line3: autoDraw = True
428.8826 	EXP 	line4: autoDraw = True
428.8996 	EXP 	fixation: autoDraw = False
429.8820 	INFO 	Keyboard events cleared
429.8818 	EXP 	probe: autoDraw = True
430.5330 	EXP 	Device response: <KeyPress from None: t=430.52330930001335, value=c, duration=None>
430.5334 	EXP 	New trial (rep=43, index=3): <Trial 175 (3 in rep 43) data={'pos': np.int64(-150), 'corr_resp': 'z', 'thisN': 175, 'thisTrialN': 3, 'thisRepN': 43}>
430.5347 	DATA 	Keypress: c
430.5482 	EXP 	fixation: autoDraw = False
430.5482 	EXP 	line1: autoDraw = False
430.5482 	EXP 	line2: autoDraw = False
430.5482 	EXP 	line3: autoDraw = False
430.5482 	EXP 	line4: autoDraw = False
430.5482 	EXP 	probe: autoDraw = False
430.5482 	EXP 	fixation: autoDraw = True
430.6320 	EXP 	Device response: <KeyPress from None: t=430.52330930001335, value=c, duration=0.10042159998556599>
431.5318 	EXP 	line1: autoDraw = True
431.5318 	EXP 	line2: autoDraw = True
431.5318 	EXP 	line3: autoDraw = True
431.5318 	EXP 	line4: autoDraw = True
431.5486 	EXP 	fixation: autoDraw = False
432.5327 	INFO 	Keyboard events cleared
432.5325 	EXP 	probe: autoDraw = True
432.9328 	EXP 	Device response: <KeyPress from None: t=432.92609190000803, value=z, duration=None>
432.9333 	EXP 	New trial (rep=44, index=0): <Trial 176 (0 in rep 44) data={'pos': np.int64(-50), 'corr_resp': 'x', 'thisN': 176, 'thisTrialN': 0, 'thisRepN': 44}>
432.9345 	DATA 	Keypress: z
432.9475 	EXP 	fixation: autoDraw = False
432.9475 	EXP 	line1: autoDraw = False
432.9475 	EXP 	line2: autoDraw = False
432.9475 	EXP 	line3: autoDraw = False
432.9475 	EXP 	line4: autoDraw = False
432.9475 	EXP 	probe: autoDraw = False
432.9475 	EXP 	fixation: autoDraw = True
433.0504 	EXP 	Device response: <KeyPress from None: t=432.92609190000803, value=z, duration=0.11877689999528229>
433.9329 	EXP 	line1: autoDraw = True
433.9329 	EXP 	line2: autoDraw = True
433.9329 	EXP 	line3: autoDraw = True
433.9329 	EXP 	line4: autoDraw = True
433.9490 	EXP 	fixation: autoDraw = False
434.9329 	INFO 	Keyboard events cleared
434.9327 	EXP 	probe: autoDraw = True
435.3159 	EXP 	Device response: <KeyPress from None: t=435.3063123000029, value=x, duration=None>
435.3163 	EXP 	New trial (rep=44, index=1): <Trial 177 (1 in rep 44) data={'pos': np.int64(150), 'corr_resp': 'v', 'thisN': 177, 'thisTrialN': 1, 'thisRepN': 44}>
435.3177 	DATA 	Keypress: x
435.3319 	EXP 	fixation: autoDraw = False
435.3319 	EXP 	line1: autoDraw = False
435.3319 	EXP 	line2: autoDraw = False
435.3319 	EXP 	line3: autoDraw = False
435.3319 	EXP 	line4: autoDraw = False
435.3319 	EXP 	probe: autoDraw = False
435.3319 	EXP 	fixation: autoDraw = True
435.4155 	EXP 	Device response: <KeyPress from None: t=435.3063123000029, value=x, duration=0.09526490001007915>
436.3158 	EXP 	line1: autoDraw = True
436.3158 	EXP 	line2: autoDraw = True
436.3158 	EXP 	line3: autoDraw = True
436.3158 	EXP 	line4: autoDraw = True
436.3313 	EXP 	fixation: autoDraw = False
437.3153 	INFO 	Keyboard events cleared
437.3151 	EXP 	probe: autoDraw = True
437.6820 	EXP 	Device response: <KeyPress from None: t=437.6793206000002, value=v, duration=None>
437.6823 	EXP 	New trial (rep=44, index=2): <Trial 178 (2 in rep 44) data={'pos': np.int64(50), 'corr_resp': 'c', 'thisN': 178, 'thisTrialN': 2, 'thisRepN': 44}>
437.6835 	DATA 	Keypress: v
437.6982 	EXP 	fixation: autoDraw = False
437.6982 	EXP 	line1: autoDraw = False
437.6982 	EXP 	line2: autoDraw = False
437.6982 	EXP 	line3: autoDraw = False
437.6982 	EXP 	line4: autoDraw = False
437.6982 	EXP 	probe: autoDraw = False
437.6982 	EXP 	fixation: autoDraw = True
437.8162 	EXP 	Device response: <KeyPress from None: t=437.6793206000002, value=v, duration=0.12179209999158047>
438.6827 	EXP 	line1: autoDraw = True
438.6827 	EXP 	line2: autoDraw = True
438.6827 	EXP 	line3: autoDraw = True
438.6827 	EXP 	line4: autoDraw = True
438.6997 	EXP 	fixation: autoDraw = False
439.6827 	INFO 	Keyboard events cleared
439.6825 	EXP 	probe: autoDraw = True
440.0494 	EXP 	Device response: <KeyPress from None: t=440.0480804000108, value=c, duration=None>
440.0497 	EXP 	New trial (rep=44, index=3): <Trial 179 (3 in rep 44) data={'pos': np.int64(-150), 'corr_resp': 'z', 'thisN': 179, 'thisTrialN': 3, 'thisRepN': 44}>
440.0508 	DATA 	Keypress: c
440.0653 	EXP 	fixation: autoDraw = False
440.0653 	EXP 	line1: autoDraw = False
440.0653 	EXP 	line2: autoDraw = False
440.0653 	EXP 	line3: autoDraw = False
440.0653 	EXP 	line4: autoDraw = False
440.0653 	EXP 	probe: autoDraw = False
440.0653 	EXP 	fixation: autoDraw = True
440.1489 	EXP 	Device response: <KeyPress from None: t=440.0480804000108, value=c, duration=0.09140689999912865>
441.0492 	EXP 	line1: autoDraw = True
441.0492 	EXP 	line2: autoDraw = True
441.0492 	EXP 	line3: autoDraw = True
441.0492 	EXP 	line4: autoDraw = True
441.0663 	EXP 	fixation: autoDraw = False
442.0666 	INFO 	Keyboard events cleared
442.0663 	EXP 	probe: autoDraw = True
442.4829 	EXP 	Device response: <KeyPress from None: t=442.47462809999706, value=z, duration=None>
442.4832 	EXP 	New trial (rep=45, index=0): <Trial 180 (0 in rep 45) data={'pos': np.int64(-50), 'corr_resp': 'x', 'thisN': 180, 'thisTrialN': 0, 'thisRepN': 45}>
442.4845 	DATA 	Keypress: z
442.4977 	EXP 	fixation: autoDraw = False
442.4977 	EXP 	line1: autoDraw = False
442.4977 	EXP 	line2: autoDraw = False
442.4977 	EXP 	line3: autoDraw = False
442.4977 	EXP 	line4: autoDraw = False
442.4977 	EXP 	probe: autoDraw = False
442.4977 	EXP 	fixation: autoDraw = True
442.5996 	EXP 	Device response: <KeyPress from None: t=442.47462809999706, value=z, duration=0.108811300015077>
443.4818 	EXP 	line1: autoDraw = True
443.4818 	EXP 	line2: autoDraw = True
443.4818 	EXP 	line3: autoDraw = True
443.4818 	EXP 	line4: autoDraw = True
443.4992 	EXP 	fixation: autoDraw = False
444.4823 	INFO 	Keyboard events cleared
444.4821 	EXP 	probe: autoDraw = True
444.8649 	EXP 	Device response: <KeyPress from None: t=444.8597941999906, value=x, duration=None>
444.8652 	EXP 	New trial (rep=45, index=1): <Trial 181 (1 in rep 45) data={'pos': np.int64(150), 'corr_resp': 'v', 'thisN': 181, 'thisTrialN': 1, 'thisRepN': 45}>
444.8664 	DATA 	Keypress: x
444.8825 	EXP 	fixation: autoDraw = False
444.8825 	EXP 	line1: autoDraw = False
444.8825 	EXP 	line2: autoDraw = False
444.8825 	EXP 	line3: autoDraw = False
444.8825 	EXP 	line4: autoDraw = False
444.8825 	EXP 	probe: autoDraw = False
444.8825 	EXP 	fixation: autoDraw = True
444.9650 	EXP 	Device response: <KeyPress from None: t=444.8597941999906, value=x, duration=0.09147910002502613>
445.8660 	EXP 	line1: autoDraw = True
445.8660 	EXP 	line2: autoDraw = True
445.8660 	EXP 	line3: autoDraw = True
445.8660 	EXP 	line4: autoDraw = True
445.8832 	EXP 	fixation: autoDraw = False
446.8660 	INFO 	Keyboard events cleared
446.8658 	EXP 	probe: autoDraw = True
447.2330 	EXP 	Device response: <KeyPress from None: t=447.2217926000012, value=v, duration=None>
447.2335 	EXP 	New trial (rep=45, index=2): <Trial 182 (2 in rep 45) data={'pos': np.int64(50), 'corr_resp': 'c', 'thisN': 182, 'thisTrialN': 2, 'thisRepN': 45}>
447.2349 	DATA 	Keypress: v
447.2477 	EXP 	fixation: autoDraw = False
447.2477 	EXP 	line1: autoDraw = False
447.2477 	EXP 	line2: autoDraw = False
447.2477 	EXP 	line3: autoDraw = False
447.2477 	EXP 	line4: autoDraw = False
447.2477 	EXP 	probe: autoDraw = False
447.2477 	EXP 	fixation: autoDraw = True
447.3327 	EXP 	Device response: <KeyPress from None: t=447.2217926000012, value=v, duration=0.09751990000950173>
448.2329 	EXP 	line1: autoDraw = True
448.2329 	EXP 	line2: autoDraw = True
448.2329 	EXP 	line3: autoDraw = True
448.2329 	EXP 	line4: autoDraw = True
448.2496 	EXP 	fixation: autoDraw = False
449.2325 	INFO 	Keyboard events cleared
449.2323 	EXP 	probe: autoDraw = True
449.6686 	DATA 	Keypress: c
449.6817 	EXP 	Device response: <KeyPress from None: t=449.66736009999295, value=c, duration=None>
449.6821 	EXP 	New trial (rep=45, index=3): <Trial 183 (3 in rep 45) data={'pos': np.int64(-150), 'corr_resp': 'z', 'thisN': 183, 'thisTrialN': 3, 'thisRepN': 45}>
449.6995 	EXP 	fixation: autoDraw = False
449.6995 	EXP 	line1: autoDraw = False
449.6995 	EXP 	line2: autoDraw = False
449.6995 	EXP 	line3: autoDraw = False
449.6995 	EXP 	line4: autoDraw = False
449.6995 	EXP 	probe: autoDraw = False
449.6995 	EXP 	fixation: autoDraw = True
449.7655 	EXP 	Device response: <KeyPress from None: t=449.66736009999295, value=c, duration=0.09078740002587438>
450.6829 	EXP 	line1: autoDraw = True
450.6829 	EXP 	line2: autoDraw = True
450.6829 	EXP 	line3: autoDraw = True
450.6829 	EXP 	line4: autoDraw = True
450.6993 	EXP 	fixation: autoDraw = False
451.6822 	INFO 	Keyboard events cleared
451.6820 	EXP 	probe: autoDraw = True
452.0987 	EXP 	Device response: <KeyPress from None: t=452.09509449999314, value=z, duration=None>
452.0990 	EXP 	New trial (rep=46, index=0): <Trial 184 (0 in rep 46) data={'pos': np.int64(-50), 'corr_resp': 'x', 'thisN': 184, 'thisTrialN': 0, 'thisRepN': 46}>
452.1001 	DATA 	Keypress: z
452.1157 	EXP 	fixation: autoDraw = False
452.1157 	EXP 	line1: autoDraw = False
452.1157 	EXP 	line2: autoDraw = False
452.1157 	EXP 	line3: autoDraw = False
452.1157 	EXP 	line4: autoDraw = False
452.1157 	EXP 	probe: autoDraw = False
452.1157 	EXP 	fixation: autoDraw = True
452.1992 	EXP 	Device response: <KeyPress from None: t=452.09509449999314, value=z, duration=0.10110260001965798>
453.0998 	EXP 	line1: autoDraw = True
453.0998 	EXP 	line2: autoDraw = True
453.0998 	EXP 	line3: autoDraw = True
453.0998 	EXP 	line4: autoDraw = True
453.1163 	EXP 	fixation: autoDraw = False
454.1001 	INFO 	Keyboard events cleared
454.0999 	EXP 	probe: autoDraw = True
454.7360 	DATA 	Keypress: x
454.7484 	EXP 	Device response: <KeyPress from None: t=454.73491950001335, value=x, duration=None>
454.7490 	EXP 	New trial (rep=46, index=1): <Trial 185 (1 in rep 46) data={'pos': np.int64(150), 'corr_resp': 'v', 'thisN': 185, 'thisTrialN': 1, 'thisRepN': 46}>
454.7661 	EXP 	fixation: autoDraw = False
454.7661 	EXP 	line1: autoDraw = False
454.7661 	EXP 	line2: autoDraw = False
454.7661 	EXP 	line3: autoDraw = False
454.7661 	EXP 	line4: autoDraw = False
454.7661 	EXP 	probe: autoDraw = False
454.7661 	EXP 	fixation: autoDraw = True
454.8490 	EXP 	Device response: <KeyPress from None: t=454.73491950001335, value=x, duration=0.10576499998569489>
455.7488 	EXP 	line1: autoDraw = True
455.7488 	EXP 	line2: autoDraw = True
455.7488 	EXP 	line3: autoDraw = True
455.7488 	EXP 	line4: autoDraw = True
455.7663 	EXP 	fixation: autoDraw = False
456.7498 	INFO 	Keyboard events cleared
456.7496 	EXP 	probe: autoDraw = True
457.0499 	EXP 	Device response: <KeyPress from None: t=457.0467562999984, value=v, duration=None>
457.0504 	EXP 	New trial (rep=46, index=2): <Trial 186 (2 in rep 46) data={'pos': np.int64(50), 'corr_resp': 'c', 'thisN': 186, 'thisTrialN': 2, 'thisRepN': 46}>
457.0516 	DATA 	Keypress: v
457.0647 	EXP 	fixation: autoDraw = False
457.0647 	EXP 	line1: autoDraw = False
457.0647 	EXP 	line2: autoDraw = False
457.0647 	EXP 	line3: autoDraw = False
457.0647 	EXP 	line4: autoDraw = False
457.0647 	EXP 	probe: autoDraw = False
457.0647 	EXP 	fixation: autoDraw = True
457.1666 	EXP 	Device response: <KeyPress from None: t=457.0467562999984, value=v, duration=0.11142390000168234>
458.0494 	EXP 	line1: autoDraw = True
458.0494 	EXP 	line2: autoDraw = True
458.0494 	EXP 	line3: autoDraw = True
458.0494 	EXP 	line4: autoDraw = True
458.0659 	EXP 	fixation: autoDraw = False
459.0498 	INFO 	Keyboard events cleared
459.0496 	EXP 	probe: autoDraw = True
459.4993 	EXP 	Device response: <KeyPress from None: t=459.49621909999405, value=c, duration=None>
459.4999 	EXP 	New trial (rep=46, index=3): <Trial 187 (3 in rep 46) data={'pos': np.int64(-150), 'corr_resp': 'z', 'thisN': 187, 'thisTrialN': 3, 'thisRepN': 46}>
459.5013 	DATA 	Keypress: c
459.5153 	EXP 	fixation: autoDraw = False
459.5153 	EXP 	line1: autoDraw = False
459.5153 	EXP 	line2: autoDraw = False
459.5153 	EXP 	line3: autoDraw = False
459.5153 	EXP 	line4: autoDraw = False
459.5153 	EXP 	probe: autoDraw = False
459.5153 	EXP 	fixation: autoDraw = True
459.5990 	EXP 	Device response: <KeyPress from None: t=459.49621909999405, value=c, duration=0.0981612000032328>
460.4991 	EXP 	line1: autoDraw = True
460.4991 	EXP 	line2: autoDraw = True
460.4991 	EXP 	line3: autoDraw = True
460.4991 	EXP 	line4: autoDraw = True
460.5165 	EXP 	fixation: autoDraw = False
461.4989 	INFO 	Keyboard events cleared
461.4987 	EXP 	probe: autoDraw = True
462.0489 	EXP 	Device response: <KeyPress from None: t=462.0460871999967, value=z, duration=None>
462.0493 	EXP 	New trial (rep=47, index=0): <Trial 188 (0 in rep 47) data={'pos': np.int64(-50), 'corr_resp': 'x', 'thisN': 188, 'thisTrialN': 0, 'thisRepN': 47}>
462.0504 	DATA 	Keypress: z
462.0653 	EXP 	fixation: autoDraw = False
462.0653 	EXP 	line1: autoDraw = False
462.0653 	EXP 	line2: autoDraw = False
462.0653 	EXP 	line3: autoDraw = False
462.0653 	EXP 	line4: autoDraw = False
462.0653 	EXP 	probe: autoDraw = False
462.0653 	EXP 	fixation: autoDraw = True
462.1677 	EXP 	Device response: <KeyPress from None: t=462.0460871999967, value=z, duration=0.11110969999572262>
463.0495 	EXP 	line1: autoDraw = True
463.0495 	EXP 	line2: autoDraw = True
463.0495 	EXP 	line3: autoDraw = True
463.0495 	EXP 	line4: autoDraw = True
463.0664 	EXP 	fixation: autoDraw = False
464.0499 	INFO 	Keyboard events cleared
464.0497 	EXP 	probe: autoDraw = True
464.3359 	DATA 	Keypress: x
464.3488 	EXP 	Device response: <KeyPress from None: t=464.3343288000033, value=x, duration=None>
464.3493 	EXP 	New trial (rep=47, index=1): <Trial 189 (1 in rep 47) data={'pos': np.int64(150), 'corr_resp': 'v', 'thisN': 189, 'thisTrialN': 1, 'thisRepN': 47}>
464.3657 	EXP 	fixation: autoDraw = False
464.3657 	EXP 	line1: autoDraw = False
464.3657 	EXP 	line2: autoDraw = False
464.3657 	EXP 	line3: autoDraw = False
464.3657 	EXP 	line4: autoDraw = False
464.3657 	EXP 	probe: autoDraw = False
464.3657 	EXP 	fixation: autoDraw = True
464.4328 	EXP 	Device response: <KeyPress from None: t=464.3343288000033, value=x, duration=0.08786470000632107>
465.3495 	EXP 	line1: autoDraw = True
465.3495 	EXP 	line2: autoDraw = True
465.3495 	EXP 	line3: autoDraw = True
465.3495 	EXP 	line4: autoDraw = True
465.3655 	EXP 	fixation: autoDraw = False
466.3500 	INFO 	Keyboard events cleared
466.3498 	EXP 	probe: autoDraw = True
466.6986 	EXP 	Device response: <KeyPress from None: t=466.6860491000116, value=v, duration=None>
466.6991 	EXP 	New trial (rep=47, index=2): <Trial 190 (2 in rep 47) data={'pos': np.int64(50), 'corr_resp': 'c', 'thisN': 190, 'thisTrialN': 2, 'thisRepN': 47}>
466.7003 	DATA 	Keypress: v
466.7148 	EXP 	fixation: autoDraw = False
466.7148 	EXP 	line1: autoDraw = False
466.7148 	EXP 	line2: autoDraw = False
466.7148 	EXP 	line3: autoDraw = False
466.7148 	EXP 	line4: autoDraw = False
466.7148 	EXP 	probe: autoDraw = False
466.7148 	EXP 	fixation: autoDraw = True
466.8001 	EXP 	Device response: <KeyPress from None: t=466.6860491000116, value=v, duration=0.09844989998964593>
467.6997 	EXP 	line1: autoDraw = True
467.6997 	EXP 	line2: autoDraw = True
467.6997 	EXP 	line3: autoDraw = True
467.6997 	EXP 	line4: autoDraw = True
467.7149 	EXP 	fixation: autoDraw = False
468.6984 	INFO 	Keyboard events cleared
468.6982 	EXP 	probe: autoDraw = True
469.0164 	EXP 	Device response: <KeyPress from None: t=469.00686910000513, value=c, duration=None>
469.0168 	EXP 	New trial (rep=47, index=3): <Trial 191 (3 in rep 47) data={'pos': np.int64(-150), 'corr_resp': 'z', 'thisN': 191, 'thisTrialN': 3, 'thisRepN': 47}>
469.0183 	DATA 	Keypress: c
469.0316 	EXP 	fixation: autoDraw = False
469.0316 	EXP 	line1: autoDraw = False
469.0316 	EXP 	line2: autoDraw = False
469.0316 	EXP 	line3: autoDraw = False
469.0316 	EXP 	line4: autoDraw = False
469.0316 	EXP 	probe: autoDraw = False
469.0316 	EXP 	fixation: autoDraw = True
469.0993 	EXP 	Device response: <KeyPress from None: t=469.00686910000513, value=c, duration=0.08475109998835251>
470.0160 	EXP 	line1: autoDraw = True
470.0160 	EXP 	line2: autoDraw = True
470.0160 	EXP 	line3: autoDraw = True
470.0160 	EXP 	line4: autoDraw = True
470.0333 	EXP 	fixation: autoDraw = False
471.0167 	INFO 	Keyboard events cleared
471.0165 	EXP 	probe: autoDraw = True
471.3825 	EXP 	Device response: <KeyPress from None: t=471.36744629999157, value=z, duration=None>
471.3830 	EXP 	New trial (rep=48, index=0): <Trial 192 (0 in rep 48) data={'pos': np.int64(-50), 'corr_resp': 'x', 'thisN': 192, 'thisTrialN': 0, 'thisRepN': 48}>
471.3841 	DATA 	Keypress: z
471.3994 	EXP 	fixation: autoDraw = False
471.3994 	EXP 	line1: autoDraw = False
471.3994 	EXP 	line2: autoDraw = False
471.3994 	EXP 	line3: autoDraw = False
471.3994 	EXP 	line4: autoDraw = False
471.3994 	EXP 	probe: autoDraw = False
471.3994 	EXP 	fixation: autoDraw = True
471.5003 	EXP 	Device response: <KeyPress from None: t=471.36744629999157, value=z, duration=0.12242670002160594>
472.3830 	EXP 	line1: autoDraw = True
472.3830 	EXP 	line2: autoDraw = True
472.3830 	EXP 	line3: autoDraw = True
472.3830 	EXP 	line4: autoDraw = True
472.3982 	EXP 	fixation: autoDraw = False
473.3826 	INFO 	Keyboard events cleared
473.3824 	EXP 	probe: autoDraw = True
473.7502 	EXP 	Device response: <KeyPress from None: t=473.74738670000806, value=x, duration=None>
473.7505 	EXP 	New trial (rep=48, index=1): <Trial 193 (1 in rep 48) data={'pos': np.int64(150), 'corr_resp': 'v', 'thisN': 193, 'thisTrialN': 1, 'thisRepN': 48}>
473.7518 	DATA 	Keypress: x
473.7654 	EXP 	fixation: autoDraw = False
473.7654 	EXP 	line1: autoDraw = False
473.7654 	EXP 	line2: autoDraw = False
473.7654 	EXP 	line3: autoDraw = False
473.7654 	EXP 	line4: autoDraw = False
473.7654 	EXP 	probe: autoDraw = False
473.7654 	EXP 	fixation: autoDraw = True
473.8500 	EXP 	Device response: <KeyPress from None: t=473.74738670000806, value=x, duration=0.0976747999957297>
474.7647 	EXP 	fixation: autoDraw = False
474.7647 	EXP 	line1: autoDraw = True
474.7647 	EXP 	line2: autoDraw = True
474.7647 	EXP 	line3: autoDraw = True
474.7647 	EXP 	line4: autoDraw = True
475.7662 	INFO 	Keyboard events cleared
475.7661 	EXP 	probe: autoDraw = True
476.1827 	EXP 	Device response: <KeyPress from None: t=476.17092900001444, value=v, duration=None>
476.1831 	EXP 	New trial (rep=48, index=2): <Trial 194 (2 in rep 48) data={'pos': np.int64(50), 'corr_resp': 'c', 'thisN': 194, 'thisTrialN': 2, 'thisRepN': 48}>
476.1842 	DATA 	Keypress: v
476.1995 	EXP 	fixation: autoDraw = False
476.1995 	EXP 	line1: autoDraw = False
476.1995 	EXP 	line2: autoDraw = False
476.1995 	EXP 	line3: autoDraw = False
476.1995 	EXP 	line4: autoDraw = False
476.1995 	EXP 	probe: autoDraw = False
476.1995 	EXP 	fixation: autoDraw = True
476.3000 	EXP 	Device response: <KeyPress from None: t=476.17092900001444, value=v, duration=0.11141250000218861>
477.1832 	EXP 	line1: autoDraw = True
477.1832 	EXP 	line2: autoDraw = True
477.1832 	EXP 	line3: autoDraw = True
477.1832 	EXP 	line4: autoDraw = True
477.2001 	EXP 	fixation: autoDraw = False
478.1833 	INFO 	Keyboard events cleared
478.1830 	EXP 	probe: autoDraw = True
478.6162 	EXP 	Device response: <KeyPress from None: t=478.61415050001233, value=c, duration=None>
478.6166 	EXP 	New trial (rep=48, index=3): <Trial 195 (3 in rep 48) data={'pos': np.int64(-150), 'corr_resp': 'z', 'thisN': 195, 'thisTrialN': 3, 'thisRepN': 48}>
478.6179 	DATA 	Keypress: c
478.6322 	EXP 	fixation: autoDraw = False
478.6322 	EXP 	line1: autoDraw = False
478.6322 	EXP 	line2: autoDraw = False
478.6322 	EXP 	line3: autoDraw = False
478.6322 	EXP 	line4: autoDraw = False
478.6322 	EXP 	probe: autoDraw = False
478.6322 	EXP 	fixation: autoDraw = True
478.7160 	EXP 	Device response: <KeyPress from None: t=478.61415050001233, value=c, duration=0.09710429998813197>
479.6162 	EXP 	line1: autoDraw = True
479.6162 	EXP 	line2: autoDraw = True
479.6162 	EXP 	line3: autoDraw = True
479.6162 	EXP 	line4: autoDraw = True
479.6320 	EXP 	fixation: autoDraw = False
480.6168 	INFO 	Keyboard events cleared
480.6166 	EXP 	probe: autoDraw = True
480.8653 	EXP 	Device response: <KeyPress from None: t=480.85659820001456, value=z, duration=None>
480.8658 	EXP 	New trial (rep=49, index=0): <Trial 196 (0 in rep 49) data={'pos': np.int64(-50), 'corr_resp': 'x', 'thisN': 196, 'thisTrialN': 0, 'thisRepN': 49}>
480.8670 	DATA 	Keypress: z
480.8824 	EXP 	fixation: autoDraw = False
480.8824 	EXP 	line1: autoDraw = False
480.8824 	EXP 	line2: autoDraw = False
480.8824 	EXP 	line3: autoDraw = False
480.8824 	EXP 	line4: autoDraw = False
480.8824 	EXP 	probe: autoDraw = False
480.8824 	EXP 	fixation: autoDraw = True
480.9333 	EXP 	Device response: <KeyPress from None: t=480.85659820001456, value=z, duration=0.07353880000300705>
481.8657 	EXP 	line1: autoDraw = True
481.8657 	EXP 	line2: autoDraw = True
481.8657 	EXP 	line3: autoDraw = True
481.8657 	EXP 	line4: autoDraw = True
481.8832 	EXP 	fixation: autoDraw = False
482.8653 	INFO 	Keyboard events cleared
482.8651 	EXP 	probe: autoDraw = True
483.0843 	EXP 	Device response: <KeyPress from None: t=483.0813257000118, value=x, duration=None>
483.0847 	EXP 	New trial (rep=49, index=1): <Trial 197 (1 in rep 49) data={'pos': np.int64(150), 'corr_resp': 'v', 'thisN': 197, 'thisTrialN': 1, 'thisRepN': 49}>
483.0858 	DATA 	Keypress: x
483.0996 	EXP 	fixation: autoDraw = False
483.0996 	EXP 	line1: autoDraw = False
483.0996 	EXP 	line2: autoDraw = False
483.0996 	EXP 	line3: autoDraw = False
483.0996 	EXP 	line4: autoDraw = False
483.0996 	EXP 	probe: autoDraw = False
483.0996 	EXP 	fixation: autoDraw = True
483.1498 	EXP 	Device response: <KeyPress from None: t=483.0813257000118, value=x, duration=0.05870669998694211>
484.1001 	EXP 	fixation: autoDraw = False
484.1001 	EXP 	line1: autoDraw = True
484.1001 	EXP 	line2: autoDraw = True
484.1001 	EXP 	line3: autoDraw = True
484.1001 	EXP 	line4: autoDraw = True
485.1000 	INFO 	Keyboard events cleared
485.0998 	EXP 	probe: autoDraw = True
485.3498 	EXP 	Device response: <KeyPress from None: t=485.33629800000926, value=v, duration=None>
485.3503 	EXP 	New trial (rep=49, index=2): <Trial 198 (2 in rep 49) data={'pos': np.int64(50), 'corr_resp': 'c', 'thisN': 198, 'thisTrialN': 2, 'thisRepN': 49}>
485.3515 	DATA 	Keypress: v
485.3665 	EXP 	fixation: autoDraw = False
485.3665 	EXP 	line1: autoDraw = False
485.3665 	EXP 	line2: autoDraw = False
485.3665 	EXP 	line3: autoDraw = False
485.3665 	EXP 	line4: autoDraw = False
485.3665 	EXP 	probe: autoDraw = False
485.3665 	EXP 	fixation: autoDraw = True
485.4166 	EXP 	Device response: <KeyPress from None: t=485.33629800000926, value=v, duration=0.07710329999099486>
486.3666 	EXP 	fixation: autoDraw = False
486.3666 	EXP 	line1: autoDraw = True
486.3666 	EXP 	line2: autoDraw = True
486.3666 	EXP 	line3: autoDraw = True
486.3666 	EXP 	line4: autoDraw = True
487.3497 	INFO 	Keyboard events cleared
487.3495 	EXP 	probe: autoDraw = True
487.6025 	DATA 	Keypress: c
487.6169 	EXP 	Device response: <KeyPress from None: t=487.6006311000092, value=c, duration=None>
487.6173 	EXP 	New trial (rep=49, index=3): <Trial 199 (3 in rep 49) data={'pos': np.int64(-150), 'corr_resp': 'z', 'thisN': 199, 'thisTrialN': 3, 'thisRepN': 49}>
487.6336 	EXP 	fixation: autoDraw = False
487.6336 	EXP 	line1: autoDraw = False
487.6336 	EXP 	line2: autoDraw = False
487.6336 	EXP 	line3: autoDraw = False
487.6336 	EXP 	line4: autoDraw = False
487.6336 	EXP 	probe: autoDraw = False
487.6336 	EXP 	fixation: autoDraw = True
487.6838 	EXP 	Device response: <KeyPress from None: t=487.6006311000092, value=c, duration=0.08102159999543801>
488.6163 	EXP 	line1: autoDraw = True
488.6163 	EXP 	line2: autoDraw = True
488.6163 	EXP 	line3: autoDraw = True
488.6163 	EXP 	line4: autoDraw = True
488.6330 	EXP 	fixation: autoDraw = False
489.6167 	INFO 	Keyboard events cleared
489.6165 	EXP 	probe: autoDraw = True
489.8163 	EXP 	Device response: <KeyPress from None: t=489.80804229999194, value=z, duration=None>
489.8219 	EXP 	Imported sequence_conditions.csv as conditions, 4 conditions, 2 params
489.8262 	EXP 	New trial (rep=0, index=0): <Trial 0 (0 in rep 0) data={'pos': np.int64(150), 'corr_resp': 'v', 'thisN': 0, 'thisTrialN': 0, 'thisRepN': 0}>
489.8289 	DATA 	Keypress: z
489.8377 	EXP 	fixation: autoDraw = False
489.8377 	EXP 	line1: autoDraw = False
489.8377 	EXP 	line2: autoDraw = False
489.8377 	EXP 	line3: autoDraw = False
489.8377 	EXP 	line4: autoDraw = False
489.8377 	EXP 	probe: autoDraw = False
489.8377 	EXP 	fixation_2: autoDraw = True
489.9007 	EXP 	Device response: <KeyPress from None: t=489.80804229999194, value=z, duration=0.08792070002527907>
490.8174 	EXP 	line_1: autoDraw = True
490.8174 	EXP 	line_2: autoDraw = True
490.8174 	EXP 	line_3: autoDraw = True
490.8174 	EXP 	line_4: autoDraw = True
490.8501 	EXP 	fixation_2: autoDraw = False
491.8155 	INFO 	Keyboard events cleared
491.8153 	EXP 	probe_2: autoDraw = True
492.4330 	EXP 	Device response: <KeyPress from None: t=492.4220866000105, value=v, duration=None>
492.4334 	EXP 	New trial (rep=0, index=1): <Trial 1 (1 in rep 0) data={'pos': np.int64(50), 'corr_resp': 'c', 'thisN': 1, 'thisTrialN': 1, 'thisRepN': 0}>
492.4348 	DATA 	Keypress: v
492.4502 	EXP 	fixation_2: autoDraw = False
492.4502 	EXP 	line_1: autoDraw = False
492.4502 	EXP 	line_2: autoDraw = False
492.4502 	EXP 	line_3: autoDraw = False
492.4502 	EXP 	line_4: autoDraw = False
492.4502 	EXP 	probe_2: autoDraw = False
492.4502 	EXP 	fixation_2: autoDraw = True
492.5343 	EXP 	Device response: <KeyPress from None: t=492.4220866000105, value=v, duration=0.10287209998932667>
493.4330 	EXP 	line_1: autoDraw = True
493.4330 	EXP 	line_2: autoDraw = True
493.4330 	EXP 	line_3: autoDraw = True
493.4330 	EXP 	line_4: autoDraw = True
493.4503 	EXP 	fixation_2: autoDraw = False
494.4338 	INFO 	Keyboard events cleared
494.4336 	EXP 	probe_2: autoDraw = True
495.6993 	EXP 	Device response: <KeyPress from None: t=495.6865645000071, value=c, duration=None>
495.6998 	EXP 	New trial (rep=0, index=2): <Trial 2 (2 in rep 0) data={'pos': np.int64(-150), 'corr_resp': 'z', 'thisN': 2, 'thisTrialN': 2, 'thisRepN': 0}>
495.7012 	DATA 	Keypress: c
495.7163 	EXP 	fixation_2: autoDraw = False
495.7163 	EXP 	line_1: autoDraw = False
495.7163 	EXP 	line_2: autoDraw = False
495.7163 	EXP 	line_3: autoDraw = False
495.7163 	EXP 	line_4: autoDraw = False
495.7163 	EXP 	probe_2: autoDraw = False
495.7163 	EXP 	fixation_2: autoDraw = True
495.8169 	EXP 	Device response: <KeyPress from None: t=495.6865645000071, value=c, duration=0.12067509998450987>
496.7000 	EXP 	line_1: autoDraw = True
496.7000 	EXP 	line_2: autoDraw = True
496.7000 	EXP 	line_3: autoDraw = True
496.7000 	EXP 	line_4: autoDraw = True
496.7158 	EXP 	fixation_2: autoDraw = False
497.7005 	INFO 	Keyboard events cleared
497.7003 	EXP 	probe_2: autoDraw = True
499.4507 	EXP 	Device response: <KeyPress from None: t=499.44835320001584, value=z, duration=None>
499.4511 	EXP 	New trial (rep=1, index=3): <Trial 3 (3 in rep 1) data={'pos': np.int64(150), 'corr_resp': 'v', 'thisN': 3, 'thisTrialN': 3, 'thisRepN': 1}>
499.4525 	DATA 	Keypress: z
499.4658 	EXP 	fixation_2: autoDraw = False
499.4658 	EXP 	line_1: autoDraw = False
499.4658 	EXP 	line_2: autoDraw = False
499.4658 	EXP 	line_3: autoDraw = False
499.4658 	EXP 	line_4: autoDraw = False
499.4658 	EXP 	probe_2: autoDraw = False
499.4658 	EXP 	fixation_2: autoDraw = True
499.5509 	EXP 	Device response: <KeyPress from None: t=499.44835320001584, value=z, duration=0.08664369999314658>
500.4503 	EXP 	line_1: autoDraw = True
500.4503 	EXP 	line_2: autoDraw = True
500.4503 	EXP 	line_3: autoDraw = True
500.4503 	EXP 	line_4: autoDraw = True
500.4666 	EXP 	fixation_2: autoDraw = False
501.4502 	INFO 	Keyboard events cleared
501.4500 	EXP 	probe_2: autoDraw = True
502.2846 	EXP 	Device response: <KeyPress from None: t=502.27383680001367, value=v, duration=None>
502.2851 	EXP 	New trial (rep=0, index=4): <Trial 4 (4 in rep 0) data={'pos': np.int64(-50), 'corr_resp': 'x', 'thisN': 4, 'thisTrialN': 4, 'thisRepN': 0}>
502.2865 	DATA 	Keypress: v
502.2994 	EXP 	fixation_2: autoDraw = False
502.2994 	EXP 	line_1: autoDraw = False
502.2994 	EXP 	line_2: autoDraw = False
502.2994 	EXP 	line_3: autoDraw = False
502.2994 	EXP 	line_4: autoDraw = False
502.2994 	EXP 	probe_2: autoDraw = False
502.2994 	EXP 	fixation_2: autoDraw = True
502.4165 	EXP 	Device response: <KeyPress from None: t=502.27383680001367, value=v, duration=0.137328399985563>
503.3006 	EXP 	fixation_2: autoDraw = False
503.3006 	EXP 	line_1: autoDraw = True
503.3006 	EXP 	line_2: autoDraw = True
503.3006 	EXP 	line_3: autoDraw = True
503.3006 	EXP 	line_4: autoDraw = True
504.2996 	INFO 	Keyboard events cleared
504.2993 	EXP 	probe_2: autoDraw = True
505.7175 	EXP 	Device response: <KeyPress from None: t=505.7098483000009, value=x, duration=None>
505.7179 	EXP 	New trial (rep=1, index=5): <Trial 5 (5 in rep 1) data={'pos': np.int64(-50), 'corr_resp': 'x', 'thisN': 5, 'thisTrialN': 5, 'thisRepN': 1}>
505.7193 	DATA 	Keypress: x
505.7319 	EXP 	fixation_2: autoDraw = False
505.7319 	EXP 	line_1: autoDraw = False
505.7319 	EXP 	line_2: autoDraw = False
505.7319 	EXP 	line_3: autoDraw = False
505.7319 	EXP 	line_4: autoDraw = False
505.7319 	EXP 	probe_2: autoDraw = False
505.7319 	EXP 	fixation_2: autoDraw = True
505.8169 	EXP 	Device response: <KeyPress from None: t=505.7098483000009, value=x, duration=0.09063940000487491>
506.7172 	EXP 	line_1: autoDraw = True
506.7172 	EXP 	line_2: autoDraw = True
506.7172 	EXP 	line_3: autoDraw = True
506.7172 	EXP 	line_4: autoDraw = True
506.7337 	EXP 	fixation_2: autoDraw = False
507.7173 	INFO 	Keyboard events cleared
507.7171 	EXP 	probe_2: autoDraw = True
509.5192 	DATA 	Keypress: x
509.5339 	EXP 	Device response: <KeyPress from None: t=509.5182514000044, value=x, duration=None>
509.5343 	EXP 	New trial (rep=1, index=6): <Trial 6 (6 in rep 1) data={'pos': np.int64(-150), 'corr_resp': 'z', 'thisN': 6, 'thisTrialN': 6, 'thisRepN': 1}>
509.5490 	EXP 	fixation_2: autoDraw = False
509.5490 	EXP 	line_1: autoDraw = False
509.5490 	EXP 	line_2: autoDraw = False
509.5490 	EXP 	line_3: autoDraw = False
509.5490 	EXP 	line_4: autoDraw = False
509.5490 	EXP 	probe_2: autoDraw = False
509.5490 	EXP 	fixation_2: autoDraw = True
509.6169 	EXP 	Device response: <KeyPress from None: t=509.5182514000044, value=x, duration=0.08162569999694824>
510.5336 	EXP 	line_1: autoDraw = True
510.5336 	EXP 	line_2: autoDraw = True
510.5336 	EXP 	line_3: autoDraw = True
510.5336 	EXP 	line_4: autoDraw = True
510.5507 	EXP 	fixation_2: autoDraw = False
511.5337 	INFO 	Keyboard events cleared
511.5335 	EXP 	probe_2: autoDraw = True
512.5993 	EXP 	Device response: <KeyPress from None: t=512.5939152000064, value=z, duration=None>
512.5997 	EXP 	New trial (rep=1, index=7): <Trial 7 (7 in rep 1) data={'pos': np.int64(50), 'corr_resp': 'c', 'thisN': 7, 'thisTrialN': 7, 'thisRepN': 1}>
512.6011 	DATA 	Keypress: z
512.6160 	EXP 	fixation_2: autoDraw = False
512.6160 	EXP 	line_1: autoDraw = False
512.6160 	EXP 	line_2: autoDraw = False
512.6160 	EXP 	line_3: autoDraw = False
512.6160 	EXP 	line_4: autoDraw = False
512.6160 	EXP 	probe_2: autoDraw = False
512.6160 	EXP 	fixation_2: autoDraw = True
512.7002 	EXP 	Device response: <KeyPress from None: t=512.5939152000064, value=z, duration=0.10549570000148378>
513.6003 	EXP 	line_1: autoDraw = True
513.6003 	EXP 	line_2: autoDraw = True
513.6003 	EXP 	line_3: autoDraw = True
513.6003 	EXP 	line_4: autoDraw = True
513.6165 	EXP 	fixation_2: autoDraw = False
514.6009 	INFO 	Keyboard events cleared
514.6007 	EXP 	probe_2: autoDraw = True
516.1333 	EXP 	Device response: <KeyPress from None: t=516.1306836000003, value=c, duration=None>
516.1336 	EXP 	New trial (rep=2, index=8): <Trial 8 (8 in rep 2) data={'pos': np.int64(150), 'corr_resp': 'v', 'thisN': 8, 'thisTrialN': 8, 'thisRepN': 2}>
516.1350 	DATA 	Keypress: c
516.1498 	EXP 	fixation_2: autoDraw = False
516.1498 	EXP 	line_1: autoDraw = False
516.1498 	EXP 	line_2: autoDraw = False
516.1498 	EXP 	line_3: autoDraw = False
516.1498 	EXP 	line_4: autoDraw = False
516.1498 	EXP 	probe_2: autoDraw = False
516.1498 	EXP 	fixation_2: autoDraw = True
516.2343 	EXP 	Device response: <KeyPress from None: t=516.1306836000003, value=c, duration=0.09611630000290461>
517.1339 	EXP 	line_1: autoDraw = True
517.1339 	EXP 	line_2: autoDraw = True
517.1339 	EXP 	line_3: autoDraw = True
517.1339 	EXP 	line_4: autoDraw = True
517.1514 	EXP 	fixation_2: autoDraw = False
518.1342 	INFO 	Keyboard events cleared
518.1340 	EXP 	probe_2: autoDraw = True
519.3994 	EXP 	Device response: <KeyPress from None: t=519.3897145999945, value=v, duration=None>
519.3999 	EXP 	New trial (rep=2, index=9): <Trial 9 (9 in rep 2) data={'pos': np.int64(50), 'corr_resp': 'c', 'thisN': 9, 'thisTrialN': 9, 'thisRepN': 2}>
519.4014 	DATA 	Keypress: v
519.4174 	EXP 	fixation_2: autoDraw = False
519.4174 	EXP 	line_1: autoDraw = False
519.4174 	EXP 	line_2: autoDraw = False
519.4174 	EXP 	line_3: autoDraw = False
519.4174 	EXP 	line_4: autoDraw = False
519.4174 	EXP 	probe_2: autoDraw = False
519.4174 	EXP 	fixation_2: autoDraw = True
519.5178 	EXP 	Device response: <KeyPress from None: t=519.3897145999945, value=v, duration=0.11153009999543428>
520.4007 	EXP 	line_1: autoDraw = True
520.4007 	EXP 	line_2: autoDraw = True
520.4007 	EXP 	line_3: autoDraw = True
520.4007 	EXP 	line_4: autoDraw = True
520.4173 	EXP 	fixation_2: autoDraw = False
521.4010 	INFO 	Keyboard events cleared
521.4008 	EXP 	probe_2: autoDraw = True
522.4332 	EXP 	Device response: <KeyPress from None: t=522.4261365999992, value=c, duration=None>
522.4336 	EXP 	New trial (rep=2, index=10): <Trial 10 (10 in rep 2) data={'pos': np.int64(-50), 'corr_resp': 'x', 'thisN': 10, 'thisTrialN': 10, 'thisRepN': 2}>
522.4351 	DATA 	Keypress: c
522.4495 	EXP 	fixation_2: autoDraw = False
522.4495 	EXP 	line_1: autoDraw = False
522.4495 	EXP 	line_2: autoDraw = False
522.4495 	EXP 	line_3: autoDraw = False
522.4495 	EXP 	line_4: autoDraw = False
522.4495 	EXP 	probe_2: autoDraw = False
522.4495 	EXP 	fixation_2: autoDraw = True
522.5348 	EXP 	Device response: <KeyPress from None: t=522.4261365999992, value=c, duration=0.09845039999345317>
523.4340 	EXP 	line_1: autoDraw = True
523.4340 	EXP 	line_2: autoDraw = True
523.4340 	EXP 	line_3: autoDraw = True
523.4340 	EXP 	line_4: autoDraw = True
523.4503 	EXP 	fixation_2: autoDraw = False
524.4335 	INFO 	Keyboard events cleared
524.4333 	EXP 	probe_2: autoDraw = True
525.9504 	EXP 	Device response: <KeyPress from None: t=525.9467600999924, value=x, duration=None>
525.9509 	EXP 	New trial (rep=2, index=11): <Trial 11 (11 in rep 2) data={'pos': np.int64(-150), 'corr_resp': 'z', 'thisN': 11, 'thisTrialN': 11, 'thisRepN': 2}>
525.9523 	DATA 	Keypress: x
525.9655 	EXP 	fixation_2: autoDraw = False
525.9655 	EXP 	line_1: autoDraw = False
525.9655 	EXP 	line_2: autoDraw = False
525.9655 	EXP 	line_3: autoDraw = False
525.9655 	EXP 	line_4: autoDraw = False
525.9655 	EXP 	probe_2: autoDraw = False
525.9655 	EXP 	fixation_2: autoDraw = True
526.0835 	EXP 	Device response: <KeyPress from None: t=525.9467600999924, value=x, duration=0.12850920000346377>
526.9505 	EXP 	line_1: autoDraw = True
526.9505 	EXP 	line_2: autoDraw = True
526.9505 	EXP 	line_3: autoDraw = True
526.9505 	EXP 	line_4: autoDraw = True
526.9676 	EXP 	fixation_2: autoDraw = False
527.9506 	INFO 	Keyboard events cleared
527.9504 	EXP 	probe_2: autoDraw = True
528.4005 	EXP 	Device response: <KeyPress from None: t=528.3973801000102, value=z, duration=None>
528.4009 	EXP 	New trial (rep=3, index=12): <Trial 12 (12 in rep 3) data={'pos': np.int64(50), 'corr_resp': 'c', 'thisN': 12, 'thisTrialN': 12, 'thisRepN': 3}>
528.4023 	DATA 	Keypress: z
528.4158 	EXP 	fixation_2: autoDraw = False
528.4158 	EXP 	line_1: autoDraw = False
528.4158 	EXP 	line_2: autoDraw = False
528.4158 	EXP 	line_3: autoDraw = False
528.4158 	EXP 	line_4: autoDraw = False
528.4158 	EXP 	probe_2: autoDraw = False
528.4158 	EXP 	fixation_2: autoDraw = True
528.5180 	EXP 	Device response: <KeyPress from None: t=528.3973801000102, value=z, duration=0.11124519997974858>
529.3999 	EXP 	line_1: autoDraw = True
529.3999 	EXP 	line_2: autoDraw = True
529.3999 	EXP 	line_3: autoDraw = True
529.3999 	EXP 	line_4: autoDraw = True
529.4164 	EXP 	fixation_2: autoDraw = False
530.4009 	INFO 	Keyboard events cleared
530.4007 	EXP 	probe_2: autoDraw = True
531.7866 	DATA 	Keypress: c
531.8009 	EXP 	Device response: <KeyPress from None: t=531.7845643000037, value=c, duration=None>
531.8014 	EXP 	New trial (rep=3, index=13): <Trial 13 (13 in rep 3) data={'pos': np.int64(-150), 'corr_resp': 'z', 'thisN': 13, 'thisTrialN': 13, 'thisRepN': 3}>
531.8161 	EXP 	fixation_2: autoDraw = False
531.8161 	EXP 	line_1: autoDraw = False
531.8161 	EXP 	line_2: autoDraw = False
531.8161 	EXP 	line_3: autoDraw = False
531.8161 	EXP 	line_4: autoDraw = False
531.8161 	EXP 	probe_2: autoDraw = False
531.8161 	EXP 	fixation_2: autoDraw = True
531.8665 	EXP 	Device response: <KeyPress from None: t=531.7845643000037, value=c, duration=0.0783301999908872>
532.8007 	EXP 	line_1: autoDraw = True
532.8007 	EXP 	line_2: autoDraw = True
532.8007 	EXP 	line_3: autoDraw = True
532.8007 	EXP 	line_4: autoDraw = True
532.8174 	EXP 	fixation_2: autoDraw = False
533.8173 	INFO 	Keyboard events cleared
533.8171 	EXP 	probe_2: autoDraw = True
534.5000 	EXP 	Device response: <KeyPress from None: t=534.4854404999933, value=z, duration=None>
534.5004 	EXP 	New trial (rep=4, index=14): <Trial 14 (14 in rep 4) data={'pos': np.int64(-150), 'corr_resp': 'z', 'thisN': 14, 'thisTrialN': 14, 'thisRepN': 4}>
534.5019 	DATA 	Keypress: z
534.5165 	EXP 	fixation_2: autoDraw = False
534.5165 	EXP 	line_1: autoDraw = False
534.5165 	EXP 	line_2: autoDraw = False
534.5165 	EXP 	line_3: autoDraw = False
534.5165 	EXP 	line_4: autoDraw = False
534.5165 	EXP 	probe_2: autoDraw = False
534.5165 	EXP 	fixation_2: autoDraw = True
534.6343 	EXP 	Device response: <KeyPress from None: t=534.4854404999933, value=z, duration=0.14591580000706017>
535.4999 	EXP 	line_1: autoDraw = True
535.4999 	EXP 	line_2: autoDraw = True
535.4999 	EXP 	line_3: autoDraw = True
535.4999 	EXP 	line_4: autoDraw = True
535.5175 	EXP 	fixation_2: autoDraw = False
536.5005 	INFO 	Keyboard events cleared
536.5003 	EXP 	probe_2: autoDraw = True
537.0332 	EXP 	Device response: <KeyPress from None: t=537.0308068000013, value=z, duration=None>
537.0335 	EXP 	New trial (rep=3, index=15): <Trial 15 (15 in rep 3) data={'pos': np.int64(-50), 'corr_resp': 'x', 'thisN': 15, 'thisTrialN': 15, 'thisRepN': 3}>
537.0348 	DATA 	Keypress: z
537.0505 	EXP 	fixation_2: autoDraw = False
537.0505 	EXP 	line_1: autoDraw = False
537.0505 	EXP 	line_2: autoDraw = False
537.0505 	EXP 	line_3: autoDraw = False
537.0505 	EXP 	line_4: autoDraw = False
537.0505 	EXP 	probe_2: autoDraw = False
537.0505 	EXP 	fixation_2: autoDraw = True
537.1671 	EXP 	Device response: <KeyPress from None: t=537.0308068000013, value=z, duration=0.12550829999963753>
538.0347 	EXP 	line_1: autoDraw = True
538.0347 	EXP 	line_2: autoDraw = True
538.0347 	EXP 	line_3: autoDraw = True
538.0347 	EXP 	line_4: autoDraw = True
538.0512 	EXP 	fixation_2: autoDraw = False
539.0345 	INFO 	Keyboard events cleared
539.0343 	EXP 	probe_2: autoDraw = True
540.2014 	EXP 	Device response: <KeyPress from None: t=540.1918151999998, value=x, duration=None>
540.2019 	EXP 	New trial (rep=4, index=16): <Trial 16 (16 in rep 4) data={'pos': np.int64(50), 'corr_resp': 'c', 'thisN': 16, 'thisTrialN': 16, 'thisRepN': 4}>
540.2036 	DATA 	Keypress: x
540.2156 	EXP 	fixation_2: autoDraw = False
540.2156 	EXP 	line_1: autoDraw = False
540.2156 	EXP 	line_2: autoDraw = False
540.2156 	EXP 	line_3: autoDraw = False
540.2156 	EXP 	line_4: autoDraw = False
540.2156 	EXP 	probe_2: autoDraw = False
540.2156 	EXP 	fixation_2: autoDraw = True
540.3331 	EXP 	Device response: <KeyPress from None: t=540.1918151999998, value=x, duration=0.13691050000488758>
541.2006 	EXP 	line_1: autoDraw = True
541.2006 	EXP 	line_2: autoDraw = True
541.2006 	EXP 	line_3: autoDraw = True
541.2006 	EXP 	line_4: autoDraw = True
541.2178 	EXP 	fixation_2: autoDraw = False
542.2013 	INFO 	Keyboard events cleared
542.2011 	EXP 	probe_2: autoDraw = True
543.6667 	EXP 	Device response: <KeyPress from None: t=543.6524863000086, value=c, duration=None>
543.6670 	EXP 	New trial (rep=4, index=17): <Trial 17 (17 in rep 4) data={'pos': np.int64(-50), 'corr_resp': 'x', 'thisN': 17, 'thisTrialN': 17, 'thisRepN': 4}>
543.6684 	DATA 	Keypress: c
543.6839 	EXP 	fixation_2: autoDraw = False
543.6839 	EXP 	line_1: autoDraw = False
543.6839 	EXP 	line_2: autoDraw = False
543.6839 	EXP 	line_3: autoDraw = False
543.6839 	EXP 	line_4: autoDraw = False
543.6839 	EXP 	probe_2: autoDraw = False
543.6839 	EXP 	fixation_2: autoDraw = True
543.7508 	EXP 	Device response: <KeyPress from None: t=543.6524863000086, value=c, duration=0.09534999998868443>
544.6670 	EXP 	line_1: autoDraw = True
544.6670 	EXP 	line_2: autoDraw = True
544.6670 	EXP 	line_3: autoDraw = True
544.6670 	EXP 	line_4: autoDraw = True
544.6845 	EXP 	fixation_2: autoDraw = False
545.6668 	INFO 	Keyboard events cleared
545.6666 	EXP 	probe_2: autoDraw = True
547.1349 	EXP 	Device response: <KeyPress from None: t=547.1265308000147, value=x, duration=None>
547.1354 	EXP 	New trial (rep=5, index=18): <Trial 18 (18 in rep 5) data={'pos': np.int64(-150), 'corr_resp': 'z', 'thisN': 18, 'thisTrialN': 18, 'thisRepN': 5}>
547.1369 	DATA 	Keypress: x
547.1498 	EXP 	fixation_2: autoDraw = False
547.1498 	EXP 	line_1: autoDraw = False
547.1498 	EXP 	line_2: autoDraw = False
547.1498 	EXP 	line_3: autoDraw = False
547.1498 	EXP 	line_4: autoDraw = False
547.1498 	EXP 	probe_2: autoDraw = False
547.1498 	EXP 	fixation_2: autoDraw = True
547.2851 	EXP 	Device response: <KeyPress from None: t=547.1265308000147, value=x, duration=0.14846099997521378>
548.1511 	EXP 	fixation_2: autoDraw = False
548.1511 	EXP 	line_1: autoDraw = True
548.1511 	EXP 	line_2: autoDraw = True
548.1511 	EXP 	line_3: autoDraw = True
548.1511 	EXP 	line_4: autoDraw = True
549.1510 	INFO 	Keyboard events cleared
549.1508 	EXP 	probe_2: autoDraw = True
549.7189 	DATA 	Keypress: z
549.7338 	EXP 	Device response: <KeyPress from None: t=549.7171221000026, value=z, duration=None>
549.7342 	EXP 	New trial (rep=3, index=19): <Trial 19 (19 in rep 3) data={'pos': np.int64(150), 'corr_resp': 'v', 'thisN': 19, 'thisTrialN': 19, 'thisRepN': 3}>
549.7504 	EXP 	fixation_2: autoDraw = False
549.7504 	EXP 	line_1: autoDraw = False
549.7504 	EXP 	line_2: autoDraw = False
549.7504 	EXP 	line_3: autoDraw = False
549.7504 	EXP 	line_4: autoDraw = False
549.7504 	EXP 	probe_2: autoDraw = False
549.7504 	EXP 	fixation_2: autoDraw = True
549.8173 	EXP 	Device response: <KeyPress from None: t=549.7171221000026, value=z, duration=0.08512730000074953>
550.7341 	EXP 	line_1: autoDraw = True
550.7341 	EXP 	line_2: autoDraw = True
550.7341 	EXP 	line_3: autoDraw = True
550.7341 	EXP 	line_4: autoDraw = True
550.7514 	EXP 	fixation_2: autoDraw = False
551.7349 	INFO 	Keyboard events cleared
551.7347 	EXP 	probe_2: autoDraw = True
553.2338 	EXP 	Device response: <KeyPress from None: t=553.2257649000094, value=v, duration=None>
553.2343 	EXP 	New trial (rep=4, index=20): <Trial 20 (20 in rep 4) data={'pos': np.int64(150), 'corr_resp': 'v', 'thisN': 20, 'thisTrialN': 20, 'thisRepN': 4}>
553.2369 	DATA 	Keypress: v
553.2497 	EXP 	fixation_2: autoDraw = False
553.2497 	EXP 	line_1: autoDraw = False
553.2497 	EXP 	line_2: autoDraw = False
553.2497 	EXP 	line_3: autoDraw = False
553.2497 	EXP 	line_4: autoDraw = False
553.2497 	EXP 	probe_2: autoDraw = False
553.2497 	EXP 	fixation_2: autoDraw = True
553.3503 	EXP 	Device response: <KeyPress from None: t=553.2257649000094, value=v, duration=0.11786309999297373>
554.2335 	EXP 	line_1: autoDraw = True
554.2335 	EXP 	line_2: autoDraw = True
554.2335 	EXP 	line_3: autoDraw = True
554.2335 	EXP 	line_4: autoDraw = True
554.2512 	EXP 	fixation_2: autoDraw = False
555.2344 	INFO 	Keyboard events cleared
555.2342 	EXP 	probe_2: autoDraw = True
556.2181 	EXP 	Device response: <KeyPress from None: t=556.2086960000161, value=v, duration=None>
556.2186 	EXP 	New trial (rep=5, index=21): <Trial 21 (21 in rep 5) data={'pos': np.int64(50), 'corr_resp': 'c', 'thisN': 21, 'thisTrialN': 21, 'thisRepN': 5}>
556.2202 	DATA 	Keypress: v
556.2334 	EXP 	fixation_2: autoDraw = False
556.2334 	EXP 	line_1: autoDraw = False
556.2334 	EXP 	line_2: autoDraw = False
556.2334 	EXP 	line_3: autoDraw = False
556.2334 	EXP 	line_4: autoDraw = False
556.2334 	EXP 	probe_2: autoDraw = False
556.2334 	EXP 	fixation_2: autoDraw = True
556.3183 	EXP 	Device response: <KeyPress from None: t=556.2086960000161, value=v, duration=0.10592419997556135>
557.2173 	EXP 	line_1: autoDraw = True
557.2173 	EXP 	line_2: autoDraw = True
557.2173 	EXP 	line_3: autoDraw = True
557.2173 	EXP 	line_4: autoDraw = True
557.2340 	EXP 	fixation_2: autoDraw = False
558.2182 	INFO 	Keyboard events cleared
558.2180 	EXP 	probe_2: autoDraw = True
559.2500 	EXP 	Device response: <KeyPress from None: t=559.2439493999991, value=c, duration=None>
559.2504 	EXP 	New trial (rep=6, index=22): <Trial 22 (22 in rep 6) data={'pos': np.int64(50), 'corr_resp': 'c', 'thisN': 22, 'thisTrialN': 22, 'thisRepN': 6}>
559.2520 	DATA 	Keypress: c
559.2662 	EXP 	fixation_2: autoDraw = False
559.2662 	EXP 	line_1: autoDraw = False
559.2662 	EXP 	line_2: autoDraw = False
559.2662 	EXP 	line_3: autoDraw = False
559.2662 	EXP 	line_4: autoDraw = False
559.2662 	EXP 	probe_2: autoDraw = False
559.2662 	EXP 	fixation_2: autoDraw = True
559.3511 	EXP 	Device response: <KeyPress from None: t=559.2439493999991, value=c, duration=0.09210740000708029>
560.2508 	EXP 	line_1: autoDraw = True
560.2508 	EXP 	line_2: autoDraw = True
560.2508 	EXP 	line_3: autoDraw = True
560.2508 	EXP 	line_4: autoDraw = True
560.2677 	EXP 	fixation_2: autoDraw = False
561.2511 	INFO 	Keyboard events cleared
561.2509 	EXP 	probe_2: autoDraw = True
561.8018 	EXP 	Device response: <KeyPress from None: t=561.7948650000035, value=c, duration=None>
561.8023 	EXP 	New trial (rep=7, index=23): <Trial 23 (23 in rep 7) data={'pos': np.int64(50), 'corr_resp': 'c', 'thisN': 23, 'thisTrialN': 23, 'thisRepN': 7}>
561.8038 	DATA 	Keypress: c
561.8166 	EXP 	fixation_2: autoDraw = False
561.8166 	EXP 	line_1: autoDraw = False
561.8166 	EXP 	line_2: autoDraw = False
561.8166 	EXP 	line_3: autoDraw = False
561.8166 	EXP 	line_4: autoDraw = False
561.8166 	EXP 	probe_2: autoDraw = False
561.8166 	EXP 	fixation_2: autoDraw = True
561.9170 	EXP 	Device response: <KeyPress from None: t=561.7948650000035, value=c, duration=0.11621030000969768>
562.8177 	EXP 	fixation_2: autoDraw = False
562.8177 	EXP 	line_1: autoDraw = True
562.8177 	EXP 	line_2: autoDraw = True
562.8177 	EXP 	line_3: autoDraw = True
562.8177 	EXP 	line_4: autoDraw = True
563.8015 	INFO 	Keyboard events cleared
563.8013 	EXP 	probe_2: autoDraw = True
564.7176 	EXP 	Device response: <KeyPress from None: t=564.7113069000188, value=c, duration=None>
564.7180 	EXP 	New trial (rep=5, index=24): <Trial 24 (24 in rep 5) data={'pos': np.int64(150), 'corr_resp': 'v', 'thisN': 24, 'thisTrialN': 24, 'thisRepN': 5}>
564.7194 	DATA 	Keypress: c
564.7328 	EXP 	fixation_2: autoDraw = False
564.7328 	EXP 	line_1: autoDraw = False
564.7328 	EXP 	line_2: autoDraw = False
564.7328 	EXP 	line_3: autoDraw = False
564.7328 	EXP 	line_4: autoDraw = False
564.7328 	EXP 	probe_2: autoDraw = False
564.7328 	EXP 	fixation_2: autoDraw = True
564.8175 	EXP 	Device response: <KeyPress from None: t=564.7113069000188, value=c, duration=0.09749719998217188>
565.7176 	EXP 	line_1: autoDraw = True
565.7176 	EXP 	line_2: autoDraw = True
565.7176 	EXP 	line_3: autoDraw = True
565.7176 	EXP 	line_4: autoDraw = True
565.7342 	EXP 	fixation_2: autoDraw = False
566.7190 	INFO 	Keyboard events cleared
566.7187 	EXP 	probe_2: autoDraw = True
567.5017 	EXP 	Device response: <KeyPress from None: t=567.4921306000033, value=v, duration=None>
567.5021 	EXP 	New trial (rep=5, index=25): <Trial 25 (25 in rep 5) data={'pos': np.int64(-50), 'corr_resp': 'x', 'thisN': 25, 'thisTrialN': 25, 'thisRepN': 5}>
567.5036 	DATA 	Keypress: v
567.5171 	EXP 	fixation_2: autoDraw = False
567.5171 	EXP 	line_1: autoDraw = False
567.5171 	EXP 	line_2: autoDraw = False
567.5171 	EXP 	line_3: autoDraw = False
567.5171 	EXP 	line_4: autoDraw = False
567.5171 	EXP 	probe_2: autoDraw = False
567.5171 	EXP 	fixation_2: autoDraw = True
567.6343 	EXP 	Device response: <KeyPress from None: t=567.4921306000033, value=v, duration=0.12588720000348985>
568.5014 	EXP 	line_1: autoDraw = True
568.5014 	EXP 	line_2: autoDraw = True
568.5014 	EXP 	line_3: autoDraw = True
568.5014 	EXP 	line_4: autoDraw = True
568.5181 	EXP 	fixation_2: autoDraw = False
569.5176 	INFO 	Keyboard events cleared
569.5174 	EXP 	probe_2: autoDraw = True
570.5020 	EXP 	Device response: <KeyPress from None: t=570.4882646000187, value=x, duration=None>
570.5024 	EXP 	New trial (rep=6, index=26): <Trial 26 (26 in rep 6) data={'pos': np.int64(-150), 'corr_resp': 'z', 'thisN': 26, 'thisTrialN': 26, 'thisRepN': 6}>
570.5039 	DATA 	Keypress: x
570.5164 	EXP 	fixation_2: autoDraw = False
570.5164 	EXP 	line_1: autoDraw = False
570.5164 	EXP 	line_2: autoDraw = False
570.5164 	EXP 	line_3: autoDraw = False
570.5164 	EXP 	line_4: autoDraw = False
570.5164 	EXP 	probe_2: autoDraw = False
570.5164 	EXP 	fixation_2: autoDraw = True
570.6179 	EXP 	Device response: <KeyPress from None: t=570.4882646000187, value=x, duration=0.11689349997323006>
571.5014 	EXP 	line_1: autoDraw = True
571.5014 	EXP 	line_2: autoDraw = True
571.5014 	EXP 	line_3: autoDraw = True
571.5014 	EXP 	line_4: autoDraw = True
571.5179 	EXP 	fixation_2: autoDraw = False
572.5018 	INFO 	Keyboard events cleared
572.5016 	EXP 	probe_2: autoDraw = True
573.2865 	DATA 	Keypress: z
573.3019 	EXP 	Device response: <KeyPress from None: t=573.284399199998, value=z, duration=None>
573.3024 	EXP 	New trial (rep=7, index=27): <Trial 27 (27 in rep 7) data={'pos': np.int64(-150), 'corr_resp': 'z', 'thisN': 27, 'thisTrialN': 27, 'thisRepN': 7}>
573.3173 	EXP 	fixation_2: autoDraw = False
573.3173 	EXP 	line_1: autoDraw = False
573.3173 	EXP 	line_2: autoDraw = False
573.3173 	EXP 	line_3: autoDraw = False
573.3173 	EXP 	line_4: autoDraw = False
573.3173 	EXP 	probe_2: autoDraw = False
573.3173 	EXP 	fixation_2: autoDraw = True
573.4004 	EXP 	Device response: <KeyPress from None: t=573.284399199998, value=z, duration=0.10608580001280643>
574.3006 	EXP 	line_1: autoDraw = True
574.3006 	EXP 	line_2: autoDraw = True
574.3006 	EXP 	line_3: autoDraw = True
574.3006 	EXP 	line_4: autoDraw = True
574.3178 	EXP 	fixation_2: autoDraw = False
575.3020 	INFO 	Keyboard events cleared
575.3017 	EXP 	probe_2: autoDraw = True
576.4184 	EXP 	Device response: <KeyPress from None: t=576.407953100017, value=z, duration=None>
576.4188 	EXP 	New trial (rep=6, index=28): <Trial 28 (28 in rep 6) data={'pos': np.int64(150), 'corr_resp': 'v', 'thisN': 28, 'thisTrialN': 28, 'thisRepN': 6}>
576.4203 	DATA 	Keypress: z
576.4338 	EXP 	fixation_2: autoDraw = False
576.4338 	EXP 	line_1: autoDraw = False
576.4338 	EXP 	line_2: autoDraw = False
576.4338 	EXP 	line_3: autoDraw = False
576.4338 	EXP 	line_4: autoDraw = False
576.4338 	EXP 	probe_2: autoDraw = False
576.4338 	EXP 	fixation_2: autoDraw = True
576.5179 	EXP 	Device response: <KeyPress from None: t=576.407953100017, value=z, duration=0.1016743999789469>
577.4170 	EXP 	line_1: autoDraw = True
577.4170 	EXP 	line_2: autoDraw = True
577.4170 	EXP 	line_3: autoDraw = True
577.4170 	EXP 	line_4: autoDraw = True
577.4345 	EXP 	fixation_2: autoDraw = False
578.4184 	INFO 	Keyboard events cleared
578.4182 	EXP 	probe_2: autoDraw = True
579.8339 	EXP 	Device response: <KeyPress from None: t=579.8204743000097, value=v, duration=None>
579.8344 	EXP 	New trial (rep=8, index=29): <Trial 29 (29 in rep 8) data={'pos': np.int64(-150), 'corr_resp': 'z', 'thisN': 29, 'thisTrialN': 29, 'thisRepN': 8}>
579.8357 	DATA 	Keypress: v
579.8513 	EXP 	fixation_2: autoDraw = False
579.8513 	EXP 	line_1: autoDraw = False
579.8513 	EXP 	line_2: autoDraw = False
579.8513 	EXP 	line_3: autoDraw = False
579.8513 	EXP 	line_4: autoDraw = False
579.8513 	EXP 	probe_2: autoDraw = False
579.8513 	EXP 	fixation_2: autoDraw = True
579.9339 	EXP 	Device response: <KeyPress from None: t=579.8204743000097, value=v, duration=0.09828659999766387>
580.8343 	EXP 	line_1: autoDraw = True
580.8343 	EXP 	line_2: autoDraw = True
580.8343 	EXP 	line_3: autoDraw = True
580.8343 	EXP 	line_4: autoDraw = True
580.8543 	EXP 	fixation_2: autoDraw = False
581.8348 	INFO 	Keyboard events cleared
581.8346 	EXP 	probe_2: autoDraw = True
582.4351 	EXP 	Device response: <KeyPress from None: t=582.4334003000113, value=z, duration=None>
582.4354 	EXP 	New trial (rep=9, index=30): <Trial 30 (30 in rep 9) data={'pos': np.int64(-150), 'corr_resp': 'z', 'thisN': 30, 'thisTrialN': 30, 'thisRepN': 9}>
582.4367 	DATA 	Keypress: z
582.4505 	EXP 	fixation_2: autoDraw = False
582.4505 	EXP 	line_1: autoDraw = False
582.4505 	EXP 	line_2: autoDraw = False
582.4505 	EXP 	line_3: autoDraw = False
582.4505 	EXP 	line_4: autoDraw = False
582.4505 	EXP 	probe_2: autoDraw = False
582.4505 	EXP 	fixation_2: autoDraw = True
582.5511 	EXP 	Device response: <KeyPress from None: t=582.4334003000113, value=z, duration=0.11077369999838993>
583.4345 	EXP 	line_1: autoDraw = True
583.4345 	EXP 	line_2: autoDraw = True
583.4345 	EXP 	line_3: autoDraw = True
583.4345 	EXP 	line_4: autoDraw = True
583.4513 	EXP 	fixation_2: autoDraw = False
584.4520 	INFO 	Keyboard events cleared
584.4517 	EXP 	probe_2: autoDraw = True
584.8846 	EXP 	Device response: <KeyPress from None: t=584.8745557999937, value=z, duration=None>
584.8849 	EXP 	New trial (rep=7, index=31): <Trial 31 (31 in rep 7) data={'pos': np.int64(150), 'corr_resp': 'v', 'thisN': 31, 'thisTrialN': 31, 'thisRepN': 7}>
584.8863 	DATA 	Keypress: z
584.9015 	EXP 	fixation_2: autoDraw = False
584.9015 	EXP 	line_1: autoDraw = False
584.9015 	EXP 	line_2: autoDraw = False
584.9015 	EXP 	line_3: autoDraw = False
584.9015 	EXP 	line_4: autoDraw = False
584.9015 	EXP 	probe_2: autoDraw = False
584.9015 	EXP 	fixation_2: autoDraw = True
584.9861 	EXP 	Device response: <KeyPress from None: t=584.8745557999937, value=z, duration=0.10204100000555627>
585.8846 	EXP 	line_1: autoDraw = True
585.8846 	EXP 	line_2: autoDraw = True
585.8846 	EXP 	line_3: autoDraw = True
585.8846 	EXP 	line_4: autoDraw = True
585.8999 	EXP 	fixation_2: autoDraw = False
586.8853 	INFO 	Keyboard events cleared
586.8850 	EXP 	probe_2: autoDraw = True
587.4018 	EXP 	Device response: <KeyPress from None: t=587.3984104999981, value=v, duration=None>
587.4022 	EXP 	New trial (rep=8, index=32): <Trial 32 (32 in rep 8) data={'pos': np.int64(50), 'corr_resp': 'c', 'thisN': 32, 'thisTrialN': 32, 'thisRepN': 8}>
587.4039 	DATA 	Keypress: v
587.4166 	EXP 	fixation_2: autoDraw = False
587.4166 	EXP 	line_1: autoDraw = False
587.4166 	EXP 	line_2: autoDraw = False
587.4166 	EXP 	line_3: autoDraw = False
587.4166 	EXP 	line_4: autoDraw = False
587.4166 	EXP 	probe_2: autoDraw = False
587.4166 	EXP 	fixation_2: autoDraw = True
587.4842 	EXP 	Device response: <KeyPress from None: t=587.3984104999981, value=v, duration=0.08328630001051351>
588.4188 	EXP 	fixation_2: autoDraw = False
588.4188 	EXP 	line_1: autoDraw = True
588.4188 	EXP 	line_2: autoDraw = True
588.4188 	EXP 	line_3: autoDraw = True
588.4188 	EXP 	line_4: autoDraw = True
589.4023 	INFO 	Keyboard events cleared
589.4021 	EXP 	probe_2: autoDraw = True
589.9859 	EXP 	Device response: <KeyPress from None: t=589.9755620000069, value=c, duration=None>
589.9864 	EXP 	New trial (rep=9, index=33): <Trial 33 (33 in rep 9) data={'pos': np.int64(50), 'corr_resp': 'c', 'thisN': 33, 'thisTrialN': 33, 'thisRepN': 9}>
589.9880 	DATA 	Keypress: c
589.9999 	EXP 	fixation_2: autoDraw = False
589.9999 	EXP 	line_1: autoDraw = False
589.9999 	EXP 	line_2: autoDraw = False
589.9999 	EXP 	line_3: autoDraw = False
589.9999 	EXP 	line_4: autoDraw = False
589.9999 	EXP 	probe_2: autoDraw = False
589.9999 	EXP 	fixation_2: autoDraw = True
590.0852 	EXP 	Device response: <KeyPress from None: t=589.9755620000069, value=c, duration=0.10565350000979379>
591.0011 	EXP 	fixation_2: autoDraw = False
591.0011 	EXP 	line_1: autoDraw = True
591.0011 	EXP 	line_2: autoDraw = True
591.0011 	EXP 	line_3: autoDraw = True
591.0011 	EXP 	line_4: autoDraw = True
591.9851 	INFO 	Keyboard events cleared
591.9849 	EXP 	probe_2: autoDraw = True
592.4693 	EXP 	Device response: <KeyPress from None: t=592.4580506999919, value=c, duration=None>
592.4697 	EXP 	New trial (rep=8, index=34): <Trial 34 (34 in rep 8) data={'pos': np.int64(150), 'corr_resp': 'v', 'thisN': 34, 'thisTrialN': 34, 'thisRepN': 8}>
592.4713 	DATA 	Keypress: c
592.4837 	EXP 	fixation_2: autoDraw = False
592.4837 	EXP 	line_1: autoDraw = False
592.4837 	EXP 	line_2: autoDraw = False
592.4837 	EXP 	line_3: autoDraw = False
592.4837 	EXP 	line_4: autoDraw = False
592.4837 	EXP 	probe_2: autoDraw = False
592.4837 	EXP 	fixation_2: autoDraw = True
592.5676 	EXP 	Device response: <KeyPress from None: t=592.4580506999919, value=c, duration=0.09535909999976866>
593.4849 	EXP 	fixation_2: autoDraw = False
593.4849 	EXP 	line_1: autoDraw = True
593.4849 	EXP 	line_2: autoDraw = True
593.4849 	EXP 	line_3: autoDraw = True
593.4849 	EXP 	line_4: autoDraw = True
594.4855 	INFO 	Keyboard events cleared
594.4853 	EXP 	probe_2: autoDraw = True
595.7679 	EXP 	Device response: <KeyPress from None: t=595.7605237000098, value=v, duration=None>
595.7684 	EXP 	New trial (rep=10, index=35): <Trial 35 (35 in rep 10) data={'pos': np.int64(-150), 'corr_resp': 'z', 'thisN': 35, 'thisTrialN': 35, 'thisRepN': 10}>
595.7698 	DATA 	Keypress: v
595.7834 	EXP 	fixation_2: autoDraw = False
595.7834 	EXP 	line_1: autoDraw = False
595.7834 	EXP 	line_2: autoDraw = False
595.7834 	EXP 	line_3: autoDraw = False
595.7834 	EXP 	line_4: autoDraw = False
595.7834 	EXP 	probe_2: autoDraw = False
595.7834 	EXP 	fixation_2: autoDraw = True
595.9013 	EXP 	Device response: <KeyPress from None: t=595.7605237000098, value=v, duration=0.12406139998347498>
596.7683 	EXP 	line_1: autoDraw = True
596.7683 	EXP 	line_2: autoDraw = True
596.7683 	EXP 	line_3: autoDraw = True
596.7683 	EXP 	line_4: autoDraw = True
596.7850 	EXP 	fixation_2: autoDraw = False
597.7686 	INFO 	Keyboard events cleared
597.7684 	EXP 	probe_2: autoDraw = True
598.5355 	EXP 	Device response: <KeyPress from None: t=598.5211693000165, value=z, duration=None>
598.5360 	EXP 	New trial (rep=10, index=36): <Trial 36 (36 in rep 10) data={'pos': np.int64(50), 'corr_resp': 'c', 'thisN': 36, 'thisTrialN': 36, 'thisRepN': 10}>
598.5377 	DATA 	Keypress: z
598.5501 	EXP 	fixation_2: autoDraw = False
598.5501 	EXP 	line_1: autoDraw = False
598.5501 	EXP 	line_2: autoDraw = False
598.5501 	EXP 	line_3: autoDraw = False
598.5501 	EXP 	line_4: autoDraw = False
598.5501 	EXP 	probe_2: autoDraw = False
598.5501 	EXP 	fixation_2: autoDraw = True
598.6342 	EXP 	Device response: <KeyPress from None: t=598.5211693000165, value=z, duration=0.10344379997695796>
599.5509 	EXP 	fixation_2: autoDraw = False
599.5509 	EXP 	line_1: autoDraw = True
599.5509 	EXP 	line_2: autoDraw = True
599.5509 	EXP 	line_3: autoDraw = True
599.5509 	EXP 	line_4: autoDraw = True
600.5346 	INFO 	Keyboard events cleared
600.5344 	EXP 	probe_2: autoDraw = True
601.3045 	DATA 	Keypress: c
601.3181 	EXP 	Device response: <KeyPress from None: t=601.3037918999908, value=c, duration=None>
601.3185 	EXP 	New trial (rep=11, index=37): <Trial 37 (37 in rep 11) data={'pos': np.int64(50), 'corr_resp': 'c', 'thisN': 37, 'thisTrialN': 37, 'thisRepN': 11}>
601.3350 	EXP 	fixation_2: autoDraw = False
601.3350 	EXP 	line_1: autoDraw = False
601.3350 	EXP 	line_2: autoDraw = False
601.3350 	EXP 	line_3: autoDraw = False
601.3350 	EXP 	line_4: autoDraw = False
601.3350 	EXP 	probe_2: autoDraw = False
601.3350 	EXP 	fixation_2: autoDraw = True
601.4174 	EXP 	Device response: <KeyPress from None: t=601.3037918999908, value=c, duration=0.10064220000640489>
602.3185 	EXP 	line_1: autoDraw = True
602.3185 	EXP 	line_2: autoDraw = True
602.3185 	EXP 	line_3: autoDraw = True
602.3185 	EXP 	line_4: autoDraw = True
602.3354 	EXP 	fixation_2: autoDraw = False
603.3186 	INFO 	Keyboard events cleared
603.3184 	EXP 	probe_2: autoDraw = True
605.2027 	EXP 	Device response: <KeyPress from None: t=605.1888126000122, value=c, duration=None>
605.2032 	EXP 	New trial (rep=9, index=38): <Trial 38 (38 in rep 9) data={'pos': np.int64(150), 'corr_resp': 'v', 'thisN': 38, 'thisTrialN': 38, 'thisRepN': 9}>
605.2047 	DATA 	Keypress: c
605.2175 	EXP 	fixation_2: autoDraw = False
605.2175 	EXP 	line_1: autoDraw = False
605.2175 	EXP 	line_2: autoDraw = False
605.2175 	EXP 	line_3: autoDraw = False
605.2175 	EXP 	line_4: autoDraw = False
605.2175 	EXP 	probe_2: autoDraw = False
605.2175 	EXP 	fixation_2: autoDraw = True
605.3020 	EXP 	Device response: <KeyPress from None: t=605.1888126000122, value=c, duration=0.10186399999656714>
606.2013 	EXP 	line_1: autoDraw = True
606.2013 	EXP 	line_2: autoDraw = True
606.2013 	EXP 	line_3: autoDraw = True
606.2013 	EXP 	line_4: autoDraw = True
606.2186 	EXP 	fixation_2: autoDraw = False
607.2186 	INFO 	Keyboard events cleared
607.2184 	EXP 	probe_2: autoDraw = True
608.6023 	EXP 	Device response: <KeyPress from None: t=608.5952943000011, value=v, duration=None>
608.6029 	EXP 	New trial (rep=12, index=39): <Trial 39 (39 in rep 12) data={'pos': np.int64(50), 'corr_resp': 'c', 'thisN': 39, 'thisTrialN': 39, 'thisRepN': 12}>
608.6044 	DATA 	Keypress: v
608.6169 	EXP 	fixation_2: autoDraw = False
608.6169 	EXP 	line_1: autoDraw = False
608.6169 	EXP 	line_2: autoDraw = False
608.6169 	EXP 	line_3: autoDraw = False
608.6169 	EXP 	line_4: autoDraw = False
608.6169 	EXP 	probe_2: autoDraw = False
608.6169 	EXP 	fixation_2: autoDraw = True
608.6856 	EXP 	Device response: <KeyPress from None: t=608.5952943000011, value=v, duration=0.0810846000094898>
609.6188 	EXP 	fixation_2: autoDraw = False
609.6188 	EXP 	line_1: autoDraw = True
609.6188 	EXP 	line_2: autoDraw = True
609.6188 	EXP 	line_3: autoDraw = True
609.6188 	EXP 	line_4: autoDraw = True
610.6188 	INFO 	Keyboard events cleared
610.6186 	EXP 	probe_2: autoDraw = True
611.8014 	EXP 	Device response: <KeyPress from None: t=611.7969584999955, value=c, duration=None>
611.8018 	EXP 	New trial (rep=13, index=40): <Trial 40 (40 in rep 13) data={'pos': np.int64(50), 'corr_resp': 'c', 'thisN': 40, 'thisTrialN': 40, 'thisRepN': 13}>
611.8032 	DATA 	Keypress: c
611.8178 	EXP 	fixation_2: autoDraw = False
611.8178 	EXP 	line_1: autoDraw = False
611.8178 	EXP 	line_2: autoDraw = False
611.8178 	EXP 	line_3: autoDraw = False
611.8178 	EXP 	line_4: autoDraw = False
611.8178 	EXP 	probe_2: autoDraw = False
611.8178 	EXP 	fixation_2: autoDraw = True
611.9028 	EXP 	Device response: <KeyPress from None: t=611.7969584999955, value=c, duration=0.09654080000473186>
612.8004 	EXP 	line_1: autoDraw = True
612.8004 	EXP 	line_2: autoDraw = True
612.8004 	EXP 	line_3: autoDraw = True
612.8004 	EXP 	line_4: autoDraw = True
612.8175 	EXP 	fixation_2: autoDraw = False
613.8167 	INFO 	Keyboard events cleared
613.8165 	EXP 	probe_2: autoDraw = True
614.9351 	EXP 	Device response: <KeyPress from None: t=614.9192341000016, value=c, duration=None>
614.9357 	EXP 	New trial (rep=6, index=41): <Trial 41 (41 in rep 6) data={'pos': np.int64(-50), 'corr_resp': 'x', 'thisN': 41, 'thisTrialN': 41, 'thisRepN': 6}>
614.9374 	DATA 	Keypress: c
614.9501 	EXP 	fixation_2: autoDraw = False
614.9501 	EXP 	line_1: autoDraw = False
614.9501 	EXP 	line_2: autoDraw = False
614.9501 	EXP 	line_3: autoDraw = False
614.9501 	EXP 	line_4: autoDraw = False
614.9501 	EXP 	probe_2: autoDraw = False
614.9501 	EXP 	fixation_2: autoDraw = True
615.0347 	EXP 	Device response: <KeyPress from None: t=614.9192341000016, value=c, duration=0.10343049999210052>
615.9516 	EXP 	fixation_2: autoDraw = False
615.9516 	EXP 	line_1: autoDraw = True
615.9516 	EXP 	line_2: autoDraw = True
615.9516 	EXP 	line_3: autoDraw = True
615.9516 	EXP 	line_4: autoDraw = True
616.9357 	INFO 	Keyboard events cleared
616.9355 	EXP 	probe_2: autoDraw = True
617.8517 	EXP 	Device response: <KeyPress from None: t=617.8424924999999, value=x, duration=None>
617.8520 	EXP 	New trial (rep=14, index=42): <Trial 42 (42 in rep 14) data={'pos': np.int64(50), 'corr_resp': 'c', 'thisN': 42, 'thisTrialN': 42, 'thisRepN': 14}>
617.8536 	DATA 	Keypress: x
617.8683 	EXP 	fixation_2: autoDraw = False
617.8683 	EXP 	line_1: autoDraw = False
617.8683 	EXP 	line_2: autoDraw = False
617.8683 	EXP 	line_3: autoDraw = False
617.8683 	EXP 	line_4: autoDraw = False
617.8683 	EXP 	probe_2: autoDraw = False
617.8683 	EXP 	fixation_2: autoDraw = True
617.9362 	EXP 	Device response: <KeyPress from None: t=617.8424924999999, value=x, duration=0.08465249999426305>
618.8518 	EXP 	line_1: autoDraw = True
618.8518 	EXP 	line_2: autoDraw = True
618.8518 	EXP 	line_3: autoDraw = True
618.8518 	EXP 	line_4: autoDraw = True
618.8676 	EXP 	fixation_2: autoDraw = False
619.8527 	INFO 	Keyboard events cleared
619.8525 	EXP 	probe_2: autoDraw = True
621.6684 	EXP 	Device response: <KeyPress from None: t=621.6675332000013, value=c, duration=None>
621.6688 	EXP 	New trial (rep=11, index=43): <Trial 43 (43 in rep 11) data={'pos': np.int64(-150), 'corr_resp': 'z', 'thisN': 43, 'thisTrialN': 43, 'thisRepN': 11}>
621.6705 	DATA 	Keypress: c
621.6837 	EXP 	fixation_2: autoDraw = False
621.6837 	EXP 	line_1: autoDraw = False
621.6837 	EXP 	line_2: autoDraw = False
621.6837 	EXP 	line_3: autoDraw = False
621.6837 	EXP 	line_4: autoDraw = False
621.6837 	EXP 	probe_2: autoDraw = False
621.6837 	EXP 	fixation_2: autoDraw = True
621.7851 	EXP 	Device response: <KeyPress from None: t=621.6675332000013, value=c, duration=0.10712739999871701>
622.6686 	EXP 	line_1: autoDraw = True
622.6686 	EXP 	line_2: autoDraw = True
622.6686 	EXP 	line_3: autoDraw = True
622.6686 	EXP 	line_4: autoDraw = True
622.6849 	EXP 	fixation_2: autoDraw = False
623.6691 	INFO 	Keyboard events cleared
623.6689 	EXP 	probe_2: autoDraw = True
625.0030 	EXP 	Device response: <KeyPress from None: t=624.9925600000133, value=z, duration=None>
625.0035 	EXP 	New trial (rep=15, index=44): <Trial 44 (44 in rep 15) data={'pos': np.int64(50), 'corr_resp': 'c', 'thisN': 44, 'thisTrialN': 44, 'thisRepN': 15}>
625.0050 	DATA 	Keypress: z
625.0170 	EXP 	fixation_2: autoDraw = False
625.0170 	EXP 	line_1: autoDraw = False
625.0170 	EXP 	line_2: autoDraw = False
625.0170 	EXP 	line_3: autoDraw = False
625.0170 	EXP 	line_4: autoDraw = False
625.0170 	EXP 	probe_2: autoDraw = False
625.0170 	EXP 	fixation_2: autoDraw = True
625.1188 	EXP 	Device response: <KeyPress from None: t=624.9925600000133, value=z, duration=0.11157399998046458>
626.0024 	EXP 	line_1: autoDraw = True
626.0024 	EXP 	line_2: autoDraw = True
626.0024 	EXP 	line_3: autoDraw = True
626.0024 	EXP 	line_4: autoDraw = True
626.0190 	EXP 	fixation_2: autoDraw = False
627.0025 	INFO 	Keyboard events cleared
627.0023 	EXP 	probe_2: autoDraw = True
628.5031 	EXP 	Device response: <KeyPress from None: t=628.4930566000112, value=c, duration=None>
628.5036 	EXP 	New trial (rep=10, index=45): <Trial 45 (45 in rep 10) data={'pos': np.int64(150), 'corr_resp': 'v', 'thisN': 45, 'thisTrialN': 45, 'thisRepN': 10}>
628.5052 	DATA 	Keypress: c
628.5169 	EXP 	fixation_2: autoDraw = False
628.5169 	EXP 	line_1: autoDraw = False
628.5169 	EXP 	line_2: autoDraw = False
628.5169 	EXP 	line_3: autoDraw = False
628.5169 	EXP 	line_4: autoDraw = False
628.5169 	EXP 	probe_2: autoDraw = False
628.5169 	EXP 	fixation_2: autoDraw = True
628.5846 	EXP 	Device response: <KeyPress from None: t=628.4930566000112, value=c, duration=0.08521329998620786>
629.5194 	EXP 	fixation_2: autoDraw = False
629.5194 	EXP 	line_1: autoDraw = True
629.5194 	EXP 	line_2: autoDraw = True
629.5194 	EXP 	line_3: autoDraw = True
629.5194 	EXP 	line_4: autoDraw = True
630.5189 	INFO 	Keyboard events cleared
630.5187 	EXP 	probe_2: autoDraw = True
631.8695 	EXP 	Device response: <KeyPress from None: t=631.8607608000166, value=v, duration=None>
631.8700 	EXP 	New trial (rep=12, index=46): <Trial 46 (46 in rep 12) data={'pos': np.int64(-150), 'corr_resp': 'z', 'thisN': 46, 'thisTrialN': 46, 'thisRepN': 12}>
631.8717 	DATA 	Keypress: v
631.8841 	EXP 	fixation_2: autoDraw = False
631.8841 	EXP 	line_1: autoDraw = False
631.8841 	EXP 	line_2: autoDraw = False
631.8841 	EXP 	line_3: autoDraw = False
631.8841 	EXP 	line_4: autoDraw = False
631.8841 	EXP 	probe_2: autoDraw = False
631.8841 	EXP 	fixation_2: autoDraw = True
631.9523 	EXP 	Device response: <KeyPress from None: t=631.8607608000166, value=v, duration=0.08846069997525774>
632.8685 	EXP 	line_1: autoDraw = True
632.8685 	EXP 	line_2: autoDraw = True
632.8685 	EXP 	line_3: autoDraw = True
632.8685 	EXP 	line_4: autoDraw = True
632.8852 	EXP 	fixation_2: autoDraw = False
633.8691 	INFO 	Keyboard events cleared
633.8689 	EXP 	probe_2: autoDraw = True
635.1525 	EXP 	Device response: <KeyPress from None: t=635.1456056000025, value=z, duration=None>
635.1528 	EXP 	New trial (rep=16, index=47): <Trial 47 (47 in rep 16) data={'pos': np.int64(50), 'corr_resp': 'c', 'thisN': 47, 'thisTrialN': 47, 'thisRepN': 16}>
635.1542 	DATA 	Keypress: z
635.1679 	EXP 	fixation_2: autoDraw = False
635.1679 	EXP 	line_1: autoDraw = False
635.1679 	EXP 	line_2: autoDraw = False
635.1679 	EXP 	line_3: autoDraw = False
635.1679 	EXP 	line_4: autoDraw = False
635.1679 	EXP 	probe_2: autoDraw = False
635.1679 	EXP 	fixation_2: autoDraw = True
635.2696 	EXP 	Device response: <KeyPress from None: t=635.1456056000025, value=z, duration=0.11629929998889565>
636.1522 	EXP 	line_1: autoDraw = True
636.1522 	EXP 	line_2: autoDraw = True
636.1522 	EXP 	line_3: autoDraw = True
636.1522 	EXP 	line_4: autoDraw = True
636.1674 	EXP 	fixation_2: autoDraw = False
637.1526 	INFO 	Keyboard events cleared
637.1524 	EXP 	probe_2: autoDraw = True
639.1390 	DATA 	Keypress: c
639.1514 	EXP 	Device response: <KeyPress from None: t=639.1374550000182, value=c, duration=None>
639.1517 	EXP 	New trial (rep=17, index=48): <Trial 48 (48 in rep 17) data={'pos': np.int64(50), 'corr_resp': 'c', 'thisN': 48, 'thisTrialN': 48, 'thisRepN': 17}>
639.1696 	EXP 	fixation_2: autoDraw = False
639.1696 	EXP 	line_1: autoDraw = False
639.1696 	EXP 	line_2: autoDraw = False
639.1696 	EXP 	line_3: autoDraw = False
639.1696 	EXP 	line_4: autoDraw = False
639.1696 	EXP 	probe_2: autoDraw = False
639.1696 	EXP 	fixation_2: autoDraw = True
639.2357 	EXP 	Device response: <KeyPress from None: t=639.1374550000182, value=c, duration=0.09528069998486899>
640.1509 	EXP 	line_1: autoDraw = True
640.1509 	EXP 	line_2: autoDraw = True
640.1509 	EXP 	line_3: autoDraw = True
640.1509 	EXP 	line_4: autoDraw = True
640.1841 	EXP 	fixation_2: autoDraw = False
641.1509 	INFO 	Keyboard events cleared
641.1507 	EXP 	probe_2: autoDraw = True
642.1360 	EXP 	Device response: <KeyPress from None: t=642.1305747000151, value=c, duration=None>
642.1363 	EXP 	New trial (rep=18, index=49): <Trial 49 (49 in rep 18) data={'pos': np.int64(50), 'corr_resp': 'c', 'thisN': 49, 'thisTrialN': 49, 'thisRepN': 18}>
642.1378 	DATA 	Keypress: c
642.1506 	EXP 	fixation_2: autoDraw = False
642.1506 	EXP 	line_1: autoDraw = False
642.1506 	EXP 	line_2: autoDraw = False
642.1506 	EXP 	line_3: autoDraw = False
642.1506 	EXP 	line_4: autoDraw = False
642.1506 	EXP 	probe_2: autoDraw = False
642.1506 	EXP 	fixation_2: autoDraw = True
642.2193 	EXP 	Device response: <KeyPress from None: t=642.1305747000151, value=c, duration=0.0865263000014238>
643.1361 	EXP 	line_1: autoDraw = True
643.1361 	EXP 	line_2: autoDraw = True
643.1361 	EXP 	line_3: autoDraw = True
643.1361 	EXP 	line_4: autoDraw = True
643.1514 	EXP 	fixation_2: autoDraw = False
644.1352 	INFO 	Keyboard events cleared
644.1350 	EXP 	probe_2: autoDraw = True
644.7716 	DATA 	Keypress: c
644.7859 	EXP 	Device response: <KeyPress from None: t=644.7704961000127, value=c, duration=None>
644.7864 	EXP 	New trial (rep=19, index=50): <Trial 50 (50 in rep 19) data={'pos': np.int64(50), 'corr_resp': 'c', 'thisN': 50, 'thisTrialN': 50, 'thisRepN': 19}>
644.8013 	EXP 	fixation_2: autoDraw = False
644.8013 	EXP 	line_1: autoDraw = False
644.8013 	EXP 	line_2: autoDraw = False
644.8013 	EXP 	line_3: autoDraw = False
644.8013 	EXP 	line_4: autoDraw = False
644.8013 	EXP 	probe_2: autoDraw = False
644.8013 	EXP 	fixation_2: autoDraw = True
644.8529 	EXP 	Device response: <KeyPress from None: t=644.7704961000127, value=c, duration=0.08137239998904988>
645.7852 	EXP 	line_1: autoDraw = True
645.7852 	EXP 	line_2: autoDraw = True
645.7852 	EXP 	line_3: autoDraw = True
645.7852 	EXP 	line_4: autoDraw = True
645.8026 	EXP 	fixation_2: autoDraw = False
646.7850 	INFO 	Keyboard events cleared
646.7848 	EXP 	probe_2: autoDraw = True
647.5033 	EXP 	Device response: <KeyPress from None: t=647.4932641999912, value=c, duration=None>
647.5037 	EXP 	New trial (rep=7, index=51): <Trial 51 (51 in rep 7) data={'pos': np.int64(-50), 'corr_resp': 'x', 'thisN': 51, 'thisTrialN': 51, 'thisRepN': 7}>
647.5052 	DATA 	Keypress: c
647.5176 	EXP 	fixation_2: autoDraw = False
647.5176 	EXP 	line_1: autoDraw = False
647.5176 	EXP 	line_2: autoDraw = False
647.5176 	EXP 	line_3: autoDraw = False
647.5176 	EXP 	line_4: autoDraw = False
647.5176 	EXP 	probe_2: autoDraw = False
647.5176 	EXP 	fixation_2: autoDraw = True
647.5694 	EXP 	Device response: <KeyPress from None: t=647.4932641999912, value=c, duration=0.07280240001273341>
648.5018 	EXP 	line_1: autoDraw = True
648.5018 	EXP 	line_2: autoDraw = True
648.5018 	EXP 	line_3: autoDraw = True
648.5018 	EXP 	line_4: autoDraw = True
648.5193 	EXP 	fixation_2: autoDraw = False
649.5195 	INFO 	Keyboard events cleared
649.5193 	EXP 	probe_2: autoDraw = True
650.8013 	EXP 	Device response: <KeyPress from None: t=650.7934476000082, value=x, duration=None>
650.8017 	EXP 	New trial (rep=8, index=52): <Trial 52 (52 in rep 8) data={'pos': np.int64(-50), 'corr_resp': 'x', 'thisN': 52, 'thisTrialN': 52, 'thisRepN': 8}>
650.8030 	DATA 	Keypress: x
650.8190 	EXP 	fixation_2: autoDraw = False
650.8190 	EXP 	line_1: autoDraw = False
650.8190 	EXP 	line_2: autoDraw = False
650.8190 	EXP 	line_3: autoDraw = False
650.8190 	EXP 	line_4: autoDraw = False
650.8190 	EXP 	probe_2: autoDraw = False
650.8190 	EXP 	fixation_2: autoDraw = True
650.9015 	EXP 	Device response: <KeyPress from None: t=650.7934476000082, value=x, duration=0.09344470000360161>
651.8027 	EXP 	line_1: autoDraw = True
651.8027 	EXP 	line_2: autoDraw = True
651.8027 	EXP 	line_3: autoDraw = True
651.8027 	EXP 	line_4: autoDraw = True
651.8193 	EXP 	fixation_2: autoDraw = False
652.8200 	INFO 	Keyboard events cleared
652.8198 	EXP 	probe_2: autoDraw = True
654.3186 	EXP 	Device response: <KeyPress from None: t=654.3151255999983, value=x, duration=None>
654.3190 	EXP 	New trial (rep=9, index=53): <Trial 53 (53 in rep 9) data={'pos': np.int64(-50), 'corr_resp': 'x', 'thisN': 53, 'thisTrialN': 53, 'thisRepN': 9}>
654.3202 	DATA 	Keypress: x
654.3337 	EXP 	fixation_2: autoDraw = False
654.3337 	EXP 	line_1: autoDraw = False
654.3337 	EXP 	line_2: autoDraw = False
654.3337 	EXP 	line_3: autoDraw = False
654.3337 	EXP 	line_4: autoDraw = False
654.3337 	EXP 	probe_2: autoDraw = False
654.3337 	EXP 	fixation_2: autoDraw = True
654.4177 	EXP 	Device response: <KeyPress from None: t=654.3151255999983, value=x, duration=0.09105350001482293>
655.3339 	EXP 	fixation_2: autoDraw = False
655.3339 	EXP 	line_1: autoDraw = True
655.3339 	EXP 	line_2: autoDraw = True
655.3339 	EXP 	line_3: autoDraw = True
655.3339 	EXP 	line_4: autoDraw = True
656.3198 	INFO 	Keyboard events cleared
656.3196 	EXP 	probe_2: autoDraw = True
657.0181 	EXP 	Device response: <KeyPress from None: t=657.0144194000168, value=x, duration=None>
657.0184 	EXP 	New trial (rep=10, index=54): <Trial 54 (54 in rep 10) data={'pos': np.int64(-50), 'corr_resp': 'x', 'thisN': 54, 'thisTrialN': 54, 'thisRepN': 10}>
657.0196 	DATA 	Keypress: x
657.0351 	EXP 	fixation_2: autoDraw = False
657.0351 	EXP 	line_1: autoDraw = False
657.0351 	EXP 	line_2: autoDraw = False
657.0351 	EXP 	line_3: autoDraw = False
657.0351 	EXP 	line_4: autoDraw = False
657.0351 	EXP 	probe_2: autoDraw = False
657.0351 	EXP 	fixation_2: autoDraw = True
657.1192 	EXP 	Device response: <KeyPress from None: t=657.0144194000168, value=x, duration=0.10186859997338615>
658.0195 	EXP 	line_1: autoDraw = True
658.0195 	EXP 	line_2: autoDraw = True
658.0195 	EXP 	line_3: autoDraw = True
658.0195 	EXP 	line_4: autoDraw = True
658.0354 	EXP 	fixation_2: autoDraw = False
659.0196 	INFO 	Keyboard events cleared
659.0193 	EXP 	probe_2: autoDraw = True
659.6554 	DATA 	Keypress: x
659.6682 	EXP 	Device response: <KeyPress from None: t=659.6540294000006, value=x, duration=None>
659.6687 	EXP 	New trial (rep=13, index=55): <Trial 55 (55 in rep 13) data={'pos': np.int64(-150), 'corr_resp': 'z', 'thisN': 55, 'thisTrialN': 55, 'thisRepN': 13}>
659.6859 	EXP 	fixation_2: autoDraw = False
659.6859 	EXP 	line_1: autoDraw = False
659.6859 	EXP 	line_2: autoDraw = False
659.6859 	EXP 	line_3: autoDraw = False
659.6859 	EXP 	line_4: autoDraw = False
659.6859 	EXP 	probe_2: autoDraw = False
659.6859 	EXP 	fixation_2: autoDraw = True
659.7528 	EXP 	Device response: <KeyPress from None: t=659.6540294000006, value=x, duration=0.09405939999851398>
660.6695 	EXP 	line_1: autoDraw = True
660.6695 	EXP 	line_2: autoDraw = True
660.6695 	EXP 	line_3: autoDraw = True
660.6695 	EXP 	line_4: autoDraw = True
660.6857 	EXP 	fixation_2: autoDraw = False
661.6859 	INFO 	Keyboard events cleared
661.6857 	EXP 	probe_2: autoDraw = True
662.8523 	EXP 	Device response: <KeyPress from None: t=662.8425848000043, value=z, duration=None>
662.8528 	EXP 	New trial (rep=11, index=56): <Trial 56 (56 in rep 11) data={'pos': np.int64(150), 'corr_resp': 'v', 'thisN': 56, 'thisTrialN': 56, 'thisRepN': 11}>
662.8542 	DATA 	Keypress: z
662.8691 	EXP 	fixation_2: autoDraw = False
662.8691 	EXP 	line_1: autoDraw = False
662.8691 	EXP 	line_2: autoDraw = False
662.8691 	EXP 	line_3: autoDraw = False
662.8691 	EXP 	line_4: autoDraw = False
662.8691 	EXP 	probe_2: autoDraw = False
662.8691 	EXP 	fixation_2: autoDraw = True
662.9534 	EXP 	Device response: <KeyPress from None: t=662.8425848000043, value=z, duration=0.10316229998716153>
663.8521 	EXP 	line_1: autoDraw = True
663.8521 	EXP 	line_2: autoDraw = True
663.8521 	EXP 	line_3: autoDraw = True
663.8521 	EXP 	line_4: autoDraw = True
663.8691 	EXP 	fixation_2: autoDraw = False
664.8526 	INFO 	Keyboard events cleared
664.8524 	EXP 	probe_2: autoDraw = True
666.1524 	EXP 	Device response: <KeyPress from None: t=666.1456939000054, value=v, duration=None>
666.1528 	EXP 	New trial (rep=20, index=57): <Trial 57 (57 in rep 20) data={'pos': np.int64(50), 'corr_resp': 'c', 'thisN': 57, 'thisTrialN': 57, 'thisRepN': 20}>
666.1541 	DATA 	Keypress: v
666.1678 	EXP 	fixation_2: autoDraw = False
666.1678 	EXP 	line_1: autoDraw = False
666.1678 	EXP 	line_2: autoDraw = False
666.1678 	EXP 	line_3: autoDraw = False
666.1678 	EXP 	line_4: autoDraw = False
666.1678 	EXP 	probe_2: autoDraw = False
666.1678 	EXP 	fixation_2: autoDraw = True
666.2533 	EXP 	Device response: <KeyPress from None: t=666.1456939000054, value=v, duration=0.09327260000281967>
667.1529 	EXP 	line_1: autoDraw = True
667.1529 	EXP 	line_2: autoDraw = True
667.1529 	EXP 	line_3: autoDraw = True
667.1529 	EXP 	line_4: autoDraw = True
667.1697 	EXP 	fixation_2: autoDraw = False
668.1531 	INFO 	Keyboard events cleared
668.1529 	EXP 	probe_2: autoDraw = True
668.7861 	EXP 	Device response: <KeyPress from None: t=668.7763144999917, value=c, duration=None>
668.7864 	EXP 	New trial (rep=14, index=58): <Trial 58 (58 in rep 14) data={'pos': np.int64(-150), 'corr_resp': 'z', 'thisN': 58, 'thisTrialN': 58, 'thisRepN': 14}>
668.7878 	DATA 	Keypress: c
668.8011 	EXP 	fixation_2: autoDraw = False
668.8011 	EXP 	line_1: autoDraw = False
668.8011 	EXP 	line_2: autoDraw = False
668.8011 	EXP 	line_3: autoDraw = False
668.8011 	EXP 	line_4: autoDraw = False
668.8011 	EXP 	probe_2: autoDraw = False
668.8011 	EXP 	fixation_2: autoDraw = True
668.8870 	EXP 	Device response: <KeyPress from None: t=668.7763144999917, value=c, duration=0.10800630002631806>
669.7858 	EXP 	line_1: autoDraw = True
669.7858 	EXP 	line_2: autoDraw = True
669.7858 	EXP 	line_3: autoDraw = True
669.7858 	EXP 	line_4: autoDraw = True
669.8028 	EXP 	fixation_2: autoDraw = False
670.7866 	INFO 	Keyboard events cleared
670.7863 	EXP 	probe_2: autoDraw = True
671.5859 	EXP 	Device response: <KeyPress from None: t=671.5815688000002, value=z, duration=None>
671.5862 	EXP 	New trial (rep=21, index=59): <Trial 59 (59 in rep 21) data={'pos': np.int64(50), 'corr_resp': 'c', 'thisN': 59, 'thisTrialN': 59, 'thisRepN': 21}>
671.5877 	DATA 	Keypress: z
671.6019 	EXP 	fixation_2: autoDraw = False
671.6019 	EXP 	line_1: autoDraw = False
671.6019 	EXP 	line_2: autoDraw = False
671.6019 	EXP 	line_3: autoDraw = False
671.6019 	EXP 	line_4: autoDraw = False
671.6019 	EXP 	probe_2: autoDraw = False
671.6019 	EXP 	fixation_2: autoDraw = True
671.7023 	EXP 	Device response: <KeyPress from None: t=671.5815688000002, value=z, duration=0.10435919999144971>
672.5867 	EXP 	line_1: autoDraw = True
672.5867 	EXP 	line_2: autoDraw = True
672.5867 	EXP 	line_3: autoDraw = True
672.5867 	EXP 	line_4: autoDraw = True
672.6015 	EXP 	fixation_2: autoDraw = False
673.6031 	INFO 	Keyboard events cleared
673.6029 	EXP 	probe_2: autoDraw = True
674.4551 	DATA 	Keypress: c
674.4692 	EXP 	Device response: <KeyPress from None: t=674.4534809000033, value=c, duration=None>
674.4696 	EXP 	New trial (rep=11, index=60): <Trial 60 (60 in rep 11) data={'pos': np.int64(-50), 'corr_resp': 'x', 'thisN': 60, 'thisTrialN': 60, 'thisRepN': 11}>
674.4860 	EXP 	fixation_2: autoDraw = False
674.4860 	EXP 	line_1: autoDraw = False
674.4860 	EXP 	line_2: autoDraw = False
674.4860 	EXP 	line_3: autoDraw = False
674.4860 	EXP 	line_4: autoDraw = False
674.4860 	EXP 	probe_2: autoDraw = False
674.4860 	EXP 	fixation_2: autoDraw = True
674.5695 	EXP 	Device response: <KeyPress from None: t=674.4534809000033, value=c, duration=0.09840970000368543>
675.4697 	EXP 	line_1: autoDraw = True
675.4697 	EXP 	line_2: autoDraw = True
675.4697 	EXP 	line_3: autoDraw = True
675.4697 	EXP 	line_4: autoDraw = True
675.4847 	EXP 	fixation_2: autoDraw = False
676.4698 	INFO 	Keyboard events cleared
676.4696 	EXP 	probe_2: autoDraw = True
677.0361 	EXP 	Device response: <KeyPress from None: t=677.0331185999967, value=x, duration=None>
677.0365 	EXP 	New trial (rep=12, index=61): <Trial 61 (61 in rep 12) data={'pos': np.int64(150), 'corr_resp': 'v', 'thisN': 61, 'thisTrialN': 61, 'thisRepN': 12}>
677.0380 	DATA 	Keypress: x
677.0520 	EXP 	fixation_2: autoDraw = False
677.0520 	EXP 	line_1: autoDraw = False
677.0520 	EXP 	line_2: autoDraw = False
677.0520 	EXP 	line_3: autoDraw = False
677.0520 	EXP 	line_4: autoDraw = False
677.0520 	EXP 	probe_2: autoDraw = False
677.0520 	EXP 	fixation_2: autoDraw = True
677.1350 	EXP 	Device response: <KeyPress from None: t=677.0331185999967, value=x, duration=0.08743100002175197>
678.0529 	EXP 	fixation_2: autoDraw = False
678.0529 	EXP 	line_1: autoDraw = True
678.0529 	EXP 	line_2: autoDraw = True
678.0529 	EXP 	line_3: autoDraw = True
678.0529 	EXP 	line_4: autoDraw = True
679.0356 	INFO 	Keyboard events cleared
679.0354 	EXP 	probe_2: autoDraw = True
679.8852 	EXP 	Device response: <KeyPress from None: t=679.8739839000045, value=v, duration=None>
679.8856 	EXP 	New trial (rep=12, index=62): <Trial 62 (62 in rep 12) data={'pos': np.int64(-50), 'corr_resp': 'x', 'thisN': 62, 'thisTrialN': 62, 'thisRepN': 12}>
679.8870 	DATA 	Keypress: v
679.9023 	EXP 	fixation_2: autoDraw = False
679.9023 	EXP 	line_1: autoDraw = False
679.9023 	EXP 	line_2: autoDraw = False
679.9023 	EXP 	line_3: autoDraw = False
679.9023 	EXP 	line_4: autoDraw = False
679.9023 	EXP 	probe_2: autoDraw = False
679.9023 	EXP 	fixation_2: autoDraw = True
679.9867 	EXP 	Device response: <KeyPress from None: t=679.8739839000045, value=v, duration=0.09659289999399334>
680.8846 	EXP 	line_1: autoDraw = True
680.8846 	EXP 	line_2: autoDraw = True
680.8846 	EXP 	line_3: autoDraw = True
680.8846 	EXP 	line_4: autoDraw = True
680.9015 	EXP 	fixation_2: autoDraw = False
681.8868 	INFO 	Keyboard events cleared
681.8866 	EXP 	probe_2: autoDraw = True
682.8867 	EXP 	Device response: <KeyPress from None: t=682.8814704999968, value=x, duration=None>
682.8871 	EXP 	New trial (rep=13, index=63): <Trial 63 (63 in rep 13) data={'pos': np.int64(150), 'corr_resp': 'v', 'thisN': 63, 'thisTrialN': 63, 'thisRepN': 13}>
682.8885 	DATA 	Keypress: x
682.9020 	EXP 	fixation_2: autoDraw = False
682.9020 	EXP 	line_1: autoDraw = False
682.9020 	EXP 	line_2: autoDraw = False
682.9020 	EXP 	line_3: autoDraw = False
682.9020 	EXP 	line_4: autoDraw = False
682.9020 	EXP 	probe_2: autoDraw = False
682.9020 	EXP 	fixation_2: autoDraw = True
682.9870 	EXP 	Device response: <KeyPress from None: t=682.8814704999968, value=x, duration=0.09103020001202822>
683.8861 	EXP 	line_1: autoDraw = True
683.8861 	EXP 	line_2: autoDraw = True
683.8861 	EXP 	line_3: autoDraw = True
683.8861 	EXP 	line_4: autoDraw = True
683.9034 	EXP 	fixation_2: autoDraw = False
684.8856 	INFO 	Keyboard events cleared
684.8854 	EXP 	probe_2: autoDraw = True
686.6021 	EXP 	Device response: <KeyPress from None: t=686.589212699997, value=v, duration=None>
686.6027 	EXP 	New trial (rep=22, index=64): <Trial 64 (64 in rep 22) data={'pos': np.int64(50), 'corr_resp': 'c', 'thisN': 64, 'thisTrialN': 64, 'thisRepN': 22}>
686.6049 	DATA 	Keypress: v
686.6189 	EXP 	fixation_2: autoDraw = False
686.6189 	EXP 	line_1: autoDraw = False
686.6189 	EXP 	line_2: autoDraw = False
686.6189 	EXP 	line_3: autoDraw = False
686.6189 	EXP 	line_4: autoDraw = False
686.6189 	EXP 	probe_2: autoDraw = False
686.6189 	EXP 	fixation_2: autoDraw = True
686.6857 	EXP 	Device response: <KeyPress from None: t=686.589212699997, value=v, duration=0.08114340002066456>
687.6032 	EXP 	line_1: autoDraw = True
687.6032 	EXP 	line_2: autoDraw = True
687.6032 	EXP 	line_3: autoDraw = True
687.6032 	EXP 	line_4: autoDraw = True
687.6200 	EXP 	fixation_2: autoDraw = False
688.6036 	INFO 	Keyboard events cleared
688.6033 	EXP 	probe_2: autoDraw = True
689.3359 	EXP 	Device response: <KeyPress from None: t=689.3345541000017, value=c, duration=None>
689.3362 	EXP 	New trial (rep=14, index=65): <Trial 65 (65 in rep 14) data={'pos': np.int64(150), 'corr_resp': 'v', 'thisN': 65, 'thisTrialN': 65, 'thisRepN': 14}>
689.3376 	DATA 	Keypress: c
689.3525 	EXP 	fixation_2: autoDraw = False
689.3525 	EXP 	line_1: autoDraw = False
689.3525 	EXP 	line_2: autoDraw = False
689.3525 	EXP 	line_3: autoDraw = False
689.3525 	EXP 	line_4: autoDraw = False
689.3525 	EXP 	probe_2: autoDraw = False
689.3525 	EXP 	fixation_2: autoDraw = True
689.4361 	EXP 	Device response: <KeyPress from None: t=689.3345541000017, value=c, duration=0.09185409999918193>
690.3369 	EXP 	line_1: autoDraw = True
690.3369 	EXP 	line_2: autoDraw = True
690.3369 	EXP 	line_3: autoDraw = True
690.3369 	EXP 	line_4: autoDraw = True
690.3528 	EXP 	fixation_2: autoDraw = False
691.3366 	INFO 	Keyboard events cleared
691.3364 	EXP 	probe_2: autoDraw = True
692.2044 	EXP 	Device response: <KeyPress from None: t=692.1898194999958, value=v, duration=None>
692.2049 	EXP 	New trial (rep=15, index=66): <Trial 66 (66 in rep 15) data={'pos': np.int64(150), 'corr_resp': 'v', 'thisN': 66, 'thisTrialN': 66, 'thisRepN': 15}>
692.2066 	DATA 	Keypress: v
692.2185 	EXP 	fixation_2: autoDraw = False
692.2185 	EXP 	line_1: autoDraw = False
692.2185 	EXP 	line_2: autoDraw = False
692.2185 	EXP 	line_3: autoDraw = False
692.2185 	EXP 	line_4: autoDraw = False
692.2185 	EXP 	probe_2: autoDraw = False
692.2185 	EXP 	fixation_2: autoDraw = True
692.2866 	EXP 	Device response: <KeyPress from None: t=692.1898194999958, value=v, duration=0.08103250002022833>
693.2189 	EXP 	fixation_2: autoDraw = False
693.2189 	EXP 	line_1: autoDraw = True
693.2189 	EXP 	line_2: autoDraw = True
693.2189 	EXP 	line_3: autoDraw = True
693.2189 	EXP 	line_4: autoDraw = True
694.2202 	INFO 	Keyboard events cleared
694.2200 	EXP 	probe_2: autoDraw = True
695.1887 	DATA 	Keypress: v
695.2028 	EXP 	Device response: <KeyPress from None: t=695.1868871999905, value=v, duration=None>
695.2032 	EXP 	New trial (rep=13, index=67): <Trial 67 (67 in rep 13) data={'pos': np.int64(-50), 'corr_resp': 'x', 'thisN': 67, 'thisTrialN': 67, 'thisRepN': 13}>
695.2190 	EXP 	fixation_2: autoDraw = False
695.2190 	EXP 	line_1: autoDraw = False
695.2190 	EXP 	line_2: autoDraw = False
695.2190 	EXP 	line_3: autoDraw = False
695.2190 	EXP 	line_4: autoDraw = False
695.2190 	EXP 	probe_2: autoDraw = False
695.2190 	EXP 	fixation_2: autoDraw = True
695.2522 	EXP 	Device response: <KeyPress from None: t=695.1868871999905, value=v, duration=0.060632300010183826>
696.2031 	EXP 	line_1: autoDraw = True
696.2031 	EXP 	line_2: autoDraw = True
696.2031 	EXP 	line_3: autoDraw = True
696.2031 	EXP 	line_4: autoDraw = True
696.2198 	EXP 	fixation_2: autoDraw = False
697.2038 	INFO 	Keyboard events cleared
697.2036 	EXP 	probe_2: autoDraw = True
697.9867 	EXP 	Device response: <KeyPress from None: t=697.9727581999905, value=x, duration=None>
697.9871 	EXP 	New trial (rep=15, index=68): <Trial 68 (68 in rep 15) data={'pos': np.int64(-150), 'corr_resp': 'z', 'thisN': 68, 'thisTrialN': 68, 'thisRepN': 15}>
697.9885 	DATA 	Keypress: x
698.0021 	EXP 	fixation_2: autoDraw = False
698.0021 	EXP 	line_1: autoDraw = False
698.0021 	EXP 	line_2: autoDraw = False
698.0021 	EXP 	line_3: autoDraw = False
698.0021 	EXP 	line_4: autoDraw = False
698.0021 	EXP 	probe_2: autoDraw = False
698.0021 	EXP 	fixation_2: autoDraw = True
698.0699 	EXP 	Device response: <KeyPress from None: t=697.9727581999905, value=x, duration=0.09375700002419762>
699.0031 	EXP 	fixation_2: autoDraw = False
699.0031 	EXP 	line_1: autoDraw = True
699.0031 	EXP 	line_2: autoDraw = True
699.0031 	EXP 	line_3: autoDraw = True
699.0031 	EXP 	line_4: autoDraw = True
699.9869 	INFO 	Keyboard events cleared
699.9867 	EXP 	probe_2: autoDraw = True
700.8201 	EXP 	Device response: <KeyPress from None: t=700.8156159000064, value=z, duration=None>
700.8206 	EXP 	New trial (rep=16, index=69): <Trial 69 (69 in rep 16) data={'pos': np.int64(-150), 'corr_resp': 'z', 'thisN': 69, 'thisTrialN': 69, 'thisRepN': 16}>
700.8220 	DATA 	Keypress: z
700.8354 	EXP 	fixation_2: autoDraw = False
700.8354 	EXP 	line_1: autoDraw = False
700.8354 	EXP 	line_2: autoDraw = False
700.8354 	EXP 	line_3: autoDraw = False
700.8354 	EXP 	line_4: autoDraw = False
700.8354 	EXP 	probe_2: autoDraw = False
700.8354 	EXP 	fixation_2: autoDraw = True
700.9535 	EXP 	Device response: <KeyPress from None: t=700.8156159000064, value=z, duration=0.13134059999720193>
701.8195 	EXP 	line_1: autoDraw = True
701.8195 	EXP 	line_2: autoDraw = True
701.8195 	EXP 	line_3: autoDraw = True
701.8195 	EXP 	line_4: autoDraw = True
701.8362 	EXP 	fixation_2: autoDraw = False
702.8200 	INFO 	Keyboard events cleared
702.8198 	EXP 	probe_2: autoDraw = True
703.6867 	EXP 	Device response: <KeyPress from None: t=703.6763948000153, value=z, duration=None>
703.6871 	EXP 	New trial (rep=23, index=70): <Trial 70 (70 in rep 23) data={'pos': np.int64(50), 'corr_resp': 'c', 'thisN': 70, 'thisTrialN': 70, 'thisRepN': 23}>
703.6885 	DATA 	Keypress: z
703.7023 	EXP 	fixation_2: autoDraw = False
703.7023 	EXP 	line_1: autoDraw = False
703.7023 	EXP 	line_2: autoDraw = False
703.7023 	EXP 	line_3: autoDraw = False
703.7023 	EXP 	line_4: autoDraw = False
703.7023 	EXP 	probe_2: autoDraw = False
703.7023 	EXP 	fixation_2: autoDraw = True
703.7868 	EXP 	Device response: <KeyPress from None: t=703.6763948000153, value=z, duration=0.10718049999559298>
704.7039 	EXP 	fixation_2: autoDraw = False
704.7039 	EXP 	line_1: autoDraw = True
704.7039 	EXP 	line_2: autoDraw = True
704.7039 	EXP 	line_3: autoDraw = True
704.7039 	EXP 	line_4: autoDraw = True
705.6856 	INFO 	Keyboard events cleared
705.6854 	EXP 	probe_2: autoDraw = True
706.3374 	EXP 	Device response: <KeyPress from None: t=706.3348190000106, value=c, duration=None>
706.3377 	EXP 	New trial (rep=24, index=71): <Trial 71 (71 in rep 24) data={'pos': np.int64(50), 'corr_resp': 'c', 'thisN': 71, 'thisTrialN': 71, 'thisRepN': 24}>
706.3391 	DATA 	Keypress: c
706.3518 	EXP 	fixation_2: autoDraw = False
706.3518 	EXP 	line_1: autoDraw = False
706.3518 	EXP 	line_2: autoDraw = False
706.3518 	EXP 	line_3: autoDraw = False
706.3518 	EXP 	line_4: autoDraw = False
706.3518 	EXP 	probe_2: autoDraw = False
706.3518 	EXP 	fixation_2: autoDraw = True
706.4872 	EXP 	Device response: <KeyPress from None: t=706.3348190000106, value=c, duration=0.14711259998148307>
707.3368 	EXP 	line_1: autoDraw = True
707.3368 	EXP 	line_2: autoDraw = True
707.3368 	EXP 	line_3: autoDraw = True
707.3368 	EXP 	line_4: autoDraw = True
707.3536 	EXP 	fixation_2: autoDraw = False
708.3363 	INFO 	Keyboard events cleared
708.3360 	EXP 	probe_2: autoDraw = True
709.0869 	EXP 	Device response: <KeyPress from None: t=709.0863013000053, value=c, duration=None>
709.0872 	EXP 	New trial (rep=16, index=72): <Trial 72 (72 in rep 16) data={'pos': np.int64(150), 'corr_resp': 'v', 'thisN': 72, 'thisTrialN': 72, 'thisRepN': 16}>
709.0886 	DATA 	Keypress: c
709.1017 	EXP 	fixation_2: autoDraw = False
709.1017 	EXP 	line_1: autoDraw = False
709.1017 	EXP 	line_2: autoDraw = False
709.1017 	EXP 	line_3: autoDraw = False
709.1017 	EXP 	line_4: autoDraw = False
709.1017 	EXP 	probe_2: autoDraw = False
709.1017 	EXP 	fixation_2: autoDraw = True
709.2205 	EXP 	Device response: <KeyPress from None: t=709.0863013000053, value=c, duration=0.1257575000054203>
710.1033 	EXP 	fixation_2: autoDraw = False
710.1033 	EXP 	line_1: autoDraw = True
710.1033 	EXP 	line_2: autoDraw = True
710.1033 	EXP 	line_3: autoDraw = True
710.1033 	EXP 	line_4: autoDraw = True
711.0859 	INFO 	Keyboard events cleared
711.0857 	EXP 	probe_2: autoDraw = True
712.6876 	EXP 	Device response: <KeyPress from None: t=712.6779967000184, value=v, duration=None>
712.6880 	EXP 	New trial (rep=17, index=73): <Trial 73 (73 in rep 17) data={'pos': np.int64(-150), 'corr_resp': 'z', 'thisN': 73, 'thisTrialN': 73, 'thisRepN': 17}>
712.6894 	DATA 	Keypress: v
712.7025 	EXP 	fixation_2: autoDraw = False
712.7025 	EXP 	line_1: autoDraw = False
712.7025 	EXP 	line_2: autoDraw = False
712.7025 	EXP 	line_3: autoDraw = False
712.7025 	EXP 	line_4: autoDraw = False
712.7025 	EXP 	probe_2: autoDraw = False
712.7025 	EXP 	fixation_2: autoDraw = True
712.7860 	EXP 	Device response: <KeyPress from None: t=712.6779967000184, value=v, duration=0.10086859998409636>
713.7036 	EXP 	fixation_2: autoDraw = False
713.7036 	EXP 	line_1: autoDraw = True
713.7036 	EXP 	line_2: autoDraw = True
713.7036 	EXP 	line_3: autoDraw = True
713.7036 	EXP 	line_4: autoDraw = True
714.7032 	INFO 	Keyboard events cleared
714.7030 	EXP 	probe_2: autoDraw = True
717.1692 	EXP 	Device response: <KeyPress from None: t=717.1636988999962, value=z, duration=None>
717.1695 	EXP 	New trial (rep=18, index=74): <Trial 74 (74 in rep 18) data={'pos': np.int64(-150), 'corr_resp': 'z', 'thisN': 74, 'thisTrialN': 74, 'thisRepN': 18}>
717.1710 	DATA 	Keypress: z
717.1859 	EXP 	fixation_2: autoDraw = False
717.1859 	EXP 	line_1: autoDraw = False
717.1859 	EXP 	line_2: autoDraw = False
717.1859 	EXP 	line_3: autoDraw = False
717.1859 	EXP 	line_4: autoDraw = False
717.1859 	EXP 	probe_2: autoDraw = False
717.1859 	EXP 	fixation_2: autoDraw = True
717.2707 	EXP 	Device response: <KeyPress from None: t=717.1636988999962, value=z, duration=0.09115220000967383>
718.1700 	EXP 	line_1: autoDraw = True
718.1700 	EXP 	line_2: autoDraw = True
718.1700 	EXP 	line_3: autoDraw = True
718.1700 	EXP 	line_4: autoDraw = True
718.1872 	EXP 	fixation_2: autoDraw = False
719.1701 	INFO 	Keyboard events cleared
719.1698 	EXP 	probe_2: autoDraw = True
720.0366 	EXP 	Device response: <KeyPress from None: t=720.0255979000067, value=z, duration=None>
720.0370 	EXP 	New trial (rep=14, index=75): <Trial 75 (75 in rep 14) data={'pos': np.int64(-50), 'corr_resp': 'x', 'thisN': 75, 'thisTrialN': 75, 'thisRepN': 14}>
720.0385 	DATA 	Keypress: z
720.0531 	EXP 	fixation_2: autoDraw = False
720.0531 	EXP 	line_1: autoDraw = False
720.0531 	EXP 	line_2: autoDraw = False
720.0531 	EXP 	line_3: autoDraw = False
720.0531 	EXP 	line_4: autoDraw = False
720.0531 	EXP 	probe_2: autoDraw = False
720.0531 	EXP 	fixation_2: autoDraw = True
720.1376 	EXP 	Device response: <KeyPress from None: t=720.0255979000067, value=z, duration=0.10391400000662543>
721.0364 	EXP 	line_1: autoDraw = True
721.0364 	EXP 	line_2: autoDraw = True
721.0364 	EXP 	line_3: autoDraw = True
721.0364 	EXP 	line_4: autoDraw = True
721.0535 	EXP 	fixation_2: autoDraw = False
722.0372 	INFO 	Keyboard events cleared
722.0370 	EXP 	probe_2: autoDraw = True
723.4042 	EXP 	Device response: <KeyPress from None: t=723.3973514999961, value=x, duration=None>
723.4047 	EXP 	New trial (rep=19, index=76): <Trial 76 (76 in rep 19) data={'pos': np.int64(-150), 'corr_resp': 'z', 'thisN': 76, 'thisTrialN': 76, 'thisRepN': 19}>
723.4064 	DATA 	Keypress: x
723.4189 	EXP 	fixation_2: autoDraw = False
723.4189 	EXP 	line_1: autoDraw = False
723.4189 	EXP 	line_2: autoDraw = False
723.4189 	EXP 	line_3: autoDraw = False
723.4189 	EXP 	line_4: autoDraw = False
723.4189 	EXP 	probe_2: autoDraw = False
723.4189 	EXP 	fixation_2: autoDraw = True
723.5364 	EXP 	Device response: <KeyPress from None: t=723.3973514999961, value=x, duration=0.1296176000032574>
724.4032 	EXP 	line_1: autoDraw = True
724.4032 	EXP 	line_2: autoDraw = True
724.4032 	EXP 	line_3: autoDraw = True
724.4032 	EXP 	line_4: autoDraw = True
724.4206 	EXP 	fixation_2: autoDraw = False
725.4032 	INFO 	Keyboard events cleared
725.4030 	EXP 	probe_2: autoDraw = True
726.4380 	EXP 	Device response: <KeyPress from None: t=726.4305626999994, value=z, duration=None>
726.4385 	EXP 	New trial (rep=20, index=77): <Trial 77 (77 in rep 20) data={'pos': np.int64(-150), 'corr_resp': 'z', 'thisN': 77, 'thisTrialN': 77, 'thisRepN': 20}>
726.4401 	DATA 	Keypress: z
726.4520 	EXP 	fixation_2: autoDraw = False
726.4520 	EXP 	line_1: autoDraw = False
726.4520 	EXP 	line_2: autoDraw = False
726.4520 	EXP 	line_3: autoDraw = False
726.4520 	EXP 	line_4: autoDraw = False
726.4520 	EXP 	probe_2: autoDraw = False
726.4520 	EXP 	fixation_2: autoDraw = True
726.5535 	EXP 	Device response: <KeyPress from None: t=726.4305626999994, value=z, duration=0.11117750001722015>
727.4539 	EXP 	fixation_2: autoDraw = False
727.4539 	EXP 	line_1: autoDraw = True
727.4539 	EXP 	line_2: autoDraw = True
727.4539 	EXP 	line_3: autoDraw = True
727.4539 	EXP 	line_4: autoDraw = True
728.4542 	INFO 	Keyboard events cleared
728.4539 	EXP 	probe_2: autoDraw = True
729.5702 	EXP 	Device response: <KeyPress from None: t=729.5623285000038, value=z, duration=None>
729.5706 	EXP 	New trial (rep=25, index=78): <Trial 78 (78 in rep 25) data={'pos': np.int64(50), 'corr_resp': 'c', 'thisN': 78, 'thisTrialN': 78, 'thisRepN': 25}>
729.5719 	DATA 	Keypress: z
729.5869 	EXP 	fixation_2: autoDraw = False
729.5869 	EXP 	line_1: autoDraw = False
729.5869 	EXP 	line_2: autoDraw = False
729.5869 	EXP 	line_3: autoDraw = False
729.5869 	EXP 	line_4: autoDraw = False
729.5869 	EXP 	probe_2: autoDraw = False
729.5869 	EXP 	fixation_2: autoDraw = True
729.6711 	EXP 	Device response: <KeyPress from None: t=729.5623285000038, value=z, duration=0.09700290000182576>
730.5704 	EXP 	line_1: autoDraw = True
730.5704 	EXP 	line_2: autoDraw = True
730.5704 	EXP 	line_3: autoDraw = True
730.5704 	EXP 	line_4: autoDraw = True
730.5874 	EXP 	fixation_2: autoDraw = False
731.5710 	INFO 	Keyboard events cleared
731.5708 	EXP 	probe_2: autoDraw = True
732.8702 	EXP 	Device response: <KeyPress from None: t=732.8662485000095, value=c, duration=None>
732.8706 	EXP 	New trial (rep=15, index=79): <Trial 79 (79 in rep 15) data={'pos': np.int64(-50), 'corr_resp': 'x', 'thisN': 79, 'thisTrialN': 79, 'thisRepN': 15}>
732.8720 	DATA 	Keypress: c
732.8862 	EXP 	fixation_2: autoDraw = False
732.8862 	EXP 	line_1: autoDraw = False
732.8862 	EXP 	line_2: autoDraw = False
732.8862 	EXP 	line_3: autoDraw = False
732.8862 	EXP 	line_4: autoDraw = False
732.8862 	EXP 	probe_2: autoDraw = False
732.8862 	EXP 	fixation_2: autoDraw = True
732.9709 	EXP 	Device response: <KeyPress from None: t=732.8662485000095, value=c, duration=0.09828370000468567>
733.8709 	EXP 	line_1: autoDraw = True
733.8709 	EXP 	line_2: autoDraw = True
733.8709 	EXP 	line_3: autoDraw = True
733.8709 	EXP 	line_4: autoDraw = True
733.8872 	EXP 	fixation_2: autoDraw = False
734.8709 	INFO 	Keyboard events cleared
734.8707 	EXP 	probe_2: autoDraw = True
737.1361 	EXP 	Device response: <KeyPress from None: t=737.1261544000008, value=x, duration=None>
737.1366 	EXP 	New trial (rep=17, index=80): <Trial 80 (80 in rep 17) data={'pos': np.int64(150), 'corr_resp': 'v', 'thisN': 80, 'thisTrialN': 80, 'thisRepN': 17}>
737.1379 	DATA 	Keypress: x
737.1521 	EXP 	fixation_2: autoDraw = False
737.1521 	EXP 	line_1: autoDraw = False
737.1521 	EXP 	line_2: autoDraw = False
737.1521 	EXP 	line_3: autoDraw = False
737.1521 	EXP 	line_4: autoDraw = False
737.1521 	EXP 	probe_2: autoDraw = False
737.1521 	EXP 	fixation_2: autoDraw = True
737.2369 	EXP 	Device response: <KeyPress from None: t=737.1261544000008, value=x, duration=0.10274740000022575>
738.1371 	EXP 	line_1: autoDraw = True
738.1371 	EXP 	line_2: autoDraw = True
738.1371 	EXP 	line_3: autoDraw = True
738.1371 	EXP 	line_4: autoDraw = True
738.1542 	EXP 	fixation_2: autoDraw = False
739.1373 	INFO 	Keyboard events cleared
739.1371 	EXP 	probe_2: autoDraw = True
740.3373 	EXP 	Device response: <KeyPress from None: t=740.3306030000094, value=v, duration=None>
740.3378 	EXP 	New trial (rep=16, index=81): <Trial 81 (81 in rep 16) data={'pos': np.int64(-50), 'corr_resp': 'x', 'thisN': 81, 'thisTrialN': 81, 'thisRepN': 16}>
740.3392 	DATA 	Keypress: v
740.3529 	EXP 	fixation_2: autoDraw = False
740.3529 	EXP 	line_1: autoDraw = False
740.3529 	EXP 	line_2: autoDraw = False
740.3529 	EXP 	line_3: autoDraw = False
740.3529 	EXP 	line_4: autoDraw = False
740.3529 	EXP 	probe_2: autoDraw = False
740.3529 	EXP 	fixation_2: autoDraw = True
740.4203 	EXP 	Device response: <KeyPress from None: t=740.3306030000094, value=v, duration=0.07416630000807345>
741.3371 	EXP 	line_1: autoDraw = True
741.3371 	EXP 	line_2: autoDraw = True
741.3371 	EXP 	line_3: autoDraw = True
741.3371 	EXP 	line_4: autoDraw = True
741.3536 	EXP 	fixation_2: autoDraw = False
742.3366 	INFO 	Keyboard events cleared
742.3364 	EXP 	probe_2: autoDraw = True
743.2220 	DATA 	Keypress: x
743.2380 	EXP 	Device response: <KeyPress from None: t=743.2202667999954, value=x, duration=None>
743.2384 	EXP 	New trial (rep=21, index=82): <Trial 82 (82 in rep 21) data={'pos': np.int64(-150), 'corr_resp': 'z', 'thisN': 82, 'thisTrialN': 82, 'thisRepN': 21}>
743.2523 	EXP 	fixation_2: autoDraw = False
743.2523 	EXP 	line_1: autoDraw = False
743.2523 	EXP 	line_2: autoDraw = False
743.2523 	EXP 	line_3: autoDraw = False
743.2523 	EXP 	line_4: autoDraw = False
743.2523 	EXP 	probe_2: autoDraw = False
743.2523 	EXP 	fixation_2: autoDraw = True
743.3195 	EXP 	Device response: <KeyPress from None: t=743.2202667999954, value=x, duration=0.09345750001375563>
744.2545 	EXP 	fixation_2: autoDraw = False
744.2545 	EXP 	line_1: autoDraw = True
744.2545 	EXP 	line_2: autoDraw = True
744.2545 	EXP 	line_3: autoDraw = True
744.2545 	EXP 	line_4: autoDraw = True
745.2373 	INFO 	Keyboard events cleared
745.2371 	EXP 	probe_2: autoDraw = True
745.8551 	EXP 	Device response: <KeyPress from None: t=745.845842700015, value=z, duration=None>
745.8556 	EXP 	New trial (rep=26, index=83): <Trial 83 (83 in rep 26) data={'pos': np.int64(50), 'corr_resp': 'c', 'thisN': 83, 'thisTrialN': 83, 'thisRepN': 26}>
745.8572 	DATA 	Keypress: z
745.8696 	EXP 	fixation_2: autoDraw = False
745.8696 	EXP 	line_1: autoDraw = False
745.8696 	EXP 	line_2: autoDraw = False
745.8696 	EXP 	line_3: autoDraw = False
745.8696 	EXP 	line_4: autoDraw = False
745.8696 	EXP 	probe_2: autoDraw = False
745.8696 	EXP 	fixation_2: autoDraw = True
745.9362 	EXP 	Device response: <KeyPress from None: t=745.845842700015, value=z, duration=0.07590309999068268>
746.8709 	EXP 	fixation_2: autoDraw = False
746.8709 	EXP 	line_1: autoDraw = True
746.8709 	EXP 	line_2: autoDraw = True
746.8709 	EXP 	line_3: autoDraw = True
746.8709 	EXP 	line_4: autoDraw = True
747.8711 	INFO 	Keyboard events cleared
747.8709 	EXP 	probe_2: autoDraw = True
749.6736 	DATA 	Keypress: c
749.6871 	EXP 	Device response: <KeyPress from None: t=749.6720168000029, value=c, duration=None>
749.6874 	EXP 	New trial (rep=17, index=84): <Trial 84 (84 in rep 17) data={'pos': np.int64(-50), 'corr_resp': 'x', 'thisN': 84, 'thisTrialN': 84, 'thisRepN': 17}>
749.7044 	EXP 	fixation_2: autoDraw = False
749.7044 	EXP 	line_1: autoDraw = False
749.7044 	EXP 	line_2: autoDraw = False
749.7044 	EXP 	line_3: autoDraw = False
749.7044 	EXP 	line_4: autoDraw = False
749.7044 	EXP 	probe_2: autoDraw = False
749.7044 	EXP 	fixation_2: autoDraw = True
749.7871 	EXP 	Device response: <KeyPress from None: t=749.6720168000029, value=c, duration=0.10123229998862371>
750.6863 	EXP 	line_1: autoDraw = True
750.6863 	EXP 	line_2: autoDraw = True
750.6863 	EXP 	line_3: autoDraw = True
750.6863 	EXP 	line_4: autoDraw = True
750.7205 	EXP 	fixation_2: autoDraw = False
751.6872 	INFO 	Keyboard events cleared
751.6870 	EXP 	probe_2: autoDraw = True
752.4218 	EXP 	Device response: <KeyPress from None: t=752.4072742999997, value=x, duration=None>
752.4223 	EXP 	New trial (rep=18, index=85): <Trial 85 (85 in rep 18) data={'pos': np.int64(150), 'corr_resp': 'v', 'thisN': 85, 'thisTrialN': 85, 'thisRepN': 18}>
752.4237 	DATA 	Keypress: x
752.4359 	EXP 	fixation_2: autoDraw = False
752.4359 	EXP 	line_1: autoDraw = False
752.4359 	EXP 	line_2: autoDraw = False
752.4359 	EXP 	line_3: autoDraw = False
752.4359 	EXP 	line_4: autoDraw = False
752.4359 	EXP 	probe_2: autoDraw = False
752.4359 	EXP 	fixation_2: autoDraw = True
752.5037 	EXP 	Device response: <KeyPress from None: t=752.4072742999997, value=x, duration=0.09368109999923036>
753.4372 	EXP 	fixation_2: autoDraw = False
753.4372 	EXP 	line_1: autoDraw = True
753.4372 	EXP 	line_2: autoDraw = True
753.4372 	EXP 	line_3: autoDraw = True
753.4372 	EXP 	line_4: autoDraw = True
754.4378 	INFO 	Keyboard events cleared
754.4375 	EXP 	probe_2: autoDraw = True
755.7049 	EXP 	Device response: <KeyPress from None: t=755.6907935999916, value=v, duration=None>
755.7054 	EXP 	New trial (rep=22, index=86): <Trial 86 (86 in rep 22) data={'pos': np.int64(-150), 'corr_resp': 'z', 'thisN': 86, 'thisTrialN': 86, 'thisRepN': 22}>
755.7069 	DATA 	Keypress: v
755.7191 	EXP 	fixation_2: autoDraw = False
755.7191 	EXP 	line_1: autoDraw = False
755.7191 	EXP 	line_2: autoDraw = False
755.7191 	EXP 	line_3: autoDraw = False
755.7191 	EXP 	line_4: autoDraw = False
755.7191 	EXP 	probe_2: autoDraw = False
755.7191 	EXP 	fixation_2: autoDraw = True
755.8033 	EXP 	Device response: <KeyPress from None: t=755.6907935999916, value=v, duration=0.10219370000413619>
756.7046 	EXP 	line_1: autoDraw = True
756.7046 	EXP 	line_2: autoDraw = True
756.7046 	EXP 	line_3: autoDraw = True
756.7046 	EXP 	line_4: autoDraw = True
756.7208 	EXP 	fixation_2: autoDraw = False
757.7204 	INFO 	Keyboard events cleared
757.7202 	EXP 	probe_2: autoDraw = True
758.2537 	EXP 	Device response: <KeyPress from None: t=758.2463780000107, value=z, duration=None>
758.2542 	EXP 	New trial (rep=27, index=87): <Trial 87 (87 in rep 27) data={'pos': np.int64(50), 'corr_resp': 'c', 'thisN': 87, 'thisTrialN': 87, 'thisRepN': 27}>
758.2564 	DATA 	Keypress: z
758.2703 	EXP 	fixation_2: autoDraw = False
758.2703 	EXP 	line_1: autoDraw = False
758.2703 	EXP 	line_2: autoDraw = False
758.2703 	EXP 	line_3: autoDraw = False
758.2703 	EXP 	line_4: autoDraw = False
758.2703 	EXP 	probe_2: autoDraw = False
758.2703 	EXP 	fixation_2: autoDraw = True
758.3707 	EXP 	Device response: <KeyPress from None: t=758.2463780000107, value=z, duration=0.12066089999279939>
759.2690 	EXP 	fixation_2: autoDraw = False
759.2690 	EXP 	line_1: autoDraw = True
759.2690 	EXP 	line_2: autoDraw = True
759.2690 	EXP 	line_3: autoDraw = True
759.2690 	EXP 	line_4: autoDraw = True
760.2690 	INFO 	Keyboard events cleared
760.2689 	EXP 	probe_2: autoDraw = True
760.7362 	EXP 	Device response: <KeyPress from None: t=760.735144700011, value=c, duration=None>
760.7364 	EXP 	New trial (rep=28, index=88): <Trial 88 (88 in rep 28) data={'pos': np.int64(50), 'corr_resp': 'c', 'thisN': 88, 'thisTrialN': 88, 'thisRepN': 28}>
760.7373 	DATA 	Keypress: c
760.7535 	EXP 	fixation_2: autoDraw = False
760.7535 	EXP 	line_1: autoDraw = False
760.7535 	EXP 	line_2: autoDraw = False
760.7535 	EXP 	line_3: autoDraw = False
760.7535 	EXP 	line_4: autoDraw = False
760.7535 	EXP 	probe_2: autoDraw = False
760.7535 	EXP 	fixation_2: autoDraw = True
760.8532 	EXP 	Device response: <KeyPress from None: t=760.735144700011, value=c, duration=0.10788179998053238>
761.7355 	EXP 	line_1: autoDraw = True
761.7355 	EXP 	line_2: autoDraw = True
761.7355 	EXP 	line_3: autoDraw = True
761.7355 	EXP 	line_4: autoDraw = True
761.7689 	EXP 	fixation_2: autoDraw = False
762.7357 	INFO 	Keyboard events cleared
762.7356 	EXP 	probe_2: autoDraw = True
763.3693 	EXP 	Device response: <KeyPress from None: t=763.3645131000085, value=c, duration=None>
763.3695 	EXP 	New trial (rep=29, index=89): <Trial 89 (89 in rep 29) data={'pos': np.int64(50), 'corr_resp': 'c', 'thisN': 89, 'thisTrialN': 89, 'thisRepN': 29}>
763.3704 	DATA 	Keypress: c
763.3857 	EXP 	fixation_2: autoDraw = False
763.3857 	EXP 	line_1: autoDraw = False
763.3857 	EXP 	line_2: autoDraw = False
763.3857 	EXP 	line_3: autoDraw = False
763.3857 	EXP 	line_4: autoDraw = False
763.3857 	EXP 	probe_2: autoDraw = False
763.3857 	EXP 	fixation_2: autoDraw = True
763.4696 	EXP 	Device response: <KeyPress from None: t=763.3645131000085, value=c, duration=0.09746109999832697>
764.3689 	EXP 	line_1: autoDraw = True
764.3689 	EXP 	line_2: autoDraw = True
764.3689 	EXP 	line_3: autoDraw = True
764.3689 	EXP 	line_4: autoDraw = True
764.3861 	EXP 	fixation_2: autoDraw = False
765.3711 	INFO 	Keyboard events cleared
765.3709 	EXP 	probe_2: autoDraw = True
765.9554 	DATA 	Keypress: c
765.9718 	EXP 	Device response: <KeyPress from None: t=765.9547392000095, value=c, duration=None>
765.9722 	EXP 	New trial (rep=18, index=90): <Trial 90 (90 in rep 18) data={'pos': np.int64(-50), 'corr_resp': 'x', 'thisN': 90, 'thisTrialN': 90, 'thisRepN': 18}>
765.9861 	EXP 	fixation_2: autoDraw = False
765.9861 	EXP 	line_1: autoDraw = False
765.9861 	EXP 	line_2: autoDraw = False
765.9861 	EXP 	line_3: autoDraw = False
765.9861 	EXP 	line_4: autoDraw = False
765.9861 	EXP 	probe_2: autoDraw = False
765.9861 	EXP 	fixation_2: autoDraw = True
766.0706 	EXP 	Device response: <KeyPress from None: t=765.9547392000095, value=c, duration=0.10689940000884235>
766.9708 	EXP 	line_1: autoDraw = True
766.9708 	EXP 	line_2: autoDraw = True
766.9708 	EXP 	line_3: autoDraw = True
766.9708 	EXP 	line_4: autoDraw = True
766.9867 	EXP 	fixation_2: autoDraw = False
767.9867 	INFO 	Keyboard events cleared
767.9865 	EXP 	probe_2: autoDraw = True
768.7206 	EXP 	Device response: <KeyPress from None: t=768.7109333999979, value=x, duration=None>
768.7210 	EXP 	New trial (rep=19, index=91): <Trial 91 (91 in rep 19) data={'pos': np.int64(150), 'corr_resp': 'v', 'thisN': 91, 'thisTrialN': 91, 'thisRepN': 19}>
768.7224 	DATA 	Keypress: x
768.7361 	EXP 	fixation_2: autoDraw = False
768.7361 	EXP 	line_1: autoDraw = False
768.7361 	EXP 	line_2: autoDraw = False
768.7361 	EXP 	line_3: autoDraw = False
768.7361 	EXP 	line_4: autoDraw = False
768.7361 	EXP 	probe_2: autoDraw = False
768.7361 	EXP 	fixation_2: autoDraw = True
768.8383 	EXP 	Device response: <KeyPress from None: t=768.7109333999979, value=x, duration=0.11860420001903549>
769.7208 	EXP 	line_1: autoDraw = True
769.7208 	EXP 	line_2: autoDraw = True
769.7208 	EXP 	line_3: autoDraw = True
769.7208 	EXP 	line_4: autoDraw = True
769.7375 	EXP 	fixation_2: autoDraw = False
770.7366 	INFO 	Keyboard events cleared
770.7364 	EXP 	probe_2: autoDraw = True
772.1876 	EXP 	Device response: <KeyPress from None: t=772.1863582000078, value=v, duration=None>
772.1880 	EXP 	New trial (rep=23, index=92): <Trial 92 (92 in rep 23) data={'pos': np.int64(-150), 'corr_resp': 'z', 'thisN': 92, 'thisTrialN': 92, 'thisRepN': 23}>
772.1893 	DATA 	Keypress: v
772.2034 	EXP 	fixation_2: autoDraw = False
772.2034 	EXP 	line_1: autoDraw = False
772.2034 	EXP 	line_2: autoDraw = False
772.2034 	EXP 	line_3: autoDraw = False
772.2034 	EXP 	line_4: autoDraw = False
772.2034 	EXP 	probe_2: autoDraw = False
772.2034 	EXP 	fixation_2: autoDraw = True
772.2867 	EXP 	Device response: <KeyPress from None: t=772.1863582000078, value=v, duration=0.08732329998747446>
773.1882 	EXP 	line_1: autoDraw = True
773.1882 	EXP 	line_2: autoDraw = True
773.1882 	EXP 	line_3: autoDraw = True
773.1882 	EXP 	line_4: autoDraw = True
773.2041 	EXP 	fixation_2: autoDraw = False
774.1881 	INFO 	Keyboard events cleared
774.1879 	EXP 	probe_2: autoDraw = True
775.2884 	EXP 	Device response: <KeyPress from None: t=775.2791334000067, value=z, duration=None>
775.2888 	EXP 	New trial (rep=24, index=93): <Trial 93 (93 in rep 24) data={'pos': np.int64(-150), 'corr_resp': 'z', 'thisN': 93, 'thisTrialN': 93, 'thisRepN': 24}>
775.2903 	DATA 	Keypress: z
775.3040 	EXP 	fixation_2: autoDraw = False
775.3040 	EXP 	line_1: autoDraw = False
775.3040 	EXP 	line_2: autoDraw = False
775.3040 	EXP 	line_3: autoDraw = False
775.3040 	EXP 	line_4: autoDraw = False
775.3040 	EXP 	probe_2: autoDraw = False
775.3040 	EXP 	fixation_2: autoDraw = True
775.4053 	EXP 	Device response: <KeyPress from None: t=775.2791334000067, value=z, duration=0.11706759998924099>
776.3038 	EXP 	fixation_2: autoDraw = False
776.3038 	EXP 	line_1: autoDraw = True
776.3038 	EXP 	line_2: autoDraw = True
776.3038 	EXP 	line_3: autoDraw = True
776.3038 	EXP 	line_4: autoDraw = True
777.2882 	INFO 	Keyboard events cleared
777.2880 	EXP 	probe_2: autoDraw = True
778.1867 	EXP 	Device response: <KeyPress from None: t=778.1749393999926, value=z, duration=None>
778.1872 	EXP 	New trial (rep=25, index=94): <Trial 94 (94 in rep 25) data={'pos': np.int64(-150), 'corr_resp': 'z', 'thisN': 94, 'thisTrialN': 94, 'thisRepN': 25}>
778.1887 	DATA 	Keypress: z
778.2028 	EXP 	fixation_2: autoDraw = False
778.2028 	EXP 	line_1: autoDraw = False
778.2028 	EXP 	line_2: autoDraw = False
778.2028 	EXP 	line_3: autoDraw = False
778.2028 	EXP 	line_4: autoDraw = False
778.2028 	EXP 	probe_2: autoDraw = False
778.2028 	EXP 	fixation_2: autoDraw = True
778.2880 	EXP 	Device response: <KeyPress from None: t=778.1749393999926, value=z, duration=0.1096976000117138>
779.1880 	EXP 	line_1: autoDraw = True
779.1880 	EXP 	line_2: autoDraw = True
779.1880 	EXP 	line_3: autoDraw = True
779.1880 	EXP 	line_4: autoDraw = True
779.2046 	EXP 	fixation_2: autoDraw = False
780.1878 	INFO 	Keyboard events cleared
780.1875 	EXP 	probe_2: autoDraw = True
781.1546 	EXP 	Device response: <KeyPress from None: t=781.1491683000058, value=z, duration=None>
781.1551 	EXP 	New trial (rep=19, index=95): <Trial 95 (95 in rep 19) data={'pos': np.int64(-50), 'corr_resp': 'x', 'thisN': 95, 'thisTrialN': 95, 'thisRepN': 19}>
781.1567 	DATA 	Keypress: z
781.1701 	EXP 	fixation_2: autoDraw = False
781.1701 	EXP 	line_1: autoDraw = False
781.1701 	EXP 	line_2: autoDraw = False
781.1701 	EXP 	line_3: autoDraw = False
781.1701 	EXP 	line_4: autoDraw = False
781.1701 	EXP 	probe_2: autoDraw = False
781.1701 	EXP 	fixation_2: autoDraw = True
781.2538 	EXP 	Device response: <KeyPress from None: t=781.1491683000058, value=z, duration=0.09089200000744313>
782.1712 	EXP 	fixation_2: autoDraw = False
782.1712 	EXP 	line_1: autoDraw = True
782.1712 	EXP 	line_2: autoDraw = True
782.1712 	EXP 	line_3: autoDraw = True
782.1712 	EXP 	line_4: autoDraw = True
783.1548 	INFO 	Keyboard events cleared
783.1545 	EXP 	probe_2: autoDraw = True
784.0210 	EXP 	Device response: <KeyPress from None: t=784.0196319000097, value=x, duration=None>
784.0213 	EXP 	New trial (rep=20, index=96): <Trial 96 (96 in rep 20) data={'pos': np.int64(-50), 'corr_resp': 'x', 'thisN': 96, 'thisTrialN': 96, 'thisRepN': 20}>
784.0226 	DATA 	Keypress: x
784.0371 	EXP 	fixation_2: autoDraw = False
784.0371 	EXP 	line_1: autoDraw = False
784.0371 	EXP 	line_2: autoDraw = False
784.0371 	EXP 	line_3: autoDraw = False
784.0371 	EXP 	line_4: autoDraw = False
784.0371 	EXP 	probe_2: autoDraw = False
784.0371 	EXP 	fixation_2: autoDraw = True
784.1377 	EXP 	Device response: <KeyPress from None: t=784.0196319000097, value=x, duration=0.10253000000375323>
785.0218 	EXP 	line_1: autoDraw = True
785.0218 	EXP 	line_2: autoDraw = True
785.0218 	EXP 	line_3: autoDraw = True
785.0218 	EXP 	line_4: autoDraw = True
785.0378 	EXP 	fixation_2: autoDraw = False
786.0217 	INFO 	Keyboard events cleared
786.0215 	EXP 	probe_2: autoDraw = True
786.8894 	EXP 	Device response: <KeyPress from None: t=786.8797526000126, value=x, duration=None>
786.8900 	EXP 	New trial (rep=30, index=97): <Trial 97 (97 in rep 30) data={'pos': np.int64(50), 'corr_resp': 'c', 'thisN': 97, 'thisTrialN': 97, 'thisRepN': 30}>
786.8918 	DATA 	Keypress: x
786.9034 	EXP 	fixation_2: autoDraw = False
786.9034 	EXP 	line_1: autoDraw = False
786.9034 	EXP 	line_2: autoDraw = False
786.9034 	EXP 	line_3: autoDraw = False
786.9034 	EXP 	line_4: autoDraw = False
786.9034 	EXP 	probe_2: autoDraw = False
786.9034 	EXP 	fixation_2: autoDraw = True
786.9887 	EXP 	Device response: <KeyPress from None: t=786.8797526000126, value=x, duration=0.1018325999903027>
787.9047 	EXP 	fixation_2: autoDraw = False
787.9047 	EXP 	line_1: autoDraw = True
787.9047 	EXP 	line_2: autoDraw = True
787.9047 	EXP 	line_3: autoDraw = True
787.9047 	EXP 	line_4: autoDraw = True
788.9051 	INFO 	Keyboard events cleared
788.9049 	EXP 	probe_2: autoDraw = True
789.8215 	EXP 	Device response: <KeyPress from None: t=789.8181696000102, value=c, duration=None>
789.8220 	EXP 	New trial (rep=21, index=98): <Trial 98 (98 in rep 21) data={'pos': np.int64(-50), 'corr_resp': 'x', 'thisN': 98, 'thisTrialN': 98, 'thisRepN': 21}>
789.8234 	DATA 	Keypress: c
789.8371 	EXP 	fixation_2: autoDraw = False
789.8371 	EXP 	line_1: autoDraw = False
789.8371 	EXP 	line_2: autoDraw = False
789.8371 	EXP 	line_3: autoDraw = False
789.8371 	EXP 	line_4: autoDraw = False
789.8371 	EXP 	probe_2: autoDraw = False
789.8371 	EXP 	fixation_2: autoDraw = True
789.9417 	EXP 	Device response: <KeyPress from None: t=789.8181696000102, value=c, duration=0.11056169998482801>
790.8213 	EXP 	line_1: autoDraw = True
790.8213 	EXP 	line_2: autoDraw = True
790.8213 	EXP 	line_3: autoDraw = True
790.8213 	EXP 	line_4: autoDraw = True
790.8384 	EXP 	fixation_2: autoDraw = False
791.8220 	INFO 	Keyboard events cleared
791.8218 	EXP 	probe_2: autoDraw = True
792.8720 	EXP 	Device response: <KeyPress from None: t=792.8696626000165, value=x, duration=None>
792.8724 	EXP 	New trial (rep=31, index=99): <Trial 99 (99 in rep 31) data={'pos': np.int64(50), 'corr_resp': 'c', 'thisN': 99, 'thisTrialN': 99, 'thisRepN': 31}>
792.8739 	DATA 	Keypress: x
792.8862 	EXP 	fixation_2: autoDraw = False
792.8862 	EXP 	line_1: autoDraw = False
792.8862 	EXP 	line_2: autoDraw = False
792.8862 	EXP 	line_3: autoDraw = False
792.8862 	EXP 	line_4: autoDraw = False
792.8862 	EXP 	probe_2: autoDraw = False
792.8862 	EXP 	fixation_2: autoDraw = True
792.9880 	EXP 	Device response: <KeyPress from None: t=792.8696626000165, value=x, duration=0.1165628999879118>
793.8701 	EXP 	line_1: autoDraw = True
793.8701 	EXP 	line_2: autoDraw = True
793.8701 	EXP 	line_3: autoDraw = True
793.8701 	EXP 	line_4: autoDraw = True
793.8867 	EXP 	fixation_2: autoDraw = False
794.8713 	INFO 	Keyboard events cleared
794.8711 	EXP 	probe_2: autoDraw = True
795.6551 	EXP 	Device response: <KeyPress from None: t=795.6460263000045, value=c, duration=None>
795.6556 	EXP 	New trial (rep=20, index=100): <Trial 100 (100 in rep 20) data={'pos': np.int64(150), 'corr_resp': 'v', 'thisN': 100, 'thisTrialN': 100, 'thisRepN': 20}>
795.6573 	DATA 	Keypress: c
795.6705 	EXP 	fixation_2: autoDraw = False
795.6705 	EXP 	line_1: autoDraw = False
795.6705 	EXP 	line_2: autoDraw = False
795.6705 	EXP 	line_3: autoDraw = False
795.6705 	EXP 	line_4: autoDraw = False
795.6705 	EXP 	probe_2: autoDraw = False
795.6705 	EXP 	fixation_2: autoDraw = True
795.7547 	EXP 	Device response: <KeyPress from None: t=795.6460263000045, value=c, duration=0.0960184000141453>
796.6717 	EXP 	fixation_2: autoDraw = False
796.6717 	EXP 	line_1: autoDraw = True
796.6717 	EXP 	line_2: autoDraw = True
796.6717 	EXP 	line_3: autoDraw = True
796.6717 	EXP 	line_4: autoDraw = True
797.6539 	INFO 	Keyboard events cleared
797.6537 	EXP 	probe_2: autoDraw = True
798.7570 	DATA 	Keypress: v
798.7711 	EXP 	Device response: <KeyPress from None: t=798.7549565999943, value=v, duration=None>
798.7715 	EXP 	New trial (rep=22, index=101): <Trial 101 (101 in rep 22) data={'pos': np.int64(-50), 'corr_resp': 'x', 'thisN': 101, 'thisTrialN': 101, 'thisRepN': 22}>
798.7871 	EXP 	fixation_2: autoDraw = False
798.7871 	EXP 	line_1: autoDraw = False
798.7871 	EXP 	line_2: autoDraw = False
798.7871 	EXP 	line_3: autoDraw = False
798.7871 	EXP 	line_4: autoDraw = False
798.7871 	EXP 	probe_2: autoDraw = False
798.7871 	EXP 	fixation_2: autoDraw = True
798.8386 	EXP 	Device response: <KeyPress from None: t=798.7549565999943, value=v, duration=0.08087250002427027>
799.7710 	EXP 	line_1: autoDraw = True
799.7710 	EXP 	line_2: autoDraw = True
799.7710 	EXP 	line_3: autoDraw = True
799.7710 	EXP 	line_4: autoDraw = True
799.7928 	EXP 	fixation_2: autoDraw = False
800.7719 	INFO 	Keyboard events cleared
800.7717 	EXP 	probe_2: autoDraw = True
802.1392 	EXP 	Device response: <KeyPress from None: t=802.1282065999985, value=x, duration=None>
802.1395 	EXP 	New trial (rep=21, index=102): <Trial 102 (102 in rep 21) data={'pos': np.int64(150), 'corr_resp': 'v', 'thisN': 102, 'thisTrialN': 102, 'thisRepN': 21}>
802.1410 	DATA 	Keypress: x
802.1533 	EXP 	fixation_2: autoDraw = False
802.1533 	EXP 	line_1: autoDraw = False
802.1533 	EXP 	line_2: autoDraw = False
802.1533 	EXP 	line_3: autoDraw = False
802.1533 	EXP 	line_4: autoDraw = False
802.1533 	EXP 	probe_2: autoDraw = False
802.1533 	EXP 	fixation_2: autoDraw = True
802.2378 	EXP 	Device response: <KeyPress from None: t=802.1282065999985, value=x, duration=0.10175960001652129>
803.1542 	EXP 	fixation_2: autoDraw = False
803.1542 	EXP 	line_1: autoDraw = True
803.1542 	EXP 	line_2: autoDraw = True
803.1542 	EXP 	line_3: autoDraw = True
803.1542 	EXP 	line_4: autoDraw = True
804.1542 	INFO 	Keyboard events cleared
804.1540 	EXP 	probe_2: autoDraw = True
805.7709 	EXP 	Device response: <KeyPress from None: t=805.7638493000122, value=v, duration=None>
805.7714 	EXP 	New trial (rep=32, index=103): <Trial 103 (103 in rep 32) data={'pos': np.int64(50), 'corr_resp': 'c', 'thisN': 103, 'thisTrialN': 103, 'thisRepN': 32}>
805.7731 	DATA 	Keypress: v
805.7884 	EXP 	fixation_2: autoDraw = False
805.7884 	EXP 	line_1: autoDraw = False
805.7884 	EXP 	line_2: autoDraw = False
805.7884 	EXP 	line_3: autoDraw = False
805.7884 	EXP 	line_4: autoDraw = False
805.7884 	EXP 	probe_2: autoDraw = False
805.7884 	EXP 	fixation_2: autoDraw = True
805.8720 	EXP 	Device response: <KeyPress from None: t=805.7638493000122, value=v, duration=0.09877509999205358>
806.7718 	EXP 	line_1: autoDraw = True
806.7718 	EXP 	line_2: autoDraw = True
806.7718 	EXP 	line_3: autoDraw = True
806.7718 	EXP 	line_4: autoDraw = True
806.7886 	EXP 	fixation_2: autoDraw = False
807.7702 	INFO 	Keyboard events cleared
807.7700 	EXP 	probe_2: autoDraw = True
809.9549 	EXP 	Device response: <KeyPress from None: t=809.9531029000063, value=c, duration=None>
809.9552 	EXP 	New trial (rep=23, index=104): <Trial 104 (104 in rep 23) data={'pos': np.int64(-50), 'corr_resp': 'x', 'thisN': 104, 'thisTrialN': 104, 'thisRepN': 23}>
809.9566 	DATA 	Keypress: c
809.9707 	EXP 	fixation_2: autoDraw = False
809.9707 	EXP 	line_1: autoDraw = False
809.9707 	EXP 	line_2: autoDraw = False
809.9707 	EXP 	line_3: autoDraw = False
809.9707 	EXP 	line_4: autoDraw = False
809.9707 	EXP 	probe_2: autoDraw = False
809.9707 	EXP 	fixation_2: autoDraw = True
810.0546 	EXP 	Device response: <KeyPress from None: t=809.9531029000063, value=c, duration=0.08566589999827556>
810.9551 	EXP 	line_1: autoDraw = True
810.9551 	EXP 	line_2: autoDraw = True
810.9551 	EXP 	line_3: autoDraw = True
810.9551 	EXP 	line_4: autoDraw = True
810.9714 	EXP 	fixation_2: autoDraw = False
811.9558 	INFO 	Keyboard events cleared
811.9556 	EXP 	probe_2: autoDraw = True
812.8377 	EXP 	Device response: <KeyPress from None: t=812.8353082000103, value=x, duration=None>
812.8380 	EXP 	New trial (rep=22, index=105): <Trial 105 (105 in rep 22) data={'pos': np.int64(150), 'corr_resp': 'v', 'thisN': 105, 'thisTrialN': 105, 'thisRepN': 22}>
812.8394 	DATA 	Keypress: x
812.8542 	EXP 	fixation_2: autoDraw = False
812.8542 	EXP 	line_1: autoDraw = False
812.8542 	EXP 	line_2: autoDraw = False
812.8542 	EXP 	line_3: autoDraw = False
812.8542 	EXP 	line_4: autoDraw = False
812.8542 	EXP 	probe_2: autoDraw = False
812.8542 	EXP 	fixation_2: autoDraw = True
812.9721 	EXP 	Device response: <KeyPress from None: t=812.8353082000103, value=x, duration=0.12155969999730587>
813.8378 	EXP 	line_1: autoDraw = True
813.8378 	EXP 	line_2: autoDraw = True
813.8378 	EXP 	line_3: autoDraw = True
813.8378 	EXP 	line_4: autoDraw = True
813.8552 	EXP 	fixation_2: autoDraw = False
814.8386 	INFO 	Keyboard events cleared
814.8384 	EXP 	probe_2: autoDraw = True
816.1385 	EXP 	Device response: <KeyPress from None: t=816.1329967000056, value=v, duration=None>
816.1388 	EXP 	New trial (rep=23, index=106): <Trial 106 (106 in rep 23) data={'pos': np.int64(150), 'corr_resp': 'v', 'thisN': 106, 'thisTrialN': 106, 'thisRepN': 23}>
816.1403 	DATA 	Keypress: v
816.1535 	EXP 	fixation_2: autoDraw = False
816.1535 	EXP 	line_1: autoDraw = False
816.1535 	EXP 	line_2: autoDraw = False
816.1535 	EXP 	line_3: autoDraw = False
816.1535 	EXP 	line_4: autoDraw = False
816.1535 	EXP 	probe_2: autoDraw = False
816.1535 	EXP 	fixation_2: autoDraw = True
816.2225 	EXP 	Device response: <KeyPress from None: t=816.1329967000056, value=v, duration=0.08690059999935329>
817.1384 	EXP 	line_1: autoDraw = True
817.1384 	EXP 	line_2: autoDraw = True
817.1384 	EXP 	line_3: autoDraw = True
817.1384 	EXP 	line_4: autoDraw = True
817.1536 	EXP 	fixation_2: autoDraw = False
818.1385 	INFO 	Keyboard events cleared
818.1382 	EXP 	probe_2: autoDraw = True
819.0906 	DATA 	Keypress: v
819.1041 	EXP 	Device response: <KeyPress from None: t=819.0898069000104, value=v, duration=None>
819.1045 	EXP 	New trial (rep=24, index=107): <Trial 107 (107 in rep 24) data={'pos': np.int64(-50), 'corr_resp': 'x', 'thisN': 107, 'thisTrialN': 107, 'thisRepN': 24}>
819.1209 	EXP 	fixation_2: autoDraw = False
819.1209 	EXP 	line_1: autoDraw = False
819.1209 	EXP 	line_2: autoDraw = False
819.1209 	EXP 	line_3: autoDraw = False
819.1209 	EXP 	line_4: autoDraw = False
819.1209 	EXP 	probe_2: autoDraw = False
819.1209 	EXP 	fixation_2: autoDraw = True
819.1722 	EXP 	Device response: <KeyPress from None: t=819.0898069000104, value=v, duration=0.07683849998284131>
820.1040 	EXP 	line_1: autoDraw = True
820.1040 	EXP 	line_2: autoDraw = True
820.1040 	EXP 	line_3: autoDraw = True
820.1040 	EXP 	line_4: autoDraw = True
820.1220 	EXP 	fixation_2: autoDraw = False
821.1054 	INFO 	Keyboard events cleared
821.1051 	EXP 	probe_2: autoDraw = True
822.1215 	EXP 	Device response: <KeyPress from None: t=822.1188040999987, value=x, duration=None>
822.1218 	EXP 	New trial (rep=25, index=108): <Trial 108 (108 in rep 25) data={'pos': np.int64(-50), 'corr_resp': 'x', 'thisN': 108, 'thisTrialN': 108, 'thisRepN': 25}>
822.1233 	DATA 	Keypress: x
822.1379 	EXP 	fixation_2: autoDraw = False
822.1379 	EXP 	line_1: autoDraw = False
822.1379 	EXP 	line_2: autoDraw = False
822.1379 	EXP 	line_3: autoDraw = False
822.1379 	EXP 	line_4: autoDraw = False
822.1379 	EXP 	probe_2: autoDraw = False
822.1379 	EXP 	fixation_2: autoDraw = True
822.2216 	EXP 	Device response: <KeyPress from None: t=822.1188040999987, value=x, duration=0.09597439999924973>
823.1202 	EXP 	line_1: autoDraw = True
823.1202 	EXP 	line_2: autoDraw = True
823.1202 	EXP 	line_3: autoDraw = True
823.1202 	EXP 	line_4: autoDraw = True
823.1558 	EXP 	fixation_2: autoDraw = False
824.1218 	INFO 	Keyboard events cleared
824.1216 	EXP 	probe_2: autoDraw = True
825.1739 	DATA 	Keypress: x
825.1881 	EXP 	Device response: <KeyPress from None: t=825.1717464000103, value=x, duration=None>
825.1887 	EXP 	New trial (rep=26, index=109): <Trial 109 (109 in rep 26) data={'pos': np.int64(-150), 'corr_resp': 'z', 'thisN': 109, 'thisTrialN': 109, 'thisRepN': 26}>
825.2057 	EXP 	fixation_2: autoDraw = False
825.2057 	EXP 	line_1: autoDraw = False
825.2057 	EXP 	line_2: autoDraw = False
825.2057 	EXP 	line_3: autoDraw = False
825.2057 	EXP 	line_4: autoDraw = False
825.2057 	EXP 	probe_2: autoDraw = False
825.2057 	EXP 	fixation_2: autoDraw = True
825.2880 	EXP 	Device response: <KeyPress from None: t=825.1717464000103, value=x, duration=0.1057231999875512>
826.1878 	EXP 	line_1: autoDraw = True
826.1878 	EXP 	line_2: autoDraw = True
826.1878 	EXP 	line_3: autoDraw = True
826.1878 	EXP 	line_4: autoDraw = True
826.2219 	EXP 	fixation_2: autoDraw = False
827.2049 	INFO 	Keyboard events cleared
827.2047 	EXP 	probe_2: autoDraw = True
828.5237 	DATA 	Keypress: z
828.5374 	EXP 	Device response: <KeyPress from None: t=828.5218743000005, value=z, duration=None>
828.5378 	EXP 	New trial (rep=24, index=110): <Trial 110 (110 in rep 24) data={'pos': np.int64(150), 'corr_resp': 'v', 'thisN': 110, 'thisTrialN': 110, 'thisRepN': 24}>
828.5549 	EXP 	fixation_2: autoDraw = False
828.5549 	EXP 	line_1: autoDraw = False
828.5549 	EXP 	line_2: autoDraw = False
828.5549 	EXP 	line_3: autoDraw = False
828.5549 	EXP 	line_4: autoDraw = False
828.5549 	EXP 	probe_2: autoDraw = False
828.5549 	EXP 	fixation_2: autoDraw = True
828.6398 	EXP 	Device response: <KeyPress from None: t=828.5218743000005, value=z, duration=0.10848940000869334>
829.5380 	EXP 	line_1: autoDraw = True
829.5380 	EXP 	line_2: autoDraw = True
829.5380 	EXP 	line_3: autoDraw = True
829.5380 	EXP 	line_4: autoDraw = True
829.5551 	EXP 	fixation_2: autoDraw = False
830.5384 	INFO 	Keyboard events cleared
830.5382 	EXP 	probe_2: autoDraw = True
831.6050 	EXP 	Device response: <KeyPress from None: t=831.5908766000066, value=v, duration=None>
831.6053 	EXP 	New trial (rep=33, index=111): <Trial 111 (111 in rep 33) data={'pos': np.int64(50), 'corr_resp': 'c', 'thisN': 111, 'thisTrialN': 111, 'thisRepN': 33}>
831.6067 	DATA 	Keypress: v
831.6212 	EXP 	fixation_2: autoDraw = False
831.6212 	EXP 	line_1: autoDraw = False
831.6212 	EXP 	line_2: autoDraw = False
831.6212 	EXP 	line_3: autoDraw = False
831.6212 	EXP 	line_4: autoDraw = False
831.6212 	EXP 	probe_2: autoDraw = False
831.6212 	EXP 	fixation_2: autoDraw = True
831.6720 	EXP 	Device response: <KeyPress from None: t=831.5908766000066, value=v, duration=0.06632129999343306>
832.6045 	EXP 	line_1: autoDraw = True
832.6045 	EXP 	line_2: autoDraw = True
832.6045 	EXP 	line_3: autoDraw = True
832.6045 	EXP 	line_4: autoDraw = True
832.6252 	EXP 	fixation_2: autoDraw = False
833.6051 	INFO 	Keyboard events cleared
833.6050 	EXP 	probe_2: autoDraw = True
834.6563 	DATA 	Keypress: c
834.6718 	EXP 	Device response: <KeyPress from None: t=834.65438729999, value=c, duration=None>
834.6722 	EXP 	New trial (rep=26, index=112): <Trial 112 (112 in rep 26) data={'pos': np.int64(-50), 'corr_resp': 'x', 'thisN': 112, 'thisTrialN': 112, 'thisRepN': 26}>
834.6887 	EXP 	fixation_2: autoDraw = False
834.6887 	EXP 	line_1: autoDraw = False
834.6887 	EXP 	line_2: autoDraw = False
834.6887 	EXP 	line_3: autoDraw = False
834.6887 	EXP 	line_4: autoDraw = False
834.6887 	EXP 	probe_2: autoDraw = False
834.6887 	EXP 	fixation_2: autoDraw = True
834.7390 	EXP 	Device response: <KeyPress from None: t=834.65438729999, value=c, duration=0.0809519000176806>
835.6717 	EXP 	line_1: autoDraw = True
835.6717 	EXP 	line_2: autoDraw = True
835.6717 	EXP 	line_3: autoDraw = True
835.6717 	EXP 	line_4: autoDraw = True
835.6891 	EXP 	fixation_2: autoDraw = False
836.6725 	INFO 	Keyboard events cleared
836.6723 	EXP 	probe_2: autoDraw = True
837.4388 	EXP 	Device response: <KeyPress from None: t=837.4355153999932, value=x, duration=None>
837.4393 	EXP 	New trial (rep=25, index=113): <Trial 113 (113 in rep 25) data={'pos': np.int64(150), 'corr_resp': 'v', 'thisN': 113, 'thisTrialN': 113, 'thisRepN': 25}>
837.4408 	DATA 	Keypress: x
837.4543 	EXP 	fixation_2: autoDraw = False
837.4543 	EXP 	line_1: autoDraw = False
837.4543 	EXP 	line_2: autoDraw = False
837.4543 	EXP 	line_3: autoDraw = False
837.4543 	EXP 	line_4: autoDraw = False
837.4543 	EXP 	probe_2: autoDraw = False
837.4543 	EXP 	fixation_2: autoDraw = True
837.5217 	EXP 	Device response: <KeyPress from None: t=837.4355153999932, value=x, duration=0.08050370001001284>
838.4389 	EXP 	line_1: autoDraw = True
838.4389 	EXP 	line_2: autoDraw = True
838.4389 	EXP 	line_3: autoDraw = True
838.4389 	EXP 	line_4: autoDraw = True
838.4558 	EXP 	fixation_2: autoDraw = False
839.4394 	INFO 	Keyboard events cleared
839.4391 	EXP 	probe_2: autoDraw = True
840.5057 	EXP 	Device response: <KeyPress from None: t=840.5023824000091, value=v, duration=None>
840.5061 	EXP 	New trial (rep=26, index=114): <Trial 114 (114 in rep 26) data={'pos': np.int64(150), 'corr_resp': 'v', 'thisN': 114, 'thisTrialN': 114, 'thisRepN': 26}>
840.5074 	DATA 	Keypress: v
840.5212 	EXP 	fixation_2: autoDraw = False
840.5212 	EXP 	line_1: autoDraw = False
840.5212 	EXP 	line_2: autoDraw = False
840.5212 	EXP 	line_3: autoDraw = False
840.5212 	EXP 	line_4: autoDraw = False
840.5212 	EXP 	probe_2: autoDraw = False
840.5212 	EXP 	fixation_2: autoDraw = True
840.6063 	EXP 	Device response: <KeyPress from None: t=840.5023824000091, value=v, duration=0.09205310000106692>
841.5052 	EXP 	line_1: autoDraw = True
841.5052 	EXP 	line_2: autoDraw = True
841.5052 	EXP 	line_3: autoDraw = True
841.5052 	EXP 	line_4: autoDraw = True
841.5222 	EXP 	fixation_2: autoDraw = False
842.5211 	INFO 	Keyboard events cleared
842.5209 	EXP 	probe_2: autoDraw = True
843.4387 	EXP 	Device response: <KeyPress from None: t=843.432086899993, value=v, duration=None>
843.4391 	EXP 	New trial (rep=34, index=115): <Trial 115 (115 in rep 34) data={'pos': np.int64(50), 'corr_resp': 'c', 'thisN': 115, 'thisTrialN': 115, 'thisRepN': 34}>
843.4406 	DATA 	Keypress: v
843.4541 	EXP 	fixation_2: autoDraw = False
843.4541 	EXP 	line_1: autoDraw = False
843.4541 	EXP 	line_2: autoDraw = False
843.4541 	EXP 	line_3: autoDraw = False
843.4541 	EXP 	line_4: autoDraw = False
843.4541 	EXP 	probe_2: autoDraw = False
843.4541 	EXP 	fixation_2: autoDraw = True
843.5378 	EXP 	Device response: <KeyPress from None: t=843.432086899993, value=v, duration=0.09043520002160221>
844.4393 	EXP 	line_1: autoDraw = True
844.4393 	EXP 	line_2: autoDraw = True
844.4393 	EXP 	line_3: autoDraw = True
844.4393 	EXP 	line_4: autoDraw = True
844.4554 	EXP 	fixation_2: autoDraw = False
845.4388 	INFO 	Keyboard events cleared
845.4386 	EXP 	probe_2: autoDraw = True
846.2396 	EXP 	Device response: <KeyPress from None: t=846.2368357999949, value=c, duration=None>
846.2400 	EXP 	New trial (rep=35, index=116): <Trial 116 (116 in rep 35) data={'pos': np.int64(50), 'corr_resp': 'c', 'thisN': 116, 'thisTrialN': 116, 'thisRepN': 35}>
846.2414 	DATA 	Keypress: c
846.2540 	EXP 	fixation_2: autoDraw = False
846.2540 	EXP 	line_1: autoDraw = False
846.2540 	EXP 	line_2: autoDraw = False
846.2540 	EXP 	line_3: autoDraw = False
846.2540 	EXP 	line_4: autoDraw = False
846.2540 	EXP 	probe_2: autoDraw = False
846.2540 	EXP 	fixation_2: autoDraw = True
846.3394 	EXP 	Device response: <KeyPress from None: t=846.2368357999949, value=c, duration=0.09324210000340827>
847.2560 	EXP 	fixation_2: autoDraw = False
847.2560 	EXP 	line_1: autoDraw = True
847.2560 	EXP 	line_2: autoDraw = True
847.2560 	EXP 	line_3: autoDraw = True
847.2560 	EXP 	line_4: autoDraw = True
848.2559 	INFO 	Keyboard events cleared
848.2556 	EXP 	probe_2: autoDraw = True
849.3250 	DATA 	Keypress: c
849.3379 	EXP 	Device response: <KeyPress from None: t=849.3242917000025, value=c, duration=None>
849.3383 	EXP 	New trial (rep=27, index=117): <Trial 117 (117 in rep 27) data={'pos': np.int64(150), 'corr_resp': 'v', 'thisN': 117, 'thisTrialN': 117, 'thisRepN': 27}>
849.3553 	EXP 	fixation_2: autoDraw = False
849.3553 	EXP 	line_1: autoDraw = False
849.3553 	EXP 	line_2: autoDraw = False
849.3553 	EXP 	line_3: autoDraw = False
849.3553 	EXP 	line_4: autoDraw = False
849.3553 	EXP 	probe_2: autoDraw = False
849.3553 	EXP 	fixation_2: autoDraw = True
849.4229 	EXP 	Device response: <KeyPress from None: t=849.3242917000025, value=c, duration=0.09198980001383461>
850.3388 	EXP 	line_1: autoDraw = True
850.3388 	EXP 	line_2: autoDraw = True
850.3388 	EXP 	line_3: autoDraw = True
850.3388 	EXP 	line_4: autoDraw = True
850.3554 	EXP 	fixation_2: autoDraw = False
851.3394 	INFO 	Keyboard events cleared
851.3392 	EXP 	probe_2: autoDraw = True
852.5223 	EXP 	Device response: <KeyPress from None: t=852.5215863999911, value=v, duration=None>
852.5227 	EXP 	New trial (rep=27, index=118): <Trial 118 (118 in rep 27) data={'pos': np.int64(-50), 'corr_resp': 'x', 'thisN': 118, 'thisTrialN': 118, 'thisRepN': 27}>
852.5241 	DATA 	Keypress: v
852.5387 	EXP 	fixation_2: autoDraw = False
852.5387 	EXP 	line_1: autoDraw = False
852.5387 	EXP 	line_2: autoDraw = False
852.5387 	EXP 	line_3: autoDraw = False
852.5387 	EXP 	line_4: autoDraw = False
852.5387 	EXP 	probe_2: autoDraw = False
852.5387 	EXP 	fixation_2: autoDraw = True
852.6055 	EXP 	Device response: <KeyPress from None: t=852.5215863999911, value=v, duration=0.07559070002753288>
853.5222 	EXP 	line_1: autoDraw = True
853.5222 	EXP 	line_2: autoDraw = True
853.5222 	EXP 	line_3: autoDraw = True
853.5222 	EXP 	line_4: autoDraw = True
853.5395 	EXP 	fixation_2: autoDraw = False
854.5222 	INFO 	Keyboard events cleared
854.5219 	EXP 	probe_2: autoDraw = True
856.0544 	EXP 	Device response: <KeyPress from None: t=856.0517850000178, value=x, duration=None>
856.0548 	EXP 	New trial (rep=27, index=119): <Trial 119 (119 in rep 27) data={'pos': np.int64(-150), 'corr_resp': 'z', 'thisN': 119, 'thisTrialN': 119, 'thisRepN': 27}>
856.0564 	DATA 	Keypress: x
856.0714 	EXP 	fixation_2: autoDraw = False
856.0714 	EXP 	line_1: autoDraw = False
856.0714 	EXP 	line_2: autoDraw = False
856.0714 	EXP 	line_3: autoDraw = False
856.0714 	EXP 	line_4: autoDraw = False
856.0714 	EXP 	probe_2: autoDraw = False
856.0714 	EXP 	fixation_2: autoDraw = True
856.1387 	EXP 	Device response: <KeyPress from None: t=856.0517850000178, value=x, duration=0.08100049998029135>
857.0559 	EXP 	line_1: autoDraw = True
857.0559 	EXP 	line_2: autoDraw = True
857.0559 	EXP 	line_3: autoDraw = True
857.0559 	EXP 	line_4: autoDraw = True
857.0733 	EXP 	fixation_2: autoDraw = False
858.0558 	INFO 	Keyboard events cleared
858.0556 	EXP 	probe_2: autoDraw = True
859.2227 	EXP 	Device response: <KeyPress from None: t=859.2146006000112, value=z, duration=None>
859.2231 	EXP 	New trial (rep=28, index=120): <Trial 120 (120 in rep 28) data={'pos': np.int64(-50), 'corr_resp': 'x', 'thisN': 120, 'thisTrialN': 120, 'thisRepN': 28}>
859.2246 	DATA 	Keypress: z
859.2382 	EXP 	fixation_2: autoDraw = False
859.2382 	EXP 	line_1: autoDraw = False
859.2382 	EXP 	line_2: autoDraw = False
859.2382 	EXP 	line_3: autoDraw = False
859.2382 	EXP 	line_4: autoDraw = False
859.2382 	EXP 	probe_2: autoDraw = False
859.2382 	EXP 	fixation_2: autoDraw = True
859.3056 	EXP 	Device response: <KeyPress from None: t=859.2146006000112, value=z, duration=0.08923919999506325>
860.2226 	EXP 	line_1: autoDraw = True
860.2226 	EXP 	line_2: autoDraw = True
860.2226 	EXP 	line_3: autoDraw = True
860.2226 	EXP 	line_4: autoDraw = True
860.2396 	EXP 	fixation_2: autoDraw = False
861.2225 	INFO 	Keyboard events cleared
861.2223 	EXP 	probe_2: autoDraw = True
863.3712 	EXP 	Device response: <KeyPress from None: t=863.3633550000086, value=x, duration=None>
863.3717 	EXP 	New trial (rep=29, index=121): <Trial 121 (121 in rep 29) data={'pos': np.int64(-50), 'corr_resp': 'x', 'thisN': 121, 'thisTrialN': 121, 'thisRepN': 29}>
863.3730 	DATA 	Keypress: x
863.3883 	EXP 	fixation_2: autoDraw = False
863.3883 	EXP 	line_1: autoDraw = False
863.3883 	EXP 	line_2: autoDraw = False
863.3883 	EXP 	line_3: autoDraw = False
863.3883 	EXP 	line_4: autoDraw = False
863.3883 	EXP 	probe_2: autoDraw = False
863.3883 	EXP 	fixation_2: autoDraw = True
863.4399 	EXP 	Device response: <KeyPress from None: t=863.3633550000086, value=x, duration=0.06624630000442266>
864.3719 	EXP 	line_1: autoDraw = True
864.3719 	EXP 	line_2: autoDraw = True
864.3719 	EXP 	line_3: autoDraw = True
864.3719 	EXP 	line_4: autoDraw = True
864.3882 	EXP 	fixation_2: autoDraw = False
865.3725 	INFO 	Keyboard events cleared
865.3723 	EXP 	probe_2: autoDraw = True
866.2907 	DATA 	Keypress: x
866.3056 	EXP 	Device response: <KeyPress from None: t=866.2895530000096, value=x, duration=None>
866.3059 	EXP 	New trial (rep=28, index=122): <Trial 122 (122 in rep 28) data={'pos': np.int64(-150), 'corr_resp': 'z', 'thisN': 122, 'thisTrialN': 122, 'thisRepN': 28}>
866.3224 	EXP 	fixation_2: autoDraw = False
866.3224 	EXP 	line_1: autoDraw = False
866.3224 	EXP 	line_2: autoDraw = False
866.3224 	EXP 	line_3: autoDraw = False
866.3224 	EXP 	line_4: autoDraw = False
866.3224 	EXP 	probe_2: autoDraw = False
866.3224 	EXP 	fixation_2: autoDraw = True
866.3714 	EXP 	Device response: <KeyPress from None: t=866.2895530000096, value=x, duration=0.06647819999489002>
867.3059 	EXP 	line_1: autoDraw = True
867.3059 	EXP 	line_2: autoDraw = True
867.3059 	EXP 	line_3: autoDraw = True
867.3059 	EXP 	line_4: autoDraw = True
867.3221 	EXP 	fixation_2: autoDraw = False
868.3062 	INFO 	Keyboard events cleared
868.3060 	EXP 	probe_2: autoDraw = True
870.3242 	DATA 	Keypress: z
870.3383 	EXP 	Device response: <KeyPress from None: t=870.3222561000148, value=z, duration=None>
870.3388 	EXP 	New trial (rep=28, index=123): <Trial 123 (123 in rep 28) data={'pos': np.int64(150), 'corr_resp': 'v', 'thisN': 123, 'thisTrialN': 123, 'thisRepN': 28}>
870.3546 	EXP 	fixation_2: autoDraw = False
870.3546 	EXP 	line_1: autoDraw = False
870.3546 	EXP 	line_2: autoDraw = False
870.3546 	EXP 	line_3: autoDraw = False
870.3546 	EXP 	line_4: autoDraw = False
870.3546 	EXP 	probe_2: autoDraw = False
870.3546 	EXP 	fixation_2: autoDraw = True
870.4222 	EXP 	Device response: <KeyPress from None: t=870.3222561000148, value=z, duration=0.08372949998010881>
871.3390 	EXP 	line_1: autoDraw = True
871.3390 	EXP 	line_2: autoDraw = True
871.3390 	EXP 	line_3: autoDraw = True
871.3390 	EXP 	line_4: autoDraw = True
871.3560 	EXP 	fixation_2: autoDraw = False
872.3400 	INFO 	Keyboard events cleared
872.3398 	EXP 	probe_2: autoDraw = True
874.4235 	EXP 	Device response: <KeyPress from None: t=874.4207840000163, value=v, duration=None>
874.4240 	EXP 	New trial (rep=30, index=124): <Trial 124 (124 in rep 30) data={'pos': np.int64(-50), 'corr_resp': 'x', 'thisN': 124, 'thisTrialN': 124, 'thisRepN': 30}>
874.4255 	DATA 	Keypress: v
874.4376 	EXP 	fixation_2: autoDraw = False
874.4376 	EXP 	line_1: autoDraw = False
874.4376 	EXP 	line_2: autoDraw = False
874.4376 	EXP 	line_3: autoDraw = False
874.4376 	EXP 	line_4: autoDraw = False
874.4376 	EXP 	probe_2: autoDraw = False
874.4376 	EXP 	fixation_2: autoDraw = True
874.5385 	EXP 	Device response: <KeyPress from None: t=874.4207840000163, value=v, duration=0.11367429999518208>
875.4393 	EXP 	fixation_2: autoDraw = False
875.4393 	EXP 	line_1: autoDraw = True
875.4393 	EXP 	line_2: autoDraw = True
875.4393 	EXP 	line_3: autoDraw = True
875.4393 	EXP 	line_4: autoDraw = True
876.4387 	INFO 	Keyboard events cleared
876.4385 	EXP 	probe_2: autoDraw = True
877.9232 	EXP 	Device response: <KeyPress from None: t=877.9120844000136, value=x, duration=None>
877.9237 	EXP 	New trial (rep=31, index=125): <Trial 125 (125 in rep 31) data={'pos': np.int64(-50), 'corr_resp': 'x', 'thisN': 125, 'thisTrialN': 125, 'thisRepN': 31}>
877.9254 	DATA 	Keypress: x
877.9377 	EXP 	fixation_2: autoDraw = False
877.9377 	EXP 	line_1: autoDraw = False
877.9377 	EXP 	line_2: autoDraw = False
877.9377 	EXP 	line_3: autoDraw = False
877.9377 	EXP 	line_4: autoDraw = False
877.9377 	EXP 	probe_2: autoDraw = False
877.9377 	EXP 	fixation_2: autoDraw = True
878.0057 	EXP 	Device response: <KeyPress from None: t=877.9120844000136, value=x, duration=0.0790862999856472>
878.9395 	EXP 	fixation_2: autoDraw = False
878.9395 	EXP 	line_1: autoDraw = True
878.9395 	EXP 	line_2: autoDraw = True
878.9395 	EXP 	line_3: autoDraw = True
878.9395 	EXP 	line_4: autoDraw = True
879.9398 	INFO 	Keyboard events cleared
879.9396 	EXP 	probe_2: autoDraw = True
881.0061 	EXP 	Device response: <KeyPress from None: t=880.9985575000173, value=x, duration=None>
881.0064 	EXP 	New trial (rep=32, index=126): <Trial 126 (126 in rep 32) data={'pos': np.int64(-50), 'corr_resp': 'x', 'thisN': 126, 'thisTrialN': 126, 'thisRepN': 32}>
881.0078 	DATA 	Keypress: x
881.0223 	EXP 	fixation_2: autoDraw = False
881.0223 	EXP 	line_1: autoDraw = False
881.0223 	EXP 	line_2: autoDraw = False
881.0223 	EXP 	line_3: autoDraw = False
881.0223 	EXP 	line_4: autoDraw = False
881.0223 	EXP 	probe_2: autoDraw = False
881.0223 	EXP 	fixation_2: autoDraw = True
881.1050 	EXP 	Device response: <KeyPress from None: t=880.9985575000173, value=x, duration=0.09189419998438098>
882.0063 	EXP 	line_1: autoDraw = True
882.0063 	EXP 	line_2: autoDraw = True
882.0063 	EXP 	line_3: autoDraw = True
882.0063 	EXP 	line_4: autoDraw = True
882.0237 	EXP 	fixation_2: autoDraw = False
883.0050 	INFO 	Keyboard events cleared
883.0048 	EXP 	probe_2: autoDraw = True
884.1233 	EXP 	Device response: <KeyPress from None: t=884.1102523000154, value=x, duration=None>
884.1237 	EXP 	New trial (rep=29, index=127): <Trial 127 (127 in rep 29) data={'pos': np.int64(150), 'corr_resp': 'v', 'thisN': 127, 'thisTrialN': 127, 'thisRepN': 29}>
884.1251 	DATA 	Keypress: x
884.1385 	EXP 	fixation_2: autoDraw = False
884.1385 	EXP 	line_1: autoDraw = False
884.1385 	EXP 	line_2: autoDraw = False
884.1385 	EXP 	line_3: autoDraw = False
884.1385 	EXP 	line_4: autoDraw = False
884.1385 	EXP 	probe_2: autoDraw = False
884.1385 	EXP 	fixation_2: autoDraw = True
884.1896 	EXP 	Device response: <KeyPress from None: t=884.1102523000154, value=x, duration=0.07132709998404607>
885.1219 	EXP 	line_1: autoDraw = True
885.1219 	EXP 	line_2: autoDraw = True
885.1219 	EXP 	line_3: autoDraw = True
885.1219 	EXP 	line_4: autoDraw = True
885.1382 	EXP 	fixation_2: autoDraw = False
886.1232 	INFO 	Keyboard events cleared
886.1230 	EXP 	probe_2: autoDraw = True
887.5894 	EXP 	Device response: <KeyPress from None: t=887.5861835000105, value=v, duration=None>
887.5898 	EXP 	New trial (rep=30, index=128): <Trial 128 (128 in rep 30) data={'pos': np.int64(150), 'corr_resp': 'v', 'thisN': 128, 'thisTrialN': 128, 'thisRepN': 30}>
887.5911 	DATA 	Keypress: v
887.6046 	EXP 	fixation_2: autoDraw = False
887.6046 	EXP 	line_1: autoDraw = False
887.6046 	EXP 	line_2: autoDraw = False
887.6046 	EXP 	line_3: autoDraw = False
887.6046 	EXP 	line_4: autoDraw = False
887.6046 	EXP 	probe_2: autoDraw = False
887.6046 	EXP 	fixation_2: autoDraw = True
887.6734 	EXP 	Device response: <KeyPress from None: t=887.5861835000105, value=v, duration=0.07184629997937009>
888.5892 	EXP 	line_1: autoDraw = True
888.5892 	EXP 	line_2: autoDraw = True
888.5892 	EXP 	line_3: autoDraw = True
888.5892 	EXP 	line_4: autoDraw = True
888.6066 	EXP 	fixation_2: autoDraw = False
889.5901 	INFO 	Keyboard events cleared
889.5899 	EXP 	probe_2: autoDraw = True
890.8235 	EXP 	Device response: <KeyPress from None: t=890.8145565000013, value=v, duration=None>
890.8240 	EXP 	New trial (rep=33, index=129): <Trial 129 (129 in rep 33) data={'pos': np.int64(-50), 'corr_resp': 'x', 'thisN': 129, 'thisTrialN': 129, 'thisRepN': 33}>
890.8254 	DATA 	Keypress: v
890.8379 	EXP 	fixation_2: autoDraw = False
890.8379 	EXP 	line_1: autoDraw = False
890.8379 	EXP 	line_2: autoDraw = False
890.8379 	EXP 	line_3: autoDraw = False
890.8379 	EXP 	line_4: autoDraw = False
890.8379 	EXP 	probe_2: autoDraw = False
890.8379 	EXP 	fixation_2: autoDraw = True
890.9067 	EXP 	Device response: <KeyPress from None: t=890.8145565000013, value=v, duration=0.08544399999664165>
891.8396 	EXP 	fixation_2: autoDraw = False
891.8396 	EXP 	line_1: autoDraw = True
891.8396 	EXP 	line_2: autoDraw = True
891.8396 	EXP 	line_3: autoDraw = True
891.8396 	EXP 	line_4: autoDraw = True
892.8387 	INFO 	Keyboard events cleared
892.8385 	EXP 	probe_2: autoDraw = True
894.2068 	EXP 	Device response: <KeyPress from None: t=894.1983976000047, value=x, duration=None>
894.2072 	EXP 	New trial (rep=34, index=130): <Trial 130 (130 in rep 34) data={'pos': np.int64(-50), 'corr_resp': 'x', 'thisN': 130, 'thisTrialN': 130, 'thisRepN': 34}>
894.2087 	DATA 	Keypress: x
894.2218 	EXP 	fixation_2: autoDraw = False
894.2218 	EXP 	line_1: autoDraw = False
894.2218 	EXP 	line_2: autoDraw = False
894.2218 	EXP 	line_3: autoDraw = False
894.2218 	EXP 	line_4: autoDraw = False
894.2218 	EXP 	probe_2: autoDraw = False
894.2218 	EXP 	fixation_2: autoDraw = True
894.3061 	EXP 	Device response: <KeyPress from None: t=894.1983976000047, value=x, duration=0.09085539999068715>
895.2228 	EXP 	fixation_2: autoDraw = False
895.2228 	EXP 	line_1: autoDraw = True
895.2228 	EXP 	line_2: autoDraw = True
895.2228 	EXP 	line_3: autoDraw = True
895.2228 	EXP 	line_4: autoDraw = True
896.2067 	INFO 	Keyboard events cleared
896.2065 	EXP 	probe_2: autoDraw = True
897.9403 	EXP 	Device response: <KeyPress from None: t=897.9293698999973, value=x, duration=None>
897.9407 	EXP 	New trial (rep=35, index=131): <Trial 131 (131 in rep 35) data={'pos': np.int64(-50), 'corr_resp': 'x', 'thisN': 131, 'thisTrialN': 131, 'thisRepN': 35}>
897.9421 	DATA 	Keypress: x
897.9554 	EXP 	fixation_2: autoDraw = False
897.9554 	EXP 	line_1: autoDraw = False
897.9554 	EXP 	line_2: autoDraw = False
897.9554 	EXP 	line_3: autoDraw = False
897.9554 	EXP 	line_4: autoDraw = False
897.9554 	EXP 	probe_2: autoDraw = False
897.9554 	EXP 	fixation_2: autoDraw = True
898.0230 	EXP 	Device response: <KeyPress from None: t=897.9293698999973, value=x, duration=0.08555909999995492>
898.9395 	EXP 	line_1: autoDraw = True
898.9395 	EXP 	line_2: autoDraw = True
898.9395 	EXP 	line_3: autoDraw = True
898.9395 	EXP 	line_4: autoDraw = True
898.9560 	EXP 	fixation_2: autoDraw = False
899.9401 	INFO 	Keyboard events cleared
899.9399 	EXP 	probe_2: autoDraw = True
901.6239 	EXP 	Device response: <KeyPress from None: t=901.6150254000095, value=x, duration=None>
901.6243 	EXP 	New trial (rep=31, index=132): <Trial 132 (132 in rep 31) data={'pos': np.int64(150), 'corr_resp': 'v', 'thisN': 132, 'thisTrialN': 132, 'thisRepN': 31}>
901.6258 	DATA 	Keypress: x
901.6388 	EXP 	fixation_2: autoDraw = False
901.6388 	EXP 	line_1: autoDraw = False
901.6388 	EXP 	line_2: autoDraw = False
901.6388 	EXP 	line_3: autoDraw = False
901.6388 	EXP 	line_4: autoDraw = False
901.6388 	EXP 	probe_2: autoDraw = False
901.6388 	EXP 	fixation_2: autoDraw = True
901.7069 	EXP 	Device response: <KeyPress from None: t=901.6150254000095, value=x, duration=0.08231110000633635>
902.6394 	EXP 	fixation_2: autoDraw = False
902.6394 	EXP 	line_1: autoDraw = True
902.6394 	EXP 	line_2: autoDraw = True
902.6394 	EXP 	line_3: autoDraw = True
902.6394 	EXP 	line_4: autoDraw = True
903.6398 	INFO 	Keyboard events cleared
903.6396 	EXP 	probe_2: autoDraw = True
905.0910 	EXP 	Device response: <KeyPress from None: t=905.081479000015, value=v, duration=None>
905.0915 	EXP 	New trial (rep=29, index=133): <Trial 133 (133 in rep 29) data={'pos': np.int64(-150), 'corr_resp': 'z', 'thisN': 133, 'thisTrialN': 133, 'thisRepN': 29}>
905.0931 	DATA 	Keypress: v
905.1049 	EXP 	fixation_2: autoDraw = False
905.1049 	EXP 	line_1: autoDraw = False
905.1049 	EXP 	line_2: autoDraw = False
905.1049 	EXP 	line_3: autoDraw = False
905.1049 	EXP 	line_4: autoDraw = False
905.1049 	EXP 	probe_2: autoDraw = False
905.1049 	EXP 	fixation_2: autoDraw = True
905.1736 	EXP 	Device response: <KeyPress from None: t=905.081479000015, value=v, duration=0.08158040000125766>
906.1062 	EXP 	fixation_2: autoDraw = False
906.1062 	EXP 	line_1: autoDraw = True
906.1062 	EXP 	line_2: autoDraw = True
906.1062 	EXP 	line_3: autoDraw = True
906.1062 	EXP 	line_4: autoDraw = True
907.1073 	INFO 	Keyboard events cleared
907.1071 	EXP 	probe_2: autoDraw = True
908.4750 	DATA 	Keypress: z
908.4887 	EXP 	Device response: <KeyPress from None: t=908.4733337000071, value=z, duration=None>
908.4891 	EXP 	New trial (rep=36, index=134): <Trial 134 (134 in rep 36) data={'pos': np.int64(-50), 'corr_resp': 'x', 'thisN': 134, 'thisTrialN': 134, 'thisRepN': 36}>
908.5054 	EXP 	fixation_2: autoDraw = False
908.5054 	EXP 	line_1: autoDraw = False
908.5054 	EXP 	line_2: autoDraw = False
908.5054 	EXP 	line_3: autoDraw = False
908.5054 	EXP 	line_4: autoDraw = False
908.5054 	EXP 	probe_2: autoDraw = False
908.5054 	EXP 	fixation_2: autoDraw = True
908.5560 	EXP 	Device response: <KeyPress from None: t=908.4733337000071, value=z, duration=0.07311850000405684>
909.4884 	EXP 	line_1: autoDraw = True
909.4884 	EXP 	line_2: autoDraw = True
909.4884 	EXP 	line_3: autoDraw = True
909.4884 	EXP 	line_4: autoDraw = True
909.5054 	EXP 	fixation_2: autoDraw = False
910.4897 	INFO 	Keyboard events cleared
910.4895 	EXP 	probe_2: autoDraw = True
911.7896 	EXP 	Device response: <KeyPress from None: t=911.7819252999907, value=x, duration=None>
911.7902 	EXP 	New trial (rep=36, index=135): <Trial 135 (135 in rep 36) data={'pos': np.int64(50), 'corr_resp': 'c', 'thisN': 135, 'thisTrialN': 135, 'thisRepN': 36}>
911.7917 	DATA 	Keypress: x
911.8067 	EXP 	fixation_2: autoDraw = False
911.8067 	EXP 	line_1: autoDraw = False
911.8067 	EXP 	line_2: autoDraw = False
911.8067 	EXP 	line_3: autoDraw = False
911.8067 	EXP 	line_4: autoDraw = False
911.8067 	EXP 	probe_2: autoDraw = False
911.8067 	EXP 	fixation_2: autoDraw = True
911.8738 	EXP 	Device response: <KeyPress from None: t=911.7819252999907, value=x, duration=0.08666850000736304>
912.7892 	EXP 	line_1: autoDraw = True
912.7892 	EXP 	line_2: autoDraw = True
912.7892 	EXP 	line_3: autoDraw = True
912.7892 	EXP 	line_4: autoDraw = True
912.8065 	EXP 	fixation_2: autoDraw = False
913.7901 	INFO 	Keyboard events cleared
913.7899 	EXP 	probe_2: autoDraw = True
914.7231 	EXP 	Device response: <KeyPress from None: t=914.7137273999979, value=c, duration=None>
914.7236 	EXP 	New trial (rep=37, index=136): <Trial 136 (136 in rep 37) data={'pos': np.int64(-50), 'corr_resp': 'x', 'thisN': 136, 'thisTrialN': 136, 'thisRepN': 37}>
914.7250 	DATA 	Keypress: c
914.7396 	EXP 	fixation_2: autoDraw = False
914.7396 	EXP 	line_1: autoDraw = False
914.7396 	EXP 	line_2: autoDraw = False
914.7396 	EXP 	line_3: autoDraw = False
914.7396 	EXP 	line_4: autoDraw = False
914.7396 	EXP 	probe_2: autoDraw = False
914.7396 	EXP 	fixation_2: autoDraw = True
914.8063 	EXP 	Device response: <KeyPress from None: t=914.7137273999979, value=c, duration=0.08162710000760853>
915.7233 	EXP 	line_1: autoDraw = True
915.7233 	EXP 	line_2: autoDraw = True
915.7233 	EXP 	line_3: autoDraw = True
915.7233 	EXP 	line_4: autoDraw = True
915.7403 	EXP 	fixation_2: autoDraw = False
916.7220 	INFO 	Keyboard events cleared
916.7217 	EXP 	probe_2: autoDraw = True
919.1234 	EXP 	Device response: <KeyPress from None: t=919.1188007000019, value=x, duration=None>
919.1240 	EXP 	New trial (rep=30, index=137): <Trial 137 (137 in rep 30) data={'pos': np.int64(-150), 'corr_resp': 'z', 'thisN': 137, 'thisTrialN': 137, 'thisRepN': 30}>
919.1261 	DATA 	Keypress: x
919.1391 	EXP 	fixation_2: autoDraw = False
919.1391 	EXP 	line_1: autoDraw = False
919.1391 	EXP 	line_2: autoDraw = False
919.1391 	EXP 	line_3: autoDraw = False
919.1391 	EXP 	line_4: autoDraw = False
919.1391 	EXP 	probe_2: autoDraw = False
919.1391 	EXP 	fixation_2: autoDraw = True
919.2065 	EXP 	Device response: <KeyPress from None: t=919.1188007000019, value=x, duration=0.08351560001028702>
920.1235 	EXP 	line_1: autoDraw = True
920.1235 	EXP 	line_2: autoDraw = True
920.1235 	EXP 	line_3: autoDraw = True
920.1235 	EXP 	line_4: autoDraw = True
920.1391 	EXP 	fixation_2: autoDraw = False
921.1238 	INFO 	Keyboard events cleared
921.1235 	EXP 	probe_2: autoDraw = True
922.6095 	DATA 	Keypress: z
922.6222 	EXP 	Device response: <KeyPress from None: t=922.6088132000004, value=z, duration=None>
922.6227 	EXP 	New trial (rep=31, index=138): <Trial 138 (138 in rep 31) data={'pos': np.int64(-150), 'corr_resp': 'z', 'thisN': 138, 'thisTrialN': 138, 'thisRepN': 31}>
922.6392 	EXP 	fixation_2: autoDraw = False
922.6392 	EXP 	line_1: autoDraw = False
922.6392 	EXP 	line_2: autoDraw = False
922.6392 	EXP 	line_3: autoDraw = False
922.6392 	EXP 	line_4: autoDraw = False
922.6392 	EXP 	probe_2: autoDraw = False
922.6392 	EXP 	fixation_2: autoDraw = True
922.6907 	EXP 	Device response: <KeyPress from None: t=922.6088132000004, value=z, duration=0.06711930001620203>
923.6237 	EXP 	line_1: autoDraw = True
923.6237 	EXP 	line_2: autoDraw = True
923.6237 	EXP 	line_3: autoDraw = True
923.6237 	EXP 	line_4: autoDraw = True
923.6403 	EXP 	fixation_2: autoDraw = False
924.6238 	INFO 	Keyboard events cleared
924.6235 	EXP 	probe_2: autoDraw = True
926.1222 	EXP 	Device response: <KeyPress from None: t=926.1154855999921, value=z, duration=None>
926.1227 	EXP 	New trial (rep=32, index=139): <Trial 139 (139 in rep 32) data={'pos': np.int64(150), 'corr_resp': 'v', 'thisN': 139, 'thisTrialN': 139, 'thisRepN': 32}>
926.1246 	DATA 	Keypress: z
926.1392 	EXP 	fixation_2: autoDraw = False
926.1392 	EXP 	line_1: autoDraw = False
926.1392 	EXP 	line_2: autoDraw = False
926.1392 	EXP 	line_3: autoDraw = False
926.1392 	EXP 	line_4: autoDraw = False
926.1392 	EXP 	probe_2: autoDraw = False
926.1392 	EXP 	fixation_2: autoDraw = True
926.2234 	EXP 	Device response: <KeyPress from None: t=926.1154855999921, value=z, duration=0.0913987000240013>
927.1237 	EXP 	line_1: autoDraw = True
927.1237 	EXP 	line_2: autoDraw = True
927.1237 	EXP 	line_3: autoDraw = True
927.1237 	EXP 	line_4: autoDraw = True
927.1393 	EXP 	fixation_2: autoDraw = False
928.1239 	INFO 	Keyboard events cleared
928.1236 	EXP 	probe_2: autoDraw = True
929.8726 	EXP 	Device response: <KeyPress from None: t=929.8586625000171, value=v, duration=None>
929.8730 	EXP 	New trial (rep=37, index=140): <Trial 140 (140 in rep 37) data={'pos': np.int64(50), 'corr_resp': 'c', 'thisN': 140, 'thisTrialN': 140, 'thisRepN': 37}>
929.8744 	DATA 	Keypress: v
929.8899 	EXP 	fixation_2: autoDraw = False
929.8899 	EXP 	line_1: autoDraw = False
929.8899 	EXP 	line_2: autoDraw = False
929.8899 	EXP 	line_3: autoDraw = False
929.8899 	EXP 	line_4: autoDraw = False
929.8899 	EXP 	probe_2: autoDraw = False
929.8899 	EXP 	fixation_2: autoDraw = True
929.9577 	EXP 	Device response: <KeyPress from None: t=929.8586625000171, value=v, duration=0.08808139999746345>
930.8734 	EXP 	line_1: autoDraw = True
930.8734 	EXP 	line_2: autoDraw = True
930.8734 	EXP 	line_3: autoDraw = True
930.8734 	EXP 	line_4: autoDraw = True
930.8904 	EXP 	fixation_2: autoDraw = False
931.8738 	INFO 	Keyboard events cleared
931.8736 	EXP 	probe_2: autoDraw = True
932.7066 	EXP 	Device response: <KeyPress from None: t=932.7047505000082, value=c, duration=None>
932.7070 	EXP 	New trial (rep=32, index=141): <Trial 141 (141 in rep 32) data={'pos': np.int64(-150), 'corr_resp': 'z', 'thisN': 141, 'thisTrialN': 141, 'thisRepN': 32}>
932.7086 	DATA 	Keypress: c
932.7235 	EXP 	fixation_2: autoDraw = False
932.7235 	EXP 	line_1: autoDraw = False
932.7235 	EXP 	line_2: autoDraw = False
932.7235 	EXP 	line_3: autoDraw = False
932.7235 	EXP 	line_4: autoDraw = False
932.7235 	EXP 	probe_2: autoDraw = False
932.7235 	EXP 	fixation_2: autoDraw = True
932.7907 	EXP 	Device response: <KeyPress from None: t=932.7047505000082, value=c, duration=0.07883730001049116>
933.7064 	EXP 	line_1: autoDraw = True
933.7064 	EXP 	line_2: autoDraw = True
933.7064 	EXP 	line_3: autoDraw = True
933.7064 	EXP 	line_4: autoDraw = True
933.7236 	EXP 	fixation_2: autoDraw = False
934.7071 	INFO 	Keyboard events cleared
934.7069 	EXP 	probe_2: autoDraw = True
935.6567 	EXP 	Device response: <KeyPress from None: t=935.6486314999929, value=z, duration=None>
935.6571 	EXP 	New trial (rep=38, index=142): <Trial 142 (142 in rep 38) data={'pos': np.int64(-50), 'corr_resp': 'x', 'thisN': 142, 'thisTrialN': 142, 'thisRepN': 38}>
935.6586 	DATA 	Keypress: z
935.6722 	EXP 	fixation_2: autoDraw = False
935.6722 	EXP 	line_1: autoDraw = False
935.6722 	EXP 	line_2: autoDraw = False
935.6722 	EXP 	line_3: autoDraw = False
935.6722 	EXP 	line_4: autoDraw = False
935.6722 	EXP 	probe_2: autoDraw = False
935.6722 	EXP 	fixation_2: autoDraw = True
935.7402 	EXP 	Device response: <KeyPress from None: t=935.6486314999929, value=z, duration=0.0814152000239119>
936.6571 	EXP 	line_1: autoDraw = True
936.6571 	EXP 	line_2: autoDraw = True
936.6571 	EXP 	line_3: autoDraw = True
936.6571 	EXP 	line_4: autoDraw = True
936.6731 	EXP 	fixation_2: autoDraw = False
937.6574 	INFO 	Keyboard events cleared
937.6572 	EXP 	probe_2: autoDraw = True
938.7063 	EXP 	Device response: <KeyPress from None: t=938.7039020000084, value=x, duration=None>
938.7066 	EXP 	New trial (rep=33, index=143): <Trial 143 (143 in rep 33) data={'pos': np.int64(150), 'corr_resp': 'v', 'thisN': 143, 'thisTrialN': 143, 'thisRepN': 33}>
938.7079 	DATA 	Keypress: x
938.7228 	EXP 	fixation_2: autoDraw = False
938.7228 	EXP 	line_1: autoDraw = False
938.7228 	EXP 	line_2: autoDraw = False
938.7228 	EXP 	line_3: autoDraw = False
938.7228 	EXP 	line_4: autoDraw = False
938.7228 	EXP 	probe_2: autoDraw = False
938.7228 	EXP 	fixation_2: autoDraw = True
938.7566 	EXP 	Device response: <KeyPress from None: t=938.7039020000084, value=x, duration=0.041648399987025186>
939.7067 	EXP 	line_1: autoDraw = True
939.7067 	EXP 	line_2: autoDraw = True
939.7067 	EXP 	line_3: autoDraw = True
939.7067 	EXP 	line_4: autoDraw = True
939.7237 	EXP 	fixation_2: autoDraw = False
940.7060 	INFO 	Keyboard events cleared
940.7058 	EXP 	probe_2: autoDraw = True
944.2908 	EXP 	Device response: <KeyPress from None: t=944.2838652000064, value=v, duration=None>
944.2911 	EXP 	New trial (rep=33, index=144): <Trial 144 (144 in rep 33) data={'pos': np.int64(-150), 'corr_resp': 'z', 'thisN': 144, 'thisTrialN': 144, 'thisRepN': 33}>
944.2926 	DATA 	Keypress: v
944.3061 	EXP 	fixation_2: autoDraw = False
944.3061 	EXP 	line_1: autoDraw = False
944.3061 	EXP 	line_2: autoDraw = False
944.3061 	EXP 	line_3: autoDraw = False
944.3061 	EXP 	line_4: autoDraw = False
944.3061 	EXP 	probe_2: autoDraw = False
944.3061 	EXP 	fixation_2: autoDraw = True
944.3743 	EXP 	Device response: <KeyPress from None: t=944.2838652000064, value=v, duration=0.08792600000742823>
945.2903 	EXP 	line_1: autoDraw = True
945.2903 	EXP 	line_2: autoDraw = True
945.2903 	EXP 	line_3: autoDraw = True
945.2903 	EXP 	line_4: autoDraw = True
945.3062 	EXP 	fixation_2: autoDraw = False
946.2907 	INFO 	Keyboard events cleared
946.2905 	EXP 	probe_2: autoDraw = True
947.6907 	EXP 	Device response: <KeyPress from None: t=947.6799755000102, value=z, duration=None>
947.6912 	EXP 	New trial (rep=34, index=145): <Trial 145 (145 in rep 34) data={'pos': np.int64(150), 'corr_resp': 'v', 'thisN': 145, 'thisTrialN': 145, 'thisRepN': 34}>
947.6926 	DATA 	Keypress: z
947.7055 	EXP 	fixation_2: autoDraw = False
947.7055 	EXP 	line_1: autoDraw = False
947.7055 	EXP 	line_2: autoDraw = False
947.7055 	EXP 	line_3: autoDraw = False
947.7055 	EXP 	line_4: autoDraw = False
947.7055 	EXP 	probe_2: autoDraw = False
947.7055 	EXP 	fixation_2: autoDraw = True
947.7727 	EXP 	Device response: <KeyPress from None: t=947.6799755000102, value=z, duration=0.08284590000403114>
948.7076 	EXP 	fixation_2: autoDraw = False
948.7076 	EXP 	line_1: autoDraw = True
948.7076 	EXP 	line_2: autoDraw = True
948.7076 	EXP 	line_3: autoDraw = True
948.7076 	EXP 	line_4: autoDraw = True
949.6908 	INFO 	Keyboard events cleared
949.6906 	EXP 	probe_2: autoDraw = True
950.7727 	EXP 	Device response: <KeyPress from None: t=950.7621501999965, value=v, duration=None>
950.7731 	EXP 	New trial (rep=34, index=146): <Trial 146 (146 in rep 34) data={'pos': np.int64(-150), 'corr_resp': 'z', 'thisN': 146, 'thisTrialN': 146, 'thisRepN': 34}>
950.7745 	DATA 	Keypress: v
950.7903 	EXP 	fixation_2: autoDraw = False
950.7903 	EXP 	line_1: autoDraw = False
950.7903 	EXP 	line_2: autoDraw = False
950.7903 	EXP 	line_3: autoDraw = False
950.7903 	EXP 	line_4: autoDraw = False
950.7903 	EXP 	probe_2: autoDraw = False
950.7903 	EXP 	fixation_2: autoDraw = True
950.8569 	EXP 	Device response: <KeyPress from None: t=950.7621501999965, value=v, duration=0.09072979999473318>
951.7737 	EXP 	line_1: autoDraw = True
951.7737 	EXP 	line_2: autoDraw = True
951.7737 	EXP 	line_3: autoDraw = True
951.7737 	EXP 	line_4: autoDraw = True
951.7890 	EXP 	fixation_2: autoDraw = False
952.7741 	INFO 	Keyboard events cleared
952.7738 	EXP 	probe_2: autoDraw = True
954.0394 	EXP 	Device response: <KeyPress from None: t=954.0348474000057, value=z, duration=None>
954.0399 	EXP 	New trial (rep=35, index=147): <Trial 147 (147 in rep 35) data={'pos': np.int64(-150), 'corr_resp': 'z', 'thisN': 147, 'thisTrialN': 147, 'thisRepN': 35}>
954.0414 	DATA 	Keypress: z
954.0566 	EXP 	fixation_2: autoDraw = False
954.0566 	EXP 	line_1: autoDraw = False
954.0566 	EXP 	line_2: autoDraw = False
954.0566 	EXP 	line_3: autoDraw = False
954.0566 	EXP 	line_4: autoDraw = False
954.0566 	EXP 	probe_2: autoDraw = False
954.0566 	EXP 	fixation_2: autoDraw = True
954.1908 	EXP 	Device response: <KeyPress from None: t=954.0348474000057, value=z, duration=0.1393128999916371>
955.0406 	EXP 	line_1: autoDraw = True
955.0406 	EXP 	line_2: autoDraw = True
955.0406 	EXP 	line_3: autoDraw = True
955.0406 	EXP 	line_4: autoDraw = True
955.0571 	EXP 	fixation_2: autoDraw = False
956.0406 	INFO 	Keyboard events cleared
956.0404 	EXP 	probe_2: autoDraw = True
956.7240 	EXP 	Device response: <KeyPress from None: t=956.7100192999933, value=z, duration=None>
956.7243 	EXP 	New trial (rep=35, index=148): <Trial 148 (148 in rep 35) data={'pos': np.int64(150), 'corr_resp': 'v', 'thisN': 148, 'thisTrialN': 148, 'thisRepN': 35}>
956.7256 	DATA 	Keypress: z
956.7390 	EXP 	fixation_2: autoDraw = False
956.7390 	EXP 	line_1: autoDraw = False
956.7390 	EXP 	line_2: autoDraw = False
956.7390 	EXP 	line_3: autoDraw = False
956.7390 	EXP 	line_4: autoDraw = False
956.7390 	EXP 	probe_2: autoDraw = False
956.7390 	EXP 	fixation_2: autoDraw = True
956.8240 	EXP 	Device response: <KeyPress from None: t=956.7100192999933, value=z, duration=0.108707500010496>
957.7234 	EXP 	line_1: autoDraw = True
957.7234 	EXP 	line_2: autoDraw = True
957.7234 	EXP 	line_3: autoDraw = True
957.7234 	EXP 	line_4: autoDraw = True
957.7404 	EXP 	fixation_2: autoDraw = False
958.7243 	INFO 	Keyboard events cleared
958.7241 	EXP 	probe_2: autoDraw = True
959.8230 	EXP 	Device response: <KeyPress from None: t=959.8123936000047, value=v, duration=None>
959.8235 	EXP 	New trial (rep=39, index=149): <Trial 149 (149 in rep 39) data={'pos': np.int64(-50), 'corr_resp': 'x', 'thisN': 149, 'thisTrialN': 149, 'thisRepN': 39}>
959.8248 	DATA 	Keypress: v
959.8409 	EXP 	fixation_2: autoDraw = False
959.8409 	EXP 	line_1: autoDraw = False
959.8409 	EXP 	line_2: autoDraw = False
959.8409 	EXP 	line_3: autoDraw = False
959.8409 	EXP 	line_4: autoDraw = False
959.8409 	EXP 	probe_2: autoDraw = False
959.8409 	EXP 	fixation_2: autoDraw = True
959.8911 	EXP 	Device response: <KeyPress from None: t=959.8123936000047, value=v, duration=0.06680629999027587>
960.8240 	EXP 	line_1: autoDraw = True
960.8240 	EXP 	line_2: autoDraw = True
960.8240 	EXP 	line_3: autoDraw = True
960.8240 	EXP 	line_4: autoDraw = True
960.8402 	EXP 	fixation_2: autoDraw = False
961.8225 	INFO 	Keyboard events cleared
961.8223 	EXP 	probe_2: autoDraw = True
962.9750 	EXP 	Device response: <KeyPress from None: t=962.9724448999914, value=x, duration=None>
962.9754 	EXP 	New trial (rep=36, index=150): <Trial 150 (150 in rep 36) data={'pos': np.int64(150), 'corr_resp': 'v', 'thisN': 150, 'thisTrialN': 150, 'thisRepN': 36}>
962.9768 	DATA 	Keypress: x
962.9894 	EXP 	fixation_2: autoDraw = False
962.9894 	EXP 	line_1: autoDraw = False
962.9894 	EXP 	line_2: autoDraw = False
962.9894 	EXP 	line_3: autoDraw = False
962.9894 	EXP 	line_4: autoDraw = False
962.9894 	EXP 	probe_2: autoDraw = False
962.9894 	EXP 	fixation_2: autoDraw = True
963.0731 	EXP 	Device response: <KeyPress from None: t=962.9724448999914, value=x, duration=0.08629520001704805>
963.9896 	EXP 	fixation_2: autoDraw = False
963.9896 	EXP 	line_1: autoDraw = True
963.9896 	EXP 	line_2: autoDraw = True
963.9896 	EXP 	line_3: autoDraw = True
963.9896 	EXP 	line_4: autoDraw = True
964.9911 	INFO 	Keyboard events cleared
964.9909 	EXP 	probe_2: autoDraw = True
965.9399 	EXP 	Device response: <KeyPress from None: t=965.9325543000014, value=v, duration=None>
965.9403 	EXP 	New trial (rep=36, index=151): <Trial 151 (151 in rep 36) data={'pos': np.int64(-150), 'corr_resp': 'z', 'thisN': 151, 'thisTrialN': 151, 'thisRepN': 36}>
965.9417 	DATA 	Keypress: v
965.9565 	EXP 	fixation_2: autoDraw = False
965.9565 	EXP 	line_1: autoDraw = False
965.9565 	EXP 	line_2: autoDraw = False
965.9565 	EXP 	line_3: autoDraw = False
965.9565 	EXP 	line_4: autoDraw = False
965.9565 	EXP 	probe_2: autoDraw = False
965.9565 	EXP 	fixation_2: autoDraw = True
966.0403 	EXP 	Device response: <KeyPress from None: t=965.9325543000014, value=v, duration=0.09262750000925735>
966.9412 	EXP 	line_1: autoDraw = True
966.9412 	EXP 	line_2: autoDraw = True
966.9412 	EXP 	line_3: autoDraw = True
966.9412 	EXP 	line_4: autoDraw = True
966.9579 	EXP 	fixation_2: autoDraw = False
967.9399 	INFO 	Keyboard events cleared
967.9397 	EXP 	probe_2: autoDraw = True
968.6602 	DATA 	Keypress: z
968.6745 	EXP 	Device response: <KeyPress from None: t=968.6584745, value=z, duration=None>
968.6750 	EXP 	New trial (rep=38, index=152): <Trial 152 (152 in rep 38) data={'pos': np.int64(50), 'corr_resp': 'c', 'thisN': 152, 'thisTrialN': 152, 'thisRepN': 38}>
968.6891 	EXP 	fixation_2: autoDraw = False
968.6891 	EXP 	line_1: autoDraw = False
968.6891 	EXP 	line_2: autoDraw = False
968.6891 	EXP 	line_3: autoDraw = False
968.6891 	EXP 	line_4: autoDraw = False
968.6891 	EXP 	probe_2: autoDraw = False
968.6891 	EXP 	fixation_2: autoDraw = True
968.7567 	EXP 	Device response: <KeyPress from None: t=968.6584745, value=z, duration=0.09088360000168905>
969.6740 	EXP 	line_1: autoDraw = True
969.6740 	EXP 	line_2: autoDraw = True
969.6740 	EXP 	line_3: autoDraw = True
969.6740 	EXP 	line_4: autoDraw = True
969.6894 	EXP 	fixation_2: autoDraw = False
970.6747 	INFO 	Keyboard events cleared
970.6744 	EXP 	probe_2: autoDraw = True
971.6582 	EXP 	Device response: <KeyPress from None: t=971.6445691999979, value=c, duration=None>
971.6587 	EXP 	New trial (rep=40, index=153): <Trial 153 (153 in rep 40) data={'pos': np.int64(-50), 'corr_resp': 'x', 'thisN': 153, 'thisTrialN': 153, 'thisRepN': 40}>
971.6601 	DATA 	Keypress: c
971.6732 	EXP 	fixation_2: autoDraw = False
971.6732 	EXP 	line_1: autoDraw = False
971.6732 	EXP 	line_2: autoDraw = False
971.6732 	EXP 	line_3: autoDraw = False
971.6732 	EXP 	line_4: autoDraw = False
971.6732 	EXP 	probe_2: autoDraw = False
971.6732 	EXP 	fixation_2: autoDraw = True
971.7243 	EXP 	Device response: <KeyPress from None: t=971.6445691999979, value=c, duration=0.07756970002083108>
972.6578 	EXP 	line_1: autoDraw = True
972.6578 	EXP 	line_2: autoDraw = True
972.6578 	EXP 	line_3: autoDraw = True
972.6578 	EXP 	line_4: autoDraw = True
972.6743 	EXP 	fixation_2: autoDraw = False
973.6728 	INFO 	Keyboard events cleared
973.6726 	EXP 	probe_2: autoDraw = True
974.5908 	EXP 	Device response: <KeyPress from None: t=974.5873637000041, value=x, duration=None>
974.5911 	EXP 	New trial (rep=37, index=154): <Trial 154 (154 in rep 37) data={'pos': np.int64(150), 'corr_resp': 'v', 'thisN': 154, 'thisTrialN': 154, 'thisRepN': 37}>
974.5924 	DATA 	Keypress: x
974.6063 	EXP 	fixation_2: autoDraw = False
974.6063 	EXP 	line_1: autoDraw = False
974.6063 	EXP 	line_2: autoDraw = False
974.6063 	EXP 	line_3: autoDraw = False
974.6063 	EXP 	line_4: autoDraw = False
974.6063 	EXP 	probe_2: autoDraw = False
974.6063 	EXP 	fixation_2: autoDraw = True
974.7074 	EXP 	Device response: <KeyPress from None: t=974.5873637000041, value=x, duration=0.10624250001274049>
975.6069 	EXP 	fixation_2: autoDraw = False
975.6069 	EXP 	line_1: autoDraw = True
975.6069 	EXP 	line_2: autoDraw = True
975.6069 	EXP 	line_3: autoDraw = True
975.6069 	EXP 	line_4: autoDraw = True
976.5913 	INFO 	Keyboard events cleared
976.5911 	EXP 	probe_2: autoDraw = True
977.5913 	EXP 	Device response: <KeyPress from None: t=977.5789341999916, value=v, duration=None>
977.5917 	EXP 	New trial (rep=38, index=155): <Trial 155 (155 in rep 38) data={'pos': np.int64(150), 'corr_resp': 'v', 'thisN': 155, 'thisTrialN': 155, 'thisRepN': 38}>
977.5931 	DATA 	Keypress: v
977.6059 	EXP 	fixation_2: autoDraw = False
977.6059 	EXP 	line_1: autoDraw = False
977.6059 	EXP 	line_2: autoDraw = False
977.6059 	EXP 	line_3: autoDraw = False
977.6059 	EXP 	line_4: autoDraw = False
977.6059 	EXP 	probe_2: autoDraw = False
977.6059 	EXP 	fixation_2: autoDraw = True
977.6899 	EXP 	Device response: <KeyPress from None: t=977.5789341999916, value=v, duration=0.09573170001385733>
978.5908 	EXP 	line_1: autoDraw = True
978.5908 	EXP 	line_2: autoDraw = True
978.5908 	EXP 	line_3: autoDraw = True
978.5908 	EXP 	line_4: autoDraw = True
978.6074 	EXP 	fixation_2: autoDraw = False
979.5915 	INFO 	Keyboard events cleared
979.5913 	EXP 	probe_2: autoDraw = True
980.7407 	EXP 	Device response: <KeyPress from None: t=980.7303016000078, value=v, duration=None>
980.7411 	EXP 	New trial (rep=39, index=156): <Trial 156 (156 in rep 39) data={'pos': np.int64(150), 'corr_resp': 'v', 'thisN': 156, 'thisTrialN': 156, 'thisRepN': 39}>
980.7424 	DATA 	Keypress: v
980.7575 	EXP 	fixation_2: autoDraw = False
980.7575 	EXP 	line_1: autoDraw = False
980.7575 	EXP 	line_2: autoDraw = False
980.7575 	EXP 	line_3: autoDraw = False
980.7575 	EXP 	line_4: autoDraw = False
980.7575 	EXP 	probe_2: autoDraw = False
980.7575 	EXP 	fixation_2: autoDraw = True
980.8240 	EXP 	Device response: <KeyPress from None: t=980.7303016000078, value=v, duration=0.09101770000415854>
981.7409 	EXP 	line_1: autoDraw = True
981.7409 	EXP 	line_2: autoDraw = True
981.7409 	EXP 	line_3: autoDraw = True
981.7409 	EXP 	line_4: autoDraw = True
981.7579 	EXP 	fixation_2: autoDraw = False
982.7409 	INFO 	Keyboard events cleared
982.7407 	EXP 	probe_2: autoDraw = True
983.5404 	EXP 	Device response: <KeyPress from None: t=983.5314407999977, value=v, duration=None>
983.5408 	EXP 	New trial (rep=40, index=157): <Trial 157 (157 in rep 40) data={'pos': np.int64(150), 'corr_resp': 'v', 'thisN': 157, 'thisTrialN': 157, 'thisRepN': 40}>
983.5421 	DATA 	Keypress: v
983.5579 	EXP 	fixation_2: autoDraw = False
983.5579 	EXP 	line_1: autoDraw = False
983.5579 	EXP 	line_2: autoDraw = False
983.5579 	EXP 	line_3: autoDraw = False
983.5579 	EXP 	line_4: autoDraw = False
983.5579 	EXP 	probe_2: autoDraw = False
983.5579 	EXP 	fixation_2: autoDraw = True
983.6251 	EXP 	Device response: <KeyPress from None: t=983.5314407999977, value=v, duration=0.08598400000482798>
984.5412 	EXP 	line_1: autoDraw = True
984.5412 	EXP 	line_2: autoDraw = True
984.5412 	EXP 	line_3: autoDraw = True
984.5412 	EXP 	line_4: autoDraw = True
984.5580 	EXP 	fixation_2: autoDraw = False
985.5402 	INFO 	Keyboard events cleared
985.5400 	EXP 	probe_2: autoDraw = True
986.4417 	EXP 	Device response: <KeyPress from None: t=986.432618699997, value=v, duration=None>
986.4422 	EXP 	New trial (rep=41, index=158): <Trial 158 (158 in rep 41) data={'pos': np.int64(-50), 'corr_resp': 'x', 'thisN': 158, 'thisTrialN': 158, 'thisRepN': 41}>
986.4435 	DATA 	Keypress: v
986.4568 	EXP 	fixation_2: autoDraw = False
986.4568 	EXP 	line_1: autoDraw = False
986.4568 	EXP 	line_2: autoDraw = False
986.4568 	EXP 	line_3: autoDraw = False
986.4568 	EXP 	line_4: autoDraw = False
986.4568 	EXP 	probe_2: autoDraw = False
986.4568 	EXP 	fixation_2: autoDraw = True
986.5402 	EXP 	Device response: <KeyPress from None: t=986.432618699997, value=v, duration=0.09603850002167746>
987.4410 	EXP 	line_1: autoDraw = True
987.4410 	EXP 	line_2: autoDraw = True
987.4410 	EXP 	line_3: autoDraw = True
987.4410 	EXP 	line_4: autoDraw = True
987.4580 	EXP 	fixation_2: autoDraw = False
988.4415 	INFO 	Keyboard events cleared
988.4413 	EXP 	probe_2: autoDraw = True
989.5916 	EXP 	Device response: <KeyPress from None: t=989.5819773999974, value=x, duration=None>
989.5922 	EXP 	New trial (rep=39, index=159): <Trial 159 (159 in rep 39) data={'pos': np.int64(50), 'corr_resp': 'c', 'thisN': 159, 'thisTrialN': 159, 'thisRepN': 39}>
989.5938 	DATA 	Keypress: x
989.6068 	EXP 	fixation_2: autoDraw = False
989.6068 	EXP 	line_1: autoDraw = False
989.6068 	EXP 	line_2: autoDraw = False
989.6068 	EXP 	line_3: autoDraw = False
989.6068 	EXP 	line_4: autoDraw = False
989.6068 	EXP 	probe_2: autoDraw = False
989.6068 	EXP 	fixation_2: autoDraw = True
989.6743 	EXP 	Device response: <KeyPress from None: t=989.5819773999974, value=x, duration=0.09054880001349375>
990.6073 	EXP 	fixation_2: autoDraw = False
990.6073 	EXP 	line_1: autoDraw = True
990.6073 	EXP 	line_2: autoDraw = True
990.6073 	EXP 	line_3: autoDraw = True
990.6073 	EXP 	line_4: autoDraw = True
991.6082 	INFO 	Keyboard events cleared
991.6080 	EXP 	probe_2: autoDraw = True
994.5994 	DATA 	Keypress: c
994.6090 	EXP 	Device response: <KeyPress from None: t=994.5986044000019, value=c, duration=None>
994.6096 	EXP 	New trial (rep=41, index=160): <Trial 160 (160 in rep 41) data={'pos': np.int64(150), 'corr_resp': 'v', 'thisN': 160, 'thisTrialN': 160, 'thisRepN': 41}>
994.6235 	EXP 	fixation_2: autoDraw = False
994.6235 	EXP 	line_1: autoDraw = False
994.6235 	EXP 	line_2: autoDraw = False
994.6235 	EXP 	line_3: autoDraw = False
994.6235 	EXP 	line_4: autoDraw = False
994.6235 	EXP 	probe_2: autoDraw = False
994.6235 	EXP 	fixation_2: autoDraw = True
994.7243 	EXP 	Device response: <KeyPress from None: t=994.5986044000019, value=c, duration=0.11803589999908581>
995.6241 	EXP 	fixation_2: autoDraw = False
995.6241 	EXP 	line_1: autoDraw = True
995.6241 	EXP 	line_2: autoDraw = True
995.6241 	EXP 	line_3: autoDraw = True
995.6241 	EXP 	line_4: autoDraw = True
996.6081 	INFO 	Keyboard events cleared
996.6079 	EXP 	probe_2: autoDraw = True
997.4580 	EXP 	Device response: <KeyPress from None: t=997.4466111999936, value=v, duration=None>
997.4586 	EXP 	New trial (rep=40, index=161): <Trial 161 (161 in rep 40) data={'pos': np.int64(50), 'corr_resp': 'c', 'thisN': 161, 'thisTrialN': 161, 'thisRepN': 40}>
997.4602 	DATA 	Keypress: v
997.4744 	EXP 	fixation_2: autoDraw = False
997.4744 	EXP 	line_1: autoDraw = False
997.4744 	EXP 	line_2: autoDraw = False
997.4744 	EXP 	line_3: autoDraw = False
997.4744 	EXP 	line_4: autoDraw = False
997.4744 	EXP 	probe_2: autoDraw = False
997.4744 	EXP 	fixation_2: autoDraw = True
997.5567 	EXP 	Device response: <KeyPress from None: t=997.4466111999936, value=v, duration=0.10105610001483001>
998.4581 	EXP 	line_1: autoDraw = True
998.4581 	EXP 	line_2: autoDraw = True
998.4581 	EXP 	line_3: autoDraw = True
998.4581 	EXP 	line_4: autoDraw = True
998.4749 	EXP 	fixation_2: autoDraw = False
999.4585 	INFO 	Keyboard events cleared
999.4583 	EXP 	probe_2: autoDraw = True
1000.6919 	EXP 	Device response: <KeyPress from None: t=1000.6847793000052, value=c, duration=None>
1000.6924 	EXP 	New trial (rep=37, index=162): <Trial 162 (162 in rep 37) data={'pos': np.int64(-150), 'corr_resp': 'z', 'thisN': 162, 'thisTrialN': 162, 'thisRepN': 37}>
1000.6939 	DATA 	Keypress: c
1000.7069 	EXP 	fixation_2: autoDraw = False
1000.7069 	EXP 	line_1: autoDraw = False
1000.7069 	EXP 	line_2: autoDraw = False
1000.7069 	EXP 	line_3: autoDraw = False
1000.7069 	EXP 	line_4: autoDraw = False
1000.7069 	EXP 	probe_2: autoDraw = False
1000.7069 	EXP 	fixation_2: autoDraw = True
1000.7909 	EXP 	Device response: <KeyPress from None: t=1000.6847793000052, value=c, duration=0.091252699989127>
1001.6905 	EXP 	line_1: autoDraw = True
1001.6905 	EXP 	line_2: autoDraw = True
1001.6905 	EXP 	line_3: autoDraw = True
1001.6905 	EXP 	line_4: autoDraw = True
1001.7070 	EXP 	fixation_2: autoDraw = False
1002.6912 	INFO 	Keyboard events cleared
1002.6910 	EXP 	probe_2: autoDraw = True
1003.8083 	EXP 	Device response: <KeyPress from None: t=1003.8001612999942, value=z, duration=None>
1003.8088 	EXP 	New trial (rep=38, index=163): <Trial 163 (163 in rep 38) data={'pos': np.int64(-150), 'corr_resp': 'z', 'thisN': 163, 'thisTrialN': 163, 'thisRepN': 38}>
1003.8106 	DATA 	Keypress: z
1003.8231 	EXP 	fixation_2: autoDraw = False
1003.8231 	EXP 	line_1: autoDraw = False
1003.8231 	EXP 	line_2: autoDraw = False
1003.8231 	EXP 	line_3: autoDraw = False
1003.8231 	EXP 	line_4: autoDraw = False
1003.8231 	EXP 	probe_2: autoDraw = False
1003.8231 	EXP 	fixation_2: autoDraw = True
1003.9083 	EXP 	Device response: <KeyPress from None: t=1003.8001612999942, value=z, duration=0.10159289999864995>
1004.8081 	EXP 	line_1: autoDraw = True
1004.8081 	EXP 	line_2: autoDraw = True
1004.8081 	EXP 	line_3: autoDraw = True
1004.8081 	EXP 	line_4: autoDraw = True
1004.8252 	EXP 	fixation_2: autoDraw = False
1005.8255 	INFO 	Keyboard events cleared
1005.8253 	EXP 	probe_2: autoDraw = True
1006.6088 	EXP 	Device response: <KeyPress from None: t=1006.6058890999993, value=z, duration=None>
1006.6092 	EXP 	New trial (rep=42, index=164): <Trial 164 (164 in rep 42) data={'pos': np.int64(-50), 'corr_resp': 'x', 'thisN': 164, 'thisTrialN': 164, 'thisRepN': 42}>
1006.6106 	DATA 	Keypress: z
1006.6267 	EXP 	fixation_2: autoDraw = False
1006.6267 	EXP 	line_1: autoDraw = False
1006.6267 	EXP 	line_2: autoDraw = False
1006.6267 	EXP 	line_3: autoDraw = False
1006.6267 	EXP 	line_4: autoDraw = False
1006.6267 	EXP 	probe_2: autoDraw = False
1006.6267 	EXP 	fixation_2: autoDraw = True
1006.7412 	EXP 	Device response: <KeyPress from None: t=1006.6058890999993, value=z, duration=0.12446220000856556>
1007.6082 	EXP 	line_1: autoDraw = True
1007.6082 	EXP 	line_2: autoDraw = True
1007.6082 	EXP 	line_3: autoDraw = True
1007.6082 	EXP 	line_4: autoDraw = True
1007.6411 	EXP 	fixation_2: autoDraw = False
1008.6255 	INFO 	Keyboard events cleared
1008.6252 	EXP 	probe_2: autoDraw = True
1009.6921 	EXP 	Device response: <KeyPress from None: t=1009.6780403000012, value=x, duration=None>
1009.6926 	EXP 	New trial (rep=43, index=165): <Trial 165 (165 in rep 43) data={'pos': np.int64(-50), 'corr_resp': 'x', 'thisN': 165, 'thisTrialN': 165, 'thisRepN': 43}>
1009.6940 	DATA 	Keypress: x
1009.7072 	EXP 	fixation_2: autoDraw = False
1009.7072 	EXP 	line_1: autoDraw = False
1009.7072 	EXP 	line_2: autoDraw = False
1009.7072 	EXP 	line_3: autoDraw = False
1009.7072 	EXP 	line_4: autoDraw = False
1009.7072 	EXP 	probe_2: autoDraw = False
1009.7072 	EXP 	fixation_2: autoDraw = True
1009.7916 	EXP 	Device response: <KeyPress from None: t=1009.6780403000012, value=x, duration=0.10923810000531375>
1010.6915 	EXP 	line_1: autoDraw = True
1010.6915 	EXP 	line_2: autoDraw = True
1010.6915 	EXP 	line_3: autoDraw = True
1010.6915 	EXP 	line_4: autoDraw = True
1010.7077 	EXP 	fixation_2: autoDraw = False
1011.7073 	INFO 	Keyboard events cleared
1011.7071 	EXP 	probe_2: autoDraw = True
1012.4744 	EXP 	Device response: <KeyPress from None: t=1012.4656131000083, value=x, duration=None>
1012.4747 	EXP 	New trial (rep=39, index=166): <Trial 166 (166 in rep 39) data={'pos': np.int64(-150), 'corr_resp': 'z', 'thisN': 166, 'thisTrialN': 166, 'thisRepN': 39}>
1012.4760 	DATA 	Keypress: x
1012.4912 	EXP 	fixation_2: autoDraw = False
1012.4912 	EXP 	line_1: autoDraw = False
1012.4912 	EXP 	line_2: autoDraw = False
1012.4912 	EXP 	line_3: autoDraw = False
1012.4912 	EXP 	line_4: autoDraw = False
1012.4912 	EXP 	probe_2: autoDraw = False
1012.4912 	EXP 	fixation_2: autoDraw = True
1012.5753 	EXP 	Device response: <KeyPress from None: t=1012.4656131000083, value=x, duration=0.1028152999933809>
1013.4751 	EXP 	line_1: autoDraw = True
1013.4751 	EXP 	line_2: autoDraw = True
1013.4751 	EXP 	line_3: autoDraw = True
1013.4751 	EXP 	line_4: autoDraw = True
1013.4920 	EXP 	fixation_2: autoDraw = False
1014.4745 	INFO 	Keyboard events cleared
1014.4743 	EXP 	probe_2: autoDraw = True
1015.5758 	EXP 	Device response: <KeyPress from None: t=1015.5729277000064, value=z, duration=None>
1015.5762 	EXP 	New trial (rep=40, index=167): <Trial 167 (167 in rep 40) data={'pos': np.int64(-150), 'corr_resp': 'z', 'thisN': 167, 'thisTrialN': 167, 'thisRepN': 40}>
1015.5776 	DATA 	Keypress: z
1015.5898 	EXP 	fixation_2: autoDraw = False
1015.5898 	EXP 	line_1: autoDraw = False
1015.5898 	EXP 	line_2: autoDraw = False
1015.5898 	EXP 	line_3: autoDraw = False
1015.5898 	EXP 	line_4: autoDraw = False
1015.5898 	EXP 	probe_2: autoDraw = False
1015.5898 	EXP 	fixation_2: autoDraw = True
1015.6920 	EXP 	Device response: <KeyPress from None: t=1015.5729277000064, value=z, duration=0.10124600000563078>
1016.5744 	EXP 	line_1: autoDraw = True
1016.5744 	EXP 	line_2: autoDraw = True
1016.5744 	EXP 	line_3: autoDraw = True
1016.5744 	EXP 	line_4: autoDraw = True
1016.5914 	EXP 	fixation_2: autoDraw = False
1017.5912 	INFO 	Keyboard events cleared
1017.5911 	EXP 	probe_2: autoDraw = True
1018.8277 	DATA 	Keypress: z
1018.8403 	EXP 	Device response: <KeyPress from None: t=1018.8257818999991, value=z, duration=None>
1018.8408 	EXP 	New trial (rep=41, index=168): <Trial 168 (168 in rep 41) data={'pos': np.int64(-150), 'corr_resp': 'z', 'thisN': 168, 'thisTrialN': 168, 'thisRepN': 41}>
1018.8584 	EXP 	fixation_2: autoDraw = False
1018.8584 	EXP 	line_1: autoDraw = False
1018.8584 	EXP 	line_2: autoDraw = False
1018.8584 	EXP 	line_3: autoDraw = False
1018.8584 	EXP 	line_4: autoDraw = False
1018.8584 	EXP 	probe_2: autoDraw = False
1018.8584 	EXP 	fixation_2: autoDraw = True
1018.9414 	EXP 	Device response: <KeyPress from None: t=1018.8257818999991, value=z, duration=0.11137759999837726>
1019.8421 	EXP 	line_1: autoDraw = True
1019.8421 	EXP 	line_2: autoDraw = True
1019.8421 	EXP 	line_3: autoDraw = True
1019.8421 	EXP 	line_4: autoDraw = True
1019.8585 	EXP 	fixation_2: autoDraw = False
1020.8419 	INFO 	Keyboard events cleared
1020.8417 	EXP 	probe_2: autoDraw = True
1022.0255 	EXP 	Device response: <KeyPress from None: t=1022.0232366000128, value=z, duration=None>
1022.0258 	EXP 	New trial (rep=42, index=169): <Trial 169 (169 in rep 42) data={'pos': np.int64(-150), 'corr_resp': 'z', 'thisN': 169, 'thisTrialN': 169, 'thisRepN': 42}>
1022.0272 	DATA 	Keypress: z
1022.0400 	EXP 	fixation_2: autoDraw = False
1022.0400 	EXP 	line_1: autoDraw = False
1022.0400 	EXP 	line_2: autoDraw = False
1022.0400 	EXP 	line_3: autoDraw = False
1022.0400 	EXP 	line_4: autoDraw = False
1022.0400 	EXP 	probe_2: autoDraw = False
1022.0400 	EXP 	fixation_2: autoDraw = True
1022.1412 	EXP 	Device response: <KeyPress from None: t=1022.0232366000128, value=z, duration=0.10851009999169037>
1023.0251 	EXP 	line_1: autoDraw = True
1023.0251 	EXP 	line_2: autoDraw = True
1023.0251 	EXP 	line_3: autoDraw = True
1023.0251 	EXP 	line_4: autoDraw = True
1023.0416 	EXP 	fixation_2: autoDraw = False
1024.0418 	INFO 	Keyboard events cleared
1024.0416 	EXP 	probe_2: autoDraw = True
1024.7585 	EXP 	Device response: <KeyPress from None: t=1024.7501438000181, value=z, duration=None>
1024.7588 	EXP 	New trial (rep=42, index=170): <Trial 170 (170 in rep 42) data={'pos': np.int64(150), 'corr_resp': 'v', 'thisN': 170, 'thisTrialN': 170, 'thisRepN': 42}>
1024.7603 	DATA 	Keypress: z
1024.7746 	EXP 	fixation_2: autoDraw = False
1024.7746 	EXP 	line_1: autoDraw = False
1024.7746 	EXP 	line_2: autoDraw = False
1024.7746 	EXP 	line_3: autoDraw = False
1024.7746 	EXP 	line_4: autoDraw = False
1024.7746 	EXP 	probe_2: autoDraw = False
1024.7746 	EXP 	fixation_2: autoDraw = True
1024.8928 	EXP 	Device response: <KeyPress from None: t=1024.7501438000181, value=z, duration=0.1250667999847792>
1025.7584 	EXP 	line_1: autoDraw = True
1025.7584 	EXP 	line_2: autoDraw = True
1025.7584 	EXP 	line_3: autoDraw = True
1025.7584 	EXP 	line_4: autoDraw = True
1025.7753 	EXP 	fixation_2: autoDraw = False
1026.7586 	INFO 	Keyboard events cleared
1026.7584 	EXP 	probe_2: autoDraw = True
1027.8778 	DATA 	Keypress: v
1027.8911 	EXP 	Device response: <KeyPress from None: t=1027.8769175999914, value=v, duration=None>
1027.8915 	EXP 	New trial (rep=44, index=171): <Trial 171 (171 in rep 44) data={'pos': np.int64(-50), 'corr_resp': 'x', 'thisN': 171, 'thisTrialN': 171, 'thisRepN': 44}>
1027.9074 	EXP 	fixation_2: autoDraw = False
1027.9074 	EXP 	line_1: autoDraw = False
1027.9074 	EXP 	line_2: autoDraw = False
1027.9074 	EXP 	line_3: autoDraw = False
1027.9074 	EXP 	line_4: autoDraw = False
1027.9074 	EXP 	probe_2: autoDraw = False
1027.9074 	EXP 	fixation_2: autoDraw = True
1027.9749 	EXP 	Device response: <KeyPress from None: t=1027.8769175999914, value=v, duration=0.08146370001486503>
1028.8916 	EXP 	line_1: autoDraw = True
1028.8916 	EXP 	line_2: autoDraw = True
1028.8916 	EXP 	line_3: autoDraw = True
1028.8916 	EXP 	line_4: autoDraw = True
1028.9093 	EXP 	fixation_2: autoDraw = False
1029.8920 	INFO 	Keyboard events cleared
1029.8918 	EXP 	probe_2: autoDraw = True
1030.7239 	EXP 	Device response: <KeyPress from None: t=1030.7131441000092, value=x, duration=None>
1030.7242 	EXP 	New trial (rep=43, index=172): <Trial 172 (172 in rep 43) data={'pos': np.int64(-150), 'corr_resp': 'z', 'thisN': 172, 'thisTrialN': 172, 'thisRepN': 43}>
1030.7256 	DATA 	Keypress: x
1030.7412 	EXP 	fixation_2: autoDraw = False
1030.7412 	EXP 	line_1: autoDraw = False
1030.7412 	EXP 	line_2: autoDraw = False
1030.7412 	EXP 	line_3: autoDraw = False
1030.7412 	EXP 	line_4: autoDraw = False
1030.7412 	EXP 	probe_2: autoDraw = False
1030.7412 	EXP 	fixation_2: autoDraw = True
1030.8247 	EXP 	Device response: <KeyPress from None: t=1030.7131441000092, value=x, duration=0.09693289999268018>
1031.7245 	EXP 	line_1: autoDraw = True
1031.7245 	EXP 	line_2: autoDraw = True
1031.7245 	EXP 	line_3: autoDraw = True
1031.7245 	EXP 	line_4: autoDraw = True
1031.7419 	EXP 	fixation_2: autoDraw = False
1032.7257 	INFO 	Keyboard events cleared
1032.7255 	EXP 	probe_2: autoDraw = True
1034.1423 	EXP 	Device response: <KeyPress from None: t=1034.1414757000166, value=z, duration=None>
1034.1427 	EXP 	New trial (rep=41, index=173): <Trial 173 (173 in rep 41) data={'pos': np.int64(50), 'corr_resp': 'c', 'thisN': 173, 'thisTrialN': 173, 'thisRepN': 41}>
1034.1441 	DATA 	Keypress: z
1034.1568 	EXP 	fixation_2: autoDraw = False
1034.1568 	EXP 	line_1: autoDraw = False
1034.1568 	EXP 	line_2: autoDraw = False
1034.1568 	EXP 	line_3: autoDraw = False
1034.1568 	EXP 	line_4: autoDraw = False
1034.1568 	EXP 	probe_2: autoDraw = False
1034.1568 	EXP 	fixation_2: autoDraw = True
1034.2585 	EXP 	Device response: <KeyPress from None: t=1034.1414757000166, value=z, duration=0.11216339998645708>
1035.1584 	EXP 	fixation_2: autoDraw = False
1035.1584 	EXP 	line_1: autoDraw = True
1035.1584 	EXP 	line_2: autoDraw = True
1035.1584 	EXP 	line_3: autoDraw = True
1035.1584 	EXP 	line_4: autoDraw = True
1036.1418 	INFO 	Keyboard events cleared
1036.1415 	EXP 	probe_2: autoDraw = True
1037.6439 	DATA 	Keypress: c
1037.6591 	EXP 	Device response: <KeyPress from None: t=1037.6421756999916, value=c, duration=None>
1037.6596 	EXP 	New trial (rep=43, index=174): <Trial 174 (174 in rep 43) data={'pos': np.int64(150), 'corr_resp': 'v', 'thisN': 174, 'thisTrialN': 174, 'thisRepN': 43}>
1037.6734 	EXP 	fixation_2: autoDraw = False
1037.6734 	EXP 	line_1: autoDraw = False
1037.6734 	EXP 	line_2: autoDraw = False
1037.6734 	EXP 	line_3: autoDraw = False
1037.6734 	EXP 	line_4: autoDraw = False
1037.6734 	EXP 	probe_2: autoDraw = False
1037.6734 	EXP 	fixation_2: autoDraw = True
1037.7420 	EXP 	Device response: <KeyPress from None: t=1037.6421756999916, value=c, duration=0.09667759999865666>
1038.6587 	EXP 	line_1: autoDraw = True
1038.6587 	EXP 	line_2: autoDraw = True
1038.6587 	EXP 	line_3: autoDraw = True
1038.6587 	EXP 	line_4: autoDraw = True
1038.6758 	EXP 	fixation_2: autoDraw = False
1039.6590 	INFO 	Keyboard events cleared
1039.6588 	EXP 	probe_2: autoDraw = True
1041.8577 	EXP 	Device response: <KeyPress from None: t=1041.8492188999953, value=v, duration=None>
1041.8580 	EXP 	New trial (rep=45, index=175): <Trial 175 (175 in rep 45) data={'pos': np.int64(-50), 'corr_resp': 'x', 'thisN': 175, 'thisTrialN': 175, 'thisRepN': 45}>
1041.8595 	DATA 	Keypress: v
1041.8736 	EXP 	fixation_2: autoDraw = False
1041.8736 	EXP 	line_1: autoDraw = False
1041.8736 	EXP 	line_2: autoDraw = False
1041.8736 	EXP 	line_3: autoDraw = False
1041.8736 	EXP 	line_4: autoDraw = False
1041.8736 	EXP 	probe_2: autoDraw = False
1041.8736 	EXP 	fixation_2: autoDraw = True
1041.9242 	EXP 	Device response: <KeyPress from None: t=1041.8492188999953, value=v, duration=0.07326870001270436>
1042.8739 	EXP 	fixation_2: autoDraw = False
1042.8739 	EXP 	line_1: autoDraw = True
1042.8739 	EXP 	line_2: autoDraw = True
1042.8739 	EXP 	line_3: autoDraw = True
1042.8739 	EXP 	line_4: autoDraw = True
1043.8741 	INFO 	Keyboard events cleared
1043.8740 	EXP 	probe_2: autoDraw = True
1044.8257 	EXP 	Device response: <KeyPress from None: t=1044.816774100007, value=x, duration=None>
1044.8262 	EXP 	New trial (rep=44, index=176): <Trial 176 (176 in rep 44) data={'pos': np.int64(150), 'corr_resp': 'v', 'thisN': 176, 'thisTrialN': 176, 'thisRepN': 44}>
1044.8277 	DATA 	Keypress: x
1044.8409 	EXP 	fixation_2: autoDraw = False
1044.8409 	EXP 	line_1: autoDraw = False
1044.8409 	EXP 	line_2: autoDraw = False
1044.8409 	EXP 	line_3: autoDraw = False
1044.8409 	EXP 	line_4: autoDraw = False
1044.8409 	EXP 	probe_2: autoDraw = False
1044.8409 	EXP 	fixation_2: autoDraw = True
1044.9574 	EXP 	Device response: <KeyPress from None: t=1044.816774100007, value=x, duration=0.13590900000417605>
1045.8254 	EXP 	line_1: autoDraw = True
1045.8254 	EXP 	line_2: autoDraw = True
1045.8254 	EXP 	line_3: autoDraw = True
1045.8254 	EXP 	line_4: autoDraw = True
1045.8410 	EXP 	fixation_2: autoDraw = False
1046.8249 	INFO 	Keyboard events cleared
1046.8247 	EXP 	probe_2: autoDraw = True
1048.1770 	DATA 	Keypress: v
1048.1923 	EXP 	Device response: <KeyPress from None: t=1048.1752856000094, value=v, duration=None>
1048.1929 	EXP 	New trial (rep=42, index=177): <Trial 177 (177 in rep 42) data={'pos': np.int64(50), 'corr_resp': 'c', 'thisN': 177, 'thisTrialN': 177, 'thisRepN': 42}>
1048.2089 	EXP 	fixation_2: autoDraw = False
1048.2089 	EXP 	line_1: autoDraw = False
1048.2089 	EXP 	line_2: autoDraw = False
1048.2089 	EXP 	line_3: autoDraw = False
1048.2089 	EXP 	line_4: autoDraw = False
1048.2089 	EXP 	probe_2: autoDraw = False
1048.2089 	EXP 	fixation_2: autoDraw = True
1048.2598 	EXP 	Device response: <KeyPress from None: t=1048.1752856000094, value=v, duration=0.07616949998191558>
1049.2079 	EXP 	fixation_2: autoDraw = False
1049.2079 	EXP 	line_1: autoDraw = True
1049.2079 	EXP 	line_2: autoDraw = True
1049.2079 	EXP 	line_3: autoDraw = True
1049.2079 	EXP 	line_4: autoDraw = True
1050.1921 	INFO 	Keyboard events cleared
1050.1918 	EXP 	probe_2: autoDraw = True
1052.3427 	EXP 	Device response: <KeyPress from None: t=1052.3388091000088, value=c, duration=None>
1052.3431 	EXP 	New trial (rep=44, index=178): <Trial 178 (178 in rep 44) data={'pos': np.int64(-150), 'corr_resp': 'z', 'thisN': 178, 'thisTrialN': 178, 'thisRepN': 44}>
1052.3446 	DATA 	Keypress: c
1052.3571 	EXP 	fixation_2: autoDraw = False
1052.3571 	EXP 	line_1: autoDraw = False
1052.3571 	EXP 	line_2: autoDraw = False
1052.3571 	EXP 	line_3: autoDraw = False
1052.3571 	EXP 	line_4: autoDraw = False
1052.3571 	EXP 	probe_2: autoDraw = False
1052.3571 	EXP 	fixation_2: autoDraw = True
1052.4420 	EXP 	Device response: <KeyPress from None: t=1052.3388091000088, value=c, duration=0.10176920000230893>
1053.3406 	EXP 	line_1: autoDraw = True
1053.3406 	EXP 	line_2: autoDraw = True
1053.3406 	EXP 	line_3: autoDraw = True
1053.3406 	EXP 	line_4: autoDraw = True
1053.3571 	EXP 	fixation_2: autoDraw = False
1054.3424 	INFO 	Keyboard events cleared
1054.3422 	EXP 	probe_2: autoDraw = True
1055.1771 	DATA 	Keypress: z
1055.1921 	EXP 	Device response: <KeyPress from None: t=1055.1761584999913, value=z, duration=None>
1055.1925 	EXP 	New trial (rep=45, index=179): <Trial 179 (179 in rep 45) data={'pos': np.int64(150), 'corr_resp': 'v', 'thisN': 179, 'thisTrialN': 179, 'thisRepN': 45}>
1055.2085 	EXP 	fixation_2: autoDraw = False
1055.2085 	EXP 	line_1: autoDraw = False
1055.2085 	EXP 	line_2: autoDraw = False
1055.2085 	EXP 	line_3: autoDraw = False
1055.2085 	EXP 	line_4: autoDraw = False
1055.2085 	EXP 	probe_2: autoDraw = False
1055.2085 	EXP 	fixation_2: autoDraw = True
1055.3258 	EXP 	Device response: <KeyPress from None: t=1055.1761584999913, value=z, duration=0.14069830000516959>
1056.1922 	EXP 	line_1: autoDraw = True
1056.1922 	EXP 	line_2: autoDraw = True
1056.1922 	EXP 	line_3: autoDraw = True
1056.1922 	EXP 	line_4: autoDraw = True
1056.2089 	EXP 	fixation_2: autoDraw = False
1057.1925 	INFO 	Keyboard events cleared
1057.1923 	EXP 	probe_2: autoDraw = True
1058.0618 	DATA 	Keypress: v
1058.0743 	EXP 	Device response: <KeyPress from None: t=1058.0610735999944, value=v, duration=None>
1058.0748 	EXP 	New trial (rep=43, index=180): <Trial 180 (180 in rep 43) data={'pos': np.int64(50), 'corr_resp': 'c', 'thisN': 180, 'thisTrialN': 180, 'thisRepN': 43}>
1058.0917 	EXP 	fixation_2: autoDraw = False
1058.0917 	EXP 	line_1: autoDraw = False
1058.0917 	EXP 	line_2: autoDraw = False
1058.0917 	EXP 	line_3: autoDraw = False
1058.0917 	EXP 	line_4: autoDraw = False
1058.0917 	EXP 	probe_2: autoDraw = False
1058.0917 	EXP 	fixation_2: autoDraw = True
1058.2089 	EXP 	Device response: <KeyPress from None: t=1058.0610735999944, value=v, duration=0.13223320001270622>
1059.0746 	EXP 	line_1: autoDraw = True
1059.0746 	EXP 	line_2: autoDraw = True
1059.0746 	EXP 	line_3: autoDraw = True
1059.0746 	EXP 	line_4: autoDraw = True
1059.0905 	EXP 	fixation_2: autoDraw = False
1060.0759 	INFO 	Keyboard events cleared
1060.0757 	EXP 	probe_2: autoDraw = True
1060.8416 	EXP 	Device response: <KeyPress from None: t=1060.83633749999, value=c, duration=None>
1060.8421 	EXP 	New trial (rep=44, index=181): <Trial 181 (181 in rep 44) data={'pos': np.int64(50), 'corr_resp': 'c', 'thisN': 181, 'thisTrialN': 181, 'thisRepN': 44}>
1060.8436 	DATA 	Keypress: c
1060.8574 	EXP 	fixation_2: autoDraw = False
1060.8574 	EXP 	line_1: autoDraw = False
1060.8574 	EXP 	line_2: autoDraw = False
1060.8574 	EXP 	line_3: autoDraw = False
1060.8574 	EXP 	line_4: autoDraw = False
1060.8574 	EXP 	probe_2: autoDraw = False
1060.8574 	EXP 	fixation_2: autoDraw = True
1061.0252 	EXP 	Device response: <KeyPress from None: t=1060.83633749999, value=c, duration=0.17764630002784543>
1061.8423 	EXP 	line_1: autoDraw = True
1061.8423 	EXP 	line_2: autoDraw = True
1061.8423 	EXP 	line_3: autoDraw = True
1061.8423 	EXP 	line_4: autoDraw = True
1061.8588 	EXP 	fixation_2: autoDraw = False
1062.8575 	INFO 	Keyboard events cleared
1062.8574 	EXP 	probe_2: autoDraw = True
1063.8100 	EXP 	Device response: <KeyPress from None: t=1063.8002931000083, value=c, duration=None>
1063.8104 	EXP 	New trial (rep=45, index=182): <Trial 182 (182 in rep 45) data={'pos': np.int64(50), 'corr_resp': 'c', 'thisN': 182, 'thisTrialN': 182, 'thisRepN': 45}>
1063.8119 	DATA 	Keypress: c
1063.8238 	EXP 	fixation_2: autoDraw = False
1063.8238 	EXP 	line_1: autoDraw = False
1063.8238 	EXP 	line_2: autoDraw = False
1063.8238 	EXP 	line_3: autoDraw = False
1063.8238 	EXP 	line_4: autoDraw = False
1063.8238 	EXP 	probe_2: autoDraw = False
1063.8238 	EXP 	fixation_2: autoDraw = True
1063.9746 	EXP 	Device response: <KeyPress from None: t=1063.8002931000083, value=c, duration=0.16114789998391643>
1064.8087 	EXP 	line_1: autoDraw = True
1064.8087 	EXP 	line_2: autoDraw = True
1064.8087 	EXP 	line_3: autoDraw = True
1064.8087 	EXP 	line_4: autoDraw = True
1064.8257 	EXP 	fixation_2: autoDraw = False
1065.8257 	INFO 	Keyboard events cleared
1065.8255 	EXP 	probe_2: autoDraw = True
1067.4094 	EXP 	Device response: <KeyPress from None: t=1067.3957871000166, value=c, duration=None>
1067.4098 	EXP 	New trial (rep=46, index=183): <Trial 183 (183 in rep 46) data={'pos': np.int64(150), 'corr_resp': 'v', 'thisN': 183, 'thisTrialN': 183, 'thisRepN': 46}>
1067.4113 	DATA 	Keypress: c
1067.4245 	EXP 	fixation_2: autoDraw = False
1067.4245 	EXP 	line_1: autoDraw = False
1067.4245 	EXP 	line_2: autoDraw = False
1067.4245 	EXP 	line_3: autoDraw = False
1067.4245 	EXP 	line_4: autoDraw = False
1067.4245 	EXP 	probe_2: autoDraw = False
1067.4245 	EXP 	fixation_2: autoDraw = True
1067.4918 	EXP 	Device response: <KeyPress from None: t=1067.3957871000166, value=c, duration=0.09083899998222478>
1068.4083 	EXP 	line_1: autoDraw = True
1068.4083 	EXP 	line_2: autoDraw = True
1068.4083 	EXP 	line_3: autoDraw = True
1068.4083 	EXP 	line_4: autoDraw = True
1068.4258 	EXP 	fixation_2: autoDraw = False
1069.4093 	INFO 	Keyboard events cleared
1069.4091 	EXP 	probe_2: autoDraw = True
1070.2436 	EXP 	Device response: <KeyPress from None: t=1070.240549900016, value=v, duration=None>
1070.2441 	EXP 	New trial (rep=45, index=184): <Trial 184 (184 in rep 45) data={'pos': np.int64(-150), 'corr_resp': 'z', 'thisN': 184, 'thisTrialN': 184, 'thisRepN': 45}>
1070.2456 	DATA 	Keypress: v
1070.2577 	EXP 	fixation_2: autoDraw = False
1070.2577 	EXP 	line_1: autoDraw = False
1070.2577 	EXP 	line_2: autoDraw = False
1070.2577 	EXP 	line_3: autoDraw = False
1070.2577 	EXP 	line_4: autoDraw = False
1070.2577 	EXP 	probe_2: autoDraw = False
1070.2577 	EXP 	fixation_2: autoDraw = True
1070.3590 	EXP 	Device response: <KeyPress from None: t=1070.240549900016, value=v, duration=0.10698849998880178>
1071.2589 	EXP 	fixation_2: autoDraw = False
1071.2589 	EXP 	line_1: autoDraw = True
1071.2589 	EXP 	line_2: autoDraw = True
1071.2589 	EXP 	line_3: autoDraw = True
1071.2589 	EXP 	line_4: autoDraw = True
1072.2598 	INFO 	Keyboard events cleared
1072.2596 	EXP 	probe_2: autoDraw = True
1073.2946 	DATA 	Keypress: z
1073.3087 	EXP 	Device response: <KeyPress from None: t=1073.2932787000027, value=z, duration=None>
1073.3091 	EXP 	New trial (rep=46, index=185): <Trial 185 (185 in rep 46) data={'pos': np.int64(-50), 'corr_resp': 'x', 'thisN': 185, 'thisTrialN': 185, 'thisRepN': 46}>
1073.3257 	EXP 	fixation_2: autoDraw = False
1073.3257 	EXP 	line_1: autoDraw = False
1073.3257 	EXP 	line_2: autoDraw = False
1073.3257 	EXP 	line_3: autoDraw = False
1073.3257 	EXP 	line_4: autoDraw = False
1073.3257 	EXP 	probe_2: autoDraw = False
1073.3257 	EXP 	fixation_2: autoDraw = True
1073.4081 	EXP 	Device response: <KeyPress from None: t=1073.2932787000027, value=z, duration=0.10529760000645183>
1074.3095 	EXP 	line_1: autoDraw = True
1074.3095 	EXP 	line_2: autoDraw = True
1074.3095 	EXP 	line_3: autoDraw = True
1074.3095 	EXP 	line_4: autoDraw = True
1074.3259 	EXP 	fixation_2: autoDraw = False
1075.3086 	INFO 	Keyboard events cleared
1075.3084 	EXP 	probe_2: autoDraw = True
1076.3760 	EXP 	Device response: <KeyPress from None: t=1076.3643164999958, value=x, duration=None>
1076.3766 	EXP 	New trial (rep=47, index=186): <Trial 186 (186 in rep 47) data={'pos': np.int64(-50), 'corr_resp': 'x', 'thisN': 186, 'thisTrialN': 186, 'thisRepN': 47}>
1076.3783 	DATA 	Keypress: x
1076.3916 	EXP 	fixation_2: autoDraw = False
1076.3916 	EXP 	line_1: autoDraw = False
1076.3916 	EXP 	line_2: autoDraw = False
1076.3916 	EXP 	line_3: autoDraw = False
1076.3916 	EXP 	line_4: autoDraw = False
1076.3916 	EXP 	probe_2: autoDraw = False
1076.3916 	EXP 	fixation_2: autoDraw = True
1076.4588 	EXP 	Device response: <KeyPress from None: t=1076.3643164999958, value=x, duration=0.09146150000742637>
1077.3759 	EXP 	line_1: autoDraw = True
1077.3759 	EXP 	line_2: autoDraw = True
1077.3759 	EXP 	line_3: autoDraw = True
1077.3759 	EXP 	line_4: autoDraw = True
1077.3923 	EXP 	fixation_2: autoDraw = False
1078.3753 	INFO 	Keyboard events cleared
1078.3751 	EXP 	probe_2: autoDraw = True
1078.9451 	DATA 	Keypress: x
1078.9593 	EXP 	Device response: <KeyPress from None: t=1078.943914100004, value=x, duration=None>
1078.9598 	EXP 	New trial (rep=46, index=187): <Trial 187 (187 in rep 46) data={'pos': np.int64(-150), 'corr_resp': 'z', 'thisN': 187, 'thisTrialN': 187, 'thisRepN': 46}>
1078.9742 	EXP 	fixation_2: autoDraw = False
1078.9742 	EXP 	line_1: autoDraw = False
1078.9742 	EXP 	line_2: autoDraw = False
1078.9742 	EXP 	line_3: autoDraw = False
1078.9742 	EXP 	line_4: autoDraw = False
1078.9742 	EXP 	probe_2: autoDraw = False
1078.9742 	EXP 	fixation_2: autoDraw = True
1079.0588 	EXP 	Device response: <KeyPress from None: t=1078.943914100004, value=x, duration=0.10108069999841973>
1079.9751 	EXP 	fixation_2: autoDraw = False
1079.9751 	EXP 	line_1: autoDraw = True
1079.9751 	EXP 	line_2: autoDraw = True
1079.9751 	EXP 	line_3: autoDraw = True
1079.9751 	EXP 	line_4: autoDraw = True
1080.9594 	INFO 	Keyboard events cleared
1080.9591 	EXP 	probe_2: autoDraw = True
1082.0944 	DATA 	Keypress: z
1082.1088 	EXP 	Device response: <KeyPress from None: t=1082.092643400014, value=z, duration=None>
1082.1092 	EXP 	New trial (rep=46, index=188): <Trial 188 (188 in rep 46) data={'pos': np.int64(50), 'corr_resp': 'c', 'thisN': 188, 'thisTrialN': 188, 'thisRepN': 46}>
1082.1258 	EXP 	fixation_2: autoDraw = False
1082.1258 	EXP 	line_1: autoDraw = False
1082.1258 	EXP 	line_2: autoDraw = False
1082.1258 	EXP 	line_3: autoDraw = False
1082.1258 	EXP 	line_4: autoDraw = False
1082.1258 	EXP 	probe_2: autoDraw = False
1082.1258 	EXP 	fixation_2: autoDraw = True
1082.2258 	EXP 	Device response: <KeyPress from None: t=1082.092643400014, value=z, duration=0.13023049998446368>
1083.1083 	EXP 	line_1: autoDraw = True
1083.1083 	EXP 	line_2: autoDraw = True
1083.1083 	EXP 	line_3: autoDraw = True
1083.1083 	EXP 	line_4: autoDraw = True
1083.1243 	EXP 	fixation_2: autoDraw = False
1084.1094 	INFO 	Keyboard events cleared
1084.1092 	EXP 	probe_2: autoDraw = True
1084.9283 	DATA 	Keypress: c
1084.9429 	EXP 	Device response: <KeyPress from None: t=1084.9271939000173, value=c, duration=None>
1084.9434 	EXP 	New trial (rep=48, index=189): <Trial 189 (189 in rep 48) data={'pos': np.int64(-50), 'corr_resp': 'x', 'thisN': 189, 'thisTrialN': 189, 'thisRepN': 48}>
1084.9592 	EXP 	fixation_2: autoDraw = False
1084.9592 	EXP 	line_1: autoDraw = False
1084.9592 	EXP 	line_2: autoDraw = False
1084.9592 	EXP 	line_3: autoDraw = False
1084.9592 	EXP 	line_4: autoDraw = False
1084.9592 	EXP 	probe_2: autoDraw = False
1084.9592 	EXP 	fixation_2: autoDraw = True
1085.0265 	EXP 	Device response: <KeyPress from None: t=1084.9271939000173, value=c, duration=0.09265709997271188>
1085.9593 	EXP 	fixation_2: autoDraw = False
1085.9593 	EXP 	line_1: autoDraw = True
1085.9593 	EXP 	line_2: autoDraw = True
1085.9593 	EXP 	line_3: autoDraw = True
1085.9593 	EXP 	line_4: autoDraw = True
1086.9438 	INFO 	Keyboard events cleared
1086.9436 	EXP 	probe_2: autoDraw = True
1087.8098 	EXP 	Device response: <KeyPress from None: t=1087.8023571000085, value=x, duration=None>
1087.8102 	EXP 	New trial (rep=47, index=190): <Trial 190 (190 in rep 47) data={'pos': np.int64(50), 'corr_resp': 'c', 'thisN': 190, 'thisTrialN': 190, 'thisRepN': 47}>
1087.8118 	DATA 	Keypress: x
1087.8243 	EXP 	fixation_2: autoDraw = False
1087.8243 	EXP 	line_1: autoDraw = False
1087.8243 	EXP 	line_2: autoDraw = False
1087.8243 	EXP 	line_3: autoDraw = False
1087.8243 	EXP 	line_4: autoDraw = False
1087.8243 	EXP 	probe_2: autoDraw = False
1087.8243 	EXP 	fixation_2: autoDraw = True
1087.8771 	EXP 	Device response: <KeyPress from None: t=1087.8023571000085, value=x, duration=0.06585459999041632>
1088.8091 	EXP 	line_1: autoDraw = True
1088.8091 	EXP 	line_2: autoDraw = True
1088.8091 	EXP 	line_3: autoDraw = True
1088.8091 	EXP 	line_4: autoDraw = True
1088.8260 	EXP 	fixation_2: autoDraw = False
1089.8095 	INFO 	Keyboard events cleared
1089.8093 	EXP 	probe_2: autoDraw = True
1090.7085 	EXP 	Device response: <KeyPress from None: t=1090.698233300005, value=c, duration=None>
1090.7089 	EXP 	New trial (rep=47, index=191): <Trial 191 (191 in rep 47) data={'pos': np.int64(150), 'corr_resp': 'v', 'thisN': 191, 'thisTrialN': 191, 'thisRepN': 47}>
1090.7103 	DATA 	Keypress: c
1090.7266 	EXP 	fixation_2: autoDraw = False
1090.7266 	EXP 	line_1: autoDraw = False
1090.7266 	EXP 	line_2: autoDraw = False
1090.7266 	EXP 	line_3: autoDraw = False
1090.7266 	EXP 	line_4: autoDraw = False
1090.7266 	EXP 	probe_2: autoDraw = False
1090.7266 	EXP 	fixation_2: autoDraw = True
1090.7915 	EXP 	Device response: <KeyPress from None: t=1090.698233300005, value=c, duration=0.09139940000022762>
1091.7078 	EXP 	line_1: autoDraw = True
1091.7078 	EXP 	line_2: autoDraw = True
1091.7078 	EXP 	line_3: autoDraw = True
1091.7078 	EXP 	line_4: autoDraw = True
1091.7428 	EXP 	fixation_2: autoDraw = False
1092.7095 	INFO 	Keyboard events cleared
1092.7093 	EXP 	probe_2: autoDraw = True
1094.0251 	EXP 	Device response: <KeyPress from None: t=1094.0134673000139, value=v, duration=None>
1094.0256 	EXP 	New trial (rep=48, index=192): <Trial 192 (192 in rep 48) data={'pos': np.int64(50), 'corr_resp': 'c', 'thisN': 192, 'thisTrialN': 192, 'thisRepN': 48}>
1094.0270 	DATA 	Keypress: v
1094.0425 	EXP 	fixation_2: autoDraw = False
1094.0425 	EXP 	line_1: autoDraw = False
1094.0425 	EXP 	line_2: autoDraw = False
1094.0425 	EXP 	line_3: autoDraw = False
1094.0425 	EXP 	line_4: autoDraw = False
1094.0425 	EXP 	probe_2: autoDraw = False
1094.0425 	EXP 	fixation_2: autoDraw = True
1094.1100 	EXP 	Device response: <KeyPress from None: t=1094.0134673000139, value=v, duration=0.09264609997626394>
1095.0263 	EXP 	line_1: autoDraw = True
1095.0263 	EXP 	line_2: autoDraw = True
1095.0263 	EXP 	line_3: autoDraw = True
1095.0263 	EXP 	line_4: autoDraw = True
1095.0426 	EXP 	fixation_2: autoDraw = False
1096.0264 	INFO 	Keyboard events cleared
1096.0262 	EXP 	probe_2: autoDraw = True
1097.0090 	EXP 	Device response: <KeyPress from None: t=1097.005081900017, value=c, duration=None>
1097.0094 	EXP 	New trial (rep=47, index=193): <Trial 193 (193 in rep 47) data={'pos': np.int64(-150), 'corr_resp': 'z', 'thisN': 193, 'thisTrialN': 193, 'thisRepN': 47}>
1097.0108 	DATA 	Keypress: c
1097.0252 	EXP 	fixation_2: autoDraw = False
1097.0252 	EXP 	line_1: autoDraw = False
1097.0252 	EXP 	line_2: autoDraw = False
1097.0252 	EXP 	line_3: autoDraw = False
1097.0252 	EXP 	line_4: autoDraw = False
1097.0252 	EXP 	probe_2: autoDraw = False
1097.0252 	EXP 	fixation_2: autoDraw = True
1097.0927 	EXP 	Device response: <KeyPress from None: t=1097.005081900017, value=c, duration=0.08131819998379797>
1098.0095 	EXP 	line_1: autoDraw = True
1098.0095 	EXP 	line_2: autoDraw = True
1098.0095 	EXP 	line_3: autoDraw = True
1098.0095 	EXP 	line_4: autoDraw = True
1098.0265 	EXP 	fixation_2: autoDraw = False
1099.0093 	INFO 	Keyboard events cleared
1099.0091 	EXP 	probe_2: autoDraw = True
1099.8092 	EXP 	Device response: <KeyPress from None: t=1099.8010461000085, value=z, duration=None>
1099.8095 	EXP 	New trial (rep=48, index=194): <Trial 194 (194 in rep 48) data={'pos': np.int64(-150), 'corr_resp': 'z', 'thisN': 194, 'thisTrialN': 194, 'thisRepN': 48}>
1099.8110 	DATA 	Keypress: z
1099.8251 	EXP 	fixation_2: autoDraw = False
1099.8251 	EXP 	line_1: autoDraw = False
1099.8251 	EXP 	line_2: autoDraw = False
1099.8251 	EXP 	line_3: autoDraw = False
1099.8251 	EXP 	line_4: autoDraw = False
1099.8251 	EXP 	probe_2: autoDraw = False
1099.8251 	EXP 	fixation_2: autoDraw = True
1099.9091 	EXP 	Device response: <KeyPress from None: t=1099.8010461000085, value=z, duration=0.09171219999552704>
1100.8097 	EXP 	line_1: autoDraw = True
1100.8097 	EXP 	line_2: autoDraw = True
1100.8097 	EXP 	line_3: autoDraw = True
1100.8097 	EXP 	line_4: autoDraw = True
1100.8279 	EXP 	fixation_2: autoDraw = False
1101.8099 	INFO 	Keyboard events cleared
1101.8097 	EXP 	probe_2: autoDraw = True
1102.5773 	EXP 	Device response: <KeyPress from None: t=1102.5661598000152, value=z, duration=None>
1102.5777 	EXP 	New trial (rep=49, index=195): <Trial 195 (195 in rep 49) data={'pos': np.int64(-150), 'corr_resp': 'z', 'thisN': 195, 'thisTrialN': 195, 'thisRepN': 49}>
1102.5795 	DATA 	Keypress: z
1102.5913 	EXP 	fixation_2: autoDraw = False
1102.5913 	EXP 	line_1: autoDraw = False
1102.5913 	EXP 	line_2: autoDraw = False
1102.5913 	EXP 	line_3: autoDraw = False
1102.5913 	EXP 	line_4: autoDraw = False
1102.5913 	EXP 	probe_2: autoDraw = False
1102.5913 	EXP 	fixation_2: autoDraw = True
1102.6769 	EXP 	Device response: <KeyPress from None: t=1102.5661598000152, value=z, duration=0.10822100000223145>
1103.5762 	EXP 	line_1: autoDraw = True
1103.5762 	EXP 	line_2: autoDraw = True
1103.5762 	EXP 	line_3: autoDraw = True
1103.5762 	EXP 	line_4: autoDraw = True
1103.5919 	EXP 	fixation_2: autoDraw = False
1104.5933 	INFO 	Keyboard events cleared
1104.5930 	EXP 	probe_2: autoDraw = True
1104.9951 	DATA 	Keypress: z
1105.0092 	EXP 	Device response: <KeyPress from None: t=1104.9936576999899, value=z, duration=None>
1105.0096 	EXP 	New trial (rep=48, index=196): <Trial 196 (196 in rep 48) data={'pos': np.int64(150), 'corr_resp': 'v', 'thisN': 196, 'thisTrialN': 196, 'thisRepN': 48}>
1105.0248 	EXP 	fixation_2: autoDraw = False
1105.0248 	EXP 	line_1: autoDraw = False
1105.0248 	EXP 	line_2: autoDraw = False
1105.0248 	EXP 	line_3: autoDraw = False
1105.0248 	EXP 	line_4: autoDraw = False
1105.0248 	EXP 	probe_2: autoDraw = False
1105.0248 	EXP 	fixation_2: autoDraw = True
1105.0939 	EXP 	Device response: <KeyPress from None: t=1104.9936576999899, value=z, duration=0.09125300002051517>
1106.0096 	EXP 	line_1: autoDraw = True
1106.0096 	EXP 	line_2: autoDraw = True
1106.0096 	EXP 	line_3: autoDraw = True
1106.0096 	EXP 	line_4: autoDraw = True
1106.0266 	EXP 	fixation_2: autoDraw = False
1107.0098 	INFO 	Keyboard events cleared
1107.0096 	EXP 	probe_2: autoDraw = True
1110.6756 	EXP 	Device response: <KeyPress from None: t=1110.6705457000062, value=v, duration=None>
1110.6761 	EXP 	New trial (rep=49, index=197): <Trial 197 (197 in rep 49) data={'pos': np.int64(-50), 'corr_resp': 'x', 'thisN': 197, 'thisTrialN': 197, 'thisRepN': 49}>
1110.6774 	DATA 	Keypress: v
1110.6914 	EXP 	fixation_2: autoDraw = False
1110.6914 	EXP 	line_1: autoDraw = False
1110.6914 	EXP 	line_2: autoDraw = False
1110.6914 	EXP 	line_3: autoDraw = False
1110.6914 	EXP 	line_4: autoDraw = False
1110.6914 	EXP 	probe_2: autoDraw = False
1110.6914 	EXP 	fixation_2: autoDraw = True
1110.7763 	EXP 	Device response: <KeyPress from None: t=1110.6705457000062, value=v, duration=0.09643939998932183>
1111.6762 	EXP 	line_1: autoDraw = True
1111.6762 	EXP 	line_2: autoDraw = True
1111.6762 	EXP 	line_3: autoDraw = True
1111.6762 	EXP 	line_4: autoDraw = True
1111.6925 	EXP 	fixation_2: autoDraw = False
1112.6767 	INFO 	Keyboard events cleared
1112.6765 	EXP 	probe_2: autoDraw = True
1113.6267 	EXP 	Device response: <KeyPress from None: t=1113.6219286000123, value=x, duration=None>
1113.6273 	EXP 	New trial (rep=49, index=198): <Trial 198 (198 in rep 49) data={'pos': np.int64(50), 'corr_resp': 'c', 'thisN': 198, 'thisTrialN': 198, 'thisRepN': 49}>
1113.6289 	DATA 	Keypress: x
1113.6428 	EXP 	fixation_2: autoDraw = False
1113.6428 	EXP 	line_1: autoDraw = False
1113.6428 	EXP 	line_2: autoDraw = False
1113.6428 	EXP 	line_3: autoDraw = False
1113.6428 	EXP 	line_4: autoDraw = False
1113.6428 	EXP 	probe_2: autoDraw = False
1113.6428 	EXP 	fixation_2: autoDraw = True
1113.7437 	EXP 	Device response: <KeyPress from None: t=1113.6219286000123, value=x, duration=0.11446270000305958>
1114.6264 	EXP 	line_1: autoDraw = True
1114.6264 	EXP 	line_2: autoDraw = True
1114.6264 	EXP 	line_3: autoDraw = True
1114.6264 	EXP 	line_4: autoDraw = True
1114.6431 	EXP 	fixation_2: autoDraw = False
1115.6268 	INFO 	Keyboard events cleared
1115.6266 	EXP 	probe_2: autoDraw = True
1116.9426 	EXP 	Device response: <KeyPress from None: t=1116.9350919999997, value=v, duration=None>
1116.9430 	EXP 	New trial (rep=49, index=199): <Trial 199 (199 in rep 49) data={'pos': np.int64(150), 'corr_resp': 'v', 'thisN': 199, 'thisTrialN': 199, 'thisRepN': 49}>
1116.9445 	DATA 	Keypress: v
1116.9580 	EXP 	fixation_2: autoDraw = False
1116.9580 	EXP 	line_1: autoDraw = False
1116.9580 	EXP 	line_2: autoDraw = False
1116.9580 	EXP 	line_3: autoDraw = False
1116.9580 	EXP 	line_4: autoDraw = False
1116.9580 	EXP 	probe_2: autoDraw = False
1116.9580 	EXP 	fixation_2: autoDraw = True
1117.0259 	EXP 	Device response: <KeyPress from None: t=1116.9350919999997, value=v, duration=0.07906469999579713>
1117.9430 	EXP 	line_1: autoDraw = True
1117.9430 	EXP 	line_2: autoDraw = True
1117.9430 	EXP 	line_3: autoDraw = True
1117.9430 	EXP 	line_4: autoDraw = True
1117.9600 	EXP 	fixation_2: autoDraw = False
1118.9436 	INFO 	Keyboard events cleared
1118.9434 	EXP 	probe_2: autoDraw = True
1120.1099 	EXP 	Device response: <KeyPress from None: t=1120.1053858000087, value=v, duration=None>
1120.1113 	DATA 	Keypress: v
1120.1262 	EXP 	fixation_2: autoDraw = False
1120.1262 	EXP 	line_1: autoDraw = False
1120.1262 	EXP 	line_2: autoDraw = False
1120.1262 	EXP 	line_3: autoDraw = False
1120.1262 	EXP 	line_4: autoDraw = False
1120.1262 	EXP 	probe_2: autoDraw = False
1120.1265 	EXP 	Motor_sequence_exp: status = STOPPED
1120.2886 	INFO 	saved data to 'C:\\Users\\Pooja\\OneDrive\\Desktop\\Motor_Sequence_experiment\\data\\333_Motor_sequence_exp_2025-10-02_01h35.33.085.csv'
1120.3035 	INFO 	saved data to C:\Users\Pooja\OneDrive\Desktop\Motor_Sequence_experiment\data\333_Motor_sequence_exp_2025-10-02_01h35.33.085.psydat
1120.7222 	WARNING 	Stopping key buffers but this could be dangerous ifother keyboards rely on the same.
1120.7750 	WARNING 	Stopping key buffers but this could be dangerous ifother keyboards rely on the same.
1120.7751 	WARNING 	Stopping key buffers but this could be dangerous ifother keyboards rely on the same.
