10.1767 	INFO 	Loaded monitor calibration from ['2025_08_12 09:11']
10.1904 	WARNING 	User requested fullscreen with size [1024  768], but screen is actually [1920, 1080]. Using actual size
10.9668 	INFO 	Using renderer 'AMD Radeon(TM) Graphics' for graphics
10.9669 	INFO 	OpenGL version supported by driver is 4..
11.0575 	EXP 	Created window1 = Window(allowGUI=False, allowStencil=False, autoLog=True, backendConf=UNKNOWN, backgroundFit=<method-wrapper '__getattribute__' of attributeSetter object at 0x00000298816F80D0>, backgroundImage=<method-wrapper '__getattribute__' of attributeSetter object at 0x00000298816F8070>, bitsMode=UNKNOWN, blendMode='avg', bpc=(8, 8, 8), color=array([0, 0, 0]), colorSpace='rgb', depthBits=8, fullscr=True, gamma=None, gammaErrorPolicy='raise', infoMsg=UNKNOWN, lms=UNKNOWN, monitor=<psychopy.monitors.calibTools.Monitor object at 0x00000298817A9930>, multiSample=False, name='window1', numSamples=2, pos=[np.float64(0.0), np.float64(0.0)], screen=0, size=array([1920, 1080]), stencilBits=0, stereo=False, title='PsychoPy', units='height', useFBO=True, useRetina=False, viewOri=0.0, viewPos=None, viewScale=None, waitBlanking=True, winType='pyglet')
11.0575 	EXP 	window1: backgroundImage = ''
11.0576 	EXP 	window1: backgroundFit = 'none'
11.5877 	EXP 	window1: Attempting to measure frame rate of screen (0) ...
11.5879 	EXP 	window1: recordFrameIntervals = False
11.7836 	EXP 	window1: recordFrameIntervals = True
11.9677 	EXP 	Screen (0) actual frame rate measured at 59.72Hz
11.9677 	EXP 	window1: recordFrameIntervals = False
12.0292 	INFO 	keyboard.Keyboard is using ptb backend.
12.0294 	INFO 	keyboard.Keyboard is using ptb backend.
12.0295 	INFO 	keyboard.Keyboard is using ptb backend.
12.0295 	EXP 	Motor_sequence_exp: status = STARTED
12.0359 	EXP 	Created fixation = ShapeStim(__class__=<class 'psychopy.visual.shape.ShapeStim'>, anchor=('center', 'center'), autoDraw=False, autoLog=True, closeShape=True, color=method-wrapper(...), colorSpace='rgb', contrast=None, depth=0.0, draggable=False, fillColor=array([1, 1, 1]), fillColorSpace='rgb', fillRGB=array([1, 1, 1]), interpolate=True, lineColor=array([1., 1., 1.]), lineColorSpace='rgb', lineRGB=array([1, 1, 1]), lineWidth=1.0, name='fixation', opacity=1, ori=0.0, pos=array([0., 0.]), size=array([10., 10.]), units='pix', vertices=ndarray(...), win=Window(...), windingRule=None)
12.0371 	EXP 	Created line1 = Rect(__class__=<class 'psychopy.visual.rect.Rect'>, anchor=('center', 'center'), autoDraw=False, autoLog=True, closeShape=True, color=method-wrapper(...), colorSpace='rgb', contrast=None, depth=-1.0, draggable=False, fillColor=array([1, 1, 1]), fillColorSpace='rgb', fillRGB=array([1, 1, 1]), interpolate=True, lineColor=array([1., 1., 1.]), lineColorSpace='rgb', lineRGB=array([1, 1, 1]), lineWidth=1.0, name='line1', opacity=1, ori=90.0, pos=array([-150.,    0.]), size=array([100.,  10.]), units='pix', vertices=ndarray(...), win=Window(...))
12.0387 	EXP 	Created line2 = Rect(__class__=<class 'psychopy.visual.rect.Rect'>, anchor=('center', 'center'), autoDraw=False, autoLog=True, closeShape=True, color=method-wrapper(...), colorSpace='rgb', contrast=None, depth=-2.0, draggable=False, fillColor=array([1, 1, 1]), fillColorSpace='rgb', fillRGB=array([1, 1, 1]), interpolate=True, lineColor=array([1., 1., 1.]), lineColorSpace='rgb', lineRGB=array([1, 1, 1]), lineWidth=1.0, name='line2', opacity=1, ori=90.0, pos=array([-50.,   0.]), size=array([100.,  10.]), units='pix', vertices=ndarray(...), win=Window(...))
12.0400 	EXP 	Created line3 = Rect(__class__=<class 'psychopy.visual.rect.Rect'>, anchor=('center', 'center'), autoDraw=False, autoLog=True, closeShape=True, color=method-wrapper(...), colorSpace='rgb', contrast=None, depth=-3.0, draggable=False, fillColor=array([1, 1, 1]), fillColorSpace='rgb', fillRGB=array([1, 1, 1]), interpolate=True, lineColor=array([1., 1., 1.]), lineColorSpace='rgb', lineRGB=array([1, 1, 1]), lineWidth=1.0, name='line3', opacity=1, ori=90.0, pos=array([50.,  0.]), size=array([100.,  10.]), units='pix', vertices=ndarray(...), win=Window(...))
12.0415 	EXP 	Created line4 = Rect(__class__=<class 'psychopy.visual.rect.Rect'>, anchor=('center', 'center'), autoDraw=False, autoLog=True, closeShape=True, color=method-wrapper(...), colorSpace='rgb', contrast=None, depth=-4.0, draggable=False, fillColor=array([1, 1, 1]), fillColorSpace='rgb', fillRGB=array([1, 1, 1]), interpolate=True, lineColor=array([1., 1., 1.]), lineColorSpace='rgb', lineRGB=array([1, 1, 1]), lineWidth=1.0, name='line4', opacity=1, ori=90.0, pos=array([150.,   0.]), size=array([100.,  10.]), units='pix', vertices=ndarray(...), win=Window(...))
12.0430 	EXP 	Created probe = ShapeStim(__class__=<class 'psychopy.visual.shape.ShapeStim'>, anchor=('center', 'center'), autoDraw=False, autoLog=True, closeShape=True, color=method-wrapper(...), colorSpace='rgb', contrast=None, depth=-5.0, draggable=False, fillColor=array([1, 1, 1]), fillColorSpace='rgb', fillRGB=array([1, 1, 1]), interpolate=True, lineColor=array([1., 1., 1.]), lineColorSpace='rgb', lineRGB=array([1, 1, 1]), lineWidth=1.0, name='probe', opacity=1, ori=0.0, pos=array([0., 0.]), size=array([10., 10.]), units='pix', vertices=ndarray(...), win=Window(...), windingRule=None)
12.0448 	EXP 	Created fixation_2 = ShapeStim(__class__=<class 'psychopy.visual.shape.ShapeStim'>, anchor=('center', 'center'), autoDraw=False, autoLog=True, closeShape=True, color=method-wrapper(...), colorSpace='rgb', contrast=None, depth=0.0, draggable=False, fillColor=array([1, 1, 1]), fillColorSpace='rgb', fillRGB=array([1, 1, 1]), interpolate=True, lineColor=array([1., 1., 1.]), lineColorSpace='rgb', lineRGB=array([1, 1, 1]), lineWidth=1.0, name='fixation_2', opacity=1, ori=0.0, pos=array([0., 0.]), size=array([10., 10.]), units='pix', vertices=ndarray(...), win=Window(...), windingRule=None)
12.0459 	EXP 	Created line_1 = Rect(__class__=<class 'psychopy.visual.rect.Rect'>, anchor=('center', 'center'), autoDraw=False, autoLog=True, closeShape=True, color=method-wrapper(...), colorSpace='rgb', contrast=None, depth=-1.0, draggable=False, fillColor=array([1, 1, 1]), fillColorSpace='rgb', fillRGB=array([1, 1, 1]), interpolate=True, lineColor=array([1., 1., 1.]), lineColorSpace='rgb', lineRGB=array([1, 1, 1]), lineWidth=1.0, name='line_1', opacity=1, ori=90.0, pos=array([0., 0.]), size=array([100.,  10.]), units='pix', vertices=ndarray(...), win=Window(...))
12.0470 	EXP 	Created line_2 = Rect(__class__=<class 'psychopy.visual.rect.Rect'>, anchor=('center', 'center'), autoDraw=False, autoLog=True, closeShape=True, color=method-wrapper(...), colorSpace='rgb', contrast=None, depth=-2.0, draggable=False, fillColor=array([1, 1, 1]), fillColorSpace='rgb', fillRGB=array([1, 1, 1]), interpolate=True, lineColor=array([1., 1., 1.]), lineColorSpace='rgb', lineRGB=array([1, 1, 1]), lineWidth=1.0, name='line_2', opacity=1, ori=90.0, pos=array([0., 0.]), size=array([100.,  10.]), units='pix', vertices=ndarray(...), win=Window(...))
12.0481 	EXP 	Created line_3 = Rect(__class__=<class 'psychopy.visual.rect.Rect'>, anchor=('center', 'center'), autoDraw=False, autoLog=True, closeShape=True, color=method-wrapper(...), colorSpace='rgb', contrast=None, depth=-3.0, draggable=False, fillColor=array([1, 1, 1]), fillColorSpace='rgb', fillRGB=array([1, 1, 1]), interpolate=True, lineColor=array([1., 1., 1.]), lineColorSpace='rgb', lineRGB=array([1, 1, 1]), lineWidth=1.0, name='line_3', opacity=1, ori=90.0, pos=array([0., 0.]), size=array([100.,  10.]), units='pix', vertices=ndarray(...), win=Window(...))
12.0492 	EXP 	Created line_4 = Rect(__class__=<class 'psychopy.visual.rect.Rect'>, anchor=('center', 'center'), autoDraw=False, autoLog=True, closeShape=True, color=method-wrapper(...), colorSpace='rgb', contrast=None, depth=-4.0, draggable=False, fillColor=array([1, 1, 1]), fillColorSpace='rgb', fillRGB=array([1, 1, 1]), interpolate=True, lineColor=array([1., 1., 1.]), lineColorSpace='rgb', lineRGB=array([1, 1, 1]), lineWidth=1.0, name='line_4', opacity=1, ori=90.0, pos=array([0., 0.]), size=array([100.,  10.]), units='pix', vertices=ndarray(...), win=Window(...))
12.0505 	EXP 	Created probe_2 = ShapeStim(__class__=<class 'psychopy.visual.shape.ShapeStim'>, anchor=('center', 'center'), autoDraw=False, autoLog=True, closeShape=True, color=method-wrapper(...), colorSpace='rgb', contrast=None, depth=-5.0, draggable=False, fillColor=array([1, 1, 1]), fillColorSpace='rgb', fillRGB=array([1, 1, 1]), interpolate=True, lineColor=array([1., 1., 1.]), lineColorSpace='rgb', lineRGB=array([1, 1, 1]), lineWidth=1.0, name='probe_2', opacity=1, ori=0.0, pos=array([0., 0.]), size=array([10., 10.]), units='pix', vertices=ndarray(...), win=Window(...), windingRule=None)
0.0112 	EXP 	Imported sequence_conditions.csv as conditions, 4 conditions, 2 params
0.0125 	EXP 	New trial (rep=0, index=0): <Trial 0 (0 in rep 0) data={'pos': np.int64(-50), 'corr_resp': 'x', 'thisN': 0, 'thisTrialN': 0, 'thisRepN': 0}>
0.0254 	EXP 	fixation: autoDraw = True
1.0101 	EXP 	line1: autoDraw = True
1.0101 	EXP 	line2: autoDraw = True
1.0101 	EXP 	line3: autoDraw = True
1.0101 	EXP 	line4: autoDraw = True
1.0277 	EXP 	fixation: autoDraw = False
2.0100 	INFO 	Keyboard events cleared
2.0099 	EXP 	probe: autoDraw = True
3.0761 	EXP 	Device response: <KeyPress from None: t=3.052858099981677, value=x, duration=None>
3.0764 	EXP 	New trial (rep=0, index=1): <Trial 1 (1 in rep 0) data={'pos': np.int64(150), 'corr_resp': 'v', 'thisN': 1, 'thisTrialN': 1, 'thisRepN': 0}>
3.0775 	DATA 	Keypress: x
3.0846 	EXP 	fixation: autoDraw = False
3.0846 	EXP 	line1: autoDraw = False
3.0846 	EXP 	line2: autoDraw = False
3.0846 	EXP 	line3: autoDraw = False
3.0846 	EXP 	line4: autoDraw = False
3.0846 	EXP 	probe: autoDraw = False
3.0846 	EXP 	fixation: autoDraw = True
3.2289 	EXP 	Device response: <KeyPress from None: t=3.052858099981677, value=x, duration=0.17414220003411174>
4.0776 	EXP 	line1: autoDraw = True
4.0776 	EXP 	line2: autoDraw = True
4.0776 	EXP 	line3: autoDraw = True
4.0776 	EXP 	line4: autoDraw = True
4.0947 	EXP 	fixation: autoDraw = False
5.0790 	INFO 	Keyboard events cleared
5.0787 	EXP 	probe: autoDraw = True
6.0782 	EXP 	Device response: <KeyPress from None: t=6.0662864000187255, value=v, duration=None>
6.0785 	EXP 	New trial (rep=0, index=2): <Trial 2 (2 in rep 0) data={'pos': np.int64(50), 'corr_resp': 'c', 'thisN': 2, 'thisTrialN': 2, 'thisRepN': 0}>
6.0797 	DATA 	Keypress: v
6.0938 	EXP 	fixation: autoDraw = False
6.0938 	EXP 	line1: autoDraw = False
6.0938 	EXP 	line2: autoDraw = False
6.0938 	EXP 	line3: autoDraw = False
6.0938 	EXP 	line4: autoDraw = False
6.0938 	EXP 	probe: autoDraw = False
6.0938 	EXP 	fixation: autoDraw = True
6.1949 	EXP 	Device response: <KeyPress from None: t=6.0662864000187255, value=v, duration=0.1223687999881804>
7.0780 	EXP 	line1: autoDraw = True
7.0780 	EXP 	line2: autoDraw = True
7.0780 	EXP 	line3: autoDraw = True
7.0780 	EXP 	line4: autoDraw = True
7.0945 	EXP 	fixation: autoDraw = False
8.0956 	INFO 	Keyboard events cleared
8.0953 	EXP 	probe: autoDraw = True
9.2282 	EXP 	Device response: <KeyPress from None: t=9.21909259998938, value=c, duration=None>
9.2286 	EXP 	New trial (rep=0, index=3): <Trial 3 (3 in rep 0) data={'pos': np.int64(-150), 'corr_resp': 'z', 'thisN': 3, 'thisTrialN': 3, 'thisRepN': 0}>
9.2297 	DATA 	Keypress: c
9.2451 	EXP 	fixation: autoDraw = False
9.2451 	EXP 	line1: autoDraw = False
9.2451 	EXP 	line2: autoDraw = False
9.2451 	EXP 	line3: autoDraw = False
9.2451 	EXP 	line4: autoDraw = False
9.2451 	EXP 	probe: autoDraw = False
9.2451 	EXP 	fixation: autoDraw = True
9.3451 	EXP 	Device response: <KeyPress from None: t=9.21909259998938, value=c, duration=0.11221870000008494>
10.2288 	EXP 	line1: autoDraw = True
10.2288 	EXP 	line2: autoDraw = True
10.2288 	EXP 	line3: autoDraw = True
10.2288 	EXP 	line4: autoDraw = True
10.2447 	EXP 	fixation: autoDraw = False
11.2285 	INFO 	Keyboard events cleared
11.2283 	EXP 	probe: autoDraw = True
12.3960 	EXP 	Device response: <KeyPress from None: t=12.383312400022987, value=z, duration=None>
12.3963 	EXP 	New trial (rep=1, index=0): <Trial 4 (0 in rep 1) data={'pos': np.int64(-50), 'corr_resp': 'x', 'thisN': 4, 'thisTrialN': 0, 'thisRepN': 1}>
12.3976 	DATA 	Keypress: z
12.4110 	EXP 	fixation: autoDraw = False
12.4110 	EXP 	line1: autoDraw = False
12.4110 	EXP 	line2: autoDraw = False
12.4110 	EXP 	line3: autoDraw = False
12.4110 	EXP 	line4: autoDraw = False
12.4110 	EXP 	probe: autoDraw = False
12.4110 	EXP 	fixation: autoDraw = True
12.5116 	EXP 	Device response: <KeyPress from None: t=12.383312400022987, value=z, duration=0.1112415999523364>
13.4121 	EXP 	fixation: autoDraw = False
13.4121 	EXP 	line1: autoDraw = True
13.4121 	EXP 	line2: autoDraw = True
13.4121 	EXP 	line3: autoDraw = True
13.4121 	EXP 	line4: autoDraw = True
14.4120 	INFO 	Keyboard events cleared
14.4118 	EXP 	probe: autoDraw = True
15.8285 	EXP 	Device response: <KeyPress from None: t=15.827504599990789, value=x, duration=None>
15.8289 	EXP 	New trial (rep=1, index=1): <Trial 5 (1 in rep 1) data={'pos': np.int64(150), 'corr_resp': 'v', 'thisN': 5, 'thisTrialN': 1, 'thisRepN': 1}>
15.8301 	DATA 	Keypress: x
15.8444 	EXP 	fixation: autoDraw = False
15.8444 	EXP 	line1: autoDraw = False
15.8444 	EXP 	line2: autoDraw = False
15.8444 	EXP 	line3: autoDraw = False
15.8444 	EXP 	line4: autoDraw = False
15.8444 	EXP 	probe: autoDraw = False
15.8444 	EXP 	fixation: autoDraw = True
15.9607 	EXP 	Device response: <KeyPress from None: t=15.827504599990789, value=x, duration=0.12777940003434196>
16.8278 	EXP 	line1: autoDraw = True
16.8278 	EXP 	line2: autoDraw = True
16.8278 	EXP 	line3: autoDraw = True
16.8278 	EXP 	line4: autoDraw = True
16.8455 	EXP 	fixation: autoDraw = False
17.8285 	INFO 	Keyboard events cleared
17.8283 	EXP 	probe: autoDraw = True
18.6794 	EXP 	Device response: <KeyPress from None: t=18.664975000021514, value=v, duration=None>
18.6798 	EXP 	New trial (rep=1, index=2): <Trial 6 (2 in rep 1) data={'pos': np.int64(50), 'corr_resp': 'c', 'thisN': 6, 'thisTrialN': 2, 'thisRepN': 1}>
18.6810 	DATA 	Keypress: v
18.6945 	EXP 	fixation: autoDraw = False
18.6945 	EXP 	line1: autoDraw = False
18.6945 	EXP 	line2: autoDraw = False
18.6945 	EXP 	line3: autoDraw = False
18.6945 	EXP 	line4: autoDraw = False
18.6945 	EXP 	probe: autoDraw = False
18.6945 	EXP 	fixation: autoDraw = True
18.7947 	EXP 	Device response: <KeyPress from None: t=18.664975000021514, value=v, duration=0.12219929997809231>
19.6956 	EXP 	fixation: autoDraw = False
19.6956 	EXP 	line1: autoDraw = True
19.6956 	EXP 	line2: autoDraw = True
19.6956 	EXP 	line3: autoDraw = True
19.6956 	EXP 	line4: autoDraw = True
20.6954 	INFO 	Keyboard events cleared
20.6952 	EXP 	probe: autoDraw = True
21.6938 	EXP 	Device response: <KeyPress from None: t=21.692638500011526, value=c, duration=None>
21.6942 	EXP 	New trial (rep=1, index=3): <Trial 7 (3 in rep 1) data={'pos': np.int64(-150), 'corr_resp': 'z', 'thisN': 7, 'thisTrialN': 3, 'thisRepN': 1}>
21.6954 	DATA 	Keypress: c
21.7104 	EXP 	fixation: autoDraw = False
21.7104 	EXP 	line1: autoDraw = False
21.7104 	EXP 	line2: autoDraw = False
21.7104 	EXP 	line3: autoDraw = False
21.7104 	EXP 	line4: autoDraw = False
21.7104 	EXP 	probe: autoDraw = False
21.7104 	EXP 	fixation: autoDraw = True
21.8466 	EXP 	Device response: <KeyPress from None: t=21.692638500011526, value=c, duration=0.14275070000439882>
22.6955 	EXP 	line1: autoDraw = True
22.6955 	EXP 	line2: autoDraw = True
22.6955 	EXP 	line3: autoDraw = True
22.6955 	EXP 	line4: autoDraw = True
22.7112 	EXP 	fixation: autoDraw = False
23.6956 	INFO 	Keyboard events cleared
23.6954 	EXP 	probe: autoDraw = True
24.5945 	EXP 	Device response: <KeyPress from None: t=24.592541599995457, value=z, duration=None>
24.5949 	EXP 	New trial (rep=2, index=0): <Trial 8 (0 in rep 2) data={'pos': np.int64(-50), 'corr_resp': 'x', 'thisN': 8, 'thisTrialN': 0, 'thisRepN': 2}>
24.5961 	DATA 	Keypress: z
24.6109 	EXP 	fixation: autoDraw = False
24.6109 	EXP 	line1: autoDraw = False
24.6109 	EXP 	line2: autoDraw = False
24.6109 	EXP 	line3: autoDraw = False
24.6109 	EXP 	line4: autoDraw = False
24.6109 	EXP 	probe: autoDraw = False
24.6109 	EXP 	fixation: autoDraw = True
24.7622 	EXP 	Device response: <KeyPress from None: t=24.592541599995457, value=z, duration=0.15235290001146495>
25.5955 	EXP 	line1: autoDraw = True
25.5955 	EXP 	line2: autoDraw = True
25.5955 	EXP 	line3: autoDraw = True
25.5955 	EXP 	line4: autoDraw = True
25.6112 	EXP 	fixation: autoDraw = False
26.5953 	INFO 	Keyboard events cleared
26.5952 	EXP 	probe: autoDraw = True
27.1120 	EXP 	Device response: <KeyPress from None: t=27.09798329998739, value=x, duration=None>
27.1124 	EXP 	New trial (rep=2, index=1): <Trial 9 (1 in rep 2) data={'pos': np.int64(150), 'corr_resp': 'v', 'thisN': 9, 'thisTrialN': 1, 'thisRepN': 2}>
27.1138 	DATA 	Keypress: x
27.1273 	EXP 	fixation: autoDraw = False
27.1273 	EXP 	line1: autoDraw = False
27.1273 	EXP 	line2: autoDraw = False
27.1273 	EXP 	line3: autoDraw = False
27.1273 	EXP 	line4: autoDraw = False
27.1273 	EXP 	probe: autoDraw = False
27.1273 	EXP 	fixation: autoDraw = True
27.2284 	EXP 	Device response: <KeyPress from None: t=27.09798329998739, value=x, duration=0.1230776000302285>
28.1112 	EXP 	line1: autoDraw = True
28.1112 	EXP 	line2: autoDraw = True
28.1112 	EXP 	line3: autoDraw = True
28.1112 	EXP 	line4: autoDraw = True
28.1280 	EXP 	fixation: autoDraw = False
29.1275 	INFO 	Keyboard events cleared
29.1273 	EXP 	probe: autoDraw = True
29.6122 	EXP 	Device response: <KeyPress from None: t=29.60843899997417, value=v, duration=None>
29.6126 	EXP 	New trial (rep=2, index=2): <Trial 10 (2 in rep 2) data={'pos': np.int64(50), 'corr_resp': 'c', 'thisN': 10, 'thisTrialN': 2, 'thisRepN': 2}>
29.6140 	DATA 	Keypress: v
29.6274 	EXP 	fixation: autoDraw = False
29.6274 	EXP 	line1: autoDraw = False
29.6274 	EXP 	line2: autoDraw = False
29.6274 	EXP 	line3: autoDraw = False
29.6274 	EXP 	line4: autoDraw = False
29.6274 	EXP 	probe: autoDraw = False
29.6274 	EXP 	fixation: autoDraw = True
29.7282 	EXP 	Device response: <KeyPress from None: t=29.60843899997417, value=v, duration=0.10549670003820211>
30.6268 	EXP 	fixation: autoDraw = False
30.6268 	EXP 	line1: autoDraw = True
30.6268 	EXP 	line2: autoDraw = True
30.6268 	EXP 	line3: autoDraw = True
30.6268 	EXP 	line4: autoDraw = True
31.6284 	INFO 	Keyboard events cleared
31.6282 	EXP 	probe: autoDraw = True
31.9958 	EXP 	Device response: <KeyPress from None: t=31.990831599978264, value=c, duration=None>
31.9963 	EXP 	New trial (rep=2, index=3): <Trial 11 (3 in rep 2) data={'pos': np.int64(-150), 'corr_resp': 'z', 'thisN': 11, 'thisTrialN': 3, 'thisRepN': 2}>
31.9976 	DATA 	Keypress: c
32.0105 	EXP 	fixation: autoDraw = False
32.0105 	EXP 	line1: autoDraw = False
32.0105 	EXP 	line2: autoDraw = False
32.0105 	EXP 	line3: autoDraw = False
32.0105 	EXP 	line4: autoDraw = False
32.0105 	EXP 	probe: autoDraw = False
32.0105 	EXP 	fixation: autoDraw = True
32.1128 	EXP 	Device response: <KeyPress from None: t=31.990831599978264, value=c, duration=0.11343180004041642>
32.9954 	EXP 	line1: autoDraw = True
32.9954 	EXP 	line2: autoDraw = True
32.9954 	EXP 	line3: autoDraw = True
32.9954 	EXP 	line4: autoDraw = True
33.0117 	EXP 	fixation: autoDraw = False
34.0125 	INFO 	Keyboard events cleared
34.0123 	EXP 	probe: autoDraw = True
34.4284 	EXP 	Device response: <KeyPress from None: t=34.42579459998524, value=z, duration=None>
34.4289 	EXP 	New trial (rep=3, index=0): <Trial 12 (0 in rep 3) data={'pos': np.int64(-50), 'corr_resp': 'x', 'thisN': 12, 'thisTrialN': 0, 'thisRepN': 3}>
34.4302 	DATA 	Keypress: z
34.4448 	EXP 	fixation: autoDraw = False
34.4448 	EXP 	line1: autoDraw = False
34.4448 	EXP 	line2: autoDraw = False
34.4448 	EXP 	line3: autoDraw = False
34.4448 	EXP 	line4: autoDraw = False
34.4448 	EXP 	probe: autoDraw = False
34.4448 	EXP 	fixation: autoDraw = True
34.5783 	EXP 	Device response: <KeyPress from None: t=34.42579459998524, value=z, duration=0.1374787000240758>
35.4285 	EXP 	line1: autoDraw = True
35.4285 	EXP 	line2: autoDraw = True
35.4285 	EXP 	line3: autoDraw = True
35.4285 	EXP 	line4: autoDraw = True
35.4450 	EXP 	fixation: autoDraw = False
36.4292 	INFO 	Keyboard events cleared
36.4290 	EXP 	probe: autoDraw = True
37.0950 	EXP 	Device response: <KeyPress from None: t=37.081660599971656, value=x, duration=None>
37.0953 	EXP 	New trial (rep=3, index=1): <Trial 13 (1 in rep 3) data={'pos': np.int64(150), 'corr_resp': 'v', 'thisN': 13, 'thisTrialN': 1, 'thisRepN': 3}>
37.0965 	DATA 	Keypress: x
37.1113 	EXP 	fixation: autoDraw = False
37.1113 	EXP 	line1: autoDraw = False
37.1113 	EXP 	line2: autoDraw = False
37.1113 	EXP 	line3: autoDraw = False
37.1113 	EXP 	line4: autoDraw = False
37.1113 	EXP 	probe: autoDraw = False
37.1113 	EXP 	fixation: autoDraw = True
37.2456 	EXP 	Device response: <KeyPress from None: t=37.081660599971656, value=x, duration=0.15257950004888698>
38.0954 	EXP 	line1: autoDraw = True
38.0954 	EXP 	line2: autoDraw = True
38.0954 	EXP 	line3: autoDraw = True
38.0954 	EXP 	line4: autoDraw = True
38.1119 	EXP 	fixation: autoDraw = False
39.0951 	INFO 	Keyboard events cleared
39.0949 	EXP 	probe: autoDraw = True
39.4794 	EXP 	Device response: <KeyPress from None: t=39.47405479999725, value=v, duration=None>
39.4800 	EXP 	New trial (rep=3, index=2): <Trial 14 (2 in rep 3) data={'pos': np.int64(50), 'corr_resp': 'c', 'thisN': 14, 'thisTrialN': 2, 'thisRepN': 3}>
39.4813 	DATA 	Keypress: v
39.4952 	EXP 	fixation: autoDraw = False
39.4952 	EXP 	line1: autoDraw = False
39.4952 	EXP 	line2: autoDraw = False
39.4952 	EXP 	line3: autoDraw = False
39.4952 	EXP 	line4: autoDraw = False
39.4952 	EXP 	probe: autoDraw = False
39.4952 	EXP 	fixation: autoDraw = True
39.5787 	EXP 	Device response: <KeyPress from None: t=39.47405479999725, value=v, duration=0.09094329999061301>
40.4788 	EXP 	line1: autoDraw = True
40.4788 	EXP 	line2: autoDraw = True
40.4788 	EXP 	line3: autoDraw = True
40.4788 	EXP 	line4: autoDraw = True
40.4947 	EXP 	fixation: autoDraw = False
41.4959 	INFO 	Keyboard events cleared
41.4957 	EXP 	probe: autoDraw = True
41.8962 	EXP 	Device response: <KeyPress from None: t=41.888759800000116, value=c, duration=None>
41.8967 	EXP 	New trial (rep=3, index=3): <Trial 15 (3 in rep 3) data={'pos': np.int64(-150), 'corr_resp': 'z', 'thisN': 15, 'thisTrialN': 3, 'thisRepN': 3}>
41.8980 	DATA 	Keypress: c
41.9114 	EXP 	fixation: autoDraw = False
41.9114 	EXP 	line1: autoDraw = False
41.9114 	EXP 	line2: autoDraw = False
41.9114 	EXP 	line3: autoDraw = False
41.9114 	EXP 	line4: autoDraw = False
41.9114 	EXP 	probe: autoDraw = False
41.9114 	EXP 	fixation: autoDraw = True
42.0458 	EXP 	Device response: <KeyPress from None: t=41.888759800000116, value=c, duration=0.1540464999852702>
42.9125 	EXP 	fixation: autoDraw = False
42.9125 	EXP 	line1: autoDraw = True
42.9125 	EXP 	line2: autoDraw = True
42.9125 	EXP 	line3: autoDraw = True
42.9125 	EXP 	line4: autoDraw = True
43.8961 	INFO 	Keyboard events cleared
43.8959 	EXP 	probe: autoDraw = True
44.3299 	EXP 	Device response: <KeyPress from None: t=44.3222571000224, value=z, duration=None>
44.3303 	EXP 	New trial (rep=4, index=0): <Trial 16 (0 in rep 4) data={'pos': np.int64(-50), 'corr_resp': 'x', 'thisN': 16, 'thisTrialN': 0, 'thisRepN': 4}>
44.3316 	DATA 	Keypress: z
44.3446 	EXP 	fixation: autoDraw = False
44.3446 	EXP 	line1: autoDraw = False
44.3446 	EXP 	line2: autoDraw = False
44.3446 	EXP 	line3: autoDraw = False
44.3446 	EXP 	line4: autoDraw = False
44.3446 	EXP 	probe: autoDraw = False
44.3446 	EXP 	fixation: autoDraw = True
44.4457 	EXP 	Device response: <KeyPress from None: t=44.3222571000224, value=z, duration=0.10779589996673167>
45.3453 	EXP 	fixation: autoDraw = False
45.3453 	EXP 	line1: autoDraw = True
45.3453 	EXP 	line2: autoDraw = True
45.3453 	EXP 	line3: autoDraw = True
45.3453 	EXP 	line4: autoDraw = True
46.3444 	INFO 	Keyboard events cleared
46.3442 	EXP 	probe: autoDraw = True
46.5953 	EXP 	Device response: <KeyPress from None: t=46.57954740000423, value=x, duration=None>
46.5957 	EXP 	New trial (rep=4, index=1): <Trial 17 (1 in rep 4) data={'pos': np.int64(150), 'corr_resp': 'v', 'thisN': 17, 'thisTrialN': 1, 'thisRepN': 4}>
46.5968 	DATA 	Keypress: x
46.6124 	EXP 	fixation: autoDraw = False
46.6124 	EXP 	line1: autoDraw = False
46.6124 	EXP 	line2: autoDraw = False
46.6124 	EXP 	line3: autoDraw = False
46.6124 	EXP 	line4: autoDraw = False
46.6124 	EXP 	probe: autoDraw = False
46.6124 	EXP 	fixation: autoDraw = True
46.7294 	EXP 	Device response: <KeyPress from None: t=46.57954740000423, value=x, duration=0.1473332999739796>
47.5960 	EXP 	line1: autoDraw = True
47.5960 	EXP 	line2: autoDraw = True
47.5960 	EXP 	line3: autoDraw = True
47.5960 	EXP 	line4: autoDraw = True
47.6121 	EXP 	fixation: autoDraw = False
48.5957 	INFO 	Keyboard events cleared
48.5955 	EXP 	probe: autoDraw = True
48.8625 	EXP 	Device response: <KeyPress from None: t=48.84890510002151, value=v, duration=None>
48.8629 	EXP 	New trial (rep=4, index=2): <Trial 18 (2 in rep 4) data={'pos': np.int64(50), 'corr_resp': 'c', 'thisN': 18, 'thisTrialN': 2, 'thisRepN': 4}>
48.8641 	DATA 	Keypress: v
48.8782 	EXP 	fixation: autoDraw = False
48.8782 	EXP 	line1: autoDraw = False
48.8782 	EXP 	line2: autoDraw = False
48.8782 	EXP 	line3: autoDraw = False
48.8782 	EXP 	line4: autoDraw = False
48.8782 	EXP 	probe: autoDraw = False
48.8782 	EXP 	fixation: autoDraw = True
48.9621 	EXP 	Device response: <KeyPress from None: t=48.84890510002151, value=v, duration=0.10041059996001422>
49.8626 	EXP 	line1: autoDraw = True
49.8626 	EXP 	line2: autoDraw = True
49.8626 	EXP 	line3: autoDraw = True
49.8626 	EXP 	line4: autoDraw = True
49.8787 	EXP 	fixation: autoDraw = False
50.8627 	INFO 	Keyboard events cleared
50.8625 	EXP 	probe: autoDraw = True
51.1956 	EXP 	Device response: <KeyPress from None: t=51.18107009999221, value=c, duration=None>
51.1959 	EXP 	New trial (rep=4, index=3): <Trial 19 (3 in rep 4) data={'pos': np.int64(-150), 'corr_resp': 'z', 'thisN': 19, 'thisTrialN': 3, 'thisRepN': 4}>
51.1972 	DATA 	Keypress: c
51.2118 	EXP 	fixation: autoDraw = False
51.2118 	EXP 	line1: autoDraw = False
51.2118 	EXP 	line2: autoDraw = False
51.2118 	EXP 	line3: autoDraw = False
51.2118 	EXP 	line4: autoDraw = False
51.2118 	EXP 	probe: autoDraw = False
51.2118 	EXP 	fixation: autoDraw = True
51.2790 	EXP 	Device response: <KeyPress from None: t=51.18107009999221, value=c, duration=0.08767989999614656>
52.1953 	EXP 	line1: autoDraw = True
52.1953 	EXP 	line2: autoDraw = True
52.1953 	EXP 	line3: autoDraw = True
52.1953 	EXP 	line4: autoDraw = True
52.2128 	EXP 	fixation: autoDraw = False
53.1963 	INFO 	Keyboard events cleared
53.1961 	EXP 	probe: autoDraw = True
53.5298 	EXP 	Device response: <KeyPress from None: t=53.5268395000021, value=z, duration=None>
53.5302 	EXP 	New trial (rep=5, index=0): <Trial 20 (0 in rep 5) data={'pos': np.int64(-50), 'corr_resp': 'x', 'thisN': 20, 'thisTrialN': 0, 'thisRepN': 5}>
53.5314 	DATA 	Keypress: z
53.5441 	EXP 	fixation: autoDraw = False
53.5441 	EXP 	line1: autoDraw = False
53.5441 	EXP 	line2: autoDraw = False
53.5441 	EXP 	line3: autoDraw = False
53.5441 	EXP 	line4: autoDraw = False
53.5441 	EXP 	probe: autoDraw = False
53.5441 	EXP 	fixation: autoDraw = True
53.6459 	EXP 	Device response: <KeyPress from None: t=53.5268395000021, value=z, duration=0.11144499998772517>
54.5287 	EXP 	line1: autoDraw = True
54.5287 	EXP 	line2: autoDraw = True
54.5287 	EXP 	line3: autoDraw = True
54.5287 	EXP 	line4: autoDraw = True
54.5457 	EXP 	fixation: autoDraw = False
55.5296 	INFO 	Keyboard events cleared
55.5294 	EXP 	probe: autoDraw = True
55.8622 	EXP 	Device response: <KeyPress from None: t=55.85317760001635, value=x, duration=None>
55.8626 	EXP 	New trial (rep=5, index=1): <Trial 21 (1 in rep 5) data={'pos': np.int64(150), 'corr_resp': 'v', 'thisN': 21, 'thisTrialN': 1, 'thisRepN': 5}>
55.8639 	DATA 	Keypress: x
55.8778 	EXP 	fixation: autoDraw = False
55.8778 	EXP 	line1: autoDraw = False
55.8778 	EXP 	line2: autoDraw = False
55.8778 	EXP 	line3: autoDraw = False
55.8778 	EXP 	line4: autoDraw = False
55.8778 	EXP 	probe: autoDraw = False
55.8778 	EXP 	fixation: autoDraw = True
55.9793 	EXP 	Device response: <KeyPress from None: t=55.85317760001635, value=x, duration=0.11121999996248633>
56.8623 	EXP 	line1: autoDraw = True
56.8623 	EXP 	line2: autoDraw = True
56.8623 	EXP 	line3: autoDraw = True
56.8623 	EXP 	line4: autoDraw = True
56.8792 	EXP 	fixation: autoDraw = False
57.8629 	INFO 	Keyboard events cleared
57.8627 	EXP 	probe: autoDraw = True
58.1960 	EXP 	Device response: <KeyPress from None: t=58.192793200025335, value=v, duration=None>
58.1965 	EXP 	New trial (rep=5, index=2): <Trial 22 (2 in rep 5) data={'pos': np.int64(50), 'corr_resp': 'c', 'thisN': 22, 'thisTrialN': 2, 'thisRepN': 5}>
58.1977 	DATA 	Keypress: v
58.2120 	EXP 	fixation: autoDraw = False
58.2120 	EXP 	line1: autoDraw = False
58.2120 	EXP 	line2: autoDraw = False
58.2120 	EXP 	line3: autoDraw = False
58.2120 	EXP 	line4: autoDraw = False
58.2120 	EXP 	probe: autoDraw = False
58.2120 	EXP 	fixation: autoDraw = True
58.3117 	EXP 	Device response: <KeyPress from None: t=58.192793200025335, value=v, duration=0.10788659995887429>
59.1951 	EXP 	line1: autoDraw = True
59.1951 	EXP 	line2: autoDraw = True
59.1951 	EXP 	line3: autoDraw = True
59.1951 	EXP 	line4: autoDraw = True
59.2127 	EXP 	fixation: autoDraw = False
60.1954 	INFO 	Keyboard events cleared
60.1953 	EXP 	probe: autoDraw = True
60.5634 	EXP 	Device response: <KeyPress from None: t=60.560829899972305, value=c, duration=None>
60.5638 	EXP 	New trial (rep=5, index=3): <Trial 23 (3 in rep 5) data={'pos': np.int64(-150), 'corr_resp': 'z', 'thisN': 23, 'thisTrialN': 3, 'thisRepN': 5}>
60.5651 	DATA 	Keypress: c
60.5783 	EXP 	fixation: autoDraw = False
60.5783 	EXP 	line1: autoDraw = False
60.5783 	EXP 	line2: autoDraw = False
60.5783 	EXP 	line3: autoDraw = False
60.5783 	EXP 	line4: autoDraw = False
60.5783 	EXP 	probe: autoDraw = False
60.5783 	EXP 	fixation: autoDraw = True
60.6788 	EXP 	Device response: <KeyPress from None: t=60.560829899972305, value=c, duration=0.10734200000297278>
61.5622 	EXP 	line1: autoDraw = True
61.5622 	EXP 	line2: autoDraw = True
61.5622 	EXP 	line3: autoDraw = True
61.5622 	EXP 	line4: autoDraw = True
61.5790 	EXP 	fixation: autoDraw = False
62.5785 	INFO 	Keyboard events cleared
62.5784 	EXP 	probe: autoDraw = True
62.9624 	EXP 	Device response: <KeyPress from None: t=62.959787799976766, value=z, duration=None>
62.9627 	EXP 	New trial (rep=6, index=0): <Trial 24 (0 in rep 6) data={'pos': np.int64(-50), 'corr_resp': 'x', 'thisN': 24, 'thisTrialN': 0, 'thisRepN': 6}>
62.9639 	DATA 	Keypress: z
62.9777 	EXP 	fixation: autoDraw = False
62.9777 	EXP 	line1: autoDraw = False
62.9777 	EXP 	line2: autoDraw = False
62.9777 	EXP 	line3: autoDraw = False
62.9777 	EXP 	line4: autoDraw = False
62.9777 	EXP 	probe: autoDraw = False
62.9777 	EXP 	fixation: autoDraw = True
63.0952 	EXP 	Device response: <KeyPress from None: t=62.959787799976766, value=z, duration=0.12121710000792518>
63.9621 	EXP 	line1: autoDraw = True
63.9621 	EXP 	line2: autoDraw = True
63.9621 	EXP 	line3: autoDraw = True
63.9621 	EXP 	line4: autoDraw = True
63.9796 	EXP 	fixation: autoDraw = False
64.9631 	INFO 	Keyboard events cleared
64.9629 	EXP 	probe: autoDraw = True
65.4450 	EXP 	Device response: <KeyPress from None: t=65.4327202999848, value=x, duration=None>
65.4454 	EXP 	New trial (rep=6, index=1): <Trial 25 (1 in rep 6) data={'pos': np.int64(150), 'corr_resp': 'v', 'thisN': 25, 'thisTrialN': 1, 'thisRepN': 6}>
65.4468 	DATA 	Keypress: x
65.4625 	EXP 	fixation: autoDraw = False
65.4625 	EXP 	line1: autoDraw = False
65.4625 	EXP 	line2: autoDraw = False
65.4625 	EXP 	line3: autoDraw = False
65.4625 	EXP 	line4: autoDraw = False
65.4625 	EXP 	probe: autoDraw = False
65.4625 	EXP 	fixation: autoDraw = True
65.5447 	EXP 	Device response: <KeyPress from None: t=65.4327202999848, value=x, duration=0.10242740000830963>
66.4460 	EXP 	line1: autoDraw = True
66.4460 	EXP 	line2: autoDraw = True
66.4460 	EXP 	line3: autoDraw = True
66.4460 	EXP 	line4: autoDraw = True
66.4626 	EXP 	fixation: autoDraw = False
67.4459 	INFO 	Keyboard events cleared
67.4457 	EXP 	probe: autoDraw = True
67.9792 	EXP 	Device response: <KeyPress from None: t=67.96859230002156, value=v, duration=None>
67.9796 	EXP 	New trial (rep=6, index=2): <Trial 26 (2 in rep 6) data={'pos': np.int64(50), 'corr_resp': 'c', 'thisN': 26, 'thisTrialN': 2, 'thisRepN': 6}>
67.9807 	DATA 	Keypress: v
67.9964 	EXP 	fixation: autoDraw = False
67.9964 	EXP 	line1: autoDraw = False
67.9964 	EXP 	line2: autoDraw = False
67.9964 	EXP 	line3: autoDraw = False
67.9964 	EXP 	line4: autoDraw = False
67.9964 	EXP 	probe: autoDraw = False
67.9964 	EXP 	fixation: autoDraw = True
68.0793 	EXP 	Device response: <KeyPress from None: t=67.96859230002156, value=v, duration=0.1051366999745369>
68.9788 	EXP 	line1: autoDraw = True
68.9788 	EXP 	line2: autoDraw = True
68.9788 	EXP 	line3: autoDraw = True
68.9788 	EXP 	line4: autoDraw = True
68.9963 	EXP 	fixation: autoDraw = False
69.9778 	INFO 	Keyboard events cleared
69.9776 	EXP 	probe: autoDraw = True
70.3964 	EXP 	Device response: <KeyPress from None: t=70.39175990002695, value=c, duration=None>
70.3968 	EXP 	New trial (rep=6, index=3): <Trial 27 (3 in rep 6) data={'pos': np.int64(-150), 'corr_resp': 'z', 'thisN': 27, 'thisTrialN': 3, 'thisRepN': 6}>
70.3980 	DATA 	Keypress: c
70.4112 	EXP 	fixation: autoDraw = False
70.4112 	EXP 	line1: autoDraw = False
70.4112 	EXP 	line2: autoDraw = False
70.4112 	EXP 	line3: autoDraw = False
70.4112 	EXP 	line4: autoDraw = False
70.4112 	EXP 	probe: autoDraw = False
70.4112 	EXP 	fixation: autoDraw = True
70.4958 	EXP 	Device response: <KeyPress from None: t=70.39175990002695, value=c, duration=0.09153639996657148>
71.4128 	EXP 	fixation: autoDraw = False
71.4128 	EXP 	line1: autoDraw = True
71.4128 	EXP 	line2: autoDraw = True
71.4128 	EXP 	line3: autoDraw = True
71.4128 	EXP 	line4: autoDraw = True
72.3960 	INFO 	Keyboard events cleared
72.3958 	EXP 	probe: autoDraw = True
72.8623 	EXP 	Device response: <KeyPress from None: t=72.86031800002092, value=z, duration=None>
72.8626 	EXP 	New trial (rep=7, index=0): <Trial 28 (0 in rep 7) data={'pos': np.int64(-50), 'corr_resp': 'x', 'thisN': 28, 'thisTrialN': 0, 'thisRepN': 7}>
72.8638 	DATA 	Keypress: z
72.8781 	EXP 	fixation: autoDraw = False
72.8781 	EXP 	line1: autoDraw = False
72.8781 	EXP 	line2: autoDraw = False
72.8781 	EXP 	line3: autoDraw = False
72.8781 	EXP 	line4: autoDraw = False
72.8781 	EXP 	probe: autoDraw = False
72.8781 	EXP 	fixation: autoDraw = True
72.9631 	EXP 	Device response: <KeyPress from None: t=72.86031800002092, value=z, duration=0.09931709995726123>
73.8802 	EXP 	fixation: autoDraw = False
73.8802 	EXP 	line1: autoDraw = True
73.8802 	EXP 	line2: autoDraw = True
73.8802 	EXP 	line3: autoDraw = True
73.8802 	EXP 	line4: autoDraw = True
74.8633 	INFO 	Keyboard events cleared
74.8631 	EXP 	probe: autoDraw = True
75.2122 	EXP 	Device response: <KeyPress from None: t=75.2051942999824, value=x, duration=None>
75.2126 	EXP 	New trial (rep=7, index=1): <Trial 29 (1 in rep 7) data={'pos': np.int64(150), 'corr_resp': 'v', 'thisN': 29, 'thisTrialN': 1, 'thisRepN': 7}>
75.2137 	DATA 	Keypress: x
75.2295 	EXP 	fixation: autoDraw = False
75.2295 	EXP 	line1: autoDraw = False
75.2295 	EXP 	line2: autoDraw = False
75.2295 	EXP 	line3: autoDraw = False
75.2295 	EXP 	line4: autoDraw = False
75.2295 	EXP 	probe: autoDraw = False
75.2295 	EXP 	fixation: autoDraw = True
75.3287 	EXP 	Device response: <KeyPress from None: t=75.2051942999824, value=x, duration=0.11523749999469146>
76.2123 	EXP 	line1: autoDraw = True
76.2123 	EXP 	line2: autoDraw = True
76.2123 	EXP 	line3: autoDraw = True
76.2123 	EXP 	line4: autoDraw = True
76.2290 	EXP 	fixation: autoDraw = False
77.2125 	INFO 	Keyboard events cleared
77.2123 	EXP 	probe: autoDraw = True
77.5974 	EXP 	Device response: <KeyPress from None: t=77.58319009997649, value=v, duration=None>
77.5978 	EXP 	New trial (rep=7, index=2): <Trial 30 (2 in rep 7) data={'pos': np.int64(50), 'corr_resp': 'c', 'thisN': 30, 'thisTrialN': 2, 'thisRepN': 7}>
77.5994 	DATA 	Keypress: v
77.6118 	EXP 	fixation: autoDraw = False
77.6118 	EXP 	line1: autoDraw = False
77.6118 	EXP 	line2: autoDraw = False
77.6118 	EXP 	line3: autoDraw = False
77.6118 	EXP 	line4: autoDraw = False
77.6118 	EXP 	probe: autoDraw = False
77.6118 	EXP 	fixation: autoDraw = True
77.7123 	EXP 	Device response: <KeyPress from None: t=77.58319009997649, value=v, duration=0.1222393000498414>
78.6128 	EXP 	fixation: autoDraw = False
78.6128 	EXP 	line1: autoDraw = True
78.6128 	EXP 	line2: autoDraw = True
78.6128 	EXP 	line3: autoDraw = True
78.6128 	EXP 	line4: autoDraw = True
79.6119 	INFO 	Keyboard events cleared
79.6117 	EXP 	probe: autoDraw = True
79.9793 	EXP 	Device response: <KeyPress from None: t=79.96599649998825, value=c, duration=None>
79.9796 	EXP 	New trial (rep=7, index=3): <Trial 31 (3 in rep 7) data={'pos': np.int64(-150), 'corr_resp': 'z', 'thisN': 31, 'thisTrialN': 3, 'thisRepN': 7}>
79.9808 	DATA 	Keypress: c
79.9959 	EXP 	fixation: autoDraw = False
79.9959 	EXP 	line1: autoDraw = False
79.9959 	EXP 	line2: autoDraw = False
79.9959 	EXP 	line3: autoDraw = False
79.9959 	EXP 	line4: autoDraw = False
79.9959 	EXP 	probe: autoDraw = False
79.9959 	EXP 	fixation: autoDraw = True
80.0959 	EXP 	Device response: <KeyPress from None: t=79.96599649998825, value=c, duration=0.12162620003800839>
80.9780 	EXP 	line1: autoDraw = True
80.9780 	EXP 	line2: autoDraw = True
80.9780 	EXP 	line3: autoDraw = True
80.9780 	EXP 	line4: autoDraw = True
81.0131 	EXP 	fixation: autoDraw = False
81.9800 	INFO 	Keyboard events cleared
81.9798 	EXP 	probe: autoDraw = True
82.2637 	EXP 	Device response: <KeyPress from None: t=82.25642180000432, value=z, duration=None>
82.2643 	EXP 	New trial (rep=8, index=0): <Trial 32 (0 in rep 8) data={'pos': np.int64(-50), 'corr_resp': 'x', 'thisN': 32, 'thisTrialN': 0, 'thisRepN': 8}>
82.2656 	DATA 	Keypress: z
82.2780 	EXP 	fixation: autoDraw = False
82.2780 	EXP 	line1: autoDraw = False
82.2780 	EXP 	line2: autoDraw = False
82.2780 	EXP 	line3: autoDraw = False
82.2780 	EXP 	line4: autoDraw = False
82.2780 	EXP 	probe: autoDraw = False
82.2780 	EXP 	fixation: autoDraw = True
82.3805 	EXP 	Device response: <KeyPress from None: t=82.25642180000432, value=z, duration=0.11215020000236109>
83.2788 	EXP 	fixation: autoDraw = False
83.2788 	EXP 	line1: autoDraw = True
83.2788 	EXP 	line2: autoDraw = True
83.2788 	EXP 	line3: autoDraw = True
83.2788 	EXP 	line4: autoDraw = True
84.2624 	INFO 	Keyboard events cleared
84.2622 	EXP 	probe: autoDraw = True
84.5128 	EXP 	Device response: <KeyPress from None: t=84.50418719998561, value=x, duration=None>
84.5131 	EXP 	New trial (rep=8, index=1): <Trial 33 (1 in rep 8) data={'pos': np.int64(150), 'corr_resp': 'v', 'thisN': 33, 'thisTrialN': 1, 'thisRepN': 8}>
84.5143 	DATA 	Keypress: x
84.5300 	EXP 	fixation: autoDraw = False
84.5300 	EXP 	line1: autoDraw = False
84.5300 	EXP 	line2: autoDraw = False
84.5300 	EXP 	line3: autoDraw = False
84.5300 	EXP 	line4: autoDraw = False
84.5300 	EXP 	probe: autoDraw = False
84.5300 	EXP 	fixation: autoDraw = True
84.6799 	EXP 	Device response: <KeyPress from None: t=84.50418719998561, value=x, duration=0.17027020000386983>
85.5130 	EXP 	line1: autoDraw = True
85.5130 	EXP 	line2: autoDraw = True
85.5130 	EXP 	line3: autoDraw = True
85.5130 	EXP 	line4: autoDraw = True
85.5298 	EXP 	fixation: autoDraw = False
86.5133 	INFO 	Keyboard events cleared
86.5131 	EXP 	probe: autoDraw = True
86.8472 	EXP 	Device response: <KeyPress from None: t=86.8376989000244, value=v, duration=None>
86.8477 	EXP 	New trial (rep=8, index=2): <Trial 34 (2 in rep 8) data={'pos': np.int64(50), 'corr_resp': 'c', 'thisN': 34, 'thisTrialN': 2, 'thisRepN': 8}>
86.8491 	DATA 	Keypress: v
86.8612 	EXP 	fixation: autoDraw = False
86.8612 	EXP 	line1: autoDraw = False
86.8612 	EXP 	line2: autoDraw = False
86.8612 	EXP 	line3: autoDraw = False
86.8612 	EXP 	line4: autoDraw = False
86.8612 	EXP 	probe: autoDraw = False
86.8612 	EXP 	fixation: autoDraw = True
87.0627 	EXP 	Device response: <KeyPress from None: t=86.8376989000244, value=v, duration=0.21552669996162876>
87.8632 	EXP 	fixation: autoDraw = False
87.8632 	EXP 	line1: autoDraw = True
87.8632 	EXP 	line2: autoDraw = True
87.8632 	EXP 	line3: autoDraw = True
87.8632 	EXP 	line4: autoDraw = True
88.8630 	INFO 	Keyboard events cleared
88.8628 	EXP 	probe: autoDraw = True
89.1634 	EXP 	Device response: <KeyPress from None: t=89.1597194999922, value=c, duration=None>
89.1638 	EXP 	New trial (rep=8, index=3): <Trial 35 (3 in rep 8) data={'pos': np.int64(-150), 'corr_resp': 'z', 'thisN': 35, 'thisTrialN': 3, 'thisRepN': 8}>
89.1651 	DATA 	Keypress: c
89.1788 	EXP 	fixation: autoDraw = False
89.1788 	EXP 	line1: autoDraw = False
89.1788 	EXP 	line2: autoDraw = False
89.1788 	EXP 	line3: autoDraw = False
89.1788 	EXP 	line4: autoDraw = False
89.1788 	EXP 	probe: autoDraw = False
89.1788 	EXP 	fixation: autoDraw = True
89.3294 	EXP 	Device response: <KeyPress from None: t=89.1597194999922, value=c, duration=0.16115780000109226>
90.1622 	EXP 	line1: autoDraw = True
90.1622 	EXP 	line2: autoDraw = True
90.1622 	EXP 	line3: autoDraw = True
90.1622 	EXP 	line4: autoDraw = True
90.1799 	EXP 	fixation: autoDraw = False
91.1792 	INFO 	Keyboard events cleared
91.1790 	EXP 	probe: autoDraw = True
91.4794 	EXP 	Device response: <KeyPress from None: t=91.46680529997684, value=z, duration=None>
91.4801 	EXP 	New trial (rep=9, index=0): <Trial 36 (0 in rep 9) data={'pos': np.int64(-50), 'corr_resp': 'x', 'thisN': 36, 'thisTrialN': 0, 'thisRepN': 9}>
91.4819 	DATA 	Keypress: z
91.4958 	EXP 	fixation: autoDraw = False
91.4958 	EXP 	line1: autoDraw = False
91.4958 	EXP 	line2: autoDraw = False
91.4958 	EXP 	line3: autoDraw = False
91.4958 	EXP 	line4: autoDraw = False
91.4958 	EXP 	probe: autoDraw = False
91.4958 	EXP 	fixation: autoDraw = True
91.6469 	EXP 	Device response: <KeyPress from None: t=91.46680529997684, value=z, duration=0.17213830002583563>
92.4798 	EXP 	line1: autoDraw = True
92.4798 	EXP 	line2: autoDraw = True
92.4798 	EXP 	line3: autoDraw = True
92.4798 	EXP 	line4: autoDraw = True
92.4963 	EXP 	fixation: autoDraw = False
93.4802 	INFO 	Keyboard events cleared
93.4800 	EXP 	probe: autoDraw = True
93.7804 	EXP 	Device response: <KeyPress from None: t=93.77218929998344, value=x, duration=None>
93.7809 	EXP 	New trial (rep=9, index=1): <Trial 37 (1 in rep 9) data={'pos': np.int64(150), 'corr_resp': 'v', 'thisN': 37, 'thisTrialN': 1, 'thisRepN': 9}>
93.7824 	DATA 	Keypress: x
93.7948 	EXP 	fixation: autoDraw = False
93.7948 	EXP 	line1: autoDraw = False
93.7948 	EXP 	line2: autoDraw = False
93.7948 	EXP 	line3: autoDraw = False
93.7948 	EXP 	line4: autoDraw = False
93.7948 	EXP 	probe: autoDraw = False
93.7948 	EXP 	fixation: autoDraw = True
93.9140 	EXP 	Device response: <KeyPress from None: t=93.77218929998344, value=x, duration=0.12637610000092536>
94.7950 	EXP 	fixation: autoDraw = False
94.7950 	EXP 	line1: autoDraw = True
94.7950 	EXP 	line2: autoDraw = True
94.7950 	EXP 	line3: autoDraw = True
94.7950 	EXP 	line4: autoDraw = True
95.7955 	INFO 	Keyboard events cleared
95.7954 	EXP 	probe: autoDraw = True
96.1456 	EXP 	Device response: <KeyPress from None: t=96.13521959999343, value=v, duration=None>
96.1458 	EXP 	New trial (rep=9, index=2): <Trial 38 (2 in rep 9) data={'pos': np.int64(50), 'corr_resp': 'c', 'thisN': 38, 'thisTrialN': 2, 'thisRepN': 9}>
96.1466 	DATA 	Keypress: v
96.1612 	EXP 	fixation: autoDraw = False
96.1612 	EXP 	line1: autoDraw = False
96.1612 	EXP 	line2: autoDraw = False
96.1612 	EXP 	line3: autoDraw = False
96.1612 	EXP 	line4: autoDraw = False
96.1612 	EXP 	probe: autoDraw = False
96.1612 	EXP 	fixation: autoDraw = True
96.3282 	EXP 	Device response: <KeyPress from None: t=96.13521959999343, value=v, duration=0.19054480001796037>
97.1455 	EXP 	line1: autoDraw = True
97.1455 	EXP 	line2: autoDraw = True
97.1455 	EXP 	line3: autoDraw = True
97.1455 	EXP 	line4: autoDraw = True
97.1615 	EXP 	fixation: autoDraw = False
98.1447 	INFO 	Keyboard events cleared
98.1446 	EXP 	probe: autoDraw = True
98.5617 	EXP 	Device response: <KeyPress from None: t=98.54746999999043, value=c, duration=None>
98.5620 	EXP 	New trial (rep=9, index=3): <Trial 39 (3 in rep 9) data={'pos': np.int64(-150), 'corr_resp': 'z', 'thisN': 39, 'thisTrialN': 3, 'thisRepN': 9}>
98.5630 	DATA 	Keypress: c
98.5787 	EXP 	fixation: autoDraw = False
98.5787 	EXP 	line1: autoDraw = False
98.5787 	EXP 	line2: autoDraw = False
98.5787 	EXP 	line3: autoDraw = False
98.5787 	EXP 	line4: autoDraw = False
98.5787 	EXP 	probe: autoDraw = False
98.5787 	EXP 	fixation: autoDraw = True
98.7287 	EXP 	Device response: <KeyPress from None: t=98.54746999999043, value=c, duration=0.1767103000311181>
99.5611 	EXP 	line1: autoDraw = True
99.5611 	EXP 	line2: autoDraw = True
99.5611 	EXP 	line3: autoDraw = True
99.5611 	EXP 	line4: autoDraw = True
99.5786 	EXP 	fixation: autoDraw = False
100.5616 	INFO 	Keyboard events cleared
100.5615 	EXP 	probe: autoDraw = True
100.8456 	EXP 	Device response: <KeyPress from None: t=100.83042219997151, value=z, duration=None>
100.8459 	EXP 	New trial (rep=10, index=0): <Trial 40 (0 in rep 10) data={'pos': np.int64(-50), 'corr_resp': 'x', 'thisN': 40, 'thisTrialN': 0, 'thisRepN': 10}>
100.8472 	DATA 	Keypress: z
100.8620 	EXP 	fixation: autoDraw = False
100.8620 	EXP 	line1: autoDraw = False
100.8620 	EXP 	line2: autoDraw = False
100.8620 	EXP 	line3: autoDraw = False
100.8620 	EXP 	line4: autoDraw = False
100.8620 	EXP 	probe: autoDraw = False
100.8620 	EXP 	fixation: autoDraw = True
100.9953 	EXP 	Device response: <KeyPress from None: t=100.83042219997151, value=z, duration=0.1640944000100717>
101.8454 	EXP 	line1: autoDraw = True
101.8454 	EXP 	line2: autoDraw = True
101.8454 	EXP 	line3: autoDraw = True
101.8454 	EXP 	line4: autoDraw = True
101.8614 	EXP 	fixation: autoDraw = False
102.8446 	INFO 	Keyboard events cleared
102.8445 	EXP 	probe: autoDraw = True
103.0626 	EXP 	Device response: <KeyPress from None: t=103.05966680002166, value=x, duration=None>
103.0629 	EXP 	New trial (rep=10, index=1): <Trial 41 (1 in rep 10) data={'pos': np.int64(150), 'corr_resp': 'v', 'thisN': 41, 'thisTrialN': 1, 'thisRepN': 10}>
103.0637 	DATA 	Keypress: x
103.0782 	EXP 	fixation: autoDraw = False
103.0782 	EXP 	line1: autoDraw = False
103.0782 	EXP 	line2: autoDraw = False
103.0782 	EXP 	line3: autoDraw = False
103.0782 	EXP 	line4: autoDraw = False
103.0782 	EXP 	probe: autoDraw = False
103.0782 	EXP 	fixation: autoDraw = True
103.1623 	EXP 	Device response: <KeyPress from None: t=103.05966680002166, value=x, duration=0.09521030000178143>
104.0623 	EXP 	line1: autoDraw = True
104.0623 	EXP 	line2: autoDraw = True
104.0623 	EXP 	line3: autoDraw = True
104.0623 	EXP 	line4: autoDraw = True
104.0790 	EXP 	fixation: autoDraw = False
105.0782 	INFO 	Keyboard events cleared
105.0781 	EXP 	probe: autoDraw = True
105.4285 	EXP 	Device response: <KeyPress from None: t=105.42719409998972, value=v, duration=None>
105.4288 	EXP 	New trial (rep=10, index=2): <Trial 42 (2 in rep 10) data={'pos': np.int64(50), 'corr_resp': 'c', 'thisN': 42, 'thisTrialN': 2, 'thisRepN': 10}>
105.4299 	DATA 	Keypress: v
105.4446 	EXP 	fixation: autoDraw = False
105.4446 	EXP 	line1: autoDraw = False
105.4446 	EXP 	line2: autoDraw = False
105.4446 	EXP 	line3: autoDraw = False
105.4446 	EXP 	line4: autoDraw = False
105.4446 	EXP 	probe: autoDraw = False
105.4446 	EXP 	fixation: autoDraw = True
105.5624 	EXP 	Device response: <KeyPress from None: t=105.42719409998972, value=v, duration=0.1194167000357993>
106.4284 	EXP 	line1: autoDraw = True
106.4284 	EXP 	line2: autoDraw = True
106.4284 	EXP 	line3: autoDraw = True
106.4284 	EXP 	line4: autoDraw = True
106.4447 	EXP 	fixation: autoDraw = False
107.4283 	INFO 	Keyboard events cleared
107.4282 	EXP 	probe: autoDraw = True
107.6631 	EXP 	Device response: <KeyPress from None: t=107.6558640000294, value=c, duration=None>
107.6635 	EXP 	New trial (rep=10, index=3): <Trial 43 (3 in rep 10) data={'pos': np.int64(-150), 'corr_resp': 'z', 'thisN': 43, 'thisTrialN': 3, 'thisRepN': 10}>
107.6647 	DATA 	Keypress: c
107.6782 	EXP 	fixation: autoDraw = False
107.6782 	EXP 	line1: autoDraw = False
107.6782 	EXP 	line2: autoDraw = False
107.6782 	EXP 	line3: autoDraw = False
107.6782 	EXP 	line4: autoDraw = False
107.6782 	EXP 	probe: autoDraw = False
107.6782 	EXP 	fixation: autoDraw = True
107.7459 	EXP 	Device response: <KeyPress from None: t=107.6558640000294, value=c, duration=0.08072819997323677>
108.6613 	EXP 	line1: autoDraw = True
108.6613 	EXP 	line2: autoDraw = True
108.6613 	EXP 	line3: autoDraw = True
108.6613 	EXP 	line4: autoDraw = True
108.6780 	EXP 	fixation: autoDraw = False
109.6789 	INFO 	Keyboard events cleared
109.6787 	EXP 	probe: autoDraw = True
110.0289 	EXP 	Device response: <KeyPress from None: t=110.01352340000449, value=z, duration=None>
110.0292 	EXP 	New trial (rep=11, index=0): <Trial 44 (0 in rep 11) data={'pos': np.int64(-50), 'corr_resp': 'x', 'thisN': 44, 'thisTrialN': 0, 'thisRepN': 11}>
110.0304 	DATA 	Keypress: z
110.0456 	EXP 	fixation: autoDraw = False
110.0456 	EXP 	line1: autoDraw = False
110.0456 	EXP 	line2: autoDraw = False
110.0456 	EXP 	line3: autoDraw = False
110.0456 	EXP 	line4: autoDraw = False
110.0456 	EXP 	probe: autoDraw = False
110.0456 	EXP 	fixation: autoDraw = True
110.1289 	EXP 	Device response: <KeyPress from None: t=110.01352340000449, value=z, duration=0.11341310001444072>
111.0448 	EXP 	fixation: autoDraw = False
111.0448 	EXP 	line1: autoDraw = True
111.0448 	EXP 	line2: autoDraw = True
111.0448 	EXP 	line3: autoDraw = True
111.0448 	EXP 	line4: autoDraw = True
112.0291 	INFO 	Keyboard events cleared
112.0289 	EXP 	probe: autoDraw = True
112.3618 	EXP 	Device response: <KeyPress from None: t=112.35725910001202, value=x, duration=None>
112.3622 	EXP 	New trial (rep=11, index=1): <Trial 45 (1 in rep 11) data={'pos': np.int64(150), 'corr_resp': 'v', 'thisN': 45, 'thisTrialN': 1, 'thisRepN': 11}>
112.3633 	DATA 	Keypress: x
112.3788 	EXP 	fixation: autoDraw = False
112.3788 	EXP 	line1: autoDraw = False
112.3788 	EXP 	line2: autoDraw = False
112.3788 	EXP 	line3: autoDraw = False
112.3788 	EXP 	line4: autoDraw = False
112.3788 	EXP 	probe: autoDraw = False
112.3788 	EXP 	fixation: autoDraw = True
112.4619 	EXP 	Device response: <KeyPress from None: t=112.35725910001202, value=x, duration=0.0888042000005953>
113.3620 	EXP 	line1: autoDraw = True
113.3620 	EXP 	line2: autoDraw = True
113.3620 	EXP 	line3: autoDraw = True
113.3620 	EXP 	line4: autoDraw = True
113.3788 	EXP 	fixation: autoDraw = False
114.3623 	INFO 	Keyboard events cleared
114.3621 	EXP 	probe: autoDraw = True
114.6625 	EXP 	Device response: <KeyPress from None: t=114.65037149999989, value=v, duration=None>
114.6627 	EXP 	New trial (rep=11, index=2): <Trial 46 (2 in rep 11) data={'pos': np.int64(50), 'corr_resp': 'c', 'thisN': 46, 'thisTrialN': 2, 'thisRepN': 11}>
114.6638 	DATA 	Keypress: v
114.6790 	EXP 	fixation: autoDraw = False
114.6790 	EXP 	line1: autoDraw = False
114.6790 	EXP 	line2: autoDraw = False
114.6790 	EXP 	line3: autoDraw = False
114.6790 	EXP 	line4: autoDraw = False
114.6790 	EXP 	probe: autoDraw = False
114.6790 	EXP 	fixation: autoDraw = True
114.7453 	EXP 	Device response: <KeyPress from None: t=114.65037149999989, value=v, duration=0.08129609999014065>
115.6626 	EXP 	line1: autoDraw = True
115.6626 	EXP 	line2: autoDraw = True
115.6626 	EXP 	line3: autoDraw = True
115.6626 	EXP 	line4: autoDraw = True
115.6794 	EXP 	fixation: autoDraw = False
116.6635 	INFO 	Keyboard events cleared
116.6633 	EXP 	probe: autoDraw = True
116.9305 	EXP 	Device response: <KeyPress from None: t=116.92408800002886, value=c, duration=None>
116.9310 	EXP 	New trial (rep=11, index=3): <Trial 47 (3 in rep 11) data={'pos': np.int64(-150), 'corr_resp': 'z', 'thisN': 47, 'thisTrialN': 3, 'thisRepN': 11}>
116.9321 	DATA 	Keypress: c
116.9467 	EXP 	fixation: autoDraw = False
116.9467 	EXP 	line1: autoDraw = False
116.9467 	EXP 	line2: autoDraw = False
116.9467 	EXP 	line3: autoDraw = False
116.9467 	EXP 	line4: autoDraw = False
116.9467 	EXP 	probe: autoDraw = False
116.9467 	EXP 	fixation: autoDraw = True
116.9964 	EXP 	Device response: <KeyPress from None: t=116.92408800002886, value=c, duration=0.06859569996595383>
117.9297 	EXP 	line1: autoDraw = True
117.9297 	EXP 	line2: autoDraw = True
117.9297 	EXP 	line3: autoDraw = True
117.9297 	EXP 	line4: autoDraw = True
117.9463 	EXP 	fixation: autoDraw = False
118.9308 	INFO 	Keyboard events cleared
118.9306 	EXP 	probe: autoDraw = True
119.2131 	EXP 	Device response: <KeyPress from None: t=119.20725019997917, value=z, duration=None>
119.2136 	EXP 	New trial (rep=12, index=0): <Trial 48 (0 in rep 12) data={'pos': np.int64(-50), 'corr_resp': 'x', 'thisN': 48, 'thisTrialN': 0, 'thisRepN': 12}>
119.2152 	DATA 	Keypress: z
119.2288 	EXP 	fixation: autoDraw = False
119.2288 	EXP 	line1: autoDraw = False
119.2288 	EXP 	line2: autoDraw = False
119.2288 	EXP 	line3: autoDraw = False
119.2288 	EXP 	line4: autoDraw = False
119.2288 	EXP 	probe: autoDraw = False
119.2288 	EXP 	fixation: autoDraw = True
119.2811 	EXP 	Device response: <KeyPress from None: t=119.20725019997917, value=z, duration=0.0710646000225097>
120.2135 	EXP 	line1: autoDraw = True
120.2135 	EXP 	line2: autoDraw = True
120.2135 	EXP 	line3: autoDraw = True
120.2135 	EXP 	line4: autoDraw = True
120.2299 	EXP 	fixation: autoDraw = False
121.2134 	INFO 	Keyboard events cleared
121.2132 	EXP 	probe: autoDraw = True
121.5630 	EXP 	Device response: <KeyPress from None: t=121.55539649998536, value=x, duration=None>
121.5633 	EXP 	New trial (rep=12, index=1): <Trial 49 (1 in rep 12) data={'pos': np.int64(150), 'corr_resp': 'v', 'thisN': 49, 'thisTrialN': 1, 'thisRepN': 12}>
121.5648 	DATA 	Keypress: x
121.5793 	EXP 	fixation: autoDraw = False
121.5793 	EXP 	line1: autoDraw = False
121.5793 	EXP 	line2: autoDraw = False
121.5793 	EXP 	line3: autoDraw = False
121.5793 	EXP 	line4: autoDraw = False
121.5793 	EXP 	probe: autoDraw = False
121.5793 	EXP 	fixation: autoDraw = True
121.6303 	EXP 	Device response: <KeyPress from None: t=121.55539649998536, value=x, duration=0.07143599999835715>
122.5634 	EXP 	line1: autoDraw = True
122.5634 	EXP 	line2: autoDraw = True
122.5634 	EXP 	line3: autoDraw = True
122.5634 	EXP 	line4: autoDraw = True
122.5801 	EXP 	fixation: autoDraw = False
123.5632 	INFO 	Keyboard events cleared
123.5630 	EXP 	probe: autoDraw = True
124.1301 	EXP 	Device response: <KeyPress from None: t=124.1262714000186, value=v, duration=None>
124.1305 	EXP 	New trial (rep=12, index=2): <Trial 50 (2 in rep 12) data={'pos': np.int64(50), 'corr_resp': 'c', 'thisN': 50, 'thisTrialN': 2, 'thisRepN': 12}>
124.1317 	DATA 	Keypress: v
124.1462 	EXP 	fixation: autoDraw = False
124.1462 	EXP 	line1: autoDraw = False
124.1462 	EXP 	line2: autoDraw = False
124.1462 	EXP 	line3: autoDraw = False
124.1462 	EXP 	line4: autoDraw = False
124.1462 	EXP 	probe: autoDraw = False
124.1462 	EXP 	fixation: autoDraw = True
124.2302 	EXP 	Device response: <KeyPress from None: t=124.1262714000186, value=v, duration=0.0903668999671936>
125.1295 	EXP 	line1: autoDraw = True
125.1295 	EXP 	line2: autoDraw = True
125.1295 	EXP 	line3: autoDraw = True
125.1295 	EXP 	line4: autoDraw = True
125.1466 	EXP 	fixation: autoDraw = False
126.1308 	INFO 	Keyboard events cleared
126.1306 	EXP 	probe: autoDraw = True
126.7466 	EXP 	Device response: <KeyPress from None: t=126.73643330001505, value=c, duration=None>
126.7469 	EXP 	New trial (rep=12, index=3): <Trial 51 (3 in rep 12) data={'pos': np.int64(-150), 'corr_resp': 'z', 'thisN': 51, 'thisTrialN': 3, 'thisRepN': 12}>
126.7481 	DATA 	Keypress: c
126.7629 	EXP 	fixation: autoDraw = False
126.7629 	EXP 	line1: autoDraw = False
126.7629 	EXP 	line2: autoDraw = False
126.7629 	EXP 	line3: autoDraw = False
126.7629 	EXP 	line4: autoDraw = False
126.7629 	EXP 	probe: autoDraw = False
126.7629 	EXP 	fixation: autoDraw = True
126.8467 	EXP 	Device response: <KeyPress from None: t=126.73643330001505, value=c, duration=0.10769129998516291>
127.7473 	EXP 	line1: autoDraw = True
127.7473 	EXP 	line2: autoDraw = True
127.7473 	EXP 	line3: autoDraw = True
127.7473 	EXP 	line4: autoDraw = True
127.7631 	EXP 	fixation: autoDraw = False
128.7473 	INFO 	Keyboard events cleared
128.7471 	EXP 	probe: autoDraw = True
129.1138 	EXP 	Device response: <KeyPress from None: t=129.10623470001156, value=z, duration=None>
129.1143 	EXP 	New trial (rep=13, index=0): <Trial 52 (0 in rep 13) data={'pos': np.int64(-50), 'corr_resp': 'x', 'thisN': 52, 'thisTrialN': 0, 'thisRepN': 13}>
129.1161 	DATA 	Keypress: z
129.1287 	EXP 	fixation: autoDraw = False
129.1287 	EXP 	line1: autoDraw = False
129.1287 	EXP 	line2: autoDraw = False
129.1287 	EXP 	line3: autoDraw = False
129.1287 	EXP 	line4: autoDraw = False
129.1287 	EXP 	probe: autoDraw = False
129.1287 	EXP 	fixation: autoDraw = True
129.2139 	EXP 	Device response: <KeyPress from None: t=129.10623470001156, value=z, duration=0.09612880001077428>
130.1299 	EXP 	fixation: autoDraw = False
130.1299 	EXP 	line1: autoDraw = True
130.1299 	EXP 	line2: autoDraw = True
130.1299 	EXP 	line3: autoDraw = True
130.1299 	EXP 	line4: autoDraw = True
131.1292 	INFO 	Keyboard events cleared
131.1290 	EXP 	probe: autoDraw = True
131.4634 	EXP 	Device response: <KeyPress from None: t=131.44865199999185, value=x, duration=None>
131.4637 	EXP 	New trial (rep=13, index=1): <Trial 53 (1 in rep 13) data={'pos': np.int64(150), 'corr_resp': 'v', 'thisN': 53, 'thisTrialN': 1, 'thisRepN': 13}>
131.4649 	DATA 	Keypress: x
131.4795 	EXP 	fixation: autoDraw = False
131.4795 	EXP 	line1: autoDraw = False
131.4795 	EXP 	line2: autoDraw = False
131.4795 	EXP 	line3: autoDraw = False
131.4795 	EXP 	line4: autoDraw = False
131.4795 	EXP 	probe: autoDraw = False
131.4795 	EXP 	fixation: autoDraw = True
131.5627 	EXP 	Device response: <KeyPress from None: t=131.44865199999185, value=x, duration=0.1015678999829106>
132.4637 	EXP 	line1: autoDraw = True
132.4637 	EXP 	line2: autoDraw = True
132.4637 	EXP 	line3: autoDraw = True
132.4637 	EXP 	line4: autoDraw = True
132.4803 	EXP 	fixation: autoDraw = False
133.4631 	INFO 	Keyboard events cleared
133.4629 	EXP 	probe: autoDraw = True
133.7827 	DATA 	Keypress: v
133.7967 	EXP 	Device response: <KeyPress from None: t=133.7818769000005, value=v, duration=None>
133.7971 	EXP 	New trial (rep=13, index=2): <Trial 54 (2 in rep 13) data={'pos': np.int64(50), 'corr_resp': 'c', 'thisN': 54, 'thisTrialN': 2, 'thisRepN': 13}>
133.8138 	EXP 	fixation: autoDraw = False
133.8138 	EXP 	line1: autoDraw = False
133.8138 	EXP 	line2: autoDraw = False
133.8138 	EXP 	line3: autoDraw = False
133.8138 	EXP 	line4: autoDraw = False
133.8138 	EXP 	probe: autoDraw = False
133.8138 	EXP 	fixation: autoDraw = True
133.8976 	EXP 	Device response: <KeyPress from None: t=133.7818769000005, value=v, duration=0.0981867000227794>
134.7974 	EXP 	line1: autoDraw = True
134.7974 	EXP 	line2: autoDraw = True
134.7974 	EXP 	line3: autoDraw = True
134.7974 	EXP 	line4: autoDraw = True
134.8139 	EXP 	fixation: autoDraw = False
135.7976 	INFO 	Keyboard events cleared
135.7973 	EXP 	probe: autoDraw = True
136.0795 	EXP 	Device response: <KeyPress from None: t=136.07489260000875, value=c, duration=None>
136.0799 	EXP 	New trial (rep=13, index=3): <Trial 55 (3 in rep 13) data={'pos': np.int64(-150), 'corr_resp': 'z', 'thisN': 55, 'thisTrialN': 3, 'thisRepN': 13}>
136.0810 	DATA 	Keypress: c
136.0956 	EXP 	fixation: autoDraw = False
136.0956 	EXP 	line1: autoDraw = False
136.0956 	EXP 	line2: autoDraw = False
136.0956 	EXP 	line3: autoDraw = False
136.0956 	EXP 	line4: autoDraw = False
136.0956 	EXP 	probe: autoDraw = False
136.0956 	EXP 	fixation: autoDraw = True
136.1804 	EXP 	Device response: <KeyPress from None: t=136.07489260000875, value=c, duration=0.0907098000170663>
137.0807 	EXP 	line1: autoDraw = True
137.0807 	EXP 	line2: autoDraw = True
137.0807 	EXP 	line3: autoDraw = True
137.0807 	EXP 	line4: autoDraw = True
137.0965 	EXP 	fixation: autoDraw = False
138.0798 	INFO 	Keyboard events cleared
138.0796 	EXP 	probe: autoDraw = True
138.4132 	EXP 	Device response: <KeyPress from None: t=138.40321810002206, value=z, duration=None>
138.4135 	EXP 	New trial (rep=14, index=0): <Trial 56 (0 in rep 14) data={'pos': np.int64(-50), 'corr_resp': 'x', 'thisN': 56, 'thisTrialN': 0, 'thisRepN': 14}>
138.4147 	DATA 	Keypress: z
138.4305 	EXP 	fixation: autoDraw = False
138.4305 	EXP 	line1: autoDraw = False
138.4305 	EXP 	line2: autoDraw = False
138.4305 	EXP 	line3: autoDraw = False
138.4305 	EXP 	line4: autoDraw = False
138.4305 	EXP 	probe: autoDraw = False
138.4305 	EXP 	fixation: autoDraw = True
138.5130 	EXP 	Device response: <KeyPress from None: t=138.40321810002206, value=z, duration=0.10808889998588711>
139.4141 	EXP 	line1: autoDraw = True
139.4141 	EXP 	line2: autoDraw = True
139.4141 	EXP 	line3: autoDraw = True
139.4141 	EXP 	line4: autoDraw = True
139.4300 	EXP 	fixation: autoDraw = False
140.4137 	INFO 	Keyboard events cleared
140.4135 	EXP 	probe: autoDraw = True
140.7183 	EXP 	Device response: <KeyPress from None: t=140.7176837999723, value=x, duration=None>
140.7187 	EXP 	New trial (rep=14, index=1): <Trial 57 (1 in rep 14) data={'pos': np.int64(150), 'corr_resp': 'v', 'thisN': 57, 'thisTrialN': 1, 'thisRepN': 14}>
140.7199 	DATA 	Keypress: x
140.7279 	EXP 	fixation: autoDraw = False
140.7279 	EXP 	line1: autoDraw = False
140.7279 	EXP 	line2: autoDraw = False
140.7279 	EXP 	line3: autoDraw = False
140.7279 	EXP 	line4: autoDraw = False
140.7279 	EXP 	probe: autoDraw = False
140.7279 	EXP 	fixation: autoDraw = True
140.8139 	EXP 	Device response: <KeyPress from None: t=140.7176837999723, value=x, duration=0.09305690001929179>
141.7308 	EXP 	fixation: autoDraw = False
141.7308 	EXP 	line1: autoDraw = True
141.7308 	EXP 	line2: autoDraw = True
141.7308 	EXP 	line3: autoDraw = True
141.7308 	EXP 	line4: autoDraw = True
142.7303 	INFO 	Keyboard events cleared
142.7301 	EXP 	probe: autoDraw = True
143.1327 	DATA 	Keypress: v
143.1479 	EXP 	Device response: <KeyPress from None: t=143.13142400002107, value=v, duration=None>
143.1484 	EXP 	New trial (rep=14, index=2): <Trial 58 (2 in rep 14) data={'pos': np.int64(50), 'corr_resp': 'c', 'thisN': 58, 'thisTrialN': 2, 'thisRepN': 14}>
143.1622 	EXP 	fixation: autoDraw = False
143.1622 	EXP 	line1: autoDraw = False
143.1622 	EXP 	line2: autoDraw = False
143.1622 	EXP 	line3: autoDraw = False
143.1622 	EXP 	line4: autoDraw = False
143.1622 	EXP 	probe: autoDraw = False
143.1622 	EXP 	fixation: autoDraw = True
143.2303 	EXP 	Device response: <KeyPress from None: t=143.13142400002107, value=v, duration=0.08488379995105788>
144.1638 	EXP 	fixation: autoDraw = False
144.1638 	EXP 	line1: autoDraw = True
144.1638 	EXP 	line2: autoDraw = True
144.1638 	EXP 	line3: autoDraw = True
144.1638 	EXP 	line4: autoDraw = True
145.1640 	INFO 	Keyboard events cleared
145.1637 	EXP 	probe: autoDraw = True
145.6802 	EXP 	Device response: <KeyPress from None: t=145.67193000001134, value=c, duration=None>
145.6806 	EXP 	New trial (rep=14, index=3): <Trial 59 (3 in rep 14) data={'pos': np.int64(-150), 'corr_resp': 'z', 'thisN': 59, 'thisTrialN': 3, 'thisRepN': 14}>
145.6818 	DATA 	Keypress: c
145.6963 	EXP 	fixation: autoDraw = False
145.6963 	EXP 	line1: autoDraw = False
145.6963 	EXP 	line2: autoDraw = False
145.6963 	EXP 	line3: autoDraw = False
145.6963 	EXP 	line4: autoDraw = False
145.6963 	EXP 	probe: autoDraw = False
145.6963 	EXP 	fixation: autoDraw = True
145.7970 	EXP 	Device response: <KeyPress from None: t=145.67193000001134, value=c, duration=0.11151580000296235>
146.6794 	EXP 	line1: autoDraw = True
146.6794 	EXP 	line2: autoDraw = True
146.6794 	EXP 	line3: autoDraw = True
146.6794 	EXP 	line4: autoDraw = True
146.6957 	EXP 	fixation: autoDraw = False
147.6810 	INFO 	Keyboard events cleared
147.6807 	EXP 	probe: autoDraw = True
148.0975 	EXP 	Device response: <KeyPress from None: t=148.08657959999982, value=z, duration=None>
148.0979 	EXP 	New trial (rep=15, index=0): <Trial 60 (0 in rep 15) data={'pos': np.int64(-50), 'corr_resp': 'x', 'thisN': 60, 'thisTrialN': 0, 'thisRepN': 15}>
148.0996 	DATA 	Keypress: z
148.1131 	EXP 	fixation: autoDraw = False
148.1131 	EXP 	line1: autoDraw = False
148.1131 	EXP 	line2: autoDraw = False
148.1131 	EXP 	line3: autoDraw = False
148.1131 	EXP 	line4: autoDraw = False
148.1131 	EXP 	probe: autoDraw = False
148.1131 	EXP 	fixation: autoDraw = True
148.2135 	EXP 	Device response: <KeyPress from None: t=148.08657959999982, value=z, duration=0.11636059999000281>
149.0976 	EXP 	line1: autoDraw = True
149.0976 	EXP 	line2: autoDraw = True
149.0976 	EXP 	line3: autoDraw = True
149.0976 	EXP 	line4: autoDraw = True
149.1137 	EXP 	fixation: autoDraw = False
150.1143 	INFO 	Keyboard events cleared
150.1141 	EXP 	probe: autoDraw = True
150.5001 	DATA 	Keypress: x
150.5131 	EXP 	Device response: <KeyPress from None: t=150.49940149998292, value=x, duration=None>
150.5137 	EXP 	New trial (rep=15, index=1): <Trial 61 (1 in rep 15) data={'pos': np.int64(150), 'corr_resp': 'v', 'thisN': 61, 'thisTrialN': 1, 'thisRepN': 15}>
150.5295 	EXP 	fixation: autoDraw = False
150.5295 	EXP 	line1: autoDraw = False
150.5295 	EXP 	line2: autoDraw = False
150.5295 	EXP 	line3: autoDraw = False
150.5295 	EXP 	line4: autoDraw = False
150.5295 	EXP 	probe: autoDraw = False
150.5295 	EXP 	fixation: autoDraw = True
150.6307 	EXP 	Device response: <KeyPress from None: t=150.49940149998292, value=x, duration=0.12203900003805757>
151.5139 	EXP 	line1: autoDraw = True
151.5139 	EXP 	line2: autoDraw = True
151.5139 	EXP 	line3: autoDraw = True
151.5139 	EXP 	line4: autoDraw = True
151.5305 	EXP 	fixation: autoDraw = False
152.5133 	INFO 	Keyboard events cleared
152.5131 	EXP 	probe: autoDraw = True
152.8973 	EXP 	Device response: <KeyPress from None: t=152.8835679999902, value=v, duration=None>
152.8977 	EXP 	New trial (rep=15, index=2): <Trial 62 (2 in rep 15) data={'pos': np.int64(50), 'corr_resp': 'c', 'thisN': 62, 'thisTrialN': 2, 'thisRepN': 15}>
152.8988 	DATA 	Keypress: v
152.9125 	EXP 	fixation: autoDraw = False
152.9125 	EXP 	line1: autoDraw = False
152.9125 	EXP 	line2: autoDraw = False
152.9125 	EXP 	line3: autoDraw = False
152.9125 	EXP 	line4: autoDraw = False
152.9125 	EXP 	probe: autoDraw = False
152.9125 	EXP 	fixation: autoDraw = True
152.9634 	EXP 	Device response: <KeyPress from None: t=152.8835679999902, value=v, duration=0.07178659999044612>
153.9135 	EXP 	fixation: autoDraw = False
153.9135 	EXP 	line1: autoDraw = True
153.9135 	EXP 	line2: autoDraw = True
153.9135 	EXP 	line3: autoDraw = True
153.9135 	EXP 	line4: autoDraw = True
154.8975 	INFO 	Keyboard events cleared
154.8973 	EXP 	probe: autoDraw = True
155.5330 	DATA 	Keypress: c
155.5470 	EXP 	Device response: <KeyPress from None: t=155.53194660000736, value=c, duration=None>
155.5474 	EXP 	New trial (rep=15, index=3): <Trial 63 (3 in rep 15) data={'pos': np.int64(-150), 'corr_resp': 'z', 'thisN': 63, 'thisTrialN': 3, 'thisRepN': 15}>
155.5632 	EXP 	fixation: autoDraw = False
155.5632 	EXP 	line1: autoDraw = False
155.5632 	EXP 	line2: autoDraw = False
155.5632 	EXP 	line3: autoDraw = False
155.5632 	EXP 	line4: autoDraw = False
155.5632 	EXP 	probe: autoDraw = False
155.5632 	EXP 	fixation: autoDraw = True
155.6310 	EXP 	Device response: <KeyPress from None: t=155.53194660000736, value=c, duration=0.09358819999033585>
156.5471 	EXP 	line1: autoDraw = True
156.5471 	EXP 	line2: autoDraw = True
156.5471 	EXP 	line3: autoDraw = True
156.5471 	EXP 	line4: autoDraw = True
156.5643 	EXP 	fixation: autoDraw = False
157.5462 	INFO 	Keyboard events cleared
157.5459 	EXP 	probe: autoDraw = True
158.0811 	EXP 	Device response: <KeyPress from None: t=158.07370690000243, value=z, duration=None>
158.0815 	EXP 	New trial (rep=16, index=0): <Trial 64 (0 in rep 16) data={'pos': np.int64(-50), 'corr_resp': 'x', 'thisN': 64, 'thisTrialN': 0, 'thisRepN': 16}>
158.0828 	DATA 	Keypress: z
158.0958 	EXP 	fixation: autoDraw = False
158.0958 	EXP 	line1: autoDraw = False
158.0958 	EXP 	line2: autoDraw = False
158.0958 	EXP 	line3: autoDraw = False
158.0958 	EXP 	line4: autoDraw = False
158.0958 	EXP 	probe: autoDraw = False
158.0958 	EXP 	fixation: autoDraw = True
158.1973 	EXP 	Device response: <KeyPress from None: t=158.07370690000243, value=z, duration=0.12186179996933788>
159.0793 	EXP 	line1: autoDraw = True
159.0793 	EXP 	line2: autoDraw = True
159.0793 	EXP 	line3: autoDraw = True
159.0793 	EXP 	line4: autoDraw = True
159.0976 	EXP 	fixation: autoDraw = False
160.0807 	INFO 	Keyboard events cleared
160.0805 	EXP 	probe: autoDraw = True
160.4821 	DATA 	Keypress: x
160.4973 	EXP 	Device response: <KeyPress from None: t=160.48048959998414, value=x, duration=None>
160.4977 	EXP 	New trial (rep=16, index=1): <Trial 65 (1 in rep 16) data={'pos': np.int64(150), 'corr_resp': 'v', 'thisN': 65, 'thisTrialN': 1, 'thisRepN': 16}>
160.5126 	EXP 	fixation: autoDraw = False
160.5126 	EXP 	line1: autoDraw = False
160.5126 	EXP 	line2: autoDraw = False
160.5126 	EXP 	line3: autoDraw = False
160.5126 	EXP 	line4: autoDraw = False
160.5126 	EXP 	probe: autoDraw = False
160.5126 	EXP 	fixation: autoDraw = True
160.5807 	EXP 	Device response: <KeyPress from None: t=160.48048959998414, value=x, duration=0.09371450002072379>
161.4958 	EXP 	line1: autoDraw = True
161.4958 	EXP 	line2: autoDraw = True
161.4958 	EXP 	line3: autoDraw = True
161.4958 	EXP 	line4: autoDraw = True
161.5143 	EXP 	fixation: autoDraw = False
162.5146 	INFO 	Keyboard events cleared
162.5144 	EXP 	probe: autoDraw = True
162.8317 	EXP 	Device response: <KeyPress from None: t=162.8242699999828, value=v, duration=None>
162.8321 	EXP 	New trial (rep=16, index=2): <Trial 66 (2 in rep 16) data={'pos': np.int64(50), 'corr_resp': 'c', 'thisN': 66, 'thisTrialN': 2, 'thisRepN': 16}>
162.8333 	DATA 	Keypress: v
162.8466 	EXP 	fixation: autoDraw = False
162.8466 	EXP 	line1: autoDraw = False
162.8466 	EXP 	line2: autoDraw = False
162.8466 	EXP 	line3: autoDraw = False
162.8466 	EXP 	line4: autoDraw = False
162.8466 	EXP 	probe: autoDraw = False
162.8466 	EXP 	fixation: autoDraw = True
162.9308 	EXP 	Device response: <KeyPress from None: t=162.8242699999828, value=v, duration=0.10130310000386089>
163.8474 	EXP 	fixation: autoDraw = False
163.8474 	EXP 	line1: autoDraw = True
163.8474 	EXP 	line2: autoDraw = True
163.8474 	EXP 	line3: autoDraw = True
163.8474 	EXP 	line4: autoDraw = True
164.8473 	INFO 	Keyboard events cleared
164.8471 	EXP 	probe: autoDraw = True
165.4145 	EXP 	Device response: <KeyPress from None: t=165.3995472000097, value=c, duration=None>
165.4149 	EXP 	New trial (rep=16, index=3): <Trial 67 (3 in rep 16) data={'pos': np.int64(-150), 'corr_resp': 'z', 'thisN': 67, 'thisTrialN': 3, 'thisRepN': 16}>
165.4160 	DATA 	Keypress: c
165.4302 	EXP 	fixation: autoDraw = False
165.4302 	EXP 	line1: autoDraw = False
165.4302 	EXP 	line2: autoDraw = False
165.4302 	EXP 	line3: autoDraw = False
165.4302 	EXP 	line4: autoDraw = False
165.4302 	EXP 	probe: autoDraw = False
165.4302 	EXP 	fixation: autoDraw = True
165.4982 	EXP 	Device response: <KeyPress from None: t=165.3995472000097, value=c, duration=0.09189159999368712>
166.4137 	EXP 	line1: autoDraw = True
166.4137 	EXP 	line2: autoDraw = True
166.4137 	EXP 	line3: autoDraw = True
166.4137 	EXP 	line4: autoDraw = True
166.4308 	EXP 	fixation: autoDraw = False
167.4312 	INFO 	Keyboard events cleared
167.4310 	EXP 	probe: autoDraw = True
167.7813 	EXP 	Device response: <KeyPress from None: t=167.77896119997604, value=z, duration=None>
167.7816 	EXP 	New trial (rep=17, index=0): <Trial 68 (0 in rep 17) data={'pos': np.int64(-50), 'corr_resp': 'x', 'thisN': 68, 'thisTrialN': 0, 'thisRepN': 17}>
167.7828 	DATA 	Keypress: z
167.7966 	EXP 	fixation: autoDraw = False
167.7966 	EXP 	line1: autoDraw = False
167.7966 	EXP 	line2: autoDraw = False
167.7966 	EXP 	line3: autoDraw = False
167.7966 	EXP 	line4: autoDraw = False
167.7966 	EXP 	probe: autoDraw = False
167.7966 	EXP 	fixation: autoDraw = True
167.8970 	EXP 	Device response: <KeyPress from None: t=167.77896119997604, value=z, duration=0.11621180002111942>
168.7806 	EXP 	line1: autoDraw = True
168.7806 	EXP 	line2: autoDraw = True
168.7806 	EXP 	line3: autoDraw = True
168.7806 	EXP 	line4: autoDraw = True
168.7974 	EXP 	fixation: autoDraw = False
169.7809 	INFO 	Keyboard events cleared
169.7807 	EXP 	probe: autoDraw = True
170.1167 	DATA 	Keypress: x
170.1315 	EXP 	Device response: <KeyPress from None: t=170.11566559999483, value=x, duration=None>
170.1319 	EXP 	New trial (rep=17, index=1): <Trial 69 (1 in rep 17) data={'pos': np.int64(150), 'corr_resp': 'v', 'thisN': 69, 'thisTrialN': 1, 'thisRepN': 17}>
170.1459 	EXP 	fixation: autoDraw = False
170.1459 	EXP 	line1: autoDraw = False
170.1459 	EXP 	line2: autoDraw = False
170.1459 	EXP 	line3: autoDraw = False
170.1459 	EXP 	line4: autoDraw = False
170.1459 	EXP 	probe: autoDraw = False
170.1459 	EXP 	fixation: autoDraw = True
170.2316 	EXP 	Device response: <KeyPress from None: t=170.11566559999483, value=x, duration=0.11212860001251101>
171.1309 	EXP 	line1: autoDraw = True
171.1309 	EXP 	line2: autoDraw = True
171.1309 	EXP 	line3: autoDraw = True
171.1309 	EXP 	line4: autoDraw = True
171.1475 	EXP 	fixation: autoDraw = False
172.1478 	INFO 	Keyboard events cleared
172.1476 	EXP 	probe: autoDraw = True
172.5142 	EXP 	Device response: <KeyPress from None: t=172.50152450002497, value=v, duration=None>
172.5146 	EXP 	New trial (rep=17, index=2): <Trial 70 (2 in rep 17) data={'pos': np.int64(50), 'corr_resp': 'c', 'thisN': 70, 'thisTrialN': 2, 'thisRepN': 17}>
172.5158 	DATA 	Keypress: v
172.5308 	EXP 	fixation: autoDraw = False
172.5308 	EXP 	line1: autoDraw = False
172.5308 	EXP 	line2: autoDraw = False
172.5308 	EXP 	line3: autoDraw = False
172.5308 	EXP 	line4: autoDraw = False
172.5308 	EXP 	probe: autoDraw = False
172.5308 	EXP 	fixation: autoDraw = True
172.6143 	EXP 	Device response: <KeyPress from None: t=172.50152450002497, value=v, duration=0.11191340000368655>
173.5145 	EXP 	line1: autoDraw = True
173.5145 	EXP 	line2: autoDraw = True
173.5145 	EXP 	line3: autoDraw = True
173.5145 	EXP 	line4: autoDraw = True
173.5301 	EXP 	fixation: autoDraw = False
174.5148 	INFO 	Keyboard events cleared
174.5146 	EXP 	probe: autoDraw = True
174.7634 	EXP 	Device response: <KeyPress from None: t=174.75317849998828, value=c, duration=None>
174.7638 	EXP 	New trial (rep=17, index=3): <Trial 71 (3 in rep 17) data={'pos': np.int64(-150), 'corr_resp': 'z', 'thisN': 71, 'thisTrialN': 3, 'thisRepN': 17}>
174.7649 	DATA 	Keypress: c
174.7812 	EXP 	fixation: autoDraw = False
174.7812 	EXP 	line1: autoDraw = False
174.7812 	EXP 	line2: autoDraw = False
174.7812 	EXP 	line3: autoDraw = False
174.7812 	EXP 	line4: autoDraw = False
174.7812 	EXP 	probe: autoDraw = False
174.7812 	EXP 	fixation: autoDraw = True
174.8307 	EXP 	Device response: <KeyPress from None: t=174.75317849998828, value=c, duration=0.07305730000371113>
175.7642 	EXP 	line1: autoDraw = True
175.7642 	EXP 	line2: autoDraw = True
175.7642 	EXP 	line3: autoDraw = True
175.7642 	EXP 	line4: autoDraw = True
175.7810 	EXP 	fixation: autoDraw = False
176.7645 	INFO 	Keyboard events cleared
176.7643 	EXP 	probe: autoDraw = True
177.0147 	EXP 	Device response: <KeyPress from None: t=177.00733649998438, value=z, duration=None>
177.0151 	EXP 	New trial (rep=18, index=0): <Trial 72 (0 in rep 18) data={'pos': np.int64(-50), 'corr_resp': 'x', 'thisN': 72, 'thisTrialN': 0, 'thisRepN': 18}>
177.0163 	DATA 	Keypress: z
177.0299 	EXP 	fixation: autoDraw = False
177.0299 	EXP 	line1: autoDraw = False
177.0299 	EXP 	line2: autoDraw = False
177.0299 	EXP 	line3: autoDraw = False
177.0299 	EXP 	line4: autoDraw = False
177.0299 	EXP 	probe: autoDraw = False
177.0299 	EXP 	fixation: autoDraw = True
177.1149 	EXP 	Device response: <KeyPress from None: t=177.00733649998438, value=z, duration=0.0916290000313893>
178.0308 	EXP 	fixation: autoDraw = False
178.0308 	EXP 	line1: autoDraw = True
178.0308 	EXP 	line2: autoDraw = True
178.0308 	EXP 	line3: autoDraw = True
178.0308 	EXP 	line4: autoDraw = True
179.0304 	INFO 	Keyboard events cleared
179.0302 	EXP 	probe: autoDraw = True
179.3476 	EXP 	Device response: <KeyPress from None: t=179.34596890001558, value=x, duration=None>
179.3480 	EXP 	New trial (rep=18, index=1): <Trial 73 (1 in rep 18) data={'pos': np.int64(150), 'corr_resp': 'v', 'thisN': 73, 'thisTrialN': 1, 'thisRepN': 18}>
179.3491 	DATA 	Keypress: x
179.3635 	EXP 	fixation: autoDraw = False
179.3635 	EXP 	line1: autoDraw = False
179.3635 	EXP 	line2: autoDraw = False
179.3635 	EXP 	line3: autoDraw = False
179.3635 	EXP 	line4: autoDraw = False
179.3635 	EXP 	probe: autoDraw = False
179.3635 	EXP 	fixation: autoDraw = True
179.3981 	EXP 	Device response: <KeyPress from None: t=179.34596890001558, value=x, duration=0.041263599996455014>
180.3479 	EXP 	line1: autoDraw = True
180.3479 	EXP 	line2: autoDraw = True
180.3479 	EXP 	line3: autoDraw = True
180.3479 	EXP 	line4: autoDraw = True
180.3646 	EXP 	fixation: autoDraw = False
181.3481 	INFO 	Keyboard events cleared
181.3479 	EXP 	probe: autoDraw = True
181.6810 	EXP 	Device response: <KeyPress from None: t=181.67812280001817, value=v, duration=None>
181.6815 	EXP 	New trial (rep=18, index=2): <Trial 74 (2 in rep 18) data={'pos': np.int64(50), 'corr_resp': 'c', 'thisN': 74, 'thisTrialN': 2, 'thisRepN': 18}>
181.6827 	DATA 	Keypress: v
181.6967 	EXP 	fixation: autoDraw = False
181.6967 	EXP 	line1: autoDraw = False
181.6967 	EXP 	line2: autoDraw = False
181.6967 	EXP 	line3: autoDraw = False
181.6967 	EXP 	line4: autoDraw = False
181.6967 	EXP 	probe: autoDraw = False
181.6967 	EXP 	fixation: autoDraw = True
181.7646 	EXP 	Device response: <KeyPress from None: t=181.67812280001817, value=v, duration=0.08085099997697398>
182.6814 	EXP 	line1: autoDraw = True
182.6814 	EXP 	line2: autoDraw = True
182.6814 	EXP 	line3: autoDraw = True
182.6814 	EXP 	line4: autoDraw = True
182.6980 	EXP 	fixation: autoDraw = False
183.6818 	INFO 	Keyboard events cleared
183.6816 	EXP 	probe: autoDraw = True
183.9142 	EXP 	Device response: <KeyPress from None: t=183.90654380002525, value=c, duration=None>
183.9146 	EXP 	New trial (rep=18, index=3): <Trial 75 (3 in rep 18) data={'pos': np.int64(-150), 'corr_resp': 'z', 'thisN': 75, 'thisTrialN': 3, 'thisRepN': 18}>
183.9157 	DATA 	Keypress: c
183.9311 	EXP 	fixation: autoDraw = False
183.9311 	EXP 	line1: autoDraw = False
183.9311 	EXP 	line2: autoDraw = False
183.9311 	EXP 	line3: autoDraw = False
183.9311 	EXP 	line4: autoDraw = False
183.9311 	EXP 	probe: autoDraw = False
183.9311 	EXP 	fixation: autoDraw = True
184.0144 	EXP 	Device response: <KeyPress from None: t=183.90654380002525, value=c, duration=0.09120709996204823>
184.9145 	EXP 	line1: autoDraw = True
184.9145 	EXP 	line2: autoDraw = True
184.9145 	EXP 	line3: autoDraw = True
184.9145 	EXP 	line4: autoDraw = True
184.9310 	EXP 	fixation: autoDraw = False
185.9145 	INFO 	Keyboard events cleared
185.9143 	EXP 	probe: autoDraw = True
186.1480 	EXP 	Device response: <KeyPress from None: t=186.139619100024, value=z, duration=None>
186.1486 	EXP 	New trial (rep=19, index=0): <Trial 76 (0 in rep 19) data={'pos': np.int64(-50), 'corr_resp': 'x', 'thisN': 76, 'thisTrialN': 0, 'thisRepN': 19}>
186.1500 	DATA 	Keypress: z
186.1636 	EXP 	fixation: autoDraw = False
186.1636 	EXP 	line1: autoDraw = False
186.1636 	EXP 	line2: autoDraw = False
186.1636 	EXP 	line3: autoDraw = False
186.1636 	EXP 	line4: autoDraw = False
186.1636 	EXP 	probe: autoDraw = False
186.1636 	EXP 	fixation: autoDraw = True
186.2315 	EXP 	Device response: <KeyPress from None: t=186.139619100024, value=z, duration=0.08578429999761283>
187.1480 	EXP 	line1: autoDraw = True
187.1480 	EXP 	line2: autoDraw = True
187.1480 	EXP 	line3: autoDraw = True
187.1480 	EXP 	line4: autoDraw = True
187.1648 	EXP 	fixation: autoDraw = False
188.1482 	INFO 	Keyboard events cleared
188.1480 	EXP 	probe: autoDraw = True
188.4154 	EXP 	Device response: <KeyPress from None: t=188.40749439998763, value=x, duration=None>
188.4159 	EXP 	New trial (rep=19, index=1): <Trial 77 (1 in rep 19) data={'pos': np.int64(150), 'corr_resp': 'v', 'thisN': 77, 'thisTrialN': 1, 'thisRepN': 19}>
188.4170 	DATA 	Keypress: x
188.4309 	EXP 	fixation: autoDraw = False
188.4309 	EXP 	line1: autoDraw = False
188.4309 	EXP 	line2: autoDraw = False
188.4309 	EXP 	line3: autoDraw = False
188.4309 	EXP 	line4: autoDraw = False
188.4309 	EXP 	probe: autoDraw = False
188.4309 	EXP 	fixation: autoDraw = True
188.4980 	EXP 	Device response: <KeyPress from None: t=188.40749439998763, value=x, duration=0.07810189999872819>
189.4307 	EXP 	fixation: autoDraw = False
189.4307 	EXP 	line1: autoDraw = True
189.4307 	EXP 	line2: autoDraw = True
189.4307 	EXP 	line3: autoDraw = True
189.4307 	EXP 	line4: autoDraw = True
190.4314 	INFO 	Keyboard events cleared
190.4312 	EXP 	probe: autoDraw = True
190.6648 	EXP 	Device response: <KeyPress from None: t=190.65521990001434, value=v, duration=None>
190.6654 	EXP 	New trial (rep=19, index=2): <Trial 78 (2 in rep 19) data={'pos': np.int64(50), 'corr_resp': 'c', 'thisN': 78, 'thisTrialN': 2, 'thisRepN': 19}>
190.6669 	DATA 	Keypress: v
190.6810 	EXP 	fixation: autoDraw = False
190.6810 	EXP 	line1: autoDraw = False
190.6810 	EXP 	line2: autoDraw = False
190.6810 	EXP 	line3: autoDraw = False
190.6810 	EXP 	line4: autoDraw = False
190.6810 	EXP 	probe: autoDraw = False
190.6810 	EXP 	fixation: autoDraw = True
190.7319 	EXP 	Device response: <KeyPress from None: t=190.65521990001434, value=v, duration=0.07142699998803437>
191.6644 	EXP 	line1: autoDraw = True
191.6644 	EXP 	line2: autoDraw = True
191.6644 	EXP 	line3: autoDraw = True
191.6644 	EXP 	line4: autoDraw = True
191.6814 	EXP 	fixation: autoDraw = False
192.6648 	INFO 	Keyboard events cleared
192.6646 	EXP 	probe: autoDraw = True
192.7812 	EXP 	Device response: <KeyPress from None: t=192.77276439999696, value=c, duration=None>
192.7815 	EXP 	New trial (rep=19, index=3): <Trial 79 (3 in rep 19) data={'pos': np.int64(-150), 'corr_resp': 'z', 'thisN': 79, 'thisTrialN': 3, 'thisRepN': 19}>
192.7827 	DATA 	Keypress: c
192.7965 	EXP 	fixation: autoDraw = False
192.7965 	EXP 	line1: autoDraw = False
192.7965 	EXP 	line2: autoDraw = False
192.7965 	EXP 	line3: autoDraw = False
192.7965 	EXP 	line4: autoDraw = False
192.7965 	EXP 	probe: autoDraw = False
192.7965 	EXP 	fixation: autoDraw = True
192.8820 	EXP 	Device response: <KeyPress from None: t=192.77276439999696, value=c, duration=0.09210419998271391>
193.7815 	EXP 	line1: autoDraw = True
193.7815 	EXP 	line2: autoDraw = True
193.7815 	EXP 	line3: autoDraw = True
193.7815 	EXP 	line4: autoDraw = True
193.7983 	EXP 	fixation: autoDraw = False
194.7821 	INFO 	Keyboard events cleared
194.7819 	EXP 	probe: autoDraw = True
194.9637 	EXP 	Device response: <KeyPress from None: t=194.95426809997298, value=z, duration=None>
194.9642 	EXP 	New trial (rep=20, index=0): <Trial 80 (0 in rep 20) data={'pos': np.int64(-50), 'corr_resp': 'x', 'thisN': 80, 'thisTrialN': 0, 'thisRepN': 20}>
194.9653 	DATA 	Keypress: z
194.9815 	EXP 	fixation: autoDraw = False
194.9815 	EXP 	line1: autoDraw = False
194.9815 	EXP 	line2: autoDraw = False
194.9815 	EXP 	line3: autoDraw = False
194.9815 	EXP 	line4: autoDraw = False
194.9815 	EXP 	probe: autoDraw = False
194.9815 	EXP 	fixation: autoDraw = True
195.0484 	EXP 	Device response: <KeyPress from None: t=194.95426809997298, value=z, duration=0.08306760003324598>
195.9647 	EXP 	line1: autoDraw = True
195.9647 	EXP 	line2: autoDraw = True
195.9647 	EXP 	line3: autoDraw = True
195.9647 	EXP 	line4: autoDraw = True
195.9817 	EXP 	fixation: autoDraw = False
196.9649 	INFO 	Keyboard events cleared
196.9646 	EXP 	probe: autoDraw = True
197.2146 	EXP 	Device response: <KeyPress from None: t=197.21156500000507, value=x, duration=None>
197.2150 	EXP 	New trial (rep=20, index=1): <Trial 81 (1 in rep 20) data={'pos': np.int64(150), 'corr_resp': 'v', 'thisN': 81, 'thisTrialN': 1, 'thisRepN': 20}>
197.2163 	DATA 	Keypress: x
197.2307 	EXP 	fixation: autoDraw = False
197.2307 	EXP 	line1: autoDraw = False
197.2307 	EXP 	line2: autoDraw = False
197.2307 	EXP 	line3: autoDraw = False
197.2307 	EXP 	line4: autoDraw = False
197.2307 	EXP 	probe: autoDraw = False
197.2307 	EXP 	fixation: autoDraw = True
197.2811 	EXP 	Device response: <KeyPress from None: t=197.21156500000507, value=x, duration=0.0566924000158906>
198.2139 	EXP 	line1: autoDraw = True
198.2139 	EXP 	line2: autoDraw = True
198.2139 	EXP 	line3: autoDraw = True
198.2139 	EXP 	line4: autoDraw = True
198.2313 	EXP 	fixation: autoDraw = False
199.2151 	INFO 	Keyboard events cleared
199.2149 	EXP 	probe: autoDraw = True
199.5323 	EXP 	Device response: <KeyPress from None: t=199.5295669999905, value=v, duration=None>
199.5328 	EXP 	New trial (rep=20, index=2): <Trial 82 (2 in rep 20) data={'pos': np.int64(50), 'corr_resp': 'c', 'thisN': 82, 'thisTrialN': 2, 'thisRepN': 20}>
199.5340 	DATA 	Keypress: v
199.5469 	EXP 	fixation: autoDraw = False
199.5469 	EXP 	line1: autoDraw = False
199.5469 	EXP 	line2: autoDraw = False
199.5469 	EXP 	line3: autoDraw = False
199.5469 	EXP 	line4: autoDraw = False
199.5469 	EXP 	probe: autoDraw = False
199.5469 	EXP 	fixation: autoDraw = True
199.5984 	EXP 	Device response: <KeyPress from None: t=199.5295669999905, value=v, duration=0.06360689998837188>
200.5317 	EXP 	line1: autoDraw = True
200.5317 	EXP 	line2: autoDraw = True
200.5317 	EXP 	line3: autoDraw = True
200.5317 	EXP 	line4: autoDraw = True
200.5482 	EXP 	fixation: autoDraw = False
201.5482 	INFO 	Keyboard events cleared
201.5480 	EXP 	probe: autoDraw = True
201.7817 	EXP 	Device response: <KeyPress from None: t=201.7729013999924, value=c, duration=None>
201.7821 	EXP 	New trial (rep=20, index=3): <Trial 83 (3 in rep 20) data={'pos': np.int64(-150), 'corr_resp': 'z', 'thisN': 83, 'thisTrialN': 3, 'thisRepN': 20}>
201.7834 	DATA 	Keypress: c
201.7968 	EXP 	fixation: autoDraw = False
201.7968 	EXP 	line1: autoDraw = False
201.7968 	EXP 	line2: autoDraw = False
201.7968 	EXP 	line3: autoDraw = False
201.7968 	EXP 	line4: autoDraw = False
201.7968 	EXP 	probe: autoDraw = False
201.7968 	EXP 	fixation: autoDraw = True
201.8652 	EXP 	Device response: <KeyPress from None: t=201.7729013999924, value=c, duration=0.07781789998989552>
202.7810 	EXP 	line1: autoDraw = True
202.7810 	EXP 	line2: autoDraw = True
202.7810 	EXP 	line3: autoDraw = True
202.7810 	EXP 	line4: autoDraw = True
202.7983 	EXP 	fixation: autoDraw = False
203.7812 	INFO 	Keyboard events cleared
203.7810 	EXP 	probe: autoDraw = True
204.1485 	EXP 	Device response: <KeyPress from None: t=204.14200489997165, value=z, duration=None>
204.1491 	EXP 	New trial (rep=21, index=0): <Trial 84 (0 in rep 21) data={'pos': np.int64(-50), 'corr_resp': 'x', 'thisN': 84, 'thisTrialN': 0, 'thisRepN': 21}>
204.1505 	DATA 	Keypress: z
204.1640 	EXP 	fixation: autoDraw = False
204.1640 	EXP 	line1: autoDraw = False
204.1640 	EXP 	line2: autoDraw = False
204.1640 	EXP 	line3: autoDraw = False
204.1640 	EXP 	line4: autoDraw = False
204.1640 	EXP 	probe: autoDraw = False
204.1640 	EXP 	fixation: autoDraw = True
204.2487 	EXP 	Device response: <KeyPress from None: t=204.14200489997165, value=z, duration=0.09730250004213303>
205.1480 	EXP 	line1: autoDraw = True
205.1480 	EXP 	line2: autoDraw = True
205.1480 	EXP 	line3: autoDraw = True
205.1480 	EXP 	line4: autoDraw = True
205.1647 	EXP 	fixation: autoDraw = False
206.1648 	INFO 	Keyboard events cleared
206.1646 	EXP 	probe: autoDraw = True
206.5179 	DATA 	Keypress: x
206.5307 	EXP 	Device response: <KeyPress from None: t=206.51603619998787, value=x, duration=None>
206.5312 	EXP 	New trial (rep=21, index=1): <Trial 85 (1 in rep 21) data={'pos': np.int64(150), 'corr_resp': 'v', 'thisN': 85, 'thisTrialN': 1, 'thisRepN': 21}>
206.5485 	EXP 	fixation: autoDraw = False
206.5485 	EXP 	line1: autoDraw = False
206.5485 	EXP 	line2: autoDraw = False
206.5485 	EXP 	line3: autoDraw = False
206.5485 	EXP 	line4: autoDraw = False
206.5485 	EXP 	probe: autoDraw = False
206.5485 	EXP 	fixation: autoDraw = True
206.5982 	EXP 	Device response: <KeyPress from None: t=206.51603619998787, value=x, duration=0.08110010001109913>
207.5313 	EXP 	line1: autoDraw = True
207.5313 	EXP 	line2: autoDraw = True
207.5313 	EXP 	line3: autoDraw = True
207.5313 	EXP 	line4: autoDraw = True
207.5484 	EXP 	fixation: autoDraw = False
208.5307 	INFO 	Keyboard events cleared
208.5305 	EXP 	probe: autoDraw = True
209.1677 	DATA 	Keypress: v
209.1812 	EXP 	Device response: <KeyPress from None: t=209.1653931000037, value=v, duration=None>
209.1815 	EXP 	New trial (rep=21, index=2): <Trial 86 (2 in rep 21) data={'pos': np.int64(50), 'corr_resp': 'c', 'thisN': 86, 'thisTrialN': 2, 'thisRepN': 21}>
209.1979 	EXP 	fixation: autoDraw = False
209.1979 	EXP 	line1: autoDraw = False
209.1979 	EXP 	line2: autoDraw = False
209.1979 	EXP 	line3: autoDraw = False
209.1979 	EXP 	line4: autoDraw = False
209.1979 	EXP 	probe: autoDraw = False
209.1979 	EXP 	fixation: autoDraw = True
209.2645 	EXP 	Device response: <KeyPress from None: t=209.1653931000037, value=v, duration=0.08550579997245222>
210.1818 	EXP 	line1: autoDraw = True
210.1818 	EXP 	line2: autoDraw = True
210.1818 	EXP 	line3: autoDraw = True
210.1818 	EXP 	line4: autoDraw = True
210.1979 	EXP 	fixation: autoDraw = False
211.1816 	INFO 	Keyboard events cleared
211.1814 	EXP 	probe: autoDraw = True
211.4311 	EXP 	Device response: <KeyPress from None: t=211.41760490002343, value=c, duration=None>
211.4314 	EXP 	New trial (rep=21, index=3): <Trial 87 (3 in rep 21) data={'pos': np.int64(-150), 'corr_resp': 'z', 'thisN': 87, 'thisTrialN': 3, 'thisRepN': 21}>
211.4325 	DATA 	Keypress: c
211.4482 	EXP 	fixation: autoDraw = False
211.4482 	EXP 	line1: autoDraw = False
211.4482 	EXP 	line2: autoDraw = False
211.4482 	EXP 	line3: autoDraw = False
211.4482 	EXP 	line4: autoDraw = False
211.4482 	EXP 	probe: autoDraw = False
211.4482 	EXP 	fixation: autoDraw = True
211.5304 	EXP 	Device response: <KeyPress from None: t=211.41760490002343, value=c, duration=0.09907729999395087>
212.4309 	EXP 	line1: autoDraw = True
212.4309 	EXP 	line2: autoDraw = True
212.4309 	EXP 	line3: autoDraw = True
212.4309 	EXP 	line4: autoDraw = True
212.4469 	EXP 	fixation: autoDraw = False
213.4319 	INFO 	Keyboard events cleared
213.4317 	EXP 	probe: autoDraw = True
213.7485 	EXP 	Device response: <KeyPress from None: t=213.74267190002138, value=z, duration=None>
213.7489 	EXP 	New trial (rep=22, index=0): <Trial 88 (0 in rep 22) data={'pos': np.int64(-50), 'corr_resp': 'x', 'thisN': 88, 'thisTrialN': 0, 'thisRepN': 22}>
213.7501 	DATA 	Keypress: z
213.7631 	EXP 	fixation: autoDraw = False
213.7631 	EXP 	line1: autoDraw = False
213.7631 	EXP 	line2: autoDraw = False
213.7631 	EXP 	line3: autoDraw = False
213.7631 	EXP 	line4: autoDraw = False
213.7631 	EXP 	probe: autoDraw = False
213.7631 	EXP 	fixation: autoDraw = True
213.8324 	EXP 	Device response: <KeyPress from None: t=213.74267190002138, value=z, duration=0.08142589998897165>
214.7652 	EXP 	fixation: autoDraw = False
214.7652 	EXP 	line1: autoDraw = True
214.7652 	EXP 	line2: autoDraw = True
214.7652 	EXP 	line3: autoDraw = True
214.7652 	EXP 	line4: autoDraw = True
215.7480 	INFO 	Keyboard events cleared
215.7478 	EXP 	probe: autoDraw = True
216.0324 	EXP 	Device response: <KeyPress from None: t=216.02521950000664, value=x, duration=None>
216.0328 	EXP 	New trial (rep=22, index=1): <Trial 89 (1 in rep 22) data={'pos': np.int64(150), 'corr_resp': 'v', 'thisN': 89, 'thisTrialN': 1, 'thisRepN': 22}>
216.0343 	DATA 	Keypress: x
216.0468 	EXP 	fixation: autoDraw = False
216.0468 	EXP 	line1: autoDraw = False
216.0468 	EXP 	line2: autoDraw = False
216.0468 	EXP 	line3: autoDraw = False
216.0468 	EXP 	line4: autoDraw = False
216.0468 	EXP 	probe: autoDraw = False
216.0468 	EXP 	fixation: autoDraw = True
216.0973 	EXP 	Device response: <KeyPress from None: t=216.02521950000664, value=x, duration=0.06703059998108074>
217.0480 	EXP 	fixation: autoDraw = False
217.0480 	EXP 	line1: autoDraw = True
217.0480 	EXP 	line2: autoDraw = True
217.0480 	EXP 	line3: autoDraw = True
217.0480 	EXP 	line4: autoDraw = True
218.0487 	INFO 	Keyboard events cleared
218.0485 	EXP 	probe: autoDraw = True
218.4143 	EXP 	Device response: <KeyPress from None: t=218.407530699973, value=v, duration=None>
218.4148 	EXP 	New trial (rep=22, index=2): <Trial 90 (2 in rep 22) data={'pos': np.int64(50), 'corr_resp': 'c', 'thisN': 90, 'thisTrialN': 2, 'thisRepN': 22}>
218.4160 	DATA 	Keypress: v
218.4305 	EXP 	fixation: autoDraw = False
218.4305 	EXP 	line1: autoDraw = False
218.4305 	EXP 	line2: autoDraw = False
218.4305 	EXP 	line3: autoDraw = False
218.4305 	EXP 	line4: autoDraw = False
218.4305 	EXP 	probe: autoDraw = False
218.4305 	EXP 	fixation: autoDraw = True
218.4984 	EXP 	Device response: <KeyPress from None: t=218.407530699973, value=v, duration=0.08317769999848679>
219.4146 	EXP 	line1: autoDraw = True
219.4146 	EXP 	line2: autoDraw = True
219.4146 	EXP 	line3: autoDraw = True
219.4146 	EXP 	line4: autoDraw = True
219.4315 	EXP 	fixation: autoDraw = False
220.4157 	INFO 	Keyboard events cleared
220.4155 	EXP 	probe: autoDraw = True
220.7151 	EXP 	Device response: <KeyPress from None: t=220.70874079997884, value=c, duration=None>
220.7154 	EXP 	New trial (rep=22, index=3): <Trial 91 (3 in rep 22) data={'pos': np.int64(-150), 'corr_resp': 'z', 'thisN': 91, 'thisTrialN': 3, 'thisRepN': 22}>
220.7167 	DATA 	Keypress: c
220.7310 	EXP 	fixation: autoDraw = False
220.7310 	EXP 	line1: autoDraw = False
220.7310 	EXP 	line2: autoDraw = False
220.7310 	EXP 	line3: autoDraw = False
220.7310 	EXP 	line4: autoDraw = False
220.7310 	EXP 	probe: autoDraw = False
220.7310 	EXP 	fixation: autoDraw = True
220.7819 	EXP 	Device response: <KeyPress from None: t=220.70874079997884, value=c, duration=0.07001700002001598>
221.7131 	EXP 	line1: autoDraw = True
221.7131 	EXP 	line2: autoDraw = True
221.7131 	EXP 	line3: autoDraw = True
221.7131 	EXP 	line4: autoDraw = True
221.7481 	EXP 	fixation: autoDraw = False
222.7153 	INFO 	Keyboard events cleared
222.7151 	EXP 	probe: autoDraw = True
223.0989 	EXP 	Device response: <KeyPress from None: t=223.08955929998774, value=z, duration=None>
223.0994 	EXP 	New trial (rep=23, index=0): <Trial 92 (0 in rep 23) data={'pos': np.int64(-50), 'corr_resp': 'x', 'thisN': 92, 'thisTrialN': 0, 'thisRepN': 23}>
223.1008 	DATA 	Keypress: z
223.1142 	EXP 	fixation: autoDraw = False
223.1142 	EXP 	line1: autoDraw = False
223.1142 	EXP 	line2: autoDraw = False
223.1142 	EXP 	line3: autoDraw = False
223.1142 	EXP 	line4: autoDraw = False
223.1142 	EXP 	probe: autoDraw = False
223.1142 	EXP 	fixation: autoDraw = True
223.1815 	EXP 	Device response: <KeyPress from None: t=223.08955929998774, value=z, duration=0.08336899999994785>
224.0984 	EXP 	line1: autoDraw = True
224.0984 	EXP 	line2: autoDraw = True
224.0984 	EXP 	line3: autoDraw = True
224.0984 	EXP 	line4: autoDraw = True
224.1150 	EXP 	fixation: autoDraw = False
225.0987 	INFO 	Keyboard events cleared
225.0984 	EXP 	probe: autoDraw = True
225.3820 	EXP 	Device response: <KeyPress from None: t=225.37246430001687, value=x, duration=None>
225.3824 	EXP 	New trial (rep=23, index=1): <Trial 93 (1 in rep 23) data={'pos': np.int64(150), 'corr_resp': 'v', 'thisN': 93, 'thisTrialN': 1, 'thisRepN': 23}>
225.3840 	DATA 	Keypress: x
225.3977 	EXP 	fixation: autoDraw = False
225.3977 	EXP 	line1: autoDraw = False
225.3977 	EXP 	line2: autoDraw = False
225.3977 	EXP 	line3: autoDraw = False
225.3977 	EXP 	line4: autoDraw = False
225.3977 	EXP 	probe: autoDraw = False
225.3977 	EXP 	fixation: autoDraw = True
225.4650 	EXP 	Device response: <KeyPress from None: t=225.37246430001687, value=x, duration=0.08851520001189783>
226.3984 	EXP 	fixation: autoDraw = False
226.3984 	EXP 	line1: autoDraw = True
226.3984 	EXP 	line2: autoDraw = True
226.3984 	EXP 	line3: autoDraw = True
226.3984 	EXP 	line4: autoDraw = True
227.3989 	INFO 	Keyboard events cleared
227.3987 	EXP 	probe: autoDraw = True
227.7482 	EXP 	Device response: <KeyPress from None: t=227.74566830002004, value=v, duration=None>
227.7486 	EXP 	New trial (rep=23, index=2): <Trial 94 (2 in rep 23) data={'pos': np.int64(50), 'corr_resp': 'c', 'thisN': 94, 'thisTrialN': 2, 'thisRepN': 23}>
227.7497 	DATA 	Keypress: v
227.7642 	EXP 	fixation: autoDraw = False
227.7642 	EXP 	line1: autoDraw = False
227.7642 	EXP 	line2: autoDraw = False
227.7642 	EXP 	line3: autoDraw = False
227.7642 	EXP 	line4: autoDraw = False
227.7642 	EXP 	probe: autoDraw = False
227.7642 	EXP 	fixation: autoDraw = True
227.8495 	EXP 	Device response: <KeyPress from None: t=227.74566830002004, value=v, duration=0.09188279998488724>
228.7486 	EXP 	line1: autoDraw = True
228.7486 	EXP 	line2: autoDraw = True
228.7486 	EXP 	line3: autoDraw = True
228.7486 	EXP 	line4: autoDraw = True
228.7656 	EXP 	fixation: autoDraw = False
229.7487 	INFO 	Keyboard events cleared
229.7485 	EXP 	probe: autoDraw = True
230.0826 	EXP 	Device response: <KeyPress from None: t=230.06838020001305, value=c, duration=None>
230.0830 	EXP 	New trial (rep=23, index=3): <Trial 95 (3 in rep 23) data={'pos': np.int64(-150), 'corr_resp': 'z', 'thisN': 95, 'thisTrialN': 3, 'thisRepN': 23}>
230.0842 	DATA 	Keypress: c
230.0976 	EXP 	fixation: autoDraw = False
230.0976 	EXP 	line1: autoDraw = False
230.0976 	EXP 	line2: autoDraw = False
230.0976 	EXP 	line3: autoDraw = False
230.0976 	EXP 	line4: autoDraw = False
230.0976 	EXP 	probe: autoDraw = False
230.0976 	EXP 	fixation: autoDraw = True
230.1646 	EXP 	Device response: <KeyPress from None: t=230.06838020001305, value=c, duration=0.08652969996910542>
231.0821 	EXP 	line1: autoDraw = True
231.0821 	EXP 	line2: autoDraw = True
231.0821 	EXP 	line3: autoDraw = True
231.0821 	EXP 	line4: autoDraw = True
231.0976 	EXP 	fixation: autoDraw = False
232.0979 	INFO 	Keyboard events cleared
232.0977 	EXP 	probe: autoDraw = True
232.4485 	EXP 	Device response: <KeyPress from None: t=232.43866899999557, value=z, duration=None>
232.4488 	EXP 	New trial (rep=24, index=0): <Trial 96 (0 in rep 24) data={'pos': np.int64(-50), 'corr_resp': 'x', 'thisN': 96, 'thisTrialN': 0, 'thisRepN': 24}>
232.4500 	DATA 	Keypress: z
232.4652 	EXP 	fixation: autoDraw = False
232.4652 	EXP 	line1: autoDraw = False
232.4652 	EXP 	line2: autoDraw = False
232.4652 	EXP 	line3: autoDraw = False
232.4652 	EXP 	line4: autoDraw = False
232.4652 	EXP 	probe: autoDraw = False
232.4652 	EXP 	fixation: autoDraw = True
232.5327 	EXP 	Device response: <KeyPress from None: t=232.43866899999557, value=z, duration=0.09128430002601817>
233.4488 	EXP 	line1: autoDraw = True
233.4488 	EXP 	line2: autoDraw = True
233.4488 	EXP 	line3: autoDraw = True
233.4488 	EXP 	line4: autoDraw = True
233.4659 	EXP 	fixation: autoDraw = False
234.4490 	INFO 	Keyboard events cleared
234.4488 	EXP 	probe: autoDraw = True
234.7656 	EXP 	Device response: <KeyPress from None: t=234.76050500001293, value=x, duration=None>
234.7660 	EXP 	New trial (rep=24, index=1): <Trial 97 (1 in rep 24) data={'pos': np.int64(150), 'corr_resp': 'v', 'thisN': 97, 'thisTrialN': 1, 'thisRepN': 24}>
234.7672 	DATA 	Keypress: x
234.7805 	EXP 	fixation: autoDraw = False
234.7805 	EXP 	line1: autoDraw = False
234.7805 	EXP 	line2: autoDraw = False
234.7805 	EXP 	line3: autoDraw = False
234.7805 	EXP 	line4: autoDraw = False
234.7805 	EXP 	probe: autoDraw = False
234.7805 	EXP 	fixation: autoDraw = True
234.8479 	EXP 	Device response: <KeyPress from None: t=234.76050500001293, value=x, duration=0.07791079999879003>
235.7632 	EXP 	line1: autoDraw = True
235.7632 	EXP 	line2: autoDraw = True
235.7632 	EXP 	line3: autoDraw = True
235.7632 	EXP 	line4: autoDraw = True
235.7813 	EXP 	fixation: autoDraw = False
236.7812 	INFO 	Keyboard events cleared
236.7810 	EXP 	probe: autoDraw = True
237.0985 	EXP 	Device response: <KeyPress from None: t=237.09550709999166, value=v, duration=None>
237.0988 	EXP 	New trial (rep=24, index=2): <Trial 98 (2 in rep 24) data={'pos': np.int64(50), 'corr_resp': 'c', 'thisN': 98, 'thisTrialN': 2, 'thisRepN': 24}>
237.0999 	DATA 	Keypress: v
237.1144 	EXP 	fixation: autoDraw = False
237.1144 	EXP 	line1: autoDraw = False
237.1144 	EXP 	line2: autoDraw = False
237.1144 	EXP 	line3: autoDraw = False
237.1144 	EXP 	line4: autoDraw = False
237.1144 	EXP 	probe: autoDraw = False
237.1144 	EXP 	fixation: autoDraw = True
237.1973 	EXP 	Device response: <KeyPress from None: t=237.09550709999166, value=v, duration=0.0903558999998495>
238.0978 	EXP 	line1: autoDraw = True
238.0978 	EXP 	line2: autoDraw = True
238.0978 	EXP 	line3: autoDraw = True
238.0978 	EXP 	line4: autoDraw = True
238.1151 	EXP 	fixation: autoDraw = False
239.0994 	INFO 	Keyboard events cleared
239.0992 	EXP 	probe: autoDraw = True
239.4316 	EXP 	Device response: <KeyPress from None: t=239.42220520001138, value=c, duration=None>
239.4320 	EXP 	New trial (rep=24, index=3): <Trial 99 (3 in rep 24) data={'pos': np.int64(-150), 'corr_resp': 'z', 'thisN': 99, 'thisTrialN': 3, 'thisRepN': 24}>
239.4332 	DATA 	Keypress: c
239.4478 	EXP 	fixation: autoDraw = False
239.4478 	EXP 	line1: autoDraw = False
239.4478 	EXP 	line2: autoDraw = False
239.4478 	EXP 	line3: autoDraw = False
239.4478 	EXP 	line4: autoDraw = False
239.4478 	EXP 	probe: autoDraw = False
239.4478 	EXP 	fixation: autoDraw = True
239.5158 	EXP 	Device response: <KeyPress from None: t=239.42220520001138, value=c, duration=0.08827159996144474>
240.4319 	EXP 	line1: autoDraw = True
240.4319 	EXP 	line2: autoDraw = True
240.4319 	EXP 	line3: autoDraw = True
240.4319 	EXP 	line4: autoDraw = True
240.4488 	EXP 	fixation: autoDraw = False
241.4314 	INFO 	Keyboard events cleared
241.4312 	EXP 	probe: autoDraw = True
241.7155 	EXP 	Device response: <KeyPress from None: t=241.71222639997723, value=z, duration=None>
241.7160 	EXP 	New trial (rep=25, index=0): <Trial 100 (0 in rep 25) data={'pos': np.int64(-50), 'corr_resp': 'x', 'thisN': 100, 'thisTrialN': 0, 'thisRepN': 25}>
241.7172 	DATA 	Keypress: z
241.7313 	EXP 	fixation: autoDraw = False
241.7313 	EXP 	line1: autoDraw = False
241.7313 	EXP 	line2: autoDraw = False
241.7313 	EXP 	line3: autoDraw = False
241.7313 	EXP 	line4: autoDraw = False
241.7313 	EXP 	probe: autoDraw = False
241.7313 	EXP 	fixation: autoDraw = True
241.8160 	EXP 	Device response: <KeyPress from None: t=241.71222639997723, value=z, duration=0.09171370003605261>
242.7323 	EXP 	fixation: autoDraw = False
242.7323 	EXP 	line1: autoDraw = True
242.7323 	EXP 	line2: autoDraw = True
242.7323 	EXP 	line3: autoDraw = True
242.7323 	EXP 	line4: autoDraw = True
243.7326 	INFO 	Keyboard events cleared
243.7324 	EXP 	probe: autoDraw = True
244.2316 	EXP 	Device response: <KeyPress from None: t=244.2291239000042, value=x, duration=None>
244.2319 	EXP 	New trial (rep=25, index=1): <Trial 101 (1 in rep 25) data={'pos': np.int64(150), 'corr_resp': 'v', 'thisN': 101, 'thisTrialN': 1, 'thisRepN': 25}>
244.2331 	DATA 	Keypress: x
244.2479 	EXP 	fixation: autoDraw = False
244.2479 	EXP 	line1: autoDraw = False
244.2479 	EXP 	line2: autoDraw = False
244.2479 	EXP 	line3: autoDraw = False
244.2479 	EXP 	line4: autoDraw = False
244.2479 	EXP 	probe: autoDraw = False
244.2479 	EXP 	fixation: autoDraw = True
244.3324 	EXP 	Device response: <KeyPress from None: t=244.2291239000042, value=x, duration=0.09127799997804686>
245.2322 	EXP 	line1: autoDraw = True
245.2322 	EXP 	line2: autoDraw = True
245.2322 	EXP 	line3: autoDraw = True
245.2322 	EXP 	line4: autoDraw = True
245.2484 	EXP 	fixation: autoDraw = False
246.2318 	INFO 	Keyboard events cleared
246.2316 	EXP 	probe: autoDraw = True
247.3495 	EXP 	Device response: <KeyPress from None: t=247.33863620000193, value=v, duration=None>
247.3499 	EXP 	New trial (rep=25, index=2): <Trial 102 (2 in rep 25) data={'pos': np.int64(50), 'corr_resp': 'c', 'thisN': 102, 'thisTrialN': 2, 'thisRepN': 25}>
247.3511 	DATA 	Keypress: v
247.3646 	EXP 	fixation: autoDraw = False
247.3646 	EXP 	line1: autoDraw = False
247.3646 	EXP 	line2: autoDraw = False
247.3646 	EXP 	line3: autoDraw = False
247.3646 	EXP 	line4: autoDraw = False
247.3646 	EXP 	probe: autoDraw = False
247.3646 	EXP 	fixation: autoDraw = True
247.4319 	EXP 	Device response: <KeyPress from None: t=247.33863620000193, value=v, duration=0.08238310000160709>
248.3476 	EXP 	line1: autoDraw = True
248.3476 	EXP 	line2: autoDraw = True
248.3476 	EXP 	line3: autoDraw = True
248.3476 	EXP 	line4: autoDraw = True
248.3647 	EXP 	fixation: autoDraw = False
249.3659 	INFO 	Keyboard events cleared
249.3657 	EXP 	probe: autoDraw = True
249.8994 	EXP 	Device response: <KeyPress from None: t=249.89619840000523, value=c, duration=None>
249.8999 	EXP 	New trial (rep=25, index=3): <Trial 103 (3 in rep 25) data={'pos': np.int64(-150), 'corr_resp': 'z', 'thisN': 103, 'thisTrialN': 3, 'thisRepN': 25}>
249.9011 	DATA 	Keypress: c
249.9145 	EXP 	fixation: autoDraw = False
249.9145 	EXP 	line1: autoDraw = False
249.9145 	EXP 	line2: autoDraw = False
249.9145 	EXP 	line3: autoDraw = False
249.9145 	EXP 	line4: autoDraw = False
249.9145 	EXP 	probe: autoDraw = False
249.9145 	EXP 	fixation: autoDraw = True
249.9661 	EXP 	Device response: <KeyPress from None: t=249.89619840000523, value=c, duration=0.06411059998208657>
250.8979 	EXP 	line1: autoDraw = True
250.8979 	EXP 	line2: autoDraw = True
250.8979 	EXP 	line3: autoDraw = True
250.8979 	EXP 	line4: autoDraw = True
250.9156 	EXP 	fixation: autoDraw = False
251.8985 	INFO 	Keyboard events cleared
251.8983 	EXP 	probe: autoDraw = True
252.5657 	EXP 	Device response: <KeyPress from None: t=252.5561753999791, value=z, duration=None>
252.5661 	EXP 	New trial (rep=26, index=0): <Trial 104 (0 in rep 26) data={'pos': np.int64(-50), 'corr_resp': 'x', 'thisN': 104, 'thisTrialN': 0, 'thisRepN': 26}>
252.5673 	DATA 	Keypress: z
252.5806 	EXP 	fixation: autoDraw = False
252.5806 	EXP 	line1: autoDraw = False
252.5806 	EXP 	line2: autoDraw = False
252.5806 	EXP 	line3: autoDraw = False
252.5806 	EXP 	line4: autoDraw = False
252.5806 	EXP 	probe: autoDraw = False
252.5806 	EXP 	fixation: autoDraw = True
252.6483 	EXP 	Device response: <KeyPress from None: t=252.5561753999791, value=z, duration=0.07844490004936233>
253.5652 	EXP 	line1: autoDraw = True
253.5652 	EXP 	line2: autoDraw = True
253.5652 	EXP 	line3: autoDraw = True
253.5652 	EXP 	line4: autoDraw = True
253.5825 	EXP 	fixation: autoDraw = False
254.5659 	INFO 	Keyboard events cleared
254.5658 	EXP 	probe: autoDraw = True
254.9325 	EXP 	Device response: <KeyPress from None: t=254.9208097999799, value=x, duration=None>
254.9329 	EXP 	New trial (rep=26, index=1): <Trial 105 (1 in rep 26) data={'pos': np.int64(150), 'corr_resp': 'v', 'thisN': 105, 'thisTrialN': 1, 'thisRepN': 26}>
254.9342 	DATA 	Keypress: x
254.9489 	EXP 	fixation: autoDraw = False
254.9489 	EXP 	line1: autoDraw = False
254.9489 	EXP 	line2: autoDraw = False
254.9489 	EXP 	line3: autoDraw = False
254.9489 	EXP 	line4: autoDraw = False
254.9489 	EXP 	probe: autoDraw = False
254.9489 	EXP 	fixation: autoDraw = True
254.9991 	EXP 	Device response: <KeyPress from None: t=254.9208097999799, value=x, duration=0.07557069999165833>
255.9320 	EXP 	line1: autoDraw = True
255.9320 	EXP 	line2: autoDraw = True
255.9320 	EXP 	line3: autoDraw = True
255.9320 	EXP 	line4: autoDraw = True
255.9492 	EXP 	fixation: autoDraw = False
256.9314 	INFO 	Keyboard events cleared
256.9312 	EXP 	probe: autoDraw = True
257.1992 	EXP 	Device response: <KeyPress from None: t=257.19843210000545, value=v, duration=None>
257.1995 	EXP 	New trial (rep=26, index=2): <Trial 106 (2 in rep 26) data={'pos': np.int64(50), 'corr_resp': 'c', 'thisN': 106, 'thisTrialN': 2, 'thisRepN': 26}>
257.2006 	DATA 	Keypress: v
257.2149 	EXP 	fixation: autoDraw = False
257.2149 	EXP 	line1: autoDraw = False
257.2149 	EXP 	line2: autoDraw = False
257.2149 	EXP 	line3: autoDraw = False
257.2149 	EXP 	line4: autoDraw = False
257.2149 	EXP 	probe: autoDraw = False
257.2149 	EXP 	fixation: autoDraw = True
257.2831 	EXP 	Device response: <KeyPress from None: t=257.19843210000545, value=v, duration=0.08213469997281209>
258.1985 	EXP 	line1: autoDraw = True
258.1985 	EXP 	line2: autoDraw = True
258.1985 	EXP 	line3: autoDraw = True
258.1985 	EXP 	line4: autoDraw = True
258.2159 	EXP 	fixation: autoDraw = False
259.1988 	INFO 	Keyboard events cleared
259.1986 	EXP 	probe: autoDraw = True
259.5821 	EXP 	Device response: <KeyPress from None: t=259.56696239998564, value=c, duration=None>
259.5825 	EXP 	New trial (rep=26, index=3): <Trial 107 (3 in rep 26) data={'pos': np.int64(-150), 'corr_resp': 'z', 'thisN': 107, 'thisTrialN': 3, 'thisRepN': 26}>
259.5838 	DATA 	Keypress: c
259.5983 	EXP 	fixation: autoDraw = False
259.5983 	EXP 	line1: autoDraw = False
259.5983 	EXP 	line2: autoDraw = False
259.5983 	EXP 	line3: autoDraw = False
259.5983 	EXP 	line4: autoDraw = False
259.5983 	EXP 	probe: autoDraw = False
259.5983 	EXP 	fixation: autoDraw = True
259.6653 	EXP 	Device response: <KeyPress from None: t=259.56696239998564, value=c, duration=0.09576820000074804>
260.5826 	EXP 	line1: autoDraw = True
260.5826 	EXP 	line2: autoDraw = True
260.5826 	EXP 	line3: autoDraw = True
260.5826 	EXP 	line4: autoDraw = True
260.5985 	EXP 	fixation: autoDraw = False
261.5825 	INFO 	Keyboard events cleared
261.5823 	EXP 	probe: autoDraw = True
261.9651 	EXP 	Device response: <KeyPress from None: t=261.9515282000066, value=z, duration=None>
261.9654 	EXP 	New trial (rep=27, index=0): <Trial 108 (0 in rep 27) data={'pos': np.int64(-50), 'corr_resp': 'x', 'thisN': 108, 'thisTrialN': 0, 'thisRepN': 27}>
261.9666 	DATA 	Keypress: z
261.9823 	EXP 	fixation: autoDraw = False
261.9823 	EXP 	line1: autoDraw = False
261.9823 	EXP 	line2: autoDraw = False
261.9823 	EXP 	line3: autoDraw = False
261.9823 	EXP 	line4: autoDraw = False
261.9823 	EXP 	probe: autoDraw = False
261.9823 	EXP 	fixation: autoDraw = True
262.0829 	EXP 	Device response: <KeyPress from None: t=261.9515282000066, value=z, duration=0.1222639000043273>
262.9822 	EXP 	fixation: autoDraw = False
262.9822 	EXP 	line1: autoDraw = True
262.9822 	EXP 	line2: autoDraw = True
262.9822 	EXP 	line3: autoDraw = True
262.9822 	EXP 	line4: autoDraw = True
263.9657 	INFO 	Keyboard events cleared
263.9655 	EXP 	probe: autoDraw = True
264.5520 	DATA 	Keypress: x
264.5656 	EXP 	Device response: <KeyPress from None: t=264.5499790000031, value=x, duration=None>
264.5659 	EXP 	New trial (rep=27, index=1): <Trial 109 (1 in rep 27) data={'pos': np.int64(150), 'corr_resp': 'v', 'thisN': 109, 'thisTrialN': 1, 'thisRepN': 27}>
264.5811 	EXP 	fixation: autoDraw = False
264.5811 	EXP 	line1: autoDraw = False
264.5811 	EXP 	line2: autoDraw = False
264.5811 	EXP 	line3: autoDraw = False
264.5811 	EXP 	line4: autoDraw = False
264.5811 	EXP 	probe: autoDraw = False
264.5811 	EXP 	fixation: autoDraw = True
264.6486 	EXP 	Device response: <KeyPress from None: t=264.5499790000031, value=x, duration=0.08818419999442995>
265.5660 	EXP 	line1: autoDraw = True
265.5660 	EXP 	line2: autoDraw = True
265.5660 	EXP 	line3: autoDraw = True
265.5660 	EXP 	line4: autoDraw = True
265.5826 	EXP 	fixation: autoDraw = False
266.5644 	INFO 	Keyboard events cleared
266.5642 	EXP 	probe: autoDraw = True
267.0825 	EXP 	Device response: <KeyPress from None: t=267.0760426999768, value=v, duration=None>
267.0829 	EXP 	New trial (rep=27, index=2): <Trial 110 (2 in rep 27) data={'pos': np.int64(50), 'corr_resp': 'c', 'thisN': 110, 'thisTrialN': 2, 'thisRepN': 27}>
267.0841 	DATA 	Keypress: v
267.0982 	EXP 	fixation: autoDraw = False
267.0982 	EXP 	line1: autoDraw = False
267.0982 	EXP 	line2: autoDraw = False
267.0982 	EXP 	line3: autoDraw = False
267.0982 	EXP 	line4: autoDraw = False
267.0982 	EXP 	probe: autoDraw = False
267.0982 	EXP 	fixation: autoDraw = True
267.1824 	EXP 	Device response: <KeyPress from None: t=267.0760426999768, value=v, duration=0.09571710001910105>
268.0826 	EXP 	line1: autoDraw = True
268.0826 	EXP 	line2: autoDraw = True
268.0826 	EXP 	line3: autoDraw = True
268.0826 	EXP 	line4: autoDraw = True
268.0984 	EXP 	fixation: autoDraw = False
269.0830 	INFO 	Keyboard events cleared
269.0828 	EXP 	probe: autoDraw = True
269.4847 	DATA 	Keypress: c
269.4986 	EXP 	Device response: <KeyPress from None: t=269.4829924000078, value=c, duration=None>
269.4989 	EXP 	New trial (rep=27, index=3): <Trial 111 (3 in rep 27) data={'pos': np.int64(-150), 'corr_resp': 'z', 'thisN': 111, 'thisTrialN': 3, 'thisRepN': 27}>
269.5156 	EXP 	fixation: autoDraw = False
269.5156 	EXP 	line1: autoDraw = False
269.5156 	EXP 	line2: autoDraw = False
269.5156 	EXP 	line3: autoDraw = False
269.5156 	EXP 	line4: autoDraw = False
269.5156 	EXP 	probe: autoDraw = False
269.5156 	EXP 	fixation: autoDraw = True
269.5814 	EXP 	Device response: <KeyPress from None: t=269.4829924000078, value=c, duration=0.08312560000922531>
270.4984 	EXP 	line1: autoDraw = True
270.4984 	EXP 	line2: autoDraw = True
270.4984 	EXP 	line3: autoDraw = True
270.4984 	EXP 	line4: autoDraw = True
270.5160 	EXP 	fixation: autoDraw = False
271.4995 	INFO 	Keyboard events cleared
271.4993 	EXP 	probe: autoDraw = True
272.0158 	EXP 	Device response: <KeyPress from None: t=272.006469200016, value=z, duration=None>
272.0161 	EXP 	New trial (rep=28, index=0): <Trial 112 (0 in rep 28) data={'pos': np.int64(-50), 'corr_resp': 'x', 'thisN': 112, 'thisTrialN': 0, 'thisRepN': 28}>
272.0172 	DATA 	Keypress: z
272.0309 	EXP 	fixation: autoDraw = False
272.0309 	EXP 	line1: autoDraw = False
272.0309 	EXP 	line2: autoDraw = False
272.0309 	EXP 	line3: autoDraw = False
272.0309 	EXP 	line4: autoDraw = False
272.0309 	EXP 	probe: autoDraw = False
272.0309 	EXP 	fixation: autoDraw = True
272.0995 	EXP 	Device response: <KeyPress from None: t=272.006469200016, value=z, duration=0.08677779999561608>
273.0160 	EXP 	line1: autoDraw = True
273.0160 	EXP 	line2: autoDraw = True
273.0160 	EXP 	line3: autoDraw = True
273.0160 	EXP 	line4: autoDraw = True
273.0330 	EXP 	fixation: autoDraw = False
274.0146 	INFO 	Keyboard events cleared
274.0144 	EXP 	probe: autoDraw = True
274.2841 	EXP 	Device response: <KeyPress from None: t=274.2744439999806, value=x, duration=None>
274.2846 	EXP 	New trial (rep=28, index=1): <Trial 113 (1 in rep 28) data={'pos': np.int64(150), 'corr_resp': 'v', 'thisN': 113, 'thisTrialN': 1, 'thisRepN': 28}>
274.2861 	DATA 	Keypress: x
274.2980 	EXP 	fixation: autoDraw = False
274.2980 	EXP 	line1: autoDraw = False
274.2980 	EXP 	line2: autoDraw = False
274.2980 	EXP 	line3: autoDraw = False
274.2980 	EXP 	line4: autoDraw = False
274.2980 	EXP 	probe: autoDraw = False
274.2980 	EXP 	fixation: autoDraw = True
274.3668 	EXP 	Device response: <KeyPress from None: t=274.2744439999806, value=x, duration=0.07794039999134839>
275.2992 	EXP 	fixation: autoDraw = False
275.2992 	EXP 	line1: autoDraw = True
275.2992 	EXP 	line2: autoDraw = True
275.2992 	EXP 	line3: autoDraw = True
275.2992 	EXP 	line4: autoDraw = True
276.2995 	INFO 	Keyboard events cleared
276.2993 	EXP 	probe: autoDraw = True
276.5667 	EXP 	Device response: <KeyPress from None: t=276.5530489999801, value=v, duration=None>
276.5672 	EXP 	New trial (rep=28, index=2): <Trial 114 (2 in rep 28) data={'pos': np.int64(50), 'corr_resp': 'c', 'thisN': 114, 'thisTrialN': 2, 'thisRepN': 28}>
276.5687 	DATA 	Keypress: v
276.5810 	EXP 	fixation: autoDraw = False
276.5810 	EXP 	line1: autoDraw = False
276.5810 	EXP 	line2: autoDraw = False
276.5810 	EXP 	line3: autoDraw = False
276.5810 	EXP 	line4: autoDraw = False
276.5810 	EXP 	probe: autoDraw = False
276.5810 	EXP 	fixation: autoDraw = True
276.6489 	EXP 	Device response: <KeyPress from None: t=276.5530489999801, value=v, duration=0.08598980004899204>
277.5827 	EXP 	fixation: autoDraw = False
277.5827 	EXP 	line1: autoDraw = True
277.5827 	EXP 	line2: autoDraw = True
277.5827 	EXP 	line3: autoDraw = True
277.5827 	EXP 	line4: autoDraw = True
278.5830 	INFO 	Keyboard events cleared
278.5828 	EXP 	probe: autoDraw = True
278.9322 	EXP 	Device response: <KeyPress from None: t=278.92297319998033, value=c, duration=None>
278.9325 	EXP 	New trial (rep=28, index=3): <Trial 115 (3 in rep 28) data={'pos': np.int64(-150), 'corr_resp': 'z', 'thisN': 115, 'thisTrialN': 3, 'thisRepN': 28}>
278.9337 	DATA 	Keypress: c
278.9492 	EXP 	fixation: autoDraw = False
278.9492 	EXP 	line1: autoDraw = False
278.9492 	EXP 	line2: autoDraw = False
278.9492 	EXP 	line3: autoDraw = False
278.9492 	EXP 	line4: autoDraw = False
278.9492 	EXP 	probe: autoDraw = False
278.9492 	EXP 	fixation: autoDraw = True
279.0156 	EXP 	Device response: <KeyPress from None: t=278.92297319998033, value=c, duration=0.07665430003544316>
279.9322 	EXP 	line1: autoDraw = True
279.9322 	EXP 	line2: autoDraw = True
279.9322 	EXP 	line3: autoDraw = True
279.9322 	EXP 	line4: autoDraw = True
279.9490 	EXP 	fixation: autoDraw = False
280.9335 	INFO 	Keyboard events cleared
280.9333 	EXP 	probe: autoDraw = True
281.6328 	EXP 	Device response: <KeyPress from None: t=281.621648499975, value=z, duration=None>
281.6334 	EXP 	New trial (rep=29, index=0): <Trial 116 (0 in rep 29) data={'pos': np.int64(-50), 'corr_resp': 'x', 'thisN': 116, 'thisTrialN': 0, 'thisRepN': 29}>
281.6348 	DATA 	Keypress: z
281.6482 	EXP 	fixation: autoDraw = False
281.6482 	EXP 	line1: autoDraw = False
281.6482 	EXP 	line2: autoDraw = False
281.6482 	EXP 	line3: autoDraw = False
281.6482 	EXP 	line4: autoDraw = False
281.6482 	EXP 	probe: autoDraw = False
281.6482 	EXP 	fixation: autoDraw = True
281.7158 	EXP 	Device response: <KeyPress from None: t=281.621648499975, value=z, duration=0.08029290003469214>
282.6323 	EXP 	line1: autoDraw = True
282.6323 	EXP 	line2: autoDraw = True
282.6323 	EXP 	line3: autoDraw = True
282.6323 	EXP 	line4: autoDraw = True
282.6495 	EXP 	fixation: autoDraw = False
283.6326 	INFO 	Keyboard events cleared
283.6324 	EXP 	probe: autoDraw = True
284.4177 	DATA 	Keypress: x
284.4326 	EXP 	Device response: <KeyPress from None: t=284.41671870002756, value=x, duration=None>
284.4329 	EXP 	New trial (rep=29, index=1): <Trial 117 (1 in rep 29) data={'pos': np.int64(150), 'corr_resp': 'v', 'thisN': 117, 'thisTrialN': 1, 'thisRepN': 29}>
284.4492 	EXP 	fixation: autoDraw = False
284.4492 	EXP 	line1: autoDraw = False
284.4492 	EXP 	line2: autoDraw = False
284.4492 	EXP 	line3: autoDraw = False
284.4492 	EXP 	line4: autoDraw = False
284.4492 	EXP 	probe: autoDraw = False
284.4492 	EXP 	fixation: autoDraw = True
284.5317 	EXP 	Device response: <KeyPress from None: t=284.41671870002756, value=x, duration=0.1011453999672085>
285.4325 	EXP 	line1: autoDraw = True
285.4325 	EXP 	line2: autoDraw = True
285.4325 	EXP 	line3: autoDraw = True
285.4325 	EXP 	line4: autoDraw = True
285.4490 	EXP 	fixation: autoDraw = False
286.4330 	INFO 	Keyboard events cleared
286.4328 	EXP 	probe: autoDraw = True
287.2824 	EXP 	Device response: <KeyPress from None: t=287.2762313000276, value=c, duration=None>
287.2828 	EXP 	New trial (rep=29, index=2): <Trial 118 (2 in rep 29) data={'pos': np.int64(50), 'corr_resp': 'c', 'thisN': 118, 'thisTrialN': 2, 'thisRepN': 29}>
287.2841 	DATA 	Keypress: c
287.2986 	EXP 	fixation: autoDraw = False
287.2986 	EXP 	line1: autoDraw = False
287.2986 	EXP 	line2: autoDraw = False
287.2986 	EXP 	line3: autoDraw = False
287.2986 	EXP 	line4: autoDraw = False
287.2986 	EXP 	probe: autoDraw = False
287.2986 	EXP 	fixation: autoDraw = True
287.3826 	EXP 	Device response: <KeyPress from None: t=287.2762313000276, value=c, duration=0.10051559994462878>
288.2822 	EXP 	line1: autoDraw = True
288.2822 	EXP 	line2: autoDraw = True
288.2822 	EXP 	line3: autoDraw = True
288.2822 	EXP 	line4: autoDraw = True
288.2996 	EXP 	fixation: autoDraw = False
289.2830 	INFO 	Keyboard events cleared
289.2828 	EXP 	probe: autoDraw = True
289.7186 	DATA 	Keypress: c
289.7315 	EXP 	Device response: <KeyPress from None: t=289.7170979999937, value=c, duration=None>
289.7319 	EXP 	New trial (rep=29, index=3): <Trial 119 (3 in rep 29) data={'pos': np.int64(-150), 'corr_resp': 'z', 'thisN': 119, 'thisTrialN': 3, 'thisRepN': 29}>
289.7480 	EXP 	fixation: autoDraw = False
289.7480 	EXP 	line1: autoDraw = False
289.7480 	EXP 	line2: autoDraw = False
289.7480 	EXP 	line3: autoDraw = False
289.7480 	EXP 	line4: autoDraw = False
289.7480 	EXP 	probe: autoDraw = False
289.7480 	EXP 	fixation: autoDraw = True
289.8163 	EXP 	Device response: <KeyPress from None: t=289.7170979999937, value=c, duration=0.09336009999969974>
290.7328 	EXP 	line1: autoDraw = True
290.7328 	EXP 	line2: autoDraw = True
290.7328 	EXP 	line3: autoDraw = True
290.7328 	EXP 	line4: autoDraw = True
290.7498 	EXP 	fixation: autoDraw = False
291.7332 	INFO 	Keyboard events cleared
291.7330 	EXP 	probe: autoDraw = True
292.3826 	EXP 	Device response: <KeyPress from None: t=292.37584120000247, value=z, duration=None>
292.3829 	EXP 	New trial (rep=30, index=0): <Trial 120 (0 in rep 30) data={'pos': np.int64(-50), 'corr_resp': 'x', 'thisN': 120, 'thisTrialN': 0, 'thisRepN': 30}>
292.3841 	DATA 	Keypress: z
292.3981 	EXP 	fixation: autoDraw = False
292.3981 	EXP 	line1: autoDraw = False
292.3981 	EXP 	line2: autoDraw = False
292.3981 	EXP 	line3: autoDraw = False
292.3981 	EXP 	line4: autoDraw = False
292.3981 	EXP 	probe: autoDraw = False
292.3981 	EXP 	fixation: autoDraw = True
292.4992 	EXP 	Device response: <KeyPress from None: t=292.37584120000247, value=z, duration=0.10786970000481233>
293.3824 	EXP 	line1: autoDraw = True
293.3824 	EXP 	line2: autoDraw = True
293.3824 	EXP 	line3: autoDraw = True
293.3824 	EXP 	line4: autoDraw = True
293.3998 	EXP 	fixation: autoDraw = False
294.3823 	INFO 	Keyboard events cleared
294.3821 	EXP 	probe: autoDraw = True
294.6500 	EXP 	Device response: <KeyPress from None: t=294.640081599995, value=x, duration=None>
294.6504 	EXP 	New trial (rep=30, index=1): <Trial 121 (1 in rep 30) data={'pos': np.int64(150), 'corr_resp': 'v', 'thisN': 121, 'thisTrialN': 1, 'thisRepN': 30}>
294.6516 	DATA 	Keypress: x
294.6646 	EXP 	fixation: autoDraw = False
294.6646 	EXP 	line1: autoDraw = False
294.6646 	EXP 	line2: autoDraw = False
294.6646 	EXP 	line3: autoDraw = False
294.6646 	EXP 	line4: autoDraw = False
294.6646 	EXP 	probe: autoDraw = False
294.6646 	EXP 	fixation: autoDraw = True
294.7329 	EXP 	Device response: <KeyPress from None: t=294.640081599995, value=x, duration=0.08736990002216771>
295.6501 	EXP 	line1: autoDraw = True
295.6501 	EXP 	line2: autoDraw = True
295.6501 	EXP 	line3: autoDraw = True
295.6501 	EXP 	line4: autoDraw = True
295.6665 	EXP 	fixation: autoDraw = False
296.6657 	INFO 	Keyboard events cleared
296.6654 	EXP 	probe: autoDraw = True
296.9498 	EXP 	Device response: <KeyPress from None: t=296.9490620000288, value=v, duration=None>
296.9511 	DATA 	Keypress: v
296.9664 	EXP 	New trial (rep=30, index=2): <Trial 122 (2 in rep 30) data={'pos': np.int64(50), 'corr_resp': 'c', 'thisN': 122, 'thisTrialN': 2, 'thisRepN': 30}>
296.9826 	EXP 	fixation: autoDraw = False
296.9826 	EXP 	line1: autoDraw = False
296.9826 	EXP 	line2: autoDraw = False
296.9826 	EXP 	line3: autoDraw = False
296.9826 	EXP 	line4: autoDraw = False
296.9826 	EXP 	probe: autoDraw = False
296.9826 	EXP 	fixation: autoDraw = True
297.0334 	EXP 	Device response: <KeyPress from None: t=296.9490620000288, value=v, duration=0.07723389996681362>
297.9664 	EXP 	line1: autoDraw = True
297.9664 	EXP 	line2: autoDraw = True
297.9664 	EXP 	line3: autoDraw = True
297.9664 	EXP 	line4: autoDraw = True
297.9832 	EXP 	fixation: autoDraw = False
298.9656 	INFO 	Keyboard events cleared
298.9654 	EXP 	probe: autoDraw = True
299.5659 	EXP 	Device response: <KeyPress from None: t=299.55708160001086, value=c, duration=None>
299.5663 	EXP 	New trial (rep=30, index=3): <Trial 123 (3 in rep 30) data={'pos': np.int64(-150), 'corr_resp': 'z', 'thisN': 123, 'thisTrialN': 3, 'thisRepN': 30}>
299.5674 	DATA 	Keypress: c
299.5814 	EXP 	fixation: autoDraw = False
299.5814 	EXP 	line1: autoDraw = False
299.5814 	EXP 	line2: autoDraw = False
299.5814 	EXP 	line3: autoDraw = False
299.5814 	EXP 	line4: autoDraw = False
299.5814 	EXP 	probe: autoDraw = False
299.5814 	EXP 	fixation: autoDraw = True
299.6328 	EXP 	Device response: <KeyPress from None: t=299.55708160001086, value=c, duration=0.0614571999758482>
300.5832 	EXP 	fixation: autoDraw = False
300.5832 	EXP 	line1: autoDraw = True
300.5832 	EXP 	line2: autoDraw = True
300.5832 	EXP 	line3: autoDraw = True
300.5832 	EXP 	line4: autoDraw = True
301.5664 	INFO 	Keyboard events cleared
301.5662 	EXP 	probe: autoDraw = True
302.3157 	EXP 	Device response: <KeyPress from None: t=302.3100133999833, value=z, duration=None>
302.3161 	EXP 	New trial (rep=31, index=0): <Trial 124 (0 in rep 31) data={'pos': np.int64(-50), 'corr_resp': 'x', 'thisN': 124, 'thisTrialN': 0, 'thisRepN': 31}>
302.3173 	DATA 	Keypress: z
302.3321 	EXP 	fixation: autoDraw = False
302.3321 	EXP 	line1: autoDraw = False
302.3321 	EXP 	line2: autoDraw = False
302.3321 	EXP 	line3: autoDraw = False
302.3321 	EXP 	line4: autoDraw = False
302.3321 	EXP 	probe: autoDraw = False
302.3321 	EXP 	fixation: autoDraw = True
302.3998 	EXP 	Device response: <KeyPress from None: t=302.3100133999833, value=z, duration=0.08662310004001483>
303.3160 	EXP 	line1: autoDraw = True
303.3160 	EXP 	line2: autoDraw = True
303.3160 	EXP 	line3: autoDraw = True
303.3160 	EXP 	line4: autoDraw = True
303.3327 	EXP 	fixation: autoDraw = False
304.3161 	INFO 	Keyboard events cleared
304.3159 	EXP 	probe: autoDraw = True
304.8853 	DATA 	Keypress: x
304.8998 	EXP 	Device response: <KeyPress from None: t=304.8836244000122, value=x, duration=None>
304.9001 	EXP 	New trial (rep=31, index=1): <Trial 125 (1 in rep 31) data={'pos': np.int64(150), 'corr_resp': 'v', 'thisN': 125, 'thisTrialN': 1, 'thisRepN': 31}>
304.9149 	EXP 	fixation: autoDraw = False
304.9149 	EXP 	line1: autoDraw = False
304.9149 	EXP 	line2: autoDraw = False
304.9149 	EXP 	line3: autoDraw = False
304.9149 	EXP 	line4: autoDraw = False
304.9149 	EXP 	probe: autoDraw = False
304.9149 	EXP 	fixation: autoDraw = True
304.9669 	EXP 	Device response: <KeyPress from None: t=304.8836244000122, value=x, duration=0.07730760000413284>
305.9037 	EXP 	line1: autoDraw = True
305.9037 	EXP 	line2: autoDraw = True
305.9037 	EXP 	line3: autoDraw = True
305.9037 	EXP 	line4: autoDraw = True
305.9156 	EXP 	fixation: autoDraw = False
306.9000 	INFO 	Keyboard events cleared
306.8998 	EXP 	probe: autoDraw = True
307.1991 	EXP 	Device response: <KeyPress from None: t=307.19087990000844, value=v, duration=None>
307.1994 	EXP 	New trial (rep=31, index=2): <Trial 126 (2 in rep 31) data={'pos': np.int64(50), 'corr_resp': 'c', 'thisN': 126, 'thisTrialN': 2, 'thisRepN': 31}>
307.2006 	DATA 	Keypress: v
307.2157 	EXP 	fixation: autoDraw = False
307.2157 	EXP 	line1: autoDraw = False
307.2157 	EXP 	line2: autoDraw = False
307.2157 	EXP 	line3: autoDraw = False
307.2157 	EXP 	line4: autoDraw = False
307.2157 	EXP 	probe: autoDraw = False
307.2157 	EXP 	fixation: autoDraw = True
307.2832 	EXP 	Device response: <KeyPress from None: t=307.19087990000844, value=v, duration=0.081171199970413>
308.2017 	EXP 	line1: autoDraw = True
308.2017 	EXP 	line2: autoDraw = True
308.2017 	EXP 	line3: autoDraw = True
308.2017 	EXP 	line4: autoDraw = True
308.2167 	EXP 	fixation: autoDraw = False
309.2004 	INFO 	Keyboard events cleared
309.2001 	EXP 	probe: autoDraw = True
309.7671 	EXP 	Device response: <KeyPress from None: t=309.76209759997437, value=c, duration=None>
309.7675 	EXP 	New trial (rep=31, index=3): <Trial 127 (3 in rep 31) data={'pos': np.int64(-150), 'corr_resp': 'z', 'thisN': 127, 'thisTrialN': 3, 'thisRepN': 31}>
309.7687 	DATA 	Keypress: c
309.7817 	EXP 	fixation: autoDraw = False
309.7817 	EXP 	line1: autoDraw = False
309.7817 	EXP 	line2: autoDraw = False
309.7817 	EXP 	line3: autoDraw = False
309.7817 	EXP 	line4: autoDraw = False
309.7817 	EXP 	probe: autoDraw = False
309.7817 	EXP 	fixation: autoDraw = True
309.8496 	EXP 	Device response: <KeyPress from None: t=309.76209759997437, value=c, duration=0.08591490000253543>
310.7825 	EXP 	fixation: autoDraw = False
310.7825 	EXP 	line1: autoDraw = True
310.7825 	EXP 	line2: autoDraw = True
310.7825 	EXP 	line3: autoDraw = True
310.7825 	EXP 	line4: autoDraw = True
311.7835 	INFO 	Keyboard events cleared
311.7833 	EXP 	probe: autoDraw = True
312.1000 	EXP 	Device response: <KeyPress from None: t=312.0905178000103, value=z, duration=None>
312.1004 	EXP 	New trial (rep=32, index=0): <Trial 128 (0 in rep 32) data={'pos': np.int64(-50), 'corr_resp': 'x', 'thisN': 128, 'thisTrialN': 0, 'thisRepN': 32}>
312.1016 	DATA 	Keypress: z
312.1149 	EXP 	fixation: autoDraw = False
312.1149 	EXP 	line1: autoDraw = False
312.1149 	EXP 	line2: autoDraw = False
312.1149 	EXP 	line3: autoDraw = False
312.1149 	EXP 	line4: autoDraw = False
312.1149 	EXP 	probe: autoDraw = False
312.1149 	EXP 	fixation: autoDraw = True
312.2005 	EXP 	Device response: <KeyPress from None: t=312.0905178000103, value=z, duration=0.10407719999784604>
313.0999 	EXP 	line1: autoDraw = True
313.0999 	EXP 	line2: autoDraw = True
313.0999 	EXP 	line3: autoDraw = True
313.0999 	EXP 	line4: autoDraw = True
313.1167 	EXP 	fixation: autoDraw = False
314.1001 	INFO 	Keyboard events cleared
314.0999 	EXP 	probe: autoDraw = True
314.3345 	DATA 	Keypress: x
314.3501 	EXP 	Device response: <KeyPress from None: t=314.33287410001503, value=x, duration=None>
314.3504 	EXP 	New trial (rep=32, index=1): <Trial 129 (1 in rep 32) data={'pos': np.int64(150), 'corr_resp': 'v', 'thisN': 129, 'thisTrialN': 1, 'thisRepN': 32}>
314.3649 	EXP 	fixation: autoDraw = False
314.3649 	EXP 	line1: autoDraw = False
314.3649 	EXP 	line2: autoDraw = False
314.3649 	EXP 	line3: autoDraw = False
314.3649 	EXP 	line4: autoDraw = False
314.3649 	EXP 	probe: autoDraw = False
314.3649 	EXP 	fixation: autoDraw = True
314.4166 	EXP 	Device response: <KeyPress from None: t=314.33287410001503, value=x, duration=0.08100870001362637>
315.3493 	EXP 	line1: autoDraw = True
315.3493 	EXP 	line2: autoDraw = True
315.3493 	EXP 	line3: autoDraw = True
315.3493 	EXP 	line4: autoDraw = True
315.3668 	EXP 	fixation: autoDraw = False
316.3500 	INFO 	Keyboard events cleared
316.3498 	EXP 	probe: autoDraw = True
316.9991 	EXP 	Device response: <KeyPress from None: t=316.99642949999543, value=v, duration=None>
316.9994 	EXP 	New trial (rep=32, index=2): <Trial 130 (2 in rep 32) data={'pos': np.int64(50), 'corr_resp': 'c', 'thisN': 130, 'thisTrialN': 2, 'thisRepN': 32}>
317.0005 	DATA 	Keypress: v
317.0158 	EXP 	fixation: autoDraw = False
317.0158 	EXP 	line1: autoDraw = False
317.0158 	EXP 	line2: autoDraw = False
317.0158 	EXP 	line3: autoDraw = False
317.0158 	EXP 	line4: autoDraw = False
317.0158 	EXP 	probe: autoDraw = False
317.0158 	EXP 	fixation: autoDraw = True
317.0837 	EXP 	Device response: <KeyPress from None: t=316.99642949999543, value=v, duration=0.07731319998856634>
317.9997 	EXP 	line1: autoDraw = True
317.9997 	EXP 	line2: autoDraw = True
317.9997 	EXP 	line3: autoDraw = True
317.9997 	EXP 	line4: autoDraw = True
318.0158 	EXP 	fixation: autoDraw = False
319.0004 	INFO 	Keyboard events cleared
319.0002 	EXP 	probe: autoDraw = True
319.3160 	EXP 	Device response: <KeyPress from None: t=319.3095290000201, value=c, duration=None>
319.3164 	EXP 	New trial (rep=32, index=3): <Trial 131 (3 in rep 32) data={'pos': np.int64(-150), 'corr_resp': 'z', 'thisN': 131, 'thisTrialN': 3, 'thisRepN': 32}>
319.3179 	DATA 	Keypress: c
319.3324 	EXP 	fixation: autoDraw = False
319.3324 	EXP 	line1: autoDraw = False
319.3324 	EXP 	line2: autoDraw = False
319.3324 	EXP 	line3: autoDraw = False
319.3324 	EXP 	line4: autoDraw = False
319.3324 	EXP 	probe: autoDraw = False
319.3324 	EXP 	fixation: autoDraw = True
319.3998 	EXP 	Device response: <KeyPress from None: t=319.3095290000201, value=c, duration=0.08739159995457157>
320.3161 	EXP 	line1: autoDraw = True
320.3161 	EXP 	line2: autoDraw = True
320.3161 	EXP 	line3: autoDraw = True
320.3161 	EXP 	line4: autoDraw = True
320.3334 	EXP 	fixation: autoDraw = False
321.3171 	INFO 	Keyboard events cleared
321.3169 	EXP 	probe: autoDraw = True
321.6186 	DATA 	Keypress: z
321.6332 	EXP 	Device response: <KeyPress from None: t=321.6167785000289, value=z, duration=None>
321.6337 	EXP 	New trial (rep=33, index=0): <Trial 132 (0 in rep 33) data={'pos': np.int64(-50), 'corr_resp': 'x', 'thisN': 132, 'thisTrialN': 0, 'thisRepN': 33}>
321.6496 	EXP 	fixation: autoDraw = False
321.6496 	EXP 	line1: autoDraw = False
321.6496 	EXP 	line2: autoDraw = False
321.6496 	EXP 	line3: autoDraw = False
321.6496 	EXP 	line4: autoDraw = False
321.6496 	EXP 	probe: autoDraw = False
321.6496 	EXP 	fixation: autoDraw = True
321.7501 	EXP 	Device response: <KeyPress from None: t=321.6167785000289, value=z, duration=0.12695859995437786>
322.6332 	EXP 	line1: autoDraw = True
322.6332 	EXP 	line2: autoDraw = True
322.6332 	EXP 	line3: autoDraw = True
322.6332 	EXP 	line4: autoDraw = True
322.6497 	EXP 	fixation: autoDraw = False
323.6336 	INFO 	Keyboard events cleared
323.6333 	EXP 	probe: autoDraw = True
323.9327 	EXP 	Device response: <KeyPress from None: t=323.93047750002006, value=x, duration=None>
323.9331 	EXP 	New trial (rep=33, index=1): <Trial 133 (1 in rep 33) data={'pos': np.int64(150), 'corr_resp': 'v', 'thisN': 133, 'thisTrialN': 1, 'thisRepN': 33}>
323.9342 	DATA 	Keypress: x
323.9494 	EXP 	fixation: autoDraw = False
323.9494 	EXP 	line1: autoDraw = False
323.9494 	EXP 	line2: autoDraw = False
323.9494 	EXP 	line3: autoDraw = False
323.9494 	EXP 	line4: autoDraw = False
323.9494 	EXP 	probe: autoDraw = False
323.9494 	EXP 	fixation: autoDraw = True
324.0341 	EXP 	Device response: <KeyPress from None: t=323.93047750002006, value=x, duration=0.0903863999992609>
324.9335 	EXP 	line1: autoDraw = True
324.9335 	EXP 	line2: autoDraw = True
324.9335 	EXP 	line3: autoDraw = True
324.9335 	EXP 	line4: autoDraw = True
324.9498 	EXP 	fixation: autoDraw = False
325.9321 	INFO 	Keyboard events cleared
325.9319 	EXP 	probe: autoDraw = True
326.3501 	EXP 	Device response: <KeyPress from None: t=326.33915539999725, value=v, duration=None>
326.3506 	EXP 	New trial (rep=33, index=2): <Trial 134 (2 in rep 33) data={'pos': np.int64(50), 'corr_resp': 'c', 'thisN': 134, 'thisTrialN': 2, 'thisRepN': 33}>
326.3525 	DATA 	Keypress: v
326.3653 	EXP 	fixation: autoDraw = False
326.3653 	EXP 	line1: autoDraw = False
326.3653 	EXP 	line2: autoDraw = False
326.3653 	EXP 	line3: autoDraw = False
326.3653 	EXP 	line4: autoDraw = False
326.3653 	EXP 	probe: autoDraw = False
326.3653 	EXP 	fixation: autoDraw = True
326.4659 	EXP 	Device response: <KeyPress from None: t=326.33915539999725, value=v, duration=0.11120729998219758>
327.3498 	EXP 	line1: autoDraw = True
327.3498 	EXP 	line2: autoDraw = True
327.3498 	EXP 	line3: autoDraw = True
327.3498 	EXP 	line4: autoDraw = True
327.3666 	EXP 	fixation: autoDraw = False
328.3506 	INFO 	Keyboard events cleared
328.3503 	EXP 	probe: autoDraw = True
328.7332 	EXP 	Device response: <KeyPress from None: t=328.72252000001026, value=c, duration=None>
328.7336 	EXP 	New trial (rep=33, index=3): <Trial 135 (3 in rep 33) data={'pos': np.int64(-150), 'corr_resp': 'z', 'thisN': 135, 'thisTrialN': 3, 'thisRepN': 33}>
328.7347 	DATA 	Keypress: c
328.7500 	EXP 	fixation: autoDraw = False
328.7500 	EXP 	line1: autoDraw = False
328.7500 	EXP 	line2: autoDraw = False
328.7500 	EXP 	line3: autoDraw = False
328.7500 	EXP 	line4: autoDraw = False
328.7500 	EXP 	probe: autoDraw = False
328.7500 	EXP 	fixation: autoDraw = True
328.8508 	EXP 	Device response: <KeyPress from None: t=328.72252000001026, value=c, duration=0.11242750001838431>
329.7499 	EXP 	fixation: autoDraw = False
329.7499 	EXP 	line1: autoDraw = True
329.7499 	EXP 	line2: autoDraw = True
329.7499 	EXP 	line3: autoDraw = True
329.7499 	EXP 	line4: autoDraw = True
330.7335 	INFO 	Keyboard events cleared
330.7333 	EXP 	probe: autoDraw = True
331.1164 	EXP 	Device response: <KeyPress from None: t=331.1065722000203, value=z, duration=None>
331.1167 	EXP 	New trial (rep=34, index=0): <Trial 136 (0 in rep 34) data={'pos': np.int64(-50), 'corr_resp': 'x', 'thisN': 136, 'thisTrialN': 0, 'thisRepN': 34}>
331.1182 	DATA 	Keypress: z
331.1325 	EXP 	fixation: autoDraw = False
331.1325 	EXP 	line1: autoDraw = False
331.1325 	EXP 	line2: autoDraw = False
331.1325 	EXP 	line3: autoDraw = False
331.1325 	EXP 	line4: autoDraw = False
331.1325 	EXP 	probe: autoDraw = False
331.1325 	EXP 	fixation: autoDraw = True
331.2193 	EXP 	Device response: <KeyPress from None: t=331.1065722000203, value=z, duration=0.10122569999657571>
332.1165 	EXP 	line1: autoDraw = True
332.1165 	EXP 	line2: autoDraw = True
332.1165 	EXP 	line3: autoDraw = True
332.1165 	EXP 	line4: autoDraw = True
332.1324 	EXP 	fixation: autoDraw = False
333.1172 	INFO 	Keyboard events cleared
333.1170 	EXP 	probe: autoDraw = True
333.5341 	EXP 	Device response: <KeyPress from None: t=333.52827349997824, value=x, duration=None>
333.5346 	EXP 	New trial (rep=34, index=1): <Trial 137 (1 in rep 34) data={'pos': np.int64(150), 'corr_resp': 'v', 'thisN': 137, 'thisTrialN': 1, 'thisRepN': 34}>
333.5364 	DATA 	Keypress: x
333.5484 	EXP 	fixation: autoDraw = False
333.5484 	EXP 	line1: autoDraw = False
333.5484 	EXP 	line2: autoDraw = False
333.5484 	EXP 	line3: autoDraw = False
333.5484 	EXP 	line4: autoDraw = False
333.5484 	EXP 	probe: autoDraw = False
333.5484 	EXP 	fixation: autoDraw = True
333.6173 	EXP 	Device response: <KeyPress from None: t=333.52827349997824, value=x, duration=0.07612710003741086>
334.5493 	EXP 	fixation: autoDraw = False
334.5493 	EXP 	line1: autoDraw = True
334.5493 	EXP 	line2: autoDraw = True
334.5493 	EXP 	line3: autoDraw = True
334.5493 	EXP 	line4: autoDraw = True
335.5341 	INFO 	Keyboard events cleared
335.5339 	EXP 	probe: autoDraw = True
336.1006 	EXP 	Device response: <KeyPress from None: t=336.09043610002846, value=v, duration=None>
336.1010 	EXP 	New trial (rep=34, index=2): <Trial 138 (2 in rep 34) data={'pos': np.int64(50), 'corr_resp': 'c', 'thisN': 138, 'thisTrialN': 2, 'thisRepN': 34}>
336.1041 	DATA 	Keypress: v
336.1161 	EXP 	fixation: autoDraw = False
336.1161 	EXP 	line1: autoDraw = False
336.1161 	EXP 	line2: autoDraw = False
336.1161 	EXP 	line3: autoDraw = False
336.1161 	EXP 	line4: autoDraw = False
336.1161 	EXP 	probe: autoDraw = False
336.1161 	EXP 	fixation: autoDraw = True
336.1832 	EXP 	Device response: <KeyPress from None: t=336.09043610002846, value=v, duration=0.08086509996792302>
337.1003 	EXP 	line1: autoDraw = True
337.1003 	EXP 	line2: autoDraw = True
337.1003 	EXP 	line3: autoDraw = True
337.1003 	EXP 	line4: autoDraw = True
337.1171 	EXP 	fixation: autoDraw = False
338.1003 	INFO 	Keyboard events cleared
338.1001 	EXP 	probe: autoDraw = True
338.4674 	EXP 	Device response: <KeyPress from None: t=338.46083080000244, value=c, duration=None>
338.4677 	EXP 	New trial (rep=34, index=3): <Trial 139 (3 in rep 34) data={'pos': np.int64(-150), 'corr_resp': 'z', 'thisN': 139, 'thisTrialN': 3, 'thisRepN': 34}>
338.4690 	DATA 	Keypress: c
338.4827 	EXP 	fixation: autoDraw = False
338.4827 	EXP 	line1: autoDraw = False
338.4827 	EXP 	line2: autoDraw = False
338.4827 	EXP 	line3: autoDraw = False
338.4827 	EXP 	line4: autoDraw = False
338.4827 	EXP 	probe: autoDraw = False
338.4827 	EXP 	fixation: autoDraw = True
338.5678 	EXP 	Device response: <KeyPress from None: t=338.46083080000244, value=c, duration=0.09709390002535656>
339.4824 	EXP 	fixation: autoDraw = False
339.4824 	EXP 	line1: autoDraw = True
339.4824 	EXP 	line2: autoDraw = True
339.4824 	EXP 	line3: autoDraw = True
339.4824 	EXP 	line4: autoDraw = True
340.4673 	INFO 	Keyboard events cleared
340.4671 	EXP 	probe: autoDraw = True
340.7845 	EXP 	Device response: <KeyPress from None: t=340.77379569999175, value=z, duration=None>
340.7850 	EXP 	New trial (rep=35, index=0): <Trial 140 (0 in rep 35) data={'pos': np.int64(-50), 'corr_resp': 'x', 'thisN': 140, 'thisTrialN': 0, 'thisRepN': 35}>
340.7864 	DATA 	Keypress: z
340.7986 	EXP 	fixation: autoDraw = False
340.7986 	EXP 	line1: autoDraw = False
340.7986 	EXP 	line2: autoDraw = False
340.7986 	EXP 	line3: autoDraw = False
340.7986 	EXP 	line4: autoDraw = False
340.7986 	EXP 	probe: autoDraw = False
340.7986 	EXP 	fixation: autoDraw = True
340.9001 	EXP 	Device response: <KeyPress from None: t=340.77379569999175, value=z, duration=0.11831360001815483>
341.7998 	EXP 	fixation: autoDraw = False
341.7998 	EXP 	line1: autoDraw = True
341.7998 	EXP 	line2: autoDraw = True
341.7998 	EXP 	line3: autoDraw = True
341.7998 	EXP 	line4: autoDraw = True
342.8007 	INFO 	Keyboard events cleared
342.8005 	EXP 	probe: autoDraw = True
343.1833 	EXP 	Device response: <KeyPress from None: t=343.1793447000091, value=x, duration=None>
343.1837 	EXP 	New trial (rep=35, index=1): <Trial 141 (1 in rep 35) data={'pos': np.int64(150), 'corr_resp': 'v', 'thisN': 141, 'thisTrialN': 1, 'thisRepN': 35}>
343.1849 	DATA 	Keypress: x
343.1994 	EXP 	fixation: autoDraw = False
343.1994 	EXP 	line1: autoDraw = False
343.1994 	EXP 	line2: autoDraw = False
343.1994 	EXP 	line3: autoDraw = False
343.1994 	EXP 	line4: autoDraw = False
343.1994 	EXP 	probe: autoDraw = False
343.1994 	EXP 	fixation: autoDraw = True
343.3160 	EXP 	Device response: <KeyPress from None: t=343.1793447000091, value=x, duration=0.12171400000806898>
344.1835 	EXP 	line1: autoDraw = True
344.1835 	EXP 	line2: autoDraw = True
344.1835 	EXP 	line3: autoDraw = True
344.1835 	EXP 	line4: autoDraw = True
344.2006 	EXP 	fixation: autoDraw = False
345.1830 	INFO 	Keyboard events cleared
345.1828 	EXP 	probe: autoDraw = True
345.4842 	EXP 	Device response: <KeyPress from None: t=345.4751866000006, value=v, duration=None>
345.4847 	EXP 	New trial (rep=35, index=2): <Trial 142 (2 in rep 35) data={'pos': np.int64(50), 'corr_resp': 'c', 'thisN': 142, 'thisTrialN': 2, 'thisRepN': 35}>
345.4862 	DATA 	Keypress: v
345.4988 	EXP 	fixation: autoDraw = False
345.4988 	EXP 	line1: autoDraw = False
345.4988 	EXP 	line2: autoDraw = False
345.4988 	EXP 	line3: autoDraw = False
345.4988 	EXP 	line4: autoDraw = False
345.4988 	EXP 	probe: autoDraw = False
345.4988 	EXP 	fixation: autoDraw = True
345.5667 	EXP 	Device response: <KeyPress from None: t=345.4751866000006, value=v, duration=0.07629380002617836>
346.4998 	EXP 	fixation: autoDraw = False
346.4998 	EXP 	line1: autoDraw = True
346.4998 	EXP 	line2: autoDraw = True
346.4998 	EXP 	line3: autoDraw = True
346.4998 	EXP 	line4: autoDraw = True
347.4834 	INFO 	Keyboard events cleared
347.4832 	EXP 	probe: autoDraw = True
347.9015 	DATA 	Keypress: c
347.9162 	EXP 	Device response: <KeyPress from None: t=347.89956699998584, value=c, duration=None>
347.9167 	EXP 	New trial (rep=35, index=3): <Trial 143 (3 in rep 35) data={'pos': np.int64(-150), 'corr_resp': 'z', 'thisN': 143, 'thisTrialN': 3, 'thisRepN': 35}>
347.9338 	EXP 	fixation: autoDraw = False
347.9338 	EXP 	line1: autoDraw = False
347.9338 	EXP 	line2: autoDraw = False
347.9338 	EXP 	line3: autoDraw = False
347.9338 	EXP 	line4: autoDraw = False
347.9338 	EXP 	probe: autoDraw = False
347.9338 	EXP 	fixation: autoDraw = True
347.9996 	EXP 	Device response: <KeyPress from None: t=347.89956699998584, value=c, duration=0.08907490002457052>
348.9176 	EXP 	line1: autoDraw = True
348.9176 	EXP 	line2: autoDraw = True
348.9176 	EXP 	line3: autoDraw = True
348.9176 	EXP 	line4: autoDraw = True
348.9339 	EXP 	fixation: autoDraw = False
349.9175 	INFO 	Keyboard events cleared
349.9173 	EXP 	probe: autoDraw = True
350.3006 	EXP 	Device response: <KeyPress from None: t=350.2865750999772, value=z, duration=None>
350.3011 	EXP 	New trial (rep=36, index=0): <Trial 144 (0 in rep 36) data={'pos': np.int64(-50), 'corr_resp': 'x', 'thisN': 144, 'thisTrialN': 0, 'thisRepN': 36}>
350.3023 	DATA 	Keypress: z
350.3157 	EXP 	fixation: autoDraw = False
350.3157 	EXP 	line1: autoDraw = False
350.3157 	EXP 	line2: autoDraw = False
350.3157 	EXP 	line3: autoDraw = False
350.3157 	EXP 	line4: autoDraw = False
350.3157 	EXP 	probe: autoDraw = False
350.3157 	EXP 	fixation: autoDraw = True
350.3501 	EXP 	Device response: <KeyPress from None: t=350.2865750999772, value=z, duration=0.05647270003100857>
351.3003 	EXP 	line1: autoDraw = True
351.3003 	EXP 	line2: autoDraw = True
351.3003 	EXP 	line3: autoDraw = True
351.3003 	EXP 	line4: autoDraw = True
351.3167 	EXP 	fixation: autoDraw = False
352.3008 	INFO 	Keyboard events cleared
352.3006 	EXP 	probe: autoDraw = True
352.5675 	EXP 	Device response: <KeyPress from None: t=352.5652975999983, value=x, duration=None>
352.5679 	EXP 	New trial (rep=36, index=1): <Trial 145 (1 in rep 36) data={'pos': np.int64(150), 'corr_resp': 'v', 'thisN': 145, 'thisTrialN': 1, 'thisRepN': 36}>
352.5691 	DATA 	Keypress: x
352.5829 	EXP 	fixation: autoDraw = False
352.5829 	EXP 	line1: autoDraw = False
352.5829 	EXP 	line2: autoDraw = False
352.5829 	EXP 	line3: autoDraw = False
352.5829 	EXP 	line4: autoDraw = False
352.5829 	EXP 	probe: autoDraw = False
352.5829 	EXP 	fixation: autoDraw = True
352.6666 	EXP 	Device response: <KeyPress from None: t=352.5652975999983, value=x, duration=0.09151920001022518>
353.5675 	EXP 	line1: autoDraw = True
353.5675 	EXP 	line2: autoDraw = True
353.5675 	EXP 	line3: autoDraw = True
353.5675 	EXP 	line4: autoDraw = True
353.5841 	EXP 	fixation: autoDraw = False
354.5838 	INFO 	Keyboard events cleared
354.5836 	EXP 	probe: autoDraw = True
354.9162 	EXP 	Device response: <KeyPress from None: t=354.91270719998283, value=v, duration=None>
354.9165 	EXP 	New trial (rep=36, index=2): <Trial 146 (2 in rep 36) data={'pos': np.int64(50), 'corr_resp': 'c', 'thisN': 146, 'thisTrialN': 2, 'thisRepN': 36}>
354.9177 	DATA 	Keypress: v
354.9325 	EXP 	fixation: autoDraw = False
354.9325 	EXP 	line1: autoDraw = False
354.9325 	EXP 	line2: autoDraw = False
354.9325 	EXP 	line3: autoDraw = False
354.9325 	EXP 	line4: autoDraw = False
354.9325 	EXP 	probe: autoDraw = False
354.9325 	EXP 	fixation: autoDraw = True
355.0007 	EXP 	Device response: <KeyPress from None: t=354.91270719998283, value=v, duration=0.08653020003112033>
355.9164 	EXP 	line1: autoDraw = True
355.9164 	EXP 	line2: autoDraw = True
355.9164 	EXP 	line3: autoDraw = True
355.9164 	EXP 	line4: autoDraw = True
355.9336 	EXP 	fixation: autoDraw = False
356.9174 	INFO 	Keyboard events cleared
356.9172 	EXP 	probe: autoDraw = True
357.2847 	EXP 	Device response: <KeyPress from None: t=357.2706905999803, value=c, duration=None>
357.2851 	EXP 	New trial (rep=36, index=3): <Trial 147 (3 in rep 36) data={'pos': np.int64(-150), 'corr_resp': 'z', 'thisN': 147, 'thisTrialN': 3, 'thisRepN': 36}>
357.2866 	DATA 	Keypress: c
357.2993 	EXP 	fixation: autoDraw = False
357.2993 	EXP 	line1: autoDraw = False
357.2993 	EXP 	line2: autoDraw = False
357.2993 	EXP 	line3: autoDraw = False
357.2993 	EXP 	line4: autoDraw = False
357.2993 	EXP 	probe: autoDraw = False
357.2993 	EXP 	fixation: autoDraw = True
357.3663 	EXP 	Device response: <KeyPress from None: t=357.2706905999803, value=c, duration=0.09232739999424666>
358.3003 	EXP 	fixation: autoDraw = False
358.3003 	EXP 	line1: autoDraw = True
358.3003 	EXP 	line2: autoDraw = True
358.3003 	EXP 	line3: autoDraw = True
358.3003 	EXP 	line4: autoDraw = True
359.2834 	INFO 	Keyboard events cleared
359.2832 	EXP 	probe: autoDraw = True
359.5170 	EXP 	Device response: <KeyPress from None: t=359.5084667999763, value=z, duration=None>
359.5173 	EXP 	New trial (rep=37, index=0): <Trial 148 (0 in rep 37) data={'pos': np.int64(-50), 'corr_resp': 'x', 'thisN': 148, 'thisTrialN': 0, 'thisRepN': 37}>
359.5185 	DATA 	Keypress: z
359.5330 	EXP 	fixation: autoDraw = False
359.5330 	EXP 	line1: autoDraw = False
359.5330 	EXP 	line2: autoDraw = False
359.5330 	EXP 	line3: autoDraw = False
359.5330 	EXP 	line4: autoDraw = False
359.5330 	EXP 	probe: autoDraw = False
359.5330 	EXP 	fixation: autoDraw = True
359.6012 	EXP 	Device response: <KeyPress from None: t=359.5084667999763, value=z, duration=0.08742460003122687>
360.5170 	EXP 	line1: autoDraw = True
360.5170 	EXP 	line2: autoDraw = True
360.5170 	EXP 	line3: autoDraw = True
360.5170 	EXP 	line4: autoDraw = True
360.5334 	EXP 	fixation: autoDraw = False
361.5176 	INFO 	Keyboard events cleared
361.5174 	EXP 	probe: autoDraw = True
361.7501 	EXP 	Device response: <KeyPress from None: t=361.7463676999905, value=x, duration=None>
361.7505 	EXP 	New trial (rep=37, index=1): <Trial 149 (1 in rep 37) data={'pos': np.int64(150), 'corr_resp': 'v', 'thisN': 149, 'thisTrialN': 1, 'thisRepN': 37}>
361.7518 	DATA 	Keypress: x
361.7663 	EXP 	fixation: autoDraw = False
361.7663 	EXP 	line1: autoDraw = False
361.7663 	EXP 	line2: autoDraw = False
361.7663 	EXP 	line3: autoDraw = False
361.7663 	EXP 	line4: autoDraw = False
361.7663 	EXP 	probe: autoDraw = False
361.7663 	EXP 	fixation: autoDraw = True
361.8702 	EXP 	Device response: <KeyPress from None: t=361.7463676999905, value=x, duration=0.1130863000289537>
362.7506 	EXP 	line1: autoDraw = True
362.7506 	EXP 	line2: autoDraw = True
362.7506 	EXP 	line3: autoDraw = True
362.7506 	EXP 	line4: autoDraw = True
362.7672 	EXP 	fixation: autoDraw = False
363.7510 	INFO 	Keyboard events cleared
363.7508 	EXP 	probe: autoDraw = True
364.1503 	EXP 	Device response: <KeyPress from None: t=364.14200930000516, value=v, duration=None>
364.1506 	EXP 	New trial (rep=37, index=2): <Trial 150 (2 in rep 37) data={'pos': np.int64(50), 'corr_resp': 'c', 'thisN': 150, 'thisTrialN': 2, 'thisRepN': 37}>
364.1517 	DATA 	Keypress: v
364.1674 	EXP 	fixation: autoDraw = False
364.1674 	EXP 	line1: autoDraw = False
364.1674 	EXP 	line2: autoDraw = False
364.1674 	EXP 	line3: autoDraw = False
364.1674 	EXP 	line4: autoDraw = False
364.1674 	EXP 	probe: autoDraw = False
364.1674 	EXP 	fixation: autoDraw = True
364.2162 	EXP 	Device response: <KeyPress from None: t=364.14200930000516, value=v, duration=0.07007189997239038>
365.1504 	EXP 	line1: autoDraw = True
365.1504 	EXP 	line2: autoDraw = True
365.1504 	EXP 	line3: autoDraw = True
365.1504 	EXP 	line4: autoDraw = True
365.1670 	EXP 	fixation: autoDraw = False
366.1503 	INFO 	Keyboard events cleared
366.1501 	EXP 	probe: autoDraw = True
366.9514 	EXP 	Device response: <KeyPress from None: t=366.9462281999877, value=c, duration=None>
366.9519 	EXP 	New trial (rep=37, index=3): <Trial 151 (3 in rep 37) data={'pos': np.int64(-150), 'corr_resp': 'z', 'thisN': 151, 'thisTrialN': 3, 'thisRepN': 37}>
366.9533 	DATA 	Keypress: c
366.9671 	EXP 	fixation: autoDraw = False
366.9671 	EXP 	line1: autoDraw = False
366.9671 	EXP 	line2: autoDraw = False
366.9671 	EXP 	line3: autoDraw = False
366.9671 	EXP 	line4: autoDraw = False
366.9671 	EXP 	probe: autoDraw = False
366.9671 	EXP 	fixation: autoDraw = True
367.0338 	EXP 	Device response: <KeyPress from None: t=366.9462281999877, value=c, duration=0.07134120003320277>
367.9675 	EXP 	fixation: autoDraw = False
367.9675 	EXP 	line1: autoDraw = True
367.9675 	EXP 	line2: autoDraw = True
367.9675 	EXP 	line3: autoDraw = True
367.9675 	EXP 	line4: autoDraw = True
368.9508 	INFO 	Keyboard events cleared
368.9506 	EXP 	probe: autoDraw = True
369.3513 	EXP 	Device response: <KeyPress from None: t=369.343756199989, value=z, duration=None>
369.3518 	EXP 	New trial (rep=38, index=0): <Trial 152 (0 in rep 38) data={'pos': np.int64(-50), 'corr_resp': 'x', 'thisN': 152, 'thisTrialN': 0, 'thisRepN': 38}>
369.3532 	DATA 	Keypress: z
369.3670 	EXP 	fixation: autoDraw = False
369.3670 	EXP 	line1: autoDraw = False
369.3670 	EXP 	line2: autoDraw = False
369.3670 	EXP 	line3: autoDraw = False
369.3670 	EXP 	line4: autoDraw = False
369.3670 	EXP 	probe: autoDraw = False
369.3670 	EXP 	fixation: autoDraw = True
369.4838 	EXP 	Device response: <KeyPress from None: t=369.343756199989, value=z, duration=0.12590400001499802>
370.3675 	EXP 	fixation: autoDraw = False
370.3675 	EXP 	line1: autoDraw = True
370.3675 	EXP 	line2: autoDraw = True
370.3675 	EXP 	line3: autoDraw = True
370.3675 	EXP 	line4: autoDraw = True
371.3508 	INFO 	Keyboard events cleared
371.3506 	EXP 	probe: autoDraw = True
371.6008 	EXP 	Device response: <KeyPress from None: t=371.5979845999973, value=x, duration=None>
371.6011 	EXP 	New trial (rep=38, index=1): <Trial 153 (1 in rep 38) data={'pos': np.int64(150), 'corr_resp': 'v', 'thisN': 153, 'thisTrialN': 1, 'thisRepN': 38}>
371.6023 	DATA 	Keypress: x
371.6166 	EXP 	fixation: autoDraw = False
371.6166 	EXP 	line1: autoDraw = False
371.6166 	EXP 	line2: autoDraw = False
371.6166 	EXP 	line3: autoDraw = False
371.6166 	EXP 	line4: autoDraw = False
371.6166 	EXP 	probe: autoDraw = False
371.6166 	EXP 	fixation: autoDraw = True
371.7021 	EXP 	Device response: <KeyPress from None: t=371.5979845999973, value=x, duration=0.09184970002388582>
372.6007 	EXP 	line1: autoDraw = True
372.6007 	EXP 	line2: autoDraw = True
372.6007 	EXP 	line3: autoDraw = True
372.6007 	EXP 	line4: autoDraw = True
372.6171 	EXP 	fixation: autoDraw = False
373.6014 	INFO 	Keyboard events cleared
373.6012 	EXP 	probe: autoDraw = True
374.0369 	DATA 	Keypress: v
374.0495 	EXP 	Device response: <KeyPress from None: t=374.03506560000824, value=v, duration=None>
374.0499 	EXP 	New trial (rep=38, index=2): <Trial 154 (2 in rep 38) data={'pos': np.int64(50), 'corr_resp': 'c', 'thisN': 154, 'thisTrialN': 2, 'thisRepN': 38}>
374.0664 	EXP 	fixation: autoDraw = False
374.0664 	EXP 	line1: autoDraw = False
374.0664 	EXP 	line2: autoDraw = False
374.0664 	EXP 	line3: autoDraw = False
374.0664 	EXP 	line4: autoDraw = False
374.0664 	EXP 	probe: autoDraw = False
374.0664 	EXP 	fixation: autoDraw = True
374.1338 	EXP 	Device response: <KeyPress from None: t=374.03506560000824, value=v, duration=0.08556729997508228>
375.0510 	EXP 	line1: autoDraw = True
375.0510 	EXP 	line2: autoDraw = True
375.0510 	EXP 	line3: autoDraw = True
375.0510 	EXP 	line4: autoDraw = True
375.0675 	EXP 	fixation: autoDraw = False
376.0509 	INFO 	Keyboard events cleared
376.0507 	EXP 	probe: autoDraw = True
376.6666 	EXP 	Device response: <KeyPress from None: t=376.66003989998717, value=c, duration=None>
376.6670 	EXP 	New trial (rep=38, index=3): <Trial 155 (3 in rep 38) data={'pos': np.int64(-150), 'corr_resp': 'z', 'thisN': 155, 'thisTrialN': 3, 'thisRepN': 38}>
376.6682 	DATA 	Keypress: c
376.6839 	EXP 	fixation: autoDraw = False
376.6839 	EXP 	line1: autoDraw = False
376.6839 	EXP 	line2: autoDraw = False
376.6839 	EXP 	line3: autoDraw = False
376.6839 	EXP 	line4: autoDraw = False
376.6839 	EXP 	probe: autoDraw = False
376.6839 	EXP 	fixation: autoDraw = True
376.7502 	EXP 	Device response: <KeyPress from None: t=376.66003989998717, value=c, duration=0.07732610002858564>
377.6665 	EXP 	line1: autoDraw = True
377.6665 	EXP 	line2: autoDraw = True
377.6665 	EXP 	line3: autoDraw = True
377.6665 	EXP 	line4: autoDraw = True
377.6844 	EXP 	fixation: autoDraw = False
378.6680 	INFO 	Keyboard events cleared
378.6677 	EXP 	probe: autoDraw = True
379.4201 	DATA 	Keypress: z
379.4342 	EXP 	Device response: <KeyPress from None: t=379.41948270000285, value=z, duration=None>
379.4345 	EXP 	New trial (rep=39, index=0): <Trial 156 (0 in rep 39) data={'pos': np.int64(-50), 'corr_resp': 'x', 'thisN': 156, 'thisTrialN': 0, 'thisRepN': 39}>
379.4504 	EXP 	fixation: autoDraw = False
379.4504 	EXP 	line1: autoDraw = False
379.4504 	EXP 	line2: autoDraw = False
379.4504 	EXP 	line3: autoDraw = False
379.4504 	EXP 	line4: autoDraw = False
379.4504 	EXP 	probe: autoDraw = False
379.4504 	EXP 	fixation: autoDraw = True
379.4848 	EXP 	Device response: <KeyPress from None: t=379.41948270000285, value=z, duration=0.05871790001401678>
380.4341 	EXP 	line1: autoDraw = True
380.4341 	EXP 	line2: autoDraw = True
380.4341 	EXP 	line3: autoDraw = True
380.4341 	EXP 	line4: autoDraw = True
380.4552 	EXP 	fixation: autoDraw = False
381.4345 	INFO 	Keyboard events cleared
381.4343 	EXP 	probe: autoDraw = True
382.0682 	EXP 	Device response: <KeyPress from None: t=382.05960699997377, value=x, duration=None>
382.0688 	EXP 	New trial (rep=39, index=1): <Trial 157 (1 in rep 39) data={'pos': np.int64(150), 'corr_resp': 'v', 'thisN': 157, 'thisTrialN': 1, 'thisRepN': 39}>
382.0702 	DATA 	Keypress: x
382.0826 	EXP 	fixation: autoDraw = False
382.0826 	EXP 	line1: autoDraw = False
382.0826 	EXP 	line2: autoDraw = False
382.0826 	EXP 	line3: autoDraw = False
382.0826 	EXP 	line4: autoDraw = False
382.0826 	EXP 	probe: autoDraw = False
382.0826 	EXP 	fixation: autoDraw = True
382.1510 	EXP 	Device response: <KeyPress from None: t=382.05960699997377, value=x, duration=0.08817520004231483>
383.0672 	EXP 	line1: autoDraw = True
383.0672 	EXP 	line2: autoDraw = True
383.0672 	EXP 	line3: autoDraw = True
383.0672 	EXP 	line4: autoDraw = True
383.0842 	EXP 	fixation: autoDraw = False
384.0679 	INFO 	Keyboard events cleared
384.0677 	EXP 	probe: autoDraw = True
384.6866 	DATA 	Keypress: v
384.7006 	EXP 	Device response: <KeyPress from None: t=384.6858284000191, value=v, duration=None>
384.7010 	EXP 	New trial (rep=39, index=2): <Trial 158 (2 in rep 39) data={'pos': np.int64(50), 'corr_resp': 'c', 'thisN': 158, 'thisTrialN': 2, 'thisRepN': 39}>
384.7160 	EXP 	fixation: autoDraw = False
384.7160 	EXP 	line1: autoDraw = False
384.7160 	EXP 	line2: autoDraw = False
384.7160 	EXP 	line3: autoDraw = False
384.7160 	EXP 	line4: autoDraw = False
384.7160 	EXP 	probe: autoDraw = False
384.7160 	EXP 	fixation: autoDraw = True
384.7841 	EXP 	Device response: <KeyPress from None: t=384.6858284000191, value=v, duration=0.08167139999568462>
385.7004 	EXP 	line1: autoDraw = True
385.7004 	EXP 	line2: autoDraw = True
385.7004 	EXP 	line3: autoDraw = True
385.7004 	EXP 	line4: autoDraw = True
385.7175 	EXP 	fixation: autoDraw = False
386.7012 	INFO 	Keyboard events cleared
386.7010 	EXP 	probe: autoDraw = True
387.0693 	DATA 	Keypress: c
387.0839 	EXP 	Device response: <KeyPress from None: t=387.06759160000365, value=c, duration=None>
387.0845 	EXP 	New trial (rep=39, index=3): <Trial 159 (3 in rep 39) data={'pos': np.int64(-150), 'corr_resp': 'z', 'thisN': 159, 'thisTrialN': 3, 'thisRepN': 39}>
387.1002 	EXP 	fixation: autoDraw = False
387.1002 	EXP 	line1: autoDraw = False
387.1002 	EXP 	line2: autoDraw = False
387.1002 	EXP 	line3: autoDraw = False
387.1002 	EXP 	line4: autoDraw = False
387.1002 	EXP 	probe: autoDraw = False
387.1002 	EXP 	fixation: autoDraw = True
387.1833 	EXP 	Device response: <KeyPress from None: t=387.06759160000365, value=c, duration=0.10137479996774346>
388.0838 	EXP 	line1: autoDraw = True
388.0838 	EXP 	line2: autoDraw = True
388.0838 	EXP 	line3: autoDraw = True
388.0838 	EXP 	line4: autoDraw = True
388.1012 	EXP 	fixation: autoDraw = False
389.0710 	DATA 	Keypress: z
389.0847 	INFO 	Keyboard events cleared
389.0844 	EXP 	probe: autoDraw = True
389.7521 	EXP 	Device response: <KeyPress from None: t=389.7423435000237, value=z, duration=None>
389.7526 	EXP 	New trial (rep=40, index=0): <Trial 160 (0 in rep 40) data={'pos': np.int64(-50), 'corr_resp': 'x', 'thisN': 160, 'thisTrialN': 0, 'thisRepN': 40}>
389.7540 	DATA 	Keypress: z
389.7669 	EXP 	fixation: autoDraw = False
389.7669 	EXP 	line1: autoDraw = False
389.7669 	EXP 	line2: autoDraw = False
389.7669 	EXP 	line3: autoDraw = False
389.7669 	EXP 	line4: autoDraw = False
389.7669 	EXP 	probe: autoDraw = False
389.7669 	EXP 	fixation: autoDraw = True
389.8348 	EXP 	Device response: <KeyPress from None: t=389.7423435000237, value=z, duration=0.08366039994871244>
390.7679 	EXP 	fixation: autoDraw = False
390.7679 	EXP 	line1: autoDraw = True
390.7679 	EXP 	line2: autoDraw = True
390.7679 	EXP 	line3: autoDraw = True
390.7679 	EXP 	line4: autoDraw = True
391.7682 	INFO 	Keyboard events cleared
391.7679 	EXP 	probe: autoDraw = True
392.0695 	DATA 	Keypress: x
392.0854 	EXP 	Device response: <KeyPress from None: t=392.06758259999333, value=x, duration=None>
392.0860 	EXP 	New trial (rep=40, index=1): <Trial 161 (1 in rep 40) data={'pos': np.int64(150), 'corr_resp': 'v', 'thisN': 161, 'thisTrialN': 1, 'thisRepN': 40}>
392.1002 	EXP 	fixation: autoDraw = False
392.1002 	EXP 	line1: autoDraw = False
392.1002 	EXP 	line2: autoDraw = False
392.1002 	EXP 	line3: autoDraw = False
392.1002 	EXP 	line4: autoDraw = False
392.1002 	EXP 	probe: autoDraw = False
392.1002 	EXP 	fixation: autoDraw = True
392.1508 	EXP 	Device response: <KeyPress from None: t=392.06758259999333, value=x, duration=0.07085160003043711>
393.1003 	EXP 	fixation: autoDraw = False
393.1003 	EXP 	line1: autoDraw = True
393.1003 	EXP 	line2: autoDraw = True
393.1003 	EXP 	line3: autoDraw = True
393.1003 	EXP 	line4: autoDraw = True
394.1012 	INFO 	Keyboard events cleared
394.1010 	EXP 	probe: autoDraw = True
394.4672 	EXP 	Device response: <KeyPress from None: t=394.45625129999826, value=v, duration=None>
394.4675 	EXP 	New trial (rep=40, index=2): <Trial 162 (2 in rep 40) data={'pos': np.int64(50), 'corr_resp': 'c', 'thisN': 162, 'thisTrialN': 2, 'thisRepN': 40}>
394.4686 	DATA 	Keypress: v
394.4839 	EXP 	fixation: autoDraw = False
394.4839 	EXP 	line1: autoDraw = False
394.4839 	EXP 	line2: autoDraw = False
394.4839 	EXP 	line3: autoDraw = False
394.4839 	EXP 	line4: autoDraw = False
394.4839 	EXP 	probe: autoDraw = False
394.4839 	EXP 	fixation: autoDraw = True
394.5518 	EXP 	Device response: <KeyPress from None: t=394.45625129999826, value=v, duration=0.08041140000568703>
395.4680 	EXP 	line1: autoDraw = True
395.4680 	EXP 	line2: autoDraw = True
395.4680 	EXP 	line3: autoDraw = True
395.4680 	EXP 	line4: autoDraw = True
395.4846 	EXP 	fixation: autoDraw = False
396.4676 	INFO 	Keyboard events cleared
396.4674 	EXP 	probe: autoDraw = True
396.7176 	EXP 	Device response: <KeyPress from None: t=396.7161272999947, value=c, duration=None>
396.7179 	EXP 	New trial (rep=40, index=3): <Trial 163 (3 in rep 40) data={'pos': np.int64(-150), 'corr_resp': 'z', 'thisN': 163, 'thisTrialN': 3, 'thisRepN': 40}>
396.7190 	DATA 	Keypress: c
396.7336 	EXP 	fixation: autoDraw = False
396.7336 	EXP 	line1: autoDraw = False
396.7336 	EXP 	line2: autoDraw = False
396.7336 	EXP 	line3: autoDraw = False
396.7336 	EXP 	line4: autoDraw = False
396.7336 	EXP 	probe: autoDraw = False
396.7336 	EXP 	fixation: autoDraw = True
396.8021 	EXP 	Device response: <KeyPress from None: t=396.7161272999947, value=c, duration=0.071057400025893>
397.7181 	EXP 	line1: autoDraw = True
397.7181 	EXP 	line2: autoDraw = True
397.7181 	EXP 	line3: autoDraw = True
397.7181 	EXP 	line4: autoDraw = True
397.7346 	EXP 	fixation: autoDraw = False
398.7182 	INFO 	Keyboard events cleared
398.7180 	EXP 	probe: autoDraw = True
398.9836 	EXP 	Device response: <KeyPress from None: t=398.97280699998373, value=z, duration=None>
398.9839 	EXP 	New trial (rep=41, index=0): <Trial 164 (0 in rep 41) data={'pos': np.int64(-50), 'corr_resp': 'x', 'thisN': 164, 'thisTrialN': 0, 'thisRepN': 41}>
398.9851 	DATA 	Keypress: z
399.0013 	EXP 	fixation: autoDraw = False
399.0013 	EXP 	line1: autoDraw = False
399.0013 	EXP 	line2: autoDraw = False
399.0013 	EXP 	line3: autoDraw = False
399.0013 	EXP 	line4: autoDraw = False
399.0013 	EXP 	probe: autoDraw = False
399.0013 	EXP 	fixation: autoDraw = True
399.1176 	EXP 	Device response: <KeyPress from None: t=398.97280699998373, value=z, duration=0.1436727000400424>
399.9844 	EXP 	line1: autoDraw = True
399.9844 	EXP 	line2: autoDraw = True
399.9844 	EXP 	line3: autoDraw = True
399.9844 	EXP 	line4: autoDraw = True
400.0007 	EXP 	fixation: autoDraw = False
400.9839 	INFO 	Keyboard events cleared
400.9837 	EXP 	probe: autoDraw = True
401.3184 	EXP 	Device response: <KeyPress from None: t=401.30346590001136, value=x, duration=None>
401.3189 	EXP 	New trial (rep=41, index=1): <Trial 165 (1 in rep 41) data={'pos': np.int64(150), 'corr_resp': 'v', 'thisN': 165, 'thisTrialN': 1, 'thisRepN': 41}>
401.3204 	DATA 	Keypress: x
401.3327 	EXP 	fixation: autoDraw = False
401.3327 	EXP 	line1: autoDraw = False
401.3327 	EXP 	line2: autoDraw = False
401.3327 	EXP 	line3: autoDraw = False
401.3327 	EXP 	line4: autoDraw = False
401.3327 	EXP 	probe: autoDraw = False
401.3327 	EXP 	fixation: autoDraw = True
401.4007 	EXP 	Device response: <KeyPress from None: t=401.30346590001136, value=x, duration=0.09048000001348555>
402.3344 	EXP 	fixation: autoDraw = False
402.3344 	EXP 	line1: autoDraw = True
402.3344 	EXP 	line2: autoDraw = True
402.3344 	EXP 	line3: autoDraw = True
402.3344 	EXP 	line4: autoDraw = True
403.3350 	INFO 	Keyboard events cleared
403.3348 	EXP 	probe: autoDraw = True
403.6516 	EXP 	Device response: <KeyPress from None: t=403.6456798000145, value=v, duration=None>
403.6522 	EXP 	New trial (rep=41, index=2): <Trial 166 (2 in rep 41) data={'pos': np.int64(50), 'corr_resp': 'c', 'thisN': 166, 'thisTrialN': 2, 'thisRepN': 41}>
403.6537 	DATA 	Keypress: v
403.6675 	EXP 	fixation: autoDraw = False
403.6675 	EXP 	line1: autoDraw = False
403.6675 	EXP 	line2: autoDraw = False
403.6675 	EXP 	line3: autoDraw = False
403.6675 	EXP 	line4: autoDraw = False
403.6675 	EXP 	probe: autoDraw = False
403.6675 	EXP 	fixation: autoDraw = True
403.7510 	EXP 	Device response: <KeyPress from None: t=403.6456798000145, value=v, duration=0.10117989999707788>
404.6680 	EXP 	fixation: autoDraw = False
404.6680 	EXP 	line1: autoDraw = True
404.6680 	EXP 	line2: autoDraw = True
404.6680 	EXP 	line3: autoDraw = True
404.6680 	EXP 	line4: autoDraw = True
405.6511 	INFO 	Keyboard events cleared
405.6509 	EXP 	probe: autoDraw = True
405.9010 	EXP 	Device response: <KeyPress from None: t=405.89230449998286, value=c, duration=None>
405.9015 	EXP 	New trial (rep=41, index=3): <Trial 167 (3 in rep 41) data={'pos': np.int64(-150), 'corr_resp': 'z', 'thisN': 167, 'thisTrialN': 3, 'thisRepN': 41}>
405.9031 	DATA 	Keypress: c
405.9179 	EXP 	fixation: autoDraw = False
405.9179 	EXP 	line1: autoDraw = False
405.9179 	EXP 	line2: autoDraw = False
405.9179 	EXP 	line3: autoDraw = False
405.9179 	EXP 	line4: autoDraw = False
405.9179 	EXP 	probe: autoDraw = False
405.9179 	EXP 	fixation: autoDraw = True
406.0011 	EXP 	Device response: <KeyPress from None: t=405.89230449998286, value=c, duration=0.09209240000927821>
406.9009 	EXP 	line1: autoDraw = True
406.9009 	EXP 	line2: autoDraw = True
406.9009 	EXP 	line3: autoDraw = True
406.9009 	EXP 	line4: autoDraw = True
406.9182 	EXP 	fixation: autoDraw = False
407.9018 	INFO 	Keyboard events cleared
407.9016 	EXP 	probe: autoDraw = True
408.2671 	EXP 	Device response: <KeyPress from None: t=408.25330380001105, value=z, duration=None>
408.2675 	EXP 	New trial (rep=42, index=0): <Trial 168 (0 in rep 42) data={'pos': np.int64(-50), 'corr_resp': 'x', 'thisN': 168, 'thisTrialN': 0, 'thisRepN': 42}>
408.2687 	DATA 	Keypress: z
408.2837 	EXP 	fixation: autoDraw = False
408.2837 	EXP 	line1: autoDraw = False
408.2837 	EXP 	line2: autoDraw = False
408.2837 	EXP 	line3: autoDraw = False
408.2837 	EXP 	line4: autoDraw = False
408.2837 	EXP 	probe: autoDraw = False
408.2837 	EXP 	fixation: autoDraw = True
408.3682 	EXP 	Device response: <KeyPress from None: t=408.25330380001105, value=z, duration=0.10581370000727475>
409.2680 	EXP 	line1: autoDraw = True
409.2680 	EXP 	line2: autoDraw = True
409.2680 	EXP 	line3: autoDraw = True
409.2680 	EXP 	line4: autoDraw = True
409.2845 	EXP 	fixation: autoDraw = False
410.2688 	INFO 	Keyboard events cleared
410.2686 	EXP 	probe: autoDraw = True
410.5692 	EXP 	Device response: <KeyPress from None: t=410.558824000007, value=x, duration=None>
410.5696 	EXP 	New trial (rep=42, index=1): <Trial 169 (1 in rep 42) data={'pos': np.int64(150), 'corr_resp': 'v', 'thisN': 169, 'thisTrialN': 1, 'thisRepN': 42}>
410.5709 	DATA 	Keypress: x
410.5830 	EXP 	fixation: autoDraw = False
410.5830 	EXP 	line1: autoDraw = False
410.5830 	EXP 	line2: autoDraw = False
410.5830 	EXP 	line3: autoDraw = False
410.5830 	EXP 	line4: autoDraw = False
410.5830 	EXP 	probe: autoDraw = False
410.5830 	EXP 	fixation: autoDraw = True
410.6511 	EXP 	Device response: <KeyPress from None: t=410.558824000007, value=x, duration=0.0882708000135608>
411.5842 	EXP 	fixation: autoDraw = False
411.5842 	EXP 	line1: autoDraw = True
411.5842 	EXP 	line2: autoDraw = True
411.5842 	EXP 	line3: autoDraw = True
411.5842 	EXP 	line4: autoDraw = True
412.5681 	INFO 	Keyboard events cleared
412.5679 	EXP 	probe: autoDraw = True
412.8846 	EXP 	Device response: <KeyPress from None: t=412.8817611000268, value=v, duration=None>
412.8850 	EXP 	New trial (rep=42, index=2): <Trial 170 (2 in rep 42) data={'pos': np.int64(50), 'corr_resp': 'c', 'thisN': 170, 'thisTrialN': 2, 'thisRepN': 42}>
412.8861 	DATA 	Keypress: v
412.8997 	EXP 	fixation: autoDraw = False
412.8997 	EXP 	line1: autoDraw = False
412.8997 	EXP 	line2: autoDraw = False
412.8997 	EXP 	line3: autoDraw = False
412.8997 	EXP 	line4: autoDraw = False
412.8997 	EXP 	probe: autoDraw = False
412.8997 	EXP 	fixation: autoDraw = True
412.9852 	EXP 	Device response: <KeyPress from None: t=412.8817611000268, value=v, duration=0.10104869998758659>
413.8850 	EXP 	line1: autoDraw = True
413.8850 	EXP 	line2: autoDraw = True
413.8850 	EXP 	line3: autoDraw = True
413.8850 	EXP 	line4: autoDraw = True
413.9016 	EXP 	fixation: autoDraw = False
414.8851 	INFO 	Keyboard events cleared
414.8849 	EXP 	probe: autoDraw = True
415.2689 	EXP 	Device response: <KeyPress from None: t=415.25996910000686, value=c, duration=None>
415.2693 	EXP 	New trial (rep=42, index=3): <Trial 171 (3 in rep 42) data={'pos': np.int64(-150), 'corr_resp': 'z', 'thisN': 171, 'thisTrialN': 3, 'thisRepN': 42}>
415.2705 	DATA 	Keypress: c
415.2840 	EXP 	fixation: autoDraw = False
415.2840 	EXP 	line1: autoDraw = False
415.2840 	EXP 	line2: autoDraw = False
415.2840 	EXP 	line3: autoDraw = False
415.2840 	EXP 	line4: autoDraw = False
415.2840 	EXP 	probe: autoDraw = False
415.2840 	EXP 	fixation: autoDraw = True
415.3678 	EXP 	Device response: <KeyPress from None: t=415.25996910000686, value=c, duration=0.09664599999086931>
416.2686 	EXP 	line1: autoDraw = True
416.2686 	EXP 	line2: autoDraw = True
416.2686 	EXP 	line3: autoDraw = True
416.2686 	EXP 	line4: autoDraw = True
416.2849 	EXP 	fixation: autoDraw = False
417.2685 	INFO 	Keyboard events cleared
417.2683 	EXP 	probe: autoDraw = True
417.5043 	DATA 	Keypress: z
417.5170 	EXP 	Device response: <KeyPress from None: t=417.5025233000051, value=z, duration=None>
417.5175 	EXP 	New trial (rep=43, index=0): <Trial 172 (0 in rep 43) data={'pos': np.int64(-50), 'corr_resp': 'x', 'thisN': 172, 'thisTrialN': 0, 'thisRepN': 43}>
417.5339 	EXP 	fixation: autoDraw = False
417.5339 	EXP 	line1: autoDraw = False
417.5339 	EXP 	line2: autoDraw = False
417.5339 	EXP 	line3: autoDraw = False
417.5339 	EXP 	line4: autoDraw = False
417.5339 	EXP 	probe: autoDraw = False
417.5339 	EXP 	fixation: autoDraw = True
417.6180 	EXP 	Device response: <KeyPress from None: t=417.5025233000051, value=z, duration=0.10674929997185245>
418.5184 	EXP 	line1: autoDraw = True
418.5184 	EXP 	line2: autoDraw = True
418.5184 	EXP 	line3: autoDraw = True
418.5184 	EXP 	line4: autoDraw = True
418.5350 	EXP 	fixation: autoDraw = False
419.5174 	INFO 	Keyboard events cleared
419.5172 	EXP 	probe: autoDraw = True
419.8014 	EXP 	Device response: <KeyPress from None: t=419.80037730000913, value=x, duration=None>
419.8018 	EXP 	New trial (rep=43, index=1): <Trial 173 (1 in rep 43) data={'pos': np.int64(150), 'corr_resp': 'v', 'thisN': 173, 'thisTrialN': 1, 'thisRepN': 43}>
419.8030 	DATA 	Keypress: x
419.8174 	EXP 	fixation: autoDraw = False
419.8174 	EXP 	line1: autoDraw = False
419.8174 	EXP 	line2: autoDraw = False
419.8174 	EXP 	line3: autoDraw = False
419.8174 	EXP 	line4: autoDraw = False
419.8174 	EXP 	probe: autoDraw = False
419.8174 	EXP 	fixation: autoDraw = True
419.9353 	EXP 	Device response: <KeyPress from None: t=419.80037730000913, value=x, duration=0.1284985999809578>
420.8185 	EXP 	fixation: autoDraw = False
420.8185 	EXP 	line1: autoDraw = True
420.8185 	EXP 	line2: autoDraw = True
420.8185 	EXP 	line3: autoDraw = True
420.8185 	EXP 	line4: autoDraw = True
421.8020 	INFO 	Keyboard events cleared
421.8018 	EXP 	probe: autoDraw = True
422.1512 	EXP 	Device response: <KeyPress from None: t=422.1444131999742, value=v, duration=None>
422.1515 	EXP 	New trial (rep=43, index=2): <Trial 174 (2 in rep 43) data={'pos': np.int64(50), 'corr_resp': 'c', 'thisN': 174, 'thisTrialN': 2, 'thisRepN': 43}>
422.1528 	DATA 	Keypress: v
422.1678 	EXP 	fixation: autoDraw = False
422.1678 	EXP 	line1: autoDraw = False
422.1678 	EXP 	line2: autoDraw = False
422.1678 	EXP 	line3: autoDraw = False
422.1678 	EXP 	line4: autoDraw = False
422.1678 	EXP 	probe: autoDraw = False
422.1678 	EXP 	fixation: autoDraw = True
422.2511 	EXP 	Device response: <KeyPress from None: t=422.1444131999742, value=v, duration=0.10582700005033985>
423.1565 	EXP 	line1: autoDraw = True
423.1565 	EXP 	line2: autoDraw = True
423.1565 	EXP 	line3: autoDraw = True
423.1565 	EXP 	line4: autoDraw = True
423.1665 	EXP 	fixation: autoDraw = False
424.1518 	INFO 	Keyboard events cleared
424.1516 	EXP 	probe: autoDraw = True
424.4181 	EXP 	Device response: <KeyPress from None: t=424.40592390001984, value=c, duration=None>
424.4184 	EXP 	New trial (rep=43, index=3): <Trial 175 (3 in rep 43) data={'pos': np.int64(-150), 'corr_resp': 'z', 'thisN': 175, 'thisTrialN': 3, 'thisRepN': 43}>
424.4196 	DATA 	Keypress: c
424.4342 	EXP 	fixation: autoDraw = False
424.4342 	EXP 	line1: autoDraw = False
424.4342 	EXP 	line2: autoDraw = False
424.4342 	EXP 	line3: autoDraw = False
424.4342 	EXP 	line4: autoDraw = False
424.4342 	EXP 	probe: autoDraw = False
424.4342 	EXP 	fixation: autoDraw = True
424.5020 	EXP 	Device response: <KeyPress from None: t=424.40592390001984, value=c, duration=0.08845270000165328>
425.4181 	EXP 	line1: autoDraw = True
425.4181 	EXP 	line2: autoDraw = True
425.4181 	EXP 	line3: autoDraw = True
425.4181 	EXP 	line4: autoDraw = True
425.4348 	EXP 	fixation: autoDraw = False
426.4190 	INFO 	Keyboard events cleared
426.4188 	EXP 	probe: autoDraw = True
426.7690 	EXP 	Device response: <KeyPress from None: t=426.75994040002115, value=z, duration=None>
426.7694 	EXP 	New trial (rep=44, index=0): <Trial 176 (0 in rep 44) data={'pos': np.int64(-50), 'corr_resp': 'x', 'thisN': 176, 'thisTrialN': 0, 'thisRepN': 44}>
426.7706 	DATA 	Keypress: z
426.7839 	EXP 	fixation: autoDraw = False
426.7839 	EXP 	line1: autoDraw = False
426.7839 	EXP 	line2: autoDraw = False
426.7839 	EXP 	line3: autoDraw = False
426.7839 	EXP 	line4: autoDraw = False
426.7839 	EXP 	probe: autoDraw = False
426.7839 	EXP 	fixation: autoDraw = True
426.8518 	EXP 	Device response: <KeyPress from None: t=426.75994040002115, value=z, duration=0.0801412999862805>
427.7678 	EXP 	line1: autoDraw = True
427.7678 	EXP 	line2: autoDraw = True
427.7678 	EXP 	line3: autoDraw = True
427.7678 	EXP 	line4: autoDraw = True
427.7852 	EXP 	fixation: autoDraw = False
428.7682 	INFO 	Keyboard events cleared
428.7680 	EXP 	probe: autoDraw = True
429.4017 	EXP 	Device response: <KeyPress from None: t=429.39136040001176, value=x, duration=None>
429.4021 	EXP 	New trial (rep=44, index=1): <Trial 177 (1 in rep 44) data={'pos': np.int64(150), 'corr_resp': 'v', 'thisN': 177, 'thisTrialN': 1, 'thisRepN': 44}>
429.4032 	DATA 	Keypress: x
429.4178 	EXP 	fixation: autoDraw = False
429.4178 	EXP 	line1: autoDraw = False
429.4178 	EXP 	line2: autoDraw = False
429.4178 	EXP 	line3: autoDraw = False
429.4178 	EXP 	line4: autoDraw = False
429.4178 	EXP 	probe: autoDraw = False
429.4178 	EXP 	fixation: autoDraw = True
429.4685 	EXP 	Device response: <KeyPress from None: t=429.39136040001176, value=x, duration=0.07519419997697696>
430.4017 	EXP 	line1: autoDraw = True
430.4017 	EXP 	line2: autoDraw = True
430.4017 	EXP 	line3: autoDraw = True
430.4017 	EXP 	line4: autoDraw = True
430.4187 	EXP 	fixation: autoDraw = False
431.4022 	INFO 	Keyboard events cleared
431.4020 	EXP 	probe: autoDraw = True
432.2353 	EXP 	Device response: <KeyPress from None: t=432.23163649998605, value=c, duration=None>
432.2357 	EXP 	New trial (rep=44, index=2): <Trial 178 (2 in rep 44) data={'pos': np.int64(50), 'corr_resp': 'c', 'thisN': 178, 'thisTrialN': 2, 'thisRepN': 44}>
432.2371 	DATA 	Keypress: c
432.2501 	EXP 	fixation: autoDraw = False
432.2501 	EXP 	line1: autoDraw = False
432.2501 	EXP 	line2: autoDraw = False
432.2501 	EXP 	line3: autoDraw = False
432.2501 	EXP 	line4: autoDraw = False
432.2501 	EXP 	probe: autoDraw = False
432.2501 	EXP 	fixation: autoDraw = True
432.3353 	EXP 	Device response: <KeyPress from None: t=432.23163649998605, value=c, duration=0.08944150002207607>
433.2352 	EXP 	line1: autoDraw = True
433.2352 	EXP 	line2: autoDraw = True
433.2352 	EXP 	line3: autoDraw = True
433.2352 	EXP 	line4: autoDraw = True
433.2519 	EXP 	fixation: autoDraw = False
434.2358 	INFO 	Keyboard events cleared
434.2356 	EXP 	probe: autoDraw = True
434.7519 	EXP 	Device response: <KeyPress from None: t=434.7459399999934, value=c, duration=None>
434.7523 	EXP 	New trial (rep=44, index=3): <Trial 179 (3 in rep 44) data={'pos': np.int64(-150), 'corr_resp': 'z', 'thisN': 179, 'thisTrialN': 3, 'thisRepN': 44}>
434.7540 	DATA 	Keypress: c
434.7668 	EXP 	fixation: autoDraw = False
434.7668 	EXP 	line1: autoDraw = False
434.7668 	EXP 	line2: autoDraw = False
434.7668 	EXP 	line3: autoDraw = False
434.7668 	EXP 	line4: autoDraw = False
434.7668 	EXP 	probe: autoDraw = False
434.7668 	EXP 	fixation: autoDraw = True
434.8345 	EXP 	Device response: <KeyPress from None: t=434.7459399999934, value=c, duration=0.08604580000974238>
435.7516 	EXP 	line1: autoDraw = True
435.7516 	EXP 	line2: autoDraw = True
435.7516 	EXP 	line3: autoDraw = True
435.7516 	EXP 	line4: autoDraw = True
435.7685 	EXP 	fixation: autoDraw = False
436.7680 	INFO 	Keyboard events cleared
436.7678 	EXP 	probe: autoDraw = True
437.3544 	DATA 	Keypress: z
437.3700 	EXP 	Device response: <KeyPress from None: t=437.35347859998, value=z, duration=None>
437.3703 	EXP 	New trial (rep=45, index=0): <Trial 180 (0 in rep 45) data={'pos': np.int64(-50), 'corr_resp': 'x', 'thisN': 180, 'thisTrialN': 0, 'thisRepN': 45}>
437.3837 	EXP 	fixation: autoDraw = False
437.3837 	EXP 	line1: autoDraw = False
437.3837 	EXP 	line2: autoDraw = False
437.3837 	EXP 	line3: autoDraw = False
437.3837 	EXP 	line4: autoDraw = False
437.3837 	EXP 	probe: autoDraw = False
437.3837 	EXP 	fixation: autoDraw = True
437.4690 	EXP 	Device response: <KeyPress from None: t=437.35347859998, value=z, duration=0.10885310004232451>
438.3847 	EXP 	fixation: autoDraw = False
438.3847 	EXP 	line1: autoDraw = True
438.3847 	EXP 	line2: autoDraw = True
438.3847 	EXP 	line3: autoDraw = True
438.3847 	EXP 	line4: autoDraw = True
439.3854 	INFO 	Keyboard events cleared
439.3852 	EXP 	probe: autoDraw = True
440.0348 	EXP 	Device response: <KeyPress from None: t=440.0295023000217, value=x, duration=None>
440.0352 	EXP 	New trial (rep=45, index=1): <Trial 181 (1 in rep 45) data={'pos': np.int64(150), 'corr_resp': 'v', 'thisN': 181, 'thisTrialN': 1, 'thisRepN': 45}>
440.0366 	DATA 	Keypress: x
440.0511 	EXP 	fixation: autoDraw = False
440.0511 	EXP 	line1: autoDraw = False
440.0511 	EXP 	line2: autoDraw = False
440.0511 	EXP 	line3: autoDraw = False
440.0511 	EXP 	line4: autoDraw = False
440.0511 	EXP 	probe: autoDraw = False
440.0511 	EXP 	fixation: autoDraw = True
440.1517 	EXP 	Device response: <KeyPress from None: t=440.0295023000217, value=x, duration=0.11574699997436255>
441.0350 	EXP 	line1: autoDraw = True
441.0350 	EXP 	line2: autoDraw = True
441.0350 	EXP 	line3: autoDraw = True
441.0350 	EXP 	line4: autoDraw = True
441.0515 	EXP 	fixation: autoDraw = False
442.0356 	INFO 	Keyboard events cleared
442.0354 	EXP 	probe: autoDraw = True
442.7516 	EXP 	Device response: <KeyPress from None: t=442.73834219999844, value=v, duration=None>
442.7519 	EXP 	New trial (rep=45, index=2): <Trial 182 (2 in rep 45) data={'pos': np.int64(50), 'corr_resp': 'c', 'thisN': 182, 'thisTrialN': 2, 'thisRepN': 45}>
442.7531 	DATA 	Keypress: v
442.7670 	EXP 	fixation: autoDraw = False
442.7670 	EXP 	line1: autoDraw = False
442.7670 	EXP 	line2: autoDraw = False
442.7670 	EXP 	line3: autoDraw = False
442.7670 	EXP 	line4: autoDraw = False
442.7670 	EXP 	probe: autoDraw = False
442.7670 	EXP 	fixation: autoDraw = True
442.8350 	EXP 	Device response: <KeyPress from None: t=442.73834219999844, value=v, duration=0.08133710001129657>
443.7521 	EXP 	line1: autoDraw = True
443.7521 	EXP 	line2: autoDraw = True
443.7521 	EXP 	line3: autoDraw = True
443.7521 	EXP 	line4: autoDraw = True
443.7676 	EXP 	fixation: autoDraw = False
444.7517 	INFO 	Keyboard events cleared
444.7514 	EXP 	probe: autoDraw = True
445.3028 	EXP 	Device response: <KeyPress from None: t=445.28763239999535, value=c, duration=None>
445.3033 	EXP 	New trial (rep=45, index=3): <Trial 183 (3 in rep 45) data={'pos': np.int64(-150), 'corr_resp': 'z', 'thisN': 183, 'thisTrialN': 3, 'thisRepN': 45}>
445.3046 	DATA 	Keypress: c
445.3177 	EXP 	fixation: autoDraw = False
445.3177 	EXP 	line1: autoDraw = False
445.3177 	EXP 	line2: autoDraw = False
445.3177 	EXP 	line3: autoDraw = False
445.3177 	EXP 	line4: autoDraw = False
445.3177 	EXP 	probe: autoDraw = False
445.3177 	EXP 	fixation: autoDraw = True
445.3848 	EXP 	Device response: <KeyPress from None: t=445.28763239999535, value=c, duration=0.08895980002125725>
446.3187 	EXP 	fixation: autoDraw = False
446.3187 	EXP 	line1: autoDraw = True
446.3187 	EXP 	line2: autoDraw = True
446.3187 	EXP 	line3: autoDraw = True
446.3187 	EXP 	line4: autoDraw = True
447.3021 	INFO 	Keyboard events cleared
447.3019 	EXP 	probe: autoDraw = True
448.0350 	EXP 	Device response: <KeyPress from None: t=448.0237497999915, value=z, duration=None>
448.0354 	EXP 	New trial (rep=46, index=0): <Trial 184 (0 in rep 46) data={'pos': np.int64(-50), 'corr_resp': 'x', 'thisN': 184, 'thisTrialN': 0, 'thisRepN': 46}>
448.0367 	DATA 	Keypress: z
448.0512 	EXP 	fixation: autoDraw = False
448.0512 	EXP 	line1: autoDraw = False
448.0512 	EXP 	line2: autoDraw = False
448.0512 	EXP 	line3: autoDraw = False
448.0512 	EXP 	line4: autoDraw = False
448.0512 	EXP 	probe: autoDraw = False
448.0512 	EXP 	fixation: autoDraw = True
448.1348 	EXP 	Device response: <KeyPress from None: t=448.0237497999915, value=z, duration=0.09732900001108646>
449.0344 	EXP 	line1: autoDraw = True
449.0344 	EXP 	line2: autoDraw = True
449.0344 	EXP 	line3: autoDraw = True
449.0344 	EXP 	line4: autoDraw = True
449.0511 	EXP 	fixation: autoDraw = False
450.0356 	INFO 	Keyboard events cleared
450.0354 	EXP 	probe: autoDraw = True
450.5077 	EXP 	Device response: <KeyPress from None: t=450.4972691999865, value=x, duration=None>
450.5083 	EXP 	New trial (rep=46, index=1): <Trial 185 (1 in rep 46) data={'pos': np.int64(150), 'corr_resp': 'v', 'thisN': 185, 'thisTrialN': 1, 'thisRepN': 46}>
450.5098 	DATA 	Keypress: x
450.5187 	EXP 	fixation: autoDraw = False
450.5187 	EXP 	line1: autoDraw = False
450.5187 	EXP 	line2: autoDraw = False
450.5187 	EXP 	line3: autoDraw = False
450.5187 	EXP 	line4: autoDraw = False
450.5187 	EXP 	probe: autoDraw = False
450.5187 	EXP 	fixation: autoDraw = True
450.6184 	EXP 	Device response: <KeyPress from None: t=450.4972691999865, value=x, duration=0.11640130000887439>
451.5189 	EXP 	fixation: autoDraw = False
451.5189 	EXP 	line1: autoDraw = True
451.5189 	EXP 	line2: autoDraw = True
451.5189 	EXP 	line3: autoDraw = True
451.5189 	EXP 	line4: autoDraw = True
452.5190 	INFO 	Keyboard events cleared
452.5188 	EXP 	probe: autoDraw = True
453.2356 	EXP 	Device response: <KeyPress from None: t=453.23226730001625, value=v, duration=None>
453.2360 	EXP 	New trial (rep=46, index=2): <Trial 186 (2 in rep 46) data={'pos': np.int64(50), 'corr_resp': 'c', 'thisN': 186, 'thisTrialN': 2, 'thisRepN': 46}>
453.2372 	DATA 	Keypress: v
453.2511 	EXP 	fixation: autoDraw = False
453.2511 	EXP 	line1: autoDraw = False
453.2511 	EXP 	line2: autoDraw = False
453.2511 	EXP 	line3: autoDraw = False
453.2511 	EXP 	line4: autoDraw = False
453.2511 	EXP 	probe: autoDraw = False
453.2511 	EXP 	fixation: autoDraw = True
453.3361 	EXP 	Device response: <KeyPress from None: t=453.23226730001625, value=v, duration=0.092130700009875>
454.2517 	EXP 	fixation: autoDraw = False
454.2517 	EXP 	line1: autoDraw = True
454.2517 	EXP 	line2: autoDraw = True
454.2517 	EXP 	line3: autoDraw = True
454.2517 	EXP 	line4: autoDraw = True
455.2351 	INFO 	Keyboard events cleared
455.2348 	EXP 	probe: autoDraw = True
455.8847 	EXP 	Device response: <KeyPress from None: t=455.8732538999757, value=c, duration=None>
455.8851 	EXP 	New trial (rep=46, index=3): <Trial 187 (3 in rep 46) data={'pos': np.int64(-150), 'corr_resp': 'z', 'thisN': 187, 'thisTrialN': 3, 'thisRepN': 46}>
455.8862 	DATA 	Keypress: c
455.9022 	EXP 	fixation: autoDraw = False
455.9022 	EXP 	line1: autoDraw = False
455.9022 	EXP 	line2: autoDraw = False
455.9022 	EXP 	line3: autoDraw = False
455.9022 	EXP 	line4: autoDraw = False
455.9022 	EXP 	probe: autoDraw = False
455.9022 	EXP 	fixation: autoDraw = True
455.9518 	EXP 	Device response: <KeyPress from None: t=455.8732538999757, value=c, duration=0.06747820001328364>
456.8856 	EXP 	line1: autoDraw = True
456.8856 	EXP 	line2: autoDraw = True
456.8856 	EXP 	line3: autoDraw = True
456.8856 	EXP 	line4: autoDraw = True
456.9012 	EXP 	fixation: autoDraw = False
457.8846 	INFO 	Keyboard events cleared
457.8844 	EXP 	probe: autoDraw = True
458.3850 	EXP 	Device response: <KeyPress from None: t=458.3763172000181, value=z, duration=None>
458.3854 	EXP 	New trial (rep=47, index=0): <Trial 188 (0 in rep 47) data={'pos': np.int64(-50), 'corr_resp': 'x', 'thisN': 188, 'thisTrialN': 0, 'thisRepN': 47}>
458.3865 	DATA 	Keypress: z
458.4022 	EXP 	fixation: autoDraw = False
458.4022 	EXP 	line1: autoDraw = False
458.4022 	EXP 	line2: autoDraw = False
458.4022 	EXP 	line3: autoDraw = False
458.4022 	EXP 	line4: autoDraw = False
458.4022 	EXP 	probe: autoDraw = False
458.4022 	EXP 	fixation: autoDraw = True
458.5024 	EXP 	Device response: <KeyPress from None: t=458.3763172000181, value=z, duration=0.11702589999185875>
459.3843 	EXP 	line1: autoDraw = True
459.3843 	EXP 	line2: autoDraw = True
459.3843 	EXP 	line3: autoDraw = True
459.3843 	EXP 	line4: autoDraw = True
459.4190 	EXP 	fixation: autoDraw = False
460.3847 	INFO 	Keyboard events cleared
460.3846 	EXP 	probe: autoDraw = True
460.9019 	EXP 	Device response: <KeyPress from None: t=460.8897014000104, value=x, duration=None>
460.9022 	EXP 	New trial (rep=47, index=1): <Trial 189 (1 in rep 47) data={'pos': np.int64(150), 'corr_resp': 'v', 'thisN': 189, 'thisTrialN': 1, 'thisRepN': 47}>
460.9034 	DATA 	Keypress: x
460.9184 	EXP 	fixation: autoDraw = False
460.9184 	EXP 	line1: autoDraw = False
460.9184 	EXP 	line2: autoDraw = False
460.9184 	EXP 	line3: autoDraw = False
460.9184 	EXP 	line4: autoDraw = False
460.9184 	EXP 	probe: autoDraw = False
460.9184 	EXP 	fixation: autoDraw = True
460.9844 	EXP 	Device response: <KeyPress from None: t=460.8897014000104, value=x, duration=0.07808920001843944>
461.9021 	EXP 	line1: autoDraw = True
461.9021 	EXP 	line2: autoDraw = True
461.9021 	EXP 	line3: autoDraw = True
461.9021 	EXP 	line4: autoDraw = True
461.9176 	EXP 	fixation: autoDraw = False
462.9024 	INFO 	Keyboard events cleared
462.9022 	EXP 	probe: autoDraw = True
463.2551 	DATA 	Keypress: v
463.2686 	EXP 	Device response: <KeyPress from None: t=463.2532964000129, value=v, duration=None>
463.2690 	EXP 	New trial (rep=47, index=2): <Trial 190 (2 in rep 47) data={'pos': np.int64(50), 'corr_resp': 'c', 'thisN': 190, 'thisTrialN': 2, 'thisRepN': 47}>
463.2841 	EXP 	fixation: autoDraw = False
463.2841 	EXP 	line1: autoDraw = False
463.2841 	EXP 	line2: autoDraw = False
463.2841 	EXP 	line3: autoDraw = False
463.2841 	EXP 	line4: autoDraw = False
463.2841 	EXP 	probe: autoDraw = False
463.2841 	EXP 	fixation: autoDraw = True
463.3520 	EXP 	Device response: <KeyPress from None: t=463.2532964000129, value=v, duration=0.09112759999698028>
464.2683 	EXP 	line1: autoDraw = True
464.2683 	EXP 	line2: autoDraw = True
464.2683 	EXP 	line3: autoDraw = True
464.2683 	EXP 	line4: autoDraw = True
464.2852 	EXP 	fixation: autoDraw = False
465.2693 	INFO 	Keyboard events cleared
465.2691 	EXP 	probe: autoDraw = True
465.6023 	EXP 	Device response: <KeyPress from None: t=465.6008887999924, value=c, duration=None>
465.6027 	EXP 	New trial (rep=47, index=3): <Trial 191 (3 in rep 47) data={'pos': np.int64(-150), 'corr_resp': 'z', 'thisN': 191, 'thisTrialN': 3, 'thisRepN': 47}>
465.6038 	DATA 	Keypress: c
465.6180 	EXP 	fixation: autoDraw = False
465.6180 	EXP 	line1: autoDraw = False
465.6180 	EXP 	line2: autoDraw = False
465.6180 	EXP 	line3: autoDraw = False
465.6180 	EXP 	line4: autoDraw = False
465.6180 	EXP 	probe: autoDraw = False
465.6180 	EXP 	fixation: autoDraw = True
465.7185 	EXP 	Device response: <KeyPress from None: t=465.6008887999924, value=c, duration=0.10117640002863482>
466.6047 	EXP 	line1: autoDraw = True
466.6047 	EXP 	line2: autoDraw = True
466.6047 	EXP 	line3: autoDraw = True
466.6047 	EXP 	line4: autoDraw = True
466.6189 	EXP 	fixation: autoDraw = False
467.6023 	INFO 	Keyboard events cleared
467.6021 	EXP 	probe: autoDraw = True
467.9354 	EXP 	Device response: <KeyPress from None: t=467.9337648000219, value=z, duration=None>
467.9358 	EXP 	New trial (rep=48, index=0): <Trial 192 (0 in rep 48) data={'pos': np.int64(-50), 'corr_resp': 'x', 'thisN': 192, 'thisTrialN': 0, 'thisRepN': 48}>
467.9370 	DATA 	Keypress: z
467.9513 	EXP 	fixation: autoDraw = False
467.9513 	EXP 	line1: autoDraw = False
467.9513 	EXP 	line2: autoDraw = False
467.9513 	EXP 	line3: autoDraw = False
467.9513 	EXP 	line4: autoDraw = False
467.9513 	EXP 	probe: autoDraw = False
467.9513 	EXP 	fixation: autoDraw = True
468.0694 	EXP 	Device response: <KeyPress from None: t=467.9337648000219, value=z, duration=0.12674139998853207>
468.9356 	EXP 	line1: autoDraw = True
468.9356 	EXP 	line2: autoDraw = True
468.9356 	EXP 	line3: autoDraw = True
468.9356 	EXP 	line4: autoDraw = True
468.9517 	EXP 	fixation: autoDraw = False
469.9354 	INFO 	Keyboard events cleared
469.9352 	EXP 	probe: autoDraw = True
470.6523 	EXP 	Device response: <KeyPress from None: t=470.6391211000155, value=x, duration=None>
470.6526 	EXP 	New trial (rep=48, index=1): <Trial 193 (1 in rep 48) data={'pos': np.int64(150), 'corr_resp': 'v', 'thisN': 193, 'thisTrialN': 1, 'thisRepN': 48}>
470.6537 	DATA 	Keypress: x
470.6689 	EXP 	fixation: autoDraw = False
470.6689 	EXP 	line1: autoDraw = False
470.6689 	EXP 	line2: autoDraw = False
470.6689 	EXP 	line3: autoDraw = False
470.6689 	EXP 	line4: autoDraw = False
470.6689 	EXP 	probe: autoDraw = False
470.6689 	EXP 	fixation: autoDraw = True
470.7695 	EXP 	Device response: <KeyPress from None: t=470.6391211000155, value=x, duration=0.1178502999828197>
471.6524 	EXP 	line1: autoDraw = True
471.6524 	EXP 	line2: autoDraw = True
471.6524 	EXP 	line3: autoDraw = True
471.6524 	EXP 	line4: autoDraw = True
471.6691 	EXP 	fixation: autoDraw = False
472.6526 	INFO 	Keyboard events cleared
472.6524 	EXP 	probe: autoDraw = True
473.4514 	EXP 	Device response: <KeyPress from None: t=473.43987599998945, value=v, duration=None>
473.4517 	EXP 	New trial (rep=48, index=2): <Trial 194 (2 in rep 48) data={'pos': np.int64(50), 'corr_resp': 'c', 'thisN': 194, 'thisTrialN': 2, 'thisRepN': 48}>
473.4529 	DATA 	Keypress: v
473.4691 	EXP 	fixation: autoDraw = False
473.4691 	EXP 	line1: autoDraw = False
473.4691 	EXP 	line2: autoDraw = False
473.4691 	EXP 	line3: autoDraw = False
473.4691 	EXP 	line4: autoDraw = False
473.4691 	EXP 	probe: autoDraw = False
473.4691 	EXP 	fixation: autoDraw = True
473.5364 	EXP 	Device response: <KeyPress from None: t=473.43987599998945, value=v, duration=0.09306949999881908>
474.4525 	EXP 	line1: autoDraw = True
474.4525 	EXP 	line2: autoDraw = True
474.4525 	EXP 	line3: autoDraw = True
474.4525 	EXP 	line4: autoDraw = True
474.4689 	EXP 	fixation: autoDraw = False
475.4521 	INFO 	Keyboard events cleared
475.4519 	EXP 	probe: autoDraw = True
475.8202 	EXP 	Device response: <KeyPress from None: t=475.8081108999904, value=c, duration=None>
475.8206 	EXP 	New trial (rep=48, index=3): <Trial 195 (3 in rep 48) data={'pos': np.int64(-150), 'corr_resp': 'z', 'thisN': 195, 'thisTrialN': 3, 'thisRepN': 48}>
475.8218 	DATA 	Keypress: c
475.8339 	EXP 	fixation: autoDraw = False
475.8339 	EXP 	line1: autoDraw = False
475.8339 	EXP 	line2: autoDraw = False
475.8339 	EXP 	line3: autoDraw = False
475.8339 	EXP 	line4: autoDraw = False
475.8339 	EXP 	probe: autoDraw = False
475.8339 	EXP 	fixation: autoDraw = True
475.9190 	EXP 	Device response: <KeyPress from None: t=475.8081108999904, value=c, duration=0.10821289999876171>
476.8355 	EXP 	fixation: autoDraw = False
476.8355 	EXP 	line1: autoDraw = True
476.8355 	EXP 	line2: autoDraw = True
476.8355 	EXP 	line3: autoDraw = True
476.8355 	EXP 	line4: autoDraw = True
477.8355 	INFO 	Keyboard events cleared
477.8353 	EXP 	probe: autoDraw = True
478.2354 	EXP 	Device response: <KeyPress from None: t=478.22098789998563, value=z, duration=None>
478.2357 	EXP 	New trial (rep=49, index=0): <Trial 196 (0 in rep 49) data={'pos': np.int64(-50), 'corr_resp': 'x', 'thisN': 196, 'thisTrialN': 0, 'thisRepN': 49}>
478.2369 	DATA 	Keypress: z
478.2526 	EXP 	fixation: autoDraw = False
478.2526 	EXP 	line1: autoDraw = False
478.2526 	EXP 	line2: autoDraw = False
478.2526 	EXP 	line3: autoDraw = False
478.2526 	EXP 	line4: autoDraw = False
478.2526 	EXP 	probe: autoDraw = False
478.2526 	EXP 	fixation: autoDraw = True
478.3190 	EXP 	Device response: <KeyPress from None: t=478.22098789998563, value=z, duration=0.09641800000099465>
479.2355 	EXP 	line1: autoDraw = True
479.2355 	EXP 	line2: autoDraw = True
479.2355 	EXP 	line3: autoDraw = True
479.2355 	EXP 	line4: autoDraw = True
479.2527 	EXP 	fixation: autoDraw = False
480.2361 	INFO 	Keyboard events cleared
480.2359 	EXP 	probe: autoDraw = True
480.5021 	EXP 	Device response: <KeyPress from None: t=480.48837249999633, value=x, duration=None>
480.5025 	EXP 	New trial (rep=49, index=1): <Trial 197 (1 in rep 49) data={'pos': np.int64(150), 'corr_resp': 'v', 'thisN': 197, 'thisTrialN': 1, 'thisRepN': 49}>
480.5036 	DATA 	Keypress: x
480.5190 	EXP 	fixation: autoDraw = False
480.5190 	EXP 	line1: autoDraw = False
480.5190 	EXP 	line2: autoDraw = False
480.5190 	EXP 	line3: autoDraw = False
480.5190 	EXP 	line4: autoDraw = False
480.5190 	EXP 	probe: autoDraw = False
480.5190 	EXP 	fixation: autoDraw = True
480.5690 	EXP 	Device response: <KeyPress from None: t=480.48837249999633, value=x, duration=0.07762880000518635>
481.5027 	EXP 	line1: autoDraw = True
481.5027 	EXP 	line2: autoDraw = True
481.5027 	EXP 	line3: autoDraw = True
481.5027 	EXP 	line4: autoDraw = True
481.5187 	EXP 	fixation: autoDraw = False
482.5022 	INFO 	Keyboard events cleared
482.5020 	EXP 	probe: autoDraw = True
482.7527 	EXP 	Device response: <KeyPress from None: t=482.7434844999807, value=v, duration=None>
482.7532 	EXP 	New trial (rep=49, index=2): <Trial 198 (2 in rep 49) data={'pos': np.int64(50), 'corr_resp': 'c', 'thisN': 198, 'thisTrialN': 2, 'thisRepN': 49}>
482.7547 	DATA 	Keypress: v
482.7683 	EXP 	fixation: autoDraw = False
482.7683 	EXP 	line1: autoDraw = False
482.7683 	EXP 	line2: autoDraw = False
482.7683 	EXP 	line3: autoDraw = False
482.7683 	EXP 	line4: autoDraw = False
482.7683 	EXP 	probe: autoDraw = False
482.7683 	EXP 	fixation: autoDraw = True
482.8355 	EXP 	Device response: <KeyPress from None: t=482.7434844999807, value=v, duration=0.08491800003685057>
483.7522 	EXP 	line1: autoDraw = True
483.7522 	EXP 	line2: autoDraw = True
483.7522 	EXP 	line3: autoDraw = True
483.7522 	EXP 	line4: autoDraw = True
483.7691 	EXP 	fixation: autoDraw = False
484.7528 	INFO 	Keyboard events cleared
484.7526 	EXP 	probe: autoDraw = True
485.1189 	EXP 	Device response: <KeyPress from None: t=485.1104887999827, value=c, duration=None>
485.1192 	EXP 	New trial (rep=49, index=3): <Trial 199 (3 in rep 49) data={'pos': np.int64(-150), 'corr_resp': 'z', 'thisN': 199, 'thisTrialN': 3, 'thisRepN': 49}>
485.1204 	DATA 	Keypress: c
485.1357 	EXP 	fixation: autoDraw = False
485.1357 	EXP 	line1: autoDraw = False
485.1357 	EXP 	line2: autoDraw = False
485.1357 	EXP 	line3: autoDraw = False
485.1357 	EXP 	line4: autoDraw = False
485.1357 	EXP 	probe: autoDraw = False
485.1357 	EXP 	fixation: autoDraw = True
485.2532 	EXP 	Device response: <KeyPress from None: t=485.1104887999827, value=c, duration=0.13116849999642>
486.1183 	EXP 	line1: autoDraw = True
486.1183 	EXP 	line2: autoDraw = True
486.1183 	EXP 	line3: autoDraw = True
486.1183 	EXP 	line4: autoDraw = True
486.1358 	EXP 	fixation: autoDraw = False
487.1188 	INFO 	Keyboard events cleared
487.1187 	EXP 	probe: autoDraw = True
487.3198 	EXP 	Device response: <KeyPress from None: t=487.3131072000251, value=z, duration=None>
487.3456 	EXP 	Imported sequence_conditions.csv as conditions, 4 conditions, 2 params
487.3554 	EXP 	New trial (rep=0, index=0): <Trial 0 (0 in rep 0) data={'pos': np.int64(150), 'corr_resp': 'v', 'thisN': 0, 'thisTrialN': 0, 'thisRepN': 0}>
487.3581 	DATA 	Keypress: z
487.3662 	EXP 	fixation: autoDraw = False
487.3662 	EXP 	line1: autoDraw = False
487.3662 	EXP 	line2: autoDraw = False
487.3662 	EXP 	line3: autoDraw = False
487.3662 	EXP 	line4: autoDraw = False
487.3662 	EXP 	probe: autoDraw = False
487.3662 	EXP 	fixation_2: autoDraw = True
487.4611 	EXP 	Device response: <KeyPress from None: t=487.3131072000251, value=z, duration=0.13800069998251274>
488.3288 	EXP 	line_1: autoDraw = True
488.3288 	EXP 	line_2: autoDraw = True
488.3288 	EXP 	line_3: autoDraw = True
488.3288 	EXP 	line_4: autoDraw = True
488.3773 	EXP 	fixation_2: autoDraw = False
489.3274 	INFO 	Keyboard events cleared
489.3272 	EXP 	probe_2: autoDraw = True
491.6940 	EXP 	Device response: <KeyPress from None: t=491.69006069999887, value=v, duration=None>
491.6944 	EXP 	New trial (rep=1, index=1): <Trial 1 (1 in rep 1) data={'pos': np.int64(150), 'corr_resp': 'v', 'thisN': 1, 'thisTrialN': 1, 'thisRepN': 1}>
491.6957 	DATA 	Keypress: v
491.7093 	EXP 	fixation_2: autoDraw = False
491.7093 	EXP 	line_1: autoDraw = False
491.7093 	EXP 	line_2: autoDraw = False
491.7093 	EXP 	line_3: autoDraw = False
491.7093 	EXP 	line_4: autoDraw = False
491.7093 	EXP 	probe_2: autoDraw = False
491.7093 	EXP 	fixation_2: autoDraw = True
491.7939 	EXP 	Device response: <KeyPress from None: t=491.69006069999887, value=v, duration=0.08908419997896999>
492.6942 	EXP 	line_1: autoDraw = True
492.6942 	EXP 	line_2: autoDraw = True
492.6942 	EXP 	line_3: autoDraw = True
492.6942 	EXP 	line_4: autoDraw = True
492.7108 	EXP 	fixation_2: autoDraw = False
493.6948 	INFO 	Keyboard events cleared
493.6946 	EXP 	probe_2: autoDraw = True
494.9604 	EXP 	Device response: <KeyPress from None: t=494.95940729998983, value=v, duration=None>
494.9608 	EXP 	New trial (rep=0, index=2): <Trial 2 (2 in rep 0) data={'pos': np.int64(50), 'corr_resp': 'c', 'thisN': 2, 'thisTrialN': 2, 'thisRepN': 0}>
494.9622 	DATA 	Keypress: v
494.9765 	EXP 	fixation_2: autoDraw = False
494.9765 	EXP 	line_1: autoDraw = False
494.9765 	EXP 	line_2: autoDraw = False
494.9765 	EXP 	line_3: autoDraw = False
494.9765 	EXP 	line_4: autoDraw = False
494.9765 	EXP 	probe_2: autoDraw = False
494.9765 	EXP 	fixation_2: autoDraw = True
495.0938 	EXP 	Device response: <KeyPress from None: t=494.95940729998983, value=v, duration=0.12645450001582503>
495.9595 	EXP 	line_1: autoDraw = True
495.9595 	EXP 	line_2: autoDraw = True
495.9595 	EXP 	line_3: autoDraw = True
495.9595 	EXP 	line_4: autoDraw = True
495.9779 	EXP 	fixation_2: autoDraw = False
496.9605 	INFO 	Keyboard events cleared
496.9603 	EXP 	probe_2: autoDraw = True
498.4113 	EXP 	Device response: <KeyPress from None: t=498.4057664999855, value=c, duration=None>
498.4118 	EXP 	New trial (rep=1, index=3): <Trial 3 (3 in rep 1) data={'pos': np.int64(50), 'corr_resp': 'c', 'thisN': 3, 'thisTrialN': 3, 'thisRepN': 1}>
498.4135 	DATA 	Keypress: c
498.4268 	EXP 	fixation_2: autoDraw = False
498.4268 	EXP 	line_1: autoDraw = False
498.4268 	EXP 	line_2: autoDraw = False
498.4268 	EXP 	line_3: autoDraw = False
498.4268 	EXP 	line_4: autoDraw = False
498.4268 	EXP 	probe_2: autoDraw = False
498.4268 	EXP 	fixation_2: autoDraw = True
498.5110 	EXP 	Device response: <KeyPress from None: t=498.4057664999855, value=c, duration=0.09077040001284331>
499.4111 	EXP 	line_1: autoDraw = True
499.4111 	EXP 	line_2: autoDraw = True
499.4111 	EXP 	line_3: autoDraw = True
499.4111 	EXP 	line_4: autoDraw = True
499.4280 	EXP 	fixation_2: autoDraw = False
500.4114 	INFO 	Keyboard events cleared
500.4112 	EXP 	probe_2: autoDraw = True
500.8452 	EXP 	Device response: <KeyPress from None: t=500.83344740001485, value=c, duration=None>
500.8455 	EXP 	New trial (rep=2, index=4): <Trial 4 (4 in rep 2) data={'pos': np.int64(50), 'corr_resp': 'c', 'thisN': 4, 'thisTrialN': 4, 'thisRepN': 2}>
500.8470 	DATA 	Keypress: c
500.8602 	EXP 	fixation_2: autoDraw = False
500.8602 	EXP 	line_1: autoDraw = False
500.8602 	EXP 	line_2: autoDraw = False
500.8602 	EXP 	line_3: autoDraw = False
500.8602 	EXP 	line_4: autoDraw = False
500.8602 	EXP 	probe_2: autoDraw = False
500.8602 	EXP 	fixation_2: autoDraw = True
500.9608 	EXP 	Device response: <KeyPress from None: t=500.83344740001485, value=c, duration=0.11497950000921264>
501.8445 	EXP 	line_1: autoDraw = True
501.8445 	EXP 	line_2: autoDraw = True
501.8445 	EXP 	line_3: autoDraw = True
501.8445 	EXP 	line_4: autoDraw = True
501.8607 	EXP 	fixation_2: autoDraw = False
502.8614 	INFO 	Keyboard events cleared
502.8612 	EXP 	probe_2: autoDraw = True
503.3272 	EXP 	Device response: <KeyPress from None: t=503.3219278000179, value=c, duration=None>
503.3276 	EXP 	New trial (rep=0, index=5): <Trial 5 (5 in rep 0) data={'pos': np.int64(-50), 'corr_resp': 'x', 'thisN': 5, 'thisTrialN': 5, 'thisRepN': 0}>
503.3291 	DATA 	Keypress: c
503.3436 	EXP 	fixation_2: autoDraw = False
503.3436 	EXP 	line_1: autoDraw = False
503.3436 	EXP 	line_2: autoDraw = False
503.3436 	EXP 	line_3: autoDraw = False
503.3436 	EXP 	line_4: autoDraw = False
503.3436 	EXP 	probe_2: autoDraw = False
503.3436 	EXP 	fixation_2: autoDraw = True
503.4614 	EXP 	Device response: <KeyPress from None: t=503.3219278000179, value=c, duration=0.13310659996932372>
504.3279 	EXP 	line_1: autoDraw = True
504.3279 	EXP 	line_2: autoDraw = True
504.3279 	EXP 	line_3: autoDraw = True
504.3279 	EXP 	line_4: autoDraw = True
504.3433 	EXP 	fixation_2: autoDraw = False
505.3282 	INFO 	Keyboard events cleared
505.3280 	EXP 	probe_2: autoDraw = True
506.8276 	EXP 	Device response: <KeyPress from None: t=506.8169675000245, value=x, duration=None>
506.8280 	EXP 	New trial (rep=2, index=6): <Trial 6 (6 in rep 2) data={'pos': np.int64(150), 'corr_resp': 'v', 'thisN': 6, 'thisTrialN': 6, 'thisRepN': 2}>
506.8293 	DATA 	Keypress: x
506.8429 	EXP 	fixation_2: autoDraw = False
506.8429 	EXP 	line_1: autoDraw = False
506.8429 	EXP 	line_2: autoDraw = False
506.8429 	EXP 	line_3: autoDraw = False
506.8429 	EXP 	line_4: autoDraw = False
506.8429 	EXP 	probe_2: autoDraw = False
506.8429 	EXP 	fixation_2: autoDraw = True
506.8942 	EXP 	Device response: <KeyPress from None: t=506.8169675000245, value=x, duration=0.07090369996149093>
507.8274 	EXP 	line_1: autoDraw = True
507.8274 	EXP 	line_2: autoDraw = True
507.8274 	EXP 	line_3: autoDraw = True
507.8274 	EXP 	line_4: autoDraw = True
507.8447 	EXP 	fixation_2: autoDraw = False
508.8280 	INFO 	Keyboard events cleared
508.8277 	EXP 	probe_2: autoDraw = True
510.7275 	EXP 	Device response: <KeyPress from None: t=510.717773500015, value=v, duration=None>
510.7280 	EXP 	New trial (rep=0, index=7): <Trial 7 (7 in rep 0) data={'pos': np.int64(-150), 'corr_resp': 'z', 'thisN': 7, 'thisTrialN': 7, 'thisRepN': 0}>
510.7294 	DATA 	Keypress: v
510.7444 	EXP 	fixation_2: autoDraw = False
510.7444 	EXP 	line_1: autoDraw = False
510.7444 	EXP 	line_2: autoDraw = False
510.7444 	EXP 	line_3: autoDraw = False
510.7444 	EXP 	line_4: autoDraw = False
510.7444 	EXP 	probe_2: autoDraw = False
510.7444 	EXP 	fixation_2: autoDraw = True
510.8288 	EXP 	Device response: <KeyPress from None: t=510.717773500015, value=v, duration=0.10139669995987788>
511.7286 	EXP 	line_1: autoDraw = True
511.7286 	EXP 	line_2: autoDraw = True
511.7286 	EXP 	line_3: autoDraw = True
511.7286 	EXP 	line_4: autoDraw = True
511.7451 	EXP 	fixation_2: autoDraw = False
512.7283 	INFO 	Keyboard events cleared
512.7281 	EXP 	probe_2: autoDraw = True
514.5445 	EXP 	Device response: <KeyPress from None: t=514.5341351000243, value=z, duration=None>
514.5449 	EXP 	New trial (rep=3, index=8): <Trial 8 (8 in rep 3) data={'pos': np.int64(150), 'corr_resp': 'v', 'thisN': 8, 'thisTrialN': 8, 'thisRepN': 3}>
514.5462 	DATA 	Keypress: z
514.5599 	EXP 	fixation_2: autoDraw = False
514.5599 	EXP 	line_1: autoDraw = False
514.5599 	EXP 	line_2: autoDraw = False
514.5599 	EXP 	line_3: autoDraw = False
514.5599 	EXP 	line_4: autoDraw = False
514.5599 	EXP 	probe_2: autoDraw = False
514.5599 	EXP 	fixation_2: autoDraw = True
514.6278 	EXP 	Device response: <KeyPress from None: t=514.5341351000243, value=z, duration=0.07798739999998361>
515.5437 	EXP 	line_1: autoDraw = True
515.5437 	EXP 	line_2: autoDraw = True
515.5437 	EXP 	line_3: autoDraw = True
515.5437 	EXP 	line_4: autoDraw = True
515.5610 	EXP 	fixation_2: autoDraw = False
516.5447 	INFO 	Keyboard events cleared
516.5445 	EXP 	probe_2: autoDraw = True
518.7621 	EXP 	Device response: <KeyPress from None: t=518.7581165999873, value=v, duration=None>
518.7626 	EXP 	New trial (rep=3, index=9): <Trial 9 (9 in rep 3) data={'pos': np.int64(50), 'corr_resp': 'c', 'thisN': 9, 'thisTrialN': 9, 'thisRepN': 3}>
518.7641 	DATA 	Keypress: v
518.7765 	EXP 	fixation_2: autoDraw = False
518.7765 	EXP 	line_1: autoDraw = False
518.7765 	EXP 	line_2: autoDraw = False
518.7765 	EXP 	line_3: autoDraw = False
518.7765 	EXP 	line_4: autoDraw = False
518.7765 	EXP 	probe_2: autoDraw = False
518.7765 	EXP 	fixation_2: autoDraw = True
518.8281 	EXP 	Device response: <KeyPress from None: t=518.7581165999873, value=v, duration=0.06716840004082769>
519.7782 	EXP 	fixation_2: autoDraw = False
519.7782 	EXP 	line_1: autoDraw = True
519.7782 	EXP 	line_2: autoDraw = True
519.7782 	EXP 	line_3: autoDraw = True
519.7782 	EXP 	line_4: autoDraw = True
520.7778 	INFO 	Keyboard events cleared
520.7776 	EXP 	probe_2: autoDraw = True
521.9811 	DATA 	Keypress: c
521.9940 	EXP 	Device response: <KeyPress from None: t=521.9805195999797, value=c, duration=None>
521.9945 	EXP 	New trial (rep=1, index=10): <Trial 10 (10 in rep 1) data={'pos': np.int64(-50), 'corr_resp': 'x', 'thisN': 10, 'thisTrialN': 10, 'thisRepN': 1}>
522.0110 	EXP 	fixation_2: autoDraw = False
522.0110 	EXP 	line_1: autoDraw = False
522.0110 	EXP 	line_2: autoDraw = False
522.0110 	EXP 	line_3: autoDraw = False
522.0110 	EXP 	line_4: autoDraw = False
522.0110 	EXP 	probe_2: autoDraw = False
522.0110 	EXP 	fixation_2: autoDraw = True
522.0963 	EXP 	Device response: <KeyPress from None: t=521.9805195999797, value=c, duration=0.10294160002376884>
522.9950 	EXP 	line_1: autoDraw = True
522.9950 	EXP 	line_2: autoDraw = True
522.9950 	EXP 	line_3: autoDraw = True
522.9950 	EXP 	line_4: autoDraw = True
523.0116 	EXP 	fixation_2: autoDraw = False
523.9940 	INFO 	Keyboard events cleared
523.9938 	EXP 	probe_2: autoDraw = True
525.4616 	EXP 	Device response: <KeyPress from None: t=525.4563886999968, value=x, duration=None>
525.4620 	EXP 	New trial (rep=2, index=11): <Trial 11 (11 in rep 2) data={'pos': np.int64(-50), 'corr_resp': 'x', 'thisN': 11, 'thisTrialN': 11, 'thisRepN': 2}>
525.4633 	DATA 	Keypress: x
525.4780 	EXP 	fixation_2: autoDraw = False
525.4780 	EXP 	line_1: autoDraw = False
525.4780 	EXP 	line_2: autoDraw = False
525.4780 	EXP 	line_3: autoDraw = False
525.4780 	EXP 	line_4: autoDraw = False
525.4780 	EXP 	probe_2: autoDraw = False
525.4780 	EXP 	fixation_2: autoDraw = True
525.5785 	EXP 	Device response: <KeyPress from None: t=525.4563886999968, value=x, duration=0.11134350002976134>
526.4772 	EXP 	line_1: autoDraw = True
526.4772 	EXP 	line_2: autoDraw = True
526.4772 	EXP 	line_3: autoDraw = True
526.4772 	EXP 	line_4: autoDraw = True
526.4941 	EXP 	fixation_2: autoDraw = False
527.4608 	INFO 	Keyboard events cleared
527.4607 	EXP 	probe_2: autoDraw = True
528.4136 	DATA 	Keypress: x
528.4282 	EXP 	Device response: <KeyPress from None: t=528.4126737000188, value=x, duration=None>
528.4286 	EXP 	New trial (rep=3, index=12): <Trial 12 (12 in rep 3) data={'pos': np.int64(-50), 'corr_resp': 'x', 'thisN': 12, 'thisTrialN': 12, 'thisRepN': 3}>
528.4433 	EXP 	fixation_2: autoDraw = False
528.4433 	EXP 	line_1: autoDraw = False
528.4433 	EXP 	line_2: autoDraw = False
528.4433 	EXP 	line_3: autoDraw = False
528.4433 	EXP 	line_4: autoDraw = False
528.4433 	EXP 	probe_2: autoDraw = False
528.4433 	EXP 	fixation_2: autoDraw = True
528.5446 	EXP 	Device response: <KeyPress from None: t=528.4126737000188, value=x, duration=0.12075810000533238>
529.4282 	EXP 	line_1: autoDraw = True
529.4282 	EXP 	line_2: autoDraw = True
529.4282 	EXP 	line_3: autoDraw = True
529.4282 	EXP 	line_4: autoDraw = True
529.4438 	EXP 	fixation_2: autoDraw = False
530.4285 	INFO 	Keyboard events cleared
530.4283 	EXP 	probe_2: autoDraw = True
531.6469 	DATA 	Keypress: x
531.6625 	EXP 	Device response: <KeyPress from None: t=531.6445268000243, value=x, duration=None>
531.6631 	EXP 	New trial (rep=4, index=13): <Trial 13 (13 in rep 4) data={'pos': np.int64(-50), 'corr_resp': 'x', 'thisN': 13, 'thisTrialN': 13, 'thisRepN': 4}>
531.6766 	EXP 	fixation_2: autoDraw = False
531.6766 	EXP 	line_1: autoDraw = False
531.6766 	EXP 	line_2: autoDraw = False
531.6766 	EXP 	line_3: autoDraw = False
531.6766 	EXP 	line_4: autoDraw = False
531.6766 	EXP 	probe_2: autoDraw = False
531.6766 	EXP 	fixation_2: autoDraw = True
531.7609 	EXP 	Device response: <KeyPress from None: t=531.6445268000243, value=x, duration=0.10111599997617304>
532.6783 	EXP 	fixation_2: autoDraw = False
532.6783 	EXP 	line_1: autoDraw = True
532.6783 	EXP 	line_2: autoDraw = True
532.6783 	EXP 	line_3: autoDraw = True
532.6783 	EXP 	line_4: autoDraw = True
533.6787 	INFO 	Keyboard events cleared
533.6785 	EXP 	probe_2: autoDraw = True
534.5951 	EXP 	Device response: <KeyPress from None: t=534.5906404000125, value=x, duration=None>
534.5955 	EXP 	New trial (rep=5, index=14): <Trial 14 (14 in rep 5) data={'pos': np.int64(-50), 'corr_resp': 'x', 'thisN': 14, 'thisTrialN': 14, 'thisRepN': 5}>
534.5970 	DATA 	Keypress: x
534.6100 	EXP 	fixation_2: autoDraw = False
534.6100 	EXP 	line_1: autoDraw = False
534.6100 	EXP 	line_2: autoDraw = False
534.6100 	EXP 	line_3: autoDraw = False
534.6100 	EXP 	line_4: autoDraw = False
534.6100 	EXP 	probe_2: autoDraw = False
534.6100 	EXP 	fixation_2: autoDraw = True
534.7279 	EXP 	Device response: <KeyPress from None: t=534.5906404000125, value=x, duration=0.12171089998446405>
535.6117 	EXP 	fixation_2: autoDraw = False
535.6117 	EXP 	line_1: autoDraw = True
535.6117 	EXP 	line_2: autoDraw = True
535.6117 	EXP 	line_3: autoDraw = True
535.6117 	EXP 	line_4: autoDraw = True
536.6117 	INFO 	Keyboard events cleared
536.6115 	EXP 	probe_2: autoDraw = True
537.3277 	EXP 	Device response: <KeyPress from None: t=537.3162783000153, value=x, duration=None>
537.3280 	EXP 	New trial (rep=1, index=15): <Trial 15 (15 in rep 1) data={'pos': np.int64(-150), 'corr_resp': 'z', 'thisN': 15, 'thisTrialN': 15, 'thisRepN': 1}>
537.3294 	DATA 	Keypress: x
537.3449 	EXP 	fixation_2: autoDraw = False
537.3449 	EXP 	line_1: autoDraw = False
537.3449 	EXP 	line_2: autoDraw = False
537.3449 	EXP 	line_3: autoDraw = False
537.3449 	EXP 	line_4: autoDraw = False
537.3449 	EXP 	probe_2: autoDraw = False
537.3449 	EXP 	fixation_2: autoDraw = True
537.4452 	EXP 	Device response: <KeyPress from None: t=537.3162783000153, value=x, duration=0.11834899999666959>
538.3282 	EXP 	line_1: autoDraw = True
538.3282 	EXP 	line_2: autoDraw = True
538.3282 	EXP 	line_3: autoDraw = True
538.3282 	EXP 	line_4: autoDraw = True
538.3444 	EXP 	fixation_2: autoDraw = False
539.3280 	INFO 	Keyboard events cleared
539.3278 	EXP 	probe_2: autoDraw = True
540.5308 	DATA 	Keypress: z
540.5453 	EXP 	Device response: <KeyPress from None: t=540.5295673999935, value=z, duration=None>
540.5458 	EXP 	New trial (rep=4, index=16): <Trial 16 (16 in rep 4) data={'pos': np.int64(50), 'corr_resp': 'c', 'thisN': 16, 'thisTrialN': 16, 'thisRepN': 4}>
540.5602 	EXP 	fixation_2: autoDraw = False
540.5602 	EXP 	line_1: autoDraw = False
540.5602 	EXP 	line_2: autoDraw = False
540.5602 	EXP 	line_3: autoDraw = False
540.5602 	EXP 	line_4: autoDraw = False
540.5602 	EXP 	probe_2: autoDraw = False
540.5602 	EXP 	fixation_2: autoDraw = True
540.6288 	EXP 	Device response: <KeyPress from None: t=540.5295673999935, value=z, duration=0.09630600002128631>
541.5451 	EXP 	line_1: autoDraw = True
541.5451 	EXP 	line_2: autoDraw = True
541.5451 	EXP 	line_3: autoDraw = True
541.5451 	EXP 	line_4: autoDraw = True
541.5615 	EXP 	fixation_2: autoDraw = False
542.5457 	INFO 	Keyboard events cleared
542.5455 	EXP 	probe_2: autoDraw = True
544.1126 	EXP 	Device response: <KeyPress from None: t=544.1045957999886, value=c, duration=None>
544.1130 	EXP 	New trial (rep=5, index=17): <Trial 17 (17 in rep 5) data={'pos': np.int64(50), 'corr_resp': 'c', 'thisN': 17, 'thisTrialN': 17, 'thisRepN': 5}>
544.1144 	DATA 	Keypress: c
544.1276 	EXP 	fixation_2: autoDraw = False
544.1276 	EXP 	line_1: autoDraw = False
544.1276 	EXP 	line_2: autoDraw = False
544.1276 	EXP 	line_3: autoDraw = False
544.1276 	EXP 	line_4: autoDraw = False
544.1276 	EXP 	probe_2: autoDraw = False
544.1276 	EXP 	fixation_2: autoDraw = True
544.2118 	EXP 	Device response: <KeyPress from None: t=544.1045957999886, value=c, duration=0.10044920002110302>
545.1278 	EXP 	fixation_2: autoDraw = False
545.1278 	EXP 	line_1: autoDraw = True
545.1278 	EXP 	line_2: autoDraw = True
545.1278 	EXP 	line_3: autoDraw = True
545.1278 	EXP 	line_4: autoDraw = True
546.1287 	INFO 	Keyboard events cleared
546.1285 	EXP 	probe_2: autoDraw = True
547.6622 	EXP 	Device response: <KeyPress from None: t=547.653950500011, value=c, duration=None>
547.6626 	EXP 	New trial (rep=6, index=18): <Trial 18 (18 in rep 6) data={'pos': np.int64(-50), 'corr_resp': 'x', 'thisN': 18, 'thisTrialN': 18, 'thisRepN': 6}>
547.6640 	DATA 	Keypress: c
547.6769 	EXP 	fixation_2: autoDraw = False
547.6769 	EXP 	line_1: autoDraw = False
547.6769 	EXP 	line_2: autoDraw = False
547.6769 	EXP 	line_3: autoDraw = False
547.6769 	EXP 	line_4: autoDraw = False
547.6769 	EXP 	probe_2: autoDraw = False
547.6769 	EXP 	fixation_2: autoDraw = True
547.7453 	EXP 	Device response: <KeyPress from None: t=547.653950500011, value=c, duration=0.07749070000136271>
548.6782 	EXP 	fixation_2: autoDraw = False
548.6782 	EXP 	line_1: autoDraw = True
548.6782 	EXP 	line_2: autoDraw = True
548.6782 	EXP 	line_3: autoDraw = True
548.6782 	EXP 	line_4: autoDraw = True
549.6622 	INFO 	Keyboard events cleared
549.6619 	EXP 	probe_2: autoDraw = True
551.3146 	DATA 	Keypress: x
551.3275 	EXP 	Device response: <KeyPress from None: t=551.3136530999909, value=x, duration=None>
551.3279 	EXP 	New trial (rep=6, index=19): <Trial 19 (19 in rep 6) data={'pos': np.int64(50), 'corr_resp': 'c', 'thisN': 19, 'thisTrialN': 19, 'thisRepN': 6}>
551.3454 	EXP 	fixation_2: autoDraw = False
551.3454 	EXP 	line_1: autoDraw = False
551.3454 	EXP 	line_2: autoDraw = False
551.3454 	EXP 	line_3: autoDraw = False
551.3454 	EXP 	line_4: autoDraw = False
551.3454 	EXP 	probe_2: autoDraw = False
551.3454 	EXP 	fixation_2: autoDraw = True
551.4115 	EXP 	Device response: <KeyPress from None: t=551.3136530999909, value=x, duration=0.08152720000362024>
552.3287 	EXP 	line_1: autoDraw = True
552.3287 	EXP 	line_2: autoDraw = True
552.3287 	EXP 	line_3: autoDraw = True
552.3287 	EXP 	line_4: autoDraw = True
552.3455 	EXP 	fixation_2: autoDraw = False
553.3288 	INFO 	Keyboard events cleared
553.3285 	EXP 	probe_2: autoDraw = True
554.5792 	DATA 	Keypress: c
554.5949 	EXP 	Device response: <KeyPress from None: t=554.5779891000129, value=c, duration=None>
554.5953 	EXP 	New trial (rep=4, index=20): <Trial 20 (20 in rep 4) data={'pos': np.int64(150), 'corr_resp': 'v', 'thisN': 20, 'thisTrialN': 20, 'thisRepN': 4}>
554.6110 	EXP 	fixation_2: autoDraw = False
554.6110 	EXP 	line_1: autoDraw = False
554.6110 	EXP 	line_2: autoDraw = False
554.6110 	EXP 	line_3: autoDraw = False
554.6110 	EXP 	line_4: autoDraw = False
554.6110 	EXP 	probe_2: autoDraw = False
554.6110 	EXP 	fixation_2: autoDraw = True
554.6955 	EXP 	Device response: <KeyPress from None: t=554.5779891000129, value=c, duration=0.10057419998338446>
555.5945 	EXP 	line_1: autoDraw = True
555.5945 	EXP 	line_2: autoDraw = True
555.5945 	EXP 	line_3: autoDraw = True
555.5945 	EXP 	line_4: autoDraw = True
555.6122 	EXP 	fixation_2: autoDraw = False
556.5949 	INFO 	Keyboard events cleared
556.5947 	EXP 	probe_2: autoDraw = True
557.9450 	EXP 	Device response: <KeyPress from None: t=557.940999399987, value=v, duration=None>
557.9454 	EXP 	New trial (rep=7, index=21): <Trial 21 (21 in rep 7) data={'pos': np.int64(-50), 'corr_resp': 'x', 'thisN': 21, 'thisTrialN': 21, 'thisRepN': 7}>
557.9467 	DATA 	Keypress: v
557.9604 	EXP 	fixation_2: autoDraw = False
557.9604 	EXP 	line_1: autoDraw = False
557.9604 	EXP 	line_2: autoDraw = False
557.9604 	EXP 	line_3: autoDraw = False
557.9604 	EXP 	line_4: autoDraw = False
557.9604 	EXP 	probe_2: autoDraw = False
557.9604 	EXP 	fixation_2: autoDraw = True
558.0787 	EXP 	Device response: <KeyPress from None: t=557.940999399987, value=v, duration=0.12823140004184097>
558.9454 	EXP 	line_1: autoDraw = True
558.9454 	EXP 	line_2: autoDraw = True
558.9454 	EXP 	line_3: autoDraw = True
558.9454 	EXP 	line_4: autoDraw = True
558.9622 	EXP 	fixation_2: autoDraw = False
559.9454 	INFO 	Keyboard events cleared
559.9452 	EXP 	probe_2: autoDraw = True
562.1791 	EXP 	Device response: <KeyPress from None: t=562.171889099991, value=x, duration=None>
562.1796 	EXP 	New trial (rep=2, index=22): <Trial 22 (22 in rep 2) data={'pos': np.int64(-150), 'corr_resp': 'z', 'thisN': 22, 'thisTrialN': 22, 'thisRepN': 2}>
562.1809 	DATA 	Keypress: x
562.1938 	EXP 	fixation_2: autoDraw = False
562.1938 	EXP 	line_1: autoDraw = False
562.1938 	EXP 	line_2: autoDraw = False
562.1938 	EXP 	line_3: autoDraw = False
562.1938 	EXP 	line_4: autoDraw = False
562.1938 	EXP 	probe_2: autoDraw = False
562.1938 	EXP 	fixation_2: autoDraw = True
562.2779 	EXP 	Device response: <KeyPress from None: t=562.171889099991, value=x, duration=0.09615120000671595>
563.1956 	EXP 	fixation_2: autoDraw = False
563.1956 	EXP 	line_1: autoDraw = True
563.1956 	EXP 	line_2: autoDraw = True
563.1956 	EXP 	line_3: autoDraw = True
563.1956 	EXP 	line_4: autoDraw = True
564.1792 	INFO 	Keyboard events cleared
564.1790 	EXP 	probe_2: autoDraw = True
565.7458 	EXP 	Device response: <KeyPress from None: t=565.7412591999746, value=z, duration=None>
565.7461 	EXP 	New trial (rep=5, index=23): <Trial 23 (23 in rep 5) data={'pos': np.int64(150), 'corr_resp': 'v', 'thisN': 23, 'thisTrialN': 23, 'thisRepN': 5}>
565.7476 	DATA 	Keypress: z
565.7619 	EXP 	fixation_2: autoDraw = False
565.7619 	EXP 	line_1: autoDraw = False
565.7619 	EXP 	line_2: autoDraw = False
565.7619 	EXP 	line_3: autoDraw = False
565.7619 	EXP 	line_4: autoDraw = False
565.7619 	EXP 	probe_2: autoDraw = False
565.7619 	EXP 	fixation_2: autoDraw = True
565.8453 	EXP 	Device response: <KeyPress from None: t=565.7412591999746, value=z, duration=0.10108900000341237>
566.7457 	EXP 	line_1: autoDraw = True
566.7457 	EXP 	line_2: autoDraw = True
566.7457 	EXP 	line_3: autoDraw = True
566.7457 	EXP 	line_4: autoDraw = True
566.7624 	EXP 	fixation_2: autoDraw = False
567.7449 	INFO 	Keyboard events cleared
567.7448 	EXP 	probe_2: autoDraw = True
569.5113 	EXP 	Device response: <KeyPress from None: t=569.5015280999942, value=v, duration=None>
569.5116 	EXP 	New trial (rep=7, index=24): <Trial 24 (24 in rep 7) data={'pos': np.int64(50), 'corr_resp': 'c', 'thisN': 24, 'thisTrialN': 24, 'thisRepN': 7}>
569.5129 	DATA 	Keypress: v
569.5285 	EXP 	fixation_2: autoDraw = False
569.5285 	EXP 	line_1: autoDraw = False
569.5285 	EXP 	line_2: autoDraw = False
569.5285 	EXP 	line_3: autoDraw = False
569.5285 	EXP 	line_4: autoDraw = False
569.5285 	EXP 	probe_2: autoDraw = False
569.5285 	EXP 	fixation_2: autoDraw = True
569.6296 	EXP 	Device response: <KeyPress from None: t=569.5015280999942, value=v, duration=0.1157305000233464>
570.5123 	EXP 	line_1: autoDraw = True
570.5123 	EXP 	line_2: autoDraw = True
570.5123 	EXP 	line_3: autoDraw = True
570.5123 	EXP 	line_4: autoDraw = True
570.5286 	EXP 	fixation_2: autoDraw = False
571.5126 	INFO 	Keyboard events cleared
571.5124 	EXP 	probe_2: autoDraw = True
573.2618 	EXP 	Device response: <KeyPress from None: t=573.2533641000045, value=c, duration=None>
573.2622 	EXP 	New trial (rep=6, index=25): <Trial 25 (25 in rep 6) data={'pos': np.int64(150), 'corr_resp': 'v', 'thisN': 25, 'thisTrialN': 25, 'thisRepN': 6}>
573.2635 	DATA 	Keypress: c
573.2792 	EXP 	fixation_2: autoDraw = False
573.2792 	EXP 	line_1: autoDraw = False
573.2792 	EXP 	line_2: autoDraw = False
573.2792 	EXP 	line_3: autoDraw = False
573.2792 	EXP 	line_4: autoDraw = False
573.2792 	EXP 	probe_2: autoDraw = False
573.2792 	EXP 	fixation_2: autoDraw = True
573.3627 	EXP 	Device response: <KeyPress from None: t=573.2533641000045, value=c, duration=0.09604510001372546>
574.2620 	EXP 	line_1: autoDraw = True
574.2620 	EXP 	line_2: autoDraw = True
574.2620 	EXP 	line_3: autoDraw = True
574.2620 	EXP 	line_4: autoDraw = True
574.2787 	EXP 	fixation_2: autoDraw = False
575.2620 	INFO 	Keyboard events cleared
575.2618 	EXP 	probe_2: autoDraw = True
576.6298 	EXP 	Device response: <KeyPress from None: t=576.6156804999919, value=v, duration=None>
576.6303 	EXP 	New trial (rep=7, index=26): <Trial 26 (26 in rep 7) data={'pos': np.int64(150), 'corr_resp': 'v', 'thisN': 26, 'thisTrialN': 26, 'thisRepN': 7}>
576.6318 	DATA 	Keypress: v
576.6447 	EXP 	fixation_2: autoDraw = False
576.6447 	EXP 	line_1: autoDraw = False
576.6447 	EXP 	line_2: autoDraw = False
576.6447 	EXP 	line_3: autoDraw = False
576.6447 	EXP 	line_4: autoDraw = False
576.6447 	EXP 	probe_2: autoDraw = False
576.6447 	EXP 	fixation_2: autoDraw = True
576.7121 	EXP 	Device response: <KeyPress from None: t=576.6156804999919, value=v, duration=0.09011220000684261>
577.6288 	EXP 	line_1: autoDraw = True
577.6288 	EXP 	line_2: autoDraw = True
577.6288 	EXP 	line_3: autoDraw = True
577.6288 	EXP 	line_4: autoDraw = True
577.6458 	EXP 	fixation_2: autoDraw = False
578.6293 	INFO 	Keyboard events cleared
578.6291 	EXP 	probe_2: autoDraw = True
579.5470 	DATA 	Keypress: v
579.5611 	EXP 	Device response: <KeyPress from None: t=579.5452949000173, value=v, duration=None>
579.5614 	EXP 	New trial (rep=8, index=27): <Trial 27 (27 in rep 8) data={'pos': np.int64(-50), 'corr_resp': 'x', 'thisN': 27, 'thisTrialN': 27, 'thisRepN': 8}>
579.5776 	EXP 	fixation_2: autoDraw = False
579.5776 	EXP 	line_1: autoDraw = False
579.5776 	EXP 	line_2: autoDraw = False
579.5776 	EXP 	line_3: autoDraw = False
579.5776 	EXP 	line_4: autoDraw = False
579.5776 	EXP 	probe_2: autoDraw = False
579.5776 	EXP 	fixation_2: autoDraw = True
579.6291 	EXP 	Device response: <KeyPress from None: t=579.5452949000173, value=v, duration=0.08060980000300333>
580.5621 	EXP 	line_1: autoDraw = True
580.5621 	EXP 	line_2: autoDraw = True
580.5621 	EXP 	line_3: autoDraw = True
580.5621 	EXP 	line_4: autoDraw = True
580.5787 	EXP 	fixation_2: autoDraw = False
581.5631 	INFO 	Keyboard events cleared
581.5629 	EXP 	probe_2: autoDraw = True
583.8456 	EXP 	Device response: <KeyPress from None: t=583.8371960999793, value=x, duration=None>
583.8459 	EXP 	New trial (rep=3, index=28): <Trial 28 (28 in rep 3) data={'pos': np.int64(-150), 'corr_resp': 'z', 'thisN': 28, 'thisTrialN': 28, 'thisRepN': 3}>
583.8474 	DATA 	Keypress: x
583.8616 	EXP 	fixation_2: autoDraw = False
583.8616 	EXP 	line_1: autoDraw = False
583.8616 	EXP 	line_2: autoDraw = False
583.8616 	EXP 	line_3: autoDraw = False
583.8616 	EXP 	line_4: autoDraw = False
583.8616 	EXP 	probe_2: autoDraw = False
583.8616 	EXP 	fixation_2: autoDraw = True
583.9120 	EXP 	Device response: <KeyPress from None: t=583.8371960999793, value=x, duration=0.07218730001477525>
584.8625 	EXP 	fixation_2: autoDraw = False
584.8625 	EXP 	line_1: autoDraw = True
584.8625 	EXP 	line_2: autoDraw = True
584.8625 	EXP 	line_3: autoDraw = True
584.8625 	EXP 	line_4: autoDraw = True
585.8464 	INFO 	Keyboard events cleared
585.8461 	EXP 	probe_2: autoDraw = True
586.5454 	EXP 	Device response: <KeyPress from None: t=586.5312720999937, value=z, duration=None>
586.5458 	EXP 	New trial (rep=4, index=29): <Trial 29 (29 in rep 4) data={'pos': np.int64(-150), 'corr_resp': 'z', 'thisN': 29, 'thisTrialN': 29, 'thisRepN': 4}>
586.5472 	DATA 	Keypress: z
586.5610 	EXP 	fixation_2: autoDraw = False
586.5610 	EXP 	line_1: autoDraw = False
586.5610 	EXP 	line_2: autoDraw = False
586.5610 	EXP 	line_3: autoDraw = False
586.5610 	EXP 	line_4: autoDraw = False
586.5610 	EXP 	probe_2: autoDraw = False
586.5610 	EXP 	fixation_2: autoDraw = True
586.6466 	EXP 	Device response: <KeyPress from None: t=586.5312720999937, value=z, duration=0.0990186000126414>
587.5457 	EXP 	line_1: autoDraw = True
587.5457 	EXP 	line_2: autoDraw = True
587.5457 	EXP 	line_3: autoDraw = True
587.5457 	EXP 	line_4: autoDraw = True
587.5619 	EXP 	fixation_2: autoDraw = False
588.5461 	INFO 	Keyboard events cleared
588.5459 	EXP 	probe_2: autoDraw = True
589.2956 	EXP 	Device response: <KeyPress from None: t=589.2819376999978, value=z, duration=None>
589.2959 	EXP 	New trial (rep=5, index=30): <Trial 30 (30 in rep 5) data={'pos': np.int64(-150), 'corr_resp': 'z', 'thisN': 30, 'thisTrialN': 30, 'thisRepN': 5}>
589.2973 	DATA 	Keypress: z
589.3126 	EXP 	fixation_2: autoDraw = False
589.3126 	EXP 	line_1: autoDraw = False
589.3126 	EXP 	line_2: autoDraw = False
589.3126 	EXP 	line_3: autoDraw = False
589.3126 	EXP 	line_4: autoDraw = False
589.3126 	EXP 	probe_2: autoDraw = False
589.3126 	EXP 	fixation_2: autoDraw = True
589.4292 	EXP 	Device response: <KeyPress from None: t=589.2819376999978, value=z, duration=0.13153020001482219>
590.2956 	EXP 	line_1: autoDraw = True
590.2956 	EXP 	line_2: autoDraw = True
590.2956 	EXP 	line_3: autoDraw = True
590.2956 	EXP 	line_4: autoDraw = True
590.3124 	EXP 	fixation_2: autoDraw = False
591.2962 	INFO 	Keyboard events cleared
591.2960 	EXP 	probe_2: autoDraw = True
592.1978 	DATA 	Keypress: z
592.2125 	EXP 	Device response: <KeyPress from None: t=592.1955592000159, value=z, duration=None>
592.2129 	EXP 	New trial (rep=8, index=31): <Trial 31 (31 in rep 8) data={'pos': np.int64(50), 'corr_resp': 'c', 'thisN': 31, 'thisTrialN': 31, 'thisRepN': 8}>
592.2291 	EXP 	fixation_2: autoDraw = False
592.2291 	EXP 	line_1: autoDraw = False
592.2291 	EXP 	line_2: autoDraw = False
592.2291 	EXP 	line_3: autoDraw = False
592.2291 	EXP 	line_4: autoDraw = False
592.2291 	EXP 	probe_2: autoDraw = False
592.2291 	EXP 	fixation_2: autoDraw = True
592.3131 	EXP 	Device response: <KeyPress from None: t=592.1955592000159, value=z, duration=0.11173569998936728>
593.2127 	EXP 	line_1: autoDraw = True
593.2127 	EXP 	line_2: autoDraw = True
593.2127 	EXP 	line_3: autoDraw = True
593.2127 	EXP 	line_4: autoDraw = True
593.2288 	EXP 	fixation_2: autoDraw = False
594.2126 	INFO 	Keyboard events cleared
594.2124 	EXP 	probe_2: autoDraw = True
595.8128 	EXP 	Device response: <KeyPress from None: t=595.8102739999886, value=c, duration=None>
595.8131 	EXP 	New trial (rep=8, index=32): <Trial 32 (32 in rep 8) data={'pos': np.int64(150), 'corr_resp': 'v', 'thisN': 32, 'thisTrialN': 32, 'thisRepN': 8}>
595.8145 	DATA 	Keypress: c
595.8284 	EXP 	fixation_2: autoDraw = False
595.8284 	EXP 	line_1: autoDraw = False
595.8284 	EXP 	line_2: autoDraw = False
595.8284 	EXP 	line_3: autoDraw = False
595.8284 	EXP 	line_4: autoDraw = False
595.8284 	EXP 	probe_2: autoDraw = False
595.8284 	EXP 	fixation_2: autoDraw = True
595.9123 	EXP 	Device response: <KeyPress from None: t=595.8102739999886, value=c, duration=0.09057520003989339>
596.8293 	EXP 	fixation_2: autoDraw = False
596.8293 	EXP 	line_1: autoDraw = True
596.8293 	EXP 	line_2: autoDraw = True
596.8293 	EXP 	line_3: autoDraw = True
596.8293 	EXP 	line_4: autoDraw = True
597.8121 	INFO 	Keyboard events cleared
597.8119 	EXP 	probe_2: autoDraw = True
599.1132 	EXP 	Device response: <KeyPress from None: t=599.0989359000232, value=v, duration=None>
599.1136 	EXP 	New trial (rep=9, index=33): <Trial 33 (33 in rep 9) data={'pos': np.int64(-50), 'corr_resp': 'x', 'thisN': 33, 'thisTrialN': 33, 'thisRepN': 9}>
599.1151 	DATA 	Keypress: v
599.1275 	EXP 	fixation_2: autoDraw = False
599.1275 	EXP 	line_1: autoDraw = False
599.1275 	EXP 	line_2: autoDraw = False
599.1275 	EXP 	line_3: autoDraw = False
599.1275 	EXP 	line_4: autoDraw = False
599.1275 	EXP 	probe_2: autoDraw = False
599.1275 	EXP 	fixation_2: autoDraw = True
599.1963 	EXP 	Device response: <KeyPress from None: t=599.0989359000232, value=v, duration=0.09014719998231158>
600.1285 	EXP 	fixation_2: autoDraw = False
600.1285 	EXP 	line_1: autoDraw = True
600.1285 	EXP 	line_2: autoDraw = True
600.1285 	EXP 	line_3: autoDraw = True
600.1285 	EXP 	line_4: autoDraw = True
601.1122 	INFO 	Keyboard events cleared
601.1120 	EXP 	probe_2: autoDraw = True
602.0658 	DATA 	Keypress: x
602.0782 	EXP 	Device response: <KeyPress from None: t=602.0643547999789, value=x, duration=None>
602.0787 	EXP 	New trial (rep=9, index=34): <Trial 34 (34 in rep 9) data={'pos': np.int64(150), 'corr_resp': 'v', 'thisN': 34, 'thisTrialN': 34, 'thisRepN': 9}>
602.0957 	EXP 	fixation_2: autoDraw = False
602.0957 	EXP 	line_1: autoDraw = False
602.0957 	EXP 	line_2: autoDraw = False
602.0957 	EXP 	line_3: autoDraw = False
602.0957 	EXP 	line_4: autoDraw = False
602.0957 	EXP 	probe_2: autoDraw = False
602.0957 	EXP 	fixation_2: autoDraw = True
602.1632 	EXP 	Device response: <KeyPress from None: t=602.0643547999789, value=x, duration=0.08268069999758154>
603.0788 	EXP 	line_1: autoDraw = True
603.0788 	EXP 	line_2: autoDraw = True
603.0788 	EXP 	line_3: autoDraw = True
603.0788 	EXP 	line_4: autoDraw = True
603.0957 	EXP 	fixation_2: autoDraw = False
604.0795 	INFO 	Keyboard events cleared
604.0793 	EXP 	probe_2: autoDraw = True
605.1470 	EXP 	Device response: <KeyPress from None: t=605.1383414000156, value=v, duration=None>
605.1475 	EXP 	New trial (rep=10, index=35): <Trial 35 (35 in rep 10) data={'pos': np.int64(150), 'corr_resp': 'v', 'thisN': 35, 'thisTrialN': 35, 'thisRepN': 10}>
605.1490 	DATA 	Keypress: v
605.1617 	EXP 	fixation_2: autoDraw = False
605.1617 	EXP 	line_1: autoDraw = False
605.1617 	EXP 	line_2: autoDraw = False
605.1617 	EXP 	line_3: autoDraw = False
605.1617 	EXP 	line_4: autoDraw = False
605.1617 	EXP 	probe_2: autoDraw = False
605.1617 	EXP 	fixation_2: autoDraw = True
605.2457 	EXP 	Device response: <KeyPress from None: t=605.1383414000156, value=v, duration=0.09419969998998567>
606.1623 	EXP 	fixation_2: autoDraw = False
606.1623 	EXP 	line_1: autoDraw = True
606.1623 	EXP 	line_2: autoDraw = True
606.1623 	EXP 	line_3: autoDraw = True
606.1623 	EXP 	line_4: autoDraw = True
607.1632 	INFO 	Keyboard events cleared
607.1630 	EXP 	probe_2: autoDraw = True
608.2300 	EXP 	Device response: <KeyPress from None: t=608.2262300999719, value=v, duration=None>
608.2306 	EXP 	New trial (rep=6, index=36): <Trial 36 (36 in rep 6) data={'pos': np.int64(-150), 'corr_resp': 'z', 'thisN': 36, 'thisTrialN': 36, 'thisRepN': 6}>
608.2320 	DATA 	Keypress: v
608.2448 	EXP 	fixation_2: autoDraw = False
608.2448 	EXP 	line_1: autoDraw = False
608.2448 	EXP 	line_2: autoDraw = False
608.2448 	EXP 	line_3: autoDraw = False
608.2448 	EXP 	line_4: autoDraw = False
608.2448 	EXP 	probe_2: autoDraw = False
608.2448 	EXP 	fixation_2: autoDraw = True
608.3127 	EXP 	Device response: <KeyPress from None: t=608.2262300999719, value=v, duration=0.08090730005642399>
609.2462 	EXP 	fixation_2: autoDraw = False
609.2462 	EXP 	line_1: autoDraw = True
609.2462 	EXP 	line_2: autoDraw = True
609.2462 	EXP 	line_3: autoDraw = True
609.2462 	EXP 	line_4: autoDraw = True
610.2303 	INFO 	Keyboard events cleared
610.2301 	EXP 	probe_2: autoDraw = True
611.1803 	EXP 	Device response: <KeyPress from None: t=611.1707457000157, value=z, duration=None>
611.1808 	EXP 	New trial (rep=11, index=37): <Trial 37 (37 in rep 11) data={'pos': np.int64(150), 'corr_resp': 'v', 'thisN': 37, 'thisTrialN': 37, 'thisRepN': 11}>
611.1821 	DATA 	Keypress: z
611.1954 	EXP 	fixation_2: autoDraw = False
611.1954 	EXP 	line_1: autoDraw = False
611.1954 	EXP 	line_2: autoDraw = False
611.1954 	EXP 	line_3: autoDraw = False
611.1954 	EXP 	line_4: autoDraw = False
611.1954 	EXP 	probe_2: autoDraw = False
611.1954 	EXP 	fixation_2: autoDraw = True
611.2461 	EXP 	Device response: <KeyPress from None: t=611.1707457000157, value=z, duration=0.06327899999450892>
612.1959 	EXP 	fixation_2: autoDraw = False
612.1959 	EXP 	line_1: autoDraw = True
612.1959 	EXP 	line_2: autoDraw = True
612.1959 	EXP 	line_3: autoDraw = True
612.1959 	EXP 	line_4: autoDraw = True
613.1965 	INFO 	Keyboard events cleared
613.1963 	EXP 	probe_2: autoDraw = True
614.6308 	DATA 	Keypress: v
614.6453 	EXP 	Device response: <KeyPress from None: t=614.6299793000217, value=v, duration=None>
614.6458 	EXP 	New trial (rep=10, index=38): <Trial 38 (38 in rep 10) data={'pos': np.int64(-50), 'corr_resp': 'x', 'thisN': 38, 'thisTrialN': 38, 'thisRepN': 10}>
614.6619 	EXP 	fixation_2: autoDraw = False
614.6619 	EXP 	line_1: autoDraw = False
614.6619 	EXP 	line_2: autoDraw = False
614.6619 	EXP 	line_3: autoDraw = False
614.6619 	EXP 	line_4: autoDraw = False
614.6619 	EXP 	probe_2: autoDraw = False
614.6619 	EXP 	fixation_2: autoDraw = True
614.7128 	EXP 	Device response: <KeyPress from None: t=614.6299793000217, value=v, duration=0.06677609996404499>
615.6457 	EXP 	line_1: autoDraw = True
615.6457 	EXP 	line_2: autoDraw = True
615.6457 	EXP 	line_3: autoDraw = True
615.6457 	EXP 	line_4: autoDraw = True
615.6619 	EXP 	fixation_2: autoDraw = False
616.6449 	INFO 	Keyboard events cleared
616.6448 	EXP 	probe_2: autoDraw = True
617.5134 	EXP 	Device response: <KeyPress from None: t=617.5064297000063, value=x, duration=None>
617.5140 	EXP 	New trial (rep=11, index=39): <Trial 39 (39 in rep 11) data={'pos': np.int64(-50), 'corr_resp': 'x', 'thisN': 39, 'thisTrialN': 39, 'thisRepN': 11}>
617.5156 	DATA 	Keypress: x
617.5282 	EXP 	fixation_2: autoDraw = False
617.5282 	EXP 	line_1: autoDraw = False
617.5282 	EXP 	line_2: autoDraw = False
617.5282 	EXP 	line_3: autoDraw = False
617.5282 	EXP 	line_4: autoDraw = False
617.5282 	EXP 	probe_2: autoDraw = False
617.5282 	EXP 	fixation_2: autoDraw = True
617.5805 	EXP 	Device response: <KeyPress from None: t=617.5064297000063, value=x, duration=0.06311569997342303>
618.5114 	EXP 	line_1: autoDraw = True
618.5114 	EXP 	line_2: autoDraw = True
618.5114 	EXP 	line_3: autoDraw = True
618.5114 	EXP 	line_4: autoDraw = True
618.5298 	EXP 	fixation_2: autoDraw = False
619.5299 	INFO 	Keyboard events cleared
619.5296 	EXP 	probe_2: autoDraw = True
620.3801 	EXP 	Device response: <KeyPress from None: t=620.3730505999993, value=x, duration=None>
620.3806 	EXP 	New trial (rep=9, index=40): <Trial 40 (40 in rep 9) data={'pos': np.int64(50), 'corr_resp': 'c', 'thisN': 40, 'thisTrialN': 40, 'thisRepN': 9}>
620.3823 	DATA 	Keypress: x
620.3955 	EXP 	fixation_2: autoDraw = False
620.3955 	EXP 	line_1: autoDraw = False
620.3955 	EXP 	line_2: autoDraw = False
620.3955 	EXP 	line_3: autoDraw = False
620.3955 	EXP 	line_4: autoDraw = False
620.3955 	EXP 	probe_2: autoDraw = False
620.3955 	EXP 	fixation_2: autoDraw = True
620.4459 	EXP 	Device response: <KeyPress from None: t=620.3730505999993, value=x, duration=0.07096839998848736>
621.3962 	EXP 	fixation_2: autoDraw = False
621.3962 	EXP 	line_1: autoDraw = True
621.3962 	EXP 	line_2: autoDraw = True
621.3962 	EXP 	line_3: autoDraw = True
621.3962 	EXP 	line_4: autoDraw = True
622.3801 	INFO 	Keyboard events cleared
622.3799 	EXP 	probe_2: autoDraw = True
623.4306 	DATA 	Keypress: c
623.4462 	EXP 	Device response: <KeyPress from None: t=623.4299834999838, value=c, duration=None>
623.4468 	EXP 	New trial (rep=12, index=41): <Trial 41 (41 in rep 12) data={'pos': np.int64(150), 'corr_resp': 'v', 'thisN': 41, 'thisTrialN': 41, 'thisRepN': 12}>
623.4631 	EXP 	fixation_2: autoDraw = False
623.4631 	EXP 	line_1: autoDraw = False
623.4631 	EXP 	line_2: autoDraw = False
623.4631 	EXP 	line_3: autoDraw = False
623.4631 	EXP 	line_4: autoDraw = False
623.4631 	EXP 	probe_2: autoDraw = False
623.4631 	EXP 	fixation_2: autoDraw = True
623.5128 	EXP 	Device response: <KeyPress from None: t=623.4299834999838, value=c, duration=0.07905860000755638>
624.4463 	EXP 	line_1: autoDraw = True
624.4463 	EXP 	line_2: autoDraw = True
624.4463 	EXP 	line_3: autoDraw = True
624.4463 	EXP 	line_4: autoDraw = True
624.4629 	EXP 	fixation_2: autoDraw = False
625.4466 	INFO 	Keyboard events cleared
625.4464 	EXP 	probe_2: autoDraw = True
626.6639 	EXP 	Device response: <KeyPress from None: t=626.6545168000157, value=v, duration=None>
626.6644 	EXP 	New trial (rep=13, index=42): <Trial 42 (42 in rep 13) data={'pos': np.int64(150), 'corr_resp': 'v', 'thisN': 42, 'thisTrialN': 42, 'thisRepN': 13}>
626.6660 	DATA 	Keypress: v
626.6789 	EXP 	fixation_2: autoDraw = False
626.6789 	EXP 	line_1: autoDraw = False
626.6789 	EXP 	line_2: autoDraw = False
626.6789 	EXP 	line_3: autoDraw = False
626.6789 	EXP 	line_4: autoDraw = False
626.6789 	EXP 	probe_2: autoDraw = False
626.6789 	EXP 	fixation_2: autoDraw = True
626.7456 	EXP 	Device response: <KeyPress from None: t=626.6545168000157, value=v, duration=0.08106439997209236>
627.6790 	EXP 	fixation_2: autoDraw = False
627.6790 	EXP 	line_1: autoDraw = True
627.6790 	EXP 	line_2: autoDraw = True
627.6790 	EXP 	line_3: autoDraw = True
627.6790 	EXP 	line_4: autoDraw = True
628.6798 	INFO 	Keyboard events cleared
628.6796 	EXP 	probe_2: autoDraw = True
629.4959 	EXP 	Device response: <KeyPress from None: t=629.4853738999809, value=v, duration=None>
629.4963 	EXP 	New trial (rep=12, index=43): <Trial 43 (43 in rep 12) data={'pos': np.int64(-50), 'corr_resp': 'x', 'thisN': 43, 'thisTrialN': 43, 'thisRepN': 12}>
629.4976 	DATA 	Keypress: v
629.5128 	EXP 	fixation_2: autoDraw = False
629.5128 	EXP 	line_1: autoDraw = False
629.5128 	EXP 	line_2: autoDraw = False
629.5128 	EXP 	line_3: autoDraw = False
629.5128 	EXP 	line_4: autoDraw = False
629.5128 	EXP 	probe_2: autoDraw = False
629.5128 	EXP 	fixation_2: autoDraw = True
629.5795 	EXP 	Device response: <KeyPress from None: t=629.4853738999809, value=v, duration=0.07922569999936968>
630.4963 	EXP 	line_1: autoDraw = True
630.4963 	EXP 	line_2: autoDraw = True
630.4963 	EXP 	line_3: autoDraw = True
630.4963 	EXP 	line_4: autoDraw = True
630.5133 	EXP 	fixation_2: autoDraw = False
631.4964 	INFO 	Keyboard events cleared
631.4962 	EXP 	probe_2: autoDraw = True
632.7133 	EXP 	Device response: <KeyPress from None: t=632.70876150002, value=x, duration=None>
632.7137 	EXP 	New trial (rep=13, index=44): <Trial 44 (44 in rep 13) data={'pos': np.int64(-50), 'corr_resp': 'x', 'thisN': 44, 'thisTrialN': 44, 'thisRepN': 13}>
632.7154 	DATA 	Keypress: x
632.7288 	EXP 	fixation_2: autoDraw = False
632.7288 	EXP 	line_1: autoDraw = False
632.7288 	EXP 	line_2: autoDraw = False
632.7288 	EXP 	line_3: autoDraw = False
632.7288 	EXP 	line_4: autoDraw = False
632.7288 	EXP 	probe_2: autoDraw = False
632.7288 	EXP 	fixation_2: autoDraw = True
632.7960 	EXP 	Device response: <KeyPress from None: t=632.70876150002, value=x, duration=0.08102499996311963>
633.7126 	EXP 	line_1: autoDraw = True
633.7126 	EXP 	line_2: autoDraw = True
633.7126 	EXP 	line_3: autoDraw = True
633.7126 	EXP 	line_4: autoDraw = True
633.7291 	EXP 	fixation_2: autoDraw = False
634.7299 	INFO 	Keyboard events cleared
634.7297 	EXP 	probe_2: autoDraw = True
635.6816 	DATA 	Keypress: x
635.6963 	EXP 	Device response: <KeyPress from None: t=635.6798617999884, value=x, duration=None>
635.6966 	EXP 	New trial (rep=10, index=45): <Trial 45 (45 in rep 10) data={'pos': np.int64(50), 'corr_resp': 'c', 'thisN': 45, 'thisTrialN': 45, 'thisRepN': 10}>
635.7125 	EXP 	fixation_2: autoDraw = False
635.7125 	EXP 	line_1: autoDraw = False
635.7125 	EXP 	line_2: autoDraw = False
635.7125 	EXP 	line_3: autoDraw = False
635.7125 	EXP 	line_4: autoDraw = False
635.7125 	EXP 	probe_2: autoDraw = False
635.7125 	EXP 	fixation_2: autoDraw = True
635.7632 	EXP 	Device response: <KeyPress from None: t=635.6798617999884, value=x, duration=0.07908350002253428>
636.6966 	EXP 	line_1: autoDraw = True
636.6966 	EXP 	line_2: autoDraw = True
636.6966 	EXP 	line_3: autoDraw = True
636.6966 	EXP 	line_4: autoDraw = True
636.7124 	EXP 	fixation_2: autoDraw = False
637.6974 	INFO 	Keyboard events cleared
637.6972 	EXP 	probe_2: autoDraw = True
639.3635 	EXP 	Device response: <KeyPress from None: t=639.3558994000196, value=c, duration=None>
639.3641 	EXP 	New trial (rep=14, index=46): <Trial 46 (46 in rep 14) data={'pos': np.int64(150), 'corr_resp': 'v', 'thisN': 46, 'thisTrialN': 46, 'thisRepN': 14}>
639.3655 	DATA 	Keypress: c
639.3782 	EXP 	fixation_2: autoDraw = False
639.3782 	EXP 	line_1: autoDraw = False
639.3782 	EXP 	line_2: autoDraw = False
639.3782 	EXP 	line_3: autoDraw = False
639.3782 	EXP 	line_4: autoDraw = False
639.3782 	EXP 	probe_2: autoDraw = False
639.3782 	EXP 	fixation_2: autoDraw = True
639.4464 	EXP 	Device response: <KeyPress from None: t=639.3558994000196, value=c, duration=0.07351709995418787>
640.3801 	EXP 	fixation_2: autoDraw = False
640.3801 	EXP 	line_1: autoDraw = True
640.3801 	EXP 	line_2: autoDraw = True
640.3801 	EXP 	line_3: autoDraw = True
640.3801 	EXP 	line_4: autoDraw = True
641.3634 	INFO 	Keyboard events cleared
641.3632 	EXP 	probe_2: autoDraw = True
642.7968 	EXP 	Device response: <KeyPress from None: t=642.7921508, value=v, duration=None>
642.7972 	EXP 	New trial (rep=7, index=47): <Trial 47 (47 in rep 7) data={'pos': np.int64(-150), 'corr_resp': 'z', 'thisN': 47, 'thisTrialN': 47, 'thisRepN': 7}>
642.7986 	DATA 	Keypress: v
642.8118 	EXP 	fixation_2: autoDraw = False
642.8118 	EXP 	line_1: autoDraw = False
642.8118 	EXP 	line_2: autoDraw = False
642.8118 	EXP 	line_3: autoDraw = False
642.8118 	EXP 	line_4: autoDraw = False
642.8118 	EXP 	probe_2: autoDraw = False
642.8118 	EXP 	fixation_2: autoDraw = True
642.8802 	EXP 	Device response: <KeyPress from None: t=642.7921508, value=v, duration=0.07697080000070855>
643.7967 	EXP 	line_1: autoDraw = True
643.7967 	EXP 	line_2: autoDraw = True
643.7967 	EXP 	line_3: autoDraw = True
643.7967 	EXP 	line_4: autoDraw = True
643.8135 	EXP 	fixation_2: autoDraw = False
644.7966 	INFO 	Keyboard events cleared
644.7964 	EXP 	probe_2: autoDraw = True
646.5802 	EXP 	Device response: <KeyPress from None: t=646.5718406999949, value=z, duration=None>
646.5806 	EXP 	New trial (rep=8, index=48): <Trial 48 (48 in rep 8) data={'pos': np.int64(-150), 'corr_resp': 'z', 'thisN': 48, 'thisTrialN': 48, 'thisRepN': 8}>
646.5820 	DATA 	Keypress: z
646.5951 	EXP 	fixation_2: autoDraw = False
646.5951 	EXP 	line_1: autoDraw = False
646.5951 	EXP 	line_2: autoDraw = False
646.5951 	EXP 	line_3: autoDraw = False
646.5951 	EXP 	line_4: autoDraw = False
646.5951 	EXP 	probe_2: autoDraw = False
646.5951 	EXP 	fixation_2: autoDraw = True
646.6470 	EXP 	Device response: <KeyPress from None: t=646.5718406999949, value=z, duration=0.0661862000124529>
647.5801 	EXP 	line_1: autoDraw = True
647.5801 	EXP 	line_2: autoDraw = True
647.5801 	EXP 	line_3: autoDraw = True
647.5801 	EXP 	line_4: autoDraw = True
647.5961 	EXP 	fixation_2: autoDraw = False
648.5797 	INFO 	Keyboard events cleared
648.5795 	EXP 	probe_2: autoDraw = True
650.0973 	EXP 	Device response: <KeyPress from None: t=650.0880028000101, value=z, duration=None>
650.0977 	EXP 	New trial (rep=14, index=49): <Trial 49 (49 in rep 14) data={'pos': np.int64(-50), 'corr_resp': 'x', 'thisN': 49, 'thisTrialN': 49, 'thisRepN': 14}>
650.0992 	DATA 	Keypress: z
650.1119 	EXP 	fixation_2: autoDraw = False
650.1119 	EXP 	line_1: autoDraw = False
650.1119 	EXP 	line_2: autoDraw = False
650.1119 	EXP 	line_3: autoDraw = False
650.1119 	EXP 	line_4: autoDraw = False
650.1119 	EXP 	probe_2: autoDraw = False
650.1119 	EXP 	fixation_2: autoDraw = True
650.1637 	EXP 	Device response: <KeyPress from None: t=650.0880028000101, value=z, duration=0.06736719998298213>
651.1129 	EXP 	fixation_2: autoDraw = False
651.1129 	EXP 	line_1: autoDraw = True
651.1129 	EXP 	line_2: autoDraw = True
651.1129 	EXP 	line_3: autoDraw = True
651.1129 	EXP 	line_4: autoDraw = True
652.0969 	INFO 	Keyboard events cleared
652.0967 	EXP 	probe_2: autoDraw = True
653.2799 	EXP 	Device response: <KeyPress from None: t=653.2696978999884, value=x, duration=None>
653.2804 	EXP 	New trial (rep=11, index=50): <Trial 50 (50 in rep 11) data={'pos': np.int64(50), 'corr_resp': 'c', 'thisN': 50, 'thisTrialN': 50, 'thisRepN': 11}>
653.2818 	DATA 	Keypress: x
653.2969 	EXP 	fixation_2: autoDraw = False
653.2969 	EXP 	line_1: autoDraw = False
653.2969 	EXP 	line_2: autoDraw = False
653.2969 	EXP 	line_3: autoDraw = False
653.2969 	EXP 	line_4: autoDraw = False
653.2969 	EXP 	probe_2: autoDraw = False
653.2969 	EXP 	fixation_2: autoDraw = True
653.3473 	EXP 	Device response: <KeyPress from None: t=653.2696978999884, value=x, duration=0.07175280002411455>
654.2804 	EXP 	line_1: autoDraw = True
654.2804 	EXP 	line_2: autoDraw = True
654.2804 	EXP 	line_3: autoDraw = True
654.2804 	EXP 	line_4: autoDraw = True
654.2965 	EXP 	fixation_2: autoDraw = False
655.2806 	INFO 	Keyboard events cleared
655.2803 	EXP 	probe_2: autoDraw = True
656.2022 	EXP 	Device response: <KeyPress from None: t=656.1996350000263, value=c, duration=None>
656.2025 	EXP 	New trial (rep=15, index=51): <Trial 51 (51 in rep 15) data={'pos': np.int64(150), 'corr_resp': 'v', 'thisN': 51, 'thisTrialN': 51, 'thisRepN': 15}>
656.2039 	DATA 	Keypress: c
656.2116 	EXP 	fixation_2: autoDraw = False
656.2116 	EXP 	line_1: autoDraw = False
656.2116 	EXP 	line_2: autoDraw = False
656.2116 	EXP 	line_3: autoDraw = False
656.2116 	EXP 	line_4: autoDraw = False
656.2116 	EXP 	probe_2: autoDraw = False
656.2116 	EXP 	fixation_2: autoDraw = True
656.2966 	EXP 	Device response: <KeyPress from None: t=656.1996350000263, value=c, duration=0.08415939996484667>
657.2133 	EXP 	fixation_2: autoDraw = False
657.2133 	EXP 	line_1: autoDraw = True
657.2133 	EXP 	line_2: autoDraw = True
657.2133 	EXP 	line_3: autoDraw = True
657.2133 	EXP 	line_4: autoDraw = True
658.2139 	INFO 	Keyboard events cleared
658.2136 	EXP 	probe_2: autoDraw = True
659.4304 	EXP 	Device response: <KeyPress from None: t=659.4202487000148, value=v, duration=None>
659.4309 	EXP 	New trial (rep=15, index=52): <Trial 52 (52 in rep 15) data={'pos': np.int64(-50), 'corr_resp': 'x', 'thisN': 52, 'thisTrialN': 52, 'thisRepN': 15}>
659.4326 	DATA 	Keypress: v
659.4460 	EXP 	fixation_2: autoDraw = False
659.4460 	EXP 	line_1: autoDraw = False
659.4460 	EXP 	line_2: autoDraw = False
659.4460 	EXP 	line_3: autoDraw = False
659.4460 	EXP 	line_4: autoDraw = False
659.4460 	EXP 	probe_2: autoDraw = False
659.4460 	EXP 	fixation_2: autoDraw = True
659.5134 	EXP 	Device response: <KeyPress from None: t=659.4202487000148, value=v, duration=0.0880951999570243>
660.4303 	EXP 	line_1: autoDraw = True
660.4303 	EXP 	line_2: autoDraw = True
660.4303 	EXP 	line_3: autoDraw = True
660.4303 	EXP 	line_4: autoDraw = True
660.4459 	EXP 	fixation_2: autoDraw = False
661.4299 	INFO 	Keyboard events cleared
661.4297 	EXP 	probe_2: autoDraw = True
662.4467 	EXP 	Device response: <KeyPress from None: t=662.4369995999732, value=x, duration=None>
662.4471 	EXP 	New trial (rep=16, index=53): <Trial 53 (53 in rep 16) data={'pos': np.int64(-50), 'corr_resp': 'x', 'thisN': 53, 'thisTrialN': 53, 'thisRepN': 16}>
662.4484 	DATA 	Keypress: x
662.4636 	EXP 	fixation_2: autoDraw = False
662.4636 	EXP 	line_1: autoDraw = False
662.4636 	EXP 	line_2: autoDraw = False
662.4636 	EXP 	line_3: autoDraw = False
662.4636 	EXP 	line_4: autoDraw = False
662.4636 	EXP 	probe_2: autoDraw = False
662.4636 	EXP 	fixation_2: autoDraw = True
662.5144 	EXP 	Device response: <KeyPress from None: t=662.4369995999732, value=x, duration=0.07366680004633963>
663.4470 	EXP 	line_1: autoDraw = True
663.4470 	EXP 	line_2: autoDraw = True
663.4470 	EXP 	line_3: autoDraw = True
663.4470 	EXP 	line_4: autoDraw = True
663.4633 	EXP 	fixation_2: autoDraw = False
664.4641 	INFO 	Keyboard events cleared
664.4638 	EXP 	probe_2: autoDraw = True
665.3125 	EXP 	Device response: <KeyPress from None: t=665.3078421999817, value=x, duration=None>
665.3129 	EXP 	New trial (rep=17, index=54): <Trial 54 (54 in rep 17) data={'pos': np.int64(-50), 'corr_resp': 'x', 'thisN': 54, 'thisTrialN': 54, 'thisRepN': 17}>
665.3144 	DATA 	Keypress: x
665.3289 	EXP 	fixation_2: autoDraw = False
665.3289 	EXP 	line_1: autoDraw = False
665.3289 	EXP 	line_2: autoDraw = False
665.3289 	EXP 	line_3: autoDraw = False
665.3289 	EXP 	line_4: autoDraw = False
665.3289 	EXP 	probe_2: autoDraw = False
665.3289 	EXP 	fixation_2: autoDraw = True
665.3809 	EXP 	Device response: <KeyPress from None: t=665.3078421999817, value=x, duration=0.06661770003847778>
666.3138 	EXP 	line_1: autoDraw = True
666.3138 	EXP 	line_2: autoDraw = True
666.3138 	EXP 	line_3: autoDraw = True
666.3138 	EXP 	line_4: autoDraw = True
666.3296 	EXP 	fixation_2: autoDraw = False
667.3141 	INFO 	Keyboard events cleared
667.3139 	EXP 	probe_2: autoDraw = True
668.4306 	EXP 	Device response: <KeyPress from None: t=668.417363399989, value=x, duration=None>
668.4311 	EXP 	New trial (rep=16, index=55): <Trial 55 (55 in rep 16) data={'pos': np.int64(150), 'corr_resp': 'v', 'thisN': 55, 'thisTrialN': 55, 'thisRepN': 16}>
668.4329 	DATA 	Keypress: x
668.4464 	EXP 	fixation_2: autoDraw = False
668.4464 	EXP 	line_1: autoDraw = False
668.4464 	EXP 	line_2: autoDraw = False
668.4464 	EXP 	line_3: autoDraw = False
668.4464 	EXP 	line_4: autoDraw = False
668.4464 	EXP 	probe_2: autoDraw = False
668.4464 	EXP 	fixation_2: autoDraw = True
668.4960 	EXP 	Device response: <KeyPress from None: t=668.417363399989, value=x, duration=0.06762059999164194>
669.4307 	EXP 	line_1: autoDraw = True
669.4307 	EXP 	line_2: autoDraw = True
669.4307 	EXP 	line_3: autoDraw = True
669.4307 	EXP 	line_4: autoDraw = True
669.4470 	EXP 	fixation_2: autoDraw = False
670.4307 	INFO 	Keyboard events cleared
670.4305 	EXP 	probe_2: autoDraw = True
672.5143 	EXP 	Device response: <KeyPress from None: t=672.5090343999909, value=v, duration=None>
672.5149 	EXP 	New trial (rep=9, index=56): <Trial 56 (56 in rep 9) data={'pos': np.int64(-150), 'corr_resp': 'z', 'thisN': 56, 'thisTrialN': 56, 'thisRepN': 9}>
672.5165 	DATA 	Keypress: v
672.5289 	EXP 	fixation_2: autoDraw = False
672.5289 	EXP 	line_1: autoDraw = False
672.5289 	EXP 	line_2: autoDraw = False
672.5289 	EXP 	line_3: autoDraw = False
672.5289 	EXP 	line_4: autoDraw = False
672.5289 	EXP 	probe_2: autoDraw = False
672.5289 	EXP 	fixation_2: autoDraw = True
672.5959 	EXP 	Device response: <KeyPress from None: t=672.5090343999909, value=v, duration=0.07289619999937713>
673.5297 	EXP 	fixation_2: autoDraw = False
673.5297 	EXP 	line_1: autoDraw = True
673.5297 	EXP 	line_2: autoDraw = True
673.5297 	EXP 	line_3: autoDraw = True
673.5297 	EXP 	line_4: autoDraw = True
674.5299 	INFO 	Keyboard events cleared
674.5296 	EXP 	probe_2: autoDraw = True
675.5308 	EXP 	Device response: <KeyPress from None: t=675.525651199976, value=z, duration=None>
675.5314 	EXP 	New trial (rep=12, index=57): <Trial 57 (57 in rep 12) data={'pos': np.int64(50), 'corr_resp': 'c', 'thisN': 57, 'thisTrialN': 57, 'thisRepN': 12}>
675.5329 	DATA 	Keypress: z
675.5461 	EXP 	fixation_2: autoDraw = False
675.5461 	EXP 	line_1: autoDraw = False
675.5461 	EXP 	line_2: autoDraw = False
675.5461 	EXP 	line_3: autoDraw = False
675.5461 	EXP 	line_4: autoDraw = False
675.5461 	EXP 	probe_2: autoDraw = False
675.5461 	EXP 	fixation_2: autoDraw = True
675.6137 	EXP 	Device response: <KeyPress from None: t=675.525651199976, value=z, duration=0.07353620004141703>
676.5470 	EXP 	fixation_2: autoDraw = False
676.5470 	EXP 	line_1: autoDraw = True
676.5470 	EXP 	line_2: autoDraw = True
676.5470 	EXP 	line_3: autoDraw = True
676.5470 	EXP 	line_4: autoDraw = True
677.5475 	INFO 	Keyboard events cleared
677.5473 	EXP 	probe_2: autoDraw = True
678.8307 	EXP 	Device response: <KeyPress from None: t=678.8273908999981, value=c, duration=None>
678.8311 	EXP 	New trial (rep=13, index=58): <Trial 58 (58 in rep 13) data={'pos': np.int64(50), 'corr_resp': 'c', 'thisN': 58, 'thisTrialN': 58, 'thisRepN': 13}>
678.8325 	DATA 	Keypress: c
678.8455 	EXP 	fixation_2: autoDraw = False
678.8455 	EXP 	line_1: autoDraw = False
678.8455 	EXP 	line_2: autoDraw = False
678.8455 	EXP 	line_3: autoDraw = False
678.8455 	EXP 	line_4: autoDraw = False
678.8455 	EXP 	probe_2: autoDraw = False
678.8455 	EXP 	fixation_2: autoDraw = True
678.9138 	EXP 	Device response: <KeyPress from None: t=678.8273908999981, value=c, duration=0.07069229998160154>
679.8306 	EXP 	line_1: autoDraw = True
679.8306 	EXP 	line_2: autoDraw = True
679.8306 	EXP 	line_3: autoDraw = True
679.8306 	EXP 	line_4: autoDraw = True
679.8456 	EXP 	fixation_2: autoDraw = False
680.8309 	INFO 	Keyboard events cleared
680.8306 	EXP 	probe_2: autoDraw = True
681.5467 	EXP 	Device response: <KeyPress from None: t=681.539984699979, value=c, duration=None>
681.5471 	EXP 	New trial (rep=14, index=59): <Trial 59 (59 in rep 14) data={'pos': np.int64(50), 'corr_resp': 'c', 'thisN': 59, 'thisTrialN': 59, 'thisRepN': 14}>
681.5486 	DATA 	Keypress: c
681.5625 	EXP 	fixation_2: autoDraw = False
681.5625 	EXP 	line_1: autoDraw = False
681.5625 	EXP 	line_2: autoDraw = False
681.5625 	EXP 	line_3: autoDraw = False
681.5625 	EXP 	line_4: autoDraw = False
681.5625 	EXP 	probe_2: autoDraw = False
681.5625 	EXP 	fixation_2: autoDraw = True
681.6316 	EXP 	Device response: <KeyPress from None: t=681.539984699979, value=c, duration=0.08193949999986216>
682.5469 	EXP 	line_1: autoDraw = True
682.5469 	EXP 	line_2: autoDraw = True
682.5469 	EXP 	line_3: autoDraw = True
682.5469 	EXP 	line_4: autoDraw = True
682.5636 	EXP 	fixation_2: autoDraw = False
683.5475 	INFO 	Keyboard events cleared
683.5473 	EXP 	probe_2: autoDraw = True
684.2809 	EXP 	Device response: <KeyPress from None: t=684.2743686999893, value=c, duration=None>
684.2814 	EXP 	New trial (rep=15, index=60): <Trial 60 (60 in rep 15) data={'pos': np.int64(50), 'corr_resp': 'c', 'thisN': 60, 'thisTrialN': 60, 'thisRepN': 15}>
684.2830 	DATA 	Keypress: c
684.2956 	EXP 	fixation_2: autoDraw = False
684.2956 	EXP 	line_1: autoDraw = False
684.2956 	EXP 	line_2: autoDraw = False
684.2956 	EXP 	line_3: autoDraw = False
684.2956 	EXP 	line_4: autoDraw = False
684.2956 	EXP 	probe_2: autoDraw = False
684.2956 	EXP 	fixation_2: autoDraw = True
684.3471 	EXP 	Device response: <KeyPress from None: t=684.2743686999893, value=c, duration=0.06989400001475587>
685.2806 	EXP 	line_1: autoDraw = True
685.2806 	EXP 	line_2: autoDraw = True
685.2806 	EXP 	line_3: autoDraw = True
685.2806 	EXP 	line_4: autoDraw = True
685.2975 	EXP 	fixation_2: autoDraw = False
686.2812 	INFO 	Keyboard events cleared
686.2810 	EXP 	probe_2: autoDraw = True
686.9331 	DATA 	Keypress: c
686.9475 	EXP 	Device response: <KeyPress from None: t=686.932411900023, value=c, duration=None>
686.9479 	EXP 	New trial (rep=17, index=61): <Trial 61 (61 in rep 17) data={'pos': np.int64(150), 'corr_resp': 'v', 'thisN': 61, 'thisTrialN': 61, 'thisRepN': 17}>
686.9637 	EXP 	fixation_2: autoDraw = False
686.9637 	EXP 	line_1: autoDraw = False
686.9637 	EXP 	line_2: autoDraw = False
686.9637 	EXP 	line_3: autoDraw = False
686.9637 	EXP 	line_4: autoDraw = False
686.9637 	EXP 	probe_2: autoDraw = False
686.9637 	EXP 	fixation_2: autoDraw = True
687.0137 	EXP 	Device response: <KeyPress from None: t=686.932411900023, value=c, duration=0.07471299997996539>
687.9470 	EXP 	line_1: autoDraw = True
687.9470 	EXP 	line_2: autoDraw = True
687.9470 	EXP 	line_3: autoDraw = True
687.9470 	EXP 	line_4: autoDraw = True
687.9635 	EXP 	fixation_2: autoDraw = False
688.9473 	INFO 	Keyboard events cleared
688.9471 	EXP 	probe_2: autoDraw = True
690.0465 	EXP 	Device response: <KeyPress from None: t=690.0341691999929, value=v, duration=None>
690.0469 	EXP 	New trial (rep=10, index=62): <Trial 62 (62 in rep 10) data={'pos': np.int64(-150), 'corr_resp': 'z', 'thisN': 62, 'thisTrialN': 62, 'thisRepN': 10}>
690.0482 	DATA 	Keypress: v
690.0635 	EXP 	fixation_2: autoDraw = False
690.0635 	EXP 	line_1: autoDraw = False
690.0635 	EXP 	line_2: autoDraw = False
690.0635 	EXP 	line_3: autoDraw = False
690.0635 	EXP 	line_4: autoDraw = False
690.0635 	EXP 	probe_2: autoDraw = False
690.0635 	EXP 	fixation_2: autoDraw = True
690.1313 	EXP 	Device response: <KeyPress from None: t=690.0341691999929, value=v, duration=0.0863973000086844>
691.0476 	EXP 	line_1: autoDraw = True
691.0476 	EXP 	line_2: autoDraw = True
691.0476 	EXP 	line_3: autoDraw = True
691.0476 	EXP 	line_4: autoDraw = True
691.0631 	EXP 	fixation_2: autoDraw = False
692.0478 	INFO 	Keyboard events cleared
692.0476 	EXP 	probe_2: autoDraw = True
692.8146 	EXP 	Device response: <KeyPress from None: t=692.810890200024, value=z, duration=None>
692.8150 	EXP 	New trial (rep=11, index=63): <Trial 63 (63 in rep 11) data={'pos': np.int64(-150), 'corr_resp': 'z', 'thisN': 63, 'thisTrialN': 63, 'thisRepN': 11}>
692.8165 	DATA 	Keypress: z
692.8299 	EXP 	fixation_2: autoDraw = False
692.8299 	EXP 	line_1: autoDraw = False
692.8299 	EXP 	line_2: autoDraw = False
692.8299 	EXP 	line_3: autoDraw = False
692.8299 	EXP 	line_4: autoDraw = False
692.8299 	EXP 	probe_2: autoDraw = False
692.8299 	EXP 	fixation_2: autoDraw = True
692.9128 	EXP 	Device response: <KeyPress from None: t=692.810890200024, value=z, duration=0.08624999999301508>
693.8308 	EXP 	fixation_2: autoDraw = False
693.8308 	EXP 	line_1: autoDraw = True
693.8308 	EXP 	line_2: autoDraw = True
693.8308 	EXP 	line_3: autoDraw = True
693.8308 	EXP 	line_4: autoDraw = True
694.8293 	INFO 	Keyboard events cleared
694.8292 	EXP 	probe_2: autoDraw = True
695.6481 	DATA 	Keypress: z
695.6645 	EXP 	Device response: <KeyPress from None: t=695.646106900007, value=z, duration=None>
695.6650 	EXP 	New trial (rep=12, index=64): <Trial 64 (64 in rep 12) data={'pos': np.int64(-150), 'corr_resp': 'z', 'thisN': 64, 'thisTrialN': 64, 'thisRepN': 12}>
695.6798 	EXP 	fixation_2: autoDraw = False
695.6798 	EXP 	line_1: autoDraw = False
695.6798 	EXP 	line_2: autoDraw = False
695.6798 	EXP 	line_3: autoDraw = False
695.6798 	EXP 	line_4: autoDraw = False
695.6798 	EXP 	probe_2: autoDraw = False
695.6798 	EXP 	fixation_2: autoDraw = True
695.7314 	EXP 	Device response: <KeyPress from None: t=695.646106900007, value=z, duration=0.08300009998492897>
696.6802 	EXP 	fixation_2: autoDraw = False
696.6802 	EXP 	line_1: autoDraw = True
696.6802 	EXP 	line_2: autoDraw = True
696.6802 	EXP 	line_3: autoDraw = True
696.6802 	EXP 	line_4: autoDraw = True
697.6644 	INFO 	Keyboard events cleared
697.6642 	EXP 	probe_2: autoDraw = True
698.4805 	EXP 	Device response: <KeyPress from None: t=698.468604099995, value=z, duration=None>
698.4809 	EXP 	New trial (rep=13, index=65): <Trial 65 (65 in rep 13) data={'pos': np.int64(-150), 'corr_resp': 'z', 'thisN': 65, 'thisTrialN': 65, 'thisRepN': 13}>
698.4822 	DATA 	Keypress: z
698.4973 	EXP 	fixation_2: autoDraw = False
698.4973 	EXP 	line_1: autoDraw = False
698.4973 	EXP 	line_2: autoDraw = False
698.4973 	EXP 	line_3: autoDraw = False
698.4973 	EXP 	line_4: autoDraw = False
698.4973 	EXP 	probe_2: autoDraw = False
698.4973 	EXP 	fixation_2: autoDraw = True
698.5472 	EXP 	Device response: <KeyPress from None: t=698.468604099995, value=z, duration=0.0759037000243552>
699.4793 	EXP 	line_1: autoDraw = True
699.4793 	EXP 	line_2: autoDraw = True
699.4793 	EXP 	line_3: autoDraw = True
699.4793 	EXP 	line_4: autoDraw = True
699.5146 	EXP 	fixation_2: autoDraw = False
700.4799 	INFO 	Keyboard events cleared
700.4797 	EXP 	probe_2: autoDraw = True
701.4303 	EXP 	Device response: <KeyPress from None: t=701.4293423999916, value=z, duration=None>
701.4306 	EXP 	New trial (rep=16, index=66): <Trial 66 (66 in rep 16) data={'pos': np.int64(50), 'corr_resp': 'c', 'thisN': 66, 'thisTrialN': 66, 'thisRepN': 16}>
701.4321 	DATA 	Keypress: z
701.4470 	EXP 	fixation_2: autoDraw = False
701.4470 	EXP 	line_1: autoDraw = False
701.4470 	EXP 	line_2: autoDraw = False
701.4470 	EXP 	line_3: autoDraw = False
701.4470 	EXP 	line_4: autoDraw = False
701.4470 	EXP 	probe_2: autoDraw = False
701.4470 	EXP 	fixation_2: autoDraw = True
701.5142 	EXP 	Device response: <KeyPress from None: t=701.4293423999916, value=z, duration=0.08168960001785308>
702.4307 	EXP 	line_1: autoDraw = True
702.4307 	EXP 	line_2: autoDraw = True
702.4307 	EXP 	line_3: autoDraw = True
702.4307 	EXP 	line_4: autoDraw = True
702.4478 	EXP 	fixation_2: autoDraw = False
703.4311 	INFO 	Keyboard events cleared
703.4309 	EXP 	probe_2: autoDraw = True
704.2662 	DATA 	Keypress: c
704.2809 	EXP 	Device response: <KeyPress from None: t=704.2645951000159, value=c, duration=None>
704.2814 	EXP 	New trial (rep=18, index=67): <Trial 67 (67 in rep 18) data={'pos': np.int64(150), 'corr_resp': 'v', 'thisN': 67, 'thisTrialN': 67, 'thisRepN': 18}>
704.2968 	EXP 	fixation_2: autoDraw = False
704.2968 	EXP 	line_1: autoDraw = False
704.2968 	EXP 	line_2: autoDraw = False
704.2968 	EXP 	line_3: autoDraw = False
704.2968 	EXP 	line_4: autoDraw = False
704.2968 	EXP 	probe_2: autoDraw = False
704.2968 	EXP 	fixation_2: autoDraw = True
704.3475 	EXP 	Device response: <KeyPress from None: t=704.2645951000159, value=c, duration=0.08120899996720254>
705.2810 	EXP 	line_1: autoDraw = True
705.2810 	EXP 	line_2: autoDraw = True
705.2810 	EXP 	line_3: autoDraw = True
705.2810 	EXP 	line_4: autoDraw = True
705.2979 	EXP 	fixation_2: autoDraw = False
706.2979 	INFO 	Keyboard events cleared
706.2977 	EXP 	probe_2: autoDraw = True
707.0800 	EXP 	Device response: <KeyPress from None: t=707.076454700029, value=v, duration=None>
707.0804 	EXP 	New trial (rep=19, index=68): <Trial 68 (68 in rep 19) data={'pos': np.int64(150), 'corr_resp': 'v', 'thisN': 68, 'thisTrialN': 68, 'thisRepN': 19}>
707.0817 	DATA 	Keypress: v
707.0977 	EXP 	fixation_2: autoDraw = False
707.0977 	EXP 	line_1: autoDraw = False
707.0977 	EXP 	line_2: autoDraw = False
707.0977 	EXP 	line_3: autoDraw = False
707.0977 	EXP 	line_4: autoDraw = False
707.0977 	EXP 	probe_2: autoDraw = False
707.0977 	EXP 	fixation_2: autoDraw = True
707.1639 	EXP 	Device response: <KeyPress from None: t=707.076454700029, value=v, duration=0.08531399996718392>
708.0815 	EXP 	line_1: autoDraw = True
708.0815 	EXP 	line_2: autoDraw = True
708.0815 	EXP 	line_3: autoDraw = True
708.0815 	EXP 	line_4: autoDraw = True
708.0958 	EXP 	fixation_2: autoDraw = False
709.0811 	INFO 	Keyboard events cleared
709.0808 	EXP 	probe_2: autoDraw = True
709.9140 	EXP 	Device response: <KeyPress from None: t=709.9069667999865, value=v, duration=None>
709.9145 	EXP 	New trial (rep=20, index=69): <Trial 69 (69 in rep 20) data={'pos': np.int64(150), 'corr_resp': 'v', 'thisN': 69, 'thisTrialN': 69, 'thisRepN': 20}>
709.9160 	DATA 	Keypress: v
709.9306 	EXP 	fixation_2: autoDraw = False
709.9306 	EXP 	line_1: autoDraw = False
709.9306 	EXP 	line_2: autoDraw = False
709.9306 	EXP 	line_3: autoDraw = False
709.9306 	EXP 	line_4: autoDraw = False
709.9306 	EXP 	probe_2: autoDraw = False
709.9306 	EXP 	fixation_2: autoDraw = True
710.0133 	EXP 	Device response: <KeyPress from None: t=709.9069667999865, value=v, duration=0.09115500003099442>
710.9136 	EXP 	line_1: autoDraw = True
710.9136 	EXP 	line_2: autoDraw = True
710.9136 	EXP 	line_3: autoDraw = True
710.9136 	EXP 	line_4: autoDraw = True
710.9314 	EXP 	fixation_2: autoDraw = False
711.9294 	INFO 	Keyboard events cleared
711.9293 	EXP 	probe_2: autoDraw = True
712.9971 	EXP 	Device response: <KeyPress from None: t=712.9945772999781, value=v, duration=None>
712.9974 	EXP 	New trial (rep=14, index=70): <Trial 70 (70 in rep 14) data={'pos': np.int64(-150), 'corr_resp': 'z', 'thisN': 70, 'thisTrialN': 70, 'thisRepN': 14}>
712.9988 	DATA 	Keypress: v
713.0135 	EXP 	fixation_2: autoDraw = False
713.0135 	EXP 	line_1: autoDraw = False
713.0135 	EXP 	line_2: autoDraw = False
713.0135 	EXP 	line_3: autoDraw = False
713.0135 	EXP 	line_4: autoDraw = False
713.0135 	EXP 	probe_2: autoDraw = False
713.0135 	EXP 	fixation_2: autoDraw = True
713.0641 	EXP 	Device response: <KeyPress from None: t=712.9945772999781, value=v, duration=0.06606250000186265>
713.9979 	EXP 	line_1: autoDraw = True
713.9979 	EXP 	line_2: autoDraw = True
713.9979 	EXP 	line_3: autoDraw = True
713.9979 	EXP 	line_4: autoDraw = True
714.0139 	EXP 	fixation_2: autoDraw = False
714.9981 	INFO 	Keyboard events cleared
714.9978 	EXP 	probe_2: autoDraw = True
716.8322 	EXP 	Device response: <KeyPress from None: t=716.8227950999863, value=z, duration=None>
716.8327 	EXP 	New trial (rep=18, index=71): <Trial 71 (71 in rep 18) data={'pos': np.int64(-50), 'corr_resp': 'x', 'thisN': 71, 'thisTrialN': 71, 'thisRepN': 18}>
716.8342 	DATA 	Keypress: z
716.8462 	EXP 	fixation_2: autoDraw = False
716.8462 	EXP 	line_1: autoDraw = False
716.8462 	EXP 	line_2: autoDraw = False
716.8462 	EXP 	line_3: autoDraw = False
716.8462 	EXP 	line_4: autoDraw = False
716.8462 	EXP 	probe_2: autoDraw = False
716.8462 	EXP 	fixation_2: autoDraw = True
716.9143 	EXP 	Device response: <KeyPress from None: t=716.8227950999863, value=z, duration=0.09054180001839995>
717.8472 	EXP 	fixation_2: autoDraw = False
717.8472 	EXP 	line_1: autoDraw = True
717.8472 	EXP 	line_2: autoDraw = True
717.8472 	EXP 	line_3: autoDraw = True
717.8472 	EXP 	line_4: autoDraw = True
718.8482 	INFO 	Keyboard events cleared
718.8480 	EXP 	probe_2: autoDraw = True
720.2485 	EXP 	Device response: <KeyPress from None: t=720.2406847000238, value=x, duration=None>
720.2492 	EXP 	New trial (rep=17, index=72): <Trial 72 (72 in rep 17) data={'pos': np.int64(50), 'corr_resp': 'c', 'thisN': 72, 'thisTrialN': 72, 'thisRepN': 17}>
720.2510 	DATA 	Keypress: x
720.2636 	EXP 	fixation_2: autoDraw = False
720.2636 	EXP 	line_1: autoDraw = False
720.2636 	EXP 	line_2: autoDraw = False
720.2636 	EXP 	line_3: autoDraw = False
720.2636 	EXP 	line_4: autoDraw = False
720.2636 	EXP 	probe_2: autoDraw = False
720.2636 	EXP 	fixation_2: autoDraw = True
720.3318 	EXP 	Device response: <KeyPress from None: t=720.2406847000238, value=x, duration=0.07792919996427372>
721.2644 	EXP 	fixation_2: autoDraw = False
721.2644 	EXP 	line_1: autoDraw = True
721.2644 	EXP 	line_2: autoDraw = True
721.2644 	EXP 	line_3: autoDraw = True
721.2644 	EXP 	line_4: autoDraw = True
722.2650 	INFO 	Keyboard events cleared
722.2648 	EXP 	probe_2: autoDraw = True
723.1484 	DATA 	Keypress: c
723.1642 	EXP 	Device response: <KeyPress from None: t=723.1475454000174, value=c, duration=None>
723.1646 	EXP 	New trial (rep=21, index=73): <Trial 73 (73 in rep 21) data={'pos': np.int64(150), 'corr_resp': 'v', 'thisN': 73, 'thisTrialN': 73, 'thisRepN': 21}>
723.1809 	EXP 	fixation_2: autoDraw = False
723.1809 	EXP 	line_1: autoDraw = False
723.1809 	EXP 	line_2: autoDraw = False
723.1809 	EXP 	line_3: autoDraw = False
723.1809 	EXP 	line_4: autoDraw = False
723.1809 	EXP 	probe_2: autoDraw = False
723.1809 	EXP 	fixation_2: autoDraw = True
723.2318 	EXP 	Device response: <KeyPress from None: t=723.1475454000174, value=c, duration=0.08090679999440908>
724.1643 	EXP 	line_1: autoDraw = True
724.1643 	EXP 	line_2: autoDraw = True
724.1643 	EXP 	line_3: autoDraw = True
724.1643 	EXP 	line_4: autoDraw = True
724.1814 	EXP 	fixation_2: autoDraw = False
725.1642 	INFO 	Keyboard events cleared
725.1640 	EXP 	probe_2: autoDraw = True
726.6645 	EXP 	Device response: <KeyPress from None: t=726.6590510000242, value=v, duration=None>
726.6649 	EXP 	New trial (rep=18, index=74): <Trial 74 (74 in rep 18) data={'pos': np.int64(50), 'corr_resp': 'c', 'thisN': 74, 'thisTrialN': 74, 'thisRepN': 18}>
726.6665 	DATA 	Keypress: v
726.6796 	EXP 	fixation_2: autoDraw = False
726.6796 	EXP 	line_1: autoDraw = False
726.6796 	EXP 	line_2: autoDraw = False
726.6796 	EXP 	line_3: autoDraw = False
726.6796 	EXP 	line_4: autoDraw = False
726.6796 	EXP 	probe_2: autoDraw = False
726.6796 	EXP 	fixation_2: autoDraw = True
726.7478 	EXP 	Device response: <KeyPress from None: t=726.6590510000242, value=v, duration=0.07616269995924085>
727.6637 	EXP 	line_1: autoDraw = True
727.6637 	EXP 	line_2: autoDraw = True
727.6637 	EXP 	line_3: autoDraw = True
727.6637 	EXP 	line_4: autoDraw = True
727.6796 	EXP 	fixation_2: autoDraw = False
728.6651 	INFO 	Keyboard events cleared
728.6648 	EXP 	probe_2: autoDraw = True
729.8170 	DATA 	Keypress: c
729.8304 	EXP 	Device response: <KeyPress from None: t=729.8158795000054, value=c, duration=None>
729.8308 	EXP 	New trial (rep=19, index=75): <Trial 75 (75 in rep 19) data={'pos': np.int64(50), 'corr_resp': 'c', 'thisN': 75, 'thisTrialN': 75, 'thisRepN': 19}>
729.8481 	EXP 	fixation_2: autoDraw = False
729.8481 	EXP 	line_1: autoDraw = False
729.8481 	EXP 	line_2: autoDraw = False
729.8481 	EXP 	line_3: autoDraw = False
729.8481 	EXP 	line_4: autoDraw = False
729.8481 	EXP 	probe_2: autoDraw = False
729.8481 	EXP 	fixation_2: autoDraw = True
729.8982 	EXP 	Device response: <KeyPress from None: t=729.8158795000054, value=c, duration=0.07747489999746904>
730.8313 	EXP 	line_1: autoDraw = True
730.8313 	EXP 	line_2: autoDraw = True
730.8313 	EXP 	line_3: autoDraw = True
730.8313 	EXP 	line_4: autoDraw = True
730.8465 	EXP 	fixation_2: autoDraw = False
731.8315 	INFO 	Keyboard events cleared
731.8313 	EXP 	probe_2: autoDraw = True
733.2649 	EXP 	Device response: <KeyPress from None: t=733.2612457000068, value=c, duration=None>
733.2653 	EXP 	New trial (rep=22, index=76): <Trial 76 (76 in rep 22) data={'pos': np.int64(150), 'corr_resp': 'v', 'thisN': 76, 'thisTrialN': 76, 'thisRepN': 22}>
733.2668 	DATA 	Keypress: c
733.2799 	EXP 	fixation_2: autoDraw = False
733.2799 	EXP 	line_1: autoDraw = False
733.2799 	EXP 	line_2: autoDraw = False
733.2799 	EXP 	line_3: autoDraw = False
733.2799 	EXP 	line_4: autoDraw = False
733.2799 	EXP 	probe_2: autoDraw = False
733.2799 	EXP 	fixation_2: autoDraw = True
733.3490 	EXP 	Device response: <KeyPress from None: t=733.2612457000068, value=c, duration=0.0714723999844864>
734.2646 	EXP 	line_1: autoDraw = True
734.2646 	EXP 	line_2: autoDraw = True
734.2646 	EXP 	line_3: autoDraw = True
734.2646 	EXP 	line_4: autoDraw = True
734.2816 	EXP 	fixation_2: autoDraw = False
735.2649 	INFO 	Keyboard events cleared
735.2647 	EXP 	probe_2: autoDraw = True
736.3985 	EXP 	Device response: <KeyPress from None: t=736.393359299982, value=v, duration=None>
736.3990 	EXP 	New trial (rep=15, index=77): <Trial 77 (77 in rep 15) data={'pos': np.int64(-150), 'corr_resp': 'z', 'thisN': 77, 'thisTrialN': 77, 'thisRepN': 15}>
736.4005 	DATA 	Keypress: v
736.4140 	EXP 	fixation_2: autoDraw = False
736.4140 	EXP 	line_1: autoDraw = False
736.4140 	EXP 	line_2: autoDraw = False
736.4140 	EXP 	line_3: autoDraw = False
736.4140 	EXP 	line_4: autoDraw = False
736.4140 	EXP 	probe_2: autoDraw = False
736.4140 	EXP 	fixation_2: autoDraw = True
736.4812 	EXP 	Device response: <KeyPress from None: t=736.393359299982, value=v, duration=0.07592740003019571>
737.3979 	EXP 	line_1: autoDraw = True
737.3979 	EXP 	line_2: autoDraw = True
737.3979 	EXP 	line_3: autoDraw = True
737.3979 	EXP 	line_4: autoDraw = True
737.4149 	EXP 	fixation_2: autoDraw = False
738.4150 	INFO 	Keyboard events cleared
738.4148 	EXP 	probe_2: autoDraw = True
739.3979 	EXP 	Device response: <KeyPress from None: t=739.3913397000288, value=z, duration=None>
739.3982 	EXP 	New trial (rep=16, index=78): <Trial 78 (78 in rep 16) data={'pos': np.int64(-150), 'corr_resp': 'z', 'thisN': 78, 'thisTrialN': 78, 'thisRepN': 16}>
739.3996 	DATA 	Keypress: z
739.4179 	EXP 	fixation_2: autoDraw = False
739.4179 	EXP 	line_1: autoDraw = False
739.4179 	EXP 	line_2: autoDraw = False
739.4179 	EXP 	line_3: autoDraw = False
739.4179 	EXP 	line_4: autoDraw = False
739.4179 	EXP 	probe_2: autoDraw = False
739.4179 	EXP 	fixation_2: autoDraw = True
739.4640 	EXP 	Device response: <KeyPress from None: t=739.3913397000288, value=z, duration=0.061170299944933504>
740.3978 	EXP 	line_1: autoDraw = True
740.3978 	EXP 	line_2: autoDraw = True
740.3978 	EXP 	line_3: autoDraw = True
740.3978 	EXP 	line_4: autoDraw = True
740.4309 	EXP 	fixation_2: autoDraw = False
741.3984 	INFO 	Keyboard events cleared
741.3982 	EXP 	probe_2: autoDraw = True
742.3985 	EXP 	Device response: <KeyPress from None: t=742.3917720000027, value=z, duration=None>
742.3989 	EXP 	New trial (rep=23, index=79): <Trial 79 (79 in rep 23) data={'pos': np.int64(150), 'corr_resp': 'v', 'thisN': 79, 'thisTrialN': 79, 'thisRepN': 23}>
742.4002 	DATA 	Keypress: z
742.4134 	EXP 	fixation_2: autoDraw = False
742.4134 	EXP 	line_1: autoDraw = False
742.4134 	EXP 	line_2: autoDraw = False
742.4134 	EXP 	line_3: autoDraw = False
742.4134 	EXP 	line_4: autoDraw = False
742.4134 	EXP 	probe_2: autoDraw = False
742.4134 	EXP 	fixation_2: autoDraw = True
742.4813 	EXP 	Device response: <KeyPress from None: t=742.3917720000027, value=z, duration=0.08095179998781532>
743.3983 	EXP 	line_1: autoDraw = True
743.3983 	EXP 	line_2: autoDraw = True
743.3983 	EXP 	line_3: autoDraw = True
743.3983 	EXP 	line_4: autoDraw = True
743.4148 	EXP 	fixation_2: autoDraw = False
744.3981 	INFO 	Keyboard events cleared
744.3979 	EXP 	probe_2: autoDraw = True
746.0830 	DATA 	Keypress: v
746.0979 	EXP 	Device response: <KeyPress from None: t=746.0821949000238, value=v, duration=None>
746.0983 	EXP 	New trial (rep=19, index=80): <Trial 80 (80 in rep 19) data={'pos': np.int64(-50), 'corr_resp': 'x', 'thisN': 80, 'thisTrialN': 80, 'thisRepN': 19}>
746.1152 	EXP 	fixation_2: autoDraw = False
746.1152 	EXP 	line_1: autoDraw = False
746.1152 	EXP 	line_2: autoDraw = False
746.1152 	EXP 	line_3: autoDraw = False
746.1152 	EXP 	line_4: autoDraw = False
746.1152 	EXP 	probe_2: autoDraw = False
746.1152 	EXP 	fixation_2: autoDraw = True
746.1652 	EXP 	Device response: <KeyPress from None: t=746.0821949000238, value=v, duration=0.07174759998451918>
747.1146 	EXP 	line_1: autoDraw = True
747.1146 	EXP 	line_2: autoDraw = True
747.1146 	EXP 	line_3: autoDraw = True
747.1146 	EXP 	line_4: autoDraw = True
747.1315 	EXP 	fixation_2: autoDraw = False
748.0985 	INFO 	Keyboard events cleared
748.0983 	EXP 	probe_2: autoDraw = True
749.9981 	EXP 	Device response: <KeyPress from None: t=749.9842966999859, value=x, duration=None>
749.9984 	EXP 	New trial (rep=20, index=81): <Trial 81 (81 in rep 20) data={'pos': np.int64(50), 'corr_resp': 'c', 'thisN': 81, 'thisTrialN': 81, 'thisRepN': 20}>
749.9997 	DATA 	Keypress: x
750.0151 	EXP 	fixation_2: autoDraw = False
750.0151 	EXP 	line_1: autoDraw = False
750.0151 	EXP 	line_2: autoDraw = False
750.0151 	EXP 	line_3: autoDraw = False
750.0151 	EXP 	line_4: autoDraw = False
750.0151 	EXP 	probe_2: autoDraw = False
750.0151 	EXP 	fixation_2: autoDraw = True
750.0648 	EXP 	Device response: <KeyPress from None: t=749.9842966999859, value=x, duration=0.07734820002224296>
750.9974 	EXP 	line_1: autoDraw = True
750.9974 	EXP 	line_2: autoDraw = True
750.9974 	EXP 	line_3: autoDraw = True
750.9974 	EXP 	line_4: autoDraw = True
751.0141 	EXP 	fixation_2: autoDraw = False
751.9977 	INFO 	Keyboard events cleared
751.9975 	EXP 	probe_2: autoDraw = True
754.2145 	EXP 	Device response: <KeyPress from None: t=754.2131101000123, value=c, duration=None>
754.2148 	EXP 	New trial (rep=20, index=82): <Trial 82 (82 in rep 20) data={'pos': np.int64(-50), 'corr_resp': 'x', 'thisN': 82, 'thisTrialN': 82, 'thisRepN': 20}>
754.2162 	DATA 	Keypress: c
754.2311 	EXP 	fixation_2: autoDraw = False
754.2311 	EXP 	line_1: autoDraw = False
754.2311 	EXP 	line_2: autoDraw = False
754.2311 	EXP 	line_3: autoDraw = False
754.2311 	EXP 	line_4: autoDraw = False
754.2311 	EXP 	probe_2: autoDraw = False
754.2311 	EXP 	fixation_2: autoDraw = True
754.2815 	EXP 	Device response: <KeyPress from None: t=754.2131101000123, value=c, duration=0.056901899981312454>
755.2151 	EXP 	line_1: autoDraw = True
755.2151 	EXP 	line_2: autoDraw = True
755.2151 	EXP 	line_3: autoDraw = True
755.2151 	EXP 	line_4: autoDraw = True
755.2314 	EXP 	fixation_2: autoDraw = False
756.2155 	INFO 	Keyboard events cleared
756.2153 	EXP 	probe_2: autoDraw = True
758.9647 	EXP 	Device response: <KeyPress from None: t=758.9611339999828, value=x, duration=None>
758.9651 	EXP 	New trial (rep=21, index=83): <Trial 83 (83 in rep 21) data={'pos': np.int64(50), 'corr_resp': 'c', 'thisN': 83, 'thisTrialN': 83, 'thisRepN': 21}>
758.9666 	DATA 	Keypress: x
758.9810 	EXP 	fixation_2: autoDraw = False
758.9810 	EXP 	line_1: autoDraw = False
758.9810 	EXP 	line_2: autoDraw = False
758.9810 	EXP 	line_3: autoDraw = False
758.9810 	EXP 	line_4: autoDraw = False
758.9810 	EXP 	probe_2: autoDraw = False
758.9810 	EXP 	fixation_2: autoDraw = True
759.0487 	EXP 	Device response: <KeyPress from None: t=758.9611339999828, value=x, duration=0.08082670002477244>
759.9663 	EXP 	line_1: autoDraw = True
759.9663 	EXP 	line_2: autoDraw = True
759.9663 	EXP 	line_3: autoDraw = True
759.9663 	EXP 	line_4: autoDraw = True
759.9801 	EXP 	fixation_2: autoDraw = False
760.9654 	INFO 	Keyboard events cleared
760.9652 	EXP 	probe_2: autoDraw = True
762.6321 	EXP 	Device response: <KeyPress from None: t=762.6266338999849, value=c, duration=None>
762.6325 	EXP 	New trial (rep=17, index=84): <Trial 84 (84 in rep 17) data={'pos': np.int64(-150), 'corr_resp': 'z', 'thisN': 84, 'thisTrialN': 84, 'thisRepN': 17}>
762.6339 	DATA 	Keypress: c
762.6468 	EXP 	fixation_2: autoDraw = False
762.6468 	EXP 	line_1: autoDraw = False
762.6468 	EXP 	line_2: autoDraw = False
762.6468 	EXP 	line_3: autoDraw = False
762.6468 	EXP 	line_4: autoDraw = False
762.6468 	EXP 	probe_2: autoDraw = False
762.6468 	EXP 	fixation_2: autoDraw = True
762.7148 	EXP 	Device response: <KeyPress from None: t=762.6266338999849, value=c, duration=0.08121259999461472>
763.6310 	EXP 	line_1: autoDraw = True
763.6310 	EXP 	line_2: autoDraw = True
763.6310 	EXP 	line_3: autoDraw = True
763.6310 	EXP 	line_4: autoDraw = True
763.6487 	EXP 	fixation_2: autoDraw = False
764.6323 	INFO 	Keyboard events cleared
764.6321 	EXP 	probe_2: autoDraw = True
766.6851 	DATA 	Keypress: z
766.6986 	EXP 	Device response: <KeyPress from None: t=766.6842188999872, value=z, duration=None>
766.6991 	EXP 	New trial (rep=22, index=85): <Trial 85 (85 in rep 22) data={'pos': np.int64(50), 'corr_resp': 'c', 'thisN': 85, 'thisTrialN': 85, 'thisRepN': 22}>
766.7150 	EXP 	fixation_2: autoDraw = False
766.7150 	EXP 	line_1: autoDraw = False
766.7150 	EXP 	line_2: autoDraw = False
766.7150 	EXP 	line_3: autoDraw = False
766.7150 	EXP 	line_4: autoDraw = False
766.7150 	EXP 	probe_2: autoDraw = False
766.7150 	EXP 	fixation_2: autoDraw = True
766.7818 	EXP 	Device response: <KeyPress from None: t=766.6842188999872, value=z, duration=0.08181310002692044>
767.7146 	EXP 	fixation_2: autoDraw = False
767.7146 	EXP 	line_1: autoDraw = True
767.7146 	EXP 	line_2: autoDraw = True
767.7146 	EXP 	line_3: autoDraw = True
767.7146 	EXP 	line_4: autoDraw = True
768.6988 	INFO 	Keyboard events cleared
768.6986 	EXP 	probe_2: autoDraw = True
770.0643 	EXP 	Device response: <KeyPress from None: t=770.0624808000284, value=c, duration=None>
770.0647 	EXP 	New trial (rep=23, index=86): <Trial 86 (86 in rep 23) data={'pos': np.int64(50), 'corr_resp': 'c', 'thisN': 86, 'thisTrialN': 86, 'thisRepN': 23}>
770.0662 	DATA 	Keypress: c
770.0810 	EXP 	fixation_2: autoDraw = False
770.0810 	EXP 	line_1: autoDraw = False
770.0810 	EXP 	line_2: autoDraw = False
770.0810 	EXP 	line_3: autoDraw = False
770.0810 	EXP 	line_4: autoDraw = False
770.0810 	EXP 	probe_2: autoDraw = False
770.0810 	EXP 	fixation_2: autoDraw = True
770.1476 	EXP 	Device response: <KeyPress from None: t=770.0624808000284, value=c, duration=0.07974739995552227>
771.0659 	EXP 	line_1: autoDraw = True
771.0659 	EXP 	line_2: autoDraw = True
771.0659 	EXP 	line_3: autoDraw = True
771.0659 	EXP 	line_4: autoDraw = True
771.0821 	EXP 	fixation_2: autoDraw = False
772.0656 	INFO 	Keyboard events cleared
772.0654 	EXP 	probe_2: autoDraw = True
774.0321 	EXP 	Device response: <KeyPress from None: t=774.028798400017, value=c, duration=None>
774.0327 	EXP 	New trial (rep=24, index=87): <Trial 87 (87 in rep 24) data={'pos': np.int64(150), 'corr_resp': 'v', 'thisN': 87, 'thisTrialN': 87, 'thisRepN': 24}>
774.0342 	DATA 	Keypress: c
774.0477 	EXP 	fixation_2: autoDraw = False
774.0477 	EXP 	line_1: autoDraw = False
774.0477 	EXP 	line_2: autoDraw = False
774.0477 	EXP 	line_3: autoDraw = False
774.0477 	EXP 	line_4: autoDraw = False
774.0477 	EXP 	probe_2: autoDraw = False
774.0477 	EXP 	fixation_2: autoDraw = True
774.0985 	EXP 	Device response: <KeyPress from None: t=774.028798400017, value=c, duration=0.05670279997866601>
775.0320 	EXP 	line_1: autoDraw = True
775.0320 	EXP 	line_2: autoDraw = True
775.0320 	EXP 	line_3: autoDraw = True
775.0320 	EXP 	line_4: autoDraw = True
775.0469 	EXP 	fixation_2: autoDraw = False
776.0491 	INFO 	Keyboard events cleared
776.0489 	EXP 	probe_2: autoDraw = True
777.7661 	EXP 	Device response: <KeyPress from None: t=777.757162199996, value=v, duration=None>
777.7665 	EXP 	New trial (rep=21, index=88): <Trial 88 (88 in rep 21) data={'pos': np.int64(-50), 'corr_resp': 'x', 'thisN': 88, 'thisTrialN': 88, 'thisRepN': 21}>
777.7681 	DATA 	Keypress: v
777.7804 	EXP 	fixation_2: autoDraw = False
777.7804 	EXP 	line_1: autoDraw = False
777.7804 	EXP 	line_2: autoDraw = False
777.7804 	EXP 	line_3: autoDraw = False
777.7804 	EXP 	line_4: autoDraw = False
777.7804 	EXP 	probe_2: autoDraw = False
777.7804 	EXP 	fixation_2: autoDraw = True
777.8487 	EXP 	Device response: <KeyPress from None: t=777.757162199996, value=v, duration=0.0886418999871239>
778.7652 	EXP 	line_1: autoDraw = True
778.7652 	EXP 	line_2: autoDraw = True
778.7652 	EXP 	line_3: autoDraw = True
778.7652 	EXP 	line_4: autoDraw = True
778.7824 	EXP 	fixation_2: autoDraw = False
779.7658 	INFO 	Keyboard events cleared
779.7656 	EXP 	probe_2: autoDraw = True
780.7323 	EXP 	Device response: <KeyPress from None: t=780.7301745999721, value=x, duration=None>
780.7327 	EXP 	New trial (rep=22, index=89): <Trial 89 (89 in rep 22) data={'pos': np.int64(-50), 'corr_resp': 'x', 'thisN': 89, 'thisTrialN': 89, 'thisRepN': 22}>
780.7341 	DATA 	Keypress: x
780.7478 	EXP 	fixation_2: autoDraw = False
780.7478 	EXP 	line_1: autoDraw = False
780.7478 	EXP 	line_2: autoDraw = False
780.7478 	EXP 	line_3: autoDraw = False
780.7478 	EXP 	line_4: autoDraw = False
780.7478 	EXP 	probe_2: autoDraw = False
780.7478 	EXP 	fixation_2: autoDraw = True
780.8486 	EXP 	Device response: <KeyPress from None: t=780.7301745999721, value=x, duration=0.1020598000031896>
781.7321 	EXP 	line_1: autoDraw = True
781.7321 	EXP 	line_2: autoDraw = True
781.7321 	EXP 	line_3: autoDraw = True
781.7321 	EXP 	line_4: autoDraw = True
781.7492 	EXP 	fixation_2: autoDraw = False
782.7327 	INFO 	Keyboard events cleared
782.7325 	EXP 	probe_2: autoDraw = True
783.7318 	EXP 	Device response: <KeyPress from None: t=783.7268188999733, value=x, duration=None>
783.7322 	EXP 	New trial (rep=24, index=90): <Trial 90 (90 in rep 24) data={'pos': np.int64(50), 'corr_resp': 'c', 'thisN': 90, 'thisTrialN': 90, 'thisRepN': 24}>
783.7336 	DATA 	Keypress: x
783.7472 	EXP 	fixation_2: autoDraw = False
783.7472 	EXP 	line_1: autoDraw = False
783.7472 	EXP 	line_2: autoDraw = False
783.7472 	EXP 	line_3: autoDraw = False
783.7472 	EXP 	line_4: autoDraw = False
783.7472 	EXP 	probe_2: autoDraw = False
783.7472 	EXP 	fixation_2: autoDraw = True
783.8318 	EXP 	Device response: <KeyPress from None: t=783.7268188999733, value=x, duration=0.08816130005288869>
784.7320 	EXP 	line_1: autoDraw = True
784.7320 	EXP 	line_2: autoDraw = True
784.7320 	EXP 	line_3: autoDraw = True
784.7320 	EXP 	line_4: autoDraw = True
784.7487 	EXP 	fixation_2: autoDraw = False
785.7322 	INFO 	Keyboard events cleared
785.7320 	EXP 	probe_2: autoDraw = True
786.5489 	EXP 	Device response: <KeyPress from None: t=786.5433544000261, value=c, duration=None>
786.5495 	EXP 	New trial (rep=25, index=91): <Trial 91 (91 in rep 25) data={'pos': np.int64(150), 'corr_resp': 'v', 'thisN': 91, 'thisTrialN': 91, 'thisRepN': 25}>
786.5511 	DATA 	Keypress: c
786.5646 	EXP 	fixation_2: autoDraw = False
786.5646 	EXP 	line_1: autoDraw = False
786.5646 	EXP 	line_2: autoDraw = False
786.5646 	EXP 	line_3: autoDraw = False
786.5646 	EXP 	line_4: autoDraw = False
786.5646 	EXP 	probe_2: autoDraw = False
786.5646 	EXP 	fixation_2: autoDraw = True
786.6489 	EXP 	Device response: <KeyPress from None: t=786.5433544000261, value=c, duration=0.100775099999737>
787.5484 	EXP 	line_1: autoDraw = True
787.5484 	EXP 	line_2: autoDraw = True
787.5484 	EXP 	line_3: autoDraw = True
787.5484 	EXP 	line_4: autoDraw = True
787.5679 	EXP 	fixation_2: autoDraw = False
788.5653 	INFO 	Keyboard events cleared
788.5651 	EXP 	probe_2: autoDraw = True
789.3651 	EXP 	Device response: <KeyPress from None: t=789.3533708999748, value=v, duration=None>
789.3655 	EXP 	New trial (rep=23, index=92): <Trial 92 (92 in rep 23) data={'pos': np.int64(-50), 'corr_resp': 'x', 'thisN': 92, 'thisTrialN': 92, 'thisRepN': 23}>
789.3669 	DATA 	Keypress: v
789.3814 	EXP 	fixation_2: autoDraw = False
789.3814 	EXP 	line_1: autoDraw = False
789.3814 	EXP 	line_2: autoDraw = False
789.3814 	EXP 	line_3: autoDraw = False
789.3814 	EXP 	line_4: autoDraw = False
789.3814 	EXP 	probe_2: autoDraw = False
789.3814 	EXP 	fixation_2: autoDraw = True
789.4481 	EXP 	Device response: <KeyPress from None: t=789.3533708999748, value=v, duration=0.08339870005147532>
790.3652 	EXP 	line_1: autoDraw = True
790.3652 	EXP 	line_2: autoDraw = True
790.3652 	EXP 	line_3: autoDraw = True
790.3652 	EXP 	line_4: autoDraw = True
790.3808 	EXP 	fixation_2: autoDraw = False
791.3657 	INFO 	Keyboard events cleared
791.3655 	EXP 	probe_2: autoDraw = True
792.6486 	EXP 	Device response: <KeyPress from None: t=792.63845269999, value=x, duration=None>
792.6490 	EXP 	New trial (rep=18, index=93): <Trial 93 (93 in rep 18) data={'pos': np.int64(-150), 'corr_resp': 'z', 'thisN': 93, 'thisTrialN': 93, 'thisRepN': 18}>
792.6503 	DATA 	Keypress: x
792.6655 	EXP 	fixation_2: autoDraw = False
792.6655 	EXP 	line_1: autoDraw = False
792.6655 	EXP 	line_2: autoDraw = False
792.6655 	EXP 	line_3: autoDraw = False
792.6655 	EXP 	line_4: autoDraw = False
792.6655 	EXP 	probe_2: autoDraw = False
792.6655 	EXP 	fixation_2: autoDraw = True
792.7320 	EXP 	Device response: <KeyPress from None: t=792.63845269999, value=x, duration=0.0803643999970518>
793.6494 	EXP 	line_1: autoDraw = True
793.6494 	EXP 	line_2: autoDraw = True
793.6494 	EXP 	line_3: autoDraw = True
793.6494 	EXP 	line_4: autoDraw = True
793.6658 	EXP 	fixation_2: autoDraw = False
794.6492 	INFO 	Keyboard events cleared
794.6490 	EXP 	probe_2: autoDraw = True
796.6325 	EXP 	Device response: <KeyPress from None: t=796.6191131999949, value=z, duration=None>
796.6330 	EXP 	New trial (rep=25, index=94): <Trial 94 (94 in rep 25) data={'pos': np.int64(50), 'corr_resp': 'c', 'thisN': 94, 'thisTrialN': 94, 'thisRepN': 25}>
796.6347 	DATA 	Keypress: z
796.6483 	EXP 	fixation_2: autoDraw = False
796.6483 	EXP 	line_1: autoDraw = False
796.6483 	EXP 	line_2: autoDraw = False
796.6483 	EXP 	line_3: autoDraw = False
796.6483 	EXP 	line_4: autoDraw = False
796.6483 	EXP 	probe_2: autoDraw = False
796.6483 	EXP 	fixation_2: autoDraw = True
796.7319 	EXP 	Device response: <KeyPress from None: t=796.6191131999949, value=z, duration=0.09791459998814389>
797.6491 	EXP 	fixation_2: autoDraw = False
797.6491 	EXP 	line_1: autoDraw = True
797.6491 	EXP 	line_2: autoDraw = True
797.6491 	EXP 	line_3: autoDraw = True
797.6491 	EXP 	line_4: autoDraw = True
798.6491 	INFO 	Keyboard events cleared
798.6489 	EXP 	probe_2: autoDraw = True
799.9153 	EXP 	Device response: <KeyPress from None: t=799.9039072999731, value=c, duration=None>
799.9156 	EXP 	New trial (rep=24, index=95): <Trial 95 (95 in rep 24) data={'pos': np.int64(-50), 'corr_resp': 'x', 'thisN': 95, 'thisTrialN': 95, 'thisRepN': 24}>
799.9170 	DATA 	Keypress: c
799.9317 	EXP 	fixation_2: autoDraw = False
799.9317 	EXP 	line_1: autoDraw = False
799.9317 	EXP 	line_2: autoDraw = False
799.9317 	EXP 	line_3: autoDraw = False
799.9317 	EXP 	line_4: autoDraw = False
799.9317 	EXP 	probe_2: autoDraw = False
799.9317 	EXP 	fixation_2: autoDraw = True
799.9986 	EXP 	Device response: <KeyPress from None: t=799.9039072999731, value=c, duration=0.09272960002999753>
800.9157 	EXP 	line_1: autoDraw = True
800.9157 	EXP 	line_2: autoDraw = True
800.9157 	EXP 	line_3: autoDraw = True
800.9157 	EXP 	line_4: autoDraw = True
800.9323 	EXP 	fixation_2: autoDraw = False
801.9162 	INFO 	Keyboard events cleared
801.9160 	EXP 	probe_2: autoDraw = True
803.3327 	EXP 	Device response: <KeyPress from None: t=803.3238098000293, value=x, duration=None>
803.3332 	EXP 	New trial (rep=26, index=96): <Trial 96 (96 in rep 26) data={'pos': np.int64(150), 'corr_resp': 'v', 'thisN': 96, 'thisTrialN': 96, 'thisRepN': 26}>
803.3349 	DATA 	Keypress: x
803.3481 	EXP 	fixation_2: autoDraw = False
803.3481 	EXP 	line_1: autoDraw = False
803.3481 	EXP 	line_2: autoDraw = False
803.3481 	EXP 	line_3: autoDraw = False
803.3481 	EXP 	line_4: autoDraw = False
803.3481 	EXP 	probe_2: autoDraw = False
803.3481 	EXP 	fixation_2: autoDraw = True
803.4323 	EXP 	Device response: <KeyPress from None: t=803.3238098000293, value=x, duration=0.09787509997840971>
804.3326 	EXP 	line_1: autoDraw = True
804.3326 	EXP 	line_2: autoDraw = True
804.3326 	EXP 	line_3: autoDraw = True
804.3326 	EXP 	line_4: autoDraw = True
804.3493 	EXP 	fixation_2: autoDraw = False
805.3325 	INFO 	Keyboard events cleared
805.3323 	EXP 	probe_2: autoDraw = True
806.5497 	EXP 	Device response: <KeyPress from None: t=806.543128099991, value=v, duration=None>
806.5503 	EXP 	New trial (rep=25, index=97): <Trial 97 (97 in rep 25) data={'pos': np.int64(-50), 'corr_resp': 'x', 'thisN': 97, 'thisTrialN': 97, 'thisRepN': 25}>
806.5524 	DATA 	Keypress: v
806.5642 	EXP 	fixation_2: autoDraw = False
806.5642 	EXP 	line_1: autoDraw = False
806.5642 	EXP 	line_2: autoDraw = False
806.5642 	EXP 	line_3: autoDraw = False
806.5642 	EXP 	line_4: autoDraw = False
806.5642 	EXP 	probe_2: autoDraw = False
806.5642 	EXP 	fixation_2: autoDraw = True
806.6161 	EXP 	Device response: <KeyPress from None: t=806.543128099991, value=v, duration=0.06127659999765456>
807.5661 	EXP 	fixation_2: autoDraw = False
807.5661 	EXP 	line_1: autoDraw = True
807.5661 	EXP 	line_2: autoDraw = True
807.5661 	EXP 	line_3: autoDraw = True
807.5661 	EXP 	line_4: autoDraw = True
808.5663 	INFO 	Keyboard events cleared
808.5661 	EXP 	probe_2: autoDraw = True
809.5992 	EXP 	Device response: <KeyPress from None: t=809.593670399976, value=x, duration=None>
809.5996 	EXP 	New trial (rep=26, index=98): <Trial 98 (98 in rep 26) data={'pos': np.int64(50), 'corr_resp': 'c', 'thisN': 98, 'thisTrialN': 98, 'thisRepN': 26}>
809.6010 	DATA 	Keypress: x
809.6150 	EXP 	fixation_2: autoDraw = False
809.6150 	EXP 	line_1: autoDraw = False
809.6150 	EXP 	line_2: autoDraw = False
809.6150 	EXP 	line_3: autoDraw = False
809.6150 	EXP 	line_4: autoDraw = False
809.6150 	EXP 	probe_2: autoDraw = False
809.6150 	EXP 	fixation_2: autoDraw = True
809.6655 	EXP 	Device response: <KeyPress from None: t=809.593670399976, value=x, duration=0.07117710000602528>
810.5994 	EXP 	line_1: autoDraw = True
810.5994 	EXP 	line_2: autoDraw = True
810.5994 	EXP 	line_3: autoDraw = True
810.5994 	EXP 	line_4: autoDraw = True
810.6155 	EXP 	fixation_2: autoDraw = False
811.5993 	INFO 	Keyboard events cleared
811.5990 	EXP 	probe_2: autoDraw = True
812.7156 	EXP 	Device response: <KeyPress from None: t=812.7073500999832, value=c, duration=None>
812.7159 	EXP 	New trial (rep=27, index=99): <Trial 99 (99 in rep 27) data={'pos': np.int64(50), 'corr_resp': 'c', 'thisN': 99, 'thisTrialN': 99, 'thisRepN': 27}>
812.7173 	DATA 	Keypress: c
812.7327 	EXP 	fixation_2: autoDraw = False
812.7327 	EXP 	line_1: autoDraw = False
812.7327 	EXP 	line_2: autoDraw = False
812.7327 	EXP 	line_3: autoDraw = False
812.7327 	EXP 	line_4: autoDraw = False
812.7327 	EXP 	probe_2: autoDraw = False
812.7327 	EXP 	fixation_2: autoDraw = True
812.7658 	EXP 	Device response: <KeyPress from None: t=812.7073500999832, value=c, duration=0.055266300041694194>
813.7151 	EXP 	line_1: autoDraw = True
813.7151 	EXP 	line_2: autoDraw = True
813.7151 	EXP 	line_3: autoDraw = True
813.7151 	EXP 	line_4: autoDraw = True
813.7325 	EXP 	fixation_2: autoDraw = False
814.7164 	INFO 	Keyboard events cleared
814.7162 	EXP 	probe_2: autoDraw = True
815.9333 	EXP 	Device response: <KeyPress from None: t=815.9306255999836, value=c, duration=None>
815.9337 	EXP 	New trial (rep=26, index=100): <Trial 100 (100 in rep 26) data={'pos': np.int64(-50), 'corr_resp': 'x', 'thisN': 100, 'thisTrialN': 100, 'thisRepN': 26}>
815.9351 	DATA 	Keypress: c
815.9479 	EXP 	fixation_2: autoDraw = False
815.9479 	EXP 	line_1: autoDraw = False
815.9479 	EXP 	line_2: autoDraw = False
815.9479 	EXP 	line_3: autoDraw = False
815.9479 	EXP 	line_4: autoDraw = False
815.9479 	EXP 	probe_2: autoDraw = False
815.9479 	EXP 	fixation_2: autoDraw = True
815.9820 	EXP 	Device response: <KeyPress from None: t=815.9306255999836, value=c, duration=0.041278299991972744>
816.9493 	EXP 	fixation_2: autoDraw = False
816.9493 	EXP 	line_1: autoDraw = True
816.9493 	EXP 	line_2: autoDraw = True
816.9493 	EXP 	line_3: autoDraw = True
816.9493 	EXP 	line_4: autoDraw = True
817.9331 	INFO 	Keyboard events cleared
817.9329 	EXP 	probe_2: autoDraw = True
818.8661 	EXP 	Device response: <KeyPress from None: t=818.8628757999977, value=x, duration=None>
818.8666 	EXP 	New trial (rep=27, index=101): <Trial 101 (101 in rep 27) data={'pos': np.int64(150), 'corr_resp': 'v', 'thisN': 101, 'thisTrialN': 101, 'thisRepN': 27}>
818.8681 	DATA 	Keypress: x
818.8819 	EXP 	fixation_2: autoDraw = False
818.8819 	EXP 	line_1: autoDraw = False
818.8819 	EXP 	line_2: autoDraw = False
818.8819 	EXP 	line_3: autoDraw = False
818.8819 	EXP 	line_4: autoDraw = False
818.8819 	EXP 	probe_2: autoDraw = False
818.8819 	EXP 	fixation_2: autoDraw = True
818.9492 	EXP 	Device response: <KeyPress from None: t=818.8628757999977, value=x, duration=0.06961690000025555>
819.8659 	EXP 	line_1: autoDraw = True
819.8659 	EXP 	line_2: autoDraw = True
819.8659 	EXP 	line_3: autoDraw = True
819.8659 	EXP 	line_4: autoDraw = True
819.8829 	EXP 	fixation_2: autoDraw = False
820.8830 	INFO 	Keyboard events cleared
820.8828 	EXP 	probe_2: autoDraw = True
822.2164 	EXP 	Device response: <KeyPress from None: t=822.215691999998, value=v, duration=None>
822.2167 	EXP 	New trial (rep=28, index=102): <Trial 102 (102 in rep 28) data={'pos': np.int64(150), 'corr_resp': 'v', 'thisN': 102, 'thisTrialN': 102, 'thisRepN': 28}>
822.2182 	DATA 	Keypress: v
822.2318 	EXP 	fixation_2: autoDraw = False
822.2318 	EXP 	line_1: autoDraw = False
822.2318 	EXP 	line_2: autoDraw = False
822.2318 	EXP 	line_3: autoDraw = False
822.2318 	EXP 	line_4: autoDraw = False
822.2318 	EXP 	probe_2: autoDraw = False
822.2318 	EXP 	fixation_2: autoDraw = True
822.2825 	EXP 	Device response: <KeyPress from None: t=822.215691999998, value=v, duration=0.05094599997391924>
823.2162 	EXP 	line_1: autoDraw = True
823.2162 	EXP 	line_2: autoDraw = True
823.2162 	EXP 	line_3: autoDraw = True
823.2162 	EXP 	line_4: autoDraw = True
823.2330 	EXP 	fixation_2: autoDraw = False
824.2158 	INFO 	Keyboard events cleared
824.2156 	EXP 	probe_2: autoDraw = True
825.4158 	EXP 	Device response: <KeyPress from None: t=825.4106302, value=v, duration=None>
825.4162 	EXP 	New trial (rep=19, index=103): <Trial 103 (103 in rep 19) data={'pos': np.int64(-150), 'corr_resp': 'z', 'thisN': 103, 'thisTrialN': 103, 'thisRepN': 19}>
825.4176 	DATA 	Keypress: v
825.4312 	EXP 	fixation_2: autoDraw = False
825.4312 	EXP 	line_1: autoDraw = False
825.4312 	EXP 	line_2: autoDraw = False
825.4312 	EXP 	line_3: autoDraw = False
825.4312 	EXP 	line_4: autoDraw = False
825.4312 	EXP 	probe_2: autoDraw = False
825.4312 	EXP 	fixation_2: autoDraw = True
825.4661 	EXP 	Device response: <KeyPress from None: t=825.4106302, value=v, duration=0.05389620002824813>
826.4163 	EXP 	line_1: autoDraw = True
826.4163 	EXP 	line_2: autoDraw = True
826.4163 	EXP 	line_3: autoDraw = True
826.4163 	EXP 	line_4: autoDraw = True
826.4329 	EXP 	fixation_2: autoDraw = False
827.4158 	INFO 	Keyboard events cleared
827.4156 	EXP 	probe_2: autoDraw = True
829.0329 	EXP 	Device response: <KeyPress from None: t=829.0300143000204, value=z, duration=None>
829.0333 	EXP 	New trial (rep=20, index=104): <Trial 104 (104 in rep 20) data={'pos': np.int64(-150), 'corr_resp': 'z', 'thisN': 104, 'thisTrialN': 104, 'thisRepN': 20}>
829.0348 	DATA 	Keypress: z
829.0486 	EXP 	fixation_2: autoDraw = False
829.0486 	EXP 	line_1: autoDraw = False
829.0486 	EXP 	line_2: autoDraw = False
829.0486 	EXP 	line_3: autoDraw = False
829.0486 	EXP 	line_4: autoDraw = False
829.0486 	EXP 	probe_2: autoDraw = False
829.0486 	EXP 	fixation_2: autoDraw = True
829.1000 	EXP 	Device response: <KeyPress from None: t=829.0300143000204, value=z, duration=0.06130989996017888>
830.0329 	EXP 	line_1: autoDraw = True
830.0329 	EXP 	line_2: autoDraw = True
830.0329 	EXP 	line_3: autoDraw = True
830.0329 	EXP 	line_4: autoDraw = True
830.0497 	EXP 	fixation_2: autoDraw = False
831.0499 	INFO 	Keyboard events cleared
831.0497 	EXP 	probe_2: autoDraw = True
832.0182 	DATA 	Keypress: z
832.0327 	EXP 	Device response: <KeyPress from None: t=832.0166677000234, value=z, duration=None>
832.0330 	EXP 	New trial (rep=27, index=105): <Trial 105 (105 in rep 27) data={'pos': np.int64(-50), 'corr_resp': 'x', 'thisN': 105, 'thisTrialN': 105, 'thisRepN': 27}>
832.0497 	EXP 	fixation_2: autoDraw = False
832.0497 	EXP 	line_1: autoDraw = False
832.0497 	EXP 	line_2: autoDraw = False
832.0497 	EXP 	line_3: autoDraw = False
832.0497 	EXP 	line_4: autoDraw = False
832.0497 	EXP 	probe_2: autoDraw = False
832.0497 	EXP 	fixation_2: autoDraw = True
832.0834 	EXP 	Device response: <KeyPress from None: t=832.0166677000234, value=z, duration=0.056108899996615946>
833.0331 	EXP 	line_1: autoDraw = True
833.0331 	EXP 	line_2: autoDraw = True
833.0331 	EXP 	line_3: autoDraw = True
833.0331 	EXP 	line_4: autoDraw = True
833.0496 	EXP 	fixation_2: autoDraw = False
834.0325 	INFO 	Keyboard events cleared
834.0323 	EXP 	probe_2: autoDraw = True
835.1661 	EXP 	Device response: <KeyPress from None: t=835.161964799976, value=x, duration=None>
835.1665 	EXP 	New trial (rep=28, index=106): <Trial 106 (106 in rep 28) data={'pos': np.int64(50), 'corr_resp': 'c', 'thisN': 106, 'thisTrialN': 106, 'thisRepN': 28}>
835.1678 	DATA 	Keypress: x
835.1813 	EXP 	fixation_2: autoDraw = False
835.1813 	EXP 	line_1: autoDraw = False
835.1813 	EXP 	line_2: autoDraw = False
835.1813 	EXP 	line_3: autoDraw = False
835.1813 	EXP 	line_4: autoDraw = False
835.1813 	EXP 	probe_2: autoDraw = False
835.1813 	EXP 	fixation_2: autoDraw = True
835.2333 	EXP 	Device response: <KeyPress from None: t=835.161964799976, value=x, duration=0.06556000001728535>
836.1663 	EXP 	line_1: autoDraw = True
836.1663 	EXP 	line_2: autoDraw = True
836.1663 	EXP 	line_3: autoDraw = True
836.1663 	EXP 	line_4: autoDraw = True
836.1829 	EXP 	fixation_2: autoDraw = False
837.1661 	INFO 	Keyboard events cleared
837.1659 	EXP 	probe_2: autoDraw = True
838.0339 	EXP 	Device response: <KeyPress from None: t=838.0256474000053, value=c, duration=None>
838.0344 	EXP 	New trial (rep=28, index=107): <Trial 107 (107 in rep 28) data={'pos': np.int64(-50), 'corr_resp': 'x', 'thisN': 107, 'thisTrialN': 107, 'thisRepN': 28}>
838.0359 	DATA 	Keypress: c
838.0482 	EXP 	fixation_2: autoDraw = False
838.0482 	EXP 	line_1: autoDraw = False
838.0482 	EXP 	line_2: autoDraw = False
838.0482 	EXP 	line_3: autoDraw = False
838.0482 	EXP 	line_4: autoDraw = False
838.0482 	EXP 	probe_2: autoDraw = False
838.0482 	EXP 	fixation_2: autoDraw = True
838.1163 	EXP 	Device response: <KeyPress from None: t=838.0256474000053, value=c, duration=0.07655589998466894>
839.0497 	EXP 	fixation_2: autoDraw = False
839.0497 	EXP 	line_1: autoDraw = True
839.0497 	EXP 	line_2: autoDraw = True
839.0497 	EXP 	line_3: autoDraw = True
839.0497 	EXP 	line_4: autoDraw = True
840.0502 	INFO 	Keyboard events cleared
840.0499 	EXP 	probe_2: autoDraw = True
841.3859 	DATA 	Keypress: x
841.3994 	EXP 	Device response: <KeyPress from None: t=841.3846199000254, value=x, duration=None>
841.3997 	EXP 	New trial (rep=29, index=108): <Trial 108 (108 in rep 29) data={'pos': np.int64(150), 'corr_resp': 'v', 'thisN': 108, 'thisTrialN': 108, 'thisRepN': 29}>
841.4164 	EXP 	fixation_2: autoDraw = False
841.4164 	EXP 	line_1: autoDraw = False
841.4164 	EXP 	line_2: autoDraw = False
841.4164 	EXP 	line_3: autoDraw = False
841.4164 	EXP 	line_4: autoDraw = False
841.4164 	EXP 	probe_2: autoDraw = False
841.4164 	EXP 	fixation_2: autoDraw = True
841.4494 	EXP 	Device response: <KeyPress from None: t=841.3846199000254, value=x, duration=0.05638249998446554>
842.3999 	EXP 	line_1: autoDraw = True
842.3999 	EXP 	line_2: autoDraw = True
842.3999 	EXP 	line_3: autoDraw = True
842.3999 	EXP 	line_4: autoDraw = True
842.4171 	EXP 	fixation_2: autoDraw = False
843.3995 	INFO 	Keyboard events cleared
843.3993 	EXP 	probe_2: autoDraw = True
844.1334 	EXP 	Device response: <KeyPress from None: t=844.1298664999777, value=v, duration=None>
844.1338 	EXP 	New trial (rep=21, index=109): <Trial 109 (109 in rep 21) data={'pos': np.int64(-150), 'corr_resp': 'z', 'thisN': 109, 'thisTrialN': 109, 'thisRepN': 21}>
844.1352 	DATA 	Keypress: v
844.1494 	EXP 	fixation_2: autoDraw = False
844.1494 	EXP 	line_1: autoDraw = False
844.1494 	EXP 	line_2: autoDraw = False
844.1494 	EXP 	line_3: autoDraw = False
844.1494 	EXP 	line_4: autoDraw = False
844.1494 	EXP 	probe_2: autoDraw = False
844.1494 	EXP 	fixation_2: autoDraw = True
844.1997 	EXP 	Device response: <KeyPress from None: t=844.1298664999777, value=v, duration=0.0667505000019446>
845.1482 	EXP 	fixation_2: autoDraw = False
845.1482 	EXP 	line_1: autoDraw = True
845.1482 	EXP 	line_2: autoDraw = True
845.1482 	EXP 	line_3: autoDraw = True
845.1482 	EXP 	line_4: autoDraw = True
846.1335 	INFO 	Keyboard events cleared
846.1333 	EXP 	probe_2: autoDraw = True
846.8498 	EXP 	Device response: <KeyPress from None: t=846.8424051000038, value=z, duration=None>
846.8502 	EXP 	New trial (rep=29, index=110): <Trial 110 (110 in rep 29) data={'pos': np.int64(-50), 'corr_resp': 'x', 'thisN': 110, 'thisTrialN': 110, 'thisRepN': 29}>
846.8517 	DATA 	Keypress: z
846.8654 	EXP 	fixation_2: autoDraw = False
846.8654 	EXP 	line_1: autoDraw = False
846.8654 	EXP 	line_2: autoDraw = False
846.8654 	EXP 	line_3: autoDraw = False
846.8654 	EXP 	line_4: autoDraw = False
846.8654 	EXP 	probe_2: autoDraw = False
846.8654 	EXP 	fixation_2: autoDraw = True
846.9326 	EXP 	Device response: <KeyPress from None: t=846.8424051000038, value=z, duration=0.07448010001098737>
847.8497 	EXP 	line_1: autoDraw = True
847.8497 	EXP 	line_2: autoDraw = True
847.8497 	EXP 	line_3: autoDraw = True
847.8497 	EXP 	line_4: autoDraw = True
847.8667 	EXP 	fixation_2: autoDraw = False
848.8493 	INFO 	Keyboard events cleared
848.8491 	EXP 	probe_2: autoDraw = True
849.5503 	EXP 	Device response: <KeyPress from None: t=849.540822800016, value=x, duration=None>
849.5507 	EXP 	New trial (rep=22, index=111): <Trial 111 (111 in rep 22) data={'pos': np.int64(-150), 'corr_resp': 'z', 'thisN': 111, 'thisTrialN': 111, 'thisRepN': 22}>
849.5522 	DATA 	Keypress: x
849.5648 	EXP 	fixation_2: autoDraw = False
849.5648 	EXP 	line_1: autoDraw = False
849.5648 	EXP 	line_2: autoDraw = False
849.5648 	EXP 	line_3: autoDraw = False
849.5648 	EXP 	line_4: autoDraw = False
849.5648 	EXP 	probe_2: autoDraw = False
849.5648 	EXP 	fixation_2: autoDraw = True
849.6157 	EXP 	Device response: <KeyPress from None: t=849.540822800016, value=x, duration=0.07235099998069927>
850.5499 	EXP 	line_1: autoDraw = True
850.5499 	EXP 	line_2: autoDraw = True
850.5499 	EXP 	line_3: autoDraw = True
850.5499 	EXP 	line_4: autoDraw = True
850.5649 	EXP 	fixation_2: autoDraw = False
851.5662 	INFO 	Keyboard events cleared
851.5660 	EXP 	probe_2: autoDraw = True
852.4832 	EXP 	Device response: <KeyPress from None: t=852.4801618999918, value=z, duration=None>
852.4836 	EXP 	New trial (rep=30, index=112): <Trial 112 (112 in rep 30) data={'pos': np.int64(150), 'corr_resp': 'v', 'thisN': 112, 'thisTrialN': 112, 'thisRepN': 30}>
852.4850 	DATA 	Keypress: z
852.4991 	EXP 	fixation_2: autoDraw = False
852.4991 	EXP 	line_1: autoDraw = False
852.4991 	EXP 	line_2: autoDraw = False
852.4991 	EXP 	line_3: autoDraw = False
852.4991 	EXP 	line_4: autoDraw = False
852.4991 	EXP 	probe_2: autoDraw = False
852.4991 	EXP 	fixation_2: autoDraw = True
852.5829 	EXP 	Device response: <KeyPress from None: t=852.4801618999918, value=z, duration=0.08594200003426522>
853.4830 	EXP 	line_1: autoDraw = True
853.4830 	EXP 	line_2: autoDraw = True
853.4830 	EXP 	line_3: autoDraw = True
853.4830 	EXP 	line_4: autoDraw = True
853.4983 	EXP 	fixation_2: autoDraw = False
854.4837 	INFO 	Keyboard events cleared
854.4834 	EXP 	probe_2: autoDraw = True
855.6333 	EXP 	Device response: <KeyPress from None: t=855.63008979999, value=v, duration=None>
855.6338 	EXP 	New trial (rep=29, index=113): <Trial 113 (113 in rep 29) data={'pos': np.int64(50), 'corr_resp': 'c', 'thisN': 113, 'thisTrialN': 113, 'thisRepN': 29}>
855.6353 	DATA 	Keypress: v
855.6495 	EXP 	fixation_2: autoDraw = False
855.6495 	EXP 	line_1: autoDraw = False
855.6495 	EXP 	line_2: autoDraw = False
855.6495 	EXP 	line_3: autoDraw = False
855.6495 	EXP 	line_4: autoDraw = False
855.6495 	EXP 	probe_2: autoDraw = False
855.6495 	EXP 	fixation_2: autoDraw = True
855.7000 	EXP 	Device response: <KeyPress from None: t=855.63008979999, value=v, duration=0.0685675999848172>
856.6335 	EXP 	line_1: autoDraw = True
856.6335 	EXP 	line_2: autoDraw = True
856.6335 	EXP 	line_3: autoDraw = True
856.6335 	EXP 	line_4: autoDraw = True
856.6502 	EXP 	fixation_2: autoDraw = False
857.6330 	INFO 	Keyboard events cleared
857.6328 	EXP 	probe_2: autoDraw = True
859.6828 	EXP 	Device response: <KeyPress from None: t=859.6797217000276, value=v, duration=None>
859.6832 	EXP 	New trial (rep=30, index=114): <Trial 114 (114 in rep 30) data={'pos': np.int64(50), 'corr_resp': 'c', 'thisN': 114, 'thisTrialN': 114, 'thisRepN': 30}>
859.6847 	DATA 	Keypress: v
859.6991 	EXP 	fixation_2: autoDraw = False
859.6991 	EXP 	line_1: autoDraw = False
859.6991 	EXP 	line_2: autoDraw = False
859.6991 	EXP 	line_3: autoDraw = False
859.6991 	EXP 	line_4: autoDraw = False
859.6991 	EXP 	probe_2: autoDraw = False
859.6991 	EXP 	fixation_2: autoDraw = True
859.7684 	EXP 	Device response: <KeyPress from None: t=859.6797217000276, value=v, duration=0.08078499999828637>
860.6836 	EXP 	line_1: autoDraw = True
860.6836 	EXP 	line_2: autoDraw = True
860.6836 	EXP 	line_3: autoDraw = True
860.6836 	EXP 	line_4: autoDraw = True
860.7001 	EXP 	fixation_2: autoDraw = False
861.6838 	INFO 	Keyboard events cleared
861.6836 	EXP 	probe_2: autoDraw = True
862.4999 	EXP 	Device response: <KeyPress from None: t=862.4991205999977, value=c, duration=None>
862.5013 	DATA 	Keypress: c
862.5168 	EXP 	New trial (rep=31, index=115): <Trial 115 (115 in rep 31) data={'pos': np.int64(50), 'corr_resp': 'c', 'thisN': 115, 'thisTrialN': 115, 'thisRepN': 31}>
862.5332 	EXP 	fixation_2: autoDraw = False
862.5332 	EXP 	line_1: autoDraw = False
862.5332 	EXP 	line_2: autoDraw = False
862.5332 	EXP 	line_3: autoDraw = False
862.5332 	EXP 	line_4: autoDraw = False
862.5332 	EXP 	probe_2: autoDraw = False
862.5332 	EXP 	fixation_2: autoDraw = True
862.5837 	EXP 	Device response: <KeyPress from None: t=862.4991205999977, value=c, duration=0.07111000001896173>
863.5166 	EXP 	line_1: autoDraw = True
863.5166 	EXP 	line_2: autoDraw = True
863.5166 	EXP 	line_3: autoDraw = True
863.5166 	EXP 	line_4: autoDraw = True
863.5329 	EXP 	fixation_2: autoDraw = False
864.5339 	INFO 	Keyboard events cleared
864.5336 	EXP 	probe_2: autoDraw = True
865.8502 	EXP 	Device response: <KeyPress from None: t=865.8469400000176, value=c, duration=None>
865.8507 	EXP 	New trial (rep=23, index=116): <Trial 116 (116 in rep 23) data={'pos': np.int64(-150), 'corr_resp': 'z', 'thisN': 116, 'thisTrialN': 116, 'thisRepN': 23}>
865.8521 	DATA 	Keypress: c
865.8659 	EXP 	fixation_2: autoDraw = False
865.8659 	EXP 	line_1: autoDraw = False
865.8659 	EXP 	line_2: autoDraw = False
865.8659 	EXP 	line_3: autoDraw = False
865.8659 	EXP 	line_4: autoDraw = False
865.8659 	EXP 	probe_2: autoDraw = False
865.8659 	EXP 	fixation_2: autoDraw = True
865.9336 	EXP 	Device response: <KeyPress from None: t=865.8469400000176, value=c, duration=0.08003229997120798>
866.8495 	EXP 	line_1: autoDraw = True
866.8495 	EXP 	line_2: autoDraw = True
866.8495 	EXP 	line_3: autoDraw = True
866.8495 	EXP 	line_4: autoDraw = True
866.8653 	EXP 	fixation_2: autoDraw = False
867.8506 	INFO 	Keyboard events cleared
867.8504 	EXP 	probe_2: autoDraw = True
869.1834 	EXP 	Device response: <KeyPress from None: t=869.179003999976, value=z, duration=None>
869.1839 	EXP 	New trial (rep=31, index=117): <Trial 117 (117 in rep 31) data={'pos': np.int64(150), 'corr_resp': 'v', 'thisN': 117, 'thisTrialN': 117, 'thisRepN': 31}>
869.1853 	DATA 	Keypress: z
869.1993 	EXP 	fixation_2: autoDraw = False
869.1993 	EXP 	line_1: autoDraw = False
869.1993 	EXP 	line_2: autoDraw = False
869.1993 	EXP 	line_3: autoDraw = False
869.1993 	EXP 	line_4: autoDraw = False
869.1993 	EXP 	probe_2: autoDraw = False
869.1993 	EXP 	fixation_2: autoDraw = True
869.2830 	EXP 	Device response: <KeyPress from None: t=869.179003999976, value=z, duration=0.08963370003039017>
870.2002 	EXP 	fixation_2: autoDraw = False
870.2002 	EXP 	line_1: autoDraw = True
870.2002 	EXP 	line_2: autoDraw = True
870.2002 	EXP 	line_3: autoDraw = True
870.2002 	EXP 	line_4: autoDraw = True
871.2002 	INFO 	Keyboard events cleared
871.2000 	EXP 	probe_2: autoDraw = True
872.0845 	EXP 	Device response: <KeyPress from None: t=872.0752092999755, value=v, duration=None>
872.0850 	EXP 	New trial (rep=30, index=118): <Trial 118 (118 in rep 30) data={'pos': np.int64(-50), 'corr_resp': 'x', 'thisN': 118, 'thisTrialN': 118, 'thisRepN': 30}>
872.0867 	DATA 	Keypress: v
872.0992 	EXP 	fixation_2: autoDraw = False
872.0992 	EXP 	line_1: autoDraw = False
872.0992 	EXP 	line_2: autoDraw = False
872.0992 	EXP 	line_3: autoDraw = False
872.0992 	EXP 	line_4: autoDraw = False
872.0992 	EXP 	probe_2: autoDraw = False
872.0992 	EXP 	fixation_2: autoDraw = True
872.1831 	EXP 	Device response: <KeyPress from None: t=872.0752092999755, value=v, duration=0.09155120002105832>
873.1000 	EXP 	fixation_2: autoDraw = False
873.1000 	EXP 	line_1: autoDraw = True
873.1000 	EXP 	line_2: autoDraw = True
873.1000 	EXP 	line_3: autoDraw = True
873.1000 	EXP 	line_4: autoDraw = True
874.1001 	INFO 	Keyboard events cleared
874.1000 	EXP 	probe_2: autoDraw = True
874.8841 	EXP 	Device response: <KeyPress from None: t=874.8807952000061, value=x, duration=None>
874.8845 	EXP 	New trial (rep=24, index=119): <Trial 119 (119 in rep 24) data={'pos': np.int64(-150), 'corr_resp': 'z', 'thisN': 119, 'thisTrialN': 119, 'thisRepN': 24}>
874.8859 	DATA 	Keypress: x
874.8988 	EXP 	fixation_2: autoDraw = False
874.8988 	EXP 	line_1: autoDraw = False
874.8988 	EXP 	line_2: autoDraw = False
874.8988 	EXP 	line_3: autoDraw = False
874.8988 	EXP 	line_4: autoDraw = False
874.8988 	EXP 	probe_2: autoDraw = False
874.8988 	EXP 	fixation_2: autoDraw = True
874.9824 	EXP 	Device response: <KeyPress from None: t=874.8807952000061, value=x, duration=0.0859191999770701>
875.8837 	EXP 	line_1: autoDraw = True
875.8837 	EXP 	line_2: autoDraw = True
875.8837 	EXP 	line_3: autoDraw = True
875.8837 	EXP 	line_4: autoDraw = True
875.8999 	EXP 	fixation_2: autoDraw = False
876.8836 	INFO 	Keyboard events cleared
876.8834 	EXP 	probe_2: autoDraw = True
877.7002 	EXP 	Device response: <KeyPress from None: t=877.6969377999776, value=z, duration=None>
877.7006 	EXP 	New trial (rep=31, index=120): <Trial 120 (120 in rep 31) data={'pos': np.int64(-50), 'corr_resp': 'x', 'thisN': 120, 'thisTrialN': 120, 'thisRepN': 31}>
877.7021 	DATA 	Keypress: z
877.7162 	EXP 	fixation_2: autoDraw = False
877.7162 	EXP 	line_1: autoDraw = False
877.7162 	EXP 	line_2: autoDraw = False
877.7162 	EXP 	line_3: autoDraw = False
877.7162 	EXP 	line_4: autoDraw = False
877.7162 	EXP 	probe_2: autoDraw = False
877.7162 	EXP 	fixation_2: autoDraw = True
877.8002 	EXP 	Device response: <KeyPress from None: t=877.6969377999776, value=z, duration=0.09274680004455149>
878.7000 	EXP 	line_1: autoDraw = True
878.7000 	EXP 	line_2: autoDraw = True
878.7000 	EXP 	line_3: autoDraw = True
878.7000 	EXP 	line_4: autoDraw = True
878.7175 	EXP 	fixation_2: autoDraw = False
879.7003 	INFO 	Keyboard events cleared
879.7001 	EXP 	probe_2: autoDraw = True
880.6339 	EXP 	Device response: <KeyPress from None: t=880.6235262000118, value=x, duration=None>
880.6343 	EXP 	New trial (rep=25, index=121): <Trial 121 (121 in rep 25) data={'pos': np.int64(-150), 'corr_resp': 'z', 'thisN': 121, 'thisTrialN': 121, 'thisRepN': 25}>
880.6356 	DATA 	Keypress: x
880.6501 	EXP 	fixation_2: autoDraw = False
880.6501 	EXP 	line_1: autoDraw = False
880.6501 	EXP 	line_2: autoDraw = False
880.6501 	EXP 	line_3: autoDraw = False
880.6501 	EXP 	line_4: autoDraw = False
880.6501 	EXP 	probe_2: autoDraw = False
880.6501 	EXP 	fixation_2: autoDraw = True
880.7345 	EXP 	Device response: <KeyPress from None: t=880.6235262000118, value=x, duration=0.10100540000712499>
881.6336 	EXP 	line_1: autoDraw = True
881.6336 	EXP 	line_2: autoDraw = True
881.6336 	EXP 	line_3: autoDraw = True
881.6336 	EXP 	line_4: autoDraw = True
881.6504 	EXP 	fixation_2: autoDraw = False
882.6338 	INFO 	Keyboard events cleared
882.6336 	EXP 	probe_2: autoDraw = True
883.5178 	EXP 	Device response: <KeyPress from None: t=883.5080978000187, value=z, duration=None>
883.5182 	EXP 	New trial (rep=32, index=122): <Trial 122 (122 in rep 32) data={'pos': np.int64(-50), 'corr_resp': 'x', 'thisN': 122, 'thisTrialN': 122, 'thisRepN': 32}>
883.5196 	DATA 	Keypress: z
883.5327 	EXP 	fixation_2: autoDraw = False
883.5327 	EXP 	line_1: autoDraw = False
883.5327 	EXP 	line_2: autoDraw = False
883.5327 	EXP 	line_3: autoDraw = False
883.5327 	EXP 	line_4: autoDraw = False
883.5327 	EXP 	probe_2: autoDraw = False
883.5327 	EXP 	fixation_2: autoDraw = True
883.6170 	EXP 	Device response: <KeyPress from None: t=883.5080978000187, value=z, duration=0.10068009997485206>
884.5176 	EXP 	line_1: autoDraw = True
884.5176 	EXP 	line_2: autoDraw = True
884.5176 	EXP 	line_3: autoDraw = True
884.5176 	EXP 	line_4: autoDraw = True
884.5332 	EXP 	fixation_2: autoDraw = False
885.5336 	INFO 	Keyboard events cleared
885.5334 	EXP 	probe_2: autoDraw = True
886.6170 	EXP 	Device response: <KeyPress from None: t=886.6033816999989, value=x, duration=None>
886.6174 	EXP 	New trial (rep=32, index=123): <Trial 123 (123 in rep 32) data={'pos': np.int64(50), 'corr_resp': 'c', 'thisN': 123, 'thisTrialN': 123, 'thisRepN': 32}>
886.6189 	DATA 	Keypress: x
886.6329 	EXP 	fixation_2: autoDraw = False
886.6329 	EXP 	line_1: autoDraw = False
886.6329 	EXP 	line_2: autoDraw = False
886.6329 	EXP 	line_3: autoDraw = False
886.6329 	EXP 	line_4: autoDraw = False
886.6329 	EXP 	probe_2: autoDraw = False
886.6329 	EXP 	fixation_2: autoDraw = True
886.7005 	EXP 	Device response: <KeyPress from None: t=886.6033816999989, value=x, duration=0.09256790002109483>
887.6172 	EXP 	line_1: autoDraw = True
887.6172 	EXP 	line_2: autoDraw = True
887.6172 	EXP 	line_3: autoDraw = True
887.6172 	EXP 	line_4: autoDraw = True
887.6336 	EXP 	fixation_2: autoDraw = False
888.6339 	INFO 	Keyboard events cleared
888.6337 	EXP 	probe_2: autoDraw = True
889.6333 	EXP 	Device response: <KeyPress from None: t=889.6240446000011, value=c, duration=None>
889.6336 	EXP 	New trial (rep=26, index=124): <Trial 124 (124 in rep 26) data={'pos': np.int64(-150), 'corr_resp': 'z', 'thisN': 124, 'thisTrialN': 124, 'thisRepN': 26}>
889.6350 	DATA 	Keypress: c
889.6497 	EXP 	fixation_2: autoDraw = False
889.6497 	EXP 	line_1: autoDraw = False
889.6497 	EXP 	line_2: autoDraw = False
889.6497 	EXP 	line_3: autoDraw = False
889.6497 	EXP 	line_4: autoDraw = False
889.6497 	EXP 	probe_2: autoDraw = False
889.6497 	EXP 	fixation_2: autoDraw = True
889.7160 	EXP 	Device response: <KeyPress from None: t=889.6240446000011, value=c, duration=0.07814009999856353>
890.6507 	EXP 	fixation_2: autoDraw = False
890.6507 	EXP 	line_1: autoDraw = True
890.6507 	EXP 	line_2: autoDraw = True
890.6507 	EXP 	line_3: autoDraw = True
890.6507 	EXP 	line_4: autoDraw = True
891.6334 	INFO 	Keyboard events cleared
891.6332 	EXP 	probe_2: autoDraw = True
892.6698 	DATA 	Keypress: z
892.6827 	EXP 	Device response: <KeyPress from None: t=892.6680318000144, value=z, duration=None>
892.6832 	EXP 	New trial (rep=27, index=125): <Trial 125 (125 in rep 27) data={'pos': np.int64(-150), 'corr_resp': 'z', 'thisN': 125, 'thisTrialN': 125, 'thisRepN': 27}>
892.7004 	EXP 	fixation_2: autoDraw = False
892.7004 	EXP 	line_1: autoDraw = False
892.7004 	EXP 	line_2: autoDraw = False
892.7004 	EXP 	line_3: autoDraw = False
892.7004 	EXP 	line_4: autoDraw = False
892.7004 	EXP 	probe_2: autoDraw = False
892.7004 	EXP 	fixation_2: autoDraw = True
892.7510 	EXP 	Device response: <KeyPress from None: t=892.6680318000144, value=z, duration=0.07697739999275655>
893.6840 	EXP 	line_1: autoDraw = True
893.6840 	EXP 	line_2: autoDraw = True
893.6840 	EXP 	line_3: autoDraw = True
893.6840 	EXP 	line_4: autoDraw = True
893.6997 	EXP 	fixation_2: autoDraw = False
894.6829 	INFO 	Keyboard events cleared
894.6827 	EXP 	probe_2: autoDraw = True
896.0348 	EXP 	Device response: <KeyPress from None: t=896.0219868000131, value=z, duration=None>
896.0353 	EXP 	New trial (rep=33, index=126): <Trial 126 (126 in rep 33) data={'pos': np.int64(50), 'corr_resp': 'c', 'thisN': 126, 'thisTrialN': 126, 'thisRepN': 33}>
896.0369 	DATA 	Keypress: z
896.0488 	EXP 	fixation_2: autoDraw = False
896.0488 	EXP 	line_1: autoDraw = False
896.0488 	EXP 	line_2: autoDraw = False
896.0488 	EXP 	line_3: autoDraw = False
896.0488 	EXP 	line_4: autoDraw = False
896.0488 	EXP 	probe_2: autoDraw = False
896.0488 	EXP 	fixation_2: autoDraw = True
896.1012 	EXP 	Device response: <KeyPress from None: t=896.0219868000131, value=z, duration=0.07108959998004138>
897.0508 	EXP 	fixation_2: autoDraw = False
897.0508 	EXP 	line_1: autoDraw = True
897.0508 	EXP 	line_2: autoDraw = True
897.0508 	EXP 	line_3: autoDraw = True
897.0508 	EXP 	line_4: autoDraw = True
898.0509 	INFO 	Keyboard events cleared
898.0507 	EXP 	probe_2: autoDraw = True
900.1009 	EXP 	Device response: <KeyPress from None: t=900.093606200011, value=c, duration=None>
900.1013 	EXP 	New trial (rep=28, index=127): <Trial 127 (127 in rep 28) data={'pos': np.int64(-150), 'corr_resp': 'z', 'thisN': 127, 'thisTrialN': 127, 'thisRepN': 28}>
900.1032 	DATA 	Keypress: c
900.1155 	EXP 	fixation_2: autoDraw = False
900.1155 	EXP 	line_1: autoDraw = False
900.1155 	EXP 	line_2: autoDraw = False
900.1155 	EXP 	line_3: autoDraw = False
900.1155 	EXP 	line_4: autoDraw = False
900.1155 	EXP 	probe_2: autoDraw = False
900.1155 	EXP 	fixation_2: autoDraw = True
900.1847 	EXP 	Device response: <KeyPress from None: t=900.093606200011, value=c, duration=0.07917450001696125>
901.1007 	EXP 	line_1: autoDraw = True
901.1007 	EXP 	line_2: autoDraw = True
901.1007 	EXP 	line_3: autoDraw = True
901.1007 	EXP 	line_4: autoDraw = True
901.1176 	EXP 	fixation_2: autoDraw = False
902.1174 	INFO 	Keyboard events cleared
902.1172 	EXP 	probe_2: autoDraw = True
903.0370 	DATA 	Keypress: z
903.0511 	EXP 	Device response: <KeyPress from None: t=903.0361000000266, value=z, duration=None>
903.0515 	EXP 	New trial (rep=33, index=128): <Trial 128 (128 in rep 33) data={'pos': np.int64(-50), 'corr_resp': 'x', 'thisN': 128, 'thisTrialN': 128, 'thisRepN': 33}>
903.0664 	EXP 	fixation_2: autoDraw = False
903.0664 	EXP 	line_1: autoDraw = False
903.0664 	EXP 	line_2: autoDraw = False
903.0664 	EXP 	line_3: autoDraw = False
903.0664 	EXP 	line_4: autoDraw = False
903.0664 	EXP 	probe_2: autoDraw = False
903.0664 	EXP 	fixation_2: autoDraw = True
903.1173 	EXP 	Device response: <KeyPress from None: t=903.0361000000266, value=z, duration=0.07188750000204891>
904.0505 	EXP 	line_1: autoDraw = True
904.0505 	EXP 	line_2: autoDraw = True
904.0505 	EXP 	line_3: autoDraw = True
904.0505 	EXP 	line_4: autoDraw = True
904.0664 	EXP 	fixation_2: autoDraw = False
905.0509 	INFO 	Keyboard events cleared
905.0507 	EXP 	probe_2: autoDraw = True
906.1670 	EXP 	Device response: <KeyPress from None: t=906.1540546999895, value=x, duration=None>
906.1674 	EXP 	New trial (rep=29, index=129): <Trial 129 (129 in rep 29) data={'pos': np.int64(-150), 'corr_resp': 'z', 'thisN': 129, 'thisTrialN': 129, 'thisRepN': 29}>
906.1688 	DATA 	Keypress: x
906.1830 	EXP 	fixation_2: autoDraw = False
906.1830 	EXP 	line_1: autoDraw = False
906.1830 	EXP 	line_2: autoDraw = False
906.1830 	EXP 	line_3: autoDraw = False
906.1830 	EXP 	line_4: autoDraw = False
906.1830 	EXP 	probe_2: autoDraw = False
906.1830 	EXP 	fixation_2: autoDraw = True
906.2343 	EXP 	Device response: <KeyPress from None: t=906.1540546999895, value=x, duration=0.07786570000462234>
907.1669 	EXP 	line_1: autoDraw = True
907.1669 	EXP 	line_2: autoDraw = True
907.1669 	EXP 	line_3: autoDraw = True
907.1669 	EXP 	line_4: autoDraw = True
907.1838 	EXP 	fixation_2: autoDraw = False
908.1670 	INFO 	Keyboard events cleared
908.1669 	EXP 	probe_2: autoDraw = True
908.8842 	EXP 	Device response: <KeyPress from None: t=908.8703839000082, value=z, duration=None>
908.8845 	EXP 	New trial (rep=34, index=130): <Trial 130 (130 in rep 34) data={'pos': np.int64(50), 'corr_resp': 'c', 'thisN': 130, 'thisTrialN': 130, 'thisRepN': 34}>
908.8860 	DATA 	Keypress: z
908.9006 	EXP 	fixation_2: autoDraw = False
908.9006 	EXP 	line_1: autoDraw = False
908.9006 	EXP 	line_2: autoDraw = False
908.9006 	EXP 	line_3: autoDraw = False
908.9006 	EXP 	line_4: autoDraw = False
908.9006 	EXP 	probe_2: autoDraw = False
908.9006 	EXP 	fixation_2: autoDraw = True
908.9679 	EXP 	Device response: <KeyPress from None: t=908.8703839000082, value=z, duration=0.08456940000178292>
909.8835 	EXP 	line_1: autoDraw = True
909.8835 	EXP 	line_2: autoDraw = True
909.8835 	EXP 	line_3: autoDraw = True
909.8835 	EXP 	line_4: autoDraw = True
909.9003 	EXP 	fixation_2: autoDraw = False
910.8841 	INFO 	Keyboard events cleared
910.8839 	EXP 	probe_2: autoDraw = True
912.2491 	EXP 	Device response: <KeyPress from None: t=912.2482249999885, value=c, duration=None>
912.2495 	EXP 	New trial (rep=30, index=131): <Trial 131 (131 in rep 30) data={'pos': np.int64(-150), 'corr_resp': 'z', 'thisN': 131, 'thisTrialN': 131, 'thisRepN': 30}>
912.2509 	DATA 	Keypress: c
912.2661 	EXP 	fixation_2: autoDraw = False
912.2661 	EXP 	line_1: autoDraw = False
912.2661 	EXP 	line_2: autoDraw = False
912.2661 	EXP 	line_3: autoDraw = False
912.2661 	EXP 	line_4: autoDraw = False
912.2661 	EXP 	probe_2: autoDraw = False
912.2661 	EXP 	fixation_2: autoDraw = True
912.3345 	EXP 	Device response: <KeyPress from None: t=912.2482249999885, value=c, duration=0.08137740002712235>
913.2510 	EXP 	line_1: autoDraw = True
913.2510 	EXP 	line_2: autoDraw = True
913.2510 	EXP 	line_3: autoDraw = True
913.2510 	EXP 	line_4: autoDraw = True
913.2680 	EXP 	fixation_2: autoDraw = False
914.2511 	INFO 	Keyboard events cleared
914.2509 	EXP 	probe_2: autoDraw = True
915.4167 	EXP 	Device response: <KeyPress from None: t=915.4066265000147, value=z, duration=None>
915.4170 	EXP 	New trial (rep=32, index=132): <Trial 132 (132 in rep 32) data={'pos': np.int64(150), 'corr_resp': 'v', 'thisN': 132, 'thisTrialN': 132, 'thisRepN': 32}>
915.4186 	DATA 	Keypress: z
915.4332 	EXP 	fixation_2: autoDraw = False
915.4332 	EXP 	line_1: autoDraw = False
915.4332 	EXP 	line_2: autoDraw = False
915.4332 	EXP 	line_3: autoDraw = False
915.4332 	EXP 	line_4: autoDraw = False
915.4332 	EXP 	probe_2: autoDraw = False
915.4332 	EXP 	fixation_2: autoDraw = True
915.5010 	EXP 	Device response: <KeyPress from None: t=915.4066265000147, value=z, duration=0.091242800001055>
916.4163 	EXP 	line_1: autoDraw = True
916.4163 	EXP 	line_2: autoDraw = True
916.4163 	EXP 	line_3: autoDraw = True
916.4163 	EXP 	line_4: autoDraw = True
916.4344 	EXP 	fixation_2: autoDraw = False
917.4178 	INFO 	Keyboard events cleared
917.4176 	EXP 	probe_2: autoDraw = True
918.5038 	DATA 	Keypress: v
918.5172 	EXP 	Device response: <KeyPress from None: t=918.5031534999725, value=v, duration=None>
918.5175 	EXP 	New trial (rep=34, index=133): <Trial 133 (133 in rep 34) data={'pos': np.int64(-50), 'corr_resp': 'x', 'thisN': 133, 'thisTrialN': 133, 'thisRepN': 34}>
918.5342 	EXP 	fixation_2: autoDraw = False
918.5342 	EXP 	line_1: autoDraw = False
918.5342 	EXP 	line_2: autoDraw = False
918.5342 	EXP 	line_3: autoDraw = False
918.5342 	EXP 	line_4: autoDraw = False
918.5342 	EXP 	probe_2: autoDraw = False
918.5342 	EXP 	fixation_2: autoDraw = True
918.6009 	EXP 	Device response: <KeyPress from None: t=918.5031534999725, value=v, duration=0.08858999999938533>
919.5176 	EXP 	line_1: autoDraw = True
919.5176 	EXP 	line_2: autoDraw = True
919.5176 	EXP 	line_3: autoDraw = True
919.5176 	EXP 	line_4: autoDraw = True
919.5340 	EXP 	fixation_2: autoDraw = False
920.5179 	INFO 	Keyboard events cleared
920.5177 	EXP 	probe_2: autoDraw = True
921.7682 	EXP 	Device response: <KeyPress from None: t=921.7623072999995, value=x, duration=None>
921.7687 	EXP 	New trial (rep=31, index=134): <Trial 134 (134 in rep 31) data={'pos': np.int64(-150), 'corr_resp': 'z', 'thisN': 134, 'thisTrialN': 134, 'thisRepN': 31}>
921.7704 	DATA 	Keypress: x
921.7827 	EXP 	fixation_2: autoDraw = False
921.7827 	EXP 	line_1: autoDraw = False
921.7827 	EXP 	line_2: autoDraw = False
921.7827 	EXP 	line_3: autoDraw = False
921.7827 	EXP 	line_4: autoDraw = False
921.7827 	EXP 	probe_2: autoDraw = False
921.7827 	EXP 	fixation_2: autoDraw = True
921.8678 	EXP 	Device response: <KeyPress from None: t=921.7623072999995, value=x, duration=0.09072859998559579>
922.7678 	EXP 	line_1: autoDraw = True
922.7678 	EXP 	line_2: autoDraw = True
922.7678 	EXP 	line_3: autoDraw = True
922.7678 	EXP 	line_4: autoDraw = True
922.7839 	EXP 	fixation_2: autoDraw = False
923.7846 	INFO 	Keyboard events cleared
923.7844 	EXP 	probe_2: autoDraw = True
925.2007 	EXP 	Device response: <KeyPress from None: t=925.1862713000155, value=z, duration=None>
925.2011 	EXP 	New trial (rep=35, index=135): <Trial 135 (135 in rep 35) data={'pos': np.int64(-50), 'corr_resp': 'x', 'thisN': 135, 'thisTrialN': 135, 'thisRepN': 35}>
925.2024 	DATA 	Keypress: z
925.2168 	EXP 	fixation_2: autoDraw = False
925.2168 	EXP 	line_1: autoDraw = False
925.2168 	EXP 	line_2: autoDraw = False
925.2168 	EXP 	line_3: autoDraw = False
925.2168 	EXP 	line_4: autoDraw = False
925.2168 	EXP 	probe_2: autoDraw = False
925.2168 	EXP 	fixation_2: autoDraw = True
925.2851 	EXP 	Device response: <KeyPress from None: t=925.1862713000155, value=z, duration=0.08729669998865575>
926.2008 	EXP 	line_1: autoDraw = True
926.2008 	EXP 	line_2: autoDraw = True
926.2008 	EXP 	line_3: autoDraw = True
926.2008 	EXP 	line_4: autoDraw = True
926.2176 	EXP 	fixation_2: autoDraw = False
927.2014 	INFO 	Keyboard events cleared
927.2012 	EXP 	probe_2: autoDraw = True
928.1366 	DATA 	Keypress: x
928.1512 	EXP 	Device response: <KeyPress from None: t=928.135221900011, value=x, duration=None>
928.1515 	EXP 	New trial (rep=33, index=136): <Trial 136 (136 in rep 33) data={'pos': np.int64(150), 'corr_resp': 'v', 'thisN': 136, 'thisTrialN': 136, 'thisRepN': 33}>
928.1679 	EXP 	fixation_2: autoDraw = False
928.1679 	EXP 	line_1: autoDraw = False
928.1679 	EXP 	line_2: autoDraw = False
928.1679 	EXP 	line_3: autoDraw = False
928.1679 	EXP 	line_4: autoDraw = False
928.1679 	EXP 	probe_2: autoDraw = False
928.1679 	EXP 	fixation_2: autoDraw = True
928.2342 	EXP 	Device response: <KeyPress from None: t=928.135221900011, value=x, duration=0.09652189997723326>
929.1680 	EXP 	fixation_2: autoDraw = False
929.1680 	EXP 	line_1: autoDraw = True
929.1680 	EXP 	line_2: autoDraw = True
929.1680 	EXP 	line_3: autoDraw = True
929.1680 	EXP 	line_4: autoDraw = True
930.1681 	INFO 	Keyboard events cleared
930.1679 	EXP 	probe_2: autoDraw = True
931.4847 	EXP 	Device response: <KeyPress from None: t=931.4720050999895, value=v, duration=None>
931.4851 	EXP 	New trial (rep=35, index=137): <Trial 137 (137 in rep 35) data={'pos': np.int64(50), 'corr_resp': 'c', 'thisN': 137, 'thisTrialN': 137, 'thisRepN': 35}>
931.4865 	DATA 	Keypress: v
931.5015 	EXP 	fixation_2: autoDraw = False
931.5015 	EXP 	line_1: autoDraw = False
931.5015 	EXP 	line_2: autoDraw = False
931.5015 	EXP 	line_3: autoDraw = False
931.5015 	EXP 	line_4: autoDraw = False
931.5015 	EXP 	probe_2: autoDraw = False
931.5015 	EXP 	fixation_2: autoDraw = True
931.5504 	EXP 	Device response: <KeyPress from None: t=931.4720050999895, value=v, duration=0.07646380004007369>
932.4842 	EXP 	line_1: autoDraw = True
932.4842 	EXP 	line_2: autoDraw = True
932.4842 	EXP 	line_3: autoDraw = True
932.4842 	EXP 	line_4: autoDraw = True
932.5013 	EXP 	fixation_2: autoDraw = False
933.4844 	INFO 	Keyboard events cleared
933.4842 	EXP 	probe_2: autoDraw = True
934.9672 	EXP 	Device response: <KeyPress from None: t=934.9647885999875, value=c, duration=None>
934.9676 	EXP 	New trial (rep=32, index=138): <Trial 138 (138 in rep 32) data={'pos': np.int64(-150), 'corr_resp': 'z', 'thisN': 138, 'thisTrialN': 138, 'thisRepN': 32}>
934.9689 	DATA 	Keypress: c
934.9841 	EXP 	fixation_2: autoDraw = False
934.9841 	EXP 	line_1: autoDraw = False
934.9841 	EXP 	line_2: autoDraw = False
934.9841 	EXP 	line_3: autoDraw = False
934.9841 	EXP 	line_4: autoDraw = False
934.9841 	EXP 	probe_2: autoDraw = False
934.9841 	EXP 	fixation_2: autoDraw = True
935.0514 	EXP 	Device response: <KeyPress from None: t=934.9647885999875, value=c, duration=0.08072040003025904>
935.9665 	EXP 	line_1: autoDraw = True
935.9665 	EXP 	line_2: autoDraw = True
935.9665 	EXP 	line_3: autoDraw = True
935.9665 	EXP 	line_4: autoDraw = True
935.9836 	EXP 	fixation_2: autoDraw = False
936.9683 	INFO 	Keyboard events cleared
936.9680 	EXP 	probe_2: autoDraw = True
937.7837 	EXP 	Device response: <KeyPress from None: t=937.7730674999766, value=z, duration=None>
937.7841 	EXP 	New trial (rep=34, index=139): <Trial 139 (139 in rep 34) data={'pos': np.int64(150), 'corr_resp': 'v', 'thisN': 139, 'thisTrialN': 139, 'thisRepN': 34}>
937.7854 	DATA 	Keypress: z
937.8003 	EXP 	fixation_2: autoDraw = False
937.8003 	EXP 	line_1: autoDraw = False
937.8003 	EXP 	line_2: autoDraw = False
937.8003 	EXP 	line_3: autoDraw = False
937.8003 	EXP 	line_4: autoDraw = False
937.8003 	EXP 	probe_2: autoDraw = False
937.8003 	EXP 	fixation_2: autoDraw = True
937.8512 	EXP 	Device response: <KeyPress from None: t=937.7730674999766, value=z, duration=0.06288830004632473>
938.7843 	EXP 	line_1: autoDraw = True
938.7843 	EXP 	line_2: autoDraw = True
938.7843 	EXP 	line_3: autoDraw = True
938.7843 	EXP 	line_4: autoDraw = True
938.8011 	EXP 	fixation_2: autoDraw = False
939.7846 	INFO 	Keyboard events cleared
939.7844 	EXP 	probe_2: autoDraw = True
941.5176 	EXP 	Device response: <KeyPress from None: t=941.504230600025, value=v, duration=None>
941.5180 	EXP 	New trial (rep=35, index=140): <Trial 140 (140 in rep 35) data={'pos': np.int64(150), 'corr_resp': 'v', 'thisN': 140, 'thisTrialN': 140, 'thisRepN': 35}>
941.5194 	DATA 	Keypress: v
941.5349 	EXP 	fixation_2: autoDraw = False
941.5349 	EXP 	line_1: autoDraw = False
941.5349 	EXP 	line_2: autoDraw = False
941.5349 	EXP 	line_3: autoDraw = False
941.5349 	EXP 	line_4: autoDraw = False
941.5349 	EXP 	probe_2: autoDraw = False
941.5349 	EXP 	fixation_2: autoDraw = True
941.6344 	EXP 	Device response: <KeyPress from None: t=941.504230600025, value=v, duration=0.1163169999490492>
942.5169 	EXP 	line_1: autoDraw = True
942.5169 	EXP 	line_2: autoDraw = True
942.5169 	EXP 	line_3: autoDraw = True
942.5169 	EXP 	line_4: autoDraw = True
942.5515 	EXP 	fixation_2: autoDraw = False
943.5184 	INFO 	Keyboard events cleared
943.5182 	EXP 	probe_2: autoDraw = True
944.9016 	EXP 	Device response: <KeyPress from None: t=944.8998588999966, value=v, duration=None>
944.9019 	EXP 	New trial (rep=36, index=141): <Trial 141 (141 in rep 36) data={'pos': np.int64(-50), 'corr_resp': 'x', 'thisN': 141, 'thisTrialN': 141, 'thisRepN': 36}>
944.9033 	DATA 	Keypress: v
944.9165 	EXP 	fixation_2: autoDraw = False
944.9165 	EXP 	line_1: autoDraw = False
944.9165 	EXP 	line_2: autoDraw = False
944.9165 	EXP 	line_3: autoDraw = False
944.9165 	EXP 	line_4: autoDraw = False
944.9165 	EXP 	probe_2: autoDraw = False
944.9165 	EXP 	fixation_2: autoDraw = True
944.9841 	EXP 	Device response: <KeyPress from None: t=944.8998588999966, value=v, duration=0.06795719999354333>
945.9014 	EXP 	line_1: autoDraw = True
945.9014 	EXP 	line_2: autoDraw = True
945.9014 	EXP 	line_3: autoDraw = True
945.9014 	EXP 	line_4: autoDraw = True
945.9183 	EXP 	fixation_2: autoDraw = False
946.9010 	INFO 	Keyboard events cleared
946.9008 	EXP 	probe_2: autoDraw = True
948.3515 	EXP 	Device response: <KeyPress from None: t=948.345587000018, value=x, duration=None>
948.3519 	EXP 	New trial (rep=36, index=142): <Trial 142 (142 in rep 36) data={'pos': np.int64(50), 'corr_resp': 'c', 'thisN': 142, 'thisTrialN': 142, 'thisRepN': 36}>
948.3533 	DATA 	Keypress: x
948.3669 	EXP 	fixation_2: autoDraw = False
948.3669 	EXP 	line_1: autoDraw = False
948.3669 	EXP 	line_2: autoDraw = False
948.3669 	EXP 	line_3: autoDraw = False
948.3669 	EXP 	line_4: autoDraw = False
948.3669 	EXP 	probe_2: autoDraw = False
948.3669 	EXP 	fixation_2: autoDraw = True
948.4517 	EXP 	Device response: <KeyPress from None: t=948.345587000018, value=x, duration=0.1017664999817498>
949.3679 	EXP 	fixation_2: autoDraw = False
949.3679 	EXP 	line_1: autoDraw = True
949.3679 	EXP 	line_2: autoDraw = True
949.3679 	EXP 	line_3: autoDraw = True
949.3679 	EXP 	line_4: autoDraw = True
950.3506 	INFO 	Keyboard events cleared
950.3505 	EXP 	probe_2: autoDraw = True
952.4511 	EXP 	Device response: <KeyPress from None: t=952.4367674000096, value=c, duration=None>
952.4515 	EXP 	New trial (rep=37, index=143): <Trial 143 (143 in rep 37) data={'pos': np.int64(50), 'corr_resp': 'c', 'thisN': 143, 'thisTrialN': 143, 'thisRepN': 37}>
952.4528 	DATA 	Keypress: c
952.4675 	EXP 	fixation_2: autoDraw = False
952.4675 	EXP 	line_1: autoDraw = False
952.4675 	EXP 	line_2: autoDraw = False
952.4675 	EXP 	line_3: autoDraw = False
952.4675 	EXP 	line_4: autoDraw = False
952.4675 	EXP 	probe_2: autoDraw = False
952.4675 	EXP 	fixation_2: autoDraw = True
952.5336 	EXP 	Device response: <KeyPress from None: t=952.4367674000096, value=c, duration=0.0831645000143908>
953.4518 	EXP 	line_1: autoDraw = True
953.4518 	EXP 	line_2: autoDraw = True
953.4518 	EXP 	line_3: autoDraw = True
953.4518 	EXP 	line_4: autoDraw = True
953.4682 	EXP 	fixation_2: autoDraw = False
954.4515 	INFO 	Keyboard events cleared
954.4513 	EXP 	probe_2: autoDraw = True
956.0186 	EXP 	Device response: <KeyPress from None: t=956.0133399000042, value=c, duration=None>
956.0191 	EXP 	New trial (rep=33, index=144): <Trial 144 (144 in rep 33) data={'pos': np.int64(-150), 'corr_resp': 'z', 'thisN': 144, 'thisTrialN': 144, 'thisRepN': 33}>
956.0209 	DATA 	Keypress: c
956.0336 	EXP 	fixation_2: autoDraw = False
956.0336 	EXP 	line_1: autoDraw = False
956.0336 	EXP 	line_2: autoDraw = False
956.0336 	EXP 	line_3: autoDraw = False
956.0336 	EXP 	line_4: autoDraw = False
956.0336 	EXP 	probe_2: autoDraw = False
956.0336 	EXP 	fixation_2: autoDraw = True
956.1010 	EXP 	Device response: <KeyPress from None: t=956.0133399000042, value=c, duration=0.07753339997725561>
957.0183 	EXP 	line_1: autoDraw = True
957.0183 	EXP 	line_2: autoDraw = True
957.0183 	EXP 	line_3: autoDraw = True
957.0183 	EXP 	line_4: autoDraw = True
957.0348 	EXP 	fixation_2: autoDraw = False
958.0345 	INFO 	Keyboard events cleared
958.0343 	EXP 	probe_2: autoDraw = True
958.9012 	EXP 	Device response: <KeyPress from None: t=958.8898130999878, value=z, duration=None>
958.9017 	EXP 	New trial (rep=34, index=145): <Trial 145 (145 in rep 34) data={'pos': np.int64(-150), 'corr_resp': 'z', 'thisN': 145, 'thisTrialN': 145, 'thisRepN': 34}>
958.9031 	DATA 	Keypress: z
958.9179 	EXP 	fixation_2: autoDraw = False
958.9179 	EXP 	line_1: autoDraw = False
958.9179 	EXP 	line_2: autoDraw = False
958.9179 	EXP 	line_3: autoDraw = False
958.9179 	EXP 	line_4: autoDraw = False
958.9179 	EXP 	probe_2: autoDraw = False
958.9179 	EXP 	fixation_2: autoDraw = True
958.9854 	EXP 	Device response: <KeyPress from None: t=958.8898130999878, value=z, duration=0.08469829999376088>
959.9016 	EXP 	line_1: autoDraw = True
959.9016 	EXP 	line_2: autoDraw = True
959.9016 	EXP 	line_3: autoDraw = True
959.9016 	EXP 	line_4: autoDraw = True
959.9186 	EXP 	fixation_2: autoDraw = False
960.9012 	INFO 	Keyboard events cleared
960.9010 	EXP 	probe_2: autoDraw = True
961.7512 	EXP 	Device response: <KeyPress from None: t=961.7471313999849, value=z, duration=None>
961.7516 	EXP 	New trial (rep=38, index=146): <Trial 146 (146 in rep 38) data={'pos': np.int64(50), 'corr_resp': 'c', 'thisN': 146, 'thisTrialN': 146, 'thisRepN': 38}>
961.7533 	DATA 	Keypress: z
961.7674 	EXP 	fixation_2: autoDraw = False
961.7674 	EXP 	line_1: autoDraw = False
961.7674 	EXP 	line_2: autoDraw = False
961.7674 	EXP 	line_3: autoDraw = False
961.7674 	EXP 	line_4: autoDraw = False
961.7674 	EXP 	probe_2: autoDraw = False
961.7674 	EXP 	fixation_2: autoDraw = True
961.8337 	EXP 	Device response: <KeyPress from None: t=961.7471313999849, value=z, duration=0.08550540002761409>
962.7516 	EXP 	line_1: autoDraw = True
962.7516 	EXP 	line_2: autoDraw = True
962.7516 	EXP 	line_3: autoDraw = True
962.7516 	EXP 	line_4: autoDraw = True
962.7681 	EXP 	fixation_2: autoDraw = False
963.7521 	INFO 	Keyboard events cleared
963.7518 	EXP 	probe_2: autoDraw = True
965.5192 	EXP 	Device response: <KeyPress from None: t=965.5065535000176, value=c, duration=None>
965.5196 	EXP 	New trial (rep=35, index=147): <Trial 147 (147 in rep 35) data={'pos': np.int64(-150), 'corr_resp': 'z', 'thisN': 147, 'thisTrialN': 147, 'thisRepN': 35}>
965.5210 	DATA 	Keypress: c
965.5340 	EXP 	fixation_2: autoDraw = False
965.5340 	EXP 	line_1: autoDraw = False
965.5340 	EXP 	line_2: autoDraw = False
965.5340 	EXP 	line_3: autoDraw = False
965.5340 	EXP 	line_4: autoDraw = False
965.5340 	EXP 	probe_2: autoDraw = False
965.5340 	EXP 	fixation_2: autoDraw = True
965.5851 	EXP 	Device response: <KeyPress from None: t=965.5065535000176, value=c, duration=0.07409439998446032>
966.5348 	EXP 	fixation_2: autoDraw = False
966.5348 	EXP 	line_1: autoDraw = True
966.5348 	EXP 	line_2: autoDraw = True
966.5348 	EXP 	line_3: autoDraw = True
966.5348 	EXP 	line_4: autoDraw = True
967.5186 	INFO 	Keyboard events cleared
967.5184 	EXP 	probe_2: autoDraw = True
968.2507 	EXP 	Device response: <KeyPress from None: t=968.2431263999897, value=z, duration=None>
968.2510 	EXP 	New trial (rep=39, index=148): <Trial 148 (148 in rep 39) data={'pos': np.int64(50), 'corr_resp': 'c', 'thisN': 148, 'thisTrialN': 148, 'thisRepN': 39}>
968.2526 	DATA 	Keypress: z
968.2674 	EXP 	fixation_2: autoDraw = False
968.2674 	EXP 	line_1: autoDraw = False
968.2674 	EXP 	line_2: autoDraw = False
968.2674 	EXP 	line_3: autoDraw = False
968.2674 	EXP 	line_4: autoDraw = False
968.2674 	EXP 	probe_2: autoDraw = False
968.2674 	EXP 	fixation_2: autoDraw = True
968.3349 	EXP 	Device response: <KeyPress from None: t=968.2431263999897, value=z, duration=0.07493400003295392>
969.2513 	EXP 	line_1: autoDraw = True
969.2513 	EXP 	line_2: autoDraw = True
969.2513 	EXP 	line_3: autoDraw = True
969.2513 	EXP 	line_4: autoDraw = True
969.2667 	EXP 	fixation_2: autoDraw = False
970.2521 	INFO 	Keyboard events cleared
970.2519 	EXP 	probe_2: autoDraw = True
972.1019 	EXP 	Device response: <KeyPress from None: t=972.0929990999866, value=c, duration=None>
972.1025 	EXP 	New trial (rep=36, index=149): <Trial 149 (149 in rep 36) data={'pos': np.int64(-150), 'corr_resp': 'z', 'thisN': 149, 'thisTrialN': 149, 'thisRepN': 36}>
972.1042 	DATA 	Keypress: c
972.1184 	EXP 	fixation_2: autoDraw = False
972.1184 	EXP 	line_1: autoDraw = False
972.1184 	EXP 	line_2: autoDraw = False
972.1184 	EXP 	line_3: autoDraw = False
972.1184 	EXP 	line_4: autoDraw = False
972.1184 	EXP 	probe_2: autoDraw = False
972.1184 	EXP 	fixation_2: autoDraw = True
972.1849 	EXP 	Device response: <KeyPress from None: t=972.0929990999866, value=c, duration=0.07734499999787658>
973.1015 	EXP 	line_1: autoDraw = True
973.1015 	EXP 	line_2: autoDraw = True
973.1015 	EXP 	line_3: autoDraw = True
973.1015 	EXP 	line_4: autoDraw = True
973.1181 	EXP 	fixation_2: autoDraw = False
974.1022 	INFO 	Keyboard events cleared
974.1020 	EXP 	probe_2: autoDraw = True
974.8676 	EXP 	Device response: <KeyPress from None: t=974.8650883000228, value=z, duration=None>
974.8679 	EXP 	New trial (rep=37, index=150): <Trial 150 (150 in rep 37) data={'pos': np.int64(-50), 'corr_resp': 'x', 'thisN': 150, 'thisTrialN': 150, 'thisRepN': 37}>
974.8693 	DATA 	Keypress: z
974.8843 	EXP 	fixation_2: autoDraw = False
974.8843 	EXP 	line_1: autoDraw = False
974.8843 	EXP 	line_2: autoDraw = False
974.8843 	EXP 	line_3: autoDraw = False
974.8843 	EXP 	line_4: autoDraw = False
974.8843 	EXP 	probe_2: autoDraw = False
974.8843 	EXP 	fixation_2: autoDraw = True
974.9515 	EXP 	Device response: <KeyPress from None: t=974.8650883000228, value=z, duration=0.07568899996113032>
975.8673 	EXP 	line_1: autoDraw = True
975.8673 	EXP 	line_2: autoDraw = True
975.8673 	EXP 	line_3: autoDraw = True
975.8673 	EXP 	line_4: autoDraw = True
975.8853 	EXP 	fixation_2: autoDraw = False
976.8682 	INFO 	Keyboard events cleared
976.8680 	EXP 	probe_2: autoDraw = True
977.7020 	EXP 	Device response: <KeyPress from None: t=977.6996515999781, value=x, duration=None>
977.7024 	EXP 	New trial (rep=36, index=151): <Trial 151 (151 in rep 36) data={'pos': np.int64(150), 'corr_resp': 'v', 'thisN': 151, 'thisTrialN': 151, 'thisRepN': 36}>
977.7039 	DATA 	Keypress: x
977.7174 	EXP 	fixation_2: autoDraw = False
977.7174 	EXP 	line_1: autoDraw = False
977.7174 	EXP 	line_2: autoDraw = False
977.7174 	EXP 	line_3: autoDraw = False
977.7174 	EXP 	line_4: autoDraw = False
977.7174 	EXP 	probe_2: autoDraw = False
977.7174 	EXP 	fixation_2: autoDraw = True
977.7845 	EXP 	Device response: <KeyPress from None: t=977.6996515999781, value=x, duration=0.08317350002471358>
978.7182 	EXP 	fixation_2: autoDraw = False
978.7182 	EXP 	line_1: autoDraw = True
978.7182 	EXP 	line_2: autoDraw = True
978.7182 	EXP 	line_3: autoDraw = True
978.7182 	EXP 	line_4: autoDraw = True
979.7023 	INFO 	Keyboard events cleared
979.7021 	EXP 	probe_2: autoDraw = True
980.6845 	EXP 	Device response: <KeyPress from None: t=980.6714712000103, value=v, duration=None>
980.6848 	EXP 	New trial (rep=40, index=152): <Trial 152 (152 in rep 40) data={'pos': np.int64(50), 'corr_resp': 'c', 'thisN': 152, 'thisTrialN': 152, 'thisRepN': 40}>
980.6861 	DATA 	Keypress: v
980.7016 	EXP 	fixation_2: autoDraw = False
980.7016 	EXP 	line_1: autoDraw = False
980.7016 	EXP 	line_2: autoDraw = False
980.7016 	EXP 	line_3: autoDraw = False
980.7016 	EXP 	line_4: autoDraw = False
980.7016 	EXP 	probe_2: autoDraw = False
980.7016 	EXP 	fixation_2: autoDraw = True
980.7528 	EXP 	Device response: <KeyPress from None: t=980.6714712000103, value=v, duration=0.0715768999652937>
981.6842 	EXP 	line_1: autoDraw = True
981.6842 	EXP 	line_2: autoDraw = True
981.6842 	EXP 	line_3: autoDraw = True
981.6842 	EXP 	line_4: autoDraw = True
981.7015 	EXP 	fixation_2: autoDraw = False
982.6841 	INFO 	Keyboard events cleared
982.6839 	EXP 	probe_2: autoDraw = True
983.6543 	DATA 	Keypress: c
983.6675 	EXP 	Device response: <KeyPress from None: t=983.653384300007, value=c, duration=None>
983.6679 	EXP 	New trial (rep=37, index=153): <Trial 153 (153 in rep 37) data={'pos': np.int64(-150), 'corr_resp': 'z', 'thisN': 153, 'thisTrialN': 153, 'thisRepN': 37}>
983.6841 	EXP 	fixation_2: autoDraw = False
983.6841 	EXP 	line_1: autoDraw = False
983.6841 	EXP 	line_2: autoDraw = False
983.6841 	EXP 	line_3: autoDraw = False
983.6841 	EXP 	line_4: autoDraw = False
983.6841 	EXP 	probe_2: autoDraw = False
983.6841 	EXP 	fixation_2: autoDraw = True
983.7348 	EXP 	Device response: <KeyPress from None: t=983.653384300007, value=c, duration=0.07764630002202466>
984.6669 	EXP 	line_1: autoDraw = True
984.6669 	EXP 	line_2: autoDraw = True
984.6669 	EXP 	line_3: autoDraw = True
984.6669 	EXP 	line_4: autoDraw = True
984.6851 	EXP 	fixation_2: autoDraw = False
985.6679 	INFO 	Keyboard events cleared
985.6677 	EXP 	probe_2: autoDraw = True
986.2856 	EXP 	Device response: <KeyPress from None: t=986.2731341000181, value=z, duration=None>
986.2861 	EXP 	New trial (rep=41, index=154): <Trial 154 (154 in rep 41) data={'pos': np.int64(50), 'corr_resp': 'c', 'thisN': 154, 'thisTrialN': 154, 'thisRepN': 41}>
986.2878 	DATA 	Keypress: z
986.3009 	EXP 	fixation_2: autoDraw = False
986.3009 	EXP 	line_1: autoDraw = False
986.3009 	EXP 	line_2: autoDraw = False
986.3009 	EXP 	line_3: autoDraw = False
986.3009 	EXP 	line_4: autoDraw = False
986.3009 	EXP 	probe_2: autoDraw = False
986.3009 	EXP 	fixation_2: autoDraw = True
986.3683 	EXP 	Device response: <KeyPress from None: t=986.2731341000181, value=z, duration=0.08407260000240058>
987.2854 	EXP 	line_1: autoDraw = True
987.2854 	EXP 	line_2: autoDraw = True
987.2854 	EXP 	line_3: autoDraw = True
987.2854 	EXP 	line_4: autoDraw = True
987.3017 	EXP 	fixation_2: autoDraw = False
988.3024 	INFO 	Keyboard events cleared
988.3021 	EXP 	probe_2: autoDraw = True
988.6695 	EXP 	Device response: <KeyPress from None: t=988.6670816999977, value=c, duration=None>
988.6699 	EXP 	New trial (rep=38, index=155): <Trial 155 (155 in rep 38) data={'pos': np.int64(-150), 'corr_resp': 'z', 'thisN': 155, 'thisTrialN': 155, 'thisRepN': 38}>
988.6714 	DATA 	Keypress: c
988.6845 	EXP 	fixation_2: autoDraw = False
988.6845 	EXP 	line_1: autoDraw = False
988.6845 	EXP 	line_2: autoDraw = False
988.6845 	EXP 	line_3: autoDraw = False
988.6845 	EXP 	line_4: autoDraw = False
988.6845 	EXP 	probe_2: autoDraw = False
988.6845 	EXP 	fixation_2: autoDraw = True
988.7854 	EXP 	Device response: <KeyPress from None: t=988.6670816999977, value=c, duration=0.11771790002239868>
989.6692 	EXP 	line_1: autoDraw = True
989.6692 	EXP 	line_2: autoDraw = True
989.6692 	EXP 	line_3: autoDraw = True
989.6692 	EXP 	line_4: autoDraw = True
989.6842 	EXP 	fixation_2: autoDraw = False
990.6847 	INFO 	Keyboard events cleared
990.6845 	EXP 	probe_2: autoDraw = True
992.0698 	EXP 	Device response: <KeyPress from None: t=992.0612942000153, value=z, duration=None>
992.0702 	EXP 	New trial (rep=42, index=156): <Trial 156 (156 in rep 42) data={'pos': np.int64(50), 'corr_resp': 'c', 'thisN': 156, 'thisTrialN': 156, 'thisRepN': 42}>
992.0717 	DATA 	Keypress: z
992.0840 	EXP 	fixation_2: autoDraw = False
992.0840 	EXP 	line_1: autoDraw = False
992.0840 	EXP 	line_2: autoDraw = False
992.0840 	EXP 	line_3: autoDraw = False
992.0840 	EXP 	line_4: autoDraw = False
992.0840 	EXP 	probe_2: autoDraw = False
992.0840 	EXP 	fixation_2: autoDraw = True
992.1185 	EXP 	Device response: <KeyPress from None: t=992.0612942000153, value=z, duration=0.046558499976526946>
993.0687 	EXP 	line_1: autoDraw = True
993.0687 	EXP 	line_2: autoDraw = True
993.0687 	EXP 	line_3: autoDraw = True
993.0687 	EXP 	line_4: autoDraw = True
993.0840 	EXP 	fixation_2: autoDraw = False
994.0857 	INFO 	Keyboard events cleared
994.0855 	EXP 	probe_2: autoDraw = True
995.5534 	DATA 	Keypress: c
995.5679 	EXP 	Device response: <KeyPress from None: t=995.5514458999969, value=c, duration=None>
995.5683 	EXP 	New trial (rep=39, index=157): <Trial 157 (157 in rep 39) data={'pos': np.int64(-150), 'corr_resp': 'z', 'thisN': 157, 'thisTrialN': 157, 'thisRepN': 39}>
995.5844 	EXP 	fixation_2: autoDraw = False
995.5844 	EXP 	line_1: autoDraw = False
995.5844 	EXP 	line_2: autoDraw = False
995.5844 	EXP 	line_3: autoDraw = False
995.5844 	EXP 	line_4: autoDraw = False
995.5844 	EXP 	probe_2: autoDraw = False
995.5844 	EXP 	fixation_2: autoDraw = True
995.6352 	EXP 	Device response: <KeyPress from None: t=995.5514458999969, value=c, duration=0.06769679998978972>
996.5681 	EXP 	line_1: autoDraw = True
996.5681 	EXP 	line_2: autoDraw = True
996.5681 	EXP 	line_3: autoDraw = True
996.5681 	EXP 	line_4: autoDraw = True
996.5844 	EXP 	fixation_2: autoDraw = False
997.5681 	INFO 	Keyboard events cleared
997.5679 	EXP 	probe_2: autoDraw = True
998.9878 	DATA 	Keypress: z
999.0018 	EXP 	Device response: <KeyPress from None: t=998.9859301000251, value=z, duration=None>
999.0022 	EXP 	New trial (rep=40, index=158): <Trial 158 (158 in rep 40) data={'pos': np.int64(-150), 'corr_resp': 'z', 'thisN': 158, 'thisTrialN': 158, 'thisRepN': 40}>
999.0180 	EXP 	fixation_2: autoDraw = False
999.0180 	EXP 	line_1: autoDraw = False
999.0180 	EXP 	line_2: autoDraw = False
999.0180 	EXP 	line_3: autoDraw = False
999.0180 	EXP 	line_4: autoDraw = False
999.0180 	EXP 	probe_2: autoDraw = False
999.0180 	EXP 	fixation_2: autoDraw = True
999.0692 	EXP 	Device response: <KeyPress from None: t=998.9859301000251, value=z, duration=0.07318889995804057>
1000.0026 	EXP 	line_1: autoDraw = True
1000.0026 	EXP 	line_2: autoDraw = True
1000.0026 	EXP 	line_3: autoDraw = True
1000.0026 	EXP 	line_4: autoDraw = True
1000.0191 	EXP 	fixation_2: autoDraw = False
1001.0017 	INFO 	Keyboard events cleared
1001.0015 	EXP 	probe_2: autoDraw = True
1002.3029 	EXP 	Device response: <KeyPress from None: t=1002.2963611999876, value=z, duration=None>
1002.3034 	EXP 	New trial (rep=41, index=159): <Trial 159 (159 in rep 41) data={'pos': np.int64(-150), 'corr_resp': 'z', 'thisN': 159, 'thisTrialN': 159, 'thisRepN': 41}>
1002.3053 	DATA 	Keypress: z
1002.3172 	EXP 	fixation_2: autoDraw = False
1002.3172 	EXP 	line_1: autoDraw = False
1002.3172 	EXP 	line_2: autoDraw = False
1002.3172 	EXP 	line_3: autoDraw = False
1002.3172 	EXP 	line_4: autoDraw = False
1002.3172 	EXP 	probe_2: autoDraw = False
1002.3172 	EXP 	fixation_2: autoDraw = True
1002.3694 	EXP 	Device response: <KeyPress from None: t=1002.2963611999876, value=z, duration=0.07149430003482848>
1003.3023 	EXP 	line_1: autoDraw = True
1003.3023 	EXP 	line_2: autoDraw = True
1003.3023 	EXP 	line_3: autoDraw = True
1003.3023 	EXP 	line_4: autoDraw = True
1003.3185 	EXP 	fixation_2: autoDraw = False
1004.3190 	INFO 	Keyboard events cleared
1004.3187 	EXP 	probe_2: autoDraw = True
1005.0027 	EXP 	Device response: <KeyPress from None: t=1004.9921851999825, value=z, duration=None>
1005.0032 	EXP 	New trial (rep=37, index=160): <Trial 160 (160 in rep 37) data={'pos': np.int64(150), 'corr_resp': 'v', 'thisN': 160, 'thisTrialN': 160, 'thisRepN': 37}>
1005.0049 	DATA 	Keypress: z
1005.0180 	EXP 	fixation_2: autoDraw = False
1005.0180 	EXP 	line_1: autoDraw = False
1005.0180 	EXP 	line_2: autoDraw = False
1005.0180 	EXP 	line_3: autoDraw = False
1005.0180 	EXP 	line_4: autoDraw = False
1005.0180 	EXP 	probe_2: autoDraw = False
1005.0180 	EXP 	fixation_2: autoDraw = True
1005.0687 	EXP 	Device response: <KeyPress from None: t=1004.9921851999825, value=z, duration=0.07079440000234172>
1006.0188 	EXP 	fixation_2: autoDraw = False
1006.0188 	EXP 	line_1: autoDraw = True
1006.0188 	EXP 	line_2: autoDraw = True
1006.0188 	EXP 	line_3: autoDraw = True
1006.0188 	EXP 	line_4: autoDraw = True
1007.0189 	INFO 	Keyboard events cleared
1007.0187 	EXP 	probe_2: autoDraw = True
1008.2860 	EXP 	Device response: <KeyPress from None: t=1008.278042400023, value=v, duration=None>
1008.2865 	EXP 	New trial (rep=38, index=161): <Trial 161 (161 in rep 38) data={'pos': np.int64(-50), 'corr_resp': 'x', 'thisN': 161, 'thisTrialN': 161, 'thisRepN': 38}>
1008.2882 	DATA 	Keypress: v
1008.3014 	EXP 	fixation_2: autoDraw = False
1008.3014 	EXP 	line_1: autoDraw = False
1008.3014 	EXP 	line_2: autoDraw = False
1008.3014 	EXP 	line_3: autoDraw = False
1008.3014 	EXP 	line_4: autoDraw = False
1008.3014 	EXP 	probe_2: autoDraw = False
1008.3014 	EXP 	fixation_2: autoDraw = True
1008.3519 	EXP 	Device response: <KeyPress from None: t=1008.278042400023, value=v, duration=0.06126180000137538>
1009.2900 	EXP 	line_1: autoDraw = True
1009.2900 	EXP 	line_2: autoDraw = True
1009.2900 	EXP 	line_3: autoDraw = True
1009.2900 	EXP 	line_4: autoDraw = True
1009.3002 	EXP 	fixation_2: autoDraw = False
1010.2863 	INFO 	Keyboard events cleared
1010.2862 	EXP 	probe_2: autoDraw = True
1011.4853 	EXP 	Device response: <KeyPress from None: t=1011.4768679999979, value=x, duration=None>
1011.4858 	EXP 	New trial (rep=39, index=162): <Trial 162 (162 in rep 39) data={'pos': np.int64(-50), 'corr_resp': 'x', 'thisN': 162, 'thisTrialN': 162, 'thisRepN': 39}>
1011.4874 	DATA 	Keypress: x
1011.5005 	EXP 	fixation_2: autoDraw = False
1011.5005 	EXP 	line_1: autoDraw = False
1011.5005 	EXP 	line_2: autoDraw = False
1011.5005 	EXP 	line_3: autoDraw = False
1011.5005 	EXP 	line_4: autoDraw = False
1011.5005 	EXP 	probe_2: autoDraw = False
1011.5005 	EXP 	fixation_2: autoDraw = True
1011.5520 	EXP 	Device response: <KeyPress from None: t=1011.4768679999979, value=x, duration=0.07083789998432621>
1012.4856 	EXP 	line_1: autoDraw = True
1012.4856 	EXP 	line_2: autoDraw = True
1012.4856 	EXP 	line_3: autoDraw = True
1012.4856 	EXP 	line_4: autoDraw = True
1012.5015 	EXP 	fixation_2: autoDraw = False
1013.4861 	INFO 	Keyboard events cleared
1013.4859 	EXP 	probe_2: autoDraw = True
1014.4686 	EXP 	Device response: <KeyPress from None: t=1014.4633045999799, value=x, duration=None>
1014.4690 	EXP 	New trial (rep=40, index=163): <Trial 163 (163 in rep 40) data={'pos': np.int64(-50), 'corr_resp': 'x', 'thisN': 163, 'thisTrialN': 163, 'thisRepN': 40}>
1014.4704 	DATA 	Keypress: x
1014.4841 	EXP 	fixation_2: autoDraw = False
1014.4841 	EXP 	line_1: autoDraw = False
1014.4841 	EXP 	line_2: autoDraw = False
1014.4841 	EXP 	line_3: autoDraw = False
1014.4841 	EXP 	line_4: autoDraw = False
1014.4841 	EXP 	probe_2: autoDraw = False
1014.4841 	EXP 	fixation_2: autoDraw = True
1014.5532 	EXP 	Device response: <KeyPress from None: t=1014.4633045999799, value=x, duration=0.07810770004289225>
1015.4691 	EXP 	line_1: autoDraw = True
1015.4691 	EXP 	line_2: autoDraw = True
1015.4691 	EXP 	line_3: autoDraw = True
1015.4691 	EXP 	line_4: autoDraw = True
1015.4860 	EXP 	fixation_2: autoDraw = False
1016.4696 	INFO 	Keyboard events cleared
1016.4694 	EXP 	probe_2: autoDraw = True
1017.3350 	EXP 	Device response: <KeyPress from None: t=1017.3326124000014, value=x, duration=None>
1017.3354 	EXP 	New trial (rep=41, index=164): <Trial 164 (164 in rep 41) data={'pos': np.int64(-50), 'corr_resp': 'x', 'thisN': 164, 'thisTrialN': 164, 'thisRepN': 41}>
1017.3367 	DATA 	Keypress: x
1017.3515 	EXP 	fixation_2: autoDraw = False
1017.3515 	EXP 	line_1: autoDraw = False
1017.3515 	EXP 	line_2: autoDraw = False
1017.3515 	EXP 	line_3: autoDraw = False
1017.3515 	EXP 	line_4: autoDraw = False
1017.3515 	EXP 	probe_2: autoDraw = False
1017.3515 	EXP 	fixation_2: autoDraw = True
1017.4187 	EXP 	Device response: <KeyPress from None: t=1017.3326124000014, value=x, duration=0.0760588999837637>
1018.3360 	EXP 	line_1: autoDraw = True
1018.3360 	EXP 	line_2: autoDraw = True
1018.3360 	EXP 	line_3: autoDraw = True
1018.3360 	EXP 	line_4: autoDraw = True
1018.3523 	EXP 	fixation_2: autoDraw = False
1019.3354 	INFO 	Keyboard events cleared
1019.3352 	EXP 	probe_2: autoDraw = True
1019.9859 	EXP 	Device response: <KeyPress from None: t=1019.9800446999725, value=x, duration=None>
1019.9862 	EXP 	New trial (rep=42, index=165): <Trial 165 (165 in rep 42) data={'pos': np.int64(-50), 'corr_resp': 'x', 'thisN': 165, 'thisTrialN': 165, 'thisRepN': 42}>
1019.9878 	DATA 	Keypress: x
1020.0008 	EXP 	fixation_2: autoDraw = False
1020.0008 	EXP 	line_1: autoDraw = False
1020.0008 	EXP 	line_2: autoDraw = False
1020.0008 	EXP 	line_3: autoDraw = False
1020.0008 	EXP 	line_4: autoDraw = False
1020.0008 	EXP 	probe_2: autoDraw = False
1020.0008 	EXP 	fixation_2: autoDraw = True
1020.0523 	EXP 	Device response: <KeyPress from None: t=1019.9800446999725, value=x, duration=0.07108710001921281>
1021.0011 	EXP 	fixation_2: autoDraw = False
1021.0011 	EXP 	line_1: autoDraw = True
1021.0011 	EXP 	line_2: autoDraw = True
1021.0011 	EXP 	line_3: autoDraw = True
1021.0011 	EXP 	line_4: autoDraw = True
1021.9863 	INFO 	Keyboard events cleared
1021.9861 	EXP 	probe_2: autoDraw = True
1022.6859 	EXP 	Device response: <KeyPress from None: t=1022.6767162000178, value=x, duration=None>
1022.6862 	EXP 	New trial (rep=38, index=166): <Trial 166 (166 in rep 38) data={'pos': np.int64(150), 'corr_resp': 'v', 'thisN': 166, 'thisTrialN': 166, 'thisRepN': 38}>
1022.6877 	DATA 	Keypress: x
1022.7018 	EXP 	fixation_2: autoDraw = False
1022.7018 	EXP 	line_1: autoDraw = False
1022.7018 	EXP 	line_2: autoDraw = False
1022.7018 	EXP 	line_3: autoDraw = False
1022.7018 	EXP 	line_4: autoDraw = False
1022.7018 	EXP 	probe_2: autoDraw = False
1022.7018 	EXP 	fixation_2: autoDraw = True
1022.7521 	EXP 	Device response: <KeyPress from None: t=1022.6767162000178, value=x, duration=0.07468259998131543>
1023.6854 	EXP 	line_1: autoDraw = True
1023.6854 	EXP 	line_2: autoDraw = True
1023.6854 	EXP 	line_3: autoDraw = True
1023.6854 	EXP 	line_4: autoDraw = True
1023.7028 	EXP 	fixation_2: autoDraw = False
1024.6853 	INFO 	Keyboard events cleared
1024.6851 	EXP 	probe_2: autoDraw = True
1026.0184 	EXP 	Device response: <KeyPress from None: t=1026.0049032000243, value=v, duration=None>
1026.0188 	EXP 	New trial (rep=39, index=167): <Trial 167 (167 in rep 39) data={'pos': np.int64(150), 'corr_resp': 'v', 'thisN': 167, 'thisTrialN': 167, 'thisRepN': 39}>
1026.0203 	DATA 	Keypress: v
1026.0343 	EXP 	fixation_2: autoDraw = False
1026.0343 	EXP 	line_1: autoDraw = False
1026.0343 	EXP 	line_2: autoDraw = False
1026.0343 	EXP 	line_3: autoDraw = False
1026.0343 	EXP 	line_4: autoDraw = False
1026.0343 	EXP 	probe_2: autoDraw = False
1026.0343 	EXP 	fixation_2: autoDraw = True
1026.0858 	EXP 	Device response: <KeyPress from None: t=1026.0049032000243, value=v, duration=0.07196739997016266>
1027.0191 	EXP 	line_1: autoDraw = True
1027.0191 	EXP 	line_2: autoDraw = True
1027.0191 	EXP 	line_3: autoDraw = True
1027.0191 	EXP 	line_4: autoDraw = True
1027.0353 	EXP 	fixation_2: autoDraw = False
1028.0197 	INFO 	Keyboard events cleared
1028.0194 	EXP 	probe_2: autoDraw = True
1029.5383 	DATA 	Keypress: v
1029.5535 	EXP 	Device response: <KeyPress from None: t=1029.537616799993, value=v, duration=None>
1029.5540 	EXP 	New trial (rep=43, index=168): <Trial 168 (168 in rep 43) data={'pos': np.int64(50), 'corr_resp': 'c', 'thisN': 168, 'thisTrialN': 168, 'thisRepN': 43}>
1029.5677 	EXP 	fixation_2: autoDraw = False
1029.5677 	EXP 	line_1: autoDraw = False
1029.5677 	EXP 	line_2: autoDraw = False
1029.5677 	EXP 	line_3: autoDraw = False
1029.5677 	EXP 	line_4: autoDraw = False
1029.5677 	EXP 	probe_2: autoDraw = False
1029.5677 	EXP 	fixation_2: autoDraw = True
1029.6191 	EXP 	Device response: <KeyPress from None: t=1029.537616799993, value=v, duration=0.07424139999784529>
1030.5688 	EXP 	fixation_2: autoDraw = False
1030.5688 	EXP 	line_1: autoDraw = True
1030.5688 	EXP 	line_2: autoDraw = True
1030.5688 	EXP 	line_3: autoDraw = True
1030.5688 	EXP 	line_4: autoDraw = True
1031.5696 	INFO 	Keyboard events cleared
1031.5694 	EXP 	probe_2: autoDraw = True
1032.5535 	EXP 	Device response: <KeyPress from None: t=1032.5417934000143, value=c, duration=None>
1032.5540 	EXP 	New trial (rep=43, index=169): <Trial 169 (169 in rep 43) data={'pos': np.int64(-50), 'corr_resp': 'x', 'thisN': 169, 'thisTrialN': 169, 'thisRepN': 43}>
1032.5556 	DATA 	Keypress: c
1032.5679 	EXP 	fixation_2: autoDraw = False
1032.5679 	EXP 	line_1: autoDraw = False
1032.5679 	EXP 	line_2: autoDraw = False
1032.5679 	EXP 	line_3: autoDraw = False
1032.5679 	EXP 	line_4: autoDraw = False
1032.5679 	EXP 	probe_2: autoDraw = False
1032.5679 	EXP 	fixation_2: autoDraw = True
1032.6522 	EXP 	Device response: <KeyPress from None: t=1032.5417934000143, value=c, duration=0.1082831000094302>
1033.5693 	EXP 	fixation_2: autoDraw = False
1033.5693 	EXP 	line_1: autoDraw = True
1033.5693 	EXP 	line_2: autoDraw = True
1033.5693 	EXP 	line_3: autoDraw = True
1033.5693 	EXP 	line_4: autoDraw = True
1034.5695 	INFO 	Keyboard events cleared
1034.5693 	EXP 	probe_2: autoDraw = True
1035.4524 	EXP 	Device response: <KeyPress from None: t=1035.43941240001, value=x, duration=None>
1035.4528 	EXP 	New trial (rep=44, index=170): <Trial 170 (170 in rep 44) data={'pos': np.int64(50), 'corr_resp': 'c', 'thisN': 170, 'thisTrialN': 170, 'thisRepN': 44}>
1035.4542 	DATA 	Keypress: x
1035.4677 	EXP 	fixation_2: autoDraw = False
1035.4677 	EXP 	line_1: autoDraw = False
1035.4677 	EXP 	line_2: autoDraw = False
1035.4677 	EXP 	line_3: autoDraw = False
1035.4677 	EXP 	line_4: autoDraw = False
1035.4677 	EXP 	probe_2: autoDraw = False
1035.4677 	EXP 	fixation_2: autoDraw = True
1035.5369 	EXP 	Device response: <KeyPress from None: t=1035.43941240001, value=x, duration=0.08621039998251945>
1036.4528 	EXP 	line_1: autoDraw = True
1036.4528 	EXP 	line_2: autoDraw = True
1036.4528 	EXP 	line_3: autoDraw = True
1036.4528 	EXP 	line_4: autoDraw = True
1036.4689 	EXP 	fixation_2: autoDraw = False
1037.4525 	INFO 	Keyboard events cleared
1037.4523 	EXP 	probe_2: autoDraw = True
1038.6535 	EXP 	Device response: <KeyPress from None: t=1038.651090600004, value=c, duration=None>
1038.6540 	EXP 	New trial (rep=44, index=171): <Trial 171 (171 in rep 44) data={'pos': np.int64(-50), 'corr_resp': 'x', 'thisN': 171, 'thisTrialN': 171, 'thisRepN': 44}>
1038.6554 	DATA 	Keypress: c
1038.6686 	EXP 	fixation_2: autoDraw = False
1038.6686 	EXP 	line_1: autoDraw = False
1038.6686 	EXP 	line_2: autoDraw = False
1038.6686 	EXP 	line_3: autoDraw = False
1038.6686 	EXP 	line_4: autoDraw = False
1038.6686 	EXP 	probe_2: autoDraw = False
1038.6686 	EXP 	fixation_2: autoDraw = True
1038.7349 	EXP 	Device response: <KeyPress from None: t=1038.651090600004, value=c, duration=0.08214249997399747>
1039.6528 	EXP 	line_1: autoDraw = True
1039.6528 	EXP 	line_2: autoDraw = True
1039.6528 	EXP 	line_3: autoDraw = True
1039.6528 	EXP 	line_4: autoDraw = True
1039.6690 	EXP 	fixation_2: autoDraw = False
1040.6524 	INFO 	Keyboard events cleared
1040.6523 	EXP 	probe_2: autoDraw = True
1041.5865 	EXP 	Device response: <KeyPress from None: t=1041.5789149000193, value=x, duration=None>
1041.5871 	EXP 	New trial (rep=42, index=172): <Trial 172 (172 in rep 42) data={'pos': np.int64(-150), 'corr_resp': 'z', 'thisN': 172, 'thisTrialN': 172, 'thisRepN': 42}>
1041.5888 	DATA 	Keypress: x
1041.6016 	EXP 	fixation_2: autoDraw = False
1041.6016 	EXP 	line_1: autoDraw = False
1041.6016 	EXP 	line_2: autoDraw = False
1041.6016 	EXP 	line_3: autoDraw = False
1041.6016 	EXP 	line_4: autoDraw = False
1041.6016 	EXP 	probe_2: autoDraw = False
1041.6016 	EXP 	fixation_2: autoDraw = True
1041.6685 	EXP 	Device response: <KeyPress from None: t=1041.5789149000193, value=x, duration=0.08112579997396097>
1042.5863 	EXP 	line_1: autoDraw = True
1042.5863 	EXP 	line_2: autoDraw = True
1042.5863 	EXP 	line_3: autoDraw = True
1042.5863 	EXP 	line_4: autoDraw = True
1042.6029 	EXP 	fixation_2: autoDraw = False
1043.5861 	INFO 	Keyboard events cleared
1043.5859 	EXP 	probe_2: autoDraw = True
1044.3708 	DATA 	Keypress: z
1044.3861 	EXP 	Device response: <KeyPress from None: t=1044.3692588999984, value=z, duration=None>
1044.3864 	EXP 	New trial (rep=45, index=173): <Trial 173 (173 in rep 45) data={'pos': np.int64(-50), 'corr_resp': 'x', 'thisN': 173, 'thisTrialN': 173, 'thisRepN': 45}>
1044.4031 	EXP 	fixation_2: autoDraw = False
1044.4031 	EXP 	line_1: autoDraw = False
1044.4031 	EXP 	line_2: autoDraw = False
1044.4031 	EXP 	line_3: autoDraw = False
1044.4031 	EXP 	line_4: autoDraw = False
1044.4031 	EXP 	probe_2: autoDraw = False
1044.4031 	EXP 	fixation_2: autoDraw = True
1044.4521 	EXP 	Device response: <KeyPress from None: t=1044.3692588999984, value=z, duration=0.07571549998829141>
1045.4026 	EXP 	fixation_2: autoDraw = False
1045.4026 	EXP 	line_1: autoDraw = True
1045.4026 	EXP 	line_2: autoDraw = True
1045.4026 	EXP 	line_3: autoDraw = True
1045.4026 	EXP 	line_4: autoDraw = True
1046.3853 	INFO 	Keyboard events cleared
1046.3850 	EXP 	probe_2: autoDraw = True
1047.1521 	EXP 	Device response: <KeyPress from None: t=1047.144432400004, value=x, duration=None>
1047.1525 	EXP 	New trial (rep=45, index=174): <Trial 174 (174 in rep 45) data={'pos': np.int64(50), 'corr_resp': 'c', 'thisN': 174, 'thisTrialN': 174, 'thisRepN': 45}>
1047.1539 	DATA 	Keypress: x
1047.1685 	EXP 	fixation_2: autoDraw = False
1047.1685 	EXP 	line_1: autoDraw = False
1047.1685 	EXP 	line_2: autoDraw = False
1047.1685 	EXP 	line_3: autoDraw = False
1047.1685 	EXP 	line_4: autoDraw = False
1047.1685 	EXP 	probe_2: autoDraw = False
1047.1685 	EXP 	fixation_2: autoDraw = True
1047.2368 	EXP 	Device response: <KeyPress from None: t=1047.144432400004, value=x, duration=0.08163349999813363>
1048.1529 	EXP 	line_1: autoDraw = True
1048.1529 	EXP 	line_2: autoDraw = True
1048.1529 	EXP 	line_3: autoDraw = True
1048.1529 	EXP 	line_4: autoDraw = True
1048.1698 	EXP 	fixation_2: autoDraw = False
1049.1532 	INFO 	Keyboard events cleared
1049.1530 	EXP 	probe_2: autoDraw = True
1050.0851 	EXP 	Device response: <KeyPress from None: t=1050.0810627000174, value=c, duration=None>
1050.0855 	EXP 	New trial (rep=40, index=175): <Trial 175 (175 in rep 40) data={'pos': np.int64(150), 'corr_resp': 'v', 'thisN': 175, 'thisTrialN': 175, 'thisRepN': 40}>
1050.0868 	DATA 	Keypress: c
1050.1026 	EXP 	fixation_2: autoDraw = False
1050.1026 	EXP 	line_1: autoDraw = False
1050.1026 	EXP 	line_2: autoDraw = False
1050.1026 	EXP 	line_3: autoDraw = False
1050.1026 	EXP 	line_4: autoDraw = False
1050.1026 	EXP 	probe_2: autoDraw = False
1050.1026 	EXP 	fixation_2: autoDraw = True
1050.1695 	EXP 	Device response: <KeyPress from None: t=1050.0810627000174, value=c, duration=0.08157059998484328>
1051.0862 	EXP 	line_1: autoDraw = True
1051.0862 	EXP 	line_2: autoDraw = True
1051.0862 	EXP 	line_3: autoDraw = True
1051.0862 	EXP 	line_4: autoDraw = True
1051.1027 	EXP 	fixation_2: autoDraw = False
1052.0866 	INFO 	Keyboard events cleared
1052.0864 	EXP 	probe_2: autoDraw = True
1053.1026 	EXP 	Device response: <KeyPress from None: t=1053.0986501000007, value=v, duration=None>
1053.1030 	EXP 	New trial (rep=41, index=176): <Trial 176 (176 in rep 41) data={'pos': np.int64(150), 'corr_resp': 'v', 'thisN': 176, 'thisTrialN': 176, 'thisRepN': 41}>
1053.1045 	DATA 	Keypress: v
1053.1188 	EXP 	fixation_2: autoDraw = False
1053.1188 	EXP 	line_1: autoDraw = False
1053.1188 	EXP 	line_2: autoDraw = False
1053.1188 	EXP 	line_3: autoDraw = False
1053.1188 	EXP 	line_4: autoDraw = False
1053.1188 	EXP 	probe_2: autoDraw = False
1053.1188 	EXP 	fixation_2: autoDraw = True
1053.1862 	EXP 	Device response: <KeyPress from None: t=1053.0986501000007, value=v, duration=0.07404289999976754>
1054.1037 	EXP 	line_1: autoDraw = True
1054.1037 	EXP 	line_2: autoDraw = True
1054.1037 	EXP 	line_3: autoDraw = True
1054.1037 	EXP 	line_4: autoDraw = True
1054.1194 	EXP 	fixation_2: autoDraw = False
1055.1027 	INFO 	Keyboard events cleared
1055.1025 	EXP 	probe_2: autoDraw = True
1055.8861 	EXP 	Device response: <KeyPress from None: t=1055.8792441000114, value=v, duration=None>
1055.8865 	EXP 	New trial (rep=42, index=177): <Trial 177 (177 in rep 42) data={'pos': np.int64(150), 'corr_resp': 'v', 'thisN': 177, 'thisTrialN': 177, 'thisRepN': 42}>
1055.8883 	DATA 	Keypress: v
1055.9024 	EXP 	fixation_2: autoDraw = False
1055.9024 	EXP 	line_1: autoDraw = False
1055.9024 	EXP 	line_2: autoDraw = False
1055.9024 	EXP 	line_3: autoDraw = False
1055.9024 	EXP 	line_4: autoDraw = False
1055.9024 	EXP 	probe_2: autoDraw = False
1055.9024 	EXP 	fixation_2: autoDraw = True
1055.9700 	EXP 	Device response: <KeyPress from None: t=1055.8792441000114, value=v, duration=0.07836559996940196>
1056.8865 	EXP 	line_1: autoDraw = True
1056.8865 	EXP 	line_2: autoDraw = True
1056.8865 	EXP 	line_3: autoDraw = True
1056.8865 	EXP 	line_4: autoDraw = True
1056.9032 	EXP 	fixation_2: autoDraw = False
1057.8858 	INFO 	Keyboard events cleared
1057.8856 	EXP 	probe_2: autoDraw = True
1058.6030 	EXP 	Device response: <KeyPress from None: t=1058.594533400028, value=v, duration=None>
1058.6034 	EXP 	New trial (rep=43, index=178): <Trial 178 (178 in rep 43) data={'pos': np.int64(150), 'corr_resp': 'v', 'thisN': 178, 'thisTrialN': 178, 'thisRepN': 43}>
1058.6047 	DATA 	Keypress: v
1058.6197 	EXP 	fixation_2: autoDraw = False
1058.6197 	EXP 	line_1: autoDraw = False
1058.6197 	EXP 	line_2: autoDraw = False
1058.6197 	EXP 	line_3: autoDraw = False
1058.6197 	EXP 	line_4: autoDraw = False
1058.6197 	EXP 	probe_2: autoDraw = False
1058.6197 	EXP 	fixation_2: autoDraw = True
1058.6858 	EXP 	Device response: <KeyPress from None: t=1058.594533400028, value=v, duration=0.08862229995429516>
1059.6025 	EXP 	line_1: autoDraw = True
1059.6025 	EXP 	line_2: autoDraw = True
1059.6025 	EXP 	line_3: autoDraw = True
1059.6025 	EXP 	line_4: autoDraw = True
1059.6187 	EXP 	fixation_2: autoDraw = False
1060.6032 	INFO 	Keyboard events cleared
1060.6030 	EXP 	probe_2: autoDraw = True
1061.2854 	EXP 	Device response: <KeyPress from None: t=1061.2759092000197, value=v, duration=None>
1061.2858 	EXP 	New trial (rep=43, index=179): <Trial 179 (179 in rep 43) data={'pos': np.int64(-150), 'corr_resp': 'z', 'thisN': 179, 'thisTrialN': 179, 'thisRepN': 43}>
1061.2871 	DATA 	Keypress: v
1061.3022 	EXP 	fixation_2: autoDraw = False
1061.3022 	EXP 	line_1: autoDraw = False
1061.3022 	EXP 	line_2: autoDraw = False
1061.3022 	EXP 	line_3: autoDraw = False
1061.3022 	EXP 	line_4: autoDraw = False
1061.3022 	EXP 	probe_2: autoDraw = False
1061.3022 	EXP 	fixation_2: autoDraw = True
1061.3699 	EXP 	Device response: <KeyPress from None: t=1061.2759092000197, value=v, duration=0.0912555999821052>
1062.2869 	EXP 	line_1: autoDraw = True
1062.2869 	EXP 	line_2: autoDraw = True
1062.2869 	EXP 	line_3: autoDraw = True
1062.2869 	EXP 	line_4: autoDraw = True
1062.3027 	EXP 	fixation_2: autoDraw = False
1063.2862 	INFO 	Keyboard events cleared
1063.2860 	EXP 	probe_2: autoDraw = True
1064.0711 	DATA 	Keypress: z
1064.0872 	EXP 	Device response: <KeyPress from None: t=1064.0701931000222, value=z, duration=None>
1064.0876 	EXP 	New trial (rep=46, index=180): <Trial 180 (180 in rep 46) data={'pos': np.int64(-50), 'corr_resp': 'x', 'thisN': 180, 'thisTrialN': 180, 'thisRepN': 46}>
1064.1030 	EXP 	fixation_2: autoDraw = False
1064.1030 	EXP 	line_1: autoDraw = False
1064.1030 	EXP 	line_2: autoDraw = False
1064.1030 	EXP 	line_3: autoDraw = False
1064.1030 	EXP 	line_4: autoDraw = False
1064.1030 	EXP 	probe_2: autoDraw = False
1064.1030 	EXP 	fixation_2: autoDraw = True
1064.1528 	EXP 	Device response: <KeyPress from None: t=1064.0701931000222, value=z, duration=0.07291609997628257>
1065.1034 	EXP 	fixation_2: autoDraw = False
1065.1034 	EXP 	line_1: autoDraw = True
1065.1034 	EXP 	line_2: autoDraw = True
1065.1034 	EXP 	line_3: autoDraw = True
1065.1034 	EXP 	line_4: autoDraw = True
1066.0867 	INFO 	Keyboard events cleared
1066.0865 	EXP 	probe_2: autoDraw = True
1067.1562 	DATA 	Keypress: x
1067.1688 	EXP 	Device response: <KeyPress from None: t=1067.1542703000014, value=x, duration=None>
1067.1691 	EXP 	New trial (rep=44, index=181): <Trial 181 (181 in rep 44) data={'pos': np.int64(-150), 'corr_resp': 'z', 'thisN': 181, 'thisTrialN': 181, 'thisRepN': 44}>
1067.1849 	EXP 	fixation_2: autoDraw = False
1067.1849 	EXP 	line_1: autoDraw = False
1067.1849 	EXP 	line_2: autoDraw = False
1067.1849 	EXP 	line_3: autoDraw = False
1067.1849 	EXP 	line_4: autoDraw = False
1067.1849 	EXP 	probe_2: autoDraw = False
1067.1849 	EXP 	fixation_2: autoDraw = True
1067.2201 	EXP 	Device response: <KeyPress from None: t=1067.1542703000014, value=x, duration=0.06008349999319762>
1068.1738 	EXP 	line_1: autoDraw = True
1068.1738 	EXP 	line_2: autoDraw = True
1068.1738 	EXP 	line_3: autoDraw = True
1068.1738 	EXP 	line_4: autoDraw = True
1068.1852 	EXP 	fixation_2: autoDraw = False
1069.1695 	INFO 	Keyboard events cleared
1069.1693 	EXP 	probe_2: autoDraw = True
1069.9689 	EXP 	Device response: <KeyPress from None: t=1069.9637879999937, value=z, duration=None>
1069.9693 	EXP 	New trial (rep=46, index=182): <Trial 182 (182 in rep 46) data={'pos': np.int64(50), 'corr_resp': 'c', 'thisN': 182, 'thisTrialN': 182, 'thisRepN': 46}>
1069.9706 	DATA 	Keypress: z
1069.9849 	EXP 	fixation_2: autoDraw = False
1069.9849 	EXP 	line_1: autoDraw = False
1069.9849 	EXP 	line_2: autoDraw = False
1069.9849 	EXP 	line_3: autoDraw = False
1069.9849 	EXP 	line_4: autoDraw = False
1069.9849 	EXP 	probe_2: autoDraw = False
1069.9849 	EXP 	fixation_2: autoDraw = True
1070.0701 	EXP 	Device response: <KeyPress from None: t=1069.9637879999937, value=z, duration=0.09120329999132082>
1070.9701 	EXP 	line_1: autoDraw = True
1070.9701 	EXP 	line_2: autoDraw = True
1070.9701 	EXP 	line_3: autoDraw = True
1070.9701 	EXP 	line_4: autoDraw = True
1070.9863 	EXP 	fixation_2: autoDraw = False
1071.9689 	INFO 	Keyboard events cleared
1071.9687 	EXP 	probe_2: autoDraw = True
1072.9196 	EXP 	Device response: <KeyPress from None: t=1072.9068514999817, value=c, duration=None>
1072.9201 	EXP 	New trial (rep=44, index=183): <Trial 183 (183 in rep 44) data={'pos': np.int64(150), 'corr_resp': 'v', 'thisN': 183, 'thisTrialN': 183, 'thisRepN': 44}>
1072.9219 	DATA 	Keypress: c
1072.9362 	EXP 	fixation_2: autoDraw = False
1072.9362 	EXP 	line_1: autoDraw = False
1072.9362 	EXP 	line_2: autoDraw = False
1072.9362 	EXP 	line_3: autoDraw = False
1072.9362 	EXP 	line_4: autoDraw = False
1072.9362 	EXP 	probe_2: autoDraw = False
1072.9362 	EXP 	fixation_2: autoDraw = True
1073.0024 	EXP 	Device response: <KeyPress from None: t=1072.9068514999817, value=c, duration=0.08173340000212193>
1073.9202 	EXP 	line_1: autoDraw = True
1073.9202 	EXP 	line_2: autoDraw = True
1073.9202 	EXP 	line_3: autoDraw = True
1073.9202 	EXP 	line_4: autoDraw = True
1073.9368 	EXP 	fixation_2: autoDraw = False
1074.9200 	INFO 	Keyboard events cleared
1074.9198 	EXP 	probe_2: autoDraw = True
1075.9362 	EXP 	Device response: <KeyPress from None: t=1075.9220797999878, value=v, duration=None>
1075.9366 	EXP 	New trial (rep=47, index=184): <Trial 184 (184 in rep 47) data={'pos': np.int64(-50), 'corr_resp': 'x', 'thisN': 184, 'thisTrialN': 184, 'thisRepN': 47}>
1075.9380 	DATA 	Keypress: v
1075.9535 	EXP 	fixation_2: autoDraw = False
1075.9535 	EXP 	line_1: autoDraw = False
1075.9535 	EXP 	line_2: autoDraw = False
1075.9535 	EXP 	line_3: autoDraw = False
1075.9535 	EXP 	line_4: autoDraw = False
1075.9535 	EXP 	probe_2: autoDraw = False
1075.9535 	EXP 	fixation_2: autoDraw = True
1076.0370 	EXP 	Device response: <KeyPress from None: t=1075.9220797999878, value=v, duration=0.09889369999291375>
1076.9368 	EXP 	line_1: autoDraw = True
1076.9368 	EXP 	line_2: autoDraw = True
1076.9368 	EXP 	line_3: autoDraw = True
1076.9368 	EXP 	line_4: autoDraw = True
1076.9517 	EXP 	fixation_2: autoDraw = False
1077.9368 	INFO 	Keyboard events cleared
1077.9366 	EXP 	probe_2: autoDraw = True
1079.1864 	EXP 	Device response: <KeyPress from None: t=1079.1835305999848, value=x, duration=None>
1079.1868 	EXP 	New trial (rep=45, index=185): <Trial 185 (185 in rep 45) data={'pos': np.int64(150), 'corr_resp': 'v', 'thisN': 185, 'thisTrialN': 185, 'thisRepN': 45}>
1079.1881 	DATA 	Keypress: x
1079.2024 	EXP 	fixation_2: autoDraw = False
1079.2024 	EXP 	line_1: autoDraw = False
1079.2024 	EXP 	line_2: autoDraw = False
1079.2024 	EXP 	line_3: autoDraw = False
1079.2024 	EXP 	line_4: autoDraw = False
1079.2024 	EXP 	probe_2: autoDraw = False
1079.2024 	EXP 	fixation_2: autoDraw = True
1079.2876 	EXP 	Device response: <KeyPress from None: t=1079.1835305999848, value=x, duration=0.09939759998815134>
1080.1865 	EXP 	line_1: autoDraw = True
1080.1865 	EXP 	line_2: autoDraw = True
1080.1865 	EXP 	line_3: autoDraw = True
1080.1865 	EXP 	line_4: autoDraw = True
1080.2030 	EXP 	fixation_2: autoDraw = False
1081.1871 	INFO 	Keyboard events cleared
1081.1868 	EXP 	probe_2: autoDraw = True
1082.1197 	EXP 	Device response: <KeyPress from None: t=1082.1127123999759, value=v, duration=None>
1082.1201 	EXP 	New trial (rep=47, index=186): <Trial 186 (186 in rep 47) data={'pos': np.int64(50), 'corr_resp': 'c', 'thisN': 186, 'thisTrialN': 186, 'thisRepN': 47}>
1082.1215 	DATA 	Keypress: v
1082.1366 	EXP 	fixation_2: autoDraw = False
1082.1366 	EXP 	line_1: autoDraw = False
1082.1366 	EXP 	line_2: autoDraw = False
1082.1366 	EXP 	line_3: autoDraw = False
1082.1366 	EXP 	line_4: autoDraw = False
1082.1366 	EXP 	probe_2: autoDraw = False
1082.1366 	EXP 	fixation_2: autoDraw = True
1082.2209 	EXP 	Device response: <KeyPress from None: t=1082.1127123999759, value=v, duration=0.09646380000049248>
1083.1201 	EXP 	line_1: autoDraw = True
1083.1201 	EXP 	line_2: autoDraw = True
1083.1201 	EXP 	line_3: autoDraw = True
1083.1201 	EXP 	line_4: autoDraw = True
1083.1366 	EXP 	fixation_2: autoDraw = False
1084.1203 	INFO 	Keyboard events cleared
1084.1201 	EXP 	probe_2: autoDraw = True
1085.4208 	EXP 	Device response: <KeyPress from None: t=1085.4119641000289, value=c, duration=None>
1085.4213 	EXP 	New trial (rep=48, index=187): <Trial 187 (187 in rep 48) data={'pos': np.int64(-50), 'corr_resp': 'x', 'thisN': 187, 'thisTrialN': 187, 'thisRepN': 48}>
1085.4228 	DATA 	Keypress: c
1085.4360 	EXP 	fixation_2: autoDraw = False
1085.4360 	EXP 	line_1: autoDraw = False
1085.4360 	EXP 	line_2: autoDraw = False
1085.4360 	EXP 	line_3: autoDraw = False
1085.4360 	EXP 	line_4: autoDraw = False
1085.4360 	EXP 	probe_2: autoDraw = False
1085.4360 	EXP 	fixation_2: autoDraw = True
1085.4857 	EXP 	Device response: <KeyPress from None: t=1085.4119641000289, value=c, duration=0.06132109998725355>
1086.4351 	EXP 	fixation_2: autoDraw = False
1086.4351 	EXP 	line_1: autoDraw = True
1086.4351 	EXP 	line_2: autoDraw = True
1086.4351 	EXP 	line_3: autoDraw = True
1086.4351 	EXP 	line_4: autoDraw = True
1087.4203 	INFO 	Keyboard events cleared
1087.4201 	EXP 	probe_2: autoDraw = True
1088.6728 	DATA 	Keypress: x
1088.6858 	EXP 	Device response: <KeyPress from None: t=1088.6714610999916, value=x, duration=None>
1088.6861 	EXP 	New trial (rep=45, index=188): <Trial 188 (188 in rep 45) data={'pos': np.int64(-150), 'corr_resp': 'z', 'thisN': 188, 'thisTrialN': 188, 'thisRepN': 45}>
1088.7019 	EXP 	fixation_2: autoDraw = False
1088.7019 	EXP 	line_1: autoDraw = False
1088.7019 	EXP 	line_2: autoDraw = False
1088.7019 	EXP 	line_3: autoDraw = False
1088.7019 	EXP 	line_4: autoDraw = False
1088.7019 	EXP 	probe_2: autoDraw = False
1088.7019 	EXP 	fixation_2: autoDraw = True
1088.7541 	EXP 	Device response: <KeyPress from None: t=1088.6714610999916, value=x, duration=0.07083769998280331>
1089.6861 	EXP 	line_1: autoDraw = True
1089.6861 	EXP 	line_2: autoDraw = True
1089.6861 	EXP 	line_3: autoDraw = True
1089.6861 	EXP 	line_4: autoDraw = True
1089.7027 	EXP 	fixation_2: autoDraw = False
1090.6869 	INFO 	Keyboard events cleared
1090.6867 	EXP 	probe_2: autoDraw = True
1091.8396 	DATA 	Keypress: z
1091.8528 	EXP 	Device response: <KeyPress from None: t=1091.8390230999794, value=z, duration=None>
1091.8532 	EXP 	New trial (rep=46, index=189): <Trial 189 (189 in rep 46) data={'pos': np.int64(150), 'corr_resp': 'v', 'thisN': 189, 'thisTrialN': 189, 'thisRepN': 46}>
1091.8700 	EXP 	fixation_2: autoDraw = False
1091.8700 	EXP 	line_1: autoDraw = False
1091.8700 	EXP 	line_2: autoDraw = False
1091.8700 	EXP 	line_3: autoDraw = False
1091.8700 	EXP 	line_4: autoDraw = False
1091.8700 	EXP 	probe_2: autoDraw = False
1091.8700 	EXP 	fixation_2: autoDraw = True
1091.9036 	EXP 	Device response: <KeyPress from None: t=1091.8390230999794, value=z, duration=0.061583700007759035>
1092.8533 	EXP 	line_1: autoDraw = True
1092.8533 	EXP 	line_2: autoDraw = True
1092.8533 	EXP 	line_3: autoDraw = True
1092.8533 	EXP 	line_4: autoDraw = True
1092.8705 	EXP 	fixation_2: autoDraw = False
1093.8530 	INFO 	Keyboard events cleared
1093.8528 	EXP 	probe_2: autoDraw = True
1094.7560 	DATA 	Keypress: v
1094.7714 	EXP 	Device response: <KeyPress from None: t=1094.755399900023, value=v, duration=None>
1094.7719 	EXP 	New trial (rep=47, index=190): <Trial 190 (190 in rep 47) data={'pos': np.int64(150), 'corr_resp': 'v', 'thisN': 190, 'thisTrialN': 190, 'thisRepN': 47}>
1094.7853 	EXP 	fixation_2: autoDraw = False
1094.7853 	EXP 	line_1: autoDraw = False
1094.7853 	EXP 	line_2: autoDraw = False
1094.7853 	EXP 	line_3: autoDraw = False
1094.7853 	EXP 	line_4: autoDraw = False
1094.7853 	EXP 	probe_2: autoDraw = False
1094.7853 	EXP 	fixation_2: autoDraw = True
1094.8366 	EXP 	Device response: <KeyPress from None: t=1094.755399900023, value=v, duration=0.06717519997619092>
1095.7866 	EXP 	fixation_2: autoDraw = False
1095.7866 	EXP 	line_1: autoDraw = True
1095.7866 	EXP 	line_2: autoDraw = True
1095.7866 	EXP 	line_3: autoDraw = True
1095.7866 	EXP 	line_4: autoDraw = True
1096.7872 	INFO 	Keyboard events cleared
1096.7870 	EXP 	probe_2: autoDraw = True
1097.5697 	EXP 	Device response: <KeyPress from None: t=1097.5603071000078, value=v, duration=None>
1097.5700 	EXP 	New trial (rep=46, index=191): <Trial 191 (191 in rep 46) data={'pos': np.int64(-150), 'corr_resp': 'z', 'thisN': 191, 'thisTrialN': 191, 'thisRepN': 46}>
1097.5714 	DATA 	Keypress: v
1097.5865 	EXP 	fixation_2: autoDraw = False
1097.5865 	EXP 	line_1: autoDraw = False
1097.5865 	EXP 	line_2: autoDraw = False
1097.5865 	EXP 	line_3: autoDraw = False
1097.5865 	EXP 	line_4: autoDraw = False
1097.5865 	EXP 	probe_2: autoDraw = False
1097.5865 	EXP 	fixation_2: autoDraw = True
1097.6202 	EXP 	Device response: <KeyPress from None: t=1097.5603071000078, value=v, duration=0.05161149997729808>
1098.5699 	EXP 	line_1: autoDraw = True
1098.5699 	EXP 	line_2: autoDraw = True
1098.5699 	EXP 	line_3: autoDraw = True
1098.5699 	EXP 	line_4: autoDraw = True
1098.5873 	EXP 	fixation_2: autoDraw = False
1099.5702 	INFO 	Keyboard events cleared
1099.5700 	EXP 	probe_2: autoDraw = True
1100.4038 	EXP 	Device response: <KeyPress from None: t=1100.3967325999984, value=z, duration=None>
1100.4042 	EXP 	New trial (rep=47, index=192): <Trial 192 (192 in rep 47) data={'pos': np.int64(-150), 'corr_resp': 'z', 'thisN': 192, 'thisTrialN': 192, 'thisRepN': 47}>
1100.4058 	DATA 	Keypress: z
1100.4188 	EXP 	fixation_2: autoDraw = False
1100.4188 	EXP 	line_1: autoDraw = False
1100.4188 	EXP 	line_2: autoDraw = False
1100.4188 	EXP 	line_3: autoDraw = False
1100.4188 	EXP 	line_4: autoDraw = False
1100.4188 	EXP 	probe_2: autoDraw = False
1100.4188 	EXP 	fixation_2: autoDraw = True
1100.4695 	EXP 	Device response: <KeyPress from None: t=1100.3967325999984, value=z, duration=0.06865199998719618>
1101.4038 	EXP 	line_1: autoDraw = True
1101.4038 	EXP 	line_2: autoDraw = True
1101.4038 	EXP 	line_3: autoDraw = True
1101.4038 	EXP 	line_4: autoDraw = True
1101.4200 	EXP 	fixation_2: autoDraw = False
1102.4034 	INFO 	Keyboard events cleared
1102.4032 	EXP 	probe_2: autoDraw = True
1103.0862 	EXP 	Device response: <KeyPress from None: t=1103.0770762999891, value=z, duration=None>
1103.0865 	EXP 	New trial (rep=48, index=193): <Trial 193 (193 in rep 48) data={'pos': np.int64(-150), 'corr_resp': 'z', 'thisN': 193, 'thisTrialN': 193, 'thisRepN': 48}>
1103.0879 	DATA 	Keypress: z
1103.1020 	EXP 	fixation_2: autoDraw = False
1103.1020 	EXP 	line_1: autoDraw = False
1103.1020 	EXP 	line_2: autoDraw = False
1103.1020 	EXP 	line_3: autoDraw = False
1103.1020 	EXP 	line_4: autoDraw = False
1103.1020 	EXP 	probe_2: autoDraw = False
1103.1020 	EXP 	fixation_2: autoDraw = True
1103.1538 	EXP 	Device response: <KeyPress from None: t=1103.0770762999891, value=z, duration=0.06842710002092645>
1104.0869 	EXP 	line_1: autoDraw = True
1104.0869 	EXP 	line_2: autoDraw = True
1104.0869 	EXP 	line_3: autoDraw = True
1104.0869 	EXP 	line_4: autoDraw = True
1104.1028 	EXP 	fixation_2: autoDraw = False
1105.0874 	INFO 	Keyboard events cleared
1105.0872 	EXP 	probe_2: autoDraw = True
1105.7876 	EXP 	Device response: <KeyPress from None: t=1105.7783077000058, value=z, duration=None>
1105.7881 	EXP 	New trial (rep=49, index=194): <Trial 194 (194 in rep 49) data={'pos': np.int64(-150), 'corr_resp': 'z', 'thisN': 194, 'thisTrialN': 194, 'thisRepN': 49}>
1105.7897 	DATA 	Keypress: z
1105.8028 	EXP 	fixation_2: autoDraw = False
1105.8028 	EXP 	line_1: autoDraw = False
1105.8028 	EXP 	line_2: autoDraw = False
1105.8028 	EXP 	line_3: autoDraw = False
1105.8028 	EXP 	line_4: autoDraw = False
1105.8028 	EXP 	probe_2: autoDraw = False
1105.8028 	EXP 	fixation_2: autoDraw = True
1105.8527 	EXP 	Device response: <KeyPress from None: t=1105.7783077000058, value=z, duration=0.06731569999828935>
1106.7871 	EXP 	line_1: autoDraw = True
1106.7871 	EXP 	line_2: autoDraw = True
1106.7871 	EXP 	line_3: autoDraw = True
1106.7871 	EXP 	line_4: autoDraw = True
1106.8037 	EXP 	fixation_2: autoDraw = False
1107.8039 	INFO 	Keyboard events cleared
1107.8037 	EXP 	probe_2: autoDraw = True
1108.8039 	EXP 	Device response: <KeyPress from None: t=1108.795028500026, value=z, duration=None>
1108.8043 	EXP 	New trial (rep=48, index=195): <Trial 195 (195 in rep 48) data={'pos': np.int64(50), 'corr_resp': 'c', 'thisN': 195, 'thisTrialN': 195, 'thisRepN': 48}>
1108.8058 	DATA 	Keypress: z
1108.8201 	EXP 	fixation_2: autoDraw = False
1108.8201 	EXP 	line_1: autoDraw = False
1108.8201 	EXP 	line_2: autoDraw = False
1108.8201 	EXP 	line_3: autoDraw = False
1108.8201 	EXP 	line_4: autoDraw = False
1108.8201 	EXP 	probe_2: autoDraw = False
1108.8201 	EXP 	fixation_2: autoDraw = True
1108.8869 	EXP 	Device response: <KeyPress from None: t=1108.795028500026, value=z, duration=0.07816749997437>
1109.8039 	EXP 	line_1: autoDraw = True
1109.8039 	EXP 	line_2: autoDraw = True
1109.8039 	EXP 	line_3: autoDraw = True
1109.8039 	EXP 	line_4: autoDraw = True
1109.8200 	EXP 	fixation_2: autoDraw = False
1110.8042 	INFO 	Keyboard events cleared
1110.8040 	EXP 	probe_2: autoDraw = True
1112.3067 	DATA 	Keypress: c
1112.3204 	EXP 	Device response: <KeyPress from None: t=1112.3053799999761, value=c, duration=None>
1112.3208 	EXP 	New trial (rep=49, index=196): <Trial 196 (196 in rep 49) data={'pos': np.int64(-50), 'corr_resp': 'x', 'thisN': 196, 'thisTrialN': 196, 'thisRepN': 49}>
1112.3371 	EXP 	fixation_2: autoDraw = False
1112.3371 	EXP 	line_1: autoDraw = False
1112.3371 	EXP 	line_2: autoDraw = False
1112.3371 	EXP 	line_3: autoDraw = False
1112.3371 	EXP 	line_4: autoDraw = False
1112.3371 	EXP 	probe_2: autoDraw = False
1112.3371 	EXP 	fixation_2: autoDraw = True
1112.3868 	EXP 	Device response: <KeyPress from None: t=1112.3053799999761, value=c, duration=0.07143980002729222>
1113.3374 	EXP 	line_1: autoDraw = True
1113.3374 	EXP 	line_2: autoDraw = True
1113.3374 	EXP 	line_3: autoDraw = True
1113.3374 	EXP 	line_4: autoDraw = True
1113.3530 	EXP 	fixation_2: autoDraw = False
1114.3202 	INFO 	Keyboard events cleared
1114.3200 	EXP 	probe_2: autoDraw = True
1115.0880 	DATA 	Keypress: x
1115.1041 	EXP 	Device response: <KeyPress from None: t=1115.0862090999726, value=x, duration=None>
1115.1046 	EXP 	New trial (rep=48, index=197): <Trial 197 (197 in rep 48) data={'pos': np.int64(150), 'corr_resp': 'v', 'thisN': 197, 'thisTrialN': 197, 'thisRepN': 48}>
1115.1197 	EXP 	fixation_2: autoDraw = False
1115.1197 	EXP 	line_1: autoDraw = False
1115.1197 	EXP 	line_2: autoDraw = False
1115.1197 	EXP 	line_3: autoDraw = False
1115.1197 	EXP 	line_4: autoDraw = False
1115.1197 	EXP 	probe_2: autoDraw = False
1115.1197 	EXP 	fixation_2: autoDraw = True
1115.1877 	EXP 	Device response: <KeyPress from None: t=1115.0862090999726, value=x, duration=0.09350320004159585>
1116.1201 	EXP 	fixation_2: autoDraw = False
1116.1201 	EXP 	line_1: autoDraw = True
1116.1201 	EXP 	line_2: autoDraw = True
1116.1201 	EXP 	line_3: autoDraw = True
1116.1201 	EXP 	line_4: autoDraw = True
1117.1043 	INFO 	Keyboard events cleared
1117.1041 	EXP 	probe_2: autoDraw = True
1118.0402 	DATA 	Keypress: v
1118.0541 	EXP 	Device response: <KeyPress from None: t=1118.038330100011, value=v, duration=None>
1118.0545 	EXP 	New trial (rep=49, index=198): <Trial 198 (198 in rep 49) data={'pos': np.int64(150), 'corr_resp': 'v', 'thisN': 198, 'thisTrialN': 198, 'thisRepN': 49}>
1118.0692 	EXP 	fixation_2: autoDraw = False
1118.0692 	EXP 	line_1: autoDraw = False
1118.0692 	EXP 	line_2: autoDraw = False
1118.0692 	EXP 	line_3: autoDraw = False
1118.0692 	EXP 	line_4: autoDraw = False
1118.0692 	EXP 	probe_2: autoDraw = False
1118.0692 	EXP 	fixation_2: autoDraw = True
1118.1212 	EXP 	Device response: <KeyPress from None: t=1118.038330100011, value=v, duration=0.0769457999849692>
1119.0541 	EXP 	line_1: autoDraw = True
1119.0541 	EXP 	line_2: autoDraw = True
1119.0541 	EXP 	line_3: autoDraw = True
1119.0541 	EXP 	line_4: autoDraw = True
1119.0707 	EXP 	fixation_2: autoDraw = False
1120.0537 	INFO 	Keyboard events cleared
1120.0535 	EXP 	probe_2: autoDraw = True
1120.8403 	DATA 	Keypress: v
1120.8538 	EXP 	Device response: <KeyPress from None: t=1120.8389943999937, value=v, duration=None>
1120.8543 	EXP 	New trial (rep=49, index=199): <Trial 199 (199 in rep 49) data={'pos': np.int64(50), 'corr_resp': 'c', 'thisN': 199, 'thisTrialN': 199, 'thisRepN': 49}>
1120.8699 	EXP 	fixation_2: autoDraw = False
1120.8699 	EXP 	line_1: autoDraw = False
1120.8699 	EXP 	line_2: autoDraw = False
1120.8699 	EXP 	line_3: autoDraw = False
1120.8699 	EXP 	line_4: autoDraw = False
1120.8699 	EXP 	probe_2: autoDraw = False
1120.8699 	EXP 	fixation_2: autoDraw = True
1120.9206 	EXP 	Device response: <KeyPress from None: t=1120.8389943999937, value=v, duration=0.07116759999189526>
1121.8538 	EXP 	line_1: autoDraw = True
1121.8538 	EXP 	line_2: autoDraw = True
1121.8538 	EXP 	line_3: autoDraw = True
1121.8538 	EXP 	line_4: autoDraw = True
1121.8698 	EXP 	fixation_2: autoDraw = False
1122.8543 	INFO 	Keyboard events cleared
1122.8541 	EXP 	probe_2: autoDraw = True
1123.6040 	EXP 	Device response: <KeyPress from None: t=1123.5914267000044, value=c, duration=None>
1123.6050 	DATA 	Keypress: c
1123.6208 	EXP 	fixation_2: autoDraw = False
1123.6208 	EXP 	line_1: autoDraw = False
1123.6208 	EXP 	line_2: autoDraw = False
1123.6208 	EXP 	line_3: autoDraw = False
1123.6208 	EXP 	line_4: autoDraw = False
1123.6208 	EXP 	probe_2: autoDraw = False
1123.6211 	EXP 	Motor_sequence_exp: status = STOPPED
1123.7792 	INFO 	saved data to 'C:\\Users\\Pooja\\OneDrive\\Desktop\\Motor_Sequence_experiment\\data\\444_Motor_sequence_exp_2025-10-02_13h44.21.710.csv'
1123.7907 	INFO 	saved data to C:\Users\Pooja\OneDrive\Desktop\Motor_Sequence_experiment\data\444_Motor_sequence_exp_2025-10-02_13h44.21.710.psydat
1125.1856 	WARNING 	Stopping key buffers but this could be dangerous ifother keyboards rely on the same.
1125.2831 	WARNING 	Stopping key buffers but this could be dangerous ifother keyboards rely on the same.
1125.2832 	WARNING 	Stopping key buffers but this could be dangerous ifother keyboards rely on the same.
