pos,corr_resp,thisN,thisTrialN,thisRepN,key_resp.keys,key_resp.corr,key_resp.rt,key_resp.duration,key_resp_2.keys,key_resp_2.corr,key_resp_2.rt,key_resp_2.duration,trials.thisRepN,trials.thisTrialN,trials.thisN,trials.thisIndex,trials_2.thisRepN,trials_2.thisTrialN,trials_2.thisN,trials_2.thisIndex,thisRow.t,notes,trial.started,fixation.started,line1.started,line2.started,line3.started,line4.started,fixation.stopped,probe.started,key_resp.started,trial.stopped,trials.key_resp.keys,trials.key_resp.corr,trials.key_resp.rt,trials.key_resp.duration,routine_2.started,fixation_2.started,line_1.started,line_2.started,line_3.started,line_4.started,fixation_2.stopped,probe_2.started,key_resp_2.started,routine_2.stopped,trials_2.key_resp_2.keys,trials_2.key_resp_2.corr,trials_2.key_resp_2.rt,trials_2.key_resp_2.duration,participant,session,date,expName,expVersion,psychopyVersion,frameRate,expStart,
-50,x,0,0,0,x,1,1.0429125999798998,None,,,,,0,0,0,0,,,,,0.02537699998356402,,0.012688099988736212,0.02537699998356402,1.0101394000230357,1.0101394000230357,1.0101394000230357,1.0101394000230357,1.0276993999723345,2.009894200018607,2.009894200018607,3.0762814999907278,x,1,1.0429125999798998,None,,,,,,,,,,,,,,,444,001,2025-10-02_13h44.21.710,Motor_sequence_exp,,2025.1.1,59.72256479855326,2025-10-02 13h44.28.836529 +0530,
150,v,1,1,0,v,1,0.9874464000458829,None,,,,,0,1,1,1,,,,,3.0846485000220127,,3.0766403999878094,3.0846485000220127,4.0776179999811575,4.0776179999811575,4.0776179999811575,4.0776179999811575,4.094718999986071,5.0787296000053175,5.0787296000053175,6.07833779999055,v,1,0.9874464000458829,None,,,,,,,,,,,,,,,444,001,2025-10-02_13h44.21.710,Motor_sequence_exp,,2025.1.1,59.72256479855326,2025-10-02 13h44.28.836529 +0530,
50,c,2,2,0,c,1,1.1236548000015318,None,,,,,0,2,2,2,,,,,6.093766100006178,,6.078754000016488,6.093766100006178,7.078025900002103,7.078025900002103,7.078025900002103,7.078025900002103,7.094518999976572,8.095348200004082,8.095348200004082,9.228402899985667,c,1,1.1236548000015318,None,,,,,,,,,,,,,,,444,001,2025-10-02_13h44.21.710,Motor_sequence_exp,,2025.1.1,59.72256479855326,2025-10-02 13h44.28.836529 +0530,
-150,z,3,3,0,z,1,1.154901800036896,None,,,,,0,3,3,3,,,,,9.245073799975216,,9.22880380001152,9.245073799975216,10.228784699982498,10.228784699982498,10.228784699982498,10.228784699982498,10.24466810002923,11.228331900027115,11.228331900027115,12.396153900015634,z,1,1.154901800036896,None,,,,,,,,,,,,,,,444,001,2025-10-02_13h44.21.710,Motor_sequence_exp,,2025.1.1,59.72256479855326,2025-10-02 13h44.28.836529 +0530,
-50,x,4,0,1,x,1,1.4156556999660097,None,,,,,1,0,4,0,,,,,12.41098799998872,,12.396608099981677,12.41098799998872,13.412096999993082,13.412096999993082,13.412096999993082,13.412096999993082,13.412096999993082,14.411757899972145,14.411757899972145,15.82870070001809,x,1,1.4156556999660097,None,,,,,,,,,,,,,,,444,001,2025-10-02_13h44.21.710,Motor_sequence_exp,,2025.1.1,59.72256479855326,2025-10-02 13h44.28.836529 +0530,
150,v,5,1,1,v,1,0.8366020999965258,None,,,,,1,1,5,1,,,,,15.844395100022666,,15.829185199982021,15.844395100022666,16.827757799997926,16.827757799997926,16.827757799997926,16.827757799997926,16.845488500024658,17.82827230001567,17.82827230001567,18.67960430000676,v,1,0.8366020999965258,None,,,,,,,,,,,,,,,444,001,2025-10-02_13h44.21.710,Motor_sequence_exp,,2025.1.1,59.72256479855326,2025-10-02 13h44.28.836529 +0530,
50,c,6,2,1,c,1,0.9973237999947742,None,,,,,1,2,6,2,,,,,18.694484399980865,,18.680063000007067,18.694484399980865,19.695595299999695,19.695595299999695,19.695595299999695,19.695595299999695,19.695595299999695,20.695210899983067,20.695210899983067,21.693997299997136,c,1,0.9973237999947742,None,,,,,,,,,,,,,,,444,001,2025-10-02_13h44.21.710,Motor_sequence_exp,,2025.1.1,59.72256479855326,2025-10-02 13h44.28.836529 +0530,
-150,z,7,3,1,z,1,0.8970133999828249,None,,,,,1,3,7,3,,,,,21.710404900019057,,21.694464900007006,21.710404900019057,22.6955305999727,22.6955305999727,22.6955305999727,22.6955305999727,22.711160300008487,23.695433599990793,23.695433599990793,24.59467640001094,z,1,0.8970133999828249,None,,,,,,,,,,,,,,,444,001,2025-10-02_13h44.21.710,Motor_sequence_exp,,2025.1.1,59.72256479855326,2025-10-02 13h44.28.836529 +0530,
-50,x,8,0,2,x,1,0.502736399997957,None,,,,,2,0,8,0,,,,,24.610929500020575,,24.59513309999602,24.610929500020575,25.595530999999028,25.595530999999028,25.595530999999028,25.595530999999028,25.61124539998127,26.595174700021744,26.595174700021744,27.11224200000288,x,1,0.502736399997957,None,,,,,,,,,,,,,,,444,001,2025-10-02_13h44.21.710,Motor_sequence_exp,,2025.1.1,59.72256479855326,2025-10-02 13h44.28.836529 +0530,
150,v,9,1,2,v,1,0.4810958000016399,None,,,,,2,1,9,1,,,,,27.12727910000831,,27.112721999990754,27.12727910000831,28.11118579999311,28.11118579999311,28.11118579999311,28.11118579999311,28.127985399973113,29.127258100023028,29.127258100023028,29.612412900023628,v,1,0.4810958000016399,None,,,,,,,,,,,,,,,444,001,2025-10-02_13h44.21.710,Motor_sequence_exp,,2025.1.1,59.72256479855326,2025-10-02 13h44.28.836529 +0530,
50,c,10,2,2,c,1,0.36254389997338876,None,,,,,2,2,10,2,,,,,29.627394600014668,,29.612950399983674,29.627394600014668,30.62677829997847,30.62677829997847,30.62677829997847,30.62677829997847,30.62677829997847,31.628213900025003,31.628213900025003,31.996062999998685,c,1,0.36254389997338876,None,,,,,,,,,,,,,,,444,001,2025-10-02_13h44.21.710,Motor_sequence_exp,,2025.1.1,59.72256479855326,2025-10-02 13h44.28.836529 +0530,
-150,z,11,3,2,z,1,0.41340339998714626,None,,,,,2,3,11,3,,,,,32.01050019997638,,31.99670449999394,32.01050019997638,32.995381899992935,32.995381899992935,32.995381899992935,32.995381899992935,33.01166979997652,34.0122952000238,34.0122952000238,34.42863600002602,z,1,0.41340339998714626,None,,,,,,,,,,,,,,,444,001,2025-10-02_13h44.21.710,Motor_sequence_exp,,2025.1.1,59.72256479855326,2025-10-02 13h44.28.836529 +0530,
-50,x,12,0,3,x,1,0.6525616999715567,None,,,,,3,0,12,0,,,,,34.4447833999875,,34.429257299983874,34.4447833999875,35.428450600011274,35.428450600011274,35.428450600011274,35.428450600011274,35.44500569999218,36.429005399986636,36.429005399986636,37.095151200017426,x,1,0.6525616999715567,None,,,,,,,,,,,,,,,444,001,2025-10-02_13h44.21.710,Motor_sequence_exp,,2025.1.1,59.72256479855326,2025-10-02 13h44.28.836529 +0530,
150,v,13,1,3,v,1,0.37904789997264743,None,,,,,3,1,13,1,,,,,37.11132359999465,,37.095554500003345,37.11132359999465,38.09537840000121,38.09537840000121,38.09537840000121,38.09537840000121,38.1118831000058,39.0949240999762,39.0949240999762,39.47975100000622,v,1,0.37904789997264743,None,,,,,,,,,,,,,,,444,001,2025-10-02_13h44.21.710,Motor_sequence_exp,,2025.1.1,59.72256479855326,2025-10-02 13h44.28.836529 +0530,
50,c,14,2,3,c,1,0.39297490002354607,None,,,,,3,2,14,2,,,,,39.49517700000433,,39.48035299999174,39.49517700000433,40.47882140002912,40.47882140002912,40.47882140002912,40.47882140002912,40.49470370000927,41.49569230002817,41.49569230002817,41.89642890001414,c,1,0.39297490002354607,None,,,,,,,,,,,,,,,444,001,2025-10-02_13h44.21.710,Motor_sequence_exp,,2025.1.1,59.72256479855326,2025-10-02 13h44.28.836529 +0530,
-150,z,15,3,3,z,1,0.42625180003233254,None,,,,,3,3,15,3,,,,,41.91140270000324,,41.897033700020984,41.91140270000324,42.912488400004804,42.912488400004804,42.912488400004804,42.912488400004804,42.912488400004804,43.895909400016535,43.895909400016535,44.33017079997808,z,1,0.42625180003233254,None,,,,,,,,,,,,,,,444,001,2025-10-02_13h44.21.710,Motor_sequence_exp,,2025.1.1,59.72256479855326,2025-10-02 13h44.28.836529 +0530,
-50,x,16,0,4,x,1,0.23529769998276606,None,,,,,4,0,16,0,,,,,44.344599700008985,,44.330631499993615,44.344599700008985,45.34525130002294,45.34525130002294,45.34525130002294,45.34525130002294,45.34525130002294,46.34416610002518,46.34416610002518,46.59551860002102,x,1,0.23529769998276606,None,,,,,,,,,,,,,,,444,001,2025-10-02_13h44.21.710,Motor_sequence_exp,,2025.1.1,59.72256479855326,2025-10-02 13h44.28.836529 +0530,
150,v,17,1,4,v,1,0.25328800000716,None,,,,,4,1,17,1,,,,,46.61238820001017,,46.59591959998943,46.61238820001017,47.59596090001287,47.59596090001287,47.59596090001287,47.59596090001287,47.61206120002316,48.595522699994035,48.595522699994035,48.86269199999515,v,1,0.25328800000716,None,,,,,,,,,,,,,,,444,001,2025-10-02_13h44.21.710,Motor_sequence_exp,,2025.1.1,59.72256479855326,2025-10-02 13h44.28.836529 +0530,
50,c,18,2,4,c,1,0.31847860000561923,None,,,,,4,2,18,2,,,,,48.87821240001358,,48.86315759998979,48.87821240001358,49.862648500013165,49.862648500013165,49.862648500013165,49.862648500013165,49.878661900002044,50.86249560001306,50.86249560001306,51.195754699991085,c,1,0.31847860000561923,None,,,,,,,,,,,,,,,444,001,2025-10-02_13h44.21.710,Motor_sequence_exp,,2025.1.1,59.72256479855326,2025-10-02 13h44.28.836529 +0530,
-150,z,19,3,4,z,1,0.3306760999839753,None,,,,,4,3,19,3,,,,,51.21183799998835,,51.19619250000687,51.21183799998835,52.19526459998451,52.19526459998451,52.19526459998451,52.19526459998451,52.21281729999464,53.19606799999019,53.19606799999019,53.530010399990715,z,1,0.3306760999839753,None,,,,,,,,,,,,,,,444,001,2025-10-02_13h44.21.710,Motor_sequence_exp,,2025.1.1,59.72256479855326,2025-10-02 13h44.28.836529 +0530,
-50,x,20,0,5,x,1,0.3236583000398241,None,,,,,5,0,20,0,,,,,53.544131400005426,,53.53046069998527,53.544131400005426,54.528652200009674,54.528652200009674,54.528652200009674,54.528652200009674,54.54567680001492,55.52942440001061,55.52942440001061,55.86246580001898,x,1,0.3236583000398241,None,,,,,,,,,,,,,,,444,001,2025-10-02_13h44.21.710,Motor_sequence_exp,,2025.1.1,59.72256479855326,2025-10-02 13h44.28.836529 +0530,
150,v,21,1,5,v,1,0.3299642000347376,None,,,,,5,1,21,1,,,,,55.87775420001708,,55.86291780002648,55.87775420001708,56.86233410000568,56.86233410000568,56.86233410000568,56.86233410000568,56.879205300007015,57.86273280001478,57.86273280001478,58.19622869999148,v,1,0.3299642000347376,None,,,,,,,,,,,,,,,444,001,2025-10-02_13h44.21.710,Motor_sequence_exp,,2025.1.1,59.72256479855326,2025-10-02 13h44.28.836529 +0530,
50,c,22,2,5,c,1,0.36549729999387637,None,,,,,5,2,22,2,,,,,58.21196190000046,,58.196739899984095,58.21196190000046,59.1951301000081,59.1951301000081,59.1951301000081,59.1951301000081,59.212696100003086,60.195257399987895,60.195257399987895,60.563650500029325,c,1,0.36549729999387637,None,,,,,,,,,,,,,,,444,001,2025-10-02_13h44.21.710,Motor_sequence_exp,,2025.1.1,59.72256479855326,2025-10-02 13h44.28.836529 +0530,
-150,z,23,3,5,z,1,0.3813592999940738,None,,,,,5,3,23,3,,,,,60.57833360001678,,60.56411279999884,60.57833360001678,61.56219660001807,61.56219660001807,61.56219660001807,61.56219660001807,61.57898839999689,62.57835610001348,62.57835610001348,62.96254149999004,z,1,0.3813592999940738,None,,,,,,,,,,,,,,,444,001,2025-10-02_13h44.21.710,Motor_sequence_exp,,2025.1.1,59.72256479855326,2025-10-02 13h44.28.836529 +0530,
-50,x,24,0,6,x,1,0.4697527000098489,None,,,,,6,0,24,0,,,,,62.97768429998541,,62.962966400024015,62.97768429998541,63.962138500006404,63.962138500006404,63.962138500006404,63.962138500006404,63.979648099979386,64.96287220000522,64.96287220000522,65.44521899998654,x,1,0.4697527000098489,None,,,,,,,,,,,,,,,444,001,2025-10-02_13h44.21.710,Motor_sequence_exp,,2025.1.1,59.72256479855326,2025-10-02 13h44.28.836529 +0530,
150,v,25,1,6,v,1,0.5227893000119366,None,,,,,6,1,25,1,,,,,65.4624626999721,,65.44568100001197,65.4624626999721,66.44601439998951,66.44601439998951,66.44601439998951,66.44601439998951,66.46259070001543,67.44570829998702,67.44570829998702,67.9794045999879,v,1,0.5227893000119366,None,,,,,,,,,,,,,,,444,001,2025-10-02_13h44.21.710,Motor_sequence_exp,,2025.1.1,59.72256479855326,2025-10-02 13h44.28.836529 +0530,
50,c,26,2,6,c,1,0.4140758000430651,None,,,,,6,2,26,2,,,,,67.99639149999712,,67.97980109998025,67.99639149999712,68.97881770000095,68.97881770000095,68.97881770000095,68.97881770000095,68.99625299999025,69.97759209998185,69.97759209998185,70.39661769999657,c,1,0.4140758000430651,None,,,,,,,,,,,,,,,444,001,2025-10-02_13h44.21.710,Motor_sequence_exp,,2025.1.1,59.72256479855326,2025-10-02 13h44.28.836529 +0530,
-150,z,27,3,6,z,1,0.464397200034,None,,,,,6,3,27,3,,,,,70.41123989998596,,70.39707270002691,70.41123989998596,71.41280210000696,71.41280210000696,71.41280210000696,71.41280210000696,71.41280210000696,72.39582009997685,72.39582009997685,72.86247599998023,z,1,0.464397200034,None,,,,,,,,,,,,,,,444,001,2025-10-02_13h44.21.710,Motor_sequence_exp,,2025.1.1,59.72256479855326,2025-10-02 13h44.28.836529 +0530,
-50,x,28,0,7,x,1,0.34199349995469674,None,,,,,7,0,28,0,,,,,72.87812960002339,,72.8628854000126,72.87812960002339,73.88017449999461,73.88017449999461,73.88017449999461,73.88017449999461,73.88017449999461,74.86310680001043,74.86310680001043,75.21241229999578,x,1,0.34199349995469674,None,,,,,,,,,,,,,,,444,001,2025-10-02_13h44.21.710,Motor_sequence_exp,,2025.1.1,59.72256479855326,2025-10-02 13h44.28.836529 +0530,
150,v,29,1,7,v,1,0.3707686999696307,None,,,,,7,1,29,1,,,,,75.22950150002725,,75.21280929999193,75.22950150002725,76.21227229997749,76.21227229997749,76.21227229997749,76.21227229997749,76.22896049998235,77.21233639999991,77.21233639999991,77.59761240001535,v,1,0.3707686999696307,None,,,,,,,,,,,,,,,444,001,2025-10-02_13h44.21.710,Motor_sequence_exp,,2025.1.1,59.72256479855326,2025-10-02 13h44.28.836529 +0530,
50,c,30,2,7,c,1,0.35421839996706694,None,,,,,7,2,30,2,,,,,77.61181460000807,,77.59807659999933,77.61181460000807,78.61276639997959,78.61276639997959,78.61276639997959,78.61276639997959,78.61276639997959,79.61170529999072,79.61170529999072,79.97945599997183,c,1,0.35421839996706694,None,,,,,,,,,,,,,,,444,001,2025-10-02_13h44.21.710,Motor_sequence_exp,,2025.1.1,59.72256479855326,2025-10-02 13h44.28.836529 +0530,
-150,z,31,3,7,z,1,0.27653139998437837,None,,,,,7,3,31,3,,,,,79.99593949998962,,79.97986439999659,79.99593949998962,80.97796899999958,80.97796899999958,80.97796899999958,80.97796899999958,81.01314260001527,81.97979429998668,81.97979429998668,82.26403060002485,z,1,0.27653139998437837,None,,,,,,,,,,,,,,,444,001,2025-10-02_13h44.21.710,Motor_sequence_exp,,2025.1.1,59.72256479855326,2025-10-02 13h44.28.836529 +0530,
-50,x,32,0,8,x,1,0.24192860000766814,None,,,,,8,0,32,0,,,,,82.27803390001645,,82.26465259998804,82.27803390001645,83.27880289999302,83.27880289999302,83.27880289999302,83.27880289999302,83.27880289999302,84.26217210001778,84.26217210001778,84.51296650001314,x,1,0.24192860000766814,None,,,,,,,,,,,,,,,444,001,2025-10-02_13h44.21.710,Motor_sequence_exp,,2025.1.1,59.72256479855326,2025-10-02 13h44.28.836529 +0530,
150,v,33,1,8,v,1,0.32447220000904053,None,,,,,8,1,33,1,,,,,84.52999170002295,,84.51336590002757,84.52999170002295,85.51298010000028,85.51298010000028,85.51298010000028,85.51298010000028,85.52981219999492,86.51313039998058,86.51313039998058,86.8474304000265,v,1,0.32447220000904053,None,,,,,,,,,,,,,,,444,001,2025-10-02_13h44.21.710,Motor_sequence_exp,,2025.1.1,59.72256479855326,2025-10-02 13h44.28.836529 +0530,
50,c,34,2,8,c,1,0.2968624000204727,None,,,,,8,2,34,2,,,,,86.86124150000978,,86.84807240002556,86.86124150000978,87.86315250000916,87.86315250000916,87.86315250000916,87.86315250000916,87.86315250000916,88.86276190000353,88.86276190000353,89.16365699999733,c,1,0.2968624000204727,None,,,,,,,,,,,,,,,444,001,2025-10-02_13h44.21.710,Motor_sequence_exp,,2025.1.1,59.72256479855326,2025-10-02 13h44.28.836529 +0530,
-150,z,35,3,8,z,1,0.28768619999755174,None,,,,,8,3,35,3,,,,,89.17883639998036,,89.16412470000796,89.17883639998036,90.16221009998117,90.16221009998117,90.16221009998117,90.16221009998117,90.17992730002152,91.17902610002784,91.17902610002784,91.47982359997695,z,1,0.28768619999755174,None,,,,,,,,,,,,,,,444,001,2025-10-02_13h44.21.710,Motor_sequence_exp,,2025.1.1,59.72256479855326,2025-10-02 13h44.28.836529 +0530,
-50,x,36,0,9,x,1,0.292141999991145,None,,,,,9,0,36,0,,,,,91.49580019997666,,91.48044100002153,91.49580019997666,92.47984929999802,92.47984929999802,92.47984929999802,92.47984929999802,92.49626069999067,93.47995329997502,93.47995329997502,93.78064860001905,x,1,0.292141999991145,None,,,,,,,,,,,,,,,444,001,2025-10-02_13h44.21.710,Motor_sequence_exp,,2025.1.1,59.72256479855326,2025-10-02 13h44.28.836529 +0530,
150,v,37,1,9,v,1,0.33978510001907125,None,,,,,9,1,37,1,,,,,93.79482810001355,,93.78129219997209,93.79482810001355,94.79498110001441,94.79498110001441,94.79498110001441,94.79498110001441,94.79498110001441,95.79535199998645,95.79535199998645,96.14570450002793,v,1,0.33978510001907125,None,,,,,,,,,,,,,,,444,001,2025-10-02_13h44.21.710,Motor_sequence_exp,,2025.1.1,59.72256479855326,2025-10-02 13h44.28.836529 +0530,
50,c,38,2,9,c,1,0.4028144999756478,None,,,,,9,2,38,2,,,,,96.16116329998476,,96.14600110001629,96.16116329998476,97.14549199998146,97.14549199998146,97.14549199998146,97.14549199998146,97.16147049999563,98.14459989999887,98.14459989999887,98.56185100000584,c,1,0.4028144999756478,None,,,,,,,,,,,,,,,444,001,2025-10-02_13h44.21.710,Motor_sequence_exp,,2025.1.1,59.72256479855326,2025-10-02 13h44.28.836529 +0530,
-150,z,39,3,9,z,1,0.26884379994589835,None,,,,,9,3,39,3,,,,,98.57865779998247,,98.56224729999667,98.57865779998247,99.56110099999933,99.56110099999933,99.56110099999933,99.56110099999933,99.57859910000116,100.56152849999489,100.56152849999489,100.84577010001522,z,1,0.26884379994589835,None,,,,,,,,,,,,,,,444,001,2025-10-02_13h44.21.710,Motor_sequence_exp,,2025.1.1,59.72256479855326,2025-10-02 13h44.28.836529 +0530,
-50,x,40,0,10,x,1,0.21514320001006126,None,,,,,10,0,40,0,,,,,100.86199429997941,,100.84627889998956,100.86199429997941,101.84536620002473,101.84536620002473,101.84536620002473,101.84536620002473,101.86144680000143,102.84447379998164,102.84447379998164,103.06281550001586,x,1,0.21514320001006126,None,,,,,,,,,,,,,,,444,001,2025-10-02_13h44.21.710,Motor_sequence_exp,,2025.1.1,59.72256479855326,2025-10-02 13h44.28.836529 +0530,
150,v,41,1,10,v,1,0.349048700009007,None,,,,,10,1,41,1,,,,,103.07820889999857,,103.06309419998433,103.07820889999857,104.06227330002002,104.06227330002002,104.06227330002002,104.06227330002002,104.07897819997743,105.0780792000005,105.0780792000005,105.42861340002855,v,1,0.349048700009007,None,,,,,,,,,,,,,,,444,001,2025-10-02_13h44.21.710,Motor_sequence_exp,,2025.1.1,59.72256479855326,2025-10-02 13h44.28.836529 +0530,
50,c,42,2,10,c,1,0.22763280000071973,None,,,,,10,2,42,2,,,,,105.4445940000005,,105.42898199998308,105.4445940000005,106.42838990001474,106.42838990001474,106.42838990001474,106.42838990001474,106.44469059997937,107.42817000002833,107.42817000002833,107.66329499997664,c,1,0.22763280000071973,None,,,,,,,,,,,,,,,444,001,2025-10-02_13h44.21.710,Motor_sequence_exp,,2025.1.1,59.72256479855326,2025-10-02 13h44.28.836529 +0530,
-150,z,43,3,10,z,1,0.3347372999996878,None,,,,,10,3,43,3,,,,,107.6782194999978,,107.66370660002576,107.6782194999978,108.66129030002048,108.66129030002048,108.66129030002048,108.66129030002048,108.67803250002908,109.6786913999822,109.6786913999822,110.02909239998553,z,1,0.3347372999996878,None,,,,,,,,,,,,,,,444,001,2025-10-02_13h44.21.710,Motor_sequence_exp,,2025.1.1,59.72256479855326,2025-10-02 13h44.28.836529 +0530,
-50,x,44,0,11,x,1,0.32826000003842637,None,,,,,11,0,44,0,,,,,110.04558650002582,,110.02948059997289,110.04558650002582,111.04479780001566,111.04479780001566,111.04479780001566,111.04479780001566,111.04479780001566,112.02893789997324,112.02893789997324,112.3619883999927,x,1,0.32826000003842637,None,,,,,,,,,,,,,,,444,001,2025-10-02_13h44.21.710,Motor_sequence_exp,,2025.1.1,59.72256479855326,2025-10-02 13h44.28.836529 +0530,
150,v,45,1,11,v,1,0.2881827999954112,None,,,,,11,1,45,1,,,,,112.37882240000181,,112.36251509998692,112.37882240000181,113.36202429997502,113.36202429997502,113.36202429997502,113.36202429997502,113.37878109997837,114.36212310002884,114.36212310002884,114.66262110002572,v,1,0.2881827999954112,None,,,,,,,,,,,,,,,444,001,2025-10-02_13h44.21.710,Motor_sequence_exp,,2025.1.1,59.72256479855326,2025-10-02 13h44.28.836529 +0530,
50,c,46,2,11,c,1,0.26073770003858954,None,,,,,11,2,46,2,,,,,114.67895149998367,,114.66295780002838,114.67895149998367,115.66263289999915,115.66263289999915,115.66263289999915,115.66263289999915,115.67940570000792,116.6632527000038,116.6632527000038,116.93078980001155,c,1,0.26073770003858954,None,,,,,,,,,,,,,,,444,001,2025-10-02_13h44.21.710,Motor_sequence_exp,,2025.1.1,59.72256479855326,2025-10-02 13h44.28.836529 +0530,
-150,z,47,3,11,z,1,0.2765697999857366,None,,,,,11,3,47,3,,,,,116.94669890002115,,116.93127539998386,116.94669890002115,117.92967219999991,117.92967219999991,117.92967219999991,117.92967219999991,117.94628460000968,118.93058390001534,118.93058390001534,119.21338869997999,z,1,0.2765697999857366,None,,,,,,,,,,,,,,,444,001,2025-10-02_13h44.21.710,Motor_sequence_exp,,2025.1.1,59.72256479855326,2025-10-02 13h44.28.836529 +0530,
-50,x,48,0,12,x,1,0.34212569997180253,None,,,,,12,0,48,0,,,,,119.2287803000072,,119.21395170001779,119.2287803000072,120.21354099997552,120.21354099997552,120.21354099997552,120.21354099997552,120.22986820002552,121.21319069998572,121.21319069998572,121.56316760001937,x,1,0.34212569997180253,None,,,,,,,,,,,,,,,444,001,2025-10-02_13h44.21.710,Motor_sequence_exp,,2025.1.1,59.72256479855326,2025-10-02 13h44.28.836529 +0530,
150,v,49,1,12,v,1,0.5631380000268109,None,,,,,12,1,49,1,,,,,121.57925439998507,,121.56362570001511,121.57925439998507,122.56344970001373,122.56344970001373,122.56344970001373,122.56344970001373,122.58013989997562,123.56304879998788,123.56304879998788,124.13028119999217,v,1,0.5631380000268109,None,,,,,,,,,,,,,,,444,001,2025-10-02_13h44.21.710,Motor_sequence_exp,,2025.1.1,59.72256479855326,2025-10-02 13h44.28.836529 +0530,
50,c,50,2,12,c,1,0.6057522000046447,None,,,,,12,2,50,2,,,,,124.14620529999956,,124.13073450000957,124.14620529999956,125.12945920001948,125.12945920001948,125.12945920001948,125.12945920001948,125.14656650001416,126.13058350002393,126.13058350002393,126.74678470002254,c,1,0.6057522000046447,None,,,,,,,,,,,,,,,444,001,2025-10-02_13h44.21.710,Motor_sequence_exp,,2025.1.1,59.72256479855326,2025-10-02 13h44.28.836529 +0530,
-150,z,51,3,12,z,1,0.35908219998236746,None,,,,,12,3,51,3,,,,,126.762888199999,,126.74717819999205,126.762888199999,127.74729929998284,127.74729929998284,127.74729929998284,127.74729929998284,127.76307430001907,128.74705770000583,128.74705770000583,129.11406509997323,z,1,0.35908219998236746,None,,,,,,,,,,,,,,,444,001,2025-10-02_13h44.21.710,Motor_sequence_exp,,2025.1.1,59.72256479855326,2025-10-02 13h44.28.836529 +0530,
-50,x,52,0,13,x,1,0.3195326999993995,None,,,,,13,0,52,0,,,,,129.12867319997167,,129.11470799997915,129.12867319997167,130.12986960000126,130.12986960000126,130.12986960000126,130.12986960000126,130.12986960000126,131.12904690002324,131.12904690002324,131.4635725999833,x,1,0.3195326999993995,None,,,,,,,,,,,,,,,444,001,2025-10-02_13h44.21.710,Motor_sequence_exp,,2025.1.1,59.72256479855326,2025-10-02 13h44.28.836529 +0530,
150,v,53,1,13,v,1,0.31887870002537966,None,,,,,13,1,53,1,,,,,131.4794610000099,,131.46396610001102,131.4794610000099,132.46374350000406,132.46374350000406,132.46374350000406,132.46374350000406,132.48025439999765,133.46292020002147,133.46292020002147,133.79697079997277,v,1,0.31887870002537966,None,,,,,,,,,,,,,,,444,001,2025-10-02_13h44.21.710,Motor_sequence_exp,,2025.1.1,59.72256479855326,2025-10-02 13h44.28.836529 +0530,
50,c,54,2,13,c,1,0.27744600002188236,None,,,,,13,2,54,2,,,,,133.81383699999424,,133.79738629999338,133.81383699999424,134.79736020002747,134.79736020002747,134.79736020002747,134.79736020002747,134.81392990000313,135.79734920000192,135.79734920000192,136.0797397000133,c,1,0.27744600002188236,None,,,,,,,,,,,,,,,444,001,2025-10-02_13h44.21.710,Motor_sequence_exp,,2025.1.1,59.72256479855326,2025-10-02 13h44.28.836529 +0530,
-150,z,55,3,13,z,1,0.3235401000129059,None,,,,,13,3,55,3,,,,,136.09557180001866,,136.08013239997672,136.09557180001866,137.08073210000293,137.08073210000293,137.08073210000293,137.08073210000293,137.09652219997952,138.07955999998376,138.07955999998376,138.41334249998908,z,1,0.3235401000129059,None,,,,,,,,,,,,,,,444,001,2025-10-02_13h44.21.710,Motor_sequence_exp,,2025.1.1,59.72256479855326,2025-10-02 13h44.28.836529 +0530,
-50,x,56,0,14,x,1,0.3040519999922253,None,,,,,14,0,56,0,,,,,138.43047149997437,,138.41377460001968,138.43047149997437,139.41409340000246,139.41409340000246,139.41409340000246,139.41409340000246,139.42997669999022,140.4135346999974,140.4135346999974,140.7185111999861,x,1,0.3040519999922253,None,,,,,,,,,,,,,,,444,001,2025-10-02_13h44.21.710,Motor_sequence_exp,,2025.1.1,59.72256479855326,2025-10-02 13h44.28.836529 +0530,
150,v,57,1,14,v,1,0.4012675000121817,None,,,,,14,1,57,1,,,,,140.7279027000186,,140.71896119997837,140.7279027000186,141.730792700022,141.730792700022,141.730792700022,141.730792700022,141.730792700022,142.73005770001328,142.73005770001328,143.14820009999676,v,1,0.4012675000121817,None,,,,,,,,,,,,,,,444,001,2025-10-02_13h44.21.710,Motor_sequence_exp,,2025.1.1,59.72256479855326,2025-10-02 13h44.28.836529 +0530,
50,c,58,2,14,c,1,0.5080834000254981,None,,,,,14,2,58,2,,,,,143.16220369999064,,143.14888190000784,143.16220369999064,144.1637537999777,144.1637537999777,144.1637537999777,144.1637537999777,144.1637537999777,145.16374940000242,145.16374940000242,145.68043930002023,c,1,0.5080834000254981,None,,,,,,,,,,,,,,,444,001,2025-10-02_13h44.21.710,Motor_sequence_exp,,2025.1.1,59.72256479855326,2025-10-02 13h44.28.836529 +0530,
-150,z,59,3,14,z,1,0.4057485000230372,None,,,,,14,3,59,3,,,,,145.6963434999925,,145.68086209998,145.6963434999925,146.67937440000242,146.67937440000242,146.67937440000242,146.67937440000242,146.69572509999853,147.68073030002415,147.68073030002415,148.09772489999887,z,1,0.4057485000230372,None,,,,,,,,,,,,,,,444,001,2025-10-02_13h44.21.710,Motor_sequence_exp,,2025.1.1,59.72256479855326,2025-10-02 13h44.28.836529 +0530,
-50,x,60,0,15,x,1,0.3851979000028223,None,,,,,15,0,60,0,,,,,148.11313419998623,,148.09858230000827,148.11313419998623,149.09761420002906,149.09761420002906,149.09761420002906,149.09761420002906,149.11367310001515,150.11410910001723,150.11410910001723,150.51339779997943,x,1,0.3851979000028223,None,,,,,,,,,,,,,,,444,001,2025-10-02_13h44.21.710,Motor_sequence_exp,,2025.1.1,59.72256479855326,2025-10-02 13h44.28.836529 +0530,
150,v,61,1,15,v,1,0.37040680000791326,None,,,,,15,1,61,1,,,,,150.52950960001908,,150.51396130002104,150.52950960001908,151.51389020000352,151.51389020000352,151.51389020000352,151.51389020000352,151.5304667999735,152.51306349999504,152.51306349999504,152.89750780002214,v,1,0.37040680000791326,None,,,,,,,,,,,,,,,444,001,2025-10-02_13h44.21.710,Motor_sequence_exp,,2025.1.1,59.72256479855326,2025-10-02 13h44.28.836529 +0530,
50,c,62,2,15,c,1,0.6345852999947965,None,,,,,15,2,62,2,,,,,152.91253720002715,,152.8979236999876,152.91253720002715,153.91354239999782,153.91354239999782,153.91354239999782,153.91354239999782,153.91354239999782,154.8972656999831,154.8972656999831,155.54719100001967,c,1,0.6345852999947965,None,,,,,,,,,,,,,,,444,001,2025-10-02_13h44.21.710,Motor_sequence_exp,,2025.1.1,59.72256479855326,2025-10-02 13h44.28.836529 +0530,
-150,z,63,3,15,z,1,0.5276689999736845,None,,,,,15,3,63,3,,,,,155.56324380001752,,155.54761740000686,155.56324380001752,156.54707309999503,156.54707309999503,156.54707309999503,156.54707309999503,156.5643110999954,157.5459342999966,157.5459342999966,158.08129300002474,z,1,0.5276689999736845,None,,,,,,,,,,,,,,,444,001,2025-10-02_13h44.21.710,Motor_sequence_exp,,2025.1.1,59.72256479855326,2025-10-02 13h44.28.836529 +0530,
-50,x,64,0,16,x,1,0.3998898999998346,None,,,,,16,0,64,0,,,,,158.0958352999878,,158.08183029998327,158.0958352999878,159.07925740000792,159.07925740000792,159.07925740000792,159.07925740000792,159.0975917999749,160.08050929999445,160.08050929999445,160.49749119998887,x,1,0.3998898999998346,None,,,,,,,,,,,,,,,444,001,2025-10-02_13h44.21.710,Motor_sequence_exp,,2025.1.1,59.72256479855326,2025-10-02 13h44.28.836529 +0530,
150,v,65,1,16,v,1,0.309813599975314,None,,,,,16,1,65,1,,,,,160.51263499999186,,160.49792180000804,160.51263499999186,161.49583229998825,161.49583229998825,161.49583229998825,161.49583229998825,161.51430759998038,162.51436349999858,162.51436349999858,162.8318794000079,v,1,0.309813599975314,None,,,,,,,,,,,,,,,444,001,2025-10-02_13h44.21.710,Motor_sequence_exp,,2025.1.1,59.72256479855326,2025-10-02 13h44.28.836529 +0530,
50,c,66,2,16,c,1,0.5523610999807715,None,,,,,16,2,66,2,,,,,162.84664290002547,,162.83232659997884,162.84664290002547,163.84737039997708,163.84737039997708,163.84737039997708,163.84737039997708,163.84737039997708,164.84710459999042,164.84710459999042,165.41471879999153,c,1,0.5523610999807715,None,,,,,,,,,,,,,,,444,001,2025-10-02_13h44.21.710,Motor_sequence_exp,,2025.1.1,59.72256479855326,2025-10-02 13h44.28.836529 +0530,
-150,z,67,3,16,z,1,0.3478858000016771,None,,,,,16,3,67,3,,,,,165.43024979997426,,165.41512000001967,165.43024979997426,166.41374910000013,166.41374910000013,166.41374910000013,166.41374910000013,166.43081460002577,167.4309824000229,167.4309824000229,167.7814575000084,z,1,0.3478858000016771,None,,,,,,,,,,,,,,,444,001,2025-10-02_13h44.21.710,Motor_sequence_exp,,2025.1.1,59.72256479855326,2025-10-02 13h44.28.836529 +0530,
-50,x,68,0,17,x,1,0.3348577999859117,None,,,,,17,0,68,0,,,,,167.79663870000513,,167.78185809997376,167.79663870000513,168.7806305999984,168.7806305999984,168.7806305999984,168.7806305999984,168.79743610002333,169.78071409999393,169.78071409999393,170.13171609997516,x,1,0.3348577999859117,None,,,,,,,,,,,,,,,444,001,2025-10-02_13h44.21.710,Motor_sequence_exp,,2025.1.1,59.72256479855326,2025-10-02 13h44.28.836529 +0530,
150,v,69,1,17,v,1,0.3538647000095807,None,,,,,17,1,69,1,,,,,170.14593840000452,,170.13216769997962,170.14593840000452,171.1309326000046,171.1309326000046,171.1309326000046,171.1309326000046,171.1475079000229,172.1475567999878,172.1475567999878,172.51434719999088,v,1,0.3538647000095807,None,,,,,,,,,,,,,,,444,001,2025-10-02_13h44.21.710,Motor_sequence_exp,,2025.1.1,59.72256479855326,2025-10-02 13h44.28.836529 +0530,
50,c,70,2,17,c,1,0.23849600000539795,None,,,,,17,2,70,2,,,,,172.53079340001568,,172.51481319998857,172.53079340001568,173.5144561000052,173.5144561000052,173.5144561000052,173.5144561000052,173.5301199000096,174.5145867000101,174.5145867000101,174.7636115999776,c,1,0.23849600000539795,None,,,,,,,,,,,,,,,444,001,2025-10-02_13h44.21.710,Motor_sequence_exp,,2025.1.1,59.72256479855326,2025-10-02 13h44.28.836529 +0530,
-150,z,71,3,17,z,1,0.24292960000457242,None,,,,,17,3,71,3,,,,,174.7811972000054,,174.76400349999312,174.7811972000054,175.76423109997995,175.76423109997995,175.76423109997995,175.76423109997995,175.7810472000274,176.76431340002455,176.76431340002455,177.01488390000304,z,1,0.24292960000457242,None,,,,,,,,,,,,,,,444,001,2025-10-02_13h44.21.710,Motor_sequence_exp,,2025.1.1,59.72256479855326,2025-10-02 13h44.28.836529 +0530,
-50,x,72,0,18,x,1,0.3156893000123091,None,,,,,18,0,72,0,,,,,177.0298864999786,,177.015337800025,177.0298864999786,178.03081750002457,178.03081750002457,178.03081750002457,178.03081750002457,178.03081750002457,179.0301980000222,179.0301980000222,179.3478048000252,x,1,0.3156893000123091,None,,,,,,,,,,,,,,,444,001,2025-10-02_13h44.21.710,Motor_sequence_exp,,2025.1.1,59.72256479855326,2025-10-02 13h44.28.836529 +0530,
150,v,73,1,18,v,1,0.3301418999908492,None,,,,,18,1,73,1,,,,,179.36350420000963,,179.34820379997836,179.36350420000963,180.34788880002452,180.34788880002452,180.34788880002452,180.34788880002452,180.36461930000223,181.34788900002604,181.34788900002604,181.68123899999773,v,1,0.3301418999908492,None,,,,,,,,,,,,,,,444,001,2025-10-02_13h44.21.710,Motor_sequence_exp,,2025.1.1,59.72256479855326,2025-10-02 13h44.28.836529 +0530,
50,c,74,2,18,c,1,0.22482850000960752,None,,,,,18,2,74,2,,,,,181.69671009999,,181.68177640001522,181.69671009999,182.68144979997305,182.68144979997305,182.68144979997305,182.68144979997305,182.69797679997282,183.68162539997138,183.68162539997138,183.9144117999822,c,1,0.22482850000960752,None,,,,,,,,,,,,,,,444,001,2025-10-02_13h44.21.710,Motor_sequence_exp,,2025.1.1,59.72256479855326,2025-10-02 13h44.28.836529 +0530,
-150,z,75,3,18,z,1,0.22523760003969073,None,,,,,18,3,75,3,,,,,183.93110940000042,,183.91481320001185,183.93110940000042,184.91448510001646,184.91448510001646,184.91448510001646,184.91448510001646,184.93100939999567,185.91428570001153,185.91428570001153,186.14830160001293,z,1,0.22523760003969073,None,,,,,,,,,,,,,,,444,001,2025-10-02_13h44.21.710,Motor_sequence_exp,,2025.1.1,59.72256479855326,2025-10-02 13h44.28.836529 +0530,
-50,x,76,0,19,x,1,0.2594391999882646,None,,,,,19,0,76,0,,,,,186.16359559999546,,186.14894729998196,186.16359559999546,187.14799000002677,187.14799000002677,187.14799000002677,187.14799000002677,187.16477490001125,188.14795979997143,188.14795979997143,188.41569509997498,x,1,0.2594391999882646,None,,,,,,,,,,,,,,,444,001,2025-10-02_13h44.21.710,Motor_sequence_exp,,2025.1.1,59.72256479855326,2025-10-02 13h44.28.836529 +0530,
150,v,77,1,19,v,1,0.2238937999936752,None,,,,,19,1,77,1,,,,,188.43086630001199,,188.41614019998815,188.43086630001199,189.43072250002297,189.43072250002297,189.43072250002297,189.43072250002297,189.43072250002297,190.43123099999502,190.43123099999502,190.6651708999998,v,1,0.2238937999936752,None,,,,,,,,,,,,,,,444,001,2025-10-02_13h44.21.710,Motor_sequence_exp,,2025.1.1,59.72256479855326,2025-10-02 13h44.28.836529 +0530,
50,c,78,2,19,c,1,0.10807690001092851,None,,,,,19,2,78,2,,,,,190.68095960002393,,190.66586190002272,190.68095960002393,191.6643761000014,191.6643761000014,191.6643761000014,191.6643761000014,191.68135199998505,192.6645889999927,192.6645889999927,192.78133909997996,c,1,0.10807690001092851,None,,,,,,,,,,,,,,,444,001,2025-10-02_13h44.21.710,Motor_sequence_exp,,2025.1.1,59.72256479855326,2025-10-02 13h44.28.836529 +0530,
-150,z,79,3,19,z,1,0.17230519995791838,None,,,,,19,3,79,3,,,,,192.79652329999954,,192.78173960000277,192.79652329999954,193.78154230001383,193.78154230001383,193.78154230001383,193.78154230001383,193.79829639999662,194.78186899999855,194.78186899999855,194.96402910002507,z,1,0.17230519995791838,None,,,,,,,,,,,,,,,444,001,2025-10-02_13h44.21.710,Motor_sequence_exp,,2025.1.1,59.72256479855326,2025-10-02 13h44.28.836529 +0530,
-50,x,80,0,20,x,1,0.24682910001138225,None,,,,,20,0,80,0,,,,,194.98147429997334,,194.96445089997724,194.98147429997334,195.9647422999842,195.9647422999842,195.9647422999842,195.9647422999842,195.9816748999874,196.96464369999012,196.96464369999012,197.21482749999268,x,1,0.24682910001138225,None,,,,,,,,,,,,,,,444,001,2025-10-02_13h44.21.710,Motor_sequence_exp,,2025.1.1,59.72256479855326,2025-10-02 13h44.28.836529 +0530,
150,v,81,1,20,v,1,0.3145437999628484,None,,,,,20,1,81,1,,,,,197.23065250000218,,197.2152978000231,197.23065250000218,198.2139091999852,198.2139091999852,198.2139091999852,198.2139091999852,198.23128419998102,199.21492900000885,199.21492900000885,199.53259169997182,v,1,0.3145437999628484,None,,,,,,,,,,,,,,,444,001,2025-10-02_13h44.21.710,Motor_sequence_exp,,2025.1.1,59.72256479855326,2025-10-02 13h44.28.836529 +0530,
50,c,82,2,20,c,1,0.22481009998591617,None,,,,,20,2,82,2,,,,,199.5469344999874,,199.5330377999926,199.5469344999874,200.53172620001715,200.53172620001715,200.53172620001715,200.53172620001715,200.54815899999812,201.54799689998617,201.54799689998617,201.78194810001878,c,1,0.22481009998591617,None,,,,,,,,,,,,,,,444,001,2025-10-02_13h44.21.710,Motor_sequence_exp,,2025.1.1,59.72256479855326,2025-10-02 13h44.28.836529 +0530,
-150,z,83,3,20,z,1,0.3608955999952741,None,,,,,20,3,83,3,,,,,201.7968163000187,,201.78240530000767,201.7968163000187,202.78099960001418,202.78099960001418,202.78099960001418,202.78099960001418,202.79833000001963,203.781012499996,203.781012499996,204.14879180002026,z,1,0.3608955999952741,None,,,,,,,,,,,,,,,444,001,2025-10-02_13h44.21.710,Motor_sequence_exp,,2025.1.1,59.72256479855326,2025-10-02 13h44.28.836529 +0530,
-50,x,84,0,21,x,1,0.35137879999820143,None,,,,,21,0,84,0,,,,,204.16403929999797,,204.1495740999817,204.16403929999797,205.14803560002474,205.14803560002474,205.14803560002474,205.14803560002474,205.16469589999178,206.16456449998077,206.16456449998077,206.53092019999167,x,1,0.35137879999820143,None,,,,,,,,,,,,,,,444,001,2025-10-02_13h44.21.710,Motor_sequence_exp,,2025.1.1,59.72256479855326,2025-10-02 13h44.28.836529 +0530,
150,v,85,1,21,v,1,0.634784399997443,None,,,,,21,1,85,1,,,,,206.54853899998125,,206.5314738000161,206.54853899998125,207.5313144000247,207.5313144000247,207.5313144000247,207.5313144000247,207.54837889998453,208.53052339999704,208.53052339999704,209.18135660002008,v,1,0.634784399997443,None,,,,,,,,,,,,,,,444,001,2025-10-02_13h44.21.710,Motor_sequence_exp,,2025.1.1,59.72256479855326,2025-10-02 13h44.28.836529 +0530,
50,c,86,2,21,c,1,0.23609510000096634,None,,,,,21,2,86,2,,,,,209.1978664000053,,209.18177249998553,209.1978664000053,210.18182390002767,210.18182390002767,210.18182390002767,210.18182390002767,210.19787839998025,211.1814158000052,211.1814158000052,211.43121409998275,c,1,0.23609510000096634,None,,,,,,,,,,,,,,,444,001,2025-10-02_13h44.21.710,Motor_sequence_exp,,2025.1.1,59.72256479855326,2025-10-02 13h44.28.836529 +0530,
-150,z,87,3,21,z,1,0.31091490003746003,None,,,,,21,3,87,3,,,,,211.44816670002183,,211.43160940002417,211.44816670002183,212.43089199997485,212.43089199997485,212.43089199997485,212.43089199997485,212.44685479998589,213.43166280002333,213.43166280002333,213.74869149998995,z,1,0.31091490003746003,None,,,,,,,,,,,,,,,444,001,2025-10-02_13h44.21.710,Motor_sequence_exp,,2025.1.1,59.72256479855326,2025-10-02 13h44.28.836529 +0530,
-50,x,88,0,22,x,1,0.277351800003089,None,,,,,22,0,88,0,,,,,213.7631163999904,,213.74914969998645,213.7631163999904,214.7652179999859,214.7652179999859,214.7652179999859,214.7652179999859,214.7652179999859,215.74778079998214,215.74778079998214,216.0326025999966,x,1,0.277351800003089,None,,,,,,,,,,,,,,,444,001,2025-10-02_13h44.21.710,Motor_sequence_exp,,2025.1.1,59.72256479855326,2025-10-02 13h44.28.836529 +0530,
150,v,89,1,22,v,1,0.3589612999930978,None,,,,,22,1,89,1,,,,,216.04676509997807,,216.0332198999822,216.04676509997807,217.04804630001308,217.04804630001308,217.04804630001308,217.04804630001308,217.04804630001308,218.04847169999266,218.04847169999266,218.41457730002003,v,1,0.3589612999930978,None,,,,,,,,,,,,,,,444,001,2025-10-02_13h44.21.710,Motor_sequence_exp,,2025.1.1,59.72256479855326,2025-10-02 13h44.28.836529 +0530,
50,c,90,2,22,c,1,0.29314460000023246,None,,,,,22,2,90,2,,,,,218.43051430000924,,218.41506899998058,218.43051430000924,219.41461560002062,219.41461560002062,219.41461560002062,219.41461560002062,219.43154259998119,220.4154983999906,220.4154983999906,220.71527029998833,c,1,0.29314460000023246,None,,,,,,,,,,,,,,,444,001,2025-10-02_13h44.21.710,Motor_sequence_exp,,2025.1.1,59.72256479855326,2025-10-02 13h44.28.836529 +0530,
-150,z,91,3,22,z,1,0.37437859998317435,None,,,,,22,3,91,3,,,,,220.73103939997964,,220.71572049998213,220.73103939997964,221.713099399989,221.713099399989,221.713099399989,221.713099399989,221.7480919000227,222.71510989998933,222.71510989998933,223.0991371999844,z,1,0.37437859998317435,None,,,,,,,,,,,,,,,444,001,2025-10-02_13h44.21.710,Motor_sequence_exp,,2025.1.1,59.72256479855326,2025-10-02 13h44.28.836529 +0530,
-50,x,92,0,23,x,1,0.2739302000263706,None,,,,,23,0,92,0,,,,,223.11421019997215,,223.09980269998778,223.11421019997215,224.09835540002678,224.09835540002678,224.09835540002678,224.09835540002678,224.11501230002614,225.09843930002535,225.09843930002535,225.38220069999807,x,1,0.2739302000263706,None,,,,,,,,,,,,,,,444,001,2025-10-02_13h44.21.710,Motor_sequence_exp,,2025.1.1,59.72256479855326,2025-10-02 13h44.28.836529 +0530,
150,v,93,1,23,v,1,0.34686700004385784,None,,,,,23,1,93,1,,,,,225.3977476999862,,225.3826697000186,225.3977476999862,226.39837469998747,226.39837469998747,226.39837469998747,226.39837469998747,226.39837469998747,227.39872320002178,227.39872320002178,227.74840899999253,v,1,0.34686700004385784,None,,,,,,,,,,,,,,,444,001,2025-10-02_13h44.21.710,Motor_sequence_exp,,2025.1.1,59.72256479855326,2025-10-02 13h44.28.836529 +0530,
50,c,94,2,23,c,1,0.3198116000276059,None,,,,,23,2,94,2,,,,,227.76424920000136,,227.74880240001949,227.76424920000136,228.7485823999741,228.7485823999741,228.7485823999741,228.7485823999741,228.76560149999568,229.7484770999872,229.7484770999872,230.08283389999997,c,1,0.3198116000276059,None,,,,,,,,,,,,,,,444,001,2025-10-02_13h44.21.710,Motor_sequence_exp,,2025.1.1,59.72256479855326,2025-10-02 13h44.28.836529 +0530,
-150,z,95,3,23,z,1,0.3408678999985568,None,,,,,23,3,95,3,,,,,230.09762509999564,,230.08327890001237,230.09762509999564,231.08206699998118,231.08206699998118,231.08206699998118,231.08206699998118,231.09764489997178,232.09770370001206,232.09770370001206,232.44864790001884,z,1,0.3408678999985568,None,,,,,,,,,,,,,,,444,001,2025-10-02_13h44.21.710,Motor_sequence_exp,,2025.1.1,59.72256479855326,2025-10-02 13h44.28.836529 +0530,
-50,x,96,0,24,x,1,0.31162870000116527,None,,,,,24,0,96,0,,,,,232.46518160001142,,232.4490604000166,232.46518160001142,233.44878789997892,233.44878789997892,233.44878789997892,233.44878789997892,233.46587100002216,234.4487809999846,234.4487809999846,234.7657928999979,x,1,0.31162870000116527,None,,,,,,,,,,,,,,,444,001,2025-10-02_13h44.21.710,Motor_sequence_exp,,2025.1.1,59.72256479855326,2025-10-02 13h44.28.836529 +0530,
150,v,97,1,24,v,1,0.3144410999957472,None,,,,,24,1,97,1,,,,,234.7805111000198,,234.76624269998865,234.7805111000198,235.7632248000009,235.7632248000009,235.7632248000009,235.7632248000009,235.78126150002936,236.7809746999992,236.7809746999992,237.09864620002918,v,1,0.3144410999957472,None,,,,,,,,,,,,,,,444,001,2025-10-02_13h44.21.710,Motor_sequence_exp,,2025.1.1,59.72256479855326,2025-10-02 13h44.28.836529 +0530,
50,c,98,2,24,c,1,0.3228944999864325,None,,,,,24,2,98,2,,,,,237.1143885999918,,237.09904270002153,237.1143885999918,238.0978455999866,238.0978455999866,238.0978455999866,238.0978455999866,238.11506460001692,239.09921180002857,239.09921180002857,239.43181300000288,c,1,0.3228944999864325,None,,,,,,,,,,,,,,,444,001,2025-10-02_13h44.21.710,Motor_sequence_exp,,2025.1.1,59.72256479855326,2025-10-02 13h44.28.836529 +0530,
-150,z,99,3,24,z,1,0.2809664999949746,None,,,,,24,3,99,3,,,,,239.447797300003,,239.43221020000055,239.447797300003,240.43194260000018,240.43194260000018,240.43194260000018,240.43194260000018,240.44880359998206,241.43116849998478,241.43116849998478,241.7157826999901,z,1,0.2809664999949746,None,,,,,,,,,,,,,,,444,001,2025-10-02_13h44.21.710,Motor_sequence_exp,,2025.1.1,59.72256479855326,2025-10-02 13h44.28.836529 +0530,
-50,x,100,0,25,x,1,0.49666140001500025,None,,,,,25,0,100,0,,,,,241.73131320002722,,241.71627430000808,241.73131320002722,242.73227109998697,242.73227109998697,242.73227109998697,242.73227109998697,242.73227109998697,243.732367300021,243.732367300021,244.23179180000443,x,1,0.49666140001500025,None,,,,,,,,,,,,,,,444,001,2025-10-02_13h44.21.710,Motor_sequence_exp,,2025.1.1,59.72256479855326,2025-10-02 13h44.28.836529 +0530,
150,v,101,1,25,v,1,1.106922700011637,None,,,,,25,1,101,1,,,,,244.24789739999687,,244.23221170000033,244.24789739999687,245.23220000002766,245.23220000002766,245.23220000002766,245.23220000002766,245.24836610001512,246.23162510001566,246.23162510001566,247.34974640002474,v,1,1.106922700011637,None,,,,,,,,,,,,,,,444,001,2025-10-02_13h44.21.710,Motor_sequence_exp,,2025.1.1,59.72256479855326,2025-10-02 13h44.28.836529 +0530,
50,c,102,2,25,c,1,0.530368699983228,None,,,,,25,2,102,2,,,,,247.36458799999673,,247.35019089997513,247.36458799999673,248.34763340000063,248.34763340000063,248.34763340000063,248.34763340000063,248.36467390001053,249.36573560000397,249.36573560000397,249.89968809997663,c,1,0.530368699983228,None,,,,,,,,,,,,,,,444,001,2025-10-02_13h44.21.710,Motor_sequence_exp,,2025.1.1,59.72256479855326,2025-10-02 13h44.28.836529 +0530,
-150,z,103,3,25,z,1,0.657770799996797,None,,,,,25,3,103,3,,,,,249.91446419997374,,249.90016670001205,249.91446419997374,250.8979136000271,250.8979136000271,250.8979136000271,250.8979136000271,250.91560700000264,251.89829490002012,251.89829490002012,252.56592329998966,z,1,0.657770799996797,None,,,,,,,,,,,,,,,444,001,2025-10-02_13h44.21.710,Motor_sequence_exp,,2025.1.1,59.72256479855326,2025-10-02 13h44.28.836529 +0530,
-50,x,104,0,26,x,1,0.35496769996825606,None,,,,,26,0,104,0,,,,,252.58061639999505,,252.56641019997187,252.58061639999505,253.5652298000059,253.5652298000059,253.5652298000059,253.5652298000059,253.58254400000442,254.5657597000245,254.5657597000245,254.93271730002016,x,1,0.35496769996825606,None,,,,,,,,,,,,,,,444,001,2025-10-02_13h44.21.710,Motor_sequence_exp,,2025.1.1,59.72256479855326,2025-10-02 13h44.28.836529 +0530,
150,v,105,1,26,v,1,0.2671884000301361,None,,,,,26,1,105,1,,,,,254.9489431999973,,254.93323520000558,254.9489431999973,255.93198019999545,255.93198019999545,255.93198019999545,255.93198019999545,255.9492265000008,256.93115279998165,256.93115279998165,257.1993587000179,v,1,0.2671884000301361,None,,,,,,,,,,,,,,,444,001,2025-10-02_13h44.21.710,Motor_sequence_exp,,2025.1.1,59.72256479855326,2025-10-02 13h44.28.836529 +0530,
50,c,106,2,26,c,1,0.36824019998311996,None,,,,,26,2,106,2,,,,,257.214861400018,,257.19974750000983,257.214861400018,258.1985178000177,258.1985178000177,258.1985178000177,258.1985178000177,258.21592250000685,259.19862769998144,259.19862769998144,259.5823043999844,c,1,0.36824019998311996,None,,,,,,,,,,,,,,,444,001,2025-10-02_13h44.21.710,Motor_sequence_exp,,2025.1.1,59.72256479855326,2025-10-02 13h44.28.836529 +0530,
-150,z,107,3,26,z,1,0.369117800029926,None,,,,,26,3,107,3,,,,,259.5982518999954,,259.5828908000258,259.5982518999954,260.58264480001526,260.58264480001526,260.58264480001526,260.58264480001526,260.59845559997484,261.5823163000168,261.5823163000168,261.96524749998935,z,1,0.369117800029926,None,,,,,,,,,,,,,,,444,001,2025-10-02_13h44.21.710,Motor_sequence_exp,,2025.1.1,59.72256479855326,2025-10-02 13h44.28.836529 +0530,
-50,x,108,0,27,x,1,0.5843522999784909,None,,,,,27,0,108,0,,,,,261.9822586000082,,261.96564639999997,261.9822586000082,262.98218480002834,262.98218480002834,262.98218480002834,262.98218480002834,262.98218480002834,263.9655343000195,263.9655343000195,264.56574039999396,x,1,0.5843522999784909,None,,,,,,,,,,,,,,,444,001,2025-10-02_13h44.21.710,Motor_sequence_exp,,2025.1.1,59.72256479855326,2025-10-02 13h44.28.836529 +0530,
150,v,109,1,27,v,1,0.5117189000011422,None,,,,,27,1,109,1,,,,,264.5811104999739,,264.5661961999722,264.5811104999739,265.56604649999645,265.56604649999645,265.56604649999645,265.56604649999645,265.5826022999827,266.56423850002466,266.56423850002466,267.08272479998413,v,1,0.5117189000011422,None,,,,,,,,,,,,,,,444,001,2025-10-02_13h44.21.710,Motor_sequence_exp,,2025.1.1,59.72256479855326,2025-10-02 13h44.28.836529 +0530,
50,c,110,2,27,c,1,0.4001313000335358,None,,,,,27,2,110,2,,,,,267.09823589998996,,267.0831813000259,267.09823589998996,268.08261659997515,268.08261659997515,268.08261659997515,268.08261659997515,268.09838079998735,269.08276640000986,269.08276640000986,269.49878670001635,c,1,0.4001313000335358,None,,,,,,,,,,,,,,,444,001,2025-10-02_13h44.21.710,Motor_sequence_exp,,2025.1.1,59.72256479855326,2025-10-02 13h44.28.836529 +0530,
-150,z,111,3,27,z,1,0.5070433000219055,None,,,,,27,3,111,3,,,,,269.515620900027,,269.49917530000675,269.515620900027,270.4983951000031,270.4983951000031,270.4983951000031,270.4983951000031,270.5160079000052,271.4993366000126,271.4993366000126,272.01593220001087,z,1,0.5070433000219055,None,,,,,,,,,,,,,,,444,001,2025-10-02_13h44.21.710,Motor_sequence_exp,,2025.1.1,59.72256479855326,2025-10-02 13h44.28.836529 +0530,
-50,x,112,0,28,x,1,0.25998529995558783,None,,,,,28,0,112,0,,,,,272.0309460000135,,272.0163303000154,272.0309460000135,273.0159612999996,273.0159612999996,273.0159612999996,273.0159612999996,273.0330224999925,274.0143578000134,274.0143578000134,274.2843651000294,x,1,0.25998529995558783,None,,,,,,,,,,,,,,,444,001,2025-10-02_13h44.21.710,Motor_sequence_exp,,2025.1.1,59.72256479855326,2025-10-02 13h44.28.836529 +0530,
150,v,113,1,28,v,1,0.2536347999703139,None,,,,,28,1,113,1,,,,,274.29796150000766,,274.28499359998386,274.29796150000766,275.2991922000074,275.2991922000074,275.2991922000074,275.2991922000074,275.2991922000074,276.29932059999555,276.29932059999555,276.5669397999882,v,1,0.2536347999703139,None,,,,,,,,,,,,,,,444,001,2025-10-02_13h44.21.710,Motor_sequence_exp,,2025.1.1,59.72256479855326,2025-10-02 13h44.28.836529 +0530,
50,c,114,2,28,c,1,0.34011749998899177,None,,,,,28,2,114,2,,,,,276.5809914999991,,276.56761229998665,276.5809914999991,277.5827465999755,277.5827465999755,277.5827465999755,277.5827465999755,277.5827465999755,278.58276179997483,278.58276179997483,278.9323878000141,c,1,0.34011749998899177,None,,,,,,,,,,,,,,,444,001,2025-10-02_13h44.21.710,Motor_sequence_exp,,2025.1.1,59.72256479855326,2025-10-02 13h44.28.836529 +0530,
-150,z,115,3,28,z,1,0.6882969999569468,None,,,,,28,3,115,3,,,,,278.9492042000056,,278.9328008000157,278.9492042000056,279.93222060002154,279.93222060002154,279.93222060002154,279.93222060002154,279.94903910002904,280.9332570999977,280.9332570999977,281.6331041000085,z,1,0.6882969999569468,None,,,,,,,,,,,,,,,444,001,2025-10-02_13h44.21.710,Motor_sequence_exp,,2025.1.1,59.72256479855326,2025-10-02 13h44.28.836529 +0530,
-50,x,116,0,29,x,1,0.7842340000206605,None,,,,,29,0,116,0,,,,,281.64822390000336,,281.63376420002896,281.64822390000336,282.6322522999835,282.6322522999835,282.6322522999835,282.6322522999835,282.6495246000122,283.63235289999284,283.63235289999284,284.4327960999799,x,1,0.7842340000206605,None,,,,,,,,,,,,,,,444,001,2025-10-02_13h44.21.710,Motor_sequence_exp,,2025.1.1,59.72256479855326,2025-10-02 13h44.28.836529 +0530,
150,v,117,1,29,c,0,0.8433113000355661,None,,,,,29,1,117,1,,,,,284.4492446000222,,284.4331920000259,284.4492446000222,285.43247459997656,285.43247459997656,285.43247459997656,285.43247459997656,285.44898450002074,286.43282779998844,286.43282779998844,287.28267699998105,c,0,0.8433113000355661,None,,,,,,,,,,,,,,,444,001,2025-10-02_13h44.21.710,Motor_sequence_exp,,2025.1.1,59.72256479855326,2025-10-02 13h44.28.836529 +0530,
50,c,118,2,29,c,1,0.4342476999736391,None,,,,,29,2,118,2,,,,,287.29864589998033,,287.2831493000267,287.29864589998033,288.28216780000366,288.28216780000366,288.28216780000366,288.28216780000366,288.2995842000237,289.28275750001194,289.28275750001194,289.73172029998386,c,1,0.4342476999736391,None,,,,,,,,,,,,,,,444,001,2025-10-02_13h44.21.710,Motor_sequence_exp,,2025.1.1,59.72256479855326,2025-10-02 13h44.28.836529 +0530,
-150,z,119,3,29,z,1,0.6427199000027031,None,,,,,29,3,119,3,,,,,289.74802479997743,,289.7321161000291,289.74802479997743,290.7327830999857,290.7327830999857,290.7327830999857,290.7327830999857,290.7498147999868,291.73302719998173,291.73302719998173,292.3827798999846,z,1,0.6427199000027031,None,,,,,,,,,,,,,,,444,001,2025-10-02_13h44.21.710,Motor_sequence_exp,,2025.1.1,59.72256479855326,2025-10-02 13h44.28.836529 +0530,
-50,x,120,0,30,x,1,0.2579229999682866,None,,,,,30,0,120,0,,,,,292.39809249999234,,292.38316420000046,292.39809249999234,293.3823824999854,293.3823824999854,293.3823824999854,293.3823824999854,293.3998390000197,294.38207649998367,294.38207649998367,294.6502437000163,x,1,0.2579229999682866,None,,,,,,,,,,,,,,,444,001,2025-10-02_13h44.21.710,Motor_sequence_exp,,2025.1.1,59.72256479855326,2025-10-02 13h44.28.836529 +0530,
150,v,121,1,30,v,1,0.28353810001863167,None,,,,,30,1,121,1,,,,,294.6646076000179,,294.65069189999485,294.6646076000179,295.65008049999597,295.65008049999597,295.65008049999597,295.65008049999597,295.6664664000273,296.6654237000039,296.6654237000039,296.9661914000171,v,1,0.28353810001863167,None,,,,,,,,,,,,,,,444,001,2025-10-02_13h44.21.710,Motor_sequence_exp,,2025.1.1,59.72256479855326,2025-10-02 13h44.28.836529 +0530,
50,c,122,2,30,c,1,0.5915683000348508,None,,,,,30,2,122,2,,,,,296.98259199998574,,296.9666221999796,296.98259199998574,297.96641769999405,297.96641769999405,297.96641769999405,297.96641769999405,297.98323130002245,298.9654326000018,298.9654326000018,299.56610080000246,c,1,0.5915683000348508,None,,,,,,,,,,,,,,,444,001,2025-10-02_13h44.21.710,Motor_sequence_exp,,2025.1.1,59.72256479855326,2025-10-02 13h44.28.836529 +0530,
-150,z,123,3,30,z,1,0.743702600011602,None,,,,,30,3,123,3,,,,,299.5813562999829,,299.566498900007,299.5813562999829,300.5832478000084,300.5832478000084,300.5832478000084,300.5832478000084,300.5832478000084,301.56621229997836,301.56621229997836,302.3159524999792,z,1,0.743702600011602,None,,,,,,,,,,,,,,,444,001,2025-10-02_13h44.21.710,Motor_sequence_exp,,2025.1.1,59.72256479855326,2025-10-02 13h44.28.836529 +0530,
-50,x,124,0,31,x,1,0.5676282999920659,None,,,,,31,0,124,0,,,,,302.3321321000112,,302.3163953999756,302.3321321000112,303.3159964000224,303.3159964000224,303.3159964000224,303.3159964000224,303.3326815000037,304.3159204000258,304.3159204000258,304.8999591000029,x,1,0.5676282999920659,None,,,,,,,,,,,,,,,444,001,2025-10-02_13h44.21.710,Motor_sequence_exp,,2025.1.1,59.72256479855326,2025-10-02 13h44.28.836529 +0530,
150,v,125,1,31,v,1,0.29098059999523684,None,,,,,31,1,125,1,,,,,304.914870699984,,304.90038429998094,304.914870699984,305.9037212000112,305.9037212000112,305.9037212000112,305.9037212000112,305.9156252000248,306.89980650000507,306.89980650000507,307.19928070000606,v,1,0.29098059999523684,None,,,,,,,,,,,,,,,444,001,2025-10-02_13h44.21.710,Motor_sequence_exp,,2025.1.1,59.72256479855326,2025-10-02 13h44.28.836529 +0530,
50,c,126,2,31,c,1,0.5618637999868952,None,,,,,31,2,126,2,,,,,307.2156992999953,,307.19973679998657,307.2156992999953,308.2016550999833,308.2016550999833,308.2016550999833,308.2016550999833,308.2167258000118,309.200138300017,309.200138300017,309.7673605000018,c,1,0.5618637999868952,None,,,,,,,,,,,,,,,444,001,2025-10-02_13h44.21.710,Motor_sequence_exp,,2025.1.1,59.72256479855326,2025-10-02 13h44.28.836529 +0530,
-150,z,127,3,31,z,1,0.3071121000102721,None,,,,,31,3,127,3,,,,,309.78166119998787,,309.7678026999929,309.78166119998787,310.7824515000102,310.7824515000102,310.7824515000102,310.7824515000102,310.7824515000102,311.7833124999888,311.7833124999888,312.1002517999732,z,1,0.3071121000102721,None,,,,,,,,,,,,,,,444,001,2025-10-02_13h44.21.710,Motor_sequence_exp,,2025.1.1,59.72256479855326,2025-10-02 13h44.28.836529 +0530,
-50,x,128,0,32,x,1,0.2328508000355214,None,,,,,32,0,128,0,,,,,312.1149037000141,,312.10071039997274,312.1149037000141,313.099890100013,313.099890100013,313.099890100013,313.099890100013,313.11673980002524,314.0999309999752,314.0999309999752,314.3502682999824,x,1,0.2328508000355214,None,,,,,,,,,,,,,,,444,001,2025-10-02_13h44.21.710,Motor_sequence_exp,,2025.1.1,59.72256479855326,2025-10-02 13h44.28.836529 +0530,
150,v,129,1,32,v,1,0.6465563999954611,None,,,,,32,1,129,1,,,,,314.3649426000193,,314.3507455000072,314.3649426000193,315.3492660999764,315.3492660999764,315.3492660999764,315.3492660999764,315.3668050999986,316.3497780999751,316.3497780999751,316.9992794999853,v,1,0.6465563999954611,None,,,,,,,,,,,,,,,444,001,2025-10-02_13h44.21.710,Motor_sequence_exp,,2025.1.1,59.72256479855326,2025-10-02 13h44.28.836529 +0530,
50,c,130,2,32,c,1,0.309274600003846,None,,,,,32,2,130,2,,,,,317.01580549997743,,316.99968680000165,317.01580549997743,317.9997137999744,317.9997137999744,317.9997137999744,317.9997137999744,318.01576610002667,319.00015899998834,319.00015899998834,319.31623330002185,c,1,0.309274600003846,None,,,,,,,,,,,,,,,444,001,2025-10-02_13h44.21.710,Motor_sequence_exp,,2025.1.1,59.72256479855326,2025-10-02 13h44.28.836529 +0530,
-150,z,131,3,32,z,1,0.29982530005509034,None,,,,,32,3,131,3,,,,,319.33244610001566,,319.316682100005,319.33244610001566,320.31609149998985,320.31609149998985,320.31609149998985,320.31609149998985,320.33343419997254,321.316857400001,321.316857400001,321.6334621999995,z,1,0.29982530005509034,None,,,,,,,,,,,,,,,444,001,2025-10-02_13h44.21.710,Motor_sequence_exp,,2025.1.1,59.72256479855326,2025-10-02 13h44.28.836529 +0530,
-50,x,132,0,33,x,1,0.2970400000340305,None,,,,,33,0,132,0,,,,,321.64959899999667,,321.6340521000093,321.64959899999667,322.6332087999908,322.6332087999908,322.6332087999908,322.6332087999908,322.64967900002375,323.63334360002773,323.63334360002773,323.93291729997145,x,1,0.2970400000340305,None,,,,,,,,,,,,,,,444,001,2025-10-02_13h44.21.710,Motor_sequence_exp,,2025.1.1,59.72256479855326,2025-10-02 13h44.28.836529 +0530,
150,v,133,1,33,v,1,0.4071782000246458,None,,,,,33,1,133,1,,,,,323.9493826000253,,323.93330819997936,323.9493826000253,324.933526000008,324.933526000008,324.933526000008,324.933526000008,324.9498292999924,325.9318798999884,325.9318798999884,326.350343899976,v,1,0.4071782000246458,None,,,,,,,,,,,,,,,444,001,2025-10-02_13h44.21.710,Motor_sequence_exp,,2025.1.1,59.72256479855326,2025-10-02 13h44.28.836529 +0530,
50,c,134,2,33,c,1,0.3720784999895841,None,,,,,33,2,134,2,,,,,326.36532300000545,,326.3509912000154,326.36532300000545,327.3498215000145,327.3498215000145,327.3498215000145,327.3498215000145,327.36660389997996,328.3503443999798,328.3503443999798,328.7334136000136,c,1,0.3720784999895841,None,,,,,,,,,,,,,,,444,001,2025-10-02_13h44.21.710,Motor_sequence_exp,,2025.1.1,59.72256479855326,2025-10-02 13h44.28.836529 +0530,
-150,z,135,3,33,z,1,0.37318200001027435,None,,,,,33,3,135,3,,,,,328.74998869997216,,328.73380899999756,328.74998869997216,329.7499317000038,329.7499317000038,329.7499317000038,329.7499317000038,329.7499317000038,330.73329830000876,330.73329830000876,331.11659099999815,z,1,0.37318200001027435,None,,,,,,,,,,,,,,,444,001,2025-10-02_13h44.21.710,Motor_sequence_exp,,2025.1.1,59.72256479855326,2025-10-02 13h44.28.836529 +0530,
-50,x,136,0,34,x,1,0.4111599999596365,None,,,,,34,0,136,0,,,,,331.1325404000236,,331.1169941999833,331.1325404000236,332.1165450999979,332.1165450999979,332.1165450999979,332.1165450999979,332.1323574000271,333.1170196000021,333.1170196000021,333.53438620001543,x,1,0.4111599999596365,None,,,,,,,,,,,,,,,444,001,2025-10-02_13h44.21.710,Motor_sequence_exp,,2025.1.1,59.72256479855326,2025-10-02 13h44.28.836529 +0530,
150,v,137,1,34,v,1,0.5564171000150964,None,,,,,34,1,137,1,,,,,333.54837550001685,,333.5350196000072,333.54837550001685,334.54928959999233,334.54928959999233,334.54928959999233,334.54928959999233,334.54928959999233,335.53392509999685,335.53392509999685,336.10078360000625,v,1,0.5564171000150964,None,,,,,,,,,,,,,,,444,001,2025-10-02_13h44.21.710,Motor_sequence_exp,,2025.1.1,59.72256479855326,2025-10-02 13h44.28.836529 +0530,
50,c,138,2,34,c,1,0.3606162000214681,None,,,,,34,2,138,2,,,,,336.116125200002,,336.10123869997915,336.116125200002,337.1002958000172,337.1002958000172,337.1002958000172,337.1002958000172,337.11706520000007,338.10011920001125,338.10011920001125,338.46756459999597,c,1,0.3606162000214681,None,,,,,,,,,,,,,,,444,001,2025-10-02_13h44.21.710,Motor_sequence_exp,,2025.1.1,59.72256479855326,2025-10-02 13h44.28.836529 +0530,
-150,z,139,3,34,z,1,0.3066196999861859,None,,,,,34,3,139,3,,,,,338.48272259999067,,338.46801970002707,338.48272259999067,339.48241579998285,339.48241579998285,339.48241579998285,339.48241579998285,339.48241579998285,340.4670779000153,340.4670779000153,340.7847342999885,z,1,0.3066196999861859,None,,,,,,,,,,,,,,,444,001,2025-10-02_13h44.21.710,Motor_sequence_exp,,2025.1.1,59.72256479855326,2025-10-02 13h44.28.836529 +0530,
-50,x,140,0,35,x,1,0.378775899996981,None,,,,,35,0,140,0,,,,,340.7985703999875,,340.78535919997375,340.7985703999875,341.79980109998723,341.79980109998723,341.79980109998723,341.79980109998723,341.79980109998723,342.800473899988,342.800473899988,343.1835248999996,x,1,0.378775899996981,None,,,,,,,,,,,,,,,444,001,2025-10-02_13h44.21.710,Motor_sequence_exp,,2025.1.1,59.72256479855326,2025-10-02 13h44.28.836529 +0530,
150,v,141,1,35,v,1,0.2922771999728866,None,,,,,35,1,141,1,,,,,343.1993918999797,,343.1839940000209,343.1993918999797,344.1835447999765,344.1835447999765,344.1835447999765,344.1835447999765,344.2006243999931,345.1828096000245,345.1828096000245,345.48445270000957,v,1,0.2922771999728866,None,,,,,,,,,,,,,,,444,001,2025-10-02_13h44.21.710,Motor_sequence_exp,,2025.1.1,59.72256479855326,2025-10-02 13h44.28.836529 +0530,
50,c,142,2,35,c,1,0.41627729998435825,None,,,,,35,2,142,2,,,,,345.4987563000177,,345.4851180000114,345.4987563000177,346.4998411000124,346.4998411000124,346.4998411000124,346.4998411000124,346.4998411000124,347.4832092000288,347.4832092000288,347.9164490000112,c,1,0.41627729998435825,None,,,,,,,,,,,,,,,444,001,2025-10-02_13h44.21.710,Motor_sequence_exp,,2025.1.1,59.72256479855326,2025-10-02 13h44.28.836529 +0530,
-150,z,143,3,35,z,1,0.36917859996901825,None,,,,,35,3,143,3,,,,,347.9337734999717,,347.9169139000005,347.9337734999717,348.917561499984,348.917561499984,348.917561499984,348.917561499984,348.9338923000032,349.9173024999909,349.9173024999909,350.3008867999888,z,1,0.36917859996901825,None,,,,,,,,,,,,,,,444,001,2025-10-02_13h44.21.710,Motor_sequence_exp,,2025.1.1,59.72256479855326,2025-10-02 13h44.28.836529 +0530,
-50,x,144,0,36,x,1,0.2646418000222184,None,,,,,36,0,144,0,,,,,350.3156540999771,,350.3013452999876,350.3156540999771,351.30031050002435,351.30031050002435,351.30031050002435,351.30031050002435,351.31666379998205,352.30055470002117,352.30055470002117,352.5677172000287,x,1,0.2646418000222184,None,,,,,,,,,,,,,,,444,001,2025-10-02_13h44.21.710,Motor_sequence_exp,,2025.1.1,59.72256479855326,2025-10-02 13h44.28.836529 +0530,
150,v,145,1,36,v,1,0.32900789997074753,None,,,,,36,1,145,1,,,,,352.5828991999733,,352.568175500026,352.5828991999733,353.56746410002233,353.56746410002233,353.56746410002233,353.56746410002233,353.5840932999854,354.58361510001123,354.58361510001123,354.91638890001923,v,1,0.32900789997074753,None,,,,,,,,,,,,,,,444,001,2025-10-02_13h44.21.710,Motor_sequence_exp,,2025.1.1,59.72256479855326,2025-10-02 13h44.28.836529 +0530,
50,c,146,2,36,c,1,0.3533622999675572,None,,,,,36,2,146,2,,,,,354.9324866000097,,354.91678520001005,354.9324866000097,355.91643879999174,355.91643879999174,355.91643879999174,355.91643879999174,355.93364180001663,356.91723439999623,356.91723439999623,357.28491520002717,c,1,0.3533622999675572,None,,,,,,,,,,,,,,,444,001,2025-10-02_13h44.21.710,Motor_sequence_exp,,2025.1.1,59.72256479855326,2025-10-02 13h44.28.836529 +0530,
-150,z,147,3,36,z,1,0.22514830000000075,None,,,,,36,3,147,3,,,,,357.29929270001594,,357.2854130999767,357.29929270001594,358.3003231000039,358.3003231000039,358.3003231000039,358.3003231000039,358.3003231000039,359.28322500002105,359.28322500002105,359.51715630001854,z,1,0.22514830000000075,None,,,,,,,,,,,,,,,444,001,2025-10-02_13h44.21.710,Motor_sequence_exp,,2025.1.1,59.72256479855326,2025-10-02 13h44.28.836529 +0530,
-50,x,148,0,37,x,1,0.22887599997920915,None,,,,,37,0,148,0,,,,,359.5330173000111,,359.517607900023,359.5330173000111,360.5169707000023,360.5169707000023,360.5169707000023,360.5169707000023,360.53343740000855,361.5173910000012,361.5173910000012,361.7503159000189,x,1,0.22887599997920915,None,,,,,,,,,,,,,,,444,001,2025-10-02_13h44.21.710,Motor_sequence_exp,,2025.1.1,59.72256479855326,2025-10-02 13h44.28.836529 +0530,
150,v,149,1,37,v,1,0.39109029999235645,None,,,,,37,1,149,1,,,,,361.76632809999865,,361.7508201000164,361.76632809999865,362.750591500022,362.750591500022,362.750591500022,362.750591500022,362.76722229999723,363.75082419998944,363.75082419998944,364.1504529999802,v,1,0.39109029999235645,None,,,,,,,,,,,,,,,444,001,2025-10-02_13h44.21.710,Motor_sequence_exp,,2025.1.1,59.72256479855326,2025-10-02 13h44.28.836529 +0530,
50,c,150,2,37,c,1,0.7960055000148714,None,,,,,37,2,150,2,,,,,364.1674063000246,,364.1508392000105,364.1674063000246,365.1504343000124,365.1504343000124,365.1504343000124,365.1504343000124,365.1670424999902,366.15014059998794,366.15014059998794,366.9516365000163,c,1,0.7960055000148714,None,,,,,,,,,,,,,,,444,001,2025-10-02_13h44.21.710,Motor_sequence_exp,,2025.1.1,59.72256479855326,2025-10-02 13h44.28.836529 +0530,
-150,z,151,3,37,z,1,0.393085699994117,None,,,,,37,3,151,3,,,,,366.9671129999915,,366.9522830999922,366.9671129999915,367.96745310002007,367.96745310002007,367.96745310002007,367.96745310002007,367.96745310002007,368.9505750000244,368.9505750000244,369.3515253000078,z,1,0.393085699994117,None,,,,,,,,,,,,,,,444,001,2025-10-02_13h44.21.710,Motor_sequence_exp,,2025.1.1,59.72256479855326,2025-10-02 13h44.28.836529 +0530,
-50,x,152,0,38,x,1,0.24728090001735836,None,,,,,38,0,152,0,,,,,369.3670493999962,,369.35214630002156,369.3670493999962,370.367539400002,370.367539400002,370.367539400002,370.367539400002,370.367539400002,371.3506064999965,371.3506064999965,371.6009604000137,x,1,0.24728090001735836,None,,,,,,,,,,,,,,,444,001,2025-10-02_13h44.21.710,Motor_sequence_exp,,2025.1.1,59.72256479855326,2025-10-02 13h44.28.836529 +0530,
150,v,153,1,38,v,1,0.4337363999802619,None,,,,,38,1,153,1,,,,,371.61656410002615,,371.60141719999956,371.61656410002615,372.6006562000257,372.6006562000257,372.6006562000257,372.6006562000257,372.6170656000031,373.60123430000385,373.60123430000385,374.0496987000224,v,1,0.4337363999802619,None,,,,,,,,,,,,,,,444,001,2025-10-02_13h44.21.710,Motor_sequence_exp,,2025.1.1,59.72256479855326,2025-10-02 13h44.28.836529 +0530,
50,c,154,2,38,c,1,0.6092599999974482,None,,,,,38,2,154,2,,,,,374.0664378000074,,374.0501915999921,374.0664378000074,375.05104220000794,375.05104220000794,375.05104220000794,375.05104220000794,375.06751169997733,376.0506840000162,376.0506840000162,376.6668911000015,c,1,0.6092599999974482,None,,,,,,,,,,,,,,,444,001,2025-10-02_13h44.21.710,Motor_sequence_exp,,2025.1.1,59.72256479855326,2025-10-02 13h44.28.836529 +0530,
-150,z,155,3,38,z,1,0.751638300018385,None,,,,,38,3,155,3,,,,,376.6838511999813,,376.66730079997797,376.6838511999813,377.6664766999893,377.6664766999893,377.6664766999893,377.6664766999893,377.6844126000069,378.6677476000041,378.6677476000041,379.4344024999882,z,1,0.751638300018385,None,,,,,,,,,,,,,,,444,001,2025-10-02_13h44.21.710,Motor_sequence_exp,,2025.1.1,59.72256479855326,2025-10-02 13h44.28.836529 +0530,
-50,x,156,0,39,x,1,0.6252056999946944,None,,,,,39,0,156,0,,,,,379.450433799997,,379.4347950000083,379.450433799997,380.43410279997624,380.43410279997624,380.43410279997624,380.43410279997624,380.4552469999762,381.4343063000124,381.4343063000124,382.06855359999463,x,1,0.6252056999946944,None,,,,,,,,,,,,,,,444,001,2025-10-02_13h44.21.710,Motor_sequence_exp,,2025.1.1,59.72256479855326,2025-10-02 13h44.28.836529 +0530,
150,v,157,1,39,v,1,0.618076300015673,None,,,,,39,1,157,1,,,,,382.0826322999783,,382.0692319999798,382.0826322999783,383.0671697999933,383.0671697999933,383.0671697999933,383.0671697999933,383.0841938999947,384.06765580002684,384.06765580002684,384.7008658000268,v,1,0.618076300015673,None,,,,,,,,,,,,,,,444,001,2025-10-02_13h44.21.710,Motor_sequence_exp,,2025.1.1,59.72256479855326,2025-10-02 13h44.28.836529 +0530,
50,c,158,2,39,c,1,0.36646839999593794,None,,,,,39,2,158,2,,,,,384.71602679998614,,384.70125430001644,384.71602679998614,385.7003608000232,385.7003608000232,385.7003608000232,385.7003608000232,385.7174825000111,386.7010292999912,386.7010292999912,387.0842653000145,c,1,0.36646839999593794,None,,,,,,,,,,,,,,,444,001,2025-10-02_13h44.21.710,Motor_sequence_exp,,2025.1.1,59.72256479855326,2025-10-02 13h44.28.836529 +0530,
-150,z,159,3,39,z,1,0.657862699998077,None,,,,,39,3,159,3,,,,,387.1001761999796,,387.0847803999786,387.1001761999796,388.0837606000132,388.0837606000132,388.0837606000132,388.0837606000132,388.10122760001104,389.08438399998704,389.08438399998704,389.7523755999864,z,1,0.657862699998077,None,,,,,,,,,,,,,,,444,001,2025-10-02_13h44.21.710,Motor_sequence_exp,,2025.1.1,59.72256479855326,2025-10-02 13h44.28.836529 +0530,
-50,x,160,0,40,x,1,0.29954659997019917,None,,,,,40,0,160,0,,,,,389.7668673999724,,389.7529719999875,389.7668673999724,390.7679469999857,390.7679469999857,390.7679469999857,390.7679469999857,390.7679469999857,391.76794069999596,391.76794069999596,392.0857141999877,x,1,0.29954659997019917,None,,,,,,,,,,,,,,,444,001,2025-10-02_13h44.21.710,Motor_sequence_exp,,2025.1.1,59.72256479855326,2025-10-02 13h44.28.836529 +0530,
150,v,161,1,40,v,1,0.35516249999636784,None,,,,,40,1,161,1,,,,,392.10015329997987,,392.0863509000046,392.10015329997987,393.10030450002523,393.10030450002523,393.10030450002523,393.10030450002523,393.10030450002523,394.10099419998005,394.10099419998005,394.46734550001565,v,1,0.35516249999636784,None,,,,,,,,,,,,,,,444,001,2025-10-02_13h44.21.710,Motor_sequence_exp,,2025.1.1,59.72256479855326,2025-10-02 13h44.28.836529 +0530,
50,c,162,2,40,c,1,0.24867749999975786,None,,,,,40,2,162,2,,,,,394.4838931999984,,394.4677348000114,394.4838931999984,395.4680092000053,395.4680092000053,395.4680092000053,395.4680092000053,395.4845522000105,396.46735659998376,396.46735659998376,396.7177668000222,c,1,0.24867749999975786,None,,,,,,,,,,,,,,,444,001,2025-10-02_13h44.21.710,Motor_sequence_exp,,2025.1.1,59.72256479855326,2025-10-02 13h44.28.836529 +0530,
-150,z,163,3,40,z,1,0.2546889999648556,None,,,,,40,3,163,3,,,,,396.7335997999762,,396.7181595999864,396.7335997999762,397.71807619999163,397.71807619999163,397.71807619999163,397.71807619999163,397.73458829999436,398.7180206999765,398.7180206999765,398.9837980999728,z,1,0.2546889999648556,None,,,,,,,,,,,,,,,444,001,2025-10-02_13h44.21.710,Motor_sequence_exp,,2025.1.1,59.72256479855326,2025-10-02 13h44.28.836529 +0530,
-50,x,164,0,41,x,1,0.3196443000342697,None,,,,,41,0,164,0,,,,,399.0012907999917,,398.98419220000505,399.0012907999917,399.98435390001396,399.98435390001396,399.98435390001396,399.98435390001396,400.0007267000037,400.98371850000694,400.98371850000694,401.31869330001064,x,1,0.3196443000342697,None,,,,,,,,,,,,,,,444,001,2025-10-02_13h44.21.710,Motor_sequence_exp,,2025.1.1,59.72256479855326,2025-10-02 13h44.28.836529 +0530,
150,v,165,1,41,v,1,0.3107836000272073,None,,,,,41,1,165,1,,,,,401.3327178999898,,401.31934109999565,401.3327178999898,402.33442069997545,402.33442069997545,402.33442069997545,402.33442069997545,402.33442069997545,403.33479970000917,403.33479970000917,403.6519504999742,v,1,0.3107836000272073,None,,,,,,,,,,,,,,,444,001,2025-10-02_13h44.21.710,Motor_sequence_exp,,2025.1.1,59.72256479855326,2025-10-02 13h44.28.836529 +0530,
50,c,166,2,41,c,1,0.2413125999737531,None,,,,,41,2,166,2,,,,,403.6674543999834,,403.6525561999879,403.6674543999834,404.66798909998033,404.66798909998033,404.66798909998033,404.66798909998033,404.66798909998033,405.6508971999865,405.6508971999865,405.9013052000082,c,1,0.2413125999737531,None,,,,,,,,,,,,,,,444,001,2025-10-02_13h44.21.710,Motor_sequence_exp,,2025.1.1,59.72256479855326,2025-10-02 13h44.28.836529 +0530,
-150,z,167,3,41,z,1,0.35160980001091957,None,,,,,41,3,167,3,,,,,405.9179237000062,,405.9019111000234,405.9179237000062,406.9008646000293,406.9008646000293,406.9008646000293,406.9008646000293,406.9181915000081,407.9016008999897,407.9016008999897,408.26731309999013,z,1,0.35160980001091957,None,,,,,,,,,,,,,,,444,001,2025-10-02_13h44.21.710,Motor_sequence_exp,,2025.1.1,59.72256479855326,2025-10-02 13h44.28.836529 +0530,
-50,x,168,0,42,x,1,0.29016089998185635,None,,,,,42,0,168,0,,,,,408.2836855999776,,408.2677418999956,408.2836855999776,409.26796560001094,409.26796560001094,409.26796560001094,409.26796560001094,409.28448139998363,410.26856659998884,410.26856659998884,410.5694087999873,x,1,0.29016089998185635,None,,,,,,,,,,,,,,,444,001,2025-10-02_13h44.21.710,Motor_sequence_exp,,2025.1.1,59.72256479855326,2025-10-02 13h44.28.836529 +0530,
150,v,169,1,42,v,1,0.3137320000096224,None,,,,,42,1,169,1,,,,,410.5829561999999,,410.5698760999949,410.5829561999999,411.5842493000091,411.5842493000091,411.5842493000091,411.5842493000091,411.5842493000091,412.56793379999,412.56793379999,412.8848106000223,v,1,0.3137320000096224,None,,,,,,,,,,,,,,,444,001,2025-10-02_13h44.21.710,Motor_sequence_exp,,2025.1.1,59.72256479855326,2025-10-02 13h44.28.836529 +0530,
50,c,170,2,42,c,1,0.3750213999883272,None,,,,,42,2,170,2,,,,,412.899724900024,,412.8852001000196,412.899724900024,413.88497020001523,413.88497020001523,413.88497020001523,413.88497020001523,413.9016274000169,414.88485159998527,414.88485159998527,415.2691266000038,c,1,0.3750213999883272,None,,,,,,,,,,,,,,,444,001,2025-10-02_13h44.21.710,Motor_sequence_exp,,2025.1.1,59.72256479855326,2025-10-02 13h44.28.836529 +0530,
-150,z,171,3,42,z,1,0.2341158000053838,None,,,,,42,3,171,3,,,,,415.28402650001226,,415.269569600001,415.28402650001226,416.26855370000703,416.26855370000703,416.26855370000703,416.26855370000703,416.2848522000131,417.26832550001564,417.26832550001564,417.5172572999727,z,1,0.2341158000053838,None,,,,,,,,,,,,,,,444,001,2025-10-02_13h44.21.710,Motor_sequence_exp,,2025.1.1,59.72256479855326,2025-10-02 13h44.28.836529 +0530,
-50,x,172,0,43,x,1,0.2830860000103712,None,,,,,43,0,172,0,,,,,417.5339142999728,,417.51771360001294,417.5339142999728,418.5183690999984,418.5183690999984,418.5183690999984,418.5183690999984,418.5350304999738,419.5172090000124,419.5172090000124,419.8016167000169,x,1,0.2830860000103712,None,,,,,,,,,,,,,,,444,001,2025-10-02_13h44.21.710,Motor_sequence_exp,,2025.1.1,59.72256479855326,2025-10-02 13h44.28.836529 +0530,
150,v,173,1,43,v,1,0.3425211999565363,None,,,,,43,1,173,1,,,,,419.8174181000213,,419.80206359998556,419.8174181000213,420.81846839998616,420.81846839998616,420.81846839998616,420.81846839998616,420.81846839998616,421.801796499989,421.801796499989,422.1513909000205,v,1,0.3425211999565363,None,,,,,,,,,,,,,,,444,001,2025-10-02_13h44.21.710,Motor_sequence_exp,,2025.1.1,59.72256479855326,2025-10-02 13h44.28.836529 +0530,
50,c,174,2,43,c,1,0.25420450000092387,None,,,,,43,2,174,2,,,,,422.16779039998073,,422.15189580002334,422.16779039998073,423.1565314999898,423.1565314999898,423.1565314999898,423.1565314999898,423.1664937000023,424.15162309998414,424.15162309998414,424.4182793999789,c,1,0.25420450000092387,None,,,,,,,,,,,,,,,444,001,2025-10-02_13h44.21.710,Motor_sequence_exp,,2025.1.1,59.72256479855326,2025-10-02 13h44.28.836529 +0530,
-150,z,175,3,43,z,1,0.34101500001270324,None,,,,,43,3,175,3,,,,,424.43417860002955,,424.4186730000074,424.43417860002955,425.4181098000263,425.4181098000263,425.4181098000263,425.4181098000263,425.43478609999875,426.4188315999927,426.4188315999927,426.76916399999755,z,1,0.34101500001270324,None,,,,,,,,,,,,,,,444,001,2025-10-02_13h44.21.710,Motor_sequence_exp,,2025.1.1,59.72256479855326,2025-10-02 13h44.28.836529 +0530,
-50,x,176,0,44,x,1,0.6233044000109658,None,,,,,44,0,176,0,,,,,426.78390959999524,,426.76963120000437,426.78390959999524,427.7678380999714,427.7678380999714,427.7678380999714,427.7678380999714,427.78516879997915,428.7679582000128,428.7679582000128,429.4019437999814,x,1,0.6233044000109658,None,,,,,,,,,,,,,,,444,001,2025-10-02_13h44.21.710,Motor_sequence_exp,,2025.1.1,59.72256479855326,2025-10-02 13h44.28.836529 +0530,
150,v,177,1,44,c,0,0.8295722999610007,None,,,,,44,1,177,1,,,,,429.4177633000072,,429.4023373000091,429.4177633000072,430.4016874000081,430.4016874000081,430.4016874000081,430.4016874000081,430.41866020002635,431.4019683999941,431.4019683999941,432.2354865000234,c,0,0.8295722999610007,None,,,,,,,,,,,,,,,444,001,2025-10-02_13h44.21.710,Motor_sequence_exp,,2025.1.1,59.72256479855326,2025-10-02 13h44.28.836529 +0530,
50,c,178,2,44,c,1,0.5102801999892108,None,,,,,44,2,178,2,,,,,432.25009769998724,,432.23594410001533,432.25009769998724,433.23515570000745,433.23515570000745,433.23515570000745,433.23515570000745,433.2518732000026,434.23556320002535,434.23556320002535,434.75212189997546,c,1,0.5102801999892108,None,,,,,,,,,,,,,,,444,001,2025-10-02_13h44.21.710,Motor_sequence_exp,,2025.1.1,59.72256479855326,2025-10-02 13h44.28.836529 +0530,
-150,z,179,3,44,z,1,0.5855523999780416,None,,,,,44,3,179,3,,,,,434.766818700009,,434.75299329997506,434.766818700009,435.7515909000067,435.7515909000067,435.7515909000067,435.7515909000067,435.76846280001337,436.76782980002463,436.76782980002463,437.3701489000232,z,1,0.5855523999780416,None,,,,,,,,,,,,,,,444,001,2025-10-02_13h44.21.710,Motor_sequence_exp,,2025.1.1,59.72256479855326,2025-10-02 13h44.28.836529 +0530,
-50,x,180,0,45,x,1,0.644177500042133,None,,,,,45,0,180,0,,,,,437.38371919997735,,437.370568000013,437.38371919997735,438.3846552000032,438.3846552000032,438.3846552000032,438.3846552000032,438.3846552000032,439.38522940000985,439.38522940000985,440.0350344000035,x,1,0.644177500042133,None,,,,,,,,,,,,,,,444,001,2025-10-02_13h44.21.710,Motor_sequence_exp,,2025.1.1,59.72256479855326,2025-10-02 13h44.28.836529 +0530,
150,v,181,1,45,v,1,0.7028383999713697,None,,,,,45,1,181,1,,,,,440.05109760002233,,440.0355087000062,440.05109760002233,441.0350020999904,441.0350020999904,441.0350020999904,441.0350020999904,441.0514686999959,442.03540789999533,442.03540789999533,442.7517773999716,v,1,0.7028383999713697,None,,,,,,,,,,,,,,,444,001,2025-10-02_13h44.21.710,Motor_sequence_exp,,2025.1.1,59.72256479855326,2025-10-02 13h44.28.836529 +0530,
50,c,182,2,45,c,1,0.5360961999977008,None,,,,,45,2,182,2,,,,,442.76695469999686,,442.75216650002403,442.76695469999686,443.7520754999714,443.7520754999714,443.7520754999714,443.7520754999714,443.7675873999833,444.7514415999758,444.7514415999758,445.3030406999751,c,1,0.5360961999977008,None,,,,,,,,,,,,,,,444,001,2025-10-02_13h44.21.710,Motor_sequence_exp,,2025.1.1,59.72256479855326,2025-10-02 13h44.28.836529 +0530,
-150,z,183,3,45,z,1,0.7217894999776036,None,,,,,45,3,183,3,,,,,445.3176841000095,,445.3036059999722,445.3176841000095,446.31867850001436,446.31867850001436,446.31867850001436,446.31867850001436,446.31867850001436,447.30185849999543,447.30185849999543,448.03516289999243,z,1,0.7217894999776036,None,,,,,,,,,,,,,,,444,001,2025-10-02_13h44.21.710,Motor_sequence_exp,,2025.1.1,59.72256479855326,2025-10-02 13h44.28.836529 +0530,
-50,x,184,0,46,x,1,0.46176410000771284,None,,,,,46,0,184,0,,,,,448.0511588000227,,448.03569480002625,448.0511588000227,449.03441359999124,449.03441359999124,449.03441359999124,449.03441359999124,449.0510614999803,450.0354103000136,450.0354103000136,450.50803999998607,x,1,0.46176410000771284,None,,,,,,,,,,,,,,,444,001,2025-10-02_13h44.21.710,Motor_sequence_exp,,2025.1.1,59.72256479855326,2025-10-02 13h44.28.836529 +0530,
150,v,185,1,46,v,1,0.7133828999940306,None,,,,,46,1,185,1,,,,,450.518694999977,,450.5087771000108,450.518694999977,451.51892130001215,451.51892130001215,451.51892130001215,451.51892130001215,451.51892130001215,452.51878959999885,452.51878959999885,453.2358526000171,v,1,0.7133828999940306,None,,,,,,,,,,,,,,,444,001,2025-10-02_13h44.21.710,Motor_sequence_exp,,2025.1.1,59.72256479855326,2025-10-02 13h44.28.836529 +0530,
50,c,186,2,46,c,1,0.6383737999713048,None,,,,,46,2,186,2,,,,,453.2511348000262,,453.2363078999915,453.2511348000262,454.25172449997626,454.25172449997626,454.25172449997626,454.25172449997626,454.25172449997626,455.2347835000255,455.2347835000255,455.8849066999974,c,1,0.6383737999713048,None,,,,,,,,,,,,,,,444,001,2025-10-02_13h44.21.710,Motor_sequence_exp,,2025.1.1,59.72256479855326,2025-10-02 13h44.28.836529 +0530,
-150,z,187,3,46,z,1,0.4918377000140026,None,,,,,46,3,187,3,,,,,455.9022017000243,,455.88532980001764,455.9022017000243,456.88561980001396,456.88561980001396,456.88561980001396,456.88561980001396,456.90117109997664,457.88439469999867,457.88439469999867,458.3852394000278,z,1,0.4918377000140026,None,,,,,,,,,,,,,,,444,001,2025-10-02_13h44.21.710,Motor_sequence_exp,,2025.1.1,59.72256479855326,2025-10-02 13h44.28.836529 +0530,
-50,x,188,0,47,x,1,0.5050768000073731,None,,,,,47,0,188,0,,,,,458.4021939000231,,458.38563610002166,458.4021939000231,459.3842563999933,459.3842563999933,459.3842563999933,459.3842563999933,459.4189973999746,460.38455650000833,460.38455650000833,460.90210270002717,x,1,0.5050768000073731,None,,,,,,,,,,,,,,,444,001,2025-10-02_13h44.21.710,Motor_sequence_exp,,2025.1.1,59.72256479855326,2025-10-02 13h44.28.836529 +0530,
150,v,189,1,47,v,1,0.350974100001622,None,,,,,47,1,189,1,,,,,460.91841600002954,,460.9024892000016,460.91841600002954,461.9021148000029,461.9021148000029,461.9021148000029,461.9021148000029,461.9175643000053,462.90222849999554,462.90222849999554,463.2688542000251,v,1,0.350974100001622,None,,,,,,,,,,,,,,,444,001,2025-10-02_13h44.21.710,Motor_sequence_exp,,2025.1.1,59.72256479855326,2025-10-02 13h44.28.836529 +0530,
50,c,190,2,47,c,1,0.331672600004822,None,,,,,47,2,190,2,,,,,463.28410829999484,,463.2692821000237,463.28410829999484,464.2682923999964,464.2682923999964,464.2682923999964,464.2682923999964,464.28519979998237,465.2691212000209,465.2691212000209,465.6024903000216,c,1,0.331672600004822,None,,,,,,,,,,,,,,,444,001,2025-10-02_13h44.21.710,Motor_sequence_exp,,2025.1.1,59.72256479855326,2025-10-02 13h44.28.836529 +0530,
-150,z,191,3,47,z,1,0.3315539000323042,None,,,,,47,3,191,3,,,,,465.6179536000127,,465.6029193000286,465.6179536000127,466.60468360001687,466.60468360001687,466.60468360001687,466.60468360001687,466.6188812999753,467.60211530001834,467.60211530001834,467.93560600001365,z,1,0.3315539000323042,None,,,,,,,,,,,,,,,444,001,2025-10-02_13h44.21.710,Motor_sequence_exp,,2025.1.1,59.72256479855326,2025-10-02 13h44.28.836529 +0530,
-50,x,192,0,48,x,1,0.7038174000335857,None,,,,,48,0,192,0,,,,,467.95129539998015,,467.936056800012,467.95129539998015,468.93557049997617,468.93557049997617,468.93557049997617,468.93557049997617,468.95171769999433,469.93520860001445,469.93520860001445,470.652488599997,x,1,0.7038174000335857,None,,,,,,,,,,,,,,,444,001,2025-10-02_13h44.21.710,Motor_sequence_exp,,2025.1.1,59.72256479855326,2025-10-02 13h44.28.836529 +0530,
150,v,193,1,48,v,1,0.7874216999625787,None,,,,,48,1,193,1,,,,,470.66891140001826,,470.6528836999787,470.66891140001826,471.6524211000069,471.6524211000069,471.6524211000069,471.6524211000069,471.6691317000077,472.652361800021,472.652361800021,473.4515920000267,v,1,0.7874216999625787,None,,,,,,,,,,,,,,,444,001,2025-10-02_13h44.21.710,Motor_sequence_exp,,2025.1.1,59.72256479855326,2025-10-02 13h44.28.836529 +0530,
50,c,194,2,48,c,1,0.3560806000023149,None,,,,,48,2,194,2,,,,,473.46910300001036,,473.4519869000069,473.46910300001036,474.45253469998715,474.45253469998715,474.45253469998715,474.45253469998715,474.4689141000272,475.4519357000245,475.4519357000245,475.8203849000274,c,1,0.3560806000023149,None,,,,,,,,,,,,,,,444,001,2025-10-02_13h44.21.710,Motor_sequence_exp,,2025.1.1,59.72256479855326,2025-10-02 13h44.28.836529 +0530,
-150,z,195,3,48,z,1,0.3855765999760479,None,,,,,48,3,195,3,,,,,475.83393070002785,,475.8208268000162,475.83393070002785,476.8355464999913,476.8355464999913,476.8355464999913,476.8355464999913,476.8355464999913,477.8353164999862,477.8353164999862,478.2356031999807,z,1,0.3855765999760479,None,,,,,,,,,,,,,,,444,001,2025-10-02_13h44.21.710,Motor_sequence_exp,,2025.1.1,59.72256479855326,2025-10-02 13h44.28.836529 +0530,
-50,x,196,0,49,x,1,0.25238510000053793,None,,,,,49,0,196,0,,,,,478.2526331000263,,478.2360007999814,478.2526331000263,479.23548299999675,479.23548299999675,479.23548299999675,479.23548299999675,479.25270670000464,480.2358888000017,480.2358888000017,480.50230669998564,x,1,0.25238510000053793,None,,,,,,,,,,,,,,,444,001,2025-10-02_13h44.21.710,Motor_sequence_exp,,2025.1.1,59.72256479855326,2025-10-02 13h44.28.836529 +0530,
150,v,197,1,49,v,1,0.24136929999804124,None,,,,,49,1,197,1,,,,,480.51902710000286,,480.50271309999516,480.51902710000286,481.5027068000054,481.5027068000054,481.5027068000054,481.5027068000054,481.51871099998243,482.5020214000251,482.5020214000251,482.75298119999934,v,1,0.24136929999804124,None,,,,,,,,,,,,,,,444,001,2025-10-02_13h44.21.710,Motor_sequence_exp,,2025.1.1,59.72256479855326,2025-10-02 13h44.28.836529 +0530,
50,c,198,2,49,c,1,0.3578203999786638,None,,,,,49,2,198,2,,,,,482.7682713000104,,482.75361660000635,482.7682713000104,483.7521523999749,483.7521523999749,483.7521523999749,483.7521523999749,483.7690907000215,484.75257439998677,484.75257439998677,485.11907790001715,c,1,0.3578203999786638,None,,,,,,,,,,,,,,,444,001,2025-10-02_13h44.21.710,Motor_sequence_exp,,2025.1.1,59.72256479855326,2025-10-02 13h44.28.836529 +0530,
-150,z,199,3,49,z,1,0.19435689999954775,None,,,,,49,3,199,3,,,,,485.1356655000127,,485.11947370000416,485.1356655000127,486.1182860999834,486.1182860999834,486.1182860999834,486.1182860999834,486.13583839999046,487.1186659000232,487.1186659000232,487.3201111999806,z,1,0.19435689999954775,None,,,,,,,,,,,,,,,444,001,2025-10-02_13h44.21.710,Motor_sequence_exp,,2025.1.1,59.72256479855326,2025-10-02 13h44.28.836529 +0530,
150,v,0,0,0,,,,,v,1,2.3627890999778174,None,,,,,0,0,0,1,487.36621930002,,,,,,,,,,,,,,,,487.35599559999537,487.36621930002,488.3287794999778,488.3287794999778,488.3287794999778,488.3287794999778,488.3773239000002,489.3271751999855,489.3271751999855,491.6941982000135,v,1,2.3627890999778174,None,444,001,2025-10-02_13h44.21.710,Motor_sequence_exp,,2025.1.1,59.72256479855326,2025-10-02 13h44.28.836529 +0530,
150,v,1,1,1,,,,,v,1,1.264759799989406,None,,,,,1,1,1,1,491.7093362999731,,,,,,,,,,,,,,,,491.6948047999758,491.7093362999731,492.6941532000201,492.6941532000201,492.6941532000201,492.6941532000201,492.710837599996,493.694552299974,493.694552299974,494.96060490002856,v,1,1.264759799989406,None,444,001,2025-10-02_13h44.21.710,Motor_sequence_exp,,2025.1.1,59.72256479855326,2025-10-02 13h44.28.836529 +0530,
50,c,2,2,0,,,,,c,1,1.4454084999742918,None,,,,,0,2,2,2,494.9764812000212,,,,,,,,,,,,,,,,494.9612096999772,494.9764812000212,495.9595101000159,495.9595101000159,495.9595101000159,495.9595101000159,495.97785570000997,496.9602837000275,496.9602837000275,498.41158870002255,c,1,1.4454084999742918,None,444,001,2025-10-02_13h44.21.710,Motor_sequence_exp,,2025.1.1,59.72256479855326,2025-10-02 13h44.28.836529 +0530,
50,c,3,3,1,,,,,c,1,0.4221401000395417,None,,,,,1,3,3,2,498.4267889999901,,,,,,,,,,,,,,,,498.41253359999973,498.4267889999901,499.41108859999804,499.41108859999804,499.41108859999804,499.41108859999804,499.4280162000214,500.411211300001,500.411211300001,500.8453625999973,c,1,0.4221401000395417,None,444,001,2025-10-02_13h44.21.710,Motor_sequence_exp,,2025.1.1,59.72256479855326,2025-10-02 13h44.28.836529 +0530,
50,c,4,4,2,,,,,c,1,0.4606309999944642,None,,,,,2,4,4,2,500.86022710002726,,,,,,,,,,,,,,,,500.84604939998826,500.86022710002726,501.84452470002,501.84452470002,501.84452470002,501.84452470002,501.8607492999872,502.86120360001223,502.86120360001223,503.32746669999324,c,1,0.4606309999944642,None,444,001,2025-10-02_13h44.21.710,Motor_sequence_exp,,2025.1.1,59.72256479855326,2025-10-02 13h44.28.836529 +0530,
-50,x,5,5,0,,,,,x,1,1.488892900000792,None,,,,,0,5,5,0,503.34357059997274,,,,,,,,,,,,,,,,503.32813450001413,503.34357059997274,504.3278996999725,504.3278996999725,504.3278996999725,504.3278996999725,504.3432990000001,505.3279811000102,505.3279811000102,506.82781280000927,x,1,1.488892900000792,None,444,001,2025-10-02_13h44.21.710,Motor_sequence_exp,,2025.1.1,59.72256479855326,2025-10-02 13h44.28.836529 +0530,
150,v,6,6,2,,,,,v,1,1.889936999999918,None,,,,,2,6,6,1,506.8428979999735,,,,,,,,,,,,,,,,506.82842189999064,506.8428979999735,507.8273515999899,507.8273515999899,507.8273515999899,507.8273515999899,507.84474730002694,508.8277385000256,508.8277385000256,510.7277461999911,v,1,1.889936999999918,None,444,001,2025-10-02_13h44.21.710,Motor_sequence_exp,,2025.1.1,59.72256479855326,2025-10-02 13h44.28.836529 +0530,
-150,z,7,7,0,,,,,z,1,1.8059830000274815,None,,,,,0,7,7,3,510.7443781999755,,,,,,,,,,,,,,,,510.7284927999717,510.7443781999755,511.728559900017,511.728559900017,511.728559900017,511.728559900017,511.7451297999942,512.7280551000149,512.7280551000149,514.5446748000104,z,1,1.8059830000274815,None,444,001,2025-10-02_13h44.21.710,Motor_sequence_exp,,2025.1.1,59.72256479855326,2025-10-02 13h44.28.836529 +0530,
150,v,8,8,3,,,,,v,1,2.2135006999596953,None,,,,,3,8,8,1,514.5598774999962,,,,,,,,,,,,,,,,514.5453574000276,514.5598774999962,515.5436847999808,515.5436847999808,515.5436847999808,515.5436847999808,515.561009099998,516.544521200005,516.544521200005,518.7623596999911,v,1,2.2135006999596953,None,444,001,2025-10-02_13h44.21.710,Motor_sequence_exp,,2025.1.1,59.72256479855326,2025-10-02 13h44.28.836529 +0530,
50,c,9,9,3,,,,,c,1,1.2027869999874383,None,,,,,3,9,9,2,518.7765280000167,,,,,,,,,,,,,,,,518.7631197000155,518.7765280000167,519.778157600027,519.778157600027,519.778157600027,519.778157600027,519.778157600027,520.7776386999758,520.7776386999758,521.994272299984,c,1,1.2027869999874383,None,444,001,2025-10-02_13h44.21.710,Motor_sequence_exp,,2025.1.1,59.72256479855326,2025-10-02 13h44.28.836529 +0530,
-50,x,10,10,1,,,,,x,1,1.4624870999832638,None,,,,,1,10,10,0,522.0109599999851,,,,,,,,,,,,,,,,521.994987300015,522.0109599999851,522.9949516999768,522.9949516999768,522.9949516999768,522.9949516999768,523.0116472999798,523.9938056999817,523.9938056999817,525.4617945000064,x,1,1.4624870999832638,None,444,001,2025-10-02_13h44.21.710,Motor_sequence_exp,,2025.1.1,59.72256479855326,2025-10-02 13h44.28.836529 +0530,
-50,x,11,11,2,,,,,x,1,0.9519414000096731,None,,,,,2,11,11,0,525.4779940000153,,,,,,,,,,,,,,,,525.4624082000228,525.4779940000153,526.4771977000055,526.4771977000055,526.4771977000055,526.4771977000055,526.4940604000003,527.4606544999988,527.4606544999988,528.4283839000273,x,1,0.9519414000096731,None,444,001,2025-10-02_13h44.21.710,Motor_sequence_exp,,2025.1.1,59.72256479855326,2025-10-02 13h44.28.836529 +0530,
-50,x,12,12,3,,,,,x,1,1.2161219000117853,None,,,,,3,12,12,0,528.4433235999895,,,,,,,,,,,,,,,,528.4290536000044,528.4433235999895,529.4281935999752,529.4281935999752,529.4281935999752,529.4281935999752,529.4438257999718,530.4283095999854,530.4283095999854,531.6628695999971,x,1,1.2161219000117853,None,444,001,2025-10-02_13h44.21.710,Motor_sequence_exp,,2025.1.1,59.72256479855326,2025-10-02 13h44.28.836529 +0530,
-50,x,13,13,4,,,,,x,1,0.9120536000118591,None,,,,,4,13,13,0,531.6765863000182,,,,,,,,,,,,,,,,531.6639029000071,531.6765863000182,532.6783166999812,532.6783166999812,532.6783166999812,532.6783166999812,532.6783166999812,533.6784917999757,533.6784917999757,534.5953341000131,x,1,0.9120536000118591,None,444,001,2025-10-02_13h44.21.710,Motor_sequence_exp,,2025.1.1,59.72256479855326,2025-10-02 13h44.28.836529 +0530,
-50,x,14,14,5,,,,,x,1,0.7046620000037365,None,,,,,5,14,14,0,534.6099956000107,,,,,,,,,,,,,,,,534.5959967999952,534.6099956000107,535.6116793000256,535.6116793000256,535.6116793000256,535.6116793000256,535.6116793000256,536.6115145999938,536.6115145999938,537.3278789999895,x,1,0.7046620000037365,None,444,001,2025-10-02_13h44.21.710,Motor_sequence_exp,,2025.1.1,59.72256479855326,2025-10-02 13h44.28.836529 +0530,
-150,z,15,15,1,,,,,z,1,1.2016581000061706,None,,,,,1,15,15,3,537.3449319999781,,,,,,,,,,,,,,,,537.3284863000154,537.3449319999781,538.3282275000238,538.3282275000238,538.3282275000238,538.3282275000238,538.3443678999902,539.3278294000193,539.3278294000193,540.5455281999893,z,1,1.2016581000061706,None,444,001,2025-10-02_13h44.21.710,Motor_sequence_exp,,2025.1.1,59.72256479855326,2025-10-02 13h44.28.836529 +0530,
50,c,16,16,4,,,,,c,1,1.5590198999852873,None,,,,,4,16,16,2,540.5602251000237,,,,,,,,,,,,,,,,540.5462821000256,540.5602251000237,541.5451462999918,541.5451462999918,541.5451462999918,541.5451462999918,541.5614780000178,542.5454851000104,542.5454851000104,544.1127950000227,c,1,1.5590198999852873,None,444,001,2025-10-02_13h44.21.710,Motor_sequence_exp,,2025.1.1,59.72256479855326,2025-10-02 13h44.28.836529 +0530,
50,c,17,17,5,,,,,c,1,1.525349500006996,None,,,,,5,17,17,2,544.1276388000115,,,,,,,,,,,,,,,,544.1134735000087,544.1276388000115,545.1277702000225,545.1277702000225,545.1277702000225,545.1277702000225,545.1277702000225,546.1285034000175,546.1285034000175,547.6623776999768,c,1,1.525349500006996,None,444,001,2025-10-02_13h44.21.710,Motor_sequence_exp,,2025.1.1,59.72256479855326,2025-10-02 13h44.28.836529 +0530,
-50,x,18,18,6,,,,,x,1,1.6516215999727137,None,,,,,6,18,18,0,547.6769320999738,,,,,,,,,,,,,,,,547.6630605999962,547.6769320999738,548.6782217000145,548.6782217000145,548.6782217000145,548.6782217000145,548.6782217000145,549.6619363999926,549.6619363999926,551.3276886999956,x,1,1.6516215999727137,None,444,001,2025-10-02_13h44.21.710,Motor_sequence_exp,,2025.1.1,59.72256479855326,2025-10-02 13h44.28.836529 +0530,
50,c,19,19,6,,,,,c,1,1.249342600000091,None,,,,,6,19,19,2,551.3454200000269,,,,,,,,,,,,,,,,551.3283657000284,551.3454200000269,552.3286527000018,552.3286527000018,552.3286527000018,552.3286527000018,552.345451399975,553.3285496999742,553.3285496999742,554.595176199975,c,1,1.249342600000091,None,444,001,2025-10-02_13h44.21.710,Motor_sequence_exp,,2025.1.1,59.72256479855326,2025-10-02 13h44.28.836529 +0530,
150,v,20,20,4,,,,,v,1,1.3462053000112064,None,,,,,4,20,20,1,554.6110124000115,,,,,,,,,,,,,,,,554.5957874999731,554.6110124000115,555.5944975999882,555.5944975999882,555.5944975999882,555.5944975999882,555.6122101999936,556.5947115999879,556.5947115999879,557.9452308000182,v,1,1.3462053000112064,None,444,001,2025-10-02_13h44.21.710,Motor_sequence_exp,,2025.1.1,59.72256479855326,2025-10-02 13h44.28.836529 +0530,
-50,x,21,21,7,,,,,x,1,2.226580999966245,None,,,,,7,21,21,0,557.9603997999802,,,,,,,,,,,,,,,,557.9458502000198,557.9603997999802,558.945369300025,558.945369300025,558.945369300025,558.945369300025,558.9621950000292,559.945212599996,559.945212599996,562.1793391000247,x,1,2.226580999966245,None,444,001,2025-10-02_13h44.21.710,Motor_sequence_exp,,2025.1.1,59.72256479855326,2025-10-02 13h44.28.836529 +0530,
-150,z,22,22,2,,,,,z,1,1.5621620999881998,None,,,,,2,22,22,3,562.1937865000218,,,,,,,,,,,,,,,,562.1800373999868,562.1937865000218,563.1955936999875,563.1955936999875,563.1955936999875,563.1955936999875,563.1955936999875,564.179002000019,564.179002000019,565.7459614999825,z,1,1.5621620999881998,None,444,001,2025-10-02_13h44.21.710,Motor_sequence_exp,,2025.1.1,59.72256479855326,2025-10-02 13h44.28.836529 +0530,
150,v,23,23,5,,,,,v,1,1.7566846999689005,None,,,,,5,23,23,1,565.7618941999972,,,,,,,,,,,,,,,,565.7466354999924,565.7618941999972,566.7457412999938,566.7457412999938,566.7457412999938,566.7457412999938,566.7623984999955,567.7447557999985,567.7447557999985,569.5114418999874,v,1,1.7566846999689005,None,444,001,2025-10-02_13h44.21.710,Motor_sequence_exp,,2025.1.1,59.72256479855326,2025-10-02 13h44.28.836529 +0530,
50,c,24,24,7,,,,,c,1,1.7408352000056766,None,,,,,7,24,24,2,569.5284928000183,,,,,,,,,,,,,,,,569.5120497000171,569.5284928000183,570.5122980999877,570.5122980999877,570.5122980999877,570.5122980999877,570.5285951999831,571.5124315000139,571.5124315000139,573.2619941000012,c,1,1.7408352000056766,None,444,001,2025-10-02_13h44.21.710,Motor_sequence_exp,,2025.1.1,59.72256479855326,2025-10-02 13h44.28.836529 +0530,
150,v,25,25,6,,,,,v,1,1.3537730000098236,None,,,,,6,25,25,1,573.2791657000198,,,,,,,,,,,,,,,,573.262609300029,573.2791657000198,574.262028200028,574.262028200028,574.262028200028,574.262028200028,574.278685599973,575.2618132000207,575.2618132000207,576.6300907999976,v,1,1.3537730000098236,None,444,001,2025-10-02_13h44.21.710,Motor_sequence_exp,,2025.1.1,59.72256479855326,2025-10-02 13h44.28.836529 +0530,
150,v,26,26,7,,,,,v,1,0.9160957999993116,None,,,,,7,26,26,1,576.6446996000013,,,,,,,,,,,,,,,,576.6308758999803,576.6446996000013,577.628818200028,577.628818200028,577.628818200028,577.628818200028,577.6458312000032,578.6291048999992,578.6291048999992,579.5612240000046,v,1,0.9160957999993116,None,444,001,2025-10-02_13h44.21.710,Motor_sequence_exp,,2025.1.1,59.72256479855326,2025-10-02 13h44.28.836529 +0530,
-50,x,27,27,8,,,,,x,1,2.274202900007367,None,,,,,8,27,27,0,579.5775731999893,,,,,,,,,,,,,,,,579.5618415999925,579.5775731999893,580.5621399999945,580.5621399999945,580.5621399999945,580.5621399999945,580.5787396000233,581.5628958999878,581.5628958999878,583.8457670999924,x,1,2.274202900007367,None,444,001,2025-10-02_13h44.21.710,Motor_sequence_exp,,2025.1.1,59.72256479855326,2025-10-02 13h44.28.836529 +0530,
-150,z,28,28,3,,,,,z,1,0.6850358999799937,None,,,,,3,28,28,3,583.8616127999849,,,,,,,,,,,,,,,,583.846434600011,583.8616127999849,584.8624548999942,584.8624548999942,584.8624548999942,584.8624548999942,584.8624548999942,585.8461409999873,585.8461409999873,586.5456609000103,z,1,0.6850358999799937,None,444,001,2025-10-02_13h44.21.710,Motor_sequence_exp,,2025.1.1,59.72256479855326,2025-10-02 13h44.28.836529 +0530,
-150,z,29,29,4,,,,,z,1,0.7359302000259049,None,,,,,4,29,29,3,586.5609781999956,,,,,,,,,,,,,,,,586.546285199991,586.5609781999956,587.5457494999864,587.5457494999864,587.5457494999864,587.5457494999864,587.5618629999808,588.5459091999801,588.5459091999801,589.2957549000275,z,1,0.7359302000259049,None,444,001,2025-10-02_13h44.21.710,Motor_sequence_exp,,2025.1.1,59.72256479855326,2025-10-02 13h44.28.836529 +0530,
-150,z,30,30,5,,,,,z,1,0.8994861000101082,None,,,,,5,30,30,3,589.3125916999998,,,,,,,,,,,,,,,,589.2963584000245,589.3125916999998,590.2955971999909,590.2955971999909,590.2955971999909,590.2955971999909,590.3123750999803,591.2959766000276,591.2959766000276,592.2126959000016,z,1,0.8994861000101082,None,444,001,2025-10-02_13h44.21.710,Motor_sequence_exp,,2025.1.1,59.72256479855326,2025-10-02 13h44.28.836529 +0530,
50,c,31,31,8,,,,,c,1,1.5977752999751829,None,,,,,8,31,31,2,592.2290829999838,,,,,,,,,,,,,,,,592.2133569999714,592.2290829999838,593.2126828000182,593.2126828000182,593.2126828000182,593.2126828000182,593.2288257000037,594.2123940999736,594.2123940999736,595.8129236000241,c,1,1.5977752999751829,None,444,001,2025-10-02_13h44.21.710,Motor_sequence_exp,,2025.1.1,59.72256479855326,2025-10-02 13h44.28.836529 +0530,
150,v,32,32,8,,,,,v,1,1.2869489000295289,None,,,,,8,32,32,1,595.8284339000238,,,,,,,,,,,,,,,,595.8135380999884,595.8284339000238,596.8293358000228,596.8293358000228,596.8293358000228,596.8293358000228,596.8293358000228,597.8119014999829,597.8119014999829,599.113436500018,v,1,1.2869489000295289,None,444,001,2025-10-02_13h44.21.710,Motor_sequence_exp,,2025.1.1,59.72256479855326,2025-10-02 13h44.28.836529 +0530,
-50,x,33,33,9,,,,,x,1,0.9522480999585241,None,,,,,9,33,33,0,599.1274626000086,,,,,,,,,,,,,,,,599.1141384000075,599.1274626000086,600.1285153999925,600.1285153999925,600.1285153999925,600.1285153999925,600.1285153999925,601.1120277000009,601.1120277000009,602.0784787000157,x,1,0.9522480999585241,None,444,001,2025-10-02_13h44.21.710,Motor_sequence_exp,,2025.1.1,59.72256479855326,2025-10-02 13h44.28.836529 +0530,
150,v,34,34,9,,,,,v,1,1.0589730000356212,None,,,,,9,34,34,1,602.0957149000023,,,,,,,,,,,,,,,,602.0792106000008,602.0957149000023,603.0787999000167,603.0787999000167,603.0787999000167,603.0787999000167,603.0956811999786,604.0792726000072,604.0792726000072,605.147235899989,v,1,1.0589730000356212,None,444,001,2025-10-02_13h44.21.710,Motor_sequence_exp,,2025.1.1,59.72256479855326,2025-10-02 13h44.28.836529 +0530,
150,v,35,35,10,,,,,v,1,1.0631235999753699,None,,,,,10,35,35,1,605.1617223999929,,,,,,,,,,,,,,,,605.1480411000084,605.1617223999929,606.1623050000053,606.1623050000053,606.1623050000053,606.1623050000053,606.1623050000053,607.1630126999808,607.1630126999808,608.2303091000067,v,1,1.0631235999753699,None,444,001,2025-10-02_13h44.21.710,Motor_sequence_exp,,2025.1.1,59.72256479855326,2025-10-02 13h44.28.836529 +0530,
-150,z,36,36,6,,,,,z,1,0.9405468000331894,None,,,,,6,36,36,3,608.2447976000258,,,,,,,,,,,,,,,,608.2310131000122,608.2447976000258,609.2461893999716,609.2461893999716,609.2461893999716,609.2461893999716,609.2461893999716,610.2301047000219,610.2301047000219,611.1805628999718,z,1,0.9405468000331894,None,444,001,2025-10-02_13h44.21.710,Motor_sequence_exp,,2025.1.1,59.72256479855326,2025-10-02 13h44.28.836529 +0530,
150,v,37,37,11,,,,,v,1,1.4335510000237264,None,,,,,11,37,37,1,611.1953697000281,,,,,,,,,,,,,,,,611.1812171000056,611.1953697000281,612.1958557000034,612.1958557000034,612.1958557000034,612.1958557000034,612.1958557000034,613.1963335999753,613.1963335999753,614.6454793000012,v,1,1.4335510000237264,None,444,001,2025-10-02_13h44.21.710,Motor_sequence_exp,,2025.1.1,59.72256479855326,2025-10-02 13h44.28.836529 +0530,
-50,x,38,38,10,,,,,x,1,0.8615778000093997,None,,,,,10,38,38,0,614.6618874000269,,,,,,,,,,,,,,,,614.6462167000282,614.6618874000269,615.645678300003,615.645678300003,615.645678300003,615.645678300003,615.6619031999726,616.6447807999793,616.6447807999793,617.5136885999818,x,1,0.8615778000093997,None,444,001,2025-10-02_13h44.21.710,Motor_sequence_exp,,2025.1.1,59.72256479855326,2025-10-02 13h44.28.836529 +0530,
-50,x,39,39,11,,,,,x,1,0.8433127999887802,None,,,,,11,39,39,0,617.5281874000211,,,,,,,,,,,,,,,,617.5146718000178,617.5281874000211,618.5114061000058,618.5114061000058,618.5114061000058,618.5114061000058,618.5297775000217,619.5296432999894,619.5296432999894,620.380363299977,x,1,0.8433127999887802,None,444,001,2025-10-02_13h44.21.710,Motor_sequence_exp,,2025.1.1,59.72256479855326,2025-10-02 13h44.28.836529 +0530,
50,c,40,40,9,,,,,c,1,1.050030299986247,None,,,,,9,40,40,2,620.3954824000248,,,,,,,,,,,,,,,,620.3812752999947,620.3954824000248,621.3961904000025,621.3961904000025,621.3961904000025,621.3961904000025,621.3961904000025,622.3798576000263,622.3798576000263,623.4465731999953,c,1,1.050030299986247,None,444,001,2025-10-02_13h44.21.710,Motor_sequence_exp,,2025.1.1,59.72256479855326,2025-10-02 13h44.28.836529 +0530,
150,v,41,41,12,,,,,v,1,1.2080012999940664,None,,,,,12,41,41,1,623.4631149999914,,,,,,,,,,,,,,,,623.4473105000216,623.4631149999914,624.4462883999804,624.4462883999804,624.4462883999804,624.4462883999804,624.4628732000128,625.4464211000013,625.4464211000013,626.6641965999734,v,1,1.2080012999940664,None,444,001,2025-10-02_13h44.21.710,Motor_sequence_exp,,2025.1.1,59.72256479855326,2025-10-02 13h44.28.836529 +0530,
150,v,42,42,13,,,,,v,1,0.8056822000071406,None,,,,,13,42,42,1,626.6788504000288,,,,,,,,,,,,,,,,626.6649948999984,626.6788504000288,627.6789574000286,627.6789574000286,627.6789574000286,627.6789574000286,627.6789574000286,628.6795977000147,628.6795977000147,629.4961304999888,v,1,0.8056822000071406,None,444,001,2025-10-02_13h44.21.710,Motor_sequence_exp,,2025.1.1,59.72256479855326,2025-10-02 13h44.28.836529 +0530,
-50,x,43,43,12,,,,,x,1,1.2124858000315726,None,,,,,12,43,43,0,629.5128133000107,,,,,,,,,,,,,,,,629.4967390000238,629.5128133000107,630.496296999976,630.496296999976,630.496296999976,630.496296999976,630.5133347000228,631.49618680001,631.49618680001,632.7135602000053,x,1,1.2124858000315726,None,444,001,2025-10-02_13h44.21.710,Motor_sequence_exp,,2025.1.1,59.72256479855326,2025-10-02 13h44.28.836529 +0530,
-50,x,44,44,13,,,,,x,1,0.9500818999949843,None,,,,,13,44,44,0,632.7288361000246,,,,,,,,,,,,,,,,632.7142306999885,632.7288361000246,633.7126236999757,633.7126236999757,633.7126236999757,633.7126236999757,633.7290984999854,634.7296841000207,634.7296841000207,635.6964670000016,x,1,0.9500818999949843,None,444,001,2025-10-02_13h44.21.710,Motor_sequence_exp,,2025.1.1,59.72256479855326,2025-10-02 13h44.28.836529 +0530,
50,c,45,45,10,,,,,c,1,1.6586402000393718,None,,,,,10,45,45,2,635.7124629999744,,,,,,,,,,,,,,,,635.697095600015,635.7124629999744,636.6965636999812,636.6965636999812,636.6965636999812,636.6965636999812,636.7124404999777,637.6971660000272,637.6971660000272,639.3637993999873,c,1,1.6586402000393718,None,444,001,2025-10-02_13h44.21.710,Motor_sequence_exp,,2025.1.1,59.72256479855326,2025-10-02 13h44.28.836529 +0530,
150,v,46,46,14,,,,,v,1,1.4288932000054047,None,,,,,14,46,46,1,639.3781945999945,,,,,,,,,,,,,,,,639.3645703999791,639.3781945999945,640.380061600008,640.380061600008,640.380061600008,640.380061600008,640.380061600008,641.3631647999864,641.3631647999864,642.7969755000086,v,1,1.4288932000054047,None,444,001,2025-10-02_13h44.21.710,Motor_sequence_exp,,2025.1.1,59.72256479855326,2025-10-02 13h44.28.836529 +0530,
-150,z,47,47,7,,,,,z,1,1.775348600000143,None,,,,,7,47,47,3,642.811771299981,,,,,,,,,,,,,,,,642.7977398000075,642.811771299981,643.7967100000242,643.7967100000242,643.7967100000242,643.7967100000242,643.8135210999753,644.7964009999996,644.7964009999996,646.5803765999735,z,1,1.775348600000143,None,444,001,2025-10-02_13h44.21.710,Motor_sequence_exp,,2025.1.1,59.72256479855326,2025-10-02 13h44.28.836529 +0530,
-150,z,48,48,8,,,,,z,1,1.5083694999921136,None,,,,,8,48,48,3,646.595101199986,,,,,,,,,,,,,,,,646.581066099985,646.595101199986,647.580095399986,647.580095399986,647.580095399986,647.580095399986,647.5961413999903,648.5795180000132,648.5795180000132,650.0974834000226,z,1,1.5083694999921136,None,444,001,2025-10-02_13h44.21.710,Motor_sequence_exp,,2025.1.1,59.72256479855326,2025-10-02 13h44.28.836529 +0530,
-50,x,49,49,14,,,,,x,1,1.1729414999717847,None,,,,,14,49,49,0,650.1118980000028,,,,,,,,,,,,,,,,650.0981865000213,650.1118980000028,651.1128947000252,651.1128947000252,651.1128947000252,651.1128947000252,651.1128947000252,652.0966600999818,652.0966600999818,653.2801880000043,x,1,1.1729414999717847,None,444,001,2025-10-02_13h44.21.710,Motor_sequence_exp,,2025.1.1,59.72256479855326,2025-10-02 13h44.28.836529 +0530,
50,c,50,50,11,,,,,c,1,0.9191996000008658,None,,,,,11,50,50,2,653.2969458000152,,,,,,,,,,,,,,,,653.280941999983,653.2969458000152,654.280443799973,654.280443799973,654.280443799973,654.280443799973,654.2964897999773,655.2803420000128,655.2803420000128,656.2023793000262,c,1,0.9191996000008658,None,444,001,2025-10-02_13h44.21.710,Motor_sequence_exp,,2025.1.1,59.72256479855326,2025-10-02 13h44.28.836529 +0530,
150,v,51,51,15,,,,,v,1,1.2064894000068307,None,,,,,15,51,51,1,656.2116151999799,,,,,,,,,,,,,,,,656.2029840999749,656.2116151999799,657.2133234000066,657.2133234000066,657.2133234000066,657.2133234000066,657.2133234000066,658.2136451000115,658.2136451000115,659.4306536000222,v,1,1.2064894000068307,None,444,001,2025-10-02_13h44.21.710,Motor_sequence_exp,,2025.1.1,59.72256479855326,2025-10-02 13h44.28.836529 +0530,
-50,x,52,52,15,,,,,x,1,1.0072210999787785,None,,,,,15,52,52,0,659.4459995999932,,,,,,,,,,,,,,,,659.4316484999727,659.4459995999932,660.4302638000227,660.4302638000227,660.4302638000227,660.4302638000227,660.4459430000279,661.429693699989,661.429693699989,662.4469442000263,x,1,1.0072210999787785,None,444,001,2025-10-02_13h44.21.710,Motor_sequence_exp,,2025.1.1,59.72256479855326,2025-10-02 13h44.28.836529 +0530,
-50,x,53,53,16,,,,,x,1,0.8439112000050955,None,,,,,16,53,53,0,662.4635749000008,,,,,,,,,,,,,,,,662.4475556000252,662.4635749000008,663.447013499972,663.447013499972,663.447013499972,663.447013499972,663.463287200022,664.4638348000008,664.4638348000008,665.3127401000238,x,1,0.8439112000050955,None,444,001,2025-10-02_13h44.21.710,Motor_sequence_exp,,2025.1.1,59.72256479855326,2025-10-02 13h44.28.836529 +0530,
-50,x,54,54,17,,,,,x,1,1.1033407999784686,None,,,,,17,54,54,0,665.3288548000273,,,,,,,,,,,,,,,,665.3134150999831,665.3288548000273,666.313791499997,666.313791499997,666.313791499997,666.313791499997,666.3295652000234,667.3139287999948,667.3139287999948,668.4308383999742,x,1,1.1033407999784686,None,444,001,2025-10-02_13h44.21.710,Motor_sequence_exp,,2025.1.1,59.72256479855326,2025-10-02 13h44.28.836529 +0530,
150,v,55,55,16,,,,,v,1,2.0784646999672987,None,,,,,16,55,55,1,668.4463983000023,,,,,,,,,,,,,,,,668.4319880999974,668.4463983000023,669.4306513000047,669.4306513000047,669.4306513000047,669.4306513000047,669.4470016999985,670.4304744999972,670.4304744999972,672.5146047999733,v,1,2.0784646999672987,None,444,001,2025-10-02_13h44.21.710,Motor_sequence_exp,,2025.1.1,59.72256479855326,2025-10-02 13h44.28.836529 +0530,
-150,z,56,56,9,,,,,z,1,0.9959186999476515,None,,,,,9,56,56,3,672.5289022999932,,,,,,,,,,,,,,,,672.5155437000212,672.5289022999932,673.5296707000234,673.5296707000234,673.5296707000234,673.5296707000234,673.5296707000234,674.5296392000164,674.5296392000164,675.5310925000231,z,1,0.9959186999476515,None,444,001,2025-10-02_13h44.21.710,Motor_sequence_exp,,2025.1.1,59.72256479855326,2025-10-02 13h44.28.836529 +0530,
50,c,57,57,12,,,,,c,1,1.280036400014069,None,,,,,12,57,57,2,675.5460972000146,,,,,,,,,,,,,,,,675.5319717000239,675.5460972000146,676.5469962999923,676.5469962999923,676.5469962999923,676.5469962999923,676.5469962999923,677.5472590000136,677.5472590000136,678.8309020000161,c,1,1.280036400014069,None,444,001,2025-10-02_13h44.21.710,Motor_sequence_exp,,2025.1.1,59.72256479855326,2025-10-02 13h44.28.836529 +0530,
50,c,58,58,13,,,,,c,1,0.7092443999717943,None,,,,,13,58,58,2,678.8455437999801,,,,,,,,,,,,,,,,678.8315740000107,678.8455437999801,679.8306349000195,679.8306349000195,679.8306349000195,679.8306349000195,679.8455608999939,680.8306428000215,680.8306428000215,681.5469243000261,c,1,0.7092443999717943,None,444,001,2025-10-02_13h44.21.710,Motor_sequence_exp,,2025.1.1,59.72256479855326,2025-10-02 13h44.28.836529 +0530,
50,c,59,59,14,,,,,c,1,0.7269401999656111,None,,,,,14,59,59,2,681.5624854000052,,,,,,,,,,,,,,,,681.547612000024,681.5624854000052,682.5468817999936,682.5468817999936,682.5468817999936,682.5468817999936,682.563559799979,683.5473307999782,683.5473307999782,684.281126899994,c,1,0.7269401999656111,None,444,001,2025-10-02_13h44.21.710,Motor_sequence_exp,,2025.1.1,59.72256479855326,2025-10-02 13h44.28.836529 +0530,
50,c,60,60,15,,,,,c,1,0.6512958999956027,None,,,,,15,60,60,2,684.2955654999823,,,,,,,,,,,,,,,,684.2820702000172,684.2955654999823,685.2806007000036,685.2806007000036,685.2806007000036,685.2806007000036,685.2974686999805,686.2810221000109,686.2810221000109,686.9477277999977,c,1,0.6512958999956027,None,444,001,2025-10-02_13h44.21.710,Motor_sequence_exp,,2025.1.1,59.72256479855326,2025-10-02 13h44.28.836529 +0530,
150,v,61,61,17,,,,,v,1,1.0870049999793991,None,,,,,17,61,61,1,686.9636873999843,,,,,,,,,,,,,,,,686.9483599999803,686.9636873999843,687.9469960000133,687.9469960000133,687.9469960000133,687.9469960000133,687.9635273999884,688.9470656000194,688.9470656000194,690.0466998000047,v,1,1.0870049999793991,None,444,001,2025-10-02_13h44.21.710,Motor_sequence_exp,,2025.1.1,59.72256479855326,2025-10-02 13h44.28.836529 +0530,
-150,z,62,62,10,,,,,z,1,0.7632353000226431,None,,,,,10,62,62,3,690.0635435000295,,,,,,,,,,,,,,,,690.047302299994,690.0635435000295,691.0475868000067,691.0475868000067,691.0475868000067,691.0475868000067,691.0630653999979,692.047560099978,692.047560099978,692.8148543999996,z,1,0.7632353000226431,None,444,001,2025-10-02_13h44.21.710,Motor_sequence_exp,,2025.1.1,59.72256479855326,2025-10-02 13h44.28.836529 +0530,
-150,z,63,63,11,,,,,z,1,0.8168686000281014,None,,,,,11,63,63,3,692.8299039999838,,,,,,,,,,,,,,,,692.8155222000205,692.8299039999838,693.8307619999978,693.8307619999978,693.8307619999978,693.8307619999978,693.8307619999978,694.8291548999841,694.8291548999841,695.6647137000109,z,1,0.8168686000281014,None,444,001,2025-10-02_13h44.21.710,Motor_sequence_exp,,2025.1.1,59.72256479855326,2025-10-02 13h44.28.836529 +0530,
-150,z,64,64,12,,,,,z,1,0.8042900000000373,None,,,,,12,64,64,3,695.6797933999915,,,,,,,,,,,,,,,,695.6656679000007,695.6797933999915,696.6801568000228,696.6801568000228,696.6801568000228,696.6801568000228,696.6801568000228,697.6642191000283,697.6642191000283,698.480720099993,z,1,0.8042900000000373,None,444,001,2025-10-02_13h44.21.710,Motor_sequence_exp,,2025.1.1,59.72256479855326,2025-10-02 13h44.28.836529 +0530,
-150,z,65,65,13,,,,,z,1,0.9495806999620982,None,,,,,13,65,65,3,698.4973328000051,,,,,,,,,,,,,,,,698.4813236999908,698.4973328000051,699.4792750999914,699.4792750999914,699.4792750999914,699.4792750999914,699.5145914999885,700.4796728999936,700.4796728999936,701.4304859000258,z,1,0.9495806999620982,None,444,001,2025-10-02_13h44.21.710,Motor_sequence_exp,,2025.1.1,59.72256479855326,2025-10-02 13h44.28.836529 +0530,
50,c,66,66,16,,,,,c,1,0.8336157000157982,None,,,,,16,66,66,2,701.4470375999808,,,,,,,,,,,,,,,,701.4310855999938,701.4470375999808,702.4307390999747,702.4307390999747,702.4307390999747,702.4307390999747,702.4478140000138,703.4308818000136,703.4308818000136,704.2812075000256,c,1,0.8336157000157982,None,444,001,2025-10-02_13h44.21.710,Motor_sequence_exp,,2025.1.1,59.72256479855326,2025-10-02 13h44.28.836529 +0530,
150,v,67,67,18,,,,,v,1,0.7786918000201695,None,,,,,18,67,67,1,704.2967548000161,,,,,,,,,,,,,,,,704.2818099000142,704.2967548000161,705.2809862000286,705.2809862000286,705.2809862000286,705.2809862000286,705.2978956999723,706.2976705000037,706.2976705000037,707.0802379000233,v,1,0.7786918000201695,None,444,001,2025-10-02_13h44.21.710,Motor_sequence_exp,,2025.1.1,59.72256479855326,2025-10-02 13h44.28.836529 +0530,
150,v,68,68,19,,,,,v,1,0.8259818999795243,None,,,,,19,68,68,1,707.0977144999779,,,,,,,,,,,,,,,,707.0808445999864,707.0977144999779,708.0814656000002,708.0814656000002,708.0814656000002,708.0814656000002,708.0957674999954,709.0807862000074,709.0807862000074,709.9142983999918,v,1,0.8259818999795243,None,444,001,2025-10-02_13h44.21.710,Motor_sequence_exp,,2025.1.1,59.72256479855326,2025-10-02 13h44.28.836529 +0530,
150,v,69,69,20,,,,,v,1,1.0652280999929644,None,,,,,20,69,69,1,709.9305798999849,,,,,,,,,,,,,,,,709.9150335000013,709.9305798999849,710.9135818000068,710.9135818000068,710.9135818000068,710.9135818000068,710.931419999979,711.9292762000114,711.9292762000114,712.9972763999831,v,1,1.0652280999929644,None,444,001,2025-10-02_13h44.21.710,Motor_sequence_exp,,2025.1.1,59.72256479855326,2025-10-02 13h44.28.836529 +0530,
-150,z,70,70,14,,,,,z,1,1.8248518999898806,None,,,,,14,70,70,3,713.0135350999772,,,,,,,,,,,,,,,,712.997894399974,713.0135350999772,713.9979041999904,713.9979041999904,713.9979041999904,713.9979041999904,714.0139397999737,714.9978481000289,714.9978481000289,716.8324797999812,z,1,1.8248518999898806,None,444,001,2025-10-02_13h44.21.710,Motor_sequence_exp,,2025.1.1,59.72256479855326,2025-10-02 13h44.28.836529 +0530,
-50,x,71,71,18,,,,,x,1,1.3925753000075929,None,,,,,18,71,71,0,716.8461841000244,,,,,,,,,,,,,,,,716.8333375999937,716.8461841000244,717.8472194999922,717.8472194999922,717.8472194999922,717.8472194999922,717.8472194999922,718.8480173000135,718.8480173000135,720.2488513999851,x,1,1.3925753000075929,None,444,001,2025-10-02_13h44.21.710,Motor_sequence_exp,,2025.1.1,59.72256479855326,2025-10-02 13h44.28.836529 +0530,
50,c,72,72,17,,,,,c,1,0.8826315000187606,None,,,,,17,72,72,2,720.263569600007,,,,,,,,,,,,,,,,720.249903900025,720.263569600007,721.2643523999723,721.2643523999723,721.2643523999723,721.2643523999723,721.2643523999723,722.2648174000205,722.2648174000205,723.1643963999813,c,1,0.8826315000187606,None,444,001,2025-10-02_13h44.21.710,Motor_sequence_exp,,2025.1.1,59.72256479855326,2025-10-02 13h44.28.836529 +0530,
150,v,73,73,21,,,,,v,1,1.4949337000143714,None,,,,,21,73,73,1,723.1809056000202,,,,,,,,,,,,,,,,723.1652033000137,723.1809056000202,724.1642988999956,724.1642988999956,724.1642988999956,724.1642988999956,724.1814057999873,725.164039299998,725.164039299998,726.6646992000169,v,1,1.4949337000143714,None,444,001,2025-10-02_13h44.21.710,Motor_sequence_exp,,2025.1.1,59.72256479855326,2025-10-02 13h44.28.836529 +0530,
50,c,74,74,18,,,,,c,1,1.1509466000134125,None,,,,,18,74,74,2,726.6796282000141,,,,,,,,,,,,,,,,726.6655511999852,726.6796282000141,727.6637258999981,727.6637258999981,727.6637258999981,727.6637258999981,727.6795694999746,728.6648397999816,728.6648397999816,729.8306100000045,c,1,1.1509466000134125,None,444,001,2025-10-02_13h44.21.710,Motor_sequence_exp,,2025.1.1,59.72256479855326,2025-10-02 13h44.28.836529 +0530,
50,c,75,75,19,,,,,c,1,1.4298450000351295,None,,,,,19,75,75,2,729.8481422999757,,,,,,,,,,,,,,,,729.8312381000142,729.8481422999757,730.8313375000143,730.8313375000143,730.8313375000143,730.8313375000143,730.8464709999971,731.8313040999928,731.8313040999928,733.2651044999948,c,1,1.4298450000351295,None,444,001,2025-10-02_13h44.21.710,Motor_sequence_exp,,2025.1.1,59.72256479855326,2025-10-02 13h44.28.836529 +0530,
150,v,76,76,22,,,,,v,1,1.128550399967935,None,,,,,22,76,76,1,733.2798872999847,,,,,,,,,,,,,,,,733.2657925999956,733.2798872999847,734.2646405000123,734.2646405000123,734.2646405000123,734.2646405000123,734.2816279000253,735.2647303999984,735.2647303999984,736.3987424999941,v,1,1.128550399967935,None,444,001,2025-10-02_13h44.21.710,Motor_sequence_exp,,2025.1.1,59.72256479855326,2025-10-02 13h44.28.836529 +0530,
-150,z,77,77,15,,,,,z,1,0.9764171999995597,None,,,,,15,77,77,3,736.4140276000253,,,,,,,,,,,,,,,,736.3995800000266,736.4140276000253,737.3979035000084,737.3979035000084,737.3979035000084,737.3979035000084,737.4148746000137,738.4148462999729,738.4148462999729,739.398060699983,z,1,0.9764171999995597,None,444,001,2025-10-02_13h44.21.710,Motor_sequence_exp,,2025.1.1,59.72256479855326,2025-10-02 13h44.28.836529 +0530,
-150,z,78,78,16,,,,,z,1,0.9935125000192784,None,,,,,16,78,78,3,739.4179369999911,,,,,,,,,,,,,,,,739.3986633999739,739.4179369999911,740.397777599981,740.397777599981,740.397777599981,740.397777599981,740.4309066000278,741.3981674999814,741.3981674999814,742.398716500029,z,1,0.9935125000192784,None,444,001,2025-10-02_13h44.21.710,Motor_sequence_exp,,2025.1.1,59.72256479855326,2025-10-02 13h44.28.836529 +0530,
150,v,79,79,23,,,,,v,1,1.6841696000192314,None,,,,,23,79,79,1,742.4134388000239,,,,,,,,,,,,,,,,742.3993382999906,742.4134388000239,743.3983052999829,743.3983052999829,743.3983052999829,743.3983052999829,743.4148125000065,744.3979284000234,744.3979284000234,746.0981285999878,v,1,1.6841696000192314,None,444,001,2025-10-02_13h44.21.710,Motor_sequence_exp,,2025.1.1,59.72256479855326,2025-10-02 13h44.28.836529 +0530,
-50,x,80,80,19,,,,,x,1,1.8858764999895357,None,,,,,19,80,80,0,746.1151976999827,,,,,,,,,,,,,,,,746.0987908000243,746.1151976999827,747.1145658000023,747.1145658000023,747.1145658000023,747.1145658000023,747.1314950999804,748.0983251999714,748.0983251999714,749.998250900011,x,1,1.8858764999895357,None,444,001,2025-10-02_13h44.21.710,Motor_sequence_exp,,2025.1.1,59.72256479855326,2025-10-02 13h44.28.836529 +0530,
50,c,81,81,20,,,,,c,1,2.2155034000170417,None,,,,,20,81,81,2,750.0150826000026,,,,,,,,,,,,,,,,749.9988499999745,750.0150826000026,750.9974309999961,750.9974309999961,750.9974309999961,750.9974309999961,751.0140755000175,751.9975228999974,751.9975228999974,754.2146605000016,c,1,2.2155034000170417,None,444,001,2025-10-02_13h44.21.710,Motor_sequence_exp,,2025.1.1,59.72256479855326,2025-10-02 13h44.28.836529 +0530,
-50,x,82,82,20,,,,,x,1,2.745758700009901,None,,,,,20,82,82,0,754.2310848999768,,,,,,,,,,,,,,,,754.2152744000196,754.2310848999768,755.2151190000004,755.2151190000004,755.2151190000004,755.2151190000004,755.2313933999976,756.2152810000116,756.2152810000116,758.9649189999909,x,1,2.745758700009901,None,444,001,2025-10-02_13h44.21.710,Motor_sequence_exp,,2025.1.1,59.72256479855326,2025-10-02 13h44.28.836529 +0530,
50,c,83,83,21,,,,,c,1,1.6613583999569528,None,,,,,21,83,83,2,758.9810061000171,,,,,,,,,,,,,,,,758.9656253000139,758.9810061000171,759.9663167999825,759.9663167999825,759.9663167999825,759.9663167999825,759.9801496000146,760.9651827000198,760.9651827000198,762.6322873000172,c,1,1.6613583999569528,None,444,001,2025-10-02_13h44.21.710,Motor_sequence_exp,,2025.1.1,59.72256479855326,2025-10-02 13h44.28.836529 +0530,
-150,z,84,84,17,,,,,z,1,2.052029100013897,None,,,,,17,84,84,3,762.6468421000172,,,,,,,,,,,,,,,,762.6329868999892,762.6468421000172,763.6309622999979,763.6309622999979,763.6309622999979,763.6309622999979,763.6486840000143,764.6320948000066,764.6320948000066,766.6988888999913,z,1,2.052029100013897,None,444,001,2025-10-02_13h44.21.710,Motor_sequence_exp,,2025.1.1,59.72256479855326,2025-10-02 13h44.28.836529 +0530,
50,c,85,85,22,,,,,c,1,1.3637607000418939,None,,,,,22,85,85,2,766.7150434000068,,,,,,,,,,,,,,,,766.699642600026,766.7150434000068,767.7146416999749,767.7146416999749,767.7146416999749,767.7146416999749,767.7146416999749,768.6986164000118,768.6986164000118,770.0645554999937,c,1,1.3637607000418939,None,444,001,2025-10-02_13h44.21.710,Motor_sequence_exp,,2025.1.1,59.72256479855326,2025-10-02 13h44.28.836529 +0530,
50,c,86,86,23,,,,,c,1,1.9633411000249907,None,,,,,23,86,86,2,770.0809800000279,,,,,,,,,,,,,,,,770.0652316000196,770.0809800000279,771.0659236999927,771.0659236999927,771.0659236999927,771.0659236999927,771.0821205999819,772.0653617000207,772.0653617000207,774.0323861999786,c,1,1.9633411000249907,None,444,001,2025-10-02_13h44.21.710,Motor_sequence_exp,,2025.1.1,59.72256479855326,2025-10-02 13h44.28.836529 +0530,
150,v,87,87,24,,,,,v,1,1.7081645000143908,None,,,,,24,87,87,1,774.0477243000059,,,,,,,,,,,,,,,,774.0332206999883,774.0477243000059,775.0319613000029,775.0319613000029,775.0319613000029,775.0319613000029,775.046931400022,776.0489009000012,776.0489009000012,777.7662949999794,v,1,1.7081645000143908,None,444,001,2025-10-02_13h44.21.710,Motor_sequence_exp,,2025.1.1,59.72256479855326,2025-10-02 13h44.28.836529 +0530,
-50,x,88,88,21,,,,,x,1,0.9645054999855347,None,,,,,21,88,88,0,777.7804434000282,,,,,,,,,,,,,,,,777.7671766999993,777.7804434000282,778.7652084000292,778.7652084000292,778.7652084000292,778.7652084000292,778.782417999988,779.7655752000283,779.7655752000283,780.7324943999993,x,1,0.9645054999855347,None,444,001,2025-10-02_13h44.21.710,Motor_sequence_exp,,2025.1.1,59.72256479855326,2025-10-02 13h44.28.836529 +0530,
-50,x,89,89,22,,,,,x,1,0.9942312999628484,None,,,,,22,89,89,0,780.7477986000013,,,,,,,,,,,,,,,,780.7331612000125,780.7477986000013,781.7320824000053,781.7320824000053,781.7320824000053,781.7320824000053,781.749180999992,782.7324913999764,782.7324913999764,783.7319775000215,x,1,0.9942312999628484,None,444,001,2025-10-02_13h44.21.710,Motor_sequence_exp,,2025.1.1,59.72256479855326,2025-10-02 13h44.28.836529 +0530,
50,c,90,90,24,,,,,c,1,0.8112908000475727,None,,,,,24,90,90,2,783.7471966000157,,,,,,,,,,,,,,,,783.7326652000193,783.7471966000157,784.7319586999947,784.7319586999947,784.7319586999947,784.7319586999947,784.7487053999794,785.731964799983,785.731964799983,786.5492050999892,c,1,0.8112908000475727,None,444,001,2025-10-02_13h44.21.710,Motor_sequence_exp,,2025.1.1,59.72256479855326,2025-10-02 13h44.28.836529 +0530,
150,v,91,91,25,,,,,v,1,0.7881561999674886,None,,,,,25,91,91,1,786.5646479999996,,,,,,,,,,,,,,,,786.550121599983,786.5646479999996,787.5483549999772,787.5483549999772,787.5483549999772,787.5483549999772,787.5679311000276,788.5651243000175,788.5651243000175,789.3652998000034,v,1,0.7881561999674886,None,444,001,2025-10-02_13h44.21.710,Motor_sequence_exp,,2025.1.1,59.72256479855326,2025-10-02 13h44.28.836529 +0530,
-50,x,92,92,23,,,,,x,1,1.2729071999783628,None,,,,,23,92,92,0,789.3813811999862,,,,,,,,,,,,,,,,789.365929600026,789.3813811999862,790.3651536999969,790.3651536999969,790.3651536999969,790.3651536999969,790.3807674000273,791.3654518999974,791.3654518999974,792.6488185999915,x,1,1.2729071999783628,None,444,001,2025-10-02_13h44.21.710,Motor_sequence_exp,,2025.1.1,59.72256479855326,2025-10-02 13h44.28.836529 +0530,
-150,z,93,93,18,,,,,z,1,1.9699863999849185,None,,,,,18,93,93,3,792.6655170000158,,,,,,,,,,,,,,,,792.6494259000174,792.6655170000158,793.6493525999831,793.6493525999831,793.6493525999831,793.6493525999831,793.665787099977,794.6490327999927,794.6490327999927,796.6327534000156,z,1,1.9699863999849185,None,444,001,2025-10-02_13h44.21.710,Motor_sequence_exp,,2025.1.1,59.72256479855326,2025-10-02 13h44.28.836529 +0530,
50,c,94,94,25,,,,,c,1,1.2549265999696217,None,,,,,25,94,94,2,796.6482988999924,,,,,,,,,,,,,,,,796.6337517999928,796.6482988999924,797.6491243999917,797.6491243999917,797.6491243999917,797.6491243999917,797.6491243999917,798.6488844000269,798.6488844000269,799.9154947000206,c,1,1.2549265999696217,None,444,001,2025-10-02_13h44.21.710,Motor_sequence_exp,,2025.1.1,59.72256479855326,2025-10-02 13h44.28.836529 +0530,
-50,x,95,95,24,,,,,x,1,1.4077436000225134,None,,,,,24,95,95,0,799.931660000002,,,,,,,,,,,,,,,,799.916099300026,799.931660000002,800.9157495999825,800.9157495999825,800.9157495999825,800.9157495999825,800.9322693999857,801.9159698000294,801.9159698000294,803.3329651000095,x,1,1.4077436000225134,None,444,001,2025-10-02_13h44.21.710,Motor_sequence_exp,,2025.1.1,59.72256479855326,2025-10-02 13h44.28.836529 +0530,
150,v,96,96,26,,,,,v,1,1.2106975999777205,None,,,,,26,96,96,1,803.3480808999739,,,,,,,,,,,,,,,,803.3339235999738,803.3480808999739,804.3325579999946,804.3325579999946,804.3325579999946,804.3325579999946,804.3493306000018,805.3323354999884,805.3323354999884,806.549994800007,v,1,1.2106975999777205,None,444,001,2025-10-02_13h44.21.710,Motor_sequence_exp,,2025.1.1,59.72256479855326,2025-10-02 13h44.28.836529 +0530,
-50,x,97,97,25,,,,,x,1,1.0274487999849953,None,,,,,25,97,97,0,806.5642114999937,,,,,,,,,,,,,,,,806.5509533000295,806.5642114999937,807.5661290999851,807.5661290999851,807.5661290999851,807.5661290999851,807.5661290999851,808.5661285999813,808.5661285999813,809.5993850000086,x,1,1.0274487999849953,None,444,001,2025-10-02_13h44.21.710,Motor_sequence_exp,,2025.1.1,59.72256479855326,2025-10-02 13h44.28.836529 +0530,
50,c,98,98,26,,,,,c,1,1.108208299963735,None,,,,,26,98,98,2,809.6150273000239,,,,,,,,,,,,,,,,809.6000551999896,809.6150273000239,810.5993829999934,810.5993829999934,810.5993829999934,810.5993829999934,810.615458699991,811.5990492000128,811.5990492000128,812.7157298999955,c,1,1.108208299963735,None,444,001,2025-10-02_13h44.21.710,Motor_sequence_exp,,2025.1.1,59.72256479855326,2025-10-02 13h44.28.836529 +0530,
50,c,99,99,27,,,,,c,1,1.214358999975957,None,,,,,27,99,99,2,812.732694300008,,,,,,,,,,,,,,,,812.7163687000284,812.732694300008,813.715145300026,813.715145300026,813.715145300026,813.715145300026,813.732473400014,814.716171099979,814.716171099979,815.9334814000176,c,1,1.214358999975957,None,444,001,2025-10-02_13h44.21.710,Motor_sequence_exp,,2025.1.1,59.72256479855326,2025-10-02 13h44.28.836529 +0530,
-50,x,100,100,26,,,,,x,1,0.9299070999841206,None,,,,,26,100,100,0,815.9479027999914,,,,,,,,,,,,,,,,815.9341686000116,815.9479027999914,816.9493205000181,816.9493205000181,816.9493205000181,816.9493205000181,816.9493205000181,817.9328744999948,817.9328744999948,818.8663293999853,x,1,0.9299070999841206,None,444,001,2025-10-02_13h44.21.710,Motor_sequence_exp,,2025.1.1,59.72256479855326,2025-10-02 13h44.28.836529 +0530,
150,v,101,101,27,,,,,v,1,1.3328325999900699,None,,,,,27,101,101,1,818.8818716999958,,,,,,,,,,,,,,,,818.8670928999782,818.8818716999958,819.8658535000286,819.8658535000286,819.8658535000286,819.8658535000286,819.8829117999994,820.8827662999975,820.8827662999975,822.21656109998,v,1,1.3328325999900699,None,444,001,2025-10-02_13h44.21.710,Motor_sequence_exp,,2025.1.1,59.72256479855326,2025-10-02 13h44.28.836529 +0530,
150,v,102,102,28,,,,,v,1,1.194903899973724,None,,,,,28,102,102,1,822.2317703000153,,,,,,,,,,,,,,,,822.2172452000086,822.2317703000153,823.2161778999725,823.2161778999725,823.2161778999725,823.2161778999725,823.2329576999764,824.2156312000006,824.2156312000006,825.4160508000059,v,1,1.194903899973724,None,444,001,2025-10-02_13h44.21.710,Motor_sequence_exp,,2025.1.1,59.72256479855326,2025-10-02 13h44.28.836529 +0530,
-150,z,103,103,19,,,,,z,1,1.6143345000455156,None,,,,,19,103,103,3,825.4312085999991,,,,,,,,,,,,,,,,825.4166629000101,825.4312085999991,826.4163365000277,826.4163365000277,826.4163365000277,826.4163365000277,826.4329450000077,827.4155876999721,827.4155876999721,829.0331463000039,z,1,1.6143345000455156,None,444,001,2025-10-02_13h44.21.710,Motor_sequence_exp,,2025.1.1,59.72256479855326,2025-10-02 13h44.28.836529 +0530,
-150,z,104,104,20,,,,,z,1,0.9668945000157692,None,,,,,20,104,104,3,829.0485841999762,,,,,,,,,,,,,,,,829.0338580000098,829.0485841999762,830.0329292999813,830.0329292999813,830.0329292999813,830.0329292999813,830.0497433000128,831.0496792999911,831.0496792999911,832.0328682999825,z,1,0.9668945000157692,None,444,001,2025-10-02_13h44.21.710,Motor_sequence_exp,,2025.1.1,59.72256479855326,2025-10-02 13h44.28.836529 +0530,
-50,x,105,105,27,,,,,x,1,1.1295575999538414,None,,,,,27,105,105,0,832.0496531000244,,,,,,,,,,,,,,,,832.0334727999871,832.0496531000244,833.0331315000076,833.0331315000076,833.0331315000076,833.0331315000076,833.0496209000121,834.0323237000266,834.0323237000266,835.1663390999893,x,1,1.1295575999538414,None,444,001,2025-10-02_13h44.21.710,Motor_sequence_exp,,2025.1.1,59.72256479855326,2025-10-02 13h44.28.836529 +0530,
50,c,106,106,28,,,,,c,1,0.8596418999950401,None,,,,,28,106,106,2,835.1813474000082,,,,,,,,,,,,,,,,835.1669446000014,835.1813474000082,836.1663070999784,836.1663070999784,836.1663070999784,836.1663070999784,836.182872299978,837.1659096999792,837.1659096999792,838.0341132999747,c,1,0.8596418999950401,None,444,001,2025-10-02_13h44.21.710,Motor_sequence_exp,,2025.1.1,59.72256479855326,2025-10-02 13h44.28.836529 +0530,
-50,x,107,107,28,,,,,x,1,1.3345845000003465,None,,,,,28,107,107,0,838.0482100999798,,,,,,,,,,,,,,,,838.0349196000025,838.0482100999798,839.0496504000039,839.0496504000039,839.0496504000039,839.0496504000039,839.0496504000039,840.0499410000048,840.0499410000048,841.3995714000193,x,1,1.3345845000003465,None,444,001,2025-10-02_13h44.21.710,Motor_sequence_exp,,2025.1.1,59.72256479855326,2025-10-02 13h44.28.836529 +0530,
150,v,108,108,29,,,,,v,1,0.7304798999684863,None,,,,,29,108,108,1,841.4163560000015,,,,,,,,,,,,,,,,841.4002025999944,841.4163560000015,842.3998978000018,842.3998978000018,842.3998978000018,842.3998978000018,842.4171199999982,843.3992917999858,843.3992917999858,844.1335708000115,v,1,0.7304798999684863,None,444,001,2025-10-02_13h44.21.710,Motor_sequence_exp,,2025.1.1,59.72256479855326,2025-10-02 13h44.28.836529 +0530,
-150,z,109,109,21,,,,,z,1,0.7089932999806479,None,,,,,21,109,109,3,844.1494068999891,,,,,,,,,,,,,,,,844.1342492999975,844.1494068999891,845.1482126999763,845.1482126999763,845.1482126999763,845.1482126999763,845.1482126999763,846.133314799983,846.133314799983,846.8500363000203,z,1,0.7089932999806479,None,444,001,2025-10-02_13h44.21.710,Motor_sequence_exp,,2025.1.1,59.72256479855326,2025-10-02 13h44.28.836529 +0530,
-50,x,110,110,29,,,,,x,1,0.6916456000180915,None,,,,,29,110,110,0,846.8654402000248,,,,,,,,,,,,,,,,846.85071530001,846.8654402000248,847.8497480999795,847.8497480999795,847.8497480999795,847.8497480999795,847.86668929999,848.8490824999753,848.8490824999753,849.5505052999943,x,1,0.6916456000180915,None,444,001,2025-10-02_13h44.21.710,Motor_sequence_exp,,2025.1.1,59.72256479855326,2025-10-02 13h44.28.836529 +0530,
-150,z,111,111,22,,,,,z,1,0.9141112999641337,None,,,,,22,111,111,3,849.5648321000044,,,,,,,,,,,,,,,,849.5512369999778,849.5648321000044,850.5498709999956,850.5498709999956,850.5498709999956,850.5498709999956,850.5649317000061,851.5659578000195,851.5659578000195,852.4834029999911,z,1,0.9141112999641337,None,444,001,2025-10-02_13h44.21.710,Motor_sequence_exp,,2025.1.1,59.72256479855326,2025-10-02 13h44.28.836529 +0530,
150,v,112,112,30,,,,,v,1,1.146554799983278,None,,,,,30,112,112,1,852.4990924000158,,,,,,,,,,,,,,,,852.484083599993,852.4990924000158,853.4829851000104,853.4829851000104,853.4829851000104,853.4829851000104,853.4983021999942,854.4834387999726,854.4834387999726,855.6335612999974,v,1,1.146554799983278,None,444,001,2025-10-02_13h44.21.710,Motor_sequence_exp,,2025.1.1,59.72256479855326,2025-10-02 13h44.28.836529 +0530,
50,c,113,113,29,,,,,v,0,2.0468264000373892,None,,,,,29,113,113,2,855.6494733000291,,,,,,,,,,,,,,,,855.6343221000279,855.6494733000291,856.6334860000061,856.6334860000061,856.6334860000061,856.6334860000061,856.650239199982,857.6327995000174,857.6327995000174,859.6830227000173,v,0,2.0468264000373892,None,444,001,2025-10-02_13h44.21.710,Motor_sequence_exp,,2025.1.1,59.72256479855326,2025-10-02 13h44.28.836529 +0530,
50,c,114,114,30,,,,,c,1,0.815470399975311,None,,,,,30,114,114,2,859.6991026999895,,,,,,,,,,,,,,,,859.6837156999973,859.6991026999895,860.6836040000198,860.6836040000198,860.6836040000198,860.6836040000198,860.7000629000249,861.6835541999899,861.6835541999899,862.5166232999763,c,1,0.815470399975311,None,444,001,2025-10-02_13h44.21.710,Motor_sequence_exp,,2025.1.1,59.72256479855326,2025-10-02 13h44.28.836529 +0530,
50,c,115,115,31,,,,,c,1,1.313203900004737,None,,,,,31,115,115,2,862.5332430999842,,,,,,,,,,,,,,,,862.5173459000071,862.5332430999842,863.5165559999878,863.5165559999878,863.5165559999878,863.5165559999878,863.532914499985,864.5336433000048,864.5336433000048,865.8504472000059,c,1,1.313203900004737,None,444,001,2025-10-02_13h44.21.710,Motor_sequence_exp,,2025.1.1,59.72256479855326,2025-10-02 13h44.28.836529 +0530,
-150,z,116,116,23,,,,,z,1,1.3285229000030085,None,,,,,23,116,116,3,865.8659154999768,,,,,,,,,,,,,,,,865.8511472999817,865.8659154999768,866.8495421999833,866.8495421999833,866.8495421999833,866.8495421999833,866.8653361999895,867.8503890000284,867.8503890000284,869.1836668999749,z,1,1.3285229000030085,None,444,001,2025-10-02_13h44.21.710,Motor_sequence_exp,,2025.1.1,59.72256479855326,2025-10-02 13h44.28.836529 +0530,
150,v,117,117,31,,,,,v,1,0.8751538999495097,None,,,,,31,117,117,1,869.1992587000132,,,,,,,,,,,,,,,,869.1843577999971,869.1992587000132,870.200221200008,870.200221200008,870.200221200008,870.200221200008,870.200221200008,871.1999645999749,871.1999645999749,872.0847478000214,v,1,0.8751538999495097,None,444,001,2025-10-02_13h44.21.710,Motor_sequence_exp,,2025.1.1,59.72256479855326,2025-10-02 13h44.28.836529 +0530,
-50,x,118,118,30,,,,,x,1,0.7807654999778606,None,,,,,30,118,118,0,872.0991749999812,,,,,,,,,,,,,,,,872.0856713000103,872.0991749999812,873.1000341000035,873.1000341000035,873.1000341000035,873.1000341000035,873.1000341000035,874.0999583000084,874.0999583000084,874.884286799992,x,1,0.7807654999778606,None,444,001,2025-10-02_13h44.21.710,Motor_sequence_exp,,2025.1.1,59.72256479855326,2025-10-02 13h44.28.836529 +0530,
-150,z,119,119,24,,,,,z,1,0.813419799960684,None,,,,,24,119,119,3,874.8987641999847,,,,,,,,,,,,,,,,874.8849617000087,874.8987641999847,875.8836571000284,875.8836571000284,875.8836571000284,875.8836571000284,875.8998929000227,876.8834209999768,876.8834209999768,877.7004491999978,z,1,0.813419799960684,None,444,001,2025-10-02_13h44.21.710,Motor_sequence_exp,,2025.1.1,59.72256479855326,2025-10-02 13h44.28.836529 +0530,
-50,x,120,120,31,,,,,x,1,0.9233120999997482,None,,,,,31,120,120,0,877.716167800012,,,,,,,,,,,,,,,,877.7011166000157,877.716167800012,878.699973299983,878.699973299983,878.699973299983,878.699973299983,878.7174561999855,879.7001179999788,879.7001179999788,880.6341159000294,x,1,0.9233120999997482,None,444,001,2025-10-02_13h44.21.710,Motor_sequence_exp,,2025.1.1,59.72256479855326,2025-10-02 13h44.28.836529 +0530,
-150,z,121,121,25,,,,,z,1,0.8743900000117719,None,,,,,25,121,121,3,880.650109499984,,,,,,,,,,,,,,,,880.6347275999724,880.650109499984,881.6335800000234,881.6335800000234,881.6335800000234,881.6335800000234,881.6504284000257,882.6336145999958,882.6336145999958,883.5179763999768,z,1,0.8743900000117719,None,444,001,2025-10-02_13h44.21.710,Motor_sequence_exp,,2025.1.1,59.72256479855326,2025-10-02 13h44.28.836529 +0530,
-50,x,122,122,32,,,,,x,1,1.0699237000080757,None,,,,,32,122,122,0,883.5327200000174,,,,,,,,,,,,,,,,883.5186629000236,883.5327200000174,884.5176345999935,884.5176345999935,884.5176345999935,884.5176345999935,884.5331891999813,885.5333832000033,885.5333832000033,886.6171971000149,x,1,1.0699237000080757,None,444,001,2025-10-02_13h44.21.710,Motor_sequence_exp,,2025.1.1,59.72256479855326,2025-10-02 13h44.28.836529 +0530,
50,c,123,123,32,,,,,c,1,0.9902825999888591,None,,,,,32,123,123,2,886.6328860999784,,,,,,,,,,,,,,,,886.6178954999777,886.6328860999784,887.6171715999953,887.6171715999953,887.6171715999953,887.6171715999953,887.6336357999826,888.6336671999888,888.6336671999888,889.6334606999881,c,1,0.9902825999888591,None,444,001,2025-10-02_13h44.21.710,Motor_sequence_exp,,2025.1.1,59.72256479855326,2025-10-02 13h44.28.836529 +0530,
-150,z,124,124,26,,,,,z,1,1.0347530000144616,None,,,,,26,124,124,3,889.6497333999723,,,,,,,,,,,,,,,,889.634078699979,889.6497333999723,890.6506773000001,890.6506773000001,890.6506773000001,890.6506773000001,890.6506773000001,891.6331509000156,891.6331509000156,892.6829762000125,z,1,1.0347530000144616,None,444,001,2025-10-02_13h44.21.710,Motor_sequence_exp,,2025.1.1,59.72256479855326,2025-10-02 13h44.28.836529 +0530,
-150,z,125,125,27,,,,,z,1,1.3391765000415035,None,,,,,27,125,125,3,892.7004155999748,,,,,,,,,,,,,,,,892.6836969000287,892.7004155999748,893.6840324000223,893.6840324000223,893.6840324000223,893.6840324000223,893.6996928000008,894.6827148000011,894.6827148000011,896.035068200028,z,1,1.3391765000415035,None,444,001,2025-10-02_13h44.21.710,Motor_sequence_exp,,2025.1.1,59.72256479855326,2025-10-02 13h44.28.836529 +0530,
50,c,126,126,33,,,,,c,1,2.0428289999836124,None,,,,,33,126,126,2,896.0487907999777,,,,,,,,,,,,,,,,896.0359761000145,896.0487907999777,897.0507697000285,897.0507697000285,897.0507697000285,897.0507697000285,897.0507697000285,898.0506804999895,898.0506804999895,900.1011389999767,c,1,2.0428289999836124,None,444,001,2025-10-02_13h44.21.710,Motor_sequence_exp,,2025.1.1,59.72256479855326,2025-10-02 13h44.28.836529 +0530,
-150,z,127,127,28,,,,,z,1,0.9188413000083528,None,,,,,28,127,127,3,900.115512599994,,,,,,,,,,,,,,,,900.1022418999928,900.115512599994,901.1007006000145,901.1007006000145,901.1007006000145,901.1007006000145,901.1175623000017,902.1171634999919,902.1171634999919,903.0513252000092,z,1,0.9188413000083528,None,444,001,2025-10-02_13h44.21.710,Motor_sequence_exp,,2025.1.1,59.72256479855326,2025-10-02 13h44.28.836529 +0530,
-50,x,128,128,33,,,,,x,1,1.1032636999734677,None,,,,,33,128,128,0,903.0664281999925,,,,,,,,,,,,,,,,903.0519978000084,903.0664281999925,904.0504929000163,904.0504929000163,904.0504929000163,904.0504929000163,904.0663709000219,905.0506956999889,905.0506956999889,906.1672886000015,x,1,1.1032636999734677,None,444,001,2025-10-02_13h44.21.710,Motor_sequence_exp,,2025.1.1,59.72256479855326,2025-10-02 13h44.28.836529 +0530,
-150,z,129,129,29,,,,,z,1,0.7034431000356562,None,,,,,29,129,129,3,906.1830330999801,,,,,,,,,,,,,,,,906.1678995999973,906.1830330999801,907.1669076000107,907.1669076000107,907.1669076000107,907.1669076000107,907.1837708000094,908.1668587999884,908.1668587999884,908.884326600004,z,1,0.7034431000356562,None,444,001,2025-10-02_13h44.21.710,Motor_sequence_exp,,2025.1.1,59.72256479855326,2025-10-02 13h44.28.836529 +0530,
50,c,130,130,34,,,,,c,1,1.3642129999934696,None,,,,,34,130,130,2,908.90060980001,,,,,,,,,,,,,,,,908.8850231000106,908.90060980001,909.8834890000289,909.8834890000289,909.8834890000289,909.8834890000289,909.9003048000159,910.88391829998,910.88391829998,912.2493197000003,c,1,1.3642129999934696,None,444,001,2025-10-02_13h44.21.710,Motor_sequence_exp,,2025.1.1,59.72256479855326,2025-10-02 13h44.28.836529 +0530,
-150,z,131,131,30,,,,,z,1,1.1555996999959461,None,,,,,30,131,131,3,912.2661236000131,,,,,,,,,,,,,,,,912.2499993999954,912.2661236000131,913.2509789000032,913.2509789000032,913.2509789000032,913.2509789000032,913.268018200004,914.2509303999832,914.2509303999832,915.416856100026,z,1,1.1555996999959461,None,444,001,2025-10-02_13h44.21.710,Motor_sequence_exp,,2025.1.1,59.72256479855326,2025-10-02 13h44.28.836529 +0530,
150,v,132,132,32,,,,,v,1,1.0854518999694847,None,,,,,32,132,132,1,915.4332292000181,,,,,,,,,,,,,,,,915.4175638000015,915.4332292000181,916.4162724000053,916.4162724000053,916.4162724000053,916.4162724000053,916.4343964,917.4176052000257,917.4176052000257,918.5173379000043,v,1,1.0854518999694847,None,444,001,2025-10-02_13h44.21.710,Motor_sequence_exp,,2025.1.1,59.72256479855326,2025-10-02 13h44.28.836529 +0530,
-50,x,133,133,34,,,,,x,1,1.2445241999812424,None,,,,,34,133,133,0,918.5342430999735,,,,,,,,,,,,,,,,918.517947299988,918.5342430999735,919.5176338999881,919.5176338999881,919.5176338999881,919.5176338999881,919.5339971000212,920.5176887999987,920.5176887999987,921.7684129999834,x,1,1.2445241999812424,None,444,001,2025-10-02_13h44.21.710,Motor_sequence_exp,,2025.1.1,59.72256479855326,2025-10-02 13h44.28.836529 +0530,
-150,z,134,134,31,,,,,z,1,1.401812800031621,None,,,,,31,134,134,3,921.7827356000198,,,,,,,,,,,,,,,,921.7693943000049,921.7827356000198,922.7678174999892,922.7678174999892,922.7678174999892,922.7678174999892,922.7839458999806,923.784363600018,923.784363600018,925.2008763999911,z,1,1.401812800031621,None,444,001,2025-10-02_13h44.21.710,Motor_sequence_exp,,2025.1.1,59.72256479855326,2025-10-02 13h44.28.836529 +0530,
-50,x,135,135,35,,,,,x,1,0.933959899994079,None,,,,,35,135,135,0,925.216786200006,,,,,,,,,,,,,,,,925.2015107999905,925.216786200006,926.2008117000223,926.2008117000223,926.2008117000223,926.2008117000223,926.2176326999906,927.2011689000065,927.2011689000065,928.1513672000146,x,1,0.933959899994079,None,444,001,2025-10-02_13h44.21.710,Motor_sequence_exp,,2025.1.1,59.72256479855326,2025-10-02 13h44.28.836529 +0530,
150,v,136,136,33,,,,,v,1,1.3040295999962837,None,,,,,33,136,136,1,928.1679082000046,,,,,,,,,,,,,,,,928.1519832999911,928.1679082000046,929.1679512999835,929.1679512999835,929.1679512999835,929.1679512999835,929.1679512999835,930.1678810999729,930.1678810999729,931.4848794999998,v,1,1.3040295999962837,None,444,001,2025-10-02_13h44.21.710,Motor_sequence_exp,,2025.1.1,59.72256479855326,2025-10-02 13h44.28.836529 +0530,
50,c,137,137,35,,,,,c,1,1.4804837999981828,None,,,,,35,137,137,2,931.5015190999839,,,,,,,,,,,,,,,,931.4855525000021,931.5015190999839,932.4841844000039,932.4841844000039,932.4841844000039,932.4841844000039,932.5013292999938,933.4842074000044,933.4842074000044,934.9673837000155,c,1,1.4804837999981828,None,444,001,2025-10-02_13h44.21.710,Motor_sequence_exp,,2025.1.1,59.72256479855326,2025-10-02 13h44.28.836529 +0530,
-150,z,138,138,32,,,,,z,1,0.8049246000009589,None,,,,,32,138,138,3,934.9840701000066,,,,,,,,,,,,,,,,934.9680514999782,934.9840701000066,935.9664851999842,935.9664851999842,935.9664851999842,935.9664851999842,935.983621100022,936.9680433999747,936.9680433999747,937.783905600023,z,1,0.8049246000009589,None,444,001,2025-10-02_13h44.21.710,Motor_sequence_exp,,2025.1.1,59.72256479855326,2025-10-02 13h44.28.836529 +0530,
150,v,139,139,34,,,,,v,1,1.7197356999968179,None,,,,,34,139,139,1,937.8002729999716,,,,,,,,,,,,,,,,937.7845293999999,937.8002729999716,938.7843033000245,938.7843033000245,938.7843033000245,938.7843033000245,938.8011089999927,939.7843988999957,939.7843988999957,941.5178607000271,v,1,1.7197356999968179,None,444,001,2025-10-02_13h44.21.710,Motor_sequence_exp,,2025.1.1,59.72256479855326,2025-10-02 13h44.28.836529 +0530,
150,v,140,140,35,,,,,v,1,1.3815516000031494,None,,,,,35,140,140,1,941.5348741000053,,,,,,,,,,,,,,,,941.5184670999879,941.5348741000053,942.5168797000078,942.5168797000078,942.5168797000078,942.5168797000078,942.5515335000237,943.5182131999754,943.5182131999754,944.901732600003,v,1,1.3815516000031494,None,444,001,2025-10-02_13h44.21.710,Motor_sequence_exp,,2025.1.1,59.72256479855326,2025-10-02 13h44.28.836529 +0530,
-50,x,141,141,36,,,,,x,1,1.4446770999929868,None,,,,,36,141,141,0,944.9165466999984,,,,,,,,,,,,,,,,944.9023581999936,944.9165466999984,945.9014196000062,945.9014196000062,945.9014196000062,945.9014196000062,945.9182653999887,946.9008130999864,946.9008130999864,948.3516808000277,x,1,1.4446770999929868,None,444,001,2025-10-02_13h44.21.710,Motor_sequence_exp,,2025.1.1,59.72256479855326,2025-10-02 13h44.28.836529 +0530,
50,c,142,142,36,,,,,c,1,2.0862322000321,None,,,,,36,142,142,2,948.3669295000145,,,,,,,,,,,,,,,,948.3523672000156,948.3669295000145,949.3679214000003,949.3679214000003,949.3679214000003,949.3679214000003,949.3679214000003,950.350454600004,950.350454600004,952.451287999982,c,1,2.0862322000321,None,444,001,2025-10-02_13h44.21.710,Motor_sequence_exp,,2025.1.1,59.72256479855326,2025-10-02 13h44.28.836529 +0530,
50,c,143,143,37,,,,,c,1,1.5619442000170238,None,,,,,37,143,143,2,952.4675306000281,,,,,,,,,,,,,,,,952.4519089999958,952.4675306000281,953.4517931999872,953.4517931999872,953.4517931999872,953.4517931999872,953.46824810002,954.4512991000083,954.4512991000083,956.0188704999746,c,1,1.5619442000170238,None,444,001,2025-10-02_13h44.21.710,Motor_sequence_exp,,2025.1.1,59.72256479855326,2025-10-02 13h44.28.836529 +0530,
-150,z,144,144,33,,,,,z,1,0.8554181999643333,None,,,,,33,144,144,3,956.0336027999874,,,,,,,,,,,,,,,,956.0198766000103,956.0336027999874,957.0182745999773,957.0182745999773,957.0182745999773,957.0182745999773,957.034763099975,958.0343158000032,958.0343158000032,958.9015392999863,z,1,0.8554181999643333,None,444,001,2025-10-02_13h44.21.710,Motor_sequence_exp,,2025.1.1,59.72256479855326,2025-10-02 13h44.28.836529 +0530,
-150,z,145,145,34,,,,,z,1,0.8460057000047527,None,,,,,34,145,145,3,958.9178812999744,,,,,,,,,,,,,,,,958.9021690000081,958.9178812999744,959.9015544999857,959.9015544999857,959.9015544999857,959.9015544999857,959.9185536000296,960.9010291000013,960.9010291000013,961.7513823999907,z,1,0.8460057000047527,None,444,001,2025-10-02_13h44.21.710,Motor_sequence_exp,,2025.1.1,59.72256479855326,2025-10-02 13h44.28.836529 +0530,
50,c,146,146,38,,,,,c,1,1.7546153000439517,None,,,,,38,146,146,2,961.7674265999813,,,,,,,,,,,,,,,,961.7521484000026,961.7674265999813,962.751605700003,962.751605700003,962.751605700003,962.751605700003,962.7681200000225,963.7518328999868,963.7518328999868,965.5193473999971,c,1,1.7546153000439517,None,444,001,2025-10-02_13h44.21.710,Motor_sequence_exp,,2025.1.1,59.72256479855326,2025-10-02 13h44.28.836529 +0530,
-150,z,147,147,35,,,,,z,1,0.7245959999854676,None,,,,,35,147,147,3,965.5340145999799,,,,,,,,,,,,,,,,965.5200571999885,965.5340145999799,966.5348384000245,966.5348384000245,966.5348384000245,966.5348384000245,966.5348384000245,967.518432700017,967.518432700017,968.250858400017,z,1,0.7245959999854676,None,444,001,2025-10-02_13h44.21.710,Motor_sequence_exp,,2025.1.1,59.72256479855326,2025-10-02 13h44.28.836529 +0530,
50,c,148,148,39,,,,,c,1,1.8409762000082992,None,,,,,39,148,148,2,968.2674124999903,,,,,,,,,,,,,,,,968.251547700027,968.2674124999903,969.2513299999991,969.2513299999991,969.2513299999991,969.2513299999991,969.2667348000105,970.2519249999896,970.2519249999896,972.102179199981,c,1,1.8409762000082992,None,444,001,2025-10-02_13h44.21.710,Motor_sequence_exp,,2025.1.1,59.72256479855326,2025-10-02 13h44.28.836529 +0530,
-150,z,149,149,36,,,,,z,1,0.7630286000203341,None,,,,,36,149,149,3,972.1183612999739,,,,,,,,,,,,,,,,972.1032529000076,972.1183612999739,973.1014967000228,973.1014967000228,973.1014967000228,973.1014967000228,973.118068700016,974.1019651999814,974.1019651999814,974.8677244000137,z,1,0.7630286000203341,None,444,001,2025-10-02_13h44.21.710,Motor_sequence_exp,,2025.1.1,59.72256479855326,2025-10-02 13h44.28.836529 +0530,
-50,x,150,150,37,,,,,x,1,0.8316035000025295,None,,,,,37,150,150,0,974.8842977000168,,,,,,,,,,,,,,,,974.8684004999814,974.8842977000168,975.8672876000055,975.8672876000055,975.8672876000055,975.8672876000055,975.8853087999742,976.8679619000177,976.8679619000177,977.7022070999956,x,1,0.8316035000025295,None,444,001,2025-10-02_13h44.21.710,Motor_sequence_exp,,2025.1.1,59.72256479855326,2025-10-02 13h44.28.836529 +0530,
150,v,151,151,36,,,,,v,1,0.9692731000250205,None,,,,,36,151,151,1,977.7173869999824,,,,,,,,,,,,,,,,977.7029419000028,977.7173869999824,978.7181709000142,978.7181709000142,978.7181709000142,978.7181709000142,978.7181709000142,979.7021038000239,979.7021038000239,980.684634300007,v,1,0.9692731000250205,None,444,001,2025-10-02_13h44.21.710,Motor_sequence_exp,,2025.1.1,59.72256479855326,2025-10-02 13h44.28.836529 +0530,
50,c,152,152,40,,,,,c,1,0.9694094000151381,None,,,,,40,152,152,2,980.7015558999847,,,,,,,,,,,,,,,,980.685246900015,980.7015558999847,981.6842134000035,981.6842134000035,981.6842134000035,981.6842134000035,981.7015061000129,982.6838789000176,982.6838789000176,983.6677782000042,c,1,0.9694094000151381,None,444,001,2025-10-02_13h44.21.710,Motor_sequence_exp,,2025.1.1,59.72256479855326,2025-10-02 13h44.28.836529 +0530,
-150,z,153,153,37,,,,,z,1,0.6053864000132307,None,,,,,37,153,153,3,983.6840587999905,,,,,,,,,,,,,,,,983.6683929000283,983.6840587999905,984.6669482000289,984.6669482000289,984.6669482000289,984.6669482000289,984.6851229000022,985.6676701999968,985.6676701999968,986.2858220000053,z,1,0.6053864000132307,None,444,001,2025-10-02_13h44.21.710,Motor_sequence_exp,,2025.1.1,59.72256479855326,2025-10-02 13h44.28.836529 +0530,
50,c,154,154,41,,,,,c,1,0.3648461999837309,None,,,,,41,154,154,2,986.300900799979,,,,,,,,,,,,,,,,986.2868333000224,986.300900799979,987.2853730000206,987.2853730000206,987.2853730000206,987.2853730000206,987.3017313000164,988.3021423000027,988.3021423000027,988.6696574999951,c,1,0.3648461999837309,None,444,001,2025-10-02_13h44.21.710,Motor_sequence_exp,,2025.1.1,59.72256479855326,2025-10-02 13h44.28.836529 +0530,
-150,z,155,155,38,,,,,z,1,1.3766944000381045,None,,,,,38,155,155,3,988.6845132000162,,,,,,,,,,,,,,,,988.6703703000094,988.6845132000162,989.6691633000155,989.6691633000155,989.6691633000155,989.6691633000155,989.6842046999955,990.684494199988,990.684494199988,992.0700318000163,z,1,1.3766944000381045,None,444,001,2025-10-02_13h44.21.710,Motor_sequence_exp,,2025.1.1,59.72256479855326,2025-10-02 13h44.28.836529 +0530,
50,c,156,156,42,,,,,c,1,1.465897899994161,None,,,,,42,156,156,2,992.083998600021,,,,,,,,,,,,,,,,992.0707207000232,992.083998600021,993.0687257000245,993.0687257000245,993.0687257000245,993.0687257000245,993.0840275000082,994.0854529999779,994.0854529999779,995.5681117000058,c,1,1.465897899994161,None,444,001,2025-10-02_13h44.21.710,Motor_sequence_exp,,2025.1.1,59.72256479855326,2025-10-02 13h44.28.836529 +0530,
-150,z,157,157,39,,,,,z,1,1.4179170000134036,None,,,,,39,157,157,3,995.584375299979,,,,,,,,,,,,,,,,995.5687468000106,995.584375299979,996.5681446000235,996.5681446000235,996.5681446000235,996.5681446000235,996.5844453999889,997.5679246999789,997.5679246999789,999.0020433000172,z,1,1.4179170000134036,None,444,001,2025-10-02_13h44.21.710,Motor_sequence_exp,,2025.1.1,59.72256479855326,2025-10-02 13h44.28.836529 +0530,
-150,z,158,158,40,,,,,z,1,1.2947717999923043,None,,,,,40,158,158,3,999.0179770999821,,,,,,,,,,,,,,,,999.0026496999781,999.0179770999821,1000.0025542000076,1000.0025542000076,1000.0025542000076,1000.0025542000076,1000.0190868999925,1001.0014939000248,1001.0014939000248,1002.3031323999749,z,1,1.2947717999923043,None,444,001,2025-10-02_13h44.21.710,Motor_sequence_exp,,2025.1.1,59.72256479855326,2025-10-02 13h44.28.836529 +0530,
-150,z,159,159,41,,,,,z,1,0.6733435000060126,None,,,,,41,159,159,3,1002.3172185000149,,,,,,,,,,,,,,,,1002.3043814999983,1002.3172185000149,1003.3022648000042,1003.3022648000042,1003.3022648000042,1003.3022648000042,1003.3185146999895,1004.318746200006,1004.318746200006,1005.002994599985,z,1,0.6733435000060126,None,444,001,2025-10-02_13h44.21.710,Motor_sequence_exp,,2025.1.1,59.72256479855326,2025-10-02 13h44.28.836529 +0530,
150,v,160,160,37,,,,,v,1,1.2592616000329144,None,,,,,37,160,160,1,1005.0179999999818,,,,,,,,,,,,,,,,1005.003911399981,1005.0179999999818,1006.0187640999793,1006.0187640999793,1006.0187640999793,1006.0187640999793,1006.0187640999793,1007.01869300002,1007.01869300002,1008.286282200017,v,1,1.2592616000329144,None,444,001,2025-10-02_13h44.21.710,Motor_sequence_exp,,2025.1.1,59.72256479855326,2025-10-02 13h44.28.836529 +0530,
-50,x,161,161,38,,,,,x,1,1.1906330999918282,None,,,,,38,161,161,0,1008.301355100004,,,,,,,,,,,,,,,,1008.2872256999835,1008.301355100004,1009.2900202000164,1009.2900202000164,1009.2900202000164,1009.2900202000164,1009.3002230999991,1010.2861530000228,1010.2861530000228,1011.4855299000046,x,1,1.1906330999918282,None,444,001,2025-10-02_13h44.21.710,Motor_sequence_exp,,2025.1.1,59.72256479855326,2025-10-02 13h44.28.836529 +0530,
-50,x,162,162,39,,,,,x,1,0.9773069999646395,None,,,,,39,162,162,0,1011.5004961999948,,,,,,,,,,,,,,,,1011.4863653000211,1011.5004961999948,1012.4856291000033,1012.4856291000033,1012.4856291000033,1012.4856291000033,1012.5015028999769,1013.4859027999919,1013.4859027999919,1014.4688115000026,x,1,0.9773069999646395,None,444,001,2025-10-02_13h44.21.710,Motor_sequence_exp,,2025.1.1,59.72256479855326,2025-10-02 13h44.28.836529 +0530,
-50,x,163,163,40,,,,,x,1,0.86316240002634,None,,,,,40,163,163,0,1014.4841094000149,,,,,,,,,,,,,,,,1014.4694490000256,1014.4841094000149,1015.4691116000176,1015.4691116000176,1015.4691116000176,1015.4691116000176,1015.4860046000103,1016.4693577999715,1016.4693577999715,1017.3351935999817,x,1,0.86316240002634,None,444,001,2025-10-02_13h44.21.710,Motor_sequence_exp,,2025.1.1,59.72256479855326,2025-10-02 13h44.28.836529 +0530,
-50,x,164,164,41,,,,,x,1,0.6447501999791712,None,,,,,41,164,164,0,1017.3514693999896,,,,,,,,,,,,,,,,1017.335802400019,1017.3514693999896,1018.3359637000249,1018.3359637000249,1018.3359637000249,1018.3359637000249,1018.3523146000225,1019.3352046000073,1019.3352046000073,1019.9860666000168,x,1,0.6447501999791712,None,444,001,2025-10-02_13h44.21.710,Motor_sequence_exp,,2025.1.1,59.72256479855326,2025-10-02 13h44.28.836529 +0530,
-50,x,165,165,42,,,,,x,1,0.6905369000160135,None,,,,,42,165,165,0,1020.0008374999743,,,,,,,,,,,,,,,,1019.9867267999798,1020.0008374999743,1021.0011234999984,1021.0011234999984,1021.0011234999984,1021.0011234999984,1021.0011234999984,1021.9860836999724,1021.9860836999724,1022.6860629000003,x,1,0.6905369000160135,None,444,001,2025-10-02_13h44.21.710,Motor_sequence_exp,,2025.1.1,59.72256479855326,2025-10-02 13h44.28.836529 +0530,
150,v,166,166,38,,,,,v,1,1.3197220000438392,None,,,,,38,166,166,1,1022.7018095999956,,,,,,,,,,,,,,,,1022.6867267999914,1022.7018095999956,1023.6854369000066,1023.6854369000066,1023.6854369000066,1023.6854369000066,1023.702781,1024.6850941000157,1024.6850941000157,1026.018616300018,v,1,1.3197220000438392,None,444,001,2025-10-02_13h44.21.710,Motor_sequence_exp,,2025.1.1,59.72256479855326,2025-10-02 13h44.28.836529 +0530,
150,v,167,167,39,,,,,v,1,1.5180703999940306,None,,,,,39,167,167,1,1026.0343320000102,,,,,,,,,,,,,,,,1026.019315499987,1026.0343320000102,1027.0190987000242,1027.0190987000242,1027.0190987000242,1027.0190987000242,1027.0353135999758,1028.01944980002,1028.01944980002,1029.5537861000048,v,1,1.5180703999940306,None,444,001,2025-10-02_13h44.21.710,Motor_sequence_exp,,2025.1.1,59.72256479855326,2025-10-02 13h44.28.836529 +0530,
50,c,168,168,43,,,,,c,1,0.9722875999868847,None,,,,,43,168,168,2,1029.5677257999778,,,,,,,,,,,,,,,,1029.5547303999774,1029.5677257999778,1030.5687895999872,1030.5687895999872,1030.5687895999872,1030.5687895999872,1030.5687895999872,1031.5694086999865,1031.5694086999865,1032.5537646000157,c,1,0.9722875999868847,None,444,001,2025-10-02_13h44.21.710,Motor_sequence_exp,,2025.1.1,59.72256479855326,2025-10-02 13h44.28.836529 +0530,
-50,x,169,169,43,,,,,x,1,0.8700414000195451,None,,,,,43,169,169,0,1032.5679279000033,,,,,,,,,,,,,,,,1032.554571399989,1032.5679279000033,1033.5692926999764,1033.5692926999764,1033.5692926999764,1033.5692926999764,1033.5692926999764,1034.5692764000269,1034.5692764000269,1035.4526137000066,x,1,0.8700414000195451,None,444,001,2025-10-02_13h44.21.710,Motor_sequence_exp,,2025.1.1,59.72256479855326,2025-10-02 13h44.28.836529 +0530,
50,c,170,170,44,,,,,c,1,1.198668600001838,None,,,,,44,170,170,2,1035.467671899998,,,,,,,,,,,,,,,,1035.4533321000054,1035.467671899998,1036.452802099986,1036.452802099986,1036.452802099986,1036.452802099986,1036.4688517000177,1037.4523275999818,1037.4523275999818,1038.6537201000028,c,1,1.198668600001838,None,444,001,2025-10-02_13h44.21.710,Motor_sequence_exp,,2025.1.1,59.72256479855326,2025-10-02 13h44.28.836529 +0530,
-50,x,171,171,44,,,,,x,1,0.9265775000094436,None,,,,,44,171,171,0,1038.6686248999904,,,,,,,,,,,,,,,,1038.6544771000044,1038.6686248999904,1039.6527500000084,1039.6527500000084,1039.6527500000084,1039.6527500000084,1039.6690496000228,1040.652256499976,1040.652256499976,1041.5867157999892,x,1,0.9265775000094436,None,444,001,2025-10-02_13h44.21.710,Motor_sequence_exp,,2025.1.1,59.72256479855326,2025-10-02 13h44.28.836529 +0530,
-150,z,172,172,42,,,,,z,1,0.7832570999744348,None,,,,,42,172,172,3,1041.6016158999992,,,,,,,,,,,,,,,,1041.5878428000142,1041.6016158999992,1042.5862979000085,1042.5862979000085,1042.5862979000085,1042.5862979000085,1042.6028989999904,1043.5859078000067,1043.5859078000067,1044.3862437999924,z,1,0.7832570999744348,None,444,001,2025-10-02_13h44.21.710,Motor_sequence_exp,,2025.1.1,59.72256479855326,2025-10-02 13h44.28.836529 +0530,
-50,x,173,173,45,,,,,x,1,0.7592988000251353,None,,,,,45,173,173,0,1044.4031365999836,,,,,,,,,,,,,,,,1044.3868489000015,1044.4031365999836,1045.4026425000047,1045.4026425000047,1045.4026425000047,1045.4026425000047,1045.4026425000047,1046.385038700013,1046.385038700013,1047.1523545000236,x,1,0.7592988000251353,None,444,001,2025-10-02_13h44.21.710,Motor_sequence_exp,,2025.1.1,59.72256479855326,2025-10-02 13h44.28.836529 +0530,
50,c,174,174,45,,,,,c,1,0.9279873000341468,None,,,,,45,174,174,2,1047.1684616000275,,,,,,,,,,,,,,,,1047.1529612999875,1047.1684616000275,1048.1528770999867,1048.1528770999867,1048.1528770999867,1048.1528770999867,1048.1697756000212,1049.1529813000234,1049.1529813000234,1050.0853056000196,c,1,0.9279873000341468,None,444,001,2025-10-02_13h44.21.710,Motor_sequence_exp,,2025.1.1,59.72256479855326,2025-10-02 13h44.28.836529 +0530,
150,v,175,175,40,,,,,v,1,1.0121592999785207,None,,,,,40,175,175,1,1050.1026200000197,,,,,,,,,,,,,,,,1050.0859387000091,1050.1026200000197,1051.086155899975,1051.086155899975,1051.086155899975,1051.086155899975,1051.1026608999819,1052.0863973000087,1052.0863973000087,1053.102815499995,v,1,1.0121592999785207,None,444,001,2025-10-02_13h44.21.710,Motor_sequence_exp,,2025.1.1,59.72256479855326,2025-10-02 13h44.28.836529 +0530,
150,v,176,176,41,,,,,v,1,0.7766720000072382,None,,,,,41,176,176,1,1053.1187511999742,,,,,,,,,,,,,,,,1053.1034932999755,1053.1187511999742,1054.1036823000177,1054.1036823000177,1054.1036823000177,1054.1036823000177,1054.1194297000184,1055.1024770999793,1055.1024770999793,1055.8862834000029,v,1,0.7766720000072382,None,444,001,2025-10-02_13h44.21.710,Motor_sequence_exp,,2025.1.1,59.72256479855326,2025-10-02 13h44.28.836529 +0530,
150,v,177,177,42,,,,,v,1,0.7088796000462025,None,,,,,42,177,177,1,1055.9023674000055,,,,,,,,,,,,,,,,1055.8871354000294,1055.9023674000055,1056.886482700007,1056.886482700007,1056.886482700007,1056.886482700007,1056.9031558000133,1057.8855698999832,1057.8855698999832,1058.603215500014,v,1,0.7088796000462025,None,444,001,2025-10-02_13h44.21.710,Motor_sequence_exp,,2025.1.1,59.72256479855326,2025-10-02 13h44.28.836529 +0530,
150,v,178,178,43,,,,,v,1,0.6728311000042595,None,,,,,43,178,178,1,1058.6196816000156,,,,,,,,,,,,,,,,1058.6038182000048,1058.6196816000156,1059.6024907000246,1059.6024907000246,1059.6024907000246,1059.6024907000246,1059.6187491000164,1060.6029823999852,1060.6029823999852,1061.2856022000196,v,1,0.6728311000042595,None,444,001,2025-10-02_13h44.21.710,Motor_sequence_exp,,2025.1.1,59.72256479855326,2025-10-02 13h44.28.836529 +0530,
-150,z,179,179,43,,,,,z,1,0.784093499998562,None,,,,,43,179,179,3,1061.3021763000288,,,,,,,,,,,,,,,,1061.286209199985,1061.3021763000288,1062.2869410000276,1062.2869410000276,1062.2869410000276,1062.2869410000276,1062.3027246000129,1063.2860077000223,1063.2860077000223,1064.0873682000092,z,1,0.784093499998562,None,444,001,2025-10-02_13h44.21.710,Motor_sequence_exp,,2025.1.1,59.72256479855326,2025-10-02 13h44.28.836529 +0530,
-50,x,180,180,46,,,,,x,1,1.0677091000252403,None,,,,,46,180,180,0,1064.1029696000041,,,,,,,,,,,,,,,,1064.0880385999917,1064.1029696000041,1065.1033663999988,1065.1033663999988,1065.1033663999988,1065.1033663999988,1065.1033663999988,1066.0864657000056,1066.0864657000056,1067.1689814000274,x,1,1.0677091000252403,None,444,001,2025-10-02_13h44.21.710,Motor_sequence_exp,,2025.1.1,59.72256479855326,2025-10-02 13h44.28.836529 +0530,
-150,z,181,181,44,,,,,z,1,0.7943626000196673,None,,,,,44,181,181,3,1067.1849356999737,,,,,,,,,,,,,,,,1067.1695938999765,1067.1849356999737,1068.1737965000211,1068.1737965000211,1068.1737965000211,1068.1737965000211,1068.1852416999754,1069.1693430999876,1069.1693430999876,1069.9690881000133,z,1,0.7943626000196673,None,444,001,2025-10-02_13h44.21.710,Motor_sequence_exp,,2025.1.1,59.72256479855326,2025-10-02 13h44.28.836529 +0530,
50,c,182,182,46,,,,,c,1,0.9380523999570869,None,,,,,46,182,182,2,1069.9849259000039,,,,,,,,,,,,,,,,1069.9697116999887,1069.9849259000039,1070.9700918999733,1070.9700918999733,1070.9700918999733,1070.9700918999733,1070.9862755999784,1071.9687024999876,1071.9687024999876,1072.9198637999943,c,1,0.9380523999570869,None,444,001,2025-10-02_13h44.21.710,Motor_sequence_exp,,2025.1.1,59.72256479855326,2025-10-02 13h44.28.836529 +0530,
150,v,183,183,44,,,,,v,1,1.0021513999672607,None,,,,,44,183,183,1,1072.9362070999923,,,,,,,,,,,,,,,,1072.920754300023,1072.9362070999923,1073.9201733000227,1073.9201733000227,1073.9201733000227,1073.9201733000227,1073.9367533000186,1074.9198335999972,1074.9198335999972,1075.9364757000003,v,1,1.0021513999672607,None,444,001,2025-10-02_13h44.21.710,Motor_sequence_exp,,2025.1.1,59.72256479855326,2025-10-02 13h44.28.836529 +0530,
-50,x,184,184,47,,,,,x,1,1.2468628999777138,None,,,,,47,184,184,0,1075.9535284999874,,,,,,,,,,,,,,,,1075.9370886000106,1075.9535284999874,1076.9367500999942,1076.9367500999942,1076.9367500999942,1076.9367500999942,1076.9517352000112,1077.9365795999765,1077.9365795999765,1079.186591900012,x,1,1.2468628999777138,None,444,001,2025-10-02_13h44.21.710,Motor_sequence_exp,,2025.1.1,59.72256479855326,2025-10-02 13h44.28.836529 +0530,
150,v,185,185,45,,,,,v,1,0.9257861999794841,None,,,,,45,185,185,1,1079.2024398000212,,,,,,,,,,,,,,,,1079.1872017999995,1079.2024398000212,1080.186459199991,1080.186459199991,1080.186459199991,1080.186459199991,1080.2029604000272,1081.1868293000152,1081.1868293000152,1082.119930099987,v,1,0.9257861999794841,None,444,001,2025-10-02_13h44.21.710,Motor_sequence_exp,,2025.1.1,59.72256479855326,2025-10-02 13h44.28.836529 +0530,
50,c,186,186,47,,,,,c,1,1.2918032000306994,None,,,,,47,186,186,2,1082.1366113999975,,,,,,,,,,,,,,,,1082.120557999995,1082.1366113999975,1083.1201358999824,1083.1201358999824,1083.1201358999824,1083.1201358999824,1083.1366476999829,1084.120066399977,1084.120066399977,1085.4210354000097,c,1,1.2918032000306994,None,444,001,2025-10-02_13h44.21.710,Motor_sequence_exp,,2025.1.1,59.72256479855326,2025-10-02 13h44.28.836529 +0530,
-50,x,187,187,48,,,,,x,1,1.2512637000181712,None,,,,,48,187,187,0,1085.4359820000245,,,,,,,,,,,,,,,,1085.4218283999944,1085.4359820000245,1086.4350688999984,1086.4350688999984,1086.4350688999984,1086.4350688999984,1086.4350688999984,1087.4201041000197,1087.4201041000197,1088.6859647000092,x,1,1.2512637000181712,None,444,001,2025-10-02_13h44.21.710,Motor_sequence_exp,,2025.1.1,59.72256479855326,2025-10-02 13h44.28.836529 +0530,
-150,z,188,188,45,,,,,z,1,1.1522081999573857,None,,,,,45,188,188,3,1088.701893199992,,,,,,,,,,,,,,,,1088.6865676000016,1088.701893199992,1089.6861044000252,1089.6861044000252,1089.6861044000252,1089.6861044000252,1089.7026905000093,1090.6867217000108,1090.6867217000108,1091.8530273999786,z,1,1.1522081999573857,None,444,001,2025-10-02_13h44.21.710,Motor_sequence_exp,,2025.1.1,59.72256479855326,2025-10-02 13h44.28.836529 +0530,
150,v,189,189,46,,,,,v,1,0.9025050000054762,None,,,,,46,189,189,1,1091.870009300008,,,,,,,,,,,,,,,,1091.853640699992,1091.870009300008,1092.8533408999792,1092.8533408999792,1092.8533408999792,1092.8533408999792,1092.870483000006,1093.8528021000093,1093.8528021000093,1094.7716059000231,v,1,0.9025050000054762,None,444,001,2025-10-02_13h44.21.710,Motor_sequence_exp,,2025.1.1,59.72256479855326,2025-10-02 13h44.28.836529 +0530,
150,v,190,190,47,,,,,v,1,0.7732106000185013,None,,,,,47,190,190,1,1094.7852732000174,,,,,,,,,,,,,,,,1094.772514900018,1094.7852732000174,1095.7865591999725,1095.7865591999725,1095.7865591999725,1095.7865591999725,1095.7865591999725,1096.7870019000256,1096.7870019000256,1097.5698696000036,v,1,0.7732106000185013,None,444,001,2025-10-02_13h44.21.710,Motor_sequence_exp,,2025.1.1,59.72256479855326,2025-10-02 13h44.28.836529 +0530,
-150,z,191,191,46,,,,,z,1,0.826607100025285,None,,,,,46,191,191,3,1097.5864677000209,,,,,,,,,,,,,,,,1097.5704843000276,1097.5864677000209,1098.5698673999868,1098.5698673999868,1098.5698673999868,1098.5698673999868,1098.5872639999725,1099.570033200027,1099.570033200027,1100.4040244999924,z,1,0.826607100025285,None,444,001,2025-10-02_13h44.21.710,Motor_sequence_exp,,2025.1.1,59.72256479855326,2025-10-02 13h44.28.836529 +0530,
-150,z,192,192,47,,,,,z,1,0.6738026000093669,None,,,,,47,192,192,3,1100.4187752999715,,,,,,,,,,,,,,,,1100.4048086000257,1100.4187752999715,1101.4038034999976,1101.4038034999976,1101.4038034999976,1101.4038034999976,1101.4200307999854,1102.4031884000287,1102.4031884000287,1103.086354799976,z,1,0.6738026000093669,None,444,001,2025-10-02_13h44.21.710,Motor_sequence_exp,,2025.1.1,59.72256479855326,2025-10-02 13h44.28.836529 +0530,
-150,z,193,193,48,,,,,z,1,0.6910099000087939,None,,,,,48,193,193,3,1103.1020163000212,,,,,,,,,,,,,,,,1103.0869633000111,1103.1020163000212,1104.0868744999752,1104.0868744999752,1104.0868744999752,1104.0868744999752,1104.1027863000054,1105.0872041999828,1105.0872041999828,1105.7878499000217,z,1,0.6910099000087939,None,444,001,2025-10-02_13h44.21.710,Motor_sequence_exp,,2025.1.1,59.72256479855326,2025-10-02 13h44.28.836529 +0530,
-150,z,194,194,49,,,,,z,1,0.9912168000009842,None,,,,,49,194,194,3,1105.8028447999968,,,,,,,,,,,,,,,,1105.7887314999825,1105.8028447999968,1106.787069700018,1106.787069700018,1106.787069700018,1106.787069700018,1106.8036666000262,1107.8037158999941,1107.8037158999941,1108.8041501999833,z,1,0.9912168000009842,None,444,001,2025-10-02_13h44.21.710,Motor_sequence_exp,,2025.1.1,59.72256479855326,2025-10-02 13h44.28.836529 +0530,
50,c,195,195,48,,,,,c,1,1.5012747999862768,None,,,,,48,195,195,2,1108.8200503999833,,,,,,,,,,,,,,,,1108.8048178000026,1108.8200503999833,1109.803948100016,1109.803948100016,1109.803948100016,1109.803948100016,1109.8200186999748,1110.8040092000156,1110.8040092000156,1112.320591100026,c,1,1.5012747999862768,None,444,001,2025-10-02_13h44.21.710,Motor_sequence_exp,,2025.1.1,59.72256479855326,2025-10-02 13h44.28.836529 +0530,
-50,x,196,196,49,,,,,x,1,0.7660885999794118,None,,,,,49,196,196,0,1112.3371258000261,,,,,,,,,,,,,,,,1112.3213390000165,1112.3371258000261,1113.3374439000036,1113.3374439000036,1113.3374439000036,1113.3374439000036,1113.3530067999964,1114.3200251000235,1114.3200251000235,1115.1043701000162,x,1,0.7660885999794118,None,444,001,2025-10-02_13h44.21.710,Motor_sequence_exp,,2025.1.1,59.72256479855326,2025-10-02 13h44.28.836529 +0530,
150,v,197,197,48,,,,,v,1,0.9341383000137284,None,,,,,48,197,197,1,1115.1197073999792,,,,,,,,,,,,,,,,1115.105040800001,1115.1197073999792,1116.1201051999815,1116.1201051999815,1116.1201051999815,1116.1201051999815,1116.1201051999815,1117.10409779998,1117.10409779998,1118.0543538000202,v,1,0.9341383000137284,None,444,001,2025-10-02_13h44.21.710,Motor_sequence_exp,,2025.1.1,59.72256479855326,2025-10-02 13h44.28.836529 +0530,
150,v,198,198,49,,,,,v,1,0.7854520999826491,None,,,,,49,198,198,1,1118.0691736000008,,,,,,,,,,,,,,,,1118.0550278999726,1118.0691736000008,1119.054112199985,1119.054112199985,1119.054112199985,1119.054112199985,1119.0707289000275,1120.0534501000075,1120.0534501000075,1120.8540580000263,v,1,0.7854520999826491,None,444,001,2025-10-02_13h44.21.710,Motor_sequence_exp,,2025.1.1,59.72256479855326,2025-10-02 13h44.28.836529 +0530,
50,c,199,199,49,,,,,c,1,0.7372177999932319,None,,,,,49,199,199,2,1120.8699410000117,,,,,,,,,,,,,,,,1120.8548068000237,1120.8699410000117,1121.8538095999975,1121.8538095999975,1121.8538095999975,1121.8538095999975,1121.8698233999894,1122.8541175000137,1122.8541175000137,1123.6042223999975,c,1,0.7372177999932319,None,444,001,2025-10-02_13h44.21.710,Motor_sequence_exp,,2025.1.1,59.72256479855326,2025-10-02 13h44.28.836529 +0530,
