12.8949 	INFO 	Loaded monitor calibration from ['2025_08_12 09:11']
12.9146 	WARNING 	User requested fullscreen with size [1024  768], but screen is actually [1920, 1080]. Using actual size
13.8000 	INFO 	Using renderer 'AMD Radeon(TM) Graphics' for graphics
13.8000 	INFO 	OpenGL version supported by driver is 4..
13.9331 	EXP 	Created window1 = Window(allowGUI=False, allowStencil=False, autoLog=True, backendConf=UNKNOWN, backgroundFit=<method-wrapper '__getattribute__' of attributeSetter object at 0x000001A64FDA80D0>, backgroundImage=<method-wrapper '__getattribute__' of attributeSetter object at 0x000001A64FDA8070>, bitsMode=UNKNOWN, blendMode='avg', bpc=(8, 8, 8), color=array([0, 0, 0]), colorSpace='rgb', depthBits=8, fullscr=True, gamma=None, gammaErrorPolicy='raise', infoMsg=UNKNOWN, lms=UNKNOWN, monitor=<psychopy.monitors.calibTools.Monitor object at 0x000001A64FE55930>, multiSample=False, name='window1', numSamples=2, pos=[np.float64(0.0), np.float64(0.0)], screen=0, size=array([1920, 1080]), stencilBits=0, stereo=False, title='PsychoPy', units='height', useFBO=True, useRetina=False, viewOri=0.0, viewPos=None, viewScale=None, waitBlanking=True, winType='pyglet')
13.9334 	EXP 	window1: backgroundImage = ''
13.9334 	EXP 	window1: backgroundFit = 'none'
14.7496 	EXP 	window1: Attempting to measure frame rate of screen (0) ...
14.7497 	EXP 	window1: recordFrameIntervals = False
14.9542 	EXP 	window1: recordFrameIntervals = True
15.1376 	EXP 	Screen (0) actual frame rate measured at 59.91Hz
15.1377 	EXP 	window1: recordFrameIntervals = False
15.2048 	INFO 	keyboard.Keyboard is using ptb backend.
15.2050 	INFO 	keyboard.Keyboard is using ptb backend.
15.2051 	INFO 	keyboard.Keyboard is using ptb backend.
15.2052 	EXP 	Motor_sequence_exp: status = STARTED
15.2145 	EXP 	Created fixation = ShapeStim(__class__=<class 'psychopy.visual.shape.ShapeStim'>, anchor=('center', 'center'), autoDraw=False, autoLog=True, closeShape=True, color=method-wrapper(...), colorSpace='rgb', contrast=None, depth=0.0, draggable=False, fillColor=array([1, 1, 1]), fillColorSpace='rgb', fillRGB=array([1, 1, 1]), interpolate=True, lineColor=array([1., 1., 1.]), lineColorSpace='rgb', lineRGB=array([1, 1, 1]), lineWidth=1.0, name='fixation', opacity=1, ori=0.0, pos=array([0., 0.]), size=array([10., 10.]), units='pix', vertices=ndarray(...), win=Window(...), windingRule=None)
15.2167 	EXP 	Created line1 = Rect(__class__=<class 'psychopy.visual.rect.Rect'>, anchor=('center', 'center'), autoDraw=False, autoLog=True, closeShape=True, color=method-wrapper(...), colorSpace='rgb', contrast=None, depth=-1.0, draggable=False, fillColor=array([1, 1, 1]), fillColorSpace='rgb', fillRGB=array([1, 1, 1]), interpolate=True, lineColor=array([1., 1., 1.]), lineColorSpace='rgb', lineRGB=array([1, 1, 1]), lineWidth=1.0, name='line1', opacity=1, ori=90.0, pos=array([-150.,    0.]), size=array([100.,  10.]), units='pix', vertices=ndarray(...), win=Window(...))
15.2186 	EXP 	Created line2 = Rect(__class__=<class 'psychopy.visual.rect.Rect'>, anchor=('center', 'center'), autoDraw=False, autoLog=True, closeShape=True, color=method-wrapper(...), colorSpace='rgb', contrast=None, depth=-2.0, draggable=False, fillColor=array([1, 1, 1]), fillColorSpace='rgb', fillRGB=array([1, 1, 1]), interpolate=True, lineColor=array([1., 1., 1.]), lineColorSpace='rgb', lineRGB=array([1, 1, 1]), lineWidth=1.0, name='line2', opacity=1, ori=90.0, pos=array([-50.,   0.]), size=array([100.,  10.]), units='pix', vertices=ndarray(...), win=Window(...))
15.2205 	EXP 	Created line3 = Rect(__class__=<class 'psychopy.visual.rect.Rect'>, anchor=('center', 'center'), autoDraw=False, autoLog=True, closeShape=True, color=method-wrapper(...), colorSpace='rgb', contrast=None, depth=-3.0, draggable=False, fillColor=array([1, 1, 1]), fillColorSpace='rgb', fillRGB=array([1, 1, 1]), interpolate=True, lineColor=array([1., 1., 1.]), lineColorSpace='rgb', lineRGB=array([1, 1, 1]), lineWidth=1.0, name='line3', opacity=1, ori=90.0, pos=array([50.,  0.]), size=array([100.,  10.]), units='pix', vertices=ndarray(...), win=Window(...))
15.2224 	EXP 	Created line4 = Rect(__class__=<class 'psychopy.visual.rect.Rect'>, anchor=('center', 'center'), autoDraw=False, autoLog=True, closeShape=True, color=method-wrapper(...), colorSpace='rgb', contrast=None, depth=-4.0, draggable=False, fillColor=array([1, 1, 1]), fillColorSpace='rgb', fillRGB=array([1, 1, 1]), interpolate=True, lineColor=array([1., 1., 1.]), lineColorSpace='rgb', lineRGB=array([1, 1, 1]), lineWidth=1.0, name='line4', opacity=1, ori=90.0, pos=array([150.,   0.]), size=array([100.,  10.]), units='pix', vertices=ndarray(...), win=Window(...))
15.2250 	EXP 	Created probe = ShapeStim(__class__=<class 'psychopy.visual.shape.ShapeStim'>, anchor=('center', 'center'), autoDraw=False, autoLog=True, closeShape=True, color=method-wrapper(...), colorSpace='rgb', contrast=None, depth=-5.0, draggable=False, fillColor=array([1, 1, 1]), fillColorSpace='rgb', fillRGB=array([1, 1, 1]), interpolate=True, lineColor=array([1., 1., 1.]), lineColorSpace='rgb', lineRGB=array([1, 1, 1]), lineWidth=1.0, name='probe', opacity=1, ori=0.0, pos=array([0., 0.]), size=array([10., 10.]), units='pix', vertices=ndarray(...), win=Window(...), windingRule=None)
15.2282 	EXP 	Created fixation_2 = ShapeStim(__class__=<class 'psychopy.visual.shape.ShapeStim'>, anchor=('center', 'center'), autoDraw=False, autoLog=True, closeShape=True, color=method-wrapper(...), colorSpace='rgb', contrast=None, depth=0.0, draggable=False, fillColor=array([1, 1, 1]), fillColorSpace='rgb', fillRGB=array([1, 1, 1]), interpolate=True, lineColor=array([1., 1., 1.]), lineColorSpace='rgb', lineRGB=array([1, 1, 1]), lineWidth=1.0, name='fixation_2', opacity=1, ori=0.0, pos=array([0., 0.]), size=array([10., 10.]), units='pix', vertices=ndarray(...), win=Window(...), windingRule=None)
15.2301 	EXP 	Created line_1 = Rect(__class__=<class 'psychopy.visual.rect.Rect'>, anchor=('center', 'center'), autoDraw=False, autoLog=True, closeShape=True, color=method-wrapper(...), colorSpace='rgb', contrast=None, depth=-1.0, draggable=False, fillColor=array([1, 1, 1]), fillColorSpace='rgb', fillRGB=array([1, 1, 1]), interpolate=True, lineColor=array([1., 1., 1.]), lineColorSpace='rgb', lineRGB=array([1, 1, 1]), lineWidth=1.0, name='line_1', opacity=1, ori=90.0, pos=array([0., 0.]), size=array([100.,  10.]), units='pix', vertices=ndarray(...), win=Window(...))
15.2319 	EXP 	Created line_2 = Rect(__class__=<class 'psychopy.visual.rect.Rect'>, anchor=('center', 'center'), autoDraw=False, autoLog=True, closeShape=True, color=method-wrapper(...), colorSpace='rgb', contrast=None, depth=-2.0, draggable=False, fillColor=array([1, 1, 1]), fillColorSpace='rgb', fillRGB=array([1, 1, 1]), interpolate=True, lineColor=array([1., 1., 1.]), lineColorSpace='rgb', lineRGB=array([1, 1, 1]), lineWidth=1.0, name='line_2', opacity=1, ori=90.0, pos=array([0., 0.]), size=array([100.,  10.]), units='pix', vertices=ndarray(...), win=Window(...))
15.2345 	EXP 	Created line_3 = Rect(__class__=<class 'psychopy.visual.rect.Rect'>, anchor=('center', 'center'), autoDraw=False, autoLog=True, closeShape=True, color=method-wrapper(...), colorSpace='rgb', contrast=None, depth=-3.0, draggable=False, fillColor=array([1, 1, 1]), fillColorSpace='rgb', fillRGB=array([1, 1, 1]), interpolate=True, lineColor=array([1., 1., 1.]), lineColorSpace='rgb', lineRGB=array([1, 1, 1]), lineWidth=1.0, name='line_3', opacity=1, ori=90.0, pos=array([0., 0.]), size=array([100.,  10.]), units='pix', vertices=ndarray(...), win=Window(...))
15.2372 	EXP 	Created line_4 = Rect(__class__=<class 'psychopy.visual.rect.Rect'>, anchor=('center', 'center'), autoDraw=False, autoLog=True, closeShape=True, color=method-wrapper(...), colorSpace='rgb', contrast=None, depth=-4.0, draggable=False, fillColor=array([1, 1, 1]), fillColorSpace='rgb', fillRGB=array([1, 1, 1]), interpolate=True, lineColor=array([1., 1., 1.]), lineColorSpace='rgb', lineRGB=array([1, 1, 1]), lineWidth=1.0, name='line_4', opacity=1, ori=90.0, pos=array([0., 0.]), size=array([100.,  10.]), units='pix', vertices=ndarray(...), win=Window(...))
15.2398 	EXP 	Created probe_2 = ShapeStim(__class__=<class 'psychopy.visual.shape.ShapeStim'>, anchor=('center', 'center'), autoDraw=False, autoLog=True, closeShape=True, color=method-wrapper(...), colorSpace='rgb', contrast=None, depth=-5.0, draggable=False, fillColor=array([1, 1, 1]), fillColorSpace='rgb', fillRGB=array([1, 1, 1]), interpolate=True, lineColor=array([1., 1., 1.]), lineColorSpace='rgb', lineRGB=array([1, 1, 1]), lineWidth=1.0, name='probe_2', opacity=1, ori=0.0, pos=array([0., 0.]), size=array([10., 10.]), units='pix', vertices=ndarray(...), win=Window(...), windingRule=None)
0.0145 	EXP 	Imported sequence_conditions.csv as conditions, 4 conditions, 2 params
0.0163 	EXP 	New trial (rep=0, index=0): <Trial 0 (0 in rep 0) data={'pos': np.int64(-50), 'corr_resp': 'x', 'thisN': 0, 'thisTrialN': 0, 'thisRepN': 0}>
0.0266 	EXP 	fixation: autoDraw = True
1.0111 	EXP 	line1: autoDraw = True
1.0111 	EXP 	line2: autoDraw = True
1.0111 	EXP 	line3: autoDraw = True
1.0111 	EXP 	line4: autoDraw = True
1.0285 	EXP 	fixation: autoDraw = False
2.0118 	INFO 	Keyboard events cleared
2.0117 	EXP 	probe: autoDraw = True
3.1646 	EXP 	Device response: <KeyPress from None: t=3.014123600034509, value=x, duration=None>
3.1648 	EXP 	Device response: <KeyPress from None: t=3.014123600034509, value=x, duration=0.11459249997278675>
3.1651 	EXP 	New trial (rep=0, index=1): <Trial 1 (1 in rep 0) data={'pos': np.int64(150), 'corr_resp': 'v', 'thisN': 1, 'thisTrialN': 1, 'thisRepN': 0}>
3.1667 	DATA 	Keypress: x
3.1740 	EXP 	fixation: autoDraw = False
3.1740 	EXP 	line1: autoDraw = False
3.1740 	EXP 	line2: autoDraw = False
3.1740 	EXP 	line3: autoDraw = False
3.1740 	EXP 	line4: autoDraw = False
3.1740 	EXP 	probe: autoDraw = False
3.1740 	EXP 	fixation: autoDraw = True
4.1691 	EXP 	line1: autoDraw = True
4.1691 	EXP 	line2: autoDraw = True
4.1691 	EXP 	line3: autoDraw = True
4.1691 	EXP 	line4: autoDraw = True
4.1869 	EXP 	fixation: autoDraw = False
5.1695 	INFO 	Keyboard events cleared
5.1694 	EXP 	probe: autoDraw = True
6.5203 	EXP 	Device response: <KeyPress from None: t=6.517744800017681, value=v, duration=None>
6.5207 	EXP 	New trial (rep=0, index=2): <Trial 2 (2 in rep 0) data={'pos': np.int64(50), 'corr_resp': 'c', 'thisN': 2, 'thisTrialN': 2, 'thisRepN': 0}>
6.5221 	DATA 	Keypress: v
6.5366 	EXP 	fixation: autoDraw = False
6.5366 	EXP 	line1: autoDraw = False
6.5366 	EXP 	line2: autoDraw = False
6.5366 	EXP 	line3: autoDraw = False
6.5366 	EXP 	line4: autoDraw = False
6.5366 	EXP 	probe: autoDraw = False
6.5366 	EXP 	fixation: autoDraw = True
6.6029 	EXP 	Device response: <KeyPress from None: t=6.517744800017681, value=v, duration=0.07143189996713772>
7.5215 	EXP 	line1: autoDraw = True
7.5215 	EXP 	line2: autoDraw = True
7.5215 	EXP 	line3: autoDraw = True
7.5215 	EXP 	line4: autoDraw = True
7.5381 	EXP 	fixation: autoDraw = False
8.5217 	INFO 	Keyboard events cleared
8.5214 	EXP 	probe: autoDraw = True
9.5222 	EXP 	Device response: <KeyPress from None: t=9.519391100038774, value=c, duration=None>
9.5226 	EXP 	New trial (rep=0, index=3): <Trial 3 (3 in rep 0) data={'pos': np.int64(-150), 'corr_resp': 'z', 'thisN': 3, 'thisTrialN': 3, 'thisRepN': 0}>
9.5238 	DATA 	Keypress: c
9.5363 	EXP 	fixation: autoDraw = False
9.5363 	EXP 	line1: autoDraw = False
9.5363 	EXP 	line2: autoDraw = False
9.5363 	EXP 	line3: autoDraw = False
9.5363 	EXP 	line4: autoDraw = False
9.5363 	EXP 	probe: autoDraw = False
9.5363 	EXP 	fixation: autoDraw = True
9.6049 	EXP 	Device response: <KeyPress from None: t=9.519391100038774, value=c, duration=0.0819711999502033>
10.5365 	EXP 	fixation: autoDraw = False
10.5365 	EXP 	line1: autoDraw = True
10.5365 	EXP 	line2: autoDraw = True
10.5365 	EXP 	line3: autoDraw = True
10.5365 	EXP 	line4: autoDraw = True
11.5385 	INFO 	Keyboard events cleared
11.5383 	EXP 	probe: autoDraw = True
12.4546 	EXP 	Device response: <KeyPress from None: t=12.451605300011579, value=z, duration=None>
12.4551 	EXP 	New trial (rep=1, index=0): <Trial 4 (0 in rep 1) data={'pos': np.int64(-50), 'corr_resp': 'x', 'thisN': 4, 'thisTrialN': 0, 'thisRepN': 1}>
12.4565 	DATA 	Keypress: z
12.4703 	EXP 	fixation: autoDraw = False
12.4703 	EXP 	line1: autoDraw = False
12.4703 	EXP 	line2: autoDraw = False
12.4703 	EXP 	line3: autoDraw = False
12.4703 	EXP 	line4: autoDraw = False
12.4703 	EXP 	probe: autoDraw = False
12.4703 	EXP 	fixation: autoDraw = True
12.5701 	EXP 	Device response: <KeyPress from None: t=12.451605300011579, value=z, duration=0.11391070001991466>
13.4547 	EXP 	line1: autoDraw = True
13.4547 	EXP 	line2: autoDraw = True
13.4547 	EXP 	line3: autoDraw = True
13.4547 	EXP 	line4: autoDraw = True
13.4718 	EXP 	fixation: autoDraw = False
14.4538 	INFO 	Keyboard events cleared
14.4537 	EXP 	probe: autoDraw = True
15.6870 	EXP 	Device response: <KeyPress from None: t=15.679689700016752, value=x, duration=None>
15.6875 	EXP 	New trial (rep=1, index=1): <Trial 5 (1 in rep 1) data={'pos': np.int64(150), 'corr_resp': 'v', 'thisN': 5, 'thisTrialN': 1, 'thisRepN': 1}>
15.6888 	DATA 	Keypress: x
15.7038 	EXP 	fixation: autoDraw = False
15.7038 	EXP 	line1: autoDraw = False
15.7038 	EXP 	line2: autoDraw = False
15.7038 	EXP 	line3: autoDraw = False
15.7038 	EXP 	line4: autoDraw = False
15.7038 	EXP 	probe: autoDraw = False
15.7038 	EXP 	fixation: autoDraw = True
15.7706 	EXP 	Device response: <KeyPress from None: t=15.679689700016752, value=x, duration=0.08799510000972077>
16.7048 	EXP 	fixation: autoDraw = False
16.7048 	EXP 	line1: autoDraw = True
16.7048 	EXP 	line2: autoDraw = True
16.7048 	EXP 	line3: autoDraw = True
16.7048 	EXP 	line4: autoDraw = True
17.6878 	INFO 	Keyboard events cleared
17.6876 	EXP 	probe: autoDraw = True
18.9910 	DATA 	Keypress: v
19.0044 	EXP 	Device response: <KeyPress from None: t=18.98894880001899, value=v, duration=None>
19.0047 	EXP 	New trial (rep=1, index=2): <Trial 6 (2 in rep 1) data={'pos': np.int64(50), 'corr_resp': 'c', 'thisN': 6, 'thisTrialN': 2, 'thisRepN': 1}>
19.0209 	EXP 	fixation: autoDraw = False
19.0209 	EXP 	line1: autoDraw = False
19.0209 	EXP 	line2: autoDraw = False
19.0209 	EXP 	line3: autoDraw = False
19.0209 	EXP 	line4: autoDraw = False
19.0209 	EXP 	probe: autoDraw = False
19.0209 	EXP 	fixation: autoDraw = True
19.0878 	EXP 	Device response: <KeyPress from None: t=18.98894880001899, value=v, duration=0.08539319998817518>
20.0048 	EXP 	line1: autoDraw = True
20.0048 	EXP 	line2: autoDraw = True
20.0048 	EXP 	line3: autoDraw = True
20.0048 	EXP 	line4: autoDraw = True
20.0217 	EXP 	fixation: autoDraw = False
21.0167 	INFO 	Keyboard events cleared
21.0165 	EXP 	probe: autoDraw = True
21.8351 	EXP 	Device response: <KeyPress from None: t=21.824985200015362, value=c, duration=None>
21.8356 	EXP 	New trial (rep=1, index=3): <Trial 7 (3 in rep 1) data={'pos': np.int64(-150), 'corr_resp': 'z', 'thisN': 7, 'thisTrialN': 3, 'thisRepN': 1}>
21.8371 	DATA 	Keypress: c
21.8507 	EXP 	fixation: autoDraw = False
21.8507 	EXP 	line1: autoDraw = False
21.8507 	EXP 	line2: autoDraw = False
21.8507 	EXP 	line3: autoDraw = False
21.8507 	EXP 	line4: autoDraw = False
21.8507 	EXP 	probe: autoDraw = False
21.8507 	EXP 	fixation: autoDraw = True
21.9181 	EXP 	Device response: <KeyPress from None: t=21.824985200015362, value=c, duration=0.08501420001266524>
22.8344 	EXP 	line1: autoDraw = True
22.8344 	EXP 	line2: autoDraw = True
22.8344 	EXP 	line3: autoDraw = True
22.8344 	EXP 	line4: autoDraw = True
22.8517 	EXP 	fixation: autoDraw = False
23.8350 	INFO 	Keyboard events cleared
23.8348 	EXP 	probe: autoDraw = True
24.5012 	EXP 	Device response: <KeyPress from None: t=24.489954399992712, value=z, duration=None>
24.5015 	EXP 	New trial (rep=2, index=0): <Trial 8 (0 in rep 2) data={'pos': np.int64(-50), 'corr_resp': 'x', 'thisN': 8, 'thisTrialN': 0, 'thisRepN': 2}>
24.5027 	DATA 	Keypress: z
24.5163 	EXP 	fixation: autoDraw = False
24.5163 	EXP 	line1: autoDraw = False
24.5163 	EXP 	line2: autoDraw = False
24.5163 	EXP 	line3: autoDraw = False
24.5163 	EXP 	line4: autoDraw = False
24.5163 	EXP 	probe: autoDraw = False
24.5163 	EXP 	fixation: autoDraw = True
24.6011 	EXP 	Device response: <KeyPress from None: t=24.489954399992712, value=z, duration=0.09992750000674278>
25.5008 	EXP 	line1: autoDraw = True
25.5008 	EXP 	line2: autoDraw = True
25.5008 	EXP 	line3: autoDraw = True
25.5008 	EXP 	line4: autoDraw = True
25.5166 	EXP 	fixation: autoDraw = False
26.5164 	INFO 	Keyboard events cleared
26.5163 	EXP 	probe: autoDraw = True
27.1501 	EXP 	Device response: <KeyPress from None: t=27.149170799995773, value=x, duration=None>
27.1504 	EXP 	New trial (rep=2, index=1): <Trial 9 (1 in rep 2) data={'pos': np.int64(150), 'corr_resp': 'v', 'thisN': 9, 'thisTrialN': 1, 'thisRepN': 2}>
27.1515 	DATA 	Keypress: x
27.1669 	EXP 	fixation: autoDraw = False
27.1669 	EXP 	line1: autoDraw = False
27.1669 	EXP 	line2: autoDraw = False
27.1669 	EXP 	line3: autoDraw = False
27.1669 	EXP 	line4: autoDraw = False
27.1669 	EXP 	probe: autoDraw = False
27.1669 	EXP 	fixation: autoDraw = True
27.2512 	EXP 	Device response: <KeyPress from None: t=27.149170799995773, value=x, duration=0.09553420002339408>
28.1496 	EXP 	line1: autoDraw = True
28.1496 	EXP 	line2: autoDraw = True
28.1496 	EXP 	line3: autoDraw = True
28.1496 	EXP 	line4: autoDraw = True
28.1670 	EXP 	fixation: autoDraw = False
29.1506 	INFO 	Keyboard events cleared
29.1504 	EXP 	probe: autoDraw = True
29.7674 	EXP 	Device response: <KeyPress from None: t=29.75299820001237, value=v, duration=None>
29.7676 	EXP 	New trial (rep=2, index=2): <Trial 10 (2 in rep 2) data={'pos': np.int64(50), 'corr_resp': 'c', 'thisN': 10, 'thisTrialN': 2, 'thisRepN': 2}>
29.7690 	DATA 	Keypress: v
29.7831 	EXP 	fixation: autoDraw = False
29.7831 	EXP 	line1: autoDraw = False
29.7831 	EXP 	line2: autoDraw = False
29.7831 	EXP 	line3: autoDraw = False
29.7831 	EXP 	line4: autoDraw = False
29.7831 	EXP 	probe: autoDraw = False
29.7831 	EXP 	fixation: autoDraw = True
29.8501 	EXP 	Device response: <KeyPress from None: t=29.75299820001237, value=v, duration=0.08721379999769852>
30.7830 	EXP 	fixation: autoDraw = False
30.7830 	EXP 	line1: autoDraw = True
30.7830 	EXP 	line2: autoDraw = True
30.7830 	EXP 	line3: autoDraw = True
30.7830 	EXP 	line4: autoDraw = True
31.7671 	INFO 	Keyboard events cleared
31.7670 	EXP 	probe: autoDraw = True
32.3334 	EXP 	Device response: <KeyPress from None: t=32.327547700027935, value=c, duration=None>
32.3337 	EXP 	New trial (rep=2, index=3): <Trial 11 (3 in rep 2) data={'pos': np.int64(-150), 'corr_resp': 'z', 'thisN': 11, 'thisTrialN': 3, 'thisRepN': 2}>
32.3348 	DATA 	Keypress: c
32.3502 	EXP 	fixation: autoDraw = False
32.3502 	EXP 	line1: autoDraw = False
32.3502 	EXP 	line2: autoDraw = False
32.3502 	EXP 	line3: autoDraw = False
32.3502 	EXP 	line4: autoDraw = False
32.3502 	EXP 	probe: autoDraw = False
32.3502 	EXP 	fixation: autoDraw = True
32.4175 	EXP 	Device response: <KeyPress from None: t=32.327547700027935, value=c, duration=0.07615849998546764>
33.3328 	EXP 	line1: autoDraw = True
33.3328 	EXP 	line2: autoDraw = True
33.3328 	EXP 	line3: autoDraw = True
33.3328 	EXP 	line4: autoDraw = True
33.3552 	EXP 	fixation: autoDraw = False
34.3331 	INFO 	Keyboard events cleared
34.3330 	EXP 	probe: autoDraw = True
34.9847 	DATA 	Keypress: z
35.0007 	EXP 	Device response: <KeyPress from None: t=34.98339609999675, value=z, duration=None>
35.0010 	EXP 	New trial (rep=3, index=0): <Trial 12 (0 in rep 3) data={'pos': np.int64(-50), 'corr_resp': 'x', 'thisN': 12, 'thisTrialN': 0, 'thisRepN': 3}>
35.0165 	EXP 	fixation: autoDraw = False
35.0165 	EXP 	line1: autoDraw = False
35.0165 	EXP 	line2: autoDraw = False
35.0165 	EXP 	line3: autoDraw = False
35.0165 	EXP 	line4: autoDraw = False
35.0165 	EXP 	probe: autoDraw = False
35.0165 	EXP 	fixation: autoDraw = True
35.0506 	EXP 	Device response: <KeyPress from None: t=34.98339609999675, value=z, duration=0.061096400022506714>
36.0164 	EXP 	fixation: autoDraw = False
36.0164 	EXP 	line1: autoDraw = True
36.0164 	EXP 	line2: autoDraw = True
36.0164 	EXP 	line3: autoDraw = True
36.0164 	EXP 	line4: autoDraw = True
37.0010 	INFO 	Keyboard events cleared
37.0008 	EXP 	probe: autoDraw = True
37.7345 	EXP 	Device response: <KeyPress from None: t=37.723073600034695, value=x, duration=None>
37.7348 	EXP 	New trial (rep=3, index=1): <Trial 13 (1 in rep 3) data={'pos': np.int64(150), 'corr_resp': 'v', 'thisN': 13, 'thisTrialN': 1, 'thisRepN': 3}>
37.7360 	DATA 	Keypress: x
37.7504 	EXP 	fixation: autoDraw = False
37.7504 	EXP 	line1: autoDraw = False
37.7504 	EXP 	line2: autoDraw = False
37.7504 	EXP 	line3: autoDraw = False
37.7504 	EXP 	line4: autoDraw = False
37.7504 	EXP 	probe: autoDraw = False
37.7504 	EXP 	fixation: autoDraw = True
37.8166 	EXP 	Device response: <KeyPress from None: t=37.723073600034695, value=x, duration=0.08118879998801276>
38.7506 	EXP 	fixation: autoDraw = False
38.7506 	EXP 	line1: autoDraw = True
38.7506 	EXP 	line2: autoDraw = True
38.7506 	EXP 	line3: autoDraw = True
38.7506 	EXP 	line4: autoDraw = True
39.7509 	INFO 	Keyboard events cleared
39.7507 	EXP 	probe: autoDraw = True
40.0011 	EXP 	Device response: <KeyPress from None: t=39.99064020003425, value=v, duration=None>
40.0014 	EXP 	New trial (rep=3, index=2): <Trial 14 (2 in rep 3) data={'pos': np.int64(50), 'corr_resp': 'c', 'thisN': 14, 'thisTrialN': 2, 'thisRepN': 3}>
40.0029 	DATA 	Keypress: v
40.0167 	EXP 	fixation: autoDraw = False
40.0167 	EXP 	line1: autoDraw = False
40.0167 	EXP 	line2: autoDraw = False
40.0167 	EXP 	line3: autoDraw = False
40.0167 	EXP 	line4: autoDraw = False
40.0167 	EXP 	probe: autoDraw = False
40.0167 	EXP 	fixation: autoDraw = True
40.0843 	EXP 	Device response: <KeyPress from None: t=39.99064020003425, value=v, duration=0.07652099995175377>
41.0008 	EXP 	line1: autoDraw = True
41.0008 	EXP 	line2: autoDraw = True
41.0008 	EXP 	line3: autoDraw = True
41.0008 	EXP 	line4: autoDraw = True
41.0164 	EXP 	fixation: autoDraw = False
42.0009 	INFO 	Keyboard events cleared
42.0008 	EXP 	probe: autoDraw = True
42.9678 	EXP 	Device response: <KeyPress from None: t=42.96468700002879, value=c, duration=None>
42.9682 	EXP 	New trial (rep=3, index=3): <Trial 15 (3 in rep 3) data={'pos': np.int64(-150), 'corr_resp': 'z', 'thisN': 15, 'thisTrialN': 3, 'thisRepN': 3}>
42.9695 	DATA 	Keypress: c
42.9844 	EXP 	fixation: autoDraw = False
42.9844 	EXP 	line1: autoDraw = False
42.9844 	EXP 	line2: autoDraw = False
42.9844 	EXP 	line3: autoDraw = False
42.9844 	EXP 	line4: autoDraw = False
42.9844 	EXP 	probe: autoDraw = False
42.9844 	EXP 	fixation: autoDraw = True
43.0693 	EXP 	Device response: <KeyPress from None: t=42.96468700002879, value=c, duration=0.08942370000295341>
43.9686 	EXP 	line1: autoDraw = True
43.9686 	EXP 	line2: autoDraw = True
43.9686 	EXP 	line3: autoDraw = True
43.9686 	EXP 	line4: autoDraw = True
43.9856 	EXP 	fixation: autoDraw = False
44.9689 	INFO 	Keyboard events cleared
44.9687 	EXP 	probe: autoDraw = True
45.3515 	EXP 	Device response: <KeyPress from None: t=45.336977800005116, value=z, duration=None>
45.3519 	EXP 	New trial (rep=4, index=0): <Trial 16 (0 in rep 4) data={'pos': np.int64(-50), 'corr_resp': 'x', 'thisN': 16, 'thisTrialN': 0, 'thisRepN': 4}>
45.3530 	DATA 	Keypress: z
45.3669 	EXP 	fixation: autoDraw = False
45.3669 	EXP 	line1: autoDraw = False
45.3669 	EXP 	line2: autoDraw = False
45.3669 	EXP 	line3: autoDraw = False
45.3669 	EXP 	line4: autoDraw = False
45.3669 	EXP 	probe: autoDraw = False
45.3669 	EXP 	fixation: autoDraw = True
45.4516 	EXP 	Device response: <KeyPress from None: t=45.336977800005116, value=z, duration=0.10565819998737425>
46.3686 	EXP 	fixation: autoDraw = False
46.3686 	EXP 	line1: autoDraw = True
46.3686 	EXP 	line2: autoDraw = True
46.3686 	EXP 	line3: autoDraw = True
46.3686 	EXP 	line4: autoDraw = True
47.3520 	INFO 	Keyboard events cleared
47.3518 	EXP 	probe: autoDraw = True
47.7007 	EXP 	Device response: <KeyPress from None: t=47.69873900001403, value=x, duration=None>
47.7010 	EXP 	New trial (rep=4, index=1): <Trial 17 (1 in rep 4) data={'pos': np.int64(150), 'corr_resp': 'v', 'thisN': 17, 'thisTrialN': 1, 'thisRepN': 4}>
47.7022 	DATA 	Keypress: x
47.7173 	EXP 	fixation: autoDraw = False
47.7173 	EXP 	line1: autoDraw = False
47.7173 	EXP 	line2: autoDraw = False
47.7173 	EXP 	line3: autoDraw = False
47.7173 	EXP 	line4: autoDraw = False
47.7173 	EXP 	probe: autoDraw = False
47.7173 	EXP 	fixation: autoDraw = True
47.8015 	EXP 	Device response: <KeyPress from None: t=47.69873900001403, value=x, duration=0.10065779997967184>
48.7015 	EXP 	line1: autoDraw = True
48.7015 	EXP 	line2: autoDraw = True
48.7015 	EXP 	line3: autoDraw = True
48.7015 	EXP 	line4: autoDraw = True
48.7170 	EXP 	fixation: autoDraw = False
49.7015 	INFO 	Keyboard events cleared
49.7013 	EXP 	probe: autoDraw = True
50.4575 	DATA 	Keypress: v
50.4669 	EXP 	Device response: <KeyPress from None: t=50.45600340003148, value=v, duration=None>
50.4672 	EXP 	New trial (rep=4, index=2): <Trial 18 (2 in rep 4) data={'pos': np.int64(50), 'corr_resp': 'c', 'thisN': 18, 'thisTrialN': 2, 'thisRepN': 4}>
50.4841 	EXP 	fixation: autoDraw = False
50.4841 	EXP 	line1: autoDraw = False
50.4841 	EXP 	line2: autoDraw = False
50.4841 	EXP 	line3: autoDraw = False
50.4841 	EXP 	line4: autoDraw = False
50.4841 	EXP 	probe: autoDraw = False
50.4841 	EXP 	fixation: autoDraw = True
50.5684 	EXP 	Device response: <KeyPress from None: t=50.45600340003148, value=v, duration=0.10628169996198267>
51.4667 	EXP 	line1: autoDraw = True
51.4667 	EXP 	line2: autoDraw = True
51.4667 	EXP 	line3: autoDraw = True
51.4667 	EXP 	line4: autoDraw = True
51.4840 	EXP 	fixation: autoDraw = False
52.4685 	INFO 	Keyboard events cleared
52.4683 	EXP 	probe: autoDraw = True
53.0362 	EXP 	Device response: <KeyPress from None: t=53.026346100028604, value=c, duration=None>
53.0365 	EXP 	New trial (rep=4, index=3): <Trial 19 (3 in rep 4) data={'pos': np.int64(-150), 'corr_resp': 'z', 'thisN': 19, 'thisTrialN': 3, 'thisRepN': 4}>
53.0378 	DATA 	Keypress: c
53.0502 	EXP 	fixation: autoDraw = False
53.0502 	EXP 	line1: autoDraw = False
53.0502 	EXP 	line2: autoDraw = False
53.0502 	EXP 	line3: autoDraw = False
53.0502 	EXP 	line4: autoDraw = False
53.0502 	EXP 	probe: autoDraw = False
53.0502 	EXP 	fixation: autoDraw = True
53.1516 	EXP 	Device response: <KeyPress from None: t=53.026346100028604, value=c, duration=0.11078099999576807>
54.0356 	EXP 	line1: autoDraw = True
54.0356 	EXP 	line2: autoDraw = True
54.0356 	EXP 	line3: autoDraw = True
54.0356 	EXP 	line4: autoDraw = True
54.0519 	EXP 	fixation: autoDraw = False
55.0523 	INFO 	Keyboard events cleared
55.0521 	EXP 	probe: autoDraw = True
55.4018 	EXP 	Device response: <KeyPress from None: t=55.393569500010926, value=x, duration=None>
55.4021 	EXP 	New trial (rep=5, index=0): <Trial 20 (0 in rep 5) data={'pos': np.int64(-50), 'corr_resp': 'x', 'thisN': 20, 'thisTrialN': 0, 'thisRepN': 5}>
55.4033 	DATA 	Keypress: x
55.4169 	EXP 	fixation: autoDraw = False
55.4169 	EXP 	line1: autoDraw = False
55.4169 	EXP 	line2: autoDraw = False
55.4169 	EXP 	line3: autoDraw = False
55.4169 	EXP 	line4: autoDraw = False
55.4169 	EXP 	probe: autoDraw = False
55.4169 	EXP 	fixation: autoDraw = True
55.5019 	EXP 	Device response: <KeyPress from None: t=55.393569500010926, value=x, duration=0.09290240000700578>
56.4014 	EXP 	line1: autoDraw = True
56.4014 	EXP 	line2: autoDraw = True
56.4014 	EXP 	line3: autoDraw = True
56.4014 	EXP 	line4: autoDraw = True
56.4181 	EXP 	fixation: autoDraw = False
57.4013 	INFO 	Keyboard events cleared
57.4011 	EXP 	probe: autoDraw = True
58.6522 	EXP 	Device response: <KeyPress from None: t=58.648312300036196, value=x, duration=None>
58.6527 	EXP 	New trial (rep=5, index=1): <Trial 21 (1 in rep 5) data={'pos': np.int64(150), 'corr_resp': 'v', 'thisN': 21, 'thisTrialN': 1, 'thisRepN': 5}>
58.6542 	DATA 	Keypress: x
58.6682 	EXP 	fixation: autoDraw = False
58.6682 	EXP 	line1: autoDraw = False
58.6682 	EXP 	line2: autoDraw = False
58.6682 	EXP 	line3: autoDraw = False
58.6682 	EXP 	line4: autoDraw = False
58.6682 	EXP 	probe: autoDraw = False
58.6682 	EXP 	fixation: autoDraw = True
58.7517 	EXP 	Device response: <KeyPress from None: t=58.648312300036196, value=x, duration=0.08973589999368414>
59.6511 	EXP 	line1: autoDraw = True
59.6511 	EXP 	line2: autoDraw = True
59.6511 	EXP 	line3: autoDraw = True
59.6511 	EXP 	line4: autoDraw = True
59.6679 	EXP 	fixation: autoDraw = False
60.6517 	INFO 	Keyboard events cleared
60.6515 	EXP 	probe: autoDraw = True
61.4352 	EXP 	Device response: <KeyPress from None: t=61.42332840000745, value=v, duration=None>
61.4355 	EXP 	New trial (rep=5, index=2): <Trial 22 (2 in rep 5) data={'pos': np.int64(50), 'corr_resp': 'c', 'thisN': 22, 'thisTrialN': 2, 'thisRepN': 5}>
61.4367 	DATA 	Keypress: v
61.4521 	EXP 	fixation: autoDraw = False
61.4521 	EXP 	line1: autoDraw = False
61.4521 	EXP 	line2: autoDraw = False
61.4521 	EXP 	line3: autoDraw = False
61.4521 	EXP 	line4: autoDraw = False
61.4521 	EXP 	probe: autoDraw = False
61.4521 	EXP 	fixation: autoDraw = True
61.5191 	EXP 	Device response: <KeyPress from None: t=61.42332840000745, value=v, duration=0.08630600001197308>
62.4513 	EXP 	fixation: autoDraw = False
62.4513 	EXP 	line1: autoDraw = True
62.4513 	EXP 	line2: autoDraw = True
62.4513 	EXP 	line3: autoDraw = True
62.4513 	EXP 	line4: autoDraw = True
63.4351 	INFO 	Keyboard events cleared
63.4348 	EXP 	probe: autoDraw = True
64.0047 	DATA 	Keypress: c
64.0175 	EXP 	Device response: <KeyPress from None: t=64.00264970003627, value=c, duration=None>
64.0178 	EXP 	New trial (rep=5, index=3): <Trial 23 (3 in rep 5) data={'pos': np.int64(-150), 'corr_resp': 'z', 'thisN': 23, 'thisTrialN': 3, 'thisRepN': 5}>
64.0352 	EXP 	fixation: autoDraw = False
64.0352 	EXP 	line1: autoDraw = False
64.0352 	EXP 	line2: autoDraw = False
64.0352 	EXP 	line3: autoDraw = False
64.0352 	EXP 	line4: autoDraw = False
64.0352 	EXP 	probe: autoDraw = False
64.0352 	EXP 	fixation: autoDraw = True
64.1023 	EXP 	Device response: <KeyPress from None: t=64.00264970003627, value=c, duration=0.09320439997827634>
65.0173 	EXP 	line1: autoDraw = True
65.0173 	EXP 	line2: autoDraw = True
65.0173 	EXP 	line3: autoDraw = True
65.0173 	EXP 	line4: autoDraw = True
65.0505 	EXP 	fixation: autoDraw = False
66.0191 	INFO 	Keyboard events cleared
66.0188 	EXP 	probe: autoDraw = True
66.5684 	EXP 	Device response: <KeyPress from None: t=66.56287570000859, value=c, duration=None>
66.5688 	EXP 	New trial (rep=6, index=0): <Trial 24 (0 in rep 6) data={'pos': np.int64(-50), 'corr_resp': 'x', 'thisN': 24, 'thisTrialN': 0, 'thisRepN': 6}>
66.5700 	DATA 	Keypress: c
66.5844 	EXP 	fixation: autoDraw = False
66.5844 	EXP 	line1: autoDraw = False
66.5844 	EXP 	line2: autoDraw = False
66.5844 	EXP 	line3: autoDraw = False
66.5844 	EXP 	line4: autoDraw = False
66.5844 	EXP 	probe: autoDraw = False
66.5844 	EXP 	fixation: autoDraw = True
66.6509 	EXP 	Device response: <KeyPress from None: t=66.56287570000859, value=c, duration=0.08484159997897223>
67.5690 	EXP 	line1: autoDraw = True
67.5690 	EXP 	line2: autoDraw = True
67.5690 	EXP 	line3: autoDraw = True
67.5690 	EXP 	line4: autoDraw = True
67.5839 	EXP 	fixation: autoDraw = False
68.5855 	INFO 	Keyboard events cleared
68.5852 	EXP 	probe: autoDraw = True
69.4514 	EXP 	Device response: <KeyPress from None: t=69.44258979998995, value=x, duration=None>
69.4518 	EXP 	New trial (rep=6, index=1): <Trial 25 (1 in rep 6) data={'pos': np.int64(150), 'corr_resp': 'v', 'thisN': 25, 'thisTrialN': 1, 'thisRepN': 6}>
69.4529 	DATA 	Keypress: x
69.4685 	EXP 	fixation: autoDraw = False
69.4685 	EXP 	line1: autoDraw = False
69.4685 	EXP 	line2: autoDraw = False
69.4685 	EXP 	line3: autoDraw = False
69.4685 	EXP 	line4: autoDraw = False
69.4685 	EXP 	probe: autoDraw = False
69.4685 	EXP 	fixation: autoDraw = True
69.5188 	EXP 	Device response: <KeyPress from None: t=69.44258979998995, value=x, duration=0.06631449999986216>
70.4523 	EXP 	line1: autoDraw = True
70.4523 	EXP 	line2: autoDraw = True
70.4523 	EXP 	line3: autoDraw = True
70.4523 	EXP 	line4: autoDraw = True
70.4692 	EXP 	fixation: autoDraw = False
71.4560 	INFO 	Keyboard events cleared
71.4557 	EXP 	probe: autoDraw = True
72.1185 	EXP 	Device response: <KeyPress from None: t=72.11312440002803, value=v, duration=None>
72.1190 	EXP 	New trial (rep=6, index=2): <Trial 26 (2 in rep 6) data={'pos': np.int64(50), 'corr_resp': 'c', 'thisN': 26, 'thisTrialN': 2, 'thisRepN': 6}>
72.1202 	DATA 	Keypress: v
72.1348 	EXP 	fixation: autoDraw = False
72.1348 	EXP 	line1: autoDraw = False
72.1348 	EXP 	line2: autoDraw = False
72.1348 	EXP 	line3: autoDraw = False
72.1348 	EXP 	line4: autoDraw = False
72.1348 	EXP 	probe: autoDraw = False
72.1348 	EXP 	fixation: autoDraw = True
72.2021 	EXP 	Device response: <KeyPress from None: t=72.11312440002803, value=v, duration=0.08149389998288825>
73.1179 	EXP 	line1: autoDraw = True
73.1179 	EXP 	line2: autoDraw = True
73.1179 	EXP 	line3: autoDraw = True
73.1179 	EXP 	line4: autoDraw = True
73.1354 	EXP 	fixation: autoDraw = False
74.1184 	INFO 	Keyboard events cleared
74.1182 	EXP 	probe: autoDraw = True
74.7197 	EXP 	Device response: <KeyPress from None: t=74.71267470001476, value=c, duration=None>
74.7202 	EXP 	New trial (rep=6, index=3): <Trial 27 (3 in rep 6) data={'pos': np.int64(-150), 'corr_resp': 'z', 'thisN': 27, 'thisTrialN': 3, 'thisRepN': 6}>
74.7216 	DATA 	Keypress: c
74.7340 	EXP 	fixation: autoDraw = False
74.7340 	EXP 	line1: autoDraw = False
74.7340 	EXP 	line2: autoDraw = False
74.7340 	EXP 	line3: autoDraw = False
74.7340 	EXP 	line4: autoDraw = False
74.7340 	EXP 	probe: autoDraw = False
74.7340 	EXP 	fixation: autoDraw = True
74.8035 	EXP 	Device response: <KeyPress from None: t=74.71267470001476, value=c, duration=0.07782319997204468>
75.7343 	EXP 	fixation: autoDraw = False
75.7343 	EXP 	line1: autoDraw = True
75.7343 	EXP 	line2: autoDraw = True
75.7343 	EXP 	line3: autoDraw = True
75.7343 	EXP 	line4: autoDraw = True
76.7339 	INFO 	Keyboard events cleared
76.7337 	EXP 	probe: autoDraw = True
77.2676 	EXP 	Device response: <KeyPress from None: t=77.26284899999155, value=z, duration=None>
77.2680 	EXP 	New trial (rep=7, index=0): <Trial 28 (0 in rep 7) data={'pos': np.int64(-50), 'corr_resp': 'x', 'thisN': 28, 'thisTrialN': 0, 'thisRepN': 7}>
77.2694 	DATA 	Keypress: z
77.2837 	EXP 	fixation: autoDraw = False
77.2837 	EXP 	line1: autoDraw = False
77.2837 	EXP 	line2: autoDraw = False
77.2837 	EXP 	line3: autoDraw = False
77.2837 	EXP 	line4: autoDraw = False
77.2837 	EXP 	probe: autoDraw = False
77.2837 	EXP 	fixation: autoDraw = True
77.3513 	EXP 	Device response: <KeyPress from None: t=77.26284899999155, value=z, duration=0.08716610004194081>
78.2673 	EXP 	line1: autoDraw = True
78.2673 	EXP 	line2: autoDraw = True
78.2673 	EXP 	line3: autoDraw = True
78.2673 	EXP 	line4: autoDraw = True
78.2839 	EXP 	fixation: autoDraw = False
79.2673 	INFO 	Keyboard events cleared
79.2671 	EXP 	probe: autoDraw = True
79.9674 	EXP 	Device response: <KeyPress from None: t=79.96222029998899, value=x, duration=None>
79.9677 	EXP 	New trial (rep=7, index=1): <Trial 29 (1 in rep 7) data={'pos': np.int64(150), 'corr_resp': 'v', 'thisN': 29, 'thisTrialN': 1, 'thisRepN': 7}>
79.9689 	DATA 	Keypress: x
79.9844 	EXP 	fixation: autoDraw = False
79.9844 	EXP 	line1: autoDraw = False
79.9844 	EXP 	line2: autoDraw = False
79.9844 	EXP 	line3: autoDraw = False
79.9844 	EXP 	line4: autoDraw = False
79.9844 	EXP 	probe: autoDraw = False
79.9844 	EXP 	fixation: autoDraw = True
80.0352 	EXP 	Device response: <KeyPress from None: t=79.96222029998899, value=x, duration=0.06649190001189709>
80.9671 	EXP 	line1: autoDraw = True
80.9671 	EXP 	line2: autoDraw = True
80.9671 	EXP 	line3: autoDraw = True
80.9671 	EXP 	line4: autoDraw = True
80.9846 	EXP 	fixation: autoDraw = False
81.9674 	INFO 	Keyboard events cleared
81.9672 	EXP 	probe: autoDraw = True
82.5537 	DATA 	Keypress: v
82.5674 	EXP 	Device response: <KeyPress from None: t=82.55251280002994, value=v, duration=None>
82.5679 	EXP 	New trial (rep=7, index=2): <Trial 30 (2 in rep 7) data={'pos': np.int64(50), 'corr_resp': 'c', 'thisN': 30, 'thisTrialN': 2, 'thisRepN': 7}>
82.5845 	EXP 	fixation: autoDraw = False
82.5845 	EXP 	line1: autoDraw = False
82.5845 	EXP 	line2: autoDraw = False
82.5845 	EXP 	line3: autoDraw = False
82.5845 	EXP 	line4: autoDraw = False
82.5845 	EXP 	probe: autoDraw = False
82.5845 	EXP 	fixation: autoDraw = True
82.6522 	EXP 	Device response: <KeyPress from None: t=82.55251280002994, value=v, duration=0.09653310000430793>
83.5675 	EXP 	line1: autoDraw = True
83.5675 	EXP 	line2: autoDraw = True
83.5675 	EXP 	line3: autoDraw = True
83.5675 	EXP 	line4: autoDraw = True
83.5847 	EXP 	fixation: autoDraw = False
84.5681 	INFO 	Keyboard events cleared
84.5679 	EXP 	probe: autoDraw = True
85.1010 	EXP 	Device response: <KeyPress from None: t=85.09667110000737, value=c, duration=None>
85.1012 	EXP 	New trial (rep=7, index=3): <Trial 31 (3 in rep 7) data={'pos': np.int64(-150), 'corr_resp': 'z', 'thisN': 31, 'thisTrialN': 3, 'thisRepN': 7}>
85.1022 	DATA 	Keypress: c
85.1173 	EXP 	fixation: autoDraw = False
85.1173 	EXP 	line1: autoDraw = False
85.1173 	EXP 	line2: autoDraw = False
85.1173 	EXP 	line3: autoDraw = False
85.1173 	EXP 	line4: autoDraw = False
85.1173 	EXP 	probe: autoDraw = False
85.1173 	EXP 	fixation: autoDraw = True
85.1852 	EXP 	Device response: <KeyPress from None: t=85.09667110000737, value=c, duration=0.08574890001909807>
86.1004 	EXP 	line1: autoDraw = True
86.1004 	EXP 	line2: autoDraw = True
86.1004 	EXP 	line3: autoDraw = True
86.1004 	EXP 	line4: autoDraw = True
86.1181 	EXP 	fixation: autoDraw = False
87.1013 	INFO 	Keyboard events cleared
87.1012 	EXP 	probe: autoDraw = True
87.5684 	EXP 	Device response: <KeyPress from None: t=87.5658073000377, value=z, duration=None>
87.5688 	EXP 	New trial (rep=8, index=0): <Trial 32 (0 in rep 8) data={'pos': np.int64(-50), 'corr_resp': 'x', 'thisN': 32, 'thisTrialN': 0, 'thisRepN': 8}>
87.5701 	DATA 	Keypress: z
87.5851 	EXP 	fixation: autoDraw = False
87.5851 	EXP 	line1: autoDraw = False
87.5851 	EXP 	line2: autoDraw = False
87.5851 	EXP 	line3: autoDraw = False
87.5851 	EXP 	line4: autoDraw = False
87.5851 	EXP 	probe: autoDraw = False
87.5851 	EXP 	fixation: autoDraw = True
87.6682 	EXP 	Device response: <KeyPress from None: t=87.5658073000377, value=z, duration=0.09572499996284023>
88.5678 	EXP 	line1: autoDraw = True
88.5678 	EXP 	line2: autoDraw = True
88.5678 	EXP 	line3: autoDraw = True
88.5678 	EXP 	line4: autoDraw = True
88.5838 	EXP 	fixation: autoDraw = False
89.5681 	INFO 	Keyboard events cleared
89.5680 	EXP 	probe: autoDraw = True
89.8685 	EXP 	Device response: <KeyPress from None: t=89.8549231000361, value=x, duration=None>
89.8688 	EXP 	New trial (rep=8, index=1): <Trial 33 (1 in rep 8) data={'pos': np.int64(150), 'corr_resp': 'v', 'thisN': 33, 'thisTrialN': 1, 'thisRepN': 8}>
89.8699 	DATA 	Keypress: x
89.8840 	EXP 	fixation: autoDraw = False
89.8840 	EXP 	line1: autoDraw = False
89.8840 	EXP 	line2: autoDraw = False
89.8840 	EXP 	line3: autoDraw = False
89.8840 	EXP 	line4: autoDraw = False
89.8840 	EXP 	probe: autoDraw = False
89.8840 	EXP 	fixation: autoDraw = True
89.9521 	EXP 	Device response: <KeyPress from None: t=89.8549231000361, value=x, duration=0.09187099995324388>
90.8681 	EXP 	line1: autoDraw = True
90.8681 	EXP 	line2: autoDraw = True
90.8681 	EXP 	line3: autoDraw = True
90.8681 	EXP 	line4: autoDraw = True
90.8841 	EXP 	fixation: autoDraw = False
91.8683 	INFO 	Keyboard events cleared
91.8682 	EXP 	probe: autoDraw = True
92.5019 	EXP 	Device response: <KeyPress from None: t=92.49863109999569, value=v, duration=None>
92.5023 	EXP 	New trial (rep=8, index=2): <Trial 34 (2 in rep 8) data={'pos': np.int64(50), 'corr_resp': 'c', 'thisN': 34, 'thisTrialN': 2, 'thisRepN': 8}>
92.5034 	DATA 	Keypress: v
92.5175 	EXP 	fixation: autoDraw = False
92.5175 	EXP 	line1: autoDraw = False
92.5175 	EXP 	line2: autoDraw = False
92.5175 	EXP 	line3: autoDraw = False
92.5175 	EXP 	line4: autoDraw = False
92.5175 	EXP 	probe: autoDraw = False
92.5175 	EXP 	fixation: autoDraw = True
92.5847 	EXP 	Device response: <KeyPress from None: t=92.49863109999569, value=v, duration=0.08211230003507808>
93.5184 	EXP 	fixation: autoDraw = False
93.5184 	EXP 	line1: autoDraw = True
93.5184 	EXP 	line2: autoDraw = True
93.5184 	EXP 	line3: autoDraw = True
93.5184 	EXP 	line4: autoDraw = True
94.5176 	INFO 	Keyboard events cleared
94.5175 	EXP 	probe: autoDraw = True
94.8036 	DATA 	Keypress: c
94.8179 	EXP 	Device response: <KeyPress from None: t=94.80285420001019, value=c, duration=None>
94.8182 	EXP 	New trial (rep=8, index=3): <Trial 35 (3 in rep 8) data={'pos': np.int64(-150), 'corr_resp': 'z', 'thisN': 35, 'thisTrialN': 3, 'thisRepN': 8}>
94.8342 	EXP 	fixation: autoDraw = False
94.8342 	EXP 	line1: autoDraw = False
94.8342 	EXP 	line2: autoDraw = False
94.8342 	EXP 	line3: autoDraw = False
94.8342 	EXP 	line4: autoDraw = False
94.8342 	EXP 	probe: autoDraw = False
94.8342 	EXP 	fixation: autoDraw = True
94.9024 	EXP 	Device response: <KeyPress from None: t=94.80285420001019, value=c, duration=0.091864500020165>
95.8175 	EXP 	line1: autoDraw = True
95.8175 	EXP 	line2: autoDraw = True
95.8175 	EXP 	line3: autoDraw = True
95.8175 	EXP 	line4: autoDraw = True
95.8348 	EXP 	fixation: autoDraw = False
96.8179 	INFO 	Keyboard events cleared
96.8178 	EXP 	probe: autoDraw = True
97.0520 	EXP 	Device response: <KeyPress from None: t=97.03890680003678, value=z, duration=None>
97.0524 	EXP 	New trial (rep=9, index=0): <Trial 36 (0 in rep 9) data={'pos': np.int64(-50), 'corr_resp': 'x', 'thisN': 36, 'thisTrialN': 0, 'thisRepN': 9}>
97.0540 	DATA 	Keypress: z
97.0677 	EXP 	fixation: autoDraw = False
97.0677 	EXP 	line1: autoDraw = False
97.0677 	EXP 	line2: autoDraw = False
97.0677 	EXP 	line3: autoDraw = False
97.0677 	EXP 	line4: autoDraw = False
97.0677 	EXP 	probe: autoDraw = False
97.0677 	EXP 	fixation: autoDraw = True
97.1179 	EXP 	Device response: <KeyPress from None: t=97.03890680003678, value=z, duration=0.07828169997083023>
98.0673 	EXP 	fixation: autoDraw = False
98.0673 	EXP 	line1: autoDraw = True
98.0673 	EXP 	line2: autoDraw = True
98.0673 	EXP 	line3: autoDraw = True
98.0673 	EXP 	line4: autoDraw = True
99.0523 	INFO 	Keyboard events cleared
99.0521 	EXP 	probe: autoDraw = True
99.3518 	EXP 	Device response: <KeyPress from None: t=99.34738520003157, value=x, duration=None>
99.3521 	EXP 	New trial (rep=9, index=1): <Trial 37 (1 in rep 9) data={'pos': np.int64(150), 'corr_resp': 'v', 'thisN': 37, 'thisTrialN': 1, 'thisRepN': 9}>
99.3530 	DATA 	Keypress: x
99.3676 	EXP 	fixation: autoDraw = False
99.3676 	EXP 	line1: autoDraw = False
99.3676 	EXP 	line2: autoDraw = False
99.3676 	EXP 	line3: autoDraw = False
99.3676 	EXP 	line4: autoDraw = False
99.3676 	EXP 	probe: autoDraw = False
99.3676 	EXP 	fixation: autoDraw = True
99.4520 	EXP 	Device response: <KeyPress from None: t=99.34738520003157, value=x, duration=0.09806879999814555>
100.3519 	EXP 	line1: autoDraw = True
100.3519 	EXP 	line2: autoDraw = True
100.3519 	EXP 	line3: autoDraw = True
100.3519 	EXP 	line4: autoDraw = True
100.3679 	EXP 	fixation: autoDraw = False
101.3575 	INFO 	Keyboard events cleared
101.3573 	EXP 	probe: autoDraw = True
101.6188 	EXP 	Device response: <KeyPress from None: t=101.6071479000384, value=v, duration=None>
101.6194 	EXP 	New trial (rep=9, index=2): <Trial 38 (2 in rep 9) data={'pos': np.int64(50), 'corr_resp': 'c', 'thisN': 38, 'thisTrialN': 2, 'thisRepN': 9}>
101.6207 	DATA 	Keypress: v
101.6352 	EXP 	fixation: autoDraw = False
101.6352 	EXP 	line1: autoDraw = False
101.6352 	EXP 	line2: autoDraw = False
101.6352 	EXP 	line3: autoDraw = False
101.6352 	EXP 	line4: autoDraw = False
101.6352 	EXP 	probe: autoDraw = False
101.6352 	EXP 	fixation: autoDraw = True
101.6852 	EXP 	Device response: <KeyPress from None: t=101.6071479000384, value=v, duration=0.06935539998812601>
102.6178 	EXP 	line1: autoDraw = True
102.6178 	EXP 	line2: autoDraw = True
102.6178 	EXP 	line3: autoDraw = True
102.6178 	EXP 	line4: autoDraw = True
102.6343 	EXP 	fixation: autoDraw = False
103.6198 	INFO 	Keyboard events cleared
103.6195 	EXP 	probe: autoDraw = True
103.8692 	EXP 	Device response: <KeyPress from None: t=103.8634325999883, value=c, duration=None>
103.8697 	EXP 	New trial (rep=9, index=3): <Trial 39 (3 in rep 9) data={'pos': np.int64(-150), 'corr_resp': 'z', 'thisN': 39, 'thisTrialN': 3, 'thisRepN': 9}>
103.8709 	DATA 	Keypress: c
103.8860 	EXP 	fixation: autoDraw = False
103.8860 	EXP 	line1: autoDraw = False
103.8860 	EXP 	line2: autoDraw = False
103.8860 	EXP 	line3: autoDraw = False
103.8860 	EXP 	line4: autoDraw = False
103.8860 	EXP 	probe: autoDraw = False
103.8860 	EXP 	fixation: autoDraw = True
103.9524 	EXP 	Device response: <KeyPress from None: t=103.8634325999883, value=c, duration=0.08792429999448359>
104.8695 	EXP 	line1: autoDraw = True
104.8695 	EXP 	line2: autoDraw = True
104.8695 	EXP 	line3: autoDraw = True
104.8695 	EXP 	line4: autoDraw = True
104.8863 	EXP 	fixation: autoDraw = False
105.8699 	INFO 	Keyboard events cleared
105.8697 	EXP 	probe: autoDraw = True
106.3532 	EXP 	Device response: <KeyPress from None: t=106.34217960003298, value=z, duration=None>
106.3535 	EXP 	New trial (rep=10, index=0): <Trial 40 (0 in rep 10) data={'pos': np.int64(-50), 'corr_resp': 'x', 'thisN': 40, 'thisTrialN': 0, 'thisRepN': 10}>
106.3547 	DATA 	Keypress: z
106.3677 	EXP 	fixation: autoDraw = False
106.3677 	EXP 	line1: autoDraw = False
106.3677 	EXP 	line2: autoDraw = False
106.3677 	EXP 	line3: autoDraw = False
106.3677 	EXP 	line4: autoDraw = False
106.3677 	EXP 	probe: autoDraw = False
106.3677 	EXP 	fixation: autoDraw = True
106.4364 	EXP 	Device response: <KeyPress from None: t=106.34217960003298, value=z, duration=0.09350809996249154>
107.3693 	EXP 	fixation: autoDraw = False
107.3693 	EXP 	line1: autoDraw = True
107.3693 	EXP 	line2: autoDraw = True
107.3693 	EXP 	line3: autoDraw = True
107.3693 	EXP 	line4: autoDraw = True
108.3525 	INFO 	Keyboard events cleared
108.3523 	EXP 	probe: autoDraw = True
108.6190 	EXP 	Device response: <KeyPress from None: t=108.60503010003595, value=x, duration=None>
108.6195 	EXP 	New trial (rep=10, index=1): <Trial 41 (1 in rep 10) data={'pos': np.int64(150), 'corr_resp': 'v', 'thisN': 41, 'thisTrialN': 1, 'thisRepN': 10}>
108.6206 	DATA 	Keypress: x
108.6360 	EXP 	fixation: autoDraw = False
108.6360 	EXP 	line1: autoDraw = False
108.6360 	EXP 	line2: autoDraw = False
108.6360 	EXP 	line3: autoDraw = False
108.6360 	EXP 	line4: autoDraw = False
108.6360 	EXP 	probe: autoDraw = False
108.6360 	EXP 	fixation: autoDraw = True
108.7019 	EXP 	Device response: <KeyPress from None: t=108.60503010003595, value=x, duration=0.09461249999003485>
109.6185 	EXP 	line1: autoDraw = True
109.6185 	EXP 	line2: autoDraw = True
109.6185 	EXP 	line3: autoDraw = True
109.6185 	EXP 	line4: autoDraw = True
109.6353 	EXP 	fixation: autoDraw = False
110.6201 	INFO 	Keyboard events cleared
110.6199 	EXP 	probe: autoDraw = True
111.0018 	EXP 	Device response: <KeyPress from None: t=110.98854210000718, value=v, duration=None>
111.0022 	EXP 	New trial (rep=10, index=2): <Trial 42 (2 in rep 10) data={'pos': np.int64(50), 'corr_resp': 'c', 'thisN': 42, 'thisTrialN': 2, 'thisRepN': 10}>
111.0034 	DATA 	Keypress: v
111.0184 	EXP 	fixation: autoDraw = False
111.0184 	EXP 	line1: autoDraw = False
111.0184 	EXP 	line2: autoDraw = False
111.0184 	EXP 	line3: autoDraw = False
111.0184 	EXP 	line4: autoDraw = False
111.0184 	EXP 	probe: autoDraw = False
111.0184 	EXP 	fixation: autoDraw = True
111.0862 	EXP 	Device response: <KeyPress from None: t=110.98854210000718, value=v, duration=0.08646880002925172>
112.0031 	EXP 	line1: autoDraw = True
112.0031 	EXP 	line2: autoDraw = True
112.0031 	EXP 	line3: autoDraw = True
112.0031 	EXP 	line4: autoDraw = True
112.0197 	EXP 	fixation: autoDraw = False
113.0030 	INFO 	Keyboard events cleared
113.0028 	EXP 	probe: autoDraw = True
113.3041 	DATA 	Keypress: c
113.3192 	EXP 	Device response: <KeyPress from None: t=113.3024182000081, value=c, duration=None>
113.3196 	EXP 	New trial (rep=10, index=3): <Trial 43 (3 in rep 10) data={'pos': np.int64(-150), 'corr_resp': 'z', 'thisN': 43, 'thisTrialN': 3, 'thisRepN': 10}>
113.3345 	EXP 	fixation: autoDraw = False
113.3345 	EXP 	line1: autoDraw = False
113.3345 	EXP 	line2: autoDraw = False
113.3345 	EXP 	line3: autoDraw = False
113.3345 	EXP 	line4: autoDraw = False
113.3345 	EXP 	probe: autoDraw = False
113.3345 	EXP 	fixation: autoDraw = True
113.4192 	EXP 	Device response: <KeyPress from None: t=113.3024182000081, value=c, duration=0.11117520002881065>
114.3193 	EXP 	line1: autoDraw = True
114.3193 	EXP 	line2: autoDraw = True
114.3193 	EXP 	line3: autoDraw = True
114.3193 	EXP 	line4: autoDraw = True
114.3361 	EXP 	fixation: autoDraw = False
115.3197 	INFO 	Keyboard events cleared
115.3195 	EXP 	probe: autoDraw = True
115.8533 	EXP 	Device response: <KeyPress from None: t=115.85199370002374, value=z, duration=None>
115.8536 	EXP 	New trial (rep=11, index=0): <Trial 44 (0 in rep 11) data={'pos': np.int64(-50), 'corr_resp': 'x', 'thisN': 44, 'thisTrialN': 0, 'thisRepN': 11}>
115.8548 	DATA 	Keypress: z
115.8690 	EXP 	fixation: autoDraw = False
115.8690 	EXP 	line1: autoDraw = False
115.8690 	EXP 	line2: autoDraw = False
115.8690 	EXP 	line3: autoDraw = False
115.8690 	EXP 	line4: autoDraw = False
115.8690 	EXP 	probe: autoDraw = False
115.8690 	EXP 	fixation: autoDraw = True
115.9526 	EXP 	Device response: <KeyPress from None: t=115.85199370002374, value=z, duration=0.08663400000659749>
116.8525 	EXP 	line1: autoDraw = True
116.8525 	EXP 	line2: autoDraw = True
116.8525 	EXP 	line3: autoDraw = True
116.8525 	EXP 	line4: autoDraw = True
116.8695 	EXP 	fixation: autoDraw = False
117.8524 	INFO 	Keyboard events cleared
117.8522 	EXP 	probe: autoDraw = True
118.2357 	EXP 	Device response: <KeyPress from None: t=118.23023029998876, value=x, duration=None>
118.2362 	EXP 	New trial (rep=11, index=1): <Trial 45 (1 in rep 11) data={'pos': np.int64(150), 'corr_resp': 'v', 'thisN': 45, 'thisTrialN': 1, 'thisRepN': 11}>
118.2374 	DATA 	Keypress: x
118.2521 	EXP 	fixation: autoDraw = False
118.2521 	EXP 	line1: autoDraw = False
118.2521 	EXP 	line2: autoDraw = False
118.2521 	EXP 	line3: autoDraw = False
118.2521 	EXP 	line4: autoDraw = False
118.2521 	EXP 	probe: autoDraw = False
118.2521 	EXP 	fixation: autoDraw = True
118.3370 	EXP 	Device response: <KeyPress from None: t=118.23023029998876, value=x, duration=0.09090599999763072>
119.2356 	EXP 	line1: autoDraw = True
119.2356 	EXP 	line2: autoDraw = True
119.2356 	EXP 	line3: autoDraw = True
119.2356 	EXP 	line4: autoDraw = True
119.2521 	EXP 	fixation: autoDraw = False
120.2364 	INFO 	Keyboard events cleared
120.2362 	EXP 	probe: autoDraw = True
120.7553 	DATA 	Keypress: v
120.7694 	EXP 	Device response: <KeyPress from None: t=120.75446520000696, value=v, duration=None>
120.7698 	EXP 	New trial (rep=11, index=2): <Trial 46 (2 in rep 11) data={'pos': np.int64(50), 'corr_resp': 'c', 'thisN': 46, 'thisTrialN': 2, 'thisRepN': 11}>
120.7846 	EXP 	fixation: autoDraw = False
120.7846 	EXP 	line1: autoDraw = False
120.7846 	EXP 	line2: autoDraw = False
120.7846 	EXP 	line3: autoDraw = False
120.7846 	EXP 	line4: autoDraw = False
120.7846 	EXP 	probe: autoDraw = False
120.7846 	EXP 	fixation: autoDraw = True
120.8530 	EXP 	Device response: <KeyPress from None: t=120.75446520000696, value=v, duration=0.09132409997982904>
121.7693 	EXP 	line1: autoDraw = True
121.7693 	EXP 	line2: autoDraw = True
121.7693 	EXP 	line3: autoDraw = True
121.7693 	EXP 	line4: autoDraw = True
121.7865 	EXP 	fixation: autoDraw = False
122.7859 	INFO 	Keyboard events cleared
122.7857 	EXP 	probe: autoDraw = True
123.1206 	DATA 	Keypress: c
123.1357 	EXP 	Device response: <KeyPress from None: t=123.11886139999842, value=c, duration=None>
123.1360 	EXP 	New trial (rep=11, index=3): <Trial 47 (3 in rep 11) data={'pos': np.int64(-150), 'corr_resp': 'z', 'thisN': 47, 'thisTrialN': 3, 'thisRepN': 11}>
123.1528 	EXP 	fixation: autoDraw = False
123.1528 	EXP 	line1: autoDraw = False
123.1528 	EXP 	line2: autoDraw = False
123.1528 	EXP 	line3: autoDraw = False
123.1528 	EXP 	line4: autoDraw = False
123.1528 	EXP 	probe: autoDraw = False
123.1528 	EXP 	fixation: autoDraw = True
123.2028 	EXP 	Device response: <KeyPress from None: t=123.11886139999842, value=c, duration=0.08097220002673566>
124.1364 	EXP 	line1: autoDraw = True
124.1364 	EXP 	line2: autoDraw = True
124.1364 	EXP 	line3: autoDraw = True
124.1364 	EXP 	line4: autoDraw = True
124.1525 	EXP 	fixation: autoDraw = False
125.1371 	INFO 	Keyboard events cleared
125.1368 	EXP 	probe: autoDraw = True
125.8532 	EXP 	Device response: <KeyPress from None: t=125.83789160003653, value=z, duration=None>
125.8538 	EXP 	New trial (rep=12, index=0): <Trial 48 (0 in rep 12) data={'pos': np.int64(-50), 'corr_resp': 'x', 'thisN': 48, 'thisTrialN': 0, 'thisRepN': 12}>
125.8552 	DATA 	Keypress: z
125.8690 	EXP 	fixation: autoDraw = False
125.8690 	EXP 	line1: autoDraw = False
125.8690 	EXP 	line2: autoDraw = False
125.8690 	EXP 	line3: autoDraw = False
125.8690 	EXP 	line4: autoDraw = False
125.8690 	EXP 	probe: autoDraw = False
125.8690 	EXP 	fixation: autoDraw = True
125.9353 	EXP 	Device response: <KeyPress from None: t=125.83789160003653, value=z, duration=0.09648109995760024>
126.8530 	EXP 	line1: autoDraw = True
126.8530 	EXP 	line2: autoDraw = True
126.8530 	EXP 	line3: autoDraw = True
126.8530 	EXP 	line4: autoDraw = True
126.8693 	EXP 	fixation: autoDraw = False
127.8535 	INFO 	Keyboard events cleared
127.8533 	EXP 	probe: autoDraw = True
128.2024 	EXP 	Device response: <KeyPress from None: t=128.18814079998992, value=x, duration=None>
128.2027 	EXP 	New trial (rep=12, index=1): <Trial 49 (1 in rep 12) data={'pos': np.int64(150), 'corr_resp': 'v', 'thisN': 49, 'thisTrialN': 1, 'thisRepN': 12}>
128.2038 	DATA 	Keypress: x
128.2189 	EXP 	fixation: autoDraw = False
128.2189 	EXP 	line1: autoDraw = False
128.2189 	EXP 	line2: autoDraw = False
128.2189 	EXP 	line3: autoDraw = False
128.2189 	EXP 	line4: autoDraw = False
128.2189 	EXP 	probe: autoDraw = False
128.2189 	EXP 	fixation: autoDraw = True
128.2875 	EXP 	Device response: <KeyPress from None: t=128.18814079998992, value=x, duration=0.09213410003576428>
129.2033 	EXP 	line1: autoDraw = True
129.2033 	EXP 	line2: autoDraw = True
129.2033 	EXP 	line3: autoDraw = True
129.2033 	EXP 	line4: autoDraw = True
129.2196 	EXP 	fixation: autoDraw = False
130.2025 	INFO 	Keyboard events cleared
130.2023 	EXP 	probe: autoDraw = True
130.4703 	EXP 	Device response: <KeyPress from None: t=130.46071850002045, value=v, duration=None>
130.4706 	EXP 	New trial (rep=12, index=2): <Trial 50 (2 in rep 12) data={'pos': np.int64(50), 'corr_resp': 'c', 'thisN': 50, 'thisTrialN': 2, 'thisRepN': 12}>
130.4719 	DATA 	Keypress: v
130.4849 	EXP 	fixation: autoDraw = False
130.4849 	EXP 	line1: autoDraw = False
130.4849 	EXP 	line2: autoDraw = False
130.4849 	EXP 	line3: autoDraw = False
130.4849 	EXP 	line4: autoDraw = False
130.4849 	EXP 	probe: autoDraw = False
130.4849 	EXP 	fixation: autoDraw = True
130.5539 	EXP 	Device response: <KeyPress from None: t=130.46071850002045, value=v, duration=0.08139669999945909>
131.4866 	EXP 	fixation: autoDraw = False
131.4866 	EXP 	line1: autoDraw = True
131.4866 	EXP 	line2: autoDraw = True
131.4866 	EXP 	line3: autoDraw = True
131.4866 	EXP 	line4: autoDraw = True
132.4685 	INFO 	Keyboard events cleared
132.4683 	EXP 	probe: autoDraw = True
132.7194 	EXP 	Device response: <KeyPress from None: t=132.70815610000864, value=c, duration=None>
132.7199 	EXP 	New trial (rep=12, index=3): <Trial 51 (3 in rep 12) data={'pos': np.int64(-150), 'corr_resp': 'z', 'thisN': 51, 'thisTrialN': 3, 'thisRepN': 12}>
132.7216 	DATA 	Keypress: c
132.7356 	EXP 	fixation: autoDraw = False
132.7356 	EXP 	line1: autoDraw = False
132.7356 	EXP 	line2: autoDraw = False
132.7356 	EXP 	line3: autoDraw = False
132.7356 	EXP 	line4: autoDraw = False
132.7356 	EXP 	probe: autoDraw = False
132.7356 	EXP 	fixation: autoDraw = True
132.8196 	EXP 	Device response: <KeyPress from None: t=132.70815610000864, value=c, duration=0.0977837999816984>
133.7201 	EXP 	line1: autoDraw = True
133.7201 	EXP 	line2: autoDraw = True
133.7201 	EXP 	line3: autoDraw = True
133.7201 	EXP 	line4: autoDraw = True
133.7366 	EXP 	fixation: autoDraw = False
134.7189 	INFO 	Keyboard events cleared
134.7187 	EXP 	probe: autoDraw = True
134.9025 	EXP 	Device response: <KeyPress from None: t=134.89090050000232, value=z, duration=None>
134.9031 	EXP 	New trial (rep=13, index=0): <Trial 52 (0 in rep 13) data={'pos': np.int64(-50), 'corr_resp': 'x', 'thisN': 52, 'thisTrialN': 0, 'thisRepN': 13}>
134.9047 	DATA 	Keypress: z
134.9182 	EXP 	fixation: autoDraw = False
134.9182 	EXP 	line1: autoDraw = False
134.9182 	EXP 	line2: autoDraw = False
134.9182 	EXP 	line3: autoDraw = False
134.9182 	EXP 	line4: autoDraw = False
134.9182 	EXP 	probe: autoDraw = False
134.9182 	EXP 	fixation: autoDraw = True
134.9695 	EXP 	Device response: <KeyPress from None: t=134.89090050000232, value=z, duration=0.06604100001277402>
135.9185 	EXP 	fixation: autoDraw = False
135.9185 	EXP 	line1: autoDraw = True
135.9185 	EXP 	line2: autoDraw = True
135.9185 	EXP 	line3: autoDraw = True
135.9185 	EXP 	line4: autoDraw = True
136.9188 	INFO 	Keyboard events cleared
136.9186 	EXP 	probe: autoDraw = True
136.9863 	EXP 	Device response: <KeyPress from None: t=136.98335749999387, value=x, duration=None>
136.9867 	EXP 	New trial (rep=13, index=1): <Trial 53 (1 in rep 13) data={'pos': np.int64(150), 'corr_resp': 'v', 'thisN': 53, 'thisTrialN': 1, 'thisRepN': 13}>
136.9881 	DATA 	Keypress: x
137.0016 	EXP 	fixation: autoDraw = False
137.0016 	EXP 	line1: autoDraw = False
137.0016 	EXP 	line2: autoDraw = False
137.0016 	EXP 	line3: autoDraw = False
137.0016 	EXP 	line4: autoDraw = False
137.0016 	EXP 	probe: autoDraw = False
137.0016 	EXP 	fixation: autoDraw = True
137.1196 	EXP 	Device response: <KeyPress from None: t=136.98335749999387, value=x, duration=0.12320299999555573>
137.9868 	EXP 	line1: autoDraw = True
137.9868 	EXP 	line2: autoDraw = True
137.9868 	EXP 	line3: autoDraw = True
137.9868 	EXP 	line4: autoDraw = True
138.0037 	EXP 	fixation: autoDraw = False
138.9859 	INFO 	Keyboard events cleared
138.9856 	EXP 	probe: autoDraw = True
139.2718 	DATA 	Keypress: v
139.2870 	EXP 	Device response: <KeyPress from None: t=139.26937769999495, value=v, duration=None>
139.2876 	EXP 	New trial (rep=13, index=2): <Trial 54 (2 in rep 13) data={'pos': np.int64(50), 'corr_resp': 'c', 'thisN': 54, 'thisTrialN': 2, 'thisRepN': 13}>
139.3071 	EXP 	fixation: autoDraw = False
139.3071 	EXP 	line1: autoDraw = False
139.3071 	EXP 	line2: autoDraw = False
139.3071 	EXP 	line3: autoDraw = False
139.3071 	EXP 	line4: autoDraw = False
139.3071 	EXP 	probe: autoDraw = False
139.3071 	EXP 	fixation: autoDraw = True
139.3692 	EXP 	Device response: <KeyPress from None: t=139.26937769999495, value=v, duration=0.0875085000297986>
140.3017 	EXP 	line1: autoDraw = True
140.3017 	EXP 	line2: autoDraw = True
140.3017 	EXP 	line3: autoDraw = True
140.3017 	EXP 	line4: autoDraw = True
140.3192 	EXP 	fixation: autoDraw = False
141.3023 	INFO 	Keyboard events cleared
141.3022 	EXP 	probe: autoDraw = True
141.5190 	EXP 	Device response: <KeyPress from None: t=141.51204719999805, value=c, duration=None>
141.5193 	EXP 	New trial (rep=13, index=3): <Trial 55 (3 in rep 13) data={'pos': np.int64(-150), 'corr_resp': 'z', 'thisN': 55, 'thisTrialN': 3, 'thisRepN': 13}>
141.5203 	DATA 	Keypress: c
141.5346 	EXP 	fixation: autoDraw = False
141.5346 	EXP 	line1: autoDraw = False
141.5346 	EXP 	line2: autoDraw = False
141.5346 	EXP 	line3: autoDraw = False
141.5346 	EXP 	line4: autoDraw = False
141.5346 	EXP 	probe: autoDraw = False
141.5346 	EXP 	fixation: autoDraw = True
141.6023 	EXP 	Device response: <KeyPress from None: t=141.51204719999805, value=c, duration=0.08292170002823696>
142.5188 	EXP 	line1: autoDraw = True
142.5188 	EXP 	line2: autoDraw = True
142.5188 	EXP 	line3: autoDraw = True
142.5188 	EXP 	line4: autoDraw = True
142.5346 	EXP 	fixation: autoDraw = False
143.5223 	INFO 	Keyboard events cleared
143.5222 	EXP 	probe: autoDraw = True
143.7024 	EXP 	Device response: <KeyPress from None: t=143.70022220001556, value=z, duration=None>
143.7027 	EXP 	New trial (rep=14, index=0): <Trial 56 (0 in rep 14) data={'pos': np.int64(-50), 'corr_resp': 'x', 'thisN': 56, 'thisTrialN': 0, 'thisRepN': 14}>
143.7037 	DATA 	Keypress: z
143.7193 	EXP 	fixation: autoDraw = False
143.7193 	EXP 	line1: autoDraw = False
143.7193 	EXP 	line2: autoDraw = False
143.7193 	EXP 	line3: autoDraw = False
143.7193 	EXP 	line4: autoDraw = False
143.7193 	EXP 	probe: autoDraw = False
143.7193 	EXP 	fixation: autoDraw = True
143.8026 	EXP 	Device response: <KeyPress from None: t=143.70022220001556, value=z, duration=0.09123020002152771>
144.7183 	EXP 	fixation: autoDraw = False
144.7183 	EXP 	line1: autoDraw = True
144.7183 	EXP 	line2: autoDraw = True
144.7183 	EXP 	line3: autoDraw = True
144.7183 	EXP 	line4: autoDraw = True
145.7024 	INFO 	Keyboard events cleared
145.7023 	EXP 	probe: autoDraw = True
145.9347 	EXP 	Device response: <KeyPress from None: t=145.92761970002903, value=x, duration=None>
145.9351 	EXP 	New trial (rep=14, index=1): <Trial 57 (1 in rep 14) data={'pos': np.int64(150), 'corr_resp': 'v', 'thisN': 57, 'thisTrialN': 1, 'thisRepN': 14}>
145.9367 	DATA 	Keypress: x
145.9507 	EXP 	fixation: autoDraw = False
145.9507 	EXP 	line1: autoDraw = False
145.9507 	EXP 	line2: autoDraw = False
145.9507 	EXP 	line3: autoDraw = False
145.9507 	EXP 	line4: autoDraw = False
145.9507 	EXP 	probe: autoDraw = False
145.9507 	EXP 	fixation: autoDraw = True
146.0027 	EXP 	Device response: <KeyPress from None: t=145.92761970002903, value=x, duration=0.07204449997516349>
146.9354 	EXP 	line1: autoDraw = True
146.9354 	EXP 	line2: autoDraw = True
146.9354 	EXP 	line3: autoDraw = True
146.9354 	EXP 	line4: autoDraw = True
146.9523 	EXP 	fixation: autoDraw = False
147.9349 	INFO 	Keyboard events cleared
147.9348 	EXP 	probe: autoDraw = True
148.2026 	EXP 	Device response: <KeyPress from None: t=148.18956299999263, value=v, duration=None>
148.2031 	EXP 	New trial (rep=14, index=2): <Trial 58 (2 in rep 14) data={'pos': np.int64(50), 'corr_resp': 'c', 'thisN': 58, 'thisTrialN': 2, 'thisRepN': 14}>
148.2043 	DATA 	Keypress: v
148.2202 	EXP 	fixation: autoDraw = False
148.2202 	EXP 	line1: autoDraw = False
148.2202 	EXP 	line2: autoDraw = False
148.2202 	EXP 	line3: autoDraw = False
148.2202 	EXP 	line4: autoDraw = False
148.2202 	EXP 	probe: autoDraw = False
148.2202 	EXP 	fixation: autoDraw = True
148.3206 	EXP 	Device response: <KeyPress from None: t=148.18956299999263, value=v, duration=0.11924000002909452>
149.2031 	EXP 	line1: autoDraw = True
149.2031 	EXP 	line2: autoDraw = True
149.2031 	EXP 	line3: autoDraw = True
149.2031 	EXP 	line4: autoDraw = True
149.2205 	EXP 	fixation: autoDraw = False
150.2035 	INFO 	Keyboard events cleared
150.2032 	EXP 	probe: autoDraw = True
150.4034 	EXP 	Device response: <KeyPress from None: t=150.40027839998947, value=c, duration=None>
150.4038 	EXP 	New trial (rep=14, index=3): <Trial 59 (3 in rep 14) data={'pos': np.int64(-150), 'corr_resp': 'z', 'thisN': 59, 'thisTrialN': 3, 'thisRepN': 14}>
150.4051 	DATA 	Keypress: c
150.4186 	EXP 	fixation: autoDraw = False
150.4186 	EXP 	line1: autoDraw = False
150.4186 	EXP 	line2: autoDraw = False
150.4186 	EXP 	line3: autoDraw = False
150.4186 	EXP 	line4: autoDraw = False
150.4186 	EXP 	probe: autoDraw = False
150.4186 	EXP 	fixation: autoDraw = True
150.5200 	EXP 	Device response: <KeyPress from None: t=150.40027839998947, value=c, duration=0.10465009999461472>
151.4037 	EXP 	line1: autoDraw = True
151.4037 	EXP 	line2: autoDraw = True
151.4037 	EXP 	line3: autoDraw = True
151.4037 	EXP 	line4: autoDraw = True
151.4198 	EXP 	fixation: autoDraw = False
152.4034 	INFO 	Keyboard events cleared
152.4032 	EXP 	probe: autoDraw = True
153.4378 	EXP 	Device response: <KeyPress from None: t=153.435152799997, value=z, duration=None>
153.4382 	EXP 	New trial (rep=15, index=0): <Trial 60 (0 in rep 15) data={'pos': np.int64(-50), 'corr_resp': 'x', 'thisN': 60, 'thisTrialN': 0, 'thisRepN': 15}>
153.4394 	DATA 	Keypress: z
153.4519 	EXP 	fixation: autoDraw = False
153.4519 	EXP 	line1: autoDraw = False
153.4519 	EXP 	line2: autoDraw = False
153.4519 	EXP 	line3: autoDraw = False
153.4519 	EXP 	line4: autoDraw = False
153.4519 	EXP 	probe: autoDraw = False
153.4519 	EXP 	fixation: autoDraw = True
153.5873 	EXP 	Device response: <KeyPress from None: t=153.435152799997, value=z, duration=0.13914220000151545>
154.4537 	EXP 	fixation: autoDraw = False
154.4537 	EXP 	line1: autoDraw = True
154.4537 	EXP 	line2: autoDraw = True
154.4537 	EXP 	line3: autoDraw = True
154.4537 	EXP 	line4: autoDraw = True
155.4532 	INFO 	Keyboard events cleared
155.4530 	EXP 	probe: autoDraw = True
156.0534 	EXP 	Device response: <KeyPress from None: t=156.0523613000405, value=x, duration=None>
156.0537 	EXP 	New trial (rep=15, index=1): <Trial 61 (1 in rep 15) data={'pos': np.int64(150), 'corr_resp': 'v', 'thisN': 61, 'thisTrialN': 1, 'thisRepN': 15}>
156.0550 	DATA 	Keypress: x
156.0695 	EXP 	fixation: autoDraw = False
156.0695 	EXP 	line1: autoDraw = False
156.0695 	EXP 	line2: autoDraw = False
156.0695 	EXP 	line3: autoDraw = False
156.0695 	EXP 	line4: autoDraw = False
156.0695 	EXP 	probe: autoDraw = False
156.0695 	EXP 	fixation: autoDraw = True
156.1700 	EXP 	Device response: <KeyPress from None: t=156.0523613000405, value=x, duration=0.10703689994988963>
157.0537 	EXP 	line1: autoDraw = True
157.0537 	EXP 	line2: autoDraw = True
157.0537 	EXP 	line3: autoDraw = True
157.0537 	EXP 	line4: autoDraw = True
157.0696 	EXP 	fixation: autoDraw = False
158.0533 	INFO 	Keyboard events cleared
158.0531 	EXP 	probe: autoDraw = True
158.6871 	EXP 	Device response: <KeyPress from None: t=158.68273260002024, value=v, duration=None>
158.6875 	EXP 	New trial (rep=15, index=2): <Trial 62 (2 in rep 15) data={'pos': np.int64(50), 'corr_resp': 'c', 'thisN': 62, 'thisTrialN': 2, 'thisRepN': 15}>
158.6887 	DATA 	Keypress: v
158.7018 	EXP 	fixation: autoDraw = False
158.7018 	EXP 	line1: autoDraw = False
158.7018 	EXP 	line2: autoDraw = False
158.7018 	EXP 	line3: autoDraw = False
158.7018 	EXP 	line4: autoDraw = False
158.7018 	EXP 	probe: autoDraw = False
158.7018 	EXP 	fixation: autoDraw = True
158.7695 	EXP 	Device response: <KeyPress from None: t=158.68273260002024, value=v, duration=0.07141470001079142>
159.6878 	EXP 	line1: autoDraw = True
159.6878 	EXP 	line2: autoDraw = True
159.6878 	EXP 	line3: autoDraw = True
159.6878 	EXP 	line4: autoDraw = True
159.7038 	EXP 	fixation: autoDraw = False
160.6878 	INFO 	Keyboard events cleared
160.6876 	EXP 	probe: autoDraw = True
161.2875 	EXP 	Device response: <KeyPress from None: t=161.2729401999968, value=c, duration=None>
161.2880 	EXP 	New trial (rep=15, index=3): <Trial 63 (3 in rep 15) data={'pos': np.int64(-150), 'corr_resp': 'z', 'thisN': 63, 'thisTrialN': 3, 'thisRepN': 15}>
161.2894 	DATA 	Keypress: c
161.3026 	EXP 	fixation: autoDraw = False
161.3026 	EXP 	line1: autoDraw = False
161.3026 	EXP 	line2: autoDraw = False
161.3026 	EXP 	line3: autoDraw = False
161.3026 	EXP 	line4: autoDraw = False
161.3026 	EXP 	probe: autoDraw = False
161.3026 	EXP 	fixation: autoDraw = True
161.3700 	EXP 	Device response: <KeyPress from None: t=161.2729401999968, value=c, duration=0.09056600002804771>
162.3037 	EXP 	fixation: autoDraw = False
162.3037 	EXP 	line1: autoDraw = True
162.3037 	EXP 	line2: autoDraw = True
162.3037 	EXP 	line3: autoDraw = True
162.3037 	EXP 	line4: autoDraw = True
163.3041 	INFO 	Keyboard events cleared
163.3039 	EXP 	probe: autoDraw = True
163.8705 	EXP 	Device response: <KeyPress from None: t=163.86168660002295, value=z, duration=None>
163.8709 	EXP 	New trial (rep=16, index=0): <Trial 64 (0 in rep 16) data={'pos': np.int64(-50), 'corr_resp': 'x', 'thisN': 64, 'thisTrialN': 0, 'thisRepN': 16}>
163.8721 	DATA 	Keypress: z
163.8860 	EXP 	fixation: autoDraw = False
163.8860 	EXP 	line1: autoDraw = False
163.8860 	EXP 	line2: autoDraw = False
163.8860 	EXP 	line3: autoDraw = False
163.8860 	EXP 	line4: autoDraw = False
163.8860 	EXP 	probe: autoDraw = False
163.8860 	EXP 	fixation: autoDraw = True
163.9707 	EXP 	Device response: <KeyPress from None: t=163.86168660002295, value=z, duration=0.106968300009612>
164.8693 	EXP 	line1: autoDraw = True
164.8693 	EXP 	line2: autoDraw = True
164.8693 	EXP 	line3: autoDraw = True
164.8693 	EXP 	line4: autoDraw = True
164.8870 	EXP 	fixation: autoDraw = False
165.8707 	INFO 	Keyboard events cleared
165.8705 	EXP 	probe: autoDraw = True
166.6034 	EXP 	Device response: <KeyPress from None: t=166.5919611999998, value=x, duration=None>
166.6039 	EXP 	New trial (rep=16, index=1): <Trial 65 (1 in rep 16) data={'pos': np.int64(150), 'corr_resp': 'v', 'thisN': 65, 'thisTrialN': 1, 'thisRepN': 16}>
166.6054 	DATA 	Keypress: x
166.6195 	EXP 	fixation: autoDraw = False
166.6195 	EXP 	line1: autoDraw = False
166.6195 	EXP 	line2: autoDraw = False
166.6195 	EXP 	line3: autoDraw = False
166.6195 	EXP 	line4: autoDraw = False
166.6195 	EXP 	probe: autoDraw = False
166.6195 	EXP 	fixation: autoDraw = True
166.7362 	EXP 	Device response: <KeyPress from None: t=166.5919611999998, value=x, duration=0.12755630002357066>
167.6038 	EXP 	line1: autoDraw = True
167.6038 	EXP 	line2: autoDraw = True
167.6038 	EXP 	line3: autoDraw = True
167.6038 	EXP 	line4: autoDraw = True
167.6202 	EXP 	fixation: autoDraw = False
168.6023 	INFO 	Keyboard events cleared
168.6021 	EXP 	probe: autoDraw = True
169.2892 	DATA 	Keypress: v
169.3027 	EXP 	Device response: <KeyPress from None: t=169.28684920002706, value=v, duration=None>
169.3032 	EXP 	New trial (rep=16, index=2): <Trial 66 (2 in rep 16) data={'pos': np.int64(50), 'corr_resp': 'c', 'thisN': 66, 'thisTrialN': 2, 'thisRepN': 16}>
169.3189 	EXP 	fixation: autoDraw = False
169.3189 	EXP 	line1: autoDraw = False
169.3189 	EXP 	line2: autoDraw = False
169.3189 	EXP 	line3: autoDraw = False
169.3189 	EXP 	line4: autoDraw = False
169.3189 	EXP 	probe: autoDraw = False
169.3189 	EXP 	fixation: autoDraw = True
169.3867 	EXP 	Device response: <KeyPress from None: t=169.28684920002706, value=v, duration=0.08916149998549372>
170.3043 	EXP 	line1: autoDraw = True
170.3043 	EXP 	line2: autoDraw = True
170.3043 	EXP 	line3: autoDraw = True
170.3043 	EXP 	line4: autoDraw = True
170.3196 	EXP 	fixation: autoDraw = False
171.3046 	INFO 	Keyboard events cleared
171.3044 	EXP 	probe: autoDraw = True
171.9903 	DATA 	Keypress: c
172.0026 	EXP 	Device response: <KeyPress from None: t=171.98826690000715, value=c, duration=None>
172.0030 	EXP 	New trial (rep=16, index=3): <Trial 67 (3 in rep 16) data={'pos': np.int64(-150), 'corr_resp': 'z', 'thisN': 67, 'thisTrialN': 3, 'thisRepN': 16}>
172.0195 	EXP 	fixation: autoDraw = False
172.0195 	EXP 	line1: autoDraw = False
172.0195 	EXP 	line2: autoDraw = False
172.0195 	EXP 	line3: autoDraw = False
172.0195 	EXP 	line4: autoDraw = False
172.0195 	EXP 	probe: autoDraw = False
172.0195 	EXP 	fixation: autoDraw = True
172.0710 	EXP 	Device response: <KeyPress from None: t=171.98826690000715, value=c, duration=0.08185680001042783>
173.0040 	EXP 	line1: autoDraw = True
173.0040 	EXP 	line2: autoDraw = True
173.0040 	EXP 	line3: autoDraw = True
173.0040 	EXP 	line4: autoDraw = True
173.0205 	EXP 	fixation: autoDraw = False
174.0041 	INFO 	Keyboard events cleared
174.0039 	EXP 	probe: autoDraw = True
174.3530 	EXP 	Device response: <KeyPress from None: t=174.34727239998756, value=z, duration=None>
174.3533 	EXP 	New trial (rep=17, index=0): <Trial 68 (0 in rep 17) data={'pos': np.int64(-50), 'corr_resp': 'x', 'thisN': 68, 'thisTrialN': 0, 'thisRepN': 17}>
174.3545 	DATA 	Keypress: z
174.3695 	EXP 	fixation: autoDraw = False
174.3695 	EXP 	line1: autoDraw = False
174.3695 	EXP 	line2: autoDraw = False
174.3695 	EXP 	line3: autoDraw = False
174.3695 	EXP 	line4: autoDraw = False
174.3695 	EXP 	probe: autoDraw = False
174.3695 	EXP 	fixation: autoDraw = True
174.4536 	EXP 	Device response: <KeyPress from None: t=174.34727239998756, value=z, duration=0.09563019999768585>
175.3538 	EXP 	line1: autoDraw = True
175.3538 	EXP 	line2: autoDraw = True
175.3538 	EXP 	line3: autoDraw = True
175.3538 	EXP 	line4: autoDraw = True
175.3695 	EXP 	fixation: autoDraw = False
176.3539 	INFO 	Keyboard events cleared
176.3537 	EXP 	probe: autoDraw = True
176.8535 	EXP 	Device response: <KeyPress from None: t=176.83988189999945, value=x, duration=None>
176.8540 	EXP 	New trial (rep=17, index=1): <Trial 69 (1 in rep 17) data={'pos': np.int64(150), 'corr_resp': 'v', 'thisN': 69, 'thisTrialN': 1, 'thisRepN': 17}>
176.8552 	DATA 	Keypress: x
176.8707 	EXP 	fixation: autoDraw = False
176.8707 	EXP 	line1: autoDraw = False
176.8707 	EXP 	line2: autoDraw = False
176.8707 	EXP 	line3: autoDraw = False
176.8707 	EXP 	line4: autoDraw = False
176.8707 	EXP 	probe: autoDraw = False
176.8707 	EXP 	fixation: autoDraw = True
176.9696 	EXP 	Device response: <KeyPress from None: t=176.83988189999945, value=x, duration=0.12177070003235713>
177.8528 	EXP 	line1: autoDraw = True
177.8528 	EXP 	line2: autoDraw = True
177.8528 	EXP 	line3: autoDraw = True
177.8528 	EXP 	line4: autoDraw = True
177.8875 	EXP 	fixation: autoDraw = False
178.8529 	INFO 	Keyboard events cleared
178.8527 	EXP 	probe: autoDraw = True
179.2041 	EXP 	Device response: <KeyPress from None: t=179.1989440000034, value=v, duration=None>
179.2046 	EXP 	New trial (rep=17, index=2): <Trial 70 (2 in rep 17) data={'pos': np.int64(50), 'corr_resp': 'c', 'thisN': 70, 'thisTrialN': 2, 'thisRepN': 17}>
179.2061 	DATA 	Keypress: v
179.2199 	EXP 	fixation: autoDraw = False
179.2199 	EXP 	line1: autoDraw = False
179.2199 	EXP 	line2: autoDraw = False
179.2199 	EXP 	line3: autoDraw = False
179.2199 	EXP 	line4: autoDraw = False
179.2199 	EXP 	probe: autoDraw = False
179.2199 	EXP 	fixation: autoDraw = True
179.2880 	EXP 	Device response: <KeyPress from None: t=179.1989440000034, value=v, duration=0.07673850003629923>
180.2226 	EXP 	fixation: autoDraw = False
180.2226 	EXP 	line1: autoDraw = True
180.2226 	EXP 	line2: autoDraw = True
180.2226 	EXP 	line3: autoDraw = True
180.2226 	EXP 	line4: autoDraw = True
181.2040 	INFO 	Keyboard events cleared
181.2038 	EXP 	probe: autoDraw = True
181.5378 	EXP 	Device response: <KeyPress from None: t=181.52811469999142, value=c, duration=None>
181.5382 	EXP 	New trial (rep=17, index=3): <Trial 71 (3 in rep 17) data={'pos': np.int64(-150), 'corr_resp': 'z', 'thisN': 71, 'thisTrialN': 3, 'thisRepN': 17}>
181.5395 	DATA 	Keypress: c
181.5523 	EXP 	fixation: autoDraw = False
181.5523 	EXP 	line1: autoDraw = False
181.5523 	EXP 	line2: autoDraw = False
181.5523 	EXP 	line3: autoDraw = False
181.5523 	EXP 	line4: autoDraw = False
181.5523 	EXP 	probe: autoDraw = False
181.5523 	EXP 	fixation: autoDraw = True
181.6202 	EXP 	Device response: <KeyPress from None: t=181.52811469999142, value=c, duration=0.07546190003631637>
182.5377 	EXP 	line1: autoDraw = True
182.5377 	EXP 	line2: autoDraw = True
182.5377 	EXP 	line3: autoDraw = True
182.5377 	EXP 	line4: autoDraw = True
182.5541 	EXP 	fixation: autoDraw = False
183.5542 	INFO 	Keyboard events cleared
183.5540 	EXP 	probe: autoDraw = True
183.8211 	EXP 	Device response: <KeyPress from None: t=183.8155605000211, value=z, duration=None>
183.8216 	EXP 	New trial (rep=18, index=0): <Trial 72 (0 in rep 18) data={'pos': np.int64(-50), 'corr_resp': 'x', 'thisN': 72, 'thisTrialN': 0, 'thisRepN': 18}>
183.8233 	DATA 	Keypress: z
183.8361 	EXP 	fixation: autoDraw = False
183.8361 	EXP 	line1: autoDraw = False
183.8361 	EXP 	line2: autoDraw = False
183.8361 	EXP 	line3: autoDraw = False
183.8361 	EXP 	line4: autoDraw = False
183.8361 	EXP 	probe: autoDraw = False
183.8361 	EXP 	fixation: autoDraw = True
183.9363 	EXP 	Device response: <KeyPress from None: t=183.8155605000211, value=z, duration=0.10699170001316816>
184.8359 	EXP 	fixation: autoDraw = False
184.8359 	EXP 	line1: autoDraw = True
184.8359 	EXP 	line2: autoDraw = True
184.8359 	EXP 	line3: autoDraw = True
184.8359 	EXP 	line4: autoDraw = True
185.8210 	INFO 	Keyboard events cleared
185.8208 	EXP 	probe: autoDraw = True
186.3229 	DATA 	Keypress: x
186.3369 	EXP 	Device response: <KeyPress from None: t=186.3210620000027, value=x, duration=None>
186.3373 	EXP 	New trial (rep=18, index=1): <Trial 73 (1 in rep 18) data={'pos': np.int64(150), 'corr_resp': 'v', 'thisN': 73, 'thisTrialN': 1, 'thisRepN': 18}>
186.3524 	EXP 	fixation: autoDraw = False
186.3524 	EXP 	line1: autoDraw = False
186.3524 	EXP 	line2: autoDraw = False
186.3524 	EXP 	line3: autoDraw = False
186.3524 	EXP 	line4: autoDraw = False
186.3524 	EXP 	probe: autoDraw = False
186.3524 	EXP 	fixation: autoDraw = True
186.4205 	EXP 	Device response: <KeyPress from None: t=186.3210620000027, value=x, duration=0.08750319998944178>
187.3375 	EXP 	line1: autoDraw = True
187.3375 	EXP 	line2: autoDraw = True
187.3375 	EXP 	line3: autoDraw = True
187.3375 	EXP 	line4: autoDraw = True
187.3542 	EXP 	fixation: autoDraw = False
188.3368 	INFO 	Keyboard events cleared
188.3366 	EXP 	probe: autoDraw = True
188.6033 	EXP 	Device response: <KeyPress from None: t=188.59788329998264, value=v, duration=None>
188.6038 	EXP 	New trial (rep=18, index=2): <Trial 74 (2 in rep 18) data={'pos': np.int64(50), 'corr_resp': 'c', 'thisN': 74, 'thisTrialN': 2, 'thisRepN': 18}>
188.6050 	DATA 	Keypress: v
188.6205 	EXP 	fixation: autoDraw = False
188.6205 	EXP 	line1: autoDraw = False
188.6205 	EXP 	line2: autoDraw = False
188.6205 	EXP 	line3: autoDraw = False
188.6205 	EXP 	line4: autoDraw = False
188.6205 	EXP 	probe: autoDraw = False
188.6205 	EXP 	fixation: autoDraw = True
188.6871 	EXP 	Device response: <KeyPress from None: t=188.59788329998264, value=v, duration=0.0787716000340879>
189.6033 	EXP 	line1: autoDraw = True
189.6033 	EXP 	line2: autoDraw = True
189.6033 	EXP 	line3: autoDraw = True
189.6033 	EXP 	line4: autoDraw = True
189.6209 	EXP 	fixation: autoDraw = False
190.6049 	INFO 	Keyboard events cleared
190.6047 	EXP 	probe: autoDraw = True
190.8228 	DATA 	Keypress: c
190.8377 	EXP 	Device response: <KeyPress from None: t=190.8206186000025, value=c, duration=None>
190.8380 	EXP 	New trial (rep=18, index=3): <Trial 75 (3 in rep 18) data={'pos': np.int64(-150), 'corr_resp': 'z', 'thisN': 75, 'thisTrialN': 3, 'thisRepN': 18}>
190.8538 	EXP 	fixation: autoDraw = False
190.8538 	EXP 	line1: autoDraw = False
190.8538 	EXP 	line2: autoDraw = False
190.8538 	EXP 	line3: autoDraw = False
190.8538 	EXP 	line4: autoDraw = False
190.8538 	EXP 	probe: autoDraw = False
190.8538 	EXP 	fixation: autoDraw = True
190.9204 	EXP 	Device response: <KeyPress from None: t=190.8206186000025, value=c, duration=0.08666159998392686>
191.8371 	EXP 	line1: autoDraw = True
191.8371 	EXP 	line2: autoDraw = True
191.8371 	EXP 	line3: autoDraw = True
191.8371 	EXP 	line4: autoDraw = True
191.8537 	EXP 	fixation: autoDraw = False
192.8382 	INFO 	Keyboard events cleared
192.8379 	EXP 	probe: autoDraw = True
193.1062 	DATA 	Keypress: z
193.1207 	EXP 	Device response: <KeyPress from None: t=193.1039526000386, value=z, duration=None>
193.1211 	EXP 	New trial (rep=19, index=0): <Trial 76 (0 in rep 19) data={'pos': np.int64(-50), 'corr_resp': 'x', 'thisN': 76, 'thisTrialN': 0, 'thisRepN': 19}>
193.1373 	EXP 	fixation: autoDraw = False
193.1373 	EXP 	line1: autoDraw = False
193.1373 	EXP 	line2: autoDraw = False
193.1373 	EXP 	line3: autoDraw = False
193.1373 	EXP 	line4: autoDraw = False
193.1373 	EXP 	probe: autoDraw = False
193.1373 	EXP 	fixation: autoDraw = True
193.2205 	EXP 	Device response: <KeyPress from None: t=193.1039526000386, value=z, duration=0.10138409998035058>
194.1209 	EXP 	line1: autoDraw = True
194.1209 	EXP 	line2: autoDraw = True
194.1209 	EXP 	line3: autoDraw = True
194.1209 	EXP 	line4: autoDraw = True
194.1374 	EXP 	fixation: autoDraw = False
195.1212 	INFO 	Keyboard events cleared
195.1210 	EXP 	probe: autoDraw = True
195.4309 	DATA 	Keypress: x
195.4508 	EXP 	Device response: <KeyPress from None: t=195.42392010003095, value=x, duration=None>
195.4513 	EXP 	New trial (rep=19, index=1): <Trial 77 (1 in rep 19) data={'pos': np.int64(150), 'corr_resp': 'v', 'thisN': 77, 'thisTrialN': 1, 'thisRepN': 19}>
195.4638 	EXP 	fixation: autoDraw = False
195.4638 	EXP 	line1: autoDraw = False
195.4638 	EXP 	line2: autoDraw = False
195.4638 	EXP 	line3: autoDraw = False
195.4638 	EXP 	line4: autoDraw = False
195.4638 	EXP 	probe: autoDraw = False
195.4638 	EXP 	fixation: autoDraw = True
195.5208 	EXP 	Device response: <KeyPress from None: t=195.42392010003095, value=x, duration=0.09466859995154664>
196.4543 	EXP 	line1: autoDraw = True
196.4543 	EXP 	line2: autoDraw = True
196.4543 	EXP 	line3: autoDraw = True
196.4543 	EXP 	line4: autoDraw = True
196.4707 	EXP 	fixation: autoDraw = False
197.4549 	INFO 	Keyboard events cleared
197.4547 	EXP 	probe: autoDraw = True
197.7531 	EXP 	Device response: <KeyPress from None: t=197.74545119999675, value=v, duration=None>
197.7535 	EXP 	New trial (rep=19, index=2): <Trial 78 (2 in rep 19) data={'pos': np.int64(50), 'corr_resp': 'c', 'thisN': 78, 'thisTrialN': 2, 'thisRepN': 19}>
197.7548 	DATA 	Keypress: v
197.7699 	EXP 	fixation: autoDraw = False
197.7699 	EXP 	line1: autoDraw = False
197.7699 	EXP 	line2: autoDraw = False
197.7699 	EXP 	line3: autoDraw = False
197.7699 	EXP 	line4: autoDraw = False
197.7699 	EXP 	probe: autoDraw = False
197.7699 	EXP 	fixation: autoDraw = True
197.8369 	EXP 	Device response: <KeyPress from None: t=197.74545119999675, value=v, duration=0.0850013000308536>
198.7544 	EXP 	line1: autoDraw = True
198.7544 	EXP 	line2: autoDraw = True
198.7544 	EXP 	line3: autoDraw = True
198.7544 	EXP 	line4: autoDraw = True
198.7708 	EXP 	fixation: autoDraw = False
199.7546 	INFO 	Keyboard events cleared
199.7544 	EXP 	probe: autoDraw = True
200.0555 	DATA 	Keypress: c
200.0708 	EXP 	Device response: <KeyPress from None: t=200.05393990001176, value=c, duration=None>
200.0712 	EXP 	New trial (rep=19, index=3): <Trial 79 (3 in rep 19) data={'pos': np.int64(-150), 'corr_resp': 'z', 'thisN': 79, 'thisTrialN': 3, 'thisRepN': 19}>
200.0872 	EXP 	fixation: autoDraw = False
200.0872 	EXP 	line1: autoDraw = False
200.0872 	EXP 	line2: autoDraw = False
200.0872 	EXP 	line3: autoDraw = False
200.0872 	EXP 	line4: autoDraw = False
200.0872 	EXP 	probe: autoDraw = False
200.0872 	EXP 	fixation: autoDraw = True
200.1373 	EXP 	Device response: <KeyPress from None: t=200.05393990001176, value=c, duration=0.07591399998636916>
201.0712 	EXP 	line1: autoDraw = True
201.0712 	EXP 	line2: autoDraw = True
201.0712 	EXP 	line3: autoDraw = True
201.0712 	EXP 	line4: autoDraw = True
201.0870 	EXP 	fixation: autoDraw = False
202.0714 	INFO 	Keyboard events cleared
202.0711 	EXP 	probe: autoDraw = True
202.3213 	EXP 	Device response: <KeyPress from None: t=202.31159840000328, value=z, duration=None>
202.3218 	EXP 	New trial (rep=20, index=0): <Trial 80 (0 in rep 20) data={'pos': np.int64(-50), 'corr_resp': 'x', 'thisN': 80, 'thisTrialN': 0, 'thisRepN': 20}>
202.3233 	DATA 	Keypress: z
202.3366 	EXP 	fixation: autoDraw = False
202.3366 	EXP 	line1: autoDraw = False
202.3366 	EXP 	line2: autoDraw = False
202.3366 	EXP 	line3: autoDraw = False
202.3366 	EXP 	line4: autoDraw = False
202.3366 	EXP 	probe: autoDraw = False
202.3366 	EXP 	fixation: autoDraw = True
202.4045 	EXP 	Device response: <KeyPress from None: t=202.31159840000328, value=z, duration=0.08666550001362339>
203.3207 	EXP 	line1: autoDraw = True
203.3207 	EXP 	line2: autoDraw = True
203.3207 	EXP 	line3: autoDraw = True
203.3207 	EXP 	line4: autoDraw = True
203.3368 	EXP 	fixation: autoDraw = False
204.3379 	INFO 	Keyboard events cleared
204.3377 	EXP 	probe: autoDraw = True
204.7041 	EXP 	Device response: <KeyPress from None: t=204.6959918999928, value=x, duration=None>
204.7045 	EXP 	New trial (rep=20, index=1): <Trial 81 (1 in rep 20) data={'pos': np.int64(150), 'corr_resp': 'v', 'thisN': 81, 'thisTrialN': 1, 'thisRepN': 20}>
204.7056 	DATA 	Keypress: x
204.7194 	EXP 	fixation: autoDraw = False
204.7194 	EXP 	line1: autoDraw = False
204.7194 	EXP 	line2: autoDraw = False
204.7194 	EXP 	line3: autoDraw = False
204.7194 	EXP 	line4: autoDraw = False
204.7194 	EXP 	probe: autoDraw = False
204.7194 	EXP 	fixation: autoDraw = True
204.8044 	EXP 	Device response: <KeyPress from None: t=204.6959918999928, value=x, duration=0.09188160003395751>
205.7034 	EXP 	line1: autoDraw = True
205.7034 	EXP 	line2: autoDraw = True
205.7034 	EXP 	line3: autoDraw = True
205.7034 	EXP 	line4: autoDraw = True
205.7196 	EXP 	fixation: autoDraw = False
206.7044 	INFO 	Keyboard events cleared
206.7041 	EXP 	probe: autoDraw = True
207.2213 	EXP 	Device response: <KeyPress from None: t=207.2152691000374, value=v, duration=None>
207.2217 	EXP 	New trial (rep=20, index=2): <Trial 82 (2 in rep 20) data={'pos': np.int64(50), 'corr_resp': 'c', 'thisN': 82, 'thisTrialN': 2, 'thisRepN': 20}>
207.2229 	DATA 	Keypress: v
207.2368 	EXP 	fixation: autoDraw = False
207.2368 	EXP 	line1: autoDraw = False
207.2368 	EXP 	line2: autoDraw = False
207.2368 	EXP 	line3: autoDraw = False
207.2368 	EXP 	line4: autoDraw = False
207.2368 	EXP 	probe: autoDraw = False
207.2368 	EXP 	fixation: autoDraw = True
207.3046 	EXP 	Device response: <KeyPress from None: t=207.2152691000374, value=v, duration=0.08826069999486208>
208.2207 	EXP 	line1: autoDraw = True
208.2207 	EXP 	line2: autoDraw = True
208.2207 	EXP 	line3: autoDraw = True
208.2207 	EXP 	line4: autoDraw = True
208.2378 	EXP 	fixation: autoDraw = False
209.2376 	INFO 	Keyboard events cleared
209.2374 	EXP 	probe: autoDraw = True
209.5206 	EXP 	Device response: <KeyPress from None: t=209.5187064000056, value=c, duration=None>
209.5209 	EXP 	New trial (rep=20, index=3): <Trial 83 (3 in rep 20) data={'pos': np.int64(-150), 'corr_resp': 'z', 'thisN': 83, 'thisTrialN': 3, 'thisRepN': 20}>
209.5221 	DATA 	Keypress: c
209.5361 	EXP 	fixation: autoDraw = False
209.5361 	EXP 	line1: autoDraw = False
209.5361 	EXP 	line2: autoDraw = False
209.5361 	EXP 	line3: autoDraw = False
209.5361 	EXP 	line4: autoDraw = False
209.5361 	EXP 	probe: autoDraw = False
209.5361 	EXP 	fixation: autoDraw = True
209.6217 	EXP 	Device response: <KeyPress from None: t=209.5187064000056, value=c, duration=0.09865160001209006>
210.5209 	EXP 	line1: autoDraw = True
210.5209 	EXP 	line2: autoDraw = True
210.5209 	EXP 	line3: autoDraw = True
210.5209 	EXP 	line4: autoDraw = True
210.5375 	EXP 	fixation: autoDraw = False
211.5381 	INFO 	Keyboard events cleared
211.5379 	EXP 	probe: autoDraw = True
212.2050 	EXP 	Device response: <KeyPress from None: t=212.2011998000089, value=z, duration=None>
212.2054 	EXP 	New trial (rep=21, index=0): <Trial 84 (0 in rep 21) data={'pos': np.int64(-50), 'corr_resp': 'x', 'thisN': 84, 'thisTrialN': 0, 'thisRepN': 21}>
212.2066 	DATA 	Keypress: z
212.2202 	EXP 	fixation: autoDraw = False
212.2202 	EXP 	line1: autoDraw = False
212.2202 	EXP 	line2: autoDraw = False
212.2202 	EXP 	line3: autoDraw = False
212.2202 	EXP 	line4: autoDraw = False
212.2202 	EXP 	probe: autoDraw = False
212.2202 	EXP 	fixation: autoDraw = True
212.2876 	EXP 	Device response: <KeyPress from None: t=212.2011998000089, value=z, duration=0.08072500000707805>
213.2049 	EXP 	line1: autoDraw = True
213.2049 	EXP 	line2: autoDraw = True
213.2049 	EXP 	line3: autoDraw = True
213.2049 	EXP 	line4: autoDraw = True
213.2215 	EXP 	fixation: autoDraw = False
214.2213 	INFO 	Keyboard events cleared
214.2211 	EXP 	probe: autoDraw = True
214.7033 	EXP 	Device response: <KeyPress from None: t=214.69336760003353, value=x, duration=None>
214.7037 	EXP 	New trial (rep=21, index=1): <Trial 85 (1 in rep 21) data={'pos': np.int64(150), 'corr_resp': 'v', 'thisN': 85, 'thisTrialN': 1, 'thisRepN': 21}>
214.7049 	DATA 	Keypress: x
214.7202 	EXP 	fixation: autoDraw = False
214.7202 	EXP 	line1: autoDraw = False
214.7202 	EXP 	line2: autoDraw = False
214.7202 	EXP 	line3: autoDraw = False
214.7202 	EXP 	line4: autoDraw = False
214.7202 	EXP 	probe: autoDraw = False
214.7202 	EXP 	fixation: autoDraw = True
214.7865 	EXP 	Device response: <KeyPress from None: t=214.69336760003353, value=x, duration=0.07803159998729825>
215.7050 	EXP 	line1: autoDraw = True
215.7050 	EXP 	line2: autoDraw = True
215.7050 	EXP 	line3: autoDraw = True
215.7050 	EXP 	line4: autoDraw = True
215.7215 	EXP 	fixation: autoDraw = False
216.7050 	INFO 	Keyboard events cleared
216.7048 	EXP 	probe: autoDraw = True
216.9901 	DATA 	Keypress: v
217.0041 	EXP 	Device response: <KeyPress from None: t=216.98802210000576, value=v, duration=None>
217.0045 	EXP 	New trial (rep=21, index=2): <Trial 86 (2 in rep 21) data={'pos': np.int64(50), 'corr_resp': 'c', 'thisN': 86, 'thisTrialN': 2, 'thisRepN': 21}>
217.0213 	EXP 	fixation: autoDraw = False
217.0213 	EXP 	line1: autoDraw = False
217.0213 	EXP 	line2: autoDraw = False
217.0213 	EXP 	line3: autoDraw = False
217.0213 	EXP 	line4: autoDraw = False
217.0213 	EXP 	probe: autoDraw = False
217.0213 	EXP 	fixation: autoDraw = True
217.0869 	EXP 	Device response: <KeyPress from None: t=216.98802210000576, value=v, duration=0.09165180003037676>
218.0051 	EXP 	line1: autoDraw = True
218.0051 	EXP 	line2: autoDraw = True
218.0051 	EXP 	line3: autoDraw = True
218.0051 	EXP 	line4: autoDraw = True
218.0214 	EXP 	fixation: autoDraw = False
219.0046 	INFO 	Keyboard events cleared
219.0044 	EXP 	probe: autoDraw = True
219.3047 	EXP 	Device response: <KeyPress from None: t=219.2992866000277, value=c, duration=None>
219.3051 	EXP 	New trial (rep=21, index=3): <Trial 87 (3 in rep 21) data={'pos': np.int64(-150), 'corr_resp': 'z', 'thisN': 87, 'thisTrialN': 3, 'thisRepN': 21}>
219.3063 	DATA 	Keypress: c
219.3195 	EXP 	fixation: autoDraw = False
219.3195 	EXP 	line1: autoDraw = False
219.3195 	EXP 	line2: autoDraw = False
219.3195 	EXP 	line3: autoDraw = False
219.3195 	EXP 	line4: autoDraw = False
219.3195 	EXP 	probe: autoDraw = False
219.3195 	EXP 	fixation: autoDraw = True
219.4042 	EXP 	Device response: <KeyPress from None: t=219.2992866000277, value=c, duration=0.0911311999661848>
220.3042 	EXP 	line1: autoDraw = True
220.3042 	EXP 	line2: autoDraw = True
220.3042 	EXP 	line3: autoDraw = True
220.3042 	EXP 	line4: autoDraw = True
220.3207 	EXP 	fixation: autoDraw = False
221.3046 	INFO 	Keyboard events cleared
221.3043 	EXP 	probe: autoDraw = True
221.5740 	DATA 	Keypress: z
221.5874 	EXP 	Device response: <KeyPress from None: t=221.57302390004043, value=z, duration=None>
221.5880 	EXP 	New trial (rep=22, index=0): <Trial 88 (0 in rep 22) data={'pos': np.int64(-50), 'corr_resp': 'x', 'thisN': 88, 'thisTrialN': 0, 'thisRepN': 22}>
221.6040 	EXP 	fixation: autoDraw = False
221.6040 	EXP 	line1: autoDraw = False
221.6040 	EXP 	line2: autoDraw = False
221.6040 	EXP 	line3: autoDraw = False
221.6040 	EXP 	line4: autoDraw = False
221.6040 	EXP 	probe: autoDraw = False
221.6040 	EXP 	fixation: autoDraw = True
221.6709 	EXP 	Device response: <KeyPress from None: t=221.57302390004043, value=z, duration=0.0817360999644734>
222.5878 	EXP 	line1: autoDraw = True
222.5878 	EXP 	line2: autoDraw = True
222.5878 	EXP 	line3: autoDraw = True
222.5878 	EXP 	line4: autoDraw = True
222.6046 	EXP 	fixation: autoDraw = False
223.5884 	INFO 	Keyboard events cleared
223.5881 	EXP 	probe: autoDraw = True
223.9402 	DATA 	Keypress: x
223.9543 	EXP 	Device response: <KeyPress from None: t=223.93803750001825, value=x, duration=None>
223.9546 	EXP 	New trial (rep=22, index=1): <Trial 89 (1 in rep 22) data={'pos': np.int64(150), 'corr_resp': 'v', 'thisN': 89, 'thisTrialN': 1, 'thisRepN': 22}>
223.9712 	EXP 	fixation: autoDraw = False
223.9712 	EXP 	line1: autoDraw = False
223.9712 	EXP 	line2: autoDraw = False
223.9712 	EXP 	line3: autoDraw = False
223.9712 	EXP 	line4: autoDraw = False
223.9712 	EXP 	probe: autoDraw = False
223.9712 	EXP 	fixation: autoDraw = True
224.0383 	EXP 	Device response: <KeyPress from None: t=223.93803750001825, value=x, duration=0.08420719997957349>
224.9540 	EXP 	line1: autoDraw = True
224.9540 	EXP 	line2: autoDraw = True
224.9540 	EXP 	line3: autoDraw = True
224.9540 	EXP 	line4: autoDraw = True
224.9707 	EXP 	fixation: autoDraw = False
225.9553 	INFO 	Keyboard events cleared
225.9551 	EXP 	probe: autoDraw = True
226.2541 	EXP 	Device response: <KeyPress from None: t=226.24921690003248, value=v, duration=None>
226.2547 	EXP 	New trial (rep=22, index=2): <Trial 90 (2 in rep 22) data={'pos': np.int64(50), 'corr_resp': 'c', 'thisN': 90, 'thisTrialN': 2, 'thisRepN': 22}>
226.2560 	DATA 	Keypress: v
226.2698 	EXP 	fixation: autoDraw = False
226.2698 	EXP 	line1: autoDraw = False
226.2698 	EXP 	line2: autoDraw = False
226.2698 	EXP 	line3: autoDraw = False
226.2698 	EXP 	line4: autoDraw = False
226.2698 	EXP 	probe: autoDraw = False
226.2698 	EXP 	fixation: autoDraw = True
226.3381 	EXP 	Device response: <KeyPress from None: t=226.24921690003248, value=v, duration=0.0884881999809295>
227.2547 	EXP 	line1: autoDraw = True
227.2547 	EXP 	line2: autoDraw = True
227.2547 	EXP 	line3: autoDraw = True
227.2547 	EXP 	line4: autoDraw = True
227.2704 	EXP 	fixation: autoDraw = False
228.2548 	INFO 	Keyboard events cleared
228.2546 	EXP 	probe: autoDraw = True
228.5881 	EXP 	Device response: <KeyPress from None: t=228.57820380001795, value=c, duration=None>
228.5886 	EXP 	New trial (rep=22, index=3): <Trial 91 (3 in rep 22) data={'pos': np.int64(-150), 'corr_resp': 'z', 'thisN': 91, 'thisTrialN': 3, 'thisRepN': 22}>
228.5898 	DATA 	Keypress: c
228.6037 	EXP 	fixation: autoDraw = False
228.6037 	EXP 	line1: autoDraw = False
228.6037 	EXP 	line2: autoDraw = False
228.6037 	EXP 	line3: autoDraw = False
228.6037 	EXP 	line4: autoDraw = False
228.6037 	EXP 	probe: autoDraw = False
228.6037 	EXP 	fixation: autoDraw = True
228.6721 	EXP 	Device response: <KeyPress from None: t=228.57820380001795, value=c, duration=0.08855919999768957>
229.6048 	EXP 	fixation: autoDraw = False
229.6048 	EXP 	line1: autoDraw = True
229.6048 	EXP 	line2: autoDraw = True
229.6048 	EXP 	line3: autoDraw = True
229.6048 	EXP 	line4: autoDraw = True
230.5869 	INFO 	Keyboard events cleared
230.5866 	EXP 	probe: autoDraw = True
230.9885 	EXP 	Device response: <KeyPress from None: t=230.98315530002583, value=z, duration=None>
230.9890 	EXP 	New trial (rep=23, index=0): <Trial 92 (0 in rep 23) data={'pos': np.int64(-50), 'corr_resp': 'x', 'thisN': 92, 'thisTrialN': 0, 'thisRepN': 23}>
230.9906 	DATA 	Keypress: z
231.0037 	EXP 	fixation: autoDraw = False
231.0037 	EXP 	line1: autoDraw = False
231.0037 	EXP 	line2: autoDraw = False
231.0037 	EXP 	line3: autoDraw = False
231.0037 	EXP 	line4: autoDraw = False
231.0037 	EXP 	probe: autoDraw = False
231.0037 	EXP 	fixation: autoDraw = True
231.0534 	EXP 	Device response: <KeyPress from None: t=230.98315530002583, value=z, duration=0.0639629999641329>
232.0042 	EXP 	fixation: autoDraw = False
232.0042 	EXP 	line1: autoDraw = True
232.0042 	EXP 	line2: autoDraw = True
232.0042 	EXP 	line3: autoDraw = True
232.0042 	EXP 	line4: autoDraw = True
232.9889 	INFO 	Keyboard events cleared
232.9887 	EXP 	probe: autoDraw = True
233.3205 	EXP 	Device response: <KeyPress from None: t=233.31431119999615, value=x, duration=None>
233.3209 	EXP 	New trial (rep=23, index=1): <Trial 93 (1 in rep 23) data={'pos': np.int64(150), 'corr_resp': 'v', 'thisN': 93, 'thisTrialN': 1, 'thisRepN': 23}>
233.3224 	DATA 	Keypress: x
233.3370 	EXP 	fixation: autoDraw = False
233.3370 	EXP 	line1: autoDraw = False
233.3370 	EXP 	line2: autoDraw = False
233.3370 	EXP 	line3: autoDraw = False
233.3370 	EXP 	line4: autoDraw = False
233.3370 	EXP 	probe: autoDraw = False
233.3370 	EXP 	fixation: autoDraw = True
233.4046 	EXP 	Device response: <KeyPress from None: t=233.31431119999615, value=x, duration=0.0873534000129439>
234.3214 	EXP 	line1: autoDraw = True
234.3214 	EXP 	line2: autoDraw = True
234.3214 	EXP 	line3: autoDraw = True
234.3214 	EXP 	line4: autoDraw = True
234.3382 	EXP 	fixation: autoDraw = False
235.3210 	INFO 	Keyboard events cleared
235.3208 	EXP 	probe: autoDraw = True
235.6377 	EXP 	Device response: <KeyPress from None: t=235.6290570999845, value=v, duration=None>
235.6381 	EXP 	New trial (rep=23, index=2): <Trial 94 (2 in rep 23) data={'pos': np.int64(50), 'corr_resp': 'c', 'thisN': 94, 'thisTrialN': 2, 'thisRepN': 23}>
235.6392 	DATA 	Keypress: v
235.6543 	EXP 	fixation: autoDraw = False
235.6543 	EXP 	line1: autoDraw = False
235.6543 	EXP 	line2: autoDraw = False
235.6543 	EXP 	line3: autoDraw = False
235.6543 	EXP 	line4: autoDraw = False
235.6543 	EXP 	probe: autoDraw = False
235.6543 	EXP 	fixation: autoDraw = True
235.7204 	EXP 	Device response: <KeyPress from None: t=235.6290570999845, value=v, duration=0.08548890001839027>
236.6371 	EXP 	line1: autoDraw = True
236.6371 	EXP 	line2: autoDraw = True
236.6371 	EXP 	line3: autoDraw = True
236.6371 	EXP 	line4: autoDraw = True
236.6546 	EXP 	fixation: autoDraw = False
237.6384 	INFO 	Keyboard events cleared
237.6382 	EXP 	probe: autoDraw = True
237.9716 	EXP 	Device response: <KeyPress from None: t=237.96832949999953, value=c, duration=None>
237.9721 	EXP 	New trial (rep=23, index=3): <Trial 95 (3 in rep 23) data={'pos': np.int64(-150), 'corr_resp': 'z', 'thisN': 95, 'thisTrialN': 3, 'thisRepN': 23}>
237.9733 	DATA 	Keypress: c
237.9875 	EXP 	fixation: autoDraw = False
237.9875 	EXP 	line1: autoDraw = False
237.9875 	EXP 	line2: autoDraw = False
237.9875 	EXP 	line3: autoDraw = False
237.9875 	EXP 	line4: autoDraw = False
237.9875 	EXP 	probe: autoDraw = False
237.9875 	EXP 	fixation: autoDraw = True
238.0556 	EXP 	Device response: <KeyPress from None: t=237.96832949999953, value=c, duration=0.07579730002908036>
238.9713 	EXP 	line1: autoDraw = True
238.9713 	EXP 	line2: autoDraw = True
238.9713 	EXP 	line3: autoDraw = True
238.9713 	EXP 	line4: autoDraw = True
238.9867 	EXP 	fixation: autoDraw = False
239.9717 	INFO 	Keyboard events cleared
239.9715 	EXP 	probe: autoDraw = True
240.3045 	EXP 	Device response: <KeyPress from None: t=240.29488260002108, value=z, duration=None>
240.3049 	EXP 	New trial (rep=24, index=0): <Trial 96 (0 in rep 24) data={'pos': np.int64(-50), 'corr_resp': 'x', 'thisN': 96, 'thisTrialN': 0, 'thisRepN': 24}>
240.3060 	DATA 	Keypress: z
240.3202 	EXP 	fixation: autoDraw = False
240.3202 	EXP 	line1: autoDraw = False
240.3202 	EXP 	line2: autoDraw = False
240.3202 	EXP 	line3: autoDraw = False
240.3202 	EXP 	line4: autoDraw = False
240.3202 	EXP 	probe: autoDraw = False
240.3202 	EXP 	fixation: autoDraw = True
240.3879 	EXP 	Device response: <KeyPress from None: t=240.29488260002108, value=z, duration=0.0809356999816373>
241.3051 	EXP 	line1: autoDraw = True
241.3051 	EXP 	line2: autoDraw = True
241.3051 	EXP 	line3: autoDraw = True
241.3051 	EXP 	line4: autoDraw = True
241.3219 	EXP 	fixation: autoDraw = False
242.3064 	INFO 	Keyboard events cleared
242.3062 	EXP 	probe: autoDraw = True
242.5552 	EXP 	Device response: <KeyPress from None: t=242.54220070003066, value=x, duration=None>
242.5557 	EXP 	New trial (rep=24, index=1): <Trial 97 (1 in rep 24) data={'pos': np.int64(150), 'corr_resp': 'v', 'thisN': 97, 'thisTrialN': 1, 'thisRepN': 24}>
242.5569 	DATA 	Keypress: x
242.5700 	EXP 	fixation: autoDraw = False
242.5700 	EXP 	line1: autoDraw = False
242.5700 	EXP 	line2: autoDraw = False
242.5700 	EXP 	line3: autoDraw = False
242.5700 	EXP 	line4: autoDraw = False
242.5700 	EXP 	probe: autoDraw = False
242.5700 	EXP 	fixation: autoDraw = True
242.6212 	EXP 	Device response: <KeyPress from None: t=242.54220070003066, value=x, duration=0.07138459995621815>
243.5712 	EXP 	fixation: autoDraw = False
243.5712 	EXP 	line1: autoDraw = True
243.5712 	EXP 	line2: autoDraw = True
243.5712 	EXP 	line3: autoDraw = True
243.5712 	EXP 	line4: autoDraw = True
244.5717 	INFO 	Keyboard events cleared
244.5715 	EXP 	probe: autoDraw = True
244.9212 	EXP 	Device response: <KeyPress from None: t=244.9072614000179, value=v, duration=None>
244.9216 	EXP 	New trial (rep=24, index=2): <Trial 98 (2 in rep 24) data={'pos': np.int64(50), 'corr_resp': 'c', 'thisN': 98, 'thisTrialN': 2, 'thisRepN': 24}>
244.9227 	DATA 	Keypress: v
244.9383 	EXP 	fixation: autoDraw = False
244.9383 	EXP 	line1: autoDraw = False
244.9383 	EXP 	line2: autoDraw = False
244.9383 	EXP 	line3: autoDraw = False
244.9383 	EXP 	line4: autoDraw = False
244.9383 	EXP 	probe: autoDraw = False
244.9383 	EXP 	fixation: autoDraw = True
245.0046 	EXP 	Device response: <KeyPress from None: t=244.9072614000179, value=v, duration=0.08165830001235008>
245.9196 	EXP 	line1: autoDraw = True
245.9196 	EXP 	line2: autoDraw = True
245.9196 	EXP 	line3: autoDraw = True
245.9196 	EXP 	line4: autoDraw = True
245.9546 	EXP 	fixation: autoDraw = False
246.9221 	INFO 	Keyboard events cleared
246.9218 	EXP 	probe: autoDraw = True
247.1074 	DATA 	Keypress: c
247.1213 	EXP 	Device response: <KeyPress from None: t=247.10678939998616, value=c, duration=None>
247.1217 	EXP 	New trial (rep=24, index=3): <Trial 99 (3 in rep 24) data={'pos': np.int64(-150), 'corr_resp': 'z', 'thisN': 99, 'thisTrialN': 3, 'thisRepN': 24}>
247.1382 	EXP 	fixation: autoDraw = False
247.1382 	EXP 	line1: autoDraw = False
247.1382 	EXP 	line2: autoDraw = False
247.1382 	EXP 	line3: autoDraw = False
247.1382 	EXP 	line4: autoDraw = False
247.1382 	EXP 	probe: autoDraw = False
247.1382 	EXP 	fixation: autoDraw = True
247.1880 	EXP 	Device response: <KeyPress from None: t=247.10678939998616, value=c, duration=0.06728260003728792>
248.1206 	EXP 	line1: autoDraw = True
248.1206 	EXP 	line2: autoDraw = True
248.1206 	EXP 	line3: autoDraw = True
248.1206 	EXP 	line4: autoDraw = True
248.1383 	EXP 	fixation: autoDraw = False
249.1222 	INFO 	Keyboard events cleared
249.1220 	EXP 	probe: autoDraw = True
249.6385 	EXP 	Device response: <KeyPress from None: t=249.63468030001968, value=z, duration=None>
249.6389 	EXP 	New trial (rep=25, index=0): <Trial 100 (0 in rep 25) data={'pos': np.int64(-50), 'corr_resp': 'x', 'thisN': 100, 'thisTrialN': 0, 'thisRepN': 25}>
249.6401 	DATA 	Keypress: z
249.6535 	EXP 	fixation: autoDraw = False
249.6535 	EXP 	line1: autoDraw = False
249.6535 	EXP 	line2: autoDraw = False
249.6535 	EXP 	line3: autoDraw = False
249.6535 	EXP 	line4: autoDraw = False
249.6535 	EXP 	probe: autoDraw = False
249.6535 	EXP 	fixation: autoDraw = True
249.7211 	EXP 	Device response: <KeyPress from None: t=249.63468030001968, value=z, duration=0.07686309999553487>
250.6383 	EXP 	line1: autoDraw = True
250.6383 	EXP 	line2: autoDraw = True
250.6383 	EXP 	line3: autoDraw = True
250.6383 	EXP 	line4: autoDraw = True
250.6552 	EXP 	fixation: autoDraw = False
251.6387 	INFO 	Keyboard events cleared
251.6385 	EXP 	probe: autoDraw = True
251.8876 	EXP 	Device response: <KeyPress from None: t=251.8805820000125, value=x, duration=None>
251.8880 	EXP 	New trial (rep=25, index=1): <Trial 101 (1 in rep 25) data={'pos': np.int64(150), 'corr_resp': 'v', 'thisN': 101, 'thisTrialN': 1, 'thisRepN': 25}>
251.8893 	DATA 	Keypress: x
251.9039 	EXP 	fixation: autoDraw = False
251.9039 	EXP 	line1: autoDraw = False
251.9039 	EXP 	line2: autoDraw = False
251.9039 	EXP 	line3: autoDraw = False
251.9039 	EXP 	line4: autoDraw = False
251.9039 	EXP 	probe: autoDraw = False
251.9039 	EXP 	fixation: autoDraw = True
251.9880 	EXP 	Device response: <KeyPress from None: t=251.8805820000125, value=x, duration=0.09164399997098371>
252.8886 	EXP 	line1: autoDraw = True
252.8886 	EXP 	line2: autoDraw = True
252.8886 	EXP 	line3: autoDraw = True
252.8886 	EXP 	line4: autoDraw = True
252.9047 	EXP 	fixation: autoDraw = False
253.8887 	INFO 	Keyboard events cleared
253.8885 	EXP 	probe: autoDraw = True
254.1225 	EXP 	Device response: <KeyPress from None: t=254.12020479998318, value=v, duration=None>
254.1229 	EXP 	New trial (rep=25, index=2): <Trial 102 (2 in rep 25) data={'pos': np.int64(50), 'corr_resp': 'c', 'thisN': 102, 'thisTrialN': 2, 'thisRepN': 25}>
254.1241 	DATA 	Keypress: v
254.1377 	EXP 	fixation: autoDraw = False
254.1377 	EXP 	line1: autoDraw = False
254.1377 	EXP 	line2: autoDraw = False
254.1377 	EXP 	line3: autoDraw = False
254.1377 	EXP 	line4: autoDraw = False
254.1377 	EXP 	probe: autoDraw = False
254.1377 	EXP 	fixation: autoDraw = True
254.2049 	EXP 	Device response: <KeyPress from None: t=254.12020479998318, value=v, duration=0.07951770001091063>
255.1389 	EXP 	fixation: autoDraw = False
255.1389 	EXP 	line1: autoDraw = True
255.1389 	EXP 	line2: autoDraw = True
255.1389 	EXP 	line3: autoDraw = True
255.1389 	EXP 	line4: autoDraw = True
256.1214 	INFO 	Keyboard events cleared
256.1212 	EXP 	probe: autoDraw = True
256.4241 	DATA 	Keypress: c
256.4376 	EXP 	Device response: <KeyPress from None: t=256.4232903000084, value=c, duration=None>
256.4379 	EXP 	New trial (rep=25, index=3): <Trial 103 (3 in rep 25) data={'pos': np.int64(-150), 'corr_resp': 'z', 'thisN': 103, 'thisTrialN': 3, 'thisRepN': 25}>
256.4552 	EXP 	fixation: autoDraw = False
256.4552 	EXP 	line1: autoDraw = False
256.4552 	EXP 	line2: autoDraw = False
256.4552 	EXP 	line3: autoDraw = False
256.4552 	EXP 	line4: autoDraw = False
256.4552 	EXP 	probe: autoDraw = False
256.4552 	EXP 	fixation: autoDraw = True
256.5386 	EXP 	Device response: <KeyPress from None: t=256.4232903000084, value=c, duration=0.10022090002894402>
257.4382 	EXP 	line1: autoDraw = True
257.4382 	EXP 	line2: autoDraw = True
257.4382 	EXP 	line3: autoDraw = True
257.4382 	EXP 	line4: autoDraw = True
257.4551 	EXP 	fixation: autoDraw = False
258.4388 	INFO 	Keyboard events cleared
258.4386 	EXP 	probe: autoDraw = True
258.8574 	DATA 	Keypress: z
258.8709 	EXP 	Device response: <KeyPress from None: t=258.8557016000268, value=z, duration=None>
258.8713 	EXP 	New trial (rep=26, index=0): <Trial 104 (0 in rep 26) data={'pos': np.int64(-50), 'corr_resp': 'x', 'thisN': 104, 'thisTrialN': 0, 'thisRepN': 26}>
258.8877 	EXP 	fixation: autoDraw = False
258.8877 	EXP 	line1: autoDraw = False
258.8877 	EXP 	line2: autoDraw = False
258.8877 	EXP 	line3: autoDraw = False
258.8877 	EXP 	line4: autoDraw = False
258.8877 	EXP 	probe: autoDraw = False
258.8877 	EXP 	fixation: autoDraw = True
258.9559 	EXP 	Device response: <KeyPress from None: t=258.8557016000268, value=z, duration=0.09099180001066998>
259.8709 	EXP 	line1: autoDraw = True
259.8709 	EXP 	line2: autoDraw = True
259.8709 	EXP 	line3: autoDraw = True
259.8709 	EXP 	line4: autoDraw = True
259.8883 	EXP 	fixation: autoDraw = False
260.8710 	INFO 	Keyboard events cleared
260.8708 	EXP 	probe: autoDraw = True
261.1216 	EXP 	Device response: <KeyPress from None: t=261.11695240001427, value=x, duration=None>
261.1219 	EXP 	New trial (rep=26, index=1): <Trial 105 (1 in rep 26) data={'pos': np.int64(150), 'corr_resp': 'v', 'thisN': 105, 'thisTrialN': 1, 'thisRepN': 26}>
261.1232 	DATA 	Keypress: x
261.1368 	EXP 	fixation: autoDraw = False
261.1368 	EXP 	line1: autoDraw = False
261.1368 	EXP 	line2: autoDraw = False
261.1368 	EXP 	line3: autoDraw = False
261.1368 	EXP 	line4: autoDraw = False
261.1368 	EXP 	probe: autoDraw = False
261.1368 	EXP 	fixation: autoDraw = True
261.2383 	EXP 	Device response: <KeyPress from None: t=261.11695240001427, value=x, duration=0.11827079998329282>
262.1220 	EXP 	line1: autoDraw = True
262.1220 	EXP 	line2: autoDraw = True
262.1220 	EXP 	line3: autoDraw = True
262.1220 	EXP 	line4: autoDraw = True
262.1380 	EXP 	fixation: autoDraw = False
263.1214 	INFO 	Keyboard events cleared
263.1212 	EXP 	probe: autoDraw = True
263.8555 	EXP 	Device response: <KeyPress from None: t=263.85409909999, value=v, duration=None>
263.8558 	EXP 	New trial (rep=26, index=2): <Trial 106 (2 in rep 26) data={'pos': np.int64(50), 'corr_resp': 'c', 'thisN': 106, 'thisTrialN': 2, 'thisRepN': 26}>
263.8569 	DATA 	Keypress: v
263.8713 	EXP 	fixation: autoDraw = False
263.8713 	EXP 	line1: autoDraw = False
263.8713 	EXP 	line2: autoDraw = False
263.8713 	EXP 	line3: autoDraw = False
263.8713 	EXP 	line4: autoDraw = False
263.8713 	EXP 	probe: autoDraw = False
263.8713 	EXP 	fixation: autoDraw = True
263.9561 	EXP 	Device response: <KeyPress from None: t=263.85409909999, value=v, duration=0.09053859999403358>
264.8550 	EXP 	line1: autoDraw = True
264.8550 	EXP 	line2: autoDraw = True
264.8550 	EXP 	line3: autoDraw = True
264.8550 	EXP 	line4: autoDraw = True
264.8721 	EXP 	fixation: autoDraw = False
265.8722 	INFO 	Keyboard events cleared
265.8720 	EXP 	probe: autoDraw = True
266.5243 	DATA 	Keypress: c
266.5391 	EXP 	Device response: <KeyPress from None: t=266.5235852000187, value=c, duration=None>
266.5396 	EXP 	New trial (rep=26, index=3): <Trial 107 (3 in rep 26) data={'pos': np.int64(-150), 'corr_resp': 'z', 'thisN': 107, 'thisTrialN': 3, 'thisRepN': 26}>
266.5538 	EXP 	fixation: autoDraw = False
266.5538 	EXP 	line1: autoDraw = False
266.5538 	EXP 	line2: autoDraw = False
266.5538 	EXP 	line3: autoDraw = False
266.5538 	EXP 	line4: autoDraw = False
266.5538 	EXP 	probe: autoDraw = False
266.5538 	EXP 	fixation: autoDraw = True
266.6050 	EXP 	Device response: <KeyPress from None: t=266.5235852000187, value=c, duration=0.07858249999117106>
267.5553 	EXP 	fixation: autoDraw = False
267.5553 	EXP 	line1: autoDraw = True
267.5553 	EXP 	line2: autoDraw = True
267.5553 	EXP 	line3: autoDraw = True
267.5553 	EXP 	line4: autoDraw = True
268.5548 	INFO 	Keyboard events cleared
268.5546 	EXP 	probe: autoDraw = True
268.8541 	EXP 	Device response: <KeyPress from None: t=268.8521653999924, value=z, duration=None>
268.8545 	EXP 	New trial (rep=27, index=0): <Trial 108 (0 in rep 27) data={'pos': np.int64(-50), 'corr_resp': 'x', 'thisN': 108, 'thisTrialN': 0, 'thisRepN': 27}>
268.8557 	DATA 	Keypress: z
268.8710 	EXP 	fixation: autoDraw = False
268.8710 	EXP 	line1: autoDraw = False
268.8710 	EXP 	line2: autoDraw = False
268.8710 	EXP 	line3: autoDraw = False
268.8710 	EXP 	line4: autoDraw = False
268.8710 	EXP 	probe: autoDraw = False
268.8710 	EXP 	fixation: autoDraw = True
268.9896 	EXP 	Device response: <KeyPress from None: t=268.8521653999924, value=z, duration=0.12827610003296286>
269.8544 	EXP 	line1: autoDraw = True
269.8544 	EXP 	line2: autoDraw = True
269.8544 	EXP 	line3: autoDraw = True
269.8544 	EXP 	line4: autoDraw = True
269.8716 	EXP 	fixation: autoDraw = False
270.8546 	INFO 	Keyboard events cleared
270.8544 	EXP 	probe: autoDraw = True
271.3719 	EXP 	Device response: <KeyPress from None: t=271.3561593000195, value=x, duration=None>
271.3722 	EXP 	New trial (rep=27, index=1): <Trial 109 (1 in rep 27) data={'pos': np.int64(150), 'corr_resp': 'v', 'thisN': 109, 'thisTrialN': 1, 'thisRepN': 27}>
271.3735 	DATA 	Keypress: x
271.3872 	EXP 	fixation: autoDraw = False
271.3872 	EXP 	line1: autoDraw = False
271.3872 	EXP 	line2: autoDraw = False
271.3872 	EXP 	line3: autoDraw = False
271.3872 	EXP 	line4: autoDraw = False
271.3872 	EXP 	probe: autoDraw = False
271.3872 	EXP 	fixation: autoDraw = True
271.4716 	EXP 	Device response: <KeyPress from None: t=271.3561593000195, value=x, duration=0.11370059999171644>
272.3719 	EXP 	line1: autoDraw = True
272.3719 	EXP 	line2: autoDraw = True
272.3719 	EXP 	line3: autoDraw = True
272.3719 	EXP 	line4: autoDraw = True
272.3883 	EXP 	fixation: autoDraw = False
273.3725 	INFO 	Keyboard events cleared
273.3722 	EXP 	probe: autoDraw = True
274.0211 	EXP 	Device response: <KeyPress from None: t=274.016466400004, value=v, duration=None>
274.0214 	EXP 	New trial (rep=27, index=2): <Trial 110 (2 in rep 27) data={'pos': np.int64(50), 'corr_resp': 'c', 'thisN': 110, 'thisTrialN': 2, 'thisRepN': 27}>
274.0226 	DATA 	Keypress: v
274.0372 	EXP 	fixation: autoDraw = False
274.0372 	EXP 	line1: autoDraw = False
274.0372 	EXP 	line2: autoDraw = False
274.0372 	EXP 	line3: autoDraw = False
274.0372 	EXP 	line4: autoDraw = False
274.0372 	EXP 	probe: autoDraw = False
274.0372 	EXP 	fixation: autoDraw = True
274.1048 	EXP 	Device response: <KeyPress from None: t=274.016466400004, value=v, duration=0.07847120001679286>
275.0221 	EXP 	line1: autoDraw = True
275.0221 	EXP 	line2: autoDraw = True
275.0221 	EXP 	line3: autoDraw = True
275.0221 	EXP 	line4: autoDraw = True
275.0372 	EXP 	fixation: autoDraw = False
276.0225 	INFO 	Keyboard events cleared
276.0222 	EXP 	probe: autoDraw = True
276.5888 	EXP 	Device response: <KeyPress from None: t=276.58644660003483, value=c, duration=None>
276.5892 	EXP 	New trial (rep=27, index=3): <Trial 111 (3 in rep 27) data={'pos': np.int64(-150), 'corr_resp': 'z', 'thisN': 111, 'thisTrialN': 3, 'thisRepN': 27}>
276.5904 	DATA 	Keypress: c
276.6048 	EXP 	fixation: autoDraw = False
276.6048 	EXP 	line1: autoDraw = False
276.6048 	EXP 	line2: autoDraw = False
276.6048 	EXP 	line3: autoDraw = False
276.6048 	EXP 	line4: autoDraw = False
276.6048 	EXP 	probe: autoDraw = False
276.6048 	EXP 	fixation: autoDraw = True
276.6878 	EXP 	Device response: <KeyPress from None: t=276.58644660003483, value=c, duration=0.09157019999111071>
277.5889 	EXP 	line1: autoDraw = True
277.5889 	EXP 	line2: autoDraw = True
277.5889 	EXP 	line3: autoDraw = True
277.5889 	EXP 	line4: autoDraw = True
277.6045 	EXP 	fixation: autoDraw = False
278.5885 	INFO 	Keyboard events cleared
278.5883 	EXP 	probe: autoDraw = True
278.8393 	EXP 	Device response: <KeyPress from None: t=278.83688250003615, value=z, duration=None>
278.8397 	EXP 	New trial (rep=28, index=0): <Trial 112 (0 in rep 28) data={'pos': np.int64(-50), 'corr_resp': 'x', 'thisN': 112, 'thisTrialN': 0, 'thisRepN': 28}>
278.8409 	DATA 	Keypress: z
278.8540 	EXP 	fixation: autoDraw = False
278.8540 	EXP 	line1: autoDraw = False
278.8540 	EXP 	line2: autoDraw = False
278.8540 	EXP 	line3: autoDraw = False
278.8540 	EXP 	line4: autoDraw = False
278.8540 	EXP 	probe: autoDraw = False
278.8540 	EXP 	fixation: autoDraw = True
278.9551 	EXP 	Device response: <KeyPress from None: t=278.83688250003615, value=z, duration=0.10574979998636991>
279.8433 	EXP 	line1: autoDraw = True
279.8433 	EXP 	line2: autoDraw = True
279.8433 	EXP 	line3: autoDraw = True
279.8433 	EXP 	line4: autoDraw = True
279.8532 	EXP 	fixation: autoDraw = False
280.8558 	INFO 	Keyboard events cleared
280.8556 	EXP 	probe: autoDraw = True
281.3227 	EXP 	Device response: <KeyPress from None: t=281.3204779000371, value=x, duration=None>
281.3232 	EXP 	New trial (rep=28, index=1): <Trial 113 (1 in rep 28) data={'pos': np.int64(150), 'corr_resp': 'v', 'thisN': 113, 'thisTrialN': 1, 'thisRepN': 28}>
281.3243 	DATA 	Keypress: x
281.3376 	EXP 	fixation: autoDraw = False
281.3376 	EXP 	line1: autoDraw = False
281.3376 	EXP 	line2: autoDraw = False
281.3376 	EXP 	line3: autoDraw = False
281.3376 	EXP 	line4: autoDraw = False
281.3376 	EXP 	probe: autoDraw = False
281.3376 	EXP 	fixation: autoDraw = True
281.4227 	EXP 	Device response: <KeyPress from None: t=281.3204779000371, value=x, duration=0.09640129999024794>
282.3390 	EXP 	fixation: autoDraw = False
282.3390 	EXP 	line1: autoDraw = True
282.3390 	EXP 	line2: autoDraw = True
282.3390 	EXP 	line3: autoDraw = True
282.3390 	EXP 	line4: autoDraw = True
283.3209 	INFO 	Keyboard events cleared
283.3207 	EXP 	probe: autoDraw = True
283.6384 	EXP 	Device response: <KeyPress from None: t=283.6317535000271, value=v, duration=None>
283.6387 	EXP 	New trial (rep=28, index=2): <Trial 114 (2 in rep 28) data={'pos': np.int64(50), 'corr_resp': 'c', 'thisN': 114, 'thisTrialN': 2, 'thisRepN': 28}>
283.6400 	DATA 	Keypress: v
283.6538 	EXP 	fixation: autoDraw = False
283.6538 	EXP 	line1: autoDraw = False
283.6538 	EXP 	line2: autoDraw = False
283.6538 	EXP 	line3: autoDraw = False
283.6538 	EXP 	line4: autoDraw = False
283.6538 	EXP 	probe: autoDraw = False
283.6538 	EXP 	fixation: autoDraw = True
283.7224 	EXP 	Device response: <KeyPress from None: t=283.6317535000271, value=v, duration=0.08815470000263304>
284.6395 	EXP 	line1: autoDraw = True
284.6395 	EXP 	line2: autoDraw = True
284.6395 	EXP 	line3: autoDraw = True
284.6395 	EXP 	line4: autoDraw = True
284.6558 	EXP 	fixation: autoDraw = False
285.6395 	INFO 	Keyboard events cleared
285.6393 	EXP 	probe: autoDraw = True
285.9893 	EXP 	Device response: <KeyPress from None: t=285.98708560003433, value=c, duration=None>
285.9898 	EXP 	New trial (rep=28, index=3): <Trial 115 (3 in rep 28) data={'pos': np.int64(-150), 'corr_resp': 'z', 'thisN': 115, 'thisTrialN': 3, 'thisRepN': 28}>
285.9910 	DATA 	Keypress: c
286.0046 	EXP 	fixation: autoDraw = False
286.0046 	EXP 	line1: autoDraw = False
286.0046 	EXP 	line2: autoDraw = False
286.0046 	EXP 	line3: autoDraw = False
286.0046 	EXP 	line4: autoDraw = False
286.0046 	EXP 	probe: autoDraw = False
286.0046 	EXP 	fixation: autoDraw = True
286.1053 	EXP 	Device response: <KeyPress from None: t=285.98708560003433, value=c, duration=0.10132049996173009>
287.0056 	EXP 	fixation: autoDraw = False
287.0056 	EXP 	line1: autoDraw = True
287.0056 	EXP 	line2: autoDraw = True
287.0056 	EXP 	line3: autoDraw = True
287.0056 	EXP 	line4: autoDraw = True
287.9889 	INFO 	Keyboard events cleared
287.9887 	EXP 	probe: autoDraw = True
288.7396 	EXP 	Device response: <KeyPress from None: t=288.73042420001, value=z, duration=None>
288.7400 	EXP 	New trial (rep=29, index=0): <Trial 116 (0 in rep 29) data={'pos': np.int64(-50), 'corr_resp': 'x', 'thisN': 116, 'thisTrialN': 0, 'thisRepN': 29}>
288.7413 	DATA 	Keypress: z
288.7547 	EXP 	fixation: autoDraw = False
288.7547 	EXP 	line1: autoDraw = False
288.7547 	EXP 	line2: autoDraw = False
288.7547 	EXP 	line3: autoDraw = False
288.7547 	EXP 	line4: autoDraw = False
288.7547 	EXP 	probe: autoDraw = False
288.7547 	EXP 	fixation: autoDraw = True
288.8050 	EXP 	Device response: <KeyPress from None: t=288.73042420001, value=z, duration=0.07218449999345466>
289.7387 	EXP 	line1: autoDraw = True
289.7387 	EXP 	line2: autoDraw = True
289.7387 	EXP 	line3: autoDraw = True
289.7387 	EXP 	line4: autoDraw = True
289.7552 	EXP 	fixation: autoDraw = False
290.7389 	INFO 	Keyboard events cleared
290.7387 	EXP 	probe: autoDraw = True
291.0888 	EXP 	Device response: <KeyPress from None: t=291.07459329999983, value=x, duration=None>
291.0893 	EXP 	New trial (rep=29, index=1): <Trial 117 (1 in rep 29) data={'pos': np.int64(150), 'corr_resp': 'v', 'thisN': 117, 'thisTrialN': 1, 'thisRepN': 29}>
291.0906 	DATA 	Keypress: x
291.1056 	EXP 	fixation: autoDraw = False
291.1056 	EXP 	line1: autoDraw = False
291.1056 	EXP 	line2: autoDraw = False
291.1056 	EXP 	line3: autoDraw = False
291.1056 	EXP 	line4: autoDraw = False
291.1056 	EXP 	probe: autoDraw = False
291.1056 	EXP 	fixation: autoDraw = True
291.1728 	EXP 	Device response: <KeyPress from None: t=291.07459329999983, value=x, duration=0.0881097000092268>
292.0887 	EXP 	line1: autoDraw = True
292.0887 	EXP 	line2: autoDraw = True
292.0887 	EXP 	line3: autoDraw = True
292.0887 	EXP 	line4: autoDraw = True
292.1047 	EXP 	fixation: autoDraw = False
293.0890 	INFO 	Keyboard events cleared
293.0888 	EXP 	probe: autoDraw = True
293.4391 	EXP 	Device response: <KeyPress from None: t=293.4383336000028, value=v, duration=None>
293.4395 	EXP 	New trial (rep=29, index=2): <Trial 118 (2 in rep 29) data={'pos': np.int64(50), 'corr_resp': 'c', 'thisN': 118, 'thisTrialN': 2, 'thisRepN': 29}>
293.4409 	DATA 	Keypress: v
293.4548 	EXP 	fixation: autoDraw = False
293.4548 	EXP 	line1: autoDraw = False
293.4548 	EXP 	line2: autoDraw = False
293.4548 	EXP 	line3: autoDraw = False
293.4548 	EXP 	line4: autoDraw = False
293.4548 	EXP 	probe: autoDraw = False
293.4548 	EXP 	fixation: autoDraw = True
293.5218 	EXP 	Device response: <KeyPress from None: t=293.4383336000028, value=v, duration=0.08117180003318936>
294.4393 	EXP 	line1: autoDraw = True
294.4393 	EXP 	line2: autoDraw = True
294.4393 	EXP 	line3: autoDraw = True
294.4393 	EXP 	line4: autoDraw = True
294.4561 	EXP 	fixation: autoDraw = False
295.4395 	INFO 	Keyboard events cleared
295.4393 	EXP 	probe: autoDraw = True
295.7388 	EXP 	Device response: <KeyPress from None: t=295.73692590004066, value=c, duration=None>
295.7392 	EXP 	New trial (rep=29, index=3): <Trial 119 (3 in rep 29) data={'pos': np.int64(-150), 'corr_resp': 'z', 'thisN': 119, 'thisTrialN': 3, 'thisRepN': 29}>
295.7405 	DATA 	Keypress: c
295.7543 	EXP 	fixation: autoDraw = False
295.7543 	EXP 	line1: autoDraw = False
295.7543 	EXP 	line2: autoDraw = False
295.7543 	EXP 	line3: autoDraw = False
295.7543 	EXP 	line4: autoDraw = False
295.7543 	EXP 	probe: autoDraw = False
295.7543 	EXP 	fixation: autoDraw = True
295.8385 	EXP 	Device response: <KeyPress from None: t=295.73692590004066, value=c, duration=0.08613789995433763>
296.7389 	EXP 	line1: autoDraw = True
296.7389 	EXP 	line2: autoDraw = True
296.7389 	EXP 	line3: autoDraw = True
296.7389 	EXP 	line4: autoDraw = True
296.7555 	EXP 	fixation: autoDraw = False
297.7395 	INFO 	Keyboard events cleared
297.7393 	EXP 	probe: autoDraw = True
298.3047 	EXP 	Device response: <KeyPress from None: t=298.3001939000096, value=z, duration=None>
298.3050 	EXP 	New trial (rep=30, index=0): <Trial 120 (0 in rep 30) data={'pos': np.int64(-50), 'corr_resp': 'x', 'thisN': 120, 'thisTrialN': 0, 'thisRepN': 30}>
298.3063 	DATA 	Keypress: z
298.3210 	EXP 	fixation: autoDraw = False
298.3210 	EXP 	line1: autoDraw = False
298.3210 	EXP 	line2: autoDraw = False
298.3210 	EXP 	line3: autoDraw = False
298.3210 	EXP 	line4: autoDraw = False
298.3210 	EXP 	probe: autoDraw = False
298.3210 	EXP 	fixation: autoDraw = True
298.4234 	EXP 	Device response: <KeyPress from None: t=298.3001939000096, value=z, duration=0.11369899997953326>
299.3058 	EXP 	line1: autoDraw = True
299.3058 	EXP 	line2: autoDraw = True
299.3058 	EXP 	line3: autoDraw = True
299.3058 	EXP 	line4: autoDraw = True
299.3230 	EXP 	fixation: autoDraw = False
300.3062 	INFO 	Keyboard events cleared
300.3060 	EXP 	probe: autoDraw = True
300.6246 	DATA 	Keypress: x
300.6388 	EXP 	Device response: <KeyPress from None: t=300.6233139000251, value=x, duration=None>
300.6392 	EXP 	New trial (rep=30, index=1): <Trial 121 (1 in rep 30) data={'pos': np.int64(150), 'corr_resp': 'v', 'thisN': 121, 'thisTrialN': 1, 'thisRepN': 30}>
300.6539 	EXP 	fixation: autoDraw = False
300.6539 	EXP 	line1: autoDraw = False
300.6539 	EXP 	line2: autoDraw = False
300.6539 	EXP 	line3: autoDraw = False
300.6539 	EXP 	line4: autoDraw = False
300.6539 	EXP 	probe: autoDraw = False
300.6539 	EXP 	fixation: autoDraw = True
300.7389 	EXP 	Device response: <KeyPress from None: t=300.6233139000251, value=x, duration=0.11133559996960685>
301.6386 	EXP 	line1: autoDraw = True
301.6386 	EXP 	line2: autoDraw = True
301.6386 	EXP 	line3: autoDraw = True
301.6386 	EXP 	line4: autoDraw = True
301.6556 	EXP 	fixation: autoDraw = False
302.6375 	INFO 	Keyboard events cleared
302.6372 	EXP 	probe: autoDraw = True
302.9905 	DATA 	Keypress: v
303.0055 	EXP 	Device response: <KeyPress from None: t=302.9886253000004, value=v, duration=None>
303.0059 	EXP 	New trial (rep=30, index=2): <Trial 122 (2 in rep 30) data={'pos': np.int64(50), 'corr_resp': 'c', 'thisN': 122, 'thisTrialN': 2, 'thisRepN': 30}>
303.0223 	EXP 	fixation: autoDraw = False
303.0223 	EXP 	line1: autoDraw = False
303.0223 	EXP 	line2: autoDraw = False
303.0223 	EXP 	line3: autoDraw = False
303.0223 	EXP 	line4: autoDraw = False
303.0223 	EXP 	probe: autoDraw = False
303.0223 	EXP 	fixation: autoDraw = True
303.0733 	EXP 	Device response: <KeyPress from None: t=302.9886253000004, value=v, duration=0.08119920000899583>
304.0053 	EXP 	line1: autoDraw = True
304.0053 	EXP 	line2: autoDraw = True
304.0053 	EXP 	line3: autoDraw = True
304.0053 	EXP 	line4: autoDraw = True
304.0229 	EXP 	fixation: autoDraw = False
305.0065 	INFO 	Keyboard events cleared
305.0063 	EXP 	probe: autoDraw = True
305.7400 	EXP 	Device response: <KeyPress from None: t=305.73162330000196, value=c, duration=None>
305.7404 	EXP 	New trial (rep=30, index=3): <Trial 123 (3 in rep 30) data={'pos': np.int64(-150), 'corr_resp': 'z', 'thisN': 123, 'thisTrialN': 3, 'thisRepN': 30}>
305.7416 	DATA 	Keypress: c
305.7544 	EXP 	fixation: autoDraw = False
305.7544 	EXP 	line1: autoDraw = False
305.7544 	EXP 	line2: autoDraw = False
305.7544 	EXP 	line3: autoDraw = False
305.7544 	EXP 	line4: autoDraw = False
305.7544 	EXP 	probe: autoDraw = False
305.7544 	EXP 	fixation: autoDraw = True
305.8062 	EXP 	Device response: <KeyPress from None: t=305.73162330000196, value=c, duration=0.06681769998976961>
306.7389 	EXP 	line1: autoDraw = True
306.7389 	EXP 	line2: autoDraw = True
306.7389 	EXP 	line3: autoDraw = True
306.7389 	EXP 	line4: autoDraw = True
306.7549 	EXP 	fixation: autoDraw = False
307.7560 	INFO 	Keyboard events cleared
307.7558 	EXP 	probe: autoDraw = True
308.5249 	DATA 	Keypress: z
308.5399 	EXP 	Device response: <KeyPress from None: t=308.5234178000246, value=z, duration=None>
308.5404 	EXP 	New trial (rep=31, index=0): <Trial 124 (0 in rep 31) data={'pos': np.int64(-50), 'corr_resp': 'x', 'thisN': 124, 'thisTrialN': 0, 'thisRepN': 31}>
308.5548 	EXP 	fixation: autoDraw = False
308.5548 	EXP 	line1: autoDraw = False
308.5548 	EXP 	line2: autoDraw = False
308.5548 	EXP 	line3: autoDraw = False
308.5548 	EXP 	line4: autoDraw = False
308.5548 	EXP 	probe: autoDraw = False
308.5548 	EXP 	fixation: autoDraw = True
308.6059 	EXP 	Device response: <KeyPress from None: t=308.5234178000246, value=z, duration=0.08066139998845756>
309.5548 	EXP 	fixation: autoDraw = False
309.5548 	EXP 	line1: autoDraw = True
309.5548 	EXP 	line2: autoDraw = True
309.5548 	EXP 	line3: autoDraw = True
309.5548 	EXP 	line4: autoDraw = True
310.5557 	INFO 	Keyboard events cleared
310.5555 	EXP 	probe: autoDraw = True
311.0061 	EXP 	Device response: <KeyPress from None: t=310.99170180002693, value=x, duration=None>
311.0065 	EXP 	New trial (rep=31, index=1): <Trial 125 (1 in rep 31) data={'pos': np.int64(150), 'corr_resp': 'v', 'thisN': 125, 'thisTrialN': 1, 'thisRepN': 31}>
311.0077 	DATA 	Keypress: x
311.0208 	EXP 	fixation: autoDraw = False
311.0208 	EXP 	line1: autoDraw = False
311.0208 	EXP 	line2: autoDraw = False
311.0208 	EXP 	line3: autoDraw = False
311.0208 	EXP 	line4: autoDraw = False
311.0208 	EXP 	probe: autoDraw = False
311.0208 	EXP 	fixation: autoDraw = True
311.0728 	EXP 	Device response: <KeyPress from None: t=310.99170180002693, value=x, duration=0.07659919996513054>
312.0058 	EXP 	line1: autoDraw = True
312.0058 	EXP 	line2: autoDraw = True
312.0058 	EXP 	line3: autoDraw = True
312.0058 	EXP 	line4: autoDraw = True
312.0231 	EXP 	fixation: autoDraw = False
313.0053 	INFO 	Keyboard events cleared
313.0051 	EXP 	probe: autoDraw = True
313.3888 	EXP 	Device response: <KeyPress from None: t=313.37601020000875, value=v, duration=None>
313.3892 	EXP 	New trial (rep=31, index=2): <Trial 126 (2 in rep 31) data={'pos': np.int64(50), 'corr_resp': 'c', 'thisN': 126, 'thisTrialN': 2, 'thisRepN': 31}>
313.3903 	DATA 	Keypress: v
313.4044 	EXP 	fixation: autoDraw = False
313.4044 	EXP 	line1: autoDraw = False
313.4044 	EXP 	line2: autoDraw = False
313.4044 	EXP 	line3: autoDraw = False
313.4044 	EXP 	line4: autoDraw = False
313.4044 	EXP 	probe: autoDraw = False
313.4044 	EXP 	fixation: autoDraw = True
313.4733 	EXP 	Device response: <KeyPress from None: t=313.37601020000875, value=v, duration=0.09249469998758286>
314.3892 	EXP 	line1: autoDraw = True
314.3892 	EXP 	line2: autoDraw = True
314.3892 	EXP 	line3: autoDraw = True
314.3892 	EXP 	line4: autoDraw = True
314.4061 	EXP 	fixation: autoDraw = False
315.3881 	INFO 	Keyboard events cleared
315.3879 	EXP 	probe: autoDraw = True
315.7402 	EXP 	Device response: <KeyPress from None: t=315.7290972000337, value=c, duration=None>
315.7407 	EXP 	New trial (rep=31, index=3): <Trial 127 (3 in rep 31) data={'pos': np.int64(-150), 'corr_resp': 'z', 'thisN': 127, 'thisTrialN': 3, 'thisRepN': 31}>
315.7422 	DATA 	Keypress: c
315.7544 	EXP 	fixation: autoDraw = False
315.7544 	EXP 	line1: autoDraw = False
315.7544 	EXP 	line2: autoDraw = False
315.7544 	EXP 	line3: autoDraw = False
315.7544 	EXP 	line4: autoDraw = False
315.7544 	EXP 	probe: autoDraw = False
315.7544 	EXP 	fixation: autoDraw = True
315.8388 	EXP 	Device response: <KeyPress from None: t=315.7290972000337, value=c, duration=0.09379259997513145>
316.7551 	EXP 	fixation: autoDraw = False
316.7551 	EXP 	line1: autoDraw = True
316.7551 	EXP 	line2: autoDraw = True
316.7551 	EXP 	line3: autoDraw = True
316.7551 	EXP 	line4: autoDraw = True
317.7559 	INFO 	Keyboard events cleared
317.7557 	EXP 	probe: autoDraw = True
317.9899 	EXP 	Device response: <KeyPress from None: t=317.9770792000345, value=z, duration=None>
317.9903 	EXP 	New trial (rep=32, index=0): <Trial 128 (0 in rep 32) data={'pos': np.int64(-50), 'corr_resp': 'x', 'thisN': 128, 'thisTrialN': 0, 'thisRepN': 32}>
317.9916 	DATA 	Keypress: z
318.0050 	EXP 	fixation: autoDraw = False
318.0050 	EXP 	line1: autoDraw = False
318.0050 	EXP 	line2: autoDraw = False
318.0050 	EXP 	line3: autoDraw = False
318.0050 	EXP 	line4: autoDraw = False
318.0050 	EXP 	probe: autoDraw = False
318.0050 	EXP 	fixation: autoDraw = True
318.0890 	EXP 	Device response: <KeyPress from None: t=317.9770792000345, value=z, duration=0.09792909998213872>
318.9899 	EXP 	line1: autoDraw = True
318.9899 	EXP 	line2: autoDraw = True
318.9899 	EXP 	line3: autoDraw = True
318.9899 	EXP 	line4: autoDraw = True
319.0062 	EXP 	fixation: autoDraw = False
319.9890 	INFO 	Keyboard events cleared
319.9888 	EXP 	probe: autoDraw = True
320.1073 	EXP 	Device response: <KeyPress from None: t=320.09998100000666, value=x, duration=None>
320.1078 	EXP 	New trial (rep=32, index=1): <Trial 129 (1 in rep 32) data={'pos': np.int64(150), 'corr_resp': 'v', 'thisN': 129, 'thisTrialN': 1, 'thisRepN': 32}>
320.1092 	DATA 	Keypress: x
320.1217 	EXP 	fixation: autoDraw = False
320.1217 	EXP 	line1: autoDraw = False
320.1217 	EXP 	line2: autoDraw = False
320.1217 	EXP 	line3: autoDraw = False
320.1217 	EXP 	line4: autoDraw = False
320.1217 	EXP 	probe: autoDraw = False
320.1217 	EXP 	fixation: autoDraw = True
320.2052 	EXP 	Device response: <KeyPress from None: t=320.09998100000666, value=x, duration=0.09662730002310127>
321.1225 	EXP 	fixation: autoDraw = False
321.1225 	EXP 	line1: autoDraw = True
321.1225 	EXP 	line2: autoDraw = True
321.1225 	EXP 	line3: autoDraw = True
321.1225 	EXP 	line4: autoDraw = True
322.1231 	INFO 	Keyboard events cleared
322.1229 	EXP 	probe: autoDraw = True
322.3733 	EXP 	Device response: <KeyPress from None: t=322.36717500002123, value=v, duration=None>
322.3737 	EXP 	New trial (rep=32, index=2): <Trial 130 (2 in rep 32) data={'pos': np.int64(50), 'corr_resp': 'c', 'thisN': 130, 'thisTrialN': 2, 'thisRepN': 32}>
322.3749 	DATA 	Keypress: v
322.3885 	EXP 	fixation: autoDraw = False
322.3885 	EXP 	line1: autoDraw = False
322.3885 	EXP 	line2: autoDraw = False
322.3885 	EXP 	line3: autoDraw = False
322.3885 	EXP 	line4: autoDraw = False
322.3885 	EXP 	probe: autoDraw = False
322.3885 	EXP 	fixation: autoDraw = True
322.4566 	EXP 	Device response: <KeyPress from None: t=322.36717500002123, value=v, duration=0.0809659999795258>
323.3897 	EXP 	fixation: autoDraw = False
323.3897 	EXP 	line1: autoDraw = True
323.3897 	EXP 	line2: autoDraw = True
323.3897 	EXP 	line3: autoDraw = True
323.3897 	EXP 	line4: autoDraw = True
324.3714 	INFO 	Keyboard events cleared
324.3712 	EXP 	probe: autoDraw = True
324.6402 	EXP 	Device response: <KeyPress from None: t=324.630796500016, value=c, duration=None>
324.6406 	EXP 	New trial (rep=32, index=3): <Trial 131 (3 in rep 32) data={'pos': np.int64(-150), 'corr_resp': 'z', 'thisN': 131, 'thisTrialN': 3, 'thisRepN': 32}>
324.6418 	DATA 	Keypress: c
324.6545 	EXP 	fixation: autoDraw = False
324.6545 	EXP 	line1: autoDraw = False
324.6545 	EXP 	line2: autoDraw = False
324.6545 	EXP 	line3: autoDraw = False
324.6545 	EXP 	line4: autoDraw = False
324.6545 	EXP 	probe: autoDraw = False
324.6545 	EXP 	fixation: autoDraw = True
324.7236 	EXP 	Device response: <KeyPress from None: t=324.630796500016, value=c, duration=0.08206609997432679>
325.6567 	EXP 	fixation: autoDraw = False
325.6567 	EXP 	line1: autoDraw = True
325.6567 	EXP 	line2: autoDraw = True
325.6567 	EXP 	line3: autoDraw = True
325.6567 	EXP 	line4: autoDraw = True
326.6565 	INFO 	Keyboard events cleared
326.6563 	EXP 	probe: autoDraw = True
326.9067 	EXP 	Device response: <KeyPress from None: t=326.90276670001913, value=z, duration=None>
326.9071 	EXP 	New trial (rep=33, index=0): <Trial 132 (0 in rep 33) data={'pos': np.int64(-50), 'corr_resp': 'x', 'thisN': 132, 'thisTrialN': 0, 'thisRepN': 33}>
326.9084 	DATA 	Keypress: z
326.9211 	EXP 	fixation: autoDraw = False
326.9211 	EXP 	line1: autoDraw = False
326.9211 	EXP 	line2: autoDraw = False
326.9211 	EXP 	line3: autoDraw = False
326.9211 	EXP 	line4: autoDraw = False
326.9211 	EXP 	probe: autoDraw = False
326.9211 	EXP 	fixation: autoDraw = True
326.9892 	EXP 	Device response: <KeyPress from None: t=326.90276670001913, value=z, duration=0.07069700001738966>
327.9231 	EXP 	fixation: autoDraw = False
327.9231 	EXP 	line1: autoDraw = True
327.9231 	EXP 	line2: autoDraw = True
327.9231 	EXP 	line3: autoDraw = True
327.9231 	EXP 	line4: autoDraw = True
328.9229 	INFO 	Keyboard events cleared
328.9227 	EXP 	probe: autoDraw = True
329.2225 	EXP 	Device response: <KeyPress from None: t=329.21760860003997, value=x, duration=None>
329.2228 	EXP 	New trial (rep=33, index=1): <Trial 133 (1 in rep 33) data={'pos': np.int64(150), 'corr_resp': 'v', 'thisN': 133, 'thisTrialN': 1, 'thisRepN': 33}>
329.2240 	DATA 	Keypress: x
329.2387 	EXP 	fixation: autoDraw = False
329.2387 	EXP 	line1: autoDraw = False
329.2387 	EXP 	line2: autoDraw = False
329.2387 	EXP 	line3: autoDraw = False
329.2387 	EXP 	line4: autoDraw = False
329.2387 	EXP 	probe: autoDraw = False
329.2387 	EXP 	fixation: autoDraw = True
329.3063 	EXP 	Device response: <KeyPress from None: t=329.21760860003997, value=x, duration=0.08022699999855831>
330.2229 	EXP 	line1: autoDraw = True
330.2229 	EXP 	line2: autoDraw = True
330.2229 	EXP 	line3: autoDraw = True
330.2229 	EXP 	line4: autoDraw = True
330.2385 	EXP 	fixation: autoDraw = False
331.2231 	INFO 	Keyboard events cleared
331.2229 	EXP 	probe: autoDraw = True
331.5395 	EXP 	Device response: <KeyPress from None: t=331.52635970001575, value=v, duration=None>
331.5399 	EXP 	New trial (rep=33, index=2): <Trial 134 (2 in rep 33) data={'pos': np.int64(50), 'corr_resp': 'c', 'thisN': 134, 'thisTrialN': 2, 'thisRepN': 33}>
331.5414 	DATA 	Keypress: v
331.5554 	EXP 	fixation: autoDraw = False
331.5554 	EXP 	line1: autoDraw = False
331.5554 	EXP 	line2: autoDraw = False
331.5554 	EXP 	line3: autoDraw = False
331.5554 	EXP 	line4: autoDraw = False
331.5554 	EXP 	probe: autoDraw = False
331.5554 	EXP 	fixation: autoDraw = True
331.6227 	EXP 	Device response: <KeyPress from None: t=331.52635970001575, value=v, duration=0.08493489999091253>
332.5559 	EXP 	fixation: autoDraw = False
332.5559 	EXP 	line1: autoDraw = True
332.5559 	EXP 	line2: autoDraw = True
332.5559 	EXP 	line3: autoDraw = True
332.5559 	EXP 	line4: autoDraw = True
333.5385 	INFO 	Keyboard events cleared
333.5383 	EXP 	probe: autoDraw = True
333.8591 	DATA 	Keypress: c
333.8722 	EXP 	Device response: <KeyPress from None: t=333.85725719999755, value=c, duration=None>
333.8725 	EXP 	New trial (rep=33, index=3): <Trial 135 (3 in rep 33) data={'pos': np.int64(-150), 'corr_resp': 'z', 'thisN': 135, 'thisTrialN': 3, 'thisRepN': 33}>
333.8895 	EXP 	fixation: autoDraw = False
333.8895 	EXP 	line1: autoDraw = False
333.8895 	EXP 	line2: autoDraw = False
333.8895 	EXP 	line3: autoDraw = False
333.8895 	EXP 	line4: autoDraw = False
333.8895 	EXP 	probe: autoDraw = False
333.8895 	EXP 	fixation: autoDraw = True
333.9569 	EXP 	Device response: <KeyPress from None: t=333.85725719999755, value=c, duration=0.08814030000939965>
334.8725 	EXP 	line1: autoDraw = True
334.8725 	EXP 	line2: autoDraw = True
334.8725 	EXP 	line3: autoDraw = True
334.8725 	EXP 	line4: autoDraw = True
334.8889 	EXP 	fixation: autoDraw = False
335.8738 	INFO 	Keyboard events cleared
335.8735 	EXP 	probe: autoDraw = True
336.2398 	EXP 	Device response: <KeyPress from None: t=336.2253434000304, value=z, duration=None>
336.2401 	EXP 	New trial (rep=34, index=0): <Trial 136 (0 in rep 34) data={'pos': np.int64(-50), 'corr_resp': 'x', 'thisN': 136, 'thisTrialN': 0, 'thisRepN': 34}>
336.2414 	DATA 	Keypress: z
336.2553 	EXP 	fixation: autoDraw = False
336.2553 	EXP 	line1: autoDraw = False
336.2553 	EXP 	line2: autoDraw = False
336.2553 	EXP 	line3: autoDraw = False
336.2553 	EXP 	line4: autoDraw = False
336.2553 	EXP 	probe: autoDraw = False
336.2553 	EXP 	fixation: autoDraw = True
336.3061 	EXP 	Device response: <KeyPress from None: t=336.2253434000304, value=z, duration=0.07708439999260008>
337.2399 	EXP 	line1: autoDraw = True
337.2399 	EXP 	line2: autoDraw = True
337.2399 	EXP 	line3: autoDraw = True
337.2399 	EXP 	line4: autoDraw = True
337.2567 	EXP 	fixation: autoDraw = False
338.2401 	INFO 	Keyboard events cleared
338.2399 	EXP 	probe: autoDraw = True
338.6554 	EXP 	Device response: <KeyPress from None: t=338.6458316000062, value=x, duration=None>
338.6559 	EXP 	New trial (rep=34, index=1): <Trial 137 (1 in rep 34) data={'pos': np.int64(150), 'corr_resp': 'v', 'thisN': 137, 'thisTrialN': 1, 'thisRepN': 34}>
338.6570 	DATA 	Keypress: x
338.6729 	EXP 	fixation: autoDraw = False
338.6729 	EXP 	line1: autoDraw = False
338.6729 	EXP 	line2: autoDraw = False
338.6729 	EXP 	line3: autoDraw = False
338.6729 	EXP 	line4: autoDraw = False
338.6729 	EXP 	probe: autoDraw = False
338.6729 	EXP 	fixation: autoDraw = True
338.7405 	EXP 	Device response: <KeyPress from None: t=338.6458316000062, value=x, duration=0.08179520000703633>
339.6566 	EXP 	line1: autoDraw = True
339.6566 	EXP 	line2: autoDraw = True
339.6566 	EXP 	line3: autoDraw = True
339.6566 	EXP 	line4: autoDraw = True
339.6727 	EXP 	fixation: autoDraw = False
340.6568 	INFO 	Keyboard events cleared
340.6565 	EXP 	probe: autoDraw = True
341.0403 	EXP 	Device response: <KeyPress from None: t=341.0292866000091, value=v, duration=None>
341.0406 	EXP 	New trial (rep=34, index=2): <Trial 138 (2 in rep 34) data={'pos': np.int64(50), 'corr_resp': 'c', 'thisN': 138, 'thisTrialN': 2, 'thisRepN': 34}>
341.0419 	DATA 	Keypress: v
341.0556 	EXP 	fixation: autoDraw = False
341.0556 	EXP 	line1: autoDraw = False
341.0556 	EXP 	line2: autoDraw = False
341.0556 	EXP 	line3: autoDraw = False
341.0556 	EXP 	line4: autoDraw = False
341.0556 	EXP 	probe: autoDraw = False
341.0556 	EXP 	fixation: autoDraw = True
341.1230 	EXP 	Device response: <KeyPress from None: t=341.0292866000091, value=v, duration=0.07708349998574704>
342.0567 	EXP 	fixation: autoDraw = False
342.0567 	EXP 	line1: autoDraw = True
342.0567 	EXP 	line2: autoDraw = True
342.0567 	EXP 	line3: autoDraw = True
342.0567 	EXP 	line4: autoDraw = True
343.0569 	INFO 	Keyboard events cleared
343.0567 	EXP 	probe: autoDraw = True
343.3881 	EXP 	Device response: <KeyPress from None: t=343.382548100024, value=c, duration=None>
343.3884 	EXP 	New trial (rep=34, index=3): <Trial 139 (3 in rep 34) data={'pos': np.int64(-150), 'corr_resp': 'z', 'thisN': 139, 'thisTrialN': 3, 'thisRepN': 34}>
343.3895 	DATA 	Keypress: c
343.4050 	EXP 	fixation: autoDraw = False
343.4050 	EXP 	line1: autoDraw = False
343.4050 	EXP 	line2: autoDraw = False
343.4050 	EXP 	line3: autoDraw = False
343.4050 	EXP 	line4: autoDraw = False
343.4050 	EXP 	probe: autoDraw = False
343.4050 	EXP 	fixation: autoDraw = True
343.5060 	EXP 	Device response: <KeyPress from None: t=343.382548100024, value=c, duration=0.10743550001643598>
344.3898 	EXP 	line1: autoDraw = True
344.3898 	EXP 	line2: autoDraw = True
344.3898 	EXP 	line3: autoDraw = True
344.3898 	EXP 	line4: autoDraw = True
344.4068 	EXP 	fixation: autoDraw = False
345.3892 	INFO 	Keyboard events cleared
345.3889 	EXP 	probe: autoDraw = True
345.6737 	EXP 	Device response: <KeyPress from None: t=345.6681730999844, value=z, duration=None>
345.6742 	EXP 	New trial (rep=35, index=0): <Trial 140 (0 in rep 35) data={'pos': np.int64(-50), 'corr_resp': 'x', 'thisN': 140, 'thisTrialN': 0, 'thisRepN': 35}>
345.6756 	DATA 	Keypress: z
345.6885 	EXP 	fixation: autoDraw = False
345.6885 	EXP 	line1: autoDraw = False
345.6885 	EXP 	line2: autoDraw = False
345.6885 	EXP 	line3: autoDraw = False
345.6885 	EXP 	line4: autoDraw = False
345.6885 	EXP 	probe: autoDraw = False
345.6885 	EXP 	fixation: autoDraw = True
345.7728 	EXP 	Device response: <KeyPress from None: t=345.6681730999844, value=z, duration=0.09169010003097355>
346.6720 	EXP 	line1: autoDraw = True
346.6720 	EXP 	line2: autoDraw = True
346.6720 	EXP 	line3: autoDraw = True
346.6720 	EXP 	line4: autoDraw = True
346.6893 	EXP 	fixation: autoDraw = False
347.6732 	INFO 	Keyboard events cleared
347.6730 	EXP 	probe: autoDraw = True
348.0063 	EXP 	Device response: <KeyPress from None: t=347.9981099999859, value=x, duration=None>
348.0067 	EXP 	New trial (rep=35, index=1): <Trial 141 (1 in rep 35) data={'pos': np.int64(150), 'corr_resp': 'v', 'thisN': 141, 'thisTrialN': 1, 'thisRepN': 35}>
348.0080 	DATA 	Keypress: x
348.0223 	EXP 	fixation: autoDraw = False
348.0223 	EXP 	line1: autoDraw = False
348.0223 	EXP 	line2: autoDraw = False
348.0223 	EXP 	line3: autoDraw = False
348.0223 	EXP 	line4: autoDraw = False
348.0223 	EXP 	probe: autoDraw = False
348.0223 	EXP 	fixation: autoDraw = True
348.0893 	EXP 	Device response: <KeyPress from None: t=347.9981099999859, value=x, duration=0.08015360002173111>
349.0067 	EXP 	line1: autoDraw = True
349.0067 	EXP 	line2: autoDraw = True
349.0067 	EXP 	line3: autoDraw = True
349.0067 	EXP 	line4: autoDraw = True
349.0232 	EXP 	fixation: autoDraw = False
350.0059 	INFO 	Keyboard events cleared
350.0057 	EXP 	probe: autoDraw = True
350.3222 	EXP 	Device response: <KeyPress from None: t=350.31728740001563, value=v, duration=None>
350.3225 	EXP 	New trial (rep=35, index=2): <Trial 142 (2 in rep 35) data={'pos': np.int64(50), 'corr_resp': 'c', 'thisN': 142, 'thisTrialN': 2, 'thisRepN': 35}>
350.3237 	DATA 	Keypress: v
350.3396 	EXP 	fixation: autoDraw = False
350.3396 	EXP 	line1: autoDraw = False
350.3396 	EXP 	line2: autoDraw = False
350.3396 	EXP 	line3: autoDraw = False
350.3396 	EXP 	line4: autoDraw = False
350.3396 	EXP 	probe: autoDraw = False
350.3396 	EXP 	fixation: autoDraw = True
350.4222 	EXP 	Device response: <KeyPress from None: t=350.31728740001563, value=v, duration=0.09494899999117479>
351.3231 	EXP 	line1: autoDraw = True
351.3231 	EXP 	line2: autoDraw = True
351.3231 	EXP 	line3: autoDraw = True
351.3231 	EXP 	line4: autoDraw = True
351.3397 	EXP 	fixation: autoDraw = False
352.3238 	INFO 	Keyboard events cleared
352.3235 	EXP 	probe: autoDraw = True
352.6255 	DATA 	Keypress: c
352.6395 	EXP 	Device response: <KeyPress from None: t=352.6238516999874, value=c, duration=None>
352.6398 	EXP 	New trial (rep=35, index=3): <Trial 143 (3 in rep 35) data={'pos': np.int64(-150), 'corr_resp': 'z', 'thisN': 143, 'thisTrialN': 3, 'thisRepN': 35}>
352.6568 	EXP 	fixation: autoDraw = False
352.6568 	EXP 	line1: autoDraw = False
352.6568 	EXP 	line2: autoDraw = False
352.6568 	EXP 	line3: autoDraw = False
352.6568 	EXP 	line4: autoDraw = False
352.6568 	EXP 	probe: autoDraw = False
352.6568 	EXP 	fixation: autoDraw = True
352.7239 	EXP 	Device response: <KeyPress from None: t=352.6238516999874, value=c, duration=0.08626520005054772>
353.6400 	EXP 	line1: autoDraw = True
353.6400 	EXP 	line2: autoDraw = True
353.6400 	EXP 	line3: autoDraw = True
353.6400 	EXP 	line4: autoDraw = True
353.6569 	EXP 	fixation: autoDraw = False
354.6400 	INFO 	Keyboard events cleared
354.6398 	EXP 	probe: autoDraw = True
354.9405 	EXP 	Device response: <KeyPress from None: t=354.93682460003765, value=z, duration=None>
354.9409 	EXP 	New trial (rep=36, index=0): <Trial 144 (0 in rep 36) data={'pos': np.int64(-50), 'corr_resp': 'x', 'thisN': 144, 'thisTrialN': 0, 'thisRepN': 36}>
354.9422 	DATA 	Keypress: z
354.9557 	EXP 	fixation: autoDraw = False
354.9557 	EXP 	line1: autoDraw = False
354.9557 	EXP 	line2: autoDraw = False
354.9557 	EXP 	line3: autoDraw = False
354.9557 	EXP 	line4: autoDraw = False
354.9557 	EXP 	probe: autoDraw = False
354.9557 	EXP 	fixation: autoDraw = True
355.0562 	EXP 	Device response: <KeyPress from None: t=354.93682460003765, value=z, duration=0.10788529994897544>
355.9391 	EXP 	line1: autoDraw = True
355.9391 	EXP 	line2: autoDraw = True
355.9391 	EXP 	line3: autoDraw = True
355.9391 	EXP 	line4: autoDraw = True
355.9568 	EXP 	fixation: autoDraw = False
356.9403 	INFO 	Keyboard events cleared
356.9401 	EXP 	probe: autoDraw = True
357.2074 	EXP 	Device response: <KeyPress from None: t=357.2047654000344, value=x, duration=None>
357.2077 	EXP 	New trial (rep=36, index=1): <Trial 145 (1 in rep 36) data={'pos': np.int64(150), 'corr_resp': 'v', 'thisN': 145, 'thisTrialN': 1, 'thisRepN': 36}>
357.2089 	DATA 	Keypress: x
357.2217 	EXP 	fixation: autoDraw = False
357.2217 	EXP 	line1: autoDraw = False
357.2217 	EXP 	line2: autoDraw = False
357.2217 	EXP 	line3: autoDraw = False
357.2217 	EXP 	line4: autoDraw = False
357.2217 	EXP 	probe: autoDraw = False
357.2217 	EXP 	fixation: autoDraw = True
357.3070 	EXP 	Device response: <KeyPress from None: t=357.2047654000344, value=x, duration=0.10085160000016913>
358.2061 	EXP 	line1: autoDraw = True
358.2061 	EXP 	line2: autoDraw = True
358.2061 	EXP 	line3: autoDraw = True
358.2061 	EXP 	line4: autoDraw = True
358.2228 	EXP 	fixation: autoDraw = False
359.2219 	INFO 	Keyboard events cleared
359.2217 	EXP 	probe: autoDraw = True
359.5234 	EXP 	Device response: <KeyPress from None: t=359.5178690000321, value=v, duration=None>
359.5238 	EXP 	New trial (rep=36, index=2): <Trial 146 (2 in rep 36) data={'pos': np.int64(50), 'corr_resp': 'c', 'thisN': 146, 'thisTrialN': 2, 'thisRepN': 36}>
359.5251 	DATA 	Keypress: v
359.5384 	EXP 	fixation: autoDraw = False
359.5384 	EXP 	line1: autoDraw = False
359.5384 	EXP 	line2: autoDraw = False
359.5384 	EXP 	line3: autoDraw = False
359.5384 	EXP 	line4: autoDraw = False
359.5384 	EXP 	probe: autoDraw = False
359.5384 	EXP 	fixation: autoDraw = True
359.6070 	EXP 	Device response: <KeyPress from None: t=359.5178690000321, value=v, duration=0.08836979995248839>
360.5392 	EXP 	fixation: autoDraw = False
360.5392 	EXP 	line1: autoDraw = True
360.5392 	EXP 	line2: autoDraw = True
360.5392 	EXP 	line3: autoDraw = True
360.5392 	EXP 	line4: autoDraw = True
361.5238 	INFO 	Keyboard events cleared
361.5236 	EXP 	probe: autoDraw = True
361.9229 	EXP 	Device response: <KeyPress from None: t=361.9124194000033, value=c, duration=None>
361.9233 	EXP 	New trial (rep=36, index=3): <Trial 147 (3 in rep 36) data={'pos': np.int64(-150), 'corr_resp': 'z', 'thisN': 147, 'thisTrialN': 3, 'thisRepN': 36}>
361.9245 	DATA 	Keypress: c
361.9383 	EXP 	fixation: autoDraw = False
361.9383 	EXP 	line1: autoDraw = False
361.9383 	EXP 	line2: autoDraw = False
361.9383 	EXP 	line3: autoDraw = False
361.9383 	EXP 	line4: autoDraw = False
361.9383 	EXP 	probe: autoDraw = False
361.9383 	EXP 	fixation: autoDraw = True
362.0065 	EXP 	Device response: <KeyPress from None: t=361.9124194000033, value=c, duration=0.08038140001008287>
362.9230 	EXP 	line1: autoDraw = True
362.9230 	EXP 	line2: autoDraw = True
362.9230 	EXP 	line3: autoDraw = True
362.9230 	EXP 	line4: autoDraw = True
362.9404 	EXP 	fixation: autoDraw = False
363.9237 	INFO 	Keyboard events cleared
363.9235 	EXP 	probe: autoDraw = True
364.1577 	EXP 	Device response: <KeyPress from None: t=364.1543579000281, value=z, duration=None>
364.1581 	EXP 	New trial (rep=37, index=0): <Trial 148 (0 in rep 37) data={'pos': np.int64(-50), 'corr_resp': 'x', 'thisN': 148, 'thisTrialN': 0, 'thisRepN': 37}>
364.1592 	DATA 	Keypress: z
364.1724 	EXP 	fixation: autoDraw = False
364.1724 	EXP 	line1: autoDraw = False
364.1724 	EXP 	line2: autoDraw = False
364.1724 	EXP 	line3: autoDraw = False
364.1724 	EXP 	line4: autoDraw = False
364.1724 	EXP 	probe: autoDraw = False
364.1724 	EXP 	fixation: autoDraw = True
364.2572 	EXP 	Device response: <KeyPress from None: t=364.1543579000281, value=z, duration=0.0920110999722965>
365.1715 	EXP 	fixation: autoDraw = False
365.1715 	EXP 	line1: autoDraw = True
365.1715 	EXP 	line2: autoDraw = True
365.1715 	EXP 	line3: autoDraw = True
365.1715 	EXP 	line4: autoDraw = True
366.1738 	INFO 	Keyboard events cleared
366.1736 	EXP 	probe: autoDraw = True
366.6065 	EXP 	Device response: <KeyPress from None: t=366.60351500002434, value=x, duration=None>
366.6069 	EXP 	New trial (rep=37, index=1): <Trial 149 (1 in rep 37) data={'pos': np.int64(150), 'corr_resp': 'v', 'thisN': 149, 'thisTrialN': 1, 'thisRepN': 37}>
366.6080 	DATA 	Keypress: x
366.6222 	EXP 	fixation: autoDraw = False
366.6222 	EXP 	line1: autoDraw = False
366.6222 	EXP 	line2: autoDraw = False
366.6222 	EXP 	line3: autoDraw = False
366.6222 	EXP 	line4: autoDraw = False
366.6222 	EXP 	probe: autoDraw = False
366.6222 	EXP 	fixation: autoDraw = True
366.7243 	EXP 	Device response: <KeyPress from None: t=366.60351500002434, value=x, duration=0.11044550000224262>
367.6066 	EXP 	line1: autoDraw = True
367.6066 	EXP 	line2: autoDraw = True
367.6066 	EXP 	line3: autoDraw = True
367.6066 	EXP 	line4: autoDraw = True
367.6234 	EXP 	fixation: autoDraw = False
368.6073 	INFO 	Keyboard events cleared
368.6070 	EXP 	probe: autoDraw = True
368.9242 	EXP 	Device response: <KeyPress from None: t=368.9173812000081, value=v, duration=None>
368.9248 	EXP 	New trial (rep=37, index=2): <Trial 150 (2 in rep 37) data={'pos': np.int64(50), 'corr_resp': 'c', 'thisN': 150, 'thisTrialN': 2, 'thisRepN': 37}>
368.9261 	DATA 	Keypress: v
368.9388 	EXP 	fixation: autoDraw = False
368.9388 	EXP 	line1: autoDraw = False
368.9388 	EXP 	line2: autoDraw = False
368.9388 	EXP 	line3: autoDraw = False
368.9388 	EXP 	line4: autoDraw = False
368.9388 	EXP 	probe: autoDraw = False
368.9388 	EXP 	fixation: autoDraw = True
368.9897 	EXP 	Device response: <KeyPress from None: t=368.9173812000081, value=v, duration=0.06611600000178441>
369.9400 	EXP 	fixation: autoDraw = False
369.9400 	EXP 	line1: autoDraw = True
369.9400 	EXP 	line2: autoDraw = True
369.9400 	EXP 	line3: autoDraw = True
369.9400 	EXP 	line4: autoDraw = True
370.9239 	INFO 	Keyboard events cleared
370.9237 	EXP 	probe: autoDraw = True
371.2402 	EXP 	Device response: <KeyPress from None: t=371.22833900002297, value=c, duration=None>
371.2406 	EXP 	New trial (rep=37, index=3): <Trial 151 (3 in rep 37) data={'pos': np.int64(-150), 'corr_resp': 'z', 'thisN': 151, 'thisTrialN': 3, 'thisRepN': 37}>
371.2418 	DATA 	Keypress: c
371.2560 	EXP 	fixation: autoDraw = False
371.2560 	EXP 	line1: autoDraw = False
371.2560 	EXP 	line2: autoDraw = False
371.2560 	EXP 	line3: autoDraw = False
371.2560 	EXP 	line4: autoDraw = False
371.2560 	EXP 	probe: autoDraw = False
371.2560 	EXP 	fixation: autoDraw = True
371.3061 	EXP 	Device response: <KeyPress from None: t=371.22833900002297, value=c, duration=0.06200400000670925>
372.2396 	EXP 	line1: autoDraw = True
372.2396 	EXP 	line2: autoDraw = True
372.2396 	EXP 	line3: autoDraw = True
372.2396 	EXP 	line4: autoDraw = True
372.2564 	EXP 	fixation: autoDraw = False
373.2400 	INFO 	Keyboard events cleared
373.2397 	EXP 	probe: autoDraw = True
373.5072 	EXP 	Device response: <KeyPress from None: t=373.5022721000132, value=z, duration=None>
373.5077 	EXP 	New trial (rep=38, index=0): <Trial 152 (0 in rep 38) data={'pos': np.int64(-50), 'corr_resp': 'x', 'thisN': 152, 'thisTrialN': 0, 'thisRepN': 38}>
373.5091 	DATA 	Keypress: z
373.5219 	EXP 	fixation: autoDraw = False
373.5219 	EXP 	line1: autoDraw = False
373.5219 	EXP 	line2: autoDraw = False
373.5219 	EXP 	line3: autoDraw = False
373.5219 	EXP 	line4: autoDraw = False
373.5219 	EXP 	probe: autoDraw = False
373.5219 	EXP 	fixation: autoDraw = True
373.5905 	EXP 	Device response: <KeyPress from None: t=373.5022721000132, value=z, duration=0.07231979997595772>
374.5071 	EXP 	line1: autoDraw = True
374.5071 	EXP 	line2: autoDraw = True
374.5071 	EXP 	line3: autoDraw = True
374.5071 	EXP 	line4: autoDraw = True
374.5236 	EXP 	fixation: autoDraw = False
375.5225 	INFO 	Keyboard events cleared
375.5223 	EXP 	probe: autoDraw = True
375.8732 	EXP 	Device response: <KeyPress from None: t=375.86888439999893, value=x, duration=None>
375.8736 	EXP 	New trial (rep=38, index=1): <Trial 153 (1 in rep 38) data={'pos': np.int64(150), 'corr_resp': 'v', 'thisN': 153, 'thisTrialN': 1, 'thisRepN': 38}>
375.8748 	DATA 	Keypress: x
375.8893 	EXP 	fixation: autoDraw = False
375.8893 	EXP 	line1: autoDraw = False
375.8893 	EXP 	line2: autoDraw = False
375.8893 	EXP 	line3: autoDraw = False
375.8893 	EXP 	line4: autoDraw = False
375.8893 	EXP 	probe: autoDraw = False
375.8893 	EXP 	fixation: autoDraw = True
375.9901 	EXP 	Device response: <KeyPress from None: t=375.86888439999893, value=x, duration=0.10446180001599714>
376.8738 	EXP 	line1: autoDraw = True
376.8738 	EXP 	line2: autoDraw = True
376.8738 	EXP 	line3: autoDraw = True
376.8738 	EXP 	line4: autoDraw = True
376.8903 	EXP 	fixation: autoDraw = False
377.8725 	INFO 	Keyboard events cleared
377.8722 	EXP 	probe: autoDraw = True
378.6069 	EXP 	Device response: <KeyPress from None: t=378.59783360001165, value=v, duration=None>
378.6073 	EXP 	New trial (rep=38, index=2): <Trial 154 (2 in rep 38) data={'pos': np.int64(50), 'corr_resp': 'c', 'thisN': 154, 'thisTrialN': 2, 'thisRepN': 38}>
378.6089 	DATA 	Keypress: v
378.6223 	EXP 	fixation: autoDraw = False
378.6223 	EXP 	line1: autoDraw = False
378.6223 	EXP 	line2: autoDraw = False
378.6223 	EXP 	line3: autoDraw = False
378.6223 	EXP 	line4: autoDraw = False
378.6223 	EXP 	probe: autoDraw = False
378.6223 	EXP 	fixation: autoDraw = True
378.6898 	EXP 	Device response: <KeyPress from None: t=378.59783360001165, value=v, duration=0.08684070000890642>
379.6071 	EXP 	line1: autoDraw = True
379.6071 	EXP 	line2: autoDraw = True
379.6071 	EXP 	line3: autoDraw = True
379.6071 	EXP 	line4: autoDraw = True
379.6237 	EXP 	fixation: autoDraw = False
380.6221 	INFO 	Keyboard events cleared
380.6219 	EXP 	probe: autoDraw = True
381.2432 	DATA 	Keypress: c
381.2574 	EXP 	Device response: <KeyPress from None: t=381.2415951000294, value=c, duration=None>
381.2579 	EXP 	New trial (rep=38, index=3): <Trial 155 (3 in rep 38) data={'pos': np.int64(-150), 'corr_resp': 'z', 'thisN': 155, 'thisTrialN': 3, 'thisRepN': 38}>
381.2727 	EXP 	fixation: autoDraw = False
381.2727 	EXP 	line1: autoDraw = False
381.2727 	EXP 	line2: autoDraw = False
381.2727 	EXP 	line3: autoDraw = False
381.2727 	EXP 	line4: autoDraw = False
381.2727 	EXP 	probe: autoDraw = False
381.2727 	EXP 	fixation: autoDraw = True
381.3230 	EXP 	Device response: <KeyPress from None: t=381.2415951000294, value=c, duration=0.07146889995783567>
382.2570 	EXP 	line1: autoDraw = True
382.2570 	EXP 	line2: autoDraw = True
382.2570 	EXP 	line3: autoDraw = True
382.2570 	EXP 	line4: autoDraw = True
382.2743 	EXP 	fixation: autoDraw = False
383.2731 	INFO 	Keyboard events cleared
383.2728 	EXP 	probe: autoDraw = True
383.6069 	EXP 	Device response: <KeyPress from None: t=383.59888380003395, value=z, duration=None>
383.6072 	EXP 	New trial (rep=39, index=0): <Trial 156 (0 in rep 39) data={'pos': np.int64(-50), 'corr_resp': 'x', 'thisN': 156, 'thisTrialN': 0, 'thisRepN': 39}>
383.6083 	DATA 	Keypress: z
383.6222 	EXP 	fixation: autoDraw = False
383.6222 	EXP 	line1: autoDraw = False
383.6222 	EXP 	line2: autoDraw = False
383.6222 	EXP 	line3: autoDraw = False
383.6222 	EXP 	line4: autoDraw = False
383.6222 	EXP 	probe: autoDraw = False
383.6222 	EXP 	fixation: autoDraw = True
383.7060 	EXP 	Device response: <KeyPress from None: t=383.59888380003395, value=z, duration=0.10318350000306964>
384.6072 	EXP 	line1: autoDraw = True
384.6072 	EXP 	line2: autoDraw = True
384.6072 	EXP 	line3: autoDraw = True
384.6072 	EXP 	line4: autoDraw = True
384.6236 	EXP 	fixation: autoDraw = False
385.6078 	INFO 	Keyboard events cleared
385.6076 	EXP 	probe: autoDraw = True
386.0813 	DATA 	Keypress: x
386.0903 	EXP 	Device response: <KeyPress from None: t=386.0740377000184, value=x, duration=None>
386.0906 	EXP 	New trial (rep=39, index=1): <Trial 157 (1 in rep 39) data={'pos': np.int64(150), 'corr_resp': 'v', 'thisN': 157, 'thisTrialN': 1, 'thisRepN': 39}>
386.1055 	EXP 	fixation: autoDraw = False
386.1055 	EXP 	line1: autoDraw = False
386.1055 	EXP 	line2: autoDraw = False
386.1055 	EXP 	line3: autoDraw = False
386.1055 	EXP 	line4: autoDraw = False
386.1055 	EXP 	probe: autoDraw = False
386.1055 	EXP 	fixation: autoDraw = True
386.1900 	EXP 	Device response: <KeyPress from None: t=386.0740377000184, value=x, duration=0.10654319997411221>
387.0904 	EXP 	line1: autoDraw = True
387.0904 	EXP 	line2: autoDraw = True
387.0904 	EXP 	line3: autoDraw = True
387.0904 	EXP 	line4: autoDraw = True
387.1057 	EXP 	fixation: autoDraw = False
388.0906 	INFO 	Keyboard events cleared
388.0904 	EXP 	probe: autoDraw = True
388.9077 	EXP 	Device response: <KeyPress from None: t=388.9043336000177, value=v, duration=None>
388.9081 	EXP 	New trial (rep=39, index=2): <Trial 158 (2 in rep 39) data={'pos': np.int64(50), 'corr_resp': 'c', 'thisN': 158, 'thisTrialN': 2, 'thisRepN': 39}>
388.9093 	DATA 	Keypress: v
388.9229 	EXP 	fixation: autoDraw = False
388.9229 	EXP 	line1: autoDraw = False
388.9229 	EXP 	line2: autoDraw = False
388.9229 	EXP 	line3: autoDraw = False
388.9229 	EXP 	line4: autoDraw = False
388.9229 	EXP 	probe: autoDraw = False
388.9229 	EXP 	fixation: autoDraw = True
389.0076 	EXP 	Device response: <KeyPress from None: t=388.9043336000177, value=v, duration=0.09118330001365393>
389.9230 	EXP 	fixation: autoDraw = False
389.9230 	EXP 	line1: autoDraw = True
389.9230 	EXP 	line2: autoDraw = True
389.9230 	EXP 	line3: autoDraw = True
389.9230 	EXP 	line4: autoDraw = True
390.9074 	INFO 	Keyboard events cleared
390.9072 	EXP 	probe: autoDraw = True
391.7902 	EXP 	Device response: <KeyPress from None: t=391.7874144000234, value=c, duration=None>
391.7906 	EXP 	New trial (rep=39, index=3): <Trial 159 (3 in rep 39) data={'pos': np.int64(-150), 'corr_resp': 'z', 'thisN': 159, 'thisTrialN': 3, 'thisRepN': 39}>
391.7923 	DATA 	Keypress: c
391.8059 	EXP 	fixation: autoDraw = False
391.8059 	EXP 	line1: autoDraw = False
391.8059 	EXP 	line2: autoDraw = False
391.8059 	EXP 	line3: autoDraw = False
391.8059 	EXP 	line4: autoDraw = False
391.8059 	EXP 	probe: autoDraw = False
391.8059 	EXP 	fixation: autoDraw = True
391.8913 	EXP 	Device response: <KeyPress from None: t=391.7874144000234, value=c, duration=0.09532769996440038>
392.7901 	EXP 	line1: autoDraw = True
392.7901 	EXP 	line2: autoDraw = True
392.7901 	EXP 	line3: autoDraw = True
392.7901 	EXP 	line4: autoDraw = True
392.8074 	EXP 	fixation: autoDraw = False
393.7903 	INFO 	Keyboard events cleared
393.7900 	EXP 	probe: autoDraw = True
394.6412 	EXP 	Device response: <KeyPress from None: t=394.6322368999827, value=z, duration=None>
394.6418 	EXP 	New trial (rep=40, index=0): <Trial 160 (0 in rep 40) data={'pos': np.int64(-50), 'corr_resp': 'x', 'thisN': 160, 'thisTrialN': 0, 'thisRepN': 40}>
394.6432 	DATA 	Keypress: z
394.6562 	EXP 	fixation: autoDraw = False
394.6562 	EXP 	line1: autoDraw = False
394.6562 	EXP 	line2: autoDraw = False
394.6562 	EXP 	line3: autoDraw = False
394.6562 	EXP 	line4: autoDraw = False
394.6562 	EXP 	probe: autoDraw = False
394.6562 	EXP 	fixation: autoDraw = True
394.7408 	EXP 	Device response: <KeyPress from None: t=394.6322368999827, value=z, duration=0.1009559000376612>
395.6408 	EXP 	line1: autoDraw = True
395.6408 	EXP 	line2: autoDraw = True
395.6408 	EXP 	line3: autoDraw = True
395.6408 	EXP 	line4: autoDraw = True
395.6573 	EXP 	fixation: autoDraw = False
396.6564 	INFO 	Keyboard events cleared
396.6562 	EXP 	probe: autoDraw = True
396.9085 	EXP 	Device response: <KeyPress from None: t=396.89873910002643, value=x, duration=None>
396.9090 	EXP 	New trial (rep=40, index=1): <Trial 161 (1 in rep 40) data={'pos': np.int64(150), 'corr_resp': 'v', 'thisN': 161, 'thisTrialN': 1, 'thisRepN': 40}>
396.9103 	DATA 	Keypress: x
396.9224 	EXP 	fixation: autoDraw = False
396.9224 	EXP 	line1: autoDraw = False
396.9224 	EXP 	line2: autoDraw = False
396.9224 	EXP 	line3: autoDraw = False
396.9224 	EXP 	line4: autoDraw = False
396.9224 	EXP 	probe: autoDraw = False
396.9224 	EXP 	fixation: autoDraw = True
397.0074 	EXP 	Device response: <KeyPress from None: t=396.89873910002643, value=x, duration=0.09314359998097643>
397.9241 	EXP 	fixation: autoDraw = False
397.9241 	EXP 	line1: autoDraw = True
397.9241 	EXP 	line2: autoDraw = True
397.9241 	EXP 	line3: autoDraw = True
397.9241 	EXP 	line4: autoDraw = True
398.9240 	INFO 	Keyboard events cleared
398.9238 	EXP 	probe: autoDraw = True
399.6748 	EXP 	Device response: <KeyPress from None: t=399.6660690000281, value=v, duration=None>
399.6752 	EXP 	New trial (rep=40, index=2): <Trial 162 (2 in rep 40) data={'pos': np.int64(50), 'corr_resp': 'c', 'thisN': 162, 'thisTrialN': 2, 'thisRepN': 40}>
399.6764 	DATA 	Keypress: v
399.6896 	EXP 	fixation: autoDraw = False
399.6896 	EXP 	line1: autoDraw = False
399.6896 	EXP 	line2: autoDraw = False
399.6896 	EXP 	line3: autoDraw = False
399.6896 	EXP 	line4: autoDraw = False
399.6896 	EXP 	probe: autoDraw = False
399.6896 	EXP 	fixation: autoDraw = True
399.7410 	EXP 	Device response: <KeyPress from None: t=399.6660690000281, value=v, duration=0.06662699999287724>
400.6907 	EXP 	fixation: autoDraw = False
400.6907 	EXP 	line1: autoDraw = True
400.6907 	EXP 	line2: autoDraw = True
400.6907 	EXP 	line3: autoDraw = True
400.6907 	EXP 	line4: autoDraw = True
401.6910 	INFO 	Keyboard events cleared
401.6908 	EXP 	probe: autoDraw = True
402.4736 	EXP 	Device response: <KeyPress from None: t=402.4598995000124, value=c, duration=None>
402.4739 	EXP 	New trial (rep=40, index=3): <Trial 163 (3 in rep 40) data={'pos': np.int64(-150), 'corr_resp': 'z', 'thisN': 163, 'thisTrialN': 3, 'thisRepN': 40}>
402.4751 	DATA 	Keypress: c
402.4919 	EXP 	fixation: autoDraw = False
402.4919 	EXP 	line1: autoDraw = False
402.4919 	EXP 	line2: autoDraw = False
402.4919 	EXP 	line3: autoDraw = False
402.4919 	EXP 	line4: autoDraw = False
402.4919 	EXP 	probe: autoDraw = False
402.4919 	EXP 	fixation: autoDraw = True
402.5408 	EXP 	Device response: <KeyPress from None: t=402.4598995000124, value=c, duration=0.07763239997439086>
403.4740 	EXP 	line1: autoDraw = True
403.4740 	EXP 	line2: autoDraw = True
403.4740 	EXP 	line3: autoDraw = True
403.4740 	EXP 	line4: autoDraw = True
403.5075 	EXP 	fixation: autoDraw = False
404.4745 	INFO 	Keyboard events cleared
404.4742 	EXP 	probe: autoDraw = True
404.7565 	EXP 	Device response: <KeyPress from None: t=404.7509693999891, value=z, duration=None>
404.7569 	EXP 	New trial (rep=41, index=0): <Trial 164 (0 in rep 41) data={'pos': np.int64(-50), 'corr_resp': 'x', 'thisN': 164, 'thisTrialN': 0, 'thisRepN': 41}>
404.7581 	DATA 	Keypress: z
404.7729 	EXP 	fixation: autoDraw = False
404.7729 	EXP 	line1: autoDraw = False
404.7729 	EXP 	line2: autoDraw = False
404.7729 	EXP 	line3: autoDraw = False
404.7729 	EXP 	line4: autoDraw = False
404.7729 	EXP 	probe: autoDraw = False
404.7729 	EXP 	fixation: autoDraw = True
404.8412 	EXP 	Device response: <KeyPress from None: t=404.7509693999891, value=z, duration=0.08659020002232864>
405.7569 	EXP 	line1: autoDraw = True
405.7569 	EXP 	line2: autoDraw = True
405.7569 	EXP 	line3: autoDraw = True
405.7569 	EXP 	line4: autoDraw = True
405.7731 	EXP 	fixation: autoDraw = False
406.7578 	INFO 	Keyboard events cleared
406.7576 	EXP 	probe: autoDraw = True
406.9934 	DATA 	Keypress: x
407.0084 	EXP 	Device response: <KeyPress from None: t=406.9921784999897, value=x, duration=None>
407.0089 	EXP 	New trial (rep=41, index=1): <Trial 165 (1 in rep 41) data={'pos': np.int64(150), 'corr_resp': 'v', 'thisN': 165, 'thisTrialN': 1, 'thisRepN': 41}>
407.0234 	EXP 	fixation: autoDraw = False
407.0234 	EXP 	line1: autoDraw = False
407.0234 	EXP 	line2: autoDraw = False
407.0234 	EXP 	line3: autoDraw = False
407.0234 	EXP 	line4: autoDraw = False
407.0234 	EXP 	probe: autoDraw = False
407.0234 	EXP 	fixation: autoDraw = True
407.0738 	EXP 	Device response: <KeyPress from None: t=406.9921784999897, value=x, duration=0.07515640003839508>
408.0243 	EXP 	fixation: autoDraw = False
408.0243 	EXP 	line1: autoDraw = True
408.0243 	EXP 	line2: autoDraw = True
408.0243 	EXP 	line3: autoDraw = True
408.0243 	EXP 	line4: autoDraw = True
409.0077 	INFO 	Keyboard events cleared
409.0075 	EXP 	probe: autoDraw = True
409.2745 	EXP 	Device response: <KeyPress from None: t=409.26416180003434, value=v, duration=None>
409.2748 	EXP 	New trial (rep=41, index=2): <Trial 166 (2 in rep 41) data={'pos': np.int64(50), 'corr_resp': 'c', 'thisN': 166, 'thisTrialN': 2, 'thisRepN': 41}>
409.2760 	DATA 	Keypress: v
409.2905 	EXP 	fixation: autoDraw = False
409.2905 	EXP 	line1: autoDraw = False
409.2905 	EXP 	line2: autoDraw = False
409.2905 	EXP 	line3: autoDraw = False
409.2905 	EXP 	line4: autoDraw = False
409.2905 	EXP 	probe: autoDraw = False
409.2905 	EXP 	fixation: autoDraw = True
409.3574 	EXP 	Device response: <KeyPress from None: t=409.26416180003434, value=v, duration=0.08086489996640012>
410.2745 	EXP 	line1: autoDraw = True
410.2745 	EXP 	line2: autoDraw = True
410.2745 	EXP 	line3: autoDraw = True
410.2745 	EXP 	line4: autoDraw = True
410.2903 	EXP 	fixation: autoDraw = False
411.2734 	INFO 	Keyboard events cleared
411.2732 	EXP 	probe: autoDraw = True
412.0908 	EXP 	Device response: <KeyPress from None: t=412.0818017999991, value=x, duration=None>
412.0912 	EXP 	New trial (rep=41, index=3): <Trial 167 (3 in rep 41) data={'pos': np.int64(-150), 'corr_resp': 'z', 'thisN': 167, 'thisTrialN': 3, 'thisRepN': 41}>
412.0924 	DATA 	Keypress: x
412.1065 	EXP 	fixation: autoDraw = False
412.1065 	EXP 	line1: autoDraw = False
412.1065 	EXP 	line2: autoDraw = False
412.1065 	EXP 	line3: autoDraw = False
412.1065 	EXP 	line4: autoDraw = False
412.1065 	EXP 	probe: autoDraw = False
412.1065 	EXP 	fixation: autoDraw = True
412.1740 	EXP 	Device response: <KeyPress from None: t=412.0818017999991, value=x, duration=0.08469470002455637>
413.0905 	EXP 	line1: autoDraw = True
413.0905 	EXP 	line2: autoDraw = True
413.0905 	EXP 	line3: autoDraw = True
413.0905 	EXP 	line4: autoDraw = True
413.1074 	EXP 	fixation: autoDraw = False
414.1080 	INFO 	Keyboard events cleared
414.1078 	EXP 	probe: autoDraw = True
414.5086 	EXP 	Device response: <KeyPress from None: t=414.49273430003086, value=z, duration=None>
414.5092 	EXP 	New trial (rep=42, index=0): <Trial 168 (0 in rep 42) data={'pos': np.int64(-50), 'corr_resp': 'x', 'thisN': 168, 'thisTrialN': 0, 'thisRepN': 42}>
414.5105 	DATA 	Keypress: z
414.5230 	EXP 	fixation: autoDraw = False
414.5230 	EXP 	line1: autoDraw = False
414.5230 	EXP 	line2: autoDraw = False
414.5230 	EXP 	line3: autoDraw = False
414.5230 	EXP 	line4: autoDraw = False
414.5230 	EXP 	probe: autoDraw = False
414.5230 	EXP 	fixation: autoDraw = True
414.6078 	EXP 	Device response: <KeyPress from None: t=414.49273430003086, value=z, duration=0.09872409998206422>
415.5226 	EXP 	fixation: autoDraw = False
415.5226 	EXP 	line1: autoDraw = True
415.5226 	EXP 	line2: autoDraw = True
415.5226 	EXP 	line3: autoDraw = True
415.5226 	EXP 	line4: autoDraw = True
416.5229 	INFO 	Keyboard events cleared
416.5227 	EXP 	probe: autoDraw = True
416.7573 	EXP 	Device response: <KeyPress from None: t=416.7480256999843, value=x, duration=None>
416.7578 	EXP 	New trial (rep=42, index=1): <Trial 169 (1 in rep 42) data={'pos': np.int64(150), 'corr_resp': 'v', 'thisN': 169, 'thisTrialN': 1, 'thisRepN': 42}>
416.7593 	DATA 	Keypress: x
416.7733 	EXP 	fixation: autoDraw = False
416.7733 	EXP 	line1: autoDraw = False
416.7733 	EXP 	line2: autoDraw = False
416.7733 	EXP 	line3: autoDraw = False
416.7733 	EXP 	line4: autoDraw = False
416.7733 	EXP 	probe: autoDraw = False
416.7733 	EXP 	fixation: autoDraw = True
416.8571 	EXP 	Device response: <KeyPress from None: t=416.7480256999843, value=x, duration=0.1067132000462152>
417.7580 	EXP 	line1: autoDraw = True
417.7580 	EXP 	line2: autoDraw = True
417.7580 	EXP 	line3: autoDraw = True
417.7580 	EXP 	line4: autoDraw = True
417.7744 	EXP 	fixation: autoDraw = False
418.7573 	INFO 	Keyboard events cleared
418.7571 	EXP 	probe: autoDraw = True
419.0416 	EXP 	Device response: <KeyPress from None: t=419.0398698000354, value=v, duration=None>
419.0419 	EXP 	New trial (rep=42, index=2): <Trial 170 (2 in rep 42) data={'pos': np.int64(50), 'corr_resp': 'c', 'thisN': 170, 'thisTrialN': 2, 'thisRepN': 42}>
419.0431 	DATA 	Keypress: v
419.0565 	EXP 	fixation: autoDraw = False
419.0565 	EXP 	line1: autoDraw = False
419.0565 	EXP 	line2: autoDraw = False
419.0565 	EXP 	line3: autoDraw = False
419.0565 	EXP 	line4: autoDraw = False
419.0565 	EXP 	probe: autoDraw = False
419.0565 	EXP 	fixation: autoDraw = True
419.1572 	EXP 	Device response: <KeyPress from None: t=419.0398698000354, value=v, duration=0.10020599997369573>
420.0571 	EXP 	fixation: autoDraw = False
420.0571 	EXP 	line1: autoDraw = True
420.0571 	EXP 	line2: autoDraw = True
420.0571 	EXP 	line3: autoDraw = True
420.0571 	EXP 	line4: autoDraw = True
421.0413 	INFO 	Keyboard events cleared
421.0411 	EXP 	probe: autoDraw = True
421.9419 	EXP 	Device response: <KeyPress from None: t=421.92931820004014, value=c, duration=None>
421.9422 	EXP 	New trial (rep=42, index=3): <Trial 171 (3 in rep 42) data={'pos': np.int64(-150), 'corr_resp': 'z', 'thisN': 171, 'thisTrialN': 3, 'thisRepN': 42}>
421.9435 	DATA 	Keypress: c
421.9562 	EXP 	fixation: autoDraw = False
421.9562 	EXP 	line1: autoDraw = False
421.9562 	EXP 	line2: autoDraw = False
421.9562 	EXP 	line3: autoDraw = False
421.9562 	EXP 	line4: autoDraw = False
421.9562 	EXP 	probe: autoDraw = False
421.9562 	EXP 	fixation: autoDraw = True
422.0233 	EXP 	Device response: <KeyPress from None: t=421.92931820004014, value=c, duration=0.09192019997863099>
422.9578 	EXP 	fixation: autoDraw = False
422.9578 	EXP 	line1: autoDraw = True
422.9578 	EXP 	line2: autoDraw = True
422.9578 	EXP 	line3: autoDraw = True
422.9578 	EXP 	line4: autoDraw = True
423.9581 	INFO 	Keyboard events cleared
423.9579 	EXP 	probe: autoDraw = True
424.5576 	EXP 	Device response: <KeyPress from None: t=424.54986239998834, value=z, duration=None>
424.5579 	EXP 	New trial (rep=43, index=0): <Trial 172 (0 in rep 43) data={'pos': np.int64(-50), 'corr_resp': 'x', 'thisN': 172, 'thisTrialN': 0, 'thisRepN': 43}>
424.5591 	DATA 	Keypress: z
424.5740 	EXP 	fixation: autoDraw = False
424.5740 	EXP 	line1: autoDraw = False
424.5740 	EXP 	line2: autoDraw = False
424.5740 	EXP 	line3: autoDraw = False
424.5740 	EXP 	line4: autoDraw = False
424.5740 	EXP 	probe: autoDraw = False
424.5740 	EXP 	fixation: autoDraw = True
424.6567 	EXP 	Device response: <KeyPress from None: t=424.54986239998834, value=z, duration=0.09749690000899136>
425.5744 	EXP 	line1: autoDraw = True
425.5744 	EXP 	line2: autoDraw = True
425.5744 	EXP 	line3: autoDraw = True
425.5744 	EXP 	line4: autoDraw = True
425.5915 	EXP 	fixation: autoDraw = False
426.5582 	INFO 	Keyboard events cleared
426.5580 	EXP 	probe: autoDraw = True
427.2577 	EXP 	Device response: <KeyPress from None: t=427.2562620000099, value=x, duration=None>
427.2581 	EXP 	New trial (rep=43, index=1): <Trial 173 (1 in rep 43) data={'pos': np.int64(150), 'corr_resp': 'v', 'thisN': 173, 'thisTrialN': 1, 'thisRepN': 43}>
427.2592 	DATA 	Keypress: x
427.2737 	EXP 	fixation: autoDraw = False
427.2737 	EXP 	line1: autoDraw = False
427.2737 	EXP 	line2: autoDraw = False
427.2737 	EXP 	line3: autoDraw = False
427.2737 	EXP 	line4: autoDraw = False
427.2737 	EXP 	probe: autoDraw = False
427.2737 	EXP 	fixation: autoDraw = True
427.3406 	EXP 	Device response: <KeyPress from None: t=427.2562620000099, value=x, duration=0.08104800002183765>
428.2575 	EXP 	line1: autoDraw = True
428.2575 	EXP 	line2: autoDraw = True
428.2575 	EXP 	line3: autoDraw = True
428.2575 	EXP 	line4: autoDraw = True
428.2744 	EXP 	fixation: autoDraw = False
429.2749 	INFO 	Keyboard events cleared
429.2747 	EXP 	probe: autoDraw = True
430.0736 	EXP 	Device response: <KeyPress from None: t=430.0607221000246, value=v, duration=None>
430.0740 	EXP 	New trial (rep=43, index=2): <Trial 174 (2 in rep 43) data={'pos': np.int64(50), 'corr_resp': 'c', 'thisN': 174, 'thisTrialN': 2, 'thisRepN': 43}>
430.0751 	DATA 	Keypress: v
430.0910 	EXP 	fixation: autoDraw = False
430.0910 	EXP 	line1: autoDraw = False
430.0910 	EXP 	line2: autoDraw = False
430.0910 	EXP 	line3: autoDraw = False
430.0910 	EXP 	line4: autoDraw = False
430.0910 	EXP 	probe: autoDraw = False
430.0910 	EXP 	fixation: autoDraw = True
430.1743 	EXP 	Device response: <KeyPress from None: t=430.0607221000246, value=v, duration=0.09847139997873455>
431.0741 	EXP 	line1: autoDraw = True
431.0741 	EXP 	line2: autoDraw = True
431.0741 	EXP 	line3: autoDraw = True
431.0741 	EXP 	line4: autoDraw = True
431.0910 	EXP 	fixation: autoDraw = False
432.0747 	INFO 	Keyboard events cleared
432.0745 	EXP 	probe: autoDraw = True
433.0082 	EXP 	Device response: <KeyPress from None: t=432.9941270999843, value=c, duration=None>
433.0086 	EXP 	New trial (rep=43, index=3): <Trial 175 (3 in rep 43) data={'pos': np.int64(-150), 'corr_resp': 'z', 'thisN': 175, 'thisTrialN': 3, 'thisRepN': 43}>
433.0098 	DATA 	Keypress: c
433.0242 	EXP 	fixation: autoDraw = False
433.0242 	EXP 	line1: autoDraw = False
433.0242 	EXP 	line2: autoDraw = False
433.0242 	EXP 	line3: autoDraw = False
433.0242 	EXP 	line4: autoDraw = False
433.0242 	EXP 	probe: autoDraw = False
433.0242 	EXP 	fixation: autoDraw = True
433.0913 	EXP 	Device response: <KeyPress from None: t=432.9941270999843, value=c, duration=0.08200150000629947>
434.0248 	EXP 	fixation: autoDraw = False
434.0248 	EXP 	line1: autoDraw = True
434.0248 	EXP 	line2: autoDraw = True
434.0248 	EXP 	line3: autoDraw = True
434.0248 	EXP 	line4: autoDraw = True
435.0080 	INFO 	Keyboard events cleared
435.0078 	EXP 	probe: autoDraw = True
435.8741 	EXP 	Device response: <KeyPress from None: t=435.86869570001727, value=z, duration=None>
435.8744 	EXP 	New trial (rep=44, index=0): <Trial 176 (0 in rep 44) data={'pos': np.int64(-50), 'corr_resp': 'x', 'thisN': 176, 'thisTrialN': 0, 'thisRepN': 44}>
435.8757 	DATA 	Keypress: z
435.8896 	EXP 	fixation: autoDraw = False
435.8896 	EXP 	line1: autoDraw = False
435.8896 	EXP 	line2: autoDraw = False
435.8896 	EXP 	line3: autoDraw = False
435.8896 	EXP 	line4: autoDraw = False
435.8896 	EXP 	probe: autoDraw = False
435.8896 	EXP 	fixation: autoDraw = True
435.9743 	EXP 	Device response: <KeyPress from None: t=435.86869570001727, value=z, duration=0.10184449999360368>
436.8749 	EXP 	line1: autoDraw = True
436.8749 	EXP 	line2: autoDraw = True
436.8749 	EXP 	line3: autoDraw = True
436.8749 	EXP 	line4: autoDraw = True
436.8904 	EXP 	fixation: autoDraw = False
437.8747 	INFO 	Keyboard events cleared
437.8744 	EXP 	probe: autoDraw = True
438.1090 	EXP 	Device response: <KeyPress from None: t=438.10162860003766, value=x, duration=None>
438.1094 	EXP 	New trial (rep=44, index=1): <Trial 177 (1 in rep 44) data={'pos': np.int64(150), 'corr_resp': 'v', 'thisN': 177, 'thisTrialN': 1, 'thisRepN': 44}>
438.1106 	DATA 	Keypress: x
438.1231 	EXP 	fixation: autoDraw = False
438.1231 	EXP 	line1: autoDraw = False
438.1231 	EXP 	line2: autoDraw = False
438.1231 	EXP 	line3: autoDraw = False
438.1231 	EXP 	line4: autoDraw = False
438.1231 	EXP 	probe: autoDraw = False
438.1231 	EXP 	fixation: autoDraw = True
438.1921 	EXP 	Device response: <KeyPress from None: t=438.10162860003766, value=x, duration=0.07698379998328164>
439.1247 	EXP 	fixation: autoDraw = False
439.1247 	EXP 	line1: autoDraw = True
439.1247 	EXP 	line2: autoDraw = True
439.1247 	EXP 	line3: autoDraw = True
439.1247 	EXP 	line4: autoDraw = True
440.1079 	INFO 	Keyboard events cleared
440.1076 	EXP 	probe: autoDraw = True
440.3764 	DATA 	Keypress: v
440.3901 	EXP 	Device response: <KeyPress from None: t=440.3747524000355, value=v, duration=None>
440.3906 	EXP 	New trial (rep=44, index=2): <Trial 178 (2 in rep 44) data={'pos': np.int64(50), 'corr_resp': 'c', 'thisN': 178, 'thisTrialN': 2, 'thisRepN': 44}>
440.4069 	EXP 	fixation: autoDraw = False
440.4069 	EXP 	line1: autoDraw = False
440.4069 	EXP 	line2: autoDraw = False
440.4069 	EXP 	line3: autoDraw = False
440.4069 	EXP 	line4: autoDraw = False
440.4069 	EXP 	probe: autoDraw = False
440.4069 	EXP 	fixation: autoDraw = True
440.4754 	EXP 	Device response: <KeyPress from None: t=440.3747524000355, value=v, duration=0.0913979999604635>
441.3916 	EXP 	line1: autoDraw = True
441.3916 	EXP 	line2: autoDraw = True
441.3916 	EXP 	line3: autoDraw = True
441.3916 	EXP 	line4: autoDraw = True
441.4082 	EXP 	fixation: autoDraw = False
442.3910 	INFO 	Keyboard events cleared
442.3908 	EXP 	probe: autoDraw = True
442.6428 	EXP 	Device response: <KeyPress from None: t=442.6326725000399, value=c, duration=None>
442.6432 	EXP 	New trial (rep=44, index=3): <Trial 179 (3 in rep 44) data={'pos': np.int64(-150), 'corr_resp': 'z', 'thisN': 179, 'thisTrialN': 3, 'thisRepN': 44}>
442.6444 	DATA 	Keypress: c
442.6571 	EXP 	fixation: autoDraw = False
442.6571 	EXP 	line1: autoDraw = False
442.6571 	EXP 	line2: autoDraw = False
442.6571 	EXP 	line3: autoDraw = False
442.6571 	EXP 	line4: autoDraw = False
442.6571 	EXP 	probe: autoDraw = False
442.6571 	EXP 	fixation: autoDraw = True
442.7087 	EXP 	Device response: <KeyPress from None: t=442.6326725000399, value=c, duration=0.06569079996552318>
443.6579 	EXP 	fixation: autoDraw = False
443.6579 	EXP 	line1: autoDraw = True
443.6579 	EXP 	line2: autoDraw = True
443.6579 	EXP 	line3: autoDraw = True
443.6579 	EXP 	line4: autoDraw = True
444.6579 	INFO 	Keyboard events cleared
444.6577 	EXP 	probe: autoDraw = True
444.9738 	EXP 	Device response: <KeyPress from None: t=444.9620156000019, value=z, duration=None>
444.9742 	EXP 	New trial (rep=45, index=0): <Trial 180 (0 in rep 45) data={'pos': np.int64(-50), 'corr_resp': 'x', 'thisN': 180, 'thisTrialN': 0, 'thisRepN': 45}>
444.9755 	DATA 	Keypress: z
444.9903 	EXP 	fixation: autoDraw = False
444.9903 	EXP 	line1: autoDraw = False
444.9903 	EXP 	line2: autoDraw = False
444.9903 	EXP 	line3: autoDraw = False
444.9903 	EXP 	line4: autoDraw = False
444.9903 	EXP 	probe: autoDraw = False
444.9903 	EXP 	fixation: autoDraw = True
445.0738 	EXP 	Device response: <KeyPress from None: t=444.9620156000019, value=z, duration=0.10638930002460256>
445.9746 	EXP 	line1: autoDraw = True
445.9746 	EXP 	line2: autoDraw = True
445.9746 	EXP 	line3: autoDraw = True
445.9746 	EXP 	line4: autoDraw = True
445.9914 	EXP 	fixation: autoDraw = False
446.9746 	INFO 	Keyboard events cleared
446.9744 	EXP 	probe: autoDraw = True
447.4755 	EXP 	Device response: <KeyPress from None: t=447.4644642000203, value=x, duration=None>
447.4759 	EXP 	New trial (rep=45, index=1): <Trial 181 (1 in rep 45) data={'pos': np.int64(150), 'corr_resp': 'v', 'thisN': 181, 'thisTrialN': 1, 'thisRepN': 45}>
447.4771 	DATA 	Keypress: x
447.4908 	EXP 	fixation: autoDraw = False
447.4908 	EXP 	line1: autoDraw = False
447.4908 	EXP 	line2: autoDraw = False
447.4908 	EXP 	line3: autoDraw = False
447.4908 	EXP 	line4: autoDraw = False
447.4908 	EXP 	probe: autoDraw = False
447.4908 	EXP 	fixation: autoDraw = True
447.5916 	EXP 	Device response: <KeyPress from None: t=447.4644642000203, value=x, duration=0.12380140001187101>
448.4748 	EXP 	line1: autoDraw = True
448.4748 	EXP 	line2: autoDraw = True
448.4748 	EXP 	line3: autoDraw = True
448.4748 	EXP 	line4: autoDraw = True
448.4912 	EXP 	fixation: autoDraw = False
449.4753 	INFO 	Keyboard events cleared
449.4751 	EXP 	probe: autoDraw = True
450.2577 	EXP 	Device response: <KeyPress from None: t=450.24982420000015, value=v, duration=None>
450.2580 	EXP 	New trial (rep=45, index=2): <Trial 182 (2 in rep 45) data={'pos': np.int64(50), 'corr_resp': 'c', 'thisN': 182, 'thisTrialN': 2, 'thisRepN': 45}>
450.2593 	DATA 	Keypress: v
450.2740 	EXP 	fixation: autoDraw = False
450.2740 	EXP 	line1: autoDraw = False
450.2740 	EXP 	line2: autoDraw = False
450.2740 	EXP 	line3: autoDraw = False
450.2740 	EXP 	line4: autoDraw = False
450.2740 	EXP 	probe: autoDraw = False
450.2740 	EXP 	fixation: autoDraw = True
450.3743 	EXP 	Device response: <KeyPress from None: t=450.24982420000015, value=v, duration=0.11412009998457506>
451.2582 	EXP 	line1: autoDraw = True
451.2582 	EXP 	line2: autoDraw = True
451.2582 	EXP 	line3: autoDraw = True
451.2582 	EXP 	line4: autoDraw = True
451.2746 	EXP 	fixation: autoDraw = False
452.2748 	INFO 	Keyboard events cleared
452.2746 	EXP 	probe: autoDraw = True
453.2250 	EXP 	Device response: <KeyPress from None: t=453.21267079998506, value=c, duration=None>
453.2254 	EXP 	New trial (rep=45, index=3): <Trial 183 (3 in rep 45) data={'pos': np.int64(-150), 'corr_resp': 'z', 'thisN': 183, 'thisTrialN': 3, 'thisRepN': 45}>
453.2267 	DATA 	Keypress: c
453.2398 	EXP 	fixation: autoDraw = False
453.2398 	EXP 	line1: autoDraw = False
453.2398 	EXP 	line2: autoDraw = False
453.2398 	EXP 	line3: autoDraw = False
453.2398 	EXP 	line4: autoDraw = False
453.2398 	EXP 	probe: autoDraw = False
453.2398 	EXP 	fixation: autoDraw = True
453.3237 	EXP 	Device response: <KeyPress from None: t=453.21267079998506, value=c, duration=0.09749000001465902>
454.2416 	EXP 	fixation: autoDraw = False
454.2416 	EXP 	line1: autoDraw = True
454.2416 	EXP 	line2: autoDraw = True
454.2416 	EXP 	line3: autoDraw = True
454.2416 	EXP 	line4: autoDraw = True
455.2252 	INFO 	Keyboard events cleared
455.2250 	EXP 	probe: autoDraw = True
455.6242 	EXP 	Device response: <KeyPress from None: t=455.6222826000303, value=z, duration=None>
455.6245 	EXP 	New trial (rep=46, index=0): <Trial 184 (0 in rep 46) data={'pos': np.int64(-50), 'corr_resp': 'x', 'thisN': 184, 'thisTrialN': 0, 'thisRepN': 46}>
455.6256 	DATA 	Keypress: z
455.6406 	EXP 	fixation: autoDraw = False
455.6406 	EXP 	line1: autoDraw = False
455.6406 	EXP 	line2: autoDraw = False
455.6406 	EXP 	line3: autoDraw = False
455.6406 	EXP 	line4: autoDraw = False
455.6406 	EXP 	probe: autoDraw = False
455.6406 	EXP 	fixation: autoDraw = True
455.7254 	EXP 	Device response: <KeyPress from None: t=455.6222826000303, value=z, duration=0.09098809998249635>
456.6248 	EXP 	line1: autoDraw = True
456.6248 	EXP 	line2: autoDraw = True
456.6248 	EXP 	line3: autoDraw = True
456.6248 	EXP 	line4: autoDraw = True
456.6415 	EXP 	fixation: autoDraw = False
457.6234 	INFO 	Keyboard events cleared
457.6232 	EXP 	probe: autoDraw = True
458.4604 	DATA 	Keypress: x
458.4746 	EXP 	Device response: <KeyPress from None: t=458.4583520999877, value=x, duration=None>
458.4750 	EXP 	New trial (rep=46, index=1): <Trial 185 (1 in rep 46) data={'pos': np.int64(150), 'corr_resp': 'v', 'thisN': 185, 'thisTrialN': 1, 'thisRepN': 46}>
458.4906 	EXP 	fixation: autoDraw = False
458.4906 	EXP 	line1: autoDraw = False
458.4906 	EXP 	line2: autoDraw = False
458.4906 	EXP 	line3: autoDraw = False
458.4906 	EXP 	line4: autoDraw = False
458.4906 	EXP 	probe: autoDraw = False
458.4906 	EXP 	fixation: autoDraw = True
458.5579 	EXP 	Device response: <KeyPress from None: t=458.4583520999877, value=x, duration=0.08622930001001805>
459.4754 	EXP 	line1: autoDraw = True
459.4754 	EXP 	line2: autoDraw = True
459.4754 	EXP 	line3: autoDraw = True
459.4754 	EXP 	line4: autoDraw = True
459.4911 	EXP 	fixation: autoDraw = False
460.4735 	INFO 	Keyboard events cleared
460.4733 	EXP 	probe: autoDraw = True
461.0918 	EXP 	Device response: <KeyPress from None: t=461.0872580999858, value=v, duration=None>
461.0922 	EXP 	New trial (rep=46, index=2): <Trial 186 (2 in rep 46) data={'pos': np.int64(50), 'corr_resp': 'c', 'thisN': 186, 'thisTrialN': 2, 'thisRepN': 46}>
461.0935 	DATA 	Keypress: v
461.1075 	EXP 	fixation: autoDraw = False
461.1075 	EXP 	line1: autoDraw = False
461.1075 	EXP 	line2: autoDraw = False
461.1075 	EXP 	line3: autoDraw = False
461.1075 	EXP 	line4: autoDraw = False
461.1075 	EXP 	probe: autoDraw = False
461.1075 	EXP 	fixation: autoDraw = True
461.1750 	EXP 	Device response: <KeyPress from None: t=461.0872580999858, value=v, duration=0.08141830004751682>
462.1077 	EXP 	fixation: autoDraw = False
462.1077 	EXP 	line1: autoDraw = True
462.1077 	EXP 	line2: autoDraw = True
462.1077 	EXP 	line3: autoDraw = True
462.1077 	EXP 	line4: autoDraw = True
463.0922 	INFO 	Keyboard events cleared
463.0920 	EXP 	probe: autoDraw = True
463.4773 	DATA 	Keypress: c
463.4928 	EXP 	Device response: <KeyPress from None: t=463.4782264000387, value=c, duration=None>
463.4932 	EXP 	New trial (rep=46, index=3): <Trial 187 (3 in rep 46) data={'pos': np.int64(-150), 'corr_resp': 'z', 'thisN': 187, 'thisTrialN': 3, 'thisRepN': 46}>
463.5074 	EXP 	fixation: autoDraw = False
463.5074 	EXP 	line1: autoDraw = False
463.5074 	EXP 	line2: autoDraw = False
463.5074 	EXP 	line3: autoDraw = False
463.5074 	EXP 	line4: autoDraw = False
463.5074 	EXP 	probe: autoDraw = False
463.5074 	EXP 	fixation: autoDraw = True
463.5742 	EXP 	Device response: <KeyPress from None: t=463.4782264000387, value=c, duration=0.08857269998406991>
464.5085 	EXP 	fixation: autoDraw = False
464.5085 	EXP 	line1: autoDraw = True
464.5085 	EXP 	line2: autoDraw = True
464.5085 	EXP 	line3: autoDraw = True
464.5085 	EXP 	line4: autoDraw = True
465.4922 	INFO 	Keyboard events cleared
465.4920 	EXP 	probe: autoDraw = True
465.7238 	EXP 	Device response: <KeyPress from None: t=465.71889499999816, value=z, duration=None>
465.7242 	EXP 	New trial (rep=47, index=0): <Trial 188 (0 in rep 47) data={'pos': np.int64(-50), 'corr_resp': 'x', 'thisN': 188, 'thisTrialN': 0, 'thisRepN': 47}>
465.7253 	DATA 	Keypress: z
465.7407 	EXP 	fixation: autoDraw = False
465.7407 	EXP 	line1: autoDraw = False
465.7407 	EXP 	line2: autoDraw = False
465.7407 	EXP 	line3: autoDraw = False
465.7407 	EXP 	line4: autoDraw = False
465.7407 	EXP 	probe: autoDraw = False
465.7407 	EXP 	fixation: autoDraw = True
465.8088 	EXP 	Device response: <KeyPress from None: t=465.71889499999816, value=z, duration=0.0814088000333868>
466.7252 	EXP 	line1: autoDraw = True
466.7252 	EXP 	line2: autoDraw = True
466.7252 	EXP 	line3: autoDraw = True
466.7252 	EXP 	line4: autoDraw = True
466.7421 	EXP 	fixation: autoDraw = False
467.7238 	INFO 	Keyboard events cleared
467.7237 	EXP 	probe: autoDraw = True
468.0088 	EXP 	Device response: <KeyPress from None: t=467.994649500004, value=x, duration=None>
468.0091 	EXP 	New trial (rep=47, index=1): <Trial 189 (1 in rep 47) data={'pos': np.int64(150), 'corr_resp': 'v', 'thisN': 189, 'thisTrialN': 1, 'thisRepN': 47}>
468.0103 	DATA 	Keypress: x
468.0244 	EXP 	fixation: autoDraw = False
468.0244 	EXP 	line1: autoDraw = False
468.0244 	EXP 	line2: autoDraw = False
468.0244 	EXP 	line3: autoDraw = False
468.0244 	EXP 	line4: autoDraw = False
468.0244 	EXP 	probe: autoDraw = False
468.0244 	EXP 	fixation: autoDraw = True
468.0752 	EXP 	Device response: <KeyPress from None: t=467.994649500004, value=x, duration=0.0773988000000827>
469.0078 	EXP 	line1: autoDraw = True
469.0078 	EXP 	line2: autoDraw = True
469.0078 	EXP 	line3: autoDraw = True
469.0078 	EXP 	line4: autoDraw = True
469.0251 	EXP 	fixation: autoDraw = False
470.0088 	INFO 	Keyboard events cleared
470.0086 	EXP 	probe: autoDraw = True
470.3081 	EXP 	Device response: <KeyPress from None: t=470.298526700004, value=v, duration=None>
470.3084 	EXP 	New trial (rep=47, index=2): <Trial 190 (2 in rep 47) data={'pos': np.int64(50), 'corr_resp': 'c', 'thisN': 190, 'thisTrialN': 2, 'thisRepN': 47}>
470.3095 	DATA 	Keypress: v
470.3252 	EXP 	fixation: autoDraw = False
470.3252 	EXP 	line1: autoDraw = False
470.3252 	EXP 	line2: autoDraw = False
470.3252 	EXP 	line3: autoDraw = False
470.3252 	EXP 	line4: autoDraw = False
470.3252 	EXP 	probe: autoDraw = False
470.3252 	EXP 	fixation: autoDraw = True
470.3906 	EXP 	Device response: <KeyPress from None: t=470.298526700004, value=v, duration=0.08231070003239438>
471.3083 	EXP 	line1: autoDraw = True
471.3083 	EXP 	line2: autoDraw = True
471.3083 	EXP 	line3: autoDraw = True
471.3083 	EXP 	line4: autoDraw = True
471.3242 	EXP 	fixation: autoDraw = False
472.3087 	INFO 	Keyboard events cleared
472.3085 	EXP 	probe: autoDraw = True
472.6081 	EXP 	Device response: <KeyPress from None: t=472.59538870002143, value=c, duration=None>
472.6084 	EXP 	New trial (rep=47, index=3): <Trial 191 (3 in rep 47) data={'pos': np.int64(-150), 'corr_resp': 'z', 'thisN': 191, 'thisTrialN': 3, 'thisRepN': 47}>
472.6096 	DATA 	Keypress: c
472.6250 	EXP 	fixation: autoDraw = False
472.6250 	EXP 	line1: autoDraw = False
472.6250 	EXP 	line2: autoDraw = False
472.6250 	EXP 	line3: autoDraw = False
472.6250 	EXP 	line4: autoDraw = False
472.6250 	EXP 	probe: autoDraw = False
472.6250 	EXP 	fixation: autoDraw = True
472.6916 	EXP 	Device response: <KeyPress from None: t=472.59538870002143, value=c, duration=0.08160879998467863>
473.6086 	EXP 	line1: autoDraw = True
473.6086 	EXP 	line2: autoDraw = True
473.6086 	EXP 	line3: autoDraw = True
473.6086 	EXP 	line4: autoDraw = True
473.6257 	EXP 	fixation: autoDraw = False
474.6090 	INFO 	Keyboard events cleared
474.6088 	EXP 	probe: autoDraw = True
474.8420 	EXP 	Device response: <KeyPress from None: t=474.83321870001964, value=z, duration=None>
474.8424 	EXP 	New trial (rep=48, index=0): <Trial 192 (0 in rep 48) data={'pos': np.int64(-50), 'corr_resp': 'x', 'thisN': 192, 'thisTrialN': 0, 'thisRepN': 48}>
474.8435 	DATA 	Keypress: z
474.8582 	EXP 	fixation: autoDraw = False
474.8582 	EXP 	line1: autoDraw = False
474.8582 	EXP 	line2: autoDraw = False
474.8582 	EXP 	line3: autoDraw = False
474.8582 	EXP 	line4: autoDraw = False
474.8582 	EXP 	probe: autoDraw = False
474.8582 	EXP 	fixation: autoDraw = True
474.9250 	EXP 	Device response: <KeyPress from None: t=474.83321870001964, value=z, duration=0.08149110001977533>
475.8435 	EXP 	line1: autoDraw = True
475.8435 	EXP 	line2: autoDraw = True
475.8435 	EXP 	line3: autoDraw = True
475.8435 	EXP 	line4: autoDraw = True
475.8586 	EXP 	fixation: autoDraw = False
476.8422 	INFO 	Keyboard events cleared
476.8420 	EXP 	probe: autoDraw = True
477.1079 	EXP 	Device response: <KeyPress from None: t=477.0956212999881, value=x, duration=None>
477.1083 	EXP 	New trial (rep=48, index=1): <Trial 193 (1 in rep 48) data={'pos': np.int64(150), 'corr_resp': 'v', 'thisN': 193, 'thisTrialN': 1, 'thisRepN': 48}>
477.1094 	DATA 	Keypress: x
477.1244 	EXP 	fixation: autoDraw = False
477.1244 	EXP 	line1: autoDraw = False
477.1244 	EXP 	line2: autoDraw = False
477.1244 	EXP 	line3: autoDraw = False
477.1244 	EXP 	line4: autoDraw = False
477.1244 	EXP 	probe: autoDraw = False
477.1244 	EXP 	fixation: autoDraw = True
477.2076 	EXP 	Device response: <KeyPress from None: t=477.0956212999881, value=x, duration=0.09676320001017302>
478.1077 	EXP 	line1: autoDraw = True
478.1077 	EXP 	line2: autoDraw = True
478.1077 	EXP 	line3: autoDraw = True
478.1077 	EXP 	line4: autoDraw = True
478.1253 	EXP 	fixation: autoDraw = False
479.1088 	INFO 	Keyboard events cleared
479.1086 	EXP 	probe: autoDraw = True
479.3921 	EXP 	Device response: <KeyPress from None: t=479.38367650000146, value=v, duration=None>
479.3926 	EXP 	New trial (rep=48, index=2): <Trial 194 (2 in rep 48) data={'pos': np.int64(50), 'corr_resp': 'c', 'thisN': 194, 'thisTrialN': 2, 'thisRepN': 48}>
479.3940 	DATA 	Keypress: v
479.4075 	EXP 	fixation: autoDraw = False
479.4075 	EXP 	line1: autoDraw = False
479.4075 	EXP 	line2: autoDraw = False
479.4075 	EXP 	line3: autoDraw = False
479.4075 	EXP 	line4: autoDraw = False
479.4075 	EXP 	probe: autoDraw = False
479.4075 	EXP 	fixation: autoDraw = True
479.5088 	EXP 	Device response: <KeyPress from None: t=479.38367650000146, value=v, duration=0.11738810001406819>
480.4083 	EXP 	fixation: autoDraw = False
480.4083 	EXP 	line1: autoDraw = True
480.4083 	EXP 	line2: autoDraw = True
480.4083 	EXP 	line3: autoDraw = True
480.4083 	EXP 	line4: autoDraw = True
481.4091 	INFO 	Keyboard events cleared
481.4089 	EXP 	probe: autoDraw = True
482.1092 	EXP 	Device response: <KeyPress from None: t=482.1054339000257, value=c, duration=None>
482.1096 	EXP 	New trial (rep=48, index=3): <Trial 195 (3 in rep 48) data={'pos': np.int64(-150), 'corr_resp': 'z', 'thisN': 195, 'thisTrialN': 3, 'thisRepN': 48}>
482.1109 	DATA 	Keypress: c
482.1238 	EXP 	fixation: autoDraw = False
482.1238 	EXP 	line1: autoDraw = False
482.1238 	EXP 	line2: autoDraw = False
482.1238 	EXP 	line3: autoDraw = False
482.1238 	EXP 	line4: autoDraw = False
482.1238 	EXP 	probe: autoDraw = False
482.1238 	EXP 	fixation: autoDraw = True
482.1920 	EXP 	Device response: <KeyPress from None: t=482.1054339000257, value=c, duration=0.0820469000027515>
483.1255 	EXP 	fixation: autoDraw = False
483.1255 	EXP 	line1: autoDraw = True
483.1255 	EXP 	line2: autoDraw = True
483.1255 	EXP 	line3: autoDraw = True
483.1255 	EXP 	line4: autoDraw = True
484.1256 	INFO 	Keyboard events cleared
484.1253 	EXP 	probe: autoDraw = True
484.5602 	DATA 	Keypress: z
484.5750 	EXP 	Device response: <KeyPress from None: t=484.55815870000515, value=z, duration=None>
484.5754 	EXP 	New trial (rep=49, index=0): <Trial 196 (0 in rep 49) data={'pos': np.int64(-50), 'corr_resp': 'x', 'thisN': 196, 'thisTrialN': 0, 'thisRepN': 49}>
484.5958 	EXP 	fixation: autoDraw = False
484.5958 	EXP 	line1: autoDraw = False
484.5958 	EXP 	line2: autoDraw = False
484.5958 	EXP 	line3: autoDraw = False
484.5958 	EXP 	line4: autoDraw = False
484.5958 	EXP 	probe: autoDraw = False
484.5958 	EXP 	fixation: autoDraw = True
484.6416 	EXP 	Device response: <KeyPress from None: t=484.55815870000515, value=z, duration=0.07579430000623688>
485.5756 	EXP 	line1: autoDraw = True
485.5756 	EXP 	line2: autoDraw = True
485.5756 	EXP 	line3: autoDraw = True
485.5756 	EXP 	line4: autoDraw = True
485.6082 	EXP 	fixation: autoDraw = False
486.5757 	INFO 	Keyboard events cleared
486.5754 	EXP 	probe: autoDraw = True
486.8277 	DATA 	Keypress: x
486.8416 	EXP 	Device response: <KeyPress from None: t=486.826988100016, value=x, duration=None>
486.8420 	EXP 	New trial (rep=49, index=1): <Trial 197 (1 in rep 49) data={'pos': np.int64(150), 'corr_resp': 'v', 'thisN': 197, 'thisTrialN': 1, 'thisRepN': 49}>
486.8584 	EXP 	fixation: autoDraw = False
486.8584 	EXP 	line1: autoDraw = False
486.8584 	EXP 	line2: autoDraw = False
486.8584 	EXP 	line3: autoDraw = False
486.8584 	EXP 	line4: autoDraw = False
486.8584 	EXP 	probe: autoDraw = False
486.8584 	EXP 	fixation: autoDraw = True
486.9256 	EXP 	Device response: <KeyPress from None: t=486.826988100016, value=x, duration=0.08731189998798072>
487.8419 	EXP 	line1: autoDraw = True
487.8419 	EXP 	line2: autoDraw = True
487.8419 	EXP 	line3: autoDraw = True
487.8419 	EXP 	line4: autoDraw = True
487.8588 	EXP 	fixation: autoDraw = False
488.8423 	INFO 	Keyboard events cleared
488.8421 	EXP 	probe: autoDraw = True
489.0921 	EXP 	Device response: <KeyPress from None: t=489.08892130001914, value=v, duration=None>
489.0926 	EXP 	New trial (rep=49, index=2): <Trial 198 (2 in rep 49) data={'pos': np.int64(50), 'corr_resp': 'c', 'thisN': 198, 'thisTrialN': 2, 'thisRepN': 49}>
489.0938 	DATA 	Keypress: v
489.1072 	EXP 	fixation: autoDraw = False
489.1072 	EXP 	line1: autoDraw = False
489.1072 	EXP 	line2: autoDraw = False
489.1072 	EXP 	line3: autoDraw = False
489.1072 	EXP 	line4: autoDraw = False
489.1072 	EXP 	probe: autoDraw = False
489.1072 	EXP 	fixation: autoDraw = True
489.1750 	EXP 	Device response: <KeyPress from None: t=489.08892130001914, value=v, duration=0.07034019997809082>
490.0922 	EXP 	line1: autoDraw = True
490.0922 	EXP 	line2: autoDraw = True
490.0922 	EXP 	line3: autoDraw = True
490.0922 	EXP 	line4: autoDraw = True
490.1079 	EXP 	fixation: autoDraw = False
491.1078 	INFO 	Keyboard events cleared
491.1076 	EXP 	probe: autoDraw = True
491.4428 	EXP 	Device response: <KeyPress from None: t=491.43164309998974, value=c, duration=None>
491.4432 	EXP 	New trial (rep=49, index=3): <Trial 199 (3 in rep 49) data={'pos': np.int64(-150), 'corr_resp': 'z', 'thisN': 199, 'thisTrialN': 3, 'thisRepN': 49}>
491.4445 	DATA 	Keypress: c
491.4582 	EXP 	fixation: autoDraw = False
491.4582 	EXP 	line1: autoDraw = False
491.4582 	EXP 	line2: autoDraw = False
491.4582 	EXP 	line3: autoDraw = False
491.4582 	EXP 	line4: autoDraw = False
491.4582 	EXP 	probe: autoDraw = False
491.4582 	EXP 	fixation: autoDraw = True
491.5583 	EXP 	Device response: <KeyPress from None: t=491.43164309998974, value=c, duration=0.11275230004685>
492.4423 	EXP 	line1: autoDraw = True
492.4423 	EXP 	line2: autoDraw = True
492.4423 	EXP 	line3: autoDraw = True
492.4423 	EXP 	line4: autoDraw = True
492.4588 	EXP 	fixation: autoDraw = False
493.4432 	INFO 	Keyboard events cleared
493.4430 	EXP 	probe: autoDraw = True
493.7418 	EXP 	Device response: <KeyPress from None: t=493.7391735999845, value=z, duration=None>
493.7471 	EXP 	Imported sequence_conditions.csv as conditions, 4 conditions, 2 params
493.7563 	EXP 	New trial (rep=0, index=0): <Trial 0 (0 in rep 0) data={'pos': np.int64(150), 'corr_resp': 'v', 'thisN': 0, 'thisTrialN': 0, 'thisRepN': 0}>
493.7588 	DATA 	Keypress: z
493.7672 	EXP 	fixation: autoDraw = False
493.7672 	EXP 	line1: autoDraw = False
493.7672 	EXP 	line2: autoDraw = False
493.7672 	EXP 	line3: autoDraw = False
493.7672 	EXP 	line4: autoDraw = False
493.7672 	EXP 	probe: autoDraw = False
493.7672 	EXP 	fixation_2: autoDraw = True
493.8250 	EXP 	Device response: <KeyPress from None: t=493.7391735999845, value=z, duration=0.07793630001833662>
494.7408 	EXP 	line_1: autoDraw = True
494.7408 	EXP 	line_2: autoDraw = True
494.7408 	EXP 	line_3: autoDraw = True
494.7408 	EXP 	line_4: autoDraw = True
494.7759 	EXP 	fixation_2: autoDraw = False
495.7430 	INFO 	Keyboard events cleared
495.7428 	EXP 	probe_2: autoDraw = True
497.1587 	EXP 	Device response: <KeyPress from None: t=497.15466960001504, value=v, duration=None>
497.1590 	EXP 	New trial (rep=0, index=1): <Trial 1 (1 in rep 0) data={'pos': np.int64(50), 'corr_resp': 'c', 'thisN': 1, 'thisTrialN': 1, 'thisRepN': 0}>
497.1606 	DATA 	Keypress: v
497.1739 	EXP 	fixation_2: autoDraw = False
497.1739 	EXP 	line_1: autoDraw = False
497.1739 	EXP 	line_2: autoDraw = False
497.1739 	EXP 	line_3: autoDraw = False
497.1739 	EXP 	line_4: autoDraw = False
497.1739 	EXP 	probe_2: autoDraw = False
497.1739 	EXP 	fixation_2: autoDraw = True
497.2583 	EXP 	Device response: <KeyPress from None: t=497.15466960001504, value=v, duration=0.10090050002327189>
498.1589 	EXP 	line_1: autoDraw = True
498.1589 	EXP 	line_2: autoDraw = True
498.1589 	EXP 	line_3: autoDraw = True
498.1589 	EXP 	line_4: autoDraw = True
498.1760 	EXP 	fixation_2: autoDraw = False
499.1589 	INFO 	Keyboard events cleared
499.1587 	EXP 	probe_2: autoDraw = True
500.4765 	EXP 	Device response: <KeyPress from None: t=500.46764510002686, value=c, duration=None>
500.4770 	EXP 	New trial (rep=1, index=2): <Trial 2 (2 in rep 1) data={'pos': np.int64(50), 'corr_resp': 'c', 'thisN': 2, 'thisTrialN': 2, 'thisRepN': 1}>
500.4785 	DATA 	Keypress: c
500.4906 	EXP 	fixation_2: autoDraw = False
500.4906 	EXP 	line_1: autoDraw = False
500.4906 	EXP 	line_2: autoDraw = False
500.4906 	EXP 	line_3: autoDraw = False
500.4906 	EXP 	line_4: autoDraw = False
500.4906 	EXP 	probe_2: autoDraw = False
500.4906 	EXP 	fixation_2: autoDraw = True
500.5581 	EXP 	Device response: <KeyPress from None: t=500.46764510002686, value=c, duration=0.0762879999820143>
501.4737 	EXP 	line_1: autoDraw = True
501.4737 	EXP 	line_2: autoDraw = True
501.4737 	EXP 	line_3: autoDraw = True
501.4737 	EXP 	line_4: autoDraw = True
501.4921 	EXP 	fixation_2: autoDraw = False
502.4923 	INFO 	Keyboard events cleared
502.4921 	EXP 	probe_2: autoDraw = True
503.4590 	EXP 	Device response: <KeyPress from None: t=503.45441639999626, value=c, duration=None>
503.4593 	EXP 	New trial (rep=0, index=3): <Trial 3 (3 in rep 0) data={'pos': np.int64(-150), 'corr_resp': 'z', 'thisN': 3, 'thisTrialN': 3, 'thisRepN': 0}>
503.4608 	DATA 	Keypress: c
503.4739 	EXP 	fixation_2: autoDraw = False
503.4739 	EXP 	line_1: autoDraw = False
503.4739 	EXP 	line_2: autoDraw = False
503.4739 	EXP 	line_3: autoDraw = False
503.4739 	EXP 	line_4: autoDraw = False
503.4739 	EXP 	probe_2: autoDraw = False
503.4739 	EXP 	fixation_2: autoDraw = True
503.5750 	EXP 	Device response: <KeyPress from None: t=503.45441639999626, value=c, duration=0.1062779999920167>
504.4580 	EXP 	line_1: autoDraw = True
504.4580 	EXP 	line_2: autoDraw = True
504.4580 	EXP 	line_3: autoDraw = True
504.4580 	EXP 	line_4: autoDraw = True
504.4759 	EXP 	fixation_2: autoDraw = False
505.4751 	INFO 	Keyboard events cleared
505.4749 	EXP 	probe_2: autoDraw = True
506.3580 	EXP 	Device response: <KeyPress from None: t=506.34547460003523, value=z, duration=None>
506.3583 	EXP 	New trial (rep=1, index=4): <Trial 4 (4 in rep 1) data={'pos': np.int64(150), 'corr_resp': 'v', 'thisN': 4, 'thisTrialN': 4, 'thisRepN': 1}>
506.3597 	DATA 	Keypress: z
506.3749 	EXP 	fixation_2: autoDraw = False
506.3749 	EXP 	line_1: autoDraw = False
506.3749 	EXP 	line_2: autoDraw = False
506.3749 	EXP 	line_3: autoDraw = False
506.3749 	EXP 	line_4: autoDraw = False
506.3749 	EXP 	probe_2: autoDraw = False
506.3749 	EXP 	fixation_2: autoDraw = True
506.4764 	EXP 	Device response: <KeyPress from None: t=506.34547460003523, value=z, duration=0.11815389996627346>
507.3589 	EXP 	line_1: autoDraw = True
507.3589 	EXP 	line_2: autoDraw = True
507.3589 	EXP 	line_3: autoDraw = True
507.3589 	EXP 	line_4: autoDraw = True
507.3754 	EXP 	fixation_2: autoDraw = False
508.3583 	INFO 	Keyboard events cleared
508.3581 	EXP 	probe_2: autoDraw = True
509.4258 	EXP 	Device response: <KeyPress from None: t=509.4206653999863, value=v, duration=None>
509.4263 	EXP 	New trial (rep=2, index=5): <Trial 5 (5 in rep 2) data={'pos': np.int64(150), 'corr_resp': 'v', 'thisN': 5, 'thisTrialN': 5, 'thisRepN': 2}>
509.4278 	DATA 	Keypress: v
509.4417 	EXP 	fixation_2: autoDraw = False
509.4417 	EXP 	line_1: autoDraw = False
509.4417 	EXP 	line_2: autoDraw = False
509.4417 	EXP 	line_3: autoDraw = False
509.4417 	EXP 	line_4: autoDraw = False
509.4417 	EXP 	probe_2: autoDraw = False
509.4417 	EXP 	fixation_2: autoDraw = True
509.5414 	EXP 	Device response: <KeyPress from None: t=509.4206653999863, value=v, duration=0.11465910001425073>
510.4257 	EXP 	line_1: autoDraw = True
510.4257 	EXP 	line_2: autoDraw = True
510.4257 	EXP 	line_3: autoDraw = True
510.4257 	EXP 	line_4: autoDraw = True
510.4407 	EXP 	fixation_2: autoDraw = False
511.4260 	INFO 	Keyboard events cleared
511.4258 	EXP 	probe_2: autoDraw = True
512.3454 	DATA 	Keypress: v
512.3584 	EXP 	Device response: <KeyPress from None: t=512.3442140000407, value=v, duration=None>
512.3588 	EXP 	New trial (rep=0, index=6): <Trial 6 (6 in rep 0) data={'pos': np.int64(-50), 'corr_resp': 'x', 'thisN': 6, 'thisTrialN': 6, 'thisRepN': 0}>
512.3756 	EXP 	fixation_2: autoDraw = False
512.3756 	EXP 	line_1: autoDraw = False
512.3756 	EXP 	line_2: autoDraw = False
512.3756 	EXP 	line_3: autoDraw = False
512.3756 	EXP 	line_4: autoDraw = False
512.3756 	EXP 	probe_2: autoDraw = False
512.3756 	EXP 	fixation_2: autoDraw = True
512.4428 	EXP 	Device response: <KeyPress from None: t=512.3442140000407, value=v, duration=0.0938297999673523>
513.3589 	EXP 	line_1: autoDraw = True
513.3589 	EXP 	line_2: autoDraw = True
513.3589 	EXP 	line_3: autoDraw = True
513.3589 	EXP 	line_4: autoDraw = True
513.3764 	EXP 	fixation_2: autoDraw = False
514.3590 	INFO 	Keyboard events cleared
514.3588 	EXP 	probe_2: autoDraw = True
515.1757 	EXP 	Device response: <KeyPress from None: t=515.1606972999871, value=x, duration=None>
515.1760 	EXP 	New trial (rep=1, index=7): <Trial 7 (7 in rep 1) data={'pos': np.int64(-150), 'corr_resp': 'z', 'thisN': 7, 'thisTrialN': 7, 'thisRepN': 1}>
515.1774 	DATA 	Keypress: x
515.1919 	EXP 	fixation_2: autoDraw = False
515.1919 	EXP 	line_1: autoDraw = False
515.1919 	EXP 	line_2: autoDraw = False
515.1919 	EXP 	line_3: autoDraw = False
515.1919 	EXP 	line_4: autoDraw = False
515.1919 	EXP 	probe_2: autoDraw = False
515.1919 	EXP 	fixation_2: autoDraw = True
515.2420 	EXP 	Device response: <KeyPress from None: t=515.1606972999871, value=x, duration=0.07575010001892224>
516.1753 	EXP 	line_1: autoDraw = True
516.1753 	EXP 	line_2: autoDraw = True
516.1753 	EXP 	line_3: autoDraw = True
516.1753 	EXP 	line_4: autoDraw = True
516.1927 	EXP 	fixation_2: autoDraw = False
517.1762 	INFO 	Keyboard events cleared
517.1760 	EXP 	probe_2: autoDraw = True
518.6921 	EXP 	Device response: <KeyPress from None: t=518.6864490000298, value=z, duration=None>
518.6926 	EXP 	New trial (rep=3, index=8): <Trial 8 (8 in rep 3) data={'pos': np.int64(150), 'corr_resp': 'v', 'thisN': 8, 'thisTrialN': 8, 'thisRepN': 3}>
518.6939 	DATA 	Keypress: z
518.7075 	EXP 	fixation_2: autoDraw = False
518.7075 	EXP 	line_1: autoDraw = False
518.7075 	EXP 	line_2: autoDraw = False
518.7075 	EXP 	line_3: autoDraw = False
518.7075 	EXP 	line_4: autoDraw = False
518.7075 	EXP 	probe_2: autoDraw = False
518.7075 	EXP 	fixation_2: autoDraw = True
518.7917 	EXP 	Device response: <KeyPress from None: t=518.6864490000298, value=z, duration=0.10084709996590391>
519.6925 	EXP 	line_1: autoDraw = True
519.6925 	EXP 	line_2: autoDraw = True
519.6925 	EXP 	line_3: autoDraw = True
519.6925 	EXP 	line_4: autoDraw = True
519.7095 	EXP 	fixation_2: autoDraw = False
520.6926 	INFO 	Keyboard events cleared
520.6923 	EXP 	probe_2: autoDraw = True
522.1251 	EXP 	Device response: <KeyPress from None: t=522.1232556999894, value=v, duration=None>
522.1255 	EXP 	New trial (rep=2, index=9): <Trial 9 (9 in rep 2) data={'pos': np.int64(-150), 'corr_resp': 'z', 'thisN': 9, 'thisTrialN': 9, 'thisRepN': 2}>
522.1269 	DATA 	Keypress: v
522.1410 	EXP 	fixation_2: autoDraw = False
522.1410 	EXP 	line_1: autoDraw = False
522.1410 	EXP 	line_2: autoDraw = False
522.1410 	EXP 	line_3: autoDraw = False
522.1410 	EXP 	line_4: autoDraw = False
522.1410 	EXP 	probe_2: autoDraw = False
522.1410 	EXP 	fixation_2: autoDraw = True
522.2102 	EXP 	Device response: <KeyPress from None: t=522.1232556999894, value=v, duration=0.07647850003559142>
523.1259 	EXP 	line_1: autoDraw = True
523.1259 	EXP 	line_2: autoDraw = True
523.1259 	EXP 	line_3: autoDraw = True
523.1259 	EXP 	line_4: autoDraw = True
523.1410 	EXP 	fixation_2: autoDraw = False
524.1262 	INFO 	Keyboard events cleared
524.1260 	EXP 	probe_2: autoDraw = True
526.2768 	EXP 	Device response: <KeyPress from None: t=526.2736476000282, value=z, duration=None>
526.2772 	EXP 	New trial (rep=1, index=10): <Trial 10 (10 in rep 1) data={'pos': np.int64(-50), 'corr_resp': 'x', 'thisN': 10, 'thisTrialN': 10, 'thisRepN': 1}>
526.2787 	DATA 	Keypress: z
526.2912 	EXP 	fixation_2: autoDraw = False
526.2912 	EXP 	line_1: autoDraw = False
526.2912 	EXP 	line_2: autoDraw = False
526.2912 	EXP 	line_3: autoDraw = False
526.2912 	EXP 	line_4: autoDraw = False
526.2912 	EXP 	probe_2: autoDraw = False
526.2912 	EXP 	fixation_2: autoDraw = True
526.3593 	EXP 	Device response: <KeyPress from None: t=526.2736476000282, value=z, duration=0.08240839996142313>
527.2753 	EXP 	line_1: autoDraw = True
527.2753 	EXP 	line_2: autoDraw = True
527.2753 	EXP 	line_3: autoDraw = True
527.2753 	EXP 	line_4: autoDraw = True
527.2924 	EXP 	fixation_2: autoDraw = False
528.2758 	INFO 	Keyboard events cleared
528.2756 	EXP 	probe_2: autoDraw = True
529.6935 	EXP 	Device response: <KeyPress from None: t=529.6825777000049, value=x, duration=None>
529.6940 	EXP 	New trial (rep=4, index=11): <Trial 11 (11 in rep 4) data={'pos': np.int64(150), 'corr_resp': 'v', 'thisN': 11, 'thisTrialN': 11, 'thisRepN': 4}>
529.6956 	DATA 	Keypress: x
529.7077 	EXP 	fixation_2: autoDraw = False
529.7077 	EXP 	line_1: autoDraw = False
529.7077 	EXP 	line_2: autoDraw = False
529.7077 	EXP 	line_3: autoDraw = False
529.7077 	EXP 	line_4: autoDraw = False
529.7077 	EXP 	probe_2: autoDraw = False
529.7077 	EXP 	fixation_2: autoDraw = True
529.7588 	EXP 	Device response: <KeyPress from None: t=529.6825777000049, value=x, duration=0.07426580000901595>
530.7078 	EXP 	fixation_2: autoDraw = False
530.7078 	EXP 	line_1: autoDraw = True
530.7078 	EXP 	line_2: autoDraw = True
530.7078 	EXP 	line_3: autoDraw = True
530.7078 	EXP 	line_4: autoDraw = True
531.7080 	INFO 	Keyboard events cleared
531.7079 	EXP 	probe_2: autoDraw = True
532.9254 	EXP 	Device response: <KeyPress from None: t=532.9152756999829, value=v, duration=None>
532.9257 	EXP 	New trial (rep=2, index=12): <Trial 12 (12 in rep 2) data={'pos': np.int64(50), 'corr_resp': 'c', 'thisN': 12, 'thisTrialN': 12, 'thisRepN': 2}>
532.9275 	DATA 	Keypress: v
532.9409 	EXP 	fixation_2: autoDraw = False
532.9409 	EXP 	line_1: autoDraw = False
532.9409 	EXP 	line_2: autoDraw = False
532.9409 	EXP 	line_3: autoDraw = False
532.9409 	EXP 	line_4: autoDraw = False
532.9409 	EXP 	probe_2: autoDraw = False
532.9409 	EXP 	fixation_2: autoDraw = True
533.0084 	EXP 	Device response: <KeyPress from None: t=532.9152756999829, value=v, duration=0.08546530001331121>
533.9250 	EXP 	line_1: autoDraw = True
533.9250 	EXP 	line_2: autoDraw = True
533.9250 	EXP 	line_3: autoDraw = True
533.9250 	EXP 	line_4: autoDraw = True
533.9410 	EXP 	fixation_2: autoDraw = False
534.9416 	INFO 	Keyboard events cleared
534.9415 	EXP 	probe_2: autoDraw = True
536.2243 	EXP 	Device response: <KeyPress from None: t=536.2219649000326, value=c, duration=None>
536.2246 	EXP 	New trial (rep=5, index=13): <Trial 13 (13 in rep 5) data={'pos': np.int64(150), 'corr_resp': 'v', 'thisN': 13, 'thisTrialN': 13, 'thisRepN': 5}>
536.2255 	DATA 	Keypress: c
536.2406 	EXP 	fixation_2: autoDraw = False
536.2406 	EXP 	line_1: autoDraw = False
536.2406 	EXP 	line_2: autoDraw = False
536.2406 	EXP 	line_3: autoDraw = False
536.2406 	EXP 	line_4: autoDraw = False
536.2406 	EXP 	probe_2: autoDraw = False
536.2406 	EXP 	fixation_2: autoDraw = True
536.2909 	EXP 	Device response: <KeyPress from None: t=536.2219649000326, value=c, duration=0.06654359999811277>
537.2252 	EXP 	line_1: autoDraw = True
537.2252 	EXP 	line_2: autoDraw = True
537.2252 	EXP 	line_3: autoDraw = True
537.2252 	EXP 	line_4: autoDraw = True
537.2412 	EXP 	fixation_2: autoDraw = False
538.2241 	INFO 	Keyboard events cleared
538.2239 	EXP 	probe_2: autoDraw = True
540.0256 	DATA 	Keypress: v
540.0419 	EXP 	Device response: <KeyPress from None: t=540.0243803000194, value=v, duration=None>
540.0421 	EXP 	New trial (rep=3, index=14): <Trial 14 (14 in rep 3) data={'pos': np.int64(50), 'corr_resp': 'c', 'thisN': 14, 'thisTrialN': 14, 'thisRepN': 3}>
540.0584 	EXP 	fixation_2: autoDraw = False
540.0584 	EXP 	line_1: autoDraw = False
540.0584 	EXP 	line_2: autoDraw = False
540.0584 	EXP 	line_3: autoDraw = False
540.0584 	EXP 	line_4: autoDraw = False
540.0584 	EXP 	probe_2: autoDraw = False
540.0584 	EXP 	fixation_2: autoDraw = True
540.1079 	EXP 	Device response: <KeyPress from None: t=540.0243803000194, value=v, duration=0.07359529996756464>
541.0583 	EXP 	fixation_2: autoDraw = False
541.0583 	EXP 	line_1: autoDraw = True
541.0583 	EXP 	line_2: autoDraw = True
541.0583 	EXP 	line_3: autoDraw = True
541.0583 	EXP 	line_4: autoDraw = True
542.0413 	INFO 	Keyboard events cleared
542.0412 	EXP 	probe_2: autoDraw = True
544.1753 	EXP 	Device response: <KeyPress from None: t=544.1737229999853, value=c, duration=None>
544.1756 	EXP 	New trial (rep=4, index=15): <Trial 15 (15 in rep 4) data={'pos': np.int64(50), 'corr_resp': 'c', 'thisN': 15, 'thisTrialN': 15, 'thisRepN': 4}>
544.1774 	DATA 	Keypress: c
544.1917 	EXP 	fixation_2: autoDraw = False
544.1917 	EXP 	line_1: autoDraw = False
544.1917 	EXP 	line_2: autoDraw = False
544.1917 	EXP 	line_3: autoDraw = False
544.1917 	EXP 	line_4: autoDraw = False
544.1917 	EXP 	probe_2: autoDraw = False
544.1917 	EXP 	fixation_2: autoDraw = True
544.2582 	EXP 	Device response: <KeyPress from None: t=544.1737229999853, value=c, duration=0.07150320004438981>
545.1919 	EXP 	fixation_2: autoDraw = False
545.1919 	EXP 	line_1: autoDraw = True
545.1919 	EXP 	line_2: autoDraw = True
545.1919 	EXP 	line_3: autoDraw = True
545.1919 	EXP 	line_4: autoDraw = True
546.1921 	INFO 	Keyboard events cleared
546.1919 	EXP 	probe_2: autoDraw = True
547.3754 	EXP 	Device response: <KeyPress from None: t=547.3602096000104, value=c, duration=None>
547.3758 	EXP 	New trial (rep=5, index=16): <Trial 16 (16 in rep 5) data={'pos': np.int64(50), 'corr_resp': 'c', 'thisN': 16, 'thisTrialN': 16, 'thisRepN': 5}>
547.3776 	DATA 	Keypress: c
547.3910 	EXP 	fixation_2: autoDraw = False
547.3910 	EXP 	line_1: autoDraw = False
547.3910 	EXP 	line_2: autoDraw = False
547.3910 	EXP 	line_3: autoDraw = False
547.3910 	EXP 	line_4: autoDraw = False
547.3910 	EXP 	probe_2: autoDraw = False
547.3910 	EXP 	fixation_2: autoDraw = True
547.4414 	EXP 	Device response: <KeyPress from None: t=547.3602096000104, value=c, duration=0.07418920000782236>
548.3750 	EXP 	line_1: autoDraw = True
548.3750 	EXP 	line_2: autoDraw = True
548.3750 	EXP 	line_3: autoDraw = True
548.3750 	EXP 	line_4: autoDraw = True
548.3910 	EXP 	fixation_2: autoDraw = False
549.3910 	INFO 	Keyboard events cleared
549.3908 	EXP 	probe_2: autoDraw = True
549.9932 	DATA 	Keypress: c
550.0085 	EXP 	Device response: <KeyPress from None: t=549.992001799983, value=c, duration=None>
550.0088 	EXP 	New trial (rep=3, index=17): <Trial 17 (17 in rep 3) data={'pos': np.int64(-150), 'corr_resp': 'z', 'thisN': 17, 'thisTrialN': 17, 'thisRepN': 3}>
550.0249 	EXP 	fixation_2: autoDraw = False
550.0249 	EXP 	line_1: autoDraw = False
550.0249 	EXP 	line_2: autoDraw = False
550.0249 	EXP 	line_3: autoDraw = False
550.0249 	EXP 	line_4: autoDraw = False
550.0249 	EXP 	probe_2: autoDraw = False
550.0249 	EXP 	fixation_2: autoDraw = True
550.0752 	EXP 	Device response: <KeyPress from None: t=549.992001799983, value=c, duration=0.07630220003193244>
551.0077 	EXP 	line_1: autoDraw = True
551.0077 	EXP 	line_2: autoDraw = True
551.0077 	EXP 	line_3: autoDraw = True
551.0077 	EXP 	line_4: autoDraw = True
551.0242 	EXP 	fixation_2: autoDraw = False
552.0244 	INFO 	Keyboard events cleared
552.0243 	EXP 	probe_2: autoDraw = True
553.0102 	DATA 	Keypress: z
553.0250 	EXP 	Device response: <KeyPress from None: t=553.0090732999961, value=z, duration=None>
553.0254 	EXP 	New trial (rep=6, index=18): <Trial 18 (18 in rep 6) data={'pos': np.int64(50), 'corr_resp': 'c', 'thisN': 18, 'thisTrialN': 18, 'thisRepN': 6}>
553.0416 	EXP 	fixation_2: autoDraw = False
553.0416 	EXP 	line_1: autoDraw = False
553.0416 	EXP 	line_2: autoDraw = False
553.0416 	EXP 	line_3: autoDraw = False
553.0416 	EXP 	line_4: autoDraw = False
553.0416 	EXP 	probe_2: autoDraw = False
553.0416 	EXP 	fixation_2: autoDraw = True
553.0913 	EXP 	Device response: <KeyPress from None: t=553.0090732999961, value=z, duration=0.07114860002184287>
554.0249 	EXP 	line_1: autoDraw = True
554.0249 	EXP 	line_2: autoDraw = True
554.0249 	EXP 	line_3: autoDraw = True
554.0249 	EXP 	line_4: autoDraw = True
554.0418 	EXP 	fixation_2: autoDraw = False
555.0251 	INFO 	Keyboard events cleared
555.0250 	EXP 	probe_2: autoDraw = True
555.8245 	EXP 	Device response: <KeyPress from None: t=555.8183408000041, value=c, duration=None>
555.8248 	EXP 	New trial (rep=2, index=19): <Trial 19 (19 in rep 2) data={'pos': np.int64(-50), 'corr_resp': 'x', 'thisN': 19, 'thisTrialN': 19, 'thisRepN': 2}>
555.8259 	DATA 	Keypress: c
555.8419 	EXP 	fixation_2: autoDraw = False
555.8419 	EXP 	line_1: autoDraw = False
555.8419 	EXP 	line_2: autoDraw = False
555.8419 	EXP 	line_3: autoDraw = False
555.8419 	EXP 	line_4: autoDraw = False
555.8419 	EXP 	probe_2: autoDraw = False
555.8419 	EXP 	fixation_2: autoDraw = True
555.9095 	EXP 	Device response: <KeyPress from None: t=555.8183408000041, value=c, duration=0.07599139999365434>
556.8242 	EXP 	line_1: autoDraw = True
556.8242 	EXP 	line_2: autoDraw = True
556.8242 	EXP 	line_3: autoDraw = True
556.8242 	EXP 	line_4: autoDraw = True
556.8415 	EXP 	fixation_2: autoDraw = False
557.8243 	INFO 	Keyboard events cleared
557.8242 	EXP 	probe_2: autoDraw = True
558.8080 	EXP 	Device response: <KeyPress from None: t=558.8067842000164, value=x, duration=None>
558.8082 	EXP 	New trial (rep=6, index=20): <Trial 20 (20 in rep 6) data={'pos': np.int64(150), 'corr_resp': 'v', 'thisN': 20, 'thisTrialN': 20, 'thisRepN': 6}>
558.8093 	DATA 	Keypress: x
558.8243 	EXP 	fixation_2: autoDraw = False
558.8243 	EXP 	line_1: autoDraw = False
558.8243 	EXP 	line_2: autoDraw = False
558.8243 	EXP 	line_3: autoDraw = False
558.8243 	EXP 	line_4: autoDraw = False
558.8243 	EXP 	probe_2: autoDraw = False
558.8243 	EXP 	fixation_2: autoDraw = True
558.8920 	EXP 	Device response: <KeyPress from None: t=558.8067842000164, value=x, duration=0.07565269997576252>
559.8081 	EXP 	line_1: autoDraw = True
559.8081 	EXP 	line_2: autoDraw = True
559.8081 	EXP 	line_3: autoDraw = True
559.8081 	EXP 	line_4: autoDraw = True
559.8250 	EXP 	fixation_2: autoDraw = False
560.8077 	INFO 	Keyboard events cleared
560.8076 	EXP 	probe_2: autoDraw = True
562.6413 	EXP 	Device response: <KeyPress from None: t=562.6320719000068, value=v, duration=None>
562.6417 	EXP 	New trial (rep=7, index=21): <Trial 21 (21 in rep 7) data={'pos': np.int64(50), 'corr_resp': 'c', 'thisN': 21, 'thisTrialN': 21, 'thisRepN': 7}>
562.6426 	DATA 	Keypress: v
562.6576 	EXP 	fixation_2: autoDraw = False
562.6576 	EXP 	line_1: autoDraw = False
562.6576 	EXP 	line_2: autoDraw = False
562.6576 	EXP 	line_3: autoDraw = False
562.6576 	EXP 	line_4: autoDraw = False
562.6576 	EXP 	probe_2: autoDraw = False
562.6576 	EXP 	fixation_2: autoDraw = True
562.7252 	EXP 	Device response: <KeyPress from None: t=562.6320719000068, value=v, duration=0.07625630003167316>
563.6414 	EXP 	line_1: autoDraw = True
563.6414 	EXP 	line_2: autoDraw = True
563.6414 	EXP 	line_3: autoDraw = True
563.6414 	EXP 	line_4: autoDraw = True
563.6576 	EXP 	fixation_2: autoDraw = False
564.6413 	INFO 	Keyboard events cleared
564.6412 	EXP 	probe_2: autoDraw = True
565.8588 	EXP 	Device response: <KeyPress from None: t=565.8452837000368, value=c, duration=None>
565.8591 	EXP 	New trial (rep=8, index=22): <Trial 22 (22 in rep 8) data={'pos': np.int64(50), 'corr_resp': 'c', 'thisN': 22, 'thisTrialN': 22, 'thisRepN': 8}>
565.8601 	DATA 	Keypress: c
565.8752 	EXP 	fixation_2: autoDraw = False
565.8752 	EXP 	line_1: autoDraw = False
565.8752 	EXP 	line_2: autoDraw = False
565.8752 	EXP 	line_3: autoDraw = False
565.8752 	EXP 	line_4: autoDraw = False
565.8752 	EXP 	probe_2: autoDraw = False
565.8752 	EXP 	fixation_2: autoDraw = True
565.9254 	EXP 	Device response: <KeyPress from None: t=565.8452837000368, value=c, duration=0.07115279999561608>
566.8747 	EXP 	fixation_2: autoDraw = False
566.8747 	EXP 	line_1: autoDraw = True
566.8747 	EXP 	line_2: autoDraw = True
566.8747 	EXP 	line_3: autoDraw = True
566.8747 	EXP 	line_4: autoDraw = True
567.8749 	INFO 	Keyboard events cleared
567.8748 	EXP 	probe_2: autoDraw = True
569.0097 	DATA 	Keypress: c
569.0248 	EXP 	Device response: <KeyPress from None: t=569.0082941000001, value=c, duration=None>
569.0251 	EXP 	New trial (rep=7, index=23): <Trial 23 (23 in rep 7) data={'pos': np.int64(150), 'corr_resp': 'v', 'thisN': 23, 'thisTrialN': 23, 'thisRepN': 7}>
569.0411 	EXP 	fixation_2: autoDraw = False
569.0411 	EXP 	line_1: autoDraw = False
569.0411 	EXP 	line_2: autoDraw = False
569.0411 	EXP 	line_3: autoDraw = False
569.0411 	EXP 	line_4: autoDraw = False
569.0411 	EXP 	probe_2: autoDraw = False
569.0411 	EXP 	fixation_2: autoDraw = True
569.0913 	EXP 	Device response: <KeyPress from None: t=569.0082941000001, value=c, duration=0.07951630000025034>
570.0245 	EXP 	line_1: autoDraw = True
570.0245 	EXP 	line_2: autoDraw = True
570.0245 	EXP 	line_3: autoDraw = True
570.0245 	EXP 	line_4: autoDraw = True
570.0419 	EXP 	fixation_2: autoDraw = False
571.0252 	INFO 	Keyboard events cleared
571.0250 	EXP 	probe_2: autoDraw = True
572.5589 	EXP 	Device response: <KeyPress from None: t=572.5451068000402, value=v, duration=None>
572.5592 	EXP 	New trial (rep=4, index=24): <Trial 24 (24 in rep 4) data={'pos': np.int64(-150), 'corr_resp': 'z', 'thisN': 24, 'thisTrialN': 24, 'thisRepN': 4}>
572.5603 	DATA 	Keypress: v
572.5753 	EXP 	fixation_2: autoDraw = False
572.5753 	EXP 	line_1: autoDraw = False
572.5753 	EXP 	line_2: autoDraw = False
572.5753 	EXP 	line_3: autoDraw = False
572.5753 	EXP 	line_4: autoDraw = False
572.5753 	EXP 	probe_2: autoDraw = False
572.5753 	EXP 	fixation_2: autoDraw = True
572.6421 	EXP 	Device response: <KeyPress from None: t=572.5451068000402, value=v, duration=0.08162839995929971>
573.5579 	EXP 	line_1: autoDraw = True
573.5579 	EXP 	line_2: autoDraw = True
573.5579 	EXP 	line_3: autoDraw = True
573.5579 	EXP 	line_4: autoDraw = True
573.5744 	EXP 	fixation_2: autoDraw = False
574.5581 	INFO 	Keyboard events cleared
574.5579 	EXP 	probe_2: autoDraw = True
576.1424 	EXP 	Device response: <KeyPress from None: t=576.1396218999871, value=z, duration=None>
576.1427 	EXP 	New trial (rep=3, index=25): <Trial 25 (25 in rep 3) data={'pos': np.int64(-50), 'corr_resp': 'x', 'thisN': 25, 'thisTrialN': 25, 'thisRepN': 3}>
576.1437 	DATA 	Keypress: z
576.1578 	EXP 	fixation_2: autoDraw = False
576.1578 	EXP 	line_1: autoDraw = False
576.1578 	EXP 	line_2: autoDraw = False
576.1578 	EXP 	line_3: autoDraw = False
576.1578 	EXP 	line_4: autoDraw = False
576.1578 	EXP 	probe_2: autoDraw = False
576.1578 	EXP 	fixation_2: autoDraw = True
576.2255 	EXP 	Device response: <KeyPress from None: t=576.1396218999871, value=z, duration=0.08177190000424162>
577.1419 	EXP 	line_1: autoDraw = True
577.1419 	EXP 	line_2: autoDraw = True
577.1419 	EXP 	line_3: autoDraw = True
577.1419 	EXP 	line_4: autoDraw = True
577.1587 	EXP 	fixation_2: autoDraw = False
578.1418 	INFO 	Keyboard events cleared
578.1416 	EXP 	probe_2: autoDraw = True
579.5754 	EXP 	Device response: <KeyPress from None: t=579.5747643000213, value=x, duration=None>
579.5756 	EXP 	New trial (rep=5, index=26): <Trial 26 (26 in rep 5) data={'pos': np.int64(-150), 'corr_resp': 'z', 'thisN': 26, 'thisTrialN': 26, 'thisRepN': 5}>
579.5766 	DATA 	Keypress: x
579.5916 	EXP 	fixation_2: autoDraw = False
579.5916 	EXP 	line_1: autoDraw = False
579.5916 	EXP 	line_2: autoDraw = False
579.5916 	EXP 	line_3: autoDraw = False
579.5916 	EXP 	line_4: autoDraw = False
579.5916 	EXP 	probe_2: autoDraw = False
579.5916 	EXP 	fixation_2: autoDraw = True
579.6582 	EXP 	Device response: <KeyPress from None: t=579.5747643000213, value=x, duration=0.08103699999628589>
580.5757 	EXP 	line_1: autoDraw = True
580.5757 	EXP 	line_2: autoDraw = True
580.5757 	EXP 	line_3: autoDraw = True
580.5757 	EXP 	line_4: autoDraw = True
580.5917 	EXP 	fixation_2: autoDraw = False
581.5754 	INFO 	Keyboard events cleared
581.5753 	EXP 	probe_2: autoDraw = True
583.1923 	EXP 	Device response: <KeyPress from None: t=583.1792341999826, value=z, duration=None>
583.1927 	EXP 	New trial (rep=4, index=27): <Trial 27 (27 in rep 4) data={'pos': np.int64(-50), 'corr_resp': 'x', 'thisN': 27, 'thisTrialN': 27, 'thisRepN': 4}>
583.1941 	DATA 	Keypress: z
583.2087 	EXP 	fixation_2: autoDraw = False
583.2087 	EXP 	line_1: autoDraw = False
583.2087 	EXP 	line_2: autoDraw = False
583.2087 	EXP 	line_3: autoDraw = False
583.2087 	EXP 	line_4: autoDraw = False
583.2087 	EXP 	probe_2: autoDraw = False
583.2087 	EXP 	fixation_2: autoDraw = True
583.2591 	EXP 	Device response: <KeyPress from None: t=583.1792341999826, value=z, duration=0.07673350005643442>
584.1912 	EXP 	line_1: autoDraw = True
584.1912 	EXP 	line_2: autoDraw = True
584.1912 	EXP 	line_3: autoDraw = True
584.1912 	EXP 	line_4: autoDraw = True
584.2090 	EXP 	fixation_2: autoDraw = False
585.1914 	INFO 	Keyboard events cleared
585.1913 	EXP 	probe_2: autoDraw = True
586.5417 	EXP 	Device response: <KeyPress from None: t=586.5285720000393, value=x, duration=None>
586.5420 	EXP 	New trial (rep=9, index=28): <Trial 28 (28 in rep 9) data={'pos': np.int64(50), 'corr_resp': 'c', 'thisN': 28, 'thisTrialN': 28, 'thisRepN': 9}>
586.5432 	DATA 	Keypress: x
586.5587 	EXP 	fixation_2: autoDraw = False
586.5587 	EXP 	line_1: autoDraw = False
586.5587 	EXP 	line_2: autoDraw = False
586.5587 	EXP 	line_3: autoDraw = False
586.5587 	EXP 	line_4: autoDraw = False
586.5587 	EXP 	probe_2: autoDraw = False
586.5587 	EXP 	fixation_2: autoDraw = True
586.5917 	EXP 	Device response: <KeyPress from None: t=586.5285720000393, value=x, duration=0.061217699956614524>
587.5422 	EXP 	line_1: autoDraw = True
587.5422 	EXP 	line_2: autoDraw = True
587.5422 	EXP 	line_3: autoDraw = True
587.5422 	EXP 	line_4: autoDraw = True
587.5589 	EXP 	fixation_2: autoDraw = False
588.5421 	INFO 	Keyboard events cleared
588.5420 	EXP 	probe_2: autoDraw = True
590.1262 	EXP 	Device response: <KeyPress from None: t=590.1162261000136, value=c, duration=None>
590.1265 	EXP 	New trial (rep=8, index=29): <Trial 29 (29 in rep 8) data={'pos': np.int64(150), 'corr_resp': 'v', 'thisN': 29, 'thisTrialN': 29, 'thisRepN': 8}>
590.1276 	DATA 	Keypress: c
590.1421 	EXP 	fixation_2: autoDraw = False
590.1421 	EXP 	line_1: autoDraw = False
590.1421 	EXP 	line_2: autoDraw = False
590.1421 	EXP 	line_3: autoDraw = False
590.1421 	EXP 	line_4: autoDraw = False
590.1421 	EXP 	probe_2: autoDraw = False
590.1421 	EXP 	fixation_2: autoDraw = True
590.1928 	EXP 	Device response: <KeyPress from None: t=590.1162261000136, value=c, duration=0.07142140000360087>
591.1420 	EXP 	fixation_2: autoDraw = False
591.1420 	EXP 	line_1: autoDraw = True
591.1420 	EXP 	line_2: autoDraw = True
591.1420 	EXP 	line_3: autoDraw = True
591.1420 	EXP 	line_4: autoDraw = True
592.1427 	INFO 	Keyboard events cleared
592.1426 	EXP 	probe_2: autoDraw = True
593.0943 	DATA 	Keypress: v
593.1085 	EXP 	Device response: <KeyPress from None: t=593.0926360000158, value=v, duration=None>
593.1089 	EXP 	New trial (rep=5, index=30): <Trial 30 (30 in rep 5) data={'pos': np.int64(-50), 'corr_resp': 'x', 'thisN': 30, 'thisTrialN': 30, 'thisRepN': 5}>
593.1254 	EXP 	fixation_2: autoDraw = False
593.1254 	EXP 	line_1: autoDraw = False
593.1254 	EXP 	line_2: autoDraw = False
593.1254 	EXP 	line_3: autoDraw = False
593.1254 	EXP 	line_4: autoDraw = False
593.1254 	EXP 	probe_2: autoDraw = False
593.1254 	EXP 	fixation_2: autoDraw = True
593.1926 	EXP 	Device response: <KeyPress from None: t=593.0926360000158, value=v, duration=0.09135649999370798>
594.1087 	EXP 	line_1: autoDraw = True
594.1087 	EXP 	line_2: autoDraw = True
594.1087 	EXP 	line_3: autoDraw = True
594.1087 	EXP 	line_4: autoDraw = True
594.1258 	EXP 	fixation_2: autoDraw = False
595.1081 	INFO 	Keyboard events cleared
595.1080 	EXP 	probe_2: autoDraw = True
596.2918 	EXP 	Device response: <KeyPress from None: t=596.2861283000093, value=x, duration=None>
596.2921 	EXP 	New trial (rep=9, index=31): <Trial 31 (31 in rep 9) data={'pos': np.int64(150), 'corr_resp': 'v', 'thisN': 31, 'thisTrialN': 31, 'thisRepN': 9}>
596.2931 	DATA 	Keypress: x
596.3082 	EXP 	fixation_2: autoDraw = False
596.3082 	EXP 	line_1: autoDraw = False
596.3082 	EXP 	line_2: autoDraw = False
596.3082 	EXP 	line_3: autoDraw = False
596.3082 	EXP 	line_4: autoDraw = False
596.3082 	EXP 	probe_2: autoDraw = False
596.3082 	EXP 	fixation_2: autoDraw = True
596.3760 	EXP 	Device response: <KeyPress from None: t=596.2861283000093, value=x, duration=0.08186390000628307>
597.2932 	EXP 	line_1: autoDraw = True
597.2932 	EXP 	line_2: autoDraw = True
597.2932 	EXP 	line_3: autoDraw = True
597.2932 	EXP 	line_4: autoDraw = True
597.3101 	EXP 	fixation_2: autoDraw = False
598.2919 	INFO 	Keyboard events cleared
598.2918 	EXP 	probe_2: autoDraw = True
600.7267 	EXP 	Device response: <KeyPress from None: t=600.716342700005, value=v, duration=None>
600.7271 	EXP 	New trial (rep=10, index=32): <Trial 32 (32 in rep 10) data={'pos': np.int64(150), 'corr_resp': 'v', 'thisN': 32, 'thisTrialN': 32, 'thisRepN': 10}>
600.7283 	DATA 	Keypress: v
600.7422 	EXP 	fixation_2: autoDraw = False
600.7422 	EXP 	line_1: autoDraw = False
600.7422 	EXP 	line_2: autoDraw = False
600.7422 	EXP 	line_3: autoDraw = False
600.7422 	EXP 	line_4: autoDraw = False
600.7422 	EXP 	probe_2: autoDraw = False
600.7422 	EXP 	fixation_2: autoDraw = True
600.7922 	EXP 	Device response: <KeyPress from None: t=600.716342700005, value=v, duration=0.06700580002507195>
601.7420 	EXP 	fixation_2: autoDraw = False
601.7420 	EXP 	line_1: autoDraw = True
601.7420 	EXP 	line_2: autoDraw = True
601.7420 	EXP 	line_3: autoDraw = True
601.7420 	EXP 	line_4: autoDraw = True
602.7255 	INFO 	Keyboard events cleared
602.7254 	EXP 	probe_2: autoDraw = True
603.9755 	EXP 	Device response: <KeyPress from None: t=603.9710698000272, value=v, duration=None>
603.9757 	EXP 	New trial (rep=10, index=33): <Trial 33 (33 in rep 10) data={'pos': np.int64(50), 'corr_resp': 'c', 'thisN': 33, 'thisTrialN': 33, 'thisRepN': 10}>
603.9767 	DATA 	Keypress: v
603.9926 	EXP 	fixation_2: autoDraw = False
603.9926 	EXP 	line_1: autoDraw = False
603.9926 	EXP 	line_2: autoDraw = False
603.9926 	EXP 	line_3: autoDraw = False
603.9926 	EXP 	line_4: autoDraw = False
603.9926 	EXP 	probe_2: autoDraw = False
603.9926 	EXP 	fixation_2: autoDraw = True
604.0420 	EXP 	Device response: <KeyPress from None: t=603.9710698000272, value=v, duration=0.06111770001007244>
604.9752 	EXP 	line_1: autoDraw = True
604.9752 	EXP 	line_2: autoDraw = True
604.9752 	EXP 	line_3: autoDraw = True
604.9752 	EXP 	line_4: autoDraw = True
604.9923 	EXP 	fixation_2: autoDraw = False
605.9752 	INFO 	Keyboard events cleared
605.9751 	EXP 	probe_2: autoDraw = True
608.6438 	DATA 	Keypress: c
608.6588 	EXP 	Device response: <KeyPress from None: t=608.6425676000072, value=c, duration=None>
608.6591 	EXP 	New trial (rep=11, index=34): <Trial 34 (34 in rep 11) data={'pos': np.int64(150), 'corr_resp': 'v', 'thisN': 34, 'thisTrialN': 34, 'thisRepN': 11}>
608.6751 	EXP 	fixation_2: autoDraw = False
608.6751 	EXP 	line_1: autoDraw = False
608.6751 	EXP 	line_2: autoDraw = False
608.6751 	EXP 	line_3: autoDraw = False
608.6751 	EXP 	line_4: autoDraw = False
608.6751 	EXP 	probe_2: autoDraw = False
608.6751 	EXP 	fixation_2: autoDraw = True
608.7088 	EXP 	Device response: <KeyPress from None: t=608.6425676000072, value=c, duration=0.05099239997798577>
609.6585 	EXP 	line_1: autoDraw = True
609.6585 	EXP 	line_2: autoDraw = True
609.6585 	EXP 	line_3: autoDraw = True
609.6585 	EXP 	line_4: autoDraw = True
609.6750 	EXP 	fixation_2: autoDraw = False
610.6590 	INFO 	Keyboard events cleared
610.6589 	EXP 	probe_2: autoDraw = True
612.4429 	EXP 	Device response: <KeyPress from None: t=612.4400125000393, value=v, duration=None>
612.4432 	EXP 	New trial (rep=6, index=35): <Trial 35 (35 in rep 6) data={'pos': np.int64(-50), 'corr_resp': 'x', 'thisN': 35, 'thisTrialN': 35, 'thisRepN': 6}>
612.4443 	DATA 	Keypress: v
612.4585 	EXP 	fixation_2: autoDraw = False
612.4585 	EXP 	line_1: autoDraw = False
612.4585 	EXP 	line_2: autoDraw = False
612.4585 	EXP 	line_3: autoDraw = False
612.4585 	EXP 	line_4: autoDraw = False
612.4585 	EXP 	probe_2: autoDraw = False
612.4585 	EXP 	fixation_2: autoDraw = True
612.5096 	EXP 	Device response: <KeyPress from None: t=612.4400125000393, value=v, duration=0.05589359998703003>
613.4433 	EXP 	line_1: autoDraw = True
613.4433 	EXP 	line_2: autoDraw = True
613.4433 	EXP 	line_3: autoDraw = True
613.4433 	EXP 	line_4: autoDraw = True
613.4594 	EXP 	fixation_2: autoDraw = False
614.4434 	INFO 	Keyboard events cleared
614.4432 	EXP 	probe_2: autoDraw = True
616.0608 	EXP 	Device response: <KeyPress from None: t=616.0571476999903, value=x, duration=None>
616.0612 	EXP 	New trial (rep=12, index=36): <Trial 36 (36 in rep 12) data={'pos': np.int64(150), 'corr_resp': 'v', 'thisN': 36, 'thisTrialN': 36, 'thisRepN': 12}>
616.0624 	DATA 	Keypress: x
616.0764 	EXP 	fixation_2: autoDraw = False
616.0764 	EXP 	line_1: autoDraw = False
616.0764 	EXP 	line_2: autoDraw = False
616.0764 	EXP 	line_3: autoDraw = False
616.0764 	EXP 	line_4: autoDraw = False
616.0764 	EXP 	probe_2: autoDraw = False
616.0764 	EXP 	fixation_2: autoDraw = True
616.1438 	EXP 	Device response: <KeyPress from None: t=616.0571476999903, value=x, duration=0.08318870002403855>
617.0598 	EXP 	line_1: autoDraw = True
617.0598 	EXP 	line_2: autoDraw = True
617.0598 	EXP 	line_3: autoDraw = True
617.0598 	EXP 	line_4: autoDraw = True
617.0766 	EXP 	fixation_2: autoDraw = False
618.0769 	INFO 	Keyboard events cleared
618.0767 	EXP 	probe_2: autoDraw = True
619.7761 	EXP 	Device response: <KeyPress from None: t=619.7684358000406, value=v, duration=None>
619.7765 	EXP 	New trial (rep=13, index=37): <Trial 37 (37 in rep 13) data={'pos': np.int64(150), 'corr_resp': 'v', 'thisN': 37, 'thisTrialN': 37, 'thisRepN': 13}>
619.7777 	DATA 	Keypress: v
619.7920 	EXP 	fixation_2: autoDraw = False
619.7920 	EXP 	line_1: autoDraw = False
619.7920 	EXP 	line_2: autoDraw = False
619.7920 	EXP 	line_3: autoDraw = False
619.7920 	EXP 	line_4: autoDraw = False
619.7920 	EXP 	probe_2: autoDraw = False
619.7920 	EXP 	fixation_2: autoDraw = True
619.8426 	EXP 	Device response: <KeyPress from None: t=619.7684358000406, value=v, duration=0.06081709999125451>
620.7748 	EXP 	line_1: autoDraw = True
620.7748 	EXP 	line_2: autoDraw = True
620.7748 	EXP 	line_3: autoDraw = True
620.7748 	EXP 	line_4: autoDraw = True
620.7924 	EXP 	fixation_2: autoDraw = False
621.7764 	INFO 	Keyboard events cleared
621.7762 	EXP 	probe_2: autoDraw = True
622.7591 	EXP 	Device response: <KeyPress from None: t=622.7458459000336, value=v, duration=None>
622.7594 	EXP 	New trial (rep=7, index=38): <Trial 38 (38 in rep 7) data={'pos': np.int64(-50), 'corr_resp': 'x', 'thisN': 38, 'thisTrialN': 38, 'thisRepN': 7}>
622.7603 	DATA 	Keypress: v
622.7756 	EXP 	fixation_2: autoDraw = False
622.7756 	EXP 	line_1: autoDraw = False
622.7756 	EXP 	line_2: autoDraw = False
622.7756 	EXP 	line_3: autoDraw = False
622.7756 	EXP 	line_4: autoDraw = False
622.7756 	EXP 	probe_2: autoDraw = False
622.7756 	EXP 	fixation_2: autoDraw = True
622.8256 	EXP 	Device response: <KeyPress from None: t=622.7458459000336, value=v, duration=0.0735191999701783>
623.7601 	EXP 	line_1: autoDraw = True
623.7601 	EXP 	line_2: autoDraw = True
623.7601 	EXP 	line_3: autoDraw = True
623.7601 	EXP 	line_4: autoDraw = True
623.7771 	EXP 	fixation_2: autoDraw = False
624.7603 	INFO 	Keyboard events cleared
624.7602 	EXP 	probe_2: autoDraw = True
626.1093 	EXP 	Device response: <KeyPress from None: t=626.0958398000221, value=x, duration=None>
626.1096 	EXP 	New trial (rep=6, index=39): <Trial 39 (39 in rep 6) data={'pos': np.int64(-150), 'corr_resp': 'z', 'thisN': 39, 'thisTrialN': 39, 'thisRepN': 6}>
626.1106 	DATA 	Keypress: x
626.1266 	EXP 	fixation_2: autoDraw = False
626.1266 	EXP 	line_1: autoDraw = False
626.1266 	EXP 	line_2: autoDraw = False
626.1266 	EXP 	line_3: autoDraw = False
626.1266 	EXP 	line_4: autoDraw = False
626.1266 	EXP 	probe_2: autoDraw = False
626.1266 	EXP 	fixation_2: autoDraw = True
626.1764 	EXP 	Device response: <KeyPress from None: t=626.0958398000221, value=x, duration=0.07151310000335798>
627.1095 	EXP 	line_1: autoDraw = True
627.1095 	EXP 	line_2: autoDraw = True
627.1095 	EXP 	line_3: autoDraw = True
627.1095 	EXP 	line_4: autoDraw = True
627.1255 	EXP 	fixation_2: autoDraw = False
628.1104 	INFO 	Keyboard events cleared
628.1103 	EXP 	probe_2: autoDraw = True
629.9440 	EXP 	Device response: <KeyPress from None: t=629.9285704999929, value=z, duration=None>
629.9444 	EXP 	New trial (rep=14, index=40): <Trial 40 (40 in rep 14) data={'pos': np.int64(150), 'corr_resp': 'v', 'thisN': 40, 'thisTrialN': 40, 'thisRepN': 14}>
629.9456 	DATA 	Keypress: z
629.9591 	EXP 	fixation_2: autoDraw = False
629.9591 	EXP 	line_1: autoDraw = False
629.9591 	EXP 	line_2: autoDraw = False
629.9591 	EXP 	line_3: autoDraw = False
629.9591 	EXP 	line_4: autoDraw = False
629.9591 	EXP 	probe_2: autoDraw = False
629.9591 	EXP 	fixation_2: autoDraw = True
630.0097 	EXP 	Device response: <KeyPress from None: t=629.9285704999929, value=z, duration=0.07132720004301518>
630.9589 	EXP 	fixation_2: autoDraw = False
630.9589 	EXP 	line_1: autoDraw = True
630.9589 	EXP 	line_2: autoDraw = True
630.9589 	EXP 	line_3: autoDraw = True
630.9589 	EXP 	line_4: autoDraw = True
631.9428 	INFO 	Keyboard events cleared
631.9427 	EXP 	probe_2: autoDraw = True
633.5614 	DATA 	Keypress: v
633.5762 	EXP 	Device response: <KeyPress from None: t=633.56068590004, value=v, duration=None>
633.5765 	EXP 	New trial (rep=15, index=41): <Trial 41 (41 in rep 15) data={'pos': np.int64(150), 'corr_resp': 'v', 'thisN': 41, 'thisTrialN': 41, 'thisRepN': 15}>
633.5924 	EXP 	fixation_2: autoDraw = False
633.5924 	EXP 	line_1: autoDraw = False
633.5924 	EXP 	line_2: autoDraw = False
633.5924 	EXP 	line_3: autoDraw = False
633.5924 	EXP 	line_4: autoDraw = False
633.5924 	EXP 	probe_2: autoDraw = False
633.5924 	EXP 	fixation_2: autoDraw = True
633.6429 	EXP 	Device response: <KeyPress from None: t=633.56068590004, value=v, duration=0.06751889997394755>
634.5756 	EXP 	line_1: autoDraw = True
634.5756 	EXP 	line_2: autoDraw = True
634.5756 	EXP 	line_3: autoDraw = True
634.5756 	EXP 	line_4: autoDraw = True
634.5925 	EXP 	fixation_2: autoDraw = False
635.5771 	INFO 	Keyboard events cleared
635.5769 	EXP 	probe_2: autoDraw = True
636.9287 	DATA 	Keypress: v
636.9433 	EXP 	Device response: <KeyPress from None: t=636.9274119000183, value=v, duration=None>
636.9437 	EXP 	New trial (rep=7, index=42): <Trial 42 (42 in rep 7) data={'pos': np.int64(-150), 'corr_resp': 'z', 'thisN': 42, 'thisTrialN': 42, 'thisRepN': 7}>
636.9600 	EXP 	fixation_2: autoDraw = False
636.9600 	EXP 	line_1: autoDraw = False
636.9600 	EXP 	line_2: autoDraw = False
636.9600 	EXP 	line_3: autoDraw = False
636.9600 	EXP 	line_4: autoDraw = False
636.9600 	EXP 	probe_2: autoDraw = False
636.9600 	EXP 	fixation_2: autoDraw = True
637.0099 	EXP 	Device response: <KeyPress from None: t=636.9274119000183, value=v, duration=0.07014039997011423>
637.9442 	EXP 	line_1: autoDraw = True
637.9442 	EXP 	line_2: autoDraw = True
637.9442 	EXP 	line_3: autoDraw = True
637.9442 	EXP 	line_4: autoDraw = True
637.9603 	EXP 	fixation_2: autoDraw = False
638.9435 	INFO 	Keyboard events cleared
638.9433 	EXP 	probe_2: autoDraw = True
640.2934 	EXP 	Device response: <KeyPress from None: t=640.2820607000031, value=z, duration=None>
640.2938 	EXP 	New trial (rep=16, index=43): <Trial 43 (43 in rep 16) data={'pos': np.int64(150), 'corr_resp': 'v', 'thisN': 43, 'thisTrialN': 43, 'thisRepN': 16}>
640.2948 	DATA 	Keypress: z
640.3091 	EXP 	fixation_2: autoDraw = False
640.3091 	EXP 	line_1: autoDraw = False
640.3091 	EXP 	line_2: autoDraw = False
640.3091 	EXP 	line_3: autoDraw = False
640.3091 	EXP 	line_4: autoDraw = False
640.3091 	EXP 	probe_2: autoDraw = False
640.3091 	EXP 	fixation_2: autoDraw = True
640.3595 	EXP 	Device response: <KeyPress from None: t=640.2820607000031, value=z, duration=0.06960099999560043>
641.2933 	EXP 	line_1: autoDraw = True
641.2933 	EXP 	line_2: autoDraw = True
641.2933 	EXP 	line_3: autoDraw = True
641.2933 	EXP 	line_4: autoDraw = True
641.3103 	EXP 	fixation_2: autoDraw = False
642.2937 	INFO 	Keyboard events cleared
642.2935 	EXP 	probe_2: autoDraw = True
644.1596 	EXP 	Device response: <KeyPress from None: t=644.1537345999968, value=v, duration=None>
644.1600 	EXP 	New trial (rep=11, index=44): <Trial 44 (44 in rep 11) data={'pos': np.int64(50), 'corr_resp': 'c', 'thisN': 44, 'thisTrialN': 44, 'thisRepN': 11}>
644.1610 	DATA 	Keypress: v
644.1755 	EXP 	fixation_2: autoDraw = False
644.1755 	EXP 	line_1: autoDraw = False
644.1755 	EXP 	line_2: autoDraw = False
644.1755 	EXP 	line_3: autoDraw = False
644.1755 	EXP 	line_4: autoDraw = False
644.1755 	EXP 	probe_2: autoDraw = False
644.1755 	EXP 	fixation_2: autoDraw = True
644.2437 	EXP 	Device response: <KeyPress from None: t=644.1537345999968, value=v, duration=0.07306990004144609>
645.1599 	EXP 	line_1: autoDraw = True
645.1599 	EXP 	line_2: autoDraw = True
645.1599 	EXP 	line_3: autoDraw = True
645.1599 	EXP 	line_4: autoDraw = True
645.1769 	EXP 	fixation_2: autoDraw = False
646.1601 	INFO 	Keyboard events cleared
646.1599 	EXP 	probe_2: autoDraw = True
648.5767 	EXP 	Device response: <KeyPress from None: t=648.5625029000221, value=c, duration=None>
648.5770 	EXP 	New trial (rep=17, index=45): <Trial 45 (45 in rep 17) data={'pos': np.int64(150), 'corr_resp': 'v', 'thisN': 45, 'thisTrialN': 45, 'thisRepN': 17}>
648.5781 	DATA 	Keypress: c
648.5928 	EXP 	fixation_2: autoDraw = False
648.5928 	EXP 	line_1: autoDraw = False
648.5928 	EXP 	line_2: autoDraw = False
648.5928 	EXP 	line_3: autoDraw = False
648.5928 	EXP 	line_4: autoDraw = False
648.5928 	EXP 	probe_2: autoDraw = False
648.5928 	EXP 	fixation_2: autoDraw = True
648.6433 	EXP 	Device response: <KeyPress from None: t=648.5625029000221, value=c, duration=0.06522649998078123>
649.5771 	EXP 	line_1: autoDraw = True
649.5771 	EXP 	line_2: autoDraw = True
649.5771 	EXP 	line_3: autoDraw = True
649.5771 	EXP 	line_4: autoDraw = True
649.5938 	EXP 	fixation_2: autoDraw = False
650.5774 	INFO 	Keyboard events cleared
650.5773 	EXP 	probe_2: autoDraw = True
652.0103 	EXP 	Device response: <KeyPress from None: t=651.9957793999929, value=v, duration=None>
652.0107 	EXP 	New trial (rep=8, index=46): <Trial 46 (46 in rep 8) data={'pos': np.int64(-50), 'corr_resp': 'x', 'thisN': 46, 'thisTrialN': 46, 'thisRepN': 8}>
652.0116 	DATA 	Keypress: v
652.0271 	EXP 	fixation_2: autoDraw = False
652.0271 	EXP 	line_1: autoDraw = False
652.0271 	EXP 	line_2: autoDraw = False
652.0271 	EXP 	line_3: autoDraw = False
652.0271 	EXP 	line_4: autoDraw = False
652.0271 	EXP 	probe_2: autoDraw = False
652.0271 	EXP 	fixation_2: autoDraw = True
652.0776 	EXP 	Device response: <KeyPress from None: t=651.9957793999929, value=v, duration=0.0718516000197269>
653.0104 	EXP 	line_1: autoDraw = True
653.0104 	EXP 	line_2: autoDraw = True
653.0104 	EXP 	line_3: autoDraw = True
653.0104 	EXP 	line_4: autoDraw = True
653.0271 	EXP 	fixation_2: autoDraw = False
654.0104 	INFO 	Keyboard events cleared
654.0103 	EXP 	probe_2: autoDraw = True
655.9950 	DATA 	Keypress: x
656.0104 	EXP 	Device response: <KeyPress from None: t=655.9941339000361, value=x, duration=None>
656.0107 	EXP 	New trial (rep=18, index=47): <Trial 47 (47 in rep 18) data={'pos': np.int64(150), 'corr_resp': 'v', 'thisN': 47, 'thisTrialN': 47, 'thisRepN': 18}>
656.0261 	EXP 	fixation_2: autoDraw = False
656.0261 	EXP 	line_1: autoDraw = False
656.0261 	EXP 	line_2: autoDraw = False
656.0261 	EXP 	line_3: autoDraw = False
656.0261 	EXP 	line_4: autoDraw = False
656.0261 	EXP 	probe_2: autoDraw = False
656.0261 	EXP 	fixation_2: autoDraw = True
656.0930 	EXP 	Device response: <KeyPress from None: t=655.9941339000361, value=x, duration=0.08376599999610335>
657.0106 	EXP 	line_1: autoDraw = True
657.0106 	EXP 	line_2: autoDraw = True
657.0106 	EXP 	line_3: autoDraw = True
657.0106 	EXP 	line_4: autoDraw = True
657.0268 	EXP 	fixation_2: autoDraw = False
658.0108 	INFO 	Keyboard events cleared
658.0107 	EXP 	probe_2: autoDraw = True
658.9436 	EXP 	Device response: <KeyPress from None: t=658.9313212999841, value=v, duration=None>
658.9439 	EXP 	New trial (rep=9, index=48): <Trial 48 (48 in rep 9) data={'pos': np.int64(-50), 'corr_resp': 'x', 'thisN': 48, 'thisTrialN': 48, 'thisRepN': 9}>
658.9449 	DATA 	Keypress: v
658.9596 	EXP 	fixation_2: autoDraw = False
658.9596 	EXP 	line_1: autoDraw = False
658.9596 	EXP 	line_2: autoDraw = False
658.9596 	EXP 	line_3: autoDraw = False
658.9596 	EXP 	line_4: autoDraw = False
658.9596 	EXP 	probe_2: autoDraw = False
658.9596 	EXP 	fixation_2: autoDraw = True
659.0266 	EXP 	Device response: <KeyPress from None: t=658.9313212999841, value=v, duration=0.09213430003728718>
659.9437 	EXP 	line_1: autoDraw = True
659.9437 	EXP 	line_2: autoDraw = True
659.9437 	EXP 	line_3: autoDraw = True
659.9437 	EXP 	line_4: autoDraw = True
659.9606 	EXP 	fixation_2: autoDraw = False
660.9438 	INFO 	Keyboard events cleared
660.9437 	EXP 	probe_2: autoDraw = True
661.7270 	EXP 	Device response: <KeyPress from None: t=661.725891900016, value=x, duration=None>
661.7272 	EXP 	New trial (rep=12, index=49): <Trial 49 (49 in rep 12) data={'pos': np.int64(50), 'corr_resp': 'c', 'thisN': 49, 'thisTrialN': 49, 'thisRepN': 12}>
661.7282 	DATA 	Keypress: x
661.7429 	EXP 	fixation_2: autoDraw = False
661.7429 	EXP 	line_1: autoDraw = False
661.7429 	EXP 	line_2: autoDraw = False
661.7429 	EXP 	line_3: autoDraw = False
661.7429 	EXP 	line_4: autoDraw = False
661.7429 	EXP 	probe_2: autoDraw = False
661.7429 	EXP 	fixation_2: autoDraw = True
661.8102 	EXP 	Device response: <KeyPress from None: t=661.725891900016, value=x, duration=0.08129820000613108>
662.7270 	EXP 	line_1: autoDraw = True
662.7270 	EXP 	line_2: autoDraw = True
662.7270 	EXP 	line_3: autoDraw = True
662.7270 	EXP 	line_4: autoDraw = True
662.7441 	EXP 	fixation_2: autoDraw = False
663.7274 	INFO 	Keyboard events cleared
663.7273 	EXP 	probe_2: autoDraw = True
665.0941 	EXP 	Device response: <KeyPress from None: t=665.0852812000085, value=c, duration=None>
665.0944 	EXP 	New trial (rep=10, index=50): <Trial 50 (50 in rep 10) data={'pos': np.int64(-50), 'corr_resp': 'x', 'thisN': 50, 'thisTrialN': 50, 'thisRepN': 10}>
665.0955 	DATA 	Keypress: c
665.1095 	EXP 	fixation_2: autoDraw = False
665.1095 	EXP 	line_1: autoDraw = False
665.1095 	EXP 	line_2: autoDraw = False
665.1095 	EXP 	line_3: autoDraw = False
665.1095 	EXP 	line_4: autoDraw = False
665.1095 	EXP 	probe_2: autoDraw = False
665.1095 	EXP 	fixation_2: autoDraw = True
665.1596 	EXP 	Device response: <KeyPress from None: t=665.0852812000085, value=c, duration=0.07146070001181215>
666.0928 	EXP 	line_1: autoDraw = True
666.0928 	EXP 	line_2: autoDraw = True
666.0928 	EXP 	line_3: autoDraw = True
666.0928 	EXP 	line_4: autoDraw = True
666.1111 	EXP 	fixation_2: autoDraw = False
667.0945 	INFO 	Keyboard events cleared
667.0943 	EXP 	probe_2: autoDraw = True
668.0602 	EXP 	Device response: <KeyPress from None: t=668.0581394000328, value=x, duration=None>
668.0604 	EXP 	New trial (rep=19, index=51): <Trial 51 (51 in rep 19) data={'pos': np.int64(150), 'corr_resp': 'v', 'thisN': 51, 'thisTrialN': 51, 'thisRepN': 19}>
668.0614 	DATA 	Keypress: x
668.0767 	EXP 	fixation_2: autoDraw = False
668.0767 	EXP 	line_1: autoDraw = False
668.0767 	EXP 	line_2: autoDraw = False
668.0767 	EXP 	line_3: autoDraw = False
668.0767 	EXP 	line_4: autoDraw = False
668.0767 	EXP 	probe_2: autoDraw = False
668.0767 	EXP 	fixation_2: autoDraw = True
668.1435 	EXP 	Device response: <KeyPress from None: t=668.0581394000328, value=x, duration=0.07672019995516166>
669.0606 	EXP 	line_1: autoDraw = True
669.0606 	EXP 	line_2: autoDraw = True
669.0606 	EXP 	line_3: autoDraw = True
669.0606 	EXP 	line_4: autoDraw = True
669.0774 	EXP 	fixation_2: autoDraw = False
670.0608 	INFO 	Keyboard events cleared
670.0606 	EXP 	probe_2: autoDraw = True
670.9954 	DATA 	Keypress: v
671.0105 	EXP 	Device response: <KeyPress from None: t=670.9944064000156, value=v, duration=None>
671.0109 	EXP 	New trial (rep=20, index=52): <Trial 52 (52 in rep 20) data={'pos': np.int64(150), 'corr_resp': 'v', 'thisN': 52, 'thisTrialN': 52, 'thisRepN': 20}>
671.0263 	EXP 	fixation_2: autoDraw = False
671.0263 	EXP 	line_1: autoDraw = False
671.0263 	EXP 	line_2: autoDraw = False
671.0263 	EXP 	line_3: autoDraw = False
671.0263 	EXP 	line_4: autoDraw = False
671.0263 	EXP 	probe_2: autoDraw = False
671.0263 	EXP 	fixation_2: autoDraw = True
671.0949 	EXP 	Device response: <KeyPress from None: t=670.9944064000156, value=v, duration=0.08864169998560101>
672.0275 	EXP 	fixation_2: autoDraw = False
672.0275 	EXP 	line_1: autoDraw = True
672.0275 	EXP 	line_2: autoDraw = True
672.0275 	EXP 	line_3: autoDraw = True
672.0275 	EXP 	line_4: autoDraw = True
673.0108 	INFO 	Keyboard events cleared
673.0106 	EXP 	probe_2: autoDraw = True
674.5281 	EXP 	Device response: <KeyPress from None: t=674.5256572000217, value=v, duration=None>
674.5283 	EXP 	New trial (rep=11, index=53): <Trial 53 (53 in rep 11) data={'pos': np.int64(-50), 'corr_resp': 'x', 'thisN': 53, 'thisTrialN': 53, 'thisRepN': 11}>
674.5294 	DATA 	Keypress: v
674.5435 	EXP 	fixation_2: autoDraw = False
674.5435 	EXP 	line_1: autoDraw = False
674.5435 	EXP 	line_2: autoDraw = False
674.5435 	EXP 	line_3: autoDraw = False
674.5435 	EXP 	line_4: autoDraw = False
674.5435 	EXP 	probe_2: autoDraw = False
674.5435 	EXP 	fixation_2: autoDraw = True
674.6100 	EXP 	Device response: <KeyPress from None: t=674.5256572000217, value=v, duration=0.06811340001877397>
675.5268 	EXP 	line_1: autoDraw = True
675.5268 	EXP 	line_2: autoDraw = True
675.5268 	EXP 	line_3: autoDraw = True
675.5268 	EXP 	line_4: autoDraw = True
675.5438 	EXP 	fixation_2: autoDraw = False
676.5436 	INFO 	Keyboard events cleared
676.5435 	EXP 	probe_2: autoDraw = True
677.6438 	EXP 	Device response: <KeyPress from None: t=677.6407429000246, value=x, duration=None>
677.6442 	EXP 	New trial (rep=21, index=54): <Trial 54 (54 in rep 21) data={'pos': np.int64(150), 'corr_resp': 'v', 'thisN': 54, 'thisTrialN': 54, 'thisRepN': 21}>
677.6451 	DATA 	Keypress: x
677.6594 	EXP 	fixation_2: autoDraw = False
677.6594 	EXP 	line_1: autoDraw = False
677.6594 	EXP 	line_2: autoDraw = False
677.6594 	EXP 	line_3: autoDraw = False
677.6594 	EXP 	line_4: autoDraw = False
677.6594 	EXP 	probe_2: autoDraw = False
677.6594 	EXP 	fixation_2: autoDraw = True
677.7263 	EXP 	Device response: <KeyPress from None: t=677.6407429000246, value=x, duration=0.07511069998145103>
678.6435 	EXP 	line_1: autoDraw = True
678.6435 	EXP 	line_2: autoDraw = True
678.6435 	EXP 	line_3: autoDraw = True
678.6435 	EXP 	line_4: autoDraw = True
678.6595 	EXP 	fixation_2: autoDraw = False
679.6436 	INFO 	Keyboard events cleared
679.6435 	EXP 	probe_2: autoDraw = True
680.7455 	DATA 	Keypress: v
680.7615 	EXP 	Device response: <KeyPress from None: t=680.7446075000335, value=v, duration=None>
680.7618 	EXP 	New trial (rep=13, index=55): <Trial 55 (55 in rep 13) data={'pos': np.int64(50), 'corr_resp': 'c', 'thisN': 55, 'thisTrialN': 55, 'thisRepN': 13}>
680.7774 	EXP 	fixation_2: autoDraw = False
680.7774 	EXP 	line_1: autoDraw = False
680.7774 	EXP 	line_2: autoDraw = False
680.7774 	EXP 	line_3: autoDraw = False
680.7774 	EXP 	line_4: autoDraw = False
680.7774 	EXP 	probe_2: autoDraw = False
680.7774 	EXP 	fixation_2: autoDraw = True
680.8105 	EXP 	Device response: <KeyPress from None: t=680.7446075000335, value=v, duration=0.06502209999598563>
681.7773 	EXP 	fixation_2: autoDraw = False
681.7773 	EXP 	line_1: autoDraw = True
681.7773 	EXP 	line_2: autoDraw = True
681.7773 	EXP 	line_3: autoDraw = True
681.7773 	EXP 	line_4: autoDraw = True
682.7606 	INFO 	Keyboard events cleared
682.7605 	EXP 	probe_2: autoDraw = True
683.9134 	DATA 	Keypress: c
683.9268 	EXP 	Device response: <KeyPress from None: t=683.9125445000245, value=c, duration=None>
683.9273 	EXP 	New trial (rep=8, index=56): <Trial 56 (56 in rep 8) data={'pos': np.int64(-150), 'corr_resp': 'z', 'thisN': 56, 'thisTrialN': 56, 'thisRepN': 8}>
683.9432 	EXP 	fixation_2: autoDraw = False
683.9432 	EXP 	line_1: autoDraw = False
683.9432 	EXP 	line_2: autoDraw = False
683.9432 	EXP 	line_3: autoDraw = False
683.9432 	EXP 	line_4: autoDraw = False
683.9432 	EXP 	probe_2: autoDraw = False
683.9432 	EXP 	fixation_2: autoDraw = True
683.9931 	EXP 	Device response: <KeyPress from None: t=683.9125445000245, value=c, duration=0.07711740001104772>
684.9277 	EXP 	line_1: autoDraw = True
684.9277 	EXP 	line_2: autoDraw = True
684.9277 	EXP 	line_3: autoDraw = True
684.9277 	EXP 	line_4: autoDraw = True
684.9437 	EXP 	fixation_2: autoDraw = False
685.9279 	INFO 	Keyboard events cleared
685.9277 	EXP 	probe_2: autoDraw = True
687.3122 	DATA 	Keypress: z
687.3280 	EXP 	Device response: <KeyPress from None: t=687.3116225000122, value=z, duration=None>
687.3282 	EXP 	New trial (rep=9, index=57): <Trial 57 (57 in rep 9) data={'pos': np.int64(-150), 'corr_resp': 'z', 'thisN': 57, 'thisTrialN': 57, 'thisRepN': 9}>
687.3439 	EXP 	fixation_2: autoDraw = False
687.3439 	EXP 	line_1: autoDraw = False
687.3439 	EXP 	line_2: autoDraw = False
687.3439 	EXP 	line_3: autoDraw = False
687.3439 	EXP 	line_4: autoDraw = False
687.3439 	EXP 	probe_2: autoDraw = False
687.3439 	EXP 	fixation_2: autoDraw = True
687.3773 	EXP 	Device response: <KeyPress from None: t=687.3116225000122, value=z, duration=0.06349670002236962>
688.3270 	EXP 	line_1: autoDraw = True
688.3270 	EXP 	line_2: autoDraw = True
688.3270 	EXP 	line_3: autoDraw = True
688.3270 	EXP 	line_4: autoDraw = True
688.3449 	EXP 	fixation_2: autoDraw = False
689.3271 	INFO 	Keyboard events cleared
689.3269 	EXP 	probe_2: autoDraw = True
690.3282 	EXP 	Device response: <KeyPress from None: t=690.3158080999856, value=z, duration=None>
690.3285 	EXP 	New trial (rep=22, index=58): <Trial 58 (58 in rep 22) data={'pos': np.int64(150), 'corr_resp': 'v', 'thisN': 58, 'thisTrialN': 58, 'thisRepN': 22}>
690.3294 	DATA 	Keypress: z
690.3440 	EXP 	fixation_2: autoDraw = False
690.3440 	EXP 	line_1: autoDraw = False
690.3440 	EXP 	line_2: autoDraw = False
690.3440 	EXP 	line_3: autoDraw = False
690.3440 	EXP 	line_4: autoDraw = False
690.3440 	EXP 	probe_2: autoDraw = False
690.3440 	EXP 	fixation_2: autoDraw = True
690.3942 	EXP 	Device response: <KeyPress from None: t=690.3158080999856, value=z, duration=0.07161360001191497>
691.3281 	EXP 	line_1: autoDraw = True
691.3281 	EXP 	line_2: autoDraw = True
691.3281 	EXP 	line_3: autoDraw = True
691.3281 	EXP 	line_4: autoDraw = True
691.3439 	EXP 	fixation_2: autoDraw = False
692.3442 	INFO 	Keyboard events cleared
692.3441 	EXP 	probe_2: autoDraw = True
694.1107 	EXP 	Device response: <KeyPress from None: t=694.0976025999989, value=v, duration=None>
694.1111 	EXP 	New trial (rep=23, index=59): <Trial 59 (59 in rep 23) data={'pos': np.int64(150), 'corr_resp': 'v', 'thisN': 59, 'thisTrialN': 59, 'thisRepN': 23}>
694.1123 	DATA 	Keypress: v
694.1284 	EXP 	fixation_2: autoDraw = False
694.1284 	EXP 	line_1: autoDraw = False
694.1284 	EXP 	line_2: autoDraw = False
694.1284 	EXP 	line_3: autoDraw = False
694.1284 	EXP 	line_4: autoDraw = False
694.1284 	EXP 	probe_2: autoDraw = False
694.1284 	EXP 	fixation_2: autoDraw = True
694.1775 	EXP 	Device response: <KeyPress from None: t=694.0976025999989, value=v, duration=0.07164300000295043>
695.1115 	EXP 	line_1: autoDraw = True
695.1115 	EXP 	line_2: autoDraw = True
695.1115 	EXP 	line_3: autoDraw = True
695.1115 	EXP 	line_4: autoDraw = True
695.1273 	EXP 	fixation_2: autoDraw = False
696.1107 	INFO 	Keyboard events cleared
696.1106 	EXP 	probe_2: autoDraw = True
697.1950 	EXP 	Device response: <KeyPress from None: t=697.1830397000303, value=v, duration=None>
697.1953 	EXP 	New trial (rep=14, index=60): <Trial 60 (60 in rep 14) data={'pos': np.int64(50), 'corr_resp': 'c', 'thisN': 60, 'thisTrialN': 60, 'thisRepN': 14}>
697.1965 	DATA 	Keypress: v
697.2101 	EXP 	fixation_2: autoDraw = False
697.2101 	EXP 	line_1: autoDraw = False
697.2101 	EXP 	line_2: autoDraw = False
697.2101 	EXP 	line_3: autoDraw = False
697.2101 	EXP 	line_4: autoDraw = False
697.2101 	EXP 	probe_2: autoDraw = False
697.2101 	EXP 	fixation_2: autoDraw = True
697.2603 	EXP 	Device response: <KeyPress from None: t=697.1830397000303, value=v, duration=0.06943709996994585>
698.1946 	EXP 	line_1: autoDraw = True
698.1946 	EXP 	line_2: autoDraw = True
698.1946 	EXP 	line_3: autoDraw = True
698.1946 	EXP 	line_4: autoDraw = True
698.2114 	EXP 	fixation_2: autoDraw = False
699.2118 	INFO 	Keyboard events cleared
699.2117 	EXP 	probe_2: autoDraw = True
702.0114 	EXP 	Device response: <KeyPress from None: t=702.0108099000063, value=c, duration=None>
702.0116 	EXP 	New trial (rep=24, index=61): <Trial 61 (61 in rep 24) data={'pos': np.int64(150), 'corr_resp': 'v', 'thisN': 61, 'thisTrialN': 61, 'thisRepN': 24}>
702.0125 	DATA 	Keypress: c
702.0268 	EXP 	fixation_2: autoDraw = False
702.0268 	EXP 	line_1: autoDraw = False
702.0268 	EXP 	line_2: autoDraw = False
702.0268 	EXP 	line_3: autoDraw = False
702.0268 	EXP 	line_4: autoDraw = False
702.0268 	EXP 	probe_2: autoDraw = False
702.0268 	EXP 	fixation_2: autoDraw = True
702.0956 	EXP 	Device response: <KeyPress from None: t=702.0108099000063, value=c, duration=0.07116880000103265>
703.0112 	EXP 	line_1: autoDraw = True
703.0112 	EXP 	line_2: autoDraw = True
703.0112 	EXP 	line_3: autoDraw = True
703.0112 	EXP 	line_4: autoDraw = True
703.0279 	EXP 	fixation_2: autoDraw = False
704.0280 	INFO 	Keyboard events cleared
704.0279 	EXP 	probe_2: autoDraw = True
705.5278 	EXP 	Device response: <KeyPress from None: t=705.5123616000055, value=v, duration=None>
705.5280 	EXP 	New trial (rep=25, index=62): <Trial 62 (62 in rep 25) data={'pos': np.int64(150), 'corr_resp': 'v', 'thisN': 62, 'thisTrialN': 62, 'thisRepN': 25}>
705.5290 	DATA 	Keypress: v
705.5433 	EXP 	fixation_2: autoDraw = False
705.5433 	EXP 	line_1: autoDraw = False
705.5433 	EXP 	line_2: autoDraw = False
705.5433 	EXP 	line_3: autoDraw = False
705.5433 	EXP 	line_4: autoDraw = False
705.5433 	EXP 	probe_2: autoDraw = False
705.5433 	EXP 	fixation_2: autoDraw = True
705.5945 	EXP 	Device response: <KeyPress from None: t=705.5123616000055, value=v, duration=0.07136310002533719>
706.5275 	EXP 	line_1: autoDraw = True
706.5275 	EXP 	line_2: autoDraw = True
706.5275 	EXP 	line_3: autoDraw = True
706.5275 	EXP 	line_4: autoDraw = True
706.5445 	EXP 	fixation_2: autoDraw = False
707.5283 	INFO 	Keyboard events cleared
707.5281 	EXP 	probe_2: autoDraw = True
708.5777 	EXP 	Device response: <KeyPress from None: t=708.5693777999841, value=v, duration=None>
708.5781 	EXP 	New trial (rep=10, index=63): <Trial 63 (63 in rep 10) data={'pos': np.int64(-150), 'corr_resp': 'z', 'thisN': 63, 'thisTrialN': 63, 'thisRepN': 10}>
708.5793 	DATA 	Keypress: v
708.5943 	EXP 	fixation_2: autoDraw = False
708.5943 	EXP 	line_1: autoDraw = False
708.5943 	EXP 	line_2: autoDraw = False
708.5943 	EXP 	line_3: autoDraw = False
708.5943 	EXP 	line_4: autoDraw = False
708.5943 	EXP 	probe_2: autoDraw = False
708.5943 	EXP 	fixation_2: autoDraw = True
708.6607 	EXP 	Device response: <KeyPress from None: t=708.5693777999841, value=v, duration=0.08136030001332983>
709.5775 	EXP 	line_1: autoDraw = True
709.5775 	EXP 	line_2: autoDraw = True
709.5775 	EXP 	line_3: autoDraw = True
709.5775 	EXP 	line_4: autoDraw = True
709.5944 	EXP 	fixation_2: autoDraw = False
710.5786 	INFO 	Keyboard events cleared
710.5785 	EXP 	probe_2: autoDraw = True
712.5445 	EXP 	Device response: <KeyPress from None: t=712.5333866000292, value=z, duration=None>
712.5449 	EXP 	New trial (rep=11, index=64): <Trial 64 (64 in rep 11) data={'pos': np.int64(-150), 'corr_resp': 'z', 'thisN': 64, 'thisTrialN': 64, 'thisRepN': 11}>
712.5460 	DATA 	Keypress: z
712.5603 	EXP 	fixation_2: autoDraw = False
712.5603 	EXP 	line_1: autoDraw = False
712.5603 	EXP 	line_2: autoDraw = False
712.5603 	EXP 	line_3: autoDraw = False
712.5603 	EXP 	line_4: autoDraw = False
712.5603 	EXP 	probe_2: autoDraw = False
712.5603 	EXP 	fixation_2: autoDraw = True
712.6272 	EXP 	Device response: <KeyPress from None: t=712.5333866000292, value=z, duration=0.08155489998171106>
713.5447 	EXP 	line_1: autoDraw = True
713.5447 	EXP 	line_2: autoDraw = True
713.5447 	EXP 	line_3: autoDraw = True
713.5447 	EXP 	line_4: autoDraw = True
713.5609 	EXP 	fixation_2: autoDraw = False
714.5447 	INFO 	Keyboard events cleared
714.5446 	EXP 	probe_2: autoDraw = True
715.6277 	EXP 	Device response: <KeyPress from None: t=715.6170172999846, value=z, duration=None>
715.6281 	EXP 	New trial (rep=12, index=65): <Trial 65 (65 in rep 12) data={'pos': np.int64(-150), 'corr_resp': 'z', 'thisN': 65, 'thisTrialN': 65, 'thisRepN': 12}>
715.6292 	DATA 	Keypress: z
715.6434 	EXP 	fixation_2: autoDraw = False
715.6434 	EXP 	line_1: autoDraw = False
715.6434 	EXP 	line_2: autoDraw = False
715.6434 	EXP 	line_3: autoDraw = False
715.6434 	EXP 	line_4: autoDraw = False
715.6434 	EXP 	probe_2: autoDraw = False
715.6434 	EXP 	fixation_2: autoDraw = True
715.6949 	EXP 	Device response: <KeyPress from None: t=715.6170172999846, value=z, duration=0.07627270004013553>
716.6280 	EXP 	line_1: autoDraw = True
716.6280 	EXP 	line_2: autoDraw = True
716.6280 	EXP 	line_3: autoDraw = True
716.6280 	EXP 	line_4: autoDraw = True
716.6438 	EXP 	fixation_2: autoDraw = False
717.6279 	INFO 	Keyboard events cleared
717.6277 	EXP 	probe_2: autoDraw = True
718.5947 	EXP 	Device response: <KeyPress from None: t=718.5803207000135, value=z, duration=None>
718.5951 	EXP 	New trial (rep=26, index=66): <Trial 66 (66 in rep 26) data={'pos': np.int64(150), 'corr_resp': 'v', 'thisN': 66, 'thisTrialN': 66, 'thisRepN': 26}>
718.5962 	DATA 	Keypress: z
718.6110 	EXP 	fixation_2: autoDraw = False
718.6110 	EXP 	line_1: autoDraw = False
718.6110 	EXP 	line_2: autoDraw = False
718.6110 	EXP 	line_3: autoDraw = False
718.6110 	EXP 	line_4: autoDraw = False
718.6110 	EXP 	probe_2: autoDraw = False
718.6110 	EXP 	fixation_2: autoDraw = True
718.6612 	EXP 	Device response: <KeyPress from None: t=718.5803207000135, value=z, duration=0.06774399999994785>
719.5944 	EXP 	line_1: autoDraw = True
719.5944 	EXP 	line_2: autoDraw = True
719.5944 	EXP 	line_3: autoDraw = True
719.5944 	EXP 	line_4: autoDraw = True
719.6106 	EXP 	fixation_2: autoDraw = False
720.5953 	INFO 	Keyboard events cleared
720.5952 	EXP 	probe_2: autoDraw = True
721.7777 	EXP 	Device response: <KeyPress from None: t=721.7688601000118, value=v, duration=None>
721.7780 	EXP 	New trial (rep=12, index=67): <Trial 67 (67 in rep 12) data={'pos': np.int64(-50), 'corr_resp': 'x', 'thisN': 67, 'thisTrialN': 67, 'thisRepN': 12}>
721.7793 	DATA 	Keypress: v
721.7942 	EXP 	fixation_2: autoDraw = False
721.7942 	EXP 	line_1: autoDraw = False
721.7942 	EXP 	line_2: autoDraw = False
721.7942 	EXP 	line_3: autoDraw = False
721.7942 	EXP 	line_4: autoDraw = False
721.7942 	EXP 	probe_2: autoDraw = False
721.7942 	EXP 	fixation_2: autoDraw = True
721.8446 	EXP 	Device response: <KeyPress from None: t=721.7688601000118, value=v, duration=0.07296429999405518>
722.7784 	EXP 	line_1: autoDraw = True
722.7784 	EXP 	line_2: autoDraw = True
722.7784 	EXP 	line_3: autoDraw = True
722.7784 	EXP 	line_4: autoDraw = True
722.7947 	EXP 	fixation_2: autoDraw = False
723.7774 	INFO 	Keyboard events cleared
723.7773 	EXP 	probe_2: autoDraw = True
724.9281 	EXP 	Device response: <KeyPress from None: t=724.919052799989, value=x, duration=None>
724.9285 	EXP 	New trial (rep=15, index=68): <Trial 68 (68 in rep 15) data={'pos': np.int64(50), 'corr_resp': 'c', 'thisN': 68, 'thisTrialN': 68, 'thisRepN': 15}>
724.9297 	DATA 	Keypress: x
724.9443 	EXP 	fixation_2: autoDraw = False
724.9443 	EXP 	line_1: autoDraw = False
724.9443 	EXP 	line_2: autoDraw = False
724.9443 	EXP 	line_3: autoDraw = False
724.9443 	EXP 	line_4: autoDraw = False
724.9443 	EXP 	probe_2: autoDraw = False
724.9443 	EXP 	fixation_2: autoDraw = True
724.9940 	EXP 	Device response: <KeyPress from None: t=724.919052799989, value=x, duration=0.07145990000572056>
725.9278 	EXP 	line_1: autoDraw = True
725.9278 	EXP 	line_2: autoDraw = True
725.9278 	EXP 	line_3: autoDraw = True
725.9278 	EXP 	line_4: autoDraw = True
725.9450 	EXP 	fixation_2: autoDraw = False
726.9280 	INFO 	Keyboard events cleared
726.9278 	EXP 	probe_2: autoDraw = True
728.8636 	DATA 	Keypress: c
728.8773 	EXP 	Device response: <KeyPress from None: t=728.8630665999954, value=c, duration=None>
728.8776 	EXP 	New trial (rep=13, index=69): <Trial 69 (69 in rep 13) data={'pos': np.int64(-150), 'corr_resp': 'z', 'thisN': 69, 'thisTrialN': 69, 'thisRepN': 13}>
728.8949 	EXP 	fixation_2: autoDraw = False
728.8949 	EXP 	line_1: autoDraw = False
728.8949 	EXP 	line_2: autoDraw = False
728.8949 	EXP 	line_3: autoDraw = False
728.8949 	EXP 	line_4: autoDraw = False
728.8949 	EXP 	probe_2: autoDraw = False
728.8949 	EXP 	fixation_2: autoDraw = True
728.9446 	EXP 	Device response: <KeyPress from None: t=728.8630665999954, value=c, duration=0.07569800002966076>
729.8778 	EXP 	line_1: autoDraw = True
729.8778 	EXP 	line_2: autoDraw = True
729.8778 	EXP 	line_3: autoDraw = True
729.8778 	EXP 	line_4: autoDraw = True
729.8947 	EXP 	fixation_2: autoDraw = False
730.8780 	INFO 	Keyboard events cleared
730.8778 	EXP 	probe_2: autoDraw = True
732.1469 	DATA 	Keypress: z
732.1614 	EXP 	Device response: <KeyPress from None: t=732.1461827000021, value=z, duration=None>
732.1618 	EXP 	New trial (rep=27, index=70): <Trial 70 (70 in rep 27) data={'pos': np.int64(150), 'corr_resp': 'v', 'thisN': 70, 'thisTrialN': 70, 'thisRepN': 27}>
732.1779 	EXP 	fixation_2: autoDraw = False
732.1779 	EXP 	line_1: autoDraw = False
732.1779 	EXP 	line_2: autoDraw = False
732.1779 	EXP 	line_3: autoDraw = False
732.1779 	EXP 	line_4: autoDraw = False
732.1779 	EXP 	probe_2: autoDraw = False
732.1779 	EXP 	fixation_2: autoDraw = True
732.2283 	EXP 	Device response: <KeyPress from None: t=732.1461827000021, value=z, duration=0.0708030000096187>
733.1622 	EXP 	line_1: autoDraw = True
733.1622 	EXP 	line_2: autoDraw = True
733.1622 	EXP 	line_3: autoDraw = True
733.1622 	EXP 	line_4: autoDraw = True
733.1781 	EXP 	fixation_2: autoDraw = False
734.1617 	INFO 	Keyboard events cleared
734.1616 	EXP 	probe_2: autoDraw = True
736.0300 	DATA 	Keypress: v
736.0446 	EXP 	Device response: <KeyPress from None: t=736.0292845999938, value=v, duration=None>
736.0450 	EXP 	New trial (rep=28, index=71): <Trial 71 (71 in rep 28) data={'pos': np.int64(150), 'corr_resp': 'v', 'thisN': 71, 'thisTrialN': 71, 'thisRepN': 28}>
736.0608 	EXP 	fixation_2: autoDraw = False
736.0608 	EXP 	line_1: autoDraw = False
736.0608 	EXP 	line_2: autoDraw = False
736.0608 	EXP 	line_3: autoDraw = False
736.0608 	EXP 	line_4: autoDraw = False
736.0608 	EXP 	probe_2: autoDraw = False
736.0608 	EXP 	fixation_2: autoDraw = True
736.1115 	EXP 	Device response: <KeyPress from None: t=736.0292845999938, value=v, duration=0.06706680002389476>
737.0611 	EXP 	fixation_2: autoDraw = False
737.0611 	EXP 	line_1: autoDraw = True
737.0611 	EXP 	line_2: autoDraw = True
737.0611 	EXP 	line_3: autoDraw = True
737.0611 	EXP 	line_4: autoDraw = True
738.0457 	INFO 	Keyboard events cleared
738.0456 	EXP 	probe_2: autoDraw = True
739.0620 	EXP 	Device response: <KeyPress from None: t=739.059299000015, value=v, duration=None>
739.0624 	EXP 	New trial (rep=13, index=72): <Trial 72 (72 in rep 13) data={'pos': np.int64(-50), 'corr_resp': 'x', 'thisN': 72, 'thisTrialN': 72, 'thisRepN': 13}>
739.0636 	DATA 	Keypress: v
739.0775 	EXP 	fixation_2: autoDraw = False
739.0775 	EXP 	line_1: autoDraw = False
739.0775 	EXP 	line_2: autoDraw = False
739.0775 	EXP 	line_3: autoDraw = False
739.0775 	EXP 	line_4: autoDraw = False
739.0775 	EXP 	probe_2: autoDraw = False
739.0775 	EXP 	fixation_2: autoDraw = True
739.1442 	EXP 	Device response: <KeyPress from None: t=739.059299000015, value=v, duration=0.0841620999854058>
740.0774 	EXP 	fixation_2: autoDraw = False
740.0774 	EXP 	line_1: autoDraw = True
740.0774 	EXP 	line_2: autoDraw = True
740.0774 	EXP 	line_3: autoDraw = True
740.0774 	EXP 	line_4: autoDraw = True
741.0617 	INFO 	Keyboard events cleared
741.0616 	EXP 	probe_2: autoDraw = True
743.2120 	EXP 	Device response: <KeyPress from None: t=743.2043193000136, value=c, duration=None>
743.2123 	EXP 	New trial (rep=29, index=73): <Trial 73 (73 in rep 29) data={'pos': np.int64(150), 'corr_resp': 'v', 'thisN': 73, 'thisTrialN': 73, 'thisRepN': 29}>
743.2133 	DATA 	Keypress: c
743.2274 	EXP 	fixation_2: autoDraw = False
743.2274 	EXP 	line_1: autoDraw = False
743.2274 	EXP 	line_2: autoDraw = False
743.2274 	EXP 	line_3: autoDraw = False
743.2274 	EXP 	line_4: autoDraw = False
743.2274 	EXP 	probe_2: autoDraw = False
743.2274 	EXP 	fixation_2: autoDraw = True
743.2952 	EXP 	Device response: <KeyPress from None: t=743.2043193000136, value=c, duration=0.08153279998805374>
744.2111 	EXP 	line_1: autoDraw = True
744.2111 	EXP 	line_2: autoDraw = True
744.2111 	EXP 	line_3: autoDraw = True
744.2111 	EXP 	line_4: autoDraw = True
744.2283 	EXP 	fixation_2: autoDraw = False
745.2121 	INFO 	Keyboard events cleared
745.2120 	EXP 	probe_2: autoDraw = True
747.0115 	EXP 	Device response: <KeyPress from None: t=747.0019758000271, value=v, duration=None>
747.0118 	EXP 	New trial (rep=14, index=74): <Trial 74 (74 in rep 14) data={'pos': np.int64(-150), 'corr_resp': 'z', 'thisN': 74, 'thisTrialN': 74, 'thisRepN': 14}>
747.0128 	DATA 	Keypress: v
747.0272 	EXP 	fixation_2: autoDraw = False
747.0272 	EXP 	line_1: autoDraw = False
747.0272 	EXP 	line_2: autoDraw = False
747.0272 	EXP 	line_3: autoDraw = False
747.0272 	EXP 	line_4: autoDraw = False
747.0272 	EXP 	probe_2: autoDraw = False
747.0272 	EXP 	fixation_2: autoDraw = True
747.0947 	EXP 	Device response: <KeyPress from None: t=747.0019758000271, value=v, duration=0.07681299996329471>
748.0111 	EXP 	line_1: autoDraw = True
748.0111 	EXP 	line_2: autoDraw = True
748.0111 	EXP 	line_3: autoDraw = True
748.0111 	EXP 	line_4: autoDraw = True
748.0284 	EXP 	fixation_2: autoDraw = False
749.0110 	INFO 	Keyboard events cleared
749.0109 	EXP 	probe_2: autoDraw = True
750.1792 	EXP 	Device response: <KeyPress from None: t=750.1723466999829, value=z, duration=None>
750.1796 	EXP 	New trial (rep=15, index=75): <Trial 75 (75 in rep 15) data={'pos': np.int64(-150), 'corr_resp': 'z', 'thisN': 75, 'thisTrialN': 75, 'thisRepN': 15}>
750.1806 	DATA 	Keypress: z
750.1943 	EXP 	fixation_2: autoDraw = False
750.1943 	EXP 	line_1: autoDraw = False
750.1943 	EXP 	line_2: autoDraw = False
750.1943 	EXP 	line_3: autoDraw = False
750.1943 	EXP 	line_4: autoDraw = False
750.1943 	EXP 	probe_2: autoDraw = False
750.1943 	EXP 	fixation_2: autoDraw = True
750.2611 	EXP 	Device response: <KeyPress from None: t=750.1723466999829, value=z, duration=0.08593890001066029>
751.1944 	EXP 	fixation_2: autoDraw = False
751.1944 	EXP 	line_1: autoDraw = True
751.1944 	EXP 	line_2: autoDraw = True
751.1944 	EXP 	line_3: autoDraw = True
751.1944 	EXP 	line_4: autoDraw = True
752.1958 	INFO 	Keyboard events cleared
752.1957 	EXP 	probe_2: autoDraw = True
753.1280 	EXP 	Device response: <KeyPress from None: t=753.1174049000256, value=z, duration=None>
753.1283 	EXP 	New trial (rep=14, index=76): <Trial 76 (76 in rep 14) data={'pos': np.int64(-50), 'corr_resp': 'x', 'thisN': 76, 'thisTrialN': 76, 'thisRepN': 14}>
753.1298 	DATA 	Keypress: z
753.1446 	EXP 	fixation_2: autoDraw = False
753.1446 	EXP 	line_1: autoDraw = False
753.1446 	EXP 	line_2: autoDraw = False
753.1446 	EXP 	line_3: autoDraw = False
753.1446 	EXP 	line_4: autoDraw = False
753.1446 	EXP 	probe_2: autoDraw = False
753.1446 	EXP 	fixation_2: autoDraw = True
753.1950 	EXP 	Device response: <KeyPress from None: t=753.1174049000256, value=z, duration=0.06771500001195818>
754.1286 	EXP 	line_1: autoDraw = True
754.1286 	EXP 	line_2: autoDraw = True
754.1286 	EXP 	line_3: autoDraw = True
754.1286 	EXP 	line_4: autoDraw = True
754.1448 	EXP 	fixation_2: autoDraw = False
755.1289 	INFO 	Keyboard events cleared
755.1287 	EXP 	probe_2: autoDraw = True
755.8788 	EXP 	Device response: <KeyPress from None: t=755.8747141000349, value=x, duration=None>
755.8790 	EXP 	New trial (rep=15, index=77): <Trial 77 (77 in rep 15) data={'pos': np.int64(-50), 'corr_resp': 'x', 'thisN': 77, 'thisTrialN': 77, 'thisRepN': 15}>
755.8800 	DATA 	Keypress: x
755.8940 	EXP 	fixation_2: autoDraw = False
755.8940 	EXP 	line_1: autoDraw = False
755.8940 	EXP 	line_2: autoDraw = False
755.8940 	EXP 	line_3: autoDraw = False
755.8940 	EXP 	line_4: autoDraw = False
755.8940 	EXP 	probe_2: autoDraw = False
755.8940 	EXP 	fixation_2: autoDraw = True
755.9620 	EXP 	Device response: <KeyPress from None: t=755.8747141000349, value=x, duration=0.07714039995335042>
756.8791 	EXP 	line_1: autoDraw = True
756.8791 	EXP 	line_2: autoDraw = True
756.8791 	EXP 	line_3: autoDraw = True
756.8791 	EXP 	line_4: autoDraw = True
756.8951 	EXP 	fixation_2: autoDraw = False
757.8781 	INFO 	Keyboard events cleared
757.8779 	EXP 	probe_2: autoDraw = True
759.1627 	EXP 	Device response: <KeyPress from None: t=759.1535563000361, value=x, duration=None>
759.1631 	EXP 	New trial (rep=30, index=78): <Trial 78 (78 in rep 30) data={'pos': np.int64(150), 'corr_resp': 'v', 'thisN': 78, 'thisTrialN': 78, 'thisRepN': 30}>
759.1642 	DATA 	Keypress: x
759.1776 	EXP 	fixation_2: autoDraw = False
759.1776 	EXP 	line_1: autoDraw = False
759.1776 	EXP 	line_2: autoDraw = False
759.1776 	EXP 	line_3: autoDraw = False
759.1776 	EXP 	line_4: autoDraw = False
759.1776 	EXP 	probe_2: autoDraw = False
759.1776 	EXP 	fixation_2: autoDraw = True
759.2449 	EXP 	Device response: <KeyPress from None: t=759.1535563000361, value=x, duration=0.08106979995500296>
760.1776 	EXP 	fixation_2: autoDraw = False
760.1776 	EXP 	line_1: autoDraw = True
760.1776 	EXP 	line_2: autoDraw = True
760.1776 	EXP 	line_3: autoDraw = True
760.1776 	EXP 	line_4: autoDraw = True
761.1623 	INFO 	Keyboard events cleared
761.1621 	EXP 	probe_2: autoDraw = True
762.3618 	EXP 	Device response: <KeyPress from None: t=762.3471311000176, value=c, duration=None>
762.3622 	EXP 	New trial (rep=16, index=79): <Trial 79 (79 in rep 16) data={'pos': np.int64(-150), 'corr_resp': 'z', 'thisN': 79, 'thisTrialN': 79, 'thisRepN': 16}>
762.3634 	DATA 	Keypress: c
762.3784 	EXP 	fixation_2: autoDraw = False
762.3784 	EXP 	line_1: autoDraw = False
762.3784 	EXP 	line_2: autoDraw = False
762.3784 	EXP 	line_3: autoDraw = False
762.3784 	EXP 	line_4: autoDraw = False
762.3784 	EXP 	probe_2: autoDraw = False
762.3784 	EXP 	fixation_2: autoDraw = True
762.4286 	EXP 	Device response: <KeyPress from None: t=762.3471311000176, value=c, duration=0.06825319997733459>
763.3615 	EXP 	line_1: autoDraw = True
763.3615 	EXP 	line_2: autoDraw = True
763.3615 	EXP 	line_3: autoDraw = True
763.3615 	EXP 	line_4: autoDraw = True
763.3793 	EXP 	fixation_2: autoDraw = False
764.3611 	INFO 	Keyboard events cleared
764.3610 	EXP 	probe_2: autoDraw = True
765.1960 	EXP 	Device response: <KeyPress from None: t=765.1808238000376, value=v, duration=None>
765.1965 	EXP 	New trial (rep=31, index=80): <Trial 80 (80 in rep 31) data={'pos': np.int64(150), 'corr_resp': 'v', 'thisN': 80, 'thisTrialN': 80, 'thisRepN': 31}>
765.1976 	DATA 	Keypress: v
765.2118 	EXP 	fixation_2: autoDraw = False
765.2118 	EXP 	line_1: autoDraw = False
765.2118 	EXP 	line_2: autoDraw = False
765.2118 	EXP 	line_3: autoDraw = False
765.2118 	EXP 	line_4: autoDraw = False
765.2118 	EXP 	probe_2: autoDraw = False
765.2118 	EXP 	fixation_2: autoDraw = True
765.2788 	EXP 	Device response: <KeyPress from None: t=765.1808238000376, value=v, duration=0.09187129995552823>
766.1959 	EXP 	line_1: autoDraw = True
766.1959 	EXP 	line_2: autoDraw = True
766.1959 	EXP 	line_3: autoDraw = True
766.1959 	EXP 	line_4: autoDraw = True
766.2127 	EXP 	fixation_2: autoDraw = False
767.1958 	INFO 	Keyboard events cleared
767.1957 	EXP 	probe_2: autoDraw = True
768.2111 	EXP 	Device response: <KeyPress from None: t=768.2085318000172, value=v, duration=None>
768.2115 	EXP 	New trial (rep=17, index=81): <Trial 81 (81 in rep 17) data={'pos': np.int64(-150), 'corr_resp': 'z', 'thisN': 81, 'thisTrialN': 81, 'thisRepN': 17}>
768.2127 	DATA 	Keypress: v
768.2289 	EXP 	fixation_2: autoDraw = False
768.2289 	EXP 	line_1: autoDraw = False
768.2289 	EXP 	line_2: autoDraw = False
768.2289 	EXP 	line_3: autoDraw = False
768.2289 	EXP 	line_4: autoDraw = False
768.2289 	EXP 	probe_2: autoDraw = False
768.2289 	EXP 	fixation_2: autoDraw = True
768.2788 	EXP 	Device response: <KeyPress from None: t=768.2085318000172, value=v, duration=0.06575229996815324>
769.2129 	EXP 	line_1: autoDraw = True
769.2129 	EXP 	line_2: autoDraw = True
769.2129 	EXP 	line_3: autoDraw = True
769.2129 	EXP 	line_4: autoDraw = True
769.2292 	EXP 	fixation_2: autoDraw = False
770.2118 	INFO 	Keyboard events cleared
770.2117 	EXP 	probe_2: autoDraw = True
771.6279 	EXP 	Device response: <KeyPress from None: t=771.6126286000363, value=z, duration=None>
771.6282 	EXP 	New trial (rep=32, index=82): <Trial 82 (82 in rep 32) data={'pos': np.int64(150), 'corr_resp': 'v', 'thisN': 82, 'thisTrialN': 82, 'thisRepN': 32}>
771.6292 	DATA 	Keypress: z
771.6443 	EXP 	fixation_2: autoDraw = False
771.6443 	EXP 	line_1: autoDraw = False
771.6443 	EXP 	line_2: autoDraw = False
771.6443 	EXP 	line_3: autoDraw = False
771.6443 	EXP 	line_4: autoDraw = False
771.6443 	EXP 	probe_2: autoDraw = False
771.6443 	EXP 	fixation_2: autoDraw = True
771.6948 	EXP 	Device response: <KeyPress from None: t=771.6126286000363, value=z, duration=0.0683077999856323>
772.6277 	EXP 	line_1: autoDraw = True
772.6277 	EXP 	line_2: autoDraw = True
772.6277 	EXP 	line_3: autoDraw = True
772.6277 	EXP 	line_4: autoDraw = True
772.6446 	EXP 	fixation_2: autoDraw = False
773.6294 	INFO 	Keyboard events cleared
773.6293 	EXP 	probe_2: autoDraw = True
774.7295 	DATA 	Keypress: v
774.7454 	EXP 	Device response: <KeyPress from None: t=774.7288172999979, value=v, duration=None>
774.7457 	EXP 	New trial (rep=16, index=83): <Trial 83 (83 in rep 16) data={'pos': np.int64(50), 'corr_resp': 'c', 'thisN': 83, 'thisTrialN': 83, 'thisRepN': 16}>
774.7611 	EXP 	fixation_2: autoDraw = False
774.7611 	EXP 	line_1: autoDraw = False
774.7611 	EXP 	line_2: autoDraw = False
774.7611 	EXP 	line_3: autoDraw = False
774.7611 	EXP 	line_4: autoDraw = False
774.7611 	EXP 	probe_2: autoDraw = False
774.7611 	EXP 	fixation_2: autoDraw = True
774.8123 	EXP 	Device response: <KeyPress from None: t=774.7288172999979, value=v, duration=0.07634770002914593>
775.7447 	EXP 	line_1: autoDraw = True
775.7447 	EXP 	line_2: autoDraw = True
775.7447 	EXP 	line_3: autoDraw = True
775.7447 	EXP 	line_4: autoDraw = True
775.7623 	EXP 	fixation_2: autoDraw = False
776.7626 	INFO 	Keyboard events cleared
776.7625 	EXP 	probe_2: autoDraw = True
778.0629 	EXP 	Device response: <KeyPress from None: t=778.0529186000349, value=c, duration=None>
778.0632 	EXP 	New trial (rep=18, index=84): <Trial 84 (84 in rep 18) data={'pos': np.int64(-150), 'corr_resp': 'z', 'thisN': 84, 'thisTrialN': 84, 'thisRepN': 18}>
778.0641 	DATA 	Keypress: c
778.0779 	EXP 	fixation_2: autoDraw = False
778.0779 	EXP 	line_1: autoDraw = False
778.0779 	EXP 	line_2: autoDraw = False
778.0779 	EXP 	line_3: autoDraw = False
778.0779 	EXP 	line_4: autoDraw = False
778.0779 	EXP 	probe_2: autoDraw = False
778.0779 	EXP 	fixation_2: autoDraw = True
778.1280 	EXP 	Device response: <KeyPress from None: t=778.0529186000349, value=c, duration=0.06074009998701513>
779.0788 	EXP 	fixation_2: autoDraw = False
779.0788 	EXP 	line_1: autoDraw = True
779.0788 	EXP 	line_2: autoDraw = True
779.0788 	EXP 	line_3: autoDraw = True
779.0788 	EXP 	line_4: autoDraw = True
780.0627 	INFO 	Keyboard events cleared
780.0625 	EXP 	probe_2: autoDraw = True
781.5614 	EXP 	Device response: <KeyPress from None: t=781.5492261000327, value=z, duration=None>
781.5618 	EXP 	New trial (rep=17, index=85): <Trial 85 (85 in rep 17) data={'pos': np.int64(50), 'corr_resp': 'c', 'thisN': 85, 'thisTrialN': 85, 'thisRepN': 17}>
781.5629 	DATA 	Keypress: z
781.5786 	EXP 	fixation_2: autoDraw = False
781.5786 	EXP 	line_1: autoDraw = False
781.5786 	EXP 	line_2: autoDraw = False
781.5786 	EXP 	line_3: autoDraw = False
781.5786 	EXP 	line_4: autoDraw = False
781.5786 	EXP 	probe_2: autoDraw = False
781.5786 	EXP 	fixation_2: autoDraw = True
781.6283 	EXP 	Device response: <KeyPress from None: t=781.5492261000327, value=z, duration=0.07340140000451356>
782.5617 	EXP 	line_1: autoDraw = True
782.5617 	EXP 	line_2: autoDraw = True
782.5617 	EXP 	line_3: autoDraw = True
782.5617 	EXP 	line_4: autoDraw = True
782.5786 	EXP 	fixation_2: autoDraw = False
783.5624 	INFO 	Keyboard events cleared
783.5622 	EXP 	probe_2: autoDraw = True
785.1287 	EXP 	Device response: <KeyPress from None: t=785.1237397000077, value=c, duration=None>
785.1289 	EXP 	New trial (rep=16, index=86): <Trial 86 (86 in rep 16) data={'pos': np.int64(-50), 'corr_resp': 'x', 'thisN': 86, 'thisTrialN': 86, 'thisRepN': 16}>
785.1300 	DATA 	Keypress: c
785.1445 	EXP 	fixation_2: autoDraw = False
785.1445 	EXP 	line_1: autoDraw = False
785.1445 	EXP 	line_2: autoDraw = False
785.1445 	EXP 	line_3: autoDraw = False
785.1445 	EXP 	line_4: autoDraw = False
785.1445 	EXP 	probe_2: autoDraw = False
785.1445 	EXP 	fixation_2: autoDraw = True
785.2115 	EXP 	Device response: <KeyPress from None: t=785.1237397000077, value=c, duration=0.07332600001245737>
786.1292 	EXP 	line_1: autoDraw = True
786.1292 	EXP 	line_2: autoDraw = True
786.1292 	EXP 	line_3: autoDraw = True
786.1292 	EXP 	line_4: autoDraw = True
786.1458 	EXP 	fixation_2: autoDraw = False
787.1295 	INFO 	Keyboard events cleared
787.1293 	EXP 	probe_2: autoDraw = True
788.6620 	EXP 	Device response: <KeyPress from None: t=788.6601895000204, value=x, duration=None>
788.6622 	EXP 	New trial (rep=19, index=87): <Trial 87 (87 in rep 19) data={'pos': np.int64(-150), 'corr_resp': 'z', 'thisN': 87, 'thisTrialN': 87, 'thisRepN': 19}>
788.6632 	DATA 	Keypress: x
788.6786 	EXP 	fixation_2: autoDraw = False
788.6786 	EXP 	line_1: autoDraw = False
788.6786 	EXP 	line_2: autoDraw = False
788.6786 	EXP 	line_3: autoDraw = False
788.6786 	EXP 	line_4: autoDraw = False
788.6786 	EXP 	probe_2: autoDraw = False
788.6786 	EXP 	fixation_2: autoDraw = True
788.7281 	EXP 	Device response: <KeyPress from None: t=788.6601895000204, value=x, duration=0.06619230000069365>
789.6624 	EXP 	line_1: autoDraw = True
789.6624 	EXP 	line_2: autoDraw = True
789.6624 	EXP 	line_3: autoDraw = True
789.6624 	EXP 	line_4: autoDraw = True
789.6782 	EXP 	fixation_2: autoDraw = False
790.6628 	INFO 	Keyboard events cleared
790.6627 	EXP 	probe_2: autoDraw = True
792.5133 	EXP 	Device response: <KeyPress from None: t=792.4980884999968, value=z, duration=None>
792.5136 	EXP 	New trial (rep=18, index=88): <Trial 88 (88 in rep 18) data={'pos': np.int64(50), 'corr_resp': 'c', 'thisN': 88, 'thisTrialN': 88, 'thisRepN': 18}>
792.5148 	DATA 	Keypress: z
792.5283 	EXP 	fixation_2: autoDraw = False
792.5283 	EXP 	line_1: autoDraw = False
792.5283 	EXP 	line_2: autoDraw = False
792.5283 	EXP 	line_3: autoDraw = False
792.5283 	EXP 	line_4: autoDraw = False
792.5283 	EXP 	probe_2: autoDraw = False
792.5283 	EXP 	fixation_2: autoDraw = True
792.5789 	EXP 	Device response: <KeyPress from None: t=792.4980884999968, value=z, duration=0.07132310001179576>
793.5126 	EXP 	line_1: autoDraw = True
793.5126 	EXP 	line_2: autoDraw = True
793.5126 	EXP 	line_3: autoDraw = True
793.5126 	EXP 	line_4: autoDraw = True
793.5295 	EXP 	fixation_2: autoDraw = False
794.5293 	INFO 	Keyboard events cleared
794.5292 	EXP 	probe_2: autoDraw = True
795.9630 	EXP 	Device response: <KeyPress from None: t=795.9540358000086, value=c, duration=None>
795.9633 	EXP 	New trial (rep=19, index=89): <Trial 89 (89 in rep 19) data={'pos': np.int64(50), 'corr_resp': 'c', 'thisN': 89, 'thisTrialN': 89, 'thisRepN': 19}>
795.9643 	DATA 	Keypress: c
795.9782 	EXP 	fixation_2: autoDraw = False
795.9782 	EXP 	line_1: autoDraw = False
795.9782 	EXP 	line_2: autoDraw = False
795.9782 	EXP 	line_3: autoDraw = False
795.9782 	EXP 	line_4: autoDraw = False
795.9782 	EXP 	probe_2: autoDraw = False
795.9782 	EXP 	fixation_2: autoDraw = True
796.0291 	EXP 	Device response: <KeyPress from None: t=795.9540358000086, value=c, duration=0.0661495000240393>
796.9625 	EXP 	line_1: autoDraw = True
796.9625 	EXP 	line_2: autoDraw = True
796.9625 	EXP 	line_3: autoDraw = True
796.9625 	EXP 	line_4: autoDraw = True
796.9791 	EXP 	fixation_2: autoDraw = False
797.9621 	INFO 	Keyboard events cleared
797.9620 	EXP 	probe_2: autoDraw = True
799.2119 	EXP 	Device response: <KeyPress from None: t=799.1980513000162, value=c, duration=None>
799.2123 	EXP 	New trial (rep=20, index=90): <Trial 90 (90 in rep 20) data={'pos': np.int64(-150), 'corr_resp': 'z', 'thisN': 90, 'thisTrialN': 90, 'thisRepN': 20}>
799.2133 	DATA 	Keypress: c
799.2290 	EXP 	fixation_2: autoDraw = False
799.2290 	EXP 	line_1: autoDraw = False
799.2290 	EXP 	line_2: autoDraw = False
799.2290 	EXP 	line_3: autoDraw = False
799.2290 	EXP 	line_4: autoDraw = False
799.2290 	EXP 	probe_2: autoDraw = False
799.2290 	EXP 	fixation_2: autoDraw = True
799.2963 	EXP 	Device response: <KeyPress from None: t=799.1980513000162, value=c, duration=0.08163450000574812>
800.2132 	EXP 	line_1: autoDraw = True
800.2132 	EXP 	line_2: autoDraw = True
800.2132 	EXP 	line_3: autoDraw = True
800.2132 	EXP 	line_4: autoDraw = True
800.2289 	EXP 	fixation_2: autoDraw = False
801.2124 	INFO 	Keyboard events cleared
801.2123 	EXP 	probe_2: autoDraw = True
802.1618 	EXP 	Device response: <KeyPress from None: t=802.1510411000345, value=z, duration=None>
802.1623 	EXP 	New trial (rep=33, index=91): <Trial 91 (91 in rep 33) data={'pos': np.int64(150), 'corr_resp': 'v', 'thisN': 91, 'thisTrialN': 91, 'thisRepN': 33}>
802.1634 	DATA 	Keypress: z
802.1793 	EXP 	fixation_2: autoDraw = False
802.1793 	EXP 	line_1: autoDraw = False
802.1793 	EXP 	line_2: autoDraw = False
802.1793 	EXP 	line_3: autoDraw = False
802.1793 	EXP 	line_4: autoDraw = False
802.1793 	EXP 	probe_2: autoDraw = False
802.1793 	EXP 	fixation_2: autoDraw = True
802.2292 	EXP 	Device response: <KeyPress from None: t=802.1510411000345, value=z, duration=0.07129969995003194>
803.1627 	EXP 	line_1: autoDraw = True
803.1627 	EXP 	line_2: autoDraw = True
803.1627 	EXP 	line_3: autoDraw = True
803.1627 	EXP 	line_4: autoDraw = True
803.1793 	EXP 	fixation_2: autoDraw = False
804.1622 	INFO 	Keyboard events cleared
804.1620 	EXP 	probe_2: autoDraw = True
805.5642 	DATA 	Keypress: v
805.5789 	EXP 	Device response: <KeyPress from None: t=805.5631321999826, value=v, duration=None>
805.5792 	EXP 	New trial (rep=17, index=92): <Trial 92 (92 in rep 17) data={'pos': np.int64(-50), 'corr_resp': 'x', 'thisN': 92, 'thisTrialN': 92, 'thisRepN': 17}>
805.5951 	EXP 	fixation_2: autoDraw = False
805.5951 	EXP 	line_1: autoDraw = False
805.5951 	EXP 	line_2: autoDraw = False
805.5951 	EXP 	line_3: autoDraw = False
805.5951 	EXP 	line_4: autoDraw = False
805.5951 	EXP 	probe_2: autoDraw = False
805.5951 	EXP 	fixation_2: autoDraw = True
805.6456 	EXP 	Device response: <KeyPress from None: t=805.5631321999826, value=v, duration=0.07103480002842844>
806.5785 	EXP 	line_1: autoDraw = True
806.5785 	EXP 	line_2: autoDraw = True
806.5785 	EXP 	line_3: autoDraw = True
806.5785 	EXP 	line_4: autoDraw = True
806.5952 	EXP 	fixation_2: autoDraw = False
807.5798 	INFO 	Keyboard events cleared
807.5797 	EXP 	probe_2: autoDraw = True
810.1291 	EXP 	Device response: <KeyPress from None: t=810.1261248000083, value=x, duration=None>
810.1294 	EXP 	New trial (rep=18, index=93): <Trial 93 (93 in rep 18) data={'pos': np.int64(-50), 'corr_resp': 'x', 'thisN': 93, 'thisTrialN': 93, 'thisRepN': 18}>
810.1304 	DATA 	Keypress: x
810.1456 	EXP 	fixation_2: autoDraw = False
810.1456 	EXP 	line_1: autoDraw = False
810.1456 	EXP 	line_2: autoDraw = False
810.1456 	EXP 	line_3: autoDraw = False
810.1456 	EXP 	line_4: autoDraw = False
810.1456 	EXP 	probe_2: autoDraw = False
810.1456 	EXP 	fixation_2: autoDraw = True
810.2122 	EXP 	Device response: <KeyPress from None: t=810.1261248000083, value=x, duration=0.07107850001193583>
811.1296 	EXP 	line_1: autoDraw = True
811.1296 	EXP 	line_2: autoDraw = True
811.1296 	EXP 	line_3: autoDraw = True
811.1296 	EXP 	line_4: autoDraw = True
811.1457 	EXP 	fixation_2: autoDraw = False
812.1288 	INFO 	Keyboard events cleared
812.1286 	EXP 	probe_2: autoDraw = True
813.2624 	EXP 	Device response: <KeyPress from None: t=813.2583385999897, value=x, duration=None>
813.2627 	EXP 	New trial (rep=19, index=94): <Trial 94 (94 in rep 19) data={'pos': np.int64(-50), 'corr_resp': 'x', 'thisN': 94, 'thisTrialN': 94, 'thisRepN': 19}>
813.2640 	DATA 	Keypress: x
813.2786 	EXP 	fixation_2: autoDraw = False
813.2786 	EXP 	line_1: autoDraw = False
813.2786 	EXP 	line_2: autoDraw = False
813.2786 	EXP 	line_3: autoDraw = False
813.2786 	EXP 	line_4: autoDraw = False
813.2786 	EXP 	probe_2: autoDraw = False
813.2786 	EXP 	fixation_2: autoDraw = True
813.3462 	EXP 	Device response: <KeyPress from None: t=813.2583385999897, value=x, duration=0.07805490004830062>
814.2626 	EXP 	line_1: autoDraw = True
814.2626 	EXP 	line_2: autoDraw = True
814.2626 	EXP 	line_3: autoDraw = True
814.2626 	EXP 	line_4: autoDraw = True
814.2783 	EXP 	fixation_2: autoDraw = False
815.2627 	INFO 	Keyboard events cleared
815.2625 	EXP 	probe_2: autoDraw = True
816.6311 	DATA 	Keypress: x
816.6455 	EXP 	Device response: <KeyPress from None: t=816.6293386000325, value=x, duration=None>
816.6458 	EXP 	New trial (rep=20, index=95): <Trial 95 (95 in rep 20) data={'pos': np.int64(50), 'corr_resp': 'c', 'thisN': 95, 'thisTrialN': 95, 'thisRepN': 20}>
816.6626 	EXP 	fixation_2: autoDraw = False
816.6626 	EXP 	line_1: autoDraw = False
816.6626 	EXP 	line_2: autoDraw = False
816.6626 	EXP 	line_3: autoDraw = False
816.6626 	EXP 	line_4: autoDraw = False
816.6626 	EXP 	probe_2: autoDraw = False
816.6626 	EXP 	fixation_2: autoDraw = True
816.6964 	EXP 	Device response: <KeyPress from None: t=816.6293386000325, value=x, duration=0.06515909999143332>
817.6454 	EXP 	line_1: autoDraw = True
817.6454 	EXP 	line_2: autoDraw = True
817.6454 	EXP 	line_3: autoDraw = True
817.6454 	EXP 	line_4: autoDraw = True
817.6626 	EXP 	fixation_2: autoDraw = False
818.6460 	INFO 	Keyboard events cleared
818.6458 	EXP 	probe_2: autoDraw = True
819.9301 	EXP 	Device response: <KeyPress from None: t=819.9211300000316, value=c, duration=None>
819.9305 	EXP 	New trial (rep=21, index=96): <Trial 96 (96 in rep 21) data={'pos': np.int64(-150), 'corr_resp': 'z', 'thisN': 96, 'thisTrialN': 96, 'thisRepN': 21}>
819.9317 	DATA 	Keypress: c
819.9453 	EXP 	fixation_2: autoDraw = False
819.9453 	EXP 	line_1: autoDraw = False
819.9453 	EXP 	line_2: autoDraw = False
819.9453 	EXP 	line_3: autoDraw = False
819.9453 	EXP 	line_4: autoDraw = False
819.9453 	EXP 	probe_2: autoDraw = False
819.9453 	EXP 	fixation_2: autoDraw = True
819.9969 	EXP 	Device response: <KeyPress from None: t=819.9211300000316, value=c, duration=0.06310949998442084>
820.9460 	EXP 	fixation_2: autoDraw = False
820.9460 	EXP 	line_1: autoDraw = True
820.9460 	EXP 	line_2: autoDraw = True
820.9460 	EXP 	line_3: autoDraw = True
820.9460 	EXP 	line_4: autoDraw = True
821.9299 	INFO 	Keyboard events cleared
821.9297 	EXP 	probe_2: autoDraw = True
823.8955 	EXP 	Device response: <KeyPress from None: t=823.8872515000403, value=z, duration=None>
823.8959 	EXP 	New trial (rep=34, index=97): <Trial 97 (97 in rep 34) data={'pos': np.int64(150), 'corr_resp': 'v', 'thisN': 97, 'thisTrialN': 97, 'thisRepN': 34}>
823.8970 	DATA 	Keypress: z
823.9126 	EXP 	fixation_2: autoDraw = False
823.9126 	EXP 	line_1: autoDraw = False
823.9126 	EXP 	line_2: autoDraw = False
823.9126 	EXP 	line_3: autoDraw = False
823.9126 	EXP 	line_4: autoDraw = False
823.9126 	EXP 	probe_2: autoDraw = False
823.9126 	EXP 	fixation_2: autoDraw = True
823.9631 	EXP 	Device response: <KeyPress from None: t=823.8872515000403, value=z, duration=0.0712801999761723>
824.8962 	EXP 	line_1: autoDraw = True
824.8962 	EXP 	line_2: autoDraw = True
824.8962 	EXP 	line_3: autoDraw = True
824.8962 	EXP 	line_4: autoDraw = True
824.9128 	EXP 	fixation_2: autoDraw = False
825.8956 	INFO 	Keyboard events cleared
825.8955 	EXP 	probe_2: autoDraw = True
826.8304 	EXP 	Device response: <KeyPress from None: t=826.8296923000016, value=v, duration=None>
826.8308 	EXP 	New trial (rep=22, index=98): <Trial 98 (98 in rep 22) data={'pos': np.int64(-150), 'corr_resp': 'z', 'thisN': 98, 'thisTrialN': 98, 'thisRepN': 22}>
826.8321 	DATA 	Keypress: v
826.8458 	EXP 	fixation_2: autoDraw = False
826.8458 	EXP 	line_1: autoDraw = False
826.8458 	EXP 	line_2: autoDraw = False
826.8458 	EXP 	line_3: autoDraw = False
826.8458 	EXP 	line_4: autoDraw = False
826.8458 	EXP 	probe_2: autoDraw = False
826.8458 	EXP 	fixation_2: autoDraw = True
826.9129 	EXP 	Device response: <KeyPress from None: t=826.8296923000016, value=v, duration=0.0762028000317514>
827.8465 	EXP 	fixation_2: autoDraw = False
827.8465 	EXP 	line_1: autoDraw = True
827.8465 	EXP 	line_2: autoDraw = True
827.8465 	EXP 	line_3: autoDraw = True
827.8465 	EXP 	line_4: autoDraw = True
828.8463 	INFO 	Keyboard events cleared
828.8461 	EXP 	probe_2: autoDraw = True
830.4290 	EXP 	Device response: <KeyPress from None: t=830.4280177000328, value=z, duration=None>
830.4293 	EXP 	New trial (rep=23, index=99): <Trial 99 (99 in rep 23) data={'pos': np.int64(-150), 'corr_resp': 'z', 'thisN': 99, 'thisTrialN': 99, 'thisRepN': 23}>
830.4306 	DATA 	Keypress: z
830.4460 	EXP 	fixation_2: autoDraw = False
830.4460 	EXP 	line_1: autoDraw = False
830.4460 	EXP 	line_2: autoDraw = False
830.4460 	EXP 	line_3: autoDraw = False
830.4460 	EXP 	line_4: autoDraw = False
830.4460 	EXP 	probe_2: autoDraw = False
830.4460 	EXP 	fixation_2: autoDraw = True
830.5292 	EXP 	Device response: <KeyPress from None: t=830.4280177000328, value=z, duration=0.09927069995319471>
831.4295 	EXP 	line_1: autoDraw = True
831.4295 	EXP 	line_2: autoDraw = True
831.4295 	EXP 	line_3: autoDraw = True
831.4295 	EXP 	line_4: autoDraw = True
831.4466 	EXP 	fixation_2: autoDraw = False
832.4298 	INFO 	Keyboard events cleared
832.4297 	EXP 	probe_2: autoDraw = True
833.2455 	EXP 	Device response: <KeyPress from None: t=833.2330489000306, value=z, duration=None>
833.2458 	EXP 	New trial (rep=35, index=100): <Trial 100 (100 in rep 35) data={'pos': np.int64(150), 'corr_resp': 'v', 'thisN': 100, 'thisTrialN': 100, 'thisRepN': 35}>
833.2467 	DATA 	Keypress: z
833.2618 	EXP 	fixation_2: autoDraw = False
833.2618 	EXP 	line_1: autoDraw = False
833.2618 	EXP 	line_2: autoDraw = False
833.2618 	EXP 	line_3: autoDraw = False
833.2618 	EXP 	line_4: autoDraw = False
833.2618 	EXP 	probe_2: autoDraw = False
833.2618 	EXP 	fixation_2: autoDraw = True
833.3298 	EXP 	Device response: <KeyPress from None: t=833.2330489000306, value=z, duration=0.08120109996525571>
834.2467 	EXP 	line_1: autoDraw = True
834.2467 	EXP 	line_2: autoDraw = True
834.2467 	EXP 	line_3: autoDraw = True
834.2467 	EXP 	line_4: autoDraw = True
834.2629 	EXP 	fixation_2: autoDraw = False
835.2470 	INFO 	Keyboard events cleared
835.2469 	EXP 	probe_2: autoDraw = True
836.0299 	EXP 	Device response: <KeyPress from None: t=836.0253298000316, value=v, duration=None>
836.0302 	EXP 	New trial (rep=36, index=101): <Trial 101 (101 in rep 36) data={'pos': np.int64(150), 'corr_resp': 'v', 'thisN': 101, 'thisTrialN': 101, 'thisRepN': 36}>
836.0312 	DATA 	Keypress: v
836.0466 	EXP 	fixation_2: autoDraw = False
836.0466 	EXP 	line_1: autoDraw = False
836.0466 	EXP 	line_2: autoDraw = False
836.0466 	EXP 	line_3: autoDraw = False
836.0466 	EXP 	line_4: autoDraw = False
836.0466 	EXP 	probe_2: autoDraw = False
836.0466 	EXP 	fixation_2: autoDraw = True
836.1130 	EXP 	Device response: <KeyPress from None: t=836.0253298000316, value=v, duration=0.08592869999120012>
837.0301 	EXP 	line_1: autoDraw = True
837.0301 	EXP 	line_2: autoDraw = True
837.0301 	EXP 	line_3: autoDraw = True
837.0301 	EXP 	line_4: autoDraw = True
837.0463 	EXP 	fixation_2: autoDraw = False
838.0304 	INFO 	Keyboard events cleared
838.0303 	EXP 	probe_2: autoDraw = True
839.3798 	EXP 	Device response: <KeyPress from None: t=839.3756626000395, value=v, duration=None>
839.3800 	EXP 	New trial (rep=24, index=102): <Trial 102 (102 in rep 24) data={'pos': np.int64(-150), 'corr_resp': 'z', 'thisN': 102, 'thisTrialN': 102, 'thisRepN': 24}>
839.3810 	DATA 	Keypress: v
839.3956 	EXP 	fixation_2: autoDraw = False
839.3956 	EXP 	line_1: autoDraw = False
839.3956 	EXP 	line_2: autoDraw = False
839.3956 	EXP 	line_3: autoDraw = False
839.3956 	EXP 	line_4: autoDraw = False
839.3956 	EXP 	probe_2: autoDraw = False
839.3956 	EXP 	fixation_2: autoDraw = True
839.4633 	EXP 	Device response: <KeyPress from None: t=839.3756626000395, value=v, duration=0.08570319996215403>
840.3800 	EXP 	line_1: autoDraw = True
840.3800 	EXP 	line_2: autoDraw = True
840.3800 	EXP 	line_3: autoDraw = True
840.3800 	EXP 	line_4: autoDraw = True
840.3957 	EXP 	fixation_2: autoDraw = False
841.3803 	INFO 	Keyboard events cleared
841.3802 	EXP 	probe_2: autoDraw = True
842.4632 	EXP 	Device response: <KeyPress from None: t=842.4598437999957, value=z, duration=None>
842.4635 	EXP 	New trial (rep=21, index=103): <Trial 103 (103 in rep 21) data={'pos': np.int64(50), 'corr_resp': 'c', 'thisN': 103, 'thisTrialN': 103, 'thisRepN': 21}>
842.4646 	DATA 	Keypress: z
842.4791 	EXP 	fixation_2: autoDraw = False
842.4791 	EXP 	line_1: autoDraw = False
842.4791 	EXP 	line_2: autoDraw = False
842.4791 	EXP 	line_3: autoDraw = False
842.4791 	EXP 	line_4: autoDraw = False
842.4791 	EXP 	probe_2: autoDraw = False
842.4791 	EXP 	fixation_2: autoDraw = True
842.5133 	EXP 	Device response: <KeyPress from None: t=842.4598437999957, value=z, duration=0.0514917999971658>
843.4634 	EXP 	line_1: autoDraw = True
843.4634 	EXP 	line_2: autoDraw = True
843.4634 	EXP 	line_3: autoDraw = True
843.4634 	EXP 	line_4: autoDraw = True
843.4789 	EXP 	fixation_2: autoDraw = False
844.4635 	INFO 	Keyboard events cleared
844.4633 	EXP 	probe_2: autoDraw = True
845.8140 	EXP 	Device response: <KeyPress from None: t=845.7990317000076, value=c, duration=None>
845.8144 	EXP 	New trial (rep=20, index=104): <Trial 104 (104 in rep 20) data={'pos': np.int64(-50), 'corr_resp': 'x', 'thisN': 104, 'thisTrialN': 104, 'thisRepN': 20}>
845.8156 	DATA 	Keypress: c
845.8298 	EXP 	fixation_2: autoDraw = False
845.8298 	EXP 	line_1: autoDraw = False
845.8298 	EXP 	line_2: autoDraw = False
845.8298 	EXP 	line_3: autoDraw = False
845.8298 	EXP 	line_4: autoDraw = False
845.8298 	EXP 	probe_2: autoDraw = False
845.8298 	EXP 	fixation_2: autoDraw = True
845.8808 	EXP 	Device response: <KeyPress from None: t=845.7990317000076, value=c, duration=0.07152370002586395>
846.8295 	EXP 	fixation_2: autoDraw = False
846.8295 	EXP 	line_1: autoDraw = True
846.8295 	EXP 	line_2: autoDraw = True
846.8295 	EXP 	line_3: autoDraw = True
846.8295 	EXP 	line_4: autoDraw = True
847.8140 	INFO 	Keyboard events cleared
847.8138 	EXP 	probe_2: autoDraw = True
848.5470 	EXP 	Device response: <KeyPress from None: t=848.5461929999874, value=x, duration=None>
848.5473 	EXP 	New trial (rep=25, index=105): <Trial 105 (105 in rep 25) data={'pos': np.int64(-150), 'corr_resp': 'z', 'thisN': 105, 'thisTrialN': 105, 'thisRepN': 25}>
848.5482 	DATA 	Keypress: x
848.5624 	EXP 	fixation_2: autoDraw = False
848.5624 	EXP 	line_1: autoDraw = False
848.5624 	EXP 	line_2: autoDraw = False
848.5624 	EXP 	line_3: autoDraw = False
848.5624 	EXP 	line_4: autoDraw = False
848.5624 	EXP 	probe_2: autoDraw = False
848.5624 	EXP 	fixation_2: autoDraw = True
848.6293 	EXP 	Device response: <KeyPress from None: t=848.5461929999874, value=x, duration=0.07261650002328679>
849.5469 	EXP 	line_1: autoDraw = True
849.5469 	EXP 	line_2: autoDraw = True
849.5469 	EXP 	line_3: autoDraw = True
849.5469 	EXP 	line_4: autoDraw = True
849.5631 	EXP 	fixation_2: autoDraw = False
850.5458 	INFO 	Keyboard events cleared
850.5457 	EXP 	probe_2: autoDraw = True
851.2972 	EXP 	Device response: <KeyPress from None: t=851.2940623000031, value=z, duration=None>
851.2976 	EXP 	New trial (rep=22, index=106): <Trial 106 (106 in rep 22) data={'pos': np.int64(50), 'corr_resp': 'c', 'thisN': 106, 'thisTrialN': 106, 'thisRepN': 22}>
851.2988 	DATA 	Keypress: z
851.3125 	EXP 	fixation_2: autoDraw = False
851.3125 	EXP 	line_1: autoDraw = False
851.3125 	EXP 	line_2: autoDraw = False
851.3125 	EXP 	line_3: autoDraw = False
851.3125 	EXP 	line_4: autoDraw = False
851.3125 	EXP 	probe_2: autoDraw = False
851.3125 	EXP 	fixation_2: autoDraw = True
851.3805 	EXP 	Device response: <KeyPress from None: t=851.2940623000031, value=z, duration=0.07115350000094622>
852.2957 	EXP 	line_1: autoDraw = True
852.2957 	EXP 	line_2: autoDraw = True
852.2957 	EXP 	line_3: autoDraw = True
852.2957 	EXP 	line_4: autoDraw = True
852.3132 	EXP 	fixation_2: autoDraw = False
853.2974 	INFO 	Keyboard events cleared
853.2972 	EXP 	probe_2: autoDraw = True
854.3135 	EXP 	Device response: <KeyPress from None: t=854.3108834000304, value=v, duration=None>
854.3138 	EXP 	New trial (rep=23, index=107): <Trial 107 (107 in rep 23) data={'pos': np.int64(50), 'corr_resp': 'c', 'thisN': 107, 'thisTrialN': 107, 'thisRepN': 23}>
854.3151 	DATA 	Keypress: v
854.3289 	EXP 	fixation_2: autoDraw = False
854.3289 	EXP 	line_1: autoDraw = False
854.3289 	EXP 	line_2: autoDraw = False
854.3289 	EXP 	line_3: autoDraw = False
854.3289 	EXP 	line_4: autoDraw = False
854.3289 	EXP 	probe_2: autoDraw = False
854.3289 	EXP 	fixation_2: autoDraw = True
854.4139 	EXP 	Device response: <KeyPress from None: t=854.3108834000304, value=v, duration=0.08775429998058826>
855.3131 	EXP 	line_1: autoDraw = True
855.3131 	EXP 	line_2: autoDraw = True
855.3131 	EXP 	line_3: autoDraw = True
855.3131 	EXP 	line_4: autoDraw = True
855.3293 	EXP 	fixation_2: autoDraw = False
856.3138 	INFO 	Keyboard events cleared
856.3136 	EXP 	probe_2: autoDraw = True
858.8299 	EXP 	Device response: <KeyPress from None: t=858.8295037000207, value=c, duration=None>
858.8302 	EXP 	New trial (rep=21, index=108): <Trial 108 (108 in rep 21) data={'pos': np.int64(-50), 'corr_resp': 'x', 'thisN': 108, 'thisTrialN': 108, 'thisRepN': 21}>
858.8312 	DATA 	Keypress: c
858.8463 	EXP 	fixation_2: autoDraw = False
858.8463 	EXP 	line_1: autoDraw = False
858.8463 	EXP 	line_2: autoDraw = False
858.8463 	EXP 	line_3: autoDraw = False
858.8463 	EXP 	line_4: autoDraw = False
858.8463 	EXP 	probe_2: autoDraw = False
858.8463 	EXP 	fixation_2: autoDraw = True
858.9137 	EXP 	Device response: <KeyPress from None: t=858.8295037000207, value=c, duration=0.07657420000759885>
859.8305 	EXP 	line_1: autoDraw = True
859.8305 	EXP 	line_2: autoDraw = True
859.8305 	EXP 	line_3: autoDraw = True
859.8305 	EXP 	line_4: autoDraw = True
859.8467 	EXP 	fixation_2: autoDraw = False
860.8307 	INFO 	Keyboard events cleared
860.8306 	EXP 	probe_2: autoDraw = True
861.8302 	EXP 	Device response: <KeyPress from None: t=861.8165827000048, value=x, duration=None>
861.8305 	EXP 	New trial (rep=37, index=109): <Trial 109 (109 in rep 37) data={'pos': np.int64(150), 'corr_resp': 'v', 'thisN': 109, 'thisTrialN': 109, 'thisRepN': 37}>
861.8321 	DATA 	Keypress: x
861.8467 	EXP 	fixation_2: autoDraw = False
861.8467 	EXP 	line_1: autoDraw = False
861.8467 	EXP 	line_2: autoDraw = False
861.8467 	EXP 	line_3: autoDraw = False
861.8467 	EXP 	line_4: autoDraw = False
861.8467 	EXP 	probe_2: autoDraw = False
861.8467 	EXP 	fixation_2: autoDraw = True
861.9140 	EXP 	Device response: <KeyPress from None: t=861.8165827000048, value=x, duration=0.0919127999804914>
862.8301 	EXP 	line_1: autoDraw = True
862.8301 	EXP 	line_2: autoDraw = True
862.8301 	EXP 	line_3: autoDraw = True
862.8301 	EXP 	line_4: autoDraw = True
862.8468 	EXP 	fixation_2: autoDraw = False
863.8311 	INFO 	Keyboard events cleared
863.8310 	EXP 	probe_2: autoDraw = True
864.7149 	DATA 	Keypress: v
864.7304 	EXP 	Device response: <KeyPress from None: t=864.7135028000339, value=v, duration=None>
864.7307 	EXP 	New trial (rep=38, index=110): <Trial 110 (110 in rep 38) data={'pos': np.int64(150), 'corr_resp': 'v', 'thisN': 110, 'thisTrialN': 110, 'thisRepN': 38}>
864.7469 	EXP 	fixation_2: autoDraw = False
864.7469 	EXP 	line_1: autoDraw = False
864.7469 	EXP 	line_2: autoDraw = False
864.7469 	EXP 	line_3: autoDraw = False
864.7469 	EXP 	line_4: autoDraw = False
864.7469 	EXP 	probe_2: autoDraw = False
864.7469 	EXP 	fixation_2: autoDraw = True
864.8296 	EXP 	Device response: <KeyPress from None: t=864.7135028000339, value=v, duration=0.10941599996294826>
865.7300 	EXP 	line_1: autoDraw = True
865.7300 	EXP 	line_2: autoDraw = True
865.7300 	EXP 	line_3: autoDraw = True
865.7300 	EXP 	line_4: autoDraw = True
865.7472 	EXP 	fixation_2: autoDraw = False
866.7305 	INFO 	Keyboard events cleared
866.7303 	EXP 	probe_2: autoDraw = True
868.0154 	DATA 	Keypress: v
868.0297 	EXP 	Device response: <KeyPress from None: t=868.0141886000056, value=v, duration=None>
868.0301 	EXP 	New trial (rep=24, index=111): <Trial 111 (111 in rep 24) data={'pos': np.int64(50), 'corr_resp': 'c', 'thisN': 111, 'thisTrialN': 111, 'thisRepN': 24}>
868.0473 	EXP 	fixation_2: autoDraw = False
868.0473 	EXP 	line_1: autoDraw = False
868.0473 	EXP 	line_2: autoDraw = False
868.0473 	EXP 	line_3: autoDraw = False
868.0473 	EXP 	line_4: autoDraw = False
868.0473 	EXP 	probe_2: autoDraw = False
868.0473 	EXP 	fixation_2: autoDraw = True
868.1132 	EXP 	Device response: <KeyPress from None: t=868.0141886000056, value=v, duration=0.08719550003297627>
869.0305 	EXP 	line_1: autoDraw = True
869.0305 	EXP 	line_2: autoDraw = True
869.0305 	EXP 	line_3: autoDraw = True
869.0305 	EXP 	line_4: autoDraw = True
869.0466 	EXP 	fixation_2: autoDraw = False
870.0307 	INFO 	Keyboard events cleared
870.0305 	EXP 	probe_2: autoDraw = True
871.6303 	EXP 	Device response: <KeyPress from None: t=871.6255948999897, value=c, duration=None>
871.6306 	EXP 	New trial (rep=22, index=112): <Trial 112 (112 in rep 22) data={'pos': np.int64(-50), 'corr_resp': 'x', 'thisN': 112, 'thisTrialN': 112, 'thisRepN': 22}>
871.6317 	DATA 	Keypress: c
871.6465 	EXP 	fixation_2: autoDraw = False
871.6465 	EXP 	line_1: autoDraw = False
871.6465 	EXP 	line_2: autoDraw = False
871.6465 	EXP 	line_3: autoDraw = False
871.6465 	EXP 	line_4: autoDraw = False
871.6465 	EXP 	probe_2: autoDraw = False
871.6465 	EXP 	fixation_2: autoDraw = True
871.7133 	EXP 	Device response: <KeyPress from None: t=871.6255948999897, value=c, duration=0.07558000000426546>
872.6296 	EXP 	line_1: autoDraw = True
872.6296 	EXP 	line_2: autoDraw = True
872.6296 	EXP 	line_3: autoDraw = True
872.6296 	EXP 	line_4: autoDraw = True
872.6463 	EXP 	fixation_2: autoDraw = False
873.6308 	INFO 	Keyboard events cleared
873.6307 	EXP 	probe_2: autoDraw = True
875.1964 	EXP 	Device response: <KeyPress from None: t=875.1883038000087, value=x, duration=None>
875.1968 	EXP 	New trial (rep=23, index=113): <Trial 113 (113 in rep 23) data={'pos': np.int64(-50), 'corr_resp': 'x', 'thisN': 113, 'thisTrialN': 113, 'thisRepN': 23}>
875.1979 	DATA 	Keypress: x
875.2138 	EXP 	fixation_2: autoDraw = False
875.2138 	EXP 	line_1: autoDraw = False
875.2138 	EXP 	line_2: autoDraw = False
875.2138 	EXP 	line_3: autoDraw = False
875.2138 	EXP 	line_4: autoDraw = False
875.2138 	EXP 	probe_2: autoDraw = False
875.2138 	EXP 	fixation_2: autoDraw = True
875.2972 	EXP 	Device response: <KeyPress from None: t=875.1883038000087, value=x, duration=0.09203629998955876>
876.1968 	EXP 	line_1: autoDraw = True
876.1968 	EXP 	line_2: autoDraw = True
876.1968 	EXP 	line_3: autoDraw = True
876.1968 	EXP 	line_4: autoDraw = True
876.2142 	EXP 	fixation_2: autoDraw = False
877.1973 	INFO 	Keyboard events cleared
877.1972 	EXP 	probe_2: autoDraw = True
878.0631 	EXP 	Device response: <KeyPress from None: t=878.0546425000066, value=x, duration=None>
878.0634 	EXP 	New trial (rep=24, index=114): <Trial 114 (114 in rep 24) data={'pos': np.int64(-50), 'corr_resp': 'x', 'thisN': 114, 'thisTrialN': 114, 'thisRepN': 24}>
878.0644 	DATA 	Keypress: x
878.0795 	EXP 	fixation_2: autoDraw = False
878.0795 	EXP 	line_1: autoDraw = False
878.0795 	EXP 	line_2: autoDraw = False
878.0795 	EXP 	line_3: autoDraw = False
878.0795 	EXP 	line_4: autoDraw = False
878.0795 	EXP 	probe_2: autoDraw = False
878.0795 	EXP 	fixation_2: autoDraw = True
878.1472 	EXP 	Device response: <KeyPress from None: t=878.0546425000066, value=x, duration=0.07730320002883673>
879.0641 	EXP 	line_1: autoDraw = True
879.0641 	EXP 	line_2: autoDraw = True
879.0641 	EXP 	line_3: autoDraw = True
879.0641 	EXP 	line_4: autoDraw = True
879.0806 	EXP 	fixation_2: autoDraw = False
880.0642 	INFO 	Keyboard events cleared
880.0641 	EXP 	probe_2: autoDraw = True
880.9304 	EXP 	Device response: <KeyPress from None: t=880.9167608999996, value=x, duration=None>
880.9307 	EXP 	New trial (rep=26, index=115): <Trial 115 (115 in rep 26) data={'pos': np.int64(-150), 'corr_resp': 'z', 'thisN': 115, 'thisTrialN': 115, 'thisRepN': 26}>
880.9317 	DATA 	Keypress: x
880.9470 	EXP 	fixation_2: autoDraw = False
880.9470 	EXP 	line_1: autoDraw = False
880.9470 	EXP 	line_2: autoDraw = False
880.9470 	EXP 	line_3: autoDraw = False
880.9470 	EXP 	line_4: autoDraw = False
880.9470 	EXP 	probe_2: autoDraw = False
880.9470 	EXP 	fixation_2: autoDraw = True
881.0132 	EXP 	Device response: <KeyPress from None: t=880.9167608999996, value=x, duration=0.08159810001961887>
881.9305 	EXP 	line_1: autoDraw = True
881.9305 	EXP 	line_2: autoDraw = True
881.9305 	EXP 	line_3: autoDraw = True
881.9305 	EXP 	line_4: autoDraw = True
881.9468 	EXP 	fixation_2: autoDraw = False
882.9306 	INFO 	Keyboard events cleared
882.9305 	EXP 	probe_2: autoDraw = True
884.6489 	DATA 	Keypress: z
884.6633 	EXP 	Device response: <KeyPress from None: t=884.6483793000225, value=z, duration=None>
884.6636 	EXP 	New trial (rep=25, index=116): <Trial 116 (116 in rep 25) data={'pos': np.int64(50), 'corr_resp': 'c', 'thisN': 116, 'thisTrialN': 116, 'thisRepN': 25}>
884.6798 	EXP 	fixation_2: autoDraw = False
884.6798 	EXP 	line_1: autoDraw = False
884.6798 	EXP 	line_2: autoDraw = False
884.6798 	EXP 	line_3: autoDraw = False
884.6798 	EXP 	line_4: autoDraw = False
884.6798 	EXP 	probe_2: autoDraw = False
884.6798 	EXP 	fixation_2: autoDraw = True
884.7482 	EXP 	Device response: <KeyPress from None: t=884.6483793000225, value=z, duration=0.09505219996208325>
885.6627 	EXP 	line_1: autoDraw = True
885.6627 	EXP 	line_2: autoDraw = True
885.6627 	EXP 	line_3: autoDraw = True
885.6627 	EXP 	line_4: autoDraw = True
885.6804 	EXP 	fixation_2: autoDraw = False
886.6637 	INFO 	Keyboard events cleared
886.6636 	EXP 	probe_2: autoDraw = True
888.9474 	EXP 	Device response: <KeyPress from None: t=888.9348333000089, value=c, duration=None>
888.9476 	EXP 	New trial (rep=26, index=117): <Trial 117 (117 in rep 26) data={'pos': np.int64(50), 'corr_resp': 'c', 'thisN': 117, 'thisTrialN': 117, 'thisRepN': 26}>
888.9486 	DATA 	Keypress: c
888.9636 	EXP 	fixation_2: autoDraw = False
888.9636 	EXP 	line_1: autoDraw = False
888.9636 	EXP 	line_2: autoDraw = False
888.9636 	EXP 	line_3: autoDraw = False
888.9636 	EXP 	line_4: autoDraw = False
888.9636 	EXP 	probe_2: autoDraw = False
888.9636 	EXP 	fixation_2: autoDraw = True
889.0464 	EXP 	Device response: <KeyPress from None: t=888.9348333000089, value=c, duration=0.09593190002487972>
889.9469 	EXP 	line_1: autoDraw = True
889.9469 	EXP 	line_2: autoDraw = True
889.9469 	EXP 	line_3: autoDraw = True
889.9469 	EXP 	line_4: autoDraw = True
889.9637 	EXP 	fixation_2: autoDraw = False
890.9464 	INFO 	Keyboard events cleared
890.9462 	EXP 	probe_2: autoDraw = True
891.7305 	EXP 	Device response: <KeyPress from None: t=891.7204150999896, value=c, duration=None>
891.7308 	EXP 	New trial (rep=25, index=118): <Trial 118 (118 in rep 25) data={'pos': np.int64(-50), 'corr_resp': 'x', 'thisN': 118, 'thisTrialN': 118, 'thisRepN': 25}>
891.7320 	DATA 	Keypress: c
891.7464 	EXP 	fixation_2: autoDraw = False
891.7464 	EXP 	line_1: autoDraw = False
891.7464 	EXP 	line_2: autoDraw = False
891.7464 	EXP 	line_3: autoDraw = False
891.7464 	EXP 	line_4: autoDraw = False
891.7464 	EXP 	probe_2: autoDraw = False
891.7464 	EXP 	fixation_2: autoDraw = True
891.8306 	EXP 	Device response: <KeyPress from None: t=891.7204150999896, value=c, duration=0.10147950000828132>
892.7310 	EXP 	line_1: autoDraw = True
892.7310 	EXP 	line_2: autoDraw = True
892.7310 	EXP 	line_3: autoDraw = True
892.7310 	EXP 	line_4: autoDraw = True
892.7479 	EXP 	fixation_2: autoDraw = False
893.7313 	INFO 	Keyboard events cleared
893.7312 	EXP 	probe_2: autoDraw = True
895.1316 	EXP 	Device response: <KeyPress from None: t=895.1212714000139, value=x, duration=None>
895.1319 	EXP 	New trial (rep=27, index=119): <Trial 119 (119 in rep 27) data={'pos': np.int64(-150), 'corr_resp': 'z', 'thisN': 119, 'thisTrialN': 119, 'thisRepN': 27}>
895.1332 	DATA 	Keypress: x
895.1465 	EXP 	fixation_2: autoDraw = False
895.1465 	EXP 	line_1: autoDraw = False
895.1465 	EXP 	line_2: autoDraw = False
895.1465 	EXP 	line_3: autoDraw = False
895.1465 	EXP 	line_4: autoDraw = False
895.1465 	EXP 	probe_2: autoDraw = False
895.1465 	EXP 	fixation_2: autoDraw = True
895.2307 	EXP 	Device response: <KeyPress from None: t=895.1212714000139, value=x, duration=0.1060068000224419>
896.1475 	EXP 	fixation_2: autoDraw = False
896.1475 	EXP 	line_1: autoDraw = True
896.1475 	EXP 	line_2: autoDraw = True
896.1475 	EXP 	line_3: autoDraw = True
896.1475 	EXP 	line_4: autoDraw = True
897.1301 	INFO 	Keyboard events cleared
897.1299 	EXP 	probe_2: autoDraw = True
898.7138 	EXP 	Device response: <KeyPress from None: t=898.7074311000179, value=z, duration=None>
898.7142 	EXP 	New trial (rep=27, index=120): <Trial 120 (120 in rep 27) data={'pos': np.int64(50), 'corr_resp': 'c', 'thisN': 120, 'thisTrialN': 120, 'thisRepN': 27}>
898.7155 	DATA 	Keypress: z
898.7306 	EXP 	fixation_2: autoDraw = False
898.7306 	EXP 	line_1: autoDraw = False
898.7306 	EXP 	line_2: autoDraw = False
898.7306 	EXP 	line_3: autoDraw = False
898.7306 	EXP 	line_4: autoDraw = False
898.7306 	EXP 	probe_2: autoDraw = False
898.7306 	EXP 	fixation_2: autoDraw = True
898.7980 	EXP 	Device response: <KeyPress from None: t=898.7074311000179, value=z, duration=0.07651240000268444>
899.7144 	EXP 	line_1: autoDraw = True
899.7144 	EXP 	line_2: autoDraw = True
899.7144 	EXP 	line_3: autoDraw = True
899.7144 	EXP 	line_4: autoDraw = True
899.7303 	EXP 	fixation_2: autoDraw = False
900.7148 	INFO 	Keyboard events cleared
900.7147 	EXP 	probe_2: autoDraw = True
902.1808 	EXP 	Device response: <KeyPress from None: t=902.1647405999829, value=c, duration=None>
902.1811 	EXP 	New trial (rep=39, index=121): <Trial 121 (121 in rep 39) data={'pos': np.int64(150), 'corr_resp': 'v', 'thisN': 121, 'thisTrialN': 121, 'thisRepN': 39}>
902.1822 	DATA 	Keypress: c
902.1970 	EXP 	fixation_2: autoDraw = False
902.1970 	EXP 	line_1: autoDraw = False
902.1970 	EXP 	line_2: autoDraw = False
902.1970 	EXP 	line_3: autoDraw = False
902.1970 	EXP 	line_4: autoDraw = False
902.1970 	EXP 	probe_2: autoDraw = False
902.1970 	EXP 	fixation_2: autoDraw = True
902.2806 	EXP 	Device response: <KeyPress from None: t=902.1647405999829, value=c, duration=0.10497860005125403>
903.1802 	EXP 	line_1: autoDraw = True
903.1802 	EXP 	line_2: autoDraw = True
903.1802 	EXP 	line_3: autoDraw = True
903.1802 	EXP 	line_4: autoDraw = True
903.1979 	EXP 	fixation_2: autoDraw = False
904.1984 	INFO 	Keyboard events cleared
904.1982 	EXP 	probe_2: autoDraw = True
905.1643 	EXP 	Device response: <KeyPress from None: t=905.1563529000268, value=v, duration=None>
905.1646 	EXP 	New trial (rep=28, index=122): <Trial 122 (122 in rep 28) data={'pos': np.int64(-150), 'corr_resp': 'z', 'thisN': 122, 'thisTrialN': 122, 'thisRepN': 28}>
905.1659 	DATA 	Keypress: v
905.1813 	EXP 	fixation_2: autoDraw = False
905.1813 	EXP 	line_1: autoDraw = False
905.1813 	EXP 	line_2: autoDraw = False
905.1813 	EXP 	line_3: autoDraw = False
905.1813 	EXP 	line_4: autoDraw = False
905.1813 	EXP 	probe_2: autoDraw = False
905.1813 	EXP 	fixation_2: autoDraw = True
905.2472 	EXP 	Device response: <KeyPress from None: t=905.1563529000268, value=v, duration=0.08290420001139864>
906.1810 	EXP 	fixation_2: autoDraw = False
906.1810 	EXP 	line_1: autoDraw = True
906.1810 	EXP 	line_2: autoDraw = True
906.1810 	EXP 	line_3: autoDraw = True
906.1810 	EXP 	line_4: autoDraw = True
907.1640 	INFO 	Keyboard events cleared
907.1638 	EXP 	probe_2: autoDraw = True
908.0145 	EXP 	Device response: <KeyPress from None: t=908.0110107000219, value=z, duration=None>
908.0149 	EXP 	New trial (rep=26, index=123): <Trial 123 (123 in rep 26) data={'pos': np.int64(-50), 'corr_resp': 'x', 'thisN': 123, 'thisTrialN': 123, 'thisRepN': 26}>
908.0162 	DATA 	Keypress: z
908.0300 	EXP 	fixation_2: autoDraw = False
908.0300 	EXP 	line_1: autoDraw = False
908.0300 	EXP 	line_2: autoDraw = False
908.0300 	EXP 	line_3: autoDraw = False
908.0300 	EXP 	line_4: autoDraw = False
908.0300 	EXP 	probe_2: autoDraw = False
908.0300 	EXP 	fixation_2: autoDraw = True
908.0967 	EXP 	Device response: <KeyPress from None: t=908.0110107000219, value=z, duration=0.08505990001140162>
909.0144 	EXP 	line_1: autoDraw = True
909.0144 	EXP 	line_2: autoDraw = True
909.0144 	EXP 	line_3: autoDraw = True
909.0144 	EXP 	line_4: autoDraw = True
909.0301 	EXP 	fixation_2: autoDraw = False
910.0144 	INFO 	Keyboard events cleared
910.0142 	EXP 	probe_2: autoDraw = True
911.1150 	EXP 	Device response: <KeyPress from None: t=911.1121335999924, value=x, duration=None>
911.1153 	EXP 	New trial (rep=28, index=124): <Trial 124 (124 in rep 28) data={'pos': np.int64(50), 'corr_resp': 'c', 'thisN': 124, 'thisTrialN': 124, 'thisRepN': 28}>
911.1166 	DATA 	Keypress: x
911.1304 	EXP 	fixation_2: autoDraw = False
911.1304 	EXP 	line_1: autoDraw = False
911.1304 	EXP 	line_2: autoDraw = False
911.1304 	EXP 	line_3: autoDraw = False
911.1304 	EXP 	line_4: autoDraw = False
911.1304 	EXP 	probe_2: autoDraw = False
911.1304 	EXP 	fixation_2: autoDraw = True
911.1975 	EXP 	Device response: <KeyPress from None: t=911.1121335999924, value=x, duration=0.07588000001851469>
912.1305 	EXP 	fixation_2: autoDraw = False
912.1305 	EXP 	line_1: autoDraw = True
912.1305 	EXP 	line_2: autoDraw = True
912.1305 	EXP 	line_3: autoDraw = True
912.1305 	EXP 	line_4: autoDraw = True
913.1306 	INFO 	Keyboard events cleared
913.1305 	EXP 	probe_2: autoDraw = True
914.0477 	EXP 	Device response: <KeyPress from None: t=914.0339696999872, value=c, duration=None>
914.0480 	EXP 	New trial (rep=29, index=125): <Trial 125 (125 in rep 29) data={'pos': np.int64(-150), 'corr_resp': 'z', 'thisN': 125, 'thisTrialN': 125, 'thisRepN': 29}>
914.0490 	DATA 	Keypress: c
914.0635 	EXP 	fixation_2: autoDraw = False
914.0635 	EXP 	line_1: autoDraw = False
914.0635 	EXP 	line_2: autoDraw = False
914.0635 	EXP 	line_3: autoDraw = False
914.0635 	EXP 	line_4: autoDraw = False
914.0635 	EXP 	probe_2: autoDraw = False
914.0635 	EXP 	fixation_2: autoDraw = True
914.1139 	EXP 	Device response: <KeyPress from None: t=914.0339696999872, value=c, duration=0.07660670002223924>
915.0638 	EXP 	fixation_2: autoDraw = False
915.0638 	EXP 	line_1: autoDraw = True
915.0638 	EXP 	line_2: autoDraw = True
915.0638 	EXP 	line_3: autoDraw = True
915.0638 	EXP 	line_4: autoDraw = True
916.0477 	INFO 	Keyboard events cleared
916.0476 	EXP 	probe_2: autoDraw = True
916.7478 	EXP 	Device response: <KeyPress from None: t=916.7455508999992, value=z, duration=None>
916.7481 	EXP 	New trial (rep=27, index=126): <Trial 126 (126 in rep 27) data={'pos': np.int64(-50), 'corr_resp': 'x', 'thisN': 126, 'thisTrialN': 126, 'thisRepN': 27}>
916.7491 	DATA 	Keypress: z
916.7628 	EXP 	fixation_2: autoDraw = False
916.7628 	EXP 	line_1: autoDraw = False
916.7628 	EXP 	line_2: autoDraw = False
916.7628 	EXP 	line_3: autoDraw = False
916.7628 	EXP 	line_4: autoDraw = False
916.7628 	EXP 	probe_2: autoDraw = False
916.7628 	EXP 	fixation_2: autoDraw = True
916.8480 	EXP 	Device response: <KeyPress from None: t=916.7455508999992, value=z, duration=0.09100300003774464>
917.7480 	EXP 	line_1: autoDraw = True
917.7480 	EXP 	line_2: autoDraw = True
917.7480 	EXP 	line_3: autoDraw = True
917.7480 	EXP 	line_4: autoDraw = True
917.7649 	EXP 	fixation_2: autoDraw = False
918.7482 	INFO 	Keyboard events cleared
918.7480 	EXP 	probe_2: autoDraw = True
919.5650 	EXP 	Device response: <KeyPress from None: t=919.5631940999883, value=x, duration=None>
919.5653 	EXP 	New trial (rep=28, index=127): <Trial 127 (127 in rep 28) data={'pos': np.int64(-50), 'corr_resp': 'x', 'thisN': 127, 'thisTrialN': 127, 'thisRepN': 28}>
919.5662 	DATA 	Keypress: x
919.5809 	EXP 	fixation_2: autoDraw = False
919.5809 	EXP 	line_1: autoDraw = False
919.5809 	EXP 	line_2: autoDraw = False
919.5809 	EXP 	line_3: autoDraw = False
919.5809 	EXP 	line_4: autoDraw = False
919.5809 	EXP 	probe_2: autoDraw = False
919.5809 	EXP 	fixation_2: autoDraw = True
919.6482 	EXP 	Device response: <KeyPress from None: t=919.5631940999883, value=x, duration=0.0820475000073202>
920.5807 	EXP 	fixation_2: autoDraw = False
920.5807 	EXP 	line_1: autoDraw = True
920.5807 	EXP 	line_2: autoDraw = True
920.5807 	EXP 	line_3: autoDraw = True
920.5807 	EXP 	line_4: autoDraw = True
921.5849 	INFO 	Keyboard events cleared
921.5847 	EXP 	probe_2: autoDraw = True
922.7653 	EXP 	Device response: <KeyPress from None: t=922.7618932999903, value=x, duration=None>
922.7656 	EXP 	New trial (rep=29, index=128): <Trial 128 (128 in rep 29) data={'pos': np.int64(-50), 'corr_resp': 'x', 'thisN': 128, 'thisTrialN': 128, 'thisRepN': 29}>
922.7667 	DATA 	Keypress: x
922.7807 	EXP 	fixation_2: autoDraw = False
922.7807 	EXP 	line_1: autoDraw = False
922.7807 	EXP 	line_2: autoDraw = False
922.7807 	EXP 	line_3: autoDraw = False
922.7807 	EXP 	line_4: autoDraw = False
922.7807 	EXP 	probe_2: autoDraw = False
922.7807 	EXP 	fixation_2: autoDraw = True
922.8465 	EXP 	Device response: <KeyPress from None: t=922.7618932999903, value=x, duration=0.08107760001439601>
923.7810 	EXP 	fixation_2: autoDraw = False
923.7810 	EXP 	line_1: autoDraw = True
923.7810 	EXP 	line_2: autoDraw = True
923.7810 	EXP 	line_3: autoDraw = True
923.7810 	EXP 	line_4: autoDraw = True
924.7817 	INFO 	Keyboard events cleared
924.7815 	EXP 	probe_2: autoDraw = True
925.6645 	EXP 	Device response: <KeyPress from None: t=925.6587775000371, value=x, duration=None>
925.6649 	EXP 	New trial (rep=30, index=129): <Trial 129 (129 in rep 30) data={'pos': np.int64(-150), 'corr_resp': 'z', 'thisN': 129, 'thisTrialN': 129, 'thisRepN': 30}>
925.6659 	DATA 	Keypress: x
925.6801 	EXP 	fixation_2: autoDraw = False
925.6801 	EXP 	line_1: autoDraw = False
925.6801 	EXP 	line_2: autoDraw = False
925.6801 	EXP 	line_3: autoDraw = False
925.6801 	EXP 	line_4: autoDraw = False
925.6801 	EXP 	probe_2: autoDraw = False
925.6801 	EXP 	fixation_2: autoDraw = True
925.7647 	EXP 	Device response: <KeyPress from None: t=925.6587775000371, value=x, duration=0.08813199994619936>
926.6815 	EXP 	fixation_2: autoDraw = False
926.6815 	EXP 	line_1: autoDraw = True
926.6815 	EXP 	line_2: autoDraw = True
926.6815 	EXP 	line_3: autoDraw = True
926.6815 	EXP 	line_4: autoDraw = True
927.6647 	INFO 	Keyboard events cleared
927.6645 	EXP 	probe_2: autoDraw = True
929.2313 	EXP 	Device response: <KeyPress from None: t=929.2164789999952, value=z, duration=None>
929.2317 	EXP 	New trial (rep=31, index=130): <Trial 130 (130 in rep 31) data={'pos': np.int64(-150), 'corr_resp': 'z', 'thisN': 130, 'thisTrialN': 130, 'thisRepN': 31}>
929.2328 	DATA 	Keypress: z
929.2477 	EXP 	fixation_2: autoDraw = False
929.2477 	EXP 	line_1: autoDraw = False
929.2477 	EXP 	line_2: autoDraw = False
929.2477 	EXP 	line_3: autoDraw = False
929.2477 	EXP 	line_4: autoDraw = False
929.2477 	EXP 	probe_2: autoDraw = False
929.2477 	EXP 	fixation_2: autoDraw = True
929.3139 	EXP 	Device response: <KeyPress from None: t=929.2164789999952, value=z, duration=0.08685389999300241>
930.2319 	EXP 	line_1: autoDraw = True
930.2319 	EXP 	line_2: autoDraw = True
930.2319 	EXP 	line_3: autoDraw = True
930.2319 	EXP 	line_4: autoDraw = True
930.2480 	EXP 	fixation_2: autoDraw = False
931.2481 	INFO 	Keyboard events cleared
931.2479 	EXP 	probe_2: autoDraw = True
931.9828 	DATA 	Keypress: z
931.9981 	EXP 	Device response: <KeyPress from None: t=931.9816340000252, value=z, duration=None>
931.9984 	EXP 	New trial (rep=32, index=131): <Trial 131 (131 in rep 32) data={'pos': np.int64(-150), 'corr_resp': 'z', 'thisN': 131, 'thisTrialN': 131, 'thisRepN': 32}>
932.0137 	EXP 	fixation_2: autoDraw = False
932.0137 	EXP 	line_1: autoDraw = False
932.0137 	EXP 	line_2: autoDraw = False
932.0137 	EXP 	line_3: autoDraw = False
932.0137 	EXP 	line_4: autoDraw = False
932.0137 	EXP 	probe_2: autoDraw = False
932.0137 	EXP 	fixation_2: autoDraw = True
932.0809 	EXP 	Device response: <KeyPress from None: t=931.9816340000252, value=z, duration=0.09363580000353977>
932.9982 	EXP 	line_1: autoDraw = True
932.9982 	EXP 	line_2: autoDraw = True
932.9982 	EXP 	line_3: autoDraw = True
932.9982 	EXP 	line_4: autoDraw = True
933.0151 	EXP 	fixation_2: autoDraw = False
933.9984 	INFO 	Keyboard events cleared
933.9983 	EXP 	probe_2: autoDraw = True
935.3142 	EXP 	Device response: <KeyPress from None: t=935.3118488999899, value=z, duration=None>
935.3144 	EXP 	New trial (rep=30, index=132): <Trial 132 (132 in rep 30) data={'pos': np.int64(-50), 'corr_resp': 'x', 'thisN': 132, 'thisTrialN': 132, 'thisRepN': 30}>
935.3154 	DATA 	Keypress: z
935.3311 	EXP 	fixation_2: autoDraw = False
935.3311 	EXP 	line_1: autoDraw = False
935.3311 	EXP 	line_2: autoDraw = False
935.3311 	EXP 	line_3: autoDraw = False
935.3311 	EXP 	line_4: autoDraw = False
935.3311 	EXP 	probe_2: autoDraw = False
935.3311 	EXP 	fixation_2: autoDraw = True
935.3974 	EXP 	Device response: <KeyPress from None: t=935.3118488999899, value=z, duration=0.08121490001212806>
936.3153 	EXP 	line_1: autoDraw = True
936.3153 	EXP 	line_2: autoDraw = True
936.3153 	EXP 	line_3: autoDraw = True
936.3153 	EXP 	line_4: autoDraw = True
936.3315 	EXP 	fixation_2: autoDraw = False
937.3156 	INFO 	Keyboard events cleared
937.3154 	EXP 	probe_2: autoDraw = True
938.5827 	DATA 	Keypress: x
938.5977 	EXP 	Device response: <KeyPress from None: t=938.5813365000067, value=x, duration=None>
938.5981 	EXP 	New trial (rep=40, index=133): <Trial 133 (133 in rep 40) data={'pos': np.int64(150), 'corr_resp': 'v', 'thisN': 133, 'thisTrialN': 133, 'thisRepN': 40}>
938.6145 	EXP 	fixation_2: autoDraw = False
938.6145 	EXP 	line_1: autoDraw = False
938.6145 	EXP 	line_2: autoDraw = False
938.6145 	EXP 	line_3: autoDraw = False
938.6145 	EXP 	line_4: autoDraw = False
938.6145 	EXP 	probe_2: autoDraw = False
938.6145 	EXP 	fixation_2: autoDraw = True
938.6819 	EXP 	Device response: <KeyPress from None: t=938.5813365000067, value=x, duration=0.09111620002659038>
939.5987 	EXP 	line_1: autoDraw = True
939.5987 	EXP 	line_2: autoDraw = True
939.5987 	EXP 	line_3: autoDraw = True
939.5987 	EXP 	line_4: autoDraw = True
939.6148 	EXP 	fixation_2: autoDraw = False
940.5978 	INFO 	Keyboard events cleared
940.5976 	EXP 	probe_2: autoDraw = True
941.9165 	DATA 	Keypress: v
941.9317 	EXP 	Device response: <KeyPress from None: t=941.9161018999876, value=v, duration=None>
941.9320 	EXP 	New trial (rep=31, index=134): <Trial 134 (134 in rep 31) data={'pos': np.int64(-50), 'corr_resp': 'x', 'thisN': 134, 'thisTrialN': 134, 'thisRepN': 31}>
941.9471 	EXP 	fixation_2: autoDraw = False
941.9471 	EXP 	line_1: autoDraw = False
941.9471 	EXP 	line_2: autoDraw = False
941.9471 	EXP 	line_3: autoDraw = False
941.9471 	EXP 	line_4: autoDraw = False
941.9471 	EXP 	probe_2: autoDraw = False
941.9471 	EXP 	fixation_2: autoDraw = True
941.9989 	EXP 	Device response: <KeyPress from None: t=941.9161018999876, value=v, duration=0.08151770004769787>
942.9317 	EXP 	line_1: autoDraw = True
942.9317 	EXP 	line_2: autoDraw = True
942.9317 	EXP 	line_3: autoDraw = True
942.9317 	EXP 	line_4: autoDraw = True
942.9470 	EXP 	fixation_2: autoDraw = False
943.9320 	INFO 	Keyboard events cleared
943.9318 	EXP 	probe_2: autoDraw = True
945.5806 	EXP 	Device response: <KeyPress from None: t=945.5684633000055, value=x, duration=None>
945.5810 	EXP 	New trial (rep=33, index=135): <Trial 135 (135 in rep 33) data={'pos': np.int64(-150), 'corr_resp': 'z', 'thisN': 135, 'thisTrialN': 135, 'thisRepN': 33}>
945.5821 	DATA 	Keypress: x
945.5980 	EXP 	fixation_2: autoDraw = False
945.5980 	EXP 	line_1: autoDraw = False
945.5980 	EXP 	line_2: autoDraw = False
945.5980 	EXP 	line_3: autoDraw = False
945.5980 	EXP 	line_4: autoDraw = False
945.5980 	EXP 	probe_2: autoDraw = False
945.5980 	EXP 	fixation_2: autoDraw = True
945.6983 	EXP 	Device response: <KeyPress from None: t=945.5684633000055, value=x, duration=0.11681799998041242>
946.5805 	EXP 	line_1: autoDraw = True
946.5805 	EXP 	line_2: autoDraw = True
946.5805 	EXP 	line_3: autoDraw = True
946.5805 	EXP 	line_4: autoDraw = True
946.5981 	EXP 	fixation_2: autoDraw = False
947.5804 	INFO 	Keyboard events cleared
947.5803 	EXP 	probe_2: autoDraw = True
948.9486 	EXP 	Device response: <KeyPress from None: t=948.9336710000061, value=z, duration=None>
948.9490 	EXP 	New trial (rep=29, index=136): <Trial 136 (136 in rep 29) data={'pos': np.int64(50), 'corr_resp': 'c', 'thisN': 136, 'thisTrialN': 136, 'thisRepN': 29}>
948.9502 	DATA 	Keypress: z
948.9637 	EXP 	fixation_2: autoDraw = False
948.9637 	EXP 	line_1: autoDraw = False
948.9637 	EXP 	line_2: autoDraw = False
948.9637 	EXP 	line_3: autoDraw = False
948.9637 	EXP 	line_4: autoDraw = False
948.9637 	EXP 	probe_2: autoDraw = False
948.9637 	EXP 	fixation_2: autoDraw = True
949.0484 	EXP 	Device response: <KeyPress from None: t=948.9336710000061, value=z, duration=0.1018420000327751>
949.9482 	EXP 	line_1: autoDraw = True
949.9482 	EXP 	line_2: autoDraw = True
949.9482 	EXP 	line_3: autoDraw = True
949.9482 	EXP 	line_4: autoDraw = True
949.9640 	EXP 	fixation_2: autoDraw = False
950.9486 	INFO 	Keyboard events cleared
950.9484 	EXP 	probe_2: autoDraw = True
952.8816 	EXP 	Device response: <KeyPress from None: t=952.8667036000406, value=c, duration=None>
952.8819 	EXP 	New trial (rep=32, index=137): <Trial 137 (137 in rep 32) data={'pos': np.int64(-50), 'corr_resp': 'x', 'thisN': 137, 'thisTrialN': 137, 'thisRepN': 32}>
952.8829 	DATA 	Keypress: c
952.8986 	EXP 	fixation_2: autoDraw = False
952.8986 	EXP 	line_1: autoDraw = False
952.8986 	EXP 	line_2: autoDraw = False
952.8986 	EXP 	line_3: autoDraw = False
952.8986 	EXP 	line_4: autoDraw = False
952.8986 	EXP 	probe_2: autoDraw = False
952.8986 	EXP 	fixation_2: autoDraw = True
952.9487 	EXP 	Device response: <KeyPress from None: t=952.8667036000406, value=c, duration=0.07124729995848611>
953.8818 	EXP 	line_1: autoDraw = True
953.8818 	EXP 	line_2: autoDraw = True
953.8818 	EXP 	line_3: autoDraw = True
953.8818 	EXP 	line_4: autoDraw = True
953.8985 	EXP 	fixation_2: autoDraw = False
954.8819 	INFO 	Keyboard events cleared
954.8818 	EXP 	probe_2: autoDraw = True
955.9311 	EXP 	Device response: <KeyPress from None: t=955.9168160000117, value=x, duration=None>
955.9314 	EXP 	New trial (rep=33, index=138): <Trial 138 (138 in rep 33) data={'pos': np.int64(-50), 'corr_resp': 'x', 'thisN': 138, 'thisTrialN': 138, 'thisRepN': 33}>
955.9327 	DATA 	Keypress: x
955.9475 	EXP 	fixation_2: autoDraw = False
955.9475 	EXP 	line_1: autoDraw = False
955.9475 	EXP 	line_2: autoDraw = False
955.9475 	EXP 	line_3: autoDraw = False
955.9475 	EXP 	line_4: autoDraw = False
955.9475 	EXP 	probe_2: autoDraw = False
955.9475 	EXP 	fixation_2: autoDraw = True
956.0149 	EXP 	Device response: <KeyPress from None: t=955.9168160000117, value=x, duration=0.08653490000870079>
956.9320 	EXP 	line_1: autoDraw = True
956.9320 	EXP 	line_2: autoDraw = True
956.9320 	EXP 	line_3: autoDraw = True
956.9320 	EXP 	line_4: autoDraw = True
956.9487 	EXP 	fixation_2: autoDraw = False
957.9320 	INFO 	Keyboard events cleared
957.9318 	EXP 	probe_2: autoDraw = True
958.6651 	EXP 	Device response: <KeyPress from None: t=958.6563884000061, value=x, duration=None>
958.6654 	EXP 	New trial (rep=34, index=139): <Trial 139 (139 in rep 34) data={'pos': np.int64(-50), 'corr_resp': 'x', 'thisN': 139, 'thisTrialN': 139, 'thisRepN': 34}>
958.6664 	DATA 	Keypress: x
958.6807 	EXP 	fixation_2: autoDraw = False
958.6807 	EXP 	line_1: autoDraw = False
958.6807 	EXP 	line_2: autoDraw = False
958.6807 	EXP 	line_3: autoDraw = False
958.6807 	EXP 	line_4: autoDraw = False
958.6807 	EXP 	probe_2: autoDraw = False
958.6807 	EXP 	fixation_2: autoDraw = True
958.7475 	EXP 	Device response: <KeyPress from None: t=958.6563884000061, value=x, duration=0.07667520001996309>
959.6651 	EXP 	line_1: autoDraw = True
959.6651 	EXP 	line_2: autoDraw = True
959.6651 	EXP 	line_3: autoDraw = True
959.6651 	EXP 	line_4: autoDraw = True
959.6810 	EXP 	fixation_2: autoDraw = False
960.6654 	INFO 	Keyboard events cleared
960.6653 	EXP 	probe_2: autoDraw = True
961.3151 	EXP 	Device response: <KeyPress from None: t=961.3133694999851, value=x, duration=None>
961.3154 	EXP 	New trial (rep=30, index=140): <Trial 140 (140 in rep 30) data={'pos': np.int64(50), 'corr_resp': 'c', 'thisN': 140, 'thisTrialN': 140, 'thisRepN': 30}>
961.3163 	DATA 	Keypress: x
961.3309 	EXP 	fixation_2: autoDraw = False
961.3309 	EXP 	line_1: autoDraw = False
961.3309 	EXP 	line_2: autoDraw = False
961.3309 	EXP 	line_3: autoDraw = False
961.3309 	EXP 	line_4: autoDraw = False
961.3309 	EXP 	probe_2: autoDraw = False
961.3309 	EXP 	fixation_2: autoDraw = True
961.4156 	EXP 	Device response: <KeyPress from None: t=961.3133694999851, value=x, duration=0.09042170003522187>
962.3152 	EXP 	line_1: autoDraw = True
962.3152 	EXP 	line_2: autoDraw = True
962.3152 	EXP 	line_3: autoDraw = True
962.3152 	EXP 	line_4: autoDraw = True
962.3321 	EXP 	fixation_2: autoDraw = False
963.3155 	INFO 	Keyboard events cleared
963.3153 	EXP 	probe_2: autoDraw = True
964.3484 	EXP 	Device response: <KeyPress from None: t=964.3426465000375, value=c, duration=None>
964.3487 	EXP 	New trial (rep=31, index=141): <Trial 141 (141 in rep 31) data={'pos': np.int64(50), 'corr_resp': 'c', 'thisN': 141, 'thisTrialN': 141, 'thisRepN': 31}>
964.3498 	DATA 	Keypress: c
964.3641 	EXP 	fixation_2: autoDraw = False
964.3641 	EXP 	line_1: autoDraw = False
964.3641 	EXP 	line_2: autoDraw = False
964.3641 	EXP 	line_3: autoDraw = False
964.3641 	EXP 	line_4: autoDraw = False
964.3641 	EXP 	probe_2: autoDraw = False
964.3641 	EXP 	fixation_2: autoDraw = True
964.4147 	EXP 	Device response: <KeyPress from None: t=964.3426465000375, value=c, duration=0.07172589999390766>
965.3484 	EXP 	line_1: autoDraw = True
965.3484 	EXP 	line_2: autoDraw = True
965.3484 	EXP 	line_3: autoDraw = True
965.3484 	EXP 	line_4: autoDraw = True
965.3642 	EXP 	fixation_2: autoDraw = False
966.3487 	INFO 	Keyboard events cleared
966.3485 	EXP 	probe_2: autoDraw = True
967.0980 	EXP 	Device response: <KeyPress from None: t=967.0927302000346, value=c, duration=None>
967.0982 	EXP 	New trial (rep=35, index=142): <Trial 142 (142 in rep 35) data={'pos': np.int64(-50), 'corr_resp': 'x', 'thisN': 142, 'thisTrialN': 142, 'thisRepN': 35}>
967.0992 	DATA 	Keypress: c
967.1143 	EXP 	fixation_2: autoDraw = False
967.1143 	EXP 	line_1: autoDraw = False
967.1143 	EXP 	line_2: autoDraw = False
967.1143 	EXP 	line_3: autoDraw = False
967.1143 	EXP 	line_4: autoDraw = False
967.1143 	EXP 	probe_2: autoDraw = False
967.1143 	EXP 	fixation_2: autoDraw = True
967.1988 	EXP 	Device response: <KeyPress from None: t=967.0927302000346, value=c, duration=0.09858689998509362>
968.0988 	EXP 	line_1: autoDraw = True
968.0988 	EXP 	line_2: autoDraw = True
968.0988 	EXP 	line_3: autoDraw = True
968.0988 	EXP 	line_4: autoDraw = True
968.1156 	EXP 	fixation_2: autoDraw = False
969.0987 	INFO 	Keyboard events cleared
969.0986 	EXP 	probe_2: autoDraw = True
970.1481 	EXP 	Device response: <KeyPress from None: t=970.141722600034, value=x, duration=None>
970.1485 	EXP 	New trial (rep=36, index=143): <Trial 143 (143 in rep 36) data={'pos': np.int64(-50), 'corr_resp': 'x', 'thisN': 143, 'thisTrialN': 143, 'thisRepN': 36}>
970.1495 	DATA 	Keypress: x
970.1649 	EXP 	fixation_2: autoDraw = False
970.1649 	EXP 	line_1: autoDraw = False
970.1649 	EXP 	line_2: autoDraw = False
970.1649 	EXP 	line_3: autoDraw = False
970.1649 	EXP 	line_4: autoDraw = False
970.1649 	EXP 	probe_2: autoDraw = False
970.1649 	EXP 	fixation_2: autoDraw = True
970.2653 	EXP 	Device response: <KeyPress from None: t=970.141722600034, value=x, duration=0.11705239996081218>
971.1481 	EXP 	line_1: autoDraw = True
971.1481 	EXP 	line_2: autoDraw = True
971.1481 	EXP 	line_3: autoDraw = True
971.1481 	EXP 	line_4: autoDraw = True
971.1678 	EXP 	fixation_2: autoDraw = False
972.1490 	INFO 	Keyboard events cleared
972.1489 	EXP 	probe_2: autoDraw = True
973.2495 	EXP 	Device response: <KeyPress from None: t=973.240192199999, value=x, duration=None>
973.2498 	EXP 	New trial (rep=41, index=144): <Trial 144 (144 in rep 41) data={'pos': np.int64(150), 'corr_resp': 'v', 'thisN': 144, 'thisTrialN': 144, 'thisRepN': 41}>
973.2510 	DATA 	Keypress: x
973.2649 	EXP 	fixation_2: autoDraw = False
973.2649 	EXP 	line_1: autoDraw = False
973.2649 	EXP 	line_2: autoDraw = False
973.2649 	EXP 	line_3: autoDraw = False
973.2649 	EXP 	line_4: autoDraw = False
973.2649 	EXP 	probe_2: autoDraw = False
973.2649 	EXP 	fixation_2: autoDraw = True
973.3483 	EXP 	Device response: <KeyPress from None: t=973.240192199999, value=x, duration=0.09278569999150932>
974.2491 	EXP 	line_1: autoDraw = True
974.2491 	EXP 	line_2: autoDraw = True
974.2491 	EXP 	line_3: autoDraw = True
974.2491 	EXP 	line_4: autoDraw = True
974.2649 	EXP 	fixation_2: autoDraw = False
975.2485 	INFO 	Keyboard events cleared
975.2483 	EXP 	probe_2: autoDraw = True
976.8488 	EXP 	Device response: <KeyPress from None: t=976.84364560002, value=v, duration=None>
976.8492 	EXP 	New trial (rep=32, index=145): <Trial 145 (145 in rep 32) data={'pos': np.int64(50), 'corr_resp': 'c', 'thisN': 145, 'thisTrialN': 145, 'thisRepN': 32}>
976.8504 	DATA 	Keypress: v
976.8650 	EXP 	fixation_2: autoDraw = False
976.8650 	EXP 	line_1: autoDraw = False
976.8650 	EXP 	line_2: autoDraw = False
976.8650 	EXP 	line_3: autoDraw = False
976.8650 	EXP 	line_4: autoDraw = False
976.8650 	EXP 	probe_2: autoDraw = False
976.8650 	EXP 	fixation_2: autoDraw = True
976.9320 	EXP 	Device response: <KeyPress from None: t=976.84364560002, value=v, duration=0.07577679998939857>
977.8654 	EXP 	fixation_2: autoDraw = False
977.8654 	EXP 	line_1: autoDraw = True
977.8654 	EXP 	line_2: autoDraw = True
977.8654 	EXP 	line_3: autoDraw = True
977.8654 	EXP 	line_4: autoDraw = True
978.8491 	INFO 	Keyboard events cleared
978.8489 	EXP 	probe_2: autoDraw = True
979.5981 	EXP 	Device response: <KeyPress from None: t=979.5882658000337, value=v, duration=None>
979.5985 	EXP 	New trial (rep=34, index=146): <Trial 146 (146 in rep 34) data={'pos': np.int64(-150), 'corr_resp': 'z', 'thisN': 146, 'thisTrialN': 146, 'thisRepN': 34}>
979.5997 	DATA 	Keypress: v
979.6153 	EXP 	fixation_2: autoDraw = False
979.6153 	EXP 	line_1: autoDraw = False
979.6153 	EXP 	line_2: autoDraw = False
979.6153 	EXP 	line_3: autoDraw = False
979.6153 	EXP 	line_4: autoDraw = False
979.6153 	EXP 	probe_2: autoDraw = False
979.6153 	EXP 	fixation_2: autoDraw = True
979.6484 	EXP 	Device response: <KeyPress from None: t=979.5882658000337, value=v, duration=0.058015899965539575>
980.5988 	EXP 	line_1: autoDraw = True
980.5988 	EXP 	line_2: autoDraw = True
980.5988 	EXP 	line_3: autoDraw = True
980.5988 	EXP 	line_4: autoDraw = True
980.6151 	EXP 	fixation_2: autoDraw = False
981.5990 	INFO 	Keyboard events cleared
981.5988 	EXP 	probe_2: autoDraw = True
982.6822 	EXP 	Device response: <KeyPress from None: t=982.6737408000045, value=z, duration=None>
982.6826 	EXP 	New trial (rep=35, index=147): <Trial 147 (147 in rep 35) data={'pos': np.int64(-150), 'corr_resp': 'z', 'thisN': 147, 'thisTrialN': 147, 'thisRepN': 35}>
982.6837 	DATA 	Keypress: z
982.6984 	EXP 	fixation_2: autoDraw = False
982.6984 	EXP 	line_1: autoDraw = False
982.6984 	EXP 	line_2: autoDraw = False
982.6984 	EXP 	line_3: autoDraw = False
982.6984 	EXP 	line_4: autoDraw = False
982.6984 	EXP 	probe_2: autoDraw = False
982.6984 	EXP 	fixation_2: autoDraw = True
982.7485 	EXP 	Device response: <KeyPress from None: t=982.6737408000045, value=z, duration=0.06497300002956763>
983.6809 	EXP 	line_1: autoDraw = True
983.6809 	EXP 	line_2: autoDraw = True
983.6809 	EXP 	line_3: autoDraw = True
983.6809 	EXP 	line_4: autoDraw = True
983.6989 	EXP 	fixation_2: autoDraw = False
984.6824 	INFO 	Keyboard events cleared
984.6822 	EXP 	probe_2: autoDraw = True
985.9492 	EXP 	Device response: <KeyPress from None: t=985.9373398000025, value=z, duration=None>
985.9495 	EXP 	New trial (rep=37, index=148): <Trial 148 (148 in rep 37) data={'pos': np.int64(-50), 'corr_resp': 'x', 'thisN': 148, 'thisTrialN': 148, 'thisRepN': 37}>
985.9506 	DATA 	Keypress: z
985.9647 	EXP 	fixation_2: autoDraw = False
985.9647 	EXP 	line_1: autoDraw = False
985.9647 	EXP 	line_2: autoDraw = False
985.9647 	EXP 	line_3: autoDraw = False
985.9647 	EXP 	line_4: autoDraw = False
985.9647 	EXP 	probe_2: autoDraw = False
985.9647 	EXP 	fixation_2: autoDraw = True
986.0155 	EXP 	Device response: <KeyPress from None: t=985.9373398000025, value=z, duration=0.07132530002854764>
986.9492 	EXP 	line_1: autoDraw = True
986.9492 	EXP 	line_2: autoDraw = True
986.9492 	EXP 	line_3: autoDraw = True
986.9492 	EXP 	line_4: autoDraw = True
986.9652 	EXP 	fixation_2: autoDraw = False
987.9496 	INFO 	Keyboard events cleared
987.9495 	EXP 	probe_2: autoDraw = True
989.5323 	EXP 	Device response: <KeyPress from None: t=989.5177815000061, value=x, duration=None>
989.5327 	EXP 	New trial (rep=36, index=149): <Trial 149 (149 in rep 36) data={'pos': np.int64(-150), 'corr_resp': 'z', 'thisN': 149, 'thisTrialN': 149, 'thisRepN': 36}>
989.5336 	DATA 	Keypress: x
989.5491 	EXP 	fixation_2: autoDraw = False
989.5491 	EXP 	line_1: autoDraw = False
989.5491 	EXP 	line_2: autoDraw = False
989.5491 	EXP 	line_3: autoDraw = False
989.5491 	EXP 	line_4: autoDraw = False
989.5491 	EXP 	probe_2: autoDraw = False
989.5491 	EXP 	fixation_2: autoDraw = True
989.5811 	EXP 	Device response: <KeyPress from None: t=989.5177815000061, value=x, duration=0.06135299999732524>
990.5326 	EXP 	line_1: autoDraw = True
990.5326 	EXP 	line_2: autoDraw = True
990.5326 	EXP 	line_3: autoDraw = True
990.5326 	EXP 	line_4: autoDraw = True
990.5481 	EXP 	fixation_2: autoDraw = False
991.5318 	INFO 	Keyboard events cleared
991.5316 	EXP 	probe_2: autoDraw = True
992.3985 	EXP 	Device response: <KeyPress from None: t=992.3959803000325, value=z, duration=None>
992.3988 	EXP 	New trial (rep=33, index=150): <Trial 150 (150 in rep 33) data={'pos': np.int64(50), 'corr_resp': 'c', 'thisN': 150, 'thisTrialN': 150, 'thisRepN': 33}>
992.3999 	DATA 	Keypress: z
992.4155 	EXP 	fixation_2: autoDraw = False
992.4155 	EXP 	line_1: autoDraw = False
992.4155 	EXP 	line_2: autoDraw = False
992.4155 	EXP 	line_3: autoDraw = False
992.4155 	EXP 	line_4: autoDraw = False
992.4155 	EXP 	probe_2: autoDraw = False
992.4155 	EXP 	fixation_2: autoDraw = True
992.4828 	EXP 	Device response: <KeyPress from None: t=992.3959803000325, value=z, duration=0.08361400000285357>
993.3979 	EXP 	line_1: autoDraw = True
993.3979 	EXP 	line_2: autoDraw = True
993.3979 	EXP 	line_3: autoDraw = True
993.3979 	EXP 	line_4: autoDraw = True
993.4157 	EXP 	fixation_2: autoDraw = False
994.3982 	INFO 	Keyboard events cleared
994.3981 	EXP 	probe_2: autoDraw = True
995.3330 	EXP 	Device response: <KeyPress from None: t=995.3181306000333, value=c, duration=None>
995.3333 	EXP 	New trial (rep=34, index=151): <Trial 151 (151 in rep 34) data={'pos': np.int64(50), 'corr_resp': 'c', 'thisN': 151, 'thisTrialN': 151, 'thisRepN': 34}>
995.3342 	DATA 	Keypress: c
995.3485 	EXP 	fixation_2: autoDraw = False
995.3485 	EXP 	line_1: autoDraw = False
995.3485 	EXP 	line_2: autoDraw = False
995.3485 	EXP 	line_3: autoDraw = False
995.3485 	EXP 	line_4: autoDraw = False
995.3485 	EXP 	probe_2: autoDraw = False
995.3485 	EXP 	fixation_2: autoDraw = True
995.3980 	EXP 	Device response: <KeyPress from None: t=995.3181306000333, value=c, duration=0.078272599959746>
996.3319 	EXP 	line_1: autoDraw = True
996.3319 	EXP 	line_2: autoDraw = True
996.3319 	EXP 	line_3: autoDraw = True
996.3319 	EXP 	line_4: autoDraw = True
996.3490 	EXP 	fixation_2: autoDraw = False
997.3330 	INFO 	Keyboard events cleared
997.3329 	EXP 	probe_2: autoDraw = True
998.5317 	EXP 	Device response: <KeyPress from None: t=998.5197499000351, value=c, duration=None>
998.5321 	EXP 	New trial (rep=35, index=152): <Trial 152 (152 in rep 35) data={'pos': np.int64(50), 'corr_resp': 'c', 'thisN': 152, 'thisTrialN': 152, 'thisRepN': 35}>
998.5332 	DATA 	Keypress: c
998.5488 	EXP 	fixation_2: autoDraw = False
998.5488 	EXP 	line_1: autoDraw = False
998.5488 	EXP 	line_2: autoDraw = False
998.5488 	EXP 	line_3: autoDraw = False
998.5488 	EXP 	line_4: autoDraw = False
998.5488 	EXP 	probe_2: autoDraw = False
998.5488 	EXP 	fixation_2: autoDraw = True
998.6162 	EXP 	Device response: <KeyPress from None: t=998.5197499000351, value=c, duration=0.08097189996624365>
999.5330 	EXP 	line_1: autoDraw = True
999.5330 	EXP 	line_2: autoDraw = True
999.5330 	EXP 	line_3: autoDraw = True
999.5330 	EXP 	line_4: autoDraw = True
999.5492 	EXP 	fixation_2: autoDraw = False
1000.5324 	INFO 	Keyboard events cleared
1000.5322 	EXP 	probe_2: autoDraw = True
1001.6653 	EXP 	Device response: <KeyPress from None: t=1001.6566925999941, value=c, duration=None>
1001.6656 	EXP 	New trial (rep=37, index=153): <Trial 153 (153 in rep 37) data={'pos': np.int64(-150), 'corr_resp': 'z', 'thisN': 153, 'thisTrialN': 153, 'thisRepN': 37}>
1001.6666 	DATA 	Keypress: c
1001.6818 	EXP 	fixation_2: autoDraw = False
1001.6818 	EXP 	line_1: autoDraw = False
1001.6818 	EXP 	line_2: autoDraw = False
1001.6818 	EXP 	line_3: autoDraw = False
1001.6818 	EXP 	line_4: autoDraw = False
1001.6818 	EXP 	probe_2: autoDraw = False
1001.6818 	EXP 	fixation_2: autoDraw = True
1001.7155 	EXP 	Device response: <KeyPress from None: t=1001.6566925999941, value=c, duration=0.04570020001847297>
1002.6651 	EXP 	line_1: autoDraw = True
1002.6651 	EXP 	line_2: autoDraw = True
1002.6651 	EXP 	line_3: autoDraw = True
1002.6651 	EXP 	line_4: autoDraw = True
1002.6823 	EXP 	fixation_2: autoDraw = False
1003.6655 	INFO 	Keyboard events cleared
1003.6653 	EXP 	probe_2: autoDraw = True
1005.6498 	EXP 	Device response: <KeyPress from None: t=1005.6407940000063, value=z, duration=None>
1005.6501 	EXP 	New trial (rep=38, index=154): <Trial 154 (154 in rep 38) data={'pos': np.int64(-150), 'corr_resp': 'z', 'thisN': 154, 'thisTrialN': 154, 'thisRepN': 38}>
1005.6511 	DATA 	Keypress: z
1005.6656 	EXP 	fixation_2: autoDraw = False
1005.6656 	EXP 	line_1: autoDraw = False
1005.6656 	EXP 	line_2: autoDraw = False
1005.6656 	EXP 	line_3: autoDraw = False
1005.6656 	EXP 	line_4: autoDraw = False
1005.6656 	EXP 	probe_2: autoDraw = False
1005.6656 	EXP 	fixation_2: autoDraw = True
1005.7178 	EXP 	Device response: <KeyPress from None: t=1005.6407940000063, value=z, duration=0.07467340002767742>
1006.6656 	EXP 	fixation_2: autoDraw = False
1006.6656 	EXP 	line_1: autoDraw = True
1006.6656 	EXP 	line_2: autoDraw = True
1006.6656 	EXP 	line_3: autoDraw = True
1006.6656 	EXP 	line_4: autoDraw = True
1007.6500 	INFO 	Keyboard events cleared
1007.6498 	EXP 	probe_2: autoDraw = True
1008.9321 	EXP 	Device response: <KeyPress from None: t=1008.9205682000029, value=z, duration=None>
1008.9325 	EXP 	New trial (rep=39, index=155): <Trial 155 (155 in rep 39) data={'pos': np.int64(-150), 'corr_resp': 'z', 'thisN': 155, 'thisTrialN': 155, 'thisRepN': 39}>
1008.9337 	DATA 	Keypress: z
1008.9483 	EXP 	fixation_2: autoDraw = False
1008.9483 	EXP 	line_1: autoDraw = False
1008.9483 	EXP 	line_2: autoDraw = False
1008.9483 	EXP 	line_3: autoDraw = False
1008.9483 	EXP 	line_4: autoDraw = False
1008.9483 	EXP 	probe_2: autoDraw = False
1008.9483 	EXP 	fixation_2: autoDraw = True
1008.9992 	EXP 	Device response: <KeyPress from None: t=1008.9205682000029, value=z, duration=0.07088399998610839>
1009.9327 	EXP 	line_1: autoDraw = True
1009.9327 	EXP 	line_2: autoDraw = True
1009.9327 	EXP 	line_3: autoDraw = True
1009.9327 	EXP 	line_4: autoDraw = True
1009.9489 	EXP 	fixation_2: autoDraw = False
1010.9330 	INFO 	Keyboard events cleared
1010.9328 	EXP 	probe_2: autoDraw = True
1011.9658 	EXP 	Device response: <KeyPress from None: t=1011.9614550000406, value=z, duration=None>
1011.9662 	EXP 	New trial (rep=36, index=156): <Trial 156 (156 in rep 36) data={'pos': np.int64(50), 'corr_resp': 'c', 'thisN': 156, 'thisTrialN': 156, 'thisRepN': 36}>
1011.9672 	DATA 	Keypress: z
1011.9818 	EXP 	fixation_2: autoDraw = False
1011.9818 	EXP 	line_1: autoDraw = False
1011.9818 	EXP 	line_2: autoDraw = False
1011.9818 	EXP 	line_3: autoDraw = False
1011.9818 	EXP 	line_4: autoDraw = False
1011.9818 	EXP 	probe_2: autoDraw = False
1011.9818 	EXP 	fixation_2: autoDraw = True
1012.0493 	EXP 	Device response: <KeyPress from None: t=1011.9614550000406, value=z, duration=0.07333159999689087>
1012.9656 	EXP 	line_1: autoDraw = True
1012.9656 	EXP 	line_2: autoDraw = True
1012.9656 	EXP 	line_3: autoDraw = True
1012.9656 	EXP 	line_4: autoDraw = True
1012.9824 	EXP 	fixation_2: autoDraw = False
1013.9664 	INFO 	Keyboard events cleared
1013.9662 	EXP 	probe_2: autoDraw = True
1015.8663 	EXP 	Device response: <KeyPress from None: t=1015.8645402999828, value=c, duration=None>
1015.8665 	EXP 	New trial (rep=37, index=157): <Trial 157 (157 in rep 37) data={'pos': np.int64(50), 'corr_resp': 'c', 'thisN': 157, 'thisTrialN': 157, 'thisRepN': 37}>
1015.8675 	DATA 	Keypress: c
1015.8814 	EXP 	fixation_2: autoDraw = False
1015.8814 	EXP 	line_1: autoDraw = False
1015.8814 	EXP 	line_2: autoDraw = False
1015.8814 	EXP 	line_3: autoDraw = False
1015.8814 	EXP 	line_4: autoDraw = False
1015.8814 	EXP 	probe_2: autoDraw = False
1015.8814 	EXP 	fixation_2: autoDraw = True
1015.9651 	EXP 	Device response: <KeyPress from None: t=1015.8645402999828, value=c, duration=0.09437510004499927>
1016.8662 	EXP 	line_1: autoDraw = True
1016.8662 	EXP 	line_2: autoDraw = True
1016.8662 	EXP 	line_3: autoDraw = True
1016.8662 	EXP 	line_4: autoDraw = True
1016.8823 	EXP 	fixation_2: autoDraw = False
1017.8665 	INFO 	Keyboard events cleared
1017.8663 	EXP 	probe_2: autoDraw = True
1019.5155 	EXP 	Device response: <KeyPress from None: t=1019.5037296999944, value=c, duration=None>
1019.5159 	EXP 	New trial (rep=40, index=158): <Trial 158 (158 in rep 40) data={'pos': np.int64(-150), 'corr_resp': 'z', 'thisN': 158, 'thisTrialN': 158, 'thisRepN': 40}>
1019.5170 	DATA 	Keypress: c
1019.5326 	EXP 	fixation_2: autoDraw = False
1019.5326 	EXP 	line_1: autoDraw = False
1019.5326 	EXP 	line_2: autoDraw = False
1019.5326 	EXP 	line_3: autoDraw = False
1019.5326 	EXP 	line_4: autoDraw = False
1019.5326 	EXP 	probe_2: autoDraw = False
1019.5326 	EXP 	fixation_2: autoDraw = True
1019.5830 	EXP 	Device response: <KeyPress from None: t=1019.5037296999944, value=c, duration=0.06740970001555979>
1020.5166 	EXP 	line_1: autoDraw = True
1020.5166 	EXP 	line_2: autoDraw = True
1020.5166 	EXP 	line_3: autoDraw = True
1020.5166 	EXP 	line_4: autoDraw = True
1020.5324 	EXP 	fixation_2: autoDraw = False
1021.5167 	INFO 	Keyboard events cleared
1021.5165 	EXP 	probe_2: autoDraw = True
1022.6169 	EXP 	Device response: <KeyPress from None: t=1022.6079162000096, value=z, duration=None>
1022.6172 	EXP 	New trial (rep=38, index=159): <Trial 159 (159 in rep 38) data={'pos': np.int64(50), 'corr_resp': 'c', 'thisN': 159, 'thisTrialN': 159, 'thisRepN': 38}>
1022.6182 	DATA 	Keypress: z
1022.6325 	EXP 	fixation_2: autoDraw = False
1022.6325 	EXP 	line_1: autoDraw = False
1022.6325 	EXP 	line_2: autoDraw = False
1022.6325 	EXP 	line_3: autoDraw = False
1022.6325 	EXP 	line_4: autoDraw = False
1022.6325 	EXP 	probe_2: autoDraw = False
1022.6325 	EXP 	fixation_2: autoDraw = True
1022.7153 	EXP 	Device response: <KeyPress from None: t=1022.6079162000096, value=z, duration=0.09303170000202954>
1023.6166 	EXP 	line_1: autoDraw = True
1023.6166 	EXP 	line_2: autoDraw = True
1023.6166 	EXP 	line_3: autoDraw = True
1023.6166 	EXP 	line_4: autoDraw = True
1023.6329 	EXP 	fixation_2: autoDraw = False
1024.6159 	INFO 	Keyboard events cleared
1024.6157 	EXP 	probe_2: autoDraw = True
1025.7661 	EXP 	Device response: <KeyPress from None: t=1025.7527865000302, value=c, duration=None>
1025.7664 	EXP 	New trial (rep=41, index=160): <Trial 160 (160 in rep 41) data={'pos': np.int64(-150), 'corr_resp': 'z', 'thisN': 160, 'thisTrialN': 160, 'thisRepN': 41}>
1025.7674 	DATA 	Keypress: c
1025.7818 	EXP 	fixation_2: autoDraw = False
1025.7818 	EXP 	line_1: autoDraw = False
1025.7818 	EXP 	line_2: autoDraw = False
1025.7818 	EXP 	line_3: autoDraw = False
1025.7818 	EXP 	line_4: autoDraw = False
1025.7818 	EXP 	probe_2: autoDraw = False
1025.7818 	EXP 	fixation_2: autoDraw = True
1025.8163 	EXP 	Device response: <KeyPress from None: t=1025.7527865000302, value=c, duration=0.05713519995333627>
1026.7662 	EXP 	line_1: autoDraw = True
1026.7662 	EXP 	line_2: autoDraw = True
1026.7662 	EXP 	line_3: autoDraw = True
1026.7662 	EXP 	line_4: autoDraw = True
1026.7819 	EXP 	fixation_2: autoDraw = False
1027.7661 	INFO 	Keyboard events cleared
1027.7660 	EXP 	probe_2: autoDraw = True
1029.9841 	DATA 	Keypress: z
1029.9996 	EXP 	Device response: <KeyPress from None: t=1029.9835753000225, value=z, duration=None>
1029.9999 	EXP 	New trial (rep=38, index=161): <Trial 161 (161 in rep 38) data={'pos': np.int64(-50), 'corr_resp': 'x', 'thisN': 161, 'thisTrialN': 161, 'thisRepN': 38}>
1030.0151 	EXP 	fixation_2: autoDraw = False
1030.0151 	EXP 	line_1: autoDraw = False
1030.0151 	EXP 	line_2: autoDraw = False
1030.0151 	EXP 	line_3: autoDraw = False
1030.0151 	EXP 	line_4: autoDraw = False
1030.0151 	EXP 	probe_2: autoDraw = False
1030.0151 	EXP 	fixation_2: autoDraw = True
1030.0827 	EXP 	Device response: <KeyPress from None: t=1029.9835753000225, value=z, duration=0.0950456999707967>
1030.9988 	EXP 	line_1: autoDraw = True
1030.9988 	EXP 	line_2: autoDraw = True
1030.9988 	EXP 	line_3: autoDraw = True
1030.9988 	EXP 	line_4: autoDraw = True
1031.0164 	EXP 	fixation_2: autoDraw = False
1031.9997 	INFO 	Keyboard events cleared
1031.9996 	EXP 	probe_2: autoDraw = True
1033.6998 	EXP 	Device response: <KeyPress from None: t=1033.6946921999916, value=x, duration=None>
1033.7001 	EXP 	New trial (rep=39, index=162): <Trial 162 (162 in rep 39) data={'pos': np.int64(50), 'corr_resp': 'c', 'thisN': 162, 'thisTrialN': 162, 'thisRepN': 39}>
1033.7014 	DATA 	Keypress: x
1033.7154 	EXP 	fixation_2: autoDraw = False
1033.7154 	EXP 	line_1: autoDraw = False
1033.7154 	EXP 	line_2: autoDraw = False
1033.7154 	EXP 	line_3: autoDraw = False
1033.7154 	EXP 	line_4: autoDraw = False
1033.7154 	EXP 	probe_2: autoDraw = False
1033.7154 	EXP 	fixation_2: autoDraw = True
1033.8158 	EXP 	Device response: <KeyPress from None: t=1033.6946921999916, value=x, duration=0.11307940003462136>
1034.6997 	EXP 	line_1: autoDraw = True
1034.6997 	EXP 	line_2: autoDraw = True
1034.6997 	EXP 	line_3: autoDraw = True
1034.6997 	EXP 	line_4: autoDraw = True
1034.7153 	EXP 	fixation_2: autoDraw = False
1035.6999 	INFO 	Keyboard events cleared
1035.6997 	EXP 	probe_2: autoDraw = True
1038.1834 	EXP 	Device response: <KeyPress from None: t=1038.1728917, value=c, duration=None>
1038.1837 	EXP 	New trial (rep=39, index=163): <Trial 163 (163 in rep 39) data={'pos': np.int64(-50), 'corr_resp': 'x', 'thisN': 163, 'thisTrialN': 163, 'thisRepN': 39}>
1038.1850 	DATA 	Keypress: c
1038.1993 	EXP 	fixation_2: autoDraw = False
1038.1993 	EXP 	line_1: autoDraw = False
1038.1993 	EXP 	line_2: autoDraw = False
1038.1993 	EXP 	line_3: autoDraw = False
1038.1993 	EXP 	line_4: autoDraw = False
1038.1993 	EXP 	probe_2: autoDraw = False
1038.1993 	EXP 	fixation_2: autoDraw = True
1038.2329 	EXP 	Device response: <KeyPress from None: t=1038.1728917, value=c, duration=0.051618500030599535>
1039.2001 	EXP 	fixation_2: autoDraw = False
1039.2001 	EXP 	line_1: autoDraw = True
1039.2001 	EXP 	line_2: autoDraw = True
1039.2001 	EXP 	line_3: autoDraw = True
1039.2001 	EXP 	line_4: autoDraw = True
1040.1833 	INFO 	Keyboard events cleared
1040.1832 	EXP 	probe_2: autoDraw = True
1042.1664 	EXP 	Device response: <KeyPress from None: t=1042.1561866999837, value=x, duration=None>
1042.1667 	EXP 	New trial (rep=40, index=164): <Trial 164 (164 in rep 40) data={'pos': np.int64(-50), 'corr_resp': 'x', 'thisN': 164, 'thisTrialN': 164, 'thisRepN': 40}>
1042.1676 	DATA 	Keypress: x
1042.1823 	EXP 	fixation_2: autoDraw = False
1042.1823 	EXP 	line_1: autoDraw = False
1042.1823 	EXP 	line_2: autoDraw = False
1042.1823 	EXP 	line_3: autoDraw = False
1042.1823 	EXP 	line_4: autoDraw = False
1042.1823 	EXP 	probe_2: autoDraw = False
1042.1823 	EXP 	fixation_2: autoDraw = True
1042.2499 	EXP 	Device response: <KeyPress from None: t=1042.1561866999837, value=x, duration=0.08107930002734065>
1043.1663 	EXP 	line_1: autoDraw = True
1043.1663 	EXP 	line_2: autoDraw = True
1043.1663 	EXP 	line_3: autoDraw = True
1043.1663 	EXP 	line_4: autoDraw = True
1043.1834 	EXP 	fixation_2: autoDraw = False
1044.1836 	INFO 	Keyboard events cleared
1044.1834 	EXP 	probe_2: autoDraw = True
1045.9165 	EXP 	Device response: <KeyPress from None: t=1045.9077776999911, value=x, duration=None>
1045.9169 	EXP 	New trial (rep=42, index=165): <Trial 165 (165 in rep 42) data={'pos': np.int64(-150), 'corr_resp': 'z', 'thisN': 165, 'thisTrialN': 165, 'thisRepN': 42}>
1045.9178 	DATA 	Keypress: x
1045.9325 	EXP 	fixation_2: autoDraw = False
1045.9325 	EXP 	line_1: autoDraw = False
1045.9325 	EXP 	line_2: autoDraw = False
1045.9325 	EXP 	line_3: autoDraw = False
1045.9325 	EXP 	line_4: autoDraw = False
1045.9325 	EXP 	probe_2: autoDraw = False
1045.9325 	EXP 	fixation_2: autoDraw = True
1045.9989 	EXP 	Device response: <KeyPress from None: t=1045.9077776999911, value=x, duration=0.08119810000061989>
1046.9164 	EXP 	line_1: autoDraw = True
1046.9164 	EXP 	line_2: autoDraw = True
1046.9164 	EXP 	line_3: autoDraw = True
1046.9164 	EXP 	line_4: autoDraw = True
1046.9319 	EXP 	fixation_2: autoDraw = False
1047.9155 	INFO 	Keyboard events cleared
1047.9154 	EXP 	probe_2: autoDraw = True
1050.2325 	EXP 	Device response: <KeyPress from None: t=1050.2191629000008, value=z, duration=None>
1050.2328 	EXP 	New trial (rep=40, index=166): <Trial 166 (166 in rep 40) data={'pos': np.int64(50), 'corr_resp': 'c', 'thisN': 166, 'thisTrialN': 166, 'thisRepN': 40}>
1050.2340 	DATA 	Keypress: z
1050.2498 	EXP 	fixation_2: autoDraw = False
1050.2498 	EXP 	line_1: autoDraw = False
1050.2498 	EXP 	line_2: autoDraw = False
1050.2498 	EXP 	line_3: autoDraw = False
1050.2498 	EXP 	line_4: autoDraw = False
1050.2498 	EXP 	probe_2: autoDraw = False
1050.2498 	EXP 	fixation_2: autoDraw = True
1050.3159 	EXP 	Device response: <KeyPress from None: t=1050.2191629000008, value=z, duration=0.08145930001046509>
1051.2339 	EXP 	line_1: autoDraw = True
1051.2339 	EXP 	line_2: autoDraw = True
1051.2339 	EXP 	line_3: autoDraw = True
1051.2339 	EXP 	line_4: autoDraw = True
1051.2498 	EXP 	fixation_2: autoDraw = False
1052.2331 	INFO 	Keyboard events cleared
1052.2329 	EXP 	probe_2: autoDraw = True
1053.2330 	EXP 	Device response: <KeyPress from None: t=1053.2269535000087, value=c, duration=None>
1053.2333 	EXP 	New trial (rep=43, index=167): <Trial 167 (167 in rep 43) data={'pos': np.int64(-150), 'corr_resp': 'z', 'thisN': 167, 'thisTrialN': 167, 'thisRepN': 43}>
1053.2344 	DATA 	Keypress: c
1053.2488 	EXP 	fixation_2: autoDraw = False
1053.2488 	EXP 	line_1: autoDraw = False
1053.2488 	EXP 	line_2: autoDraw = False
1053.2488 	EXP 	line_3: autoDraw = False
1053.2488 	EXP 	line_4: autoDraw = False
1053.2488 	EXP 	probe_2: autoDraw = False
1053.2488 	EXP 	fixation_2: autoDraw = True
1053.3000 	EXP 	Device response: <KeyPress from None: t=1053.2269535000087, value=c, duration=0.07113729999400675>
1054.2331 	EXP 	line_1: autoDraw = True
1054.2331 	EXP 	line_2: autoDraw = True
1054.2331 	EXP 	line_3: autoDraw = True
1054.2331 	EXP 	line_4: autoDraw = True
1054.2501 	EXP 	fixation_2: autoDraw = False
1055.2334 	INFO 	Keyboard events cleared
1055.2333 	EXP 	probe_2: autoDraw = True
1056.5993 	EXP 	Device response: <KeyPress from None: t=1056.5866216000286, value=z, duration=None>
1056.5997 	EXP 	New trial (rep=42, index=168): <Trial 168 (168 in rep 42) data={'pos': np.int64(150), 'corr_resp': 'v', 'thisN': 168, 'thisTrialN': 168, 'thisRepN': 42}>
1056.6006 	DATA 	Keypress: z
1056.6153 	EXP 	fixation_2: autoDraw = False
1056.6153 	EXP 	line_1: autoDraw = False
1056.6153 	EXP 	line_2: autoDraw = False
1056.6153 	EXP 	line_3: autoDraw = False
1056.6153 	EXP 	line_4: autoDraw = False
1056.6153 	EXP 	probe_2: autoDraw = False
1056.6153 	EXP 	fixation_2: autoDraw = True
1056.6676 	EXP 	Device response: <KeyPress from None: t=1056.5866216000286, value=z, duration=0.07728929998120293>
1057.5991 	EXP 	line_1: autoDraw = True
1057.5991 	EXP 	line_2: autoDraw = True
1057.5991 	EXP 	line_3: autoDraw = True
1057.5991 	EXP 	line_4: autoDraw = True
1057.6160 	EXP 	fixation_2: autoDraw = False
1058.5998 	INFO 	Keyboard events cleared
1058.5997 	EXP 	probe_2: autoDraw = True
1059.7327 	EXP 	Device response: <KeyPress from None: t=1059.720924000023, value=v, duration=None>
1059.7329 	EXP 	New trial (rep=43, index=169): <Trial 169 (169 in rep 43) data={'pos': np.int64(150), 'corr_resp': 'v', 'thisN': 169, 'thisTrialN': 169, 'thisRepN': 43}>
1059.7344 	DATA 	Keypress: v
1059.7497 	EXP 	fixation_2: autoDraw = False
1059.7497 	EXP 	line_1: autoDraw = False
1059.7497 	EXP 	line_2: autoDraw = False
1059.7497 	EXP 	line_3: autoDraw = False
1059.7497 	EXP 	line_4: autoDraw = False
1059.7497 	EXP 	probe_2: autoDraw = False
1059.7497 	EXP 	fixation_2: autoDraw = True
1059.8167 	EXP 	Device response: <KeyPress from None: t=1059.720924000023, value=v, duration=0.08724769996479154>
1060.7336 	EXP 	line_1: autoDraw = True
1060.7336 	EXP 	line_2: autoDraw = True
1060.7336 	EXP 	line_3: autoDraw = True
1060.7336 	EXP 	line_4: autoDraw = True
1060.7489 	EXP 	fixation_2: autoDraw = False
1061.7336 	INFO 	Keyboard events cleared
1061.7335 	EXP 	probe_2: autoDraw = True
1062.5669 	EXP 	Device response: <KeyPress from None: t=1062.553527400014, value=v, duration=None>
1062.5672 	EXP 	New trial (rep=44, index=170): <Trial 170 (170 in rep 44) data={'pos': np.int64(150), 'corr_resp': 'v', 'thisN': 170, 'thisTrialN': 170, 'thisRepN': 44}>
1062.5682 	DATA 	Keypress: v
1062.5826 	EXP 	fixation_2: autoDraw = False
1062.5826 	EXP 	line_1: autoDraw = False
1062.5826 	EXP 	line_2: autoDraw = False
1062.5826 	EXP 	line_3: autoDraw = False
1062.5826 	EXP 	line_4: autoDraw = False
1062.5826 	EXP 	probe_2: autoDraw = False
1062.5826 	EXP 	fixation_2: autoDraw = True
1062.6342 	EXP 	Device response: <KeyPress from None: t=1062.553527400014, value=v, duration=0.06740220001665875>
1063.5667 	EXP 	line_1: autoDraw = True
1063.5667 	EXP 	line_2: autoDraw = True
1063.5667 	EXP 	line_3: autoDraw = True
1063.5667 	EXP 	line_4: autoDraw = True
1063.5829 	EXP 	fixation_2: autoDraw = False
1064.5669 	INFO 	Keyboard events cleared
1064.5667 	EXP 	probe_2: autoDraw = True
1065.9161 	EXP 	Device response: <KeyPress from None: t=1065.908892400039, value=v, duration=None>
1065.9164 	EXP 	New trial (rep=41, index=171): <Trial 171 (171 in rep 41) data={'pos': np.int64(-50), 'corr_resp': 'x', 'thisN': 171, 'thisTrialN': 171, 'thisRepN': 41}>
1065.9174 	DATA 	Keypress: v
1065.9324 	EXP 	fixation_2: autoDraw = False
1065.9324 	EXP 	line_1: autoDraw = False
1065.9324 	EXP 	line_2: autoDraw = False
1065.9324 	EXP 	line_3: autoDraw = False
1065.9324 	EXP 	line_4: autoDraw = False
1065.9324 	EXP 	probe_2: autoDraw = False
1065.9324 	EXP 	fixation_2: autoDraw = True
1065.9831 	EXP 	Device response: <KeyPress from None: t=1065.908892400039, value=v, duration=0.0715710999793373>
1066.9171 	EXP 	line_1: autoDraw = True
1066.9171 	EXP 	line_2: autoDraw = True
1066.9171 	EXP 	line_3: autoDraw = True
1066.9171 	EXP 	line_4: autoDraw = True
1066.9333 	EXP 	fixation_2: autoDraw = False
1067.9172 	INFO 	Keyboard events cleared
1067.9170 	EXP 	probe_2: autoDraw = True
1068.9172 	EXP 	Device response: <KeyPress from None: t=1068.9062387000304, value=x, duration=None>
1068.9176 	EXP 	New trial (rep=41, index=172): <Trial 172 (172 in rep 41) data={'pos': np.int64(50), 'corr_resp': 'c', 'thisN': 172, 'thisTrialN': 172, 'thisRepN': 41}>
1068.9187 	DATA 	Keypress: x
1068.9331 	EXP 	fixation_2: autoDraw = False
1068.9331 	EXP 	line_1: autoDraw = False
1068.9331 	EXP 	line_2: autoDraw = False
1068.9331 	EXP 	line_3: autoDraw = False
1068.9331 	EXP 	line_4: autoDraw = False
1068.9331 	EXP 	probe_2: autoDraw = False
1068.9331 	EXP 	fixation_2: autoDraw = True
1069.0006 	EXP 	Device response: <KeyPress from None: t=1068.9062387000304, value=x, duration=0.08615049999207258>
1069.9163 	EXP 	line_1: autoDraw = True
1069.9163 	EXP 	line_2: autoDraw = True
1069.9163 	EXP 	line_3: autoDraw = True
1069.9163 	EXP 	line_4: autoDraw = True
1069.9335 	EXP 	fixation_2: autoDraw = False
1070.9164 	INFO 	Keyboard events cleared
1070.9162 	EXP 	probe_2: autoDraw = True
1071.8017 	DATA 	Keypress: c
1071.8164 	EXP 	Device response: <KeyPress from None: t=1071.8008737000055, value=c, duration=None>
1071.8168 	EXP 	New trial (rep=45, index=173): <Trial 173 (173 in rep 45) data={'pos': np.int64(150), 'corr_resp': 'v', 'thisN': 173, 'thisTrialN': 173, 'thisRepN': 45}>
1071.8335 	EXP 	fixation_2: autoDraw = False
1071.8335 	EXP 	line_1: autoDraw = False
1071.8335 	EXP 	line_2: autoDraw = False
1071.8335 	EXP 	line_3: autoDraw = False
1071.8335 	EXP 	line_4: autoDraw = False
1071.8335 	EXP 	probe_2: autoDraw = False
1071.8335 	EXP 	fixation_2: autoDraw = True
1071.8837 	EXP 	Device response: <KeyPress from None: t=1071.8008737000055, value=c, duration=0.07647800003178418>
1072.8157 	EXP 	line_1: autoDraw = True
1072.8157 	EXP 	line_2: autoDraw = True
1072.8157 	EXP 	line_3: autoDraw = True
1072.8157 	EXP 	line_4: autoDraw = True
1072.8504 	EXP 	fixation_2: autoDraw = False
1073.8167 	INFO 	Keyboard events cleared
1073.8166 	EXP 	probe_2: autoDraw = True
1075.6499 	EXP 	Device response: <KeyPress from None: t=1075.6367420000024, value=v, duration=None>
1075.6503 	EXP 	New trial (rep=46, index=174): <Trial 174 (174 in rep 46) data={'pos': np.int64(150), 'corr_resp': 'v', 'thisN': 174, 'thisTrialN': 174, 'thisRepN': 46}>
1075.6516 	DATA 	Keypress: v
1075.6661 	EXP 	fixation_2: autoDraw = False
1075.6661 	EXP 	line_1: autoDraw = False
1075.6661 	EXP 	line_2: autoDraw = False
1075.6661 	EXP 	line_3: autoDraw = False
1075.6661 	EXP 	line_4: autoDraw = False
1075.6661 	EXP 	probe_2: autoDraw = False
1075.6661 	EXP 	fixation_2: autoDraw = True
1075.7168 	EXP 	Device response: <KeyPress from None: t=1075.6367420000024, value=v, duration=0.07753030001185834>
1076.6495 	EXP 	line_1: autoDraw = True
1076.6495 	EXP 	line_2: autoDraw = True
1076.6495 	EXP 	line_3: autoDraw = True
1076.6495 	EXP 	line_4: autoDraw = True
1076.6670 	EXP 	fixation_2: autoDraw = False
1077.6500 	INFO 	Keyboard events cleared
1077.6499 	EXP 	probe_2: autoDraw = True
1078.8504 	EXP 	Device response: <KeyPress from None: t=1078.8360952000367, value=v, duration=None>
1078.8507 	EXP 	New trial (rep=42, index=175): <Trial 175 (175 in rep 42) data={'pos': np.int64(50), 'corr_resp': 'c', 'thisN': 175, 'thisTrialN': 175, 'thisRepN': 42}>
1078.8519 	DATA 	Keypress: v
1078.8648 	EXP 	fixation_2: autoDraw = False
1078.8648 	EXP 	line_1: autoDraw = False
1078.8648 	EXP 	line_2: autoDraw = False
1078.8648 	EXP 	line_3: autoDraw = False
1078.8648 	EXP 	line_4: autoDraw = False
1078.8648 	EXP 	probe_2: autoDraw = False
1078.8648 	EXP 	fixation_2: autoDraw = True
1078.9339 	EXP 	Device response: <KeyPress from None: t=1078.8360952000367, value=v, duration=0.0967716999584809>
1079.8500 	EXP 	line_1: autoDraw = True
1079.8500 	EXP 	line_2: autoDraw = True
1079.8500 	EXP 	line_3: autoDraw = True
1079.8500 	EXP 	line_4: autoDraw = True
1079.8670 	EXP 	fixation_2: autoDraw = False
1080.8502 	INFO 	Keyboard events cleared
1080.8500 	EXP 	probe_2: autoDraw = True
1082.2838 	EXP 	Device response: <KeyPress from None: t=1082.2745379999978, value=c, duration=None>
1082.2841 	EXP 	New trial (rep=43, index=176): <Trial 176 (176 in rep 43) data={'pos': np.int64(50), 'corr_resp': 'c', 'thisN': 176, 'thisTrialN': 176, 'thisRepN': 43}>
1082.2853 	DATA 	Keypress: c
1082.2998 	EXP 	fixation_2: autoDraw = False
1082.2998 	EXP 	line_1: autoDraw = False
1082.2998 	EXP 	line_2: autoDraw = False
1082.2998 	EXP 	line_3: autoDraw = False
1082.2998 	EXP 	line_4: autoDraw = False
1082.2998 	EXP 	probe_2: autoDraw = False
1082.2998 	EXP 	fixation_2: autoDraw = True
1082.3662 	EXP 	Device response: <KeyPress from None: t=1082.2745379999978, value=c, duration=0.07875220000278205>
1083.2832 	EXP 	line_1: autoDraw = True
1083.2832 	EXP 	line_2: autoDraw = True
1083.2832 	EXP 	line_3: autoDraw = True
1083.2832 	EXP 	line_4: autoDraw = True
1083.3004 	EXP 	fixation_2: autoDraw = False
1084.2835 	INFO 	Keyboard events cleared
1084.2834 	EXP 	probe_2: autoDraw = True
1085.5338 	EXP 	Device response: <KeyPress from None: t=1085.5331372999935, value=c, duration=None>
1085.5340 	EXP 	New trial (rep=47, index=177): <Trial 177 (177 in rep 47) data={'pos': np.int64(150), 'corr_resp': 'v', 'thisN': 177, 'thisTrialN': 177, 'thisRepN': 47}>
1085.5350 	DATA 	Keypress: c
1085.5492 	EXP 	fixation_2: autoDraw = False
1085.5492 	EXP 	line_1: autoDraw = False
1085.5492 	EXP 	line_2: autoDraw = False
1085.5492 	EXP 	line_3: autoDraw = False
1085.5492 	EXP 	line_4: autoDraw = False
1085.5492 	EXP 	probe_2: autoDraw = False
1085.5492 	EXP 	fixation_2: autoDraw = True
1085.6175 	EXP 	Device response: <KeyPress from None: t=1085.5331372999935, value=c, duration=0.08105530001921579>
1086.5336 	EXP 	line_1: autoDraw = True
1086.5336 	EXP 	line_2: autoDraw = True
1086.5336 	EXP 	line_3: autoDraw = True
1086.5336 	EXP 	line_4: autoDraw = True
1086.5504 	EXP 	fixation_2: autoDraw = False
1087.5508 	INFO 	Keyboard events cleared
1087.5506 	EXP 	probe_2: autoDraw = True
1088.7341 	EXP 	Device response: <KeyPress from None: t=1088.73109690001, value=v, duration=None>
1088.7344 	EXP 	New trial (rep=42, index=178): <Trial 178 (178 in rep 42) data={'pos': np.int64(-50), 'corr_resp': 'x', 'thisN': 178, 'thisTrialN': 178, 'thisRepN': 42}>
1088.7357 	DATA 	Keypress: v
1088.7495 	EXP 	fixation_2: autoDraw = False
1088.7495 	EXP 	line_1: autoDraw = False
1088.7495 	EXP 	line_2: autoDraw = False
1088.7495 	EXP 	line_3: autoDraw = False
1088.7495 	EXP 	line_4: autoDraw = False
1088.7495 	EXP 	probe_2: autoDraw = False
1088.7495 	EXP 	fixation_2: autoDraw = True
1088.8166 	EXP 	Device response: <KeyPress from None: t=1088.73109690001, value=v, duration=0.08209669997449964>
1089.7336 	EXP 	line_1: autoDraw = True
1089.7336 	EXP 	line_2: autoDraw = True
1089.7336 	EXP 	line_3: autoDraw = True
1089.7336 	EXP 	line_4: autoDraw = True
1089.7495 	EXP 	fixation_2: autoDraw = False
1090.7338 	INFO 	Keyboard events cleared
1090.7337 	EXP 	probe_2: autoDraw = True
1092.1677 	EXP 	Device response: <KeyPress from None: t=1092.157153200009, value=x, duration=None>
1092.1680 	EXP 	New trial (rep=43, index=179): <Trial 179 (179 in rep 43) data={'pos': np.int64(-50), 'corr_resp': 'x', 'thisN': 179, 'thisTrialN': 179, 'thisRepN': 43}>
1092.1691 	DATA 	Keypress: x
1092.1839 	EXP 	fixation_2: autoDraw = False
1092.1839 	EXP 	line_1: autoDraw = False
1092.1839 	EXP 	line_2: autoDraw = False
1092.1839 	EXP 	line_3: autoDraw = False
1092.1839 	EXP 	line_4: autoDraw = False
1092.1839 	EXP 	probe_2: autoDraw = False
1092.1839 	EXP 	fixation_2: autoDraw = True
1092.2503 	EXP 	Device response: <KeyPress from None: t=1092.157153200009, value=x, duration=0.08121319999918342>
1093.1673 	EXP 	line_1: autoDraw = True
1093.1673 	EXP 	line_2: autoDraw = True
1093.1673 	EXP 	line_3: autoDraw = True
1093.1673 	EXP 	line_4: autoDraw = True
1093.1840 	EXP 	fixation_2: autoDraw = False
1094.1841 	INFO 	Keyboard events cleared
1094.1840 	EXP 	probe_2: autoDraw = True
1095.8014 	EXP 	Device response: <KeyPress from None: t=1095.800894999993, value=c, duration=None>
1095.8017 	EXP 	New trial (rep=44, index=180): <Trial 180 (180 in rep 44) data={'pos': np.int64(50), 'corr_resp': 'c', 'thisN': 180, 'thisTrialN': 180, 'thisRepN': 44}>
1095.8027 	DATA 	Keypress: c
1095.8168 	EXP 	fixation_2: autoDraw = False
1095.8168 	EXP 	line_1: autoDraw = False
1095.8168 	EXP 	line_2: autoDraw = False
1095.8168 	EXP 	line_3: autoDraw = False
1095.8168 	EXP 	line_4: autoDraw = False
1095.8168 	EXP 	probe_2: autoDraw = False
1095.8168 	EXP 	fixation_2: autoDraw = True
1095.8674 	EXP 	Device response: <KeyPress from None: t=1095.800894999993, value=c, duration=0.05533900001319125>
1096.8002 	EXP 	line_1: autoDraw = True
1096.8002 	EXP 	line_2: autoDraw = True
1096.8002 	EXP 	line_3: autoDraw = True
1096.8002 	EXP 	line_4: autoDraw = True
1096.8173 	EXP 	fixation_2: autoDraw = False
1097.8005 	INFO 	Keyboard events cleared
1097.8004 	EXP 	probe_2: autoDraw = True
1098.7025 	DATA 	Keypress: v
1098.7166 	EXP 	Device response: <KeyPress from None: t=1098.7020575000206, value=v, duration=None>
1098.7169 	EXP 	New trial (rep=45, index=181): <Trial 181 (181 in rep 45) data={'pos': np.int64(50), 'corr_resp': 'c', 'thisN': 181, 'thisTrialN': 181, 'thisRepN': 45}>
1098.7335 	EXP 	fixation_2: autoDraw = False
1098.7335 	EXP 	line_1: autoDraw = False
1098.7335 	EXP 	line_2: autoDraw = False
1098.7335 	EXP 	line_3: autoDraw = False
1098.7335 	EXP 	line_4: autoDraw = False
1098.7335 	EXP 	probe_2: autoDraw = False
1098.7335 	EXP 	fixation_2: autoDraw = True
1098.7675 	EXP 	Device response: <KeyPress from None: t=1098.7020575000206, value=v, duration=0.051204699964728206>
1099.7174 	EXP 	line_1: autoDraw = True
1099.7174 	EXP 	line_2: autoDraw = True
1099.7174 	EXP 	line_3: autoDraw = True
1099.7174 	EXP 	line_4: autoDraw = True
1099.7344 	EXP 	fixation_2: autoDraw = False
1100.7166 	INFO 	Keyboard events cleared
1100.7164 	EXP 	probe_2: autoDraw = True
1101.4841 	DATA 	Keypress: c
1101.5006 	EXP 	Device response: <KeyPress from None: t=1101.4828438000404, value=c, duration=None>
1101.5010 	EXP 	New trial (rep=44, index=182): <Trial 182 (182 in rep 44) data={'pos': np.int64(-50), 'corr_resp': 'x', 'thisN': 182, 'thisTrialN': 182, 'thisRepN': 44}>
1101.5166 	EXP 	fixation_2: autoDraw = False
1101.5166 	EXP 	line_1: autoDraw = False
1101.5166 	EXP 	line_2: autoDraw = False
1101.5166 	EXP 	line_3: autoDraw = False
1101.5166 	EXP 	line_4: autoDraw = False
1101.5166 	EXP 	probe_2: autoDraw = False
1101.5166 	EXP 	fixation_2: autoDraw = True
1101.5664 	EXP 	Device response: <KeyPress from None: t=1101.4828438000404, value=c, duration=0.07348699995782226>
1102.5005 	EXP 	line_1: autoDraw = True
1102.5005 	EXP 	line_2: autoDraw = True
1102.5005 	EXP 	line_3: autoDraw = True
1102.5005 	EXP 	line_4: autoDraw = True
1102.5178 	EXP 	fixation_2: autoDraw = False
1103.5009 	INFO 	Keyboard events cleared
1103.5008 	EXP 	probe_2: autoDraw = True
1104.2501 	EXP 	Device response: <KeyPress from None: t=1104.2402909999946, value=x, duration=None>
1104.2504 	EXP 	New trial (rep=44, index=183): <Trial 183 (183 in rep 44) data={'pos': np.int64(-150), 'corr_resp': 'z', 'thisN': 183, 'thisTrialN': 183, 'thisRepN': 44}>
1104.2518 	DATA 	Keypress: x
1104.2668 	EXP 	fixation_2: autoDraw = False
1104.2668 	EXP 	line_1: autoDraw = False
1104.2668 	EXP 	line_2: autoDraw = False
1104.2668 	EXP 	line_3: autoDraw = False
1104.2668 	EXP 	line_4: autoDraw = False
1104.2668 	EXP 	probe_2: autoDraw = False
1104.2668 	EXP 	fixation_2: autoDraw = True
1104.3165 	EXP 	Device response: <KeyPress from None: t=1104.2402909999946, value=x, duration=0.07549990003462881>
1105.2508 	EXP 	line_1: autoDraw = True
1105.2508 	EXP 	line_2: autoDraw = True
1105.2508 	EXP 	line_3: autoDraw = True
1105.2508 	EXP 	line_4: autoDraw = True
1105.2662 	EXP 	fixation_2: autoDraw = False
1106.2498 	INFO 	Keyboard events cleared
1106.2496 	EXP 	probe_2: autoDraw = True
1106.9676 	DATA 	Keypress: z
1106.9843 	EXP 	Device response: <KeyPress from None: t=1106.9670964000397, value=z, duration=None>
1106.9846 	EXP 	New trial (rep=46, index=184): <Trial 184 (184 in rep 46) data={'pos': np.int64(50), 'corr_resp': 'c', 'thisN': 184, 'thisTrialN': 184, 'thisRepN': 46}>
1107.0003 	EXP 	fixation_2: autoDraw = False
1107.0003 	EXP 	line_1: autoDraw = False
1107.0003 	EXP 	line_2: autoDraw = False
1107.0003 	EXP 	line_3: autoDraw = False
1107.0003 	EXP 	line_4: autoDraw = False
1107.0003 	EXP 	probe_2: autoDraw = False
1107.0003 	EXP 	fixation_2: autoDraw = True
1107.0503 	EXP 	Device response: <KeyPress from None: t=1106.9670964000397, value=z, duration=0.07129969995003194>
1107.9839 	EXP 	line_1: autoDraw = True
1107.9839 	EXP 	line_2: autoDraw = True
1107.9839 	EXP 	line_3: autoDraw = True
1107.9839 	EXP 	line_4: autoDraw = True
1108.0011 	EXP 	fixation_2: autoDraw = False
1108.9841 	INFO 	Keyboard events cleared
1108.9840 	EXP 	probe_2: autoDraw = True
1110.8847 	EXP 	Device response: <KeyPress from None: t=1110.8713615000015, value=c, duration=None>
1110.8852 	EXP 	New trial (rep=45, index=185): <Trial 185 (185 in rep 45) data={'pos': np.int64(-50), 'corr_resp': 'x', 'thisN': 185, 'thisTrialN': 185, 'thisRepN': 45}>
1110.8863 	DATA 	Keypress: c
1110.8998 	EXP 	fixation_2: autoDraw = False
1110.8998 	EXP 	line_1: autoDraw = False
1110.8998 	EXP 	line_2: autoDraw = False
1110.8998 	EXP 	line_3: autoDraw = False
1110.8998 	EXP 	line_4: autoDraw = False
1110.8998 	EXP 	probe_2: autoDraw = False
1110.8998 	EXP 	fixation_2: autoDraw = True
1110.9504 	EXP 	Device response: <KeyPress from None: t=1110.8713615000015, value=c, duration=0.06536439998308197>
1111.8831 	EXP 	line_1: autoDraw = True
1111.8831 	EXP 	line_2: autoDraw = True
1111.8831 	EXP 	line_3: autoDraw = True
1111.8831 	EXP 	line_4: autoDraw = True
1111.9006 	EXP 	fixation_2: autoDraw = False
1112.8844 	INFO 	Keyboard events cleared
1112.8843 	EXP 	probe_2: autoDraw = True
1114.3680 	EXP 	Device response: <KeyPress from None: t=1114.3558563000406, value=c, duration=None>
1114.3683 	EXP 	New trial (rep=47, index=186): <Trial 186 (186 in rep 47) data={'pos': np.int64(50), 'corr_resp': 'c', 'thisN': 186, 'thisTrialN': 186, 'thisRepN': 47}>
1114.3695 	DATA 	Keypress: c
1114.3831 	EXP 	fixation_2: autoDraw = False
1114.3831 	EXP 	line_1: autoDraw = False
1114.3831 	EXP 	line_2: autoDraw = False
1114.3831 	EXP 	line_3: autoDraw = False
1114.3831 	EXP 	line_4: autoDraw = False
1114.3831 	EXP 	probe_2: autoDraw = False
1114.3831 	EXP 	fixation_2: autoDraw = True
1114.4333 	EXP 	Device response: <KeyPress from None: t=1114.3558563000406, value=c, duration=0.07329519995255396>
1115.3675 	EXP 	line_1: autoDraw = True
1115.3675 	EXP 	line_2: autoDraw = True
1115.3675 	EXP 	line_3: autoDraw = True
1115.3675 	EXP 	line_4: autoDraw = True
1115.3836 	EXP 	fixation_2: autoDraw = False
1116.3832 	INFO 	Keyboard events cleared
1116.3830 	EXP 	probe_2: autoDraw = True
1117.1835 	EXP 	Device response: <KeyPress from None: t=1117.1726919999928, value=c, duration=None>
1117.1839 	EXP 	New trial (rep=45, index=187): <Trial 187 (187 in rep 45) data={'pos': np.int64(-150), 'corr_resp': 'z', 'thisN': 187, 'thisTrialN': 187, 'thisRepN': 45}>
1117.1850 	DATA 	Keypress: c
1117.2004 	EXP 	fixation_2: autoDraw = False
1117.2004 	EXP 	line_1: autoDraw = False
1117.2004 	EXP 	line_2: autoDraw = False
1117.2004 	EXP 	line_3: autoDraw = False
1117.2004 	EXP 	line_4: autoDraw = False
1117.2004 	EXP 	probe_2: autoDraw = False
1117.2004 	EXP 	fixation_2: autoDraw = True
1117.2675 	EXP 	Device response: <KeyPress from None: t=1117.1726919999928, value=c, duration=0.0921925000147894>
1118.1825 	EXP 	line_1: autoDraw = True
1118.1825 	EXP 	line_2: autoDraw = True
1118.1825 	EXP 	line_3: autoDraw = True
1118.1825 	EXP 	line_4: autoDraw = True
1118.2168 	EXP 	fixation_2: autoDraw = False
1119.1830 	INFO 	Keyboard events cleared
1119.1829 	EXP 	probe_2: autoDraw = True
1120.1345 	EXP 	Device response: <KeyPress from None: t=1120.1222870000056, value=z, duration=None>
1120.1349 	EXP 	New trial (rep=46, index=188): <Trial 188 (188 in rep 46) data={'pos': np.int64(-50), 'corr_resp': 'x', 'thisN': 188, 'thisTrialN': 188, 'thisRepN': 46}>
1120.1360 	DATA 	Keypress: z
1120.1512 	EXP 	fixation_2: autoDraw = False
1120.1512 	EXP 	line_1: autoDraw = False
1120.1512 	EXP 	line_2: autoDraw = False
1120.1512 	EXP 	line_3: autoDraw = False
1120.1512 	EXP 	line_4: autoDraw = False
1120.1512 	EXP 	probe_2: autoDraw = False
1120.1512 	EXP 	fixation_2: autoDraw = True
1120.2170 	EXP 	Device response: <KeyPress from None: t=1120.1222870000056, value=z, duration=0.08111859997734427>
1121.1511 	EXP 	fixation_2: autoDraw = False
1121.1511 	EXP 	line_1: autoDraw = True
1121.1511 	EXP 	line_2: autoDraw = True
1121.1511 	EXP 	line_3: autoDraw = True
1121.1511 	EXP 	line_4: autoDraw = True
1122.1514 	INFO 	Keyboard events cleared
1122.1512 	EXP 	probe_2: autoDraw = True
1123.9176 	EXP 	Device response: <KeyPress from None: t=1123.9094976999913, value=x, duration=None>
1123.9179 	EXP 	New trial (rep=47, index=189): <Trial 189 (189 in rep 47) data={'pos': np.int64(-50), 'corr_resp': 'x', 'thisN': 189, 'thisTrialN': 189, 'thisRepN': 47}>
1123.9189 	DATA 	Keypress: x
1123.9341 	EXP 	fixation_2: autoDraw = False
1123.9341 	EXP 	line_1: autoDraw = False
1123.9341 	EXP 	line_2: autoDraw = False
1123.9341 	EXP 	line_3: autoDraw = False
1123.9341 	EXP 	line_4: autoDraw = False
1123.9341 	EXP 	probe_2: autoDraw = False
1123.9341 	EXP 	fixation_2: autoDraw = True
1123.9684 	EXP 	Device response: <KeyPress from None: t=1123.9094976999913, value=x, duration=0.055599500017706305>
1124.9187 	EXP 	line_1: autoDraw = True
1124.9187 	EXP 	line_2: autoDraw = True
1124.9187 	EXP 	line_3: autoDraw = True
1124.9187 	EXP 	line_4: autoDraw = True
1124.9344 	EXP 	fixation_2: autoDraw = False
1125.9174 	INFO 	Keyboard events cleared
1125.9173 	EXP 	probe_2: autoDraw = True
1126.9179 	EXP 	Device response: <KeyPress from None: t=1126.911256099993, value=x, duration=None>
1126.9182 	EXP 	New trial (rep=46, index=190): <Trial 190 (190 in rep 46) data={'pos': np.int64(-150), 'corr_resp': 'z', 'thisN': 190, 'thisTrialN': 190, 'thisRepN': 46}>
1126.9195 	DATA 	Keypress: x
1126.9339 	EXP 	fixation_2: autoDraw = False
1126.9339 	EXP 	line_1: autoDraw = False
1126.9339 	EXP 	line_2: autoDraw = False
1126.9339 	EXP 	line_3: autoDraw = False
1126.9339 	EXP 	line_4: autoDraw = False
1126.9339 	EXP 	probe_2: autoDraw = False
1126.9339 	EXP 	fixation_2: autoDraw = True
1126.9834 	EXP 	Device response: <KeyPress from None: t=1126.911256099993, value=x, duration=0.07111730001633987>
1127.9345 	EXP 	fixation_2: autoDraw = False
1127.9345 	EXP 	line_1: autoDraw = True
1127.9345 	EXP 	line_2: autoDraw = True
1127.9345 	EXP 	line_3: autoDraw = True
1127.9345 	EXP 	line_4: autoDraw = True
1128.9179 	INFO 	Keyboard events cleared
1128.9177 	EXP 	probe_2: autoDraw = True
1131.1351 	EXP 	Device response: <KeyPress from None: t=1131.133402300009, value=z, duration=None>
1131.1353 	EXP 	New trial (rep=48, index=191): <Trial 191 (191 in rep 48) data={'pos': np.int64(-50), 'corr_resp': 'x', 'thisN': 191, 'thisTrialN': 191, 'thisRepN': 48}>
1131.1362 	DATA 	Keypress: z
1131.1505 	EXP 	fixation_2: autoDraw = False
1131.1505 	EXP 	line_1: autoDraw = False
1131.1505 	EXP 	line_2: autoDraw = False
1131.1505 	EXP 	line_3: autoDraw = False
1131.1505 	EXP 	line_4: autoDraw = False
1131.1505 	EXP 	probe_2: autoDraw = False
1131.1505 	EXP 	fixation_2: autoDraw = True
1131.2009 	EXP 	Device response: <KeyPress from None: t=1131.133402300009, value=z, duration=0.06507820001570508>
1132.1508 	EXP 	fixation_2: autoDraw = False
1132.1508 	EXP 	line_1: autoDraw = True
1132.1508 	EXP 	line_2: autoDraw = True
1132.1508 	EXP 	line_3: autoDraw = True
1132.1508 	EXP 	line_4: autoDraw = True
1133.1516 	INFO 	Keyboard events cleared
1133.1514 	EXP 	probe_2: autoDraw = True
1134.5514 	EXP 	Device response: <KeyPress from None: t=1134.5418004000094, value=x, duration=None>
1134.5518 	EXP 	New trial (rep=49, index=192): <Trial 192 (192 in rep 49) data={'pos': np.int64(-50), 'corr_resp': 'x', 'thisN': 192, 'thisTrialN': 192, 'thisRepN': 49}>
1134.5530 	DATA 	Keypress: x
1134.5670 	EXP 	fixation_2: autoDraw = False
1134.5670 	EXP 	line_1: autoDraw = False
1134.5670 	EXP 	line_2: autoDraw = False
1134.5670 	EXP 	line_3: autoDraw = False
1134.5670 	EXP 	line_4: autoDraw = False
1134.5670 	EXP 	probe_2: autoDraw = False
1134.5670 	EXP 	fixation_2: autoDraw = True
1134.6185 	EXP 	Device response: <KeyPress from None: t=1134.5418004000094, value=x, duration=0.06103199999779463>
1135.5513 	EXP 	line_1: autoDraw = True
1135.5513 	EXP 	line_2: autoDraw = True
1135.5513 	EXP 	line_3: autoDraw = True
1135.5513 	EXP 	line_4: autoDraw = True
1135.5668 	EXP 	fixation_2: autoDraw = False
1136.5515 	INFO 	Keyboard events cleared
1136.5513 	EXP 	probe_2: autoDraw = True
1137.4177 	EXP 	Device response: <KeyPress from None: t=1137.4147927000304, value=x, duration=None>
1137.4181 	EXP 	New trial (rep=47, index=193): <Trial 193 (193 in rep 47) data={'pos': np.int64(-150), 'corr_resp': 'z', 'thisN': 193, 'thisTrialN': 193, 'thisRepN': 47}>
1137.4193 	DATA 	Keypress: x
1137.4341 	EXP 	fixation_2: autoDraw = False
1137.4341 	EXP 	line_1: autoDraw = False
1137.4341 	EXP 	line_2: autoDraw = False
1137.4341 	EXP 	line_3: autoDraw = False
1137.4341 	EXP 	line_4: autoDraw = False
1137.4341 	EXP 	probe_2: autoDraw = False
1137.4341 	EXP 	fixation_2: autoDraw = True
1137.5002 	EXP 	Device response: <KeyPress from None: t=1137.4147927000304, value=x, duration=0.07039529999019578>
1138.4186 	EXP 	line_1: autoDraw = True
1138.4186 	EXP 	line_2: autoDraw = True
1138.4186 	EXP 	line_3: autoDraw = True
1138.4186 	EXP 	line_4: autoDraw = True
1138.4343 	EXP 	fixation_2: autoDraw = False
1139.4186 	INFO 	Keyboard events cleared
1139.4184 	EXP 	probe_2: autoDraw = True
1140.5005 	EXP 	Device response: <KeyPress from None: t=1140.497627600038, value=z, duration=None>
1140.5008 	EXP 	New trial (rep=48, index=194): <Trial 194 (194 in rep 48) data={'pos': np.int64(50), 'corr_resp': 'c', 'thisN': 194, 'thisTrialN': 194, 'thisRepN': 48}>
1140.5017 	DATA 	Keypress: z
1140.5172 	EXP 	fixation_2: autoDraw = False
1140.5172 	EXP 	line_1: autoDraw = False
1140.5172 	EXP 	line_2: autoDraw = False
1140.5172 	EXP 	line_3: autoDraw = False
1140.5172 	EXP 	line_4: autoDraw = False
1140.5172 	EXP 	probe_2: autoDraw = False
1140.5172 	EXP 	fixation_2: autoDraw = True
1140.6008 	EXP 	Device response: <KeyPress from None: t=1140.497627600038, value=z, duration=0.09321819996694103>
1141.5016 	EXP 	line_1: autoDraw = True
1141.5016 	EXP 	line_2: autoDraw = True
1141.5016 	EXP 	line_3: autoDraw = True
1141.5016 	EXP 	line_4: autoDraw = True
1141.5175 	EXP 	fixation_2: autoDraw = False
1142.5011 	INFO 	Keyboard events cleared
1142.5010 	EXP 	probe_2: autoDraw = True
1143.5521 	EXP 	Device response: <KeyPress from None: t=1143.5421352999983, value=c, duration=None>
1143.5524 	EXP 	New trial (rep=48, index=195): <Trial 195 (195 in rep 48) data={'pos': np.int64(150), 'corr_resp': 'v', 'thisN': 195, 'thisTrialN': 195, 'thisRepN': 48}>
1143.5534 	DATA 	Keypress: c
1143.5675 	EXP 	fixation_2: autoDraw = False
1143.5675 	EXP 	line_1: autoDraw = False
1143.5675 	EXP 	line_2: autoDraw = False
1143.5675 	EXP 	line_3: autoDraw = False
1143.5675 	EXP 	line_4: autoDraw = False
1143.5675 	EXP 	probe_2: autoDraw = False
1143.5675 	EXP 	fixation_2: autoDraw = True
1143.6339 	EXP 	Device response: <KeyPress from None: t=1143.5421352999983, value=c, duration=0.0768662000191398>
1144.5682 	EXP 	fixation_2: autoDraw = False
1144.5682 	EXP 	line_1: autoDraw = True
1144.5682 	EXP 	line_2: autoDraw = True
1144.5682 	EXP 	line_3: autoDraw = True
1144.5682 	EXP 	line_4: autoDraw = True
1145.5512 	INFO 	Keyboard events cleared
1145.5510 	EXP 	probe_2: autoDraw = True
1146.8006 	EXP 	Device response: <KeyPress from None: t=1146.7858850000193, value=v, duration=None>
1146.8010 	EXP 	New trial (rep=48, index=196): <Trial 196 (196 in rep 48) data={'pos': np.int64(-150), 'corr_resp': 'z', 'thisN': 196, 'thisTrialN': 196, 'thisRepN': 48}>
1146.8022 	DATA 	Keypress: v
1146.8180 	EXP 	fixation_2: autoDraw = False
1146.8180 	EXP 	line_1: autoDraw = False
1146.8180 	EXP 	line_2: autoDraw = False
1146.8180 	EXP 	line_3: autoDraw = False
1146.8180 	EXP 	line_4: autoDraw = False
1146.8180 	EXP 	probe_2: autoDraw = False
1146.8180 	EXP 	fixation_2: autoDraw = True
1146.8679 	EXP 	Device response: <KeyPress from None: t=1146.7858850000193, value=v, duration=0.07819769997149706>
1147.8007 	EXP 	line_1: autoDraw = True
1147.8007 	EXP 	line_2: autoDraw = True
1147.8007 	EXP 	line_3: autoDraw = True
1147.8007 	EXP 	line_4: autoDraw = True
1147.8174 	EXP 	fixation_2: autoDraw = False
1148.8015 	INFO 	Keyboard events cleared
1148.8014 	EXP 	probe_2: autoDraw = True
1149.8011 	EXP 	Device response: <KeyPress from None: t=1149.7989559000125, value=z, duration=None>
1149.8013 	EXP 	New trial (rep=49, index=197): <Trial 197 (197 in rep 49) data={'pos': np.int64(-150), 'corr_resp': 'z', 'thisN': 197, 'thisTrialN': 197, 'thisRepN': 49}>
1149.8023 	DATA 	Keypress: z
1149.8171 	EXP 	fixation_2: autoDraw = False
1149.8171 	EXP 	line_1: autoDraw = False
1149.8171 	EXP 	line_2: autoDraw = False
1149.8171 	EXP 	line_3: autoDraw = False
1149.8171 	EXP 	line_4: autoDraw = False
1149.8171 	EXP 	probe_2: autoDraw = False
1149.8171 	EXP 	fixation_2: autoDraw = True
1149.9015 	EXP 	Device response: <KeyPress from None: t=1149.7989559000125, value=z, duration=0.09069039998576045>
1150.8009 	EXP 	line_1: autoDraw = True
1150.8009 	EXP 	line_2: autoDraw = True
1150.8009 	EXP 	line_3: autoDraw = True
1150.8009 	EXP 	line_4: autoDraw = True
1150.8170 	EXP 	fixation_2: autoDraw = False
1151.8014 	INFO 	Keyboard events cleared
1151.8013 	EXP 	probe_2: autoDraw = True
1152.9839 	EXP 	Device response: <KeyPress from None: t=1152.9780065999948, value=z, duration=None>
1152.9843 	EXP 	New trial (rep=49, index=198): <Trial 198 (198 in rep 49) data={'pos': np.int64(50), 'corr_resp': 'c', 'thisN': 198, 'thisTrialN': 198, 'thisRepN': 49}>
1152.9855 	DATA 	Keypress: z
1153.0012 	EXP 	fixation_2: autoDraw = False
1153.0012 	EXP 	line_1: autoDraw = False
1153.0012 	EXP 	line_2: autoDraw = False
1153.0012 	EXP 	line_3: autoDraw = False
1153.0012 	EXP 	line_4: autoDraw = False
1153.0012 	EXP 	probe_2: autoDraw = False
1153.0012 	EXP 	fixation_2: autoDraw = True
1153.0678 	EXP 	Device response: <KeyPress from None: t=1152.9780065999948, value=z, duration=0.08046329999342561>
1153.9848 	EXP 	line_1: autoDraw = True
1153.9848 	EXP 	line_2: autoDraw = True
1153.9848 	EXP 	line_3: autoDraw = True
1153.9848 	EXP 	line_4: autoDraw = True
1154.0016 	EXP 	fixation_2: autoDraw = False
1154.9850 	INFO 	Keyboard events cleared
1154.9849 	EXP 	probe_2: autoDraw = True
1157.2007 	EXP 	Device response: <KeyPress from None: t=1157.1867239000276, value=c, duration=None>
1157.2010 	EXP 	New trial (rep=49, index=199): <Trial 199 (199 in rep 49) data={'pos': np.int64(150), 'corr_resp': 'v', 'thisN': 199, 'thisTrialN': 199, 'thisRepN': 49}>
1157.2019 	DATA 	Keypress: c
1157.2179 	EXP 	fixation_2: autoDraw = False
1157.2179 	EXP 	line_1: autoDraw = False
1157.2179 	EXP 	line_2: autoDraw = False
1157.2179 	EXP 	line_3: autoDraw = False
1157.2179 	EXP 	line_4: autoDraw = False
1157.2179 	EXP 	probe_2: autoDraw = False
1157.2179 	EXP 	fixation_2: autoDraw = True
1157.2675 	EXP 	Device response: <KeyPress from None: t=1157.1867239000276, value=c, duration=0.07181449997005984>
1158.2017 	EXP 	line_1: autoDraw = True
1158.2017 	EXP 	line_2: autoDraw = True
1158.2017 	EXP 	line_3: autoDraw = True
1158.2017 	EXP 	line_4: autoDraw = True
1158.2180 	EXP 	fixation_2: autoDraw = False
1159.2008 	INFO 	Keyboard events cleared
1159.2007 	EXP 	probe_2: autoDraw = True
1160.1680 	EXP 	Device response: <KeyPress from None: t=1160.1655067999964, value=v, duration=None>
1160.1688 	DATA 	Keypress: v
1160.1838 	EXP 	fixation_2: autoDraw = False
1160.1838 	EXP 	line_1: autoDraw = False
1160.1838 	EXP 	line_2: autoDraw = False
1160.1838 	EXP 	line_3: autoDraw = False
1160.1838 	EXP 	line_4: autoDraw = False
1160.1838 	EXP 	probe_2: autoDraw = False
1160.1841 	EXP 	Motor_sequence_exp: status = STOPPED
1160.2775 	INFO 	saved data to 'C:\\Users\\Pooja\\OneDrive\\Desktop\\Motor_Sequence_experiment\\data\\555_Motor_sequence_exp_2025-10-02_16h29.54.576.csv'
1160.2841 	INFO 	saved data to C:\Users\Pooja\OneDrive\Desktop\Motor_Sequence_experiment\data\555_Motor_sequence_exp_2025-10-02_16h29.54.576.psydat
1161.1722 	WARNING 	Stopping key buffers but this could be dangerous ifother keyboards rely on the same.
1161.2569 	WARNING 	Stopping key buffers but this could be dangerous ifother keyboards rely on the same.
1161.2570 	WARNING 	Stopping key buffers but this could be dangerous ifother keyboards rely on the same.
