pos,corr_resp,thisN,thisTrialN,thisRepN,key_resp.keys,key_resp.corr,key_resp.rt,key_resp.duration,key_resp_2.keys,key_resp_2.corr,key_resp_2.rt,key_resp_2.duration,trials.thisRepN,trials.thisTrialN,trials.thisN,trials.thisIndex,trials_2.thisRepN,trials_2.thisTrialN,trials_2.thisN,trials_2.thisIndex,thisRow.t,notes,trial.started,fixation.started,line1.started,line2.started,line3.started,line4.started,fixation.stopped,probe.started,key_resp.started,trial.stopped,trials.key_resp.keys,trials.key_resp.corr,trials.key_resp.rt,trials.key_resp.duration,routine_2.started,fixation_2.started,line_1.started,line_2.started,line_3.started,line_4.started,fixation_2.stopped,probe_2.started,key_resp_2.started,routine_2.stopped,trials_2.key_resp_2.keys,trials_2.key_resp_2.corr,trials_2.key_resp_2.rt,trials_2.key_resp_2.duration,participant,session,date,expName,expVersion,psychopyVersion,frameRate,expStart,
-50,x,0,0,0,x,1,1.0023988000466488,None,,,,,0,0,0,0,,,,,0.0265905000269413,,0.016522000019904226,0.0265905000269413,1.0111069999984466,1.0111069999984466,1.0111069999984466,1.0111069999984466,1.028526599984616,2.011653200024739,2.011653200024739,3.1649207000155,x,1,1.0023988000466488,None,,,,,,,,,,,,,,,555,001,2025-10-02_16h29.54.576,Motor_sequence_exp,,2025.1.1,59.9087230510383,2025-10-02 16h30.02.859927 +0530,
150,v,1,1,0,v,1,1.3482788000255823,None,,,,,0,1,1,1,,,,,3.173986900015734,,3.1653624000027776,3.173986900015734,4.169115900003817,4.169115900003817,4.169115900003817,4.169115900003817,4.186902099987492,5.169400300015695,5.169400300015695,6.520536300027743,v,1,1.3482788000255823,None,,,,,,,,,,,,,,,555,001,2025-10-02_16h29.54.576,Motor_sequence_exp,,2025.1.1,59.9087230510383,2025-10-02 16h30.02.859927 +0530,
50,c,2,2,0,c,1,0.9978500000433996,None,,,,,0,2,2,2,,,,,6.536594900011551,,6.521002100023907,6.536594900011551,7.521454100031406,7.521454100031406,7.521454100031406,7.521454100031406,7.5380571000278,8.521448799991049,8.521448799991049,9.522455900034402,c,1,0.9978500000433996,None,,,,,,,,,,,,,,,555,001,2025-10-02_16h29.54.576,Motor_sequence_exp,,2025.1.1,59.9087230510383,2025-10-02 16h30.02.859927 +0530,
-150,z,3,3,0,z,1,0.913228599994909,None,,,,,0,3,3,3,,,,,9.536291600030381,,9.522903200006112,9.536291600030381,10.536512700025924,10.536512700025924,10.536512700025924,10.536512700025924,10.536512700025924,11.53827740001725,11.53827740001725,12.454891500005033,z,1,0.913228599994909,None,,,,,,,,,,,,,,,555,001,2025-10-02_16h29.54.576,Motor_sequence_exp,,2025.1.1,59.9087230510383,2025-10-02 16h30.02.859927 +0530,
-50,x,4,0,1,x,1,1.2259463000227697,None,,,,,1,0,4,0,,,,,12.470299899985548,,12.45541019999655,12.470299899985548,13.454730700002983,13.454730700002983,13.454730700002983,13.454730700002983,13.471816200006288,14.453658599988557,14.453658599988557,15.687241600011475,x,1,1.2259463000227697,None,,,,,,,,,,,,,,,555,001,2025-10-02_16h29.54.576,Motor_sequence_exp,,2025.1.1,59.9087230510383,2025-10-02 16h30.02.859927 +0530,
150,v,5,1,1,v,1,1.301290599978529,None,,,,,1,1,5,1,,,,,15.703830200014636,,15.68774740002118,15.703830200014636,16.704810500028543,16.704810500028543,16.704810500028543,16.704810500028543,16.704810500028543,17.68756350001786,17.68756350001786,19.004569399985485,v,1,1.301290599978529,None,,,,,,,,,,,,,,,555,001,2025-10-02_16h29.54.576,Motor_sequence_exp,,2025.1.1,59.9087230510383,2025-10-02 16h30.02.859927 +0530,
50,c,6,2,1,c,1,0.8084263000055216,None,,,,,1,2,6,2,,,,,19.02092989999801,,19.004989100038074,19.02092989999801,20.00479490001453,20.00479490001453,20.00479490001453,20.00479490001453,20.021722100034822,21.016468200017698,21.016468200017698,21.835388400009833,c,1,0.8084263000055216,None,,,,,,,,,,,,,,,555,001,2025-10-02_16h29.54.576,Motor_sequence_exp,,2025.1.1,59.9087230510383,2025-10-02 16h30.02.859927 +0530,
-150,z,7,3,1,z,1,0.6550835999660194,None,,,,,1,3,7,3,,,,,21.850718200032134,,21.836013599997386,21.850718200032134,22.834362099994905,22.834362099994905,22.834362099994905,22.834362099994905,22.85170460003428,23.83479220001027,23.83479220001027,24.501351099985186,z,1,0.6550835999660194,None,,,,,,,,,,,,,,,555,001,2025-10-02_16h29.54.576,Motor_sequence_exp,,2025.1.1,59.9087230510383,2025-10-02 16h30.02.859927 +0530,
-50,x,8,0,2,x,1,0.6328289000084624,None,,,,,2,0,8,0,,,,,24.51634600001853,,24.501783100015018,24.51634600001853,25.50084330001846,25.50084330001846,25.50084330001846,25.50084330001846,25.516644300019834,26.5162757000071,26.5162757000071,27.1502402999904,x,1,0.6328289000084624,None,,,,,,,,,,,,,,,555,001,2025-10-02_16h29.54.576,Motor_sequence_exp,,2025.1.1,59.9087230510383,2025-10-02 16h30.02.859927 +0530,
150,v,9,1,2,v,1,0.6025159999844618,None,,,,,2,1,9,1,,,,,27.166894800029695,,27.15063210000517,27.166894800029695,28.149584700004198,28.149584700004198,28.149584700004198,28.149584700004198,28.167033899982926,29.150413800030947,29.150413800030947,29.767503699986264,v,1,0.6025159999844618,None,,,,,,,,,,,,,,,555,001,2025-10-02_16h29.54.576,Motor_sequence_exp,,2025.1.1,59.9087230510383,2025-10-02 16h30.02.859927 +0530,
50,c,10,2,2,c,1,0.5605127000017092,None,,,,,2,2,10,2,,,,,29.78314890002366,,29.76786980003817,29.78314890002366,30.78296290000435,30.78296290000435,30.78296290000435,30.78296290000435,30.78296290000435,31.766983499983326,31.766983499983326,32.33356120000826,c,1,0.5605127000017092,None,,,,,,,,,,,,,,,555,001,2025-10-02_16h29.54.576,Motor_sequence_exp,,2025.1.1,59.9087230510383,2025-10-02 16h30.02.859927 +0530,
-150,z,11,3,2,z,1,0.6503387999837287,None,,,,,2,3,11,3,,,,,32.350243900029454,,32.333997300011106,32.350243900029454,33.33278140000766,33.33278140000766,33.33278140000766,33.33278140000766,33.355245399987325,34.33300270000473,34.33300270000473,35.00085060001584,z,1,0.6503387999837287,None,,,,,,,,,,,,,,,555,001,2025-10-02_16h29.54.576,Motor_sequence_exp,,2025.1.1,59.9087230510383,2025-10-02 16h30.02.859927 +0530,
-50,x,12,0,3,x,1,0.722217200032901,None,,,,,3,0,12,0,,,,,35.016484200023115,,35.001213799987454,35.016484200023115,36.016422700020485,36.016422700020485,36.016422700020485,36.016422700020485,36.016422700020485,37.00078699999722,37.00078699999722,37.73470400000224,x,1,0.722217200032901,None,,,,,,,,,,,,,,,555,001,2025-10-02_16h29.54.576,Motor_sequence_exp,,2025.1.1,59.9087230510383,2025-10-02 16h30.02.859927 +0530,
150,v,13,1,3,v,1,0.2398725000093691,None,,,,,3,1,13,1,,,,,37.750394400034565,,37.73505890002707,37.750394400034565,38.75062170001911,38.75062170001911,38.75062170001911,38.75062170001911,38.75062170001911,39.75069920002716,39.75069920002716,40.001205699983984,v,1,0.2398725000093691,None,,,,,,,,,,,,,,,555,001,2025-10-02_16h29.54.576,Motor_sequence_exp,,2025.1.1,59.9087230510383,2025-10-02 16h30.02.859927 +0530,
50,c,14,2,3,c,1,0.9638412999920547,None,,,,,3,2,14,2,,,,,40.01670410000952,,40.001668700017035,40.01670410000952,41.00079319998622,41.00079319998622,41.00079319998622,41.00079319998622,41.01639180001803,42.00077430001693,42.00077430001693,42.96801770001184,c,1,0.9638412999920547,None,,,,,,,,,,,,,,,555,001,2025-10-02_16h29.54.576,Motor_sequence_exp,,2025.1.1,59.9087230510383,2025-10-02 16h30.02.859927 +0530,
-150,z,15,3,3,z,1,0.3682169999810867,None,,,,,3,3,15,3,,,,,42.984403200040106,,42.968505700002424,42.984403200040106,43.968575100007,43.968575100007,43.968575100007,43.968575100007,43.98560469999211,44.968661900027655,44.968661900027655,45.35170160001144,z,1,0.3682169999810867,None,,,,,,,,,,,,,,,555,001,2025-10-02_16h29.54.576,Motor_sequence_exp,,2025.1.1,59.9087230510383,2025-10-02 16h30.02.859927 +0530,
-50,x,16,0,4,x,1,0.34687579999445006,None,,,,,4,0,16,0,,,,,45.3669103999855,,45.35210270003881,45.3669103999855,46.36860980000347,46.36860980000347,46.36860980000347,46.36860980000347,46.36860980000347,47.351766300038435,47.351766300038435,47.70089320000261,x,1,0.34687579999445006,None,,,,,,,,,,,,,,,555,001,2025-10-02_16h29.54.576,Motor_sequence_exp,,2025.1.1,59.9087230510383,2025-10-02 16h30.02.859927 +0530,
150,v,17,1,4,v,1,0.7546108000096865,None,,,,,4,1,17,1,,,,,47.71728580002673,,47.70128979999572,47.71728580002673,48.70146230002865,48.70146230002865,48.70146230002865,48.70146230002865,48.71698650001781,49.701298900006805,49.701298900006805,50.467027300037444,v,1,0.7546108000096865,None,,,,,,,,,,,,,,,555,001,2025-10-02_16h29.54.576,Motor_sequence_exp,,2025.1.1,59.9087230510383,2025-10-02 16h30.02.859927 +0530,
50,c,18,2,4,c,1,0.5579179000342265,None,,,,,4,2,18,2,,,,,50.48412390000885,,50.467456399986986,50.48412390000885,51.466682700032834,51.466682700032834,51.466682700032834,51.466682700032834,51.48404469998786,52.46832990000257,52.46832990000257,53.036340399994515,c,1,0.5579179000342265,None,,,,,,,,,,,,,,,555,001,2025-10-02_16h29.54.576,Motor_sequence_exp,,2025.1.1,59.9087230510383,2025-10-02 16h30.02.859927 +0530,
-150,z,19,3,4,x,0,0.3413946999935433,None,,,,,4,3,19,3,,,,,53.050189800036605,,53.03680930001428,53.050189800036605,54.03564970003208,54.03564970003208,54.03564970003208,54.03564970003208,54.05192190001253,55.05207740003243,55.05207740003243,55.401987400022335,x,0,0.3413946999935433,None,,,,,,,,,,,,,,,555,001,2025-10-02_16h29.54.576,Motor_sequence_exp,,2025.1.1,59.9087230510383,2025-10-02 16h30.02.859927 +0530,
-50,x,20,0,5,x,1,1.2471547000459395,None,,,,,5,0,20,0,,,,,55.416900100011844,,55.4023862000322,55.416900100011844,56.40142000000924,56.40142000000924,56.40142000000924,56.40142000000924,56.418072600034066,57.40107140003238,57.40107140003238,58.6524757000152,x,1,1.2471547000459395,None,,,,,,,,,,,,,,,555,001,2025-10-02_16h29.54.576,Motor_sequence_exp,,2025.1.1,59.9087230510383,2025-10-02 16h30.02.859927 +0530,
150,v,21,1,5,v,1,0.7717774999910034,None,,,,,5,1,21,1,,,,,58.66818139998941,,58.653075799986254,58.66818139998941,59.65107750002062,59.65107750002062,59.65107750002062,59.65107750002062,59.667872600024566,60.65146379999351,60.65146379999351,61.43538969999645,v,1,0.7717774999910034,None,,,,,,,,,,,,,,,555,001,2025-10-02_16h29.54.576,Motor_sequence_exp,,2025.1.1,59.9087230510383,2025-10-02 16h30.02.859927 +0530,
50,c,22,2,5,c,1,0.5677124000503682,None,,,,,5,2,22,2,,,,,61.452137399988715,,61.43579140002839,61.452137399988715,62.45130519999657,62.45130519999657,62.45130519999657,62.45130519999657,62.45130519999657,63.434844200033695,63.434844200033695,64.01766980002867,c,1,0.5677124000503682,None,,,,,,,,,,,,,,,555,001,2025-10-02_16h29.54.576,Motor_sequence_exp,,2025.1.1,59.9087230510383,2025-10-02 16h30.02.859927 +0530,
-150,z,23,3,5,c,0,0.5439293999806978,None,,,,,5,3,23,3,,,,,64.03516159998253,,64.01806860003853,64.03516159998253,65.0172598999925,65.0172598999925,65.0172598999925,65.0172598999925,65.05052829999477,66.01884820003761,66.01884820003761,66.5685723000206,c,0,0.5439293999806978,None,,,,,,,,,,,,,,,555,001,2025-10-02_16h29.54.576,Motor_sequence_exp,,2025.1.1,59.9087230510383,2025-10-02 16h30.02.859927 +0530,
-50,x,24,0,6,x,1,0.8572883000015281,None,,,,,6,0,24,0,,,,,66.58438369998476,,66.56905390002066,66.58438369998476,67.56898770004045,67.56898770004045,67.56898770004045,67.56898770004045,67.5838845000253,68.5851986000198,68.5851986000198,69.45162910001818,x,1,0.8572883000015281,None,,,,,,,,,,,,,,,555,001,2025-10-02_16h29.54.576,Motor_sequence_exp,,2025.1.1,59.9087230510383,2025-10-02 16h30.02.859927 +0530,
150,v,25,1,6,v,1,0.6572928000241518,None,,,,,6,1,25,1,,,,,69.46849330002442,,69.45202690002043,69.46849330002442,70.4523438999895,70.4523438999895,70.4523438999895,70.4523438999895,70.4692240000004,71.4557375999866,71.4557375999866,72.11871250002878,v,1,0.6572928000241518,None,,,,,,,,,,,,,,,555,001,2025-10-02_16h29.54.576,Motor_sequence_exp,,2025.1.1,59.9087230510383,2025-10-02 16h30.02.859927 +0530,
50,c,26,2,6,c,1,0.5943954000249505,None,,,,,6,2,26,2,,,,,72.13476340001216,,72.11926110001514,72.13476340001216,73.11785530002089,73.11785530002089,73.11785530002089,73.11785530002089,73.13536980003119,74.11817840003641,74.11817840003641,74.71997460001148,c,1,0.5943954000249505,None,,,,,,,,,,,,,,,555,001,2025-10-02_16h29.54.576,Motor_sequence_exp,,2025.1.1,59.9087230510383,2025-10-02 16h30.02.859927 +0530,
-150,z,27,3,6,z,1,0.5290388999856077,None,,,,,6,3,27,3,,,,,74.7340340000228,,74.72059530002298,74.7340340000228,75.73426569998264,75.73426569998264,75.73426569998264,75.73426569998264,75.73426569998264,76.7337462999858,76.7337462999858,77.26778400002513,z,1,0.5290388999856077,None,,,,,,,,,,,,,,,555,001,2025-10-02_16h29.54.576,Motor_sequence_exp,,2025.1.1,59.9087230510383,2025-10-02 16h30.02.859927 +0530,
-50,x,28,0,7,x,1,0.6949958999757655,None,,,,,7,0,28,0,,,,,77.28369660000317,,77.2682824000367,77.28369660000317,78.26734309998574,78.26734309998574,78.26734309998574,78.26734309998574,78.28388990001986,79.26714180002455,79.26714180002455,79.9675859999843,x,1,0.6949958999757655,None,,,,,,,,,,,,,,,555,001,2025-10-02_16h29.54.576,Motor_sequence_exp,,2025.1.1,59.9087230510383,2025-10-02 16h30.02.859927 +0530,
150,v,29,1,7,v,1,0.5852035999996588,None,,,,,7,1,29,1,,,,,79.9843693000148,,79.96799520001514,79.9843693000148,80.96712380001554,80.96712380001554,80.96712380001554,80.96712380001554,80.98460170003818,81.96723830001429,81.96723830001429,82.56767130002845,v,1,0.5852035999996588,None,,,,,,,,,,,,,,,555,001,2025-10-02_16h29.54.576,Motor_sequence_exp,,2025.1.1,59.9087230510383,2025-10-02 16h30.02.859927 +0530,
50,c,30,2,7,c,1,0.5286952999886125,None,,,,,7,2,30,2,,,,,82.58452410000609,,82.56824049999705,82.58452410000609,83.56750380003359,83.56750380003359,83.56750380003359,83.56750380003359,83.58471989998361,84.56790930003626,84.56790930003626,85.10112040000968,c,1,0.5286952999886125,None,,,,,,,,,,,,,,,555,001,2025-10-02_16h29.54.576,Motor_sequence_exp,,2025.1.1,59.9087230510383,2025-10-02 16h30.02.859927 +0530,
-150,z,31,3,7,z,1,0.4645606999984011,None,,,,,7,3,31,3,,,,,85.11729269998614,,85.10145630000625,85.11729269998614,86.10036680003395,86.10036680003395,86.10036680003395,86.10036680003395,86.11810680001508,87.10117730003549,87.10117730003549,87.56859229999827,z,1,0.4645606999984011,None,,,,,,,,,,,,,,,555,001,2025-10-02_16h29.54.576,Motor_sequence_exp,,2025.1.1,59.9087230510383,2025-10-02 16h30.02.859927 +0530,
-50,x,32,0,8,x,1,0.2868832999956794,None,,,,,8,0,32,0,,,,,87.58507480000844,,87.56906410004012,87.58507480000844,88.56784289999632,88.56784289999632,88.56784289999632,88.56784289999632,88.58381330000702,89.56797249999363,89.56797249999363,89.86871300003259,x,1,0.2868832999956794,None,,,,,,,,,,,,,,,555,001,2025-10-02_16h29.54.576,Motor_sequence_exp,,2025.1.1,59.9087230510383,2025-10-02 16h30.02.859927 +0530,
150,v,33,1,8,v,1,0.6304098999826238,None,,,,,8,1,33,1,,,,,89.8839641000377,,89.8690651000361,89.8839641000377,90.86812579998514,90.86812579998514,90.86812579998514,90.86812579998514,90.88412340002833,91.86815220001154,91.86815220001154,92.50212369998917,v,1,0.6304098999826238,None,,,,,,,,,,,,,,,555,001,2025-10-02_16h29.54.576,Motor_sequence_exp,,2025.1.1,59.9087230510383,2025-10-02 16h30.02.859927 +0530,
50,c,34,2,8,c,1,0.28530519997002557,None,,,,,8,2,34,2,,,,,92.51754219998838,,92.50247790000867,92.51754219998838,93.51843940000981,93.51843940000981,93.51843940000981,93.51843940000981,93.51843940000981,94.51748059998499,94.51748059998499,94.81802720000269,c,1,0.28530519997002557,None,,,,,,,,,,,,,,,555,001,2025-10-02_16h29.54.576,Motor_sequence_exp,,2025.1.1,59.9087230510383,2025-10-02 16h30.02.859927 +0530,
-150,z,35,3,8,z,1,0.22108320001279935,None,,,,,8,3,35,3,,,,,94.83421220001765,,94.81837860000087,94.83421220001765,95.81751740002073,95.81751740002073,95.81751740002073,95.81751740002073,95.83476530003827,96.81776830001036,96.81776830001036,97.05224689998431,z,1,0.22108320001279935,None,,,,,,,,,,,,,,,555,001,2025-10-02_16h29.54.576,Motor_sequence_exp,,2025.1.1,59.9087230510383,2025-10-02 16h30.02.859927 +0530,
-50,x,36,0,9,x,1,0.2952140000415966,None,,,,,9,0,36,0,,,,,97.06768350000493,,97.05278840003302,97.06768350000493,98.06734120001784,98.06734120001784,98.06734120001784,98.06734120001784,98.06734120001784,99.05207299999893,99.05207299999893,99.35197660000995,x,1,0.2952140000415966,None,,,,,,,,,,,,,,,555,001,2025-10-02_16h29.54.576,Motor_sequence_exp,,2025.1.1,59.9087230510383,2025-10-02 16h30.02.859927 +0530,
150,v,37,1,9,v,1,0.24973860004683957,None,,,,,9,1,37,1,,,,,99.3675923999981,,99.35232360003283,99.3675923999981,100.35186900000554,100.35186900000554,100.35186900000554,100.35186900000554,100.3679003000143,101.35733550001169,101.35733550001169,101.61912699998356,v,1,0.24973860004683957,None,,,,,,,,,,,,,,,555,001,2025-10-02_16h29.54.576,Motor_sequence_exp,,2025.1.1,59.9087230510383,2025-10-02 16h30.02.859927 +0530,
50,c,38,2,9,c,1,0.2437995999935083,None,,,,,9,2,38,2,,,,,101.63515220000409,,101.61963470000774,101.63515220000409,102.61781389999669,102.61781389999669,102.61781389999669,102.61781389999669,102.63427199999569,103.61953470000299,103.61953470000299,103.86949489999097,c,1,0.2437995999935083,None,,,,,,,,,,,,,,,555,001,2025-10-02_16h29.54.576,Motor_sequence_exp,,2025.1.1,59.9087230510383,2025-10-02 16h30.02.859927 +0530,
-150,z,39,3,9,z,1,0.47243110003182665,None,,,,,9,3,39,3,,,,,103.88595590001205,,103.86999510001624,103.88595590001205,104.86948850000044,104.86948850000044,104.86948850000044,104.86948850000044,104.88630900002318,105.8696542000398,105.8696542000398,106.35337690002052,z,1,0.47243110003182665,None,,,,,,,,,,,,,,,555,001,2025-10-02_16h29.54.576,Motor_sequence_exp,,2025.1.1,59.9087230510383,2025-10-02 16h30.02.859927 +0530,
-50,x,40,0,10,x,1,0.2526443999959156,None,,,,,10,0,40,0,,,,,106.36772370000836,,106.35377729998436,106.36772370000836,107.36929170001531,107.36929170001531,107.36929170001531,107.36929170001531,107.36929170001531,108.35229740000796,108.35229740000796,108.61929850000888,x,1,0.2526443999959156,None,,,,,,,,,,,,,,,555,001,2025-10-02_16h29.54.576,Motor_sequence_exp,,2025.1.1,59.9087230510383,2025-10-02 16h30.02.859927 +0530,
150,v,41,1,10,v,1,0.36853390000760555,None,,,,,10,1,41,1,,,,,108.63595780002652,,108.61970919999294,108.63595780002652,109.61848840001039,109.61848840001039,109.61848840001039,109.61848840001039,109.63526220002677,110.61990950000472,110.61990950000472,111.00206070003333,v,1,0.36853390000760555,None,,,,,,,,,,,,,,,555,001,2025-10-02_16h29.54.576,Motor_sequence_exp,,2025.1.1,59.9087230510383,2025-10-02 16h30.02.859927 +0530,
50,c,42,2,10,c,1,0.2995023999828845,None,,,,,10,2,42,2,,,,,111.01835209998535,,111.00250030000461,111.01835209998535,112.00308809999842,112.00308809999842,112.00308809999842,112.00308809999842,112.01970210002037,113.00284790003207,113.00284790003207,113.3194472999894,c,1,0.2995023999828845,None,,,,,,,,,,,,,,,555,001,2025-10-02_16h29.54.576,Motor_sequence_exp,,2025.1.1,59.9087230510383,2025-10-02 16h30.02.859927 +0530,
-150,z,43,3,10,z,1,0.5323704000329599,None,,,,,10,3,43,3,,,,,113.33446049998747,,113.31985600001644,113.33446049998747,114.31927440001164,114.31927440001164,114.31927440001164,114.31927440001164,114.33614229998784,115.31952690001344,115.31952690001344,115.85347169998568,z,1,0.5323704000329599,None,,,,,,,,,,,,,,,555,001,2025-10-02_16h29.54.576,Motor_sequence_exp,,2025.1.1,59.9087230510383,2025-10-02 16h30.02.859927 +0530,
-50,x,44,0,11,x,1,0.37793979997513816,None,,,,,11,0,44,0,,,,,115.86901329999091,,115.85387980000814,115.86901329999091,116.85246020002523,116.85246020002523,116.85246020002523,116.85246020002523,116.86947999999393,117.85219300002791,117.85219300002791,118.2359878999996,x,1,0.37793979997513816,None,,,,,,,,,,,,,,,555,001,2025-10-02_16h29.54.576,Motor_sequence_exp,,2025.1.1,59.9087230510383,2025-10-02 16h30.02.859927 +0530,
150,v,45,1,11,v,1,0.5181750999763608,None,,,,,11,1,45,1,,,,,118.25214759999653,,118.23644569999306,118.25214759999653,119.23559779999778,119.23559779999778,119.23559779999778,119.23559779999778,119.25212800002191,120.23619470000267,120.23619470000267,120.7696358000394,v,1,0.5181750999763608,None,,,,,,,,,,,,,,,555,001,2025-10-02_16h29.54.576,Motor_sequence_exp,,2025.1.1,59.9087230510383,2025-10-02 16h30.02.859927 +0530,
50,c,46,2,11,c,1,0.33304519997909665,None,,,,,11,2,46,2,,,,,120.78461640002206,,120.77003660000628,120.78461640002206,121.76925489999121,121.76925489999121,121.76925489999121,121.76925489999121,121.78649219998624,122.78572510002414,122.78572510002414,123.13584589998936,c,1,0.33304519997909665,None,,,,,,,,,,,,,,,555,001,2025-10-02_16h29.54.576,Motor_sequence_exp,,2025.1.1,59.9087230510383,2025-10-02 16h30.02.859927 +0530,
-150,z,47,3,11,z,1,0.7009502000291832,None,,,,,11,3,47,3,,,,,123.15282379998825,,123.13624910003273,123.15282379998825,124.1364370000083,124.1364370000083,124.1364370000083,124.1364370000083,124.15246650000336,125.13684500003001,125.13684500003001,125.85347880003974,z,1,0.7009502000291832,None,,,,,,,,,,,,,,,555,001,2025-10-02_16h29.54.576,Motor_sequence_exp,,2025.1.1,59.9087230510383,2025-10-02 16h30.02.859927 +0530,
-50,x,48,0,12,x,1,0.33475139999063686,None,,,,,12,0,48,0,,,,,125.8690360999899,,125.85416610003449,125.8690360999899,126.85302989999764,126.85302989999764,126.85302989999764,126.85302989999764,126.86934949998977,127.85329270001967,127.85329270001967,128.20253519999096,x,1,0.33475139999063686,None,,,,,,,,,,,,,,,555,001,2025-10-02_16h29.54.576,Motor_sequence_exp,,2025.1.1,59.9087230510383,2025-10-02 16h30.02.859927 +0530,
150,v,49,1,12,v,1,0.2583654000191018,None,,,,,12,1,49,1,,,,,128.2188812000095,,128.20293269999092,128.2188812000095,129.20331770001212,129.20331770001212,129.20331770001212,129.20331770001212,129.21958330000052,130.20226769999135,130.20226769999135,130.47047220001696,v,1,0.2583654000191018,None,,,,,,,,,,,,,,,555,001,2025-10-02_16h29.54.576,Motor_sequence_exp,,2025.1.1,59.9087230510383,2025-10-02 16h30.02.859927 +0530,
50,c,50,2,12,c,1,0.2397482999949716,None,,,,,12,2,50,2,,,,,130.48490350000793,,130.47092110000085,130.48490350000793,131.4865746999858,131.4865746999858,131.4865746999858,131.4865746999858,131.4865746999858,132.46832089999225,132.46832089999225,132.7196928000194,c,1,0.2397482999949716,None,,,,,,,,,,,,,,,555,001,2025-10-02_16h29.54.576,Motor_sequence_exp,,2025.1.1,59.9087230510383,2025-10-02 16h30.02.859927 +0530,
-150,z,51,3,12,z,1,0.1720969000016339,None,,,,,12,3,51,3,,,,,132.73562600003788,,132.7203029000084,132.73562600003788,133.72006860002875,133.72006860002875,133.72006860002875,133.72006860002875,133.7366492000292,134.7187116999994,134.7187116999994,134.90276690002065,z,1,0.1720969000016339,None,,,,,,,,,,,,,,,555,001,2025-10-02_16h29.54.576,Motor_sequence_exp,,2025.1.1,59.9087230510383,2025-10-02 16h30.02.859927 +0530,
-50,x,52,0,13,x,1,0.06464039999991655,None,,,,,13,0,52,0,,,,,134.91821279999567,,134.9035380000132,134.91821279999567,135.91849930002354,135.91849930002354,135.91849930002354,135.91849930002354,135.91849930002354,136.9186391000403,136.9186391000403,136.98650659999112,x,1,0.06464039999991655,None,,,,,,,,,,,,,,,555,001,2025-10-02_16h29.54.576,Motor_sequence_exp,,2025.1.1,59.9087230510383,2025-10-02 16h30.02.859927 +0530,
150,v,53,1,13,v,1,0.2836185999913141,None,,,,,13,1,53,1,,,,,137.00156810000772,,136.98705809999956,137.00156810000772,137.98679210001137,137.98679210001137,137.98679210001137,137.98679210001137,138.00369530002354,138.98564140003873,138.98564140003873,139.2873181999894,v,1,0.2836185999913141,None,,,,,,,,,,,,,,,555,001,2025-10-02_16h29.54.576,Motor_sequence_exp,,2025.1.1,59.9087230510383,2025-10-02 16h30.02.859927 +0530,
50,c,54,2,13,c,1,0.20976810000138357,None,,,,,13,2,54,2,,,,,139.3071374000283,,139.28806709998753,139.3071374000283,140.3017396000214,140.3017396000214,140.3017396000214,140.3017396000214,140.31915639998624,141.30222660000436,141.30222660000436,141.5191257999977,c,1,0.20976810000138357,None,,,,,,,,,,,,,,,555,001,2025-10-02_16h29.54.576,Motor_sequence_exp,,2025.1.1,59.9087230510383,2025-10-02 16h30.02.859927 +0530,
-150,z,55,3,13,z,1,0.17796559998532757,None,,,,,13,3,55,3,,,,,141.53459679998923,,141.5194904000382,141.53459679998923,142.51884840003913,142.51884840003913,142.51884840003913,142.51884840003913,142.5345604000031,143.52219139999943,143.52219139999943,143.70252620003885,z,1,0.17796559998532757,None,,,,,,,,,,,,,,,555,001,2025-10-02_16h29.54.576,Motor_sequence_exp,,2025.1.1,59.9087230510383,2025-10-02 16h30.02.859927 +0530,
-50,x,56,0,14,x,1,0.22528060001786798,None,,,,,14,0,56,0,,,,,143.71928760001902,,143.70287979999557,143.71928760001902,144.71834130003117,144.71834130003117,144.71834130003117,144.71834130003117,144.71834130003117,145.7022715000203,145.7022715000203,145.9349104000139,x,1,0.22528060001786798,None,,,,,,,,,,,,,,,555,001,2025-10-02_16h29.54.576,Motor_sequence_exp,,2025.1.1,59.9087230510383,2025-10-02 16h30.02.859927 +0530,
150,v,57,1,14,v,1,0.25470409996341914,None,,,,,14,1,57,1,,,,,145.950708999997,,145.93545420002192,145.950708999997,146.93536430003587,146.93536430003587,146.93536430003587,146.93536430003587,146.9523050999851,147.9347880000132,147.9347880000132,148.20287520001875,v,1,0.25470409996341914,None,,,,,,,,,,,,,,,555,001,2025-10-02_16h29.54.576,Motor_sequence_exp,,2025.1.1,59.9087230510383,2025-10-02 16h30.02.859927 +0530,
50,c,58,2,14,c,1,0.19694039999740198,None,,,,,14,2,58,2,,,,,148.22021790000144,,148.20339089998743,148.22021790000144,149.20311589998892,149.20311589998892,149.20311589998892,149.20311589998892,149.22054160002153,150.20323919999646,150.20323919999646,150.40364430000773,c,1,0.19694039999740198,None,,,,,,,,,,,,,,,555,001,2025-10-02_16h29.54.576,Motor_sequence_exp,,2025.1.1,59.9087230510383,2025-10-02 16h30.02.859927 +0530,
-150,z,59,3,14,z,1,1.0318754999898374,None,,,,,14,3,59,3,,,,,150.41862090001814,,150.4041237999918,150.41862090001814,151.40365739999106,151.40365739999106,151.40365739999106,151.40365739999106,151.41976309998427,152.4031762999948,152.4031762999948,153.4380414999905,z,1,1.0318754999898374,None,,,,,,,,,,,,,,,555,001,2025-10-02_16h29.54.576,Motor_sequence_exp,,2025.1.1,59.9087230510383,2025-10-02 16h30.02.859927 +0530,
-50,x,60,0,15,x,1,0.599271500017494,None,,,,,15,0,60,0,,,,,153.45185370004037,,153.438493499998,153.45185370004037,154.4536678000004,154.4536678000004,154.4536678000004,154.4536678000004,154.4536678000004,155.4529923000373,155.4529923000373,156.05353370000375,x,1,0.599271500017494,None,,,,,,,,,,,,,,,555,001,2025-10-02_16h29.54.576,Motor_sequence_exp,,2025.1.1,59.9087230510383,2025-10-02 16h30.02.859927 +0530,
150,v,61,1,15,v,1,0.629573000012897,None,,,,,15,1,61,1,,,,,156.06951760000084,,156.05398309999146,156.06951760000084,157.05369159998372,157.05369159998372,157.05369159998372,157.05369159998372,157.06961950002005,158.05305330001283,158.05305330001283,158.68732000002638,v,1,0.629573000012897,None,,,,,,,,,,,,,,,555,001,2025-10-02_16h29.54.576,Motor_sequence_exp,,2025.1.1,59.9087230510383,2025-10-02 16h30.02.859927 +0530,
50,c,62,2,15,c,1,0.5852521999622695,None,,,,,15,2,62,2,,,,,158.7018104000017,,158.68777810002211,158.7018104000017,159.68782920000376,159.68782920000376,159.68782920000376,159.68782920000376,159.70378490001895,160.687589499983,160.687589499983,161.28771669999696,c,1,0.5852521999622695,None,,,,,,,,,,,,,,,555,001,2025-10-02_16h29.54.576,Motor_sequence_exp,,2025.1.1,59.9087230510383,2025-10-02 16h30.02.859927 +0530,
-150,z,63,3,15,z,1,0.5576805000309832,None,,,,,15,3,63,3,,,,,161.30259630002547,,161.28835480002454,161.30259630002547,162.30371280002873,162.30371280002873,162.30371280002873,162.30371280002873,162.30371280002873,163.30390830000397,163.30390830000397,163.87075010000262,z,1,0.5576805000309832,None,,,,,,,,,,,,,,,555,001,2025-10-02_16h29.54.576,Motor_sequence_exp,,2025.1.1,59.9087230510383,2025-10-02 16h30.02.859927 +0530,
-50,x,64,0,16,x,1,0.7214057999663055,None,,,,,16,0,64,0,,,,,163.8859811000293,,163.87115990003804,163.8859811000293,164.86929780000355,164.86929780000355,164.86929780000355,164.86929780000355,164.88699959998485,165.87046380003449,165.87046380003449,166.60361620003823,x,1,0.7214057999663055,None,,,,,,,,,,,,,,,555,001,2025-10-02_16h29.54.576,Motor_sequence_exp,,2025.1.1,59.9087230510383,2025-10-02 16h30.02.859927 +0530,
150,v,65,1,16,v,1,0.6846647000056691,None,,,,,16,1,65,1,,,,,166.6195080000325,,166.60421499999939,166.6195080000325,167.60378669999773,167.60378669999773,167.60378669999773,167.60378669999773,167.6202392000123,168.60209130001022,168.60209130001022,169.30300469999202,v,1,0.6846647000056691,None,,,,,,,,,,,,,,,555,001,2025-10-02_16h29.54.576,Motor_sequence_exp,,2025.1.1,59.9087230510383,2025-10-02 16h30.02.859927 +0530,
50,c,66,2,16,c,1,0.6838192999712192,None,,,,,16,2,66,2,,,,,169.31889719999162,,169.3035772999865,169.31889719999162,170.3043214000063,170.3043214000063,170.3043214000063,170.3043214000063,170.31957240001066,171.304352200008,171.304352200008,172.0028711000341,c,1,0.6838192999712192,None,,,,,,,,,,,,,,,555,001,2025-10-02_16h29.54.576,Motor_sequence_exp,,2025.1.1,59.9087230510383,2025-10-02 16h30.02.859927 +0530,
-150,z,67,3,16,z,1,0.3432636999641545,None,,,,,16,3,67,3,,,,,172.01952359999996,,172.0032662000158,172.01952359999996,173.00400580000132,173.00400580000132,173.00400580000132,173.00400580000132,173.02054560004035,174.00391420000233,174.00391420000233,174.35319270001492,z,1,0.3432636999641545,None,,,,,,,,,,,,,,,555,001,2025-10-02_16h29.54.576,Motor_sequence_exp,,2025.1.1,59.9087230510383,2025-10-02 16h30.02.859927 +0530,
-50,x,68,0,17,x,1,0.4861143999733031,None,,,,,17,0,68,0,,,,,174.3695422000019,,174.35359469999094,174.3695422000019,175.3537811000133,175.3537811000133,175.3537811000133,175.3537811000133,175.3695155000314,176.35367470001802,176.35367470001802,176.85375300003216,x,1,0.4861143999733031,None,,,,,,,,,,,,,,,555,001,2025-10-02_16h29.54.576,Motor_sequence_exp,,2025.1.1,59.9087230510383,2025-10-02 16h30.02.859927 +0530,
150,v,69,1,17,v,1,0.3461558999842964,None,,,,,17,1,69,1,,,,,176.87065350002376,,176.85425720002968,176.87065350002376,177.85283950000303,177.85283950000303,177.85283950000303,177.85283950000303,177.88749370002188,178.85269400000107,178.85269400000107,179.20437240001047,v,1,0.3461558999842964,None,,,,,,,,,,,,,,,555,001,2025-10-02_16h29.54.576,Motor_sequence_exp,,2025.1.1,59.9087230510383,2025-10-02 16h30.02.859927 +0530,
50,c,70,2,17,c,1,0.3242469999822788,None,,,,,17,2,70,2,,,,,179.21985590003897,,179.20500650000758,179.21985590003897,180.22257929999614,180.22257929999614,180.22257929999614,180.22257929999614,180.22257929999614,181.20377170003485,181.20377170003485,181.53799979999894,c,1,0.3242469999822788,None,,,,,,,,,,,,,,,555,001,2025-10-02_16h29.54.576,Motor_sequence_exp,,2025.1.1,59.9087230510383,2025-10-02 16h30.02.859927 +0530,
-150,z,71,3,17,z,1,0.26143760001286864,None,,,,,17,3,71,3,,,,,181.55230520002078,,181.538460700016,181.55230520002078,182.53767099999823,182.53767099999823,182.53767099999823,182.53767099999823,182.55410050001228,183.5540262000286,183.5540262000286,183.8214139000047,z,1,0.26143760001286864,None,,,,,,,,,,,,,,,555,001,2025-10-02_16h29.54.576,Motor_sequence_exp,,2025.1.1,59.9087230510383,2025-10-02 16h30.02.859927 +0530,
-50,x,72,0,18,x,1,0.5001745999907143,None,,,,,18,0,72,0,,,,,183.83612049999647,,183.82233560003806,183.83612049999647,184.8358638000209,184.8358638000209,184.8358638000209,184.8358638000209,184.8358638000209,185.8207918999833,185.8207918999833,186.33712730003754,x,1,0.5001745999907143,None,,,,,,,,,,,,,,,555,001,2025-10-02_16h29.54.576,Motor_sequence_exp,,2025.1.1,59.9087230510383,2025-10-02 16h30.02.859927 +0530,
150,v,73,1,18,v,1,0.26122369995573536,None,,,,,18,1,73,1,,,,,186.35241950000636,,186.33758749999106,186.35241950000636,187.33745019999333,187.33745019999333,187.33745019999333,187.33745019999333,187.35424950002925,188.3365700999857,188.3365700999857,188.60354680003366,v,1,0.26122369995573536,None,,,,,,,,,,,,,,,555,001,2025-10-02_16h29.54.576,Motor_sequence_exp,,2025.1.1,59.9087230510383,2025-10-02 16h30.02.859927 +0530,
50,c,74,2,18,c,1,0.21586769999703392,None,,,,,18,2,74,2,,,,,188.62052019999828,,188.6040965000284,188.62052019999828,189.6032843000139,189.6032843000139,189.6032843000139,189.6032843000139,189.62092509999638,190.60465649998514,190.60465649998514,190.83787240000675,c,1,0.21586769999703392,None,,,,,,,,,,,,,,,555,001,2025-10-02_16h29.54.576,Motor_sequence_exp,,2025.1.1,59.9087230510383,2025-10-02 16h30.02.859927 +0530,
-150,z,75,3,18,z,1,0.26591940002981573,None,,,,,18,3,75,3,,,,,190.85384100000374,,190.838289300038,190.85384100000374,191.83712819998618,191.83712819998618,191.83712819998618,191.83712819998618,191.85367119999137,192.83793939999305,192.83793939999305,193.12090560002252,z,1,0.26591940002981573,None,,,,,,,,,,,,,,,555,001,2025-10-02_16h29.54.576,Motor_sequence_exp,,2025.1.1,59.9087230510383,2025-10-02 16h30.02.859927 +0530,
-50,x,76,0,19,x,1,0.3028053000452928,None,,,,,19,0,76,0,,,,,193.13729270000476,,193.12130290002096,193.13729270000476,194.12092180002946,194.12092180002946,194.12092180002946,194.12092180002946,194.13739879999775,195.12101709999843,195.12101709999843,195.45104160002666,x,1,0.3028053000452928,None,,,,,,,,,,,,,,,555,001,2025-10-02_16h29.54.576,Motor_sequence_exp,,2025.1.1,59.9087230510383,2025-10-02 16h30.02.859927 +0530,
150,v,77,1,19,v,1,0.29064159997506067,None,,,,,19,1,77,1,,,,,195.46379010000965,,195.45178340002894,195.46379010000965,196.45429150003474,196.45429150003474,196.45429150003474,196.45429150003474,196.47068339999532,197.45471449999604,197.45471449999604,197.75334699999075,v,1,0.29064159997506067,None,,,,,,,,,,,,,,,555,001,2025-10-02_16h29.54.576,Motor_sequence_exp,,2025.1.1,59.9087230510383,2025-10-02 16h30.02.859927 +0530,
50,c,78,2,19,c,1,0.2994328999775462,None,,,,,19,2,78,2,,,,,197.7699353999924,,197.75379879999673,197.7699353999924,198.75438779999968,198.75438779999968,198.75438779999968,198.75438779999968,198.77080330002354,199.75441140000476,199.75441140000476,200.07107010000618,c,1,0.2994328999775462,None,,,,,,,,,,,,,,,555,001,2025-10-02_16h29.54.576,Motor_sequence_exp,,2025.1.1,59.9087230510383,2025-10-02 16h30.02.859927 +0530,
-150,z,79,3,19,z,1,0.24035859998548403,None,,,,,19,3,79,3,,,,,200.0872164000175,,200.07147750002332,200.0872164000175,201.07120710000163,201.07120710000163,201.07120710000163,201.07120710000163,201.08695339999394,202.0711450999952,202.0711450999952,202.32155019999482,z,1,0.24035859998548403,None,,,,,,,,,,,,,,,555,001,2025-10-02_16h29.54.576,Motor_sequence_exp,,2025.1.1,59.9087230510383,2025-10-02 16h30.02.859927 +0530,
-50,x,80,0,20,x,1,0.3581823999993503,None,,,,,20,0,80,0,,,,,202.33659150003223,,202.32219830004033,202.33659150003223,203.32068539998727,203.32068539998727,203.32068539998727,203.32068539998727,203.3367745000287,204.33771320001688,204.33771320001688,204.70430129999295,x,1,0.3581823999993503,None,,,,,,,,,,,,,,,555,001,2025-10-02_16h29.54.576,Motor_sequence_exp,,2025.1.1,59.9087230510383,2025-10-02 16h30.02.859927 +0530,
150,v,81,1,20,v,1,0.511019200028386,None,,,,,20,1,81,1,,,,,204.71938349999255,,204.70472249999875,204.71938349999255,205.70341560000088,205.70341560000088,205.70341560000088,205.70341560000088,205.71957519999705,206.70414899999741,206.70414899999741,207.22149600001285,v,1,0.511019200028386,None,,,,,,,,,,,,,,,555,001,2025-10-02_16h29.54.576,Motor_sequence_exp,,2025.1.1,59.9087230510383,2025-10-02 16h30.02.859927 +0530,
50,c,82,2,20,c,1,0.2811887999996543,None,,,,,20,2,82,2,,,,,207.23677349998616,,207.22194740001578,207.23677349998616,208.2206783000147,208.2206783000147,208.2206783000147,208.2206783000147,208.23780140001327,209.23741470003733,209.23741470003733,209.52072650002083,c,1,0.2811887999996543,None,,,,,,,,,,,,,,,555,001,2025-10-02_16h29.54.576,Motor_sequence_exp,,2025.1.1,59.9087230510383,2025-10-02 16h30.02.859927 +0530,
-150,z,83,3,20,z,1,0.6632260999758728,None,,,,,20,3,83,3,,,,,209.53609429998323,,209.52116430003662,209.53609429998323,210.52088040002855,210.52088040002855,210.52088040002855,210.52088040002855,210.53751110000303,211.5378788000089,211.5378788000089,212.2051955999923,z,1,0.6632260999758728,None,,,,,,,,,,,,,,,555,001,2025-10-02_16h29.54.576,Motor_sequence_exp,,2025.1.1,59.9087230510383,2025-10-02 16h30.02.859927 +0530,
-50,x,84,0,21,x,1,0.4721941000316292,None,,,,,21,0,84,0,,,,,212.22022910002852,,212.20564699999522,212.22022910002852,213.2049234000151,213.2049234000151,213.2049234000151,213.2049234000151,213.22150739998324,214.22107600001618,214.22107600001618,214.70357680000598,x,1,0.4721941000316292,None,,,,,,,,,,,,,,,555,001,2025-10-02_16h29.54.576,Motor_sequence_exp,,2025.1.1,59.9087230510383,2025-10-02 16h30.02.859927 +0530,
150,v,85,1,21,v,1,0.28314690000843257,None,,,,,21,1,85,1,,,,,214.7202222000342,,214.7039705000352,214.7202222000342,215.70503429998644,215.70503429998644,215.70503429998644,215.70503429998644,215.72151070000837,216.70477840001695,216.70477840001695,217.00433850003174,v,1,0.28314690000843257,None,,,,,,,,,,,,,,,555,001,2025-10-02_16h29.54.576,Motor_sequence_exp,,2025.1.1,59.9087230510383,2025-10-02 16h30.02.859927 +0530,
50,c,86,2,21,c,1,0.29480500001227483,None,,,,,21,2,86,2,,,,,217.02130230003968,,217.00473460002104,217.02130230003968,218.00505000003614,218.00505000003614,218.00505000003614,218.00505000003614,218.02137410000432,219.0043890000088,219.0043890000088,219.30489259999013,c,1,0.29480500001227483,None,,,,,,,,,,,,,,,555,001,2025-10-02_16h29.54.576,Motor_sequence_exp,,2025.1.1,59.9087230510383,2025-10-02 16h30.02.859927 +0530,
-150,z,87,3,21,z,1,0.2685938000213355,None,,,,,21,3,87,3,,,,,219.31954050000058,,219.30534680001438,219.31954050000058,220.3042046999908,220.3042046999908,220.3042046999908,220.3042046999908,220.32070270000258,221.30433489999268,221.30433489999268,221.58770730003016,z,1,0.2685938000213355,None,,,,,,,,,,,,,,,555,001,2025-10-02_16h29.54.576,Motor_sequence_exp,,2025.1.1,59.9087230510383,2025-10-02 16h30.02.859927 +0530,
-50,x,88,0,22,x,1,0.34980409999843687,None,,,,,22,0,88,0,,,,,221.6040401000064,,221.5882209999836,221.6040401000064,222.58776600001147,222.58776600001147,222.58776600001147,222.58776600001147,222.60464000003412,223.5881379999919,223.5881379999919,223.95449070003815,x,1,0.34980409999843687,None,,,,,,,,,,,,,,,555,001,2025-10-02_16h29.54.576,Motor_sequence_exp,,2025.1.1,59.9087230510383,2025-10-02 16h30.02.859927 +0530,
150,v,89,1,22,v,1,0.29398610000498593,None,,,,,22,1,89,1,,,,,223.97123600001214,,223.95488760003354,223.97123600001214,224.9539677000139,224.9539677000139,224.9539677000139,224.9539677000139,224.97069360001478,225.95514320000075,225.95514320000075,226.25448639999377,v,1,0.29398610000498593,None,,,,,,,,,,,,,,,555,001,2025-10-02_16h29.54.576,Motor_sequence_exp,,2025.1.1,59.9087230510383,2025-10-02 16h30.02.859927 +0530,
50,c,90,2,22,c,1,0.3235568000236526,None,,,,,22,2,90,2,,,,,226.26976520003518,,226.25496510002995,226.26976520003518,227.25473640003474,227.25473640003474,227.25473640003474,227.25473640003474,227.27036219998263,228.2545518000261,228.2545518000261,228.5884059999953,c,1,0.3235568000236526,None,,,,,,,,,,,,,,,555,001,2025-10-02_16h29.54.576,Motor_sequence_exp,,2025.1.1,59.9087230510383,2025-10-02 16h30.02.859927 +0530,
-150,z,91,3,22,z,1,0.39642030000686646,None,,,,,22,3,91,3,,,,,228.60368860000744,,228.58892950002337,228.60368860000744,229.604803299997,229.604803299997,229.604803299997,229.604803299997,229.604803299997,230.58663899998646,230.58663899998646,230.9887827000348,z,1,0.39642030000686646,None,,,,,,,,,,,,,,,555,001,2025-10-02_16h29.54.576,Motor_sequence_exp,,2025.1.1,59.9087230510383,2025-10-02 16h30.02.859927 +0530,
-50,x,92,0,23,x,1,0.3255422000074759,None,,,,,23,0,92,0,,,,,231.0036917999969,,230.98942370002624,231.0036917999969,232.00415240001166,232.00415240001166,232.00415240001166,232.00415240001166,232.00415240001166,232.98869010002818,232.98869010002818,233.3206780999899,x,1,0.3255422000074759,None,,,,,,,,,,,,,,,555,001,2025-10-02_16h29.54.576,Motor_sequence_exp,,2025.1.1,59.9087230510383,2025-10-02 16h30.02.859927 +0530,
150,v,93,1,23,v,1,0.3081906999577768,None,,,,,23,1,93,1,,,,,233.3369604999898,,233.32121140003437,233.3369604999898,234.32140700001037,234.32140700001037,234.32140700001037,234.32140700001037,234.33820540003944,235.32077839999693,235.32077839999693,235.6379081000341,v,1,0.3081906999577768,None,,,,,,,,,,,,,,,555,001,2025-10-02_16h29.54.576,Motor_sequence_exp,,2025.1.1,59.9087230510383,2025-10-02 16h30.02.859927 +0530,
50,c,94,2,23,c,1,0.33003969996934757,None,,,,,23,2,94,2,,,,,235.6543031000183,,235.63830689998576,235.6543031000183,236.63711449998664,236.63711449998664,236.63711449998664,236.63711449998664,236.65460990002612,237.63819309999235,237.63819309999235,237.97192550002364,c,1,0.33003969996934757,None,,,,,,,,,,,,,,,555,001,2025-10-02_16h29.54.576,Motor_sequence_exp,,2025.1.1,59.9087230510383,2025-10-02 16h30.02.859927 +0530,
-150,z,95,3,23,z,1,0.32329870003741235,None,,,,,23,3,95,3,,,,,237.98745330004022,,237.97238270001253,237.98745330004022,238.9713295000256,238.9713295000256,238.9713295000256,238.9713295000256,238.98670980002498,239.9715057000285,239.9715057000285,240.30470630002674,z,1,0.32329870003741235,None,,,,,,,,,,,,,,,555,001,2025-10-02_16h29.54.576,Motor_sequence_exp,,2025.1.1,59.9087230510383,2025-10-02 16h30.02.859927 +0530,
-50,x,96,0,24,x,1,0.2359197000041604,None,,,,,24,0,96,0,,,,,240.32022049999796,,240.3050971000339,240.32022049999796,241.30507810000563,241.30507810000563,241.30507810000563,241.30507810000563,241.32189700001618,242.3062047000276,242.3062047000276,242.55550810002023,x,1,0.2359197000041604,None,,,,,,,,,,,,,,,555,001,2025-10-02_16h29.54.576,Motor_sequence_exp,,2025.1.1,59.9087230510383,2025-10-02 16h30.02.859927 +0530,
150,v,97,1,24,v,1,0.3357117000268772,None,,,,,24,1,97,1,,,,,242.5699970999849,,242.5559690000373,242.5699970999849,243.57124920003116,243.57124920003116,243.57124920003116,243.57124920003116,243.57124920003116,244.57145410001976,244.57145410001976,244.92140450002626,v,1,0.3357117000268772,None,,,,,,,,,,,,,,,555,001,2025-10-02_16h29.54.576,Motor_sequence_exp,,2025.1.1,59.9087230510383,2025-10-02 16h30.02.859927 +0530,
50,c,98,2,24,c,1,0.18485319998580962,None,,,,,24,2,98,2,,,,,244.93834669998614,,244.9218045999878,244.93834669998614,245.91963399999077,245.91963399999077,245.91963399999077,245.91963399999077,245.95455610001227,246.92184180003824,246.92184180003824,247.12149130000034,c,1,0.18485319998580962,None,,,,,,,,,,,,,,,555,001,2025-10-02_16h29.54.576,Motor_sequence_exp,,2025.1.1,59.9087230510383,2025-10-02 16h30.02.859927 +0530,
-150,z,99,3,24,z,1,0.5126302000135183,None,,,,,24,3,99,3,,,,,247.13822770002298,,247.12191719998373,247.13822770002298,248.12059860001318,248.12059860001318,248.12059860001318,248.12059860001318,248.13827300001867,249.12195520004025,249.12195520004025,249.6387252000277,z,1,0.5126302000135183,None,,,,,,,,,,,,,,,555,001,2025-10-02_16h29.54.576,Motor_sequence_exp,,2025.1.1,59.9087230510383,2025-10-02 16h30.02.859927 +0530,
-50,x,100,0,25,x,1,0.24201739998534322,None,,,,,25,0,100,0,,,,,249.6534873000346,,249.63918330002343,249.6534873000346,250.63832790002925,250.63832790002925,250.63832790002925,250.63832790002925,250.65524970000843,251.63847000000533,251.63847000000533,251.8877971000038,x,1,0.24201739998534322,None,,,,,,,,,,,,,,,555,001,2025-10-02_16h29.54.576,Motor_sequence_exp,,2025.1.1,59.9087230510383,2025-10-02 16h30.02.859927 +0530,
150,v,101,1,25,v,1,0.23160479997750372,None,,,,,25,1,101,1,,,,,251.90392670000438,,251.88827639998635,251.90392670000438,252.8885530999978,252.8885530999978,252.8885530999978,252.8885530999978,252.90469819999998,253.88850340002682,253.88850340002682,254.12270700000226,v,1,0.23160479997750372,None,,,,,,,,,,,,,,,555,001,2025-10-02_16h29.54.576,Motor_sequence_exp,,2025.1.1,59.9087230510383,2025-10-02 16h30.02.859927 +0530,
50,c,102,2,25,c,1,0.30204320000484586,None,,,,,25,2,102,2,,,,,254.1376851000241,,254.12325350003084,254.1376851000241,255.13886890001595,255.13886890001595,255.13886890001595,255.13886890001595,255.13886890001595,256.12117020000005,256.12117020000005,256.43777180003235,c,1,0.30204320000484586,None,,,,,,,,,,,,,,,555,001,2025-10-02_16h29.54.576,Motor_sequence_exp,,2025.1.1,59.9087230510383,2025-10-02 16h30.02.859927 +0530,
-150,z,103,3,25,z,1,0.4170315000228584,None,,,,,25,3,103,3,,,,,256.45520660001785,,256.4381938999868,256.45520660001785,257.43824370001676,257.43824370001676,257.43824370001676,257.43824370001676,257.455065999995,258.43857569998363,258.43857569998363,258.87110480002593,z,1,0.4170315000228584,None,,,,,,,,,,,,,,,555,001,2025-10-02_16h29.54.576,Motor_sequence_exp,,2025.1.1,59.9087230510383,2025-10-02 16h30.02.859927 +0530,
-50,x,104,0,26,x,1,0.2460902000311762,None,,,,,26,0,104,0,,,,,258.8876884999918,,258.8715558000258,258.8876884999918,259.8709319999907,259.8709319999907,259.8709319999907,259.8709319999907,259.88834370003315,260.87077229999704,260.87077229999704,261.121773699997,x,1,0.2460902000311762,None,,,,,,,,,,,,,,,555,001,2025-10-02_16h29.54.576,Motor_sequence_exp,,2025.1.1,59.9087230510383,2025-10-02 16h30.02.859927 +0530,
150,v,105,1,26,v,1,0.7327687999932095,None,,,,,26,1,105,1,,,,,261.1367904000217,,261.1222203000216,261.1367904000217,262.1220248999889,262.1220248999889,262.1220248999889,262.1220248999889,262.13803239999106,263.1212358000339,263.1212358000339,263.85569679999026,v,1,0.7327687999932095,None,,,,,,,,,,,,,,,555,001,2025-10-02_16h29.54.576,Motor_sequence_exp,,2025.1.1,59.9087230510383,2025-10-02 16h30.02.859927 +0530,
50,c,106,2,26,c,1,0.6514674000209197,None,,,,,26,2,106,2,,,,,263.8713296999922,,263.8561000000336,263.8713296999922,264.85503810003866,264.85503810003866,264.85503810003866,264.85503810003866,264.872067600023,265.8720208000159,265.8720208000159,266.5393324000179,c,1,0.6514674000209197,None,,,,,,,,,,,,,,,555,001,2025-10-02_16h29.54.576,Motor_sequence_exp,,2025.1.1,59.9087230510383,2025-10-02 16h30.02.859927 +0530,
-150,z,107,3,26,z,1,0.2974759999779053,None,,,,,26,3,107,3,,,,,266.55381080001825,,266.5399523000233,266.55381080001825,267.5553472000174,267.5553472000174,267.5553472000174,267.5553472000174,267.5553472000174,268.5545934000402,268.5545934000402,268.85433569998713,z,1,0.2974759999779053,None,,,,,,,,,,,,,,,555,001,2025-10-02_16h29.54.576,Motor_sequence_exp,,2025.1.1,59.9087230510383,2025-10-02 16h30.02.859927 +0530,
-50,x,108,0,27,x,1,0.5017065000138246,None,,,,,27,0,108,0,,,,,268.8709988000337,,268.8547823000117,268.8709988000337,269.8544033000362,269.8544033000362,269.8544033000362,269.8544033000362,269.8716475000256,270.8543651000364,270.8543651000364,271.37208200001623,x,1,0.5017065000138246,None,,,,,,,,,,,,,,,555,001,2025-10-02_16h29.54.576,Motor_sequence_exp,,2025.1.1,59.9087230510383,2025-10-02 16h30.02.859927 +0530,
150,v,109,1,27,v,1,0.6441249999916181,None,,,,,27,1,109,1,,,,,271.3872005000012,,271.3725048000342,271.3872005000012,272.371873600001,272.371873600001,272.371873600001,272.371873600001,272.38833200000226,273.3722470999928,273.3722470999928,274.021267300006,v,1,0.6441249999916181,None,,,,,,,,,,,,,,,555,001,2025-10-02_16h29.54.576,Motor_sequence_exp,,2025.1.1,59.9087230510383,2025-10-02 16h30.02.859927 +0530,
50,c,110,2,27,c,1,0.5641084000235423,None,,,,,27,2,110,2,,,,,274.03720419999445,,274.02170209999895,274.03720419999445,275.02207440003986,275.02207440003986,275.02207440003986,275.02207440003986,275.03715889999876,276.0222425000393,276.0222425000393,276.58897330000764,c,1,0.5641084000235423,None,,,,,,,,,,,,,,,555,001,2025-10-02_16h29.54.576,Motor_sequence_exp,,2025.1.1,59.9087230510383,2025-10-02 16h30.02.859927 +0530,
-150,z,111,3,27,z,1,0.2485065000364557,None,,,,,27,3,111,3,,,,,276.60484350001207,,276.58944050001446,276.60484350001207,277.5888601000188,277.5888601000188,277.5888601000188,277.5888601000188,277.6045233000186,278.5882988999947,278.5882988999947,278.8395690000034,z,1,0.2485065000364557,None,,,,,,,,,,,,,,,555,001,2025-10-02_16h29.54.576,Motor_sequence_exp,,2025.1.1,59.9087230510383,2025-10-02 16h30.02.859927 +0530,
-50,x,112,0,28,x,1,0.46479050000198185,None,,,,,28,0,112,0,,,,,278.85398379998514,,278.8399897000054,278.85398379998514,279.8432987999986,279.8432987999986,279.8432987999986,279.8432987999986,279.85318430000916,280.85559310001554,280.85559310001554,281.32294340000954,x,1,0.46479050000198185,None,,,,,,,,,,,,,,,555,001,2025-10-02_16h29.54.576,Motor_sequence_exp,,2025.1.1,59.9087230510383,2025-10-02 16h30.02.859927 +0530,
150,v,113,1,28,v,1,0.3109592000255361,None,,,,,28,1,113,1,,,,,281.3375783000374,,281.3234600999858,281.3375783000374,282.33902529999614,282.33902529999614,282.33902529999614,282.33902529999614,282.33902529999614,283.32070540002314,283.32070540002314,283.6385612000013,v,1,0.3109592000255361,None,,,,,,,,,,,,,,,555,001,2025-10-02_16h29.54.576,Motor_sequence_exp,,2025.1.1,59.9087230510383,2025-10-02 16h30.02.859927 +0530,
50,c,114,2,28,c,1,0.3476714999997057,None,,,,,28,2,114,2,,,,,283.65383259998634,,283.6389860000345,283.65383259998634,284.6394514000276,284.6394514000276,284.6394514000276,284.6394514000276,284.65580130001763,285.6393175999983,285.6393175999983,285.9895717999898,c,1,0.3476714999997057,None,,,,,,,,,,,,,,,555,001,2025-10-02_16h29.54.576,Motor_sequence_exp,,2025.1.1,59.9087230510383,2025-10-02 16h30.02.859927 +0530,
-150,z,115,3,28,z,1,0.7416607000050135,None,,,,,28,3,115,3,,,,,286.0045898000244,,285.99004639999475,286.0045898000244,287.00563030003104,287.00563030003104,287.00563030003104,287.00563030003104,287.00563030003104,287.98866820003605,287.98866820003605,288.73980789998313,z,1,0.7416607000050135,None,,,,,,,,,,,,,,,555,001,2025-10-02_16h29.54.576,Motor_sequence_exp,,2025.1.1,59.9087230510383,2025-10-02 16h30.02.859927 +0530,
-50,x,116,0,29,x,1,0.3358236000058241,None,,,,,29,0,116,0,,,,,288.7547098000068,,288.74037060001865,288.7547098000068,289.73865030001616,289.73865030001616,289.73865030001616,289.73865030001616,289.75515839998843,290.7386700999923,290.7386700999923,291.08908920001704,x,1,0.3358236000058241,None,,,,,,,,,,,,,,,555,001,2025-10-02_16h29.54.576,Motor_sequence_exp,,2025.1.1,59.9087230510383,2025-10-02 16h30.02.859927 +0530,
150,v,117,1,29,v,1,0.3494339999742806,None,,,,,29,1,117,1,,,,,291.105613599997,,291.0896303000045,291.105613599997,292.0886664999998,292.0886664999998,292.0886664999998,292.0886664999998,292.10470120003447,293.0888022999861,293.0888022999861,293.4393097999855,v,1,0.3494339999742806,None,,,,,,,,,,,,,,,555,001,2025-10-02_16h29.54.576,Motor_sequence_exp,,2025.1.1,59.9087230510383,2025-10-02 16h30.02.859927 +0530,
50,c,118,2,29,c,1,0.2975690000457689,None,,,,,29,2,118,2,,,,,293.45477499999106,,293.43970340001397,293.45477499999106,294.43930790002923,294.43930790002923,294.43930790002923,294.43930790002923,294.4561252000276,295.4392622000305,295.4392622000305,295.73898020002525,c,1,0.2975690000457689,None,,,,,,,,,,,,,,,555,001,2025-10-02_16h29.54.576,Motor_sequence_exp,,2025.1.1,59.9087230510383,2025-10-02 16h30.02.859927 +0530,
-150,z,119,3,29,z,1,0.5608183000003919,None,,,,,29,3,119,3,,,,,295.75431540003046,,295.7394318000297,295.75431540003046,296.7388595000375,296.7388595000375,296.7388595000375,296.7388595000375,296.7555325999856,297.7392811999889,297.7392811999889,298.30486720002955,z,1,0.5608183000003919,None,,,,,,,,,,,,,,,555,001,2025-10-02_16h29.54.576,Motor_sequence_exp,,2025.1.1,59.9087230510383,2025-10-02 16h30.02.859927 +0530,
-50,x,120,0,30,x,1,0.3172428000252694,None,,,,,30,0,120,0,,,,,298.32103190000635,,298.3052905999939,298.32103190000635,299.3057848000317,299.3057848000317,299.3057848000317,299.3057848000317,299.3229791999911,300.3059878000058,300.3059878000058,300.6389821000048,x,1,0.3172428000252694,None,,,,,,,,,,,,,,,555,001,2025-10-02_16h29.54.576,Motor_sequence_exp,,2025.1.1,59.9087230510383,2025-10-02 16h30.02.859927 +0530,
150,v,121,1,30,v,1,0.3512982999673113,None,,,,,30,1,121,1,,,,,300.65392730000895,,300.6394020000007,300.65392730000895,301.63863140001195,301.63863140001195,301.63863140001195,301.63863140001195,301.65559270000085,302.6372307999991,302.6372307999991,303.00571150000906,v,1,0.3512982999673113,None,,,,,,,,,,,,,,,555,001,2025-10-02_16h29.54.576,Motor_sequence_exp,,2025.1.1,59.9087230510383,2025-10-02 16h30.02.859927 +0530,
50,c,122,2,30,c,1,0.7252196000190452,None,,,,,30,2,122,2,,,,,303.0223004000145,,303.00611050002044,303.0223004000145,304.0053367000073,304.0053367000073,304.0053367000073,304.0053367000073,304.02293600002304,305.0063075000071,305.0063075000071,305.7402058999869,c,1,0.7252196000190452,None,,,,,,,,,,,,,,,555,001,2025-10-02_16h29.54.576,Motor_sequence_exp,,2025.1.1,59.9087230510383,2025-10-02 16h30.02.859927 +0530,
-150,z,123,3,30,z,1,0.7675653999904171,None,,,,,30,3,123,3,,,,,305.7543716999935,,305.74065699998755,305.7543716999935,306.7389037000248,306.7389037000248,306.7389037000248,306.7389037000248,306.7549053999828,307.7557574000093,307.7557574000093,308.54018320003524,z,1,0.7675653999904171,None,,,,,,,,,,,,,,,555,001,2025-10-02_16h29.54.576,Motor_sequence_exp,,2025.1.1,59.9087230510383,2025-10-02 16h30.02.859927 +0530,
-50,x,124,0,31,x,1,0.4361355000291951,None,,,,,31,0,124,0,,,,,308.5547634999966,,308.54082950000884,308.5547634999966,309.55478390003555,309.55478390003555,309.55478390003555,309.55478390003555,309.55478390003555,310.5554782000254,310.5554782000254,311.00629799999297,x,1,0.4361355000291951,None,,,,,,,,,,,,,,,555,001,2025-10-02_16h29.54.576,Motor_sequence_exp,,2025.1.1,59.9087230510383,2025-10-02 16h30.02.859927 +0530,
150,v,125,1,31,v,1,0.37084569997387007,None,,,,,31,1,125,1,,,,,311.02082840004005,,311.0067512000096,311.02082840004005,312.0057800000068,312.0057800000068,312.0057800000068,312.0057800000068,312.0230986000388,313.0050702000153,313.0050702000153,313.3889804999926,v,1,0.37084569997387007,None,,,,,,,,,,,,,,,555,001,2025-10-02_16h29.54.576,Motor_sequence_exp,,2025.1.1,59.9087230510383,2025-10-02 16h30.02.859927 +0530,
50,c,126,2,31,c,1,0.34106760000577196,None,,,,,31,2,126,2,,,,,313.40444579999894,,313.3894113000133,313.40444579999894,314.38915810000617,314.38915810000617,314.38915810000617,314.38915810000617,314.4061364000081,315.3879387000343,315.3879387000343,315.7404353999882,c,1,0.34106760000577196,None,,,,,,,,,,,,,,,555,001,2025-10-02_16h29.54.576,Motor_sequence_exp,,2025.1.1,59.9087230510383,2025-10-02 16h30.02.859927 +0530,
-150,z,127,3,31,z,1,0.22129290003795177,None,,,,,31,3,127,3,,,,,315.75440730003174,,315.7411981000332,315.75440730003174,316.75513460004004,316.75513460004004,316.75513460004004,316.75513460004004,316.75513460004004,317.7556905000238,317.7556905000238,317.9901436000364,z,1,0.22129290003795177,None,,,,,,,,,,,,,,,555,001,2025-10-02_16h29.54.576,Motor_sequence_exp,,2025.1.1,59.9087230510383,2025-10-02 16h30.02.859927 +0530,
-50,x,128,0,32,x,1,0.11105860001407564,None,,,,,32,0,128,0,,,,,318.00504740001634,,317.9906193999923,318.00504740001634,318.98985549999634,318.98985549999634,318.98985549999634,318.98985549999634,319.0062437999877,319.9888271000236,319.9888271000236,320.1075098000001,x,1,0.11105860001407564,None,,,,,,,,,,,,,,,555,001,2025-10-02_16h29.54.576,Motor_sequence_exp,,2025.1.1,59.9087230510383,2025-10-02 16h30.02.859927 +0530,
150,v,129,1,32,v,1,0.24419110000599176,None,,,,,32,1,129,1,,,,,320.1217412999831,,320.10814979998395,320.1217412999831,321.12245690001873,321.12245690001873,321.12245690001873,321.12245690001873,321.12245690001873,322.12288889999036,322.12288889999036,322.373512900027,v,1,0.24419110000599176,None,,,,,,,,,,,,,,,555,001,2025-10-02_16h29.54.576,Motor_sequence_exp,,2025.1.1,59.9087230510383,2025-10-02 16h30.02.859927 +0530,
50,c,130,2,32,c,1,0.25951429997803643,None,,,,,32,2,130,2,,,,,322.3884523999877,,322.37397740001325,322.3884523999877,323.38966109999456,323.38966109999456,323.38966109999456,323.38966109999456,323.38966109999456,324.3711922999937,324.3711922999937,324.64040189998923,c,1,0.25951429997803643,None,,,,,,,,,,,,,,,555,001,2025-10-02_16h29.54.576,Motor_sequence_exp,,2025.1.1,59.9087230510383,2025-10-02 16h30.02.859927 +0530,
-150,z,131,3,32,z,1,0.2463570000254549,None,,,,,32,3,131,3,,,,,324.6545278999838,,324.6408608999918,324.6545278999838,325.6566965000238,325.6566965000238,325.6566965000238,325.6566965000238,325.6566965000238,326.65631380002014,326.65631380002014,326.9069116000319,z,1,0.2463570000254549,None,,,,,,,,,,,,,,,555,001,2025-10-02_16h29.54.576,Motor_sequence_exp,,2025.1.1,59.9087230510383,2025-10-02 16h30.02.859927 +0530,
-50,x,132,0,33,x,1,0.2948503000079654,None,,,,,33,0,132,0,,,,,326.92108910001116,,326.90740510000614,326.92108910001116,327.9230736999889,327.9230736999889,327.9230736999889,327.9230736999889,327.9230736999889,328.9226576000219,328.9226576000219,329.22264890000224,x,1,0.2948503000079654,None,,,,,,,,,,,,,,,555,001,2025-10-02_16h29.54.576,Motor_sequence_exp,,2025.1.1,59.9087230510383,2025-10-02 16h30.02.859927 +0530,
150,v,133,1,33,v,1,0.3033382000285201,None,,,,,33,1,133,1,,,,,329.23872510000365,,329.22305530001177,329.23872510000365,330.2228787000058,330.2228787000058,330.2228787000058,330.2228787000058,330.23850650002714,331.222928400035,331.222928400035,331.5397011000314,v,1,0.3033382000285201,None,,,,,,,,,,,,,,,555,001,2025-10-02_16h29.54.576,Motor_sequence_exp,,2025.1.1,59.9087230510383,2025-10-02 16h30.02.859927 +0530,
50,c,134,2,33,c,1,0.3188367999973707,None,,,,,33,2,134,2,,,,,331.5554078000132,,331.5403399000061,331.5554078000132,332.5558906000224,332.5558906000224,332.5558906000224,332.5558906000224,332.5558906000224,333.53832370002056,333.53832370002056,333.872354799998,c,1,0.3188367999973707,None,,,,,,,,,,,,,,,555,001,2025-10-02_16h29.54.576,Motor_sequence_exp,,2025.1.1,59.9087230510383,2025-10-02 16h30.02.859927 +0530,
-150,z,135,3,33,z,1,0.3517011000076309,None,,,,,33,3,135,3,,,,,333.8894605000387,,333.87275229999796,333.8894605000387,334.8724543999997,334.8724543999997,334.8724543999997,334.8724543999997,334.88888520002365,335.87354430003325,335.87354430003325,336.23994080000557,z,1,0.3517011000076309,None,,,,,,,,,,,,,,,555,001,2025-10-02_16h29.54.576,Motor_sequence_exp,,2025.1.1,59.9087230510383,2025-10-02 16h30.02.859927 +0530,
-50,x,136,0,34,x,1,0.4058004000107758,None,,,,,34,0,136,0,,,,,336.25529080000706,,336.24040170002263,336.25529080000706,337.23985110002104,337.23985110002104,337.23985110002104,337.23985110002104,337.25672130001476,338.23993620002875,338.23993620002875,338.65563930000644,x,1,0.4058004000107758,None,,,,,,,,,,,,,,,555,001,2025-10-02_16h29.54.576,Motor_sequence_exp,,2025.1.1,59.9087230510383,2025-10-02 16h30.02.859927 +0530,
150,v,137,1,34,v,1,0.3726485000224784,None,,,,,34,1,137,1,,,,,338.6728524999926,,338.65610469999956,338.6728524999926,339.6565649000113,339.6565649000113,339.6565649000113,339.6565649000113,339.6726889000274,340.6565437000245,340.6565437000245,341.04045050003333,v,1,0.3726485000224784,None,,,,,,,,,,,,,,,555,001,2025-10-02_16h29.54.576,Motor_sequence_exp,,2025.1.1,59.9087230510383,2025-10-02 16h30.02.859927 +0530,
50,c,138,2,34,c,1,0.3257916999864392,None,,,,,34,2,138,2,,,,,341.05562659999123,,341.0408989000134,341.05562659999123,342.05672350001987,342.05672350001987,342.05672350001987,342.05672350001987,342.05672350001987,343.05666070000734,343.05666070000734,343.38823290000437,c,1,0.3257916999864392,None,,,,,,,,,,,,,,,555,001,2025-10-02_16h29.54.576,Motor_sequence_exp,,2025.1.1,59.9087230510383,2025-10-02 16h30.02.859927 +0530,
-150,z,139,3,34,z,1,0.27912979997927323,None,,,,,34,3,139,3,,,,,343.4049624000327,,343.38864720001584,343.4049624000327,344.38975690002553,344.38975690002553,344.38975690002553,344.38975690002553,344.40675900003407,345.38894989999244,345.38894989999244,345.6739302999922,z,1,0.27912979997927323,None,,,,,,,,,,,,,,,555,001,2025-10-02_16h29.54.576,Motor_sequence_exp,,2025.1.1,59.9087230510383,2025-10-02 16h30.02.859927 +0530,
-50,x,140,0,35,x,1,0.3249995999503881,None,,,,,35,0,140,0,,,,,345.688495600014,,345.674547200033,345.688495600014,346.6720108999871,346.6720108999871,346.6720108999871,346.6720108999871,346.6893393000355,347.67301120003685,347.67301120003685,348.0065538000199,x,1,0.3249995999503881,None,,,,,,,,,,,,,,,555,001,2025-10-02_16h29.54.576,Motor_sequence_exp,,2025.1.1,59.9087230510383,2025-10-02 16h30.02.859927 +0530,
150,v,141,1,35,v,1,0.3115032999776304,None,,,,,35,1,141,1,,,,,348.0222894999897,,348.0070252000005,348.0222894999897,349.00665840000147,349.00665840000147,349.00665840000147,349.00665840000147,349.0232499000267,350.0056852999842,350.0056852999842,350.3223921000026,v,1,0.3115032999776304,None,,,,,,,,,,,,,,,555,001,2025-10-02_16h29.54.576,Motor_sequence_exp,,2025.1.1,59.9087230510383,2025-10-02 16h30.02.859927 +0530,
50,c,142,2,35,c,1,0.3002223999937996,None,,,,,35,2,142,2,,,,,350.3395791000221,,350.3227945000399,350.3395791000221,351.3230894000153,351.3230894000153,351.3230894000153,351.3230894000153,351.3396522999974,352.323532600014,352.323532600014,352.6396718000178,c,1,0.3002223999937996,None,,,,,,,,,,,,,,,555,001,2025-10-02_16h29.54.576,Motor_sequence_exp,,2025.1.1,59.9087230510383,2025-10-02 16h30.02.859927 +0530,
-150,z,143,3,35,z,1,0.29690900002606213,None,,,,,35,3,143,3,,,,,352.6567879000213,,352.6400900000008,352.6567879000213,353.639997899998,353.639997899998,353.639997899998,353.639997899998,353.6569285999867,354.6398200999829,354.6398200999829,354.9407436000183,z,1,0.29690900002606213,None,,,,,,,,,,,,,,,555,001,2025-10-02_16h29.54.576,Motor_sequence_exp,,2025.1.1,59.9087230510383,2025-10-02 16h30.02.859927 +0530,
-50,x,144,0,36,x,1,0.26453919999767095,None,,,,,36,0,144,0,,,,,354.9557480000076,,354.94119219999993,354.9557480000076,355.9390857000253,355.9390857000253,355.9390857000253,355.9390857000253,355.9567693999852,356.94012929999735,356.94012929999735,357.20754060003674,x,1,0.26453919999767095,None,,,,,,,,,,,,,,,555,001,2025-10-02_16h29.54.576,Motor_sequence_exp,,2025.1.1,59.9087230510383,2025-10-02 16h30.02.859927 +0530,
150,v,145,1,36,v,1,0.29604720004135743,None,,,,,36,1,145,1,,,,,357.22172450000653,,357.20798690000083,357.22172450000653,358.2061342000379,358.2061342000379,358.2061342000379,358.2061342000379,358.2227852999931,359.22174980002455,359.22174980002455,359.5236520000035,v,1,0.29604720004135743,None,,,,,,,,,,,,,,,555,001,2025-10-02_16h29.54.576,Motor_sequence_exp,,2025.1.1,59.9087230510383,2025-10-02 16h30.02.859927 +0530,
50,c,146,2,36,c,1,0.3886968999868259,None,,,,,36,2,146,2,,,,,359.53843389998656,,359.52410620002775,359.53843389998656,360.53915959998267,360.53915959998267,360.53915959998267,360.53915959998267,360.53915959998267,361.5236265999847,361.5236265999847,361.9231637000339,c,1,0.3886968999868259,None,,,,,,,,,,,,,,,555,001,2025-10-02_16h29.54.576,Motor_sequence_exp,,2025.1.1,59.9087230510383,2025-10-02 16h30.02.859927 +0530,
-150,z,147,3,36,z,1,0.2307392000220716,None,,,,,36,3,147,3,,,,,361.9383087999886,,361.92356720002135,361.9383087999886,362.9230075000087,362.9230075000087,362.9230075000087,362.9230075000087,362.9403643999831,363.923520500015,363.923520500015,364.1578823000309,z,1,0.2307392000220716,None,,,,,,,,,,,,,,,555,001,2025-10-02_16h29.54.576,Motor_sequence_exp,,2025.1.1,59.9087230510383,2025-10-02 16h30.02.859927 +0530,
-50,x,148,0,37,x,1,0.4298448000336066,None,,,,,37,0,148,0,,,,,364.1724046000163,,364.1583066000021,364.1724046000163,365.17153440002585,365.17153440002585,365.17153440002585,365.17153440002585,365.17153440002585,366.1735741000157,366.1735741000157,366.60673790000146,x,1,0.4298448000336066,None,,,,,,,,,,,,,,,555,001,2025-10-02_16h29.54.576,Motor_sequence_exp,,2025.1.1,59.9087230510383,2025-10-02 16h30.02.859927 +0530,
150,v,149,1,37,v,1,0.31024010002147406,None,,,,,37,1,149,1,,,,,366.622200599988,,366.6071401000372,366.622200599988,367.6066225999966,367.6066225999966,367.6066225999966,367.6066225999966,367.6234071000363,368.60704400000395,368.60704400000395,368.9245047000004,v,1,0.31024010002147406,None,,,,,,,,,,,,,,,555,001,2025-10-02_16h29.54.576,Motor_sequence_exp,,2025.1.1,59.9087230510383,2025-10-02 16h30.02.859927 +0530,
50,c,150,2,37,c,1,0.30458870000438765,None,,,,,37,2,150,2,,,,,368.9388120000367,,368.9251460999949,368.9388120000367,369.94000770000275,369.94000770000275,369.94000770000275,369.94000770000275,369.94000770000275,370.9236537000397,370.9236537000397,371.2403871000279,c,1,0.30458870000438765,None,,,,,,,,,,,,,,,555,001,2025-10-02_16h29.54.576,Motor_sequence_exp,,2025.1.1,59.9087230510383,2025-10-02 16h30.02.859927 +0530,
-150,z,151,3,37,z,1,0.2624394000158645,None,,,,,37,3,151,3,,,,,371.2560089000035,,371.24084480002057,371.2560089000035,372.23963840003125,372.23963840003125,372.23963840003125,372.23963840003125,372.2564330000314,373.2397361000185,373.2397361000185,373.507442000031,z,1,0.2624394000158645,None,,,,,,,,,,,,,,,555,001,2025-10-02_16h29.54.576,Motor_sequence_exp,,2025.1.1,59.9087230510383,2025-10-02 16h30.02.859927 +0530,
-50,x,152,0,38,x,1,0.3465136999730021,None,,,,,38,0,152,0,,,,,373.52188970003044,,373.5080553999869,373.52188970003044,374.5070591000258,374.5070591000258,374.5070591000258,374.5070591000258,374.52361979999114,375.5222742999904,375.5222742999904,375.87338750000345,x,1,0.3465136999730021,None,,,,,,,,,,,,,,,555,001,2025-10-02_16h29.54.576,Motor_sequence_exp,,2025.1.1,59.9087230510383,2025-10-02 16h30.02.859927 +0530,
150,v,153,1,38,v,1,0.7254873000201769,None,,,,,38,1,153,1,,,,,375.88934860000154,,375.8738785000169,375.88934860000154,376.8738454999984,376.8738454999984,376.8738454999984,376.8738454999984,376.89029449998634,377.8722490000073,377.8722490000073,378.60710560000734,v,1,0.7254873000201769,None,,,,,,,,,,,,,,,555,001,2025-10-02_16h29.54.576,Motor_sequence_exp,,2025.1.1,59.9087230510383,2025-10-02 16h30.02.859927 +0530,
50,c,154,2,38,c,1,0.619632999994792,None,,,,,38,2,154,2,,,,,378.6223103000084,,378.60768559999997,378.6223103000084,379.6070698000258,379.6070698000258,379.6070698000258,379.6070698000258,379.623717200011,380.62186830001883,380.62186830001883,381.2576580999885,c,1,0.619632999994792,None,,,,,,,,,,,,,,,555,001,2025-10-02_16h29.54.576,Motor_sequence_exp,,2025.1.1,59.9087230510383,2025-10-02 16h30.02.859927 +0530,
-150,z,155,3,38,z,1,0.3259507000329904,None,,,,,38,3,155,3,,,,,381.27274809998926,,381.2582911000354,381.27274809998926,382.25702319998527,382.25702319998527,382.25702319998527,382.25702319998527,382.27425419999054,383.2728365000221,383.2728365000221,383.6070507999975,z,1,0.3259507000329904,None,,,,,,,,,,,,,,,555,001,2025-10-02_16h29.54.576,Motor_sequence_exp,,2025.1.1,59.9087230510383,2025-10-02 16h30.02.859927 +0530,
-50,x,156,0,39,x,1,0.4663268000003882,None,,,,,39,0,156,0,,,,,383.6222410000046,,383.60744560003513,383.6222410000046,384.60720229998697,384.60720229998697,384.60720229998697,384.60720229998697,384.62362989998655,385.60761430003913,385.60761430003913,386.0904179000063,x,1,0.4663268000003882,None,,,,,,,,,,,,,,,555,001,2025-10-02_16h29.54.576,Motor_sequence_exp,,2025.1.1,59.9087230510383,2025-10-02 16h30.02.859927 +0530,
150,v,157,1,39,v,1,0.8138506999821402,None,,,,,39,1,157,1,,,,,386.1054819999845,,386.09081510000397,386.1054819999845,387.0903578000143,387.0903578000143,387.0903578000143,387.0903578000143,387.105734199984,388.09038559999317,388.09038559999317,388.9079434000305,v,1,0.8138506999821402,None,,,,,,,,,,,,,,,555,001,2025-10-02_16h29.54.576,Motor_sequence_exp,,2025.1.1,59.9087230510383,2025-10-02 16h30.02.859927 +0530,
50,c,158,2,39,c,1,0.880124400020577,None,,,,,39,2,158,2,,,,,388.92286940000486,,388.9083910000045,388.92286940000486,389.9230341000366,389.9230341000366,389.9230341000366,389.9230341000366,389.9230341000366,390.90719530003844,390.90719530003844,391.79037569998764,c,1,0.880124400020577,None,,,,,,,,,,,,,,,555,001,2025-10-02_16h29.54.576,Motor_sequence_exp,,2025.1.1,59.9087230510383,2025-10-02 16h30.02.859927 +0530,
-150,z,159,3,39,z,1,0.8420985999982804,None,,,,,39,3,159,3,,,,,391.8059487999999,,391.7909576999955,391.8059487999999,392.79006989998743,392.79006989998743,392.79006989998743,392.79006989998743,392.80739810003433,393.7900423000101,393.7900423000101,394.6414181999862,z,1,0.8420985999982804,None,,,,,,,,,,,,,,,555,001,2025-10-02_16h29.54.576,Motor_sequence_exp,,2025.1.1,59.9087230510383,2025-10-02 16h30.02.859927 +0530,
-50,x,160,0,40,x,1,0.24242409999715164,None,,,,,40,0,160,0,,,,,394.6562180999899,,394.64203719998477,394.6562180999899,395.6408113000216,395.6408113000216,395.6408113000216,395.6408113000216,395.6573272999958,396.6562453000224,396.6562453000224,396.9087725999998,x,1,0.24242409999715164,None,,,,,,,,,,,,,,,555,001,2025-10-02_16h29.54.576,Motor_sequence_exp,,2025.1.1,59.9087230510383,2025-10-02 16h30.02.859927 +0530,
150,v,161,1,40,v,1,0.7421705000451766,None,,,,,40,1,161,1,,,,,396.92242910002824,,396.90935219998937,396.92242910002824,397.92405259999214,397.92405259999214,397.92405259999214,397.92405259999214,397.92405259999214,398.92379999998957,398.92379999998957,399.6750058000325,v,1,0.7421705000451766,None,,,,,,,,,,,,,,,555,001,2025-10-02_16h29.54.576,Motor_sequence_exp,,2025.1.1,59.9087230510383,2025-10-02 16h30.02.859927 +0530,
50,c,162,2,40,c,1,0.7690442000166513,None,,,,,40,2,162,2,,,,,399.6896479999996,,399.6754508999875,399.6896479999996,400.69073159998516,400.69073159998516,400.69073159998516,400.69073159998516,400.69073159998516,401.690759900026,401.690759900026,402.47375370003283,c,1,0.7690442000166513,None,,,,,,,,,,,,,,,555,001,2025-10-02_16h29.54.576,Motor_sequence_exp,,2025.1.1,59.9087230510383,2025-10-02 16h30.02.859927 +0530,
-150,z,163,3,40,z,1,0.27662019996205345,None,,,,,40,3,163,3,,,,,402.4919408999849,,402.4741515000351,402.4919408999849,403.47401080001146,403.47401080001146,403.47401080001146,403.47401080001146,403.50749540003017,404.47424730000785,404.47424730000785,404.75671250000596,z,1,0.27662019996205345,None,,,,,,,,,,,,,,,555,001,2025-10-02_16h29.54.576,Motor_sequence_exp,,2025.1.1,59.9087230510383,2025-10-02 16h30.02.859927 +0530,
-50,x,164,0,41,x,1,0.23450669995509088,None,,,,,41,0,164,0,,,,,404.77293000003556,,404.75715830002446,404.77293000003556,405.7568506000098,405.7568506000098,405.7568506000098,405.7568506000098,405.7731195000233,406.75757409998914,406.75757409998914,407.00861830002395,x,1,0.23450669995509088,None,,,,,,,,,,,,,,,555,001,2025-10-02_16h29.54.576,Motor_sequence_exp,,2025.1.1,59.9087230510383,2025-10-02 16h30.02.859927 +0530,
150,v,165,1,41,v,1,0.2565669000032358,None,,,,,41,1,165,1,,,,,407.0234181000269,,407.00926950003486,407.0234181000269,408.0242777999956,408.0242777999956,408.0242777999956,408.0242777999956,408.0242777999956,409.0074986999971,409.0074986999971,409.2746965000406,v,1,0.2565669000032358,None,,,,,,,,,,,,,,,555,001,2025-10-02_16h29.54.576,Motor_sequence_exp,,2025.1.1,59.9087230510383,2025-10-02 16h30.02.859927 +0530,
50,c,166,2,41,x,0,0.8084916999796405,None,,,,,41,2,166,2,,,,,409.2905228000018,,409.27509350003675,409.2905228000018,410.2745389000047,410.2745389000047,410.2745389000047,410.2745389000047,410.2902506000246,411.27321439998923,411.27321439998923,412.0910028000362,x,0,0.8084916999796405,None,,,,,,,,,,,,,,,555,001,2025-10-02_16h29.54.576,Motor_sequence_exp,,2025.1.1,59.9087230510383,2025-10-02 16h30.02.859927 +0530,
-150,z,167,3,41,z,1,0.3848092000116594,None,,,,,41,3,167,3,,,,,412.10651459998917,,412.0915190000087,412.10651459998917,413.09051320003346,413.09051320003346,413.09051320003346,413.09051320003346,413.1073794999975,414.10782969999127,414.10782969999127,414.50891660002526,z,1,0.3848092000116594,None,,,,,,,,,,,,,,,555,001,2025-10-02_16h29.54.576,Motor_sequence_exp,,2025.1.1,59.9087230510383,2025-10-02 16h30.02.859927 +0530,
-50,x,168,0,42,x,1,0.2252450999803841,None,,,,,42,0,168,0,,,,,414.5230169999995,,414.5095321999979,414.5230169999995,415.52263120003045,415.52263120003045,415.52263120003045,415.52263120003045,415.52263120003045,416.522691900027,416.522691900027,416.7575553000206,x,1,0.2252450999803841,None,,,,,,,,,,,,,,,555,001,2025-10-02_16h29.54.576,Motor_sequence_exp,,2025.1.1,59.9087230510383,2025-10-02 16h30.02.859927 +0530,
150,v,169,1,42,v,1,0.28266359999543056,None,,,,,42,1,169,1,,,,,416.773343799985,,416.75819660001434,416.773343799985,417.75795030000154,417.75795030000154,417.75795030000154,417.75795030000154,417.77443220000714,418.75711250002496,418.75711250002496,419.0417926000082,v,1,0.28266359999543056,None,,,,,,,,,,,,,,,555,001,2025-10-02_16h29.54.576,Motor_sequence_exp,,2025.1.1,59.9087230510383,2025-10-02 16h30.02.859927 +0530,
50,c,170,2,42,c,1,0.8881154000409879,None,,,,,42,2,170,2,,,,,419.05649039999116,,419.04218630003743,419.05649039999116,420.05709720001323,420.05709720001323,420.05709720001323,420.05709720001323,420.05709720001323,421.0411078000325,421.0411078000325,421.9420613999828,c,1,0.8881154000409879,None,,,,,,,,,,,,,,,555,001,2025-10-02_16h29.54.576,Motor_sequence_exp,,2025.1.1,59.9087230510383,2025-10-02 16h30.02.859927 +0530,
-150,z,171,3,42,z,1,0.5918839999940246,None,,,,,42,3,171,3,,,,,421.95615889999317,,421.9425084000104,421.95615889999317,422.9577836000244,422.9577836000244,422.9577836000244,422.9577836000244,422.9577836000244,423.9578838000307,423.9578838000307,424.55778199998895,z,1,0.5918839999940246,None,,,,,,,,,,,,,,,555,001,2025-10-02_16h29.54.576,Motor_sequence_exp,,2025.1.1,59.9087230510383,2025-10-02 16h30.02.859927 +0530,
-50,x,172,0,43,x,1,0.6982032000087202,None,,,,,43,0,172,0,,,,,424.5740024999832,,424.5581875999924,424.5740024999832,425.5743536000373,425.5743536000373,425.5743536000373,425.5743536000373,425.5914567,426.557961500017,426.557961500017,427.2579030999914,x,1,0.6982032000087202,None,,,,,,,,,,,,,,,555,001,2025-10-02_16h29.54.576,Motor_sequence_exp,,2025.1.1,59.9087230510383,2025-10-02 16h30.02.859927 +0530,
150,v,173,1,43,v,1,0.7859400000306778,None,,,,,43,1,173,1,,,,,427.2736853000242,,427.25830059999134,427.2736853000242,428.2575361999916,428.2575361999916,428.2575361999916,428.2575361999916,428.27443350001704,429.2746871000272,429.2746871000272,430.07382719998714,v,1,0.7859400000306778,None,,,,,,,,,,,,,,,555,001,2025-10-02_16h29.54.576,Motor_sequence_exp,,2025.1.1,59.9087230510383,2025-10-02 16h30.02.859927 +0530,
50,c,174,2,43,c,1,0.9195425999932922,None,,,,,43,2,174,2,,,,,430.0909692000132,,430.0742648000014,430.0909692000132,431.07413299998734,431.07413299998734,431.07413299998734,431.07413299998734,431.09099779999815,432.07448950002436,432.07448950002436,433.00840280001285,c,1,0.9195425999932922,None,,,,,,,,,,,,,,,555,001,2025-10-02_16h29.54.576,Motor_sequence_exp,,2025.1.1,59.9087230510383,2025-10-02 16h30.02.859927 +0530,
-150,z,175,3,43,z,1,0.8608008000301197,None,,,,,43,3,175,3,,,,,433.0241889000172,,433.0088528000051,433.0241889000172,434.0247729999828,434.0247729999828,434.0247729999828,434.0247729999828,434.0247729999828,435.0078004000243,435.0078004000243,435.87423560000025,z,1,0.8608008000301197,None,,,,,,,,,,,,,,,555,001,2025-10-02_16h29.54.576,Motor_sequence_exp,,2025.1.1,59.9087230510383,2025-10-02 16h30.02.859927 +0530,
-50,x,176,0,44,x,1,0.22708340000826865,None,,,,,44,0,176,0,,,,,435.8896194000263,,435.87469790002797,435.8896194000263,436.8748687999905,436.8748687999905,436.8748687999905,436.8748687999905,436.8904329999932,437.87444959999993,437.87444959999993,438.1092011000146,x,1,0.22708340000826865,None,,,,,,,,,,,,,,,555,001,2025-10-02_16h29.54.576,Motor_sequence_exp,,2025.1.1,59.9087230510383,2025-10-02 16h30.02.859927 +0530,
150,v,177,1,44,v,1,0.2670125000295229,None,,,,,44,1,177,1,,,,,438.12307080003666,,438.10965380002744,438.12307080003666,439.12467490002746,439.12467490002746,439.12467490002746,439.12467490002746,439.12467490002746,440.1076410000096,440.1076410000096,440.3903621000354,v,1,0.2670125000295229,None,,,,,,,,,,,,,,,555,001,2025-10-02_16h29.54.576,Motor_sequence_exp,,2025.1.1,59.9087230510383,2025-10-02 16h30.02.859927 +0530,
50,c,178,2,44,c,1,0.2417719000368379,None,,,,,44,2,178,2,,,,,440.40693860000465,,440.39091150002787,440.40693860000465,441.39156459999504,441.39156459999504,441.39156459999504,441.39156459999504,441.4081809000345,442.39080829999875,442.39080829999875,442.6429782999912,c,1,0.2417719000368379,None,,,,,,,,,,,,,,,555,001,2025-10-02_16h29.54.576,Motor_sequence_exp,,2025.1.1,59.9087230510383,2025-10-02 16h30.02.859927 +0530,
-150,z,179,3,44,z,1,0.3042418999830261,None,,,,,44,3,179,3,,,,,442.6570970999892,,442.6434547000099,442.6570970999892,443.6578645000118,443.6578645000118,443.6578645000118,443.6578645000118,443.6578645000118,444.65767290000804,444.65767290000804,444.9740337000112,z,1,0.3042418999830261,None,,,,,,,,,,,,,,,555,001,2025-10-02_16h29.54.576,Motor_sequence_exp,,2025.1.1,59.9087230510383,2025-10-02 16h30.02.859927 +0530,
-50,x,180,0,45,x,1,0.4899602000368759,None,,,,,45,0,180,0,,,,,444.9902732000337,,444.9745543000172,444.9902732000337,445.97462350002024,445.97462350002024,445.97462350002024,445.97462350002024,445.99135500000557,446.9744061999954,446.9744061999954,447.47569570003543,x,1,0.4899602000368759,None,,,,,,,,,,,,,,,555,001,2025-10-02_16h29.54.576,Motor_sequence_exp,,2025.1.1,59.9087230510383,2025-10-02 16h30.02.859927 +0530,
150,v,181,1,45,v,1,0.7746326999622397,None,,,,,45,1,181,1,,,,,447.4907727999962,,447.4761662000092,447.4907727999962,448.4747875999892,448.4747875999892,448.4747875999892,448.4747875999892,448.4912173000048,449.47509439999703,449.47509439999703,450.2578616000246,v,1,0.7746326999622397,None,,,,,,,,,,,,,,,555,001,2025-10-02_16h29.54.576,Motor_sequence_exp,,2025.1.1,59.9087230510383,2025-10-02 16h30.02.859927 +0530,
50,c,182,2,45,c,1,0.9380092999781482,None,,,,,45,2,182,2,,,,,450.2740314999828,,450.258324800001,450.2740314999828,451.25816550001036,451.25816550001036,451.25816550001036,451.25816550001036,451.2745886000339,452.2745653000311,452.2745653000311,453.2252577000181,c,1,0.9380092999781482,None,,,,,,,,,,,,,,,555,001,2025-10-02_16h29.54.576,Motor_sequence_exp,,2025.1.1,59.9087230510383,2025-10-02 16h30.02.859927 +0530,
-150,z,183,3,45,z,1,0.39718339999672025,None,,,,,45,3,183,3,,,,,453.2397580000106,,453.22571369999787,453.2397580000106,454.2415850000107,454.2415850000107,454.2415850000107,454.2415850000107,454.2415850000107,455.22500119998585,455.22500119998585,455.6243747000117,z,1,0.39718339999672025,None,,,,,,,,,,,,,,,555,001,2025-10-02_16h29.54.576,Motor_sequence_exp,,2025.1.1,59.9087230510383,2025-10-02 16h30.02.859927 +0530,
-50,x,184,0,46,x,1,0.8350639999844134,None,,,,,46,0,184,0,,,,,455.64058040000964,,455.6247728000162,455.64058040000964,456.6247801000136,456.6247801000136,456.6247801000136,456.6247801000136,456.6415218000184,457.6232036000001,457.6232036000001,458.47485320002306,x,1,0.8350639999844134,None,,,,,,,,,,,,,,,555,001,2025-10-02_16h29.54.576,Motor_sequence_exp,,2025.1.1,59.9087230510383,2025-10-02 16h30.02.859927 +0530,
150,v,185,1,46,v,1,0.613873699971009,None,,,,,46,1,185,1,,,,,458.4905982000055,,458.47531170002185,458.4905982000055,459.47544439998455,459.47544439998455,459.47544439998455,459.47544439998455,459.491129800037,460.4733012000215,460.4733012000215,461.0920642000274,v,1,0.613873699971009,None,,,,,,,,,,,,,,,555,001,2025-10-02_16h29.54.576,Motor_sequence_exp,,2025.1.1,59.9087230510383,2025-10-02 16h30.02.859927 +0530,
50,c,186,2,46,c,1,0.3861354000400752,None,,,,,46,2,186,2,,,,,461.10751020000316,,461.09251500002574,461.10751020000316,462.10774669999955,462.10774669999955,462.10774669999955,462.10774669999955,462.10774669999955,463.0919946000213,463.0919946000213,463.4930076000164,c,1,0.3861354000400752,None,,,,,,,,,,,,,,,555,001,2025-10-02_16h29.54.576,Motor_sequence_exp,,2025.1.1,59.9087230510383,2025-10-02 16h30.02.859927 +0530,
-150,z,187,3,46,z,1,0.226841899973806,None,,,,,46,3,187,3,,,,,463.50737539998954,,463.4935150000383,463.50737539998954,464.50852100003976,464.50852100003976,464.50852100003976,464.50852100003976,464.50852100003976,465.49195430002874,465.49195430002874,465.7239884000155,z,1,0.226841899973806,None,,,,,,,,,,,,,,,555,001,2025-10-02_16h29.54.576,Motor_sequence_exp,,2025.1.1,59.9087230510383,2025-10-02 16h30.02.859927 +0530,
-50,x,188,0,47,x,1,0.27092460001586005,None,,,,,47,0,188,0,,,,,465.7407397000352,,465.7244560000254,465.7407397000352,466.72517200000584,466.72517200000584,466.72517200000584,466.72517200000584,466.7420723999967,467.7236534000258,467.7236534000258,468.00900050002383,x,1,0.27092460001586005,None,,,,,,,,,,,,,,,555,001,2025-10-02_16h29.54.576,Motor_sequence_exp,,2025.1.1,59.9087230510383,2025-10-02 16h30.02.859927 +0530,
150,v,189,1,47,v,1,0.2898284000111744,None,,,,,47,1,189,1,,,,,468.0244298999896,,468.0093935999903,468.0244298999896,469.0078158000251,469.0078158000251,469.0078158000251,469.0078158000251,469.0251483999891,470.0086011000094,470.0086011000094,470.3082458000281,v,1,0.2898284000111744,None,,,,,,,,,,,,,,,555,001,2025-10-02_16h29.54.576,Motor_sequence_exp,,2025.1.1,59.9087230510383,2025-10-02 16h30.02.859927 +0530,
50,c,190,2,47,c,1,0.28676039999118075,None,,,,,47,2,190,2,,,,,470.325169800024,,470.30866500001866,470.325169800024,471.30827119998867,471.30827119998867,471.30827119998867,471.30827119998867,471.32415240001865,472.30853280000156,472.30853280000156,472.60829000000376,c,1,0.28676039999118075,None,,,,,,,,,,,,,,,555,001,2025-10-02_16h29.54.576,Motor_sequence_exp,,2025.1.1,59.9087230510383,2025-10-02 16h30.02.859927 +0530,
-150,z,191,3,47,z,1,0.22434379998594522,None,,,,,47,3,191,3,,,,,472.6249514000374,,472.60874799999874,472.6249514000374,473.60855190001894,473.60855190001894,473.60855190001894,473.60855190001894,473.62568340002326,474.6087933999952,474.6087933999952,474.84221020003315,z,1,0.22434379998594522,None,,,,,,,,,,,,,,,555,001,2025-10-02_16h29.54.576,Motor_sequence_exp,,2025.1.1,59.9087230510383,2025-10-02 16h30.02.859927 +0530,
-50,x,192,0,48,x,1,0.2535582999698818,None,,,,,48,0,192,0,,,,,474.8581803999841,,474.842606900027,474.8581803999841,475.8435029000393,475.8435029000393,475.8435029000393,475.8435029000393,475.8585805000039,476.8419659000356,476.8419659000356,477.1081624000217,x,1,0.2535582999698818,None,,,,,,,,,,,,,,,555,001,2025-10-02_16h29.54.576,Motor_sequence_exp,,2025.1.1,59.9087230510383,2025-10-02 16h30.02.859927 +0530,
150,v,193,1,48,v,1,0.27498350001405925,None,,,,,48,1,193,1,,,,,477.12435880000703,,477.1085630999878,477.12435880000703,478.1076897000312,478.1076897000312,478.1076897000312,478.1076897000312,478.12529789999826,479.1085963000078,479.1085963000078,479.39233270002296,v,1,0.27498350001405925,None,,,,,,,,,,,,,,,555,001,2025-10-02_16h29.54.576,Motor_sequence_exp,,2025.1.1,59.9087230510383,2025-10-02 16h30.02.859927 +0530,
50,c,194,2,48,c,1,0.6964317000238225,None,,,,,48,2,194,2,,,,,479.40752050001174,,479.39295940002194,479.40752050001174,480.40828269999474,480.40828269999474,480.40828269999474,480.40828269999474,480.40828269999474,481.408905600023,481.408905600023,482.10947369999485,c,1,0.6964317000238225,None,,,,,,,,,,,,,,,555,001,2025-10-02_16h29.54.576,Motor_sequence_exp,,2025.1.1,59.9087230510383,2025-10-02 16h30.02.859927 +0530,
-150,z,195,3,48,z,1,0.43271760002244264,None,,,,,48,3,195,3,,,,,482.12379730003886,,482.10991900000954,482.12379730003886,483.12547520000953,483.12547520000953,483.12547520000953,483.12547520000953,483.12547520000953,484.12534530000994,484.12534530000994,484.57520670001395,z,1,0.43271760002244264,None,,,,,,,,,,,,,,,555,001,2025-10-02_16h29.54.576,Motor_sequence_exp,,2025.1.1,59.9087230510383,2025-10-02 16h30.02.859927 +0530,
-50,x,196,0,49,x,1,0.2514560000272468,None,,,,,49,0,196,0,,,,,484.5958280999912,,484.57560949999606,484.5958280999912,485.57564400002593,485.57564400002593,485.57564400002593,485.57564400002593,485.6081967999926,486.57543670001905,486.57543670001905,486.8418535999954,x,1,0.2514560000272468,None,,,,,,,,,,,,,,,555,001,2025-10-02_16h29.54.576,Motor_sequence_exp,,2025.1.1,59.9087230510383,2025-10-02 16h30.02.859927 +0530,
150,v,197,1,49,v,1,0.24674030003370717,None,,,,,49,1,197,1,,,,,486.85841859999346,,486.8422603000072,486.85841859999346,487.8418580000289,487.8418580000289,487.8418580000289,487.8418580000289,487.8588161999942,488.8420849000104,488.8420849000104,489.0923824000056,v,1,0.24674030003370717,None,,,,,,,,,,,,,,,555,001,2025-10-02_16h29.54.576,Motor_sequence_exp,,2025.1.1,59.9087230510383,2025-10-02 16h30.02.859927 +0530,
50,c,198,2,49,c,1,0.3239841999602504,None,,,,,49,2,198,2,,,,,489.10722609999357,,489.0928761000396,489.10722609999357,490.09219729999313,490.09219729999313,490.09219729999313,490.09219729999313,490.10790200001793,491.1075623999932,491.1075623999932,491.4430311000324,c,1,0.3239841999602504,None,,,,,,,,,,,,,,,555,001,2025-10-02_16h29.54.576,Motor_sequence_exp,,2025.1.1,59.9087230510383,2025-10-02 16h30.02.859927 +0530,
-150,z,199,3,49,z,1,0.29608199995709583,None,,,,,49,3,199,3,,,,,491.4582353000296,,491.44349869998405,491.4582353000296,492.44232229999034,492.44232229999034,492.44232229999034,492.44232229999034,492.45879479998257,493.44299499999033,493.44299499999033,493.7419759000186,z,1,0.29608199995709583,None,,,,,,,,,,,,,,,555,001,2025-10-02_16h29.54.576,Motor_sequence_exp,,2025.1.1,59.9087230510383,2025-10-02 16h30.02.859927 +0530,
150,v,0,0,0,,,,,v,1,1.4117806000285782,None,,,,,0,0,0,1,493.7672204999835,,,,,,,,,,,,,,,,493.75681649998296,493.7672204999835,494.7407519000117,494.7407519000117,494.7407519000117,494.7407519000117,494.77588179998565,495.74279049999313,495.74279049999313,497.15884590003407,v,1,1.4117806000285782,None,555,001,2025-10-02_16h29.54.576,Motor_sequence_exp,,2025.1.1,59.9087230510383,2025-10-02 16h30.02.859927 +0530,
50,c,1,1,0,,,,,c,1,1.3088799000252038,None,,,,,0,1,1,2,497.17387719999533,,,,,,,,,,,,,,,,497.1595583999879,497.17387719999533,498.1588775999844,498.1588775999844,498.1588775999844,498.1588775999844,498.17597720003687,499.1586667000083,499.1586667000083,500.4767089000088,c,1,1.3088799000252038,None,555,001,2025-10-02_16h29.54.576,Motor_sequence_exp,,2025.1.1,59.9087230510383,2025-10-02 16h30.02.859927 +0530,
50,c,2,2,1,,,,,c,1,0.9622199999867007,None,,,,,1,2,2,2,500.4906007000245,,,,,,,,,,,,,,,,500.47749590000603,500.4906007000245,501.4736954999971,501.4736954999971,501.4736954999971,501.4736954999971,501.49212860001717,502.4920993000269,502.4920993000269,503.4591459000367,c,1,0.9622199999867007,None,555,001,2025-10-02_16h29.54.576,Motor_sequence_exp,,2025.1.1,59.9087230510383,2025-10-02 16h30.02.859927 +0530,
-150,z,3,3,0,,,,,z,1,0.8705186000443064,None,,,,,0,3,3,3,503.47391920001246,,,,,,,,,,,,,,,,503.45980910002254,503.47391920001246,504.45803829998476,504.45803829998476,504.45803829998476,504.45803829998476,504.47592719999375,505.4748559999862,505.4748559999862,506.3581228000112,z,1,0.8705186000443064,None,555,001,2025-10-02_16h29.54.576,Motor_sequence_exp,,2025.1.1,59.9087230510383,2025-10-02 16h30.02.859927 +0530,
150,v,4,4,1,,,,,v,1,1.0625148999970406,None,,,,,1,4,4,1,506.37490210001124,,,,,,,,,,,,,,,,506.3587533000391,506.37490210001124,507.35893510002643,507.35893510002643,507.35893510002643,507.35893510002643,507.3754096000339,508.35806260001846,508.35806260001846,509.4260927999858,v,1,1.0625148999970406,None,555,001,2025-10-02_16h29.54.576,Motor_sequence_exp,,2025.1.1,59.9087230510383,2025-10-02 16h30.02.859927 +0530,
150,v,5,5,2,,,,,v,1,0.9183174000354484,None,,,,,2,5,5,1,509.44165370002156,,,,,,,,,,,,,,,,509.42682039999636,509.44165370002156,510.4257019000361,510.4257019000361,510.4257019000361,510.4257019000361,510.44066150003346,511.42580160003854,511.42580160003854,512.358631799987,v,1,0.9183174000354484,None,555,001,2025-10-02_16h29.54.576,Motor_sequence_exp,,2025.1.1,59.9087230510383,2025-10-02 16h30.02.859927 +0530,
-50,x,6,6,0,,,,,x,1,0.8018166999681853,None,,,,,0,6,6,0,512.3756305000279,,,,,,,,,,,,,,,,512.359245700005,512.3756305000279,513.3588922999916,513.3588922999916,513.3588922999916,513.3588922999916,513.3763569000294,514.3587805000134,514.3587805000134,515.1758734000032,x,1,0.8018166999681853,None,555,001,2025-10-02_16h29.54.576,Motor_sequence_exp,,2025.1.1,59.9087230510383,2025-10-02 16h30.02.859927 +0530,
-150,z,7,7,1,,,,,z,1,1.5103448000154458,None,,,,,1,7,7,3,515.1919432000141,,,,,,,,,,,,,,,,515.176490199985,515.1919432000141,516.1752825999865,516.1752825999865,516.1752825999865,516.1752825999865,516.1926803000388,517.1760073000332,517.1760073000332,518.6923980999854,z,1,1.5103448000154458,None,555,001,2025-10-02_16h29.54.576,Motor_sequence_exp,,2025.1.1,59.9087230510383,2025-10-02 16h30.02.859927 +0530,
150,v,8,8,3,,,,,v,1,1.4308247999870218,None,,,,,3,8,8,1,518.7075415999861,,,,,,,,,,,,,,,,518.6930368000176,518.7075415999861,519.6925018000184,519.6925018000184,519.6925018000184,519.6925018000184,519.7095415000222,520.6923288000398,520.6923288000398,522.125279400032,v,1,1.4308247999870218,None,555,001,2025-10-02_16h29.54.576,Motor_sequence_exp,,2025.1.1,59.9087230510383,2025-10-02 16h30.02.859927 +0530,
-150,z,9,9,2,,,,,z,1,2.147584200021811,None,,,,,2,9,9,3,522.1409952000249,,,,,,,,,,,,,,,,522.1259831000352,522.1409952000249,523.1259379999829,523.1259379999829,523.1259379999829,523.1259379999829,523.1410325000179,524.1259650000138,524.1259650000138,526.2770433000405,z,1,2.147584200021811,None,555,001,2025-10-02_16h29.54.576,Motor_sequence_exp,,2025.1.1,59.9087230510383,2025-10-02 16h30.02.859927 +0530,
-50,x,10,10,1,,,,,x,1,1.4068917999975383,None,,,,,1,10,10,0,526.2912482999964,,,,,,,,,,,,,,,,526.27772860002,526.2912482999964,527.2753486000001,527.2753486000001,527.2753486000001,527.2753486000001,527.2924474999891,528.2755923999939,528.2755923999939,529.6937577000353,x,1,1.4068917999975383,None,555,001,2025-10-02_16h29.54.576,Motor_sequence_exp,,2025.1.1,59.9087230510383,2025-10-02 16h30.02.859927 +0530,
150,v,11,11,4,,,,,v,1,1.2073653999832459,None,,,,,4,11,11,1,529.7077202000073,,,,,,,,,,,,,,,,529.6945912000374,529.7077202000073,530.707770100038,530.707770100038,530.707770100038,530.707770100038,530.707770100038,531.707852600026,531.707852600026,532.9255344999838,v,1,1.2073653999832459,None,555,001,2025-10-02_16h29.54.576,Motor_sequence_exp,,2025.1.1,59.9087230510383,2025-10-02 16h30.02.859927 +0530,
50,c,12,12,2,,,,,c,1,1.2804111000150442,None,,,,,2,12,12,2,532.9409236999927,,,,,,,,,,,,,,,,532.9263735000277,532.9409236999927,533.9250316999969,533.9250316999969,533.9250316999969,533.9250316999969,533.9409640000085,534.9414834000054,534.9414834000054,536.2244539000094,c,1,1.2804111000150442,None,555,001,2025-10-02_16h29.54.576,Motor_sequence_exp,,2025.1.1,59.9087230510383,2025-10-02 16h30.02.859927 +0530,
150,v,13,13,5,,,,,v,1,1.8003861000179313,None,,,,,5,13,13,1,536.2405645000399,,,,,,,,,,,,,,,,536.2248719999916,536.2405645000399,537.2252039000159,537.2252039000159,537.2252039000159,537.2252039000159,537.241237899987,538.2239406000008,538.2239406000008,540.0420041999896,v,1,1.8003861000179313,None,555,001,2025-10-02_16h29.54.576,Motor_sequence_exp,,2025.1.1,59.9087230510383,2025-10-02 16h30.02.859927 +0530,
50,c,14,14,3,,,,,c,1,2.1324693999486044,None,,,,,3,14,14,2,540.0584465999855,,,,,,,,,,,,,,,,540.0425232999842,540.0584465999855,541.0583458000328,541.0583458000328,541.0583458000328,541.0583458000328,541.0583458000328,542.0412003000383,542.0412003000383,544.1754580999841,c,1,2.1324693999486044,None,555,001,2025-10-02_16h29.54.576,Motor_sequence_exp,,2025.1.1,59.9087230510383,2025-10-02 16h30.02.859927 +0530,
50,c,15,15,4,,,,,c,1,1.1682088000234216,None,,,,,4,15,15,2,544.1917344999965,,,,,,,,,,,,,,,,544.1762261000113,544.1917344999965,545.191874000011,545.191874000011,545.191874000011,545.191874000011,545.191874000011,546.1919356000144,546.1919356000144,547.3755865999847,c,1,1.1682088000234216,None,555,001,2025-10-02_16h29.54.576,Motor_sequence_exp,,2025.1.1,59.9087230510383,2025-10-02 16h30.02.859927 +0530,
50,c,16,16,5,,,,,c,1,0.6011399999842979,None,,,,,5,16,16,2,547.3910124000395,,,,,,,,,,,,,,,,547.3763471000129,547.3910124000395,548.3749952000217,548.3749952000217,548.3749952000217,548.3749952000217,548.391010500025,549.3908182000159,549.3908182000159,550.0086629000143,c,1,0.6011399999842979,None,555,001,2025-10-02_16h29.54.576,Motor_sequence_exp,,2025.1.1,59.9087230510383,2025-10-02 16h30.02.859927 +0530,
-150,z,17,17,3,,,,,z,1,0.9847527999663725,None,,,,,3,17,17,3,550.0249236000236,,,,,,,,,,,,,,,,550.0091419999953,550.0249236000236,551.0077162000234,551.0077162000234,551.0077162000234,551.0077162000234,551.0241899000248,552.0242563000065,552.0242563000065,553.0251972000115,z,1,0.9847527999663725,None,555,001,2025-10-02_16h29.54.576,Motor_sequence_exp,,2025.1.1,59.9087230510383,2025-10-02 16h30.02.859927 +0530,
50,c,18,18,6,,,,,c,1,0.7933214000076987,None,,,,,6,18,18,2,553.0416437000385,,,,,,,,,,,,,,,,553.0259195000399,553.0416437000385,554.0248959999881,554.0248959999881,554.0248959999881,554.0248959999881,554.0417510000407,555.0249578999938,555.0249578999938,555.8246045000269,c,1,0.7933214000076987,None,555,001,2025-10-02_16h29.54.576,Motor_sequence_exp,,2025.1.1,59.9087230510383,2025-10-02 16h30.02.859927 +0530,
-50,x,19,19,2,,,,,x,1,0.9825193000142463,None,,,,,2,19,19,0,555.8418717000168,,,,,,,,,,,,,,,,555.8252496999921,555.8418717000168,556.8242156000342,556.8242156000342,556.8242156000342,556.8242156000342,556.841542500013,557.8242060000193,557.8242060000193,558.8081102999859,x,1,0.9825193000142463,None,555,001,2025-10-02_16h29.54.576,Motor_sequence_exp,,2025.1.1,59.9087230510383,2025-10-02 16h30.02.859927 +0530,
150,v,20,20,6,,,,,v,1,1.8244163999916054,None,,,,,6,20,20,1,558.8242546000401,,,,,,,,,,,,,,,,558.8085722000105,558.8242546000401,559.808128100005,559.808128100005,559.808128100005,559.808128100005,559.8249507999863,560.8076052000397,560.8076052000397,562.6415142000187,v,1,1.8244163999916054,None,555,001,2025-10-02_16h29.54.576,Motor_sequence_exp,,2025.1.1,59.9087230510383,2025-10-02 16h30.02.859927 +0530,
50,c,21,21,7,,,,,c,1,1.2040664000087418,None,,,,,7,21,21,2,562.657580900006,,,,,,,,,,,,,,,,562.6420101000112,562.657580900006,563.6414475000347,563.6414475000347,563.6414475000347,563.6414475000347,563.6575906000216,564.6411670999951,564.6411670999951,565.858943600033,c,1,1.2040664000087418,None,555,001,2025-10-02_16h29.54.576,Motor_sequence_exp,,2025.1.1,59.9087230510383,2025-10-02 16h30.02.859927 +0530,
50,c,22,22,8,,,,,c,1,1.1334297999856062,None,,,,,8,22,22,2,565.875176600006,,,,,,,,,,,,,,,,565.859393700026,565.875176600006,566.8747246999992,566.8747246999992,566.8747246999992,566.8747246999992,566.8747246999992,567.8748041000217,567.8748041000217,569.0249448000104,c,1,1.1334297999856062,None,555,001,2025-10-02_16h29.54.576,Motor_sequence_exp,,2025.1.1,59.9087230510383,2025-10-02 16h30.02.859927 +0530,
150,v,23,23,7,,,,,v,1,1.5199972000555135,None,,,,,7,23,23,1,569.0411043000058,,,,,,,,,,,,,,,,569.0254459999851,569.0411043000058,570.0244828999857,570.0244828999857,570.0244828999857,570.0244828999857,570.0419463000144,571.0250473000342,571.0250473000342,572.5590330000268,v,1,1.5199972000555135,None,555,001,2025-10-02_16h29.54.576,Motor_sequence_exp,,2025.1.1,59.9087230510383,2025-10-02 16h30.02.859927 +0530,
-150,z,24,24,4,,,,,z,1,1.5816446999670006,None,,,,,4,24,24,3,572.5752585000009,,,,,,,,,,,,,,,,572.5595954000019,572.5752585000009,573.5579336000374,573.5579336000374,573.5579336000374,573.5579336000374,573.574392599985,574.5579252000316,574.5579252000316,576.1425541000208,z,1,1.5816446999670006,None,555,001,2025-10-02_16h29.54.576,Motor_sequence_exp,,2025.1.1,59.9087230510383,2025-10-02 16h30.02.859927 +0530,
-50,x,25,25,3,,,,,x,1,1.4330691000213847,None,,,,,3,25,25,0,576.1578202000237,,,,,,,,,,,,,,,,576.1430494000087,576.1578202000237,577.1419188000145,577.1419188000145,577.1419188000145,577.1419188000145,577.1587047000066,578.1416322999867,578.1416322999867,579.5755211000214,x,1,1.4330691000213847,None,555,001,2025-10-02_16h29.54.576,Motor_sequence_exp,,2025.1.1,59.9087230510383,2025-10-02 16h30.02.859927 +0530,
-150,z,26,26,5,,,,,z,1,1.603875499975402,None,,,,,5,26,26,3,579.5916215000325,,,,,,,,,,,,,,,,579.5759533999953,579.5916215000325,580.5756708999979,580.5756708999979,580.5756708999979,580.5756708999979,580.5917194000212,581.5752937000361,581.5752937000361,583.1925297999987,z,1,1.603875499975402,None,555,001,2025-10-02_16h29.54.576,Motor_sequence_exp,,2025.1.1,59.9087230510383,2025-10-02 16h30.02.859927 +0530,
-50,x,27,27,4,,,,,x,1,1.337223200011067,None,,,,,4,27,27,0,583.2086523000035,,,,,,,,,,,,,,,,583.1932448000298,583.2086523000035,584.1911684999941,584.1911684999941,584.1911684999941,584.1911684999941,584.209046700038,585.191290399991,585.191290399991,586.541844899999,x,1,1.337223200011067,None,555,001,2025-10-02_16h29.54.576,Motor_sequence_exp,,2025.1.1,59.9087230510383,2025-10-02 16h30.02.859927 +0530,
50,c,28,28,9,,,,,c,1,1.574181200005114,None,,,,,9,28,28,2,586.558717500011,,,,,,,,,,,,,,,,586.542546599987,586.558717500011,587.5422368000145,587.5422368000145,587.5422368000145,587.5422368000145,587.5589398000157,588.5419837000081,588.5419837000081,590.1263484000228,c,1,1.574181200005114,None,555,001,2025-10-02_16h29.54.576,Motor_sequence_exp,,2025.1.1,59.9087230510383,2025-10-02 16h30.02.859927 +0530,
150,v,29,29,8,,,,,v,1,0.9500172000261955,None,,,,,8,29,29,1,590.1421000999981,,,,,,,,,,,,,,,,590.1269776999834,590.1421000999981,591.1420407000114,591.1420407000114,591.1420407000114,591.1420407000114,591.1420407000114,592.1425704000285,592.1425704000285,593.1086970000179,v,1,0.9500172000261955,None,555,001,2025-10-02_16h29.54.576,Motor_sequence_exp,,2025.1.1,59.9087230510383,2025-10-02 16h30.02.859927 +0530,
-50,x,30,30,5,,,,,x,1,1.1780964999925345,None,,,,,5,30,30,0,593.1254257000401,,,,,,,,,,,,,,,,593.1092252000235,593.1254257000401,594.1086909000296,594.1086909000296,594.1086909000296,594.1086909000296,594.1257666000165,595.1079836999997,595.1079836999997,596.2919904000009,x,1,1.1780964999925345,None,555,001,2025-10-02_16h29.54.576,Motor_sequence_exp,,2025.1.1,59.9087230510383,2025-10-02 16h30.02.859927 +0530,
150,v,31,31,9,,,,,v,1,2.4245256999856792,None,,,,,9,31,31,1,596.3082212000154,,,,,,,,,,,,,,,,596.2924770000391,596.3082212000154,597.2931553000235,597.2931553000235,597.2931553000235,597.2931553000235,597.3100548000075,598.2917557000183,598.2917557000183,600.7268776000128,v,1,2.4245256999856792,None,555,001,2025-10-02_16h29.54.576,Motor_sequence_exp,,2025.1.1,59.9087230510383,2025-10-02 16h30.02.859927 +0530,
150,v,32,32,10,,,,,v,1,1.2455942000378855,None,,,,,10,32,32,1,600.7422345000086,,,,,,,,,,,,,,,,600.7275881000096,600.7422345000086,601.7420236000326,601.7420236000326,601.7420236000326,601.7420236000326,601.7420236000326,602.725419400027,602.725419400027,603.975596800039,v,1,1.2455942000378855,None,555,001,2025-10-02_16h29.54.576,Motor_sequence_exp,,2025.1.1,59.9087230510383,2025-10-02 16h30.02.859927 +0530,
50,c,33,33,10,,,,,c,1,2.6674341000034474,None,,,,,10,33,33,2,603.9925928000011,,,,,,,,,,,,,,,,603.9760345999966,603.9925928000011,604.9751727000112,604.9751727000112,604.9751727000112,604.9751727000112,604.9923208000255,605.9750678000273,605.9750678000273,608.6589676000294,c,1,2.6674341000034474,None,555,001,2025-10-02_16h29.54.576,Motor_sequence_exp,,2025.1.1,59.9087230510383,2025-10-02 16h30.02.859927 +0530,
150,v,34,34,11,,,,,v,1,1.7810441000037827,None,,,,,11,34,34,1,608.6751254000119,,,,,,,,,,,,,,,,608.6594412000268,608.6751254000119,609.6585245000315,609.6585245000315,609.6585245000315,609.6585245000315,609.6749797000084,610.6589111000067,610.6589111000067,612.4430734000052,v,1,1.7810441000037827,None,555,001,2025-10-02_16h29.54.576,Motor_sequence_exp,,2025.1.1,59.9087230510383,2025-10-02 16h30.02.859927 +0530,
-50,x,35,35,6,,,,,x,1,1.6138546000001952,None,,,,,6,35,35,0,612.4585271000396,,,,,,,,,,,,,,,,612.4436189000262,612.4585271000396,613.4433273000177,613.4433273000177,613.4433273000177,613.4433273000177,613.4593977000332,614.4432262000046,614.4432262000046,616.0609846999869,x,1,1.6138546000001952,None,555,001,2025-10-02_16h29.54.576,Motor_sequence_exp,,2025.1.1,59.9087230510383,2025-10-02 16h30.02.859927 +0530,
150,v,36,36,12,,,,,v,1,1.691629600012675,None,,,,,12,36,36,1,616.0764181999839,,,,,,,,,,,,,,,,616.0617060000077,616.0764181999839,617.0597927999916,617.0597927999916,617.0597927999916,617.0597927999916,617.0765641999897,618.0767408999964,618.0767408999964,619.7763120000018,v,1,1.691629600012675,None,555,001,2025-10-02_16h29.54.576,Motor_sequence_exp,,2025.1.1,59.9087230510383,2025-10-02 16h30.02.859927 +0530,
150,v,37,37,13,,,,,v,1,0.9695770000107586,None,,,,,13,37,37,1,619.7919790000306,,,,,,,,,,,,,,,,619.7770185000263,619.7919790000306,620.7748468000209,620.7748468000209,620.7748468000209,620.7748468000209,620.7924398999894,621.7762041999958,621.7762041999958,622.7592517000157,v,1,0.9695770000107586,None,555,001,2025-10-02_16h29.54.576,Motor_sequence_exp,,2025.1.1,59.9087230510383,2025-10-02 16h30.02.859927 +0530,
-50,x,38,38,7,,,,,x,1,1.335584899992682,None,,,,,7,38,38,0,622.7756444999832,,,,,,,,,,,,,,,,622.759703400021,622.7756444999832,623.7600899999961,623.7600899999961,623.7600899999961,623.7600899999961,623.7771462000092,624.7601923000184,624.7601923000184,626.1094482000335,x,1,1.335584899992682,None,555,001,2025-10-02_16h29.54.576,Motor_sequence_exp,,2025.1.1,59.9087230510383,2025-10-02 16h30.02.859927 +0530,
-150,z,39,39,6,,,,,z,1,1.8182347999536432,None,,,,,6,39,39,3,626.126560100005,,,,,,,,,,,,,,,,626.1099318999914,626.126560100005,627.1095228000195,627.1095228000195,627.1095228000195,627.1095228000195,627.1255156000261,628.1102647000225,628.1102647000225,629.9441759000183,z,1,1.8182347999536432,None,555,001,2025-10-02_16h29.54.576,Motor_sequence_exp,,2025.1.1,59.9087230510383,2025-10-02 16h30.02.859927 +0530,
150,v,40,40,14,,,,,v,1,1.617966800055001,None,,,,,14,40,40,1,629.9591073000338,,,,,,,,,,,,,,,,629.9449217999936,629.9591073000338,630.9589140000171,630.9589140000171,630.9589140000171,630.9589140000171,630.9589140000171,631.94265490002,631.94265490002,633.5763554000296,v,1,1.617966800055001,None,555,001,2025-10-02_16h29.54.576,Motor_sequence_exp,,2025.1.1,59.9087230510383,2025-10-02 16h30.02.859927 +0530,
150,v,41,41,15,,,,,v,1,1.350422499992419,None,,,,,15,41,41,1,633.5924457000219,,,,,,,,,,,,,,,,633.5770715000108,633.5924457000219,634.575625700003,634.575625700003,634.575625700003,634.575625700003,634.5925485999906,635.5769247999997,635.5769247999997,636.9434896000312,v,1,1.350422499992419,None,555,001,2025-10-02_16h29.54.576,Motor_sequence_exp,,2025.1.1,59.9087230510383,2025-10-02 16h30.02.859927 +0530,
-150,z,42,42,7,,,,,z,1,1.3386722999857739,None,,,,,7,42,42,3,636.9599633000325,,,,,,,,,,,,,,,,636.9443152000313,636.9599633000325,637.9441614000243,637.9441614000243,637.9441614000243,637.9441614000243,637.9602608000278,638.9433258000063,638.9433258000063,640.2936162000406,z,1,1.3386722999857739,None,555,001,2025-10-02_16h29.54.576,Motor_sequence_exp,,2025.1.1,59.9087230510383,2025-10-02 16h30.02.859927 +0530,
150,v,43,43,16,,,,,v,1,1.8601540999952704,None,,,,,16,43,43,1,640.309058999992,,,,,,,,,,,,,,,,640.2941044000327,640.309058999992,641.2933467000257,641.2933467000257,641.2933467000257,641.2933467000257,641.3102956000366,642.2935139000183,642.2935139000183,644.1598883999977,v,1,1.8601540999952704,None,555,001,2025-10-02_16h29.54.576,Motor_sequence_exp,,2025.1.1,59.9087230510383,2025-10-02 16h30.02.859927 +0530,
50,c,44,44,11,,,,,c,1,2.40250060003018,None,,,,,11,44,44,2,644.1754769000108,,,,,,,,,,,,,,,,644.1603530999855,644.1754769000108,645.1599009000347,645.1599009000347,645.1599009000347,645.1599009000347,645.1769452000153,646.1599381000269,646.1599381000269,648.5768449000316,c,1,2.40250060003018,None,555,001,2025-10-02_16h29.54.576,Motor_sequence_exp,,2025.1.1,59.9087230510383,2025-10-02 16h30.02.859927 +0530,
150,v,45,45,17,,,,,v,1,1.4184240999748,None,,,,,17,45,45,1,648.5927566000028,,,,,,,,,,,,,,,,648.5774694000138,648.5927566000028,649.5771155999973,649.5771155999973,649.5771155999973,649.5771155999973,649.5937630999833,650.5772913999972,650.5772913999972,652.0104908000212,v,1,1.4184240999748,None,555,001,2025-10-02_16h29.54.576,Motor_sequence_exp,,2025.1.1,59.9087230510383,2025-10-02 16h30.02.859927 +0530,
-50,x,46,46,8,,,,,x,1,1.9837672000285238,None,,,,,8,46,46,0,652.0270731000346,,,,,,,,,,,,,,,,652.01100150001,652.0270731000346,653.0103520000121,653.0103520000121,653.0103520000121,653.0103520000121,653.0271184000303,654.0103009000304,654.0103009000304,656.0105315999826,x,1,1.9837672000285238,None,555,001,2025-10-02_16h29.54.576,Motor_sequence_exp,,2025.1.1,59.9087230510383,2025-10-02 16h30.02.859927 +0530,
150,v,47,47,18,,,,,v,1,0.920560399943497,None,,,,,18,47,47,1,656.0260780000244,,,,,,,,,,,,,,,,656.0110962000326,656.0260780000244,657.0105793999974,657.0105793999974,657.0105793999974,657.0105793999974,657.0268419000204,658.0106992000365,658.0106992000365,658.9437498000334,v,1,0.920560399943497,None,555,001,2025-10-02_16h29.54.576,Motor_sequence_exp,,2025.1.1,59.9087230510383,2025-10-02 16h30.02.859927 +0530,
-50,x,48,48,9,,,,,x,1,0.7821187999797985,None,,,,,9,48,48,0,658.9596446999931,,,,,,,,,,,,,,,,658.9442919000285,658.9596446999931,659.9437420000322,659.9437420000322,659.9437420000322,659.9437420000322,659.960613000032,660.9437202999834,660.9437202999834,661.7271197999944,x,1,0.7821187999797985,None,555,001,2025-10-02_16h29.54.576,Motor_sequence_exp,,2025.1.1,59.9087230510383,2025-10-02 16h30.02.859927 +0530,
50,c,49,49,12,,,,,c,1,1.3579313000082038,None,,,,,12,49,49,2,661.7428744999925,,,,,,,,,,,,,,,,661.7275740000186,661.7428744999925,662.7270177000319,662.7270177000319,662.7270177000319,662.7270177000319,662.744070900022,663.7272843000246,663.7272843000246,665.0942606999888,c,1,1.3579313000082038,None,555,001,2025-10-02_16h29.54.576,Motor_sequence_exp,,2025.1.1,59.9087230510383,2025-10-02 16h30.02.859927 +0530,
-50,x,50,50,10,,,,,x,1,0.9637381000211462,None,,,,,10,50,50,0,665.1095495999907,,,,,,,,,,,,,,,,665.0947544000228,665.1095495999907,666.0928287000279,666.0928287000279,666.0928287000279,666.0928287000279,666.1111416000058,667.0943478000117,667.0943478000117,668.0603090000222,x,1,0.9637381000211462,None,555,001,2025-10-02_16h29.54.576,Motor_sequence_exp,,2025.1.1,59.9087230510383,2025-10-02 16h30.02.859927 +0530,
150,v,51,51,19,,,,,v,1,0.9337107000174001,None,,,,,19,51,51,1,668.0767327999929,,,,,,,,,,,,,,,,668.0607839000295,668.0767327999929,669.0605999000254,669.0605999000254,669.0605999000254,669.0605999000254,669.077443999995,670.0606315000332,670.0606315000332,671.0106788999983,v,1,0.9337107000174001,None,555,001,2025-10-02_16h29.54.576,Motor_sequence_exp,,2025.1.1,59.9087230510383,2025-10-02 16h30.02.859927 +0530,
150,v,52,52,20,,,,,v,1,1.5149817999918014,None,,,,,20,52,52,1,671.0262603000156,,,,,,,,,,,,,,,,671.0112455000053,671.0262603000156,672.0274842000217,672.0274842000217,672.0274842000217,672.0274842000217,672.0274842000217,673.0106127000181,673.0106127000181,674.528229699994,v,1,1.5149817999918014,None,555,001,2025-10-02_16h29.54.576,Motor_sequence_exp,,2025.1.1,59.9087230510383,2025-10-02 16h30.02.859927 +0530,
-50,x,53,53,11,,,,,x,1,1.0971758000086993,None,,,,,11,53,53,0,674.5435067000217,,,,,,,,,,,,,,,,674.5286858000327,674.5435067000217,675.5268008999992,675.5268008999992,675.5268008999992,675.5268008999992,675.5437520000269,676.5435162000358,676.5435162000358,677.6439920000266,x,1,1.0971758000086993,None,555,001,2025-10-02_16h29.54.576,Motor_sequence_exp,,2025.1.1,59.9087230510383,2025-10-02 16h30.02.859927 +0530,
150,v,54,54,21,,,,,v,1,1.1010598000138998,None,,,,,21,54,54,1,677.6593707000138,,,,,,,,,,,,,,,,677.64451990003,677.6593707000138,678.643541300029,678.643541300029,678.643541300029,678.643541300029,678.6595295000006,679.6434971999843,679.6434971999843,680.7616229000269,v,1,1.1010598000138998,None,555,001,2025-10-02_16h29.54.576,Motor_sequence_exp,,2025.1.1,59.9087230510383,2025-10-02 16h30.02.859927 +0530,
50,c,55,55,13,,,,,c,1,1.151997500041034,None,,,,,13,55,55,2,680.7773937000311,,,,,,,,,,,,,,,,680.7620707000024,680.7773937000311,681.7772570000379,681.7772570000379,681.7772570000379,681.7772570000379,681.7772570000379,682.7604848000337,682.7604848000337,683.927090000012,c,1,1.151997500041034,None,555,001,2025-10-02_16h29.54.576,Motor_sequence_exp,,2025.1.1,59.9087230510383,2025-10-02 16h30.02.859927 +0530,
-150,z,56,56,8,,,,,z,1,1.3838190999813378,None,,,,,8,56,56,3,683.9431668000179,,,,,,,,,,,,,,,,683.9278039000346,683.9431668000179,684.9277118000318,684.9277118000318,684.9277118000318,684.9277118000318,684.9436677999911,685.9277385000023,685.9277385000023,687.3281150000403,z,1,1.3838190999813378,None,555,001,2025-10-02_16h29.54.576,Motor_sequence_exp,,2025.1.1,59.9087230510383,2025-10-02 16h30.02.859927 +0530,
-150,z,57,57,9,,,,,z,1,0.9888102999539115,None,,,,,9,57,57,3,687.3438516000169,,,,,,,,,,,,,,,,687.3285791000235,687.3438516000169,688.326956600009,688.326956600009,688.326956600009,688.326956600009,688.3449269999983,689.3269323999994,689.3269323999994,690.3283833999885,z,1,0.9888102999539115,None,555,001,2025-10-02_16h29.54.576,Motor_sequence_exp,,2025.1.1,59.9087230510383,2025-10-02 16h30.02.859927 +0530,
150,v,58,58,22,,,,,v,1,1.753478600003291,None,,,,,22,58,58,1,690.3440453000367,,,,,,,,,,,,,,,,690.3287969999947,690.3440453000367,691.3280617999844,691.3280617999844,691.3280617999844,691.3280617999844,691.3439132000203,692.3440600000322,692.3440600000322,694.1108919000253,v,1,1.753478600003291,None,555,001,2025-10-02_16h29.54.576,Motor_sequence_exp,,2025.1.1,59.9087230510383,2025-10-02 16h30.02.859927 +0530,
150,v,59,59,23,,,,,v,1,1.0724004000076093,None,,,,,23,59,59,1,694.1283917000401,,,,,,,,,,,,,,,,694.111618600029,694.1283917000401,695.1114508000319,695.1114508000319,695.1114508000319,695.1114508000319,695.1272607999854,696.1105800000369,696.1105800000369,697.1951274999883,v,1,1.0724004000076093,None,555,001,2025-10-02_16h29.54.576,Motor_sequence_exp,,2025.1.1,59.9087230510383,2025-10-02 16h30.02.859927 +0530,
50,c,60,60,14,,,,,c,1,2.799068199994508,None,,,,,14,60,60,2,697.2101494999952,,,,,,,,,,,,,,,,697.1958649000153,697.2101494999952,698.1945740000228,698.1945740000228,698.1945740000228,698.1945740000228,698.2114222000237,699.2116817000206,699.2116817000206,702.0114701000275,c,1,2.799068199994508,None,555,001,2025-10-02_16h29.54.576,Motor_sequence_exp,,2025.1.1,59.9087230510383,2025-10-02 16h30.02.859927 +0530,
150,v,61,61,24,,,,,v,1,1.4844077000161633,None,,,,,24,61,61,1,702.0268212000374,,,,,,,,,,,,,,,,702.0119025000022,702.0268212000374,703.011188500037,703.011188500037,703.011188500037,703.011188500037,703.0279096000013,704.0278901000274,704.0278901000274,705.5278766999836,v,1,1.4844077000161633,None,555,001,2025-10-02_16h29.54.576,Motor_sequence_exp,,2025.1.1,59.9087230510383,2025-10-02 16h30.02.859927 +0530,
150,v,62,62,25,,,,,v,1,1.0411831999663264,None,,,,,25,62,62,1,705.5433342999895,,,,,,,,,,,,,,,,705.5283417000319,705.5433342999895,706.5275065000169,706.5275065000169,706.5275065000169,706.5275065000169,706.544523700024,707.5281326000113,707.5281326000113,708.5778824000154,v,1,1.0411831999663264,None,555,001,2025-10-02_16h29.54.576,Motor_sequence_exp,,2025.1.1,59.9087230510383,2025-10-02 16h30.02.859927 +0530,
-150,z,63,63,10,,,,,z,1,1.9548728000372648,None,,,,,10,63,63,3,708.594308300002,,,,,,,,,,,,,,,,708.5785692000063,708.594308300002,709.5774933000212,709.5774933000212,709.5774933000212,709.5774933000212,709.5944138999912,710.578450400033,710.578450400033,712.5447085000342,z,1,1.9548728000372648,None,555,001,2025-10-02_16h29.54.576,Motor_sequence_exp,,2025.1.1,59.9087230510383,2025-10-02 16h30.02.859927 +0530,
-150,z,64,64,11,,,,,z,1,1.0723944999626838,None,,,,,11,64,64,3,712.5602858000202,,,,,,,,,,,,,,,,712.5453617000021,712.5602858000202,713.5446898000082,713.5446898000082,713.5446898000082,713.5446898000082,713.5608832000289,714.5445601000101,714.5445601000101,715.6279126000009,z,1,1.0723944999626838,None,555,001,2025-10-02_16h29.54.576,Motor_sequence_exp,,2025.1.1,59.9087230510383,2025-10-02 16h30.02.859927 +0530,
-150,z,65,65,12,,,,,z,1,0.9525376000092365,None,,,,,12,65,65,3,715.6433795000194,,,,,,,,,,,,,,,,715.6285122000263,715.6433795000194,716.628007500025,716.628007500025,716.628007500025,716.628007500025,716.6438152000192,717.6277231000131,717.6277231000131,718.5949181999895,z,1,0.9525376000092365,None,555,001,2025-10-02_16h29.54.576,Motor_sequence_exp,,2025.1.1,59.9087230510383,2025-10-02 16h30.02.859927 +0530,
150,v,66,66,26,,,,,v,1,1.17363179998938,None,,,,,26,66,66,1,718.6110223000287,,,,,,,,,,,,,,,,718.5955723000225,718.6110223000287,719.5944471000112,719.5944471000112,719.5944471000112,719.5944471000112,719.6105716000311,720.5951614000369,720.5951614000369,721.7778588000219,v,1,1.17363179998938,None,555,001,2025-10-02_16h29.54.576,Motor_sequence_exp,,2025.1.1,59.9087230510383,2025-10-02 16h30.02.859927 +0530,
-50,x,67,67,12,,,,,x,1,1.14168979995884,None,,,,,12,67,67,0,721.7942382000037,,,,,,,,,,,,,,,,721.7786392000271,721.7942382000037,722.7784145000041,722.7784145000041,722.7784145000041,722.7784145000041,722.7946597000118,723.7773057000013,723.7773057000013,724.9282771000289,x,1,1.14168979995884,None,555,001,2025-10-02_16h29.54.576,Motor_sequence_exp,,2025.1.1,59.9087230510383,2025-10-02 16h30.02.859927 +0530,
50,c,68,68,15,,,,,c,1,1.9351558999624103,None,,,,,15,68,68,2,724.9443006000365,,,,,,,,,,,,,,,,724.928974999988,724.9443006000365,725.9277650000295,725.9277650000295,725.9277650000295,725.9277650000295,725.9450252000242,726.9278466000105,726.9278466000105,728.8774396000081,c,1,1.9351558999624103,None,555,001,2025-10-02_16h29.54.576,Motor_sequence_exp,,2025.1.1,59.9087230510383,2025-10-02 16h30.02.859927 +0530,
-150,z,69,69,13,,,,,z,1,1.2682834999868646,None,,,,,13,69,69,3,728.8949268999859,,,,,,,,,,,,,,,,728.8781559999916,728.8949268999859,729.8777627000236,729.8777627000236,729.8777627000236,729.8777627000236,729.8947422000347,730.8778474000283,730.8778474000283,732.1615878000157,z,1,1.2682834999868646,None,555,001,2025-10-02_16h29.54.576,Motor_sequence_exp,,2025.1.1,59.9087230510383,2025-10-02 16h30.02.859927 +0530,
150,v,70,70,27,,,,,v,1,1.8676459999987856,None,,,,,27,70,70,1,732.1779230000102,,,,,,,,,,,,,,,,732.1622903000098,732.1779230000102,733.1622400000342,733.1622400000342,733.1622400000342,733.1622400000342,733.1781205000007,734.1615757999825,734.1615757999825,736.0447788999882,v,1,1.8676459999987856,None,555,001,2025-10-02_16h29.54.576,Motor_sequence_exp,,2025.1.1,59.9087230510383,2025-10-02 16h30.02.859927 +0530,
150,v,71,71,28,,,,,v,1,1.0136395000154153,None,,,,,28,71,71,1,736.0608409999986,,,,,,,,,,,,,,,,736.0455808000406,736.0608409999986,737.0611126000294,737.0611126000294,737.0611126000294,737.0611126000294,737.0611126000294,738.0456138000009,738.0456138000009,739.0622302999836,v,1,1.0136395000154153,None,555,001,2025-10-02_16h29.54.576,Motor_sequence_exp,,2025.1.1,59.9087230510383,2025-10-02 16h30.02.859927 +0530,
-50,x,72,72,13,,,,,c,0,2.142684400023427,None,,,,,13,72,72,0,739.0775278999936,,,,,,,,,,,,,,,,739.062937300012,739.0775278999936,740.077446500014,740.077446500014,740.077446500014,740.077446500014,740.077446500014,741.0615703000221,741.0615703000221,743.2121637000237,c,0,2.142684400023427,None,555,001,2025-10-02_16h29.54.576,Motor_sequence_exp,,2025.1.1,59.9087230510383,2025-10-02 16h30.02.859927 +0530,
150,v,73,73,29,,,,,v,1,1.7899345000041649,None,,,,,29,73,73,1,743.2273906000191,,,,,,,,,,,,,,,,743.2126953999978,743.2273906000191,744.211092100013,744.211092100013,744.211092100013,744.211092100013,744.2282842000131,745.211976999999,745.211976999999,747.0116787999868,v,1,1.7899345000041649,None,555,001,2025-10-02_16h29.54.576,Motor_sequence_exp,,2025.1.1,59.9087230510383,2025-10-02 16h30.02.859927 +0530,
-150,z,74,74,14,,,,,z,1,1.1613926999852993,None,,,,,14,74,74,3,747.0272426999873,,,,,,,,,,,,,,,,747.0121933000046,747.0272426999873,748.0111026000232,748.0111026000232,748.0111026000232,748.0111026000232,748.0284276999882,749.0108925999957,749.0108925999957,750.1793855000287,z,1,1.1613926999852993,None,555,001,2025-10-02_16h29.54.576,Motor_sequence_exp,,2025.1.1,59.9087230510383,2025-10-02 16h30.02.859927 +0530,
-150,z,75,75,15,,,,,z,1,0.921690099989064,None,,,,,15,75,75,3,750.1943332999945,,,,,,,,,,,,,,,,750.1799947000109,750.1943332999945,751.19436090003,751.19436090003,751.19436090003,751.19436090003,751.19436090003,752.1956692000385,752.1956692000385,753.1281438000151,z,1,0.921690099989064,None,555,001,2025-10-02_16h29.54.576,Motor_sequence_exp,,2025.1.1,59.9087230510383,2025-10-02 16h30.02.859927 +0530,
-50,x,76,76,14,,,,,x,1,0.7459004000411369,None,,,,,14,76,76,0,753.1445648000226,,,,,,,,,,,,,,,,753.1290234000189,753.1445648000226,754.1286311000003,754.1286311000003,754.1286311000003,754.1286311000003,754.1448424999835,755.1287499000318,755.1287499000318,755.8788856000174,x,1,0.7459004000411369,None,555,001,2025-10-02_16h29.54.576,Motor_sequence_exp,,2025.1.1,59.9087230510383,2025-10-02 16h30.02.859927 +0530,
-50,x,77,77,15,,,,,x,1,1.2755519000347704,None,,,,,15,77,77,0,755.8939913000213,,,,,,,,,,,,,,,,755.8793692000327,755.8939913000213,756.8790644999826,756.8790644999826,756.8790644999826,756.8790644999826,756.8950986000127,757.8779356000014,757.8779356000014,759.1628844999941,x,1,1.2755519000347704,None,555,001,2025-10-02_16h29.54.576,Motor_sequence_exp,,2025.1.1,59.9087230510383,2025-10-02 16h30.02.859927 +0530,
150,v,78,78,30,,,,,c,0,1.1849358000326902,None,,,,,30,78,78,1,759.1776180000161,,,,,,,,,,,,,,,,759.1635492999922,759.1776180000161,760.1775718000135,760.1775718000135,760.1775718000135,760.1775718000135,760.1775718000135,761.1621287000016,761.1621287000016,762.3619773000246,c,0,1.1849358000326902,None,555,001,2025-10-02_16h29.54.576,Motor_sequence_exp,,2025.1.1,59.9087230510383,2025-10-02 16h30.02.859927 +0530,
-150,z,79,79,16,,,,,v,0,0.8197533000493422,None,,,,,16,79,79,3,762.3783929999918,,,,,,,,,,,,,,,,762.3627185000223,762.3783929999918,763.361489700037,763.361489700037,763.361489700037,763.361489700037,763.3793136000168,764.3610129000153,764.3610129000153,765.196214399999,v,0,0.8197533000493422,None,555,001,2025-10-02_16h29.54.576,Motor_sequence_exp,,2025.1.1,59.9087230510383,2025-10-02 16h30.02.859927 +0530,
150,v,80,80,31,,,,,v,1,1.012789200001862,None,,,,,31,80,80,1,765.2118416000158,,,,,,,,,,,,,,,,765.1969709999976,765.2118416000158,766.1958846999914,766.1958846999914,766.1958846999914,766.1958846999914,766.2127004000358,767.1956759000313,767.1956759000313,768.2112916000187,v,1,1.012789200001862,None,555,001,2025-10-02_16h29.54.576,Motor_sequence_exp,,2025.1.1,59.9087230510383,2025-10-02 16h30.02.859927 +0530,
-150,z,81,81,17,,,,,z,1,1.4009052000474185,None,,,,,17,81,81,3,768.2289087999961,,,,,,,,,,,,,,,,768.2120021000155,768.2289087999961,769.2128970000194,769.2128970000194,769.2128970000194,769.2128970000194,769.2291720000212,770.2116643000045,770.2116643000045,771.6280634999857,z,1,1.4009052000474185,None,555,001,2025-10-02_16h29.54.576,Motor_sequence_exp,,2025.1.1,59.9087230510383,2025-10-02 16h30.02.859927 +0530,
150,v,82,82,32,,,,,v,1,1.0994571999763139,None,,,,,32,82,82,1,771.6442933999933,,,,,,,,,,,,,,,,771.6285176000092,771.6442933999933,772.6277397000231,772.6277397000231,772.6277397000231,772.6277397000231,772.6446042000316,773.62929479999,773.62929479999,774.7455207000021,v,1,1.0994571999763139,None,555,001,2025-10-02_16h29.54.576,Motor_sequence_exp,,2025.1.1,59.9087230510383,2025-10-02 16h30.02.859927 +0530,
50,c,83,83,16,,,,,c,1,1.2903480000095442,None,,,,,16,83,83,2,774.7610549000092,,,,,,,,,,,,,,,,774.7460740000242,774.7610549000092,775.7447485000012,775.7447485000012,775.7447485000012,775.7447485000012,775.7622996999999,776.7625067000045,776.7625067000045,778.0630512000062,c,1,1.2903480000095442,None,555,001,2025-10-02_16h29.54.576,Motor_sequence_exp,,2025.1.1,59.9087230510383,2025-10-02 16h30.02.859927 +0530,
-150,z,84,84,18,,,,,z,1,1.4866262000286952,None,,,,,18,84,84,3,778.0779346000054,,,,,,,,,,,,,,,,778.0634734000196,778.0779346000054,779.0787602000055,779.0787602000055,779.0787602000055,779.0787602000055,779.0787602000055,780.0625362999854,780.0625362999854,781.5616109000403,z,1,1.4866262000286952,None,555,001,2025-10-02_16h29.54.576,Motor_sequence_exp,,2025.1.1,59.9087230510383,2025-10-02 16h30.02.859927 +0530,
50,c,85,85,17,,,,,c,1,1.5614560999674723,None,,,,,17,85,85,2,781.5785890999832,,,,,,,,,,,,,,,,781.5622403000016,781.5785890999832,782.5616637000348,782.5616637000348,782.5616637000348,782.5616637000348,782.5786136999959,783.5622172000003,783.5622172000003,785.1288238000125,c,1,1.5614560999674723,None,555,001,2025-10-02_16h29.54.576,Motor_sequence_exp,,2025.1.1,59.9087230510383,2025-10-02 16h30.02.859927 +0530,
-50,x,86,86,16,,,,,x,1,1.5307996000046842,None,,,,,16,86,86,0,785.1444835999864,,,,,,,,,,,,,,,,785.1292584000039,785.1444835999864,786.1292177999858,786.1292177999858,786.1292177999858,786.1292177999858,786.1458305999986,787.1293255999917,787.1293255999917,788.6621019000304,x,1,1.5307996000046842,None,555,001,2025-10-02_16h29.54.576,Motor_sequence_exp,,2025.1.1,59.9087230510383,2025-10-02 16h30.02.859927 +0530,
-150,z,87,87,19,,,,,z,1,1.835323499981314,None,,,,,19,87,87,3,788.6785724000074,,,,,,,,,,,,,,,,788.6625731000095,788.6785724000074,789.6624065000215,789.6624065000215,789.6624065000215,789.6624065000215,789.6782112999936,790.6627008999931,790.6627008999931,792.5135010000085,z,1,1.835323499981314,None,555,001,2025-10-02_16h29.54.576,Motor_sequence_exp,,2025.1.1,59.9087230510383,2025-10-02 16h30.02.859927 +0530,
50,c,88,88,18,,,,,c,1,1.4248174999956973,None,,,,,18,88,88,2,792.5282767000026,,,,,,,,,,,,,,,,792.5139697000268,792.5282767000026,793.5125986000057,793.5125986000057,793.5125986000057,793.5125986000057,793.5295003000065,794.5291541999904,794.5291541999904,795.9631294999854,c,1,1.4248174999956973,None,555,001,2025-10-02_16h29.54.576,Motor_sequence_exp,,2025.1.1,59.9087230510383,2025-10-02 16h30.02.859927 +0530,
50,c,89,89,19,,,,,c,1,1.236022100027185,None,,,,,19,89,89,2,795.9781817999901,,,,,,,,,,,,,,,,795.9636038999888,795.9781817999901,796.9624738999992,796.9624738999992,796.9624738999992,796.9624738999992,796.9791085000033,797.9619649000233,797.9619649000233,799.2121108000283,c,1,1.236022100027185,None,555,001,2025-10-02_16h29.54.576,Motor_sequence_exp,,2025.1.1,59.9087230510383,2025-10-02 16h30.02.859927 +0530,
-150,z,90,90,20,,,,,z,1,0.9386784000089392,None,,,,,20,90,90,3,799.2290358000319,,,,,,,,,,,,,,,,799.2126541000325,799.2290358000319,800.2131537999958,800.2131537999958,800.2131537999958,800.2131537999958,800.2288993000402,801.2122953000362,801.2122953000362,802.1619714000262,z,1,0.9386784000089392,None,555,001,2025-10-02_16h29.54.576,Motor_sequence_exp,,2025.1.1,59.9087230510383,2025-10-02 16h30.02.859927 +0530,
150,v,91,91,33,,,,,v,1,1.4010539999580942,None,,,,,33,91,91,1,802.1793106000405,,,,,,,,,,,,,,,,802.1627655000193,802.1793106000405,803.1626688000397,803.1626688000397,803.1626688000397,803.1626688000397,803.1793089000275,804.1620134999976,804.1620134999976,805.5790404999861,v,1,1.4010539999580942,None,555,001,2025-10-02_16h29.54.576,Motor_sequence_exp,,2025.1.1,59.9087230510383,2025-10-02 16h30.02.859927 +0530,
-50,x,92,92,17,,,,,x,1,2.5463645000127144,None,,,,,17,92,92,0,805.5951468999847,,,,,,,,,,,,,,,,805.5794987999834,805.5951468999847,806.5784661000362,806.5784661000362,806.5784661000362,806.5784661000362,806.59521270002,807.5796942000161,807.5796942000161,810.1292580000008,x,1,2.5463645000127144,None,555,001,2025-10-02_16h29.54.576,Motor_sequence_exp,,2025.1.1,59.9087230510383,2025-10-02 16h30.02.859927 +0530,
-50,x,93,93,18,,,,,x,1,1.1296494999551214,None,,,,,18,93,93,0,810.1455624999944,,,,,,,,,,,,,,,,810.1297264000168,810.1455624999944,811.1295538999839,811.1295538999839,811.1295538999839,811.1295538999839,811.1456638000091,812.1286103000166,812.1286103000166,813.2625331000309,x,1,1.1296494999551214,None,555,001,2025-10-02_16h29.54.576,Motor_sequence_exp,,2025.1.1,59.9087230510383,2025-10-02 16h30.02.859927 +0530,
-50,x,94,94,19,,,,,x,1,1.3667319000232965,None,,,,,19,94,94,0,813.2785985000082,,,,,,,,,,,,,,,,813.2632770999917,813.2785985000082,814.2625636000303,814.2625636000303,814.2625636000303,814.2625636000303,814.2783124999842,815.2625480000279,815.2625480000279,816.6456490000128,x,1,1.3667319000232965,None,555,001,2025-10-02_16h29.54.576,Motor_sequence_exp,,2025.1.1,59.9087230510383,2025-10-02 16h30.02.859927 +0530,
50,c,95,95,20,,,,,c,1,1.2752413999987766,None,,,,,20,95,95,2,816.6625517000211,,,,,,,,,,,,,,,,816.6461217000033,816.6625517000211,817.6453940999927,817.6453940999927,817.6453940999927,817.6453940999927,817.6626309999847,818.6458278000355,818.6458278000355,819.9302520999918,c,1,1.2752413999987766,None,555,001,2025-10-02_16h29.54.576,Motor_sequence_exp,,2025.1.1,59.9087230510383,2025-10-02 16h30.02.859927 +0530,
-150,z,96,96,21,,,,,z,1,1.957455600029789,None,,,,,21,96,96,3,819.9453222000157,,,,,,,,,,,,,,,,819.9310275000171,819.9453222000157,820.9459922999959,820.9459922999959,820.9459922999959,820.9459922999959,820.9459922999959,821.9297307000379,821.9297307000379,823.8957035000203,z,1,1.957455600029789,None,555,001,2025-10-02_16h29.54.576,Motor_sequence_exp,,2025.1.1,59.9087230510383,2025-10-02 16h30.02.859927 +0530,
150,v,97,97,34,,,,,v,1,0.9341567999799736,None,,,,,34,97,97,1,823.912608499988,,,,,,,,,,,,,,,,823.8963761000196,823.912608499988,824.8961887999903,824.8961887999903,824.8961887999903,824.8961887999903,824.9127996999887,825.8954744000221,825.8954744000221,826.8305828000302,v,1,0.9341567999799736,None,555,001,2025-10-02_16h29.54.576,Motor_sequence_exp,,2025.1.1,59.9087230510383,2025-10-02 16h30.02.859927 +0530,
-150,z,98,98,22,,,,,z,1,1.5818426000187173,None,,,,,22,98,98,3,826.8458062999998,,,,,,,,,,,,,,,,826.8313565999852,826.8458062999998,827.8465450000367,827.8465450000367,827.8465450000367,827.8465450000367,827.8465450000367,828.8461132000084,828.8461132000084,830.4291290999972,z,1,1.5818426000187173,None,555,001,2025-10-02_16h29.54.576,Motor_sequence_exp,,2025.1.1,59.9087230510383,2025-10-02 16h30.02.859927 +0530,
-150,z,99,99,23,,,,,z,1,0.8033031999948435,None,,,,,23,99,99,3,830.4459506000276,,,,,,,,,,,,,,,,830.4296148000285,830.4459506000276,831.429531300033,831.429531300033,831.429531300033,831.429531300033,831.4465629000333,832.4296867999947,832.4296867999947,833.245653400023,z,1,0.8033031999948435,None,555,001,2025-10-02_16h29.54.576,Motor_sequence_exp,,2025.1.1,59.9087230510383,2025-10-02 16h30.02.859927 +0530,
150,v,100,100,35,,,,,v,1,0.7783644000301138,None,,,,,35,100,100,1,833.2618339000037,,,,,,,,,,,,,,,,833.2461355000269,833.2618339000037,834.2467242000275,834.2467242000275,834.2467242000275,834.2467242000275,834.2629264999996,835.2468872999889,835.2468872999889,836.0300862999866,v,1,0.7783644000301138,None,555,001,2025-10-02_16h29.54.576,Motor_sequence_exp,,2025.1.1,59.9087230510383,2025-10-02 16h30.02.859927 +0530,
150,v,101,101,36,,,,,v,1,1.3453388000489213,None,,,,,36,101,101,1,836.0466136999894,,,,,,,,,,,,,,,,836.0305867000134,836.0466136999894,837.0300875999965,837.0300875999965,837.0300875999965,837.0300875999965,837.0462557999999,838.0302588000195,838.0302588000195,839.3799330000184,v,1,1.3453388000489213,None,555,001,2025-10-02_16h29.54.576,Motor_sequence_exp,,2025.1.1,59.9087230510383,2025-10-02 16h30.02.859927 +0530,
-150,z,102,102,24,,,,,z,1,1.0796005000011064,None,,,,,24,102,102,3,839.3955660000211,,,,,,,,,,,,,,,,839.3803669000044,839.3955660000211,840.3800097000203,840.3800097000203,840.3800097000203,840.3800097000203,840.3956607999862,841.3801826999988,841.3801826999988,842.4633708000183,z,1,1.0796005000011064,None,555,001,2025-10-02_16h29.54.576,Motor_sequence_exp,,2025.1.1,59.9087230510383,2025-10-02 16h30.02.859927 +0530,
50,c,103,103,21,,,,,c,1,1.3356309999944642,None,,,,,21,103,103,2,842.4790998999961,,,,,,,,,,,,,,,,842.4638394000358,842.4790998999961,843.4633590999874,843.4633590999874,843.4633590999874,843.4633590999874,843.4789297000389,844.4633359999862,844.4633359999862,845.8141954999883,c,1,1.3356309999944642,None,555,001,2025-10-02_16h29.54.576,Motor_sequence_exp,,2025.1.1,59.9087230510383,2025-10-02 16h30.02.859927 +0530,
-50,x,104,104,20,,,,,x,1,0.7322929999791086,None,,,,,20,104,104,0,845.8298100000247,,,,,,,,,,,,,,,,845.814933000016,845.8298100000247,846.829520600033,846.829520600033,846.829520600033,846.829520600033,846.829520600033,847.8138346000342,847.8138346000342,848.5471499999985,x,1,0.7322929999791086,None,555,001,2025-10-02_16h29.54.576,Motor_sequence_exp,,2025.1.1,59.9087230510383,2025-10-02 16h30.02.859927 +0530,
-150,z,105,105,25,,,,,z,1,0.7483315999852493,None,,,,,25,105,105,3,848.5624400000088,,,,,,,,,,,,,,,,848.5475951000117,848.5624400000088,849.5468820999959,849.5468820999959,849.5468820999959,849.5468820999959,849.5631381000276,850.5456677000038,850.5456677000038,851.2974214000278,z,1,0.7483315999852493,None,555,001,2025-10-02_16h29.54.576,Motor_sequence_exp,,2025.1.1,59.9087230510383,2025-10-02 16h30.02.859927 +0530,
50,c,106,106,22,,,,,v,0,1.0135949000250548,None,,,,,22,106,106,2,851.3125153000001,,,,,,,,,,,,,,,,851.2981281999964,851.3125153000001,852.2957178000361,852.2957178000361,852.2957178000361,852.2957178000361,852.3131892000092,853.297220700013,853.297220700013,854.3136156999972,v,0,1.0135949000250548,None,555,001,2025-10-02_16h29.54.576,Motor_sequence_exp,,2025.1.1,59.9087230510383,2025-10-02 16h30.02.859927 +0530,
50,c,107,107,23,,,,,c,1,2.515790300036315,None,,,,,23,107,107,2,854.3289464000263,,,,,,,,,,,,,,,,854.3143717999919,854.3289464000263,855.3130950999912,855.3130950999912,855.3130950999912,855.3130950999912,855.329264,856.3136456999928,856.3136456999928,858.8300403000321,c,1,2.515790300036315,None,555,001,2025-10-02_16h29.54.576,Motor_sequence_exp,,2025.1.1,59.9087230510383,2025-10-02 16h30.02.859927 +0530,
-50,x,108,108,21,,,,,x,1,0.9859246999840252,None,,,,,21,108,108,0,858.8463124000118,,,,,,,,,,,,,,,,858.8304937999928,858.8463124000118,859.8305271000136,859.8305271000136,859.8305271000136,859.8305271000136,859.8467462999979,860.8305940999999,860.8305940999999,861.8303485999932,x,1,0.9859246999840252,None,555,001,2025-10-02_16h29.54.576,Motor_sequence_exp,,2025.1.1,59.9087230510383,2025-10-02 16h30.02.859927 +0530,
150,v,109,109,37,,,,,v,1,0.8824561000219546,None,,,,,37,109,109,1,861.8466907999828,,,,,,,,,,,,,,,,861.8310685000033,861.8466907999828,862.8301173000364,862.8301173000364,862.8301173000364,862.8301173000364,862.8467876000213,863.830980800034,863.830980800034,864.7305522999959,v,1,0.8824561000219546,None,555,001,2025-10-02_16h29.54.576,Motor_sequence_exp,,2025.1.1,59.9087230510383,2025-10-02 16h30.02.859927 +0530,
150,v,110,110,38,,,,,v,1,1.2837975000147708,None,,,,,38,110,110,1,864.7468995000236,,,,,,,,,,,,,,,,864.7312856999924,864.7468995000236,865.7300481999991,865.7300481999991,865.7300481999991,865.7300481999991,865.7471918000374,866.7303274000296,866.7303274000296,868.0298720999854,v,1,1.2837975000147708,None,555,001,2025-10-02_16h29.54.576,Motor_sequence_exp,,2025.1.1,59.9087230510383,2025-10-02 16h30.02.859927 +0530,
50,c,111,111,24,,,,,c,1,1.59502639999846,None,,,,,24,111,111,2,868.047283700027,,,,,,,,,,,,,,,,868.0306040000287,868.047283700027,869.0304821000318,869.0304821000318,869.0304821000318,869.0304821000318,869.0466078000027,870.0305032000178,870.0305032000178,871.6304575999966,c,1,1.59502639999846,None,555,001,2025-10-02_16h29.54.576,Motor_sequence_exp,,2025.1.1,59.9087230510383,2025-10-02 16h30.02.859927 +0530,
-50,x,112,112,22,,,,,x,1,1.557541600021068,None,,,,,22,112,112,0,871.6464610000257,,,,,,,,,,,,,,,,871.6309727000189,871.6464610000257,872.6295830000308,872.6295830000308,872.6295830000308,872.6295830000308,872.6463078000234,873.6306971000158,873.6306971000158,875.1966116999974,x,1,1.557541600021068,None,555,001,2025-10-02_16h29.54.576,Motor_sequence_exp,,2025.1.1,59.9087230510383,2025-10-02 16h30.02.859927 +0530,
-50,x,113,113,23,,,,,x,1,0.8573806000058539,None,,,,,23,113,113,0,875.2137646999909,,,,,,,,,,,,,,,,875.1972085000016,875.2137646999909,876.1968384000356,876.1968384000356,876.1968384000356,876.1968384000356,876.214197400026,877.1972000999958,877.1972000999958,878.0632435000152,x,1,0.8573806000058539,None,555,001,2025-10-02_16h29.54.576,Motor_sequence_exp,,2025.1.1,59.9087230510383,2025-10-02 16h30.02.859927 +0530,
-50,x,114,114,24,,,,,x,1,0.8526145999785513,None,,,,,24,114,114,0,878.0795285000349,,,,,,,,,,,,,,,,878.0637650000281,878.0795285000349,879.0640621000202,879.0640621000202,879.0640621000202,879.0640621000202,879.0805577000137,880.0640851000207,880.0640851000207,880.9305448000086,x,1,0.8526145999785513,None,555,001,2025-10-02_16h29.54.576,Motor_sequence_exp,,2025.1.1,59.9087230510383,2025-10-02 16h30.02.859927 +0530,
-150,z,115,115,26,,,,,z,1,1.7178168999962509,None,,,,,26,115,115,3,880.9470092999982,,,,,,,,,,,,,,,,880.9310388999875,880.9470092999982,881.9304927000194,881.9304927000194,881.9304927000194,881.9304927000194,881.9468412999995,882.9304971999954,882.9304971999954,884.6634402000345,z,1,1.7178168999962509,None,555,001,2025-10-02_16h29.54.576,Motor_sequence_exp,,2025.1.1,59.9087230510383,2025-10-02 16h30.02.859927 +0530,
50,c,116,116,25,,,,,c,1,2.2711745999986306,None,,,,,25,116,116,2,884.6797524000285,,,,,,,,,,,,,,,,884.6641485000146,884.6797524000285,885.6627049000235,885.6627049000235,885.6627049000235,885.6627049000235,885.6804011000204,886.6635960999993,886.6635960999993,888.947490599996,c,1,2.2711745999986306,None,555,001,2025-10-02_16h29.54.576,Motor_sequence_exp,,2025.1.1,59.9087230510383,2025-10-02 16h30.02.859927 +0530,
50,c,117,117,26,,,,,c,1,0.7741251999977976,None,,,,,26,117,117,2,888.9635980000021,,,,,,,,,,,,,,,,888.9479434000095,888.9635980000021,889.9468924000394,889.9468924000394,889.9468924000394,889.9468924000394,889.9636585999979,890.9462225000025,890.9462225000025,891.7306295000017,c,1,0.7741251999977976,None,555,001,2025-10-02_16h29.54.576,Motor_sequence_exp,,2025.1.1,59.9087230510383,2025-10-02 16h30.02.859927 +0530,
-50,x,118,118,25,,,,,x,1,1.3900125999934971,None,,,,,25,118,118,0,891.7464044000371,,,,,,,,,,,,,,,,891.7313671000302,891.7464044000371,892.7310130000114,892.7310130000114,892.7310130000114,892.7310130000114,892.747930100013,893.7311943999957,893.7311943999957,895.1317593000131,x,1,1.3900125999934971,None,555,001,2025-10-02_16h29.54.576,Motor_sequence_exp,,2025.1.1,59.9087230510383,2025-10-02 16h30.02.859927 +0530,
-150,z,119,119,27,,,,,z,1,1.5774616000126116,None,,,,,27,119,119,3,895.1464689000277,,,,,,,,,,,,,,,,895.1325026000268,895.1464689000277,896.1474671000033,896.1474671000033,896.1474671000033,896.1474671000033,896.1474671000033,897.1299041000311,897.1299041000311,898.7139926000382,z,1,1.5774616000126116,None,555,001,2025-10-02_16h29.54.576,Motor_sequence_exp,,2025.1.1,59.9087230510383,2025-10-02 16h30.02.859927 +0530,
50,c,120,120,27,,,,,c,1,1.4500127999926917,None,,,,,27,120,120,2,898.7305626000161,,,,,,,,,,,,,,,,898.7147350999876,898.7305626000161,899.7144450999913,899.7144450999913,899.7144450999913,899.7144450999913,899.7303433000343,900.7146635000245,900.7146635000245,902.1809690000373,c,1,1.4500127999926917,None,555,001,2025-10-02_16h29.54.576,Motor_sequence_exp,,2025.1.1,59.9087230510383,2025-10-02 16h30.02.859927 +0530,
150,v,121,121,39,,,,,v,1,0.9580840000417084,None,,,,,39,121,121,1,902.1969854999916,,,,,,,,,,,,,,,,902.1815427999827,902.1969854999916,903.1801667999825,903.1801667999825,903.1801667999825,903.1801667999825,903.1979141000193,904.1982037000125,904.1982037000125,905.1644916000078,v,1,0.9580840000417084,None,555,001,2025-10-02_16h29.54.576,Motor_sequence_exp,,2025.1.1,59.9087230510383,2025-10-02 16h30.02.859927 +0530,
-150,z,122,122,28,,,,,z,1,0.8471223000087775,None,,,,,28,122,122,3,905.1812720000162,,,,,,,,,,,,,,,,905.1650458000368,905.1812720000162,906.181024599995,906.181024599995,906.181024599995,906.181024599995,906.181024599995,907.1638240999891,907.1638240999891,908.0147018000134,z,1,0.8471223000087775,None,555,001,2025-10-02_16h29.54.576,Motor_sequence_exp,,2025.1.1,59.9087230510383,2025-10-02 16h30.02.859927 +0530,
-50,x,123,123,26,,,,,x,1,1.0978479000041261,None,,,,,26,123,123,0,908.0300130000105,,,,,,,,,,,,,,,,908.0154590000166,908.0300130000105,909.0144116000156,909.0144116000156,909.0144116000156,909.0144116000156,909.0301390000386,910.0142186000012,910.0142186000012,911.1151171000092,x,1,1.0978479000041261,None,555,001,2025-10-02_16h29.54.576,Motor_sequence_exp,,2025.1.1,59.9087230510383,2025-10-02 16h30.02.859927 +0530,
50,c,124,124,28,,,,,c,1,0.9034516999963671,None,,,,,28,124,124,2,911.1304374000174,,,,,,,,,,,,,,,,911.1157975000096,911.1304374000174,912.130471099983,912.130471099983,912.130471099983,912.130471099983,912.130471099983,913.1304563999875,913.1304563999875,914.0478641000227,c,1,0.9034516999963671,None,555,001,2025-10-02_16h29.54.576,Motor_sequence_exp,,2025.1.1,59.9087230510383,2025-10-02 16h30.02.859927 +0530,
-150,z,125,125,29,,,,,z,1,0.6979217999614775,None,,,,,29,125,125,3,914.0634954000125,,,,,,,,,,,,,,,,914.0483868999872,914.0634954000125,915.0637773000053,915.0637773000053,915.0637773000053,915.0637773000053,915.0637773000053,916.0475649000145,916.0475649000145,916.748013400007,z,1,0.6979217999614775,None,555,001,2025-10-02_16h29.54.576,Motor_sequence_exp,,2025.1.1,59.9087230510383,2025-10-02 16h30.02.859927 +0530,
-50,x,126,126,27,,,,,x,1,0.8151230999501422,None,,,,,27,126,126,0,916.7628180999891,,,,,,,,,,,,,,,,916.748479700007,916.7628180999891,917.7479822000023,917.7479822000023,917.7479822000023,917.7479822000023,917.7649462000118,918.7480065000127,918.7480065000127,919.5651567000314,x,1,0.8151230999501422,None,555,001,2025-10-02_16h29.54.576,Motor_sequence_exp,,2025.1.1,59.9087230510383,2025-10-02 16h30.02.859927 +0530,
-50,x,127,127,28,,,,,x,1,1.1770795999909751,None,,,,,28,127,127,0,919.5809175000177,,,,,,,,,,,,,,,,919.5655896000098,919.5809175000177,920.580660400039,920.580660400039,920.580660400039,920.580660400039,920.580660400039,921.5847300000023,921.5847300000023,922.7654698999831,x,1,1.1770795999909751,None,555,001,2025-10-02_16h29.54.576,Motor_sequence_exp,,2025.1.1,59.9087230510383,2025-10-02 16h30.02.859927 +0530,
-50,x,128,128,29,,,,,x,1,0.8772017000010237,None,,,,,29,128,128,0,922.780731100007,,,,,,,,,,,,,,,,922.7659952000249,922.780731100007,923.7810238000238,923.7810238000238,923.7810238000238,923.7810238000238,923.7810238000238,924.7815123000182,924.7815123000182,925.6647090000333,x,1,0.8772017000010237,None,555,001,2025-10-02_16h29.54.576,Motor_sequence_exp,,2025.1.1,59.9087230510383,2025-10-02 16h30.02.859927 +0530,
-150,z,129,129,30,,,,,z,1,1.5518607999547385,None,,,,,30,129,129,3,925.6801070999936,,,,,,,,,,,,,,,,925.665211900021,925.6801070999936,926.6814713000203,926.6814713000203,926.6814713000203,926.6814713000203,926.6814713000203,927.6645497999853,927.6645497999853,929.231507199991,z,1,1.5518607999547385,None,555,001,2025-10-02_16h29.54.576,Motor_sequence_exp,,2025.1.1,59.9087230510383,2025-10-02 16h30.02.859927 +0530,
-150,z,130,130,31,,,,,z,1,0.7336507000145502,None,,,,,31,130,130,3,929.2476526999963,,,,,,,,,,,,,,,,929.2321608000202,929.2476526999963,930.231861200009,930.231861200009,930.231861200009,930.231861200009,930.2479885999928,931.2479178000358,931.2479178000358,931.9983046000125,z,1,0.7336507000145502,None,555,001,2025-10-02_16h29.54.576,Motor_sequence_exp,,2025.1.1,59.9087230510383,2025-10-02 16h30.02.859927 +0530,
-150,z,131,131,32,,,,,z,1,1.313523399992846,None,,,,,32,131,131,3,932.0137339000357,,,,,,,,,,,,,,,,931.9987778000068,932.0137339000357,932.9982308000326,932.9982308000326,932.9982308000326,932.9982308000326,933.0151335999835,933.9982596000191,933.9982596000191,935.3143302000244,z,1,1.313523399992846,None,555,001,2025-10-02_16h29.54.576,Motor_sequence_exp,,2025.1.1,59.9087230510383,2025-10-02 16h30.02.859927 +0530,
-50,x,132,132,30,,,,,x,1,1.2658364999806508,None,,,,,30,132,132,0,935.3310978999943,,,,,,,,,,,,,,,,935.314766000025,935.3310978999943,936.3153440000024,936.3153440000024,936.3153440000024,936.3153440000024,936.3314992000232,937.3154356000014,937.3154356000014,938.597942900029,x,1,1.2658364999806508,None,555,001,2025-10-02_16h29.54.576,Motor_sequence_exp,,2025.1.1,59.9087230510383,2025-10-02 16h30.02.859927 +0530,
150,v,133,133,40,,,,,v,1,1.3184179999516346,None,,,,,40,133,133,1,938.6145083000301,,,,,,,,,,,,,,,,938.598688500002,938.6145083000301,939.5986660000053,939.5986660000053,939.5986660000053,939.5986660000053,939.6147977000219,940.5976254999987,940.5976254999987,941.9318644999876,v,1,1.3184179999516346,None,555,001,2025-10-02_16h29.54.576,Motor_sequence_exp,,2025.1.1,59.9087230510383,2025-10-02 16h30.02.859927 +0530,
-50,x,134,134,31,,,,,x,1,1.636576899967622,None,,,,,31,134,134,0,941.9470753000351,,,,,,,,,,,,,,,,941.932380800019,941.9470753000351,942.9317267999868,942.9317267999868,942.9317267999868,942.9317267999868,942.9469828000292,943.9318224000162,943.9318224000162,945.5808258000179,x,1,1.636576899967622,None,555,001,2025-10-02_16h29.54.576,Motor_sequence_exp,,2025.1.1,59.9087230510383,2025-10-02 16h30.02.859927 +0530,
-150,z,135,135,33,,,,,z,1,1.353300600021612,None,,,,,33,135,135,3,945.5980118000298,,,,,,,,,,,,,,,,945.581480599998,945.5980118000298,946.5805294000311,946.5805294000311,946.5805294000311,946.5805294000311,946.5980802000267,947.5803120000055,947.5803120000055,948.9488243000233,z,1,1.353300600021612,None,555,001,2025-10-02_16h29.54.576,Motor_sequence_exp,,2025.1.1,59.9087230510383,2025-10-02 16h30.02.859927 +0530,
50,c,136,136,29,,,,,c,1,1.9182013000245206,None,,,,,29,136,136,2,948.9636819000007,,,,,,,,,,,,,,,,948.9495515000308,948.9636819000007,949.9481739000184,949.9481739000184,949.9481739000184,949.9481739000184,949.9640363000217,950.9484368999838,950.9484368999838,952.8817984000198,c,1,1.9182013000245206,None,555,001,2025-10-02_16h29.54.576,Motor_sequence_exp,,2025.1.1,59.9087230510383,2025-10-02 16h30.02.859927 +0530,
-50,x,137,137,32,,,,,x,1,1.0349494999973103,None,,,,,32,137,137,0,952.8985801000381,,,,,,,,,,,,,,,,952.8822682999889,952.8985801000381,953.8817680000211,953.8817680000211,953.8817680000211,953.8817680000211,953.8984793000272,954.8817988000228,954.8817988000228,955.9312712000101,x,1,1.0349494999973103,None,555,001,2025-10-02_16h29.54.576,Motor_sequence_exp,,2025.1.1,59.9087230510383,2025-10-02 16h30.02.859927 +0530,
-50,x,138,138,33,,,,,x,1,0.7244745999923907,None,,,,,33,138,138,0,955.9475420000381,,,,,,,,,,,,,,,,955.9319930000347,955.9475420000381,956.9319796999916,956.9319796999916,956.9319796999916,956.9319796999916,956.9487059999956,957.931847400032,957.931847400032,958.6652480000048,x,1,0.7244745999923907,None,555,001,2025-10-02_16h29.54.576,Motor_sequence_exp,,2025.1.1,59.9087230510383,2025-10-02 16h30.02.859927 +0530,
-50,x,139,139,34,,,,,x,1,0.648016799998004,None,,,,,34,139,139,0,958.6807082000305,,,,,,,,,,,,,,,,958.6657991000102,958.6807082000305,959.6650962000131,959.6650962000131,959.6650962000131,959.6650962000131,959.6810363000259,960.6652881000191,960.6652881000191,961.3152394000208,x,1,0.648016799998004,None,555,001,2025-10-02_16h29.54.576,Motor_sequence_exp,,2025.1.1,59.9087230510383,2025-10-02 16h30.02.859927 +0530,
50,c,140,140,30,,,,,c,1,1.0272698000189848,None,,,,,30,140,140,2,961.3309224999975,,,,,,,,,,,,,,,,961.3157002000371,961.3309224999975,962.3151941000251,962.3151941000251,962.3151941000251,962.3151941000251,962.3321282000397,963.3153130999999,963.3153130999999,964.3486080000293,c,1,1.0272698000189848,None,555,001,2025-10-02_16h29.54.576,Motor_sequence_exp,,2025.1.1,59.9087230510383,2025-10-02 16h30.02.859927 +0530,
50,c,141,141,31,,,,,c,1,0.7441323000239208,None,,,,,31,141,141,2,964.3641363999923,,,,,,,,,,,,,,,,964.3491257000132,964.3641363999923,965.34835320001,965.34835320001,965.34835320001,965.34835320001,965.3641856000177,966.3485336999875,966.3485336999875,967.0980858000112,c,1,0.7441323000239208,None,555,001,2025-10-02_16h29.54.576,Motor_sequence_exp,,2025.1.1,59.9087230510383,2025-10-02 16h30.02.859927 +0530,
-50,x,142,142,35,,,,,x,1,1.0431073000072502,None,,,,,35,142,142,0,967.1143337000394,,,,,,,,,,,,,,,,967.0985482000397,967.1143337000394,968.098844800028,968.098844800028,968.098844800028,968.098844800028,968.1156081000227,969.0985505999997,969.0985505999997,970.1483105000225,x,1,1.0431073000072502,None,555,001,2025-10-02_16h29.54.576,Motor_sequence_exp,,2025.1.1,59.9087230510383,2025-10-02 16h30.02.859927 +0530,
-50,x,143,143,36,,,,,x,1,1.09124919999158,None,,,,,36,143,143,0,970.1648602000205,,,,,,,,,,,,,,,,970.1488344999962,970.1648602000205,971.1481160999974,971.1481160999974,971.1481160999974,971.1481160999974,971.1677590000327,972.1488780000363,972.1488780000363,973.2496354000177,x,1,1.09124919999158,None,555,001,2025-10-02_16h29.54.576,Motor_sequence_exp,,2025.1.1,59.9087230510383,2025-10-02 16h30.02.859927 +0530,
150,v,144,144,41,,,,,v,1,1.5952320999931544,None,,,,,41,144,144,1,973.2648912000004,,,,,,,,,,,,,,,,973.2503688000143,973.2648912000004,974.2490627000225,974.2490627000225,974.2490627000225,974.2490627000225,974.2649136999971,975.248348299996,975.248348299996,976.8489912000368,v,1,1.5952320999931544,None,555,001,2025-10-02_16h29.54.576,Motor_sequence_exp,,2025.1.1,59.9087230510383,2025-10-02 16h30.02.859927 +0530,
50,c,145,145,32,,,,,v,0,0.7392989000072703,None,,,,,32,145,145,2,976.8649938000017,,,,,,,,,,,,,,,,976.8496970999986,976.8649938000017,977.8654340000357,977.8654340000357,977.8654340000357,977.8654340000357,977.8654340000357,978.8488999999827,978.8488999999827,979.5982934000203,v,0,0.7392989000072703,None,555,001,2025-10-02_16h29.54.576,Motor_sequence_exp,,2025.1.1,59.9087230510383,2025-10-02 16h30.02.859927 +0530,
-150,z,146,146,34,,,,,z,1,1.0748566999682225,None,,,,,34,146,146,3,979.6153034000308,,,,,,,,,,,,,,,,979.5989864000003,979.6153034000308,980.598769800039,980.598769800039,980.598769800039,980.598769800039,980.6150991999893,981.5988202000153,981.5988202000153,982.6823840999859,z,1,1.0748566999682225,None,555,001,2025-10-02_16h29.54.576,Motor_sequence_exp,,2025.1.1,59.9087230510383,2025-10-02 16h30.02.859927 +0530,
-150,z,147,147,35,,,,,z,1,1.2550562999676913,None,,,,,35,147,147,3,982.6983611999894,,,,,,,,,,,,,,,,982.6830979000079,982.6983611999894,983.6809477999923,983.6809477999923,983.6809477999923,983.6809477999923,983.6988585999934,984.6822205000208,984.6822205000208,985.9493586000171,z,1,1.2550562999676913,None,555,001,2025-10-02_16h29.54.576,Motor_sequence_exp,,2025.1.1,59.9087230510383,2025-10-02 16h30.02.859927 +0530,
-50,x,148,148,37,,,,,x,1,1.5682367999688722,None,,,,,37,148,148,0,985.9646827999968,,,,,,,,,,,,,,,,985.949923600012,985.9646827999968,986.9491685000248,986.9491685000248,986.9491685000248,986.9491685000248,986.9651631999877,987.9494778999942,987.9494778999942,989.5324839000241,x,1,1.5682367999688722,None,555,001,2025-10-02_16h29.54.576,Motor_sequence_exp,,2025.1.1,59.9087230510383,2025-10-02 16h30.02.859927 +0530,
-150,z,149,149,36,,,,,z,1,0.8642880000406876,None,,,,,36,149,149,3,989.5491315000108,,,,,,,,,,,,,,,,989.5329709000071,989.5491315000108,990.5326083999826,990.5326083999826,990.5326083999826,990.5326083999826,990.5480824999977,991.5316320999991,991.5316320999991,992.3987028999836,z,1,0.8642880000406876,None,555,001,2025-10-02_16h29.54.576,Motor_sequence_exp,,2025.1.1,59.9087230510383,2025-10-02 16h30.02.859927 +0530,
50,c,150,150,33,,,,,c,1,0.9200074000400491,None,,,,,33,150,150,2,992.4155198000371,,,,,,,,,,,,,,,,992.3991817000206,992.4155198000371,993.3978767000372,993.3978767000372,993.3978767000372,993.3978767000372,993.4157383000129,994.3980672000325,994.3980672000325,995.3331377999857,c,1,0.9200074000400491,None,555,001,2025-10-02_16h29.54.576,Motor_sequence_exp,,2025.1.1,59.9087230510383,2025-10-02 16h30.02.859927 +0530,
50,c,151,151,34,,,,,c,1,1.1867937000351958,None,,,,,34,151,151,2,995.3485253000399,,,,,,,,,,,,,,,,995.3335883999825,995.3485253000399,996.3318829000345,996.3318829000345,996.3318829000345,996.3318829000345,996.3490312999929,997.3328918000334,997.3328918000334,998.531908200006,c,1,1.1867937000351958,None,555,001,2025-10-02_16h29.54.576,Motor_sequence_exp,,2025.1.1,59.9087230510383,2025-10-02 16h30.02.859927 +0530,
50,c,152,152,35,,,,,c,1,1.1243958999984898,None,,,,,35,152,152,2,998.5488060000353,,,,,,,,,,,,,,,,998.5325520000188,998.5488060000353,999.5329843999934,999.5329843999934,999.5329843999934,999.5329843999934,999.5491665999871,1000.532233200036,1000.532233200036,1001.6654457999975,c,1,1.1243958999984898,None,555,001,2025-10-02_16h29.54.576,Motor_sequence_exp,,2025.1.1,59.9087230510383,2025-10-02 16h30.02.859927 +0530,
-150,z,153,153,37,,,,,z,1,1.975411899969913,None,,,,,37,153,153,3,1001.6818365000072,,,,,,,,,,,,,,,,1001.6659558000392,1001.6818365000072,1002.6650894000195,1002.6650894000195,1002.6650894000195,1002.6650894000195,1002.6823078999878,1003.6653154999949,1003.6653154999949,1005.6499501999933,z,1,1.975411899969913,None,555,001,2025-10-02_16h29.54.576,Motor_sequence_exp,,2025.1.1,59.9087230510383,2025-10-02 16h30.02.859927 +0530,
-150,z,154,154,38,,,,,z,1,1.2706911999848671,None,,,,,38,154,154,3,1005.6655714000226,,,,,,,,,,,,,,,,1005.6504695999902,1005.6655714000226,1006.6656293999986,1006.6656293999986,1006.6656293999986,1006.6656293999986,1006.6656293999986,1007.6498147000093,1007.6498147000093,1008.932314500038,z,1,1.2706911999848671,None,555,001,2025-10-02_16h29.54.576,Motor_sequence_exp,,2025.1.1,59.9087230510383,2025-10-02 16h30.02.859927 +0530,
-150,z,155,155,39,,,,,z,1,1.0285514000570402,None,,,,,39,155,155,3,1008.9483404000057,,,,,,,,,,,,,,,,1008.9330728999921,1008.9483404000057,1009.9326636000187,1009.9326636000187,1009.9326636000187,1009.9326636000187,1009.9489348999923,1010.9328389000148,1010.9328389000148,1011.9659945000312,z,1,1.0285514000570402,None,555,001,2025-10-02_16h29.54.576,Motor_sequence_exp,,2025.1.1,59.9087230510383,2025-10-02 16h30.02.859927 +0530,
50,c,156,156,36,,,,,c,1,1.898228799982462,None,,,,,36,156,156,2,1011.9817857000162,,,,,,,,,,,,,,,,1011.9665476999944,1011.9817857000162,1012.9656397000072,1012.9656397000072,1012.9656397000072,1012.9656397000072,1012.982385899988,1013.9662469000323,1013.9662469000323,1015.866400400002,c,1,1.898228799982462,None,555,001,2025-10-02_16h29.54.576,Motor_sequence_exp,,2025.1.1,59.9087230510383,2025-10-02 16h30.02.859927 +0530,
50,c,157,157,37,,,,,c,1,1.6373343999730423,None,,,,,37,157,157,2,1015.8814417000394,,,,,,,,,,,,,,,,1015.8668779000291,1015.8814417000394,1016.8662186000147,1016.8662186000147,1016.8662186000147,1016.8662186000147,1016.8822738000308,1017.8663317000028,1017.8663317000028,1019.5157065000385,c,1,1.6373343999730423,None,555,001,2025-10-02_16h29.54.576,Motor_sequence_exp,,2025.1.1,59.9087230510383,2025-10-02 16h30.02.859927 +0530,
-150,z,158,158,40,,,,,z,1,1.0913126000086777,None,,,,,40,158,158,3,1019.5325826000189,,,,,,,,,,,,,,,,1019.5162378000095,1019.5325826000189,1020.5166287000175,1020.5166287000175,1020.5166287000175,1020.5166287000175,1020.5323840000201,1021.5165392000345,1021.5165392000345,1022.6170516000129,z,1,1.0913126000086777,None,555,001,2025-10-02_16h29.54.576,Motor_sequence_exp,,2025.1.1,59.9087230510383,2025-10-02 16h30.02.859927 +0530,
50,c,159,159,38,,,,,c,1,1.1369934999966063,None,,,,,38,159,159,2,1022.6324541000067,,,,,,,,,,,,,,,,1022.6175065999851,1022.6324541000067,1023.6166004000115,1023.6166004000115,1023.6166004000115,1023.6166004000115,1023.6328956999932,1024.6157305000233,1024.6157305000233,1025.766242599988,c,1,1.1369934999966063,None,555,001,2025-10-02_16h29.54.576,Motor_sequence_exp,,2025.1.1,59.9087230510383,2025-10-02 16h30.02.859927 +0530,
-150,z,160,160,41,,,,,z,1,2.2175200000056066,None,,,,,41,160,160,3,1025.781788400025,,,,,,,,,,,,,,,,1025.7667409999995,1025.781788400025,1026.7662250000285,1026.7662250000285,1026.7662250000285,1026.7662250000285,1026.7818840999971,1027.7659940000158,1027.7659940000158,1029.9997548999963,z,1,2.2175200000056066,None,555,001,2025-10-02_16h29.54.576,Motor_sequence_exp,,2025.1.1,59.9087230510383,2025-10-02 16h30.02.859927 +0530,
-50,x,161,161,38,,,,,x,1,1.6950628999620676,None,,,,,38,161,161,0,1030.0150760000106,,,,,,,,,,,,,,,,1030.0005411999882,1030.0150760000106,1030.9987803000258,1030.9987803000258,1030.9987803000258,1030.9987803000258,1031.0164081000257,1031.9995647000032,1031.9995647000032,1033.6999462000094,x,1,1.6950628999620676,None,555,001,2025-10-02_16h29.54.576,Motor_sequence_exp,,2025.1.1,59.9087230510383,2025-10-02 16h30.02.859927 +0530,
50,c,162,162,39,,,,,c,1,2.473080999974627,None,,,,,39,162,162,2,1033.7154274000204,,,,,,,,,,,,,,,,1033.7006556999986,1033.7154274000204,1034.6997417000239,1034.6997417000239,1034.6997417000239,1034.6997417000239,1034.7152886000113,1035.699747000006,1035.699747000006,1038.1835357000236,c,1,2.473080999974627,None,555,001,2025-10-02_16h29.54.576,Motor_sequence_exp,,2025.1.1,59.9087230510383,2025-10-02 16h30.02.859927 +0530,
-50,x,163,163,39,,,,,x,1,1.972954299999401,None,,,,,39,163,163,0,1038.199341200001,,,,,,,,,,,,,,,,1038.1842480000341,1038.199341200001,1039.2000845000148,1039.2000845000148,1039.2000845000148,1039.2000845000148,1039.2000845000148,1040.18316960003,1040.18316960003,1042.1665525999852,x,1,1.972954299999401,None,555,001,2025-10-02_16h29.54.576,Motor_sequence_exp,,2025.1.1,59.9087230510383,2025-10-02 16h30.02.859927 +0530,
-50,x,164,164,40,,,,,x,1,1.7243075000005774,None,,,,,40,164,164,0,1042.1822658000165,,,,,,,,,,,,,,,,1042.1670075000147,1042.1822658000165,1043.1662612000364,1043.1662612000364,1043.1662612000364,1043.1662612000364,1043.1833682000288,1044.1834057000233,1044.1834057000233,1045.9166943000164,x,1,1.7243075000005774,None,555,001,2025-10-02_16h29.54.576,Motor_sequence_exp,,2025.1.1,59.9087230510383,2025-10-02 16h30.02.859927 +0530,
-150,z,165,165,42,,,,,z,1,2.3037178000085987,None,,,,,42,165,165,3,1045.9325401000096,,,,,,,,,,,,,,,,1045.917190200009,1045.9325401000096,1046.9164038000163,1046.9164038000163,1046.9164038000163,1046.9164038000163,1046.9319310000283,1047.9153862000094,1047.9153862000094,1050.2326270000194,z,1,2.3037178000085987,None,555,001,2025-10-02_16h29.54.576,Motor_sequence_exp,,2025.1.1,59.9087230510383,2025-10-02 16h30.02.859927 +0530,
50,c,166,166,40,,,,,c,1,0.9939523999928497,None,,,,,40,166,166,2,1050.2498295000405,,,,,,,,,,,,,,,,1050.233338400023,1050.2498295000405,1051.2338680000394,1051.2338680000394,1051.2338680000394,1051.2338680000394,1051.249794000003,1052.2329391000094,1052.2329391000094,1053.2331809999887,c,1,0.9939523999928497,None,555,001,2025-10-02_16h29.54.576,Motor_sequence_exp,,2025.1.1,59.9087230510383,2025-10-02 16h30.02.859927 +0530,
-150,z,167,167,43,,,,,z,1,1.353272000036668,None,,,,,43,167,167,3,1053.248785200005,,,,,,,,,,,,,,,,1053.233690300025,1053.248785200005,1054.233125800034,1054.233125800034,1054.233125800034,1054.233125800034,1054.2500774000073,1055.23328580003,1055.23328580003,1056.5994861000217,z,1,1.353272000036668,None,555,001,2025-10-02_16h29.54.576,Motor_sequence_exp,,2025.1.1,59.9087230510383,2025-10-02 16h30.02.859927 +0530,
150,v,168,168,42,,,,,v,1,1.1212081999983639,None,,,,,42,168,168,1,1056.6152757999953,,,,,,,,,,,,,,,,1056.6000014999881,1056.6152757999953,1057.5991394000011,1057.5991394000011,1057.5991394000011,1057.5991394000011,1057.616025299998,1058.5996521000052,1058.5996521000052,1059.7327936000074,v,1,1.1212081999983639,None,555,001,2025-10-02_16h29.54.576,Motor_sequence_exp,,2025.1.1,59.9087230510383,2025-10-02 16h30.02.859927 +0530,
150,v,169,169,43,,,,,v,1,0.8199880999745801,None,,,,,43,169,169,1,1059.7497402000008,,,,,,,,,,,,,,,,1059.7337198000168,1059.7497402000008,1060.7335538000334,1060.7335538000334,1060.7335538000334,1060.7335538000334,1060.7488581000362,1061.733478100039,1061.733478100039,1062.567043500021,v,1,0.8199880999745801,None,555,001,2025-10-02_16h29.54.576,Motor_sequence_exp,,2025.1.1,59.9087230510383,2025-10-02 16h30.02.859927 +0530,
150,v,170,170,44,,,,,v,1,1.342106100055389,None,,,,,44,170,170,1,1062.5826203000033,,,,,,,,,,,,,,,,1062.5675313000102,1062.5826203000033,1063.566676300019,1063.566676300019,1063.566676300019,1063.566676300019,1063.5829275000142,1064.5667214000132,1064.5667214000132,1065.9162705999915,v,1,1.342106100055389,None,555,001,2025-10-02_16h29.54.576,Motor_sequence_exp,,2025.1.1,59.9087230510383,2025-10-02 16h30.02.859927 +0530,
-50,x,171,171,41,,,,,x,1,0.9891442999942228,None,,,,,41,171,171,0,1065.9323528000386,,,,,,,,,,,,,,,,1065.9167308000033,1065.9323528000386,1066.917085300025,1066.917085300025,1066.917085300025,1066.917085300025,1066.9332960000029,1067.9170285,1067.9170285,1068.917428100016,x,1,0.9891442999942228,None,555,001,2025-10-02_16h29.54.576,Motor_sequence_exp,,2025.1.1,59.9087230510383,2025-10-02 16h30.02.859927 +0530,
50,c,172,172,41,,,,,c,1,0.8845960000180639,None,,,,,41,172,172,2,1068.9330856000306,,,,,,,,,,,,,,,,1068.9180074000033,1068.9330856000306,1069.9163432000205,1069.9163432000205,1069.9163432000205,1069.9163432000205,1069.9335472999956,1070.9162147000316,1070.9162147000316,1071.8166105999844,c,1,0.8845960000180639,None,555,001,2025-10-02_16h29.54.576,Motor_sequence_exp,,2025.1.1,59.9087230510383,2025-10-02 16h30.02.859927 +0530,
150,v,173,173,45,,,,,v,1,1.8200800999766216,None,,,,,45,173,173,1,1071.8334512999863,,,,,,,,,,,,,,,,1071.817123099987,1071.8334512999863,1072.8156827000203,1072.8156827000203,1072.8156827000203,1072.8156827000203,1072.8503835999873,1073.816595899989,1073.816595899989,1075.6501077000285,v,1,1.8200800999766216,None,555,001,2025-10-02_16h29.54.576,Motor_sequence_exp,,2025.1.1,59.9087230510383,2025-10-02 16h30.02.859927 +0530,
150,v,174,174,46,,,,,v,1,1.1861720000160858,None,,,,,46,174,174,1,1075.6660526000196,,,,,,,,,,,,,,,,1075.6508584999829,1075.6660526000196,1076.6494610999944,1076.6494610999944,1076.6494610999944,1076.6494610999944,1076.6669932000223,1077.6498632000294,1077.6498632000294,1078.8505220999941,v,1,1.1861720000160858,None,555,001,2025-10-02_16h29.54.576,Motor_sequence_exp,,2025.1.1,59.9087230510383,2025-10-02 16h30.02.859927 +0530,
50,c,175,175,42,,,,,c,1,1.4244657999952324,None,,,,,42,175,175,2,1078.8648404999985,,,,,,,,,,,,,,,,1078.851269899984,1078.8648404999985,1079.8499543000362,1079.8499543000362,1079.8499543000362,1079.8499543000362,1079.8670070000226,1080.8500064000254,1080.8500064000254,1082.2839538999833,c,1,1.4244657999952324,None,555,001,2025-10-02_16h29.54.576,Motor_sequence_exp,,2025.1.1,59.9087230510383,2025-10-02 16h30.02.859927 +0530,
50,c,176,176,43,,,,,c,1,1.2496849999879487,None,,,,,43,176,176,2,1082.2998337000026,,,,,,,,,,,,,,,,1082.2846688000136,1082.2998337000026,1083.283164900029,1083.283164900029,1083.283164900029,1083.283164900029,1083.3004178000265,1084.2834005000186,1084.2834005000186,1085.5338885000092,c,1,1.2496849999879487,None,555,001,2025-10-02_16h29.54.576,Motor_sequence_exp,,2025.1.1,59.9087230510383,2025-10-02 16h30.02.859927 +0530,
150,v,177,177,47,,,,,v,1,1.1804039999842644,None,,,,,47,177,177,1,1085.5492311000125,,,,,,,,,,,,,,,,1085.534374000039,1085.5492311000125,1086.5336121,1086.5336121,1086.5336121,1086.5336121,1086.5503745999886,1087.5506329000345,1087.5506329000345,1088.7342553000199,v,1,1.1804039999842644,None,555,001,2025-10-02_16h29.54.576,Motor_sequence_exp,,2025.1.1,59.9087230510383,2025-10-02 16h30.02.859927 +0530,
-50,x,178,178,42,,,,,x,1,1.4234339999966323,None,,,,,42,178,178,0,1088.7494940999895,,,,,,,,,,,,,,,,1088.7350151999854,1088.7494940999895,1089.7336100999964,1089.7336100999964,1089.7336100999964,1089.7336100999964,1089.7494626999833,1090.7336543999845,1090.7336543999845,1092.167837099987,x,1,1.4234339999966323,None,555,001,2025-10-02_16h29.54.576,Motor_sequence_exp,,2025.1.1,59.9087230510383,2025-10-02 16h30.02.859927 +0530,
-50,x,179,179,43,,,,,c,0,1.6168447000090964,None,,,,,43,179,179,0,1092.1839368999936,,,,,,,,,,,,,,,,1092.1684495999943,1092.1839368999936,1093.1673198000062,1093.1673198000062,1093.1673198000062,1093.1673198000062,1093.184025900031,1094.1839868000243,1094.1839868000243,1095.801566499984,c,0,1.6168447000090964,None,555,001,2025-10-02_16h29.54.576,Motor_sequence_exp,,2025.1.1,59.9087230510383,2025-10-02 16h30.02.859927 +0530,
50,c,180,180,44,,,,,v,0,0.901617499999702,None,,,,,44,180,180,2,1095.8168455000268,,,,,,,,,,,,,,,,1095.8020261999918,1095.8168455000268,1096.800202500017,1096.800202500017,1096.800202500017,1096.800202500017,1096.8173273000284,1097.8003748999909,1097.8003748999909,1098.7167343000183,v,0,0.901617499999702,None,555,001,2025-10-02_16h29.54.576,Motor_sequence_exp,,2025.1.1,59.9087230510383,2025-10-02 16h30.02.859927 +0530,
50,c,181,181,45,,,,,c,1,0.7663522000075318,None,,,,,45,181,181,2,1098.7334868999897,,,,,,,,,,,,,,,,1098.7172540000174,1098.7334868999897,1099.7174407999846,1099.7174407999846,1099.7174407999846,1099.7174407999846,1099.7343588999938,1100.7164248999907,1100.7164248999907,1101.5007758000284,c,1,0.7663522000075318,None,555,001,2025-10-02_16h29.54.576,Motor_sequence_exp,,2025.1.1,59.9087230510383,2025-10-02 16h30.02.859927 +0530,
-50,x,182,182,44,,,,,x,1,0.7394231999642216,None,,,,,44,182,182,0,1101.5165772000328,,,,,,,,,,,,,,,,1101.501589899999,1101.5165772000328,1102.500523900031,1102.500523900031,1102.500523900031,1102.500523900031,1102.5177552000387,1103.5008038000087,1103.5008038000087,1104.2502538000117,x,1,0.7394231999642216,None,555,001,2025-10-02_16h29.54.576,Motor_sequence_exp,,2025.1.1,59.9087230510383,2025-10-02 16h30.02.859927 +0530,
-150,z,183,183,44,,,,,z,1,0.7174237000290304,None,,,,,44,183,183,3,1104.266781400016,,,,,,,,,,,,,,,,1104.2509489000076,1104.266781400016,1105.2507867999957,1105.2507867999957,1105.2507867999957,1105.2507867999957,1105.2661738999886,1106.2496060000267,1106.2496060000267,1106.98444510001,z,1,0.7174237000290304,None,555,001,2025-10-02_16h29.54.576,Motor_sequence_exp,,2025.1.1,59.9087230510383,2025-10-02 16h30.02.859927 +0530,
50,c,184,184,46,,,,,c,1,1.8873370999936014,None,,,,,46,184,184,2,1107.0002960999846,,,,,,,,,,,,,,,,1106.9849285000237,1107.0002960999846,1107.9839396000025,1107.9839396000025,1107.9839396000025,1107.9839396000025,1108.0010891000275,1108.98395850003,1108.98395850003,1110.8849111000309,c,1,1.8873370999936014,None,555,001,2025-10-02_16h29.54.576,Motor_sequence_exp,,2025.1.1,59.9087230510383,2025-10-02 16h30.02.859927 +0530,
-50,x,185,185,45,,,,,c,0,1.4714903000276536,None,,,,,45,185,185,0,1110.8998026000336,,,,,,,,,,,,,,,,1110.8856769999838,1110.8998026000336,1111.883108799986,1111.883108799986,1111.883108799986,1111.883108799986,1111.9005955000175,1112.884302999999,1112.884302999999,1114.368132100033,c,0,1.4714903000276536,None,555,001,2025-10-02_16h29.54.576,Motor_sequence_exp,,2025.1.1,59.9087230510383,2025-10-02 16h30.02.859927 +0530,
50,c,186,186,47,,,,,c,1,0.7896210000035353,None,,,,,47,186,186,2,1114.3830634999904,,,,,,,,,,,,,,,,1114.368878600013,1114.3830634999904,1115.3675002999953,1115.3675002999953,1115.3675002999953,1115.3675002999953,1115.3835677999887,1116.3830037000007,1116.3830037000007,1117.1836974000325,c,1,0.7896210000035353,None,555,001,2025-10-02_16h29.54.576,Motor_sequence_exp,,2025.1.1,59.9087230510383,2025-10-02 16h30.02.859927 +0530,
-150,z,187,187,45,,,,,z,1,0.939325799990911,None,,,,,45,187,187,3,1117.2004189,,,,,,,,,,,,,,,,1117.1843585000024,1117.2004189,1118.1825181000168,1118.1825181000168,1118.1825181000168,1118.1825181000168,1118.2167509000283,1119.182897999999,1119.182897999999,1120.134620100027,z,1,0.939325799990911,None,555,001,2025-10-02_16h29.54.576,Motor_sequence_exp,,2025.1.1,59.9087230510383,2025-10-02 16h30.02.859927 +0530,
-50,x,188,188,46,,,,,x,1,1.7582149999798276,None,,,,,46,188,188,0,1120.151230700023,,,,,,,,,,,,,,,,1120.1353899000096,1120.151230700023,1121.1511334000388,1121.1511334000388,1121.1511334000388,1121.1511334000388,1121.1511334000388,1122.151219899999,1122.151219899999,1123.9177526999847,x,1,1.7582149999798276,None,555,001,2025-10-02_16h29.54.576,Motor_sequence_exp,,2025.1.1,59.9087230510383,2025-10-02 16h30.02.859927 +0530,
-50,x,189,189,47,,,,,x,1,0.9939316000090912,None,,,,,47,189,189,0,1123.9340691000107,,,,,,,,,,,,,,,,1123.9182176000322,1123.9340691000107,1124.9186916000326,1124.9186916000326,1124.9186916000326,1124.9186916000326,1124.934393500036,1125.9172633999842,1125.9172633999842,1126.9180594999925,x,1,0.9939316000090912,None,555,001,2025-10-02_16h29.54.576,Motor_sequence_exp,,2025.1.1,59.9087230510383,2025-10-02 16h30.02.859927 +0530,
-150,z,190,190,46,,,,,z,1,2.2156301999930292,None,,,,,46,190,190,3,1126.933903600031,,,,,,,,,,,,,,,,1126.9188189000124,1126.933903600031,1127.934516599984,1127.934516599984,1127.934516599984,1127.934516599984,1127.934516599984,1128.917706599983,1128.917706599983,1131.135183300008,z,1,2.2156301999930292,None,555,001,2025-10-02_16h29.54.576,Motor_sequence_exp,,2025.1.1,59.9087230510383,2025-10-02 16h30.02.859927 +0530,
-50,x,191,191,48,,,,,x,1,1.3903088999795727,None,,,,,48,191,191,0,1131.1505345000187,,,,,,,,,,,,,,,,1131.135582500021,1131.1505345000187,1132.1507594999857,1132.1507594999857,1132.1507594999857,1132.1507594999857,1132.1507594999857,1133.1514113000012,1133.1514113000012,1134.5515826999908,x,1,1.3903088999795727,None,555,001,2025-10-02_16h29.54.576,Motor_sequence_exp,,2025.1.1,59.9087230510383,2025-10-02 16h30.02.859927 +0530,
-50,x,192,192,49,,,,,x,1,0.8634028999949805,None,,,,,49,192,192,0,1134.5669740000158,,,,,,,,,,,,,,,,1134.5523492000066,1134.5669740000158,1135.5512563000084,1135.5512563000084,1135.5512563000084,1135.5512563000084,1135.566834199999,1136.55132530001,1136.55132530001,1137.4178884000285,x,1,0.8634028999949805,None,555,001,2025-10-02_16h29.54.576,Motor_sequence_exp,,2025.1.1,59.9087230510383,2025-10-02 16h30.02.859927 +0530,
-150,z,193,193,47,,,,,z,1,1.0791463000350632,None,,,,,47,193,193,3,1137.4341138000018,,,,,,,,,,,,,,,,1137.4186322999885,1137.4341138000018,1138.4185678000213,1138.4185678000213,1138.4185678000213,1138.4185678000213,1138.4342597000068,1139.418417100038,1139.418417100038,1140.5006306000287,z,1,1.0791463000350632,None,555,001,2025-10-02_16h29.54.576,Motor_sequence_exp,,2025.1.1,59.9087230510383,2025-10-02 16h30.02.859927 +0530,
50,c,194,194,48,,,,,c,1,1.041111099999398,None,,,,,48,194,194,2,1140.517181400035,,,,,,,,,,,,,,,,1140.5011238000006,1140.517181400035,1141.501588299987,1141.501588299987,1141.501588299987,1141.501588299987,1141.5175267999875,1142.5009620999917,1142.5009620999917,1143.552249500004,c,1,1.041111099999398,None,555,001,2025-10-02_16h29.54.576,Motor_sequence_exp,,2025.1.1,59.9087230510383,2025-10-02 16h30.02.859927 +0530,
150,v,195,195,48,,,,,v,1,1.2347729000030085,None,,,,,48,195,195,1,1143.5675398000167,,,,,,,,,,,,,,,,1143.5527299999958,1143.5675398000167,1144.5681729000062,1144.5681729000062,1144.5681729000062,1144.5681729000062,1144.5681729000062,1145.5510476999916,1145.5510476999916,1146.8008046000032,v,1,1.2347729000030085,None,555,001,2025-10-02_16h29.54.576,Motor_sequence_exp,,2025.1.1,59.9087230510383,2025-10-02 16h30.02.859927 +0530,
-150,z,196,196,48,,,,,z,1,0.997500299999956,None,,,,,48,196,196,3,1146.8179988000193,,,,,,,,,,,,,,,,1146.8015142999939,1146.8179988000193,1147.8006705000298,1147.8006705000298,1147.8006705000298,1147.8006705000298,1147.8174111000262,1148.8013886000263,1148.8013886000263,1149.8012108000112,z,1,0.997500299999956,None,555,001,2025-10-02_16h29.54.576,Motor_sequence_exp,,2025.1.1,59.9087230510383,2025-10-02 16h30.02.859927 +0530,
-150,z,197,197,49,,,,,z,1,1.1766612000064924,None,,,,,49,197,197,3,1149.8171428000205,,,,,,,,,,,,,,,,1149.8016696000122,1149.8171428000205,1150.800912000006,1150.800912000006,1150.800912000006,1150.800912000006,1150.8169911000296,1151.801279300009,1151.801279300009,1152.984101500013,z,1,1.1766612000064924,None,555,001,2025-10-02_16h29.54.576,Motor_sequence_exp,,2025.1.1,59.9087230510383,2025-10-02 16h30.02.859927 +0530,
50,c,198,198,49,,,,,c,1,2.2017958000069484,None,,,,,49,198,198,2,1153.0011901000398,,,,,,,,,,,,,,,,1152.9848138000234,1153.0011901000398,1153.9847783999867,1153.9847783999867,1153.9847783999867,1153.9847783999867,1154.0015909000067,1154.984863199992,1154.984863199992,1157.2008151999908,c,1,2.2017958000069484,None,555,001,2025-10-02_16h29.54.576,Motor_sequence_exp,,2025.1.1,59.9087230510383,2025-10-02 16h30.02.859927 +0530,
150,v,199,199,49,,,,,v,1,0.9647633999702521,None,,,,,49,199,199,1,1157.217877899995,,,,,,,,,,,,,,,,1157.2013359999983,1157.217877899995,1158.201719900011,1158.201719900011,1158.201719900011,1158.201719900011,1158.2179685999872,1159.2006773999892,1159.2006773999892,1160.1681935000233,v,1,0.9647633999702521,None,555,001,2025-10-02_16h29.54.576,Motor_sequence_exp,,2025.1.1,59.9087230510383,2025-10-02 16h30.02.859927 +0530,
